# Exported using wow.export v0.2.19
o 21138_ShopB32.obj
v -413.15380859375 -0.20781537890434265 -305.3691711425781
v -411.4768981933594 -0.39994746446609497 -305.41754150390625
v -414.6279296875 -0.20781537890434265 -305.3691711425781
v -402.3280334472656 -0.6881464719772339 -312.5244140625
v -402.07550048828125 -0.9660425186157227 -314.71075439453125
v -402.22662353515625 -0.7842122316360474 -310.2038269042969
v -414.6279296875 -0.20781666040420532 -324.12725830078125
v -412.2105712890625 -0.76875901222229 -323.9259338378906
v -411.8566589355469 -0.39479759335517883 -324.0601501464844
v -409.08538818359375 -0.5817785263061523 -323.9930419921875
v -411.6796875 -0.20781686902046204 -324.12725830078125
v -402.2783203125 -0.7739109396934509 -319.3518981933594
v -402.127197265625 -0.9557412266731262 -323.85882568359375
v -402.1013488769531 -0.960891842842102 -319.2847900390625
v -405.5804443359375 -0.39994746446609497 -305.41754150390625
v -405.17486572265625 -0.7842116951942444 -305.5143127441406
v -408.32586669921875 -0.5920795798301697 -305.4659423828125
v -402.0238342285156 -0.9763438105583191 -305.56268310546875
v -403.68780517578125 -0.9741880893707275 -305.56280517578125
v -402.83502197265625 -0.20781537890434265 -305.3691711425781
v -408.7314758300781 -0.20781537890434265 -305.3691711425781
v -405.78326416015625 -0.20781537890434265 -305.3691711425781
v -408.6798095703125 -0.9677211046218872 -305.5631408691406
v -405.351806640625 -0.9720324277877808 -305.56292724609375
v -402.6322326660156 -0.3999490737915039 -319.4861145019531
v -402.83502197265625 -0.2078169882297516 -319.437744140625
v -402.733642578125 -0.30388328433036804 -321.80670166015625
v -402.0238342285156 -0.9763438105583191 -305.56268310546875
v -402.83502197265625 -0.20781537890434265 -305.3691711425781
v -402.83502197265625 -0.20781564712524414 -307.71392822265625
v -402.429443359375 -0.5920801162719727 -310.15545654296875
v -402.429443359375 -0.5920806527137756 -314.844970703125
v -411.65386962890625 -0.5877681970596313 -305.4661560058594
v -412.0077819824219 -0.9634097814559937 -305.5633544921875
v -413.6717529296875 -0.9612541198730469 -305.5634765625
v -415.33575439453125 -0.9590983986854553 -305.5635986328125
v -402.83502197265625 -0.2078164517879486 -314.74822998046875
v -415.33575439453125 -0.9557395577430725 -323.85882568359375
v -414.6279296875 -0.20781666040420532 -324.12725830078125
v -414.6279296875 -0.2078164964914322 -321.7825012207031
v -402.83502197265625 -0.20781591534614563 -310.0587158203125
v -402.83502197265625 -0.20781618356704712 -312.4034729003906
v -404.30914306640625 -0.20781537890434265 -305.3691711425781
v -414.9818420410156 -0.581777811050415 -319.30352783203125
v -414.6279296875 -0.20781633257865906 -319.437744140625
v -414.6279296875 -0.20781618356704712 -317.0929870605469
v -410.20556640625 -0.2078169733285904 -324.12725830078125
v -408.7314758300781 -0.20781707763671875 -324.12725830078125
v -414.6279296875 -0.207816019654274 -314.74822998046875
v -415.1588134765625 -0.7687585353851318 -319.2364196777344
v -413.15380859375 -0.20781676471233368 -324.12725830078125
v -405.960205078125 -0.39479804039001465 -324.0601501464844
v -407.25738525390625 -0.2078171819448471 -324.12725830078125
v -405.78326416015625 -0.20781728625297546 -324.12725830078125
v -415.33575439453125 -0.9557395577430725 -323.85882568359375
v -408.7314758300781 -0.9557403922080994 -323.85882568359375
v -414.9818420410156 -0.5817774534225464 -314.614013671875
v -415.1588134765625 -0.7704379558563232 -310.08880615234375
v -415.33575439453125 -0.9582586884498596 -310.13739013671875
v -414.6279296875 -0.20781537890434265 -305.3691711425781
v -415.33575439453125 -0.9590983986854553 -305.5635986328125
v -414.7164001464844 -0.301305890083313 -307.68035888671875
v -414.80487060546875 -0.3947964310646057 -309.9915771484375
v -414.6279296875 -0.20781570672988892 -310.0587158203125
v -405.78326416015625 -0.5817789435386658 -323.9930419921875
v -405.4293212890625 -0.9557408094406128 -323.85882568359375
v -402.83502197265625 -0.20781750977039337 -324.12725830078125
v -414.7164001464844 -0.30130621790885925 -312.3699035644531
v -404.5050048828125 -6.238565921783447 -324.2077331542969
v -404.51922607421875 -6.5086188316345215 -324.00286865234375
v -404.5050048828125 -6.2385640144348145 -323.9647216796875
v -404.5224304199219 -6.508619785308838 -324.20770263671875
v -410.20556640625 -0.20781537890434265 -305.3691711425781
v -411.6796875 -0.20781537890434265 -305.3691711425781
v -404.4653015136719 -3.5796356201171875 -323.7839660644531
v -404.4449768066406 -2.820307970046997 -324.2077331542969
v -404.543212890625 -4.531580924987793 -324.2077331542969
v -407.25738525390625 -0.20781537890434265 -305.3691711425781
v -415.0703125 -0.6752679944038391 -316.92523193359375
v -408.974365234375 -5.622591018676758 -324.2077331542969
v -408.95599365234375 -0.97283935546875 -324.2077331542969
v -408.97430419921875 -5.622586250305176 -323.8974304199219
v -408.9559631347656 -0.9728355407714844 -323.84930419921875
v -408.9668273925781 -3.5796356201171875 -323.8778076171875
v -408.978515625 -6.508615493774414 -324.20770263671875
v -408.9762268066406 -6.18239688873291 -324.2077331542969
v -408.9845275878906 -6.508617877960205 -324.00286865234375
v -408.97430419921875 -5.921679973602295 -323.92333984375
v -408.9743347167969 -5.921684265136719 -324.2077331542969
v -414.6279296875 -0.20781554281711578 -307.71392822265625
v -414.6279296875 -0.20781585574150085 -312.4034729003906
v -415.33575439453125 -0.9574189782142639 -314.7112121582031
v -404.4449462890625 -2.8203041553497314 -323.6910705566406
v -415.33575439453125 -0.9565792679786682 -319.2850341796875
v -402.429443359375 -0.5920798778533936 -307.8106994628906
v -414.9818420410156 -0.5817779302597046 -321.6482849121094
v -415.2472839355469 -0.8647681474685669 -307.8262023925781
v -414.89337158203125 -0.48828694224357605 -312.30279541015625
v -404.30914306640625 -0.20781740546226501 -324.12725830078125
v -415.33575439453125 -0.9578388333320618 -312.42431640625
v -402.7843322753906 -0.2558504045009613 -322.96697998046875
v -402.83502197265625 -0.20781725645065308 -321.7825012207031
v -402.83502197265625 -0.20781750977039337 -324.12725830078125
v -415.0703125 -0.6769474148750305 -307.777587890625
v -402.08843994140625 -0.9634671807289124 -316.9977722167969
v -402.733642578125 -0.30388277769088745 -317.1171875
v -402.83502197265625 -0.2078167200088501 -317.0929870605469
v -402.37969970703125 -0.6778451204299927 -321.6724853515625
v -402.53082275390625 -0.49601486325263977 -317.16552734375
v -403.77825927734375 -0.9557410478591919 -323.85882568359375
v -402.127197265625 -0.9557412266731262 -323.85882568359375
v -402.0496826171875 -0.9711931943893433 -310.13671875
v -415.33575439453125 -0.9557395577430725 -323.85882568359375
v -413.83349609375 -1.615987777709961 -323.826904296875
v -412.98968505859375 -1.2901376485824585 -323.8404846191406
v -402.0042724609375 -1.7769920825958252 -322.688720703125
v -402.127197265625 -0.9557412266731262 -323.85882568359375
v -401.7545471191406 -3.5796236991882324 -323.77374267578125
v -415.428466796875 -1.6125504970550537 -314.75390625
v -415.428466796875 -1.6133900880813599 -310.18011474609375
v -415.4748229980469 -1.9405360221862793 -312.4883728027344
v -415.52117919921875 -2.267681837081909 -314.796630859375
v -415.3821105957031 -1.28624427318573 -307.8718566894531
v -415.33575439453125 -0.9590983986854553 -305.5635986328125
v -415.5675048828125 -2.5965070724487305 -307.957275390625
v -415.33575439453125 -0.9582586884498596 -310.13739013671875
v -415.5675354003906 -2.5956673622131348 -312.53106689453125
v -415.7065734863281 -3.5796308517456055 -314.7537841796875
v -415.4748229980469 -1.9396963119506836 -317.06219482421875
v -415.428466796875 -1.611710786819458 -319.3277282714844
v -415.3821105957031 -1.2837251424789429 -321.59326171875
v -415.5675048828125 -2.5956740379333496 -321.5504150390625
v -415.33575439453125 -0.9557395577430725 -323.85882568359375
v -415.66021728515625 -3.251645088195801 -317.0193176269531
v -415.7065734863281 -3.579634189605713 -319.263427734375
v -415.6138916015625 -2.923659563064575 -319.28485107421875
v -401.85552978515625 -2.6033935546875 -316.944580078125
v -401.753662109375 -3.579623222351074 -314.754150390625
v -401.8891906738281 -2.2779836654663086 -314.668212890625
v -401.94866943359375 -1.947422981262207 -316.96588134765625
v -401.7873229980469 -3.2542130947113037 -312.4777526855469
v -401.75323486328125 -3.579622745513916 -310.24432373046875
v -401.82098388671875 -2.928802967071533 -310.20135498046875
v -401.9228515625 -1.9525736570358276 -312.391845703125
v -401.98236083984375 -1.6220130920410156 -314.6894836425781
v -401.9565124511719 -1.6271636486053467 -310.1154479980469
v -401.99017333984375 -1.3017537593841553 -307.83905029296875
v -401.8546447753906 -2.603393077850342 -307.92498779296875
v -402.0238342285156 -0.9763438105583191 -305.56268310546875
v -401.2509765625 -6.50861930847168 -324.0028991699219
v -401.2509765625 -6.508620262145996 -319.4267578125
v -401.313720703125 -6.142495155334473 -317.1432189941406
v -401.2509765625 -6.508620738983154 -314.85064697265625
v -416.2119445800781 -6.508616924285889 -319.4267578125
v -416.2119445800781 -6.5086164474487305 -321.7148132324219
v -416.1487731933594 -6.142494201660156 -321.68609619140625
v -416.2119445800781 -6.508615970611572 -324.00286865234375
v -402.67138671875 -3.5739264488220215 -305.7164611816406
v -403.59002685546875 -3.568230152130127 -305.6983947753906
v -404.7099304199219 -2.9252350330352783 -305.6983947753906
v -416.1487731933594 -6.142495155334473 -317.1099853515625
v -416.0856018066406 -5.776371955871582 -319.36932373046875
v -416.2119445800781 -6.508617877960205 -314.85064697265625
v -416.0224304199219 -5.410250186920166 -317.05255126953125
v -403.1298828125 -4.637181282043457 -305.6983947753906
v -401.7545471191406 -3.579622983932495 -323.7413635253906
v -403.28607177734375 -1.8880226612091064 -323.77496337890625
v -403.0997314453125 -3.1999635696411133 -323.7162170410156
v -404.4449462890625 -2.8203041553497314 -323.6910705566406
v -404.4653015136719 -3.5796356201171875 -323.7839660644531
v -415.8329162597656 -4.311882972717285 -319.2544250488281
v -415.9908447265625 -5.2271881103515625 -320.47027587890625
v -415.8960876464844 -4.678004741668701 -321.57122802734375
v -415.7697448730469 -3.9457602500915527 -321.5137634277344
v -415.7065734863281 -3.579637289047241 -323.7731018066406
v -401.2509765625 -6.5086212158203125 -310.2745361328125
v -401.2510070800781 -6.508622169494629 -305.6983947753906
v -401.2823486328125 -6.325558662414551 -311.4208068847656
v -415.92767333984375 -4.861066818237305 -318.15350341796875
v -415.8960876464844 -4.678005695343018 -316.9950866699219
v -416.0856018066406 -5.776373863220215 -310.2170715332031
v -416.1487731933594 -6.142496109008789 -312.53387451171875
v -416.0224304199219 -5.410251140594482 -312.4764099121094
v -415.92767333984375 -4.8610639572143555 -311.35577392578125
v -415.9592590332031 -5.04412841796875 -314.7357482910156
v -416.05401611328125 -5.5933122634887695 -313.63482666015625
v -401.313720703125 -6.1424970626831055 -307.990966796875
v -401.37646484375 -5.776371479034424 -310.2835693359375
v -401.43914794921875 -5.410245418548584 -317.1522521972656
v -401.50189208984375 -5.044120788574219 -314.86871337890625
v -401.3764343261719 -5.776370048522949 -319.435791015625
v -401.53369140625 -4.861058712005615 -318.23675537109375
v -401.50189208984375 -5.044121742248535 -310.2926025390625
v -401.4391784667969 -5.410246849060059 -308
v -401.50189208984375 -5.044122219085693 -305.7164611816406
v -401.313720703125 -6.142496109008789 -312.5671081542969
v -401.4391784667969 -5.410245895385742 -312.5761413574219
v -401.6900634765625 -3.945746898651123 -308.01806640625
v -401.5646057128906 -4.677996635437012 -308.009033203125
v -401.7527770996094 -3.579622507095337 -305.7345275878906
v -401.6273193359375 -4.311871528625488 -310.3016357421875
v -415.8329162597656 -4.31187629699707 -310.235107421875
v -415.7697448730469 -3.9457502365112305 -307.9847717285156
v -415.8960876464844 -4.677999019622803 -307.97576904296875
v -415.7065734863281 -3.5796241760253906 -305.73443603515625
v -415.7065734863281 -3.579627513885498 -310.2441101074219
v -401.69049072265625 -3.9457473754882812 -312.52789306640625
v -401.5646057128906 -4.6779961585998535 -312.5851745605469
v -401.62823486328125 -4.311872482299805 -319.32122802734375
v -401.69140625 -3.9457480907440186 -321.5474853515625
v -401.56549072265625 -4.677996635437012 -321.6047668457031
v -401.75408935546875 -3.5796234607696533 -319.2639465332031
v -401.50189208984375 -5.044122219085693 -305.7164611816406
v -402.1904296875 -5.572901725769043 -305.6983947753906
v -401.2510070800781 -6.508622169494629 -305.6983947753906
v -403.26715087890625 -6.508623123168945 -305.6983947753906
v -402.0418395996094 -1.291452407836914 -316.98712158203125
v -402.1013488769531 -0.960891842842102 -319.2847900390625
v -402.0081787109375 -1.616862416267395 -319.2635192871094
v -402.0159912109375 -1.2966030836105347 -312.4130859375
v -402.07550048828125 -0.9660425186157227 -314.71075439453125
v -402.06768798828125 -1.286301851272583 -321.5611572265625
v -401.8218688964844 -2.9288036823272705 -319.2209777832031
v -401.94476318359375 -2.1075527667999268 -320.39105224609375
v -401.88134765625 -2.598242998123169 -321.51861572265625
v -401.7882080078125 -3.254213809967041 -321.49737548828125
v -415.6138916015625 -2.9236531257629395 -310.2655334472656
v -415.49798583984375 -2.1049485206604004 -309.0686950683594
v -415.66021728515625 -3.251638650894165 -308
v -415.3821105957031 -1.2845648527145386 -317.01947021484375
v -415.33575439453125 -0.9574189782142639 -314.7112121582031
v -415.4052734375 -1.4489774703979492 -313.59979248046875
v -415.3821105957031 -1.2854045629501343 -312.4456787109375
v -415.66021728515625 -3.251648426055908 -321.52899169921875
v -415.49798583984375 -2.1036925315856934 -320.4390869140625
v -401.786865234375 -3.2542128562927246 -307.96795654296875
v -401.90557861328125 -2.1152782440185547 -309.02020263671875
v -410.6573486328125 -5.336169242858887 -323.8776550292969
v -410.7837219238281 -6.068413734436035 -323.9432373046875
v -408.97430419921875 -5.921679973602295 -323.92333984375
v -412.3404235839844 -4.7506585121154785 -323.83197021484375
v -412.3404235839844 -4.60111141204834 -323.81903076171875
v -414.02349853515625 -4.16514778137207 -323.78631591796875
v -414.14984130859375 -4.897392272949219 -323.85186767578125
v -415.70654296875 -3.579636812210083 -323.7406311035156
v -414.02349853515625 -4.090373992919922 -323.77984619140625
v -415.33575439453125 -0.9578388333320618 -312.42431640625
v -402.08843994140625 -0.9634671807289124 -316.9977722167969
v -415.7065734863281 -3.5796241760253906 -305.73443603515625
v -413.35980224609375 -3.834519386291504 -305.7254333496094
v -413.32794189453125 -4.311873435974121 -305.7254333496094
v -411.0130310058594 -4.089414596557617 -305.7164306640625
v -413.23736572265625 -3.576775312423706 -305.7254333496094
v -410.6517333984375 -3.5796358585357666 -323.843505859375
v -410.6490478515625 -2.927935838699341 -323.8363952636719
v -412.336669921875 -3.5796360969543457 -323.8092041015625
v -408.9668273925781 -3.5796356201171875 -323.8778076171875
v -410.65362548828125 -4.090373516082764 -323.8484191894531
v -410.5509033203125 -0.9685615301132202 -323.8516845703125
v -410.64361572265625 -1.6245357990264893 -323.8221435546875
v -408.9559631347656 -0.9728355407714844 -323.84930419921875
v -412.1458740234375 -0.964287519454956 -323.85406494140625
v -401.6909484863281 -3.9457478523254395 -317.0376892089844
v -401.313720703125 -6.1424946784973145 -321.7193603515625
v -415.7697448730469 -3.945753574371338 -312.49444580078125
v -416.2119445800781 -6.508619785308838 -305.6983947753906
v -416.1487731933594 -6.1424970626831055 -307.9577331542969
v -413.45428466796875 -5.044122219085693 -305.7164306640625
v -416.2119445800781 -6.508619785308838 -305.6983947753906
v -410.94927978515625 -5.044122219085693 -305.7164306640625
v -411.20196533203125 -6.508620262145996 -305.6983947753906
v -413.0519714355469 -2.266512393951416 -305.6400146484375
v -415.33575439453125 -0.9590983986854553 -305.5635986328125
v -410.5827941894531 -2.2636637687683105 -305.6309814453125
v -410.7681884765625 -3.5739264488220215 -305.7164306640625
v -416.2119445800781 -6.5086188316345215 -310.2745361328125
v -408.57061767578125 -5.776371002197266 -305.7073974609375
v -406.3194885253906 -4.5992045402526855 -305.6983947753906
v -406.19195556640625 -6.508620262145996 -305.6983947753906
v -414.0216064453125 -3.579636573791504 -323.77490234375
v -414.0188903808594 -2.927936553955078 -323.767822265625
v -408.206298828125 -2.9159464836120605 -305.6646728515625
v -407.92633056640625 -2.7551980018615723 -305.6646728515625
v -405.829833984375 -3.5682289600372314 -305.6983947753906
v -410.0228271484375 -1.942166805267334 -305.6309814453125
v -407.36639404296875 -2.4337010383605957 -305.6646728515625
v -412.33123779296875 -2.276236057281494 -323.79498291015625
v -408.97430419921875 -5.622586250305176 -323.8974304199219
v -408.6798095703125 -0.9677211046218872 -305.5631408691406
v -412.0077819824219 -0.9634097814559937 -305.5633544921875
v -402.0496826171875 -0.9711931943893433 -310.13671875
v -415.33575439453125 -0.9565792679786682 -319.2850341796875
v -403.36688232421875 -1.950789451599121 -305.63055419921875
v -406.0233459472656 -1.4592552185058594 -305.59686279296875
v -405.351806640625 -0.9720324277877808 -305.56292724609375
v -408.29901123046875 -3.571077823638916 -305.7073974609375
v -408.666259765625 -4.3443098068237305 -305.7073974609375
v -408.5438232421875 -4.0865654945373535 -305.7073974609375
v -408.6343994140625 -4.8216633796691895 -305.7073974609375
v -412.6792907714844 -1.4506325721740723 -305.5972900390625
v -413.6717529296875 -0.9612541198730469 -305.5634765625
v -403.2313537597656 -3.2524287700653076 -305.7164611816406
v -401.7527770996094 -3.579622507095337 -305.7345275878906
v -403.10992431640625 -3.579629421234131 -323.7626647949219
v -403.1297607421875 -4.909093379974365 -323.85302734375
v -412.95928955078125 -1.6113810539245605 -305.5972900390625
v -406.69488525390625 -1.9464781284332275 -305.6307678222656
v -402.0238342285156 -0.9763438105583191 -305.56268310546875
v -403.68780517578125 -0.9741880893707275 -305.56280517578125
v -410.6573486328125 -5.111848831176758 -323.85821533203125
v -408.69696044921875 -6.508620262145996 -305.6983947753906
v -416.2119445800781 -6.508615970611572 -324.00286865234375
v -412.5931396484375 -6.215147972106934 -323.9631042480469
v -408.9845275878906 -6.508617877960205 -324.00286865234375
v -413.70697021484375 -6.508620262145996 -305.6983947753906
v -415.54437255859375 -2.4320945739746094 -311.376953125
v -412.5982360839844 -6.508616924285889 -324.00286865234375
v -415.66021728515625 -3.2516419887542725 -312.5096435546875
v -415.5675354003906 -2.595670700073242 -317.0407409667969
v -415.54437255859375 -2.43167781829834 -318.17352294921875
v -401.78778076171875 -3.254213333129883 -316.987548828125
v -401.8551025390625 -2.603393316268921 -312.4347839355469
v -401.8719177246094 -2.440688371658325 -311.2966003417969
v -402.44134521484375 -4.108401775360107 -305.7164611816406
v -403.16741943359375 -0.9557411670684814 -323.85406494140625
v -402.127197265625 -0.9557412266731262 -323.85882568359375
v -404.2076416015625 -0.9557410478591919 -323.84930419921875
v -402.25909423828125 -6.508622646331787 -305.6983947753906
v -401.88525390625 -2.438113212585449 -318.09344482421875
v -401.81793212890625 -3.0889334678649902 -322.64617919921875
v -401.5650634765625 -4.677996635437012 -317.094970703125
v -401.5495910644531 -4.769527435302734 -319.9207763671875
v -415.8960876464844 -4.67800235748291 -312.48541259765625
v -415.911865234375 -4.76953125 -309.665771484375
v -415.7697448730469 -3.9457569122314453 -317.00408935546875
v -416.2119445800781 -6.508617401123047 -317.1387023925781
v -416.2119445800781 -6.508618354797363 -312.5625915527344
v -401.2509765625 -6.50861930847168 -324.0028991699219
v -404.5050048828125 -6.2385640144348145 -323.9647216796875
v -404.51922607421875 -6.5086188316345215 -324.00286865234375
v -412.2385559082031 -1.620261788368225 -323.82452392578125
v -403.59002685546875 -3.568230628967285 -304.24627685546875
v -403.59002685546875 -3.568230152130127 -305.6983947753906
v -403.1298828125 -4.637181282043457 -305.6983947753906
v -403.1298828125 -4.637181758880615 -304.24627685546875
v -406.3194580078125 -4.5992045402526855 -304.24627685546875
v -406.3194885253906 -4.5992045402526855 -305.6983947753906
v -405.829833984375 -3.5682289600372314 -305.6983947753906
v -405.829833984375 -3.568230152130127 -304.24627685546875
v -404.7099304199219 -2.925236225128174 -304.24627685546875
v -404.7099304199219 -2.9252350330352783 -305.6983947753906
v -404.14996337890625 -3.2467331886291504 -304.97235107421875
v -406.2557373046875 -5.5539116859436035 -304.97235107421875
v -406.19195556640625 -6.5086188316345215 -304.24627685546875
v -406.19195556640625 -6.508620262145996 -305.6983947753906
v -404.2142639160156 -0.97283935546875 -324.2077331542969
v -404.4449768066406 -2.820307970046997 -324.2077331542969
v -404.2076416015625 -0.9557410478591919 -323.84930419921875
v -404.4449462890625 -2.8203041553497314 -323.6910705566406
v -403.1985168457031 -5.572902679443359 -304.97235107421875
v -403.26715087890625 -6.508623123168945 -305.6983947753906
v -403.26715087890625 -6.508622646331787 -304.24627685546875
v -405.2698974609375 -3.246732711791992 -304.97235107421875
v -404.30914306640625 -0.20781581103801727 -310.0587158203125
v -404.30914306640625 -0.20781554281711578 -307.71392822265625
v -405.04620361328125 -0.20781561732292175 -308.8863220214844
v -411.6796875 -0.20781570672988892 -310.0587158203125
v -410.20556640625 -0.20781570672988892 -310.0587158203125
v -410.20556640625 -0.20781554281711578 -307.71392822265625
v -408.7314758300781 -0.20781570672988892 -310.0587158203125
v -410.20556640625 -0.20781585574150085 -312.4034729003906
v -411.6796875 -0.20781537890434265 -305.3691711425781
v -411.6796875 -0.20781554281711578 -307.71392822265625
v -413.15380859375 -0.20781554281711578 -307.71392822265625
v -411.6796875 -0.20781585574150085 -312.4034729003906
v -413.15380859375 -0.20781585574150085 -312.4034729003906
v -411.6796875 -0.207816019654274 -314.74822998046875
v -414.6279296875 -0.20781570672988892 -310.0587158203125
v -414.6279296875 -0.20781585574150085 -312.4034729003906
v -414.6279296875 -0.20781537890434265 -305.3691711425781
v -414.6279296875 -0.20781554281711578 -307.71392822265625
v -413.15380859375 -0.20781537890434265 -305.3691711425781
v -408.7314758300781 -0.20781537890434265 -305.3691711425781
v -408.7314758300781 -0.20781554281711578 -307.71392822265625
v -407.25738525390625 -0.20781554281711578 -307.71392822265625
v -407.25738525390625 -0.20781537890434265 -305.3691711425781
v -410.20556640625 -0.20781537890434265 -305.3691711425781
v -407.25738525390625 -0.20781639218330383 -317.0929870605469
v -405.78326416015625 -0.2078162431716919 -314.74822998046875
v -407.25738525390625 -0.20781612396240234 -314.74822998046875
v -408.7314758300781 -0.207816019654274 -314.74822998046875
v -407.25738525390625 -0.20781585574150085 -312.4034729003906
v -408.7314758300781 -0.20781627297401428 -317.0929870605469
v -408.7314758300781 -0.20781654119491577 -319.437744140625
v -410.20556640625 -0.20781618356704712 -317.0929870605469
v -402.83502197265625 -0.2078164517879486 -314.74822998046875
v -404.30914306640625 -0.20781607925891876 -312.4034729003906
v -410.20556640625 -0.2078169733285904 -324.12725830078125
v -410.942626953125 -0.20781677961349487 -322.95489501953125
v -411.6796875 -0.20781686902046204 -324.12725830078125
v -410.20556640625 -0.2078167051076889 -321.7825012207031
v -411.6796875 -0.20781660079956055 -321.7825012207031
v -412.416748046875 -0.2078166902065277 -322.95489501953125
v -413.15380859375 -0.2078164964914322 -321.7825012207031
v -413.15380859375 -0.20781676471233368 -324.12725830078125
v -413.890869140625 -0.20781594514846802 -313.57586669921875
v -414.6279296875 -0.207816019654274 -314.74822998046875
v -413.15380859375 -0.207816019654274 -314.74822998046875
v -413.890869140625 -0.20781609416007996 -315.92059326171875
v -413.15380859375 -0.20781618356704712 -317.0929870605469
v -414.6279296875 -0.20781618356704712 -317.0929870605469
v -412.416748046875 -0.20781642198562622 -320.610107421875
v -411.6796875 -0.20781633257865906 -319.437744140625
v -413.15380859375 -0.20781633257865906 -319.437744140625
v -404.30914306640625 -0.20781660079956055 -317.0929870605469
v -405.78326416015625 -0.20781676471233368 -319.437744140625
v -407.25738525390625 -0.2078169286251068 -321.7825012207031
v -405.78326416015625 -0.20781570672988892 -310.0587158203125
v -402.83502197265625 -0.20781618356704712 -312.4034729003906
v -413.890869140625 -0.2078162580728531 -318.265380859375
v -414.6279296875 -0.20781633257865906 -319.437744140625
v -405.78326416015625 -0.2078159749507904 -312.4034729003906
v -405.78326416015625 -0.20781537890434265 -305.3691711425781
v -405.78326416015625 -0.20781554281711578 -307.71392822265625
v -404.30914306640625 -0.20781537890434265 -305.3691711425781
v -406.52032470703125 -0.20781546831130981 -306.54156494140625
v -411.6796875 -0.20781618356704712 -317.0929870605469
v -403.57208251953125 -0.2078160047531128 -311.2310791015625
v -402.83502197265625 -0.20781591534614563 -310.0587158203125
v -407.25738525390625 -0.20781570672988892 -310.0587158203125
v -406.52032470703125 -0.20781561732292175 -308.8863220214844
v -405.78326416015625 -0.20781701803207397 -321.7825012207031
v -405.78326416015625 -0.20781728625297546 -324.12725830078125
v -404.30914306640625 -0.20781713724136353 -321.7825012207031
v -402.83502197265625 -0.20781750977039337 -324.12725830078125
v -404.30914306640625 -0.20781740546226501 -324.12725830078125
v -402.83502197265625 -0.20781725645065308 -321.7825012207031
v -402.83502197265625 -0.2078169882297516 -319.437744140625
v -404.30914306640625 -0.20781686902046204 -319.437744140625
v -402.83502197265625 -0.2078167200088501 -317.0929870605469
v -405.78326416015625 -0.20781651139259338 -317.0929870605469
v -413.15380859375 -0.20781570672988892 -310.0587158203125
v -408.7314758300781 -0.20781585574150085 -312.4034729003906
v -407.25738525390625 -0.2078171819448471 -324.12725830078125
v -408.7314758300781 -0.20781707763671875 -324.12725830078125
v -408.7314758300781 -0.20781680941581726 -321.7825012207031
v -413.890869140625 -0.20781657099723816 -322.95489501953125
v -414.6279296875 -0.20781666040420532 -324.12725830078125
v -414.6279296875 -0.2078164964914322 -321.7825012207031
v -413.890869140625 -0.20781642198562622 -320.610107421875
v -403.57208251953125 -0.20781546831130981 -306.54156494140625
v -402.83502197265625 -0.20781537890434265 -305.3691711425781
v -402.83502197265625 -0.20781564712524414 -307.71392822265625
v -403.57208251953125 -0.2078157365322113 -308.8863220214844
v -405.89178466796875 -6.508620262145996 -309.1304931640625
v -407.4617004394531 -6.508619785308838 -310.2745361328125
v -407.144287109375 -6.508620262145996 -309.1304931640625
v -415.30853271484375 -6.508617401123047 -317.1387023925781
v -416.2119445800781 -6.508617401123047 -317.1387023925781
v -416.2119445800781 -6.508617877960205 -314.85064697265625
v -414.40509033203125 -6.508617401123047 -319.4267578125
v -415.30853271484375 -6.508617401123047 -319.4267578125
v -414.8568115234375 -6.508617401123047 -318.28271484375
v -402.4862060546875 -6.50861930847168 -319.4267578125
v -402.00701904296875 -6.508620738983154 -317.1387023925781
v -401.7550048828125 -6.508620262145996 -319.4267578125
v -403.2423095703125 -6.5086212158203125 -312.5625915527344
v -402.5111083984375 -6.508621692657471 -312.5625915527344
v -402.2590637207031 -6.5086212158203125 -314.85064697265625
v -402.76312255859375 -6.508622169494629 -310.2745361328125
v -405.5915832519531 -6.508619785308838 -312.5625915527344
v -408.0965576171875 -6.50861930847168 -312.5625915527344
v -406.5266418457031 -6.508619785308838 -311.4185791015625
v -410.5843505859375 -6.508620262145996 -307.9864501953125
v -410.26690673828125 -6.508620262145996 -306.8424072265625
v -409.33184814453125 -6.508620262145996 -307.9864501953125
v -411.20196533203125 -6.508620262145996 -305.6983947753906
v -408.69696044921875 -6.508620262145996 -305.6983947753906
v -407.76190185546875 -6.508620262145996 -306.8424072265625
v -406.19195556640625 -6.508620262145996 -305.6983947753906
v -406.82684326171875 -6.508620262145996 -307.9864501953125
v -405.5743408203125 -6.508620262145996 -307.9864501953125
v -404.95672607421875 -6.508620262145996 -310.2745361328125
v -406.861328125 -6.50861930847168 -317.1387023925781
v -406.2264404296875 -6.50861930847168 -314.85064697265625
v -405.2913818359375 -6.50861930847168 -315.99468994140625
v -403.7214660644531 -6.508619785308838 -314.85064697265625
v -404.3563232421875 -6.50861930847168 -317.1387023925781
v -403.4212646484375 -6.50861930847168 -318.28271484375
v -403.10382080078125 -6.50861930847168 -317.1387023925781
v -404.9912109375 -6.50861930847168 -319.4267578125
v -403.12109375 -6.50861930847168 -321.71484375
v -404.7552185058594 -6.50861930847168 -321.7148132324219
v -404.05615234375 -6.50861930847168 -320.57080078125
v -401.86859130859375 -6.50861930847168 -321.71484375
v -401.2509765625 -6.50861930847168 -324.0028991699219
v -411.4819030761719 -6.50861930847168 -314.85064697265625
v -412.5982360839844 -6.5086188316345215 -314.85064697265625
v -413.50164794921875 -6.50861930847168 -312.5625915527344
v -408.39678955078125 -6.508620262145996 -309.1304931640625
v -408.079345703125 -6.508620262145996 -307.9864501953125
v -409.0316467285156 -6.508619785308838 -311.4185485839844
v -408.7142333984375 -6.508620262145996 -310.2745361328125
v -402.5111083984375 -6.508622169494629 -307.9864501953125
v -402.3851013183594 -6.508622169494629 -309.1304931640625
v -412.4716796875 -6.50861930847168 -310.2745361328125
v -413.40673828125 -6.50861930847168 -309.1304931640625
v -411.8368225097656 -6.508619785308838 -307.9864501953125
v -414.341796875 -6.50861930847168 -307.9864501953125
v -411.41864013671875 -6.50861930847168 -312.56256103515625
v -409.014404296875 -6.508620262145996 -306.8424072265625
v -410.9017639160156 -6.508619785308838 -309.1304931640625
v -409.9667053222656 -6.508619785308838 -310.2745361328125
v -408.7314453125 -6.50861930847168 -314.85064697265625
v -407.1614990234375 -6.50861930847168 -313.70660400390625
v -409.34906005859375 -6.50861930847168 -312.5625915527344
v -410.6015625 -6.50861930847168 -312.5625915527344
v -411.53662109375 -6.50861930847168 -311.4185791015625
v -402.37261962890625 -6.508620262145996 -317.1387023925781
v -403.6895446777344 -6.508622169494629 -306.8424072265625
v -403.26715087890625 -6.508623123168945 -305.6983947753906
v -403.3807373046875 -6.508622169494629 -307.9864501953125
v -404.1119384765625 -6.508621692657471 -307.9864501953125
v -404.72955322265625 -6.508621692657471 -305.6983947753906
v -409.462158203125 -6.50861930847168 -317.138671875
v -412.38531494140625 -6.50861930847168 -312.56256103515625
v -416.2119445800781 -6.508619785308838 -305.6983947753906
v -408.5587158203125 -6.5086188316345215 -319.4267578125
v -409.22332763671875 -6.508618354797363 -320.57080078125
v -410.7913818359375 -6.508618354797363 -319.4267578125
v -403.01513671875 -6.508622646331787 -307.9864501953125
v -403.49432373046875 -6.5086212158203125 -310.2745361328125
v -404.8431396484375 -6.5086212158203125 -307.9864501953125
v -409.887939453125 -6.508618354797363 -321.7148132324219
v -408.7716064453125 -6.508618354797363 -321.7148132324219
v -409.568603515625 -6.5086188316345215 -318.28271484375
v -410.5784912109375 -6.5086188316345215 -317.1387023925781
v -404.339111328125 -6.508620262145996 -312.5625915527344
v -405.274169921875 -6.508620262145996 -311.4185791015625
v -411.5194091796875 -6.508620262145996 -306.8424072265625
v -410.4720153808594 -6.50861930847168 -315.9946594238281
v -412.9434814453125 -6.50861930847168 -312.5625915527344
v -414.40509033203125 -6.50861930847168 -310.2745361328125
v -411.24310302734375 -6.508618354797363 -318.28271484375
v -411.69482421875 -6.508618354797363 -317.1387023925781
v -413.50164794921875 -6.508618354797363 -317.1387023925781
v -402.0070495605469 -6.5086212158203125 -312.5625915527344
v -401.7550354003906 -6.508621692657471 -310.2745361328125
v -401.50299072265625 -6.5086212158203125 -312.5625915527344
v -401.88104248046875 -6.5086212158203125 -313.70660400390625
v -401.2509765625 -6.508620738983154 -314.85064697265625
v -402.133056640625 -6.508621692657471 -311.4185791015625
v -401.6289978027344 -6.508620738983154 -315.99468994140625
v -410.48358154296875 -6.50861930847168 -313.70660400390625
v -401.50299072265625 -6.508620262145996 -317.1387023925781
v -401.2509765625 -6.508620262145996 -319.4267578125
v -401.50299072265625 -6.508619785308838 -321.71484375
v -401.2510070800781 -6.508622169494629 -305.6983947753906
v -401.2509765625 -6.5086212158203125 -310.2745361328125
v -416.2119445800781 -6.508616924285889 -319.4267578125
v -408.9845275878906 -6.508617877960205 -324.00286865234375
v -412.5982360839844 -6.508616924285889 -324.00286865234375
v -411.69482421875 -6.508617401123047 -321.7148132324219
v -416.2119445800781 -6.508615970611572 -324.00286865234375
v -415.30853271484375 -6.5086164474487305 -321.7148132324219
v -405.52911376953125 -6.5086188316345215 -322.85882568359375
v -406.75189208984375 -6.508618354797363 -324.00286865234375
v -406.5389709472656 -6.5086188316345215 -321.7148132324219
v -414.8568115234375 -6.508616924285889 -320.57080078125
v -403.60791015625 -6.508620262145996 -312.5625915527344
v -413.50164794921875 -6.508617401123047 -321.7148132324219
v -407.77911376953125 -6.50861930847168 -311.4185791015625
v -409.6492919921875 -6.508620262145996 -309.1304931640625
v -402.80364990234375 -6.50861930847168 -320.57080078125
v -406.209228515625 -6.508620262145996 -310.2745361328125
v -413.70697021484375 -6.508620262145996 -305.6983947753906
v -402.25909423828125 -6.508622646331787 -305.6983947753906
v -402.007080078125 -6.508622169494629 -307.9864501953125
v -404.51922607421875 -6.5086188316345215 -324.00286865234375
v -410.3656005859375 -6.50861930847168 -314.85064697265625
v -407.548828125 -6.5086188316345215 -320.57080078125
v -411.3754577636719 -6.50861930847168 -313.70660400390625
v -411.24310302734375 -6.508617877960205 -320.57080078125
v -412.5982360839844 -6.508617877960205 -319.4267578125
v -413.953369140625 -6.508617877960205 -318.28271484375
v -404.87322998046875 -6.50861930847168 -320.57080078125
v -405.6902770996094 -6.50861930847168 -320.57080078125
v -405.104736328125 -6.50861930847168 -322.2868347167969
v -408.9845275878906 -6.508617877960205 -324.00286865234375
v -408.2451171875 -6.508615970611572 -324.2076416015625
v -408.978515625 -6.508615493774414 -324.20770263671875
v -406.6253356933594 -6.50861930847168 -319.4267578125
v -408.4954528808594 -6.50861930847168 -317.1387023925781
v -404.5224304199219 -6.508619785308838 -324.20770263671875
v -404.51922607421875 -6.5086188316345215 -324.00286865234375
v -414.8568115234375 -6.508618354797363 -315.99468994140625
v -414.40509033203125 -6.508618354797363 -314.85064697265625
v -414.8568115234375 -6.5086188316345215 -311.4185791015625
v -416.2119445800781 -6.5086188316345215 -310.2745361328125
v -415.30853271484375 -6.508618354797363 -312.5625915527344
v -406.75189208984375 -6.508618354797363 -324.00286865234375
v -413.953369140625 -6.508618354797363 -315.99468994140625
v -413.953369140625 -6.508618354797363 -313.70660400390625
v -414.8568115234375 -6.508618354797363 -313.70660400390625
v -413.0499572753906 -6.508617401123047 -320.57080078125
v -416.2119445800781 -6.508618354797363 -312.5625915527344
v -401.5030212402344 -6.508622169494629 -307.9864501953125
v -415.30853271484375 -6.50861930847168 -307.9864501953125
v -403.8201599121094 -6.50861930847168 -322.8588562011719
v -406.27581787109375 -6.50861930847168 -318.854736328125
v -406.50732421875 -6.50861930847168 -320.57080078125
v -407.67840576171875 -6.50861930847168 -317.1387023925781
v -409.54852294921875 -6.50861930847168 -314.85064697265625
v -416.2119445800781 -6.5086164474487305 -321.7148132324219
v -413.28875732421875 -6.50861930847168 -310.2745361328125
v -409.4305114746094 -6.50861930847168 -315.9946594238281
v -413.0499267578125 -6.508618354797363 -315.99468994140625
v -406.19195556640625 -6.508620262145996 -305.6983947753906
v -406.19195556640625 -6.5086188316345215 -304.24627685546875
v -405.46075439453125 -6.508620262145996 -304.60931396484375
v -404.72955322265625 -6.5086212158203125 -304.97235107421875
v -403.26715087890625 -6.508622646331787 -304.24627685546875
v -403.99835205078125 -6.508622169494629 -304.60931396484375
v -403.26715087890625 -6.508623123168945 -305.6983947753906
v -404.72955322265625 -6.508621692657471 -305.6983947753906
v -402.4576721191406 -1.576335072517395 -305.6246337890625
v -402.5128173828125 -0.9763429760932922 -305.56268310546875
v -402.54278564453125 -1.1083568334579468 -307.272705078125
v -402.5727233886719 -1.2403706312179565 -308.98272705078125
v -402.6816101074219 -0.9624565839767456 -312.4046325683594
v -402.545166015625 -1.5403666496276855 -309.013671875
v -402.63262939453125 -1.5043983459472656 -312.4027404785156
v -415.1239013671875 -1.6458522081375122 -309.01385498046875
v -415.4218444824219 -1.8133370876312256 -305.6385803222656
v -415.412841796875 -1.7311630249023438 -309.02056884765625
v -415.40386962890625 -1.648988962173462 -312.4025573730469
v -408.7822570800781 -1.5733888149261475 -315.3658752441406
v -408.7822570800781 -0.9624544978141785 -315.3678894042969
v -407.11846923828125 -1.1151881217956543 -315.3672180175781
v -405.4547119140625 -1.2679216861724854 -315.3665466308594
v -403.79095458984375 -1.1151881217956543 -315.36688232421875
v -410.420654296875 -1.4206538200378418 -323.2827453613281
v -408.7822570800781 -0.9624549150466919 -323.3094787597656
v -412.05902099609375 -1.2679197788238525 -323.2916564941406
v -408.7822570800781 -1.5733879804611206 -323.2738342285156
v -411.7147216796875 -1.714130163192749 -323.2531433105469
v -408.7822570800781 -0.9624549150466919 -324.2345275878906
v -408.7822570800781 -1.5733879804611206 -324.1988830566406
v -410.420654296875 -1.4206538200378418 -324.2077941894531
v -412.05902099609375 -1.2679197788238525 -324.2167053222656
v -411.7147216796875 -1.7141304016113281 -324.1781921386719
v -412.05902099609375 -0.9624532461166382 -324.2345275878906
v -415.33575439453125 -0.9624515175819397 -324.2345275878906
v -414.8303527832031 -1.5043950080871582 -312.4027404785156
v -414.97711181640625 -1.5751235485076904 -310.70831298828125
v -414.8371276855469 -1.5735552310943604 -309.013916015625
v -402.44549560546875 -1.5585311651229858 -310.70819091796875
v -402.0591125488281 -1.6489927768707275 -312.4025573730469
v -402.2583923339844 -1.612663984298706 -309.01361083984375
v -402.63262939453125 -1.5043983459472656 -312.4027404785156
v -402.545166015625 -1.5403666496276855 -309.013671875
v -402.6816101074219 -0.9624572396278381 -318.2261962890625
v -402.63470458984375 -1.4726548194885254 -321.084716796875
v -402.65032958984375 -1.302588701248169 -318.19134521484375
v -402.6258544921875 -1.5735596418380737 -318.1904296875
v -402.61907958984375 -1.6427209377288818 -323.97808837890625
v -414.8282470703125 -1.472646951675415 -321.084716796875
v -414.7813415527344 -0.9624504446983337 -318.2261962890625
v -414.8126220703125 -1.302581787109375 -318.19134521484375
v -414.8439025878906 -1.642712116241455 -323.97808837890625
v -414.8371276855469 -1.5735535621643066 -318.1904296875
v -408.7822570800781 -1.5733901262283325 -314.6302185058594
v -408.776123046875 -0.9763416647911072 -314.688232421875
v -410.4175720214844 -1.12213134765625 -314.6585693359375
v -412.05902099609375 -1.267920970916748 -314.62890625
v -413.6973876953125 -1.1151864528656006 -314.6282653808594
v -402.127197265625 -0.9624557495117188 -312.4046325683594
v -402.6816101074219 -0.9624565839767456 -312.4046325683594
v -402.51715087890625 -0.9659283757209778 -310.69415283203125
v -402.35272216796875 -0.96940016746521 -308.983642578125
v -402.5128173828125 -0.9763429760932922 -305.56268310546875
v -402.07550048828125 -0.9693998098373413 -308.983642578125
v -402.0238342285156 -0.9763438105583191 -305.56268310546875
v -407.23284912109375 -1.1855604648590088 -323.29022216796875
v -405.6834411621094 -1.4086660146713257 -323.2709655761719
v -405.4547119140625 -0.9624557495117188 -323.3094787597656
v -407.23284912109375 -1.1855604648590088 -324.21527099609375
v -405.6834411621094 -1.4086660146713257 -324.1960144042969
v -405.4547119140625 -0.9624557495117188 -324.2345275878906
v -414.7813415527344 -0.9624515175819397 -312.4046325683594
v -415.33575439453125 -0.9624515175819397 -312.4046325683594
v -415.1971435546875 -0.9616132378578186 -310.69439697265625
v -415.05853271484375 -0.9607749581336975 -308.984130859375
v -415.33575439453125 -0.9607749581336975 -308.984130859375
v -415.1971435546875 -0.9599366784095764 -307.27386474609375
v -414.7813720703125 -0.9624519348144531 -305.5635986328125
v -415.33575439453125 -0.9590983986854553 -305.5635986328125
v -414.7813720703125 -0.962451696395874 -308.984130859375
v -414.7936096191406 -1.0979377031326294 -307.27337646484375
v -414.7813415527344 -0.9624515175819397 -312.4046325683594
v -414.7813720703125 -0.962451696395874 -308.984130859375
v -414.7813720703125 -0.9624519348144531 -305.5635986328125
v -402.2489013671875 -5.847222328186035 -315.896728515625
v -401.2510070800781 -6.51533842086792 -316.0095520019531
v -402.6377868652344 -6.51533842086792 -316.0095520019531
v -401.86004638671875 -5.179105758666992 -315.78387451171875
v -402.55340576171875 -5.179105758666992 -315.78387451171875
v -401.2510070800781 -6.51533842086792 -314.1236877441406
v -401.86004638671875 -5.179105758666992 -314.2921447753906
v -402.2489013671875 -5.847222328186035 -314.2079162597656
v -402.6377868652344 -6.51533842086792 -314.1236877441406
v -402.46905517578125 -3.8428735733032227 -314.4606018066406
v -402.6271667480469 -1.101413607597351 -310.69366455078125
v -414.8303527832031 -1.5043950080871582 -312.4027404785156
v -414.7935791015625 -1.0979374647140503 -310.69390869140625
v -414.80584716796875 -1.2334234714508057 -308.983154296875
v -407.2282409667969 -1.1959755420684814 -314.67401123046875
v -405.68035888671875 -1.415609359741211 -314.6597900390625
v -405.45166015625 -0.9693989157676697 -314.6585998535156
v -401.9479064941406 -1.7268235683441162 -305.6381530761719
v -402.4576721191406 -1.576335072517395 -305.6246337890625
v -402.3580322265625 -1.5944995880126953 -307.3191223144531
v -402.0035095214844 -1.6879081726074219 -309.0203552246094
v -410.2485046386719 -1.1855597496032715 -315.36737060546875
v -411.7147521972656 -1.4086650609970093 -315.3668212890625
v -412.05902099609375 -0.962454080581665 -315.3675537109375
v -402.6816101074219 -0.962457537651062 -321.136962890625
v -402.65032958984375 -1.3025890588760376 -321.1021423339844
v -402.6816101074219 -0.9624578952789307 -324.0477294921875
v -402.65032958984375 -1.3025891780853271 -322.5575256347656
v -414.8126220703125 -1.3025810718536377 -322.5575256347656
v -414.7813415527344 -0.9624493718147278 -324.0477294921875
v -414.7813415527344 -0.9624499082565308 -321.136962890625
v -415.33575439453125 -0.9624519348144531 -314.62762451171875
v -414.6472473144531 -1.8548728227615356 -314.6300048828125
v -416.2119445800781 -6.515334129333496 -322.8512268066406
v -414.86846923828125 -6.515334129333496 -322.8512268066406
v -414.9128112792969 -3.842869281768799 -323.0069274902344
v -415.7317199707031 -3.842869281768799 -323.0069274902344
v -414.647216796875 -1.8548723459243774 -323.2324523925781
v -415.33575439453125 -0.9624515175819397 -323.3094787597656
v -414.86846923828125 -6.515334129333496 -322.8512268066406
v -414.86846923828125 -6.515334129333496 -324.1810607910156
v -414.9128112792969 -3.842869281768799 -323.916259765625
v -414.9128112792969 -3.842869281768799 -323.0069274902344
v -414.647216796875 -1.8548728227615356 -324.1575012207031
v -414.647216796875 -1.8548723459243774 -323.2324523925781
v -401.2510070800781 -6.515337944030762 -322.8512268066406
v -402.46905517578125 -3.8428735733032227 -323.00689697265625
v -402.6377868652344 -6.515337944030762 -322.8512268066406
v -401.7654113769531 -3.8428738117218018 -323.00689697265625
v -402.5846252441406 -1.8548771142959595 -323.2324523925781
v -402.127197265625 -0.9624565839767456 -323.3094787597656
v -402.6377868652344 -6.515337944030762 -322.8512268066406
v -402.46905517578125 -3.8428738117218018 -323.916259765625
v -402.6377868652344 -6.515338897705078 -324.1810607910156
v -402.46905517578125 -3.8428735733032227 -323.00689697265625
v -401.7654113769531 -3.8428735733032227 -314.4606018066406
v -402.5846252441406 -1.8548771142959595 -314.6313171386719
v -402.127197265625 -0.9624561667442322 -314.62896728515625
v -402.5846252441406 -1.8548763990402222 -315.3645324707031
v -401.7654113769531 -3.8428735733032227 -315.55816650390625
v -402.46905517578125 -3.8428735733032227 -315.55816650390625
v -402.127197265625 -0.9624544978141785 -315.3672180175781
v -414.6472473144531 -1.8548728227615356 -314.6300048828125
v -415.5195007324219 -2.6197683811187744 -314.4449157714844
v -414.638427734375 -2.6197683811187744 -314.4449157714844
v -415.33575439453125 -0.9624519348144531 -314.62762451171875
v -414.6472473144531 -1.8548755645751953 -315.36578369140625
v -414.638427734375 -2.6197683811187744 -314.4449157714844
v -414.638427734375 -2.6197683811187744 -315.5465393066406
v -414.6472473144531 -1.8548728227615356 -314.6300048828125
v -415.5195007324219 -2.6197683811187744 -315.5465393066406
v -414.6472473144531 -1.8548755645751953 -315.36578369140625
v -414.638427734375 -2.6197683811187744 -315.5465393066406
v -415.33575439453125 -0.9624536633491516 -315.3672180175781
v -416.21197509765625 -6.515334606170654 -306.6244201660156
v -414.9128112792969 -3.842869997024536 -306.28265380859375
v -414.86846923828125 -6.515334606170654 -306.6244201660156
v -415.7317199707031 -3.842869281768799 -306.28265380859375
v -414.6472473144531 -1.8548723459243774 -306.0028991699219
v -414.86846923828125 -6.515334606170654 -306.6244201660156
v -414.9128112792969 -3.842869281768799 -305.7380065917969
v -414.86846923828125 -6.515334606170654 -305.6983947753906
v -414.9128112792969 -3.842869997024536 -306.28265380859375
v -414.6472473144531 -1.8548715114593506 -305.6417236328125
v -414.6472473144531 -1.8548723459243774 -306.0028991699219
v -402.7578125 -3.7871696949005127 -306.2865295410156
v -402.7578125 -3.7871696949005127 -305.73828125
v -402.77203369140625 -1.76345956325531 -305.6413269042969
v -402.77203369140625 -1.7634587287902832 -306.0049133300781
v -407.1523742675781 -0.9857063293457031 -305.8372497558594
v -407.2305603027344 0.5794809460639954 -305.8208312988281
v -406.2915954589844 0.12782245874404907 -305.8852233886719
v -407.9838562011719 -0.9857075810432434 -305.8372497558594
v -407.9838562011719 -0.9857075810432434 -305.8372497558594
v -407.2305603027344 0.5794809460639954 -305.3743896484375
v -407.2305603027344 0.5794809460639954 -305.8208312988281
v -407.9838562011719 -0.9857088923454285 -305.5556335449219
v -406.2915954589844 0.12782245874404907 -305.8852233886719
v -407.1523742675781 -0.98570716381073 -305.5556335449219
v -407.1523742675781 -0.9857063293457031 -305.8372497558594
v -406.2915954589844 0.12782245874404907 -305.443115234375
v -410.3693542480469 -0.9857088923454285 -305.8372497558594
v -411.1370544433594 0.12782245874404907 -305.8852233886719
v -410.1986083984375 0.5794800519943237 -305.8208312988281
v -409.5378723144531 -0.98570716381073 -305.8372497558594
v -409.5378723144531 -0.98570716381073 -305.8372497558594
v -410.1986083984375 0.5794800519943237 -305.8208312988281
v -410.1986083984375 0.5794809460639954 -305.3743896484375
v -409.5378723144531 -0.9857075810432434 -305.5556335449219
v -411.1370544433594 0.12782245874404907 -305.8852233886719
v -410.3693542480469 -0.9857088923454285 -305.8372497558594
v -410.3693542480469 -0.9857088923454285 -305.5556335449219
v -411.1370544433594 0.12782202661037445 -305.4431457519531
v -406.9412536621094 -0.9730724692344666 -314.7645568847656
v -405.9653015136719 -0.18518787622451782 -314.61419677734375
v -407.4568176269531 -0.2066362202167511 -314.6162109375
v -407.88397216796875 -0.9730724692344666 -314.7645568847656
v -406.9412536621094 -0.9730716347694397 -315.2601013183594
v -407.88397216796875 -0.9730724692344666 -315.2601013183594
v -407.4568176269531 -0.20663495361804962 -315.4385070800781
v -405.9653015136719 -0.18518787622451782 -315.427001953125
v -407.88397216796875 -0.9730724692344666 -314.7645568847656
v -407.4568176269531 -0.2066362202167511 -314.6162109375
v -407.4568176269531 -0.20663495361804962 -315.4385070800781
v -407.88397216796875 -0.9730724692344666 -315.2601013183594
v -405.9653015136719 -0.18518787622451782 -314.61419677734375
v -406.9412536621094 -0.9730724692344666 -314.7645568847656
v -406.9412536621094 -0.9730716347694397 -315.2601013183594
v -405.9653015136719 -0.18518787622451782 -315.427001953125
v -410.588623046875 -0.9730724692344666 -314.7645568847656
v -409.9681091308594 -0.20663495361804962 -314.6162109375
v -411.4590148925781 -0.18518787622451782 -314.61419677734375
v -409.6459045410156 -0.9730724692344666 -314.7645568847656
v -410.588623046875 -0.9730724692344666 -315.2601013183594
v -409.9681091308594 -0.206634521484375 -315.4385070800781
v -409.6459045410156 -0.9730724692344666 -315.2601013183594
v -411.4590148925781 -0.18518787622451782 -315.427001953125
v -409.6459045410156 -0.9730724692344666 -314.7645568847656
v -409.9681091308594 -0.206634521484375 -315.4385070800781
v -409.9681091308594 -0.20663495361804962 -314.6162109375
v -409.6459045410156 -0.9730724692344666 -315.2601013183594
v -411.4590148925781 -0.18518787622451782 -314.61419677734375
v -410.588623046875 -0.9730724692344666 -315.2601013183594
v -410.588623046875 -0.9730724692344666 -314.7645568847656
v -411.4590148925781 -0.18518787622451782 -315.427001953125
v -406.9412536621094 -0.9730724692344666 -323.4952392578125
v -405.9653015136719 -0.1851891428232193 -323.47418212890625
v -407.4568176269531 -0.20663537085056305 -323.5588073730469
v -407.88397216796875 -0.9730724692344666 -323.4952392578125
v -407.88397216796875 -0.9730724692344666 -323.4952392578125
v -407.4568176269531 -0.20663537085056305 -323.5588073730469
v -407.4568176269531 -0.20663537085056305 -324.2780456542969
v -407.88397216796875 -0.9730724692344666 -324.1106872558594
v -405.9653015136719 -0.1851891428232193 -323.47418212890625
v -406.9412536621094 -0.9730724692344666 -323.4952392578125
v -406.9412536621094 -0.9730724692344666 -324.1106872558594
v -405.9653015136719 -0.18518829345703125 -324.18377685546875
v -410.588623046875 -0.9730724692344666 -323.4952392578125
v -409.9681091308594 -0.20663495361804962 -323.5588073730469
v -411.4590148925781 -0.18518829345703125 -323.47418212890625
v -409.6459045410156 -0.9730724692344666 -323.4952392578125
v -409.6459045410156 -0.9730724692344666 -323.4952392578125
v -409.9681091308594 -0.20663495361804962 -324.2780456542969
v -409.9681091308594 -0.20663495361804962 -323.5588073730469
v -409.6459045410156 -0.9730724692344666 -324.1106872558594
v -411.4590148925781 -0.18518829345703125 -323.47418212890625
v -410.588623046875 -0.9730724692344666 -324.1106872558594
v -410.588623046875 -0.9730724692344666 -323.4952392578125
v -411.4590148925781 -0.18518787622451782 -324.18377685546875
v -408.2451171875 -6.508615970611572 -324.2076416015625
v -404.5050048828125 -6.238565921783447 -324.2077331542969
v -408.24517822265625 -6.18527889251709 -324.2077331542969
v -404.5224304199219 -6.508619785308838 -324.20770263671875
v -408.978515625 -6.508615493774414 -324.20770263671875
v -408.9762268066406 -6.18239688873291 -324.2077331542969
v -402.127197265625 -0.9624565839767456 -324.2345275878906
v -402.5846252441406 -1.8548771142959595 -324.1575012207031
v -408.776123046875 -1.5151867866516113 -305.9620666503906
v -412.0559387207031 -1.2388191223144531 -305.94549560546875
v -408.776123046875 -0.976342499256134 -305.93048095703125
v -414.647216796875 -1.8548728227615356 -324.1575012207031
v -405.4547119140625 -0.962456226348877 -323.6785888671875
v -405.4547119140625 -0.9624557495117188 -323.3094787597656
v -402.127197265625 -0.9624574780464172 -324.0477294921875
v -408.7822570800781 -0.9624549150466919 -323.3094787597656
v -402.00439453125 -5.147406578063965 -306.45855712890625
v -401.7047119140625 -3.7871696949005127 -306.2865295410156
v -401.2510070800781 -6.507643699645996 -306.63055419921875
v -402.7578125 -3.7871696949005127 -306.2865295410156
v -402.46905517578125 -3.8428735733032227 -315.55816650390625
v -402.55340576171875 -5.179105758666992 -314.8409423828125
v -402.46905517578125 -3.8428735733032227 -314.4606018066406
v -402.6377868652344 -6.51533842086792 -314.1236877441406
v -405.45166015625 -0.9693980813026428 -315.0277099609375
v -405.45166015625 -0.9693989157676697 -314.6585998535156
v -402.127197265625 -0.9624544978141785 -315.3672180175781
v -408.776123046875 -0.9763416647911072 -314.688232421875
v -412.05902099609375 -0.9624532461166382 -314.99774169921875
v -412.05902099609375 -0.962454080581665 -315.3675537109375
v -415.33575439453125 -0.9624519348144531 -314.62762451171875
v -414.8439025878906 -1.6427154541015625 -305.6251220703125
v -402.5846252441406 -1.8548771142959595 -323.2324523925781
v -402.5846252441406 -1.8548771142959595 -314.6313171386719
v -414.6472473144531 -1.8548755645751953 -315.36578369140625
v -405.7740783691406 -1.3699005842208862 -305.96771240234375
v -402.77203369140625 -1.7634587287902832 -306.0049133300781
v -405.39996337890625 -0.9763433933258057 -305.93048095703125
v -402.95355224609375 -5.147406578063965 -306.1844177246094
v -403.1493225097656 -6.507643699645996 -305.6983947753906
v -403.1493225097656 -6.507643699645996 -306.63055419921875
v -402.0238342285156 -0.9763438105583191 -305.56268310546875
v -405.39996337890625 -0.9763431549072266 -305.74658203125
v -408.776123046875 -0.9763433933258057 -305.56268310546875
v -405.39996337890625 -0.9763433933258057 -305.93048095703125
v -415.33575439453125 -0.9624515175819397 -305.9289245605469
v -412.0559387207031 -0.9693974256515503 -305.74578857421875
v -415.33575439453125 -0.9590983986854553 -305.5635986328125
v -402.77203369140625 -1.7634587287902832 -306.0049133300781
v -402.0238342285156 -0.9763442277908325 -305.93048095703125
v -401.8642578125 -2.3817567825317383 -306.1085205078125
v -415.53375244140625 -2.402660369873047 -306.10577392578125
v -415.33575439453125 -0.9624515175819397 -305.9289245605469
v -402.52685546875 -2.848875045776367 -314.9125671386719
v -402.5846252441406 -1.8548763990402222 -315.3645324707031
v -402.5846252441406 -1.8548771142959595 -314.6313171386719
v -402.77203369140625 -1.76345956325531 -305.6413269042969
v -405.7740783691406 -1.6393232345581055 -305.80169677734375
v -402.77203369140625 -1.7634587287902832 -306.0049133300781
v -408.776123046875 -1.5151867866516113 -305.9620666503906
v -408.776123046875 -1.5151867866516113 -305.6188659667969
v -402.2383728027344 -2.7753143310546875 -306.1457214355469
v -414.6472473144531 -1.8548723459243774 -306.0028991699219
v -411.711669921875 -1.6850295066833496 -305.8108825683594
v -414.6472473144531 -1.8548715114593506 -305.6417236328125
v -402.5846252441406 -1.8548771142959595 -324.1575012207031
v -402.52685546875 -2.8488752841949463 -323.58221435546875
v -402.5846252441406 -1.8548771142959595 -323.2324523925781
v -402.6816101074219 -0.962457537651062 -321.136962890625
v -402.4044189453125 -0.9624568223953247 -318.2261962890625
v -402.6816101074219 -0.9624578952789307 -324.0477294921875
v -402.6816101074219 -0.9624572396278381 -318.2261962890625
v -415.05853271484375 -0.9624504446983337 -318.2261962890625
v -414.7813415527344 -0.9624504446983337 -318.2261962890625
v -414.7813415527344 -0.9624499082565308 -321.136962890625
v -414.7813415527344 -0.9624493718147278 -324.0477294921875
v -402.47796630859375 -1.6507954597473145 -321.080810546875
v -402.0411376953125 -1.813341736793518 -323.9643859863281
v -402.3368835449219 -1.658869981765747 -318.1835632324219
v -402.61907958984375 -1.6427209377288818 -323.97808837890625
v -415.4218444824219 -1.8133341073989868 -323.9643859863281
v -414.8439025878906 -1.642712116241455 -323.97808837890625
v -414.9849853515625 -1.6507883071899414 -321.080810546875
v -415.1260986328125 -1.6588644981384277 -318.1835632324219
v -414.8371276855469 -1.5735535621643066 -318.1904296875
v -402.4847412109375 -1.5816341638565063 -315.29315185546875
v -402.05010986328125 -1.7311673164367676 -318.1834716796875
v -415.412841796875 -1.7311615943908691 -318.1834716796875
v -414.97821044921875 -1.581629753112793 -315.29315185546875
v -415.33575439453125 -0.9624511003494263 -318.2261962890625
v -402.127197265625 -0.9624565839767456 -318.2261962890625
v -402.4044189453125 -0.962456464767456 -315.3154296875
v -415.05853271484375 -0.9624509811401367 -315.3154296875
v -415.33575439453125 -0.9624506831169128 -324.0477600097656
v -415.1971435546875 -0.9624505639076233 -321.136962890625
v -402.26580810546875 -0.9624571800231934 -321.136962890625
v -402.127197265625 -0.9624574780464172 -324.0477294921875
v -402.66595458984375 -1.1325225830078125 -315.2979736328125
v -402.6258544921875 -1.5735596418380737 -318.1904296875
v -414.7969970703125 -1.132516622543335 -315.2979736328125
v -402.127197265625 -0.9624565839767456 -323.3094787597656
v -403.79095458984375 -0.9624561667442322 -323.3094787597656
v -403.79095458984375 -0.9624561667442322 -323.3094787597656
v -402.127197265625 -0.9624565839767456 -323.3094787597656
v -402.127197265625 -0.9624561667442322 -314.62896728515625
v -403.7894287109375 -0.9659275412559509 -314.643798828125
v -403.7894287109375 -0.9659275412559509 -314.643798828125
v -402.127197265625 -0.9624561667442322 -314.62896728515625
v -415.33575439453125 -0.9624536633491516 -315.3672180175781
v -413.6973876953125 -0.9624538421630859 -315.36737060546875
v -413.6973876953125 -0.9624538421630859 -315.36737060546875
v -415.33575439453125 -0.9624536633491516 -315.3672180175781
v -405.6834411621094 -1.71413254737854 -323.7156677246094
v -405.6834411621094 -1.71413254737854 -324.1781921386719
v -402.5846252441406 -1.8548771142959595 -324.1575012207031
v -405.6834411621094 -1.71413254737854 -324.1781921386719
v -408.7822570800781 -1.5733879804611206 -324.1988830566406
v -407.23284912109375 -1.6437602043151855 -323.957275390625
v -405.6834411621094 -1.71413254737854 -323.2531433105469
v -405.6834411621094 -1.71413254737854 -323.2531433105469
v -402.5846252441406 -1.8548771142959595 -323.2324523925781
v -404.134033203125 -1.7845048904418945 -323.47406005859375
v -402.5846252441406 -1.8548763990402222 -315.3645324707031
v -405.6834411621094 -1.71413254737854 -315.3652038574219
v -402.127197265625 -0.9624544978141785 -315.3672180175781
v -415.33575439453125 -0.9624515175819397 -305.9289245605469
v -413.69586181640625 -1.100635290145874 -305.93719482421875
v -414.6472473144531 -1.8548723459243774 -306.0028991699219
v -411.711669921875 -1.6850295066833496 -305.98248291015625
v -411.711669921875 -1.6850295066833496 -305.98248291015625
v -414.647216796875 -1.8548723459243774 -323.2324523925781
v -411.7147216796875 -1.714130163192749 -323.7156677246094
v -411.7147216796875 -1.714130163192749 -323.2531433105469
v -413.6973876953125 -1.1151856184005737 -323.3005676269531
v -415.33575439453125 -0.9624515175819397 -323.3094787597656
v -414.647216796875 -1.8548728227615356 -324.1575012207031
v -411.7147216796875 -1.7141304016113281 -324.1781921386719
v -410.24847412109375 -1.64375901222229 -323.957275390625
v -413.18096923828125 -1.784501314163208 -323.47406005859375
v -414.647216796875 -1.8548723459243774 -323.2324523925781
v -411.7147521972656 -1.714131474494934 -314.630126953125
v -411.7147521972656 -1.7141308784484863 -314.9979248046875
v -411.7147521972656 -1.714131474494934 -314.630126953125
v -405.4547119140625 -0.9624568223953247 -324.0829772949219
v -407.11846923828125 -0.962456226348877 -323.8984069824219
v -408.7822570800781 -0.9624561667442322 -324.11822509765625
v -403.7119140625 -0.9763438105583191 -305.93048095703125
v -402.0238342285156 -0.9763442277908325 -305.93048095703125
v -403.7119140625 -0.9763438105583191 -305.93048095703125
v -402.0238342285156 -0.9763442277908325 -305.93048095703125
v -412.05902099609375 -0.9624532461166382 -323.3094787597656
v -412.05902099609375 -0.9624538421630859 -323.7138671875
v -410.420654296875 -0.9624543786048889 -323.51165771484375
v -412.05902099609375 -0.9624532461166382 -323.3094787597656
v -403.1493225097656 -6.507643699645996 -306.63055419921875
v -402.95355224609375 -5.147406578063965 -306.45855712890625
v -402.95355224609375 -5.147406578063965 -306.45855712890625
v -402.2001647949219 -6.507643699645996 -306.63055419921875
v -402.6377868652344 -6.51533842086792 -315.0666198730469
v -402.6377868652344 -6.51533842086792 -316.0095520019531
v -402.55340576171875 -5.179105758666992 -315.78387451171875
v -413.6973876953125 -0.9624526500701904 -323.51165771484375
v -415.33575439453125 -0.9624506831169128 -324.0477600097656
v -415.33575439453125 -0.9624515175819397 -323.3094787597656
v -412.05902099609375 -0.9624534249305725 -324.0830078125
v -414.8439025878906 -1.6427154541015625 -305.6251220703125
v -414.8371276855469 -1.5735552310943604 -309.013916015625
v -408.7822570800781 -1.5733888149261475 -315.3658752441406
v -407.23284912109375 -1.6437610387802124 -315.181640625
v -405.6834411621094 -1.7141332626342773 -314.99737548828125
v -405.6834411621094 -1.71413254737854 -315.3652038574219
v -402.5846252441406 -1.8548771142959595 -314.6313171386719
v -405.6834411621094 -1.714133620262146 -314.6307678222656
v -405.6834411621094 -1.714133620262146 -314.6307678222656
v -404.134033203125 -1.7845048904418945 -315.18096923828125
v -402.5846252441406 -1.8548763990402222 -315.3645324707031
v -405.4547119140625 -0.9624544978141785 -315.3675537109375
v -405.4547119140625 -0.9624544978141785 -315.3675537109375
v -407.116943359375 -0.9659262895584106 -315.19781494140625
v -410.420654296875 -0.9624538421630859 -315.18280029296875
v -412.0559387207031 -0.9693968296051025 -314.6579284667969
v -412.0559387207031 -0.9693968296051025 -314.6579284667969
v -414.6472473144531 -1.8548755645751953 -315.36578369140625
v -411.7147521972656 -1.7141321897506714 -315.3658447265625
v -411.7147521972656 -1.7141321897506714 -315.3658447265625
v -413.1809997558594 -1.7845017910003662 -314.81396484375
v -414.6472473144531 -1.8548728227615356 -314.6300048828125
v -410.2485046386719 -1.643759846687317 -315.181884765625
v -401.5298767089844 -6.4966840744018555 -308.4963073730469
v -402.028076171875 -6.4966840744018555 -308.4876403808594
v -401.9691467285156 -5.7748565673828125 -308.3429260253906
v -402.90478515625 -5.439123153686523 -308.4947814941406
v -401.4937438964844 -5.439123153686523 -308.5194396972656
v -401.466064453125 -5.7748565673828125 -308.5519104003906
v -402.9335632324219 -5.7748565673828125 -308.52630615234375
v -401.4937438964844 -5.439123153686523 -308.5194396972656
v -401.46575927734375 -5.439123153686523 -306.91839599609375
v -401.4369812011719 -5.7748565673828125 -306.8868713378906
v -401.466064453125 -5.7748565673828125 -308.5519104003906
v -401.46575927734375 -5.439123153686523 -306.91839599609375
v -402.8768310546875 -5.439123153686523 -306.8937683105469
v -402.90447998046875 -5.7748565673828125 -306.86126708984375
v -401.4369812011719 -5.7748565673828125 -306.8868713378906
v -402.8768310546875 -5.439123153686523 -306.8937683105469
v -402.90478515625 -5.439123153686523 -308.4947814941406
v -402.9335632324219 -5.7748565673828125 -308.52630615234375
v -402.90447998046875 -5.7748565673828125 -306.86126708984375
v -402.71856689453125 -5.7748565673828125 -307.42169189453125
v -402.40966796875 -5.7748565673828125 -307.42706298828125
v -402.3544006347656 -6.4966840744018555 -307.4920654296875
v -402.8526306152344 -6.4966840744018555 -307.48333740234375
v -402.40966796875 -5.7748565673828125 -307.42706298828125
v -402.403564453125 -5.7748565673828125 -307.07659912109375
v -402.3446350097656 -6.4966840744018555 -306.931884765625
v -402.3544006347656 -6.4966840744018555 -307.4920654296875
v -402.403564453125 -5.7748565673828125 -307.07659912109375
v -402.7124328613281 -5.7748565673828125 -307.07122802734375
v -402.84283447265625 -6.4966840744018555 -306.9232177734375
v -402.3446350097656 -6.4966840744018555 -306.931884765625
v -402.7124328613281 -5.7748565673828125 -307.07122802734375
v -402.71856689453125 -5.7748565673828125 -307.42169189453125
v -402.8526306152344 -6.4966840744018555 -307.48333740234375
v -402.84283447265625 -6.4966840744018555 -306.9232177734375
v -401.9532775878906 -5.7748565673828125 -307.4350280761719
v -401.6444396972656 -5.7748565673828125 -307.4404296875
v -401.5126037597656 -6.4966840744018555 -307.5067443847656
v -402.0108337402344 -6.4966840744018555 -307.498046875
v -401.6444396972656 -5.7748565673828125 -307.4404296875
v -401.6383056640625 -5.7748565673828125 -307.0899963378906
v -401.5028381347656 -6.4966840744018555 -306.94659423828125
v -401.5126037597656 -6.4966840744018555 -307.5067443847656
v -402.860107421875 -6.4966840744018555 -307.91278076171875
v -402.36187744140625 -6.4966840744018555 -307.9214782714844
v -402.4194030761719 -5.7748565673828125 -307.9844970703125
v -401.6383056640625 -5.7748565673828125 -307.0899963378906
v -401.9471740722656 -5.7748565673828125 -307.0845947265625
v -402.00103759765625 -6.4966840744018555 -306.9378967285156
v -401.5028381347656 -6.4966840744018555 -306.94659423828125
v -401.9471740722656 -5.7748565673828125 -307.0845947265625
v -401.9532775878906 -5.7748565673828125 -307.4350280761719
v -402.0108337402344 -6.4966840744018555 -307.498046875
v -402.00103759765625 -6.4966840744018555 -306.9378967285156
v -401.46575927734375 -5.439123153686523 -306.91839599609375
v -401.4937438964844 -5.439123153686523 -308.5194396972656
v -402.1852722167969 -5.439123153686523 -307.70660400390625
v -402.90478515625 -5.439123153686523 -308.4947814941406
v -402.8768310546875 -5.439123153686523 -306.8937683105469
v -401.6602783203125 -5.7748565673828125 -308.3482971191406
v -402.728271484375 -5.7748565673828125 -307.9790954589844
v -402.869873046875 -6.4966840744018555 -308.4729309082031
v -402.860107421875 -6.4966840744018555 -307.91278076171875
v -402.728271484375 -5.7748565673828125 -307.9790954589844
v -402.7344055175781 -5.7748565673828125 -308.32952880859375
v -401.6541442871094 -5.7748565673828125 -307.99786376953125
v -401.9630126953125 -5.7748565673828125 -307.9924621582031
v -402.018310546875 -6.4966840744018555 -307.9274597167969
v -402.36187744140625 -6.4966840744018555 -307.9214782714844
v -402.3716735839844 -6.4966840744018555 -308.48162841796875
v -402.425537109375 -5.7748565673828125 -308.3349304199219
v -402.4194030761719 -5.7748565673828125 -307.9844970703125
v -402.3716735839844 -6.4966840744018555 -308.48162841796875
v -402.869873046875 -6.4966840744018555 -308.4729309082031
v -402.7344055175781 -5.7748565673828125 -308.32952880859375
v -402.425537109375 -5.7748565673828125 -308.3349304199219
v -402.028076171875 -6.4966840744018555 -308.4876403808594
v -402.018310546875 -6.4966840744018555 -307.9274597167969
v -401.9630126953125 -5.7748565673828125 -307.9924621582031
v -401.9691467285156 -5.7748565673828125 -308.3429260253906
v -401.52008056640625 -6.4966840744018555 -307.9361877441406
v -402.1852722167969 -5.7748565673828125 -307.70660400390625
v -401.466064453125 -5.7748565673828125 -308.5519104003906
v -401.4369812011719 -5.7748565673828125 -306.8868713378906
v -402.9335632324219 -5.7748565673828125 -308.52630615234375
v -402.90447998046875 -5.7748565673828125 -306.86126708984375
v -401.52008056640625 -6.4966840744018555 -307.9361877441406
v -401.5298767089844 -6.4966840744018555 -308.4963073730469
v -401.6602783203125 -5.7748565673828125 -308.3482971191406
v -401.6541442871094 -5.7748565673828125 -307.99786376953125
vn 0.29680612683296204 -0.7928509712219238 -0.532253086566925
vn 0.12246064096689224 -0.720395028591156 -0.6826671361923218
vn 0.3869428038597107 -0.7646510004997253 -0.515348494052887
vn -0.7331870198249817 -0.595184862613678 -0.32892516255378723
vn -0.9415097236633301 -0.2889556586742401 -0.1733902543783188
vn -0.7276250720024109 -0.4827965795993805 -0.4873080253601074
vn 0.40160757303237915 -0.7521229386329651 0.5225155353546143
vn 0.6235043406486511 -0.4965643584728241 0.6038759350776672
vn 0.3603286147117615 -0.719151496887207 0.5941249132156372
vn 0.3161962330341339 -0.6804851293563843 0.6610295176506042
vn 0.21162329614162445 -0.8045670390129089 0.5548761487007141
vn -0.8458159565925598 -0.5057966113090515 0.16960318386554718
vn -0.8471614122390747 -0.246715247631073 0.47058379650115967
vn -0.9460543394088745 -0.28332415223121643 0.1571900099515915
vn -0.26304036378860474 -0.7052192091941833 -0.6583886742591858
vn -0.41556158661842346 -0.4275815784931183 -0.8027967214584351
vn -0.1542559415102005 -0.6041679978370667 -0.781783938407898
vn -0.6353505849838257 -0.208277627825737 -0.7436060905456543
vn -0.492156982421875 -0.2323974221944809 -0.8389117121696472
vn -0.3620207607746124 -0.7799856066703796 -0.5104540586471558
vn 0.0134394196793437 -0.8329582214355469 -0.5531726479530334
vn -0.17755208909511566 -0.8215630650520325 -0.5417649745941162
vn 0.0071358997374773026 -0.2608517110347748 -0.9653525352478027
vn -0.3341153562068939 -0.24950596690177917 -0.9089080095291138
vn -0.5881703495979309 -0.7849494218826294 0.19470547139644623
vn -0.4194221496582031 -0.8662787675857544 0.2713779807090759
vn -0.49202054738998413 -0.7911015748977661 0.36341989040374756
vn -0.6353505849838257 -0.208277627825737 -0.7436060905456543
vn -0.3620207607746124 -0.7799856066703796 -0.5104540586471558
vn -0.3903156518936157 -0.8340004086494446 -0.38999614119529724
vn -0.6244425773620605 -0.6502724289894104 -0.4326861798763275
vn -0.7110731601715088 -0.6851065754890442 -0.15812629461288452
vn 0.2137371301651001 -0.5562036037445068 -0.8030902743339539
vn 0.3475325405597687 -0.24095596373081207 -0.9061795473098755
vn 0.5045300126075745 -0.2198958545923233 -0.8349223732948303
vn 0.6463061571121216 -0.1922016143798828 -0.738476037979126
vn -0.4311038851737976 -0.9022902846336365 0.00464284885674715
vn 0.8488019108772278 -0.2473297119140625 0.4672936499118805
vn 0.40160757303237915 -0.7521229386329651 0.5225155353546143
vn 0.42879417538642883 -0.8091674447059631 0.4017258882522583
vn -0.41149574518203735 -0.872812807559967 -0.26242929697036743
vn -0.42517492175102234 -0.8957151770591736 -0.1300787776708603
vn -0.2710339426994324 -0.8044772148132324 -0.5285423398017883
vn 0.7294111251831055 -0.6317023634910583 0.2625102698802948
vn 0.44801226258277893 -0.8511748313903809 0.2734707295894623
vn 0.458904892206192 -0.8773647546768188 0.14013366401195526
vn 0.11297489702701569 -0.8188346028327942 0.5628024339675903
vn 0.013196992687880993 -0.8249155282974243 0.5651019215583801
vn 0.46126943826675415 -0.8872501850128174 0.004192423541098833
vn 0.8551786541938782 -0.4642615020275116 0.23050102591514587
vn 0.30815589427948 -0.7822554707527161 0.541402280330658
vn -0.032701730728149414 -0.774900496006012 0.6312366127967834
vn -0.08671285212039948 -0.822749137878418 0.5617515444755554
vn -0.18575574457645416 -0.8123569488525391 0.5527848601341248
vn 0.8488019108772278 -0.2473297119140625 0.4672936499118805
vn 0.0015475733671337366 -0.46606001257896423 0.8847517371177673
vn 0.7733259201049805 -0.6332949995994568 -0.03007259964942932
vn 0.7829700112342834 -0.4552863538265228 -0.4238778054714203
vn 0.8409247398376465 -0.24837759137153625 -0.4807848036289215
vn 0.3869428038597107 -0.7646510004997253 -0.515348494052887
vn 0.6463061571121216 -0.1922016143798828 -0.738476037979126
vn 0.5058824419975281 -0.7606953382492065 -0.40672561526298523
vn 0.6116886138916016 -0.7369910478591919 -0.2875436246395111
vn 0.4403981864452362 -0.8576796054840088 -0.2653960883617401
vn -0.19717803597450256 -0.6472631096839905 0.736322820186615
vn -0.48340168595314026 -0.4074634611606598 0.774787962436676
vn -0.37729838490486145 -0.7673919796943665 0.5184162855148315
vn 0.5454373359680176 -0.8256816864013672 -0.14404135942459106
vn -0.5224304795265198 0.644184947013855 0.5586520433425903
vn -0.5956451892852783 0.5444183945655823 0.5906060338020325
vn -0.7087392807006836 -0.061944421380758286 0.7027456760406494
vn -0.6838580965995789 0.7295368313789368 0.010683679953217506
vn 0.10919088870286942 -0.8271625638008118 -0.5512526035308838
vn 0.20393718779087067 -0.813752293586731 -0.5442579388618469
vn -0.8509600758552551 -0.03184431418776512 0.5242640972137451
vn -0.9922612905502319 0.12389957159757614 0.008150124922394753
vn -0.9938902258872986 0.014271840453147888 0.10944633185863495
vn -0.08243577182292938 -0.8310859799385071 -0.5500003695487976
vn 0.8249608278274536 -0.5559954643249512 0.10153216868638992
vn 1 0.00009069652151083574 2.286682093677328e-10
vn 0.9227438569068909 -0.3854137063026428 -4.2371152630948927e-7
vn 0.7059253454208374 -0.0638905018568039 0.7053987979888916
vn 0.7142413854598999 -0.01061953604221344 0.6998189091682434
vn 0.7142413854598999 -0.01061953604221344 0.6998189091682434
vn 0.7093232870101929 0.7045745253562927 0.020862910896539688
vn 0.5279048085212708 0.7185032963752747 0.4528460204601288
vn 0.5997747778892517 0.5151836276054382 0.6122548580169678
vn 0.7067479491233826 -0.09998002648353577 0.7003651857376099
vn 1 0.00009069652151083574 2.286682093677328e-10
vn 0.4175502061843872 -0.818773090839386 -0.3940334916114807
vn 0.4550621211528778 -0.8806476593017578 -0.1318267434835434
vn 0.9451971054077148 -0.27786868810653687 -0.17143964767456055
vn -0.7041104435920715 0.027670258656144142 0.7095511555671692
vn 0.9479202628135681 -0.27750641107559204 0.15632450580596924
vn -0.5783106684684753 -0.5972281694412231 -0.5557653903961182
vn 0.6994829773902893 -0.592517614364624 0.3995577096939087
vn 0.7319390773773193 -0.33158165216445923 -0.5952468514442444
vn 0.7016147375106812 -0.6941536068916321 -0.1608966588973999
vn -0.2829414904117584 -0.7938428521156311 0.5382914543151855
vn 0.9053015112876892 -0.26672959327697754 -0.33058202266693115
vn -0.436724990606308 -0.7829498052597046 0.44301334023475647
vn -0.40202438831329346 -0.8243486881256104 0.39852941036224365
vn -0.37729838490486145 -0.7673919796943665 0.5184162855148315
vn 0.672554612159729 -0.4967690110206604 -0.5485351085662842
vn -0.9569511413574219 -0.2901325821876526 -0.008213147521018982
vn -0.5144545435905457 -0.8515943288803101 0.10061635076999664
vn -0.42917460203170776 -0.8924182057380676 0.13927984237670898
vn -0.7599648237228394 -0.5462352633476257 0.3522505760192871
vn -0.6621183156967163 -0.7491675019264221 0.01864141970872879
vn -0.6871640682220459 -0.337848037481308 0.6431673765182495
vn -0.8471614122390747 -0.246715247631073 0.47058379650115967
vn -0.8340244889259338 -0.2629939615726471 -0.48501279950141907
vn 0.00011084863217547536 0.04136426001787186 0.9991441369056702
vn 0.20268557965755463 0.015161286108195782 0.9791264533996582
vn 0.29650697112083435 0.015711482614278793 0.9549014568328857
vn -0.940739095211029 -0.2260197401046753 0.2528339922428131
vn -0.8471614122390747 -0.246715247631073 0.47058379650115967
vn -0.9900780320167542 -0.14041352272033691 0.005434850230813026
vn 0.9547532796859741 -0.25073933601379395 -0.15992508828639984
vn 0.8535318374633789 -0.22364144027233124 -0.4706037938594818
vn 0.921192467212677 -0.22977225482463837 -0.31402066349983215
vn 0.9620153307914734 -0.22920894622802734 -0.14828895032405853
vn 0.7610044479370117 -0.21099506318569183 -0.6134763360023499
vn 0.6463061571121216 -0.1922016143798828 -0.738476037979126
vn 0.7846562266349792 -0.17440199851989746 -0.5948936939239502
vn 0.8409247398376465 -0.24837759137153625 -0.4807848036289215
vn 0.9297494292259216 -0.20949870347976685 -0.3027809262275696
vn 0.9107227921485901 -0.1575586199760437 -0.3817843198776245
vn 0.9699448943138123 -0.24312081933021545 0.009954327717423439
vn 0.9533374309539795 -0.2508823871612549 0.16794578731060028
vn 0.9126129746437073 -0.2522972822189331 0.3216886520385742
vn 0.9737522602081299 -0.21140329539775848 0.08435090631246567
vn 0.8488019108772278 -0.2473297119140625 0.4672936499118805
vn 0.955926775932312 -0.18121086061000824 -0.2310120165348053
vn 0.966561496257782 -0.16698674857616425 -0.19461315870285034
vn 0.9769123196601868 -0.2002721130847931 -0.07438702136278152
vn -0.9341309070587158 -0.1818690448999405 -0.30712050199508667
vn -0.8475899696350098 -0.10144267231225967 -0.5208654403686523
vn -0.8936188817024231 -0.19170144200325012 -0.4058275520801544
vn -0.9560133218765259 -0.2236524522304535 -0.18978428840637207
vn -0.7857284545898438 -0.11082563549280167 -0.6085625886917114
vn -0.6754281520843506 -0.06944525241851807 -0.7341486215591431
vn -0.7147480845451355 -0.11892241984605789 -0.6891970038414001
vn -0.8428470492362976 -0.19933287799358368 -0.4998752474784851
vn -0.9264757633209229 -0.23736858367919922 -0.29205983877182007
vn -0.7823986411094666 -0.2046758085489273 -0.5881839394569397
vn -0.7129673957824707 -0.20766884088516235 -0.6697396636009216
vn -0.6357489824295044 -0.12199334055185318 -0.7621947526931763
vn -0.6353505849838257 -0.208277627825737 -0.7436060905456543
vn -0.7646735310554504 0.6444178819656372 0.00007602774712722749
vn -0.7564946413040161 0.6331232190132141 -0.163923442363739
vn -0.7618368268013 0.5709949731826782 -0.3058909773826599
vn -0.7278221249580383 0.6046770215034485 -0.3234821856021881
vn 0.7553795576095581 0.6341773271560669 -0.16498757898807526
vn 0.7627390027046204 0.6413868069648743 -0.08277784287929535
vn 0.8317845463752747 0.54712975025177 -0.093719981610775
vn 0.764862596988678 0.6441934704780579 1.193346861327882e-7
vn -0.5980917811393738 -0.33785223960876465 -0.7267338037490845
vn -0.6594263911247253 -0.5955713391304016 -0.4587500989437103
vn -0.006639687344431877 -0.6488417387008667 -0.7608944177627563
vn 0.8098525404930115 0.5269914865493774 -0.25771862268447876
vn 0.8798388242721558 0.4376554489135742 -0.18531420826911926
vn 0.7251905798912048 0.6067776083946228 -0.3254527449607849
vn 0.9079354405403137 0.3182535767555237 -0.2727048993110657
vn -0.8784102201461792 -0.15009501576423645 -0.4537256360054016
vn 0.01798461750149727 -0.021369418129324913 0.9996098875999451
vn -0.3661119043827057 0.03986062481999397 0.9297167658805847
vn -0.37254029512405396 0.003421117551624775 0.9280096292495728
vn -0.7041104435920715 0.027670258656144142 0.7095511555671692
vn -0.8509600758552551 -0.03184431418776512 0.5242640972137451
vn 0.9830447435379028 0.011172185651957989 -0.18302565813064575
vn 0.9451457262039185 0.293432354927063 -0.1435161978006363
vn 0.9851111173629761 0.1413416564464569 -0.09787020832300186
vn 0.9925063848495483 -0.08009552955627441 -0.0922812670469284
vn 0.9854390025138855 -0.17002934217453003 -3.1497368269128856e-8
vn -0.6794326901435852 0.5598499178886414 -0.47427770495414734
vn -0.6126372218132019 0.4998563230037689 -0.6122248768806458
vn -0.6970015168190002 0.5444276332855225 -0.4666770398616791
vn 0.9585164785385132 0.16698218882083893 -0.23100467026233673
vn 0.957211434841156 0.10225383937358856 -0.2707219421863556
vn 0.7871009707450867 0.35938042402267456 -0.5013160109519958
vn 0.7653829455375671 0.48898035287857056 -0.4184343218803406
vn 0.8584169149398804 0.2778199017047882 -0.4312034547328949
vn 0.8534656763076782 0.15956465899944305 -0.4961203932762146
vn 0.9154369235038757 0.19163256883621216 -0.3539096713066101
vn 0.8527682423591614 0.34531068801879883 -0.39185068011283875
vn -0.648696780204773 0.4705215096473694 -0.5981654524803162
vn -0.6832263469696045 0.4400769770145416 -0.5826953053474426
vn -0.779974102973938 0.4615219235420227 -0.42265579104423523
vn -0.7473739385604858 0.3761484920978546 -0.547671914100647
vn -0.7938701510429382 0.5358278155326843 -0.2875041961669922
vn -0.8818250894546509 0.3038630485534668 -0.3606269061565399
vn -0.6629782319068909 0.3155200481414795 -0.678901195526123
vn -0.6292341351509094 0.34726813435554504 -0.6953195333480835
vn -0.5600062608718872 0.24605092406272888 -0.7911080121994019
vn -0.7141710519790649 0.5287792086601257 -0.45864176750183105
vn -0.7161446809768677 0.4085945785045624 -0.5658509135246277
vn -0.547286331653595 0.0751233622431755 -0.8335670828819275
vn -0.5955861210823059 0.21360531449317932 -0.7743706703186035
vn -0.45183035731315613 -0.03215935826301575 -0.8915240168571472
vn -0.6296181678771973 0.18060460686683655 -0.7556209564208984
vn 0.8353025913238525 0.03645388036966324 -0.5485805869102478
vn 0.7733088135719299 -0.04274924471974373 -0.6325868368148804
vn 0.7700785994529724 0.12349285185337067 -0.625882089138031
vn 0.6980345845222473 -0.12121821194887161 -0.7057293057441711
vn 0.8200581669807434 -0.14210546016693115 -0.5543560981750488
vn -0.7560204267501831 0.04051429033279419 -0.6532930135726929
vn -0.6968514919281006 0.28175485134124756 -0.659554660320282
vn -0.9466848969459534 0.1284448355436325 -0.29544851183891296
vn -0.9889554381370544 -0.006111485417932272 -0.14808760583400726
vn -0.9648762941360474 0.21386601030826569 -0.15256163477897644
vn -0.9552049040794373 -0.12571488320827484 -0.26791664958000183
vn -0.5600062608718872 0.24605092406272888 -0.7911080121994019
vn -0.7990779876708984 0.1874431073665619 -0.5712612271308899
vn -0.6126372218132019 0.4998563230037689 -0.6122248768806458
vn -0.5622568726539612 0.6050065755844116 -0.5637679100036621
vn -0.9609177112579346 -0.268078088760376 -0.06907419115304947
vn -0.9460543394088745 -0.28332415223121643 0.1571900099515915
vn -0.9690884351730347 -0.2440655678510666 0.036049652844667435
vn -0.8859742283821106 -0.24978475272655487 -0.39071398973464966
vn -0.9415097236633301 -0.2889556586742401 -0.1733902543783188
vn -0.9321696758270264 -0.251887708902359 0.26002389192581177
vn -0.9639184474945068 -0.16994863748550415 -0.2048874795436859
vn -0.9754495024681091 -0.21838133037090302 0.028422478586435318
vn -0.981070876121521 -0.1925314962863922 0.02077375166118145
vn -0.9826390743255615 -0.156077042222023 -0.10030210018157959
vn 0.8739632964134216 -0.1844887137413025 -0.4496133625507355
vn 0.8214195370674133 -0.19958676397800446 -0.5342612862586975
vn 0.7960681319236755 -0.15481162071228027 -0.5850717425346375
vn 0.9637930989265442 -0.26664498448371887 -0.0018740707309916615
vn 0.9451971054077148 -0.27786868810653687 -0.17143964767456055
vn 0.9364314079284668 -0.25263485312461853 -0.24345844984054565
vn 0.9109201431274414 -0.253976970911026 -0.32514646649360657
vn 0.9819763898849487 -0.18530182540416718 -0.037223879247903824
vn 0.9646263122558594 -0.23140227794647217 0.12628991901874542
vn -0.5920566320419312 -0.07667633891105652 -0.8022404313087463
vn -0.7143275737762451 -0.16454477608203888 -0.6801920533180237
vn 0.5600646138191223 -0.08146565407514572 0.8244337439537048
vn 0.5552554726600647 -0.11559292674064636 0.8236076235771179
vn 0.7067479491233826 -0.09998002648353577 0.7003651857376099
vn 0.3925178647041321 -0.05991654470562935 0.9177906513214111
vn 0.39154714345932007 -0.04037944972515106 0.9192716479301453
vn 0.21034912765026093 -0.03613543510437012 0.9769583344459534
vn 0.20532788336277008 -0.07023297250270844 0.9761698842048645
vn 0.020344482734799385 -0.011008210480213165 0.9997324347496033
vn 0.20978671312332153 -0.026173021644353867 0.9773967862129211
vn 0.9053015112876892 -0.26672959327697754 -0.33058202266693115
vn -0.9569511413574219 -0.2901325821876526 -0.008213147521018982
vn 0.6980345845222473 -0.12121821194887161 -0.7057293057441711
vn 0.7486750483512878 -0.1338897943496704 -0.649276077747345
vn 0.7022275328636169 0.06910363584756851 -0.7085908651351929
vn 0.7948891520500183 -0.14576980471611023 -0.5889841318130493
vn 0.7058419585227966 -0.2505582571029663 -0.6625766158103943
vn 0.5660792589187622 -0.011362653225660324 0.8242725133895874
vn 0.5660792589187622 -0.011362653225660324 0.8242725133895874
vn 0.3967224657535553 -0.011680339463055134 0.9178643226623535
vn 0.7142413854598999 -0.01061953604221344 0.6998189091682434
vn 0.5637946128845215 -0.026002217084169388 0.8255054950714111
vn 0.562010645866394 0.003091017249971628 0.8271241784095764
vn 0.5660792589187622 -0.011362653225660324 0.8242725133895874
vn 0.7142413854598999 -0.01061953604221344 0.6998189091682434
vn 0.38754189014434814 0.01667926274240017 0.9217012524604797
vn -0.9101406931877136 0.013696768321096897 -0.4140729010105133
vn -0.7887288928031921 0.5972843766212463 -0.1454581618309021
vn 0.880882203578949 -0.06109820306301117 -0.46937572956085205
vn 0.6065501570701599 0.503287672996521 -0.6154659986495972
vn 0.7026767134666443 0.434955894947052 -0.5630797147750854
vn 0.6848510503768921 0.22932939231395721 -0.6916553378105164
vn 0.6065501570701599 0.503287672996521 -0.6154659986495972
vn 0.6809660792350769 0.25692060589790344 -0.685767412185669
vn 0.5872558355331421 0.5516108870506287 -0.592331051826477
vn 0.6779614090919495 -0.28563714027404785 -0.677332878112793
vn 0.6463061571121216 -0.1922016143798828 -0.738476037979126
vn 0.6692711710929871 -0.4094234108924866 -0.620039165019989
vn 0.7004838585853577 -0.37522488832473755 -0.6070654988288879
vn 0.675123393535614 0.5627453923225403 -0.47699692845344543
vn 0.635020911693573 0.43542468547821045 -0.6380861401557922
vn 0.8729740381240845 -0.16687935590744019 -0.4583313465118408
vn 0.5660572648048401 0.5981453657150269 -0.56727534532547
vn 0.21251180768013 -0.011560697108507156 0.977090060710907
vn 0.21251180768013 -0.011560697108507156 0.977090060710907
vn 0.6652473211288452 -0.5093415379524231 -0.5459095239639282
vn 0.5153273940086365 -0.5463799238204956 -0.6602323651313782
vn 0.6509153842926025 -0.6013674139976501 -0.46332108974456787
vn 0.3487260341644287 -0.4585103690624237 -0.8174095749855042
vn 0.17470002174377441 -0.5655134916305542 -0.806023895740509
vn 0.3967224657535553 -0.011680339463055134 0.9178643226623535
vn 0.7059253454208374 -0.0638905018568039 0.7053987979888916
vn 0.0071358997374773026 -0.2608517110347748 -0.9653525352478027
vn 0.3475325405597687 -0.24095596373081207 -0.9061795473098755
vn -0.8340244889259338 -0.2629939615726471 -0.48501279950141907
vn 0.9479202628135681 -0.27750641107559204 0.15632450580596924
vn -0.3476405441761017 -0.4641338884830475 -0.8146936297416687
vn -0.17444325983524323 -0.371415913105011 -0.9119319319725037
vn -0.3341153562068939 -0.24950596690177917 -0.9089080095291138
vn 0.6820605397224426 -0.49289289116859436 -0.5402315258979797
vn 0.836404025554657 -0.15678806602954865 -0.5252103209495544
vn 0.796269953250885 -0.2743392884731293 -0.5391586422920227
vn 0.804405689239502 0.04661035165190697 -0.5922490954399109
vn 0.5081528425216675 -0.3323120176792145 -0.7945749759674072
vn 0.5045300126075745 -0.2198958545923233 -0.8349223732948303
vn -0.2484779804944992 -0.36908358335494995 -0.8955646753311157
vn -0.45183035731315613 -0.03215935826301575 -0.8915240168571472
vn -0.4794130325317383 -0.030626779422163963 0.877054750919342
vn -0.37560442090034485 -0.04530269280076027 0.9256721138954163
vn 0.6629246473312378 -0.30316123366355896 -0.6845612525939941
vn 0.00025430170353502035 -0.46620482206344604 -0.8846767544746399
vn -0.6353505849838257 -0.208277627825737 -0.7436060905456543
vn -0.492156982421875 -0.2323974221944809 -0.8389117121696472
vn 0.5589701533317566 -0.05310729518532753 0.8274853229522705
vn 0.5768903493881226 0.5751111507415771 -0.58003830909729
vn -3.150020688735822e-8 -0.13428211212158203 0.9909431338310242
vn 0.38245102763175964 -0.12676911056041718 0.9152381420135498
vn 0.5997747778892517 0.5151836276054382 0.6122548580169678
vn 0.5971450209617615 0.5276631712913513 -0.6041434407234192
vn 0.90013188123703 -0.2077198624610901 -0.38290342688560486
vn 0.34202778339385986 0.21721304953098297 0.9142403602600098
vn 0.8930887579917908 -0.1711665838956833 -0.4160462021827698
vn 0.9702550172805786 -0.21491578221321106 -0.11142885684967041
vn 0.9745253324508667 -0.22194623947143555 -0.03225264325737953
vn -0.9194250702857971 -0.1377437561750412 -0.3683534860610962
vn -0.8162711262702942 -0.15764641761779785 -0.5557419657707214
vn -0.784577488899231 -0.1603086292743683 -0.5989485383033752
vn -0.6998888850212097 -0.09589078277349472 -0.7077856659889221
vn -0.3602982759475708 0.10408404469490051 0.9270122051239014
vn 0.0315132737159729 0.045559111982584 0.9984644651412964
vn -0.6937245726585388 0.1457424759864807 0.705340564250946
vn -0.588621199131012 0.5535356402397156 -0.5891716480255127
vn -0.960347056388855 -0.19687868654727936 -0.19741424918174744
vn -0.9859483242034912 -0.1665356606245041 0.013109271414577961
vn -0.8650251030921936 0.25765684247016907 -0.4305165410041809
vn -0.9301527142524719 0.2607714831829071 -0.25848451256752014
vn 0.8829514980316162 0.11503096669912338 -0.4551534354686737
vn 0.8143304586410522 0.1419747918844223 -0.5627692341804504
vn 0.9556691646575928 -0.07387231290340424 -0.2850251793861389
vn 0.742834746837616 0.6226145029067993 -0.24606473743915558
vn 0.7025683522224426 0.5867754817008972 -0.40260669589042664
vn 0.000008200240699807182 -0.1399414986371994 0.9901597499847412
vn -0.7087392807006836 -0.061944421380758286 0.7027456760406494
vn -0.5956451892852783 0.5444183945655823 0.5906060338020325
vn 0.3921422064304352 0.0019376591080799699 0.9199026226997375
vn -0.7441586852073669 -0.665791928768158 0.05430399999022484
vn -0.6594263911247253 -0.5955713391304016 -0.4587500989437103
vn -0.8784102201461792 -0.15009501576423645 -0.4537256360054016
vn -0.9861476421356201 -0.16586986184120178 -7.039565730337927e-8
vn 0.9823150634765625 -0.18723544478416443 -0.000009825217603065539
vn 0.8729740381240845 -0.16687935590744019 -0.4583313465118408
vn 0.6509153842926025 -0.6013674139976501 -0.46332108974456787
vn 0.7333764433860779 -0.6779903173446655 0.049881160259246826
vn -0.00020574478548951447 -0.9980076551437378 0.06309230625629425
vn -0.006639687344431877 -0.6488417387008667 -0.7608944177627563
vn -0.37277743220329285 -0.9005782008171082 -0.22359779477119446
vn 0.9061599373817444 0.3280803859233856 -0.2669034004211426
vn 0.6831462383270264 0.7302815914154053 -0.000013561057130573317
vn 0.5660572648048401 0.5981453657150269 -0.56727534532547
vn -0.955418586730957 -0.295078843832016 0.010186118073761463
vn -0.9922612905502319 0.12389957159757614 0.008150124922394753
vn -0.6937245726585388 0.1457424759864807 0.705340564250946
vn -0.7041104435920715 0.027670258656144142 0.7095511555671692
vn -0.907966673374176 0.25750476121902466 -0.33058708906173706
vn -0.5622568726539612 0.6050065755844116 -0.5637679100036621
vn -0.680753231048584 0.7325127720832825 -8.115219998217071e-7
vn 0.4347611665725708 -0.7937606573104858 -0.4253547489643097
vn -0.2974072992801666 -0.9166830778121948 -0.2669101059436798
vn -0.2746116816997528 -0.8767144680023193 -0.39491787552833557
vn -0.22760553658008575 -0.9152551293373108 -0.3324211537837982
vn 0.21936632692813873 -0.9376254081726074 -0.2696983218193054
vn 0.12055714428424835 -0.9527450799942017 -0.278823584318161
vn 0.11839871108531952 -0.900471031665802 -0.4184899628162384
vn 0.020533360540866852 -0.9582659602165222 -0.2851397693157196
vn 0.1244523748755455 -0.9832854866981506 -0.13289505243301392
vn 0.20393718779087067 -0.813752293586731 -0.5442579388618469
vn 0.2141002118587494 -0.8858190774917603 -0.4116861820220947
vn 0.3077412247657776 -0.8640158176422119 -0.3984622061252594
vn 0.23697978258132935 -0.9623597860336304 -0.1330578774213791
vn 0.346258282661438 -0.9283648133277893 -0.13507021963596344
vn 0.24995017051696777 -0.968238890171051 0.00618952140212059
vn 0.4403981864452362 -0.8576796054840088 -0.2653960883617401
vn 0.4550621211528778 -0.8806476593017578 -0.1318267434835434
vn 0.3869428038597107 -0.7646510004997253 -0.515348494052887
vn 0.4175502061843872 -0.818773090839386 -0.3940334916114807
vn 0.29680612683296204 -0.7928509712219238 -0.532253086566925
vn 0.0134394196793437 -0.8329582214355469 -0.5531726479530334
vn 0.017175491899251938 -0.9055824875831604 -0.42382243275642395
vn -0.08411037176847458 -0.9049110412597656 -0.4172065854072571
vn -0.08243577182292938 -0.8310859799385071 -0.5500003695487976
vn 0.10919088870286942 -0.8271625638008118 -0.5512526035308838
vn -0.08198515325784683 -0.9858218431472778 0.146402508020401
vn -0.20840346813201904 -0.9780218005180359 0.006434239912778139
vn -0.09192541241645813 -0.9957398176193237 0.007201905827969313
vn 0.025828706100583076 -0.9996355175971985 0.007869599387049675
vn -0.07769924402236938 -0.9882313013076782 -0.1317632496356964
vn 0.02337169647216797 -0.9875733256340027 0.155411034822464
vn 0.020402386784553528 -0.9538637399673462 0.29954588413238525
vn 0.12857288122177124 -0.9807050824165344 0.14726363122463226
vn -0.4311038851737976 -0.9022902846336365 0.00464284885674715
vn -0.3104526698589325 -0.9411348700523376 -0.13373199105262756
vn 0.11297489702701569 -0.8188346028327942 0.5628024339675903
vn 0.16768185794353485 -0.8525983691215515 0.49493324756622314
vn 0.21162329614162445 -0.8045670390129089 0.5548761487007141
vn 0.12242728471755981 -0.8939529061317444 0.4311144948005676
vn 0.2220555692911148 -0.8783226609230042 0.42336803674697876
vn 0.2666783630847931 -0.8335184454917908 0.4838695526123047
vn 0.3193570077419281 -0.8550421595573425 0.40855100750923157
vn 0.30815589427948 -0.7822554707527161 0.541402280330658
vn 0.40550681948661804 -0.9117262959480286 -0.06572138518095016
vn 0.46126943826675415 -0.8872501850128174 0.004192423541098833
vn 0.3579086661338806 -0.9337419867515564 0.005224529653787613
vn 0.4074879586696625 -0.91010582447052 0.0752398744225502
vn 0.3502580523490906 -0.9252594709396362 0.14565059542655945
vn 0.458904892206192 -0.8773647546768188 0.14013366401195526
vn 0.27442920207977295 -0.8969372510910034 0.34668752551078796
vn 0.22741547226905823 -0.9320148825645447 0.28218892216682434
vn 0.3400717079639435 -0.8978197574615479 0.27976956963539124
vn -0.3146165907382965 -0.9380747079849243 0.14502529799938202
vn -0.18725699186325073 -0.9414418339729309 0.28039607405662537
vn -0.08853480219841003 -0.8984494209289551 0.4300585687160492
vn -0.17886939644813538 -0.9468390345573425 -0.2673977017402649
vn -0.42517492175102234 -0.8957151770591736 -0.1300787776708603
vn 0.40071022510528564 -0.8917222023010254 0.21038763225078583
vn 0.44801226258277893 -0.8511748313903809 0.2734707295894623
vn -0.19552326202392578 -0.9718084931373596 -0.13175317645072937
vn -0.17755208909511566 -0.8215630650520325 -0.5417649745941162
vn -0.18027251958847046 -0.8944306969642639 -0.409262090921402
vn -0.2710339426994324 -0.8044772148132324 -0.5285423398017883
vn -0.13134437799453735 -0.866622805595398 -0.48136642575263977
vn 0.24104443192481995 -0.9595277905464172 0.14561589062213898
vn -0.3624012768268585 -0.9105595350265503 -0.19886374473571777
vn -0.41149574518203735 -0.872812807559967 -0.26242929697036743
vn -0.07956893742084503 -0.9573763608932495 -0.2776677906513214
vn -0.1320386677980423 -0.929739236831665 -0.34373074769973755
vn -0.18866141140460968 -0.8870317935943604 0.421404093503952
vn -0.18575574457645416 -0.8123569488525391 0.5527848601341248
vn -0.2867227792739868 -0.8678715825080872 0.40569570660591125
vn -0.37729838490486145 -0.7673919796943665 0.5184162855148315
vn -0.2829414904117584 -0.7938428521156311 0.5382914543151855
vn -0.40202438831329346 -0.8243486881256104 0.39852941036224365
vn -0.4194221496582031 -0.8662787675857544 0.2713779807090759
vn -0.3056262731552124 -0.9106740355491638 0.27796676754951477
vn -0.42917460203170776 -0.8924182057380676 0.13927984237670898
vn -0.19975823163986206 -0.9690850973129272 0.14481283724308014
vn 0.3321850299835205 -0.9039186239242554 -0.2694148123264313
vn 0.023439092561602592 -0.989848792552948 -0.14017841219902039
vn -0.08671285212039948 -0.822749137878418 0.5617515444755554
vn 0.013196992687880993 -0.8249155282974243 0.5651019215583801
vn 0.016985855996608734 -0.8992453813552856 0.4371146857738495
vn 0.36185750365257263 -0.8066481351852417 0.46730923652648926
vn 0.40160757303237915 -0.7521229386329651 0.5225155353546143
vn 0.42879417538642883 -0.8091674447059631 0.4017258882522583
vn 0.3853653073310852 -0.8568454384803772 0.342504620552063
vn -0.31953057646751404 -0.8315101861953735 -0.45441290736198425
vn -0.3620207607746124 -0.7799856066703796 -0.5104540586471558
vn -0.3903156518936157 -0.8340004086494446 -0.38999614119529724
vn -0.3446212410926819 -0.8787607550621033 -0.3301754593849182
vn 0.32194387912750244 0.7663666605949402 -0.5559085607528687
vn 0.24012669920921326 0.7939280867576599 -0.5585851669311523
vn 0.32684946060180664 0.7549018263816833 -0.568588376045227
vn 0.6603294014930725 0.7052755951881409 -0.257975697517395
vn 0.742834746837616 0.6226145029067993 -0.24606473743915558
vn 0.7251905798912048 0.6067776083946228 -0.3254527449607849
vn 0.58327716588974 0.7907527089118958 -0.18573589622974396
vn 0.6739408373832703 0.7173748016357422 -0.17657019197940826
vn 0.6232432126998901 0.7497463822364807 -0.22236955165863037
vn -0.4941782057285309 0.8401484489440918 -0.22346943616867065
vn -0.7191970944404602 0.658013641834259 -0.22309990227222443
vn -0.7386747002601624 0.6572897434234619 -0.14943139255046844
vn -0.4062597453594208 0.8006659746170044 -0.4403260052204132
vn -0.6678500771522522 0.6480161547660828 -0.3661300837993622
vn -0.695543110370636 0.6549164652824402 -0.2954728901386261
vn -0.6362789869308472 0.6373529434204102 -0.43466120958328247
vn 0.04923892393708229 0.8668752908706665 -0.49608737230300903
vn 0.06090709939599037 0.8499112725257874 -0.523393988609314
vn 0.1455158293247223 0.8351827263832092 -0.5303724408149719
vn 0.42933911085128784 0.6776353120803833 -0.5970580577850342
vn 0.5082062482833862 0.6236056685447693 -0.5940053462982178
vn 0.4233453869819641 0.6884695887565613 -0.5888873338699341
vn 0.5872558355331421 0.5516108870506287 -0.592331051826477
vn 0.5768903493881226 0.5751111507415771 -0.58003830909729
vn 0.49650394916534424 0.6456515789031982 -0.5801877975463867
vn 0.5660572648048401 0.5981453657150269 -0.56727534532547
vn 0.4105835258960724 0.708972692489624 -0.573392391204834
vn 0.40611690282821655 0.7212689518928528 -0.5611060857772827
vn 0.22961580753326416 0.8149805068969727 -0.5320559144020081
vn -0.3105510473251343 0.8747904300689697 -0.3718867599964142
vn -0.13229189813137054 0.8880655169487 -0.44027093052864075
vn -0.22807955741882324 0.8908543586730957 -0.39288458228111267
vn -0.14389736950397491 0.9002363085746765 -0.41093555092811584
vn -0.3210335671901703 0.8837155103683472 -0.3405648171901703
vn -0.4099486768245697 0.8668860793113708 -0.283638060092926
vn -0.32567811012268066 0.8883042335510254 -0.3238046169281006
vn -0.4864192008972168 0.8348487019538879 -0.257728636264801
vn -0.6401274800300598 0.7568737864494324 -0.131829172372818
vn -0.25391918420791626 0.9578227400779724 -0.13453873991966248
vn -0.5665085911750793 0.8004324436187744 -0.1958976686000824
vn -0.642526388168335 0.757732629776001 -0.11402150243520737
vn -0.7646735310554504 0.6444178819656372 0.00007602774712722749
vn 0.34980884194374084 0.8669739365577698 -0.35495060682296753
vn 0.34980887174606323 0.8669739961624146 -0.35495060682296753
vn 0.4259834587574005 0.7947971224784851 -0.4322449564933777
vn 0.3336436152458191 0.7454609274864197 -0.5770354270935059
vn 0.4170074164867401 0.6987931132316589 -0.5811997056007385
vn 0.15838760137557983 0.8177234530448914 -0.5533910989761353
vn 0.2471456527709961 0.7851823568344116 -0.567809522151947
vn -0.615005373954773 0.5979286432266235 -0.5140522122383118
vn -0.6333913207054138 0.6057776808738708 -0.4815068244934082
vn 0.26706361770629883 0.7572981119155884 -0.5959668755531311
vn 0.3590767979621887 0.705168604850769 -0.6113927960395813
vn 0.4351102411746979 0.6666355133056641 -0.605207622051239
vn 0.44698861241340637 0.6449846625328064 -0.619835376739502
vn 0.3051774799823761 0.8192419409751892 -0.48549917340278625
vn 0.5024157166481018 0.6346932053565979 -0.5871481895446777
vn 0.346478134393692 0.7254539132118225 -0.5947011709213257
vn 0.25388723611831665 0.7759835720062256 -0.5773999094963074
vn -0.12053515017032623 0.8748792409896851 -0.46910279989242554
vn -0.03578082099556923 0.8741192817687988 -0.48439162969589233
vn 0.06806603074073792 0.8426390290260315 -0.5341594815254211
vn 0.07497198134660721 0.8351112604141235 -0.5449479222297668
vn 0.17200009524822235 0.8007779717445374 -0.5737340450286865
vn -0.600903332233429 0.7551259398460388 -0.26210689544677734
vn -0.38076046109199524 0.7074202299118042 -0.5954645872116089
vn -0.5622568726539612 0.6050065755844116 -0.5637679100036621
vn -0.4686053395271301 0.6993958950042725 -0.5396798253059387
vn -0.18234525620937347 0.7784003019332886 -0.6007023453712463
vn 0.0023014310281723738 0.7286013960838318 -0.6849340200424194
vn 0.2676922082901001 0.9244239330291748 -0.27162688970565796
vn 0.4259834587574005 0.7947971224784851 -0.4322449862957001
vn 0.6065501570701599 0.503287672996521 -0.6154659986495972
vn 0.18102844059467316 0.9661712646484375 -0.1836891919374466
vn 0.13644908368587494 0.9809240102767944 -0.13845449686050415
vn 0.18102847039699554 0.9661712646484375 -0.1836891621351242
vn -0.6010130047798157 0.6229885816574097 -0.5006682276725769
vn -0.36639702320098877 0.7810142040252686 -0.5057371854782104
vn 0.11717332899570465 0.7798758149147034 -0.614869236946106
vn 0.09128967672586441 0.9915067553520203 -0.09263124316930771
vn 0.09128966182470322 0.9915067553520203 -0.0926312580704689
vn 0.2248382717370987 0.9473112225532532 -0.22814297676086426
vn 0.2676922380924225 0.9244239926338196 -0.27162688970565796
vn 0.043751269578933716 0.8754582405090332 -0.4813092052936554
vn 0.14006829261779785 0.8447934985160828 -0.5164347290992737
vn 0.5135342478752136 0.611924946308136 -0.6015233993530273
vn 0.30940818786621094 0.8976068496704102 -0.313956081867218
vn 0.4259834289550781 0.7947970628738403 -0.4322449564933777
vn 0.49492204189300537 0.7091193795204163 -0.5021969676017761
vn 0.22483830153942108 0.9473112225532532 -0.22814297676086426
vn 0.2676922678947449 0.9244239926338196 -0.27162688970565796
vn 0.47181856632232666 0.8382359147071838 -0.273400217294693
vn -0.6831490993499756 0.623591959476471 -0.3800531029701233
vn -0.6650927066802979 0.5870986580848694 -0.4614831507205963
vn -0.6984937191009521 0.5976301431655884 -0.3936302363872528
vn -0.6981472373008728 0.6272875666618347 -0.34510958194732666
vn -0.7278221249580383 0.6046770215034485 -0.3234821856021881
vn -0.6675412058830261 0.6185487508773804 -0.4144708812236786
vn -0.7246877551078796 0.6323733925819397 -0.2737360894680023
vn 0.2080429494380951 0.8609190583229065 -0.46425896883010864
vn -0.7363086342811584 0.6336167454719543 -0.23744364082813263
vn -0.7564946413040161 0.6331232190132141 -0.163923442363739
vn -0.7538629174232483 0.6527490615844727 -0.07489513605833054
vn -0.6126372218132019 0.4998563230037689 -0.6122248768806458
vn -0.6794326901435852 0.5598499178886414 -0.47427770495414734
vn 0.7553795576095581 0.6341773271560669 -0.16498757898807526
vn 1.8984380290021363e-7 1 1.675819447655158e-7
vn 0.4217858612537384 0.9066953659057617 1.582210416017915e-7
vn 0.30820685625076294 0.9462432265281677 -0.09814374893903732
vn 0.764862596988678 0.6441934704780579 1.193346861327882e-7
vn 0.6816921234130859 0.7255861759185791 -0.09391802549362183
vn 0.045742105692625046 0.99787437915802 -0.04641422629356384
vn 1.5976668521489046e-7 1 1.483689828774004e-7
vn 0.09128963202238083 0.9915067553520203 -0.0926312729716301
vn 0.6342601180076599 0.7602977156639099 -0.14021946489810944
vn -0.257498174905777 0.8483710289001465 -0.4625595808029175
vn 0.5072468519210815 0.8566876649856567 -0.09373925626277924
vn 0.15120820701122284 0.8256946802139282 -0.5434742569923401
vn 0.3401722013950348 0.7355910539627075 -0.5858229994773865
vn -0.569767951965332 0.8021929860115051 -0.17846842110157013
vn 0.23490814864635468 0.8045807480812073 -0.5454061627388
vn 0.5971450209617615 0.5276631712913513 -0.6041434407234192
vn -0.588621199131012 0.5535356402397156 -0.5891716480255127
vn -0.6284769177436829 0.5722640752792358 -0.5268117785453796
vn 1.2968956752956728e-7 1 1.2915602098928503e-7
vn 0.34980884194374084 0.8669739961624146 -0.3549506366252899
vn 0.13644905388355255 0.9809240102767944 -0.13845451176166534
vn 0.38872241973876953 0.8326554298400879 -0.39443621039390564
vn 0.24535144865512848 0.9590755701065063 -0.14133915305137634
vn 0.39169830083847046 0.9004043340682983 -0.18932630121707916
vn 0.5290287137031555 0.816780686378479 -0.2302124947309494
vn -0.37413519620895386 0.9059391021728516 -0.19823507964611053
vn -0.16037678718566895 0.9681918025016785 -0.1920521855354309
vn -0.08083369582891464 0.9920161366462708 -0.0967988595366478
vn 0.5997747778892517 0.5151836276054382 0.6122548580169678
vn 9.107687901632744e-7 1 -0.000004152757355768699
vn 0.7093232870101929 0.7045745253562927 0.020862910896539688
vn -0.06224602088332176 0.9682146310806274 -0.24225138127803802
vn 0.1424548327922821 0.937362790107727 -0.31789544224739075
vn -0.6838580965995789 0.7295368313789368 0.010683679953217506
vn -0.5956451892852783 0.5444183945655823 0.5906060338020325
vn 0.6077268719673157 0.7336398363113403 -0.3040403425693512
vn 0.5521525144577026 0.7569637298583984 -0.3494759202003479
vn 0.5578305721282959 0.6895570158958435 -0.4618832468986511
vn 0.675123393535614 0.5627453923225403 -0.47699692845344543
vn 0.6174115538597107 0.6658812165260315 -0.41881421208381653
vn 0.002576143015176058 0.6610068678855896 0.7503753900527954
vn 0.5131959319114685 0.799485445022583 -0.31217437982559204
vn 0.4907868802547455 0.7778012156486511 -0.3926236629486084
vn 0.586055338382721 0.712971568107605 -0.38498154282569885
vn 0.45185595750808716 0.8804105520248413 -0.1438867151737213
vn 0.7025683522224426 0.5867754817008972 -0.40260669589042664
vn -0.6415237188339233 0.5457392334938049 -0.5390881896018982
vn 0.5554536581039429 0.611396312713623 -0.5636184215545654
vn -0.3414924740791321 0.9372497200965881 -0.07032760232686996
vn -0.2373589724302292 0.9289074540138245 -0.2842388153076172
vn 0.07236975431442261 0.9842161536216736 -0.16149669885635376
vn -0.09212557971477509 0.9289582967758179 -0.35853758454322815
vn 0.10962939262390137 0.8937041759490967 -0.43505674600601196
vn 0.7627390027046204 0.6413868069648743 -0.08277784287929535
vn 0.49492204189300537 0.7091193795204163 -0.5021969676017761
vn 0.2464340180158615 0.906913697719574 -0.3417278528213501
vn 0.41196689009666443 0.8549982905387878 -0.31505733728408813
vn 0.5660572648048401 0.5981453657150269 -0.56727534532547
vn 0.6831462383270264 0.7302815914154053 -0.000013561057130573317
vn 0.3360607624053955 0.9163863062858582 -0.217483788728714
vn -0.07904224842786789 0.9170175790786743 -0.3909360468387604
vn -0.680753231048584 0.7325127720832825 -8.115219998217071e-7
vn -0.4089966118335724 0.887939453125 -0.21044065058231354
vn -0.5622568726539612 0.6050065755844116 -0.5637679100036621
vn 0.0023014310281723738 0.7286013960838318 -0.6849340200424194
vn -0.7588770985603333 -0.6511104702949524 0.012679019942879677
vn -0.7379719614982605 0.6745473146438599 0.019576897844672203
vn -0.9271241426467896 0.3742356598377228 0.019710185006260872
vn -0.9994905591011047 0.026783177629113197 0.017360666766762733
vn -0.7387596964836121 0.6739689111709595 -7.360550569046609e-8
vn -0.7661209106445312 -0.6426236629486084 0.009676411747932434
vn -0.7732624411582947 -0.6340510249137878 0.006672511342912912
vn 0.526983916759491 -0.8498748540878296 0.0008674542768858373
vn 0.28354328870773315 -0.9586945176124573 -0.022539950907230377
vn 0.2640945315361023 -0.9644860625267029 -0.004570827819406986
vn 0.24445173144340515 -0.9695688486099243 0.013401653617620468
vn 0.00010190252214670181 0.002042485633864999 -0.9999979138374329
vn 0.00007207360613392666 0.7078277468681335 -0.70638507604599
vn -0.012132469564676285 0.4937517046928406 -0.8695183396339417
vn -0.02345631644129753 0.2438342571258545 -0.9695332646369934
vn -0.034794069826602936 0.3601303994655609 -0.9322529435157776
vn 0.008097832091152668 -0.5749266147613525 0.8181648254394531
vn 3.7632895555361756e-7 0.727423906326294 0.6861883401870728
vn 0.01316646859049797 -0.12920793890953064 0.9915301203727722
vn 0.0011768469121307135 -0.8891329765319824 0.4576473832130432
vn 0.31383273005485535 -0.7792049646377563 0.5425390601158142
vn -3.013672156271241e-8 -0.05824536085128784 -0.9983022809028625
vn 0.0011231489479541779 -0.8995691537857056 -0.4367768466472626
vn 0.0009191647404804826 -0.753688633441925 -0.6572310328483582
vn 0.0006509480881504714 -0.555139422416687 -0.831757128238678
vn 0.2892792224884033 -0.8120569586753845 -0.5068342685699463
vn -3.013672511542609e-8 -0.05824536830186844 -0.9983024001121521
vn -3.013672156271241e-8 -0.05824536085128784 -0.9983022809028625
vn 0.7732474207878113 -0.6340693235397339 0.006672445219010115
vn 0.659010648727417 -0.7521238327026367 0.0038215306121855974
vn 0.7666065692901611 -0.6421121954917908 -0.002538299886509776
vn -0.658725380897522 -0.7523127198219299 0.01031690463423729
vn -0.24445243179798126 -0.96956866979599 0.013401969335973263
vn -0.5263250470161438 -0.8501733541488647 0.013681524433195591
vn -0.7732624411582947 -0.6340510249137878 0.006672511342912912
vn -0.7661209106445312 -0.6426236629486084 0.009676411747932434
vn -0.7387596368789673 0.6739690899848938 -8.71091003773472e-8
vn -0.9457777142524719 -0.3247600793838501 0.005959684960544109
vn -0.9996516108512878 0.026015054434537888 0.004446006380021572
vn -0.7730238437652588 -0.6343417167663574 0.006697633303701878
vn -0.7727850079536438 -0.6346322894096375 0.006722752936184406
vn 0.9457715153694153 -0.32477790117263794 0.005959405098110437
vn 0.7387721538543701 0.6739553213119507 8.217234892526903e-8
vn 0.999652087688446 0.02599613182246685 0.004445875529199839
vn 0.772773027420044 -0.6346468925476074 0.0067223599180579185
vn 0.7730103731155396 -0.6343581676483154 0.006697403267025948
vn 0.004396389238536358 -0.6903061866760254 0.7235040068626404
vn 0.001214067917317152 0.4784837067127228 0.8780955672264099
vn 0.015384512953460217 0.1531163901090622 0.9880883693695068
vn 0.027737075462937355 -0.19034361839294434 0.9813255667686462
vn 0.03648691624403 0.09358993917703629 0.9949419498443604
vn -7.645072628292837e-7 1 -1.4561601346940733e-7
vn -0.7387596964836121 0.6739689111709595 -7.360550569046609e-8
vn -0.5838165879249573 0.8118853569030762 0.0005668590310961008
vn -0.40375271439552307 0.9148675203323364 0.0011094005312770605
vn -0.7379719614982605 0.6745473146438599 0.019576897844672203
vn -0.0000011467600415926427 0.9999995231628418 0.0010149201843887568
vn -0.000001529011456113949 0.9999979138374329 0.002029984723776579
vn -0.23223842680454254 0.46255195140838623 0.8556349277496338
vn -0.4289902150630951 0.12700006365776062 0.8943368792533875
vn -0.00983484461903572 0.7347363829612732 0.6782814264297485
vn -0.16495461761951447 -0.2237500697374344 -0.9605862498283386
vn -0.32066774368286133 -0.37671932578086853 -0.8690539598464966
vn -2.602632420689588e-8 -0.07213319838047028 -0.9973950386047363
vn 0.7387725114822388 0.6739549040794373 1.2268401405890472e-7
vn -0.0000022935253127798205 1 7.280784330987444e-8
vn 0.20631815493106842 0.9784849882125854 1.5798242714026856e-7
vn 0.40376052260398865 0.914864718914032 2.363588436082864e-7
vn -0.0000011467626563899103 1 1.9129828388031456e-7
vn 0.20631928741931915 0.9784848093986511 2.79078250287057e-7
vn 0.7382674813270569 0.6745080351829529 0.000002968951548609766
vn 0 1 3.0978873155618203e-7
vn 0.738520085811615 0.6742315292358398 0.0000015458180087080109
vn 0.9273489117622375 0.37419024109840393 0.002357309218496084
vn 0.7387725114822388 0.6739549040794373 1.2268401405890472e-7
vn 0.738520085811615 0.6742315292358398 0.0000015458180087080109
vn 0.7382674813270569 0.6745080351829529 0.000002968951548609766
vn -0.6177326440811157 0.1532457321882248 -0.7713119387626648
vn 0 0.16654464602470398 -0.9860339164733887
vn -0.7020277380943298 0.16147485375404358 -0.6936014294624329
vn -0.5252758860588074 0.14299187064170837 -0.8388316631317139
vn -0.8089351654052734 0.12077584862709045 -0.5753582715988159
vn 0 0.12507861852645874 0.9921468496322632
vn -0.5253109931945801 0.10772035270929337 0.8440642952919006
vn -0.6182542443275452 0.12090685963630676 0.7766230702400208
vn -0.702937126159668 0.13247796893119812 0.6988054513931274
vn -0.8939840793609619 0.05824188515543938 0.44429755210876465
vn -0.9274303913116455 0.3738810122013092 0.009262613952159882
vn 0.7732474207878113 -0.6340693235397339 0.006672445219010115
vn 0.9274890422821045 0.3738429844379425 0.0023554617073386908
vn 0.9996325373649597 0.02674393355846405 0.004414750728756189
vn -0.09556565433740616 0.30223461985588074 0.9484310150146484
vn -0.1880088895559311 0.11227098107337952 0.9757294058799744
vn -0.0229427982121706 0.4717349708080292 0.8814418315887451
vn -0.28328150510787964 -0.9590156078338623 -0.006376693956553936
vn -0.7588770985603333 -0.6511104702949524 0.012679019942879677
vn -0.6502630114555359 -0.7595920562744141 0.013337424956262112
vn -0.26393330097198486 -0.96453458070755 0.0035135208163410425
vn 0.00008061197877395898 0.5566304922103882 -0.8307601809501648
vn 0.0000860605068737641 0.38409772515296936 -0.9232924580574036
vn 0.028569843620061874 0.6011832356452942 -0.798600435256958
vn -0.7387595176696777 0.6739691495895386 -9.38608906153604e-8
vn -0.9996516108512878 0.02601517364382744 0.004445997532457113
vn -0.738759458065033 0.6739692091941833 -1.006126808533736e-7
vn -0.9996515512466431 0.02601521462202072 0.0044459933415055275
vn 0.999652087688446 0.025996575132012367 0.004445837344974279
vn 0.7387717366218567 0.6739557385444641 4.1660690897060704e-8
vn 0.738771915435791 0.6739555597305298 6.191652346387855e-8
vn 0.04228568449616432 0.3699539303779602 0.9280872941017151
vn 0.36117520928382874 -0.202919602394104 0.9101517200469971
vn 0 0.0581548772752285 0.9983075857162476
vn 0.7066685557365417 0.05282974988222122 0.7055696845054626
vn 0.8936278223991394 -0.025886015966534615 0.44806158542633057
vn 0 0.0581548698246479 0.9983075857162476
vn 0.589756190776825 -0.5780752897262573 0.563929557800293
vn 0.013797896914184093 0.7421796917915344 0.6700589060783386
vn 0.7066685557365417 0.05282974988222122 0.7055696845054626
vn 0.9998623132705688 0.016593709588050842 0
vn 0.9983121156692505 -0.05807720497250557 0
vn 0.8936278223991394 -0.025886015966534615 0.44806158542633057
vn 0.5497801303863525 -0.6469118595123291 -0.5284380912780762
vn 0.589756190776825 -0.5780752897262573 0.563929557800293
vn 0 0.05814478546380997 0.9983081817626953
vn -0.8940438628196716 0.02826986089348793 0.4470865726470947
vn -0.7044124603271484 0.08551313728094101 0.7046208381652832
vn 3.502496426222024e-8 0.05814480409026146 0.9983081817626953
vn -0.6057913303375244 -0.5480830073356628 0.5767337679862976
vn -0.019667973741889 0.7418926358222961 0.6702302098274231
vn -0.7044124603271484 0.08551313728094101 0.7046208381652832
vn -0.9999969005584717 0.002494338434189558 -6.571186261794537e-9
vn -0.998012900352478 0.06301037967205048 -4.01663378113426e-8
vn -0.8940438628196716 0.02826986089348793 0.4470865726470947
vn -0.0476875826716423 0.08578415215015411 0.995171844959259
vn -0.3434937298297882 -0.27408871054649353 0.8982691168785095
vn -0.047084975987672806 0.4646841883659363 0.8842237591743469
vn -0.06808421015739441 -0.3923356831073761 -0.9172989130020142
vn -0.051270920783281326 0.1100987121462822 -0.9925974011421204
vn -0.8939470648765564 0.07680778950452805 -0.4415418207645416
vn -0.045608408749103546 0.4710090458393097 -0.880948543548584
vn 0.36117520928382874 -0.202919602394104 0.9101517200469971
vn 0.06345593929290771 0.16576984524726868 0.984120786190033
vn 0.706103503704071 0.17421646416187286 0.6863428354263306
vn 0.04228568449616432 0.3699539303779602 0.9280872941017151
vn 0.49457067251205444 -0.27722668647766113 -0.8237385749816895
vn 0.706103503704071 0.17421646416187286 0.6863428354263306
vn 0.7061028480529785 0.17433127760887146 -0.6863143444061279
vn 0.36117520928382874 -0.202919602394104 0.9101517200469971
vn 0.06454101204872131 0.16473208367824554 -0.9842244386672974
vn 0.49457067251205444 -0.27722668647766113 -0.8237385749816895
vn 0.7061028480529785 0.17433127760887146 -0.6863143444061279
vn 0.05647653341293335 0.48210084438323975 -0.8742935061454773
vn 0 0.12685248255729675 -0.991921603679657
vn 0.8950638771057129 0.0049608685076236725 -0.44591036438941956
vn 0.706266462802887 0.10132519155740738 -0.7006574273109436
vn 1.3131503351360152e-7 0.12685243785381317 -0.991921603679657
vn 0.599281370639801 -0.566394031047821 -0.5657381415367126
vn 0.706266462802887 0.10132519155740738 -0.7006574273109436
vn 0.9983124732971191 -0.058070484548807144 1.0333223343650388e-7
vn 0.9998623132705688 0.016593707725405693 0
vn 0.8950638771057129 0.0049608685076236725 -0.44591036438941956
vn 0.6800963282585144 -0.7331227660179138 0.0000016527545767530682
vn 0.599281370639801 -0.566394031047821 -0.5657381415367126
vn -0.8888314962387085 0.11653131246566772 -0.4431692659854889
vn -0.9976922273635864 0.06789828836917877 0
vn -0.7191302180290222 -0.6948753595352173 0
vn -0.6201571226119995 -0.5171496272087097 -0.5898825526237488
vn 0.5284633040428162 -0.4398086667060852 -0.7261506915092468
vn -0.6629539728164673 0.3025687634944916 -0.6847949624061584
vn 0.5284633040428162 -0.4398086667060852 -0.7261506915092468
vn -0.6357083916664124 0.3133572041988373 -0.7054658532142639
vn -0.6357083916664124 0.3133572041988373 -0.7054658532142639
vn -0.9010691046714783 0.43367549777030945 0
vn -0.6629539728164673 0.3025687634944916 -0.6847949624061584
vn -0.9010693430900574 0.43367505073547363 0.000001925570131788845
vn 0.5284633040428162 -0.4398086667060852 -0.7261506915092468
vn 0.7911709547042847 -0.6115950345993042 -0.0000016635478914395208
vn 0.5284633040428162 -0.4398086667060852 -0.7261506915092468
vn 0.7911712527275085 -0.6115946769714355 0
vn -0.5507254004478455 -0.41098693013191223 -0.7264924645423889
vn -0.5507254004478455 -0.41098693013191223 -0.7264924645423889
vn 0.6777875423431396 0.268902450799942 -0.6843212246894836
vn 0.650117039680481 0.2818382978439331 -0.7056309580802917
vn 0.650117039680481 0.2818382978439331 -0.7056309580802917
vn 0.6777875423431396 0.268902450799942 -0.6843212246894836
vn 0.9212771654129028 0.3889066278934479 -6.209040179783187e-7
vn 0.9212772846221924 0.388906329870224 5.90626939356298e-7
vn -0.5507254004478455 -0.41098693013191223 -0.7264924645423889
vn -0.5507254004478455 -0.41098693013191223 -0.7264924645423889
vn -0.8233047127723694 -0.5675996541976929 0
vn -0.8233046531677246 -0.5675997734069824 -6.30112481303513e-7
vn 0.41547539830207825 -0.6382951140403748 0.6480428576469421
vn 0.41547539830207825 -0.6382951140403748 0.6480428576469421
vn -0.6476097106933594 0.22109390795230865 0.7291907668113708
vn -0.6483689546585083 0.2203260064125061 0.7287483215332031
vn 0.4095190763473511 -0.6550708413124084 -0.6349616646766663
vn -0.6548503041267395 0.19500330090522766 -0.7301676273345947
vn -0.654850423336029 0.19500382244586945 -0.7301673889160156
vn 0.4162379801273346 -0.6502302289009094 -0.6355679631233215
vn -0.6483689546585083 0.2203260064125061 0.7287483215332031
vn -0.6476097106933594 0.22109390795230865 0.7291907668113708
vn -0.654850423336029 0.19500382244586945 -0.7301673889160156
vn -0.6548503041267395 0.19500330090522766 -0.7301676273345947
vn 0.41547539830207825 -0.6382951140403748 0.6480428576469421
vn 0.41547539830207825 -0.6382951140403748 0.6480428576469421
vn 0.4095190763473511 -0.6550708413124084 -0.6349616646766663
vn 0.4162379801273346 -0.6502302289009094 -0.6355679631233215
vn -0.44517454504966736 -0.615828812122345 0.6500572562217712
vn 0.6765487790107727 0.14599715173244476 0.7217801213264465
vn -0.44517454504966736 -0.615828812122345 0.6500572562217712
vn 0.677258312702179 0.1451287567615509 0.7212896943092346
vn -0.439069002866745 -0.633379340171814 -0.6372197270393372
vn 0.6825203895568848 0.11907333135604858 -0.7211015820503235
vn 0.68252032995224 0.11907322704792023 -0.7211016416549683
vn -0.4458463490009308 -0.6277164220809937 -0.6381168365478516
vn 0.677258312702179 0.1451287567615509 0.7212896943092346
vn 0.6825203895568848 0.11907333135604858 -0.7211015820503235
vn 0.6765487790107727 0.14599715173244476 0.7217801213264465
vn 0.68252032995224 0.11907322704792023 -0.7211016416549683
vn -0.44517454504966736 -0.615828812122345 0.6500572562217712
vn -0.439069002866745 -0.633379340171814 -0.6372197270393372
vn -0.44517454504966736 -0.615828812122345 0.6500572562217712
vn -0.4458463490009308 -0.6277164220809937 -0.6381168365478516
vn 0.4187067151069641 -0.5381883382797241 0.7314629554748535
vn 0.4187067151069641 -0.5381883382797241 0.7314629554748535
vn -0.6357773542404175 0.3627775013446808 0.681307315826416
vn -0.6055872440338135 0.39483678340911865 0.6909182071685791
vn -0.6055872440338135 0.39483678340911865 0.6909182071685791
vn -0.6357773542404175 0.3627775013446808 0.681307315826416
vn -0.8734953999519348 0.4868323504924774 0
vn -0.8734953999519348 0.4868323504924774 0
vn 0.4187067151069641 -0.5381883382797241 0.7314629554748535
vn 0.4187067151069641 -0.5381883382797241 0.7314629554748535
vn 0.6281562447547913 -0.7780871987342834 0
vn 0.6281566619873047 -0.7780869007110596 -9.524331403554243e-7
vn -0.44905272126197815 -0.5155729651451111 0.7297507524490356
vn 0.6702300906181335 0.29029613733291626 0.6830225586891174
vn -0.44905272126197815 -0.5155729651451111 0.7297507524490356
vn 0.6416476964950562 0.3272969424724579 0.6936604976654053
vn 0.6416476964950562 0.3272969424724579 0.6936604976654053
vn 0.9218499660491943 0.38754698634147644 0
vn 0.6702300906181335 0.29029613733291626 0.6830225586891174
vn 0.9218499660491943 0.38754698634147644 0
vn -0.44905272126197815 -0.5155729651451111 0.7297507524490356
vn -0.6710959076881409 -0.7413704991340637 0
vn -0.44905272126197815 -0.5155729651451111 0.7297507524490356
vn -0.6710960865020752 -0.7413703799247742 -4.5223950451145356e-7
vn 0.005746044684201479 -0.07928100973367691 0.9968357682228088
vn -0.5224304795265198 0.644184947013855 0.5586520433425903
vn -0.001228958717547357 0.8075948357582092 0.5897364616394043
vn 0.00002186062920372933 -0.0000014119592606220976 1
vn -0.00011096316302428022 7.935352641652571e-7 1
vn 0.5279048085212708 0.7185032963752747 0.4528460204601288
vn -2.191088377401229e-8 -0.08600705862045288 -0.9962944984436035
vn -0.5704811215400696 -0.6119539141654968 -0.5477806329727173
vn 0.007489530835300684 -0.8890536427497864 -0.45774179697036743
vn 0.033646728843450546 -0.1256081610918045 -0.9915092587471008
vn 0.001378892338834703 0.7275117039680481 -0.6860939264297485
vn 0.5497801303863525 -0.6469118595123291 -0.5284380912780762
vn 3.1422308666151366e-7 0.9293613433837891 0.3691713809967041
vn -0.00983484461903572 0.7347363829612732 0.6782814264297485
vn 2.077242697851034e-7 1 -0.000001572300675434235
vn 3.7632895555361756e-7 0.727423906326294 0.6861883401870728
vn -0.5211698412895203 0.14189094305038452 -0.8415752649307251
vn 0 0.12545722723007202 -0.9920990467071533
vn 0 0.12545722723007202 -0.9920990467071533
vn -0.8888314962387085 0.11653131246566772 -0.4431692659854889
vn -0.8939470648765564 0.07680778950452805 -0.4415418207645416
vn -0.9791080951690674 0.12832075357437134 0.15773773193359375
vn -0.8939840793609619 0.05824188515543938 0.44429755210876465
vn -0.702937126159668 0.13247796893119812 0.6988054513931274
vn -0.04670461639761925 0.9989042282104492 -0.0030014447402209044
vn -0.0229427982121706 0.4717349708080292 0.8814418315887451
vn -0.045608408749103546 0.4710090458393097 -0.880948543548584
vn 0.001214067917317152 0.4784837067127228 0.8780955672264099
vn 0.03846639394760132 0.9787670373916626 0.20133467018604279
vn 0.028569843620061874 0.6011832356452942 -0.798600435256958
vn 0.04228568449616432 0.3699539303779602 0.9280872941017151
vn 0.7598171830177307 -0.6500306129455566 -0.01174855325371027
vn -0.6057913303375244 -0.5480830073356628 0.5767337679862976
vn -0.3434937298297882 -0.27408871054649353 0.8982691168785095
vn 0.00008697911107446998 0.002042485633864999 -0.9999979138374329
vn -0.43162062764167786 0.1467353105545044 -0.8900406360626221
vn -0.6201571226119995 -0.5171496272087097 -0.5898825526237488
vn -0.009302424266934395 0.7384387254714966 -0.6742563843727112
vn -0.9159882068634033 0.13845236599445343 -0.3765588104724884
vn -0.9898036122322083 0.1424388587474823 0
vn -0.6937258243560791 0.18776091933250427 -0.6953346729278564
vn 1.8831578074696154e-7 1 0.0000023049121864460176
vn 0.0007419324829243124 0.9293850660324097 -0.3691108524799347
vn 0.00211745360866189 0.9999977350234985 0.000005799631708214292
vn -0.009302424266934395 0.7384387254714966 -0.6742563843727112
vn 0.030583733692765236 0.7469205856323242 -0.6642095446586609
vn 0.017494620755314827 0.9345738291740417 -0.35533857345581055
vn 0.00211745360866189 0.9999977350234985 0.000005799631708214292
vn -0.6201571226119995 -0.5171496272087097 -0.5898825526237488
vn -0.01998026669025421 0.7490899562835693 -0.662166953086853
vn -0.010677113197743893 0.4673430919647217 -0.8840115070343018
vn 0.016331007704138756 0.466572642326355 -0.8843320608139038
vn 0.030583733692765236 0.7469205856323242 -0.6642095446586609
vn -0.9867231249809265 0.0075072324834764 -0.162237748503685
vn -0.7054352760314941 -0.04607310891151428 -0.7072752714157104
vn -0.3434937298297882 -0.27408871054649353 0.8982691168785095
vn -0.7191302180290222 -0.6948753595352173 0
vn -0.39628714323043823 -0.8820332288742065 -0.2548999786376953
vn -0.6201571226119995 -0.5171496272087097 -0.5898825526237488
vn 0.007489530835300684 -0.8890536427497864 -0.45774179697036743
vn 0.00823269598186016 -0.9999660849571228 0
vn -0.35564449429512024 -0.22462573647499084 -0.9072266817092896
vn 0.599281370639801 -0.566394031047821 -0.5657381415367126
vn 0.34269723296165466 -0.8835799694061279 -0.3191315233707428
vn 0.6800963282585144 -0.7331227660179138 0.0000016527545767530682
vn -0.5704811215400696 -0.6119539141654968 -0.5477806329727173
vn -0.9270520210266113 -0.3694750666618347 -0.06373987346887589
vn -0.6057913303375244 -0.5480830073356628 0.5767337679862976
vn -0.7387595176696777 0.6739691495895386 -9.38608906153604e-8
vn -0.40375199913978577 0.9148684740066528 -1.3457048453346943e-7
vn -0.738759458065033 0.6739692091941833 -1.006126808533736e-7
vn -0.7387596368789673 0.6739690899848938 -8.71091003773472e-8
vn 0.4037589728832245 0.9148654341697693 6.256038176388756e-8
vn 0.7387721538543701 0.6739553213119507 8.217234892526903e-8
vn 0.738771915435791 0.6739555597305298 6.191652346387855e-8
vn 0.7387717366218567 0.6739557385444641 4.1660690897060704e-8
vn -0.6701600551605225 -0.742172360420227 0.008106712251901627
vn -0.2833563983440399 -0.9589501023292542 0.011127881705760956
vn -0.5527255535125732 -0.8333113789558411 0.009311524219810963
vn -0.7727850079536438 -0.6346322894096375 0.006722752936184406
vn 0.2833583354949951 -0.9589495658874512 0.011127415113151073
vn 0.772773027420044 -0.6346468925476074 0.0067223599180579185
vn 0.6701490879058838 -0.7421822547912598 0.008106349036097527
vn 0.5527165532112122 -0.8333173394203186 0.009311208501458168
vn 0.7730103731155396 -0.6343581676483154 0.006697403267025948
vn -0.6704393625259399 -0.7419203519821167 0.008081767708063126
vn -0.26395824551582336 -0.9644560813903809 0.012267427518963814
vn 0.2639588713645935 -0.9644559025764465 0.012267036363482475
vn 0.6704264879226685 -0.7419318556785583 0.008081565611064434
vn -0.0000022935253127798205 1 7.280784330987444e-8
vn -7.645072628292837e-7 1 -1.4561601346940733e-7
vn -0.4037521481513977 0.9148684144020081 -1.2719044661935186e-7
vn 0.403759241104126 0.9148653149604797 8.47011918381213e-8
vn -0.0000022935253127798205 1 7.280784330987444e-8
vn 0.20631732046604156 0.9784851670265198 6.917237982406732e-8
vn -0.20631510019302368 0.978485643863678 -1.43173522815232e-7
vn -7.645072628292837e-7 1 -1.4561601346940733e-7
vn -0.927621603012085 0.3735135793685913 0.0023723633494228125
vn -0.7730238437652588 -0.6343417167663574 0.006697633303701878
vn 0.927628755569458 0.37349608540534973 0.002372398506850004
vn -0.019667973741889 0.7418926358222961 0.6702302098274231
vn -0.014751801267266273 0.7383341193199158 0.6742737889289856
vn -0.014751801267266273 0.7383341193199158 0.6742737889289856
vn -0.019667973741889 0.7418926358222961 0.6702302098274231
vn -0.047084975987672806 0.4646841883659363 0.8842237591743469
vn -0.03501669317483902 0.46824708580970764 0.882903516292572
vn -0.03501669317483902 0.46824708580970764 0.882903516292572
vn -0.047084975987672806 0.4646841883659363 0.8842237591743469
vn 0.05647653341293335 0.48210084438323975 -0.8742935061454773
vn 0.04263358190655708 0.5430482029914856 -0.8386184573173523
vn 0.04263358190655708 0.5430482029914856 -0.8386184573173523
vn 0.05647653341293335 0.48210084438323975 -0.8742935061454773
vn -0.3540566563606262 -0.9335426688194275 -0.056054867804050446
vn -0.3009897470474243 -0.7990630269050598 -0.5204839706420898
vn -0.5704811215400696 -0.6119539141654968 -0.5477806329727173
vn -0.3009897470474243 -0.7990630269050598 -0.5204839706420898
vn 0.0011231489479541779 -0.8995691537857056 -0.4367768466472626
vn -0.18279731273651123 -0.9494364261627197 -0.255255788564682
vn -0.3231295943260193 -0.7681043148040771 0.5528136491775513
vn -0.3231295943260193 -0.7681043148040771 0.5528136491775513
vn -0.6057913303375244 -0.5480830073356628 0.5767337679862976
vn -0.521500289440155 -0.8049901723861694 0.2828928828239441
vn -0.7054352760314941 -0.04607310891151428 -0.7072752714157104
vn -0.381723552942276 -0.02382919378578663 -0.9239693284034729
vn -0.045608408749103546 0.4710090458393097 -0.880948543548584
vn 0.030583733692765236 0.7469205856323242 -0.6642095446586609
vn 0.036296162754297256 0.35109907388687134 -0.9356344938278198
vn 0.599281370639801 -0.566394031047821 -0.5657381415367126
vn 0.3227682411670685 -0.7742169499397278 -0.5444342494010925
vn 0.3227682411670685 -0.7742169499397278 -0.5444342494010925
vn 0.589756190776825 -0.5780752897262573 0.563929557800293
vn 0.3701144754886627 -0.9255656599998474 0.0796458050608635
vn 0.31383273005485535 -0.7792049646377563 0.5425390601158142
vn 0.015223322436213493 0.3460666239261627 0.9380863904953003
vn 0.013797896914184093 0.7421796917915344 0.6700589060783386
vn 0.5497801303863525 -0.6469118595123291 -0.5284380912780762
vn 0.2892792224884033 -0.8120569586753845 -0.5068342685699463
vn 0.1957552134990692 -0.9624015092849731 -0.18831674754619598
vn 0.5061439871788025 -0.7928763628005981 0.3393600881099701
vn 0.589756190776825 -0.5780752897262573 0.563929557800293
vn 0.19266442954540253 -0.47075000405311584 0.8609732389450073
vn 0.23363806307315826 -0.7753893733024597 0.5866724252700806
vn 0.19266442954540253 -0.47075000405311584 0.8609732389450073
vn 5.304316914589435e-7 1 -2.1201844901952427e-7
vn 5.942699203842494e-7 0.9821814298629761 0.18793494999408722
vn 8.531391131327837e-7 1 0.0000011482637773951865
vn -0.014642030000686646 0.743799090385437 -0.6682429313659668
vn -0.01998026669025421 0.7490899562835693 -0.662166953086853
vn -0.014642030000686646 0.743799090385437 -0.6682429313659668
vn -0.01998026669025421 0.7490899562835693 -0.662166953086853
vn 0.006899713072925806 0.7348631620407104 0.6781802773475647
vn 0.007392276078462601 0.9333217144012451 0.35896503925323486
vn 0.003767411457374692 0.8463419675827026 0.5326265096664429
vn 0.006899713072925806 0.7348631620407104 0.6781802773475647
vn -0.6937258243560791 0.18776091933250427 -0.6953346729278564
vn -0.8020510673522949 0.1542174220085144 -0.577001690864563
vn -0.8020510673522949 0.1542174220085144 -0.577001690864563
vn -0.3747519254684448 0.16920100152492523 -0.9115546941757202
vn -0.9787995219230652 0.20478865504264832 0.0036254955921322107
vn -0.7020277380943298 0.16147485375404358 -0.6936014294624329
vn -0.8089351654052734 0.12077584862709045 -0.5753582715988159
vn 0.010776245035231113 0.8520748019218445 0.5233092308044434
vn 8.531391131327837e-7 1 0.0000011482637773951865
vn 0.013797896914184093 0.7421796917915344 0.6700589060783386
vn 8.531391131327837e-7 1 0.0000011482637773951865
vn 0.7598171830177307 -0.6500306129455566 -0.01174855325371027
vn 0.7666065692901611 -0.6421121954917908 -0.002538299886509776
vn 0.0012847690377384424 -0.9999991655349731 -0.0000034720908388408134
vn -0.028385665267705917 -0.995685875415802 -0.08833938837051392
vn -0.05780908465385437 -0.9827079772949219 -0.17590656876564026
vn -0.04003124311566353 -0.8343915939331055 -0.5497164726257324
vn -0.3434937298297882 -0.27408871054649353 0.8982691168785095
vn -0.1768822818994522 -0.5030542612075806 0.8459603786468506
vn -0.1768822818994522 -0.5030542612075806 0.8459603786468506
vn -0.0714830830693245 -0.7807592749595642 -0.6207296252250671
vn -0.06808421015739441 -0.3923356831073761 -0.9172989130020142
vn -0.02302471734583378 0.5960599184036255 -0.8026098012924194
vn -0.02302471734583378 0.5960599184036255 -0.8026098012924194
vn -0.025222118943929672 0.9231192469596863 -0.38368552923202515
vn 0.021884271875023842 0.9577417373657227 -0.28679555654525757
vn 0.021793412044644356 0.4250679612159729 0.9048991203308105
vn 0.021793412044644356 0.4250679612159729 0.9048991203308105
vn 0.49457067251205444 -0.27722668647766113 -0.8237385749816895
vn 0.31016847491264343 -0.7989327907562256 -0.5152687430381775
vn 0.0000944408166105859 0.002042485633864999 -0.9999979138374329
vn 0.31563302874565125 -0.5191320180892944 0.794278085231781
vn 0.36117520928382874 -0.202919602394104 0.9101517200469971
vn 0.12465998530387878 -0.9420961737632751 0.31131136417388916
vn 0.6712803244590759 0.26334330439567566 -0.6928441524505615
vn -0.7114603519439697 0.1935616135597229 -0.6755427718162537
vn -0.7114853262901306 0.19353920221328735 -0.6755229234695435
vn -0.5519274473190308 0.641773521900177 -0.5324498414993286
vn 0.5330073237419128 0.6417655348777771 -0.5513983964920044
vn 0.6004130244255066 -0.5036948323249817 -0.6211246252059937
vn -0.6217246055603027 -0.5037004947662354 -0.5997869372367859
vn 0.5330073237419128 0.6417655348777771 -0.5513983964920044
vn 0.5519274473190308 0.641773521900177 0.5324498414993286
vn 0.6217246055603027 -0.5037004947662354 0.5997869372367859
vn 0.6004130244255066 -0.5036948323249817 -0.6211246252059937
vn 0.5519274473190308 0.641773521900177 0.5324498414993286
vn -0.5330073237419128 0.6417655348777771 0.5513983964920044
vn -0.6004130244255066 -0.5036948323249817 0.6211246252059937
vn 0.6217246055603027 -0.5037004947662354 0.5997869372367859
vn -0.5330073237419128 0.6417655348777771 0.5513983964920044
vn -0.5519274473190308 0.641773521900177 -0.5324498414993286
vn -0.6217246055603027 -0.5037004947662354 -0.5997869372367859
vn -0.6004130244255066 -0.5036948323249817 0.6211246252059937
vn -0.7020219564437866 0.1890326291322708 -0.6866089105606079
vn 0.6902180910110474 0.11715901643037796 -0.714053750038147
vn 0.6901871562004089 0.11713306605815887 -0.7140879034996033
vn -0.7020174264907837 0.18903577327728271 -0.6866126656532288
vn 0.6902180910110474 0.11715901643037796 -0.714053750038147
vn 0.7114578485488892 0.19354256987571716 0.6755508780479431
vn 0.7114649415016174 0.193536177277565 0.6755452156066895
vn 0.6901871562004089 0.11713306605815887 -0.7140879034996033
vn 0.7114578485488892 0.19354256987571716 0.6755508780479431
vn -0.6712915301322937 0.2633526623249054 0.6928297281265259
vn -0.6712802052497864 0.2633437216281891 0.6928440928459167
vn 0.7114649415016174 0.193536177277565 0.6755452156066895
vn -0.6712915301322937 0.2633526623249054 0.6928297281265259
vn -0.7020219564437866 0.1890326291322708 -0.6866089105606079
vn -0.7020174264907837 0.18903577327728271 -0.6866126656532288
vn -0.6712802052497864 0.2633437216281891 0.6928440928459167
vn -0.7146875262260437 0.11716519296169281 -0.6895607709884644
vn 0.6776080131530762 0.18903645873069763 -0.710712730884552
vn 0.6776264905929565 0.1890542209148407 -0.7106903791427612
vn -0.714682936668396 0.11716921627521515 -0.6895648241043091
vn 0.6776080131530762 0.18903645873069763 -0.710712730884552
vn 0.6950738430023193 0.26334190368652344 0.6689718961715698
vn 0.6950478553771973 0.2633606195449829 0.6689915657043457
vn 0.6776264905929565 0.1890542209148407 -0.7106903791427612
vn -0.6776264905929565 0.1890542209148407 0.7106903791427612
vn 0.714682936668396 0.11716921627521515 0.6895648241043091
vn 0.7146875262260437 0.11716519296169281 0.6895607709884644
vn 0.6950738430023193 0.26334190368652344 0.6689718961715698
vn -0.6874529719352722 0.19356483221054077 0.6999579071998596
vn -0.6874528527259827 0.1935647428035736 0.6999580264091492
vn 0.6950478553771973 0.2633606195449829 0.6689915657043457
vn -0.6874529719352722 0.19356483221054077 0.6999579071998596
vn -0.7146875262260437 0.11716519296169281 -0.6895607709884644
vn -0.714682936668396 0.11716921627521515 -0.6895648241043091
vn -0.6874528527259827 0.1935647428035736 0.6999580264091492
vn 0.5519274473190308 0.641773521900177 0.5324498414993286
vn 0.5330073237419128 0.6417655348777771 -0.5513983964920044
vn 0 1 0
vn -0.5519274473190308 0.641773521900177 -0.5324498414993286
vn -0.5330073237419128 0.6417655348777771 0.5513983964920044
vn 0.6712621450424194 0.26332899928092957 -0.6928672194480896
vn -0.6776080131530762 0.18903645873069763 0.710712730884552
vn -0.6950478553771973 0.2633606195449829 -0.6689915657043457
vn -0.6776264905929565 0.1890542209148407 0.7106903791427612
vn -0.6776080131530762 0.18903645873069763 0.710712730884552
vn -0.6950738430023193 0.26334190368652344 -0.6689718961715698
vn 0.7020196914672852 0.1890576034784317 0.686604380607605
vn -0.6901828050613403 0.11718494445085526 0.7140836119651794
vn -0.6901830434799194 0.11718511581420898 0.7140833735466003
vn 0.714682936668396 0.11716921627521515 0.6895648241043091
vn 0.6874528527259827 0.1935647428035736 -0.6999580264091492
vn 0.6874529719352722 0.19356483221054077 -0.6999579071998596
vn 0.7146875262260437 0.11716519296169281 0.6895607709884644
vn 0.6874528527259827 0.1935647428035736 -0.6999580264091492
vn -0.6950478553771973 0.2633606195449829 -0.6689915657043457
vn -0.6950738430023193 0.26334190368652344 -0.6689718961715698
vn 0.6874529719352722 0.19356483221054077 -0.6999579071998596
vn -0.7114603519439697 0.1935616135597229 -0.6755427718162537
vn -0.6901830434799194 0.11718511581420898 0.7140833735466003
vn -0.6901828050613403 0.11718494445085526 0.7140836119651794
vn -0.7114853262901306 0.19353920221328735 -0.6755229234695435
vn 0.702015221118927 0.1890607476234436 0.6866081357002258
vn 0 -1 0
vn 0.6004130244255066 -0.5036948323249817 -0.6211246252059937
vn 0.6217246055603027 -0.5037004947662354 0.5997869372367859
vn -0.6217246055603027 -0.5037004947662354 -0.5997869372367859
vn -0.6004130244255066 -0.5036948323249817 0.6211246252059937
vn 0.702015221118927 0.1890607476234436 0.6866081357002258
vn 0.6712803244590759 0.26334330439567566 -0.6928441524505615
vn 0.6712621450424194 0.26332899928092957 -0.6928672194480896
vn 0.7020196914672852 0.1890576034784317 0.686604380607605
vt 2.507269859313965 1
vt 2.129734754562378 0.75
vt 2.839146852493286 1
vt 1.8553012609481812 0.375
vt 1.5052235126495361 0
vt 2.2260618209838867 0.25
vt 2.8391478061676025 1
vt 2.2949087619781494 0.25
vt 2.2152318954467773 0.75
vt 1.5913161039352417 0.5
vt 2.175393581390381 1
vt 0.7637026309967041 0.25
vt 0.042864471673965454 0
vt 0.7740440368652344 0
vt 0.8022265434265137 0.75
vt 0.7109106779098511 0.25
vt 1.4203227758407593 0.5
vt 0.0014985501766204834 0
vt 0.3761236369609833 0
vt 0.1841302514076233 1
vt 1.5116385221481323 1
vt 0.8478844165802002 1
vt 1.499998927116394 0
vt 0.7507487535476685 0
vt 0.743019700050354 0.75
vt 0.7507493495941162 1
vt 0.3722591698169708 0.875
vt 2.9675827026367188 0
vt 2.9985013008117676 1
vt 2.6238760948181152 1
vt 2.2337913513183594 0.5
vt 1.4845407009124756 0.5
vt 2.1695728302001953 0.5
vt 2.24924898147583 0
vt 2.6238741874694824 0
vt 2.9984991550445557 0
vt 1.5 1
vt 0.04286402463912964 0
vt 0.0014985501766204834 1
vt 0.3761238753795624 1
vt 2.249250650405884 1
vt 1.874625325202942 1
vt 0.5160073041915894 1
vt 0.7714320421218872 0.5
vt 0.7507492303848267 1
vt 1.1253745555877686 1
vt 1.8435163497924805 1
vt 1.51163911819458 1
vt 1.5 1
vt 0.7817733287811279 0.25
vt 2.5072708129882812 1
vt 0.8877233862876892 0.75
vt 1.1797620058059692 1
vt 0.8478848338127136 1
vt 2.9985015392303467 0
vt 1.511638879776001 0
vt 1.5206825733184814 0.5
vt 2.24406099319458 0.25
vt 2.236295700073242 0
vt 2.9985013008117676 1
vt 2.9674394130706787 0
vt 2.629046678543091 0.875
vt 2.259592056274414 0.75
vt 2.249250650405884 1
vt 0.8478847146034241 0.5
vt 0.7682075500488281 0
vt 0.18413060903549194 1
vt 1.879796028137207 0.875
vt 0.1663697361946106 0.07519757747650146
vt 0.10108077526092529 0.0020665526390075684
vt 0.0887710452079773 0.0751238465309143
vt 0.16648632287979126 0.0021294355392456055
vt 1.8435156345367432 1
vt 2.1753926277160645 1
vt 0.030797302722930908 0.7925777435302734
vt 0.16596585512161255 0.9977433681488037
vt 0.16662698984146118 0.5349010825157166
vt 1.1797614097595215 1
vt 1.1512279510498047 0.375
vt 1.8985990285873413 0.2405848503112793
vt 1.898579716682434 1.4977772235870361
vt 1.98551607131958 0.24058693647384644
vt 1.998976469039917 1.4977790117263794
vt 1.9910144805908203 0.7929561138153076
vt 1.8986034393310547 0.0010222196578979492
vt 1.8986010551452637 0.08922553062438965
vt 1.9559831619262695 0.0010235905647277832
vt 1.9782655239105225 0.15971940755844116
vt 1.8985990285873413 0.15971744060516357
vt 2.6238760948181152 1
vt 1.874625325202942 1
vt 1.5051517486572266 0
vt 0.00099945068359375 0.9975858926773071
vt 0.7740079164505005 0
vt 2.6084165573120117 0.5
vt 0.39680662751197815 0.5
vt 2.60575008392334 0.125
vt 1.8901373147964478 0.625
vt 0.5160077214241028 1
vt 1.8707237243652344 0
vt 0.18687890470027924 0.9375
vt 0.37612399458885193 1
vt 0.0014986395835876465 1
vt 2.613515853881836 0.375
vt 1.1396337747573853 0
vt 1.1215097904205322 0.875
vt 1.125374674797058 1
vt 0.3929421007633209 0.375
vt 1.1137802600860596 0.625
vt 0.3964918851852417 0
vt 0.024776190519332886 0
vt 2.236402988433838 0
vt 2.0039923191070557 1.1556116342544556
vt 1.839418649673462 0.9978006333112717
vt 1.7447515726089478 1.0759371742606163
vt 0.21387603878974915 0.9625272303819656
vt 0.023158907890319824 1.1602915525436401
vt 0.03838527202606201 0.527445912361145
vt 1.5039544105529785 1.0020807385444641
vt 2.2477900981903076 1.0020804405212402
vt 1.8724344968795776 0.9229748845100403
vt 1.4970788955688477 0.8438693284988403
vt 2.623145580291748 1.0811859965324402
vt 2.9985013008117676 1.1602915525436401
vt 2.6093950271606445 0.7647631764411926
vt 2.2546656131744385 1.160291850566864
vt 1.8655591011047363 0.7647634744644165
vt 1.5047434568405151 0.5274452567100525
vt 1.128598690032959 0.9229751825332642
vt 0.7601185441017151 1.002081036567688
vt 0.3916383683681488 1.0811868906021118
vt 0.3993028700351715 0.764762818813324
vt 0.02315819263458252 1.1602927446365356
vt 1.1362632513046265 0.6065511107444763
vt 0.7716153264045715 0.5274449288845062
vt 0.7677830457687378 0.6856569647789001
vt 1.1484286785125732 0.7647627145051956
vt 1.5046846866607666 0.5274455845355988
vt 1.51844322681427 0.8438683152198792
vt 1.1446220874786377 0.9229741245508194
vt 1.8746991157531738 0.6065511703491211
vt 2.2378344535827637 0.5274454355239868
vt 2.244713544845581 0.6856567859649658
vt 1.8884577751159668 0.9229739159345627
vt 1.5146366357803345 1.002079725265503
vt 2.258472204208374 1.0020795166492462
vt 2.6284866333007812 1.0811851173639297
vt 2.6147279739379883 0.7647623866796494
vt 2.9985013008117676 1.1602907180786133
vt 0.0014986395835876465 0.0005005598068237305
vt 0.7453240752220154 0.0005002617835998535
vt 1.1165097951889038 0.06636834144592285
vt 1.489149570465088 0.0004999637603759766
vt 0.7453241348266602 0.0005021095275878906
vt 0.3734114170074463 0.0005022287368774414
vt 0.3780350089073181 0.06637001037597656
vt 0.0014987289905548096 0.0005024075508117676
vt 0.10988782346248627 0.5284715294837952
vt 0.29391101002693176 0.5294963121414185
vt 0.5182516574859619 0.6451755166053772
vt 1.121860384941101 0.06636965274810791
vt 0.754571259021759 0.13223761320114136
vt 1.489149570465088 0.0005017518997192383
vt 1.1311075687408447 0.19810521602630615
vt 0.20173519849777222 0.3371846675872803
vt 0.06825035810470581 0.5274459719657898
vt 0.27277716994285583 0.9098319113254547
vt 0.24789589643478394 0.5957492589950562
vt 0.42754143476486206 0.6640525460243225
vt 0.43026483058929443 0.5274437069892883
vt 0.7730655074119568 0.39570868015289307
vt 0.5755502581596375 0.2310394048690796
vt 0.3965292274951935 0.32984113693237305
vt 0.40577635169029236 0.4615766406059265
vt 0.03848719596862793 0.52744460105896
vt 2.2329750061035156 0.000499725341796875
vt 2.9768004417419434 0.000499427318572998
vt 2.0466551780700684 0.03343385457992554
vt 0.9520865678787231 0.2969069480895996
vt 1.1403546333312988 0.3298407793045044
vt 2.2422220706939697 0.13223695755004883
vt 1.8656858205795288 0.06636935472488403
vt 1.8749330043792725 0.1981048583984375
vt 2.0571272373199463 0.29690712690353394
vt 1.5076438188552856 0.26397281885147095
vt 1.6866648197174072 0.1651710867881775
vt 2.604160785675049 0.0663677453994751
vt 2.231520891189575 0.13223612308502197
vt 1.1150556802749634 0.19810479879379272
vt 1.486241340637207 0.2639728784561157
vt 0.743869960308075 0.13223671913146973
vt 0.9386844635009766 0.29690706729888916
vt 2.2300667762756348 0.2639726400375366
vt 2.6027064323425293 0.19810426235198975
vt 2.9738922119140625 0.26397234201431274
vt 1.8603352308273315 0.06636804342269897
vt 1.8588811159133911 0.19810450077056885
vt 2.5997982025146484 0.4615771770477295
vt 2.601252555847168 0.32984066009521484
vt 2.9709839820861816 0.5274452567100525
vt 2.2286126613616943 0.3957090377807617
vt 2.239321708679199 0.39570939540863037
vt 2.605160713195801 0.4615776538848877
vt 2.6066107749938965 0.3298414349555969
vt 2.9709997177124023 0.527445912361145
vt 2.2378716468811035 0.5274455845355988
vt 1.8666486740112305 0.46157729625701904
vt 1.8574270009994507 0.3298409581184387
vt 0.7623133063316345 0.39570939540863037
vt 0.40034928917884827 0.4615776538848877
vt 0.3911276161670685 0.3298413157463074
vt 0.7715349793434143 0.5274457335472107
vt -0.12439244985580444 0.2639732360839844
vt 0.01354283094406128 0.16884219646453857
vt -0.17464953660964966 0.000499725341796875
vt 0.2292323112487793 0.0004994869232177734
vt 1.1408156156539917 1.0811855345964432
vt 0.7669945359230042 1.1602913439273834
vt 0.7708010673522949 1.0020799338817596
vt 1.8846511840820312 1.0811853259801865
vt 1.5108301639556885 1.1602911353111267
vt 0.3969799876213074 1.0811857432127
vt 0.778414249420166 0.6856571137905121
vt 0.5876971483230591 0.883421428501606
vt 0.40459316968917847 0.7647629231214523
vt 0.408399760723114 0.6065515279769897
vt 2.234039306640625 0.6856576204299927
vt 2.4285926818847656 0.8834218084812164
vt 2.6025195121765137 0.6065517663955688
vt 1.1354742050170898 1.081186592578888
vt 1.5108298063278198 1.160292148590088
vt 1.6916321516036987 1.041633516550064
vt 1.879309892654419 1.081186294555664
vt 0.40313512086868286 0.60655078291893
vt 0.5797107219696045 0.883421927690506
vt 2.607848644256592 0.6065510213375092
vt 2.4366002082824707 0.8834209516644478
vt 1.4873473644256592 0.2114313840866089
vt 1.5042204856872559 0.07969558238983154
vt 1.2986252307891846 0.10609400272369385
vt 1.6760693788528442 0.3167687654495239
vt 1.676069736480713 0.3436732292175293
vt 1.8647913932800293 0.42210614681243896
vt 1.881664514541626 0.29037028551101685
vt 2.053513526916504 0.5274434685707092
vt 1.8647916316986084 0.4355583190917969
vt 1.8827476501464844 1.160291999578476
vt 1.138912320137024 1.160291239619255
vt 2.7211151123046875 0.5274463891983032
vt 2.251005172729492 0.48158901929855347
vt 2.244619369506836 0.395709753036499
vt 1.7808953523635864 0.4357316493988037
vt 2.226484775543213 0.5279589295387268
vt 1.4865975379943848 0.5274436473846436
vt 1.4862353801727295 0.6837166547775269
vt 1.6755695343017578 0.5274435877799988
vt 1.2976255416870117 0.5274437069892883
vt 1.4868476390838623 0.4355584383010864
vt 1.4731305837631226 1.1533047556877136
vt 1.4855108261108398 0.996262714266777
vt 1.2961766719818115 1.1525357961654663
vt 1.6500844955444336 1.154073715209961
vt 1.133499026298523 0.46157747507095337
vt 0.3726842999458313 0.06636863946914673
vt 1.872032642364502 0.46157729625701904
vt 2.9768004417419434 0.0005010366439819336
vt 2.609511375427246 0.06636899709701538
vt 2.2699289321899414 0.2639732360839844
vt 2.8223533630371094 0.0005002021789550781
vt 1.7681238651275635 0.2639731764793396
vt 1.8187429904937744 0.0005000829696655273
vt 2.1893434524536133 0.801670491695404
vt 2.6468324661254883 1.0748695135116577
vt 1.6947133541107178 0.8021830320358276
vt 1.7318546772003174 0.5284714698791504
vt 2.2329750061035156 0.0005013942718505859
vt 1.291628122329712 0.13223659992218018
vt 0.8406756520271301 0.3440169095993042
vt 0.8151324391365051 0.0004999637603759766
vt 1.8645415306091309 0.527443528175354
vt 1.8641793727874756 0.6837165355682373
vt 1.218653678894043 0.6658397912979126
vt 1.1625680923461914 0.6947595477104187
vt 0.7425941228866577 0.5294965505599976
vt 1.582542061805725 0.8600225150585175
vt 1.0503969192504883 0.7525990158319473
vt 1.6748450994491577 0.8399896323680878
vt 1.2986260652542114 0.15990304946899414
vt 1.3134965896606445 1.0748695135116577
vt 1.9801645278930664 1.0748695135116577
vt 2.2546658515930176 1.16029092669487
vt 0.7669939994812012 1.1602924466133118
vt 0.24920621514320374 0.8600225150585175
vt 0.7813513875007629 0.9674460142850876
vt 0.6468286514282227 1.0748695135116577
vt 1.2372243404388428 0.528984010219574
vt 1.3107855319976807 0.38987427949905396
vt 1.2862651348114014 0.4362441897392273
vt 1.3043997287750244 0.3039950132369995
vt 2.114687204360962 0.9674460142850876
vt 2.3134984970092773 1.0748695135116577
vt 0.22205814719200134 0.5863111317157745
vt -0.07413536310195923 0.5274467468261719
vt 0.24925759434700012 0.5274448394775391
vt 0.25190669298171997 0.2882652282714844
vt 2.1707730293273926 0.9385262727737427
vt 0.9158741235733032 0.8600225150585175
vt -0.019839227199554443 1.0748695135116577
vt 0.3134947121143341 1.0748695135116577
vt 1.4873478412628174 0.2517881393432617
vt 1.3169376850128174 0.000500023365020752
vt 2.1210060119628906 0.0005002021789550781
vt 1.7098156213760376 0.05329710245132446
vt 1.299185037612915 0.0005009174346923828
vt 2.3205480575561523 0.0005001425743103027
vt 2.053236961364746 0.8043162524700165
vt 1.7100955247879028 0.0005005598068237305
vt 1.8693914413452148 0.6065514385700226
vt 1.1324310302734375 0.7647631466388702
vt 0.9481908679008484 0.8043160736560822
vt 1.1415494680404663 0.6065513491630554
vt 1.8815784454345703 0.7647625505924225
vt 2.0665855407714844 0.8043153584003448
vt 0.0637999176979065 0.4323157072067261
vt 0.25693297386169434 1.155611276626587
vt 0.11801290512084961 1.155611276626587
vt 0.39585304260253906 1.155611276626587
vt 0.02729138731956482 0.0004996061325073242
vt 0.9615181684494019 0.8043156266212463
vt 0.22148922085762024 0.6461044251918793
vt 1.1242773532867432 0.32984113693237305
vt 0.6649060249328613 0.3133741617202759
vt 1.8734827041625977 0.32984113693237305
vt 2.331869125366211 0.31337428092956543
vt 1.1389044523239136 0.4615769386291504
vt 1.117236852645874 0.0005019307136535645
vt 1.8610622882843018 0.0005015730857849121
vt 0.0009990930557250977 0.000499725341796875
vt 0.43556302785873413 0.04908442497253418
vt 0.43789011240005493 0.0004995465278625488
vt 1.6624647378921509 0.9970316737890244
vt 0.44060218334198 0.7956376671791077
vt 0.5563967227935791 0.7956380248069763
vt 0.5563967227935791 0.19064652919769287
vt 0.44060224294662476 0.19064617156982422
vt 0.44060224294662476 0.24729347229003906
vt 0.5563967227935791 0.24729382991790771
vt 0.5563967227935791 0.7956368327140808
vt 0.44060218334198 0.7956364750862122
vt 0.4406021237373352 0.998542070388794
vt 0.5563967227935791 0.9985425472259521
vt 0.49849942326545715 0.8970900475978851
vt 0.4984995424747467 0.0823548436164856
vt 0.4406023621559143 -0.08258414268493652
vt 0.5563967227935791 -0.08258390426635742
vt 0.02802562713623047 0.5217161178588867
vt 0.03443431854248047 0.0007979273796081543
vt -0.02576427161693573 0.5309014916419983
vt -0.040943071246147156 0.0004996061325073242
vt 0.49849948287010193 0.054031431674957275
vt 0.5563967227935791 -0.08258330821990967
vt 0.4406023621559143 -0.08258390426635742
vt 0.49849945306777954 0.8970895111560822
vt 0.7507498264312744 2.6238760948181152
vt 0.37612465023994446 2.6238760948181152
vt 0.5634372234344482 2.436563491821289
vt 0.7507493495941162 0.7507497668266296
vt 0.7507494688034058 1.1253750026226044
vt 0.37612417340278625 1.125375121831894
vt 0.7507495284080505 1.500000238418579
vt 1.1253747940063477 1.1253748834133148
vt 0.0014987736940383911 0.7507500052452087
vt 0.3761240839958191 0.7507498860359192
vt 0.37612396478652954 0.37612462043762207
vt 1.125374674797058 0.7507496476173401
vt 1.1253745555877686 0.37612438201904297
vt 1.5 0.7507495284080505
vt 0.7507491111755371 0.0014992952346801758
vt 1.125374436378479 0.001499176025390625
vt 0.0014985501766204834 0.0014995336532592773
vt 0.3761238157749176 0.0014994144439697266
vt 0.0014986619353294373 0.3761247396469116
vt 0.0014989972114562988 1.5000004768371582
vt 0.3761242628097534 1.5000003576278687
vt 0.37612441182136536 1.8746256232261658
vt 0.0014991089701652527 1.8746257424354553
vt 0.001498885452747345 1.1253752410411835
vt 1.8746254444122314 1.8746252655982971
vt 1.500000238418579 2.249250650405884
vt 1.500000238418579 1.874625325202942
vt 1.5000001192092896 1.5
vt 1.1253750324249268 1.8746253848075867
vt 1.8746254444122314 1.4999999403953552
vt 2.249250650405884 1.4999998807907104
vt 1.8746252059936523 1.1253746151924133
vt 1.5000003576278687 2.9985013008117676
vt 1.1253750324249268 2.6238760948181152
vt 2.9985008239746094 1.125374436378479
vt 2.811188220977783 0.9380618035793304
vt 2.9985008239746094 0.7507491111755371
vt 2.623875617980957 1.1253744959831238
vt 2.623875617980957 0.7507491707801819
vt 2.811188220977783 0.5634364783763885
vt 2.623875617980957 0.37612384557724
vt 2.9985008239746094 0.3761237859725952
vt 1.3126871585845947 0.18881165981292725
vt 1.499999761581421 0.0014989972114562988
vt 1.4999998807907104 0.3761242628097534
vt 1.687312364578247 0.1888115406036377
vt 1.8746250867843628 0.37612414360046387
vt 1.8746250867843628 0.0014988183975219727
vt 2.436563014984131 0.5634365379810333
vt 2.2492504119873047 0.7507492303848267
vt 2.2492504119873047 0.37612396478652954
vt 1.8746254444122314 2.623875856399536
vt 2.249250650405884 2.2492505311965942
vt 2.623875856399536 1.8746251463890076
vt 0.7507498264312744 2.2492507696151733
vt 1.1253751516342163 2.9985013008117676
vt 2.0619378089904785 0.18881142139434814
vt 2.2492504119873047 0.0014986991882324219
vt 1.1253750324249268 2.249250650405884
vt 0.0014992207288742065 2.2492510080337524
vt 0.3761245012283325 2.249250888824463
vt 0.0014993324875831604 2.6238763332366943
vt 0.18881182372570038 2.0619382858276367
vt 1.8746252059936523 0.7507493793964386
vt 0.9380624294281006 2.8111886978149414
vt 0.7507498860359192 2.998501420021057
vt 0.7507497072219849 1.8746255040168762
vt 0.5634371042251587 2.061938166618347
vt 2.6238760948181152 2.2492504119873047
vt 2.9985013008117676 2.2492504119873047
vt 2.6238760948181152 2.623875856399536
vt 2.9985013008117676 2.9985010623931885
vt 2.9985013008117676 2.6238757371902466
vt 2.6238760948181152 2.9985010623931885
vt 2.249250888824463 2.998501181602478
vt 2.249250888824463 2.623875856399536
vt 1.8746256828308105 2.9985013008117676
vt 1.8746254444122314 2.249250650405884
vt 0.7507492303848267 0.3761245012283325
vt 1.1253747940063477 1.5000001192092896
vt 2.9985013008117676 1.8746250867843628
vt 2.9985010623931885 1.499999761581421
vt 2.623875856399536 1.4999998211860657
vt 2.811188220977783 0.18881118297576904
vt 2.9985008239746094 0.0014984607696533203
vt 2.623875617980957 0.001498579978942871
vt 2.436563014984131 0.1888113021850586
vt 0.1888120472431183 2.811188817024231
vt 0.0014994442462921143 2.9985015392303467
vt 0.37612468004226685 2.9985015392303467
vt 0.563437283039093 2.8111886978149414
vt 1.2415302991867065 0.5572179853916168
vt 1.660853624343872 0.7424575686454773
vt 1.5760669708251953 0.557217925786972
vt 3.7567005157470703 1.8538943529129028
vt 3.9980010986328125 1.8538942337036133
vt 3.9980010986328125 1.483415126800537
vt 3.515399694442749 2.2243735790252686
vt 3.7567005157470703 2.224373459815979
vt 3.636050224304199 2.0391340255737305
vt 0.331926167011261 2.2243748903274536
vt 0.20393966138362885 1.8538956046104431
vt 0.13662615418434143 2.2243748903274536
vt 0.5338667035102844 1.1129370331764221
vt 0.3385666608810425 1.1129370331764221
vt 0.27125316858291626 1.4834163188934326
vt 0.4058801829814911 0.7424577474594116
vt 1.161353349685669 1.112936943769455
vt 1.8304266929626465 1.1129368245601654
vt 1.4111034870147705 0.9276972562074661
vt 2.4948904514312744 0.37197816371917725
vt 2.4101037979125977 0.1867384910583496
vt 2.160353660583496 0.37197816371917725
vt 2.659853935241699 0.0014988183975219727
vt 1.9907805919647217 0.0014989376068115234
vt 1.7410304546356201 0.18673861026763916
vt 1.3217072486877441 0.0014990568161010742
vt 1.491280436515808 0.3719782829284668
vt 1.1567437648773193 0.37197840213775635
vt 0.9917802214622498 0.7424576878547668
vt 1.5004997253417969 1.8538954257965088
vt 1.330926537513733 1.483416199684143
vt 1.081176519393921 1.6686558723449707
vt 0.6618531942367554 1.4834163188934326
vt 0.8314263224601746 1.8538955450057983
vt 0.5816762447357178 2.039135217666626
vt 0.4968896806240082 1.8538956046104431
vt 1.0009994506835938 2.224374771118164
vt 0.5014992952346802 2.5948541164398193
vt 0.9379639625549316 2.5948538780212402
vt 0.751249372959137 2.4096144437789917
vt 0.1669626533985138 2.5948541164398193
vt 0.0019991397857666016 2.9653334617614746
vt 2.734631061553955 1.48341566324234
vt 3.0327978134155273 1.4834154844284058
vt 3.2740983963012695 1.11293625831604
vt 1.910603642463684 0.5572178661823273
vt 1.8258171081542969 0.371978223323822
vt 2.080176830291748 0.9276971220970154
vt 1.9953901767730713 0.7424575090408325
vt 0.33856648206710815 0.3719784617424011
vt 0.30490973591804504 0.5572181046009064
vt 2.999000310897827 0.7424573302268982
vt 3.2487502098083496 0.5572176277637482
vt 2.8294272422790527 0.3719780445098877
vt 3.498500347137451 0.37197792530059814
vt 2.7177324295043945 1.112936556339264
vt 2.0755672454833984 0.18673855066299438
vt 2.579677104949951 0.5572177469730377
vt 2.3299269676208496 0.7424574494361877
vt 1.9999998807907104 1.4834160804748535
vt 1.580676555633545 1.2981765270233154
vt 2.164963483810425 1.1129367649555206
vt 2.499500036239624 1.1129367053508759
vt 2.7492501735687256 0.927697017788887
vt 0.3015896677970886 1.8538956046104431
vt 0.6533254384994507 0.1867387890815735
vt 0.5405071973800659 0.001499176025390625
vt 0.5708436965942383 0.3719784617424011
vt 0.7661436796188354 0.37197840213775635
vt 0.931107223033905 0.0014991164207458496
vt 2.1951637268066406 1.8538950085639954
vt 2.9759318828582764 1.1129363775253296
vt 3.9980006217956543 0.001498579978942871
vt 1.9538631439208984 2.224374294281006
vt 2.1313793659210205 2.409613847732544
vt 2.5501961708068848 2.2243740558624268
vt 0.4731937050819397 0.3719784617424011
vt 0.6011801958084106 0.7424577474594116
vt 0.9614437222480774 0.37197840213775635
vt 2.3088955879211426 2.5948532819747925
vt 2.0107288360595703 2.594853401184082
vt 2.2235968112945557 2.0391346216201782
vt 2.493330478668213 1.8538948893547058
vt 0.8268166780471802 1.1129370033740997
vt 1.0765668153762817 0.9276973158121109
vt 2.744640588760376 0.18673843145370483
vt 2.464897632598877 1.6686553359031677
vt 3.1250152587890625 1.1129363477230072
vt 3.515399217605591 0.7424570322036743
vt 2.670846462249756 2.039134383201599
vt 2.791496992111206 1.8538947701454163
vt 3.2740988731384277 1.8538945317268372
vt 0.20393948256969452 1.1129370331764221
vt 0.13662579655647278 0.7424577474594116
vt 0.06931228935718536 1.1129370331764221
vt 0.17028272151947021 1.2981766760349274
vt 0.0019987821578979492 1.4834163188934326
vt 0.23759622871875763 0.9276973903179169
vt 0.1029692217707634 1.6686559915542603
vt 2.467982292175293 1.2981762290000916
vt 0.06931246817111969 1.8538956046104431
vt 0.0019989609718322754 2.2243748903274536
vt 0.06931264698505402 2.5948541164398193
vt 0.001998424530029297 0.001499176025390625
vt 0.001998603343963623 0.7424577474594116
vt 3.9980013370513916 2.2243733406066895
vt 2.0675947666168213 2.965332508087158
vt 3.0327982902526855 2.96533203125
vt 2.791497230529785 2.5948530435562134
vt 3.9980015754699707 2.965331554412842
vt 3.7567005157470703 2.594852566719055
vt 1.1446621417999268 2.7800933122634888
vt 1.471261739730835 2.9653327465057373
vt 1.414395809173584 2.594853639602661
vt 3.636050224304199 2.4096131324768066
vt 0.631516695022583 1.1129370331764221
vt 3.2740988731384277 2.5948528051376343
vt 1.7456401586532593 0.9276971966028214
vt 2.245140314102173 0.5572178065776825
vt 0.4167127311229706 2.4096145629882812
vt 1.3263169527053833 0.7424576282501221
vt 3.3289272785186768 0.0014986991882324219
vt 0.2712528109550476 0.001499176025390625
vt 0.2039393037557602 0.3719784617424011
vt 0.8749285340309143 2.9653329849243164
vt 2.436464548110962 1.4834157228469849
vt 1.6841294765472412 2.4096139669418335
vt 2.706198215484619 1.2981760501861572
vt 2.670846700668335 2.409613609313965
vt 3.0327978134155273 2.2243738174438477
vt 3.394749164581299 2.0391340255737305
vt 0.9694817066192627 2.409614324569702
vt 1.1877140998840332 2.4096142053604126
vt 1.0313212871551514 2.6874735355377197
vt 2.0659842491149902 2.965332508087158
vt 1.8700931072235107 2.998486042022705
vt 2.065984010696411 2.9985015392303467
vt 1.4374642372131348 2.224374532699585
vt 1.936964511871338 1.8538951873779297
vt 0.8757808208465576 2.9985015392303467
vt 0.8757808208465576 2.9653329849243164
vt 3.63604998588562 1.6686547994613647
vt 3.51539945602417 1.4834153056144714
vt 3.636049747467041 0.92769655585289
vt 3.9980008602142334 0.74245685338974
vt 3.756700038909912 1.1129360795021057
vt 1.470882534980774 2.9653327465057373
vt 3.394749164581299 1.6686549186706543
vt 3.3947489261627197 1.2981757819652557
vt 3.636049747467041 1.2981756925582886
vt 3.1534485816955566 2.4096133708953857
vt 3.9980010986328125 1.1129359900951385
vt 0.06931211054325104 0.3719784617424011
vt 3.756700038909912 0.3719778060913086
vt 0.6882139444351196 2.780093550682068
vt 1.344106912612915 2.1317548751831055
vt 1.4059464931488037 2.409614086151123
vt 1.7187321186065674 1.8538953065872192
vt 2.2182321548461914 1.483415961265564
vt 3.9980015754699707 2.5948524475097656
vt 3.2172327041625977 0.7424571514129639
vt 2.1867144107818604 1.668655514717102
vt 3.1534483432769775 1.6686550378799438
vt 0.0004994571208953857 0.33500003814697266
vt 0.0005007088184356689 0.15508973598480225
vt 0.25025033950805664 0.20006710290908813
vt 0.4999999403953552 0.24504446983337402
vt 0.9995003938674927 0.1550889015197754
vt 0.7497501373291016 0.2000666856765747
vt 0.9994990825653076 0.33500003814697266
vt 0.4999992847442627 0.33500003814697266
vt 0.0152970552444458 1
vt 0.0019980669021606445 0.800000011920929
vt 0.3716297447681427 0.8500000089406967
vt 0.7412614226341248 0.9000000059604645
vt 1.4809291362762451 0.800000011920929
vt 0.7479109168052673 1
vt 1.4805247783660889 1
vt 0.03675985336303711 0.9000000059604645
vt -0.8388603925704956 0.800000011920929
vt 0.0385056734085083 0.800000011920929
vt 0.9158717393875122 0.800000011920929
vt 1.5 0.800000011920929
vt 1.500000238418579 1
vt 1.1253747940063477 0.9500000029802322
vt 0.7507492899894714 0.9000000059604645
vt 0.37612390518188477 0.9500000029802322
vt 1.125374674797058 0.8500000089406967
vt 1.5 1
vt 0.7507492899894714 0.9000000059604645
vt 1.5 0.800000011920929
vt 0.8337717056274414 0.800000011920929
vt 1.5 1
vt 1.5 0.800000011920929
vt 1.1253745555877686 0.8500000089406967
vt 0.7507492303848267 0.9000000059604645
vt 0.8337717056274414 0.800000011920929
vt 0.7507492303848267 1
vt 0.0014985501766204834 1
vt 0.915921151638031 1
vt 0.47634050250053406 0.9500000029802322
vt 0.036784589290618896 1
vt 1.1142075061798096 0.8500000089406967
vt 1.4804836511611938 1
vt 0.7478903532028198 0.9000000059604645
vt 1.4805247783660889 0.800000011920929
vt 0.7479109168052673 0.800000011920929
vt 2.7394652366638184 0.800000011920929
vt 3.357440710067749 0.9500000029802322
vt 2.7319369316101074 0.9000000059604645
vt 2.7317347526550293 1
vt 3.9829444885253906 1
vt 3.1682190895080566 0.8500000089406967
vt 2.426649808883667 1
vt 2.4176149368286133 0.9000000059604645
vt 3.918823480606079 0.800000011920929
vt 2.417372226715088 0.800000011920929
vt 1.5 0.800000011920929
vt 1.499999761581421 1
vt 1.1253745555877686 0.9500000029802322
vt 0.7507492899894714 0.9000000059604645
vt 0.37612390518188477 0.9500000029802322
vt 2.519070863723755 1
vt 2.519070863723755 0.800000011920929
vt 2.888803482055664 0.8500000089406967
vt 3.2585363388061523 0.9000000059604645
vt 3.998002052307129 0.800000011920929
vt 3.2585363388061523 1
vt 3.998002052307129 1
vt 1.8331141471862793 0.9500000029802322
vt 2.1662282943725586 0.9000000059604645
vt 2.249250888824463 1
vt 1.8331141471862793 0.9500000029802322
vt 2.1662282943725586 0.9000000059604645
vt 2.249250888824463 1
vt 2.1621763706207275 1
vt 2.1621761322021484 0.800000011920929
vt 2.6058554649353027 0.8500000089406967
vt 3.049534797668457 0.9000000059604645
vt 3.049534797668457 0.800000011920929
vt 3.4932141304016113 0.8500000089406967
vt 3.9368934631347656 1
vt 3.9368934631347656 0.800000011920929
vt 3.049534797668457 1
vt -0.41475287079811096 0.9500000029802322
vt 0.9164061546325684 1
vt 0.029047608375549316 1
vt -0.858310878276825 1
vt 0.12069838494062424 0.9249999970197678
vt 0.0004999041557312012 0.699999988079071
vt 0.0004998743534088135 1
vt 0.24089689552783966 0.8499999940395355
vt 0.24089688062667847 1
vt 0.0004997849464416504 0.699999988079071
vt 0.2408968210220337 0.8499999940395355
vt 0.12069828808307648 0.9249999970197678
vt 0.0004997551441192627 1
vt 0.48129385709762573 1
vt 1.1110953092575073 0.8500000089406967
vt 0.915921151638031 0.800000011920929
vt 0.4726056456565857 0.9500000029802322
vt 0.028805136680603027 0.9000000059604645
vt 1.8331140279769897 0.9500000029802322
vt 2.1662282943725586 0.9000000059604645
vt 2.249250650405884 1
vt 0.01820659637451172 1
vt 0.0152970552444458 0.800000011920929
vt 0.3815937042236328 0.8500000089406967
vt 0.7493451237678528 1
vt 1.8331142663955688 0.9500000029802322
vt 2.1662282943725586 0.9000000059604645
vt 2.249250888824463 1
vt 3.3687334060668945 0.800000011920929
vt 3.3612048625946045 0.9000000059604645
vt 3.9980015754699707 0.800000011920929
vt 3.6758389472961426 0.9000000059604645
vt 3.550297737121582 0.9000000059604645
vt 3.9368934631347656 1
vt 3.181771755218506 1
vt 0.0014985501766204834 1
vt 0.1675432026386261 0.800000011920929
vt 0.0005003362894058228 0.7000000476837158
vt 0.0005003213882446289 1
vt 0.4812942147254944 1
vt 0.48129427433013916 0.7000000476837158
vt 1 1
vt 1 0.7000000476837158
vt 0.0005003511905670166 0.3400000333786011
vt 0.0005003511905670166 0.6700000166893005
vt 0.5733604431152344 0.6700000166893005
vt 0.5733604431152344 0.3400000333786011
vt 0.9995004534721375 0.6700000166893005
vt 0.9995006322860718 0.3400000333786011
vt 0.0005002915859222412 0.699999988079071
vt 0.48129430413246155 1
vt 0.0005002915859222412 1
vt 0.4812942147254944 0.699999988079071
vt 1 1
vt 1 0.699999988079071
vt 0.0004993677139282227 0.3400000333786011
vt 0.5733593702316284 0.6700000166893005
vt 0.000499337911605835 0.6700000166893005
vt 0.573359489440918 0.3400000333786011
vt 0.48129385709762573 0.699999988079071
vt 1 1
vt 1 0.699999988079071
vt 1 1
vt 0.4812939167022705 0.699999988079071
vt 0.4812938868999481 1
vt 1 0.699999988079071
vt 1 1
vt 0.7013377547264099 0.7000000476837158
vt 0.7013377547264099 1
vt 1 0.7000000476837158
vt 0.9995007514953613 0.6700000166893005
vt 0.7585717439651489 0.3400000333786011
vt 0.7585717439651489 0.6700000166893005
vt 0.9995007514953613 0.3400000333786011
vt 0.7013378143310547 0.7000000476837158
vt 1 1
vt 0.7013378143310547 1
vt 1 0.7000000476837158
vt 0.0004995167255401611 0.7000000476837158
vt 0.48129332065582275 1
vt 0.0004995465278625488 1
vt 0.48129338026046753 0.7000000476837158
vt 1 1
vt 0.0004994571208953857 0.6700000166893005
vt 0.5733599662780762 0.3400000333786011
vt 0.0004994571208953857 0.3400000333786011
vt 0.5733598470687866 0.6700000166893005
vt 0.9995005130767822 0.3400000333786011
vt 0.9995003938674927 0.6700000166893005
vt 0.5733600854873657 0.6700000166893005
vt 0.5733600854873657 0.3400000333786011
vt 0.9995002746582031 0.3400000333786011
vt 0.9995003938674927 0.6700000166893005
vt 1 1
vt 0.5 0.6700000166893005
vt 0.5 1
vt 1 0.6700000166893005
vt 0.022876497358083725 1
vt 0.5129218101501465 0.800000011920929
vt 0.5352984666824341 1
vt 0.0004994571208953857 0.800000011920929
vt 0.3874315619468689 1
vt 0.0004999637603759766 0.800000011920929
vt 0.022876854985952377 1
vt 0.3650549054145813 0.800000011920929
vt 1 1
vt 0.5 1
vt 0.5 0.6700000166893005
vt 1 0.6700000166893005
vt 0.022876646369695663 1
vt 0.535298228263855 1
vt 0.5129218697547913 0.800000011920929
vt 0.0004998445510864258 0.800000011920929
vt 0.38743162155151367 1
vt 0.022876139730215073 1
vt 0.0004994869232177734 0.800000011920929
vt 0.3650546967983246 0.800000011920929
vt 1 1
vt 0.5 1
vt 0.5 0.6700000166893005
vt 1 0.6700000166893005
vt 1 1
vt 1 0.6700000166893005
vt 0.5 0.6700000166893005
vt 0.5 1
vt 0.0004998445510864258 0.800000011920929
vt 0.5129218101501465 0.800000011920929
vt 0.5352987051010132 1
vt 0.022876616567373276 1
vt 0.3650549054145813 0.800000011920929
vt 0.0004999637603759766 0.800000011920929
vt 0.022876854985952377 1
vt 0.3874315619468689 1
vt 1 1
vt 0.5 0.6700000166893005
vt 0.5 1
vt 1 0.6700000166893005
vt 1 1
vt 0.5 0.6700000166893005
vt 1 0.6700000166893005
vt 0.5 1
vt 0.0004999935626983643 0.800000011920929
vt 0.5352988839149475 1
vt 0.5129221081733704 0.800000011920929
vt 0.022876765578985214 1
vt 0.3650549650192261 0.800000011920929
vt 0.022876765578985214 1
vt 0.0004999935626983643 0.800000011920929
vt 0.3874317407608032 1
vt 1 1
vt 0.5 1
vt 0.5 0.6700000166893005
vt 1 0.6700000166893005
vt 0.0005000829696655273 0.800000011920929
vt 0.5129222869873047 0.800000011920929
vt 0.5352988243103027 1
vt 0.022876735776662827 1
vt 0.3650549054145813 0.800000011920929
vt 0.0005000829696655273 0.800000011920929
vt 0.022876735776662827 1
vt 0.38743168115615845 1
vt 1 1
vt 0.5 0.6700000166893005
vt 0.5 1
vt 1 0.6700000166893005
vt 0.0004999935626983643 0.800000011920929
vt 0.535298764705658 1
vt 0.5129221081733704 0.800000011920929
vt 0.022876497358083725 1
vt 0.3650549650192261 0.800000011920929
vt 0.022876646369695663 1
vt 0.0004999935626983643 0.800000011920929
vt 0.3874318599700928 1
vt 0.32667994499206543 0
vt 1.9968611001968384 0.1676000952720642
vt 0.32662826776504517 0.1676000952720642
vt 1.9990007877349854 0
vt 0.0010609030723571777 0
vt 0.000999152660369873 0.1676000952720642
vt 2.9985015392303467 1
vt 2.832456588745117 0.800000011920929
vt 1.5000004768371582 0.800000011920929
vt 2.249250888824463 0.9000000059604645
vt 1.5000004768371582 1
vt 0.16754338145256042 0.800000011920929
vt 2.249250888824463 0.9000000059604645
vt 2.249250888824463 0.800000011920929
vt 2.9985015392303467 1
vt 1.5 0.800000011920929
vt 0.24089650809764862 0.8499999940395355
vt 0.48129355907440186 0.699999988079071
vt 0.0004994869232177734 0.699999988079071
vt 0.48129352927207947 1
vt 0.47665536403656006 0.6700000166893005
vt 0.23857735097408295 0.5050000250339508
vt 0.47665536403656006 0.3400000333786011
vt 0.000499337911605835 0.3400000333786011
vt 2.249250650405884 0.9000000059604645
vt 2.249250650405884 0.800000011920929
vt 2.9985015392303467 1
vt 1.499999761581421 0.800000011920929
vt 0.750749409198761 0.9000000059604645
vt 0.7507494688034058 1
vt 0.0014985501766204834 0.800000011920929
vt -0.8423519730567932 1
vt 2.832456588745117 0.800000011920929
vt 2.8324568271636963 0.800000011920929
vt 2.832456588745117 0.800000011920929
vt 0.8337718844413757 0.9000000059604645
vt 0.16754329204559326 0.800000011920929
vt 0.7507495284080505 1
vt 0.2869298458099365 0.5050000250339508
vt 0.0004995465278625488 0.3400000333786011
vt 0.0004995763301849365 0.6700000166893005
vt 2.9985015392303467 0.800000011920929
vt 2.249250888824463 0.9000000059604645
vt 1.4999995231628418 0.800000011920929
vt 2.249250888824463 1
vt 0.0014985501766204834 1
vt 0.7507489919662476 0.9000000059604645
vt 0.0014988183975219727 0.800000011920929
vt 1 1
vt 1 0.699999988079071
vt 0.7406467795372009 0.699999988079071
vt 0.7406467199325562 0.7000000476837158
vt 1 0.7000000476837158
vt 0.738077700138092 0.5050000250339508
vt 0.999500036239624 0.6700000166893005
vt 0.9994996190071106 0.3400000333786011
vt 0.16754329204559326 0.800000011920929
vt 0.8337718844413757 0.9000000059604645
vt 0.16754329204559326 1
vt 1.5000004768371582 1
vt 1.5 0.800000011920929
vt 0.7406467795372009 0.8499999940395355
vt 2.8324570655822754 1
vt 2.1662285327911377 0.9000000059604645
vt 2.8324570655822754 0.800000011920929
vt 0.9994993805885315 0.6700000166893005
vt 0.7864294052124023 0.5050000250339508
vt 0.9994995594024658 0.3400000333786011
vt 0.6312664747238159 0.800000011920929
vt 1.260534644126892 0.9000000059604645
vt 0.001998305320739746 0.800000011920929
vt 1.260534644126892 0.800000011920929
vt 0.6519325971603394 0.9000000059604645
vt 0.6519327163696289 1
vt -0.10318911075592041 1
vt -0.858310878276825 1
vt 3.3565990924835205 0.8500000089406967
vt 3.979982852935791 1
vt 2.7302536964416504 0.9000000059604645
vt 3.9829444885253906 0.800000011920929
vt 3.9152705669403076 0.800000011920929
vt 3.918823480606079 1
vt 3.1672096252441406 0.9500000029802322
vt 2.415595769882202 0.9000000059604645
vt 2.417372226715088 1
vt 2.10538911819458 0.8500000089406967
vt 2.7302331924438477 1
vt 2.4155712127685547 0.800000011920929
vt 1.665758490562439 0.9500000029802322
vt 0.6519326567649841 0.800000011920929
vt 1.2605342864990234 1
vt 1.8898026943206787 0.9000000059604645
vt 1.4070544242858887 0.9000000059604645
vt -0.858310878276825 0.800000011920929
vt -0.10318917036056519 0.8500000089406967
vt 0.6312662363052368 0.9500000029802322
vt 0.001997828483581543 1
vt 2.1064329147338867 0.8500000089406967
vt 2.7317347526550293 0.800000011920929
vt 1.6670105457305908 0.9500000029802322
vt 2.9985015392303467 1
vt 2.6238760948181152 1
vt 2.6238760948181152 0.800000011920929
vt 2.9985015392303467 0.800000011920929
vt 2.9985015392303467 1
vt 2.6238760948181152 1
vt 2.6238760948181152 0.800000011920929
vt 2.9985015392303467 0.800000011920929
vt 2.9985013008117676 1
vt 2.6238760948181152 1
vt 0.3761240541934967 1
vt 0.0014986395835876465 1
vt 0.8337717652320862 0.9000000059604645
vt 0.8337717056274414 1
vt 0.1675434708595276 1
vt 2.1662282943725586 0.800000011920929
vt 1.5 1
vt 1.1668858528137207 0.9500000029802322
vt 0.8337717652320862 0.800000011920929
vt 2.1662282943725586 0.800000011920929
vt 0.1675434708595276 0.800000011920929
vt 0.5006576180458069 0.8500000089406967
vt 0.16754329204559326 0.800000011920929
vt 0.8337716460227966 0.800000011920929
vt 0.0014985501766204834 1
vt 2.9985015392303467 1
vt 2.6238760948181152 0.9500000029802322
vt 2.8324570655822754 0.800000011920929
vt 2.166228771209717 0.800000011920929
vt 2.166228771209717 1
vt 0.16754338145256042 0.800000011920929
vt 2.1662282943725586 0.9000000059604645
vt 2.1662282943725586 0.800000011920929
vt 0.37612390518188477 0.9500000029802322
vt 0.0014985501766204834 1
vt 2.832456588745117 1
vt 2.1662282943725586 1
vt 1.8331141471862793 0.9500000029802322
vt 2.499342441558838 0.8500000089406967
vt 2.832456588745117 0.800000011920929
vt 0.8337715864181519 0.800000011920929
vt 2.1662282943725586 0.9000000059604645
vt 2.1662282943725586 0.800000011920929
vt 2.249250888824463 1
vt 1.8746254444122314 0.9500000029802322
vt 1.5 1
vt 0.3761240243911743 1
vt 0.0014985501766204834 1
vt 2.6238760948181152 1
vt 2.9985015392303467 1
vt 0.7507492899894714 1
vt 0.7507492899894714 0.9000000059604645
vt 1.125374674797058 0.8500000089406967
vt 0.7507492303848267 0.800000011920929
vt 0.0004994571208953857 1
vt 0.24089649319648743 1
vt 0.2869298458099365 0.6700000166893005
vt 0.0004994720220565796 0.8499999940395355
vt 0.000499337911605835 0.5050000250339508
vt 0.000499337911605835 0.6700000166893005
vt 0.23857735097408295 0.6700000166893005
vt 0.37612393498420715 0.8500000089406967
vt 0.0014985501766204834 1
vt 0.0014985501766204834 0.800000011920929
vt 0.7507492899894714 1
vt -0.8423519730567932 0.800000011920929
vt 0.036784589290618896 0.800000011920929
vt 1.500000238418579 1
vt 1.1668859720230103 0.9500000029802322
vt 0.8337716460227966 0.9000000059604645
vt 0.8337717652320862 1
vt 0.16754311323165894 0.800000011920929
vt 0.8337715268135071 0.800000011920929
vt 2.1662282943725586 0.800000011920929
vt 0.5006574392318726 0.9500000029802322
vt 0.16754329204559326 1
vt 2.249250888824463 1
vt 0.750749409198761 1
vt 1.8746254444122314 0.9500000029802322
vt 1.1253747940063477 0.9500000029802322
vt 0.7507491111755371 0.800000011920929
vt 0.7507491707801819 1
vt 2.832456588745117 1
vt 2.1662282943725586 1
vt 2.1662282943725586 0.800000011920929
vt 2.499342441558838 0.8500000089406967
vt 2.832456588745117 0.800000011920929
vt 1.8331142663955688 0.9500000029802322
vt 0.35381489992141724 0.5
vt 0.6482909321784973 0.5
vt 0.6482909321784973 1
vt 1 0.04400002956390381
vt 1 0.5
vt 0.8090000152587891 0.5
vt 0.8090000152587891 0.04400002956390381
vt 1 0.04400002956390381
vt 0 0.04400002956390381
vt 0 0
vt 1 0
vt 1 0.04400002956390381
vt 1 0.5
vt 0.8090000152587891 0.5
vt 0.8090000152587891 0.04400002956390381
vt 1 0.04400002956390381
vt 0 0.04400002956390381
vt 0 0
vt 1 0
vt 0.6482909321784973 1
vt 0.35381489992141724 1
vt 0.35381489992141724 0.5
vt 0.6482909321784973 0.5
vt 0.6482909321784973 1
vt 0.35381489992141724 1
vt 0.35381489992141724 0.5
vt 0.6482909321784973 0.5
vt 0.6482909321784973 1
vt 0.35381489992141724 1
vt 0.35381489992141724 0.5
vt 0.6482909321784973 0.5
vt 0.6482909321784973 1
vt 0.35381489992141724 1
vt 0.35381489992141724 0.5
vt 0.6482909321784973 0.5
vt 0.6482909321784973 1
vt 0.35381489992141724 1
vt 0.35381489992141724 0.5
vt 0.6482909321784973 0.5
vt 0.6482909321784973 1
vt 0.35381489992141724 1
vt 0.35381489992141724 0.5
vt 0.6482909321784973 0.5
vt 0.35381489992141724 0.5
vt 0.6482909321784973 0.5
vt 0.6482909321784973 1
vt 0.6482909321784973 1
vt 0.35381489992141724 1
vt 0.35381489992141724 0.5
vt 0.6482909321784973 0.5
vt 0.6482909321784973 1
vt 0.35381489992141724 1
vt 0.35381489992141724 0.5
vt 0.6482909321784973 0.5
vt 1 0.5
vt 0 0.5
vt 0.5 0.27300000190734863
vt 0 0.046000003814697266
vt 1 0.046000003814697266
vt 0.35381489992141724 1
vt 0.35381489992141724 1
vt 0.35381489992141724 0.5
vt 0.6482909321784973 0.5
vt 0.6482909321784973 1
vt 0.35381489992141724 1
vt 0.6482909321784973 1
vt 0.35381489992141724 1
vt 0.35381489992141724 0.5
vt 0.35381489992141724 0.5
vt 0.6482909321784973 0.5
vt 0.6482909321784973 1
vt 0.35381489992141724 1
vt 0.35381489992141724 0.5
vt 0.6482909321784973 0.5
vt 0.6482909321784973 1
vt 0.35381489992141724 1
vt 0.35381489992141724 0.5
vt 0.6482909321784973 0.5
vt 0.6482909321784973 1
vt 0.35381489992141724 1
vt 0.6482909321784973 0.5
vt 0.5 0.27300000190734863
vt 1 0.046000003814697266
vt 1 0.5
vt 0 0.046000003814697266
vt 0 0.5
vt 0.35381489992141724 0.5
vt 0.6482909321784973 0.5
vt 0.6482909321784973 1
vt 0.35381489992141724 1
g ShopB320
s 1
f 1/1/1 2/2/2 3/3/3
f 4/4/4 5/5/5 6/6/6
f 7/7/7 8/8/8 9/9/9
f 9/9/9 10/10/10 11/11/11
f 12/12/12 13/13/13 14/14/14
f 15/15/15 16/16/16 17/17/17
f 18/18/18 19/19/19 16/16/16
f 20/20/20 16/16/16 15/15/15
f 21/21/21 17/17/17 2/2/2
f 15/15/15 17/17/17 22/22/22
f 17/17/17 23/23/23 2/2/2
f 19/19/19 24/24/24 16/16/16
f 25/25/25 26/26/26 27/27/27
f 28/28/28 29/29/29 30/30/30
f 28/28/28 31/31/31 6/6/6
f 32/32/32 5/5/5 4/4/4
f 33/33/33 34/34/34 3/3/3
f 23/23/23 34/34/34 33/33/33
f 2/2/2 23/23/23 33/33/33
f 2/2/2 33/33/33 3/3/3
f 34/34/34 35/35/35 3/3/3
f 35/35/35 36/36/36 3/3/3
f 31/31/31 37/37/37 6/6/6
f 38/38/38 39/39/39 40/40/40
f 16/16/16 24/24/24 17/17/17
f 31/31/31 41/41/41 42/42/42
f 31/31/31 42/42/42 37/37/37
f 43/43/43 15/15/15 22/22/22
f 20/20/20 15/15/15 43/43/43
f 44/44/44 45/45/45 46/46/46
f 11/11/11 10/10/10 47/47/47
f 47/47/47 10/10/10 48/48/48
f 44/44/44 46/46/46 49/49/49
f 38/38/38 44/44/44 50/50/50
f 20/20/20 18/18/18 16/16/16
f 51/51/51 9/9/9 11/11/11
f 7/7/7 9/9/9 51/51/51
f 48/48/48 52/52/52 53/53/53
f 53/53/53 52/52/52 54/54/54
f 55/55/55 56/56/56 8/8/8
f 8/8/8 56/56/56 10/10/10
f 44/44/44 49/49/49 50/50/50
f 7/7/7 55/55/55 8/8/8
f 48/48/48 10/10/10 52/52/52
f 10/10/10 56/56/56 52/52/52
f 57/57/57 58/58/58 59/59/59
f 60/60/60 61/61/61 62/62/62
f 63/63/63 64/64/64 62/62/62
f 32/32/32 12/12/12 14/14/14
f 65/65/65 66/66/66 67/67/67
f 57/57/57 49/49/49 68/68/68
f 69/69/69 70/70/70 71/71/71
f 70/70/70 69/69/69 72/72/72
f 21/21/21 2/2/2 73/73/73
f 73/73/73 2/2/2 74/74/74
f 69/69/69 71/71/71 75/75/75
f 75/75/75 76/76/76 77/77/77
f 22/22/22 17/17/17 78/78/78
f 78/78/78 17/17/17 21/21/21
f 63/63/63 68/68/68 64/64/64
f 79/79/79 49/49/49 57/57/57
f 80/80/80 81/81/81 82/82/82
f 83/83/83 84/84/84 81/81/81
f 85/85/85 86/86/86 87/87/87
f 74/74/74 2/2/2 1/1/1
f 9/9/9 8/8/8 10/10/10
f 88/88/88 86/86/86 89/89/89
f 6/6/6 37/37/37 4/4/4
f 4/4/4 37/37/37 32/32/32
f 62/62/62 64/64/64 90/90/90
f 82/82/82 88/88/88 80/80/80
f 86/86/86 88/88/88 87/87/87
f 68/68/68 91/91/91 64/64/64
f 68/68/68 49/49/49 91/91/91
f 50/50/50 49/49/49 79/79/79
f 79/79/79 92/92/92 50/50/50
f 57/57/57 92/92/92 79/79/79
f 76/76/76 75/75/75 93/93/93
f 50/50/50 92/92/92 94/94/94
f 95/95/95 30/30/30 41/41/41
f 28/28/28 30/30/30 95/95/95
f 28/28/28 95/95/95 31/31/31
f 95/95/95 41/41/41 31/31/31
f 96/96/96 40/40/40 45/45/45
f 38/38/38 40/40/40 96/96/96
f 38/38/38 96/96/96 44/44/44
f 96/96/96 45/45/45 44/44/44
f 63/63/63 97/97/97 58/58/58
f 58/58/58 97/97/97 59/59/59
f 97/97/97 61/61/61 59/59/59
f 98/98/98 58/58/58 57/57/57
f 63/63/63 58/58/58 98/98/98
f 98/98/98 68/68/68 63/63/63
f 57/57/57 68/68/68 98/98/98
f 54/54/54 52/52/52 99/99/99
f 99/99/99 52/52/52 67/67/67
f 57/57/57 59/59/59 100/100/100
f 57/57/57 100/100/100 92/92/92
f 84/84/84 82/82/82 81/81/81
f 101/101/101 102/102/102 103/103/103
f 56/56/56 66/66/66 65/65/65
f 101/101/101 26/26/26 102/102/102
f 62/62/62 61/61/61 104/104/104
f 62/62/62 104/104/104 63/63/63
f 63/63/63 104/104/104 97/97/97
f 104/104/104 61/61/61 97/97/97
f 32/32/32 14/14/14 105/105/105
f 32/32/32 105/105/105 5/5/5
f 75/75/75 77/77/77 69/69/69
f 50/50/50 94/94/94 38/38/38
f 106/106/106 107/107/107 26/26/26
f 106/106/106 37/37/37 107/107/107
f 27/27/27 13/13/13 108/108/108
f 27/27/27 108/108/108 25/25/25
f 25/25/25 108/108/108 12/12/12
f 108/108/108 13/13/13 12/12/12
f 109/109/109 12/12/12 32/32/32
f 25/25/25 12/12/12 109/109/109
f 109/109/109 106/106/106 25/25/25
f 32/32/32 106/106/106 109/109/109
f 101/101/101 13/13/13 27/27/27
f 103/103/103 13/13/13 101/101/101
f 27/27/27 26/26/26 101/101/101
f 52/52/52 56/56/56 65/65/65
f 52/52/52 65/65/65 67/67/67
f 66/66/66 110/110/110 67/67/67
f 110/110/110 111/111/111 67/67/67
f 32/32/32 37/37/37 106/106/106
f 25/25/25 106/106/106 26/26/26
f 24/24/24 23/23/23 17/17/17
f 6/6/6 5/5/5 112/112/112
f 6/6/6 112/112/112 28/28/28
f 62/62/62 90/90/90 60/60/60
f 89/89/89 80/80/80 88/88/88
g ShopB321
s 1
f 113/113/113 114/114/114 115/115/115
f 116/116/116 117/117/117 118/118/118
f 119/119/119 120/120/120 121/121/121
f 119/119/119 121/121/121 122/122/122
f 123/123/123 124/124/124 125/125/125
f 126/126/126 124/124/124 123/123/123
f 126/126/126 123/123/123 120/120/120
f 127/127/127 128/128/128 122/122/122
f 122/122/122 121/121/121 127/127/127
f 129/129/129 119/119/119 122/122/122
f 130/130/130 119/119/119 129/129/129
f 131/131/131 132/132/132 133/133/133
f 131/131/131 119/119/119 130/130/130
f 133/133/133 119/119/119 131/131/131
f 128/128/128 134/134/134 122/122/122
f 134/134/134 135/135/135 136/136/136
f 128/128/128 135/135/135 134/134/134
f 137/137/137 138/138/138 139/139/139
f 139/139/139 140/140/140 137/137/137
f 138/138/138 141/141/141 139/139/139
f 141/141/141 142/142/142 143/143/143
f 138/138/138 142/142/142 141/141/141
f 144/144/144 145/145/145 139/139/139
f 146/146/146 145/145/145 144/144/144
f 147/147/147 148/148/148 149/149/149
f 147/147/147 145/145/145 146/146/146
f 149/149/149 145/145/145 147/147/147
f 150/150/150 151/151/151 152/152/152
f 151/151/151 153/153/153 152/152/152
f 154/154/154 155/155/155 156/156/156
f 155/155/155 157/157/157 156/156/156
f 158/158/158 159/159/159 160/160/160
f 161/161/161 154/154/154 162/162/162
f 163/163/163 161/161/161 164/164/164
f 158/158/158 165/165/165 159/159/159
f 166/166/166 167/167/167 168/168/168
f 168/168/168 167/167/167 169/169/169
f 169/169/169 170/170/170 168/168/168
f 161/161/161 162/162/162 164/164/164
f 171/171/171 162/162/162 172/172/172
f 171/171/171 172/172/172 173/173/173
f 172/172/172 156/156/156 173/173/173
f 162/162/162 156/156/156 172/172/172
f 174/174/174 173/173/173 175/175/175
f 171/171/171 173/173/173 174/174/174
f 176/176/176 177/177/177 178/178/178
f 175/175/175 135/135/135 174/174/174
f 179/179/179 162/162/162 171/171/171
f 164/164/164 162/162/162 179/179/179
f 180/180/180 164/164/164 179/179/179
f 180/180/180 179/179/179 171/171/171
f 181/181/181 182/182/182 183/183/183
f 183/183/183 184/184/184 181/181/181
f 185/185/185 184/184/184 183/183/183
f 186/186/186 163/163/163 185/185/185
f 182/182/182 163/163/163 186/186/186
f 183/183/183 182/182/182 186/186/186
f 183/183/183 186/186/186 185/185/185
f 178/178/178 187/187/187 188/188/188
f 178/178/178 177/177/177 187/187/187
f 189/189/189 152/152/152 190/190/190
f 191/191/191 152/152/152 189/189/189
f 189/189/189 192/192/192 191/191/191
f 190/190/190 192/192/192 189/189/189
f 193/193/193 188/188/188 194/194/194
f 193/193/193 194/194/194 195/195/195
f 194/194/194 187/187/187 195/195/195
f 188/188/188 187/187/187 194/194/194
f 153/153/153 196/196/196 197/197/197
f 196/196/196 188/188/188 197/197/197
f 196/196/196 178/178/178 188/188/188
f 153/153/153 178/178/178 196/196/196
f 198/198/198 199/199/199 200/200/200
f 201/201/201 199/199/199 198/198/198
f 198/198/198 142/142/142 201/201/201
f 200/200/200 142/142/142 198/198/198
f 202/202/202 203/203/203 204/204/204
f 203/203/203 205/205/205 204/204/204
f 206/206/206 205/205/205 203/203/203
f 206/206/206 203/203/203 202/202/202
f 142/142/142 138/138/138 207/207/207
f 142/142/142 207/207/207 201/201/201
f 201/201/201 207/207/207 208/208/208
f 207/207/207 138/138/138 208/208/208
f 209/209/209 210/210/210 211/211/211
f 210/210/210 118/118/118 211/211/211
f 212/212/212 118/118/118 210/210/210
f 212/212/212 210/210/210 209/209/209
f 165/165/165 213/213/213 214/214/214
f 214/214/214 213/213/213 215/215/215
f 214/214/214 216/216/216 165/165/165
f 217/217/217 218/218/218 219/219/219
f 220/220/220 221/221/221 217/217/217
f 220/220/220 217/217/217 219/219/219
f 218/218/218 117/117/117 222/222/222
f 218/218/218 222/222/222 219/219/219
f 219/219/219 222/222/222 116/116/116
f 222/222/222 117/117/117 116/116/116
f 223/223/223 219/219/219 224/224/224
f 223/223/223 224/224/224 225/225/225
f 224/224/224 116/116/116 225/225/225
f 219/219/219 116/116/116 224/224/224
f 223/223/223 225/225/225 226/226/226
f 226/226/226 212/212/212 223/223/223
f 118/118/118 212/212/212 226/226/226
f 227/227/227 120/120/120 228/228/228
f 227/227/227 228/228/228 125/125/125
f 228/228/228 123/123/123 125/125/125
f 120/120/120 123/123/123 228/228/228
f 229/229/229 125/125/125 205/205/205
f 227/227/227 125/125/125 229/229/229
f 229/229/229 206/206/206 227/227/227
f 205/205/205 206/206/206 229/229/229
f 230/230/230 231/231/231 232/232/232
f 230/230/230 232/232/232 119/119/119
f 232/232/232 120/120/120 119/119/119
f 233/233/233 126/126/126 120/120/120
f 232/232/232 231/231/231 233/233/233
f 232/232/232 233/233/233 120/120/120
f 136/136/136 234/234/234 132/132/132
f 234/234/234 175/175/175 132/132/132
f 135/135/135 175/175/175 234/234/234
f 135/135/135 234/234/234 136/136/136
f 136/136/136 132/132/132 235/235/235
f 136/136/136 235/235/235 130/130/130
f 130/130/130 235/235/235 131/131/131
f 235/235/235 132/132/132 131/131/131
f 143/143/143 236/236/236 148/148/148
f 236/236/236 200/200/200 148/148/148
f 142/142/142 200/200/200 236/236/236
f 142/142/142 236/236/236 143/143/143
f 143/143/143 148/148/148 237/237/237
f 143/143/143 237/237/237 146/146/146
f 146/146/146 237/237/237 147/147/147
f 237/237/237 148/148/148 147/147/147
f 238/238/238 239/239/239 240/240/240
f 241/241/241 239/239/239 238/238/238
f 238/238/238 242/242/242 241/241/241
f 240/240/240 242/242/242 238/238/238
f 243/243/243 244/244/244 241/241/241
f 245/245/245 244/244/244 243/243/243
f 243/243/243 246/246/246 245/245/245
f 241/241/241 246/246/246 243/243/243
f 231/231/231 247/247/247 233/233/233
f 247/247/247 126/126/126 233/233/233
f 221/221/221 248/248/248 217/217/217
f 248/248/248 218/218/218 217/217/217
f 249/249/249 250/250/250 251/251/251
f 250/250/250 252/252/252 251/251/251
f 250/250/250 253/253/253 252/252/252
f 249/249/249 253/253/253 250/250/250
f 254/254/254 255/255/255 256/256/256
f 257/257/257 255/255/255 254/254/254
f 258/258/258 257/257/257 254/254/254
f 258/258/258 254/254/254 256/256/256
f 259/259/259 260/260/260 261/261/261
f 262/262/262 260/260/260 259/259/259
f 145/145/145 140/140/140 139/139/139
f 145/145/145 219/219/219 140/140/140
f 138/138/138 212/212/212 263/263/263
f 263/263/263 212/212/212 209/209/209
f 138/138/138 263/263/263 190/190/190
f 150/150/150 152/152/152 264/264/264
f 264/264/264 152/152/152 191/191/191
f 191/191/191 211/211/211 264/264/264
f 264/264/264 211/211/211 150/150/150
f 128/128/128 206/206/206 265/265/265
f 265/265/265 206/206/206 202/202/202
f 128/128/128 265/265/265 185/185/185
f 266/266/266 182/182/182 267/267/267
f 267/267/267 182/182/182 181/181/181
f 181/181/181 204/204/204 267/267/267
f 267/267/267 204/204/204 266/266/266
f 185/185/185 164/164/164 180/180/180
f 180/180/180 128/128/128 185/185/185
f 154/154/154 156/156/156 162/162/162
f 156/156/156 157/157/157 173/173/173
f 268/268/268 269/269/269 249/249/249
f 270/270/270 271/271/271 268/268/268
f 272/272/272 249/249/249 273/273/273
f 274/274/274 275/275/275 272/272/272
f 266/266/266 276/276/276 182/182/182
f 277/277/277 278/278/278 279/279/279
f 277/277/277 271/271/271 270/270/270
f 246/246/246 280/280/280 245/245/245
f 246/246/246 256/256/256 280/280/280
f 256/256/256 281/281/281 280/280/280
f 280/280/280 281/281/281 245/245/245
f 282/282/282 283/283/283 284/284/284
f 257/257/257 261/261/261 260/260/260
f 282/282/282 285/285/285 283/283/283
f 285/285/285 286/286/286 283/283/283
f 283/283/283 286/286/286 284/284/284
f 113/113/113 245/245/245 281/281/281
f 256/256/256 287/287/287 281/281/281
f 288/288/288 257/257/257 258/258/258
f 242/242/242 258/258/258 256/256/256
f 289/289/289 285/285/285 290/290/290
f 291/291/291 221/221/221 220/220/220
f 149/149/149 291/291/291 220/220/220
f 292/292/292 231/231/231 230/230/230
f 293/293/293 160/160/160 294/294/294
f 295/295/295 293/293/293 294/294/294
f 295/295/295 294/294/294 289/289/289
f 133/133/133 292/292/292 230/230/230
f 289/289/289 286/286/286 285/285/285
f 286/286/286 160/160/160 284/284/284
f 296/296/296 284/284/284 278/278/278
f 297/297/297 298/298/298 278/278/278
f 296/296/296 275/275/275 274/274/274
f 297/297/297 275/275/275 298/298/298
f 275/275/275 296/296/296 298/298/298
f 298/298/298 296/296/296 278/278/278
f 297/297/297 278/278/278 299/299/299
f 252/252/252 297/297/297 299/299/299
f 252/252/252 275/275/275 297/297/297
f 290/290/290 300/300/300 301/301/301
f 301/301/301 300/300/300 273/273/273
f 302/302/302 293/293/293 303/303/303
f 160/160/160 293/293/293 302/302/302
f 302/302/302 158/158/158 160/160/160
f 303/303/303 158/158/158 302/302/302
f 304/304/304 305/305/305 166/166/166
f 170/170/170 305/305/305 304/304/304
f 168/168/168 170/170/170 304/304/304
f 168/168/168 304/304/304 166/166/166
f 274/274/274 285/285/285 282/282/282
f 284/284/284 296/296/296 282/282/282
f 282/282/282 296/296/296 274/274/274
f 273/273/273 300/300/300 306/306/306
f 306/306/306 300/300/300 274/274/274
f 274/274/274 272/272/272 306/306/306
f 306/306/306 272/272/272 273/273/273
f 307/307/307 160/160/160 286/286/286
f 289/289/289 307/307/307 286/286/286
f 294/294/294 307/307/307 289/289/289
f 294/294/294 160/160/160 307/307/307
f 308/308/308 293/293/293 309/309/309
f 309/309/309 293/293/293 295/295/295
f 300/300/300 285/285/285 274/274/274
f 290/290/290 285/285/285 300/300/300
f 240/240/240 310/310/310 242/242/242
f 240/240/240 288/288/288 310/310/310
f 288/288/288 258/258/258 310/310/310
f 310/310/310 258/258/258 242/242/242
f 241/241/241 242/242/242 246/246/246
f 242/242/242 256/256/256 246/246/246
f 311/311/311 271/271/271 277/277/277
f 279/279/279 311/311/311 277/277/277
f 113/113/113 281/281/281 114/114/114
f 114/114/114 281/281/281 287/287/287
f 257/257/257 260/260/260 255/255/255
f 255/255/255 260/260/260 287/287/287
f 255/255/255 287/287/287 256/256/256
f 270/270/270 268/268/268 251/251/251
f 251/251/251 268/268/268 249/249/249
f 251/251/251 252/252/252 270/270/270
f 252/252/252 299/299/299 270/270/270
f 299/299/299 278/278/278 277/277/277
f 270/270/270 299/299/299 277/277/277
f 245/245/245 312/312/312 244/244/244
f 244/244/244 312/312/312 313/313/313
f 244/244/244 313/313/313 241/241/241
f 314/314/314 239/239/239 313/313/313
f 314/314/314 240/240/240 239/239/239
f 241/241/241 313/313/313 239/239/239
f 133/133/133 230/230/230 119/119/119
f 220/220/220 219/219/219 145/145/145
f 149/149/149 220/220/220 145/145/145
f 253/253/253 275/275/275 252/252/252
f 253/253/253 249/249/249 272/272/272
f 275/275/275 253/253/253 272/272/272
f 190/190/190 193/193/193 208/208/208
f 208/208/208 193/193/193 201/201/201
f 208/208/208 138/138/138 190/190/190
f 193/193/193 199/199/199 201/201/201
f 193/193/193 195/195/195 199/199/199
f 199/199/199 195/195/195 200/200/200
f 197/197/197 188/188/188 193/193/193
f 190/190/190 197/197/197 193/193/193
f 153/153/153 197/197/197 190/190/190
f 187/187/187 177/177/177 195/195/195
f 152/152/152 153/153/153 190/190/190
f 163/163/163 164/164/164 185/185/185
f 315/315/315 269/269/269 268/268/268
f 271/271/271 315/315/315 268/268/268
f 148/148/148 200/200/200 149/149/149
f 132/132/132 175/175/175 133/133/133
f 125/125/125 124/124/124 205/205/205
f 211/211/211 118/118/118 150/150/150
f 204/204/204 205/205/205 266/266/266
f 173/173/173 157/157/157 175/175/175
f 174/174/174 135/135/135 171/171/171
f 127/127/127 121/121/121 316/316/316
f 314/314/314 313/313/313 317/317/317
f 317/317/317 313/313/313 312/312/312
f 127/127/127 316/316/316 227/227/227
f 206/206/206 128/128/128 318/318/318
f 206/206/206 318/318/318 227/227/227
f 227/227/227 318/318/318 127/127/127
f 318/318/318 128/128/128 127/127/127
f 122/122/122 319/319/319 129/129/129
f 134/134/134 136/136/136 319/319/319
f 134/134/134 319/319/319 122/122/122
f 129/129/129 320/320/320 130/130/130
f 320/320/320 136/136/136 130/130/130
f 319/319/319 136/136/136 320/320/320
f 319/319/319 320/320/320 129/129/129
f 212/212/212 138/138/138 321/321/321
f 212/212/212 321/321/321 223/223/223
f 223/223/223 321/321/321 137/137/137
f 321/321/321 138/138/138 137/137/137
f 141/141/141 143/143/143 322/322/322
f 141/141/141 322/322/322 139/139/139
f 139/139/139 322/322/322 144/144/144
f 144/144/144 323/323/323 146/146/146
f 323/323/323 143/143/143 146/146/146
f 322/322/322 143/143/143 323/323/323
f 322/322/322 323/323/323 144/144/144
f 324/324/324 165/165/165 158/158/158
f 303/303/303 324/324/324 158/158/158
f 324/324/324 303/303/303 213/213/213
f 165/165/165 324/324/324 213/213/213
f 325/325/325 167/167/167 326/326/326
f 327/327/327 167/167/167 325/325/325
f 215/215/215 328/328/328 214/214/214
f 328/328/328 216/216/216 214/214/214
f 153/153/153 176/176/176 178/178/178
f 121/121/121 120/120/120 316/316/316
f 316/316/316 120/120/120 227/227/227
f 137/137/137 329/329/329 223/223/223
f 137/137/137 140/140/140 329/329/329
f 140/140/140 219/219/219 329/329/329
f 329/329/329 219/219/219 223/223/223
f 226/226/226 330/330/330 118/118/118
f 226/226/226 225/225/225 330/330/330
f 225/225/225 116/116/116 330/330/330
f 330/330/330 116/116/116 118/118/118
f 331/331/331 209/209/209 192/192/192
f 190/190/190 331/331/331 192/192/192
f 263/263/263 331/331/331 190/190/190
f 263/263/263 209/209/209 331/331/331
f 192/192/192 209/209/209 332/332/332
f 332/332/332 209/209/209 211/211/211
f 332/332/332 211/211/211 191/191/191
f 192/192/192 332/332/332 191/191/191
f 333/333/333 202/202/202 184/184/184
f 185/185/185 333/333/333 184/184/184
f 265/265/265 333/333/333 185/185/185
f 265/265/265 202/202/202 333/333/333
f 184/184/184 202/202/202 334/334/334
f 334/334/334 202/202/202 204/204/204
f 334/334/334 204/204/204 181/181/181
f 184/184/184 334/334/334 181/181/181
f 135/135/135 335/335/335 171/171/171
f 135/135/135 128/128/128 335/335/335
f 335/335/335 128/128/128 180/180/180
f 171/171/171 335/335/335 180/180/180
f 336/336/336 154/154/154 161/161/161
f 163/163/163 336/336/336 161/161/161
f 337/337/337 163/163/163 182/182/182
f 276/276/276 337/337/337 182/182/182
f 338/338/338 339/339/339 340/340/340
f 293/293/293 308/308/308 303/303/303
f 170/170/170 339/339/339 305/305/305
f 305/305/305 338/338/338 166/166/166
f 339/339/339 338/338/338 305/305/305
f 166/166/166 326/326/326 167/167/167
f 327/327/327 169/169/169 167/167/167
f 115/115/115 341/341/341 260/260/260
f 115/115/115 114/114/114 341/341/341
f 114/114/114 287/287/287 341/341/341
f 341/341/341 287/287/287 260/260/260
f 115/115/115 260/260/260 262/262/262
f 113/113/113 115/115/115 262/262/262
g ShopB322
s 1
f 342/342/342 343/343/343 344/344/344
f 344/344/344 345/345/345 342/342/342
f 346/346/346 347/347/347 348/348/348
f 348/348/348 349/349/349 346/346/346
f 350/350/350 351/351/351 352/352/352
f 352/352/352 351/351/351 343/343/343
f 343/343/343 342/342/342 352/352/352
f 352/352/352 342/342/342 350/350/350
f 347/347/347 346/346/346 353/353/353
f 353/353/353 346/346/346 354/354/354
f 354/354/354 355/355/355 353/353/353
f 353/353/353 355/355/355 347/347/347
f 356/356/356 357/357/357 358/358/358
f 359/359/359 358/358/358 357/357/357
f 345/345/345 344/344/344 360/360/360
f 360/360/360 344/344/344 361/361/361
f 361/361/361 362/362/362 360/360/360
f 360/360/360 362/362/362 345/345/345
f 349/349/349 348/348/348 363/363/363
f 363/363/363 348/348/348 351/351/351
f 351/351/351 350/350/350 363/363/363
f 363/363/363 350/350/350 349/349/349
g ShopB323
s 1
f 364/364/364 365/365/365 366/366/366
f 367/367/367 368/368/368 369/369/369
f 368/368/368 370/370/370 369/369/369
f 368/368/368 371/371/371 370/370/370
f 367/367/367 371/371/371 368/368/368
f 372/372/372 373/373/373 369/369/369
f 373/373/373 367/367/367 369/369/369
f 374/374/374 367/367/367 373/373/373
f 374/374/374 373/373/373 372/372/372
f 375/375/375 376/376/376 377/377/377
f 367/367/367 376/376/376 375/375/375
f 367/367/367 375/375/375 371/371/371
f 375/375/375 377/377/377 371/371/371
f 378/378/378 379/379/379 376/376/376
f 380/380/380 381/381/381 374/374/374
f 381/381/381 378/378/378 374/374/374
f 382/382/382 374/374/374 372/372/372
f 380/380/380 374/374/374 382/382/382
f 383/383/383 384/384/384 385/385/385
f 384/384/384 370/370/370 385/385/385
f 369/369/369 370/370/370 384/384/384
f 369/369/369 384/384/384 383/383/383
f 383/383/383 385/385/385 386/386/386
f 387/387/387 369/369/369 383/383/383
f 372/372/372 369/369/369 387/387/387
f 388/388/388 389/389/389 390/390/390
f 388/388/388 390/390/390 391/391/391
f 390/390/390 392/392/392 391/391/391
f 389/389/389 392/392/392 390/390/390
f 388/388/388 391/391/391 393/393/393
f 388/388/388 393/393/393 394/394/394
f 394/394/394 393/393/393 395/395/395
f 396/396/396 397/397/397 389/389/389
f 398/398/398 399/399/399 400/400/400
f 398/398/398 401/401/401 399/399/399
f 401/401/401 402/402/402 399/399/399
f 399/399/399 402/402/402 400/400/400
f 403/403/403 404/404/404 405/405/405
f 400/400/400 403/403/403 405/405/405
f 400/400/400 402/402/402 403/403/403
f 403/403/403 402/402/402 404/404/404
f 379/379/379 406/406/406 376/376/376
f 379/379/379 407/407/407 406/406/406
f 406/406/406 407/407/407 408/408/408
f 376/376/376 406/406/406 408/408/408
f 409/409/409 410/410/410 408/408/408
f 407/407/407 409/409/409 408/408/408
f 407/407/407 411/411/411 409/409/409
f 409/409/409 411/411/411 410/410/410
f 402/402/402 412/412/412 404/404/404
f 402/402/402 413/413/413 412/412/412
f 414/414/414 412/412/412 413/413/413
f 415/415/415 396/396/396 389/389/389
f 416/416/416 388/388/388 394/394/394
f 416/416/416 394/394/394 417/417/417
f 371/371/371 377/377/377 391/391/391
f 377/377/377 395/395/395 391/391/391
f 394/394/394 395/395/395 413/413/413
f 401/401/401 394/394/394 413/413/413
f 397/397/397 364/364/364 418/418/418
f 414/414/414 404/404/404 412/412/412
f 396/396/396 419/419/419 397/397/397
f 411/411/411 420/420/420 410/410/410
f 411/411/411 421/421/421 420/420/420
f 420/420/420 421/421/421 414/414/414
f 397/397/397 418/418/418 422/422/422
f 397/397/397 422/422/422 389/389/389
f 389/389/389 422/422/422 392/392/392
f 422/422/422 418/418/418 392/392/392
f 423/423/423 424/424/424 365/365/365
f 423/423/423 365/365/365 425/425/425
f 410/410/410 420/420/420 414/414/414
f 386/386/386 426/426/426 423/423/423
f 386/386/386 385/385/385 426/426/426
f 385/385/385 424/424/424 426/426/426
f 408/408/408 410/410/410 377/377/377
f 376/376/376 408/408/408 377/377/377
f 410/410/410 413/413/413 427/427/427
f 410/410/410 427/427/427 377/377/377
f 426/426/426 424/424/424 423/423/423
f 377/377/377 427/427/427 395/395/395
f 419/419/419 428/428/428 397/397/397
f 427/427/427 413/413/413 395/395/395
f 401/401/401 413/413/413 402/402/402
f 419/419/419 429/429/429 428/428/428
f 428/428/428 429/429/429 364/364/364
f 397/397/397 428/428/428 364/364/364
f 385/385/385 430/430/430 431/431/431
f 431/431/431 430/430/430 418/418/418
f 431/431/431 418/418/418 424/424/424
f 385/385/385 431/431/431 424/424/424
f 424/424/424 366/366/366 365/365/365
f 424/424/424 418/418/418 366/366/366
f 364/364/364 366/366/366 418/418/418
f 370/370/370 392/392/392 430/430/430
f 430/430/430 392/392/392 418/418/418
f 385/385/385 370/370/370 430/430/430
f 432/432/432 416/416/416 417/417/417
f 433/433/433 432/432/432 417/417/417
f 434/434/434 432/432/432 433/433/433
f 434/434/434 416/416/416 432/432/432
f 435/435/435 434/434/434 436/436/436
f 436/436/436 434/434/434 433/433/433
f 437/437/437 438/438/438 434/434/434
f 435/435/435 437/437/437 434/434/434
f 434/434/434 439/439/439 416/416/416
f 434/434/434 438/438/438 439/439/439
f 438/438/438 415/415/415 439/439/439
f 439/439/439 415/415/415 416/416/416
f 440/440/440 396/396/396 415/415/415
f 438/438/438 440/440/440 415/415/415
f 441/441/441 389/389/389 388/388/388
f 416/416/416 441/441/441 388/388/388
f 416/416/416 415/415/415 441/441/441
f 441/441/441 415/415/415 389/389/389
f 378/378/378 376/376/376 442/442/442
f 442/442/442 376/376/376 367/367/367
f 374/374/374 442/442/442 367/367/367
f 374/374/374 378/378/378 442/442/442
f 410/410/410 414/414/414 413/413/413
f 393/393/393 391/391/391 395/395/395
f 370/370/370 443/443/443 392/392/392
f 443/443/443 391/391/391 392/392/392
f 371/371/371 391/391/391 443/443/443
f 371/371/371 443/443/443 370/370/370
f 444/444/444 417/417/417 445/445/445
f 433/433/433 417/417/417 444/444/444
f 417/417/417 394/394/394 446/446/446
f 417/417/417 446/446/446 445/445/445
f 445/445/445 446/446/446 401/401/401
f 446/446/446 394/394/394 401/401/401
f 445/445/445 401/401/401 398/398/398
f 405/405/405 447/447/447 448/448/448
f 405/405/405 404/404/404 447/447/447
f 449/449/449 447/447/447 404/404/404
f 449/449/449 448/448/448 447/447/447
f 450/450/450 404/404/404 414/414/414
f 421/421/421 450/450/450 414/414/414
f 421/421/421 449/449/449 450/450/450
f 450/450/450 449/449/449 404/404/404
f 425/425/425 451/451/451 452/452/452
f 425/425/425 365/365/365 451/451/451
f 453/453/453 451/451/451 365/365/365
f 453/453/453 452/452/452 451/451/451
f 454/454/454 365/365/365 364/364/364
f 429/429/429 454/454/454 364/364/364
f 429/429/429 453/453/453 454/454/454
f 454/454/454 453/453/453 365/365/365
g ShopB324
s 1
f 455/455/455 456/456/456 457/457/457
f 458/458/458 459/459/459 460/460/460
f 461/461/461 462/462/462 463/463/463
f 464/464/464 465/465/465 466/466/466
f 467/467/467 468/468/468 469/469/469
f 467/467/467 470/470/470 468/468/468
f 471/471/471 472/472/472 473/473/473
f 474/474/474 475/475/475 476/476/476
f 474/474/474 477/477/477 475/475/475
f 475/475/475 477/477/477 478/478/478
f 479/479/479 478/478/478 480/480/480
f 481/481/481 479/479/479 480/480/480
f 455/455/455 481/481/481 482/482/482
f 483/483/483 455/455/455 482/482/482
f 484/484/484 485/485/485 486/486/486
f 486/486/486 485/485/485 487/487/487
f 488/488/488 486/486/486 487/487/487
f 488/488/488 484/484/484 486/486/486
f 489/489/489 488/488/488 490/490/490
f 464/464/464 489/489/489 490/490/490
f 464/464/464 491/491/491 489/489/489
f 489/489/489 491/491/491 488/488/488
f 492/492/492 493/493/493 494/494/494
f 494/494/494 491/491/491 464/464/464
f 464/464/464 466/466/466 495/495/495
f 496/496/496 492/492/492 495/495/495
f 497/497/497 498/498/498 499/499/499
f 500/500/500 476/476/476 501/501/501
f 502/502/502 503/503/503 456/456/456
f 504/504/504 505/505/505 470/470/470
f 506/506/506 507/507/507 508/508/508
f 507/507/507 509/509/509 508/508/508
f 507/507/507 510/510/510 509/509/509
f 506/506/506 510/510/510 507/507/507
f 476/476/476 475/475/475 511/511/511
f 511/511/511 475/475/475 478/478/478
f 511/511/511 478/478/478 479/479/479
f 512/512/512 506/506/506 508/508/508
f 476/476/476 511/511/511 479/479/479
f 513/513/513 506/506/506 512/512/512
f 513/513/513 512/512/512 474/474/474
f 512/512/512 508/508/508 474/474/474
f 485/485/485 514/514/514 515/515/515
f 485/485/485 515/515/515 471/471/471
f 471/471/471 515/515/515 472/472/472
f 515/515/515 514/514/514 472/472/472
f 516/516/516 517/517/517 513/513/513
f 514/514/514 517/517/517 516/516/516
f 514/514/514 516/516/516 502/502/502
f 516/516/516 513/513/513 502/502/502
f 517/517/517 518/518/518 513/513/513
f 519/519/519 469/469/469 465/465/465
f 464/464/464 519/519/519 465/465/465
f 490/490/490 519/519/519 464/464/464
f 490/490/490 469/469/469 519/519/519
f 520/520/520 521/521/521 522/522/522
f 523/523/523 520/520/520 522/522/522
f 518/518/518 506/506/506 513/513/513
f 524/524/524 520/520/520 523/523/523
f 525/525/525 526/526/526 527/527/527
f 528/528/528 529/529/529 530/530/530
f 524/524/524 521/521/521 520/520/520
f 522/522/522 521/521/521 531/531/531
f 532/532/532 522/522/522 531/531/531
f 523/523/523 522/522/522 532/532/532
f 524/524/524 523/523/523 533/533/533
f 533/533/533 523/523/523 483/483/483
f 482/482/482 533/533/533 483/483/483
f 482/482/482 524/524/524 533/533/533
f 521/521/521 504/504/504 531/531/531
f 531/531/531 504/504/504 470/470/470
f 532/532/532 531/531/531 470/470/470
f 529/529/529 534/534/534 530/530/530
f 529/529/529 535/535/535 534/534/534
f 528/528/528 535/535/535 529/529/529
f 536/536/536 530/530/530 537/537/537
f 528/528/528 530/530/530 536/536/536
f 528/528/528 536/536/536 497/497/497
f 536/536/536 537/537/537 497/497/497
f 503/503/503 500/500/500 456/456/456
f 503/503/503 476/476/476 500/500/500
f 502/502/502 476/476/476 503/503/503
f 538/538/538 471/471/471 539/539/539
f 538/538/538 539/539/539 483/483/483
f 539/539/539 473/473/473 483/483/483
f 471/471/471 473/473/473 539/539/539
f 474/474/474 508/508/508 540/540/540
f 474/474/474 540/540/540 477/477/477
f 540/540/540 509/509/509 477/477/477
f 508/508/508 509/509/509 540/540/540
f 541/541/541 497/497/497 526/526/526
f 528/528/528 497/497/497 541/541/541
f 525/525/525 528/528/528 541/541/541
f 525/525/525 541/541/541 526/526/526
f 497/497/497 542/542/542 526/526/526
f 542/542/542 543/543/543 526/526/526
f 542/542/542 499/499/499 543/543/543
f 497/497/497 499/499/499 542/542/542
f 537/537/537 530/530/530 544/544/544
f 537/537/537 544/544/544 545/545/545
f 544/544/544 546/546/546 545/545/545
f 483/483/483 523/523/523 532/532/532
f 487/487/487 467/467/467 469/469/469
f 530/530/530 546/546/546 544/544/544
f 547/547/547 548/548/548 549/549/549
f 468/468/468 547/547/547 469/469/469
f 469/469/469 550/550/550 551/551/551
f 550/550/550 549/549/549 551/551/551
f 550/550/550 547/547/547 549/549/549
f 469/469/469 547/547/547 550/550/550
f 470/470/470 548/548/548 552/552/552
f 470/470/470 552/552/552 468/468/468
f 468/468/468 552/552/552 547/547/547
f 552/552/552 548/548/548 547/547/547
f 469/469/469 551/551/551 553/553/553
f 518/518/518 554/554/554 506/506/506
f 469/469/469 553/553/553 465/465/465
f 465/465/465 553/553/553 466/466/466
f 466/466/466 555/555/555 556/556/556
f 555/555/555 551/551/551 556/556/556
f 553/553/553 551/551/551 555/555/555
f 553/553/553 555/555/555 466/466/466
f 557/557/557 556/556/556 496/496/496
f 466/466/466 556/556/556 557/557/557
f 495/495/495 466/466/466 557/557/557
f 495/495/495 557/557/557 496/496/496
f 549/549/549 558/558/558 559/559/559
f 549/549/549 559/559/559 551/551/551
f 467/467/467 532/532/532 470/470/470
f 487/487/487 469/469/469 490/490/490
f 490/490/490 488/488/488 487/487/487
f 462/462/462 560/560/560 463/463/463
f 561/561/561 562/562/562 563/563/563
f 562/562/562 564/564/564 565/565/565
f 491/491/491 484/484/484 488/488/488
f 566/566/566 567/567/567 568/568/568
f 462/462/462 569/569/569 560/560/560
f 457/457/457 500/500/500 481/481/481
f 456/456/456 500/500/500 457/457/457
f 570/570/570 532/532/532 467/467/467
f 487/487/487 570/570/570 467/467/467
f 538/538/538 570/570/570 487/487/487
f 571/571/571 569/569/569 461/461/461
f 569/569/569 565/565/565 560/560/560
f 571/571/571 565/565/565 569/569/569
f 538/538/538 532/532/532 570/570/570
f 461/461/461 569/569/569 462/462/462
f 572/572/572 502/502/502 456/456/456
f 472/472/472 502/502/502 572/572/572
f 473/473/473 472/472/472 572/572/572
f 473/473/473 572/572/572 456/456/456
f 573/573/573 474/474/474 476/476/476
f 513/513/513 474/474/474 573/573/573
f 502/502/502 513/513/513 573/573/573
f 502/502/502 573/573/573 476/476/476
f 495/495/495 492/492/492 574/574/574
f 495/495/495 574/574/574 464/464/464
f 574/574/574 494/494/494 464/464/464
f 492/492/492 494/494/494 574/574/574
f 483/483/483 575/575/575 455/455/455
f 509/509/509 527/527/527 576/576/576
f 577/577/577 558/558/558 578/578/578
f 521/521/521 577/577/577 504/504/504
f 577/577/577 578/578/578 504/504/504
f 509/509/509 576/576/576 477/477/477
f 579/579/579 567/567/567 566/566/566
f 579/579/579 566/566/566 580/580/580
f 566/566/566 568/568/568 580/580/580
f 581/581/581 535/535/535 528/528/528
f 568/568/568 535/535/535 581/581/581
f 568/568/568 581/581/581 525/525/525
f 581/581/581 528/528/528 525/525/525
f 580/580/580 568/568/568 582/582/582
f 582/582/582 525/525/525 527/527/527
f 568/568/568 525/525/525 582/582/582
f 534/534/534 563/563/563 583/583/583
f 534/534/534 583/583/583 530/530/530
f 583/583/583 584/584/584 530/530/530
f 563/563/563 584/584/584 583/583/583
f 546/546/546 585/585/585 458/458/458
f 584/584/584 461/461/461 585/585/585
f 491/491/491 586/586/586 587/587/587
f 586/586/586 493/493/493 587/587/587
f 494/494/494 493/493/493 586/586/586
f 494/494/494 586/586/586 491/491/491
f 584/584/584 585/585/585 546/546/546
f 493/493/493 579/579/579 588/588/588
f 589/589/589 590/590/590 591/591/591
f 493/493/493 588/588/588 587/587/587
f 587/587/587 588/588/588 592/592/592
f 588/588/588 579/579/579 592/592/592
f 506/506/506 554/554/554 510/510/510
f 554/554/554 593/593/593 510/510/510
f 518/518/518 593/593/593 554/554/554
f 594/594/594 590/590/590 595/595/595
f 596/596/596 458/458/458 460/460/460
f 546/546/546 458/458/458 596/596/596
f 597/597/597 596/596/596 460/460/460
f 543/543/543 598/598/598 599/599/599
f 598/598/598 600/600/600 599/599/599
f 499/499/499 600/600/600 598/598/598
f 499/499/499 598/598/598 543/543/543
f 514/514/514 502/502/502 472/472/472
f 487/487/487 485/485/485 471/471/471
f 484/484/484 514/514/514 485/485/485
f 561/561/561 563/563/563 534/534/534
f 537/537/537 498/498/498 497/497/497
f 568/568/568 561/561/561 535/535/535
f 535/535/535 561/561/561 534/534/534
f 567/567/567 561/561/561 568/568/568
f 590/590/590 589/589/589 601/601/601
f 590/590/590 601/601/601 595/595/595
f 530/530/530 584/584/584 546/546/546
f 537/537/537 545/545/545 498/498/498
f 563/563/563 562/562/562 571/571/571
f 562/562/562 565/565/565 571/571/571
f 498/498/498 602/602/602 597/597/597
f 597/597/597 602/602/602 596/596/596
f 473/473/473 575/575/575 483/483/483
f 602/602/602 546/546/546 596/596/596
f 498/498/498 597/597/597 603/603/603
f 498/498/498 603/603/603 499/499/499
f 603/603/603 600/600/600 499/499/499
f 604/604/604 460/460/460 600/600/600
f 597/597/597 460/460/460 604/604/604
f 603/603/603 597/597/597 604/604/604
f 603/603/603 604/604/604 600/600/600
f 463/463/463 560/560/560 458/458/458
f 585/585/585 461/461/461 463/463/463
f 585/585/585 463/463/463 458/458/458
f 563/563/563 605/605/605 584/584/584
f 605/605/605 461/461/461 584/584/584
f 605/605/605 571/571/571 461/461/461
f 563/563/563 571/571/571 605/605/605
f 600/600/600 460/460/460 606/606/606
f 600/600/600 606/606/606 599/599/599
f 473/473/473 456/456/456 575/575/575
f 504/504/504 578/578/578 505/505/505
f 505/505/505 578/578/578 548/548/548
f 470/470/470 505/505/505 548/548/548
f 607/607/607 558/558/558 549/549/549
f 548/548/548 607/607/607 549/549/549
f 578/578/578 607/607/607 548/548/548
f 578/578/578 558/558/558 607/607/607
f 501/501/501 476/476/476 479/479/479
f 481/481/481 501/501/501 479/479/479
f 500/500/500 501/501/501 481/481/481
f 482/482/482 481/481/481 480/480/480
f 608/608/608 599/599/599 527/527/527
f 543/543/543 599/599/599 608/608/608
f 526/526/526 543/543/543 608/608/608
f 526/526/526 608/608/608 527/527/527
f 480/480/480 524/524/524 482/482/482
f 496/496/496 609/609/609 492/492/492
f 496/496/496 579/579/579 609/609/609
f 609/609/609 579/579/579 493/493/493
f 492/492/492 609/609/609 493/493/493
f 610/610/610 587/587/587 592/592/592
f 484/484/484 610/610/610 592/592/592
f 491/491/491 610/610/610 484/484/484
f 491/491/491 587/587/587 610/610/610
f 611/611/611 579/579/579 510/510/510
f 483/483/483 532/532/532 538/538/538
f 487/487/487 471/471/471 538/538/538
f 593/593/593 611/611/611 510/510/510
f 592/592/592 611/611/611 593/593/593
f 592/592/592 579/579/579 611/611/611
f 612/612/612 592/592/592 593/593/593
f 514/514/514 612/612/612 593/593/593
f 575/575/575 456/456/456 455/455/455
f 458/458/458 560/560/560 459/459/459
f 484/484/484 612/612/612 514/514/514
f 484/484/484 592/592/592 612/612/612
f 613/613/613 593/593/593 518/518/518
f 517/517/517 613/613/613 518/518/518
f 514/514/514 613/613/613 517/517/517
f 514/514/514 593/593/593 613/613/613
f 565/565/565 614/614/614 560/560/560
f 565/565/565 564/564/564 614/614/614
f 580/580/580 582/582/582 615/615/615
f 615/615/615 582/582/582 527/527/527
f 509/509/509 615/615/615 527/527/527
f 509/509/509 580/580/580 615/615/615
f 510/510/510 616/616/616 509/509/509
f 510/510/510 579/579/579 616/616/616
f 616/616/616 579/579/579 580/580/580
f 509/509/509 616/616/616 580/580/580
f 617/617/617 546/546/546 602/602/602
f 498/498/498 617/617/617 602/602/602
f 545/545/545 617/617/617 498/498/498
f 545/545/545 546/546/546 617/617/617
f 455/455/455 457/457/457 481/481/481
g ShopB325
s 1
f 618/618/618 619/619/619 620/620/620
f 618/618/618 620/620/620 621/621/621
f 620/620/620 619/619/619 622/622/622
f 623/623/623 624/624/624 621/621/621
f 622/622/622 624/624/624 623/623/623
f 623/623/623 620/620/620 622/622/622
f 621/621/621 620/620/620 623/623/623
f 621/621/621 624/624/624 625/625/625
f 621/621/621 625/625/625 618/618/618
f 626/626/626 627/627/627 628/628/628
f 626/626/626 628/628/628 629/629/629
f 630/630/630 628/628/628 627/627/627
f 631/631/631 629/629/629 632/632/632
f 626/626/626 629/629/629 631/631/631
f 633/633/633 634/634/634 635/635/635
f 633/633/633 635/635/635 636/636/636
f 637/637/637 638/638/638 639/639/639
f 637/637/637 639/639/639 640/640/640
f 640/640/640 639/639/639 641/641/641
f 639/639/639 638/638/638 641/641/641
f 642/642/642 643/643/643 644/644/644
f 645/645/645 643/643/643 642/642/642
f 642/642/642 646/646/646 645/645/645
f 644/644/644 646/646/646 642/642/642
f 647/647/647 648/648/648 649/649/649
f 647/647/647 649/649/649 650/650/650
f 651/651/651 650/650/650 649/649/649
f 651/651/651 649/649/649 648/648/648
f 652/652/652 650/650/650 653/653/653
f 647/647/647 650/650/650 652/652/652
f 636/636/636 654/654/654 655/655/655
f 636/636/636 655/655/655 633/633/633
f 633/633/633 655/655/655 656/656/656
f 655/655/655 654/654/654 656/656/656
f 657/657/657 658/658/658 659/659/659
f 660/660/660 658/658/658 657/657/657
f 660/660/660 657/657/657 661/661/661
f 657/657/657 659/659/659 661/661/661
f 662/662/662 663/663/663 664/664/664
f 665/665/665 664/664/664 663/663/663
f 665/665/665 663/663/663 666/666/666
f 667/667/667 668/668/668 669/669/669
f 670/670/670 668/668/668 667/667/667
f 667/667/667 671/671/671 670/670/670
f 669/669/669 671/671/671 667/667/667
f 672/672/672 673/673/673 674/674/674
f 672/672/672 674/674/674 675/675/675
f 675/675/675 674/674/674 676/676/676
f 674/674/674 673/673/673 676/676/676
f 677/677/677 678/678/678 679/679/679
f 677/677/677 679/679/679 680/680/680
f 681/681/681 680/680/680 679/679/679
f 681/681/681 679/679/679 678/678/678
f 682/682/682 680/680/680 683/683/683
f 677/677/677 680/680/680 682/682/682
f 684/684/684 645/645/645 685/685/685
f 643/643/643 645/645/645 684/684/684
f 684/684/684 686/686/686 643/643/643
f 685/685/685 686/686/686 684/684/684
f 648/648/648 647/647/647 687/687/687
f 648/648/648 687/687/687 688/688/688
f 689/689/689 688/688/688 687/687/687
f 689/689/689 687/687/687 647/647/647
f 690/690/690 691/691/691 692/692/692
f 690/690/690 692/692/692 693/693/693
f 693/693/693 692/692/692 694/694/694
f 692/692/692 691/691/691 694/694/694
f 695/695/695 696/696/696 693/693/693
f 697/697/697 696/696/696 695/695/695
f 695/695/695 694/694/694 697/697/697
f 693/693/693 694/694/694 695/695/695
f 693/693/693 696/696/696 698/698/698
f 693/693/693 698/698/698 690/690/690
f 699/699/699 700/700/700 701/701/701
f 699/699/699 701/701/701 702/702/702
f 703/703/703 704/704/704 705/705/705
f 706/706/706 704/704/704 703/703/703
f 707/707/707 706/706/706 703/703/703
f 707/707/707 703/703/703 705/705/705
f 708/708/708 709/709/709 710/710/710
f 708/708/708 710/710/710 711/711/711
f 710/710/710 712/712/712 711/711/711
f 709/709/709 712/712/712 710/710/710
f 713/713/713 632/632/632 629/629/629
f 630/630/630 632/632/632 713/713/713
f 630/630/630 713/713/713 628/628/628
f 713/713/713 629/629/629 628/628/628
f 714/714/714 700/700/700 715/715/715
f 714/714/714 715/715/715 716/716/716
f 716/716/716 715/715/715 699/699/699
f 715/715/715 700/700/700 699/699/699
f 717/717/717 672/672/672 718/718/718
f 673/673/673 672/672/672 717/717/717
f 717/717/717 719/719/719 673/673/673
f 718/718/718 719/719/719 717/717/717
f 720/720/720 721/721/721 722/722/722
f 720/720/720 722/722/722 659/659/659
f 661/661/661 659/659/659 722/722/722
f 661/661/661 722/722/722 721/721/721
f 723/723/723 659/659/659 658/658/658
f 720/720/720 659/659/659 723/723/723
f 724/724/724 637/637/637 725/725/725
f 638/638/638 637/637/637 724/724/724
f 724/724/724 726/726/726 638/638/638
f 725/725/725 726/726/726 724/724/724
f 727/727/727 728/728/728 662/662/662
f 662/662/662 728/728/728 663/663/663
f 728/728/728 666/666/666 663/663/663
f 729/729/729 666/666/666 730/730/730
f 729/729/729 730/730/730 727/727/727
f 727/727/727 730/730/730 728/728/728
f 730/730/730 666/666/666 728/728/728
f 731/731/731 732/732/732 733/733/733
f 670/670/670 732/732/732 731/731/731
f 670/670/670 731/731/731 668/668/668
f 731/731/731 733/733/733 668/668/668
f 734/734/734 735/735/735 676/676/676
f 736/736/736 737/737/737 738/738/738
f 738/738/738 739/739/739 736/736/736
f 739/739/739 738/738/738 740/740/740
f 740/740/740 741/741/741 739/739/739
f 742/742/742 743/743/743 744/744/744
f 744/744/744 745/745/745 742/742/742
f 745/745/745 744/744/744 746/746/746
f 746/746/746 747/747/747 745/745/745
f 748/748/748 749/749/749 750/750/750
f 749/749/749 748/748/748 751/751/751
f 751/751/751 752/752/752 749/749/749
f 752/752/752 751/751/751 753/753/753
f 754/754/754 755/755/755 756/756/756
f 755/755/755 754/754/754 757/757/757
f 758/758/758 759/759/759 712/712/712
f 759/759/759 758/758/758 760/760/760
f 761/761/761 762/762/762 763/763/763
f 762/762/762 761/761/761 764/764/764
f 765/765/765 766/766/766 767/767/767
f 766/766/766 765/765/765 768/768/768
f 769/769/769 770/770/770 771/771/771
f 770/770/770 769/769/769 772/772/772
f 773/773/773 774/774/774 775/775/775
f 774/774/774 773/773/773 776/776/776
f 777/777/777 778/778/778 779/779/779
f 778/778/778 777/777/777 780/780/780
f 780/780/780 781/781/781 778/778/778
f 782/782/782 783/783/783 784/784/784
f 783/783/783 782/782/782 785/785/785
f 785/785/785 786/786/786 783/783/783
f 786/786/786 785/785/785 787/787/787
f 788/788/788 789/789/789 790/790/790
f 790/790/790 791/791/791 788/788/788
f 792/792/792 793/793/793 794/794/794
f 793/793/793 792/792/792 795/795/795
f 796/796/796 797/797/797 798/798/798
f 797/797/797 796/796/796 799/799/799
f 800/800/800 801/801/801 802/802/802
f 801/801/801 800/800/800 803/803/803
f 804/804/804 805/805/805 806/806/806
f 806/806/806 807/807/807 804/804/804
f 808/808/808 809/809/809 810/810/810
f 810/810/810 811/811/811 808/808/808
f 812/812/812 813/813/813 814/814/814
f 814/814/814 815/815/815 812/812/812
f 816/816/816 817/817/817 818/818/818
f 818/818/818 819/819/819 816/816/816
f 820/820/820 821/821/821 822/822/822
f 822/822/822 823/823/823 820/820/820
f 824/824/824 825/825/825 826/826/826
f 826/826/826 827/827/827 824/824/824
f 828/828/828 829/829/829 830/830/830
f 830/830/830 831/831/831 828/828/828
f 832/832/832 833/833/833 834/834/834
f 833/833/833 832/832/832 835/835/835
f 836/836/836 837/837/837 838/838/838
f 837/837/837 836/836/836 839/839/839
f 840/840/840 841/841/841 842/842/842
f 841/841/841 840/840/840 843/843/843
f 844/844/844 845/845/845 846/846/846
f 845/845/845 844/844/844 847/847/847
f 848/848/848 849/849/849 850/850/850
f 850/850/850 851/851/851 848/848/848
f 852/852/852 853/853/853 854/854/854
f 854/854/854 855/855/855 852/852/852
f 856/856/856 857/857/857 858/858/858
f 858/858/858 859/859/859 856/856/856
f 860/860/860 861/861/861 862/862/862
f 861/861/861 860/860/860 863/863/863
f 864/864/864 865/865/865 866/866/866
f 865/865/865 864/864/864 867/867/867
f 868/868/868 869/869/869 870/870/870
f 869/869/869 868/868/868 871/871/871
f 872/872/872 873/873/873 874/874/874
f 873/873/873 872/872/872 875/875/875
f 876/876/876 872/872/872 877/877/877
f 874/874/874 877/877/877 872/872/872
f 878/878/878 879/879/879 689/689/689
f 880/880/880 881/881/881 882/882/882
f 883/883/883 653/653/653 650/650/650
f 884/884/884 885/885/885 886/886/886
f 887/887/887 885/885/885 884/884/884
f 888/888/888 889/889/889 890/890/890
f 891/891/891 889/889/889 888/888/888
f 892/892/892 893/893/893 894/894/894
f 893/893/893 895/895/895 894/894/894
f 896/896/896 897/897/897 898/898/898
f 899/899/899 897/897/897 896/896/896
f 900/900/900 901/901/901 902/902/902
f 903/903/903 634/634/634 633/633/633
f 681/681/681 683/683/683 680/680/680
f 904/904/904 686/686/686 685/685/685
f 689/689/689 879/879/879 688/688/688
f 704/704/704 706/706/706 762/762/762
f 706/706/706 763/763/763 762/762/762
f 712/712/712 709/709/709 758/758/758
f 709/709/709 708/708/708 758/758/758
f 905/905/905 719/719/719 718/718/718
f 906/906/906 726/726/726 725/725/725
f 882/882/882 907/907/907 880/880/880
f 907/907/907 908/908/908 880/880/880
f 908/908/908 907/907/907 909/909/909
f 907/907/907 882/882/882 909/909/909
f 910/910/910 911/911/911 789/789/789
f 912/912/912 911/911/911 910/910/910
f 789/789/789 788/788/788 910/910/910
f 913/913/913 914/914/914 915/915/915
f 914/914/914 882/882/882 915/915/915
f 882/882/882 914/914/914 916/916/916
f 914/914/914 913/913/913 916/916/916
f 917/917/917 918/918/918 882/882/882
f 918/918/918 915/915/915 882/882/882
f 915/915/915 918/918/918 919/919/919
f 918/918/918 917/917/917 919/919/919
f 920/920/920 921/921/921 922/922/922
f 781/781/781 780/780/780 923/923/923
f 781/781/781 923/923/923 924/924/924
f 894/894/894 925/925/925 892/892/892
f 925/925/925 926/926/926 892/892/892
f 926/926/926 925/925/925 927/927/927
f 925/925/925 894/894/894 927/927/927
f 928/928/928 929/929/929 930/930/930
f 929/929/929 931/931/931 930/930/930
f 931/931/931 929/929/929 932/932/932
f 929/929/929 928/928/928 932/932/932
f 933/933/933 891/891/891 920/920/920
f 889/889/889 891/891/891 933/933/933
f 933/933/933 922/922/922 889/889/889
f 920/920/920 922/922/922 933/933/933
f 934/934/934 935/935/935 936/936/936
f 935/935/935 932/932/932 936/936/936
f 932/932/932 935/935/935 931/931/931
f 937/937/937 938/938/938 939/939/939
f 938/938/938 757/757/757 939/939/939
f 757/757/757 938/938/938 755/755/755
f 938/938/938 937/937/937 755/755/755
f 940/940/940 941/941/941 942/942/942
f 943/943/943 941/941/941 940/940/940
f 944/944/944 945/945/945 946/946/946
f 944/944/944 946/946/946 947/947/947
f 948/948/948 949/949/949 950/950/950
f 951/951/951 949/949/949 948/948/948
f 669/669/669 714/714/714 671/671/671
f 952/952/952 953/953/953 954/954/954
f 952/952/952 954/954/954 955/955/955
f 955/955/955 954/954/954 956/956/956
f 954/954/954 953/953/953 956/956/956
f 658/658/658 660/660/660 957/957/957
f 658/658/658 957/957/957 950/950/950
f 948/948/948 950/950/950 957/957/957
f 948/948/948 957/957/957 660/660/660
f 958/958/958 950/950/950 949/949/949
f 658/658/658 950/950/950 958/958/958
f 955/955/955 636/636/636 959/959/959
f 955/955/955 959/959/959 952/952/952
f 960/960/960 636/636/636 955/955/955
f 654/654/654 636/636/636 960/960/960
f 960/960/960 956/956/956 654/654/654
f 955/955/955 956/956/956 960/960/960
f 944/944/944 961/961/961 691/691/691
f 962/962/962 941/941/941 677/677/677
f 678/678/678 677/677/677 963/963/963
f 678/678/678 963/963/963 943/943/943
f 943/943/943 963/963/963 941/941/941
f 963/963/963 677/677/677 941/941/941
f 964/964/964 690/690/690 945/945/945
f 691/691/691 690/690/690 964/964/964
f 691/691/691 964/964/964 944/944/944
f 964/964/964 945/945/945 944/944/944
f 947/947/947 965/965/965 966/966/966
f 947/947/947 966/966/966 944/944/944
f 944/944/944 966/966/966 961/961/961
f 966/966/966 965/965/965 961/961/961
f 967/967/967 942/942/942 941/941/941
f 968/968/968 942/942/942 967/967/967
f 968/968/968 967/967/967 962/962/962
f 967/967/967 941/941/941 962/962/962
f 632/632/632 630/630/630 969/969/969
f 632/632/632 969/969/969 664/664/664
f 662/662/662 664/664/664 969/969/969
f 662/662/662 969/969/969 630/630/630
f 632/632/632 664/664/664 665/665/665
f 970/970/970 948/948/948 660/660/660
f 951/951/951 948/948/948 970/970/970
f 971/971/971 714/714/714 669/669/669
f 700/700/700 714/714/714 971/971/971
f 971/971/971 668/668/668 700/700/700
f 669/669/669 668/668/668 971/971/971
f 904/904/904 972/972/972 973/973/973
f 904/904/904 973/973/973 686/686/686
f 885/885/885 974/974/974 886/886/886
f 974/974/974 975/975/975 886/886/886
f 905/905/905 976/976/976 977/977/977
f 905/905/905 977/977/977 719/719/719
f 897/897/897 978/978/978 898/898/898
f 978/978/978 979/979/979 898/898/898
f 906/906/906 980/980/980 981/981/981
f 906/906/906 981/981/981 726/726/726
f 901/901/901 982/982/982 902/902/902
f 982/982/982 983/983/983 902/902/902
f 984/984/984 985/985/985 986/986/986
f 987/987/987 688/688/688 879/879/879
f 648/648/648 688/688/688 987/987/987
f 645/645/645 988/988/988 989/989/989
f 645/645/645 989/989/989 984/984/984
f 984/984/984 989/989/989 985/985/985
f 989/989/989 988/988/988 985/985/985
f 984/984/984 990/990/990 645/645/645
f 685/685/685 645/645/645 991/991/991
f 685/685/685 991/991/991 904/904/904
f 986/986/986 992/992/992 993/993/993
f 986/986/986 993/993/993 984/984/984
f 984/984/984 993/993/993 990/990/990
f 993/993/993 992/992/992 990/990/990
f 640/640/640 994/994/994 995/995/995
f 640/640/640 995/995/995 637/637/637
f 641/641/641 994/994/994 640/640/640
f 996/996/996 994/994/994 641/641/641
f 997/997/997 998/998/998 999/999/999
f 998/998/998 881/881/881 999/999/999
f 881/881/881 998/998/998 882/882/882
f 998/998/998 997/997/997 882/882/882
f 881/881/881 880/880/880 1000/1000/1000
f 881/881/881 1000/1000/1000 999/999/999
f 935/935/935 934/934/934 1001/1001/1001
f 935/935/935 1001/1001/1001 931/931/931
f 644/644/644 1002/1002/1002 646/646/646
f 1003/1003/1003 645/645/645 1004/1004/1004
f 1005/1005/1005 1002/1002/1002 644/644/644
f 1006/1006/1006 1002/1002/1002 1005/1005/1005
f 644/644/644 643/643/643 1005/1005/1005
f 883/883/883 650/650/650 651/651/651
f 1003/1003/1003 1007/1007/1007 1008/1008/1008
f 1009/1009/1009 645/645/645 1003/1003/1003
f 988/988/988 645/645/645 1009/1009/1009
f 1009/1009/1009 1008/1008/1008 988/988/988
f 1003/1003/1003 1008/1008/1008 1009/1009/1009
f 1010/1010/1010 1007/1007/1007 1003/1003/1003
f 1011/1011/1011 1007/1007/1007 1010/1010/1010
f 1010/1010/1010 1004/1004/1004 1011/1011/1011
f 1003/1003/1003 1004/1004/1004 1010/1010/1010
f 675/675/675 735/735/735 1012/1012/1012
f 675/675/675 1012/1012/1012 672/672/672
f 1013/1013/1013 672/672/672 1014/1014/1014
f 676/676/676 735/735/735 675/675/675
f 886/886/886 1015/1015/1015 884/884/884
f 884/884/884 1016/1016/1016 887/887/887
f 1016/1016/1016 1017/1017/1017 887/887/887
f 1015/1015/1015 1017/1017/1017 1016/1016/1016
f 1015/1015/1015 1016/1016/1016 884/884/884
f 908/908/908 909/909/909 1018/1018/1018
f 908/908/908 1018/1018/1018 1019/1019/1019
f 1020/1020/1020 913/913/913 1021/1021/1021
f 916/916/916 913/913/913 1020/1020/1020
f 1005/1005/1005 643/643/643 1022/1022/1022
f 1005/1005/1005 1022/1022/1022 1006/1006/1006
f 1023/1023/1023 1024/1024/1024 1017/1017/1017
f 1024/1024/1024 887/887/887 1017/1017/1017
f 1025/1025/1025 887/887/887 1024/1024/1024
f 1025/1025/1025 1024/1024/1024 1023/1023/1023
f 888/888/888 1026/1026/1026 1027/1027/1027
f 888/888/888 1027/1027/1027 891/891/891
f 910/910/910 788/788/788 1028/1028/1028
f 910/910/910 1028/1028/1028 912/912/912
f 890/890/890 1029/1029/1029 888/888/888
f 1029/1029/1029 1026/1026/1026 888/888/888
f 1030/1030/1030 893/893/893 1031/1031/1031
f 895/895/895 893/893/893 1030/1030/1030
f 893/893/893 892/892/892 1032/1032/1032
f 893/893/893 1032/1032/1032 1031/1031/1031
f 763/763/763 706/706/706 707/707/707
f 1033/1033/1033 1034/1034/1034 1035/1035/1035
f 1023/1023/1023 1034/1034/1034 1033/1033/1033
f 1033/1033/1033 1025/1025/1025 1023/1023/1023
f 1035/1035/1035 1025/1025/1025 1033/1033/1033
f 1017/1017/1017 1036/1036/1036 1023/1023/1023
f 1036/1036/1036 1034/1034/1034 1023/1023/1023
f 716/716/716 1037/1037/1037 1038/1038/1038
f 716/716/716 1038/1038/1038 714/714/714
f 633/633/633 656/656/656 903/903/903
f 699/699/699 1037/1037/1037 716/716/716
f 702/702/702 1037/1037/1037 699/699/699
f 672/672/672 1039/1039/1039 1040/1040/1040
f 672/672/672 1040/1040/1040 1041/1041/1041
f 1041/1041/1041 1040/1040/1040 1042/1042/1042
f 1040/1040/1040 1039/1039/1039 1042/1042/1042
f 1041/1041/1041 1043/1043/1043 1044/1044/1044
f 1041/1041/1041 1044/1044/1044 672/672/672
f 718/718/718 672/672/672 1045/1045/1045
f 718/718/718 1045/1045/1045 905/905/905
f 1046/1046/1046 1043/1043/1043 1041/1041/1041
f 1047/1047/1047 1043/1043/1043 1046/1046/1046
f 1046/1046/1046 1042/1042/1042 1047/1047/1047
f 1041/1041/1041 1042/1042/1042 1046/1046/1046
f 898/898/898 1048/1048/1048 896/896/896
f 641/641/641 638/638/638 1049/1049/1049
f 641/641/641 1049/1049/1049 996/996/996
f 896/896/896 1050/1050/1050 899/899/899
f 1050/1050/1050 638/638/638 899/899/899
f 1048/1048/1048 638/638/638 1050/1050/1050
f 1048/1048/1048 1050/1050/1050 896/896/896
f 1051/1051/1051 899/899/899 638/638/638
f 900/900/900 899/899/899 1051/1051/1051
f 1051/1051/1051 901/901/901 900/900/900
f 638/638/638 901/901/901 1051/1051/1051
f 902/902/902 1052/1052/1052 900/900/900
f 1052/1052/1052 899/899/899 900/900/900
f 676/676/676 673/673/673 1053/1053/1053
f 676/676/676 1053/1053/1053 734/734/734
f 1013/1013/1013 1054/1054/1054 1055/1055/1055
f 725/725/725 637/637/637 1056/1056/1056
f 725/725/725 1056/1056/1056 906/906/906
f 1057/1057/1057 1054/1054/1054 1013/1013/1013
f 1058/1058/1058 1054/1054/1054 1057/1057/1057
f 1057/1057/1057 1014/1014/1014 1058/1058/1058
f 1013/1013/1013 1014/1014/1014 1057/1057/1057
f 1059/1059/1059 672/672/672 1013/1013/1013
f 1039/1039/1039 672/672/672 1059/1059/1059
f 1059/1059/1059 1055/1055/1055 1039/1039/1039
f 1013/1013/1013 1055/1055/1055 1059/1059/1059
g ShopB326
s 1
f 1060/1060/1060 1061/1061/1061 1062/1062/1062
f 1063/1063/1063 1064/1064/1064 1065/1065/1065
f 1065/1065/1065 1066/1066/1066 1063/1063/1063
f 1067/1067/1067 1068/1068/1068 1069/1069/1069
f 1069/1069/1069 1070/1070/1070 1067/1067/1067
f 1071/1071/1071 1072/1072/1072 1073/1073/1073
f 1073/1073/1073 1074/1074/1074 1071/1071/1071
f 1075/1075/1075 1076/1076/1076 1077/1077/1077
f 1077/1077/1077 1078/1078/1078 1075/1075/1075
f 1079/1079/1079 1080/1080/1080 1081/1081/1081
f 1081/1081/1081 1082/1082/1082 1079/1079/1079
f 1083/1083/1083 1084/1084/1084 1085/1085/1085
f 1085/1085/1085 1086/1086/1086 1083/1083/1083
f 1087/1087/1087 1088/1088/1088 1089/1089/1089
f 1089/1089/1089 1090/1090/1090 1087/1087/1087
f 1091/1091/1091 1092/1092/1092 1093/1093/1093
f 1093/1093/1093 1094/1094/1094 1091/1091/1091
f 1095/1095/1095 1096/1096/1096 1097/1097/1097
f 1097/1097/1097 1098/1098/1098 1095/1095/1095
f 1099/1099/1099 1100/1100/1100 1101/1101/1101
f 1101/1101/1101 1102/1102/1102 1099/1099/1099
f 1103/1103/1103 1104/1104/1104 1105/1105/1105
f 1106/1106/1106 1107/1107/1107 1108/1108/1108
f 1108/1108/1108 1109/1109/1109 1106/1106/1106
f 1110/1110/1110 1111/1111/1111 1112/1112/1112
f 1112/1112/1112 1113/1113/1113 1110/1110/1110
f 1114/1114/1114 1115/1115/1115 1116/1116/1116
f 1116/1116/1116 1115/1115/1115 1117/1117/1117
f 1117/1117/1117 1118/1118/1118 1116/1116/1116
f 1116/1116/1116 1118/1118/1118 1114/1114/1114
f 1062/1062/1062 1119/1119/1119 1060/1060/1060
f 1105/1105/1105 1120/1120/1120 1103/1103/1103
f 1121/1121/1121 1122/1122/1122 1123/1123/1123
f 1123/1123/1123 1124/1124/1124 1121/1121/1121
f 1125/1125/1125 1126/1126/1126 1127/1127/1127
f 1128/1128/1128 1129/1129/1129 1130/1130/1130
f 1130/1130/1130 1131/1131/1131 1128/1128/1128
f 1132/1132/1132 1133/1133/1133 1134/1134/1134
f 1134/1134/1134 1135/1135/1135 1132/1132/1132
f 1136/1136/1136 1137/1137/1137 1138/1138/1138
f 1138/1138/1138 1139/1139/1139 1136/1136/1136
f 1127/1127/1127 1140/1140/1140 1125/1125/1125
f 1141/1141/1141 1142/1142/1142 1143/1143/1143
f 1144/1144/1144 1142/1142/1142 1141/1141/1141
f 1141/1141/1141 1145/1145/1145 1144/1144/1144
f 1143/1143/1143 1145/1145/1145 1141/1141/1141
f 1146/1146/1146 1147/1147/1147 1148/1148/1148
f 1148/1148/1148 1149/1149/1149 1146/1146/1146
