# Exported using wow.export v0.2.19
o 21138_ShopC40.obj
v -378.6720886230469 2.80257511138916 90.54438018798828
v -378.65625 3.107640504837036 90.26709747314453
v -378.6562805175781 3.1076395511627197 93.64554595947266
v -364.5438232421875 2.26396107673645 96.3916244506836
v -364.54400634765625 2.2257394790649414 95.27926635742188
v -364.5338439941406 1.8368333578109741 95.80145263671875
v -364.5189208984375 1.1970020532608032 91.22168731689453
v -364.5189208984375 1.197001576423645 91.89756774902344
v -364.568603515625 2.7869951725006104 90.52506256103516
v -364.5634765625 3.1076385974884033 95.02340698242188
v -364.5441589355469 2.1875178813934326 94.16691589355469
v -364.5235595703125 1.1884552240371704 93.379150390625
v -364.5188903808594 1.1970001459121704 94.92141723632812
v -364.5634765625 3.107640266418457 90.30230712890625
v -364.5555419921875 2.611243486404419 93.28166961669922
v -364.5634765625 3.1076390743255615 93.63054656982422
v -364.55377197265625 2.6906533241271973 96.97695922851562
v -364.52398681640625 1.414734125137329 95.22419738769531
v -371.3222961425781 -2.333735942840576 88.64386749267578
v -371.2642517089844 -3.2717578411102295 87.20520782470703
v -371.3222961425781 -2.3578708171844482 87.2471694946289
v -371.2642822265625 -3.2717578411102295 88.65241241455078
v -374.5395812988281 -3.2717578411102295 88.65240478515625
v -374.54388427734375 -2.333735704421997 88.64386749267578
v -374.54388427734375 -2.3578708171844482 87.2471694946289
v -378.75872802734375 1.1927281618118286 88.0902099609375
v -378.75543212890625 1.197001576423645 85.7365493774414
v -378.7255859375 1.7835667133331299 87.6929931640625
v -374.5395812988281 -3.2717578411102295 87.20521545410156
v -368.87554931640625 -1.7709028720855713 96.23019409179688
v -368.93756103515625 -1.2700963020324707 98.4231948852539
v -368.896484375 -0.7859792709350586 95.85206604003906
v -371.3222961425781 -2.3578708171844482 87.2471694946289
v -371.2642517089844 -3.2717578411102295 87.20520782470703
v -374.5395812988281 -3.2717578411102295 87.20521545410156
v -374.54388427734375 -2.3578708171844482 87.2471694946289
v -376.12603759765625 -3.271756887435913 87.20520782470703
v -376.1086120605469 -2.3578708171844482 87.2471694946289
v -376.12603759765625 -3.271756887435913 88.65241241455078
v -376.1086120605469 -2.333735704421997 88.64386749267578
v -373.73712158203125 3.1076364517211914 98.13539123535156
v -371.1522216796875 2.152318239212036 98.09329223632812
v -373.4864501953125 1.1969999074935913 98.05859375
v -371.77587890625 1.1970001459121704 98.05860137939453
v -368.81353759765625 -2.271709442138672 94.03720092773438
v -378.67303466796875 2.6560559272766113 96.15367126464844
v -378.65625 3.1076390743255615 95.01385498046875
v -378.65625 3.107635974884033 98.14278411865234
v -378.90765380859375 -2.3578708171844482 87.24717712402344
v -378.9563903808594 -3.271756887435913 87.20521545410156
v -378.6897888183594 2.2044756412506104 94.16455078125
v -378.7091064453125 2.1480460166931152 95.76097106933594
v -368.6895446777344 -3.273322582244873 89.65120697021484
v -368.72882080078125 -3.272930383682251 91.92933654785156
v -368.75152587890625 -2.7725160121917725 91.84420776367188
v -378.7619934082031 1.1884539127349854 92.62046813964844
v -378.75543212890625 1.1970010995864868 91.89756774902344
v -378.6672668457031 2.616582155227661 93.30782318115234
v -368.82647705078125 -1.0403283834457397 93.6357421875
v -368.97943115234375 0.6997509002685547 97.66693878173828
v -368.8949279785156 0.07616865634918213 95.62800598144531
v -368.96337890625 1.192665696144104 97.62027740478516
v -368.7537841796875 -0.08284306526184082 93.88960266113281
v -368.8180236816406 3.1076366901397705 98.12799835205078
v -370.0084533691406 2.152318239212036 98.09329986572266
v -368.7216796875 -1.678082823753357 91.77040100097656
v -368.83013916015625 -2.7717318534851074 96.40046691894531
v -371.1988830566406 1.1969999074935913 98.05860137939453
v -378.669677734375 2.709578514099121 91.92610168457031
v -378.71063232421875 2.0768494606018066 88.67121887207031
v -368.83447265625 -1.2867858409881592 93.65907287597656
v -368.8467102050781 -3.271754026412964 98.76372528076172
v -368.76812744140625 -3.272538185119629 94.20746612548828
v -369.0025634765625 1.1970007419586182 98.05859375
v -368.9102783203125 2.1523187160491943 98.09329223632812
v -378.6562805175781 3.1076409816741943 88.4881820678711
v -368.9102783203125 2.1523187160491943 98.09329223632812
v -369.0025634765625 1.1970007419586182 98.05859375
v -364.56207275390625 2.6991193294525146 91.90336608886719
v -364.54608154296875 1.9877252578735352 91.57276916503906
v -378.6957092285156 2.3701319694519043 89.6494369506836
v -378.9563903808594 -3.271756887435913 88.65241241455078
v -377.5228271484375 -2.802746295928955 88.64814758300781
v -378.9195861816406 -2.333735942840576 88.64387512207031
v -364.5242919921875 1.4273544549942017 95.7939453125
v -378.7586975097656 1.19272780418396 91.20747375488281
v -368.986572265625 0.5902019143104553 98.14827728271484
v -376.07135009765625 2.152318000793457 98.10069274902344
v -364.5342712402344 1.8550878763198853 96.39187622070312
v -364.5439147949219 2.2692160606384277 96.97077178955078
v -364.5537414550781 2.6897976398468018 97.55870056152344
v -364.5634765625 3.1076366901397705 97.55411529541016
v -371.2642822265625 -3.2717578411102295 88.65241241455078
v -371.3222961425781 -2.333735942840576 88.64386749267578
v -372.9040832519531 -2.8027467727661133 88.64813995361328
v -378.70587158203125 2.1523213386535645 87.11236572265625
v -378.65625 3.107635974884033 98.14278411865234
v -378.4645690917969 1.1970001459121704 98.05859375
v -378.75543212890625 1.1970001459121704 98.05859375
v -376.12603759765625 -3.271756887435913 88.65241241455078
v -376.1086120605469 -2.333735704421997 88.64386749267578
v -364.5235595703125 1.1884552240371704 92.62046813964844
v -368.80743408203125 -3.272146224975586 96.485595703125
v -377.3638000488281 2.629976987838745 98.12173461914062
v -377.2679443359375 1.674659013748169 98.07964324951172
v -375.97552490234375 1.1970000267028809 98.05859375
v -368.785888671875 1.5123968124389648 96.00880432128906
v -375.55047607421875 2.868806838989258 98.1285629272461
v -371.277587890625 3.1076364517211914 98.13169860839844
v -369.985107421875 2.6299774646759033 98.11064147949219
v -378.7619934082031 1.1884560585021973 93.379150390625
v -368.9069519042969 -0.29351747035980225 95.66300964355469
v -364.54119873046875 2.152322769165039 87.11236572265625
v -364.5189208984375 1.1970036029815674 88.1014175415039
v -364.54119873046875 2.1523220539093018 88.2947998046875
v -364.5634765625 3.107640504837036 88.4881820678711
v -364.54119873046875 2.1523213386535645 89.47723388671875
v -378.7322692871094 1.672523021697998 96.90978240966797
v -378.75872802734375 1.192728042602539 95.7188720703125
v -378.75543212890625 1.1970001459121704 98.05859375
v -378.68267822265625 2.627840995788574 96.95187377929688
v -372.90191650390625 -3.2717578411102295 88.65240478515625
v -368.80194091796875 2.310016632080078 97.06840515136719
v -368.8180236816406 3.1076366901397705 98.12799835205078
v -370.1007080078125 1.19700026512146 98.05859375
v -368.76202392578125 -2.2800540924072266 91.65513610839844
v -364.5189208984375 1.197004795074463 85.7365493774414
v -364.5189208984375 1.1970024108886719 90.4662857055664
v -364.5672912597656 2.3748881816864014 89.66879272460938
v -378.7603759765625 1.1905914545059204 89.26704406738281
v -378.7619934082031 1.1884547472000122 90.44387817382812
v -370.3079833984375 3.107640266418457 102.47964477539062
v -371.65234375 3.107640504837036 102.47964477539062
v -371.3262939453125 4.243345260620117 102.63008880615234
v -364.419921875 -0.6644548177719116 87.52688598632812
v -364.49737548828125 0.478814035654068 86.41923522949219
v -364.3913269042969 -1.12105393409729 86.06998443603516
v -364.44854736328125 -0.20785576105117798 88.98377990722656
v -364.43487548828125 -0.2640356421470642 90.06241607666016
v -364.5057678222656 0.7053424119949341 91.89757537841797
v -364.5015869140625 0.5920782089233398 89.15840148925781
v -378.7811279296875 0.5920786261558533 89.15840148925781
v -378.8153076171875 -0.2078561782836914 88.98377990722656
v -378.785888671875 0.47881487011909485 86.41922760009766
v -378.93634033203125 -2.779895544052124 91.0190200805664
v -378.91632080078125 -2.2880330085754395 88.84359741210938
v -378.92633056640625 -2.5339646339416504 91.06681823730469
v -378.9563903808594 -3.2717580795288086 93.19444274902344
v -378.9563903808594 -3.2717576026916504 90.92343139648438
v -378.7763366699219 0.7053424119949341 91.89757537841797
v -378.83477783203125 -0.6644554734230042 87.52688598632812
v -378.93634033203125 -2.7798962593078613 93.29003143310547
v -378.9563903808594 -3.271758794784546 95.4654541015625
v -378.9563903808594 -3.271759510040283 97.73646545410156
v -378.9348449707031 -2.748783826828003 93.29631805419922
v -378.94561767578125 -3.0102715492248535 95.51638793945312
v -378.854248046875 -1.121054768562317 86.06998443603516
v -378.854248046875 -1.1210556030273438 89.00444030761719
v -375.97552490234375 0.5826413631439209 85.67497253417969
v -375.96417236328125 -0.2382768988609314 85.56356811523438
v -373.5074157714844 0.6445009708404541 85.68174743652344
v -378.44366455078125 0.5207818150520325 85.66820526123047
v -364.17254638671875 -3.240710496902466 88.84740447998047
v -364.1725158691406 -2.8153131008148193 89.42377471923828
v -364.1099548339844 -3.2717578411102295 86.2074966430664
v -377.6038818359375 -0.2952237129211426 98.24600219726562
v -376.7867736816406 0.5306103825569153 98.1422348022461
v -376.93023681640625 -1.6537827253341675 98.49322509765625
v -371.4407653808594 -3.2717578411102295 85.03141784667969
v -371.2015380859375 0.4788118898868561 85.60935974121094
v -371.7754211425781 0.4788144528865814 85.60935974121094
v -371.78570556640625 0.6192238926887512 85.67898559570312
v -378.4513244628906 0.4922336935997009 98.1471176147461
v -378.42095947265625 -1.1210577487945557 98.34976196289062
v -370.65679931640625 -3.271754026412964 98.76372528076172
v -371.04718017578125 -1.1192296743392944 98.40184020996094
v -368.93756103515625 -1.2700963020324707 98.4231948852539
v -371.1758728027344 0.6108180284500122 98.13343811035156
v -368.986572265625 0.5902019143104553 98.14827728271484
v -378.92010498046875 -2.4725961685180664 95.53422546386719
v -378.8837890625 -1.6734329462051392 93.33199310302734
v -378.8690185546875 -1.3972454071044922 95.56990051269531
v -378.9019470214844 -2.073014497756958 94.43310546875
v -371.8783874511719 -1.088836669921875 98.39816284179688
v -372.6890869140625 -0.22058087587356567 98.25811767578125
v -371.80584716796875 0.6275855302810669 98.1280288696289
v -378.9039306640625 -2.208299398422241 87.0939712524414
v -378.90692138671875 -2.2701547145843506 87.07815551757812
v -378.42095947265625 -1.121054768562317 85.44538879394531
v -378.9563903808594 -3.271756887435913 87.20521545410156
v -378.9563903808594 -3.2717583179473877 86.2074966430664
v -378.9101867675781 -2.3483221530914307 87.16337585449219
v -374.341064453125 3.1076412200927734 102.47964477539062
v -374.17803955078125 3.6754937171936035 102.55487060546875
v -377.0297546386719 3.10764217376709 102.47964477539062
v -378.924072265625 -2.4872961044311523 91.07624816894531
v -378.8985595703125 -1.9496204853057861 91.09408569335938
v -378.9132995605469 -2.2258081436157227 88.85617065429688
v -378.90863037109375 -2.2170538902282715 87.97506713867188
v -365.1790771484375 -3.2717578411102295 85.03141784667969
v -365.1157531738281 -1.12105393409729 85.44538879394531
v -368.27825927734375 -2.1964058876037598 85.2384033203125
v -378.9174499511719 -2.30421781539917 88.77659606933594
v -378.9195861816406 -2.3432838916778564 88.72767639160156
v -378.9563903808594 -3.271756887435913 88.65241241455078
v -378.9195861816406 -2.333735942840576 88.64387512207031
v -378.9080810546875 -2.300391674041748 87.13449096679688
v -378.87908935546875 -1.6646785736083984 92.45089721679688
v -378.87908935546875 -1.6646778583526611 89.51643371582031
v -378.854248046875 -1.121056318283081 91.93890380859375
v -378.90765380859375 -2.3578708171844482 87.24717712402344
v -377.681884765625 5.379050254821777 102.78053283691406
v -374.6286926269531 5.946901798248291 102.85575103759766
v -376.17449951171875 5.379050254821777 102.78053283691406
v -374.6671142578125 5.379049777984619 102.78053283691406
v -375.84844970703125 4.243346214294434 102.63008880615234
v -364.20953369140625 -2.392298936843872 90.00374603271484
v -378.854248046875 -1.1210551261901855 87.53721618652344
v -364.4635009765625 0.1925634741783142 91.51931762695312
v -364.4784240722656 0.5929827094078064 94.05484771728516
v -373.8599548339844 -1.6537823677062988 98.49307250976562
v -373.67987060546875 -0.5030536651611328 98.30557250976562
v -373.49981689453125 0.6476749777793884 98.11808013916016
v -373.7912902832031 0.6229529976844788 98.1225357055664
v -372.8691711425781 -1.371309518814087 98.44561767578125
v -373.0245361328125 -2.462768077850342 98.62840270996094
v -370.12579345703125 5.662974834442139 102.81814575195312
v -368.59918212890625 5.946900367736816 102.85575103759766
v -368.63763427734375 5.3790483474731445 102.78053283691406
v -371.6523742675781 5.379049301147461 102.78053283691406
v -371.57550048828125 6.514753341674805 102.93096923828125
v -373.1213073730469 5.946901321411133 102.85575103759766
v -373.15972900390625 5.379049301147461 102.78053283691406
v -374.341064453125 4.243345737457275 102.63008880615234
v -370.0634765625 5.095122814178467 102.742919921875
v -368.4745788574219 4.811196327209473 102.70530700683594
v -365.62286376953125 5.379047870635986 102.78053283691406
v -370.0873107910156 7.3665313720703125 103.04380798339844
v -370.04888916015625 6.798679351806641 102.96858215332031
v -368.52227783203125 7.082605361938477 103.00619506835938
v -372.83367919921875 4.243345260620117 102.63008880615234
v -371.65234375 7.650457382202148 103.08141326904297
v -368.56072998046875 7.650457382202148 103.08141326904297
v -368.3099365234375 -3.2717578411102295 85.03141784667969
v -375.09820556640625 -0.32112017273902893 85.52737426757812
v -373.86981201171875 0.12026876211166382 85.58646392822266
v -378.21258544921875 -3.2717583179473877 85.03141784667969
v -374.93084716796875 -2.196406364440918 85.2384033203125
v -368.8467102050781 -3.271754026412964 98.76372528076172
v -364.1762390136719 -2.812609910964966 89.99958801269531
v -364.1363830566406 -3.2733235359191895 89.43717193603516
v -364.2591247558594 -1.9551268815994263 90.58621978759766
v -364.2135925292969 -2.3845083713531494 90.57572174072266
v -366.27496337890625 3.1076388359069824 102.47964477539062
v -368.8006286621094 3.67549204826355 102.55487060546875
v -368.9636535644531 3.107639789581299 102.47964477539062
v -364.3072509765625 -1.530791997909546 91.15909576416016
v -364.2591247558594 -1.9603105783462524 91.15203857421875
v -364.3548889160156 -1.1106756925582886 91.74864196777344
v -364.3067932128906 -1.5353398323059082 91.74687957763672
v -364.39202880859375 -0.6927671432495117 92.3270034790039
v -364.35369873046875 -1.120909333229065 92.32929992675781
v -378.854248046875 -1.1210577487945557 97.80781555175781
v -364.42132568359375 -0.25655195116996765 92.89409637451172
v -364.4203186035156 -0.2715199887752533 93.48103332519531
v -364.4494934082031 0.16209299862384796 93.48982238769531
v -364.39056396484375 -0.7140570878982544 92.90587615966797
v -364.4495849609375 0.163552388548851 94.0491943359375
v -364.52398681640625 1.414734125137329 95.22419738769531
v -364.5188903808594 1.1970001459121704 94.92141723632812
v -364.5189208984375 1.1970016956329346 95.22320556640625
v -373.1405334472656 6.798679351806641 102.96858215332031
v -374.70556640625 7.082605838775635 103.00619506835938
v -377.83563232421875 7.650458335876465 103.08141326904297
v -374.7439880371094 7.650457859039307 103.08141326904297
v -365.4690856933594 7.65045690536499 103.08141326904297
v -377.0663146972656 -3.2717556953430176 98.76372528076172
v -377.74365234375 -2.196406841278076 98.55674743652344
v -378.2125549316406 -3.271759510040283 98.76372528076172
v -364.40631103515625 -0.68880295753479 89.48204040527344
v -376.1937255859375 6.230828285217285 102.89336395263672
v -364.3252258300781 -1.538090467453003 88.3281021118164
v -364.37310791015625 -1.1158647537231445 88.90931701660156
v -372.1891174316406 -3.271754026412964 98.76372528076172
v -378.90533447265625 -2.196406602859497 86.13874053955078
v -373.9222412109375 -3.271754503250122 98.76372528076172
v -374.82666015625 -3.2717580795288086 85.03141784667969
v -368.15863037109375 -0.3211210072040558 85.52737426757812
v -378.854248046875 -1.1210570335388184 94.87335968017578
v -378.8153076171875 -0.2078576683998108 94.85269165039062
v -365.1097717285156 0.5212116241455078 85.66825866699219
v -368.1556396484375 0.5000117421150208 85.63880920410156
v -371.1925048828125 0.6105145215988159 85.67803192138672
v -378.7811279296875 0.5920764207839966 94.7353286743164
v -378.785888671875 0.4788104295730591 97.57308197021484
v -378.65625 4.27292537689209 98.31119537353516
v -378.6562805175781 5.190502643585205 97.93118286132812
v -378.65625 4.27292537689209 98.787841796875
v -364.5370178222656 4.90866756439209 90.19129180908203
v -364.55792236328125 3.6437487602233887 91.56068420410156
v -364.55023193359375 4.008153438568115 91.91091918945312
v -373.9222412109375 -3.271754026412964 99.0690689086914
v -373.8600158691406 -1.6537785530090332 99.0690689086914
v -373.9222412109375 -3.271754503250122 98.76372528076172
v -378.65625 5.008245468139648 99.22567749023438
v -364.5650939941406 4.1699981689453125 97.72605895996094
v -364.56671142578125 4.281073570251465 96.54486846923828
v -364.5634765625 3.1076366901397705 97.55411529541016
v -364.56671142578125 5.232359886169434 97.89800262451172
v -364.5650939941406 4.169999122619629 98.02040100097656
v -364.56671142578125 3.329787492752075 95.19173431396484
v -364.5650939941406 3.218712091445923 96.3729248046875
v -364.5650634765625 5.305703639984131 100.07525634765625
v -364.5650634765625 4.169999122619629 99.73576354980469
v -364.56427001953125 4.206671237945557 100.82438659667969
v -364.5634460449219 3.1076385974884033 101.57351684570312
v -364.5634460449219 5.379047393798828 102.25250244140625
v -378.5567626953125 5.80622673034668 91.833740234375
v -378.5716247558594 5.606467247009277 92.87257385253906
v -378.5716247558594 4.509148597717285 92.26896667480469
v -378.5418701171875 4.908668518066406 90.19129180908203
v -378.5418701171875 7.103305339813232 91.39852142333984
v -378.6288146972656 6.76362419128418 93.22637176513672
v -378.60137939453125 4.109629154205322 94.34663391113281
v -364.5634765625 3.1076385974884033 95.02340698242188
v -364.5658874511719 5.269031524658203 98.98663330078125
v -364.5408630371094 5.805096626281738 91.83843994140625
v -364.5447082519531 4.506888389587402 92.27835845947266
v -364.5447082519531 5.604206562042236 92.88197326660156
v -378.5567626953125 6.354886054992676 92.13554382324219
v -364.5370178222656 7.103304386138916 91.39852142333984
v -364.5408630371094 4.707777976989746 91.23482513427734
v -364.5721435546875 6.209759712219238 100.09980773925781
v -373.8599548339844 -1.6537823677062988 98.49307250976562
v -364.5634765625 3.107640266418457 90.30230712890625
v -364.5634765625 3.1076390743255615 93.63054656982422
v -378.64971923828125 3.7930397987365723 96.75653076171875
v -364.562255859375 7.4354143142700195 98.45499420166016
v -364.5634460449219 8.50337028503418 100.21894073486328
v -364.56329345703125 9.004512786865234 98.21952819824219
v -364.5621337890625 7.936555862426758 96.45558166503906
v -364.56317138671875 9.505654335021973 96.22010803222656
v -364.55560302734375 7.335968971252441 95.25018310546875
v -364.56109619140625 6.367457866668701 96.69104766845703
v -378.65625 7.414339065551758 98.47087860107422
v -378.65625 9.00442123413086 98.2196044921875
v -378.65625 8.503372192382812 100.21894073486328
v -377.0663146972656 -3.2717556953430176 98.76372528076172
v -376.93023681640625 -1.6537827253341675 98.49322509765625
v -376.9302673339844 -1.6537777185440063 99.0690689086914
v -377.0663146972656 -3.271756172180176 99.0690689086914
v -378.65625 7.915388107299805 96.47154235839844
v -378.65625 9.50546932220459 96.22027587890625
v -378.65625 7.871462821960449 94.41445922851562
v -378.65625 6.325306415557861 96.72281646728516
v -364.5523986816406 4.105108737945557 94.36542510986328
v -364.549072265625 6.735381126403809 94.04478454589844
v -364.5634765625 3.107638359069824 98.1427993774414
v -376.7867736816406 0.5306103825569153 98.1422348022461
v -376.75836181640625 0.9627645611763 98.07279205322266
v -376.75836181640625 0.9493215680122375 99.0690689086914
v -378.65625 4.825987815856934 100.52017211914062
v -378.65625 5.28477668762207 100.09184265136719
v -378.65625 6.188831329345703 100.11639404296875
v -378.65625 5.78394079208374 101.1844482421875
v -378.65625 5.379050254821777 102.25250244140625
v -378.65625 6.687995910644531 101.20899963378906
v -364.57757568359375 7.187159061431885 102.30160522460938
v -378.65625 7.187160015106201 102.30160522460938
v -378.65625 5.689666748046875 99.02378845214844
v -373.78143310546875 0.9493228197097778 98.06942749023438
v -373.7912902832031 0.6229529976844788 98.1225357055664
v -373.78143310546875 0.9493206739425659 99.0690689086914
v -378.65625 3.107635974884033 98.14278411865234
v -378.6432189941406 3.3131539821624756 95.20187377929688
v -378.65625 3.1076412200927734 101.57351684570312
v -378.65625 3.1076366901397705 98.7784423828125
v -378.6562805175781 3.1076395511627197 93.64554595947266
v -378.65625 3.107640504837036 90.26709747314453
v -378.62457275390625 3.6065149307250977 91.53861236572266
v -364.5658874511719 4.701179504394531 98.81687927246094
v -378.65625 9.417619705200195 92.10610961914062
v -378.5928955078125 4.1053900718688965 89.43167877197266
v -373.78143310546875 0.9493206739425659 99.0690689086914
v -376.75836181640625 0.9493215680122375 99.0690689086914
v -375.2698974609375 0.9493222236633301 98.56924438476562
v -378.59906005859375 4.008153915405273 91.91841888427734
v -364.55010986328125 8.304479598999023 93.80931091308594
v -378.64251708984375 6.544465065002441 94.97459411621094
v -373.78143310546875 0.9493228197097778 98.06942749023438
v -376.75836181640625 0.9627645611763 98.07279205322266
v -364.5627136230469 8.470534324645996 97.33755493164062
v -378.65625 7.664863586425781 97.47120666503906
v -364.5485534667969 4.305998802185059 93.32189178466797
v -364.55517578125 3.911803722381592 90.5257568359375
v -376.84429931640625 -0.3522281050682068 99.0690689086914
v -364.5523986816406 4.179858684539795 89.49082946777344
v -378.65625 3.1076390743255615 95.01385498046875
v -373.8206787109375 -0.3522307872772217 98.78106689453125
v -364.5634460449219 9.41761589050293 92.10611724853516
v -373.9222412109375 -3.271754503250122 98.76372528076172
v -372.1891174316406 -3.271754026412964 98.76372528076172
v -372.1891174316406 -3.271754741668701 97.73645782470703
v -378.2125549316406 -3.271759510040283 98.76372528076172
v -377.0663146972656 -3.2717556953430176 98.76372528076172
v -378.2125549316406 -3.271759510040283 97.73646545410156
v -368.7092590332031 -3.271754503250122 89.05497741699219
v -371.2642822265625 -3.2717578411102295 88.65241241455078
v -368.6895446777344 -3.273322582244873 89.65120697021484
v -374.5395812988281 -3.2717578411102295 88.65240478515625
v -376.12603759765625 -3.271756887435913 87.20520782470703
v -376.12603759765625 -3.271756887435913 88.65241241455078
v -374.5395812988281 -3.2717578411102295 87.20521545410156
v -371.2642517089844 -3.2717578411102295 87.20520782470703
v -371.4407653808594 -3.2717578411102295 85.03141784667969
v -371.65234375 3.107640504837036 101.57351684570312
v -368.9636535644531 3.107639789581299 102.02658081054688
v -368.9636535644531 3.107639789581299 101.57351684570312
v -371.65234375 3.107640504837036 102.02658081054688
v -366.27496337890625 3.1076388359069824 102.47964477539062
v -374.341064453125 3.1076412200927734 101.800048828125
v -374.341064453125 3.1076412200927734 102.25311279296875
v -369.37249755859375 -3.2725391387939453 91.67964172363281
v -368.72882080078125 -3.272930383682251 91.92933654785156
v -368.76812744140625 -3.272538185119629 94.20746612548828
v -374.341064453125 3.1076412200927734 102.47964477539062
v -371.65234375 3.107640504837036 102.47964477539062
v -377.0297546386719 3.10764217376709 102.47964477539062
v -370.3079833984375 3.107640266418457 102.47964477539062
v -368.9636535644531 3.107639789581299 102.47964477539062
v -377.2943115234375 -3.271759033203125 95.4654541015625
v -376.7066955566406 -3.2717583179473877 97.73646545410156
v -375.2008361816406 -3.271757125854492 97.73646545410156
v -378.2125549316406 -3.2717583179473877 86.2074966430664
v -378.9563903808594 -3.271756887435913 87.20521545410156
v -378.9563903808594 -3.2717583179473877 86.2074966430664
v -378.58447265625 -3.271758794784546 95.4654541015625
v -378.9563903808594 -3.2717576026916504 90.92343139648438
v -378.9563903808594 -3.2717580795288086 93.19444274902344
v -378.9563903808594 -3.271759510040283 97.73646545410156
v -366.94415283203125 -3.271756172180176 87.63124084472656
v -368.4654541015625 -3.271756172180176 87.88066101074219
v -368.2216796875 -3.2717578411102295 86.70635223388672
v -369.98675537109375 -3.271756172180176 88.13009643554688
v -370.65679931640625 -3.271754026412964 98.76372528076172
v -368.8467102050781 -3.271754026412964 98.76372528076172
v -370.67437744140625 -3.271754026412964 97.73645782470703
v -366.70037841796875 -3.2717578411102295 85.86888122558594
v -365.1790771484375 -3.2717578411102295 85.03141784667969
v -368.2216796875 -3.2717578411102295 86.11831665039062
v -365.1790771484375 -3.2717578411102295 86.2074966430664
v -378.0628662109375 -3.2717576026916504 90.92343139648438
v -376.6476745605469 -3.2717576026916504 90.92343139648438
v -377.1693115234375 -3.2717580795288086 93.19444274902344
v -376.3760681152344 -3.271758556365967 93.1944351196289
v -368.8180236816406 3.1076366901397705 98.9390869140625
v -373.73712158203125 3.1076364517211914 98.54093933105469
v -373.73712158203125 3.1076366901397705 98.8587646484375
v -378.9563903808594 -3.271756887435913 88.65241241455078
v -378.58447265625 -3.2717580795288086 93.19444274902344
v -378.54705810546875 -3.2717576026916504 91.49118041992188
v -378.1376953125 -3.271758556365967 94.32994842529297
v -366.1859130859375 -3.2570176124572754 88.96112060546875
v -368.1992492675781 -3.273324728012085 89.07483673095703
v -366.1678161621094 -3.2733240127563477 89.2560043334961
v -364.17254638671875 -3.240710496902466 88.84740447998047
v -366.68914794921875 -3.2725412845611572 87.64116668701172
v -364.1099548339844 -3.2717578411102295 86.2074966430664
v -364.6758117675781 -3.2562341690063477 87.52745056152344
v -368.3099365234375 -3.2717578411102295 85.03141784667969
v -371.2005310058594 -3.2717552185058594 95.46544647216797
v -374.82666015625 -3.2717580795288086 85.03141784667969
v -378.21258544921875 -3.2717583179473877 85.03141784667969
v -374.82666015625 -3.2717580795288086 85.61946105957031
v -372.7767333984375 -3.2717554569244385 95.46543884277344
v -374.2825927734375 -3.271756649017334 95.46544647216797
v -370.05548095703125 -3.2717559337615967 93.70806884765625
v -369.45111083984375 -3.2717549800872803 96.23590087890625
v -370.6598815917969 -3.271756887435913 91.18023681640625
v -375.45782470703125 -3.2717580795288086 90.92341613769531
v -373.3643493652344 -3.271756172180176 93.19442749023438
v -371.7266845703125 -3.271756172180176 93.1944351196289
v -372.3143310546875 -3.271757125854492 90.92341613769531
v -374.1536560058594 3.1076393127441406 100.23622131347656
v -375.3834228515625 3.1076393127441406 100.21614074707031
v -374.976806640625 3.1076407432556152 100.91490936279297
v -372.92388916015625 3.1076393127441406 100.25630187988281
v -368.19927978515625 -3.273322820663452 89.65120697021484
v -364.1363830566406 -3.2733235359191895 89.43717193603516
v -366.4455871582031 3.107637405395508 98.54093933105469
v -368.32769775390625 3.1076366901397705 98.9390869140625
v -366.445556640625 3.107637643814087 100.25630187988281
v -364.5634765625 3.107638359069824 98.1427993774414
v -368.3554382324219 3.107637882232666 98.14279174804688
v -364.5634460449219 3.1076385974884033 101.57351684570312
v -366.27496337890625 3.1076388359069824 101.57351684570312
v -374.6277160644531 -3.2717552185058594 98.25009155273438
v -373.78338623046875 -3.2717573642730713 86.11831665039062
v -372.3040466308594 3.107637405395508 99.22822570800781
v -370.8709716796875 3.107637882232666 99.59769439697266
v -376.1966857910156 3.1076366901397705 98.818603515625
v -378.65625 3.107635974884033 98.14278411865234
v -377.42645263671875 3.1076366901397705 98.79852294921875
v -378.65625 3.1076366901397705 98.7784423828125
v -377.843017578125 3.1076393127441406 100.17597961425781
v -374.9669189453125 3.1076366901397705 98.83868408203125
v -376.61322021484375 3.1076393127441406 100.19606018066406
v -377.0297546386719 3.10764217376709 101.57351684570312
v -374.99871826171875 -3.2717580795288086 89.78791046142578
v -373.95196533203125 -3.271757125854492 90.92341613769531
v -367.61932373046875 3.1076393127441406 102.02658081054688
v -367.61932373046875 3.1076393127441406 101.57351684570312
v -367.5465087890625 3.107637882232666 100.25630187988281
v -374.341064453125 3.1076412200927734 101.57351684570312
v -372.9967041015625 3.1076407432556152 101.57351684570312
v -373.42694091796875 -3.2717576026916504 89.78791046142578
v -372.90191650390625 -3.2717578411102295 88.65240478515625
v -376.835205078125 -3.271758794784546 94.32994079589844
v -375.7884521484375 -3.2717578411102295 95.4654541015625
v -377.69091796875 -3.271758794784546 95.4654541015625
v -370.04779052734375 3.1076364517211914 98.53539276123047
v -371.277587890625 3.1076364517211914 98.53723907470703
v -373.73712158203125 3.1076364517211914 98.13539123535156
v -371.277587890625 3.1076364517211914 98.13169860839844
v -368.8180236816406 3.1076366901397705 98.12799835205078
v -376.1966857910156 3.1076362133026123 98.34185791015625
v -374.24578857421875 -3.2717576026916504 89.78791046142578
v -372.22039794921875 -3.2717552185058594 96.033203125
v -371.9578857421875 -3.2717554569244385 95.46544647216797
v -372.251708984375 -3.2717556953430176 94.32994079589844
v -373.823486328125 -3.271756410598755 94.32994079589844
v -373.070556640625 -3.2717556953430176 94.3299331665039
v -370.9693298339844 -3.2717559337615967 93.1944351196289
v -370.9656982421875 -3.271756649017334 91.55537414550781
v -370.6671142578125 -3.2717554569244385 94.45834350585938
v -378.9563903808594 -3.271758794784546 95.4654541015625
v -375.6854248046875 3.1076416969299316 101.91331481933594
v -367.4442138671875 -3.272933006286621 88.35800170898438
v -365.9341125488281 -3.2721495628356934 86.92433166503906
v -368.80743408203125 -3.272146224975586 96.485595703125
v -366.70037841796875 -3.2717578411102295 86.45692443847656
v -376.25103759765625 -3.2717576026916504 90.92342376708984
v -371.4954833984375 -3.271757125854492 90.92342376708984
v -370.36492919921875 -3.2717549800872803 95.72225952148438
v -378.65625 3.1076412200927734 101.57351684570312
v -370.23516845703125 3.1076385974884033 100.25630187988281
v -368.30206298828125 1.8340115547180176 96.43605041503906
v -368.3017883300781 2.2667574882507324 96.4172592163086
v -364.5438232421875 2.26396107673645 96.3916244506836
v -364.5439147949219 2.2692160606384277 96.97077178955078
v -364.5438232421875 2.26396107673645 96.3916244506836
v -368.3017883300781 2.2667574882507324 96.4172592163086
v -368.2934875488281 1.4079155921936035 95.87000274658203
v -368.2933044433594 1.8412840366363525 95.85626983642578
v -364.5338439941406 1.8368333578109741 95.80145263671875
v -364.5242919921875 1.4273544549942017 95.7939453125
v -368.2933044433594 1.8412840366363525 95.85626983642578
v -368.30206298828125 1.8340115547180176 96.43605041503906
v -364.5342712402344 1.8550878763198853 96.39187622070312
v -364.5338439941406 1.8368333578109741 95.80145263671875
v -365.0875244140625 1.1970022916793823 95.23426818847656
v -368.2847595214844 1.4139409065246582 95.2928237915039
v -364.52398681640625 1.414734125137329 95.22419738769531
v -368.2847595214844 1.4139409065246582 95.2928237915039
v -368.2934875488281 1.4079155921936035 95.87000274658203
v -364.5242919921875 1.4273544549942017 95.7939453125
v -364.52398681640625 1.414734125137329 95.22419738769531
v -368.27630615234375 0.5541907548904419 94.73587036132812
v -368.2763366699219 0.9812160134315491 94.7370376586914
v -365.0809631347656 0.9804328083992004 94.64743041992188
v -365.0813903808594 0.9935339093208313 95.23380279541016
v -365.0809631347656 0.9804328083992004 94.64743041992188
v -368.2763366699219 0.9812160134315491 94.7370376586914
v -368.26788330078125 0.13557858765125275 94.17976379394531
v -368.2677307128906 0.5588224530220032 94.17012786865234
v -365.06085205078125 0.5842710137367249 94.07086944580078
v -364.4495849609375 0.163552388548851 94.0491943359375
v -365.0616760253906 0.5664771199226379 94.66183471679688
v -365.06085205078125 0.5842710137367249 94.07086944580078
v -368.2677307128906 0.5588224530220032 94.17012786865234
v -368.2591857910156 -0.2951299846172333 93.60758209228516
v -368.2593078613281 0.12822659313678741 93.61426544189453
v -364.4494934082031 0.16209299862384796 93.48982238769531
v -364.4203186035156 -0.2715199887752533 93.48103332519531
v -368.2593078613281 0.12822659313678741 93.61426544189453
v -368.26788330078125 0.13557858765125275 94.17976379394531
v -364.4495849609375 0.163552388548851 94.0491943359375
v -364.4494934082031 0.16209299862384796 93.48982238769531
v -368.2508239746094 -0.7121408581733704 93.0536117553711
v -368.2510681152344 -0.2922511696815491 93.03118896484375
v -364.42132568359375 -0.25655195116996765 92.89409637451172
v -364.39056396484375 -0.7140570878982544 92.90587615966797
v -368.2510681152344 -0.2922511696815491 93.03118896484375
v -368.2591857910156 -0.2951299846172333 93.60758209228516
v -364.4203186035156 -0.2715199887752533 93.48103332519531
v -364.42132568359375 -0.25655195116996765 92.89409637451172
v -368.2420959472656 -1.1449886560440063 92.47859191894531
v -368.2432556152344 -0.7127494812011719 92.4652099609375
v -364.39202880859375 -0.6927671432495117 92.3270034790039
v -364.35369873046875 -1.120909333229065 92.32929992675781
v -368.2432556152344 -0.7127494812011719 92.4652099609375
v -368.2508239746094 -0.7121408581733704 93.0536117553711
v -364.39056396484375 -0.7140570878982544 92.90587615966797
v -364.39202880859375 -0.6927671432495117 92.3270034790039
v -368.2335205078125 -1.5715378522872925 91.91194152832031
v -368.2361145019531 -1.1417481899261475 91.92045593261719
v -364.3548889160156 -1.1106756925582886 91.74864196777344
v -364.3067932128906 -1.5353398323059082 91.74687957763672
v -368.2361145019531 -1.1417481899261475 91.92045593261719
v -368.2420959472656 -1.1449886560440063 92.47859191894531
v -364.35369873046875 -1.120909333229065 92.32929992675781
v -364.3548889160156 -1.1106756925582886 91.74864196777344
v -368.2249755859375 -1.996371865272522 91.34757232666016
v -368.2304992675781 -1.5717324018478394 91.34952545166016
v -364.3072509765625 -1.530791997909546 91.15909576416016
v -364.2591247558594 -1.9603105783462524 91.15203857421875
v -378.167236328125 4.831306457519531 95.95527648925781
v -378.1518249511719 4.468207359313965 95.16035461425781
v -378.13641357421875 5.218966484069824 95.54212951660156
v -378.1980895996094 3.329787492752075 95.19173431396484
v -368.2164001464844 -2.4216771125793457 90.7825698852539
v -368.21624755859375 -1.9891043901443481 90.77349090576172
v -364.2591247558594 -1.9551268815994263 90.58621978759766
v -364.2135925292969 -2.3845083713531494 90.57572174072266
v -368.21624755859375 -1.9891043901443481 90.77349090576172
v -368.2249755859375 -1.996371865272522 91.34757232666016
v -364.2591247558594 -1.9603105783462524 91.15203857421875
v -364.2591247558594 -1.9551268815994263 90.58621978759766
v -368.2077941894531 -2.8494675159454346 90.21427154541016
v -368.20770263671875 -2.4234707355499268 90.20909118652344
v -364.20953369140625 -2.392298936843872 90.00374603271484
v -364.1762390136719 -2.812609910964966 89.99958801269531
v -368.20770263671875 -2.4234707355499268 90.20909118652344
v -368.2164001464844 -2.4216771125793457 90.7825698852539
v -364.2135925292969 -2.3845083713531494 90.57572174072266
v -364.20953369140625 -2.392298936843872 90.00374603271484
v -368.19927978515625 -3.273322820663452 89.65120697021484
v -368.19921875 -2.847926616668701 89.65119934082031
v -364.1725158691406 -2.8153131008148193 89.42377471923828
v -364.1363830566406 -3.2733235359191895 89.43717193603516
v -368.19921875 -2.847926616668701 89.65119934082031
v -368.2077941894531 -2.8494675159454346 90.21427154541016
v -364.1762390136719 -2.812609910964966 89.99958801269531
v -364.1725158691406 -2.8153131008148193 89.42377471923828
v -368.8180236816406 3.5642616748809814 98.12799835205078
v -368.8180236816406 3.564262866973877 98.93909454345703
v -368.3277282714844 3.564262866973877 98.12800598144531
v -368.3277282714844 3.564262866973877 98.93909454345703
v -378.13641357421875 4.10510778427124 94.36542510986328
v -378.65625 6.325306415557861 96.72281646728516
v -378.13641357421875 5.218966484069824 95.54212951660156
v -378.13641357421875 4.10510778427124 94.36542510986328
v -368.3277282714844 3.564262866973877 98.12800598144531
v -368.3277282714844 3.564262866973877 98.93909454345703
v -368.3554382324219 3.107637882232666 98.14279174804688
v -368.32769775390625 3.1076366901397705 98.9390869140625
v -368.8180236816406 3.564262866973877 98.93909454345703
v -368.8180236816406 3.5642616748809814 98.12799835205078
v -368.8180236816406 3.1076366901397705 98.9390869140625
v -368.8180236816406 3.1076366901397705 98.12799835205078
v -378.13641357421875 6.332825660705566 96.71882629394531
v -368.8180236816406 3.5642616748809814 98.12799835205078
v -368.3277282714844 3.564262866973877 98.12800598144531
v -368.31005859375 2.7100894451141357 96.9625015258789
v -368.21624755859375 -1.9891043901443481 90.77349090576172
v -368.2164001464844 -2.4216771125793457 90.7825698852539
v -368.20770263671875 -2.4234707355499268 90.20909118652344
v -368.2763366699219 0.9812160134315491 94.7370376586914
v -368.27630615234375 0.5541907548904419 94.73587036132812
v -368.2677307128906 0.5588224530220032 94.17012786865234
v -368.2077941894531 -2.8494675159454346 90.21427154541016
v -368.19921875 -2.847926616668701 89.65119934082031
v -368.19921875 -2.6482064723968506 89.65119934082031
v -368.2432556152344 -0.7127494812011719 92.4652099609375
v -368.2420959472656 -1.1449886560440063 92.47859191894531
v -368.2361145019531 -1.1417481899261475 91.92045593261719
v -368.2304992675781 -1.5717324018478394 91.34952545166016
v -368.2249755859375 -1.996371865272522 91.34757232666016
v -368.232666015625 -1.03244149684906 91.85588073730469
v -368.2335205078125 -1.5715378522872925 91.91194152832031
v -378.13641357421875 6.332825660705566 96.71882629394531
v -368.2593078613281 0.12822659313678741 93.61426544189453
v -368.2591857910156 -0.2951299846172333 93.60758209228516
v -368.2510681152344 -0.2922511696815491 93.03118896484375
v -368.2508239746094 -0.7121408581733704 93.0536117553711
v -368.26788330078125 0.13557858765125275 94.17976379394531
v -368.2667541503906 0.6173774003982544 94.1070327758789
v -368.2933044433594 1.8412840366363525 95.85626983642578
v -368.2934875488281 1.4079155921936035 95.87000274658203
v -368.2847595214844 1.4139409065246582 95.2928237915039
v -368.2667541503906 0.6173774003982544 94.1070327758789
v -368.232666015625 -1.03244149684906 91.85588073730469
v -368.284912109375 0.9821150302886963 95.30435180664062
v -368.3211975097656 3.1076371669769287 97.5766830444336
v -368.31005859375 2.7100894451141357 96.9625015258789
v -368.3277282714844 3.564262866973877 98.12800598144531
v -368.34503173828125 2.682241201400757 97.57669067382812
v -368.3105773925781 2.686846971511841 96.99701690673828
v -368.2918701171875 1.8300271034240723 95.76167297363281
v -368.2918701171875 1.8300271034240723 95.76167297363281
v -368.3017883300781 2.2667574882507324 96.4172592163086
v -368.30206298828125 1.8340115547180176 96.43605041503906
v -368.3106384277344 2.259112596511841 97.00077056884766
v -368.3554382324219 3.107637882232666 98.14279174804688
v -364.5189208984375 1.1970016956329346 95.22320556640625
v -368.27630615234375 0.5541907548904419 94.73587036132812
v -365.0616760253906 0.5664771199226379 94.66183471679688
v -368.284912109375 0.9821150302886963 95.30435180664062
v -365.0813903808594 0.9935339093208313 95.23380279541016
v -368.284912109375 0.9821150302886963 95.30435180664062
v -364.4784240722656 0.5929827094078064 94.05484771728516
v -364.5537414550781 2.6897976398468018 97.55870056152344
v -364.55377197265625 2.6906533241271973 96.97695922851562
v -368.3105773925781 2.686846971511841 96.99701690673828
v -368.34503173828125 2.682241201400757 97.57669067382812
v -364.55377197265625 2.6906533241271973 96.97695922851562
v -364.5439147949219 2.2692160606384277 96.97077178955078
v -368.3106384277344 2.259112596511841 97.00077056884766
v -368.3105773925781 2.686846971511841 96.99701690673828
v -364.5634765625 3.1076366901397705 97.55411529541016
v -364.5537414550781 2.6897976398468018 97.55870056152344
v -368.34503173828125 2.682241201400757 97.57669067382812
v -368.6895446777344 -2.6482064723968506 89.65119934082031
v -368.785888671875 1.5123969316482544 96.00880432128906
v -368.7537841796875 0.22971510887145996 93.88960266113281
v -368.8180236816406 3.1076366901397705 98.12799835205078
v -368.7537841796875 0.45802760124206543 93.88960266113281
v -368.50860595703125 0.45802760124206543 93.88960266113281
v -368.785888671875 2.0111446380615234 96.00880432128906
v -368.7537841796875 0.45802760124206543 93.88960266113281
v -368.785888671875 2.0111446380615234 96.00880432128906
v -368.8180236816406 3.5642616748809814 98.12799835205078
v -368.3211975097656 3.1076371669769287 97.5766830444336
v -365.21661376953125 4.3869218826293945 95.24856567382812
v -365.22137451171875 3.329787492752075 95.19173431396484
v -365.21820068359375 4.668734550476074 96.1317138671875
v -365.2149963378906 4.105108737945557 94.36542510986328
v -365.2149963378906 5.218968391418457 95.54212951660156
v -371.48907470703125 0.5920782089233398 88.75346374511719
v -371.2015380859375 0.4788118898868561 85.60935974121094
v -371.2021179199219 0.5920769572257996 88.75346374511719
v -371.20269775390625 0.7053419947624207 91.89757537841797
v -371.1908874511719 0.7322614789009094 86.14049530029297
v -371.20269775390625 0.7053419947624207 91.89757537841797
v -371.2021179199219 0.5920769572257996 88.75346374511719
v -378.5041809082031 0.4788104295730591 97.57308197021484
v -378.4891052246094 0.8379052877426147 94.73532104492188
v -378.4869079589844 0.8379053473472595 96.16569519042969
v -378.4696350097656 1.19700026512146 94.75831604003906
v -378.4652404785156 1.197000503540039 97.61907196044922
v -371.2015380859375 0.4788118898868561 85.60935974121094
v -371.77435302734375 0.7053411602973938 91.89757537841797
v -371.77490234375 0.5920777916908264 88.75346374511719
v -371.7754211425781 0.4788144528865814 85.60935974121094
v -371.7801818847656 0.7395500540733337 86.1412124633789
v -371.7754211425781 0.4788144528865814 85.60935974121094
v -371.77490234375 0.5920777916908264 88.75346374511719
v -371.61541748046875 -2.196406364440918 97.77214050292969
v -371.04168701171875 -1.1210581064224243 97.80781555175781
v -370.67437744140625 -3.271754026412964 97.73645782470703
v -378.3167724609375 -2.196406602859497 85.55070495605469
v -378.42095947265625 -1.121054768562317 86.06998443603516
v -378.2125549316406 -3.2717583179473877 86.2074966430664
v -378.21258544921875 -3.2717583179473877 85.03141784667969
v -377.0663146972656 -3.271756172180176 99.0690689086914
v -373.9222412109375 -3.271754026412964 99.0690689086914
v -377.0663146972656 -3.2717556953430176 98.76372528076172
v -373.9222412109375 -3.271754503250122 98.76372528076172
v -371.7738342285156 0.837907075881958 94.73532104492188
v -371.7745666503906 0.9682496786117554 94.7757568359375
v -371.7732849121094 1.197003722190857 91.89756774902344
v -371.7758483886719 0.739495575428009 97.65394592285156
v -371.77716064453125 1.1970001459121704 97.6124267578125
v -378.42095947265625 -1.121054768562317 85.44538879394531
v -371.9148864746094 -1.1210581064224243 97.80781555175781
v -371.1899108886719 1.197002649307251 86.1827163696289
v -371.78546142578125 1.1970030069351196 86.1827163696289
v -371.5362854003906 1.1927292346954346 88.31329345703125
v -371.287109375 1.18845534324646 90.44387817382812
v -371.6688537597656 1.18845534324646 90.44387817382812
v -372.1891174316406 -3.271754741668701 97.73645782470703
v -371.4884338378906 0.592076301574707 94.7353286743164
v -371.7743835449219 0.4788104295730591 97.57308197021484
v -371.2025146484375 0.47881147265434265 97.57308197021484
v -364.5634460449219 8.50337028503418 100.21894073486328
v -365.2880554199219 8.503374099731445 100.21894073486328
v -365.0902404785156 9.004419326782227 98.2196044921875
v -378.5465087890625 1.1884560585021973 93.379150390625
v -378.4740295410156 1.1970001459121704 91.89756774902344
v -368.6895446777344 -2.6482064723968506 89.65119934082031
v -365.37042236328125 9.46163558959961 94.16311645507812
v -364.5634460449219 9.41761589050293 92.10611724853516
v -364.56317138671875 9.505654335021973 96.22010803222656
v -366.1776428222656 9.417617797851562 92.10611724853516
v -377.7657470703125 9.306615829467773 98.22286987304688
v -377.7508544921875 9.587367057800293 98.24583435058594
v -377.83563232421875 9.064874649047852 100.2648696899414
v -377.66607666015625 10.109859466552734 96.22679901123047
v -365.53900146484375 9.306612968444824 98.22286987304688
v -365.55389404296875 9.587364196777344 98.24583435058594
v -365.638671875 10.109856605529785 96.22679901123047
v -377.6877136230469 9.505471229553223 96.22027587890625
v -377.86541748046875 8.503371238708496 100.21894073486328
v -365.6170349121094 9.50546932220459 96.22027587890625
v -365.4393005371094 8.503369331359863 100.21894073486328
v -365.4690856933594 9.064872741699219 100.2648696899414
v -365.21820068359375 5.782593727111816 97.30841064453125
v -365.2149963378906 6.332827568054199 96.71882629394531
v -365.21978759765625 4.950547218322754 97.01486206054688
v -365.22137451171875 5.232359886169434 97.89800262451172
v -365.21929931640625 6.54641056060791 98.11451721191406
v -365.2225036621094 5.996176719665527 98.70410919189453
v -365.22467041015625 6.102968215942383 99.40196228027344
v -378.4786682128906 0.6558822989463806 86.13301086425781
v -378.44366455078125 0.5207818150520325 85.66820526123047
v -375.9930419921875 0.6501916646957397 85.90737915039062
v -373.5033874511719 0.7608642578125 86.14329528808594
v -373.5074157714844 0.6445009708404541 85.68174743652344
v -365.2236328125 6.759993553161621 99.51021575927734
v -374.7337341308594 -0.759073793888092 86.0629653930664
v -374.7914733886719 -0.2746190130710602 86.54191589355469
v -375.1926574707031 -0.7590740323066711 86.0629653930664
v -365.2322998046875 7.187159061431885 102.30160522460938
v -365.22796630859375 6.973576545715332 100.90591430664062
v -368.22906494140625 1.5832531452178955 94.27650451660156
v -368.2462463378906 1.7424248456954956 94.27650451660156
v -368.2691650390625 2.427129030227661 95.21110534667969
v -373.4864501953125 1.1970030069351196 86.1827163696289
v -373.4864807128906 1.1970024108886719 85.7365493774414
v -375.9774169921875 1.1970020532608032 85.95963287353516
v -378.4620056152344 1.1970021724700928 86.1827163696289
v -378.4684143066406 1.1970010995864868 85.7365493774414
v -373.4864501953125 1.1969999074935913 98.05859375
v -373.4864501953125 1.1970001459121704 97.6124267578125
v -375.97552490234375 1.1970001459121704 97.83551025390625
v -378.4645690917969 1.1970001459121704 98.05859375
v -378.4652404785156 1.197000503540039 97.61907196044922
v -366.44232177734375 3.107637882232666 97.8597412109375
v -364.5634765625 3.1076366901397705 97.55411529541016
v -368.3211975097656 3.1076371669769287 97.5766830444336
v -364.5634765625 3.107638359069824 98.1427993774414
v -368.3554382324219 3.107637882232666 98.14279174804688
v -366.2686462402344 -1.5535361766815186 91.54820251464844
v -368.2335205078125 -1.5715378522872925 91.91194152832031
v -364.3067932128906 -1.5353398323059082 91.74687957763672
v -368.2304992675781 -1.5717324018478394 91.34952545166016
v -364.3072509765625 -1.530791997909546 91.15909576416016
v -368.2486877441406 2.2679569721221924 95.21110534667969
v -368.28924560546875 3.0835790634155273 96.07366180419922
v -373.4864501953125 1.1970001459121704 97.6124267578125
v -373.5033874511719 0.7608638405799866 97.65184783935547
v -375.98431396484375 0.9789321422576904 97.63545989990234
v -365.0809631347656 0.9804328083992004 94.64743041992188
v -365.0910949707031 1.1968777179718018 94.91651916503906
v -365.0875244140625 1.1970030069351196 91.89756774902344
v -365.0910949707031 1.1968777179718018 94.91651916503906
v -364.9433288574219 1.1884552240371704 93.379150390625
v -365.0875244140625 1.1970030069351196 91.89756774902344
v -364.57757568359375 7.187159061431885 102.30160522460938
v -365.62286376953125 5.379048824310303 102.25250244140625
v -365.2322998046875 7.187159061431885 102.30160522460938
v -365.2880554199219 8.503374099731445 100.21894073486328
v -365.2322998046875 7.187159061431885 102.30160522460938
v -365.4393005371094 8.503369331359863 100.21894073486328
v -365.6170349121094 9.50546932220459 96.22027587890625
v -378.4652404785156 1.197000503540039 97.61907196044922
v -375.9993896484375 0.6992025375366211 97.66612243652344
v -368.27008056640625 2.9244072437286377 96.07366180419922
v -368.3100891113281 3.739837646484375 96.9867935180664
v -378.2125549316406 -3.2717583179473877 86.2074966430664
v -378.854248046875 -1.121054768562317 86.06998443603516
v -378.90533447265625 -2.196406364440918 86.13874053955078
v -364.5523986816406 4.105108737945557 94.36542510986328
v -364.5634765625 3.1076390743255615 93.63054656982422
v -365.1051025390625 2.616582155227661 93.30782318115234
v -364.5441589355469 2.1875178813934326 94.16691589355469
v -364.5634765625 3.1076385974884033 95.02340698242188
v -365.22137451171875 3.329787492752075 95.19173431396484
v -378.9563903808594 -3.2717583179473877 86.2074966430664
v -368.2922668457031 3.5806660652160645 96.9867935180664
v -368.3615417480469 4.329886436462402 97.76249694824219
v -365.10211181640625 2.374887228012085 89.66878509521484
v -365.1585693359375 3.277374267578125 89.57980346679688
v -365.2181701660156 3.107640266418457 88.4881820678711
v -368.34857177734375 4.170714855194092 97.76250457763672
v -365.2149963378906 4.179861545562744 89.49082946777344
v -364.5188903808594 1.1970001459121704 94.92141723632812
v -365.0875244140625 1.1970022916793823 95.23426818847656
v -364.943359375 1.1884552240371704 92.62046813964844
v -364.5235595703125 1.1884552240371704 92.62046813964844
v -368.4010009765625 4.489096641540527 98.7724380493164
v -364.5634765625 3.107640266418457 90.30230712890625
v -365.1051025390625 2.786993980407715 90.52505493164062
v -364.568603515625 2.7869951725006104 90.52506256103516
v -368.39129638671875 4.329925537109375 98.7724380493164
v -364.5189208984375 1.1970020532608032 91.22168731689453
v -364.9433288574219 1.1884549856185913 91.20255279541016
v -364.5189208984375 1.197001576423645 91.89756774902344
v -364.9433288574219 1.18845534324646 90.44387817382812
v -368.589599609375 1.5832531452178955 94.27650451660156
v -368.5779724121094 2.2679569721221924 95.21110534667969
v -368.5658264160156 2.427129030227661 95.21110534667969
v -368.5710754394531 1.7424248456954956 94.27650451660156
v -368.64874267578125 2.9244072437286377 96.07366180419922
v -368.6304016113281 3.0835790634155273 96.07366180419922
v -371.7793273925781 2.3748860359191895 89.66878509521484
v -371.84368896484375 3.2437610626220703 89.55366516113281
v -371.9298400878906 3.1076407432556152 88.4881820678711
v -371.9080505371094 4.112636089324951 89.43853759765625
v -371.775390625 2.786993980407715 90.52505493164062
v -378.208984375 7.187159061431885 102.30160522460938
v -377.8572998046875 7.187160968780518 102.30160522460938
v -377.681884765625 5.379051208496094 102.25250244140625
v -378.208984375 7.187159061431885 102.30160522460938
v -377.86541748046875 8.503371238708496 100.21894073486328
v -377.8572998046875 7.187160968780518 102.30160522460938
v -378.65625 3.1076390743255615 95.01385498046875
v -378.1980895996094 3.329787492752075 95.19173431396484
v -378.6432189941406 3.3131539821624756 95.20187377929688
v -378.6562805175781 3.1076395511627197 93.64554595947266
v -378.3364562988281 2.6165831089019775 93.30782318115234
v -378.6672668457031 2.616582155227661 93.30782318115234
v -371.0028381347656 4.104437351226807 89.4307861328125
v -371.0848083496094 3.2396621704101562 89.54978942871094
v -371.0302429199219 3.1076407432556152 88.4881820678711
v -371.1667785644531 2.374887228012085 89.66878509521484
v -371.1620178222656 2.7869932651519775 90.52505493164062
v -368.6511535644531 3.5806660652160645 96.9867935180664
v -368.6334533691406 3.739837646484375 96.9867935180664
v -378.2530517578125 3.2275404930114746 89.5555648803711
v -378.208984375 3.10764217376709 88.4881820678711
v -378.1473388671875 4.08019495010376 89.44234466552734
v -378.3587951660156 2.3748860359191895 89.66878509521484
v -378.3364562988281 2.7869927883148193 90.52505493164062
v -378.5465087890625 1.1884552240371704 92.62046813964844
v -378.7619934082031 1.1884539127349854 92.62046813964844
v -378.75543212890625 1.1970010995864868 91.89756774902344
v -378.65625 3.107640504837036 90.26709747314453
v -378.3364562988281 2.7869927883148193 90.52505493164062
v -364.5189208984375 1.1970024108886719 90.4662857055664
v -364.8009033203125 1.1970031261444092 88.32450103759766
v -365.0828857421875 1.197003722190857 86.1827163696289
v -364.5189208984375 1.1970036029815674 88.1014175415039
v -368.7041931152344 4.170714855194092 97.76249694824219
v -368.6819152832031 4.329886436462402 97.76249694824219
v -378.4620056152344 1.1970021724700928 86.1827163696289
v -378.7619934082031 1.1884547472000122 90.44387817382812
v -378.5465087890625 1.188454270362854 90.44387817382812
v -378.5617980957031 1.1927282810211182 91.20787048339844
v -378.7586975097656 1.19272780418396 91.20747375488281
v -368.7205810546875 4.329925537109375 98.7724380493164
v -368.6976623535156 4.489096641540527 98.7724380493164
v -368.22906494140625 1.5832531452178955 94.27650451660156
v -368.2486877441406 2.2679569721221924 95.21110534667969
v -368.5779724121094 2.2679569721221924 95.21110534667969
v -368.589599609375 1.5832531452178955 94.27650451660156
v -368.27008056640625 2.9244072437286377 96.07366180419922
v -368.64874267578125 2.9244072437286377 96.07366180419922
v -368.2922668457031 3.5806660652160645 96.9867935180664
v -368.6511535644531 3.5806660652160645 96.9867935180664
v -368.34857177734375 4.170714855194092 97.76250457763672
v -368.7041931152344 4.170714855194092 97.76249694824219
v -371.7732849121094 1.197003722190857 91.89756774902344
v -371.6688537597656 1.1884549856185913 91.20255279541016
v -371.287109375 1.1884549856185913 91.20255279541016
v -371.20416259765625 1.197003722190857 91.89756774902344
v -368.39129638671875 4.329925537109375 98.7724380493164
v -368.7205810546875 4.329925537109375 98.7724380493164
v -365.0577087402344 0.7053424119949341 91.89757537841797
v -364.5057678222656 0.7053424119949341 91.89757537841797
v -364.4784240722656 0.5929827094078064 94.05484771728516
v -365.06085205078125 0.5842710137367249 94.07086944580078
v -365.0616760253906 0.5664771199226379 94.66183471679688
v -365.06085205078125 0.5842710137367249 94.07086944580078
v -365.0813903808594 0.9935339093208313 95.23380279541016
v -365.0875244140625 1.1970022916793823 95.23426818847656
v -364.5189208984375 1.1970016956329346 95.22320556640625
v -364.5235595703125 1.1884552240371704 93.379150390625
v -373.7912902832031 0.6229529976844788 98.1225357055664
v -376.75836181640625 0.9627645611763 98.07279205322266
v -376.7867736816406 0.5306103825569153 98.1422348022461
v -378.49542236328125 0.6375412344932556 97.68038940429688
v -373.7912902832031 0.6229529976844788 98.1225357055664
v -376.7867736816406 0.5306103825569153 98.1422348022461
v -373.78143310546875 0.9493228197097778 98.06942749023438
v -378.4513244628906 0.4922336935997009 98.1471176147461
v -364.89947509765625 6.209759712219238 100.09980773925781
v -365.2322998046875 7.187159061431885 102.30160522460938
v -365.22137451171875 5.232359886169434 97.89800262451172
v -364.57757568359375 7.187159061431885 102.30160522460938
v -368.4010009765625 4.489096641540527 98.7724380493164
v -368.3615417480469 4.329886436462402 97.76249694824219
v -368.6819152832031 4.329886436462402 97.76249694824219
v -368.6976623535156 4.489096641540527 98.7724380493164
v -368.3100891113281 3.739837646484375 96.9867935180664
v -368.6334533691406 3.739837646484375 96.9867935180664
v -371.2010498046875 0.7323856353759766 97.6546401977539
v -368.97943115234375 0.6997509002685547 97.66693878173828
v -368.986572265625 0.5902019143104553 98.14827728271484
v -371.1996154785156 1.196999192237854 97.6124267578125
v -368.96337890625 1.192665696144104 97.62027740478516
v -368.97943115234375 0.6997509002685547 97.66693878173828
v -371.1988830566406 1.1969999074935913 98.05860137939453
v -368.96337890625 1.192665696144104 97.62027740478516
v -371.1996154785156 1.196999192237854 97.6124267578125
v -371.80584716796875 0.6275855302810669 98.1280288696289
v -373.5033874511719 0.7608638405799866 97.65184783935547
v -371.7758483886719 0.739495575428009 97.65394592285156
v -371.1758728027344 0.6108180284500122 98.13343811035156
v -371.7758483886719 0.739495575428009 97.65394592285156
v -371.77716064453125 1.1970001459121704 97.6124267578125
v -371.2010498046875 0.7323856353759766 97.6546401977539
v -371.77716064453125 1.1970001459121704 97.6124267578125
v -371.77587890625 1.1970001459121704 98.05860137939453
v -375.9774475097656 1.1970016956329346 85.7365493774414
v -371.78570556640625 0.6192238926887512 85.67898559570312
v -371.7801818847656 0.7395500540733337 86.1412124633789
v -373.4864501953125 1.1970030069351196 86.1827163696289
v -373.5033874511719 0.7608642578125 86.14329528808594
v -371.7801818847656 0.7395500540733337 86.1412124633789
v -371.78546142578125 1.1970030069351196 86.1827163696289
v -371.78546142578125 1.1970030069351196 86.1827163696289
v -368.28924560546875 3.0835790634155273 96.07366180419922
v -368.6304016113281 3.0835790634155273 96.07366180419922
v -368.2691650390625 2.427129030227661 95.21110534667969
v -368.5658264160156 2.427129030227661 95.21110534667969
v -368.2462463378906 1.7424248456954956 94.27650451660156
v -368.5710754394531 1.7424248456954956 94.27650451660156
v -371.7834777832031 1.1970024108886719 85.7365493774414
v -364.56671142578125 5.232359886169434 97.89800262451172
v -378.49505615234375 0.6806125640869141 89.01528930664062
v -378.4786682128906 0.6558822989463806 86.13301086425781
v -378.5041809082031 0.4788135886192322 86.41922760009766
v -378.51141357421875 0.7053428292274475 91.89757537841797
v -378.208984375 7.187159061431885 102.30160522460938
v -378.65625 5.689666748046875 99.02378845214844
v -378.6562805175781 5.190502643585205 97.93118286132812
v -373.49981689453125 0.6476749777793884 98.11808013916016
v -365.08074951171875 0.6566870212554932 86.13308715820312
v -365.1097717285156 0.5212116241455078 85.66825866699219
v -365.1157531738281 -1.12105393409729 85.44538879394531
v -378.65625 6.188831329345703 100.11639404296875
v -365.0658264160156 0.47881487011909485 86.41923522949219
v -364.49737548828125 0.478814035654068 86.41923522949219
v -364.7857971191406 0.5920786261558533 89.15840148925781
v -371.2010498046875 0.7323856353759766 97.6546401977539
v -371.2025146484375 0.47881147265434265 97.57308197021484
v -371.1758728027344 0.6108180284500122 98.13343811035156
v -371.2025146484375 0.47881147265434265 97.57308197021484
v -371.2010498046875 0.7323856353759766 97.6546401977539
v -371.7743835449219 0.4788104295730591 97.57308197021484
v -371.8783874511719 -1.088836669921875 98.39816284179688
v -371.80584716796875 0.6275855302810669 98.1280288696289
v -365.2880554199219 8.503374099731445 100.21894073486328
v -364.5634460449219 8.50337028503418 100.21894073486328
v -364.562255859375 7.4354143142700195 98.45499420166016
v -371.1996154785156 1.196999192237854 97.6124267578125
v -371.77716064453125 1.1970001459121704 97.6124267578125
v -371.1988830566406 1.1969999074935913 98.05860137939453
v -365.0828857421875 1.197003722190857 86.1827163696289
v -365.08074951171875 0.6566870212554932 86.13308715820312
v -365.0692138671875 0.6810147166252136 89.01533508300781
v -365.0658264160156 0.47881487011909485 86.41923522949219
v -371.1925048828125 0.6105145215988159 85.67803192138672
v -378.65625 9.00442123413086 98.2196044921875
v -378.65625 9.50546932220459 96.22027587890625
v -378.2095031738281 8.503372192382812 100.21894073486328
v -378.65625 8.503372192382812 100.21894073486328
v -371.78570556640625 0.6192238926887512 85.67898559570312
v -371.20465087890625 1.1970024108886719 85.7365493774414
v -378.49542236328125 0.6375412344932556 97.68038940429688
v -378.4513244628906 0.4922336935997009 98.1471176147461
v -378.42095947265625 -1.1210577487945557 98.34976196289062
v -378.49542236328125 0.6375412344932556 97.68038940429688
v -378.75543212890625 1.1970001459121704 98.05859375
v -378.4645690917969 1.1970001459121704 98.05859375
v -378.5041809082031 0.4788135886192322 86.41922760009766
v -378.44366455078125 0.5207818150520325 85.66820526123047
v -378.4786682128906 0.6558822989463806 86.13301086425781
v -368.1963195800781 -1.045031189918518 90.71566772460938
v -368.2177429199219 -0.8858596086502075 90.71566772460938
v -368.23486328125 -0.23948808014392853 91.6047134399414
v -378.4684143066406 1.1970010995864868 85.7365493774414
v -378.75543212890625 1.197001576423645 85.7365493774414
v -368.2143859863281 -0.3986600339412689 91.6047134399414
v -368.7537841796875 -0.08284282684326172 93.88960266113281
v -368.255126953125 0.41991376876831055 92.48495483398438
v -368.2359619140625 0.26074230670928955 92.48495483398438
v -368.27581787109375 1.0735145807266235 93.38361358642578
v -378.65625 7.414339065551758 98.47087860107422
v -378.65625 8.503372192382812 100.21894073486328
v -368.25799560546875 0.9143427610397339 93.38361358642578
v -368.5617980957031 -1.045031189918518 90.71566772460938
v -368.54364013671875 -0.3986600339412689 91.6047134399414
v -368.531494140625 -0.23948808014392853 91.6047134399414
v -364.56317138671875 9.505654335021973 96.22010803222656
v -364.56329345703125 9.004512786865234 98.21952819824219
v -368.5470275878906 -0.8858596086502075 90.71566772460938
v -368.6146240234375 0.26074230670928955 92.48495483398438
v -368.59625244140625 0.41991376876831055 92.48495483398438
v -365.2149963378906 6.332827568054199 96.71882629394531
v -364.56109619140625 6.367457866668701 96.69104766845703
v -368.61688232421875 0.9143427610397339 93.38361358642578
v -368.5991516113281 1.0735145807266235 93.38361358642578
v -378.1980895996094 5.232359886169434 97.89800262451172
v -378.60137939453125 4.109629154205322 94.34663391113281
v -368.1963195800781 -1.045031189918518 90.71566772460938
v -368.2143859863281 -0.3986600339412689 91.6047134399414
v -368.54364013671875 -0.3986600339412689 91.6047134399414
v -368.5617980957031 -1.045031189918518 90.71566772460938
v -368.2359619140625 0.26074230670928955 92.48495483398438
v -368.6146240234375 0.26074230670928955 92.48495483398438
v -365.638671875 10.109856605529785 96.22679901123047
v -366.19927978515625 10.28217887878418 92.3907470703125
v -366.1776428222656 9.417617797851562 92.10611724853516
v -365.44744873046875 7.187159061431885 102.30160522460938
v -365.44744873046875 7.187159061431885 102.30160522460938
v -365.4690856933594 7.65045690536499 103.08141326904297
v -365.4690856933594 9.064872741699219 100.2648696899414
v -368.3106384277344 2.259112596511841 97.00077056884766
v -364.5342712402344 1.8550878763198853 96.39187622070312
v -378.20355224609375 6.209759712219238 100.09980773925781
v -368.25799560546875 0.9143427610397339 93.38361358642578
v -364.5634460449219 5.379047393798828 102.25250244140625
v -364.5634460449219 5.379047393798828 102.25250244140625
v -366.27496337890625 3.1076388359069824 101.57351684570312
v -365.62286376953125 5.379048824310303 102.25250244140625
v -364.5634460449219 3.1076385974884033 101.57351684570312
v -365.44744873046875 7.187159061431885 102.30160522460938
v -365.62286376953125 5.379047870635986 102.78053283691406
v -365.4690856933594 7.65045690536499 103.08141326904297
v -366.27496337890625 3.1076388359069824 102.47964477539062
v -365.62286376953125 5.379047870635986 102.78053283691406
v -366.27496337890625 3.1076388359069824 102.47964477539062
v -365.62286376953125 5.379048824310303 102.25250244140625
v -366.27496337890625 3.1076388359069824 101.57351684570312
v -368.61688232421875 0.9143427610397339 93.38361358642578
v -368.27581787109375 1.0735145807266235 93.38361358642578
v -368.5991516113281 1.0735145807266235 93.38361358642578
v -377.10546875 10.282182693481445 92.39073944091797
v -377.1271057128906 9.417620658874512 92.10611724853516
v -377.8572998046875 7.187160968780518 102.30160522460938
v -377.83563232421875 7.650458335876465 103.08141326904297
v -377.6877136230469 9.505471229553223 96.22027587890625
v -368.255126953125 0.41991376876831055 92.48495483398438
v -368.59625244140625 0.41991376876831055 92.48495483398438
v -378.65625 5.379050254821777 102.25250244140625
v -378.65625 7.187160015106201 102.30160522460938
v -377.0297546386719 3.10764217376709 101.57351684570312
v -378.65625 3.1076412200927734 101.57351684570312
v -377.8572998046875 7.187160968780518 102.30160522460938
v -377.83563232421875 7.650458335876465 103.08141326904297
v -377.681884765625 5.379050254821777 102.78053283691406
v -377.681884765625 5.379051208496094 102.25250244140625
v -377.0297546386719 3.10764217376709 102.47964477539062
v -377.0297546386719 3.10764217376709 101.57351684570312
v -364.5189208984375 1.1970024108886719 90.4662857055664
v -365.10211181640625 2.374887228012085 89.66878509521484
v -364.5672912597656 2.3748881816864014 89.66879272460938
v -364.9433288574219 1.18845534324646 90.44387817382812
v -364.5672912597656 2.3748881816864014 89.66879272460938
v -364.5634765625 3.107640504837036 88.4881820678711
v -365.10211181640625 2.374887228012085 89.66878509521484
v -364.5523986816406 4.179858684539795 89.49082946777344
v -365.2149963378906 4.179861545562744 89.49082946777344
v -364.568603515625 2.7869951725006104 90.52506256103516
v -364.9433288574219 1.1884549856185913 91.20255279541016
v -364.5189208984375 1.1970020532608032 91.22168731689453
v -365.1051025390625 2.786993980407715 90.52505493164062
v -368.23486328125 -0.23948808014392853 91.6047134399414
v -368.531494140625 -0.23948808014392853 91.6047134399414
v -365.1051025390625 2.786993980407715 90.52505493164062
v -364.9433288574219 1.18845534324646 90.44387817382812
v -364.5235595703125 1.1884552240371704 93.379150390625
v -365.10211181640625 2.2044737339019775 94.16455078125
v -364.9433288574219 1.1884552240371704 93.379150390625
v -364.56671142578125 3.329787492752075 95.19173431396484
v -364.5555419921875 2.611243486404419 93.28166961669922
v -365.2149963378906 4.105108737945557 94.36542510986328
v -364.5235595703125 1.1884552240371704 92.62046813964844
v -364.943359375 1.1884552240371704 92.62046813964844
v -365.1051025390625 2.616582155227661 93.30782318115234
v -365.10211181640625 2.2044737339019775 94.16455078125
v -364.943359375 1.1884552240371704 92.62046813964844
v -364.9433288574219 1.1884552240371704 93.379150390625
v -371.287109375 1.18845534324646 90.44387817382812
v -371.7793273925781 2.3748860359191895 89.66878509521484
v -371.6688537597656 1.18845534324646 90.44387817382812
v -371.1667785644531 2.374887228012085 89.66878509521484
v -371.0302429199219 3.1076407432556152 88.4881820678711
v -371.7793273925781 2.3748860359191895 89.66878509521484
v -371.0028381347656 4.104437351226807 89.4307861328125
v -371.1620178222656 2.7869932651519775 90.52505493164062
v -371.9080505371094 4.112636089324951 89.43853759765625
v -371.6688537597656 1.1884549856185913 91.20255279541016
v -371.287109375 1.1884549856185913 91.20255279541016
v -371.775390625 2.786993980407715 90.52505493164062
v -368.2177429199219 -0.8858596086502075 90.71566772460938
v -368.5470275878906 -0.8858596086502075 90.71566772460938
v -378.209228515625 7.8452653884887695 101.26026916503906
v -378.208984375 7.187159061431885 102.30160522460938
v -378.20355224609375 6.209759712219238 100.09980773925781
v -371.287109375 1.18845534324646 90.44387817382812
v -371.287109375 1.1884549856185913 91.20255279541016
v -378.209228515625 7.8452653884887695 101.26026916503906
v -371.775390625 2.786993980407715 90.52505493164062
v -371.6688537597656 1.18845534324646 90.44387817382812
v -378.7619934082031 1.1884547472000122 90.44387817382812
v -378.6957092285156 2.3701319694519043 89.6494369506836
v -378.3587951660156 2.3748860359191895 89.66878509521484
v -378.5465087890625 1.188454270362854 90.44387817382812
v -378.6957092285156 2.3701319694519043 89.6494369506836
v -378.6562805175781 3.1076409816741943 88.4881820678711
v -378.3587951660156 2.3748860359191895 89.66878509521484
v -378.6720886230469 2.80257511138916 90.54438018798828
v -378.5928955078125 4.1053900718688965 89.43167877197266
v -378.6720886230469 2.80257511138916 90.54438018798828
v -378.7586975097656 1.19272780418396 91.20747375488281
v -378.5617980957031 1.1927282810211182 91.20787048339844
v -378.3364562988281 2.7869927883148193 90.52505493164062
v -378.20379638671875 6.867866039276123 99.0584716796875
v -378.1729736328125 7.4180989265441895 98.46888732910156
v -378.2095031738281 8.503372192382812 100.21894073486328
v -378.5617980957031 1.1927282810211182 91.20787048339844
v -378.5465087890625 1.188454270362854 90.44387817382812
v -378.7619934082031 1.1884560585021973 93.379150390625
v -378.3587951660156 2.2044756412506104 94.16455078125
v -378.6897888183594 2.2044756412506104 94.16455078125
v -378.5465087890625 1.1884560585021973 93.379150390625
v -378.5465087890625 1.1884552240371704 92.62046813964844
v -378.7619934082031 1.1884539127349854 92.62046813964844
v -378.3587951660156 2.2044756412506104 94.16455078125
v -378.3364562988281 2.6165831089019775 93.30782318115234
v -378.5465087890625 1.1884560585021973 93.379150390625
v -368.1877136230469 -1.7003568410873413 89.8132095336914
v -368.2091369628906 -1.5411850214004517 89.8132095336914
v -378.785888671875 0.4788104295730591 97.57308197021484
v -368.5384216308594 -1.5411850214004517 89.8132095336914
v -368.55322265625 -1.7003568410873413 89.8132095336914
v -368.55322265625 -1.7003568410873413 89.8132095336914
v -368.1877136230469 -1.7003568410873413 89.8132095336914
v -378.7763366699219 0.7053424119949341 91.89757537841797
v -378.5041809082031 0.4788135886192322 86.41922760009766
v -378.785888671875 0.4788104295730591 97.57308197021484
v -378.5041809082031 0.4788104295730591 97.57308197021484
v -378.42095947265625 -1.1210577487945557 97.80781555175781
v -378.854248046875 -1.1210577487945557 97.80781555175781
v -378.2125549316406 -3.271759510040283 97.73646545410156
v -378.9563903808594 -3.271759510040283 97.73646545410156
v -378.5041809082031 0.4788104295730591 97.57308197021484
v -378.42095947265625 -1.1210577487945557 97.80781555175781
v -378.2125549316406 -3.271759510040283 98.76372528076172
v -378.2125549316406 -3.271759510040283 97.73646545410156
v -378.785888671875 0.47881487011909485 86.41922760009766
v -378.42095947265625 -1.121054768562317 86.06998443603516
v -378.5041809082031 0.4788135886192322 86.41922760009766
v -375.97552490234375 1.1970000267028809 98.05859375
v -368.2091369628906 -1.5411850214004517 89.8132095336914
v -368.5384216308594 -1.5411850214004517 89.8132095336914
v -365.2880554199219 8.503374099731445 100.21894073486328
v -371.04718017578125 -1.1192296743392944 98.40184020996094
v -371.04168701171875 -1.1210581064224243 97.80781555175781
v -370.65679931640625 -3.271754026412964 98.76372528076172
v -370.67437744140625 -3.271754026412964 97.73645782470703
v -371.2025146484375 0.47881147265434265 97.57308197021484
v -371.7743835449219 0.4788104295730591 97.57308197021484
v -368.1954345703125 -1.8165225982666016 89.4967269897461
v -368.2061462402344 -1.6573511362075806 89.4967269897461
v -371.7758483886719 0.739495575428009 97.65394592285156
v -371.9148864746094 -1.1210581064224243 97.80781555175781
v -372.1891174316406 -3.271754026412964 98.76372528076172
v -372.1891174316406 -3.271754741668701 97.73645782470703
v -371.77587890625 1.1970001459121704 98.05860137939453
v -371.7834777832031 1.1970024108886719 85.7365493774414
v -368.535400390625 -1.6573511362075806 89.4967269897461
v -368.5428161621094 -1.8165225982666016 89.4967269897461
v -368.5428161621094 -1.8165225982666016 89.4967269897461
v -368.1954345703125 -1.8165225982666016 89.4967269897461
v -378.7811279296875 0.5920764207839966 94.7353286743164
v -378.75872802734375 1.192728042602539 95.7188720703125
v -378.7619934082031 1.1884560585021973 93.379150390625
v -364.5189208984375 1.197004795074463 85.7365493774414
v -365.087158203125 1.19700288772583 85.7365493774414
v -368.2061462402344 -1.6573511362075806 89.4967269897461
v -368.535400390625 -1.6573511362075806 89.4967269897461
v -364.49737548828125 0.478814035654068 86.41923522949219
v -365.0658264160156 0.47881487011909485 86.41923522949219
v -365.1157531738281 -1.1210542917251587 86.06998443603516
v -364.3913269042969 -1.12105393409729 86.06998443603516
v -365.1790771484375 -3.2717578411102295 86.2074966430664
v -364.1099548339844 -3.2717578411102295 86.2074966430664
v -365.0658264160156 0.47881487011909485 86.41923522949219
v -365.1157531738281 -1.1210542917251587 86.06998443603516
v -365.1790771484375 -3.2717578411102295 85.03141784667969
v -365.1790771484375 -3.2717578411102295 86.2074966430664
v -375.1335754394531 -0.27461856603622437 86.54191589355469
v -374.6730651855469 -1.075847864151001 85.43865203857422
v -375.2479553222656 -1.075847864151001 85.43864440917969
v -378.2095031738281 8.503372192382812 100.21894073486328
v -378.1729736328125 7.4180989265441895 98.46888732910156
v -373.396240234375 -0.7590740323066711 86.0629653930664
v -373.4515686035156 -1.075847864151001 85.43864440917969
v -372.93731689453125 -0.759073793888092 86.0629653930664
v -377.1271057128906 9.417620658874512 92.10611724853516
v -377.89166259765625 9.46154499053955 94.16319274902344
v -378.65625 9.417619705200195 92.10610961914062
v -372.87664794921875 -1.075847864151001 85.43865203857422
v -378.75872802734375 1.1927281618118286 88.0902099609375
v -368.13531494140625 0.9268448352813721 86.15789794921875
v -365.0828857421875 1.197003722190857 86.1827163696289
v -371.1899108886719 1.197002649307251 86.1827163696289
v -364.5015869140625 0.5920782089233398 89.15840148925781
v -364.56671142578125 4.281073570251465 96.54486846923828
v -365.08074951171875 0.6566870212554932 86.13308715820312
v -378.7811279296875 0.5920786261558533 89.15840148925781
v -378.785888671875 0.47881487011909485 86.41922760009766
v -376.36627197265625 -0.759073793888092 86.0629653930664
v -376.4239807128906 -0.2746190130710602 86.54191589355469
v -376.8251953125 -0.7590740323066711 86.0629653930664
v -373.78729248046875 4.090941905975342 98.73475646972656
v -373.78729248046875 4.202083110809326 98.7175521850586
v -374.721923828125 4.19180965423584 98.69464874267578
v -374.721923828125 4.082059860229492 98.71512603759766
v -375.58447265625 4.198138236999512 98.67455291748047
v -375.58447265625 4.08642053604126 98.69371795654297
v -375.97552490234375 0.5826413631439209 85.67497253417969
v -376.49761962890625 4.178263187408447 98.65371704101562
v -376.49761962890625 4.068324565887451 98.67154693603516
v -377.2733154296875 4.156824111938477 98.60225677490234
v -364.5721435546875 6.209759712219238 100.09980773925781
v -377.2733154296875 4.046454906463623 98.615234375
v -373.78729248046875 4.091439247131348 98.37420654296875
v -374.721923828125 4.06249475479126 98.38585662841797
v -374.721923828125 4.173536777496338 98.39801025390625
v -378.65625 7.187160015106201 102.30160522460938
v -378.65625 6.687995910644531 101.20899963378906
v -373.78729248046875 4.202865123748779 98.39273834228516
v -375.58447265625 4.084794998168945 98.3150634765625
v -375.58447265625 4.193899154663086 98.33341979980469
v -376.49761962890625 4.073586463928223 98.3126449584961
v -376.49761962890625 4.182859897613525 98.33038330078125
v -377.2733154296875 4.042266845703125 98.2596206665039
v -377.2733154296875 4.153475761413574 98.2818832397461
v -373.78729248046875 4.090941905975342 98.73475646972656
v -374.721923828125 4.082059860229492 98.71512603759766
v -374.721923828125 4.06249475479126 98.38585662841797
v -373.78729248046875 4.091439247131348 98.37420654296875
v -375.58447265625 4.08642053604126 98.69371795654297
v -375.58447265625 4.084794998168945 98.3150634765625
v -376.49761962890625 4.068324565887451 98.67154693603516
v -376.49761962890625 4.073586463928223 98.3126449584961
v -377.2733154296875 4.046454906463623 98.615234375
v -377.2733154296875 4.042266845703125 98.2596206665039
v -377.2733154296875 4.156824111938477 98.60225677490234
v -376.49761962890625 4.178263187408447 98.65371704101562
v -376.49761962890625 4.182859897613525 98.33038330078125
v -377.2733154296875 4.153475761413574 98.2818832397461
v -375.58447265625 4.198138236999512 98.67455291748047
v -375.58447265625 4.193899154663086 98.33341979980469
v -374.721923828125 4.19180965423584 98.69464874267578
v -374.721923828125 4.173536777496338 98.39801025390625
v -373.78729248046875 4.202083110809326 98.7175521850586
v -373.78729248046875 4.202865123748779 98.39273834228516
v -365.1097717285156 0.5212116241455078 85.66825866699219
v -365.08074951171875 0.6566870212554932 86.13308715820312
v -368.13580322265625 0.6944742202758789 86.13679504394531
v -376.76611328125 -0.27461856603622437 86.54191589355469
v -371.1908874511719 0.7322614789009094 86.14049530029297
v -368.13580322265625 0.6944742202758789 86.13679504394531
v -368.15032958984375 0.6267365217208862 85.90437316894531
v -371.1925048828125 0.6105145215988159 85.67803192138672
v -371.1908874511719 0.7322614789009094 86.14049530029297
v -378.2008056640625 5.721059799194336 98.9989013671875
v -368.6895446777344 -3.273322582244873 89.65120697021484
v -368.7216796875 -1.6780827045440674 91.77040100097656
v -378.2008056640625 5.721059799194336 98.9989013671875
v -378.1980895996094 5.232359886169434 97.89800262451172
v -378.20654296875 7.356565952301025 100.15937805175781
v -378.185546875 6.325229644775391 98.18344116210938
v -370.2264709472656 4.101315975189209 98.76750183105469
v -370.2264709472656 4.213717937469482 98.7460708618164
v -371.11553955078125 4.201014995574951 98.72894287109375
v -373.337158203125 -0.27461856603622437 86.54191589355469
v -372.99505615234375 -0.2746190130710602 86.54192352294922
v -371.11553955078125 4.091228008270264 98.74942779541016
v -371.9957580566406 4.22061014175415 98.70867919921875
v -371.9957580566406 4.109255313873291 98.72785186767578
v -372.8944396972656 4.211582660675049 98.68798065185547
v -372.8944396972656 4.100535869598389 98.705810546875
v -370.2264709472656 4.137235164642334 98.40201568603516
v -371.11553955078125 4.092445373535156 98.42015075683594
v -371.11553955078125 4.2031731605529785 98.43230438232422
v -370.2264709472656 4.248054504394531 98.41680145263672
v -371.9957580566406 4.0987548828125 98.34918975830078
v -371.9957580566406 4.208433628082275 98.36754608154297
v -372.8944396972656 4.1014933586120605 98.34690856933594
v -372.8944396972656 4.212246417999268 98.3646469116211
v -370.2264709472656 4.101315975189209 98.76750183105469
v -371.11553955078125 4.091228008270264 98.74942779541016
v -371.11553955078125 4.092445373535156 98.42015075683594
v -370.2264709472656 4.137235164642334 98.40201568603516
v -371.9957580566406 4.109255313873291 98.72785186767578
v -371.9957580566406 4.0987548828125 98.34918975830078
v -372.8944396972656 4.100535869598389 98.705810546875
v -372.8944396972656 4.1014933586120605 98.34690856933594
v -378.7603759765625 1.1905914545059204 89.26704406738281
v -378.1980895996094 4.281073570251465 96.54486846923828
v -378.1980895996094 4.281073570251465 96.54486846923828
v -378.18267822265625 5.031833171844482 96.9266357421875
v -365.2149963378906 5.218968391418457 95.54212951660156
v -372.8944396972656 4.211582660675049 98.68798065185547
v -372.8944396972656 4.212246417999268 98.3646469116211
v -371.6461486816406 -0.7105898261070251 86.06950378417969
v -371.7018127441406 -1.027363657951355 85.4461898803711
v -371.188232421875 -0.7105900645256042 86.06950378417969
v -371.12811279296875 -1.027363657951355 85.4461898803711
v -371.5831604003906 -0.2261343002319336 86.54747772216797
v -371.24188232421875 -0.2261343002319336 86.54747009277344
v -371.9957580566406 4.22061014175415 98.70867919921875
v -371.9957580566406 4.208433628082275 98.36754608154297
v -371.11553955078125 4.201014995574951 98.72894287109375
v -371.11553955078125 4.2031731605529785 98.43230438232422
v -370.2264709472656 4.213717937469482 98.7460708618164
v -370.2264709472656 4.248054504394531 98.41680145263672
v -377.2229309082031 1.1970014572143555 85.7365493774414
v -368.3539123535156 -1.0950894355773926 91.77040100097656
v -368.19921875 -2.6482064723968506 89.65119934082031
v -369.32403564453125 4.09609317779541 98.77608489990234
v -369.32403564453125 4.209820747375488 98.75465393066406
v -369.32403564453125 4.234999179840088 98.4253921508789
v -369.32403564453125 4.126036167144775 98.41059875488281
v -369.32403564453125 4.126036167144775 98.41059875488281
v -369.32403564453125 4.09609317779541 98.77608489990234
v -369.32403564453125 4.209820747375488 98.75465393066406
v -369.32403564453125 4.234999179840088 98.4253921508789
v -371.197509765625 0.9646326303482056 89.01902770996094
v -371.20416259765625 1.197003722190857 91.89756774902344
v -376.30560302734375 -1.075847864151001 85.43865203857422
v -376.8804931640625 -1.075847864151001 85.43864440917969
v -371.1899108886719 1.197002649307251 86.1827163696289
v -371.4864501953125 1.1970014572143555 94.75499725341797
v -378.4866943359375 0.9511724710464478 89.04014587402344
v -368.98486328125 4.1294941902160645 98.76536560058594
v -368.98486328125 4.240818500518799 98.75465393066406
v -368.98486328125 4.2526350021362305 98.4253921508789
v -368.98486328125 4.14219331741333 98.4179916381836
v -368.98486328125 4.14219331741333 98.4179916381836
v -368.98486328125 4.1294941902160645 98.76536560058594
v -368.98486328125 4.240818500518799 98.75465393066406
v -368.98486328125 4.2526350021362305 98.4253921508789
v -378.66546630859375 4.138628959655762 98.60225677490234
v -378.66546630859375 4.028196811676025 98.615234375
v -378.66546630859375 4.01354455947876 98.2596206665039
v -378.66546630859375 4.123316287994385 98.2818832397461
v -378.66546630859375 4.028196811676025 98.615234375
v -378.66546630859375 4.01354455947876 98.2596206665039
v -378.66546630859375 4.123316287994385 98.2818832397461
v -378.66546630859375 4.138628959655762 98.60225677490234
v -368.19921875 -2.847926616668701 89.65119934082031
v -368.19927978515625 -3.273322820663452 89.65120697021484
v -368.1992492675781 -3.273324728012085 89.07483673095703
v -368.80194091796875 2.3100168704986572 97.06840515136719
v -368.6895446777344 -3.273322582244873 89.65120697021484
v -368.6895446777344 -2.6482064723968506 89.65119934082031
v -368.6895446777344 -2.648207426071167 89.07483673095703
v -368.7092590332031 -3.271754503250122 89.05497741699219
v -368.19921875 -2.6482064723968506 89.65119934082031
v -368.1992492675781 -2.648207426071167 89.07483673095703
v -368.6895446777344 -2.6482064723968506 89.65119934082031
v -368.19921875 -2.6482064723968506 89.65119934082031
v -368.1992492675781 -2.648207426071167 89.07483673095703
v -368.6895446777344 -2.648207426071167 89.07483673095703
v -365.0703125 0.9511730670928955 89.04014587402344
v -371.7799072265625 0.9511721134185791 89.04014587402344
v -371.78546142578125 1.1970030069351196 86.1827163696289
v -371.201171875 0.9511705636978149 94.7550048828125
v -371.1996154785156 1.196999192237854 97.6124267578125
v -378.49542236328125 0.6375412344932556 97.68038940429688
v -375.9993896484375 0.6992025375366211 97.66612243652344
v -371.7743835449219 0.4788104295730591 97.57308197021484
v -365.0828857421875 1.197003722190857 86.1827163696289
v -365.087158203125 1.19700288772583 85.7365493774414
v -368.1437683105469 1.1970031261444092 85.95963287353516
v -371.1899108886719 1.197002649307251 86.1827163696289
v -368.1459045410156 1.197002649307251 85.7365493774414
v -371.20465087890625 1.1970024108886719 85.7365493774414
v -375.9826965332031 0.9789332151412964 86.16300964355469
v -378.4786682128906 0.6558822989463806 86.13301086425781
v -378.4620056152344 1.1970021724700928 86.1827163696289
v -364.924560546875 7.435416221618652 98.45499420166016
v -370.1007080078125 1.19700026512146 98.05859375
v -369.0025634765625 1.1970007419586182 98.05859375
v -374.6633605957031 -2.2258083820343018 88.85617065429688
v -374.6633605957031 -2.208299398422241 87.0939712524414
v -375.31768798828125 -2.2170538902282715 87.97506713867188
v -375.9720458984375 -2.2258081436157227 88.85617065429688
v -375.9720458984375 -2.208298921585083 87.0939712524414
v -377.0994873046875 0.10041120648384094 86.99652862548828
v -377.0935974121094 -0.25859537720680237 86.98143005371094
v -374.02850341796875 -0.08709993958473206 86.98815155029297
v -370.9642333984375 -0.2746120095252991 86.97972106933594
v -370.96343994140625 0.08439551293849945 86.994873046875
v -374.0289306640625 -0.2666036784648895 85.55615234375
v -374.0289306640625 -0.26660358905792236 86.26847839355469
v -377.0935974121094 -0.25859513878822327 85.5572280883789
v -370.9642333984375 -0.2746122181415558 85.55508422851562
v -374.0289306640625 -0.2666037082672119 86.98057556152344
v -370.9642333984375 -0.2746120095252991 86.97972106933594
v -377.0935974121094 -0.25859537720680237 86.98143005371094
v -374.0289306640625 -0.2666037082672119 86.98057556152344
v -374.0314636230469 0.0924033597111702 86.99569702148438
v -374.0314636230469 0.0924033597111702 86.99569702148438
v -374.03143310546875 0.09240266680717468 86.28533935546875
v -375.5654602050781 0.09640693664550781 86.64093017578125
v -377.0994873046875 0.10041120648384094 86.99652862548828
v -373.79541015625 -2.221431016921997 88.41561889648438
v -372.927490234375 -2.2170536518096924 87.97506713867188
v -371.2152404785156 -2.2258083820343018 88.85617065429688
v -372.927490234375 -2.208299160003662 87.0939712524414
v -372.927490234375 -2.208299160003662 87.0939712524414
v -371.1791076660156 -2.2701547145843506 87.07815551757812
v -374.6633605957031 -2.208299398422241 87.0939712524414
v -371.191650390625 -2.208298921585083 87.0939712524414
v -371.191650390625 -2.208298921585083 87.0939712524414
v -372.0595703125 -2.2126762866973877 87.53451538085938
v -375.9720458984375 -2.2170534133911133 87.97506713867188
v -377.44268798828125 -2.2170534133911133 87.97506713867188
v -377.44268798828125 -2.2258081436157227 88.85617065429688
v -378.9132995605469 -2.2258081436157227 88.85617065429688
v -375.9720458984375 -2.2258081436157227 88.85617065429688
v -377.44268798828125 -2.2258081436157227 88.85617065429688
v -375.9732971191406 -2.2880334854125977 88.84359741210938
v -378.9132995605469 -2.2258081436157227 88.85617065429688
v -378.9039306640625 -2.208299398422241 87.0939712524414
v -378.90863037109375 -2.2170538902282715 87.97506713867188
v -377.43798828125 -2.208299160003662 87.0939712524414
v -378.9039306640625 -2.208299398422241 87.0939712524414
v -377.43798828125 -2.208299160003662 87.0939712524414
v -378.90692138671875 -2.2701547145843506 87.07815551757812
v -375.9720458984375 -2.208298921585083 87.0939712524414
v -371.7304382324219 0.0863969549536705 86.46231079101562
v -370.9634094238281 0.08439413458108902 85.57414245605469
v -372.4974365234375 0.08839839696884155 85.92974090576172
v -372.4974365234375 0.08839908987283707 86.64010620117188
v -374.7984619140625 0.0944051742553711 85.75299072265625
v -377.0994873046875 0.10041194409132004 85.57623291015625
v -376.33245849609375 0.09840944409370422 86.10858154296875
v -378.3565673828125 3.1166012287139893 98.28038024902344
v -378.3565673828125 3.1166012287139893 98.62186431884766
v -378.2825622558594 4.060365200042725 98.55682373046875
v -370.9642333984375 -0.2746120095252991 86.97972106933594
v -370.9642333984375 -0.2746122181415558 85.55508422851562
v -370.9634094238281 0.08439413458108902 85.57414245605469
v -370.96343994140625 0.08439551293849945 86.994873046875
v -377.0935974121094 -0.25859513878822327 85.5572280883789
v -377.0935974121094 -0.25859537720680237 86.98143005371094
v -377.0994873046875 0.10041194409132004 85.57623291015625
v -377.0994873046875 0.10041120648384094 86.99652862548828
v -371.188232421875 -0.7105900645256042 86.06950378417969
v -371.12811279296875 -1.027363657951355 85.4461898803711
v -371.1958312988281 -0.5029807090759277 85.86669158935547
v -371.1704406738281 -0.6194156408309937 85.50712585449219
v -371.24188232421875 -0.2261343002319336 86.54747009277344
v -371.22509765625 -0.22613409161567688 86.1061782836914
v -371.6636962890625 -0.6194148063659668 85.50711822509766
v -371.7018127441406 -1.027363657951355 85.4461898803711
v -371.6369323730469 -0.5029802322387695 85.86669921875
v -371.6461486816406 -0.7105898261070251 86.06950378417969
v -371.5999755859375 -0.22613388299942017 86.1061782836914
v -371.5831604003906 -0.2261343002319336 86.54747772216797
v -371.1958312988281 -0.5029807090759277 85.86669158935547
v -371.1704406738281 -0.6194156408309937 85.50712585449219
v -371.6636962890625 -0.6194148063659668 85.50711822509766
v -371.22509765625 -0.22613409161567688 86.1061782836914
v -371.5999755859375 -0.22613388299942017 86.1061782836914
v -372.93731689453125 -0.759073793888092 86.0629653930664
v -372.87664794921875 -1.075847864151001 85.43865203857422
v -372.9461364746094 -0.5514649152755737 85.86019134521484
v -372.9198913574219 -0.6678991913795471 85.50011444091797
v -372.99505615234375 -0.2746190130710602 86.54192352294922
v -372.97821044921875 -0.27461856603622437 86.10020446777344
v -373.414306640625 -0.6678993105888367 85.50011444091797
v -373.4515686035156 -1.075847864151001 85.43864440917969
v -373.3882751464844 -0.5514649152755737 85.86018371582031
v -373.396240234375 -0.7590740323066711 86.0629653930664
v -373.35400390625 -0.27461856603622437 86.10020446777344
v -373.337158203125 -0.27461856603622437 86.54191589355469
v -372.9461364746094 -0.5514649152755737 85.86019134521484
v -372.9198913574219 -0.6678991913795471 85.50011444091797
v -373.414306640625 -0.6678993105888367 85.50011444091797
v -372.97821044921875 -0.27461856603622437 86.10020446777344
v -373.35400390625 -0.27461856603622437 86.10020446777344
v -374.7337341308594 -0.759073793888092 86.0629653930664
v -374.6730651855469 -1.075847864151001 85.43865203857422
v -374.7425537109375 -0.551464855670929 85.86019134521484
v -374.71630859375 -0.6678991317749023 85.50011444091797
v -374.7914733886719 -0.2746190130710602 86.54191589355469
v -374.7746276855469 -0.27461856603622437 86.10020446777344
v -375.2107238769531 -0.6678992509841919 85.50011444091797
v -375.2479553222656 -1.075847864151001 85.43864440917969
v -375.1846923828125 -0.551464855670929 85.86018371582031
v -375.1926574707031 -0.7590740323066711 86.0629653930664
v -375.1504211425781 -0.27461856603622437 86.10020446777344
v -375.1335754394531 -0.27461856603622437 86.54191589355469
v -374.7425537109375 -0.551464855670929 85.86019134521484
v -374.71630859375 -0.6678991317749023 85.50011444091797
v -375.2107238769531 -0.6678992509841919 85.50011444091797
v -374.7746276855469 -0.27461856603622437 86.10020446777344
v -375.1504211425781 -0.27461856603622437 86.10020446777344
v -376.36627197265625 -0.759073793888092 86.0629653930664
v -376.30560302734375 -1.075847864151001 85.43865203857422
v -376.37506103515625 -0.551464855670929 85.86019134521484
v -376.34881591796875 -0.6678991317749023 85.50011444091797
v -376.4239807128906 -0.2746190130710602 86.54191589355469
v -376.4071350097656 -0.27461856603622437 86.10020446777344
v -376.84326171875 -0.6678991913795471 85.50011444091797
v -376.8804931640625 -1.075847864151001 85.43864440917969
v -376.8172302246094 -0.551464855670929 85.86018371582031
v -376.8251953125 -0.7590740323066711 86.0629653930664
v -376.782958984375 -0.27461856603622437 86.10020446777344
v -376.76611328125 -0.27461856603622437 86.54191589355469
v -376.37506103515625 -0.551464855670929 85.86019134521484
v -376.34881591796875 -0.6678991317749023 85.50011444091797
v -376.84326171875 -0.6678991913795471 85.50011444091797
v -376.4071350097656 -0.27461856603622437 86.10020446777344
v -376.782958984375 -0.27461856603622437 86.10020446777344
v -368.3053283691406 0.580228865146637 94.07394409179688
v -368.6468200683594 0.580228865146637 94.07394409179688
v -368.5184631347656 1.565653920173645 94.1081771850586
v -368.2938232421875 1.565653920173645 94.1081771850586
v -368.6498107910156 0.8041286468505859 94.39025115966797
v -368.52044677734375 1.6395469903945923 94.31627655029297
v -368.6498107910156 0.8041286468505859 94.39025115966797
v -368.308349609375 0.8041286468505859 94.39025115966797
v -368.2958068847656 1.6395469903945923 94.31627655029297
v -368.52044677734375 1.6395469903945923 94.31627655029297
v -368.3053283691406 0.580228865146637 94.07394409179688
v -368.2938232421875 1.565653920173645 94.1081771850586
v -368.29827880859375 1.2127012014389038 94.9469223022461
v -368.6705017089844 1.2127012014389038 94.9469223022461
v -368.5305480957031 2.1652042865753174 94.98115539550781
v -368.2856750488281 2.1652042865753174 94.98115539550781
v -368.6734924316406 1.4366135597229004 95.26323699951172
v -368.53253173828125 2.2720320224761963 95.18925476074219
v -368.6734924316406 1.4366135597229004 95.26323699951172
v -368.3013000488281 1.4366135597229004 95.26323699951172
v -368.28765869140625 2.2720320224761963 95.18925476074219
v -368.53253173828125 2.2720320224761963 95.18925476074219
v -368.29827880859375 1.2127012014389038 94.9469223022461
v -368.2856750488281 2.1652042865753174 94.98115539550781
v -368.3130187988281 1.8560796976089478 95.8156967163086
v -368.65447998046875 1.8560796976089478 95.8156967163086
v -368.5746154785156 2.801724672317505 95.84992980957031
v -368.3499755859375 2.801724672317505 95.84992980957031
v -368.6575012207031 2.094287157058716 96.13201141357422
v -368.5765686035156 2.9297056198120117 96.05802917480469
v -368.6575012207031 2.094287157058716 96.13201141357422
v -368.3160095214844 2.094287157058716 96.13201141357422
v -368.3519287109375 2.9297056198120117 96.05802917480469
v -368.5765686035156 2.9297056198120117 96.05802917480469
v -368.3130187988281 1.8560796976089478 95.8156967163086
v -368.3499755859375 2.801724672317505 95.84992980957031
v -368.33587646484375 2.509429454803467 96.72735595703125
v -368.6773681640625 2.509429454803467 96.72735595703125
v -368.5489807128906 3.4444844722747803 96.76158905029297
v -368.3243408203125 3.4444844722747803 96.76158905029297
v -368.68035888671875 2.748293161392212 97.0436782836914
v -368.55096435546875 3.5837113857269287 96.96969604492188
v -368.68035888671875 2.748293161392212 97.0436782836914
v -368.3388977050781 2.748293161392212 97.0436782836914
v -368.3263244628906 3.5837113857269287 96.96969604492188
v -368.55096435546875 3.5837113857269287 96.96969604492188
v -368.33587646484375 2.509429454803467 96.72735595703125
v -368.3243408203125 3.4444844722747803 96.76158905029297
v -368.3389587402344 3.1886231899261475 97.60673522949219
v -368.680419921875 3.1886231899261475 97.60673522949219
v -368.6363830566406 4.205867767333984 97.6409683227539
v -368.4049987792969 4.205867767333984 97.6409683227539
v -368.6834411621094 3.413691997528076 97.92304992675781
v -368.63836669921875 4.205867767333984 97.84907531738281
v -368.6834411621094 3.413691997528076 97.92304992675781
v -368.3419494628906 3.413691997528076 97.92304992675781
v -368.406982421875 4.205867767333984 97.84907531738281
v -368.63836669921875 4.205867767333984 97.84907531738281
v -368.3389587402344 3.1886231899261475 97.60673522949219
v -368.4049987792969 4.205867767333984 97.6409683227539
v -368.3473205566406 3.5708541870117188 98.48988342285156
v -368.6888427734375 3.5708541870117188 98.48988342285156
v -368.6629943847656 4.334709167480469 98.52411651611328
v -368.4316101074219 4.334709167480469 98.52411651611328
v -368.69183349609375 3.558743715286255 98.80619812011719
v -368.66497802734375 4.334709167480469 98.73221588134766
v -368.69183349609375 3.558743715286255 98.80619812011719
v -368.350341796875 3.558743715286255 98.80619812011719
v -368.43359375 4.334709167480469 98.73221588134766
v -368.66497802734375 4.334709167480469 98.73221588134766
v -368.3473205566406 3.5708541870117188 98.48988342285156
v -368.4316101074219 4.334709167480469 98.52411651611328
v -368.39129638671875 4.329925537109375 98.7724380493164
v -368.4010009765625 4.489096641540527 98.7724380493164
v -368.6976623535156 4.489096641540527 98.7724380493164
v -368.7205810546875 4.329925537109375 98.7724380493164
v -368.26513671875 -1.3747613430023193 91.4609146118164
v -368.6373596191406 -1.3747613430023193 91.4609146118164
v -368.4974060058594 -0.4222581684589386 91.49515533447266
v -368.2525329589844 -0.4222581684589386 91.49515533447266
v -368.6403503417969 -1.1508492231369019 91.77723693847656
v -368.4993896484375 -0.31543031334877014 91.70325469970703
v -368.6403503417969 -1.1508492231369019 91.77723693847656
v -368.2681579589844 -1.1508492231369019 91.77723693847656
v -368.2545166015625 -0.31543031334877014 91.70325469970703
v -368.4993896484375 -0.31543031334877014 91.70325469970703
v -368.26513671875 -1.3747613430023193 91.4609146118164
v -368.2525329589844 -0.4222581684589386 91.49515533447266
v -368.27984619140625 -0.7313821911811829 92.3296890258789
v -368.621337890625 -0.7313821911811829 92.3296890258789
v -368.54144287109375 0.21426327526569366 92.36392974853516
v -368.3168029785156 0.21426327526569366 92.36392974853516
v -368.6243591308594 -0.49317467212677 92.64601135253906
v -368.5434265136719 0.3422437310218811 92.57202911376953
v -368.6243591308594 -0.49317467212677 92.64601135253906
v -368.2828674316406 -0.49317467212677 92.64601135253906
v -368.3187561035156 0.3422437310218811 92.57202911376953
v -368.5434265136719 0.3422437310218811 92.57202911376953
v -368.27984619140625 -0.7313821911811829 92.3296890258789
v -368.3168029785156 0.21426327526569366 92.36392974853516
v -368.302734375 -0.07803186029195786 93.2413558959961
v -368.6441955566406 -0.07803186029195786 93.2413558959961
v -368.5158386230469 0.8570221662521362 93.27558898925781
v -368.2911682128906 0.8570221662521362 93.27558898925781
v -368.647216796875 0.1608312427997589 93.55767059326172
v -368.517822265625 0.9962497353553772 93.48368835449219
v -368.647216796875 0.1608312427997589 93.55767059326172
v -368.3057556152344 0.1608312427997589 93.55767059326172
v -368.29315185546875 0.9962497353553772 93.48368835449219
v -368.517822265625 0.9962497353553772 93.48368835449219
v -368.302734375 -0.07803186029195786 93.2413558959961
v -368.2911682128906 0.8570221662521362 93.27558898925781
v -368.1954345703125 -1.8165225982666016 89.4967269897461
v -368.5428161621094 -1.8165225982666016 89.4967269897461
v -368.535400390625 -1.6573511362075806 89.4967269897461
v -368.2061462402344 -1.6573511362075806 89.4967269897461
v -368.248291015625 -2.6648807525634766 89.69062805175781
v -368.6205139160156 -2.6648807525634766 89.69062805175781
v -368.4805603027344 -1.7123777866363525 89.72486114501953
v -368.2356872558594 -1.7123777866363525 89.72486114501953
v -368.6235046386719 -2.4409687519073486 90.0069351196289
v -368.4825439453125 -1.605549693107605 89.9329605102539
v -368.6235046386719 -2.4409687519073486 90.0069351196289
v -368.2513122558594 -2.4409687519073486 90.00694274902344
v -368.2376708984375 -1.605549693107605 89.9329605102539
v -368.4825439453125 -1.605549693107605 89.9329605102539
v -368.248291015625 -2.6648807525634766 89.69062805175781
v -368.2356872558594 -1.7123777866363525 89.72486114501953
v -368.2630310058594 -2.0215015411376953 90.55940246582031
v -368.6044921875 -2.0215015411376953 90.55940246582031
v -368.5246276855469 -1.07585608959198 90.59363555908203
v -368.2999572753906 -1.07585608959198 90.59363555908203
v -368.6075134277344 -1.7832938432693481 90.87571716308594
v -368.5265808105469 -0.9478753209114075 90.8017349243164
v -368.6075134277344 -1.7832938432693481 90.87571716308594
v -368.2660217285156 -1.7832938432693481 90.87571716308594
v -368.30194091796875 -0.9478753209114075 90.8017349243164
v -368.5265808105469 -0.9478753209114075 90.8017349243164
v -368.2630310058594 -2.0215015411376953 90.55940246582031
v -368.2999572753906 -1.07585608959198 90.59363555908203
v -373.5847473144531 3.1166019439697266 98.65846252441406
v -373.5847473144531 3.1166019439697266 98.31698608398438
v -373.6189880371094 4.108201026916504 98.44535064697266
v -373.6189880371094 4.094995975494385 98.67000579833984
v -373.90106201171875 3.1166019439697266 98.31398010253906
v -373.82708740234375 4.089441776275635 98.44336700439453
v -373.90106201171875 3.1166019439697266 98.31398010253906
v -373.90106201171875 3.1166019439697266 98.65545654296875
v -373.82708740234375 4.090648174285889 98.66802215576172
v -373.82708740234375 4.089441776275635 98.44336700439453
v -373.5847473144531 3.1166019439697266 98.65846252441406
v -373.6189880371094 4.094995975494385 98.67000579833984
v -374.4577331542969 3.1166019439697266 98.66552734375
v -374.4577331542969 3.1166019439697266 98.2933120727539
v -374.4919738769531 4.053178787231445 98.43325805664062
v -374.4919738769531 4.055168151855469 98.67813873291016
v -374.7740478515625 3.1166019439697266 98.29031372070312
v -374.7000732421875 4.061710357666016 98.4312744140625
v -374.7740478515625 3.1166019439697266 98.29031372070312
v -374.7740478515625 3.1166019439697266 98.66251373291016
v -374.7000732421875 4.077262878417969 98.67615509033203
v -374.7000732421875 4.061710357666016 98.4312744140625
v -374.4577331542969 3.1166019439697266 98.66552734375
v -374.4919738769531 4.055168151855469 98.67813873291016
v -375.3265075683594 3.1166019439697266 98.65080261230469
v -375.3265075683594 3.1166019439697266 98.309326171875
v -375.3607482910156 4.101252555847168 98.38919830322266
v -375.3607482910156 4.098523139953613 98.61386108398438
v -375.642822265625 3.1166019439697266 98.30632019042969
v -375.56884765625 4.081401348114014 98.38722229003906
v -375.642822265625 3.1166019439697266 98.30632019042969
v -375.642822265625 3.1166019439697266 98.6478042602539
v -375.56884765625 4.091663837432861 98.61187744140625
v -375.56884765625 4.081401348114014 98.38722229003906
v -375.3265075683594 3.1166019439697266 98.65080261230469
v -375.3607482910156 4.098523139953613 98.61386108398438
v -376.2381896972656 3.1166019439697266 98.6279296875
v -376.2381896972656 3.1166019439697266 98.28645324707031
v -376.27239990234375 4.079248905181885 98.41481018066406
v -376.27239990234375 4.088634967803955 98.63946533203125
v -376.5544738769531 3.1166019439697266 98.28343963623047
v -376.4804992675781 4.065167427062988 98.41283416748047
v -376.5544738769531 3.1166019439697266 98.28343963623047
v -376.5544738769531 3.1166019439697266 98.62491607666016
v -376.4804992675781 4.06970739364624 98.63748931884766
v -376.4804992675781 4.065167427062988 98.41283416748047
v -376.2381896972656 3.1166019439697266 98.6279296875
v -376.27239990234375 4.088634967803955 98.63946533203125
v -377.1175537109375 3.1166014671325684 98.62486267089844
v -377.1175537109375 3.1166019439697266 98.28338623046875
v -377.1517639160156 4.046874046325684 98.32740783691406
v -377.1517639160156 4.044007301330566 98.55880737304688
v -377.4338684082031 3.1166014671325684 98.28038024902344
v -377.3598937988281 4.048305988311768 98.32542419433594
v -377.4338684082031 3.1166014671325684 98.28038024902344
v -377.4338684082031 3.1166014671325684 98.62186431884766
v -377.3598937988281 4.05524206161499 98.55682373046875
v -377.3598937988281 4.048305988311768 98.32542419433594
v -377.1175537109375 3.1166014671325684 98.62486267089844
v -377.1517639160156 4.044007301330566 98.55880737304688
v -370.97174072265625 3.1166019439697266 98.69867706298828
v -370.97174072265625 3.1166019439697266 98.32646942138672
v -371.0059814453125 4.097916603088379 98.4664077758789
v -371.0059814453125 4.089062690734863 98.7112808227539
v -371.28802490234375 3.1166019439697266 98.3234634399414
v -371.21405029296875 4.097947120666504 98.46443176269531
v -371.28802490234375 3.1166019439697266 98.3234634399414
v -371.28802490234375 3.1166019439697266 98.69567108154297
v -371.21405029296875 4.098949909210205 98.70930480957031
v -371.21405029296875 4.097947120666504 98.46443176269531
v -370.97174072265625 3.1166019439697266 98.69867706298828
v -371.0059814453125 4.089062690734863 98.7112808227539
v -371.8404846191406 3.1166019439697266 98.6839599609375
v -371.8404846191406 3.1166019439697266 98.34248352050781
v -371.8747253417969 4.092655658721924 98.42234802246094
v -371.8747253417969 4.107877254486084 98.64701080322266
v -372.1568298339844 3.1166019439697266 98.33946990966797
v -372.0828552246094 4.095425128936768 98.42037963867188
v -372.1568298339844 3.1166019439697266 98.33946990966797
v -372.1568298339844 3.1166019439697266 98.68094635009766
v -372.0828552246094 4.110516548156738 98.64503479003906
v -372.0828552246094 4.095425128936768 98.42037963867188
v -371.8404846191406 3.1166019439697266 98.6839599609375
v -371.8747253417969 4.107877254486084 98.64701080322266
v -372.7521667480469 3.1166019439697266 98.66107940673828
v -372.7521667480469 3.1166019439697266 98.31961059570312
v -372.7864074707031 4.102772235870361 98.44796752929688
v -372.7864074707031 4.09906530380249 98.67262268066406
v -373.0684814453125 3.1166019439697266 98.31659698486328
v -372.9945068359375 4.103196144104004 98.44598388671875
v -373.0684814453125 3.1166019439697266 98.31659698486328
v -373.0684814453125 3.1166019439697266 98.65807342529297
v -372.9945068359375 4.110905170440674 98.67063903808594
v -372.9945068359375 4.103196144104004 98.44598388671875
v -372.7521667480469 3.1166019439697266 98.66107940673828
v -372.7864074707031 4.09906530380249 98.67262268066406
v -369.2014465332031 3.1166019439697266 98.71551513671875
v -369.2014465332031 3.1166019439697266 98.34329986572266
v -369.2356872558594 4.122889041900635 98.48324584960938
v -369.2356872558594 4.106971740722656 98.7281265258789
v -369.5177307128906 3.1166019439697266 98.34029388427734
v -369.4437561035156 4.120977878570557 98.48126220703125
v -369.5177307128906 3.1166019439697266 98.34029388427734
v -369.5177307128906 3.1166014671325684 98.7125015258789
v -369.4437561035156 4.099641799926758 98.72614288330078
v -369.4437561035156 4.120977878570557 98.48126220703125
v -369.2014465332031 3.1166019439697266 98.71551513671875
v -369.2356872558594 4.106971740722656 98.7281265258789
v -370.0702209472656 3.1166014671325684 98.70079040527344
v -370.0702209472656 3.1166014671325684 98.35931396484375
v -370.10443115234375 4.1374053955078125 98.4391860961914
v -370.10443115234375 4.1173224449157715 98.66384887695312
v -370.38653564453125 3.1166014671325684 98.35630798339844
v -370.31256103515625 4.130438804626465 98.43721008300781
v -370.38653564453125 3.1166014671325684 98.35630798339844
v -370.38653564453125 3.1166012287139893 98.69778442382812
v -370.31256103515625 4.108482360839844 98.661865234375
v -370.31256103515625 4.130438804626465 98.43721008300781
v -370.0702209472656 3.1166014671325684 98.70079040527344
v -370.10443115234375 4.1173224449157715 98.66384887695312
v -378.04022216796875 3.1166014671325684 98.62486267089844
v -378.04022216796875 3.1166014671325684 98.28338623046875
v -378.074462890625 4.058219909667969 98.32740783691406
v -378.074462890625 4.068580627441406 98.55880737304688
v -378.3565673828125 3.1166012287139893 98.28038024902344
v -378.2825622558594 4.040835857391357 98.32542419433594
v -378.2825622558594 4.040835857391357 98.32542419433594
v -378.04022216796875 3.1166014671325684 98.62486267089844
v -378.074462890625 4.068580627441406 98.55880737304688
v -368.98486328125 4.1294941902160645 98.76536560058594
v -368.98486328125 4.14219331741333 98.4179916381836
v -368.98486328125 4.2526350021362305 98.4253921508789
v -368.98486328125 4.240818500518799 98.75465393066406
v -368.3277282714844 3.564262866973877 98.93909454345703
v -368.8180236816406 3.564262866973877 98.93909454345703
v -368.32769775390625 3.1076366901397705 98.9390869140625
v -368.8180236816406 3.1076366901397705 98.9390869140625
v -368.1992492675781 -2.648207426071167 89.07483673095703
v -368.1992492675781 -3.273324728012085 89.07483673095703
v -368.7092590332031 -3.271754503250122 89.05497741699219
v -368.6895446777344 -2.648207426071167 89.07483673095703
v -375.9732971191406 -2.2701542377471924 87.0781478881836
v -378.91632080078125 -2.2880330085754395 88.84359741210938
v -375.9737854003906 -2.3003909587860107 87.13449096679688
v -378.9080810546875 -2.300391674041748 87.13449096679688
v -378.9174499511719 -2.30421781539917 88.77659606933594
v -375.9737854003906 -2.30421781539917 88.77659606933594
v -375.974609375 -2.348322629928589 87.16337585449219
v -378.9101867675781 -2.3483221530914307 87.16337585449219
v -378.9195861816406 -2.3432838916778564 88.72767639160156
v -375.974609375 -2.3432838916778564 88.7276840209961
v -375.974609375 -2.3432838916778564 88.7276840209961
v -378.9195861816406 -2.3432838916778564 88.72767639160156
v -376.1086120605469 -2.333735704421997 88.64386749267578
v -378.9101867675781 -2.3483221530914307 87.16337585449219
v -375.974609375 -2.348322629928589 87.16337585449219
v -378.90765380859375 -2.3578708171844482 87.24717712402344
v -374.6635437011719 -2.2701542377471924 87.0781478881836
v -374.6635437011719 -2.2880334854125977 88.8436050415039
v -374.6633605957031 -2.2258083820343018 88.85617065429688
v -374.66363525390625 -2.300391674041748 87.13449096679688
v -374.66363525390625 -2.30421781539917 88.77659606933594
v -374.6637268066406 -2.348322629928589 87.16337585449219
v -374.6637268066406 -2.3432838916778564 88.72767639160156
v -374.6637268066406 -2.348322629928589 87.16337585449219
v -374.6637268066406 -2.3432838916778564 88.72767639160156
v -371.2156066894531 -2.2880337238311768 88.8436050415039
v -371.2152404785156 -2.2258083820343018 88.85617065429688
v -371.24346923828125 -2.300391674041748 87.13449096679688
v -371.2540588378906 -2.30421781539917 88.77659606933594
v -371.2789306640625 -2.348322629928589 87.16337585449219
v -371.2789306640625 -2.3432838916778564 88.72767639160156
v -371.2789306640625 -2.348322629928589 87.16337585449219
v -371.2789306640625 -2.3432838916778564 88.72767639160156
v -371.3222961425781 -2.3578708171844482 87.2471694946289
v -374.54388427734375 -2.333735704421997 88.64386749267578
v -371.2156066894531 -2.2880337238311768 88.8436050415039
v -371.1791076660156 -2.2701547145843506 87.07815551757812
v -371.191650390625 -2.208298921585083 87.0939712524414
v -371.2152404785156 -2.2258083820343018 88.85617065429688
v -371.2540588378906 -2.30421781539917 88.77659606933594
v -371.24346923828125 -2.300391674041748 87.13449096679688
v -371.2789306640625 -2.3432838916778564 88.72767639160156
v -371.2789306640625 -2.348322629928589 87.16337585449219
v -376.1086120605469 -2.3578708171844482 87.2471694946289
v -378.9195861816406 -2.333735942840576 88.64387512207031
v -374.54388427734375 -2.3578708171844482 87.2471694946289
v -371.3222961425781 -2.333735942840576 88.64386749267578
v -370.1065368652344 8.180864334106445 102.02520751953125
v -370.1065368652344 7.827259540557861 102.72933959960938
v -371.65234375 8.357666015625 101.67314147949219
v -368.12420654296875 3.107640504837036 88.4881820678711
v -371.0302429199219 3.1076407432556152 88.4881820678711
v -368.8725280761719 2.8688106536865234 88.14422607421875
v -368.959716796875 1.9134916067123413 86.7684097290039
v -369.620849609375 2.62998104095459 87.80027770996094
v -369.7080383300781 1.6746618747711182 86.42445373535156
v -368.21142578125 2.1523213386535645 87.11236572265625
v -368.17864990234375 1.6746619939804077 86.42445373535156
v -374.5190734863281 10.23910140991211 93.34976196289062
v -371.93267822265625 10.196019172668457 94.30877685546875
v -374.79937744140625 10.152938842773438 95.26779174804688
v -370.369140625 2.3911514282226562 87.45631408691406
v -371.6523742675781 10.282180786132812 92.3907470703125
v -371.117431640625 2.1523215770721436 87.11236572265625
v -368.7856750488281 10.152937889099121 95.26779174804688
v -369.06597900390625 10.239099502563477 93.34976196289062
v -366.19927978515625 10.28217887878418 92.3907470703125
v -370.45635986328125 1.435832142829895 86.08050537109375
v -371.20465087890625 1.1970024108886719 85.7365493774414
v -376.2262268066406 9.717989921569824 97.74107360839844
v -374.70159912109375 9.848612785339355 97.23631286621094
v -374.786376953125 9.326120376586914 99.25535583496094
v -378.4684143066406 1.1970010995864868 85.7365493774414
v -377.2229309082031 1.1970014572143555 85.7365493774414
v -377.1580810546875 1.674661636352539 86.42445373535156
v -367.12091064453125 9.717988014221191 97.74107360839844
v -368.68792724609375 9.848611831665039 97.23631286621094
v -367.1632995605469 9.97923469543457 96.73155212402344
v -365.638671875 10.109856605529785 96.22679901123047
v -378.208984375 3.10764217376709 88.4881820678711
v -376.6391906738281 3.1076416969299316 88.4881820678711
v -377.39324951171875 3.5939183235168457 88.96526336669922
v -368.6031188964844 9.326119422912598 99.25535583496094
v -378.1473388671875 4.08019495010376 89.44234466552734
v -375.06939697265625 3.1076414585113525 88.4881820678711
v -373.4996337890625 3.1076412200927734 88.4881820678711
v -371.9298400878906 3.1076407432556152 88.4881820678711
v -375.03857421875 3.5939178466796875 88.96526336669922
v -371.7834777832031 1.1970024108886719 85.7365493774414
v -371.5672607421875 2.1523215770721436 87.11236572265625
v -367.0361022949219 9.19549560546875 99.76011657714844
v -365.4690856933594 9.064872741699219 100.2648696899414
v -371.9298400878906 3.1076407432556152 88.4881820678711
v -371.0028381347656 4.104437351226807 89.4307861328125
v -371.2178649902344 4.908668041229248 90.19129180908203
v -371.9080505371094 4.112636089324951 89.43853759765625
v -378.75543212890625 1.197001576423645 85.7365493774414
v -378.70587158203125 2.1523213386535645 87.11236572265625
v -378.6562805175781 3.1076409816741943 88.4881820678711
v -374.65924072265625 10.109858512878418 96.22679901123047
v -376.23272705078125 10.131399154663086 95.74729919433594
v -377.66607666015625 10.109859466552734 96.22679901123047
v -365.55389404296875 9.587364196777344 98.24583435058594
v -367.212158203125 10.131397247314453 95.74729919433594
v -368.6455078125 10.109857559204102 96.22679901123047
v -370.49932861328125 10.217559814453125 93.82926940917969
v -370.35919189453125 10.174478530883789 94.78828430175781
v -370.2190246582031 10.131397247314453 95.74729919433594
v -371.6523742675781 10.109857559204102 96.22679901123047
v -378.33868408203125 2.1523215770721436 87.11236572265625
v -378.403564453125 1.67466139793396 86.42445373535156
v -375.9774475097656 1.1970016956329346 85.7365493774414
v -374.6671142578125 1.6746623516082764 86.42445373535156
v -375.91259765625 1.6746619939804077 86.42445373535156
v -375.84771728515625 2.152322292327881 87.11236572265625
v -377.09320068359375 2.1523218154907227 87.11236572265625
v -377.0283508300781 2.6299822330474854 87.80027770996094
v -376.183837890625 9.979236602783203 96.73155212402344
v -371.5394287109375 7.103304862976074 91.39852142333984
v -367.6845397949219 7.681883811950684 91.57542419433594
v -370.8320617675781 8.260462760925293 91.7523193359375
v -364.5370178222656 7.103304386138916 91.39852142333984
v -366.1776428222656 9.417617797851562 92.10611724853516
v -372.2458190917969 1.6746619939804077 86.42445373535156
v -371.8566589355469 2.1523215770721436 87.11236572265625
v -372.7081604003906 2.1523215770721436 87.11236572265625
v -373.4864807128906 1.1970024108886719 85.7365493774414
v -370.12774658203125 9.195496559143066 99.76011657714844
v -371.65234375 9.064873695373535 100.2648696899414
v -370.1701354980469 9.456743240356445 98.75059509277344
v -368.56072998046875 9.064872741699219 100.2648696899414
v -366.6627502441406 3.8929500579833984 89.22515869140625
v -368.1105041503906 3.606038808822632 88.95948791503906
v -365.9404602050781 3.5002951622009277 88.85667419433594
v -365.2181701660156 3.107640266418457 88.4881820678711
v -365.2149963378906 4.179861545562744 89.49082946777344
v -375.823486328125 3.5939180850982666 88.96526336669922
v -373.58282470703125 3.5578978061676025 88.91395568847656
v -365.087158203125 1.19700288772583 85.7365493774414
v -364.5189208984375 1.197004795074463 85.7365493774414
v -364.8253173828125 2.1523218154907227 87.11236572265625
v -378.5418701171875 4.908668518066406 90.19129180908203
v -374.8798828125 4.908668518066406 90.19129180908203
v -374.8798828125 6.00598669052124 90.79490661621094
v -365.2181701660156 3.107640266418457 88.4881820678711
v -364.5634765625 3.107640504837036 88.4881820678711
v -375.0406494140625 7.103304862976074 91.39852142333984
v -375.0406494140625 6.554645538330078 91.09671020507812
v -371.5394287109375 6.005986213684082 90.79490661621094
v -378.5418701171875 7.103305339813232 91.39852142333984
v -368.1089172363281 4.142149448394775 89.46080780029297
v -367.7699279785156 4.506552696228027 89.81103515625
v -367.87744140625 4.90866756439209 90.19129180908203
v -364.5634460449219 9.41761589050293 92.10611724853516
v -378.208984375 3.10764217376709 88.4881820678711
v -373.9795837402344 8.839041709899902 91.92921447753906
v -371.6523742675781 9.417619705200195 92.10611724853516
v -364.5370178222656 4.90866756439209 90.19129180908203
v -377.1271057128906 9.417620658874512 92.10611724853516
v -378.65625 9.417619705200195 92.10610961914062
v -368.0382080078125 6.554645538330078 91.09671020507812
v -368.0382080078125 5.457326889038086 90.49310302734375
v -364.54119873046875 2.152322769165039 87.11236572265625
v -375.23583984375 4.00815486907959 89.33973693847656
v -375.2249755859375 4.510652542114258 89.81491088867188
v -378.5928955078125 4.1053900718688965 89.43167877197266
v -368.90960693359375 9.633758544921875 92.17727661132812
v -371.64154052734375 9.849900245666504 92.24842834472656
v -366.19927978515625 10.28217887878418 92.3907470703125
v -374.38433837890625 9.633760452270508 92.17727661132812
v -368.12420654296875 3.107640504837036 88.4881820678711
v -377.10546875 10.282182693481445 92.39073944091797
v -371.0302429199219 3.1076407432556152 88.4881820678711
v -364.5523986816406 4.179858684539795 89.49082946777344
v -377.83563232421875 9.064874649047852 100.2648696899414
v -376.289794921875 8.180864334106445 102.02520751953125
v -377.83563232421875 7.650458335876465 103.08141326904297
v -374.7439880371094 8.00406265258789 102.37727355957031
v -374.7439880371094 8.711270332336426 100.96900939941406
v -374.333251953125 8.260462760925293 91.7523193359375
v -367.43035888671875 1.9134917259216309 86.7684097290039
v -367.4631042480469 2.391150951385498 87.4563217163086
v -366.71478271484375 2.6299808025360107 87.80027770996094
v -365.4690856933594 7.65045690536499 103.08141326904297
v -368.56072998046875 7.650457382202148 103.08141326904297
v -367.7878112792969 7.738858222961426 102.90538024902344
v -368.56072998046875 8.004061698913574 102.37727355957031
v -367.014892578125 8.888071060180664 100.616943359375
v -368.56072998046875 8.71126937866211 100.96900939941406
v -366.6492919921875 1.6746621131896973 86.42445373535156
v -368.9269714355469 1.4358322620391846 86.08050537109375
v -368.1459045410156 1.197002649307251 85.7365493774414
v -365.9337158203125 2.391151189804077 87.45631408691406
v -373.57196044921875 4.060395240783691 89.3891372680664
v -372.74542236328125 3.8352670669555664 89.1762466430664
v -368.9150085449219 9.417618751525879 92.10611724853516
v -368.5048522949219 8.839040756225586 91.92921447753906
v -371.7371520996094 9.587366104125977 98.24583435058594
v -365.15264892578125 2.1523215770721436 87.11236572265625
v -365.86822509765625 1.4358325004577637 86.08050537109375
v -373.2193603515625 9.195497512817383 99.76011657714844
v -374.7439880371094 9.064874649047852 100.2648696899414
v -371.65234375 7.650457382202148 103.08141326904297
v -373.4996337890625 3.1076412200927734 88.4881820678711
v -375.06939697265625 3.1076414585113525 88.4881820678711
v -373.8887939453125 2.629981517791748 87.80027770996094
v -374.2779541015625 2.1523218154907227 87.11236572265625
v -376.6391906738281 3.1076416969299316 88.4881820678711
v -376.24346923828125 2.6299819946289062 87.80027770996094
v -368.92584228515625 10.282179832458496 92.3907470703125
v -376.3110046386719 9.195497512817383 99.76011657714844
v -375.9524230957031 10.217560768127441 93.82926940917969
v -377.7508544921875 9.587367057800293 98.24583435058594
v -373.26177978515625 9.456743240356445 98.75059509277344
v -373.177001953125 9.97923469543457 96.73155212402344
v -370.2125244140625 9.717988967895508 97.74107360839844
v -374.3897399902344 9.417619705200195 92.10611724853516
v -373.8822021484375 1.6746621131896973 86.42445373535156
v -373.1038818359375 2.629981517791748 87.80027770996094
v -374.7439880371094 7.650457859039307 103.08141326904297
v -374.6736755371094 2.629981517791748 87.80027770996094
v -368.92584228515625 10.282179832458496 92.3907470703125
v -368.92041015625 10.0660400390625 92.31958770751953
v -371.6523742675781 10.282180786132812 92.3907470703125
v -377.10546875 10.282182693481445 92.39073944091797
v -374.37890625 10.282181739807129 92.3907470703125
v -374.3735046386719 10.066041946411133 92.319580078125
v -368.0382080078125 7.103304862976074 91.39852142333984
v -374.37890625 10.282181739807129 92.3907470703125
v -373.19818115234375 8.88807201385498 100.616943359375
v -370.1065368652344 8.888071060180664 100.616943359375
v -373.19818115234375 7.8272600173950195 102.72933959960938
v -373.22589111328125 10.13139820098877 95.74729919433594
v -373.19818115234375 8.534467697143555 101.32107543945312
v -376.289794921875 8.888072967529297 100.616943359375
v -378.03302001953125 3.041313648223877 99.20982360839844
v -377.6835021972656 3.041313648223877 100.28545379638672
v -377.6835021972656 4.182919979095459 100.28545379638672
v -370.1414489746094 -1.0147451162338257 95.4208984375
v -369.01153564453125 -1.0147451162338257 95.37156677246094
v -369.01153564453125 -2.156351327896118 95.37156677246094
v -370.1414489746094 -2.156351327896118 95.4208984375
v -377.50164794921875 -2.412728786468506 89.97021484375
v -377.7841796875 -2.412728786468506 89.10072326660156
v -378.5929260253906 -2.412728786468506 89.3635025024414
v -369.9484558105469 -3.2710795402526855 95.7385482788086
v -368.8728332519531 -3.2710795402526855 95.38905334472656
v -368.8728332519531 -2.1294734477996826 95.38905334472656
v -377.50164794921875 -3.2710795402526855 89.97021484375
v -378.3103942871094 -3.2710795402526855 90.23299407958984
v -378.5929260253906 -3.2710795402526855 89.3635025024414
v -368.95849609375 -2.156351327896118 96.58635711669922
v -370.0884094238281 -2.156351327896118 96.63568878173828
v -370.1414489746094 -2.156351327896118 95.4208984375
v -369.39111328125 -2.1294734477996826 97.62580108642578
v -370.3705749511719 -2.1294734477996826 97.06031036376953
v -370.3705749511719 -3.2710795402526855 97.06031036376953
v -377.7841796875 -3.2710795402526855 89.10072326660156
v -369.39111328125 -3.2710795402526855 97.62580108642578
v -370.3705749511719 -2.1294734477996826 97.06031036376953
v -369.7626037597656 -2.1294734477996826 96.00727081298828
v -369.7626037597656 -3.2710795402526855 96.00727081298828
v -370.3705749511719 -3.2710795402526855 97.06031036376953
v -369.7626037597656 -2.1294734477996826 96.00727081298828
v -368.7831115722656 -2.1294734477996826 96.57276153564453
v -368.7831115722656 -3.2710795402526855 96.57276153564453
v -369.7626037597656 -3.2710795402526855 96.00727081298828
v -368.7831115722656 -2.1294734477996826 96.57276153564453
v -369.39111328125 -2.1294734477996826 97.62580108642578
v -369.39111328125 -3.2710795402526855 97.62580108642578
v -368.7831115722656 -3.2710795402526855 96.57276153564453
v -369.01153564453125 -1.0147451162338257 95.37156677246094
v -368.95849609375 -1.0147451162338257 96.58635711669922
v -368.95849609375 -2.156351327896118 96.58635711669922
v -378.3103942871094 -2.412728786468506 90.23299407958984
v -378.5929260253906 -2.412728786468506 89.3635025024414
v -378.5929260253906 -3.2710795402526855 89.3635025024414
v -378.3103942871094 -3.2710795402526855 90.23299407958984
v -377.50164794921875 -2.412728786468506 89.97021484375
v -378.3103942871094 -2.412728786468506 90.23299407958984
v -369.9484558105469 -2.1294734477996826 95.7385482788086
v -370.32421875 -2.1294734477996826 94.58211517333984
v -370.32421875 -3.2710795402526855 94.58211517333984
v -378.03302001953125 3.041313648223877 99.20982360839844
v -376.8766174316406 3.041313648223877 98.8340835571289
v -369.01153564453125 -2.156351327896118 95.37156677246094
v -376.527099609375 3.041313648223877 99.90970611572266
v -369.39111328125 -2.1294734477996826 97.62580108642578
v -377.6835021972656 4.182919979095459 100.28545379638672
v -376.527099609375 4.182919979095459 99.90970611572266
v -376.8766174316406 4.182919979095459 98.8340835571289
v -370.0884094238281 -1.0147451162338257 96.63568878173828
v -368.95849609375 -1.0147451162338257 96.58635711669922
v -368.95849609375 -1.0147451162338257 96.58635711669922
v -370.0884094238281 -2.156351327896118 96.63568878173828
v -378.03302001953125 4.182919979095459 99.20982360839844
v -377.7841796875 -2.412728786468506 89.10072326660156
v -369.01153564453125 -1.0147451162338257 95.37156677246094
v -377.6835021972656 3.041313648223877 100.28545379638672
v -376.527099609375 3.041313648223877 99.90970611572266
v -376.527099609375 4.182919979095459 99.90970611572266
v -378.3103942871094 -3.2710795402526855 90.23299407958984
v -377.6835021972656 4.182919979095459 100.28545379638672
v -376.8766174316406 3.041313648223877 98.8340835571289
v -376.527099609375 4.182919979095459 99.90970611572266
v -376.8766174316406 3.041313648223877 98.8340835571289
v -378.03302001953125 3.041313648223877 99.20982360839844
v -378.03302001953125 4.182919979095459 99.20982360839844
v -376.8766174316406 4.182919979095459 98.8340835571289
v -369.9484558105469 -2.1294734477996826 95.7385482788086
v -370.1414489746094 -2.156351327896118 95.4208984375
v -370.0884094238281 -2.156351327896118 96.63568878173828
v -370.0884094238281 -1.0147451162338257 96.63568878173828
v -370.1414489746094 -1.0147451162338257 95.4208984375
v -365.615478515625 4.182919979095459 100.01033020019531
v -364.6360168457031 4.182919979095459 100.57582092285156
v -364.6360168457031 3.041313648223877 100.57582092285156
v -366.45782470703125 3.041313648223877 101.01514434814453
v -366.1083068847656 3.041313648223877 102.09077453613281
v -367.2647399902344 3.041313648223877 102.46652221679688
v -367.2647399902344 4.182919979095459 102.46652221679688
v -366.1083068847656 4.182919979095459 102.09077453613281
v -366.45782470703125 4.182919979095459 101.01514434814453
v -369.9484558105469 -3.2710795402526855 95.7385482788086
v -370.32421875 -2.1294734477996826 94.58211517333984
v -369.24859619140625 -2.1294734477996826 94.23262023925781
v -369.24859619140625 -3.2710795402526855 94.23262023925781
v -367.6142272949219 4.182919979095459 101.3908920288086
v -367.2647399902344 3.041313648223877 102.46652221679688
v -366.1083068847656 3.041313648223877 102.09077453613281
v -366.1083068847656 4.182919979095459 102.09077453613281
v -370.32421875 -3.2710795402526855 94.58211517333984
v -367.2647399902344 4.182919979095459 102.46652221679688
v -366.45782470703125 3.041313648223877 101.01514434814453
v -366.1083068847656 4.182919979095459 102.09077453613281
v -369.24859619140625 -2.1294734477996826 94.23262023925781
v -368.8728332519531 -2.1294734477996826 95.38905334472656
v -368.8728332519531 -3.2710795402526855 95.38905334472656
v -366.45782470703125 3.041313648223877 101.01514434814453
v -367.6142272949219 3.041313648223877 101.3908920288086
v -367.6142272949219 4.182919979095459 101.3908920288086
v -368.8728332519531 -2.1294734477996826 95.38905334472656
v -369.24859619140625 -2.1294734477996826 94.23262023925781
v -366.45782470703125 4.182919979095459 101.01514434814453
v -369.24859619140625 -3.2710795402526855 94.23262023925781
v -378.5929260253906 -3.2710795402526855 89.3635025024414
v -377.7841796875 -2.412728786468506 89.10072326660156
v -377.50164794921875 -2.412728786468506 89.97021484375
v -377.50164794921875 -3.2710795402526855 89.97021484375
v -377.7841796875 -3.2710795402526855 89.10072326660156
v -367.6142272949219 3.041313648223877 101.3908920288086
v -367.2647399902344 4.182919979095459 102.46652221679688
v -365.2440185546875 3.041313648223877 101.62886047363281
v -366.2234802246094 3.041313648223877 101.06336975097656
v -365.615478515625 3.041313648223877 100.01033020019531
v -368.7831115722656 -2.1294734477996826 96.57276153564453
v -365.2440185546875 4.182919979095459 101.62886047363281
v -364.6360168457031 4.182919979095459 100.57582092285156
v -369.7626037597656 -3.2710795402526855 96.00727081298828
v -370.32421875 -3.2710795402526855 94.58211517333984
v -370.3705749511719 -3.2710795402526855 97.06031036376953
v -365.2440185546875 4.182919979095459 101.62886047363281
v -366.2234802246094 4.182919979095459 101.06336975097656
v -366.2234802246094 3.041313648223877 101.06336975097656
v -366.2234802246094 4.182919979095459 101.06336975097656
v -365.615478515625 4.182919979095459 100.01033020019531
v -365.615478515625 3.041313648223877 100.01033020019531
v -366.2234802246094 3.041313648223877 101.06336975097656
v -369.9484558105469 -3.2710795402526855 95.7385482788086
v -365.2440185546875 3.041313648223877 101.62886047363281
v -364.6360168457031 3.041313648223877 100.57582092285156
v -364.6360168457031 4.182919979095459 100.57582092285156
v -365.2440185546875 4.182919979095459 101.62886047363281
v -365.615478515625 3.041313648223877 100.01033020019531
v -367.6142272949219 3.041313648223877 101.3908920288086
vn 0.508934497833252 0.444120854139328 0.7373888492584229
vn 0.7244007587432861 0.4199743866920471 0.546685516834259
vn 0.7184880375862122 0.39081263542175293 -0.5753611922264099
vn -0.9997274279594421 -0.023347029462456703 0.00003281728641013615
vn -0.9212960004806519 -0.27413591742515564 0.2757956087589264
vn -0.9997266530990601 -0.02337862178683281 -0.000005804718057333957
vn -0.5446294546127319 0.6970342397689819 0.4663925766944885
vn -0.7201321125030518 0.693827748298645 0.003581790719181299
vn -0.45318472385406494 0.41885608434677124 0.7868819236755371
vn -0.4602225720882416 -0.5774720907211304 0.6743301153182983
vn -0.7091922163963318 -0.48514994978904724 0.5115427374839783
vn -0.7546358108520508 0.27573683857917786 0.59539395570755
vn -0.7152940034866333 0.6988124251365662 -0.00396475987508893
vn -0.7114662528038025 0.4310360550880432 0.5549988150596619
vn -0.4729692041873932 0.4519759714603424 -0.7563186287879944
vn -0.7155424356460571 0.4108986556529999 -0.5649436712265015
vn -0.9997271299362183 -0.023359201848506927 0.000024604534701211378
vn -0.9997287392616272 -0.023291345685720444 0
vn 0.3377719819545746 -0.8493411540985107 0.40562257170677185
vn 0.7047663927078247 0.07598569244146347 -0.7053584456443787
vn 0.3055092394351959 -0.888154923915863 -0.3432855010032654
vn 0.7055522203445435 0.050078362226486206 0.7068862915039062
vn -0.7071148157119751 0.003098873421549797 0.7070919275283813
vn -0.3082229197025299 -0.9101079702377319 0.27695152163505554
vn -0.43882399797439575 -0.7833197116851807 -0.4402769207954407
vn 0.9671394228935242 0.24350857734680176 -0.07310854643583298
vn 0.8629937767982483 0.10892122983932495 0.4933334290981293
vn 0.9270012378692627 -0.3685934245586395 -0.06933723390102386
vn -0.7071754336357117 0.029096396639943123 -0.706439197063446
vn -0.8196436166763306 -0.09422837197780609 -0.565071165561676
vn -0.6975695490837097 -0.1376681923866272 -0.7031672596931458
vn -0.7629343867301941 -0.3118187189102173 -0.5663038492202759
vn 0.3055092394351959 -0.888154923915863 -0.3432855010032654
vn 0.7047663927078247 0.07598569244146347 -0.7053584456443787
vn -0.7071754336357117 0.029096396639943123 -0.706439197063446
vn -0.43882399797439575 -0.7833197116851807 -0.4402769207954407
vn 0.7072867155075073 0.018971601501107216 -0.706672191619873
vn 0.4336634576320648 -0.7869654297828674 -0.4388866126537323
vn 0.7069312930107117 -0.006687328685075045 0.7072505950927734
vn 0.30657628178596497 -0.9109916090965271 0.27587178349494934
vn -0.14067254960536957 0.7026860117912292 -0.6974550485610962
vn -0.4344537854194641 0.6473339200019836 -0.6262656450271606
vn 0.000002748930910456693 0.7198247313499451 -0.6941558718681335
vn 0.000003004050768140587 0.7198245525360107 -0.6941560506820679
vn -0.9123255014419556 -0.0474095344543457 -0.40671172738075256
vn 0.9956080913543701 -0.01637997478246689 0.0921740010380745
vn 0.7063761353492737 -0.5023479461669922 0.4986775815486908
vn 0.5782599449157715 0.5745481252670288 -0.5792321562767029
vn 0.5483434796333313 -0.5490215420722961 -0.630789041519165
vn 0.6941713690757751 -0.003953895531594753 -0.7197989225387573
vn 0.4430728852748871 -0.591351330280304 0.6737877726554871
vn 0.849461555480957 0.527503252029419 0.012464163824915886
vn -0.9973920583724976 0.04958852007985115 -0.05244108662009239
vn -0.9724461436271667 -0.0025058945175260305 -0.23311391472816467
vn -0.972291886806488 0.001109384000301361 -0.23376785218715668
vn 0.523533284664154 0.7156147956848145 -0.46239420771598816
vn 0.726459264755249 0.6871662735939026 -0.007710442412644625
vn 0.45183321833610535 0.42715272307395935 -0.7831904292106628
vn -0.8707678914070129 0.32674887776374817 -0.367421418428421
vn -0.5237463116645813 -0.5395269989967346 -0.6592423319816589
vn -0.7418639063835144 0.4447597861289978 -0.5018233060836792
vn -0.5769003629684448 0.5411524772644043 -0.6118332743644714
vn -0.9315816760063171 0.2595119774341583 -0.2545763850212097
vn -0.7826206088066101 0.44627198576927185 -0.4339887797832489
vn -0.43445590138435364 0.6473351120948792 -0.6262630820274353
vn -0.9754313826560974 0.1563040167093277 -0.155250683426857
vn -0.8197130560874939 -0.10094524174928665 -0.5638088583946228
vn -0.0000018989115915246657 0.7198280692100525 -0.6941524147987366
vn 0.7403037548065186 0.6713454723358154 -0.035291653126478195
vn 0.7586272954940796 -0.5449825525283813 -0.357041597366333
vn -0.8695207238197327 -0.2800610661506653 -0.4068160057067871
vn -0.6974904537200928 -0.15083454549312592 -0.700539767742157
vn -0.9125128388404846 -0.054510150104761124 -0.4053995907306671
vn -0.5313923954963684 0.6087061166763306 -0.5891510844230652
vn -0.6665375232696533 0.5351411700248718 -0.5189911127090454
vn 0.502437949180603 -0.8644364476203918 0.01748480089008808
vn -0.6665375232696533 0.5351411700248718 -0.5189911127090454
vn -0.5313923954963684 0.6087061166763306 -0.5891510844230652
vn -0.7283201217651367 0.6848154664039612 0.024034732952713966
vn -0.6353278160095215 0.7433412671089172 0.2092902809381485
vn 0.4823487401008606 -0.6438551545143127 -0.5939614772796631
vn 0.7100642919540405 -0.02113373763859272 0.7038196325302124
vn 0.6867578625679016 -0.32494017481803894 0.6502134203910828
vn 0.5945125818252563 -0.609092116355896 0.5249395966529846
vn -0.9997266530990601 -0.02337862178683281 -0.000005804718057333957
vn 0.5263219475746155 0.6999805569648743 0.4827135503292084
vn -0.5075998902320862 -0.5802923440933228 -0.6368698477745056
vn 0.30345460772514343 0.6792473196983337 -0.668235182762146
vn -0.9997274279594421 -0.023347029462456703 0.00003281728641013615
vn -0.9997271299362183 -0.023359201848506927 0.000024604534701211378
vn -0.9997285008430481 -0.02330029383301735 0.000012291057828406338
vn -0.7152971625328064 0.6988204121589661 0.000008278991117549594
vn 0.7055522203445435 0.050078362226486206 0.7068862915039062
vn 0.3377719819545746 -0.8493411540985107 0.40562257170677185
vn 0.29090943932533264 -0.6296810507774353 0.7203287482261658
vn 0.8315695524215698 -0.46012070775032043 0.3110964000225067
vn 0.5782599449157715 0.5745481252670288 -0.5792321562767029
vn 0 0.7225053906440735 -0.6913653016090393
vn 0.5779061317443848 0.5741956233978271 -0.5799344182014465
vn 0.7069312930107117 -0.006687328685075045 0.7072505950927734
vn 0.30657628178596497 -0.9109916090965271 0.27587178349494934
vn -0.5175459980964661 0.716910719871521 -0.46710291504859924
vn -0.8197484612464905 -0.10455320030450821 -0.5630995631217957
vn 0.446153461933136 0.6344287991523743 -0.6312267780303955
vn 0.15355180203914642 0.7093043327331543 -0.6879748106002808
vn 0.000001374468070025614 0.7211664319038391 -0.6927618980407715
vn -0.866827130317688 0.35689643025398254 -0.3481893241405487
vn 0.1599707454442978 0.7002050280570984 -0.6957889199256897
vn -0.49688705801963806 0.6183326840400696 -0.608907163143158
vn -0.6242323517799377 0.5609058737754822 -0.5438000559806824
vn 0.7589046359062195 0.2558116614818573 0.5988523960113525
vn -0.7195377349853516 -0.4232673943042755 -0.5505543351173401
vn -0.8383616805076599 -0.4454805254936218 0.31416040658950806
vn -0.95622718334198 0.280464231967926 -0.08348293602466583
vn -0.9288818836212158 -0.36830705404281616 -0.03909365460276604
vn -0.5080414414405823 -0.8610552549362183 0.02185657061636448
vn -0.8324859142303467 -0.3666605055332184 -0.41536417603492737
vn 0.7551109194755554 0.5828244686126709 -0.3002050518989563
vn 0.8495039939880371 0.5274452567100525 0.01202181912958622
vn 0.5779061317443848 0.5741956233978271 -0.5799344182014465
vn 0.7551934123039246 0.5829302072525024 -0.29979199171066284
vn -0.0011043243575841188 0.037581656128168106 0.9992930293083191
vn -0.8270469903945923 0.40271544456481934 -0.39219072461128235
vn -0.7826206088066101 0.44627198576927185 -0.4339887797832489
vn -0.27647364139556885 0.6912092566490173 -0.6676766872406006
vn -0.9641469717025757 -0.11902505904436111 -0.23717837035655975
vn -0.8607891201972961 0.13369928300380707 0.4910871982574463
vn -0.7066783308982849 0.3260435163974762 -0.6279341578483582
vn -0.4380546510219574 -0.6529738306999207 -0.6178456544876099
vn 0.8898522853851318 0.28076863288879395 -0.35962745547294617
vn 0.7329636812210083 0.2929126024246216 -0.6139759421348572
vn -0.12696993350982666 0.8109055161476135 -0.571236252784729
vn -0.0000016213397202591295 0.8175222873687744 -0.5758968591690063
vn -0.27595436573028564 0.6776005625724792 -0.6816940307617188
vn -0.5195469260215759 -0.39788755774497986 0.7561458349227905
vn -0.5208159685134888 -0.6675029397010803 0.5321564674377441
vn -0.444546639919281 -0.1213604062795639 0.8874964714050293
vn -0.5429326295852661 -0.6348864436149597 0.5496757626533508
vn -0.6815743446350098 -0.5192756056785583 0.5155669450759888
vn -0.43092596530914307 -0.9023865461349487 -0.001150706666521728
vn -0.49800536036491394 -0.8214552402496338 0.277852326631546
vn 0.6320648193359375 -0.7173741459846497 0.2930332124233246
vn 0.6821656227111816 -0.48406970500946045 0.5480206608772278
vn 0.5257989168167114 -0.6605423092842102 0.53592848777771
vn 0.8630743026733398 -0.3648471534252167 0.349269837141037
vn 0.5021833181381226 -0.6125023365020752 0.6104529500007629
vn 0.7572565674781799 -0.5831940174102783 0.2940188944339752
vn 0.9997454285621643 -0.022407596930861473 -0.002650777343660593
vn 0.9249672293663025 -0.0235548485070467 0.3793160021305084
vn 0.6918610334396362 -0.7214642763137817 0.02859400026500225
vn 0.590637743473053 -0.2988545596599579 0.7495552897453308
vn 0.8865861296653748 -0.4570452570915222 -0.07123751938343048
vn 0.9230703115463257 -0.017865780740976334 -0.3842160403728485
vn 0.7065577507019043 -0.010617442429065704 -0.7075757384300232
vn 0.9482690691947937 0.3127139210700989 -0.05473355948925018
vn 0.8960299491882324 0.16357450187206268 -0.412763386964798
vn 0.4499107599258423 -0.0887453705072403 0.8886532187461853
vn 0.8408457040786743 -0.153648242354393 0.5190092921257019
vn 0.2653867304325104 -0.5848949551582336 0.7664645314216614
vn 0.5287287831306458 -0.3738475441932678 0.7620261311531067
vn 0.0058907256461679935 -0.5878481864929199 0.8089498281478882
vn 0.5065307021141052 -0.5414950847625732 0.6709766983985901
vn -0.9996182322502136 -0.02223082259297371 0.016407659277319908
vn -0.9996172785758972 -0.023196758702397346 -0.015072575770318508
vn -0.8974643349647522 -0.01489630714058876 0.44083544611930847
vn 0.8515726923942566 -0.37082958221435547 -0.37055283784866333
vn 0.7031430006027222 -0.6793540716171265 -0.20992378890514374
vn 0.7121384739875793 -0.1736140102148056 -0.6802330017089844
vn 1.1830342039331754e-8 -0.1890106201171875 0.9819750189781189
vn 0.3638187348842621 -0.6060107350349426 0.7073802947998047
vn -0.35750749707221985 -0.6097195744514465 0.7074111104011536
vn -0.46769726276397705 -0.6944304704666138 0.5468323826789856
vn 0.5024911761283875 -0.5294843316078186 -0.6834829449653625
vn 0.8782100677490234 -0.009268872439861298 -0.4781852662563324
vn 0.7009610533714294 0.0008257064037024975 -0.7131990790367126
vn 0.8840490579605103 0.040584467351436615 -0.46562883257865906
vn -0.6975695490837097 -0.1376681923866272 -0.7031672596931458
vn 0.5082106590270996 -0.5446303486824036 -0.6671579480171204
vn -0.5075998902320862 -0.5802923440933228 -0.6368698477745056
vn 0.8559702038764954 0.16592125594615936 -0.48967868089675903
vn 0.9189561009407043 0.32570701837539673 -0.2223391979932785
vn 0.7671334147453308 0.143893763422966 -0.6251407265663147
vn 0.8988805413246155 0.24897658824920654 -0.36058905720710754
vn -0.893309473991394 0.007268235553056002 -0.4493832588195801
vn -0.5452015995979309 -0.4424237608909607 -0.7120507955551147
vn -0.5086506009101868 -0.5643883943557739 -0.6501848697662354
vn 0.5528790950775146 0.64312744140625 -0.5298224091529846
vn 0.530244767665863 -0.3605235815048218 -0.7673742771148682
vn 0.881655752658844 -0.039708152413368225 0.47021955251693726
vn 0.6941713690757751 -0.003953895531594753 -0.7197989225387573
vn 0.7087916731834412 0.012709621340036392 0.7053033709526062
vn 0.4780791103839874 -0.7445295453071594 -0.4659571647644043
vn 0.2518799304962158 0.7911646962165833 -0.557328462600708
vn 0.11501145362854004 0.7563911080360413 -0.6439292430877686
vn 0.4875192642211914 0.7137896418571472 -0.5028213262557983
vn 0.8552742004394531 0.41395899653434753 0.31167909502983093
vn 0.8701198101043701 0.4364004135131836 0.22901131212711334
vn 0.6312883496284485 0.4518034756183624 0.6303560137748718
vn 0.7328081727027893 0.6775851845741272 0.062214046716690063
vn -0.7087743282318115 -0.11315853148698807 0.6963002681732178
vn -0.7112492322921753 -0.07408434897661209 0.6990250945091248
vn -0.38568052649497986 -0.1426653265953064 0.9115356206893921
vn 0.4481629729270935 -0.8078444600105286 0.3828018605709076
vn 0.4689626395702362 -0.8513094782829285 0.23525771498680115
vn 0.7100642919540405 -0.02113373763859272 0.7038196325302124
vn 0.5945125818252563 -0.609092116355896 0.5249395966529846
vn 0.4528563320636749 -0.6549079418182373 -0.6049931645393372
vn 0.5466834902763367 0.3134666085243225 -0.7764508724212646
vn 0.9078202843666077 0.27729532122612 -0.31459447741508484
vn 0.9848418235778809 -0.17342783510684967 -0.0030567676294595003
vn 0.5483434796333313 -0.5490215420722961 -0.630789041519165
vn 0.8693844676017761 0.22388078272342682 -0.4405089020729065
vn 0.5578998327255249 0.10162931680679321 -0.8236621022224426
vn 0.7106813192367554 0.3187434673309326 -0.6271640658378601
vn 0.502922773361206 0.3916046619415283 -0.7705287337303162
vn 0.5064697861671448 0.5652514696121216 -0.6511368155479431
vn -0.9968607425689697 -0.07894600182771683 -0.006016560830175877
vn 0.6704599261283875 -0.12590694427490234 0.7311846017837524
vn -0.6412143707275391 -0.7188348174095154 0.26855283975601196
vn -0.6781083941459656 -0.7339643239974976 -0.038280513137578964
vn -0.7088026404380798 -0.08975746482610703 -0.6996731162071228
vn -0.39440375566482544 -0.4606960415840149 -0.7951130867004395
vn 0.016841355711221695 -0.7185103297233582 -0.6953123211860657
vn -0.4267026484012604 -0.789861261844635 -0.4405043423175812
vn -0.8118963241577148 -0.04180276021361351 -0.5823030471801758
vn -0.7091786861419678 -0.058666374534368515 -0.7025835514068604
vn -0.2451171725988388 0.2933221161365509 -0.9240561723709106
vn -0.4689904451370239 0.108152836561203 -0.8765562772750854
vn -0.502924919128418 0.39160189032554626 -0.7705287337303162
vn -0.000001266553681489313 0.45307111740112305 -0.8914744257926941
vn 0.10204494744539261 -0.04692121967673302 -0.9936726093292236
vn 0.31897008419036865 0.1817348301410675 -0.9301776885986328
vn 0.26044961810112 0.4374350309371948 -0.8607070446014404
vn 0.2589922547340393 0.6198907494544983 -0.7407147884368896
vn -0.33131179213523865 0.5018541812896729 -0.7989836931228638
vn -0.6226326823234558 0.490062952041626 -0.6100547909736633
vn -0.8693857192993164 0.2238759696483612 -0.4405088424682617
vn -0.19509181380271912 -0.3106415271759033 -0.9302908778190613
vn -0.1438155621290207 -0.11904044449329376 -0.9824187159538269
vn -0.3802165687084198 -0.1833297461271286 -0.9065459966659546
vn -0.00880983006209135 0.6738947629928589 -0.738774836063385
vn -0.000008869750672602095 -0.4220971167087555 -0.9065505862236023
vn -0.42124485969543457 -0.38281816244125366 -0.8221940398216248
vn -0.38380733132362366 -0.16362716257572174 0.9088003635406494
vn 0.36314329504966736 -0.44994011521339417 0.8158926367759705
vn 0.09638102352619171 -0.5536531805992126 0.8271510601043701
vn 0.7103226184844971 -0.06606318056583405 0.7007691860198975
vn 0.5143234729766846 -0.13342557847499847 0.8471534848213196
vn -0.6974904537200928 -0.15083454549312592 -0.700539767742157
vn -0.9968607425689697 -0.07894600182771683 -0.006016560830175877
vn -0.9954119324684143 -0.0769849568605423 0.05681943520903587
vn -0.9925692677497864 -0.1215008944272995 0.006618964485824108
vn -0.9944266676902771 -0.10528186708688736 -0.005593573674559593
vn -0.48752209544181824 0.7137865424156189 -0.502822995185852
vn -0.38551872968673706 0.7025831937789917 -0.5981238484382629
vn -0.25188305974006653 0.7911630868911743 -0.5573292970657349
vn -0.9925692677497864 -0.1215008944272995 0.006618964485824108
vn -0.9937834739685059 -0.11132535338401794 -0.0010201637633144855
vn -0.9925336837768555 -0.1217924952507019 0.006594898644834757
vn -0.9936476945877075 -0.112535759806633 -0.00009140889596892521
vn -0.9952049851417542 -0.0975906252861023 0.006567812990397215
vn -0.9960165619850159 -0.08916734904050827 0.00042915853555314243
vn 0.4478030800819397 -0.06933946162462234 -0.8914395570755005
vn -0.9972932934761047 -0.07336171716451645 0.0049091302789747715
vn -0.9977419972419739 -0.0671629011631012 0.000039369533624267206
vn -0.9977419972419739 -0.0671629011631012 0.000039369533624267206
vn -0.9977473020553589 -0.06708484888076782 0.00005741239510825835
vn -0.9977489113807678 -0.06706079095602036 0.00002961841892101802
vn -0.9997287392616272 -0.023291345685720444 0
vn -0.7152940034866333 0.6988124251365662 -0.00396475987508893
vn -0.7152937054634094 0.6988239288330078 0
vn 0.2942219376564026 -0.11320070177316666 -0.9490095376968384
vn 0.47365328669548035 -0.17457635700702667 -0.863235592842102
vn 0.764076292514801 -0.27230867743492126 -0.5848379135131836
vn 0.4212287664413452 -0.38282445073127747 -0.8221994042396545
vn -0.7640877366065979 -0.272297203540802 -0.5848283171653748
vn 0.7121235132217407 -0.1736040562391281 -0.6802512407302856
vn 0.8048244118690491 -0.0925469920039177 -0.5862531065940857
vn 0.7103146910667419 -0.06606138497591019 -0.7007773518562317
vn -0.8447561264038086 -0.11408527195453644 0.5228493809700012
vn 0.7172763347625732 0.02633202075958252 -0.6962910294532776
vn -0.8404723405838013 -0.14203321933746338 0.5229079127311707
vn -0.8404521346092224 -0.14220386743545532 0.5228942036628723
vn -0.7088632583618164 -0.02751809172332287 -0.7048089504241943
vn 0.5875556468963623 -0.03855626657605171 0.8082646727561951
vn -0.7088026404380798 -0.08975746482610703 -0.6996731162071228
vn 0.3851557970046997 -0.13830778002738953 0.912428617477417
vn -0.2170926034450531 -0.4249586760997772 0.8787950873374939
vn 0.8396105170249939 -0.14227530360221863 -0.5242251753807068
vn 0.6976320743560791 -0.4840812385082245 -0.5281807780265808
vn -0.35529831051826477 -0.5432754755020142 0.7606673836708069
vn 0.0045699914917349815 -0.6164280772209167 0.7873980402946472
vn 0.4575556814670563 -0.7048476338386536 0.5420632362365723
vn 0.6446970701217651 -0.7132156491279602 -0.27511677145957947
vn 0.5365881323814392 -0.6375446915626526 -0.5528200268745422
vn 1 0.000029563496354967356 0
vn 0.3813278079032898 -0.8186943531036377 0.4293351471424103
vn 1 0 0
vn -0.45080479979515076 -0.526191771030426 0.7210389971733093
vn -0.9403173327445984 0.2741695046424866 0.20157992839813232
vn -0.9864396452903748 -0.09750929474830627 0.1320178061723709
vn -0.6933859586715698 0.7205663919448853 9.260917295250692e-7
vn -0.9992604851722717 0.038450222462415695 -0.00009436911204829812
vn -0.7088026404380798 -0.08975746482610703 -0.6996731162071228
vn 0.8570839166641235 -0.5115053653717041 -0.06139511987566948
vn -0.9334930181503296 -0.06335791945457458 0.35295403003692627
vn -0.4518933892250061 -0.7162429094314575 0.5317785739898682
vn -0.7152971625328064 0.6988204121589661 0.000008278991117549594
vn -0.4486790597438812 -0.7778216600418091 0.4400915205478668
vn -0.9330511093139648 -0.05749402940273285 0.3551197052001953
vn -0.44959065318107605 -0.645919680595398 0.6169732809066772
vn -0.8829905390739441 0.04009900614619255 0.46767497062683105
vn -0.7575626969337463 -0.5364218354225159 -0.37195485830307007
vn -0.99274080991745 -0.09915193170309067 -0.06807759404182434
vn -0.8222360610961914 0.0918256863951683 -0.5616902709007263
vn -0.5293378233909607 0.6801403164863586 -0.507159411907196
vn -0.45047032833099365 0.141143798828125 -0.8815639019012451
vn 0.8382670283317566 -0.1682904213666916 0.5186392068862915
vn 0.9475991725921631 0.26308849453926086 0.1812187135219574
vn 0.997677743434906 0.03921709209680557 0.055686693638563156
vn 0.4426206648349762 -0.5466076135635376 0.7108495235443115
vn 0.4417976438999176 -0.32820606231689453 0.8349225521087646
vn 0.9864799380302429 -0.0887787863612175 -0.13775207102298737
vn 0.4747267961502075 0.5826670527458191 -0.6596465706825256
vn -0.4602225720882416 -0.5774720907211304 0.6743301153182983
vn -0.6756942868232727 -0.7361931204795837 0.038167767226696014
vn -0.8420395255088806 -0.1726507991552353 0.511039137840271
vn -0.9971702694892883 0.05079975351691246 0.055415499955415726
vn -0.9589275121688843 0.2347918152809143 0.15915630757808685
vn 0.8065892457962036 -0.03780283033847809 0.5899025201797485
vn -0.4498002231121063 -0.34748488664627075 0.8227599859237671
vn -0.846564769744873 -0.27793997526168823 0.4539574384689331
vn -0.6314145922660828 -0.7751857042312622 0.020067987963557243
vn -0.7088026404380798 -0.08975746482610703 -0.6996731162071228
vn -0.7114662528038025 0.4310360550880432 0.5549988150596619
vn -0.7155424356460571 0.4108986556529999 -0.5649436712265015
vn 0.8646008372306824 -0.38582751154899597 0.32187315821647644
vn -0.6997795701026917 0.33456850051879883 -0.631167471408844
vn -0.7923591136932373 -0.09133626520633698 -0.603178858757019
vn -0.7178729176521301 -0.5653751492500305 -0.4062133729457855
vn -0.8109884262084961 -0.16733279824256897 -0.5606223940849304
vn -0.450238436460495 -0.8872962594032288 -0.09995360672473907
vn -0.9933989644050598 -0.033414077013731 -0.10973580926656723
vn -0.47371768951416016 0.6966546177864075 -0.5387614369392395
vn 0.6834279298782349 0.346913605928421 -0.6423217058181763
vn 0.7154163122177124 -0.566948413848877 -0.40834909677505493
vn 0.7887201309204102 -0.09476672112941742 -0.6074041724205017
vn 0.7121235132217407 -0.1736040562391281 -0.6802512407302856
vn 0.7121384739875793 -0.1736140102148056 -0.6802330017089844
vn 0.9978262782096863 -0.06589394062757492 -0.0008085566223599017
vn 0.7361332178115845 0.6768366694450378 9.551671382723725e-7
vn 0.7995663285255432 -0.15378527343273163 -0.5805546045303345
vn 0.45041531324386597 -0.8872151970863342 -0.09987609088420868
vn 0.9986487627029419 0.04551181197166443 -0.025086645036935806
vn 0.4364015460014343 0.716648519039154 -0.544029951095581
vn -0.47208717465400696 0.5732074975967407 -0.6697513461112976
vn -0.8989270925521851 0.339872270822525 0.2764364182949066
vn -0.7076433300971985 0.7065697908401489 0.000005337680704542436
vn 0.7031430006027222 -0.6793540716171265 -0.20992378890514374
vn 0.5995015501976013 -0.5452218055725098 0.585944652557373
vn 0.6834124326705933 -0.7300322651863098 -0.0005552335642278194
vn 0.8515658974647522 0.08290673047304153 -0.5176504850387573
vn 0.7143967747688293 -0.5819697380065918 -0.3885206878185272
vn 0.5997730493545532 -0.8000138998031616 0.015813682228326797
vn 0.6944758892059326 -0.4357001781463623 -0.5725980997085571
vn 0.45032891631126404 0.14120109379291534 -0.8816269636154175
vn 0.6616743803024292 -0.7231257557868958 -0.19818252325057983
vn -0.6816673278808594 -0.6099011301994324 -0.40416619181632996
vn 0.6868276000022888 -0.6060765981674194 -0.40117204189300537
vn 0.5045615434646606 -0.8324709534645081 0.22893160581588745
vn -0.6158511638641357 -0.49953484535217285 0.6092555522918701
vn -0.4267026484012604 -0.789861261844635 -0.4405043423175812
vn -0.7176926732063293 -0.6963599324226379 -0.00006926084461156279
vn 0.5782599449157715 0.5745481252670288 -0.5792321562767029
vn 0.4950498044490814 -0.6671944856643677 0.5565763711929321
vn 0.5290473699569702 0.6805701851844788 -0.5068856477737427
vn 0.7071067690849304 0.7071067690849304 -9.832641580942436e-7
vn 0.7184880375862122 0.39081263542175293 -0.5753611922264099
vn 0.7244007587432861 0.4199743866920471 0.546685516834259
vn 0.947670578956604 0.24940815567970276 0.19928869605064392
vn -0.8342689871788025 -0.5075772404670715 0.21531526744365692
vn 0.5264471769332886 -0.672768235206604 0.5198426246643066
vn 0.5394477248191833 -0.05974884331226349 0.839896559715271
vn -0.7176926732063293 -0.6963599324226379 -0.00006926084461156279
vn 0.6834124326705933 -0.7300322651863098 -0.0005552335642278194
vn 0.049183737486600876 -0.8951090574264526 0.44312602281570435
vn 0.9845553636550903 -0.13210543990135193 0.11488653719425201
vn -0.5324644446372986 -0.7304986715316772 0.4276135265827179
vn 0.8379117250442505 0.3697422444820404 -0.40149030089378357
vn -0.6158511638641357 -0.49953484535217285 0.6092555522918701
vn 0.5995015501976013 -0.5452218055725098 0.585944652557373
vn -0.7820199131965637 -0.3758585751056671 -0.4971671998500824
vn 0.7668363451957703 0.0996646136045456 -0.6340576410293579
vn -0.8590076565742493 0.364828497171402 -0.35917407274246216
vn -0.8137121796607971 0.12663283944129944 0.5673063397407532
vn 0.9038311839103699 -0.4278886318206787 -0.0007331713568419218
vn -0.5475133061408997 -0.04262790083885193 0.8357104659080505
vn 0.7063761353492737 -0.5023479461669922 0.4986775815486908
vn -0.8046964406967163 -0.4434545636177063 -0.3947297930717468
vn -0.5229637026786804 -0.6818218231201172 0.5114957690238953
vn -2.445609652568237e-7 1 -8.25207735033473e-7
vn -2.445609652568237e-7 1 -8.25207735033473e-7
vn -2.445609652568237e-7 1 -8.25207735033473e-7
vn -0.000003327929562146892 1 0
vn -4.0443299553771794e-7 1 -0.0000010949312354568974
vn 0 1 2.7995560003546416e-7
vn -2.4505541773578443e-7 1 -0.000001494631874265906
vn -0.00041793694254010916 0.9999964237213135 0.0026441365480422974
vn -0.00041793694254010916 0.9999964237213135 0.0026441365480422974
vn 5.343433144844312e-7 1 0
vn 5.343400744095561e-7 1 7.617211963406589e-7
vn 0 1 2.7995560003546416e-7
vn 5.343400744095561e-7 1 7.617211963406589e-7
vn -2.4505541773578443e-7 1 -0.000001494631874265906
vn 5.343400744095561e-7 1 7.617211963406589e-7
vn -0.0000016321287148457486 0.852470874786377 -0.5227746963500977
vn -0.2520018219947815 0.8096011281013489 -0.5301331877708435
vn -0.2391672283411026 0.8277304172515869 -0.5076035857200623
vn -0.013125359080731869 0.8354710936546326 -0.5493776798248291
vn -0.48752209544181824 0.7137865424156189 -0.502822995185852
vn 0.23281465470790863 0.8204177618026733 -0.5222182869911194
vn 0.24555349349975586 0.8019208908081055 -0.544634222984314
vn -0.0001459335908293724 0.9999980926513672 0.001942956354469061
vn -0.0001459335908293724 0.9999980926513672 0.001942956354469061
vn 0.00012606981908902526 0.9999992847442627 0.0012417753459885716
vn 0.2518799304962158 0.7911646962165833 -0.557328462600708
vn -0.0000016213397202591295 0.8175222873687744 -0.5758968591690063
vn 0.4875192642211914 0.7137896418571472 -0.5028213262557983
vn -0.12696993350982666 0.8109055161476135 -0.571236252784729
vn -0.25188305974006653 0.7911630868911743 -0.5573292970657349
vn 1.335858286211078e-7 1 2.0996670002659812e-7
vn -6.114024131420592e-8 1 3.6647662682298687e-9
vn -1.2228048262841185e-7 1 -2.726260674990044e-7
vn -2.0828457536481437e-7 1 -8.388958008254122e-7
vn -3.0537310961170627e-12 1 -0.0000012744808373099659
vn 0 1 -0.0000012744784498863737
vn 0 1 2.7995560003546416e-7
vn 0 1 2.7995560003546416e-7
vn 0 1 2.7995560003546416e-7
vn 0 1 2.7995560003546416e-7
vn -2.4505541773578443e-7 1 -0.000001494631874265906
vn -2.4505541773578443e-7 1 -0.000001494631874265906
vn -2.4505541773578443e-7 1 -0.000001494631874265906
vn -2.4505541773578443e-7 1 -0.000001494631874265906
vn 0 1 0
vn 0.0006700762896798551 0.9999997615814209 -0.00016058897017501295
vn 0 1 0
vn -1.2252770886789222e-7 1 -7.47315937132953e-7
vn 0 1 0
vn -1.2252770886789222e-7 1 -7.47315937132953e-7
vn -2.4505541773578443e-7 1 -0.000001494631874265906
vn 0 1 2.7995560003546416e-7
vn 0 1 2.7995560003546416e-7
vn 0 1 2.7995560003546416e-7
vn 2.671716572422156e-7 1 1.3997780001773208e-7
vn 2.1541147532389004e-8 1 0
vn 0.32585933804512024 0.8872846961021423 -0.32640719413757324
vn 0.3826834261417389 0.9238795638084412 -5.321387561707525e-7
vn 0 1 2.7995560003546416e-7
vn 0 1 2.7995560003546416e-7
vn 0 1 2.7995560003546416e-7
vn 0 1 2.7995560003546416e-7
vn 0.0014687228249385953 0.999990701675415 -0.00405990332365036
vn 0.002937355311587453 0.9999890327453613 0.0036404249258339405
vn 0.0014686370268464088 0.9999972581863403 0.0018183790380135179
vn 0 0.9999308586120605 -0.011759982444345951
vn 0.0014685591449961066 0.9999972581863403 0.0018194701988250017
vn 0 0.9999308586120605 -0.011759982444345951
vn -1.2252982628524478e-7 0.9999827146530151 -0.0058808401226997375
vn 2.6717003720477805e-7 1 3.8086059817032947e-7
vn -0.00010454549919813871 0.9999998211860657 0.0006608286639675498
vn 2.3587459452301118e-7 1 3.8086130871306523e-7
vn -6.259087825810639e-8 1 1.4436830637204467e-12
vn 1.6302774952237087e-7 1 -3.858730224237661e-8
vn -4.9834895321509975e-8 1 -6.189058012751047e-7
vn 1.1305345992695948e-8 1 -3.4261495329701575e-7
vn 0.00012606981908902526 0.9999992847442627 0.0012417753459885716
vn 0.00039807314169593155 0.9999997615814209 0.000540593289770186
vn -0.0001459335908293724 0.9999980926513672 0.001942956354469061
vn 4.0075747165246867e-7 1 6.998890000886604e-8
vn 1.4489117461380374e-7 1 -4.126038675167365e-7
vn -0.00020909095474053174 0.9999991655349731 0.0013216569786891341
vn -0.00020889623556286097 0.9999991655349731 0.0013218632666394114
vn 0.3444332480430603 0.9064563512802124 -0.2443411499261856
vn 0.437431275844574 0.8668928146362305 -0.2390620857477188
vn 0.3619484305381775 0.8595465421676636 -0.36079517006874084
vn 0.2479076385498047 0.9367362260818481 -0.2471177577972412
vn -8.937537643305404e-8 1 -0.000003676946562336525
vn -8.937537643305404e-8 1 -0.000003676946562336525
vn -0.3830340802669525 0.9237343072891235 0.000002715011532927747
vn 0 1 -3.2178263609239366e-7
vn -0.2887653708457947 0.9165533185005188 -0.2766667306423187
vn -0.7076433300971985 0.7065697908401489 0.000005337680704542436
vn 1.676658030191902e-7 1 -3.64211899750444e-7
vn -0.5293378233909607 0.6801403164863586 -0.507159411907196
vn -0.4644509553909302 0.7549464702606201 -0.4629698693752289
vn -3.244969661864161e-7 1 -9.600694284017663e-7
vn 5.343400744095561e-7 1 7.617211963406589e-7
vn 0.2570783793926239 0.9643046259880066 -0.06346084922552109
vn 0.125962033867836 0.9840568900108337 -0.1255606859922409
vn 0.5555701851844788 0.8314695954322815 -7.725456612206472e-7
vn 0.5782599449157715 0.5745481252670288 -0.5792321562767029
vn 0.6343932747840881 0.7730104327201843 -8.821526762403664e-7
vn 0.7071067690849304 0.7071067690849304 -9.832641580942436e-7
vn 0.6070566773414612 0.757583737373352 -0.23989365994930267
vn 0.4713967442512512 0.8819212913513184 -6.554986384799122e-7
vn 0.5252314209938049 0.816884458065033 -0.2383936643600464
vn 0.46444806456565857 0.7549492716789246 -0.46296826004981995
vn 4.675503930684499e-7 1 3.499445000443302e-8
vn 3.396172587599722e-7 1 -2.0630193375836825e-7
vn -0.3667850196361542 0.7780565023422241 -0.5099968910217285
vn -0.3543896973133087 0.7971431612968445 -0.48884645104408264
vn -0.24790935218334198 0.9367353916168213 -0.24711880087852478
vn 0.23916403949260712 0.8277319073677063 -0.5076026916503906
vn 0.12045836448669434 0.8462637662887573 -0.5189677476882935
vn -0.00010418096644571051 0.9999998211860657 0.0006609318079426885
vn -0.00020870150183327496 0.9999991655349731 0.0013220695545896888
vn 2.0037873582623433e-7 1 1.7497225712759246e-7
vn 7.244558730690187e-8 1 -6.632413374063617e-8
vn 0 1 2.7995560003546416e-7
vn -0.27619051933288574 0.8995367288589478 -0.3384559750556946
vn -0.07623019069433212 0.922682523727417 -0.37794962525367737
vn -0.14067254960536957 0.7026860117912292 -0.6974550485610962
vn -0.49688705801963806 0.6183326840400696 -0.608907163143158
vn -0.7826206088066101 0.44627198576927185 -0.4339887797832489
vn 0.46536317467689514 0.7524263262748718 -0.4661455750465393
vn 4.369802866222017e-7 1 -1.0315096687918412e-7
vn -0.00005240749669610523 1 0.00032984704012051225
vn -0.00010466777894180268 0.9999998211860657 0.0006604160880669951
vn -0.00010457041935296729 0.9999998211860657 0.0006605192320421338
vn 7.809826030324984e-8 1 -3.776094104068761e-7
vn 4.752813964614688e-8 1 -5.157548343959206e-7
vn -0.00020896867499686778 0.9999991655349731 0.0013220695545896888
vn -0.0002454519853927195 0.9999983310699463 0.0018078082939609885
vn -0.00007296683179447427 0.9999995231628418 0.0009714786428958178
vn 0 1 2.7995560003546416e-7
vn 0.3575480282306671 0.7840206623077393 -0.5074161887168884
vn 0.0022029587998986244 0.9999938607215881 0.002729949541389942
vn 0.0007341575692407787 0.9999993443489075 0.0009089884115383029
vn 0.00039807314169593155 0.9999997615814209 0.000540593289770186
vn -2.4505541773578443e-7 1 -0.000001494631874265906
vn 1.335858286211078e-7 1 2.0996670002659812e-7
vn -0.0003135140286758542 0.9999980330467224 0.001982897287234664
vn 0.00006303492409642786 0.9999998807907104 0.0006208878476172686
vn 0.5290473699569702 0.6805701851844788 -0.5068856477737427
vn -8.367459827240964e-7 0.9624112248420715 -0.2715962827205658
vn 0.5866398811340332 0.5682047009468079 -0.5770589709281921
vn 0.5878761410713196 0.5677549242973328 -0.5762429237365723
vn -0.004434925504028797 0.6883184313774109 -0.725395143032074
vn -0.007475190330296755 0.7167696356773376 -0.6972699761390686
vn -0.004434925504028797 0.6883184313774109 -0.725395143032074
vn 0.5878761410713196 0.5677549242973328 -0.5762429237365723
vn 0.580987274646759 0.5738662481307983 -0.5771752595901489
vn 0.5812130570411682 0.5743660926818848 -0.5764502882957458
vn -0.009816431440412998 0.6846456527709961 -0.7288100123405457
vn -0.01775953732430935 0.7169677019119263 -0.6968801617622375
vn 0.5812130570411682 0.5743660926818848 -0.5764502882957458
vn 0.5866398811340332 0.5682047009468079 -0.5770589709281921
vn -0.012219620868563652 0.7111585736274719 -0.702925443649292
vn -0.009816431440412998 0.6846456527709961 -0.7288100123405457
vn -0.01824265532195568 0.0010010410333052278 -0.9998331069946289
vn 0.5730195641517639 0.5872653126716614 -0.5716362595558167
vn -0.013182883150875568 0.6995893120765686 -0.7144235372543335
vn 0.5730195641517639 0.5872653126716614 -0.5716362595558167
vn 0.580987274646759 0.5738662481307983 -0.5771752595901489
vn -0.01775953732430935 0.7169677019119263 -0.6968801617622375
vn -0.013182883150875568 0.6995893120765686 -0.7144235372543335
vn 0.5689484477043152 0.5892259478569031 -0.5736815333366394
vn 0.5644351840019226 0.5824726223945618 -0.5849260687828064
vn -0.01984342932701111 0.7001454830169678 -0.7137243747711182
vn -0.015654707327485085 0.6997372508049011 -0.7142287492752075
vn -0.01984342932701111 0.7001454830169678 -0.7137243747711182
vn 0.5644351840019226 0.5824726223945618 -0.5849260687828064
vn 0.5671381950378418 0.5764228701591492 -0.5882949233055115
vn 0.5760231614112854 0.5848038196563721 -0.5711407661437988
vn -0.027421658858656883 0.7095966339111328 -0.7040743231773376
vn -0.029448913410305977 0.7029948234558105 -0.7105849981307983
vn -0.02185417339205742 0.70499587059021 -0.7088746428489685
vn -0.027421658858656883 0.7095966339111328 -0.7040743231773376
vn 0.5760231614112854 0.5848038196563721 -0.5711407661437988
vn 0.5627914071083069 0.5947811603546143 -0.5740219950675964
vn 0.5586830973625183 0.5914881229400635 -0.5813906192779541
vn -0.029253706336021423 0.7116114497184753 -0.7019639611244202
vn -0.027424432337284088 0.7150930762290955 -0.698491096496582
vn 0.5586830973625183 0.5914881229400635 -0.5813906192779541
vn 0.5671381950378418 0.5764228701591492 -0.5882949233055115
vn -0.029448913410305977 0.7029948234558105 -0.7105849981307983
vn -0.029253706336021423 0.7116114497184753 -0.7019639611244202
vn 0.5765207409858704 0.5662536025047302 -0.5890507102012634
vn 0.5756434798240662 0.5684437155723572 -0.5877978205680847
vn -0.032137662172317505 0.6970583200454712 -0.7162938714027405
vn -0.0270890723913908 0.6966759562492371 -0.716874361038208
vn 0.5756434798240662 0.5684437155723572 -0.5877978205680847
vn 0.5627914071083069 0.5947811603546143 -0.5740219950675964
vn -0.027424432337284088 0.7150930762290955 -0.698491096496582
vn -0.032137662172317505 0.6970583200454712 -0.7162938714027405
vn 0.5698405504226685 0.5779494047164917 -0.5841714143753052
vn 0.5710669159889221 0.5753533840179443 -0.5855348110198975
vn -0.028961138799786568 0.709071159362793 -0.7045419812202454
vn -0.031538091599941254 0.7059412002563477 -0.7075679302215576
vn 0.5710669159889221 0.5753533840179443 -0.5855348110198975
vn 0.5765207409858704 0.5662536025047302 -0.5890507102012634
vn -0.0270890723913908 0.6966759562492371 -0.716874361038208
vn -0.028961138799786568 0.709071159362793 -0.7045419812202454
vn 0.5524104237556458 0.5985661149024963 -0.5801390409469604
vn 0.5564607381820679 0.599158525466919 -0.5756392478942871
vn -0.0364409014582634 0.7199846506118774 -0.6930325627326965
vn -0.03621922805905342 0.7065963745117188 -0.7066892981529236
vn 0.5564607381820679 0.599158525466919 -0.5756392478942871
vn 0.5698405504226685 0.5779494047164917 -0.5841714143753052
vn -0.031538091599941254 0.7059412002563477 -0.7075679302215576
vn -0.0364409014582634 0.7199846506118774 -0.6930325627326965
vn 0.5569534301757812 0.600669801235199 -0.5735840797424316
vn 0.8255459070205688 0.40771424770355225 -0.39018332958221436
vn -0.04149026423692703 0.7110211253166199 -0.7019455432891846
vn -0.04090506210923195 0.7151569724082947 -0.6977659463882446
vn 0.9875615239143372 0.1291985809803009 -0.08961012959480286
vn 0.8984447717666626 0.28692427277565 -0.3323724865913391
vn 0.6006668210029602 0.5741603970527649 -0.5563625693321228
vn 0.7048826813697815 -0.555711567401886 0.4408232271671295
vn 0.5615434646606445 0.582766592502594 -0.5874112844467163
vn 0.565058708190918 0.5857675671577454 -0.581020712852478
vn -0.03964873030781746 0.7027600407600403 -0.7103212475776672
vn -0.04281225800514221 0.7124305367469788 -0.7004354596138
vn 0.565058708190918 0.5857675671577454 -0.581020712852478
vn 0.5569534301757812 0.600669801235199 -0.5735840797424316
vn -0.04090506210923195 0.7151569724082947 -0.6977659463882446
vn -0.03964873030781746 0.7027600407600403 -0.7103212475776672
vn 0.5594933032989502 0.5881475806236267 -0.5839945673942566
vn 0.5581581592559814 0.5870279669761658 -0.5863937735557556
vn -0.04216734692454338 0.6977511048316956 -0.7150981426239014
vn -0.04392580687999725 0.7098275423049927 -0.7030045390129089
vn 0.5581581592559814 0.5870279669761658 -0.5863937735557556
vn 0.5615434646606445 0.582766592502594 -0.5874112844467163
vn -0.04281225800514221 0.7124305367469788 -0.7004354596138
vn -0.04216734692454338 0.6977511048316956 -0.7150981426239014
vn -0.05638918653130531 0 -0.998408854007721
vn 0.5550260543823242 0.5939033031463623 -0.5824301838874817
vn -0.04567071422934532 0.705239474773407 -0.7074966430664062
vn -0.0525771863758564 -0.03334076330065727 -0.9980601072311401
vn 0.5550260543823242 0.5939033031463623 -0.5824301838874817
vn 0.5594933032989502 0.5881475806236267 -0.5839945673942566
vn -0.04392580687999725 0.7098275423049927 -0.7030045390129089
vn -0.04567071422934532 0.705239474773407 -0.7074966430664062
vn -0.4655977487564087 0.8411117792129517 -0.2752265930175781
vn -0.5773617029190063 0.5773273706436157 0.5773617029190063
vn 0.47616931796073914 0.8329119682312012 -0.2819936275482178
vn 0.5882956981658936 0.5536611080169678 0.5893789529800415
vn 0.7268932461738586 0.4183238744735718 -0.5446387529373169
vn 0.4364015460014343 0.716648519039154 -0.544029951095581
vn 0.6006668210029602 0.5741603970527649 -0.5563625693321228
vn 0.7268932461738586 0.4183238744735718 -0.5446387529373169
vn 0.47616931796073914 0.8329119682312012 -0.2819936275482178
vn 0.5882956981658936 0.5536611080169678 0.5893789529800415
vn 0.9981619715690613 -0.06060253456234932 0
vn 0.7193032503128052 0 0.6946961879730225
vn -0.5773617029190063 0.5773273706436157 0.5773617029190063
vn -0.4655977487564087 0.8411117792129517 -0.2752265930175781
vn -0.7071067690849304 -0.00004200713738100603 0.7071067690849304
vn -1 -0.00005940706250839867 0
vn 0.4502001106739044 0.7068262696266174 -0.5456340312957764
vn -0.4655977487564087 0.8411117792129517 -0.2752265930175781
vn 0.47616931796073914 0.8329119682312012 -0.2819936275482178
vn 0.7251023650169373 0.5606366991996765 -0.39989128708839417
vn 0.565058708190918 0.5857675671577454 -0.581020712852478
vn 0.5615434646606445 0.582766592502594 -0.5874112844467163
vn 0.5581581592559814 0.5870279669761658 -0.5863937735557556
vn 0.5644351840019226 0.5824726223945618 -0.5849260687828064
vn 0.5689484477043152 0.5892259478569031 -0.5736815333366394
vn 0.5760231614112854 0.5848038196563721 -0.5711407661437988
vn 0.5594933032989502 0.5881475806236267 -0.5839945673942566
vn 0.5550260543823242 0.5939033031463623 -0.5824301838874817
vn 0.710216760635376 0.5729123950004578 -0.4091009199619293
vn 0.5710669159889221 0.5753533840179443 -0.5855348110198975
vn 0.5698405504226685 0.5779494047164917 -0.5841714143753052
vn 0.5564607381820679 0.599158525466919 -0.5756392478942871
vn 0.8255459070205688 0.40771424770355225 -0.39018332958221436
vn 0.5569534301757812 0.600669801235199 -0.5735840797424316
vn 0.7102013230323792 0.5729207992553711 -0.40911591053009033
vn 0.5524104237556458 0.5985661149024963 -0.5801390409469604
vn 0.4502001106739044 0.7068262696266174 -0.5456340312957764
vn 0.5586830973625183 0.5914881229400635 -0.5813906192779541
vn 0.5627914071083069 0.5947811603546143 -0.5740219950675964
vn 0.5756434798240662 0.5684437155723572 -0.5877978205680847
vn 0.5765207409858704 0.5662536025047302 -0.5890507102012634
vn 0.5671381950378418 0.5764228701591492 -0.5882949233055115
vn 0.712328314781189 0.5711959004402161 -0.4078279733657837
vn 0.5812130570411682 0.5743660926818848 -0.5764502882957458
vn 0.580987274646759 0.5738662481307983 -0.5771752595901489
vn 0.5730195641517639 0.5872653126716614 -0.5716362595558167
vn 0.712328314781189 0.5711959004402161 -0.4078279733657837
vn 0.7102013230323792 0.5729207992553711 -0.40911591053009033
vn 0.5696383714675903 0.585633397102356 -0.5766677260398865
vn 0.7187398076057434 -0.024730416014790535 -0.6948391795158386
vn 0.7251023650169373 0.5606366991996765 -0.39989128708839417
vn 0.47616931796073914 0.8329119682312012 -0.2819936275482178
vn 0.5972415804862976 0.5704783201217651 -0.563788115978241
vn 0.5993881821632385 0.5666124820709229 -0.5654061436653137
vn 0.7102351188659668 0.5728961229324341 -0.4090918004512787
vn 0.7102351188659668 0.5728961229324341 -0.4090918004512787
vn 0.5878761410713196 0.5677549242973328 -0.5762429237365723
vn 0.5866398811340332 0.5682047009468079 -0.5770589709281921
vn 0.5814447402954102 0.5809504985809326 -0.5695775151252747
vn 0.9981619715690613 -0.06060253456234932 0
vn -0.019448943436145782 0.0041245361790061 -0.9998023509979248
vn 0.5689484477043152 0.5892259478569031 -0.5736815333366394
vn -0.02185417339205742 0.70499587059021 -0.7088746428489685
vn 0.5696383714675903 0.585633397102356 -0.5766677260398865
vn -0.015654707327485085 0.6997372508049011 -0.7142287492752075
vn 0.5696383714675903 0.585633397102356 -0.5766677260398865
vn -0.027673235163092613 0.011304860934615135 -0.9995530843734741
vn -0.004766799975186586 0.7059512138366699 -0.7082443833351135
vn -0.004502263851463795 0.7045155167579651 -0.7096742987632751
vn 0.5993881821632385 0.5666124820709229 -0.5654061436653137
vn 0.5972415804862976 0.5704783201217651 -0.563788115978241
vn -0.004502263851463795 0.7045155167579651 -0.7096742987632751
vn -0.007475190330296755 0.7167696356773376 -0.6972699761390686
vn 0.5814447402954102 0.5809504985809326 -0.5695775151252747
vn 0.5993881821632385 0.5666124820709229 -0.5654061436653137
vn -0.006006070878356695 0.0003366524470038712 -0.9999818801879883
vn -0.004766799975186586 0.7059512138366699 -0.7082443833351135
vn 0.5972415804862976 0.5704783201217651 -0.563788115978241
vn -0.7070255875587463 0.7071067690849304 -0.010715837590396404
vn -0.866827130317688 0.35689643025398254 -0.3481893241405487
vn -0.7695485949516296 0.595833420753479 -0.22973361611366272
vn -0.7826206088066101 0.44627198576927185 -0.4339887797832489
vn -0.9237851500511169 0.38265594840049744 -0.013977273367345333
vn 0.15386344492435455 0.889410138130188 -0.4304366409778595
vn -0.35776156187057495 0.8586322069168091 -0.36709311604499817
vn -0.24263596534729004 0.858657956123352 -0.45148009061813354
vn -0.9806818962097168 0.19504661858081818 -0.014828852377831936
vn -0.9998858571052551 -0.00005940027767792344 -0.015110480599105358
vn 0.7187398076057434 -0.024730416014790535 -0.6948391795158386
vn -0.8035460114479065 0.19382146000862122 -0.562802791595459
vn -0.3247612714767456 -0.684307873249054 0.6528804302215576
vn -0.9357870817184448 -0.2269536256790161 -0.26980501413345337
vn -0.4460011422634125 0.5602515339851379 -0.6979979872703552
vn -0.4734889566898346 0.6255070567131042 -0.6201202869415283
vn -0.19771312177181244 -0.8898754119873047 0.4111339747905731
vn 0.3638187348842621 -0.6060107350349426 0.7073802947998047
vn 0.20143519341945648 -0.8888322710990906 0.41158369183540344
vn 0.0000029768127660645405 -0.9993517398834229 0.036000654101371765
vn 0.5085956454277039 -0.568979024887085 0.6462146639823914
vn 0.999995231628418 -0.0030794087797403336 0.00016524625243619084
vn 0.8251760005950928 -0.36853015422821045 0.4281006157398224
vn 0.8797051310539246 -0.3414296805858612 -0.33097538352012634
vn 0.8922328352928162 0.3893119692802429 -0.22881612181663513
vn 0.8573216795921326 0.3585946261882782 -0.36933648586273193
vn 0.41313034296035767 0.882188081741333 -0.22598160803318024
vn 0.38638296723365784 0.8114756941795349 -0.4384237229824066
vn 0.3638187348842621 -0.6060107350349426 0.7073802947998047
vn -0.7078562378883362 -0.7058405876159668 0.02699212171137333
vn -0.5773463249206543 -0.7129337787628174 0.3979908227920532
vn -0.35750749707221985 -0.6097195744514465 0.7074111104011536
vn -0.5047258138656616 -0.575676679611206 0.6433103680610657
vn -0.35750749707221985 -0.6097195744514465 0.7074111104011536
vn -0.5773463249206543 -0.7129337787628174 0.3979908227920532
vn -0.1590522676706314 0.08476011455059052 -0.9836249947547913
vn 0.44084301590919495 0.025438904762268066 -0.8972236514091492
vn 0.6891548037528992 0.1412828117609024 -0.7107072472572327
vn 0.5880016088485718 -0.045627281069755554 0.8075717687606812
vn 0.4499299228191376 -0.023969173431396484 0.8927421569824219
vn 0.7016633152961731 0.11296641826629639 0.7034963965415955
vn 0.7103226184844971 -0.06606318056583405 0.7007691860198975
vn 0.7361332178115845 0.6768366694450378 9.551671382723725e-7
vn -0.6933859586715698 0.7205663919448853 9.260917295250692e-7
vn -4.0443299553771794e-7 1 -0.0000010949312354568974
vn -2.445609652568237e-7 1 -8.25207735033473e-7
vn -0.9513360857963562 0.1760832816362381 -0.25289186835289
vn -0.8802894949913025 0.10770028084516525 -0.4620508849620819
vn -0.7063337564468384 0.7078425288200378 -0.007181963883340359
vn -0.5284157395362854 -0.5567753314971924 -0.6409197449684143
vn -0.5959841012954712 0.5403915643692017 -0.5939528346061707
vn 0.881655752658844 -0.039708152413368225 0.47021955251693726
vn -0.4463185667991638 0.006512451451271772 -0.8948504328727722
vn 0.38717278838157654 0.8163711428642273 0.42852696776390076
vn -0.5946968197822571 0.5422680377960205 0.5935327410697937
vn -0.0816676914691925 0.9908719062805176 0.10725386440753937
vn 0.48860326409339905 0.7449622750282288 -0.45420047640800476
vn -0.7193423509597778 0.2990902364253998 -0.6269701719284058
vn -0.6999616622924805 0.11264730989933014 -0.7052405476570129
vn 0.0783543735742569 -0.9380629658699036 -0.3374883830547333
vn -0.8127907514572144 -0.4266670048236847 -0.3966440260410309
vn 0.8014975190162659 -0.41523808240890503 -0.43032434582710266
vn -0.7923591136932373 -0.09133626520633698 -0.603178858757019
vn -0.5219611525535583 -0.5212753415107727 -0.6751507520675659
vn -0.823201596736908 -0.4513934850692749 -0.344358891248703
vn 0.5172507166862488 0.7328904867172241 0.4419538676738739
vn 0.4188711643218994 0.908043384552002 -0.0020489206071943045
vn 0 0.8065797686576843 -0.5911252498626709
vn -0.49836334586143494 -0.8339096903800964 0.23712565004825592
vn -0.5229637026786804 -0.6818218231201172 0.5114957690238953
vn -0.450238436460495 -0.8872962594032288 -0.09995360672473907
vn -0.4872884452342987 -0.6814642548561096 0.5460370779037476
vn 0.5804453492164612 -0.7912535071372986 -0.19235670566558838
vn 0.5778956413269043 -0.7974875569343567 -0.17335031926631927
vn 0.4410095512866974 -0.8470130562782288 -0.29678183794021606
vn 0.6937313079833984 -0.7189127802848816 -0.04360433667898178
vn -0.5804418921470642 -0.7912563681602478 -0.19235500693321228
vn -0.577895998954773 -0.7974878549575806 -0.17334742844104767
vn -0.6937314867973328 -0.7189127802848816 -0.043601810932159424
vn 0.6914330124855042 -0.7222287654876709 -0.017492150887846947
vn 0.4438289403915405 -0.8317904472351074 -0.3333774507045746
vn -0.6913956999778748 -0.7222643494606018 -0.017500486224889755
vn -0.44382113218307495 -0.8317950367927551 -0.333376407623291
vn -0.44101014733314514 -0.8470138311386108 -0.29677873849868774
vn -0.9901303052902222 -0.09806492924690247 -0.10012541711330414
vn -0.495730996131897 0.6838327050209045 -0.5353723764419556
vn -0.8056454062461853 -0.5840938091278076 0.09884263575077057
vn -0.44961118698120117 -0.7774617075920105 0.43977609276771545
vn -0.6347229480743408 0.34121283888816833 -0.6933256983757019
vn -0.7844167351722717 -0.5837550163269043 -0.20957252383232117
vn -0.6447089314460754 -0.751716673374176 -0.13882559537887573
vn 0.7539867758750916 -0.45910853147506714 0.4698120057582855
vn 0.5065307021141052 -0.5414950847625732 0.6709766983985901
vn 0.4177444577217102 -0.5755669474601746 0.7030023336410522
vn 0.012230229564011097 -0.6495065093040466 0.7602576613426208
vn 0.0058907256461679935 -0.5878481864929199 0.8089498281478882
vn -0.6711080074310303 -0.0565662644803524 -0.7391985058784485
vn 0.4576244652271271 -0.6918061375617981 0.5585554242134094
vn 0.7150917649269104 -0.4464942514896393 0.5378537774085999
vn -0.45727282762527466 -0.6943966150283813 0.5556212067604065
vn -0.4300672709941864 -0.7618662714958191 -0.4843572676181793
vn -0.5990040302276611 -0.44520100951194763 -0.6655750870704651
vn 0.7477172613143921 -0.5267856121063232 0.4042471945285797
vn 0.6637232303619385 0.611038863658905 -0.4313965141773224
vn 0.663835346698761 0.6038381457328796 -0.44125062227249146
vn -0.000001121143782256695 0.6745297908782959 0.7382476329803467
vn -9.482669725002779e-7 0.29883161187171936 0.95430588722229
vn 2.0570378467255068e-7 0.4985264539718628 0.8668745160102844
vn 0.3910035789012909 0.8078556060791016 0.44100508093833923
vn 0.000001522775846751756 0.2988320589065552 0.9543057084083557
vn 0.000002748930910456693 0.7198247313499451 -0.6941558718681335
vn 0.00007008721877355129 0.6745275259017944 -0.738249659538269
vn 0.000035063334507867694 0.6989096999168396 -0.7152099013328552
vn 0 0.7225053906440735 -0.6913653016090393
vn 0.38638296723365784 0.8114756941795349 -0.4384237229824066
vn -0.38303399085998535 0.9237343072891235 0.0000026920456548396032
vn -0.7152971625328064 0.6988204121589661 0.000008278991117549594
vn 1.676658030191902e-7 1 -3.64211899750444e-7
vn -0.7076433300971985 0.7065697908401489 0.000005337680704542436
vn 1.676658030191902e-7 1 -3.64211899750444e-7
vn 0.45065009593963623 0.6361930966377258 -0.6262372136116028
vn 0.5524104237556458 0.5985661149024963 -0.5801390409469604
vn -0.03621922805905342 0.7065963745117188 -0.7066892981529236
vn 0.8255459070205688 0.40771424770355225 -0.39018332958221436
vn -0.04149026423692703 0.7110211253166199 -0.7019455432891846
vn 0.7566996812820435 -0.5197068452835083 0.39662373065948486
vn 0.653221845626831 0.620326042175293 -0.4341621994972229
vn 0.00007008721877355129 0.6745275259017944 -0.738249659538269
vn -0.006175986025482416 -0.6528879404067993 -0.7574293613433838
vn 0.30060142278671265 0.12538355588912964 -0.945472240447998
vn -0.9980941414833069 -0.06067194044589996 0.011271683499217033
vn -0.7282688021659851 0.6852455139160156 0.007943239994347095
vn -0.7074095010757446 0.7068036794662476 -0.0005741170607507229
vn -0.7282688021659851 0.6852455139160156 0.007943239994347095
vn -0.784915566444397 0.21635685861110687 0.5806007385253906
vn -0.7074095010757446 0.7068036794662476 -0.0005741170607507229
vn -0.6816673278808594 -0.6099011301994324 -0.40416619181632996
vn -0.686119794845581 0.2405886948108673 -0.6865541934967041
vn -0.4300672709941864 -0.7618662714958191 -0.4843572676181793
vn -0.5219611525535583 -0.5212753415107727 -0.6751507520675659
vn -0.4300672709941864 -0.7618662714958191 -0.4843572676181793
vn -0.44382113218307495 -0.8317950367927551 -0.333376407623291
vn -0.6913956999778748 -0.7222643494606018 -0.017500486224889755
vn 0.38638296723365784 0.8114756941795349 -0.4384237229824066
vn 0.3163243532180786 -0.6390399932861328 -0.7011181712150574
vn 0.7532159090042114 -0.5142878890037537 0.41008996963500977
vn 0.6581390500068665 0.607964038848877 -0.44410887360572815
vn 0.7016633152961731 0.11296641826629639 0.7034963965415955
vn 0.4499107599258423 -0.0887453705072403 0.8886532187461853
vn 0.5875556468963623 -0.03855626657605171 0.8082646727561951
vn -0.47208717465400696 0.5732074975967407 -0.6697513461112976
vn -0.7155424356460571 0.4108986556529999 -0.5649436712265015
vn -0.46136194467544556 0.4001603424549103 -0.7918439507484436
vn -0.7091922163963318 -0.48514994978904724 0.5115427374839783
vn -0.4602225720882416 -0.5774720907211304 0.6743301153182983
vn -0.3247612714767456 -0.684307873249054 0.6528804302215576
vn 0.7087916731834412 0.012709621340036392 0.7053033709526062
vn 0.749097466468811 -0.5291823148727417 0.3985210359096527
vn 0.4363035559654236 0.8320918679237366 -0.3424358069896698
vn -0.42589497566223145 -0.6777971386909485 -0.5993367433547974
vn -0.7674633860588074 -0.6101402640342712 0.19679662585258484
vn -0.3633853793144226 -0.8801304697990417 0.3054855167865753
vn 0.4704740643501282 -0.8037000894546509 0.3643079400062561
vn -0.5295395255088806 -0.08178187906742096 0.844333827495575
vn -0.7152940034866333 0.6988124251365662 -0.00396475987508893
vn -0.7281948924064636 0.6853207945823669 0.008223664946854115
vn -0.544626772403717 0.6948569416999817 -0.46963340044021606
vn -0.5175459980964661 0.716910719871521 -0.46710291504859924
vn 0.5857879519462585 0.6284775733947754 0.5117308497428894
vn -0.7114662528038025 0.4310360550880432 0.5549988150596619
vn -0.4489012658596039 0.39913761615753174 0.7994853258132935
vn -0.45318472385406494 0.41885608434677124 0.7868819236755371
vn 0.5519425868988037 -0.5129275918006897 0.6574683785438538
vn -0.5446294546127319 0.6970342397689819 0.4663925766944885
vn -0.5088455677032471 0.7002858519554138 0.5006754398345947
vn -0.7201321125030518 0.693827748298645 0.003581790719181299
vn -0.7111368179321289 0.28682807087898254 -0.6418832540512085
vn -0.737171471118927 -0.5406707525253296 0.40528184175491333
vn -0.93863445520401 -0.29348576068878174 0.1811945140361786
vn -0.8505021929740906 0.40595752000808716 -0.33443158864974976
vn -0.6558951735496521 0.6106811761856079 -0.4437004029750824
vn -0.7698853015899658 -0.5367041826248169 0.34529009461402893
vn -0.6353340744972229 0.5998526811599731 -0.48634082078933716
vn -0.4503319561481476 -0.6617224216461182 -0.59943687915802
vn -0.7869320511817932 -0.5832822322845459 0.20129559934139252
vn -0.3610706031322479 -0.8789453506469727 0.3115816116333008
vn -0.5249719619750977 -0.06118296459317207 0.8489176034927368
vn -0.4456848204135895 0.432950884103775 0.78352952003479
vn 0.3774780333042145 -0.8937856554985046 -0.2421932816505432
vn 0.7517193555831909 -0.2909943759441376 -0.5918110013008118
vn 0.6861186623573303 0.24059247970581055 -0.6865540742874146
vn 0.3774780333042145 -0.8937856554985046 -0.2421932816505432
vn 0.4438289403915405 -0.8317904472351074 -0.3333774507045746
vn 0.7517193555831909 -0.2909943759441376 -0.5918110013008118
vn 0.7063761353492737 -0.5023479461669922 0.4986775815486908
vn 0.7048826813697815 -0.555711567401886 0.4408232271671295
vn 0.4950498044490814 -0.6671944856643677 0.5565763711929321
vn 0.7184880375862122 0.39081263542175293 -0.5753611922264099
vn 0.45816561579704285 0.3908487558364868 -0.7983241677284241
vn 0.45183321833610535 0.42715272307395935 -0.7831904292106628
vn 0.5467238426208496 -0.07687526941299438 0.8337764739990234
vn 0.7880551815032959 -0.5867977738380432 0.18611113727092743
vn 0.3594643175601959 -0.883442223072052 0.3005249798297882
vn 0.4480128884315491 -0.6638206839561462 -0.5988543629646301
vn 0.45721086859703064 0.436208575963974 0.7750356793403625
vn -0.9487292170524597 -0.27272748947143555 0.15978924930095673
vn -0.6567773222923279 0.6008241176605225 -0.45569056272506714
vn 0.7783439755439758 -0.5972068309783936 0.19371278584003448
vn 0.36718952655792236 -0.8839467167854309 0.2894997000694275
vn 0.547095537185669 -0.0947863757610321 0.83168625831604
vn 0.4547014534473419 -0.6738711595535278 -0.5823609232902527
vn 0.5065880417823792 0.41100120544433594 0.7579225301742554
vn 0.3355805277824402 0.8776846528053284 -0.3421335816383362
vn 0.523533284664154 0.7156147956848145 -0.46239420771598816
vn 0.726459264755249 0.6871662735939026 -0.007710442412644625
vn 0.7244007587432861 0.4199743866920471 0.546685516834259
vn 0.5065880417823792 0.41100120544433594 0.7579225301742554
vn -0.7066783308982849 0.3260435163974762 -0.6279341578483582
vn -0.8419069647789001 0.539421021938324 -0.014748549088835716
vn -0.606853723526001 0.5155540108680725 0.604923665523529
vn -0.95622718334198 0.280464231967926 -0.08348293602466583
vn -0.7748914361000061 -0.5934171080589294 0.2177140712738037
vn -0.6537019610404968 0.6847047209739685 -0.32226258516311646
vn 0.3910035789012909 0.8078556060791016 0.44100508093833923
vn 0.7329636812210083 0.2929126024246216 -0.6139759421348572
vn 0.4931679368019104 0.7418048977851868 -0.45443469285964966
vn 0.561928391456604 0.6629681587219238 0.4946814179420471
vn 0.5263219475746155 0.6999805569648743 0.4827135503292084
vn -0.5767244696617126 -0.49293938279151917 0.6514596343040466
vn -0.5802992582321167 0.6631316542625427 0.47276753187179565
vn 0.7477172613143921 -0.5267856121063232 0.4042471945285797
vn 0.7566996812820435 -0.5197068452835083 0.39662373065948486
vn -0.93863445520401 -0.29348576068878174 0.1811945140361786
vn -0.737171471118927 -0.5406707525253296 0.40528184175491333
vn 0.7532159090042114 -0.5142878890037537 0.41008996963500977
vn -0.7698853015899658 -0.5367041826248169 0.34529009461402893
vn 0.749097466468811 -0.5291823148727417 0.3985210359096527
vn -0.9487292170524597 -0.27272748947143555 0.15978924930095673
vn 0.4704740643501282 -0.8037000894546509 0.3643079400062561
vn -0.7748914361000061 -0.5934171080589294 0.2177140712738037
vn -0.7063337564468384 0.7078425288200378 -0.007181963883340359
vn -0.5278750658035278 0.7002676725387573 0.4805966317653656
vn 0.33935463428497314 0.8752415180206299 0.34466028213500977
vn 0.4122591018676758 0.9110550284385681 -0.00459569226950407
vn 0.5519425868988037 -0.5129275918006897 0.6574683785438538
vn -0.5767244696617126 -0.49293938279151917 0.6514596343040466
vn -0.4316186308860779 -0.9020319581031799 -0.006615460384637117
vn -0.43092596530914307 -0.9023865461349487 -0.001150706666521728
vn -0.6781083941459656 -0.7339643239974976 -0.038280513137578964
vn -0.6848053932189941 -0.7276464104652405 -0.03965211287140846
vn -0.9989047050476074 -0.046704817563295364 -0.0028278196696192026
vn -0.6848053932189941 -0.7276464104652405 -0.03965211287140846
vn -0.9995464086532593 -0.030116984620690346 -0.000020795549062313512
vn -0.7281948924064636 0.6853207945823669 0.008223664946854115
vn -0.7152937054634094 0.6988239288330078 0
vn -0.7546358108520508 0.27573683857917786 0.59539395570755
vn -0.4267026484012604 -0.789861261844635 -0.4405043423175812
vn 0.5995015501976013 -0.5452218055725098 0.585944652557373
vn 0.7031430006027222 -0.6793540716171265 -0.20992378890514374
vn 0.6048612594604492 -0.5565789341926575 -0.5695285201072693
vn -0.4267026484012604 -0.789861261844635 -0.4405043423175812
vn 0.7031430006027222 -0.6793540716171265 -0.20992378890514374
vn -0.6158511638641357 -0.49953484535217285 0.6092555522918701
vn 0.5024911761283875 -0.5294843316078186 -0.6834829449653625
vn -0.6318281292915344 -0.7748532891273499 0.019888415932655334
vn -0.4300672709941864 -0.7618662714958191 -0.4843572676181793
vn -0.44961118698120117 -0.7774617075920105 0.43977609276771545
vn -0.6816673278808594 -0.6099011301994324 -0.40416619181632996
vn 0.5857879519462585 0.6284775733947754 0.5117308497428894
vn 0.4363035559654236 0.8320918679237366 -0.3424358069896698
vn -0.6537019610404968 0.6847047209739685 -0.32226258516311646
vn -0.5802992582321167 0.6631316542625427 0.47276753187179565
vn 0.6581390500068665 0.607964038848877 -0.44410887360572815
vn -0.6567773222923279 0.6008241176605225 -0.45569056272506714
vn 0.5206847190856934 -0.5552474856376648 -0.6485272645950317
vn -0.5237463116645813 -0.5395269989967346 -0.6592423319816589
vn -0.5075998902320862 -0.5802923440933228 -0.6368698477745056
vn 0.5978263020515442 0.5396327376365662 -0.5927901864051819
vn -0.5769003629684448 0.5411524772644043 -0.6118332743644714
vn -0.5237463116645813 -0.5395269989967346 -0.6592423319816589
vn -0.0000018989115915246657 0.7198280692100525 -0.6941524147987366
vn -0.5769003629684448 0.5411524772644043 -0.6118332743644714
vn 0.5978263020515442 0.5396327376365662 -0.5927901864051819
vn -0.5086506009101868 -0.5643883943557739 -0.6501848697662354
vn -0.006175986025482416 -0.6528879404067993 -0.7574293613433838
vn -0.5284157395362854 -0.5567753314971924 -0.6409197449684143
vn 0.5082106590270996 -0.5446303486824036 -0.6671579480171204
vn -0.5284157395362854 -0.5567753314971924 -0.6409197449684143
vn -0.5959841012954712 0.5403915643692017 -0.5939528346061707
vn 0.5206847190856934 -0.5552474856376648 -0.6485272645950317
vn -0.5959841012954712 0.5403915643692017 -0.5939528346061707
vn 0.000003004050768140587 0.7198245525360107 -0.6941560506820679
vn 2.872544655474485e-7 0.29883185029029846 0.95430588722229
vn -0.46769726276397705 -0.6944304704666138 0.5468323826789856
vn -0.5047258138656616 -0.575676679611206 0.6433103680610657
vn -0.000001121143782256695 0.6745297908782959 0.7382476329803467
vn 0.012230229564011097 -0.6495065093040466 0.7602576613426208
vn -0.5047258138656616 -0.575676679611206 0.6433103680610657
vn -0.5946968197822571 0.5422680377960205 0.5935327410697937
vn -0.5946968197822571 0.5422680377960205 0.5935327410697937
vn 0.653221845626831 0.620326042175293 -0.4341621994972229
vn -0.6353340744972229 0.5998526811599731 -0.48634082078933716
vn 0.663835346698761 0.6038381457328796 -0.44125062227249146
vn -0.8505021929740906 0.40595752000808716 -0.33443158864974976
vn 0.6637232303619385 0.611038863658905 -0.4313965141773224
vn -0.6558951735496521 0.6106811761856079 -0.4437004029750824
vn 0 0.2988317906856537 0.9543058276176453
vn -0.4486790597438812 -0.7778216600418091 0.4400915205478668
vn 0.742790162563324 -0.6175119280815125 0.2587311267852783
vn 0.7539867758750916 -0.45910853147506714 0.4698120057582855
vn 0.8692507743835449 -0.3753240406513214 0.32176849246025085
vn 0.6797674894332886 -0.7328302264213562 0.02959802933037281
vn 0.3774780333042145 -0.8937856554985046 -0.2421932816505432
vn 0.5045615434646606 -0.8324709534645081 0.22893160581588745
vn 0.3813278079032898 -0.8186943531036377 0.4293351471424103
vn 0.016841355711221695 -0.7185103297233582 -0.6953123211860657
vn -0.7545208930969238 -0.4239516854286194 0.5009622573852539
vn -0.35529831051826477 -0.5432754755020142 0.7606673836708069
vn -0.7112492322921753 -0.07408434897661209 0.6990250945091248
vn 0.5997730493545532 -0.8000138998031616 0.015813682228326797
vn -0.7763564586639404 -0.48893609642982483 0.3977589011192322
vn -0.5208159685134888 -0.6675029397010803 0.5321564674377441
vn -0.6407041549682617 -0.7383741736412048 0.2104797661304474
vn 0.5206847190856934 -0.5552474856376648 -0.6485272645950317
vn 0.8014975190162659 -0.41523808240890503 -0.43032434582710266
vn 0.5082106590270996 -0.5446303486824036 -0.6671579480171204
vn 0.8014975190162659 -0.41523808240890503 -0.43032434582710266
vn 0.5206847190856934 -0.5552474856376648 -0.6485272645950317
vn -0.8127907514572144 -0.4266670048236847 -0.3966440260410309
vn -0.893309473991394 0.007268235553056002 -0.4493832588195801
vn -0.5086506009101868 -0.5643883943557739 -0.6501848697662354
vn -0.5219611525535583 -0.5212753415107727 -0.6751507520675659
vn -0.7923591136932373 -0.09133626520633698 -0.603178858757019
vn -0.6997795701026917 0.33456850051879883 -0.631167471408844
vn 0.5978263020515442 0.5396327376365662 -0.5927901864051819
vn -0.5959841012954712 0.5403915643692017 -0.5939528346061707
vn -0.0000018989115915246657 0.7198280692100525 -0.6941524147987366
vn -0.606853723526001 0.5155540108680725 0.604923665523529
vn -0.7545208930969238 -0.4239516854286194 0.5009622573852539
vn -0.6423740983009338 -0.7181090116500854 0.26772192120552063
vn -0.7763564586639404 -0.48893609642982483 0.3977589011192322
vn 0.4575556814670563 -0.7048476338386536 0.5420632362365723
vn 0.7154163122177124 -0.566948413848877 -0.40834909677505493
vn 0.45041531324386597 -0.8872151970863342 -0.09987609088420868
vn 0.5252158045768738 -0.5057631731033325 -0.6843624711036682
vn 0.7887201309204102 -0.09476672112941742 -0.6074041724205017
vn -0.46769726276397705 -0.6944304704666138 0.5468323826789856
vn 9.522361210656527e-8 0.2988317012786865 0.9543058276176453
vn 0.6048612594604492 -0.5565789341926575 -0.5695285201072693
vn 0.5024911761283875 -0.5294843316078186 -0.6834829449653625
vn 0.8782100677490234 -0.009268872439861298 -0.4781852662563324
vn 0.6048612594604492 -0.5565789341926575 -0.5695285201072693
vn 0.5779061317443848 0.5741956233978271 -0.5799344182014465
vn 0 0.7225053906440735 -0.6913653016090393
vn 0.8692507743835449 -0.3753240406513214 0.32176849246025085
vn 0.5065307021141052 -0.5414950847625732 0.6709766983985901
vn 0.7539867758750916 -0.45910853147506714 0.4698120057582855
vn 0.75927734375 -0.5193187594413757 0.39218103885650635
vn 0.650580883026123 0.620156466960907 -0.4383496642112732
vn 0.6506473422050476 0.614629328250885 -0.44596946239471436
vn 0.000001522775846751756 0.2988320589065552 0.9543057084083557
vn 0.8629937767982483 0.10892122983932495 0.4933334290981293
vn 0.7567155361175537 -0.521356999874115 0.3944217264652252
vn -0.9315816760063171 0.2595119774341583 -0.2545763850212097
vn 0.653508722782135 0.6183611154556274 -0.4365271031856537
vn 0.7530478239059448 -0.5176093578338623 0.40620139241218567
vn 0.6579195857048035 0.6107209324836731 -0.44063788652420044
vn 0.6834279298782349 0.346913605928421 -0.6423217058181763
vn 0.7887201309204102 -0.09476672112941742 -0.6074041724205017
vn 0.7492021322250366 -0.5267703533172607 0.401508629322052
vn -0.7354618310928345 -0.5408058762550354 0.40819719433784485
vn -0.9377778768539429 -0.29401421546936035 0.18473854660987854
vn -0.8518899083137512 0.40848004817962646 -0.32776162028312683
vn -0.450238436460495 -0.8872962594032288 -0.09995360672473907
vn -0.7178729176521301 -0.5653751492500305 -0.4062133729457855
vn -0.6692635416984558 0.6064862608909607 -0.42925602197647095
vn -0.7693241834640503 -0.5395177006721497 0.34214168787002563
vn -0.6358494758605957 0.5980799198150635 -0.4878482520580292
vn -0.495730996131897 0.6838327050209045 -0.5353723764419556
vn -0.47371768951416016 0.6966546177864075 -0.5387614369392395
vn -0.7543119192123413 -0.5318486094474792 0.38490328192710876
vn -0.65650874376297 0.6036686897277832 -0.4523056149482727
vn 0.5196332931518555 -0.7446332573890686 0.4189302623271942
vn 0.4747267961502075 0.5826670527458191 -0.6596465706825256
vn 0.75927734375 -0.5193187594413757 0.39218103885650635
vn 0.7567155361175537 -0.521356999874115 0.3944217264652252
vn -0.9377778768539429 -0.29401421546936035 0.18473854660987854
vn -0.7354618310928345 -0.5408058762550354 0.40819719433784485
vn 0.7530478239059448 -0.5176093578338623 0.40620139241218567
vn -0.7693241834640503 -0.5395177006721497 0.34214168787002563
vn -0.6937314867973328 -0.7189127802848816 -0.043601810932159424
vn -0.4960819482803345 -0.6933745741844177 0.5226225852966309
vn -0.4872884452342987 -0.6814642548561096 0.5460370779037476
vn -0.7517165541648865 -0.29099375009536743 -0.5918148756027222
vn -0.7517165541648865 -0.29099375009536743 -0.5918148756027222
vn -0.7640877366065979 -0.272297203540802 -0.5848283171653748
vn -0.44101014733314514 -0.8470138311386108 -0.29677873849868774
vn 0.5814447402954102 0.5809504985809326 -0.5695775151252747
vn -0.012219620868563652 0.7111585736274719 -0.702925443649292
vn 0.47813063859939575 -0.873223066329956 0.09419496357440948
vn 0.7492021322250366 -0.5267703533172607 0.401508629322052
vn -0.45047032833099365 0.141143798828125 -0.8815639019012451
vn -0.45047032833099365 0.141143798828125 -0.8815639019012451
vn -0.4644509553909302 0.7549464702606201 -0.4629698693752289
vn -0.686119794845581 0.2405886948108673 -0.6865541934967041
vn -0.5293378233909607 0.6801403164863586 -0.507159411907196
vn -0.7517165541648865 -0.29099375009536743 -0.5918148756027222
vn -0.8693857192993164 0.2238759696483612 -0.4405088424682617
vn -0.7640877366065979 -0.272297203540802 -0.5848283171653748
vn -0.48752209544181824 0.7137865424156189 -0.502822995185852
vn -0.8693857192993164 0.2238759696483612 -0.4405088424682617
vn -0.48752209544181824 0.7137865424156189 -0.502822995185852
vn -0.686119794845581 0.2405886948108673 -0.6865541934967041
vn -0.4644509553909302 0.7549464702606201 -0.4629698693752289
vn -0.7543119192123413 -0.5318486094474792 0.38490328192710876
vn 0.6579195857048035 0.6107209324836731 -0.44063788652420044
vn -0.65650874376297 0.6036686897277832 -0.4523056149482727
vn 0.49608728289604187 -0.6933634281158447 0.522632360458374
vn 0.4897714853286743 -0.6748514771461487 0.5519958138465881
vn 0.7517193555831909 -0.2909943759441376 -0.5918110013008118
vn 0.764076292514801 -0.27230867743492126 -0.5848379135131836
vn 0.6914330124855042 -0.7222287654876709 -0.017492150887846947
vn 0.653508722782135 0.6183611154556274 -0.4365271031856537
vn -0.6358494758605957 0.5980799198150635 -0.4878482520580292
vn 0.45032891631126404 0.14120109379291534 -0.8816269636154175
vn 0.6868276000022888 -0.6060765981674194 -0.40117204189300537
vn 0.46444806456565857 0.7549492716789246 -0.46296826004981995
vn 0.5290473699569702 0.6805701851844788 -0.5068856477737427
vn 0.7517193555831909 -0.2909943759441376 -0.5918110013008118
vn 0.764076292514801 -0.27230867743492126 -0.5848379135131836
vn 0.8693844676017761 0.22388078272342682 -0.4405089020729065
vn 0.6861186623573303 0.24059247970581055 -0.6865540742874146
vn 0.4875192642211914 0.7137896418571472 -0.5028213262557983
vn 0.46444806456565857 0.7549492716789246 -0.46296826004981995
vn -0.7066783308982849 0.3260435163974762 -0.6279341578483582
vn -0.42589497566223145 -0.6777971386909485 -0.5993367433547974
vn -0.4380546510219574 -0.6529738306999207 -0.6178456544876099
vn -0.7111368179321289 0.28682807087898254 -0.6418832540512085
vn -0.4380546510219574 -0.6529738306999207 -0.6178456544876099
vn -0.5080414414405823 -0.8610552549362183 0.02185657061636448
vn -0.42589497566223145 -0.6777971386909485 -0.5993367433547974
vn -0.5475133061408997 -0.04262790083885193 0.8357104659080505
vn -0.5295395255088806 -0.08178187906742096 0.844333827495575
vn -0.45318472385406494 0.41885608434677124 0.7868819236755371
vn -0.5088455677032471 0.7002858519554138 0.5006754398345947
vn -0.5446294546127319 0.6970342397689819 0.4663925766944885
vn -0.4489012658596039 0.39913761615753174 0.7994853258132935
vn 0.6506473422050476 0.614629328250885 -0.44596946239471436
vn -0.8518899083137512 0.40848004817962646 -0.32776162028312683
vn -0.4489012658596039 0.39913761615753174 0.7994853258132935
vn -0.7111368179321289 0.28682807087898254 -0.6418832540512085
vn -0.7546358108520508 0.27573683857917786 0.59539395570755
vn -0.6966177225112915 -0.5420419573783875 0.47001516819000244
vn -0.784915566444397 0.21635685861110687 0.5806007385253906
vn -0.44959065318107605 -0.645919680595398 0.6169732809066772
vn -0.4729692041873932 0.4519759714603424 -0.7563186287879944
vn -0.4460011422634125 0.5602515339851379 -0.6979979872703552
vn -0.5175459980964661 0.716910719871521 -0.46710291504859924
vn -0.544626772403717 0.6948569416999817 -0.46963340044021606
vn -0.46136194467544556 0.4001603424549103 -0.7918439507484436
vn -0.6966177225112915 -0.5420419573783875 0.47001516819000244
vn -0.544626772403717 0.6948569416999817 -0.46963340044021606
vn -0.784915566444397 0.21635685861110687 0.5806007385253906
vn 0.48860326409339905 0.7449622750282288 -0.45420047640800476
vn -0.4503319561481476 -0.6617224216461182 -0.59943687915802
vn -0.7193423509597778 0.2990902364253998 -0.6269701719284058
vn 0.4480128884315491 -0.6638206839561462 -0.5988543629646301
vn 0.3594643175601959 -0.883442223072052 0.3005249798297882
vn -0.4503319561481476 -0.6617224216461182 -0.59943687915802
vn 0.5467238426208496 -0.07687526941299438 0.8337764739990234
vn 0.45721086859703064 0.436208575963974 0.7750356793403625
vn -0.5249719619750977 -0.06118296459317207 0.8489176034927368
vn -0.5278750658035278 0.7002676725387573 0.4805966317653656
vn 0.33935463428497314 0.8752415180206299 0.34466028213500977
vn -0.4456848204135895 0.432950884103775 0.78352952003479
vn 0.650580883026123 0.620156466960907 -0.4383496642112732
vn -0.6692635416984558 0.6064862608909607 -0.42925602197647095
vn 0.47365447878837585 -0.7343603372573853 -0.4861751198768616
vn 0.3774780333042145 -0.8937856554985046 -0.2421932816505432
vn 0.47813063859939575 -0.873223066329956 0.09419496357440948
vn 0.48860326409339905 0.7449622750282288 -0.45420047640800476
vn 0.33935463428497314 0.8752415180206299 0.34466028213500977
vn 0.47365447878837585 -0.7343603372573853 -0.4861751198768616
vn -0.4456848204135895 0.432950884103775 0.78352952003479
vn -0.7193423509597778 0.2990902364253998 -0.6269701719284058
vn 0.7329636812210083 0.2929126024246216 -0.6139759421348572
vn 0.4823487401008606 -0.6438551545143127 -0.5939614772796631
vn 0.4547014534473419 -0.6738711595535278 -0.5823609232902527
vn 0.4931679368019104 0.7418048977851868 -0.45443469285964966
vn 0.4823487401008606 -0.6438551545143127 -0.5939614772796631
vn 0.502437949180603 -0.8644364476203918 0.01748480089008808
vn 0.4547014534473419 -0.6738711595535278 -0.5823609232902527
vn 0.508934497833252 0.444120854139328 0.7373888492584229
vn 0.5394477248191833 -0.05974884331226349 0.839896559715271
vn 0.508934497833252 0.444120854139328 0.7373888492584229
vn 0.5263219475746155 0.6999805569648743 0.4827135503292084
vn 0.561928391456604 0.6629681587219238 0.4946814179420471
vn 0.5065880417823792 0.41100120544433594 0.7579225301742554
vn 0.6328752636909485 -0.7573772668838501 -0.1607748568058014
vn 0.6163215041160583 0.1270427405834198 -0.777179479598999
vn 0.5252158045768738 -0.5057631731033325 -0.6843624711036682
vn 0.561928391456604 0.6629681587219238 0.4946814179420471
vn 0.4931679368019104 0.7418048977851868 -0.45443469285964966
vn 0.7589046359062195 0.2558116614818573 0.5988523960113525
vn 0.4470570981502533 -0.6227391958236694 0.6421338319778442
vn 0.4430728852748871 -0.591351330280304 0.6737877726554871
vn 0.5172507166862488 0.7328904867172241 0.4419538676738739
vn 0.3355805277824402 0.8776846528053284 -0.3421335816383362
vn 0.523533284664154 0.7156147956848145 -0.46239420771598816
vn 0.4470570981502533 -0.6227391958236694 0.6421338319778442
vn 0.45816561579704285 0.3908487558364868 -0.7983241677284241
vn 0.5172507166862488 0.7328904867172241 0.4419538676738739
vn 0.4762767553329468 -0.7790893912315369 0.4076520800590515
vn 0.6689381003379822 0.6564986705780029 -0.3486133813858032
vn 0.5365881323814392 -0.6375446915626526 -0.5528200268745422
vn -0.4276309311389923 0.7926943302154541 -0.43447375297546387
vn -0.4701707661151886 -0.7840498089790344 0.4052225649356842
vn -0.4701707661151886 -0.7840498089790344 0.4052225649356842
vn 0.4762767553329468 -0.7790893912315369 0.4076520800590515
vn 0.6918610334396362 -0.7214642763137817 0.02859400026500225
vn 0.8692507743835449 -0.3753240406513214 0.32176849246025085
vn 0.5365881323814392 -0.6375446915626526 -0.5528200268745422
vn 0.8797051310539246 -0.3414296805858612 -0.33097538352012634
vn 0.44752994179725647 -0.007000097539275885 -0.8942415714263916
vn 0.4478030800819397 -0.06933946162462234 -0.8914395570755005
vn 0.7026881575584412 0.09149359911680222 -0.7055907249450684
vn 0.7065577507019043 -0.010617442429065704 -0.7075757384300232
vn 0.8797051310539246 -0.3414296805858612 -0.33097538352012634
vn 0.44752994179725647 -0.007000097539275885 -0.8942415714263916
vn 0.7103146910667419 -0.06606138497591019 -0.7007773518562317
vn 0.7026881575584412 0.09149359911680222 -0.7055907249450684
vn 0.5257989168167114 -0.6605423092842102 0.53592848777771
vn 0.4499299228191376 -0.023969173431396484 0.8927421569824219
vn 0.8692507743835449 -0.3753240406513214 0.32176849246025085
vn 0.000001374468070025614 0.7211664319038391 -0.6927618980407715
vn 0.6689381003379822 0.6564986705780029 -0.3486133813858032
vn -0.4276309311389923 0.7926943302154541 -0.43447375297546387
vn -0.5219611525535583 -0.5212753415107727 -0.6751507520675659
vn 0.8840490579605103 0.040584467351436615 -0.46562883257865906
vn 0.44084301590919495 0.025438904762268066 -0.8972236514091492
vn 0.7009610533714294 0.0008257064037024975 -0.7131990790367126
vn 0.6891548037528992 0.1412828117609024 -0.7107072472572327
vn 0.8014975190162659 -0.41523808240890503 -0.43032434582710266
vn -0.8127907514572144 -0.4266670048236847 -0.3966440260410309
vn 0.8844286203384399 -0.3288813531398773 -0.33109381794929504
vn 0.5080424547195435 0.5122648477554321 -0.6924431920051575
vn -0.5284157395362854 -0.5567753314971924 -0.6409197449684143
vn -0.4463185667991638 0.006512451451271772 -0.8948504328727722
vn -0.7088632583618164 -0.02751809172332287 -0.7048089504241943
vn -0.6999616622924805 0.11264730989933014 -0.7052405476570129
vn 0.000003004050768140587 0.7198245525360107 -0.6941560506820679
vn 0 0.2988317906856537 0.9543058276176453
vn -0.5045201182365417 0.4981999695301056 -0.7051640152931213
vn -0.6594141721725464 -0.5897941589355469 -0.4661714434623718
vn -0.6594141721725464 -0.5897941589355469 -0.4661714434623718
vn 0.8844286203384399 -0.3288813531398773 -0.33109381794929504
vn 0.6446970701217651 -0.7132156491279602 -0.27511677145957947
vn 0.8495039939880371 0.5274452567100525 0.01202181912958622
vn 0.7589046359062195 0.2558116614818573 0.5988523960113525
vn -0.8607891201972961 0.13369928300380707 0.4910871982574463
vn -0.000005520923423318891 0.29883190989494324 0.9543057680130005
vn 0.5080424547195435 0.5122648477554321 -0.6924431920051575
vn -0.5045201182365417 0.4981999695301056 -0.7051640152931213
vn -0.5208159685134888 -0.6675029397010803 0.5321564674377441
vn -0.7763564586639404 -0.48893609642982483 0.3977589011192322
vn -0.4509151577949524 -0.054152537137269974 0.8909225463867188
vn -0.444546639919281 -0.1213604062795639 0.8874964714050293
vn -0.7061379551887512 0.06586447358131409 0.7050042748451233
vn -0.8974643349647522 -0.01489630714058876 0.44083544611930847
vn -0.7763564586639404 -0.48893609642982483 0.3977589011192322
vn -0.4509151577949524 -0.054152537137269974 0.8909225463867188
vn -0.7087743282318115 -0.11315853148698807 0.6963002681732178
vn -0.7061379551887512 0.06586447358131409 0.7050042748451233
vn -0.7156370878219604 -0.4449846148490906 0.5383792519569397
vn 0.7248495221138 -0.583375096321106 0.3664241433143616
vn -0.7239681482315063 -0.5874242186546326 0.36166682839393616
vn 0.5252158045768738 -0.5057631731033325 -0.6843624711036682
vn 0.6163215041160583 0.1270427405834198 -0.777179479598999
vn -0.45727208256721497 -0.6943874955177307 0.5556331872940063
vn -0.7239922285079956 -0.5873962640762329 0.3616640865802765
vn 0.45762431621551514 -0.6918082237243652 0.5585529208183289
vn 0.4897714853286743 -0.6748514771461487 0.5519958138465881
vn 0.5005232691764832 -0.8315908908843994 0.24069306254386902
vn 0.5264471769332886 -0.672768235206604 0.5198426246643066
vn 0.7248495221138 -0.583375096321106 0.3664241433143616
vn 0.9671394228935242 0.24350857734680176 -0.07310854643583298
vn -0.3421245813369751 0.3654744327068329 0.8656669855117798
vn -0.606853723526001 0.5155540108680725 0.604923665523529
vn 0.38717278838157654 0.8163711428642273 0.42852696776390076
vn -0.49800536036491394 -0.8214552402496338 0.277852326631546
vn -0.4518933892250061 -0.7162429094314575 0.5317785739898682
vn -0.7545208930969238 -0.4239516854286194 0.5009622573852539
vn 0.6320648193359375 -0.7173741459846497 0.2930332124233246
vn 0.5257989168167114 -0.6605423092842102 0.53592848777771
vn 0.45760875940322876 -0.691818118095398 0.5585534572601318
vn 0.7150805592536926 -0.44652506709098816 0.5378430485725403
vn -0.45727282762527466 -0.6943966150283813 0.5556212067604065
vn -0.013112068176269531 -0.6280355453491211 0.7780741453170776
vn -0.02429755963385105 0.7583385705947876 0.6514078974723816
vn -0.01159502100199461 0.7789587378501892 0.6269679665565491
vn -0.010693269781768322 -0.6159455180168152 0.7877161502838135
vn -0.02810843288898468 0.7728663682937622 0.6339460015296936
vn -0.022248825058341026 -0.6428800225257874 0.7656436562538147
vn 0.2653867304325104 -0.5848949551582336 0.7664645314216614
vn -0.03557258099317551 0.7594523429870605 0.6495896577835083
vn -0.005419497843831778 -0.653649628162384 0.7567778825759888
vn -0.0641111508011818 0.755995512008667 0.6514295935630798
vn -0.6314145922660828 -0.7751857042312622 0.020067987963557243
vn -0.03580571711063385 -0.6607200503349304 0.7497779130935669
vn 0.011362687684595585 -0.6668316721916199 -0.7451217174530029
vn 0.0377410352230072 -0.353071928024292 -0.9348346590995789
vn 0.029301580041646957 0.5103757381439209 -0.8594521880149841
vn 0.6868276000022888 -0.6060765981674194 -0.40117204189300537
vn 0.6616743803024292 -0.7231257557868958 -0.19818252325057983
vn -0.014278980903327465 0.76359623670578 -0.6455361247062683
vn 0.06190298870205879 -0.6478058695793152 -0.7592862248420715
vn 0.041374869644641876 0.7597623467445374 -0.6488831043243408
vn 0.015925990417599678 -0.6422041654586792 -0.7663681507110596
vn -0.018439510837197304 0.7660039067268372 -0.6425713896751404
vn 0.06848924607038498 -0.6376292705535889 -0.7672927379608154
vn 0.014046486467123032 0.7702580094337463 -0.6375776529312134
vn -0.013112068176269531 -0.6280355453491211 0.7780741453170776
vn -0.010693269781768322 -0.6159455180168152 0.7877161502838135
vn 0.0377410352230072 -0.353071928024292 -0.9348346590995789
vn 0.011362687684595585 -0.6668316721916199 -0.7451217174530029
vn -0.022248825058341026 -0.6428800225257874 0.7656436562538147
vn 0.06190298870205879 -0.6478058695793152 -0.7592862248420715
vn -0.005419497843831778 -0.653649628162384 0.7567778825759888
vn 0.015925990417599678 -0.6422041654586792 -0.7663681507110596
vn -0.03580571711063385 -0.6607200503349304 0.7497779130935669
vn 0.06848924607038498 -0.6376292705535889 -0.7672927379608154
vn -0.0641111508011818 0.755995512008667 0.6514295935630798
vn -0.03557258099317551 0.7594523429870605 0.6495896577835083
vn -0.018439510837197304 0.7660039067268372 -0.6425713896751404
vn 0.014046486467123032 0.7702580094337463 -0.6375776529312134
vn -0.02810843288898468 0.7728663682937622 0.6339460015296936
vn 0.041374869644641876 0.7597623467445374 -0.6488831043243408
vn -0.01159502100199461 0.7789587378501892 0.6269679665565491
vn 0.029301580041646957 0.5103757381439209 -0.8594521880149841
vn -0.02429755963385105 0.7583385705947876 0.6514078974723816
vn -0.014278980903327465 0.76359623670578 -0.6455361247062683
vn -0.35529831051826477 -0.5432754755020142 0.7606673836708069
vn -0.7545208930969238 -0.4239516854286194 0.5009622573852539
vn -0.16000217199325562 -0.646013617515564 0.7463682889938354
vn -0.7156370878219604 -0.4449846148490906 0.5383792519569397
vn 0.5085956454277039 -0.568979024887085 0.6462146639823914
vn -0.16000217199325562 -0.646013617515564 0.7463682889938354
vn 0.08516614139080048 -0.6179261207580566 0.7816098928451538
vn 0.4575556814670563 -0.7048476338386536 0.5420632362365723
vn 0.5085956454277039 -0.568979024887085 0.6462146639823914
vn 0.5067803263664246 -0.821735143661499 0.2606245279312134
vn -0.9973920583724976 0.04958852007985115 -0.05244108662009239
vn -0.9754313826560974 0.1563040167093277 -0.155250683426857
vn 0.5067803263664246 -0.821735143661499 0.2606245279312134
vn 0.5196332931518555 -0.7446332573890686 0.4189302623271942
vn 0.5559917688369751 -0.7641478776931763 -0.3270339071750641
vn 0.8466545939445496 -0.4603051543235779 -0.2670117914676666
vn 0.018857188522815704 -0.8987360000610352 0.4380844533443451
vn -0.023551441729068756 0.736160159111023 0.6763975024223328
vn -0.006441875360906124 0.8940258622169495 0.44796907901763916
vn -0.715641975402832 -0.44498077034950256 0.5383759140968323
vn 0.715092122554779 -0.4464981257915497 0.537850022315979
vn -0.008349770680069923 -0.6404703855514526 0.7679374814033508
vn -0.01831877790391445 0.7803959250450134 0.6250172853469849
vn -0.0319206528365612 -0.6333421468734741 0.7732133269309998
vn -0.02283928357064724 0.763950526714325 0.6448705196380615
vn -0.012336991727352142 -0.6497352123260498 0.7600604891777039
vn 0.015879517421126366 -0.629756510257721 -0.7766302824020386
vn 0.0422811284661293 -0.6371082663536072 -0.7696138024330139
vn 0.03008248098194599 0.524019181728363 -0.85117506980896
vn -0.03929053246974945 0.92323237657547 -0.3822280168533325
vn 0.04667864367365837 -0.6572937369346619 -0.7521874904632568
vn 0.04599447920918465 0.7516624927520752 -0.6579422950744629
vn 0.009812809526920319 -0.6477370262145996 -0.7618007659912109
vn -0.00498833367601037 0.7615981101989746 -0.6480304002761841
vn 0.018857188522815704 -0.8987360000610352 0.4380844533443451
vn -0.008349770680069923 -0.6404703855514526 0.7679374814033508
vn 0.0422811284661293 -0.6371082663536072 -0.7696138024330139
vn 0.015879517421126366 -0.629756510257721 -0.7766302824020386
vn -0.0319206528365612 -0.6333421468734741 0.7732133269309998
vn 0.04667864367365837 -0.6572937369346619 -0.7521874904632568
vn -0.012336991727352142 -0.6497352123260498 0.7600604891777039
vn 0.009812809526920319 -0.6477370262145996 -0.7618007659912109
vn 0.8898522853851318 0.28076863288879395 -0.35962745547294617
vn 0.6177248954772949 -0.6559779047966003 0.43371516466140747
vn 0.6177248954772949 -0.6559779047966003 0.43371516466140747
vn 0.9074140787124634 -0.3705254793167114 0.1982688158750534
vn -0.4734889566898346 0.6255070567131042 -0.6201202869415283
vn -0.02283928357064724 0.763950526714325 0.6448705196380615
vn -0.00498833367601037 0.7615981101989746 -0.6480304002761841
vn -0.45797431468963623 -0.6931950449943542 0.5565430521965027
vn -0.7242587804794312 -0.5860700607299805 0.3632782995700836
vn 0.45692676305770874 -0.6920723915100098 0.5587967038154602
vn 0.7233042120933533 -0.5849196910858154 0.36701488494873047
vn -0.7172041535377502 -0.4399479925632477 0.540429413318634
vn 0.7134159803390503 -0.4505177140235901 0.5367228984832764
vn -0.01831877790391445 0.7803959250450134 0.6250172853469849
vn 0.04599447920918465 0.7516624927520752 -0.6579422950744629
vn -0.006441875360906124 0.8940258622169495 0.44796907901763916
vn 0.03008248098194599 0.524019181728363 -0.85117506980896
vn -0.023551441729068756 0.736160159111023 0.6763975024223328
vn -0.03929053246974945 0.92323237657547 -0.3822280168533325
vn 9.050151561496023e-7 0.2988319396972656 0.9543057680130005
vn 0.4560539126396179 0.7718009352684021 -0.44310054183006287
vn 0.710216760635376 0.5729123950004578 -0.4091009199619293
vn 0.0415487214922905 -0.9011879563331604 0.43143245577812195
vn -0.030288580805063248 0.7290115356445312 0.683830976486206
vn -0.028866177424788475 0.9297563433647156 -0.36704200506210327
vn 0.004435795824974775 -0.6265242099761963 -0.7793893218040466
vn 0.004435795824974775 -0.6265242099761963 -0.7793893218040466
vn 0.0415487214922905 -0.9011879563331604 0.43143245577812195
vn -0.030288580805063248 0.7290115356445312 0.683830976486206
vn -0.028866177424788475 0.9297563433647156 -0.36704200506210327
vn 0.7848327159881592 0.2915470004081726 0.5468436479568481
vn 0.4122591018676758 0.9110550284385681 -0.00459569226950407
vn 0.7248163223266602 -0.5834079384803772 0.3664376139640808
vn -0.7239681482315063 -0.5874242186546326 0.36166682839393616
vn 0.38717278838157654 0.8163711428642273 0.42852696776390076
vn -0.07814719527959824 0.8984331488609314 -0.43210065364837646
vn 0.9136062264442444 0.06401336193084717 0.4015292823314667
vn 0.4697858989238739 -0.30455780029296875 0.8285805583000183
vn 0.5299249887466431 0.6170654892921448 0.5817298889160156
vn 0.5587241053581238 0.6154704689979553 -0.5558987855911255
vn 0.6260629892349243 -0.5207869410514832 -0.5803672075271606
vn 0.6260629892349243 -0.5207869410514832 -0.5803672075271606
vn 0.4697858989238739 -0.30455780029296875 0.8285805583000183
vn 0.5299249887466431 0.6170654892921448 0.5817298889160156
vn 0.5587241053581238 0.6154704689979553 -0.5558987855911255
vn -0.009973371401429176 0.7628319263458252 0.6465198993682861
vn 0.014032699167728424 -0.6488776206970215 0.76076340675354
vn 0.01321560051292181 -0.6486126184463501 -0.7610039114952087
vn -0.010998968966305256 0.7587829828262329 -0.6512506604194641
vn 0.014032699167728424 -0.6488776206970215 0.76076340675354
vn 0.01321560051292181 -0.6486126184463501 -0.7610039114952087
vn -0.010998968966305256 0.7587829828262329 -0.6512506604194641
vn -0.009973371401429176 0.7628319263458252 0.6465198993682861
vn 1 0 0
vn 1 0 0
vn 0.7207304239273071 0 -0.6932154297828674
vn -0.8270469903945923 0.40271544456481934 -0.39219072461128235
vn -0.9973920583724976 0.04958852007985115 -0.05244108662009239
vn -0.7070255875587463 0.7071067690849304 -0.010715837590396404
vn -0.5710369944572449 0.6072688102722168 -0.5523959994316101
vn -0.7047090530395508 0.02241699770092964 -0.7091421484947205
vn 0.7071067690849304 0.7071067690849304 -0.0000025999938770837616
vn 0.5921807885169983 0.570004940032959 -0.5695754885673523
vn -0.7070255875587463 0.7071067690849304 -0.010715837590396404
vn 0.7071067690849304 0.7071067690849304 -0.0000025999938770837616
vn 0.5921807885169983 0.570004940032959 -0.5695754885673523
vn -0.5710369944572449 0.6072688102722168 -0.5523959994316101
vn -0.8246616721153259 -0.306906133890152 0.47512274980545044
vn -0.8970437049865723 -0.1126493290066719 0.42734378576278687
vn -0.5946968197822571 0.5422680377960205 0.5935327410697937
vn 0.8943101167678833 0.3003120720386505 -0.33169570565223694
vn 0.5978263020515442 0.5396327376365662 -0.5927901864051819
vn 0.6048612594604492 -0.5565789341926575 -0.5695285201072693
vn 0.3163243532180786 -0.6390399932861328 -0.7011181712150574
vn -0.8127907514572144 -0.4266670048236847 -0.3966440260410309
vn -0.606853723526001 0.5155540108680725 0.604923665523529
vn -0.000005520923423318891 0.29883190989494324 0.9543057680130005
vn -0.32611966133117676 0.4376462399959564 0.8379210233688354
vn 0.38717278838157654 0.8163711428642273 0.42852696776390076
vn -0.0000027128501187689835 0.29883185029029846 0.95430588722229
vn 9.522361210656527e-8 0.2988317012786865 0.9543058276176453
vn 0.31576886773109436 0.12400180101394653 0.9406983852386475
vn 0.7539867758750916 -0.45910853147506714 0.4698120057582855
vn 0.3910035789012909 0.8078556060791016 0.44100508093833923
vn -0.6302627325057983 0.11101473122835159 -0.7684040069580078
vn -0.27647364139556885 0.6912092566490173 -0.6676766872406006
vn -0.5313923954963684 0.6087061166763306 -0.5891510844230652
vn -0.0000037290706131898332 0.6294105052947998 0.7770729660987854
vn 0.0000034469589991203975 0.7929443120956421 -0.6092941164970398
vn 0.000002406791736575542 0.9931116104125977 0.1171719953417778
vn 0 0.629370391368866 0.7771055102348328
vn -0.0000015378054740722291 0.7929123640060425 -0.6093356609344482
vn -0.5876429080963135 0.5549319386482239 0.5888347625732422
vn -0.5671705007553101 -0.5989048480987549 0.5653587579727173
vn 0.01730458438396454 -0.034152280539274216 0.9992668032646179
vn 0.5680249333381653 -0.5947157740592957 0.5689119696617126
vn 0.5870909690856934 0.5595898628234863 0.5849644541740417
vn 0.0022254895884543657 -0.9999975562095642 -3.510514934301767e-10
vn -0.0937451496720314 -0.9128293395042419 0.3974347710609436
vn -0.7022173404693604 -0.7119626402854919 -1.0594327903845624e-7
vn 0.70537930727005 -0.7088299989700317 1.0544450645966208e-7
vn 0.0005189062794670463 -0.7248989343643188 0.688854992389679
vn 0.5680249333381653 -0.5947157740592957 0.5689119696617126
vn -0.5671705007553101 -0.5989048480987549 0.5653587579727173
vn 0.0005189062794670463 -0.7248989343643188 0.688854992389679
vn -0.0003409914206713438 0.6885585784912109 0.7251806259155273
vn -0.0003409914206713438 0.6885585784912109 0.7251806259155273
vn 0.086787648499012 0.9025746583938599 0.42169520258903503
vn -0.27177271246910095 0.7908682823181152 0.5483310222625732
vn -0.5876429080963135 0.5549319386482239 0.5888347625732422
vn 0.27839428186416626 0.7706958055496216 0.5731706023216248
vn 0.5180835127830505 0.8048211336135864 0.2895727753639221
vn 0.6158682703971863 0.4885749816894531 0.6180621385574341
vn 0.41729262471199036 0.7382633090019226 -0.5299378037452698
vn 0.41729262471199036 0.7382633090019226 -0.5299378037452698
vn 0.5836160182952881 -0.558473527431488 -0.5894909501075745
vn 0.0000034469589991203975 0.7929443120956421 -0.6092941164970398
vn 0.7580429911613464 0.5481718182563782 -0.35338157415390015
vn 0.7580429911613464 0.5481718182563782 -0.35338157415390015
vn 0.6857367157936096 0.7270415425300598 -0.03428816422820091
vn -0.000001073778889804089 0.9931146502494812 0.11714597791433334
vn 0.45227310061454773 0.8917523622512817 0.015059622004628181
vn 0.33512815833091736 0.5739561319351196 0.7471703886985779
vn 0.6312883496284485 0.4518034756183624 0.6303560137748718
vn 0 0.629370391368866 0.7771055102348328
vn 0.33512815833091736 0.5739561319351196 0.7471703886985779
vn -9.990211680133143e-8 -0.6936691403388977 0.7202938199043274
vn 0.6312883496284485 0.4518034756183624 0.6303560137748718
vn 0.5528790950775146 0.64312744140625 -0.5298224091529846
vn 0.7328081727027893 0.6775851845741272 0.062214046716690063
vn 0.2887742817401886 0.7500600218772888 -0.5949952602386475
vn 0.5528790950775146 0.64312744140625 -0.5298224091529846
vn 0.2887742817401886 0.7500600218772888 -0.5949952602386475
vn 0.530244767665863 -0.3605235815048218 -0.7673742771148682
vn -0.0000015378054740722291 0.7929123640060425 -0.6093356609344482
vn 0.5260319113731384 0.7394213676452637 0.4201742708683014
vn 0.7088290452957153 0.7053803205490112 3.694590589020663e-7
vn 0.4317153990268707 0.8725042343139648 0.22881931066513062
vn 0.3548990488052368 0.7700508832931519 0.5301586389541626
vn -0.17344793677330017 0.9746076464653015 0.14161840081214905
vn -0.7119635939598083 0.702216386795044 3.7110228845449456e-7
vn -0.526001513004303 0.7983489632606506 0.293191522359848
vn -0.7002378106117249 0.08941484987735748 -0.7082880735397339
vn -0.7064235806465149 0.10322125256061554 0.7002221941947937
vn -0.7073838114738464 0.10364913940429688 0.6991888284683228
vn 0.5680249333381653 -0.5947157740592957 0.5689119696617126
vn 0.70537930727005 -0.7088299989700317 1.0544450645966208e-7
vn 0.7088290452957153 0.7053803205490112 3.694590589020663e-7
vn 0.5870909690856934 0.5595898628234863 0.5849644541740417
vn -0.7022173404693604 -0.7119626402854919 -1.0594327903845624e-7
vn -0.5671705007553101 -0.5989048480987549 0.5653587579727173
vn -0.7119635939598083 0.702216386795044 3.7110228845449456e-7
vn -0.5876429080963135 0.5549319386482239 0.5888347625732422
vn 0.45692676305770874 -0.6920723915100098 0.5587967038154602
vn 0.7233042120933533 -0.5849196910858154 0.36701488494873047
vn 0.45036035776138306 0.7661899328231812 -0.4583978056907654
vn 0.6764392852783203 0.7133421301841736 -0.18322908878326416
vn 0.7134159803390503 -0.4505177140235901 0.5367228984832764
vn 0.6980913877487183 0.5093722343444824 -0.5031980872154236
vn -0.6810247302055359 0.7099851369857788 -0.17923837900161743
vn -0.7242587804794312 -0.5860700607299805 0.3632782995700836
vn -0.45009079575538635 0.7650851011276245 -0.46050310134887695
vn -0.45797431468963623 -0.6931950449943542 0.5565430521965027
vn -0.6953272819519043 0.5210538506507874 -0.49499785900115967
vn -0.7172041535377502 -0.4399479925632477 0.540429413318634
vn 0.45036035776138306 0.7661899328231812 -0.4583978056907654
vn 0.6764392852783203 0.7133421301841736 -0.18322908878326416
vn -0.6810247302055359 0.7099851369857788 -0.17923837900161743
vn 0.6980913877487183 0.5093722343444824 -0.5031980872154236
vn -0.6953272819519043 0.5210538506507874 -0.49499785900115967
vn 0.45762431621551514 -0.6918082237243652 0.5585529208183289
vn 0.7248495221138 -0.583375096321106 0.3664241433143616
vn 0.4493808150291443 0.767179548740387 -0.4577033817768097
vn 0.6758435368537903 0.7142875790596008 -0.1817382276058197
vn 0.715092122554779 -0.4464981257915497 0.537850022315979
vn 0.6957964301109314 0.5143439769744873 -0.5013158917427063
vn -0.6816624402999878 0.7091739773750305 -0.18002380430698395
vn -0.7239922285079956 -0.5873962640762329 0.3616640865802765
vn -0.4503067433834076 0.764826238155365 -0.4607219099998474
vn -0.45727208256721497 -0.6943874955177307 0.5556331872940063
vn -0.6970602869987488 0.5169899463653564 -0.4968182146549225
vn -0.715641975402832 -0.44498077034950256 0.5383759140968323
vn 0.4493808150291443 0.767179548740387 -0.4577033817768097
vn 0.6758435368537903 0.7142875790596008 -0.1817382276058197
vn -0.6816624402999878 0.7091739773750305 -0.18002380430698395
vn 0.6957964301109314 0.5143439769744873 -0.5013158917427063
vn -0.6970602869987488 0.5169899463653564 -0.4968182146549225
vn 0.4576244652271271 -0.6918061375617981 0.5585554242134094
vn 0.7248495221138 -0.583375096321106 0.3664241433143616
vn 0.4493808150291443 0.767179548740387 -0.4577033817768097
vn 0.6758435368537903 0.7142875790596008 -0.1817382276058197
vn 0.7150917649269104 -0.4464942514896393 0.5378537774085999
vn 0.695796549320221 0.5143441557884216 -0.5013155341148376
vn -0.6816890835762024 0.7091507911682129 -0.18001440167427063
vn -0.7239681482315063 -0.5874242186546326 0.36166682839393616
vn -0.45032137632369995 0.7648161053657532 -0.4607243537902832
vn -0.45727282762527466 -0.6943966150283813 0.5556212067604065
vn -0.6970602869987488 0.516990065574646 -0.4968181550502777
vn -0.7156370878219604 -0.4449846148490906 0.5383792519569397
vn 0.4493808150291443 0.767179548740387 -0.4577033817768097
vn 0.6758435368537903 0.7142875790596008 -0.1817382276058197
vn -0.6816890835762024 0.7091507911682129 -0.18001440167427063
vn 0.695796549320221 0.5143441557884216 -0.5013155341148376
vn -0.6970602869987488 0.516990065574646 -0.4968181550502777
vn 0.45760875940322876 -0.691818118095398 0.5585534572601318
vn 0.7248163223266602 -0.5834079384803772 0.3664376139640808
vn 0.4494004547595978 0.7671696543693542 -0.4577006995677948
vn 0.6758702397346497 0.7142646908760071 -0.18172897398471832
vn 0.7150805592536926 -0.44652506709098816 0.5378430485725403
vn 0.6958121061325073 0.514314591884613 -0.5013242363929749
vn -0.6816890239715576 0.7091507911682129 -0.18001443147659302
vn -0.7239681482315063 -0.5874242186546326 0.36166682839393616
vn -0.45032134652137756 0.764816164970398 -0.4607243835926056
vn -0.45727282762527466 -0.6943966150283813 0.5556212067604065
vn -0.6970602869987488 0.5169901251792908 -0.49681806564331055
vn -0.7156370878219604 -0.4449846148490906 0.5383792519569397
vn 0.4494004547595978 0.7671696543693542 -0.4577006995677948
vn 0.6758702397346497 0.7142646908760071 -0.18172897398471832
vn -0.6816890239715576 0.7091507911682129 -0.18001443147659302
vn 0.6958121061325073 0.514314591884613 -0.5013242363929749
vn -0.6970602869987488 0.5169901251792908 -0.49681806564331055
vn 0.7136255502700806 0.01598120480775833 -0.7003450393676758
vn -0.6586393117904663 0.11870265752077103 -0.7430369257926941
vn -0.6796899437904358 0.1136932522058487 -0.7246347069740295
vn 0.7136255502700806 0.01598120480775833 -0.7003450393676758
vn -0.7320401668548584 0.17173512279987335 0.6592603921890259
vn -0.7320401668548584 0.17173512279987335 0.6592603921890259
vn -0.7320401668548584 0.17173512279987335 0.6592603921890259
vn 0.7009721398353577 0.05319740250706673 0.7112018465995789
vn 0.7023708820343018 0.05229963734745979 0.7098872065544128
vn -0.7320401668548584 0.17173512279987335 0.6592603921890259
vn 0.7136255502700806 0.01598120480775833 -0.7003450393676758
vn 0.7136255502700806 0.01598120480775833 -0.7003450393676758
vn 0.7140344977378845 0.015700453892350197 -0.6999344229698181
vn -0.6539575457572937 0.12727786600589752 -0.7457478642463684
vn -0.6671903133392334 0.12442303448915482 -0.7344222664833069
vn 0.7140344977378845 0.015700453892350197 -0.6999344229698181
vn -0.732984185218811 0.18174190819263458 0.6555181741714478
vn -0.732984185218811 0.18174190819263458 0.6555181741714478
vn -0.732984185218811 0.18174190819263458 0.6555181741714478
vn 0.7006015181541443 0.05205211043357849 0.7116516828536987
vn 0.7014255523681641 0.0514964759349823 0.710879921913147
vn -0.732984185218811 0.18174190819263458 0.6555181741714478
vn 0.7140344977378845 0.015700453892350197 -0.6999344229698181
vn 0.7140344977378845 0.015700453892350197 -0.6999344229698181
vn 0.6987693309783936 0.053126364946365356 -0.7133715748786926
vn -0.6756894588470459 0.08543848246335983 -0.7322185635566711
vn -0.6811003088951111 0.0838714987039566 -0.72737056016922
vn 0.6987693309783936 0.053126364946365356 -0.7133715748786926
vn -0.7275738716125488 0.13012240827083588 0.6735758781433105
vn -0.7275738716125488 0.13012240827083588 0.6735758781433105
vn -0.7275738716125488 0.13012240827083588 0.6735758781433105
vn 0.7124584317207336 0.09127559512853622 0.6957526206970215
vn 0.7108369469642639 0.0923076719045639 0.697273313999176
vn -0.7275738716125488 0.13012240827083588 0.6735758781433105
vn 0.6987693309783936 0.053126364946365356 -0.7133715748786926
vn 0.6987693309783936 0.053126364946365356 -0.7133715748786926
vn 0.714034914970398 0.01680034212768078 -0.699908435344696
vn -0.6563063859939575 0.1191902682185173 -0.7450205087661743
vn -0.6618719696998596 0.11796412616968155 -0.7402769327163696
vn 0.714034914970398 0.01680034026503563 -0.699908435344696
vn -0.7341334223747253 0.1718786507844925 0.6568910479545593
vn -0.7341334223747253 0.1718786507844925 0.6568910479545593
vn -0.7341334223747253 0.1718786507844925 0.6568910479545593
vn 0.7005829215049744 0.052660420536994934 0.7116252183914185
vn 0.7009066343307495 0.05243183299899101 0.7113232612609863
vn -0.7341334223747253 0.1718786507844925 0.6568910479545593
vn 0.714034914970398 0.01680034212768078 -0.699908435344696
vn 0.714034914970398 0.01680034026503563 -0.699908435344696
vn 0.691483199596405 0.06910029798746109 -0.7190800309181213
vn -0.6888564825057983 0.05939224362373352 -0.7224605679512024
vn -0.7025620937347412 0.05428599938750267 -0.709548830986023
vn 0.691483199596405 0.06910029798746109 -0.7190800309181213
vn -0.7205408215522766 0.10498849302530289 0.6854183673858643
vn -0.7205408215522766 0.10498849302530289 0.6854183673858643
vn -0.7205408215522766 0.10498849302530289 0.6854183673858643
vn 0.7163212299346924 0.11421366035938263 0.6883597373962402
vn 0.6986951231956482 0.12315940856933594 0.7047388553619385
vn -0.7205408215522766 0.10498849302530289 0.6854183673858643
vn 0.691483199596405 0.06910029798746109 -0.7190800309181213
vn 0.691483199596405 0.06910029798746109 -0.7190800309181213
vn 0.7059146761894226 0.10925377905368805 -0.6998200416564941
vn -0.7032675743103027 0.05529407411813736 -0.7087716460227966
vn -0.7027948498725891 0.05554569512605667 -0.7092207670211792
vn 0.7059146761894226 0.10925376415252686 -0.6998200416564941
vn -0.7084426879882812 0.09124261140823364 0.6998454928398132
vn -0.7084426879882812 0.09124261140823364 0.6998454928398132
vn -0.7084426879882812 0.09124261140823364 0.6998454928398132
vn 0.6945629715919495 0.14253336191177368 0.7051712870597839
vn 0.6961740851402283 0.14178584516048431 0.7037317752838135
vn -0.7084426879882812 0.09124261140823364 0.6998454928398132
vn 0.7059146761894226 0.10925377905368805 -0.6998200416564941
vn 0.7059146761894226 0.10925376415252686 -0.6998200416564941
vn 0.5519425868988037 -0.5129275918006897 0.6574683785438538
vn 0.5857879519462585 0.6284775733947754 0.5117308497428894
vn -0.5802992582321167 0.6631316542625427 0.47276753187179565
vn -0.5767244696617126 -0.49293938279151917 0.6514596343040466
vn 0.7140344977378845 0.015700453892350197 -0.6999344229698181
vn -0.6539576053619385 0.12727782130241394 -0.7457478046417236
vn -0.6671901941299438 0.12442301213741302 -0.7344223260879517
vn 0.7140344977378845 0.015700453892350197 -0.6999344229698181
vn -0.7329841256141663 0.18174178898334503 0.6555182933807373
vn -0.7329841256141663 0.18174178898334503 0.6555182337760925
vn -0.7329841256141663 0.18174178898334503 0.6555182933807373
vn 0.7006015181541443 0.052052080631256104 0.7116516828536987
vn 0.7014254927635193 0.05149644613265991 0.7108799815177917
vn -0.7329841256141663 0.18174178898334503 0.6555182337760925
vn 0.7140344977378845 0.015700453892350197 -0.6999344229698181
vn 0.7140344977378845 0.015700453892350197 -0.6999344229698181
vn 0.6988007426261902 0.05312645435333252 -0.7133407592773438
vn -0.6756894588470459 0.08543848246335983 -0.7322185635566711
vn -0.6811003684997559 0.08387146145105362 -0.7273705005645752
vn 0.6988007426261902 0.05312645435333252 -0.7133407592773438
vn -0.7275738716125488 0.13012243807315826 0.6735758781433105
vn -0.7275738716125488 0.13012243807315826 0.6735758781433105
vn -0.7275738716125488 0.13012243807315826 0.6735758781433105
vn 0.7124281525611877 0.09126930683851242 0.6957845091819763
vn 0.7107934355735779 0.09230971336364746 0.6973174214363098
vn -0.7275738716125488 0.13012243807315826 0.6735758781433105
vn 0.6988007426261902 0.05312645435333252 -0.7133407592773438
vn 0.6988007426261902 0.05312645435333252 -0.7133407592773438
vn 0.714034914970398 0.01680035889148712 -0.6999084949493408
vn -0.6563065052032471 0.11919030547142029 -0.7450204491615295
vn -0.6618717908859253 0.11796421557664871 -0.740277111530304
vn 0.714034914970398 0.01680035889148712 -0.6999084949493408
vn -0.7341333031654358 0.1718786209821701 0.6568911671638489
vn -0.7341333031654358 0.1718786209821701 0.6568911671638489
vn -0.7341333031654358 0.1718786209821701 0.6568911671638489
vn 0.7005829215049744 0.052660394459962845 0.7116252183914185
vn 0.7009066343307495 0.05243182182312012 0.7113232612609863
vn -0.7341333031654358 0.1718786209821701 0.6568911671638489
vn 0.714034914970398 0.01680035889148712 -0.6999084949493408
vn 0.714034914970398 0.01680035889148712 -0.6999084949493408
vn 0.8844286203384399 -0.3288813531398773 -0.33109381794929504
vn -0.6594141721725464 -0.5897941589355469 -0.4661714434623718
vn -0.5045201182365417 0.4981999695301056 -0.7051640152931213
vn 0.5080424547195435 0.5122648477554321 -0.6924431920051575
vn 0.7140344977378845 0.015700455754995346 -0.6999344229698181
vn -0.653956413269043 0.12727808952331543 -0.7457488179206848
vn -0.6671901345252991 0.12442304193973541 -0.7344223260879517
vn 0.7140344977378845 0.015700455754995346 -0.6999344229698181
vn -0.7329912185668945 0.18174096941947937 0.6555105447769165
vn -0.7329855561256409 0.18173670768737793 0.655518114566803
vn -0.7329912185668945 0.18174096941947937 0.6555105447769165
vn 0.7005950212478638 0.05205274745821953 0.7116580009460449
vn 0.7014191150665283 0.05149712413549423 0.7108862996101379
vn -0.7329855561256409 0.18173670768737793 0.655518114566803
vn 0.7140344977378845 0.015700455754995346 -0.6999344229698181
vn 0.7140344977378845 0.015700455754995346 -0.6999344229698181
vn 0.6988007426261902 0.05312645435333252 -0.7133407592773438
vn -0.6756893992424011 0.08543846011161804 -0.7322185635566711
vn -0.6811568737030029 0.08385483920574188 -0.7273194789886475
vn 0.6988007426261902 0.05312645435333252 -0.7133407592773438
vn -0.7275738716125488 0.13012240827083588 0.6735758185386658
vn -0.7275738716125488 0.13012240827083588 0.6735758185386658
vn -0.7275738716125488 0.13012240827083588 0.6735758185386658
vn 0.7124281525611877 0.09126931428909302 0.6957844495773315
vn 0.7107934355735779 0.09230970591306686 0.6973174214363098
vn -0.7275738716125488 0.13012240827083588 0.6735758185386658
vn 0.6988007426261902 0.05312645435333252 -0.7133407592773438
vn 0.6988007426261902 0.05312645435333252 -0.7133407592773438
vn 0.703464925289154 0.01590064913034439 0.7105520963668823
vn 0.7084247469902039 0.11631279438734055 -0.6961362361907959
vn 0.7043710947036743 0.11499254405498505 -0.7004556059837341
vn 0.702725887298584 0.01619718037545681 0.7112762928009033
vn -0.6982296705245972 0.14623060822486877 -0.7007794976234436
vn -0.6980741024017334 0.14630372822284698 -0.7009192705154419
vn -0.6982296705245972 0.14623060822486877 -0.7007794976234436
vn -0.7087675333023071 0.04478053003549576 0.7040193676948547
vn -0.7086854577064514 0.044737737625837326 0.7041047215461731
vn -0.6980741024017334 0.14630372822284698 -0.7009192705154419
vn 0.703464925289154 0.01590064913034439 0.7105520963668823
vn 0.702725887298584 0.01619718037545681 0.7112762928009033
vn 0.7034358382225037 0.016167962923645973 0.7105748653411865
vn 0.7080749273300171 0.12868212163448334 -0.6943131685256958
vn 0.7102060317993164 0.12935695052146912 -0.6920073628425598
vn 0.7035425901412964 0.016118232160806656 0.7104703187942505
vn -0.697712779045105 0.15793770551681519 -0.6987506747245789
vn -0.6957756876945496 0.15893273055553436 -0.7004545331001282
vn -0.697712779045105 0.15793770551681519 -0.6987506747245789
vn -0.7087681293487549 0.04436033219099045 0.7040454149246216
vn -0.7092567682266235 0.04462780803442001 0.7035362124443054
vn -0.6957756876945496 0.15893273055553436 -0.7004545331001282
vn 0.7034358382225037 0.016167962923645973 0.7105748653411865
vn 0.7035425901412964 0.016118232160806656 0.7104703187942505
vn 0.7028530836105347 0.05113193765282631 0.709494948387146
vn 0.7090120911598206 0.08263297379016876 -0.7003382444381714
vn 0.7063140869140625 0.081598661839962 -0.7031799554824829
vn 0.702698826789856 0.05120069906115532 0.709642767906189
vn -0.699498176574707 0.1122417226433754 -0.705764889717102
vn -0.6981804966926575 0.11281225830316544 -0.7069776058197021
vn -0.699498176574707 0.1122417226433754 -0.705764889717102
vn -0.7074598670005798 0.07935874164104462 0.7022839188575745
vn -0.707895815372467 0.07956168055534363 0.701821506023407
vn -0.6981804966926575 0.11281225830316544 -0.7069776058197021
vn 0.7028530836105347 0.05113193765282631 0.709494948387146
vn 0.702698826789856 0.05120069906115532 0.709642767906189
vn 0.7034364342689514 0.01658548042178154 0.7105646729469299
vn 0.7083171606063843 0.11934278160333633 -0.6957327723503113
vn 0.7051675915718079 0.11829403042793274 -0.6991031169891357
vn 0.7039656639099121 0.01636640541255474 0.7100454568862915
vn -0.6979683041572571 0.14969931542873383 -0.700307309627533
vn -0.6973644495010376 0.14998759329319 -0.7008469700813293
vn -0.6979683041572571 0.14969931542873383 -0.700307309627533
vn -0.7086954712867737 0.04589369520545006 0.7040202617645264
vn -0.7082882523536682 0.045680366456508636 0.7044438123703003
vn -0.6973644495010376 0.14998759329319 -0.7008469700813293
vn 0.7034364342689514 0.01658548042178154 0.7105646729469299
vn 0.7039656639099121 0.01636640541255474 0.7100454568862915
vn 0.7023454308509827 0.07625876367092133 0.7077397108078003
vn 0.7093650698661804 0.059284813702106476 -0.7023435831069946
vn 0.7094855904579163 0.05933750793337822 -0.7022173404693604
vn 0.7021766304969788 0.07634446024894714 0.707897961139679
vn -0.7002195119857788 0.08942415565252304 -0.7083050012588501
vn -0.699332594871521 0.08980849385261536 -0.7091321349143982
vn -0.7002195119857788 0.08942415565252304 -0.7083050012588501
vn -0.7063422203063965 0.10476496815681458 0.7000749707221985
vn -0.7050453424453735 0.10416822135448456 0.701469898223877
vn -0.699332594871521 0.08980849385261536 -0.7091321349143982
vn 0.7023454308509827 0.07625876367092133 0.7077397108078003
vn 0.7021766304969788 0.07634446024894714 0.707897961139679
vn 0.7034717202186584 0.015327231027185917 0.7105579972267151
vn 0.7082762718200684 0.12381536513566971 -0.6949924230575562
vn 0.7082823514938354 0.12381723523139954 -0.6949858665466309
vn 0.7030137777328491 0.015530876815319061 0.7110065817832947
vn -0.6980186104774475 0.1530512571334839 -0.6995322108268738
vn -0.6978999376296997 0.15311165153980255 -0.6996374130249023
vn -0.6980186104774475 0.1530512571334839 -0.6995322108268738
vn -0.7088296413421631 0.04351138696074486 0.7040364742279053
vn -0.7090513706207275 0.04362821578979492 0.7038058638572693
vn -0.6978999376296997 0.15311165153980255 -0.6996374130249023
vn 0.7034717202186584 0.015327231027185917 0.7105579972267151
vn 0.7030137777328491 0.015530876815319061 0.7110065817832947
vn 0.7028380036354065 0.051104504615068436 0.7095118165016174
vn 0.7090179920196533 0.0820227861404419 -0.7004039883613586
vn 0.70938640832901 0.08216124027967453 -0.700014591217041
vn 0.7036871910095215 0.05072128772735596 0.7086971998214722
vn -0.6996385455131531 0.11041263490915298 -0.7059142589569092
vn -0.6977280974388123 0.11122438311576843 -0.7076755166053772
vn -0.6996385455131531 0.11041263490915298 -0.7059142589569092
vn -0.7075700163841248 0.07811550796031952 0.7023123502731323
vn -0.707395613193512 0.07803492993116379 0.7024969458580017
vn -0.6977280974388123 0.11122438311576843 -0.7076755166053772
vn 0.7028380036354065 0.051104504615068436 0.7095118165016174
vn 0.7036871910095215 0.05072128772735596 0.7086971998214722
vn 0.7034600973129272 0.016071150079369545 0.7105530500411987
vn 0.7084417939186096 0.1151835024356842 -0.6963066458702087
vn 0.7085328698158264 0.11521251499652863 -0.696209192276001
vn 0.703253448009491 0.016154589131474495 0.7107556462287903
vn -0.6984196901321411 0.14390023052692413 -0.7010725140571594
vn -0.6974372863769531 0.14435246586799622 -0.7019569873809814
vn -0.6984196901321411 0.14390023052692413 -0.7010725140571594
vn -0.7088407874107361 0.04373510181903839 0.7040113806724548
vn -0.7090809345245361 0.0438600517809391 0.703761637210846
vn -0.6974372863769531 0.14435246586799622 -0.7019569873809814
vn 0.7034600973129272 0.016071150079369545 0.7105530500411987
vn 0.703253448009491 0.016154589131474495 0.7107556462287903
vn 0.7034783959388733 0.014883425086736679 0.7105607986450195
vn 0.7083790898323059 0.12098833918571472 -0.6953854560852051
vn 0.7079339623451233 0.12085451930761337 -0.6958618760108948
vn 0.702670693397522 0.01523376815021038 0.7113521695137024
vn -0.6981057524681091 0.15078462660312653 -0.6999374032020569
vn -0.700535774230957 0.1495334357023239 -0.6977745890617371
vn -0.6981057524681091 0.15078462660312653 -0.6999374032020569
vn -0.7088333964347839 0.043642256408929825 0.7040245532989502
vn -0.7086713910102844 0.04355867952108383 0.7041928172111511
vn -0.700535774230957 0.1495334357023239 -0.6977745890617371
vn 0.7034783959388733 0.014883425086736679 0.7105607986450195
vn 0.702670693397522 0.01523376815021038 0.7113521695137024
vn 0.7028998136520386 0.049764517694711685 0.7095458507537842
vn 0.7091248631477356 0.07898039370775223 -0.700645387172699
vn 0.7082142233848572 0.07864907383918762 -0.70160311460495
vn 0.7017839550971985 0.05024346336722374 0.7106158137321472
vn -0.6997064352035522 0.10854093730449677 -0.7061372399330139
vn -0.7023459076881409 0.10739708691835403 -0.7036874890327454
vn -0.6997064352035522 0.10854093730449677 -0.7061372399330139
vn -0.7075694799423218 0.07797328382730484 0.7023287415504456
vn -0.7081132531166077 0.07822147011756897 0.7017528414726257
vn -0.7023459076881409 0.10739708691835403 -0.7036874890327454
vn 0.7028998136520386 0.049764517694711685 0.7095458507537842
vn 0.7017839550971985 0.05024346336722374 0.7106158137321472
vn 0.7023909091949463 0.0746597871184349 0.7078649997711182
vn 0.7093787789344788 0.059243179857730865 -0.7023332715034485
vn 0.7080156803131104 0.05864108353853226 -0.7037578225135803
vn 0.7029820084571838 0.0743618980050087 0.707309365272522
vn -0.7002378106117249 0.08941484987735748 -0.7082880735397339
vn -0.6977110505104065 0.09049849957227707 -0.7106400728225708
vn -0.6977110505104065 0.09049849957227707 -0.7106400728225708
vn 0.7023909091949463 0.0746597871184349 0.7078649997711182
vn 0.7029820084571838 0.0743618980050087 0.707309365272522
vn 0.4697858989238739 -0.30455780029296875 0.8285805583000183
vn 0.6260629892349243 -0.5207869410514832 -0.5803672075271606
vn 0.5587241053581238 0.6154704689979553 -0.5558987855911255
vn 0.5299249887466431 0.6170654892921448 0.5817298889160156
vn 0.5882956981658936 0.5536611080169678 0.5893789529800415
vn -0.5773617029190063 0.5773273706436157 0.5773617029190063
vn 0.7193032503128052 0 0.6946961879730225
vn -0.7071067690849304 -0.00004200713738100603 0.7071067690849304
vn 0.5921807885169983 0.570004940032959 -0.5695754885673523
vn 0.7207304239273071 0 -0.6932154297828674
vn -0.7047090530395508 0.02241699770092964 -0.7091421484947205
vn -0.5710369944572449 0.6072688102722168 -0.5523959994316101
vn -0.0000012833503433284932 -0.4022001624107361 -0.9155517816543579
vn 0.5021833181381226 -0.6125023365020752 0.6104529500007629
vn 9.334124939641697e-8 -0.7245214581489563 -0.6892522573471069
vn 0.4528563320636749 -0.6549079418182373 -0.6049931645393372
vn 0.4481629729270935 -0.8078444600105286 0.3828018605709076
vn 0 -0.8980541229248047 0.4398850202560425
vn -8.105504889499571e-8 -0.9332025051116943 -0.35935091972351074
vn 0.4780791103839874 -0.7445295453071594 -0.4659571647644043
vn 0.4689626395702362 -0.8513094782829285 0.23525771498680115
vn -4.108879352315853e-7 -0.9832736849784851 0.18213433027267456
vn -4.108879352315853e-7 -0.9832736849784851 0.18213433027267456
vn 0.4689626395702362 -0.8513094782829285 0.23525771498680115
vn 0.30657628178596497 -0.9109916090965271 0.27587178349494934
vn 0.4780791103839874 -0.7445295453071594 -0.4659571647644043
vn -8.105504889499571e-8 -0.9332025051116943 -0.35935091972351074
vn 0.5483434796333313 -0.5490215420722961 -0.630789041519165
vn 0.000003239320903958287 -0.40214696526527405 -0.9155751466751099
vn -0.0000030090004656813107 -0.6936397552490234 0.7203220725059509
vn -0.0000037290706131898332 0.6294105052947998 0.7770729660987854
vn -1.731856116293784e-7 -0.7245200872421265 -0.6892536878585815
vn 0.0000016533535927010234 -0.8980753421783447 0.4398415982723236
vn -0.025147048756480217 -0.9649316668510437 -0.26129400730133057
vn 0.0000011438388582973857 -0.9832742214202881 0.18213140964508057
vn -0.025147048756480217 -0.9649316668510437 -0.26129400730133057
vn 0.0000011438388582973857 -0.9832742214202881 0.18213140964508057
vn 0.7202340364456177 -0.5800983905792236 0.38045865297317505
vn 0.6158682703971863 0.4885749816894531 0.6180621385574341
vn 0.34889453649520874 -0.8528397679328918 -0.38850608468055725
vn 0.34618934988975525 -0.9060829281806946 0.24324201047420502
vn 0.3028329014778137 -0.9094582796096802 -0.28491735458374023
vn 0.17654988169670105 -0.9768734574317932 0.12061664462089539
vn 0.3028329014778137 -0.9094582796096802 -0.28491735458374023
vn 0.17654988169670105 -0.9768734574317932 0.12061664462089539
vn 0.3055092394351959 -0.888154923915863 -0.3432855010032654
vn -0.3082229197025299 -0.9101079702377319 0.27695152163505554
vn 0.7202340364456177 -0.5800983905792236 0.38045865297317505
vn 0.5836160182952881 -0.558473527431488 -0.5894909501075745
vn 0.7580429911613464 0.5481718182563782 -0.35338157415390015
vn 0.6158682703971863 0.4885749816894531 0.6180621385574341
vn 0.34618934988975525 -0.9060829281806946 0.24324201047420502
vn 0.34889453649520874 -0.8528397679328918 -0.38850608468055725
vn 0.17654988169670105 -0.9768734574317932 0.12061664462089539
vn 0.3028329014778137 -0.9094582796096802 -0.28491735458374023
vn 0.4336634576320648 -0.7869654297828674 -0.4388866126537323
vn 0.5945125818252563 -0.609092116355896 0.5249395966529846
vn -0.43882399797439575 -0.7833197116851807 -0.4402769207954407
vn 0.3377719819545746 -0.8493411540985107 0.40562257170677185
vn -0.05440989509224892 -0.724838137626648 -0.6867671608924866
vn -0.16654768586158752 -0.5345906615257263 -0.8285377621650696
vn 0.2211276739835739 -0.7661378383636475 -0.603436291217804
vn -0.0021026793401688337 -0.945720374584198 0.3249746859073639
vn 0.3594643175601959 -0.883442223072052 0.3005249798297882
vn 0.029905442148447037 -0.8594974875450134 0.5102643966674805
vn -0.19872397184371948 -0.23574498295783997 0.9512796998023987
vn 0.06063387170433998 -0.7364956140518188 0.6737192869186401
vn -0.13671989738941193 -0.0574532076716423 0.9889423251152039
vn -0.253365159034729 -0.4053021967411041 0.8783713579177856
vn -0.13672137260437012 -0.05745314061641693 0.9889421463012695
vn 0.32337698340415955 -0.8411594033241272 0.43344932794570923
vn 0.13138490915298462 -0.9388001561164856 0.31842130422592163
vn 0.44076916575431824 -0.8855343461036682 0.1468045860528946
vn 0.13820335268974304 -0.5837852954864502 0.8000591993331909
vn 0.000003071965011258726 -0.7985599637031555 0.6019152402877808
vn 0.2513316571712494 -0.40875014662742615 0.8773572444915771
vn -0.31736207008361816 -0.9355355501174927 0.15509524941444397
vn -0.1948176622390747 -0.8718920946121216 0.4492775797843933
vn -0.4960819482803345 -0.6933745741844177 0.5226225852966309
vn -0.06965020298957825 0.12296726554632187 0.9899635910987854
vn 9.522361210656527e-8 0.2988317012786865 0.9543058276176453
vn 0.44459936022758484 -0.8807249069213867 -0.16326363384723663
vn 0.30119383335113525 -0.9429476857185364 -0.14188748598098755
vn 0.14986567199230194 -0.9522027373313904 -0.2661772668361664
vn 0.000001522775846751756 0.2988320589065552 0.9543057084083557
vn 9.050151561496023e-7 0.2988319396972656 0.9543057680130005
vn 0.1394995003938675 -0.06076642870903015 0.9883558750152588
vn -0.5135477781295776 -0.8439837694168091 -0.15479087829589844
vn -0.4463517367839813 -0.8848960995674133 -0.13315099477767944
vn -0.5770643353462219 -0.8117836713790894 -0.0894651710987091
vn -0.6937314867973328 -0.7189127802848816 -0.043601810932159424
vn 0.36718952655792236 -0.8839467167854309 0.2894997000694275
vn 0.18850421905517578 -0.9313588738441467 0.3115074038505554
vn 0.43188658356666565 -0.6024721264839172 0.6711938977241516
vn -0.3023088872432709 -0.9180173277854919 -0.2566194236278534
vn 0.547095537185669 -0.0947863757610321 0.83168625831604
vn 0.0032852247823029757 -0.9464894533157349 0.32271808385849
vn -0.18204763531684875 -0.9288140535354614 0.32274308800697327
vn -0.3610706031322479 -0.8789453506469727 0.3115816116333008
vn 0.12293356657028198 -0.6434853672981262 0.7555223703384399
vn 0 0.2988317906856537 0.9543058276176453
vn -0.2509992718696594 -0.4032677710056305 0.8799855709075928
vn -0.37286829948425293 -0.8853858113288879 -0.2775990068912506
vn -0.44101014733314514 -0.8470138311386108 -0.29677873849868774
vn -0.3610706031322479 -0.8789453506469727 0.3115816116333008
vn 0.5467238426208496 -0.07687526941299438 0.8337764739990234
vn -5.872855695088219e-7 -0.5892928242683411 0.8079195022583008
vn -0.5249719619750977 -0.06118296459317207 0.8489176034927368
vn 0.8629937767982483 0.10892122983932495 0.4933334290981293
vn 0.8315695524215698 -0.46012070775032043 0.3110964000225067
vn 0.502437949180603 -0.8644364476203918 0.01748480089008808
vn 0.374009370803833 -0.9257237315177917 -0.05614713579416275
vn 0.5765506625175476 -0.8153764605522156 0.052446138113737106
vn 0.6937313079833984 -0.7189127802848816 -0.04360433667898178
vn -0.577895998954773 -0.7974878549575806 -0.17334742844104767
vn -0.520605742931366 -0.8518649935722351 0.05740727111697197
vn -0.3740096092224121 -0.9257237315177917 -0.056145768612623215
vn -0.032236386090517044 -0.9201897978782654 0.39014285802841187
vn -0.09575846791267395 -0.9650837182998657 0.24381069839000702
vn -0.16176669299602509 -0.9856513142585754 0.04819687455892563
vn -1.241360223502852e-7 -0.9981657266616821 -0.06054015830159187
vn 0.2580839991569519 -0.41125383973121643 0.8742213845252991
vn 0.1395004242658615 -0.06076623499393463 0.9883556962013245
vn 2.872544655474485e-7 0.29883185029029846 0.95430588722229
vn 0.13949817419052124 -0.06076667830348015 0.9883560538291931
vn 0.13949884474277496 -0.060766540467739105 0.9883559346199036
vn 0.2580823004245758 -0.4112541973590851 0.874221682548523
vn 0.25808316469192505 -0.41125401854515076 0.8742215633392334
vn 0.3379720449447632 -0.7000822424888611 0.6290148496627808
vn 0.5113243460655212 -0.8540840744972229 -0.09533027559518814
vn -0.004470412153750658 -0.3774554431438446 0.9260169267654419
vn -0.22130511701107025 -0.48988619446754456 0.843229353427887
vn 0.023324716836214066 -0.5965712666511536 0.8022211194038391
vn -0.4498002231121063 -0.34748488664627075 0.8227599859237671
vn -0.4872884452342987 -0.6814642548561096 0.5460370779037476
vn -0.13535897433757782 -0.05632012337446213 0.9891945719718933
vn -0.2509993314743042 -0.40326768159866333 0.8799855709075928
vn -0.25099992752075195 -0.4032677710056305 0.8799853324890137
vn -9.482669725002779e-7 0.29883161187171936 0.95430588722229
vn -0.15303190052509308 -0.9424425363540649 -0.297293484210968
vn -3.3205844829353737e-7 -0.9437451362609863 -0.33067354559898376
vn -0.22978943586349487 -0.9446967244148254 -0.23397602140903473
vn -0.22638244926929474 -0.9192444086074829 -0.32208800315856934
vn -0.2256135195493698 -0.39896804094314575 0.8887762427330017
vn 0.12229657918214798 -0.6383740901947021 0.7599487900733948
vn -0.31899476051330566 -0.6927444338798523 0.6467978358268738
vn -0.3633853793144226 -0.8801304697990417 0.3054855167865753
vn -0.5295395255088806 -0.08178187906742096 0.844333827495575
vn 0.2302454113960266 -0.6456120014190674 0.7281292676925659
vn -0.16234275698661804 -0.872340202331543 0.46115878224372864
vn -0.000005520923423318891 0.29883190989494324 0.9543057680130005
vn -0.8607891201972961 0.13369928300380707 0.4910871982574463
vn -0.41112151741981506 -0.4549620449542999 0.7899295687675476
vn 0.4426206648349762 -0.5466076135635376 0.7108495235443115
vn 0.22727346420288086 -0.5832542777061462 0.7798469662666321
vn 0.2285725623369217 -0.4746864438056946 0.849957287311554
vn -0.3633853793144226 -0.8801304697990417 0.3054855167865753
vn -0.5080414414405823 -0.8610552549362183 0.02185657061636448
vn 0.22463631629943848 -0.3624681830406189 0.9045193791389465
vn 0.2247711569070816 -0.41664114594459534 0.8808451294898987
vn -0.005074076820164919 -0.48131510615348816 0.8765329122543335
vn 0.4417976438999176 -0.32820606231689453 0.8349225521087646
vn 0.010194285772740841 -0.09412048757076263 0.99550861120224
vn 0.05742171034216881 -0.3610246777534485 0.930786669254303
vn -0.23170854151248932 -0.5733456611633301 0.7858662605285645
vn -0.5229637026786804 -0.6818218231201172 0.5114957690238953
vn 0.36718952655792236 -0.8839467167854309 0.2894997000694275
vn 0.2662540376186371 -0.6597620844841003 0.702725350856781
vn 0.0014228872023522854 -0.7772263884544373 0.6292194128036499
vn -0.45080479979515076 -0.526191771030426 0.7210389971733093
vn 0.4897714853286743 -0.6748514771461487 0.5519958138465881
vn 0.5264471769332886 -0.672768235206604 0.5198426246643066
vn -0.23391829431056976 -0.42620888352394104 0.8738582730293274
vn -0.23462992906570435 -0.5185396075248718 0.8222319483757019
vn -0.8383616805076599 -0.4454805254936218 0.31416040658950806
vn 0.046435680240392685 -0.8117286562919617 0.5821857452392578
vn -0.04913484305143356 -0.36263781785964966 0.9306339621543884
vn 0.5394477248191833 -0.05974884331226349 0.839896559715271
vn -0.24931326508522034 -0.7604914307594299 0.5995797514915466
vn 0.005052897147834301 -0.7895204424858093 0.6137034296989441
vn -0.4960819482803345 -0.6933745741844177 0.5226225852966309
vn 0.2555912733078003 -0.7563909292221069 0.6021177768707275
vn -0.0021026793401688337 -0.945720374584198 0.3249746859073639
vn 0.49608728289604187 -0.6933634281158447 0.522632360458374
vn 0.3594643175601959 -0.883442223072052 0.3005249798297882
vn -0.5475133061408997 -0.04262790083885193 0.8357104659080505
vn 0.4410095512866974 -0.8470130562782288 -0.29678183794021606
vn 0.5887800455093384 -0.5849561095237732 -0.5578209757804871
vn 0.764076292514801 -0.27230867743492126 -0.5848379135131836
vn 0.5295729637145996 -0.5581921935081482 -0.6387284994125366
vn 0.3374093174934387 -0.8220231533050537 -0.45872968435287476
vn 0.25839531421661377 -0.5602937340736389 0.7869579792022705
vn -0.19872546195983887 -0.2357448786497116 0.9512794017791748
vn -0.2986189126968384 -0.559842586517334 0.7729184627532959
vn -0.33280855417251587 -0.6936402916908264 0.6388282775878906
vn -0.7640877366065979 -0.272297203540802 -0.5848283171653748
vn -0.42124485969543457 -0.38281816244125366 -0.8221940398216248
vn -0.496400386095047 -0.4303935170173645 -0.7538886070251465
vn -0.3253459930419922 -0.6222385168075562 -0.7120176553726196
vn -0.28461286425590515 -0.872424304485321 -0.3973301947116852
vn -0.11819259077310562 -0.8671112656593323 -0.4838891625404358
vn -0.1367228627204895 -0.05745306983590126 0.9889419078826904
vn -0.06965171545743942 0.12296734005212784 0.9899634122848511
vn -0.0000027128501187689835 0.29883185029029846 0.95430588722229
vn -0.2986206114292145 -0.5598423480987549 0.7729180455207825
vn -0.274503231048584 -0.5007291436195374 0.820925235748291
vn -0.3929009437561035 -0.5336450934410095 0.7489003539085388
vn -0.2510649263858795 -0.7537600994110107 0.6072990298271179
vn -0.2423047125339508 -0.6674531102180481 0.7041268944740295
vn -0.1557801514863968 -0.9652512669563293 -0.20981565117835999
vn -0.2533688247203827 -0.40530169010162354 0.878370463848114
vn -0.06965456902980804 0.1229674369096756 0.9899632334709167
vn 0.0751839354634285 -0.9511527419090271 -0.2994261085987091
vn 0.2263818085193634 -0.9192439913749695 -0.3220895826816559
vn -0.000008869750672602095 -0.4220971167087555 -0.9065505862236023
vn -0.18204763531684875 -0.9288140535354614 0.32274308800697327
vn 0.0032852247823029757 -0.9464894533157349 0.32271808385849
vn -0.135752871632576 -0.7396953701972961 0.6591068506240845
vn 0.002293691737577319 -0.45231500267982483 0.8918553590774536
vn 0.18850421905517578 -0.9313588738441467 0.3115074038505554
vn 0.24191102385520935 -0.7272788286209106 0.6422964334487915
vn -0.25663474202156067 -0.7718172073364258 0.5817531943321228
vn 0.2990773320198059 -0.9106909036636353 -0.28494730591773987
vn 0.47941505908966064 -0.807965099811554 0.34256917238235474
vn 0.5778956413269043 -0.7974875569343567 -0.17335031926631927
vn -0.0029936719220131636 -0.9705381989479065 -0.2409285008907318
vn 0.15252287685871124 -0.9829694032669067 -0.10250826925039291
vn -0.3047749996185303 -0.9364702701568604 -0.17359595000743866
vn 0.253818541765213 -0.7503430247306824 0.6103782057762146
vn 0.0012376271188259125 -0.0828506126999855 0.9965612292289734
vn -0.2345590442419052 -0.7215185165405273 0.6514546275138855
vn 0.4212287664413452 -0.38282445073127747 -0.8221994042396545
vn 0.0030115097761154175 -0.7550773024559021 0.65562903881073
vn -0.25663474202156067 -0.7718172073364258 0.5817531943321228
vn -0.2542000710964203 -0.7676776051521301 0.5882629156112671
vn 0.000003071965011258726 -0.7985599637031555 0.6019152402877808
vn 0.49608728289604187 -0.6933634281158447 0.522632360458374
vn 0.2566406726837158 -0.7718114256858826 0.5817582607269287
vn 0.25908681750297546 -0.7666431665420532 0.5874796509742737
vn -0.23333944380283356 -0.3723708987236023 0.8982720971107483
vn 0.2566406726837158 -0.7718114256858826 0.5817582607269287
vn 0.1718493402004242 -0.8993420600891113 -0.40205928683280945
vn -0.05941907316446304 -0.910370945930481 -0.4095047116279602
vn 0.2779761552810669 -0.5145686268806458 -0.8111401796340942
vn 0.227610781788826 -0.9727327227592468 0.04454649239778519
vn 0.28058984875679016 -0.7978376150131226 -0.5335957407951355
vn 0.39105096459388733 -0.8384665250778198 -0.37954309582710266
vn -0.7275053262710571 -0.5773507952690125 -0.3706778585910797
vn -0.370678186416626 -0.5773497223854065 0.7275059819221497
vn -0.370678186416626 0.5773497223854065 0.7275059819221497
vn -0.601982593536377 0.5773497819900513 -0.5516195893287659
vn 0.5516191720962524 0.5773507356643677 -0.6019821166992188
vn 0.5516191720962524 -0.5773507356643677 -0.6019821166992188
vn -0.601982593536377 -0.5773497819900513 -0.5516195893287659
vn 0.7275059819221497 0.5773511528968811 0.3706759512424469
vn 0.37067654728889465 0.5773493647575378 -0.7275071144104004
vn -0.7275059819221497 0.5773511528968811 -0.3706759512424469
vn -0.3706786036491394 -0.5773486495018005 0.7275066375732422
vn 0.7275046110153198 -0.5773518681526184 0.3706775903701782
vn 0.7275046110153198 0.5773518681526184 0.3706775903701782
vn 0.7275059819221497 -0.5773511528968811 0.3706759512424469
vn -0.37067654728889465 -0.5773493647575378 0.7275071144104004
vn -0.7275059819221497 -0.5773511528968811 -0.3706759512424469
vn 0.601982593536377 -0.5773497819900513 0.5516195893287659
vn -0.5516191720962524 -0.5773507356643677 0.6019821166992188
vn -0.601982593536377 -0.5773497819900513 -0.5516195893287659
vn 0.21132126450538635 0.5773471593856812 0.7886784076690674
vn -0.7886741161346436 0.5773534178733826 0.21132011711597443
vn -0.7886741161346436 -0.5773534178733826 0.21132011711597443
vn 0.37067654728889465 -0.5773493647575378 -0.7275071144104004
vn 0.21132126450538635 -0.5773471593856812 0.7886784076690674
vn -0.7886741161346436 0.5773534178733826 0.21132011711597443
vn -0.21132126450538635 0.5773471593856812 -0.7886784076690674
vn -0.21132126450538635 -0.5773471593856812 -0.7886784076690674
vn -0.7886741161346436 -0.5773534178733826 0.21132011711597443
vn -0.21132126450538635 0.5773471593856812 -0.7886784076690674
vn 0.7886741161346436 0.5773534178733826 -0.21132011711597443
vn 0.7886741161346436 -0.5773534178733826 -0.21132011711597443
vn -0.21132126450538635 -0.5773471593856812 -0.7886784076690674
vn 0.7886741161346436 0.5773534178733826 -0.21132011711597443
vn 0.21132126450538635 0.5773471593856812 0.7886784076690674
vn 0.21132126450538635 -0.5773471593856812 0.7886784076690674
vn 0.7886741161346436 -0.5773534178733826 -0.21132011711597443
vn 0.5516191720962524 0.5773507356643677 -0.6019821166992188
vn 0.601982593536377 0.5773497819900513 0.5516195893287659
vn 0.601982593536377 -0.5773497819900513 0.5516195893287659
vn -0.37067654728889465 0.5773493647575378 0.7275071144104004
vn -0.7275059819221497 0.5773511528968811 -0.3706759512424469
vn -0.7275059819221497 -0.5773511528968811 -0.3706759512424469
vn -0.37067654728889465 -0.5773493647575378 0.7275071144104004
vn 0.7275059819221497 0.5773511528968811 0.3706759512424469
vn -0.37067654728889465 0.5773493647575378 0.7275071144104004
vn -0.3706786036491394 0.5773486495018005 0.7275066375732422
vn -0.7275046110153198 0.5773518681526184 -0.3706775903701782
vn -0.7275046110153198 -0.5773518681526184 -0.3706775903701782
vn -0.7275053262710571 -0.5773507952690125 -0.3706778585910797
vn 0.370678186416626 -0.5773497223854065 -0.7275059819221497
vn 0.5516191720962524 -0.5773507356643677 -0.6019821166992188
vn 0.7275053262710571 -0.5773507952690125 0.3706778585910797
vn 0.21132126450538635 0.5773471593856812 0.7886784076690674
vn -0.370678186416626 0.5773497223854065 0.7275059819221497
vn 0.7275053262710571 0.5773507952690125 0.3706778585910797
vn 0.370678186416626 0.5773497223854065 -0.7275059819221497
vn -0.5516191720962524 0.5773507356643677 0.6019821166992188
vn 0.601982593536377 0.5773497819900513 0.5516195893287659
vn 0.601982593536377 0.5773497819900513 0.5516195893287659
vn -0.5516191720962524 -0.5773507356643677 0.6019821166992188
vn -0.7275053262710571 0.5773507952690125 -0.3706778585910797
vn 0.37067654728889465 0.5773493647575378 -0.7275071144104004
vn 0.5516191720962524 0.5773507356643677 -0.6019821166992188
vn -0.370678186416626 -0.5773497223854065 0.7275059819221497
vn 0.7275053262710571 -0.5773507952690125 0.3706778585910797
vn 0.7275053262710571 0.5773507952690125 0.3706778585910797
vn -0.37067654728889465 -0.5773493647575378 0.7275071144104004
vn -0.370678186416626 0.5773497223854065 0.7275059819221497
vn 0.370678186416626 -0.5773497223854065 -0.7275059819221497
vn 0.7275053262710571 0.5773507952690125 0.3706778585910797
vn 0.370678186416626 -0.5773497223854065 -0.7275059819221497
vn -0.7275053262710571 -0.5773507952690125 -0.3706778585910797
vn -0.7275053262710571 0.5773507952690125 -0.3706778585910797
vn 0.370678186416626 0.5773497223854065 -0.7275059819221497
vn -0.3706786036491394 0.5773486495018005 0.7275066375732422
vn -0.601982593536377 -0.5773497819900513 -0.5516195893287659
vn -0.5516191720962524 -0.5773507356643677 0.6019821166992188
vn -0.5516191720962524 0.5773507356643677 0.6019821166992188
vn -0.601982593536377 0.5773497819900513 -0.5516195893287659
vn -0.21132126450538635 0.5773471593856812 -0.7886784076690674
vn 0.7886741161346436 0.5773534178733826 -0.21132011711597443
vn 0.7886741161346436 -0.5773534178733826 -0.21132011711597443
vn 0.370678186416626 -0.5773497223854065 -0.7275059819221497
vn 0.7275053262710571 -0.5773507952690125 0.3706778585910797
vn -0.370678186416626 -0.5773497223854065 0.7275059819221497
vn -0.370678186416626 0.5773497223854065 0.7275059819221497
vn 0.7275053262710571 0.5773507952690125 0.3706778585910797
vn 0.370678186416626 0.5773497223854065 -0.7275059819221497
vn -0.3706786036491394 -0.5773486495018005 0.7275066375732422
vn -0.7275046110153198 0.5773518681526184 -0.3706775903701782
vn 0.3706786036491394 0.5773486495018005 -0.7275066375732422
vn 0.3706786036491394 -0.5773486495018005 -0.7275066375732422
vn -0.7275053262710571 0.5773507952690125 -0.3706778585910797
vn -0.370678186416626 -0.5773497223854065 0.7275059819221497
vn 0.7275053262710571 -0.5773507952690125 0.3706778585910797
vn 0.7275053262710571 0.5773507952690125 0.3706778585910797
vn -0.7275046110153198 -0.5773518681526184 -0.3706775903701782
vn -0.370678186416626 0.5773497223854065 0.7275059819221497
vn 0.370678186416626 -0.5773497223854065 -0.7275059819221497
vn 0.7275053262710571 0.5773507952690125 0.3706778585910797
vn 0.3706786036491394 0.5773486495018005 -0.7275066375732422
vn 0.7275046110153198 0.5773518681526184 0.3706775903701782
vn 0.7275046110153198 -0.5773518681526184 0.3706775903701782
vn 0.370678186416626 -0.5773497223854065 -0.7275059819221497
vn -0.7275053262710571 -0.5773507952690125 -0.3706778585910797
vn -0.7275053262710571 0.5773507952690125 -0.3706778585910797
vn 0.7275046110153198 0.5773518681526184 0.3706775903701782
vn 0.3706786036491394 0.5773486495018005 -0.7275066375732422
vn 0.370678186416626 0.5773497223854065 -0.7275059819221497
vn 0.3706786036491394 -0.5773486495018005 -0.7275066375732422
vn -0.7275059819221497 -0.5773511528968811 -0.3706759512424469
vn 0.37067654728889465 0.5773493647575378 -0.7275071144104004
vn 0.7275059819221497 0.5773511528968811 0.3706759512424469
vn 0.7275059819221497 -0.5773511528968811 0.3706759512424469
vn 0.37067654728889465 -0.5773493647575378 -0.7275071144104004
vn -0.7275053262710571 -0.5773507952690125 -0.3706778585910797
vn -0.370678186416626 0.5773497223854065 0.7275059819221497
vn 0.21132126450538635 -0.5773471593856812 0.7886784076690674
vn -0.7886741161346436 -0.5773534178733826 0.21132011711597443
vn -0.21132126450538635 -0.5773471593856812 -0.7886784076690674
vn 0.7886741161346436 0.5773534178733826 -0.21132011711597443
vn 0.21132126450538635 0.5773471593856812 0.7886784076690674
vn 0.7886741161346436 0.5773534178733826 -0.21132011711597443
vn -0.21132126450538635 -0.5773471593856812 -0.7886784076690674
vn -0.7275046110153198 -0.5773518681526184 -0.3706775903701782
vn -0.7886741161346436 -0.5773534178733826 0.21132011711597443
vn 0.21132126450538635 0.5773471593856812 0.7886784076690674
vn -0.7886741161346436 0.5773534178733826 0.21132011711597443
vn -0.7886741161346436 -0.5773534178733826 0.21132011711597443
vn -0.7886741161346436 0.5773534178733826 0.21132011711597443
vn -0.21132126450538635 0.5773471593856812 -0.7886784076690674
vn -0.21132126450538635 -0.5773471593856812 -0.7886784076690674
vn -0.7886741161346436 -0.5773534178733826 0.21132011711597443
vn -0.3706786036491394 -0.5773486495018005 0.7275066375732422
vn 0.21132126450538635 -0.5773471593856812 0.7886784076690674
vn 0.7886741161346436 -0.5773534178733826 -0.21132011711597443
vn 0.7886741161346436 0.5773534178733826 -0.21132011711597443
vn 0.21132126450538635 0.5773471593856812 0.7886784076690674
vn -0.21132126450538635 -0.5773471593856812 -0.7886784076690674
vn -0.7275053262710571 -0.5773507952690125 -0.3706778585910797
vt 0.4296070337295532 0.8404133915901184
vt 0.38495153188705444 1
vt 0.9290433526039124 1
vt 1.371295690536499 0.5586528778076172
vt 1.1923223733901978 0.5385999083518982
vt 1.276248574256897 0.3352118730545044
vt 0.49632740020751953 0.0191117525100708
vt 0.5999574661254883 0.021404922008514404
vt 0.42848634719848633 0.8315849304199219
vt 1.150944709777832 1
vt 1.0133490562438965 0.5185469388961792
vt 0.8347709774971008 0.02660083770751953
vt 1.0635918378829956 0.031664133071899414
vt 0.3906216621398926 1
vt 0.8710173964500427 0.7401279211044312
vt 0.9266283512115479 1
vt 1.465561866760254 0.7818659543991089
vt 1.1832832098007202 0.11440187692642212
vt 0 1
vt 1 0.0004994869232177734
vt 1 1
vt 0 0.0004994869232177734
vt 1 0.0004994869232177734
vt 1 1
vt 0 1
vt 0.031668901443481445 0.0005019903182983398
vt -0.34468477964401245 0.0005023479461669922
vt -0.029455214738845825 0.3077654242515564
vt 0 0.0004998445510864258
vt 0.5005004405975342 0.408815860748291
vt 0.001000195392407477 0.5447548627853394
vt 0.5517446994781494 0.6984236836433411
vt 0 1
vt 0 0.0004994869232177734
vt 1 0.0004994869232177734
vt 1 1
vt 1 0.0004999041557312012
vt 1 1
vt 0 0.0004999041557312012
vt 0 1
vt 1.0481714010238647 1
vt 1.6033334732055664 0.500266969203949
vt 1.1103241443634033 0.0005339384078979492
vt 1.470787525177002 0.0005444884300231934
vt 1.0000007152557373 0.2728768587112427
vt 1.3331091403961182 0.767860621213913
vt 1.1494075059890747 1
vt 1.6533170938491821 1
vt 2 1
vt 2 0.0004999041557312012
vt 1.0129010677337646 0.5357212424278259
vt 1.2721561193466187 0.5002506375312805
vt 1.999001145362854 0.000998854637145996
vt 1.4995006322860718 0.0011214017868041992
vt 1.4995009899139404 0.13693785667419434
vt 0.7593944072723389 0.0005013942718505859
vt 0.6475359797477722 0.0005014538764953613
vt 0.8664386868476868 0.7560420036315918
vt 1.0530916452407837 0.6452099084854126
vt 0.1034887284040451 1.1239705085754395
vt 0.5801368951797485 0.9673154354095459
vt 0.10718221962451935 1.2894209623336792
vt 1.000002145767212 1.0000000596046448
vt 2.0963428020477295 1
vt 1.8443632125854492 0.5002740025520325
vt 1.4995017051696777 0.5004994571208954
vt 0.5004999041557312 0.13718295097351074
vt 1.592383623123169 0.0005480051040649414
vt 0.6480228900909424 0.7982276976108551
vt 0.12815958261489868 0.4613969326019287
vt 1.0512449741363525 0.5624846816062927
vt 0.0009990930557250977 0.0014889836311340332
vt 1.0000001192092896 0.0012439489364624023
vt 0.001001661759801209 1.2674179077148438
vt 0.0010024039074778557 1.6332095861434937
vt 0.09845985472202301 1
vt 2.075775146484375 0.5002807676792145
vt 2.0552072525024414 0.0005615353584289551
vt 0.6497519016265869 0.7858564257621765
vt 0.5682926177978516 0.42769134044647217
vt 0.2857743799686432 0.6150285005569458
vt 0 0.0004997849464416504
vt 0.5 0.5002499520778656
vt 0 1
vt 1.2750394344329834 0.12100285291671753
vt 0.5371900200843811 0.0005015730857849121
vt 0.0010013011051341891 1.0896742343902588
vt 0.5551620721817017 0.500266969203949
vt 1.3713338375091553 0.3447606563568115
vt 1.464565396308899 0.5614012479782104
vt 1.5592496395111084 0.7814174890518188
vt 1.5585110187530518 1
vt 2 0.0004994869232177734
vt 2 1
vt 1.5 0.5002497434616089
vt -0.12311246991157532 0.5002511739730835
vt 0 1
vt 0.06129013001918793 0.0005033016204833984
vt 0 0.0005015134811401367
vt 1 0.0004999041557312012
vt 1 1
vt 0.7080988883972168 0.023797810077667236
vt 0.5004996061325073 0.0013664960861206055
vt 0.27758103609085083 0.7501334846019745
vt 0.3082261085510254 0.2503851652145386
vt 0.5858071446418762 0.0005186200141906738
vt 0.5005026459693909 1.4995006620883942
vt 0.6628762483596802 0.8750667423009872
vt 1.5722570419311523 1
vt 1.849838137626648 0.7501334846019745
vt 0.8909952044487 0.0005012750625610352
vt 0.577366828918457 0.8432275950908661
vt -0.12311236560344696 0.5002509951591492
vt 0.017910480499267578 0.008525431156158447
vt 0.05818522721529007 0.5042627155780792
vt 0.09845997393131256 1
vt 0.2394828200340271 0.5082744359970093
vt 1.4559561014175415 0.2503756284713745
vt 1.2653756141662598 0.0005009174346923828
vt 1.6397560834884644 0.0005005598068237305
vt 1.4627366065979004 0.7501253187656403
vt 1.5 0.0004994869232177734
vt 0.25075289607048035 1.7492509484291077
vt 0.0010031461715698242 1.9990012645721436
vt 1.8237954378128052 0.0005548000335693359
vt 1.525123119354248 0.281741738319397
vt -0.3446847200393677 0.0005019903182983398
vt 0.38050568103790283 0.016548871994018555
vt 0.2705223262310028 0.622290849685669
vt 0.2198457419872284 0.0005018711090087891
vt 0.40802258253097534 0.0005016922950744629
vt 1.1845704317092896 0.0005039572715759277
vt 0.9939753413200378 0.0005033016204833984
vt 1.0402019023895264 0.2502519488334656
vt 0.35981303453445435 0.5801485776901245
vt 0.1983349323272705 0.8330205082893372
vt 0.14569027721881866 0.47672438621520996
vt 0.5739357471466064 0.6835727989673615
vt 0.7297835946083069 0.6705974042415619
vt 1.0021811723709106 0.8904212117195129
vt 0.6002580523490906 0.861720860004425
vt 1.3981150388717651 0.8586126863956451
vt 1.4236133098602295 0.6803467869758606
vt 1.7949106693267822 0.8339095711708069
vt 1.126828670501709 0.10097020864486694
vt 1.4429850578308105 0.20144057273864746
vt 1.119825005531311 0.15120530128479004
vt 0.810672402381897 0.0004998445510864258
vt 1.140836238861084 0.000500023365020752
vt 1.001319408416748 0.8833158016204834
vt 1.6347601413726807 0.5788622796535492
vt 0.7966650128364563 0.10097002983093262
vt 0.4805086851119995 0.000499725341796875
vt 0.15034492313861847 0.0004995465278625488
vt 0.7956889867782593 0.10797011852264404
vt 0.47301697731018066 0.054234862327575684
vt 1.8459070920944214 0.4773777723312378
vt 1.4201087951660156 0.4783475399017334
vt 0.4045526385307312 0.8633503019809723
vt 0.4047623872756958 0.6769881248474121
vt 0.7375319004058838 0.8780742883682251
vt 0.07157336175441742 0.8486263155937195
vt 0.5567184090614319 0.000500798225402832
vt 0.639653742313385 0.10268306732177734
vt 0.1743595451116562 0.0005009770393371582
vt 1.8197095394134521 0.6610260009765625
vt 1.7070155143737793 0.8505265712738037
vt 1.726325273513794 0.3622010350227356
vt 1.0131405591964722 0.0005006194114685059
vt 1.0436341762542725 0.8370182514190674
vt 0.9665974378585815 0.8370189666748047
vt 0.9715774059295654 0.8721452951431274
vt 1.932693600654602 0.8438953757286072
vt 1.932403564453125 0.4715254306793213
vt 0.8820560574531555 0.0005002021789550781
vt 0.9345952868461609 0.4817015528678894
vt 0.6506859064102173 0.4479749798774719
vt 0.9519063234329224 0.8684571981430054
vt 0.6572698354721069 0.8638485074043274
vt 0.47110921144485474 0.1744241714477539
vt 0.7918735146522522 0.3483487367630005
vt 0.4672936797142029 0.41480278968811035
vt 0.6314913630485535 0.2613864541053772
vt 1.0464608669281006 0.48849594593048096
vt 1.1555626392364502 0.6825963258743286
vt 1.0366928577423096 0.8722057342529297
vt 1.6993526220321655 0.25966596603393555
vt 1.7013531923294067 0.24585366249084473
vt 0.07199288159608841 0.4759019613265991
vt 1.688887357711792 0.0005003213882446289
vt 1.8290482759475708 0.0005003809928894043
vt 1.6893268823623657 0.22697710990905762
vt 0.6127851009368896 0.0005019903182983398
vt 0.6358984112739563 0.12537628412246704
vt 0.23159492015838623 0.0005006194114685059
vt 1.118360996246338 0.1617053747177124
vt 1.1164532899856567 0.2818946838378906
vt 1.441033124923706 0.21544063091278076
vt 1.570192813873291 0.23755329847335815
vt 1.855081558227539 0.000500798225402832
vt 1.86436927318573 0.48095500469207764
vt 1.438754916191101 0.24072778224945068
vt 1.4543232917785645 0.1983180046081543
vt 1.4614968299865723 0.18907582759857178
vt 1.4709999561309814 0.0005002021789550781
vt 1.4727964401245117 0.1910407543182373
vt 1.693450927734375 0.23941445350646973
vt 0.9210332632064819 0.3704614043235779
vt 1.3468315601348877 0.3694916367530823
vt 0.9943104982376099 0.479317307472229
vt 1.6768076419830322 0.22564733028411865
vt 0.13910673558712006 0.4999969005584717
vt 0.5712596774101257 0.6248727440834045
vt 0.3528195023536682 0.49999773502349854
vt 0.5665322542190552 0.4999985098838806
vt 0.3990635871887207 0.25024956464767456
vt 0.7244563102722168 0.19710469245910645
vt 1.6330080032348633 0.4778626561164856
vt 0.943906307220459 0.7740216106176376
vt 1.3138768672943115 0.8644704222679138
vt 1.3131330013275146 0.36220115423202515
vt 1.2888987064361572 0.6194489300251007
vt 1.2646644115447998 0.8766967058181763
vt 1.3038928508758545 0.8711699843406677
vt 1.1797969341278076 0.42534852027893066
vt 1.2007029056549072 0.1813507080078125
vt 1.2100342512130737 0.5624380111694336
vt 1.4261107444763184 0.6248759031295776
vt 1.421383261680603 0.5000016689300537
vt 0.9939577579498291 0.5000000894069672
vt 1.0034126043319702 0.749748557806015
vt 0.7849724292755127 0.6248735189437866
vt 0.7802450060844421 0.4999992847442627
vt 0.6127763390541077 0.25025033950805664
vt 1.2192316055297852 0.43756383657455444
vt 1.4445053339004517 0.3751276135444641
vt 1.848808765411377 0.5000032782554626
vt 1.2140028476715088 0.9370604380965233
vt 1.2194890975952148 0.8121864795684814
vt 1.43556547164917 0.8746243864297867
vt 0.8264890909194946 0.2502511739730835
vt 0.9924401044845581 0.9994964897632599
vt 1.4300792217254639 0.9994983524084091
vt 1.4341111183166504 0.0005006790161132812
vt 0.5192951560020447 0.6564604640007019
vt 0.6856799125671387 0.7570035457611084
vt 0.10260698199272156 0.0005005002021789551
vt 0.54256671667099 0.23820126056671143
vt 0.6384600400924683 0.0005002021789550781
vt 0.7233020663261414 0.10333162546157837
vt 0.6409998536109924 0.000500798225402832
vt 0.8092044591903687 0.2948354482650757
vt 0.8075531125068665 0.1988878846168518
vt 1.7563557624816895 0.000505983829498291
vt 1.398278832435608 0.12537896633148193
vt 1.375165581703186 0.000504612922668457
vt 0.8925554752349854 0.38969624042510986
vt 0.8915049433708191 0.29368412494659424
vt 0.9783337712287903 0.4836140275001526
vt 0.9780727028846741 0.38868021965026855
vt 1.0624829530715942 0.5770383477210999
vt 1.0628151893615723 0.4813259243965149
vt 0.14271387457847595 0.4812568426132202
vt 1.1449928283691406 0.6745551824569702
vt 1.2303886413574219 0.6712087392807007
vt 1.2316676378250122 0.7681441903114319
vt 1.1467057466506958 0.5722787380218506
vt 1.3130536079406738 0.768470048904419
vt 1.4399336576461792 1.1134021282196045
vt 1.4188624620437622 1.0306633710861206
vt 1.4631121158599854 1.0302870273590088
vt 0.7818498611450195 0.812184602022171
vt 0.5602871775627136 0.8746206611394882
vt 0.11716174334287643 0.9994927644729614
vt 0.5548009276390076 0.9994946271181107
vt 1.8677184581756592 0.9995002150535583
vt 1.7446359395980835 0.0004999637603759766
vt 1.838519811630249 0.23601269721984863
vt 1.8988994359970093 0.0004996657371520996
vt 0.6453415155410767 0.5756397843360901
vt 0.34969693422317505 0.6873087882995605
vt 0.47744736075401306 0.3857799172401428
vt 0.5620120167732239 0.4801691770553589
vt 1.0882726907730103 0.0005002021789550781
vt 1.837477684020996 0.2389390468597412
vt 1.3215137720108032 0.0005002021789550781
vt 0.5578737258911133 0.0005005598068237305
vt 1.4540016651153564 0.6589866280555725
vt 0.5685122013092041 0.4802870750427246
vt 0.5720165967941284 0.6822863221168518
vt 1.8654000759124756 0.8510575294494629
vt 1.454517126083374 0.8440378904342651
vt 1.0512440204620361 0.8702187538146973
vt 0.5892024040222168 0.8590760231018066
vt 0.17708541452884674 0.8348362445831299
vt 2.0188498497009277 0.3255143165588379
vt 1.9409360885620117 0.5808916687965393
vt 2.1167354583740234 0.32551437616348267
vt 0.35126709938049316 0.5025594234466553
vt 0.636134684085846 0.15385234355926514
vt 0.7044256329536438 0.25177979469299316
vt 0.5617284178733826 0.0004996061325073242
vt 0.5617284178733826 0.3822087049484253
vt 0.4382716119289398 0.0004998445510864258
vt 2.2067198753356934 0.5302118360996246
vt 1.9002680778503418 0.2932282090187073
vt 1.6591966152191162 0.322723925113678
vt 1.8633649349212646 0.0009999275207519531
vt 1.9371711015701294 0.5854564905166626
vt 1.9607166051864624 0.2932282090187073
vt 1.3812220096588135 0.05999135971069336
vt 1.622293472290039 0.030495643615722656
vt 2.382718086242676 0.6095063090324402
vt 2.3129985332489014 0.29322826862335205
vt 2.5357718467712402 0.30525314807891846
vt 2.688825845718384 0.001000046730041504
vt 2.8282651901245117 0.6335561275482178
vt 0.6885744333267212 0.7525153160095215
vt 0.901919424533844 0.6968851983547211
vt 0.777955949306488 0.3912985324859619
vt 0.3512660264968872 0.502558708190918
vt 0.5991929769515991 1.113732099533081
vt 0.9758048057556152 1.0178727507591248
vt 1.2046458721160889 0.2800382971763611
vt 1.3436338901519775 0.0010001063346862793
vt 2.159944534301758 0.5974813997745514
vt 0.6887227892875671 0.7538770437240601
vt 0.7782515287399292 0.39402127265930176
vt 0.9022150039672852 0.6996079385280609
vt 0.750556230545044 0.9053086489439011
vt 0.5991940498352051 1.1137328147888184
vt 0.5647593140602112 0.4482903480529785
vt 2.3891611099243164 0.8605392575263977
vt 0.4382716119289398 0.3822091817855835
vt 0.37406519055366516 0.0010002851486206055
vt 1.0575841665267944 0.0010001659393310547
vt 1.6995675563812256 0.19187313318252563
vt 2.048370361328125 1.2062299847602844
vt 2.4106392860412598 1.5036256313323975
vt 2.00000262260437 1.6432142853736877
vt 1.6377335786819458 1.3458186388015747
vt 1.5893659591674805 1.782802939414978
vt 1.390190601348877 1.1785511076450348
vt 1.6861011981964111 0.9088343381881714
vt 2.0518507957458496 1.2001078128814697
vt 1.999964714050293 1.6431192755699158
vt 2.410637617111206 1.5036317110061646
vt 0.4382716119289398 0.000499725341796875
vt 0.4382716119289398 0.38220906257629395
vt 0.5617284178733826 0.38220882415771484
vt 0.5617284178733826 0.0004996061325073242
vt 1.6411781311035156 1.339595377445221
vt 1.5892919301986694 1.782606840133667
vt 1.220013976097107 1.3261455297470093
vt 1.6930642127990723 0.8965839147567749
vt 1.2052359580993652 0.28548306226730347
vt 1.142647624015808 1.0112835764884949
vt 1.9842621088027954 0.0009999275207519531
vt 0.4382716119289398 0.8975474238395691
vt 0.4382716119289398 0.9995005130767822
vt 0.5617284178733826 0.9963290691375732
vt 2.472503662109375 0.47953200340270996
vt 2.384603977203369 0.6072206497192383
vt 2.3896450996398926 0.8589864075183868
vt 2.6089584827423096 0.7462680339813232
vt 2.8282718658447266 0.6335496306419373
vt 2.613999605178833 0.9980337768793106
vt 2.841151237487793 1.1356220245361328
vt 2.8383541107177734 1.1370811462402344
vt 2.165290594100952 0.7199390530586243
vt 0.4382716119289398 0.9963293075561523
vt 0.4382716119289398 0.9193326830863953
vt 0.5617284178733826 0.9963288307189941
vt 1.9842619895935059 0.0009989738464355469
vt 1.3802851438522339 0.05823194980621338
vt 2.6888277530670166 0.000999152660369873
vt 2.1148059368133545 0.0009990334510803223
vt 1.0606635808944702 0.0009993314743041992
vt 0.3668344020843506 0.0009995698928833008
vt 0.6279646158218384 0.13992851972579956
vt 2.12508487701416 0.4393423795700073
vt 0.7469637393951416 1.7557071447372437
vt 0.1952657252550125 0.2788577079772949
vt 0.43377482891082764 0.000499725341796875
vt 0.43377482891082764 0.9173749685287476
vt 0.5 0.45893728733062744
vt 0.7059648036956787 0.2517790198326111
vt 1.0942800045013428 1.4482678771018982
vt 1.3344345092773438 0.9572283327579498
vt 0.5662251710891724 0.0004996061325073242
vt 0.5662251710891724 0.9173749089241028
vt 1.8188681602478027 1.4945164620876312
vt 1.8465144634246826 1.2698515951633453
vt 0.9917437434196472 0.339752197265625
vt 0.4254099726676941 0.2302783727645874
vt 0.5617284178733826 0.689268946647644
vt 0.21468524634838104 0.30670446157455444
vt 1.3416733741760254 0.0009992122650146484
vt 0.5 0.6892690062522888
vt 0.7472839951515198 1.757096529006958
vt 1.3569726943969727 0.0014989376068115234
vt 1.8234549760818481 0.0014988183975219727
vt 1.8234554529190063 0.22569501399993896
vt 0.2022009789943695 0.0014991164207458496
vt 0.510728120803833 0.0014990568161010742
vt 0.20220036804676056 0.2256944179534912
vt 2.7600746154785156 2.1203794479370117
vt 2.072382926940918 2.208237648010254
vt 2.765385150909424 1.9902567863464355
vt 1.1908109188079834 2.2082395553588867
vt 0.7638070583343506 2.5240824222564697
vt 0.763806939125061 2.208238124847412
vt 1.1908113956451416 2.5240817070007324
vt 2.07238507270813 2.5240817070007324
vt 2.0252695083618164 2.9985010623931885
vt 0.7912995219230652 0.9937610626220703
vt 0.8953999280929565 1.375058352947235
vt 0.7913563251495361 1.3749284148216248
vt 0.8953431248664856 0.9938910007476807
vt 0.9995002746582031 1.7563556432724
vt 0.8432645797729492 0.612658679485321
vt 0.9474213123321533 0.6127429902553558
vt 2.5815584659576416 1.5475624799728394
vt 2.7548089027404785 1.4930672347545624
vt 2.744232654571533 0.9958776831626892
vt 0.9994996786117554 0.6127851605415344
vt 0.9994999170303345 0.9939753413200378
vt 0.999499499797821 0.231594979763031
vt 0.999500036239624 1.1845704168081284
vt 0.9995000958442688 1.3751654922962189
vt 0.44935300946235657 0.7213307023048401
vt 0.6075141429901123 0.22569453716278076
vt 1.0128278732299805 0.2256947159767151
vt 0.2055710107088089 2.7393956184387207
vt 0.002002716064453125 2.5240817070007324
vt 0.002001153538003564 2.7385034561157227
vt 0.10210036486387253 0.7213302850723267
vt 0.002001302083954215 1.7126023769378662
vt 0.0020003649406135082 1.216966152191162
vt 0.0019984908867627382 0.22569364309310913
vt 3.235121726989746 2.431058406829834
vt 2.8256759643554688 2.376644492149353
vt 2.8912770748138428 2.6329095363616943
vt 2.416229724884033 2.322230577468872
vt 2.2358882427215576 0.0014987587928771973
vt 2.7230803966522217 0.0014986395835876465
vt 2.2311530113220215 0.22569501399993896
vt 3.2997934818267822 2.815705180168152
vt 3.7083098888397217 2.9985008239746094
vt 2.890347480773926 2.761291265487671
vt 3.7101690769195557 2.7417373657226562
vt 0.24250295758247375 1.712602436542511
vt 0.6234053373336792 1.7126021981239319
vt 0.4830036759376526 1.2169662714004517
vt 0.6965056657791138 1.216966986656189
vt 0.18642793595790863 1.39480459690094
vt 0.09346368163824081 0.6979019045829773
vt 0.16667574644088745 0.6979019045829773
vt 0.002002239227294922 2.2082386016845703
vt 0.10210130363702774 1.2169665098190308
vt 0.11217695474624634 1.5886934995651245
vt 0.22235167026519775 0.9691484570503235
vt 3.4476752281188965 2.14048433303833
vt 2.8973488807678223 2.116046190261841
vt 3.4476752281188965 2.0772732496261597
vt 3.9980013370513916 2.1649224758148193
vt 3.3037590980529785 2.4288917779922485
vt 3.9927473068237305 2.7386972904205322
vt 3.8540852069854736 2.453329920768738
vt 2.8667898178100586 2.998500943183899
vt 2.089536190032959 0.7213306725025177
vt 1.1151909828186035 2.998501181602478
vt 0.2051122933626175 2.9985013008117676
vt 1.1154203414916992 2.8689483404159546
vt 1.6652944087982178 0.7213311493396759
vt 1.25998055934906 0.721331000328064
vt 2.3977317810058594 1.1048681735992432
vt 2.56040620803833 0.553183376789093
vt 2.2350573539733887 1.6565529108047485
vt 0.9436582922935486 1.7126032710075378
vt 1.5071332454681396 1.2169672846794128
vt 1.9479191303253174 1.2169663310050964
vt 1.7897580862045288 1.7126024961471558
vt 0.48386889696121216 0.6388897895812988
vt 0.47893086075782776 0.464664101600647
vt 0.6399964690208435 0.522270917892456
vt 0.48880696296691895 0.8131154775619507
vt 2.8989479541778564 1.9953417778015137
vt 3.9980013370513916 2.0385003089904785
vt 0.09354867041110992 1.7316220998764038
vt 0.18659698963165283 1.4642432928085327
vt 0.48868468403816223 1.7316219806671143
vt 0.0005003511905670166 1.999000906944275
vt 0.0005001263343729079 1.461890697479248
vt 0.7907723784446716 1.9990006685256958
vt 0.7914130687713623 1.7560957670211792
vt 1.1670918464660645 0.11359703540802002
vt 1.3945382833480835 2.761291742324829
vt 0.2521466016769409 0.9009309709072113
vt 0.3376174569129944 1.1039600372314453
vt 0.15679965913295746 0.34945058822631836
vt 0.000499427318572998 0.0009992122650146484
vt 0.15186160802841187 0.1752249002456665
vt 0.14692357182502747 0.0009992122650146484
vt 0.46905478835105896 0.11621278524398804
vt 0.16173771023750305 0.5236762464046478
vt 0.47399282455444336 0.2904384732246399
vt 0.7911859750747681 0.23142635822296143
vt 1.0672346353530884 1.9604214429855347
vt 1.3489720821380615 1.7126034498214722
vt 0.8954282999038696 1.56564199924469
vt 0.7913846969604492 1.5655120611190796
vt 0.48892050981521606 1.5754501819610596
vt 0.7912427186965942 0.6125937104225159
vt 0.7912710905075073 0.8031773865222931
vt 1.4902844429016113 1.9604210257530212
vt 1.6315969228744507 2.2082386016845703
vt 0.572929322719574 0.9691488444805145
vt 0.8546667695045471 0.721330851316452
vt 0.342602014541626 0.7213303446769714
vt 0.09346392750740051 1.2204401642084122
vt 0.09346384555101395 1.0462607443332672
vt 0.000499761663377285 0.6977168917655945
vt 0.0004999288357794285 1.0460757315158844
vt 0.000500095949973911 1.3944345712661743
vt 0.046981554478406906 0.34945058822631836
vt 1.2698915004730225 1.9604215025901794
vt 1.8150310516357422 0.5974218845367432
vt 1.8856873512268066 0.7213306725025177
vt 1.8066067695617676 0.9691487401723862
vt 1.383556842803955 0.9691491425037384
vt 1.5862138271331787 0.9691492170095444
vt 2.1517679691314697 1.2169663310050964
vt 2.1527440547943115 1.5746808052062988
vt 2.233105182647705 0.9411239624023438
vt 0.001999428030103445 0.7213298976421356
vt 0.8693036437034607 0.4220846891403198
vt 3.1005539894104004 2.2724690437316895
vt 3.5069642066955566 2.5853145122528076
vt 2.733656406402588 0.4986881613731384
vt 3.300723075866699 2.6873234510421753
vt 0.7301563024520874 1.7126025557518005
vt 2.010150909423828 1.7126020193099976
vt 2.3144423961639404 0.6652815937995911
vt 0.7907733917236328 0.0009990930557250977
vt 0.4888637065887451 1.1942828297615051
vt 1 0
vt 1 0.16908204555511475
vt 2.9802322387695312e-8 0.16908210515975952
vt 1 0.3348309397697449
vt 0.9999999403953552 0.16908210515975952
vt -4.371138828673793e-8 0.16908210515975952
vt 0.6842312812805176 0
vt 0.6842312812805176 0.16908204555511475
vt -0.31576868891716003 0.16908210515975952
vt -0.3157687187194824 0
vt -0.3157687485218048 0.16908210515975952
vt -0.3157687187194824 0.3348309397697449
vt 0.6842312812805176 0.3348309397697449
vt 0.6842312216758728 0.16908210515975952
vt 0.15088512003421783 0.08218258619308472
vt 1 0.16908204555511475
vt 2.9802322387695312e-8 0.16908210515975952
vt -4.371138828673793e-8 0.16908210515975952
vt 0 0.3348309397697449
vt 1 0.3348309397697449
vt 0.9999999403953552 0.16908210515975952
vt 1 0
vt 1 0.16908204555511475
vt 0.15490487217903137 0.16908210515975952
vt 0.8497227430343628 0.3348309397697449
vt 0.8450950980186462 0.16908210515975952
vt -4.371138828673793e-8 0.16908210515975952
vt 1.2170909643173218 0
vt 1.2170909643173218 0.16908204555511475
vt 0.37233880162239075 0.16908210515975952
vt 0.21709097921848297 0
vt 1.0587390661239624 0.3348309397697449
vt 1.0618431568145752 0.16908210515975952
vt 0.21709094941616058 0.16908210515975952
vt 0.6842312812805176 0
vt 0.6842312812805176 0.16908204555511475
vt -0.31576868891716003 0.16908210515975952
vt -0.3157687187194824 0
vt -0.3157687485218048 0.16908210515975952
vt -0.3157687187194824 0.3348309397697449
vt 0.6842312812805176 0.3348309397697449
vt 0.6842312216758728 0.16908210515975952
vt 1.2170909643173218 0
vt 1.2170909643173218 0.16908204555511475
vt 0.21709102392196655 0.16908210515975952
vt 0.21709097921848297 0
vt 0.21709094941616058 0.16908210515975952
vt 0.21709099411964417 0.3348309397697449
vt 1.2170909643173218 0.3348309397697449
vt 1.2170909643173218 0.16908210515975952
vt 1 0
vt 1 0.16908204555511475
vt 2.9802322387695312e-8 0.16908210515975952
vt -1.3909065899042616e-8 0
vt -4.371138828673793e-8 0.16908210515975952
vt 0 0.3348309397697449
vt 1 0.3348309397697449
vt 0.9999999403953552 0.16908210515975952
vt 0.6842312812805176 0
vt 0.6842312812805176 0.16908204555511475
vt -0.31576868891716003 0.16908210515975952
vt -0.3157687187194824 0
vt -0.3157687485218048 0.16908210515975952
vt -0.3157687187194824 0.3348309397697449
vt 0.6842312812805176 0.3348309397697449
vt 0.6842312216758728 0.16908210515975952
vt 1 0
vt 1 0.16908204555511475
vt 2.9802322387695312e-8 0.16908210515975952
vt -1.3909065899042616e-8 0
vt 1.237221121788025 0.9000000059604645
vt 1.0321381092071533 0.9500000029802322
vt 1.232706069946289 1
vt 0.836085319519043 0.800000011920929
vt 1.2170909643173218 0
vt 1.2170909643173218 0.16908204555511475
vt 0.21709102392196655 0.16908210515975952
vt 0.21709097921848297 0
vt 0.21709094941616058 0.16908210515975952
vt 0.21709099411964417 0.3348309397697449
vt 1.2170909643173218 0.3348309397697449
vt 1.2170909643173218 0.16908210515975952
vt 0.6842312812805176 0
vt 0.6842312812805176 0.16908204555511475
vt -0.31576868891716003 0.16908210515975952
vt -0.3157687187194824 0
vt -0.3157687485218048 0.16908210515975952
vt -0.3157687187194824 0.3348309397697449
vt 0.6842312812805176 0.3348309397697449
vt 0.6842312216758728 0.16908210515975952
vt 1 0
vt 1 0.16908204555511475
vt 2.9802322387695312e-8 0.16908210515975952
vt -1.3909065899042616e-8 0
vt -4.371138828673793e-8 0.16908210515975952
vt 0 0.3348309397697449
vt 1 0.3348309397697449
vt 0.9999999403953552 0.16908210515975952
vt 0 0.800000011920929
vt 0.3886125087738037 0.800000011920929
vt -4.371138828673793e-8 1
vt 0.3886125087738037 1
vt 0.8270552158355713 1
vt 1.4426206350326538 0.800000011920929
vt 1.1638929843902588 1
vt 0.8851653337478638 1
vt 0 0.800000011920929
vt 0.17702777683734894 0.800000011920929
vt -4.371138828673793e-8 1
vt 0.17702771723270416 1
vt 0.3886125087738037 1
vt -4.371138828673793e-8 1
vt 0.3886125087738037 0.800000011920929
vt 0 0.800000011920929
vt 1.4426206350326538 1
vt 3 0.800000011920929
vt 3 1
vt 2.587519884109497 1
vt 0.3971855640411377 0.8594152331352234
vt 0.40039944648742676 1
vt 0.19744057953357697 0.8624585866928101
vt 1.7999144792556763 0.8428722620010376
vt 1.7994999885559082 1
vt 1.5992790460586548 0.8459001183509827
vt 0.19927436113357544 1
vt 0 0.8638980984687805
vt 0 0.800000011920929
vt 0.9974907636642456 0.8548657298088074
vt 1.0006327629089355 1
vt 0.8060413599014282 0.8673104047775269
vt 0.6075951457023621 0.8707799911499023
vt 0.6003561615943909 1
vt 0.7802518606185913 0.800000011920929
vt 0.8000911474227905 1
vt 1.6383569240570068 1
vt 1.4025566577911377 0.8560698628425598
vt 1.4001929759979248 1
vt 1.1968896389007568 0.8527679443359375
vt 1.2041356563568115 1
vt 1.6026901006698608 1
vt 1.5769493579864502 0.800000011920929
vt 2.1960184574127197 0.8254366517066956
vt 2.2008776664733887 1
vt 1.996610164642334 0.8317456245422363
vt 1.5769492387771606 1
vt 0.7802518010139465 1
vt 2.000688076019287 1
vt 2.798316717147827 0.8107132315635681
vt 2.587519884109497 0.800000011920929
vt 3 0.800000011920929
vt 2.8004465103149414 1
vt 2.5997374057769775 0.8212615251541138
vt 2.1625378131866455 0.800000011920929
vt 2.1625378131866455 1
vt 2.394554376602173 0.8191553354263306
vt 2.4012060165405273 1
vt 2.6010665893554688 1
vt 3 1
vt 6.80101486238982e-9 0.08010965585708618
vt 0.21709099411964417 0.3348309397697449
vt 0.15835188329219818 0
vt 0 0.3348309397697449
vt 0.150277242064476 0
vt 1 0
vt 0.21709102392196655 0.16908210515975952
vt 1.2170909643173218 0.3348309397697449
vt 1.2170909643173218 0.16908210515975952
vt 0.21709094941616058 0.16908210515975952
vt 0.21709099411964417 0.3348309397697449
vt 0.21709102392196655 0.16908210515975952
vt 0.21709097921848297 0
vt 1.2170909643173218 0
vt 1.2170909643173218 0.16908204555511475
vt -0.31576868891716003 0.16908210515975952
vt -0.3157687187194824 0
vt 0.6842312812805176 0
vt -4.371138828673793e-8 1
vt 2.25 0.800000011920929
vt 1.5 0.9000000059604645
vt 3 0.800000011920929
vt 1.5 1
vt 1.5 0.9000000059604645
vt 2.25 0.800000011920929
vt 1.5 0.800000011920929
vt 2.25 1
vt 3 1
vt 0.6842312812805176 0.16908204555511475
vt 1.0333666801452637 0.9500000029802322
vt 0.8360856771469116 0.800000011920929
vt 1.2396771907806396 0.9000000059604645
vt 0.8270561099052429 1
vt 1.2327070236206055 1
vt 2.250000238418579 0.8935602009296417
vt 3 0.9874539375305176
vt 2.250000238418579 0.987287163734436
vt 1.5000003576278687 0.9871203899383545
vt 2.8841211795806885 0.8686640858650208
vt 1.5 0.800000011920929
vt 2.25 0.800000011920929
vt 2.8804121017456055 0.8146304488182068
vt 2.1902060508728027 0.90706467628479
vt 2.5381059646606445 0.907062828540802
vt 2.1957998275756836 0.9994952082633972
vt 2.8916001319885254 0.9994915127754211
vt 3 0.800000011920929
vt 1.4999998807907104 0.800000011920929
vt 2.25 0.800000011920929
vt 3 0.800000011920929
vt 0.11933448910713196 0.8702861070632935
vt 0 0.800000011920929
vt 0.7499999403953552 0.800000011920929
vt 0.7591034173965454 0.9000000059604645
vt 0.5187062621116638 0.800000011920929
vt 0.9995005130767822 0.800000011920929
vt 0.7591034173965454 0.9000000059604645
vt 0.5187062621116638 0.800000011920929
vt 0.9995004534721375 0.800000011920929
vt 0.9995005130767822 1
vt 0.0004994869232177734 0.16716980934143066
vt 0.9995004534721375 0.16716593503952026
vt 0.0004995167255401611 0.3376641869544983
vt 0.9995004534721375 0.33766233921051025
vt 2.1902058124542236 0.8997492492198944
vt 2.2067389488220215 0.927679568529129
vt 1.4999998807907104 0.9994984865188599
vt 2.913477897644043 0.8558606505393982
vt 2.8897833824157715 0.9994956254959106
vt 0.518706202507019 1
vt 0.5187062621116638 1
vt 0.10588748008012772 0.9881500005722046
vt 0.10929685086011887 0.800000011920929
vt 0.6289706230163574 0.8853399753570557
vt 1.1486443281173706 0.9706799387931824
vt 1.1456694602966309 0.8286182284355164
vt 0.9995005130767822 1
vt 0.8097940683364868 0.8937218487262726
vt 0.11958825588226318 0.800000011920929
vt 0.11958825588226318 0.9874436855316162
vt -4.371138828673793e-8 1
vt -5.547741821487762e-9 0.8253835439682007
vt 0.4999999701976776 0.9000000059604645
vt 1.8649712800979614 0.950909435749054
vt 1.499999761581421 0.9994989037513733
vt 0 0.800000011920929
vt 0.5 0.9000000059604645
vt 0 0.800000011920929
vt 1 0.800000011920929
vt -4.371138828673793e-8 1
vt 1.3282110691070557 0.9000000059604645
vt 1.3219399452209473 1
vt 0.7706063389778137 1
vt 1.8732736110687256 1
vt 0.4999999701976776 0.9000000059604645
vt 0.5 0.800000011920929
vt 1 0.800000011920929
vt 1.8750547170639038 0.800000011920929
vt 0.7831484079360962 0.800000011920929
vt 0.9999999403953552 1
vt -4.371138828673793e-8 1
vt 0 0.800000011920929
vt 1.6453280448913574 0.9000000059604645
vt 1.6383579969406128 1
vt 1.4459877014160156 0.8500000089406967
vt 1.6522982120513916 0.800000011920929
vt 1.923356294631958 0.9500000029802322
vt 1.9303263425827026 0.8500000089406967
vt 2.0728254318237305 0.8250000178813934
vt 2.934339761734009 0.800000011920929
vt 2.92699933052063 1
vt 2.4128823280334473 0.9000000059604645
vt 1.8905829191207886 0.800000011920929
vt 1.8914251327514648 1
vt 2.2083544731140137 0.9000000059604645
vt 0.25 0.3400000333786011
vt 0.5 0.3400000333786011
vt 0.25 0.6700000166893005
vt 2.778350830078125 0.800000011920929
vt 2.4933526515960693 0.8500000089406967
vt 1.4302971363067627 0.8873029947280884
vt 1.4050730466842651 0.9605960249900818
vt 1.095277190208435 0.9592295289039612
vt 1.1129717826843262 0.800000011920929
vt 1.1129717826843262 1
vt 0.5903884768486023 0.9000000059604645
vt 0.06915422528982162 0.800000011920929
vt 0.06780517846345901 1
vt 1.1129720211029053 0.800000011920929
vt 1.1129719018936157 1
vt 0.5926086902618408 0.9000000059604645
vt 0.07224544882774353 0.800000011920929
vt 0.07070449739694595 1
vt 0.1842312514781952 0.2519565224647522
vt 0.6842312216758728 0.16908210515975952
vt -0.3157687485218048 0.16908210515975952
vt 0.6842312812805176 0.3348309397697449
vt -0.3157687187194824 0.3348309397697449
vt 0.5 0.2519565224647522
vt 0 0.3348309397697449
vt 1 0.3348309397697449
vt -4.371138828673793e-8 0.16908210515975952
vt 0.9999999403953552 0.16908210515975952
vt 1.1205012798309326 0.8859364986419678
vt 0.805477499961853 0.9692651033401489
vt 1.8870280981063843 1
vt 1.8905829191207886 0.800000011920929
vt 2.4099392890930176 0.9000000059604645
vt 2.1730239391326904 0.9393384456634521
vt 2.2274768352508545 0.999495267868042
vt 1.500000238418579 0.9994961619377136
vt 2.2274768352508545 0.800000011920929
vt 1.8720139265060425 0.8260177969932556
vt 1.500000238418579 0.800000011920929
vt 1 1
vt 0 0.800000011920929
vt 1 0.8375245928764343
vt -3.816364468889333e-8 0.9746164679527283
vt 0.9999999403953552 0.9624754190444946
vt 0 0.800000011920929
vt 1 0.800000011920929
vt 2.929295539855957 1
vt 2.413374423980713 0.800000011920929
vt 0.8307012319564819 0.8959716558456421
vt 0.5048158168792725 0.9620784521102905
vt 0.0004995465278625488 0.800000011920929
vt 0.48129382729530334 1
vt 0.24089667201042175 1
vt 0.7840264439582825 1
vt 0.5049140453338623 1
vt 0.3563622832298279 0.800000011920929
vt 0.44067156314849854 1
vt 0.78083735704422 1
vt 0.8468272089958191 0.800000011920929
vt 0.0004995167255401611 1
vt 0.5300391912460327 0.8887844681739807
vt 0.2442425787448883 0.9709616899490356
vt 0 0.800000011920929
vt 0.5 0.9000000059604645
vt 0 1
vt 0.2694663405418396 0.8976682424545288
vt 1 1
vt 2.2354700565338135 0.9630979895591736
vt 2.3115592002868652 0.800000011920929
vt 1.6709835529327393 0.8379173278808594
vt 1.671546459197998 0.963097333908081
vt 0.0014988183975219727 0.833526611328125
vt 0.7743715047836304 1
vt 1 0.800000011920929
vt 0.9999999403953552 1
vt 0.026722490787506104 0.7602329254150391
vt 1.3356101512908936 0.9630985260009766
vt 1.3355861902236938 0.8367739915847778
vt 1.500000238418579 0.963097095489502
vt 1.149665117263794 0.8321322202682495
vt 1.5697028636932373 0.8873029351234436
vt 1.8794987201690674 0.8859364986419678
vt 1.9047226905822754 0.9592297077178955
vt 1.5949269533157349 0.9605961441993713
vt 2.1692986488342285 0.8959715962409973
vt 2.1945226192474365 0.9692650437355042
vt 0 0.800000011920929
vt 0.5 0.9000000059604645
vt 0 1
vt 1 1
vt 1 0.800000011920929
vt 0.10238239169120789 0.8811674118041992
vt 0.10238239169120789 0.800000011920929
vt 0.4999997615814209 0.800000011920929
vt 0.2144404947757721 0.9188326001167297
vt 0.7831484079360962 1
vt 0.2144404649734497 1
vt 0.8086856603622437 0.800000011920929
vt 0.8867595791816711 1
vt 0.8867595791816711 0.800000011920929
vt 0.6200315952301025 0.800000011920929
vt 0.49266958236694336 1
vt 0.49266940355300903 0.800000011920929
vt 1 1
vt 0.5 0.9000000059604645
vt 1 0.800000011920929
vt 0 0.800000011920929
vt 0 1
vt 2.4699604511260986 0.888785183429718
vt 2.4951844215393066 0.9620782136917114
vt 0.5 0.9000000059604645
vt 1 0.800000011920929
vt 1 1
vt 0 0.800000011920929
vt 0 1
vt 1.6773513555526733 0.9758877158164978
vt 1.6689337491989136 0.800000011920929
vt 1.4999994039535522 0.800000011920929
vt -1.0589986665365814e-8 0.8484541177749634
vt 1 0.800000011920929
vt 1.1518802642822266 0.9631001353263855
vt 0.6320047378540039 0.8815500736236572
vt 0.11212924122810364 0.800000011920929
vt 0.5766894817352295 0.963105171918869
vt 2.7305335998535156 0.8976685404777527
vt 2.7557573318481445 0.9709619283676147
vt 0.10746263712644577 0.9995036125183105
vt 1.1382744312286377 0.800000011920929
vt 1.1489214897155762 0.9631593227386475
vt 1.3333810567855835 0.9567221403121948
vt 1.3333494663238525 0.800000011920929
vt 2.9732773303985596 0.7602331638336182
vt 2.9985013008117676 0.8335264325141907
vt 1.5697028636932373 0.7901462912559509
vt 1.8794987201690674 0.8043582439422607
vt 1.8794987201690674 0.9112882614135742
vt 1.5697028636932373 0.919719934463501
vt 2.1692986488342285 0.8198518753051758
vt 2.1692986488342285 0.9625349640846252
vt 2.4699606895446777 0.835902988910675
vt 2.4699604511260986 0.9642848372459412
vt 2.7305335998535156 0.8766671419143677
vt 2.7305335998535156 1.0026655197143555
vt 1.4999998807907104 0.800000011920929
vt 1.3361496925354004 0.8338780999183655
vt 1.3415695428848267 0.9674477577209473
vt 1.5 0.9889761209487915
vt 2.9732775688171387 0.9075943231582642
vt 2.9732773303985596 1.0145243406295776
vt 1.4999998807907104 0.800000011920929
vt 1.5 0.985267698764801
vt 0.9728916883468628 0.9906995296478271
vt 2.028594970703125 0.800000011920929
vt 2.1723291873931885 0.800000011920929
vt 0.9714051485061646 0.800000011920929
vt 2.311447858810425 0.9429770708084106
vt 2.3115592002868652 0.9994951486587524
vt 2.3088700771331787 0.9630980491638184
vt 1.872488260269165 0.9630975723266602
vt 0.9420830011367798 0.800000011920929
vt 0.3850759267807007 0.9161485433578491
vt 0.38112133741378784 0.800000011920929
vt 2.9361658096313477 1
vt 1.9509097337722778 0.800000011920929
vt 2.5750272274017334 0.800000011920929
vt 0.9444447159767151 0.906443178653717
vt 2.9268813133239746 0.800000011920929
vt 2.2956314086914062 0.9000000059604645
vt 2.9158475399017334 0.800000011920929
vt 1.5927612781524658 0.800000011920929
vt 2.9985013008117676 1
vt 0.0014988183975219727 0.9146155714988708
vt 0.2442425787448883 0.886064350605011
vt 0.24424275755882263 0.9865524768829346
vt 0.0014987289905548096 0.9979251027107239
vt 0.5048158168792725 0.8488106727600098
vt 0.5048156976699829 0.9514461755752563
vt 1.4075690507888794 1
vt 0.9442824721336365 1
vt 0.9456679821014404 0.800000011920929
vt 1.4072675704956055 1
vt 0.9404007196426392 1
vt 0.9442824721336365 0.800000011920929
vt 1.592885136604309 0.800000011920929
vt 2.0595991611480713 1
vt 1.5927324295043945 1
vt 1.5363386869430542 0.800000011920929
vt 1.8905829191207886 1
vt 1.528164267539978 1
vt 1.4019299745559692 0.800000011920929
vt 1.528164267539978 0.800000011920929
vt 1.5284359455108643 1
vt 1.4075690507888794 0.800000011920929
vt 1.4715640544891357 1
vt 1.47183096408844 0.800000011920929
vt 0.5903884768486023 1
vt 1.5302274227142334 1
vt 1.5290660858154297 0.800000011920929
vt 1.1129717826843262 1
vt 1.1094170808792114 0.800000011920929
vt 1.4709339141845703 0.800000011920929
vt 1.4698233604431152 1
vt 1.4698233604431152 0.800000011920929
vt 0.805477499961853 0.8337273597717285
vt 0.8054773807525635 0.9492467045783997
vt 1.095277190208435 0.8191806077957153
vt 1.0952773094177246 0.9024900794029236
vt 1.4050730466842651 0.8026012778282166
vt 1.4050731658935547 0.9063103795051575
vt 1.4702409505844116 1
vt 1.5944993495941162 1
vt 0.8004671335220337 0.840131938457489
vt 0.1009344756603241 0.8888028264045715
vt 0.16754302382469177 0.8146480917930603
vt 1.499999761581421 0.7914610505104065
vt 2.9985013008117676 1
vt 1.8420933485031128 0.800000011920929
vt 1.4566240310668945 0.800000011920929
vt 1.8914251327514648 0.800000011920929
vt 0.8934197425842285 0.8678553700447083
vt 0.8434679508209229 1
vt 0.48129385709762573 1
vt 2.227562665939331 0.800000011920929
vt 2.832456588745117 0.800000011920929
vt 2.832456588745117 0.9994997978210449
vt 2.1662282943725586 0.892633855342865
vt 0.08916053175926208 0.8514037728309631
vt 0.11958825588226318 0.800000011920929
vt 0.13059920072555542 0.800000011920929
vt 0.16105222702026367 1
vt 0.119683176279068 0.9484667181968689
vt 0.8389477729797363 1
vt 0.48129376769065857 0.800000011920929
vt 0.8681967258453369 0.800000011920929
vt 2.416102409362793 0.7975845336914062
vt 2.4997544288635254 1
vt 2.1308047771453857 1
vt 2.891618251800537 0.9881410598754883
vt 2.8897833824157715 0.800000011920929
vt 2.9985013008117676 0.98807692527771
vt 0.11212924122810364 0.9994995594024658
vt 0.11120826750993729 0.8676856756210327
vt 0.8056040406227112 0.8338428437709808
vt 0.16754338145256042 0.800000011920929
vt 3 0.8328396081924438
vt 1.329101800918579 0.800000011920929
vt 1.8750550746917725 0.800000011920929
vt 0.783148467540741 0.925650417804718
vt 0.7831485271453857 0.800000011920929
vt 0 0.8326444029808044
vt 0.0014985501766204834 0.9880881309509277
vt 0.1255674660205841 0.9557969570159912
vt 0.15805156528949738 0.800000011920929
vt 0.5187060236930847 0.800000011920929
vt 2.9065115451812744 0.8554874062538147
vt 2.9985013008117676 0.800000011920929
vt 2.9985013008117676 0.9994909763336182
vt 0.16105228662490845 0.800000011920929
vt 0.1508270651102066 1
vt 0.09664672613143921 0.8802297711372375
vt 2.6137142181396484 0.88349449634552
vt 2.5884904861450195 0.9567878246307373
vt 2.2945804595947266 0.9532042741775513
vt 0.0014985501766204834 0.9995039701461792
vt 0.0014989078044891357 0.800000011920929
vt 2.3198041915893555 0.8799110651016235
vt 1.5 0.800000011920929
vt 2.000505208969116 0.958609402179718
vt 2.025729179382324 0.8853163719177246
vt 1.7033803462982178 0.9550996422767639
vt 2.2177088260650635 0.800000011920929
vt 2.9927968978881836 0.800000011920929
vt 1.7286040782928467 0.8818063735961914
vt 0.386285662651062 0.88349449634552
vt 0.680195689201355 0.879910945892334
vt 0.7054195404052734 0.953204333782196
vt 0.9999999403953552 1
vt 0.4999999403953552 1
vt 0.41150960326194763 0.9567877054214478
vt 0.9742709398269653 0.8853162527084351
vt 0.9994947910308838 0.9586093425750732
vt 1.7610918283462524 0.800000011920929
vt 1.7618550062179565 1
vt 1.2713958024978638 0.881806492805481
vt 1.2966196537017822 0.9550997018814087
vt 1.4566242694854736 1
vt 0.8851653933525085 0.800000011920929
vt 0.386285662651062 0.7664454579353333
vt 0.680195689201355 0.7795323729515076
vt 0.680195689201355 0.8864625096321106
vt 0.386285662651062 0.8995944261550903
vt 0.9742709398269653 0.795147716999054
vt 0.9742709398269653 0.9378308057785034
vt 0.9999999403953552 1
vt -4.371138828673793e-8 1
vt 0 0.800000011920929
vt 0.9999999403953552 1
vt 1 0.800000011920929
vt 0.9999999403953552 1
vt -4.371138828673793e-8 1
vt 0 0.3348309397697449
vt -1.3909065899042616e-8 0
vt 2.22756290435791 1
vt 1.2713959217071533 0.8110992908477783
vt 0 1
vt 1 1
vt 0 0.800000011920929
vt 1 0.800000011920929
vt 0 1
vt 0 0.800000011920929
vt 1 1
vt 0 1
vt 1 1
vt 0 1
vt 0 0.800000011920929
vt 1 1
vt 0 1
vt 1.2713958024978638 0.9394811987876892
vt 1.7033803462982178 0.8240070343017578
vt 1.7033803462982178 0.9266424775123596
vt 2.9207773208618164 1
vt 2.9985013008117676 0.800000011920929
vt 0.2144404649734497 0.800000011920929
vt 0.0014985501766204834 1
vt 1.8750547170639038 1
vt 2.000505208969116 0.8090232014656067
vt 2.000505208969116 0.9245426058769226
vt 0.4999999403953552 1
vt 0.10238239169120789 1
vt 0.9995004534721375 0.800000011920929
vt 0.9995006322860718 1
vt 0.10238239169120789 1
vt 0.0004995763301849365 0.800000011920929
vt 0.4999999701976776 0.800000011920929
vt 0.4999997615814209 1
vt 1 0.800000011920929
vt 1 1
vt 1 0.800000011920929
vt 0 1
vt 0 0.800000011920929
vt 0.9999999403953552 1
vt 1 0.800000011920929
vt 0 0.800000011920929
vt 0.9999999403953552 1
vt -4.371138828673793e-8 1
vt 0 0.800000011920929
vt -4.371138828673793e-8 1
vt 1 0.800000011920929
vt 0.9999999403953552 1
vt 0 0.800000011920929
vt 2.2945804595947266 0.7943548560142517
vt 2.2945804595947266 0.87766432762146
vt 1 1
vt 0 0.800000011920929
vt 0.2068042755126953 1
vt 0.45209482312202454 0.800000011920929
vt 0.2327461838722229 0.800000011920929
vt 0.8505387902259827 1
vt 0.3648877739906311 1
vt 0.7872105240821838 0.800000011920929
vt 0.054498910903930664 1
vt 0.0014987289905548096 0.800000011920929
vt 0.37614333629608154 1
vt 0.45488521456718445 0.800000011920929
vt 0.0014986395835876465 1
vt 0.1358587145805359 0.800000011920929
vt 1 0.800000011920929
vt 0 1
vt 0.9999999403953552 1
vt 1 0.800000011920929
vt 0 0.800000011920929
vt 0.9999999403953552 1
vt -4.371138828673793e-8 1
vt 1 1
vt 0 0.800000011920929
vt 1 0.800000011920929
vt 0.9999999403953552 1
vt 0 0.800000011920929
vt 2.5884904861450195 0.781958281993866
vt 2.5884904861450195 0.8888883590698242
vt 2.710482597351074 0.9000000059604645
vt 2.778350353240967 0.800000011920929
vt 2.2153239250183105 0.800000011920929
vt 0 0.800000011920929
vt 0 1
vt 0.49879446625709534 0.9222415089607239
vt 1 1
vt 0 0.800000011920929
vt -4.371138828673793e-8 1
vt 0 0.800000011920929
vt 1 0.800000011920929
vt 0.9999999403953552 1
vt -4.371138828673793e-8 1
vt 0 0.800000011920929
vt 0.9999999403953552 1
vt 0 0.800000011920929
vt -4.371138828673793e-8 1
vt -4.371138828673793e-8 1
vt 0 0.800000011920929
vt 1 0.800000011920929
vt 1 1
vt 2.147456169128418 0.9000000059604645
vt 2.1404857635498047 1
vt 2.6426146030426025 1
vt 0 1
vt 0 0.800000011920929
vt -0.005559965968132019 0.800000011920929
vt 0.4900556802749634 1
vt 0.4900554120540619 0.800000011920929
vt -0.005560055375099182 1
vt 0.001498192548751831 1
vt 0.0014987289905548096 0.800000011920929
vt 0.4548850357532501 0.800000011920929
vt 0.3761428892612457 1
vt 0.13585835695266724 0.800000011920929
vt 2.911928653717041 0.8874938488006592
vt 2.886704683303833 0.9607871174812317
vt 2.8804121017456055 0.8579710125923157
vt 0.11329525709152222 0.9607870578765869
vt 0.0880713164806366 0.8874937891960144
vt 0.0880713164806366 0.8933821320533752
vt 0.0880713164806366 0.7602331042289734
vt 1.499999761581421 0.8579710125923157
vt 0.16754302382469177 0.8098171353340149
vt 0.16105198860168457 1
vt 0.16105198860168457 0.800000011920929
vt 0.5187060236930847 0.800000011920929
vt 0.5187059640884399 1
vt 0.9995005130767822 0.800000011920929
vt 0.9995005130767822 1
vt 0.16105198860168457 1
vt 0.5187060236930847 1
vt 0.9995004534721375 0.800000011920929
vt 0.9995005130767822 1
vt 0.8389480113983154 1
vt 0.48129376769065857 0.800000011920929
vt 0.8389477133750916 0.800000011920929
vt 0.5926086902618408 0.800000011920929
vt 2.886704683303833 0.7757459878921509
vt 2.886704683303833 0.8826760649681091
vt 2.642615795135498 1
vt 0.518706202507019 0.800000011920929
vt 0.5187062621116638 1
vt 0.9995005130767822 0.800000011920929
vt 0.9995005130767822 1
vt 0.16105183959007263 0.800000011920929
vt 0.16105222702026367 1
vt 2.9985013008117676 0.9412315487861633
vt 2.9732773303985596 1.0145245790481567
vt 0.8839040398597717 0.9439980387687683
vt 0.48129376769065857 1
vt 0.0004995167255401611 0.800000011920929
vt 0.0004994869232177734 1
vt 2.9985013008117676 0.800000011920929
vt 0.0014983713626861572 0.800000011920929
vt 0.026722580194473267 1.0145244598388672
vt 0.0014988183975219727 0.9412314295768738
vt 0.0014988183975219727 0.8858504295349121
vt 0.0014987289905548096 0.7658109068870544
vt 2.1902060508728027 0.8579710125923157
vt 2.4330925941467285 0.800000011920929
vt 1.867684006690979 0.800000011920929
vt 0.0014987289905548096 0.9631102085113525
vt 0.0014986395835876465 0.800000011920929
vt 2.9732773303985596 0.7735673189163208
vt 2.9732773303985596 0.880497395992279
vt 0.8389478921890259 0.800000011920929
vt 0.8389480113983154 1
vt 0.48129376769065857 1
vt 0.48129379749298096 0.800000011920929
vt 0.000499427318572998 1
vt 0.000499427318572998 0.800000011920929
vt 0.8389480113983154 0.800000011920929
vt 0.48129376769065857 0.800000011920929
vt 0.000499427318572998 1
vt 0.000499427318572998 0.800000011920929
vt 0.5 0.6700000166893005
vt 0 0.3400000333786011
vt 0 0.6700000166893005
vt 2.9927968978881836 1
vt 2.2177088260650635 1
vt 0.25 0.6700000166893005
vt 0 0.6700000166893005
vt 0.25 0.3400000333786011
vt 2.9985013008117676 1
vt 2.4367780685424805 0.9000000059604645
vt 2.998501777648926 0.800000011920929
vt 0 0.3400000333786011
vt 0.5698866844177246 0.800000011920929
vt 2.235579490661621 0.9000000059604645
vt 2.875955820083618 1
vt 1.5947604179382324 1
vt 2.1662282943725586 0.992383748292923
vt 1.222519040107727 1
vt 2.8763983249664307 0.800000011920929
vt 0.8337712287902832 0.8772946894168854
vt 0.16754275560379028 0.8966183662414551
vt 0.25 0.3400000333786011
vt 0.5 0.3400000333786011
vt 0.25 0.6700000166893005
vt 1.5117191076278687 0.781476616859436
vt 1.511718988418579 0.9317631721496582
vt 1.222374677658081 0.9178709983825684
vt 1.2223749160766602 0.7694657444953918
vt 0.9553377628326416 0.9264285564422607
vt 0.9553375840187073 0.7753629088401794
vt 2.409212112426758 1
vt 0.672643780708313 0.8995532989501953
vt 0.6726431250572205 0.7508931756019592
vt 0.43249279260635376 0.8705626726150513
vt 2.2965002059936523 1
vt 0.43249252438545227 0.721320629119873
vt 1.488281011581421 0.7821486592292786
vt 1.7776248455047607 0.7430094480514526
vt 1.7776248455047607 0.8931622505187988
vt 2.9985013008117676 0.800000011920929
vt 2.6130318641662598 0.800000011920929
vt 1.4882807731628418 0.9328203201293945
vt 2.0446624755859375 0.7731640338897705
vt 2.0446622371673584 0.9206960201263428
vt 2.3273558616638184 0.7580082416534424
vt 2.3273563385009766 0.9057693481445312
vt 2.567507028579712 0.715657114982605
vt 2.567507028579712 0.8660356998443604
vt 1.488281011581421 0.7026879787445068
vt 1.7776250839233398 0.7149783372879028
vt 1.7776248455047607 0.9210985898971558
vt 1.488281011581421 0.9283897876739502
vt 2.0446624755859375 0.7283768653869629
vt 2.0446624755859375 0.965415358543396
vt 2.3273568153381348 0.7422577142715454
vt 2.3273558616638184 0.9669290781021118
vt 2.567507266998291 0.7775096893310547
vt 2.567507028579712 1.0001195669174194
vt 0.43249279260635376 0.7856359481811523
vt 0.672643780708313 0.7534199953079224
vt 0.672643780708313 0.9558265209197998
vt 0.43249306082725525 0.9861855506896973
vt 0.9553377628326416 0.7403761148452759
vt 0.9553377628326416 0.9539240598678589
vt 1.222374677658081 0.7277961373329163
vt 1.2223751544952393 0.9134901762008667
vt 1.511718988418579 0.7134585380554199
vt 1.5117191076278687 0.9167934656143188
vt 0.12968745827674866 1
vt 0.12360163778066635 0.800000011920929
vt 0.764522910118103 0.800000011920929
vt 0.5 0.6700000166893005
vt 1.5945557355880737 0.800000011920929
vt 2.2354769706726074 0.800000011920929
vt 0.7675658464431763 0.9000000059604645
vt 1.4057782888412476 1
vt 1.4054442644119263 0.800000011920929
vt 1.842093586921692 1
vt 0 0.800000011920929
vt 0.75 0.800000011920929
vt 1.9338107109069824 0.800000011920929
vt 1.6522976160049438 0.800000011920929
vt 2.428969383239746 0.9000000059604645
vt 1.8963916301727295 0.9000000059604645
vt 2.6141133308410645 0.7955045700073242
vt 2.6141138076782227 0.9474959373474121
vt 2.3388724327087402 0.9303184747695923
vt 0.5 0.6700000166893005
vt 0.5 0.3400000333786011
vt 2.3388724327087402 0.7818631529808044
vt 2.066361904144287 0.9568150043487549
vt 2.066362142562866 0.8062402606010437
vt 1.788146734237671 0.9446083307266235
vt 1.788146734237671 0.7944498062133789
vt 0.38588646054267883 0.8440748453140259
vt 0.6611275672912598 0.7835093140602112
vt 0.6611275672912598 0.9332374334335327
vt 0.38588646054267883 0.9939256906509399
vt 0.933637797832489 0.7920416593551636
vt 0.933637797832489 0.9403496980667114
vt 1.211853265762329 0.7957441806793213
vt 1.211853265762329 0.9455058574676514
vt 0.38588646054267883 0.682191014289856
vt 0.6611275672912598 0.6935083866119385
vt 0.6611275672912598 0.8996289968490601
vt 0.38588646054267883 0.9109846353530884
vt 0.933637797832489 0.707012414932251
vt 0.933637797832489 0.944050669670105
vt 1.2118533849716187 0.7208071947097778
vt 1.211853265762329 0.9454783201217651
vt 0.8540805578231812 0.800000011920929
vt 1.2441914081573486 0.800000011920929
vt 1.17169189453125 1
vt 1.4447593688964844 0.8500000089406967
vt 1.2741512060165405 0.800000011920929
vt 1.788146734237671 0.7319692373275757
vt 1.7881468534469604 0.9343756437301636
vt 0.25 0.6700000166893005
vt 0 0.6700000166893005
vt 0.25 0.3400000333786011
vt 0 0.3400000333786011
vt 0.5 0.6700000166893005
vt 0.5 0.3400000333786011
vt 2.066361904144287 0.7190113663673401
vt 2.066362142562866 0.932559609413147
vt 2.3388724327087402 0.7063264846801758
vt 2.3388724327087402 0.8920204639434814
vt 2.6141138076782227 0.6956060528755188
vt 2.6141133308410645 0.9017263650894165
vt 0.32909682393074036 1
vt 0.75 0.9500000029802322
vt -4.371138828673793e-8 1
vt 2.8935022354125977 0.7884420156478882
vt 2.8935022354125977 0.9422255754470825
vt 0.10649791359901428 0.9762722253799438
vt 0.10649791359901428 0.8289310336112976
vt 0.10649791359901428 0.9056118726730347
vt 0.10649782419204712 0.6768184900283813
vt 2.8935022354125977 0.6902332901954651
vt 2.8935019969940186 0.8963538408279419
vt 2.1920604705810547 0.9340812861919403
vt 1.5 0.9994984865188599
vt 0 0.3400000333786011
vt 0 0.6700000166893005
vt 2.8955066204071045 0.9994973540306091
vt 2.1958091259002686 0.8940705358982086
vt 0.8037312030792236 0.8954823315143585
vt 2.9985013008117676 0.8336073160171509
vt 2.9985013008117676 0.9841412305831909
vt 0.0014989972114562988 1.000119686126709
vt 0.0014989972114562988 0.8507790565490723
vt 0.0014989972114562988 0.9009828567504883
vt 0.0014987289905548096 0.6835258603096008
vt 2.9985013008117676 0.6902332305908203
vt 2.9985010623931885 0.8963538408279419
vt 0.0014987289905548096 0.8459594249725342
vt 0.0014987289905548096 0.6966320276260376
vt 2.9985008239746094 0.6768184304237366
vt 2.9985008239746094 0.825253963470459
vt 2.9985013008117676 0.777509868144989
vt 2.9985008239746094 1.0001198053359985
vt 0.001499265432357788 0.9861857891082764
vt 0.0014987289905548096 0.7856364250183105
vt 0.2066311091184616 0.8638980984687805
vt 0.20663106441497803 1
vt -4.371138828673793e-8 1
vt 2.625 0.800000011920929
vt 0.25789356231689453 0.800000011920929
vt 0.25789356231689453 1
vt -4.371138828673793e-8 1
vt 0 0.800000011920929
vt 0.2066311240196228 0.800000011920929
vt 0 0.800000011920929
vt 0.25789356231689453 0.800000011920929
vt 0.25789356231689453 1
vt -4.371138828673793e-8 1
vt 0 0.800000011920929
vt 0.8060646057128906 0.8997497856616974
vt 0.8039531111717224 0.8997503817081451
vt 0.1079062670469284 0.9995007514953613
vt 0.8041908740997314 0.899748682975769
vt 0.10838175565004349 0.9994973540306091
vt 2.9361658096313477 0.800000011920929
vt 2.413374423980713 1
vt 2.8804116249084473 0.800000011920929
vt 2.875955820083618 0.800000011920929
vt 2.8750534057617188 1
vt 2.2338123321533203 0.9000000059604645
vt 1.5947604179382324 0.800000011920929
vt 2.233361005783081 1
vt 1.5916686058044434 1
vt 0.589285671710968 0.9000000059604645
vt 0.06566024571657181 0.800000011920929
vt 0.06915422528982162 1
vt 2.0889787673950195 0.8987922668457031
vt 1.8230211734771729 0.800000011920929
vt 2.053157329559326 0.800000011920929
vt 1.0995960235595703 0.04400002956390381
vt 1.0995961427688599 0.5
vt 0.9300762414932251 0.2720000147819519
vt 0.7605563998222351 0.04400002956390381
vt 0.760556697845459 0.5
vt 0 0.04400002956390381
vt 0 0
vt 1 0.022000014781951904
vt 2 0
vt 2 0.04400002956390381
vt 1.000249981880188 0.25959521532058716
vt 1.000249981880188 0.15179437398910522
vt 0.0004999339580535889 0.25958871841430664
vt 2 0.2596017122268677
vt 1.0002498626708984 0.04400002956390381
vt 2 0.04400002956390381
vt 0.0004995763301849365 0.04400002956390381
vt 1 0
vt 1 0.04400002956390381
vt 1.0025231838226318 0.04400002956390381
vt 1.0025231838226318 0.1521850824356079
vt 0.5037848353385925 0.09809255599975586
vt 0.005046486854553223 0.04400002956390381
vt 1.3244472742080688 0.15799999237060547
vt 1.5492985248565674 0.2720000147819519
vt 1.9928901195526123 0.04400002956390381
vt 1.5492985248565674 0.5
vt 0.45285290479660034 0.04400002956390381
vt 0.0009989738464355469 0.019999980926513672
vt 0.901460587978363 0.04400002956390381
vt 0.0042452216148376465 0.04400002956390381
vt 1.999000906944275 0.5
vt 1.7741496562957764 0.38600003719329834
vt 0.7605565786361694 0.2720000147819519
vt 0.38077792525291443 0.2720000147819519
vt 0.3807777762413025 0.04400002956390381
vt 0.000999152660369873 0.04400002956390381
vt 1.2396748065948486 0.04400002956390381
vt 1.618528962135315 0.04400002956390381
vt 1.2399989366531372 0.019999980926513672
vt 1.9973831176757812 0.04400002956390381
vt 0.0009992122650146484 0.5
vt 0.0009991824626922607 0.2720000147819519
vt 0.3807779550552368 0.5
vt 1.9973833560943604 0.04400002956390381
vt 1.6185290813446045 0.04400002956390381
vt 1.998160719871521 0.019999980926513672
vt 1.2396748065948486 0.04400002956390381
vt 1.7506308555603027 0.12513881921768188
vt 2 0.260370135307312
vt 1.501261591911316 0.20627760887145996
vt 1.501261591911316 0.09809255599975586
vt 0.7531540989875793 0.2331898808479309
vt 0.0050466060638427734 0.26010215282440186
vt 0.25441572070121765 0.17909735441207886
vt 0.6601322293281555 0.5
vt 0.4000000059604645 0.5
vt 0.4000000059604645 1
vt 0 0.5
vt 0.3400000035762787 0.5
vt 0.3400000035762787 1
vt 0 1
vt 0.3400000035762787 0.5
vt 0.3400000035762787 1
vt 0 0.5
vt 0 1
vt 0.6700000166893005 0.75
vt 0.6700000166893005 0.5
vt 0.3400000035762787 0.75
vt 0.3400000035762787 0.5
vt 0.6700000166893005 1
vt 0.3400000035762787 1
vt 0.3400000035762787 0.5
vt 0.6700000166893005 0.5
vt 0.3400000035762787 0.75
vt 0.6700000166893005 0.75
vt 0.3400000035762787 1
vt 0.6700000166893005 1
vt 0.6370000243186951 0.75
vt 0.6370000243186951 1
vt 0.3400000035762787 1
vt 0.6370000243186951 0.5
vt 0.3400000035762787 0.5
vt 0.6700000166893005 0.75
vt 0.6700000166893005 0.5
vt 0.3400000035762787 0.75
vt 0.3400000035762787 0.5
vt 0.6700000166893005 1
vt 0.3400000035762787 1
vt 0.3400000035762787 0.5
vt 0.6700000166893005 0.5
vt 0.3400000035762787 0.75
vt 0.6700000166893005 0.75
vt 0.3400000035762787 1
vt 0.6700000166893005 1
vt 0.6370000243186951 0.75
vt 0.6370000243186951 1
vt 0.3400000035762787 1
vt 0.6370000243186951 0.5
vt 0.3400000035762787 0.5
vt 0.6700000166893005 0.75
vt 0.6700000166893005 0.5
vt 0.3400000035762787 0.75
vt 0.3400000035762787 0.5
vt 0.6700000166893005 1
vt 0.3400000035762787 1
vt 0.3400000035762787 0.5
vt 0.6700000166893005 0.5
vt 0.3400000035762787 0.75
vt 0.6700000166893005 0.75
vt 0.3400000035762787 1
vt 0.6700000166893005 1
vt 0.6370000243186951 0.75
vt 0.6370000243186951 1
vt 0.3400000035762787 1
vt 0.6370000243186951 0.5
vt 0.3400000035762787 0.5
vt 0.6700000166893005 0.75
vt 0.6700000166893005 0.5
vt 0.3400000035762787 0.75
vt 0.3400000035762787 0.5
vt 0.6700000166893005 1
vt 0.3400000035762787 1
vt 0.3400000035762787 0.5
vt 0.6700000166893005 0.5
vt 0.3400000035762787 0.75
vt 0.6700000166893005 0.75
vt 0.3400000035762787 1
vt 0.6700000166893005 1
vt 0.6370000243186951 0.75
vt 0.6370000243186951 1
vt 0.3400000035762787 1
vt 0.6370000243186951 0.5
vt 0.3400000035762787 0.5
vt 0.4000000059604645 0.5
vt 0.6601322293281555 0.5
vt 0.6601322293281555 1
vt 0.4000000059604645 1
vt 0.4000000059604645 0.5
vt 0.4000000059604645 1
vt 0.6601322293281555 0.5
vt 0.4000000059604645 0.5
vt 0.4000000059604645 1
vt 0.6601322293281555 1
vt 0.6601322293281555 0.5
vt 0.6601322293281555 1
vt 0.4000000059604645 0.5
vt 0.6601322293281555 0.5
vt 0.6601322293281555 1
vt 0.4000000059604645 1
vt 0.4000000059604645 0.5
vt 0.4000000059604645 1
vt 0.6601322293281555 0.5
vt 0.4000000059604645 0.5
vt 0.4000000059604645 1
vt 0.6601322293281555 1
vt 0.6601322293281555 0.5
vt 0.6601322293281555 1
vt 0.4000000059604645 0.5
vt 0.6601322293281555 0.5
vt 0.6601322293281555 1
vt 0.4000000059604645 1
vt 0.4000000059604645 0.5
vt 0.4000000059604645 1
vt 0.6601322293281555 0.5
vt 0.4000000059604645 0.5
vt 0.4000000059604645 1
vt 0.6601322293281555 1
vt 0.6601322293281555 0.5
vt 0.6601322293281555 1
vt 0.4000000059604645 0.5
vt 0.6601322293281555 0.5
vt 0.6601322293281555 1
vt 0.4000000059604645 1
vt 0.4000000059604645 0.5
vt 0.4000000059604645 1
vt 0.6601322293281555 0.5
vt 0.4000000059604645 0.5
vt 0.4000000059604645 1
vt 0.6601322293281555 1
vt 0.6601322293281555 0.5
vt 0.6601322293281555 1
vt 0.4000000059604645 0.5
vt 0.6601322293281555 0.5
vt 0.6601322293281555 1
vt 0.4000000059604645 1
vt 0.4000000059604645 0.5
vt 0.4000000059604645 1
vt 0.6601322293281555 0.5
vt 0.4000000059604645 0.5
vt 0.4000000059604645 1
vt 0.6601322293281555 1
vt 0.6601322293281555 0.5
vt 0.6601322293281555 1
vt 0.4000000059604645 0.5
vt 0.6601322293281555 0.5
vt 0.6601322293281555 1
vt 0.4000000059604645 1
vt 0.4000000059604645 0.5
vt 0.4000000059604645 1
vt 0.6601322293281555 0.5
vt 0.4000000059604645 0.5
vt 0.4000000059604645 1
vt 0.6601322293281555 1
vt 0.6601322293281555 0.5
vt 0.6601322293281555 1
vt 0 1
vt 0.3400000035762787 1
vt 0.3400000035762787 0.5
vt 0 0.5
vt 0.4000000059604645 0.5
vt 0.6601322293281555 0.5
vt 0.6601322293281555 1
vt 0.4000000059604645 1
vt 0.4000000059604645 0.5
vt 0.4000000059604645 1
vt 0.6601322293281555 0.5
vt 0.4000000059604645 0.5
vt 0.4000000059604645 1
vt 0.6601322293281555 1
vt 0.6601322293281555 0.5
vt 0.6601322293281555 1
vt 0.4000000059604645 0.5
vt 0.6601322293281555 0.5
vt 0.6601322293281555 1
vt 0.4000000059604645 1
vt 0.4000000059604645 0.5
vt 0.4000000059604645 1
vt 0.6601322293281555 0.5
vt 0.4000000059604645 0.5
vt 0.4000000059604645 1
vt 0.6601322293281555 1
vt 0.6601322293281555 0.5
vt 0.6601322293281555 1
vt 0.4000000059604645 0.5
vt 0.6601322293281555 0.5
vt 0.6601322293281555 1
vt 0.4000000059604645 1
vt 0.4000000059604645 0.5
vt 0.4000000059604645 1
vt 0.6601322293281555 0.5
vt 0.4000000059604645 0.5
vt 0.4000000059604645 1
vt 0.6601322293281555 1
vt 0.6601322293281555 0.5
vt 0.6601322293281555 1
vt 0.0004995167255401611 0.5
vt 0.3400000035762787 0.5
vt 0.3400000035762787 0.9995009899139404
vt 0.031313955783843994 0.9995011687278748
vt 0.4000000059604645 0.5
vt 0.6601322293281555 0.5
vt 0.6601322293281555 1
vt 0.4000000059604645 1
vt 0.4000000059604645 0.5
vt 0.4000000059604645 1
vt 0.6601322293281555 0.5
vt 0.4000000059604645 0.5
vt 0.4000000059604645 1
vt 0.6601322293281555 1
vt 0.6601322293281555 0.5
vt 0.6601322293281555 1
vt 0.4000000059604645 0.5
vt 0.6601322293281555 0.5
vt 0.6601322293281555 1
vt 0.4000000059604645 1
vt 0.4000000059604645 0.5
vt 0.4000000059604645 1
vt 0.6601322293281555 0.5
vt 0.4000000059604645 0.5
vt 0.4000000059604645 1
vt 0.6601322293281555 1
vt 0.6601322293281555 0.5
vt 0.6601322293281555 1
vt 0.4000000059604645 0.5
vt 0.6601322293281555 0.5
vt 0.6601322293281555 1
vt 0.4000000059604645 1
vt 0.4000000059604645 0.5
vt 0.4000000059604645 1
vt 0.6601322293281555 0.5
vt 0.4000000059604645 0.5
vt 0.4000000059604645 1
vt 0.6601322293281555 1
vt 0.6601322293281555 0.5
vt 0.6601322293281555 1
vt 0.4000000059604645 0.5
vt 0.6601322293281555 0.5
vt 0.6601322293281555 1
vt 0.4000000059604645 1
vt 0.4000000059604645 0.5
vt 0.4000000059604645 1
vt 0.6601322293281555 0.5
vt 0.4000000059604645 0.5
vt 0.4000000059604645 1
vt 0.6601322293281555 1
vt 0.6601322293281555 0.5
vt 0.6601322293281555 1
vt 0.4000000059604645 0.5
vt 0.6601322293281555 0.5
vt 0.6601322293281555 1
vt 0.4000000059604645 1
vt 0.4000000059604645 0.5
vt 0.4000000059604645 1
vt 0.6601322293281555 0.5
vt 0.4000000059604645 0.5
vt 0.4000000059604645 1
vt 0.6601322293281555 1
vt 0.6601322293281555 0.5
vt 0.6601322293281555 1
vt 0.4000000059604645 0.5
vt 0.6601322293281555 0.5
vt 0.6601322293281555 1
vt 0.4000000059604645 1
vt 0.4000000059604645 0.5
vt 0.4000000059604645 1
vt 0.6601322293281555 0.5
vt 0.4000000059604645 0.5
vt 0.4000000059604645 1
vt 0.6601322293281555 1
vt 0.6601322293281555 0.5
vt 0.6601322293281555 1
vt 0.4000000059604645 0.5
vt 0.6601322293281555 0.5
vt 0.6601322293281555 1
vt 0.4000000059604645 1
vt 0.4000000059604645 0.5
vt 0.4000000059604645 1
vt 0.6601322293281555 0.5
vt 0.4000000059604645 0.5
vt 0.4000000059604645 1
vt 0.6601322293281555 1
vt 0.6601322293281555 0.5
vt 0.6601322293281555 1
vt 0.4000000059604645 0.5
vt 0.6601322293281555 0.5
vt 0.6601322293281555 1
vt 0.4000000059604645 1
vt 0.4000000059604645 0.5
vt 0.4000000059604645 1
vt 0.6601322293281555 0.5
vt 0.4000000059604645 0.5
vt 0.4000000059604645 1
vt 0.6601322293281555 1
vt 0.6601322293281555 0.5
vt 0.6601322293281555 1
vt 0.4000000059604645 0.5
vt 0.6601322293281555 0.5
vt 0.6601322293281555 1
vt 0.4000000059604645 1
vt 0.4000000059604645 0.5
vt 0.4000000059604645 1
vt 0.6601322293281555 0.5
vt 0.4000000059604645 0.5
vt 0.4000000059604645 1
vt 0.6601322293281555 1
vt 0.6601322293281555 0.5
vt 0.6601322293281555 1
vt 0.4000000059604645 0.5
vt 0.6601322293281555 0.5
vt 0.6601322293281555 1
vt 0.4000000059604645 1
vt 0.4000000059604645 0.5
vt 0.4000000059604645 1
vt 0.6601322293281555 0.5
vt 0.4000000059604645 0.5
vt 0.4000000059604645 1
vt 0.6601322293281555 1
vt 0.6601322293281555 0.5
vt 0.6601322293281555 1
vt 0.4000000059604645 0.5
vt 0.6601322293281555 0.5
vt 0.6601322293281555 1
vt 0.4000000059604645 1
vt 0.4000000059604645 0.5
vt 0.4000000059604645 1
vt 0.6601322293281555 0.5
vt 0.4000000059604645 0.5
vt 0.4000000059604645 1
vt 0.6601322293281555 1
vt 0.6601322293281555 0.5
vt 0.6601322293281555 1
vt 0.4000000059604645 0.5
vt 0.6601322293281555 0.5
vt 0.6601322293281555 1
vt 0.4000000059604645 1
vt 0.4000000059604645 0.5
vt 0.4000000059604645 1
vt 0.6601322293281555 0.5
vt 0.4000000059604645 0.5
vt 0.4000000059604645 1
vt 0.6601322293281555 1
vt 0.6601322293281555 0.5
vt 0.6601322293281555 1
vt 0.4000000059604645 0.5
vt 0.6601322293281555 0.5
vt 0.6601322293281555 1
vt 0.4000000059604645 1
vt 0.4000000059604645 0.5
vt 0.4000000059604645 1
vt 0.6601322293281555 1
vt 0.6601322293281555 0.5
vt 0.6601322293281555 1
vt 0.3400000035762787 0.5
vt 0 0.5
vt 0 1
vt 0.3400000035762787 1
vt 0 1
vt 0 0.5
vt 0.3400000035762787 1
vt 0.3400000035762787 0.5
vt 0 0.5
vt 0.3400000035762787 0.5
vt 0.3400000035762787 1
vt 0 1
vt 1.2399992942810059 0.019999980926513672
vt 1.9981608390808105 0.019999980926513672
vt 1.240119218826294 0.009999990463256836
vt 1.9984526634216309 0.009999990463256836
vt 1.9984524250030518 0.009999990463256836
vt 1.2401188611984253 0.009999990463256836
vt 1.2403416633605957 0
vt 1.9990010261535645 0
vt 1.9990007877349854 0
vt 1.2403417825698853 0
vt 0.7695825099945068 0.04400002956390381
vt 0.0009990930557250977 0.04400002956390381
vt 0.7371433973312378 0.06659549474716187
vt 0.000999152660369873 0.5
vt 0.769582986831665 0.5
vt 0.0009991500992327929 0.4807814359664917
vt 0.901515543460846 0.019999980926513672
vt 0.9015153050422668 0.019999980926513672
vt 0.9014604091644287 0.04400002956390381
vt 0.9015331268310547 0.009999990463256836
vt 0.9015331268310547 0.009999990463256836
vt 0.9015622735023499 0
vt 0.9015623927116394 0
vt 1.1127941608428955 0.5
vt 1.1127936840057373 0.04400002956390381
vt 0.010438919067382812 0.019999980926513672
vt 0.010340869426727295 0.04400002956390381
vt 0.017632901668548584 0.009999990463256836
vt 0.02037656307220459 0.009999990463256836
vt 0.02679961919784546 0
vt 0.02679842710494995 0
vt 1.999000072479248 0.5
vt 1.9990010261535645 0.04400002956390381
vt 1.9888335466384888 0.47974973917007446
vt 1.1419754028320312 0.06572860479354858
vt 0.003547370433807373 0.019999980926513672
vt 0.9995005130767822 0.019999980926513672
vt 0.9944934248924255 0.04400002956390381
vt 0.0004995167255401611 0.04400002956390381
vt 0.03944122791290283 0.009999990463256836
vt 0.9655839204788208 0.009999990463256836
vt 0.06395289301872253 0
vt 0.9461113810539246 0
vt 0.7379393577575684 0.4759875535964966
vt 0.000999095500446856 0.0625
vt 1.1431854963302612 0.4770904779434204
vt 1.988394856452942 0.06689703464508057
vt 0.7908862233161926 0.37593692541122437
vt 0.7902131080627441 0.12631165981292725
vt 1.0098369121551514 0.5007496178150177
vt 2.243696689605713 1
vt 1.6302318572998047 1
vt 2.0859904289245605 0.875
vt 2.0686306953430176 0.375
vt 1.9282844066619873 0.75
vt 1.9109246730804443 0.25
vt 2.22633695602417 0.5
vt 2.2322025299072266 0.25
vt 1.4108942747116089 2.7423226833343506
vt 1.045505166053772 2.486144185066223
vt 1.4509714841842651 2.229965925216675
vt 1.7705782651901245 0.625
vt 1.0054279565811157 2.998500943183899
vt 1.6128721237182617 0.5
vt 0.6003360152244568 2.229965925216675
vt 0.6400388479232788 2.7423224449157715
vt 0.23457247018814087 2.9985005855560303
vt 1.7532185316085815 0.125
vt 1.5955123901367188 0
vt 1.6512038707733154 1.6086173057556152
vt 1.4360700845718384 1.7303407788276672
vt 1.445970058441162 1.2434468865394592
vt 0.06887073069810867 0
vt 0.3306960165500641 0
vt 0.34287145733833313 0.25
vt 0.3656906485557556 1.6086171865463257
vt 0.5854345560073853 1.7303406596183777
vt 0.37030068039894104 1.8520641326904297
vt 0.15516681969165802 1.973787546157837
vt 0.10436993092298508 0.0009999871253967285
vt 0.4355945885181427 0.0009998679161071777
vt 0.27197858691215515 0.16052639484405518
vt 0.5762144923210144 1.2434468865394592
vt 0.1083626002073288 0.3200529217720032
vt 0.7668192386627197 0.000999748706817627
vt 1.0980439186096191 0.0009996294975280762
vt 1.429268479347229 0.0009995102882385254
vt 0.7688155174255371 0.16052621603012085
vt 1.4739192724227905 0
vt 1.51759672164917 0.5
vt 0.3564705550670624 1.1217234432697296
vt 0.13672661781311035 1
vt 1.4396809339523315 1
vt 1.6260420083999634 0.3277294635772705
vt 1.5803991556167603 0.5913402438163757
vt 1.433900237083435 0.330416738986969
vt 0.0009990334510803223 0
vt 0.00795835256576538 0.5
vt 0.01491767168045044 1
vt 1.4311201572418213 1.9737877249717712
vt 1.6537046432495117 2.1018768548965454
vt 1.8564378023147583 1.973787784576416
vt 0.1459467113018036 1.4868937730789185
vt 0.3777514100074768 2.101876735687256
vt 0.5804846286773682 1.9737876057624817
vt 0.8427720069885254 2.6142332553863525
vt 0.822920560836792 2.3580551147460938
vt 0.8030692338943481 2.101876735687256
vt 1.0058023929595947 1.9737876653671265
vt 0.09322157502174377 0.5
vt 0.08104614913463593 0.25
vt 0.5925213098526001 0
vt 0.8665220737457275 0.25
vt 0.6046967506408691 0.25
vt 0.6168721914291382 0.5
vt 0.3550468683242798 0.5
vt 0.36722230911254883 0.75
vt 1.6462539434432983 1.8520642518997192
vt 1.5121424198150635 1.204165518283844
vt 2.3308792114257812 1.3482864201068878
vt 1.6632568836212158 1.492407739162445
vt 2.9985015392303467 1.2041651010513306
vt 2.6476004123687744 1.7813661098480225
vt 1.3759229183197021 0.25
vt 1.456800103187561 0.5
vt 1.2779264450073242 0.5
vt 1.116171956062317 0
vt 0.7913483381271362 1.1217234432697296
vt 1.0064822435379028 1
vt 0.795958399772644 1.3651703298091888
vt 0.5716044306755066 1
vt 2.5402464866638184 0.260734498500824
vt 2.23789119720459 0.16436421871185303
vt 2.694993495941162 0.13086676597595215
vt 2.8497402667999268 0.0009990334510803223
vt 2.842601776123047 0.3571047782897949
vt 0.603203296661377 0.16052627563476562
vt 1.0783971548080444 0.14858484268188477
vt 2.8806238174438477 0
vt 3 0
vt 2.940311908721924 0.5
vt 0.025783270597457886 0.5913406610488892
vt 0.8030912280082703 0.5913404524326324
vt 0.803091287612915 0.8977530896663666
vt 2.857161283493042 1
vt 3 1
vt 0.7689629793167114 1.2041657269001007
vt 0.7689628601074219 1.0509594082832336
vt 1.512142300605774 0.8977528810501099
vt 0.025783449411392212 1.2041659355163574
vt 2.2343218326568604 0.3424171209335327
vt 2.3122715950012207 0.4595346450805664
vt 2.289450168609619 0.591340035200119
vt 2.9964587688446045 1.7818069458007812
vt 0.11757242679595947 1
vt 0.9956344366073608 1.6365290880203247
vt 1.4878062009811401 1.781008243560791
vt 2.9985013008117676 0.5913398265838623
vt 0.32801204919815063 1.7806503772735596
vt 0.016978295519948006 1.7805612087249756
vt 2.255321979522705 1.0509589910507202
vt 2.255321741104126 0.7445463538169861
vt 3 0.5
vt 0.7275258302688599 0.29617011547088623
vt 0.7298417687416077 0.46087872982025146
vt 0.014952010475099087 0.32804203033447266
vt 2.0695157051086426 1.8357747793197632
vt 1.4914311170578003 1.8901835083961487
vt 2.6456592082977295 1.9990001916885376
vt 0.9097215533256531 1.8354169130325317
vt 2.234981060028076 0.0009992122650146484
vt 0.335261732339859 1.999000906944275
vt 1.6202216148376465 0.00099945068359375
vt 2.9963064193725586 0.36081624031066895
vt 1.8762378692626953 1
vt 1.662992238998413 0.3759370446205139
vt 1.8829472064971924 0.0014992356300354004
vt 1.4463920593261719 0.25112444162368774
vt 1.4430373907089233 0.7503748089075089
vt 0.9200772047042847 1.4924079477787018
vt 2.389908790588379 0.375
vt 2.384042978286743 0.625
vt 2.5417490005493164 0.75
vt 0.13403406739234924 0.0014988183975219727
vt 0.5712623596191406 0.0014989376068115234
vt 0.4621236026287079 0.06390523910522461
vt 0.5719355344772339 0.25112420320510864
vt 0.3550041913986206 0.8751874044537544
vt 0.5732817649841309 0.7503748089075089
vt 2.553480386734009 0.25
vt 2.074496269226074 0.125
vt 2.238068103790283 0
vt 2.7053208351135254 0.625
vt 1.0807130336761475 0.31329345703125
vt 1.2561486959457397 0.2395007610321045
vt 2.0677032470703125 1.7811871767044067
vt 2.155428647994995 1.6368869543075562
vt 1.0157023668289185 1.4868937730789185
vt 2.8688926696777344 0.5
vt 2.7170519828796387 0.125
vt 1.2262260913848877 1.1217234432697296
vt 1.4413599967956543 1
vt 1.0084906816482544 0.0014990568161010742
vt 1.1091537475585938 1
vt 0.7786266803741455 1
vt 1.0282765626907349 0.75
vt 0.9473993182182312 0.5
vt 0.4480995535850525 1
vt 0.532485842704773 0.75
vt 0.6200002431869507 2.9985008239746094
vt 1.6611039638519287 1.1217234432697296
vt 1.6136274337768555 2.614233613014221
vt 1.866337776184082 1.486893892288208
vt 1.2308361530303955 1.3651703298091888
vt 1.2209362983703613 1.8520642518997192
vt 0.8005684614181519 1.6086171865463257
vt 0.9079091548919678 1.7808293104171753
vt 1.0317856073379517 0.25
vt 1.193540096282959 0.75
vt 1.4457190036773682 0.001499176025390625
vt 0.8630130290985107 0.75
vt 2.0680599212646484 1.999000370502472
vt 2.06854510307312 1.9445918798446655
vt 1.4904605150222778 1.9990005493164062
vt 1.7762833833694458 2.9985013008117676
vt 1.3908556699752808 2.9985010623931885
vt 0.9133464097976685 1.9445922374725342
vt 2.255321979522705 1.2041653096675873
vt 0.9128611087799072 1.9990007281303406
vt 1.224759817123413 0.8751874044537544
vt 0.7898820042610168 0.8751874044537544
vt 1.2274413108825684 0.1263117790222168
vt 1.2283868789672852 2.101876735687256
vt 1.2264370918273926 0.6255622208118439
vt 1.659637689590454 0.8751874044537544
vt 0.0004995465278625488 0.0004996061325073242
vt 0.9995004534721375 0.0004998445510864258
vt 0.9995001554489136 0.9995003938674927
vt 0.9995004534721375 0.9995001554489136
vt 0.0004995465278625488 0.9995003938674927
vt 0.0004997849464416504 0.0004995465278625488
vt 0.9995001554489136 0.0004996061325073242
vt 0.0004995465278625488 0.0004998445510864258
vt 0.9995002150535583 0.0004995465278625488
vt 0.9995004534721375 0.9995001554489136
vt 0.0004995465278625488 0.0004996061325073242
vt 0.9995004534721375 0.0004998445510864258
vt 0.9995001554489136 0.9995003938674927
vt 0.9995004534721375 0.0004998445510864258
vt 0.9995002150535583 0.9995004534721375
vt 0.0004995465278625488 0.9995001554489136
vt 0.9995004534721375 0.0004998445510864258
vt 0.9995002150535583 0.9995004534721375
vt 0.0004995465278625488 0.9995001554489136
vt 0.9995001554489136 0.9995003938674927
vt 0.0004997849464416504 0.9995004534721375
vt 0.0004995465278625488 0.0004996061325073242
vt 0.0004997849464416504 0.0004995465278625488
vt 0.9995004534721375 0.0004998445510864258
vt 0.9995002150535583 0.9995003938674927
vt 0.0004995465278625488 0.9995003938674927
vt 0.0004995465278625488 0.0004996061325073242
vt 0.9995002150535583 0.0004996061325073242
vt 0.9995004534721375 0.9995001554489136
vt 0.0004995465278625488 0.9995003938674927
vt 0.0004997849464416504 0.0004995465278625488
vt 0.9995001554489136 0.0004996061325073242
vt 0.9995002150535583 0.9995003938674927
vt 0.0004995465278625488 0.9995003938674927
vt 0.0004995465278625488 0.0004996061325073242
vt 0.9995002150535583 0.0004996061325073242
vt 0.9995002150535583 0.9995003938674927
vt 0.0004995465278625488 0.9995003938674927
vt 0.0004995465278625488 0.0004996061325073242
vt 0.9995002150535583 0.9995003938674927
vt 0.0004995465278625488 0.9995003938674927
vt 0.0004995465278625488 0.0004996061325073242
vt 0.0004995465278625488 0.0004996061325073242
vt 0.9995001554489136 0.9995003938674927
vt 0.0004997849464416504 0.9995004534721375
vt 0.9995002150535583 0.9995003938674927
vt 0.0004995465278625488 0.9995003938674927
vt 0.0004995465278625488 0.0004996061325073242
vt 0.9995002150535583 0.9995004534721375
vt 0.0004995465278625488 0.9995001554489136
vt 0.9995002150535583 0.0004996061325073242
vt 0.0004997849464416504 0.0004995465278625488
vt 0.0004995465278625488 0.0004998445510864258
vt 0.0004995465278625488 0.0004998445510864258
vt 0.9995002150535583 0.0004995465278625488
vt 0.9995004534721375 0.9995001554489136
vt 0.0004997849464416504 0.9995004534721375
vt 0.0004995465278625488 0.0004998445510864258
vt 0.9995001554489136 0.9995003938674927
vt 0.0004995465278625488 0.0004996061325073242
vt 0.0004997849464416504 0.9995004534721375
vt 0.0004995465278625488 0.9995003938674927
vt 0.9995002150535583 0.0004995465278625488
vt 0.0004995465278625488 0.0004996061325073242
vt 0.9995002150535583 0.0004996061325073242
vt 0.9995002150535583 0.9995003938674927
vt 0.9995002150535583 0.0004996061325073242
vt 0.0004995465278625488 0.9995003938674927
vt 0.9995001554489136 0.0004996061325073242
vt 0.0004995465278625488 0.9995003938674927
vt 0.0004995465278625488 0.0004996061325073242
vt 0.9995002150535583 0.0004996061325073242
vt 0.9995002150535583 0.9995003938674927
vt 0.0004995465278625488 0.9995003938674927
vt 0.0004997849464416504 0.9995004534721375
vt 0.0004995465278625488 0.0004996061325073242
vt 0.9995002150535583 0.0004996061325073242
vt 0.9995002150535583 0.9995003938674927
vt 0.0004995465278625488 0.9995003938674927
vt 0.9995004534721375 0.9995001554489136
vt 0.0004995465278625488 0.9995003938674927
vt 0.0004997849464416504 0.0004995465278625488
vt 0.0004995465278625488 0.9995001554489136
vt 0.0004997849464416504 0.0004995465278625488
vt 0.9995004534721375 0.0004998445510864258
vt 0.0004995465278625488 0.0004998445510864258
vt 0.9995002150535583 0.0004995465278625488
vt 0.9995004534721375 0.9995001554489136
vt 0.9995002150535583 0.0004996061325073242
vt 0.9995004534721375 0.9995001554489136
vt 0.0004995465278625488 0.9995003938674927
vt 0.0004997849464416504 0.0004995465278625488
vt 0.0004997849464416504 0.9995004534721375
vt 0.0004995465278625488 0.0004996061325073242
vt 0.9995002150535583 0.0004996061325073242
vt 0.9995002150535583 0.9995003938674927
vt 0.9995001554489136 0.0004996061325073242
vt 0.0004995465278625488 0.9995003938674927
vt 0.9995001554489136 0.0004996061325073242
vt 0.0004995465278625488 0.9995003938674927
vt 0.9995002150535583 0.9995003938674927
vt 0.0004995465278625488 0.9995003938674927
vt 0.0004995465278625488 0.0004996061325073242
vt 0.0004995465278625488 0.0004996061325073242
vt 0.9995002150535583 0.0004996061325073242
vt 0.9995002150535583 0.9995003938674927
vt 0.0004995465278625488 0.0004998445510864258
vt 0.9995002150535583 0.0004995465278625488
vt 0.0004995465278625488 0.9995003938674927
vt 0.9995002150535583 0.0004996061325073242
vt 0.9995001554489136 0.0004996061325073242
vt 0.9995002150535583 0.9995003938674927
vt 0.0004995465278625488 0.9995003938674927
vt 0.0004995465278625488 0.0004996061325073242
vt 0.9995002150535583 0.0004996061325073242
vt 0.0004995465278625488 0.0004996061325073242
vt 0.9995001554489136 0.9995003938674927
vt 0.9995004534721375 0.0004998445510864258
vt 0.9995002150535583 0.9995004534721375
vt 0.0004995465278625488 0.9995001554489136
vt 0.9995002150535583 0.0004995465278625488
vt 0.0004995465278625488 0.0004998445510864258
vt 0.9995002150535583 0.0004995465278625488
vt 0.0004995465278625488 0.9995001554489136
vt 0.0004995465278625488 0.9995001554489136
vt 0.9995002150535583 0.9995004534721375
vt 0.9995001554489136 0.9995003938674927
vt 0.0004997849464416504 0.9995004534721375
vt 0.0004995465278625488 0.0004996061325073242
vt 0.9995002150535583 0.9995003938674927
vt 0.0004995465278625488 0.9995003938674927
vt 0.0004995465278625488 0.0004996061325073242
vt 0.9995002150535583 0.0004996061325073242
vt 0.9995002150535583 0.9995004534721375
vt 0.0004995465278625488 0.0004996061325073242
vt 0.9995002150535583 0.0004996061325073242
vt 0.9995002150535583 0.9995003938674927
vt 0.0004995465278625488 0.9995003938674927
vt 0.9995001554489136 0.0004996061325073242
vt 0.9995002150535583 0.9995004534721375
g ShopC400
s 1
f 1/1/1 2/2/2 3/3/3
f 4/4/4 5/5/5 6/6/6
f 7/7/7 8/8/8 9/9/9
f 10/10/10 5/5/5 4/4/4
f 10/10/10 11/11/11 5/5/5
f 11/11/11 12/12/12 13/13/13
f 14/14/14 15/15/15 16/16/16
f 17/17/17 10/10/10 4/4/4
f 11/11/11 18/18/18 6/6/6
f 19/19/19 20/20/20 21/21/21
f 19/19/19 22/22/22 20/20/20
f 23/23/23 24/24/24 25/25/25
f 26/26/26 27/27/27 28/28/28
f 25/25/25 29/29/29 23/23/23
f 30/30/30 31/31/31 32/32/32
f 33/33/33 34/34/34 35/35/35
f 35/35/35 36/36/36 33/33/33
f 37/37/37 38/38/38 39/39/39
f 40/40/40 39/39/39 38/38/38
f 41/41/41 42/42/42 43/43/43
f 43/43/43 42/42/42 44/44/44
f 45/45/45 30/30/30 32/32/32
f 46/46/46 47/47/47 48/48/48
f 49/49/49 38/38/38 50/50/50
f 37/37/37 50/50/50 38/38/38
f 51/51/51 47/47/47 46/46/46
f 52/52/52 51/51/51 46/46/46
f 53/53/53 54/54/54 55/55/55
f 56/56/56 57/57/57 58/58/58
f 59/59/59 60/60/60 61/61/61
f 61/61/61 60/60/60 62/62/62
f 61/61/61 62/62/62 63/63/63
f 64/64/64 65/65/65 44/44/44
f 59/59/59 61/61/61 63/63/63
f 53/53/53 59/59/59 66/66/66
f 30/30/30 67/67/67 31/31/31
f 65/65/65 68/68/68 44/44/44
f 45/45/45 67/67/67 30/30/30
f 57/57/57 1/1/1 69/69/69
f 26/26/26 28/28/28 70/70/70
f 32/32/32 31/31/31 60/60/60
f 71/71/71 45/45/45 32/32/32
f 67/67/67 72/72/72 31/31/31
f 73/73/73 67/67/67 45/45/45
f 66/66/66 59/59/59 63/63/63
f 62/62/62 74/74/74 75/75/75
f 28/28/28 76/76/76 70/70/70
f 77/77/77 78/78/78 65/65/65
f 79/79/79 9/9/9 80/80/80
f 70/70/70 76/76/76 81/81/81
f 64/64/64 77/77/77 65/65/65
f 57/57/57 69/69/69 58/58/58
f 58/58/58 69/69/69 3/3/3
f 69/69/69 1/1/1 3/3/3
f 82/82/82 83/83/83 84/84/84
f 18/18/18 85/85/85 6/6/6
f 57/57/57 86/86/86 1/1/1
f 60/60/60 31/31/31 87/87/87
f 13/13/13 18/18/18 11/11/11
f 88/88/88 41/41/41 43/43/43
f 6/6/6 89/89/89 4/4/4
f 4/4/4 90/90/90 17/17/17
f 17/17/17 91/91/91 92/92/92
f 93/93/93 94/94/94 95/95/95
f 95/95/95 94/94/94 24/24/24
f 10/10/10 17/17/17 92/92/92
f 5/5/5 11/11/11 6/6/6
f 9/9/9 8/8/8 80/80/80
f 54/54/54 73/73/73 55/55/55
f 24/24/24 23/23/23 95/95/95
f 27/27/27 96/96/96 28/28/28
f 97/97/97 98/98/98 99/99/99
f 82/82/82 100/100/100 83/83/83
f 26/26/26 70/70/70 81/81/81
f 101/101/101 83/83/83 100/100/100
f 15/15/15 79/79/79 102/102/102
f 73/73/73 103/103/103 67/67/67
f 104/104/104 88/88/88 105/105/105
f 104/104/104 105/105/105 98/98/98
f 105/105/105 106/106/106 98/98/98
f 88/88/88 106/106/106 105/105/105
f 63/63/63 62/62/62 107/107/107
f 104/104/104 108/108/108 88/88/88
f 108/108/108 41/41/41 88/88/88
f 97/97/97 41/41/41 108/108/108
f 97/97/97 108/108/108 104/104/104
f 109/109/109 64/64/64 110/110/110
f 109/109/109 110/110/110 42/42/42
f 42/42/42 110/110/110 44/44/44
f 14/14/14 9/9/9 79/79/79
f 14/14/14 79/79/79 15/15/15
f 110/110/110 64/64/64 44/44/44
f 111/111/111 51/51/51 52/52/52
f 112/112/112 32/32/32 60/60/60
f 71/71/71 32/32/32 112/112/112
f 71/71/71 112/112/112 59/59/59
f 112/112/112 60/60/60 59/59/59
f 113/113/113 114/114/114 115/115/115
f 113/113/113 115/115/115 116/116/116
f 115/115/115 117/117/117 116/116/116
f 114/114/114 117/117/117 115/115/115
f 118/118/118 119/119/119 52/52/52
f 120/120/120 119/119/119 118/118/118
f 120/120/120 118/118/118 121/121/121
f 118/118/118 52/52/52 121/121/121
f 103/103/103 72/72/72 67/67/67
f 101/101/101 84/84/84 83/83/83
f 95/95/95 23/23/23 122/122/122
f 95/95/95 122/122/122 93/93/93
f 123/123/123 62/62/62 124/124/124
f 107/107/107 62/62/62 123/123/123
f 65/65/65 78/78/78 125/125/125
f 126/126/126 71/71/71 59/59/59
f 53/53/53 126/126/126 59/59/59
f 96/96/96 76/76/76 28/28/28
f 53/53/53 55/55/55 126/126/126
f 97/97/97 104/104/104 98/98/98
f 88/88/88 43/43/43 106/106/106
f 41/41/41 109/109/109 42/42/42
f 127/127/127 114/114/114 113/113/113
f 114/114/114 128/128/128 117/117/117
f 117/117/117 129/129/129 116/116/116
f 128/128/128 129/129/129 117/117/117
f 126/126/126 55/55/55 71/71/71
f 79/79/79 80/80/80 102/102/102
f 119/119/119 111/111/111 52/52/52
f 120/120/120 121/121/121 48/48/48
f 121/121/121 46/46/46 48/48/48
f 52/52/52 46/46/46 121/121/121
f 62/62/62 75/75/75 124/124/124
f 55/55/55 45/45/45 71/71/71
f 55/55/55 73/73/73 45/45/45
f 130/130/130 26/26/26 81/81/81
f 131/131/131 130/130/130 81/81/81
f 80/80/80 8/8/8 102/102/102
f 65/65/65 125/125/125 68/68/68
g ShopC401
s 1
f 132/132/132 133/133/133 134/134/134
f 135/135/135 136/136/136 137/137/137
f 138/138/138 136/136/136 135/135/135
f 139/139/139 138/138/138 135/135/135
f 139/139/139 135/135/135 137/137/137
f 140/140/140 141/141/141 138/138/138
f 141/141/141 136/136/136 138/138/138
f 142/142/142 143/143/143 144/144/144
f 145/145/145 146/146/146 147/147/147
f 148/148/148 145/145/145 147/147/147
f 149/149/149 145/145/145 148/148/148
f 149/149/149 146/146/146 145/145/145
f 150/150/150 143/143/143 142/142/142
f 143/143/143 151/151/151 144/144/144
f 148/148/148 152/152/152 153/153/153
f 153/153/153 152/152/152 154/154/154
f 147/147/147 146/146/146 155/155/155
f 152/152/152 147/147/147 155/155/155
f 148/148/148 147/147/147 152/152/152
f 154/154/154 152/152/152 156/156/156
f 151/151/151 157/157/157 144/144/144
f 158/158/158 151/151/151 143/143/143
f 159/159/159 160/160/160 161/161/161
f 162/162/162 160/160/160 159/159/159
f 163/163/163 164/164/164 165/165/165
f 166/166/166 167/167/167 168/168/168
f 169/169/169 170/170/170 171/171/171
f 171/171/171 172/172/172 161/161/161
f 166/166/166 173/173/173 167/167/167
f 174/174/174 173/173/173 166/166/166
f 175/175/175 176/176/176 177/177/177
f 177/177/177 178/178/178 179/179/179
f 177/177/177 176/176/176 178/178/178
f 156/156/156 152/152/152 155/155/155
f 155/155/155 180/180/180 156/156/156
f 156/156/156 180/180/180 154/154/154
f 181/181/181 182/182/182 183/183/183
f 183/183/183 182/182/182 180/180/180
f 155/155/155 183/183/183 180/180/180
f 155/155/155 181/181/181 183/183/183
f 184/184/184 185/185/185 186/186/186
f 157/157/157 187/187/187 188/188/188
f 162/162/162 189/189/189 160/160/160
f 190/190/190 191/191/191 192/192/192
f 133/133/133 193/193/193 194/194/194
f 193/193/193 195/195/195 194/194/194
f 196/196/196 197/197/197 155/155/155
f 198/198/198 197/197/197 196/196/196
f 196/196/196 146/146/146 198/198/198
f 155/155/155 146/146/146 196/196/196
f 199/199/199 187/187/187 181/181/181
f 200/200/200 201/201/201 202/202/202
f 169/169/169 202/202/202 170/170/170
f 203/203/203 146/146/146 204/204/204
f 204/204/204 205/205/205 206/206/206
f 146/146/146 205/205/205 204/204/204
f 192/192/192 188/188/188 207/207/207
f 208/208/208 209/209/209 210/210/210
f 190/190/190 192/192/192 211/211/211
f 192/192/192 191/191/191 188/188/188
f 212/212/212 213/213/213 214/214/214
f 214/214/214 213/213/213 215/215/215
f 215/215/215 216/216/216 214/214/214
f 165/165/165 164/164/164 217/217/217
f 208/208/208 187/187/187 209/209/209
f 209/209/209 187/187/187 158/158/158
f 210/210/210 209/209/209 158/158/158
f 218/218/218 157/157/157 151/151/151
f 158/158/158 218/218/218 151/151/151
f 158/158/158 187/187/187 218/218/218
f 218/218/218 187/187/187 157/157/157
f 219/219/219 140/140/140 138/138/138
f 220/220/220 140/140/140 219/219/219
f 220/220/220 219/219/219 139/139/139
f 219/219/219 138/138/138 139/139/139
f 221/221/221 222/222/222 185/185/185
f 222/222/222 223/223/223 185/185/185
f 222/222/222 224/224/224 223/223/223
f 221/221/221 224/224/224 222/222/222
f 225/225/225 185/185/185 184/184/184
f 221/221/221 185/185/185 225/225/225
f 226/226/226 221/221/221 225/225/225
f 227/227/227 228/228/228 229/229/229
f 230/230/230 227/227/227 229/229/229
f 230/230/230 231/231/231 227/227/227
f 227/227/227 231/231/231 228/228/228
f 215/215/215 232/232/232 233/233/233
f 233/233/233 232/232/232 230/230/230
f 230/230/230 234/234/234 233/233/233
f 233/233/233 234/234/234 215/215/215
f 229/229/229 235/235/235 230/230/230
f 229/229/229 236/236/236 235/235/235
f 236/236/236 134/134/134 235/235/235
f 235/235/235 134/134/134 230/230/230
f 229/229/229 228/228/228 237/237/237
f 237/237/237 236/236/236 229/229/229
f 213/213/213 232/232/232 215/215/215
f 213/213/213 231/231/231 232/232/232
f 232/232/232 231/231/231 230/230/230
f 231/231/231 238/238/238 239/239/239
f 239/239/239 238/238/238 240/240/240
f 239/239/239 240/240/240 228/228/228
f 231/231/231 239/239/239 228/228/228
f 134/134/134 194/194/194 241/241/241
f 241/241/241 194/194/194 234/234/234
f 241/241/241 234/234/234 230/230/230
f 134/134/134 241/241/241 230/230/230
f 238/238/238 242/242/242 243/243/243
f 244/244/244 202/202/202 169/169/169
f 245/245/245 246/246/246 160/160/160
f 245/245/245 171/171/171 246/246/246
f 246/246/246 171/171/171 161/161/161
f 160/160/160 246/246/246 161/161/161
f 247/247/247 248/248/248 189/189/189
f 249/249/249 175/175/175 177/177/177
f 216/216/216 195/195/195 212/212/212
f 234/234/234 195/195/195 216/216/216
f 234/234/234 216/216/216 215/215/215
f 214/214/214 216/216/216 212/212/212
f 164/164/164 250/250/250 217/217/217
f 165/165/165 217/217/217 137/137/137
f 251/251/251 164/164/164 163/163/163
f 252/252/252 217/217/217 253/253/253
f 133/133/133 194/194/194 134/134/134
f 194/194/194 195/195/195 234/234/234
f 254/254/254 255/255/255 236/236/236
f 255/255/255 134/134/134 236/236/236
f 255/255/255 256/256/256 134/134/134
f 254/254/254 256/256/256 255/255/255
f 257/257/257 252/252/252 258/258/258
f 259/259/259 257/257/257 260/260/260
f 261/261/261 259/259/259 262/262/262
f 197/197/197 181/181/181 155/155/155
f 197/197/197 199/199/199 181/181/181
f 198/198/198 199/199/199 197/197/197
f 182/182/182 263/263/263 180/180/180
f 182/182/182 208/208/208 263/263/263
f 181/181/181 208/208/208 182/182/182
f 264/264/264 265/265/265 266/266/266
f 261/261/261 267/267/267 264/264/264
f 266/266/266 268/268/268 220/220/220
f 226/226/226 225/225/225 184/184/184
f 269/269/269 270/270/270 271/271/271
f 231/231/231 272/272/272 242/242/242
f 272/272/272 273/273/273 242/242/242
f 213/213/213 273/273/273 272/272/272
f 213/213/213 272/272/272 231/231/231
f 273/273/273 274/274/274 275/275/275
f 273/273/273 275/275/275 242/242/242
f 240/240/240 243/243/243 276/276/276
f 231/231/231 242/242/242 238/238/238
f 248/248/248 169/169/169 171/171/171
f 168/168/168 277/277/277 278/278/278
f 168/168/168 278/278/278 174/174/174
f 174/174/174 278/278/278 279/279/279
f 278/278/278 277/277/277 279/279/279
f 280/280/280 261/261/261 264/264/264
f 137/137/137 261/261/261 280/280/280
f 137/137/137 280/280/280 266/266/266
f 280/280/280 264/264/264 266/266/266
f 212/212/212 274/274/274 281/281/281
f 281/281/281 274/274/274 273/273/273
f 281/281/281 273/273/273 213/213/213
f 212/212/212 281/281/281 213/213/213
f 139/139/139 266/266/266 220/220/220
f 137/137/137 266/266/266 139/139/139
f 252/252/252 282/282/282 217/217/217
f 282/282/282 137/137/137 217/217/217
f 257/257/257 137/137/137 282/282/282
f 257/257/257 282/282/282 252/252/252
f 259/259/259 283/283/283 257/257/257
f 283/283/283 137/137/137 257/257/257
f 261/261/261 137/137/137 283/283/283
f 261/261/261 283/283/283 259/259/259
f 185/185/185 223/223/223 186/186/186
f 210/210/210 143/143/143 150/150/150
f 284/284/284 226/226/226 184/184/184
f 188/188/188 191/191/191 285/285/285
f 188/188/188 285/285/285 157/157/157
f 286/286/286 221/221/221 226/226/226
f 240/240/240 276/276/276 237/237/237
f 286/286/286 226/226/226 284/284/284
f 245/245/245 248/248/248 171/171/171
f 189/189/189 248/248/248 245/245/245
f 189/189/189 245/245/245 160/160/160
f 254/254/254 236/236/236 237/237/237
f 180/180/180 263/263/263 154/154/154
f 247/247/247 287/287/287 248/248/248
f 287/287/287 169/169/169 248/248/248
f 228/228/228 240/240/240 237/237/237
f 240/240/240 238/238/238 243/243/243
f 200/200/200 202/202/202 244/244/244
f 210/210/210 158/158/158 143/143/143
f 181/181/181 187/187/187 208/208/208
f 202/202/202 288/288/288 170/170/170
f 263/263/263 289/289/289 290/290/290
f 289/289/289 210/210/210 290/290/290
f 289/289/289 208/208/208 210/210/210
f 263/263/263 208/208/208 289/289/289
f 288/288/288 291/291/291 292/292/292
f 288/288/288 292/292/292 170/170/170
f 170/170/170 292/292/292 293/293/293
f 292/292/292 291/291/291 293/293/293
f 202/202/202 201/201/201 288/288/288
f 290/290/290 150/150/150 294/294/294
f 290/290/290 294/294/294 295/295/295
f 205/205/205 146/146/146 149/149/149
f 201/201/201 291/291/291 288/288/288
f 290/290/290 210/210/210 150/150/150
f 174/174/174 166/166/166 168/168/168
f 263/263/263 290/290/290 295/295/295
f 256/256/256 132/132/132 134/134/134
g ShopC402
s 1
f 296/296/296 297/297/297 298/298/298
f 299/299/299 300/300/300 301/301/301
f 302/302/302 303/303/303 304/304/304
f 298/298/298 297/297/297 305/305/305
f 306/306/306 307/307/307 308/308/308
f 309/309/309 307/307/307 306/306/306
f 310/310/310 309/309/309 306/306/306
f 310/310/310 306/306/306 308/308/308
f 307/307/307 311/311/311 312/312/312
f 313/313/313 314/314/314 315/315/315
f 315/315/315 314/314/314 316/316/316
f 317/317/317 315/315/315 316/316/316
f 317/317/317 313/313/313 315/315/315
f 318/318/318 319/319/319 320/320/320
f 318/318/318 320/320/320 321/321/321
f 322/322/322 318/318/318 321/321/321
f 323/323/323 324/324/324 319/319/319
f 319/319/319 324/324/324 320/320/320
f 307/307/307 312/312/312 308/308/308
f 312/312/312 325/325/325 308/308/308
f 311/311/311 325/325/325 312/312/312
f 313/313/313 326/326/326 314/314/314
f 327/327/327 328/328/328 329/329/329
f 330/330/330 319/319/319 318/318/318
f 322/322/322 330/330/330 318/318/318
f 323/323/323 330/330/330 322/322/322
f 323/323/323 319/319/319 330/330/330
f 331/331/331 327/327/327 329/329/329
f 331/331/331 299/299/299 327/327/327
f 327/327/327 332/332/332 328/328/328
f 327/327/327 299/299/299 332/332/332
f 326/326/326 333/333/333 309/309/309
f 313/313/313 333/333/333 326/326/326
f 334/334/334 304/304/304 303/303/303
f 300/300/300 335/335/335 336/336/336
f 337/337/337 297/297/297 296/296/296
f 338/338/338 339/339/339 340/340/340
f 341/341/341 342/342/342 343/343/343
f 344/344/344 341/341/341 343/343/343
f 344/344/344 338/338/338 341/341/341
f 345/345/345 346/346/346 347/347/347
f 348/348/348 349/349/349 350/350/350
f 350/350/350 351/351/351 348/348/348
f 352/352/352 353/353/353 346/346/346
f 354/354/354 352/352/352 355/355/355
f 354/354/354 353/353/353 352/352/352
f 356/356/356 357/357/357 329/329/329
f 329/329/329 357/357/357 331/331/331
f 358/358/358 316/316/316 314/314/314
f 359/359/359 360/360/360 361/361/361
f 298/298/298 305/305/305 362/362/362
f 363/363/363 364/364/364 365/365/365
f 363/363/363 365/365/365 366/366/366
f 365/365/365 367/367/367 366/366/366
f 313/313/313 368/368/368 333/333/333
f 362/362/362 363/363/363 366/366/366
f 367/367/367 369/369/369 366/366/366
f 364/364/364 367/367/367 365/365/365
f 297/297/297 370/370/370 363/363/363
f 358/358/358 314/314/314 310/310/310
f 358/358/358 310/310/310 308/308/308
f 371/371/371 372/372/372 373/373/373
f 337/337/337 374/374/374 375/375/375
f 370/370/370 364/364/364 363/363/363
f 298/298/298 376/376/376 377/377/377
f 296/296/296 374/374/374 337/337/337
f 375/375/375 297/297/297 337/337/337
f 356/356/356 344/344/344 357/357/357
f 362/362/362 366/366/366 376/376/376
f 378/378/378 379/379/379 380/380/380
f 298/298/298 362/362/362 376/376/376
f 310/310/310 314/314/314 381/381/381
f 310/310/310 381/381/381 309/309/309
f 326/326/326 309/309/309 381/381/381
f 326/326/326 381/381/381 314/314/314
f 317/317/317 368/368/368 313/313/313
f 323/323/323 382/382/382 354/354/354
f 382/382/382 353/353/353 354/354/354
f 362/362/362 305/305/305 363/363/363
f 380/380/380 379/379/379 383/383/383
f 321/321/321 380/380/380 383/383/383
f 384/384/384 385/385/385 386/386/386
f 387/387/387 320/320/320 378/378/378
f 343/343/343 388/388/388 357/357/357
f 344/344/344 343/343/343 357/357/357
f 343/343/343 342/342/342 388/388/388
f 323/323/323 354/354/354 389/389/389
f 389/389/389 354/354/354 355/355/355
f 324/324/324 389/389/389 355/355/355
f 384/384/384 386/386/386 390/390/390
f 324/324/324 323/323/323 389/389/389
f 391/391/391 390/390/390 386/386/386
f 321/321/321 320/320/320 387/387/387
f 305/305/305 297/297/297 363/363/363
f 338/338/338 340/340/340 392/392/392
f 392/392/392 340/340/340 342/342/342
f 341/341/341 392/392/392 342/342/342
f 341/341/341 338/338/338 392/392/392
f 393/393/393 346/346/346 345/345/345
f 355/355/355 393/393/393 345/345/345
f 391/391/391 386/386/386 385/385/385
f 357/357/357 388/388/388 331/331/331
f 298/298/298 377/377/377 374/374/374
f 296/296/296 298/298/298 374/374/374
f 301/301/301 300/300/300 336/336/336
f 328/328/328 301/301/301 336/336/336
f 329/329/329 394/394/394 356/356/356
f 395/395/395 335/335/335 300/300/300
f 329/329/329 328/328/328 394/394/394
f 299/299/299 395/395/395 300/300/300
f 361/361/361 396/396/396 359/359/359
f 382/382/382 323/323/323 322/322/322
f 396/396/396 350/350/350 359/359/359
f 299/299/299 397/397/397 395/395/395
f 394/394/394 328/328/328 336/336/336
f 356/356/356 394/394/394 336/336/336
f 374/374/374 398/398/398 375/375/375
f 387/387/387 378/378/378 380/380/380
f 320/320/320 324/324/324 378/378/378
f 321/321/321 387/387/387 380/380/380
f 372/372/372 334/334/334 399/399/399
f 372/372/372 399/399/399 373/373/373
f 303/303/303 373/373/373 399/399/399
f 331/331/331 388/388/388 400/400/400
f 303/303/303 399/399/399 334/334/334
f 393/393/393 352/352/352 346/346/346
f 355/355/355 352/352/352 393/393/393
f 397/397/397 335/335/335 395/395/395
f 388/388/388 342/342/342 400/400/400
f 328/328/328 332/332/332 301/301/301
f 332/332/332 299/299/299 301/301/301
f 349/349/349 359/359/359 350/350/350
g ShopC403
s 1
f 401/401/401 402/402/402 403/403/403
f 404/404/404 405/405/405 406/406/406
f 407/407/407 408/408/408 409/409/409
f 410/410/410 411/411/411 412/412/412
f 413/413/413 414/414/414 415/415/415
f 410/410/410 413/413/413 411/411/411
f 416/416/416 417/417/417 418/418/418
f 419/419/419 417/417/417 416/416/416
f 419/419/419 420/420/420 417/417/417
f 421/421/421 422/422/422 419/419/419
f 421/421/421 419/419/419 416/416/416
f 409/409/409 423/423/423 424/424/424
f 424/424/424 423/423/423 425/425/425
f 422/422/422 426/426/426 427/427/427
f 422/422/422 428/428/428 426/426/426
f 419/419/419 429/429/429 430/430/430
f 431/431/431 432/432/432 433/433/433
f 431/431/431 406/406/406 432/432/432
f 406/406/406 405/405/405 432/432/432
f 432/432/432 405/405/405 433/433/433
f 411/411/411 434/434/434 435/435/435
f 435/435/435 434/434/434 436/436/436
f 437/437/437 406/406/406 438/438/438
f 439/439/439 437/437/437 438/438/438
f 440/440/440 406/406/406 437/437/437
f 441/441/441 442/442/442 407/407/407
f 441/441/441 443/443/443 442/442/442
f 443/443/443 444/444/444 442/442/442
f 442/442/442 444/444/444 407/407/407
f 445/445/445 446/446/446 447/447/447
f 448/448/448 449/449/449 450/450/450
f 443/443/443 448/448/448 450/450/450
f 451/451/451 449/449/449 448/448/448
f 452/452/452 453/453/453 412/412/412
f 452/452/452 454/454/454 453/453/453
f 453/453/453 454/454/454 455/455/455
f 456/456/456 457/457/457 458/458/458
f 459/459/459 460/460/460 461/461/461
f 461/461/461 460/460/460 462/462/462
f 461/461/461 462/462/462 452/452/452
f 459/459/459 461/461/461 452/452/452
f 438/438/438 460/460/460 459/459/459
f 419/419/419 422/422/422 427/427/427
f 463/463/463 464/464/464 465/465/465
f 466/466/466 463/463/463 465/465/465
f 467/467/467 463/463/463 466/466/466
f 468/468/468 469/469/469 466/466/466
f 468/468/468 451/451/451 469/469/469
f 469/469/469 467/467/467 466/466/466
f 470/470/470 415/415/415 450/450/450
f 449/449/449 470/470/470 450/450/450
f 403/403/403 447/447/447 471/471/471
f 441/441/441 407/407/407 467/467/467
f 472/472/472 473/473/473 474/474/474
f 415/415/415 472/472/472 474/474/474
f 475/475/475 476/476/476 403/403/403
f 425/425/425 477/477/477 478/478/478
f 447/447/447 446/446/446 478/478/478
f 409/409/409 408/408/408 479/479/479
f 459/459/459 452/452/452 412/412/412
f 480/480/480 455/455/455 481/481/481
f 476/476/476 433/433/433 403/403/403
f 481/481/481 482/482/482 483/483/483
f 438/438/438 406/406/406 460/460/460
f 460/460/460 406/406/406 462/462/462
f 484/484/484 485/485/485 486/486/486
f 487/487/487 484/484/484 486/486/486
f 465/465/465 464/464/464 488/488/488
f 489/489/489 465/465/465 488/488/488
f 466/466/466 465/465/465 489/489/489
f 450/450/450 415/415/415 414/414/414
f 443/443/443 450/450/450 414/414/414
f 490/490/490 491/491/491 492/492/492
f 493/493/493 490/490/490 492/492/492
f 493/493/493 494/494/494 490/490/490
f 490/490/490 494/494/494 491/491/491
f 493/493/493 492/492/492 495/495/495
f 495/495/495 492/492/492 496/496/496
f 492/492/492 491/491/491 496/496/496
f 433/433/433 497/497/497 403/403/403
f 433/433/433 405/405/405 497/497/497
f 405/405/405 401/401/401 497/497/497
f 497/497/497 401/401/401 403/403/403
f 411/411/411 474/474/474 434/434/434
f 474/474/474 473/473/473 434/434/434
f 498/498/498 415/415/415 474/474/474
f 411/411/411 498/498/498 474/474/474
f 411/411/411 413/413/413 498/498/498
f 498/498/498 413/413/413 415/415/415
f 419/419/419 427/427/427 429/429/429
f 407/407/407 444/444/444 408/408/408
f 444/444/444 414/414/414 408/408/408
f 443/443/443 414/414/414 444/444/444
f 487/487/487 458/458/458 484/484/484
f 484/484/484 458/458/458 485/485/485
f 456/456/456 499/499/499 500/500/500
f 456/456/456 458/458/458 499/499/499
f 499/499/499 458/458/458 487/487/487
f 500/500/500 499/499/499 487/487/487
f 501/501/501 502/502/502 503/503/503
f 503/503/503 502/502/502 504/504/504
f 503/503/503 504/504/504 505/505/505
f 501/501/501 503/503/503 505/505/505
f 458/458/458 502/502/502 506/506/506
f 506/506/506 502/502/502 501/501/501
f 506/506/506 501/501/501 485/485/485
f 458/458/458 506/506/506 485/485/485
f 501/501/501 505/505/505 507/507/507
f 507/507/507 505/505/505 508/508/508
f 485/485/485 507/507/507 508/508/508
f 485/485/485 501/501/501 507/507/507
f 412/412/412 509/509/509 410/410/410
f 412/412/412 480/480/480 509/509/509
f 509/509/509 480/480/480 510/510/510
f 418/418/418 511/511/511 512/512/512
f 512/512/512 511/511/511 496/496/496
f 512/512/512 496/496/496 513/513/513
f 418/418/418 512/512/512 513/513/513
f 514/514/514 421/421/421 515/515/515
f 515/515/515 421/421/421 416/416/416
f 515/515/515 416/416/416 487/487/487
f 514/514/514 515/515/515 487/487/487
f 486/486/486 485/485/485 508/508/508
f 508/508/508 514/514/514 486/486/486
f 486/486/486 514/514/514 487/487/487
f 516/516/516 510/510/510 483/483/483
f 516/516/516 483/483/483 517/517/517
f 410/410/410 516/516/516 517/517/517
f 518/518/518 431/431/431 519/519/519
f 455/455/455 518/518/518 519/519/519
f 454/454/454 518/518/518 455/455/455
f 454/454/454 431/431/431 518/518/518
f 462/462/462 520/520/520 454/454/454
f 462/462/462 406/406/406 520/520/520
f 520/520/520 406/406/406 431/431/431
f 454/454/454 520/520/520 431/431/431
f 521/521/521 522/522/522 456/456/456
f 521/521/521 523/523/523 522/522/522
f 523/523/523 457/457/457 522/522/522
f 522/522/522 457/457/457 456/456/456
f 524/524/524 523/523/523 521/521/521
f 525/525/525 521/521/521 456/456/456
f 525/525/525 524/524/524 521/521/521
f 526/526/526 502/502/502 458/458/458
f 457/457/457 526/526/526 458/458/458
f 523/523/523 526/526/526 457/457/457
f 523/523/523 502/502/502 526/526/526
f 527/527/527 509/509/509 510/510/510
f 527/527/527 510/510/510 516/516/516
f 410/410/410 527/527/527 516/516/516
f 528/528/528 403/403/403 529/529/529
f 530/530/530 528/528/528 529/529/529
f 475/475/475 528/528/528 530/530/530
f 475/475/475 403/403/403 528/528/528
f 481/481/481 531/531/531 532/532/532
f 532/532/532 531/531/531 475/475/475
f 532/532/532 475/475/475 530/530/530
f 481/481/481 532/532/532 530/530/530
f 533/533/533 534/534/534 408/408/408
f 533/533/533 535/535/535 534/534/534
f 535/535/535 479/479/479 534/534/534
f 534/534/534 479/479/479 408/408/408
f 440/440/440 437/437/437 536/536/536
f 536/536/536 437/437/437 439/439/439
f 537/537/537 422/422/422 421/421/421
f 508/508/508 537/537/537 421/421/421
f 508/508/508 428/428/428 537/537/537
f 537/537/537 428/428/428 422/422/422
f 417/417/417 511/511/511 418/418/418
f 417/417/417 420/420/420 511/511/511
f 511/511/511 420/420/420 496/496/496
f 467/467/467 407/407/407 538/538/538
f 538/538/538 407/407/407 464/464/464
f 538/538/538 464/464/464 463/463/463
f 467/467/467 538/538/538 463/463/463
f 451/451/451 441/441/441 539/539/539
f 539/539/539 441/441/441 467/467/467
f 539/539/539 467/467/467 469/469/469
f 451/451/451 539/539/539 469/469/469
f 425/425/425 478/478/478 540/540/540
f 540/540/540 478/478/478 446/446/446
f 410/410/410 509/509/509 527/527/527
f 481/481/481 455/455/455 531/531/531
f 531/531/531 455/455/455 476/476/476
f 531/531/531 476/476/476 475/475/475
f 447/447/447 535/535/535 533/533/533
f 471/471/471 533/533/533 408/408/408
f 471/471/471 447/447/447 533/533/533
f 530/530/530 529/529/529 482/482/482
f 403/403/403 471/471/471 529/529/529
f 529/529/529 471/471/471 482/482/482
f 451/451/451 448/448/448 541/541/541
f 541/541/541 448/448/448 443/443/443
f 541/541/541 443/443/443 441/441/441
f 451/451/451 541/541/541 441/441/441
f 412/412/412 453/453/453 542/542/542
f 542/542/542 453/453/453 455/455/455
f 542/542/542 455/455/455 480/480/480
f 412/412/412 542/542/542 480/480/480
f 481/481/481 530/530/530 482/482/482
f 482/482/482 471/471/471 543/543/543
f 543/543/543 471/471/471 408/408/408
f 483/483/483 543/543/543 408/408/408
f 483/483/483 482/482/482 543/543/543
f 544/544/544 477/477/477 535/535/535
f 447/447/447 544/544/544 535/535/535
f 447/447/447 478/478/478 544/544/544
f 544/544/544 478/478/478 477/477/477
f 535/535/535 477/477/477 479/479/479
f 423/423/423 477/477/477 425/425/425
f 409/409/409 479/479/479 423/423/423
f 423/423/423 479/479/479 477/477/477
f 419/419/419 430/430/430 420/420/420
f 452/452/452 462/462/462 454/454/454
f 505/505/505 504/504/504 545/545/545
f 508/508/508 505/505/505 545/545/545
f 519/519/519 431/431/431 433/433/433
f 519/519/519 433/433/433 476/476/476
f 455/455/455 519/519/519 476/476/476
f 491/491/491 513/513/513 496/496/496
f 491/491/491 456/456/456 513/513/513
f 418/418/418 513/513/513 456/456/456
f 500/500/500 546/546/546 456/456/456
f 500/500/500 416/416/416 546/546/546
f 416/416/416 418/418/418 546/546/546
f 546/546/546 418/418/418 456/456/456
f 508/508/508 421/421/421 514/514/514
f 487/487/487 416/416/416 500/500/500
f 517/517/517 483/483/483 408/408/408
f 510/510/510 480/480/480 481/481/481
f 510/510/510 481/481/481 483/483/483
g ShopC404
s 1
f 547/547/547 548/548/548 549/549/549
f 550/550/550 551/551/551 552/552/552
f 553/553/553 554/554/554 555/555/555
f 555/555/555 556/556/556 553/553/553
f 557/557/557 558/558/558 559/559/559
f 559/559/559 560/560/560 557/557/557
f 561/561/561 562/562/562 563/563/563
f 564/564/564 565/565/565 566/566/566
f 566/566/566 567/567/567 564/564/564
f 568/568/568 569/569/569 570/570/570
f 571/571/571 572/572/572 573/573/573
f 574/574/574 575/575/575 576/576/576
f 576/576/576 577/577/577 574/574/574
f 578/578/578 579/579/579 580/580/580
f 581/581/581 582/582/582 583/583/583
f 583/583/583 584/584/584 581/581/581
f 585/585/585 586/586/586 587/587/587
f 587/587/587 588/588/588 585/585/585
f 589/589/589 590/590/590 591/591/591
f 591/591/591 592/592/592 589/589/589
f 593/593/593 594/594/594 595/595/595
f 595/595/595 596/596/596 593/593/593
f 597/597/597 598/598/598 599/599/599
f 599/599/599 600/600/600 597/597/597
f 601/601/601 602/602/602 603/603/603
f 603/603/603 604/604/604 601/601/601
f 605/605/605 606/606/606 607/607/607
f 607/607/607 608/608/608 605/605/605
f 609/609/609 610/610/610 611/611/611
f 611/611/611 612/612/612 609/609/609
f 613/613/613 614/614/614 615/615/615
f 615/615/615 616/616/616 613/613/613
f 617/617/617 618/618/618 619/619/619
f 620/620/620 618/618/618 617/617/617
f 621/621/621 622/622/622 623/623/623
f 623/623/623 624/624/624 621/621/621
f 625/625/625 626/626/626 627/627/627
f 627/627/627 628/628/628 625/625/625
f 629/629/629 630/630/630 631/631/631
f 631/631/631 632/632/632 629/629/629
f 633/633/633 634/634/634 635/635/635
f 635/635/635 636/636/636 633/633/633
f 637/637/637 638/638/638 639/639/639
f 639/639/639 640/640/640 637/637/637
f 641/641/641 642/642/642 643/643/643
f 643/643/643 644/644/644 641/641/641
f 645/645/645 646/646/646 647/647/647
f 648/648/648 647/647/647 646/646/646
f 620/620/620 649/649/649 618/618/618
f 650/650/650 651/651/651 652/652/652
f 653/653/653 654/654/654 655/655/655
f 656/656/656 655/655/655 654/654/654
f 657/657/657 658/658/658 659/659/659
f 660/660/660 659/659/659 658/658/658
f 650/650/650 661/661/661 651/651/651
f 662/662/662 663/663/663 664/664/664
f 665/665/665 666/666/666 667/667/667
f 668/668/668 669/669/669 670/670/670
f 667/667/667 671/671/671 672/672/672
f 667/667/667 672/672/672 673/673/673
f 665/665/665 667/667/667 673/673/673
f 674/674/674 675/675/675 676/676/676
f 677/677/677 678/678/678 665/665/665
f 679/679/679 665/665/665 673/673/673
f 676/676/676 680/680/680 677/677/677
f 679/679/679 677/677/677 665/665/665
f 679/679/679 676/676/676 677/677/677
f 617/617/617 619/619/619 681/681/681
f 674/674/674 676/676/676 679/679/679
f 682/682/682 683/683/683 684/684/684
f 684/684/684 685/685/685 674/674/674
f 684/684/684 674/674/674 679/679/679
f 670/670/670 686/686/686 682/682/682
f 687/687/687 684/684/684 679/679/679
f 688/688/688 689/689/689 690/690/690
f 682/682/682 684/684/684 687/687/687
f 662/662/662 691/691/691 692/692/692
f 670/670/670 682/682/682 687/687/687
f 690/690/690 693/693/693 668/668/668
f 668/668/668 670/670/670 687/687/687
f 690/690/690 668/668/668 687/687/687
f 694/694/694 695/695/695 696/696/696
f 694/694/694 697/697/697 698/698/698
f 690/690/690 687/687/687 699/699/699
f 662/662/662 700/700/700 691/691/691
f 701/701/701 702/702/702 688/688/688
f 690/690/690 699/699/699 688/688/688
f 698/698/698 703/703/703 701/701/701
f 688/688/688 699/699/699 701/701/701
f 698/698/698 701/701/701 695/695/695
f 704/704/704 694/694/694 696/696/696
f 701/701/701 699/699/699 695/695/695
f 662/662/662 664/664/664 700/700/700
f 698/698/698 695/695/695 694/694/694
f 563/563/563 705/705/705 561/561/561
f 580/580/580 706/706/706 578/578/578
f 570/570/570 707/707/707 568/568/568
f 573/573/573 708/708/708 571/571/571
f 561/561/561 709/709/709 710/710/710
f 562/562/562 561/561/561 710/710/710
f 577/577/577 576/576/576 711/711/711
f 712/712/712 713/713/713 714/714/714
f 714/714/714 715/715/715 712/712/712
f 716/716/716 717/717/717 718/718/718
f 718/718/718 719/719/719 716/716/716
f 720/720/720 721/721/721 722/722/722
f 723/723/723 724/724/724 725/725/725
f 726/726/726 727/727/727 725/725/725
f 725/725/725 727/727/727 723/723/723
f 728/728/728 729/729/729 662/662/662
f 728/728/728 730/730/730 729/729/729
f 726/726/726 731/731/731 727/727/727
f 726/726/726 732/732/732 731/731/731
f 722/722/722 733/733/733 720/720/720
f 618/618/618 649/649/649 619/619/619
f 734/734/734 735/735/735 736/736/736
f 737/737/737 735/735/735 734/734/734
f 734/734/734 738/738/738 737/737/737
f 736/736/736 738/738/738 734/734/734
f 739/739/739 740/740/740 741/741/741
f 739/739/739 741/741/741 742/742/742
f 743/743/743 744/744/744 745/745/745
f 746/746/746 747/747/747 748/748/748
f 748/748/748 747/747/747 749/749/749
f 748/748/748 749/749/749 750/750/750
f 743/743/743 745/745/745 751/751/751
f 746/746/746 748/748/748 750/750/750
f 739/739/739 752/752/752 753/753/753
f 739/739/739 753/753/753 754/754/754
f 755/755/755 756/756/756 757/757/757
f 755/755/755 757/757/757 752/752/752
f 758/758/758 759/759/759 760/760/760
f 761/761/761 762/762/762 763/763/763
f 764/764/764 761/761/761 763/763/763
f 765/765/765 766/766/766 767/767/767
f 768/768/768 767/767/767 766/766/766
f 769/769/769 770/770/770 771/771/771
f 769/769/769 772/772/772 770/770/770
f 770/770/770 772/772/772 773/773/773
f 762/762/762 761/761/761 774/774/774
f 759/759/759 758/758/758 775/775/775
f 761/761/761 764/764/764 774/774/774
f 776/776/776 777/777/777 778/778/778
f 776/776/776 778/778/778 779/779/779
f 779/779/779 778/778/778 780/780/780
f 778/778/778 777/777/777 780/780/780
f 758/758/758 781/781/781 775/775/775
f 782/782/782 783/783/783 752/752/752
f 784/784/784 783/783/783 782/782/782
f 782/782/782 742/742/742 784/784/784
f 752/752/752 742/742/742 782/782/782
f 785/785/785 786/786/786 787/787/787
f 749/749/749 788/788/788 750/750/750
f 789/789/789 788/788/788 749/749/749
f 728/728/728 790/790/790 730/730/730
f 791/791/791 792/792/792 793/793/793
f 794/794/794 792/792/792 791/791/791
f 795/795/795 796/796/796 797/797/797
f 795/795/795 798/798/798 796/796/796
f 799/799/799 800/800/800 801/801/801
f 798/798/798 795/795/795 802/802/802
f 795/795/795 803/803/803 802/802/802
f 803/803/803 795/795/795 797/797/797
f 799/799/799 804/804/804 805/805/805
f 801/801/801 804/804/804 799/799/799
f 805/805/805 806/806/806 799/799/799
f 799/799/799 806/806/806 800/800/800
f 807/807/807 808/808/808 809/809/809
f 810/810/810 807/807/807 809/809/809
f 807/807/807 810/810/810 811/811/811
f 808/808/808 807/807/807 811/811/811
f 812/812/812 810/810/810 813/813/813
f 814/814/814 815/815/815 816/816/816
f 816/816/816 817/817/817 814/814/814
f 818/818/818 817/817/817 816/816/816
f 819/819/819 812/812/812 813/813/813
f 811/811/811 812/812/812 819/819/819
f 811/811/811 810/810/810 812/812/812
f 820/820/820 821/821/821 822/822/822
f 813/813/813 810/810/810 823/823/823
f 824/824/824 813/813/813 823/823/823
f 819/819/819 813/813/813 824/824/824
f 791/791/791 804/804/804 794/794/794
f 754/754/754 740/740/740 739/739/739
f 825/825/825 826/826/826 827/827/827
f 828/828/828 829/829/829 830/830/830
f 830/830/830 831/831/831 828/828/828
f 832/832/832 831/831/831 830/830/830
f 833/833/833 834/834/834 835/835/835
f 836/836/836 835/835/835 837/837/837
f 835/835/835 834/834/834 837/837/837
f 838/838/838 839/839/839 840/840/840
f 841/841/841 839/839/839 838/838/838
f 838/838/838 842/842/842 841/841/841
f 840/840/840 842/842/842 838/838/838
f 843/843/843 844/844/844 845/845/845
f 846/846/846 844/844/844 843/843/843
f 843/843/843 847/847/847 846/846/846
f 845/845/845 847/847/847 843/843/843
f 827/827/827 848/848/848 825/825/825
f 848/848/848 827/827/827 849/849/849
f 850/850/850 851/851/851 852/852/852
f 853/853/853 854/854/854 855/855/855
f 856/856/856 857/857/857 858/858/858
f 859/859/859 860/860/860 861/861/861
f 862/862/862 863/863/863 805/805/805
f 786/786/786 864/864/864 865/865/865
f 850/850/850 852/852/852 866/866/866
f 866/866/866 852/852/852 867/867/867
f 852/852/852 851/851/851 867/867/867
f 849/849/849 868/868/868 848/848/848
f 868/868/868 849/849/849 869/869/869
f 870/870/870 871/871/871 872/872/872
f 873/873/873 874/874/874 875/875/875
f 876/876/876 877/877/877 878/878/878
f 870/870/870 872/872/872 879/879/879
f 869/869/869 880/880/880 868/868/868
f 880/880/880 869/869/869 881/881/881
f 882/882/882 883/883/883 884/884/884
f 881/881/881 885/885/885 880/880/880
f 883/883/883 886/886/886 884/884/884
f 856/856/856 887/887/887 857/857/857
f 888/888/888 887/887/887 856/856/856
f 857/857/857 889/889/889 858/858/858
f 889/889/889 890/890/890 858/858/858
f 885/885/885 881/881/881 891/891/891
f 892/892/892 893/893/893 894/894/894
f 886/886/886 883/883/883 893/893/893
f 883/883/883 882/882/882 893/893/893
f 891/891/891 895/895/895 885/885/885
f 896/896/896 897/897/897 898/898/898
f 897/897/897 858/858/858 898/898/898
f 899/899/899 858/858/858 897/897/897
f 900/900/900 901/901/901 902/902/902
f 902/902/902 903/903/903 900/900/900
f 901/901/901 904/904/904 905/905/905
f 905/905/905 902/902/902 901/901/901
f 906/906/906 907/907/907 908/908/908
f 907/907/907 909/909/909 908/908/908
f 909/909/909 907/907/907 910/910/910
f 911/911/911 912/912/912 913/913/913
f 914/914/914 915/915/915 916/916/916
f 917/917/917 918/918/918 919/919/919
f 920/920/920 921/921/921 922/922/922
f 907/907/907 906/906/906 910/910/910
f 923/923/923 924/924/924 925/925/925
f 924/924/924 926/926/926 925/925/925
f 926/926/926 924/924/924 927/927/927
f 904/904/904 928/928/928 929/929/929
f 924/924/924 923/923/923 927/927/927
f 930/930/930 931/931/931 932/932/932
f 933/933/933 931/931/931 930/930/930
f 930/930/930 934/934/934 933/933/933
f 935/935/935 789/789/789 936/936/936
f 789/789/789 935/935/935 788/788/788
f 929/929/929 905/905/905 904/904/904
f 936/936/936 789/789/789 937/937/937
f 932/932/932 934/934/934 930/930/930
f 932/932/932 938/938/938 939/939/939
f 940/940/940 941/941/941 899/899/899
f 941/941/941 942/942/942 899/899/899
f 943/943/943 942/942/942 941/941/941
f 943/943/943 941/941/941 940/940/940
f 928/928/928 944/944/944 945/945/945
f 945/945/945 929/929/929 928/928/928
f 946/946/946 947/947/947 948/948/948
f 946/946/946 948/948/948 789/789/789
f 948/948/948 949/949/949 789/789/789
f 950/950/950 789/789/789 949/949/949
f 944/944/944 951/951/951 952/952/952
f 952/952/952 945/945/945 944/944/944
f 953/953/953 954/954/954 955/955/955
f 955/955/955 956/956/956 953/953/953
f 954/954/954 957/957/957 958/958/958
f 958/958/958 955/955/955 954/954/954
f 957/957/957 959/959/959 960/960/960
f 960/960/960 958/958/958 957/957/957
f 959/959/959 961/961/961 962/962/962
f 962/962/962 960/960/960 959/959/959
f 780/780/780 963/963/963 964/964/964
f 964/964/964 963/963/963 965/965/965
f 779/779/779 965/965/965 966/966/966
f 961/961/961 967/967/967 968/968/968
f 777/777/777 963/963/963 780/780/780
f 968/968/968 962/962/962 961/961/961
f 969/969/969 970/970/970 971/971/971
f 853/853/853 972/972/972 973/973/973
f 971/971/971 974/974/974 969/969/969
f 855/855/855 969/969/969 972/972/972
f 972/972/972 853/853/853 855/855/855
f 853/853/853 975/975/975 976/976/976
f 853/853/853 976/976/976 854/854/854
f 888/888/888 977/977/977 887/887/887
f 857/857/857 887/887/887 978/978/978
f 979/979/979 980/980/980 981/981/981
f 982/982/982 983/983/983 984/984/984
f 979/979/979 985/985/985 980/980/980
f 982/982/982 984/984/984 986/986/986
f 987/987/987 988/988/988 989/989/989
f 990/990/990 988/988/988 987/987/987
f 991/991/991 992/992/992 993/993/993
f 993/993/993 994/994/994 991/991/991
f 992/992/992 995/995/995 996/996/996
f 997/997/997 998/998/998 999/999/999
f 1000/1000/1000 1001/1001/1001 1002/1002/1002
f 1003/1003/1003 1004/1004/1004 1005/1005/1005
f 1006/1006/1006 1007/1007/1007 1008/1008/1008
f 997/997/997 999/999/999 1009/1009/1009
f 1010/1010/1010 850/850/850 1011/1011/1011
f 1000/1000/1000 1002/1002/1002 1012/1012/1012
f 1013/1013/1013 833/833/833 1014/1014/1014
f 830/830/830 829/829/829 1015/1015/1015
f 817/817/817 818/818/818 1016/1016/1016
f 1016/1016/1016 1017/1017/1017 817/817/817
f 1018/1018/1018 1019/1019/1019 1020/1020/1020
f 1020/1020/1020 1021/1021/1021 1018/1018/1018
f 829/829/829 828/828/828 1022/1022/1022
f 996/996/996 993/993/993 992/992/992
f 995/995/995 1023/1023/1023 1024/1024/1024
f 1024/1024/1024 996/996/996 995/995/995
f 1023/1023/1023 1025/1025/1025 1026/1026/1026
f 1026/1026/1026 1024/1024/1024 1023/1023/1023
f 1025/1025/1025 1027/1027/1027 1028/1028/1028
f 1028/1028/1028 1026/1026/1026 1025/1025/1025
f 1022/1022/1022 1029/1029/1029 829/829/829
f 989/989/989 1030/1030/1030 987/987/987
f 1031/1031/1031 1032/1032/1032 946/946/946
f 1032/1032/1032 1031/1031/1031 1033/1033/1033
f 1031/1031/1031 1034/1034/1034 1033/1033/1033
f 1035/1035/1035 1036/1036/1036 1037/1037/1037
f 834/834/834 833/833/833 1013/1013/1013
f 851/851/851 850/850/850 1010/1010/1010
f 982/982/982 1038/1038/1038 983/983/983
f 1038/1038/1038 1007/1007/1007 1006/1006/1006
f 1039/1039/1039 1040/1040/1040 1041/1041/1041
f 1035/1035/1035 1042/1042/1042 1036/1036/1036
f 1043/1043/1043 1044/1044/1044 1045/1045/1045
f 1045/1045/1045 969/969/969 1043/1043/1043
f 970/970/970 969/969/969 1045/1045/1045
f 1046/1046/1046 1047/1047/1047 744/744/744
f 1048/1048/1048 1049/1049/1049 1050/1050/1050
f 1051/1051/1051 1052/1052/1052 1053/1053/1053
f 1054/1054/1054 1055/1055/1055 1056/1056/1056
f 1057/1057/1057 1058/1058/1058 1059/1059/1059
f 1060/1060/1060 1061/1061/1061 1062/1062/1062
f 1062/1062/1062 1063/1063/1063 969/969/969
f 751/751/751 1064/1064/1064 743/743/743
f 776/776/776 779/779/779 966/966/966
f 1065/1065/1065 1066/1066/1066 1067/1067/1067
f 1068/1068/1068 1065/1065/1065 1067/1067/1067
f 756/756/756 755/755/755 1069/1069/1069
f 1070/1070/1070 777/777/777 776/776/776
f 1071/1071/1071 1072/1072/1072 1073/1073/1073
f 746/746/746 750/750/750 1074/1074/1074
f 750/750/750 1075/1075/1075 1076/1076/1076
f 1077/1077/1077 1078/1078/1078 1079/1079/1079
f 1080/1080/1080 1081/1081/1081 1082/1082/1082
f 1083/1083/1083 1084/1084/1084 946/946/946
f 1082/1082/1082 1085/1085/1085 1080/1080/1080
f 1077/1077/1077 774/774/774 1078/1078/1078
f 723/723/723 1086/1086/1086 724/724/724
f 1085/1085/1085 1082/1082/1082 1087/1087/1087
f 1087/1087/1087 1088/1088/1088 1085/1085/1085
f 1088/1088/1088 1087/1087/1087 1089/1089/1089
f 661/661/661 650/650/650 1090/1090/1090
f 661/661/661 1090/1090/1090 1091/1091/1091
f 1089/1089/1089 1092/1092/1092 1088/1088/1088
f 1092/1092/1092 1089/1089/1089 826/826/826
f 826/826/826 825/825/825 1092/1092/1092
f 1093/1093/1093 1094/1094/1094 1095/1095/1095
f 787/787/787 1096/1096/1096 1097/1097/1097
f 787/787/787 1097/1097/1097 785/785/785
f 1095/1095/1095 1098/1098/1098 1093/1093/1093
f 1030/1030/1030 989/989/989 878/878/878
f 1094/1094/1094 1099/1099/1099 1100/1100/1100
f 1101/1101/1101 1102/1102/1102 873/873/873
f 1100/1100/1100 1095/1095/1095 1094/1094/1094
f 1099/1099/1099 1103/1103/1103 1104/1104/1104
f 1104/1104/1104 1100/1100/1100 1099/1099/1099
f 1105/1105/1105 1037/1037/1037 919/919/919
f 652/652/652 1106/1106/1106 650/650/650
f 1103/1103/1103 900/900/900 903/903/903
f 903/903/903 1104/1104/1104 1103/1103/1103
f 1107/1107/1107 1108/1108/1108 1109/1109/1109
f 1109/1109/1109 1110/1110/1110 1107/1107/1107
f 1108/1108/1108 1111/1111/1111 1112/1112/1112
f 865/865/865 1113/1113/1113 1114/1114/1114
f 1114/1114/1114 1115/1115/1115 865/865/865
f 863/863/863 1116/1116/1116 805/805/805
f 1117/1117/1117 1118/1118/1118 1119/1119/1119
f 1119/1119/1119 864/864/864 1117/1117/1117
f 552/552/552 1120/1120/1120 550/550/550
f 549/549/549 1121/1121/1121 547/547/547
f 1112/1112/1112 1109/1109/1109 1108/1108/1108
f 771/771/771 770/770/770 773/773/773
f 1037/1037/1037 1122/1122/1122 1035/1035/1035
f 1123/1123/1123 953/953/953 956/956/956
f 861/861/861 860/860/860 1117/1117/1117
f 860/860/860 859/859/859 1124/1124/1124
f 1125/1125/1125 1126/1126/1126 1127/1127/1127
f 1126/1126/1126 1125/1125/1125 1128/1128/1128
f 1129/1129/1129 1130/1130/1130 1131/1131/1131
f 1130/1130/1130 1129/1129/1129 1127/1127/1127
f 860/860/860 1132/1132/1132 1133/1133/1133
f 1134/1134/1134 1135/1135/1135 1136/1136/1136
f 956/956/956 1137/1137/1137 1123/1123/1123
f 1027/1027/1027 1138/1138/1138 1139/1139/1139
f 802/802/802 1140/1140/1140 798/798/798
f 1140/1140/1140 802/802/802 1141/1141/1141
f 1139/1139/1139 1028/1028/1028 1027/1027/1027
f 1142/1142/1142 797/797/797 1143/1143/1143
f 797/797/797 1142/1142/1142 803/803/803
f 1144/1144/1144 1067/1067/1067 1066/1066/1066
f 1067/1067/1067 1144/1144/1144 915/915/915
f 1138/1138/1138 1145/1145/1145 1146/1146/1146
f 1146/1146/1146 1139/1139/1139 1138/1138/1138
f 1147/1147/1147 911/911/911 913/913/913
f 911/911/911 1147/1147/1147 1148/1148/1148
f 1147/1147/1147 913/913/913 1149/1149/1149
f 1149/1149/1149 1150/1150/1150 1147/1147/1147
f 1151/1151/1151 1152/1152/1152 1153/1153/1153
f 1153/1153/1153 1154/1154/1154 1151/1151/1151
f 1154/1154/1154 1153/1153/1153 1155/1155/1155
f 1155/1155/1155 1156/1156/1156 1154/1154/1154
f 1157/1157/1157 1158/1158/1158 1159/1159/1159
f 1158/1158/1158 1157/1157/1157 1160/1160/1160
f 1161/1161/1161 884/884/884 1162/1162/1162
f 884/884/884 1161/1161/1161 1163/1163/1163
f 1164/1164/1164 893/893/893 892/892/892
f 893/893/893 1164/1164/1164 1165/1165/1165
f 1166/1166/1166 1167/1167/1167 1168/1168/1168
f 1167/1167/1167 1166/1166/1166 1169/1169/1169
f 1145/1145/1145 1170/1170/1170 1171/1171/1171
f 1171/1171/1171 1146/1146/1146 1145/1145/1145
f 1172/1172/1172 1173/1173/1173 1167/1167/1167
f 1173/1173/1173 1172/1172/1172 1158/1158/1158
f 1174/1174/1174 876/876/876 1175/1175/1175
f 1175/1175/1175 1176/1176/1176 1174/1174/1174
f 877/877/877 1177/1177/1177 878/878/878
f 878/878/878 1175/1175/1175 876/876/876
f 874/874/874 1178/1178/1178 875/875/875
f 875/875/875 1179/1179/1179 873/873/873
f 1178/1178/1178 1180/1180/1180 1181/1181/1181
f 1181/1181/1181 875/875/875 1178/1178/1178
f 737/737/737 1182/1182/1182 1183/1183/1183
f 1183/1183/1183 735/735/735 737/737/737
f 1182/1182/1182 1184/1184/1184 1185/1185/1185
f 1185/1185/1185 1183/1183/1183 1182/1182/1182
f 1186/1186/1186 1187/1187/1187 926/926/926
f 1187/1187/1187 1186/1186/1186 1188/1188/1188
f 1189/1189/1189 908/908/908 1190/1190/1190
f 908/908/908 1189/1189/1189 1191/1191/1191
f 1192/1192/1192 910/910/910 1193/1193/1193
f 910/910/910 1192/1192/1192 1194/1194/1194
f 927/927/927 1195/1195/1195 1196/1196/1196
f 1195/1195/1195 927/927/927 1197/1197/1197
f 1170/1170/1170 1198/1198/1198 1199/1199/1199
f 1200/1200/1200 1201/1201/1201 1202/1202/1202
f 1193/1193/1193 1203/1203/1203 1189/1189/1189
f 1203/1203/1203 1193/1193/1193 1204/1204/1204
f 915/915/915 914/914/914 1205/1205/1205
f 915/915/915 1205/1205/1205 1067/1067/1067
f 1206/1206/1206 1207/1207/1207 1195/1195/1195
f 1207/1207/1207 1206/1206/1206 1187/1187/1187
f 1208/1208/1208 1209/1209/1209 1210/1210/1210
f 1210/1210/1210 1211/1211/1211 1208/1208/1208
f 1212/1212/1212 1213/1213/1213 931/931/931
f 931/931/931 1214/1214/1214 1212/1212/1212
f 938/938/938 1215/1215/1215 939/939/939
f 938/938/938 932/932/932 1216/1216/1216
f 1217/1217/1217 1218/1218/1218 1219/1219/1219
f 1219/1219/1219 1220/1220/1220 1217/1217/1217
f 1221/1221/1221 1222/1222/1222 1223/1223/1223
f 1199/1199/1199 1171/1171/1171 1170/1170/1170
f 1220/1220/1220 1224/1224/1224 1225/1225/1225
f 1225/1225/1225 1210/1210/1210 1220/1220/1220
f 1226/1226/1226 1227/1227/1227 1228/1228/1228
f 1227/1227/1227 1226/1226/1226 1229/1229/1229
f 1228/1228/1228 1227/1227/1227 917/917/917
f 918/918/918 917/917/917 1227/1227/1227
f 1106/1106/1106 652/652/652 920/920/920
f 921/921/921 920/920/920 652/652/652
f 922/922/922 1230/1230/1230 1231/1231/1231
f 1230/1230/1230 922/922/922 921/921/921
f 649/649/649 1232/1232/1232 1233/1233/1233
f 1232/1232/1232 649/649/649 620/620/620
f 1233/1233/1233 1234/1234/1234 1230/1230/1230
f 1234/1234/1234 1233/1233/1233 1232/1232/1232
f 788/788/788 1075/1075/1075 750/750/750
f 1235/1235/1235 1236/1236/1236 1081/1081/1081
f 937/937/937 789/789/789 950/950/950
f 1237/1237/1237 1034/1034/1034 746/746/746
f 1081/1081/1081 1080/1080/1080 1235/1235/1235
f 1238/1238/1238 1239/1239/1239 1093/1093/1093
f 1093/1093/1093 1098/1098/1098 1238/1238/1238
f 1240/1240/1240 1241/1241/1241 1107/1107/1107
f 1242/1242/1242 1243/1243/1243 1034/1034/1034
f 1107/1107/1107 1110/1110/1110 1240/1240/1240
f 1244/1244/1244 1245/1245/1245 1246/1246/1246
f 1246/1246/1246 1247/1247/1247 1244/1244/1244
f 1247/1247/1247 1246/1246/1246 1248/1248/1248
f 1248/1248/1248 1249/1249/1249 1247/1247/1247
f 1250/1250/1250 1071/1071/1071 1073/1073/1073
f 1073/1073/1073 1251/1251/1251 1250/1250/1250
f 1251/1251/1251 1073/1073/1073 1252/1252/1252
f 1252/1252/1252 1253/1253/1253 1251/1251/1251
f 1254/1254/1254 1255/1255/1255 1256/1256/1256
f 1255/1255/1255 1254/1254/1254 871/871/871
f 871/871/871 870/870/870 1255/1255/1255
f 1257/1257/1257 835/835/835 836/836/836
f 774/774/774 1077/1077/1077 762/762/762
f 833/833/833 835/835/835 1257/1257/1257
f 1258/1258/1258 1259/1259/1259 1199/1199/1199
f 824/824/824 1260/1260/1260 819/819/819
f 823/823/823 1260/1260/1260 824/824/824
f 1261/1261/1261 1049/1049/1049 1048/1048/1048
f 1049/1049/1049 1261/1261/1261 1262/1262/1262
f 1263/1263/1263 1262/1262/1262 1261/1261/1261
f 1262/1262/1262 1263/1263/1263 1264/1264/1264
f 1265/1265/1265 775/775/775 1266/1266/1266
f 775/775/775 1265/1265/1265 759/759/759
f 1199/1199/1199 1198/1198/1198 1258/1258/1258
f 1267/1267/1267 1268/1268/1268 1236/1236/1236
f 1051/1051/1051 1053/1053/1053 1269/1269/1269
f 1052/1052/1052 1051/1051/1051 1270/1270/1270
f 1270/1270/1270 1271/1271/1271 1052/1052/1052
f 1271/1271/1271 1270/1270/1270 1272/1272/1272
f 1058/1058/1058 1273/1273/1273 1059/1059/1059
f 1236/1236/1236 1235/1235/1235 1267/1267/1267
f 965/965/965 963/963/963 966/966/966
f 777/777/777 1070/1070/1070 1274/1274/1274
f 1275/1275/1275 1276/1276/1276 1239/1239/1239
f 1239/1239/1239 1238/1238/1238 1275/1275/1275
f 1277/1277/1277 1278/1278/1278 1241/1241/1241
f 1034/1034/1034 1237/1237/1237 1279/1279/1279
f 1034/1034/1034 1279/1279/1279 1242/1242/1242
f 1241/1241/1241 1240/1240/1240 1277/1277/1277
f 1280/1280/1280 788/788/788 1281/1281/1281
f 890/890/890 898/898/898 858/858/858
f 942/942/942 858/858/858 899/899/899
f 942/942/942 1282/1282/1282 1283/1283/1283
f 1075/1075/1075 788/788/788 1280/1280/1280
f 1284/1284/1284 1285/1285/1285 1259/1259/1259
f 1259/1259/1259 1258/1258/1258 1284/1284/1284
f 1061/1061/1061 1063/1063/1063 1062/1062/1062
f 1286/1286/1286 1287/1287/1287 1288/1288/1288
f 1288/1288/1288 1289/1289/1289 1286/1286/1286
f 1289/1289/1289 1288/1288/1288 1290/1290/1290
f 1290/1290/1290 1291/1291/1291 1289/1289/1289
f 1292/1292/1292 1039/1039/1039 1041/1041/1041
f 1041/1041/1041 1293/1293/1293 1292/1292/1292
f 1293/1293/1293 1041/1041/1041 1294/1294/1294
f 1294/1294/1294 1295/1295/1295 1293/1293/1293
f 1282/1282/1282 942/942/942 943/943/943
f 742/742/742 752/752/752 739/739/739
f 1296/1296/1296 822/822/822 821/821/821
f 1297/1297/1297 820/820/820 1298/1298/1298
f 822/822/822 1298/1298/1298 820/820/820
f 793/793/793 804/804/804 791/791/791
f 1091/1091/1091 1299/1299/1299 1300/1300/1300
f 1091/1091/1091 1300/1300/1300 661/661/661
f 1301/1301/1301 1302/1302/1302 1303/1303/1303
f 1304/1304/1304 1305/1305/1305 1306/1306/1306
f 1307/1307/1307 1303/1303/1303 1302/1302/1302
f 1305/1305/1305 1066/1066/1066 1306/1306/1306
f 1066/1066/1066 1305/1305/1305 1144/1144/1144
f 1305/1305/1305 1304/1304/1304 1144/1144/1144
f 1308/1308/1308 946/946/946 1084/1084/1084
f 662/662/662 692/692/692 728/728/728
f 1309/1309/1309 1310/1310/1310 1311/1311/1311
f 1045/1045/1045 1044/1044/1044 1312/1312/1312
f 1045/1045/1045 1312/1312/1312 970/970/970
f 878/878/878 1177/1177/1177 1313/1313/1313
f 1314/1314/1314 1310/1310/1310 1309/1309/1309
f 1243/1243/1243 1242/1242/1242 1315/1315/1315
f 1243/1243/1243 1315/1315/1315 1316/1316/1316
f 1317/1317/1317 1318/1318/1318 1319/1319/1319
f 1320/1320/1320 1321/1321/1321 1322/1322/1322
f 1322/1322/1322 1323/1323/1323 1320/1320/1320
f 1323/1323/1323 1322/1322/1322 1324/1324/1324
f 1324/1324/1324 1325/1325/1325 1323/1323/1323
f 816/816/816 815/815/815 1326/1326/1326
f 816/816/816 1326/1326/1326 818/818/818
f 1325/1325/1325 1324/1324/1324 1327/1327/1327
f 1327/1327/1327 1328/1328/1328 1325/1325/1325
f 1328/1328/1328 1327/1327/1327 1329/1329/1329
f 987/987/987 1030/1030/1030 1330/1330/1330
f 987/987/987 1330/1330/1330 990/990/990
f 1329/1329/1329 1331/1331/1331 1328/1328/1328
f 1332/1332/1332 1333/1333/1333 1334/1334/1334
f 1035/1035/1035 1335/1335/1335 1336/1336/1336
f 1334/1334/1334 1337/1337/1337 1332/1332/1332
f 1035/1035/1035 1336/1336/1336 1042/1042/1042
f 1333/1333/1333 1338/1338/1338 1339/1339/1339
f 1339/1339/1339 1334/1334/1334 1333/1333/1333
f 1338/1338/1338 1340/1340/1340 1341/1341/1341
f 1341/1341/1341 1339/1339/1339 1338/1338/1338
f 1340/1340/1340 1342/1342/1342 1343/1343/1343
f 1343/1343/1343 1341/1341/1341 1340/1340/1340
f 1344/1344/1344 1345/1345/1345 1346/1346/1346
f 1346/1346/1346 1347/1347/1347 1344/1344/1344
f 1345/1345/1345 1348/1348/1348 1349/1349/1349
f 1349/1349/1349 1346/1346/1346 1345/1345/1345
f 1348/1348/1348 1350/1350/1350 1351/1351/1351
f 811/811/811 1260/1260/1260 808/808/808
f 1351/1351/1351 1349/1349/1349 1348/1348/1348
f 1350/1350/1350 1352/1352/1352 1353/1353/1353
f 1353/1353/1353 1351/1351/1351 1350/1350/1350
f 819/819/819 1260/1260/1260 811/811/811
f 1354/1354/1354 1355/1355/1355 1356/1356/1356
f 1356/1356/1356 1357/1357/1357 1354/1354/1354
f 1355/1355/1355 1358/1358/1358 1359/1359/1359
f 1359/1359/1359 1356/1356/1356 1355/1355/1355
f 1358/1358/1358 1360/1360/1360 1361/1361/1361
f 1361/1361/1361 1359/1359/1359 1358/1358/1358
f 1360/1360/1360 1362/1362/1362 1363/1363/1363
f 1363/1363/1363 1361/1361/1361 1360/1360/1360
f 1364/1364/1364 1365/1365/1365 1366/1366/1366
f 1367/1367/1367 1319/1319/1319 1318/1318/1318
f 1309/1309/1309 1368/1368/1368 1369/1369/1369
f 1309/1309/1309 1369/1369/1369 1314/1314/1314
f 1370/1370/1370 1371/1371/1371 1364/1364/1364
f 1372/1372/1372 1371/1371/1371 1370/1370/1370
f 1370/1370/1370 1366/1366/1366 1372/1372/1372
f 1037/1037/1037 1373/1373/1373 1122/1122/1122
f 723/723/723 1374/1374/1374 1375/1375/1375
f 723/723/723 1375/1375/1375 1086/1086/1086
f 1037/1037/1037 1105/1105/1105 1373/1373/1373
f 1221/1221/1221 1376/1376/1376 1377/1377/1377
f 1221/1221/1221 1202/1202/1202 1376/1376/1376
f 1378/1378/1378 1202/1202/1202 1221/1221/1221
f 1379/1379/1379 681/681/681 1222/1222/1222
f 1377/1377/1377 681/681/681 1379/1379/1379
f 1377/1377/1377 1379/1379/1379 1221/1221/1221
f 1379/1379/1379 1222/1222/1222 1221/1221/1221
f 1223/1223/1223 1378/1378/1378 1221/1221/1221
f 1223/1223/1223 1200/1200/1200 1378/1378/1378
f 1378/1378/1378 1200/1200/1200 1202/1202/1202
f 1380/1380/1380 1381/1381/1381 1382/1382/1382
f 1383/1383/1383 1301/1301/1301 1384/1384/1384
f 1303/1303/1303 1384/1384/1384 1301/1301/1301
f 1382/1382/1382 1385/1385/1385 1380/1380/1380
f 1385/1385/1385 1382/1382/1382 1386/1386/1386
f 1386/1386/1386 1387/1387/1387 1385/1385/1385
f 1387/1387/1387 1386/1386/1386 1388/1388/1388
f 1388/1388/1388 1389/1389/1389 1387/1387/1387
f 1389/1389/1389 1388/1388/1388 1321/1321/1321
f 1321/1321/1321 1320/1320/1320 1389/1389/1389
f 1390/1390/1390 1391/1391/1391 1392/1392/1392
f 1392/1392/1392 1393/1393/1393 1390/1390/1390
f 1391/1391/1391 1394/1394/1394 1395/1395/1395
f 1395/1395/1395 1392/1392/1392 1391/1391/1391
f 1394/1394/1394 1396/1396/1396 1397/1397/1397
f 1397/1397/1397 1395/1395/1395 1394/1394/1394
f 1396/1396/1396 1332/1332/1332 1337/1337/1337
f 1337/1337/1337 1397/1397/1397 1396/1396/1396
f 1398/1398/1398 1399/1399/1399 1400/1400/1400
f 1400/1400/1400 1401/1401/1401 1398/1398/1398
f 1399/1399/1399 1402/1402/1402 1403/1403/1403
f 1403/1403/1403 1400/1400/1400 1399/1399/1399
f 1402/1402/1402 1404/1404/1404 1405/1405/1405
f 1405/1405/1405 1403/1403/1403 1402/1402/1402
f 1406/1406/1406 946/946/946 1308/1308/1308
f 947/947/947 946/946/946 1406/1406/1406
f 617/617/617 1407/1407/1407 620/620/620
f 919/919/919 918/918/918 1408/1408/1408
f 919/919/919 1408/1408/1408 1105/1105/1105
f 681/681/681 1377/1377/1377 1409/1409/1409
f 681/681/681 1409/1409/1409 617/617/617
f 617/617/617 1409/1409/1409 1407/1407/1407
f 1409/1409/1409 1377/1377/1377 1407/1407/1407
f 736/736/736 808/808/808 738/738/738
f 873/873/873 1179/1179/1179 1410/1410/1410
f 873/873/873 1410/1410/1410 1101/1101/1101
f 809/809/809 808/808/808 736/736/736
f 809/809/809 735/735/735 810/810/810
f 736/736/736 735/735/735 809/809/809
f 1404/1404/1404 1344/1344/1344 1347/1347/1347
f 1347/1347/1347 1405/1405/1405 1404/1404/1404
f 1362/1362/1362 1411/1411/1411 1412/1412/1412
f 1413/1413/1413 1414/1414/1414 1415/1415/1415
f 1416/1416/1416 1415/1415/1415 1414/1414/1414
f 1417/1417/1417 1413/1413/1413 1418/1418/1418
f 1415/1415/1415 1418/1418/1418 1413/1413/1413
f 1412/1412/1412 1363/1363/1363 1362/1362/1362
f 1411/1411/1411 1419/1419/1419 1420/1420/1420
f 1420/1420/1420 1412/1412/1412 1411/1411/1411
f 1419/1419/1419 1421/1421/1421 1422/1422/1422
f 1422/1422/1422 1420/1420/1420 1419/1419/1419
f 1421/1421/1421 1423/1423/1423 1424/1424/1424
f 830/830/830 1015/1015/1015 1425/1425/1425
f 830/830/830 1425/1425/1425 832/832/832
f 1426/1426/1426 790/790/790 728/728/728
f 1427/1427/1427 790/790/790 1426/1426/1426
f 1426/1426/1426 692/692/692 1427/1427/1427
f 728/728/728 692/692/692 1426/1426/1426
f 1424/1424/1424 1422/1422/1422 1421/1421/1421
f 1428/1428/1428 1429/1429/1429 1381/1381/1381
f 1381/1381/1381 1380/1380/1380 1428/1428/1428
f 1430/1430/1430 1431/1431/1431 1390/1390/1390
f 1390/1390/1390 1393/1393/1393 1430/1430/1430
f 1432/1432/1432 1433/1433/1433 1398/1398/1398
f 1398/1398/1398 1401/1401/1401 1432/1432/1432
f 1434/1434/1434 1435/1435/1435 1424/1424/1424
f 1424/1424/1424 1423/1423/1423 1434/1434/1434
f 1364/1364/1364 1366/1366/1366 1370/1370/1370
f 744/744/744 743/743/743 1436/1436/1436
f 744/744/744 1436/1436/1436 1437/1437/1437
f 1438/1438/1438 1317/1317/1317 1439/1439/1439
f 1319/1319/1319 1439/1439/1439 1317/1317/1317
f 1436/1436/1436 1440/1440/1440 1437/1437/1437
f 743/743/743 1440/1440/1440 1436/1436/1436
f 1311/1311/1311 1368/1368/1368 1309/1309/1309
f 1058/1058/1058 1057/1057/1057 1441/1441/1441
f 1058/1058/1058 1441/1441/1441 963/963/963
f 1034/1034/1034 1442/1442/1442 789/789/789
f 1443/1443/1443 1444/1444/1444 1429/1429/1429
f 1429/1429/1429 1428/1428/1428 1443/1443/1443
f 1445/1445/1445 1446/1446/1446 1431/1431/1431
f 1431/1431/1431 1430/1430/1430 1445/1445/1445
f 1447/1447/1447 1448/1448/1448 1433/1433/1433
f 1433/1433/1433 1432/1432/1432 1447/1447/1447
f 1449/1449/1449 1450/1450/1450 1435/1435/1435
f 1435/1435/1435 1434/1434/1434 1449/1449/1449
f 1451/1451/1451 1452/1452/1452 1331/1331/1331
f 1331/1331/1331 1329/1329/1329 1451/1451/1451
f 1453/1453/1453 1454/1454/1454 1343/1343/1343
f 1343/1343/1343 1342/1342/1342 1453/1453/1453
f 1455/1455/1455 1456/1456/1456 1353/1353/1353
f 1353/1353/1353 1352/1352/1352 1455/1455/1455
f 1457/1457/1457 1458/1458/1458 1354/1354/1354
f 1354/1354/1354 1357/1357/1357 1457/1457/1457
f 1459/1459/1459 1460/1460/1460 1461/1461/1461
f 725/725/725 1462/1462/1462 726/726/726
f 725/725/725 724/724/724 1462/1462/1462
f 1442/1442/1442 946/946/946 789/789/789
f 1441/1441/1441 966/966/966 963/963/963
f 1442/1442/1442 1031/1031/1031 946/946/946
f 1463/1463/1463 1464/1464/1464 1465/1465/1465
f 1465/1465/1465 1466/1466/1466 1463/1463/1463
f 1467/1467/1467 1459/1459/1459 1461/1461/1461
f 1461/1461/1461 1468/1468/1468 1467/1467/1467
f 1469/1469/1469 1470/1470/1470 1471/1471/1471
f 1471/1471/1471 1472/1472/1472 1469/1469/1469
f 1034/1034/1034 1031/1031/1031 1442/1442/1442
f 1473/1473/1473 855/855/855 1060/1060/1060
f 969/969/969 855/855/855 1473/1473/1473
f 1473/1473/1473 1062/1062/1062 969/969/969
f 1060/1060/1060 1062/1062/1062 1473/1473/1473
f 1474/1474/1474 771/771/771 1475/1475/1475
f 752/752/752 771/771/771 1474/1474/1474
f 1474/1474/1474 755/755/755 752/752/752
f 1475/1475/1475 755/755/755 1474/1474/1474
f 1476/1476/1476 1437/1437/1437 1477/1477/1477
f 744/744/744 1437/1437/1437 1476/1476/1476
f 1476/1476/1476 1046/1046/1046 744/744/744
f 1477/1477/1477 1046/1046/1046 1476/1476/1476
f 866/866/866 867/867/867 1478/1478/1478
f 1479/1479/1479 1038/1038/1038 982/982/982
f 1007/1007/1007 1038/1038/1038 1479/1479/1479
f 789/789/789 747/747/747 1034/1034/1034
f 747/747/747 746/746/746 1034/1034/1034
f 747/747/747 789/789/789 749/749/749
f 769/769/769 752/752/752 1480/1480/1480
f 771/771/771 752/752/752 769/769/769
f 1480/1480/1480 772/772/772 769/769/769
f 1481/1481/1481 1482/1482/1482 1483/1483/1483
f 1483/1483/1483 1484/1484/1484 1481/1481/1481
f 1483/1483/1483 1485/1485/1485 1486/1486/1486
f 1483/1483/1483 1482/1482/1482 1485/1485/1485
f 1486/1486/1486 1484/1484/1484 1483/1483/1483
f 1487/1487/1487 1488/1488/1488 1019/1019/1019
f 1489/1489/1489 1488/1488/1488 1487/1487/1487
f 1487/1487/1487 1018/1018/1018 1489/1489/1489
f 1019/1019/1019 1018/1018/1018 1487/1487/1487
f 1490/1490/1490 1101/1101/1101 1054/1054/1054
f 1057/1057/1057 966/966/966 1441/1441/1441
f 1102/1102/1102 1101/1101/1101 1490/1490/1490
f 878/878/878 1313/1313/1313 1030/1030/1030
f 1490/1490/1490 1056/1056/1056 1102/1102/1102
f 1054/1054/1054 1056/1056/1056 1490/1490/1490
f 1003/1003/1003 1491/1491/1491 1004/1004/1004
f 865/865/865 1096/1096/1096 787/787/787
f 1491/1491/1491 1492/1492/1492 1004/1004/1004
f 787/787/787 786/786/786 865/865/865
f 781/781/781 758/758/758 760/760/760
f 1137/1137/1137 1112/1112/1112 1111/1111/1111
f 1111/1111/1111 1123/1123/1123 1137/1137/1137
g ShopC405
s 1
f 1493/1493/1493 1494/1494/1494 1495/1495/1495
f 1493/1493/1493 1495/1495/1495 1496/1496/1496
f 1497/1497/1497 1495/1495/1495 1494/1494/1494
f 1498/1498/1498 1499/1499/1499 1500/1500/1500
f 1501/1501/1501 1502/1502/1502 1500/1500/1500
f 1503/1503/1503 1504/1504/1504 1505/1505/1505
f 1506/1506/1506 1504/1504/1504 1503/1503/1503
f 1507/1507/1507 1504/1504/1504 1508/1508/1508
f 1509/1509/1509 1504/1504/1504 1507/1507/1507
f 1510/1510/1510 1500/1500/1500 1499/1499/1499
f 1501/1501/1501 1500/1500/1500 1510/1510/1510
f 1511/1511/1511 1500/1500/1500 1502/1502/1502
f 1498/1498/1498 1500/1500/1500 1511/1511/1511
f 1512/1512/1512 1513/1513/1513 1514/1514/1514
f 1512/1512/1512 1514/1514/1514 1515/1515/1515
f 1494/1494/1494 1493/1493/1493 1516/1516/1516
f 1494/1494/1494 1516/1516/1516 1517/1517/1517
f 1518/1518/1518 1517/1517/1517 1516/1516/1516
f 1518/1518/1518 1516/1516/1516 1493/1493/1493
f 1494/1494/1494 1517/1517/1517 1519/1519/1519
f 1520/1520/1520 1521/1521/1521 1522/1522/1522
f 1523/1523/1523 1521/1521/1521 1520/1520/1520
f 1518/1518/1518 1524/1524/1524 1525/1525/1525
f 1518/1518/1518 1525/1525/1525 1517/1517/1517
f 1519/1519/1519 1517/1517/1517 1525/1525/1525
f 1519/1519/1519 1525/1525/1525 1524/1524/1524
f 1496/1496/1496 1526/1526/1526 1527/1527/1527
f 1526/1526/1526 1497/1497/1497 1527/1527/1527
f 1497/1497/1497 1526/1526/1526 1495/1495/1495
f 1526/1526/1526 1496/1496/1496 1495/1495/1495
f 1528/1528/1528 1527/1527/1527 1529/1529/1529
f 1496/1496/1496 1527/1527/1527 1528/1528/1528
f 1530/1530/1530 1531/1531/1531 1532/1532/1532
f 1531/1531/1531 1533/1533/1533 1532/1532/1532
f 1534/1534/1534 1535/1535/1535 1527/1527/1527
f 1535/1535/1535 1529/1529/1529 1527/1527/1527
f 1536/1536/1536 1527/1527/1527 1497/1497/1497
f 1534/1534/1534 1527/1527/1527 1536/1536/1536
f 1537/1537/1537 1538/1538/1538 1539/1539/1539
f 1538/1538/1538 1540/1540/1540 1539/1539/1539
f 1541/1541/1541 1542/1542/1542 1543/1543/1543
f 1502/1502/1502 1542/1542/1542 1541/1541/1541
f 1541/1541/1541 1543/1543/1543 1513/1513/1513
f 1502/1502/1502 1544/1544/1544 1512/1512/1512
f 1544/1544/1544 1513/1513/1513 1512/1512/1512
f 1544/1544/1544 1541/1541/1541 1513/1513/1513
f 1502/1502/1502 1541/1541/1541 1544/1544/1544
f 1545/1545/1545 1513/1513/1513 1543/1543/1543
f 1546/1546/1546 1513/1513/1513 1545/1545/1545
f 1546/1546/1546 1545/1545/1545 1542/1542/1542
f 1545/1545/1545 1543/1543/1543 1542/1542/1542
f 1547/1547/1547 1515/1515/1515 1514/1514/1514
f 1546/1546/1546 1515/1515/1515 1547/1547/1547
f 1546/1546/1546 1547/1547/1547 1513/1513/1513
f 1547/1547/1547 1514/1514/1514 1513/1513/1513
f 1548/1548/1548 1549/1549/1549 1550/1550/1550
f 1551/1551/1551 1552/1552/1552 1553/1553/1553
f 1553/1553/1553 1554/1554/1554 1551/1551/1551
f 1555/1555/1555 1556/1556/1556 1557/1557/1557
f 1558/1558/1558 1557/1557/1557 1556/1556/1556
f 1559/1559/1559 1560/1560/1560 1561/1561/1561
f 1562/1562/1562 1561/1561/1561 1560/1560/1560
f 1563/1563/1563 1559/1559/1559 1564/1564/1564
f 1561/1561/1561 1564/1564/1564 1559/1559/1559
f 1565/1565/1565 1566/1566/1566 1567/1567/1567
f 1568/1568/1568 1567/1567/1567 1566/1566/1566
f 1567/1567/1567 1568/1568/1568 1569/1569/1569
f 1570/1570/1570 1569/1569/1569 1568/1568/1568
f 1571/1571/1571 1572/1572/1572 1567/1567/1567
f 1573/1573/1573 1567/1567/1567 1572/1572/1572
f 1574/1574/1574 1571/1571/1571 1575/1575/1575
f 1567/1567/1567 1575/1575/1575 1571/1571/1571
f 1576/1576/1576 1577/1577/1577 1578/1578/1578
f 1579/1579/1579 1578/1578/1578 1577/1577/1577
f 1580/1580/1580 1576/1576/1576 1581/1581/1581
f 1578/1578/1578 1581/1581/1581 1576/1576/1576
f 1582/1582/1582 1583/1583/1583 1584/1584/1584
f 1585/1585/1585 1584/1584/1584 1583/1583/1583
f 1584/1584/1584 1585/1585/1585 1586/1586/1586
f 1587/1587/1587 1586/1586/1586 1585/1585/1585
f 1588/1588/1588 1589/1589/1589 1584/1584/1584
f 1590/1590/1590 1584/1584/1584 1589/1589/1589
f 1591/1591/1591 1588/1588/1588 1592/1592/1592
f 1584/1584/1584 1592/1592/1592 1588/1588/1588
f 1593/1593/1593 1594/1594/1594 1595/1595/1595
f 1596/1596/1596 1595/1595/1595 1594/1594/1594
f 1597/1597/1597 1593/1593/1593 1598/1598/1598
f 1595/1595/1595 1598/1598/1598 1593/1593/1593
f 1599/1599/1599 1600/1600/1600 1601/1601/1601
f 1602/1602/1602 1601/1601/1601 1600/1600/1600
f 1601/1601/1601 1602/1602/1602 1603/1603/1603
f 1604/1604/1604 1603/1603/1603 1602/1602/1602
f 1605/1605/1605 1606/1606/1606 1601/1601/1601
f 1607/1607/1607 1601/1601/1601 1606/1606/1606
f 1608/1608/1608 1605/1605/1605 1609/1609/1609
f 1601/1601/1601 1609/1609/1609 1605/1605/1605
f 1610/1610/1610 1611/1611/1611 1612/1612/1612
f 1613/1613/1613 1612/1612/1612 1611/1611/1611
f 1614/1614/1614 1610/1610/1610 1615/1615/1615
f 1612/1612/1612 1615/1615/1615 1610/1610/1610
f 1616/1616/1616 1617/1617/1617 1618/1618/1618
f 1619/1619/1619 1618/1618/1618 1617/1617/1617
f 1618/1618/1618 1619/1619/1619 1620/1620/1620
f 1621/1621/1621 1620/1620/1620 1619/1619/1619
f 1622/1622/1622 1623/1623/1623 1618/1618/1618
f 1624/1624/1624 1618/1618/1618 1623/1623/1623
f 1625/1625/1625 1622/1622/1622 1626/1626/1626
f 1618/1618/1618 1626/1626/1626 1622/1622/1622
f 1627/1627/1627 1628/1628/1628 1629/1629/1629
f 1629/1629/1629 1630/1630/1630 1627/1627/1627
f 1628/1628/1628 1631/1631/1631 1632/1632/1632
f 1632/1632/1632 1629/1629/1629 1628/1628/1628
f 1633/1633/1633 1634/1634/1634 1635/1635/1635
f 1635/1635/1635 1636/1636/1636 1633/1633/1633
f 1634/1634/1634 1637/1637/1637 1638/1638/1638
f 1638/1638/1638 1635/1635/1635 1634/1634/1634
f 1639/1639/1639 1640/1640/1640 1641/1641/1641
f 1641/1641/1641 1642/1642/1642 1639/1639/1639
f 1640/1640/1640 1643/1643/1643 1644/1644/1644
f 1644/1644/1644 1641/1641/1641 1640/1640/1640
f 1645/1645/1645 1646/1646/1646 1647/1647/1647
f 1647/1647/1647 1648/1648/1648 1645/1645/1645
f 1646/1646/1646 1649/1649/1649 1650/1650/1650
f 1650/1650/1650 1647/1647/1647 1646/1646/1646
f 1651/1651/1651 1652/1652/1652 1653/1653/1653
f 1653/1653/1653 1654/1654/1654 1651/1651/1651
f 1652/1652/1652 1655/1655/1655 1656/1656/1656
f 1656/1656/1656 1653/1653/1653 1652/1652/1652
f 1657/1657/1657 1658/1658/1658 1659/1659/1659
f 1659/1659/1659 1660/1660/1660 1657/1657/1657
f 1658/1658/1658 1661/1661/1661 1662/1662/1662
f 1662/1662/1662 1659/1659/1659 1658/1658/1658
f 1663/1663/1663 1664/1664/1664 1665/1665/1665
f 1665/1665/1665 1666/1666/1666 1663/1663/1663
f 1664/1664/1664 1667/1667/1667 1668/1668/1668
f 1668/1668/1668 1665/1665/1665 1664/1664/1664
f 1669/1669/1669 1670/1670/1670 1671/1671/1671
f 1671/1671/1671 1672/1672/1672 1669/1669/1669
f 1670/1670/1670 1673/1673/1673 1674/1674/1674
f 1674/1674/1674 1671/1671/1671 1670/1670/1670
f 1675/1675/1675 1676/1676/1676 1677/1677/1677
f 1677/1677/1677 1678/1678/1678 1675/1675/1675
f 1676/1676/1676 1679/1679/1679 1680/1680/1680
f 1680/1680/1680 1677/1677/1677 1676/1676/1676
f 1681/1681/1681 1682/1682/1682 1683/1683/1683
f 1683/1683/1683 1684/1684/1684 1681/1681/1681
f 1682/1682/1682 1685/1685/1685 1686/1686/1686
f 1686/1686/1686 1683/1683/1683 1682/1682/1682
f 1687/1687/1687 1688/1688/1688 1689/1689/1689
f 1689/1689/1689 1690/1690/1690 1687/1687/1687
f 1688/1688/1688 1691/1691/1691 1692/1692/1692
f 1692/1692/1692 1689/1689/1689 1688/1688/1688
f 1693/1693/1693 1694/1694/1694 1695/1695/1695
f 1695/1695/1695 1696/1696/1696 1693/1693/1693
f 1694/1694/1694 1697/1697/1697 1698/1698/1698
f 1698/1698/1698 1695/1695/1695 1694/1694/1694
f 1699/1699/1699 1700/1700/1700 1701/1701/1701
f 1701/1701/1701 1702/1702/1702 1699/1699/1699
f 1703/1703/1703 1704/1704/1704 1705/1705/1705
f 1705/1705/1705 1706/1706/1706 1703/1703/1703
f 1704/1704/1704 1707/1707/1707 1708/1708/1708
f 1708/1708/1708 1705/1705/1705 1704/1704/1704
f 1709/1709/1709 1710/1710/1710 1711/1711/1711
f 1711/1711/1711 1712/1712/1712 1709/1709/1709
f 1710/1710/1710 1713/1713/1713 1714/1714/1714
f 1714/1714/1714 1711/1711/1711 1710/1710/1710
f 1715/1715/1715 1716/1716/1716 1717/1717/1717
f 1717/1717/1717 1718/1718/1718 1715/1715/1715
f 1716/1716/1716 1719/1719/1719 1720/1720/1720
f 1720/1720/1720 1717/1717/1717 1716/1716/1716
f 1721/1721/1721 1722/1722/1722 1723/1723/1723
f 1723/1723/1723 1724/1724/1724 1721/1721/1721
f 1722/1722/1722 1725/1725/1725 1726/1726/1726
f 1726/1726/1726 1723/1723/1723 1722/1722/1722
f 1727/1727/1727 1728/1728/1728 1729/1729/1729
f 1729/1729/1729 1730/1730/1730 1727/1727/1727
f 1728/1728/1728 1731/1731/1731 1732/1732/1732
f 1732/1732/1732 1729/1729/1729 1728/1728/1728
f 1733/1733/1733 1734/1734/1734 1735/1735/1735
f 1735/1735/1735 1736/1736/1736 1733/1733/1733
f 1734/1734/1734 1737/1737/1737 1738/1738/1738
f 1738/1738/1738 1735/1735/1735 1734/1734/1734
f 1739/1739/1739 1740/1740/1740 1741/1741/1741
f 1741/1741/1741 1742/1742/1742 1739/1739/1739
f 1743/1743/1743 1744/1744/1744 1745/1745/1745
f 1745/1745/1745 1746/1746/1746 1743/1743/1743
f 1744/1744/1744 1747/1747/1747 1748/1748/1748
f 1748/1748/1748 1745/1745/1745 1744/1744/1744
f 1749/1749/1749 1750/1750/1750 1751/1751/1751
f 1751/1751/1751 1752/1752/1752 1749/1749/1749
f 1750/1750/1750 1753/1753/1753 1754/1754/1754
f 1754/1754/1754 1751/1751/1751 1750/1750/1750
f 1755/1755/1755 1756/1756/1756 1757/1757/1757
f 1757/1757/1757 1758/1758/1758 1755/1755/1755
f 1756/1756/1756 1759/1759/1759 1760/1760/1760
f 1760/1760/1760 1757/1757/1757 1756/1756/1756
f 1761/1761/1761 1762/1762/1762 1763/1763/1763
f 1763/1763/1763 1764/1764/1764 1761/1761/1761
f 1762/1762/1762 1765/1765/1765 1766/1766/1766
f 1766/1766/1766 1763/1763/1763 1762/1762/1762
f 1767/1767/1767 1768/1768/1768 1769/1769/1769
f 1769/1769/1769 1770/1770/1770 1767/1767/1767
f 1768/1768/1768 1771/1771/1771 1772/1772/1772
f 1772/1772/1772 1769/1769/1769 1768/1768/1768
f 1773/1773/1773 1774/1774/1774 1775/1775/1775
f 1775/1775/1775 1776/1776/1776 1773/1773/1773
f 1774/1774/1774 1777/1777/1777 1778/1778/1778
f 1778/1778/1778 1775/1775/1775 1774/1774/1774
f 1779/1779/1779 1780/1780/1780 1781/1781/1781
f 1781/1781/1781 1782/1782/1782 1779/1779/1779
f 1780/1780/1780 1783/1783/1783 1784/1784/1784
f 1784/1784/1784 1781/1781/1781 1780/1780/1780
f 1785/1785/1785 1786/1786/1786 1787/1787/1787
f 1787/1787/1787 1788/1788/1788 1785/1785/1785
f 1786/1786/1786 1789/1789/1789 1790/1790/1790
f 1790/1790/1790 1787/1787/1787 1786/1786/1786
f 1791/1791/1791 1792/1792/1792 1793/1793/1793
f 1793/1793/1793 1794/1794/1794 1791/1791/1791
f 1792/1792/1792 1795/1795/1795 1796/1796/1796
f 1796/1796/1796 1793/1793/1793 1792/1792/1792
f 1797/1797/1797 1798/1798/1798 1799/1799/1799
f 1799/1799/1799 1800/1800/1800 1797/1797/1797
f 1798/1798/1798 1801/1801/1801 1802/1802/1802
f 1802/1802/1802 1799/1799/1799 1798/1798/1798
f 1803/1803/1803 1804/1804/1804 1805/1805/1805
f 1805/1805/1805 1806/1806/1806 1803/1803/1803
f 1804/1804/1804 1807/1807/1807 1808/1808/1808
f 1808/1808/1808 1805/1805/1805 1804/1804/1804
f 1809/1809/1809 1810/1810/1810 1811/1811/1811
f 1811/1811/1811 1812/1812/1812 1809/1809/1809
f 1810/1810/1810 1813/1813/1813 1814/1814/1814
f 1814/1814/1814 1811/1811/1811 1810/1810/1810
f 1815/1815/1815 1816/1816/1816 1817/1817/1817
f 1817/1817/1817 1818/1818/1818 1815/1815/1815
f 1816/1816/1816 1819/1819/1819 1820/1820/1820
f 1820/1820/1820 1817/1817/1817 1816/1816/1816
f 1821/1821/1821 1822/1822/1822 1823/1823/1823
f 1823/1823/1823 1824/1824/1824 1821/1821/1821
f 1822/1822/1822 1825/1825/1825 1826/1826/1826
f 1826/1826/1826 1823/1823/1823 1822/1822/1822
f 1827/1827/1827 1828/1828/1828 1829/1829/1829
f 1829/1829/1829 1830/1830/1830 1827/1827/1827
f 1828/1828/1828 1831/1831/1831 1832/1832/1832
f 1832/1832/1832 1829/1829/1829 1828/1828/1828
f 1833/1833/1833 1834/1834/1834 1835/1835/1835
f 1835/1835/1835 1836/1836/1836 1833/1833/1833
f 1834/1834/1834 1837/1837/1837 1838/1838/1838
f 1838/1838/1838 1835/1835/1835 1834/1834/1834
f 1839/1839/1839 1840/1840/1840 1841/1841/1841
f 1841/1841/1841 1842/1842/1842 1839/1839/1839
f 1840/1840/1840 1843/1843/1843 1844/1844/1844
f 1844/1844/1844 1841/1841/1841 1840/1840/1840
f 1845/1845/1845 1846/1846/1846 1847/1847/1847
f 1847/1847/1847 1848/1848/1848 1845/1845/1845
f 1846/1846/1846 1849/1849/1849 1850/1850/1850
f 1850/1850/1850 1847/1847/1847 1846/1846/1846
f 1851/1851/1851 1852/1852/1852 1853/1853/1853
f 1853/1853/1853 1854/1854/1854 1851/1851/1851
f 1852/1852/1852 1855/1855/1855 1856/1856/1856
f 1856/1856/1856 1853/1853/1853 1852/1852/1852
f 1857/1857/1857 1858/1858/1858 1859/1859/1859
f 1859/1859/1859 1860/1860/1860 1857/1857/1857
f 1858/1858/1858 1861/1861/1861 1862/1862/1862
f 1862/1862/1862 1859/1859/1859 1858/1858/1858
f 1863/1863/1863 1864/1864/1864 1865/1865/1865
f 1865/1865/1865 1866/1866/1866 1863/1863/1863
f 1864/1864/1864 1867/1867/1867 1868/1868/1868
f 1868/1868/1868 1865/1865/1865 1864/1864/1864
f 1869/1869/1869 1870/1870/1870 1871/1871/1871
f 1871/1871/1871 1872/1872/1872 1869/1869/1869
f 1870/1870/1870 1873/1873/1873 1874/1874/1874
f 1874/1874/1874 1871/1871/1871 1870/1870/1870
f 1875/1875/1875 1876/1876/1876 1877/1877/1877
f 1877/1877/1877 1878/1878/1878 1875/1875/1875
f 1876/1876/1876 1879/1879/1879 1880/1880/1880
f 1880/1880/1880 1877/1877/1877 1876/1876/1876
f 1881/1881/1881 1882/1882/1882 1883/1883/1883
f 1883/1883/1883 1884/1884/1884 1881/1881/1881
f 1882/1882/1882 1885/1885/1885 1886/1886/1886
f 1886/1886/1886 1883/1883/1883 1882/1882/1882
f 1887/1887/1887 1888/1888/1888 1889/1889/1889
f 1889/1889/1889 1890/1890/1890 1887/1887/1887
f 1888/1888/1888 1891/1891/1891 1892/1892/1892
f 1892/1892/1892 1889/1889/1889 1888/1888/1888
f 1550/1550/1550 1893/1893/1893 1548/1548/1548
f 1549/1549/1549 1894/1894/1894 1895/1895/1895
f 1895/1895/1895 1550/1550/1550 1549/1549/1549
f 1896/1896/1896 1897/1897/1897 1898/1898/1898
f 1898/1898/1898 1899/1899/1899 1896/1896/1896
f 1900/1900/1900 1901/1901/1901 1902/1902/1902
f 1903/1903/1903 1902/1902/1902 1901/1901/1901
f 1904/1904/1904 1905/1905/1905 1906/1906/1906
f 1904/1904/1904 1906/1906/1906 1907/1907/1907
f 1908/1908/1908 1539/1539/1539 1540/1540/1540
f 1909/1909/1909 1532/1532/1532 1533/1533/1533
f 1910/1910/1910 1911/1911/1911 1908/1908/1908
f 1539/1539/1539 1908/1908/1908 1911/1911/1911
f 1912/1912/1912 1913/1913/1913 1909/1909/1909
f 1532/1532/1532 1909/1909/1909 1913/1913/1913
f 1914/1914/1914 1915/1915/1915 1910/1910/1910
f 1911/1911/1911 1910/1910/1910 1915/1915/1915
f 1916/1916/1916 1917/1917/1917 1912/1912/1912
f 1913/1913/1913 1912/1912/1912 1917/1917/1917
f 1918/1918/1918 1919/1919/1919 1920/1920/1920
f 1921/1921/1921 1922/1922/1922 1923/1923/1923
f 1522/1522/1522 1924/1924/1924 1540/1540/1540
f 1908/1908/1908 1540/1540/1540 1924/1924/1924
f 1925/1925/1925 1926/1926/1926 1532/1532/1532
f 1530/1530/1530 1532/1532/1532 1926/1926/1926
f 1924/1924/1924 1927/1927/1927 1908/1908/1908
f 1910/1910/1910 1908/1908/1908 1927/1927/1927
f 1928/1928/1928 1925/1925/1925 1913/1913/1913
f 1532/1532/1532 1913/1913/1913 1925/1925/1925
f 1927/1927/1927 1929/1929/1929 1910/1910/1910
f 1914/1914/1914 1910/1910/1910 1929/1929/1929
f 1930/1930/1930 1928/1928/1928 1917/1917/1917
f 1913/1913/1913 1917/1917/1917 1928/1928/1928
f 1931/1931/1931 1932/1932/1932 1922/1922/1922
f 1918/1918/1918 1922/1922/1922 1932/1932/1932
f 1924/1924/1924 1522/1522/1522 1521/1521/1521
f 1933/1933/1933 1934/1934/1934 1925/1925/1925
f 1926/1926/1926 1925/1925/1925 1934/1934/1934
f 1521/1521/1521 1935/1935/1935 1924/1924/1924
f 1927/1927/1927 1924/1924/1924 1935/1935/1935
f 1936/1936/1936 1933/1933/1933 1928/1928/1928
f 1925/1925/1925 1928/1928/1928 1933/1933/1933
f 1935/1935/1935 1937/1937/1937 1927/1927/1927
f 1929/1929/1929 1927/1927/1927 1937/1937/1937
f 1938/1938/1938 1936/1936/1936 1930/1930/1930
f 1928/1928/1928 1930/1930/1930 1936/1936/1936
f 1939/1939/1939 1940/1940/1940 1941/1941/1941
f 1932/1932/1932 1931/1931/1931 1942/1942/1942
f 1943/1943/1943 1944/1944/1944 1945/1945/1945
f 1943/1943/1943 1945/1945/1945 1946/1946/1946
f 1943/1943/1943 1947/1947/1947 1948/1948/1948
f 1943/1943/1943 1948/1948/1948 1944/1944/1944
f 1949/1949/1949 1950/1950/1950 1948/1948/1948
f 1949/1949/1949 1948/1948/1948 1947/1947/1947
f 1923/1923/1923 1922/1922/1922 1951/1951/1951
f 1920/1920/1920 1919/1919/1919 1952/1952/1952
f 1918/1918/1918 1920/1920/1920 1922/1922/1922
f 1951/1951/1951 1922/1922/1922 1920/1920/1920
f 1942/1942/1942 1931/1931/1931 1953/1953/1953
f 1932/1932/1932 1942/1942/1942 1940/1940/1940
f 1953/1953/1953 1931/1931/1931 1941/1941/1941
f 1941/1941/1941 1940/1940/1940 1954/1954/1954
f 1939/1939/1939 1941/1941/1941 1931/1931/1931
f 1954/1954/1954 1940/1940/1940 1942/1942/1942
f 1506/1506/1506 1508/1508/1508 1504/1504/1504
f 1509/1509/1509 1505/1505/1505 1504/1504/1504
g ShopC406
s 1
f 1955/1955/1955 1956/1956/1956 1957/1957/1957
f 1958/1958/1958 1959/1959/1959 1960/1960/1960
f 1961/1961/1961 1962/1962/1962 1963/1963/1963
f 1964/1964/1964 1962/1962/1962 1961/1961/1961
f 1965/1965/1965 1964/1964/1964 1961/1961/1961
f 1965/1965/1965 1961/1961/1961 1963/1963/1963
f 1966/1966/1966 1967/1967/1967 1968/1968/1968
f 1962/1962/1962 1959/1959/1959 1969/1969/1969
f 1962/1962/1962 1969/1969/1969 1963/1963/1963
f 1966/1966/1966 1970/1970/1970 1967/1967/1967
f 1963/1963/1963 1969/1969/1969 1971/1971/1971
f 1969/1969/1969 1959/1959/1959 1971/1971/1971
f 1972/1972/1972 1973/1973/1973 1974/1974/1974
f 1975/1975/1975 1971/1971/1971 1976/1976/1976
f 1963/1963/1963 1971/1971/1971 1975/1975/1975
f 1977/1977/1977 1978/1978/1978 1979/1979/1979
f 1965/1965/1965 1963/1963/1963 1975/1975/1975
f 1965/1965/1965 1975/1975/1975 1976/1976/1976
f 1980/1980/1980 1981/1981/1981 1982/1982/1982
f 1983/1983/1983 1984/1984/1984 1985/1985/1985
f 1983/1983/1983 1985/1985/1985 1986/1986/1986
f 1987/1987/1987 1988/1988/1988 1989/1989/1989
f 1990/1990/1990 1984/1984/1984 1983/1983/1983
f 1987/1987/1987 1989/1989/1989 1991/1991/1991
f 1989/1989/1989 1992/1992/1992 1991/1991/1991
f 1988/1988/1988 1992/1992/1992 1989/1989/1989
f 1993/1993/1993 1994/1994/1994 1995/1995/1995
f 1996/1996/1996 1976/1976/1976 1997/1997/1997
f 1998/1998/1998 1990/1990/1990 1983/1983/1983
f 1999/1999/1999 1998/1998/1998 1983/1983/1983
f 1959/1959/1959 2000/2000/2000 1997/1997/1997
f 2001/2001/2001 2002/2002/2002 2003/2003/2003
f 2004/2004/2004 1980/1980/1980 2005/2005/2005
f 2005/2005/2005 1980/1980/1980 2006/2006/2006
f 2007/2007/2007 2008/2008/2008 1968/1968/1968
f 2007/2007/2007 2009/2009/2009 2008/2008/2008
f 1999/1999/1999 1983/1983/1983 2010/2010/2010
f 2010/2010/2010 1983/1983/1983 1986/1986/1986
f 2011/2011/2011 1972/1972/1972 1974/1974/1974
f 1986/1986/1986 2011/2011/2011 1974/1974/1974
f 1986/1986/1986 2012/2012/2012 2011/2011/2011
f 2011/2011/2011 2012/2012/2012 1972/1972/1972
f 1970/1970/1970 2013/2013/2013 1967/1967/1967
f 1970/1970/1970 1973/1973/1973 2013/2013/2013
f 2014/2014/2014 2013/2013/2013 1973/1973/1973
f 2014/2014/2014 1967/1967/1967 2013/2013/2013
f 2012/2012/2012 2015/2015/2015 1972/1972/1972
f 2012/2012/2012 2016/2016/2016 2015/2015/2015
f 2015/2015/2015 2016/2016/2016 2014/2014/2014
f 1972/1972/1972 2015/2015/2015 2014/2014/2014
f 2017/2017/2017 2006/2006/2006 2018/2018/2018
f 2018/2018/2018 2006/2006/2006 1980/1980/1980
f 1980/1980/1980 1982/1982/1982 2018/2018/2018
f 2018/2018/2018 1982/1982/1982 2017/2017/2017
f 2019/2019/2019 2020/2020/2020 2021/2021/2021
f 2021/2021/2021 2020/2020/2020 2022/2022/2022
f 1982/1982/1982 2021/2021/2021 2022/2022/2022
f 1982/1982/1982 2019/2019/2019 2021/2021/2021
f 2023/2023/2023 2022/2022/2022 2024/2024/2024
f 2017/2017/2017 2023/2023/2023 2024/2024/2024
f 1982/1982/1982 2023/2023/2023 2017/2017/2017
f 1982/1982/1982 2022/2022/2022 2023/2023/2023
f 2009/2009/2009 2007/2007/2007 2025/2025/2025
f 2025/2025/2025 2007/2007/2007 1978/1978/1978
f 2025/2025/2025 1978/1978/1978 1977/1977/1977
f 2009/2009/2009 2025/2025/2025 1977/1977/1977
f 2026/2026/2026 2027/2027/2027 2028/2028/2028
f 2027/2027/2027 2029/2029/2029 2030/2030/2030
f 1981/1981/1981 2019/2019/2019 1982/1982/1982
f 2031/2031/2031 1996/1996/1996 2032/2032/2032
f 2033/2033/2033 2031/2031/2031 2032/2032/2032
f 2034/2034/2034 2031/2031/2031 2033/2033/2033
f 2034/2034/2034 1996/1996/1996 2031/2031/2031
f 1996/1996/1996 1997/1997/1997 2032/2032/2032
f 2032/2032/2032 1997/1997/1997 2000/2000/2000
f 2033/2033/2033 2032/2032/2032 2000/2000/2000
f 2035/2035/2035 2036/2036/2036 2037/2037/2037
f 1990/1990/1990 2035/2035/2035 2037/2037/2037
f 2038/2038/2038 2035/2035/2035 1990/1990/1990
f 2038/2038/2038 2036/2036/2036 2035/2035/2035
f 2012/2012/2012 1985/1985/1985 1984/1984/1984
f 2012/2012/2012 1986/1986/1986 1985/1985/1985
f 2039/2039/2039 2040/2040/2040 2041/2041/2041
f 2041/2041/2041 2040/2040/2040 2042/2042/2042
f 2043/2043/2043 2041/2041/2041 2042/2042/2042
f 2043/2043/2043 2039/2039/2039 2041/2041/2041
f 1993/1993/1993 1995/1995/1995 2044/2044/2044
f 2044/2044/2044 1995/1995/1995 1991/1991/1991
f 1992/1992/1992 2044/2044/2044 1991/1991/1991
f 1992/1992/1992 1993/1993/1993 2044/2044/2044
f 1995/1995/1995 1994/1994/1994 2045/2045/2045
f 1991/1991/1991 1995/1995/1995 2045/2045/2045
f 2046/2046/2046 2047/2047/2047 2048/2048/2048
f 2049/2049/2049 2050/2050/2050 2051/2051/2051
f 2052/2052/2052 2048/2048/2048 2053/2053/2053
f 2054/2054/2054 2055/2055/2055 2056/2056/2056
f 2054/2054/2054 2057/2057/2057 2055/2055/2055
f 2051/2051/2051 2055/2055/2055 2057/2057/2057
f 2051/2051/2051 2056/2056/2056 2055/2055/2055
f 2043/2043/2043 2058/2058/2058 2039/2039/2039
f 2039/2039/2039 2058/2058/2058 2040/2040/2040
f 2050/2050/2050 2002/2002/2002 2051/2051/2051
f 2059/2059/2059 2058/2058/2058 2043/2043/2043
f 2059/2059/2059 2001/2001/2001 2058/2058/2058
f 2058/2058/2058 2001/2001/2001 2040/2040/2040
f 2002/2002/2002 2060/2060/2060 2056/2056/2056
f 2061/2061/2061 2030/2030/2030 2029/2029/2029
f 2062/2062/2062 2006/2006/2006 2017/2017/2017
f 2001/2001/2001 2060/2060/2060 2002/2002/2002
f 2063/2063/2063 2028/2028/2028 2064/2064/2064
f 2059/2059/2059 2065/2065/2065 2060/2060/2060
f 2057/2057/2057 2066/2066/2066 2067/2067/2067
f 2001/2001/2001 2059/2059/2059 2060/2060/2060
f 2026/2026/2026 2028/2028/2028 2063/2063/2063
f 2068/2068/2068 2056/2056/2056 2069/2069/2069
f 2029/2029/2029 2068/2068/2068 2069/2069/2069
f 2068/2068/2068 2026/2026/2026 2056/2056/2056
f 2048/2048/2048 2070/2070/2070 2053/2053/2053
f 2048/2048/2048 2047/2047/2047 2070/2070/2070
f 2065/2065/2065 2059/2059/2059 2043/2043/2043
f 1991/1991/1991 2045/2045/2045 2071/2071/2071
f 2050/2050/2050 2072/2072/2072 2003/2003/2003
f 2050/2050/2050 2049/2049/2049 2072/2072/2072
f 2072/2072/2072 2049/2049/2049 2071/2071/2071
f 2073/2073/2073 1991/1991/1991 2049/2049/2049
f 2074/2074/2074 2075/2075/2075 2064/2064/2064
f 2076/2076/2076 2074/2074/2074 2030/2030/2030
f 2064/2064/2064 2075/2075/2075 2077/2077/2077
f 2078/2078/2078 2042/2042/2042 2040/2040/2040
f 2077/2077/2077 2079/2079/2079 2066/2066/2066
f 2049/2049/2049 2051/2051/2051 2057/2057/2057
f 2080/2080/2080 2078/2078/2078 2040/2040/2040
f 2002/2002/2002 2056/2056/2056 2051/2051/2051
f 2080/2080/2080 2040/2040/2040 2001/2001/2001
f 1991/1991/1991 2071/2071/2071 2049/2049/2049
f 2026/2026/2026 2054/2054/2054 2056/2056/2056
f 2057/2057/2057 2054/2054/2054 2066/2066/2066
f 2060/2060/2060 2069/2069/2069 2056/2056/2056
f 2060/2060/2060 2065/2065/2065 2069/2069/2069
f 2029/2029/2029 2069/2069/2069 2065/2065/2065
f 2065/2065/2065 2043/2043/2043 2081/2081/2081
f 2082/2082/2082 2083/2083/2083 2084/2084/2084
f 2083/2083/2083 2085/2085/2085 2084/2084/2084
f 2086/2086/2086 2085/2085/2085 2083/2083/2083
f 2054/2054/2054 2026/2026/2026 2087/2087/2087
f 2054/2054/2054 2087/2087/2087 2066/2066/2066
f 2087/2087/2087 2063/2063/2063 2066/2066/2066
f 2026/2026/2026 2063/2063/2063 2087/2087/2087
f 2088/2088/2088 2089/2089/2089 1964/1964/1964
f 2088/2088/2088 2090/2090/2090 2089/2089/2089
f 2090/2090/2090 1958/1958/1958 2089/2089/2089
f 2089/2089/2089 1958/1958/1958 1964/1964/1964
f 2091/2091/2091 2092/2092/2092 2093/2093/2093
f 2093/2093/2093 2092/2092/2092 1956/1956/1956
f 2093/2093/2093 1956/1956/1956 2094/2094/2094
f 2091/2091/2091 2093/2093/2093 2094/2094/2094
f 2094/2094/2094 2095/2095/2095 1999/1999/1999
f 2094/2094/2094 2096/2096/2096 2095/2095/2095
f 2038/2038/2038 2095/2095/2095 2096/2096/2096
f 2038/2038/2038 1999/1999/1999 2095/2095/2095
f 2097/2097/2097 1965/1965/1965 2098/2098/2098
f 2098/2098/2098 1965/1965/1965 1976/1976/1976
f 2099/2099/2099 2098/2098/2098 1976/1976/1976
f 2099/2099/2099 2097/2097/2097 2098/2098/2098
f 2100/2100/2100 2052/2052/2052 2090/2090/2090
f 2097/2097/2097 2100/2100/2100 2090/2090/2090
f 2003/2003/2003 2101/2101/2101 2102/2102/2102
f 2102/2102/2102 2101/2101/2101 2045/2045/2045
f 2102/2102/2102 2045/2045/2045 1994/1994/1994
f 2064/2064/2064 2028/2028/2028 2103/2103/2103
f 2103/2103/2103 2074/2074/2074 2064/2064/2064
f 2030/2030/2030 2074/2074/2074 2103/2103/2103
f 2104/2104/2104 2027/2027/2027 2030/2030/2030
f 2028/2028/2028 2027/2027/2027 2104/2104/2104
f 2103/2103/2103 2028/2028/2028 2104/2104/2104
f 2103/2103/2103 2104/2104/2104 2030/2030/2030
f 2037/2037/2037 2036/2036/2036 2105/2105/2105
f 2003/2003/2003 2102/2102/2102 1994/1994/1994
f 1990/1990/1990 2037/2037/2037 1984/1984/1984
f 2003/2003/2003 2072/2072/2072 2101/2101/2101
f 2101/2101/2101 2072/2072/2072 2071/2071/2071
f 2101/2101/2101 2071/2071/2071 2045/2045/2045
f 2091/2091/2091 2094/2094/2094 1999/1999/1999
f 2106/2106/2106 2100/2100/2100 2097/2097/2097
f 2106/2106/2106 2052/2052/2052 2100/2100/2100
f 2107/2107/2107 2097/2097/2097 2099/2099/2099
f 2046/2046/2046 2107/2107/2107 2099/2099/2099
f 2036/2036/2036 2108/2108/2108 2105/2105/2105
f 2046/2046/2046 2106/2106/2106 2107/2107/2107
f 2108/2108/2108 2109/2109/2109 1979/1979/1979
f 2036/2036/2036 2109/2109/2109 2108/2108/2108
f 2107/2107/2107 2106/2106/2106 2097/2097/2097
f 2088/2088/2088 1964/1964/1964 1965/1965/1965
f 2097/2097/2097 2088/2088/2088 1965/1965/1965
f 2097/2097/2097 2090/2090/2090 2088/2088/2088
f 2094/2094/2094 1956/1956/1956 1955/1955/1955
f 1960/1960/1960 1959/1959/1959 1962/1962/1962
f 1960/1960/1960 1962/1962/1962 1964/1964/1964
f 2092/2092/2092 2110/2110/2110 1956/1956/1956
f 2111/2111/2111 2112/2112/2112 2113/2113/2113
f 2033/2033/2033 2113/2113/2113 2114/2114/2114
f 2115/2115/2115 2024/2024/2024 2116/2116/2116
f 2116/2116/2116 2024/2024/2024 2022/2022/2022
f 2112/2112/2112 2116/2116/2116 2022/2022/2022
f 2112/2112/2112 2115/2115/2115 2116/2116/2116
f 1970/1970/1970 2117/2117/2117 1973/1973/1973
f 2109/2109/2109 2118/2118/2118 1979/1979/1979
f 2109/2109/2109 2082/2082/2082 2118/2118/2118
f 1977/1977/1977 2118/2118/2118 2082/2082/2082
f 1977/1977/1977 1979/1979/1979 2118/2118/2118
f 2119/2119/2119 2008/2008/2008 2009/2009/2009
f 2119/2119/2119 1968/1968/1968 2008/2008/2008
f 2009/2009/2009 1977/1977/1977 2120/2120/2120
f 2120/2120/2120 1977/1977/1977 2082/2082/2082
f 2108/2108/2108 2121/2121/2121 2105/2105/2105
f 2108/2108/2108 1979/1979/1979 2121/2121/2121
f 1978/1978/1978 2121/2121/2121 1979/1979/1979
f 1978/1978/1978 2105/2105/2105 2121/2121/2121
f 2007/2007/2007 2122/2122/2122 1978/1978/1978
f 2007/2007/2007 2016/2016/2016 2122/2122/2122
f 2122/2122/2122 2016/2016/2016 2105/2105/2105
f 1978/1978/1978 2122/2122/2122 2105/2105/2105
f 2037/2037/2037 2123/2123/2123 1984/1984/1984
f 2037/2037/2037 2105/2105/2105 2123/2123/2123
f 2016/2016/2016 2123/2123/2123 2105/2105/2105
f 2016/2016/2016 1984/1984/1984 2123/2123/2123
f 1999/1999/1999 2038/2038/2038 1998/1998/1998
f 1998/1998/1998 2038/2038/2038 1990/1990/1990
f 2064/2064/2064 2077/2077/2077 2124/2124/2124
f 2124/2124/2124 2077/2077/2077 2066/2066/2066
f 2066/2066/2066 2063/2063/2063 2124/2124/2124
f 2124/2124/2124 2063/2063/2063 2064/2064/2064
f 2033/2033/2033 2114/2114/2114 2125/2125/2125
f 2033/2033/2033 2125/2125/2125 2034/2034/2034
f 2125/2125/2125 2020/2020/2020 2034/2034/2034
f 2114/2114/2114 2020/2020/2020 2125/2125/2125
f 2000/2000/2000 2111/2111/2111 2126/2126/2126
f 2000/2000/2000 2126/2126/2126 2033/2033/2033
f 1958/1958/1958 1960/1960/1960 1964/1964/1964
f 2126/2126/2126 2113/2113/2113 2033/2033/2033
f 2111/2111/2111 2113/2113/2113 2126/2126/2126
f 2127/2127/2127 2084/2084/2084 2085/2085/2085
f 2128/2128/2128 2022/2022/2022 2114/2114/2114
f 2112/2112/2112 2022/2022/2022 2128/2128/2128
f 2113/2113/2113 2112/2112/2112 2128/2128/2128
f 2113/2113/2113 2128/2128/2128 2114/2114/2114
f 2114/2114/2114 2022/2022/2022 2020/2020/2020
f 2117/2117/2117 1974/1974/1974 1973/1973/1973
f 2019/2019/2019 2034/2034/2034 2020/2020/2020
f 2076/2076/2076 2129/2129/2129 2130/2130/2130
f 2129/2129/2129 2131/2131/2131 2130/2130/2130
f 2132/2132/2132 2133/2133/2133 1966/1966/1966
f 2075/2075/2075 2134/2134/2134 2077/2077/2077
f 2134/2134/2134 2079/2079/2079 2077/2077/2077
f 2115/2115/2115 2062/2062/2062 2024/2024/2024
f 2017/2017/2017 2024/2024/2024 2062/2062/2062
f 2002/2002/2002 2050/2050/2050 2003/2003/2003
f 2135/2135/2135 2029/2029/2029 2027/2027/2027
f 2026/2026/2026 2135/2135/2135 2027/2027/2027
f 2135/2135/2135 2026/2026/2026 2068/2068/2068
f 2029/2029/2029 2135/2135/2135 2068/2068/2068
f 2131/2131/2131 2134/2134/2134 2075/2075/2075
f 2130/2130/2130 2131/2131/2131 2075/2075/2075
f 2076/2076/2076 2130/2130/2130 2074/2074/2074
f 1959/1959/1959 1997/1997/1997 1971/1971/1971
f 1971/1971/1971 1997/1997/1997 1976/1976/1976
f 2130/2130/2130 2075/2075/2075 2074/2074/2074
f 2133/2133/2133 1970/1970/1970 1966/1966/1966
f 2131/2131/2131 2136/2136/2136 2134/2134/2134
f 2136/2136/2136 2079/2079/2079 2134/2134/2134
f 2119/2119/2119 1966/1966/1966 1968/1968/1968
f 2132/2132/2132 1966/1966/1966 2119/2119/2119
f 2109/2109/2109 2137/2137/2137 2086/2086/2086
f 2109/2109/2109 2036/2036/2036 2137/2137/2137
f 2137/2137/2137 2036/2036/2036 1957/1957/1957
f 2132/2132/2132 2119/2119/2119 2009/2009/2009
f 2036/2036/2036 2138/2138/2138 1957/1957/1957
f 1956/1956/1956 2110/2110/2110 1957/1957/1957
f 2138/2138/2138 2096/2096/2096 1957/1957/1957
f 2138/2138/2138 2038/2038/2038 2096/2096/2096
f 2106/2106/2106 2046/2046/2046 2048/2048/2048
f 2052/2052/2052 2106/2106/2106 2048/2048/2048
f 2036/2036/2036 2038/2038/2038 2138/2138/2138
f 2110/2110/2110 2139/2139/2139 1957/1957/1957
f 2052/2052/2052 1958/1958/1958 2090/2090/2090
f 2139/2139/2139 2085/2085/2085 1957/1957/1957
f 2139/2139/2139 2127/2127/2127 2085/2085/2085
f 2110/2110/2110 2127/2127/2127 2139/2139/2139
f 2016/2016/2016 2007/2007/2007 2140/2140/2140
f 2140/2140/2140 2007/2007/2007 1968/1968/1968
f 2140/2140/2140 1968/1968/1968 1967/1967/1967
f 2016/2016/2016 2140/2140/2140 1967/1967/1967
f 2086/2086/2086 2141/2141/2141 2085/2085/2085
f 2141/2141/2141 1957/1957/1957 2085/2085/2085
f 2141/2141/2141 2137/2137/2137 1957/1957/1957
f 2086/2086/2086 2137/2137/2137 2141/2141/2141
f 2082/2082/2082 2142/2142/2142 2083/2083/2083
f 2016/2016/2016 2012/2012/2012 1984/1984/1984
f 2142/2142/2142 2086/2086/2086 2083/2083/2083
f 2142/2142/2142 2109/2109/2109 2086/2086/2086
f 2082/2082/2082 2109/2109/2109 2142/2142/2142
f 1972/1972/1972 2014/2014/2014 1973/1973/1973
f 2094/2094/2094 1955/1955/1955 2096/2096/2096
f 2014/2014/2014 2016/2016/2016 1967/1967/1967
f 1955/1955/1955 1957/1957/1957 2096/2096/2096
g ShopC407
s 1
f 2143/2143/2143 2144/2144/2144 2145/2145/2145
f 2146/2146/2146 2147/2147/2147 2148/2148/2148
f 2148/2148/2148 2149/2149/2149 2146/2146/2146
f 2150/2150/2150 2151/2151/2151 2152/2152/2152
f 2153/2153/2153 2154/2154/2154 2155/2155/2155
f 2156/2156/2156 2157/2157/2157 2158/2158/2158
f 2159/2159/2159 2160/2160/2160 2161/2161/2161
f 2162/2162/2162 2163/2163/2163 2164/2164/2164
f 2158/2158/2158 2165/2165/2165 2156/2156/2156
f 2164/2164/2164 2166/2166/2166 2162/2162/2162
f 2167/2167/2167 2168/2168/2168 2169/2169/2169
f 2169/2169/2169 2170/2170/2170 2167/2167/2167
f 2171/2171/2171 2172/2172/2172 2173/2173/2173
f 2173/2173/2173 2174/2174/2174 2171/2171/2171
f 2175/2175/2175 2176/2176/2176 2177/2177/2177
f 2177/2177/2177 2178/2178/2178 2175/2175/2175
f 2179/2179/2179 2180/2180/2180 2181/2181/2181
f 2182/2182/2182 2183/2183/2183 2184/2184/2184
f 2185/2185/2185 2156/2156/2156 2186/2186/2186
f 2186/2186/2186 2187/2187/2187 2185/2185/2185
f 2188/2188/2188 2189/2189/2189 2190/2190/2190
f 2144/2144/2144 2191/2191/2191 2192/2192/2192
f 2181/2181/2181 2193/2193/2193 2179/2179/2179
f 2192/2192/2192 2194/2194/2194 2144/2144/2144
f 2171/2171/2171 2163/2163/2163 2195/2195/2195
f 2196/2196/2196 2197/2197/2197 2198/2198/2198
f 2146/2146/2146 2199/2199/2199 2200/2200/2200
f 2201/2201/2201 2199/2199/2199 2202/2202/2202
f 2198/2198/2198 2203/2203/2203 2196/2196/2196
f 2152/2152/2152 2204/2204/2204 2165/2165/2165
f 2200/2200/2200 2205/2205/2205 2146/2146/2146
f 2206/2206/2206 2207/2207/2207 2208/2208/2208
f 2184/2184/2184 2209/2209/2209 2182/2182/2182
f 2208/2208/2208 2210/2210/2210 2206/2206/2206
f 2194/2194/2194 2211/2211/2211 2198/2198/2198
f 2198/2198/2198 2212/2212/2212 2194/2194/2194
f 2213/2213/2213 2214/2214/2214 2215/2215/2215
f 2215/2215/2215 2216/2216/2216 2213/2213/2213
f 2155/2155/2155 2217/2217/2217 2153/2153/2153
f 2218/2218/2218 2219/2219/2219 2220/2220/2220
f 2220/2220/2220 2221/2221/2221 2218/2218/2218
f 2145/2145/2145 2203/2203/2203 2143/2143/2143
f 2222/2222/2222 2223/2223/2223 2224/2224/2224
f 2225/2225/2225 2226/2226/2226 2227/2227/2227
f 2228/2228/2228 2229/2229/2229 2230/2230/2230
f 2190/2190/2190 2231/2231/2231 2188/2188/2188
f 2152/2152/2152 2187/2187/2187 2150/2150/2150
f 2232/2232/2232 2233/2233/2233 2234/2234/2234
f 2230/2230/2230 2235/2235/2235 2228/2228/2228
f 2236/2236/2236 2237/2237/2237 2238/2238/2238
f 2234/2234/2234 2239/2239/2239 2232/2232/2232
f 2238/2238/2238 2240/2240/2240 2236/2236/2236
f 2226/2226/2226 2241/2241/2241 2230/2230/2230
f 2230/2230/2230 2242/2242/2242 2226/2226/2226
f 2243/2243/2243 2244/2244/2244 2245/2245/2245
f 2246/2246/2246 2247/2247/2247 2248/2248/2248
f 2249/2249/2249 2250/2250/2250 2232/2232/2232
f 2248/2248/2248 2251/2251/2251 2246/2246/2246
f 2245/2245/2245 2252/2252/2252 2243/2243/2243
f 2232/2232/2232 2217/2217/2217 2249/2249/2249
f 2165/2165/2165 2253/2253/2253 2152/2152/2152
f 2254/2254/2254 2255/2255/2255 2256/2256/2256
f 2256/2256/2256 2257/2257/2257 2254/2254/2254
f 2161/2161/2161 2148/2148/2148 2159/2159/2159
f 2258/2258/2258 2227/2227/2227 2259/2259/2259
f 2259/2259/2259 2235/2235/2235 2258/2258/2258
f 2202/2202/2202 2159/2159/2159 2201/2201/2201
f 2260/2260/2260 2261/2261/2261 2262/2262/2262
f 2195/2195/2195 2263/2263/2263 2171/2171/2171
f 2262/2262/2262 2224/2224/2224 2260/2260/2260
f 2264/2264/2264 2265/2265/2265 2222/2222/2222
f 2266/2266/2266 2173/2173/2173 2166/2166/2166
f 2267/2267/2267 2234/2234/2234 2154/2154/2154
f 2166/2166/2166 2268/2268/2268 2266/2266/2266
f 2269/2269/2269 2270/2270/2270 2271/2271/2271
f 2271/2271/2271 2260/2260/2260 2269/2269/2269
f 2272/2272/2272 2273/2273/2273 2274/2274/2274
f 2274/2274/2274 2275/2275/2275 2272/2272/2272
f 2154/2154/2154 2276/2276/2276 2267/2267/2267
f 2222/2222/2222 2270/2270/2270 2264/2264/2264
f 2277/2277/2277 2278/2278/2278 2279/2279/2279
f 2279/2279/2279 2280/2280/2280 2277/2277/2277
f 2224/2224/2224 2281/2281/2281 2222/2222/2222
f 2227/2227/2227 2282/2282/2282 2225/2225/2225
