ModelFile;PositionX;PositionY;PositionZ;RotationX;RotationY;RotationZ;RotationW;ScaleFactor;ModelId;Type;FileDataID;DoodadSetIndexes;DoodadSetNames
..\..\world\critter\birds\bird02.m2;19728.81640625;160.9923553466797;16663.517578125;0;110;0;;6.75;195025;m2;190720;0;
..\..\world\critter\birds\bird02.m2;19749.154296875;112.06392669677734;16748.896484375;0;92;0;;6.75;195024;m2;190720;0;
..\..\world\critter\birds\bird02.m2;19719.12109375;148.27891540527344;16672.71484375;0;302;0;;4.7099609375;195026;m2;190720;0;
..\..\world\critter\birds\bird02.m2;20029.2734375;181.5653839111328;16782.572265625;0;302;0;;4.7099609375;195027;m2;190720;0;
..\..\world\critter\birds\bird02.m2;20339.30078125;181.1575469970703;16859.095703125;0;302;0;;4.7099609375;195028;m2;190720;0;
..\..\world\critter\birds\bird02.m2;19678.22265625;169.8872528076172;16894.87109375;0;131.5;0;;3.4892578125;195020;m2;190720;0;
..\..\world\critter\birds\bird02.m2;19667.775390625;154.37298583984375;17116.482421875;0;122.5;0;;2.7490234375;195017;m2;190720;0;
..\..\world\lordaeron\aeriepeaks\passivedoodads\trees\aerietree02.m2;19933.51171875;177.4804229736328;16544.810546875;0;270.68231201171875;0;;1.34765625;392906;m2;203588;0;
..\..\world\lordaeron\aeriepeaks\passivedoodads\trees\aerietree02.m2;19754.31640625;121.72577667236328;16806.517578125;0;164.0418701171875;0;;1.1630859375;178319;m2;203588;0;
..\..\world\lordaeron\aeriepeaks\passivedoodads\trees\aerietree03.m2;20238.0234375;121.93138122558594;17016.916015625;0;333.8997802734375;0;;0.912109375;184011;m2;203589;0;
..\..\world\lordaeron\aeriepeaks\passivedoodads\trees\aerietree02.m2;19736.755859375;141.60548400878906;16881.12890625;0;221.21646118164062;0;;1.1201171875;178320;m2;203588;0;
..\..\world\lordaeron\aeriepeaks\passivedoodads\trees\aerietree02.m2;20283.18359375;115.28105926513672;16830.0546875;0;166.0137939453125;0;;1.0927734375;184245;m2;203588;0;
..\..\world\lordaeron\aeriepeaks\passivedoodads\trees\aerietree02.m2;19874.02734375;116.57111358642578;16983.8359375;0;336.5137939453125;0;;1.0927734375;184615;m2;203588;0;
..\..\world\lordaeron\aeriepeaks\passivedoodads\trees\aerietree02.m2;20128.287109375;148.7548370361328;16659.43359375;0;341.320068359375;0;;1.083984375;397873;m2;203588;0;
..\..\world\lordaeron\aeriepeaks\passivedoodads\trees\aerietree02.m2;20110.115234375;140.727294921875;16684.890625;0;341.320068359375;0;;1.083984375;397874;m2;203588;0;
..\..\world\lordaeron\aeriepeaks\passivedoodads\trees\aerietree01.m2;20043.9921875;115.609619140625;16887.603515625;0;71.09326171875;0;;2.1396484375;184516;m2;203587;0;
..\..\world\lordaeron\aeriepeaks\passivedoodads\trees\aerietree01.m2;19766.265625;108.50174713134766;16949.1328125;0;244.59326171875;0;;2.1396484375;184475;m2;203587;0;
..\..\world\lordaeron\aeriepeaks\passivedoodads\trees\aerietree01.m2;20089.61328125;125.9518814086914;16895.314453125;0;250.59324645996094;0;;2.1396484375;184479;m2;203587;0;
..\..\world\lordaeron\aeriepeaks\passivedoodads\trees\aerietree01.m2;20104.94140625;128.7977752685547;17071.55078125;0;131.09326171875;0;;2.1396484375;184337;m2;203587;0;
..\..\world\lordaeron\aeriepeaks\passivedoodads\trees\aerietree02.m2;19748.46484375;189.0496826171875;16567.34375;0;35.84320068359375;0;;1.060546875;393067;m2;203588;0;
..\..\world\lordaeron\aeriepeaks\passivedoodads\trees\aerietree02.m2;19727.73828125;168.87669372558594;16581.4921875;0;35.84320068359375;0;;1.060546875;397817;m2;203588;0;
..\..\world\lordaeron\aeriepeaks\passivedoodads\trees\aerietree02.m2;19771.171875;236.3604278564453;16528.517578125;0;35.84320068359375;0;;1.060546875;397818;m2;203588;0;
..\..\world\lordaeron\aeriepeaks\passivedoodads\trees\aerietree02.m2;19723.15625;117.45863342285156;16769.78515625;0;290.44342041015625;0;;1.0537109375;178305;m2;203588;0;
..\..\world\lordaeron\aeriepeaks\passivedoodads\trees\aerietree02.m2;20234.642578125;125.1417007446289;17010.65234375;0;322.2429504394531;0;;1.041015625;184012;m2;203588;0;
..\..\world\lordaeron\aeriepeaks\passivedoodads\trees\aerietree02.m2;20028.03515625;166.66302490234375;16593.072265625;0;10.320098876953125;0;;1.013671875;185493;m2;203588;0;
..\..\world\lordaeron\aeriepeaks\passivedoodads\trees\aerietree01.m2;20220.779296875;124.53617095947266;17057.498046875;0;273.001708984375;0;;2.03125;184000;m2;203587;0;
..\..\world\lordaeron\aeriepeaks\passivedoodads\trees\aerietree01.m2;20176.84375;133.26406860351562;17037.861328125;0;240.00167846679688;0;;2.03125;184006;m2;203587;0;
..\..\world\lordaeron\aeriepeaks\passivedoodads\trees\aerietree03.m2;20006.974609375;175.06100463867188;16525.15234375;0;269.2864074707031;0;;0.7939453125;392903;m2;203589;0;
..\..\world\lordaeron\aeriepeaks\passivedoodads\trees\aerietree02.m2;19822.224609375;116.30489349365234;16718.658203125;0;0;0;;1;184559;m2;203588;0;
..\..\world\lordaeron\aeriepeaks\passivedoodads\trees\aerietree02.m2;19872.03515625;108.25887298583984;16914.826171875;0;0;0;;1;184604;m2;203588;0;
..\..\world\lordaeron\aeriepeaks\passivedoodads\trees\aerietree02.m2;19912.296875;118.22244262695312;17044.017578125;0;1.5;0;;1;184684;m2;203588;0;
..\..\world\lordaeron\aeriepeaks\passivedoodads\trees\aerietree02.m2;19737.763671875;117.464599609375;17021.841796875;0;98.6600341796875;0;;1;184690;m2;203588;0;
..\..\world\lordaeron\aeriepeaks\passivedoodads\trees\aerietree02.m2;19878.609375;121.73551177978516;16787.763671875;0;248.08311462402344;0;;0.98828125;178413;m2;203588;0;
..\..\world\lordaeron\aeriepeaks\passivedoodads\trees\aerietree01.m2;20272.21875;117.42926788330078;16988.302734375;0;349.3187255859375;0;;1.9755859375;184033;m2;203587;0;
..\..\world\lordaeron\aeriepeaks\passivedoodads\trees\aerietree01.m2;20036.439453125;106.53177642822266;16826.533203125;0;177.8187255859375;0;;1.9755859375;184388;m2;203587;0;
..\..\world\lordaeron\aeriepeaks\passivedoodads\trees\aerietree01.m2;19963.9765625;116.07491302490234;16730.873046875;0;54.818756103515625;0;;1.9755859375;184414;m2;203587;0;
..\..\world\lordaeron\aeriepeaks\passivedoodads\trees\aerietree02.m2;20219.611328125;126.13670349121094;17026.310546875;0;0.65325927734375;0;;0.97265625;184002;m2;203588;0;
..\..\world\lordaeron\aeriepeaks\passivedoodads\trees\aerietree02.m2;20177.447265625;131.6962432861328;17029.494140625;0;327.6532897949219;0;;0.97265625;184005;m2;203588;0;
..\..\world\lordaeron\aeriepeaks\passivedoodads\trees\aerietree03.m2;20176.884765625;173.57127380371094;16612.87109375;0;42.286376953125;0;;0.763671875;397830;m2;203589;0;
..\..\world\lordaeron\aeriepeaks\passivedoodads\trees\aerietree03.m2;20289.89453125;155.41897583007812;16646.783203125;0;42.286376953125;0;;0.763671875;397831;m2;203589;0;
..\..\world\lordaeron\aeriepeaks\passivedoodads\trees\aerietree03.m2;20270.0078125;195.32569885253906;16522.724609375;0;42.286376953125;0;;0.763671875;397849;m2;203589;0;
..\..\world\lordaeron\aeriepeaks\passivedoodads\trees\aerietree03.m2;20220.73828125;202.40011596679688;16545.1640625;0;42.286376953125;0;;0.763671875;397829;m2;203589;0;
..\..\world\lordaeron\aeriepeaks\passivedoodads\trees\aerietree02.m2;19782.353515625;173.5663604736328;16643.24609375;0;111.08615112304688;0;;0.9453125;178424;m2;203588;0;
..\..\world\lordaeron\aeriepeaks\passivedoodads\trees\aerietree02.m2;19751.33203125;160.89785766601562;16659.73828125;0;53.086151123046875;0;;0.9453125;575859;m2;203588;0;
..\..\world\lordaeron\aeriepeaks\passivedoodads\trees\aerietree01.m2;19873.748046875;116.24038696289062;16990.4296875;0;222.5381317138672;0;;1.8974609375;184617;m2;203587;0;
..\..\world\lordaeron\aeriepeaks\passivedoodads\trees\aerietree01.m2;20133.765625;135.09779357910156;17052.078125;0;63.09326171875;0;;1.8896484375;184344;m2;203587;0;
..\..\world\lordaeron\aeriepeaks\passivedoodads\trees\aerietree02.m2;20104.912109375;131.6154022216797;17027.3203125;0;287.73828125;0;;0.9267578125;184340;m2;203588;0;
..\..\world\lordaeron\aeriepeaks\passivedoodads\trees\aerietree02.m2;19927.8046875;105.50467681884766;16870.23046875;0;313.23834228515625;0;;0.9267578125;184472;m2;203588;0;
..\..\world\lordaeron\aeriepeaks\passivedoodads\trees\aerietree02.m2;20155.146484375;136.4318389892578;17007.626953125;0;355.73828125;0;;0.9267578125;184481;m2;203588;0;
..\..\world\lordaeron\aeriepeaks\passivedoodads\trees\aerietree02.m2;20097.5625;129.91844177246094;16936.208984375;0;158.23828125;0;;0.9267578125;184497;m2;203588;0;
..\..\world\lordaeron\aeriepeaks\passivedoodads\trees\aerietree02.m2;19756.302734375;108.63804626464844;16947.740234375;0;285.7383117675781;0;;0.9267578125;184476;m2;203588;0;
..\..\world\lordaeron\aeriepeaks\passivedoodads\trees\aerietree04.m2;19735.97265625;120.71671295166016;16822.39453125;0;94.5643310546875;0;;0.896484375;178316;m2;203590;0;
..\..\world\lordaeron\aeriepeaks\passivedoodads\trees\aerietree01.m2;20088.4609375;118.0866470336914;16813.724609375;0;152.2236328125;0;;1.8525390625;184393;m2;203587;0;
..\..\world\lordaeron\aeriepeaks\passivedoodads\trees\aerietree02.m2;20228.20703125;202.066162109375;16534.486328125;0;36.820068359375;0;;0.9140625;397850;m2;203588;0;
..\..\world\lordaeron\aeriepeaks\passivedoodads\trees\aerietree02.m2;20164.943359375;178.5963134765625;16583.38671875;0;36.820068359375;0;;0.9140625;397852;m2;203588;0;
..\..\world\lordaeron\aeriepeaks\passivedoodads\trees\aerietree02.m2;20222.455078125;196.9291229248047;16595.142578125;0;36.820068359375;0;;0.9140625;397851;m2;203588;0;
..\..\world\lordaeron\aeriepeaks\passivedoodads\trees\aerietree02.m2;20075.421875;121.69313049316406;16848.283203125;0;203.36123657226562;0;;0.908203125;184399;m2;203588;0;
..\..\world\lordaeron\aeriepeaks\passivedoodads\trees\aerietree02.m2;20004.576171875;152.1113739013672;16620.953125;0;320.68231201171875;0;;0.9072265625;392907;m2;203588;0;
..\..\world\lordaeron\aeriepeaks\passivedoodads\trees\aerietree02.m2;20168.8125;121.83219146728516;16819.48828125;0;314.1948547363281;0;;0.90234375;184361;m2;203588;0;
..\..\world\lordaeron\aeriepeaks\passivedoodads\trees\aerietree02.m2;20042.697265625;107.68363189697266;16822.966796875;0;60.194854736328125;0;;0.90234375;184387;m2;203588;0;
..\..\world\lordaeron\aeriepeaks\passivedoodads\trees\aerietree02.m2;19963.560546875;114.8738784790039;16738.064453125;0;297.1948547363281;0;;0.90234375;184413;m2;203588;0;
..\..\world\lordaeron\aeriepeaks\passivedoodads\trees\aerietree02.m2;20265.501953125;117.93196868896484;16990.908203125;0;231.69485473632812;0;;0.90234375;184031;m2;203588;0;
..\..\world\lordaeron\aeriepeaks\passivedoodads\trees\aerietree02.m2;20035.962890625;184.59814453125;16558.392578125;0;46.820068359375;0;;0.8935546875;392901;m2;203588;0;
..\..\world\lordaeron\aeriepeaks\passivedoodads\trees\aerietree02.m2;20213.42578125;120.97428131103516;16795.802734375;0;241.660888671875;0;;0.892578125;184439;m2;203588;0;
..\..\world\lordaeron\aeriepeaks\passivedoodads\trees\aerietree02.m2;20252.71875;119.7642593383789;16750.0546875;0;243.660888671875;0;;0.892578125;184442;m2;203588;0;
..\..\world\lordaeron\aeriepeaks\passivedoodads\trees\aerietree02.m2;20165.212890625;127.69450378417969;16909.6484375;0;241.660888671875;0;;0.892578125;184386;m2;203588;0;
..\..\world\lordaeron\aeriepeaks\passivedoodads\trees\aerietree02.m2;20222.7109375;147.2599639892578;16667.19921875;0;241.660888671875;0;;0.892578125;185471;m2;203588;0;
..\..\world\lordaeron\aeriepeaks\passivedoodads\trees\aerietree03.m2;20195.34765625;120.19754791259766;16757.236328125;0;206.78640747070312;0;;0.7041015625;184447;m2;203589;0;
..\..\world\lordaeron\aeriepeaks\passivedoodads\trees\aerietree03.m2;19910.017578125;120.5024185180664;16687.203125;0;206.78640747070312;0;;0.7041015625;184456;m2;203589;0;
..\..\world\lordaeron\aeriepeaks\passivedoodads\trees\aerietree03.m2;19865.720703125;120.961669921875;16709.365234375;0;193.78640747070312;0;;0.7041015625;184459;m2;203589;0;
..\..\world\lordaeron\aeriepeaks\passivedoodads\trees\aerietree03.m2;20152.26953125;131.18637084960938;16701.279296875;0;277.78643798828125;0;;0.7041015625;185473;m2;203589;0;
..\..\world\lordaeron\aeriepeaks\passivedoodads\trees\aerietree03.m2;20040.56640625;168.49539184570312;16619.220703125;0;322.2864074707031;0;;0.7041015625;185481;m2;203589;0;
..\..\world\lordaeron\aeriepeaks\passivedoodads\trees\aerietree03.m2;19948.919921875;157.429443359375;16613.865234375;0;322.2864074707031;0;;0.7041015625;185485;m2;203589;0;
..\..\world\lordaeron\aeriepeaks\passivedoodads\trees\aerietree03.m2;20027.173828125;133.97129821777344;16678.265625;0;322.2864074707031;0;;0.7041015625;185489;m2;203589;0;
..\..\world\lordaeron\aeriepeaks\passivedoodads\trees\aerietree03.m2;19855.474609375;166.1235809326172;16623.421875;0;206.78640747070312;0;;0.7041015625;185494;m2;203589;0;
..\..\world\lordaeron\aeriepeaks\passivedoodads\trees\aerietree03.m2;20076.30078125;122.29216766357422;16726.82421875;0;206.78640747070312;0;;0.7041015625;184450;m2;203589;0;
..\..\world\lordaeron\aeriepeaks\passivedoodads\trees\aerietree03.m2;19983.486328125;121.71724700927734;16687.529296875;0;206.78640747070312;0;;0.7041015625;184453;m2;203589;0;
..\..\world\lordaeron\aeriepeaks\passivedoodads\trees\aerietree02.m2;20233.31640625;147.35562133789062;16676.689453125;0;104.39351654052734;0;;0.8916015625;185472;m2;203588;0;
..\..\world\lordaeron\aeriepeaks\passivedoodads\trees\aerietree03.m2;19902.041015625;112.23143005371094;16834.54296875;0;0;0;;0.69921875;184557;m2;203589;0;
..\..\world\lordaeron\aeriepeaks\passivedoodads\trees\aerietree03.m2;19818.544921875;109.46095275878906;16922.77734375;0;0;0;;0.69921875;184606;m2;203589;0;
..\..\world\lordaeron\aeriepeaks\passivedoodads\trees\aerietree02.m2;20166.720703125;127.17352294921875;16876.251953125;0;289.211181640625;0;;0.88671875;184369;m2;203588;0;
..\..\world\lordaeron\aeriepeaks\passivedoodads\trees\aerietree02.m2;19944.962890625;107.55882263183594;16791.73828125;0;272.211181640625;0;;0.88671875;184421;m2;203588;0;
..\..\world\lordaeron\aeriepeaks\passivedoodads\trees\aerietree02.m2;19820.23828125;215.87181091308594;16563.08203125;0;35.84320068359375;0;;0.880859375;397820;m2;203588;0;
..\..\world\lordaeron\aeriepeaks\passivedoodads\trees\aerietree02.m2;19815.853515625;134.5480499267578;17032.0234375;0;0;0;;0.8798828125;184565;m2;203588;0;
..\..\world\lordaeron\aeriepeaks\passivedoodads\trees\aerietree01.m2;19956.796875;155.22206115722656;16616.580078125;0;115.08895874023438;0;;1.7509765625;185487;m2;203587;0;
..\..\world\lordaeron\aeriepeaks\passivedoodads\trees\aerietree01.m2;20106.03125;118.61750030517578;16768.04296875;0;70.58892822265625;0;;1.7509765625;184408;m2;203587;0;
..\..\world\lordaeron\aeriepeaks\passivedoodads\trees\aerietree01.m2;19975.12890625;107.61804962158203;16821.095703125;0;307.58892822265625;0;;1.7509765625;184434;m2;203587;0;
..\..\world\lordaeron\aeriepeaks\passivedoodads\trees\aerietree01.m2;20155.986328125;126.84835052490234;16708.736328125;0;70.58892822265625;0;;1.7509765625;185475;m2;203587;0;
..\..\world\lordaeron\aeriepeaks\passivedoodads\trees\aerietree01.m2;20120.611328125;121.41532135009766;16719.955078125;0;96.58892822265625;0;;1.7509765625;185491;m2;203587;0;
..\..\world\lordaeron\aeriepeaks\passivedoodads\trees\aerietree02.m2;20107.345703125;128.9873504638672;17080.365234375;0;210.17526245117188;0;;0.8701171875;184338;m2;203588;0;
..\..\world\lordaeron\aeriepeaks\passivedoodads\trees\aerietree02.m2;20121.8359375;133.2771759033203;17022.396484375;0;325.67523193359375;0;;0.8701171875;184342;m2;203588;0;
..\..\world\lordaeron\aeriepeaks\passivedoodads\trees\aerietree02.m2;20096.09765625;126.64634704589844;16888.87890625;0;329.6752624511719;0;;0.8701171875;235643;m2;203588;0;
..\..\world\lordaeron\aeriepeaks\passivedoodads\trees\aerietree02.m2;20032.80859375;123.83997344970703;17080.71484375;0;351.17529296875;0;;0.8701171875;184332;m2;203588;0;
..\..\world\lordaeron\aeriepeaks\passivedoodads\trees\aerietree02.m2;19973.126953125;113.63111114501953;16939.40234375;0;99.17532348632812;0;;0.8701171875;184531;m2;203588;0;
..\..\world\lordaeron\aeriepeaks\passivedoodads\trees\aerietree02.m2;20037.56640625;116.12026977539062;16894.095703125;0;150.17529296875;0;;0.8701171875;184515;m2;203588;0;
..\..\world\lordaeron\aeriepeaks\passivedoodads\trees\aerietree02.m2;20021.03515625;121.69828033447266;17082.052734375;0.4999997913837433;217.02810668945312;1.5000003576278687;;0.8564453125;184331;m2;203588;0;
..\..\world\lordaeron\aeriepeaks\passivedoodads\trees\aerietree02.m2;19973.142578125;113.16478729248047;16948.74609375;0.49999985098838806;326.0281066894531;1.5000001192092896;;0.8564453125;184530;m2;203588;0;
..\..\world\lordaeron\aeriepeaks\passivedoodads\trees\aerietree02.m2;19929.1875;108.76344299316406;16859.83984375;0.4999997913837433;217.02810668945312;1.5000003576278687;;0.8564453125;184469;m2;203588;0;
..\..\world\lordaeron\aeriepeaks\passivedoodads\trees\aerietree02.m2;20149.146484375;135.63905334472656;16999.03125;0.5000001192092896;259.5280456542969;1.5000003576278687;;0.8564453125;184482;m2;203588;0;
..\..\world\lordaeron\aeriepeaks\passivedoodads\trees\aerietree02.m2;20100.69921875;130.51600646972656;16946.2109375;0.5000001192092896;62.028106689453125;1.5000001192092896;;0.8564453125;184498;m2;203588;0;
..\..\world\lordaeron\aeriepeaks\passivedoodads\trees\aerietree02.m2;19981.87109375;115.6489028930664;17040.62890625;0;0;0;;0.83984375;184594;m2;203588;0;
..\..\world\lordaeron\aeriepeaks\passivedoodads\trees\aerietree03.m2;20059.7890625;129.1776885986328;17038.234375;0;292.5;0;;0.6591796875;184553;m2;203589;0;
..\..\world\lordaeron\aeriepeaks\passivedoodads\trees\aerietree03.m2;19770.92578125;117.69239807128906;17003.23828125;0;267.9999694824219;0;;0.6591796875;184668;m2;203589;0;
..\..\world\lordaeron\aeriepeaks\passivedoodads\trees\aerietree03.m2;19947.92578125;119.54287719726562;17067.1015625;0;194;0;;0.6591796875;184730;m2;203589;0;
..\..\world\lordaeron\aeriepeaks\passivedoodads\cliff\aeriepeaksrockoutcrop01.m2;19727.208984375;172.5106658935547;16660.77734375;59.5;233.99998474121094;-159.5;;0.609375;392981;m2;203569;0;
..\..\world\lordaeron\aeriepeaks\passivedoodads\trees\aerietree02.m2;19784.23828125;120.94454193115234;16858.62890625;2;195.4307861328125;-2.500000238418579;;0.802734375;171294;m2;203588;0;
..\..\world\lordaeron\aeriepeaks\passivedoodads\cliff\aeriepeaksrockoutcrop01.m2;19733.125;137.08599853515625;16682.423828125;20.5;192;-51.000003814697266;;0.609375;575861;m2;203569;0;
..\..\world\lordaeron\aeriepeaks\passivedoodads\cliff\aeriepeaksrockoutcrop01.m2;19739.09765625;169.67356872558594;16658.6796875;56.5;155.5;-140.00001525878906;;0.609375;575858;m2;203569;0;
..\..\world\lordaeron\aeriepeaks\passivedoodads\trees\aerietree02.m2;19818.453125;143.5612335205078;16678.994140625;0;0;0;;0.8193359375;184563;m2;203588;0;
..\..\world\lordaeron\aeriepeaks\passivedoodads\trees\aerietree02.m2;19982.115234375;108.51930236816406;16814.55859375;0;24.68231201171875;0;;0.8076171875;184432;m2;203588;0;
..\..\world\lordaeron\aeriepeaks\passivedoodads\trees\aerietree02.m2;20188.65625;119.43045043945312;16753.646484375;0;76.68231201171875;0;;0.8076171875;184446;m2;203588;0;
..\..\world\lordaeron\aeriepeaks\passivedoodads\trees\aerietree02.m2;20069.611328125;122.14431762695312;16723.236328125;0;76.68231201171875;0;;0.8076171875;184449;m2;203588;0;
..\..\world\lordaeron\aeriepeaks\passivedoodads\trees\aerietree02.m2;19903.326171875;121.9615478515625;16683.61328125;0;76.68231201171875;0;;0.8076171875;184455;m2;203588;0;
..\..\world\lordaeron\aeriepeaks\passivedoodads\trees\aerietree02.m2;20115.080078125;123.16648864746094;16723.248046875;0;173.68231201171875;0;;0.8076171875;185490;m2;203588;0;
..\..\world\lordaeron\aeriepeaks\passivedoodads\trees\aerietree02.m2;19976.796875;121.7538070678711;16683.939453125;0;76.68231201171875;0;;0.8076171875;184452;m2;203588;0;
..\..\world\lordaeron\aeriepeaks\passivedoodads\trees\aerietree02.m2;20146.701171875;130.50929260253906;16706.4375;0;147.68231201171875;0;;0.8076171875;185474;m2;203588;0;
..\..\world\lordaeron\aeriepeaks\passivedoodads\trees\aerietree02.m2;20049.8125;169.16246032714844;16621.466796875;0;192.18231201171875;0;;0.8076171875;185482;m2;203588;0;
..\..\world\lordaeron\aeriepeaks\passivedoodads\trees\aerietree02.m2;19948.5625;153.810791015625;16621.451171875;0;192.18231201171875;0;;0.8076171875;185486;m2;203588;0;
..\..\world\lordaeron\aeriepeaks\passivedoodads\trees\aerietree02.m2;19848.78515625;167.1505126953125;16619.83203125;0;76.68231201171875;0;;0.8076171875;185495;m2;203588;0;
..\..\world\lordaeron\aeriepeaks\passivedoodads\trees\aerietree02.m2;19942.009765625;175.4110107421875;16539.705078125;0;192.18231201171875;0;;0.8076171875;392905;m2;203588;0;
..\..\world\lordaeron\aeriepeaks\passivedoodads\trees\aerietree02.m2;19911.265625;151.3508758544922;16625.892578125;0;192.18231201171875;0;;0.8076171875;397813;m2;203588;0;
..\..\world\lordaeron\aeriepeaks\passivedoodads\trees\aerietree02.m2;19863.81640625;184.52438354492188;16598.09375;0;192.18231201171875;0;;0.8076171875;397814;m2;203588;0;
..\..\world\lordaeron\aeriepeaks\passivedoodads\trees\aerietree02.m2;19953.84375;133.57797241210938;16656.4609375;0;192.18231201171875;0;;0.8076171875;398029;m2;203588;0;
..\..\world\lordaeron\aeriepeaks\passivedoodads\trees\aerietree02.m2;19790.59765625;209.8102569580078;16569.423828125;0;192.18231201171875;0;;0.8076171875;397815;m2;203588;0;
..\..\world\lordaeron\aeriepeaks\passivedoodads\trees\aerietree04.m2;19762.15625;115.66252899169922;16897.451171875;0;227.39178466796875;0;;0.7802734375;171295;m2;203590;0;
..\..\world\lordaeron\aeriepeaks\passivedoodads\trees\aerietree02.m2;20238.94921875;123.1550064086914;17024.1484375;0;265.02435302734375;0;;0.8017578125;184010;m2;203588;0;
..\..\world\lordaeron\aeriepeaks\passivedoodads\trees\aerietree02.m2;19833.794921875;131.0438995361328;17064.310546875;0;0;0;;0.7998046875;184569;m2;203588;0;
..\..\world\lordaeron\aeriepeaks\passivedoodads\trees\aerietree02.m2;19951.94140625;114.61148071289062;17026.095703125;0;0;0;;0.7998046875;184683;m2;203588;0;
..\..\world\lordaeron\aeriepeaks\passivedoodads\trees\aerietree03.m2;19807.11328125;134.8480224609375;17035.806640625;0;0;0;;0.6298828125;184564;m2;203589;0;
..\..\world\lordaeron\aeriepeaks\passivedoodads\trees\aerietree03.m2;20028.75390625;112.02152252197266;16777.080078125;0;163.9173583984375;0;;0.6279296875;184430;m2;203589;0;
..\..\world\lordaeron\aeriepeaks\passivedoodads\trees\aerietree03.m2;19794.30859375;114.99857330322266;16910.779296875;0;225.4173583984375;0;;0.6279296875;184468;m2;203589;0;
..\..\world\lordaeron\aeriepeaks\passivedoodads\trees\aerietree03.m2;20255.814453125;118.22247314453125;16811.07421875;0;83.4173583984375;0;;0.6279296875;184262;m2;203589;0;
..\..\world\lordaeron\aeriepeaks\passivedoodads\trees\aerietree03.m2;20131.55078125;132.1132049560547;16870.8671875;0;180.9173583984375;0;;0.6279296875;184370;m2;203589;0;
..\..\world\lordaeron\aeriepeaks\passivedoodads\trees\aerietree03.m2;20242.5625;115.14794921875;16837.73828125;0;180.9173583984375;0;;0.6279296875;184378;m2;203589;0;
..\..\world\lordaeron\aeriepeaks\passivedoodads\trees\aerietree03.m2;19912.90625;114.35733032226562;16776.306640625;0;163.9173583984375;0;;0.6279296875;184422;m2;203589;0;
..\..\world\lordaeron\aeriepeaks\passivedoodads\trees\aerietree03.m2;19897.259765625;118.12098693847656;16727.923828125;0;163.9173583984375;0;;0.6279296875;184460;m2;203589;0;
..\..\world\lordaeron\aeriepeaks\passivedoodads\trees\aerietree03.m2;20008.4296875;115.07380676269531;16725.525390625;0;228.4173583984375;0;;0.6279296875;184465;m2;203589;0;
..\..\world\lordaeron\aeriepeaks\passivedoodads\trees\aerietree03.m2;20195.69140625;131.2622528076172;16968.90625;0;285.4173583984375;0;;0.6279296875;184486;m2;203589;0;
..\..\world\lordaeron\aeriepeaks\passivedoodads\trees\aerietree03.m2;20047.251953125;119.00502014160156;16960.947265625;0;87.9173583984375;0;;0.6279296875;184502;m2;203589;0;
..\..\world\lordaeron\aeriepeaks\passivedoodads\trees\aerietree03.m2;20001.30859375;111.20675659179688;16868.853515625;0;41.9173583984375;0;;0.6279296875;184518;m2;203589;0;
..\..\world\lordaeron\aeriepeaks\passivedoodads\trees\aerietree03.m2;19964.072265625;106.89469909667969;16894.048828125;0;351.9173583984375;0;;0.6279296875;184534;m2;203589;0;
..\..\world\lordaeron\aeriepeaks\passivedoodads\trees\aerietree03.m2;20018.408203125;116.51222229003906;17001.603515625;0;202.4173583984375;0;;0.6279296875;184545;m2;203589;0;
..\..\world\lordaeron\aeriepeaks\passivedoodads\trees\aerietree03.m2;20008.44140625;111.12020874023438;16971.1484375;0;325.4173583984375;0;;0.6279296875;184548;m2;203589;0;
..\..\world\lordaeron\aeriepeaks\passivedoodads\trees\aerietree03.m2;19917.359375;110.59187316894531;16979.634765625;0;190.4173583984375;0;;0.6279296875;184611;m2;203589;0;
..\..\world\lordaeron\aeriepeaks\passivedoodads\trees\aerietree03.m2;19833.05078125;116.5509033203125;16975.76171875;0;59.4173583984375;0;;0.6279296875;184618;m2;203589;0;
..\..\world\lordaeron\aeriepeaks\passivedoodads\trees\aerietree03.m2;19887.935546875;112.65390014648438;16947.548828125;0;243.9173583984375;0;;0.6279296875;184627;m2;203589;0;
..\..\world\lordaeron\aeriepeaks\passivedoodads\trees\aerietree03.m2;20039.912109375;112.85045623779297;16747.04296875;0;286.9173583984375;0;;0.6279296875;184404;m2;203589;0;
..\..\world\lordaeron\aeriepeaks\passivedoodads\trees\aerietree02.m2;19997.181640625;118.40840911865234;17050.330078125;0;0;0;;0.7890625;184593;m2;203588;0;
..\..\world\lordaeron\aeriepeaks\passivedoodads\trees\aerietree02.m2;19727.4921875;124.23026275634766;17072.71484375;0;0;0;;0.7890625;184680;m2;203588;0;
..\..\world\lordaeron\aeriepeaks\passivedoodads\trees\aerietree01.m2;19770.3984375;136.05795288085938;17062.298828125;0;0;0;;1.5693359375;184677;m2;203587;0;
..\..\world\lordaeron\aeriepeaks\passivedoodads\trees\aerietree02.m2;19827.646484375;121.90479278564453;16999.76953125;0;345;0;;0.779296875;184674;m2;203588;0;
..\..\world\lordaeron\aeriepeaks\passivedoodads\trees\aerietree02.m2;19967.435546875;108.46807861328125;16818.65625;0;202.82009887695312;0;;0.7734375;184435;m2;203588;0;
..\..\world\lordaeron\aeriepeaks\passivedoodads\trees\aerietree02.m2;20158.130859375;126.770751953125;16716.517578125;0;325.8200988769531;0;;0.7734375;185476;m2;203588;0;
..\..\world\lordaeron\aeriepeaks\passivedoodads\trees\aerietree02.m2;20108.17578125;118.76302337646484;16775.82421875;0;325.8200988769531;0;;0.7734375;184409;m2;203588;0;
..\..\world\lordaeron\aeriepeaks\passivedoodads\trees\aerietree02.m2;20085.728515625;181.80914306640625;16612.96875;0;10.320098876953125;0;;0.7734375;185484;m2;203588;0;
..\..\world\lordaeron\aeriepeaks\passivedoodads\trees\aerietree02.m2;20012.384765625;172.91543579101562;16536.6015625;0;10.320098876953125;0;;0.7734375;392904;m2;203588;0;
..\..\world\lordaeron\aeriepeaks\passivedoodads\trees\aerietree02.m2;20182.84765625;120.49403381347656;16767.736328125;0;254.82009887695312;0;;0.7734375;184445;m2;203588;0;
..\..\world\lordaeron\aeriepeaks\passivedoodads\trees\aerietree02.m2;19851.17578125;119.19407653808594;16716.78515625;0;241.82009887695312;0;;0.7734375;184457;m2;203588;0;
..\..\world\lordaeron\aeriepeaks\passivedoodads\trees\aerietree02.m2;19963.78125;152.91404724121094;16620.626953125;0;10.320098876953125;0;;0.7734375;185488;m2;203588;0;
..\..\world\lordaeron\aeriepeaks\passivedoodads\trees\aerietree02.m2;20040.4296875;137.4031524658203;16677.537109375;0;10.320098876953125;0;;0.7734375;185492;m2;203588;0;
..\..\world\lordaeron\aeriepeaks\passivedoodads\trees\aerietree02.m2;19842.97265625;169.9355926513672;16633.923828125;0;254.82009887695312;0;;0.7734375;185496;m2;203588;0;
..\..\world\lordaeron\aeriepeaks\passivedoodads\trees\aerietree02.m2;20086.443359375;213.42140197753906;16548.556640625;0;10.320098876953125;0;;0.7734375;397853;m2;203588;0;
..\..\world\lordaeron\aeriepeaks\passivedoodads\trees\aerietree02.m2;19859.517578125;124.37821197509766;17060.314453125;0;0;0;;0.76953125;184568;m2;203588;0;
..\..\world\lordaeron\aeriepeaks\passivedoodads\trees\aerietree03.m2;20252.943359375;119.6420669555664;16758.119140625;0;134.13485717773438;0;;0.6015625;184443;m2;203589;0;
..\..\world\lordaeron\aeriepeaks\passivedoodads\trees\aerietree03.m2;20165.16015625;128.3050537109375;16917.71875;0;132.13485717773438;0;;0.6015625;184385;m2;203589;0;
..\..\world\lordaeron\aeriepeaks\passivedoodads\trees\aerietree03.m2;20213.37109375;119.57901000976562;16803.87109375;0;132.13485717773438;0;;0.6015625;184440;m2;203589;0;
..\..\world\lordaeron\aeriepeaks\passivedoodads\trees\aerietree03.m2;20222.658203125;149.1522674560547;16675.267578125;0;132.13485717773438;0;;0.6015625;185470;m2;203589;0;
..\..\world\lordaeron\aeriepeaks\passivedoodads\trees\aerietree02.m2;20272.12109375;117.80471801757812;17047.017578125;0;293.34765625;0;;0.7626953125;184027;m2;203588;0;
..\..\world\lordaeron\aeriepeaks\passivedoodads\trees\aerietree03.m2;19916.84765625;114.59742736816406;17040.501953125;0;0;0;;0.599609375;184686;m2;203589;0;
..\..\world\lordaeron\aeriepeaks\passivedoodads\trees\aerietree01.m2;20274.068359375;117.56626892089844;17038.578125;0;189.501708984375;0;;1.521484375;184029;m2;203587;0;
..\..\models\unknown\unk_exp00_7568169\7568169.m2;19731.72265625;112.74127197265625;16685.36328125;0;0;0;;1;70061000;m2;7568169;0;
..\..\world\lordaeron\aeriepeaks\passivedoodads\trees\aerietree03.m2;19772.44140625;169.84304809570312;16643.541015625;0;336.23583984375;0;;0.5859375;178423;m2;203589;0;
..\..\world\lordaeron\aeriepeaks\passivedoodads\trees\aerietree03.m2;19745.830078125;163.4190673828125;16651.486328125;0;278.23583984375;0;;0.5859375;575860;m2;203589;0;
..\..\world\lordaeron\aeriepeaks\passivedoodads\trees\aerietree04.m2;20225.17578125;122.41216278076172;16948.833984375;0;264.383544921875;0;;0.71875;184042;m2;203590;0;
..\..\world\lordaeron\aeriepeaks\passivedoodads\trees\aerietree04.m2;20137.69921875;120.38819885253906;16834.666015625;0;147.383544921875;0;;0.71875;184374;m2;203590;0;
..\..\world\lordaeron\aeriepeaks\passivedoodads\trees\aerietree04.m2;20065.86328125;117.57615661621094;16848.689453125;0;253.38352966308594;0;;0.71875;184400;m2;203590;0;
..\..\world\lordaeron\aeriepeaks\passivedoodads\trees\aerietree02.m2;20197.166015625;120.55011749267578;16842.7734375;0;119.50357055664062;0;;0.7412109375;184364;m2;203588;0;
..\..\world\lordaeron\aeriepeaks\passivedoodads\trees\aerietree01.m2;20195.955078125;121.06977081298828;16849.974609375;0;281.3777770996094;0;;1.4912109375;184365;m2;203587;0;
..\..\world\lordaeron\aeriepeaks\passivedoodads\trees\aerietree01.m2;20063.96484375;129.61737060546875;17039.744140625;0;271.5;0;;1.4892578125;184554;m2;203587;0;
..\..\world\lordaeron\aeriepeaks\passivedoodads\trees\aerietree01.m2;19861.068359375;123.20970153808594;17035.611328125;0;235;0;;1.4892578125;184623;m2;203587;0;
..\..\world\lordaeron\aeriepeaks\passivedoodads\trees\aerietree01.m2;19775.359375;121.52821350097656;17009.00390625;0;247;0;;1.4892578125;184666;m2;203587;0;
..\..\world\lordaeron\aeriepeaks\passivedoodads\trees\aerietree01.m2;19945.81640625;119.51516723632812;17071.0078125;0;173;0;;1.4892578125;184731;m2;203587;0;
..\..\world\lordaeron\aeriepeaks\passivedoodads\trees\aerietree02.m2;19897.494140625;111.738037109375;16838.8515625;0;0;0;;0.7392578125;184558;m2;203588;0;
..\..\world\lordaeron\aeriepeaks\passivedoodads\trees\aerietree03.m2;19730.73828125;122.7537612915039;17067.044921875;0;0;0;;0.5791015625;184679;m2;203589;0;
..\..\world\lordaeron\aeriepeaks\passivedoodads\trees\aerietree02.m2;19774.25390625;140.5995635986328;17063.0625;0;0;0;;0.7294921875;184676;m2;203588;0;
..\..\world\lordaeron\aeriepeaks\passivedoodads\trees\aerietree02.m2;20259.150390625;117.72418975830078;16867.1015625;0;316.8735046386719;0;;0.7255859375;184355;m2;203588;0;
..\..\world\lordaeron\aeriepeaks\passivedoodads\trees\aerietree02.m2;20251.525390625;118.75247192382812;16922.90625;0;24.87353515625;0;;0.7255859375;184359;m2;203588;0;
..\..\world\lordaeron\aeriepeaks\passivedoodads\trees\aerietree02.m2;20202.775390625;127.20437622070312;16936.40625;0;263.8735046386719;0;;0.7255859375;184491;m2;203588;0;
..\..\world\lordaeron\aeriepeaks\passivedoodads\trees\aerietree02.m2;19934.83203125;113.48773193359375;16917.142578125;0;330.37347412109375;0;;0.7255859375;184539;m2;203588;0;
..\..\world\lordaeron\aeriepeaks\passivedoodads\trees\aerietree02.m2;19951.232421875;113.8765869140625;16971.361328125;0;273.8735046386719;0;;0.7255859375;184541;m2;203588;0;
..\..\world\lordaeron\aeriepeaks\passivedoodads\trees\aerietree02.m2;20073.2734375;130.0498046875;16987.61328125;0;66.37347412109375;0;;0.7255859375;184507;m2;203588;0;
..\..\world\lordaeron\aeriepeaks\passivedoodads\trees\aerietree02.m2;20125.48046875;131.85447692871094;16965.63671875;0;9.87353515625;0;;0.7255859375;184509;m2;203588;0;
..\..\world\lordaeron\aeriepeaks\passivedoodads\trees\aerietree01.m2;19822.15625;142.68724060058594;16676.267578125;0;0;0;;1.4599609375;184562;m2;203587;0;
..\..\world\lordaeron\aeriepeaks\passivedoodads\trees\aerietree02.m2;20095.544921875;167.6402587890625;16646.927734375;0;341.320068359375;0;;0.7236328125;397875;m2;203588;0;
..\..\world\lordaeron\aeriepeaks\passivedoodads\trees\aerietree02.m2;20086.474609375;197.87998962402344;16580.44140625;0;341.320068359375;0;;0.7236328125;397876;m2;203588;0;
..\..\world\lordaeron\aeriepeaks\passivedoodads\trees\aerietree02.m2;20270.94140625;116.45265197753906;16864.54296875;0;119.61892700195312;0;;0.720703125;184353;m2;203588;0;
..\..\world\lordaeron\aeriepeaks\passivedoodads\trees\aerietree02.m2;20065.41015625;129.25906372070312;16988.64453125;0;229.11895751953125;0;;0.720703125;184505;m2;203588;0;
..\..\world\lordaeron\aeriepeaks\passivedoodads\trees\aerietree02.m2;20130.53515625;130.77197265625;16954.677734375;0;172.61895751953125;0;;0.720703125;184512;m2;203588;0;
..\..\world\lordaeron\aeriepeaks\passivedoodads\trees\aerietree02.m2;20054.658203125;128.9789276123047;17043.6171875;0;292.5;0;;0.7197265625;184555;m2;203588;0;
..\..\world\lordaeron\aeriepeaks\passivedoodads\trees\aerietree02.m2;19959.45703125;119.14170837402344;17069.341796875;0;194;0;;0.7197265625;184729;m2;203588;0;
..\..\world\lordaeron\aeriepeaks\passivedoodads\trees\aerietree02.m2;19899.744140625;108.99059295654297;16867.03515625;0;344.5;0;;0.7197265625;184603;m2;203588;0;
..\..\world\lordaeron\aeriepeaks\passivedoodads\trees\aerietree02.m2;19848.86328125;124.4294204711914;17030.435546875;0;256;0;;0.7197265625;184624;m2;203588;0;
..\..\world\lordaeron\aeriepeaks\passivedoodads\trees\aerietree02.m2;19762.34375;118.20498657226562;17006.48046875;0;267.9999694824219;0;;0.7197265625;184667;m2;203588;0;
..\..\world\lordaeron\aeriepeaks\passivedoodads\trees\aerietree02.m2;19889.662109375;119.18374633789062;16730.24609375;0;280.313720703125;0;;0.716796875;184461;m2;203588;0;
..\..\world\lordaeron\aeriepeaks\passivedoodads\trees\aerietree02.m2;20201.638671875;129.76568603515625;16974.16796875;0;41.813720703125;0;;0.716796875;184485;m2;203588;0;
..\..\world\lordaeron\aeriepeaks\passivedoodads\trees\aerietree02.m2;20252.26953125;118.28304290771484;16803.966796875;0;199.813720703125;0;;0.716796875;184264;m2;203588;0;
..\..\world\lordaeron\aeriepeaks\passivedoodads\trees\aerietree02.m2;20235.9765625;115.07930755615234;16842.1796875;0;297.313720703125;0;;0.716796875;184377;m2;203588;0;
..\..\world\lordaeron\aeriepeaks\passivedoodads\trees\aerietree02.m2;19905.310546875;113.27921295166016;16778.62890625;0;280.313720703125;0;;0.716796875;184423;m2;203588;0;
..\..\world\lordaeron\aeriepeaks\passivedoodads\trees\aerietree02.m2;20021.15625;110.52542877197266;16779.404296875;0;280.313720703125;0;;0.716796875;184429;m2;203588;0;
..\..\world\lordaeron\aeriepeaks\passivedoodads\trees\aerietree02.m2;20043.16015625;117.8108901977539;16954.138671875;0;204.313720703125;0;;0.716796875;184501;m2;203588;0;
..\..\world\lordaeron\aeriepeaks\passivedoodads\trees\aerietree02.m2;20013.91015625;115.66808319091797;17008.15234375;0;318.813720703125;0;;0.716796875;184547;m2;203588;0;
..\..\world\lordaeron\aeriepeaks\passivedoodads\trees\aerietree02.m2;19910.9921875;110.36009979248047;16985.7734375;0;306.813720703125;0;;0.716796875;184610;m2;203588;0;
..\..\world\lordaeron\aeriepeaks\passivedoodads\trees\aerietree02.m2;19832.703125;114.0265884399414;16967.826171875;0;175.813720703125;0;;0.716796875;184619;m2;203588;0;
..\..\world\lordaeron\aeriepeaks\passivedoodads\trees\aerietree02.m2;20046;111.85774230957031;16752.1484375;0;43.313720703125;0;;0.716796875;184403;m2;203588;0;
..\..\world\lordaeron\aeriepeaks\passivedoodads\trees\aerietree02.m2;20003.36328125;109.80827331542969;16861.181640625;0;158.313720703125;0;;0.716796875;184517;m2;203588;0;
..\..\world\lordaeron\aeriepeaks\passivedoodads\trees\aerietree02.m2;20016.3828125;111.26921081542969;16971.357421875;0;81.813720703125;0;;0.716796875;184549;m2;203588;0;
..\..\world\lordaeron\aeriepeaks\passivedoodads\trees\aerietree02.m2;19900.380859375;112.94859313964844;17016.64453125;0;8.313720703125;0;;0.716796875;184613;m2;203588;0;
..\..\world\lordaeron\aeriepeaks\passivedoodads\trees\aerietree02.m2;19888.90625;113.59523010253906;16955.435546875;0;0.313720703125;0;;0.716796875;184625;m2;203588;0;
..\..\world\lordaeron\aeriepeaks\passivedoodads\trees\aerietree03.m2;20283.564453125;117.67369079589844;17047.3125;0;232.5103759765625;0;;0.5634765625;184030;m2;203589;0;
..\..\world\lordaeron\aeriepeaks\passivedoodads\trees\aerietree03.m2;20225.40625;125.23351287841797;17047.013671875;0;309.5103759765625;0;;0.5634765625;184001;m2;203589;0;
..\..\world\lordaeron\aeriepeaks\passivedoodads\trees\aerietree03.m2;20186.43359375;130.5613555908203;17031.5859375;0;276.5103759765625;0;;0.5634765625;184004;m2;203589;0;
..\..\world\lordaeron\aeriepeaks\passivedoodads\trees\aerietree02.m2;19741.31640625;120.2506103515625;16915.591796875;0;13.76629638671875;0;;0.697265625;178419;m2;203588;0;
..\..\world\lordaeron\aeriepeaks\passivedoodads\trees\aerietree03.m2;20263.67578125;116.1845474243164;16864.443359375;0;50.6776123046875;0;;0.548828125;184354;m2;203589;0;
..\..\world\lordaeron\aeriepeaks\passivedoodads\trees\aerietree03.m2;20260.779296875;117.93621063232422;16889.5390625;0;118.67764282226562;0;;0.548828125;184358;m2;203589;0;
..\..\world\lordaeron\aeriepeaks\passivedoodads\trees\aerietree03.m2;20069.2578125;127.3051528930664;16984.234375;0;160.1776123046875;0;;0.548828125;184508;m2;203589;0;
..\..\world\lordaeron\aeriepeaks\passivedoodads\trees\aerietree03.m2;19982.95703125;114.82669830322266;17007.921875;0;253.17762756347656;0;;0.548828125;184550;m2;203589;0;
..\..\world\lordaeron\aeriepeaks\passivedoodads\trees\aerietree03.m2;19938.61328125;111.86665344238281;16913.501953125;0;64.17764282226562;0;;0.548828125;184540;m2;203589;0;
..\..\world\lordaeron\aeriepeaks\passivedoodads\trees\aerietree01.m2;19723.591796875;120.18595123291016;17064.705078125;0;0;0;;1.3994140625;184681;m2;203587;0;
..\..\world\lordaeron\aeriepeaks\passivedoodads\trees\aerietree02.m2;19980.828125;173.98121643066406;16557.7890625;0;15.320098876953125;0;;0.6943359375;392908;m2;203588;0;
..\..\world\lordaeron\aeriepeaks\passivedoodads\trees\aerietree02.m2;20065.0234375;221.92686462402344;16531.30078125;0;15.320098876953125;0;;0.6943359375;397854;m2;203588;0;
..\..\world\lordaeron\aeriepeaks\passivedoodads\trees\aerietree02.m2;20031.478515625;123.22511291503906;17053.095703125;0;0;0;;0.689453125;184590;m2;203588;0;
..\..\world\lordaeron\aeriepeaks\passivedoodads\trees\aerietree03.m2;19776.232421875;142.65670776367188;17071.76953125;0;0;0;;0.5390625;184678;m2;203589;0;
..\..\world\lordaeron\aeriepeaks\passivedoodads\trees\aerietree02.m2;20033.296875;106.44682312011719;16817.220703125;0;284.96002197265625;0;;0.673828125;184389;m2;203588;0;
..\..\world\lordaeron\aeriepeaks\passivedoodads\trees\aerietree02.m2;19973.5;116.03482055664062;16733.310546875;0;161.96002197265625;0;;0.673828125;184415;m2;203588;0;
..\..\world\lordaeron\aeriepeaks\passivedoodads\trees\aerietree02.m2;20176.92578125;122.45198822021484;16812.033203125;0;178.96002197265625;0;;0.673828125;184363;m2;203588;0;
..\..\world\lordaeron\aeriepeaks\passivedoodads\trees\aerietree02.m2;19775.296875;158.46688842773438;16670.697265625;0;35.84320068359375;0;;0.6708984375;393068;m2;203588;0;
..\..\world\lordaeron\aeriepeaks\passivedoodads\trees\aerietree01.m2;19825.076171875;109.2978515625;16926.857421875;0;0;0;;1.33984375;184608;m2;203587;0;
..\..\world\lordaeron\aeriepeaks\passivedoodads\trees\aerietree02.m2;20204.94921875;122.29856872558594;16850.0390625;0;242.2542724609375;0;;0.650390625;184366;m2;203588;0;
..\..\world\lordaeron\aeriepeaks\passivedoodads\trees\aerietree02.m2;19798.173828125;117.67434692382812;16711.224609375;0;0;0;;0.6494140625;171790;m2;203588;0;
..\..\world\lordaeron\aeriepeaks\passivedoodads\trees\aerietree02.m2;20165.568359375;134.1612091064453;17068.35546875;0;239.657958984375;0;;0.64453125;184025;m2;203588;0;
..\..\world\lordaeron\aeriepeaks\passivedoodads\trees\aerietree02.m2;20146.482421875;121.52104949951172;16839.251953125;0;261.77667236328125;0;;0.6416015625;184376;m2;203588;0;
..\..\world\lordaeron\aeriepeaks\passivedoodads\trees\aerietree02.m2;20067.849609375;116.80210876464844;16838.984375;0;7.77667236328125;0;;0.6416015625;184402;m2;203588;0;
..\..\world\lordaeron\aeriepeaks\passivedoodads\trees\aerietree02.m2;19874.021484375;121.5905532836914;17055.029296875;0;0;0;;0.6396484375;184588;m2;203588;0;
..\..\world\lordaeron\aeriepeaks\passivedoodads\trees\aerietree02.m2;20256.787109375;133.73562622070312;16702.361328125;0;341.320068359375;0;;0.6337890625;397812;m2;203588;0;
..\..\world\lordaeron\aeriepeaks\passivedoodads\trees\aerietree02.m2;20261.6875;174.33287048339844;16627.296875;0;341.320068359375;0;;0.6337890625;397869;m2;203588;0;
..\..\world\lordaeron\aeriepeaks\passivedoodads\trees\aerietree02.m2;20177.048828125;134.9171905517578;17066.955078125;0;229.30850219726562;0;;0.623046875;184024;m2;203588;0;
..\..\world\lordaeron\aeriepeaks\passivedoodads\trees\aerietree04.m2;19817.1875;108.95166778564453;16929.669921875;0;0;0;;0.599609375;184607;m2;203590;0;
..\..\world\lordaeron\aeriepeaks\passivedoodads\trees\aerietree02.m2;20051.41015625;120.68607330322266;16958.447265625;0;156.773193359375;0;;0.6162109375;184504;m2;203588;0;
..\..\world\lordaeron\aeriepeaks\passivedoodads\trees\aerietree02.m2;19966.125;108.25702667236328;16898.44921875;0;60.773162841796875;0;;0.6162109375;184536;m2;203588;0;
..\..\world\lordaeron\aeriepeaks\passivedoodads\trees\aerietree02.m2;20005.99609375;112.18208312988281;16870.111328125;0;110.77316284179688;0;;0.6162109375;184520;m2;203588;0;
..\..\world\lordaeron\aeriepeaks\passivedoodads\trees\aerietree02.m2;20192.47265625;132.3947296142578;16972.541015625;0;354.273193359375;0;;0.6162109375;184488;m2;203588;0;
..\..\world\lordaeron\aeriepeaks\passivedoodads\trees\aerietree01.m2;20125.1796875;186.01138305664062;16603.974609375;0;144.72659301757812;0;;1.2353515625;397858;m2;203587;0;
..\..\world\lordaeron\aeriepeaks\passivedoodads\trees\aerietree01.m2;20204.86328125;128.7481689453125;16965.716796875;0;346.7265625;0;;1.2353515625;184487;m2;203587;0;
..\..\world\lordaeron\aeriepeaks\passivedoodads\trees\aerietree01.m2;20244.3984375;119.11905670166016;16809.826171875;0;144.72659301757812;0;;1.2353515625;184265;m2;203587;0;
..\..\world\lordaeron\aeriepeaks\passivedoodads\trees\aerietree01.m2;20243.3515625;115.02462005615234;16847.419921875;0;242.22659301757812;0;;1.2353515625;184379;m2;203587;0;
..\..\world\lordaeron\aeriepeaks\passivedoodads\trees\aerietree01.m2;19994.361328125;110.07830047607422;16862.06640625;0;103.22659301757812;0;;1.2353515625;184519;m2;203587;0;
..\..\world\lordaeron\aeriepeaks\passivedoodads\trees\aerietree01.m2;19964.806640625;106.23542022705078;16884.365234375;0;53.226593017578125;0;;1.2353515625;184535;m2;203587;0;
..\..\world\lordaeron\aeriepeaks\passivedoodads\trees\aerietree01.m2;19919.130859375;109.90705108642578;16989.724609375;0;251.72659301757812;0;;1.2353515625;184609;m2;203587;0;
..\..\world\lordaeron\aeriepeaks\passivedoodads\trees\aerietree01.m2;20178.470703125;157.17945861816406;16666.443359375;0;144.72659301757812;0;;1.2353515625;397857;m2;203587;0;
..\..\world\lordaeron\aeriepeaks\passivedoodads\trees\aerietree01.m2;20131.228515625;206.9805145263672;16566.595703125;0;144.72659301757812;0;;1.2353515625;397859;m2;203587;0;
..\..\world\lordaeron\aeriepeaks\passivedoodads\trees\aerietree01.m2;20271.23828125;192.3775177001953;16589.291015625;0;144.72659301757812;0;;1.2353515625;397861;m2;203587;0;
..\..\world\lordaeron\aeriepeaks\passivedoodads\trees\aerietree01.m2;20279.326171875;162.5652313232422;16654.908203125;0;144.72659301757812;0;;1.2353515625;397868;m2;203587;0;
..\..\world\lordaeron\aeriepeaks\passivedoodads\trees\aerietree01.m2;20037.54296875;116.49653625488281;16961.228515625;0;149.22659301757812;0;;1.2353515625;184503;m2;203587;0;
..\..\world\lordaeron\aeriepeaks\passivedoodads\trees\aerietree01.m2;19896.921875;112.93318176269531;16951.2421875;0;305.2265930175781;0;;1.2353515625;184626;m2;203587;0;
..\..\world\lordaeron\aeriepeaks\passivedoodads\trees\aerietree03.m2;19758.912109375;116.02822875976562;16902.736328125;0;10.43731689453125;0;;0.4765625;178408;m2;203589;0;
..\..\world\lordaeron\aeriepeaks\passivedoodads\trees\aerietree02.m2;20089.8125;118.87095642089844;16805.486328125;0;175.2691650390625;0;;0.59375;184394;m2;203588;0;
..\..\world\lordaeron\aeriepeaks\passivedoodads\trees\aerietree02.m2;19952.55859375;106.45899200439453;16787.09765625;0;52.2691650390625;0;;0.59375;184420;m2;203588;0;
..\..\world\lordaeron\aeriepeaks\passivedoodads\trees\aerietree02.m2;20266.6328125;118.08345794677734;16872.595703125;0;303.84332275390625;0;;0.591796875;184356;m2;203588;0;
..\..\world\lordaeron\aeriepeaks\passivedoodads\trees\aerietree02.m2;20259.421875;118.91690826416016;16918.025390625;0;11.84332275390625;0;;0.591796875;184360;m2;203588;0;
..\..\world\lordaeron\aeriepeaks\passivedoodads\trees\aerietree02.m2;20075.955078125;127.05843353271484;16978.724609375;0;53.34332275390625;0;;0.591796875;184506;m2;203588;0;
..\..\world\lordaeron\aeriepeaks\passivedoodads\trees\aerietree02.m2;20132.279296875;131.64906311035156;16961.22265625;0;356.84332275390625;0;;0.591796875;184510;m2;203588;0;
..\..\world\lordaeron\aeriepeaks\passivedoodads\trees\aerietree02.m2;19977.107421875;114.79718780517578;17001.5234375;0;146.34332275390625;0;;0.591796875;184551;m2;203588;0;
..\..\world\lordaeron\aeriepeaks\passivedoodads\trees\aerietree02.m2;19943.392578125;114.60459899902344;16920.736328125;0;317.34332275390625;0;;0.591796875;184538;m2;203588;0;
..\..\world\lordaeron\aeriepeaks\passivedoodads\trees\aerietree02.m2;19952.9609375;115.17796325683594;16980.482421875;0;260.84332275390625;0;;0.591796875;184542;m2;203588;0;
..\..\world\lordaeron\aeriepeaks\passivedoodads\trees\aerietree02.m2;20221.662109375;123.13797760009766;16952.888671875;0;129.42337036132812;0;;0.5810546875;184041;m2;203588;0;
..\..\world\lordaeron\aeriepeaks\passivedoodads\trees\aerietree02.m2;20135.681640625;120.07552337646484;16829.697265625;0;12.42333984375;0;;0.5810546875;184375;m2;203588;0;
..\..\world\lordaeron\aeriepeaks\passivedoodads\trees\aerietree02.m2;20061.64453125;116.33853912353516;16852;0;118.42333984375;0;;0.5810546875;184401;m2;203588;0;
..\..\world\lordaeron\aeriepeaks\passivedoodads\trees\aerietree02.m2;19747.75;206.00111389160156;16546.98046875;0;75.34323120117188;0;;0.5703125;393066;m2;203588;0;
..\..\world\lordaeron\aeriepeaks\passivedoodads\trees\aerietree02.m2;19835.90234375;131.08377075195312;17060.52734375;0;0;0;;0.5693359375;184570;m2;203588;0;
..\..\world\lordaeron\aeriepeaks\passivedoodads\trees\aerietree01.m2;19811.7734375;135.1581268310547;17027.013671875;0;16.5;0;;1.1298828125;184566;m2;203587;0;
..\..\models\unknown\unk_exp00_7545281\7545281.m2;19731.30859375;161.9988555908203;16668.236328125;0;11;0;;1.392578125;70061004;m2;7545281;0;
..\..\world\lordaeron\aeriepeaks\passivedoodads\trees\aerietree01.m2;20078.166015625;177.6333770751953;16615.09375;0;115.08895874023438;0;;1.1005859375;185483;m2;203587;0;
..\..\world\lordaeron\aeriepeaks\passivedoodads\trees\aerietree01.m2;19954.12890625;165.7605743408203;16581.2109375;0;241.08892822265625;0;;1.1005859375;392909;m2;203587;0;
..\..\models\unknown\unk_exp00_7545281\7545281.m2;19733.115234375;138.04798889160156;16684.16015625;0;0;0;;1.5078125;70061003;m2;7545281;0;
..\..\models\unknown\unk_exp00_7545281\7545281.m2;19733.115234375;136.9471435546875;16683.912109375;0;0;0;;1.5078125;70062462;m2;7545281;0;
..\..\world\lordaeron\aeriepeaks\passivedoodads\trees\aerietree01.m2;19855.47265625;111.63279724121094;16909.8828125;0;0;0;;1.0390625;184601;m2;203587;0;
..\..\world\lordaeron\aeriepeaks\passivedoodads\trees\aerietree05.m2;19901.3125;107.54939270019531;16873.033203125;0;310.6520080566406;0;;2.748046875;171298;m2;203591;0;
..\..\world\lordaeron\aeriepeaks\passivedoodads\trees\aerietree01.m2;19863.9375;123.5828628540039;17061.154296875;0;0;0;;1;184567;m2;203587;0;
..\..\world\lordaeron\aeriepeaks\passivedoodads\trees\aerietree01.m2;19780.06640625;116.626220703125;16711.654296875;0;0;0;;1;184561;m2;203587;0;
..\..\world\lordaeron\aeriepeaks\passivedoodads\trees\aerietree02.m2;20252.81640625;176.17152404785156;16635.896484375;0;341.320068359375;0;;0.494140625;397870;m2;203588;0;
..\..\world\lordaeron\aeriepeaks\passivedoodads\trees\aerietree02.m2;20206.248046875;140.2667236328125;16675.939453125;0;341.320068359375;0;;0.494140625;397871;m2;203588;0;
..\..\world\lordaeron\aeriepeaks\passivedoodads\trees\aerietree02.m2;20221.298828125;120.93150329589844;16731.96875;0;341.320068359375;0;;0.494140625;397872;m2;203588;0;
..\..\world\lordaeron\aeriepeaks\passivedoodads\trees\aerietree01.m2;19744.169921875;118.66152954101562;16918.3203125;0;240.6298828125;0;;0.96484375;178420;m2;203587;0;
..\..\world\lordaeron\aeriepeaks\passivedoodads\trees\aerietree02.m2;20039.103515625;188.20077514648438;16568.26171875;0;46.820068359375;0;;0.4736328125;392902;m2;203588;0;
..\..\world\lordaeron\aeriepeaks\passivedoodads\trees\aerietree01.m2;19832.9375;110.94036102294922;16888.3359375;-1;7.5;-2.500000476837158;;0.919921875;171290;m2;203587;0;
..\..\world\lordaeron\aeriepeaks\passivedoodads\trees\aerietree01.m2;20261.87109375;117.3548583984375;16805.984375;0;299.1661376953125;0;;0.947265625;184263;m2;203587;0;
..\..\world\lordaeron\aeriepeaks\passivedoodads\trees\aerietree01.m2;20125.71484375;128.4011993408203;16865.52734375;0;36.6661376953125;0;;0.947265625;184372;m2;203587;0;
..\..\world\lordaeron\aeriepeaks\passivedoodads\trees\aerietree01.m2;19908.884765625;115.5423583984375;16769.4921875;0;19.6661376953125;0;;0.947265625;184424;m2;203587;0;
..\..\world\lordaeron\aeriepeaks\passivedoodads\trees\aerietree01.m2;19786.40234375;116.28677368164062;16911.0625;0;81.1661376953125;0;;0.947265625;184467;m2;203587;0;
..\..\world\lordaeron\aeriepeaks\passivedoodads\trees\aerietree01.m2;19769.73828125;196.52825927734375;16582.15625;0;127.478271484375;0;;0.919921875;397816;m2;203587;0;
..\..\world\lordaeron\aeriepeaks\passivedoodads\trees\aerietree01.m2;19808.662109375;208.12916564941406;16611.302734375;0;127.478271484375;0;;0.919921875;178425;m2;203587;0;
..\..\world\lordaeron\aeriepeaks\passivedoodads\trees\aerietree01.m2;19765.228515625;115.26145935058594;16903.318359375;0;143.277099609375;0;;0.9150390625;178409;m2;203587;0;
..\..\world\lordaeron\aeriepeaks\passivedoodads\trees\aerietree01.m2;19878.724609375;121.2587890625;17053.486328125;0;0;0;;0.8994140625;184587;m2;203587;0;
..\..\world\lordaeron\aeriepeaks\passivedoodads\trees\aerietree01.m2;19853.142578125;123.76925659179688;17072.25;0;30.885101318359375;0;;0.869140625;184738;m2;203587;0;
..\..\world\lordaeron\aeriepeaks\passivedoodads\trees\aerietree01.m2;19815.138671875;202.9412841796875;16613.078125;0;13.151030540466309;0;;0.8564453125;178426;m2;203587;0;
..\..\world\lordaeron\aeriepeaks\passivedoodads\trees\aerietree03.m2;19871.314453125;119.4483413696289;16834.751953125;0;11.9095458984375;0;;0.3203125;171296;m2;203589;0;
..\..\world\lordaeron\aeriepeaks\passivedoodads\trees\aerietree02.m2;19856.71875;115.75444793701172;16878.06640625;0;50.615570068359375;0;;0.40234375;171293;m2;203588;0;
..\..\world\lordaeron\arathi\passivedoodads\rocks\arathirock06.m2;19843.93359375;113.0892333984375;16701.521484375;0;17.5;0;;1.7392578125;363188;m2;203674;0;
..\..\world\kalimdor\darkshore\passivedoodads\gazeebo\darkshoregazeebo.m2;19740.69140625;117.77203369140625;16781.349609375;0;332.5;0;;1.3994140625;171761;m2;201529;0;
..\..\world\lordaeron\aeriepeaks\passivedoodads\trees\aerietree01.m2;19873.77734375;117.2747573852539;16830.244140625;0;201.11087036132812;0;;0.736328125;178415;m2;203587;0;
..\..\world\azeroth\stranglethorn\passivedoodads\ruins\stranglethornruins16.m2;19844.80078125;124.05581665039062;17060.349609375;-12.499999046325684;314.5;3.500000476837158;;1;174248;m2;190286;0;
..\..\world\lordaeron\aeriepeaks\passivedoodads\trees\aerietree01.m2;19789.255859375;121.34751892089844;16861.576171875;0;327.710205078125;0;;0.7099609375;178410;m2;203587;0;
..\..\world\lordaeron\aeriepeaks\passivedoodads\trees\aerietree01.m2;19882.28125;120.73882293701172;16792.978515625;0;128.049560546875;0;;0.65234375;178414;m2;203587;0;
..\..\world\azeroth\stranglethorn\passivedoodads\ruins\stranglethornruins04.m2;19854.8203125;123.90725708007812;17073.087890625;0;305.5;0;;1;171800;m2;190274;0;
..\..\world\generic\gnome\passivedoodads\gnomemachinery\gnomehutmachinery.m2;19963.501953125;165.5240478515625;16590.0625;0;136.5;0;;0.5791015625;392913;m2;197701;0;
..\..\world\lordaeron\aeriepeaks\passivedoodads\trees\aerietree05.m2;19972.994140625;165.5383758544922;16575.72265625;0;81.5;0;;1.5693359375;392910;m2;203591;0;
..\..\world\kalimdor\darkshore\passivedoodads\moongate\darkshoremoongate.m2;19875.94140625;113.29007720947266;16884.271484375;0;36;0;;1.109375;171764;m2;201544;0;
..\..\world\lordaeron\arathi\passivedoodads\rocks\arathirock07.m2;19909.3671875;111.94786834716797;16816.328125;0;70;0;;1.5693359375;397988;m2;203675;0;
..\..\world\kalimdor\darkshore\passivedoodads\moongate\darkshoremoongate.m2;19768.66796875;114.90840911865234;16868.3984375;0;19;0;;1;171763;m2;201544;0;
..\..\world\lordaeron\aeriepeaks\passivedoodads\trees\aerietree01.m2;19825.84375;120.39810943603516;16863.169921875;0;218.64556884765625;0;;0.521484375;178411;m2;203587;0;
..\..\world\lordaeron\aeriepeaks\passivedoodads\trees\aerietree05.m2;19874.669921875;107.48683166503906;16911.236328125;0;359;0;;1.2392578125;184605;m2;203591;0;
..\..\world\azeroth\stranglethorn\passivedoodads\ruins\stranglethornruins11.m2;19872.00390625;121.0108413696289;17063.5859375;0;127.5;0;;1;171796;m2;190281;0;
..\..\world\lordaeron\aeriepeaks\passivedoodads\trees\aerietree05.m2;19770.19921875;171.41920471191406;16640.98046875;0;105.449951171875;0;;1.166015625;178901;m2;203591;0;
..\..\world\lordaeron\aeriepeaks\passivedoodads\trees\aerietree05.m2;19871.986328125;120.5722427368164;16837.65234375;0;28.7191162109375;0;;1.1611328125;178894;m2;203591;0;
..\..\world\lordaeron\aeriepeaks\passivedoodads\trees\aerietree05.m2;19837.71875;120.13932037353516;16868.951171875;0;134.12518310546875;0;;1.111328125;178891;m2;203591;0;
..\..\world\lordaeron\aeriepeaks\passivedoodads\trees\aerietree05.m2;19814.298828125;202.89569091796875;16617.30078125;0;114.59088134765625;0;;1.1005859375;178904;m2;203591;0;
..\..\world\generic\troll\passivedoodads\skultikis\skulltiki.m2;19882.404296875;119.8680419921875;17064.998046875;3.0000007152557373;139.5;-8.5;;1;178033;m2;200623;0;
..\..\world\lordaeron\aeriepeaks\passivedoodads\trees\aerietree05.m2;19795.322265625;118.07424926757812;16712.2578125;0;59.3389892578125;0;;1.0830078125;178899;m2;203591;0;
..\..\world\azeroth\stranglethorn\passivedoodads\ruins\stranglethornruins03.m2;19855.662109375;122.00274658203125;17055.65234375;-19.999998092651367;250.5;-9.5;;1;171801;m2;190273;0;
..\..\world\lordaeron\aeriepeaks\passivedoodads\trees\aerietree05.m2;19776.83203125;116.61933135986328;16711.01171875;0;309.5;0;;1.0791015625;171789;m2;203591;0;
..\..\world\lordaeron\aeriepeaks\passivedoodads\trees\aerietree05.m2;19761.669921875;116.5892333984375;16865.693359375;0;311.78924560546875;0;;1.0625;178883;m2;203591;0;
..\..\world\lordaeron\arathi\passivedoodads\rocks\arathirock08.m2;19871.87890625;130.430908203125;16668.056640625;0;32.5;0;;1.2099609375;397990;m2;203676;0;
..\..\world\lordaeron\aeriepeaks\passivedoodads\trees\aerietree05.m2;19907.185546875;121.50325775146484;17070.658203125;0;318.36053466796875;0;;1.0390625;184735;m2;203591;0;
..\..\world\lordaeron\aeriepeaks\passivedoodads\trees\aerietree05.m2;19786.625;189.4165802001953;16623.908203125;0;101.22722625732422;0;;1.021484375;178905;m2;203591;0;
..\..\world\azeroth\redridge\passivedoodads\trees\redridgefallentree02moss.m2;19943.376953125;111.0101089477539;16820.38671875;-0.9999997615814209;0;-7;;1;398035;m2;190117;0;
..\..\world\lordaeron\aeriepeaks\passivedoodads\trees\aerietree05.m2;19775.69140625;115.67286682128906;16712.373046875;-1;197;-0.5000001192092896;;1;171788;m2;203591;0;
..\..\world\lordaeron\aeriepeaks\passivedoodads\trees\aerietree05.m2;19785.8984375;121.67491149902344;16856.982421875;0;141.28851318359375;0;;1.0078125;178885;m2;203591;0;
..\..\world\generic\buildings\humantentlarge\humantentlarge.m2;19924.23828125;111.07093811035156;16827.89453125;6;0;-2.5;;1;398031;m2;197108;0;
..\..\world\lordaeron\aeriepeaks\passivedoodads\trees\aerietree05.m2;19827.755859375;116.16641235351562;16719.5859375;0;0;0;;1;184560;m2;203591;0;
..\..\world\lordaeron\aeriepeaks\passivedoodads\trees\aerietree05.m2;19826.134765625;120.53082275390625;16996.416015625;0;0;0;;1;184675;m2;203591;0;
..\..\world\lordaeron\aeriepeaks\passivedoodads\trees\aerietree05.m2;19732.96875;116.88165283203125;17021.7890625;0;158.57049560546875;0;;1;184691;m2;203591;0;
..\..\world\lordaeron\aeriepeaks\passivedoodads\trees\aerietree05.m2;19801.58203125;117.3189468383789;16715.42578125;0;356;0;;1;171791;m2;203591;0;
..\..\world\lordaeron\aeriepeaks\passivedoodads\trees\aerietree05.m2;19909.705078125;116.96663665771484;17041.263671875;0;47.5;0;;1;184685;m2;203591;0;
..\..\world\lordaeron\aeriepeaks\passivedoodads\trees\aerietree05.m2;19870.69140625;125.46988677978516;17070.8359375;0;306.6158447265625;0;;1;184740;m2;203591;0;
..\..\world\lordaeron\aeriepeaks\passivedoodads\trees\aerietree05.m2;19740.326171875;119.49141693115234;16826.193359375;0;179.2034912109375;0;;0.9853515625;178880;m2;203591;0;
..\..\world\lordaeron\aeriepeaks\passivedoodads\trees\aerietree05.m2;19975.57421875;166.79766845703125;16578.84375;0;310;0;;0.9794921875;392911;m2;203591;0;
..\..\world\lordaeron\aeriepeaks\passivedoodads\trees\aerietree05.m2;19749.61328125;119.252197265625;16786.130859375;0;2.842132568359375;0;;0.96484375;178318;m2;203591;0;
..\..\world\lordaeron\aeriepeaks\passivedoodads\trees\aerietree05.m2;19751.423828125;120.48465728759766;16804.72265625;0;136.98171997070312;0;;0.9482421875;178877;m2;203591;0;
..\..\world\lordaeron\aeriepeaks\passivedoodads\trees\aerietree05.m2;19771.89453125;114.98509216308594;16863.55078125;0;316.4927978515625;0;;0.9423828125;178882;m2;203591;0;
..\..\world\lordaeron\aeriepeaks\passivedoodads\trees\aerietree05.m2;19857.740234375;114.48435974121094;16882.607421875;0;75.5400390625;0;;0.91015625;171292;m2;203591;0;
..\..\world\lordaeron\aeriepeaks\passivedoodads\trees\aerietree05.m2;19732.7890625;121.22972106933594;16817.7421875;0;17.9609375;0;;0.904296875;178881;m2;203591;0;
..\..\world\azeroth\stranglethorn\passivedoodads\ruins\stranglethornruins09.m2;19867.072265625;122.24928283691406;17068.353515625;-18.5;193.5;-15.000000953674316;;1;171802;m2;190279;0;
..\..\world\lordaeron\aeriepeaks\passivedoodads\trees\aerietree05.m2;19883.373046875;120.89031219482422;16795.279296875;0;98.11090087890625;0;;0.8701171875;178898;m2;203591;0;
..\..\world\lordaeron\aeriepeaks\passivedoodads\trees\aerietree05.m2;19784.291015625;120.52921295166016;16860.96875;0;207.54905700683594;0;;0.8505859375;178886;m2;203591;0;
..\..\world\lordaeron\aeriepeaks\passivedoodads\trees\aerietree05.m2;19789.73828125;120.90110778808594;16865.2578125;0;318.72308349609375;0;;0.8349609375;178887;m2;203591;0;
..\..\world\generic\gnome\passivedoodads\hazardlights\gnomehazardlight01.m2;19963.412109375;171.9495391845703;16578.24609375;0;97;0;;1.2197265625;392919;m2;197709;0;
..\..\world\lordaeron\aeriepeaks\passivedoodads\trees\aerietree05.m2;19777.390625;170.8309326171875;16642.4375;0;80.81790161132812;0;;0.8203125;178900;m2;203591;0;
..\..\world\lordaeron\aeriepeaks\passivedoodads\trees\aerietree05.m2;19881.3515625;120.02188110351562;16785.4609375;0;73.24807739257812;0;;0.814453125;178896;m2;203591;0;
..\..\world\kalimdor\darkshore\passivedoodads\boats\darkshoreboat.m2;19745.7109375;111.7879409790039;16758.474609375;0;57.5;0;;1;171767;m2;201493;0;
..\..\world\lordaeron\aeriepeaks\passivedoodads\trees\aerietree05.m2;19756.27734375;119.91758728027344;16809.0546875;0;311.4059753417969;0;;0.798828125;178878;m2;203591;0;
..\..\world\lordaeron\arathi\passivedoodads\rocks\arathirock08.m2;19946.154296875;111.41349792480469;16813.0078125;0;0;0;;1;397989;m2;203676;0;
..\..\world\lordaeron\arathi\passivedoodads\rocks\arathirock08.m2;19956.447265625;118.60545349121094;16692.083984375;0;0;0;;1;397991;m2;203676;0;
..\..\world\lordaeron\aeriepeaks\passivedoodads\trees\aerietree05.m2;19794.7109375;178.71157836914062;16650.392578125;0;42.32061767578125;0;;0.77734375;178902;m2;203591;0;
..\..\world\lordaeron\aeriepeaks\passivedoodads\trees\aerietree05.m2;19750.109375;118.60236358642578;16782.78515625;0;264.84661865234375;0;;0.7734375;178317;m2;203591;0;
..\..\world\lordaeron\aeriepeaks\passivedoodads\trees\aerietree05.m2;19875.5859375;120.5855484008789;16826.720703125;0;316.98724365234375;0;;0.6357421875;178895;m2;203591;0;
..\..\world\lordaeron\aeriepeaks\passivedoodads\trees\aerietree05.m2;19760.755859375;116.9278335571289;16862.68359375;0;347.355712890625;0;;0.634765625;178884;m2;203591;0;
..\..\world\lordaeron\aeriepeaks\passivedoodads\trees\aerietree05.m2;19735.93359375;118.94853973388672;16817.79296875;0;276.1717529296875;0;;0.625;178879;m2;203591;0;
..\..\world\lordaeron\aeriepeaks\passivedoodads\trees\aerietree05.m2;19785.224609375;174.5784454345703;16643.73828125;0;89.83795166015625;0;;0.5908203125;178903;m2;203591;0;
..\..\world\lordaeron\aeriepeaks\passivedoodads\trees\aerietree05.m2;19827.396484375;120.79302215576172;16861.955078125;0;77.25820922851562;0;;0.583984375;178890;m2;203591;0;
..\..\world\lordaeron\aeriepeaks\passivedoodads\trees\aerietree05.m2;19839.79296875;119.93435668945312;16869.068359375;0;45.199127197265625;0;;0.5400390625;178892;m2;203591;0;
..\..\world\lordaeron\aeriepeaks\passivedoodads\trees\aerietree05.m2;19873.58984375;119.23053741455078;16833.4375;0;325.0513916015625;0;;0.5341796875;178893;m2;203591;0;
..\..\world\lordaeron\aeriepeaks\passivedoodads\trees\aerietree05.m2;19880.98828125;120.74893951416016;16789.111328125;0;109.82269287109375;0;;0.5263671875;178897;m2;203591;0;
..\..\world\lordaeron\aeriepeaks\passivedoodads\trees\aerietree05.m2;19790.33984375;179.94195556640625;16652.32421875;0;71.62203979492188;0;;0.517578125;178906;m2;203591;0;
..\..\world\kalimdor\darkshore\passivedoodads\lamp\darkstreetlamp.m2;19883.166015625;112.32164001464844;16884.501953125;0;79;-0.9999998807907104;;1;171300;m2;201541;0;
..\..\world\kalimdor\darkshore\passivedoodads\lamp\darkstreetlamp.m2;19852.30078125;120.30667114257812;16864.203125;0;186.5;0;;1;171299;m2;201541;0;
..\..\world\kalimdor\darkshore\passivedoodads\lamp\darkstreetlamp.m2;19873.724609375;112.39180755615234;16890.240234375;0;187;0;;1;171301;m2;201541;0;
..\..\world\kalimdor\darkshore\passivedoodads\lamp\darkstreetlamp.m2;19865.310546875;120.4263916015625;16855.767578125;0;70.5;0;;1;171765;m2;201541;0;
..\..\world\kalimdor\darkshore\passivedoodads\lamp\darkstreetlamp.m2;19897.6640625;106.33589172363281;16907.21484375;0;358.5;0;;1;171766;m2;201541;0;
..\..\world\kalimdor\darkshore\passivedoodads\lamp\darkstreetlamp.m2;19780.255859375;120.63899993896484;16845.68359375;0;12;0;;1;171784;m2;201541;0;
..\..\world\kalimdor\darkshore\passivedoodads\lamp\darkstreetlamp.m2;19737.353515625;118.64386749267578;16790.27734375;0;162;0;;1;171785;m2;201541;0;
..\..\world\kalimdor\darkshore\passivedoodads\lamp\darkstreetlamp.m2;19780.34375;115.9976806640625;16889.578125;0;201;0;;1;171787;m2;201541;0;
..\..\world\lordaeron\aeriepeaks\passivedoodads\bushes\aeriepeaksbush01.m2;20242.89453125;123.45870208740234;17024.6953125;0;308.5714416503906;0;;0.9912109375;390538;m2;203565;0;
..\..\world\lordaeron\aeriepeaks\passivedoodads\bushes\aeriepeaksbush02.m2;19921.693359375;115.28114318847656;16717.951171875;0;29.63104248046875;0;;0.994140625;390827;m2;203566;0;
..\..\world\lordaeron\aeriepeaks\passivedoodads\bushes\aeriepeaksbush02.m2;19948.361328125;113.6701431274414;16964.880859375;0;134.30096435546875;0;;0.9580078125;390782;m2;203566;0;
..\..\world\lordaeron\aeriepeaks\passivedoodads\bushes\aeriepeaksbush02.m2;20025.171875;107.86792755126953;16844.49609375;0;140.1019287109375;0;;0.9521484375;390571;m2;203566;0;
..\..\world\lordaeron\aeriepeaks\passivedoodads\bushes\aeriepeaksbush02.m2;20022.58984375;107.6769790649414;16844.283203125;0;119.666748046875;0;;0.9775390625;390570;m2;203566;0;
..\..\world\lordaeron\aeriepeaks\passivedoodads\bushes\aeriepeaksbush02.m2;20089.919921875;128.15655517578125;16915.123046875;0;312.9660949707031;0;;0.947265625;390799;m2;203566;0;
..\..\world\lordaeron\aeriepeaks\passivedoodads\bushes\aeriepeaksbush02.m2;20198.4921875;119.99030303955078;16754.583984375;0;334.7306823730469;0;;0.98828125;391620;m2;203566;0;
..\..\world\lordaeron\aeriepeaks\passivedoodads\bushes\aeriepeaksbush01.m2;20020.568359375;107.08261108398438;16841.513671875;0;149.17691040039062;0;;0.9814453125;390577;m2;203565;0;
..\..\world\lordaeron\aeriepeaks\passivedoodads\bushes\aeriepeaksbush01.m2;20177.630859375;134.8361358642578;17067.625;0;297.1672668457031;0;;0.9931640625;391577;m2;203565;0;
..\..\world\lordaeron\aeriepeaks\passivedoodads\bushes\aeriepeaksbush01.m2;20027.439453125;111.92230987548828;16780.03515625;0;295.1347351074219;0;;0.9970703125;391601;m2;203565;0;
..\..\world\lordaeron\aeriepeaks\passivedoodads\bushes\aeriepeaksbush02.m2;20025.580078125;107.80255126953125;16843.98046875;0;147.00155639648438;0;;0.9404296875;390572;m2;203566;0;
..\..\world\lordaeron\aeriepeaks\passivedoodads\bushes\aeriepeaksbush01.m2;19921.54296875;115.27272033691406;16718.982421875;0;129.74151611328125;0;;0.9423828125;390818;m2;203565;0;
..\..\world\lordaeron\aeriepeaks\passivedoodads\bushes\aeriepeaksbush02.m2;20090.13671875;117.94609832763672;16817.908203125;0;20.6109619140625;0;;0.9951171875;391594;m2;203566;0;
..\..\world\lordaeron\aeriepeaks\passivedoodads\bushes\aeriepeaksbush01.m2;20086.908203125;126.65769958496094;16899.826171875;0;299.1009216308594;0;;0.95703125;391583;m2;203565;0;
..\..\world\lordaeron\aeriepeaks\passivedoodads\bushes\aeriepeaksbush01.m2;19900.44140625;121.57652282714844;16697.673828125;0;314.1170654296875;0;;0.9267578125;397996;m2;203565;0;
..\..\world\lordaeron\aeriepeaks\passivedoodads\bushes\aeriepeaksbush02.m2;20086.318359375;117.51220703125;16819.1875;0;22.59954833984375;0;;0.96484375;391593;m2;203566;0;
..\..\world\lordaeron\aeriepeaks\passivedoodads\bushes\aeriepeaksbush02.m2;19920.548828125;115.72280883789062;16715.138671875;0;133.69671630859375;0;;0.896484375;390824;m2;203566;0;
..\..\world\lordaeron\aeriepeaks\passivedoodads\bushes\aeriepeaksbush01.m2;20103.994140625;118.03665924072266;16746.044921875;0;42.23272705078125;0;;0.908203125;390614;m2;203565;0;
..\..\world\lordaeron\aeriepeaks\passivedoodads\bushes\aeriepeaksbush02.m2;20019.072265625;106.70406341552734;16839.169921875;0;142.48602294921875;0;;0.890625;390573;m2;203566;0;
..\..\world\lordaeron\aeriepeaks\passivedoodads\bushes\aeriepeaksbush02.m2;20102.013671875;117.90001678466797;16748.5859375;0;157.2520751953125;0;;0.9375;390608;m2;203566;0;
..\..\world\lordaeron\aeriepeaks\passivedoodads\bushes\aeriepeaksbush01.m2;20148.51953125;130.032958984375;16946.580078125;0;47.33056640625;0;;0.89453125;390638;m2;203565;0;
..\..\world\lordaeron\aeriepeaks\passivedoodads\bushes\aeriepeaksbush01.m2;19878.77734375;128.37001037597656;16674.51953125;0;155.7469482421875;0;;0.9423828125;390601;m2;203565;0;
..\..\world\lordaeron\aeriepeaks\passivedoodads\bushes\aeriepeaksbush02.m2;20105.45703125;117.87905883789062;16749.037109375;0;345.0801086425781;0;;0.9931640625;390610;m2;203566;0;
..\..\world\lordaeron\aeriepeaks\passivedoodads\bushes\aeriepeaksbush02.m2;20020.931640625;106.81632232666016;16838.259765625;0;60.0311279296875;0;;0.8935546875;390560;m2;203566;0;
..\..\world\lordaeron\aeriepeaks\passivedoodads\bushes\aeriepeaksbush02.m2;19926.68359375;114.9953384399414;16719.4453125;0;35.5528564453125;0;;0.875;390825;m2;203566;0;
..\..\world\lordaeron\aeriepeaks\passivedoodads\bushes\aeriepeaksbush01.m2;20244.830078125;123.02020263671875;17024.38671875;0;157.94427490234375;0;;0.9482421875;390548;m2;203565;0;
..\..\world\lordaeron\aeriepeaks\passivedoodads\bushes\aeriepeaksbush02.m2;19945.609375;113.8138427734375;16964.603515625;0;127.67603302001953;0;;0.8623046875;390785;m2;203566;0;
..\..\world\lordaeron\aeriepeaks\passivedoodads\bushes\aeriepeaksbush01.m2;20075.00390625;121.15025329589844;16730.955078125;0;67.9744873046875;0;;0.9345703125;391603;m2;203565;0;
..\..\world\lordaeron\aeriepeaks\passivedoodads\bushes\aeriepeaksbush01.m2;19882.9609375;128.6653594970703;16672.1875;0;250.73760986328125;0;;0.94921875;390593;m2;203565;0;
..\..\world\lordaeron\aeriepeaks\passivedoodads\bushes\aeriepeaksbush02.m2;20021.845703125;107.3714828491211;16842.77734375;0;68.1832275390625;0;;0.912109375;390569;m2;203566;0;
..\..\world\lordaeron\aeriepeaks\passivedoodads\bushes\aeriepeaksbush02.m2;20088.974609375;127.94217681884766;16913.076171875;0;135.16891479492188;0;;0.8466796875;390800;m2;203566;0;
..\..\world\lordaeron\aeriepeaks\passivedoodads\bushes\aeriepeaksbush02.m2;20069.25390625;121.68594360351562;16725.2265625;0;249.6389617919922;0;;0.9169921875;391611;m2;203566;0;
..\..\world\lordaeron\aeriepeaks\passivedoodads\bushes\aeriepeaksbush02.m2;20148.58203125;130.01214599609375;16945.6171875;0;332.96185302734375;0;;0.8759765625;390623;m2;203566;0;
..\..\world\lordaeron\aeriepeaks\passivedoodads\bushes\aeriepeaksbush02.m2;19947.142578125;113.86868286132812;16962.640625;0;289.3008117675781;0;;0.9208984375;390789;m2;203566;0;
..\..\world\lordaeron\aeriepeaks\passivedoodads\bushes\aeriepeaksbush01.m2;19922.1640625;115.2030029296875;16718.30859375;0;291.4541931152344;0;;0.9189453125;390821;m2;203565;0;
..\..\world\lordaeron\aeriepeaks\passivedoodads\bushes\aeriepeaksbush02.m2;20191.125;120.0577163696289;16758.01171875;0;124.50084686279297;0;;0.837890625;391616;m2;203566;0;
..\..\world\lordaeron\aeriepeaks\passivedoodads\bushes\aeriepeaksbush02.m2;20101.427734375;117.926513671875;16747.8046875;0;32.157958984375;0;;0.8408203125;390606;m2;203566;0;
..\..\world\lordaeron\aeriepeaks\passivedoodads\bushes\aeriepeaksbush02.m2;19921.66015625;115.2535171508789;16719.064453125;0;238.05902099609375;0;;0.83984375;390832;m2;203566;0;
..\..\world\lordaeron\aeriepeaks\passivedoodads\bushes\aeriepeaksbush02.m2;20191.330078125;119.78620147705078;16755.681640625;0;17.62261962890625;0;;0.9140625;391614;m2;203566;0;
..\..\world\lordaeron\aeriepeaks\passivedoodads\bushes\aeriepeaksbush02.m2;20245.869140625;122.84940338134766;17023.939453125;0;112.250732421875;0;;0.876953125;390555;m2;203566;0;
..\..\world\lordaeron\aeriepeaks\passivedoodads\bushes\aeriepeaksbush01.m2;20025.412109375;108.28491973876953;16846.693359375;0;13.282867431640625;0;;0.9599609375;390581;m2;203565;0;
..\..\world\lordaeron\aeriepeaks\passivedoodads\bushes\aeriepeaksbush02.m2;20085.958984375;127.77214813232422;16914.130859375;0;72.116455078125;0;;0.8984375;390802;m2;203566;0;
..\..\world\lordaeron\aeriepeaks\passivedoodads\bushes\aeriepeaksbush01.m2;19923.345703125;115.19432067871094;16717.29296875;0;350.25482177734375;0;;0.9931640625;390820;m2;203565;0;
..\..\world\lordaeron\aeriepeaks\passivedoodads\bushes\aeriepeaksbush01.m2;20101.48046875;118.06114196777344;16745.55078125;0;155.1427001953125;0;;0.8681640625;390615;m2;203565;0;
..\..\world\lordaeron\aeriepeaks\passivedoodads\bushes\aeriepeaksbush01.m2;19880.541015625;128.34335327148438;16673.861328125;0;340.5536193847656;0;;0.8896484375;390585;m2;203565;0;
..\..\world\lordaeron\aeriepeaks\passivedoodads\bushes\aeriepeaksbush01.m2;20244.603515625;123.01505279541016;17026.048828125;0;164.9207763671875;0;;0.9228515625;390551;m2;203565;0;
..\..\world\lordaeron\aeriepeaks\passivedoodads\bushes\aeriepeaksbush02.m2;20153.24609375;129.90077209472656;16941.3046875;0;348.4639892578125;0;;0.9375;390630;m2;203566;0;
..\..\world\lordaeron\aeriepeaks\passivedoodads\bushes\aeriepeaksbush02.m2;19925.4609375;115.09586334228516;16717.388671875;0;303.3307800292969;0;;0.806640625;390826;m2;203566;0;
..\..\world\lordaeron\aeriepeaks\passivedoodads\bushes\aeriepeaksbush01.m2;20175.44140625;134.97923278808594;17066.51171875;0;112.64627075195312;0;;0.86328125;391578;m2;203565;0;
..\..\world\lordaeron\aeriepeaks\passivedoodads\bushes\aeriepeaksbush01.m2;19925.400390625;115.06598663330078;16717.9453125;0;143.24411010742188;0;;0.7998046875;390822;m2;203565;0;
..\..\world\lordaeron\aeriepeaks\passivedoodads\bushes\aeriepeaksbush01.m2;19881.728515625;127.3137435913086;16676.388671875;0;170.8756103515625;0;;0.95703125;390598;m2;203565;0;
..\..\world\lordaeron\aeriepeaks\passivedoodads\bushes\aeriepeaksbush02.m2;20191.74609375;119.68186950683594;16754.63671875;0;331.8851318359375;0;;0.802734375;391613;m2;203566;0;
..\..\world\lordaeron\aeriepeaks\passivedoodads\bushes\aeriepeaksbush02.m2;20190.91015625;119.84874725341797;16756.392578125;0;301.11151123046875;0;;0.7919921875;391615;m2;203566;0;
..\..\world\lordaeron\aeriepeaks\passivedoodads\bushes\aeriepeaksbush02.m2;20155.42578125;129.8885040283203;16943.869140625;0;50.47271728515625;0;;0.7685546875;390624;m2;203566;0;
..\..\world\lordaeron\aeriepeaks\passivedoodads\bushes\aeriepeaksbush02.m2;20027.17578125;107.49820709228516;16841.353515625;0;37.64031982421875;0;;0.76953125;390565;m2;203566;0;
..\..\world\lordaeron\aeriepeaks\passivedoodads\bushes\aeriepeaksbush02.m2;20105.50390625;118.09282684326172;16752.58984375;0;8.6904296875;0;;0.9296875;390611;m2;203566;0;
..\..\world\lordaeron\aeriepeaks\passivedoodads\bushes\aeriepeaksbush02.m2;20176.240234375;134.77853393554688;17068.109375;0;239.50927734375;0;;0.7802734375;391579;m2;203566;0;
..\..\world\lordaeron\aeriepeaks\passivedoodads\bushes\aeriepeaksbush02.m2;20020.736328125;107.47106170654297;16843.673828125;0;75.2586669921875;0;;0.8662109375;390562;m2;203566;0;
..\..\world\lordaeron\aeriepeaks\passivedoodads\bushes\aeriepeaksbush02.m2;19925.638671875;114.90416717529297;16721.083984375;0;26.60968017578125;0;;0.79296875;390828;m2;203566;0;
..\..\world\lordaeron\aeriepeaks\passivedoodads\bushes\aeriepeaksbush02.m2;20103.267578125;117.9996566772461;16751.443359375;0;249.3093719482422;0;;0.8193359375;390607;m2;203566;0;
..\..\world\lordaeron\aeriepeaks\passivedoodads\bushes\aeriepeaksbush02.m2;20087.142578125;125.85491180419922;16890.419921875;0;110.80050659179688;0;;0.8173828125;391586;m2;203566;0;
..\..\world\lordaeron\aeriepeaks\passivedoodads\bushes\aeriepeaksbush01.m2;20085.45703125;127.57511138916016;16912.455078125;0;330.44586181640625;0;;0.7900390625;390812;m2;203565;0;
..\..\world\lordaeron\aeriepeaks\passivedoodads\bushes\aeriepeaksbush02.m2;20088.37890625;128.04013061523438;16914.94921875;0;39.56298828125;0;;0.7509765625;390806;m2;203566;0;
..\..\world\lordaeron\aeriepeaks\passivedoodads\bushes\aeriepeaksbush01.m2;19947.46875;114.08403778076172;16959.712890625;0;134.46575927734375;0;;0.763671875;390798;m2;203565;0;
..\..\world\lordaeron\aeriepeaks\passivedoodads\bushes\aeriepeaksbush02.m2;20087.77734375;128.20228576660156;16917.10546875;0;243.21176147460938;0;;0.7822265625;390807;m2;203566;0;
..\..\world\lordaeron\aeriepeaks\passivedoodads\bushes\aeriepeaksbush02.m2;20244.26953125;123.05967712402344;17027.025390625;0;309.98870849609375;0;;0.7490234375;390553;m2;203566;0;
..\..\world\lordaeron\aeriepeaks\passivedoodads\bushes\aeriepeaksbush01.m2;20106.09765625;117.91192626953125;16747.330078125;0;345.81622314453125;0;;0.8681640625;390613;m2;203565;0;
..\..\world\lordaeron\aeriepeaks\passivedoodads\bushes\aeriepeaksbush02.m2;19921.54296875;115.26579284667969;16721.884765625;0;215.53634643554688;0;;0.7470703125;390833;m2;203566;0;
..\..\world\lordaeron\aeriepeaks\passivedoodads\bushes\aeriepeaksbush01.m2;20124.037109375;131.51876831054688;16963.96875;0;203.06649780273438;0;;0.8046875;391581;m2;203565;0;
..\..\world\lordaeron\aeriepeaks\passivedoodads\bushes\aeriepeaksbush01.m2;19880.8125;127.04641723632812;16677.296875;0;172.1170654296875;0;;0.9267578125;390588;m2;203565;0;
..\..\world\lordaeron\aeriepeaks\passivedoodads\bushes\aeriepeaksbush01.m2;19881.87890625;122.3101806640625;16705.74609375;0;172.1170654296875;0;;0.9267578125;397994;m2;203565;0;
..\..\world\lordaeron\aeriepeaks\passivedoodads\bushes\aeriepeaksbush02.m2;20085.072265625;126.09945678710938;16893.30078125;0;163.6903076171875;0;;0.8251953125;391588;m2;203566;0;
..\..\world\generic\passivedoodads\well\well.m2;19782.67578125;121.4958267211914;16847.177734375;0;327;0;;1;173820;m2;200252;0;
..\..\world\lordaeron\aeriepeaks\passivedoodads\bushes\aeriepeaksbush01.m2;20086.37109375;127.9593276977539;16915.767578125;0;321.81036376953125;0;;0.74609375;390809;m2;203565;0;
..\..\world\lordaeron\aeriepeaks\passivedoodads\bushes\aeriepeaksbush02.m2;20047.525390625;117.54959106445312;16720.060546875;0;0;0;;1;397998;m2;203566;0;
..\..\world\lordaeron\aeriepeaks\passivedoodads\bushes\aeriepeaksbush02.m2;20042.041015625;117.36814880371094;16718.365234375;0;0;0;;1;397999;m2;203566;0;
..\..\world\lordaeron\aeriepeaks\passivedoodads\bushes\aeriepeaksbush02.m2;20042.908203125;117.79129791259766;16716.130859375;0;0;0;;1;398000;m2;203566;0;
..\..\world\lordaeron\aeriepeaks\passivedoodads\bushes\aeriepeaksbush02.m2;20046.5703125;117.83271026611328;16717.6328125;0;0;0;;1;398001;m2;203566;0;
..\..\world\lordaeron\aeriepeaks\passivedoodads\bushes\aeriepeaksbush02.m2;20043.041015625;117.31688690185547;16721.26171875;0;0;0;;1;398002;m2;203566;0;
..\..\world\lordaeron\aeriepeaks\passivedoodads\bushes\aeriepeaksbush02.m2;20042.05078125;117.36283111572266;16719.564453125;0;0;0;;1;398003;m2;203566;0;
..\..\world\lordaeron\aeriepeaks\passivedoodads\bushes\aeriepeaksbush02.m2;19989.49609375;121.6332778930664;16671.4296875;0;0;0;;1;398017;m2;203566;0;
..\..\world\lordaeron\aeriepeaks\passivedoodads\bushes\aeriepeaksbush02.m2;19991.71875;121.94450378417969;16671.314453125;0;0;0;;1;398018;m2;203566;0;
..\..\world\lordaeron\aeriepeaks\passivedoodads\bushes\aeriepeaksbush02.m2;19993.56640625;122.95865631103516;16670.416015625;0;0;0;;1;398019;m2;203566;0;
..\..\world\lordaeron\aeriepeaks\passivedoodads\bushes\aeriepeaksbush02.m2;19986.61328125;120.61009216308594;16676.626953125;0;0;0;;1;398020;m2;203566;0;
..\..\world\lordaeron\aeriepeaks\passivedoodads\bushes\aeriepeaksbush02.m2;19982.36328125;120.34049224853516;16674.57421875;0;0;0;;1;398021;m2;203566;0;
..\..\world\lordaeron\aeriepeaks\passivedoodads\bushes\aeriepeaksbush02.m2;19976.05078125;120.67607879638672;16674.408203125;0;0;0;;1;398022;m2;203566;0;
..\..\world\lordaeron\aeriepeaks\passivedoodads\bushes\aeriepeaksbush02.m2;19893.595703125;122.60794830322266;16686.720703125;0;0;0;;1;398023;m2;203566;0;
..\..\world\lordaeron\aeriepeaks\passivedoodads\bushes\aeriepeaksbush02.m2;19892.98828125;122.8061294555664;16685.876953125;0;0;0;;1;398024;m2;203566;0;
..\..\world\lordaeron\aeriepeaks\passivedoodads\bushes\aeriepeaksbush02.m2;19882.15234375;122.31539154052734;16707.017578125;0;0;0;;1;398025;m2;203566;0;
..\..\world\lordaeron\aeriepeaks\passivedoodads\bushes\aeriepeaksbush02.m2;19873.1171875;122.13825225830078;16701.54296875;0;0;0;;1;398026;m2;203566;0;
..\..\world\lordaeron\aeriepeaks\passivedoodads\bushes\aeriepeaksbush02.m2;19870.53515625;122.38565063476562;16694.615234375;0;0;0;;1;398027;m2;203566;0;
..\..\world\lordaeron\aeriepeaks\passivedoodads\bushes\aeriepeaksbush02.m2;19871.05078125;122.33808135986328;16693.1171875;0;0;0;;1;398028;m2;203566;0;
..\..\world\lordaeron\aeriepeaks\passivedoodads\bushes\aeriepeaksbush02.m2;20025.998046875;107.6394271850586;16842.859375;0;281.42333984375;0;;0.85546875;390564;m2;203566;0;
..\..\world\lordaeron\aeriepeaks\passivedoodads\bushes\aeriepeaksbush02.m2;20154.462890625;129.8713836669922;16942.419921875;0;191.93701171875;0;;0.845703125;390628;m2;203566;0;
..\..\world\lordaeron\aeriepeaks\passivedoodads\bushes\aeriepeaksbush02.m2;20128.68359375;135.54051208496094;17053.541015625;0;274.9632263183594;0;;0.9208984375;391573;m2;203566;0;
..\..\world\lordaeron\aeriepeaks\passivedoodads\bushes\aeriepeaksbush02.m2;20125.68359375;132.1571502685547;16967.537109375;0;100.3961181640625;0;;0.85546875;391580;m2;203566;0;
..\..\world\lordaeron\aeriepeaks\passivedoodads\bushes\aeriepeaksbush01.m2;20246.759765625;122.44969177246094;17027.185546875;0;172.3148193359375;0;;0.9013671875;390541;m2;203565;0;
..\..\world\lordaeron\aeriepeaks\passivedoodads\bushes\aeriepeaksbush02.m2;20243.8984375;123.19587707519531;17025.44921875;0;248.08984375;0;;0.76953125;390554;m2;203566;0;
..\..\world\lordaeron\aeriepeaks\passivedoodads\bushes\aeriepeaksbush01.m2;20148.546875;130.01290893554688;16945.796875;0;212.77870178222656;0;;0.7421875;390637;m2;203565;0;
..\..\world\lordaeron\aeriepeaks\passivedoodads\bushes\aeriepeaksbush01.m2;19947.388671875;113.70538330078125;16964.767578125;0;226.18243408203125;0;;0.728515625;390795;m2;203565;0;
..\..\world\lordaeron\aeriepeaks\passivedoodads\bushes\aeriepeaksbush02.m2;19945.3515625;114.02195739746094;16962.04296875;0;303.97900390625;0;;0.72265625;390790;m2;203566;0;
..\..\world\lordaeron\aeriepeaks\passivedoodads\bushes\aeriepeaksbush02.m2;19925.302734375;114.8843765258789;16721.646484375;0;91.43099975585938;0;;0.958984375;390835;m2;203566;0;
..\..\world\lordaeron\aeriepeaks\passivedoodads\bushes\aeriepeaksbush01.m2;20090.71875;128.4060821533203;16917.369140625;0;228.72035217285156;0;;0.7265625;390816;m2;203565;0;
..\..\world\lordaeron\aeriepeaks\passivedoodads\bushes\aeriepeaksbush01.m2;20043.55078125;117.21623992919922;16719.826171875;0;0;0;;1;398004;m2;203565;0;
..\..\world\lordaeron\aeriepeaks\passivedoodads\bushes\aeriepeaksbush01.m2;20043.26953125;118.32813262939453;16714.84375;0;0;0;;1;398005;m2;203565;0;
..\..\world\lordaeron\aeriepeaks\passivedoodads\bushes\aeriepeaksbush01.m2;20040.583984375;118.49162292480469;16713.630859375;0;0;0;;1;398006;m2;203565;0;
..\..\world\lordaeron\aeriepeaks\passivedoodads\bushes\aeriepeaksbush01.m2;20040.728515625;117.61195373535156;16716.474609375;0;0;0;;1;398007;m2;203565;0;
..\..\world\lordaeron\aeriepeaks\passivedoodads\bushes\aeriepeaksbush01.m2;20044.787109375;117.2840576171875;16719.01953125;0;0;0;;1;398008;m2;203565;0;
..\..\world\lordaeron\aeriepeaks\passivedoodads\bushes\aeriepeaksbush01.m2;20049.076171875;117.44436645507812;16722.685546875;0;0;0;;1;398009;m2;203565;0;
..\..\world\lordaeron\aeriepeaks\passivedoodads\bushes\aeriepeaksbush01.m2;20048.509765625;117.20194244384766;16723.39453125;0;0;0;;1;398010;m2;203565;0;
..\..\world\lordaeron\aeriepeaks\passivedoodads\bushes\aeriepeaksbush01.m2;19990.099609375;122.19497680664062;16669.98046875;0;0;0;;1;398011;m2;203565;0;
..\..\world\lordaeron\aeriepeaks\passivedoodads\bushes\aeriepeaksbush01.m2;19986.177734375;121.00965881347656;16672.767578125;0;0;0;;1;398012;m2;203565;0;
..\..\world\lordaeron\aeriepeaks\passivedoodads\bushes\aeriepeaksbush01.m2;19983.6015625;121.37687683105469;16670.876953125;0;0;0;;1;398013;m2;203565;0;
..\..\world\lordaeron\aeriepeaks\passivedoodads\bushes\aeriepeaksbush01.m2;19986.654296875;121.44283294677734;16671.330078125;0;0;0;;1;398014;m2;203565;0;
..\..\world\lordaeron\aeriepeaks\passivedoodads\bushes\aeriepeaksbush01.m2;19989.98828125;121.29300689697266;16672.654296875;0;0;0;;1;398015;m2;203565;0;
..\..\world\lordaeron\aeriepeaks\passivedoodads\bushes\aeriepeaksbush01.m2;19989.65234375;121.01676177978516;16675.74609375;0;0;0;;1;398016;m2;203565;0;
..\..\world\lordaeron\aeriepeaks\passivedoodads\bushes\aeriepeaksbush01.m2;20084.310546875;126.3561782836914;16897.169921875;0;96.188232421875;0;;0.9091796875;391584;m2;203565;0;
..\..\world\lordaeron\aeriepeaks\passivedoodads\bushes\aeriepeaksbush02.m2;20023.19140625;107.21278381347656;16840.916015625;0;118.51312255859375;0;;0.732421875;390561;m2;203566;0;
..\..\world\lordaeron\aeriepeaks\passivedoodads\bushes\aeriepeaksbush01.m2;20025.640625;107.36273956298828;16840.75;0;299.7711181640625;0;;0.7421875;390583;m2;203565;0;
..\..\world\lordaeron\aeriepeaks\passivedoodads\bushes\aeriepeaksbush01.m2;20103.380859375;117.9987564086914;16746.51953125;0;86.36614990234375;0;;0.9375;390617;m2;203565;0;
..\..\world\lordaeron\aeriepeaks\passivedoodads\bushes\aeriepeaksbush02.m2;20104.12890625;117.91445922851562;16749.068359375;0;163.4156494140625;0;;0.791015625;390602;m2;203566;0;
..\..\world\lordaeron\aeriepeaks\passivedoodads\bushes\aeriepeaksbush02.m2;20079.271484375;122.45128631591797;16729.45703125;0;221.08460998535156;0;;0.7041015625;391608;m2;203566;0;
..\..\world\lordaeron\aeriepeaks\passivedoodads\bushes\aeriepeaksbush02.m2;20088.189453125;127.86134338378906;16913.140625;0;272.1835632324219;0;;0.931640625;390804;m2;203566;0;
..\..\world\lordaeron\aeriepeaks\passivedoodads\bushes\aeriepeaksbush02.m2;20083.74609375;117.16853332519531;16815.548828125;0;357.84661865234375;0;;0.931640625;391590;m2;203566;0;
..\..\world\generic\passivedoodads\misc\wheelbarrow\caveminewheelbarrow01.m2;19959.357421875;165.5166473388672;16578.080078125;0;346;0;;1;392926;m2;199886;0;
..\..\world\lordaeron\aeriepeaks\passivedoodads\bushes\aeriepeaksbush02.m2;20018.36328125;106.76123046875;16840.34375;0;140.5303955078125;0;;0.6904296875;390567;m2;203566;0;
..\..\world\lordaeron\aeriepeaks\passivedoodads\bushes\aeriepeaksbush01.m2;20101.080078125;117.9732437133789;16746.76953125;0;357.75872802734375;0;;0.931640625;390616;m2;203565;0;
..\..\world\lordaeron\aeriepeaks\passivedoodads\bushes\aeriepeaksbush01.m2;20103.732421875;117.89958953857422;16750.19921875;0;181.23599243164062;0;;0.9443359375;390622;m2;203565;0;
..\..\world\lordaeron\aeriepeaks\passivedoodads\bushes\aeriepeaksbush02.m2;20087.25;128.07916259765625;16916.28515625;0;324.7218322753906;0;;0.6923828125;390803;m2;203566;0;
..\..\world\lordaeron\aeriepeaks\passivedoodads\bushes\aeriepeaksbush01.m2;19880.251953125;128.2011260986328;16674.369140625;0;352.375244140625;0;;0.8623046875;390590;m2;203565;0;
..\..\world\lordaeron\aeriepeaks\passivedoodads\bushes\aeriepeaksbush01.m2;19882.58984375;127.486328125;16675.5546875;0;25.52203369140625;0;;0.734375;390591;m2;203565;0;
..\..\world\lordaeron\aeriepeaks\passivedoodads\bushes\aeriepeaksbush02.m2;20085.41015625;125.98779296875;16891.783203125;0;323.0079040527344;0;;0.689453125;391587;m2;203566;0;
..\..\world\lordaeron\aeriepeaks\passivedoodads\bushes\aeriepeaksbush01.m2;20092.818359375;118.43295288085938;16814.283203125;0;296.002685546875;0;;0.7275390625;391596;m2;203565;0;
..\..\world\lordaeron\aeriepeaks\passivedoodads\bushes\aeriepeaksbush01.m2;19951.482421875;113.92513275146484;16962.763671875;0;257.68121337890625;0;;0.7998046875;390794;m2;203565;0;
..\..\world\lordaeron\aeriepeaks\passivedoodads\bushes\aeriepeaksbush01.m2;20153.509765625;129.88917541503906;16943.7421875;0;349.76043701171875;0;;0.8154296875;390633;m2;203565;0;
..\..\world\lordaeron\aeriepeaks\passivedoodads\bushes\aeriepeaksbush02.m2;20073.208984375;121.22514343261719;16729.697265625;0;242.04718017578125;0;;0.6923828125;391610;m2;203566;0;
..\..\world\lordaeron\aeriepeaks\passivedoodads\bushes\aeriepeaksbush02.m2;20152.681640625;129.9031219482422;16944.052734375;0;168.843017578125;0;;0.7802734375;390631;m2;203566;0;
..\..\world\lordaeron\aeriepeaks\passivedoodads\bushes\aeriepeaksbush02.m2;20136.8671875;136.74217224121094;17054.955078125;0;139.8492431640625;0;;0.6591796875;391576;m2;203566;0;
..\..\world\lordaeron\aeriepeaks\passivedoodads\bushes\aeriepeaksbush02.m2;20020.798828125;107.50137329101562;16843.814453125;0;20.852691650390625;0;;0.7119140625;390559;m2;203566;0;
..\..\world\lordaeron\aeriepeaks\passivedoodads\bushes\aeriepeaksbush02.m2;20020.76953125;106.89396667480469;16839.251953125;0;185.10330200195312;0;;0.8291015625;390568;m2;203566;0;
..\..\world\lordaeron\aeriepeaks\passivedoodads\bushes\aeriepeaksbush02.m2;20198.72265625;120.34652709960938;16757.283203125;0;35.025482177734375;0;;0.6572265625;391618;m2;203566;0;
..\..\world\lordaeron\aeriepeaks\passivedoodads\bushes\aeriepeaksbush02.m2;20195.744140625;120.60684204101562;16760.369140625;0;142.12347412109375;0;;0.6533203125;391617;m2;203566;0;
..\..\world\lordaeron\aeriepeaks\passivedoodads\bushes\aeriepeaksbush01.m2;20028.330078125;111.96003723144531;16780.265625;0;289.76226806640625;0;;0.72265625;391602;m2;203565;0;
..\..\world\lordaeron\aeriepeaks\passivedoodads\bushes\aeriepeaksbush02.m2;20088.45703125;127.90741729736328;16913.4453125;0;315.6248779296875;0;;0.6474609375;390805;m2;203566;0;
..\..\world\lordaeron\aeriepeaks\passivedoodads\bushes\aeriepeaksbush01.m2;20247.8828125;122.59707641601562;17023.359375;0;131.3565673828125;0;;0.66015625;390549;m2;203565;0;
..\..\world\generic\passivedoodads\lights\generaltorch01.m2;19920.244140625;110.7610092163086;16833.853515625;0.5;0;8.5;;1;398059;m2;199820;0;
..\..\world\generic\passivedoodads\lights\generaltorch01.m2;19930.830078125;110.40245819091797;16834.611328125;0.5;0;-8.5;;1;398060;m2;199820;0;
..\..\world\lordaeron\aeriepeaks\passivedoodads\bushes\aeriepeaksbush01.m2;20092.396484375;118.17420959472656;16816.5546875;0;231.41207885742188;0;;0.6572265625;391595;m2;203565;0;
..\..\world\lordaeron\aeriepeaks\passivedoodads\bushes\aeriepeaksbush01.m2;20151.140625;129.94424438476562;16942.47265625;0;115.9971923828125;0;;0.685546875;390635;m2;203565;0;
..\..\world\lordaeron\aeriepeaks\passivedoodads\bushes\aeriepeaksbush02.m2;20023.47265625;107.56651306152344;16843.318359375;0;80.147705078125;0;;0.7666015625;390558;m2;203566;0;
..\..\world\lordaeron\aeriepeaks\passivedoodads\bushes\aeriepeaksbush01.m2;19947.53515625;114.08242797851562;16959.705078125;0;3.4827880859375;0;;0.849609375;390797;m2;203565;0;
..\..\world\lordaeron\aeriepeaks\passivedoodads\bushes\aeriepeaksbush02.m2;20078.42578125;121.92977142333984;16730.546875;0;346.32159423828125;0;;0.734375;391609;m2;203566;0;
..\..\world\lordaeron\aeriepeaks\passivedoodads\bushes\aeriepeaksbush02.m2;19946.5625;113.7462387084961;16964.73046875;0;336.532470703125;0;;0.67578125;390786;m2;203566;0;
..\..\world\generic\gnome\passivedoodads\gears&levers\gnomemcwheel.m2;19967.787109375;166.3321533203125;16576.6640625;-28.500001907348633;78;3.5000038146972656;;1;392917;m2;197674;0;
..\..\world\lordaeron\aeriepeaks\passivedoodads\bushes\aeriepeaksbush02.m2;20103.75390625;118.0672378540039;16752.60546875;0;209.6584930419922;0;;0.6513671875;390603;m2;203566;0;
..\..\world\lordaeron\aeriepeaks\passivedoodads\bushes\aeriepeaksbush01.m2;20153.84375;129.87232971191406;16941.74609375;0;128.74169921875;0;;0.6474609375;390634;m2;203565;0;
..\..\world\lordaeron\aeriepeaks\passivedoodads\bushes\aeriepeaksbush02.m2;19948.322265625;113.84037017822266;16962.689453125;0;39.464111328125;0;;0.6328125;390787;m2;203566;0;
..\..\world\generic\passivedoodads\lights\generaltorch01.m2;19930.744140625;110.41338348388672;16834.451171875;-0.5;0;4.999999523162842;;1;398061;m2;199820;0;
..\..\world\lordaeron\aeriepeaks\passivedoodads\bushes\aeriepeaksbush01.m2;20024.34375;108.0088882446289;16845.642578125;0;43.7159423828125;0;;0.642578125;390580;m2;203565;0;
..\..\world\lordaeron\aeriepeaks\passivedoodads\bushes\aeriepeaksbush01.m2;20031.1171875;112.66690826416016;16778.21875;0;18.14996337890625;0;;0.7099609375;391599;m2;203565;0;
..\..\world\lordaeron\aeriepeaks\passivedoodads\bushes\aeriepeaksbush01.m2;20023.724609375;107.294921875;16841.4296875;0;115.54672241210938;0;;0.673828125;390582;m2;203565;0;
..\..\world\lordaeron\aeriepeaks\passivedoodads\bushes\aeriepeaksbush01.m2;19947.294921875;113.6562728881836;16965.93359375;0;17.051300048828125;0;;0.716796875;390796;m2;203565;0;
..\..\world\lordaeron\aeriepeaks\passivedoodads\bushes\aeriepeaksbush02.m2;19949.623046875;113.8991470336914;16961.517578125;0;338.34527587890625;0;;0.67578125;390788;m2;203566;0;
..\..\world\generic\passivedoodads\lights\generaltorch01.m2;19920.46875;110.73709106445312;16833.892578125;7.500000476837158;0;0.5;;1;398058;m2;199820;0;
..\..\world\lordaeron\aeriepeaks\passivedoodads\bushes\aeriepeaksbush01.m2;20153.83203125;129.90576171875;16946;0;302.7924499511719;0;;0.646484375;390632;m2;203565;0;
..\..\world\generic\gnome\passivedoodads\gears&levers\gnomebiggear.m2;19964.833984375;164.99850463867188;16587.466796875;-89.49954223632812;282.0003662109375;-140.50064086914062;;0.5693359375;392915;m2;197671;0;
..\..\world\lordaeron\aeriepeaks\passivedoodads\bushes\aeriepeaksbush01.m2;19877.025390625;128.19064331054688;16675.70703125;0;141.62908935546875;0;;0.6328125;390599;m2;203565;0;
..\..\world\lordaeron\aeriepeaks\passivedoodads\bushes\aeriepeaksbush02.m2;20025.453125;107.23291015625;16839.2421875;0;8.1630859375;0;;0.751953125;390576;m2;203566;0;
..\..\world\lordaeron\aeriepeaks\passivedoodads\bushes\aeriepeaksbush02.m2;20088.6640625;128.31776428222656;16917.6953125;0;97.90216064453125;0;;0.751953125;390808;m2;203566;0;
..\..\world\lordaeron\aeriepeaks\passivedoodads\bushes\aeriepeaksbush01.m2;19949.2890625;113.8892593383789;16961.701171875;0;262.42742919921875;0;;0.767578125;390793;m2;203565;0;
..\..\world\lordaeron\aeriepeaks\passivedoodads\bushes\aeriepeaksbush01.m2;19930.599609375;115.523193359375;16716.400390625;0;247.09002685546875;0;;0.6640625;390819;m2;203565;0;
..\..\world\lordaeron\aeriepeaks\passivedoodads\bushes\aeriepeaksbush02.m2;20084.7421875;126.197021484375;16894.8125;0;77.24722290039062;0;;0.70703125;391589;m2;203566;0;
..\..\world\lordaeron\aeriepeaks\passivedoodads\bushes\aeriepeaksbush01.m2;20079.65625;122.972412109375;16727.873046875;0;234.1917266845703;0;;0.62109375;391606;m2;203565;0;
..\..\world\lordaeron\aeriepeaks\passivedoodads\bushes\aeriepeaksbush02.m2;19922.72265625;115.14383697509766;16723.076171875;0;321.0412902832031;0;;0.6044921875;390834;m2;203566;0;
..\..\world\lordaeron\aeriepeaks\passivedoodads\bushes\aeriepeaksbush02.m2;19923.20703125;115.39927673339844;16715.330078125;0;106.07623291015625;0;;0.6767578125;390831;m2;203566;0;
..\..\world\lordaeron\aeriepeaks\passivedoodads\bushes\aeriepeaksbush01.m2;20129.013671875;134.37461853027344;17049.689453125;0;242.59652709960938;0;;0.6337890625;391572;m2;203565;0;
..\..\world\lordaeron\aeriepeaks\passivedoodads\bushes\aeriepeaksbush01.m2;20025.53125;111.88276672363281;16779.333984375;0;341.77313232421875;0;;0.673828125;391600;m2;203565;0;
..\..\world\lordaeron\aeriepeaks\passivedoodads\bushes\aeriepeaksbush01.m2;19881.578125;128.15594482421875;16674.013671875;0;328.9516906738281;0;;0.6201171875;390596;m2;203565;0;
..\..\world\lordaeron\aeriepeaks\passivedoodads\bushes\aeriepeaksbush01.m2;20021.08984375;107.1124267578125;16841.36328125;0;350.57342529296875;0;;0.7294921875;390578;m2;203565;0;
..\..\world\lordaeron\aeriepeaks\passivedoodads\bushes\aeriepeaksbush02.m2;19928.55859375;115.64314270019531;16713.50390625;0;78.88424682617188;0;;0.701171875;390830;m2;203566;0;
..\..\world\lordaeron\aeriepeaks\passivedoodads\bushes\aeriepeaksbush01.m2;19881.5546875;127.4745864868164;16675.982421875;0;167.62353515625;0;;0.7041015625;390597;m2;203565;0;
..\..\world\lordaeron\aeriepeaks\passivedoodads\bushes\aeriepeaksbush01.m2;20150.98828125;129.94070434570312;16943.935546875;0;234.5432891845703;0;;0.6064453125;390636;m2;203565;0;
..\..\world\lordaeron\aeriepeaks\passivedoodads\bushes\aeriepeaksbush01.m2;20031.755859375;113.22001647949219;16775.833984375;0;124.5777587890625;0;;0.6064453125;391597;m2;203565;0;
..\..\world\lordaeron\aeriepeaks\passivedoodads\bushes\aeriepeaksbush01.m2;20244.5234375;123.1272964477539;17023.705078125;0;260.1861572265625;0;;0.71484375;390539;m2;203565;0;
..\..\world\lordaeron\aeriepeaks\passivedoodads\bushes\aeriepeaksbush01.m2;19922.95703125;115.251220703125;16717.009765625;0;244.1566162109375;0;;0.623046875;390817;m2;203565;0;
..\..\world\lordaeron\aeriepeaks\passivedoodads\bushes\aeriepeaksbush02.m2;20151.361328125;129.9306640625;16943.73046875;0;30.13641357421875;0;;0.5966796875;390627;m2;203566;0;
..\..\world\lordaeron\aeriepeaks\passivedoodads\bushes\aeriepeaksbush01.m2;20105.40625;117.99105072021484;16751.05859375;0;5.96575927734375;0;;0.7451171875;390612;m2;203565;0;
..\..\world\lordaeron\aeriepeaks\passivedoodads\bushes\aeriepeaksbush02.m2;20025.7109375;108.35547637939453;16846.955078125;0;293.3548889160156;0;;0.6123046875;390563;m2;203566;0;
..\..\world\lordaeron\aeriepeaks\passivedoodads\bushes\aeriepeaksbush01.m2;20085.93359375;127.60967254638672;16912.392578125;0;196.65028381347656;0;;0.6552734375;390811;m2;203565;0;
..\..\world\lordaeron\aeriepeaks\passivedoodads\bushes\aeriepeaksbush01.m2;19928.15234375;115.11309051513672;16718.513671875;0;310.5380554199219;0;;0.5830078125;390823;m2;203565;0;
..\..\world\lordaeron\aeriepeaks\passivedoodads\bushes\aeriepeaksbush01.m2;19883.755859375;128.46348571777344;16672.43359375;0;6.07562255859375;0;;0.732421875;390594;m2;203565;0;
..\..\world\lordaeron\aeriepeaks\passivedoodads\bushes\aeriepeaksbush01.m2;20026.861328125;107.70345306396484;16842.9765625;0;356.7259521484375;0;;0.7607421875;390584;m2;203565;0;
..\..\world\lordaeron\aeriepeaks\passivedoodads\bushes\aeriepeaksbush02.m2;20129.86328125;136.09840393066406;17055.359375;0;3.2960205078125;0;;0.7451171875;391574;m2;203566;0;
..\..\world\lordaeron\aeriepeaks\passivedoodads\bushes\aeriepeaksbush01.m2;19882.912109375;128.11143493652344;16673.693359375;0;22.39080810546875;0;;0.62109375;390595;m2;203565;0;
..\..\world\lordaeron\aeriepeaks\passivedoodads\bushes\aeriepeaksbush01.m2;19877.978515625;128.26365661621094;16675.111328125;0;112.03101348876953;0;;0.6201171875;390600;m2;203565;0;
..\..\world\lordaeron\aeriepeaks\passivedoodads\bushes\aeriepeaksbush01.m2;20147.951171875;130.0690460205078;16947.1875;0;166.17327880859375;0;;0.6640625;390639;m2;203565;0;
..\..\world\lordaeron\aeriepeaks\passivedoodads\bushes\aeriepeaksbush02.m2;19946.5;113.93119049072266;16961.92578125;0;245.71670532226562;0;;0.59765625;390783;m2;203566;0;
..\..\world\lordaeron\aeriepeaks\passivedoodads\bushes\aeriepeaksbush02.m2;20067.892578125;122.06891632080078;16723.40234375;0;80.85086059570312;0;;0.68359375;391612;m2;203566;0;
..\..\world\lordaeron\aeriepeaks\passivedoodads\bushes\aeriepeaksbush01.m2;20126.77734375;131.75765991210938;16964.19921875;0;23.039031982421875;0;;0.6123046875;391582;m2;203565;0;
..\..\world\lordaeron\aeriepeaks\passivedoodads\bushes\aeriepeaksbush02.m2;20103.896484375;117.95781707763672;16747.845703125;0;88.73928833007812;0;;0.7548828125;390609;m2;203566;0;
..\..\world\lordaeron\aeriepeaks\passivedoodads\bushes\aeriepeaksbush01.m2;20243.71484375;123.23944854736328;17025.43359375;0;335.4557800292969;0;;0.6025390625;390543;m2;203565;0;
..\..\world\lordaeron\aeriepeaks\passivedoodads\bushes\aeriepeaksbush01.m2;20245.27734375;122.84089660644531;17026.1875;0;182.15887451171875;0;;0.7578125;390540;m2;203565;0;
..\..\world\lordaeron\aeriepeaks\passivedoodads\bushes\aeriepeaksbush02.m2;19946.169921875;113.91959381103516;16962.20703125;0;92.6944580078125;0;;0.7333984375;390791;m2;203566;0;
..\..\world\lordaeron\aeriepeaks\passivedoodads\bushes\aeriepeaksbush02.m2;20102.505859375;117.92292022705078;16747.5390625;0;358.9453125;0;;0.7431640625;390605;m2;203566;0;
..\..\world\lordaeron\aeriepeaks\passivedoodads\bushes\aeriepeaksbush02.m2;20105.0546875;117.97715759277344;16751.095703125;0;146.64996337890625;0;;0.5537109375;390604;m2;203566;0;
..\..\world\lordaeron\aeriepeaks\passivedoodads\bushes\aeriepeaksbush01.m2;20084.923828125;127.68511199951172;16914.12890625;0;318.9428405761719;0;;0.5517578125;390813;m2;203565;0;
..\..\world\lordaeron\aeriepeaks\passivedoodads\bushes\aeriepeaksbush02.m2;20085.30078125;117.35458374023438;16818.681640625;0;328.281494140625;0;;0.55078125;391592;m2;203566;0;
..\..\world\lordaeron\aeriepeaks\passivedoodads\bushes\aeriepeaksbush01.m2;20086.58203125;127.78533172607422;16913.705078125;0;250.96835327148438;0;;0.6015625;390814;m2;203565;0;
..\..\world\lordaeron\aeriepeaks\passivedoodads\bushes\aeriepeaksbush02.m2;20024.953125;107.2869873046875;16840.26953125;0;240.34425354003906;0;;0.5498046875;390575;m2;203566;0;
..\..\world\lordaeron\aeriepeaks\passivedoodads\bushes\aeriepeaksbush01.m2;19899.88671875;121.60594177246094;16699.318359375;0;154.5797119140625;0;;0.5712890625;397995;m2;203565;0;
..\..\world\lordaeron\aeriepeaks\passivedoodads\bushes\aeriepeaksbush01.m2;19894.974609375;122.29920959472656;16688.9453125;0;154.5797119140625;0;;0.5712890625;397997;m2;203565;0;
..\..\world\lordaeron\aeriepeaks\passivedoodads\bushes\aeriepeaksbush02.m2;20199.052734375;120.07427215576172;16755.048828125;0;47.473388671875;0;;0.52734375;391619;m2;203566;0;
..\..\world\lordaeron\aeriepeaks\passivedoodads\bushes\aeriepeaksbush01.m2;20024.48828125;107.57644653320312;16842.95703125;0;267.7779541015625;0;;0.712890625;390579;m2;203565;0;
..\..\world\lordaeron\aeriepeaks\passivedoodads\bushes\aeriepeaksbush01.m2;20087.544921875;127.88932037353516;16913.962890625;0;51.9669189453125;0;;0.537109375;390810;m2;203565;0;
..\..\world\lordaeron\aeriepeaks\passivedoodads\bushes\aeriepeaksbush02.m2;20153.802734375;129.89271545410156;16940.986328125;0;107.8231201171875;0;;0.580078125;390626;m2;203566;0;
..\..\world\lordaeron\aeriepeaks\passivedoodads\bushes\aeriepeaksbush01.m2;20247.935546875;122.30986785888672;17025.87109375;0;156.9114990234375;0;;0.5693359375;390542;m2;203565;0;
..\..\world\lordaeron\aeriepeaks\passivedoodads\bushes\aeriepeaksbush01.m2;19879.544921875;126.6049575805664;16678.2890625;0;137.09158325195312;0;;0.5341796875;390587;m2;203565;0;
..\..\world\lordaeron\aeriepeaks\passivedoodads\bushes\aeriepeaksbush01.m2;20244.46484375;123.0721206665039;17025.072265625;0;204.3409423828125;0;;0.5634765625;390547;m2;203565;0;
..\..\world\lordaeron\aeriepeaks\passivedoodads\bushes\aeriepeaksbush02.m2;19926.4921875;115.45374298095703;16713.853515625;0;300.9247131347656;0;;0.5341796875;390829;m2;203566;0;
..\..\world\lordaeron\aeriepeaks\passivedoodads\bushes\aeriepeaksbush01.m2;19883.037109375;127.66544342041016;16674.86328125;0;50.49468994140625;0;;0.53125;390592;m2;203565;0;
..\..\world\lordaeron\aeriepeaks\passivedoodads\bushes\aeriepeaksbush01.m2;20086.89453125;126.61649322509766;16899.349609375;0;186.3777618408203;0;;0.662109375;391585;m2;203565;0;
..\..\world\lordaeron\aeriepeaks\passivedoodads\bushes\aeriepeaksbush01.m2;20079.23046875;122.72148895263672;16728.322265625;0;203.62681579589844;0;;0.5595703125;391607;m2;203565;0;
..\..\world\lordaeron\aeriepeaks\passivedoodads\bushes\aeriepeaksbush02.m2;20157.548828125;129.87034606933594;16940.271484375;0;233.80718994140625;0;;0.5185546875;390625;m2;203566;0;
..\..\world\lordaeron\aeriepeaks\passivedoodads\bushes\aeriepeaksbush01.m2;20246.953125;122.63630676269531;17024.36328125;0;13.063140869140625;0;;0.595703125;390545;m2;203565;0;
..\..\world\lordaeron\aeriepeaks\passivedoodads\bushes\aeriepeaksbush02.m2;20138.27734375;136.215087890625;17051.578125;0;176.215087890625;0;;0.6533203125;391575;m2;203566;0;
..\..\world\lordaeron\aeriepeaks\passivedoodads\bushes\aeriepeaksbush02.m2;19946.513671875;113.95226287841797;16961.65625;0;355.2867126464844;0;;0.6435546875;390784;m2;203566;0;
..\..\world\lordaeron\aeriepeaks\passivedoodads\bushes\aeriepeaksbush01.m2;20247.009765625;122.53296661376953;17025.189453125;0;222.5019073486328;0;;0.509765625;390550;m2;203565;0;
..\..\world\lordaeron\aeriepeaks\passivedoodads\bushes\aeriepeaksbush02.m2;20087.17578125;127.7252197265625;16912.513671875;0;281.236572265625;0;;0.5888671875;390801;m2;203566;0;
..\..\world\lordaeron\aeriepeaks\passivedoodads\bushes\aeriepeaksbush01.m2;20104.171875;117.98092651367188;16747.5078125;0;330.5557556152344;0;;0.5244140625;390620;m2;203565;0;
..\..\world\lordaeron\aeriepeaks\passivedoodads\bushes\aeriepeaksbush01.m2;20243.98046875;123.14396667480469;17026.744140625;0;321.3269348144531;0;;0.5087890625;390537;m2;203565;0;
..\..\world\lordaeron\aeriepeaks\passivedoodads\bushes\aeriepeaksbush01.m2;20073.5;121.26287078857422;16729.71484375;0;270.12908935546875;0;;0.6923828125;391604;m2;203565;0;
..\..\world\lordaeron\aeriepeaks\passivedoodads\bushes\aeriepeaksbush01.m2;20246.6640625;122.58822631835938;17025.228515625;0;257.7031555175781;0;;0.578125;390546;m2;203565;0;
..\..\world\lordaeron\aeriepeaks\passivedoodads\bushes\aeriepeaksbush01.m2;19947.287109375;113.83196258544922;16963.044921875;0;68.5567626953125;0;;0.529296875;390792;m2;203565;0;
..\..\world\lordaeron\aeriepeaks\passivedoodads\bushes\aeriepeaksbush01.m2;19879.912109375;127.67574310302734;16675.9453125;0;12.5797119140625;0;;0.5712890625;390589;m2;203565;0;
..\..\world\lordaeron\aeriepeaks\passivedoodads\bushes\aeriepeaksbush01.m2;19880.98046875;122.33365631103516;16704.396484375;0;12.5797119140625;0;;0.5712890625;397993;m2;203565;0;
..\..\world\lordaeron\aeriepeaks\passivedoodads\bushes\aeriepeaksbush01.m2;20104.8046875;118.12037658691406;16744.9296875;0;94.07879638671875;0;;0.626953125;390619;m2;203565;0;
..\..\world\lordaeron\aeriepeaks\passivedoodads\bushes\aeriepeaksbush01.m2;20245.359375;122.78408813476562;17027.001953125;0;280.1708984375;0;;0.572265625;390552;m2;203565;0;
..\..\world\lordaeron\aeriepeaks\passivedoodads\bushes\aeriepeaksbush01.m2;20245.35546875;123.0154037475586;17023.22265625;0;281.70904541015625;0;;0.5439453125;390544;m2;203565;0;
..\..\world\lordaeron\aeriepeaks\passivedoodads\bushes\aeriepeaksbush02.m2;20084.15234375;117.31423950195312;16814.236328125;0;272.271484375;0;;0.6025390625;391591;m2;203566;0;
..\..\world\lordaeron\aeriepeaks\passivedoodads\bushes\aeriepeaksbush01.m2;20155.37890625;129.8888397216797;16939.5546875;0;357.4400634765625;0;;0.6083984375;390640;m2;203565;0;
..\..\world\lordaeron\aeriepeaks\passivedoodads\bushes\aeriepeaksbush01.m2;20091.060546875;128.55274963378906;16918.896484375;0;101.15421295166016;0;;0.5361328125;390815;m2;203565;0;
..\..\world\lordaeron\aeriepeaks\passivedoodads\bushes\aeriepeaksbush01.m2;20031.162109375;112.81085968017578;16777.568359375;0;268.5690002441406;0;;0.607421875;391598;m2;203565;0;
..\..\world\generic\gnome\passivedoodads\gears&levers\gnomebiggear.m2;19965.19921875;165.22181701660156;16587.400390625;-85.00000762939453;277.50006103515625;-153.00006103515625;;0.4091796875;392914;m2;197671;0;
..\..\world\generic\gnome\passivedoodads\gears&levers\gnomebiggear.m2;19966.759765625;165.23233032226562;16589.04296875;-85.00000762939453;277.50006103515625;-153.00006103515625;;0.4091796875;392916;m2;197671;0;
..\..\world\lordaeron\aeriepeaks\passivedoodads\bushes\aeriepeaksbush02.m2;20019.162109375;106.96307373046875;16841.51953125;0;177.56646728515625;0;;0.576171875;390566;m2;203566;0;
..\..\world\generic\nightelf\passivedoodads\gardenbenches\gardenbench02.m2;19741.267578125;118.11564636230469;16781.892578125;0;0;0;;2.19921875;391455;m2;198759;0;
..\..\world\lordaeron\aeriepeaks\passivedoodads\bushes\aeriepeaksbush02.m2;20246.30859375;122.6523666381836;17025.19140625;0;266.93194580078125;0;;0.5712890625;390557;m2;203566;0;
..\..\world\lordaeron\aeriepeaks\passivedoodads\bushes\aeriepeaksbush01.m2;20103.517578125;117.88189697265625;16749.37890625;0;273.53497314453125;0;;0.5791015625;390621;m2;203565;0;
..\..\world\lordaeron\aeriepeaks\passivedoodads\bushes\aeriepeaksbush01.m2;20103.6953125;117.92694854736328;16748.416015625;0;273.52398681640625;0;;0.578125;390618;m2;203565;0;
..\..\world\lordaeron\aeriepeaks\passivedoodads\bushes\aeriepeaksbush02.m2;20245.701171875;122.78243255615234;17025.03515625;0;100.4840087890625;0;;0.5126953125;390556;m2;203566;0;
..\..\world\lordaeron\aeriepeaks\passivedoodads\bushes\aeriepeaksbush02.m2;20021.833984375;107.1739730834961;16841.4921875;0;274.29302978515625;0;;0.5390625;390574;m2;203566;0;
..\..\world\lordaeron\aeriepeaks\passivedoodads\bushes\aeriepeaksbush01.m2;19879.0859375;127.66838836669922;16676.021484375;0;182.2577667236328;0;;0.56640625;390586;m2;203565;0;
..\..\world\lordaeron\aeriepeaks\passivedoodads\bushes\aeriepeaksbush01.m2;20073.41015625;121.17185974121094;16730.02734375;0;263.1195983886719;0;;0.5224609375;391605;m2;203565;0;
..\..\world\lordaeron\aeriepeaks\passivedoodads\bushes\aeriepeaksbush02.m2;20153.970703125;129.8721466064453;16941.5703125;0;358.41790771484375;0;;0.509765625;390629;m2;203566;0;
..\..\world\azeroth\westfall\passivedoodads\crate\westfallcrate.m2;19921.939453125;110.53238677978516;16835.3984375;6.000000476837158;0;-3.000000238418579;;1;398047;m2;190543;0;
..\..\world\generic\human\passivedoodads\crates\replacecrate01.m2;19930.92578125;110.51978302001953;16831.77734375;0;212.5;0;;1;398042;m2;198165;0;
..\..\world\generic\human\passivedoodads\crates\replacecrate01.m2;19931.267578125;110.41502380371094;16832.91796875;0;332.5;0;;1;398043;m2;198165;0;
..\..\world\generic\human\passivedoodads\crates\replacecrate01.m2;19929.181640625;110.6418685913086;16831.72265625;0;25;0;;1;398041;m2;198165;0;
..\..\world\azeroth\westfall\passivedoodads\barrel\westfallbarrel01.m2;19783.533203125;121.61048889160156;16848.767578125;0;357.5;0;;1.2392578125;173821;m2;190535;0;
..\..\world\generic\human\passivedoodads\crates\replacecrate01.m2;19929.75390625;110.51777648925781;16833.033203125;0;0;0;;1;398040;m2;198165;0;
..\..\world\generic\human\passivedoodads\crates\replacecrate01.m2;19930.560546875;111.1041030883789;16832.68359375;0;0;0;;1;398044;m2;198165;0;
..\..\world\generic\human\passivedoodads\lanterns\generallantern01.m2;19929.3046875;111.26080322265625;16831.634765625;0;47.5;0;;0.83984375;398057;m2;198327;0;
..\..\world\generic\gnome\passivedoodads\buckets\gnomebucket01.m2;19966.3203125;164.9942626953125;16590.564453125;0;232;0;;1;392912;m2;197640;0;
..\..\world\generic\gnome\passivedoodads\buckets\gnomebucket01.m2;19967.59765625;165.7402801513672;16578.849609375;0;26.5;0;;1;392918;m2;197640;0;
..\..\world\generic\human\passivedoodads\books\bookmediumopen01.m2;19783.546875;122.83734893798828;16848.744140625;0;339;0;;1;173823;m2;198029;0;
..\..\world\azeroth\elwynn\passivedoodads\battlegladeshield2\battlegladeshield2.m2;19921.416015625;111.59024810791016;16834.265625;-2.500000238418579;0;0.5000000596046448;;1;398050;m2;189678;0;
..\..\world\azeroth\elwynn\passivedoodads\pick\pick.m2;19922.208984375;110.58025360107422;16835.3046875;-27.000001907348633;338.5;-23.500003814697266;;1;398048;m2;189834;0;
..\..\world\generic\human\passivedoodads\books\bookmediumopen01.m2;19928.30078125;110.89730834960938;16834.91796875;0.49999985098838806;322;3.5;;0.919921875;398054;m2;198029;0;
..\..\world\generic\passivedoodads\furniture\containers\barrel02.m2;19872.171875;123.37017059326172;16800.0078125;0;0;0;;1;182362;m2;199737;0;
..\..\world\generic\passivedoodads\furniture\containers\barrel02.m2;19871.12890625;123.37013244628906;16800.37109375;0;0;0;;1;182363;m2;199737;0;
..\..\world\generic\passivedoodads\furniture\containers\barrel02.m2;19872.466796875;123.37078094482422;16801.080078125;0;0;0;;1;182364;m2;199737;0;
..\..\world\generic\passivedoodads\furniture\containers\barrel02.m2;19856;121.0821762084961;16830.912109375;0;0;0;;1;182365;m2;199737;0;
..\..\world\generic\passivedoodads\furniture\containers\barrel02.m2;19922.41015625;110.55078125;16834.111328125;0;0;0;;1;398036;m2;199737;0;
..\..\world\generic\passivedoodads\furniture\containers\barrel02.m2;19930.0625;110.8548812866211;16827.720703125;0;0;0;;1;398037;m2;199737;0;
..\..\world\generic\passivedoodads\furniture\containers\barrel02.m2;19931.044921875;111.05313873291016;16827.396484375;0;0;0;;1;398038;m2;199737;0;
..\..\world\generic\passivedoodads\furniture\containers\barrel02.m2;19930.763671875;110.90000915527344;16828.38671875;0;0;0;;1;398039;m2;199737;0;
..\..\world\generic\passivedoodads\furniture\containers\barrel02.m2;19931.904296875;110.51554870605469;16831.810546875;0;0;0;;1;398045;m2;199737;0;
..\..\world\generic\passivedoodads\furniture\containers\barrel02.m2;19921.47265625;110.64311218261719;16834.259765625;0;0;0;;1;398046;m2;199737;0;
..\..\world\generic\passivedoodads\furniture\containers\barrel02.m2;19963.005859375;164.93161010742188;16587.798828125;0;0;0;;1;392920;m2;199737;0;
..\..\world\generic\passivedoodads\furniture\containers\barrel02.m2;19970.03515625;165.2473907470703;16571.056640625;0;0;0;;1;392923;m2;199737;0;
..\..\world\generic\passivedoodads\furniture\containers\barrel02.m2;19969.744140625;165.43540954589844;16572.802734375;0;0;0;;1;392924;m2;199737;0;
..\..\world\generic\passivedoodads\furniture\containers\barrel02.m2;19970.724609375;165.46864318847656;16573.0234375;0;0;0;;1;392925;m2;199737;0;
..\..\world\generic\human\passivedoodads\crates\replacecrate02.m2;19920.869140625;110.82765197753906;16832.361328125;0;9.5;0;;1;397987;m2;198166;0;
..\..\world\generic\human\passivedoodads\bookstacks\generalbookstackshort01.m2;19783.9296875;121.66130828857422;16849.84375;0;43;0;;0.9296875;173822;m2;198055;0;
..\..\world\generic\human\passivedoodads\bookstacks\generalbookstackshort01.m2;19927.6953125;110.44023895263672;16834.3046875;4.5;0;3.5;;1;398051;m2;198055;0;
..\..\world\generic\human\passivedoodads\plates\generaldirtyplate01.m2;19783.2890625;121.77192687988281;16850.173828125;0;0;0;;1;173824;m2;198405;0;
..\..\world\generic\human\passivedoodads\bookstacks\generalbookstackshort01.m2;19964.77734375;164.89759826660156;16589.146484375;0;53;0;;0.7998046875;392930;m2;198055;0;
..\..\world\azeroth\elwynn\passivedoodads\jugs\jug01.m2;19927.322265625;110.62066650390625;16830.892578125;-4.5;160.5;-5.5;;1;398033;m2;189820;0;
..\..\world\generic\passivedoodads\lights\candle03.m2;19922.408203125;111.49645233154297;16834.095703125;0;0;0;;1;398056;m2;199808;0;
..\..\world\azeroth\elwynn\passivedoodads\jugs\jug01.m2;19963.08203125;164.91650390625;16586.95703125;-3.500000476837158;0;-5;;1;392921;m2;189820;0;
..\..\world\generic\human\passivedoodads\buckets\cavekoboldbucket.m2;19965.73828125;164.95277404785156;16590.1640625;0;0;0;;1;392927;m2;198069;0;
..\..\world\generic\human\passivedoodads\buckets\cavekoboldbucket.m2;19921.376953125;111.05268096923828;16828.798828125;0;0;0;;1;398053;m2;198069;0;
..\..\world\generic\human\passivedoodads\bottles\bottle01.m2;19921.02734375;110.52709197998047;16834.650390625;0;49.5;0;;1;398052;m2;198057;0;
..\..\world\azeroth\westfall\passivedoodads\westfallchair\westfallchair.m2;19928.22265625;110.28531646728516;16834.935546875;0;0;0;;1;398034;m2;190658;0;
..\..\world\azeroth\elwynn\passivedoodads\jugs\jug02.m2;19968.802734375;165.4872589111328;16575.07421875;0;0;0;;1;392922;m2;189821;0;
..\..\world\azeroth\elwynn\passivedoodads\jugs\jug02.m2;19920.90234375;110.7748794555664;16832.966796875;0;9.5;0;;1;398030;m2;189821;0;
..\..\world\azeroth\elwynn\passivedoodads\jugs\jug02.m2;19927.224609375;110.6575927734375;16831.701171875;0;0;0;;1;398032;m2;189821;0;
..\..\world\generic\human\passivedoodads\books\bookmediumopen01.m2;19965.33203125;164.97076416015625;16588.958984375;3;163.5;-2.000000238418579;;0.599609375;392928;m2;198029;0;
..\..\world\generic\human\passivedoodads\books\bookmediumopen01.m2;19965.37109375;164.9226837158203;16589.4921875;0;0;-6.499999523162842;;0.5693359375;392929;m2;198029;0;
..\..\world\azeroth\westfall\passivedoodads\utensils\bowl.m2;19921.765625;110.65667724609375;16835.349609375;0;0;0;;1;398049;m2;190650;0;
..\..\world\azeroth\theblastedlands\passivedoodads\bones\blastedlandsskull01.m2;19931.046875;110.46733093261719;16833.64453125;0;0;0;;1;398055;m2;190439;0;
..\..\world\generic\human\passivedoodads\food\breadslice.m2;19783.25390625;121.88699340820312;16850.197265625;0;0;0;;1;173825;m2;198218;0;
..\..\world\generic\human\passivedoodads\food\breadslice.m2;19783.2734375;121.88047790527344;16850.138671875;0;0;0;;1;173826;m2;198218;0;
..\..\world\wmo\kalimdor\buildings\nightelfhunterslodge\nightelfhunterslodge.wmo;19837.662109375;120.86380004882812;16829.8125;0;35;0;0;1;170212;wmo;112863;0;Set_$DefaultGlobal
..\..\world\wmo\azeroth\buildings\gnomehut\gnomehut.wmo;19963.810546875;166.93960571289062;16573.61328125;0;2.5;0;0;1;392900;wmo;106842;0;Set_$DefaultGlobal
..\..\world\wmo\kalimdor\buildings\nightelfsmallhouse\nightelfsmallhouse.wmo;19884.796875;122.28251647949219;16693.20703125;0;37.5;0;0;1;397992;wmo;112893;2;set_B
