ModelFile;PositionX;PositionY;PositionZ;RotationX;RotationY;RotationZ;RotationW;ScaleFactor;ModelId;Type;FileDataID;DoodadSetIndexes;DoodadSetNames
..\..\world\azeroth\westfall\passivedoodads\trees\westfalltreecanopy01.m2;15834.919921875;90.9661636352539;28273.05859375;0;6.51507568359375;0;;1.0654296875;42947;m2;190642;0;
..\..\world\critter\birds\bird02.m2;15689.2216796875;42.435543060302734;28007.916015625;0;53;0;;1.197265625;35063;m2;190720;0;
..\..\world\critter\birds\bird02.m2;15442.0830078125;46.60694885253906;27910.609375;0;111;0;;1.1015625;34451;m2;190720;0;
..\..\world\critter\birds\bird02.m2;15676.7490234375;44.822261810302734;28033.5;0;103;0;;1.0458984375;35233;m2;190720;0;
..\..\world\azeroth\westfall\passivedoodads\trees\westfalltreecanopy01.m2;15977.341796875;41.074893951416016;27941.296875;0;312.87823486328125;0;;0.791015625;34935;m2;190642;0;
..\..\world\critter\birds\bird02.m2;15551.826171875;55.33327865600586;28085.634765625;0;79;0;;1.0390625;35295;m2;190720;0;
..\..\world\critter\birds\bird02.m2;15682.666015625;45.66300964355469;28077.609375;0;113;0;;1.0458984375;35360;m2;190720;0;
..\..\world\critter\birds\bird02.m2;15486.138671875;44.25395584106445;27887.9453125;0;133;0;;1.1611328125;34843;m2;190720;0;
..\..\world\critter\birds\bird02.m2;15970.388671875;47.82093811035156;27772.22265625;0;222;0;;1.1259765625;34815;m2;190720;0;
..\..\world\critter\birds\bird02.m2;15702.1171875;48.55188751220703;28003.357421875;0;75;0;;1;35072;m2;190720;0;
..\..\world\critter\birds\bird02.m2;15673.0478515625;55.6669921875;27871.90234375;0;286;0;;1;34853;m2;190720;0;
..\..\world\critter\birds\bird02.m2;15681.380859375;105.44898986816406;28232.23046875;0;286;0;;1;35566;m2;190720;0;
..\..\world\critter\birds\bird02.m2;15573.1416015625;83.86338806152344;28161.984375;0;281;0;;1;35541;m2;190720;0;
..\..\world\critter\birds\bird02.m2;15431.5771484375;63.30474090576172;28095.375;0;291;0;;1;34637;m2;190720;0;
..\..\world\azeroth\westfall\passivedoodads\trees\westfalltreecanopy01.m2;15578.962890625;43.7175407409668;28116.34765625;0;74.3863525390625;0;;0.837890625;35464;m2;190642;0;
..\..\world\critter\birds\bird02.m2;15645.71484375;50.143638610839844;27845.65625;0;0;0;;1;34841;m2;190720;0;
..\..\world\critter\birds\bird02.m2;15798.08984375;53.83894729614258;28067.982421875;0;0;0;;1;35403;m2;190720;0;
..\..\world\critter\birds\bird02.m2;15601.2685546875;50.50237274169922;28100.11328125;0;0;0;;1;35471;m2;190720;0;
..\..\world\critter\birds\bird02.m2;15820.2216796875;99.91226959228516;28162.5703125;0;0;0;;1;35549;m2;190720;0;
..\..\world\critter\birds\bird02.m2;15687.568359375;39.736270904541016;27812.578125;0;33;0;;1;34826;m2;190720;0;
..\..\world\critter\birds\bird02.m2;15689.80859375;47.72113037109375;28043.4453125;0;55.5;0;;1;35232;m2;190720;0;
..\..\world\critter\birds\bird02.m2;15739.4404296875;104.57219696044922;28211.52734375;0;51;0;;1;35567;m2;190720;0;
..\..\world\critter\birds\bird02.m2;15519.912109375;82.37955474853516;28040.87890625;0;50.5;0;;1;35115;m2;190720;0;
..\..\world\critter\birds\bird02.m2;15516.2490234375;81.66170501708984;28033.98046875;0;320;0;;1;35114;m2;190720;0;
..\..\world\critter\birds\bird02.m2;15447.810546875;45.02825164794922;28054.29296875;0;319.5;0;;1;34579;m2;190720;0;
..\..\world\critter\birds\bird02.m2;15821.5546875;72.64808654785156;27739.5546875;0;305;0;;0.9375;34798;m2;190720;0;
..\..\world\azeroth\westfall\passivedoodads\trees\westfalltreecanopy01.m2;15547.177734375;46.92439651489258;27759.03125;0;358.5208740234375;0;;0.8818359375;34775;m2;190642;0;
..\..\world\critter\birds\bird02.m2;15700.3046875;42.33360290527344;28007.8046875;0;280;0;;0.853515625;35071;m2;190720;0;
..\..\world\azeroth\westfall\passivedoodads\trees\westfalltreecanopy01.m2;16009.5146484375;37.33818817138672;28209.044921875;0;61.870269775390625;0;;0.65234375;36266;m2;190642;0;
..\..\world\critter\birds\bird02.m2;15719.666015625;47.259525299072266;28036.5;0;224;0;;0.861328125;35235;m2;190720;0;
..\..\world\azeroth\westfall\passivedoodads\trees\westfalltreecanopy01.m2;15730.8203125;37.917415618896484;28091.08984375;0;84.37026977539062;0;;0.6025390625;35372;m2;190642;0;
..\..\world\generic\human\passivedoodads\pulleys\exteriorpulleyfore3.m2;15565.1728515625;45.763023376464844;28196.0234375;0;342.5;0;;1;35557;m2;198413;0;
..\..\world\azeroth\westfall\passivedoodads\trees\westfalltree02.m2;15900.013671875;36.947330474853516;27913.482421875;0;42.16680908203125;0;;1.6640625;34899;m2;190639;0;
..\..\world\azeroth\westfall\passivedoodads\trees\westfalltree03.m2;15753.1083984375;34.743980407714844;27890.0625;-6.000000953674316;116.38170623779297;7;;1.271484375;34868;m2;190640;0;
..\..\world\azeroth\westfall\passivedoodads\trees\westfalltree01.m2;15985.3916015625;39.957149505615234;27744.822265625;0;266.49249267578125;0;;1.4130859375;34805;m2;190638;0;
..\..\world\azeroth\westfall\passivedoodads\trees\westfalltree01.m2;15540.9609375;47.12156295776367;27743.3515625;0;144.45675659179688;0;;1.2451171875;34776;m2;190638;0;
..\..\world\azeroth\westfall\passivedoodads\trees\westfalltree03.m2;15800.0029296875;87.3817138671875;28232.953125;0;324;0;;1.244140625;35568;m2;190640;0;
..\..\world\azeroth\westfall\passivedoodads\trees\westfalltree03.m2;15796.8828125;42.06503677368164;28086.10546875;0;47.28662109375;0;;1.236328125;35400;m2;190640;0;
..\..\world\azeroth\westfall\passivedoodads\trees\westfalltree01.m2;15908.708984375;45.30324172973633;27832.984375;0;118.22747802734375;0;;1.232421875;34828;m2;190638;0;
..\..\world\azeroth\westfall\passivedoodads\trees\westfalltree01.m2;15741.54296875;33.799312591552734;27877.203125;0;32.861114501953125;0;;1.2197265625;34869;m2;190638;0;
..\..\world\azeroth\westfall\passivedoodads\trees\westfalltree03.m2;15799.8330078125;86.9478759765625;28246.5;0;303;0;;1.2197265625;35578;m2;190640;0;
..\..\world\azeroth\westfall\passivedoodads\trees\westfalltree01.m2;15671.3134765625;33.1447639465332;27874.873046875;0;331.5;0;;1.2197265625;34851;m2;190638;0;
..\..\world\azeroth\westfall\passivedoodads\trees\westfalltree02.m2;15987.2041015625;38.27047348022461;27944.935546875;0;349.60662841796875;0;;1.21484375;34933;m2;190639;0;
..\..\world\azeroth\westfall\passivedoodads\trees\westfalltree02.m2;15587.337890625;43.71947479248047;28103.2578125;-3.0000007152557373;293.2560119628906;5.500000953674316;;1.109375;35461;m2;190639;0;
..\..\world\azeroth\westfall\passivedoodads\trees\westfalltree03.m2;15867.5546875;44.122039794921875;28119.388671875;0;257;0;;1.189453125;35512;m2;190640;0;
..\..\world\azeroth\westfall\passivedoodads\trees\westfalltree02.m2;15741.412109375;35.738338470458984;27908.337890625;0;228.54454040527344;0;;1.18359375;34885;m2;190639;0;
..\..\world\azeroth\westfall\passivedoodads\trees\westfalltree01.m2;15537.9765625;47.56570816040039;27736.4609375;0;140.5194091796875;0;;1.18359375;34777;m2;190638;0;
..\..\world\azeroth\westfall\passivedoodads\trees\westfalltree01.m2;15469.48046875;48.31086349487305;28021.984375;0;325;0;;1.169921875;35001;m2;190638;0;
..\..\world\azeroth\westfall\passivedoodads\trees\westfalltree01.m2;15666.60546875;43.7531623840332;27972.17578125;0;6.24041748046875;0;;1.16796875;34962;m2;190638;0;
..\..\world\azeroth\westfall\passivedoodads\trees\westfalltree03.m2;15733.306640625;38.73436737060547;28112.34765625;0;89.25006103515625;0;;1.1630859375;35502;m2;190640;0;
..\..\world\azeroth\westfall\passivedoodads\trees\westfalltree01.m2;15628.3271484375;43.39188766479492;28129.1953125;0;24.005859375;0;;1.1611328125;35468;m2;190638;0;
..\..\world\azeroth\westfall\passivedoodads\trees\westfalltree02.m2;15927.416015625;40.886531829833984;28109.77734375;0;97;0;;1.1591796875;35519;m2;190639;0;
..\..\world\azeroth\westfall\passivedoodads\trees\westfalltree03.m2;15881.943359375;68.6521224975586;28208.166015625;0;173;0;;1.154296875;35573;m2;190640;0;
..\..\world\azeroth\westfall\passivedoodads\trees\westfalltree02.m2;15573.0517578125;47.19343185424805;27752.666015625;0;285.4376220703125;0;;1.1484375;34788;m2;190639;0;
..\..\world\azeroth\westfall\passivedoodads\trees\westfalltree01.m2;15887.27734375;45.896297454833984;28132.02734375;0;70;0;;1.134765625;35511;m2;190638;0;
..\..\world\azeroth\westfall\passivedoodads\trees\westfalltree01.m2;15898.193359375;53.37982940673828;28158.22265625;0;316;0;;1.1298828125;35552;m2;190638;0;
..\..\world\azeroth\westfall\passivedoodads\trees\westfalltree04.m2;15868.5546875;70.0701904296875;28207.1953125;0;98;0;;1.125;35572;m2;190641;0;
..\..\world\azeroth\westfall\buildings\windmill\westfallwindmill.m2;15796.48046875;41.908329010009766;28069.322265625;-2;188;-1.5000001192092896;;1;35402;m2;190519;0;
..\..\world\azeroth\westfall\passivedoodads\trees\westfalltree02.m2;15530.712890625;44.44851303100586;28051.25;0;277.1055908203125;0;;1.1083984375;35111;m2;190639;0;
..\..\world\azeroth\westfall\passivedoodads\trees\westfalltree01.m2;15956.400390625;40.39663314819336;28047.3828125;0;330.5447692871094;0;;1.10546875;35246;m2;190638;0;
..\..\world\azeroth\westfall\passivedoodads\trees\westfalltree01.m2;15516.279296875;55.14336013793945;27978.53515625;0;357.0335693359375;0;;1.1025390625;34942;m2;190638;0;
..\..\world\azeroth\westfall\passivedoodads\trees\westfalltree01.m2;15731.9736328125;39.61366653442383;28068.447265625;0;182.44451904296875;0;;1.1015625;35373;m2;190638;0;
..\..\world\azeroth\westfall\passivedoodads\trees\westfalltree03.m2;15888.693359375;65.6209487915039;28198.359375;0;144;0;;1.099609375;35560;m2;190640;0;
..\..\world\azeroth\westfall\passivedoodads\trees\westfalltree01.m2;15980.1728515625;41.30095672607422;27751.5625;0;31.586669921875;0;;1.09765625;34804;m2;190638;0;
..\..\world\azeroth\westfall\passivedoodads\trees\westfalltree01.m2;15578.337890625;48.09018325805664;27761.9453125;0;329.03271484375;0;;1.095703125;34790;m2;190638;0;
..\..\world\azeroth\westfall\passivedoodads\trees\westfalltree03.m2;15864.443359375;78.6242446899414;28232.609375;0;153;0;;1.0791015625;35569;m2;190640;0;
..\..\world\azeroth\westfall\passivedoodads\trees\westfalltree02.m2;15835.4560546875;43.58881759643555;28094.513671875;0;145.47442626953125;0;;1.0791015625;35416;m2;190639;0;
..\..\world\azeroth\westfall\passivedoodads\trees\westfalltree03.m2;15549.951171875;47.13005447387695;27746.044921875;0;6.716949462890625;0;;1.0791015625;34778;m2;190640;0;
..\..\world\azeroth\westfall\passivedoodads\trees\westfalltree03.m2;15661.888671875;33.46434783935547;27873.1328125;-4.000000953674316;35;-4.000000476837158;;1;34847;m2;190640;0;
..\..\world\azeroth\westfall\passivedoodads\trees\westfalltree01.m2;15875.3779296875;73.29138946533203;28218.359375;0;186;0;;1.07421875;35571;m2;190638;0;
..\..\world\azeroth\westfall\passivedoodads\trees\westfalltree01.m2;15739.857421875;38.517513275146484;28091.087890625;0;204.07977294921875;0;;1.0732421875;35391;m2;190638;0;
..\..\world\azeroth\westfall\passivedoodads\trees\westfalltree02.m2;15920.7490234375;41.51301956176758;28122.638671875;0;127;0;;1.0693359375;35516;m2;190639;0;
..\..\world\azeroth\westfall\passivedoodads\trees\westfalltree03.m2;15992.599609375;56.189674377441406;28205.169921875;0;71.5;0;;1.064453125;35576;m2;190640;0;
..\..\world\azeroth\westfall\passivedoodads\trees\westfalltree03.m2;15988.6396484375;40.112205505371094;27751.68359375;0;299.7711181640625;0;;1.0546875;34803;m2;190640;0;
..\..\world\azeroth\westfall\passivedoodads\trees\westfalltree02.m2;15510.9873046875;55.352508544921875;27974.279296875;0;263.7217102050781;0;;1.052734375;34943;m2;190639;0;
..\..\world\azeroth\westfall\passivedoodads\trees\westfalltree01.m2;15855.5830078125;67.88729095458984;28188.34765625;0;311;0;;1.0498046875;35558;m2;190638;0;
..\..\world\azeroth\westfall\passivedoodads\trees\westfalltree03.m2;15946.380859375;40.08552551269531;28047.66015625;0;173.51239013671875;0;;1.0390625;35245;m2;190640;0;
..\..\world\azeroth\westfall\passivedoodads\trees\westfalltree03.m2;15910.3935546875;37.740501403808594;27938.3046875;0;184.34521484375;0;;1.0390625;34928;m2;190640;0;
..\..\world\azeroth\westfall\passivedoodads\trees\westfalltree01.m2;15728.5048828125;33.89034652709961;27897.328125;0;32.883087158203125;0;;1.037109375;34855;m2;190638;0;
..\..\world\azeroth\westfall\passivedoodads\trees\westfalltree01.m2;15537.2802734375;47.7862548828125;27769.4375;0;148.15924072265625;0;;1.0224609375;34809;m2;190638;0;
..\..\world\azeroth\westfall\passivedoodads\trees\westfalltree01.m2;15598.82421875;43.4030647277832;28099.59765625;0;0;0;;1;35308;m2;190638;0;
..\..\world\azeroth\westfall\passivedoodads\trees\westfalltree01.m2;15644.6259765625;32.75563430786133;27848.1796875;0;0;0;;1;34838;m2;190638;0;
..\..\world\azeroth\westfall\passivedoodads\trees\westfalltree03.m2;15749.443359375;34.350990295410156;27883.95703125;0;0;0;;1;34867;m2;190640;0;
..\..\world\azeroth\westfall\passivedoodads\trees\westfalltree03.m2;15662.87109375;43.84424591064453;28041.421875;0;0;0;;1;35216;m2;190640;0;
..\..\world\azeroth\westfall\passivedoodads\trees\westfalltree04.m2;15654.162109375;45.717811584472656;27926.35546875;0;110.44219970703125;0;;0.990234375;34876;m2;190641;0;
..\..\world\azeroth\westfall\passivedoodads\trees\westfalltree02.m2;15651.138671875;43.415592193603516;28083.763671875;0;335.280029296875;0;;0.9853515625;35339;m2;190639;0;
..\..\world\azeroth\westfall\passivedoodads\trees\westfalltree01.m2;15871.931640625;61.13980484008789;28175.44140625;0;249.00003051757812;0;;0.9794921875;35561;m2;190638;0;
..\..\world\azeroth\westfall\passivedoodads\trees\westfalltree01.m2;15654.107421875;45.41657638549805;27920.966796875;0;322.5245056152344;0;;0.9775390625;34877;m2;190638;0;
..\..\world\azeroth\westfall\passivedoodads\trees\westfalltree01.m2;15981.3671875;39.52091598510742;27953.951171875;0;24.983673095703125;0;;0.970703125;34934;m2;190638;0;
..\..\world\azeroth\westfall\passivedoodads\trees\westfalltree01.m2;15558.4404296875;43.49555969238281;28031.88671875;3;304.24224853515625;3.000000238418579;;0.8955078125;35020;m2;190638;0;
..\..\world\azeroth\westfall\passivedoodads\trees\westfalltree01.m2;15737.08984375;89.2611083984375;28267.03125;0;38;0;;0.9296875;42942;m2;190638;0;
..\..\world\azeroth\westfall\passivedoodads\trees\westfalltree03.m2;15843.4228515625;44.69025421142578;28101.921875;0;356.8138427734375;0;;0.9150390625;35507;m2;190640;0;
..\..\world\azeroth\westfall\passivedoodads\trees\westfalltree01.m2;15864.0146484375;83.2638168334961;28247.1953125;0;156;0;;0.9140625;35581;m2;190638;0;
..\..\world\azeroth\westfall\passivedoodads\trees\westfalltree03.m2;15868.076171875;59.38301086425781;28163.625;0;33;0;;0.9091796875;35551;m2;190640;0;
..\..\world\azeroth\westfall\passivedoodads\trees\westfalltree01.m2;15900.388671875;41.17505645751953;28105.4453125;0;265;0;;0.904296875;35517;m2;190638;0;
..\..\world\azeroth\westfall\passivedoodads\trees\westfalltree02.m2;15806.400390625;86.624755859375;28238.34375;0;351;0;;0.8994140625;35579;m2;190639;0;
..\..\world\azeroth\westfall\passivedoodads\trees\westfalltree03.m2;15665.2578125;44.88718032836914;28114.7265625;0;155.9996337890625;0;;0.8994140625;35499;m2;190640;0;
..\..\world\azeroth\westfall\passivedoodads\trees\westfalltree01.m2;15512.15234375;46.03577423095703;28139.828125;0;76.55508422851562;0;;0.8984375;35526;m2;190638;0;
..\..\world\azeroth\westfall\passivedoodads\trees\westfalltree01.m2;15954.630859375;39.66660690307617;28041.4375;0;96.078369140625;0;;0.8857421875;35242;m2;190638;0;
..\..\world\azeroth\westfall\passivedoodads\trees\westfalltree01.m2;15613.8447265625;49.07668685913086;28009.80859375;0;146.62799072265625;0;;0.8837890625;35048;m2;190638;0;
..\..\world\azeroth\westfall\passivedoodads\trees\westfalltree01.m2;15543.0390625;43.16255569458008;28074.759765625;0;229.5992889404297;0;;0.880859375;35288;m2;190638;0;
..\..\world\azeroth\westfall\passivedoodads\trees\westfalltree02.m2;15734.5966796875;38.3828239440918;28107.576171875;0;325.73797607421875;0;;0.8720703125;35505;m2;190639;0;
..\..\world\azeroth\westfall\passivedoodads\trees\westfalltree03.m2;15738.5771484375;38.543670654296875;28082.060546875;0;207.180908203125;0;;0.8681640625;35392;m2;190640;0;
..\..\world\azeroth\westfall\passivedoodads\trees\westfalltree03.m2;15611.58984375;43.75627517700195;28080.337890625;0;233.005126953125;0;;0.8603515625;35325;m2;190640;0;
..\..\world\azeroth\westfall\passivedoodads\trees\westfalltree04.m2;15514.1142578125;54.43655014038086;27964.34765625;0;287.1364440917969;0;;0.8603515625;34900;m2;190641;0;
..\..\world\azeroth\westfall\passivedoodads\trees\westfalltree01.m2;15857.146484375;80.79688262939453;28240.482421875;0;182;0;;0.859375;35583;m2;190638;0;
..\..\world\azeroth\westfall\passivedoodads\trees\westfalltree01.m2;15817.1767578125;42.29816436767578;28096.67578125;0;250.04547119140625;0;;0.8564453125;35415;m2;190638;0;
..\..\world\azeroth\westfall\passivedoodads\trees\westfalltree02.m2;15977.943359375;40.451175689697266;27952.67578125;0;162.67950439453125;0;;0.8564453125;34932;m2;190639;0;
..\..\world\azeroth\westfall\passivedoodads\trees\westfalltree01.m2;15889.388671875;49.564781188964844;28143.72265625;0;16;0;;0.8544921875;35550;m2;190638;0;
..\..\world\azeroth\westfall\passivedoodads\trees\westfalltree02.m2;15518.724609375;44.73733901977539;28140.560546875;0;267.45928955078125;0;;0.8388671875;35525;m2;190639;0;
..\..\world\azeroth\westfall\passivedoodads\trees\westfalltree01.m2;15647.912109375;45.4719123840332;27922.712890625;0;299.2986755371094;0;;0.83203125;34878;m2;190638;0;
..\..\world\azeroth\westfall\passivedoodads\trees\westfalltree03.m2;15729.3291015625;33.36740493774414;27889.712890625;0;82.81747436523438;0;;0.8310546875;34854;m2;190640;0;
..\..\world\azeroth\westfall\passivedoodads\trees\westfalltree02.m2;15860.943359375;79.67339324951172;28237.62890625;0;312;0;;0.8291015625;35582;m2;190639;0;
..\..\world\azeroth\westfall\passivedoodads\trees\westfalltree01.m2;15509.33984375;49.338165283203125;28157.9375;0;9.5550537109375;0;;0.8291015625;597462;m2;190638;0;
..\..\world\azeroth\westfall\passivedoodads\trees\westfalltree01.m2;15904.697265625;46.645606994628906;27826.044921875;0;114.28325653076172;0;;0.8271484375;34827;m2;190638;0;
..\..\world\azeroth\westfall\passivedoodads\trees\westfalltree01.m2;15912.365234375;37.1996955871582;27919.12890625;0;22.775360107421875;0;;0.8212890625;34898;m2;190638;0;
..\..\world\azeroth\westfall\passivedoodads\trees\westfalltree03.m2;15616.9560546875;47.67314529418945;28022.4140625;0;269.08599853515625;0;;0.814453125;35046;m2;190640;0;
..\..\world\azeroth\westfall\passivedoodads\trees\westfalltree03.m2;15661.9052734375;46.07117462158203;28123.1484375;0;326.7763366699219;0;;0.810546875;35500;m2;190640;0;
..\..\world\azeroth\westfall\passivedoodads\trees\westfalltree01.m2;15659.4609375;45.09463882446289;28112.9765625;0;343.179443359375;0;;0.806640625;35501;m2;190638;0;
..\..\world\azeroth\westfall\passivedoodads\trees\westfalltree01.m2;15907.7216796875;41.83005142211914;28122.27734375;0;248;0;;0.8046875;35518;m2;190638;0;
..\..\world\azeroth\westfall\passivedoodads\trees\westfalltree03.m2;15536.744140625;46.80533981323242;27762.294921875;0;259.42120361328125;0;;0.79296875;34779;m2;190640;0;
..\..\world\azeroth\westfall\passivedoodads\trees\westfalltree01.m2;15884.916015625;42.897850036621094;28118.33203125;0;317;0;;0.7890625;35510;m2;190638;0;
..\..\world\azeroth\westfall\passivedoodads\trees\westfalltree01.m2;15548.1015625;42.32332229614258;27962.869140625;0;4.0540771484375;0;;0.7890625;34903;m2;190638;0;
..\..\world\azeroth\westfall\passivedoodads\trees\westfalltree01.m2;15646.490234375;47.801456451416016;28134.52734375;0;289.41064453125;0;;0.779296875;35548;m2;190638;0;
..\..\world\azeroth\westfall\passivedoodads\trees\westfalltree01.m2;15621.416015625;47.56291580200195;28012.2890625;0;73.11624145507812;0;;0.7578125;35047;m2;190638;0;
..\..\world\azeroth\westfall\passivedoodads\trees\westfalltree01.m2;15903.5927734375;37.572479248046875;27940.39453125;0;21.193267822265625;0;;0.7578125;34929;m2;190638;0;
..\..\world\azeroth\westfall\passivedoodads\trees\westfalltree01.m2;15542.30859375;46.064361572265625;27971.322265625;0;305.30841064453125;0;;0.755859375;34946;m2;190638;0;
..\..\world\azeroth\westfall\passivedoodads\trees\westfalltree01.m2;15575.4248046875;47.146034240722656;27747.37890625;0;272.11077880859375;0;;0.75390625;34789;m2;190638;0;
..\..\world\azeroth\westfall\passivedoodads\westfallfountain\westfallfountain.m2;15558.3642578125;42.59060287475586;28091.31640625;2;88.5;-5.000000476837158;;1;35283;m2;190662;0;
..\..\world\azeroth\duskwood\passivedoodads\gates\duskwoodtallcemetarygate.m2;15473.3359375;46.2272834777832;28049.40234375;0.5000001192092896;89.5;3.000000238418579;;1;35104;m2;189481;0;
..\..\world\azeroth\westfall\passivedoodads\westfallwagon\westfallwagon01.m2;15546.3017578125;43.79766082763672;28110.791015625;6;158.5;9;;1;35442;m2;190657;0;
..\..\world\azeroth\westfall\passivedoodads\westfallwagon\westfallwagon01.m2;15965.982421875;33.736122131347656;27731.17578125;-3;343.5;0;;1;24864;m2;190657;0;
..\..\world\azeroth\westfall\passivedoodads\haystack\westfallhaystack02.m2;15712.7490234375;41.40674591064453;28010.884765625;-21.499998092651367;335.3349609375;-3.5;;1.1328125;35066;m2;190598;0;
..\..\world\azeroth\westfall\passivedoodads\haystack\westfallhaystack02.m2;15700.0185546875;45.93666076660156;28021.296875;3.499999761581421;113.21755981445312;-11.999999046325684;;1.2099609375;35064;m2;190598;0;
..\..\world\azeroth\westfall\passivedoodads\haystack\westfallhaystack02.m2;15662.5185546875;44.4969367980957;28094.435546875;-1.9999995231628418;31.608642578125;5.499999523162842;;1.1865234375;35352;m2;190598;0;
..\..\world\azeroth\westfall\passivedoodads\haystack\westfallhaystack02.m2;15687.82421875;46.220611572265625;28055.953125;-4.000000476837158;301.71575927734375;-7.000000476837158;;1.1357421875;35225;m2;190598;0;
..\..\world\generic\human\passivedoodads\hearse\moonbrookhearse.m2;15534.7841796875;43.26436233520508;28015.8203125;0.5000001192092896;48;1.5;;1.0693359375;35024;m2;198301;0;
..\..\world\azeroth\westfall\buildings\shed\westfallshed.m2;15805.1083984375;41.83964157104492;28084.703125;1.4999998807907104;132.5;-5;;1;35412;m2;190517;0;
..\..\world\khazmodan\badlands\passivedoodads\wagon\badlandssunkenwagon.m2;15529.8173828125;43.33588409423828;28138.916015625;0;26.5;0;;1;35524;m2;203004;0;
..\..\world\azeroth\westfall\passivedoodads\haystack\westfallhaystack02.m2;15691.478515625;42.10417556762695;28000.34765625;1.5;131.7630615234375;3.000000476837158;;1.0546875;35060;m2;190598;0;
..\..\world\khazmodan\badlands\passivedoodads\wagon\badlandssunkenwagon.m2;15556.154296875;47.61674880981445;27767.16015625;-1;201.5;2.500000476837158;;1;34810;m2;203004;0;
..\..\world\azeroth\westfall\passivedoodads\haystack\westfallhaystack02.m2;15684.318359375;45.955020904541016;28040.623046875;-0.5;161.37213134765625;-5.5;;1.08984375;35227;m2;190598;0;
..\..\world\azeroth\westfall\passivedoodads\haystack\westfallhaystack02.m2;15677.6083984375;45.94017028808594;28052.962890625;3;340.3228759765625;0.5000000596046448;;1.0546875;35224;m2;190598;0;
..\..\world\azeroth\westfall\passivedoodads\haystack\westfallhaystack02.m2;15714.3642578125;46.81478500366211;28027.66796875;13.5;175.094482421875;0;;1.0615234375;35065;m2;190598;0;
..\..\world\azeroth\westfall\passivedoodads\haystack\westfallhaystack02.m2;15687.458984375;43.59528350830078;28015.12109375;10;229.2037811279297;4.000000476837158;;0.904296875;35057;m2;190598;0;
..\..\world\azeroth\westfall\passivedoodads\haystack\westfallhaystack02.m2;15672.373046875;46.0250358581543;28080.5625;-6.5;154.54937744140625;1.5;;0.951171875;35356;m2;190598;0;
..\..\world\azeroth\westfall\passivedoodads\haystack\westfallhaystack02.m2;15670.3798828125;46.08906936645508;28072.53125;1.500000238418579;327.1718444824219;9.000000953674316;;0.9130859375;35358;m2;190598;0;
..\..\world\azeroth\duskwood\passivedoodads\duskwoodhaywagon\duskwoodhaywagon.m2;15587.2548828125;43.67082977294922;28082.69140625;-2.500000476837158;264;-9.500000953674316;;1;35302;m2;189455;0;
..\..\world\azeroth\westfall\passivedoodads\haystack\westfallhaystack02.m2;15693.224609375;45.05910110473633;28069.68359375;-0.4999999403953552;173.84197998046875;11;;1.0185546875;35359;m2;190598;0;
..\..\world\azeroth\westfall\passivedoodads\haystack\westfallhaystack02.m2;15678.4677734375;46.60658645629883;28069.3984375;0;289.1689758300781;0;;0.9765625;35357;m2;190598;0;
..\..\world\azeroth\westfall\passivedoodads\haystack\westfallhaystack02.m2;15679.865234375;43.94939041137695;28019.822265625;-5.500000476837158;326.6445007324219;9.000000953674316;;0.8134765625;35059;m2;190598;0;
..\..\world\azeroth\westfall\passivedoodads\brokencart\brokencart.m2;15593.990234375;43.26893997192383;28114.58984375;0;34;0;;1;35457;m2;190536;0;
..\..\world\azeroth\westfall\passivedoodads\haystack\westfallhaystack02.m2;15661.77734375;45.19324493408203;28078.00390625;2;4.4605712890625;0;;1.072265625;35353;m2;190598;0;
..\..\world\azeroth\westfall\passivedoodads\detail\westfallbush01.m2;15728.6328125;37.86674499511719;28086.80078125;0;297.80450439453125;0;;1.689453125;72022;m2;190566;0;
..\..\world\azeroth\westfall\passivedoodads\haystack\westfallhaystack02.m2;15669.2802734375;44.99979019165039;28063.57421875;-7.000000476837158;73.08331298828125;-1.0000003576278687;;0.8681640625;35223;m2;190598;0;
..\..\world\azeroth\westfall\passivedoodads\detail\westfallbush01.m2;15590.7236328125;43.206016540527344;28121.21875;0;218.26177978515625;0;;1.619140625;35465;m2;190566;0;
..\..\world\azeroth\westfall\passivedoodads\haystack\westfallhaystack02.m2;15702.90234375;44.1367073059082;28054.23828125;0.500000536441803;97.00125122070312;11.000000953674316;;0.9150390625;35234;m2;190598;0;
..\..\world\azeroth\westfall\passivedoodads\haystack\westfallhaystack02.m2;15708.23046875;39.676475524902344;27996.19921875;-2.999999761581421;349.80438232421875;-11.499998092651367;;0.8427734375;34977;m2;190598;0;
..\..\world\azeroth\westfall\passivedoodads\detail\westfallbush01.m2;15731.0947265625;38.748477935791016;28112.5703125;0;137.61334228515625;0;;1.4921875;35504;m2;190566;0;
..\..\world\azeroth\westfall\passivedoodads\haystack\westfallhaystack02.m2;15697.6591796875;46.977420806884766;28033.2890625;0;134.48773193359375;0;;0.7802734375;35058;m2;190598;0;
..\..\world\azeroth\westfall\passivedoodads\plow\plow.m2;15552.10546875;43.79436111450195;28128.62109375;13.500001907348633;112.00003051757812;-2.500000238418579;;1;35454;m2;190619;0;
..\..\world\azeroth\westfall\passivedoodads\haystack\westfallhaystack02.m2;15671.537109375;42.15713882446289;28003.322265625;1.999999761581421;118.24945068359375;4;;0.7548828125;35061;m2;190598;0;
..\..\world\azeroth\westfall\passivedoodads\haystack\westfallhaystack02.m2;15672.162109375;45.05137634277344;28039.23828125;0;4.7132568359375;-1;;0.9326171875;35226;m2;190598;0;
..\..\world\azeroth\westfall\passivedoodads\deadmule\deadmule.m2;15696.0234375;31.59318733215332;27847.78515625;13.5;282.5;-14.499998092651367;;1;34842;m2;190546;0;
..\..\world\azeroth\westfall\passivedoodads\detail\westfallbush01.m2;15731.37109375;38.09505081176758;28095.078125;0;36.31817626953125;0;;1.36328125;35377;m2;190566;0;
..\..\world\azeroth\duskwood\buildings\gnolltent\gnolltent02.m2;15904.8154296875;37.08448028564453;27919.03125;-0.5000000596046448;338.5;0;;1;34892;m2;189359;0;
..\..\world\azeroth\westfall\passivedoodads\deadcow\deadcow.m2;15669.6279296875;31.7999267578125;27810.404296875;11.5;346.5;-2.000000238418579;;1;34820;m2;190545;0;
..\..\world\azeroth\westfall\passivedoodads\deadcow\deadcow.m2;15650.912109375;31.26131820678711;27864.51953125;-4.500000476837158;42.5;-2.5000007152557373;;1;34837;m2;190545;0;
..\..\world\generic\human\passivedoodads\cargonetboxes\deadminecargonetboxes.m2;15559.880859375;42.83248519897461;28130.029296875;0;335;0;;1;76911;m2;198086;0;
..\..\world\azeroth\westfall\passivedoodads\deadcow\deadcow.m2;15522.74609375;43.262142181396484;28117.25;0;9.5;0;;1;35426;m2;190545;0;
..\..\world\azeroth\westfall\passivedoodads\detail\westfallbush01.m2;15868.0166015625;70.02194213867188;28206.1875;-14.5;305.58306884765625;-4.4093155793234473e-7;;1.1611328125;35574;m2;190566;0;
..\..\world\azeroth\duskwood\buildings\gnolltent\gnolltent02.m2;15910.4873046875;37.83811569213867;27929.4921875;-3.500000238418579;259.5;3.0000009536743164;;1;34894;m2;189359;0;
..\..\world\generic\passivedoodads\directionalmarker\directionalmarker02.m2;15533.8271484375;44.419193267822266;28043.61328125;4.499999523162842;0;-4.499999523162842;;1;35129;m2;199684;0;
..\..\world\azeroth\westfall\passivedoodads\detail\westfallbush01.m2;15872.568359375;61.03824996948242;28175.41015625;-8;306.39605712890625;10.5;;1.1318359375;35565;m2;190566;0;
..\..\world\azeroth\westfall\passivedoodads\outhouse\outhouse.m2;15607.025390625;43.25447463989258;28037.7734375;3.000000238418579;9.34002685546875;-2.000000238418579;;1;35210;m2;190617;0;
..\..\world\azeroth\westfall\passivedoodads\detail\westfallbush01.m2;15550.9072265625;47.44655990600586;27753.48046875;0;322.7552185058594;0;;1.24609375;34784;m2;190566;0;
..\..\world\azeroth\duskwood\buildings\gnolltent\gnolltent02.m2;15746.0166015625;34.311485290527344;27890.83984375;0.9999998807907104;260;0;;1;34863;m2;189359;0;
..\..\world\azeroth\westfall\passivedoodads\detail\westfallbush01.m2;15887.6904296875;65.5377197265625;28197.822265625;-13;26.47784423828125;-3.5000007152557373;;1.15234375;35562;m2;190566;0;
..\..\world\azeroth\westfall\passivedoodads\deadcow\deadcow.m2;15531.3916015625;42.8507080078125;28114.447265625;2.5000011920928955;255.5;-21;;0.919921875;35427;m2;190545;0;
..\..\world\azeroth\elwynn\buildings\distillery\distillery.m2;15600.4404296875;43.09060287475586;28046.90625;0;181.5;0;;1;35194;m2;189611;0;
..\..\world\azeroth\duskwood\buildings\gnolltent\gnolltent02.m2;15742.7080078125;34.2122688293457;27885.466796875;-2;354;2.499999761581421;;1;34859;m2;189359;0;
..\..\world\azeroth\westfall\passivedoodads\detail\westfallbush01.m2;15517.37109375;55.084449768066406;27978.578125;0;239.22360229492188;0;;1.2470703125;34945;m2;190566;0;
..\..\world\azeroth\westfall\passivedoodads\detail\westfallbush01.m2;15884.2060546875;42.83323669433594;28117.36328125;0;221.4252166748047;0;;1.20703125;35513;m2;190566;0;
..\..\world\azeroth\westfall\passivedoodads\detail\westfallbush01.m2;15532.8046875;43.2330207824707;28137.90625;0;319.7119140625;0;;1.201171875;35534;m2;190566;0;
..\..\world\azeroth\duskwood\passivedoodads\fence\duskwoodfencetop.m2;15667.912109375;44.920650482177734;28047.0625;-19.000001907348633;6.5;-16;;1;35230;m2;189471;0;
..\..\world\azeroth\westfall\passivedoodads\deadcow\deadcow.m2;15675.2666015625;31.44617462158203;27814.4453125;11.499999046325684;308;-21.5;;0.8994140625;34821;m2;190545;0;
..\..\world\azeroth\westfall\passivedoodads\detail\westfallbush01.m2;15981.3115234375;41.551021575927734;27752.1796875;-7.500000953674316;57.65802001953125;-4;;1.140625;34808;m2;190566;0;
..\..\world\azeroth\westfall\passivedoodads\detail\westfallbush01.m2;15919.27734375;41.52418899536133;28123.359375;0;27.5985107421875;0;;1.2314453125;35522;m2;190566;0;
..\..\world\azeroth\westfall\passivedoodads\detail\westfallbush01.m2;15836.0830078125;89.68122100830078;28264.95703125;8.5;229.37954711914062;4.5;;1.09765625;35586;m2;190566;0;
..\..\world\azeroth\duskwood\passivedoodads\irongate\gatesegment03.m2;15538.7373046875;44.14983367919922;28052.72265625;-5.500000476837158;85.5;-9.000001907348633;;1;35136;m2;189494;0;
..\..\world\azeroth\duskwood\passivedoodads\irongate\gatesegment03.m2;15472.412109375;48.256752014160156;28021.19140625;-8;260.5;-6.500000476837158;;1;34997;m2;189494;0;
..\..\world\azeroth\westfall\passivedoodads\detail\westfallbush01.m2;15732.833984375;38.62038040161133;28110.86328125;0;97.18243408203125;0;;1.462890625;35503;m2;190566;0;
..\..\world\azeroth\westfall\passivedoodads\detail\westfallbush01.m2;15630.716796875;44.32244110107422;28063.6796875;0;56;0;;1.189453125;35215;m2;190566;0;
..\..\world\generic\human\passivedoodads\signposts\woodsignpostworn01.m2;15646.005859375;43.0052375793457;27978.26953125;0;165.5;0;;1;120176;m2;198481;0;
..\..\world\azeroth\westfall\passivedoodads\detail\westfallbush01.m2;15849.197265625;35.10939407348633;27968.84765625;0;33.69610595703125;0;;1.189453125;34986;m2;190566;0;
..\..\world\azeroth\westfall\passivedoodads\detail\westfallbush01.m2;15627.2216796875;43.5806770324707;28140.80078125;0;112.48148345947266;0;;1.2470703125;35547;m2;190566;0;
..\..\world\azeroth\westfall\passivedoodads\detail\westfallbush01.m2;15600.0029296875;43.522342681884766;28100.17578125;0;45;0;;1.1591796875;35470;m2;190566;0;
..\..\world\azeroth\westfall\passivedoodads\detail\westfallbush01.m2;15551.4296875;47.523345947265625;27762.0859375;0;62.975555419921875;0;;1.2001953125;34785;m2;190566;0;
..\..\world\azeroth\westfall\passivedoodads\detail\westfallbush01.m2;15953.654296875;39.693824768066406;28040.83984375;0;143.782470703125;0;;1.158203125;35244;m2;190566;0;
..\..\world\azeroth\westfall\passivedoodads\detail\westfallbush01.m2;15855.44921875;67.61709594726562;28187.529296875;4.5;65.48052978515625;-18.5;;1.0830078125;35559;m2;190566;0;
..\..\world\generic\human\passivedoodads\cargonets\deadminecargonet01.m2;15560.8984375;41.66691589355469;28134.58203125;-19.999996185302734;181.5;1.4999998807907104;;1;76917;m2;198087;0;
..\..\world\azeroth\duskwood\passivedoodads\irongate\gatesegment03.m2;15473.3115234375;45.689937591552734;28059.1484375;0;88;4.5;;1;35101;m2;189494;0;
..\..\world\azeroth\westfall\passivedoodads\detail\westfallbush01.m2;15739.5478515625;38.700897216796875;28081.7578125;0;95.951904296875;0;;1.4384765625;35394;m2;190566;0;
..\..\world\azeroth\duskwood\passivedoodads\irongate\gatesegment03.m2;15467.9580078125;44.827880859375;28065.712890625;0.5;180;-4.999999523162842;;1;35099;m2;189494;0;
..\..\world\azeroth\westfall\passivedoodads\westfallfence\westfallfence.m2;15567.197265625;48.14937210083008;27774.30078125;-8.500000953674316;354;-3.500000238418579;;1;34811;m2;190659;0;
..\..\world\azeroth\westfall\passivedoodads\detail\westfallbush01.m2;15900.724609375;41.295841217041016;28106.1875;0;251.5943603515625;0;;1.25;35523;m2;190566;0;
..\..\world\azeroth\westfall\passivedoodads\westfallfence\westfallfence.m2;15694.873046875;43.03077697753906;27988.484375;-10;284;1.0000009536743164;;1;34967;m2;190659;0;
..\..\world\azeroth\westfall\passivedoodads\westfallfence\westfallfence.m2;15748.419921875;36.660037994384766;27956.98046875;-6.999999523162842;272.5;-2.500000476837158;;1;34916;m2;190659;0;
..\..\world\azeroth\westfall\passivedoodads\detail\westfallbush01.m2;15870.7841796875;61.17074966430664;28174.9140625;6.500000476837158;217.8545379638672;6.5;;1.041015625;35564;m2;190566;0;
..\..\world\azeroth\westfall\passivedoodads\detail\westfallbush01.m2;15728.83984375;38.133384704589844;28095.0859375;0;355.8194580078125;0;;1.44921875;35376;m2;190566;0;
..\..\world\azeroth\duskwood\passivedoodads\irongate\gatesegment03.m2;15473.654296875;45.53932189941406;28065.451171875;4.999999523162842;89.5;2.5;;1;35103;m2;189494;0;
..\..\world\azeroth\westfall\passivedoodads\detail\westfallbush01.m2;15844.724609375;44.866363525390625;28101.08984375;0;299.7271728515625;0;;1.1513671875;35508;m2;190566;0;
..\..\world\azeroth\westfall\passivedoodads\detail\westfallbush01.m2;15903.9990234375;37.98060989379883;27940.1484375;0;329.3252258300781;0;;1.1435546875;34930;m2;190566;0;
..\..\world\azeroth\westfall\passivedoodads\deadcow\deadcow.m2;15671.93359375;30.773340225219727;27814.609375;21.5;38;-16;;0.849609375;34825;m2;190545;0;
..\..\world\azeroth\westfall\passivedoodads\detail\westfallbush01.m2;15567.521484375;48.17276382446289;27773.7734375;0;45.298004150390625;0;;1.1123046875;34814;m2;190566;0;
..\..\world\azeroth\duskwood\passivedoodads\irongate\gatesegment03.m2;15539.244140625;43.56096267700195;28034.8984375;0;261.5;0;;1;35133;m2;189494;0;
..\..\world\azeroth\duskwood\buildings\gnolltent\gnolltent03.m2;15900.732421875;37.64177322387695;27936.80078125;3.000000238418579;342.5;4.000000476837158;;1;34926;m2;189361;0;
..\..\world\azeroth\duskwood\passivedoodads\irongate\gatesegment03.m2;15472.6171875;47.175453186035156;28029.99609375;0;95;0;;1;34996;m2;189494;0;
..\..\world\azeroth\westfall\passivedoodads\detail\westfallbush01.m2;15945.880859375;40.09459686279297;28048.73828125;0;153.76934814453125;0;;1.1591796875;35247;m2;190566;0;
..\..\world\azeroth\duskwood\passivedoodads\fence\duskwoodfencetop.m2;15690.900390625;43.4764404296875;27989.296875;-6;281.5;0.9999997019767761;;1;34968;m2;189471;0;
..\..\world\azeroth\westfall\passivedoodads\westfallfence\westfallfence.m2;15702.169921875;40.40605545043945;27968.125;-7.500000953674316;276.5;15.500000953674316;;1;34975;m2;190659;0;
..\..\world\azeroth\westfall\passivedoodads\detail\westfallbush01.m2;15654.8310546875;45.67006301879883;27926.36328125;0;318.6681823730469;0;;1.1025390625;34881;m2;190566;0;
..\..\world\azeroth\westfall\passivedoodads\detail\westfallbush01.m2;15661.65234375;43.66845703125;28040.9140625;0;333;0;;1.1494140625;35217;m2;190566;0;
..\..\world\azeroth\westfall\passivedoodads\westfallfence\westfallfence.m2;15706.232421875;39.91846466064453;27967.666015625;-8.999999046325684;281.5;13.499999046325684;;1;34974;m2;190659;0;
..\..\world\azeroth\westfall\passivedoodads\westfallfence\westfallfence.m2;15537.275390625;43.275875091552734;28117.712890625;4.5;358.5;0.49999988079071045;;1;35444;m2;190659;0;
..\..\world\azeroth\westfall\passivedoodads\westfallfence\westfallfence.m2;15567.603515625;47.28790283203125;27765.884765625;-4.5;359.5;-2.5;;1;34794;m2;190659;0;
..\..\world\azeroth\westfall\passivedoodads\detail\westfallbush01.m2;15909.6142578125;45.075416564941406;27831.9765625;0;225.5452117919922;0;;1.095703125;34829;m2;190566;0;
..\..\world\azeroth\westfall\passivedoodads\westfallfence\westfallfence.m2;15659.478515625;43.903507232666016;28001.30859375;6.000000476837158;162;-4;;1;35052;m2;190659;0;
..\..\world\azeroth\westfall\passivedoodads\detail\westfallbush01.m2;15888.162109375;45.5740852355957;28131.640625;0;236.8285369873047;0;;1.1103515625;35515;m2;190566;0;
..\..\world\azeroth\westfall\passivedoodads\westfallfence\westfallfence.m2;15954.5830078125;36.65044021606445;28021.546875;3.000000238418579;265.5;-6.499999523162842;;1;35090;m2;190659;0;
..\..\world\azeroth\westfall\passivedoodads\westfallfence\westfallfence.m2;15890.7734375;37.58329391479492;27989.84375;5.000000476837158;250.5;-8.00000286102295;;1;34989;m2;190659;0;
..\..\world\azeroth\westfall\passivedoodads\westfallfence\westfallfence.m2;15658.82421875;44.49455261230469;28009.23046875;3.499999761581421;183.5;0;;1;35054;m2;190659;0;
..\..\world\azeroth\westfall\passivedoodads\westfallfence\westfallfence.m2;15567.63671875;47.57666015625;27770.0703125;-3.5;0.5;-3;;1;34812;m2;190659;0;
..\..\world\azeroth\westfall\passivedoodads\detail\westfallbush01.m2;15572.068359375;47.15958023071289;27751.9609375;0;46.44061279296875;0;;1.0888671875;34791;m2;190566;0;
..\..\world\azeroth\westfall\passivedoodads\westfallfence\westfallfence.m2;15524.958984375;43.3403434753418;28109.42578125;3.500000238418579;90;-0.5000000596046448;;1;35420;m2;190659;0;
..\..\world\azeroth\duskwood\passivedoodads\fence\duskwoodfencebottom.m2;15698.8779296875;42.31553649902344;27987.509765625;-9;288.5;3.5000014305114746;;1;34966;m2;189464;0;
..\..\world\azeroth\westfall\passivedoodads\detail\westfallbush01.m2;15795.677734375;42.06633377075195;28085.45703125;0;339.19122314453125;0;;1.1787109375;35399;m2;190566;0;
..\..\world\azeroth\westfall\passivedoodads\detail\westfallbush01.m2;15760.2353515625;35.68903732299805;27954.69140625;0;220.0628662109375;0;;1.0869140625;34918;m2;190566;0;
..\..\world\azeroth\westfall\passivedoodads\detail\westfallbush01.m2;15630.0947265625;43.46807098388672;28128.875;0;150.90182495117188;0;;1.1162109375;35469;m2;190566;0;
..\..\world\azeroth\duskwood\passivedoodads\fence\duskwoodfencebottom.m2;15658.216796875;44.309898376464844;28005.1796875;3.000000238418579;189;0;;1;35053;m2;189464;0;
..\..\world\azeroth\westfall\passivedoodads\detail\westfallbush01.m2;15536.810546875;43.485042572021484;28110.203125;0;246.29904174804688;0;;1.1494140625;35450;m2;190566;0;
..\..\world\azeroth\westfall\passivedoodads\detail\westfallbush01.m2;15748.8017578125;34.3166389465332;27883.09765625;0;238.71823120117188;0;;1.1044921875;34872;m2;190566;0;
..\..\world\azeroth\duskwood\passivedoodads\fence\duskwoodfencebottom.m2;15679.107421875;43.713138580322266;27991.5546875;-0.5000001192092896;275.5;-19.000001907348633;;1;34971;m2;189464;0;
..\..\world\azeroth\duskwood\passivedoodads\fence\duskwoodfencebottom.m2;15801.3017578125;33.50477981567383;27954.640625;2;264;-3.000000476837158;;1;34923;m2;189464;0;
..\..\world\azeroth\westfall\passivedoodads\detail\westfallbush01.m2;15577.5458984375;48.01066970825195;27761.181640625;0;255.29708862304688;0;;1.228515625;34793;m2;190566;0;
..\..\world\azeroth\westfall\passivedoodads\westfallfence\westfallfence.m2;15569.12109375;48.09516143798828;27809.74609375;3.000000238418579;9.5;-4;;1;34816;m2;190659;0;
..\..\world\azeroth\duskwood\passivedoodads\fence\duskwoodfencebottom.m2;15667.701171875;45.11781692504883;28042.66796875;-2.000000238418579;5;0;;1;35229;m2;189464;0;
..\..\world\azeroth\westfall\passivedoodads\westfallfence\westfallfence.m2;15668.3935546875;43.1236457824707;27975.3671875;-1.5000005960464478;281;-5;;1;34963;m2;190659;0;
..\..\world\azeroth\westfall\passivedoodads\detail\westfallbush01.m2;15856.7265625;43.35405349731445;28016.982421875;0;45.96820068359375;0;;1.072265625;35078;m2;190566;0;
..\..\world\azeroth\westfall\passivedoodads\westfallfence\westfallfence.m2;15702.7666015625;41.57301712036133;27986.1171875;-7.000000476837158;293.5;-3.5000007152557373;;1;34980;m2;190659;0;
..\..\world\azeroth\westfall\passivedoodads\westfallfence\westfallfence.m2;15568.4208984375;48.40022659301758;27801.671875;1.5000001192092896;359.5;-2.000000238418579;;1;34817;m2;190659;0;
..\..\world\azeroth\duskwood\passivedoodads\fence\duskwoodfencetop.m2;15568.4990234375;48.24911117553711;27805.6953125;1.5;1;-2.500000238418579;;1;34818;m2;189471;0;
..\..\world\azeroth\westfall\passivedoodads\westfallfence\westfallfence.m2;15752.5009765625;36.09933853149414;27956.734375;-0.9999997615814209;278.5;-4;;1;34915;m2;190659;0;
..\..\world\azeroth\westfall\passivedoodads\westfallfence\westfallfence.m2;15664.279296875;43.27668762207031;27976.03125;-0.9999997615814209;278.5;-4;;1;34951;m2;190659;0;
..\..\world\azeroth\westfall\passivedoodads\westfallfence\westfallfence.m2;15571.90234375;44.21352005004883;28117.05078125;-1.5;358.5;0;;1;76926;m2;190659;0;
..\..\world\azeroth\westfall\passivedoodads\detail\westfallbush01.m2;15834.619140625;89.82208251953125;28265.15234375;0;304.06689453125;0;;1.0849609375;35585;m2;190566;0;
..\..\world\azeroth\westfall\passivedoodads\detail\westfallbush01.m2;15546.7353515625;46.876853942871094;27751.734375;0;226.96249389648438;0;;1.068359375;34783;m2;190566;0;
..\..\world\azeroth\westfall\passivedoodads\detail\westfallbush01.m2;15624.74609375;43.50910186767578;28094.09765625;0;72.98440551757812;0;;1.1923828125;35328;m2;190566;0;
..\..\world\azeroth\westfall\passivedoodads\detail\westfallbush01.m2;15899.9228515625;36.91301345825195;27915.326171875;0;212.1964111328125;0;;1.0869140625;34889;m2;190566;0;
..\..\world\azeroth\westfall\passivedoodads\detail\westfallbush01.m2;15545.21484375;46.79554748535156;27752.765625;0;264.61376953125;0;;1.35546875;34787;m2;190566;0;
..\..\world\azeroth\westfall\passivedoodads\detail\westfallbush01.m2;15472.74609375;46.71003341674805;28042.5390625;0;31.158203125;0;;1.0908203125;35109;m2;190566;0;
..\..\world\azeroth\westfall\passivedoodads\westfallfence\westfallfence.m2;15592.8046875;44.27468490600586;27902.701171875;2.5;12.5;-2.5;;1;34874;m2;190659;0;
..\..\world\azeroth\westfall\passivedoodads\detail\westfallbush01.m2;15567.396484375;47.35255432128906;27766.572265625;0;337.99371337890625;0;;1.1435546875;34797;m2;190566;0;
..\..\world\azeroth\westfall\passivedoodads\detail\westfallbush01.m2;15888.865234375;49.411170959472656;28142.9140625;0;196.0130615234375;0;;1.1953125;35553;m2;190566;0;
..\..\world\azeroth\westfall\passivedoodads\westfallfence\westfallfence.m2;15660.197265625;43.321189880371094;27976.279296875;0;273.5;-5;;1;34952;m2;190659;0;
..\..\world\azeroth\westfall\passivedoodads\westfallfence\westfallfence.m2;15849.416015625;35.06608581542969;27969.44140625;7.999999046325684;241.00001525878906;-7.499998569488525;;1;34983;m2;190659;0;
..\..\world\azeroth\westfall\passivedoodads\westfallfence\westfallfence.m2;15628.5078125;43.57294464111328;28103.84375;4;19;0;;1;35466;m2;190659;0;
..\..\world\azeroth\westfall\passivedoodads\westfallfence\westfallfence.m2;15648.6455078125;43.43646240234375;28096.466796875;4.5;19.5;-0.5000001192092896;;1;35344;m2;190659;0;
..\..\world\azeroth\duskwood\passivedoodads\fence\duskwoodfencetop.m2;15583.3779296875;43.22608184814453;28068.5;0;83.5;0;;1;35311;m2;189471;0;
..\..\world\azeroth\duskwood\passivedoodads\fence\duskwoodfencebottom.m2;15856.7509765625;44.067115783691406;28062.5078125;-3.000000238418579;309.5;35.999996185302734;;1;35238;m2;189464;0;
..\..\world\azeroth\duskwood\passivedoodads\fence\duskwoodfencetop.m2;15620.6328125;43.20171356201172;28064.544921875;0;357;0;;1;35200;m2;189471;0;
..\..\world\azeroth\duskwood\passivedoodads\fence\duskwoodfencetop.m2;15533.3017578125;43.20196533203125;28109.181640625;0;267;0;;1;35422;m2;189471;0;
..\..\world\azeroth\duskwood\passivedoodads\fence\duskwoodfencetop.m2;15520.58984375;43.26319885253906;28125.83203125;0;267.5;0;;1;35425;m2;189471;0;
..\..\world\azeroth\westfall\passivedoodads\westfallfence\westfallfence.m2;15590.5185546875;44.6488037109375;27894.58984375;5;18.5;-3.999999523162842;;1;34844;m2;190659;0;
..\..\world\azeroth\westfall\passivedoodads\westfallfence\westfallfence.m2;15598.603515625;43.20171356201172;28064.056640625;0;176.5;0;;1;35141;m2;190659;0;
..\..\world\azeroth\westfall\passivedoodads\detail\westfallbush01.m2;15608.794921875;43.317806243896484;28039.11328125;0;39.38720703125;0;;1.05859375;35212;m2;190566;0;
..\..\world\azeroth\westfall\passivedoodads\westfallfence\westfallfence.m2;15620.1923828125;43.37882995605469;28068.6484375;0;353.5;0;;1;35317;m2;190659;0;
..\..\world\azeroth\westfall\passivedoodads\westfallfence\westfallfence.m2;15611.9140625;43.76319885253906;28073.947265625;0;276.5;0;;1;35320;m2;190659;0;
..\..\world\azeroth\duskwood\passivedoodads\fence\duskwoodfencebottom.m2;15610.322265625;41.12715148925781;27948.138671875;2.000000476837158;23;9.5;;1;34909;m2;189464;0;
..\..\world\azeroth\westfall\passivedoodads\detail\westfallbush01.m2;15916.201171875;37.908843994140625;28001.01953125;0;139.5196533203125;0;;1.0556640625;35085;m2;190566;0;
..\..\world\azeroth\westfall\passivedoodads\detail\westfallbush01.m2;15556.1484375;43.16480255126953;28096.53515625;0;317.83319091796875;0;;1.0556640625;35291;m2;190566;0;
..\..\world\azeroth\duskwood\passivedoodads\fence\duskwoodfencebottom.m2;15598.3447265625;43.20171356201172;28068.24609375;0;184;0;;1;35301;m2;189464;0;
..\..\world\azeroth\westfall\passivedoodads\westfallfence\westfallfence.m2;15537.3583984375;43.582794189453125;28109.39453125;0;180.5;0;;1;35443;m2;190659;0;
..\..\world\azeroth\westfall\passivedoodads\westfallfence\westfallfence.m2;15612.904296875;43.20171356201172;28052.64453125;0;270.5;0;;1;35195;m2;190659;0;
..\..\world\azeroth\westfall\passivedoodads\westfallfence\westfallfence.m2;15809.7705078125;33.58429718017578;27955.5703125;0.999999463558197;247.99998474121094;-10.000000953674316;;1;34922;m2;190659;0;
..\..\world\azeroth\westfall\passivedoodads\westfallfence\westfallfence.m2;15598.583984375;43.22757339477539;28072.369140625;0;180;0;;1;35300;m2;190659;0;
..\..\world\azeroth\duskwood\passivedoodads\fence\duskwoodfencebottom.m2;15617.052734375;43.21173858642578;28052.59375;0;269;0;;1;35196;m2;189464;0;
..\..\world\azeroth\duskwood\passivedoodads\fence\duskwoodfencebottom.m2;15533.490234375;43.205223083496094;28126.09765625;0;91;0;;1;35449;m2;189464;0;
..\..\world\azeroth\westfall\passivedoodads\detail\westfallbush01.m2;15568.1240234375;47.36615753173828;27765.44921875;0;324.3592529296875;0;;1.0634765625;34796;m2;190566;0;
..\..\world\azeroth\duskwood\passivedoodads\fence\duskwoodfencebottom.m2;15529.0986328125;43.240821838378906;28109.40234375;0;90.5;0;;1;35421;m2;189464;0;
..\..\world\azeroth\westfall\passivedoodads\detail\westfallbush01.m2;15563.9990234375;42.0086669921875;28134.369140625;0;52.7139892578125;0;;1.0576171875;35529;m2;190566;0;
..\..\world\azeroth\westfall\passivedoodads\detail\westfallbush01.m2;15574.8466796875;48.218631744384766;27841.7109375;0;54.17523193359375;0;;1.060546875;34836;m2;190566;0;
..\..\world\azeroth\westfall\passivedoodads\detail\westfallbush01.m2;15807.216796875;86.51461029052734;28237.76953125;0;335.653564453125;0;;1.1123046875;35580;m2;190566;0;
..\..\world\azeroth\westfall\passivedoodads\detail\westfallbush01.m2;15686.7998046875;32.53702163696289;27815.9765625;0;239.22360229492188;0;;1.07421875;34824;m2;190566;0;
..\..\world\azeroth\westfall\passivedoodads\lamppost\westfalllamppost02.m2;15547.162109375;43.88152313232422;28128.6875;0;357;0;;1;76910;m2;190614;0;
..\..\world\azeroth\westfall\passivedoodads\lamppost\westfalllamppost02.m2;15536.1591796875;43.149288177490234;28140.38671875;0;6;0;;1;76915;m2;190614;0;
..\..\world\azeroth\westfall\passivedoodads\westfallfence\westfallfence.m2;15886.90234375;37.42728042602539;27988.296875;2.500000238418579;246.99998474121094;-5.500001430511475;;1;34990;m2;190659;0;
..\..\world\azeroth\westfall\passivedoodads\detail\westfallbush01.m2;15573.6396484375;47.12519836425781;27751.07421875;0;52.2745361328125;0;;1.046875;34792;m2;190566;0;
..\..\world\azeroth\westfall\passivedoodads\westfallfence\westfallfence.m2;15607.181640625;41.617706298828125;27940.38671875;5.500000476837158;23.5;-0.9999998807907104;;1;34906;m2;190659;0;
..\..\world\azeroth\westfall\passivedoodads\detail\westfallbush01.m2;15593.1767578125;44.37680435180664;27901.87890625;0;127.7529296875;0;;1.0458984375;34875;m2;190566;0;
..\..\world\azeroth\westfall\passivedoodads\detail\westfallbush01.m2;15468.072265625;48.34236526489258;28022.046875;0;195.9251708984375;0;;1.1748046875;35002;m2;190566;0;
..\..\world\azeroth\westfall\passivedoodads\lamppost\westfalllamppost01.m2;15558.880859375;43.50422286987305;28070.25390625;0;0;0;;1;35284;m2;190613;0;
..\..\world\azeroth\westfall\passivedoodads\lamppost\westfalllamppost01.m2;15544.447265625;43.16585159301758;28093.513671875;0;1.5;0;;1;35285;m2;190613;0;
..\..\world\azeroth\westfall\passivedoodads\lamppost\westfalllamppost01.m2;15575.49609375;43.234127044677734;28099.92578125;0;1.5;0;;1;35303;m2;190613;0;
..\..\world\azeroth\westfall\passivedoodads\lamppost\westfalllamppost01.m2;15625.19921875;43.442264556884766;28093.40625;0;4;0;;1;35323;m2;190613;0;
..\..\world\azeroth\westfall\passivedoodads\lamppost\westfalllamppost01.m2;15603.3935546875;43.33213424682617;28084.7578125;0;1;0;;1;35324;m2;190613;0;
..\..\world\azeroth\westfall\passivedoodads\lamppost\westfalllamppost01.m2;15638.009765625;43.1938591003418;28071.28515625;0;45;0;;1;35338;m2;190613;0;
..\..\world\azeroth\westfall\passivedoodads\westfallfence\westfallfence.m2;15667.357421875;44.975406646728516;28038.640625;2;20;1.0000001192092896;;1;35228;m2;190659;0;
..\..\world\azeroth\westfall\passivedoodads\scarecrow\westfallscarecrow.m2;15688.6572265625;45.80117416381836;28027.125;1.500000238418579;157;-5.5;;1;35062;m2;190629;0;
..\..\world\azeroth\westfall\passivedoodads\detail\westfallbush01.m2;15889.7353515625;65.68028259277344;28198.7890625;13.499999046325684;200.93508911132812;3.999999523162842;;0.9990234375;35563;m2;190566;0;
..\..\world\azeroth\westfall\passivedoodads\westfallfence\westfallfence.m2;15607.853515625;43.78293991088867;28075.041015625;0;285;0;;1;35321;m2;190659;0;
..\..\world\azeroth\westfall\passivedoodads\detail\westfallbush01.m2;15509.5830078125;49.367942810058594;28157.888671875;1.5000005960464478;38.8726806640625;-13;;0.951171875;577742;m2;190566;0;
..\..\world\azeroth\duskwood\passivedoodads\fence\duskwoodfencetop.m2;15710.4921875;39.480220794677734;27966.9453125;-6.500002384185791;293;22.500001907348633;;1;34976;m2;189471;0;
..\..\world\azeroth\duskwood\passivedoodads\fence\duskwoodfencebottom.m2;15577.416015625;47.58031463623047;27853.279296875;0;18.5;0;;1;34832;m2;189464;0;
..\..\world\azeroth\westfall\passivedoodads\detail\westfallbush01.m2;15580.091796875;43.5079231262207;28111.373046875;0;253.56878662109375;0;;1.1455078125;35462;m2;190566;0;
..\..\world\azeroth\westfall\passivedoodads\detail\westfallbush01.m2;15978.7236328125;40.27504348754883;27951.921875;0;29.26849365234375;0;;1.0517578125;34938;m2;190566;0;
..\..\world\azeroth\westfall\passivedoodads\westfallfence\westfallfence.m2;15991.291015625;36.32727813720703;28002.51953125;0;113.5;-4.999999523162842;;1;35093;m2;190659;0;
..\..\world\azeroth\westfall\passivedoodads\detail\westfallbush01.m2;15898.7705078125;53.717098236083984;28159.181640625;-9.500000953674316;319.17352294921875;9.499999046325684;;0.9140625;35555;m2;190566;0;
..\..\world\azeroth\westfall\passivedoodads\westfallfence\westfallfence.m2;15665.224609375;44.41816711425781;28059.37109375;0;159.5;0;;1;35220;m2;190659;0;
..\..\world\azeroth\westfall\passivedoodads\detail\westfallbush01.m2;15669.9892578125;33.198638916015625;27874.322265625;0;119.39600372314453;0;;1.0458984375;34852;m2;190566;0;
..\..\world\azeroth\westfall\passivedoodads\westfallfence\westfallfence.m2;15644.7177734375;43.4327507019043;28098.10546875;0.4999997913837433;292.5;-3.500000238418579;;1;35343;m2;190659;0;
..\..\world\azeroth\duskwood\passivedoodads\fence\duskwoodfencebottom.m2;15627.177734375;43.84859085083008;28099.9296875;0;20.5;0;;1;35332;m2;189464;0;
..\..\world\azeroth\westfall\passivedoodads\detail\westfallbush01.m2;15897.994140625;53.11409378051758;28157.560546875;-16;13.60150146484375;-12.500001907348633;;1.0263671875;35554;m2;190566;0;
..\..\world\azeroth\westfall\passivedoodads\treestumps\westfalltreestump01.m2;15631.35546875;44.794124603271484;28061.71875;0;0;0;;1;35214;m2;190647;0;
..\..\world\azeroth\westfall\passivedoodads\detail\westfallbush01.m2;15540.9072265625;43.22402572631836;28086.119140625;0;256.7583312988281;0;;1.166015625;35294;m2;190566;0;
..\..\world\azeroth\westfall\passivedoodads\westfallfence\westfallfence.m2;15919.1240234375;37.63533401489258;28003.3984375;-2;247.5;-4;;1;35082;m2;190659;0;
..\..\world\azeroth\westfall\passivedoodads\detail\westfallbush01.m2;15976.2548828125;41.28457260131836;27945.46484375;0;132.1805419921875;0;;1.0048828125;34940;m2;190566;0;
..\..\world\azeroth\westfall\passivedoodads\westfallfence\westfallfence.m2;15727.248046875;36.94495391845703;28003.62890625;-7;32.5;-3.5;;1;35067;m2;190659;0;
..\..\world\azeroth\westfall\passivedoodads\westfallfence\westfallfence.m2;15883.27734375;37.2713508605957;27986.40625;1.999999761581421;242;-3.9999990463256836;;1;34991;m2;190659;0;
..\..\world\azeroth\westfall\passivedoodads\westfallfence\westfallfence.m2;15950.712890625;36.88795852661133;28020;-2.5;246.5;-4;;1;35089;m2;190659;0;
..\..\world\azeroth\westfall\passivedoodads\detail\westfallbush01.m2;15572.037109375;44.02716064453125;28112.546875;0;317.84417724609375;0;;1.00390625;35458;m2;190566;0;
..\..\world\azeroth\westfall\passivedoodads\detail\westfallbush01.m2;15875.212890625;72.97761535644531;28217.6328125;16;115.62362670898438;-14.999999046325684;;0.91796875;35575;m2;190566;0;
..\..\world\azeroth\westfall\passivedoodads\detail\westfallbush01.m2;15642.2177734375;33.969913482666016;27847.03125;0;347.06866455078125;0;;1.158203125;34839;m2;190566;0;
..\..\world\azeroth\duskwood\passivedoodads\fence\duskwoodfencebottom.m2;15852.88671875;35.62602615356445;27971.484375;-0.5000000596046448;246;-0.5;;1;34985;m2;189464;0;
..\..\world\azeroth\duskwood\passivedoodads\fence\duskwoodfencebottom.m2;15647.2705078125;43.71220397949219;28092.62890625;0;24;0;;1;35345;m2;189464;0;
..\..\world\azeroth\westfall\passivedoodads\detail\westfallbush01.m2;15577.931640625;47.67565155029297;27854.1015625;0;256.0836181640625;0;;1.1396484375;34834;m2;190566;0;
..\..\world\azeroth\westfall\passivedoodads\detail\westfallbush01.m2;15578.7890625;43.69142150878906;28110.390625;0;250.26174926757812;0;;1.0791015625;35463;m2;190566;0;
..\..\world\azeroth\duskwood\passivedoodads\fence\duskwoodfencetop.m2;15632.8740234375;43.93663787841797;28092.029296875;-2;119.5;-0.5000000596046448;;1;35330;m2;189471;0;
..\..\world\azeroth\westfall\passivedoodads\detail\westfallbush01.m2;15502.2685546875;50.661800384521484;28155.59375;1.4999992847442627;64.8726806640625;-12.999999046325684;;0.951171875;577743;m2;190566;0;
..\..\world\azeroth\duskwood\passivedoodads\fence\duskwoodfencebottom.m2;15640.654296875;43.52007293701172;28087.9140625;-9.999998092651367;305;-1.0000005960464478;;1;35347;m2;189464;0;
..\..\world\azeroth\westfall\passivedoodads\detail\westfallbush01.m2;15988.052734375;38.05121612548828;27945.6796875;0;95.869384765625;0;;1.244140625;34937;m2;190566;0;
..\..\world\azeroth\westfall\passivedoodads\westfallfence\westfallfence.m2;15915.4990234375;37.76866149902344;28001.5078125;-1.500001311302185;242.49998474121094;-5.000000476837158;;1;35081;m2;190659;0;
..\..\world\azeroth\westfall\passivedoodads\westfallfence\westfallfence.m2;15947.087890625;37.020233154296875;28018.109375;-1.500001311302185;242.49998474121094;-5.000000476837158;;1;35088;m2;190659;0;
..\..\world\azeroth\westfall\passivedoodads\detail\westfallbush01.m2;15610.93359375;43.58517074584961;28073.5390625;0;285.1588439941406;0;;1.109375;35326;m2;190566;0;
..\..\world\azeroth\westfall\passivedoodads\detail\westfallbush01.m2;15604.2265625;43.50870895385742;28083.544921875;0;338.00469970703125;0;;1.048828125;35329;m2;190566;0;
..\..\world\azeroth\westfall\passivedoodads\detail\westfallbush01.m2;15651.1103515625;43.91446304321289;28081.828125;0;20.3912353515625;0;;1.0595703125;35342;m2;190566;0;
..\..\world\azeroth\westfall\passivedoodads\detail\westfallbush01.m2;15740.224609375;35.78404998779297;27909.41796875;0;60.975982666015625;0;;1.0009765625;34887;m2;190566;0;
..\..\world\azeroth\westfall\passivedoodads\detail\westfallbush01.m2;15627.60546875;42.18309783935547;27968.515625;0;78.64251708984375;0;;1.14453125;34950;m2;190566;0;
..\..\world\azeroth\westfall\passivedoodads\detail\westfallbush01.m2;15509.0810546875;49.15766525268555;28156.01953125;-7.000000476837158;4.3726806640625;-6.5;;1.1513671875;577741;m2;190566;0;
..\..\world\azeroth\westfall\passivedoodads\detail\westfallbush01.m2;15644.6904296875;43.58053970336914;28096.748046875;0;340.86614990234375;0;;1.0576171875;35350;m2;190566;0;
..\..\world\azeroth\westfall\passivedoodads\detail\westfallbush01.m2;15732.9384765625;39.747215270996094;28067.703125;0;110.16326904296875;0;;1.04296875;35379;m2;190566;0;
..\..\world\azeroth\westfall\passivedoodads\detail\westfallbush01.m2;15613.7578125;49.113826751708984;28008.48046875;0;33.66314697265625;0;;0.9697265625;35049;m2;190566;0;
..\..\world\azeroth\duskwood\passivedoodads\fence\duskwoodfencetop.m2;15862.873046875;43.992069244384766;28056.638671875;-21.5;139.5;-12.5;;1;35236;m2;189471;0;
..\..\world\azeroth\westfall\passivedoodads\detail\westfallbush01.m2;15836.1015625;43.72855758666992;28093.765625;0;302.10028076171875;0;;0.97265625;35417;m2;190566;0;
..\..\world\azeroth\westfall\passivedoodads\detail\westfallbush01.m2;15893.904296875;37.83012008666992;27990.90625;0;188.89370727539062;0;;1.1591796875;34992;m2;190566;0;
..\..\world\azeroth\westfall\passivedoodads\detail\westfallbush01.m2;15989.7060546875;36.32862091064453;28003.23828125;0;283.6756591796875;0;;1.0927734375;35097;m2;190566;0;
..\..\world\azeroth\westfall\passivedoodads\detail\westfallbush01.m2;15511.8916015625;55.394351959228516;27973.95703125;0;353.407958984375;0;;1.1845703125;34944;m2;190566;0;
..\..\world\azeroth\westfall\passivedoodads\detail\westfallbush01.m2;15535.6591796875;44.502586364746094;28044.951171875;0;201.06692504882812;0;;1.0234375;35139;m2;190566;0;
..\..\world\azeroth\westfall\passivedoodads\westfallfence\westfallfence.m2;15625.759765625;43.78567886352539;28096.140625;0.5000000596046448;301;-0.9999998807907104;;1;35331;m2;190659;0;
..\..\world\azeroth\westfall\passivedoodads\westfallfence\westfallfence.m2;15663.759765625;44.341548919677734;28063.24609375;0;149;0;;1;35221;m2;190659;0;
..\..\world\azeroth\westfall\passivedoodads\detail\westfallbush01.m2;15664.5830078125;43.25758743286133;27976.10546875;0;73.19317626953125;0;;1.0546875;34961;m2;190566;0;
..\..\world\azeroth\westfall\passivedoodads\detail\westfallbush01.m2;15986.4716796875;36.54213333129883;28004.578125;0;254.91258239746094;0;;1.0703125;35098;m2;190566;0;
..\..\world\azeroth\westfall\passivedoodads\detail\westfallbush01.m2;15551.443359375;46.97243881225586;27745.8828125;0;311.5048522949219;0;;0.939453125;34781;m2;190566;0;
..\..\world\azeroth\westfall\passivedoodads\detail\westfallbush01.m2;15686.560546875;32.10811233520508;27817.5390625;0;292.9374084472656;0;;0.99609375;34823;m2;190566;0;
..\..\world\azeroth\westfall\passivedoodads\detail\westfallbush01.m2;15798.8779296875;42.06175231933594;28086.3203125;0;273.3042297363281;0;;1.216796875;35401;m2;190566;0;
..\..\world\azeroth\westfall\passivedoodads\detail\westfallbush01.m2;15927.228515625;40.57646179199219;28107.9609375;0;275.6883544921875;0;;1.1767578125;35520;m2;190566;0;
..\..\world\azeroth\westfall\passivedoodads\detail\westfallbush01.m2;15568.744140625;43.64199447631836;28070.48828125;0;79.18087768554688;0;;1.1015625;35306;m2;190566;0;
..\..\world\azeroth\westfall\passivedoodads\detail\westfallbush01.m2;15851.6611328125;43.17378616333008;28010.41015625;0;60.789215087890625;0;;0.94921875;35077;m2;190566;0;
..\..\world\azeroth\westfall\passivedoodads\detail\westfallbush01.m2;15555.0205078125;42.18286895751953;28134.328125;0;60.1519775390625;0;;0.9453125;35528;m2;190566;0;
..\..\world\azeroth\westfall\passivedoodads\detail\westfallbush01.m2;15809.2646484375;33.60634231567383;27955.6015625;0;172.3258056640625;0;;1.1328125;34925;m2;190566;0;
..\..\world\azeroth\westfall\passivedoodads\detail\westfallbush01.m2;15949.103515625;36.99604034423828;28019.009765625;0;85.14666748046875;0;;1.173828125;35092;m2;190566;0;
..\..\world\azeroth\duskwood\passivedoodads\fence\duskwoodfencebottom.m2;15722.5029296875;36.7834587097168;27996.591796875;-2.5;216.5;-0.49999988079071045;;1;34981;m2;189464;0;
..\..\world\generic\human\passivedoodads\woodendummies\generalwoodendummy02.m2;15628.294921875;44.25374221801758;28141.4765625;0;132;0;;1;35544;m2;198665;0;
..\..\world\azeroth\westfall\passivedoodads\detail\westfallbush01.m2;15531.900390625;44.88728713989258;28051.388671875;0;259.0545349121094;0;;1.080078125;35113;m2;190566;0;
..\..\world\azeroth\westfall\passivedoodads\detail\westfallbush01.m2;15541.66796875;45.73979949951172;27970.39453125;0;262.6581726074219;0;;1.1279296875;34947;m2;190566;0;
..\..\world\azeroth\westfall\passivedoodads\detail\westfallbush01.m2;15738.21484375;89.28388977050781;28266.96875;0;311.44989013671875;0;;0.908203125;42944;m2;190566;0;
..\..\world\azeroth\westfall\passivedoodads\detail\westfallbush01.m2;15512.9677734375;54.36017990112305;27963.7265625;0;256.208984375;0;;1.044921875;34901;m2;190566;0;
..\..\world\azeroth\westfall\passivedoodads\detail\westfallbush01.m2;15985.5634765625;39.903995513916016;27743.65625;0;100.82462310791016;0;;1.078125;34806;m2;190566;0;
..\..\world\azeroth\westfall\passivedoodads\detail\westfallbush01.m2;15856.435546875;80.70075225830078;28239.916015625;3.999999523162842;58.09747314453125;-11.499999046325684;;0.853515625;35584;m2;190566;0;
..\..\world\azeroth\westfall\passivedoodads\detail\westfallbush01.m2;15898.662109375;36.87483215332031;27914.6484375;0;348.6398010253906;0;;1.0673828125;34890;m2;190566;0;
..\..\world\azeroth\westfall\passivedoodads\detail\westfallbush01.m2;15514.591796875;54.29389953613281;27963.58203125;0;41.85919189453125;0;;0.9013671875;34902;m2;190566;0;
..\..\world\azeroth\westfall\passivedoodads\westfallfence\westfallfence.m2;15818.41796875;42.18341064453125;28094.40234375;0.5;53.5;-0.4999999403953552;;1;35407;m2;190659;0;
..\..\world\azeroth\westfall\passivedoodads\detail\westfallbush01.m2;15975.474609375;41.5438232421875;27944.541015625;0;212.89956665039062;0;;0.9150390625;34941;m2;190566;0;
..\..\world\azeroth\westfall\passivedoodads\detail\westfallbush01.m2;15564.431640625;43.20171356201172;28088.67578125;0;44.4959716796875;0;;0.8994140625;35290;m2;190566;0;
..\..\world\azeroth\westfall\passivedoodads\detail\westfallbush01.m2;15612.9384765625;43.4404182434082;28096.765625;0;340.3009033203125;0;;0.9814453125;35334;m2;190566;0;
..\..\world\azeroth\duskwood\passivedoodads\fence\duskwoodfencetop.m2;15811.8896484375;42.064422607421875;28089.34375;0.5;231.5;-0.9999997615814209;;1;35404;m2;189471;0;
..\..\world\azeroth\westfall\passivedoodads\detail\westfallbush01.m2;15570.9892578125;44.16093826293945;28114.2890625;0;4.3726806640625;0;;1.1513671875;35459;m2;190566;0;
..\..\world\azeroth\westfall\passivedoodads\detail\westfallbush01.m2;15928.6171875;40.833621978759766;28109.638671875;0;87.75048828125;0;;1.18359375;35521;m2;190566;0;
..\..\world\azeroth\westfall\passivedoodads\detail\westfallbush01.m2;15568.5478515625;48.415252685546875;27802.05078125;0;52.8897705078125;0;;0.8935546875;34819;m2;190566;0;
..\..\world\generic\human\passivedoodads\lumberpiles\deadminelumberpilesmall.m2;15546.537109375;44.758235931396484;28111.6875;-6.000000476837158;337.5;-9;;1;35456;m2;198340;0;
..\..\world\azeroth\westfall\passivedoodads\detail\westfallbush01.m2;15650.6083984375;45.56123733520508;27922.666015625;0;102.08807373046875;0;;1.0380859375;34884;m2;190566;0;
..\..\world\azeroth\westfall\passivedoodads\detail\westfallbush01.m2;15531.451171875;44.79982376098633;28050.21875;0;285.3346252441406;0;;1.00390625;35112;m2;190566;0;
..\..\world\azeroth\westfall\passivedoodads\detail\westfallbush01.m2;15869.1083984375;59.13345718383789;28163.53125;11.499999046325684;98.29766845703125;-6.5;;0.955078125;35556;m2;190566;0;
..\..\world\azeroth\westfall\passivedoodads\detail\westfallbush01.m2;15472.322265625;48.191219329833984;28021.60546875;0;144.70535278320312;0;;0.8896484375;34999;m2;190566;0;
..\..\world\azeroth\westfall\passivedoodads\detail\westfallbush01.m2;15916.6123046875;37.76350021362305;28002.03125;0;248.41944885253906;0;;0.94921875;35086;m2;190566;0;
..\..\world\azeroth\westfall\passivedoodads\detail\westfallbush01.m2;15654.669921875;45.28037643432617;27920.0546875;0;302.49578857421875;0;;0.8955078125;34880;m2;190566;0;
..\..\world\azeroth\westfall\passivedoodads\detail\westfallbush01.m2;15647.38671875;45.36032485961914;27921.904296875;0;160.1416015625;0;;0.958984375;34883;m2;190566;0;
..\..\world\azeroth\westfall\passivedoodads\detail\westfallbush01.m2;15613.072265625;43.73598861694336;28073.2734375;0;76.7418212890625;0;;1.015625;35327;m2;190566;0;
..\..\world\azeroth\westfall\passivedoodads\detail\westfallbush01.m2;15738.69921875;38.35618591308594;28091.296875;0;143.94705200195312;0;;0.8818359375;35398;m2;190566;0;
..\..\world\azeroth\westfall\passivedoodads\detail\westfallbush01.m2;15980.9296875;40.0728645324707;27936.14453125;0;164.7340087890625;0;;0.990234375;34939;m2;190566;0;
..\..\world\azeroth\westfall\passivedoodads\detail\westfallbush01.m2;15663.4140625;44.607933044433594;28039.01953125;0;51;0;;0.859375;35218;m2;190566;0;
..\..\world\azeroth\westfall\passivedoodads\detail\westfallbush01.m2;15634.208984375;44.412330627441406;28061.39453125;0;309;0;;0.859375;35222;m2;190566;0;
..\..\world\azeroth\westfall\passivedoodads\detail\westfallbush01.m2;15661.349609375;33.1918830871582;27872.328125;0;23.581268310546875;0;;0.90625;34849;m2;190566;0;
..\..\world\azeroth\westfall\passivedoodads\westfallfence\westfallfence.m2;15824.5302734375;42.24132537841797;28088.96875;0;130.5;0;;1;35406;m2;190659;0;
..\..\world\azeroth\westfall\passivedoodads\detail\westfallbush01.m2;15614.9609375;49.14567947387695;28009.203125;0;203.27523803710938;0;;0.90625;35050;m2;190566;0;
..\..\world\azeroth\westfall\passivedoodads\detail\westfallbush01.m2;15587.3935546875;44.102684020996094;28159.919921875;0;10.33843994140625;0;;1.015625;35540;m2;190566;0;
..\..\world\azeroth\westfall\passivedoodads\detail\westfallbush01.m2;15727.66796875;33.96045684814453;27898.27734375;0;94.49630737304688;0;;1.0927734375;34858;m2;190566;0;
..\..\world\azeroth\duskwood\passivedoodads\fence\duskwoodfencebottom.m2;15856.71484375;43.364017486572266;28016.46484375;-1.500000238418579;42;0;;1;35075;m2;189464;0;
..\..\world\azeroth\westfall\passivedoodads\detail\westfallbush01.m2;15621.76171875;43.29959487915039;28120.1171875;0;276.8309326171875;0;;1.0537109375;35489;m2;190566;0;
..\..\world\azeroth\duskwood\passivedoodads\fence\duskwoodfencetop.m2;15572.08984375;44.07219314575195;28112.8828125;-1;316.5;0.5;;1;76925;m2;189471;0;
..\..\world\azeroth\duskwood\passivedoodads\coffin\coffin.m2;15492.2333984375;47.19364547729492;28015.87109375;58.999996185302734;249.5224609375;-16.499998092651367;;1.2060546875;34995;m2;189415;0;
..\..\world\generic\human\passivedoodads\cargoboxes\deadminecargoboxes.m2;15557.263671875;42.55076217651367;28132.17578125;0;221;0;;1;76912;m2;198085;0;
..\..\world\azeroth\westfall\passivedoodads\detail\westfallbush01.m2;15737.4765625;38.45415115356445;28081.185546875;0;86.17379760742188;0;;1.08984375;35393;m2;190566;0;
..\..\world\azeroth\westfall\passivedoodads\westfallfence\westfallfence.m2;15859.5322265625;43.412418365478516;28019.546875;0;42;0;;1;35076;m2;190659;0;
..\..\world\azeroth\westfall\passivedoodads\detail\westfallbush01.m2;15559.7333984375;43.657493591308594;28070.46875;0;288.410888671875;0;;0.91796875;35292;m2;190566;0;
..\..\world\azeroth\westfall\passivedoodads\detail\westfallbush01.m2;15539.6640625;47.13054275512695;27743.1640625;0;282.7088317871094;0;;0.966796875;34782;m2;190566;0;
..\..\world\azeroth\westfall\passivedoodads\detail\westfallbush01.m2;15909.587890625;37.72426223754883;27938.794921875;0;237.50967407226562;0;;0.8447265625;34931;m2;190566;0;
..\..\world\azeroth\duskwood\passivedoodads\fence\duskwoodfencebottom.m2;15821.40234375;42.17674255371094;28091.66796875;0;132.5;0;;1;35405;m2;189464;0;
..\..\world\azeroth\westfall\passivedoodads\detail\westfallbush01.m2;15549.2685546875;42.16276550292969;27962.17578125;0;165.93157958984375;0;;0.9501953125;34905;m2;190566;0;
..\..\world\azeroth\westfall\passivedoodads\westfallfence\westfallfence.m2;15853.9853515625;43.241886138916016;28013.44140625;-2;43.5;1.0000001192092896;;1;35074;m2;190659;0;
..\..\world\azeroth\westfall\passivedoodads\detail\westfallbush01.m2;15548.138671875;42.23091506958008;27961.5625;0;7.7236328125;0;;1.01171875;34904;m2;190566;0;
..\..\world\azeroth\westfall\passivedoodads\detail\westfallbush01.m2;15586.583984375;43.716087341308594;28103.08203125;0;141.81585693359375;0;;0.8203125;35460;m2;190566;0;
..\..\world\azeroth\westfall\passivedoodads\detail\westfallbush01.m2;15863.505859375;78.45728302001953;28232.3984375;7.500000476837158;187.9927978515625;-3.000000238418579;;0.9228515625;35570;m2;190566;0;
..\..\world\azeroth\westfall\passivedoodads\detail\westfallbush01.m2;15607.451171875;41.65932083129883;27940.47265625;0;77.75262451171875;0;;0.94921875;34911;m2;190566;0;
..\..\world\azeroth\westfall\passivedoodads\detail\westfallbush01.m2;15628.166015625;44.385066986083984;28142.12890625;9.500000953674316;286.41131591796875;10.000000953674316;;0.8232421875;35545;m2;190566;0;
..\..\world\generic\passivedoodads\misc\wheelbarrow\caveminewheelbarrow01.m2;15634.478515625;43.46084213256836;28098.513671875;0;248;0;;1;35349;m2;199886;0;
..\..\world\azeroth\westfall\passivedoodads\detail\westfallbush01.m2;15541.771484375;43.26579284667969;28140.98046875;0;152.65966796875;0;;0.833984375;35531;m2;190566;0;
..\..\world\azeroth\westfall\passivedoodads\detail\westfallbush01.m2;15731.369140625;39.71747589111328;28067.857421875;0;218.4478302001953;0;;0.802734375;35374;m2;190566;0;
..\..\world\azeroth\westfall\passivedoodads\detail\westfallbush01.m2;15617.7802734375;47.78459930419922;28021.904296875;0;20.852691650390625;0;;0.8623046875;35051;m2;190566;0;
..\..\world\azeroth\duskwood\passivedoodads\irongate\gatesegment02.m2;15538.3154296875;44.291351318359375;28056.779296875;21.5;277.5;-43.000003814697266;;1;35138;m2;189493;0;
..\..\world\azeroth\westfall\passivedoodads\detail\westfallbush01.m2;15748.962890625;34.34718704223633;27884.666015625;0;191.70628356933594;0;;0.9326171875;34871;m2;190566;0;
..\..\world\azeroth\westfall\passivedoodads\detail\westfallbush01.m2;15536.8134765625;46.71732711791992;27761.20703125;0;181.22500610351562;0;;1.0712890625;34786;m2;190566;0;
..\..\world\azeroth\westfall\passivedoodads\detail\westfallbush01.m2;15887.29296875;45.57905960083008;28131.06640625;0;213.6246795654297;0;;0.7978515625;35514;m2;190566;0;
..\..\world\generic\passivedoodads\well\well.m2;15588.259765625;43.74932098388672;28075.2421875;0;8;0;;1;35304;m2;200252;0;
..\..\world\azeroth\westfall\passivedoodads\detail\westfallbush01.m2;15576.107421875;43.20186233520508;28098.89453125;0;359.4067077636719;0;;1.0693359375;35305;m2;190566;0;
..\..\world\azeroth\westfall\passivedoodads\detail\westfallbush01.m2;15748.7802734375;36.59041976928711;27957.07421875;0;320.7226867675781;0;;0.783203125;34920;m2;190566;0;
..\..\world\azeroth\westfall\passivedoodads\detail\westfallbush01.m2;15638.0048828125;43.244056701660156;28069.76171875;0;139.3548583984375;0;;0.78125;35340;m2;190566;0;
..\..\world\azeroth\westfall\passivedoodads\detail\westfallbush01.m2;15621.0615234375;43.25107955932617;28053.23828125;0;269.75555419921875;0;;1.0703125;35211;m2;190566;0;
..\..\world\azeroth\westfall\passivedoodads\detail\westfallbush01.m2;15922.2734375;37.557254791259766;28004.66015625;0;281.0498046875;0;;0.921875;35087;m2;190566;0;
..\..\world\azeroth\westfall\passivedoodads\westfallfence\westfallfenceend.m2;15634.3623046875;42.4291877746582;27973.80078125;16.000001907348633;243;0.49999940395355225;;1;34953;m2;190660;0;
..\..\world\azeroth\westfall\passivedoodads\detail\westfallbush01.m2;15649.0185546875;45.476497650146484;27922.169921875;0;272.040771484375;0;;1.0302734375;34882;m2;190566;0;
..\..\world\azeroth\westfall\passivedoodads\detail\westfallbush01.m2;15537.8046875;43.1978645324707;28141.37109375;0;43.3314208984375;0;;0.7685546875;35533;m2;190566;0;
..\..\world\azeroth\westfall\passivedoodads\detail\westfallbush01.m2;15987.0654296875;39.851619720458984;27744.046875;0;92.99111938476562;0;;1.0107421875;34807;m2;190566;0;
..\..\world\azeroth\westfall\passivedoodads\westfallfence\westfallfenceend.m2;15687.1123046875;43.73387908935547;27990.36328125;14;95;-0.49999937415122986;;1;34969;m2;190660;0;
..\..\world\azeroth\westfall\passivedoodads\detail\westfallbush01.m2;15728.9052734375;33.96746063232422;27898.2578125;0;191.89306640625;0;;0.8876953125;34857;m2;190566;0;
..\..\world\azeroth\westfall\passivedoodads\detail\westfallbush01.m2;15751.8330078125;34.75611114501953;27890.3984375;-7.500000476837158;72.292236328125;9.000000953674316;;0.7685546875;34870;m2;190566;0;
..\..\world\azeroth\duskwood\passivedoodads\coffinlid\coffinlid.m2;15489.431640625;46.08012771606445;28015.15625;11.5;177.5738525390625;-27;;1.1015625;34994;m2;189416;0;
..\..\world\azeroth\westfall\passivedoodads\detail\westfallbush01.m2;15732.1240234375;39.79825973510742;28067.39453125;0;118.27142333984375;0;;0.7783203125;35375;m2;190566;0;
..\..\world\azeroth\westfall\passivedoodads\detail\westfallbush01.m2;15548.7822265625;43.245445251464844;28108.9453125;0;211.50425720214844;0;;0.7587890625;35451;m2;190566;0;
..\..\world\azeroth\westfall\passivedoodads\detail\westfallbush01.m2;15843.255859375;44.69521713256836;28100.703125;0;266.44854736328125;0;;0.9638671875;35509;m2;190566;0;
..\..\world\azeroth\westfall\passivedoodads\detail\westfallbush01.m2;15541.1142578125;43.25354766845703;28140.4453125;0;330.5227966308594;0;;0.759765625;35532;m2;190566;0;
..\..\world\azeroth\westfall\passivedoodads\detail\westfallbush01.m2;15558.818359375;43.48550796508789;28070.810546875;0;203.67076110839844;0;;0.77734375;35293;m2;190566;0;
..\..\world\generic\passivedoodads\misc\wheelbarrow\caveminewheelbarrow01.m2;15897.771484375;37.50545120239258;27930.822265625;-3;359;-6;;1;34888;m2;199886;0;
..\..\world\azeroth\duskwood\passivedoodads\webs\webstretch01.m2;15537.1083984375;44.5928955078125;28068.71484375;0;91;0;;0.8798828125;76930;m2;189597;0;
..\..\world\azeroth\westfall\passivedoodads\westfallfence\westfallfenceend.m2;15621.2080078125;43.20171356201172;28057.015625;10.5;180;21.9999942779541;;1;35198;m2;190660;0;
..\..\world\azeroth\westfall\passivedoodads\detail\westfallbush01.m2;15549.4736328125;47.2297248840332;27744.509765625;0;0;0;;1;34780;m2;190566;0;
..\..\world\azeroth\westfall\passivedoodads\detail\westfallbush01.m2;15710.3798828125;39.525047302246094;27966.47265625;0;0;0;;1;34913;m2;190566;0;
..\..\world\azeroth\westfall\passivedoodads\detail\westfallbush01.m2;15559.197265625;43.59003448486328;28032.734375;0;0;0;;1;35022;m2;190566;0;
..\..\world\azeroth\westfall\passivedoodads\detail\westfallbush01.m2;15557.6767578125;43.43803787231445;28032.40234375;0;0;0;;1;35023;m2;190566;0;
..\..\world\azeroth\westfall\passivedoodads\detail\westfallbush01.m2;15562.2861328125;43.52996063232422;28044.654296875;0;0;0;;1;35140;m2;190566;0;
..\..\world\azeroth\westfall\passivedoodads\detail\westfallbush01.m2;15859.994140625;43.96156692504883;28059.294921875;0;0;0;;1;35239;m2;190566;0;
..\..\world\azeroth\westfall\passivedoodads\detail\westfallbush01.m2;15599.044921875;43.314971923828125;28098.44140625;0;0;0;;1;35309;m2;190566;0;
..\..\world\azeroth\westfall\passivedoodads\detail\westfallbush01.m2;15818.43359375;42.19624710083008;28094.66015625;0;0;0;;1;35409;m2;190566;0;
..\..\world\azeroth\westfall\passivedoodads\detail\westfallbush01.m2;15811.087890625;42.06367874145508;28089.1875;0;0;0;;1;35411;m2;190566;0;
..\..\world\azeroth\westfall\passivedoodads\harness\harness.m2;15549.2236328125;43.907840728759766;28130.890625;0;194;0;;1;35453;m2;190596;0;
..\..\world\azeroth\westfall\passivedoodads\detail\westfallbush01.m2;15736.5078125;89.25675201416016;28266.05078125;0;203.31919860839844;0;;0.765625;35577;m2;190566;0;
..\..\world\azeroth\westfall\passivedoodads\westfallfence\westfallfenceend.m2;15537.1552734375;43.18886947631836;28125.638671875;6;353.5;2.5;;1;35447;m2;190660;0;
..\..\world\azeroth\westfall\passivedoodads\detail\westfallbush01.m2;15988.5302734375;37.967559814453125;27943.75;0;350.15594482421875;0;;0.859375;34936;m2;190566;0;
..\..\world\azeroth\westfall\passivedoodads\detail\westfallbush01.m2;15735.193359375;38.37614822387695;28107.3125;0;267.8712158203125;0;;0.953125;35506;m2;190566;0;
..\..\world\azeroth\westfall\passivedoodads\detail\westfallbush01.m2;15858.07421875;43.44392013549805;28016.43359375;0;170.34820556640625;0;;0.8603515625;35079;m2;190566;0;
..\..\world\azeroth\westfall\passivedoodads\westfallfence\westfallfenceend.m2;15710.169921875;40.19972229003906;27983.654296875;5.5;306.5;-0.999999463558197;;1;34979;m2;190660;0;
..\..\world\azeroth\westfall\passivedoodads\westfallfence\westfallfenceend.m2;15805.57421875;33.63446807861328;27955;4.500000476837158;262.5;-8.999999046325684;;1;34924;m2;190660;0;
..\..\world\azeroth\westfall\passivedoodads\detail\westfallbush01.m2;15553.8359375;42.414188385009766;28133.609375;0;341.12493896484375;0;;0.77734375;35527;m2;190566;0;
..\..\world\azeroth\westfall\passivedoodads\detail\westfallbush01.m2;15573.7646484375;48.08189392089844;27840.86328125;0;249.3479461669922;0;;0.765625;34835;m2;190566;0;
..\..\world\azeroth\duskwood\passivedoodads\webs\webdangle02.m2;15537.48046875;45.03504943847656;28089.26171875;0;87.5;0;;0.4091796875;76929;m2;189596;0;
..\..\world\azeroth\westfall\passivedoodads\westfallfence\westfallfenceend.m2;15578.224609375;43.82068634033203;28109.3984375;3.5000007152557373;277.5;6.5;;1;76924;m2;190660;0;
..\..\world\azeroth\westfall\passivedoodads\detail\westfallbush01.m2;15667.5947265625;43.48482894897461;27972.435546875;6.999999523162842;76.1375732421875;4.5;;0.7509765625;34965;m2;190566;0;
..\..\world\azeroth\westfall\passivedoodads\detail\westfallbush01.m2;15740.2890625;33.85078430175781;27877.90234375;0;184.19140625;0;;0.9013671875;34873;m2;190566;0;
..\..\world\azeroth\westfall\passivedoodads\detail\westfallbush01.m2;15564.2998046875;43.20171356201172;28090.24609375;0;286.6640319824219;0;;0.77734375;35289;m2;190566;0;
..\..\world\azeroth\westfall\passivedoodads\westfallfence\westfallfenceend.m2;15520.7216796875;43.59172058105469;28109.3984375;-2.000000238418579;187;2;;1;35419;m2;190660;0;
..\..\world\azeroth\westfall\passivedoodads\detail\westfallbush01.m2;15606.87109375;41.671112060546875;27939.71875;0;19.7540283203125;0;;0.75;34910;m2;190566;0;
..\..\world\azeroth\westfall\passivedoodads\westfallfence\westfallfenceend.m2;15621.1171875;43.20920944213867;28060.4296875;-1.5000003576278687;351;10.499999046325684;;1;35199;m2;190660;0;
..\..\world\azeroth\westfall\passivedoodads\detail\westfallbush01.m2;15643.4990234375;43.7196159362793;28096.3046875;0;4.026031494140625;0;;0.8828125;35351;m2;190566;0;
..\..\world\azeroth\westfall\passivedoodads\harness\harness.m2;15847.63671875;42.39482498168945;28038.640625;-50.99998474121094;310.8190002441406;-30.4999942779541;;0.8876953125;35240;m2;190596;0;
..\..\world\generic\human\passivedoodads\woodendummies\stormwindwoodendummy01.m2;15623.85546875;43.53582763671875;28143.4453125;3.5;19.5;7.500000953674316;;1;35542;m2;198666;0;
..\..\world\azeroth\westfall\passivedoodads\detail\westfallbush01.m2;15663.837890625;43.31496047973633;27975.65625;0;169.37042236328125;0;;0.8037109375;34960;m2;190566;0;
..\..\world\azeroth\duskwood\passivedoodads\coffin\coffin.m2;15489.5947265625;46.37656784057617;28016.58984375;2;178.2386474609375;17;;0.9716796875;34993;m2;189415;0;
..\..\world\azeroth\westfall\passivedoodads\westfallfence\westfallfenceend.m2;15591.947265625;44.497825622558594;27898.671875;0;13;0;;1;34846;m2;190660;0;
..\..\world\azeroth\westfall\passivedoodads\westfallfence\westfallfenceend.m2;15659.12109375;44.79539108276367;28013.34765625;0;196.5;0;;1;35055;m2;190660;0;
..\..\world\azeroth\westfall\passivedoodads\westfallfence\westfallfenceend.m2;15923.005859375;37.52056884765625;28005.08203125;0;252.5;0;;1;35084;m2;190660;0;
..\..\world\azeroth\westfall\passivedoodads\westfallfence\westfallfenceend.m2;15665.87109375;45.12654113769531;28034.6640625;0;30;0;;1;35219;m2;190660;0;
..\..\world\azeroth\westfall\passivedoodads\westfallfence\westfallfenceend.m2;15601.7265625;43.673458099365234;28076.1953125;0;96.5;0;;1;35322;m2;190660;0;
..\..\world\azeroth\westfall\passivedoodads\westfallfence\westfallfenceend.m2;15645.544921875;43.64409255981445;28088.7890625;0;17.5;0;;1;35346;m2;190660;0;
..\..\world\azeroth\westfall\passivedoodads\detail\westfallbush01.m2;15638.77734375;43.19648361206055;28070.9296875;0;138.12969970703125;0;;0.6689453125;35341;m2;190566;0;
..\..\world\generic\human\passivedoodads\woodendummies\stormwindwoodendummy01.m2;15627.96484375;43.35623550415039;28136.8125;7.500000953674316;111;-5.000000476837158;;1;35543;m2;198666;0;
..\..\world\azeroth\westfall\passivedoodads\westfallfence\westfallfenceend.m2;15638.01171875;42.582420349121094;27975.509765625;4.999999523162842;62.5;-28.000001907348633;;1;34954;m2;190660;0;
..\..\world\azeroth\westfall\passivedoodads\westfallfence\westfallfenceend.m2;15683.2841796875;43.73755645751953;27991.109375;-1.5000005960464478;283.5;-22;;1;34970;m2;190660;0;
..\..\world\azeroth\westfall\passivedoodads\detail\westfallbush01.m2;15551.349609375;43.56587219238281;28127.359375;2.499999523162842;29.5;-7.999998092651367;;0.6396484375;35455;m2;190566;0;
..\..\world\azeroth\westfall\passivedoodads\detail\westfallbush01.m2;15728.7060546875;33.39675521850586;27890.48828125;0;171.4139404296875;0;;0.7939453125;34856;m2;190566;0;
..\..\world\azeroth\westfall\passivedoodads\detail\westfallbush01.m2;15589.7978515625;43.5390510559082;28084.09765625;0;190.44757080078125;0;;0.775390625;35307;m2;190566;0;
..\..\world\generic\passivedoodads\barrel\brokenbarrel01.m2;15542.4365234375;43.18754959106445;28091.84375;0;0;0;;1;76928;m2;199566;0;
..\..\world\azeroth\westfall\passivedoodads\detail\westfallbush01.m2;15741.458984375;35.900081634521484;27909.8359375;0;347.4971618652344;0;;0.755859375;34886;m2;190566;0;
..\..\world\azeroth\westfall\passivedoodads\detail\westfallbush01.m2;15622.333984375;43.32553482055664;28121.71875;0;192.11279296875;0;;0.7548828125;35490;m2;190566;0;
..\..\world\azeroth\westfall\passivedoodads\detail\westfallbush01.m2;15653.5947265625;45.24748229980469;27919.609375;0;175.52294921875;0;;0.8271484375;34879;m2;190566;0;
..\..\world\azeroth\duskwood\passivedoodads\irongate\gatesegment02.m2;15473.576171875;45.65035629272461;28061.087890625;1.0000001192092896;92;8.000000953674316;;1;35102;m2;189493;0;
..\..\world\azeroth\westfall\passivedoodads\detail\westfallbush01.m2;15953.9228515625;39.84877395629883;28042.109375;0;95.485107421875;0;;0.802734375;35243;m2;190566;0;
..\..\world\azeroth\westfall\passivedoodads\detail\westfallbush01.m2;15468.9716796875;48.33826446533203;28020.98046875;0;178.9068603515625;0;;0.841796875;35003;m2;190566;0;
..\..\world\azeroth\westfall\passivedoodads\detail\westfallbush01.m2;15761.29296875;35.510894775390625;27955.14453125;0;91.5408935546875;0;;0.822265625;34919;m2;190566;0;
..\..\world\azeroth\westfall\passivedoodads\westfallfence\westfallfencepost.m2;15537.38671875;43.19618225097656;28121.9453125;-6;359.5;-7;;1;35446;m2;190661;0;
..\..\world\azeroth\westfall\passivedoodads\westfallfence\westfallfencepost.m2;15631.0498046875;43.55812072753906;28103.03125;7;25;-7.500000476837158;;1;35472;m2;190661;0;
..\..\world\azeroth\westfall\passivedoodads\westfallfence\westfallfencepost.m2;15856.7822265625;36.07426071166992;27973.1640625;5.000000476837158;332.5;7.000000953674316;;1;34982;m2;190661;0;
..\..\world\azeroth\westfall\passivedoodads\westfallfence\westfallfencepost.m2;15730.2705078125;41.93855667114258;28017.48828125;-9.500000953674316;33;6.499999523162842;;1;35069;m2;190661;0;
..\..\world\azeroth\westfall\passivedoodads\westfallfence\westfallfencepost.m2;15674.9677734375;43.73496627807617;27991.890625;9.499999046325684;3;7;;1;34972;m2;190661;0;
..\..\world\azeroth\westfall\passivedoodads\westfallfence\westfallfencepost.m2;15845.740234375;34.85808563232422;27967.462890625;4.499999523162842;340;-3.5;;1;34984;m2;190661;0;
..\..\world\azeroth\westfall\passivedoodads\westfallfence\westfallfencepost.m2;15619.74609375;43.97095489501953;28072.39453125;-2;356;-7.500000953674316;;1;35318;m2;190661;0;
..\..\world\azeroth\westfall\passivedoodads\westfallfence\westfallfencepost.m2;15724.966796875;36.592220306396484;28000.056640625;-4;294.5;1.5000003576278687;;1;35068;m2;190661;0;
..\..\world\azeroth\westfall\passivedoodads\westfallfence\westfallfencepost.m2;15760.744140625;35.566890716552734;27955.1796875;8;10;0.9999998807907104;;1;34914;m2;190661;0;
..\..\world\azeroth\westfall\passivedoodads\westfallfence\westfallfencepost.m2;15672.521484375;42.95383834838867;27974.4765625;8;10;0.9999998807907104;;1;34964;m2;190661;0;
..\..\world\azeroth\westfall\passivedoodads\westfallfence\westfallfencepost.m2;15894.7705078125;37.88671112060547;27991.2109375;8;339;1.000000238418579;;1;34988;m2;190661;0;
..\..\world\azeroth\westfall\passivedoodads\westfallfence\westfallfencepost.m2;15958.857421875;36.86632537841797;28021.796875;8.000000953674316;353.5;1;;1;35091;m2;190661;0;
..\..\world\azeroth\westfall\passivedoodads\westfallfence\westfallfencepost.m2;15980.326171875;36.65864562988281;28008.42578125;8.000000953674316;210;1;;1;35094;m2;190661;0;
..\..\world\azeroth\westfall\passivedoodads\westfallfence\westfallfencepost.m2;15813.7177734375;33.63715744018555;27957.072265625;11.500000953674316;337;4;;1;34921;m2;190661;0;
..\..\world\azeroth\westfall\passivedoodads\westfallfence\westfallfencepost.m2;15660.0146484375;44.97994613647461;28016.92578125;11.500000953674316;16.5;-3.5000007152557373;;1;35056;m2;190661;0;
..\..\world\azeroth\westfall\passivedoodads\westfallfence\westfallfencepost.m2;15756.6572265625;35.94578552246094;27956.09375;3.500000238418579;4;-1;;1;34917;m2;190661;0;
..\..\world\azeroth\westfall\passivedoodads\westfallfence\westfallfencepost.m2;15629.3779296875;43.744354248046875;28094.015625;4.499999523162842;296.5;0.5000001192092896;;1;35333;m2;190661;0;
..\..\world\azeroth\westfall\passivedoodads\westfallfence\westfallfencepost.m2;15567.6396484375;46.81486892700195;27761.62890625;0.5000002980232239;95;4.500000476837158;;1;34795;m2;190661;0;
..\..\world\azeroth\westfall\passivedoodads\westfallfence\westfallfencepost.m2;15568.4580078125;48.597896575927734;27797.416015625;0.5000002980232239;95;4.500000476837158;;1;34813;m2;190661;0;
..\..\world\azeroth\westfall\passivedoodads\westfallfence\westfallfencepost.m2;15574.0927734375;48.124664306640625;27840.81640625;0.5;109.5;4.500000476837158;;1;34830;m2;190661;0;
..\..\world\azeroth\westfall\passivedoodads\westfallfence\westfallfencepost.m2;15589.2421875;45.12149429321289;27890.61328125;0.49999988079071045;113.5;4.500000476837158;;1;34845;m2;190661;0;
..\..\world\azeroth\westfall\passivedoodads\westfallfence\westfallfencepost.m2;15605.4853515625;42.04314041137695;27936.484375;0.5;119;4.499999523162842;;1;34907;m2;190661;0;
..\..\world\azeroth\westfall\passivedoodads\westfallfence\westfallfencepost.m2;15608.5390625;41.40454864501953;27944.400390625;9.000000953674316;15.5;-12.000000953674316;;1;34908;m2;190661;0;
..\..\world\azeroth\westfall\passivedoodads\westfallfence\westfallfencepost.m2;15643.662109375;43.61357116699219;28096.765625;3.5;271.5;0;;1;35348;m2;190661;0;
..\..\world\azeroth\westfall\passivedoodads\westfallfence\westfallfencepost.m2;15815.0146484375;42.07414245605469;28091.86328125;3.500000238418579;58.5;0;;1;35408;m2;190661;0;
..\..\world\azeroth\westfall\passivedoodads\westfallfence\westfallfencepost.m2;15987.5546875;36.432342529296875;28004.056640625;-1.5;21.5;0;;1;35095;m2;190661;0;
..\..\world\azeroth\westfall\passivedoodads\westfallfence\westfallfencepost.m2;15659.212890625;44.52424240112305;28069.97265625;14.000001907348633;325.5;-4;;1;35355;m2;190661;0;
..\..\world\azeroth\westfall\passivedoodads\westfallfence\westfallfencepost.m2;15643.9873046875;43.374229431152344;28085.591796875;15.000000953674316;316.5;-6;;1;35337;m2;190661;0;
..\..\world\azeroth\westfall\passivedoodads\westfallfence\westfallfencepost.m2;15576.1171875;47.65310287475586;27849.3359375;0;24;0;;1;34833;m2;190661;0;
..\..\world\azeroth\westfall\passivedoodads\westfallfence\westfallfencepost.m2;15627.2705078125;42.14926528930664;27968.447265625;0;331;0;;1;34948;m2;190661;0;
..\..\world\azeroth\westfall\passivedoodads\westfallfence\westfallfencepost.m2;15706.7822265625;40.901771545410156;27984.4921875;0;5;0;;1;34978;m2;190661;0;
..\..\world\azeroth\westfall\passivedoodads\westfallfence\westfallfencepost.m2;15731.5791015625;43.53227996826172;28020.73046875;0;0;0;;1;35070;m2;190661;0;
..\..\world\azeroth\westfall\passivedoodads\westfallfence\westfallfencepost.m2;15851.076171875;43.198429107666016;28010.41015625;0;43;0;;1;35073;m2;190661;0;
..\..\world\azeroth\westfall\passivedoodads\westfallfence\westfallfencepost.m2;15869.7265625;43.077781677246094;28030.45703125;0;337;0;;1;35080;m2;190661;0;
..\..\world\azeroth\westfall\passivedoodads\westfallfence\westfallfencepost.m2;15621.2353515625;43.282527923583984;28052.640625;0;268.5;0;;1;35197;m2;190661;0;
..\..\world\azeroth\westfall\passivedoodads\westfallfence\westfallfencepost.m2;15598.58984375;43.74373245239258;28076.59765625;0;358.5;0;;1;35299;m2;190661;0;
..\..\world\azeroth\westfall\passivedoodads\westfallfence\westfallfencepost.m2;15579.380859375;43.2035026550293;28068.0546875;0;0;0;;1;35310;m2;190661;0;
..\..\world\azeroth\westfall\passivedoodads\westfallfence\westfallfencepost.m2;15616.0361328125;44.03919219970703;28073.453125;0;281.5;0;;1;35319;m2;190661;0;
..\..\world\azeroth\westfall\passivedoodads\westfallfence\westfallfencepost.m2;15661.62109375;44.27555465698242;28066.826171875;0;324;0;;1;35354;m2;190661;0;
..\..\world\azeroth\westfall\passivedoodads\westfallfence\westfallfencepost.m2;15529.3740234375;43.40201187133789;28126.1875;0;0;0;;1;35423;m2;190661;0;
..\..\world\azeroth\westfall\passivedoodads\westfallfence\westfallfencepost.m2;15524.7861328125;43.429420471191406;28125.98046875;0;356;0;;1;35424;m2;190661;0;
..\..\world\azeroth\westfall\passivedoodads\westfallfence\westfallfencepost.m2;15537.3583984375;43.55363464355469;28113.609375;0;0;0;;1;35445;m2;190661;0;
..\..\world\azeroth\westfall\passivedoodads\westfallfence\westfallfencepost.m2;15575.0302734375;43.93633270263672;28109.8359375;0;18;0;;1;76923;m2;190661;0;
..\..\world\azeroth\westfall\passivedoodads\westfallfence\westfallfencepost.m2;15575.337890625;47.99882125854492;27845.119140625;16;3;-10.000000953674316;;1;34831;m2;190661;0;
..\..\world\azeroth\duskwood\passivedoodads\tombs\woodcross01.m2;15641.181640625;33.68170166015625;27864.7578125;-3.5;292;8.499998092651367;;1;34840;m2;189540;0;
..\..\world\azeroth\westfall\passivedoodads\detail\westfallbush01.m2;15663.2041015625;33.532135009765625;27873.28125;0;90.50103759765625;0;;0.806640625;34848;m2;190566;0;
..\..\world\azeroth\duskwood\passivedoodads\irongate\gatesegment01.m2;15472.7509765625;46.80693435668945;28037.890625;-3.5;275;-1.999999761581421;;1;35108;m2;189492;0;
..\..\world\azeroth\westfall\passivedoodads\westfallfence\westfallfencepost.m2;15984.0361328125;36.69251251220703;28006.169921875;-25.500001907348633;25.5;-4.500000953674316;;1;35096;m2;190661;0;
..\..\world\azeroth\westfall\passivedoodads\westfallfence\westfallfencepost.m2;15926.810546875;37.73429489135742;28006.46875;16.5;339;-23.5;;1;35083;m2;190661;0;
..\..\world\azeroth\westfall\passivedoodads\westfallfence\westfallfencepost.m2;15630.931640625;42.23739242553711;27971.34375;10.999999046325684;352;26.499998092651367;;1;34949;m2;190661;0;
..\..\world\azeroth\duskwood\passivedoodads\tombs\woodcross01.m2;15642.10546875;34.3554573059082;27868.28515625;8.5;120;-1.5000004768371582;;1;34850;m2;189540;0;
..\..\world\azeroth\westfall\passivedoodads\detail\westfallbush01.m2;15850.2578125;35.194419860839844;27969.951171875;0;268.3822021484375;0;;0.7646484375;34987;m2;190566;0;
..\..\world\azeroth\duskwood\passivedoodads\irongate\gatesegment02.m2;15473.08984375;46.580230712890625;28044.17578125;7.000000476837158;88.5;0;;1;35105;m2;189493;0;
..\..\world\azeroth\westfall\passivedoodads\detail\westfallbush01.m2;15812.5146484375;42.06489944458008;28088.982421875;0;0;0;;0.779296875;35410;m2;190566;0;
..\..\world\azeroth\duskwood\passivedoodads\irongate\gatepost.m2;15472.185546875;47.46154022216797;28025.619140625;-3.500000238418579;47.5;4.999999523162842;;1;34998;m2;189491;0;
..\..\world\azeroth\duskwood\passivedoodads\irongate\gatesegment02.m2;15538.7060546875;43.576210021972656;28039.15234375;-1.9999994039535522;267;0;;1;35134;m2;189493;0;
..\..\world\azeroth\duskwood\passivedoodads\irongate\gatepost.m2;15473.333984375;45.82133865356445;28054.791015625;-2.499999523162842;226.5;-6;;1;35100;m2;189491;0;
..\..\world\azeroth\duskwood\passivedoodads\irongate\gatesegment02.m2;15472.9697265625;46.72446823120117;28039.869140625;0;269;0;;1;35106;m2;189493;0;
..\..\world\azeroth\duskwood\passivedoodads\irongate\gatepost.m2;15538.482421875;43.76213455200195;28041.044921875;13.499999046325684;25.5;-7.000000476837158;;1;35135;m2;189491;0;
..\..\world\azeroth\duskwood\passivedoodads\irongate\gatepost.m2;15473.107421875;46.699466705322266;28042.046875;0;321;0;;1;35107;m2;189491;0;
..\..\world\azeroth\westfall\passivedoodads\detail\westfallbush01.m2;15471.88671875;48.082115173339844;28022.6640625;0;276.2486572265625;0;;0.69921875;35000;m2;190566;0;
..\..\world\critter\flies\flies01.m2;15523.259765625;43.29283905029297;28115.98828125;0;117.53530883789062;0;;1;35429;m2;190739;0;
..\..\world\critter\flies\flies01.m2;15520.7705078125;43.20341491699219;28117.71875;0;299.0789489746094;0;;1;35431;m2;190739;0;
..\..\world\azeroth\westfall\passivedoodads\westfallfence\westfallfencepost.m2;15591.8427734375;43.152679443359375;28087.259765625;-39.500003814697266;306;-89;;1;35316;m2;190661;0;
..\..\world\critter\flies\flies01.m2;15531.8046875;43.2708625793457;28113.65625;0;51.7801513671875;0;;1;35433;m2;190739;0;
..\..\world\critter\flies\flies01.m2;15523.7685546875;43.3062744140625;28118.375;0;253.05581665039062;0;;1;35430;m2;190739;0;
..\..\world\critter\flies\flies01.m2;15533.552734375;43.20358657836914;28115.328125;0;74.61044311523438;0;;1;35452;m2;190739;0;
..\..\world\critter\flies\flies01.m2;15523.9140625;44.18598937988281;28118.40234375;0;47.198699951171875;0;;1;35428;m2;190739;0;
..\..\world\azeroth\duskwood\passivedoodads\irongate\gatepost.m2;15539.5322265625;43.39289855957031;28048.48828125;20.5;292;22.500001907348633;;1;35137;m2;189491;0;
..\..\world\critter\flies\flies01.m2;15530.978515625;43.294090270996094;28116.296875;0;348.6617431640625;0;;1;35434;m2;190739;0;
..\..\world\critter\flies\flies01.m2;15531.5498046875;43.28794860839844;28114.759765625;0;79.862060546875;0;;1;35432;m2;190739;0;
..\..\world\azeroth\westfall\passivedoodads\westfallfence\westfallfencepost.m2;15714.380859375;39.1728401184082;27965.681640625;-38.50000762939453;21;-6;;1;34912;m2;190661;0;
..\..\world\generic\human\passivedoodads\crates\stormwindcrate01.m2;15563.8359375;42.90121078491211;28131.22265625;9.999998092651367;321;12.999998092651367;;1;76905;m2;198168;0;
..\..\world\azeroth\westfall\passivedoodads\westfallfence\westfallfencepost.m2;15670.166015625;43.747642517089844;27992.625;7.000000476837158;306;-58.4999885559082;;1;34973;m2;190661;0;
..\..\world\azeroth\westfall\passivedoodads\westfallfence\westfallfencepost.m2;15859.8935546875;43.971275329589844;28059.81640625;-36.5;0;26.000001907348633;;1;35237;m2;190661;0;
..\..\world\critter\flies\flies01.m2;15531.185546875;43.3267822265625;28113.75390625;0;86.14642333984375;0;;1;35435;m2;190739;0;
..\..\world\azeroth\westfall\passivedoodads\detail\westfallbush01.m2;15627.60546875;43.53859329223633;28136.83984375;0;354.14410400390625;0;;0.623046875;35546;m2;190566;0;
..\..\world\azeroth\westfall\passivedoodads\harempillow02\harempillow02.m2;15911.4541015625;37.82843017578125;27929.75;0;226.7755126953125;0;;1;34895;m2;190595;0;
..\..\world\generic\human\passivedoodads\crates\stormwindcrate01.m2;15564.12109375;44.31336212158203;28130.20703125;4.5;318.5;3.0000007152557373;;1;76908;m2;198168;0;
..\..\world\generic\passivedoodads\barrel\brokenbarrel02.m2;15673.994140625;21.017332077026367;27844.17578125;6.999999523162842;90;16.500001907348633;;1;356535;m2;199567;0;
..\..\world\azeroth\westfall\passivedoodads\westfallskeleton\westfallskeleton.m2;15680.810546875;32.66585159301758;27812.03125;10.5;0;-2.5;;1;34822;m2;190671;0;
..\..\world\azeroth\elwynn\passivedoodads\anvil\anvil.m2;15802.333984375;41.89512634277344;28080.390625;-6;315.5;16;;1;35413;m2;189642;0;
..\..\world\azeroth\westfall\passivedoodads\crate\westfallcrate.m2;15655.8291015625;43.9694709777832;27994.98828125;0.9999998807907104;304;-0.5;;1;34959;m2;190543;0;
..\..\world\azeroth\westfall\passivedoodads\crate\westfallcrate.m2;15593.8779296875;43.20171356201172;28053.2578125;0;159.537353515625;0;;1;35146;m2;190543;0;
..\..\world\azeroth\westfall\passivedoodads\tombstones\tombstone03.m2;15466.685546875;47.244972229003906;28034.20703125;0;81.5;-2;;1;35110;m2;190635;0;
..\..\world\azeroth\westfall\passivedoodads\crate\westfallcrate.m2;15656.5771484375;43.96415710449219;27991.89453125;-4;42.5;-2;;1;34958;m2;190543;0;
..\..\world\azeroth\westfall\passivedoodads\westfallfence\westfallfencepost.m2;15667.853515625;44.840755462646484;28048.11328125;-67;0;-8.00000286102295;;0.7197265625;35231;m2;190661;0;
..\..\world\azeroth\westfall\passivedoodads\crate\westfallcrate.m2;15657.1298828125;43.9147834777832;27994.5;0;347.5;0;;1;34957;m2;190543;0;
..\..\world\dungeon\goldshireinn\innbarrel\innbarrel.m2;15562.04296875;42.55900955200195;28131.48828125;0;0;0;;1;76914;m2;190885;0;
..\..\world\azeroth\westfall\passivedoodads\crate\westfallcrate.m2;15568.6416015625;43.66558074951172;28077.2734375;79.49998474121094;17;32.9999885559082;;1;76939;m2;190543;0;
..\..\world\azeroth\elwynn\passivedoodads\battlegladepolearmskull\battlegladepolearmskull.m2;15901.5927734375;36.712364196777344;27916.81640625;-18.999996185302734;202.22030639648438;6.999999046325684;;1;34891;m2;189674;0;
..\..\world\azeroth\westfall\passivedoodads\westfallfence\westfallfencepost.m2;15536.005859375;43.194942474365234;28125.73828125;-6.999999523162842;0;-66.5;;0.689453125;35448;m2;190661;0;
..\..\world\azeroth\westfall\passivedoodads\crate\westfallcrate.m2;15594.615234375;43.20171356201172;28063.888671875;0;262.7790222167969;0;;1;35145;m2;190543;0;
..\..\world\azeroth\elwynn\passivedoodads\shovel\shovel.m2;15745.837890625;34.18055725097656;27894.640625;3.5;140.94229125976562;-3.500000238418579;;1;34866;m2;189854;0;
..\..\world\generic\human\passivedoodads\crates\stormwindcrate01.m2;15565.2578125;43.24873733520508;28129.71875;7.500000476837158;359;8.5;;1;76906;m2;198168;0;
..\..\world\azeroth\elwynn\passivedoodads\shovel\shovel.m2;15846.49609375;42.29851150512695;28036.578125;21;14.656218528747559;-3;;1.0302734375;35241;m2;189854;0;
..\..\world\azeroth\westfall\passivedoodads\crate\westfallcrate.m2;15581.2958984375;43.14616012573242;28068.67578125;0;358;0;;1;35312;m2;190543;0;
..\..\world\azeroth\westfall\passivedoodads\crate\westfallcrate.m2;15538.6552734375;43.71385955810547;28065.859375;87.99992370605469;105.49993896484375;17.499935150146484;;1;35127;m2;190543;0;
..\..\world\azeroth\westfall\passivedoodads\crate\westfallcrate.m2;15961.01171875;33.48981857299805;27734.8359375;-7.999999046325684;0;0.9999997615814209;;1;34802;m2;190543;0;
..\..\world\azeroth\elwynn\passivedoodads\shovel\shovel.m2;15579.216796875;43.19438171386719;28088.05859375;89.50032806396484;125.5003662109375;-24.000038146972656;;1;76927;m2;189854;0;
..\..\world\generic\human\passivedoodads\crates\stormwindcrate01.m2;15563.5966796875;43.06461715698242;28129.69140625;6.499999523162842;0;5.5;;1;76907;m2;198168;0;
..\..\world\azeroth\westfall\passivedoodads\barrel\westfallbarrel01.m2;15673.412109375;21.25176429748535;27845.541015625;-6.000004768371582;299.5;-78;;1;356537;m2;190535;0;
..\..\world\azeroth\westfall\passivedoodads\barrel\westfallbarrel01.m2;15960.076171875;33.280269622802734;27733.83203125;-2.999999761581421;319;-1.999999761581421;;1;34801;m2;190535;0;
..\..\world\azeroth\westfall\passivedoodads\harempillow01\harempillow01.m2;15901.287109375;37.7948112487793;27933.76953125;9.999998092651367;150.23141479492188;7;;1;34927;m2;190592;0;
..\..\world\generic\human\passivedoodads\crates\replacecrate01.m2;15563.8740234375;43.233394622802734;28128.390625;-3.499999761581421;173.5;-6.999999523162842;;1;76909;m2;198165;0;
..\..\world\generic\human\passivedoodads\animalheads\duskwoodboarhead01.m2;15558.4609375;49.42362976074219;28133.37890625;4;178.5;0;;1;76916;m2;197841;0;
..\..\world\generic\human\passivedoodads\lanterns\generallantern02.m2;15607.0927734375;43.118507385253906;28092.5390625;49.000003814697266;243.5;-92.5;;0.759765625;35336;m2;198328;0;
..\..\world\azeroth\elwynn\passivedoodads\battlegladesword\battlegladesword.m2;15547.2236328125;45.77143859863281;28128.591796875;-45.50000762939453;79;-67;;1;76941;m2;189687;0;
..\..\world\azeroth\elwynn\passivedoodads\battlegladesword\battlegladesword.m2;15534.7978515625;46.42219543457031;28043.36328125;28;7;-52.5;;1;35132;m2;189687;0;
..\..\world\azeroth\westfall\passivedoodads\barrel\westfallbarrel01.m2;15541.826171875;43.370094299316406;28136.498046875;0;291.5;0;;1;35537;m2;190535;0;
..\..\world\generic\human\passivedoodads\lanterns\generallantern02.m2;15745.2421875;34.252540588378906;27885.953125;0;83.4490966796875;0;;0.8994140625;34862;m2;198328;0;
..\..\world\azeroth\westfall\passivedoodads\barrel\westfallbarrel01.m2;15593.1767578125;43.20171356201172;28059.859375;0;196.96890258789062;0;;1;35142;m2;190535;0;
..\..\world\azeroth\westfall\passivedoodads\barrel\westfallbarrel01.m2;15959.2685546875;33.41145706176758;27735.322265625;0;16;0;;1;34800;m2;190535;0;
..\..\world\azeroth\elwynn\passivedoodads\battlegladeshield2\battlegladeshield2.m2;15910.41796875;37.66069412231445;27926.48046875;-3;278.555419921875;3.000000238418579;;1;34896;m2;189678;0;
..\..\world\azeroth\westfall\passivedoodads\barrel\westfallbarrel01.m2;15594.4365234375;43.20171356201172;28061.81640625;0;105.03250122070312;0;;1;35143;m2;190535;0;
..\..\world\azeroth\westfall\passivedoodads\barrel\westfallbarrel01.m2;15658.498046875;43.86697769165039;27993.08203125;6;0;-4.5;;1;34955;m2;190535;0;
..\..\world\azeroth\westfall\passivedoodads\barrel\westfallbarrel01.m2;15659.9208984375;43.85661697387695;27992.998046875;9.500001907348633;0;1.5;;1;34956;m2;190535;0;
..\..\world\azeroth\westfall\passivedoodads\barrel\westfallbarrel01.m2;15594.0966796875;43.20171356201172;28059.45703125;0;348.9803771972656;0;;1;35144;m2;190535;0;
..\..\world\azeroth\elwynn\passivedoodads\signs\directional\westfalldirectionalsign.m2;15534.7021484375;46.17909622192383;28043.71484375;3.5;0.5;2.500000476837158;;1;35130;m2;189866;0;
..\..\world\azeroth\westfall\passivedoodads\barrel\westfallbarrel01.m2;15555.4091796875;47.158843994140625;28195.48828125;0;9.5;0;;1;57377;m2;190535;0;
..\..\world\generic\human\passivedoodads\ropes\cavekoboldropecoil.m2;15557.0927734375;43.273338317871094;28131.169921875;0;0;0;;0.8798828125;76913;m2;198422;0;
..\..\world\azeroth\elwynn\passivedoodads\pick\pick.m2;15540.0205078125;43.237876892089844;28066.921875;87.99992370605469;180.00001525878906;-27.999988555908203;;1;35287;m2;189834;0;
..\..\world\generic\human\passivedoodads\buckets\cavekoboldbucket.m2;15911.0927734375;37.61040115356445;27925.796875;7.500000953674316;120.29276275634766;-2.5;;1;34897;m2;198069;0;
..\..\world\generic\passivedoodads\lights\candelabra01.m2;15610.1953125;42.980892181396484;28088.91015625;-77.5;0;-43.000003814697266;;1;35335;m2;199801;0;
..\..\world\azeroth\westfall\passivedoodads\westfallchair\westfallchair.m2;15597.4423828125;43.15166091918945;28084.73828125;18;315.5;-7.500000476837158;;1;35315;m2;190658;0;
..\..\world\generic\human\passivedoodads\buckets\cavekoboldbucket.m2;15601.8623046875;43.20171356201172;28065.87109375;0;317.5;0;;1;35201;m2;198069;0;
..\..\world\azeroth\westfall\passivedoodads\barrel\westfallbarrel01.m2;15542.474609375;43.25297927856445;28137.62890625;0;0;0;;1;35536;m2;190535;0;
..\..\world\azeroth\westfall\passivedoodads\barrel\westfallbarrel01.m2;15555.88671875;47.158321380615234;28194.666015625;0;0;0;;1;57376;m2;190535;0;
..\..\world\azeroth\elwynn\passivedoodads\pick\pick.m2;15720.8330078125;38.8570556640625;28083.91015625;-87.50009155273438;139.50018310546875;134.50003051757812;;1;35390;m2;189834;0;
..\..\world\azeroth\westfall\passivedoodads\westfallchair\westfallchair.m2;15568.115234375;50.60751724243164;28018.26171875;0;307.9376220703125;0;;1;35041;m2;190658;0;
..\..\world\azeroth\westfall\passivedoodads\westfallchair\westfallchair.m2;15539.33984375;43.215171813964844;28067.6640625;0;25;0;;1;35286;m2;190658;0;
..\..\world\generic\human\passivedoodads\buckets\cavekoboldbucket.m2;15803.4560546875;41.8395881652832;28079.8671875;5.000000476837158;0;-6.5;;1;35414;m2;198069;0;
..\..\world\azeroth\elwynn\passivedoodads\jars\jar01.m2;15564.8447265625;43.09060287475586;28091.388671875;3.000000238418579;83;-19.5;;1;76932;m2;189815;0;
..\..\world\generic\human\passivedoodads\lanterns\generallantern02.m2;15669.76171875;21.298736572265625;27845.51171875;-71.99999237060547;0;-84.5;;0.5791015625;356536;m2;198328;0;
..\..\world\azeroth\elwynn\passivedoodads\jars\jar01.m2;15575.7041015625;43.19587707519531;28098.19140625;9.500007629394531;78;-87.00000762939453;;1;76933;m2;189815;0;
..\..\world\azeroth\westfall\passivedoodads\westfallchair\westfallchair.m2;15542.0966796875;43.29596710205078;28139.26953125;0;345.5;0;;1;35535;m2;190658;0;
..\..\world\azeroth\westfall\passivedoodads\westfallchair\westfallchair.m2;15573.6083984375;50.60801696777344;28020.86328125;0;350.53271484375;0;;1;35043;m2;190658;0;
..\..\world\generic\human\passivedoodads\deadminepowderkeg\deadminepowderkeg.m2;15559.9248046875;42.03805160522461;28134.560546875;0;239.5;0;;1;76921;m2;198173;0;
..\..\world\generic\human\passivedoodads\deadminepowderkeg\deadminepowderkeg.m2;15562.1396484375;42.047420501708984;28134.22265625;0;29.5;0;;1;76920;m2;198173;0;
..\..\world\azeroth\westfall\passivedoodads\utensils\bowl.m2;15568.5234375;43.30059051513672;28079.46484375;5.999999046325684;307;-27.000001907348633;;1;76938;m2;190650;0;
..\..\world\azeroth\elwynn\passivedoodads\jars\jar01.m2;15740.2685546875;34.143348693847656;27883.61328125;0;258.7852478027344;0;;1;34860;m2;189815;0;
..\..\world\azeroth\elwynn\passivedoodads\jars\jar01.m2;15739.556640625;34.12953186035156;27884.5;0;246.60101318359375;0;;1;34861;m2;189815;0;
..\..\world\azeroth\elwynn\passivedoodads\jars\jar01.m2;15538.888671875;44.04841232299805;28066.2890625;0;0;0;;1;35128;m2;189815;0;
..\..\world\azeroth\elwynn\passivedoodads\jars\jar01.m2;15590.0166015625;43.69065856933594;28074.9140625;0;0;0;;1;35313;m2;189815;0;
..\..\world\azeroth\elwynn\passivedoodads\jars\jar01.m2;15589.90234375;43.791011810302734;28075.66796875;0;0;0;;1;35314;m2;189815;0;
..\..\world\azeroth\elwynn\passivedoodads\jars\jar03.m2;15564.6171875;43.09060287475586;28092.03125;5;0;-16.999996185302734;;1;76931;m2;189817;0;
..\..\world\generic\human\passivedoodads\deadminepowderkeg\deadminepowderkeg.m2;15561.115234375;41.98080062866211;28134.64453125;0;339.5;0;;1;76919;m2;198173;0;
..\..\world\azeroth\theblastedlands\passivedoodads\bones\blastedlandsskull02.m2;15534.7705078125;46.42348098754883;28043.34765625;41.5;14.5;-74.5;;1;35131;m2;190440;0;
..\..\world\azeroth\elwynn\passivedoodads\jars\jar02.m2;15567.18359375;44.69236373901367;28133.97265625;0;307;0;;1;35539;m2;189816;0;
..\..\world\azeroth\elwynn\passivedoodads\jars\jar02.m2;15747.333984375;34.570465087890625;27894.6328125;0;152.64306640625;0;;1;34865;m2;189816;0;
..\..\world\azeroth\westfall\passivedoodads\utensils\plate.m2;15576.16796875;43.646095275878906;28025.78125;0;337;0;;1;35030;m2;190653;0;
..\..\world\azeroth\westfall\passivedoodads\utensils\bowl.m2;15568.4765625;43.47764205932617;28078.17578125;49.50000762939453;0;35.000003814697266;;1;76937;m2;190650;0;
..\..\world\azeroth\westfall\passivedoodads\utensils\plate.m2;15569.3916015625;43.31982421875;28079.5625;4.500000476837158;345.5;-1;;1;76935;m2;190653;0;
..\..\world\generic\human\passivedoodads\deadminepowderkeg\deadminepowderkeg.m2;15561.8623046875;41.96400833129883;28134.7734375;0;0;0;;1;76918;m2;198173;0;
..\..\world\azeroth\elwynn\passivedoodads\skeleton\battlegladeskullhumandark.m2;15547.181640625;45.65541458129883;28128.54296875;8.5;76;-40.000003814697266;;1.189453125;76942;m2;189896;0;
..\..\world\azeroth\theblastedlands\passivedoodads\bones\blastedlandsskull02.m2;15547.2822265625;45.76744842529297;28128.390625;74.5000228881836;313.5;129.50001525878906;;0.9091796875;76940;m2;190440;0;
..\..\world\azeroth\westfall\passivedoodads\utensils\plate.m2;15569.6767578125;43.267940521240234;28080.078125;7.500000476837158;0;-16.5;;1;76936;m2;190653;0;
..\..\world\azeroth\elwynn\passivedoodads\jars\jar02.m2;15586.7177734375;44.7794189453125;28064.544921875;0;0;0;;1;35147;m2;189816;0;
..\..\world\azeroth\elwynn\passivedoodads\jars\jar02.m2;15566.677734375;44.691184997558594;28133.3515625;0;0;0;;1;35538;m2;189816;0;
..\..\world\azeroth\westfall\passivedoodads\utensils\plate.m2;15577.537109375;43.625179290771484;28021.84765625;0;0;0;;1;35029;m2;190653;0;
..\..\world\azeroth\westfall\passivedoodads\utensils\plate.m2;15573.037109375;43.646095275878906;28026.50390625;0;0;0;;1;35031;m2;190653;0;
..\..\world\azeroth\westfall\passivedoodads\utensils\plate.m2;15586.2861328125;50.49573516845703;28060.703125;0;0;0;;1;35151;m2;190653;0;
..\..\world\azeroth\westfall\passivedoodads\utensils\plate.m2;15569.0986328125;43.24583435058594;28080.576171875;5.499999523162842;0;-0.5;;1;76934;m2;190653;0;
..\..\world\wmo\azeroth\buildings\westfall_lumbermill\westfall_lumbermill.wmo;15940.8359375;33.9150505065918;27727.107421875;0;322.5;0;0;1;24847;wmo;108043;0;Set_$DefaultGlobal
..\..\world\wmo\azeroth\buildings\moonbrook_townhall_nowall\moonbrook_townhall_nowall.wmo;15552.1455078125;44.619991302490234;28025.42578125;0;92;0;0;1;35021;wmo;107068;0;Set_$DefaultGlobal
..\..\world\wmo\azeroth\buildings\moonbrook_inn\moonbrook_inn.wmo;15575.6865234375;43.31399154663086;28048.5859375;0;0;0;0;1;35157;wmo;107056;0;Set_$DefaultGlobal
..\..\world\wmo\azeroth\buildings\moonbrook_human_farm\moonbrook_human_farm.wmo;15605.4765625;39.871158599853516;28057.3359375;0;92.5;0;0;1;35213;wmo;107046;2;Set_A
..\..\world\wmo\azeroth\buildings\moonbrook_human_farm\moonbrook_human_farm.wmo;15530.505859375;39.964630126953125;28068.65625;0;179.5;0;0;1;35264;wmo;107046;1;Set_C
..\..\world\wmo\azeroth\buildings\westfall_stable\westfall_stable.wmo;15516.884765625;43.037208557128906;28118.14453125;0;88.5;0;0;1;35436;wmo;108051;0;Set_$DefaultGlobal
..\..\world\wmo\azeroth\buildings\moonbrook_blacksmith\moonbrook_blacksmith.wmo;15610.6953125;43.510833740234375;28113.806640625;0;186;0;0;1;35467;wmo;107043;0;Set_$DefaultGlobal
..\..\world\wmo\azeroth\buildings\moonbrook_human_farm\moonbrook_human_farm.wmo;15641.0341796875;40.25167465209961;28106.841796875;0;292;0;0;1;35496;wmo;107046;1;Set_C
..\..\world\wmo\dungeon\az_deadmines\az_deadmines_a.wmo;15538.4404296875;45.27324676513672;28165.39453125;0;269;0;0;1;35530;wmo;108444;0;Set_$DefaultGlobal
..\..\world\wmo\azeroth\buildings\moonbrook_humantwostory\moonbrook_humantwostory.wmo;15530.1796875;44.75728225708008;28101.01953125;0;180.5;0;0;1;71646;wmo;107049;2;Set_B
..\..\world\wmo\azeroth\buildings\prison_camp\prisonlonghouse.wmo;15888.3955078125;32.57602310180664;27711.34765625;0;234.5;0;0;1;576514;wmo;107111;1;set_Barracks
