ModelFile;PositionX;PositionY;PositionZ;RotationX;RotationY;RotationZ;RotationW;ScaleFactor;ModelId;Type;FileDataID;DoodadSetIndexes;DoodadSetNames
..\..\world\critter\birds\bird02.m2;19265.97265625;141.90252685546875;16808.86328125;0;92;0;;6.75;195022;m2;190720;0;
..\..\world\critter\birds\bird02.m2;19422.42578125;112.97322845458984;16956.83203125;0;47.5;0;;6.75;195021;m2;190720;0;
..\..\world\critter\birds\bird02.m2;19347.232421875;93.54409790039062;16894.076171875;0;96;0;;5.0595703125;195019;m2;190720;0;
..\..\world\critter\birds\bird02.m2;19010.345703125;321.66998291015625;16759.748046875;0;25;0;;3.759765625;186415;m2;190720;0;
..\..\world\critter\birds\bird02.m2;19035.8046875;343.7421875;16754.130859375;0;317.5;0;;2.6298828125;186414;m2;190720;0;
..\..\world\critter\birds\bird02.m2;18982.12109375;317.13494873046875;16710.591796875;0;80.5;0;;2.3193359375;186413;m2;190720;0;
..\..\world\critter\birds\bird02.m2;18971.189453125;417.2899475097656;16695.923828125;0;0;0;;2.349609375;186416;m2;190720;0;
..\..\world\critter\birds\bird02.m2;19067.5625;323.5654296875;16770.25;0;134;0;;2.4091796875;192022;m2;190720;0;
..\..\world\lordaeron\alteracmountains\passivedoodads\trees\alteractree03.m2;18695.560546875;195.46897888183594;17086.185546875;0;214.8128662109375;0;;1.2197265625;354322;m2;203619;0;
..\..\world\lordaeron\alteracmountains\passivedoodads\trees\alteractree03.m2;18678.515625;63.50631332397461;16602.12109375;0;292.2232666015625;0;;1.1064453125;192727;m2;203619;0;
..\..\world\lordaeron\aeriepeaks\passivedoodads\trees\aerietree03.m2;18925.048828125;151.4153594970703;17091.353515625;0;33.51531982421875;0;;1;566213;m2;203589;0;
..\..\world\lordaeron\alteracmountains\passivedoodads\trees\alteractree08.m2;18780.40625;212.41490173339844;16924.591796875;0;70.00701904296875;0;;0.98828125;355602;m2;203623;0;
..\..\world\lordaeron\alteracmountains\passivedoodads\trees\alteractree03.m2;18830.330078125;223.55308532714844;17013.634765625;0;56.04296875;0;;0.9619140625;355592;m2;203619;0;
..\..\world\lordaeron\aeriepeaks\passivedoodads\trees\aerietree02.m2;19196.41796875;107.71190643310547;16999.12109375;0;123.68231201171875;0;;1.2177734375;185000;m2;203588;0;
..\..\world\lordaeron\alteracmountains\passivedoodads\trees\alteractree09.m2;18793.587890625;215.08876037597656;16892.48828125;0;317.3937072753906;0;;0.9326171875;355603;m2;203624;0;
..\..\world\lordaeron\aeriepeaks\passivedoodads\trees\aerietree02.m2;19128.443359375;293.2059631347656;16649.21484375;0;180.3790283203125;0;;1.1416015625;185796;m2;203588;0;
..\..\world\lordaeron\aeriepeaks\passivedoodads\trees\aerietree03.m2;18908.130859375;286.9888610839844;16679.111328125;0;0;0;;0.849609375;186550;m2;203589;0;
..\..\world\lordaeron\alteracmountains\passivedoodads\trees\alteractree03.m2;18689.513671875;80.73861694335938;16643.380859375;0;176.874267578125;0;;0.84765625;192726;m2;203619;0;
..\..\world\lordaeron\aeriepeaks\passivedoodads\trees\aerietree01.m2;19144.8984375;106.50212860107422;16916.359375;0;346.09326171875;0;;2.1396484375;185021;m2;203587;0;
..\..\world\lordaeron\aeriepeaks\passivedoodads\trees\aerietree01.m2;19046.86328125;124.36003875732422;16906.755859375;0;267.59326171875;0;;2.1396484375;185498;m2;203587;0;
..\..\world\lordaeron\aeriepeaks\passivedoodads\trees\aerietree02.m2;18981.888671875;180.9608612060547;16984.263671875;0;152.033447265625;0;;1.048828125;185642;m2;203588;0;
..\..\world\generic\dwarf\passivedoodads\battlements\dwarvenbattlementmossy01.m2;19115.931640625;213.44493103027344;16705.998046875;0;312;0;;0.689453125;188260;m2;197240;0;
..\..\world\lordaeron\alteracmountains\passivedoodads\trees\alteractree03.m2;18783.09375;217.83175659179688;16852.583984375;0;123.23739624023438;0;;0.8193359375;355599;m2;203619;0;
..\..\world\lordaeron\alteracmountains\passivedoodads\trees\alteractree01.m2;18736.169921875;51.824302673339844;16534.8671875;0;108.07581329345703;0;;1.162109375;192754;m2;203617;0;
..\..\world\lordaeron\alteracmountains\passivedoodads\trees\alteractree03.m2;18771.072265625;222.0201873779297;16974.548828125;0;37.64031982421875;0;;0.80859375;355593;m2;203619;0;
..\..\world\lordaeron\aeriepeaks\passivedoodads\trees\aerietree02.m2;19156.19140625;208.29762268066406;16687.251953125;0;285.2467346191406;0;;1;185543;m2;203588;0;
..\..\world\lordaeron\aeriepeaks\passivedoodads\trees\aerietree02.m2;19010.900390625;156.3240509033203;17054.390625;0;0;0;;1;185509;m2;203588;0;
..\..\world\lordaeron\aeriepeaks\passivedoodads\trees\aerietree02.m2;18970.28125;156.6749267578125;16915.33984375;0;0;0;;1;189125;m2;203588;0;
..\..\world\lordaeron\aeriepeaks\passivedoodads\trees\aerietree02.m2;18901.447265625;215.34567260742188;16557.978515625;0;0;0;;1;198419;m2;203588;0;
..\..\world\lordaeron\aeriepeaks\passivedoodads\trees\aerietree02.m2;18895.46875;155.3116455078125;16526.908203125;0;0;0;;1;198421;m2;203588;0;
..\..\world\lordaeron\aeriepeaks\passivedoodads\trees\aerietree02.m2;18902.298828125;286.8578796386719;16684.412109375;0;0;0;;1;186552;m2;203588;0;
..\..\world\lordaeron\aeriepeaks\passivedoodads\trees\aerietree02.m2;18885.361328125;280.23687744140625;16713.84375;0;0;0;;1;186553;m2;203588;0;
..\..\world\lordaeron\aeriepeaks\passivedoodads\trees\aerietree02.m2;18968.689453125;324.8574523925781;16608.333984375;0;0;0;;1;186560;m2;203588;0;
..\..\world\lordaeron\aeriepeaks\passivedoodads\trees\aerietree02.m2;18936.46484375;267.5683898925781;16586.099609375;0;0;0;;1;186561;m2;203588;0;
..\..\world\lordaeron\aeriepeaks\passivedoodads\trees\aerietree02.m2;18984.048828125;311.88671875;16554.548828125;0;301;0;;1;186563;m2;203588;0;
..\..\world\lordaeron\aeriepeaks\passivedoodads\trees\aerietree02.m2;19209.89453125;122.67597198486328;16775.45703125;0;0;0;;1;189080;m2;203588;0;
..\..\world\lordaeron\aeriepeaks\passivedoodads\trees\aerietree02.m2;19171.05859375;178.75270080566406;17051.486328125;0;38.55218505859375;0;;0.978515625;185640;m2;203588;0;
..\..\world\lordaeron\aeriepeaks\passivedoodads\trees\aerietree02.m2;19192.55078125;101.50007629394531;16932.57421875;0;44.37353515625;0;;0.9658203125;185004;m2;203588;0;
..\..\world\lordaeron\aeriepeaks\passivedoodads\trees\aerietree03.m2;18950.93359375;314.20025634765625;16636.376953125;0;0;0;;0.759765625;186558;m2;203589;0;
..\..\world\lordaeron\aeriepeaks\passivedoodads\trees\aerietree03.m2;19136.29296875;113.47798919677734;16988.046875;0;0.5;0;;0.75;363136;m2;203589;0;
..\..\world\generic\dwarf\passivedoodads\battlements\dwarvenbattlementmossy05.m2;18968.9140625;191.3814239501953;16885.669921875;0;8;0;;1;188257;m2;197244;0;
..\..\world\lordaeron\aeriepeaks\passivedoodads\trees\aerietree02.m2;18984.07421875;178.21559143066406;16978.9609375;0;229.41253662109375;0;;0.93359375;185643;m2;203588;0;
..\..\world\lordaeron\aeriepeaks\passivedoodads\trees\aerietree02.m2;19040.533203125;124.08251953125;16905.431640625;0;309.73828125;0;;0.9267578125;185497;m2;203588;0;
..\..\world\lordaeron\aeriepeaks\passivedoodads\trees\aerietree02.m2;19145.51953125;104.29765319824219;16926.3984375;0;27.23828125;0;;0.9267578125;185023;m2;203588;0;
..\..\world\lordaeron\alteracmountains\passivedoodads\trees\alteractree08.m2;18782.552734375;225.2053985595703;17033.048828125;0;309.5953674316406;0;;0.7265625;355594;m2;203623;0;
..\..\world\lordaeron\alteracmountains\passivedoodads\trees\alteractree01.m2;18654.3359375;41.476356506347656;16564.115234375;0;336.422607421875;0;;1.0263671875;192731;m2;203617;0;
..\..\world\lordaeron\aeriepeaks\passivedoodads\trees\aerietree03.m2;18939.419921875;208.95370483398438;17017.193359375;0;69.20498657226562;0;;0.7197265625;185533;m2;203589;0;
..\..\world\lordaeron\alteracmountains\passivedoodads\trees\alteractree01.m2;18673.5546875;61.28839874267578;16608.599609375;0;113.96466064453125;0;;1.009765625;192728;m2;203617;0;
..\..\world\lordaeron\aeriepeaks\passivedoodads\trees\aerietree03.m2;19061.568359375;285.1825256347656;16568.21875;0;79.28640747070312;0;;0.7041015625;186499;m2;203589;0;
..\..\world\lordaeron\aeriepeaks\passivedoodads\trees\aerietree03.m2;19114.916015625;113.48963928222656;16971.07421875;0;140.78640747070312;0;;0.7041015625;185071;m2;203589;0;
..\..\world\lordaeron\aeriepeaks\passivedoodads\trees\aerietree03.m2;19054.001953125;131.0825653076172;16943.8125;0;140.78640747070312;0;;0.7041015625;185075;m2;203589;0;
..\..\world\lordaeron\aeriepeaks\passivedoodads\trees\aerietree03.m2;19195.169921875;107.82549285888672;17010.119140625;0;254.2864532470703;0;;0.7041015625;184997;m2;203589;0;
..\..\world\lordaeron\aeriepeaks\passivedoodads\trees\aerietree03.m2;19080.048828125;298.47259521484375;16596.19921875;0;254.2864532470703;0;;0.7041015625;186495;m2;203589;0;
..\..\world\lordaeron\aeriepeaks\passivedoodads\trees\aerietree03.m2;19159.30859375;289.14593505859375;16561.033203125;0;177.786376953125;0;;0.7041015625;186507;m2;203589;0;
..\..\world\lordaeron\aeriepeaks\passivedoodads\trees\aerietree03.m2;19025.068359375;306.52032470703125;16563.529296875;0;177.786376953125;0;;0.7041015625;186511;m2;203589;0;
..\..\world\lordaeron\aeriepeaks\passivedoodads\trees\aerietree03.m2;19060.318359375;279.23968505859375;16526.23828125;0;52.786407470703125;0;;0.7041015625;186515;m2;203589;0;
..\..\world\lordaeron\alteracmountains\passivedoodads\trees\alteractree09.m2;18727.685546875;210.0734100341797;16899.10546875;0;333.4837646484375;0;;0.689453125;355600;m2;203624;0;
..\..\world\lordaeron\aeriepeaks\passivedoodads\trees\aerietree01.m2;19107.11328125;115.56868743896484;16968.154296875;0;293.58892822265625;0;;1.7509765625;185072;m2;203587;0;
..\..\world\lordaeron\aeriepeaks\passivedoodads\trees\aerietree01.m2;19052.345703125;127.35713958740234;16951.41015625;0;293.58892822265625;0;;1.7509765625;185076;m2;203587;0;
..\..\world\lordaeron\aeriepeaks\passivedoodads\trees\aerietree01.m2;19080.484375;296.7591857910156;16604.517578125;0;47.08892822265625;0;;1.7509765625;186497;m2;203587;0;
..\..\world\lordaeron\aeriepeaks\passivedoodads\trees\aerietree01.m2;19060.412109375;283.4993591308594;16559.96875;0;232.08892822265625;0;;1.7509765625;186501;m2;203587;0;
..\..\world\lordaeron\aeriepeaks\passivedoodads\trees\aerietree01.m2;19151.3203125;285.09307861328125;16563.396484375;0;330.5888671875;0;;1.7509765625;186509;m2;203587;0;
..\..\world\lordaeron\aeriepeaks\passivedoodads\trees\aerietree01.m2;19001.705078125;333.6708068847656;16604.041015625;0;330.5888671875;0;;1.7509765625;186513;m2;203587;0;
..\..\world\lordaeron\aeriepeaks\passivedoodads\trees\aerietree01.m2;19062.96484375;269.6038818359375;16518.337890625;0;205.58892822265625;0;;1.7509765625;186514;m2;203587;0;
..\..\world\lordaeron\aeriepeaks\passivedoodads\trees\aerietree02.m2;19051.18359375;122.35774993896484;16898.705078125;0;346.67529296875;0;;0.8701171875;185499;m2;203588;0;
..\..\world\lordaeron\aeriepeaks\passivedoodads\trees\aerietree02.m2;19042.546875;123.88955688476562;16895.14453125;0.4999999403953552;213.528076171875;1.500000238418579;;0.8564453125;185500;m2;203588;0;
..\..\world\lordaeron\alteracmountains\passivedoodads\trees\alteractree09.m2;18789.1875;211.99148559570312;16885.34765625;0;331.6873779296875;0;;0.681640625;355604;m2;203624;0;
..\..\world\lordaeron\aeriepeaks\passivedoodads\trees\aerietree03.m2;18953.10546875;155.89535522460938;17067.58984375;0;0;0;;0.6796875;185510;m2;203589;0;
..\..\world\lordaeron\aeriepeaks\passivedoodads\trees\aerietree03.m2;19078.208984375;180.5640411376953;17035.197265625;0;0;0;;0.669921875;185505;m2;203589;0;
..\..\world\lordaeron\aeriepeaks\passivedoodads\trees\aerietree02.m2;18939.251953125;306.1479797363281;16715.501953125;0;0;0;;0.83984375;186548;m2;203588;0;
..\..\world\lordaeron\aeriepeaks\passivedoodads\trees\aerietree02.m2;19010.529296875;136.7683563232422;16897.162109375;0;0;0;;0.83984375;189129;m2;203588;0;
..\..\world\lordaeron\aeriepeaks\passivedoodads\trees\aerietree01.m2;18960.55078125;151.97584533691406;17065.87109375;0;0;0;;1.6796875;185511;m2;203587;0;
..\..\world\lordaeron\aeriepeaks\passivedoodads\trees\aerietree01.m2;18970.93359375;153.75502014160156;16908.365234375;0;0;0;;1.669921875;189124;m2;203587;0;
..\..\world\lordaeron\aeriepeaks\passivedoodads\trees\aerietree02.m2;19072.87109375;295.6700744628906;16598.076171875;0;123.68231201171875;0;;0.8076171875;186494;m2;203588;0;
..\..\world\lordaeron\aeriepeaks\passivedoodads\trees\aerietree02.m2;19068.55859375;287.1674499511719;16565.72265625;0;308.68231201171875;0;;0.8076171875;186498;m2;203588;0;
..\..\world\lordaeron\aeriepeaks\passivedoodads\trees\aerietree02.m2;19155.80859375;295.5877380371094;16554.490234375;0;47.18231201171875;0;;0.8076171875;186506;m2;203588;0;
..\..\world\lordaeron\aeriepeaks\passivedoodads\trees\aerietree02.m2;19014.37890625;314.8707275390625;16579.07421875;0;47.18231201171875;0;;0.8076171875;186510;m2;203588;0;
..\..\world\lordaeron\aeriepeaks\passivedoodads\trees\aerietree02.m2;19067.90625;275.7921447753906;16526.53125;0;282.68231201171875;0;;0.8076171875;186517;m2;203588;0;
..\..\world\lordaeron\aeriepeaks\passivedoodads\trees\aerietree02.m2;19115.47265625;114.01651000976562;16963.501953125;0;10.68231201171875;0;;0.8076171875;185074;m2;203588;0;
..\..\world\lordaeron\aeriepeaks\passivedoodads\trees\aerietree02.m2;19058.9453125;131.1012420654297;16943.59375;0;10.68231201171875;0;;0.8076171875;185078;m2;203588;0;
..\..\world\lordaeron\aeriepeaks\passivedoodads\trees\aerietree03.m2;19027.8125;334.6974792480469;16637.05078125;0;91.4173583984375;0;;0.6279296875;186519;m2;203589;0;
..\..\world\lordaeron\aeriepeaks\passivedoodads\trees\aerietree03.m2;18876.265625;253.98150634765625;16656.267578125;0;0;0;;0.619140625;186557;m2;203589;0;
..\..\world\lordaeron\aeriepeaks\passivedoodads\trees\aerietree02.m2;19051.580078125;127.79369354248047;16986.513671875;0;0;0;;0.779296875;189109;m2;203588;0;
..\..\world\lordaeron\alteracmountains\passivedoodads\trees\alteractree09.m2;18765.291015625;218.34857177734375;16951.87890625;0;4.7794189453125;0;;0.6142578125;355605;m2;203624;0;
..\..\world\lordaeron\aeriepeaks\passivedoodads\trees\aerietree02.m2;19079.345703125;317.6088562011719;16612.513671875;0;302.3200988769531;0;;0.7734375;186496;m2;203588;0;
..\..\world\lordaeron\aeriepeaks\passivedoodads\trees\aerietree02.m2;19060.84765625;288.2381286621094;16551.90625;0;127.32012939453125;0;;0.7734375;186500;m2;203588;0;
..\..\world\lordaeron\aeriepeaks\passivedoodads\trees\aerietree02.m2;19143.283203125;282.5401916503906;16564.158203125;0;225.820068359375;0;;0.7734375;186508;m2;203588;0;
..\..\world\lordaeron\aeriepeaks\passivedoodads\trees\aerietree02.m2;18993.66796875;337.17431640625;16604.80078125;0;225.820068359375;0;;0.7734375;186512;m2;203588;0;
..\..\world\lordaeron\aeriepeaks\passivedoodads\trees\aerietree02.m2;19100.236328125;116.4123306274414;16963.923828125;0;188.82009887695312;0;;0.7734375;185073;m2;203588;0;
..\..\world\lordaeron\aeriepeaks\passivedoodads\trees\aerietree02.m2;19048.62109375;136.63162231445312;16949.775390625;0;188.82009887695312;0;;0.7734375;185077;m2;203588;0;
..\..\world\lordaeron\alteracmountains\passivedoodads\trees\alteractree01.m2;18823.46484375;222.55458068847656;17008.50390625;0;276.0621032714844;0;;0.865234375;355591;m2;203617;0;
..\..\world\lordaeron\aeriepeaks\passivedoodads\trees\aerietree02.m2;19101.5859375;204.67530822753906;17058.1328125;0;159.910888671875;0;;0.7607421875;397928;m2;203588;0;
..\..\world\lordaeron\aeriepeaks\passivedoodads\trees\aerietree03.m2;18993.5625;156.2449493408203;16950.884765625;0;0;0;;0.599609375;189127;m2;203589;0;
..\..\world\lordaeron\alteracmountains\passivedoodads\trees\alteractree01.m2;18739.162109375;46.346858978271484;16524.87109375;0;7.492919921875;0;;0.853515625;192755;m2;203617;0;
..\..\world\lordaeron\aeriepeaks\passivedoodads\trees\aerietree01.m2;18908.85546875;289.33502197265625;16687.607421875;0;0;0;;1.51953125;186551;m2;203587;0;
..\..\world\lordaeron\aeriepeaks\passivedoodads\trees\aerietree03.m2;18966.27734375;153.8603973388672;16907.958984375;0;0;0;;0.58984375;189126;m2;203589;0;
..\..\world\lordaeron\aeriepeaks\passivedoodads\trees\aerietree02.m2;19025.76953125;305.5294189453125;16556.341796875;0;0;0;;0.7294921875;186538;m2;203588;0;
..\..\world\lordaeron\aeriepeaks\passivedoodads\trees\aerietree02.m2;19117.462890625;287.1089782714844;16613.853515625;0;119.87349700927734;0;;0.7255859375;186475;m2;203588;0;
..\..\world\lordaeron\aeriepeaks\passivedoodads\trees\aerietree02.m2;19202.962890625;270.7916564941406;16580.13671875;0;180.37353515625;0;;0.7255859375;186483;m2;203588;0;
..\..\world\lordaeron\aeriepeaks\passivedoodads\trees\aerietree02.m2;19199.955078125;104.03756713867188;16866.69140625;0;94.37353515625;0;;0.7255859375;185013;m2;203588;0;
..\..\world\lordaeron\aeriepeaks\passivedoodads\trees\aerietree02.m2;19173.5390625;249.73277282714844;16601.671875;0;180.37353515625;0;;0.7255859375;186479;m2;203588;0;
..\..\world\lordaeron\aeriepeaks\passivedoodads\trees\aerietree02.m2;19190.509765625;101.24120330810547;16920.6796875;0;207.11895751953125;0;;0.720703125;185002;m2;203588;0;
..\..\world\lordaeron\aeriepeaks\passivedoodads\trees\aerietree02.m2;19204.5078125;106.93672943115234;16857.94921875;0;257.11895751953125;0;;0.720703125;185012;m2;203588;0;
..\..\world\lordaeron\aeriepeaks\passivedoodads\trees\aerietree02.m2;19117.80859375;286.3595886230469;16604.001953125;0;282.61895751953125;0;;0.720703125;186474;m2;203588;0;
..\..\world\lordaeron\aeriepeaks\passivedoodads\trees\aerietree02.m2;19194.560546875;266.78759765625;16574.982421875;0;343.11895751953125;0;;0.720703125;186482;m2;203588;0;
..\..\world\lordaeron\aeriepeaks\passivedoodads\trees\aerietree02.m2;19165.13671875;248.2064666748047;16596.517578125;0;343.11895751953125;0;;0.720703125;186478;m2;203588;0;
..\..\world\lordaeron\aeriepeaks\passivedoodads\trees\aerietree02.m2;19023.3125;333.5812072753906;16630.505859375;0;207.813720703125;0;;0.716796875;186518;m2;203588;0;
..\..\world\lordaeron\aeriepeaks\passivedoodads\trees\aerietree01.m2;18920.111328125;204.59017944335938;17053.626953125;0;340.8392333984375;0;;1.4091796875;185535;m2;203587;0;
..\..\world\lordaeron\aeriepeaks\passivedoodads\trees\aerietree02.m2;19094.521484375;117.74339294433594;16938.5625;0;0;0;;0.69921875;189104;m2;203588;0;
..\..\world\lordaeron\alteracmountains\passivedoodads\trees\alteractree08.m2;18734.361328125;208.24977111816406;16894.65625;0;291.2620544433594;0;;0.5498046875;355601;m2;203623;0;
..\..\world\lordaeron\aeriepeaks\passivedoodads\trees\aerietree03.m2;19172.083984375;248.05569458007812;16606.71484375;0;274.1776428222656;0;;0.548828125;186480;m2;203589;0;
..\..\world\lordaeron\aeriepeaks\passivedoodads\trees\aerietree03.m2;19190.09375;100.5224380493164;16927.935546875;0;138.17764282226562;0;;0.548828125;185003;m2;203589;0;
..\..\world\lordaeron\aeriepeaks\passivedoodads\trees\aerietree03.m2;19194.8203125;103.01069641113281;16865.59375;0;188.17764282226562;0;;0.548828125;185014;m2;203589;0;
..\..\world\lordaeron\aeriepeaks\passivedoodads\trees\aerietree03.m2;19112.357421875;290.59613037109375;16615.0703125;0;213.67764282226562;0;;0.548828125;186476;m2;203589;0;
..\..\world\lordaeron\aeriepeaks\passivedoodads\trees\aerietree03.m2;19201.5078125;266.5074768066406;16585.1796875;0;274.1776428222656;0;;0.548828125;186484;m2;203589;0;
..\..\world\lordaeron\alteracmountains\passivedoodads\trees\alteractree08.m2;18750.587890625;208.2991485595703;16874.958984375;0;344.48040771484375;0;;0.5478515625;355606;m2;203623;0;
..\..\world\lordaeron\aeriepeaks\passivedoodads\trees\aerietree02.m2;18900.697265625;154.78793334960938;16525.900390625;0;285;0;;0.689453125;198420;m2;203588;0;
..\..\world\lordaeron\aeriepeaks\passivedoodads\trees\aerietree02.m2;19208.82421875;172.84735107421875;16687.935546875;0;0;0;;0.6796875;189162;m2;203588;0;
..\..\world\lordaeron\alteracmountains\passivedoodads\trees\alteractree01.m2;18669.400390625;57.08998107910156;16594.73828125;0;22.86865234375;0;;0.740234375;192729;m2;203617;0;
..\..\world\lordaeron\aeriepeaks\passivedoodads\trees\aerietree01.m2;19098.994140625;116.307861328125;16940.07421875;0;0;0;;1.3193359375;189103;m2;203587;0;
..\..\world\lordaeron\aeriepeaks\passivedoodads\trees\aerietree02.m2;19143.53515625;131.5148468017578;17011.513671875;0;0;0;;0.6494140625;363148;m2;203588;0;
..\..\world\lordaeron\aeriepeaks\passivedoodads\trees\aerietree01.m2;18939.189453125;207.60243225097656;17023.87109375;0;251.88023376464844;0;;1.259765625;185534;m2;203587;0;
..\..\world\lordaeron\aeriepeaks\passivedoodads\trees\aerietree03.m2;19040.794921875;156.7276611328125;17015.568359375;0;30.32879638671875;0;;0.4892578125;566296;m2;203589;0;
..\..\world\lordaeron\alteracmountains\passivedoodads\trees\alteractree01.m2;18792.6171875;219.70687866210938;17025.267578125;0;205.06607055664062;0;;0.6982421875;355595;m2;203617;0;
..\..\world\lordaeron\aeriepeaks\passivedoodads\trees\aerietree04.m2;19148.0390625;128.73165893554688;16776.708984375;0;232.5;0;;0.599609375;188712;m2;203590;0;
..\..\world\lordaeron\aeriepeaks\passivedoodads\trees\aerietree01.m2;19011.267578125;215.59239196777344;16792.578125;0;0;0;;1.2392578125;189146;m2;203587;0;
..\..\world\lordaeron\aeriepeaks\passivedoodads\trees\aerietree02.m2;19031.8125;333.6481018066406;16634.30078125;0;160.273193359375;0;;0.6162109375;186520;m2;203588;0;
..\..\world\lordaeron\alteracmountains\passivedoodads\trees\alteractree02.m2;18728.796875;233.57028198242188;16939.787109375;0;257.12109375;0;;1.537109375;355612;m2;203618;0;
..\..\world\lordaeron\aeriepeaks\passivedoodads\trees\aerietree01.m2;19184.94140625;108.88301086425781;17000.33203125;0;47.08892822265625;0;;1.2109375;184998;m2;203587;0;
..\..\world\lordaeron\aeriepeaks\passivedoodads\trees\aerietree03.m2;19205.484375;172.49916076660156;16687.9765625;0;0;0;;0.4697265625;189163;m2;203589;0;
..\..\world\lordaeron\aeriepeaks\passivedoodads\trees\aerietree03.m2;19006.189453125;138.81568908691406;16899.19140625;0;0;0;;0.4697265625;189128;m2;203589;0;
..\..\world\lordaeron\aeriepeaks\passivedoodads\trees\aerietree02.m2;19111.912109375;286.3335876464844;16606.412109375;0;106.84332275390625;0;;0.591796875;186477;m2;203588;0;
..\..\world\lordaeron\aeriepeaks\passivedoodads\trees\aerietree02.m2;19193.75390625;268.52227783203125;16581.30078125;0;167.34332275390625;0;;0.591796875;186485;m2;203588;0;
..\..\world\lordaeron\aeriepeaks\passivedoodads\trees\aerietree02.m2;19198.146484375;107.93279266357422;16857.5859375;0;81.34332275390625;0;;0.591796875;185015;m2;203588;0;
..\..\world\lordaeron\aeriepeaks\passivedoodads\trees\aerietree02.m2;19164.330078125;247.1789093017578;16602.837890625;0;167.34332275390625;0;;0.591796875;186481;m2;203588;0;
..\..\world\lordaeron\aeriepeaks\passivedoodads\trees\aerietree02.m2;18996.90234375;155.5076141357422;16959.388671875;0;0;0;;0.5595703125;188679;m2;203588;0;
..\..\world\lordaeron\aeriepeaks\passivedoodads\trees\aerietree03.m2;19046.810546875;127.80818939208984;16986.751953125;0;0;0;;0.439453125;189108;m2;203589;0;
..\..\world\lordaeron\aeriepeaks\passivedoodads\trees\aerietree01.m2;18989.892578125;194.3025360107422;17018.435546875;0;0;0;;1.119140625;185515;m2;203587;0;
..\..\world\generic\dwarf\passivedoodads\battlements\dwarvenbattlementmossy07.m2;19133.103515625;148.3385772705078;16791.283203125;0;68.5;0;;1;188259;m2;197246;0;
..\..\world\lordaeron\aeriepeaks\passivedoodads\trees\aerietree02.m2;19057.6875;327.8040771484375;16622.201171875;0;0;0;;0.5390625;186527;m2;203588;0;
..\..\world\lordaeron\aeriepeaks\passivedoodads\trees\aerietree02.m2;19070.30078125;250.99867248535156;17067.388671875;0;159.910888671875;0;;0.53125;397936;m2;203588;0;
..\..\world\lordaeron\aeriepeaks\passivedoodads\trees\aerietree02.m2;19037.673828125;199.316162109375;17063.275390625;0;159.910888671875;0;;0.53125;397937;m2;203588;0;
..\..\world\lordaeron\aeriepeaks\passivedoodads\trees\aerietree02.m2;19106.861328125;119.12470245361328;16914.85546875;0;0;0;;0.529296875;189105;m2;203588;0;
..\..\world\lordaeron\aeriepeaks\passivedoodads\trees\aerietree02.m2;19166.6875;121.614990234375;16812.7421875;0;0;0;;0.51953125;189068;m2;203588;0;
..\..\world\lordaeron\alteracmountains\passivedoodads\trees\alteractree01.m2;18668.515625;66.41290283203125;16639.205078125;0;57.14703369140625;0;;0.58203125;192730;m2;203617;0;
..\..\world\lordaeron\aeriepeaks\passivedoodads\trees\aerietree02.m2;19052.31640625;174.589599609375;16823.953125;0;0;0;;0.509765625;189101;m2;203588;0;
..\..\world\lordaeron\aeriepeaks\passivedoodads\trees\aerietree02.m2;19144.677734375;127.36421966552734;16796.375;0;356.5;0;;0.509765625;189138;m2;203588;0;
..\..\world\lordaeron\aeriepeaks\passivedoodads\griffondoodads\griffonmemorialtree03.m2;19180.841796875;153.49002075195312;16730.59375;0;142.96563720703125;0;;1.439453125;678748;m2;203579;0;
..\..\world\lordaeron\aeriepeaks\passivedoodads\trees\aerietree01.m2;19151.19140625;128.5867462158203;16782.330078125;0;0;0;;1;188713;m2;203587;0;
..\..\world\lordaeron\aeriepeaks\passivedoodads\trees\aerietree01.m2;19107.67578125;139.2492218017578;17012.625;0;0;0;;1;185507;m2;203587;0;
..\..\world\lordaeron\aeriepeaks\passivedoodads\trees\aerietree01.m2;19052.033203125;328.0924987792969;16622.62890625;0;0;0;;1;186525;m2;203587;0;
..\..\world\lordaeron\aeriepeaks\passivedoodads\trees\aerietree01.m2;18926.45703125;307.88507080078125;16696.685546875;0;0;0;;1;186549;m2;203587;0;
..\..\world\lordaeron\aeriepeaks\passivedoodads\trees\aerietree01.m2;18888.111328125;280.0950012207031;16718.306640625;0;0;0;;1;186554;m2;203587;0;
..\..\world\lordaeron\aeriepeaks\passivedoodads\trees\aerietree01.m2;18856.322265625;245.5753936767578;16705.69140625;0;0;0;;1;186556;m2;203587;0;
..\..\world\lordaeron\aeriepeaks\passivedoodads\trees\aerietree01.m2;18953.560546875;312.4436340332031;16629.125;0;0;0;;1;186559;m2;203587;0;
..\..\world\lordaeron\aeriepeaks\passivedoodads\trees\aerietree01.m2;19088.89453125;119.43170928955078;16901.48046875;0;158;0;;1;189075;m2;203587;0;
..\..\world\lordaeron\aeriepeaks\passivedoodads\trees\aerietree01.m2;19107.7734375;213.03306579589844;16736.888671875;0;0;0;;1;189097;m2;203587;0;
..\..\world\lordaeron\aeriepeaks\passivedoodads\trees\aerietree01.m2;19077.439453125;118.11749267578125;16987.958984375;0;0;0;;1;185508;m2;203587;0;
..\..\world\lordaeron\aeriepeaks\passivedoodads\trees\aerietree01.m2;19072.5625;180.93759155273438;17031.466796875;0;0;0;;1;185506;m2;203587;0;
..\..\world\lordaeron\aeriepeaks\passivedoodads\trees\aerietree01.m2;19163.673828125;130.55523681640625;17018.40625;0;0;0;;1;363153;m2;203587;0;
..\..\world\lordaeron\aeriepeaks\passivedoodads\trees\aerietree03.m2;19065.64453125;146.13916015625;16844.109375;0;0;0;;0.3896484375;189077;m2;203589;0;
..\..\world\generic\dwarf\passivedoodads\battlements\dwarvenbattlementmossy02.m2;19167.62109375;196.11981201171875;16678.7421875;0;354;0;;1;188256;m2;197241;0;
..\..\world\generic\dwarf\passivedoodads\battlements\dwarvenbattlementmossy02.m2;18985.638671875;240.47238159179688;16837.755859375;0;213.5;0;;1;188261;m2;197241;0;
..\..\world\lordaeron\aeriepeaks\passivedoodads\trees\aerietree01.m2;18993.451171875;152.0675506591797;16876.455078125;0;0;0;;0.94921875;189150;m2;203587;0;
..\..\world\lordaeron\alteracmountains\passivedoodads\trees\alteractree02.m2;18664.69921875;53.970829010009766;16586.998046875;0;281.54962158203125;0;;1.162109375;192734;m2;203618;0;
..\..\world\lordaeron\aeriepeaks\passivedoodads\trees\aerietree03.m2;19111.12109375;118.88028717041016;16913.271484375;0;0;0;;0.359375;189107;m2;203589;0;
..\..\world\lordaeron\aeriepeaks\passivedoodads\trees\aerietree03.m2;19005;214.02474975585938;16822.33203125;0;0;0;;0.359375;189148;m2;203589;0;
..\..\world\lordaeron\alteracmountains\passivedoodads\trees\alteractree02.m2;18798.361328125;218.82476806640625;17020.611328125;0;346.9620361328125;0;;1.1455078125;355597;m2;203618;0;
..\..\world\lordaeron\aeriepeaks\passivedoodads\trees\aerietree03.m2;19054.69140625;328.92401123046875;16617.818359375;0;0;0;;0.349609375;186526;m2;203589;0;
..\..\world\lordaeron\aeriepeaks\passivedoodads\trees\aerietree02.m2;19037.25390625;156.8162841796875;17020.439453125;0;316.8172302246094;0;;0.439453125;566297;m2;203588;0;
..\..\world\lordaeron\aeriepeaks\passivedoodads\trees\aerietree05.m2;19184.138671875;245.46292114257812;16646.580078125;0;0;0;;2.3193359375;189165;m2;203591;0;
..\..\world\lordaeron\aeriepeaks\passivedoodads\trees\aerietree02.m2;19144.603515625;116.42799377441406;16865.763671875;0;0;0;;0.4296875;189073;m2;203588;0;
..\..\world\lordaeron\aeriepeaks\passivedoodads\trees\aerietree02.m2;19176.48828125;111.31633758544922;16865.00390625;0;357.5;0;;0.4296875;191839;m2;203588;0;
..\..\world\lordaeron\alteracmountains\passivedoodads\trees\alteractree02.m2;18731.7265625;47.13591384887695;16526.49609375;0;283.3240661621094;0;;1.0859375;192760;m2;203618;0;
..\..\world\lordaeron\aeriepeaks\passivedoodads\trees\aerietree01.m2;18921.578125;297.99603271484375;16718.041015625;0;0;0;;0.859375;186588;m2;203587;0;
..\..\world\lordaeron\aeriepeaks\passivedoodads\trees\aerietree01.m2;18998.283203125;155.21824645996094;16957.521484375;0;0;0;;0.83984375;188680;m2;203587;0;
..\..\world\lordaeron\aeriepeaks\passivedoodads\trees\aerietree05.m2;19091.71875;286.36181640625;16682.962890625;0;0;0;;2.189453125;189152;m2;203591;0;
..\..\world\lordaeron\aeriepeaks\passivedoodads\trees\aerietree03.m2;19083.451171875;119.41921997070312;16900.619140625;0;158;0;;0.3193359375;189076;m2;203589;0;
..\..\world\lordaeron\aeriepeaks\passivedoodads\trees\aerietree02.m2;19011.0859375;217.48068237304688;16798.986328125;0;0;0;;0.3994140625;189147;m2;203588;0;
..\..\world\lordaeron\alteracmountains\passivedoodads\trees\alteractree02.m2;18661.423828125;54.6167106628418;16591.509765625;0;114.20635986328125;0;;1.0048828125;192735;m2;203618;0;
..\..\world\lordaeron\alteracmountains\passivedoodads\trees\alteractree02.m2;18671.341796875;194.02090454101562;17025.818359375;0;203.9234619140625;0;;0.998046875;354323;m2;203618;0;
..\..\world\lordaeron\aeriepeaks\passivedoodads\trees\aerietree02.m2;19131.666015625;126.62625885009766;16830.580078125;0;0;0;;0.3896484375;189139;m2;203588;0;
..\..\world\lordaeron\aeriepeaks\passivedoodads\trees\aerietree01.m2;19115.861328125;169.79006958007812;16798.3125;0;0;0;;0.779296875;189079;m2;203587;0;
..\..\world\lordaeron\aeriepeaks\passivedoodads\trees\aerietree01.m2;19006.798828125;213.62728881835938;16818.96875;0;0;0;;0.779296875;189149;m2;203587;0;
..\..\world\lordaeron\aeriepeaks\passivedoodads\boulders\aerieboulder01.m2;18943.70703125;318.0841369628906;16693.859375;-7;42.5;8.5;;1.58984375;186541;m2;203558;0;
..\..\world\lordaeron\alteracmountains\passivedoodads\trees\alteractree02.m2;18661.736328125;64.19646453857422;16638.93359375;0;350;0;;0.919921875;192732;m2;203618;0;
..\..\world\lordaeron\aeriepeaks\passivedoodads\trees\aerietree04.m2;18972.65625;154.7095947265625;17056.419921875;0;93.17337036132812;0;;0.349609375;566205;m2;203590;0;
..\..\world\lordaeron\aeriepeaks\passivedoodads\trees\aerietree02.m2;19034.103515625;156.47781372070312;17018.248046875;0;344.66259765625;0;;0.359375;566298;m2;203588;0;
..\..\world\lordaeron\aeriepeaks\passivedoodads\trees\aerietree01.m2;19056.5234375;144.6895294189453;16870.751953125;0;0;0;;0.7197265625;189096;m2;203587;0;
..\..\world\lordaeron\alteracmountains\passivedoodads\trees\alteractree02.m2;18775.517578125;210.05169677734375;16927.4453125;0;244.9310302734375;0;;0.8994140625;355608;m2;203618;0;
..\..\world\lordaeron\alteracmountains\passivedoodads\trees\alteractree02.m2;18732.05859375;232.40972900390625;16940.26171875;0;57.24053955078125;0;;0.8681640625;355611;m2;203618;0;
..\..\world\lordaeron\aeriepeaks\passivedoodads\trees\aerietree01.m2;19071.216796875;246.6019744873047;16711.044921875;0;0;0;;0.689453125;189153;m2;203587;0;
..\..\world\lordaeron\alteracmountains\passivedoodads\trees\alteractree02.m2;18775.984375;221.6703338623047;16973.0234375;0;272.55718994140625;0;;0.8662109375;355596;m2;203618;0;
..\..\world\lordaeron\aeriepeaks\passivedoodads\trees\aerietree02.m2;19156.7578125;115.41121673583984;16882.67578125;0;0;0;;0.33984375;191840;m2;203588;0;
..\..\world\lordaeron\alteracmountains\passivedoodads\trees\alteractree02.m2;18784.291015625;214.5860137939453;16861.259765625;0;278.7316589355469;0;;0.84765625;355598;m2;203618;0;
..\..\world\lordaeron\alteracmountains\passivedoodads\trees\alteractree02.m2;18667.146484375;60.73927307128906;16605.6953125;0;87.43746948242188;0;;0.796875;192733;m2;203618;0;
..\..\world\lordaeron\aeriepeaks\passivedoodads\trees\aerietree05.m2;18951.134765625;319.0288391113281;16717.78125;0;259;0;;1.669921875;186547;m2;203591;0;
..\..\world\azeroth\redridge\passivedoodads\trees\redridgefallentree01moss.m2;18753.376953125;191.81289672851562;16900.0859375;16.499998092651367;343.5;-40.4999885559082;;2.0498046875;355659;m2;190115;0;
..\..\world\lordaeron\aeriepeaks\passivedoodads\trees\aerietree05.m2;18933.1484375;279.5570373535156;16821.578125;0;0;0;;1.6591796875;191848;m2;203591;0;
..\..\world\lordaeron\aeriepeaks\passivedoodads\boulders\aerieboulder01.m2;18931.669921875;293.4186706542969;16712.228515625;0;276.5;0;;1.5;186542;m2;203558;0;
..\..\world\lordaeron\aeriepeaks\passivedoodads\trees\aerietree05.m2;18946.013671875;201.05430603027344;16885.203125;0;275;0;;1.599609375;189160;m2;203591;0;
..\..\world\lordaeron\alteracmountains\passivedoodads\trees\alteractree02.m2;18765.501953125;216.05079650878906;16947.34765625;0;131.5543212890625;0;;0.7431640625;355607;m2;203618;0;
..\..\world\lordaeron\aeriepeaks\passivedoodads\trees\aerietree01.m2;19185.279296875;120.2405776977539;16814.27734375;0;0;0;;0.5791015625;189092;m2;203587;0;
..\..\world\lordaeron\aeriepeaks\passivedoodads\trees\aerietree01.m2;19142.451171875;116.36727142333984;16869.17578125;0;0;0;;0.5693359375;189074;m2;203587;0;
..\..\world\lordaeron\aeriepeaks\passivedoodads\trees\aerietree01.m2;19158.193359375;107.94975280761719;16966.55859375;0;0;0;;0.5595703125;363110;m2;203587;0;
..\..\world\lordaeron\aeriepeaks\passivedoodads\trees\aerietree05.m2;18971.267578125;251.22471618652344;16781.671875;0;0;0;;1.4794921875;191850;m2;203591;0;
..\..\world\lordaeron\aeriepeaks\passivedoodads\boulders\aerieboulder04.m2;19148.044921875;120.11245727539062;16799.8984375;0;0;0;;1.5595703125;189136;m2;203561;0;
..\..\world\lordaeron\aeriepeaks\passivedoodads\trees\aerietree02.m2;19044.880859375;155.44937133789062;17012.5859375;0;0;0;;0.26953125;188678;m2;203588;0;
..\..\world\lordaeron\aeriepeaks\passivedoodads\trees\aerietree01.m2;18995.18359375;153.40040588378906;17041.9296875;0;202.20953369140625;0;;0.5390625;566278;m2;203587;0;
..\..\world\lordaeron\aeriepeaks\passivedoodads\trees\aerietree02.m2;19080.876953125;188.2748260498047;16769.236328125;0;0;0;;0.259765625;189100;m2;203588;0;
..\..\world\lordaeron\aeriepeaks\passivedoodads\trees\aerietree05.m2;19119.09765625;169.11007690429688;16799.501953125;0;179.5;0;;1.3798828125;189169;m2;203591;0;
..\..\world\lordaeron\aeriepeaks\passivedoodads\trees\aerietree01.m2;19171.71484375;130.68357849121094;17023.009765625;0;3.5;0;;0.5;363154;m2;203587;0;
..\..\world\lordaeron\alteracmountains\passivedoodads\trees\alteractree04.m2;18664.833984375;62.45732498168945;16614.697265625;0;244.50393676757812;0;;1.1552734375;192740;m2;203620;0;
..\..\world\lordaeron\aeriepeaks\passivedoodads\trees\aerietree05.m2;19096.375;152.1139678955078;16847.134765625;0;171.5;0;;1.3193359375;189143;m2;203591;0;
..\..\world\lordaeron\aeriepeaks\passivedoodads\trees\aerietree05.m2;19017.48828125;338.5655517578125;16649.568359375;0;238.25677490234375;0;;1.318359375;186568;m2;203591;0;
..\..\world\lordaeron\aeriepeaks\passivedoodads\trees\aerietree05.m2;18960.181640625;346.42486572265625;16650.47265625;0;80.54293823242188;0;;1.296875;186565;m2;203591;0;
..\..\world\lordaeron\aeriepeaks\passivedoodads\trees\aerietree05.m2;18981.486328125;340.4098815917969;16612.66015625;0;293.3219299316406;0;;1.28125;186570;m2;203591;0;
..\..\world\lordaeron\aeriepeaks\passivedoodads\trees\aerietree05.m2;19134.005859375;164.5322723388672;16749.876953125;0;322.5;0;;1.279296875;189167;m2;203591;0;
..\..\world\lordaeron\aeriepeaks\passivedoodads\boulders\aerieboulder02.m2;18913.5625;194.0783233642578;17060.337890625;0;226.5;0;;2.859375;185526;m2;203559;0;
..\..\world\lordaeron\aeriepeaks\passivedoodads\trees\aerietree01.m2;19054.796875;175.4367218017578;16822.259765625;0;0;0;;0.4794921875;189102;m2;203587;0;
..\..\world\lordaeron\aeriepeaks\passivedoodads\trees\aerietree05.m2;18939.779296875;336.0078125;16684.119140625;0;143.96923828125;0;;1.234375;186564;m2;203591;0;
..\..\world\lordaeron\aeriepeaks\passivedoodads\trees\aerietree05.m2;19174.138671875;123.21102142333984;16780.142578125;0;0;0;;1.2099609375;189179;m2;203591;0;
..\..\world\lordaeron\aeriepeaks\passivedoodads\trees\aerietree01.m2;19124.322265625;113.63951110839844;16987.345703125;0;346.5;0;;0.44921875;363135;m2;203587;0;
..\..\world\azeroth\redridge\passivedoodads\trees\redridgefallentree01moss.m2;19022.689453125;155.59463500976562;17029.470703125;3;244.83319091796875;1.5000004768371582;;1.3291015625;566222;m2;190115;0;
..\..\world\lordaeron\aeriepeaks\passivedoodads\trees\aerietree05.m2;19094.603515625;169.0770263671875;16817.568359375;0;0;0;;1.169921875;189170;m2;203591;0;
..\..\world\lordaeron\aeriepeaks\passivedoodads\trees\aerietree05.m2;19083.365234375;179.2957305908203;16795.87890625;0;163.5;0;;1.169921875;603979;m2;203591;0;
..\..\world\lordaeron\arathi\passivedoodads\rocks\arathirock06.m2;19119;107.20536041259766;16980.35546875;0;79;0;;1;363141;m2;203674;0;
..\..\world\lordaeron\aeriepeaks\passivedoodads\trees\aerietree05.m2;19110.798828125;134.16925048828125;16873.392578125;0;348;0;;1.1298828125;189095;m2;203591;0;
..\..\world\lordaeron\aeriepeaks\passivedoodads\griffondoodads\griffonmemorialtree01.m2;19182.09375;153.39547729492188;16731.798828125;0;57.36737060546875;0;;0.599609375;678749;m2;203577;0;
..\..\world\lordaeron\aeriepeaks\passivedoodads\boulders\aerieboulder01.m2;19182.0703125;148.86395263671875;16732.943359375;-45.000003814697266;85;-8.999999046325684;;0.779296875;678747;m2;203558;0;
..\..\world\lordaeron\aeriepeaks\passivedoodads\trees\aerietree05.m2;19164.287109375;119.06851196289062;16841.173828125;0;322;0;;1.099609375;189094;m2;203591;0;
..\..\world\lordaeron\aeriepeaks\passivedoodads\boulders\aerieboulder01.m2;19009.23828125;211.5662841796875;16813.65625;0;0;0;;1;194981;m2;203558;0;
..\..\world\lordaeron\aeriepeaks\passivedoodads\boulders\aerieboulder01.m2;19171.646484375;118.7803726196289;16788.626953125;0;0;0;;1;189070;m2;203558;0;
..\..\world\lordaeron\alteracmountains\passivedoodads\trees\alteractree04.m2;18775.8515625;209.00035095214844;16923.259765625;0;210.22979736328125;0;;0.9404296875;355609;m2;203620;0;
..\..\world\lordaeron\aeriepeaks\passivedoodads\trees\aerietree05.m2;18978.99609375;351.1410217285156;16642.814453125;0;101.03336334228516;0;;1.0517578125;186569;m2;203591;0;
..\..\world\lordaeron\aeriepeaks\passivedoodads\boulders\aerieboulder04.m2;19048.970703125;141.0315704345703;16873.126953125;-3.0000007152557373;72;-13.999999046325684;;1;191842;m2;203561;0;
..\..\world\lordaeron\aeriepeaks\passivedoodads\trees\aerietree05.m2;19013.09375;157.00897216796875;17050.453125;0;0;0;;1;185560;m2;203591;0;
..\..\world\lordaeron\aeriepeaks\passivedoodads\trees\aerietree05.m2;18883.05078125;306.36346435546875;16792.41796875;0;300;0;;1;186442;m2;203591;0;
..\..\world\lordaeron\aeriepeaks\passivedoodads\trees\aerietree05.m2;18936.890625;290.88909912109375;16743.5078125;0;0;0;;1;186587;m2;203591;0;
..\..\world\lordaeron\aeriepeaks\passivedoodads\trees\aerietree05.m2;19069.302734375;146.5367431640625;16845.767578125;0;173;0;;1;189078;m2;203591;0;
..\..\world\lordaeron\aeriepeaks\passivedoodads\trees\aerietree05.m2;19104.90234375;213.4298858642578;16738.791015625;0;152.5;0;;1;189098;m2;203591;0;
..\..\world\lordaeron\aeriepeaks\passivedoodads\trees\aerietree05.m2;19058.5625;188.662841796875;16787.01953125;0;188.5;0;;1;189099;m2;203591;0;
..\..\world\lordaeron\aeriepeaks\passivedoodads\trees\aerietree05.m2;19061.814453125;143.95309448242188;16873.544921875;0;0;0;;1;189142;m2;203591;0;
..\..\world\lordaeron\aeriepeaks\passivedoodads\trees\aerietree05.m2;19074.203125;283.2494201660156;16696.6796875;0;198;0;;1;189151;m2;203591;0;
..\..\world\lordaeron\aeriepeaks\passivedoodads\trees\aerietree05.m2;19044.076171875;307.5058898925781;16685.10546875;0;0;0;;1;189155;m2;203591;0;
..\..\world\lordaeron\aeriepeaks\passivedoodads\trees\aerietree05.m2;18988.470703125;240.99026489257812;16773.6953125;0;0;0;;1;189156;m2;203591;0;
..\..\world\lordaeron\aeriepeaks\passivedoodads\trees\aerietree05.m2;19025.283203125;215.41099548339844;16785.048828125;0;0;0;;1;189157;m2;203591;0;
..\..\world\lordaeron\aeriepeaks\passivedoodads\trees\aerietree05.m2;19000.669921875;206.1487274169922;16853.802734375;0;171.5;0;;1;189158;m2;203591;0;
..\..\world\lordaeron\aeriepeaks\passivedoodads\trees\aerietree05.m2;18942.04296875;201.96888732910156;16886.939453125;0;193.5;0;;1;189159;m2;203591;0;
..\..\world\lordaeron\aeriepeaks\passivedoodads\trees\aerietree05.m2;19173.892578125;250.84600830078125;16646.42578125;0;0;0;;1;189164;m2;203591;0;
..\..\world\lordaeron\aeriepeaks\passivedoodads\trees\aerietree05.m2;19118.00390625;169.3726348876953;16791.80859375;0;322;0;;1;189168;m2;203591;0;
..\..\world\lordaeron\aeriepeaks\passivedoodads\trees\aerietree05.m2;18959.810546875;266.944091796875;16823.232421875;0;326.5;0;;1;191846;m2;203591;0;
..\..\world\lordaeron\aeriepeaks\passivedoodads\trees\aerietree05.m2;18945.69140625;275.7095947265625;16819.611328125;0;0;0;;1;191847;m2;203591;0;
..\..\world\lordaeron\aeriepeaks\passivedoodads\trees\aerietree05.m2;18957.1484375;272.5686340332031;16774.8203125;0;0;0;;1;191849;m2;203591;0;
..\..\world\lordaeron\aeriepeaks\passivedoodads\trees\aerietree05.m2;19142.6796875;130.0847930908203;17009.060546875;0;0;0;;1;363149;m2;203591;0;
..\..\world\lordaeron\aeriepeaks\passivedoodads\trees\aerietree05.m2;19146.7109375;131.2901153564453;17012.36328125;0;278.5;0;;1;363150;m2;203591;0;
..\..\world\lordaeron\aeriepeaks\passivedoodads\trees\aerietree05.m2;18975.869140625;152.74050903320312;17055.0078125;0;89.33258056640625;0;;1;566285;m2;203591;0;
..\..\world\lordaeron\aeriepeaks\passivedoodads\trees\aerietree05.m2;19034.431640625;156.34873962402344;17021.07421875;0;8.55859375;0;;1;566299;m2;203591;0;
..\..\world\lordaeron\aeriepeaks\passivedoodads\trees\aerietree05.m2;19167.806640625;121.513671875;16815.02734375;0;208.5;0;;1;189069;m2;203591;0;
..\..\world\lordaeron\aeriepeaks\passivedoodads\trees\aerietree05.m2;19187.419921875;120.2642822265625;16812.654296875;0;0;0;;1;189093;m2;203591;0;
..\..\world\lordaeron\aeriepeaks\passivedoodads\trees\aerietree05.m2;19107.9140625;118.8309326171875;16912.107421875;0;0;0;;1;189106;m2;203591;0;
..\..\world\lordaeron\aeriepeaks\passivedoodads\trees\aerietree05.m2;19153.701171875;121.24310302734375;16797.126953125;0;357;0;;1;189137;m2;203591;0;
..\..\world\lordaeron\aeriepeaks\passivedoodads\trees\aerietree05.m2;19134.3046875;124.82420349121094;16832.171875;0;212.49998474121094;0;;1;189140;m2;203591;0;
..\..\world\lordaeron\aeriepeaks\passivedoodads\trees\aerietree05.m2;19175.248046875;111.02999114990234;16867.361328125;0;260;0;;1;189178;m2;203591;0;
..\..\world\lordaeron\aeriepeaks\passivedoodads\trees\aerietree05.m2;19160.015625;109.39095306396484;16969.140625;0;266;0;;1;363109;m2;203591;0;
..\..\world\lordaeron\aeriepeaks\passivedoodads\trees\aerietree05.m2;19150.42578125;124.09427642822266;16816.234375;0;203;0;;1;189072;m2;203591;0;
..\..\world\lordaeron\aeriepeaks\passivedoodads\trees\aerietree05.m2;19068.353515625;245.92124938964844;16712.689453125;0;216;0;;1;189154;m2;203591;0;
..\..\world\lordaeron\aeriepeaks\passivedoodads\trees\aerietree05.m2;19155.0234375;117.14981842041016;16880.28515625;0;0;0;;1;189172;m2;203591;0;
..\..\world\lordaeron\aeriepeaks\passivedoodads\trees\aerietree05.m2;19097.345703125;120.67179107666016;16917.212890625;0;254.5;0;;1;191834;m2;203591;0;
..\..\world\lordaeron\aeriepeaks\passivedoodads\trees\aerietree05.m2;19131.048828125;116.77974700927734;16881.533203125;0;248.49998474121094;0;;1;191841;m2;203591;0;
..\..\world\lordaeron\aeriepeaks\passivedoodads\trees\aerietree05.m2;18986.40234375;244.2459259033203;16790.3046875;0;0;0;;1;191845;m2;203591;0;
..\..\world\azeroth\redridge\passivedoodads\trees\redridgefallentree02moss.m2;18986.765625;152.90725708007812;17049.783203125;-3.499999523162842;202.607666015625;-5.499999523162842;;1;566286;m2;190117;0;
..\..\world\lordaeron\aeriepeaks\passivedoodads\boulders\aerieboulder02.m2;19028.390625;291.2101135253906;16702.43359375;0;144;0;;2.1591796875;186539;m2;203559;0;
..\..\world\lordaeron\alteracmountains\passivedoodads\trees\alteractree04.m2;18665.486328125;62.22877502441406;16612.099609375;0;153.60455322265625;0;;0.8427734375;192739;m2;203620;0;
..\..\world\lordaeron\alteracmountains\passivedoodads\trees\alteractree04.m2;18688.81640625;79.82657623291016;16638.859375;0;233.6643829345703;0;;0.8310546875;192738;m2;203620;0;
..\..\world\lordaeron\aeriepeaks\passivedoodads\boulders\aerieboulder04.m2;19123.3125;164.22032165527344;16787.052734375;0;6.5;0;;1;189130;m2;203561;0;
..\..\world\khazmodan\wetlands\passivedoodads\trees\wetlandstreestump02.m2;18667.642578125;193.82614135742188;17022.224609375;0;133.62759399414062;0;;1.1552734375;354324;m2;203540;0;
..\..\world\lordaeron\alteracmountains\passivedoodads\trees\alteractree04.m2;18731.36328125;208.81114196777344;16898.984375;0;83.2811279296875;0;;0.78515625;355610;m2;203620;0;
..\..\world\azeroth\redridge\passivedoodads\trees\redridgefallentree02moss.m2;19151.779296875;112.27011108398438;16967.884765625;0;321.5;0;;1;362916;m2;190117;0;
..\..\world\lordaeron\aeriepeaks\passivedoodads\trees\aerietree05.m2;19095.595703125;151.3258514404297;16848.458984375;0;0;2.499999523162842;;0.869140625;191844;m2;203591;0;
..\..\world\lordaeron\aeriepeaks\passivedoodads\trees\aerietree05.m2;19161.544921875;129.14830017089844;17013.736328125;0;52;0;;0.8798828125;363151;m2;203591;0;
..\..\world\lordaeron\alteracmountains\passivedoodads\trees\alteractree04.m2;18663.619140625;65.28339385986328;16636.60546875;0;336.32373046875;0;;0.767578125;192737;m2;203620;0;
..\..\world\azeroth\redridge\passivedoodads\trees\redridgefallentree02moss.m2;18736.486328125;206.30078125;16903.08203125;2.5;18.5;-37.50000762939453;;0.9091796875;355660;m2;190117;0;
..\..\world\lordaeron\aeriepeaks\passivedoodads\boulders\aerieboulder02.m2;19147.650390625;121.52628326416016;16818.34375;0;95;0;;1.849609375;189071;m2;203559;0;
..\..\world\lordaeron\aeriepeaks\passivedoodads\boulders\aerieboulder03.m2;19052.33984375;124.29580688476562;16972.21875;-6.5;236.5;6;;1.689453125;189132;m2;203560;0;
..\..\world\lordaeron\aeriepeaks\passivedoodads\trees\aerietree05.m2;19153.185546875;115.5376968383789;16883.126953125;0;317;0;;0.7998046875;189173;m2;203591;0;
..\..\world\lordaeron\aeriepeaks\passivedoodads\trees\aerietree05.m2;19137.25390625;113.0016098022461;16983.7734375;0;354.5;0;;0.7998046875;363137;m2;203591;0;
..\..\world\lordaeron\aeriepeaks\passivedoodads\trees\aerietree05.m2;19092.375;168.7512969970703;16817.87109375;0;104;0;;0.7890625;189171;m2;203591;0;
..\..\world\khazmodan\wetlands\passivedoodads\trees\wetlandstreestump02.m2;19163.306640625;112.78150177001953;16992.318359375;0;311;0;;1;362915;m2;203540;0;
..\..\world\lordaeron\aeriepeaks\passivedoodads\trees\aerietree05.m2;18999.1796875;154.4568634033203;16960.505859375;0;342.5;0;;0.759765625;188681;m2;203591;0;
..\..\world\critter\butterflies\butterflypurple01.m2;19065.666015625;145.59051513671875;16848.033203125;0;104;0;;1.94921875;363187;m2;190726;0;
..\..\world\generic\human\passivedoodads\flagpole\flagpole01.m2;19078.376953125;191.41505432128906;16779.205078125;0;134;0;;1;391446;m2;198199;0;
..\..\world\lordaeron\aeriepeaks\passivedoodads\trees\aerietree05.m2;19017.033203125;156.4918212890625;17040.552734375;0;0;0;;0.7197265625;566224;m2;203591;0;
..\..\world\lordaeron\alteracmountains\passivedoodads\trees\alteractree04.m2;18668.892578125;194.098388671875;17027.611328125;0;341.3665771484375;0;;0.6240234375;354326;m2;203620;0;
..\..\world\generic\human\passivedoodads\gryphonroost\gryphonroost01.m2;19065.095703125;193.962646484375;16781.392578125;0;67;0;;1;391442;m2;198261;0;
..\..\world\lordaeron\aeriepeaks\passivedoodads\trees\aerietree05.m2;19108.93359375;134.9300079345703;16873.828125;0;354.5;0;;0.689453125;189141;m2;203591;0;
..\..\world\lordaeron\aeriepeaks\passivedoodads\trees\aerietree05.m2;18975.84765625;153.08616638183594;17053.8046875;0;49.832550048828125;0;;0.689453125;566287;m2;203591;0;
..\..\world\lordaeron\aeriepeaks\passivedoodads\trees\aerietree05.m2;18871.296875;312.3212890625;16816.705078125;0;0;0;;0.669921875;178945;m2;203591;0;
..\..\world\generic\dwarf\passivedoodads\excavationwaterwagon\excavationwaterwagon.m2;19125.16796875;112.72109985351562;16975.658203125;-1.5;40;-3.0000007152557373;;1;363146;m2;197394;0;
..\..\world\lordaeron\alteracmountains\passivedoodads\bushes\alteracshrub02.m2;18750.490234375;208.09759521484375;16878.830078125;17.000001907348633;53.82366943359375;8.000001907348633;;1.1630859375;355620;m2;203596;0;
..\..\world\lordaeron\alteracmountains\passivedoodads\bushes\alteracshrub02.m2;18727.775390625;233.53594970703125;16937.455078125;8.499995231628418;78.63156127929688;-33;;1.2138671875;355614;m2;203596;0;
..\..\world\lordaeron\alteracmountains\passivedoodads\bushes\alteracshrub02.m2;18776.189453125;211.3082733154297;16928.611328125;11.500000953674316;301.4960021972656;17;;1.1103515625;355624;m2;203596;0;
..\..\world\generic\human\passivedoodads\shack\shack.m2;19129.1484375;112.99130249023438;16985.265625;0;181;0;;1;363124;m2;198459;0;
..\..\world\lordaeron\alteracmountains\passivedoodads\bushes\alteracshrub02.m2;18767.166015625;217.04638671875;16948.005859375;-17.5;317.42669677734375;3.9999990463256836;;1.0791015625;355615;m2;203596;0;
..\..\world\lordaeron\aeriepeaks\passivedoodads\trees\aerietree05.m2;19166.759765625;130.47476196289062;17017.087890625;0;211.5;0;;0.58984375;363152;m2;203591;0;
..\..\world\lordaeron\aeriepeaks\passivedoodads\trees\aerietree05.m2;19163.49609375;119.56977081298828;16843.072265625;0;0;0;;0.58984375;191836;m2;203591;0;
..\..\world\lordaeron\alteracmountains\passivedoodads\bushes\alteracshrub02.m2;18823.197265625;222.74876403808594;17011.55859375;-3.000000238418579;49.121368408203125;12.500000953674316;;1.0791015625;355626;m2;203596;0;
..\..\world\lordaeron\alteracmountains\passivedoodads\bushes\alteracshrub02.m2;18792.361328125;222.50494384765625;17028.564453125;-6.500000476837158;208.99929809570312;11.5;;1.0947265625;355630;m2;203596;0;
..\..\world\lordaeron\alteracmountains\passivedoodads\bushes\alteracshrub02.m2;18768.1640625;217.6931915283203;16949.689453125;-16.5;25.115509033203125;-21.999996185302734;;1.0908203125;355616;m2;203596;0;
..\..\world\critter\butterflies\butterflypurple01.m2;19146.423828125;123.27068328857422;16827.12890625;0;42.5;0;;1.259765625;363186;m2;190726;0;
..\..\world\azeroth\swamposorrow\passivedoodads\plants\swampofsorrowlilypad01.m2;18749.455078125;206.84519958496094;16916.462890625;0;50.923187255859375;0;;1.2138671875;355651;m2;190375;0;
..\..\world\generic\dwarf\passivedoodads\tavernstuff\grainsacs01.m2;19076.166015625;194.12057495117188;16770.697265625;0;35;0;;1;669742;m2;197607;0;
..\..\world\lordaeron\alteracmountains\passivedoodads\bushes\alteracshrub02.m2;18731.701171875;233.4188995361328;16938.892578125;-28.5;301.1114807128906;9.500001907348633;;0.9462890625;355613;m2;203596;0;
..\..\world\lordaeron\aeriepeaks\passivedoodads\trees\aerietree05.m2;19041.876953125;156.73411560058594;17011.78125;0;27.582122802734375;0;;0.51953125;566295;m2;203591;0;
..\..\world\lordaeron\aeriepeaks\passivedoodads\trees\aerietree05.m2;19082.2890625;179.27801513671875;16795.986328125;0;7.5;0;;0.51953125;603980;m2;203591;0;
..\..\world\lordaeron\alteracmountains\passivedoodads\bushes\alteracshrub02.m2;18790.0546875;223.05014038085938;17026.978515625;-17;303.5615234375;-4.499999046325684;;0.9521484375;355631;m2;203596;0;
..\..\world\lordaeron\aeriepeaks\passivedoodads\bushes\aeriepeaksbush01.m2;18920.65234375;199.4393310546875;17058.138671875;-28.499998092651367;248.91383361816406;-3;;1.390625;186675;m2;203565;0;
..\..\world\lordaeron\aeriepeaks\passivedoodads\trees\aerietree05.m2;18993.48828125;153.776123046875;17043.70703125;0;43.201416015625;0;;0.5;566279;m2;203591;0;
..\..\world\lordaeron\aeriepeaks\passivedoodads\bushes\aeriepeaksbush01.m2;18939.2421875;306.1072998046875;16716.76171875;0;308.3736572265625;0;;1.4892578125;186748;m2;203565;0;
..\..\world\khazmodan\wetlands\passivedoodads\trees\wetlandstreestump02.m2;19016.78125;155.4453125;17039.12890625;-2.999999761581421;8.41015625;9.999998092651367;;0.6494140625;566223;m2;203540;0;
..\..\world\generic\dwarf\passivedoodads\tavernstuff\grainsacs01.m2;19052.939453125;145.5852813720703;16866.798828125;0;0;0;;1;566328;m2;197607;0;
..\..\world\lordaeron\aeriepeaks\passivedoodads\bushes\aeriepeaksbush02.m2;19029.947265625;274.69989013671875;16706.48046875;0;40.321044921875;0;;1.427734375;186696;m2;203566;0;
..\..\world\lordaeron\aeriepeaks\passivedoodads\bushes\aeriepeaksbush02.m2;19023.5625;334.5674743652344;16631.7421875;0;150.02288818359375;0;;1.46484375;186731;m2;203566;0;
..\..\world\lordaeron\alteracmountains\passivedoodads\bushes\alteracshrub02.m2;18827.716796875;223.09010314941406;17017.703125;17.5;252.8031463623047;-14.999999046325684;;0.990234375;355628;m2;203596;0;
..\..\world\lordaeron\aeriepeaks\passivedoodads\bushes\aeriepeaksbush01.m2;19046.98046875;280.2345275878906;16713.3359375;0;38.34344482421875;0;;1.4521484375;186694;m2;203565;0;
..\..\world\lordaeron\aeriepeaks\passivedoodads\bushes\aeriepeaksbush01.m2;19027.837890625;337.6547546386719;16640.123046875;0;214.22894287109375;0;;1.462890625;186717;m2;203565;0;
..\..\world\lordaeron\alteracmountains\passivedoodads\bushes\alteracshrub02.m2;18821.833984375;222.6235809326172;17010.1015625;-21.999998092651367;132.6309814453125;-10.000000953674316;;0.857421875;355627;m2;203596;0;
..\..\world\lordaeron\aeriepeaks\passivedoodads\bushes\aeriepeaksbush01.m2;19141.455078125;110.6314926147461;16910.412109375;0;308.2747802734375;0;;1.431640625;185699;m2;203565;0;
..\..\world\lordaeron\aeriepeaks\passivedoodads\bushes\aeriepeaksbush01.m2;18929.701171875;208.1243133544922;16975.826171875;0;124.37999725341797;0;;1.4267578125;186681;m2;203565;0;
..\..\world\lordaeron\aeriepeaks\passivedoodads\bushes\aeriepeaksbush02.m2;18918.96875;201.6839141845703;17057.1484375;34.500003814697266;88.67337036132812;9.00000286102295;;1.3486328125;186676;m2;203566;0;
..\..\world\lordaeron\aeriepeaks\passivedoodads\bushes\aeriepeaksbush01.m2;19188.673828125;108.61636352539062;17001.435546875;0;142.0416259765625;0;;1.3994140625;185831;m2;203565;0;
..\..\world\lordaeron\aeriepeaks\passivedoodads\bushes\aeriepeaksbush01.m2;18939.669921875;299.43359375;16727.669921875;0;33.91583251953125;0;;1.4111328125;186594;m2;203565;0;
..\..\world\lordaeron\alteracmountains\passivedoodads\bushes\alteracshrub02.m2;18774.84765625;209.4292449951172;16924.421875;-18.999998092651367;93.82611083984375;-13.500000953674316;;1.0166015625;355623;m2;203596;0;
..\..\world\lordaeron\aeriepeaks\passivedoodads\bushes\aeriepeaksbush02.m2;19143.6796875;104.4375228881836;16926.638671875;0;73.1241455078125;0;;1.490234375;185704;m2;203566;0;
..\..\world\lordaeron\alteracmountains\passivedoodads\bushes\alteracshrub02.m2;18786.060546875;211.59976196289062;16886.51953125;-15.000000953674316;37.332672119140625;10.999999046325684;;0.822265625;355622;m2;203596;0;
..\..\world\lordaeron\aeriepeaks\passivedoodads\bushes\aeriepeaksbush01.m2;18964.154296875;152.92396545410156;17067.552734375;0;297.2661437988281;0;;1.3916015625;185574;m2;203565;0;
..\..\world\lordaeron\aeriepeaks\passivedoodads\bushes\aeriepeaksbush01.m2;19192.830078125;103.53504943847656;16867.359375;0;29.147613525390625;0;;1.37109375;185912;m2;203565;0;
..\..\world\lordaeron\aeriepeaks\passivedoodads\boulders\aerieboulder02.m2;19098.3671875;152.26258850097656;16844.8984375;0;0;0;;1;191843;m2;203559;0;
..\..\world\lordaeron\aeriepeaks\passivedoodads\bushes\aeriepeaksbush01.m2;19006.3203125;331.9583740234375;16604.86328125;0;119.08447265625;0;;1.3662109375;186738;m2;203565;0;
..\..\world\lordaeron\aeriepeaks\passivedoodads\bushes\aeriepeaksbush01.m2;18924.638671875;300.4134521484375;16711.408203125;0;47.8798828125;0;;1.318359375;186593;m2;203565;0;
..\..\world\lordaeron\aeriepeaks\passivedoodads\bushes\aeriepeaksbush01.m2;18937.673828125;208.9507293701172;17021.408203125;0;161.30621337890625;0;;1.4482421875;186671;m2;203565;0;
..\..\world\lordaeron\aeriepeaks\passivedoodads\bushes\aeriepeaksbush01.m2;18928.91015625;209.890380859375;16978.783203125;0;300.6060791015625;0;;1.3466796875;186680;m2;203565;0;
..\..\world\azeroth\swamposorrow\passivedoodads\plants\swampofsorrowlilypad01.m2;18745.1875;206.8554229736328;16890.546875;0;207.53807067871094;0;;1.00390625;355650;m2;190375;0;
..\..\world\lordaeron\aeriepeaks\passivedoodads\bushes\aeriepeaksbush01.m2;18939.84765625;208.06141662597656;17026.84375;0;18.743255615234375;0;;1.439453125;186672;m2;203565;0;
..\..\world\lordaeron\aeriepeaks\passivedoodads\bushes\aeriepeaksbush02.m2;18929.232421875;209.7605743408203;16983.34375;0;102.75823974609375;0;;1.490234375;186679;m2;203566;0;
..\..\world\lordaeron\aeriepeaks\passivedoodads\bushes\aeriepeaksbush02.m2;18955.783203125;155.68270874023438;17068.21484375;0;255.36300659179688;0;;1.458984375;185577;m2;203566;0;
..\..\world\lordaeron\alteracmountains\passivedoodads\bushes\alteracshrub02.m2;18782.587890625;215.42555236816406;16862.7578125;-2.4999985694885254;105.38408660888672;21.499996185302734;;0.869140625;355621;m2;203596;0;
..\..\world\lordaeron\aeriepeaks\passivedoodads\bushes\aeriepeaksbush02.m2;18947.73828125;314.5163269042969;16635.513671875;0;48.60498046875;0;;1.275390625;186742;m2;203566;0;
..\..\world\lordaeron\aeriepeaks\passivedoodads\trees\aerietree05.m2;19014.763671875;155.72386169433594;17040.4375;0;106.5;0;;0.4296875;566225;m2;203591;0;
..\..\world\lordaeron\alteracmountains\passivedoodads\bushes\alteracshrub02.m2;18731.4921875;209.54354858398438;16900.53515625;0;161.43804931640625;0;;0.974609375;355617;m2;203596;0;
..\..\world\lordaeron\aeriepeaks\passivedoodads\bushes\aeriepeaksbush02.m2;18951.88671875;312.55828857421875;16627.2890625;0;245.88153076171875;0;;1.3095703125;186741;m2;203566;0;
..\..\world\azeroth\swamposorrow\passivedoodads\plants\swampofsorrowlilypad01.m2;18749.630859375;206.88812255859375;16889.97265625;0;9.82208251953125;0;;1.1025390625;355646;m2;190375;0;
..\..\world\lordaeron\aeriepeaks\passivedoodads\bushes\aeriepeaksbush02.m2;18936.037109375;292.0554504394531;16743.06640625;0;250.01251220703125;0;;1.3330078125;186596;m2;203566;0;
..\..\world\lordaeron\alteracmountains\passivedoodads\bushes\alteracshrub02.m2;18784.30859375;226.050048828125;17036.083984375;5.499999523162842;128.642822265625;8.499999046325684;;0.7890625;355632;m2;203596;0;
..\..\world\lordaeron\aeriepeaks\passivedoodads\bushes\aeriepeaksbush01.m2;19198.73828125;103.77435302734375;16867.78125;0;27.7962646484375;0;;1.28515625;185911;m2;203565;0;
..\..\world\lordaeron\aeriepeaks\passivedoodads\bushes\aeriepeaksbush01.m2;19032.765625;283.1840515136719;16704.671875;0;143.474853515625;0;;1.232421875;186698;m2;203565;0;
..\..\world\lordaeron\alteracmountains\passivedoodads\bushes\alteracshrub02.m2;18667.798828125;194.04673767089844;17026.62890625;0;90.66195678710938;0;;1.1640625;354327;m2;203596;0;
..\..\world\lordaeron\aeriepeaks\passivedoodads\bushes\aeriepeaksbush02.m2;19029.169921875;334.7242736816406;16634.798828125;0;237.66351318359375;0;;1.197265625;186718;m2;203566;0;
..\..\world\lordaeron\aeriepeaks\passivedoodads\bushes\aeriepeaksbush02.m2;19018.099609375;339.547607421875;16650.052734375;0;217.04151916503906;0;;1.1806640625;186735;m2;203566;0;
..\..\world\lordaeron\aeriepeaks\passivedoodads\bushes\aeriepeaksbush01.m2;19197.6953125;107.12033081054688;16858.625;0;65.63433837890625;0;;1.26171875;185910;m2;203565;0;
..\..\world\lordaeron\aeriepeaks\passivedoodads\bushes\aeriepeaksbush02.m2;19008.12109375;154.7050018310547;17043.74609375;-4.000000476837158;147.9134521484375;-5.500000476837158;;1.1298828125;566209;m2;203566;0;
..\..\world\lordaeron\aeriepeaks\passivedoodads\bushes\aeriepeaksbush02.m2;19058.01953125;327.9386291503906;16623.416015625;0;187.03695678710938;0;;1.4501953125;186716;m2;203566;0;
..\..\world\lordaeron\aeriepeaks\passivedoodads\bushes\aeriepeaksbush02.m2;19037.357421875;156.9033203125;17016.005859375;0;37.99188232421875;0;;1.169921875;566300;m2;203566;0;
..\..\world\lordaeron\aeriepeaks\passivedoodads\bushes\aeriepeaksbush01.m2;19052.294921875;123.85487365722656;16903.849609375;0;282.8516540527344;0;;1.376953125;185658;m2;203565;0;
..\..\world\lordaeron\aeriepeaks\passivedoodads\bushes\aeriepeaksbush02.m2;19054.345703125;328.6857604980469;16621.86328125;0;135.16891479492188;0;;1.162109375;186714;m2;203566;0;
..\..\world\lordaeron\alteracmountains\passivedoodads\bushes\alteracshrub02.m2;18736.935546875;208.3759307861328;16894.51171875;8.5;5.39447021484375;-11.000000953674316;;0.931640625;355619;m2;203596;0;
..\..\world\lordaeron\aeriepeaks\passivedoodads\bushes\aeriepeaksbush02.m2;18920.16796875;298.5914611816406;16715.55859375;0;122.95175170898438;0;;1.1767578125;186590;m2;203566;0;
..\..\world\generic\dwarf\passivedoodads\tavernstuff\alekegs01.m2;19047.470703125;146.07920837402344;16866.1015625;0;45.5;0;;1;566327;m2;197602;0;
..\..\world\lordaeron\aeriepeaks\passivedoodads\bushes\aeriepeaksbush02.m2;19055.236328125;132.7086944580078;16931.333984375;-4.499999523162842;335.763427734375;-7.000000476837158;;1.1494140625;566292;m2;203566;0;
..\..\world\lordaeron\alteracmountains\passivedoodads\bushes\alteracshrub02.m2;18666.572265625;193.49728393554688;17021.619140625;-7.500000476837158;139.14608764648438;-2.500000238418579;;0.7607421875;354328;m2;203596;0;
..\..\world\khazmodan\wetlands\passivedoodads\trees\wetlandstreestump02.m2;18977.076171875;152.57241821289062;17054.001953125;0;266.08544921875;0;;0.58984375;566284;m2;203540;0;
..\..\world\lordaeron\aeriepeaks\passivedoodads\bushes\aeriepeaksbush01.m2;19155.857421875;112.69406127929688;16973.4296875;0;122.3526611328125;0;;1.1962890625;185830;m2;203565;0;
..\..\world\lordaeron\aeriepeaks\passivedoodads\bushes\aeriepeaksbush02.m2;18944.34375;337.5889587402344;16697.408203125;0;306.38507080078125;0;;1.1572265625;186744;m2;203566;0;
..\..\world\lordaeron\aeriepeaks\passivedoodads\bushes\aeriepeaksbush02.m2;19045.064453125;139.2768096923828;16948.794921875;0;183.8837890625;0;;1.4853515625;185663;m2;203566;0;
..\..\world\lordaeron\aeriepeaks\passivedoodads\bushes\aeriepeaksbush01.m2;19105.958984375;115.65679168701172;16963.619140625;0;262.9877624511719;0;;1.435546875;185653;m2;203565;0;
..\..\world\lordaeron\aeriepeaks\passivedoodads\bushes\aeriepeaksbush01.m2;18924.482421875;308.78790283203125;16695.345703125;0;320.7117004394531;0;;1.1572265625;186746;m2;203565;0;
..\..\world\azeroth\swamposorrow\passivedoodads\plants\swampofsorrowlilypad01.m2;18746.8359375;206.88607788085938;16911.8046875;0;105.14240264892578;0;;0.951171875;355652;m2;190375;0;
..\..\world\lordaeron\aeriepeaks\passivedoodads\bushes\aeriepeaksbush01.m2;18957.611328125;155.67822265625;17066.54296875;0;348.1783447265625;0;;1.3369140625;185573;m2;203565;0;
..\..\world\lordaeron\aeriepeaks\passivedoodads\bushes\aeriepeaksbush01.m2;18923.7109375;298.8909606933594;16717.9296875;0;191.37669372558594;0;;1.3408203125;186589;m2;203565;0;
..\..\world\lordaeron\aeriepeaks\passivedoodads\bushes\aeriepeaksbush02.m2;18935.705078125;208.9268798828125;17018.142578125;0;6.976226806640625;0;;1.384765625;186674;m2;203566;0;
..\..\world\lordaeron\aeriepeaks\passivedoodads\bushes\aeriepeaksbush01.m2;19079.97265625;119.89032745361328;16987.52734375;0;52.0218505859375;-15.000000953674316;;1.041015625;185710;m2;203565;0;
..\..\world\lordaeron\alteracmountains\passivedoodads\bushes\alteracshrub02.m2;18776.1171875;221.6002655029297;16970.9921875;6.499999523162842;173.98480224609375;12.999999046325684;;0.873046875;355625;m2;203596;0;
..\..\world\critter\butterflies\butterflypurple01.m2;19155.111328125;112.86638641357422;16972.814453125;0;3;0;;1.109375;363138;m2;190726;0;
..\..\world\lordaeron\aeriepeaks\passivedoodads\bushes\aeriepeaksbush02.m2;18936.515625;209.0658416748047;17016.123046875;0;17.24908447265625;0;;1.2255859375;186673;m2;203566;0;
..\..\world\lordaeron\aeriepeaks\passivedoodads\bushes\aeriepeaksbush02.m2;19015.138671875;155.06826782226562;17037.455078125;0;345;0;;1.25;566227;m2;203566;0;
..\..\world\lordaeron\aeriepeaks\passivedoodads\bushes\aeriepeaksbush02.m2;19099.935546875;136.3167266845703;16861.806640625;-10.5;308.8241271972656;-5;;1;566358;m2;203566;0;
..\..\world\lordaeron\aeriepeaks\passivedoodads\bushes\aeriepeaksbush01.m2;19003.80859375;332.7062683105469;16607.28125;0;350.7931823730469;0;;1.3525390625;186737;m2;203565;0;
..\..\world\lordaeron\aeriepeaks\passivedoodads\bushes\aeriepeaksbush01.m2;19057.630859375;130.2945556640625;16945.001953125;0;3.4498291015625;0;;1.45703125;185659;m2;203565;0;
..\..\world\lordaeron\aeriepeaks\passivedoodads\bushes\aeriepeaksbush02.m2;18919.4296875;298.54656982421875;16717.505859375;0;174.852783203125;0;;1.388671875;186591;m2;203566;0;
..\..\world\lordaeron\aeriepeaks\passivedoodads\bushes\aeriepeaksbush01.m2;18949.236328125;313.44036865234375;16631.9921875;0;215.55833435058594;0;;1.119140625;186743;m2;203565;0;
..\..\world\lordaeron\aeriepeaks\passivedoodads\bushes\aeriepeaksbush02.m2;19010.7265625;233.51353454589844;16763.275390625;0;16.688751220703125;0;;1.2109375;186620;m2;203566;0;
..\..\world\azeroth\swamposorrow\passivedoodads\plants\swampofsorrowlilypad01.m2;18770.970703125;206.88946533203125;16890.51171875;0;79.378662109375;0;;0.955078125;355655;m2;190375;0;
..\..\world\lordaeron\aeriepeaks\passivedoodads\bushes\aeriepeaksbush02.m2;19048.935546875;135.79541015625;16951.052734375;0;259.3621520996094;0;;1.2734375;185664;m2;203566;0;
..\..\world\lordaeron\aeriepeaks\passivedoodads\bushes\aeriepeaksbush01.m2;18950.126953125;161.4825897216797;17067.40234375;0;253.6710662841797;0;;1.22265625;185575;m2;203565;0;
..\..\world\lordaeron\aeriepeaks\passivedoodads\bushes\aeriepeaksbush02.m2;19146.61328125;103.95625305175781;16927.68359375;0;50.791351318359375;0;;1.0693359375;185703;m2;203566;0;
..\..\world\lordaeron\aeriepeaks\passivedoodads\bushes\aeriepeaksbush02.m2;19150.2734375;106.77641296386719;16916.283203125;0;52.3184814453125;0;;1.064453125;185705;m2;203566;0;
..\..\world\lordaeron\alteracmountains\passivedoodads\bushes\alteracshrub02.m2;18731.724609375;209.7152862548828;16897.72265625;0;193.7278289794922;0;;0.8603515625;355618;m2;203596;0;
..\..\world\azeroth\swamposorrow\passivedoodads\plants\swampofsorrowlilypad01.m2;18745.9765625;206.9352569580078;16896.482421875;0;357.4840393066406;0;;1.0380859375;355645;m2;190375;0;
..\..\world\lordaeron\aeriepeaks\passivedoodads\bushes\aeriepeaksbush01.m2;19118.736328125;113.03077697753906;16972.150390625;0;99.7479248046875;0;;1.294921875;185655;m2;203565;0;
..\..\world\lordaeron\aeriepeaks\passivedoodads\bushes\aeriepeaksbush01.m2;18925.91015625;309.7677307128906;16698.515625;0;277.32537841796875;0;;1.330078125;186747;m2;203565;0;
..\..\world\lordaeron\aeriepeaks\passivedoodads\bushes\aeriepeaksbush01.m2;19048.794921875;128.5375518798828;16911.11328125;0;330.36895751953125;0;;1.1044921875;185656;m2;203565;0;
..\..\world\lordaeron\aeriepeaks\passivedoodads\bushes\aeriepeaksbush02.m2;19012.923828125;151.4436492919922;16959.09375;9.5;152.76953125;-3.999999523162842;;1;566291;m2;203566;0;
..\..\world\lordaeron\aeriepeaks\passivedoodads\bushes\aeriepeaksbush01.m2;19022.40234375;334.491943359375;16629.328125;0;256.3408203125;0;;1.2333984375;186732;m2;203565;0;
..\..\world\lordaeron\aeriepeaks\passivedoodads\bushes\aeriepeaksbush02.m2;18974.23828125;153.7725067138672;17057.615234375;2;139.3438720703125;5.499999523162842;;1;566288;m2;203566;0;
..\..\world\lordaeron\aeriepeaks\passivedoodads\bushes\aeriepeaksbush02.m2;18966.677734375;322.84423828125;16608.779296875;0;217.94244384765625;0;;1.048828125;186740;m2;203566;0;
..\..\world\lordaeron\aeriepeaks\passivedoodads\bushes\aeriepeaksbush01.m2;19100.388671875;116.4178466796875;16965.189453125;0;42.51837158203125;0;;1.0634765625;185654;m2;203565;0;
..\..\world\lordaeron\aeriepeaks\passivedoodads\bushes\aeriepeaksbush02.m2;19200.7734375;104.3702621459961;16865.330078125;0;115.8653564453125;0;;1.0927734375;185907;m2;203566;0;
..\..\world\lordaeron\aeriepeaks\passivedoodads\bushes\aeriepeaksbush01.m2;18936.01953125;280.12994384765625;16834.484375;0;140.0360107421875;0;;1.0625;186655;m2;203565;0;
..\..\world\lordaeron\aeriepeaks\passivedoodads\bushes\aeriepeaksbush02.m2;18937.064453125;291.6562805175781;16744.125;0;120.42484283447266;0;;1.0654296875;186595;m2;203566;0;
..\..\world\lordaeron\aeriepeaks\passivedoodads\bushes\aeriepeaksbush02.m2;19188.8984375;101.07430267333984;16930.212890625;0;134.27899169921875;0;;1.025390625;185827;m2;203566;0;
..\..\world\lordaeron\aeriepeaks\passivedoodads\bushes\aeriepeaksbush02.m2;19031.923828125;334.4767761230469;16635.486328125;0;221.7987518310547;0;;1.017578125;186720;m2;203566;0;
..\..\world\lordaeron\aeriepeaks\passivedoodads\bushes\aeriepeaksbush02.m2;19189.19921875;101.1744384765625;16919.5546875;0;36.3658447265625;0;;1.0205078125;185825;m2;203566;0;
..\..\world\lordaeron\aeriepeaks\passivedoodads\bushes\aeriepeaksbush02.m2;19199.30859375;102.77752685546875;16925.392578125;0;353.04541015625;0;;1.259765625;185862;m2;203566;0;
..\..\world\lordaeron\aeriepeaks\passivedoodads\bushes\aeriepeaksbush01.m2;19031.416015625;333.45318603515625;16632.4609375;0;208.46095275878906;0;;1.068359375;186719;m2;203565;0;
..\..\world\lordaeron\aeriepeaks\passivedoodads\bushes\aeriepeaksbush02.m2;19007.390625;269.48126220703125;16743.232421875;0;9.94293212890625;0;;1.2119140625;186691;m2;203566;0;
..\..\world\lordaeron\aeriepeaks\passivedoodads\bushes\aeriepeaksbush02.m2;19107.73828125;115.50760650634766;16972.509765625;0;108.1527099609375;0;;1.1171875;185652;m2;203566;0;
..\..\world\lordaeron\alteracmountains\passivedoodads\bushes\alteracshrub02.m2;18798.09375;220.14566040039062;17026.123046875;2;187.19076538085938;16.500001907348633;;0.767578125;355629;m2;203596;0;
..\..\world\lordaeron\aeriepeaks\passivedoodads\bushes\aeriepeaksbush01.m2;19032.740234375;290.5380859375;16703.111328125;0;227.8414306640625;0;;1.029296875;186697;m2;203565;0;
..\..\world\lordaeron\aeriepeaks\passivedoodads\bushes\aeriepeaksbush01.m2;18920.802734375;213.06149291992188;17049.837890625;0;35.4100341796875;0;;1.0390625;186677;m2;203565;0;
..\..\world\lordaeron\aeriepeaks\passivedoodads\bushes\aeriepeaksbush01.m2;19050.076171875;328.2848205566406;16624.455078125;0;278.14935302734375;0;;1.2548828125;186715;m2;203565;0;
..\..\world\lordaeron\aeriepeaks\passivedoodads\bushes\aeriepeaksbush01.m2;19026.955078125;305.6627502441406;16701.056640625;0;82.23516845703125;0;;1.2607421875;186699;m2;203565;0;
..\..\world\lordaeron\aeriepeaks\passivedoodads\bushes\aeriepeaksbush02.m2;19000.41796875;332.78765869140625;16599.408203125;0;0.59326171875;0;;1.365234375;186739;m2;203566;0;
..\..\world\lordaeron\aeriepeaks\passivedoodads\bushes\aeriepeaksbush01.m2;18904.455078125;293.6184387207031;16760.642578125;0;316.7894287109375;0;;1.017578125;186638;m2;203565;0;
..\..\world\lordaeron\aeriepeaks\passivedoodads\bushes\aeriepeaksbush02.m2;19053.107421875;134.84445190429688;16944.798828125;0;320.01953125;0;;0.998046875;185662;m2;203566;0;
..\..\world\lordaeron\aeriepeaks\passivedoodads\bushes\aeriepeaksbush01.m2;18963.326171875;292.5597839355469;16738.642578125;0;58.721160888671875;0;;1.03125;186631;m2;203565;0;
..\..\world\lordaeron\aeriepeaks\passivedoodads\bushes\aeriepeaksbush02.m2;19091.310546875;140.1911163330078;16864.298828125;0;55.8671875;0;;1;566360;m2;203566;0;
..\..\world\lordaeron\aeriepeaks\passivedoodads\bushes\aeriepeaksbush01.m2;18970.703125;260.0830993652344;16772.009765625;0;70.73214721679688;0;;1.08984375;186640;m2;203565;0;
..\..\world\lordaeron\aeriepeaks\passivedoodads\bushes\aeriepeaksbush02.m2;19048.05859375;135.924072265625;16935.41015625;-17.5;290.17974853515625;13;;0.9296875;566294;m2;203566;0;
..\..\world\lordaeron\aeriepeaks\passivedoodads\bushes\aeriepeaksbush02.m2;18912.798828125;196.69586181640625;17062.15625;0;160.2734375;0;;1.0576171875;186678;m2;203566;0;
..\..\world\lordaeron\aeriepeaks\passivedoodads\bushes\aeriepeaksbush01.m2;19017.115234375;339.7547912597656;16648.60546875;0;3.087249755859375;0;;1.291015625;186736;m2;203565;0;
..\..\world\lordaeron\aeriepeaks\passivedoodads\bushes\aeriepeaksbush02.m2;19043.353515625;156.33802795410156;17012.609375;0;10.49224853515625;0;;1.146484375;185564;m2;203566;0;
..\..\world\lordaeron\aeriepeaks\passivedoodads\bushes\aeriepeaksbush01.m2;19012.1484375;157.28134155273438;17051.654296875;0;161.66876220703125;0;;1.083984375;185571;m2;203565;0;
..\..\world\lordaeron\aeriepeaks\passivedoodads\bushes\aeriepeaksbush02.m2;19066.408203125;170.5174102783203;16818.798828125;0;237.83929443359375;0;;0.978515625;191980;m2;203566;0;
..\..\world\lordaeron\aeriepeaks\passivedoodads\boulders\aerieboulder03.m2;19096.001953125;119.85196685791016;16915.16015625;0;0;0;;1;191833;m2;203560;0;
..\..\world\lordaeron\aeriepeaks\passivedoodads\bushes\aeriepeaksbush01.m2;19075.923828125;119.11554718017578;16985.90625;0;236.0264892578125;0;;0.986328125;185649;m2;203565;0;
..\..\world\lordaeron\aeriepeaks\passivedoodads\bushes\aeriepeaksbush02.m2;19171.35546875;122.6695327758789;16793.953125;0;26.08233642578125;0;;0.9951171875;191907;m2;203566;0;
..\..\world\lordaeron\aeriepeaks\passivedoodads\bushes\aeriepeaksbush02.m2;19052.58203125;145.4730224609375;16862.96875;0;133.13638305664062;0;;0.9482421875;191956;m2;203566;0;
..\..\world\lordaeron\aeriepeaks\passivedoodads\bushes\aeriepeaksbush02.m2;19190.794921875;101.25975036621094;16921.806640625;0;99.4842529296875;0;;1.1376953125;185824;m2;203566;0;
..\..\world\lordaeron\aeriepeaks\passivedoodads\bushes\aeriepeaksbush01.m2;19169.22265625;105.47061920166016;16899.298828125;0;123.21542358398438;0;;0.97265625;390746;m2;203565;0;
..\..\world\azeroth\swamposorrow\passivedoodads\plants\swampofsorrowlilypad01.m2;18741.017578125;206.9142608642578;16902.634765625;0;272.5791320800781;0;;0.919921875;355649;m2;190375;0;
..\..\world\lordaeron\aeriepeaks\passivedoodads\bushes\aeriepeaksbush01.m2;19051.078125;123.27529907226562;16902.947265625;0;55.97705078125;0;;0.9658203125;185657;m2;203565;0;
..\..\world\lordaeron\aeriepeaks\passivedoodads\bushes\aeriepeaksbush02.m2;19118.25;170.1267852783203;16806.115234375;0;292.6263732910156;0;;1;566357;m2;203566;0;
..\..\world\lordaeron\aeriepeaks\passivedoodads\bushes\aeriepeaksbush02.m2;19155.625;117.1082534790039;16877.501953125;0;69.16104125976562;0;;1;566319;m2;203566;0;
..\..\world\lordaeron\aeriepeaks\passivedoodads\bushes\aeriepeaksbush01.m2;19095.251953125;120.7913589477539;16913.328125;0;131.4774169921875;0;;0.9384765625;191874;m2;203565;0;
..\..\world\lordaeron\aeriepeaks\passivedoodads\bushes\aeriepeaksbush02.m2;18979.1640625;152.56126403808594;17054.486328125;0;20.3472900390625;0;;1;566290;m2;203566;0;
..\..\world\azeroth\swamposorrow\passivedoodads\plants\swampofsorrowlilypad01.m2;18773.232421875;206.8670654296875;16897.041015625;0;259.34014892578125;0;;0.8134765625;355654;m2;190375;0;
..\..\world\lordaeron\aeriepeaks\passivedoodads\bushes\aeriepeaksbush01.m2;19166.484375;105.88091278076172;16903.994140625;0;60.4815673828125;0;;0.9560546875;390744;m2;203565;0;
..\..\world\lordaeron\aeriepeaks\passivedoodads\bushes\aeriepeaksbush02.m2;19161.97265625;116.38762664794922;16872.861328125;0;224.57838439941406;0;;0.9091796875;566317;m2;203566;0;
..\..\world\lordaeron\aeriepeaks\passivedoodads\bushes\aeriepeaksbush02.m2;19094.96875;118.303466796875;16939.755859375;0;227.9403076171875;0;;0.9013671875;191867;m2;203566;0;
..\..\world\lordaeron\aeriepeaks\passivedoodads\bushes\aeriepeaksbush01.m2;18934.462890625;321.7885437011719;16696.625;0;181.20303344726562;0;;1.240234375;186745;m2;203565;0;
..\..\world\lordaeron\aeriepeaks\passivedoodads\bushes\aeriepeaksbush02.m2;18966.52734375;295.7794189453125;16737.263671875;0;267.89666748046875;0;;1.1953125;186632;m2;203566;0;
..\..\world\lordaeron\aeriepeaks\passivedoodads\bushes\aeriepeaksbush01.m2;19052.25390625;176.24986267089844;16824.89453125;0;239.54220581054688;0;;0.935546875;191983;m2;203565;0;
..\..\world\lordaeron\aeriepeaks\passivedoodads\bushes\aeriepeaksbush02.m2;19122.466796875;169.29798889160156;16819.341796875;10.5;22.62152099609375;6;;0.849609375;566355;m2;203566;0;
..\..\world\lordaeron\aeriepeaks\passivedoodads\bushes\aeriepeaksbush01.m2;19095.02734375;151.6472930908203;16848.8984375;0;51.8350830078125;0;;0.8974609375;191964;m2;203565;0;
..\..\world\lordaeron\aeriepeaks\passivedoodads\bushes\aeriepeaksbush01.m2;19141.271484375;105.92550659179688;16920.453125;0;338.8067321777344;0;;0.9609375;185701;m2;203565;0;
..\..\world\lordaeron\aeriepeaks\passivedoodads\bushes\aeriepeaksbush01.m2;19164.759765625;119.07083892822266;16841.703125;0;197.13369750976562;0;;0.9921875;191892;m2;203565;0;
..\..\world\lordaeron\aeriepeaks\passivedoodads\bushes\aeriepeaksbush01.m2;18994.814453125;273.31903076171875;16752.552734375;0;75.4783935546875;0;;1.015625;186625;m2;203565;0;
..\..\world\lordaeron\aeriepeaks\passivedoodads\bushes\aeriepeaksbush02.m2;19124.359375;128.61813354492188;16843.296875;0;255.9013671875;0;;1;566361;m2;203566;0;
..\..\world\lordaeron\aeriepeaks\passivedoodads\bushes\aeriepeaksbush02.m2;19189.3984375;101.12664794921875;16930.236328125;0;318.33856201171875;0;;0.8671875;185826;m2;203566;0;
..\..\world\lordaeron\aeriepeaks\passivedoodads\bushes\aeriepeaksbush02.m2;19055.2890625;125.53922271728516;16974.650390625;0;138.82748413085938;0;;0.8671875;191862;m2;203566;0;
..\..\world\lordaeron\aeriepeaks\passivedoodads\bushes\aeriepeaksbush01.m2;19111.267578125;134.8016357421875;16873.443359375;0;214.71234130859375;0;;0.8876953125;191950;m2;203565;0;
..\..\world\lordaeron\aeriepeaks\passivedoodads\bushes\aeriepeaksbush02.m2;19110.771484375;169.9851531982422;16792.642578125;0;210.92196655273438;0;;0.8798828125;191976;m2;203566;0;
..\..\world\lordaeron\aeriepeaks\passivedoodads\bushes\aeriepeaksbush01.m2;19166.94921875;105.77274322509766;16903.568359375;0;146.61700439453125;0;;0.88671875;390743;m2;203565;0;
..\..\world\lordaeron\aeriepeaks\passivedoodads\bushes\aeriepeaksbush01.m2;19093.095703125;169.79579162597656;16817.353515625;0;321.1731262207031;0;;0.873046875;191972;m2;203565;0;
..\..\world\lordaeron\aeriepeaks\passivedoodads\bushes\aeriepeaksbush01.m2;19120.697265625;169.33407592773438;16787.642578125;0;226.85263061523438;0;;0.8662109375;191970;m2;203565;0;
..\..\world\lordaeron\aeriepeaks\passivedoodads\bushes\aeriepeaksbush02.m2;19100.02734375;117.37474060058594;16936.34375;0;54.19720458984375;0;;0.853515625;191868;m2;203566;0;
..\..\world\lordaeron\aeriepeaks\passivedoodads\bushes\aeriepeaksbush02.m2;19149.03515625;125.37979888916016;16803.849609375;0;58.44903564453125;0;;0.8544921875;191901;m2;203566;0;
..\..\world\lordaeron\aeriepeaks\passivedoodads\bushes\aeriepeaksbush01.m2;19120.05859375;169.7399444580078;16798.986328125;0;324.8426818847656;0;;0.861328125;191968;m2;203565;0;
..\..\world\khazmodan\lochmodan\passivedoodads\fences\lochmodanwoodfence01.m2;19095.986328125;138.1065216064453;16864.44140625;4;17;-24;;1;566275;m2;203311;0;
..\..\world\lordaeron\aeriepeaks\passivedoodads\bushes\aeriepeaksbush02.m2;18997.28515625;154.2513427734375;17041.642578125;0;10.10772705078125;0;;1;566283;m2;203566;0;
..\..\world\lordaeron\aeriepeaks\passivedoodads\bushes\aeriepeaksbush02.m2;18935.755859375;303.2432556152344;16717.96484375;0;87.66259765625;0;;1.1083984375;186592;m2;203566;0;
..\..\world\lordaeron\aeriepeaks\passivedoodads\bushes\aeriepeaksbush02.m2;18995.046875;156.97528076171875;16949.220703125;0;15.348388671875;0;;0.9453125;191854;m2;203566;0;
..\..\world\lordaeron\aeriepeaks\passivedoodads\bushes\aeriepeaksbush01.m2;19167.9921875;105.63443756103516;16900.623046875;0;215.51438903808594;0;;0.85546875;390758;m2;203565;0;
..\..\world\lordaeron\aeriepeaks\passivedoodads\bushes\aeriepeaksbush02.m2;18993.970703125;153.88302612304688;17044.705078125;5.000000476837158;4.746246337890625;3;;1;566280;m2;203566;0;
..\..\world\khazmodan\lochmodan\passivedoodads\fences\lochmodanwoodfence01.m2;19121.982421875;169.4337921142578;16818.55859375;2;81;14.000001907348633;;1;566353;m2;203311;0;
..\..\world\lordaeron\aeriepeaks\passivedoodads\bushes\aeriepeaksbush02.m2;18904.677734375;299.32086181640625;16818.419921875;-0.999999463558197;350.27679443359375;-27.499998092651367;;0.8212890625;186749;m2;203566;0;
..\..\world\lordaeron\aeriepeaks\passivedoodads\bushes\aeriepeaksbush02.m2;18903.171875;292.4481506347656;16759.884765625;0;238.37078857421875;0;;0.8388671875;186637;m2;203566;0;
..\..\world\lordaeron\aeriepeaks\passivedoodads\bushes\aeriepeaksbush02.m2;19060.29296875;145.26644897460938;16848.048828125;0;169.44732666015625;0;;0.978515625;191957;m2;203566;0;
..\..\world\lordaeron\aeriepeaks\passivedoodads\bushes\aeriepeaksbush01.m2;19163.21484375;119.60076141357422;16843.064453125;0;146.58404541015625;0;;0.849609375;191891;m2;203565;0;
..\..\world\khazmodan\lochmodan\passivedoodads\fences\lochmodanwoodfence01.m2;19012.556640625;152.82772827148438;16966.525390625;1.5000001192092896;108.5;-12.000000953674316;;1;566231;m2;203311;0;
..\..\world\khazmodan\lochmodan\passivedoodads\fences\lochmodanwoodfence01.m2;19093.232421875;139.3348388671875;16864.75390625;-2.000000238418579;359;-21;;1;566273;m2;203311;0;
..\..\world\khazmodan\lochmodan\passivedoodads\fences\lochmodanwoodfence01.m2;19098.474609375;137.0083770751953;16863.361328125;-5.500000476837158;205.5;20;;1;566276;m2;203311;0;
..\..\world\lordaeron\aeriepeaks\passivedoodads\bushes\aeriepeaksbush02.m2;19033.15234375;156.83485412597656;17020.392578125;0;98.29766845703125;0;;1;566302;m2;203566;0;
..\..\world\generic\dwarf\passivedoodads\lampposts\lochlamppost.m2;19005.673828125;154.8680419921875;17047.51953125;2.500000476837158;330;3.5;;1;566192;m2;197411;0;
..\..\world\khazmodan\lochmodan\passivedoodads\fences\lochmodanwoodfence01.m2;19011.576171875;151.75714111328125;16960.23828125;-3.999999523162842;251.5;11;;1;566228;m2;203311;0;
..\..\world\lordaeron\aeriepeaks\passivedoodads\bushes\aeriepeaksbush02.m2;19063.68359375;145.62037658691406;16844.90625;0;114.87653350830078;0;;0.85546875;191958;m2;203566;0;
..\..\world\khazmodan\lochmodan\passivedoodads\fences\lochmodanwoodfence01.m2;19047.875;135.7613983154297;16934.859375;3.9999988079071045;27.5;-25;;1;566236;m2;203311;0;
..\..\world\lordaeron\aeriepeaks\passivedoodads\bushes\aeriepeaksbush01.m2;19054.64453125;176.40013122558594;16823.724609375;0;120.71044921875;0;;0.8466796875;191982;m2;203565;0;
..\..\world\khazmodan\lochmodan\passivedoodads\fences\lochmodanwoodfence01.m2;19011.52734375;152.2414093017578;16963.25;-1.499999761581421;282.5;7.000000953674316;;1;566229;m2;203311;0;
..\..\world\khazmodan\lochmodan\passivedoodads\fences\lochmodanwoodfence01.m2;19053.126953125;133.37957763671875;16931.6328125;-5.500000476837158;209;18;;1;566233;m2;203311;0;
..\..\world\lordaeron\aeriepeaks\passivedoodads\bushes\aeriepeaksbush01.m2;19196.912109375;108.18641662597656;16995.439453125;0;243.4534912109375;0;;0.8564453125;185832;m2;203565;0;
..\..\world\lordaeron\aeriepeaks\passivedoodads\bushes\aeriepeaksbush01.m2;19164.83203125;106.46875;16901.138671875;0;42.15582275390625;0;;0.818359375;390755;m2;203565;0;
..\..\world\khazmodan\lochmodan\passivedoodads\fences\lochmodanwoodfence01.m2;19169.162109375;120.32865142822266;16823.849609375;-1.5;172;6.500000476837158;;1;566266;m2;203311;0;
..\..\world\khazmodan\lochmodan\passivedoodads\fences\lochmodanwoodfence01.m2;19122.607421875;170.08055114746094;16815.712890625;-6.000000476837158;83.5;7.500000953674316;;1;566352;m2;203311;0;
..\..\world\lordaeron\aeriepeaks\passivedoodads\bushes\aeriepeaksbush01.m2;19195.041015625;108.2460708618164;17001.470703125;0;216.52340698242188;0;;0.818359375;185834;m2;203565;0;
..\..\world\lordaeron\aeriepeaks\passivedoodads\bushes\aeriepeaksbush01.m2;19167.30859375;105.67823028564453;16904.935546875;0;342.13568115234375;0;;0.8974609375;390763;m2;203565;0;
..\..\world\khazmodan\lochmodan\passivedoodads\fences\lochmodanwoodfence01.m2;19050.60546875;134.45358276367188;16933.19140625;-2;211.5;19.500003814697266;;1;566234;m2;203311;0;
..\..\world\khazmodan\lochmodan\passivedoodads\fences\lochmodanwoodfence01.m2;19165.841796875;120.78365325927734;16823.796875;3.000000238418579;357.5;-7.500000476837158;;1;566265;m2;203311;0;
..\..\world\khazmodan\lochmodan\passivedoodads\fences\lochmodanwoodfence01.m2;19162.99609375;121.0176773071289;16823.73828125;3.500000238418579;2;-7.500000953674316;;1;566263;m2;203311;0;
..\..\world\lordaeron\aeriepeaks\passivedoodads\bushes\aeriepeaksbush02.m2;19014.259765625;155.75314331054688;17040.9921875;-0.5;0;16.5;;0.94921875;566226;m2;203566;0;
..\..\world\lordaeron\aeriepeaks\passivedoodads\bushes\aeriepeaksbush02.m2;19109.87890625;115.0781021118164;16972.24609375;0;52.735992431640625;0;;0.794921875;185651;m2;203566;0;
..\..\world\khazmodan\lochmodan\passivedoodads\fences\lochmodanwoodfence01.m2;19200.904296875;118.11978912353516;16842.583984375;0.5000002980232239;29;10.5;;1;566256;m2;203311;0;
..\..\world\khazmodan\lochmodan\passivedoodads\fences\lochmodanwoodfence01.m2;19102.3125;119.54164123535156;16908.6015625;0.5;204.5;5.5;;1;566239;m2;203311;0;
..\..\world\khazmodan\lochmodan\passivedoodads\fences\lochmodanwoodfence01.m2;19099.361328125;119.89334106445312;16909.849609375;-3.5000007152557373;19.5;-4;;1;566241;m2;203311;0;
..\..\world\lordaeron\aeriepeaks\passivedoodads\bushes\aeriepeaksbush02.m2;19061.83984375;145.09481811523438;16873.083984375;0;132.1036376953125;0;;0.7822265625;191954;m2;203566;0;
..\..\world\lordaeron\aeriepeaks\passivedoodads\bushes\aeriepeaksbush02.m2;19078.58203125;118.65611267089844;16985.7109375;0;231.423095703125;0;;0.7841796875;185650;m2;203566;0;
..\..\world\lordaeron\aeriepeaks\passivedoodads\bushes\aeriepeaksbush01.m2;19013.880859375;158.26063537597656;17050.255859375;0;327.820068359375;0;;0.810546875;185572;m2;203565;0;
..\..\world\khazmodan\lochmodan\passivedoodads\fences\lochmodanwoodfence01.m2;19105.017578125;119.1581802368164;16907.37109375;2.500000476837158;207.5;7.500000476837158;;1;566238;m2;203311;0;
..\..\world\lordaeron\aeriepeaks\passivedoodads\bushes\aeriepeaksbush01.m2;19145.51953125;109.39736938476562;16910.48046875;0;328.490234375;0;;0.810546875;185700;m2;203565;0;
..\..\world\generic\dwarf\passivedoodads\lampposts\lochlamppost.m2;19051.451171875;134.3368682861328;16934.1484375;0;30;-1.5000001192092896;;1;566237;m2;197411;0;
..\..\world\lordaeron\aeriepeaks\passivedoodads\bushes\aeriepeaksbush02.m2;19145.005859375;123.57584381103516;16821.779296875;0;44.5618896484375;0;;0.775390625;191897;m2;203566;0;
..\..\world\lordaeron\aeriepeaks\passivedoodads\bushes\aeriepeaksbush02.m2;19130.4296875;116.81426239013672;16881.796875;0;222.07342529296875;0;;0.7724609375;191881;m2;203566;0;
..\..\world\khazmodan\lochmodan\passivedoodads\fences\lochmodanwoodfence01.m2;19026.416015625;156.1780242919922;17008.205078125;0;282.5;0;;1;566201;m2;203311;0;
..\..\world\khazmodan\lochmodan\passivedoodads\fences\lochmodanwoodfence01.m2;19025.76953125;156.0806427001953;17005.107421875;0;285.5;0;;1;566202;m2;203311;0;
..\..\world\lordaeron\aeriepeaks\passivedoodads\bushes\aeriepeaksbush02.m2;19146.080078125;127.48961639404297;16796.1875;0;313.1748352050781;0;;0.771484375;191903;m2;203566;0;
..\..\world\khazmodan\lochmodan\passivedoodads\fences\lochmodanwoodfence01.m2;19027.0234375;156.2049102783203;17011.34765625;0;97.5;0;;1;566200;m2;203311;0;
..\..\world\khazmodan\lochmodan\passivedoodads\fences\lochmodanwoodfence01.m2;19061.501953125;145.5467529296875;16862.482421875;0;338.5;0;;1;566323;m2;203311;0;
..\..\world\lordaeron\aeriepeaks\passivedoodads\bushes\aeriepeaksbush01.m2;19153.314453125;128.69998168945312;16781.052734375;0;120.62255859375;0;;0.7978515625;191945;m2;203565;0;
..\..\world\khazmodan\lochmodan\passivedoodads\fences\lochmodanwoodfence01.m2;19122.267578125;170.35313415527344;16809.630859375;0;113.5;0;;1;566350;m2;203311;0;
..\..\world\lordaeron\aeriepeaks\passivedoodads\bushes\aeriepeaksbush01.m2;19168.146484375;105.63749694824219;16900.013671875;0;53.83465576171875;0;;0.7822265625;390757;m2;203565;0;
..\..\world\generic\dwarf\passivedoodads\lampposts\lochlamppost.m2;19027.85546875;156.2512969970703;17007.7734375;0;8;0;;1;566204;m2;197411;0;
..\..\world\generic\dwarf\passivedoodads\lampposts\lochlamppost.m2;19012.966796875;152.1483917236328;16962.818359375;0;8;0;;1;566232;m2;197411;0;
..\..\world\generic\dwarf\passivedoodads\lampposts\lochlamppost.m2;19095.595703125;137.7717742919922;16862.685546875;0;107;0;;1;566274;m2;197411;0;
..\..\world\generic\dwarf\passivedoodads\lampposts\lochlamppost.m2;19061.6796875;145.76548767089844;16863.966796875;0;36;0;;1;566326;m2;197411;0;
..\..\world\generic\dwarf\passivedoodads\lampposts\lochlamppost.m2;19103.732421875;157.1615447998047;16839.86328125;0;314.5;0;;1;566337;m2;197411;0;
..\..\world\generic\dwarf\passivedoodads\lampposts\lochlamppost.m2;19095.26171875;170.69296264648438;16811.162109375;0;321.5;0;;1;566344;m2;197411;0;
..\..\world\generic\dwarf\passivedoodads\lampposts\lochlamppost.m2;19107.517578125;170.5619354248047;16797.4453125;0;45;0;;1;566348;m2;197411;0;
..\..\world\generic\dwarf\passivedoodads\lampposts\lochlamppost.m2;19103.03125;119.67707061767578;16909.921875;0;290;0;;1;566242;m2;197411;0;
..\..\world\generic\dwarf\passivedoodads\lampposts\lochlamppost.m2;19160.505859375;116.5174331665039;16874.3046875;0;315.5;0;;1;566247;m2;197411;0;
..\..\world\generic\dwarf\passivedoodads\lampposts\lochlamppost.m2;19165.83984375;120.71173858642578;16822.322265625;0;91;0;;1;566264;m2;197411;0;
..\..\world\generic\dwarf\passivedoodads\lampposts\lochlamppost.m2;19126.94921875;127.4908218383789;16838.966796875;0;133.5;0;;1;566269;m2;197411;0;
..\..\world\generic\dwarf\passivedoodads\lampposts\lochlamppost.m2;19182.267578125;120.65733337402344;16781.333984375;0;12;0;;1;566321;m2;197411;0;
..\..\world\generic\dwarf\passivedoodads\bookshelves\bookshelfdwarvensimple02.m2;19052.373046875;146.0233154296875;16846.85546875;0;92.748046875;0;;1;566333;m2;197285;0;
..\..\world\lordaeron\aeriepeaks\passivedoodads\bushes\aeriepeaksbush02.m2;19192.638671875;108.7187728881836;17006.96484375;0;293.4427795410156;0;;0.8056640625;185829;m2;203566;0;
..\..\world\lordaeron\aeriepeaks\passivedoodads\bushes\aeriepeaksbush01.m2;19164.39453125;106.60913848876953;16900.876953125;0;167.480712890625;0;;0.896484375;390749;m2;203565;0;
..\..\world\lordaeron\aeriepeaks\passivedoodads\bushes\aeriepeaksbush01.m2;19096.45703125;120.65641021728516;16912.9453125;0;59.4158935546875;0;;0.7880859375;191873;m2;203565;0;
..\..\world\khazmodan\lochmodan\passivedoodads\fences\lochmodanwoodfence01.m2;19102.83203125;158.2130126953125;16838.7734375;10.5;218;-26.999998092651367;;1;566338;m2;203311;0;
..\..\world\lordaeron\aeriepeaks\passivedoodads\bushes\aeriepeaksbush01.m2;19093.892578125;169.6660919189453;16818.33203125;0;155.8677978515625;0;;0.8095703125;191973;m2;203565;0;
..\..\world\khazmodan\lochmodan\passivedoodads\fences\lochmodanwoodfence01.m2;19095.333984375;170.47381591796875;16812.96875;-0.9999998807907104;233.5;-9.5;;1;566342;m2;203311;0;
..\..\world\lordaeron\aeriepeaks\passivedoodads\bushes\aeriepeaksbush02.m2;19143.78515625;116.81829071044922;16868.240234375;0;5.28460693359375;0;;0.953125;191884;m2;203566;0;
..\..\world\khazmodan\lochmodan\passivedoodads\fences\lochmodanwoodfence01.m2;19122.828125;170.25364685058594;16812.64453125;0;90;0;;1;566349;m2;203311;0;
..\..\world\lordaeron\aeriepeaks\passivedoodads\bushes\aeriepeaksbush01.m2;19163.859375;106.6070327758789;16904.1953125;0;259.47198486328125;0;;0.9091796875;390760;m2;203565;0;
..\..\world\lordaeron\aeriepeaks\passivedoodads\bushes\aeriepeaksbush01.m2;19134.08203125;125.61076354980469;16831.111328125;0;128.576904296875;0;;0.765625;191946;m2;203565;0;
..\..\world\lordaeron\aeriepeaks\passivedoodads\bushes\aeriepeaksbush02.m2;19053.5234375;125.606689453125;16968.166015625;0;297.1672668457031;0;;0.77734375;191861;m2;203566;0;
..\..\world\khazmodan\lochmodan\passivedoodads\fences\lochmodanwoodfence01.m2;19063.65234375;145.53968811035156;16864.373046875;0;119;0;;1;566325;m2;203311;0;
..\..\world\lordaeron\aeriepeaks\passivedoodads\bushes\aeriepeaksbush01.m2;19085.009765625;170.86282348632812;16821.369140625;0;240.1025390625;0;;0.7822265625;191986;m2;203565;0;
..\..\world\khazmodan\lochmodan\passivedoodads\fences\lochmodanwoodfence01.m2;19100.67578125;156.6444549560547;16840.814453125;1.0000025033950806;50;27.000003814697266;;1;566340;m2;203311;0;
..\..\world\generic\human\passivedoodads\cargoboxes\deadminecargoboxes.m2;19050.1484375;145.50265502929688;16867.697265625;0;146.52911376953125;0;;1;566380;m2;198085;0;
..\..\world\lordaeron\aeriepeaks\passivedoodads\bushes\aeriepeaksbush01.m2;19068.814453125;146.748046875;16845.857421875;0;46.78118896484375;0;;0.7548828125;191961;m2;203565;0;
..\..\world\lordaeron\aeriepeaks\passivedoodads\bushes\aeriepeaksbush02.m2;19131.630859375;116.6565933227539;16881.05859375;0;1.076690673828125;0;;0.9951171875;191882;m2;203566;0;
..\..\world\khazmodan\lochmodan\passivedoodads\fences\lochmodanwoodfence01.m2;19109.912109375;170.51097106933594;16798.263671875;-2.499999761581421;51;-7.500000476837158;;1;566346;m2;203311;0;
..\..\world\khazmodan\lochmodan\passivedoodads\fences\lochmodanwoodfence01.m2;19130.388671875;126.6378173828125;16837.6875;-4.000000476837158;221;11.499999046325684;;1;566271;m2;203311;0;
..\..\world\lordaeron\aeriepeaks\passivedoodads\bushes\aeriepeaksbush02.m2;18992.587890625;153.4934844970703;17045.21484375;0;203.5391387939453;0;;0.779296875;566281;m2;203566;0;
..\..\world\lordaeron\aeriepeaks\passivedoodads\bushes\aeriepeaksbush01.m2;19117.3359375;170.3830108642578;16799.791015625;0;66.27154541015625;0;;0.79296875;191966;m2;203565;0;
..\..\world\generic\passivedoodads\well\well.m2;19194.71875;117.97709655761719;16831.337890625;-3;172.5;-0.9999998807907104;;1;192018;m2;200252;0;
..\..\world\lordaeron\aeriepeaks\passivedoodads\bushes\aeriepeaksbush02.m2;19149.45703125;123.25808715820312;16820.953125;0;309.71405029296875;0;;0.732421875;191898;m2;203566;0;
..\..\world\khazmodan\lochmodan\passivedoodads\fences\lochmodanwoodfence01.m2;19107.630859375;170.7218475341797;16800.15625;-0.5;34;-0.9999998807907104;;1;566345;m2;203311;0;
..\..\world\khazmodan\lochmodan\passivedoodads\fences\lochmodanwoodfence01.m2;19125.90625;127.99961853027344;16842.072265625;9.500001907348633;43.5;-12.500000953674316;;1;566268;m2;203311;0;
..\..\world\lordaeron\aeriepeaks\passivedoodads\bushes\aeriepeaksbush02.m2;19005.109375;155.4092559814453;16978.974609375;0;0;0;;1;189110;m2;203566;0;
..\..\world\khazmodan\lochmodan\passivedoodads\fences\lochmodanwoodfence01.m2;19120.44921875;170.2615203857422;16807.220703125;3.000000238418579;145.5;-2.500000238418579;;1;566351;m2;203311;0;
..\..\world\khazmodan\lochmodan\passivedoodads\fences\lochmodanwoodfence01.m2;19006.345703125;154.6255340576172;17044.65625;-11;220.5;-2;;1;566194;m2;203311;0;
..\..\world\lordaeron\aeriepeaks\passivedoodads\bushes\aeriepeaksbush02.m2;19097.73828125;120.96742248535156;16917.158203125;0;24.796905517578125;0;;0.7607421875;191872;m2;203566;0;
..\..\world\khazmodan\lochmodan\passivedoodads\fences\lochmodanwoodfence01.m2;19097.201171875;170.8019561767578;16810.77734375;0;233.99998474121094;-0.9999998807907104;;1;566341;m2;203311;0;
..\..\world\lordaeron\aeriepeaks\passivedoodads\bushes\aeriepeaksbush02.m2;19037.298828125;156.7891845703125;17014.54296875;0;213.04238891601562;0;;0.7294921875;566301;m2;203566;0;
..\..\world\azeroth\swamposorrow\passivedoodads\plants\swampofsorrowlilypad02.m2;18749.96484375;206.88006591796875;16912.533203125;0;132.97158813476562;0;;1.23046875;355653;m2;190376;0;
..\..\world\khazmodan\lochmodan\passivedoodads\fences\lochmodanwoodfence01.m2;19004.619140625;154.5900421142578;17047.02734375;-6.999999523162842;53;4.500000476837158;;1;566195;m2;203311;0;
..\..\world\lordaeron\aeriepeaks\passivedoodads\bushes\aeriepeaksbush02.m2;18973.197265625;153.7294464111328;17058.5390625;-2.5000007152557373;294.6293640136719;-12;;0.69921875;566289;m2;203566;0;
..\..\world\lordaeron\aeriepeaks\passivedoodads\bushes\aeriepeaksbush01.m2;19004.763671875;155.18792724609375;16977.107421875;0;0;0;;1;189111;m2;203565;0;
..\..\world\lordaeron\aeriepeaks\passivedoodads\bushes\aeriepeaksbush01.m2;19187.68359375;120.3289566040039;16813.265625;0;0;0;;1;189117;m2;203565;0;
..\..\world\khazmodan\lochmodan\passivedoodads\fences\lochmodanwoodfence01.m2;19104.720703125;159.52706909179688;16836.7421875;7.500000953674316;224.5;-27.000001907348633;;1;566336;m2;203311;0;
..\..\world\lordaeron\aeriepeaks\passivedoodads\bushes\aeriepeaksbush02.m2;19175.06640625;123.8773193359375;16785.4296875;0;46.93499755859375;0;;0.7080078125;191909;m2;203566;0;
..\..\world\lordaeron\aeriepeaks\passivedoodads\bushes\aeriepeaksbush01.m2;19140.935546875;116.9111328125;16869.484375;0;180.62074279785156;0;;0.982421875;191886;m2;203565;0;
..\..\world\khazmodan\lochmodan\passivedoodads\fences\lochmodanwoodfence01.m2;19128.103515625;127.34024810791016;16839.9296875;7.499999523162842;46;-13.499999046325684;;1;566270;m2;203311;0;
..\..\world\lordaeron\aeriepeaks\passivedoodads\bushes\aeriepeaksbush02.m2;19112.87109375;177.82818603515625;16770.720703125;0;51.9010009765625;0;;0.705078125;191979;m2;203566;0;
..\..\world\lordaeron\aeriepeaks\passivedoodads\bushes\aeriepeaksbush02.m2;18991.310546875;153.35592651367188;17046.80078125;0;73.65460205078125;0;;0.7890625;566282;m2;203566;0;
..\..\world\khazmodan\lochmodan\passivedoodads\fences\lochmodanwoodfence01.m2;19002.517578125;154.23939514160156;17049.365234375;-5.000000476837158;44;4.5;;1;566196;m2;203311;0;
..\..\world\lordaeron\aeriepeaks\passivedoodads\bushes\aeriepeaksbush02.m2;19149.443359375;112.5123291015625;16964.6796875;0;262.2398376464844;0;;0.8623046875;185828;m2;203566;0;
..\..\world\generic\passivedoodads\misc\wheelbarrow\caveminewheelbarrow01.m2;19127.34765625;113.39794921875;16985.904296875;-11;5.5;-0.9999998807907104;;1;363129;m2;199886;0;
..\..\world\khazmodan\lochmodan\passivedoodads\fences\lochmodanwoodfence01.m2;19161.466796875;116.80638122558594;16871.05859375;0;231;0;;1;566243;m2;203311;0;
..\..\world\lordaeron\aeriepeaks\passivedoodads\bushes\aeriepeaksbush01.m2;19118.02734375;170.19570922851562;16792.037109375;0;27.3787841796875;0;;0.740234375;191969;m2;203565;0;
..\..\world\lordaeron\aeriepeaks\passivedoodads\bushes\aeriepeaksbush02.m2;19052.642578125;128.7950897216797;16987.30078125;0;342.6520690917969;0;;0.7744140625;191865;m2;203566;0;
..\..\world\lordaeron\aeriepeaks\passivedoodads\bushes\aeriepeaksbush01.m2;19082.8359375;121.49836730957031;16901.845703125;0;4.933013916015625;0;;0.90625;191878;m2;203565;0;
..\..\world\lordaeron\aeriepeaks\passivedoodads\bushes\aeriepeaksbush01.m2;19165.93359375;106.0442886352539;16904.953125;0;99.26449584960938;0;;0.853515625;390752;m2;203565;0;
..\..\world\khazmodan\lochmodan\passivedoodads\fences\lochmodanwoodfence01.m2;19159.3203125;116.88616180419922;16873.3828125;0;228;2.500000238418579;;1;566244;m2;203311;0;
..\..\world\khazmodan\lochmodan\passivedoodads\fences\lochmodanwoodfence01.m2;19157.11328125;116.97727966308594;16875.705078125;-1.5000001192092896;43;-0.5;;1;566246;m2;203311;0;
..\..\world\lordaeron\aeriepeaks\passivedoodads\bushes\aeriepeaksbush01.m2;19052.65625;128.6545867919922;16955.201171875;0;106.02130126953125;0;;0.7724609375;185660;m2;203565;0;
..\..\world\lordaeron\aeriepeaks\passivedoodads\bushes\aeriepeaksbush02.m2;19112.36328125;170.16348266601562;16791.111328125;0;2.933441162109375;0;;0.8857421875;191977;m2;203566;0;
..\..\world\lordaeron\aeriepeaks\passivedoodads\bushes\aeriepeaksbush02.m2;19099.32421875;136.58082580566406;16862.34765625;0;200.6494140625;0;;0.7294921875;566359;m2;203566;0;
..\..\world\lordaeron\aeriepeaks\passivedoodads\bushes\aeriepeaksbush02.m2;19053.33203125;133.21339416503906;16930.953125;0;314.663818359375;0;;0.669921875;566293;m2;203566;0;
..\..\world\lordaeron\aeriepeaks\passivedoodads\bushes\aeriepeaksbush02.m2;19121.63671875;168.6999053955078;16820.435546875;-6.5;126.4896469116211;11.000001907348633;;0.609375;566356;m2;203566;0;
..\..\world\lordaeron\aeriepeaks\passivedoodads\bushes\aeriepeaksbush02.m2;19162.861328125;116.46833038330078;16871.681640625;0;121.07305908203125;0;;0.6796875;566318;m2;203566;0;
..\..\world\lordaeron\aeriepeaks\passivedoodads\bushes\aeriepeaksbush01.m2;19122.25390625;117.29971313476562;16884.75;0;167.14013671875;0;;0.7822265625;191880;m2;203565;0;
..\..\world\lordaeron\aeriepeaks\passivedoodads\bushes\aeriepeaksbush01.m2;19176.9140625;112.00528717041016;16865.720703125;0;230.0607147216797;0;;0.6728515625;191890;m2;203565;0;
..\..\world\lordaeron\aeriepeaks\passivedoodads\bushes\aeriepeaksbush02.m2;19142.67578125;105.7323989868164;16920.953125;0;187.22372436523438;0;;0.8125;185702;m2;203566;0;
..\..\world\lordaeron\aeriepeaks\passivedoodads\bushes\aeriepeaksbush01.m2;19168.5859375;121.74556732177734;16815.220703125;0;306.8904724121094;0;;0.6728515625;191894;m2;203565;0;
..\..\world\lordaeron\aeriepeaks\passivedoodads\bushes\aeriepeaksbush01.m2;18996.447265625;156.954345703125;16949.6171875;-1.0000003576278687;186.4766387939453;32.00000762939453;;0.67578125;191856;m2;203565;0;
..\..\world\lordaeron\aeriepeaks\passivedoodads\bushes\aeriepeaksbush01.m2;19163.14453125;106.82575988769531;16905.42578125;0;99.27548217773438;0;;0.80078125;390761;m2;203565;0;
..\..\world\lordaeron\aeriepeaks\passivedoodads\bushes\aeriepeaksbush02.m2;19166.736328125;125.32742309570312;16786.77734375;0;306.14337158203125;0;;0.6513671875;191905;m2;203566;0;
..\..\world\lordaeron\aeriepeaks\passivedoodads\bushes\aeriepeaksbush01.m2;19109.33203125;135.08775329589844;16873.93359375;0;257.69219970703125;0;;0.765625;191949;m2;203565;0;
..\..\world\generic\human\passivedoodads\haypiles\shadowfanghaypile01.m2;19127.298828125;113.33795166015625;16985.8125;-7.500000476837158;8.5;-3.000000238418579;;0.7998046875;363139;m2;198296;0;
..\..\world\lordaeron\aeriepeaks\passivedoodads\bushes\aeriepeaksbush01.m2;19087.048828125;121.03269958496094;16902.8359375;0;229.6981658935547;0;;0.6513671875;191876;m2;203565;0;
..\..\world\lordaeron\aeriepeaks\passivedoodads\bushes\aeriepeaksbush01.m2;19086.375;120.996337890625;16901.75390625;0;205.99993896484375;0;;0.6748046875;191875;m2;203565;0;
..\..\world\lordaeron\aeriepeaks\passivedoodads\bushes\aeriepeaksbush01.m2;19095.67578125;152.22103881835938;16847.939453125;0;171.0184326171875;0;;0.7802734375;191963;m2;203565;0;
..\..\world\lordaeron\aeriepeaks\passivedoodads\bushes\aeriepeaksbush02.m2;19100.830078125;117.07534790039062;16937.1328125;0;45.61663818359375;0;;0.62890625;191870;m2;203566;0;
..\..\world\lordaeron\aeriepeaks\passivedoodads\bushes\aeriepeaksbush01.m2;19148.462890625;131.8029327392578;16775.603515625;0;68.57876586914062;0;;0.693359375;191944;m2;203565;0;
..\..\world\lordaeron\aeriepeaks\passivedoodads\bushes\aeriepeaksbush02.m2;19181.66015625;111.27091979980469;16999.908203125;0;81.03851318359375;0;;0.763671875;185863;m2;203566;0;
..\..\world\lordaeron\aeriepeaks\passivedoodads\bushes\aeriepeaksbush02.m2;19154.107421875;122.31804656982422;16796.966796875;0;154.03302001953125;0;;0.650390625;191904;m2;203566;0;
..\..\world\lordaeron\aeriepeaks\passivedoodads\bushes\aeriepeaksbush01.m2;19165.263671875;106.2973403930664;16906.94921875;0;172.4576416015625;0;;0.7822265625;390762;m2;203565;0;
..\..\world\generic\human\passivedoodads\haypiles\shadowfanghaypile02.m2;19129.134765625;113.15020751953125;16985.189453125;-6;1;-3.000000238418579;;1;363140;m2;198297;0;
..\..\world\lordaeron\aeriepeaks\passivedoodads\bushes\aeriepeaksbush01.m2;19167.255859375;105.74207305908203;16902.37890625;0;359.3407897949219;0;;0.8466796875;390748;m2;203565;0;
..\..\world\lordaeron\aeriepeaks\passivedoodads\bushes\aeriepeaksbush01.m2;19146.01171875;132.2630615234375;16778.537109375;0;13.82122802734375;0;;0.7138671875;191943;m2;203565;0;
..\..\world\lordaeron\aeriepeaks\passivedoodads\bushes\aeriepeaksbush01.m2;19121.78515625;169.30667114257812;16784.517578125;0;332.7970275878906;0;;0.642578125;191971;m2;203565;0;
..\..\world\lordaeron\aeriepeaks\passivedoodads\bushes\aeriepeaksbush01.m2;19149.697265625;124.23269653320312;16817.38671875;0;30.828582763671875;0;;0.626953125;191896;m2;203565;0;
..\..\world\lordaeron\aeriepeaks\passivedoodads\bushes\aeriepeaksbush01.m2;19168.134765625;105.79789733886719;16898.990234375;0;182.3566436767578;0;;0.8095703125;390745;m2;203565;0;
..\..\world\lordaeron\aeriepeaks\passivedoodads\bushes\aeriepeaksbush02.m2;19048.076171875;129.8472900390625;16986.58984375;0;306.96734619140625;0;;0.5986328125;191864;m2;203566;0;
..\..\world\lordaeron\aeriepeaks\passivedoodads\bushes\aeriepeaksbush01.m2;19164.146484375;106.58136749267578;16902.65625;0;133.89447021484375;0;;0.6064453125;390750;m2;203565;0;
..\..\world\lordaeron\aeriepeaks\passivedoodads\bushes\aeriepeaksbush01.m2;19167.19921875;122.35616302490234;16814.322265625;0;113.10769653320312;0;;0.64453125;191893;m2;203565;0;
..\..\world\lordaeron\aeriepeaks\passivedoodads\bushes\aeriepeaksbush02.m2;19058.583984375;131.8773956298828;16942.029296875;0;358.19818115234375;0;;0.79296875;185661;m2;203566;0;
..\..\world\lordaeron\aeriepeaks\passivedoodads\bushes\aeriepeaksbush01.m2;19166.626953125;106.08846282958984;16899.623046875;0;19.8748779296875;0;;0.658203125;390756;m2;203565;0;
..\..\world\lordaeron\aeriepeaks\passivedoodads\bushes\aeriepeaksbush01.m2;19121.27734375;117.74529266357422;16883.986328125;0;102.30999755859375;0;;0.7021484375;191879;m2;203565;0;
..\..\world\lordaeron\aeriepeaks\passivedoodads\bushes\aeriepeaksbush01.m2;19004.75;155.92271423339844;16937.244140625;0;245.28823852539062;0;;0.6298828125;191858;m2;203565;0;
..\..\world\lordaeron\aeriepeaks\passivedoodads\bushes\aeriepeaksbush02.m2;19174.384765625;123.77198791503906;16779.955078125;0;350.09002685546875;0;;0.6982421875;191910;m2;203566;0;
..\..\world\lordaeron\aeriepeaks\passivedoodads\bushes\aeriepeaksbush02.m2;19061.912109375;144.89524841308594;16874.095703125;0;217.22830200195312;0;;0.583984375;191955;m2;203566;0;
..\..\world\lordaeron\aeriepeaks\passivedoodads\bushes\aeriepeaksbush01.m2;19105.111328125;170.71542358398438;16799.71484375;0;149.69326782226562;0;;0.6044921875;191975;m2;203565;0;
..\..\world\lordaeron\aeriepeaks\passivedoodads\bushes\aeriepeaksbush01.m2;19097.90625;154.5734100341797;16843.27734375;0;30.30120849609375;0;;0.6025390625;191965;m2;203565;0;
..\..\world\lordaeron\aeriepeaks\passivedoodads\bushes\aeriepeaksbush01.m2;19168.685546875;105.34042358398438;16902.51171875;0;83.8282470703125;0;;0.736328125;390747;m2;203565;0;
..\..\world\lordaeron\aeriepeaks\passivedoodads\bushes\aeriepeaksbush01.m2;19029.888671875;146.2242431640625;16926.2109375;-40.999996185302734;304.7920227050781;-23.5000057220459;;0.55078125;191860;m2;203565;0;
..\..\world\lordaeron\aeriepeaks\passivedoodads\bushes\aeriepeaksbush01.m2;18999.599609375;154.7343292236328;16959.5234375;0;129.20315551757812;0;;0.580078125;191851;m2;203565;0;
..\..\world\lordaeron\aeriepeaks\passivedoodads\bushes\aeriepeaksbush01.m2;19152.69140625;116.94184112548828;16883.017578125;0;189.94842529296875;0;;0.69140625;191888;m2;203565;0;
..\..\world\lordaeron\aeriepeaks\passivedoodads\bushes\aeriepeaksbush02.m2;18997.662109375;155.795654296875;16955.376953125;0;255.41793823242188;0;;0.640625;191852;m2;203566;0;
..\..\world\lordaeron\aeriepeaks\passivedoodads\bushes\aeriepeaksbush02.m2;19145.576171875;116.76580047607422;16865.34375;0;296.41473388671875;0;;0.5830078125;191885;m2;203566;0;
..\..\world\lordaeron\aeriepeaks\passivedoodads\bushes\aeriepeaksbush02.m2;19096.58203125;121.00509643554688;16917.74609375;0;313.61431884765625;0;;0.5556640625;191871;m2;203566;0;
..\..\world\lordaeron\aeriepeaks\passivedoodads\bushes\aeriepeaksbush02.m2;19150.978515625;123.65796661376953;16797.283203125;0;61.49237060546875;0;;0.5732421875;191899;m2;203566;0;
..\..\world\lordaeron\aeriepeaks\passivedoodads\bushes\aeriepeaksbush01.m2;19027.21875;145.61312866210938;16931.423828125;-6.499999046325684;164.6021728515625;43.5;;0.521484375;191859;m2;203565;0;
..\..\world\lordaeron\aeriepeaks\passivedoodads\bushes\aeriepeaksbush01.m2;19090.83203125;120.18673706054688;16899.99609375;0;4.1309814453125;0;;0.7158203125;191877;m2;203565;0;
..\..\world\azeroth\elwynn\passivedoodads\haystacks\haystack01.m2;19163.505859375;113.01505279541016;16987.17578125;0;73.5;0;;1.5595703125;362921;m2;189810;0;
..\..\world\lordaeron\aeriepeaks\passivedoodads\bushes\aeriepeaksbush01.m2;19067.642578125;170.6769561767578;16820.255859375;0;340.5509948730469;0;;0.603515625;191984;m2;203565;0;
..\..\world\lordaeron\aeriepeaks\passivedoodads\bushes\aeriepeaksbush01.m2;19154.3671875;116.93537139892578;16880.791015625;0;289.01513671875;0;;0.6044921875;191887;m2;203565;0;
..\..\world\lordaeron\aeriepeaks\passivedoodads\bushes\aeriepeaksbush02.m2;19193.2890625;117.77992248535156;16831.845703125;0;311.3430480957031;0;;0.5390625;566320;m2;203566;0;
..\..\world\lordaeron\aeriepeaks\passivedoodads\bushes\aeriepeaksbush01.m2;19131.681640625;126.26703643798828;16831.408203125;0;248.07887268066406;0;;0.5888671875;191947;m2;203565;0;
..\..\world\lordaeron\aeriepeaks\passivedoodads\bushes\aeriepeaksbush01.m2;19133.890625;125.47866821289062;16832.517578125;0;242.48666381835938;0;;0.56640625;191948;m2;203565;0;
..\..\world\lordaeron\aeriepeaks\passivedoodads\bushes\aeriepeaksbush01.m2;18995.7265625;157.27720642089844;16951.859375;3.500000238418579;6.10858154296875;-29.000003814697266;;0.5576171875;191855;m2;203565;0;
..\..\world\lordaeron\aeriepeaks\passivedoodads\bushes\aeriepeaksbush01.m2;19166.4921875;122.52497100830078;16811.755859375;0;167.766357421875;0;;0.6357421875;191895;m2;203565;0;
..\..\world\lordaeron\aeriepeaks\passivedoodads\bushes\aeriepeaksbush02.m2;19058.970703125;145.49180603027344;16871.142578125;0;227.47886657714844;0;;0.5322265625;191953;m2;203566;0;
..\..\world\lordaeron\aeriepeaks\passivedoodads\bushes\aeriepeaksbush02.m2;18999.720703125;154.71531677246094;16960.76171875;0.9999998807907104;189.5419158935547;18.499996185302734;;0.5556640625;191853;m2;203566;0;
..\..\world\lordaeron\aeriepeaks\passivedoodads\bushes\aeriepeaksbush01.m2;19070.05078125;147.15333557128906;16845.79296875;0;23.148895263671875;0;;0.5703125;191960;m2;203565;0;
..\..\world\lordaeron\aeriepeaks\passivedoodads\bushes\aeriepeaksbush02.m2;19140.828125;117.29955291748047;16868.619140625;0;86.15740966796875;0;;0.6787109375;191883;m2;203566;0;
..\..\world\lordaeron\aeriepeaks\passivedoodads\bushes\aeriepeaksbush01.m2;19165.16015625;106.46214294433594;16899.876953125;0;247.69430541992188;0;;0.56640625;390759;m2;203565;0;
..\..\world\lordaeron\aeriepeaks\passivedoodads\bushes\aeriepeaksbush02.m2;19051.0625;128.2564239501953;16985.361328125;0;182.81808471679688;0;;0.6796875;191866;m2;203566;0;
..\..\world\azeroth\swamposorrow\passivedoodads\plants\swampofsorrowlilypad02.m2;18773.71875;206.87083435058594;16901.185546875;0;196.45252990722656;0;;0.99609375;355658;m2;190376;0;
..\..\world\azeroth\swamposorrow\passivedoodads\plants\swampofsorrowlilypad02.m2;18774.552734375;206.903076171875;16892.73046875;0;274.35894775390625;0;;1.138671875;355656;m2;190376;0;
..\..\world\lordaeron\aeriepeaks\passivedoodads\bushes\aeriepeaksbush01.m2;19183.1953125;120.28929138183594;16781.86328125;0;27.8072509765625;0;;0.5419921875;191911;m2;203565;0;
..\..\world\lordaeron\aeriepeaks\passivedoodads\bushes\aeriepeaksbush01.m2;19096.68359375;170.8642120361328;16808.32421875;0;142.03558349609375;0;;0.5244140625;191974;m2;203565;0;
..\..\world\lordaeron\aeriepeaks\passivedoodads\bushes\aeriepeaksbush02.m2;19112.65234375;178.03443908691406;16770.259765625;0;205.6044158935547;0;;0.537109375;191978;m2;203566;0;
..\..\world\lordaeron\aeriepeaks\passivedoodads\bushes\aeriepeaksbush01.m2;19164.685546875;106.39926147460938;16905.376953125;0;353.64971923828125;0;;0.6533203125;390753;m2;203565;0;
..\..\world\lordaeron\aeriepeaks\passivedoodads\bushes\aeriepeaksbush01.m2;19164.08203125;106.54499816894531;16904.189453125;0;256.066162109375;0;;0.5966796875;390754;m2;203565;0;
..\..\world\lordaeron\aeriepeaks\passivedoodads\bushes\aeriepeaksbush02.m2;19151.453125;123.17581176757812;16799.916015625;0;145.54034423828125;0;;0.5146484375;191900;m2;203566;0;
..\..\world\lordaeron\aeriepeaks\passivedoodads\bushes\aeriepeaksbush01.m2;19113.76953125;170.27053833007812;16797.814453125;0;35.6737060546875;0;;0.5224609375;191967;m2;203565;0;
..\..\world\lordaeron\aeriepeaks\passivedoodads\bushes\aeriepeaksbush02.m2;19176.21875;122.85540008544922;16790.451171875;0;269.2061767578125;0;;0.6865234375;191906;m2;203566;0;
..\..\world\lordaeron\aeriepeaks\passivedoodads\bushes\aeriepeaksbush01.m2;19084.078125;171.1184844970703;16822.2734375;0;316.8334045410156;0;;0.513671875;191985;m2;203565;0;
..\..\world\lordaeron\aeriepeaks\passivedoodads\bushes\aeriepeaksbush02.m2;19174.189453125;124.43221282958984;16784.716796875;0;279.962158203125;0;;0.599609375;191908;m2;203566;0;
..\..\world\lordaeron\aeriepeaks\passivedoodads\bushes\aeriepeaksbush01.m2;19096.287109375;153.27809143066406;16846.033203125;0;340.7623291015625;0;;0.55859375;191962;m2;203565;0;
..\..\world\lordaeron\aeriepeaks\passivedoodads\bushes\aeriepeaksbush02.m2;19098.896484375;117.58968353271484;16943.23046875;0;7.273162841796875;0;;0.6162109375;191869;m2;203566;0;
..\..\world\lordaeron\aeriepeaks\passivedoodads\bushes\aeriepeaksbush02.m2;19057.263671875;145.81341552734375;16869.013671875;0;281.7189636230469;0;;0.580078125;191951;m2;203566;0;
..\..\world\azeroth\swamposorrow\passivedoodads\plants\swampofsorrowlilypad02.m2;18739.259765625;206.8343048095703;16900.638671875;0;130.35675048828125;0;;0.845703125;355648;m2;190376;0;
..\..\world\lordaeron\aeriepeaks\passivedoodads\bushes\aeriepeaksbush02.m2;19150.34375;124.4242172241211;16802.923828125;0;93.37567138671875;0;;0.638671875;191902;m2;203566;0;
..\..\world\lordaeron\aeriepeaks\passivedoodads\bushes\aeriepeaksbush01.m2;19005.74609375;155.892822265625;16937.658203125;0;194.3101348876953;0;;0.568359375;191857;m2;203565;0;
..\..\world\lordaeron\aeriepeaks\passivedoodads\bushes\aeriepeaksbush02.m2;19045.712890625;130.0937042236328;16986.115234375;0;189.3441619873047;0;;0.58203125;191863;m2;203566;0;
..\..\world\azeroth\swamposorrow\passivedoodads\plants\swampofsorrowlilypad02.m2;18749.443359375;206.8698272705078;16894.25;0;206.6811065673828;0;;0.8271484375;355647;m2;190376;0;
..\..\world\lordaeron\aeriepeaks\passivedoodads\bushes\aeriepeaksbush01.m2;19067.484375;146.68276977539062;16844.716796875;0;158.25189208984375;0;;0.5009765625;191959;m2;203565;0;
..\..\world\generic\dwarf\passivedoodads\tavernstuff\grainsacs02.m2;19053.568359375;145.78488159179688;16866.90625;-0.5000000596046448;21;7;;1;566329;m2;197608;0;
..\..\world\generic\dwarf\passivedoodads\tavernstuff\grainsacs02.m2;19070.126953125;194.11929321289062;16785.904296875;0;296;0;;1;669741;m2;197608;0;
..\..\world\lordaeron\aeriepeaks\passivedoodads\bushes\aeriepeaksbush02.m2;19057.470703125;145.29698181152344;16872.09765625;0;356.8688049316406;0;;0.5791015625;191952;m2;203566;0;
..\..\world\azeroth\swamposorrow\passivedoodads\plants\swampofsorrowlilypad02.m2;18775.974609375;206.88194274902344;16895.0625;0;271.8320007324219;0;;0.998046875;355657;m2;190376;0;
..\..\world\lordaeron\aeriepeaks\passivedoodads\bushes\aeriepeaksbush01.m2;19165.64453125;106.11823272705078;16904.671875;0;92.1451416015625;0;;0.5693359375;390751;m2;203565;0;
..\..\world\lordaeron\aeriepeaks\passivedoodads\bushes\aeriepeaksbush02.m2;19055.1171875;176.36558532714844;16821.345703125;0;269.05242919921875;0;;0.546875;191981;m2;203566;0;
..\..\world\lordaeron\aeriepeaks\passivedoodads\bushes\aeriepeaksbush01.m2;19175.45703125;112.03719329833984;16867.68359375;0;186.78427124023438;0;;0.509765625;191889;m2;203565;0;
..\..\world\generic\passivedoodads\furniture\containers\crate03.m2;19068.791015625;194.16738891601562;16786.904296875;0;137;0;;1;669739;m2;199739;0;
..\..\world\generic\dwarf\passivedoodads\gunracks\gunrack02c.m2;19052.236328125;144.32655334472656;16850.49609375;0;359.9307861328125;0;;1;566332;m2;197404;0;
..\..\world\generic\dwarf\passivedoodads\tavernstuff\grainsacs02.m2;19076.826171875;194.09437561035156;16770.96875;0;248.82666015625;0;;0.919921875;669743;m2;197608;0;
..\..\world\generic\human\passivedoodads\crates\stormwindcrate01.m2;19198;117.78975677490234;16844.76171875;0;305.47314453125;0;;1;566363;m2;198168;0;
..\..\world\khazmodan\lochmodan\passivedoodads\fences\lochmodanwoodfence04.m2;19101.65625;157.37779235839844;16839.962890625;20.000001907348633;304.5;6;;1;566339;m2;203314;0;
..\..\world\azeroth\westfall\passivedoodads\crate\westfallcrate.m2;19148.373046875;112.98892974853516;16985.294921875;-7;294;-0.5000000596046448;;1;363123;m2;190543;0;
..\..\world\azeroth\westfall\passivedoodads\crate\westfallcrate.m2;19130.990234375;113.24349212646484;16985.439453125;-5.500000476837158;73;-6.500000476837158;;1;363126;m2;190543;0;
..\..\world\azeroth\westfall\passivedoodads\crate\westfallcrate.m2;19146.744140625;113.17279052734375;16985.013671875;-8.5;318;-1.999999761581421;;1;363121;m2;190543;0;
..\..\world\khazmodan\lochmodan\passivedoodads\fences\lochmodanwoodfence04.m2;19049.314453125;135.0825958251953;16934.111328125;-17.500001907348633;290.5;5;;1;566235;m2;203314;0;
..\..\world\generic\passivedoodads\furniture\containers\crate03.m2;19050.537109375;146.17041015625;16865.876953125;0;106.441162109375;0;;1;566382;m2;199739;0;
..\..\world\generic\passivedoodads\crate02\crate02.m2;19196.673828125;117.82772064208984;16844.310546875;-5.5;43.9466552734375;0;;1;566364;m2;199634;0;
..\..\world\khazmodan\lochmodan\passivedoodads\fences\lochmodanwoodfence04.m2;19129.15234375;127.09028625488281;16838.73828125;11.5;123.5;4.000000953674316;;1;566272;m2;203314;0;
..\..\world\khazmodan\lochmodan\passivedoodads\fences\lochmodanwoodfence04.m2;19005.501953125;154.7071075439453;17045.763671875;2;353.5;9.499999046325684;;1;566193;m2;203314;0;
..\..\world\khazmodan\lochmodan\passivedoodads\fences\lochmodanwoodfence04.m2;19097.40625;137.49911499023438;16863.943359375;11.500000953674316;93.5;0.0000013068968200968811;;1;566277;m2;203314;0;
..\..\world\generic\human\passivedoodads\banners\dwarvenbanner01.m2;19077.908203125;199.28118896484375;16779.732421875;0;225.5;0;;0.25;391444;m2;197968;0;
..\..\world\khazmodan\lochmodan\passivedoodads\fences\lochmodanwoodfence04.m2;19094.28125;170.1532440185547;16814.47265625;3;33.5;5.5;;1;566343;m2;203314;0;
..\..\world\azeroth\westfall\passivedoodads\crate\westfallcrate.m2;19146.96484375;113.25261688232422;16986.2578125;-3;0;-7.500000476837158;;1;363120;m2;190543;0;
..\..\world\azeroth\westfall\passivedoodads\crate\westfallcrate.m2;19147.12109375;113.67101287841797;16985.59375;-7.000001430511475;269;3.500000476837158;;1;363122;m2;190543;0;
..\..\world\khazmodan\lochmodan\passivedoodads\fences\lochmodanwoodfence04.m2;19011.939453125;152.63671875;16964.783203125;-3;0;0.9999998807907104;;1;566230;m2;203314;0;
..\..\world\azeroth\westfall\passivedoodads\crate\westfallcrate.m2;19130.80859375;113.3802719116211;16986.765625;-8.000000953674316;0;2.500000238418579;;1;363125;m2;190543;0;
..\..\world\azeroth\duskwood\passivedoodads\tombs\tombstone05.m2;19077.169921875;320.50958251953125;16658.56640625;-78.0000228881836;359.5;1.5000003576278687;;1;185633;m2;189530;0;
..\..\world\khazmodan\lochmodan\passivedoodads\fences\lochmodanwoodfence04.m2;19100.8984375;119.77047729492188;16909.326171875;0;282;0;;1;566240;m2;203314;0;
..\..\world\khazmodan\lochmodan\passivedoodads\fences\lochmodanwoodfence04.m2;19158.3125;116.98152923583984;16874.611328125;0;305.5;0;;1;566245;m2;203314;0;
..\..\world\khazmodan\lochmodan\passivedoodads\fences\lochmodanwoodfence04.m2;19167.669921875;120.6889419555664;16823.703125;0;40.5;0;;1;566267;m2;203314;0;
..\..\world\khazmodan\lochmodan\passivedoodads\fences\lochmodanwoodfence04.m2;19026.830078125;156.18385314941406;17009.736328125;0;0;0;;1;566203;m2;203314;0;
..\..\world\khazmodan\lochmodan\passivedoodads\fences\lochmodanwoodfence04.m2;19062.9765625;145.58412170410156;16863.00390625;0;327;0;;1;566324;m2;203314;0;
..\..\world\khazmodan\lochmodan\passivedoodads\fences\lochmodanwoodfence04.m2;19110.9921875;170.2711639404297;16796.744140625;0;0;0;;1;566347;m2;203314;0;
..\..\world\khazmodan\lochmodan\passivedoodads\fences\lochmodanwoodfence04.m2;19119.08203125;170.1285400390625;16806.20703125;0;0;0;;1;566354;m2;203314;0;
..\..\world\azeroth\elwynn\passivedoodads\haystacks\haystack01.m2;19161.841796875;113.00341033935547;16987.60546875;0;0;0;;1.029296875;362920;m2;189810;0;
..\..\world\generic\human\passivedoodads\crates\stormwindcrate01.m2;19065.43359375;194.1114959716797;16778.66015625;0;134;0;;0.8193359375;669738;m2;198168;0;
..\..\world\generic\human\passivedoodads\banners\stormwindgriffonbanner01.m2;19077.8828125;197.6735076904297;16779.74609375;0;224.99998474121094;0;;0.2294921875;391445;m2;197995;0;
..\..\world\generic\human\passivedoodads\crates\stormwindcrate01.m2;19078.6875;194.1121826171875;16772.6640625;0;28.9951171875;0;;0.83984375;669744;m2;198168;0;
..\..\world\generic\human\passivedoodads\crates\replacecrate03.m2;19198.90625;117.81849670410156;16843.775390625;0;144.551513671875;0;;1;566362;m2;198167;0;
..\..\world\generic\human\passivedoodads\crates\replacecrate03.m2;19050.55859375;145.54891967773438;16865.8984375;0;339.5538330078125;0;;1;566381;m2;198167;0;
..\..\world\critter\flies\flies01.m2;19113.86328125;179.07481384277344;16779.892578125;0;19.5;0;;0.619140625;194973;m2;190739;0;
..\..\world\generic\human\passivedoodads\crates\stormwindcrate01.m2;19069.76953125;191.50070190429688;16783.12109375;0;0;0;;1;669740;m2;198168;0;
..\..\world\generic\passivedoodads\furniture\containers\barrel02.m2;19150.705078125;112.58255767822266;16993.720703125;0;51;0;;1;363114;m2;199737;0;
..\..\world\generic\passivedoodads\furniture\containers\barrel02.m2;19051.314453125;145.53826904296875;16864.658203125;0;305.62701416015625;0;;1;566386;m2;199737;0;
..\..\world\khazmodan\lochmodan\passivedoodads\fences\lochmodanstonefence04.m2;19162.76953125;112.8786392211914;16984.919921875;0;281.5;0;;1;363111;m2;203310;0;
..\..\world\generic\passivedoodads\furniture\containers\barrel02.m2;19196.845703125;117.87735748291016;16845.56640625;0;60.4376220703125;0;;1;566367;m2;199737;0;
..\..\world\generic\passivedoodads\furniture\containers\barrel02.m2;19196.234375;118.07420349121094;16831.48046875;0;65.5;0;;1;192019;m2;199737;0;
..\..\world\azeroth\elwynn\passivedoodads\shovel\shovel.m2;19054.546875;145.40191650390625;16863.234375;42;177.09429931640625;-1.5000001192092896;;1;566383;m2;189854;0;
..\..\world\generic\passivedoodads\furniture\containers\barrel02.m2;19128.71484375;113.41951751708984;16987.125;-10;0;-4.499999523162842;;1;363133;m2;199737;0;
..\..\world\generic\human\passivedoodads\crates\replacecrate01.m2;19157.107421875;112.89584350585938;16993.390625;0;0;0;;1;362924;m2;198165;0;
..\..\world\generic\passivedoodads\furniture\containers\barrel02.m2;19196.8671875;118.07652282714844;16832.0859375;0;75.5;0;;1;192020;m2;199737;0;
..\..\world\azeroth\elwynn\passivedoodads\battlegladeshield2\battlegladeshield2.m2;19160.951171875;113.42945098876953;16987.576171875;2.000000238418579;357;-107.9999771118164;;1;363119;m2;189678;0;
..\..\world\generic\orc\passivedoodads\animalskulls\boarskull.m2;19129.486328125;113.3665771484375;16986.919921875;0.5000052452087402;112;34.999996185302734;;1;363131;m2;199049;0;
..\..\world\azeroth\elwynn\passivedoodads\pick\pick.m2;19153.005859375;112.89148712158203;16971.6015625;-89.50032806396484;178.5;-106.99954223632812;;1;362919;m2;189834;0;
..\..\world\generic\human\passivedoodads\buckets\cavekoboldbucket.m2;19198.732421875;118.4405288696289;16843.6484375;0;319.0636901855469;0;;1;566366;m2;198069;0;
..\..\world\generic\passivedoodads\furniture\containers\barrel02.m2;19160.578125;112.9456787109375;16990.65234375;0;0;0;;1;363115;m2;199737;0;
..\..\world\generic\dwarf\passivedoodads\powderkegs\powderkegfused.m2;19052.60546875;146.0799102783203;16848.841796875;0;131.8289794921875;0;;1;566330;m2;197464;0;
..\..\world\generic\dwarf\passivedoodads\powderkegs\powderkegfused.m2;19052.666015625;146.0790252685547;16848.109375;0;272.9966125488281;0;;1;566331;m2;197464;0;
..\..\world\generic\human\passivedoodads\flagpole\flagpole01.m2;19078.375;200.8831329345703;16779.255859375;90;315;0;;0.119140625;391443;m2;198199;0;
..\..\world\generic\passivedoodads\furniture\containers\barrel02.m2;19128.197265625;113.2774429321289;16986.423828125;-6;341.5;0.9999998807907104;;0.75;363134;m2;199737;0;
..\..\world\generic\human\passivedoodads\buckets\cavekoboldbucket.m2;19055.0859375;146.08009338378906;16862.314453125;0;195.09017944335938;0;;1;566385;m2;198069;0;
..\..\world\azeroth\elwynn\passivedoodads\jugs\jug01.m2;19153.501953125;112.82855224609375;16971.416015625;0;277.5;0;;1.259765625;362918;m2;189820;0;
..\..\world\generic\human\passivedoodads\bookstacks\generalbookstackshort01.m2;19160.330078125;112.97601318359375;16989.966796875;0;0;0;;1;363147;m2;198055;0;
..\..\world\azeroth\elwynn\passivedoodads\jugs\jug02.m2;19130.568359375;113.43216705322266;16986.7734375;0;312.5;0;;1;363128;m2;189821;0;
..\..\world\azeroth\elwynn\passivedoodads\jugs\jug02.m2;19162.12890625;113.67813110351562;16987.68359375;0;41.5;0;;1;363118;m2;189821;0;
..\..\world\generic\dwarf\passivedoodads\tools\toolbox01.m2;19052.34375;146.4187774658203;16846.890625;0;46.44061279296875;0;;0.5791015625;566334;m2;197621;0;
..\..\world\generic\human\passivedoodads\bottles\bottle01.m2;19051.005859375;146.22654724121094;16867.205078125;0;56.339599609375;0;;1;566384;m2;198057;0;
..\..\world\generic\dwarf\passivedoodads\tools\lunchbox01.m2;19052.34375;147.30531311035156;16846.796875;0;338.2542724609375;0;;0.7099609375;566335;m2;197617;0;
..\..\world\azeroth\elwynn\passivedoodads\jars\jar03.m2;19196.4296875;117.82518005371094;16844.462890625;0;151.659912109375;0;;1;566365;m2;189817;0;
..\..\world\azeroth\elwynn\passivedoodads\jugs\jug01.m2;19152.763671875;112.82872772216797;16970.896484375;0;0;0;;1;362917;m2;189820;0;
..\..\world\generic\human\passivedoodads\ropes\cavekoboldropecoil.m2;19128.259765625;114.00566864013672;16986.29296875;-4.5;349.5;-1;;0.4697265625;363130;m2;198422;0;
..\..\world\azeroth\elwynn\passivedoodads\jars\jar02.m2;19128.818359375;113.33280944824219;16986.45703125;-9;341;-3;;1;363132;m2;189816;0;
..\..\world\azeroth\elwynn\passivedoodads\jars\jar02.m2;19196.81640625;117.82380676269531;16844.0859375;0;313.99884033203125;0;;1;566368;m2;189816;0;
..\..\world\azeroth\elwynn\passivedoodads\jars\jar02.m2;19050.3984375;146.18505859375;16865.6875;0;144.67236328125;0;;1;566388;m2;189816;0;
..\..\world\azeroth\westfall\passivedoodads\westfallchair\westfallchair.m2;19149.919921875;112.79931640625;16992.76171875;0;0;0;;1;363112;m2;190658;0;
..\..\world\azeroth\elwynn\passivedoodads\jars\jar02.m2;19050.564453125;146.18409729003906;16866.171875;0;334.02752685546875;0;;1;566387;m2;189816;0;
..\..\world\azeroth\elwynn\passivedoodads\jugs\jug02.m2;19131.041015625;113.44084167480469;16986.76953125;0;0;0;;1;363127;m2;189821;0;
..\..\world\generic\dwarf\passivedoodads\steins\dwarvenstein02.m2;19196.990234375;119.04347229003906;16832.060546875;0;145.5;0;;1;192021;m2;197552;0;
..\..\world\generic\human\passivedoodads\bottles\greenbottle02.m2;19162.58203125;112.97958374023438;16987.19140625;0;0;0;;1;362922;m2;198061;0;
..\..\world\generic\human\passivedoodads\bottles\greenbottle02.m2;19162.73828125;113.04115295410156;16987.0546875;0;58;0;;1;362923;m2;198061;0;
..\..\world\generic\human\passivedoodads\bottles\greenbottle02.m2;19198.90625;118.43882751464844;16844.048828125;0;160.7568359375;0;;1;566369;m2;198061;0;
..\..\world\azeroth\westfall\passivedoodads\utensils\bowl.m2;19149.888671875;113.41272735595703;16992.8046875;0;0;0;;1;363113;m2;190650;0;
..\..\world\generic\orc\passivedoodads\bowls\bowlwood01.m2;19160.03125;113.0054931640625;16990.462890625;0;0;0;;1;363116;m2;199121;0;
..\..\world\generic\orc\passivedoodads\bowls\bowlwood01.m2;19160.595703125;113.94690704345703;16990.517578125;0;0;0;;1;363117;m2;199121;0;
..\..\world\wmo\khazmodan\buildings\dwarven_griffonaviary\dwarven_griffonaviary.wmo;19090.533203125;160.19967651367188;16795.013671875;0;48;0;0;1;171768;wmo;113916;0;Set_$DefaultGlobal
..\..\world\wmo\khazmodan\buildings\dwarven_barracks\wetlands_barracks\wet_dwarfbarracks.wmo;19185.755859375;127.54873657226562;16747.3046875;0;103;0;0;1;188252;wmo;113897;0;Set_$DefaultGlobal
..\..\world\wmo\khazmodan\buildings\dwarven_blacksmith\wetland_blacksmith\wetland_blacksmith.wmo;19053.56640625;149.348876953125;16854.19140625;0;89.5;0;0;1;188253;wmo;113913;2;Set_B
..\..\world\wmo\autogen-names\unknown\21071.wmo;18662.46484375;196.7054901123047;17042.3671875;0;270;0;0;1;354084;wmo;7952344;0;Set_$DefaultGlobal
..\..\world\wmo\khazmodan\buildings\dwarven_1story_hovel\mud_hovel\mud_hovel.wmo;19154.046875;113.2483901977539;16999.302734375;0;182;0;0;1;362913;wmo;113869;2;Set_B
