ModelFile;PositionX;PositionY;PositionZ;RotationX;RotationY;RotationZ;RotationW;ScaleFactor;ModelId;Type;FileDataID;DoodadSetIndexes;DoodadSetNames
..\..\world\azeroth\deadwindpass\passivedoodads\trees\deadwindpassmidtree02.m2;18722.48046875;145.9269561767578;27894.2109375;0;27.6754150390625;0;;3.966796875;565276;m2;189337;0;
..\..\world\azeroth\duskwood\passivedoodads\spooklesstrees\duskwoodtreespookless02.m2;18112.55078125;83.83850860595703;28220.34375;0;337;-0.9999998807907104;;1.119140625;39780;m2;189522;0;
..\..\world\azeroth\duskwood\passivedoodads\spooklesstrees\duskwoodtreespookless02.m2;18123.501953125;38.28592300415039;27841.40234375;0;130;0;;1.048828125;38893;m2;189522;0;
..\..\world\azeroth\duskwood\passivedoodads\spooklesstrees\duskwoodtreespookless02.m2;18143.3984375;60.2353401184082;28156.734375;0;221;0;;1.044921875;40872;m2;189522;0;
..\..\world\azeroth\duskwood\passivedoodads\spooklesstrees\duskwoodtreespookless02.m2;18473.82421875;139.733642578125;28220.6796875;0;42.5;0;;1.03515625;40954;m2;189522;0;
..\..\world\azeroth\duskwood\passivedoodads\spooklesstrees\duskwoodtreespookless02.m2;18563.0703125;132.78173828125;27846.337890625;0;238;0;;1.046875;40416;m2;189522;0;
..\..\world\azeroth\duskwood\passivedoodads\spooklesstrees\duskwoodtreespookless02.m2;18555.103515625;122.125;28117.72265625;0;235;0;;1.0107421875;40868;m2;189522;0;
..\..\world\azeroth\duskwood\passivedoodads\spooklesstrees\duskwoodtreespookless02.m2;18509.92578125;97.22187805175781;27862.76953125;0;318;0;;1;40413;m2;189522;0;
..\..\world\azeroth\duskwood\passivedoodads\spooklesstrees\duskwoodtreespookless02.m2;18530.482421875;117.2786636352539;28064.1171875;0;313.5;0;;1;40793;m2;189522;0;
..\..\world\azeroth\duskwood\passivedoodads\spooklesstrees\duskwoodtreespookless02.m2;18540.86328125;131.7393035888672;27976.59375;0;307.5;0;;1;40731;m2;189522;0;
..\..\world\azeroth\duskwood\passivedoodads\spooklesstrees\duskwoodtreespookless02.m2;18444.505859375;50.27565002441406;28062.419921875;0;233.5;0;;1;88366;m2;189522;0;
..\..\world\azeroth\duskwood\passivedoodads\spooklesstrees\duskwoodtreespookless02.m2;18178.134765625;38.329410552978516;27978.65234375;0;324;0;;1;40705;m2;189522;0;
..\..\world\azeroth\duskwood\passivedoodads\spooklesstrees\duskwoodtreespookless02.m2;18240.353515625;42.13631820678711;28103.05078125;0;313;0;;0.9931640625;451857;m2;189522;0;
..\..\world\azeroth\duskwood\passivedoodads\spooklesstrees\duskwoodtreespookless02.m2;18244.39453125;37.555274963378906;27988.2734375;0;219;0;;0.9921875;40712;m2;189522;0;
..\..\world\azeroth\duskwood\passivedoodads\spooklesstrees\duskwoodtreespookless02.m2;18511.529296875;121.60891723632812;28039.107421875;0;120;0;;1.009765625;40791;m2;189522;0;
..\..\world\azeroth\duskwood\passivedoodads\trees\duskwoodtreecanopy01.m2;18572.7421875;89.49365234375;27725.828125;0;327;-1;;1.099609375;29692;m2;189560;0;
..\..\world\azeroth\duskwood\passivedoodads\spooklesstrees\duskwoodtreespookless02.m2;18303.24609375;58.94580078125;28143.654296875;0;338;0;;1.046875;40886;m2;189522;0;
..\..\world\azeroth\duskwood\passivedoodads\spooklesstrees\duskwoodtreespookless02.m2;18185.416015625;28.614131927490234;27868.1953125;0;143;0;;0.990234375;40426;m2;189522;0;
..\..\world\azeroth\duskwood\passivedoodads\spooklesstrees\duskwoodtreespookless02.m2;18436.6328125;55.91154098510742;27922.2421875;0;336.5;0;;1.03515625;451856;m2;189522;0;
..\..\world\azeroth\duskwood\passivedoodads\spooklesstrees\duskwoodtreespookless02.m2;18328.4609375;51.182289123535156;27989.78515625;0;301.5;0;;1;40720;m2;189522;0;
..\..\world\azeroth\duskwood\passivedoodads\spooklesstrees\duskwoodtreespookless02.m2;18157.888671875;60.40454864501953;28189.1953125;0;54;0;;0.986328125;40905;m2;189522;0;
..\..\world\azeroth\duskwood\passivedoodads\spooklesstrees\duskwoodtreespookless02.m2;18250.443359375;48.3682861328125;28125.3828125;0;329.5;0;;1;40832;m2;189522;0;
..\..\world\azeroth\duskwood\passivedoodads\spooklesstrees\duskwoodtreespookless02.m2;18254.548828125;35.76898193359375;27894.171875;0.5;27.5;0.9999997615814209;;1;88937;m2;189522;0;
..\..\world\azeroth\duskwood\passivedoodads\spooklesstrees\duskwoodtreespookless02.m2;18601.775390625;166.5143585205078;27862.482421875;0;29;0;;1;40419;m2;189522;0;
..\..\world\azeroth\duskwood\passivedoodads\spooklesstrees\duskwoodtreespookless02.m2;18106.64453125;76.45784759521484;28176.9453125;0;67;0;;1.0263671875;39715;m2;189522;0;
..\..\world\azeroth\duskwood\passivedoodads\spooklesstrees\duskwoodtreespookless02.m2;18233.283203125;67.95288848876953;28182.107421875;0;203;0;;1.025390625;40911;m2;189522;0;
..\..\world\azeroth\duskwood\passivedoodads\spooklesstrees\duskwoodtreespookless02.m2;18377.048828125;50.43915939331055;27678.20703125;0;329;0;;0.9794921875;29557;m2;189522;0;
..\..\world\azeroth\duskwood\passivedoodads\spooklesstrees\duskwoodtreespookless02.m2;18117.404296875;90.79126739501953;28237.201171875;0;120;0;;0.978515625;39816;m2;189522;0;
..\..\world\azeroth\duskwood\passivedoodads\spooklesstrees\duskwoodtreespookless02.m2;18332.71484375;155.8675079345703;28254.28515625;0;335.5;0;;1;40957;m2;189522;0;
..\..\world\azeroth\duskwood\passivedoodads\spooklesstrees\duskwoodtreespookless02.m2;18140.302734375;71.3992691040039;28141.1484375;0;224.5;0;;0.9521484375;40871;m2;189522;0;
..\..\world\azeroth\duskwood\passivedoodads\spooklesstrees\duskwoodtreespookless02.m2;18175.68359375;41.399505615234375;28139.7109375;0;125;0;;0.9541015625;40879;m2;189522;0;
..\..\world\azeroth\duskwood\passivedoodads\spooklesstrees\duskwoodtreespookless02.m2;18399.443359375;47.18741989135742;27916.75;0;164;0;;1.048828125;40637;m2;189522;0;
..\..\world\azeroth\duskwood\passivedoodads\trees\duskwoodtreecanopy01.m2;18568.931640625;84.14158630371094;27798.701171875;3.499999523162842;320;6.499998569488525;;0.9873046875;40017;m2;189560;0;
..\..\world\azeroth\duskwood\passivedoodads\spooklesstrees\duskwoodtreespookless02.m2;18450.900390625;140.20803833007812;28233.166015625;0;58.5;0;;0.95703125;40952;m2;189522;0;
..\..\world\azeroth\duskwood\passivedoodads\spooklesstrees\duskwoodtreespookless02.m2;18283.60546875;82.20541381835938;28149.072265625;0;205;0;;0.978515625;40884;m2;189522;0;
..\..\world\azeroth\duskwood\passivedoodads\spooklesstrees\duskwoodtreespookless02.m2;18167.943359375;42.8599739074707;27905.416015625;0;293;0;;0.98828125;40577;m2;189522;0;
..\..\world\azeroth\duskwood\passivedoodads\spooklesstrees\duskwoodtreespookless02.m2;18268.01953125;44.13938903808594;27966.73828125;0;201;0;;1;40716;m2;189522;0;
..\..\world\azeroth\duskwood\passivedoodads\spooklesstrees\duskwoodtreespookless02.m2;18312.876953125;112.53510284423828;28209.37890625;0;302;0;;0.94921875;40942;m2;189522;0;
..\..\world\azeroth\duskwood\passivedoodads\trees\duskwoodtreecanopy01.m2;18478.578125;93.13570404052734;28007.1015625;0;301.5;0;;1.0478515625;40762;m2;189560;0;
..\..\world\azeroth\duskwood\passivedoodads\spooklesstrees\duskwoodtreespookless02.m2;18551.388671875;90.98477935791016;27753.77734375;0;207;0;;0.958984375;39894;m2;189522;0;
..\..\world\azeroth\duskwood\passivedoodads\spooklesstrees\duskwoodtreespookless02.m2;18398.95703125;51.10166549682617;27940.42578125;0;340.5;0;;1;40687;m2;189522;0;
..\..\world\azeroth\duskwood\passivedoodads\trees\duskwoodtreecanopy01.m2;18451.943359375;38.39524459838867;27818.638671875;0;51;0;;1.021484375;40149;m2;189560;0;
..\..\world\azeroth\duskwood\passivedoodads\spooklesstrees\duskwoodtreespookless02.m2;18468.4765625;39.88254928588867;27772.81640625;0;288.5;0;;1;40011;m2;189522;0;
..\..\world\azeroth\duskwood\passivedoodads\trees\duskwoodtreecanopy01.m2;18619.158203125;98.15582275390625;27748.953125;0;147;0;;1.03125;39904;m2;189560;0;
..\..\world\azeroth\duskwood\passivedoodads\trees\duskwoodtreecanopy01.m2;18214.9609375;38.77482986450195;28040.681640625;0;126;0;;1.021484375;88368;m2;189560;0;
..\..\world\azeroth\duskwood\passivedoodads\spooklesstrees\duskwoodtreespookless02.m2;18290.42578125;107.47065734863281;28226.49609375;0;105;0;;1.0146484375;40941;m2;189522;0;
..\..\world\azeroth\duskwood\passivedoodads\spooklesstrees\duskwoodtreespookless02.m2;18319.408203125;36.12558364868164;27929.7421875;0;108;0;;0.9658203125;40633;m2;189522;0;
..\..\world\azeroth\duskwood\passivedoodads\trees\duskwoodtreecanopy01.m2;18502.220703125;87.17967987060547;27743.27734375;0;335;0;;1.02734375;39893;m2;189560;0;
..\..\world\azeroth\duskwood\passivedoodads\trees\duskwoodtreecanopy01.m2;18387.306640625;36.10380935668945;27844.525390625;0;139;0;;0.9755859375;40387;m2;189560;0;
..\..\world\azeroth\duskwood\passivedoodads\spooklesstrees\duskwoodtreespookless02.m2;18121.39453125;60.51239776611328;28056.3203125;0;308;0;;0.8828125;39369;m2;189522;0;
..\..\world\azeroth\duskwood\passivedoodads\spooklesstrees\duskwoodtreespookless02.m2;18311.779296875;51.2430305480957;28058.609375;0;12.5;0;;1;40776;m2;189522;0;
..\..\world\azeroth\duskwood\passivedoodads\trees\duskwoodtreecanopy01.m2;18203.513671875;36.10282516479492;27990.171875;0;122;0;;0.9853515625;40710;m2;189560;0;
..\..\world\azeroth\duskwood\passivedoodads\trees\duskwoodtreecanopy01.m2;18300.658203125;117.42916107177734;28223.8515625;2.499999761581421;201;3;;1.0205078125;40945;m2;189560;0;
..\..\world\azeroth\duskwood\passivedoodads\spooklesstrees\duskwoodtreespookless02.m2;18356.607421875;52.0938720703125;27965.44921875;0;105;0;;0.970703125;40680;m2;189522;0;
..\..\world\azeroth\duskwood\passivedoodads\trees\duskwoodtreecanopy01.m2;18539.880859375;151.7178955078125;28158.419921875;0;222.49998474121094;0;;0.9609375;40901;m2;189560;0;
..\..\world\azeroth\duskwood\passivedoodads\spooklesstrees\duskwoodtreespookless02.m2;18515.595703125;136.12960815429688;28205.046875;0;167.5;0;;0.9912109375;40956;m2;189522;0;
..\..\world\azeroth\duskwood\passivedoodads\trees\duskwoodtreecanopy01.m2;18110.595703125;72.04004669189453;28115.0859375;0;236;0;;0.9677734375;39494;m2;189560;0;
..\..\world\azeroth\duskwood\passivedoodads\spooklesstrees\duskwoodtreespookless02.m2;18336.25;32.09555435180664;27801.6953125;0;255;0;;0.962890625;40138;m2;189522;0;
..\..\world\azeroth\duskwood\passivedoodads\spooklesstrees\duskwoodtreespookless02.m2;18657.693359375;148.45455932617188;27803.3046875;11;269;12.999999046325684;;0.98828125;40165;m2;189522;0;
..\..\world\azeroth\duskwood\passivedoodads\trees\duskwoodtreecanopy01.m2;18180.361328125;54.28791046142578;28170.48046875;0;24.5;0;;1;40909;m2;189560;0;
..\..\world\azeroth\duskwood\passivedoodads\trees\duskwoodtreecanopy01.m2;18238.361328125;88.25409698486328;28220.22265625;0;35;0;;0.955078125;40939;m2;189560;0;
..\..\world\azeroth\duskwood\passivedoodads\spooklesstrees\duskwoodtreespookless02.m2;18312.2265625;35.43102264404297;27901.607421875;0;215.5;0;;0.859375;40632;m2;189522;0;
..\..\world\azeroth\duskwood\passivedoodads\spooklesstrees\duskwoodtreespookless02.m2;18298.708984375;39.46942138671875;27688.5546875;0;101;0;;0.9873046875;29539;m2;189522;0;
..\..\world\azeroth\duskwood\passivedoodads\trees\duskwoodtreecanopy01.m2;18217.19140625;69.44462585449219;28188.45703125;0;334;0;;0.982421875;40910;m2;189560;0;
..\..\world\azeroth\duskwood\passivedoodads\trees\duskwoodtreecanopy01.m2;18142.94140625;37.73799514770508;27829.666015625;-1.500000238418579;22.5;-1;;1;40026;m2;189560;0;
..\..\world\azeroth\duskwood\passivedoodads\trees\duskwoodtreecanopy01.m2;18156.255859375;41.61262893676758;27946.734375;0;21;0;;1.0107421875;40652;m2;189560;0;
..\..\world\azeroth\duskwood\passivedoodads\spooklesstrees\duskwoodtreespookless02.m2;18593.2421875;142.55950927734375;27817.53515625;0;347.5;0;;0.9638671875;40164;m2;189522;0;
..\..\world\azeroth\duskwood\passivedoodads\trees\duskwoodtreecanopy01.m2;18306.173828125;55.513519287109375;28093.39453125;0;24.5;0;;0.9833984375;40808;m2;189560;0;
..\..\world\azeroth\duskwood\passivedoodads\trees\duskwoodtreecanopy01.m2;18418.134765625;47.923072814941406;27728.40234375;0;333;0;;0.9638671875;29680;m2;189560;0;
..\..\world\azeroth\duskwood\passivedoodads\trees\duskwoodtreecanopy01.m2;18365.2734375;80.67916870117188;28211.5078125;0;26.5;0;;0.9658203125;40946;m2;189560;0;
..\..\world\azeroth\duskwood\passivedoodads\trees\duskwoodtreecanopy01.m2;18496.33203125;155.92227172851562;28235.30859375;0;105;0;;1.046875;40959;m2;189560;0;
..\..\world\azeroth\duskwood\passivedoodads\trees\duskwoodtreecanopy01.m2;18405.77734375;43.23059844970703;27894.359375;0;28;0;;0.951171875;40559;m2;189560;0;
..\..\world\azeroth\duskwood\passivedoodads\spooklesstrees\duskwoodtreespookless02.m2;18486.0234375;100.78463745117188;27973.52734375;0;280.5;0;;0.962890625;40728;m2;189522;0;
..\..\world\azeroth\duskwood\passivedoodads\spooklesstrees\duskwoodtreespookless02.m2;18430.5703125;51.01915740966797;28007.80078125;0;280.5;0;;0.962890625;88367;m2;189522;0;
..\..\world\azeroth\duskwood\passivedoodads\spooklesstrees\duskwoodtreespookless02.m2;18609.23828125;152.47499084472656;27796.81640625;0;228;0;;0.8232421875;40018;m2;189522;0;
..\..\world\azeroth\duskwood\passivedoodads\spooklesstrees\duskwoodtreespookless02.m2;18323.71484375;41.91747283935547;27682.65234375;0;307;0;;0.8251953125;29554;m2;189522;0;
..\..\world\azeroth\duskwood\passivedoodads\trees\duskwoodtreecanopy01.m2;18468.271484375;48.5659065246582;27879.80078125;0;203.5;0;;0.9619140625;40407;m2;189560;0;
..\..\world\azeroth\duskwood\passivedoodads\spooklesstrees\duskwoodtreespookless02.m2;18486.134765625;62.44464111328125;27702.78125;0;43.5;0;;0.81640625;29685;m2;189522;0;
..\..\world\azeroth\duskwood\passivedoodads\trees\duskwoodtreecanopy01.m2;18554.080078125;153.0209503173828;27916.216796875;0;67.5;0;;0.9619140625;40646;m2;189560;0;
..\..\world\azeroth\duskwood\passivedoodads\spooklesstrees\duskwoodtreespookless02.m2;18420.52734375;107.20482635498047;28209.029296875;0;277.5;0;;0.9794921875;40949;m2;189522;0;
..\..\world\azeroth\duskwood\passivedoodads\trees\duskwoodtreecanopy01.m2;18545.345703125;140.0911407470703;28146.8828125;0;13.5;0;;1.033203125;40899;m2;189560;0;
..\..\world\azeroth\duskwood\passivedoodads\trees\duskwoodtreecanopy01.m2;18207.970703125;79.79198455810547;28216.5;0;195;0;;1.0185546875;40938;m2;189560;0;
..\..\world\azeroth\duskwood\passivedoodads\spooklesstrees\duskwoodtreespookless02.m2;18330.8671875;54.35746765136719;28120.43359375;0;354.5;0;;1;53452;m2;189522;0;
..\..\world\azeroth\duskwood\passivedoodads\spooklesstrees\duskwoodtreespookless02.m2;18274.486328125;38.24906539916992;27858.197265625;0;276;0;;0.9921875;88935;m2;189522;0;
..\..\world\azeroth\duskwood\passivedoodads\spooklesstrees\duskwoodtreespookless02.m2;18524.21484375;89.6339340209961;27727.48046875;0;261.5;0;;0.962890625;29687;m2;189522;0;
..\..\world\azeroth\duskwood\passivedoodads\spooklesstrees\duskwoodtreespookless02.m2;18360.4765625;36.91322326660156;27879.6484375;0;342;0;;0.8798828125;40545;m2;189522;0;
..\..\world\azeroth\duskwood\passivedoodads\trees\duskwoodtreecanopy01.m2;18114.650390625;43.85066223144531;27884.044921875;0;70.5;0;;0.97265625;38961;m2;189560;0;
..\..\world\azeroth\duskwood\passivedoodads\trees\duskwoodtreecanopy01.m2;18487.416015625;70.10244750976562;27752.27734375;0;252;0;;0.978515625;39892;m2;189560;0;
..\..\world\azeroth\duskwood\passivedoodads\spooklesstrees\duskwoodtreespookless02.m2;18344.92578125;58.66835403442383;28176.56640625;0;355.5;0;;1;40914;m2;189522;0;
..\..\world\azeroth\duskwood\passivedoodads\spooklesstrees\duskwoodtreespookless02.m2;18330.388671875;54.44002151489258;28121.859375;0;6;0;;0.9697265625;40836;m2;189522;0;
..\..\world\azeroth\duskwood\passivedoodads\trees\duskwoodtreecanopy01.m2;18557.638671875;135.7870330810547;28083.4296875;0;163.5;0;;0.9697265625;40814;m2;189560;0;
..\..\world\azeroth\duskwood\passivedoodads\trees\duskwoodtreecanopy01.m2;18545.671875;140.8297882080078;28018.53125;0;171;0;;1.0439453125;40764;m2;189560;0;
..\..\world\azeroth\duskwood\passivedoodads\spooklesstrees\duskwoodtreespookless02.m2;18469.751953125;72.52593994140625;28140.498046875;0;267.4999694824219;0;;1;40858;m2;189522;0;
..\..\world\azeroth\duskwood\passivedoodads\spooklesstrees\duskwoodtreespookless02.m2;18374.111328125;53.492679595947266;28137.08203125;0;269;0;;1.017578125;40890;m2;189522;0;
..\..\world\azeroth\duskwood\passivedoodads\spooklesstrees\duskwoodtreespookless02.m2;18252.267578125;38.19473648071289;28057.40234375;0;1;0;;1;40772;m2;189522;0;
..\..\world\azeroth\duskwood\passivedoodads\trees\duskwoodtreecanopy01.m2;18487.541015625;101.74175262451172;27938.17578125;0;11.5;0;;0.984375;40692;m2;189560;0;
..\..\world\azeroth\duskwood\passivedoodads\spooklesstrees\duskwoodtreespookless01.m2;18103.916015625;56.09382629394531;27915.666015625;0;230.00001525878906;0;;0.9970703125;39029;m2;189521;0;
..\..\world\azeroth\duskwood\passivedoodads\spooklesstrees\duskwoodtreespookless02.m2;18488.4765625;110.6468276977539;28195.76953125;0;271;0;;0.986328125;40923;m2;189522;0;
..\..\world\azeroth\duskwood\passivedoodads\spooklesstrees\duskwoodtreespookless02.m2;18165.314453125;39.20701217651367;28043.7265625;0;0;0;;1;40768;m2;189522;0;
..\..\world\azeroth\duskwood\passivedoodads\spooklesstrees\duskwoodtreespookless02.m2;18313.8046875;54.09567642211914;28028.8046875;0;178;0;;0.9697265625;40751;m2;189522;0;
..\..\world\azeroth\duskwood\passivedoodads\trees\duskwoodtree07.m2;18286.23046875;106.5341567993164;28200.203125;0;326.5;1;;1.1396484375;40940;m2;189559;0;
..\..\world\azeroth\duskwood\passivedoodads\trees\duskwoodtree06.m2;18374.220703125;41.04097366333008;27744.5546875;0;224.99998474121094;0;;1.046875;39883;m2;189558;0;
..\..\world\azeroth\duskwood\passivedoodads\spooklesstrees\duskwoodtreespookless01.m2;18114.01171875;63.89131546020508;28095.341796875;0;323;0;;0.984375;39424;m2;189521;0;
..\..\world\azeroth\duskwood\passivedoodads\trees\duskwoodtreecanopy01.m2;18101.451171875;52.11316680908203;27747.5546875;0;170;0;;0.970703125;38711;m2;189560;0;
..\..\world\azeroth\duskwood\passivedoodads\spooklesstrees\duskwoodtreespookless02.m2;18146.8359375;87.04558563232422;28232.73828125;0;177;0;;0.9365234375;40932;m2;189522;0;
..\..\world\azeroth\duskwood\passivedoodads\spooklesstrees\duskwoodtreespookless01.m2;18101.220703125;71.65396881103516;27954.27734375;0;296;0;;1.00390625;39075;m2;189521;0;
..\..\world\azeroth\duskwood\passivedoodads\trees\duskwoodtreecanopy01.m2;18124.400390625;34.04768371582031;27771.10546875;-5.500000953674316;355.5;-0.49999988079071045;;1;38751;m2;189560;0;
..\..\world\azeroth\duskwood\passivedoodads\spooklesstrees\duskwoodtreespookless02.m2;18110.52734375;67.98340606689453;27714.25;0;90;0;;0.94921875;28063;m2;189522;0;
..\..\world\azeroth\duskwood\passivedoodads\trees\duskwoodtree06.m2;18537.14453125;139.3192901611328;28183.072265625;-5.500002861022949;108.5;-10;;1.04296875;40930;m2;189558;0;
..\..\world\azeroth\duskwood\passivedoodads\spooklesstrees\duskwoodtreespookless02.m2;18390.8671875;43.534358978271484;27792.244140625;0;1.5;0;;0.919921875;39981;m2;189522;0;
..\..\world\azeroth\duskwood\passivedoodads\spooklesstrees\duskwoodtreespookless02.m2;18679.888671875;171.00035095214844;27743.58203125;0;11;0;;0.8115234375;560683;m2;189522;0;
..\..\world\azeroth\duskwood\passivedoodads\spooklesstrees\duskwoodtreespookless02.m2;18470.970703125;55.23435592651367;27729.6484375;0;77;0;;0.7890625;29686;m2;189522;0;
..\..\world\azeroth\duskwood\passivedoodads\trees\duskwoodtreecanopy01.m2;18197.595703125;35.795448303222656;27693.78515625;-0.4999999403953552;336.5;0;;0.8095703125;29436;m2;189560;0;
..\..\world\azeroth\duskwood\passivedoodads\trees\duskwoodtree06.m2;18530.052734375;158.170166015625;28233.53125;0;66.5;0;;1.0361328125;40960;m2;189558;0;
..\..\world\azeroth\duskwood\passivedoodads\spooklesstrees\duskwoodtreespookless01.m2;18091;40.87232971191406;27829.138671875;0;295;0;;0.9619140625;38791;m2;189521;0;
..\..\world\azeroth\duskwood\passivedoodads\trees\duskwoodtree06.m2;18404.8046875;99.37228393554688;28187.765625;0.5000001788139343;62;2;;1;40919;m2;189558;0;
..\..\world\azeroth\duskwood\passivedoodads\trees\duskwoodtree06.m2;18681.638671875;163.1837158203125;27706.5546875;0;130;0;;0.970703125;560074;m2;189558;0;
..\..\world\azeroth\duskwood\passivedoodads\trees\duskwoodtree06.m2;18377.02734375;51.943477630615234;27955.58203125;0;232.99996948242188;0;;0.9677734375;40688;m2;189558;0;
..\..\world\azeroth\duskwood\passivedoodads\trees\duskwoodtree06.m2;18582.93359375;154.24722290039062;27860.92578125;0;46;0;;0.95703125;40418;m2;189558;0;
..\..\world\azeroth\duskwood\passivedoodads\spooklesstrees\duskwoodtreespookless02.m2;18271.310546875;26.890050888061523;27717.591796875;0;309;0;;0.6796875;29615;m2;189522;0;
..\..\world\azeroth\duskwood\passivedoodads\trees\duskwoodtree07.m2;18165.203125;33.166221618652344;27867.681640625;0;102;0;;1.0458984375;40421;m2;189559;0;
..\..\world\azeroth\duskwood\passivedoodads\trees\duskwoodtree07.m2;18260.388671875;68.06803131103516;28146.3046875;0;284;0;;1.044921875;40883;m2;189559;0;
..\..\world\azeroth\duskwood\passivedoodads\trees\duskwoodtree07.m2;18399.771484375;36.1468505859375;27822.45703125;0;295;0;;1.0419921875;40141;m2;189559;0;
..\..\world\azeroth\duskwood\passivedoodads\trees\duskwoodtree07.m2;18419.873046875;49.485164642333984;27708.23828125;0;149.5;0;;1.0419921875;29675;m2;189559;0;
..\..\world\azeroth\duskwood\passivedoodads\trees\duskwoodtree07.m2;18273.490234375;38.36577606201172;27931.6875;0;172;0;;1.0390625;40631;m2;189559;0;
..\..\world\azeroth\duskwood\passivedoodads\trees\duskwoodtreecanopy01.m2;18182.6640625;68.8494644165039;28226.310546875;0;2;0;;0.9853515625;40935;m2;189560;0;
..\..\world\azeroth\duskwood\passivedoodads\trees\duskwoodtreecanopy01.m2;18180.43359375;45.95698928833008;27939.2890625;0;1;0;;1;40656;m2;189560;0;
..\..\world\azeroth\duskwood\passivedoodads\trees\duskwoodtree07.m2;18527.240234375;132.4859619140625;27881.80078125;-0.5000000596046448;322.5;3.000000476837158;;1;40564;m2;189559;0;
..\..\world\azeroth\duskwood\passivedoodads\trees\duskwoodtree07.m2;18410.810546875;42.043235778808594;27789.15234375;0;210.99998474121094;0;;1.0283203125;40144;m2;189559;0;
..\..\world\azeroth\duskwood\passivedoodads\trees\duskwoodtree07.m2;18550.02734375;130.1763458251953;27935.125;0;246.5;0;;1.0263671875;40697;m2;189559;0;
..\..\world\azeroth\duskwood\passivedoodads\trees\duskwoodtree07.m2;18436.64453125;81.88736724853516;28167.234375;-2;352.5;-0.5;;1;40918;m2;189559;0;
..\..\world\azeroth\duskwood\passivedoodads\trees\duskwoodtree06.m2;18552.5;152.0048370361328;28175.72265625;0;329;0;;0.9609375;40931;m2;189558;0;
..\..\world\azeroth\duskwood\passivedoodads\trees\duskwoodtree07.m2;18508.244140625;63.9622688293457;27822.98046875;0.5;358.5;1.5000003576278687;;1;40159;m2;189559;0;
..\..\world\azeroth\duskwood\passivedoodads\trees\duskwoodtree07.m2;18620.541015625;101.84024047851562;27713.3671875;0;320;1.5;;1;29701;m2;189559;0;
..\..\world\azeroth\duskwood\passivedoodads\trees\duskwoodtree07.m2;18424.70703125;54.42495346069336;28105.76171875;0;7;0.9999997615814209;;1;40849;m2;189559;0;
..\..\world\azeroth\duskwood\passivedoodads\trees\duskwoodtree07.m2;18141.107421875;50.83504104614258;28028.482421875;0;238.5;0;;1.0087890625;40736;m2;189559;0;
..\..\world\azeroth\duskwood\passivedoodads\trees\duskwoodtree07.m2;18485.783203125;95.1231460571289;28086.43359375;0;83.5;0;;1.0087890625;40859;m2;189559;0;
..\..\world\azeroth\duskwood\passivedoodads\trees\duskwoodtree07.m2;18262.669921875;83.92887115478516;28197.671875;-0.5;66;0;;1;40912;m2;189559;0;
..\..\world\azeroth\duskwood\passivedoodads\trees\duskwoodtree07.m2;18176.365234375;25.396150588989258;27823.119140625;0;0;0;;1;40041;m2;189559;0;
..\..\world\azeroth\duskwood\passivedoodads\trees\duskwoodtree07.m2;18214.337890625;24.367948532104492;27842.69140625;0;260;3.5;;0.9599609375;88936;m2;189559;0;
..\..\world\azeroth\duskwood\passivedoodads\trees\duskwoodtree07.m2;18105.5;58.06964111328125;27919.47265625;0;319;0;;0.990234375;39030;m2;189559;0;
..\..\world\azeroth\duskwood\passivedoodads\trees\duskwoodtree07.m2;18140.52734375;54.462554931640625;27963.921875;0;311;0;;0.9892578125;40653;m2;189559;0;
..\..\world\azeroth\duskwood\passivedoodads\trees\duskwoodtree07.m2;18364.2421875;53.84825897216797;27986.3671875;0;135.5;0;;0.9873046875;40722;m2;189559;0;
..\..\world\azeroth\duskwood\passivedoodads\trees\duskwoodtree07.m2;18501.65234375;111.09221649169922;28082.91015625;0;176;0;;0.9873046875;40812;m2;189559;0;
..\..\world\azeroth\duskwood\passivedoodads\spooklesstrees\duskwoodtreespookless01.m2;18151.52734375;36.64604187011719;27704.2890625;1.5;358;0;;1.109375;29588;m2;189521;0;
..\..\world\azeroth\duskwood\passivedoodads\spooklesstrees\duskwoodtreespookless02.m2;18382.62109375;45.25346374511719;27723.02734375;0;221;0;;0.6396484375;29662;m2;189522;0;
..\..\world\azeroth\duskwood\passivedoodads\trees\duskwoodtree07.m2;18316.986328125;40.16905212402344;27954.19140625;0;4;0;;0.9833984375;40678;m2;189559;0;
..\..\world\azeroth\duskwood\passivedoodads\trees\duskwoodtree07.m2;18373.380859375;41.79631042480469;27792.77734375;0;241;0;;0.9775390625;39982;m2;189559;0;
..\..\world\azeroth\duskwood\passivedoodads\trees\duskwoodtree07.m2;18203.431640625;42.35298538208008;27912.056640625;0;313;1.5;;0.9599609375;40581;m2;189559;0;
..\..\world\azeroth\duskwood\passivedoodads\trees\duskwoodtreecanopy02.m2;18242.587890625;38.709068298339844;27942.01953125;0;0;0;;0.83984375;40673;m2;189561;0;
..\..\world\azeroth\duskwood\passivedoodads\trees\duskwoodtree07.m2;18289.443359375;93.90377044677734;28176.359375;0;93;0;;0.97265625;40913;m2;189559;0;
..\..\world\azeroth\duskwood\passivedoodads\trees\duskwoodtree07.m2;18146.166015625;59.90353775024414;27988.9453125;0;66;0;;0.97265625;40703;m2;189559;0;
..\..\world\azeroth\duskwood\passivedoodads\trees\duskwoodtree07.m2;18502.357421875;100.77053833007812;28162.02734375;0;297.5;0;;0.9716796875;40898;m2;189559;0;
..\..\world\azeroth\duskwood\passivedoodads\trees\duskwoodtree06.m2;18497.6796875;96.62564849853516;28136.09765625;0;266.5;0;;1.1640625;40894;m2;189558;0;
..\..\world\azeroth\duskwood\passivedoodads\trees\duskwoodtree07.m2;18256.931640625;37.36333084106445;28016.640625;0;136;0;;0.9658203125;40748;m2;189559;0;
..\..\world\azeroth\duskwood\passivedoodads\trees\duskwoodtree07.m2;18160.53125;43.24409866333008;28078.1015625;0;140;0;;0.9638671875;40795;m2;189559;0;
..\..\world\azeroth\duskwood\passivedoodads\spooklesstrees\duskwoodtreespookless01.m2;18104.111328125;59.790771484375;27731.22265625;0;10;0;;0.9892578125;28062;m2;189521;0;
..\..\world\azeroth\duskwood\passivedoodads\spooklesstrees\duskwoodtreespookless02.m2;18336.43359375;30.349451065063477;27765.94140625;0;335.5;0;;0.6494140625;39881;m2;189522;0;
..\..\world\azeroth\duskwood\passivedoodads\trees\duskwoodtree06.m2;18344.9375;30.509498596191406;27716.34765625;0;15;0;;1;29655;m2;189558;0;
..\..\world\azeroth\duskwood\passivedoodads\trees\duskwoodtree07.m2;18341.47265625;96.89405059814453;28215.09375;0;265.5;0;;0.94921875;40947;m2;189559;0;
..\..\world\azeroth\duskwood\passivedoodads\trees\duskwoodtree06.m2;18103.83203125;40.05553436279297;27853.1953125;0;193;0;;1.0087890625;38892;m2;189558;0;
..\..\world\azeroth\duskwood\passivedoodads\trees\duskwoodtree06.m2;18306.193359375;121.01553344726562;28230.4453125;0;167;0;;0.994140625;40943;m2;189558;0;
..\..\world\azeroth\duskwood\passivedoodads\spooklesstrees\duskwoodtreespookless02.m2;18375.365234375;52.75838851928711;28030.36328125;0;332;0;;0.619140625;40342;m2;189522;0;
..\..\world\azeroth\duskwood\passivedoodads\trees\duskwoodtree07.m2;18145.689453125;46.25299835205078;28104.58984375;0;307.5;0.5;;0.9091796875;40818;m2;189559;0;
..\..\world\azeroth\duskwood\passivedoodads\trees\duskwoodtree07.m2;18217.24609375;29.752662658691406;27883.26953125;0.4999997913837433;322.5;0.9999995827674866;;0.8994140625;40442;m2;189559;0;
..\..\world\azeroth\duskwood\passivedoodads\trees\duskwoodtree06.m2;18433.27734375;62.56317901611328;28132.47265625;0;77;0;;0.9697265625;40850;m2;189558;0;
..\..\world\azeroth\duskwood\passivedoodads\trees\duskwoodtreecanopy01.m2;18173.11328125;39.48306655883789;28001.263671875;0;40;0;;0.6396484375;40737;m2;189560;0;
..\..\world\azeroth\duskwood\passivedoodads\spooklesstrees\duskwoodtreespookless02.m2;18244.224609375;25.506193161010742;27804.47265625;0;348.5;0;;0.6591796875;40090;m2;189522;0;
..\..\world\azeroth\duskwood\passivedoodads\spooklesstrees\duskwoodtreespookless02.m2;18193.626953125;41.599822998046875;27892.64453125;0;340;0;;0.609375;40425;m2;189522;0;
..\..\world\azeroth\duskwood\passivedoodads\trees\duskwoodtree07.m2;18520.623046875;60.03596496582031;27783.15625;0;36;1.5;;0.859375;90374;m2;189559;0;
..\..\world\azeroth\duskwood\passivedoodads\trees\duskwoodtree06.m2;18149.4765625;48.3289909362793;27917.578125;0;151;0;;0.8232421875;40572;m2;189558;0;
..\..\world\azeroth\duskwood\passivedoodads\trees\duskwoodtree07.m2;18109.859375;62.14203643798828;27985.44140625;1.5;349;-4.500000476837158;;0.8193359375;39185;m2;189559;0;
..\..\world\azeroth\duskwood\passivedoodads\trees\duskwoodtree06.m2;18148.576171875;33.815189361572266;27864.87109375;2.5000011920928955;53;-10.00000286102295;;0.75;40168;m2;189558;0;
..\..\world\azeroth\duskwood\passivedoodads\trees\duskwoodtree06.m2;18624.943359375;169.70082092285156;27860.25;0;279;0;;0.95703125;40420;m2;189558;0;
..\..\world\azeroth\duskwood\passivedoodads\trees\duskwoodtree06.m2;18531.759765625;146.732421875;27947.69140625;0;355.5;0;;1;40694;m2;189558;0;
..\..\world\azeroth\duskwood\passivedoodads\trees\duskwoodtree07.m2;18179.7421875;25.2476863861084;27734.75390625;0;17;1.5;;0.8193359375;39832;m2;189559;0;
..\..\world\azeroth\duskwood\passivedoodads\trees\duskwoodtree07.m2;18655.33203125;138.817626953125;27789.166015625;0;202;0;;0.8310546875;40021;m2;189559;0;
..\..\world\critter\birds\bird02.m2;18374.86328125;80.10386657714844;28082.6015625;-0.49999988079071045;211.9986572265625;7;;1.037109375;328157;m2;190720;0;
..\..\world\azeroth\duskwood\passivedoodads\trees\duskwoodtreecanopy01.m2;18679.66796875;139.94898986816406;27788.4765625;-3.000000238418579;154;-8.5;;0.5693359375;560700;m2;189560;0;
..\..\world\critter\birds\bird02.m2;18185.2578125;39.68471908569336;27773.873046875;0;295.5;0;;1;39921;m2;190720;0;
..\..\world\azeroth\duskwood\passivedoodads\trees\duskwoodtree06.m2;18242.470703125;25.795373916625977;27726.25;0;325;0;;0.75;451935;m2;189558;0;
..\..\world\critter\birds\bird02.m2;18437.08203125;87.8306655883789;27895.140625;0;62.5;0;;1;40562;m2;190720;0;
..\..\world\critter\birds\bird02.m2;18424.669921875;53.05765151977539;27706.890625;0;359.5;0;;1;29674;m2;190720;0;
..\..\world\critter\birds\bird02.m2;18280.8046875;54.33088684082031;27765.654296875;0;0;0;;1;39873;m2;190720;0;
..\..\world\critter\birds\bird02.m2;18249.9296875;51.82759475708008;27768.69921875;0;295.804931640625;1.5;;0.966796875;328156;m2;190720;0;
..\..\world\azeroth\duskwood\passivedoodads\spooklesstrees\duskwoodtreespookless01.m2;18429.71484375;40.465389251708984;27766.03125;0;358;0;;0.8798828125;39888;m2;189521;0;
..\..\world\critter\birds\bird02.m2;18204.849609375;50.22702407836914;28008.609375;0;129;0;;1;40746;m2;190720;0;
..\..\world\azeroth\duskwood\passivedoodads\trees\duskwoodtree07.m2;18306.0625;57.23487854003906;28114.09375;0;341;0.5;;0.75;40838;m2;189559;0;
..\..\world\critter\birds\bird01.m2;18395.587890625;77.35769653320312;28036.546875;0;172.6883544921875;0;;0.837890625;328158;m2;190719;0;
..\..\world\azeroth\duskwood\passivedoodads\trees\duskwoodtree06.m2;18180.205078125;26.29395294189453;27770.513671875;0;49;0;;0.51953125;39924;m2;189558;0;
..\..\world\azeroth\deadwindpass\passivedoodads\rocks\deadwindpasscliffrock04dnr.m2;18666.08984375;210.5906219482422;27960.0078125;9.499999046325684;18;24.500003814697266;;3.779296875;323001;m2;189311;0;
..\..\world\azeroth\westfall\buildings\windmill\westfallwindmill.m2;18313.751953125;30.654144287109375;27829.451171875;0;220.5;0;;1.349609375;40134;m2;190519;0;
..\..\world\azeroth\duskwood\passivedoodads\trees\duskwoodbrowntree.m2;18326.75390625;34.09299850463867;27851.259765625;0;65;0;;1.0791015625;40382;m2;189544;0;
..\..\world\azeroth\duskwood\passivedoodads\trees\duskwoodbrowntree.m2;18424.625;55.45473098754883;27962.84375;0;352;0;;1;40690;m2;189544;0;
..\..\world\azeroth\duskwood\passivedoodads\trees\duskwoodbrowntree.m2;18455.810546875;62.5174446105957;28092.638671875;0;329;0;;1;40809;m2;189544;0;
..\..\world\azeroth\duskwood\passivedoodads\trees\duskwoodbrowntree.m2;18302.111328125;28.834835052490234;27800.685546875;0;0;0;;1;40137;m2;189544;0;
..\..\world\azeroth\duskwood\passivedoodads\trees\duskwoodbrowntree.m2;18457.2734375;38.40989303588867;27798.5234375;0;39;0;;1;40403;m2;189544;0;
..\..\world\azeroth\duskwood\passivedoodads\trees\duskwoodbrowntree.m2;18211.576171875;40.1580696105957;28079.93359375;0;35;0;;1;40759;m2;189544;0;
..\..\world\azeroth\duskwood\passivedoodads\trees\duskwoodbrowntree.m2;18442.787109375;44.35006332397461;27889.8203125;0;6.5;0;;1;40558;m2;189544;0;
..\..\world\azeroth\duskwood\passivedoodads\trees\duskwoodbrowntree.m2;18419.62109375;51.22956848144531;28049.34765625;0;52;0;;0.9892578125;40543;m2;189544;0;
..\..\world\azeroth\duskwood\passivedoodads\trees\duskwoodbrowntree.m2;18340.70703125;52.66304397583008;28040.576171875;-0.9999997615814209;356.5;1.500000238418579;;0.869140625;40184;m2;189544;0;
..\..\world\azeroth\duskwood\passivedoodads\trees\duskwoodbrowntree.m2;18345.232421875;52.31331253051758;28034.29296875;0;295;0.9999997019767761;;0.869140625;88686;m2;189544;0;
..\..\world\azeroth\duskwood\passivedoodads\trees\duskwoodbrowntree.m2;18408.6875;52.14725112915039;28091.59375;0;18;0;;0.869140625;40628;m2;189544;0;
..\..\world\azeroth\duskwood\passivedoodads\trees\duskwoodtreestump02.m2;18235.876953125;32.097129821777344;27860.88671875;2;0;-3.5000009536743164;;1;88946;m2;189567;0;
..\..\world\azeroth\duskwood\passivedoodads\bush\duskwoodspookybush02.m2;18401.955078125;48.47178268432617;27770.390625;0;31.5;3.999999523162842;;1.09375;39995;m2;189406;0;
..\..\world\azeroth\duskwood\passivedoodads\bush\duskwoodspookybush02.m2;18350.955078125;56.40666961669922;27936.26953125;0.5;350;7.500000953674316;;1.1494140625;40683;m2;189406;0;
..\..\world\azeroth\duskwood\passivedoodads\bush\duskwoodspookybush02.m2;18464.044921875;72.11339569091797;28137.0234375;-9.5;343;9.5;;1.09375;40857;m2;189406;0;
..\..\world\azeroth\duskwood\passivedoodads\bush\duskwoodspookybush02.m2;18151.0546875;44.071102142333984;27877.27734375;0;117;0;;1.091796875;40423;m2;189406;0;
..\..\world\azeroth\duskwood\passivedoodads\bush\duskwoodspookybush02.m2;18334.1640625;29.55289649963379;27730.484375;-0.4999999403953552;216;-1.5000001192092896;;1.0859375;29656;m2;189406;0;
..\..\world\azeroth\duskwood\passivedoodads\bush\duskwoodspookybush02.m2;18377.56640625;40.64118576049805;27737.697265625;9;335.5;9.000001907348633;;1.0478515625;39885;m2;189406;0;
..\..\world\azeroth\duskwood\passivedoodads\bush\duskwoodbush03.m2;18571.58203125;151.4010772705078;28110.2890625;0;245;0;;1.3310546875;40870;m2;189397;0;
..\..\world\azeroth\duskwood\passivedoodads\bush\duskwoodspookybush02.m2;18412.556640625;47.46079635620117;27733.5625;-3;148;-6.499999046325684;;1.0517578125;39886;m2;189406;0;
..\..\world\azeroth\duskwood\passivedoodads\bush\duskwoodspookybush02.m2;18403.375;53.57640838623047;28118.994140625;0.0000012806605127479997;68;-4.500001907348633;;1.0732421875;40853;m2;189406;0;
..\..\world\azeroth\duskwood\passivedoodads\bush\duskwoodbush03.m2;18310.3984375;110.27082824707031;28200.900390625;1.5;204;-15.000000953674316;;1.2578125;40944;m2;189397;0;
..\..\world\azeroth\duskwood\passivedoodads\bush\duskwoodspookybush02.m2;18269.65625;37.51261901855469;27853.046875;-6;49.5;-0.999999463558197;;1.0615234375;88938;m2;189406;0;
..\..\world\azeroth\duskwood\passivedoodads\bush\duskwoodspookybush02.m2;18635;171.34217834472656;27800.83203125;0;129;0;;1.0791015625;40166;m2;189406;0;
..\..\world\azeroth\duskwood\passivedoodads\bush\duskwoodspookybush02.m2;18144.908203125;48.92115020751953;28026.421875;-11.000000953674316;305;-10.5;;1.0556640625;40735;m2;189406;0;
..\..\world\azeroth\duskwood\passivedoodads\bush\duskwoodspookybush02.m2;18377.841796875;37.09510040283203;27877.0390625;1.5000005960464478;221.5;13.999999046325684;;1.0419921875;40553;m2;189406;0;
..\..\world\azeroth\duskwood\passivedoodads\bush\duskwoodspookybush02.m2;18550.548828125;164.9447021484375;27925.14453125;1.000000238418579;323;8.000000953674316;;1.025390625;40651;m2;189406;0;
..\..\world\azeroth\duskwood\passivedoodads\bush\duskwoodspookybush02.m2;18245.630859375;39.35176467895508;28048.296875;0.9999997615814209;39.5;4.5;;1.0419921875;40774;m2;189406;0;
..\..\world\azeroth\duskwood\passivedoodads\bush\duskwoodspookybush02.m2;18515.634765625;63.56755828857422;27818.421875;-9.500000953674316;130.5;-29.5;;1.009765625;40157;m2;189406;0;
..\..\world\azeroth\duskwood\passivedoodads\bush\duskwoodspookybush02.m2;18384.119140625;36.95252227783203;27875.8203125;6.500000953674316;138;-14.5;;1.025390625;40552;m2;189406;0;
..\..\world\azeroth\duskwood\passivedoodads\bush\duskwoodspookybush02.m2;18160.978515625;32.009063720703125;27861.337890625;0.49999988079071045;31;-8.999999046325684;;0.9951171875;40174;m2;189406;0;
..\..\world\azeroth\duskwood\passivedoodads\bush\duskwoodspookybush02.m2;18428.20703125;39.702980041503906;27773.890625;-3.499999523162842;320;-14;;1;39994;m2;189406;0;
..\..\world\azeroth\duskwood\passivedoodads\bush\duskwoodspookybush02.m2;18249.18359375;35.73226547241211;27942.7578125;18.000001907348633;43.5;-0.9999991655349731;;1;40674;m2;189406;0;
..\..\world\azeroth\duskwood\passivedoodads\bush\duskwoodspookybush02.m2;18181.255859375;26.36040687561035;27739.091796875;6;41.5;-11;;1;39830;m2;189406;0;
..\..\world\azeroth\duskwood\passivedoodads\bush\duskwoodspookybush02.m2;18510.02734375;61.11528778076172;27814.328125;0;294.5;0;;1.029296875;40154;m2;189406;0;
..\..\world\azeroth\duskwood\passivedoodads\bush\duskwoodspookybush02.m2;18438.705078125;64.01250457763672;28129.421875;-3.499999761581421;322;18;;0.9853515625;40856;m2;189406;0;
..\..\world\azeroth\duskwood\passivedoodads\bush\duskwoodspookybush02.m2;18472.83203125;59.33543014526367;27807.68359375;0.9999997615814209;21;7.000000953674316;;1.005859375;40153;m2;189406;0;
..\..\world\azeroth\duskwood\passivedoodads\bush\duskwoodspookybush02.m2;18555.6328125;153.45272827148438;28076.7734375;0;323;6.499997615814209;;0.9892578125;40815;m2;189406;0;
..\..\world\azeroth\duskwood\passivedoodads\bush\duskwoodspookybush02.m2;18513.443359375;139.64161682128906;28181.8046875;0;324;0;;1.005859375;40927;m2;189406;0;
..\..\world\azeroth\duskwood\passivedoodads\bush\duskwoodspookybush02.m2;18610.5;96.03755187988281;27750.7265625;23;296.5;0.999999463558197;;0.9736328125;39902;m2;189406;0;
..\..\world\azeroth\duskwood\passivedoodads\bush\duskwoodspookybush02.m2;18304.375;52.06985092163086;28063;0;306.4999694824219;0;;1.005859375;40781;m2;189406;0;
..\..\world\azeroth\duskwood\passivedoodads\bush\duskwoodspookybush02.m2;18176.98828125;26.963850021362305;27832.4453125;-0.9999992847442627;42.5;-7.000000953674316;;1;40040;m2;189406;0;
..\..\world\azeroth\duskwood\passivedoodads\bush\duskwoodspookybush01.m2;18396.21484375;48.39834976196289;27772.0859375;0;291.5;1;;1;39989;m2;189405;0;
..\..\world\azeroth\duskwood\passivedoodads\bush\duskwoodspookybush02.m2;18182.376953125;38.07069778442383;27970.541015625;0;333;0;;0.9912109375;40704;m2;189406;0;
..\..\world\azeroth\duskwood\passivedoodads\bush\duskwoodspookybush02.m2;18307.8984375;35.347740173339844;27908.2890625;1.0000001192092896;310;1.5000001192092896;;0.9970703125;40635;m2;189406;0;
..\..\world\azeroth\duskwood\passivedoodads\bush\duskwoodspookybush02.m2;18450.015625;110.34475708007812;28204.85546875;-21.5;147;-3.4999992847442627;;0.943359375;40951;m2;189406;0;
..\..\world\azeroth\duskwood\passivedoodads\bush\duskwoodspookybush02.m2;18570.1484375;173.34530639648438;27995.953125;-22.000001907348633;203.5;6.000000476837158;;0.953125;40734;m2;189406;0;
..\..\world\azeroth\duskwood\passivedoodads\bush\duskwoodspookybush02.m2;18193.43359375;39.01356887817383;28138.14453125;-0.5000002384185791;114;-3.999999523162842;;0.9755859375;40878;m2;189406;0;
..\..\world\azeroth\duskwood\passivedoodads\bush\duskwoodspookybush02.m2;18275.6796875;41.8906364440918;27965.578125;0.9999998807907104;297.5;-26.000003814697266;;0.943359375;40677;m2;189406;0;
..\..\world\azeroth\duskwood\passivedoodads\bush\duskwoodspookybush02.m2;18434.1640625;78.1540756225586;28159.99609375;16.5;214.5;-3.000000476837158;;0.9375;40892;m2;189406;0;
..\..\world\azeroth\duskwood\passivedoodads\bush\duskwoodspookybush01.m2;18262.322265625;25.356416702270508;27765.822265625;0;71.5;0;;1;39853;m2;189405;0;
..\..\world\azeroth\duskwood\passivedoodads\bush\duskwoodspookybush02.m2;18318.599609375;36.2449951171875;27921.5625;1.5;2;10;;1.0615234375;40636;m2;189406;0;
..\..\world\azeroth\duskwood\passivedoodads\bush\duskwoodbush03.m2;18207.28515625;36.48417663574219;27995.96875;0;46;0;;1.2294921875;40711;m2;189397;0;
..\..\world\azeroth\duskwood\passivedoodads\bush\duskwoodspookybush02.m2;18364.53125;53.94044876098633;28137.466796875;16.5;164;-0.5000000596046448;;0.9853515625;40888;m2;189406;0;
..\..\world\azeroth\duskwood\passivedoodads\bush\duskwoodspookybush02.m2;18245.591796875;49.28830337524414;28119.36328125;0;48.5;0;;0.9755859375;40834;m2;189406;0;
..\..\world\azeroth\duskwood\passivedoodads\bush\duskwoodbush03.m2;18144.96875;61.05670928955078;28166.791015625;0;21.5;0;;1.1796875;40908;m2;189397;0;
..\..\world\azeroth\duskwood\passivedoodads\bush\duskwoodspookybush02.m2;18557.96484375;168.21409606933594;27954.2578125;-0.5;164;-12;;0.943359375;40699;m2;189406;0;
..\..\world\azeroth\duskwood\passivedoodads\bush\duskwoodspookybush02.m2;18166.30078125;39.9586067199707;28050.8203125;-1.499999761581421;171;8.000000953674316;;0.9736328125;40769;m2;189406;0;
..\..\world\azeroth\duskwood\passivedoodads\bush\duskwoodspookybush02.m2;18172.517578125;38.94490432739258;28047.34765625;1.5000001192092896;36;-7.500000953674316;;0.8994140625;40771;m2;189406;0;
..\..\world\azeroth\duskwood\passivedoodads\bush\duskwoodspookybush02.m2;18378.744140625;42.07810974121094;27767.58203125;-0.49999988079071045;109;-6.500000476837158;;0.9150390625;39986;m2;189406;0;
..\..\world\azeroth\duskwood\passivedoodads\bush\duskwoodspookybush02.m2;18265.6171875;38.153533935546875;27932.36328125;-0.500000536441803;86.5;-6.500000476837158;;1;40617;m2;189406;0;
..\..\world\azeroth\duskwood\passivedoodads\bush\duskwoodspookybush02.m2;18352.205078125;51.50752639770508;28108.09765625;0;338.5;-3.0000009536743164;;0.9130859375;40841;m2;189406;0;
..\..\world\azeroth\duskwood\passivedoodads\bush\duskwoodspookybush02.m2;18339.388671875;36.56979751586914;27860.9765625;-4.5;172;-3.9999990463256836;;0.9677734375;40383;m2;189406;0;
..\..\world\azeroth\duskwood\passivedoodads\bush\duskwoodspookybush02.m2;18218.55859375;38.59328842163086;28071.138671875;0;300;0;;0.9052734375;40801;m2;189406;0;
..\..\world\azeroth\duskwood\passivedoodads\bush\duskwoodspookybush01.m2;18360.80078125;54.496788024902344;27980.84765625;0;354;0;;1;40724;m2;189405;0;
..\..\world\azeroth\duskwood\passivedoodads\bush\duskwoodspookybush02.m2;18330.755859375;51.66984939575195;27998.140625;0;185.5;-0.5;;0.9970703125;40721;m2;189406;0;
..\..\world\azeroth\duskwood\passivedoodads\bush\duskwoodbush03.m2;18439.84375;66.3046646118164;28136.5625;-16.5;78;-12.00000286102295;;1.0673828125;40893;m2;189397;0;
..\..\world\azeroth\duskwood\passivedoodads\bush\duskwoodspookybush02.m2;18337.861328125;54.68338394165039;27937.3046875;0;90;0;;1.03125;40682;m2;189406;0;
..\..\world\azeroth\duskwood\passivedoodads\bush\duskwoodbush03.m2;18275.634765625;40.28742980957031;27971.83203125;0;75.5;-3.999999523162842;;1.087890625;40717;m2;189397;0;
..\..\world\azeroth\duskwood\passivedoodads\bush\duskwoodspookybush02.m2;18633.3046875;121.38485717773438;27745.0546875;0;108;0;;0.9013671875;39903;m2;189406;0;
..\..\world\azeroth\duskwood\passivedoodads\bush\duskwoodspookybush02.m2;18471.095703125;42.18574142456055;27764.076171875;5.5;354.5;8;;0.9375;40010;m2;189406;0;
..\..\world\azeroth\duskwood\passivedoodads\bush\duskwoodbush03.m2;18309.669921875;59.26181411743164;28148.4375;-10.5;55.5;0.000001736627268655866;;1.046875;40887;m2;189397;0;
..\..\world\azeroth\duskwood\passivedoodads\bush\duskwoodspookybush02.m2;18147.166015625;45.861541748046875;27749.97265625;0;352;0;;0.951171875;39817;m2;189406;0;
..\..\world\azeroth\duskwood\passivedoodads\bush\duskwoodbush03.m2;18161.52734375;42.541683197021484;27906.8203125;0;293.5;0;;1.0732421875;40571;m2;189397;0;
..\..\world\azeroth\duskwood\passivedoodads\bush\duskwoodbush03.m2;18207.943359375;42.5985107421875;27907.87890625;10.5;158;6;;1.029296875;40579;m2;189397;0;
..\..\world\azeroth\duskwood\passivedoodads\bush\duskwoodbush03.m2;18224.40625;38.29689025878906;28071.50390625;0;138;0;;1.095703125;40800;m2;189397;0;
..\..\world\azeroth\duskwood\passivedoodads\bush\duskwoodbush03.m2;18300.232421875;57.81517791748047;28089.5;-18.500001907348633;247.49998474121094;-7.000001430511475;;1.015625;40807;m2;189397;0;
..\..\world\azeroth\duskwood\passivedoodads\bush\duskwoodbush03.m2;18179.0078125;52.0947151184082;28162.90234375;4.000000476837158;190.5;-26;;1.0478515625;40877;m2;189397;0;
..\..\world\azeroth\duskwood\passivedoodads\bush\duskwoodbush03.m2;18188.005859375;69.31368255615234;28221.123046875;14;152.5;-28.999996185302734;;1;40936;m2;189397;0;
..\..\world\azeroth\duskwood\passivedoodads\bush\duskwoodbush03.m2;18356.451171875;36.344703674316406;27874.33984375;-7.999998092651367;60.5;-12.999998092651367;;1;40550;m2;189397;0;
..\..\world\azeroth\duskwood\passivedoodads\bush\duskwoodbush03.m2;18438.505859375;37.44942092895508;27794.4375;0;57;0;;1.0595703125;40009;m2;189397;0;
..\..\world\azeroth\duskwood\passivedoodads\bush\duskwoodbush03.m2;18540.912109375;152.6503448486328;27988.2734375;0;298;0;;1.0556640625;40733;m2;189397;0;
..\..\world\azeroth\duskwood\passivedoodads\bush\duskwoodspookybush02.m2;18435.818359375;44.74211120605469;27892.26953125;-7.499999523162842;0;1.0000001192092896;;1;90085;m2;189406;0;
..\..\world\azeroth\duskwood\passivedoodads\bush\duskwoodbush03.m2;18634.3046875;126.60051727294922;27747.416015625;0;23;0;;1.0576171875;39905;m2;189397;0;
..\..\world\azeroth\duskwood\passivedoodads\bush\duskwoodbush03.m2;18239.384765625;37.70692825317383;27994.375;1.9999995231628418;316;-7.000000953674316;;1.0654296875;40714;m2;189397;0;
..\..\world\azeroth\duskwood\passivedoodads\bush\duskwoodbush03.m2;18309.330078125;56.184444427490234;28110.279296875;4.000000476837158;136.5;-7.500001907348633;;1.0615234375;40839;m2;189397;0;
..\..\world\azeroth\duskwood\passivedoodads\bush\duskwoodbush03.m2;18363.9921875;52.579280853271484;28127.578125;0;138;0;;1.0791015625;40845;m2;189397;0;
..\..\world\azeroth\duskwood\passivedoodads\bush\duskwoodbush03.m2;18376.185546875;52.48067855834961;28128.6640625;0.5000001192092896;171.5;-9;;1.0693359375;40848;m2;189397;0;
..\..\world\azeroth\duskwood\passivedoodads\bush\duskwoodbush03.m2;18194.486328125;41.356632232666016;27886.7890625;-2;185.5;-8.000001907348633;;1.091796875;40424;m2;189397;0;
..\..\world\azeroth\duskwood\passivedoodads\bush\duskwoodbush03.m2;18448.916015625;38.896121978759766;27826.181640625;-12;347;6.5;;1.0615234375;40150;m2;189397;0;
..\..\world\azeroth\duskwood\passivedoodads\bush\duskwoodbush03.m2;18435.2734375;39.96909713745117;27868.24609375;-11.499999046325684;51.5;-8.499998092651367;;1;90079;m2;189397;0;
..\..\world\azeroth\duskwood\passivedoodads\bush\duskwoodbush03.m2;18222.83984375;38.646331787109375;28066.931640625;0;201;0;;1.0478515625;40803;m2;189397;0;
..\..\world\azeroth\duskwood\passivedoodads\bush\duskwoodbush03.m2;18371.34375;41.19557189941406;27788.4375;7.000000476837158;230.50001525878906;-13;;1.0234375;39983;m2;189397;0;
..\..\world\azeroth\duskwood\passivedoodads\bush\duskwoodbush03.m2;18603.720703125;171.71212768554688;27870.888671875;0;131;0;;1.0595703125;40570;m2;189397;0;
..\..\world\azeroth\duskwood\passivedoodads\bush\duskwoodbush03.m2;18306.095703125;52.51863479614258;28030.3203125;0;284.5;0;;1.0654296875;40752;m2;189397;0;
..\..\world\azeroth\duskwood\passivedoodads\bush\duskwoodbush03.m2;18504.888671875;94.8225326538086;27855.96875;23.999998092651367;249.50001525878906;24.5;;0.9970703125;40412;m2;189397;0;
..\..\world\azeroth\duskwood\passivedoodads\bush\duskwoodbush03.m2;18210.189453125;35.6050910949707;27988.171875;0;100;0;;1.087890625;40709;m2;189397;0;
..\..\world\azeroth\duskwood\passivedoodads\bush\duskwoodbush03.m2;18207.560546875;39.10382080078125;28037.30078125;0;254.5;0;;1.0576171875;88370;m2;189397;0;
..\..\world\azeroth\duskwood\passivedoodads\bush\duskwoodbush03.m2;18241.69921875;41.6229248046875;28094.90234375;0;191.5;0;;1.0771484375;40804;m2;189397;0;
..\..\world\azeroth\duskwood\passivedoodads\bush\duskwoodbush03.m2;18324.15234375;49.987693786621094;27996.9921875;2.5;324.5;7.500000953674316;;0.9970703125;40719;m2;189397;0;
..\..\world\azeroth\duskwood\passivedoodads\bush\duskwoodbush03.m2;18218.83984375;25.73642349243164;27834.96484375;6.999999523162842;214.5;0;;1.005859375;88940;m2;189397;0;
..\..\world\azeroth\duskwood\passivedoodads\bush\duskwoodbush03.m2;18667.388671875;173.78932189941406;27753.72265625;0;346;0;;1.0576171875;560684;m2;189397;0;
..\..\world\azeroth\duskwood\passivedoodads\bush\duskwoodbush03.m2;18400.658203125;38.1232795715332;27878.15625;-3.500000238418579;322;10.500000953674316;;1;90080;m2;189397;0;
..\..\world\azeroth\duskwood\passivedoodads\bush\duskwoodbush03.m2;18368.166015625;40.2315673828125;27739.58203125;0;238.5;0;;1.017578125;39884;m2;189397;0;
..\..\world\azeroth\duskwood\passivedoodads\bush\duskwoodbush03.m2;18214.236328125;31.34609031677246;27880.65234375;4.999999523162842;228.5;6.5;;1;40429;m2;189397;0;
..\..\world\azeroth\duskwood\passivedoodads\bush\duskwoodbush03.m2;18354.31640625;67.1962890625;28188.92578125;-3.499998092651367;124;-38;;0.9814453125;40915;m2;189397;0;
..\..\world\azeroth\duskwood\passivedoodads\bush\duskwoodbush03.m2;18525.171875;131.04161071777344;27879.17578125;0;256.5;0;;1.0478515625;40563;m2;189397;0;
..\..\world\azeroth\duskwood\passivedoodads\bush\duskwoodbush03.m2;18396.697265625;51.855926513671875;27926.623046875;0.4999999403953552;14.5;-8.499999046325684;;1;40638;m2;189397;0;
..\..\world\azeroth\duskwood\passivedoodads\bush\duskwoodbush03.m2;18536.564453125;154.2952880859375;28153.134765625;36.999996185302734;237;26.9999942779541;;0.9892578125;40900;m2;189397;0;
..\..\world\azeroth\duskwood\passivedoodads\bush\duskwoodbush03.m2;18452.658203125;99.36491394042969;28192.984375;4.5;188;34;;1.0234375;40922;m2;189397;0;
..\..\world\azeroth\duskwood\passivedoodads\bush\duskwoodbush03.m2;18367.87109375;39.156803131103516;27877.46484375;-1.0000025033950806;107;-23;;0.9638671875;40551;m2;189397;0;
..\..\world\azeroth\duskwood\passivedoodads\bush\duskwoodbush03.m2;18416.232421875;40.507957458496094;27791.9296875;-1.0000001192092896;68.5;-1.999999761581421;;1;40142;m2;189397;0;
..\..\world\azeroth\duskwood\passivedoodads\irongate\cemetarygate01.m2;18247.806640625;28.2015323638916;27831.38671875;7.500000476837158;214.5;1.999999761581421;;0.7890625;353486;m2;189488;0;
..\..\world\azeroth\duskwood\passivedoodads\bush\duskwoodbush03.m2;18312.544921875;35.25627517700195;27895.25;0;202.5;-1.5;;1;40544;m2;189397;0;
..\..\world\azeroth\duskwood\passivedoodads\bush\duskwoodbush03.m2;18248.3046875;36.67913055419922;27937.359375;0;203;0;;1.005859375;40676;m2;189397;0;
..\..\world\azeroth\duskwood\passivedoodads\bush\duskwoodbush03.m2;18247.80078125;34.090919494628906;27888.33203125;0;234.50001525878906;-1.5000003576278687;;1;88939;m2;189397;0;
..\..\world\azeroth\duskwood\passivedoodads\bush\duskwoodbush03.m2;18547.76171875;164.29600524902344;27911.13671875;4.000000476837158;238.5;-10;;0.9677734375;40648;m2;189397;0;
..\..\world\azeroth\duskwood\passivedoodads\bush\duskwoodbush03.m2;18384.05078125;53.14577102661133;27985.83203125;-0.5000001788139343;307.7183532714844;2;;1;93001;m2;189397;0;
..\..\world\azeroth\duskwood\passivedoodads\bush\duskwoodbush03.m2;18262.513671875;36.74934768676758;27896.22265625;-5.499999523162842;77;2.5;;1.029296875;88944;m2;189397;0;
..\..\world\azeroth\duskwood\passivedoodads\bush\duskwoodbush03.m2;18459.3125;38.80246353149414;27800.931640625;-13.49999713897705;73.5;0.000003073118250540574;;1;40405;m2;189397;0;
..\..\world\azeroth\duskwood\passivedoodads\bush\duskwoodbush03.m2;18173.08203125;45.10048294067383;27911.6171875;0;36;0;;1;40578;m2;189397;0;
..\..\world\azeroth\duskwood\passivedoodads\bush\duskwoodbush03.m2;18215.59765625;39.11025619506836;28110.20703125;0;245;0;;0.9931640625;40798;m2;189397;0;
..\..\world\azeroth\duskwood\passivedoodads\bush\duskwoodbush03.m2;18260.08984375;25.81900978088379;27807.28515625;0;348;6.499999523162842;;1;40080;m2;189397;0;
..\..\world\azeroth\duskwood\passivedoodads\bush\duskwoodbush03.m2;18545.322265625;165.2666778564453;27919.4609375;0;288.5;0;;0.9970703125;40649;m2;189397;0;
..\..\world\azeroth\duskwood\passivedoodads\bush\duskwoodbush03.m2;18317.26171875;53.2635498046875;28022.3671875;0;168;0;;1.021484375;40753;m2;189397;0;
..\..\world\azeroth\duskwood\passivedoodads\bush\duskwoodbush03.m2;18420.845703125;132.3815460205078;28236.19140625;0;210;0;;0.9638671875;40958;m2;189397;0;
..\..\world\azeroth\duskwood\passivedoodads\bush\duskwoodbush03.m2;18464.017578125;39.16572952270508;27778.3203125;0;330.5;0;;0.9599609375;40008;m2;189397;0;
..\..\world\azeroth\duskwood\passivedoodads\bush\duskwoodbush03.m2;18331.22265625;54.675621032714844;28112.34765625;0.4999999403953552;181.5;4.5;;1.0419921875;40837;m2;189397;0;
..\..\world\azeroth\duskwood\passivedoodads\bush\duskwoodbush03.m2;18255.576171875;38.00225067138672;28012.1953125;0.5;176.5;-11.5;;0.9931640625;40749;m2;189397;0;
..\..\world\azeroth\duskwood\passivedoodads\bush\duskwoodbush03.m2;18518.771484375;141.6370849609375;28146.650390625;-10.999999046325684;171;-33;;0.9638671875;40896;m2;189397;0;
..\..\world\azeroth\duskwood\passivedoodads\bush\duskwoodbush03.m2;18175.90625;38.46475601196289;27985.02734375;0;358.5;0;;1.0576171875;40707;m2;189397;0;
..\..\world\azeroth\duskwood\passivedoodads\bush\duskwoodbush03.m2;18138.701171875;54.9615592956543;27923.48046875;-9;91;-12.000000953674316;;1;40576;m2;189397;0;
..\..\world\azeroth\duskwood\passivedoodads\bush\duskwoodspookybush04.m2;18576.880859375;170.68922424316406;27884.572265625;6.000000476837158;24;-0.9999997615814209;;1.5390625;40569;m2;189408;0;
..\..\world\azeroth\duskwood\passivedoodads\bush\duskwoodspookybush02.m2;18464.1484375;54.340518951416016;27728.8984375;-10.5;90.5;-1.9999995231628418;;0.87109375;29682;m2;189406;0;
..\..\world\azeroth\duskwood\passivedoodads\bush\duskwoodbush03.m2;18518.978515625;59.8393440246582;27787.6796875;0;326.5;0;;0.927734375;40016;m2;189397;0;
..\..\world\azeroth\duskwood\passivedoodads\bush\duskwoodbush03.m2;18316.005859375;51.535926818847656;28065.65625;1;50;-2.500000238418579;;0.93359375;40784;m2;189397;0;
..\..\world\azeroth\duskwood\passivedoodads\bush\duskwoodbush03.m2;18146.67578125;47.9371223449707;27913.59765625;5;211;0;;0.9033203125;40573;m2;189397;0;
..\..\world\azeroth\duskwood\passivedoodads\bush\duskwoodbush03.m2;18579.787109375;169.81004333496094;27879.40234375;-10.00000286102295;94;44.5;;0.9775390625;40567;m2;189397;0;
..\..\world\azeroth\duskwood\passivedoodads\bush\duskwoodbush03.m2;18378.916015625;36.58075714111328;27849.02734375;0;214;0;;0.91796875;40388;m2;189397;0;
..\..\world\azeroth\duskwood\passivedoodads\bush\duskwoodspookybush02.m2;18391.263671875;46.96586990356445;27797.890625;1;183;-3.000000238418579;;0.8291015625;39991;m2;189406;0;
..\..\world\azeroth\duskwood\passivedoodads\bush\duskwoodbush03.m2;18435.423828125;38.008888244628906;27791.306640625;0;191.5;0;;0.927734375;40006;m2;189397;0;
..\..\world\azeroth\duskwood\passivedoodads\bush\duskwoodspookybush04.m2;18251.689453125;39.90507507324219;28047.384765625;-6.5;123;0.500000536441803;;1.373046875;40773;m2;189408;0;
..\..\world\azeroth\duskwood\passivedoodads\bush\duskwoodspookybush04.m2;18171.03515625;39.785465240478516;27896.947265625;-3.000000476837158;351;2.500000476837158;;1.6298828125;40428;m2;189408;0;
..\..\world\azeroth\duskwood\passivedoodads\bush\duskwoodspookybush04.m2;18373.64453125;59.9256477355957;28187.4140625;0;201.5;0;;1.4736328125;40917;m2;189408;0;
..\..\world\azeroth\westfall\passivedoodads\westfallwagon\westfallwagon01.m2;18296.111328125;30.923715591430664;27823.0078125;1.999999761581421;221.5;-2;;1;40131;m2;190657;0;
..\..\world\azeroth\duskwood\passivedoodads\bush\duskwoodspookybush04.m2;18175.609375;38.40907287597656;28040.40625;0;277.5;0;;1.619140625;40770;m2;189408;0;
..\..\world\azeroth\duskwood\passivedoodads\bush\duskwoodspookybush04.m2;18552.947265625;164.32672119140625;27910.0625;0;24;0;;1.3876953125;40647;m2;189408;0;
..\..\world\azeroth\duskwood\passivedoodads\bush\duskwoodspookybush04.m2;18530.177734375;136.83743286132812;27885.95703125;0.9999998807907104;221;-5.500000476837158;;1.2294921875;40565;m2;189408;0;
..\..\world\azeroth\duskwood\passivedoodads\bush\duskwoodspookybush04.m2;18525.87109375;136.4096221923828;27884.4140625;0;324;0;;1.27734375;40566;m2;189408;0;
..\..\world\azeroth\duskwood\passivedoodads\bush\duskwoodspookybush04.m2;18407.642578125;53.78312301635742;28115.4296875;0;311.5;0;;1.26953125;40855;m2;189408;0;
..\..\world\azeroth\duskwood\passivedoodads\bush\duskwoodspookybush04.m2;18553.1171875;166.3429718017578;27940.97265625;0;324.5;0;;1.267578125;40698;m2;189408;0;
..\..\world\azeroth\duskwood\passivedoodads\bush\duskwoodspookybush04.m2;18243.736328125;36.46842575073242;27935.171875;0;13;7.500000476837158;;1.3359375;40671;m2;189408;0;
..\..\world\generic\human\passivedoodads\hearse\moonbrookhearse.m2;18263.337890625;37.2939338684082;27857.3359375;1.4999995231628418;325.5;12.500000953674316;;1;353488;m2;198301;0;
..\..\world\azeroth\westfall\buildings\shed\westfallshed.m2;18268.654296875;38.23576736450195;27863.28125;0.5000002384185791;306;3.500000476837158;;1;353487;m2;190517;0;
..\..\world\azeroth\duskwood\passivedoodads\bush\duskwoodspookybush04.m2;18350.46484375;62.44759750366211;28184.69140625;0;345.5;0;;1.3916015625;40916;m2;189408;0;
..\..\world\azeroth\duskwood\passivedoodads\bush\duskwoodbush03.m2;18239.609375;25.975587844848633;27801.7265625;0;255.49998474121094;0;;0.76953125;40121;m2;189397;0;
..\..\world\azeroth\duskwood\passivedoodads\bush\duskwoodspookybush04.m2;18556.275390625;166.216064453125;27926.1640625;0;208.5;0;;1.2412109375;40650;m2;189408;0;
..\..\world\azeroth\duskwood\passivedoodads\bush\duskwoodspookybush04.m2;18147.44140625;44.16676712036133;28099.96875;0;197;0;;1.3212890625;40796;m2;189408;0;
..\..\world\azeroth\duskwood\passivedoodads\duskwoodhearse\duskwoodhearse.m2;18414.3984375;51.45476150512695;28052.09375;0;258.5;2.5000007152557373;;1;40515;m2;189457;0;
..\..\world\azeroth\duskwood\passivedoodads\bush\duskwoodspookybush04.m2;18514.759765625;61.53545379638672;27781.994140625;-3.499999761581421;136;26.499998092651367;;1.0390625;40015;m2;189408;0;
..\..\world\azeroth\duskwood\passivedoodads\bush\duskwoodspookybush04.m2;18173.353515625;50.62158203125;28164.66015625;0;341.5;0;;1.279296875;40876;m2;189408;0;
..\..\world\azeroth\duskwood\passivedoodads\bush\duskwoodspookybush04.m2;18166.275390625;31.33646011352539;27861.5234375;0;145.5;0;;1.17578125;40173;m2;189408;0;
..\..\world\azeroth\duskwood\passivedoodads\bush\duskwoodspookybush04.m2;18567.923828125;170.97608947753906;28010.421875;0;232.99996948242188;0;;1.1357421875;40767;m2;189408;0;
..\..\world\azeroth\duskwood\passivedoodads\bush\duskwoodspookybush04.m2;18237.26953125;39.06589889526367;27988.48828125;-0.0000012806605127479997;104.5;10.500000953674316;;1.1435546875;40713;m2;189408;0;
..\..\world\generic\dwarf\passivedoodads\excavationwaterwagon\excavationwaterwagon.m2;18206.33203125;38.8375244140625;28084.33984375;0;45;0;;1;40755;m2;197394;0;
..\..\world\azeroth\duskwood\passivedoodads\bush\duskwoodspookybush04.m2;18428.419921875;37.88800811767578;27795.748046875;0;67;0;;1.1591796875;39993;m2;189408;0;
..\..\world\azeroth\duskwood\passivedoodads\bush\duskwoodspookybush04.m2;18148.67578125;60.43376922607422;28186.6953125;0;299;0;;1.11328125;40903;m2;189408;0;
..\..\world\azeroth\duskwood\passivedoodads\bush\duskwoodspookybush04.m2;18243.474609375;49.43870162963867;28126.41796875;0;13;0;;1.2353515625;40831;m2;189408;0;
..\..\world\azeroth\duskwood\passivedoodads\bush\duskwoodbush07.m2;18364.544921875;52.99753189086914;28123.70703125;0;34.5;0;;1.4453125;40844;m2;189402;0;
..\..\world\azeroth\duskwood\passivedoodads\duskwoodhaystack\duskwoodhaystack.m2;18227.181640625;24.755043029785156;27756.37109375;-2.5;332.5;0;;1.0390625;39836;m2;189452;0;
..\..\world\azeroth\duskwood\passivedoodads\bush\duskwoodspookybush04.m2;18340.166015625;33.85423278808594;27808.6953125;0;120;0;;1.0859375;40139;m2;189408;0;
..\..\world\azeroth\duskwood\passivedoodads\bush\duskwoodspookybush04.m2;18183.658203125;39.6555061340332;28137.3671875;0;163.5;0;;1.173828125;40880;m2;189408;0;
..\..\world\azeroth\duskwood\passivedoodads\bush\duskwoodspookybush04.m2;18224.974609375;26.390216827392578;27835.1796875;1.5;334.5;10.999999046325684;;1;88942;m2;189408;0;
..\..\world\azeroth\duskwood\passivedoodads\bush\duskwoodspookybush04.m2;18275.5234375;37.77864456176758;27849.384765625;5;329;4.499999523162842;;1;88941;m2;189408;0;
..\..\world\azeroth\duskwood\passivedoodads\bush\duskwoodspookybush04.m2;18250.384765625;38.188804626464844;28014.22265625;0;281;0;;1.2138671875;40750;m2;189408;0;
..\..\world\azeroth\duskwood\passivedoodads\duskwoodhaystack\duskwoodhaystack.m2;18192.427734375;25.81399917602539;27748.7109375;0;312.5;0;;1;39828;m2;189452;0;
..\..\world\azeroth\duskwood\passivedoodads\bush\duskwoodspookybush04.m2;18546.763671875;152.79611206054688;28082.48828125;0;116;0;;1.0537109375;40816;m2;189408;0;
..\..\world\azeroth\duskwood\passivedoodads\bush\duskwoodspookybush04.m2;18440.306640625;39.14091110229492;27861.9609375;-0.5000001192092896;27.5;-5.5;;1;90077;m2;189408;0;
..\..\world\azeroth\duskwood\passivedoodads\duskwoodhaystack\duskwoodhaystack.m2;18210.205078125;25.82756233215332;27750.55859375;0;23.5;-1.5;;1.029296875;39840;m2;189452;0;
..\..\world\azeroth\duskwood\passivedoodads\bush\duskwoodspookybush04.m2;18354.015625;51.77333450317383;28105.634765625;0;152;0;;1.033203125;40843;m2;189408;0;
..\..\world\azeroth\duskwood\passivedoodads\bush\duskwoodspookybush04.m2;18358.197265625;55.077293395996094;27983.609375;0;266;0;;1.26953125;40726;m2;189408;0;
..\..\world\azeroth\duskwood\passivedoodads\duskwoodhaystack\duskwoodhaystack.m2;18231.349609375;25.550708770751953;27737.51171875;0;48;0;;0.9599609375;39835;m2;189452;0;
..\..\world\azeroth\duskwood\passivedoodads\bush\duskwoodspookybush04.m2;18186.62890625;47.818424224853516;27939.15625;0;280;0;;1.169921875;40657;m2;189408;0;
..\..\world\azeroth\duskwood\passivedoodads\bush\duskwoodspookybush04.m2;18378.189453125;42.269256591796875;27772.86328125;0;213.5;0;;0.9931640625;39979;m2;189408;0;
..\..\world\azeroth\duskwood\buildings\gnolltent\gnolltent02.m2;18171.361328125;41.1690788269043;28073.447265625;0;55;0;;1.3095703125;40820;m2;189359;0;
..\..\world\azeroth\duskwood\passivedoodads\duskwoodhaystack\duskwoodhaystack.m2;18167.630859375;27.536218643188477;27788.71875;-2.000000238418579;314.5;-7.000000476837158;;0.8798828125;39920;m2;189452;0;
..\..\world\azeroth\duskwood\passivedoodads\bush\duskwoodspookybush04.m2;18214.908203125;38.44941329956055;28070.8984375;0;92.5;0;;1.2451171875;40802;m2;189408;0;
..\..\world\azeroth\duskwood\passivedoodads\bush\duskwoodspookybush04.m2;18543.08984375;152.59107971191406;27981.9296875;0;260;0;;1.123046875;40732;m2;189408;0;
..\..\world\azeroth\duskwood\passivedoodads\bush\duskwoodspookybush04.m2;18403.009765625;48.56850814819336;27765.6484375;0;323.5;0;;0.951171875;39889;m2;189408;0;
..\..\world\azeroth\duskwood\passivedoodads\bush\duskwoodspookybush04.m2;18375.634765625;41.66914367675781;27766.66796875;0;316.5;0;;0.9453125;39980;m2;189408;0;
..\..\world\azeroth\duskwood\passivedoodads\bush\duskwoodspookybush04.m2;18338.15625;52.35829544067383;27988.0625;0;149;0;;0.953125;40723;m2;189408;0;
..\..\world\azeroth\duskwood\passivedoodads\bush\duskwoodspookybush04.m2;18181.693359375;38.53857421875;27985.29296875;0;82.5;0;;1.1259765625;40706;m2;189408;0;
..\..\world\azeroth\duskwood\passivedoodads\bush\duskwoodspookybush04.m2;18207.330078125;39.00835037231445;28043.9921875;0;7.5;0;;1.1259765625;88369;m2;189408;0;
..\..\world\azeroth\duskwood\passivedoodads\duskwoodhaywagon\duskwoodhaywagon.m2;18168.90234375;27.398391723632812;27783.8671875;3;90;0.49999988079071045;;1;39923;m2;189455;0;
..\..\world\azeroth\duskwood\passivedoodads\bush\duskwoodspookybush04.m2;18309.5;52.12675857543945;28066.359375;0;48;0;;0.91796875;40778;m2;189408;0;
..\..\world\azeroth\westfall\passivedoodads\brokencart\brokencart.m2;18170.330078125;27.350143432617188;27805.3984375;-1.0000001192092896;56.5;-5.5;;1;40027;m2;190536;0;
..\..\world\azeroth\duskwood\passivedoodads\bush\duskwoodspookybush04.m2;18260.111328125;25.541095733642578;27766.62109375;0;342;0;;1;39854;m2;189408;0;
..\..\world\azeroth\duskwood\passivedoodads\bush\duskwoodspookybush04.m2;18503.470703125;126.90940856933594;27927.1953125;0;46;0;;0.8994140625;40642;m2;189408;0;
..\..\world\khazmodan\badlands\passivedoodads\wagon\badlandssunkenwagon.m2;18442.642578125;39.20375442504883;27861.9921875;-9.5;0;-0.5;;1;90054;m2;203004;0;
..\..\world\azeroth\duskwood\passivedoodads\bush\duskwoodspookybush04.m2;18488.3046875;164.42550659179688;28224.27734375;0;163;0;;0.9873046875;40955;m2;189408;0;
..\..\world\azeroth\duskwood\passivedoodads\bush\duskwoodspookybush04.m2;18587.388671875;88.3101806640625;27755.72265625;0;246;0;;0.9375;39901;m2;189408;0;
..\..\world\azeroth\duskwood\passivedoodads\bush\duskwoodspookybush04.m2;18367.888671875;88.9354248046875;28221.77734375;0;114;0;;0.93359375;40948;m2;189408;0;
..\..\world\azeroth\duskwood\buildings\gnolltent\gnolltent03.m2;18174.423828125;40.58272171020508;28085.78125;6.000000476837158;137;7.000000953674316;;1.2890625;40828;m2;189361;0;
..\..\world\azeroth\duskwood\passivedoodads\bush\duskwoodspookybush04.m2;18314.984375;39.00442123413086;27947.30859375;0;67.50003051757812;0;;0.923828125;40679;m2;189408;0;
..\..\world\azeroth\duskwood\passivedoodads\bush\duskwoodspookybush04.m2;18429.470703125;42.41240310668945;27761.3046875;0;80;0;;1.01171875;39887;m2;189408;0;
..\..\world\azeroth\duskwood\passivedoodads\bush\duskwoodspookybush04.m2;18479.3046875;75.87451934814453;27862.3046875;0;274;0;;1.0859375;40408;m2;189408;0;
..\..\world\azeroth\duskwood\passivedoodads\bush\duskwoodspookybush04.m2;18644.02734375;164.8480987548828;27794.52734375;0;77;0;;0.951171875;40023;m2;189408;0;
..\..\world\azeroth\duskwood\buildings\gnolltent\gnolltent02.m2;18170.880859375;41.13676452636719;28082.2890625;0;108;-2.5;;1.1396484375;40821;m2;189359;0;
..\..\world\azeroth\duskwood\passivedoodads\bush\duskwoodspookybush04.m2;18447.3984375;42.0107536315918;27750;-8;173;-3;;0.9619140625;39890;m2;189408;0;
..\..\world\azeroth\duskwood\passivedoodads\bush\duskwoodspookybush04.m2;18591.861328125;164.43368530273438;27852.83203125;0;192;0;;0.939453125;40417;m2;189408;0;
..\..\world\azeroth\duskwood\passivedoodads\duskwoodscarecrow\duskscarecrow.m2;18422.701171875;37.93767547607422;27829.66015625;-13.500000953674316;337;30.999998092651367;;1;90055;m2;189458;0;
..\..\world\azeroth\duskwood\passivedoodads\bush\duskwoodspookybush04.m2;18335.2421875;35.75138473510742;27863.5;4.999999046325684;0;4.499999523162842;;1;40384;m2;189408;0;
..\..\world\azeroth\duskwood\passivedoodads\tombs\tombstonemonument01.m2;18262.728515625;36.095062255859375;27851.09765625;7;225;-1.5000003576278687;;1;353462;m2;189536;0;
..\..\world\azeroth\duskwood\passivedoodads\trees\duskwoodfallentree02.m2;18433.71875;39.48369216918945;27865.69140625;0;40.5;0;;1;90068;m2;189546;0;
..\..\world\azeroth\westfall\passivedoodads\plow\plow.m2;18207.14453125;25.67888641357422;27777.34765625;-4.500000476837158;74.5;-14.999999046325684;;1;39942;m2;190619;0;
..\..\world\azeroth\duskwood\passivedoodads\graveframe\duskwoodgraveframe.m2;18263.7734375;35.412452697753906;27844.763671875;-17.5;30;0.4999997913837433;;1;353463;m2;189485;0;
..\..\world\azeroth\duskwood\passivedoodads\bush\duskwoodspookybush04.m2;18364.080078125;53.79534912109375;27978.1171875;0;0;0;;1;40725;m2;189408;0;
..\..\world\azeroth\duskwood\passivedoodads\graveframe\duskwoodgraveframe.m2;18347.52734375;52.6702766418457;28056.2421875;-0.5000001788139343;48.5;2.500000476837158;;1;40257;m2;189485;0;
..\..\world\azeroth\duskwood\passivedoodads\graveframe\duskwoodgraveframe.m2;18268.568359375;35.51136016845703;27843.09765625;18.999998092651367;196;-1.9999994039535522;;1;353467;m2;189485;0;
..\..\world\azeroth\duskwood\passivedoodads\graveframe\duskwoodgraveframe.m2;18255.57421875;34.972389221191406;27851.81640625;16;231;-4.500000476837158;;1;353465;m2;189485;0;
..\..\world\azeroth\duskwood\passivedoodads\bush\duskwoodbush07.m2;18388.306640625;53.07575607299805;27989.734375;-1.0000001192092896;202.58035278320312;5;;1;93002;m2;189402;0;
..\..\world\azeroth\duskwood\passivedoodads\duskwoodstraw\duskwoodstraw.m2;18204.291015625;25.185880661010742;27738.97265625;6.499999523162842;47.5;17.999998092651367;;1;39837;m2;189461;0;
..\..\world\azeroth\duskwood\passivedoodads\graveframe\duskwoodgraveframe.m2;18259.2890625;35.27186584472656;27847.84375;-17.5;43.5;0.5000007152557373;;1;353464;m2;189485;0;
..\..\world\azeroth\duskwood\passivedoodads\duskwoodstraw\duskwoodstraw.m2;18222.64453125;24.91724967956543;27762.296875;-2;45.5;-1.999999761581421;;1;39838;m2;189461;0;
..\..\world\azeroth\elwynn\passivedoodads\elwynnfences\elwynnstonefence.m2;18330.853515625;52.311100006103516;28053.4375;1.5;57;4;;1;88682;m2;189793;0;
..\..\world\azeroth\elwynn\passivedoodads\elwynnfences\elwynnstonefence.m2;18349.51953125;52.31452178955078;28024.70703125;2;57;3;;1;88680;m2;189793;0;
..\..\world\azeroth\elwynn\passivedoodads\elwynnfences\elwynnstonefence.m2;18352.59375;52.55096435546875;28019.92578125;2;57;2.499999761581421;;1;88675;m2;189793;0;
..\..\world\azeroth\elwynn\passivedoodads\elwynnfences\elwynnstonefence.m2;18333.90625;52.8111457824707;28048.671875;1.5000001192092896;57;1.999999761581421;;1;88679;m2;189793;0;
..\..\world\azeroth\westfall\passivedoodads\scarecrow\westfallscarecrow.m2;18292.705078125;29.34427261352539;27767.62890625;-1.0000001192092896;289.5;5;;1.2490234375;39975;m2;190629;0;
..\..\world\azeroth\elwynn\passivedoodads\elwynnfences\elwynnstonefence.m2;18343.28515625;52.39696502685547;28034.3046875;5.000000476837158;57;-2.0000007152557373;;1;88677;m2;189793;0;
..\..\world\azeroth\duskwood\passivedoodads\duskwoodstraw\duskwoodstraw.m2;18195.576171875;25.11179542541504;27755.69140625;-2;51.5;-0.9999998807907104;;1;39829;m2;189461;0;
..\..\world\azeroth\elwynn\passivedoodads\elwynnfences\elwynnstonefence.m2;18336.98828125;52.97303009033203;28043.91015625;2;57;0;;1;88676;m2;189793;0;
..\..\world\azeroth\elwynn\passivedoodads\elwynnfences\elwynnstonefence.m2;18346.380859375;52.28197479248047;28029.541015625;2;57;0;;1;88678;m2;189793;0;
..\..\world\azeroth\duskwood\passivedoodads\duskwoodstraw\duskwoodstraw.m2;18175.994140625;26.6948299407959;27754.1484375;-14;208;-0.5;;1;39831;m2;189461;0;
..\..\world\azeroth\duskwood\passivedoodads\duskwoodstraw\duskwoodstraw.m2;18237.3671875;23.828262329101562;27756.71875;-2;38;0;;1;39848;m2;189461;0;
..\..\world\azeroth\duskwood\passivedoodads\duskwoodstraw\duskwoodstraw.m2;18216.75;35.160194396972656;27918.359375;0;64;0;;1.0517578125;40580;m2;189461;0;
..\..\world\azeroth\duskwood\passivedoodads\duskwoodstraw\duskwoodstraw.m2;18293.603515625;30.397457122802734;27822.578125;0;170;5.500001430511475;;1.1796875;40130;m2;189461;0;
..\..\world\azeroth\duskwood\passivedoodads\duskwoodstraw\duskwoodstraw.m2;18193.451171875;26.78430938720703;27810.4140625;-2;302.5;-2.5;;1;40029;m2;189461;0;
..\..\world\azeroth\duskwood\passivedoodads\bush\duskwoodspookybush04.m2;18547.42578125;152.5165557861328;28085.078125;0;270;0;;0.9296875;40817;m2;189408;0;
..\..\world\azeroth\duskwood\passivedoodads\duskwoodstraw\duskwoodstraw.m2;18169.515625;27.330825805664062;27805.18359375;0;35.5;0;;1;40028;m2;189461;0;
..\..\world\azeroth\duskwood\passivedoodads\duskwoodstraw\duskwoodstraw.m2;18227.4609375;25.27845001220703;27744.97265625;-1.5;32.5;0.4999999403953552;;1;39839;m2;189461;0;
..\..\world\azeroth\duskwood\passivedoodads\bush\duskwoodbush07.m2;18357.20703125;54.47311019897461;27990.421875;0;0;0;;1.26953125;40727;m2;189402;0;
..\..\world\azeroth\duskwood\passivedoodads\duskwoodstraw\duskwoodstraw.m2;18504.02734375;126.44093322753906;27957.9453125;0;157;0;;1.0498046875;40696;m2;189461;0;
..\..\world\azeroth\westfall\passivedoodads\outhouse\outhouse.m2;18449.5859375;44.12032699584961;27884.8671875;4;207.5;-1.0000001192092896;;1;90036;m2;190617;0;
..\..\world\azeroth\duskwood\passivedoodads\bush\duskwoodbush07.m2;18409.85546875;52.16286087036133;28090.421875;0;18;1;;1;40629;m2;189402;0;
..\..\world\azeroth\duskwood\passivedoodads\bush\duskwoodbush07.m2;18405.916015625;54.2536735534668;28122.97265625;0;67;0;;0.953125;40854;m2;189402;0;
..\..\world\azeroth\duskwood\passivedoodads\irongate\gatesegment03.m2;18272.087890625;36.1804084777832;27844.513671875;-8.000000953674316;87.5;-17.999998092651367;;1;353502;m2;189494;0;
..\..\world\azeroth\duskwood\passivedoodads\bush\duskwoodbush07.m2;18366.96875;52.52772903442383;28040.12890625;0;16.5;0;;1;40343;m2;189402;0;
..\..\world\generic\human\passivedoodads\lampposts\duskwoodlamppost.m2;18179.884765625;29.83392333984375;27852.58203125;2.500000238418579;110.73798370361328;-3.5;;1;92976;m2;198303;0;
..\..\world\generic\human\passivedoodads\tables\duskwoodtable01.m2;18434.05859375;38.74480438232422;27853.30078125;1.9999995231628418;249.5;0.9999998807907104;;1;90052;m2;198602;0;
..\..\world\azeroth\duskwood\passivedoodads\graveframe\duskwoodgraveframe.m2;18358.3046875;53.07825469970703;28027.6484375;0;65.5;-3.000000238418579;;0.849609375;40278;m2;189485;0;
..\..\world\azeroth\duskwood\passivedoodads\irongate\gatesegment03.m2;18251.787109375;34.03611755371094;27855.30859375;12.999998092651367;334.5;15.999998092651367;;1;353482;m2;189494;0;
..\..\world\azeroth\westfall\passivedoodads\westfallfence\westfallfence.m2;18137.580078125;36.28994369506836;27798.83203125;-19.5;356;0.5;;1;39906;m2;190659;0;
..\..\world\azeroth\duskwood\passivedoodads\irongate\gatesegment03.m2;18242.923828125;28.12461280822754;27835.14453125;16.499998092651367;252;6.5;;1;353484;m2;189494;0;
..\..\world\generic\human\passivedoodads\lampposts\duskwoodlamppost.m2;18241.08203125;25.969640731811523;27767.21875;0.4999999403953552;331.1999206542969;2.5;;1;93003;m2;198303;0;
..\..\world\azeroth\westfall\passivedoodads\westfallfence\westfallfence.m2;18137.880859375;34.90685272216797;27794.8515625;-17.5;357.5;2;;1;39907;m2;190659;0;
..\..\world\generic\human\passivedoodads\lampposts\duskwoodlamppost.m2;18132.306640625;39.01755905151367;27852.216796875;-2.500000476837158;297.93292236328125;-1.999999761581421;;1;92975;m2;198303;0;
..\..\world\azeroth\duskwood\passivedoodads\irongate\gatesegment03.m2;18257.83984375;28.364967346191406;27828.1171875;-15.000000953674316;347;12.5;;1;353494;m2;189494;0;
..\..\world\generic\human\passivedoodads\lampposts\duskwoodlamppost.m2;18208.84375;26.510787963867188;27817.44140625;0.4999999403953552;326.05352783203125;2.000000238418579;;1;92977;m2;198303;0;
..\..\world\generic\human\passivedoodads\lampposts\duskwoodlamppost.m2;18265.953125;27.33336067199707;27738.9140625;-3.999999523162842;182.02676391601562;-1.500000238418579;;1;93004;m2;198303;0;
..\..\world\azeroth\duskwood\passivedoodads\graveframe\duskwoodgraveframe.m2;18359.712890625;53.1571159362793;28063.556640625;0.5;53;-0.5;;0.849609375;40457;m2;189485;0;
..\..\world\azeroth\duskwood\passivedoodads\fence\duskwoodfencetop.m2;18266.236328125;26.410072326660156;27812.140625;-13.499999046325684;83;4;;1;40081;m2;189471;0;
..\..\world\azeroth\westfall\passivedoodads\westfallfence\westfallfence.m2;18274.384765625;28.01399803161621;27811.23046875;-15.000001907348633;97;1.9999995231628418;;1;40123;m2;190659;0;
..\..\world\azeroth\duskwood\passivedoodads\bush\duskwoodbush07.m2;18394.107421875;35.8602180480957;27840.5;0;12.5;0;;1;90081;m2;189402;0;
..\..\world\azeroth\duskwood\passivedoodads\bush\pumpkinpatch01.m2;18288.625;29.49454689025879;27784.119140625;0;47;-0.5;;0.8798828125;39969;m2;189410;0;
..\..\world\azeroth\duskwood\passivedoodads\fence\duskwoodfencetop.m2;18271.7734375;26.255943298339844;27743.5703125;9.000001907348633;281.5;18;;1;39864;m2;189471;0;
..\..\world\azeroth\duskwood\passivedoodads\irongate\gatesegment03.m2;18268.10546875;31.72519302368164;27833.5078125;-3.000000238418579;301;20.999998092651367;;1;353498;m2;189494;0;
..\..\world\generic\human\passivedoodads\lampposts\duskwoodlamppost.m2;18240.671875;26.481435775756836;27793.73046875;0;66.5;0.5;;1;91758;m2;198303;0;
..\..\world\azeroth\westfall\passivedoodads\westfallfence\westfallfence.m2;18310.46875;37.57829666137695;27952.7109375;12.5;184.03587341308594;-12;;1;91776;m2;190659;0;
..\..\world\azeroth\duskwood\passivedoodads\duskwoodstraw\duskwoodstraw.m2;18437.666015625;37.6306037902832;27797.3046875;0;221;0;;0.8994140625;40007;m2;189461;0;
..\..\world\azeroth\duskwood\passivedoodads\bush\duskwoodbush07.m2;18211.53515625;25.324588775634766;27785.41015625;0;13.5;0;;0.9697265625;39953;m2;189402;0;
..\..\world\generic\human\passivedoodads\lampposts\duskwoodlamppost.m2;18233.7109375;26.00266456604004;27807.41015625;0;166;0;;1;91757;m2;198303;0;
..\..\world\generic\human\passivedoodads\lampposts\duskwoodlamppost.m2;18343.88671875;52.55491256713867;28034.65234375;0;235.9437255859375;0;;1;94430;m2;198303;0;
..\..\world\azeroth\duskwood\passivedoodads\fence\duskwoodfencetop.m2;18175.984375;27.090883255004883;27827.078125;-11.49999713897705;282;0.9999975562095642;;1;40033;m2;189471;0;
..\..\world\azeroth\duskwood\passivedoodads\irongate\gatesegment03.m2;18253.5546875;27.980634689331055;27828.1015625;-7.500000476837158;0;5.999999523162842;;1;353493;m2;189494;0;
..\..\world\azeroth\duskwood\passivedoodads\irongate\gatesegment03.m2;18240.794921875;28.723100662231445;27840.92578125;13.500000953674316;295.5;14.500001907348633;;1;353475;m2;189494;0;
..\..\world\azeroth\westfall\passivedoodads\westfallfence\westfallfence.m2;18252.939453125;26.682138442993164;27798.2890625;-9.5;359;10.5;;1;39955;m2;190659;0;
..\..\world\azeroth\duskwood\passivedoodads\irongate\gatesegment03.m2;18265.400390625;30.269006729125977;27830.5390625;-10;304;21.499996185302734;;1;353497;m2;189494;0;
..\..\world\azeroth\duskwood\passivedoodads\bush\duskwoodbush07.m2;18197.26953125;26.050661087036133;27778.265625;-3.500000238418579;326.5;-2.5;;0.8095703125;39922;m2;189402;0;
..\..\world\azeroth\westfall\passivedoodads\westfallfence\westfallfence.m2;18138.93359375;37.87240982055664;27849.015625;-14.5;286;4.500000476837158;;1;40170;m2;190659;0;
..\..\world\azeroth\westfall\passivedoodads\westfallfence\westfallfence.m2;18229.189453125;24.957185745239258;27817.02734375;10.5;345;-2.5;;1;88965;m2;190659;0;
..\..\world\azeroth\duskwood\passivedoodads\fence\duskwoodfencetop.m2;18135.96875;37.472694396972656;27802.5546875;-16.5;336.5;3.000000476837158;;1;40024;m2;189471;0;
..\..\world\azeroth\duskwood\passivedoodads\irongate\gatesegment03.m2;18246.943359375;32.01443862915039;27851.375;13.500000953674316;325;14.499998092651367;;1;353480;m2;189494;0;
..\..\world\azeroth\westfall\passivedoodads\westfallfence\westfallfence.m2;18315.345703125;34.8100471496582;27871.953125;7.500000476837158;278;5.999999523162842;;1;40547;m2;190659;0;
..\..\world\azeroth\duskwood\passivedoodads\bush\duskwoodbush07.m2;18530.33203125;149.01841735839844;27938.609375;0;176;0;;1.0751953125;40695;m2;189402;0;
..\..\world\azeroth\westfall\passivedoodads\westfallfence\westfallfence.m2;18353.548828125;52.54003143310547;28085.12890625;-7;189;-7.000000953674316;;1;40447;m2;190659;0;
..\..\world\azeroth\duskwood\passivedoodads\bush\pumpkin01.m2;18262.224609375;27.079959869384766;27789.80078125;1.5;26.5;-2.5;;1.169921875;39963;m2;189409;0;
..\..\world\azeroth\westfall\passivedoodads\westfallfence\westfallfence.m2;18270.181640625;26.9310359954834;27811.6640625;-8;96.5;3;;1;40122;m2;190659;0;
..\..\world\azeroth\westfall\passivedoodads\westfallfence\westfallfence.m2;18310.630859375;38.44847869873047;27956.6875;13.499999046325684;192.76861572265625;-12.999998092651367;;1;91777;m2;190659;0;
..\..\world\azeroth\duskwood\passivedoodads\duskwoodstraw\duskwoodstraw.m2;18258.078125;25.61424446105957;27786.3046875;6.999999523162842;257.5;3;;1;39965;m2;189461;0;
..\..\world\azeroth\duskwood\passivedoodads\fence\duskwoodfencebottom.m2;18270.37890625;26.11455535888672;27747.576171875;3;343;3.5000009536743164;;1.0693359375;39863;m2;189464;0;
..\..\world\azeroth\westfall\passivedoodads\westfallfence\westfallfence.m2;18147.05078125;30.040687561035156;27783.291015625;-17.000001907348633;291.5;4.000000953674316;;1;39911;m2;190659;0;
..\..\world\azeroth\duskwood\passivedoodads\fence\duskwoodfencetop.m2;18252.86328125;26.02533721923828;27794.1640625;-6;0;5.5;;1;39956;m2;189471;0;
..\..\world\azeroth\westfall\passivedoodads\westfallfence\westfallfence.m2;18142.90625;36.720279693603516;27847.732421875;-8.00000286102295;284;0.5000012516975403;;1;40171;m2;190659;0;
..\..\world\azeroth\duskwood\passivedoodads\fence\duskwoodfencebottombroken.m2;18313.36328125;33.23951721191406;27855.8125;6.5;191.6856689453125;-1.5000001192092896;;1;91761;m2;189465;0;
..\..\world\azeroth\westfall\passivedoodads\westfallfence\westfallfence.m2;18150.892578125;28.735124588012695;27781.734375;-13.000000953674316;290;2.5000007152557373;;1;39912;m2;190659;0;
..\..\world\azeroth\westfall\passivedoodads\westfallfence\westfallfence.m2;18208.349609375;25.63149070739746;27784.119140625;-7.999999046325684;287.5;-3.4999992847442627;;1;39945;m2;190659;0;
..\..\world\azeroth\westfall\passivedoodads\westfallfence\westfallfence.m2;18134.923828125;38.65080642700195;27850.294921875;-9.500001907348633;288;-4.328227021233033e-7;;1;40169;m2;190659;0;
..\..\world\azeroth\duskwood\passivedoodads\fence\duskwoodfencetop.m2;18178.970703125;26.586688995361328;27815.822265625;5.500000476837158;99;-2.000000476837158;;1;40037;m2;189471;0;
..\..\world\azeroth\duskwood\passivedoodads\fence\duskwoodfencetop.m2;18262.662109375;26.326942443847656;27811.8828125;-35;52.5;12.500000953674316;;1;40078;m2;189471;0;
..\..\world\azeroth\duskwood\passivedoodads\fence\duskwoodfencetop.m2;18172.7734375;27.331872940063477;27820.212890625;4.5;184;1;;1;40035;m2;189471;0;
..\..\world\azeroth\westfall\passivedoodads\westfallfence\westfallfence.m2;18242.583984375;24.615427017211914;27743.4140625;4.500000476837158;355;-1;;1;39845;m2;190659;0;
..\..\world\azeroth\westfall\passivedoodads\westfallfence\westfallfence.m2;18311.318359375;34.19296646118164;27873.0234375;7.999999046325684;286.5;-0.49999967217445374;;1;40546;m2;190659;0;
..\..\world\azeroth\westfall\passivedoodads\westfallfence\westfallfence.m2;18278.28125;28.19203758239746;27810.625;-4.999999523162842;99;1.999999761581421;;1;40124;m2;190659;0;
..\..\world\azeroth\westfall\passivedoodads\westfallfence\westfallfence.m2;18143.455078125;31.16073989868164;27785.05859375;-16.999998092651367;296.4999694824219;-0.4999975562095642;;1;39910;m2;190659;0;
..\..\world\azeroth\westfall\passivedoodads\westfallfence\westfallfence.m2;18242.849609375;24.90432357788086;27739.3046875;4.000000476837158;3.5;0;;1;39846;m2;190659;0;
..\..\world\azeroth\westfall\passivedoodads\westfallfence\westfallfence.m2;18242.095703125;25.968917846679688;27812.14453125;-4.5;83.5;-3.999999523162842;;1;88959;m2;190659;0;
..\..\world\azeroth\westfall\passivedoodads\westfallfence\westfallfence.m2;18250.267578125;26.435651779174805;27813.203125;-4;81.5;0.49999985098838806;;1;88958;m2;190659;0;
..\..\world\azeroth\duskwood\passivedoodads\bush\pumpkin01.m2;18280.568359375;27.260549545288086;27748.369140625;2.500000238418579;169;-7;;1.1396484375;39871;m2;189409;0;
..\..\world\azeroth\duskwood\passivedoodads\fence\duskwoodfencetop.m2;18182.646484375;26.35407829284668;27822.59375;3;4.5;0;;1;40031;m2;189471;0;
..\..\world\azeroth\westfall\passivedoodads\westfallfence\westfallfence.m2;18253.216796875;26.84672737121582;27802.328125;-3.000000476837158;4;3.5;;1;40077;m2;190659;0;
..\..\world\azeroth\westfall\passivedoodads\westfallfence\westfallfence.m2;18246.125;26.120563507080078;27812.58203125;-3;83;-1.4999998807907104;;1;88957;m2;190659;0;
..\..\world\azeroth\westfall\passivedoodads\westfallfence\westfallfence.m2;18353.7734375;35.75801467895508;27865.369140625;-2;273.4781799316406;-5.500000476837158;;1;91768;m2;190659;0;
..\..\world\azeroth\westfall\passivedoodads\westfallfence\westfallfence.m2;18275.474609375;26.814266204833984;27742.27734375;5.5;284.5;-4.499999046325684;;1;39865;m2;190659;0;
..\..\world\azeroth\westfall\passivedoodads\westfallfence\westfallfence.m2;18282.21484375;28.346782684326172;27809.935546875;-3.000000238418579;100.5;1.5000001192092896;;1;40125;m2;190659;0;
..\..\world\azeroth\westfall\passivedoodads\westfallfence\westfallfence.m2;18409.185546875;37.50714111328125;27842.62109375;-2;2;-1;;1;90049;m2;190659;0;
..\..\world\azeroth\duskwood\passivedoodads\fence\duskwoodfencetop.m2;18180.029296875;26.614055633544922;27750.859375;-1.5;186;-0.4999999403953552;;1;39824;m2;189471;0;
..\..\world\azeroth\duskwood\passivedoodads\irongate\gatesegment03.m2;18243.072265625;30.213470458984375;27846.732421875;12.999996185302734;305;15.999998092651367;;1;353476;m2;189494;0;
..\..\world\azeroth\duskwood\passivedoodads\fence\duskwoodfencetop.m2;18260.4296875;25.70524024963379;27778.98046875;-19.5;142.5;11.500000953674316;;1;39960;m2;189471;0;
..\..\world\azeroth\duskwood\passivedoodads\irongate\gatesegment03.m2;18322.791015625;29.680524826049805;27740.16015625;0;153;0;;1;39875;m2;189494;0;
..\..\world\azeroth\westfall\passivedoodads\westfallfence\westfallfence.m2;18237.84765625;25.75316047668457;27811.61328125;0.9999998807907104;84;-2;;1;88960;m2;190659;0;
..\..\world\azeroth\westfall\passivedoodads\westfallfence\westfallfence.m2;18319.365234375;35.3793830871582;27871.3359375;0.5000001192092896;275.5;2.5;;1;40548;m2;190659;0;
..\..\world\azeroth\duskwood\passivedoodads\fence\duskwoodfencetopbroken.m2;18349.595703125;35.799434661865234;27865.77734375;5.000000476837158;273.48309326171875;-3.5000009536743164;;1;91767;m2;189472;0;
..\..\world\azeroth\westfall\passivedoodads\westfallfence\westfallfence.m2;18224.142578125;24.83991813659668;27823.2578125;2.000000238418579;341.5;-6.000000476837158;;1;88967;m2;190659;0;
..\..\world\azeroth\duskwood\passivedoodads\fence\duskwoodfencebottombroken.m2;18420.705078125;37.95112991333008;27836.8125;0;269.5;0;;1;90045;m2;189465;0;
..\..\world\azeroth\westfall\passivedoodads\westfallfence\westfallfence.m2;18283.744140625;27.8653621673584;27740.826171875;3;288.5;2;;1;39867;m2;190659;0;
..\..\world\azeroth\duskwood\passivedoodads\fence\duskwoodfencetop.m2;18253.357421875;26.896486282348633;27737.009765625;0;353;0;;1;39852;m2;189471;0;
..\..\world\azeroth\westfall\passivedoodads\westfallfence\westfallfence.m2;18234.373046875;26.15351676940918;27807.421875;0.5;351.5;0;;1;40091;m2;190659;0;
..\..\world\azeroth\westfall\passivedoodads\westfallfence\westfallfence.m2;18299.705078125;36.16097640991211;27909.08203125;0;184.77940368652344;0;;1;91773;m2;190659;0;
..\..\world\azeroth\westfall\passivedoodads\westfallfence\westfallfence.m2;18269.16015625;25.867168426513672;27760.0546875;0;354.5;0;;1;39861;m2;190659;0;
..\..\world\azeroth\westfall\passivedoodads\westfallfence\westfallfence.m2;18238.18359375;26.183053970336914;27800.85546875;0;354;0;;1;40093;m2;190659;0;
..\..\world\azeroth\westfall\passivedoodads\westfallfence\westfallfence.m2;18299.4140625;36.07707595825195;27904.94140625;0;183.81089782714844;0;;1;91772;m2;190659;0;
..\..\world\generic\human\passivedoodads\lampposts\duskwoodlamppostbroken.m2;18340.634765625;52.7232780456543;28039.4375;2.499999523162842;55.46429443359375;-7.500000476837158;;1;94431;m2;198304;0;
..\..\world\azeroth\duskwood\passivedoodads\fence\duskwoodfencetop.m2;18266.236328125;27.43052101135254;27737.7421875;0;359;0;;1;39850;m2;189471;0;
..\..\world\azeroth\westfall\passivedoodads\westfallfence\westfallfence.m2;18269.5546875;25.88663673400879;27755.921875;0;1.5;0;;1;39862;m2;190659;0;
..\..\world\azeroth\duskwood\passivedoodads\fence\duskwoodfencebottombroken.m2;18300.8515625;35.8890266418457;27917.38671875;0;191.47402954101562;0;;1;91775;m2;189465;0;
..\..\world\azeroth\westfall\passivedoodads\westfallfence\westfallfence.m2;18180.595703125;26.702024459838867;27746.759765625;0;171.5;0;;1;39823;m2;190659;0;
..\..\world\azeroth\duskwood\passivedoodads\fence\duskwoodfencetop.m2;18266.298828125;27.606929779052734;27733.59375;0;0;0;;1;39851;m2;189471;0;
..\..\world\azeroth\westfall\passivedoodads\westfallfence\westfallfence.m2;18428.794921875;38.4514045715332;27837.58203125;0;82;0;;1;90047;m2;190659;0;
..\..\world\azeroth\westfall\passivedoodads\westfallfence\westfallfence.m2;18238.46875;26.200794219970703;27808.234375;-0.5000002384185791;80.5;-3.500000238418579;;1;88961;m2;190659;0;
..\..\world\azeroth\westfall\passivedoodads\westfallfence\westfallfence.m2;18358.044921875;35.627933502197266;27865.203125;0;279.925537109375;0;;1;91769;m2;190659;0;
..\..\world\azeroth\westfall\passivedoodads\westfallfence\westfallfence.m2;18362.318359375;53.11409378051758;28012.40625;-1.5;247;9;;1;40096;m2;190659;0;
..\..\world\azeroth\westfall\passivedoodads\westfallfence\westfallfence.m2;18277.8125;28.194150924682617;27820.0703125;8;242;-3.9999990463256836;;1;91753;m2;190659;0;
..\..\world\azeroth\duskwood\passivedoodads\fence\duskwoodfencebottom.m2;18300.08203125;36.07108688354492;27913.23046875;0;190.22604370117188;0;;1;91774;m2;189464;0;
..\..\world\azeroth\duskwood\passivedoodads\fence\duskwoodfencebottom.m2;18286.078125;28.577478408813477;27809.546875;-1.5000001192092896;96.5;0.4999999403953552;;0.9794921875;40126;m2;189464;0;
..\..\world\azeroth\westfall\passivedoodads\westfallfence\westfallfence.m2;18287.69140625;28.285926818847656;27739.5234375;3.500000238418579;293.5;4;;1;39868;m2;190659;0;
..\..\world\azeroth\duskwood\passivedoodads\duskwoodstraw\duskwoodstraw.m2;18159.671875;27.02682876586914;27781.671875;18.499998092651367;0;-13.500000953674316;;1;39915;m2;189461;0;
..\..\world\azeroth\westfall\passivedoodads\westfallfence\westfallfence.m2;18349.00390625;52.7922248840332;28078.263671875;-3.499999761581421;204.5;-4.5;;1;40438;m2;190659;0;
..\..\world\azeroth\westfall\passivedoodads\westfallfence\westfallfence.m2;18358.501953125;53.164642333984375;28010.875;0.5000001192092896;247.49998474121094;9.499998092651367;;1;40095;m2;190659;0;
..\..\world\azeroth\duskwood\passivedoodads\fence\duskwoodfencetopbroken.m2;18300.8046875;31.632240295410156;27839.544921875;-8.5;219.07369995117188;-21.4999942779541;;1;91759;m2;189472;0;
..\..\world\azeroth\duskwood\passivedoodads\bush\duskwoodbush07.m2;18341.751953125;52.74526596069336;28038.6953125;1;93.5;0.5000000596046448;;0.9794921875;40179;m2;189402;0;
..\..\world\azeroth\westfall\passivedoodads\westfallfence\westfallfence.m2;18294.732421875;28.907073974609375;27807.875;-3.000000476837158;109.5;-8.000000953674316;;0.9599609375;40128;m2;190659;0;
..\..\world\azeroth\westfall\passivedoodads\westfallfence\westfallfence.m2;18242.5234375;25.18216896057129;27735.28125;5.000000953674316;24.5;-1.0000001192092896;;1;39847;m2;190659;0;
..\..\world\azeroth\duskwood\passivedoodads\irongate\gatesegment03.m2;18405.287109375;52.70637893676758;28090.94140625;0;327;0;;1;199422;m2;189494;0;
..\..\world\azeroth\duskwood\passivedoodads\fence\duskwoodfencetopbroken.m2;18311.595703125;39.48112487792969;27960.58203125;13.999999046325684;200.26589965820312;-17.5;;1;91778;m2;189472;0;
..\..\world\generic\human\passivedoodads\benches\duskwoodbench.m2;18442.3125;38.87458419799805;27841.55078125;0;25.5;0;;1;90071;m2;198011;0;
..\..\world\azeroth\westfall\passivedoodads\westfallfence\westfallfence.m2;18281.55859375;28.7227783203125;27822.125;6.499999046325684;241.00001525878906;-2.499999761581421;;1;91754;m2;190659;0;
..\..\world\azeroth\westfall\passivedoodads\westfallfence\westfallfence.m2;18365.98828125;53.05552291870117;28013.890625;-0.5000001192092896;244.5;7.000000476837158;;1;40097;m2;190659;0;
..\..\world\azeroth\duskwood\passivedoodads\duskwoodstraw\duskwoodstraw.m2;18528.25;159.9315185546875;27910.5;0;188;0;;0.9951171875;40644;m2;189461;0;
..\..\world\azeroth\duskwood\passivedoodads\duskwoodstraw\duskwoodstraw.m2;18524.943359375;122.81036376953125;28123.138671875;0;351;0;;0.9814453125;40867;m2;189461;0;
..\..\world\generic\human\passivedoodads\lampposts\duskwoodlamppostbroken.m2;18251.42578125;26.279903411865234;27813.759765625;0;73.425537109375;2;;1;94429;m2;198304;0;
..\..\world\azeroth\duskwood\passivedoodads\fence\duskwoodfencetop.m2;18174.8046875;26.9132080078125;27816.5234375;6;151;0.5000001192092896;;1;40036;m2;189471;0;
..\..\world\azeroth\duskwood\passivedoodads\fence\duskwoodfencetopbroken.m2;18424.6875;38.22529220581055;27836.966796875;0;93.49996948242188;0;;1;90046;m2;189472;0;
..\..\world\azeroth\westfall\passivedoodads\westfallfence\westfallfence.m2;18426.23828125;52.02720260620117;28047.61328125;-3.000000238418579;154.5;0;;1;40534;m2;190659;0;
..\..\world\azeroth\westfall\passivedoodads\westfallfence\westfallfence.m2;18285.15625;29.11543083190918;27824.10546875;4.999999523162842;241.00001525878906;-1.999999761581421;;1;91755;m2;190659;0;
..\..\world\azeroth\duskwood\passivedoodads\duskwoodstraw\duskwoodstraw.m2;18203.85546875;25.210771560668945;27768.55078125;0.9999997019767761;275;-4.999999523162842;;1;39951;m2;189461;0;
..\..\world\azeroth\westfall\passivedoodads\westfallfence\westfallfence.m2;18411.5859375;52.10392761230469;28039.904296875;-3;245;-1.5000001192092896;;1;40354;m2;190659;0;
..\..\world\azeroth\westfall\passivedoodads\westfallfence\westfallfence.m2;18424.47265625;51.76301956176758;28051.328125;0;158;0;;1;40535;m2;190659;0;
..\..\world\azeroth\duskwood\passivedoodads\duskwoodstraw\duskwoodstraw.m2;18540.943359375;147.855712890625;28018.388671875;0;7;0;;0.9931640625;40765;m2;189461;0;
..\..\world\azeroth\westfall\passivedoodads\westfallfence\westfallfence.m2;18386.689453125;52.5943603515625;28026.5546875;-8.537736562175269e-7;244.00003051757812;4.999996662139893;;1;40347;m2;190659;0;
..\..\world\azeroth\duskwood\passivedoodads\tombs\dirtmound01.m2;18250.361328125;31.310062408447266;27839.40234375;-19.5;44;2.0000007152557373;;1.029296875;353505;m2;189528;0;
..\..\world\azeroth\westfall\passivedoodads\westfallfence\westfallfence.m2;18204.69140625;25.930950164794922;27782.109375;-4.499999523162842;241.00001525878906;0;;1;39944;m2;190659;0;
..\..\world\azeroth\duskwood\passivedoodads\duskwoodstraw\duskwoodstraw.m2;18603.83203125;143.18612670898438;27798.83203125;0;272;0;;1.0615234375;40020;m2;189461;0;
..\..\world\azeroth\westfall\passivedoodads\westfallfence\westfallfence.m2;18189.56640625;27.418764114379883;27832.09765625;-3.499999761581421;299;-1.5000004768371582;;1;88954;m2;190659;0;
..\..\world\azeroth\duskwood\passivedoodads\fence\duskwoodfencetop.m2;18239.236328125;24.24363899230957;27750.9375;0;335;0;;1;39843;m2;189471;0;
..\..\world\azeroth\westfall\passivedoodads\westfallfence\westfallfence.m2;18422.95703125;51.71185302734375;28055.0703125;0;155.5;0;;1;40536;m2;190659;0;
..\..\world\azeroth\westfall\passivedoodads\westfallfence\westfallfence.m2;18381.775390625;53.644813537597656;28110.8671875;0.4999999403953552;244.50003051757812;0;;1;40583;m2;190659;0;
..\..\world\azeroth\duskwood\passivedoodads\fence\duskwoodfencebottom.m2;18264.830078125;25.82637596130371;27772.13671875;0;155;0;;1;39962;m2;189464;0;
..\..\world\azeroth\westfall\passivedoodads\westfallfence\westfallfence.m2;18266.658203125;25.839797973632812;27768.265625;0;154.5;0;;1;39964;m2;190659;0;
..\..\world\azeroth\duskwood\passivedoodads\fence\duskwoodfencebottom.m2;18424.1328125;37.3859748840332;27811.47265625;0;295.5;0;;1;90040;m2;189464;0;
..\..\world\azeroth\duskwood\passivedoodads\bush\pumpkin01.m2;18276.28125;27.25507354736328;27767.07421875;5;36;-6;;1;39968;m2;189409;0;
..\..\world\azeroth\westfall\passivedoodads\westfallfence\westfallfence.m2;18390.353515625;52.7614860534668;28028.212890625;0.9999998807907104;242.5;0;;1;40348;m2;190659;0;
..\..\world\generic\human\passivedoodads\benches\duskwoodbench.m2;18431.89453125;38.706302642822266;27852.375;-5;55.5;0.5000002980232239;;1;90070;m2;198011;0;
..\..\world\azeroth\duskwood\passivedoodads\tombs\tombstonemonument02.m2;18367.662109375;52.282745361328125;28042.3671875;8.999999046325684;237;-3.5000011920928955;;1.0595703125;40324;m2;189538;0;
..\..\world\azeroth\westfall\passivedoodads\westfallfence\westfallfence.m2;18262.90625;25.821516036987305;27775.900390625;-4.999999523162842;141.5;10.499999046325684;;1;39961;m2;190659;0;
..\..\world\azeroth\duskwood\passivedoodads\fence\duskwoodfencetop.m2;18383.203125;52.55929183959961;28024.509765625;0.4999999403953552;241.5;1.5000001192092896;;1;40346;m2;189471;0;
..\..\world\azeroth\westfall\passivedoodads\westfallfence\westfallfence.m2;18371.25;52.94198226928711;28103.982421875;4;237;-3;;1;40591;m2;190659;0;
..\..\world\azeroth\westfall\passivedoodads\westfallfence\westfallfence.m2;18369.6484375;52.969661712646484;28015.513671875;-0.5;240.5;3.000000238418579;;1;40098;m2;190659;0;
..\..\world\azeroth\westfall\passivedoodads\westfallfence\westfallfence.m2;18137.89453125;33.567161560058594;27790.82421875;-18;319.5;3;;1;39908;m2;190659;0;
..\..\world\azeroth\westfall\passivedoodads\westfallfence\westfallfence.m2;18133.53125;38.301822662353516;27805.763671875;-11.5;326;-4.500000476837158;;1;40025;m2;190659;0;
..\..\world\azeroth\duskwood\passivedoodads\fence\duskwoodfencebottom.m2;18397.52734375;53.00749206542969;28032.197265625;0;243;0;;1;40350;m2;189464;0;
..\..\world\azeroth\westfall\passivedoodads\westfallfence\westfallfence.m2;18415.33203125;51.85539627075195;28041.65625;0;242.5;0;;1;40380;m2;190659;0;
..\..\world\azeroth\westfall\passivedoodads\westfallfence\westfallfence.m2;18374.794921875;53.28401184082031;28106.28515625;2.5;238;-2.499999761581421;;1;40590;m2;190659;0;
..\..\world\azeroth\westfall\passivedoodads\westfallfence\westfallfence.m2;18225.541015625;24.983972549438477;27819.35546875;-0.9999997019767761;302.5;-5.499999523162842;;1;88966;m2;190659;0;
..\..\world\azeroth\westfall\passivedoodads\westfallfence\westfallfence.m2;18212.453125;25.14739418029785;27782.947265625;-3.5;302;-0.4999999403953552;;1;39946;m2;190659;0;
..\..\world\azeroth\westfall\passivedoodads\westfallfence\westfallfence.m2;18268.7734375;25.93729591369629;27764.56640625;-1.0000001192092896;150.5;0;;1;39859;m2;190659;0;
..\..\world\azeroth\westfall\passivedoodads\westfallfence\westfallfence.m2;18401.24609375;52.90459060668945;28034.0703125;0;241;0;;1;40351;m2;190659;0;
..\..\world\azeroth\westfall\passivedoodads\westfallfence\westfallfence.m2;18399.64453125;53.234710693359375;28092.296875;1.0000001192092896;146;-5.5;;1;40625;m2;190659;0;
..\..\world\azeroth\westfall\passivedoodads\westfallfence\westfallfence.m2;18182.642578125;26.5150089263916;27743.248046875;2;148.5;0;;1;39822;m2;190659;0;
..\..\world\azeroth\westfall\passivedoodads\westfallfence\westfallfence.m2;18422.548828125;51.8954963684082;28045.64453125;0;240.5;0;;1;40533;m2;190659;0;
..\..\world\azeroth\duskwood\passivedoodads\fence\duskwoodfencetopbroken.m2;18288.783203125;29.593889236450195;27826.0859375;4.5;237.5;-2;;1;91756;m2;189472;0;
..\..\world\azeroth\westfall\passivedoodads\westfallfence\westfallfence.m2;18393.982421875;52.9406623840332;28030.150390625;1;239.50001525878906;0.5000000596046448;;1;40349;m2;190659;0;
..\..\world\azeroth\duskwood\passivedoodads\tombs\tombstonemonument02.m2;18258.830078125;35.86848068237305;27854.578125;12;233.5;-1.0000001192092896;;1;353461;m2;189538;0;
..\..\world\azeroth\westfall\passivedoodads\westfallfence\westfallfence.m2;18418.99609375;51.806278228759766;28043.55859375;0;239.50001525878906;0;;1;40381;m2;190659;0;
..\..\world\azeroth\westfall\passivedoodads\westfallfence\westfallfence.m2;18390.138671875;53.659812927246094;28105.796875;0;149.5;0;;1;40586;m2;190659;0;
..\..\world\azeroth\westfall\passivedoodads\westfallfence\westfallfence.m2;18397.26171875;53.45327377319336;28095.64453125;1;146.5;-2.500000238418579;;1;40626;m2;190659;0;
..\..\world\azeroth\duskwood\passivedoodads\duskwoodstraw\duskwoodstraw.m2;18208.205078125;25.414142608642578;27783.904296875;6.499999523162842;0;0;;1;39952;m2;189461;0;
..\..\world\azeroth\westfall\passivedoodads\westfallfence\westfallfence.m2;18193.1171875;27.220245361328125;27830.09765625;-4;305;-0.4999999403953552;;1;88953;m2;190659;0;
..\..\world\azeroth\westfall\passivedoodads\westfallfence\westfallfence.m2;18231.859375;24.396745681762695;27760.916015625;-1.5;327.5;0;;1;39834;m2;190659;0;
..\..\world\azeroth\duskwood\passivedoodads\bush\duskwoodbush07.m2;18267.353515625;25.952611923217773;27770.92578125;1.5000001192092896;342.5;6;;0.7197265625;39974;m2;189402;0;
..\..\world\azeroth\duskwood\passivedoodads\tombs\tombstonemonument02.m2;18265.78125;36.2763786315918;27848.2265625;12.000000953674316;210.5;2.5;;1;353460;m2;189538;0;
..\..\world\azeroth\duskwood\passivedoodads\fence\duskwoodfencebottom.m2;18291.37109375;28.624345779418945;27737.791015625;-2;304;0;;1;39869;m2;189464;0;
..\..\world\azeroth\westfall\passivedoodads\westfallfence\westfallfence.m2;18379.650390625;52.6285285949707;28022.310546875;0.5;237.5;0.9999998807907104;;1;40345;m2;190659;0;
..\..\world\azeroth\westfall\passivedoodads\westfallfence\westfallfence.m2;18230.228515625;25.714096069335938;27813.263671875;2.000000238418579;303.5;-1.5000003576278687;;1;88964;m2;190659;0;
..\..\world\azeroth\westfall\passivedoodads\westfallfence\westfallfence.m2;18257.416015625;25.571969985961914;27782.734375;-4.499999523162842;144.5;-2.000000238418579;;1;39959;m2;190659;0;
..\..\world\azeroth\duskwood\passivedoodads\tombs\tombstonemonument02.m2;18360.953125;53.08893966674805;28074.828125;3.000000238418579;227.5;-6;;1;40475;m2;189538;0;
..\..\world\azeroth\duskwood\passivedoodads\fence\duskwoodfencetop.m2;18180.197265625;26.281389236450195;27826.16796875;0;324;2;;1;40032;m2;189471;0;
..\..\world\azeroth\westfall\passivedoodads\westfallfence\westfallfence.m2;18378.314453125;53.54866027832031;28108.5703125;0.5;236;0.5;;1;40589;m2;190659;0;
..\..\world\azeroth\duskwood\passivedoodads\fence\duskwoodfencetop.m2;18172.99609375;27.655393600463867;27824.23046875;-7.999999046325684;227.5;3;;1;40034;m2;189471;0;
..\..\world\azeroth\duskwood\passivedoodads\fence\duskwoodfencebottom.m2;18140.45703125;32.184967041015625;27787.70703125;-12.999998092651367;311;1.4999990463256836;;1;39909;m2;189464;0;
..\..\world\azeroth\duskwood\passivedoodads\tombs\dirtmound01.m2;18261.77734375;31.719669342041016;27834.578125;-22.499998092651367;7;3.000000476837158;;0.9892578125;353506;m2;189528;0;
..\..\world\azeroth\westfall\passivedoodads\westfallfence\westfallfence.m2;18394.986328125;53.566768646240234;28099.0625;0;144.5;-1.5;;1;40584;m2;190659;0;
..\..\world\azeroth\westfall\passivedoodads\westfallfence\westfallfence.m2;18229.416015625;24.472097396850586;27764.37890625;-1;324.5;0;;1;39833;m2;190659;0;
..\..\world\azeroth\westfall\passivedoodads\westfallfence\westfallfence.m2;18336;52.08314514160156;28061.97265625;-0.9999998807907104;216;-0.4999999403953552;;1;40196;m2;190659;0;
..\..\world\azeroth\duskwood\passivedoodads\duskwoodstraw\duskwoodstraw.m2;18292.486328125;28.49623680114746;27733.169921875;0;0;0;;1;29614;m2;189461;0;
..\..\world\azeroth\westfall\passivedoodads\westfallfence\westfallfence.m2;18373.173828125;52.85811233520508;28017.451171875;-0.9999998807907104;233.5;1;;1;40132;m2;190659;0;
..\..\world\azeroth\westfall\passivedoodads\westfallfence\westfallfence.m2;18392.5625;53.633235931396484;28102.4609375;0.5;144;-0.9999998807907104;;1;40585;m2;190659;0;
..\..\world\generic\passivedoodads\barrel\brokenbarrel01.m2;18446.203125;38.94493103027344;27841.99609375;0;48.5;0;;1;90057;m2;199566;0;
..\..\world\azeroth\westfall\passivedoodads\westfallfence\westfallfence.m2;18376.494140625;52.741329193115234;28019.9609375;-0.49999988079071045;232.5;3.000000238418579;;1;40344;m2;190659;0;
..\..\world\azeroth\duskwood\passivedoodads\fence\duskwoodfencebottom.m2;18298.02734375;28.94465446472168;27805.5;0;125;0;;1;40129;m2;189464;0;
..\..\world\azeroth\westfall\passivedoodads\westfallfence\westfallfence.m2;18427.8515625;37.356117248535156;27809.6796875;-8;41;-0.5000001192092896;;1;90041;m2;190659;0;
..\..\world\azeroth\westfall\passivedoodads\westfallfence\westfallfence.m2;18338.41796875;52.087379455566406;28065.3984375;0.5000000596046448;216.49998474121094;0.9999998807907104;;1;40430;m2;190659;0;
..\..\world\azeroth\westfall\passivedoodads\westfallfence\westfallfence.m2;18343.783203125;52.43299102783203;28071.8046875;3.000000238418579;217.5;-0.9999997615814209;;1;40441;m2;190659;0;
..\..\world\azeroth\duskwood\passivedoodads\fence\duskwoodfencebottombroken.m2;18437.666015625;38.1411247253418;27819.15625;0;216.5;0;;1;90044;m2;189465;0;
..\..\world\azeroth\duskwood\passivedoodads\fence\duskwoodfencetop.m2;18300.783203125;29.021366119384766;27802.66796875;-19.500001907348633;134;6.500000476837158;;0.94921875;40133;m2;189471;0;
..\..\world\azeroth\duskwood\passivedoodads\fence\duskwoodfencetopbroken.m2;18420.779296875;37.57868957519531;27814.1015625;0;303.5;0;;1;90039;m2;189472;0;
..\..\world\azeroth\westfall\passivedoodads\westfallfence\westfallfence.m2;18226.8359375;24.528993606567383;27767.7265625;-1.5;322.5;0.5;;1;39950;m2;190659;0;
..\..\world\azeroth\westfall\passivedoodads\westfallfence\westfallfence.m2;18191.5625;27.073699951171875;27850.1796875;1.5000001192092896;308;1;;1;88947;m2;190659;0;
..\..\world\azeroth\westfall\passivedoodads\westfallfence\westfallfence.m2;18350.7421875;52.574222564697266;28081.8984375;0;222;-8.000001907348633;;1;40439;m2;190659;0;
..\..\world\azeroth\westfall\passivedoodads\westfallfence\westfallfence.m2;18202.025390625;25.969236373901367;27778.91796875;0;218.99998474121094;-3.499999761581421;;1;39943;m2;190659;0;
..\..\world\azeroth\westfall\passivedoodads\westfallfence\westfallfence.m2;18388.017578125;53.67261505126953;28109.373046875;0.5;142.5;0;;1;40587;m2;190659;0;
..\..\world\azeroth\westfall\passivedoodads\westfallfence\westfallfence.m2;18258.751953125;26.370065689086914;27808.998046875;-11.5;43.5;5;;1;40079;m2;190659;0;
..\..\world\azeroth\westfall\passivedoodads\westfallfence\westfallfence.m2;18198.00390625;26.963518142700195;27845.01953125;-2.5;310.5;-2;;1;88949;m2;190659;0;
..\..\world\azeroth\westfall\passivedoodads\westfallfence\westfallfence.m2;18435.166015625;38.25307083129883;27815.919921875;0;217.5;0;;1;90043;m2;190659;0;
..\..\world\azeroth\duskwood\passivedoodads\fence\duskwoodfencebottombroken.m2;18408.951171875;37.17261505126953;27838.41015625;0;52;0;;1;90050;m2;189465;0;
..\..\world\azeroth\westfall\passivedoodads\westfallfence\westfallfence.m2;18199.416015625;25.96685028076172;27775.703125;0.5000001192092896;218;0;;1;39919;m2;190659;0;
..\..\world\azeroth\westfall\passivedoodads\westfallfence\westfallfence.m2;18234.01171875;24.34415626525879;27757.44140625;-1.4999998807907104;321;0;;1;39841;m2;190659;0;
..\..\world\azeroth\westfall\passivedoodads\westfallfence\westfallfence.m2;18201.142578125;26.769407272338867;27842.34375;-4.5;312;-1.5000001192092896;;1;88950;m2;190659;0;
..\..\world\azeroth\westfall\passivedoodads\westfallfence\westfallfence.m2;18354.0859375;52.06816864013672;28089.1875;2;219.5;-4.5;;1;40448;m2;190659;0;
..\..\world\azeroth\westfall\passivedoodads\westfallfence\westfallfence.m2;18224.173828125;24.554523468017578;27771.0234375;-1;321;0;;1;39949;m2;190659;0;
..\..\world\azeroth\westfall\passivedoodads\westfallfence\westfallfence.m2;18314.259765625;33.59367370605469;27859.9609375;3.5;229.69749450683594;0.9999998807907104;;1;91762;m2;190659;0;
..\..\world\azeroth\westfall\passivedoodads\westfallfence\westfallfence.m2;18218.88671875;24.649139404296875;27777.6796875;0;321.5;0;;1;39948;m2;190659;0;
..\..\world\azeroth\westfall\passivedoodads\westfallfence\westfallfence.m2;18188.95703125;26.051856994628906;27737.81640625;3.5;130.5;-1.0000001192092896;;1;39820;m2;190659;0;
..\..\world\azeroth\duskwood\passivedoodads\fence\duskwoodfencetop.m2;18182.228515625;26.615528106689453;27818.419921875;0.5;50;0.5;;1;40038;m2;189471;0;
..\..\world\azeroth\duskwood\passivedoodads\fence\duskwoodfencebottombroken.m2;18417.494140625;37.30313491821289;27816.544921875;0;309.5;0;;1;90038;m2;189465;0;
..\..\world\azeroth\westfall\passivedoodads\westfallfence\westfallfence.m2;18234.962890625;26.143491744995117;27803.42578125;0;309;0;;1;40092;m2;190659;0;
..\..\world\azeroth\westfall\passivedoodads\westfallfence\westfallfence.m2;18194.9453125;26.996078491210938;27847.58203125;0;309.5;0;;1;88948;m2;190659;0;
..\..\world\azeroth\westfall\passivedoodads\westfallfence\westfallfence.m2;18196.501953125;27.007431030273438;27827.669921875;-6.999999523162842;314;-0.5000000596046448;;1;88952;m2;190659;0;
..\..\world\azeroth\westfall\passivedoodads\westfallfence\westfallfence.m2;18185.875;26.22547149658203;27740.5234375;2;131;0;;1;39821;m2;190659;0;
..\..\world\azeroth\duskwood\passivedoodads\fence\duskwoodfencebottom.m2;18196.732421875;25.935298919677734;27772.513671875;0;219.5;0;;1;39918;m2;189464;0;
..\..\world\azeroth\duskwood\passivedoodads\fence\duskwoodfencebottom.m2;18333.458984375;52.12866973876953;28058.83203125;0;219.5;0;;1;88683;m2;189464;0;
..\..\world\azeroth\westfall\passivedoodads\westfallfence\westfallfence.m2;18346.3828125;52.648250579833984;28075.23828125;2;220.5;-0.9999998807907104;;1;40437;m2;190659;0;
..\..\world\azeroth\duskwood\passivedoodads\fence\duskwoodfencetopbroken.m2;18204.17578125;26.388586044311523;27839.671875;-6.5;311.5;1.5000001192092896;;1;88951;m2;189472;0;
..\..\world\azeroth\westfall\passivedoodads\detail\westfalltobbaco.m2;18169.564453125;27.25873374938965;27805.08984375;4.499999523162842;0;12;;1;40030;m2;190578;0;
..\..\world\azeroth\westfall\passivedoodads\westfallfence\westfallfence.m2;18236.580078125;24.2419376373291;27754.185546875;0;320;0;;1;39842;m2;190659;0;
..\..\world\azeroth\westfall\passivedoodads\westfallfence\westfallfence.m2;18194.03125;25.8900146484375;27769.35546875;0;220;0;;1;39917;m2;190659;0;
..\..\world\azeroth\duskwood\passivedoodads\fence\duskwoodfencetop.m2;18414.732421875;37.12565994262695;27819.64453125;0;318.5;0;;1;90037;m2;189471;0;
..\..\world\azeroth\westfall\passivedoodads\westfallfence\westfallfence.m2;18340.912109375;52.13538360595703;28068.84375;2.500000238418579;224;3.0000007152557373;;1;40431;m2;190659;0;
..\..\world\azeroth\westfall\passivedoodads\westfallfence\westfallfence.m2;18191.638671875;25.920175552368164;27734.669921875;0.5000001788139343;139;0;;1;39819;m2;190659;0;
..\..\world\azeroth\duskwood\passivedoodads\fence\duskwoodfencebottom.m2;18317.427734375;34.02760696411133;27862.640625;4.5;226.578369140625;0;;1;91763;m2;189464;0;
..\..\world\azeroth\westfall\passivedoodads\westfallfence\westfallfence.m2;18185.275390625;25.895946502685547;27760.462890625;0;222.49998474121094;0;;1;39827;m2;190659;0;
..\..\world\azeroth\westfall\passivedoodads\westfallfence\westfallfence.m2;18216.0625;24.807655334472656;27780.703125;0;316.5;0;;1;39947;m2;190659;0;
..\..\world\azeroth\duskwood\passivedoodads\fence\duskwoodfencetop.m2;18188.14453125;25.836082458496094;27763.50390625;0;224.99998474121094;0;;1;39826;m2;189471;0;
..\..\world\azeroth\westfall\passivedoodads\westfallfence\westfallfence.m2;18191.15234375;25.830188751220703;27766.48046875;0;224.5;0;;1;39818;m2;190659;0;
..\..\world\azeroth\duskwood\passivedoodads\duskwoodstraw\duskwoodstraw.m2;18365.072265625;53.08988571166992;28031.90625;0;8;0;;0.76953125;40318;m2;189461;0;
..\..\world\azeroth\duskwood\passivedoodads\bush\pumpkinpatch01.m2;18302.6796875;29.35479736328125;27768.45703125;-3.999999523162842;0;-6;;0.69921875;39976;m2;189410;0;
..\..\world\azeroth\westfall\passivedoodads\tombstones\tombstone01.m2;18379.708984375;51.99858474731445;28051.921875;0;61.5;0.9999998807907104;;1.2197265625;40474;m2;190633;0;
..\..\world\azeroth\westfall\passivedoodads\tombstones\tombstone01.m2;18375.576171875;52.741233825683594;28102.1328125;0;61;1;;1.2197265625;40611;m2;190633;0;
..\..\world\azeroth\duskwood\passivedoodads\bush\duskwoodbush07.m2;18242.65625;24.30677032470703;27744.45703125;0;347;0;;0.6591796875;39849;m2;189402;0;
..\..\world\azeroth\duskwood\passivedoodads\irongate\gatesegment02.m2;18271.900390625;34.59834289550781;27840.22265625;28;48;-42;;1;353501;m2;189493;0;
..\..\world\azeroth\westfall\passivedoodads\westfallfence\westfallfenceend.m2;18432.689453125;38.62720489501953;27837.75;-10;89.5;13;;1;90048;m2;190660;0;
..\..\world\generic\passivedoodads\misc\wheelbarrow\caveminewheelbarrow01.m2;18334.43359375;52.58781814575195;28053.013671875;0;175;0;;1;40181;m2;199886;0;
..\..\world\generic\passivedoodads\misc\wheelbarrow\caveminewheelbarrow01.m2;18439.501953125;38.93291091918945;27857.08984375;-5.000000476837158;91.5;-26;;1;90075;m2;199886;0;
..\..\world\azeroth\duskwood\passivedoodads\irongate\gatesegment02.m2;18263.978515625;29.559635162353516;27829.26953125;-10.5;310;21.499996185302734;;1;353496;m2;189493;0;
..\..\world\azeroth\duskwood\passivedoodads\coffin\coffin.m2;18421.109375;51.646488189697266;28053.94140625;-1.5000001192092896;73;-2.500000238418579;;1;40539;m2;189415;0;
..\..\world\azeroth\westfall\passivedoodads\tombstones\tombstone01.m2;18362.689453125;52.54520034790039;28049.666015625;0;52.5;0.9999997019767761;;1.1494140625;40322;m2;190633;0;
..\..\world\generic\passivedoodads\lights\generaltorch01.m2;18208.994140625;40.47598648071289;28128.81640625;2.500000476837158;65.6888427734375;-5.5;;1;93025;m2;199820;0;
..\..\world\azeroth\westfall\passivedoodads\westfallfence\westfallfenceend.m2;18291.126953125;28.858781814575195;27809.1953125;-5.500000476837158;92;-9.000001907348633;;1;40127;m2;190660;0;
..\..\world\azeroth\duskwood\passivedoodads\irongate\gatesegment02.m2;18270.220703125;33.20756530761719;27836.80859375;-7;292;18.5;;1;353499;m2;189493;0;
..\..\world\azeroth\duskwood\passivedoodads\coffin\coffin.m2;18414.66796875;52.84504318237305;28050.5390625;71.50000762939453;160;2.4999988079071045;;1.01953125;40516;m2;189415;0;
..\..\world\azeroth\duskwood\passivedoodads\tombs\tombstonemonument02.m2;18348.564453125;52.29522705078125;28056.97265625;10.999999046325684;228.5;-8;;0.7099609375;40256;m2;189538;0;
..\..\world\azeroth\duskwood\passivedoodads\bush\pumpkin01.m2;18286.80859375;29.50102424621582;27785.5546875;4.000000476837158;209;-8.5;;0.69921875;39970;m2;189409;0;
..\..\world\azeroth\duskwood\passivedoodads\coffinlid\coffinlid.m2;18267.8828125;37.76988220214844;27868.1875;8;277;0;;1;353491;m2;189416;0;
..\..\world\generic\passivedoodads\lights\generaltorch01.m2;18172.638671875;40.9233283996582;28084.58203125;0;147.25424194335938;1.999999761581421;;1;93027;m2;199820;0;
..\..\world\critter\fireflies\fireflies01.m2;18194.587890625;26.127161026000977;27852.61328125;0;53.5;0;;1;40183;m2;190731;0;
..\..\world\generic\passivedoodads\lights\generaltorch01.m2;18193.806640625;39.40119934082031;28133.76953125;0;178.75299072265625;1.5000001192092896;;1;93026;m2;199820;0;
..\..\world\generic\passivedoodads\lights\generaltorch01.m2;18173.2109375;40.62532424926758;28070.3125;0;18.58941650390625;1.500000238418579;;1;93028;m2;199820;0;
..\..\world\generic\passivedoodads\lights\generaltorch01.m2;18205.83203125;39.18653106689453;28079.75390625;0.5;96.83645629882812;1;;1;93024;m2;199820;0;
..\..\world\azeroth\duskwood\passivedoodads\coffin\coffin.m2;18264.30859375;37.901729583740234;27862.96484375;-1;0;14.000001907348633;;1;353489;m2;189415;0;
..\..\world\azeroth\westfall\passivedoodads\westfallfence\westfallfenceend.m2;18294.86328125;29.012569427490234;27735.435546875;0.49999967217445374;311;8.999999046325684;;1;39870;m2;190660;0;
..\..\world\azeroth\westfall\passivedoodads\westfallfence\westfallfenceend.m2;18279.40625;27.371286392211914;27741.31640625;0.5000002384185791;278.5;-2.5;;1;39866;m2;190660;0;
..\..\world\azeroth\duskwood\passivedoodads\coffin\coffin.m2;18268.083984375;39.60266876220703;27866.89453125;62.50001525878906;302.5;0.49998384714126587;;1;353490;m2;189415;0;
..\..\world\azeroth\westfall\passivedoodads\westfallfence\westfallfenceend.m2;18323.4375;35.43166732788086;27870.9765625;0;267;3;;1;40549;m2;190660;0;
..\..\world\azeroth\westfall\passivedoodads\tombstones\tombstone01.m2;18269.4609375;36.647361755371094;27846.921875;13.999999046325684;193;-4.999999046325684;;1;353466;m2;190633;0;
..\..\world\azeroth\westfall\passivedoodads\westfallfence\westfallfenceend.m2;18180.48046875;26.385690689086914;27754.98828125;0;204;0;;1;39825;m2;190660;0;
..\..\world\azeroth\westfall\passivedoodads\westfallfence\westfallfenceend.m2;18240.986328125;24.409421920776367;27747.22265625;0;345;0;;1;39844;m2;190660;0;
..\..\world\azeroth\westfall\passivedoodads\westfallfence\westfallfenceend.m2;18154.853515625;27.80739974975586;27780.16015625;0;302;0;;1;39913;m2;190660;0;
..\..\world\azeroth\westfall\passivedoodads\westfallfence\westfallfenceend.m2;18254.88671875;25.49561882019043;27786.171875;0;146;0;;1;39958;m2;190660;0;
..\..\world\azeroth\westfall\passivedoodads\westfallfence\westfallfenceend.m2;18238.650390625;26.24645233154297;27796.7734375;0;307.5;0;;1;39966;m2;190660;0;
..\..\world\azeroth\westfall\passivedoodads\westfallfence\westfallfenceend.m2;18330.498046875;52.36964797973633;28053.8046875;0;216.5;0;;1;88684;m2;190660;0;
..\..\world\azeroth\westfall\passivedoodads\westfallfence\westfallfenceend.m2;18199.490234375;26.63751220703125;27824.744140625;0;313;0;;1;88955;m2;190660;0;
..\..\world\azeroth\westfall\passivedoodads\westfallfence\westfallfenceend.m2;18405.611328125;36.65318298339844;27835.875;0;58.5;0;;1;90051;m2;190660;0;
..\..\world\azeroth\westfall\passivedoodads\westfallfence\westfallfenceend.m2;18447.8203125;44.015411376953125;27884.58984375;0;30;0;;1;90084;m2;190660;0;
..\..\world\azeroth\duskwood\passivedoodads\bush\pumpkin01.m2;18296.759765625;29.663429260253906;27783.8203125;0;31.5;0;;0.7099609375;39971;m2;189409;0;
..\..\world\azeroth\duskwood\passivedoodads\irongate\gatesegment02.m2;18250.3359375;33.4526252746582;27853.8671875;14.5;310.5;11.5;;1;353481;m2;189493;0;
..\..\world\azeroth\duskwood\passivedoodads\irongate\gatesegment02.m2;18242.51953125;29.777381896972656;27844.76171875;14.5;281;11.499998092651367;;1;353477;m2;189493;0;
..\..\world\azeroth\duskwood\passivedoodads\tombs\woodcross02.m2;18353.427734375;52.946388244628906;28040.66015625;1.4999998807907104;58.5;-6.499999523162842;;1.08984375;40294;m2;189541;0;
..\..\world\azeroth\duskwood\passivedoodads\tombs\woodcross02.m2;18390.376953125;53.532691955566406;28099.4609375;1.5000004768371582;60;-6.500000476837158;;1.08984375;40600;m2;189541;0;
..\..\world\azeroth\duskwood\passivedoodads\detail\duskwoodmushroom01\duskwoodmushroom01.m2;18326.40625;33.54988098144531;27846.46875;0;337;0;;1.8193359375;40374;m2;189432;0;
..\..\world\generic\passivedoodads\lights\freestandingtorch01.m2;18398.064453125;36.59321975708008;27871.7578125;-0.9999998807907104;282.7308044433594;4.5;;1;92982;m2;199815;0;
..\..\world\generic\passivedoodads\barrel\brokenbarrel01.m2;18449.130859375;39.06666946411133;27841.86328125;0;0;0;;1;90056;m2;199566;0;
..\..\world\generic\passivedoodads\lights\freestandingtorch01.m2;18254.939453125;26.528200149536133;27810.5078125;0;55.416717529296875;3.9999990463256836;;1;92978;m2;199815;0;
..\..\world\azeroth\westfall\passivedoodads\tombstones\tombstone01.m2;18251.89453125;31.962642669677734;27840.9765625;10;226.00001525878906;-0.49999967217445374;;1;353458;m2;190633;0;
..\..\world\generic\passivedoodads\lights\freestandingtorch01.m2;18401.298828125;51.66649627685547;28057.875;0;121.34768676757812;3.500000476837158;;1;92988;m2;199815;0;
..\..\world\azeroth\westfall\passivedoodads\tombstones\tombstone01.m2;18257.65234375;30.17633819580078;27832.39453125;9.999999046325684;194;-0.5;;1;353470;m2;190633;0;
..\..\world\generic\passivedoodads\lights\freestandingtorch01.m2;18362.736328125;35.60285568237305;27863.591796875;0;163.0531005859375;3.0000007152557373;;1;92981;m2;199815;0;
..\..\world\generic\passivedoodads\lights\freestandingtorch01.m2;18386.494140625;52.53104019165039;28027.578125;0.5000001788139343;51.044036865234375;2.5;;1;92997;m2;199815;0;
..\..\world\generic\passivedoodads\lights\freestandingtorch01.m2;18310.86328125;31.771610260009766;27845.8984375;0;255.9452362060547;-2.500000476837158;;1;92980;m2;199815;0;
..\..\world\generic\passivedoodads\lights\freestandingtorch01.m2;18436.849609375;38.7137451171875;27844.384765625;0;12.2391357421875;2.500000476837158;;1;92983;m2;199815;0;
..\..\world\generic\passivedoodads\lights\freestandingtorch01.m2;18450.69921875;44.00734329223633;27882.326171875;0;306.44000244140625;2.5;;1;92984;m2;199815;0;
..\..\world\generic\passivedoodads\lights\freestandingtorch01.m2;18304.701171875;35.527374267578125;27911.76953125;0;304.341552734375;2.5;;1;92985;m2;199815;0;
..\..\world\azeroth\westfall\passivedoodads\westfallfence\westfallfencepost.m2;18370.912109375;52.6085205078125;28103.748046875;0;145;-3.0000007152557373;;1.0595703125;40592;m2;190661;0;
..\..\world\generic\passivedoodads\lights\freestandingtorch01.m2;18397.14453125;51.843849182128906;28065.4296875;0.5;321.65655517578125;2.000000238418579;;1;92989;m2;199815;0;
..\..\world\generic\passivedoodads\lights\freestandingtorch01.m2;18267.458984375;27.33125114440918;27820.39453125;-0.49999988079071045;279.3688659667969;-2;;1;92979;m2;199815;0;
..\..\world\azeroth\westfall\passivedoodads\westfallfence\westfallfencepost.m2;18356.658203125;51.938262939453125;28092.484375;-1;131;0.5000000596046448;;1.0595703125;40593;m2;190661;0;
..\..\world\generic\passivedoodads\lights\freestandingtorch01.m2;18153.884765625;27.3759708404541;27769.77734375;0;89.28860473632812;2;;1;93031;m2;199815;0;
..\..\world\generic\passivedoodads\lights\freestandingtorch01.m2;18385.384765625;53.62177276611328;28111.357421875;0;20.5889892578125;1.999999761581421;;1;92992;m2;199815;0;
..\..\world\generic\passivedoodads\lights\freestandingtorch01.m2;18140.140625;32.11865234375;27787.25;0;93.82611083984375;1.5000001192092896;;1;93030;m2;199815;0;
..\..\world\azeroth\duskwood\passivedoodads\irongate\gatesegment02.m2;18241.666015625;28.553308486938477;27839.15234375;17.000001907348633;240.50003051757812;3.5000016689300537;;1;353485;m2;189493;0;
..\..\world\azeroth\duskwood\passivedoodads\irongate\gatesegment01.m2;18262.048828125;29.230865478515625;27828.75;-22.500001907348633;336.5;11.499998092651367;;1;353495;m2;189492;0;
..\..\world\azeroth\duskwood\passivedoodads\detail\duskwoodmushroom01\duskwoodmushroom01.m2;18325.00390625;32.405242919921875;27839.826171875;0.5000001192092896;113.5;3;;1.759765625;40379;m2;189432;0;
..\..\world\generic\passivedoodads\lights\freestandingtorch01.m2;18391.826171875;52.34446334838867;28075.169921875;0;282.02764892578125;0.9999998807907104;;1;92991;m2;199815;0;
..\..\world\generic\passivedoodads\lights\freestandingtorch01.m2;18357.232421875;51.67878723144531;28091.541015625;0;318.27264404296875;1;;1;92993;m2;199815;0;
..\..\world\generic\passivedoodads\lights\freestandingtorch01.m2;18358.78125;53.068572998046875;28012;0;43.6500244140625;1;;1;92996;m2;199815;0;
..\..\world\azeroth\westfall\passivedoodads\westfallfence\westfallfencepost.m2;18269.486328125;25.966964721679688;27751.828125;-1.5;354.5;0.5;;1.0498046875;39872;m2;190661;0;
..\..\world\azeroth\duskwood\passivedoodads\irongate\gatesegment01.m2;18255.482421875;35.22816848754883;27857.17578125;2.499999761581421;347.5;6.499999523162842;;1;353483;m2;189492;0;
..\..\world\azeroth\westfall\passivedoodads\tombstones\tombstone01.m2;18260.84375;33.64823913574219;27841.169921875;0;195.5;0;;1;353449;m2;190633;0;
..\..\world\azeroth\duskwood\passivedoodads\detail\duskwoodmushroom01\duskwoodmushroom01.m2;18172.416015625;45.90275573730469;27945.11328125;24;353;24.499996185302734;;1.7392578125;40663;m2;189432;0;
..\..\world\azeroth\westfall\passivedoodads\detail\westfalltobbaco.m2;18163.884765625;27.622934341430664;27794.84765625;0;0;0;;0.7890625;39916;m2;190578;0;
..\..\world\critter\fireflies\fireflies01.m2;18255.552734375;26.589563369750977;27804.16015625;0;0;0;;1.2294921875;40089;m2;190731;0;
..\..\world\azeroth\duskwood\passivedoodads\irongate\gatesegment02.m2;18390.875;52.67591857910156;28078.82421875;3.999999523162842;238.5;6.500000953674316;;1;40504;m2;189493;0;
..\..\world\azeroth\duskwood\passivedoodads\irongate\gatesegment02.m2;18392.751953125;52.94767761230469;28084.2578125;-3.500000238418579;332.5;6.5;;1;40507;m2;189493;0;
..\..\world\azeroth\duskwood\passivedoodads\irongate\gatesegment02.m2;18390.970703125;52.93196487426758;28083.4453125;0;332;7.000000953674316;;1;40506;m2;189493;0;
..\..\world\azeroth\duskwood\passivedoodads\irongate\gatesegment02.m2;18436.38671875;38.80487823486328;27850.591796875;1.5;25;6.5;;1;90032;m2;189493;0;
..\..\world\azeroth\duskwood\passivedoodads\irongate\gatesegment02.m2;18436.6953125;38.766658782958984;27845.294921875;1.5;330;6.5;;1;90035;m2;189493;0;
..\..\world\azeroth\elwynn\passivedoodads\tables\roundtable\roundtable.m2;18323.384765625;29.720842361450195;27732.2890625;0;354.5;0;;1;29622;m2;189914;0;
..\..\world\azeroth\duskwood\passivedoodads\irongate\gatesegment02.m2;18391.576171875;52.4952278137207;28076.9140625;-0.4999992549419403;244.99996948242188;6.000000953674316;;1;40503;m2;189493;0;
..\..\world\azeroth\duskwood\passivedoodads\irongate\gatesegment02.m2;18394.736328125;52.96392822265625;28084.9921875;-8.537736562175269e-7;326.5;5.999997615814209;;1;40508;m2;189493;0;
..\..\world\azeroth\duskwood\passivedoodads\irongate\gatesegment01.m2;18245.369140625;31.296586990356445;27850.17578125;2.5;318;6.500000476837158;;1;353478;m2;189492;0;
..\..\world\azeroth\westfall\passivedoodads\westfallfence\westfallfencepost.m2;18401.455078125;52.8907470703125;28089.529296875;2.500000476837158;53.5;-5.500000476837158;;1;40627;m2;190661;0;
..\..\world\azeroth\westfall\passivedoodads\westfallfence\westfallfencepost.m2;18252.830078125;25.628883361816406;27789.94140625;3.000000238418579;0;3.000000238418579;;1;39957;m2;190661;0;
..\..\world\azeroth\duskwood\passivedoodads\irongate\gatesegment02.m2;18396.52734375;52.950191497802734;28085.95703125;0.5000001192092896;327;5.500000476837158;;1;40509;m2;189493;0;
..\..\world\azeroth\duskwood\passivedoodads\irongate\gatesegment02.m2;18392.5078125;52.37150573730469;28075.03125;-3;238.5;4.999999523162842;;1;40502;m2;189493;0;
..\..\world\azeroth\duskwood\passivedoodads\irongate\gatesegment02.m2;18389.94140625;52.786659240722656;28080.66015625;2.5;241.5;4.999999523162842;;1;40505;m2;189493;0;
..\..\world\azeroth\westfall\passivedoodads\westfallfence\westfallfencepost.m2;18234.294921875;26.112497329711914;27807.763671875;0.49999967217445374;79;4.500000476837158;;1;40094;m2;190661;0;
..\..\world\azeroth\westfall\passivedoodads\westfallfence\westfallfencepost.m2;18233.84765625;25.86264991760254;27810.73828125;0.49999967217445374;79;4.500000476837158;;1;88962;m2;190661;0;
..\..\world\azeroth\westfall\passivedoodads\westfallfence\westfallfencepost.m2;18233.787109375;25.828346252441406;27811.05859375;0.5000001192092896;7;4.499999523162842;;1;88963;m2;190661;0;
..\..\world\azeroth\duskwood\passivedoodads\irongate\gatesegment02.m2;18398.298828125;52.90463638305664;28086.8984375;0;325;4.999999046325684;;1;40618;m2;189493;0;
..\..\world\azeroth\westfall\passivedoodads\westfallfence\westfallfencepost.m2;18221.517578125;24.58272933959961;27774.357421875;0;329.5;0;;1;39954;m2;190661;0;
..\..\world\azeroth\westfall\passivedoodads\westfallfence\westfallfencepost.m2;18404.875;52.596954345703125;28036.091796875;0;69;0;;1;40353;m2;190661;0;
..\..\world\azeroth\westfall\passivedoodads\westfallfence\westfallfencepost.m2;18411.310546875;52.02347946166992;28039.71875;0;154;0;;1;40355;m2;190661;0;
..\..\world\azeroth\westfall\passivedoodads\westfallfence\westfallfencepost.m2;18385.544921875;53.681339263916016;28112.625;0;332.5;0;;1;40588;m2;190661;0;
..\..\world\azeroth\westfall\passivedoodads\westfallfence\westfallfencepost.m2;18355.82421875;52.97566604614258;28014.8671875;0;326;0;;1;88681;m2;190661;0;
..\..\world\azeroth\westfall\passivedoodads\westfallfence\westfallfencepost.m2;18425.17578125;36.95394515991211;27806.51953125;0;0;0;;1;90042;m2;190661;0;
..\..\world\azeroth\westfall\passivedoodads\westfallfence\westfallfencepost.m2;18362.099609375;35.63095474243164;27864.453125;0;102.96428680419922;0;;1;91770;m2;190661;0;
..\..\world\azeroth\westfall\passivedoodads\westfallfence\westfallfencepost.m2;18421.2734375;51.72068786621094;28058.90625;0;341;0;;1;199417;m2;190661;0;
..\..\world\azeroth\westfall\passivedoodads\westfallfence\westfallfencepost.m2;18146.912109375;36.05073928833008;27846.75;-2.4999990463256836;27.5;-14.500001907348633;;1;40172;m2;190661;0;
..\..\world\azeroth\duskwood\passivedoodads\detail\duskwoodmushroom01\duskwoodmushroom01.m2;18172.29296875;39.498268127441406;28009.21484375;0;253;0;;1.7392578125;40742;m2;189432;0;
..\..\world\azeroth\duskwood\passivedoodads\irongate\gatesegment02.m2;18389.041015625;52.942928314208984;28082.48046875;-0.49999988079071045;329.5;4.499999523162842;;1;40444;m2;189493;0;
..\..\world\azeroth\westfall\passivedoodads\tombstones\tombstone02.m2;18358.28125;53.043148040771484;28077.28515625;0;31;1.5;;1.2099609375;40464;m2;190634;0;
..\..\world\azeroth\westfall\passivedoodads\westfallfence\westfallfencepost.m2;18320.58203125;35.01246643066406;27865.47265625;5.500000476837158;207.15785217285156;-18.5;;1;91764;m2;190661;0;
..\..\world\azeroth\duskwood\passivedoodads\bush\pumpkin01.m2;18269.83203125;27.50737953186035;27794.091796875;0;3;0;;0.689453125;39973;m2;189409;0;
..\..\world\azeroth\duskwood\passivedoodads\irongate\gatesegment01.m2;18470.83203125;93.59784698486328;27963.5859375;0;355.5;2.5;;1;40693;m2;189492;0;
..\..\world\azeroth\westfall\passivedoodads\westfallfence\westfallfenceend.m2;18268.76953125;25.93667221069336;27764.56640625;0;349;0;;0.8798828125;39860;m2;190660;0;
..\..\world\azeroth\duskwood\passivedoodads\irongate\gatesegment01.m2;18318.173828125;29.63164710998535;27737.734375;79.99999237060547;144.5;-33.0000114440918;;1;39874;m2;189492;0;
..\..\world\azeroth\duskwood\passivedoodads\irongate\gatesegment02.m2;18411.416015625;52.064735412597656;28089.8359375;-4.5;49;1.999999761581421;;1;40622;m2;189493;0;
..\..\world\azeroth\duskwood\passivedoodads\irongate\gatesegment01.m2;18403.6875;52.728816986083984;28089.83984375;0;326.5;-3.500000238418579;;1;199421;m2;189492;0;
..\..\world\azeroth\duskwood\passivedoodads\irongate\gatesegment02.m2;18410.173828125;52.37777328491211;28091.62109375;-4.000000476837158;50;1.4999998807907104;;1;40621;m2;189493;0;
..\..\world\azeroth\duskwood\passivedoodads\irongate\gatesegment02.m2;18400.048828125;52.88037872314453;28087.921875;0;323.5;2;;1;40619;m2;189493;0;
..\..\world\azeroth\duskwood\passivedoodads\irongate\gatesegment02.m2;18324.55859375;29.697675704956055;27741.150390625;-0.5;146;1.5000001192092896;;1;39876;m2;189493;0;
..\..\world\azeroth\duskwood\passivedoodads\irongate\gatesegment02.m2;18412.548828125;51.92621612548828;28088.06640625;0;59.5;-1.5;;1;40623;m2;189493;0;
..\..\world\azeroth\duskwood\passivedoodads\tombs\woodcross01.m2;18385.326171875;52.02497482299805;28057.09765625;6;46;-0.5000002384185791;;1;40527;m2;189540;0;
..\..\world\azeroth\duskwood\passivedoodads\irongate\gatesegment02.m2;18413.447265625;51.83070755004883;28086.203125;-1.0000001192092896;47.5;1;;1;40510;m2;189493;0;
..\..\world\azeroth\duskwood\passivedoodads\irongate\gatepost.m2;18400.455078125;53.68844985961914;28110.48046875;-3.5;11;6;;1;40514;m2;189491;0;
..\..\world\azeroth\duskwood\passivedoodads\irongate\gatepost.m2;18329.03515625;29.33588981628418;27743.669921875;-3.999999523162842;4;0.4999999403953552;;1;39877;m2;189491;0;
..\..\world\azeroth\duskwood\passivedoodads\irongate\gatepost.m2;18438.205078125;38.82744216918945;27849.61328125;0;0;0;;1;90033;m2;189491;0;
..\..\world\azeroth\duskwood\passivedoodads\irongate\gatepost.m2;18438.455078125;38.81108856201172;27846.166015625;0;0;0;;1;90034;m2;189491;0;
..\..\world\azeroth\duskwood\passivedoodads\irongate\gatepost.m2;18414.767578125;51.774314880371094;28084.515625;0;0;0;;1;199418;m2;189491;0;
..\..\world\azeroth\duskwood\passivedoodads\irongate\gatepost.m2;18397.759765625;51.86411666870117;28065.6640625;0;0;0;;1;199419;m2;189491;0;
..\..\world\azeroth\duskwood\passivedoodads\irongate\gatepost.m2;18257.251953125;35.59010696411133;27857.66015625;0;29.5;0;;1;353479;m2;189491;0;
..\..\world\azeroth\duskwood\passivedoodads\irongate\gatesegment02.m2;18396.607421875;51.988441467285156;28067.4765625;0;53.5;0;;1;40499;m2;189493;0;
..\..\world\azeroth\duskwood\passivedoodads\irongate\gatesegment02.m2;18395.625;52.095245361328125;28069.3359375;0;57.5;0;;1;40500;m2;189493;0;
..\..\world\azeroth\duskwood\passivedoodads\irongate\gatesegment02.m2;18394.58984375;52.212459564208984;28071.1328125;0;55;0;;1;40501;m2;189493;0;
..\..\world\azeroth\duskwood\passivedoodads\irongate\gatesegment02.m2;18408.9296875;52.69245529174805;28093.1875;0;49.5;0;;1;40620;m2;189493;0;
..\..\world\azeroth\duskwood\passivedoodads\irongate\gatesegment02.m2;18401.701171875;52.81621551513672;28088.9296875;0;327.5;0;;1;199420;m2;189493;0;
..\..\world\azeroth\duskwood\passivedoodads\irongate\gatepost.m2;18272.068359375;36.96268844604492;27847.03515625;-14;0;0;;1;353503;m2;189491;0;
..\..\world\azeroth\duskwood\passivedoodads\tombs\woodcross01.m2;18353.314453125;52.737056732177734;28059.13671875;16.5;37;0.5000013113021851;;1;40446;m2;189540;0;
..\..\world\azeroth\westfall\passivedoodads\tombstones\tombstone02.m2;18248.658203125;31.475677490234375;27843.06640625;-15.000000953674316;49.5;8.000001907348633;;1;353504;m2;190634;0;
..\..\world\azeroth\duskwood\passivedoodads\irongate\gatepost.m2;18271.1796875;34.09897994995117;27838.53515625;-22.999996185302734;0;1.5000001192092896;;1;353500;m2;189491;0;
..\..\world\azeroth\duskwood\passivedoodads\bush\pumpkin01.m2;18271.03125;27.605939865112305;27792.7734375;0;27;-0.5;;0.5595703125;39972;m2;189409;0;
..\..\world\azeroth\duskwood\passivedoodads\gates\duskwoodgate01.m2;18394.4296875;52.213661193847656;28071.0390625;2.999999761581421;348.5;-5.5;;1;40532;m2;189480;0;
..\..\world\azeroth\westfall\passivedoodads\tombstones\tombstone03.m2;18346.689453125;52.67995071411133;28049.6953125;8.500000953674316;55.5;9.5;;1.119140625;40253;m2;190635;0;
..\..\world\azeroth\westfall\passivedoodads\tombstones\tombstone03.m2;18383.876953125;53.46708297729492;28108.66796875;8.500000953674316;57;9.499999046325684;;1.119140625;40594;m2;190635;0;
..\..\world\azeroth\westfall\passivedoodads\tombstones\tombstone02.m2;18255.34375;33.4954948425293;27844.2421875;-18.999996185302734;40;1.9999995231628418;;1;353451;m2;190634;0;
..\..\world\azeroth\westfall\passivedoodads\tombstones\tombstone02.m2;18260.908203125;30.44001007080078;27832.107421875;-12.500000953674316;352.5;2.5;;1;353469;m2;190634;0;
..\..\world\generic\passivedoodads\lights\freestandingtorch02.m2;18411.818359375;51.840431213378906;28040.546875;1.5000001192092896;135.927001953125;4.500000476837158;;1;92998;m2;199816;0;
..\..\world\generic\passivedoodads\lights\freestandingtorch02.m2;18425.267578125;51.70908737182617;28048.35546875;0;261.58148193359375;4.5;;1;92999;m2;199816;0;
..\..\world\generic\passivedoodads\lights\freestandingtorch02.m2;18308.697265625;41.35759735107422;27971.16015625;-0.5;136.46533203125;3.500000238418579;;1;92986;m2;199816;0;
..\..\world\critter\fireflies\fireflies01.m2;18425.3984375;43.10407257080078;27887.015625;0;0;0;;1;40556;m2;190731;0;
..\..\world\generic\passivedoodads\lights\freestandingtorch02.m2;18342.4140625;52.19911575317383;28068.53125;0;218.63458251953125;3.500000476837158;;1;92994;m2;199816;0;
..\..\world\generic\passivedoodads\lights\freestandingtorch02.m2;18324.396484375;50.65720748901367;28005.0625;0;340.9820556640625;3.0000007152557373;;1;92987;m2;199816;0;
..\..\world\azeroth\westfall\passivedoodads\tombstones\tombstone03.m2;18365.083984375;52.95669174194336;28032.87890625;0.499999463558197;56;8.5;;1.119140625;40314;m2;190635;0;
..\..\world\azeroth\westfall\passivedoodads\tombstones\tombstone03.m2;18371.333984375;53.61376953125;28075.900390625;0.5000001192092896;54.5;8.499999046325684;;1.119140625;40482;m2;190635;0;
..\..\world\azeroth\westfall\passivedoodads\westfallfence\westfallfencepost.m2;18256.4140625;26.532058715820312;27806.390625;-55.99999237060547;15;34.99999237060547;;1;40120;m2;190661;0;
..\..\world\azeroth\duskwood\passivedoodads\detail\duskwoodmushroom01\duskwoodmushroom01.m2;18171.111328125;45.54191970825195;27943.3359375;-11.499999046325684;79;17.5;;1.4794921875;40669;m2;189432;0;
..\..\world\azeroth\westfall\passivedoodads\westfallfence\westfallfencepost.m2;18303.6328125;31.82227897644043;27842.8828125;-37.999996185302734;101.151611328125;27.999996185302734;;1;91760;m2;190661;0;
..\..\world\azeroth\westfall\passivedoodads\tombstones\tombstone02.m2;18403.1953125;52.1279411315918;28080.560546875;0;126.5;0;;1;40522;m2;190634;0;
..\..\world\azeroth\westfall\passivedoodads\tombstones\tombstone02.m2;18257.75;33.54811477661133;27842.509765625;0;20;0;;1;353450;m2;190634;0;
..\..\world\azeroth\westfall\passivedoodads\tombstones\tombstone03.m2;18353.513671875;52.94813919067383;28071.4453125;7.500000476837158;226;0;;1.119140625;40450;m2;190635;0;
..\..\world\azeroth\westfall\passivedoodads\tombstones\tombstone03.m2;18380.751953125;53.34834671020508;28105.09765625;7.499999523162842;238.5;0;;1.119140625;40603;m2;190635;0;
..\..\world\azeroth\westfall\passivedoodads\tombstones\tombstone03.m2;18264.0703125;33.8685302734375;27840.181640625;-10;0;12.5;;1;353455;m2;190635;0;
..\..\world\azeroth\westfall\passivedoodads\tombstones\tombstone03.m2;18389.546875;52.39863204956055;28035.8203125;7.000000476837158;56;0;;1.119140625;40369;m2;190635;0;
..\..\world\azeroth\duskwood\passivedoodads\tombs\tombstone06.m2;18356.916015625;52.99473571777344;28026.8671875;78.00000762939453;61.500030517578125;-2.4999969005584717;;1.0791015625;40280;m2;189532;0;
..\..\world\azeroth\duskwood\passivedoodads\tombs\tombstone06.m2;18358.52734375;53.08274459838867;28062.494140625;83.0000228881836;49;-2.4999945163726807;;1.0791015625;40456;m2;189532;0;
..\..\world\azeroth\westfall\passivedoodads\tombstones\tombstone03.m2;18246.68359375;31.19277000427246;27845.80078125;-15.000000953674316;62.5;10;;1;353459;m2;190635;0;
..\..\world\azeroth\westfall\passivedoodads\tombstones\tombstone03.m2;18254.23046875;29.817895889282227;27832.6640625;-15.000000953674316;3.5;10;;1;353472;m2;190635;0;
..\..\world\generic\passivedoodads\lights\freestandingtorch02.m2;18332.291015625;52.23671340942383;28054.3046875;-2.0000038146972656;114.76669311523438;34.5;;1;92995;m2;199816;0;
..\..\world\azeroth\duskwood\passivedoodads\irongate\gatesegment02.m2;18368.390625;52.56490707397461;28041.015625;5.499999523162842;333;15.500000953674316;;0.669921875;40339;m2;189493;0;
..\..\world\azeroth\westfall\passivedoodads\tombstones\tombstone03.m2;18253.45703125;33.41233444213867;27846.2421875;-2.500000476837158;66.5;11.000000953674316;;1;353452;m2;190635;0;
..\..\world\azeroth\westfall\passivedoodads\tombstones\tombstone03.m2;18245.755859375;29.93161392211914;27839.71484375;-2.499999761581421;58;11.000000953674316;;1;353473;m2;190635;0;
..\..\world\azeroth\westfall\passivedoodads\tombstones\tombstone03.m2;18346.8515625;52.39171600341797;28066.42578125;11.5;36.5;4.999999523162842;;1;40434;m2;190635;0;
..\..\world\azeroth\duskwood\passivedoodads\tombs\tombstone05.m2;18399.14453125;52.35809326171875;28077.951171875;-6.000000476837158;325.5;-4.5;;1.169921875;40525;m2;189530;0;
..\..\world\azeroth\duskwood\passivedoodads\irongate\gatesegment02.m2;18367.05078125;52.62653350830078;28040.4609375;5;333;12.000000953674316;;0.669921875;40338;m2;189493;0;
..\..\world\azeroth\westfall\passivedoodads\tombstones\tombstone03.m2;18258.556640625;32.09200668334961;27836.75;-19.5;20;4.500000953674316;;1;353456;m2;190635;0;
..\..\world\azeroth\westfall\passivedoodads\tombstones\tombstone03.m2;18264.861328125;32.1335563659668;27835.5390625;-14.5;9;2;;1;353468;m2;190635;0;
..\..\world\azeroth\westfall\passivedoodads\crate\westfallcrate.m2;18204.412109375;38.67427444458008;28086.97265625;-2;116.5;2;;1;40760;m2;190543;0;
..\..\world\azeroth\westfall\passivedoodads\tombstones\tombstone03.m2;18263.697265625;30.83962059020996;27832.31640625;-12.000001907348633;350;1.5000003576278687;;1;353471;m2;190635;0;
..\..\world\azeroth\westfall\passivedoodads\tombstones\tombstone03.m2;18255.603515625;31.95273208618164;27837.62890625;-12;22;1.499999761581421;;1;353457;m2;190635;0;
..\..\world\azeroth\duskwood\passivedoodads\irongate\gatesegment02.m2;18365.65234375;52.60976791381836;28042.85546875;-1.5;58.5;10;;0.669921875;40336;m2;189493;0;
..\..\world\azeroth\duskwood\passivedoodads\irongate\gatesegment02.m2;18366.28515625;52.6191520690918;28041.5625;-1.5000001192092896;55.5;10.000000953674316;;0.669921875;40337;m2;189493;0;
..\..\world\azeroth\duskwood\passivedoodads\gates\duskwoodgate01.m2;18392.30859375;52.48645782470703;28074.984375;1.0000001192092896;319;-0.5;;1;40531;m2;189480;0;
..\..\world\azeroth\duskwood\passivedoodads\tombs\tombstone05.m2;18377.84375;51.73270797729492;28054.97265625;6;51.5;6.5;;1.099609375;40472;m2;189530;0;
..\..\world\azeroth\duskwood\passivedoodads\tombs\tombstone07.m2;18351.970703125;52.8495979309082;28061.5390625;6.000001430511475;47.5;9;;1;40445;m2;189534;0;
..\..\world\azeroth\duskwood\passivedoodads\coffinlid\coffinlid.m2;18421.060546875;51.66947937011719;28055.5546875;0;27.5;0;;0.58984375;40541;m2;189416;0;
..\..\world\azeroth\duskwood\passivedoodads\coffin\coffin.m2;18420.86328125;51.66942596435547;28055.75;-0.9999997615814209;18;-1.5000001192092896;;0.5791015625;40540;m2;189415;0;
..\..\world\azeroth\westfall\passivedoodads\tombstones\tombstone03.m2;18394.162109375;52.47930145263672;28077.9296875;6.499999523162842;320.5;0.0000010741216556198196;;1;40521;m2;190635;0;
..\..\world\azeroth\duskwood\passivedoodads\tombs\tombstone07.m2;18354.638671875;52.979007720947266;28038.185546875;10.5;72.5;5.499999046325684;;1;40295;m2;189534;0;
..\..\world\azeroth\duskwood\passivedoodads\tombs\tombstone07.m2;18404.923828125;52.064945220947266;28086.51953125;-2.0000009536743164;326.5;8;;1;199424;m2;189534;0;
..\..\world\azeroth\duskwood\passivedoodads\detail\duskwoodmushroom01\duskwoodmushroom01.m2;18168.388671875;39.35178756713867;28017.5390625;0;341.5;0;;1.189453125;40740;m2;189432;0;
..\..\world\azeroth\duskwood\passivedoodads\tombs\tombstone07.m2;18391.544921875;53.498348236083984;28097.8125;12.000001907348633;52.5;4.000000476837158;;1;40601;m2;189534;0;
..\..\world\azeroth\westfall\passivedoodads\tombstones\tombstone04.m2;18251.3515625;33.166473388671875;27848.029296875;-8;32.5;15.499999046325684;;1;353453;m2;190636;0;
..\..\world\azeroth\westfall\passivedoodads\tombstones\tombstone04.m2;18247.388671875;29.77785301208496;27836.56640625;-7.999999046325684;41.5;15.500000953674316;;1;353474;m2;190636;0;
..\..\world\azeroth\westfall\passivedoodads\crate\westfallcrate.m2;18274.1953125;35.72801208496094;27842.0625;9.999999046325684;5.5;-59.5;;1;353510;m2;190543;0;
..\..\world\azeroth\duskwood\passivedoodads\tombs\tombstone06.m2;18374.751953125;52.502784729003906;28058.62890625;-3.000000238418579;235.5;-3;;1.1396484375;40470;m2;189532;0;
..\..\world\azeroth\duskwood\passivedoodads\tombs\tombstone07.m2;18392.544921875;52.737510681152344;28081.14453125;11.000000953674316;151;-2.5;;1;40523;m2;189534;0;
..\..\world\azeroth\westfall\passivedoodads\crate\westfallcrate.m2;18167.859375;41.90933609008789;28076.79296875;3.999999523162842;99;-3;;1;40823;m2;190543;0;
..\..\world\azeroth\duskwood\passivedoodads\irongate\gatesegment02.m2;18366.87890625;52.561466217041016;28043.775390625;1.5000003576278687;142.5;-5.5;;0.669921875;40335;m2;189493;0;
..\..\world\azeroth\westfall\passivedoodads\tombstones\tombstone04.m2;18382.037109375;52.328651428222656;28062.759765625;11.499999046325684;46.5;12.000000953674316;;1;40490;m2;190636;0;
..\..\world\azeroth\westfall\passivedoodads\tombstones\tombstone04.m2;18365.365234375;53.126407623291016;28081.185546875;13.5;45.5;7.000000476837158;;1.0498046875;40478;m2;190636;0;
..\..\world\azeroth\duskwood\passivedoodads\webs\webstretch01.m2;18529.5703125;134.56423950195312;28038.05078125;-1.0000001192092896;147.5;-3.000000476837158;;0.5;40792;m2;189597;0;
..\..\world\azeroth\duskwood\passivedoodads\tombs\tombstone07.m2;18342.314453125;52.293304443359375;28062.546875;3.500000238418579;36.5;-1.999999761581421;;1;40433;m2;189534;0;
..\..\world\azeroth\duskwood\passivedoodads\detail\duskwoodvine01\duskwoodvine01.m2;18512.8984375;138.99847412109375;27992.87109375;-24.999998092651367;7;-97.5;;1;40729;m2;189440;0;
..\..\world\azeroth\duskwood\passivedoodads\tombs\tombstone06.m2;18367.19921875;52.87758255004883;28068.90234375;3.5;227;-2.499999761581421;;1.08984375;40467;m2;189532;0;
..\..\world\azeroth\westfall\passivedoodads\tombstones\tombstone04.m2;18381.580078125;52.992431640625;28091.36328125;14.5;54.5;3.5;;1.0390625;40616;m2;190636;0;
..\..\world\azeroth\duskwood\passivedoodads\tombs\tombstone06.m2;18386.91015625;53.1189079284668;28094.35546875;7.500000476837158;69;9.000001907348633;;1;40608;m2;189532;0;
..\..\world\azeroth\duskwood\passivedoodads\detail\duskwoodmushroom01\duskwoodmushroom01.m2;18579.478515625;90.20752716064453;27740.0546875;0;349;0;;1.189453125;39895;m2;189432;0;
..\..\world\azeroth\duskwood\passivedoodads\detail\duskwoodmushroom01\duskwoodmushroom01.m2;18185.705078125;48.855831146240234;27945.6171875;0;79;0;;1.189453125;40660;m2;189432;0;
..\..\world\azeroth\duskwood\passivedoodads\tombs\tombstone06.m2;18349.998046875;52.73430633544922;28045.82421875;11.5;51;7;;1;40291;m2;189532;0;
..\..\world\azeroth\duskwood\passivedoodads\irongate\gatesegment02.m2;18368.212890625;52.51144027709961;28044.091796875;4;161;-2;;0.669921875;40334;m2;189493;0;
..\..\world\azeroth\duskwood\passivedoodads\irongate\gatesegment02.m2;18369.041015625;52.50542449951172;28042.84375;10.999999046325684;234;1.000000238418579;;0.669921875;40341;m2;189493;0;
..\..\world\azeroth\duskwood\passivedoodads\tombs\tombstone05.m2;18388.248046875;51.83223342895508;28053.666015625;-8.000000953674316;65;-5.5;;1;40529;m2;189530;0;
..\..\world\azeroth\westfall\passivedoodads\tombstones\tombstone04.m2;18261.921875;32.26786422729492;27836.447265625;-15.000001907348633;0;7.500000476837158;;1;353454;m2;190636;0;
..\..\world\azeroth\duskwood\passivedoodads\tombs\tombstone05.m2;18408.185546875;51.50575256347656;28088.951171875;-47;354;-17.999998092651367;;1;199425;m2;189530;0;
..\..\world\azeroth\duskwood\passivedoodads\irongate\gatesegment02.m2;18369.64453125;52.508079528808594;28041.556640625;10;239;-0.5000001192092896;;0.669921875;40340;m2;189493;0;
..\..\world\azeroth\elwynn\passivedoodads\shovel\shovel.m2;18334.314453125;52.697547912597656;28050.24609375;36.999996185302734;250.5;6.000000476837158;;1.1796875;40182;m2;189854;0;
..\..\world\azeroth\duskwood\passivedoodads\detail\duskwoodmushroom01\duskwoodmushroom01.m2;18326.748046875;33.27098083496094;27843.81640625;-6.999999523162842;51;8.999999046325684;;1;40377;m2;189432;0;
..\..\world\azeroth\duskwood\passivedoodads\detail\duskwoodmushroom01\duskwoodmushroom01.m2;18448.07421875;39.24897384643555;27768.4453125;1.5000005960464478;41;11.000000953674316;;1;40004;m2;189432;0;
..\..\world\azeroth\westfall\passivedoodads\tombstones\tombstone03.m2;18364.447265625;52.75859451293945;28059.4140625;17;52;4.499999523162842;;0.859375;40460;m2;190635;0;
..\..\world\azeroth\duskwood\passivedoodads\detail\duskwoodmushroom01\duskwoodmushroom01.m2;18172.978515625;39.80939865112305;28006.17578125;-7.000000476837158;130;-0.5000000596046448;;1;40744;m2;189432;0;
..\..\world\azeroth\elwynn\passivedoodads\shovel\shovel.m2;18261.564453125;32.05337905883789;27834.90625;11.000000953674316;85.5;-1.4999994039535522;;1;353508;m2;189854;0;
..\..\world\azeroth\duskwood\passivedoodads\detail\duskwoodmushroom01\duskwoodmushroom01.m2;18326.2265625;33.194007873535156;27844.71875;0.49999988079071045;307.5;8.499999046325684;;1;40375;m2;189432;0;
..\..\world\azeroth\duskwood\passivedoodads\detail\duskwoodmushroom01\duskwoodmushroom01.m2;18173.83984375;47.487056732177734;27942.55078125;-7.000000476837158;227.50001525878906;-0.5000000596046448;;1;40667;m2;189432;0;
..\..\world\azeroth\westfall\passivedoodads\crate\westfallcrate.m2;18273.998046875;35.17820358276367;27840.744140625;-20.499998092651367;0;3.499999761581421;;1;353511;m2;190543;0;
..\..\world\azeroth\westfall\passivedoodads\crate\westfallcrate.m2;18436.5703125;38.87994384765625;27855.265625;0;91.5;0;;1;90074;m2;190543;0;
..\..\world\azeroth\duskwood\passivedoodads\detail\duskwoodmushroom01\duskwoodmushroom01.m2;18251.375;26.654359817504883;27819.546875;-6.5;306;3.999999523162842;;1;40086;m2;189432;0;
..\..\world\azeroth\duskwood\passivedoodads\tombs\tombstone06.m2;18387.08203125;53.448604583740234;28104.712890625;12.500001907348633;52.5;3.5000009536743164;;1;40597;m2;189532;0;
..\..\world\azeroth\westfall\passivedoodads\tombstones\tombstone03.m2;18359.837890625;52.72426223754883;28043.00390625;15.000000953674316;56.5;-9.000000953674316;;0.8095703125;40303;m2;190635;0;
..\..\world\azeroth\westfall\passivedoodads\tombstones\tombstone03.m2;18383.345703125;52.013858795166016;28045.681640625;15.000000953674316;56.5;8.999999046325684;;0.8095703125;40363;m2;190635;0;
..\..\world\azeroth\westfall\passivedoodads\tombstones\tombstone03.m2;18379.322265625;52.9069709777832;28095.40234375;14.999999046325684;59.5;9;;0.8095703125;40614;m2;190635;0;
..\..\world\azeroth\westfall\passivedoodads\barrel\westfallbarrel01.m2;18173.71484375;41.3814811706543;28090.404296875;20.5;222;92;;1;40829;m2;190535;0;
..\..\world\azeroth\duskwood\passivedoodads\detail\duskwoodmushroom01\duskwoodmushroom01.m2;18453.23828125;39.32575988769531;27770.623046875;0;39.5;0;;1;39998;m2;189432;0;
..\..\world\azeroth\duskwood\passivedoodads\detail\duskwoodmushroom01\duskwoodmushroom01.m2;18448.982421875;39.304527282714844;27770.10546875;0;39.5;0;;1;40003;m2;189432;0;
..\..\world\azeroth\duskwood\passivedoodads\detail\duskwoodmushroom01\duskwoodmushroom01.m2;18252.4453125;26.75034523010254;27819.8828125;0;231.5;0;;1;40087;m2;189432;0;
..\..\world\azeroth\duskwood\passivedoodads\detail\duskwoodmushroom01\duskwoodmushroom01.m2;18324.076171875;32.992645263671875;27847.796875;0;37;0;;1;40372;m2;189432;0;
..\..\world\azeroth\duskwood\passivedoodads\detail\duskwoodmushroom01\duskwoodmushroom01.m2;18175.919921875;47.83844757080078;27943.26953125;0;52;0;;1;40664;m2;189432;0;
..\..\world\azeroth\elwynn\passivedoodads\shovel\shovel.m2;18265.4609375;38.004119873046875;27862.96484375;16.499998092651367;125;4.452211328498379e-7;;1;353492;m2;189854;0;
..\..\world\azeroth\duskwood\passivedoodads\detail\duskwoodmushroom01\duskwoodmushroom01.m2;18449.44140625;39.304527282714844;27770.9609375;0;325;0;;1;40000;m2;189432;0;
..\..\world\azeroth\duskwood\passivedoodads\detail\duskwoodmushroom01\duskwoodmushroom01.m2;18252.009765625;26.745553970336914;27820.8359375;0;236;0;;1;40088;m2;189432;0;
..\..\world\azeroth\westfall\passivedoodads\tombstones\tombstone03.m2;18377.54296875;52.9554557800293;28069.494140625;10;41;1.4999998807907104;;0.859375;40487;m2;190635;0;
..\..\world\azeroth\duskwood\passivedoodads\detail\duskwoodmushroom01\duskwoodmushroom01.m2;18171.99609375;39.624839782714844;28008.14453125;0;314.5;0;;1;40743;m2;189432;0;
..\..\world\azeroth\duskwood\passivedoodads\tombs\tombstone05.m2;18398.517578125;51.966129302978516;28070.4453125;7.499999523162842;150.5;-0.9999995827674866;;1;40517;m2;189530;0;
..\..\world\azeroth\duskwood\passivedoodads\detail\duskwoodmushroom01\duskwoodmushroom01.m2;18323.1640625;32.795936584472656;27847.53125;0;211.5;0;;1;40373;m2;189432;0;
..\..\world\azeroth\duskwood\passivedoodads\tombs\tombstone08.m2;18356.9765625;52.8841438293457;28030.837890625;3.499999761581421;243.49996948242188;-5.499999523162842;;1.26953125;40282;m2;189535;0;
..\..\world\azeroth\duskwood\passivedoodads\detail\duskwoodmushroom01\duskwoodmushroom01.m2;18450.5625;39.312522888183594;27770.21484375;0;329.5;0;;1;39999;m2;189432;0;
..\..\world\azeroth\westfall\passivedoodads\tombstones\tombstone03.m2;18368.794921875;52.826419830322266;28024.38671875;0;64.5;-3.0000016689300537;;0.859375;40309;m2;190635;0;
..\..\world\azeroth\duskwood\passivedoodads\tombs\tombstone06.m2;18377.458984375;52.768856048583984;28098.41015625;11.000000953674316;58.5;1.5000007152557373;;1;40613;m2;189532;0;
..\..\world\azeroth\duskwood\passivedoodads\tombs\tombstone05.m2;18361.142578125;52.62807083129883;28051.400390625;4.999999046325684;45.5;0;;1;40321;m2;189530;0;
..\..\world\azeroth\westfall\passivedoodads\tombstones\tombstone03.m2;18380.6796875;52.23844528198242;28034.201171875;15.50000286102295;37.5;7.500000953674316;;0.7890625;40358;m2;190635;0;
..\..\world\azeroth\westfall\passivedoodads\tombstones\tombstone03.m2;18361.2578125;52.88241195678711;28022.75;7.500000953674316;57;-7.500001907348633;;0.7890625;40286;m2;190635;0;
..\..\world\azeroth\duskwood\passivedoodads\tombs\tombstone06.m2;18379.1328125;52.278804779052734;28036.375;4.5;66.5;-1.5;;1;40357;m2;189532;0;
..\..\world\azeroth\westfall\passivedoodads\tombstones\tombstone04.m2;18337.84375;51.935089111328125;28060.306640625;11.5;40.5;-0.9999997615814209;;1.009765625;40248;m2;190636;0;
..\..\world\azeroth\westfall\passivedoodads\tombstones\tombstone04.m2;18383.720703125;52.1860466003418;28029.43359375;11.5;67;-1.000000238418579;;1.009765625;40361;m2;190636;0;
..\..\world\azeroth\westfall\passivedoodads\tombstones\tombstone03.m2;18388.361328125;53.0173225402832;28092.1171875;12;40;5.999999523162842;;0.7890625;40609;m2;190635;0;
..\..\world\azeroth\duskwood\passivedoodads\tombs\tombstone08.m2;18357.7265625;53.05623245239258;28066.384765625;3.500000238418579;231;-10;;1.2099609375;40452;m2;189535;0;
..\..\world\azeroth\westfall\passivedoodads\barrel\westfallbarrel01.m2;18275.822265625;35.26952362060547;27840.556640625;-79.5;180;-158;;1;353509;m2;190535;0;
..\..\world\azeroth\duskwood\passivedoodads\detail\duskwoodmushroom01\duskwoodmushroom01.m2;18169.158203125;39.681541442871094;28011.46875;0;341.5;0;;1;40739;m2;189432;0;
..\..\world\azeroth\duskwood\passivedoodads\detail\duskwoodmushroom01\duskwoodmushroom01.m2;18167.486328125;39.87542724609375;28011.85546875;0;341.5;0;;1;40745;m2;189432;0;
..\..\world\azeroth\westfall\passivedoodads\barrel\westfallbarrel01.m2;18450.08203125;39.560455322265625;27840.681640625;84.5;353.5;-35.49999237060547;;1;90061;m2;190535;0;
..\..\world\azeroth\westfall\passivedoodads\tombstones\tombstone03.m2;18362.68359375;52.93526840209961;28083.62890625;13.500000953674316;35.5;-0.5000017881393433;;0.8095703125;40477;m2;190635;0;
..\..\world\azeroth\duskwood\passivedoodads\tombs\tombstone06.m2;18360.90625;53.21445846557617;28064.26953125;85.49993896484375;233.00006103515625;-3.4999303817749023;;0.7998046875;40454;m2;189532;0;
..\..\world\azeroth\duskwood\passivedoodads\tombs\tombstone08.m2;18352.1328125;52.655338287353516;28052.203125;3.999999523162842;235.5;0.4999999403953552;;1.2099609375;40299;m2;189535;0;
..\..\world\azeroth\duskwood\passivedoodads\tombs\tombstone06.m2;18370.24609375;53.133689880371094;28065.796875;-3.999999523162842;233.5;2.500000238418579;;0.94921875;40469;m2;189532;0;
..\..\world\azeroth\duskwood\passivedoodads\tombs\tombstone06.m2;18406.984375;51.95255661010742;28083.0625;0;328.5;0;;1;199423;m2;189532;0;
..\..\world\azeroth\duskwood\passivedoodads\tombs\tombstone08.m2;18375.224609375;52.29800796508789;28042.20703125;3.5000007152557373;229;-5.500000953674316;;1.2099609375;40329;m2;189535;0;
..\..\world\azeroth\duskwood\passivedoodads\tombs\tombstone08.m2;18383.259765625;53.20158004760742;28100.35546875;3.500000238418579;231.5;-5.5;;1.2099609375;40605;m2;189535;0;
..\..\world\azeroth\duskwood\passivedoodads\detail\duskwoodmushroom01\duskwoodmushroom01.m2;18447.19921875;39.304527282714844;27768.828125;-7.500000476837158;189.5;1.0000001192092896;;1;40005;m2;189432;0;
..\..\world\azeroth\duskwood\passivedoodads\detail\duskwoodmushroom01\duskwoodmushroom01.m2;18172.75;46.62629318237305;27943.810546875;2.999999761581421;11.5;24;;1;40665;m2;189432;0;
..\..\world\azeroth\duskwood\passivedoodads\tombs\tombstone05.m2;18400.626953125;52.43960189819336;28084.234375;2.499999523162842;133.5;11.499999046325684;;0.8291015625;40624;m2;189530;0;
..\..\world\azeroth\duskwood\passivedoodads\tombs\tombstone06.m2;18359.623046875;53.11996841430664;28028.0859375;84.50003814697266;245.5;-5.499957084655762;;0.7998046875;40279;m2;189532;0;
..\..\world\azeroth\duskwood\passivedoodads\detail\duskwoodmushroom01\duskwoodmushroom01.m2;18448.376953125;39.304527282714844;27770.64453125;0;12.5;0;;1;40001;m2;189432;0;
..\..\world\azeroth\westfall\passivedoodads\tombstones\tombstone03.m2;18388.822265625;53.36135482788086;28102.2265625;10.5;60.5;3;;0.75;40598;m2;190635;0;
..\..\world\azeroth\duskwood\passivedoodads\detail\duskwoodmushroom01\duskwoodmushroom01.m2;18174.294921875;47.692604064941406;27941.7109375;1.499999761581421;79;10.999999046325684;;1;40668;m2;189432;0;
..\..\world\azeroth\duskwood\passivedoodads\detail\duskwoodmushroom01\duskwoodmushroom01.m2;18577.83984375;90.82913208007812;27734.53515625;0;349;0;;1;39897;m2;189432;0;
..\..\world\azeroth\duskwood\passivedoodads\detail\duskwoodmushroom01\duskwoodmushroom01.m2;18579.451171875;90.54374694824219;27733.9375;0;349;0;;1;39898;m2;189432;0;
..\..\world\azeroth\duskwood\passivedoodads\detail\duskwoodmushroom01\duskwoodmushroom01.m2;18180.1875;47.44629669189453;27947.2578125;0;79;0;;1;40658;m2;189432;0;
..\..\world\azeroth\duskwood\passivedoodads\detail\duskwoodmushroom01\duskwoodmushroom01.m2;18179.58984375;47.932674407958984;27945.64453125;0;79;0;;1;40659;m2;189432;0;
..\..\world\azeroth\westfall\passivedoodads\barrel\westfallbarrel01.m2;18448.15625;39.44206619262695;27840.75390625;-86.50005340576172;0;68.50001525878906;;1;90060;m2;190535;0;
..\..\world\azeroth\duskwood\passivedoodads\tombs\tombstone06.m2;18369.1015625;52.86998748779297;28022.951171875;12.5;93.5;-10.000000953674316;;0.8095703125;40308;m2;189532;0;
..\..\world\azeroth\elwynn\passivedoodads\elwynnfences\elwynnstonefencepost.m2;18355.61328125;52.78533172607422;28015.22265625;0;331.5;0;;1;40176;m2;189794;0;
..\..\world\azeroth\elwynn\passivedoodads\elwynnfences\elwynnstonefencepost.m2;18340.08203125;52.73761749267578;28039.1328125;0;330;0;;1;88685;m2;189794;0;
..\..\world\azeroth\duskwood\passivedoodads\detail\duskwoodmushroom01\duskwoodmushroom01.m2;18237.70703125;25.510385513305664;27813.70703125;0;279;0;;1;40084;m2;189432;0;
..\..\world\azeroth\duskwood\passivedoodads\tombs\tombstone08.m2;18383.07421875;53.01536178588867;28089.38671875;-5.499999523162842;241;-2.499999761581421;;1.0791015625;40492;m2;189535;0;
..\..\world\azeroth\duskwood\passivedoodads\detail\duskwoodmushroom01\duskwoodmushroom01.m2;18236.125;25.49161148071289;27813.388671875;-7.499999523162842;94.5;0.9999997615814209;;1;40083;m2;189432;0;
..\..\world\azeroth\duskwood\passivedoodads\tombs\tombstone08.m2;18362.697265625;52.83030700683594;28037.337890625;5.500000953674316;60.5;9.499999046325684;;1;40315;m2;189535;0;
..\..\world\azeroth\duskwood\passivedoodads\tombs\tombstone08.m2;18387.58203125;52.15811538696289;28039.013671875;5.500000953674316;60.5;9.499999046325684;;1;40367;m2;189535;0;
..\..\world\azeroth\duskwood\passivedoodads\tombs\tombstone07.m2;18378.658203125;51.78095245361328;28053.890625;0;59.5;0;;0.8193359375;40473;m2;189534;0;
..\..\world\azeroth\duskwood\passivedoodads\detail\duskwoodmushroom01\duskwoodmushroom01.m2;18247.916015625;26.074159622192383;27818.4921875;4.999998569488525;293;12.499999046325684;;0.849609375;40085;m2;189432;0;
..\..\world\azeroth\duskwood\passivedoodads\detail\duskwoodmushroom01\duskwoodmushroom01.m2;18449.658203125;39.304527282714844;27769.47265625;0;28;0;;0.849609375;40002;m2;189432;0;
..\..\world\azeroth\duskwood\passivedoodads\tombs\tombstone08.m2;18342.3515625;52.51435470581055;28054.6484375;10.5;48.5;6;;1;40251;m2;189535;0;
..\..\world\generic\human\passivedoodads\ropes\cavekoboldropecoil.m2;18447.548828125;38.99131774902344;27842.26953125;0;0;0;;1;90066;m2;198422;0;
..\..\world\generic\human\passivedoodads\ropes\cavekoboldropecoil.m2;18447.166015625;38.998050689697266;27841.400390625;0;0;0;;1;90067;m2;198422;0;
..\..\world\azeroth\westfall\passivedoodads\barrel\westfallbarrel01.m2;18203.11328125;38.82156753540039;28078.6015625;-1;16;4;;1;40758;m2;190535;0;
..\..\world\azeroth\duskwood\passivedoodads\tombs\tombstone05.m2;18375.751953125;52.24966812133789;28057.65234375;7.500000953674316;29.5;-7.500000476837158;;0.779296875;40471;m2;189530;0;
..\..\world\azeroth\duskwood\passivedoodads\tombs\tombstone08.m2;18388.80859375;52.9875602722168;28091.11328125;13.000000953674316;76;5.999999523162842;;1;40610;m2;189535;0;
..\..\world\azeroth\duskwood\passivedoodads\tombs\tombstone08.m2;18359.87890625;53.05269241333008;28063.6328125;15.000000953674316;46;-1.0000007152557373;;1;40455;m2;189535;0;
..\..\world\azeroth\duskwood\passivedoodads\detail\duskwoodmushroom01\duskwoodmushroom01.m2;18171.59375;45.9940071105957;27943.86328125;0;68.5;0;;0.849609375;40666;m2;189432;0;
..\..\world\azeroth\duskwood\passivedoodads\tombs\tombstone06.m2;18378.51171875;52.88158416748047;28068.416015625;12;64.5;1.9999994039535522;;0.8095703125;40488;m2;189532;0;
..\..\world\azeroth\duskwood\passivedoodads\tombs\tombstone08.m2;18361.73046875;52.88322830200195;28021.73046875;10;62.5;-10.5;;1;40287;m2;189535;0;
..\..\world\azeroth\westfall\passivedoodads\barrel\westfallbarrel01.m2;18203.361328125;38.79872512817383;28079.607421875;-0.5;17.5;-0.9999997615814209;;1;40757;m2;190535;0;
..\..\world\azeroth\duskwood\passivedoodads\tombs\tombstone08.m2;18376.654296875;53.06512451171875;28070.359375;10.5;39.5;0;;1;40486;m2;189535;0;
..\..\world\azeroth\duskwood\passivedoodads\detail\duskwoodmushroom01\duskwoodmushroom01.m2;18325.763671875;32.817527770996094;27843.67578125;0;358.5;3.5000014305114746;;1;40378;m2;189432;0;
..\..\world\azeroth\duskwood\passivedoodads\detail\duskwoodmushroom01\duskwoodmushroom01.m2;18237.70703125;26.14118766784668;27807.841796875;0.5;1;4.500000476837158;;1;40082;m2;189432;0;
..\..\world\azeroth\duskwood\passivedoodads\tombs\tombstone08.m2;18370.982421875;52.45201873779297;28049.15234375;8.000000953674316;227.5;-3.9999990463256836;;1;40326;m2;189535;0;
..\..\world\azeroth\duskwood\passivedoodads\tombs\tombstone08.m2;18254.357421875;33.11887741088867;27916.4765625;8.49999713897705;25.5;-4.3162788188055856e-7;;1;40595;m2;189535;0;
..\..\world\azeroth\westfall\passivedoodads\barrel\westfallbarrel01.m2;18210.056640625;38.620697021484375;28089.01953125;0.5;12.5;2.000000476837158;;1;40788;m2;190535;0;
..\..\world\generic\human\passivedoodads\lanterns\generallantern02.m2;18260.27734375;31.713632583618164;27834.935546875;-32;0;-61.000003814697266;;0.759765625;353507;m2;198328;0;
..\..\world\azeroth\duskwood\passivedoodads\tombs\tombstone08.m2;18379.9375;53.3807258605957;28106.42578125;8;230.00001525878906;-4;;1;40602;m2;189535;0;
..\..\world\azeroth\duskwood\passivedoodads\tombs\tombstone05.m2;18387.953125;52.08557891845703;28038.08203125;16.5;57.5;-4.000001430511475;;0.7392578125;40368;m2;189530;0;
..\..\world\azeroth\duskwood\passivedoodads\tombs\tombstone06.m2;18368.974609375;52.161373138427734;28052.68359375;6.999999523162842;56;4.5;;0.759765625;40331;m2;189532;0;
..\..\world\azeroth\duskwood\passivedoodads\tombs\tombstone07.m2;18346.087890625;52.497310638427734;28067.31640625;6.5;55;3.999999523162842;;0.689453125;40436;m2;189534;0;
..\..\world\azeroth\duskwood\passivedoodads\tombs\tombstone08.m2;18368.064453125;52.850101470947266;28025.796875;6.499999523162842;60.5;-5.499999523162842;;1;40310;m2;189535;0;
..\..\world\azeroth\duskwood\passivedoodads\tombs\tombstone08.m2;18365.005859375;52.70119094848633;28058.4375;10.500000953674316;69.5;5.000000476837158;;0.919921875;40461;m2;189535;0;
..\..\world\azeroth\duskwood\passivedoodads\tombs\tombstone08.m2;18352.626953125;52.267364501953125;28042.23046875;5.500000476837158;64.5;-1.0000001192092896;;1;40292;m2;189535;0;
..\..\world\azeroth\duskwood\passivedoodads\tombs\tombstone08.m2;18396.8125;52.70827865600586;28082.6171875;-3;328.5;3.500000238418579;;1;40524;m2;189535;0;
..\..\world\azeroth\duskwood\passivedoodads\tombs\tombstone08.m2;18389.6171875;52.89887237548828;28101.05078125;5.499999523162842;66;-0.9999998807907104;;1;40599;m2;189535;0;
..\..\world\generic\passivedoodads\furniture\containers\sack01.m2;18442.603515625;38.96237564086914;27857.4609375;0;337;0;;1;90065;m2;199745;0;
..\..\world\azeroth\duskwood\passivedoodads\tombs\tombstone08.m2;18381.169921875;52.254112243652344;28033.21875;18.999998092651367;73.5;-2.999999523162842;;1;40359;m2;189535;0;
..\..\world\azeroth\duskwood\passivedoodads\tombs\tombstone08.m2;18354.375;53.00872039794922;28070.52734375;8;232.5;-4;;1;40449;m2;189535;0;
..\..\world\azeroth\duskwood\passivedoodads\tombs\tombstone08.m2;18341.21875;52.15190124511719;28063.421875;6.500000476837158;37.5;2;;1;40432;m2;189535;0;
..\..\world\azeroth\duskwood\passivedoodads\tombs\tombstone08.m2;18358.93359375;52.66435623168945;28043.91796875;10.500000953674316;68.5;5;;0.9091796875;40304;m2;189535;0;
..\..\world\azeroth\duskwood\passivedoodads\tombs\tombstone08.m2;18372.36328125;53.52238845825195;28075.00390625;2;33;-0.5000001788139343;;1;40483;m2;189535;0;
..\..\world\azeroth\duskwood\passivedoodads\tombs\tombstone08.m2;18390.26953125;52.43321990966797;28034.59375;12.499999046325684;69;-4.499999523162842;;1;40370;m2;189535;0;
..\..\world\azeroth\duskwood\passivedoodads\tombs\tombstone05.m2;18341.626953125;52.4653205871582;28055.47265625;0.5;46.5;-0.5000000596046448;;0.779296875;40250;m2;189530;0;
..\..\world\azeroth\duskwood\passivedoodads\tombs\tombstone08.m2;18361.966796875;52.75910568237305;28084.28125;10.5;47.5;4.999999523162842;;0.9091796875;40476;m2;189535;0;
..\..\world\azeroth\duskwood\passivedoodads\tombs\tombstone08.m2;18379.779296875;52.87474822998047;28094.529296875;13.999999046325684;71.5;3.500000238418579;;0.9091796875;40615;m2;189535;0;
..\..\world\azeroth\duskwood\passivedoodads\tombs\tombstone05.m2;18352.978515625;52.663055419921875;28051.181640625;0;233.5;0;;0.779296875;40300;m2;189530;0;
..\..\world\azeroth\duskwood\passivedoodads\tombs\tombstone08.m2;18383.845703125;51.96577072143555;28044.83203125;12;68.5;-10.999999046325684;;0.9091796875;40362;m2;189535;0;
..\..\world\azeroth\duskwood\passivedoodads\tombs\tombstone08.m2;18365.724609375;52.9119758605957;28031.671875;2;71.5;-0.4999999403953552;;1;40313;m2;189535;0;
..\..\world\generic\human\passivedoodads\lanterns\generallantern01.m2;18261.564453125;36.52560806274414;27853.5703125;-2.7997164726257324;11.4942626953125;2.674360752105713;;0.779296875;72143047;m2;198327;0;
..\..\world\azeroth\duskwood\passivedoodads\tombs\tombstone05.m2;18357.673828125;52.90789794921875;28029.70703125;-1.5;241.5;4.500000476837158;;0.7197265625;40283;m2;189530;0;
..\..\world\azeroth\duskwood\passivedoodads\detail\duskwoodmushroom01\duskwoodmushroom01.m2;18171.533203125;39.24666976928711;28015.140625;0;341.5;0;;0.76953125;40741;m2;189432;0;
..\..\world\azeroth\duskwood\passivedoodads\tombs\tombstone06.m2;18387.486328125;51.797874450683594;28054.45703125;7.000000476837158;51.5;4.500000476837158;;0.69921875;40528;m2;189532;0;
..\..\world\generic\human\passivedoodads\lanterns\generallantern01.m2;18334.142578125;52.7565803527832;28050.9765625;0;33;-3.5;;0.75;40189;m2;198327;0;
..\..\world\azeroth\duskwood\passivedoodads\detail\duskwoodmushroom01\duskwoodmushroom01.m2;18584.9375;91.12089538574219;27734.0078125;0;349;0;;0.7890625;39899;m2;189432;0;
..\..\world\azeroth\duskwood\passivedoodads\tombs\tombstone05.m2;18383.837890625;53.13603591918945;28099.53515625;5.000000476837158;227.5;-1.000000238418579;;0.69921875;40606;m2;189530;0;
..\..\world\azeroth\duskwood\passivedoodads\tombs\tombstone08.m2;18349.30078125;52.72199249267578;28046.8203125;5.000000476837158;56;3.000000238418579;;0.859375;40290;m2;189535;0;
..\..\world\azeroth\duskwood\passivedoodads\detail\duskwoodmushroom01\duskwoodmushroom01.m2;18582.283203125;90.19859313964844;27737.26953125;0;349;0;;0.76953125;39896;m2;189432;0;
..\..\world\azeroth\duskwood\passivedoodads\tombs\tombstone08.m2;18386.412109375;53.34199905395508;28105.7265625;5.000000476837158;53;3.000000476837158;;0.859375;40596;m2;189535;0;
..\..\world\azeroth\duskwood\passivedoodads\detail\duskwoodmushroom01\duskwoodmushroom01.m2;18182.91796875;48.53361129760742;27942.8125;0;79;0;;0.76953125;40661;m2;189432;0;
..\..\world\azeroth\duskwood\passivedoodads\detail\duskwoodmushroom01\duskwoodmushroom01.m2;18175.009765625;47.8287239074707;27942.32421875;0;81.5;0;;0.7890625;40662;m2;189432;0;
..\..\world\azeroth\westfall\passivedoodads\barrel\westfallbarrel01.m2;18211.142578125;38.5604133605957;28088.51171875;-1.5;0;-1.0000001192092896;;1;40789;m2;190535;0;
..\..\world\azeroth\duskwood\passivedoodads\tombs\tombstone07.m2;18365.912109375;53.46348571777344;28069.484375;4.999999523162842;36;6.999999523162842;;0.599609375;40465;m2;189534;0;
..\..\world\azeroth\duskwood\passivedoodads\tombs\tombstone08.m2;18378.4375;52.33592987060547;28037.462890625;4.5;43.5;-4.999999046325684;;0.859375;40356;m2;189535;0;
..\..\world\azeroth\duskwood\passivedoodads\tombs\tombstone05.m2;18361.943359375;52.81064224243164;28038.4296875;-1.0000007152557373;58.5;13.000000953674316;;0.619140625;40317;m2;189530;0;
..\..\world\generic\human\passivedoodads\lanterns\generallantern01.m2;18209.892578125;47.49540328979492;28080.984375;0;337.5;0;;0.7392578125;40756;m2;198327;0;
..\..\world\azeroth\elwynn\passivedoodads\skeleton\battlegladebskeletonhumandark.m2;18419.486328125;51.56356430053711;28047.59375;0;0.5;0;;0.689453125;40542;m2;189894;0;
..\..\world\azeroth\westfall\passivedoodads\barrel\westfallbarrel01.m2;18447.486328125;38.987247467041016;27842.31640625;0;0;0;;1;90058;m2;190535;0;
..\..\world\azeroth\westfall\passivedoodads\barrel\westfallbarrel01.m2;18450.982421875;39.17929458618164;27842.640625;0;0;0;;1;90059;m2;190535;0;
..\..\world\azeroth\duskwood\passivedoodads\tombs\tombstone05.m2;18357.0546875;53.10009765625;28067.138671875;1.5000003576278687;228;-7.000000476837158;;0.6298828125;40451;m2;189530;0;
..\..\world\azeroth\duskwood\passivedoodads\tombs\tombstone08.m2;18376.951171875;52.858184814453125;28099.306640625;6;40.5;1.0000001192092896;;0.859375;40612;m2;189535;0;
..\..\world\azeroth\duskwood\passivedoodads\tombs\tombstone08.m2;18386.42578125;53.19038391113281;28095.310546875;5.500000476837158;46;-0.5;;0.859375;40607;m2;189535;0;
..\..\world\generic\human\passivedoodads\buckets\cavekoboldbucket.m2;18242.2421875;27.562746047973633;27833.2109375;-12.000000953674316;0;9.5;;1;353513;m2;198069;0;
..\..\world\azeroth\duskwood\passivedoodads\tombs\tombstone05.m2;18356.609375;52.927154541015625;28031.83203125;9.499999046325684;240.5;-1.0000007152557373;;0.6298828125;40281;m2;189530;0;
..\..\world\azeroth\duskwood\passivedoodads\tombs\tombstone05.m2;18374.76171875;52.35795974731445;28043.13671875;9.500000953674316;260;-0.9999998807907104;;0.6298828125;40328;m2;189530;0;
..\..\world\azeroth\duskwood\passivedoodads\tombs\tombstone05.m2;18382.814453125;53.27131271362305;28101.16015625;9.500000953674316;262.5;-1.0000003576278687;;0.6298828125;40604;m2;189530;0;
..\..\world\azeroth\duskwood\passivedoodads\tombs\tombstone05.m2;18351.64453125;52.69948196411133;28053.123046875;4;232.5;-2;;0.6298828125;40298;m2;189530;0;
..\..\world\azeroth\duskwood\passivedoodads\webs\webstretch01.m2;18515.009765625;128.95803833007812;28032.982421875;-3.000000238418579;295;2.000000238418579;;0.2890625;40763;m2;189597;0;
..\..\world\azeroth\duskwood\passivedoodads\tombs\tombstone05.m2;18386.73046875;52.11391067504883;28040.10546875;5;58.5;0.9999995827674866;;0.619140625;40365;m2;189530;0;
..\..\world\generic\passivedoodads\furniture\containers\sack02.m2;18440.81640625;38.94305419921875;27857.12109375;0;335.5;0;;1;90063;m2;199746;0;
..\..\world\azeroth\duskwood\passivedoodads\detail\duskwoodmushroom01\duskwoodmushroom01.m2;18324.943359375;32.6497688293457;27844.1328125;0;358.5;0;;0.7294921875;40376;m2;189432;0;
..\..\world\azeroth\duskwood\passivedoodads\tombs\tombstone05.m2;18342.830078125;52.542335510253906;28053.9609375;23.999996185302734;42.5;-5;;0.529296875;40252;m2;189530;0;
..\..\world\azeroth\elwynn\passivedoodads\jars\jar01.m2;18180.267578125;39.547576904296875;28081.7265625;-7;123.5;-0.9999997019767761;;1.08984375;40830;m2;189815;0;
..\..\world\generic\human\passivedoodads\buckets\cavekoboldbucket.m2;18446.208984375;38.989280700683594;27841.93359375;1.5000001192092896;0;6;;1;90076;m2;198069;0;
..\..\world\azeroth\westfall\passivedoodads\westfallchair\westfallchair.m2;18243.291015625;27.746726989746094;27833.08984375;-13;0;12;;1;353512;m2;190658;0;
..\..\world\azeroth\elwynn\passivedoodads\jugs\jug01.m2;18167.875;42.00661087036133;28077.0390625;10.5;113;0.5;;1;40824;m2;189820;0;
..\..\world\generic\passivedoodads\lights\candle02.m2;18435.279296875;40.0567741394043;27851.9609375;0;0;0;;1;90053;m2;199807;0;
..\..\world\generic\passivedoodads\furniture\containers\sack02.m2;18441.412109375;38.95991897583008;27857.59765625;-2.5;0;6.5;;1;90064;m2;199746;0;
..\..\world\generic\passivedoodads\furniture\containers\sack02.m2;18441.71875;38.95198440551758;27857.078125;-8.5;0;-5.5;;1;90062;m2;199746;0;
..\..\world\azeroth\elwynn\passivedoodads\jugs\jug01.m2;18167.765625;42.05308532714844;28076.4609375;-1;181;8.499999046325684;;1;40825;m2;189820;0;
..\..\world\azeroth\duskwood\passivedoodads\webs\webstretch01.m2;18518.892578125;142.3913116455078;27974.6484375;5.5;172;6.5;;0.19921875;40730;m2;189597;0;
..\..\world\azeroth\westfall\passivedoodads\westfallchair\westfallchair.m2;18323.3359375;29.714107513427734;27734.19140625;0;0;0;;1;39879;m2;190658;0;
..\..\world\azeroth\westfall\passivedoodads\westfallchair\westfallchair.m2;18179.076171875;27.731243133544922;27802.10546875;0;0;0;;1;40042;m2;190658;0;
..\..\world\azeroth\westfall\passivedoodads\westfallchair\westfallchair.m2;18181.8125;27.710893630981445;27800.66796875;0;0;0;;1;40044;m2;190658;0;
..\..\world\azeroth\westfall\passivedoodads\westfallchair\westfallchair.m2;18183.158203125;27.701059341430664;27802.546875;0;0;0;;1;40045;m2;190658;0;
..\..\world\azeroth\westfall\passivedoodads\westfallchair\westfallchair.m2;18432.609375;38.85008239746094;27856.244140625;0;0;0;;1;90069;m2;190658;0;
..\..\world\azeroth\westfall\passivedoodads\westfallchair\westfallchair.m2;18435.5546875;38.857357025146484;27854.994140625;0;0;0;;1;90072;m2;190658;0;
..\..\world\wmo\azeroth\buildings\duskwood_human_farm\duskwood_human_farm.wmo;18328.142578125;26.531423568725586;27723.03515625;0;53;0;0;1;29626;wmo;106735;1;Set_A
..\..\world\wmo\azeroth\buildings\duskwood_barn\duskwood_barn.wmo;18187.443359375;25.732051849365234;27796.36328125;0;223.5;0;0;1;39925;wmo;106701;1;Set_B
..\..\world\wmo\azeroth\buildings\duskwood_human_farm\duskwood_human_farm.wmo;18445.048828125;35.610904693603516;27849.6875;0;356.5;0;0;1;90031;wmo;106735;4;Set_C
..\..\world\wmo\dungeon\md_goldmine\md_goldmine_1room.wmo;18211.189453125;42.4881706237793;28168.08203125;0;177.5;0;0;1;183554;wmo;110761;0;Set_$DefaultGlobal
..\..\world\wmo\azeroth\buildings\chapel\duskwoodchapel.wmo;18422.7734375;51.73544692993164;28074.62109375;0;241.00001525878906;0;0;1;199416;wmo;106695;0;Set_$DefaultGlobal
..\..\world\wmo\dungeon\md_crypt\md_crypt_d.wmo;18896.216796875;71.86419677734375;28153.72265625;0;181.5;0;0;1;571057;wmo;110630;0;Set_$DefaultGlobal
