ModelFile;PositionX;PositionY;PositionZ;RotationX;RotationY;RotationZ;RotationW;ScaleFactor;ModelId;Type;FileDataID;DoodadSetIndexes;DoodadSetNames
..\..\world\lordaeron\tirisfalglade\passivedoodads\trees\tirisfallgladecanopytree02.m2;15964.52734375;37.24787521362305;15056.154296875;-4.499999523162842;136.5692138671875;-7.000000476837158;;1.205078125;119604;m2;204129;0;
..\..\world\lordaeron\tirisfalglade\passivedoodads\trees\tirisfallgladecanopytree04.m2;15767.1240234375;105.66771697998047;15317.076171875;-7.000002861022949;22.12713623046875;13.000003814697266;;1.26953125;112939;m2;204131;0;
..\..\world\lordaeron\silverpine\passivedoodads\trees\silverpinetree02.m2;15881.302734375;157.42465209960938;15485.4609375;1.0000004768371582;246.848388671875;0.9999997615814209;;0.982421875;130799;m2;203979;0;
..\..\world\lordaeron\tirisfalglade\passivedoodads\trees\tirisfallgladecanopytree02.m2;15980.232421875;33.15485763549805;15149.1611328125;-3;204.1981201171875;-6.500000476837158;;1.1669921875;119587;m2;204129;0;
..\..\world\lordaeron\tirisfalglade\passivedoodads\trees\tirisfallgladecanopytree02.m2;15444.0830078125;76.2653579711914;15070.5654296875;-2.0000240802764893;114.09990692138672;-6.0000152587890625;;1.1708984375;70052624;m2;204129;0;
..\..\world\lordaeron\tirisfalglade\passivedoodads\trees\tirisfallgladecanopytree02.m2;15504.7216796875;77.53897857666016;15004.677734375;-4.999999046325684;63.68865966796875;-7.000002861022949;;1.1259765625;99112;m2;204129;0;
..\..\world\lordaeron\silverpine\passivedoodads\trees\silverpinetree02.m2;15832.3515625;165.18003845214844;15481.8359375;1.5000004768371582;272.447265625;-2.0000009536743164;;0.9306640625;130804;m2;203979;0;
..\..\world\lordaeron\tirisfalglade\passivedoodads\trees\tirisfallgladecanopytree02.m2;15660.572265625;66.2706069946289;14941.263671875;-1.5;227.3470001220703;-5;;1.099609375;112876;m2;204129;0;
..\..\world\lordaeron\tirisfalglade\passivedoodads\trees\tirisfallgladecanopytree02.m2;15661.7958984375;68.1007080078125;15111.3603515625;-4.999999523162842;49.57183837890625;-6.000000953674316;;1.0634765625;113011;m2;204129;0;
..\..\world\lordaeron\silverpine\passivedoodads\trees\silverpinetree02.m2;15867.8447265625;147.2177734375;15492.9873046875;0.49999988079071045;312.76837158203125;0.9999997019767761;;0.9033203125;130800;m2;203979;0;
..\..\world\lordaeron\tirisfalglade\passivedoodads\trees\tirisfallgladecanopytree05.m2;15600.1435546875;117.6211166381836;15313.763671875;2.500000476837158;0;-1.000000238418579;;1.3095703125;112912;m2;204132;0;
..\..\world\lordaeron\tirisfalglade\passivedoodads\trees\tirisfallgladecanopytree02.m2;15655.771484375;119.16786193847656;15353.71484375;-24.999996185302734;11.5;-1.9999994039535522;;1;112899;m2;204129;0;
..\..\world\lordaeron\tirisfalglade\passivedoodads\trees\tirisfallgladecanopytree02.m2;15586.712890625;79.01663970947266;15077.791015625;-9.500001907348633;28;-7.500002861022949;;1;99100;m2;204129;0;
..\..\world\lordaeron\tirisfalglade\passivedoodads\trees\tirisfallgladecanopytree03.m2;15860.568359375;63.2529182434082;15202.3984375;0;0;0;;1.3095703125;119534;m2;204130;0;
..\..\world\lordaeron\tirisfalglade\passivedoodads\trees\tirisfallgladecanopytree04.m2;15627.0927734375;65.97844696044922;15008.8515625;-3.000000238418579;205.968994140625;11.500001907348633;;1.1474609375;112871;m2;204131;0;
..\..\world\lordaeron\tirisfalglade\passivedoodads\trees\tirisfallgladecanopytree02.m2;15905.6591796875;57.67410659790039;15269.248046875;-10.500003814697266;303.5;-3.999999523162842;;1;119540;m2;204129;0;
..\..\world\lordaeron\tirisfalglade\passivedoodads\trees\tirisfallgladecanopytree02.m2;15557.7802734375;114.2618408203125;15313.0341796875;4.499999523162842;111.5;-9.000000953674316;;1;112906;m2;204129;0;
..\..\world\lordaeron\tirisfalglade\passivedoodads\trees\tirisfallgladecanopytree02.m2;15725.0703125;82.4363784790039;15240.4208984375;-0.500000536441803;131;-15.500000953674316;;1;112896;m2;204129;0;
..\..\world\lordaeron\tirisfalglade\passivedoodads\trees\tirisfallgladecanopytree06.m2;15508.3447265625;90.5458755493164;15188.6416015625;-5.500001430511475;0.5;-1.000000238418579;;1.2294921875;97949;m2;204133;0;
..\..\world\lordaeron\tirisfalglade\passivedoodads\trees\tirisfallgladecanopytree06.m2;15657.259765625;66.02342224121094;15098.916015625;0;342.64111328125;0;;1.2802734375;113012;m2;204133;0;
..\..\world\lordaeron\tirisfalglade\passivedoodads\trees\tirisfallgladecanopytree06.m2;15859.646484375;57.5081787109375;15067.0322265625;0;223.43577575683594;0;;1.271484375;119628;m2;204133;0;
..\..\world\lordaeron\tirisfalglade\passivedoodads\trees\tirisfallgladecanopytree02.m2;15552.7177734375;97.95706939697266;15266.0166015625;-10.5;37.49267578125;4.000000476837158;;0.982421875;112916;m2;204129;0;
..\..\world\lordaeron\tirisfalglade\passivedoodads\trees\tirisfallgladecanopytree02.m2;16023.912109375;36.125301361083984;15074.072265625;0;180;-11.500000953674316;;1;120452;m2;204129;0;
..\..\world\lordaeron\tirisfalglade\passivedoodads\trees\tirisfallgladecanopytree06.m2;15610.615234375;92.0417251586914;15270.4892578125;0;297.82647705078125;0;;1.251953125;112915;m2;204133;0;
..\..\world\lordaeron\tirisfalglade\passivedoodads\trees\tirisfallgladecanopytree04.m2;15939.568359375;33.29433059692383;15165.853515625;5.000001430511475;167.502685546875;8.000004768371582;;1.1005859375;119561;m2;204131;0;
..\..\world\lordaeron\tirisfalglade\passivedoodads\trees\tirisfallgladecanopytree05.m2;15852.4423828125;55.5349235534668;15125.7890625;0;209.54864501953125;0;;1.240234375;119597;m2;204132;0;
..\..\world\lordaeron\tirisfalglade\passivedoodads\trees\tirisfallgladecanopytree06.m2;16001.541015625;43.24766159057617;15268.9677734375;0;346.7611083984375;0;;1.236328125;119611;m2;204133;0;
..\..\world\lordaeron\tirisfalglade\passivedoodads\trees\tirisfallgladecanopytree04.m2;16018.869140625;35.135860443115234;14918.951171875;-0.4999988377094269;232.0443572998047;9.499999046325684;;1.1298828125;122076;m2;204131;0;
..\..\world\lordaeron\tirisfalglade\passivedoodads\trees\tirisfallgladecanopytree06.m2;15550.90234375;71.07828521728516;14975.73046875;1.4999996423721313;302.12225341796875;1.9999991655349731;;1.197265625;112857;m2;204133;0;
..\..\world\lordaeron\tirisfalglade\passivedoodads\trees\tirisfallgladecanopytree04.m2;15590.2734375;84.01703643798828;15149.6123046875;-10.500000953674316;218.99998474121094;15.499999046325684;;1;99093;m2;204131;0;
..\..\world\lordaeron\tirisfalglade\passivedoodads\trees\tirisfallgladecanopytree02.m2;15858.58984375;55.143211364746094;15057.7861328125;3.999999523162842;60.755279541015625;-6.500000476837158;;0.951171875;119627;m2;204129;0;
..\..\world\lordaeron\tirisfalglade\passivedoodads\trees\tirisfallgladecanopytree02.m2;15743.65234375;82.13465881347656;15160.8671875;-4.000000476837158;165.90167236328125;-12.00000286102295;;0.919921875;112922;m2;204129;0;
..\..\world\lordaeron\tirisfalglade\passivedoodads\trees\tirisfallgladecanopytree06.m2;15914.728515625;34.563846588134766;14968.77734375;0;210.8120880126953;0;;1.1904296875;119644;m2;204133;0;
..\..\world\lordaeron\tirisfalglade\passivedoodads\trees\tirisfallgladecanopytree04.m2;15452.3642578125;71.45999908447266;15032.931640625;-0.5000203847885132;69.43572998046875;1.5000039339065552;;1.1513671875;70052704;m2;204131;0;
..\..\world\lordaeron\tirisfalglade\passivedoodads\trees\tirisfallgladecanopytree05.m2;15742.302734375;76.29398345947266;15047.0166015625;4.000000476837158;226.4790496826172;-1.5000007152557373;;1.130859375;112926;m2;204132;0;
..\..\world\lordaeron\tirisfalglade\passivedoodads\trees\tirisfallgladecanopytree04.m2;15745.427734375;78.81853485107422;15058.9541015625;-7.500000953674316;9.336090087890625;11.000001907348633;;0.9990234375;112924;m2;204131;0;
..\..\world\lordaeron\tirisfalglade\passivedoodads\trees\tirisfallgladecanopytree02.m2;15478.98046875;119.46311950683594;15348.990234375;0;45.5;0;;1;96806;m2;204129;0;
..\..\world\lordaeron\tirisfalglade\passivedoodads\trees\tirisfallgladecanopytree02.m2;15963.87109375;37.5713996887207;15250.654296875;0;0;0;;1;119546;m2;204129;0;
..\..\world\lordaeron\tirisfalglade\passivedoodads\trees\tirisfallgladecanopytree03.m2;15486.5361328125;72.6883316040039;14990.91796875;-1.500000238418579;339.3780517578125;4.500000953674316;;1.095703125;99111;m2;204130;0;
..\..\world\lordaeron\tirisfalglade\passivedoodads\trees\tirisfallgladecanopytree06.m2;15978.8330078125;35.0242805480957;15016.7861328125;0;238.34466552734375;0;;1.1611328125;119606;m2;204133;0;
..\..\world\lordaeron\tirisfalglade\passivedoodads\trees\tirisfallgladecanopytree05.m2;15797.447265625;99.18856048583984;15242.318359375;0;21.54486083984375;0;;1.1611328125;112932;m2;204132;0;
..\..\world\lordaeron\tirisfalglade\passivedoodads\trees\tirisfallgladecanopytree04.m2;15671.8896484375;77.78453826904297;15227.1728515625;2.9999990463256836;113;15.500004768371582;;1;113024;m2;204131;0;
..\..\world\lordaeron\tirisfalglade\passivedoodads\trees\tirisfallgladecanopytree05.m2;15884.27734375;43.558380126953125;14930.1416015625;0;249.05670166015625;0;;1.1572265625;119639;m2;204132;0;
..\..\world\lordaeron\tirisfalglade\passivedoodads\trees\tirisfallgladecanopytree06.m2;15465.4228515625;76.3946304321289;14960.4541015625;1.500003457069397;5.89984130859375;-0.5000202655792236;;1.1396484375;70052658;m2;204133;0;
..\..\world\lordaeron\tirisfalglade\passivedoodads\trees\tirisfallgladecanopytree03.m2;15668.6484375;90.88286590576172;15284.5009765625;0;309.75799560546875;0;;1.1552734375;112948;m2;204130;0;
..\..\world\lordaeron\tirisfalglade\passivedoodads\trees\tirisfallgladecanopytree04.m2;16028.974609375;32.3023796081543;15063.5341796875;-6.500001430511475;50;-10.00000286102295;;1;120451;m2;204131;0;
..\..\world\lordaeron\tirisfalglade\passivedoodads\trees\tirisfallgladecanopytree05.m2;15662.1884765625;80.61370849609375;15227.427734375;0;322.48052978515625;-2.500000476837158;;1.138671875;113025;m2;204132;0;
..\..\world\lordaeron\tirisfalglade\passivedoodads\trees\tirisfallgladecanopytree05.m2;15526.5810546875;78.01338958740234;14912.0341796875;0;70.55633544921875;-3.499999761581421;;1.126953125;112860;m2;204132;0;
..\..\world\lordaeron\tirisfalglade\passivedoodads\trees\tirisfallgladecanopytree03.m2;15971.900390625;39.59538650512695;14989.068359375;0;139.3438720703125;0;;1.14453125;119623;m2;204130;0;
..\..\world\lordaeron\tirisfalglade\passivedoodads\trees\tirisfallgladecanopytree03.m2;16015.013671875;38.40400695800781;15111.0048828125;0;159.251708984375;0;;1.1435546875;119577;m2;204130;0;
..\..\world\lordaeron\tirisfalglade\passivedoodads\trees\tirisfallgladecanopytree06.m2;15901.224609375;46.673789978027344;15057.9873046875;0;166.68963623046875;5.500001430511475;;1.1025390625;119593;m2;204133;0;
..\..\world\lordaeron\tirisfalglade\passivedoodads\trees\tirisfallgladecanopytree06.m2;15752.025390625;67.0816879272461;14993.529296875;0;334.74169921875;3.5000011920928955;;1.1083984375;112944;m2;204133;0;
..\..\world\lordaeron\tirisfalglade\passivedoodads\trees\tirisfallgladecanopytree05.m2;15662.2041015625;69.69973754882812;14928.056640625;0;69.43572998046875;0;;1.1259765625;112877;m2;204132;0;
..\..\world\lordaeron\tirisfalglade\passivedoodads\trees\tirisfallgladecanopytree02.m2;15553.73046875;73.1825942993164;14915.35546875;3.499999761581421;116.57404327392578;-3.500000238418579;;0.91015625;112867;m2;204129;0;
..\..\world\lordaeron\tirisfalglade\passivedoodads\trees\tirisfallgladecanopytree06.m2;15676.482421875;65.56656646728516;14947.4580078125;0;179.2913818359375;3.5;;1.087890625;112878;m2;204133;0;
..\..\world\lordaeron\tirisfalglade\passivedoodads\trees\tirisfallgladecanopytree02.m2;15512.763671875;93.1192398071289;15224.90234375;3.0000011920928955;28;-5.000001430511475;;0.8896484375;97950;m2;204129;0;
..\..\world\lordaeron\tirisfalglade\passivedoodads\trees\tirisfallgladecanopytree06.m2;15558.712890625;80.2236557006836;15081.5947265625;45.50001907348633;152.5;-26.500011444091797;;1;99102;m2;204133;0;
..\..\world\lordaeron\tirisfalglade\passivedoodads\trees\tirisfallgladecanopytree06.m2;15852.5205078125;46.62062454223633;14970.2529296875;0;171.6776123046875;0;;1.1044921875;119652;m2;204133;0;
..\..\world\lordaeron\tirisfalglade\passivedoodads\trees\tirisfallgladecanopytree03.m2;15571.2236328125;84.28736877441406;15109.9423828125;4.000000476837158;39;0.9999998807907104;;1.0498046875;99091;m2;204130;0;
..\..\world\lordaeron\tirisfalglade\passivedoodads\trees\tirisfallgladecanopytree04.m2;15881.6279296875;41.17789077758789;15004.181640625;-0.5000002980232239;64.66339111328125;6.5;;1.03125;119632;m2;204131;0;
..\..\world\lordaeron\tirisfalglade\passivedoodads\trees\tirisfallgladecanopytree04.m2;15555.5830078125;75.671630859375;15045.1171875;3.5;34;6.000001430511475;;1;99101;m2;204131;0;
..\..\world\lordaeron\tirisfalglade\passivedoodads\trees\tirisfallgladecanopytree06.m2;15778.33984375;111.51410675048828;15286.9853515625;0.9999998807907104;232.43380737304688;-3.9999990463256836;;1.052734375;112935;m2;204133;0;
..\..\world\lordaeron\tirisfalglade\passivedoodads\trees\tirisfallgladecanopytree04.m2;15705.5634765625;61.4893798828125;14910.869140625;1.5000003576278687;184.5;7.000002384185791;;1;112888;m2;204131;0;
..\..\world\lordaeron\tirisfalglade\passivedoodads\trees\tirisfallgladecanopytree04.m2;15616.4765625;123.98342895507812;15354.8271484375;1.0000009536743164;244.5;7.500001907348633;;1;112905;m2;204131;0;
..\..\world\lordaeron\tirisfalglade\passivedoodads\trees\tirisfallgladecanopytree03.m2;15603.826171875;95.5939712524414;15278.7705078125;6.500001907348633;189;1.5000008344650269;;1;112910;m2;204130;0;
..\..\world\lordaeron\tirisfalglade\passivedoodads\trees\tirisfallgladecanopytree03.m2;15466.2197265625;135.25927734375;15398.43359375;0;0;0;;1.0791015625;96799;m2;204130;0;
..\..\world\lordaeron\tirisfalglade\passivedoodads\trees\tirisfallgladecanopytree04.m2;15670.4521484375;77.59234619140625;15183.8154296875;-1.0000003576278687;276.5;7.000000476837158;;1;112892;m2;204131;0;
..\..\world\lordaeron\tirisfalglade\passivedoodads\trees\tirisfallgladecanopytree04.m2;15717.7080078125;65.24140167236328;15039.728515625;-8.500001907348633;359.45062255859375;15.500000953674316;;0.8916015625;113014;m2;204131;0;
..\..\world\lordaeron\tirisfalglade\passivedoodads\trees\tirisfallgladecanopytree06.m2;15621.9921875;73.10265350341797;14914.85546875;2.500000476837158;34.14654541015625;-5;;1.021484375;112881;m2;204133;0;
..\..\world\lordaeron\tirisfalglade\passivedoodads\trees\tirisfallgladecanopytree05.m2;15963.4609375;39.428619384765625;14997.8447265625;0;342.38836669921875;0;;1.0693359375;119625;m2;204132;0;
..\..\world\lordaeron\tirisfalglade\passivedoodads\trees\tirisfallgladecanopytree05.m2;15934.4921875;32.866905212402344;15024.2646484375;0;104.58206176757812;0;;1.0693359375;119646;m2;204132;0;
..\..\world\lordaeron\tirisfalglade\passivedoodads\trees\tirisfallgladecanopytree04.m2;15975.2998046875;35.69426345825195;15062.8955078125;-4.000000476837158;211.2625732421875;5.500000476837158;;0.9755859375;119603;m2;204131;0;
..\..\world\lordaeron\tirisfalglade\passivedoodads\trees\tirisfallgladecanopytree06.m2;15649.388671875;119.24923706054688;15352.96484375;4.000000476837158;0;6.000000953674316;;1;112900;m2;204133;0;
..\..\world\lordaeron\tirisfalglade\passivedoodads\trees\tirisfallgladecanopytree04.m2;15578.82421875;91.44351959228516;15218.3330078125;-5.500000953674316;0;-0.5000000596046448;;1;99176;m2;204131;0;
..\..\world\lordaeron\tirisfalglade\passivedoodads\outposts\tirisfalloutpost06.m2;15787.3779296875;53.57788848876953;14909.4248046875;0;106;0;;1;140804;m2;204121;0;
..\..\world\lordaeron\tirisfalglade\passivedoodads\trees\tirisfallgladecanopytree06.m2;15492.52734375;75.40538024902344;14995.8623046875;0.5000004172325134;89.54135131835938;-1.5000007152557373;;1.0419921875;99113;m2;204133;0;
..\..\world\lordaeron\tirisfalglade\passivedoodads\trees\tirisfallgladecanopytree02.m2;15615.697265625;78.05608367919922;14903.919921875;-9.000001907348633;255.39825439453125;-10.500000953674316;;0.79296875;112879;m2;204129;0;
..\..\world\lordaeron\tirisfalglade\passivedoodads\trees\tirisfallgladecanopytree02.m2;16010.2353515625;36.45207595825195;15119.6865234375;-0.9999997019767761;211.5166473388672;-8.49999713897705;;0.8408203125;119578;m2;204129;0;
..\..\world\lordaeron\tirisfalglade\passivedoodads\trees\tirisfallgladecanopytree06.m2;15949.8955078125;43.769287109375;15255.3916015625;1.5000004768371582;0;-7.500001907348633;;1;119544;m2;204133;0;
..\..\world\lordaeron\tirisfalglade\passivedoodads\trees\tirisfallgladecanopytree04.m2;15909.2109375;49.79856491088867;15259.7978515625;0;121.5;-4.999999046325684;;1;119539;m2;204131;0;
..\..\world\lordaeron\tirisfalglade\passivedoodads\trees\tirisfallgladecanopytree06.m2;15886.724609375;54.76769256591797;15207.1279296875;2.500000238418579;76.5;-4.500000953674316;;1;119537;m2;204133;0;
..\..\world\lordaeron\tirisfalglade\passivedoodads\trees\tirisfallgladecanopytree05.m2;15777.916015625;130.43031311035156;15352.0966796875;0;273.99639892578125;0;;1.044921875;112940;m2;204132;0;
..\..\world\lordaeron\tirisfalglade\passivedoodads\trees\tirisfallgladecanopytree05.m2;15900.8671875;47.7434196472168;15191.6083984375;-3.0000009536743164;0;-4.000000953674316;;1;119542;m2;204132;0;
..\..\world\lordaeron\tirisfalglade\passivedoodads\trees\tirisfallgladecanopytree05.m2;15919.005859375;40.10890579223633;15086.958984375;-1.5000001192092896;312.5156555175781;-2.5000007152557373;;1.0166015625;119599;m2;204132;0;
..\..\world\lordaeron\tirisfalglade\passivedoodads\trees\tirisfallgladecanopytree06.m2;15656.2080078125;75.03370666503906;15178.271484375;-4.000001430511475;0;-2.000000238418579;;1;112895;m2;204133;0;
..\..\world\lordaeron\tirisfalglade\passivedoodads\trees\tirisfallgladecanopytree06.m2;15731.9697265625;84.3810043334961;15241.0205078125;-0.9999998807907104;0;-5.499998569488525;;1;112897;m2;204133;0;
..\..\world\lordaeron\tirisfalglade\passivedoodads\trees\tirisfallgladecanopytree03.m2;15752.607421875;84.90333557128906;15171.3427734375;0;347.9586181640625;0;;1.037109375;112921;m2;204130;0;
..\..\world\lordaeron\tirisfalglade\passivedoodads\trees\tirisfallgladecanopytree03.m2;15892.3271484375;42.89137268066406;15145.794921875;0;0;-3.0000009536743164;;1;119556;m2;204130;0;
..\..\world\lordaeron\tirisfalglade\passivedoodads\trees\tirisfallgladecanopytree06.m2;15917.431640625;48.87900161743164;15263.0205078125;-3.0000007152557373;0;-1;;1;119541;m2;204133;0;
..\..\world\lordaeron\tirisfalglade\passivedoodads\trees\tirisfallgladecanopytree06.m2;15523.177734375;77.30293273925781;14920.255859375;-1.0000003576278687;43.23822021484375;4;;0.9921875;112861;m2;204133;0;
..\..\world\lordaeron\tirisfalglade\passivedoodads\trees\tirisfallgladecanopytree06.m2;15895.93359375;46.12946701049805;15161.318359375;0;318.06390380859375;0;;1.0244140625;119586;m2;204133;0;
..\..\world\lordaeron\tirisfalglade\passivedoodads\trees\tirisfallgladecanopytree05.m2;16017.3583984375;35.812950134277344;14928.6416015625;1.000000238418579;337;-3.0000009536743164;;1;122080;m2;204132;0;
..\..\world\lordaeron\tirisfalglade\passivedoodads\trees\tirisfallgladecanopytree02.m2;15569.306640625;85.97638702392578;15118.3623046875;-9.500004768371582;307;-8.50000286102295;;0.76953125;99090;m2;204129;0;
..\..\world\lordaeron\tirisfalglade\passivedoodads\trees\tirisfallgladecanopytree06.m2;15578.5615234375;109.90142059326172;15302.7978515625;0.5;0;2.0000009536743164;;1;112908;m2;204133;0;
..\..\world\lordaeron\tirisfalglade\passivedoodads\trees\tirisfallgladecanopytree06.m2;15711.1396484375;99.60145568847656;15319.2197265625;-2.000000476837158;0;0;;1;112903;m2;204133;0;
..\..\world\lordaeron\tirisfalglade\passivedoodads\trees\tirisfallgladecanopytree05.m2;15677.7578125;84.13825225830078;15270.90234375;0;82.08135986328125;0;;1.001953125;112951;m2;204132;0;
..\..\world\lordaeron\tirisfalglade\passivedoodads\trees\tirisfallgladecanopytree03.m2;15542.259765625;125.09153747558594;15378.4208984375;0;0;0;;1;96805;m2;204130;0;
..\..\world\lordaeron\tirisfalglade\passivedoodads\trees\tirisfallgladecanopytree03.m2;15619.7109375;70.26332092285156;15113.0166015625;0;0;0;;1;99097;m2;204130;0;
..\..\world\lordaeron\tirisfalglade\passivedoodads\trees\tirisfallgladecanopytree04.m2;15488.263671875;141.9226837158203;15423.212890625;0;333;0;;1;96794;m2;204131;0;
..\..\world\lordaeron\tirisfalglade\passivedoodads\trees\tirisfallgladecanopytree05.m2;15665.044921875;79.68460845947266;15191.49609375;0;0;0;;1;112893;m2;204132;0;
..\..\world\lordaeron\tirisfalglade\passivedoodads\trees\tirisfallgladecanopytree06.m2;15604.341796875;116.94403839111328;15310.1796875;0;0;0;;1;112911;m2;204133;0;
..\..\world\lordaeron\tirisfalglade\passivedoodads\trees\tirisfallgladecanopytree05.m2;15694.572265625;65.4617691040039;15107.185546875;0;0;0;;1;113008;m2;204132;0;
..\..\world\lordaeron\tirisfalglade\passivedoodads\trees\tirisfallgladecanopytree06.m2;15967.216796875;32.58758544921875;15214.322265625;0;0;0;;1;119566;m2;204133;0;
..\..\world\lordaeron\tirisfalglade\passivedoodads\trees\tirisfallgladecanopytree03.m2;15996.0185546875;38.045475006103516;15226.62109375;0;0;0;;1;119568;m2;204130;0;
..\..\world\lordaeron\tirisfalglade\passivedoodads\trees\tirisfallgladecanopytree06.m2;15722.740234375;127.03865814208984;15380.646484375;0;0;0;;1;119658;m2;204133;0;
..\..\world\lordaeron\tirisfalglade\passivedoodads\trees\tirisfallgladecanopytree05.m2;15581.1455078125;82.45254516601562;15116.4521484375;0;6;0;;1;99092;m2;204132;0;
..\..\world\lordaeron\tirisfalglade\passivedoodads\trees\tirisfallgladecanopytree06.m2;15611.6298828125;76.9810791015625;15145.091796875;0;19;0;;1;99094;m2;204133;0;
..\..\world\lordaeron\tirisfalglade\passivedoodads\trees\tirisfallgladecanopytree03.m2;15706.6396484375;102.31448364257812;15327.5703125;0;0;0;;1;112902;m2;204130;0;
..\..\world\lordaeron\tirisfalglade\passivedoodads\trees\tirisfallgladecanopytree04.m2;15570.615234375;114.33621215820312;15314.7734375;0;326;0;;1;112907;m2;204131;0;
..\..\world\lordaeron\tirisfalglade\passivedoodads\trees\tirisfallgladecanopytree05.m2;15846.6298828125;60.58013916015625;15066.5205078125;0;0;0;;1;119626;m2;204132;0;
..\..\world\lordaeron\tirisfalglade\passivedoodads\trees\tirisfallgladecanopytree02.m2;15680.208984375;89.0760498046875;15279.505859375;-6.500001907348633;1.7918701171875;-4.500000476837158;;0.7822265625;112949;m2;204129;0;
..\..\world\lordaeron\tirisfalglade\passivedoodads\trees\tirisfallgladecanopytree06.m2;15529.443359375;70.96819305419922;14965.90234375;0.500000536441803;81.817138671875;-3.5000016689300537;;0.9619140625;112855;m2;204133;0;
..\..\world\lordaeron\tirisfalglade\passivedoodads\trees\tirisfallgladecanopytree04.m2;15884.1123046875;42.56802749633789;14922.974609375;-4.5;323.9088134765625;7.500000476837158;;0.8818359375;119638;m2;204131;0;
..\..\world\lordaeron\tirisfalglade\passivedoodads\trees\tirisfallgladecanopytree02.m2;15895.888671875;47.728336334228516;15064.0078125;0.5000013709068298;266.42559814453125;-8.000001907348633;;0.7919921875;119592;m2;204129;0;
..\..\world\lordaeron\tirisfalglade\passivedoodads\trees\tirisfallgladecanopytree05.m2;16003.787109375;34.64152908325195;14920.099609375;1.0000001192092896;311.8295593261719;0;;0.978515625;122078;m2;204132;0;
..\..\world\lordaeron\tirisfalglade\passivedoodads\trees\tirisfallgladecanopytree06.m2;15498.759765625;113.02274322509766;15281.0029296875;-0.49999967217445374;275.2708435058594;8.000000953674316;;0.9384765625;112918;m2;204133;0;
..\..\world\lordaeron\tirisfalglade\passivedoodads\trees\tirisfallgladecanopytree03.m2;15457.3310546875;81.77017974853516;15083.19921875;0.5000202059745789;350.8669738769531;-0.5000202655792236;;0.9716796875;70052686;m2;204130;0;
..\..\world\lordaeron\tirisfalglade\passivedoodads\trees\tirisfallgladecanopytree05.m2;15512.6396484375;77.9394302368164;15018.4208984375;0;226.3472137451172;0;;0.9814453125;99115;m2;204132;0;
..\..\world\lordaeron\tirisfalglade\passivedoodads\trees\tirisfallgladecanopytree06.m2;15743.248046875;81.67839813232422;15171.541015625;5.500000953674316;36.3218994140625;2.000000238418579;;0.9296875;112923;m2;204133;0;
..\..\world\lordaeron\tirisfalglade\passivedoodads\trees\tirisfallgladecanopytree02.m2;15491.4072265625;127.91059112548828;15388.6552734375;-4.000001430511475;0;2.000000238418579;;0.7890625;96796;m2;204129;0;
..\..\world\lordaeron\tirisfalglade\passivedoodads\trees\tirisfallgladecanopytree02.m2;15890.8154296875;42.59930419921875;15137.603515625;0;65.51123046875;-4.999999046325684;;0.79296875;119557;m2;204129;0;
..\..\world\lordaeron\tirisfalglade\passivedoodads\trees\tirisfallgladecanopytree06.m2;15794.3330078125;98.89212799072266;15245.4365234375;1.5000005960464478;276.6441955566406;-5.500000476837158;;0.9228515625;112933;m2;204133;0;
..\..\world\lordaeron\tirisfalglade\passivedoodads\trees\tirisfallgladecanopytree02.m2;15587.1904296875;65.7596664428711;14954.6591796875;0;16.88299560546875;-6.000000476837158;;0.78125;112869;m2;204129;0;
..\..\world\lordaeron\tirisfalglade\passivedoodads\trees\tirisfallgladecanopytree02.m2;15994.6591796875;43.1751594543457;15276.2861328125;-20.500001907348633;269.85443115234375;-11.000003814697266;;0.6904296875;119608;m2;204129;0;
..\..\world\lordaeron\tirisfalglade\passivedoodads\trees\tirisfallgladecanopytree06.m2;15533.6240234375;124.94058990478516;15366.7060546875;0;0;-2.000000238418579;;0.9296875;96802;m2;204133;0;
..\..\world\lordaeron\tirisfalglade\passivedoodads\trees\tirisfallgladecanopytree03.m2;15586.130859375;64.61014556884766;14968.419921875;0;292.6297607421875;0;;0.9384765625;112868;m2;204130;0;
..\..\world\lordaeron\tirisfalglade\passivedoodads\trees\tirisfallgladecanopytree03.m2;15570.2353515625;87.5974349975586;15187.85546875;0;316;0;;0.9296875;99177;m2;204130;0;
..\..\world\lordaeron\tirisfalglade\passivedoodads\trees\tirisfallgladecanopytree06.m2;15982.837890625;34.45745849609375;15139.958984375;0;138.26715087890625;0;;0.91796875;119588;m2;204133;0;
..\..\world\lordaeron\tirisfalglade\passivedoodads\trees\tirisfallgladecanopytree06.m2;15960.9697265625;38.454010009765625;14941.0390625;0;256.26715087890625;0;;0.91796875;122130;m2;204133;0;
..\..\world\lordaeron\tirisfalglade\passivedoodads\trees\tirisfallgladecanopytree02.m2;16003.052734375;33.0616569519043;15168.8515625;0.9999998807907104;24.96246337890625;11.50000286102295;;0.71875;119553;m2;204129;0;
..\..\world\lordaeron\tirisfalglade\passivedoodads\trees\tirisfallgladecanopytree04.m2;15516.9833984375;88.87725830078125;15185.0146484375;-6.500001907348633;297.5;5;;0.8193359375;97947;m2;204131;0;
..\..\world\lordaeron\tirisfalglade\passivedoodads\trees\tirisfallgladecanopytree05.m2;15615.2197265625;94.3315658569336;15280.5673828125;3.0000011920928955;134.82861328125;-2.5000009536743164;;0.8798828125;112914;m2;204132;0;
..\..\world\lordaeron\tirisfalglade\passivedoodads\trees\tirisfallgladecanopytree06.m2;15767.93359375;90.6374740600586;15139.0322265625;0;289.24591064453125;3.0000007152557373;;0.8935546875;112931;m2;204133;0;
..\..\world\lordaeron\tirisfalglade\passivedoodads\trees\tirisfallgladecanopytree06.m2;15632.009765625;66.44117736816406;15108.3515625;0;346.5;-0.5000000596046448;;0.8994140625;99099;m2;204133;0;
..\..\world\lordaeron\tirisfalglade\passivedoodads\trees\tirisfallgladecanopytree06.m2;15703.5927734375;63.95566940307617;15078.5009765625;2.5000009536743164;76.0096435546875;1.0000001192092896;;0.8740234375;113020;m2;204133;0;
..\..\world\lordaeron\tirisfalglade\passivedoodads\trees\tirisfallgladecanopytree06.m2;15563.583984375;77.2843246459961;15039.2421875;0.4999992549419403;247.54052734375;4.000000476837158;;0.8701171875;112874;m2;204133;0;
..\..\world\lordaeron\tirisfalglade\passivedoodads\trees\tirisfallgladecanopytree04.m2;15514.525390625;80.0107192993164;14915.099609375;2.5;81.82867431640625;4.000000476837158;;0.837890625;112859;m2;204131;0;
..\..\world\lordaeron\tirisfalglade\passivedoodads\trees\tirisfallgladecanopytree06.m2;15879.4423828125;59.63489532470703;15168.3984375;0;346.5;-1.999999761581421;;0.8798828125;119572;m2;204133;0;
..\..\world\lordaeron\tirisfalglade\passivedoodads\trees\tirisfallgladecanopytree05.m2;15901.9765625;40.011985778808594;15137.4580078125;0;86.44305419921875;0;;0.890625;119559;m2;204132;0;
..\..\world\lordaeron\tirisfalglade\passivedoodads\trees\tirisfallgladecanopytree03.m2;15687.0146484375;66.64916229248047;15118.3671875;0;98.7591552734375;0;;0.888671875;113009;m2;204130;0;
..\..\world\lordaeron\tirisfalglade\passivedoodads\trees\tirisfallgladecanopytree03.m2;15770.599609375;104.8965835571289;15305.5966796875;0;180.1593017578125;0;;0.8876953125;112938;m2;204130;0;
..\..\world\lordaeron\tirisfalglade\passivedoodads\trees\tirisfallgladecanopytree02.m2;15881.5029296875;56.68822479248047;15211.4208984375;0;0;-5.999998092651367;;0.7197265625;119535;m2;204129;0;
..\..\world\lordaeron\tirisfalglade\passivedoodads\trees\tirisfallgladecanopytree06.m2;15851.4404296875;53.354522705078125;15042.6865234375;0;304.9238586425781;0;;0.87890625;119636;m2;204133;0;
..\..\world\lordaeron\tirisfalglade\passivedoodads\trees\tirisfallgladecanopytree05.m2;16016.6083984375;36.39438247680664;15065.853515625;0;219.34873962402344;-3.9999990463256836;;0.8525390625;120455;m2;204132;0;
..\..\world\lordaeron\tirisfalglade\passivedoodads\trees\tirisfallgladecanopytree06.m2;15606.458984375;66.10098266601562;15036.572265625;0;0;3.0000009536743164;;0.849609375;112886;m2;204133;0;
..\..\world\lordaeron\tirisfalglade\passivedoodads\trees\tirisfallgladecanopytree02.m2;15970.3173828125;35.710670471191406;14939.0185546875;-2.9999990463256836;322.1981201171875;-6.499999046325684;;0.6875;122129;m2;204129;0;
..\..\world\lordaeron\tirisfalglade\passivedoodads\trees\tirisfallgladecanopytree05.m2;15626.5478515625;68.52164459228516;15101.7705078125;-0.0000010672171129044727;244.00003051757812;4.999999046325684;;0.83984375;99098;m2;204132;0;
..\..\world\lordaeron\tirisfalglade\passivedoodads\trees\tirisfallgladecanopytree06.m2;15917.6484375;40.9649543762207;15081.9248046875;-2.500000238418579;345.91510009765625;6.000001430511475;;0.8154296875;119600;m2;204133;0;
..\..\world\lordaeron\tirisfalglade\passivedoodads\trees\tirisfallgladecanopytree05.m2;15936.978515625;34.31943130493164;15173.4091796875;2.0000009536743164;329.61090087890625;-0.5000002384185791;;0.845703125;119583;m2;204132;0;
..\..\world\lordaeron\tirisfalglade\passivedoodads\trees\tirisfallgladecanopytree06.m2;15871.150390625;43.68767547607422;15008.994140625;0;324.3262939453125;-2.000000476837158;;0.8408203125;119633;m2;204133;0;
..\..\world\lordaeron\tirisfalglade\passivedoodads\trees\tirisfallgladecanopytree06.m2;15751.169921875;78.814453125;15051.099609375;0;255.14328002929688;0;;0.8505859375;112925;m2;204133;0;
..\..\world\lordaeron\tirisfalglade\passivedoodads\trees\tirisfallgladecanopytree05.m2;15459.650390625;128.7435760498047;15382.025390625;0.5000001192092896;0;-2.5000007152557373;;0.8291015625;96793;m2;204132;0;
..\..\world\lordaeron\tirisfalglade\passivedoodads\trees\tirisfallgladecanopytree06.m2;15850.9580078125;55.86967086791992;15109.384765625;-4.000001430511475;237.98211669921875;1;;0.8115234375;119596;m2;204133;0;
..\..\world\lordaeron\tirisfalglade\passivedoodads\trees\tirisfallgladecanopytree02.m2;15583.416015625;90.15582275390625;15212.373046875;0;56.64654541015625;0;;0.71875;99178;m2;204129;0;
..\..\world\lordaeron\tirisfalglade\passivedoodads\trees\tirisfallgladecanopytree03.m2;15448.240234375;93.95542907714844;15206.8759765625;0;24.5;0;;0.83984375;97955;m2;204130;0;
..\..\world\lordaeron\tirisfalglade\passivedoodads\trees\tirisfallgladecanopytree06.m2;15596.8466796875;64.6349105834961;14959.740234375;0;34.8978271484375;-3.999999523162842;;0.814453125;112870;m2;204133;0;
..\..\world\lordaeron\tirisfalglade\passivedoodads\trees\tirisfallgladecanopytree05.m2;15717.1396484375;125.47270965576172;15378.1455078125;0;272.6450500488281;4;;0.8154296875;119659;m2;204132;0;
..\..\world\lordaeron\tirisfalglade\passivedoodads\trees\tirisfallgladecanopytree05.m2;15913.708984375;71.0652847290039;15325.1640625;0;0;-3.0000009536743164;;0.8193359375;122141;m2;204132;0;
..\..\world\lordaeron\tirisfalglade\passivedoodads\trees\tirisfallgladecanopytree05.m2;15924.2041015625;39.565731048583984;15119.216796875;0.4999995231628418;168.13934326171875;-7.000002861022949;;0.798828125;119564;m2;204132;0;
..\..\world\lordaeron\tirisfalglade\passivedoodads\trees\tirisfallgladecanopytree05.m2;15665.998046875;108.18833923339844;15341.9990234375;0;0;0;;0.8291015625;112901;m2;204132;0;
..\..\world\lordaeron\tirisfalglade\passivedoodads\trees\tirisfallgladecanopytree02.m2;15625.2548828125;104.04158782958984;15298.634765625;-3.5000007152557373;72.35498046875;-2.0000007152557373;;0.6708984375;112913;m2;204129;0;
..\..\world\lordaeron\tirisfalglade\passivedoodads\trees\tirisfallgladecanopytree04.m2;15541.4423828125;71.65361022949219;14971.357421875;0.9999997019767761;165.98651123046875;6.499999046325684;;0.7607421875;112854;m2;204131;0;
..\..\world\lordaeron\tirisfalglade\passivedoodads\trees\tirisfallgladecanopytree06.m2;15715.46484375;66.68427276611328;15071.1904296875;0;78.49972534179688;0;;0.81640625;113018;m2;204133;0;
..\..\world\lordaeron\tirisfalglade\passivedoodads\trees\tirisfallgladecanopytree05.m2;15731.134765625;81.9598159790039;15232.4736328125;2.500000476837158;186;1.999999761581421;;0.7890625;112898;m2;204132;0;
..\..\world\lordaeron\tirisfalglade\passivedoodads\trees\tirisfallgladecanopytree03.m2;15869.037109375;44.33382034301758;14999.4609375;0;203.1653594970703;0;;0.8115234375;119630;m2;204130;0;
..\..\world\lordaeron\tirisfalglade\passivedoodads\trees\tirisfallgladecanopytree05.m2;15892.8017578125;49.06325149536133;15057.2060546875;0;316.4268798828125;0;;0.810546875;119590;m2;204132;0;
..\..\world\lordaeron\tirisfalglade\passivedoodads\trees\tirisfallgladecanopytree05.m2;15486.48046875;72.47235870361328;15009.7236328125;4.500001430511475;231.1461639404297;-5.500000953674316;;0.7607421875;99114;m2;204132;0;
..\..\world\lordaeron\tirisfalglade\passivedoodads\trees\tirisfallgladecanopytree05.m2;15975.6328125;33.37368392944336;15139.4140625;0;186.16412353515625;-3.0000007152557373;;0.7919921875;119589;m2;204132;0;
..\..\world\lordaeron\tirisfalglade\passivedoodads\trees\tirisfallgladecanopytree05.m2;15963.87109375;37.8299446105957;14947.6552734375;0;304.1640930175781;-3.000000476837158;;0.7919921875;122131;m2;204132;0;
..\..\world\lordaeron\tirisfalglade\passivedoodads\trees\tirisfallgladecanopytree03.m2;15654.841796875;78.00382232666016;15188.4697265625;0;0;5.500000953674316;;0.759765625;112894;m2;204130;0;
..\..\world\lordaeron\tirisfalglade\passivedoodads\trees\tirisfallgladecanopytree06.m2;15591.5478515625;90.30857849121094;15217.4228515625;0.49999985098838806;344.35498046875;-6.5;;0.7607421875;99179;m2;204133;0;
..\..\world\lordaeron\tirisfalglade\passivedoodads\trees\tirisfallgladecanopytree05.m2;15480.583984375;140.08445739746094;15413.24609375;1.5;0;3.500000476837158;;0.76953125;96795;m2;204132;0;
..\..\world\lordaeron\tirisfalglade\passivedoodads\trees\tirisfallgladecanopytree05.m2;15721.5771484375;65.6260757446289;15032.857421875;0;267.4154052734375;2;;0.78125;113015;m2;204132;0;
..\..\world\lordaeron\tirisfalglade\passivedoodads\trees\tirisfallgladecanopytree04.m2;15986.9365234375;35.06563949584961;15220.7041015625;-7.000001430511475;0;12.000000953674316;;0.669921875;119569;m2;204131;0;
..\..\world\lordaeron\tirisfalglade\passivedoodads\trees\tirisfallgladecanopytree02.m2;15930.7333984375;37.95539474487305;15114.181640625;4.500000476837158;152.07611083984375;-4.000000476837158;;0.6259765625;119562;m2;204129;0;
..\..\world\lordaeron\tirisfalglade\passivedoodads\trees\tirisfallgladecanopytree03.m2;15640.287109375;63.80602264404297;15002.146484375;0;161.50396728515625;0;;0.78125;112873;m2;204130;0;
..\..\world\lordaeron\tirisfalglade\passivedoodads\trees\tirisfallgladecanopytree05.m2;15564.8330078125;87.50639343261719;15115.6103515625;0.5;328.5;-1.5000001192092896;;0.76953125;99089;m2;204132;0;
..\..\world\lordaeron\tirisfalglade\passivedoodads\trees\tirisfallgladecanopytree04.m2;15772.787109375;92.55593872070312;15146.04296875;-3.5000009536743164;59.152191162109375;11.000004768371582;;0.6845703125;112930;m2;204131;0;
..\..\world\lordaeron\tirisfalglade\passivedoodads\trees\tirisfallgladecanopytree04.m2;15740.6923828125;66.84307098388672;14998.3896484375;-0.999999463558197;36.1571044921875;4.999999523162842;;0.732421875;112942;m2;204131;0;
..\..\world\lordaeron\tirisfalglade\passivedoodads\trees\tirisfallgladecanopytree02.m2;15993.072265625;66.15823364257812;15334.099609375;-18.0000057220459;20.5;-2.5000009536743164;;0.58984375;122143;m2;204129;0;
..\..\world\lordaeron\tirisfalglade\passivedoodads\trees\tirisfallgladecanopytree06.m2;15922.884765625;39.70076370239258;15083.1953125;0;318.6132507324219;0;;0.775390625;119601;m2;204133;0;
..\..\world\lordaeron\tirisfalglade\passivedoodads\trees\tirisfallgladecanopytree06.m2;15464.041015625;115.51564025878906;15325.0673828125;0.5000001192092896;0;-2.5000007152557373;;0.759765625;128813;m2;204133;0;
..\..\world\lordaeron\tirisfalglade\passivedoodads\trees\tirisfallgladecanopytree05.m2;15519.4560546875;89.00569152832031;15194.6396484375;2.000000476837158;0;-2.5000007152557373;;0.75;97948;m2;204132;0;
..\..\world\lordaeron\tirisfalglade\passivedoodads\trees\tirisfallgladecanopytree06.m2;15773.2548828125;130.73739624023438;15354.5166015625;4.500001430511475;323.0146484375;-3.999999523162842;;0.7255859375;112941;m2;204133;0;
..\..\world\lordaeron\tirisfalglade\passivedoodads\trees\tirisfallgladecanopytree06.m2;15632.228515625;66.09188079833984;15018.68359375;-0.5000007748603821;103.34002685546875;6;;0.7333984375;112872;m2;204133;0;
..\..\world\lordaeron\tirisfalglade\passivedoodads\trees\tirisfallgladecanopytree05.m2;15877.9267578125;42.99092483520508;14993.7021484375;2.0000011920928955;100.43023681640625;-7.000001907348633;;0.724609375;119631;m2;204132;0;
..\..\world\lordaeron\tirisfalglade\passivedoodads\trees\tirisfallgladecanopytree05.m2;15534.76171875;72.98591613769531;14972.6884765625;0.5000002384185791;215.0264892578125;-2.000000476837158;;0.7490234375;112856;m2;204132;0;
..\..\world\lordaeron\tirisfalglade\passivedoodads\trees\tirisfallgladecanopytree05.m2;15567.357421875;90.50983428955078;15213.916015625;0;313.3286437988281;2.5;;0.7421875;99180;m2;204132;0;
..\..\world\lordaeron\tirisfalglade\passivedoodads\trees\tirisfallgladecanopytree02.m2;15779.32421875;112.3039321899414;15281.712890625;-9.500001907348633;99.96524047851562;-5.000001430511475;;0.578125;112934;m2;204129;0;
..\..\world\lordaeron\tirisfalglade\passivedoodads\trees\tirisfallgladecanopytree02.m2;15910.68359375;34.43739318847656;14959.8271484375;-4.5;8.964141845703125;-12.999999046325684;;0.5703125;119642;m2;204129;0;
..\..\world\lordaeron\tirisfalglade\passivedoodads\trees\tirisfallgladecanopytree06.m2;15697.478515625;67.48369598388672;15112.130859375;0.5000002980232239;83.43508911132812;2.499999761581421;;0.7265625;113010;m2;204133;0;
..\..\world\lordaeron\tirisfalglade\passivedoodads\trees\tirisfallgladecanopytree05.m2;16012.3466796875;34.93610763549805;15148.33984375;0;76.2144775390625;-4.000000476837158;;0.7236328125;119620;m2;204132;0;
..\..\world\lordaeron\tirisfalglade\passivedoodads\trees\tirisfallgladecanopytree06.m2;15724.2666015625;75.33940887451172;15160.9580078125;4.500000476837158;176.566650390625;-5.500000476837158;;0.69140625;112952;m2;204133;0;
..\..\world\lordaeron\tirisfalglade\passivedoodads\trees\tirisfallgladecanopytree05.m2;15938.935546875;34.45020294189453;14921.099609375;0;75.58392333984375;0;;0.736328125;122057;m2;204132;0;
..\..\world\lordaeron\tirisfalglade\passivedoodads\trees\tirisfallgladecanopytree05.m2;15531.068359375;126.09233856201172;15392.3740234375;0;0;1.5000004768371582;;0.7294921875;96801;m2;204132;0;
..\..\world\lordaeron\tirisfalglade\passivedoodads\trees\tirisfallgladecanopytree05.m2;15721.951171875;61.54859924316406;14989.9423828125;3.000000238418579;223.4303741455078;-1.999999761581421;;0.708984375;112945;m2;204132;0;
..\..\world\lordaeron\tirisfalglade\passivedoodads\trees\tirisfallgladecanopytree05.m2;15468.3935546875;76.58313751220703;14954.4873046875;0;267.6021728515625;0;;0.732421875;112844;m2;204132;0;
..\..\world\lordaeron\tirisfalglade\passivedoodads\trees\tirisfallgladecanopytree05.m2;15556.474609375;73.14067840576172;14929.90234375;1.500000238418579;92.94720458984375;-3.0000009536743164;;0.7109375;112864;m2;204132;0;
..\..\world\lordaeron\tirisfalglade\passivedoodads\trees\tirisfallgladecanopytree06.m2;15742.2060546875;65.74811553955078;14989.7685546875;4.000001907348633;139.7174072265625;-5.000000953674316;;0.681640625;112943;m2;204133;0;
..\..\world\lordaeron\tirisfalglade\passivedoodads\trees\tirisfallgladecanopytree03.m2;15494.474609375;95.07344818115234;15243.23046875;0;0;0;;0.7197265625;97953;m2;204130;0;
..\..\world\lordaeron\tirisfalglade\passivedoodads\trees\tirisfallgladecanopytree06.m2;15462.5078125;81.31449890136719;15072.8291015625;3.999990940093994;187.81040954589844;-3.500028133392334;;0.6787109375;70052738;m2;204133;0;
..\..\world\lordaeron\tirisfalglade\passivedoodads\trees\tirisfallgladecanopytree06.m2;15962.6748046875;79.23937225341797;15356.1083984375;0;0;-1.5000004768371582;;0.69921875;122142;m2;204133;0;
..\..\world\lordaeron\tirisfalglade\passivedoodads\trees\tirisfallgladecanopytree06.m2;15951.1572265625;38.04874038696289;14929.9892578125;0;232.45150756835938;0;;0.7060546875;122059;m2;204133;0;
..\..\world\lordaeron\tirisfalglade\passivedoodads\trees\tirisfallgladecanopytree06.m2;15865.041015625;54.43779373168945;15078.68359375;0.5000001192092896;0;2.5000007152557373;;0.689453125;119657;m2;204133;0;
..\..\world\lordaeron\tirisfalglade\passivedoodads\trees\tirisfallgladecanopytree03.m2;16006.9990234375;35.759178161621094;14928.068359375;0;69.88128662109375;0;;0.6943359375;122079;m2;204130;0;
..\..\world\lordaeron\tirisfalglade\passivedoodads\trees\tirisfallgladecanopytree06.m2;15906.740234375;35.385807037353516;14959.2265625;0;46.50653076171875;0;;0.6943359375;119645;m2;204133;0;
..\..\world\lordaeron\tirisfalglade\passivedoodads\trees\tirisfallgladecanopytree06.m2;15937.4521484375;37.39436340332031;15114.8798828125;0;81.64727783203125;0;;0.6923828125;119563;m2;204133;0;
..\..\world\lordaeron\tirisfalglade\passivedoodads\trees\tirisfallgladecanopytree06.m2;15980.0498046875;38.38298797607422;14996.974609375;0;326.11712646484375;0;;0.69140625;119624;m2;204133;0;
..\..\world\lordaeron\tirisfalglade\passivedoodads\trees\tirisfallgladecanopytree02.m2;15447.7392578125;95.3565444946289;15197.427734375;-8;41;-3.9999990463256836;;0.5390625;97957;m2;204129;0;
..\..\world\lordaeron\tirisfalglade\passivedoodads\trees\tirisfallgladecanopytree04.m2;15973.4072265625;39.1719970703125;14998.8427734375;3.000000238418579;83.9271240234375;6.000000953674316;;0.62890625;119622;m2;204131;0;
..\..\world\lordaeron\tirisfalglade\passivedoodads\trees\tirisfallgladecanopytree06.m2;15905.060546875;44.51890182495117;15051.888671875;-1.5000001192092896;311.4718933105469;0;;0.671875;119629;m2;204133;0;
..\..\world\lordaeron\tirisfalglade\passivedoodads\trees\tirisfallgladecanopytree07.m2;15756.7509765625;82.26410675048828;15128.076171875;12;275.5;92.50001525878906;;1.5390625;116378;m2;204134;0;
..\..\world\lordaeron\tirisfalglade\passivedoodads\trees\tirisfallgladecanopytree02.m2;15850.1015625;55.606048583984375;15115.2021484375;-3.5;311.801513671875;-9.00000286102295;;0.521484375;119595;m2;204129;0;
..\..\world\lordaeron\tirisfalglade\passivedoodads\trees\tirisfallgladecanopytree05.m2;15889.41796875;54.34077072143555;15218.607421875;2.000000238418579;0;-8.5;;0.6298828125;119536;m2;204132;0;
..\..\world\lordaeron\tirisfalglade\passivedoodads\trees\tirisfallgladecanopytree02.m2;15867.5830078125;52.00642395019531;15082.384765625;1.9999995231628418;319;-10.000001907348633;;0.51953125;119656;m2;204129;0;
..\..\world\lordaeron\tirisfalglade\passivedoodads\trees\tirisfallgladecanopytree05.m2;15882.0615234375;44.058597564697266;15124.5966796875;4.000000476837158;3.519775390625;-7.500004768371582;;0.6201171875;119560;m2;204132;0;
..\..\world\lordaeron\tirisfalglade\passivedoodads\trees\tirisfallgladecanopytree06.m2;15701.5859375;65.25955963134766;14924.8271484375;0;0;2.5;;0.6494140625;112890;m2;204133;0;
..\..\world\lordaeron\tirisfalglade\passivedoodads\trees\tirisfallgladecanopytree06.m2;15663.177734375;80.30164337158203;15234.896484375;2.500000476837158;308.082763671875;-3.4999992847442627;;0.630859375;113026;m2;204133;0;
..\..\world\lordaeron\tirisfalglade\passivedoodads\trees\tirisfallgladecanopytree03.m2;15669.0146484375;67.7573013305664;14937.177734375;0;214.3937225341797;0;;0.6552734375;112875;m2;204130;0;
..\..\world\lordaeron\tirisfalglade\passivedoodads\trees\tirisfallgladecanopytree05.m2;15967.6279296875;36.26763153076172;15066.4921875;-3.5000007152557373;222.3151092529297;2.000000238418579;;0.630859375;119607;m2;204132;0;
..\..\world\lordaeron\tirisfalglade\passivedoodads\trees\tirisfallgladecanopytree03.m2;15939.849609375;34.21544647216797;14926.462890625;0;134.1318359375;0;;0.6513671875;122058;m2;204130;0;
..\..\world\lordaeron\tirisfalglade\passivedoodads\trees\tirisfallgladecanopytree05.m2;15504.3759765625;111.68744659423828;15279.7734375;0;350.44158935546875;0;;0.6513671875;112917;m2;204132;0;
..\..\world\lordaeron\tirisfalglade\passivedoodads\trees\tirisfallgladecanopytree02.m2;15951.16796875;37.71600341796875;14924.494140625;3.999999523162842;84.68087768554688;-9.999999046325684;;0.5009765625;122055;m2;204129;0;
..\..\world\lordaeron\tirisfalglade\passivedoodads\trees\tirisfallgladecanopytree03.m2;15530.181640625;114.02969360351562;15322.24609375;0;0;0;;0.6396484375;128816;m2;204130;0;
..\..\world\lordaeron\tirisfalglade\passivedoodads\trees\tirisfallgladecanopytree06.m2;16008.9892578125;33.68568420410156;15171.8271484375;0.5000001788139343;1.087677001953125;-3.5000011920928955;;0.6220703125;119554;m2;204133;0;
..\..\world\lordaeron\tirisfalglade\passivedoodads\trees\tirisfallgladecanopytree05.m2;15486.1240234375;125.3643798828125;15382.193359375;1.0000001192092896;0;-3.5000007152557373;;0.619140625;96797;m2;204132;0;
..\..\world\lordaeron\tirisfalglade\passivedoodads\trees\tirisfallgladecanopytree06.m2;15511.55859375;94.52130126953125;15230.3798828125;0;253.49998474121094;-1.5000003576278687;;0.6298828125;97951;m2;204133;0;
..\..\world\lordaeron\tirisfalglade\passivedoodads\trees\tirisfallgladecanopytree06.m2;15668.740234375;85.78389739990234;15269.8310546875;0;143.02438354492188;0;;0.6298828125;112950;m2;204133;0;
..\..\world\lordaeron\tirisfalglade\passivedoodads\trees\tirisfallgladecanopytree04.m2;15891.4111328125;48.554847717285156;15051.849609375;-2.0000009536743164;307.7430419921875;10.5;;0.55859375;119591;m2;204131;0;
..\..\world\lordaeron\tirisfalglade\passivedoodads\trees\tirisfallgladecanopytree06.m2;15931.2080078125;33.742740631103516;15019.3359375;0;111.54390716552734;-5.500000476837158;;0.6025390625;119647;m2;204133;0;
..\..\world\lordaeron\tirisfalglade\passivedoodads\trees\tirisfallgladecanopytree05.m2;15950.0205078125;43.23784637451172;15249.48046875;2.0000009536743164;113;-4;;0.599609375;119545;m2;204132;0;
..\..\world\lordaeron\tirisfalglade\passivedoodads\trees\tirisfallgladecanopytree06.m2;15900.810546875;48.77582550048828;15197.71484375;0;0;0;;0.619140625;119543;m2;204133;0;
..\..\world\lordaeron\tirisfalglade\passivedoodads\trees\tirisfallgladecanopytree02.m2;15759.7177734375;82.77003479003906;15089.5517578125;-4.499999523162842;143.61029052734375;-8.999999046325684;;0.4755859375;112927;m2;204129;0;
..\..\world\lordaeron\tirisfalglade\passivedoodads\trees\tirisfallgladecanopytree06.m2;15895.744140625;43.733070373535156;15040.0654296875;0;110.92133331298828;0;;0.6123046875;119649;m2;204133;0;
..\..\world\lordaeron\tirisfalglade\passivedoodads\trees\tirisfallgladecanopytree02.m2;15460.744140625;115.4951171875;15327.373046875;2.499999761581421;160.5;-5.499999046325684;;0.4892578125;128814;m2;204129;0;
..\..\world\lordaeron\tirisfalglade\passivedoodads\trees\tirisfallgladecanopytree04.m2;15905.9892578125;35.67680740356445;14964.71484375;0;297.52984619140625;0;;0.607421875;119643;m2;204131;0;
..\..\world\lordaeron\tirisfalglade\passivedoodads\trees\tirisfallgladecanopytree06.m2;15942.6767578125;33.491912841796875;15157.1748046875;1.5000003576278687;133.45501708984375;-2.499999761581421;;0.5869140625;119582;m2;204133;0;
..\..\world\lordaeron\tirisfalglade\passivedoodads\trees\tirisfallgladecanopytree02.m2;15710.373046875;65.11666107177734;15068.505859375;-7.000000476837158;115.22280883789062;-7.000001430511475;;0.4658203125;113017;m2;204129;0;
..\..\world\lordaeron\tirisfalglade\passivedoodads\trees\tirisfallgladecanopytree06.m2;15858.01171875;53.346866607666016;15124.85546875;0;347.3104248046875;0;;0.59765625;119598;m2;204133;0;
..\..\world\lordaeron\tirisfalglade\passivedoodads\trees\tirisfallgladecanopytree02.m2;15612.1552734375;64.93437957763672;15036.513671875;7.999999046325684;0;-17.000003814697266;;0.439453125;112885;m2;204129;0;
..\..\world\lordaeron\tirisfalglade\passivedoodads\trees\tirisfallgladecanopytree07.m2;15556.5498046875;73.0508804321289;14925.6015625;4.000001430511475;139.5855712890625;-4.500000953674316;;1.3515625;112865;m2;204134;0;
..\..\world\lordaeron\tirisfalglade\passivedoodads\trees\tirisfallgladecanopytree05.m2;15548.943359375;83.6297378540039;15083.8740234375;0.5000001192092896;112;-3.5000009536743164;;0.5791015625;99105;m2;204132;0;
..\..\world\lordaeron\tirisfalglade\passivedoodads\trees\tirisfallgladecanopytree02.m2;15850.240234375;47.491634368896484;14962.818359375;1.5000003576278687;348.0794677734375;-7.500000953674316;;0.462890625;119651;m2;204129;0;
..\..\world\lordaeron\tirisfalglade\passivedoodads\trees\tirisfallgladecanopytree05.m2;15664.201171875;64.82475280761719;15099.013671875;0;337.26861572265625;1.999999761581421;;0.5673828125;113013;m2;204132;0;
..\..\world\lordaeron\tirisfalglade\passivedoodads\trees\tirisfallgladecanopytree02.m2;16002.5673828125;39.69240951538086;15236.068359375;0;222.8754425048828;0;;0.4892578125;119610;m2;204129;0;
..\..\world\lordaeron\tirisfalglade\passivedoodads\trees\tirisfallgladecanopytree06.m2;15889.9765625;42.87258529663086;14927.384765625;0;228.74229431152344;0;;0.5703125;119640;m2;204133;0;
..\..\world\lordaeron\tirisfalglade\passivedoodads\trees\tirisfallgladecanopytree02.m2;15542.802734375;71.7326431274414;14979.35546875;-4.000001430511475;184.180419921875;2.0000009536743164;;0.4619140625;112858;m2;204129;0;
..\..\world\lordaeron\tirisfalglade\passivedoodads\trees\tirisfallgladecanopytree05.m2;15725.85546875;74.62149810791016;15168.1103515625;-0.4999997913837433;26.18121337890625;3.000000238418579;;0.5498046875;112953;m2;204132;0;
..\..\world\lordaeron\tirisfalglade\passivedoodads\trees\tirisfallgladecanopytree07.m2;15500.4208984375;110.4736099243164;15276.5009765625;6.5;115.2830810546875;-10;;1.185546875;112919;m2;204134;0;
..\..\world\lordaeron\tirisfalglade\passivedoodads\trees\tirisfallgladecanopytree06.m2;15597.1572265625;80.69011688232422;15146.8115234375;3.0000007152557373;325.5;-4.000001430511475;;0.509765625;99095;m2;204133;0;
..\..\world\lordaeron\tirisfalglade\passivedoodads\trees\tirisfallgladecanopytree05.m2;15856.4560546875;44.786163330078125;14965.6015625;0;29.125640869140625;0;;0.533203125;119653;m2;204132;0;
..\..\world\lordaeron\tirisfalglade\passivedoodads\trees\tirisfallgladecanopytree05.m2;15771.73046875;109.32015228271484;15281.310546875;3.000000238418579;5.91082763671875;6;;0.501953125;112936;m2;204132;0;
..\..\world\lordaeron\tirisfalglade\passivedoodads\trees\tirisfallgladecanopytree03.m2;15992.681640625;44.13090896606445;15268.966796875;0;146.38629150390625;0;;0.52734375;119609;m2;204130;0;
..\..\world\lordaeron\tirisfalglade\passivedoodads\trees\tirisfallgladecanopytree02.m2;15539.494140625;125.6601333618164;15389.197265625;0;0;0;;0.44921875;96804;m2;204129;0;
..\..\world\lordaeron\tirisfalglade\passivedoodads\trees\tirisfallgladecanopytree06.m2;15957.076171875;36.394615173339844;15067.74609375;0;311.2851257324219;0;;0.5244140625;119605;m2;204133;0;
..\..\world\lordaeron\tirisfalglade\passivedoodads\trees\tirisfallgladecanopytree06.m2;16010.6328125;36.68558883666992;14926.490234375;0;57.0048828125;0;;0.5244140625;122081;m2;204133;0;
..\..\world\lordaeron\tirisfalglade\passivedoodads\trees\tirisfallgladecanopytree06.m2;15488.599609375;95.12088012695312;15238.9267578125;-2.5;0;1.5000004768371582;;0.509765625;97954;m2;204133;0;
..\..\world\lordaeron\tirisfalglade\passivedoodads\trees\tirisfallgladecanopytree06.m2;15881.5703125;43.42152404785156;14991.482421875;0;219.84519958496094;3.5000009536743164;;0.5087890625;119635;m2;204133;0;
..\..\world\lordaeron\tirisfalglade\passivedoodads\trees\tirisfallgladecanopytree05.m2;15569.3984375;110.48583221435547;15303.0927734375;0;0;0;;0.51953125;112909;m2;204132;0;
..\..\world\lordaeron\tirisfalglade\passivedoodads\trees\tirisfallgladecanopytree05.m2;15887.46484375;42.09868240356445;14998.2392578125;0;6.722320556640625;-3.9999990463256836;;0.505859375;119634;m2;204132;0;
..\..\world\lordaeron\tirisfalglade\passivedoodads\trees\tirisfallgladecanopytree06.m2;15725.357421875;61.97927474975586;14989.779296875;4.2688682810876344e-7;105.96636962890625;6;;0.4990234375;112946;m2;204133;0;
..\..\world\lordaeron\tirisfalglade\passivedoodads\trees\tirisfallgladecanopytree06.m2;16011.8271484375;34.8353157043457;15150.9892578125;0;301.01263427734375;0;;0.5146484375;119619;m2;204133;0;
..\..\world\lordaeron\tirisfalglade\passivedoodads\trees\tirisfallgladecanopytree07.m2;15563.94921875;75.6299819946289;15083.6279296875;0;0;0;;1.19921875;99103;m2;204134;0;
..\..\world\lordaeron\tirisfalglade\passivedoodads\trees\tirisfallgladecanopytree05.m2;15637.9453125;61.5750732421875;14958.3896484375;0;0;-3.500000476837158;;0.4892578125;112883;m2;204132;0;
..\..\world\lordaeron\tirisfalglade\passivedoodads\trees\tirisfallgladecanopytree05.m2;15507.8466796875;114.76683044433594;15308.615234375;-0.5000001192092896;0;-2.5000007152557373;;0.4892578125;128838;m2;204132;0;
..\..\world\lordaeron\tirisfalglade\passivedoodads\trees\tirisfallgladecanopytree06.m2;15901.3310546875;41.15251541137695;15145.91796875;2.0000009536743164;315.6768798828125;-5.500002384185791;;0.4638671875;119558;m2;204133;0;
..\..\world\lordaeron\tirisfalglade\passivedoodads\trees\tirisfallgladecanopytree07.m2;15724.623046875;61.62382888793945;14986.1435546875;-8.50000286102295;324.6449279785156;8.50000286102295;;1.0390625;112947;m2;204134;0;
..\..\world\lordaeron\tirisfalglade\passivedoodads\outposts\tirisfalloutpost02.m2;15774.0322265625;53.83637619018555;14926.29296875;0;290.5;0;;2.2890625;140805;m2;204117;0;
..\..\world\lordaeron\tirisfalglade\passivedoodads\trees\tirisfallgladecanopytree06.m2;15718.0771484375;64.6960220336914;15029.353515625;-3.0000009536743164;147.55645751953125;-13.000003814697266;;0.4267578125;113016;m2;204133;0;
..\..\world\lordaeron\tirisfalglade\passivedoodads\trees\tirisfallgladecanopytree07.m2;15928.916015625;38.847023010253906;15123.54296875;0;113.83281707763672;0;;1.0947265625;119621;m2;204134;0;
..\..\world\lordaeron\tirisfalglade\passivedoodads\trees\tirisfallgladecanopytree07.m2;15559.3466796875;109.73758697509766;15298.0947265625;0.5000002384185791;223.599365234375;3.5000009536743164;;1.064453125;112920;m2;204134;0;
..\..\world\lordaeron\tirisfalglade\passivedoodads\trees\tirisfallgladecanopytree02.m2;15504.279296875;86.0822982788086;15116.9404296875;-1.500000238418579;164.5;-9.00000286102295;;0.359375;99108;m2;204129;0;
..\..\world\lordaeron\tirisfalglade\passivedoodads\trees\tirisfallgladecanopytree05.m2;15659.005859375;139.4053497314453;15397.4716796875;0;8.53662109375;0;;0.4521484375;119660;m2;204132;0;
..\..\world\lordaeron\tirisfalglade\passivedoodads\trees\tirisfallgladecanopytree07.m2;15574.5615234375;92.09400939941406;15226.9052734375;0;297.82647705078125;0;;1.0615234375;99181;m2;204134;0;
..\..\world\lordaeron\tirisfalglade\passivedoodads\trees\tirisfallgladecanopytree07.m2;15964.07421875;34.73392105102539;15216.138671875;2.5000016689300537;149.5;-8.5;;1;119567;m2;204134;0;
..\..\world\lordaeron\tirisfalglade\passivedoodads\trees\tirisfallgladecanopytree06.m2;15509.701171875;87.67401123046875;15112.5185546875;0;0;0;;0.439453125;99107;m2;204133;0;
..\..\world\lordaeron\tirisfalglade\passivedoodads\trees\tirisfallgladecanopytree07.m2;15590.427734375;131.9306182861328;15392.771484375;-4.499999523162842;0;2.000000238418579;;1;336369;m2;204134;0;
..\..\world\lordaeron\tirisfalglade\passivedoodads\trees\tirisfallgladecanopytree07.m2;15936.388671875;34.346500396728516;15009.748046875;0;103.12081909179688;0;;1.0322265625;119648;m2;204134;0;
..\..\world\lordaeron\tirisfalglade\passivedoodads\trees\tirisfallgladecanopytree07.m2;15521.8330078125;122.68338012695312;15364.240234375;0;301;7.000001907348633;;1;96803;m2;204134;0;
..\..\world\lordaeron\tirisfalglade\passivedoodads\trees\tirisfallgladecanopytree06.m2;15558.8330078125;73.30582427978516;14933.318359375;0.5;70.51239013671875;1.5000003576278687;;0.427734375;112866;m2;204133;0;
..\..\world\lordaeron\tirisfalglade\passivedoodads\trees\tirisfallgladecanopytree06.m2;15699.041015625;60.49387741088867;15044.029296875;0;242.10211181640625;0;;0.4326171875;113022;m2;204133;0;
..\..\world\lordaeron\tirisfalglade\passivedoodads\trees\tirisfallgladecanopytree07.m2;15639.568359375;61.36425018310547;14961.525390625;1.5000001192092896;46;2.9999992847442627;;1;112884;m2;204134;0;
..\..\world\lordaeron\tirisfalglade\passivedoodads\trees\tirisfallgladecanopytree07.m2;15892.18359375;53.30738830566406;15207.2978515625;-1.0000001192092896;324;-3.5;;1;119538;m2;204134;0;
..\..\world\lordaeron\tirisfalglade\passivedoodads\trees\tirisfallgladecanopytree07.m2;15461.9521484375;114.11396026611328;15320.4921875;-1.5000003576278687;0;2.000000238418579;;1;128815;m2;204134;0;
..\..\world\lordaeron\tirisfalglade\passivedoodads\trees\tirisfallgladecanopytree07.m2;15512.0791015625;81.65157318115234;15130.79296875;1.0000001192092896;332.5;-2.0000007152557373;;1;99106;m2;204134;0;
..\..\world\lordaeron\tirisfalglade\passivedoodads\trees\tirisfallgladecanopytree07.m2;15590.8017578125;80.66567993164062;15084.4091796875;-0.49999988079071045;87.5;2.500000476837158;;1;112891;m2;204134;0;
..\..\world\lordaeron\tirisfalglade\passivedoodads\trees\tirisfallgladecanopytree07.m2;15474.7998046875;120.959228515625;15354.083984375;0;0;3.0000009536743164;;1;128828;m2;204134;0;
..\..\world\lordaeron\tirisfalglade\passivedoodads\trees\tirisfallgladecanopytree07.m2;15704.7177734375;98.12371063232422;15317.6083984375;1.5000004768371582;0;-1.0000003576278687;;1;112904;m2;204134;0;
..\..\world\lordaeron\tirisfalglade\passivedoodads\trees\tirisfallgladecanopytree07.m2;15922.224609375;39.56998062133789;15078.447265625;-4.500000476837158;301.00164794921875;4.500001430511475;;0.966796875;119602;m2;204134;0;
..\..\world\lordaeron\tirisfalglade\passivedoodads\trees\tirisfallgladecanopytree07.m2;15526.5302734375;87.94817352294922;15160.544921875;0;0;-2.000000238418579;;1;99109;m2;204134;0;
..\..\world\lordaeron\tirisfalglade\passivedoodads\trees\tirisfallgladecanopytree07.m2;15514.2216796875;88.00152587890625;15232.029296875;0;0;-1.5000004768371582;;1;97952;m2;204134;0;
..\..\world\lordaeron\tirisfalglade\passivedoodads\trees\tirisfallgladecanopytree07.m2;15505.181640625;114.18843841552734;15308.58984375;-0.5000000596046448;0;0.5000001788139343;;1;128837;m2;204134;0;
..\..\world\lordaeron\tirisfalglade\passivedoodads\trees\tirisfallgladecanopytree05.m2;15614.587890625;64.4923324584961;15042.666015625;6;0;-3.500000238418579;;0.3994140625;112887;m2;204132;0;
..\..\world\lordaeron\tirisfalglade\passivedoodads\trees\tirisfallgladecanopytree07.m2;15545.1904296875;81.13968658447266;15096.1416015625;0;0;0;;1;99110;m2;204134;0;
..\..\world\lordaeron\tirisfalglade\passivedoodads\trees\tirisfallgladecanopytree07.m2;15459.6884765625;150.93582153320312;15441.384765625;0;43;0;;1;72104487;m2;204134;0;
..\..\world\lordaeron\tirisfalglade\passivedoodads\trees\tirisfallgladecanopytree07.m2;15472.5302734375;75.98876953125;14953.5341796875;2.500000476837158;142.8721923828125;-6.500001430511475;;0.94140625;112847;m2;204134;0;
..\..\world\lordaeron\tirisfalglade\passivedoodads\trees\tirisfallgladecanopytree05.m2;15488.138671875;86.16118621826172;15153.3671875;1.5000003576278687;0;-2.000000238418579;;0.3994140625;97946;m2;204132;0;
..\..\world\lordaeron\tirisfalglade\passivedoodads\trees\tirisfallgladecanopytree03.m2;15710.5517578125;65.6868667602539;15074.1572265625;1.500000238418579;200.374755859375;-6.500001430511475;;0.37890625;113019;m2;204130;0;
..\..\world\lordaeron\tirisfalglade\passivedoodads\trees\tirisfallgladecanopytree06.m2;15462.24609375;76.2360610961914;14954.4248046875;0;161.27825927734375;-3.0000078678131104;;0.3994140625;70052739;m2;204133;0;
..\..\world\lordaeron\tirisfalglade\passivedoodads\trees\tirisfallgladecanopytree07.m2;15508.443359375;82.92357635498047;15177.4267578125;0;308.5;-2.500000476837158;;0.94921875;97963;m2;204134;0;
..\..\world\lordaeron\tirisfalglade\passivedoodads\trees\tirisfallgladecanopytree06.m2;15472.404296875;76.3211441040039;14957.79296875;0.9999998807907104;49.78057861328125;-6.499999523162842;;0.3759765625;112846;m2;204133;0;
..\..\world\lordaeron\tirisfalglade\passivedoodads\trees\tirisfallgladecanopytree03.m2;15777.6748046875;89.87271118164062;15122.7822265625;0;288.24609375;0;;0.3916015625;112929;m2;204130;0;
..\..\world\lordaeron\tirisfalglade\passivedoodads\trees\tirisfallgladecanopytree07.m2;15920.1728515625;40.50481033325195;15116.33984375;-2.500000238418579;190.5196990966797;-4.000000476837158;;0.8916015625;119585;m2;204134;0;
..\..\world\lordaeron\tirisfalglade\passivedoodads\trees\tirisfallgladecanopytree07.m2;15520.474609375;113.7393569946289;15319.3486328125;0;0;0;;0.9091796875;128819;m2;204134;0;
..\..\world\lordaeron\tirisfalglade\passivedoodads\trees\tirisfallgladecanopytree05.m2;15498.2109375;126.55581665039062;15385.5341796875;3.5000009536743164;123;0;;0.369140625;96798;m2;204132;0;
..\..\world\lordaeron\tirisfalglade\passivedoodads\trees\tirisfallgladecanopytree06.m2;15635.201171875;61.86190414428711;14960.181640625;2.5000007152557373;0;0.5000001192092896;;0.369140625;112882;m2;204133;0;
..\..\world\lordaeron\tirisfalglade\passivedoodads\trees\tirisfallgladecanopytree07.m2;15766.6240234375;53.804813385009766;14936.896484375;-1.5000005960464478;0;3.0000016689300537;;0.869140625;336342;m2;204134;0;
..\..\world\lordaeron\tirisfalglade\passivedoodads\trees\tirisfallgladecanopytree07.m2;15854.212890625;52.21321487426758;15038.8779296875;0;52.834869384765625;0;;0.888671875;119637;m2;204134;0;
..\..\world\lordaeron\tirisfalglade\passivedoodads\trees\tirisfallgladecanopytree02.m2;16004.3642578125;38.364662170410156;15229.3115234375;-1.5;321.26824951171875;-10.000000953674316;;0.2861328125;119570;m2;204129;0;
..\..\world\lordaeron\tirisfalglade\passivedoodads\trees\tirisfallfallentree04.m2;15505.4453125;89.49860382080078;15098.24609375;-50.0000114440918;148;-6.000001430511475;;0.5498046875;336180;m2;204128;0;
..\..\world\azeroth\duskwood\passivedoodads\mausoleum\duskwoodmausoleum.m2;15526.7685546875;122.83344268798828;15376.2177734375;0;258;0;;1;128208;m2;189496;0;
..\..\world\lordaeron\tirisfalglade\passivedoodads\trees\tirisfallgladecanopytree07.m2;15598.982421875;76.01483917236328;15154.4384765625;2.5;0;-1.5000004768371582;;0.8291015625;99096;m2;204134;0;
..\..\world\lordaeron\tirisfalglade\passivedoodads\trees\tirisfallgladecanopytree05.m2;15697.8935546875;60.54594039916992;15040.013671875;2.000000238418579;209.04324340820312;-4;;0.3369140625;113021;m2;204132;0;
..\..\world\lordaeron\tirisfalglade\passivedoodads\trees\tirisfallgladecanopytree05.m2;15928.337890625;36.80678939819336;15202.197265625;0;0;0;;0.349609375;119552;m2;204132;0;
..\..\world\lordaeron\tirisfalglade\passivedoodads\trees\tirisfallfallentree04.m2;15942.041015625;30.5540771484375;15189.80859375;0;314.5;0;;0.5390625;120306;m2;204128;0;
..\..\world\lordaeron\tirisfalglade\passivedoodads\trees\tirisfallgladecanopytree07.m2;15554.9111328125;73.30143737792969;14934.54296875;-0.5000001192092896;86.07366943359375;2.500000238418579;;0.794921875;112863;m2;204134;0;
..\..\world\lordaeron\tirisfalglade\passivedoodads\trees\tirisfallgladecanopytree05.m2;15521.76171875;114.3250732421875;15322.255859375;-0.5000002980232239;278.5;-3.0000007152557373;;0.3291015625;128817;m2;204132;0;
..\..\world\lordaeron\tirisfalglade\passivedoodads\trees\tirisfallgladecanopytree06.m2;15844.24609375;52.423057556152344;14942.8017578125;0;272.38134765625;0;;0.3330078125;119650;m2;204133;0;
..\..\world\lordaeron\tirisfalglade\passivedoodads\trees\tirisfallgladecanopytree07.m2;15921.1279296875;40.28708267211914;15114.1552734375;1.5000003576278687;215.48141479492188;-0.4999999403953552;;0.7421875;119584;m2;204134;0;
..\..\world\lordaeron\tirisfalglade\passivedoodads\trees\tirisfallgladecanopytree07.m2;15773.021484375;108.355712890625;15276.1552734375;6.5;224.01641845703125;1.4999998807907104;;0.673828125;112937;m2;204134;0;
..\..\world\khazmodan\wetlands\passivedoodads\bushes\wetlandsshurb08.m2;15473.4677734375;73.9587173461914;14937.1640625;3;5;-3.500000238418579;;1;100463;m2;203498;0;
..\..\world\khazmodan\wetlands\passivedoodads\bushes\wetlandsshurb09.m2;15505.837890625;71.09423065185547;14935.5986328125;5.5;355.5;-2.499999761581421;;1;100466;m2;203499;0;
..\..\world\khazmodan\wetlands\passivedoodads\bushes\wetlandsshurb08.m2;15487.478515625;72.27246856689453;14935.1796875;4;0;-4.999999523162842;;1;100465;m2;203498;0;
..\..\world\lordaeron\tirisfalglade\passivedoodads\trees\tirisfallgladecanopytree07.m2;15917.0703125;46.34449768066406;15255.791015625;0;101.70355224609375;0;;0.6689453125;119565;m2;204134;0;
..\..\world\azeroth\duskwood\passivedoodads\bush\duskwoodbush02.m2;15897.544921875;44.63132858276367;15155.701171875;13.499999046325684;123.54794311523438;0.5000004768371582;;1.2705078125;339256;m2;189396;0;
..\..\world\azeroth\redridge\passivedoodads\trees\redridgefallentree01moss.m2;15931.58984375;40.21675109863281;15222.263671875;0.5000006556510925;145;5.500001430511475;;2.009765625;119533;m2;190115;0;
..\..\world\azeroth\duskwood\passivedoodads\bush\duskwoodbush02.m2;16006.4609375;39.22237014770508;15236.083984375;-10.500000953674316;284.42620849609375;3.0000014305114746;;1.2880859375;338928;m2;189396;0;
..\..\world\lordaeron\tirisfalglade\passivedoodads\trees\tirisfallgladecanopytree07.m2;15701.103515625;60.79029083251953;15038.5791015625;0;272.0298156738281;0;;0.626953125;113023;m2;204134;0;
..\..\world\lordaeron\tirisfalglade\passivedoodads\trees\tirisfallgladecanopytree07.m2;15898.974609375;47.505470275878906;15054.353515625;1.0000003576278687;238.3227081298828;-0.4999999403953552;;0.6181640625;119594;m2;204134;0;
..\..\world\lordaeron\tirisfalglade\passivedoodads\trees\tirisfallgladecanopytree07.m2;15507.7861328125;84.74431610107422;15175.5146484375;0;33;0;;0.609375;97962;m2;204134;0;
..\..\world\lordaeron\tirisfalglade\passivedoodads\trees\tirisfallgladecanopytree07.m2;15993.9228515625;29.19004249572754;15171.6484375;0;317.4925537109375;0;;0.5947265625;119555;m2;204134;0;
..\..\world\azeroth\duskwood\passivedoodads\bush\duskwoodbush02.m2;15911.6396484375;56.84218215942383;15270.0986328125;-23.5;286.74725341796875;17.999998092651367;;1.1494140625;339237;m2;189396;0;
..\..\world\lordaeron\tirisfalglade\passivedoodads\trees\tirisfallfallentree04.m2;15988.537109375;28.557769775390625;15166.228515625;3.0000011920928955;224.49998474121094;-73.00000762939453;;0.369140625;120304;m2;204128;0;
..\..\world\lordaeron\tirisfalglade\passivedoodads\trees\tirisfallfallentree03.m2;15541.0009765625;74.07144165039062;15014.4453125;0;168;4.000000476837158;;1.7392578125;336162;m2;204127;0;
..\..\world\lordaeron\tirisfalglade\passivedoodads\trees\tirisfallgladecanopytree06.m2;15524.21484375;114.17606353759766;15321.115234375;-3.5000016689300537;0;5.000000953674316;;0.2197265625;128818;m2;204133;0;
..\..\world\azeroth\duskwood\passivedoodads\bush\duskwoodbush02.m2;15962.2978515625;40.958404541015625;15256.2822265625;6.999999046325684;189.2176513671875;4.999999523162842;;1.1552734375;339234;m2;189396;0;
..\..\world\azeroth\duskwood\passivedoodads\bush\duskwoodspookybush01.m2;15749.6103515625;53.509395599365234;14924.3291015625;0;289.5;0;;1.2392578125;336339;m2;189405;0;
..\..\world\azeroth\duskwood\passivedoodads\bush\duskwoodbush01.m2;15654.0478515625;68.03995513916016;15104.9580078125;-1.9999991655349731;295;10.5;;1;336228;m2;189395;0;
..\..\world\lordaeron\tirisfalglade\passivedoodads\trees\tirisfallgladecanopytree02.m2;15489.337890625;87.60978698730469;15156.2861328125;-3.499999761581421;147.5;-12.500000953674316;;0.169921875;97945;m2;204129;0;
..\..\world\azeroth\duskwood\passivedoodads\bush\duskwoodbush02.m2;15615.6015625;91.31719970703125;15268.6728515625;-12;310.5;6.5;;1;336372;m2;189396;0;
..\..\world\azeroth\duskwood\passivedoodads\bush\duskwoodbush02.m2;15883.6015625;43.08659744262695;14993.35546875;13.000000953674316;23;-4;;1;339455;m2;189396;0;
..\..\world\azeroth\duskwood\passivedoodads\bush\duskwoodbush07.m2;15802.0654296875;132.3103790283203;15357.7373046875;0;17;0;;3.4697265625;336243;m2;189402;0;
..\..\world\azeroth\duskwood\passivedoodads\bush\duskwoodspookybush01.m2;15987.607421875;33.84571838378906;15215.279296875;19.5;188.68495178222656;-12.5;;1.19140625;338927;m2;189405;0;
..\..\world\azeroth\duskwood\passivedoodads\bush\duskwoodbush01.m2;15721.1123046875;73.6180191040039;15166.6298828125;-7.499999523162842;116.5;-3.000000238418579;;1;336362;m2;189395;0;
..\..\world\azeroth\duskwood\passivedoodads\bush\duskwoodbush02.m2;15889.8984375;42.47833251953125;14931.1328125;11.5;47;-3.499999523162842;;1;339460;m2;189396;0;
..\..\world\azeroth\duskwood\passivedoodads\bush\duskwoodbush01.m2;15932.8955078125;33.97113037109375;15018.833984375;0;337;0;;1;339449;m2;189395;0;
..\..\world\azeroth\duskwood\passivedoodads\bush\duskwoodbush01.m2;15550.3671875;88.07881927490234;15206.29296875;0;69;0;;1;336377;m2;189395;0;
..\..\world\azeroth\duskwood\passivedoodads\bush\duskwoodbush03.m2;15601.1142578125;131.5142364501953;15391.99609375;0;335.5;0;;1.3994140625;336368;m2;189397;0;
..\..\world\azeroth\duskwood\passivedoodads\bush\duskwoodbush02.m2;15541.279296875;88.07881927490234;15222.8134765625;0;20;0;;1;336378;m2;189396;0;
..\..\world\lordaeron\tirisfalglade\passivedoodads\trees\tirisfallgladecanopytree07.m2;15567.18359375;79.7293930053711;15082.1640625;0;17.5;-4.500000476837158;;0.4794921875;99104;m2;204134;0;
..\..\world\azeroth\duskwood\passivedoodads\bush\duskwoodbush01.m2;15663.4384765625;80.908203125;15222.466796875;3.5;0;-6.5;;1;336241;m2;189395;0;
..\..\world\generic\buildings\humantentmedium\humantentmedium.m2;15678.9521484375;93.32371520996094;15305.3466796875;11.500000953674316;128;3.4999990463256836;;1;492911;m2;197109;0;
..\..\world\generic\buildings\humantentmedium\humantentmedium.m2;15721.431640625;89.12684631347656;15283.3046875;0;147;-1.5;;1;125092;m2;197109;0;
..\..\world\generic\buildings\humantentmedium\humantentmedium.m2;15721.9541015625;87.9822006225586;15267.2802734375;-8.000001907348633;25.5;-2.000000476837158;;1;492912;m2;197109;0;
..\..\world\azeroth\duskwood\passivedoodads\irongate\cemetarygate01.m2;15476.849609375;96.57098388671875;15250.5205078125;0;166;0;;1;97964;m2;189488;0;
..\..\world\generic\buildings\humantentlarge\humantentlarge.m2;15738.3291015625;90.60909271240234;15279.0048828125;14;256.5;1.000000238418579;;1;125091;m2;197108;0;
..\..\world\azeroth\duskwood\passivedoodads\bush\duskwoodbush01.m2;15881.826171875;59.67911148071289;15257.0615234375;-28;299.8336486816406;5.499997615814209;;0.87109375;339272;m2;189395;0;
..\..\world\azeroth\duskwood\passivedoodads\bush\duskwoodbush03.m2;15867.8466796875;53.81399154663086;15078.2548828125;-11.499999046325684;309.97772216796875;-22.999998092651367;;1.24609375;339260;m2;189397;0;
..\..\world\azeroth\duskwood\passivedoodads\bush\duskwoodspookybush01.m2;15724.4560546875;60.26198959350586;14981.9453125;-12.500000953674316;60.5;-5.000000953674316;;1;336251;m2;189405;0;
..\..\world\azeroth\duskwood\passivedoodads\bush\duskwoodbush01.m2;15973.6484375;32.3590202331543;15147.01171875;-6.000000476837158;75.85711669921875;11.5;;0.8662109375;339269;m2;189395;0;
..\..\world\azeroth\duskwood\passivedoodads\bush\duskwoodspookybush01.m2;15530.87109375;88.07881927490234;15220.044921875;0;350;0;;1.099609375;336379;m2;189405;0;
..\..\world\azeroth\duskwood\passivedoodads\bush\duskwoodbush02.m2;15763.5009765625;104.44927215576172;15309.9873046875;-12.499998092651367;0;15.499999046325684;;1;336245;m2;189396;0;
..\..\world\lordaeron\tirisfalglade\passivedoodads\trees\tirisfallgladecanopytree06.m2;15491.498046875;87.71004486083984;15155.115234375;0;0;-1.5000004768371582;;0.189453125;97944;m2;204133;0;
..\..\world\azeroth\duskwood\passivedoodads\bush\duskwoodspookybush02.m2;15555.068359375;69.6039810180664;14972.8759765625;-14.999999046325684;342.5;-12.5;;1;336211;m2;189406;0;
..\..\world\azeroth\redridge\passivedoodads\trees\redridgefallentree01.m2;15945.373046875;29.98061180114746;15186.478515625;0;35.5;0;;1.3994140625;120307;m2;190114;0;
..\..\world\azeroth\duskwood\passivedoodads\bush\duskwoodbush01.m2;15898.8955078125;40.55672073364258;15133.181640625;0;341.18756103515625;-5.5;;0.8505859375;339255;m2;189395;0;
..\..\world\azeroth\duskwood\passivedoodads\bush\duskwoodspookybush01.m2;15516.3134765625;123.66847229003906;15364.1142578125;0;42;0;;1;336236;m2;189405;0;
..\..\world\azeroth\duskwood\passivedoodads\bush\duskwoodspookybush02.m2;15768.3359375;54.32707977294922;14940.2666015625;0;77;0;;1;336340;m2;189406;0;
..\..\world\azeroth\duskwood\passivedoodads\bush\duskwoodspookybush01.m2;15581.1142578125;71.70895385742188;15066.23046875;18.5;185.5;7.500000953674316;;1;336256;m2;189405;0;
..\..\world\lordaeron\tirisfalglade\passivedoodads\trees\tirisfallgladecanopytree07.m2;15522.2197265625;84.3260269165039;15081.10546875;3.500000476837158;182.5;1.999999761581421;;0.3994140625;336177;m2;204134;0;
..\..\world\lordaeron\tirisfalglade\passivedoodads\trees\tirisfallfallentree04.m2;15939.681640625;29.76302146911621;15194.4091796875;3.000000238418579;205.99998474121094;-73.00001525878906;;0.2392578125;120305;m2;204128;0;
..\..\world\azeroth\duskwood\passivedoodads\bush\duskwoodbush01.m2;15852.771484375;55.2845458984375;15113.0166015625;-10.5;267.54974365234375;-6.500001430511475;;0.8212890625;339259;m2;189395;0;
..\..\world\khazmodan\wetlands\passivedoodads\bushes\wetlandsshrub04.m2;15571.634765625;65.27544403076172;14989.728515625;1.0000001192092896;337;-3.500000238418579;;1;336187;m2;203493;0;
..\..\world\azeroth\duskwood\passivedoodads\bush\duskwoodbush01.m2;15487.0390625;92.97455596923828;15194.32421875;-14.500001907348633;81;-0.9999988079071045;;0.7998046875;336266;m2;189395;0;
..\..\world\khazmodan\wetlands\passivedoodads\bushes\wetlandsshrub04.m2;15542.2646484375;68.37060546875;14947.373046875;6;337;-4.999999523162842;;1;100469;m2;203493;0;
..\..\world\generic\dwarf\passivedoodads\excavationtentpavillion\excavationtentpavillion.m2;15671.8642578125;62.78377151489258;15088.8291015625;-2.5;24;-2;;1.1494140625;112955;m2;197383;0;
..\..\world\generic\dwarf\passivedoodads\excavationtentpavillionruined\excavationtentpavillionruined01.m2;15675.9208984375;63.64051055908203;15098.1484375;-5;22;-3.999999523162842;;1.1298828125;112954;m2;197385;0;
..\..\world\azeroth\duskwood\passivedoodads\bush\duskwoodspookybush01.m2;15549.8623046875;82.66577911376953;15082.248046875;-27.5;0;-10.000000953674316;;1;336212;m2;189405;0;
..\..\world\azeroth\duskwood\passivedoodads\bush\duskwoodbush05.m2;15787.3896484375;97.39665222167969;15246.4853515625;0;48.5;0;;1.2099609375;336364;m2;189399;0;
..\..\world\azeroth\duskwood\passivedoodads\bush\duskwoodbush02.m2;15886.3955078125;55.48225784301758;15213.2705078125;-18.000001907348633;279.297607421875;-1.5;;0.8349609375;339273;m2;189396;0;
..\..\world\azeroth\duskwood\passivedoodads\bush\duskwoodbush04.m2;15926.123046875;57.51871109008789;15289.490234375;26.999998092651367;132.83978271484375;7.500002861022949;;1.0751953125;339238;m2;189398;0;
..\..\world\azeroth\duskwood\passivedoodads\bush\duskwoodspookybush01.m2;15489.638671875;124.01365661621094;15379.0859375;0;179;0;;1;336289;m2;189405;0;
..\..\world\azeroth\duskwood\passivedoodads\bush\duskwoodspookybush02.m2;15494.6396484375;123.58717346191406;15369.7646484375;0;0;0;;1;336288;m2;189406;0;
..\..\world\azeroth\duskwood\passivedoodads\bush\duskwoodbush03.m2;15642.8779296875;61.21986770629883;14958.3046875;-4.2688682810876344e-7;299;-9;;1;336248;m2;189397;0;
..\..\world\khazmodan\wetlands\passivedoodads\bushes\wetlandsshrub04.m2;15518.2060546875;70.43412780761719;14937.044921875;8;351;-3.5;;1;100467;m2;203493;0;
..\..\world\azeroth\duskwood\passivedoodads\bush\duskwoodbush04.m2;15950.916015625;43.059696197509766;15248.6455078125;-10.999998092651367;319.70074462890625;-1.0000004768371582;;1.05078125;339235;m2;189398;0;
..\..\world\azeroth\duskwood\passivedoodads\bush\duskwoodbush03.m2;15568.447265625;112.63609313964844;15310.419921875;-8.5;35.5;-11.5;;1;336374;m2;189397;0;
..\..\world\azeroth\duskwood\passivedoodads\bush\duskwoodbush03.m2;15759.9228515625;68.00825500488281;14992.9873046875;-16.5;45.5;3.0000009536743164;;1;336250;m2;189397;0;
..\..\world\azeroth\duskwood\passivedoodads\bush\duskwoodbush03.m2;15746.384765625;83.71952056884766;15155.6748046875;16.000001907348633;306.5;15.500000953674316;;1;336361;m2;189397;0;
..\..\world\azeroth\redridge\passivedoodads\trees\redridgefallentree01.m2;15509.5302734375;114.23240661621094;15310.1796875;7.000001430511475;13.5;5.500001430511475;;1;128835;m2;190114;0;
..\..\world\azeroth\duskwood\passivedoodads\bush\duskwoodbush01.m2;15469.865234375;82.22602844238281;15116.6015625;0;252;0;;0.7197265625;336214;m2;189395;0;
..\..\world\azeroth\duskwood\passivedoodads\bush\duskwoodbush03.m2;15668.521484375;69.05107879638672;14932.3173828125;13;326;-6.999999523162842;;1;336338;m2;189397;0;
..\..\world\azeroth\duskwood\passivedoodads\bush\duskwoodbush04.m2;15854.873046875;46.44304275512695;14966.951171875;-20.5;302;-2.0000011920928955;;1;339456;m2;189398;0;
..\..\world\azeroth\duskwood\passivedoodads\bush\duskwoodbush04.m2;15548.1923828125;100.36076354980469;15265.8115234375;3.000000238418579;82;-20.500001907348633;;1;336376;m2;189398;0;
..\..\world\azeroth\redridge\passivedoodads\trees\redridgefallentree01.m2;16002.630859375;29.266883850097656;15204.1767578125;0;340;0;;1;120303;m2;190114;0;
..\..\world\azeroth\duskwood\passivedoodads\bush\duskwoodbush04.m2;15872.849609375;43.407691955566406;15006.634765625;-3;342;-3.499999761581421;;1;339454;m2;189398;0;
..\..\world\azeroth\duskwood\passivedoodads\bush\duskwoodbush03.m2;15853.5859375;50.16604995727539;15024.5966796875;-23.499998092651367;260.5;10.000001907348633;;1;339453;m2;189397;0;
..\..\world\azeroth\duskwood\passivedoodads\bush\duskwoodbush04.m2;15564.3486328125;86.58843231201172;15121.6240234375;-10.5;289;-5.000000953674316;;1;336330;m2;189398;0;
..\..\world\azeroth\duskwood\passivedoodads\bush\duskwoodbush03.m2;15708.1796875;64.94486236572266;15070.6767578125;-10.500000953674316;97;-7.000000953674316;;1;336332;m2;189397;0;
..\..\world\azeroth\duskwood\passivedoodads\bush\duskwoodbush04.m2;15636.4091796875;112.53373718261719;15327.6328125;0;64;0;;1;336366;m2;189398;0;
..\..\world\azeroth\duskwood\passivedoodads\bush\duskwoodbush05.m2;15607.1767578125;65.97810363769531;15032.4521484375;3.499999761581421;337.5;-6;;1;336336;m2;189399;0;
..\..\world\azeroth\duskwood\passivedoodads\bush\duskwoodbush04.m2;15939.2646484375;37.65581130981445;15112.5517578125;-5.500000476837158;315.5;-8.000001907348633;;1;339445;m2;189398;0;
..\..\world\azeroth\duskwood\passivedoodads\bush\duskwoodbush04.m2;15944.0205078125;33.55729675292969;15168.04296875;0;234.72918701171875;0;;1.00390625;339270;m2;189398;0;
..\..\world\azeroth\duskwood\passivedoodads\bush\duskwoodbush04.m2;15532.9208984375;71.58731842041016;14966.1591796875;0;36.5;-1;;1;336321;m2;189398;0;
..\..\world\azeroth\duskwood\passivedoodads\bush\duskwoodbush04.m2;15847.0966796875;51.30140686035156;15003.8310546875;-5.999999523162842;0;-24.5;;1;339452;m2;189398;0;
..\..\world\azeroth\duskwood\passivedoodads\bush\duskwoodbush03.m2;15585.646484375;65.40261840820312;14959.287109375;2.5;0;-12.500000953674316;;1;336399;m2;189397;0;
..\..\world\azeroth\duskwood\passivedoodads\bush\duskwoodbush03.m2;15909.5927734375;34.84230422973633;14956.728515625;-2.5;0;-11.000000953674316;;1;339459;m2;189397;0;
..\..\world\azeroth\duskwood\passivedoodads\bush\duskwoodbush05.m2;15467.0205078125;104.17691802978516;15276.4404296875;-14.5;265.9999694824219;15.000001907348633;;1;336291;m2;189399;0;
..\..\world\azeroth\redridge\passivedoodads\trees\redridgefallentree02.m2;15994.8291015625;28.763452529907227;15176.0234375;-1;316.5;0.5000000596046448;;1;120308;m2;190116;0;
..\..\world\azeroth\duskwood\passivedoodads\bush\duskwoodspookybush02.m2;15553.8046875;87.5866470336914;15155.384765625;-7.000000476837158;88;-1.0000003576278687;;0.849609375;336260;m2;189406;0;
..\..\world\azeroth\duskwood\passivedoodads\bush\duskwoodbush04.m2;15471.26171875;120.26614379882812;15351.1484375;-9;0;-8.5;;1;336290;m2;189398;0;
..\..\world\khazmodan\wetlands\passivedoodads\bushes\wetlandsshrub04.m2;15555.748046875;67.25929260253906;14958.958984375;-2.5;309;1.5;;0.8095703125;336191;m2;203493;0;
..\..\world\khazmodan\wetlands\passivedoodads\bushes\wetlandsshrub04.m2;15527.7197265625;69.62576293945312;14939.337890625;5.499999523162842;349.5;-1.999999761581421;;0.869140625;100468;m2;203493;0;
..\..\world\azeroth\duskwood\passivedoodads\bush\duskwoodbush05.m2;15770.525390625;93.37345123291016;15154.1767578125;-8;50.5;6;;1;336359;m2;189399;0;
..\..\world\azeroth\duskwood\passivedoodads\bush\duskwoodbush05.m2;15525.8154296875;88.07881927490234;15191.54296875;0;264;0;;1;336381;m2;189399;0;
..\..\world\lordaeron\tirisfalglade\passivedoodads\outposts\tirisfalloutpost04.m2;15486.6552734375;91.3930892944336;15184.65234375;23.000001907348633;242.5;9.500000953674316;;1;141052;m2;204119;0;
..\..\world\khazmodan\wetlands\passivedoodads\bushes\wetlandsshrub04.m2;15560.5361328125;66.89396667480469;14960.8603515625;-2.5;150;1.5000001192092896;;0.8095703125;336190;m2;203493;0;
..\..\world\azeroth\duskwood\passivedoodads\bush\duskwoodbush05.m2;15507.4111328125;88.07694244384766;15165.26171875;0;266.5;0;;1;336327;m2;189399;0;
..\..\world\azeroth\duskwood\passivedoodads\bush\duskwoodbush05.m2;15495.2861328125;95.62210083007812;15236.6748046875;0;357;0;;1;336271;m2;189399;0;
..\..\world\azeroth\duskwood\passivedoodads\bush\duskwoodbush02.m2;15479.8671875;82.05487060546875;15077.1552734375;-2;332;-3.5;;0.619140625;336213;m2;189396;0;
..\..\world\khazmodan\wetlands\passivedoodads\bushes\wetlandsshrub04.m2;15573.091796875;65.14507293701172;14978.7509765625;-0.5000000596046448;250.99996948242188;0;;0.8095703125;336192;m2;203493;0;
..\..\world\azeroth\duskwood\passivedoodads\bush\duskwoodbush04.m2;15555.732421875;73.1613540649414;14936.2177734375;6;0;0;;1;336216;m2;189398;0;
..\..\world\azeroth\duskwood\passivedoodads\bush\duskwoodbush04.m2;15659.85546875;80.9398193359375;15194.41796875;0;0;0;;1;336239;m2;189398;0;
..\..\world\azeroth\duskwood\passivedoodads\bush\duskwoodbush04.m2;15493.732421875;95.05584716796875;15219.388671875;0;0;0;;1;336270;m2;189398;0;
..\..\world\azeroth\duskwood\passivedoodads\bush\duskwoodbush04.m2;15541.68359375;88.07694244384766;15119.9541015625;0;0;0;;1;336323;m2;189398;0;
..\..\world\azeroth\duskwood\passivedoodads\bush\duskwoodbush04.m2;15691.3427734375;68.53851318359375;15121.728515625;0;0;0;;1;336334;m2;189398;0;
..\..\world\lordaeron\tirisfalglade\passivedoodads\outposts\tirisfalloutpost04.m2;15495.451171875;95.80638122558594;15253.2265625;-1.9999995231628418;156;-9.999998092651367;;1;141068;m2;204119;0;
..\..\world\lordaeron\tirisfalglade\passivedoodads\outposts\tirisfalloutpost04.m2;15506.759765625;95.51802062988281;15244.3046875;-1.9999995231628418;156;-9.999998092651367;;1;141073;m2;204119;0;
..\..\world\azeroth\duskwood\passivedoodads\bush\duskwoodbush01.m2;15523.732421875;88.07694244384766;15168.4140625;0;268.5;0;;0.6396484375;336262;m2;189395;0;
..\..\world\lordaeron\tirisfalglade\passivedoodads\outposts\tirisfalloutpost04.m2;15504.4580078125;95.62178802490234;15239.3115234375;-2.5;202.5;7.500000476837158;;1;141069;m2;204119;0;
..\..\world\lordaeron\tirisfalglade\passivedoodads\outposts\tirisfalloutpost04.m2;15507.7861328125;94.6258773803711;15218.0166015625;0;159.5;0;;1;141060;m2;204119;0;
..\..\world\azeroth\duskwood\passivedoodads\bush\duskwoodbush04.m2;15962.3984375;37.30540466308594;15061.1455078125;0;152.06732177734375;0;;0.8564453125;339441;m2;189398;0;
..\..\world\khazmodan\wetlands\passivedoodads\bushes\wetlandsshrub04.m2;15572.978515625;65.01029968261719;14987.388671875;-5;127.00003051757812;-2.500000238418579;;0.7099609375;336189;m2;203493;0;
..\..\world\khazmodan\wetlands\passivedoodads\bushes\wetlandsshrub04.m2;15568.0966796875;65.42827606201172;14984.1796875;0;237.5;0.5;;0.7099609375;336188;m2;203493;0;
..\..\world\azeroth\duskwood\passivedoodads\bush\duskwoodbush06.m2;15749.009765625;85.3139877319336;15175.74609375;-18.500001907348633;42.5;25.000001907348633;;1.2890625;336363;m2;189400;0;
..\..\world\azeroth\duskwood\passivedoodads\bush\duskwoodbush07.m2;15798.552734375;131.8007354736328;15354.8916015625;0.4999999403953552;0;11.5;;2.0791015625;336242;m2;189402;0;
..\..\world\lordaeron\tirisfalglade\passivedoodads\outposts\tirisfalloutpost04.m2;15470.1728515625;90.1244888305664;15181.4833984375;-7;268;7;;1;141054;m2;204119;0;
..\..\world\azeroth\duskwood\passivedoodads\bush\duskwoodbush06.m2;15893.041015625;48.39309310913086;15050.1396484375;-12;333.42620849609375;-2.500000238418579;;1.2880859375;339263;m2;189400;0;
..\..\world\azeroth\duskwood\passivedoodads\bush\duskwoodbush04.m2;15484.005859375;96.08615112304688;15251.5302734375;0;157;0;;0.75;336295;m2;189398;0;
..\..\world\azeroth\duskwood\passivedoodads\tombs\tombstonemonument01.m2;15484.306640625;111.46056365966797;15313.52734375;1.9999995231628418;88;-0.49999985098838806;;1.5498046875;128209;m2;189536;0;
..\..\world\azeroth\duskwood\passivedoodads\bush\duskwoodspookybush02.m2;15523.400390625;88.44601440429688;15212.6796875;0;273;0;;0.6591796875;336380;m2;189406;0;
..\..\world\azeroth\duskwood\passivedoodads\duskwoodhaywagon\duskwoodhaywagon.m2;15682.2021484375;65.1528549194336;15108.57421875;5.999999523162842;147;-12.000001907348633;;1;112977;m2;189455;0;
..\..\world\azeroth\karazahn\passivedoodads\brokencart\kn_brokencart.m2;15519.0986328125;78.8354263305664;15073.77734375;4.999997615814209;113;-11;;0.8193359375;336181;m2;189997;0;
..\..\world\azeroth\duskwood\passivedoodads\irongate\gatesegment03.m2;15498.8203125;103.294189453125;15266.88671875;19.5;114.5614013671875;-27.500001907348633;;1.69921875;97981;m2;189494;0;
..\..\world\azeroth\duskwood\passivedoodads\bush\duskwoodbush06.m2;15913.3740234375;49.01822280883789;15255.9580078125;-38.000003814697266;253.25357055664062;17.500001907348633;;1.302734375;339236;m2;189400;0;
..\..\world\azeroth\duskwood\passivedoodads\bush\duskwoodspookybush04.m2;15470.0810546875;132.9199981689453;15392.3828125;-18.999998092651367;0;-5.499999523162842;;1.279296875;336285;m2;189408;0;
..\..\world\azeroth\redridge\passivedoodads\trees\redridgefallentree01.m2;15992.759765625;29.12901496887207;15169.4453125;-0.9999997615814209;327.5;6.000001907348633;;0.7294921875;120302;m2;190114;0;
..\..\world\azeroth\duskwood\passivedoodads\irongate\gatesegment03.m2;15507.2734375;110.03782653808594;15276.40234375;20.499998092651367;114.5614013671875;-31.499996185302734;;1.69921875;97984;m2;189494;0;
..\..\world\azeroth\duskwood\passivedoodads\bush\duskwoodspookybush04.m2;15750.9833984375;66.2737045288086;14988.8154296875;-8.500000953674316;48.5;-4;;1;336249;m2;189408;0;
..\..\world\azeroth\duskwood\passivedoodads\irongate\gatesegment03.m2;15523.9697265625;114.4500503540039;15291.6865234375;5.999999046325684;113.20538330078125;-8.000000953674316;;1.69921875;97989;m2;189494;0;
..\..\world\azeroth\duskwood\passivedoodads\bush\duskwoodspookybush03.m2;15923.791015625;39.617279052734375;15086.982421875;-2.0000009536743164;320.26123046875;-11.5;;1.1162109375;339253;m2;189407;0;
..\..\world\azeroth\duskwood\passivedoodads\bush\duskwoodbush06.m2;15627.2060546875;102.2750015258789;15295.2890625;-34.999996185302734;342.5;0.49999967217445374;;1.19921875;336373;m2;189400;0;
..\..\world\azeroth\duskwood\passivedoodads\irongate\gatesegment03.m2;15527.697265625;114.44788360595703;15301.1298828125;0;107.15399169921875;4;;1.69921875;97991;m2;189494;0;
..\..\world\khazmodan\wetlands\passivedoodads\bushes\wetlandsshrub04.m2;15556.3896484375;67.76883697509766;14986.197265625;-6.499999523162842;359.5;-10.000000953674316;;0.6396484375;336194;m2;203493;0;
..\..\world\azeroth\duskwood\passivedoodads\irongate\gatesegment03.m2;15516.849609375;110.84980010986328;15280.0361328125;17.5;152.767333984375;-0.9999993443489075;;1.69921875;97986;m2;189494;0;
..\..\world\azeroth\duskwood\passivedoodads\bush\duskwoodbush06.m2;15486.52734375;148.3948516845703;15437.6171875;-5.92002534866333;287.09326171875;7.576522350311279;;1.1796875;72107541;m2;189400;0;
..\..\world\azeroth\duskwood\passivedoodads\bush\duskwoodspookybush03.m2;15625.416015625;68.6032485961914;15117.056640625;-2;17;-14.5;;1.1494140625;336238;m2;189407;0;
..\..\world\generic\dwarf\passivedoodads\excavationwaterwagon\excavationwaterwagon.m2;15680.166015625;62.41226577758789;15083.337890625;4.5;179;0;;1;112984;m2;197394;0;
..\..\world\azeroth\duskwood\passivedoodads\bush\duskwoodspookybush04.m2;15548.4267578125;74.112548828125;15018.18359375;-8;31;-1.5;;1;336227;m2;189408;0;
..\..\world\azeroth\duskwood\passivedoodads\irongate\gatesegment03.m2;15531.857421875;114.06414031982422;15312.232421875;0;108.09149169921875;0;;1.69921875;97994;m2;189494;0;
..\..\world\azeroth\duskwood\passivedoodads\bush\duskwoodbush03.m2;15513.0771484375;87.98613739013672;15124.7890625;0;272.5;0;;0.689453125;336326;m2;189397;0;
..\..\world\azeroth\duskwood\passivedoodads\bush\duskwoodspookybush04.m2;15490.0029296875;113.57937622070312;15286.5166015625;18.999998092651367;252.5;-14.000000953674316;;1;336282;m2;189408;0;
..\..\world\azeroth\duskwood\passivedoodads\bush\duskwoodbush06.m2;15934.65234375;34.49201583862305;15161.0927734375;-4.499999523162842;234.14761352539062;6.499999046325684;;1.09375;339271;m2;189400;0;
..\..\world\azeroth\duskwood\passivedoodads\bush\duskwoodspookybush03.m2;15862.181640625;56.6827278137207;15064.6640625;6.999999523162842;188.68495178222656;11;;1.19140625;339262;m2;189407;0;
..\..\world\azeroth\duskwood\passivedoodads\bush\duskwoodbush06.m2;15514.041015625;92.4683837890625;15199.4560546875;0;337.5;0;;1.1591796875;336263;m2;189400;0;
..\..\world\khazmodan\wetlands\passivedoodads\bushes\wetlandsshrub04.m2;15566.853515625;66.2099609375;14965.0615234375;-0.5;359.5;0;;0.6396484375;336193;m2;203493;0;
..\..\world\azeroth\duskwood\passivedoodads\bush\duskwoodspookybush03.m2;15767.7353515625;91.71378326416016;15143.1923828125;-6.500000476837158;322.5;14.5;;1.0498046875;336360;m2;189407;0;
..\..\world\azeroth\duskwood\passivedoodads\bush\duskwoodbush06.m2;15982.6640625;37.554534912109375;14999.3154296875;-1.0000003576278687;333.40130615234375;-14.500001907348633;;1.0341796875;339266;m2;189400;0;
..\..\world\azeroth\duskwood\passivedoodads\bush\duskwoodspookybush03.m2;15593.5234375;79.64115142822266;15081.701171875;8.500000953674316;41.5;-18.500003814697266;;1;336255;m2;189407;0;
..\..\world\azeroth\duskwood\passivedoodads\irongate\gatesegment03.m2;15490.849609375;96.86846160888672;15255.5927734375;0;151.14022827148438;0;;1.69921875;97978;m2;189494;0;
..\..\world\azeroth\duskwood\passivedoodads\bush\duskwoodbush06.m2;15997.4052734375;46.1050910949707;15276.041015625;1.5000001192092896;196.1558837890625;17.499998092651367;;1.0556640625;339229;m2;189400;0;
..\..\world\azeroth\duskwood\passivedoodads\bush\duskwoodbush06.m2;15898.44921875;49.98207473754883;15193.9541015625;-6.500000953674316;205.21987915039062;14.999999046325684;;0.966796875;339274;m2;189400;0;
..\..\world\azeroth\duskwood\passivedoodads\bush\duskwoodspookybush03.m2;15676.0029296875;77.42434692382812;15182.662109375;-7;0;-14;;1.1796875;336240;m2;189407;0;
..\..\world\azeroth\duskwood\passivedoodads\bush\duskwoodbush06.m2;15632.744140625;66.50315856933594;15013.232421875;5.999999523162842;25.5;-4.999999523162842;;1;336254;m2;189400;0;
..\..\world\azeroth\westfall\passivedoodads\brokencart\brokencart.m2;15663.4990234375;63.04182815551758;15089.9111328125;0;147;0;;1;112978;m2;190536;0;
..\..\world\azeroth\duskwood\passivedoodads\bush\duskwoodbush06.m2;15574.5927734375;92.14781951904297;15222.572265625;0;328.5;0;;1;336237;m2;189400;0;
..\..\world\azeroth\duskwood\passivedoodads\bush\duskwoodspookybush04.m2;15488.009765625;87.7315444946289;15158.4140625;-6.500000953674316;0;16;;1;336221;m2;189408;0;
..\..\world\azeroth\duskwood\passivedoodads\bush\duskwoodspookybush03.m2;15972.072265625;38.08484649658203;15055.162109375;-6;296;-3.500000476837158;;1;339448;m2;189407;0;
..\..\world\lordaeron\tirisfalglade\passivedoodads\trees\tirisfalltreestump01.m2;15577.716796875;67.37794494628906;15014.498046875;-5.999998569488525;0;-9.999999046325684;;0.619140625;336165;m2;204135;0;
..\..\world\azeroth\duskwood\passivedoodads\bush\duskwoodbush03.m2;15512.69921875;87.7475357055664;15157.88671875;-7.000000476837158;0;0.5000000596046448;;0.599609375;336328;m2;189397;0;
..\..\world\khazmodan\wetlands\passivedoodads\bushes\wetlandsshrub04.m2;15552.025390625;68.426513671875;14986.3173828125;-1.5000001192092896;175;1;;0.529296875;336195;m2;203493;0;
..\..\world\lordaeron\tirisfalglade\passivedoodads\outposts\tirisfalloutpost05.m2;15502.5205078125;95.66709899902344;15247.5498046875;0;126.5;0;;1;141070;m2;204120;0;
..\..\world\lordaeron\tirisfalglade\passivedoodads\outposts\tirisfalloutpost05.m2;15463.8271484375;89.78949737548828;15175.068359375;0;239.5;0;;1;141047;m2;204120;0;
..\..\world\azeroth\duskwood\passivedoodads\bush\duskwoodbush06.m2;15585.169921875;91.18143463134766;15215.94921875;-5.5;285;1.0000001192092896;;1;336247;m2;189400;0;
..\..\world\azeroth\duskwood\passivedoodads\bush\duskwoodbush06.m2;15481.037109375;104.11580657958984;15271.462890625;-18.5;0;24;;1;336294;m2;189400;0;
..\..\world\azeroth\duskwood\passivedoodads\bush\duskwoodspookybush03.m2;15853.21484375;53.07224655151367;15036.7265625;3.5;0;-35.000003814697266;;1;339451;m2;189407;0;
..\..\world\azeroth\westfall\passivedoodads\brokencart\brokencart.m2;15526.482421875;78.25988006591797;15071.568359375;-1.5000001192092896;75.5;-10.5;;1;336161;m2;190536;0;
..\..\world\azeroth\duskwood\passivedoodads\bush\duskwoodbush06.m2;15507.150390625;84.78362274169922;15104.35546875;-2.999999761581421;0;26.499996185302734;;1;336258;m2;189400;0;
..\..\world\azeroth\duskwood\passivedoodads\bush\duskwoodbush06.m2;15464.9052734375;105.68443298339844;15277.4697265625;-15.499999046325684;0;-24.5;;1;336292;m2;189400;0;
..\..\world\azeroth\duskwood\passivedoodads\bush\duskwoodbush07.m2;15964.884765625;78.36001586914062;15354.482421875;-14.499998092651367;282.37921142578125;25;;1.05859375;339239;m2;189402;0;
..\..\world\azeroth\duskwood\passivedoodads\bush\duskwoodbush06.m2;15605.0009765625;94.46829223632812;15272.0703125;-11.5;0;-24.000001907348633;;1;336371;m2;189400;0;
..\..\world\azeroth\duskwood\passivedoodads\bush\duskwoodspookybush04.m2;15481.537109375;118.41519165039062;15341.2841796875;-14;0;2.499999761581421;;1;336283;m2;189408;0;
..\..\world\azeroth\westfall\passivedoodads\detail\westfalldriftwood.m2;15988.701171875;28.957223892211914;15172.181640625;-55.999996185302734;296.5;3.4999992847442627;;1.2490234375;120309;m2;190574;0;
..\..\world\azeroth\duskwood\passivedoodads\bush\duskwoodspookybush03.m2;15522.6171875;87.92324829101562;15159.521484375;0;346.5;0;;1;336329;m2;189407;0;
..\..\world\azeroth\duskwood\passivedoodads\bush\duskwoodbush06.m2;15852.869140625;54.65700149536133;15121.74609375;13.500000953674316;117.98162841796875;10.999998092651367;;0.8896484375;339257;m2;189400;0;
..\..\world\azeroth\duskwood\passivedoodads\bush\duskwoodbush07.m2;15860.146484375;52.61030960083008;15124.775390625;-9.5;3.9552001953125;-19;;1.1884765625;339258;m2;189402;0;
..\..\world\azeroth\duskwood\passivedoodads\bush\duskwoodbush05.m2;15527.0478515625;79.29598236083984;15074.365234375;-20;12.5;0.9999997615814209;;0.51953125;336217;m2;189399;0;
..\..\world\azeroth\duskwood\passivedoodads\bush\duskwoodbush07.m2;15907.2998046875;44.176822662353516;15052.123046875;-30.499998092651367;269.0084533691406;1.999997854232788;;1.1611328125;339264;m2;189402;0;
..\..\world\azeroth\duskwood\passivedoodads\bush\duskwoodbush06.m2;15864.560546875;54.71166229248047;15083.7041015625;1.999999761581421;358.93426513671875;-24.5;;0.9619140625;339261;m2;189400;0;
..\..\world\generic\dwarf\passivedoodads\tavernstuff\alekegs01.m2;15678.0927734375;64.21022033691406;15103.4453125;-2;17;-2.5;;1;112967;m2;197602;0;
..\..\world\azeroth\duskwood\passivedoodads\bush\duskwoodbush07.m2;15484.33984375;110.73931884765625;15300.505859375;0;341.5;0;;1.169921875;336281;m2;189402;0;
..\..\world\azeroth\duskwood\passivedoodads\bush\duskwoodspookybush03.m2;15979.5654296875;34.17152786254883;15138.396484375;2.000000238418579;44.836578369140625;9.000000953674316;;0.84375;339268;m2;189407;0;
..\..\world\azeroth\duskwood\passivedoodads\bush\duskwoodbush07.m2;15498.216796875;112.34333801269531;15277.6865234375;-27.999998092651367;0;-12.999999046325684;;1.0791015625;336383;m2;189402;0;
..\..\world\lordaeron\tirisfalglade\passivedoodads\trees\tirisfalltreestump02.m2;15573.748046875;67.0024185180664;15007.8515625;-19.5;0;-8.499998092651367;;0.759765625;336166;m2;204136;0;
..\..\world\lordaeron\tirisfalglade\passivedoodads\outposts\tirisfalloutpost05.m2;15473.5791015625;89.10830688476562;15178.2529296875;0;259;0;;1;141053;m2;204120;0;
..\..\world\azeroth\duskwood\passivedoodads\bush\duskwoodbush07.m2;15792.2802734375;98.12284088134766;15233.1611328125;0;0;0;;1.4599609375;336365;m2;189402;0;
..\..\world\azeroth\duskwood\passivedoodads\bush\duskwoodbush06.m2;15822.5478515625;55.63786697387695;14932.728515625;-18.500001907348633;0;12.999999046325684;;1;339468;m2;189400;0;
..\..\world\azeroth\duskwood\passivedoodads\bush\duskwoodbush07.m2;15965.7998046875;40.757537841796875;14988.150390625;0;259.7906494140625;0;;1.2373046875;339265;m2;189402;0;
..\..\world\azeroth\duskwood\passivedoodads\bush\duskwoodbush07.m2;15501.947265625;92.59168243408203;15186.0390625;-20.5;0;-4.5;;1.1494140625;336265;m2;189402;0;
..\..\world\azeroth\duskwood\passivedoodads\bush\duskwoodbush06.m2;15909.123046875;36.6513671875;14967.2490234375;-12.000000953674316;0;-9.5;;1;339457;m2;189400;0;
..\..\world\azeroth\duskwood\passivedoodads\bush\duskwoodbush06.m2;15547.333984375;88.07881164550781;15189.0078125;0;6.5;0;;1;336261;m2;189400;0;
..\..\world\generic\human\passivedoodads\signposts\stonesignpost01.m2;15481.9453125;81.89924621582031;15129.384765625;0;73.5;0;;1;197908;m2;198477;0;
..\..\world\azeroth\duskwood\passivedoodads\irongate\gatesegment01.m2;15528.74609375;114.1474609375;15304.9833984375;82.99996948242188;108.02066040039062;2.499999761581421;;1.9599609375;97992;m2;189492;0;
..\..\world\azeroth\duskwood\passivedoodads\bush\duskwoodspookybush03.m2;15494.5654296875;75.43981170654297;14992.3642578125;-5.000000476837158;0;6.5;;1;336224;m2;189407;0;
..\..\world\azeroth\duskwood\passivedoodads\bush\duskwoodbush07.m2;15537.1259765625;72.63199615478516;14970.3115234375;-7.500000476837158;345;4.5;;1.0390625;336222;m2;189402;0;
..\..\world\azeroth\westfall\passivedoodads\deadmule\deadmule.m2;15687.619140625;66.22789001464844;15110.0205078125;4.5;103.5;-0.9999998807907104;;1;112983;m2;190546;0;
..\..\world\generic\human\passivedoodads\rugs\karazahnrugred.m2;15677.255859375;94.2204360961914;15305.3291015625;-15.000000953674316;304;-1.0000003576278687;;0.509765625;492919;m2;198434;0;
..\..\world\azeroth\duskwood\passivedoodads\bush\duskwoodbush06.m2;15562.4404296875;82.01358795166016;15081.1279296875;-18.5;0;4.5;;1;336257;m2;189400;0;
..\..\world\azeroth\duskwood\passivedoodads\bush\duskwoodbush07.m2;15599.9765625;117.41995239257812;15308.38671875;-13.5;0;-5.500000476837158;;1.1396484375;336370;m2;189402;0;
..\..\world\azeroth\duskwood\passivedoodads\bush\duskwoodbush07.m2;15505.115234375;115.77395629882812;15306.416015625;27.5;0;12;;1;336235;m2;189402;0;
..\..\world\azeroth\duskwood\passivedoodads\bush\duskwoodspookybush03.m2;15526.994140625;70.4725570678711;14962.5966796875;-1.5;0;3.500000476837158;;1;336320;m2;189407;0;
..\..\world\azeroth\duskwood\passivedoodads\bush\duskwoodspookybush03.m2;15914.943359375;34.48399353027344;14960.9833984375;-4.000000476837158;0;-3.5;;1;339458;m2;189407;0;
..\..\world\azeroth\duskwood\passivedoodads\bush\duskwoodspookybush03.m2;15495.5654296875;126.55814361572266;15384.7109375;-24.5;0;-3.000000238418579;;1;336287;m2;189407;0;
..\..\world\azeroth\duskwood\passivedoodads\bush\duskwoodbush06.m2;15666.1435546875;66.97110748291016;14941.8271484375;5.5;0;3.000000238418579;;1;336331;m2;189400;0;
..\..\world\azeroth\duskwood\passivedoodads\bush\duskwoodbush06.m2;15514.1015625;112.05748748779297;15280.208984375;-23.499996185302734;0;-3;;1;336384;m2;189400;0;
..\..\world\azeroth\duskwood\passivedoodads\bush\duskwoodbush06.m2;15528.9677734375;85.61200714111328;15081.2333984375;-24.499998092651367;34;-8.499999046325684;;0.7392578125;336218;m2;189400;0;
..\..\world\azeroth\duskwood\passivedoodads\bush\duskwoodbush06.m2;15487.0185546875;95.49983978271484;15230.837890625;8.499999046325684;268.5;-0.49999937415122986;;1;336272;m2;189400;0;
..\..\world\azeroth\duskwood\passivedoodads\irongate\gatesegment01.m2;15503.1142578125;106.24417114257812;15271.212890625;12.500000953674316;117.11284637451172;-30.499998092651367;;1.69921875;97983;m2;189492;0;
..\..\world\azeroth\duskwood\passivedoodads\bush\duskwoodbush06.m2;15511.2890625;78.94343566894531;15007.248046875;0.4999999403953552;0;1.500000238418579;;1;336223;m2;189400;0;
..\..\world\azeroth\westfall\passivedoodads\deadcow\deadcow.m2;15666.0478515625;62.28460693359375;15084.2890625;3.5;98;-1.999999761581421;;1;112982;m2;190545;0;
..\..\world\azeroth\duskwood\passivedoodads\bush\duskwoodbush06.m2;15747.5302734375;78.28758239746094;15046.826171875;-4;0;1;;1;336333;m2;189400;0;
..\..\world\azeroth\duskwood\passivedoodads\bush\duskwoodbush06.m2;15964.2060546875;38.22544860839844;14940.869140625;2.499999761581421;0;-1;;1;339446;m2;189400;0;
..\..\world\lordaeron\tirisfalglade\passivedoodads\trees\tirisfalltreestump02.m2;15483.099609375;110.165283203125;15297.8115234375;0;0;0;;0.759765625;128833;m2;204136;0;
..\..\world\azeroth\duskwood\passivedoodads\bush\duskwoodspookybush03.m2;15518.8466796875;88.04205322265625;15137.076171875;0;0;0;;1;336325;m2;189407;0;
..\..\world\azeroth\duskwood\passivedoodads\bush\duskwoodbush06.m2;15578.263671875;108.5672378540039;15298.974609375;0;0;0;;1;336375;m2;189400;0;
..\..\world\azeroth\duskwood\passivedoodads\irongate\gatesegment01.m2;15494.8017578125;99.86003875732422;15261.337890625;9.000000953674316;117.11284637451172;-24.500001907348633;;1.69921875;97980;m2;189492;0;
..\..\world\azeroth\duskwood\passivedoodads\irongate\gatesegment02.m2;15509.88671875;111.20054626464844;15278.0986328125;41;130.713623046875;-19.000003814697266;;1.69921875;97985;m2;189493;0;
..\..\world\azeroth\westfall\passivedoodads\deadmule\deadmule.m2;15545.806640625;73.31159973144531;15007.32421875;8;320.5;-0.49999988079071045;;0.9892578125;336158;m2;190546;0;
..\..\world\lordaeron\tirisfalglade\passivedoodads\trees\tirisfalltreestump01.m2;15482.669921875;110.41438293457031;15293.529296875;-3.999999523162842;119;-15.000000953674316;;0.3798828125;128834;m2;204135;0;
..\..\world\generic\human\passivedoodads\tables\duskwoodtable01.m2;15684.8740234375;64.7052993774414;15095.0517578125;-1.9999974966049194;29.5;-178;;1;114365;m2;198602;0;
..\..\world\generic\human\passivedoodads\tables\duskwoodtable01.m2;15670.482421875;64.1590347290039;15089.6640625;-4;329;-179.5;;1;112965;m2;198602;0;
..\..\world\generic\human\passivedoodads\tables\duskwoodtable01.m2;15693.73046875;65.58255767822266;15097.8173828125;-5.50000524520874;111;171.5;;1;114386;m2;198602;0;
..\..\world\azeroth\westfall\passivedoodads\deadcow\deadcow.m2;15584.8740234375;65.5053482055664;15003.6728515625;0;0;0;;1;336159;m2;190545;0;
..\..\world\generic\human\passivedoodads\tables\duskwoodtable01.m2;15699.5322265625;64.47891235351562;15087.0927734375;-5.000000953674316;13;9.000000953674316;;1;114398;m2;198602;0;
..\..\world\azeroth\duskwood\passivedoodads\bush\duskwoodbush07.m2;15504.0615234375;92.4227523803711;15186.638671875;-14.5;0;-10.000000953674316;;1;336264;m2;189402;0;
..\..\world\azeroth\duskwood\passivedoodads\irongate\gatesegment02.m2;15501.185546875;104.41610717773438;15268.654296875;21.499998092651367;126.75626373291016;-17.499998092651367;;1.69921875;97982;m2;189493;0;
..\..\world\azeroth\westfall\passivedoodads\outhouse\outhouse.m2;15713.3984375;106.41960144042969;15337.248046875;0;0;0;;1;492916;m2;190617;0;
..\..\world\azeroth\duskwood\passivedoodads\bush\duskwoodbush07.m2;15620.7958984375;125.06449127197266;15358.1591796875;-13;0;12;;1;336367;m2;189402;0;
..\..\world\azeroth\duskwood\passivedoodads\irongate\gatesegment01.m2;15535.0478515625;116.07623291015625;15322.8134765625;0.5000001192092896;111.2972412109375;-16.500001907348633;;1.69921875;97997;m2;189492;0;
..\..\world\azeroth\duskwood\passivedoodads\bush\duskwoodbush07.m2;15920.5654296875;39.998897552490234;15077.029296875;-4.500000476837158;0;-17;;1;339442;m2;189402;0;
..\..\world\azeroth\duskwood\passivedoodads\irongate\gatesegment01.m2;15518.6552734375;112.11447143554688;15282.681640625;7.000000476837158;117.265869140625;-15.000000953674316;;1.69921875;97987;m2;189492;0;
..\..\world\azeroth\duskwood\passivedoodads\bush\duskwoodbush06.m2;15899.8203125;47.09833526611328;15064.6142578125;17.5;86.29824829101562;0.49999886751174927;;0.853515625;339254;m2;189400;0;
..\..\world\azeroth\duskwood\passivedoodads\irongate\gatesegment02.m2;15493.384765625;98.27976989746094;15258.396484375;5.499999523162842;130.7562255859375;-13.500000953674316;;1.69921875;97979;m2;189493;0;
..\..\world\azeroth\duskwood\passivedoodads\bush\duskwoodbush07.m2;15796.068359375;124.99088287353516;15334.1591796875;0;0;0;;1.1591796875;336244;m2;189402;0;
..\..\world\azeroth\westfall\passivedoodads\deadmule\deadmule.m2;15532.701171875;77.31683349609375;15069.3466796875;4.500000953674316;106.5;-6.000000476837158;;0.83984375;336179;m2;190546;0;
..\..\world\azeroth\duskwood\passivedoodads\bush\duskwoodbush07.m2;15561.916015625;77.1905517578125;15044.900390625;10;0;-4.499999523162842;;1;336229;m2;189402;0;
..\..\world\azeroth\duskwood\passivedoodads\irongate\gatesegment02.m2;15520.8935546875;113.08635711669922;15285.509765625;4.000000476837158;116.4376220703125;-11.000000953674316;;1.69921875;97988;m2;189493;0;
..\..\world\generic\human\passivedoodads\tables\duskwoodtable01.m2;15680.9716796875;63.93693161010742;15088.9111328125;-82.50001525878906;320.5;8.500001907348633;;1;114360;m2;198602;0;
..\..\world\azeroth\duskwood\passivedoodads\bush\duskwoodbush07.m2;15699.16796875;66.97789001464844;15109.138671875;-9;0;2.5;;1;336335;m2;189402;0;
..\..\world\lordaeron\tirisfalglade\passivedoodads\trees\tirisfalltreestump02.m2;15551.7236328125;73.60576629638672;15017.6591796875;0;83;0;;0.599609375;336168;m2;204136;0;
..\..\world\generic\orc\passivedoodads\spits\spitwood.m2;15725.9853515625;89.29946899414062;15275.30859375;0;259;0;;1;125099;m2;199347;0;
..\..\world\generic\human\passivedoodads\benches\duskwoodbench.m2;15690.41796875;64.95179748535156;15099.041015625;7.500007152557373;261;-173.5;;1;114387;m2;198011;0;
..\..\world\generic\human\passivedoodads\tables\duskwoodtable01.m2;15674.8623046875;64.97611236572266;15099.962890625;-82.50003814697266;297.49993896484375;8.500033378601074;;1;112956;m2;198602;0;
..\..\world\azeroth\duskwood\passivedoodads\tombs\tombstonemonument02.m2;15481.66796875;113.03929138183594;15319.2216796875;-4;267;0;;1.349609375;128210;m2;189538;0;
..\..\world\generic\human\passivedoodads\benches\duskwoodbench.m2;15670.4296875;62.88056182861328;15087.068359375;84.49996185302734;167.5;-1.4999940395355225;;1;112968;m2;198011;0;
..\..\world\generic\human\passivedoodads\benches\duskwoodbench.m2;15684.0478515625;63.80128860473633;15099.4541015625;0;193;0;;1;114366;m2;198011;0;
..\..\world\generic\human\passivedoodads\benches\duskwoodbench.m2;15701.3115234375;65.75321197509766;15090.099609375;-3.9999961853027344;21.5;-170.5;;1;114399;m2;198011;0;
..\..\world\generic\human\passivedoodads\benches\duskwoodbench.m2;15677.1435546875;63.7134895324707;15096.291015625;77.5;0;4.999999523162842;;1;112962;m2;198011;0;
..\..\world\generic\human\passivedoodads\benches\duskwoodbench.m2;15668.474609375;63.25494384765625;15093.2734375;0;163;0;;1;112966;m2;198011;0;
..\..\world\azeroth\duskwood\passivedoodads\bush\duskwoodbush07.m2;15931.9248046875;33.95662307739258;15026.119140625;4.999999523162842;0;2.500000238418579;;1;339450;m2;189402;0;
..\..\world\azeroth\duskwood\passivedoodads\bush\duskwoodbush07.m2;15610.3046875;65.38484954833984;15038.4697265625;-0.5;0;-6;;1;336337;m2;189402;0;
..\..\world\azeroth\duskwood\passivedoodads\irongate\gatesegment02.m2;15533.732421875;115.01280212402344;15319.4423828125;0;99.579833984375;-4.500000476837158;;1.69921875;97996;m2;189493;0;
..\..\world\azeroth\duskwood\passivedoodads\irongate\gatesegment01.m2;15532.4541015625;114.21629333496094;15315.6748046875;0.4999997913837433;99.9755859375;-3.499999523162842;;1.69921875;97995;m2;189492;0;
..\..\world\azeroth\duskwood\passivedoodads\irongate\gatesegment02.m2;15525.248046875;114.7470932006836;15294.3017578125;0;105.73760986328125;4;;1.69921875;97990;m2;189493;0;
..\..\world\azeroth\duskwood\passivedoodads\irongate\gatesegment01.m2;15466.3017578125;96.3080825805664;15247.9677734375;9.5;344.7066650390625;0.5;;1.69921875;97965;m2;189492;0;
..\..\world\generic\human\passivedoodads\benches\duskwoodbench.m2;15698.9365234375;64.68680572509766;15095.68359375;-1;147;-8;;1;114388;m2;198011;0;
..\..\world\khazmodan\wetlands\passivedoodads\bushes\wetlandsshrub07.m2;15536.474609375;68.44939422607422;14947.7041015625;0;0;0;;1.109375;100471;m2;203496;0;
..\..\world\azeroth\duskwood\passivedoodads\bush\duskwoodbush07.m2;15531.6904296875;114.00895690917969;15306.384765625;0;0;0;;1;336246;m2;189402;0;
..\..\world\azeroth\duskwood\passivedoodads\bush\duskwoodbush07.m2;15515.5322265625;88.07694244384766;15115.458984375;0;0;0;;1;336259;m2;189402;0;
..\..\world\azeroth\duskwood\passivedoodads\bush\duskwoodbush07.m2;15549.1767578125;88.07694244384766;15099.5859375;0;0;0;;1;336322;m2;189402;0;
..\..\world\azeroth\duskwood\passivedoodads\bush\duskwoodbush07.m2;15531.130859375;88.07525634765625;15137.5927734375;0;0;0;;1;336324;m2;189402;0;
..\..\world\azeroth\duskwood\passivedoodads\bush\duskwoodbush07.m2;15551.49609375;88.07881927490234;15200.30859375;0;0;0;;1;336382;m2;189402;0;
..\..\world\azeroth\duskwood\passivedoodads\irongate\gatepost.m2;15529.3427734375;113.93791961669922;15305.3154296875;0;67.4910888671875;0;;1.69921875;97993;m2;189491;0;
..\..\world\generic\human\passivedoodads\benches\duskwoodbench.m2;15698.3134765625;64.34679412841797;15084.7060546875;82.99999237060547;165.5;-52.00001525878906;;1;114400;m2;198011;0;
..\..\world\generic\ogre\passivedoodads\ogremoundvent\ogresmokevent01.m2;15546.107421875;73.7194595336914;15012.79296875;0;224.99998474121094;0;;0.169921875;336170;m2;199022;0;
..\..\world\generic\human\passivedoodads\benches\duskwoodbench.m2;15688.607421875;63.60212707519531;15090.5966796875;75.5;107.5;-22.4999942779541;;1;113000;m2;198011;0;
..\..\world\generic\human\passivedoodads\benches\duskwoodbench.m2;15682.58984375;63.44902801513672;15093.818359375;84.5;228.00003051757812;-1.499975562095642;;1;114367;m2;198011;0;
..\..\world\lordaeron\tirisfalglade\passivedoodads\trees\tirisfalltreestump01.m2;15526.583984375;85.1993408203125;15080.880859375;-27.000001907348633;0;1.0000001192092896;;0.369140625;336176;m2;204135;0;
..\..\world\generic\human\passivedoodads\banners\scarletbanner03.m2;15717.0966796875;88.70640563964844;15272.24609375;0;204.5;0;;1;199891;m2;197987;0;
..\..\world\khazmodan\wetlands\passivedoodads\bushes\wetlandsshrub06.m2;15545.4365234375;68.68705749511719;14946.5830078125;4.5;0;-0.9999998807907104;;1;100470;m2;203495;0;
..\..\world\generic\passivedoodads\lights\generaltorch01.m2;15484.8828125;91.18359375;15184.873046875;0.4999999403953552;0;20;;1;141058;m2;199820;0;
..\..\world\generic\passivedoodads\lights\generaltorch01.m2;15507.427734375;94.51545715332031;15215.9521484375;-3;86.5;7.500000476837158;;1;141062;m2;199820;0;
..\..\world\generic\passivedoodads\lights\generaltorch01.m2;15501.8134765625;95.28876495361328;15243.474609375;-1.499999761581421;83.5;7.000000476837158;;1;141072;m2;199820;0;
..\..\world\generic\passivedoodads\lights\generaltorch01.m2;15506.9853515625;94.57613372802734;15216.3447265625;-0.5;0;7.500000476837158;;1;141061;m2;199820;0;
..\..\world\generic\human\passivedoodads\weaponracks\generalweaponrack01.m2;15732.912109375;89.70984649658203;15275.24609375;0;337;0;;1;125096;m2;198636;0;
..\..\world\generic\passivedoodads\lights\generaltorch01.m2;15501.6279296875;95.62210083007812;15243.349609375;0;0;5.999999523162842;;1;141071;m2;199820;0;
..\..\world\generic\passivedoodads\lights\generaltorch01.m2;15506.322265625;94.85209655761719;15219.79296875;0;0;5.5;;1;141063;m2;199820;0;
..\..\world\generic\passivedoodads\lights\generaltorch01.m2;15472.93359375;90.21613311767578;15182.9052734375;2;0;-4;;1;141056;m2;199820;0;
..\..\world\generic\passivedoodads\lights\generaltorch01.m2;15472.576171875;90.3273696899414;15182.99609375;0;0;4.5;;1;141055;m2;199820;0;
..\..\world\lordaeron\tirisfalglade\passivedoodads\trees\tirisfalltreestump02.m2;15562.6015625;66.43843841552734;14985.0048828125;0;0;0;;0.4091796875;336167;m2;204136;0;
..\..\world\generic\passivedoodads\lights\generaltorch01.m2;15485.193359375;91.4024658203125;15185.0390625;0;0;0;;1;141057;m2;199820;0;
..\..\world\lordaeron\tirisfalglade\passivedoodads\bodies\bodyshrouded.m2;15518.865234375;79.74415588378906;15073.275390625;0;294;0;;1.099609375;336183;m2;204086;0;
..\..\world\lordaeron\tirisfalglade\passivedoodads\bodies\bodyshrouded.m2;15519.0546875;80.0877914428711;15073.697265625;1.0000007152557373;116;-6.500000953674316;;1.0791015625;336186;m2;204086;0;
..\..\world\generic\passivedoodads\barrel\brokenbarrel01.m2;15540.37109375;74.19530487060547;15012.1142578125;-2.499999761581421;359;-4.499999523162842;;1;336163;m2;199566;0;
..\..\world\lordaeron\tirisfalglade\passivedoodads\bodies\bodyshrouded.m2;15519.341796875;79.81709289550781;15073.8310546875;0;292.5;0;;1;336182;m2;204086;0;
..\..\world\lordaeron\tirisfalglade\passivedoodads\bodies\bodyshrouded.m2;15518.2392578125;79.6934585571289;15072.7802734375;-0.9999973177909851;296.5;-40.99999237060547;;0.9892578125;336184;m2;204086;0;
..\..\world\dungeon\goldshireinn\innbarrel\innbarrel.m2;15683.576171875;62.57335662841797;15084.4267578125;0;97.13308715820312;0;;1.47265625;113003;m2;190885;0;
..\..\world\lordaeron\tirisfalglade\passivedoodads\trees\tirisfalltreestump02.m2;15516.5234375;115.10553741455078;15307.2109375;0;0;0;;0.359375;128836;m2;204136;0;
..\..\world\azeroth\westfall\passivedoodads\westfallskeleton\westfallskeleton.m2;15680.8916015625;63.58982467651367;15097.966796875;5.499999523162842;143.5;-6.500000953674316;;1;112979;m2;190671;0;
..\..\world\azeroth\westfall\passivedoodads\westfallskeleton\westfallskeleton.m2;15544.3173828125;73.80667114257812;15012.638671875;-0.49999967217445374;150;5;;1;336171;m2;190671;0;
..\..\world\generic\human\passivedoodads\firewood\firewoodpile03.m2;15724.87109375;89.40462493896484;15281.447265625;0;208;0;;1;125098;m2;198198;0;
..\..\world\azeroth\westfall\passivedoodads\westfallskeleton\westfallskeleton.m2;15671.1240234375;62.48067092895508;15084.7333984375;4.2688682810876344e-7;71;-7.500000953674316;;0.8994140625;112981;m2;190671;0;
..\..\world\dungeon\goldshireinn\innbarrel\innbarrel.m2;15682.3154296875;64.52226257324219;15101.2998046875;88.0000228881836;275.4998779296875;-1.5000064373016357;;1;112974;m2;190885;0;
..\..\world\generic\passivedoodads\barrel\brokenbarrel02.m2;15527.931640625;77.60498809814453;15070.318359375;-9.000000953674316;0;-3.000000476837158;;1;336164;m2;199567;0;
..\..\world\generic\human\passivedoodads\lanterns\generallantern01.m2;15484.228515625;98.82315826416016;15251.357421875;38.00000762939453;11.5;3.5000011920928955;;1.1591796875;128843;m2;198327;0;
..\..\world\azeroth\westfall\passivedoodads\westfallskeleton\westfallskeleton.m2;15672.380859375;63.70631790161133;15098.013671875;-6;0;-3.9999990463256836;;1;112980;m2;190671;0;
..\..\world\generic\human\passivedoodads\lanterns\generallantern02.m2;15683.353515625;92.61048126220703;15303.76171875;67.49999237060547;125.5;98.0000228881836;;1;492918;m2;198328;0;
..\..\world\dungeon\goldshireinn\innbarrel\innbarrel.m2;15679.853515625;63.88615036010742;15100.7705078125;0;0;0;;1;112973;m2;190885;0;
..\..\world\dungeon\goldshireinn\innbarrel\innbarrel.m2;15725.5078125;89.23795318603516;15286.7421875;0;0;0;;1;492913;m2;190885;0;
..\..\world\azeroth\westfall\passivedoodads\crate\westfallcrate.m2;15548.0634765625;74.52467346191406;15013.8916015625;4.000003814697266;89;107;;1;336172;m2;190543;0;
..\..\world\generic\human\passivedoodads\food&utensils\haunch.m2;15725.66796875;90.23930358886719;15275.458984375;0;262;0;;1.2998046875;125100;m2;198232;0;
..\..\world\azeroth\burningsteppes\passivedoodads\bonfire\orcbonfireoff.m2;15546.169921875;73.77151489257812;15012.8203125;1.500000238418579;0;-0.5;;0.26953125;336169;m2;189120;0;
..\..\world\azeroth\burningsteppes\passivedoodads\ruins\burnedbeam.m2;15691.43359375;63.42782974243164;15088.6748046875;85.5000228881836;122.37960815429688;17.99998664855957;;0.1337890625;113007;m2;189226;0;
..\..\world\generic\passivedoodads\lights\candle01.m2;15480.775390625;114.03811645507812;15318.0615234375;0;0;0;;1.7099609375;128269;m2;199806;0;
..\..\world\generic\passivedoodads\lights\candle01.m2;15480.6435546875;114.08207702636719;15320.2236328125;0;31.5;0;;1.7099609375;128270;m2;199806;0;
..\..\world\azeroth\burningsteppes\passivedoodads\ruins\burnedbeam.m2;15691.4091796875;63.43775177001953;15088.85546875;84.50003814697266;135.992919921875;-53.00002670288086;;0.1298828125;113005;m2;189226;0;
..\..\world\generic\passivedoodads\lights\candle01.m2;15482.748046875;112.53961944580078;15314.255859375;0;334;0;;1.529296875;128267;m2;199806;0;
..\..\world\azeroth\westfall\passivedoodads\barrel\westfallbarrel01.m2;15525.5966796875;78.24044799804688;15071.8916015625;-11.000000953674316;0;-16;;1;336160;m2;190535;0;
..\..\world\generic\activedoodads\chest02\chest02.m2;15526.4990234375;78.21521759033203;15071.3154296875;12;108.5;4.500001430511475;;1;336178;m2;196979;0;
..\..\world\azeroth\burningsteppes\passivedoodads\ruins\burnedbeam.m2;15691.255859375;63.54387283325195;15088.974609375;-79.00001525878906;301.6072692871094;169.50003051757812;;0.099609375;113006;m2;189226;0;
..\..\world\generic\human\passivedoodads\plates\generaldirtyplate01.m2;15697.68359375;64.74874114990234;15097.794921875;-7.000000476837158;240.5;-1.999999761581421;;1;114397;m2;198405;0;
..\..\world\generic\human\passivedoodads\plates\generaldirtyplate01.m2;15686.2529296875;63.06571578979492;15088.5078125;-15.000000953674316;29.5;2.499999523162842;;1;114379;m2;198405;0;
..\..\world\generic\human\passivedoodads\plates\generaldirtyplate01.m2;15677.0703125;63.76495361328125;15098.978515625;-15.000000953674316;298.5;2.5000014305114746;;1;112959;m2;198405;0;
..\..\world\generic\human\passivedoodads\buckets\cavekoboldbucket.m2;15732.021484375;89.70072174072266;15279.2421875;3.499999761581421;208;-3.000000476837158;;1;125097;m2;198069;0;
..\..\world\azeroth\westfall\passivedoodads\barrel\westfallbarrel01.m2;15718.9248046875;89.21794128417969;15279.5615234375;0;0;0;;1;492917;m2;190535;0;
..\..\world\generic\activedoodads\chest02\chest02.m2;15942.6259765625;30.327802658081055;15208.4580078125;0;0;0;;1;336153;m2;196979;0;
..\..\world\generic\human\passivedoodads\plates\generaldirtyplate01.m2;15686.6865234375;63.73870849609375;15097.0009765625;-15.000000953674316;287.5;2.5;;1;114384;m2;198405;0;
..\..\world\generic\passivedoodads\furniture\containers\sack01.m2;15517.978515625;79.98440551757812;15074.3291015625;1.5;293;7;;0.8095703125;336185;m2;199745;0;
..\..\world\generic\human\passivedoodads\plates\generaldirtyplate01.m2;15685.6923828125;63.5887336730957;15096.52734375;-6.999999523162842;166;-1.999999761581421;;1;114380;m2;198405;0;
..\..\world\generic\human\passivedoodads\plates\generaldirtyplate01.m2;15685.607421875;63.69390869140625;15097.21484375;-15.000000953674316;104.5;2.5;;1;114381;m2;198405;0;
..\..\world\generic\human\passivedoodads\plates\generaldirtyplate01.m2;15697.4208984375;64.65204620361328;15097.5654296875;-6.999999523162842;166;-1.999999761581421;;1;114396;m2;198405;0;
..\..\world\generic\human\passivedoodads\plates\generaldirtyplate01.m2;15685.9921875;63.67507553100586;15097.4052734375;0;166;0;;1;114382;m2;198405;0;
..\..\world\generic\human\passivedoodads\bottles\bottle01.m2;15699.8603515625;65.84821319580078;15087.462890625;1;0;3.5;;1.2490234375;114406;m2;198057;0;
..\..\world\generic\human\passivedoodads\plates\generaldirtyplate01.m2;15686.63671875;63.73909378051758;15097.693359375;-7;349;-1.999999761581421;;1;114383;m2;198405;0;
..\..\world\generic\human\passivedoodads\plates\generaldirtyplate01.m2;15686.291015625;63.64603805541992;15096.8330078125;0;349;0;;1;114385;m2;198405;0;
..\..\world\generic\passivedoodads\lights\candle01.m2;15482.98046875;112.7029037475586;15312.259765625;0;0;0;;1;128262;m2;199806;0;
..\..\world\generic\human\passivedoodads\bottles\greenbottle02.m2;15691.587890625;63.62174606323242;15091.2421875;0;113.90972900390625;0;;1.6591796875;113002;m2;198061;0;
..\..\world\generic\passivedoodads\lights\candle02.m2;15482.978515625;112.60073852539062;15312.646484375;0;63;0;;1;128263;m2;199807;0;
..\..\world\generic\human\passivedoodads\plates\generaldirtyplate01.m2;15686.9404296875;63.04097366333008;15088.412109375;-7;91;-1.9999991655349731;;1;114378;m2;198405;0;
..\..\world\generic\human\passivedoodads\plates\generaldirtyplate01.m2;15686.16796875;63.0356330871582;15088.9296875;0;91;0;;1;114377;m2;198405;0;
..\..\world\generic\human\passivedoodads\plates\generaldirtyplate01.m2;15677.154296875;63.79030227661133;15099.669921875;-7;0;-1.999999761581421;;1;112958;m2;198405;0;
..\..\world\generic\human\passivedoodads\plates\generaldirtyplate01.m2;15676.6484375;63.70553207397461;15098.888671875;0;0;0;;1;112957;m2;198405;0;
..\..\world\generic\human\passivedoodads\bottles\bottle01.m2;15671.9580078125;62.89616012573242;15088.193359375;76.5;0;116.99999237060547;;1;112972;m2;198057;0;
..\..\world\generic\passivedoodads\lights\candle03.m2;15482.9677734375;112.77081298828125;15312.99609375;0;227.49998474121094;0;;1;128264;m2;199808;0;
..\..\world\generic\human\passivedoodads\bottles\bottle01.m2;15687.7080078125;62.99974822998047;15087.2177734375;0;235.69688415527344;0;;1.06640625;113004;m2;198057;0;
..\..\world\generic\human\passivedoodads\mugs\mug02.m2;15681.87109375;62.82986831665039;15086.341796875;-81.50003051757812;94.00006103515625;-155.50001525878906;;1;114363;m2;198361;0;
..\..\world\generic\human\passivedoodads\bottles\bottle01.m2;15679.7666015625;65.55210876464844;15100.5166015625;0;0;0;;1;112976;m2;198057;0;
..\..\world\generic\human\passivedoodads\bottles\bottle01.m2;15700.4296875;65.95744323730469;15087.232421875;0;0;0;;1;114405;m2;198057;0;
..\..\world\generic\human\passivedoodads\mugs\mug02.m2;15680.93359375;62.85809326171875;15087.0205078125;-81.49998474121094;177;-155.5;;1;114364;m2;198361;0;
..\..\world\azeroth\elwynn\passivedoodads\jugs\jug01.m2;15725.7841796875;90.90393829345703;15286.857421875;0;0;0;;1;492914;m2;189820;0;
..\..\world\generic\human\passivedoodads\mugs\mug02.m2;15673.712890625;62.80746078491211;15088.0166015625;89.49993133544922;180.00010681152344;22.4999942779541;;1;112971;m2;198361;0;
..\..\world\generic\human\passivedoodads\mugs\mug02.m2;15685.115234375;62.8010139465332;15084.23046875;-81.50005340576172;49.500030517578125;-155.50003051757812;;1;114371;m2;198361;0;
..\..\world\generic\human\passivedoodads\mugs\mug02.m2;15696.294921875;64.88312530517578;15098.1728515625;-81.50003051757812;84.00003051757812;-155.50001525878906;;1;114395;m2;198361;0;
..\..\world\generic\human\passivedoodads\mugs\mug02.m2;15683.9208984375;65.02728271484375;15084.380859375;0;134.5;0;;1;114376;m2;198361;0;
..\..\world\generic\human\passivedoodads\mugs\mug02.m2;15699.1865234375;65.69640350341797;15086.978515625;0;201.5;0;;1;114403;m2;198361;0;
..\..\world\generic\human\passivedoodads\mugs\mug02.m2;15693.6572265625;64.16986083984375;15094.4453125;-81.49998474121094;56;-155.50001525878906;;1;114394;m2;198361;0;
..\..\world\generic\human\passivedoodads\mugs\mug02.m2;15685.0830078125;62.87970733642578;15085.38671875;-81.5;326.5;-155.50001525878906;;1;114370;m2;198361;0;
..\..\world\generic\human\passivedoodads\mugs\mug02.m2;15694.7705078125;64.31416320800781;15095.009765625;-81.5;326.5;-155.50001525878906;;1;114393;m2;198361;0;
..\..\world\generic\human\passivedoodads\goblets\goblet02.m2;15682.8359375;92.54560089111328;15303.521484375;-88.49988555908203;0.00006103515625;-34.4999885559082;;1;492920;m2;198256;0;
..\..\world\generic\passivedoodads\lights\candle03.m2;15482.724609375;112.6479263305664;15314.583984375;0;0;0;;0.7890625;128268;m2;199808;0;
..\..\world\generic\human\passivedoodads\mugs\mug02.m2;15698.4580078125;65.64558410644531;15087.822265625;0;167.5;0;;1;114401;m2;198361;0;
..\..\world\generic\human\passivedoodads\bottles\greenbottle01.m2;15682.623046875;62.67586135864258;15085.4853515625;85.49993896484375;239.00009155273438;172.00003051757812;;1;114368;m2;198060;0;
..\..\world\generic\human\passivedoodads\bottles\greenbottle01.m2;15694.73046875;64.19669342041016;15094.0009765625;85.49993896484375;239.00009155273438;172.00003051757812;;1;114390;m2;198060;0;
..\..\world\generic\human\passivedoodads\bottles\greenbottle01.m2;15691.6953125;63.65753173828125;15091.6103515625;0;212.28868103027344;0;;1.1962890625;113001;m2;198060;0;
..\..\world\generic\human\passivedoodads\mugs\mug02.m2;15676.693359375;63.76359939575195;15097.94921875;-81.50006866455078;71.0001220703125;-155.5000762939453;;1;112961;m2;198361;0;
..\..\world\generic\human\passivedoodads\bottles\greenbottle01.m2;15683.447265625;62.90233612060547;15088.2333984375;85.49993896484375;6.5;171.99998474121094;;1;114361;m2;198060;0;
..\..\world\generic\human\passivedoodads\bottles\greenbottle01.m2;15695.5546875;64.48512268066406;15096.748046875;85.49993896484375;6.5;171.99998474121094;;1;114391;m2;198060;0;
..\..\world\generic\human\passivedoodads\mugs\mug02.m2;15675.5654296875;63.82377243041992;15098.2080078125;-81.49998474121094;154;-155.49998474121094;;1;112960;m2;198361;0;
..\..\world\generic\passivedoodads\lights\candleoff01.m2;15482.857421875;112.62348175048828;15313.451171875;0;0;0;;1;128265;m2;199810;0;
..\..\world\generic\human\passivedoodads\bottles\greenbottle02.m2;15677.8291015625;63.79520034790039;15099.337890625;87.50001525878906;0;-9.50001335144043;;1;112964;m2;198061;0;
..\..\world\generic\human\passivedoodads\bottles\greenbottle02.m2;15683.4541015625;62.74835205078125;15086.138671875;87.49993896484375;255.4999542236328;-9.50006103515625;;1;114369;m2;198061;0;
..\..\world\generic\human\passivedoodads\bottles\greenbottle02.m2;15695.5615234375;64.32202911376953;15094.654296875;87.49993896484375;255.4999542236328;-9.50006103515625;;1;114389;m2;198061;0;
..\..\world\generic\human\passivedoodads\mugs\mug02.m2;15683.4765625;65.02745056152344;15084.8671875;0;87;0;;1;114375;m2;198361;0;
..\..\world\generic\human\passivedoodads\mugs\mug02.m2;15698.416015625;65.5906753540039;15087.0341796875;0;267;0;;1;114402;m2;198361;0;
..\..\world\azeroth\elwynn\passivedoodads\jugs\jug01.m2;15546.9423828125;73.89671325683594;15014.3671875;-2;2;-86.5;;0.7392578125;336173;m2;189820;0;
..\..\world\generic\human\passivedoodads\bottles\greenbottle01.m2;15677.4072265625;63.91459274291992;15100.306640625;85.49993896484375;343.5;172;;1;112963;m2;198060;0;
..\..\world\generic\human\passivedoodads\bottles\greenbottle02.m2;15683.458984375;62.82444381713867;15087.1767578125;87.50001525878906;23;-9.499983787536621;;1;114362;m2;198061;0;
..\..\world\generic\human\passivedoodads\bottles\greenbottle02.m2;15695.5673828125;64.38119506835938;15095.6923828125;87.50001525878906;23;-9.499983787536621;;1;114392;m2;198061;0;
..\..\world\generic\human\passivedoodads\mugs\mug02.m2;15679.9228515625;65.55226135253906;15100.966796875;0;0;0;;1;112975;m2;198361;0;
..\..\world\generic\human\passivedoodads\mugs\mug02.m2;15680.619140625;63.96919631958008;15082.0322265625;0;0;0;;1;114372;m2;198361;0;
..\..\world\generic\human\passivedoodads\mugs\mug02.m2;15680.8583984375;63.96921920776367;15081.9609375;0;0;0;;1;114373;m2;198361;0;
..\..\world\generic\human\passivedoodads\mugs\mug02.m2;15683.318359375;65.02824401855469;15084.2041015625;0;0;0;;1;114374;m2;198361;0;
..\..\world\generic\human\passivedoodads\goblets\goblet02.m2;15725.244140625;90.90393829345703;15286.8291015625;0;0;0;;1;492915;m2;198256;0;
..\..\world\generic\human\passivedoodads\bottles\greenbottle01.m2;15700.357421875;65.90856170654297;15086.4873046875;0;0;0;;1;114404;m2;198060;0;
..\..\world\generic\human\passivedoodads\meat\bloodymeat02.m2;15544.6240234375;73.8677749633789;15012.4384765625;-1.5000001192092896;218.5;4;;0.5;336174;m2;198344;0;
..\..\world\generic\passivedoodads\lights\candleoff02.m2;15482.82421875;112.56121826171875;15313.818359375;0;0;0;;1;128266;m2;199811;0;
..\..\world\generic\human\passivedoodads\mugs\mug01.m2;15673.400390625;62.97138214111328;15089.9697265625;-89.49954223632812;180.0000457763672;169.4999237060547;;1;112970;m2;198360;0;
..\..\world\generic\human\passivedoodads\mugs\mug01.m2;15673.60546875;62.88307189941406;15090.2490234375;0;0;0;;1;112969;m2;198360;0;
..\..\world\generic\human\passivedoodads\meat\bloodymeat01.m2;15545.802734375;73.77996826171875;15011.326171875;-3;0;-17;;0.279296875;336175;m2;198343;0;
..\..\world\wmo\azeroth\buildings\duskwoodabandoned_human_farm\duskwoodabandoned_human_farm.wmo;15496.0986328125;84.96583557128906;15165.498046875;0;268;0;0;1;97827;wmo;106800;2;Set_B
..\..\world\wmo\azeroth\buildings\duskwoodabandoned_human_farm\duskwoodabandoned_human_farm.wmo;15515.8154296875;84.85472106933594;15166.3291015625;0;268;0;0;1;97828;wmo;106800;1;Set_A
..\..\world\wmo\azeroth\buildings\duskwoodabandoned_barn\duskwoodabandoned_barn.wmo;15537.7080078125;86.59687805175781;15203.837890625;0;263.5;0;0;1;97829;wmo;106793;0;Set_$DefaultGlobal
..\..\world\wmo\azeroth\buildings\duskwoodabandoned_humantwostory\duskwoodabandoned_humantwostory.wmo;15564.4716796875;89.68805694580078;15153.0615234375;0;2;0;0;1;97830;wmo;106803;2;Set_B
..\..\world\wmo\azeroth\buildings\duskwoodabandoned_blacksmith\duskwoodabandoned_blacksmith.wmo;15526.0927734375;88.35472106933594;15123.0517578125;0;358;0;0;1;97831;wmo;106797;0;Set_$DefaultGlobal
..\..\world\wmo\azeroth\buildings\duskwoodabandoned_human_farm\duskwoodabandoned_human_farm.wmo;15474.77734375;78.38128662109375;15083.2646484375;0;156.5;0;0;1;97833;wmo;106800;1;Set_A
..\..\world\wmo\azeroth\buildings\duskwood_human_farm\duskwood_human_farm.wmo;15496.15234375;92.47257232666016;15227.8154296875;0;0;0;0;1;140626;wmo;106735;2;Set_B
..\..\world\wmo\azeroth\buildings\duskwood_humantwostory\duskwood_humantwostory.wmo;15496.80859375;94.81659698486328;15194.30859375;0;0;0;0;1;143396;wmo;106740;1;Set_A
..\..\world\wmo\azeroth\buildings\duskwoodabandoned_humantwostory\duskwoodabandoned_humantwostory.wmo;15459.326171875;83.93684387207031;15115.1279296875;0;161;0;0;1;70052625;wmo;106803;1;Set_A
