ModelFile;PositionX;PositionY;PositionZ;RotationX;RotationY;RotationZ;RotationW;ScaleFactor;ModelId;Type;FileDataID;DoodadSetIndexes;DoodadSetNames
..\..\world\critter\birds\birds_condor_01.m2;21848.56640625;94.57196807861328;25277.14453125;0;216;0;;1.669921875;67778990;m2;367454;0;
..\..\world\critter\birds\birds_condor_01.m2;21848.466796875;109.21472930908203;25277.23046875;0;303.5;0;;1.169921875;67778689;m2;367454;0;
..\..\world\critter\birds\birds_condor_01.m2;21845.91796875;116.97379302978516;25262.640625;0;303;0;;1.169921875;67778790;m2;367454;0;
..\..\models\unknown\unk_exp00_7549691\7549691.m2;22366.55078125;46.18162155151367;25238.234375;0;341;0;;0.509765625;70514933;m2;7549691;0;
..\..\world\critter\birds\birds_condor_01.m2;21848.466796875;101.63333129882812;25277.23046875;0;159;0;;1.169921875;67778937;m2;367454;0;
..\..\world\critter\birds\birds_condor_01.m2;21861.22265625;89.06340026855469;25282.77734375;0;348.5;0;;1.169921875;67778935;m2;367454;0;
..\..\world\azeroth\elwynn\passivedoodads\trees\canopylesstree01.m2;21895.55078125;28.120723724365234;25231.572265625;0;283.50006103515625;0;;0.5390625;66785919;m2;189919;0;
..\..\models\unknown\unk_exp00_7569779\7569779.m2;22382.607421875;7.1072235107421875;25561.56640625;-2.4977967739105225;213.11599731445312;2.558375358581543;;0.359375;68187049;m2;7569779;0;
..\..\models\unknown\unk_exp00_7569779\7569779.m2;22185.1875;41.71828842163086;25085.15625;-2.7721378803253174;325.67010498046875;-5.2100419998168945;;0.349609375;70620198;m2;7569779;0;
..\..\models\unknown\unk_exp00_7569779\7569779.m2;21925.119140625;23.23843002319336;25442.796875;-2.77213978767395;213.1701202392578;-5.210042953491211;;0.349609375;70620181;m2;7569779;0;
..\..\models\unknown\unk_exp00_7569781\7569781.m2;22013.458984375;25.534765243530273;25078.11328125;3.5810067653656006;244.42556762695312;-0.5519408583641052;;0.2197265625;70619832;m2;7569781;0;
..\..\models\unknown\unk_exp00_7549692\7549692.m2;21909.9609375;28.34722328186035;25246.19140625;0;346;0;;0.369140625;66784741;m2;7549692;0;
..\..\models\unknown\unk_exp00_7569779\7569779.m2;22371.08984375;15.4716796875;25458.400390625;0.3242982029914856;165.34429931640625;-4.278683662414551;;0.359375;68186918;m2;7569779;0;
..\..\models\unknown\unk_exp00_7569779\7569779.m2;22070.265625;25.42501449584961;25267.67578125;1.6237157583236694;159.08056640625;1.0791325569152832;;0.3291015625;70620216;m2;7569779;0;
..\..\models\unknown\unk_exp00_7569779\7569779.m2;21950.509765625;23.263809204101562;25154.97265625;2.3404624462127686;162.24066162109375;-5.16066837310791;;0.3291015625;70620019;m2;7569779;0;
..\..\models\unknown\unk_exp00_7569781\7569781.m2;22180.12890625;25.044958114624023;25482.5859375;3.5810036659240723;261.925537109375;-0.5519405603408813;;0.2197265625;70505833;m2;7569781;0;
..\..\models\unknown\unk_exp00_7569779\7569779.m2;22149.69140625;23.824892044067383;25582.93359375;1.1594669818878174;193.85116577148438;-1.0641101598739624;;0.3291015625;70639405;m2;7569779;0;
..\..\models\unknown\unk_exp00_7549692\7549692.m2;22350.412109375;44.47222137451172;25221.302734375;0;24;0;;0.2890625;70514932;m2;7549692;0;
..\..\models\unknown\unk_exp00_7569781\7569781.m2;22354.53515625;44.96101760864258;25247.255859375;4.632255554199219;305.868896484375;14.48336124420166;;0.1494140625;70514940;m2;7569781;0;
..\..\world\azeroth\elwynn\passivedoodads\trees\elwynntreemid01.m2;21888.72265625;31.56076431274414;25232.3125;0;225.99986267089844;0;;1.857421875;66782638;m2;189932;0;
..\..\models\unknown\unk_exp00_7569779\7569779.m2;22387.328125;7.765208721160889;25568.59375;-19.323617935180664;164.37554931640625;10.832947731018066;;0.25;68187079;m2;7569779;0;
..\..\models\unknown\unk_exp00_7569779\7569779.m2;22354.46875;19.15217399597168;25452.89453125;-6.077332973480225;194.34548950195312;-0.44881078600883484;;0.259765625;68187028;m2;7569779;0;
..\..\models\unknown\unk_exp00_7569779\7569779.m2;22073.640625;25.35165786743164;25262.21875;6.1858344078063965;156.4556884765625;-0.5418949127197266;;0.2392578125;70620215;m2;7569779;0;
..\..\models\unknown\unk_exp00_7569779\7569779.m2;22372.49609375;14.382858276367188;25470.453125;-7.120770454406738;210.9901885986328;4.230879783630371;;0.2294921875;68187144;m2;7569779;0;
..\..\models\unknown\unk_exp00_7569781\7569781.m2;22179.623046875;25.5141544342041;25491.4453125;-3.2854135036468506;230.0430145263672;-5.986252784729004;;0.1396484375;70505830;m2;7569781;0;
..\..\world\generic\goblin\passivedoodads\kezan\items\goblin_kezan_oilpump.m2;22254.87890625;40.53006362915039;25100;0;327;0;;1;69945835;m2;321420;0;
..\..\models\unknown\unk_exp00_7569781\7569781.m2;22010.3125;26.00396156311035;25086.41015625;-3.285414457321167;212.5430145263672;-5.986257076263428;;0.1396484375;70619972;m2;7569781;0;
..\..\world\azeroth\elwynn\passivedoodads\trees\elwynntreemid01.m2;22386.3203125;50.96463394165039;25108.154296875;0;42;0;;1.6796875;69626179;m2;189932;0;
..\..\world\generic\orc\passivedoodads\tents\orctent01.m2;22099.5546875;33.92708206176758;25137.1953125;0;45;0;;1;69524906;m2;199387;0;
..\..\models\unknown\unk_exp00_7569779\7569779.m2;21953.5234375;22.829782485961914;25149.31640625;1.5828951597213745;159.8154296875;-3.08349609375;;0.2392578125;70620057;m2;7569779;0;
..\..\models\unknown\unk_exp00_7579004\7579004.m2;21865.384765625;46.927425384521484;25594.77734375;0;31.5;0;;0.689453125;69957709;m2;7579004;0;
..\..\models\unknown\unk_exp00_7569779\7569779.m2;22375.3203125;8.652174949645996;25560.234375;3.138106107711792;203.523193359375;-23.881866455078125;;0.2099609375;68187121;m2;7569779;0;
..\..\models\unknown\unk_exp00_7569779\7569779.m2;22326.3125;18.30875587463379;25526.6875;-7.723820686340332;238.69308471679688;6.048359394073486;;0.2099609375;68186929;m2;7569779;0;
..\..\world\azeroth\elwynn\passivedoodads\cliffrocks\elwynncliffrock01.m2;22374.06640625;15.283713340759277;25465.337890625;-9.614537239074707;222.28338623046875;3.9406118392944336;;0.7197265625;68186976;m2;189715;0;
..\..\models\unknown\unk_exp00_7569779\7569779.m2;22322.328125;19.97256088256836;25533.171875;-2.4786953926086426;183.65756225585938;6.169612407684326;;0.26953125;68186861;m2;7569779;0;
..\..\models\unknown\unk_exp00_7569779\7569779.m2;22149.34765625;23.746389389038086;25576.52734375;5.620852470397949;191.05935668945312;-2.671470880508423;;0.2392578125;70639392;m2;7569779;0;
..\..\models\unknown\unk_exp00_7569779\7569779.m2;21927.87890625;23.455284118652344;25420.00390625;-0.675283670425415;347.0103759765625;11.1159029006958;;0.2294921875;70620221;m2;7569779;0;
..\..\world\azeroth\elwynn\passivedoodads\cliffrocks\elwynncliffrock01.m2;22376.62890625;4.766538619995117;25553.634765625;4.314676761627197;158.95672607421875;19.894180297851562;;0.6796875;68186868;m2;189715;0;
..\..\models\unknown\unk_exp00_7569779\7569779.m2;22389.294921875;7.114583492279053;25557.421875;-8.541698455810547;35.250701904296875;7.332168102264404;;0.189453125;68187063;m2;7569779;0;
..\..\models\unknown\unk_exp00_7569779\7569779.m2;22163.076171875;41.84126663208008;25091.33203125;1.0698003768920898;99.52999877929688;5.968062400817871;;0.2294921875;70620224;m2;7569779;0;
..\..\world\azeroth\elwynn\passivedoodads\trees\elwynntreemid01.m2;22326.8203125;17.99477195739746;25520.80859375;0.5696959495544434;84.50003051757812;0.576168954372406;;1.38671875;68186872;m2;189932;0;
..\..\world\azeroth\elwynn\passivedoodads\bush\elwynnbush02.m2;21913.515625;28.263879776000977;25266.181640625;-9.748672485351562;203.87261962890625;11.694594383239746;;1.05859375;66785431;m2;189693;0;
..\..\models\unknown\unk_exp00_7569779\7569779.m2;22372.451171875;13.753610610961914;25475.0703125;15.623077392578125;28.099578857421875;-3.7547996044158936;;0.1796875;68186971;m2;7569779;0;
..\..\models\unknown\unk_exp00_7569781\7569781.m2;22359.59765625;45.735809326171875;25241.888671875;12.770342826843262;231.19821166992188;-13.314913749694824;;0.109375;70514944;m2;7569781;0;
..\..\models\unknown\unk_exp00_7569779\7569779.m2;22325.9375;18.308767318725586;25536.40234375;11.142511367797852;83.10183715820312;0.7938738465309143;;0.2099609375;68186931;m2;7569779;0;
..\..\world\azeroth\elwynn\passivedoodads\bush\elwynnbush02.m2;21883.109375;29.33854103088379;25318;1.036864161491394;329.3238525390625;-11.455742835998535;;1.05859375;66785826;m2;189693;0;
..\..\models\unknown\unk_exp00_7569779\7569779.m2;22393.10546875;6.920461654663086;25569.484375;2.859386682510376;132.95440673828125;14.73916244506836;;0.169921875;68187043;m2;7569779;0;
..\..\models\unknown\unk_exp00_7569779\7569779.m2;22339.625;14.064051628112793;25542.259765625;15.566226959228516;86.79296875;0.4299357235431671;;0.2099609375;68187087;m2;7569779;0;
..\..\world\khazmodan\wetlands\passivedoodads\dragonbones\dragonbonesbody.m2;22139.107421875;32.98857116699219;25318.42578125;19.086729049682617;34.865020751953125;-44.51683807373047;;0.75;70604275;m2;203501;0;
..\..\world\azeroth\elwynn\passivedoodads\bush\elwynnbush05.m2;21901.22265625;32.41492462158203;25271.48828125;-9.166685104370117;201.0792236328125;12.153725624084473;;1.3408203125;66783745;m2;189696;0;
..\..\world\azeroth\elwynn\passivedoodads\bush\elwynnbush02.m2;21895.86328125;29.65972328186035;25227.166015625;-8.880660057067871;289.21258544921875;5.355825424194336;;1.0048828125;66781619;m2;189693;0;
..\..\world\azeroth\elwynn\passivedoodads\bush\elwynnbush02.m2;21874.56640625;32.55729293823242;25315.8515625;-4.733907699584961;168.23486328125;10.494606971740723;;1.0048828125;66783112;m2;189693;0;
..\..\world\azeroth\elwynn\passivedoodads\bush\elwynnbush05.m2;21894.353515625;24.92881965637207;25325.310546875;0.4765486419200897;326.5636901855469;-11.492213249206543;;1.3408203125;66781390;m2;189696;0;
..\..\world\azeroth\elwynn\passivedoodads\trees\elwynntreemid01.m2;22074.36328125;26.52083396911621;25255.04296875;0.1560128629207611;112.99102783203125;1.8050813674926758;;1.2373046875;70620219;m2;189932;0;
..\..\world\azeroth\duskwood\passivedoodads\trees\duskwoodbrowntree.m2;22183.19140625;27.301963806152344;25491.826171875;0;156.5;0;;0.7099609375;70505842;m2;189544;0;
..\..\world\azeroth\duskwood\passivedoodads\trees\duskwoodbrowntree.m2;22013.6015625;27.791770935058594;25087.84765625;0;139;0;;0.7099609375;70620050;m2;189544;0;
..\..\world\azeroth\elwynn\passivedoodads\bush\elwynnbush03.m2;21862.068359375;31.59113883972168;25202.681640625;-0.0000029882078251830535;241.8492431640625;8.880670547485352;;1.1982421875;66781841;m2;189694;0;
..\..\world\azeroth\elwynn\passivedoodads\cliffrocks\elwynncliffrock02.m2;22184.46875;23.784847259521484;25487.94140625;6.515611171722412;319.4037780761719;2.186465263366699;;0.5693359375;70505826;m2;189716;0;
..\..\models\unknown\unk_exp00_7569779\7569779.m2;22359.078125;45.410850524902344;25192.103515625;0;22;0;;0.1796875;69626171;m2;7569779;0;
..\..\world\azeroth\elwynn\passivedoodads\cliffrocks\elwynncliffrock02.m2;22172.45703125;24.22358512878418;25488.982421875;6.51561164855957;308.40374755859375;2.186467170715332;;0.5693359375;70505838;m2;189716;0;
..\..\world\azeroth\elwynn\passivedoodads\bush\elwynnbush02.m2;21920.123046875;25.19964027404785;25260.263671875;13.044208526611328;43.21826171875;-7.835107326507568;;1.0048828125;66782642;m2;189693;0;
..\..\world\azeroth\elwynn\passivedoodads\bush\elwynnbush03.m2;21889.7734375;31.0399169921875;25230.66015625;1.7899112701416016;216.1820526123047;8.880667686462402;;1.1982421875;66786167;m2;189694;0;
..\..\world\azeroth\elwynn\passivedoodads\bush\elwynnbush02.m2;22355.0390625;43.0257453918457;25191.40234375;0;55.5;0;;1;69626172;m2;189693;0;
..\..\world\azeroth\elwynn\passivedoodads\cliffrocks\elwynncliffrock01.m2;22154.4296875;21.1536808013916;25577.7578125;6.45281457901001;42.36737060546875;-3.5458364486694336;;0.5595703125;70639333;m2;189715;0;
..\..\world\azeroth\elwynn\passivedoodads\bush\elwynnbush03.m2;21925.619140625;24.46172332763672;25264.3203125;3.8242626190185547;332.13653564453125;-0.8296023607254028;;1.1982421875;66781161;m2;189694;0;
..\..\world\azeroth\elwynn\passivedoodads\bush\elwynnbush02.m2;21895.06640625;35.26041030883789;25270.03515625;-11.75423812866211;294.51751708984375;-9.67635726928711;;0.9375;66782226;m2;189693;0;
..\..\world\azeroth\elwynn\passivedoodads\bush\elwynnbush02.m2;21896.634765625;23.63368034362793;25331.357421875;11.47562313079834;58.152313232421875;0.7832962274551392;;0.9375;66781108;m2;189693;0;
..\..\world\khazmodan\wetlands\passivedoodads\bushes\wetlandsshrub04.m2;22405.5;2.8188631534576416;25545.857421875;-20.02448844909668;308.98236083984375;2.242818832397461;;1;67069622;m2;203493;0;
..\..\models\unknown\unk_exp00_7569781\7569781.m2;22358.01953125;45.49935531616211;25236.37890625;4.632246017456055;24.368927001953125;14.483360290527344;;0.099609375;70514946;m2;7569781;0;
..\..\world\azeroth\elwynn\passivedoodads\bush\elwynnbush02.m2;21866.20703125;31.12868309020996;25197.06640625;-2.105158567428589;313.3179016113281;1.6820462942123413;;1.0048828125;66782639;m2;189693;0;
..\..\world\azeroth\elwynn\passivedoodads\cliffrocks\elwynncliffrock01.m2;22381.28125;4.7246994972229;25570.50390625;-6.030178070068359;302.2039794921875;13.561029434204102;;0.51953125;68186939;m2;189715;0;
..\..\world\generic\orc\passivedoodads\tents\durotarorctent01.m2;22097.154296875;28.21180534362793;25403.1484375;2.4202651977539062;119.54367065429688;0.7410575747489929;;0.9794921875;69524832;m2;199384;0;
..\..\models\unknown\unk_exp00_7569779\7569779.m2;22330.67578125;16.8699893951416;25539.107421875;9.699505805969238;118.18768310546875;14.292780876159668;;0.1494140625;68187008;m2;7569779;0;
..\..\world\azeroth\elwynn\passivedoodads\cliffrocks\elwynncliffrock02.m2;22005.51171875;24.122785568237305;25081.982421875;13.86204719543457;291.34088134765625;4.830261707305908;;0.5693359375;70619797;m2;189716;0;
..\..\world\azeroth\elwynn\passivedoodads\bush\elwynnbush01.m2;21901.427734375;29.53472328186035;25234.328125;10.61965560913086;120.41864013671875;1.789910912513733;;1.0302734375;66782231;m2;189692;0;
..\..\world\azeroth\elwynn\passivedoodads\bush\elwynnbush03.m2;21874.779296875;32.804283142089844;25308.8515625;15.122808456420898;87.21957397460938;7.7293009757995605;;1.1982421875;66782316;m2;189694;0;
..\..\world\azeroth\elwynn\passivedoodads\bush\elwynnbush01.m2;21924.23828125;24.19964027404785;25252;-14.31934928894043;234.75900268554688;5.096466541290283;;1.0302734375;66781685;m2;189692;0;
..\..\world\azeroth\elwynn\passivedoodads\trees\elwynntreemid01.m2;22385.66015625;50.20690155029297;25113.390625;0;269.5;0;;1.109375;69626176;m2;189932;0;
..\..\world\azeroth\elwynn\passivedoodads\bush\elwynnbush01.m2;21865.515625;34.51539993286133;25317.166015625;5.952309608459473;359.23089599609375;-10.443852424621582;;1.0302734375;66782938;m2;189692;0;
..\..\world\khazmodan\wetlands\passivedoodads\bushes\wetlandsshrub04.m2;22378.83984375;6.800654411315918;25605.248046875;-28.489757537841797;208.97947692871094;11.600346565246582;;0.919921875;67069452;m2;203493;0;
..\..\world\azeroth\elwynn\passivedoodads\bush\elwynnbush01.m2;21873.490234375;31.08673858642578;25201.84765625;-0.2765943706035614;144.67608642578125;-1.3949276208877563;;1.0302734375;66785685;m2;189692;0;
..\..\world\khazmodan\wetlands\passivedoodads\bushes\wetlandsshrub04.m2;22399.697265625;3.8923861980438232;25537.26171875;-20.692113876342773;291.05035400390625;-7.968656063079834;;1;67069755;m2;203493;0;
..\..\models\unknown\unk_exp00_7561408\7561408.m2;22382.6796875;49.53950881958008;25111.294921875;0;327.5;0;;1;69626173;m2;7561408;0;
..\..\models\unknown\unk_exp00_7561408\7561408.m2;22178.888671875;42.63715362548828;25079.943359375;0;318.5;0;;1;70620220;m2;7561408;0;
..\..\world\khazmodan\wetlands\passivedoodads\bushes\wetlandsshrub04.m2;22402.88671875;3.3093836307525635;25589.05078125;-25.641281127929688;165.7891845703125;6.951502323150635;;1;67069559;m2;203493;0;
..\..\world\azeroth\elwynn\passivedoodads\cliffrocks\elwynncliffrock01.m2;22330.5;12.599738121032715;25536.8828125;1.8000231981277466;81.10003662109375;4.55633020401001;;0.5595703125;68186901;m2;189715;0;
..\..\world\azeroth\elwynn\passivedoodads\cliffrocks\elwynncliffrock01.m2;22077.00390625;22.505876541137695;25266.11328125;7.062364101409912;7.29510498046875;-5.666459560394287;;0.5595703125;70620187;m2;189715;0;
..\..\world\azeroth\elwynn\passivedoodads\cliffrocks\elwynncliffrock02.m2;22010.64453125;24.609237670898438;25069.306640625;1.4143900871276855;55.964202880859375;9.086593627929688;;0.4697265625;70619990;m2;189716;0;
..\..\world\azeroth\elwynn\passivedoodads\cliffrocks\elwynncliffrock01.m2;21957.39453125;21.902246475219727;25152.888671875;8.0858736038208;101.20339965820312;0.26674336194992065;;0.5595703125;70619786;m2;189715;0;
..\..\world\azeroth\elwynn\passivedoodads\bush\elwynnbush03.m2;22385.3984375;49.81574249267578;25110.513671875;-0.9446311593055725;235.0439453125;-3.939910650253296;;1;69626174;m2;189694;0;
..\..\world\azeroth\elwynn\passivedoodads\bush\elwynnbush03.m2;21951.19140625;23.623382568359375;25144.95703125;-0.06529950350522995;24.98687744140625;2.920764923095703;;1;70619747;m2;189694;0;
..\..\world\khazmodan\wetlands\passivedoodads\bushes\wetlandsshrub05.m2;21965.3125;23.419666290283203;25326.328125;7.338801860809326;357.87103271484375;-2.144278049468994;;1;69524829;m2;203494;0;
..\..\models\unknown\unk_exp00_7561408\7561408.m2;22038.978515625;27.59895896911621;25102.833984375;-2.2028074264526367;183.14901733398438;-12.706226348876953;;0.8291015625;70619946;m2;7561408;0;
..\..\world\generic\orc\passivedoodads\tents\durotarorctent01.m2;22114.4609375;28.03950309753418;25397.0625;0;181.49998474121094;0;;1;69524799;m2;199384;0;
..\..\world\azeroth\elwynn\passivedoodads\cliffrocks\elwynncliffrock02.m2;22391.375;5.4651055335998535;25564.39453125;0.048432450741529465;300.4925842285156;6.707937717437744;;0.4697265625;68186935;m2;189716;0;
..\..\models\unknown\unk_exp00_7569779\7569779.m2;22343.4921875;13.542570114135742;25538.79296875;5.1307477951049805;190.92669677734375;12.427938461303711;;0.1494140625;68186986;m2;7569779;0;
..\..\world\khazmodan\wetlands\passivedoodads\bushes\wetlandsshrub04.m2;21996.58984375;23.695981979370117;25316.921875;-13.17575740814209;180.31207275390625;4.901828765869141;;1;69524854;m2;203493;0;
..\..\world\azeroth\elwynn\passivedoodads\cliffrocks\elwynncliffrock02.m2;22016.115234375;24.98053550720215;25084.599609375;6.5156121253967285;301.9037780761719;2.1864659786224365;;0.44921875;70619823;m2;189716;0;
..\..\world\azeroth\elwynn\passivedoodads\cliffrocks\elwynncliffrock02.m2;22064.1015625;24.759761810302734;25270.3671875;10.410200119018555;310.041748046875;-2.2723913192749023;;0.4296875;70620174;m2;189716;0;
..\..\world\azeroth\elwynn\passivedoodads\bush\elwynnbush02.m2;22073.765625;25.52741241455078;25274.44140625;-2.331594228744507;23.560760498046875;2.143521308898926;;0.7392578125;70620203;m2;189693;0;
..\..\world\azeroth\elwynn\passivedoodads\cliffrocks\elwynncliffrock02.m2;21918.44140625;22.949853897094727;25446.953125;9.470624923706055;335.04266357421875;4.562467575073242;;0.447265625;70620226;m2;189716;0;
..\..\world\azeroth\elwynn\passivedoodads\bush\elwynnbush02.m2;22156.310546875;25.91179084777832;25586.5625;-9.260978698730469;58.6700439453125;-1.2759499549865723;;0.7392578125;70639378;m2;189693;0;
..\..\world\khazmodan\wetlands\passivedoodads\bushes\wetlandsshrub04.m2;21907.8125;23.18977928161621;25380.0078125;-12.644100189208984;221.76808166503906;-0.5002616047859192;;0.8095703125;69524923;m2;203493;0;
..\..\world\azeroth\elwynn\passivedoodads\cliffrocks\elwynncliffrock02.m2;22174.796875;24.029329299926758;25475.03125;5.644678115844727;73.26211547851562;5.714687824249268;;0.4697265625;70505836;m2;189716;0;
..\..\world\azeroth\elwynn\passivedoodads\cliffrocks\elwynncliffrock02.m2;22178.140625;41.17764663696289;25083.427734375;10.085627555847168;312.8417663574219;13.698858261108398;;0.41796875;70620176;m2;189716;0;
..\..\world\khazmodan\wetlands\passivedoodads\bushes\wetlandsshrub04.m2;22023.37890625;23.43965721130371;25345.72265625;-7.347580432891846;52.09381103515625;1.041244387626648;;0.8095703125;69530153;m2;203493;0;
..\..\world\khazmodan\wetlands\passivedoodads\bushes\wetlandsshrub04.m2;21899.623046875;23.312482833862305;25510.66015625;-1.7389509677886963;35.064666748046875;2.345839262008667;;0.8095703125;69530157;m2;203493;0;
..\..\world\azeroth\elwynn\passivedoodads\cliffrocks\elwynncliffrock02.m2;21924.67578125;22.054933547973633;25422.73046875;10.580227851867676;328.96209716796875;9.807252883911133;;0.41796875;70620217;m2;189716;0;
..\..\world\khazmodan\wetlands\passivedoodads\bushes\wetlandsshrub04.m2;21924.83984375;23.403776168823242;25352.53125;6.022098064422607;67.19436645507812;1.667946457862854;;0.8095703125;69530152;m2;203493;0;
..\..\world\azeroth\elwynn\passivedoodads\cliffrocks\elwynncliffrock02.m2;22353.39453125;19.016080856323242;25457;-4.15913200378418;315.66705322265625;11.576702117919922;;0.4091796875;68186905;m2;189716;0;
..\..\world\azeroth\elwynn\passivedoodads\cliffrocks\elwynncliffrock01.m2;22160.169921875;38.97810363769531;25095.123046875;-4.582013130187988;59.8206787109375;29.13581085205078;;0.3916015625;70620225;m2;189715;0;
..\..\world\azeroth\elwynn\passivedoodads\cliffrocks\elwynncliffrock02.m2;22330.265625;16.289358139038086;25524.4765625;9.371809959411621;142.085693359375;3.7151741981506348;;0.4091796875;68187131;m2;189716;0;
..\..\world\khazmodan\wetlands\passivedoodads\bushes\wetlandsshrub04.m2;21973.75390625;23.840906143188477;25375.078125;-4.732316493988037;21.731689453125;0.8625741004943848;;0.8095703125;69524888;m2;203493;0;
..\..\world\azeroth\elwynn\passivedoodads\cliffrocks\elwynncliffrock02.m2;21945.83984375;22.423532485961914;25148.57421875;0;239.50006103515625;0;;0.4296875;70619965;m2;189716;0;
..\..\world\azeroth\elwynn\passivedoodads\cliffrocks\elwynncliffrock02.m2;22167.33203125;40.534793853759766;25094.7578125;10.580230712890625;65.46209716796875;9.807252883911133;;0.41796875;70620188;m2;189716;0;
..\..\world\azeroth\elwynn\passivedoodads\bush\elwynnbush05.m2;21900.462890625;24.67702865600586;25087.18359375;-1.2125017642974854;193.5260009765625;-3.2676749229431152;;0.939453125;67676510;m2;189696;0;
..\..\world\khazmodan\wetlands\passivedoodads\bushes\wetlandsshrub04.m2;21917.474609375;23.015390396118164;25483.650390625;0.8708686232566833;344.5975341796875;-2.75541353225708;;0.8095703125;69530158;m2;203493;0;
..\..\world\khazmodan\wetlands\passivedoodads\bushes\wetlandsshrub04.m2;21940.12890625;23.418521881103516;25390.01171875;7.6996355056762695;161.4525146484375;-2.1499485969543457;;0.8095703125;69524889;m2;203493;0;
..\..\world\azeroth\elwynn\passivedoodads\cliffrocks\elwynncliffrock02.m2;22368.85546875;13.970093727111816;25474.28515625;-4.159128665924072;151.66708374023438;11.57669734954834;;0.4091796875;68187006;m2;189716;0;
..\..\world\azeroth\elwynn\passivedoodads\cliffrocks\elwynncliffrock02.m2;21929.70703125;23.00748634338379;25423.5703125;9.470620155334473;117.04263305664062;4.562467098236084;;0.41796875;70620195;m2;189716;0;
..\..\world\generic\human\passivedoodads\outposts\generaloutpost04.m2;21873.79296875;23.546894073486328;25086.447265625;4.225388526916504;33.36456298828125;-10.896635055541992;;1;67676012;m2;198383;0;
..\..\world\azeroth\westfall\passivedoodads\westfallwagon\westfallwagon01.m2;22349.232421875;41.6485481262207;25173.796875;-9.758792877197266;165.8743896484375;-21.642602920532227;;1;69627344;m2;190657;0;
..\..\world\azeroth\elwynn\passivedoodads\cliffrocks\elwynncliffrock02.m2;21943.52734375;23.14708137512207;25159.37890625;7.697544097900391;304.73541259765625;2.6702868938446045;;0.3896484375;70619788;m2;189716;0;
..\..\world\generic\human\passivedoodads\outposts\generaloutpost04.m2;21904.39453125;24.938791275024414;25082.046875;0;151;0;;1;67676319;m2;198383;0;
..\..\world\khazmodan\wetlands\passivedoodads\bushes\wetlandsshrub04.m2;21900.646484375;23.29181671142578;25473.6328125;-2.0055017471313477;97.58126831054688;1.8383883237838745;;0.8095703125;69530147;m2;203493;0;
..\..\world\azeroth\elwynn\passivedoodads\cliffrocks\elwynncliffrock02.m2;21918.71484375;22.124893188476562;25439.9453125;9.47060775756836;289.54266357421875;4.562466621398926;;0.41796875;70620180;m2;189716;0;
..\..\world\khazmodan\wetlands\passivedoodads\dragonbones\dragonbonesskull.m2;21937.47265625;23.337711334228516;25467.34375;-11.000003814697266;229.99996948242188;-33.499996185302734;;0.775390625;70604263;m2;203507;0;
..\..\world\khazmodan\wetlands\passivedoodads\bushes\wetlandsshrub04.m2;21878.515625;23.19548797607422;25483.45703125;8.37630844116211;97.37570190429688;1.7134690284729004;;0.8095703125;69530148;m2;203493;0;
..\..\world\generic\human\passivedoodads\outposts\generaloutpost04.m2;21892.755859375;24.029130935668945;25092.02734375;0;107.00003051757812;0;;1;67676623;m2;198383;0;
..\..\world\khazmodan\wetlands\passivedoodads\dragonbones\dragonbonesskull.m2;22147.37890625;35.05540084838867;25325.48046875;3.2872087955474854;40.559112548828125;-34.88490295410156;;0.75;70604277;m2;203507;0;
..\..\world\azeroth\elwynn\passivedoodads\cliffrocks\elwynncliffrock01.m2;21928.841796875;22.119632720947266;25414.61328125;-7.192157745361328;339.1308898925781;11.243103981018066;;0.3916015625;70620209;m2;189715;0;
..\..\world\generic\human\passivedoodads\outposts\generaloutpost04.m2;21869.87890625;23.97743034362793;25073.482421875;0;16;0;;1;67675975;m2;198383;0;
..\..\world\khazmodan\wetlands\passivedoodads\dragonbones\dragonbonesbody.m2;21944.95703125;23.952098846435547;25465.61328125;-10.500655174255371;293.85406494140625;-56.1286735534668;;0.4697265625;70604261;m2;203501;0;
..\..\world\azeroth\elwynn\passivedoodads\cliffrocks\elwynncliffrock02.m2;22349.73046875;21.9598445892334;25451.3984375;-11.840187072753906;187.3110809326172;11.810247421264648;;0.4296875;68187110;m2;189716;0;
..\..\world\azeroth\elwynn\passivedoodads\cliffrocks\elwynncliffrock02.m2;22166.05078125;41.003597259521484;25087.177734375;9.470613479614258;348.0426025390625;4.562464237213135;;0.41796875;70620172;m2;189716;0;
..\..\world\azeroth\elwynn\passivedoodads\cliffrocks\elwynncliffrock02.m2;21929.390625;23.417409896850586;25436.9609375;10.085634231567383;189.841796875;13.698863983154297;;0.41796875;70620213;m2;189716;0;
..\..\world\azeroth\elwynn\passivedoodads\cliffrocks\elwynncliffrock02.m2;21949.322265625;23.736032485961914;25161.53125;0;282;0;;0.4296875;70619785;m2;189716;0;
..\..\world\azeroth\elwynn\passivedoodads\cliffrocks\elwynncliffrock02.m2;22354.625;43.01325225830078;25240.90625;0;326.5;0;;0.369140625;70514938;m2;189716;0;
..\..\world\azeroth\elwynn\passivedoodads\cliffrocks\elwynncliffrock02.m2;22147.125;22.942712783813477;25589.63671875;11.850744247436523;350.1896667480469;-0.5880494117736816;;0.4296875;70639330;m2;189716;0;
..\..\world\azeroth\elwynn\passivedoodads\bush\elwynnbush05.m2;21901.484375;24.024303436279297;25322.5078125;-10.732093811035156;212.8776092529297;4.161832809448242;;0.802734375;66784970;m2;189696;0;
..\..\world\khazmodan\wetlands\passivedoodads\bushes\wetlandsshrub06.m2;21907.7890625;30.124162673950195;25270.3046875;-6.99885892868042;317.6885986328125;-13.505623817443848;;2.181640625;66784414;m2;203495;0;
..\..\world\azeroth\elwynn\passivedoodads\cliffrocks\elwynncliffrock02.m2;22345.46875;12.2892484664917;25541.47265625;-10.58525562286377;300.1811218261719;-3.8752734661102295;;0.359375;68186910;m2;189716;0;
..\..\world\azeroth\elwynn\passivedoodads\cliffrocks\elwynncliffrock02.m2;22378.509765625;48.70740509033203;25113.51953125;-2.5127615928649902;299.3837890625;16.430877685546875;;0.349609375;69626175;m2;189716;0;
..\..\world\azeroth\elwynn\passivedoodads\cliffrocks\elwynncliffrock02.m2;22180.951171875;42.04075241088867;25090.490234375;2.76151967048645;289.6955261230469;15.439682006835938;;0.3671875;70620201;m2;189716;0;
..\..\world\azeroth\elwynn\passivedoodads\cliffrocks\elwynncliffrock02.m2;22151.326171875;25.824527740478516;25589.384765625;2.52150297164917;305.3916931152344;8.627659797668457;;0.349609375;70639407;m2;189716;0;
..\..\world\azeroth\elwynn\passivedoodads\cliffrocks\elwynncliffrock02.m2;22339.7421875;13.812352180480957;25536.8046875;9.37181282043457;44.585723876953125;3.7151806354522705;;0.33984375;68187081;m2;189716;0;
..\..\world\azeroth\elwynn\passivedoodads\cliffrocks\elwynncliffrock02.m2;22191.5859375;41.429710388183594;25089.73828125;9.470621109008789;87.54266357421875;4.562465190887451;;0.447265625;70620197;m2;189716;0;
..\..\world\azeroth\elwynn\passivedoodads\cliffrocks\elwynncliffrock01.m2;21927.572265625;21.75752067565918;25435.400390625;-2.386636257171631;165.04254150390625;1.7828333377838135;;0.3916015625;70620196;m2;189715;0;
..\..\world\azeroth\elwynn\passivedoodads\bush\elwynnbush09.m2;21960.6015625;24.00694465637207;25324.841796875;8.64002513885498;49.06915283203125;2.6457326412200928;;1.0390625;69524887;m2;189700;0;
..\..\world\generic\orc\passivedoodads\tents\durotarorctent02.m2;22080.609375;33.94097137451172;25147.890625;0;105.50003051757812;0;;1;69524815;m2;199385;0;
..\..\world\khazmodan\wetlands\passivedoodads\bushes\wetlandsshrub04.m2;21921.38671875;23.52430534362793;25358.59765625;-1.7389506101608276;237.56466674804688;2.345839023590088;;0.6494140625;69530186;m2;203493;0;
..\..\world\azeroth\elwynn\passivedoodads\cliffrocks\elwynncliffrock02.m2;22350.55859375;42.297950744628906;25237.32421875;7.890159606933594;44.09759521484375;3.227921485900879;;0.3291015625;70514959;m2;189716;0;
..\..\world\azeroth\elwynn\passivedoodads\cliffrocks\elwynncliffrock02.m2;22384.578125;5.736467361450195;25554.2421875;10.978808403015137;28.643829345703125;6.857287406921387;;0.33984375;68187124;m2;189716;0;
..\..\world\generic\orc\passivedoodads\tents\durotarorctent02.m2;22084.654296875;34.143890380859375;25117.224609375;0;284;0;;1;69524898;m2;199385;0;
..\..\world\azeroth\elwynn\passivedoodads\bush\elwynnbush05.m2;21899.3984375;31.031232833862305;25278.978515625;14.711790084838867;89.20361328125;3.788787841796875;;0.802734375;66784013;m2;189696;0;
..\..\world\azeroth\elwynn\passivedoodads\cliffrocks\elwynncliffrock01.m2;22177.416015625;40.23738479614258;25085.72265625;-2.38663649559021;277.54248046875;1.7828329801559448;;0.3916015625;70620199;m2;189715;0;
..\..\world\azeroth\elwynn\passivedoodads\cliffrocks\elwynncliffrock02.m2;22144.328125;24.036428451538086;25578.1484375;-3.3355016708374023;215.67881774902344;2.523531675338745;;0.3193359375;70639388;m2;189716;0;
..\..\world\khazmodan\wetlands\passivedoodads\bushes\wetlandsshrub06.m2;21887.00390625;35.35992431640625;25274.98046875;3.565591335296631;151.31234741210938;14.766304016113281;;1.9287109375;66781880;m2;203495;0;
..\..\world\azeroth\elwynn\passivedoodads\bush\elwynnbush03.m2;21888.265625;23.90908432006836;25092.404296875;-0.5515742301940918;149.5225830078125;-4.692488670349121;;0.6591796875;67676777;m2;189694;0;
..\..\world\khazmodan\wetlands\passivedoodads\bushes\wetlandsshrub06.m2;21902.08203125;31.51821517944336;25273.56640625;-14.285577774047852;234.37210083007812;5.192035675048828;;1.978515625;66783412;m2;203495;0;
..\..\world\khazmodan\wetlands\passivedoodads\bushes\wetlandsshrub06.m2;21889.681640625;26.85707664489746;25320.431640625;10.216221809387207;81.88861083984375;5.312623023986816;;2.181640625;66783168;m2;203495;0;
..\..\world\khazmodan\wetlands\passivedoodads\bushes\wetlandsshrub06.m2;21921.466796875;24.694067001342773;25256.265625;0.6105823516845703;162.33740234375;15.169387817382812;;1.951171875;66785100;m2;203495;0;
..\..\world\khazmodan\wetlands\passivedoodads\bushes\wetlandsshrub06.m2;21889.248046875;26.558822631835938;25323.06640625;-11.315984725952148;223.76638793945312;2.073580026626587;;1.998046875;66781740;m2;203495;0;
..\..\world\khazmodan\wetlands\passivedoodads\bushes\wetlandsshrub06.m2;21889.369140625;38.02479934692383;25266.591796875;-13.1602783203125;224.09547424316406;7.636240482330322;;1.8955078125;66784705;m2;203495;0;
..\..\world\azeroth\elwynn\passivedoodads\bush\elwynnbush02.m2;21880.37890625;23.447513580322266;25090.3125;0;329;0;;0.5390625;67676832;m2;189693;0;
..\..\world\khazmodan\wetlands\passivedoodads\bushes\wetlandsshrub06.m2;21899.162109375;30.034379959106445;25233.9453125;3.5763299465179443;53.5872802734375;-14.036275863647461;;1.939453125;66784479;m2;203495;0;
..\..\world\khazmodan\wetlands\passivedoodads\bushes\wetlandsshrub06.m2;21887.20703125;27.581527709960938;25320.55078125;-11.454673767089844;228.9532928466797;1.0489771366119385;;1.9755859375;66783946;m2;203495;0;
..\..\world\azeroth\elwynn\passivedoodads\cliffrocks\elwynncliffrock02.m2;22368.294921875;13.576469421386719;25477.419921875;-4.159122467041016;235.66708374023438;11.57669734954834;;0.2998046875;68187022;m2;189716;0;
..\..\world\khazmodan\wetlands\passivedoodads\bushes\wetlandsshrub06.m2;21899.603515625;23.46335792541504;25334.43359375;-4.7697577476501465;300.012939453125;-10.478498458862305;;1.9912109375;66782899;m2;203495;0;
..\..\world\azeroth\elwynn\passivedoodads\cliffrocks\elwynncliffrock02.m2;21922.197265625;23.32638931274414;25480.984375;-0.20782096683979034;28.89459228515625;-2.9621355533599854;;0.3095703125;69530159;m2;189716;0;
..\..\world\khazmodan\wetlands\passivedoodads\bushes\wetlandsshrub06.m2;21924.794921875;24.157922744750977;25254.255859375;-1.059609293937683;168.4967041015625;15.145223617553711;;1.939453125;66781145;m2;203495;0;
..\..\world\khazmodan\wetlands\passivedoodads\bushes\wetlandsshrub04.m2;21878.6171875;23.690338134765625;25490.43359375;-4.5263495445251465;268.0122985839844;3.6708216667175293;;0.6494140625;69530173;m2;203493;0;
..\..\world\khazmodan\wetlands\passivedoodads\bushes\wetlandsshrub06.m2;21890.884765625;35.998809814453125;25270.796875;-2.7179982662200928;174.664306640625;14.941761016845703;;1.9912109375;66783310;m2;203495;0;
..\..\world\khazmodan\wetlands\passivedoodads\bushes\wetlandsshrub06.m2;21905.9296875;31.342533111572266;25268.482421875;13.749029159545898;100.2020034790039;6.500354766845703;;1.998046875;66783988;m2;203495;0;
..\..\world\khazmodan\wetlands\passivedoodads\bushes\wetlandsshrub06.m2;21909.12890625;30.02251625061035;25268.1796875;13.119532585144043;105.39169311523438;7.706842422485352;;1.9755859375;66781400;m2;203495;0;
..\..\world\khazmodan\wetlands\passivedoodads\bushes\wetlandsshrub06.m2;21901.30859375;30.26862907409668;25237.84375;-25.114850997924805;312.7759704589844;5.355830669403076;;1.7080078125;66783517;m2;203495;0;
..\..\world\azeroth\elwynn\passivedoodads\cliffrocks\elwynncliffrock01.m2;22361.150390625;47.65158462524414;25244.78515625;0;178;0;;0.3896484375;70514914;m2;189715;0;
..\..\world\khazmodan\wetlands\passivedoodads\bushes\wetlandsshrub06.m2;21898.83203125;29.66105842590332;25230.03125;1.789910912513733;47.14556884765625;-8.880663871765137;;1.951171875;66784664;m2;203495;0;
..\..\world\azeroth\elwynn\passivedoodads\cliffrocks\elwynncliffrock02.m2;22067.791015625;24.93470573425293;25273.26171875;3.699993848800659;263.61187744140625;9.22396183013916;;0.349609375;70620177;m2;189716;0;
..\..\world\khazmodan\wetlands\passivedoodads\bushes\wetlandsshrub06.m2;21917.732421875;26.192344665527344;25261.93359375;2.452028274536133;155.5081787109375;14.986651420593262;;1.78515625;66786222;m2;203495;0;
..\..\world\azeroth\elwynn\passivedoodads\cliffrocks\elwynncliffrock02.m2;21932.48828125;23.704999923706055;25389.73828125;5.665943145751953;204.13198852539062;3.4474241733551025;;0.3095703125;69524816;m2;189716;0;
..\..\world\khazmodan\wetlands\passivedoodads\bushes\wetlandsshrub06.m2;21867.037109375;35.01041793823242;25315.37890625;-5.899608612060547;293.7030334472656;-9.891212463378906;;1.939453125;66785053;m2;203495;0;
..\..\world\khazmodan\wetlands\passivedoodads\bushes\wetlandsshrub06.m2;21895.5546875;24.933673858642578;25323.3671875;6.62591028213501;359.03094482421875;-9.422845840454102;;1.978515625;66783964;m2;203495;0;
..\..\world\khazmodan\wetlands\passivedoodads\bushes\wetlandsshrub06.m2;21870.541015625;33.49882507324219;25317.01953125;-6.957998752593994;287.36981201171875;-9.181341171264648;;1.951171875;66785134;m2;203495;0;
..\..\world\khazmodan\wetlands\passivedoodads\bushes\wetlandsshrub06.m2;21906.3203125;29.044715881347656;25238.734375;-15.708649635314941;320.4186706542969;-3.5763309001922607;;1.7373046875;66784751;m2;203495;0;
..\..\world\khazmodan\wetlands\passivedoodads\bushes\wetlandsshrub06.m2;21905.1875;23.746240615844727;25335.2890625;-8.630993843078613;275.9815368652344;-7.631704330444336;;1.9287109375;66786205;m2;203495;0;
..\..\world\azeroth\elwynn\passivedoodads\cliffrocks\elwynncliffrock02.m2;22143.06640625;23.76901626586914;25584.9453125;20.682621002197266;299.5713195800781;2.2720565795898438;;0.279296875;70639389;m2;189716;0;
..\..\world\khazmodan\wetlands\passivedoodads\bushes\wetlandsshrub06.m2;21913.53515625;27.976694107055664;25269.1015625;12.896608352661133;42.134521484375;-8.078404426574707;;1.6962890625;66785339;m2;203495;0;
..\..\world\khazmodan\wetlands\passivedoodads\bushes\wetlandsshrub06.m2;21904.974609375;23.689189910888672;25323.3984375;2.5099215507507324;131.78131103515625;11.228426933288574;;1.8125;66785247;m2;203495;0;
..\..\world\khazmodan\wetlands\passivedoodads\bushes\wetlandsshrub06.m2;21870.19140625;31.70382308959961;25198.40234375;-1.789910912513733;72.60958862304688;5.355825901031494;;1.951171875;66782401;m2;203495;0;
..\..\world\khazmodan\wetlands\passivedoodads\bushes\wetlandsshrub06.m2;21897.029296875;23.28281593322754;25338.15625;4.8904337882995605;349.0857238769531;-10.42325496673584;;1.8955078125;66781338;m2;203495;0;
..\..\world\khazmodan\wetlands\passivedoodads\bushes\wetlandsshrub06.m2;21915.29296875;27.50162696838379;25265.234375;-14.773719787597656;240.97271728515625;3.534424066543579;;1.8173828125;66784441;m2;203495;0;
..\..\world\khazmodan\wetlands\passivedoodads\bushes\wetlandsshrub06.m2;21892.32421875;34.852169036865234;25272.951171875;-14.938058853149414;244.0756378173828;2.7386415004730225;;1.8544921875;66782808;m2;203495;0;
..\..\world\khazmodan\wetlands\passivedoodads\bushes\wetlandsshrub06.m2;21896.6875;30.9680118560791;25281.388671875;5.725231647491455;6.27215576171875;-14.08402156829834;;1.8125;66782495;m2;203495;0;
..\..\world\khazmodan\wetlands\passivedoodads\bushes\wetlandsshrub06.m2;21862.98828125;35.35444641113281;25319.134765625;11.481651306152344;57.6817626953125;0.6896512508392334;;1.7998046875;66782129;m2;203495;0;
..\..\world\azeroth\elwynn\passivedoodads\cliffrocks\elwynncliffrock02.m2;22349.458984375;42.41244125366211;25246.63671875;2.1311099529266357;94.3817138671875;-16.192668914794922;;0.3291015625;70514919;m2;189716;0;
..\..\world\khazmodan\wetlands\passivedoodads\bushes\wetlandsshrub06.m2;21924.09375;24.164865493774414;25248.8046875;-11.83141040802002;294.0529479980469;-9.581415176391602;;1.7998046875;66785556;m2;203495;0;
..\..\world\khazmodan\wetlands\passivedoodads\bushes\wetlandsshrub06.m2;21864.560546875;31.25045394897461;25194.669921875;-7.125018119812012;65.61294555664062;-5.355825424194336;;1.78515625;66784314;m2;203495;0;
..\..\world\khazmodan\wetlands\passivedoodads\bushes\wetlandsshrub06.m2;21907.525390625;29.00984764099121;25242.498046875;8.880633354187012;32.6849365234375;-23.629383087158203;;1.5302734375;66782558;m2;203495;0;
..\..\world\khazmodan\wetlands\passivedoodads\bushes\wetlandsshrub06.m2;21900.546875;23.534561157226562;25331.9765625;8.072559356689453;8.40802001953125;-8.22057819366455;;1.8544921875;66783144;m2;203495;0;
..\..\world\khazmodan\wetlands\passivedoodads\bushes\wetlandsshrub06.m2;21886.80078125;38.5087776184082;25265.6484375;6.351384162902832;140.37020874023438;13.817418098449707;;1.6240234375;66784905;m2;203495;0;
..\..\world\khazmodan\wetlands\passivedoodads\bushes\wetlandsshrub06.m2;21881.33203125;30.13473129272461;25317.0390625;7.632321357727051;5.40869140625;-8.630481719970703;;1.8173828125;66781879;m2;203495;0;
..\..\world\khazmodan\wetlands\passivedoodads\bushes\wetlandsshrub06.m2;21904.34765625;29.11237907409668;25235.47265625;5.3558430671691895;177.665771484375;10.619641304016113;;1.7998046875;66786092;m2;203495;0;
..\..\world\khazmodan\wetlands\passivedoodads\bushes\wetlandsshrub06.m2;21891.4921875;36.78376770019531;25268.8984375;-9.688884735107422;305.59637451171875;-11.74398136138916;;1.6806640625;66781573;m2;203495;0;
..\..\world\khazmodan\wetlands\passivedoodads\bushes\wetlandsshrub06.m2;21877.271484375;31.63003158569336;25316.89453125;-8.03137493133545;280.32098388671875;-8.260791778564453;;1.78515625;66785602;m2;203495;0;
..\..\world\khazmodan\wetlands\passivedoodads\bushes\wetlandsshrub06.m2;21896.474609375;23.55188751220703;25332.28125;10.962776184082031;36.383453369140625;-3.501854181289673;;1.6552734375;66784708;m2;203495;0;
..\..\world\khazmodan\wetlands\passivedoodads\bushes\wetlandsshrub06.m2;21897.859375;32.0824089050293;25276.44921875;9.293533325195312;127.49859619140625;12.057747840881348;;1.6337890625;66784489;m2;203495;0;
..\..\world\khazmodan\wetlands\passivedoodads\bushes\wetlandsshrub06.m2;21872.16015625;31.41712188720703;25201.748046875;5.355825901031494;78.9027099609375;1.7899118661880493;;1.939453125;66786186;m2;203495;0;
..\..\world\azeroth\elwynn\passivedoodads\cliffrocks\elwynncliffrock02.m2;22392.296875;5.957365036010742;25558.33984375;6.874727249145508;96.74285888671875;7.899805545806885;;0.3095703125;68187119;m2;189716;0;
..\..\world\khazmodan\wetlands\passivedoodads\bushes\wetlandsshrub06.m2;21927.22265625;25.065645217895508;25267.015625;-10.509180068969727;207.71768188476562;11.018136024475098;;1.5458984375;66786015;m2;203495;0;
..\..\world\khazmodan\wetlands\passivedoodads\bushes\wetlandsshrub06.m2;21928.92578125;23.51024627685547;25243.08984375;4.305814266204834;148.47848510742188;14.571763038635254;;1.5302734375;66782611;m2;203495;0;
..\..\world\khazmodan\wetlands\passivedoodads\bushes\wetlandsshrub06.m2;21884.669921875;39.7100715637207;25263.1171875;-17.354026794433594;122.37053680419922;15.708638191223145;;1.4423828125;66783029;m2;203495;0;
..\..\world\khazmodan\wetlands\passivedoodads\bushes\wetlandsshrub06.m2;21889.30078125;35.60841751098633;25272.7578125;-1.1113561391830444;168.6876220703125;15.141779899597168;;1.6357421875;66783716;m2;203495;0;
..\..\world\khazmodan\wetlands\passivedoodads\bushes\wetlandsshrub06.m2;21885.46875;28.64095115661621;25316.2734375;-4.538898468017578;167.18310546875;10.579644203186035;;1.6962890625;66784473;m2;203495;0;
..\..\world\generic\orc\passivedoodads\banners\clanbanner.m2;21870.21875;24.11111068725586;25068.94140625;0;201.99998474121094;0;;1;67676325;m2;199056;0;
..\..\world\khazmodan\wetlands\passivedoodads\bushes\wetlandsshrub06.m2;21897.712890625;23.3383731842041;25335.0234375;11.108598709106445;69.44403076171875;3.0012547969818115;;1.6806640625;66784356;m2;203495;0;
..\..\world\khazmodan\wetlands\passivedoodads\bushes\wetlandsshrub06.m2;21927.369140625;23.807228088378906;25250.609375;15.074583053588867;67.62713623046875;-1.8187732696533203;;1.7080078125;66784024;m2;203495;0;
..\..\world\khazmodan\wetlands\passivedoodads\bushes\wetlandsshrub06.m2;21865.65234375;23.664722442626953;25164.583984375;-17.354042053222656;14.0404052734375;-20.556068420410156;;1.4423828125;66784156;m2;203495;0;
..\..\world\khazmodan\wetlands\passivedoodads\bushes\wetlandsshrub06.m2;21902.091796875;23.586610794067383;25334.63671875;-5.865642070770264;293.8988037109375;-9.911308288574219;;1.6357421875;66782452;m2;203495;0;
..\..\world\khazmodan\wetlands\passivedoodads\bushes\wetlandsshrub06.m2;21932.693359375;25.187170028686523;25269.078125;6.989927768707275;137.72613525390625;13.510187149047852;;1.4931640625;66783108;m2;203495;0;
..\..\world\generic\human\passivedoodads\outposts\generaloutpost05.m2;21896.609375;24.345834732055664;25089.62109375;0;149.50006103515625;0;;1;67676340;m2;198384;0;
..\..\world\azeroth\elwynn\passivedoodads\cliffrocks\elwynncliffrock02.m2;22068.603515625;25.74013328552246;25260.685546875;-3.6978025436401367;180.7232208251953;4.689799785614014;;0.3193359375;70620208;m2;189716;0;
..\..\world\generic\human\passivedoodads\outposts\generaloutpost05.m2;21878.04296875;23.640625;25088.94140625;0;49.5;0;;1;67676360;m2;198384;0;
..\..\world\khazmodan\wetlands\passivedoodads\bushes\wetlandsshrub06.m2;21894.400390625;35.785438537597656;25269.390625;-14.456757545471191;272.759765625;-4.684514999389648;;1.6552734375;66782221;m2;203495;0;
..\..\world\khazmodan\wetlands\passivedoodads\bushes\wetlandsshrub06.m2;21876.06640625;33.82007598876953;25305.921875;1.8008075952529907;333.1092529296875;-11.362019538879395;;1.5458984375;66785071;m2;203495;0;
..\..\world\khazmodan\wetlands\passivedoodads\bushes\wetlandsshrub06.m2;21926.162109375;23.855712890625;25245.62109375;15.179041862487793;75.61911010742188;0.26988327503204346;;1.7373046875;66782265;m2;203495;0;
..\..\world\khazmodan\wetlands\passivedoodads\bushes\wetlandsshrub06.m2;21900.28125;23.86260414123535;25325.265625;-11.001976013183594;251.39443969726562;-3.375298500061035;;1.6337890625;66785696;m2;203495;0;
..\..\world\khazmodan\wetlands\passivedoodads\bushes\wetlandsshrub06.m2;21882.359375;33.47846984863281;25235.369140625;-14.036251068115234;21.5714111328125;-14.036249160766602;;1.4931640625;66784208;m2;203495;0;
..\..\world\khazmodan\wetlands\passivedoodads\bushes\wetlandsshrub06.m2;21893.609375;25.235727310180664;25324.421875;-9.983548164367676;204.11138916015625;5.740991115570068;;1.54296875;66784564;m2;203495;0;
..\..\world\khazmodan\wetlands\passivedoodads\bushes\wetlandsshrub06.m2;21875.025390625;31.335763931274414;25204.630859375;3.5763447284698486;337.30865478515625;-6.950446618247952e-7;;1.7080078125;66784898;m2;203495;0;
..\..\world\khazmodan\wetlands\passivedoodads\bushes\wetlandsshrub06.m2;21897.697265625;23.30364227294922;25340.875;-9.950820922851562;264.65948486328125;-5.797858715057373;;1.6240234375;66785491;m2;203495;0;
..\..\world\khazmodan\wetlands\passivedoodads\bushes\wetlandsshrub06.m2;21913.388671875;28.315462112426758;25266.19140625;10.963314056396484;119.03475952148438;10.566581726074219;;1.5302734375;66786109;m2;203495;0;
..\..\world\khazmodan\wetlands\passivedoodads\bushes\wetlandsshrub06.m2;21886.62890625;31.636356353759766;25231.072265625;8.880670547485352;93.8828125;-10.61967658996582;;1.5458984375;66785657;m2;203495;0;
..\..\world\azeroth\elwynn\passivedoodads\bush\elwynnbush02.m2;22351.40625;42.36713409423828;25172.484375;0;303.5;0;;0.4091796875;69627345;m2;189693;0;
..\..\world\khazmodan\wetlands\passivedoodads\bushes\wetlandsshrub06.m2;21883.1796875;29.29422950744629;25318.08984375;-11.378376960754395;242.74090576171875;-1.6928683519363403;;1.5302734375;66784517;m2;203495;0;
..\..\world\khazmodan\wetlands\passivedoodads\bushes\wetlandsshrub06.m2;21863.83984375;42.77772521972656;25285.0703125;23.629384994506836;88.0985107421875;3.5763514041900635;;1.5302734375;66786075;m2;203495;0;
..\..\world\khazmodan\wetlands\passivedoodads\bushes\wetlandsshrub06.m2;21926.58203125;24.817401885986328;25264.72265625;6.952298164367676;137.88372802734375;13.52932357788086;;1.390625;66785472;m2;203495;0;
..\..\world\khazmodan\wetlands\passivedoodads\bushes\wetlandsshrub06.m2;21893.396484375;23.29337501525879;25342.37109375;-11.444881439208984;228.43101501464844;1.1526433229446411;;1.4423828125;66785432;m2;203495;0;
..\..\world\khazmodan\wetlands\passivedoodads\bushes\wetlandsshrub06.m2;21886.71875;27.997556686401367;25318.6328125;-9.644012451171875;200.84466552734375;6.2979631423950195;;1.4443359375;66782174;m2;203495;0;
..\..\world\azeroth\elwynn\passivedoodads\bush\elwynnbush06.m2;21871.478515625;23.780017852783203;25074.65625;0;98.5;0;;1;67676757;m2;189697;0;
..\..\world\khazmodan\wetlands\passivedoodads\bushes\wetlandsshrub06.m2;21902.34765625;32.016639709472656;25271.36328125;15.110596656799316;80.25543212890625;1.4818083047866821;;1.54296875;66781151;m2;203495;0;
..\..\world\khazmodan\wetlands\passivedoodads\bushes\wetlandsshrub06.m2;21889.03515625;39.37698745727539;25263.7734375;14.88768482208252;63.0364990234375;-3.006070137023926;;1.42578125;66784151;m2;203495;0;
..\..\world\azeroth\elwynn\passivedoodads\cliffrocks\elwynncliffrock01.m2;22357.40625;43.268409729003906;25187.390625;0;296.5;0;;0.2294921875;69626177;m2;189715;0;
..\..\world\khazmodan\wetlands\passivedoodads\bushes\wetlandsshrub06.m2;21905.818359375;30.66754150390625;25271.431640625;8.808255195617676;19.41278076171875;-12.414067268371582;;1.322265625;66781709;m2;203495;0;
..\..\world\khazmodan\wetlands\passivedoodads\bushes\wetlandsshrub06.m2;21888.9765625;31.31538200378418;25231.40234375;-7.125015735626221;21.7333984375;-12.339090347290039;;1.390625;66785906;m2;203495;0;
..\..\world\khazmodan\wetlands\passivedoodads\bushes\wetlandsshrub06.m2;21874.609375;35.22222137451172;25300.0625;-19.539836883544922;261.39837646484375;-0.30249741673469543;;1.4931640625;66783349;m2;203495;0;
..\..\world\lordaeron\alteracmountains\passivedoodads\bushes\alteracshrub02.m2;22329.623046875;17.543397903442383;25519.53515625;2.170046091079712;52.424774169921875;-6.8447041511535645;;0.7998046875;68186895;m2;203596;0;
..\..\world\khazmodan\wetlands\passivedoodads\bushes\wetlandsshrub06.m2;21894.916015625;23.239404678344727;25340.07421875;-7.927595138549805;187.4034881591797;8.360444068908691;;1.42578125;66781753;m2;203495;0;
..\..\world\khazmodan\wetlands\passivedoodads\bushes\wetlandsshrub06.m2;21891.708984375;26.12618637084961;25321.4453125;-0.14078357815742493;144.9129638671875;11.501184463500977;;1.322265625;66782109;m2;203495;0;
..\..\world\generic\orc\passivedoodads\hammocks\hammock03.m2;22084.046875;35.03277587890625;25114.34375;0;276.5;0;;0.7890625;69524908;m2;199162;0;
..\..\world\khazmodan\wetlands\passivedoodads\bushes\wetlandsshrub06.m2;21917.41015625;26.50162696838379;25264.390625;2.8718206882476807;153.9344482421875;14.91357135772705;;1.26171875;66782534;m2;203495;0;
..\..\world\azeroth\elwynn\passivedoodads\cliffrocks\elwynncliffrock02.m2;22063.759765625;25.03883171081543;25265.78125;10.41021728515625;270.04168701171875;-2.2723896503448486;;0.279296875;70620206;m2;189716;0;
..\..\world\azeroth\elwynn\passivedoodads\cliffrocks\elwynncliffrock02.m2;22327.431640625;17.6955623626709;25520.125;19.07423210144043;131.72091674804688;31.09341812133789;;0.19921875;68187116;m2;189716;0;
..\..\world\khazmodan\wetlands\passivedoodads\bushes\wetlandsshrub06.m2;21887.646484375;27.45254135131836;25320.4140625;11.038491249084473;37.69061279296875;-3.2524096965789795;;1.3046875;66784312;m2;203495;0;
..\..\world\khazmodan\wetlands\passivedoodads\bushes\wetlandsshrub06.m2;21900.638671875;23.711694717407227;25326.919921875;3.2085158824920654;128.23025512695312;11.05119800567627;;1.33984375;66786159;m2;203495;0;
..\..\world\generic\orc\passivedoodads\hammocks\hammock03.m2;22094.35546875;28.827295303344727;25398.822265625;-2.3464670181274414;304.54742431640625;-0.9492747783660889;;0.8095703125;69524843;m2;199162;0;
..\..\world\khazmodan\wetlands\passivedoodads\bushes\wetlandsshrub06.m2;21896.33203125;32.72494125366211;25275.82421875;4.835446357727051;2.753692626953125;-14.407994270324707;;1.33984375;66782139;m2;203495;0;
..\..\world\khazmodan\wetlands\passivedoodads\bushes\wetlandsshrub06.m2;21866.53125;41.80156326293945;25284.1171875;-10.619658470153809;314.97308349609375;-26.5650577545166;;1.15625;66785490;m2;203495;0;
..\..\world\khazmodan\wetlands\passivedoodads\bushes\wetlandsshrub06.m2;21910.9296875;28.98894691467285;25268.8359375;15.169593811035156;76.90277099609375;0.6059456467628479;;1.4443359375;66781810;m2;203495;0;
..\..\world\khazmodan\wetlands\passivedoodads\bushes\wetlandsshrub06.m2;21907.130859375;28.91785430908203;25240.556640625;20.556076049804688;158.00213623046875;20.55607032775879;;1.13671875;66785451;m2;203495;0;
..\..\world\khazmodan\wetlands\passivedoodads\bushes\wetlandsshrub06.m2;21867.197265625;34.50893020629883;25320.384765625;-11.100234985351562;218.83627319335938;3.032433271408081;;1.2734375;66782992;m2;203495;0;
..\..\world\khazmodan\wetlands\passivedoodads\bushes\wetlandsshrub06.m2;21874.5625;34.17753601074219;25307.79296875;-10.197786331176758;262.090087890625;-5.348337173461914;;1.390625;66783882;m2;203495;0;
..\..\world\khazmodan\wetlands\passivedoodads\bushes\wetlandsshrub06.m2;21914.728515625;28.08109474182129;25262.681640625;-12.43948745727539;218.97222900390625;8.772027015686035;;1.201171875;66783300;m2;203495;0;
..\..\world\khazmodan\wetlands\passivedoodads\bushes\wetlandsshrub06.m2;21891.982421875;25.24961280822754;25326.3671875;3.7839133739471436;125.25430297851562;10.869664192199707;;1.294921875;66782979;m2;203495;0;
..\..\world\azeroth\elwynn\passivedoodads\bush\elwynnbush06.m2;22360.701171875;44.1584587097168;25188.015625;0;0;0;;1;69626178;m2;189697;0;
..\..\world\khazmodan\wetlands\passivedoodads\bushes\wetlandsshrub06.m2;21901.71484375;32.99232864379883;25268.9296875;4.076629638671875;359.8157958984375;-14.63625717163086;;1.294921875;66785905;m2;203495;0;
..\..\world\khazmodan\wetlands\passivedoodads\bushes\wetlandsshrub06.m2;21882.50390625;40.13368225097656;25260.96484375;17.354026794433594;285.4346923828125;-14.036243438720703;;1.201171875;66782993;m2;203495;0;
..\..\world\azeroth\elwynn\passivedoodads\cliffrocks\elwynncliffrock02.m2;22391.41015625;7.520191669464111;25574.546875;11.574949264526367;82.2872314453125;7.76092529296875;;0.2294921875;68186863;m2;189716;0;
..\..\world\khazmodan\wetlands\passivedoodads\bushes\wetlandsshrub06.m2;21895.873046875;24.043169021606445;25328.416015625;1.7952477931976318;135.36053466796875;11.362968444824219;;1.2548828125;66785850;m2;203495;0;
..\..\world\khazmodan\wetlands\passivedoodads\bushes\wetlandsshrub06.m2;21899.671875;23.56231117248535;25330.1875;-9.474372863769531;199.31678771972656;6.551682472229004;;1.279296875;66785311;m2;203495;0;
..\..\world\khazmodan\wetlands\passivedoodads\bushes\wetlandsshrub06.m2;21901.1171875;29.57240867614746;25283.140625;-1.315906286239624;339.73199462890625;-15.125563621520996;;1.2001953125;66782470;m2;203495;0;
..\..\world\khazmodan\wetlands\passivedoodads\bushes\wetlandsshrub06.m2;21883.666015625;32.91608810424805;25234.23828125;-0.000011952831300732214;234.9802703857422;23.62941551208496;;1.119140625;66783083;m2;203495;0;
..\..\world\khazmodan\wetlands\passivedoodads\bushes\wetlandsshrub06.m2;21897.84765625;33.79252243041992;25271.02734375;6.601409912109375;9.8336181640625;-13.701680183410645;;1.2548828125;66783331;m2;203495;0;
..\..\world\azeroth\elwynn\passivedoodads\trees\stumps\elwynntreestump01.m2;21966.091796875;25.55729103088379;25095.326171875;2.4164252281188965;61.387786865234375;-1.3080635070800781;;0.7099609375;70619736;m2;189939;0;
..\..\world\khazmodan\wetlands\passivedoodads\bushes\wetlandsshrub06.m2;21903.33203125;29.17134666442871;25231.146484375;1.7899112701416016;339.2563171386719;-8.880675315856934;;1.2734375;66784128;m2;203495;0;
..\..\world\khazmodan\wetlands\passivedoodads\bushes\wetlandsshrub06.m2;21908.97265625;29.98909568786621;25268.623046875;-14.348098754882812;274.08203125;-5.013425350189209;;1.3046875;66782834;m2;203495;0;
..\..\world\generic\orc\passivedoodads\meatracks\smokedmeatrack01.m2;22115.4375;27.628313064575195;25391.9609375;0;179.5;0;;1;69524922;m2;199205;0;
..\..\world\generic\orc\passivedoodads\meatracks\smokedmeatrack01.m2;22079.740234375;33.870567321777344;25119.74609375;0;0;0;;1;69524828;m2;199205;0;
..\..\world\generic\orc\passivedoodads\meatracks\smokedmeatrack01.m2;22090.4921875;33.878936767578125;25115.19140625;0;0;0;;1;69524919;m2;199205;0;
..\..\world\azeroth\duskwood\passivedoodads\fence\duskwoodfencebottombroken.m2;21976.255859375;23.599206924438477;25107.734375;33.78310012817383;93.56866455078125;-12.725786209106445;;1;70619932;m2;189465;0;
..\..\world\khazmodan\wetlands\passivedoodads\bushes\wetlandsshrub06.m2;21891.984375;23.534509658813477;25345.1328125;10.640397071838379;31.6300048828125;-4.393204212188721;;1.201171875;66781902;m2;203495;0;
..\..\world\khazmodan\wetlands\passivedoodads\bushes\wetlandsshrub06.m2;21901.4921875;24.425065994262695;25318.48828125;11.32381820678711;43.9893798828125;-2.0298242568969727;;1.203125;66781958;m2;203495;0;
..\..\world\khazmodan\wetlands\passivedoodads\bushes\wetlandsshrub06.m2;21920.685546875;24.730817794799805;25251.615234375;14.246902465820312;95.23931884765625;5.299223899841309;;1.2734375;66783199;m2;203495;0;
..\..\world\azeroth\duskwood\passivedoodads\fence\duskwoodfencebottombroken.m2;21974.75;23.566612243652344;25108.51953125;48.67356491088867;289.4600830078125;11.867582321166992;;1;70619858;m2;189465;0;
..\..\world\khazmodan\wetlands\passivedoodads\bushes\wetlandsshrub06.m2;21903.919921875;30.17840003967285;25240.150390625;-22.10946273803711;324.80316162109375;-7.125020980834961;;1.08984375;66785065;m2;203495;0;
..\..\world\khazmodan\wetlands\passivedoodads\bushes\wetlandsshrub06.m2;21874.75;34.92216873168945;25301.962890625;15.708641052246094;115.0698471069336;17.35403060913086;;1.119140625;66782970;m2;203495;0;
..\..\world\khazmodan\wetlands\passivedoodads\bushes\wetlandsshrub06.m2;21885.734375;28.82562255859375;25314.6875;11.329245567321777;44.146148681640625;-1.9990497827529907;;1.185546875;66782346;m2;203495;0;
..\..\world\khazmodan\wetlands\passivedoodads\bushes\wetlandsshrub06.m2;21879.453125;30.991899490356445;25315.73828125;-8.261929512023926;278.69384765625;-8.030193328857422;;1.26171875;66781162;m2;203495;0;
..\..\world\khazmodan\wetlands\passivedoodads\bushes\wetlandsshrub06.m2;21909.87890625;27.962743759155273;25244.109375;-27.979480743408203;259.9322814941406;8.880667686462402;;1.15625;66782096;m2;203495;0;
..\..\world\azeroth\duskwood\passivedoodads\fence\duskwoodfencebottom.m2;21990;24.87125587463379;25106.6875;4.111231803894043;105.94155883789062;-91.11834716796875;;1;70619793;m2;189464;0;
..\..\world\khazmodan\wetlands\passivedoodads\bushes\wetlandsshrub06.m2;21885.796875;28.329008102416992;25318.482421875;-11.00944709777832;217.17770385742188;3.3504860401153564;;1.1650390625;66782197;m2;203495;0;
..\..\world\azeroth\duskwood\passivedoodads\fence\duskwoodfencebottombroken.m2;21975.59375;23.83350944519043;25106.697265625;43.4858512878418;114.15692138671875;11.772427558898926;;1;70619800;m2;189465;0;
..\..\world\generic\human\passivedoodads\lampposts\duskwoodlamppost.m2;21977.625;25.386089324951172;25107.62890625;4.674707412719727;270.48052978515625;-0.6862924695014954;;1;70619862;m2;198303;0;
..\..\world\khazmodan\wetlands\passivedoodads\bushes\wetlandsshrub06.m2;21929.380859375;23.426918029785156;25240.3125;7.5727219581604;13.9251708984375;-13.196480751037598;;1.15625;66783567;m2;203495;0;
..\..\world\khazmodan\wetlands\passivedoodads\bushes\wetlandsshrub06.m2;21879.5703125;30.633493423461914;25319;3.960024118423462;344.1097412109375;-10.80745792388916;;1.201171875;66785429;m2;203495;0;
..\..\world\khazmodan\wetlands\passivedoodads\bushes\wetlandsshrub06.m2;21868.380859375;23.06583595275879;25163.115234375;10.619722366333008;177.213623046875;-8.880692481994629;;1.201171875;66785845;m2;203495;0;
..\..\world\khazmodan\wetlands\passivedoodads\bushes\wetlandsshrub06.m2;21902.61328125;29.67172622680664;25281.212890625;-13.724128723144531;280.42559814453125;-6.553450107574463;;1.203125;66781901;m2;203495;0;
..\..\world\azeroth\duskwood\passivedoodads\fence\duskwoodfencebottom.m2;22048.1953125;30.39073371887207;25080.62890625;-10.947943687438965;164.24603271484375;9.375577926635742;;1;70619999;m2;189464;0;
..\..\world\generic\human\passivedoodads\lampposts\duskwoodlamppost.m2;21903.16796875;22.555212020874023;25131.40625;0;94;0;;1;70619864;m2;198303;0;
..\..\world\generic\human\passivedoodads\lampposts\duskwoodlamppost.m2;22041.431640625;29.53993034362793;25085.607421875;0;121.00003051757812;0;;1;70619909;m2;198303;0;
..\..\world\khazmodan\wetlands\passivedoodads\bushes\wetlandsshrub06.m2;21899.27734375;32.4293098449707;25273.66796875;-0.46289750933647156;342.8819580078125;-15.174532890319824;;1.119140625;66782563;m2;203495;0;
..\..\world\azeroth\duskwood\passivedoodads\fence\duskwoodfencebottombroken.m2;21919.03515625;23.267759323120117;25132.421875;-8.494935035705566;87.45428466796875;1.4272923469543457;;1;70619960;m2;189465;0;
..\..\world\khazmodan\wetlands\passivedoodads\bushes\wetlandsshrub06.m2;21894.255859375;34.20286178588867;25273.2109375;15.180173873901367;75.33187866210938;0.1947205513715744;;1.279296875;66782551;m2;203495;0;
..\..\world\khazmodan\wetlands\passivedoodads\bushes\wetlandsshrub06.m2;21914.66015625;27.52391242980957;25270.203125;-13.706531524658203;280.5828857421875;-6.590747356414795;;1.185546875;66785811;m2;203495;0;
..\..\world\khazmodan\wetlands\passivedoodads\bushes\wetlandsshrub06.m2;21903.904296875;24.16464614868164;25318.62890625;7.3808674812316895;104.68350219726562;8.846019744873047;;1.2001953125;66785900;m2;203495;0;
..\..\world\khazmodan\wetlands\passivedoodads\bushes\wetlandsshrub07.m2;22004.1484375;23.63640594482422;25315.5390625;0;152.00006103515625;0;;1.2099609375;69524848;m2;203496;0;
..\..\world\khazmodan\wetlands\passivedoodads\bushes\wetlandsshrub06.m2;21931.19140625;25.19613265991211;25268.36328125;1.4199962615966797;349.82977294921875;-15.11640739440918;;1.119140625;66783369;m2;203495;0;
..\..\world\khazmodan\wetlands\passivedoodads\bushes\wetlandsshrub06.m2;21911.57421875;28.84121322631836;25268.15234375;14.391630172729492;93.5633544921875;4.884696960449219;;1.1650390625;66784265;m2;203495;0;
..\..\world\azeroth\westfall\passivedoodads\westfallfence\westfallfence.m2;21894.953125;22.775651931762695;25130.419921875;3.4122354984283447;267.4850158691406;-5.047688961029053;;1;70619953;m2;190659;0;
..\..\world\azeroth\duskwood\passivedoodads\fence\duskwoodfencetop.m2;21899.037109375;23.15875816345215;25130.615234375;-5.107644557952881;260.6245422363281;-8.440019607543945;;1;70620047;m2;189471;0;
..\..\world\khazmodan\wetlands\passivedoodads\bushes\wetlandsshrub06.m2;21891.875;26.357074737548828;25319.22265625;-11.501550674438477;233.6774139404297;0.10838816314935684;;1.1103515625;66785389;m2;203495;0;
..\..\world\azeroth\westfall\passivedoodads\westfallfence\westfallfence.m2;21968.6171875;25.115127563476562;25108.466796875;-2.821308135986328;92.50927734375;0.8082995414733887;;1;70619994;m2;190659;0;
..\..\world\azeroth\duskwood\passivedoodads\fence\duskwoodfencetop.m2;21981.60546875;25.465335845947266;25108.05078125;-2.109919548034668;83.5103759765625;1.6731033325195312;;1;70620001;m2;189471;0;
..\..\world\khazmodan\wetlands\passivedoodads\bushes\wetlandsshrub06.m2;21897.890625;29.5463809967041;25285.86328125;-9.628336906433105;305.8910827636719;-11.79344367980957;;1.0703125;66785150;m2;203495;0;
..\..\world\khazmodan\wetlands\passivedoodads\bushes\wetlandsshrub06.m2;21896.3125;35.464107513427734;25268.921875;-12.450177192687988;219.0433349609375;8.756678581237793;;1.0166015625;66786016;m2;203495;0;
..\..\world\khazmodan\wetlands\passivedoodads\bushes\wetlandsshrub06.m2;21907.515625;29.74812126159668;25272.80078125;12.456759452819824;110.09036254882812;8.747517585754395;;1.1103515625;66782626;m2;203495;0;
..\..\world\azeroth\westfall\passivedoodads\westfallfence\westfallfence.m2;21923.015625;23.489559173583984;25131.53515625;-2.8257813453674316;102.467529296875;0.8151859641075134;;1;70619730;m2;190659;0;
..\..\world\khazmodan\wetlands\passivedoodads\bushes\wetlandsshrub06.m2;21927.421875;23.687471389770508;25244.169921875;-14.360005378723145;273.94146728515625;-4.978575229644775;;1.13671875;66781647;m2;203495;0;
..\..\world\azeroth\westfall\passivedoodads\westfallfence\westfallfence.m2;21972.77734375;25.208459854125977;25107.943359375;-0.3150714635848999;97.57675170898438;0.7123353481292725;;1;70620051;m2;190659;0;
..\..\world\khazmodan\wetlands\passivedoodads\bushes\wetlandsshrub06.m2;21897.216796875;24.287919998168945;25325.67578125;6.867671489715576;107.93093872070312;9.248906135559082;;1.119140625;66781391;m2;203495;0;
..\..\world\generic\ogre\passivedoodads\ogremeatchains\ogremeatchain03.m2;22118.98046875;29.47124671936035;25394.373046875;0;279;0;;0.7392578125;69530183;m2;198995;0;
..\..\world\azeroth\burningsteppes\passivedoodads\orctoolrackburningsteppes\orctoolrackburningsteppes.m2;22081.875;33.94618225097656;25150.890625;0;192;0;;1;69524845;m2;189204;0;
..\..\world\azeroth\westfall\passivedoodads\detail\westfallbush01.m2;22039.384765625;27.413705825805664;25103.89453125;7.9713850021362305;303.5725402832031;-2.129617929458618;;1;70619868;m2;190566;0;
..\..\world\khazmodan\wetlands\passivedoodads\bushes\wetlandsshrub06.m2;21896.490234375;29.53959083557129;25226.56640625;5.355826377868652;129.99566650390625;-1.7899112701416016;;1.08203125;66783405;m2;203495;0;
..\..\world\khazmodan\wetlands\passivedoodads\bushes\wetlandsshrub06.m2;21919.33203125;25.29818344116211;25259.951171875;-14.96711540222168;244.72332763671875;2.5715372562408447;;1.08203125;66783164;m2;203495;0;
..\..\world\azeroth\duskwood\passivedoodads\fence\duskwoodfencerail.m2;21912.0234375;23.118507385253906;25139.166015625;-3.428140163421631;350.22454833984375;34.751914978027344;;1;70619948;m2;189468;0;
..\..\world\khazmodan\wetlands\passivedoodads\bushes\wetlandsshrub06.m2;21924.8515625;24.775781631469727;25261.67578125;-12.225470542907715;217.57672119140625;9.070108413696289;;0.9619140625;66782571;m2;203495;0;
..\..\world\azeroth\duskwood\passivedoodads\fence\duskwoodfencerail.m2;21903.044921875;22.695117950439453;25131.484375;12.464800834655762;78.38009643554688;5.648289203643799;;1;70619925;m2;189468;0;
..\..\world\khazmodan\wetlands\passivedoodads\bushes\wetlandsshrub06.m2;21907.93359375;23.74801254272461;25319.77734375;11.092909812927246;69.7459716796875;3.0593984127044678;;1.0703125;66784077;m2;203495;0;
..\..\world\khazmodan\wetlands\passivedoodads\bushes\wetlandsshrub06.m2;21874.75;32.45376968383789;25316.685546875;8.161617279052734;9.03448486328125;-8.132149696350098;;1.08203125;66784878;m2;203495;0;
..\..\world\khazmodan\wetlands\passivedoodads\bushes\wetlandsshrub06.m2;21884.357421875;32.58546829223633;25233.509765625;-17.35403823852539;345.87298583984375;-10.619659423828125;;1.0009765625;66781214;m2;203495;0;
..\..\world\khazmodan\wetlands\passivedoodads\bushes\wetlandsshrub06.m2;21897.29296875;31.62028694152832;25278.837890625;7.750143051147461;14.691650390625;-13.094282150268555;;1.001953125;66783462;m2;203495;0;
..\..\world\azeroth\duskwood\passivedoodads\fence\duskwoodfencerail.m2;21981.662109375;26.167890548706055;25108.140625;-19.623159408569336;84.11123657226562;-9.994562149047852;;1;70619740;m2;189468;0;
..\..\world\khazmodan\wetlands\passivedoodads\bushes\wetlandsshrub06.m2;21902.546875;23.782726287841797;25324.353515625;0.813727855682373;140.21868896484375;11.473565101623535;;1.001953125;66783923;m2;203495;0;
..\..\world\khazmodan\wetlands\passivedoodads\bushes\wetlandsshrub06.m2;21898.6484375;29.59465217590332;25285.013671875;4.07866096496582;149.35260009765625;14.635658264160156;;0.9482421875;66785064;m2;203495;0;
..\..\world\khazmodan\wetlands\passivedoodads\bushes\wetlandsshrub06.m2;21914.859375;27.501272201538086;25271.841796875;-9.186369895935059;308.0045166015625;-12.138928413391113;;0.986328125;66782445;m2;203495;0;
..\..\world\lordaeron\alteracmountains\passivedoodads\bushes\alteracshrub02.m2;22075.978515625;26.70486068725586;25255.513671875;-4.865294933319092;46.9375;-1.3441650867462158;;0.599609375;70620210;m2;203596;0;
..\..\world\khazmodan\wetlands\passivedoodads\bushes\wetlandsshrub06.m2;21875.1875;34.64951705932617;25302.75390625;-11.375856399536133;225.61471557617188;1.7099206447601318;;1.0009765625;66781959;m2;203495;0;
..\..\world\khazmodan\wetlands\passivedoodads\bushes\wetlandsshrub06.m2;21928.33203125;23.642133712768555;25247.296875;15.111882209777832;80.20303344726562;1.468177318572998;;1.08984375;66782145;m2;203495;0;
..\..\world\azeroth\duskwood\passivedoodads\fence\duskwoodfencerail.m2;22048.994140625;29.18971061706543;25083.609375;25.25933074951172;88.34893798828125;-0.6151766180992126;;1;70619851;m2;189468;0;
..\..\world\khazmodan\wetlands\passivedoodads\bushes\wetlandsshrub06.m2;21895.01953125;23.817462921142578;25330.9375;3.973186731338501;344.17901611328125;-10.802629470825195;;1.0166015625;66783317;m2;203495;0;
..\..\world\azeroth\burningsteppes\passivedoodads\orcsleepmats\orcsleepmat03.m2;22096.42578125;28.21180534362793;25401.15234375;0;60.5;0;;1;69524863;m2;189198;0;
..\..\world\azeroth\westfall\passivedoodads\westfallfence\westfallfence.m2;22045.265625;30.01909828186035;25083.40625;-4.364062786102295;119.03842163085938;4.463710308074951;;1;70619734;m2;190659;0;
..\..\world\azeroth\burningsteppes\passivedoodads\orcsleepmats\orcsleepmat03.m2;22086.34765625;33.93055725097656;25116.42578125;0;124.00003051757812;0;;1;69524903;m2;189198;0;
..\..\world\khazmodan\wetlands\passivedoodads\bushes\wetlandsshrub06.m2;21866.52734375;31.56641960144043;25196.27734375;1.7899113893508911;154.47705078125;0;;1.08203125;66785070;m2;203495;0;
..\..\world\lordaeron\alteracmountains\passivedoodads\bushes\alteracshrub02.m2;22139.1953125;23.875;25577.5703125;-7.055779933929443;113.75081634521484;-1.2539496421813965;;0.599609375;70639400;m2;203596;0;
..\..\world\khazmodan\wetlands\passivedoodads\bushes\wetlandsshrub06.m2;21892.482421875;30.6918888092041;25231.01953125;14.036250114440918;103.6744384765625;-10.619656562805176;;0.9619140625;66784786;m2;203495;0;
..\..\world\generic\orc\passivedoodads\braziers\tallbrazier01.m2;21866.25;24.28819465637207;25065.044921875;-0.000021984671548125334;272.5;1.4999799728393555;;1;67676232;m2;199141;0;
..\..\world\khazmodan\wetlands\passivedoodads\bushes\wetlandsshrub06.m2;21930.263671875;25.11416244506836;25268.04296875;13.536958694458008;102.0550765991211;6.937503814697266;;1.0009765625;66782291;m2;203495;0;
..\..\world\generic\dwarf\passivedoodads\excavationbarrierplank\excavationbarrierplank.m2;22112.48828125;28.539018630981445;25394.603515625;85.49980163574219;164.50018310546875;-12.999999046325684;;0.33984375;69524800;m2;197337;0;
..\..\world\azeroth\duskwood\passivedoodads\fence\duskwoodfencerail.m2;21981.640625;26.584144592285156;25108.076171875;-27.2545166015625;287.5054931640625;178.18617248535156;;1;70619880;m2;189468;0;
..\..\world\azeroth\duskwood\passivedoodads\fence\duskwoodfencerail.m2;21903.296875;24.04528045654297;25131.353515625;-29.739009857177734;257.7803955078125;-2.774360418319702;;1;70619968;m2;189468;0;
..\..\world\azeroth\duskwood\passivedoodads\fence\duskwoodfencerail.m2;21907.515625;22.693363189697266;25137.826171875;0.3230687975883484;32.10009765625;51.42231750488281;;1;70619870;m2;189468;0;
..\..\world\azeroth\burningsteppes\passivedoodads\orcsleepmats\orcsleepmat02.m2;22079.685546875;33.93923568725586;25148.03515625;0;18.501007080078125;0;;1;69524897;m2;189197;0;
..\..\world\generic\ogre\passivedoodads\ogremeatchains\ogremeatchain02.m2;22117.541015625;29.03476905822754;25395.1640625;0;357.5;0;;0.6796875;69530180;m2;198994;0;
..\..\world\khazmodan\wetlands\passivedoodads\bushes\wetlandsshrub06.m2;21909.900390625;23.666414260864258;25319.05859375;-1.2120065689086914;318.25323486328125;-11.438791275024414;;0.9287109375;66785368;m2;203495;0;
..\..\world\khazmodan\wetlands\passivedoodads\bushes\wetlandsshrub06.m2;21873.046875;34.08363723754883;25311.0234375;3.7001986503601074;342.75140380859375;-10.898250579833984;;0.9619140625;66784637;m2;203495;0;
..\..\world\khazmodan\wetlands\passivedoodads\bushes\wetlandsshrub06.m2;21886.95703125;28.424606323242188;25313.5703125;10.971466064453125;71.91403198242188;3.474320888519287;;0.986328125;66783064;m2;203495;0;
..\..\world\khazmodan\wetlands\passivedoodads\bushes\wetlandsshrub06.m2;21897.34375;29.38303565979004;25287.89453125;-7.291442394256592;192.7227783203125;13.352029800415039;;0.9287109375;66781532;m2;203495;0;
..\..\world\azeroth\duskwood\passivedoodads\fence\duskwoodfencerail.m2;21922.9296875;24.84666633605957;25131.54296875;-33.200469970703125;283.698486328125;0.3995125889778137;;1;70619818;m2;189468;0;
..\..\world\khazmodan\wetlands\passivedoodads\bushes\wetlandsshrub07.m2;21904.056640625;23.19097328186035;25484.5546875;0;150.00003051757812;0;;1;69530160;m2;203496;0;
..\..\world\khazmodan\wetlands\passivedoodads\bushes\wetlandsshrub07.m2;21877.34375;23.256738662719727;25477.3828125;0;150.00003051757812;0;;1;69530161;m2;203496;0;
..\..\world\khazmodan\wetlands\passivedoodads\bushes\wetlandsshrub07.m2;21878.244140625;23.475372314453125;25496.7734375;0;150.00003051757812;0;;1;69530177;m2;203496;0;
..\..\world\khazmodan\wetlands\passivedoodads\bushes\wetlandsshrub07.m2;21917.84765625;23.56944465637207;25363.869140625;0;119.50003051757812;0;;1;69530171;m2;203496;0;
..\..\world\khazmodan\wetlands\passivedoodads\bushes\wetlandsshrub07.m2;21926.9140625;23.34895896911621;25346.703125;0;119.50003051757812;0;;1;69530187;m2;203496;0;
..\..\world\azeroth\duskwood\passivedoodads\fence\duskwoodfencetop.m2;22035.669921875;27.978809356689453;25091.0078125;14.1836576461792;314.88427734375;-3.588229179382324;;1;70619814;m2;189471;0;
..\..\world\khazmodan\wetlands\passivedoodads\bushes\wetlandsshrub07.m2;21931.404296875;23.44618034362793;25478.87890625;0;25;0;;1;69530166;m2;203496;0;
..\..\world\khazmodan\wetlands\passivedoodads\bushes\wetlandsshrub07.m2;21877.599609375;23.60980796813965;25506.837890625;0;25;0;;1;69530170;m2;203496;0;
..\..\world\khazmodan\wetlands\passivedoodads\bushes\wetlandsshrub07.m2;21911.494140625;23.34375;25505.482421875;0;25;0;;1;69530185;m2;203496;0;
..\..\world\khazmodan\wetlands\passivedoodads\bushes\wetlandsshrub07.m2;21893.90625;23.135725021362305;25516.390625;0;65.50003051757812;0;;1;69530155;m2;203496;0;
..\..\world\khazmodan\wetlands\passivedoodads\bushes\wetlandsshrub06.m2;21867.546875;23.140485763549805;25163.787109375;15.70864486694336;113.50969696044922;-18.970415115356445;;0.810546875;66783467;m2;203495;0;
..\..\world\khazmodan\wetlands\passivedoodads\bushes\wetlandsshrub07.m2;21905.341796875;23.48712921142578;25508.01171875;0;203.5;0;;1;69530172;m2;203496;0;
..\..\world\khazmodan\wetlands\passivedoodads\bushes\wetlandsshrub06.m2;21864.724609375;31.945220947265625;25201.884765625;5.355825424194336;127.98464965820312;-8.575174206271186e-7;;0.9619140625;66786155;m2;203495;0;
..\..\world\khazmodan\wetlands\passivedoodads\dragonbones\dragonbonesskull.m2;22033.83203125;27.329696655273438;25100.7734375;1.001932144165039;241.6179962158203;37.781368255615234;;0.2734375;70619737;m2;203507;0;
..\..\world\khazmodan\wetlands\passivedoodads\bushes\wetlandsshrub06.m2;21875.69140625;31.384437561035156;25201.755859375;5.355936527252197;349.6075439453125;-0.000005037915798311587;;1.08984375;66785766;m2;203495;0;
..\..\world\khazmodan\wetlands\passivedoodads\bushes\wetlandsshrub06.m2;21929.61328125;24.73928451538086;25264.53125;2.0134546756744385;157.14398193359375;15.050385475158691;;0.85546875;66782575;m2;203495;0;
..\..\world\khazmodan\wetlands\passivedoodads\bushes\wetlandsshrub07.m2;21922.591796875;23.411579132080078;25390.99609375;0;199.99996948242188;0;;1;69524804;m2;203496;0;
..\..\world\khazmodan\wetlands\passivedoodads\bushes\wetlandsshrub07.m2;21903.5234375;22.845664978027344;25384.59375;0;199.99996948242188;0;;1;69524837;m2;203496;0;
..\..\world\khazmodan\wetlands\passivedoodads\bushes\wetlandsshrub07.m2;21963.982421875;23.52202796936035;25381.029296875;0;74.00003051757812;0;;1;69524850;m2;203496;0;
..\..\world\khazmodan\wetlands\passivedoodads\bushes\wetlandsshrub07.m2;21979.931640625;23.36317253112793;25373.8359375;0;190;0;;1;69524927;m2;203496;0;
..\..\world\khazmodan\wetlands\passivedoodads\bushes\wetlandsshrub07.m2;21900.9375;23.4930477142334;25467.337890625;0;266;0;;1;69530179;m2;203496;0;
..\..\world\khazmodan\wetlands\passivedoodads\bushes\wetlandsshrub06.m2;21906.81640625;23.831342697143555;25319.625;-8.894143104553223;273.9534606933594;-7.322712421417236;;0.9482421875;66784426;m2;203495;0;
..\..\world\khazmodan\wetlands\passivedoodads\bushes\wetlandsshrub06.m2;21887.8125;32.18498229980469;25234.32421875;-1.7899096012115479;41.716339111328125;-17.354042053222656;;0.85546875;66786024;m2;203495;0;
..\..\world\khazmodan\wetlands\passivedoodads\bushes\wetlandsshrub06.m2;21904.76953125;30.92616844177246;25272.13671875;-11.250724792480469;211.73580932617188;10.259401321411133;;0.822265625;66783226;m2;203495;0;
..\..\world\khazmodan\wetlands\passivedoodads\bushes\wetlandsshrub06.m2;21889.64453125;27.108814239501953;25318.4765625;-4.441855430603027;301.7792053222656;-10.620338439941406;;0.8876953125;66781418;m2;203495;0;
..\..\world\khazmodan\wetlands\passivedoodads\bushes\wetlandsshrub06.m2;21909.39453125;29.322763442993164;25271.357421875;-3.1784305572509766;176.3973388671875;14.852625846862793;;0.8876953125;66783465;m2;203495;0;
..\..\world\azeroth\westfall\passivedoodads\westfallfence\westfallfence.m2;22038.39453125;29.05034828186035;25088.177734375;6.943066120147705;312.21380615234375;-6.307908058166504;;1;70619804;m2;190659;0;
..\..\world\azeroth\westfall\passivedoodads\detail\westfallbush01.m2;21977.01953125;25.105897903442383;25106.69140625;3.237178325653076;188.46206665039062;-0.6061352491378784;;1;70619938;m2;190566;0;
..\..\world\khazmodan\wetlands\passivedoodads\bushes\wetlandsshrub06.m2;21926.05078125;23.21006965637207;25481.77734375;0;345.5;0;;1;69530176;m2;203495;0;
..\..\world\generic\orc\passivedoodads\hammocks\hammock02.m2;22091.634765625;28.9291934967041;25400.53515625;-2.181009292602539;252.00350952148438;1.2847243547439575;;1;69524793;m2;199161;0;
..\..\world\azeroth\elwynn\passivedoodads\bush\elwynnbush09.m2;21873.208984375;23.99131965637207;25084.4609375;1.568184494972229;88.10540771484375;0.15518984198570251;;0.5595703125;67676181;m2;189700;0;
..\..\world\generic\orc\passivedoodads\hammocks\hammock02.m2;22087.12890625;34.1994514465332;25113.919921875;0;122;0;;1;69524805;m2;199161;0;
..\..\world\generic\orc\passivedoodads\hammocks\hammock02.m2;22095.39453125;34.18144607543945;25137.509765625;0;159.033447265625;0;;1;69524930;m2;199161;0;
..\..\world\azeroth\burningsteppes\passivedoodads\orcsleepmats\orcsleepmat01.m2;22096.255859375;28.21180534362793;25404.109375;0;38.0059814453125;0;;1;69524932;m2;189196;0;
..\..\world\khazmodan\wetlands\passivedoodads\bushes\wetlandsshrub06.m2;21892.291015625;23.444223403930664;25344.103515625;0.8399826288223267;328.3528747558594;-11.471665382385254;;0.810546875;66786272;m2;203495;0;
..\..\world\khazmodan\wetlands\passivedoodads\bushes\wetlandsshrub06.m2;21892.87890625;25.777435302734375;25321.92578125;2.5869245529174805;337.049560546875;-11.211099624633789;;0.822265625;66782849;m2;203495;0;
..\..\world\azeroth\burningsteppes\passivedoodads\orcsleepmats\orcsleepmat01.m2;22082.28125;33.99293518066406;25146.26953125;-1.809207797050476;56.018646240234375;-0.9973434805870056;;1;69524792;m2;189196;0;
..\..\world\azeroth\burningsteppes\passivedoodads\orcsleepmats\orcsleepmat01.m2;22100.529296875;33.92708206176758;25138.212890625;0;56.01898193359375;0;;1;69530175;m2;189196;0;
..\..\world\khazmodan\wetlands\passivedoodads\bushes\wetlandsshrub06.m2;21927.623046875;24.617752075195312;25262.97265625;8.574536323547363;18.345703125;-12.575437545776367;;0.78515625;66783303;m2;203495;0;
..\..\world\azeroth\burningsteppes\passivedoodads\orcsleepmats\orcsleepmat01.m2;22083.86328125;33.93576431274414;25115.52734375;0;122;0;;1;69524876;m2;189196;0;
..\..\world\khazmodan\wetlands\passivedoodads\bushes\wetlandsshrub06.m2;21928.82421875;23.65418243408203;25389.716796875;0;171;0;;1;69524883;m2;203495;0;
..\..\world\khazmodan\wetlands\passivedoodads\bushes\wetlandsshrub06.m2;21872.6953125;35.46345901489258;25305.33984375;-7.784797191619873;282.0113525390625;-8.493348121643066;;0.85546875;66784138;m2;203495;0;
..\..\world\azeroth\duskwood\passivedoodads\fence\duskwoodfencerail.m2;22050.37890625;29.07270050048828;25078.009765625;32.5125846862793;143.06109619140625;3.2999963760375977;;1;70619886;m2;189468;0;
..\..\world\khazmodan\wetlands\passivedoodads\bushes\wetlandsshrub06.m2;21888.87890625;35.10983657836914;25274.4453125;-13.817591667175293;229.60159301757812;6.350949287414551;;0.7705078125;66785409;m2;203495;0;
..\..\world\khazmodan\wetlands\passivedoodads\bushes\wetlandsshrub06.m2;21872.546875;35.31791305541992;25307.92578125;0.07469817250967026;143.85406494140625;11.501769065856934;;0.78515625;66786228;m2;203495;0;
..\..\world\azeroth\elwynn\passivedoodads\bush\elwynnbush09.m2;22350.69140625;42.48162841796875;25174.22265625;0;30;0;;0.4091796875;69627343;m2;189700;0;
..\..\world\khazmodan\wetlands\passivedoodads\bushes\wetlandsshrub06.m2;21890.0859375;31.47784423828125;25233.08984375;-10.61967945098877;264.43487548828125;10.619665145874023;;0.78515625;66781525;m2;203495;0;
..\..\world\khazmodan\wetlands\passivedoodads\dragonbones\dragonbonesbody.m2;22033.841796875;27.237367630004883;25103.75390625;-9.768378257751465;168.0001220703125;9.812334060668945;;0.166015625;70620034;m2;203501;0;
..\..\world\generic\passivedoodads\hides\hidestack01.m2;22082.1796875;33.96076202392578;25117.3515625;0;189.5;0;;0.859375;69524929;m2;199795;0;
..\..\world\khazmodan\wetlands\passivedoodads\bushes\wetlandsshrub06.m2;21884.265625;39.09722137451172;25265.55078125;-12.339088439941406;202.88902282714844;-1.7899106740951538;;0.810546875;66781142;m2;203495;0;
..\..\world\generic\orc\passivedoodads\barrelsandcrates\orccrate03.m2;21906;24.23263931274414;25072.740234375;-4.0000224113464355;222;2.000007152557373;;1;67675966;m2;199096;0;
..\..\world\khazmodan\wetlands\passivedoodads\bushes\wetlandsshrub06.m2;21903.701171875;23.643848419189453;25334.015625;5.84392786026001;354.4185791015625;-9.924033164978027;;0.7705078125;66786301;m2;203495;0;
..\..\world\generic\orc\passivedoodads\barrelsandcrates\orccrate03.m2;21867.87890625;24.39236068725586;25068.73828125;0;221.99996948242188;0;;1;67676495;m2;199096;0;
..\..\world\khazmodan\wetlands\passivedoodads\bushes\wetlandsshrub06.m2;21904.427734375;23.06076431274414;25486.01953125;0;144.50003051757812;0;;0.7890625;69530162;m2;203495;0;
..\..\world\khazmodan\wetlands\passivedoodads\bushes\wetlandsshrub06.m2;21892.482421875;23.21354103088379;25516.90234375;0;60.000030517578125;0;;0.7890625;69530189;m2;203495;0;
..\..\world\generic\passivedoodads\lights\generaltorch01.m2;22096.23828125;28.21180534362793;25398.47265625;1.789910912513733;57.500030517578125;-1.7899106740951538;;1;69524833;m2;199820;0;
..\..\world\khazmodan\wetlands\passivedoodads\bushes\wetlandsshrub06.m2;21962.6484375;23.59148406982422;25381.744140625;0;68.50003051757812;0;;0.7890625;69524881;m2;203495;0;
..\..\world\generic\passivedoodads\lights\generaltorch01.m2;22077.375;33.9131965637207;25150.353515625;0;56;0;;1;69524842;m2;199820;0;
..\..\world\generic\passivedoodads\lights\generaltorch01.m2;22079.8125;34.1944465637207;25115.81640625;0;121.50006103515625;0;;1;69524902;m2;199820;0;
..\..\world\azeroth\elwynn\passivedoodads\bush\elwynnbush09.m2;21873.681640625;23.53298568725586;25088.2734375;-3.7811334133148193;273.7073059082031;-5.852736473083496;;0.4296875;67676452;m2;189700;0;
..\..\world\azeroth\westfall\passivedoodads\detail\westfallbush01.m2;21978.591796875;25.37847328186035;25107.029296875;2.423858404159546;77.43194580078125;-2.230285882949829;;0.75;70619866;m2;190566;0;
..\..\world\generic\orc\passivedoodads\barrelsandcrates\orccrate03.m2;22118.31640625;27.69618034362793;25391.53125;0;291.5;0;;1;69530156;m2;199096;0;
..\..\world\generic\orc\passivedoodads\rugs\furrug01.m2;22099.28125;33.92708206176758;25135.62890625;0;23.557861328125;0;;1.7099609375;69524879;m2;199241;0;
..\..\world\azeroth\westfall\passivedoodads\westfallfence\westfallfencepost.m2;21964.42578125;24.8255558013916;25108.66015625;-5.464325904846191;90.35064697265625;0.5521745085716248;;1.0693359375;70619743;m2;190661;0;
..\..\world\generic\passivedoodads\lights\freestandingtorch01.m2;22104.009765625;33.92708206176758;25139.73828125;0;283.8539733886719;0;;1;69524885;m2;199815;0;
..\..\world\azeroth\elwynn\passivedoodads\cliffrocks\elwynncliffrock02.m2;22348.97265625;12.369210243225098;25536.326171875;-12.503312110900879;276.9618835449219;0.7081584334373474;;0.119140625;68186896;m2;189716;0;
..\..\world\generic\orc\passivedoodads\barrelsandcrates\orccrate08.m2;22083.58203125;33.91212463378906;25152.490234375;0;127.5052490234375;0;;1.1416015625;69524825;m2;199100;0;
..\..\world\generic\orc\passivedoodads\weapons\orcaxe03.m2;22076.17578125;33.70833206176758;25146.087890625;22.500001907348633;53;3.999990940093994;;1;69524839;m2;199434;0;
..\..\world\generic\orc\passivedoodads\feedingtroughs\feedtroph01.m2;22118.36328125;27.69618034362793;25395.15625;-1.577694296836853;99.93084716796875;1.3359098434448242;;1;69524835;m2;199153;0;
..\..\world\generic\orc\passivedoodads\weapons\orcaxe03.m2;22076.677734375;33.75868225097656;25145.51953125;-26.50004005432129;191.00003051757812;3.0000317096710205;;1;69524926;m2;199434;0;
..\..\world\lordaeron\alteracmountains\passivedoodads\bushes\alteracshrub02.m2;21966.2578125;25.61979103088379;25096.94140625;1.1158242225646973;22.980377197265625;-1.4275712966918945;;0.3779296875;70619833;m2;203596;0;
..\..\world\generic\orc\passivedoodads\barrelsandcrates\orccrate08.m2;22120.28125;27.69618034362793;25392.400390625;-3.702965259552002;240.33065795898438;4.260876655578613;;1;69530182;m2;199100;0;
..\..\world\azeroth\westfall\passivedoodads\westfallfence\westfallfencepost.m2;21908.16796875;22.18926239013672;25132.099609375;-42.770042419433594;231.87744140625;63.17117691040039;;1;70620060;m2;190661;0;
..\..\world\azeroth\westfall\passivedoodads\westfallfence\westfallfencepost.m2;21912.953125;22.668859481811523;25131.544921875;87.01095581054688;30.21209716796875;156.5947723388672;;1;70619917;m2;190661;0;
..\..\world\generic\orc\passivedoodads\barrelsandcrates\orccrate08.m2;22120.056640625;27.69618034362793;25390.47265625;0;291.5;0;;1;69530151;m2;199100;0;
..\..\world\azeroth\elwynn\passivedoodads\detail\elwynnrock2\elwynnrock2.m2;21927.34765625;23.905649185180664;25390.1875;-0.7359022498130798;247.70692443847656;6.826403617858887;;3.369140625;69524853;m2;189770;0;
..\..\world\azeroth\elwynn\passivedoodads\detail\elwynnrock2\elwynnrock2.m2;21925.64453125;23.224071502685547;25479.779296875;-9.577143669128418;71.5771484375;8.137347221374512;;3.369140625;69530181;m2;189770;0;
..\..\world\azeroth\elwynn\passivedoodads\detail\elwynnrock2\elwynnrock2.m2;21933.416015625;24.65703582763672;25393.140625;-11.800905227661133;47.71142578125;-15.062976837158203;;2.869140625;69524905;m2;189770;0;
..\..\world\generic\orc\passivedoodads\barrelsandcrates\orccrate02.m2;21907.078125;24.497983932495117;25074.498046875;7.256094455718994;222.050537109375;-0.09145400673151016;;1;67676039;m2;199095;0;
..\..\world\generic\orc\passivedoodads\barrelsandcrates\orcbarrel01.m2;22074.890625;34.13200759887695;25147.9375;-44.21401596069336;294.87811279296875;94.67757415771484;;1;69524892;m2;199090;0;
..\..\world\azeroth\elwynn\passivedoodads\detail\elwynnrock2\elwynnrock2.m2;21920.4453125;23.641611099243164;25477.681640625;-3.574314594268799;231.17108154296875;-2.7808449268341064;;2.869140625;69530149;m2;189770;0;
..\..\world\generic\orc\passivedoodads\barrelsandcrates\orcbarrel01.m2;22073.8984375;34.85069274902344;25147.20703125;-62.78547668457031;123.25048828125;86.27872467041016;;1;69524912;m2;199090;0;
..\..\world\generic\orc\passivedoodads\barrelsandcrates\orccrate02.m2;22102.02734375;33.92708206176758;25134.41796875;0;150.15728759765625;0;;1;69524869;m2;199095;0;
..\..\world\generic\orc\passivedoodads\barrelsandcrates\orccrate02.m2;22075.740234375;33.87847137451172;25149.98828125;0.9999870657920837;63;-1.5000051259994507;;1;69524875;m2;199095;0;
..\..\world\generic\orc\passivedoodads\barrelsandcrates\orcbarrel01.m2;21904.80078125;24.28472328186035;25074.359375;0;221.9999542236328;0;;1.189453125;67675956;m2;199090;0;
..\..\world\generic\orc\passivedoodads\barrelsandcrates\orccrate02.m2;22102.263671875;33.92708206176758;25132.8125;-2.4999866485595703;206.8923797607422;-0.5000198483467102;;1;69524916;m2;199095;0;
..\..\world\generic\orc\passivedoodads\barrelsandcrates\orcbarrel01.m2;22074.82421875;34.81815719604492;25146.638671875;-75.18216705322266;311.762939453125;-92.8115234375;;1;69524899;m2;199090;0;
..\..\world\generic\orc\passivedoodads\barrelsandcrates\orcbarrel01.m2;22073.982421875;34.052127838134766;25148.4453125;-71.78108215332031;119.0228271484375;-91.52384948730469;;1;69524864;m2;199090;0;
..\..\world\generic\orc\passivedoodads\barrelsandcrates\orccrate08.m2;22083.66796875;35.0162239074707;25152.30859375;0;344.5687255859375;0;;0.9111328125;69524838;m2;199100;0;
..\..\world\generic\orc\passivedoodads\barrelsandcrates\orccrate01.m2;21906.357421875;24.58159828186035;25076.02734375;-1.5000009536743164;335.5;3.961352586746216;;1;67675938;m2;199094;0;
..\..\world\generic\orc\passivedoodads\barrelsandcrates\orccrate01.m2;22074.75390625;33.78015899658203;25149.3671875;-2.3509490489959717;67.4892578125;-2.4320478439331055;;1;69524873;m2;199094;0;
..\..\world\generic\orc\passivedoodads\barrelsandcrates\orccrate02.m2;22101.365234375;28.21180534362793;25406.28125;5.4473700523376465;359.7803649902344;78.51763153076172;;1;69524846;m2;199095;0;
..\..\world\generic\orc\passivedoodads\barrelsandcrates\orccrate10.m2;22080.740234375;33.8886833190918;25153.8359375;1.171081781387329;345.6605224609375;0.026676421985030174;;0.9697265625;69524870;m2;199102;0;
..\..\world\generic\orc\passivedoodads\weapons\orcaxe02.m2;22079.67578125;33.94618225097656;25149.46875;89.00220489501953;57.0006103515625;17.00054359436035;;1;69524867;m2;199432;0;
..\..\world\generic\orc\passivedoodads\barrelsandcrates\orccrate08.m2;22084.693359375;33.92505645751953;25113.23046875;0;178;0;;1;69530174;m2;199100;0;
..\..\world\generic\orc\passivedoodads\barrelsandcrates\orcbarrel01.m2;22075.802734375;34.09894943237305;25147.30859375;-88.69448852539062;130.03338623046875;-93.02889251708984;;1;69524813;m2;199090;0;
..\..\models\unknown\unk_exp00_7960232\7960232.m2;21966.125;25.65277862548828;25097.74609375;-2.845571279525757;282.7267150878906;0.07835309952497482;;0.619140625;70619873;m2;7960232;0;
..\..\world\generic\orc\passivedoodads\barrelsandcrates\orccrate01.m2;22100.849609375;33.92708206176758;25140.490234375;2.0000264644622803;95.9512939453125;-3.203602716439491e-7;;1;69524861;m2;199094;0;
..\..\world\generic\orc\passivedoodads\barrelsandcrates\orccrate01.m2;22110.71484375;27.817283630371094;25394.166015625;-0.5000154972076416;202;95.49993896484375;;0.9794921875;69524872;m2;199094;0;
..\..\world\generic\orc\passivedoodads\barrelsandcrates\orccrate01.m2;22113.64453125;27.817279815673828;25393.9609375;-0.5000274181365967;132;95.49998474121094;;0.9794921875;69524878;m2;199094;0;
..\..\world\azeroth\elwynn\passivedoodads\detail\elwynnrock2\elwynnrock2.m2;21878.76953125;23.479646682739258;25498.59765625;-15.533348083496094;268.45074462890625;-5.472010612487793;;2.869140625;69530165;m2;189770;0;
..\..\world\generic\orc\passivedoodads\barrelsandcrates\orcbarrel01.m2;22099.056640625;33.92708206176758;25139.828125;0;114.614013671875;0;;1;69524822;m2;199090;0;
..\..\world\generic\orc\passivedoodads\weapons\orcaxe01.m2;22079.00390625;35.41196823120117;25150.763671875;-17.500024795532227;239.49998474121094;178;;1;69524918;m2;199430;0;
..\..\world\generic\orc\passivedoodads\barrelsandcrates\orcbarrel01.m2;22099.73828125;33.92708206176758;25140.615234375;0;159.0345458984375;0;;1;69524882;m2;199090;0;
..\..\world\generic\orc\passivedoodads\weapons\orcaxe01.m2;22079.05078125;35.1981201171875;25150.625;-26.985515594482422;190.86013793945312;176.75135803222656;;1;69524911;m2;199430;0;
..\..\world\azeroth\elwynn\passivedoodads\detail\elwynnrock1\elwynnrock1.m2;21929.203125;24.4146671295166;25391.919921875;10.381306648254395;136;-8.152608871459961;;2.2197265625;69524857;m2;189768;0;
..\..\world\azeroth\elwynn\passivedoodads\detail\elwynnrock1\elwynnrock1.m2;21879.7578125;23.273836135864258;25497.279296875;11.343253135681152;145.27227783203125;12.871484756469727;;2.2197265625;69530146;m2;189768;0;
..\..\world\generic\orc\passivedoodads\shields\orcshield01.m2;22083.640625;34.11714553833008;25149.19140625;-87.50032806396484;227.49986267089844;-174.99993896484375;;1;69524855;m2;199250;0;
..\..\world\azeroth\elwynn\passivedoodads\detail\elwynnrock1\elwynnrock1.m2;21924.74609375;23.340089797973633;25478.541015625;-3.0066018104553223;321.388671875;5.106363296508789;;2.2197265625;69530178;m2;189768;0;
..\..\world\azeroth\elwynn\passivedoodads\detail\elwynnrock1\elwynnrock1.m2;21927.46875;24.18100929260254;25391.421875;-11.129081726074219;60.337249755859375;-5.482543468475342;;2.2197265625;69524791;m2;189768;0;
..\..\world\azeroth\elwynn\passivedoodads\detail\elwynnrock1\elwynnrock1.m2;21926.5078125;23.386341094970703;25478.87890625;-5.266330718994141;244.64736938476562;-6.1073408126831055;;2.2197265625;69530168;m2;189768;0;
..\..\world\generic\orc\passivedoodads\shields\orcshield01.m2;22084.5859375;34.10419464111328;25148.0234375;-89.38324737548828;154.2763671875;-46.754276275634766;;1;69524809;m2;199250;0;
..\..\world\azeroth\elwynn\passivedoodads\detail\elwynnrock1\elwynnrock1.m2;21918.89453125;23.320354461669922;25365.07421875;2.795499563217163;113.65802001953125;5.290417194366455;;2.2197265625;69530145;m2;189768;0;
..\..\world\azeroth\elwynn\passivedoodads\detail\elwynnrock1\elwynnrock1.m2;21922.005859375;23.595117568969727;25477.19921875;-3.579042673110962;107.65606689453125;8.147521018981934;;2.2197265625;69530154;m2;189768;0;
..\..\world\azeroth\elwynn\passivedoodads\detail\elwynnrock1\elwynnrock1.m2;21931.806640625;24.76961898803711;25393.48828125;-3.5790607929229736;282.76959228515625;9.667977333068848;;2.2197265625;69524865;m2;189768;0;
..\..\world\generic\orc\passivedoodads\shields\orcshield03.m2;22084.23046875;33.895626068115234;25148.982421875;-23.00002098083496;168;-3.499971389770508;;1;69524810;m2;199254;0;
..\..\world\generic\orc\passivedoodads\shields\orcshield03.m2;22075.734375;33.939754486083984;25149.66796875;-16.499982833862305;212.99998474121094;-3.9999890327453613;;1;69524823;m2;199254;0;
..\..\world\generic\orc\passivedoodads\shields\orcshield03.m2;22075.728515625;34.078643798828125;25150;-16.499982833862305;212.99998474121094;-3.9999890327453613;;1;69524896;m2;199254;0;
..\..\world\generic\orc\passivedoodads\shields\orcshield02.m2;22077.4375;33.78468322753906;25146.19140625;-21.50002670288086;160.5;-0.500012993812561;;1;69524852;m2;199252;0;
..\..\world\generic\orc\passivedoodads\animalskulls\tigerskull.m2;22112.90625;28.654558181762695;25394.2890625;-47.500003814697266;261.4999694824219;9.000020980834961;;1;69524858;m2;199054;0;
..\..\world\generic\human\passivedoodads\meat\bloodymeat02.m2;22086.390625;33.93055725097656;25116.271484375;0;38;0;;1;69530150;m2;198344;0;
..\..\world\generic\orc\passivedoodads\jars\jarorc06.m2;22101.08203125;29.80323600769043;25406.7265625;7.214326858520508;17.21337890625;-17.04157066345215;;1;69524827;m2;199184;0;
..\..\world\generic\orc\passivedoodads\utensils\serratedcleaver.m2;22113.25;28.98346710205078;25394.703125;5.499992847442627;190.00003051757812;26.49997901916504;;1;69524860;m2;199396;0;
..\..\world\generic\orc\passivedoodads\jars\jarorc05.m2;22080.447265625;34.1319465637207;25116.904296875;-85.99992370605469;104.5;2.000103712081909;;1;69524909;m2;199183;0;
..\..\world\generic\orc\passivedoodads\jars\jarorc06.m2;22120.55078125;27.69618034362793;25395.35546875;14.667485237121582;160.5992431640625;-0.7355502247810364;;1;69524836;m2;199184;0;
..\..\world\generic\orc\passivedoodads\jars\jarorc06.m2;22093.041015625;28.21180534362793;25402.46484375;1.3601710796356201;45.002655029296875;-2.1347858905792236;;1;69524904;m2;199184;0;
..\..\world\generic\orc\passivedoodads\jars\jarorc06.m2;21906.22265625;24.38020896911621;25070.984375;0;221.9999542236328;0;;1;67676167;m2;199184;0;
..\..\world\generic\orc\passivedoodads\jars\jarorc05.m2;22096.125;28.21180534362793;25406.39453125;1.789910912513733;57.500030517578125;-1.7899106740951538;;1;69524819;m2;199183;0;
..\..\world\generic\orc\passivedoodads\jars\jarorc06.m2;22092.55078125;28.21180534362793;25402.044921875;1.789910912513733;57.500030517578125;-1.7899106740951538;;1;69524844;m2;199184;0;
..\..\world\generic\orc\passivedoodads\jars\jarorc05.m2;22080.138671875;34.15451431274414;25116.3359375;0;121.50003051757812;0;;1;69524880;m2;199183;0;
..\..\world\generic\orc\passivedoodads\jars\jarorc05.m2;22119.763671875;27.69618034362793;25395.828125;-4.6157660484313965;157.67425537109375;1.0044528245925903;;1;69524801;m2;199183;0;
..\..\world\generic\human\passivedoodads\meat\bloodymeat01.m2;22084.306640625;33.934326171875;25115.57421875;0;0;0;;1;69524915;m2;198343;0;
..\..\world\generic\orc\passivedoodads\jars\jarorc02.m2;22120.146484375;27.766597747802734;25396.40625;-85.49993896484375;321.9999084472656;150.4999237060547;;1;69524931;m2;199180;0;
..\..\world\generic\orc\passivedoodads\jars\jarorc04.m2;22120.732421875;27.69618034362793;25396.0546875;-2.4999868869781494;140;-7.500016689300537;;1;69524808;m2;199182;0;
..\..\world\generic\orc\passivedoodads\jars\jarorc03.m2;22119.134765625;27.7061710357666;25396.4375;1.500007152557373;140;-6.500005722045898;;1;69524862;m2;199181;0;
..\..\world\generic\orc\passivedoodads\jars\jarorc01.m2;22074.86328125;33.776859283447266;25149.16015625;0.6128695011138916;48.5089111328125;1.1250932216644287;;1;69524831;m2;199179;0;
..\..\world\generic\orc\passivedoodads\jars\jarorc03.m2;22100.6640625;28.21180534362793;25405.25390625;4.288678169250488;57.4217529296875;-4.294052600860596;;1;69524818;m2;199181;0;
..\..\world\generic\orc\passivedoodads\jars\jarorc02.m2;22080.78515625;34.11284637451172;25116.822265625;0;121.5;-0.9999832510948181;;1;69524840;m2;199180;0;
..\..\world\generic\orc\passivedoodads\jars\jarorc02.m2;22096.078125;28.21180534362793;25407.02734375;1.789910912513733;57.500030517578125;-1.7899106740951538;;1;69524841;m2;199180;0;
..\..\world\generic\orc\passivedoodads\jars\jarorc01.m2;22093.25390625;28.21180534362793;25401.888671875;1.789910912513733;57.500030517578125;-1.7899106740951538;;1;69524874;m2;199179;0;
..\..\world\generic\orc\passivedoodads\jars\jarorc03.m2;22095.70703125;28.21180534362793;25406.728515625;1.789910912513733;57.500030517578125;-1.7899106740951538;;1;69524811;m2;199181;0;
..\..\world\generic\orc\passivedoodads\jars\jarorc04.m2;22092.509765625;28.21180534362793;25402.5;1.789910912513733;57.500030517578125;-1.7899106740951538;;1;69524856;m2;199182;0;
..\..\world\generic\dwarf\passivedoodads\excavationstake\excavationstake.m2;22076.201171875;33.734375;25146.84765625;1.2519553899765015;75.9871826171875;-1.177864670753479;;1;69524893;m2;197382;0;
..\..\world\generic\dwarf\passivedoodads\excavationstake\excavationstake.m2;22073.349609375;33.69951629638672;25148.599609375;1.2519553899765015;75.9871826171875;-1.177864670753479;;1;69524900;m2;197382;0;
..\..\world\generic\dwarf\passivedoodads\excavationstake\excavationstake.m2;22073.03515625;33.675479888916016;25147.87109375;1.698879599571228;110.49622344970703;-0.2614642381668091;;1;69524817;m2;197382;0;
..\..\world\generic\dwarf\passivedoodads\excavationstake\excavationstake.m2;22075.80859375;33.6875;25146.29296875;0.23184829950332642;36.99652099609375;-1.7031729221343994;;1;69524794;m2;197382;0;
..\..\world\generic\orc\passivedoodads\jars\jarorc04.m2;22074.677734375;33.815345764160156;25149.505859375;1.281004786491394;348.0030822753906;0.02055537700653076;;1;69524868;m2;199182;0;
..\..\world\generic\human\passivedoodads\meat\bloodymeat02.m2;22113.91015625;28.679378509521484;25394.16015625;0;132;0;;0.5498046875;69524803;m2;198344;0;
..\..\world\generic\human\passivedoodads\meat\bloodymeat01.m2;22111.369140625;28.632314682006836;25394.1015625;0;208.00001525878906;0;;0.3896484375;69524795;m2;198343;0;
..\..\world\generic\human\passivedoodads\meat\bloodymeat01.m2;22112.24609375;28.647180557250977;25394.15625;0;114.00006103515625;0;;0.369140625;69524821;m2;198343;0;
..\..\world\wmo\kalimdor\buildings\trollburrow\trollburrow.wmo;21887.89453125;26.863784790039062;25074.76953125;0;221.99998474121094;0;0;1;67228622;wmo;113192;1;set_a
..\..\world\wmo\kalimdor\collidabledoodads\dustwallowmarsh\crashedzippelin\final\crashedzippelin.wmo;22279.740234375;39.63682556152344;25044.8125;7.064492702484131;37.99456787109375;9.639841079711914;0;1;69920092;wmo;113267;0;Set_$DefaultGlobal
..\..\world\wmo\autogen-names\unknown\20607.wmo;21855.375;33.32820129394531;25617.6171875;0;212.49998474121094;0;0;1;69952068;wmo;7679504;0;DefaultGlobal
