ModelFile;PositionX;PositionY;PositionZ;RotationX;RotationY;RotationZ;RotationW;ScaleFactor;ModelId;Type;FileDataID;DoodadSetIndexes;DoodadSetNames
..\..\world\azeroth\duskwood\passivedoodads\spooklesstrees\duskwoodtreespookless02.m2;16581.328125;22.15621566772461;27876.072265625;0.9999998807907104;319.5;-2.5000007152557373;;1.2197265625;36823;m2;189522;0;
..\..\world\azeroth\elwynn\passivedoodads\trees\elwynntreecanopy03.m2;16385.232421875;34.168739318847656;27809.40234375;0;329.1933898925781;0;;0.9892578125;35700;m2;189929;0;
..\..\world\azeroth\elwynn\passivedoodads\trees\elwynntreecanopy03.m2;16487.357421875;29.67140769958496;27946.9296875;0;315.5;0.9999998807907104;;0.94921875;35964;m2;189929;0;
..\..\world\azeroth\elwynn\passivedoodads\trees\canopylesstree01.m2;16534.84375;32.3082160949707;28246.06640625;0;34.5;0;;1.2099609375;362425;m2;189919;0;
..\..\world\azeroth\duskwood\passivedoodads\spooklesstrees\duskwoodtreespookless02.m2;16502.541015625;30.830142974853516;27876.2421875;2;66;0;;1;35818;m2;189522;0;
..\..\world\azeroth\duskwood\passivedoodads\spooklesstrees\duskwoodtreespookless02.m2;16522.658203125;35.35607147216797;27984.4765625;0;110.09735107421875;0;;1.001953125;36049;m2;189522;0;
..\..\world\azeroth\duskwood\passivedoodads\spooklesstrees\duskwoodtreespookless02.m2;16569.75;31.644657135009766;27793.27734375;0;107;0;;1;36475;m2;189522;0;
..\..\world\azeroth\elwynn\passivedoodads\trees\elwynntreecanopy01.m2;16575.373046875;29.86086654663086;28223.5390625;0;312.826904296875;0;;1.2392578125;37501;m2;189927;0;
..\..\world\azeroth\elwynn\passivedoodads\trees\elwynntreecanopy01.m2;16382.025390625;34.176116943359375;27764.55078125;0;307.8353271484375;0;;1.2392578125;35615;m2;189927;0;
..\..\world\azeroth\elwynn\passivedoodads\trees\elwynntreecanopy03.m2;16521.876953125;32.545650482177734;28153.826171875;0;170.21209716796875;0;;0.8583984375;36192;m2;189929;0;
..\..\world\azeroth\elwynn\passivedoodads\trees\elwynntreecanopy01.m2;16403.408203125;33.703819274902344;27893.76171875;0;245.81539916992188;0;;1.1904296875;35802;m2;189927;0;
..\..\world\azeroth\duskwood\passivedoodads\spooklesstrees\duskwoodtreespookless01.m2;16570.861328125;36.153079986572266;27764.9453125;0;310;0;;1;36355;m2;189521;0;
..\..\world\azeroth\elwynn\passivedoodads\trees\elwynntreecanopy01.m2;16488.072265625;27.9955997467041;27846.009765625;0;303.0451354980469;0;;1.0810546875;35765;m2;189927;0;
..\..\world\azeroth\duskwood\passivedoodads\trees\duskwoodtree07.m2;16418.9609375;37.65629577636719;28048.90625;0;49.132354736328125;0;;1.1591796875;36080;m2;189559;0;
..\..\world\azeroth\duskwood\passivedoodads\spooklesstrees\duskwoodtreespookless01.m2;16572.1171875;37.19572448730469;27822.76953125;0;240.5;0;;1;36640;m2;189521;0;
..\..\world\azeroth\elwynn\passivedoodads\trees\elwynntreecanopy04.m2;16499.541015625;31.91591453552246;28118.712890625;0;172.5015869140625;0;;1.1259765625;36156;m2;189930;0;
..\..\world\azeroth\duskwood\passivedoodads\spooklesstrees\duskwoodtreespookless01.m2;16576.943359375;31.76228904724121;27851.8359375;0;156;0;;1;36770;m2;189521;0;
..\..\world\azeroth\elwynn\passivedoodads\trees\elwynntreecanopy02.m2;16404.86328125;36.19081497192383;27963.544921875;0;206.76901245117188;0;;1.037109375;35953;m2;189928;0;
..\..\world\azeroth\elwynn\passivedoodads\trees\elwynntreecanopy04.m2;16422.611328125;35.25392532348633;27988.4921875;0;193.51910400390625;0;;1.0830078125;36035;m2;189930;0;
..\..\world\azeroth\duskwood\passivedoodads\trees\duskwoodtreecanopy03.m2;16501.380859375;28.0899658203125;27798.384765625;0;68.5;0;;1;35660;m2;189562;0;
..\..\world\azeroth\elwynn\passivedoodads\trees\elwynntreecanopy01.m2;16459.115234375;30.21589469909668;28071.56640625;0;254.03363037109375;0;;1.091796875;36106;m2;189927;0;
..\..\world\azeroth\elwynn\passivedoodads\trees\elwynntreecanopy01.m2;16520.28125;30.170976638793945;27761.17578125;0;334;0.9999998807907104;;1;35626;m2;189927;0;
..\..\world\critter\birds\bird02.m2;16179.5546875;33.3120231628418;27886.9453125;0;279;0;;1.2451171875;35787;m2;190720;0;
..\..\world\azeroth\elwynn\passivedoodads\trees\elwynntreecanopy01.m2;16457.283203125;33.104835510253906;28097.55078125;0;5.031890869140625;0;;1.1953125;36105;m2;189927;0;
..\..\world\azeroth\elwynn\passivedoodads\trees\elwynntreecanopy04.m2;16539.845703125;27.333097457885742;27715.17578125;0;346.5;1.5;;1;27262;m2;189930;0;
..\..\world\azeroth\elwynn\passivedoodads\trees\elwynntreecanopy04.m2;16526.158203125;28.37027931213379;28028.15625;0;348;1;;1;36073;m2;189930;0;
..\..\world\azeroth\duskwood\passivedoodads\trees\duskwoodtree07.m2;16555.322265625;26.814424514770508;28049.2109375;0;0;0.5;;1;37183;m2;189559;0;
..\..\world\azeroth\elwynn\passivedoodads\trees\canopylesstree01.m2;16501.443359375;32.890472412109375;28281.916015625;0;0;0;;1;362423;m2;189919;0;
..\..\world\azeroth\duskwood\passivedoodads\trees\duskwoodtree07.m2;16527.3984375;30.755123138427734;27794.4765625;0;347;1;;0.939453125;35661;m2;189559;0;
..\..\world\azeroth\elwynn\passivedoodads\trees\elwynntreecanopy02.m2;16569.04296875;36.5638427734375;28026.21875;-0.5000001788139343;15.5;-2.5;;0.9599609375;37124;m2;189928;0;
..\..\world\azeroth\elwynn\passivedoodads\trees\canopylesstree01.m2;16507.64453125;33.82954788208008;28276.291015625;0;333.5;0;;0.7392578125;362424;m2;189919;0;
..\..\world\azeroth\elwynn\passivedoodads\trees\elwynntreecanopy02.m2;16385.01171875;36.80434036254883;27875.34765625;0;22.39080810546875;0;;0.91015625;35797;m2;189928;0;
..\..\world\azeroth\elwynn\passivedoodads\trees\elwynntreecanopy02.m2;16522.46875;30.600372314453125;27825.9609375;0;343.5;1.5;;0.939453125;35715;m2;189928;0;
..\..\world\azeroth\elwynn\passivedoodads\trees\elwynntreecanopy02.m2;16522.587890625;34.28227615356445;28249.384765625;0;299.2876892089844;0;;0.853515625;36351;m2;189928;0;
..\..\world\critter\birds\bird02.m2;16336.8046875;44.600616455078125;28002.58203125;0;17;0;;1.0615234375;36069;m2;190720;0;
..\..\world\azeroth\westfall\passivedoodads\trees\westfalltreecanopy01.m2;15977.341796875;41.074893951416016;27941.296875;0;312.87823486328125;0;;0.791015625;34935;m2;190642;0;
..\..\world\azeroth\duskwood\passivedoodads\trees\duskwoodtree07.m2;16335.08984375;42.70058822631836;27751.06640625;0;202.38531494140625;0;;0.849609375;35614;m2;189559;0;
..\..\world\critter\birds\bird02.m2;15970.388671875;47.82093811035156;27772.22265625;0;222;0;;1.1259765625;34815;m2;190720;0;
..\..\world\azeroth\duskwood\passivedoodads\trees\duskwoodtreecanopy02.m2;16504.41796875;27.226621627807617;27728.560546875;0;30;0;;0.5498046875;25564;m2;189561;0;
..\..\world\azeroth\elwynn\passivedoodads\trees\elwynntreecanopy04.m2;16482.91015625;26.443090438842773;27766.744140625;0;140.86001586914062;0;;0.818359375;35655;m2;189930;0;
..\..\world\critter\birds\bird02.m2;16235.6103515625;32.72313690185547;27864.75;0;266;0;;0.9970703125;35732;m2;190720;0;
..\..\world\critter\birds\bird02.m2;16253.3671875;41.76765060424805;27902.05078125;0;0;0;;1;35840;m2;190720;0;
..\..\world\critter\birds\bird02.m2;16303.2216796875;37.90129852294922;28080.4453125;0;351;0;;0.95703125;36104;m2;190720;0;
..\..\world\azeroth\duskwood\passivedoodads\coveredbridge\duskwoodcoveredbridge.m2;16438.849609375;21.49283218383789;27931.93359375;0;1.5;0;;1.009765625;35875;m2;189417;0;
..\..\world\azeroth\elwynn\passivedoodads\trees\elwynntreecanopy04.m2;16386.43359375;33.85726547241211;27839.951171875;0;168.579345703125;0;;0.7763671875;35754;m2;189930;0;
..\..\world\critter\birds\bird02.m2;16312.2490234375;35.78956985473633;27983.388671875;0;261.9999694824219;0;;0.92578125;36033;m2;190720;0;
..\..\world\azeroth\elwynn\passivedoodads\trees\elwynntreecanopy01.m2;16493.033203125;29.756425857543945;27704.51953125;0;169.80987548828125;0;;0.806640625;25561;m2;189927;0;
..\..\world\azeroth\westfall\passivedoodads\trees\westfalltreecanopy01.m2;16009.5146484375;37.33818817138672;28209.044921875;0;61.870269775390625;0;;0.65234375;36266;m2;190642;0;
..\..\world\azeroth\westfall\passivedoodads\trees\westfalltreecanopy01.m2;16247.7177734375;34.23542404174805;27975.1875;0;41.5;0;;0.58984375;36016;m2;190642;0;
..\..\world\azeroth\westfall\passivedoodads\trees\westfalltreecanopy01.m2;16313.7685546875;33.702972412109375;27961.953125;0;339.5;0;;0.509765625;35922;m2;190642;0;
..\..\world\azeroth\duskwood\passivedoodads\trees\duskwoodtreecanopy03.m2;16363.919921875;38.1196174621582;27969.17578125;0;39.5;0;;0.3798828125;36034;m2;189562;0;
..\..\world\azeroth\westfall\passivedoodads\trees\westfalltree03.m2;16170.2998046875;36.1728630065918;28101.560546875;0;39.453125;0;;1.50390625;36142;m2;190640;0;
..\..\world\azeroth\westfall\passivedoodads\trees\westfalltree04.m2;16382.076171875;35.039127349853516;28156.61328125;0;111.62448120117188;0;;1.49609375;36183;m2;190641;0;
..\..\world\azeroth\westfall\passivedoodads\trees\westfalltree04.m2;16421.048828125;32.20878601074219;28156.1640625;0;306.48394775390625;0;;1.4091796875;36186;m2;190641;0;
..\..\world\azeroth\westfall\passivedoodads\trees\westfalltree03.m2;16307.5830078125;36.13240432739258;28178.734375;0;155;0;;1.244140625;36240;m2;190640;0;
..\..\world\azeroth\westfall\passivedoodads\trees\westfalltree01.m2;16031.416015625;34.34679412841797;28211.58984375;0;330.5;0;;1.244140625;36251;m2;190638;0;
..\..\world\azeroth\westfall\passivedoodads\trees\westfalltree01.m2;16162.69921875;35.11293411254883;27829.5390625;0;213.04238891601562;0;;1.2431640625;35672;m2;190638;0;
..\..\world\azeroth\westfall\passivedoodads\trees\westfalltree04.m2;16493.205078125;32.43962478637695;28201.78125;0;290.2016906738281;0;;1.2275390625;36249;m2;190641;0;
..\..\world\azeroth\westfall\passivedoodads\trees\westfalltree01.m2;16307.279296875;35.52918243408203;27842.8671875;0;179.0277099609375;0;;1.21484375;35748;m2;190638;0;
..\..\world\azeroth\westfall\passivedoodads\trees\westfalltree04.m2;16352.8310546875;41.924644470214844;27768.91015625;0;316.5148010253906;0;;1.2060546875;35639;m2;190641;0;
..\..\world\azeroth\westfall\passivedoodads\trees\westfalltree04.m2;16409.619140625;38.371726989746094;27995.23046875;0;139.2999267578125;0;;1.205078125;36036;m2;190641;0;
..\..\world\azeroth\westfall\passivedoodads\trees\westfalltree01.m2;16298.9248046875;36.99213409423828;28256.78515625;0;146.36431884765625;0;;1.19140625;36348;m2;190638;0;
..\..\world\azeroth\westfall\passivedoodads\trees\westfalltree04.m2;16461.2890625;34.533294677734375;28112.578125;0;93.62835693359375;0;;1.1865234375;36153;m2;190641;0;
..\..\world\azeroth\westfall\passivedoodads\trees\westfalltree03.m2;16245.763671875;39.535057067871094;27771.654296875;0;273.2602844238281;0;;1.1826171875;35634;m2;190640;0;
..\..\world\azeroth\westfall\passivedoodads\trees\westfalltree04.m2;16408.048828125;35.112030029296875;28038.01171875;0;96.44094848632812;0;;1.166015625;36082;m2;190641;0;
..\..\world\azeroth\westfall\passivedoodads\trees\westfalltree02.m2;16179.2548828125;41.21268081665039;28233.7109375;0;349.59564208984375;0;;1.166015625;36325;m2;190639;0;
..\..\world\azeroth\westfall\passivedoodads\trees\westfalltree01.m2;16254.8134765625;39.40276336669922;28154.671875;0;20;0;;1.154296875;36171;m2;190638;0;
..\..\world\azeroth\westfall\passivedoodads\trees\westfalltree04.m2;16143.912109375;53.79338073730469;28273.40625;0;63.601806640625;0;;1.1533203125;43065;m2;190641;0;
..\..\world\azeroth\westfall\passivedoodads\trees\westfalltree03.m2;16070.90234375;35.75273513793945;28159.83984375;0;352;0;;1.1396484375;36160;m2;190640;0;
..\..\world\azeroth\westfall\passivedoodads\trees\westfalltree03.m2;16378.759765625;33.86589431762695;28191.5546875;0;70;0;;1.1396484375;36245;m2;190640;0;
..\..\world\azeroth\westfall\passivedoodads\trees\westfalltree01.m2;16318.166015625;33.168479919433594;27957.7734375;-11.5;17;-4.999999046325684;;1;35923;m2;190638;0;
..\..\world\azeroth\westfall\passivedoodads\trees\westfalltree02.m2;16255.37109375;34.13075637817383;27975.4375;6.999999523162842;13;-7;;1;36021;m2;190639;0;
..\..\world\azeroth\westfall\passivedoodads\trees\westfalltree01.m2;16020.740234375;36.81240463256836;28108.951171875;0;68.98526000976562;0;;1.134765625;36123;m2;190638;0;
..\..\world\azeroth\westfall\passivedoodads\trees\westfalltree01.m2;16202.6728515625;41.30974197387695;28169.197265625;0;41;0;;1.1298828125;36224;m2;190638;0;
..\..\world\azeroth\westfall\passivedoodads\trees\westfalltree01.m2;16249.544921875;42.388999938964844;28273.046875;0;259.3731384277344;0;;1.12890625;43078;m2;190638;0;
..\..\world\azeroth\westfall\passivedoodads\trees\westfalltree02.m2;16252.927734375;39.56978988647461;27773.138671875;0;102.06610107421875;0;;1.125;35635;m2;190639;0;
..\..\world\azeroth\westfall\passivedoodads\trees\westfalltree01.m2;16177.3173828125;36.450035095214844;28102.681640625;0;314.32843017578125;0;;1.1171875;36141;m2;190638;0;
..\..\world\azeroth\westfall\passivedoodads\trees\westfalltree04.m2;16412.6328125;36.099822998046875;28040.5703125;0;279.874267578125;0;;1.111328125;36081;m2;190641;0;
..\..\world\azeroth\westfall\passivedoodads\trees\westfalltree02.m2;16023.8896484375;34.00429916381836;28181.484375;0;287;0;;1.08984375;36196;m2;190639;0;
..\..\world\azeroth\westfall\passivedoodads\trees\westfalltree03.m2;16332.5546875;36.3295783996582;28172.359375;0;143;0;;1.0791015625;36239;m2;190640;0;
..\..\world\azeroth\westfall\passivedoodads\trees\westfalltree03.m2;16306.4541015625;34.985599517822266;28158.875;0;205.99998474121094;0;;1.07421875;36181;m2;190640;0;
..\..\world\azeroth\westfall\passivedoodads\trees\westfalltree03.m2;16175.310546875;36.372684478759766;28091.806640625;0;235.83969116210938;0;;1.0703125;36095;m2;190640;0;
..\..\world\azeroth\westfall\passivedoodads\trees\westfalltree01.m2;16138.1103515625;39.978302001953125;28143.609375;0;158;0;;1.0693359375;36165;m2;190638;0;
..\..\world\generic\human\passivedoodads\chimneys\generalchimney01.m2;16240.5341796875;40.69090270996094;28247.66796875;-18;13.5;6.5;;1;36344;m2;198122;0;
..\..\world\azeroth\elwynn\passivedoodads\tree\elwynnlog02.m2;16495.162109375;34.73403549194336;28253.3984375;0;328.12054443359375;0;;0.9560546875;362434;m2;189916;0;
..\..\world\azeroth\westfall\passivedoodads\trees\westfalltree03.m2;15992.599609375;56.189674377441406;28205.169921875;0;71.5;0;;1.064453125;35576;m2;190640;0;
..\..\world\azeroth\westfall\passivedoodads\trees\westfalltree03.m2;16180.7265625;33.31825637817383;27969.92578125;0;298.09014892578125;0;;1.064453125;36012;m2;190640;0;
..\..\world\azeroth\westfall\passivedoodads\trees\westfalltree04.m2;16508.61328125;33.88184356689453;28138.4609375;0;336.312744140625;0;;1.056640625;36193;m2;190641;0;
..\..\world\azeroth\westfall\passivedoodads\trees\westfalltree01.m2;16172.1455078125;42.57451248168945;28237.890625;0;96.91336059570312;0;;1.056640625;36324;m2;190638;0;
..\..\world\azeroth\westfall\passivedoodads\trees\westfalltree02.m2;16180.599609375;36.02182388305664;28115.671875;0;212.2293701171875;0;;1.0537109375;36140;m2;190639;0;
..\..\world\azeroth\westfall\passivedoodads\trees\westfalltree03.m2;16156.005859375;36.28668975830078;28115.375;0;163.5694580078125;0;;1.05078125;36129;m2;190640;0;
..\..\world\azeroth\westfall\passivedoodads\trees\westfalltree02.m2;16027.708984375;36.83378219604492;28110.044921875;0;319;0;;1.0390625;36110;m2;190639;0;
..\..\world\azeroth\westfall\passivedoodads\trees\westfalltree03.m2;16320.802734375;36.38472366333008;27857.23828125;0;265.96514892578125;0;;1.033203125;35750;m2;190640;0;
..\..\world\azeroth\westfall\passivedoodads\trees\westfalltree03.m2;16123.697265625;35.19081497192383;28173.68359375;0;133;0;;1.009765625;36204;m2;190640;0;
..\..\world\azeroth\westfall\passivedoodads\trees\westfalltree03.m2;16138.771484375;35.64335250854492;28173.435546875;0;184;0;;1.009765625;36218;m2;190640;0;
..\..\world\azeroth\westfall\passivedoodads\trees\westfalltree03.m2;16316.2890625;38.67677307128906;27835.56640625;0;141.35443115234375;0;;1.0078125;35746;m2;190640;0;
..\..\world\azeroth\westfall\passivedoodads\trees\westfalltree04.m2;16447.140625;35.1301155090332;28087.888671875;0;251.07821655273438;0;;1.00390625;36107;m2;190641;0;
..\..\world\azeroth\westfall\passivedoodads\trees\westfalltree01.m2;16035.3173828125;36.825172424316406;28097.0234375;0;306.78057861328125;0;;1;36094;m2;190638;0;
..\..\world\azeroth\westfall\passivedoodads\trees\westfalltree01.m2;16130.9052734375;36.46748733520508;28162.8984375;0;178;0;;0.994140625;36163;m2;190638;0;
..\..\world\azeroth\westfall\passivedoodads\trees\westfalltree03.m2;16251.8154296875;39.87038040161133;28149.61328125;0;160;0;;0.994140625;36172;m2;190640;0;
..\..\world\azeroth\westfall\passivedoodads\trees\westfalltree03.m2;16216.4833984375;39.394012451171875;28209.0390625;0;93;0;;0.994140625;36283;m2;190640;0;
..\..\world\azeroth\westfall\passivedoodads\trees\westfalltree02.m2;16308.166015625;35.87957000732422;28184.47265625;0;6;0;;0.984375;36238;m2;190639;0;
..\..\world\azeroth\westfall\passivedoodads\trees\westfalltree02.m2;16314.662109375;35.976226806640625;27853.201171875;0;33.069854736328125;0;;0.98046875;35749;m2;190639;0;
..\..\world\azeroth\westfall\passivedoodads\trees\westfalltree03.m2;16139.2353515625;51.57673263549805;28261.11328125;0;286.5981140136719;0;;0.96875;36314;m2;190640;0;
..\..\world\azeroth\westfall\passivedoodads\trees\westfalltree01.m2;16087.7529296875;37.65648651123047;27977.7421875;0;246.15618896484375;0;;0.9462890625;35990;m2;190638;0;
..\..\world\azeroth\westfall\passivedoodads\trees\westfalltree02.m2;16172.9716796875;41.58185577392578;28151.83203125;0;345;0;;0.9443359375;36166;m2;190639;0;
..\..\world\azeroth\westfall\passivedoodads\trees\westfalltree04.m2;16412.28125;33.14619064331055;28153.623046875;0;333.1156005859375;0;;0.931640625;36187;m2;190641;0;
..\..\world\azeroth\westfall\passivedoodads\trees\westfalltree01.m2;16074.7958984375;35.88755416870117;28170.509765625;0;281;0;;0.9296875;36203;m2;190638;0;
..\..\world\azeroth\westfall\passivedoodads\trees\westfalltree04.m2;16397.673828125;34.4914665222168;27956.828125;0;249.726806640625;0;;0.91796875;35948;m2;190641;0;
..\..\world\azeroth\westfall\passivedoodads\trees\westfalltree01.m2;16169.96484375;40.18825912475586;28169.5390625;0;147;0;;0.89453125;36220;m2;190638;0;
..\..\world\azeroth\westfall\passivedoodads\trees\westfalltree03.m2;16271.0185546875;37.860416412353516;28154.466796875;0;18;0;;0.8896484375;36177;m2;190640;0;
..\..\world\azeroth\westfall\passivedoodads\trees\westfalltree03.m2;16029.603515625;37.65306854248047;28093.14453125;0;3.9495849609375;0;;0.876953125;36093;m2;190640;0;
..\..\world\azeroth\westfall\passivedoodads\trees\westfalltree04.m2;16350.2353515625;41.871604919433594;27775.98828125;0;104.91165161132812;0;;0.8486328125;35638;m2;190641;0;
..\..\world\azeroth\westfall\passivedoodads\trees\westfalltree03.m2;16191.1328125;35.52482604980469;27825.2734375;0;35.5858154296875;0;;0.84375;35677;m2;190640;0;
..\..\world\azeroth\westfall\passivedoodads\trees\westfalltree03.m2;16251.2080078125;42.23610305786133;27753.1484375;0;193.98052978515625;0;;0.8271484375;35612;m2;190640;0;
..\..\world\azeroth\westfall\passivedoodads\trees\westfalltree03.m2;16210.638671875;42.20230484008789;28156.58203125;0;232.99996948242188;0;;0.82421875;36168;m2;190640;0;
..\..\world\generic\buildings\humantentlarge\humantentlarge.m2;16537.525390625;31.58051872253418;28182.00390625;0.5000000596046448;149.5;0.5000000596046448;;1;362457;m2;197108;0;
..\..\world\azeroth\westfall\passivedoodads\trees\westfalltree03.m2;16081.4296875;37.52177047729492;27976.921875;0;7.3720703125;0;;0.8203125;35989;m2;190640;0;
..\..\world\azeroth\westfall\passivedoodads\trees\westfalltree01.m2;16318.5302734375;37.58348083496094;27843.201171875;0;3.208099365234375;0;;0.8173828125;35747;m2;190638;0;
..\..\world\azeroth\duskwood\passivedoodads\bush\duskwoodbush02.m2;16405.291015625;30.40342140197754;27922.71875;-2;322;-8.000000953674316;;1;35863;m2;189396;0;
..\..\world\azeroth\westfall\passivedoodads\trees\westfalltree01.m2;16041.802734375;35.51704788208008;28158.41796875;0;292;0;;0.8095703125;36159;m2;190638;0;
..\..\world\azeroth\westfall\passivedoodads\trees\westfalltree02.m2;16191.7734375;34.84787368774414;27831.185546875;0;37.44256591796875;0;;0.80859375;35676;m2;190639;0;
..\..\world\azeroth\westfall\passivedoodads\trees\westfalltree04.m2;16411.22265625;36.878150939941406;28179.384765625;0;232.44483947753906;0;;0.7841796875;36248;m2;190641;0;
..\..\world\azeroth\westfall\passivedoodads\trees\westfalltree01.m2;16177.2578125;43.931087493896484;28246.1015625;0;266.34967041015625;0;;0.7783203125;36323;m2;190638;0;
..\..\world\azeroth\westfall\passivedoodads\trees\westfalltree01.m2;16145.474609375;32.70088195800781;28014.375;0;227.6436767578125;0;;0.7763671875;36062;m2;190638;0;
..\..\world\azeroth\westfall\passivedoodads\trees\westfalltree03.m2;16145.662109375;49.01347732543945;28253.498046875;0;200.31982421875;0;;0.7734375;36315;m2;190640;0;
..\..\world\azeroth\westfall\passivedoodads\trees\westfalltree01.m2;16252.021484375;34.583465576171875;27967.859375;0;52.5;0;;0.76953125;36022;m2;190638;0;
..\..\world\azeroth\westfall\passivedoodads\trees\westfalltree02.m2;16027.8828125;34.20009994506836;28213.49609375;0;250;0;;0.7646484375;36252;m2;190639;0;
..\..\world\azeroth\westfall\passivedoodads\trees\westfalltree01.m2;16062.3935546875;34.81999588012695;28169.759765625;0;83;0;;0.759765625;36201;m2;190638;0;
..\..\world\azeroth\westfall\passivedoodads\trees\westfalltree01.m2;16149.6416015625;50.33530044555664;28259.560546875;0;346.6182861328125;0;;0.7509765625;36316;m2;190638;0;
..\..\world\azeroth\westfall\passivedoodads\trees\westfalltree01.m2;16372.7978515625;34.95847702026367;28186.9296875;0;87;0;;0.75;36246;m2;190638;0;
..\..\world\azeroth\westfall\passivedoodads\treestumps\westfalltreestump01.m2;16103.6796875;37.786949157714844;27737.671875;-14.5;17.47979736328125;-8.499998092651367;;2.9013671875;35605;m2;190647;0;
..\..\world\azeroth\elwynn\passivedoodads\trees\elwynntreemid01.m2;16380.513671875;34.68027877807617;27756.009765625;0;108.72402954101562;0;;1.2490234375;35616;m2;189932;0;
..\..\world\azeroth\elwynn\passivedoodads\trees\elwynntreemid01.m2;16451.158203125;34.61312484741211;28102.21484375;0;238.60833740234375;0;;1.2373046875;36155;m2;189932;0;
..\..\world\azeroth\duskwood\passivedoodads\bush\duskwoodspookybush01.m2;16407.416015625;30.43178367614746;27942.953125;-13.499998092651367;291;-7.500000953674316;;1;35950;m2;189405;0;
..\..\world\azeroth\duskwood\passivedoodads\bush\duskwoodspookybush02.m2;16476.34765625;30.675724029541016;27922.638671875;0;20.5;0;;1;35887;m2;189406;0;
..\..\world\azeroth\elwynn\passivedoodads\trees\elwynntreemid01.m2;16516.578125;35.11981964111328;28253.60546875;0;277.57806396484375;0;;1.1826171875;362429;m2;189932;0;
..\..\world\azeroth\elwynn\passivedoodads\trees\elwynntreemid01.m2;16502.013671875;33.53895568847656;28238.08203125;0;14.48040771484375;0;;1.1416015625;362435;m2;189932;0;
..\..\world\azeroth\elwynn\passivedoodads\trees\stumps\elwynntreestump02.m2;16503.21875;34.56977462768555;28243.322265625;0;222.64321899414062;0;;2.0712890625;362432;m2;189940;0;
..\..\world\generic\human\passivedoodads\gypsywagons\stormwindgypsywagon01.m2;16069.8447265625;32.8741340637207;27730.466796875;0;131;0;;1;17834;m2;198288;0;
..\..\world\azeroth\duskwood\passivedoodads\bush\duskwoodspookybush01.m2;16513.712890625;34.60368728637695;27979.9765625;6.000000476837158;226.3802032470703;2.500000238418579;;0.8818359375;36051;m2;189405;0;
..\..\world\azeroth\westfall\passivedoodads\rakecart\rakecart.m2;16225.7978515625;32.89875793457031;27904.841796875;0;327.5;0;;1;35833;m2;190620;0;
..\..\world\azeroth\elwynn\passivedoodads\trees\elwynntreemid01.m2;16401.59375;39.03653335571289;27972.41015625;0;101.72551727294922;0;;1.060546875;36037;m2;189932;0;
..\..\world\azeroth\elwynn\passivedoodads\trees\elwynntreemid01.m2;16404.970703125;33.74702453613281;27903.71875;0;256.9560852050781;0;;1.0546875;35866;m2;189932;0;
..\..\world\azeroth\elwynn\passivedoodads\trees\elwynntreemid01.m2;16504.9921875;33.57926940917969;27883.94140625;0;254.00001525878906;0;;0.9931640625;35819;m2;189932;0;
..\..\world\azeroth\duskwood\passivedoodads\bush\duskwoodbush02.m2;16503.501953125;28.02379608154297;27733.837890625;3.000000238418579;227;-2;;0.7197265625;35625;m2;189396;0;
..\..\world\azeroth\westfall\passivedoodads\treestumps\westfalltreestump01.m2;16154.5458984375;38.848819732666016;27728.66015625;0;155.5382080078125;0;;2.24609375;25540;m2;190647;0;
..\..\world\azeroth\elwynn\passivedoodads\trees\elwynntreemid01.m2;16391.890625;36.69852066040039;27876.810546875;0;282.6648864746094;0;;0.97265625;35799;m2;189932;0;
..\..\world\azeroth\duskwood\passivedoodads\bush\duskwoodbush03.m2;16532.15234375;32.44009017944336;27883.15234375;0;258.5;0;;1;35816;m2;189397;0;
..\..\world\azeroth\elwynn\passivedoodads\trees\elwynntreemid01.m2;16394.08203125;30.834802627563477;27814.80078125;0;181.71942138671875;0;;0.947265625;35701;m2;189932;0;
..\..\world\azeroth\elwynn\passivedoodads\trees\elwynntreemid01.m2;16482.451171875;25.555862426757812;27850.3359375;0;262.9218444824219;0;;0.9287109375;35768;m2;189932;0;
..\..\world\azeroth\elwynn\passivedoodads\trees\elwynntreemid01.m2;16516.923828125;35.419551849365234;28253.794921875;0;164.2012939453125;0;;0.8759765625;362430;m2;189932;0;
..\..\world\azeroth\elwynn\passivedoodads\trees\stumps\elwynntreestump02.m2;16483.4453125;26.08408546447754;27785.494140625;8.000000953674316;283.5489501953125;6;;1.798828125;35658;m2;189940;0;
..\..\world\azeroth\karazahn\passivedoodads\brokencart\kn_brokencart.m2;16488.5546875;32.96757888793945;28204.60546875;-7.000000476837158;229.5;6.5;;1;362449;m2;189997;0;
..\..\world\azeroth\westfall\passivedoodads\treestumps\westfalltreestump01.m2;16006.52734375;34.71197509765625;27743.97265625;0;163.7012939453125;0;;2.1181640625;35593;m2;190647;0;
..\..\world\azeroth\elwynn\passivedoodads\trees\elwynntreemid01.m2;16485.814453125;28.438222885131836;27839.453125;0;179.9945068359375;0;;0.841796875;35766;m2;189932;0;
..\..\world\azeroth\elwynn\passivedoodads\bush\elwynnbush09.m2;16493.384765625;30.008310317993164;27875.68359375;9;308.72528076171875;3.999999523162842;;1.1494140625;35815;m2;189700;0;
..\..\world\azeroth\elwynn\passivedoodads\trees\elwynntreemid01.m2;16421.9140625;36.40761184692383;28040.484375;0;2.768646240234375;0;;0.80859375;36083;m2;189932;0;
..\..\world\azeroth\westfall\passivedoodads\westfallruins\westfallruins03.m2;16241.052734375;38.31057357788086;28254.203125;-17.999998092651367;10.5;5.999999523162842;;1;36345;m2;190668;0;
..\..\world\azeroth\westfall\passivedoodads\haystack\westfallhaystack02.m2;16350.0234375;38.820560455322266;27882.86328125;14;321.09619140625;1.999999761581421;;1.1357421875;35795;m2;190598;0;
..\..\world\azeroth\elwynn\passivedoodads\bush\elwynnbush09.m2;16498.09375;34.44746398925781;28242.248046875;0;130.9493408203125;0;;1.2177734375;362437;m2;189700;0;
..\..\world\azeroth\elwynn\passivedoodads\trees\elwynntreemid01.m2;16453.025390625;34.3660774230957;28103.8359375;0;245.20034790039062;0;;0.794921875;36154;m2;189932;0;
..\..\world\azeroth\elwynn\passivedoodads\trees\elwynntreemid01.m2;16391.142578125;36.34292221069336;27873.4296875;0;69.72137451171875;0;;0.79296875;35798;m2;189932;0;
..\..\world\azeroth\elwynn\passivedoodads\trees\elwynntreemid01.m2;16483.162109375;27.651657104492188;27840.28515625;0;226.36920166015625;0;;0.787109375;35767;m2;189932;0;
..\..\world\azeroth\elwynn\passivedoodads\trees\elwynntreemid01.m2;16391.20703125;33.20468521118164;27769.328125;0;219.5684814453125;0;;0.7822265625;35642;m2;189932;0;
..\..\world\azeroth\elwynn\passivedoodads\bush\elwynnbush09.m2;16427.30859375;34.13467025756836;27992.169921875;0;125.33585357666016;0;;1.17578125;36038;m2;189700;0;
..\..\world\azeroth\elwynn\passivedoodads\trees\elwynntreemid01.m2;16532.783203125;33.06304931640625;28239.640625;0;347.8048095703125;0;;0.759765625;362431;m2;189932;0;
..\..\world\azeroth\elwynn\passivedoodads\trees\stumps\elwynntreestump02.m2;16403.845703125;27.799047470092773;27797.9609375;4.999999523162842;312.1185607910156;-3.0000007152557373;;1.3408203125;35649;m2;189940;0;
..\..\world\azeroth\elwynn\passivedoodads\bush\elwynnbush09.m2;16406.552734375;33.6381950378418;27902.85546875;0;59.6685791015625;0;;1.181640625;35868;m2;189700;0;
..\..\world\azeroth\elwynn\passivedoodads\trees\stumps\elwynntreestump02.m2;16390.833984375;33.4193000793457;27788.89453125;8.499999046325684;88.9990234375;2;;1.798828125;35645;m2;189940;0;
..\..\world\azeroth\elwynn\passivedoodads\bush\elwynnbush09.m2;16388.611328125;32.012611389160156;27801.15625;0;328.7649230957031;0;;1.158203125;35705;m2;189700;0;
..\..\world\azeroth\elwynn\passivedoodads\bush\elwynnbush09.m2;16494.654296875;30.61210823059082;27880.5234375;-13.500000953674316;51.076995849609375;-4.3901690105485613e-7;;1.0361328125;35814;m2;189700;0;
..\..\world\azeroth\elwynn\passivedoodads\bush\elwynnbush09.m2;16498.994140625;30.693342208862305;28114.1015625;0;244.1566162109375;0;;1.1552734375;36157;m2;189700;0;
..\..\world\azeroth\duskwood\passivedoodads\bush\duskwoodspookybush04.m2;16493.70703125;28.610239028930664;27958.6640625;-9;112.18480682373047;-9.000000953674316;;1.16796875;35965;m2;189408;0;
..\..\world\azeroth\elwynn\passivedoodads\bush\elwynnbush09.m2;16501.47265625;33.76146697998047;28237.42578125;0;35.9923095703125;0;;1.0810546875;362436;m2;189700;0;
..\..\world\azeroth\westfall\passivedoodads\westfallruins\westfallruins01.m2;16240.349609375;38.96657180786133;28263.759765625;0;95;0;;1;36339;m2;190666;0;
..\..\world\azeroth\elwynn\passivedoodads\bush\elwynnbush09.m2;16395.376953125;30.192256927490234;27812.5546875;0;333.1485900878906;0;;1.083984375;35704;m2;189700;0;
..\..\world\azeroth\elwynn\passivedoodads\bush\elwynnbush09.m2;16467.78125;31.257104873657227;28096.3203125;0;71.764892578125;0;;1.1376953125;36109;m2;189700;0;
..\..\world\azeroth\westfall\passivedoodads\westfallruins\westfallruins03.m2;16233.8583984375;38.97724151611328;28264.076171875;0;91;0;;1;36338;m2;190668;0;
..\..\world\azeroth\duskwood\passivedoodads\bush\duskwoodbush06.m2;16533.1875;32.67835998535156;27888.171875;0;23;0;;1.26953125;35817;m2;189400;0;
..\..\world\azeroth\westfall\passivedoodads\haystack\westfallhaystack02.m2;16337.9736328125;34.26193618774414;27905.62890625;-0.5000000596046448;49.27520751953125;1.5000001192092896;;1.013671875;35856;m2;190598;0;
..\..\world\azeroth\westfall\passivedoodads\haystack\westfallhaystack02.m2;16312.2529296875;34.89281463623047;27925.4296875;2.5;295.0688171386719;-6;;1.021484375;35852;m2;190598;0;
..\..\world\azeroth\elwynn\passivedoodads\bush\elwynnbush09.m2;16485.376953125;28.337656021118164;27839.6328125;0;42.946868896484375;0;;0.9912109375;35769;m2;189700;0;
..\..\world\azeroth\westfall\passivedoodads\haystack\westfallhaystack02.m2;16340.5029296875;36.305992126464844;27889.234375;1.500000238418579;22.23699951171875;6;;1.044921875;35796;m2;190598;0;
..\..\world\azeroth\westfall\passivedoodads\westfallruins\westfallruins01.m2;16217.943359375;39.11116409301758;28263.00390625;0;0;0;;1;36329;m2;190666;0;
..\..\world\azeroth\elwynn\passivedoodads\bush\elwynnbush09.m2;16387.5078125;34.91282272338867;27845.576171875;0;114.08551025390625;0;;1.0439453125;35755;m2;189700;0;
..\..\world\azeroth\westfall\passivedoodads\haystack\westfallhaystack02.m2;16328.2861328125;33.94631576538086;27927.16015625;-6.5;244.44229125976562;-3.999999523162842;;0.982421875;35850;m2;190598;0;
..\..\world\azeroth\westfall\passivedoodads\haystack\westfallhaystack02.m2;16346.58984375;33.90108108520508;27920.70703125;-2;161.119384765625;-2;;1.0615234375;35855;m2;190598;0;
..\..\world\azeroth\elwynn\passivedoodads\bush\elwynnbush09.m2;16478.44140625;25.297210693359375;27770.609375;0;60.2618408203125;0;;0.97265625;35656;m2;189700;0;
..\..\world\azeroth\westfall\passivedoodads\haystack\westfallhaystack02.m2;16351.4248046875;35.422271728515625;27906.91796875;-10;151.29736328125;-3.999999523162842;;0.91796875;35857;m2;190598;0;
..\..\world\azeroth\elwynn\passivedoodads\bush\elwynnbush09.m2;16515.7734375;32.71133041381836;28137.9921875;0;121.73223876953125;0;;0.9580078125;36194;m2;189700;0;
..\..\world\azeroth\elwynn\passivedoodads\bush\elwynnbush09.m2;16461.99609375;28.624847412109375;28063.4375;0;76.5330810546875;0;;1.0869140625;36088;m2;189700;0;
..\..\world\azeroth\duskwood\passivedoodads\bush\duskwoodspookybush04.m2;16408.939453125;30.25337791442871;27940.322265625;0;54;0;;1;35949;m2;189408;0;
..\..\world\azeroth\duskwood\passivedoodads\bush\duskwoodspookybush04.m2;16479.662109375;30.82723045349121;27938.953125;0;35.5;0;;1;35966;m2;189408;0;
..\..\world\azeroth\duskwood\passivedoodads\bush\duskwoodspookybush04.m2;16476.14453125;31.01987075805664;27938.5859375;0;32;0;;1;35963;m2;189408;0;
..\..\world\azeroth\elwynn\passivedoodads\bush\elwynnbush09.m2;16464.048828125;29.16781997680664;28066.576171875;0;313.097900390625;0;;0.9189453125;36087;m2;189700;0;
..\..\world\azeroth\elwynn\passivedoodads\bush\elwynnbush09.m2;16404.70703125;34.09123229980469;27903.37109375;0;145.33160400390625;0;;0.9248046875;35867;m2;189700;0;
..\..\world\azeroth\elwynn\passivedoodads\bush\elwynnbush09.m2;16479.330078125;25.91062355041504;27763.134765625;0;137.11355590820312;0;;0.9033203125;35624;m2;189700;0;
..\..\world\azeroth\elwynn\passivedoodads\bush\elwynnbush09.m2;16395.326171875;31.04823875427246;27815.28515625;0;88.069091796875;0;;1.2265625;35703;m2;189700;0;
..\..\world\azeroth\elwynn\passivedoodads\bush\elwynnbush09.m2;16420.578125;35.39195251464844;27983.921875;0;3.6805419921875;0;;1.19140625;36040;m2;189700;0;
..\..\world\azeroth\elwynn\passivedoodads\bush\elwynnbush09.m2;16522.61328125;27.724811553955078;28029.2578125;4.999999523162842;226.62188720703125;-8.5;;0.82421875;36074;m2;189700;0;
..\..\world\azeroth\elwynn\passivedoodads\bush\elwynnbush09.m2;16535.19921875;30.272260665893555;28147.59765625;0;334.5549011230469;0;;0.935546875;37435;m2;189700;0;
..\..\world\azeroth\elwynn\passivedoodads\trees\stumps\elwynntreestump01.m2;16498.68359375;34.02745819091797;28239.5625;0;207.8631591796875;0;;1.02734375;362433;m2;189939;0;
..\..\world\azeroth\elwynn\passivedoodads\bush\elwynnbush09.m2;16517.751953125;31.981340408325195;28137.416015625;0;94.38641357421875;0;;1.12109375;36195;m2;189700;0;
..\..\world\azeroth\westfall\passivedoodads\haystack\westfallhaystack02.m2;16323.177734375;35.29734420776367;27917.6328125;4.499999523162842;71.655029296875;0.49999967217445374;;0.919921875;35851;m2;190598;0;
..\..\world\azeroth\elwynn\passivedoodads\bush\elwynnbush09.m2;16385.58203125;37.22880554199219;27867.82421875;0;10.6490478515625;0;;1.0263671875;35801;m2;189700;0;
..\..\world\azeroth\elwynn\passivedoodads\bush\elwynnbush09.m2;16476.634765625;24.83806037902832;27768.4140625;-15.000001907348633;100.51699829101562;-4.000000476837158;;0.8974609375;35657;m2;189700;0;
..\..\world\azeroth\elwynn\passivedoodads\bush\elwynnbush09.m2;16408.08984375;32.8456916809082;27887.12109375;10.5;15.381317138671875;-10.000001907348633;;0.873046875;35804;m2;189700;0;
..\..\world\azeroth\elwynn\passivedoodads\detail\elwynnseaweed01\elwynnseaweed01.m2;16465.486328125;12.849452018737793;27991.826171875;0;251;0;;1.4794921875;36043;m2;189772;0;
..\..\world\azeroth\elwynn\passivedoodads\bush\elwynnbush09.m2;16407.763671875;27.529571533203125;27795.75390625;0;330.41290283203125;0;;0.8642578125;35650;m2;189700;0;
..\..\world\azeroth\duskwood\passivedoodads\ruins\duskwoodruinsbeam.m2;16228.201171875;40.64390563964844;28253.50390625;0;33.5;0;;1;36332;m2;189510;0;
..\..\world\azeroth\elwynn\passivedoodads\bush\elwynnbush09.m2;16391.76171875;33.44920349121094;27768.1328125;0;261.87811279296875;0;;1.01953125;35643;m2;189700;0;
..\..\world\azeroth\elwynn\passivedoodads\bush\elwynnbush09.m2;16482.7578125;27.476165771484375;27839.759765625;6;359.791259765625;3;;1.0556640625;35770;m2;189700;0;
..\..\world\azeroth\elwynn\passivedoodads\bush\elwynnbush09.m2;16405.11328125;34.20177459716797;27957.76171875;0;46.04510498046875;0;;0.806640625;35954;m2;189700;0;
..\..\world\azeroth\duskwood\passivedoodads\bush\duskwoodbush06.m2;16473.119140625;30.971683502197266;27938.3515625;0;25.5;0;;1;35962;m2;189400;0;
..\..\world\azeroth\elwynn\passivedoodads\bush\elwynnbush09.m2;16386.08984375;34.9997673034668;27836.041015625;0;255.46188354492188;0;;0.9267578125;35757;m2;189700;0;
..\..\world\azeroth\elwynn\passivedoodads\detail\elwynnseaweed01\elwynnseaweed01.m2;16450.826171875;16.100149154663086;27975.75;0;25;0;;1.3896484375;36042;m2;189772;0;
..\..\world\azeroth\elwynn\passivedoodads\bush\elwynnbush09.m2;16391.951171875;36.1867561340332;27873.15234375;0;284.7303771972656;0;;0.8974609375;35800;m2;189700;0;
..\..\world\azeroth\elwynn\passivedoodads\bush\elwynnbush09.m2;16467.767578125;29.45338249206543;28073.0390625;0;216.73390197753906;0;;0.7841796875;36108;m2;189700;0;
..\..\world\azeroth\westfall\passivedoodads\detail\westfallbush01.m2;16215.7998046875;39.587669372558594;28207.66796875;0;310.8786315917969;0;;1.4970703125;36284;m2;190566;0;
..\..\world\azeroth\westfall\passivedoodads\westfallruins\westfallruins02.m2;16217.9404296875;38.866127014160156;28248.248046875;0;0;0;;1;36330;m2;190667;0;
..\..\world\azeroth\elwynn\passivedoodads\bush\elwynnbush09.m2;16383.0078125;34.65264892578125;27756.46875;0;105.13137817382812;0;;0.85546875;35617;m2;189700;0;
..\..\world\azeroth\elwynn\passivedoodads\bush\elwynnbush09.m2;16391.5;33.758026123046875;27785.322265625;0;185.02639770507812;0;;0.9609375;35646;m2;189700;0;
..\..\world\azeroth\duskwood\passivedoodads\ruins\duskwoodruinsbeam.m2;16221.8115234375;41.699459075927734;28260.16796875;43.000003814697266;121.5;-14.500003814697266;;1;36331;m2;189510;0;
..\..\world\azeroth\elwynn\buildings\distillery\distillery.m2;16499.0859375;32.833763122558594;28180.65625;-2.500000238418579;148.6142578125;2.500000238418579;;1;362482;m2;189611;0;
..\..\world\azeroth\elwynn\passivedoodads\detail\elwynnseaweed01\elwynnseaweed01.m2;16442.263671875;14.797138214111328;27868.23828125;0;44.5;0;;1.279296875;35811;m2;189772;0;
..\..\world\azeroth\westfall\passivedoodads\detail\westfallbush01.m2;16046.4091796875;35.914302825927734;28152.109375;0;37.58538818359375;0;;1.4541015625;36158;m2;190566;0;
..\..\world\azeroth\elwynn\passivedoodads\bush\elwynnbush09.m2;16413.14453125;36.26216125488281;28041.373046875;0;282.6099548339844;0;;0.8623046875;36086;m2;189700;0;
..\..\world\azeroth\elwynn\passivedoodads\bush\elwynnbush09.m2;16428.666015625;33.9733772277832;27989.041015625;0;356.3963623046875;0;;0.96484375;36039;m2;189700;0;
..\..\world\azeroth\westfall\passivedoodads\haystack\westfallhaystack02.m2;16333.94921875;34.03550338745117;27919.12109375;2;346.15679931640625;-7.500000476837158;;0.8193359375;35854;m2;190598;0;
..\..\world\azeroth\duskwood\passivedoodads\ruins\duskwoodruinsbeam.m2;16230.732421875;40.588348388671875;28252.732421875;-23.499998092651367;315.5;-7.500000953674316;;1;36333;m2;189510;0;
..\..\world\azeroth\duskwood\buildings\gnolltent\gnolltent02.m2;16124.6259765625;36.548980712890625;28194.462890625;-3.499999761581421;67.5;-6.5;;1;36212;m2;189359;0;
..\..\world\azeroth\elwynn\passivedoodads\bush\elwynnbush09.m2;16421.982421875;36.57405090332031;28041.44921875;0;354.96807861328125;0;;0.9296875;36084;m2;189700;0;
..\..\world\azeroth\elwynn\passivedoodads\bush\elwynnbush09.m2;16413.46484375;30.91411781311035;27892.83203125;0;338.9825134277344;0;;0.779296875;35803;m2;189700;0;
..\..\world\azeroth\elwynn\passivedoodads\bush\elwynnbush09.m2;16393.28515625;33.40703201293945;27786.52734375;0;86.25628662109375;0;;0.9365234375;35647;m2;189700;0;
..\..\world\azeroth\elwynn\passivedoodads\detail\elwynnseaweed01\elwynnseaweed01.m2;16451.953125;10.32182502746582;27938.26171875;-0.5000001788139343;16;9.000000953674316;;1.1494140625;35959;m2;189772;0;
..\..\world\azeroth\duskwood\buildings\gnolltent\gnolltent02.m2;16028.9384765625;36.89180374145508;28103.71875;-1.5;234.5;1.5000001192092896;;1;36116;m2;189359;0;
..\..\world\azeroth\duskwood\passivedoodads\bush\duskwoodbush06.m2;16405.8046875;31.02825355529785;27926.59765625;0;5.5;0;;1;35862;m2;189400;0;
..\..\world\azeroth\elwynn\passivedoodads\bush\elwynnbush09.m2;16353.8896484375;41.86407470703125;27768.8828125;0;181.6644744873047;0;;0.935546875;35640;m2;189700;0;
..\..\world\azeroth\elwynn\passivedoodads\bush\elwynnbush09.m2;16351.94921875;41.740325927734375;27767.216796875;0;207.24142456054688;0;;0.7177734375;35641;m2;189700;0;
..\..\world\azeroth\elwynn\passivedoodads\detail\elwynnseaweed01\elwynnseaweed01.m2;16426.20703125;16.45931053161621;27926.2578125;10.5;28;-14.5;;1;35873;m2;189772;0;
..\..\world\azeroth\elwynn\passivedoodads\trees\stumps\elwynntreestump02.m2;16487.083984375;26.83936882019043;27779.2734375;3.000000476837158;220.6890869140625;-12.000000953674316;;0.7744140625;35659;m2;189940;0;
..\..\world\azeroth\elwynn\passivedoodads\bush\elwynnbush09.m2;16385.4296875;35.24943923950195;27821.21875;0;175.687744140625;0;;0.884765625;35702;m2;189700;0;
..\..\world\azeroth\elwynn\passivedoodads\bush\elwynnbush09.m2;16390.8515625;33.52865219116211;27769.9296875;0;342.94866943359375;0;;0.7568359375;35644;m2;189700;0;
..\..\world\azeroth\swamposorrow\passivedoodads\plants\swampplant04.m2;16477.693359375;21.564762115478516;27967.091796875;0;58.910491943359375;0;;1.2490234375;36044;m2;190378;0;
..\..\world\azeroth\westfall\passivedoodads\detail\westfallbush01.m2;16317.1767578125;34.28376770019531;27961.859375;0;134.28997802734375;0;;1.31640625;35925;m2;190566;0;
..\..\world\azeroth\elwynn\passivedoodads\bush\elwynnbush09.m2;16414.033203125;36.02286148071289;28038.6015625;0;10.73394775390625;0;;0.798828125;36085;m2;189700;0;
..\..\world\azeroth\swamposorrow\passivedoodads\plants\swampplant04.m2;16423.54296875;20.94203758239746;27843.900390625;0;49.000518798828125;0;;1.224609375;35758;m2;190378;0;
..\..\world\azeroth\westfall\passivedoodads\deadmule\deadmule.m2;16223.40234375;33.2491340637207;27986.99609375;0.9999990463256836;94.5;10.500001907348633;;1;36014;m2;190546;0;
..\..\world\azeroth\elwynn\passivedoodads\detail\elwynnseaweed01\elwynnseaweed01.m2;16482.0546875;12.8154296875;28016.638671875;0;25;0;;1.1494140625;36070;m2;189772;0;
..\..\world\azeroth\elwynn\passivedoodads\detail\elwynnseaweed01\elwynnseaweed01.m2;16451.08203125;11.857502937316895;27923.8203125;0;322;0;;1.1494140625;35877;m2;189772;0;
..\..\world\azeroth\elwynn\passivedoodads\detail\elwynnseaweed01\elwynnseaweed01.m2;16425.48828125;18.95655632019043;27925.341796875;0;317;0;;1.1494140625;35872;m2;189772;0;
..\..\world\azeroth\elwynn\passivedoodads\detail\elwynnseaweed01\elwynnseaweed01.m2;16427.689453125;15.105902671813965;27937.947265625;0;181;0;;1.1494140625;35956;m2;189772;0;
..\..\world\azeroth\elwynn\passivedoodads\bush\elwynnbush09.m2;16383.677734375;35.384803771972656;27837.10546875;0;358.9672546386719;0;;0.908203125;35756;m2;189700;0;
..\..\world\azeroth\elwynn\passivedoodads\detail\elwynnseaweed01\elwynnseaweed01.m2;16453.126953125;12.82674789428711;27778.15234375;0;342.5;0;;1.1396484375;35651;m2;189772;0;
..\..\world\azeroth\swamposorrow\passivedoodads\plants\swampplant04.m2;16483.03515625;21.094560623168945;27984.4140625;0;200.66041564941406;0;;1.2119140625;36047;m2;190378;0;
..\..\world\azeroth\duskwood\passivedoodads\bush\duskwoodspookybush04.m2;16512.59375;33.461421966552734;27987.578125;-5;180.1593017578125;-2;;0.912109375;36050;m2;189408;0;
..\..\world\azeroth\westfall\passivedoodads\detail\westfallbush01.m2;16252.306640625;42.33981704711914;27752.8046875;17.500001907348633;290.13580322265625;-15.999998092651367;;1.2099609375;35613;m2;190566;0;
..\..\world\azeroth\elwynn\passivedoodads\detail\elwynnseaweed01\elwynnseaweed01.m2;16450.84765625;12.826739311218262;27826.10546875;0;338;0;;1.1298828125;35712;m2;189772;0;
..\..\world\azeroth\westfall\passivedoodads\detail\westfallbush01.m2;16123.4228515625;35.287078857421875;28175.33203125;0;105.85650634765625;0;;1.44140625;36206;m2;190566;0;
..\..\world\azeroth\swamposorrow\passivedoodads\plants\swampplant04.m2;16469.57421875;21.022689819335938;27745.6328125;0;213.5587615966797;0;;1.201171875;35623;m2;190378;0;
..\..\world\azeroth\duskwood\buildings\gnolltent\gnolltent03.m2;16340.5654296875;34.22121047973633;28218.572265625;-13.999998092651367;123;1.999998927116394;;1;36302;m2;189361;0;
..\..\world\azeroth\westfall\passivedoodads\outhouse\outhouse.m2;16512.189453125;32.584503173828125;28186.72265625;-4.999999523162842;139.16104125976562;2.5;;1;362491;m2;190617;0;
..\..\world\azeroth\duskwood\buildings\gnolltent\gnolltent02.m2;16285.099609375;37.02051544189453;28170.09765625;-4.999999523162842;261;-3.000000238418579;;1;36229;m2;189359;0;
..\..\world\azeroth\duskwood\buildings\gnolltent\gnolltent03.m2;16015.3447265625;35.14179992675781;28202.5234375;-7.500000476837158;304;-5.999999523162842;;1;36253;m2;189361;0;
..\..\world\azeroth\westfall\passivedoodads\detail\westfallbush01.m2;16170.7998046875;40.273406982421875;28169.623046875;0;217.5029754638672;0;;1.267578125;36221;m2;190566;0;
..\..\world\azeroth\elwynn\passivedoodads\detail\elwynnseaweed01\elwynnseaweed01.m2;16441.794921875;13.794845581054688;27811.8359375;0;27;0;;1.109375;35713;m2;189772;0;
..\..\world\azeroth\elwynn\passivedoodads\bush\elwynnbush09.m2;16410.794921875;37.092323303222656;27968;0;89.71710205078125;0;;0.888671875;36041;m2;189700;0;
..\..\world\azeroth\swamposorrow\passivedoodads\plants\swampplant04.m2;16514.083984375;21.008108139038086;28032.375;0;134.39984130859375;0;;1.162109375;36079;m2;190378;0;
..\..\world\azeroth\westfall\passivedoodads\detail\westfallbush01.m2;16308.525390625;36.01688003540039;28179.72265625;0;206.6591339111328;0;;1.294921875;36242;m2;190566;0;
..\..\world\azeroth\swamposorrow\passivedoodads\plants\swampplant04.m2;16482.892578125;21.262475967407227;27983.0234375;0;283.3020935058594;0;;1.1689453125;36046;m2;190378;0;
..\..\world\azeroth\westfall\passivedoodads\detail\westfallbush01.m2;16140.9140625;36.00852584838867;28172.21875;0;153.01123046875;0;;1.2900390625;36219;m2;190566;0;
..\..\world\azeroth\westfall\passivedoodads\detail\westfallbush01.m2;16053.607421875;36.77681350708008;27993.7890625;0;46.16595458984375;0;;1.2333984375;35981;m2;190566;0;
..\..\world\azeroth\duskwood\buildings\gnolltent\gnolltent02.m2;16173.978515625;36.021881103515625;28115.48046875;-4;260.5;0.9999997019767761;;1;36133;m2;189359;0;
..\..\world\azeroth\westfall\passivedoodads\detail\westfallbush01.m2;16247.2197265625;34.540008544921875;27977.35546875;0;49.39605712890625;0;;1.232421875;36019;m2;190566;0;
..\..\world\azeroth\swamposorrow\passivedoodads\plants\swampplant04.m2;16466.5234375;20.942554473876953;27785.25;0;6.998504638671875;0;;1.1591796875;35652;m2;190378;0;
..\..\world\azeroth\duskwood\buildings\gnolltent\gnolltent02.m2;16279.1572265625;37.400962829589844;28161.70703125;-4.5;354.5;-3;;1;36178;m2;189359;0;
..\..\world\azeroth\westfall\passivedoodads\detail\westfallbush01.m2;16308.7392578125;36.0342903137207;28177.685546875;0;167.84326171875;0;;1.431640625;36243;m2;190566;0;
..\..\world\azeroth\duskwood\buildings\gnolltent\gnolltent03.m2;16280.2373046875;37.07864761352539;28096.5234375;0.9999997019767761;218;3.999999523162842;;1;36096;m2;189361;0;
..\..\world\azeroth\duskwood\passivedoodads\fence\duskwoodfencetop.m2;16053.255859375;32.17146682739258;27925.39453125;-20.5;202.5;-39;;1;35824;m2;189471;0;
..\..\world\azeroth\westfall\passivedoodads\detail\westfallbush01.m2;16211.1728515625;42.23539733886719;28155.513671875;0;41.43072509765625;0;;1.2158203125;36170;m2;190566;0;
..\..\world\azeroth\westfall\passivedoodads\detail\westfallbush01.m2;16379.537109375;35.30073928833008;28156.09375;0;245.15640258789062;0;;1.279296875;36184;m2;190566;0;
..\..\world\azeroth\swamposorrow\passivedoodads\plants\swampplant04.m2;16469.16796875;21.452917098999023;27841.8828125;0;122.42437744140625;0;;1.1396484375;35764;m2;190378;0;
..\..\world\azeroth\westfall\passivedoodads\detail\westfallbush01.m2;16044.2685546875;33.14118957519531;27823.28125;0;150.95675659179688;0;;1.2451171875;35668;m2;190566;0;
..\..\world\azeroth\duskwood\buildings\gnolltent\gnolltent03.m2;16169.5615234375;38.7635498046875;28202.53515625;-2.5;304;0;;1;36277;m2;189361;0;
..\..\world\azeroth\duskwood\buildings\gnolltent\gnolltent02.m2;16170.623046875;36.07637023925781;28110.13671875;-1.5000001192092896;354.5;1.5000001192092896;;1;36132;m2;189359;0;
..\..\world\generic\human\passivedoodads\hanginglanterns\generalhanginglantern01.m2;16438.876953125;34.854637145996094;27931.95703125;0;0;0;;1;35885;m2;198291;0;
..\..\world\azeroth\elwynn\passivedoodads\detail\elwynnseaweed01\elwynnseaweed01.m2;16454.4921875;12.447954177856445;27884.234375;0;317;0;;1.0498046875;35810;m2;189772;0;
..\..\world\azeroth\westfall\passivedoodads\detail\westfallbush01.m2;16071.822265625;35.813045501708984;28158.921875;0;19.171722412109375;0;;1.3046875;36161;m2;190566;0;
..\..\world\azeroth\westfall\passivedoodads\detail\westfallbush01.m2;16223.5146484375;33.013336181640625;27909.091796875;0;60.4705810546875;0;;1.2216796875;35836;m2;190566;0;
..\..\world\azeroth\westfall\passivedoodads\outhouse\outhouse.m2;16196.48046875;35.38869094848633;27821.2265625;0;0;0;;1;35675;m2;190617;0;
..\..\world\azeroth\westfall\passivedoodads\detail\westfallbush01.m2;16058.3427734375;33.51937484741211;27831.03125;0;140.5194091796875;0;;1.18359375;35669;m2;190566;0;
..\..\world\azeroth\swamposorrow\passivedoodads\plants\swampplant04.m2;16423.142578125;21.204145431518555;27760.203125;0;232.104248046875;0;;1.10546875;35618;m2;190378;0;
..\..\world\azeroth\duskwood\buildings\gnolltent\gnolltent03.m2;16291.1611328125;37.0905647277832;28097.357421875;7.500000953674316;160.5;-3;;1;36103;m2;189361;0;
..\..\world\generic\human\passivedoodads\signposts\woodsignpostworn01.m2;16045.775390625;32.61015319824219;27737.37109375;0;244.00003051757812;0;;1;120166;m2;198481;0;
..\..\world\generic\human\passivedoodads\signposts\woodsignpostworn01.m2;16071.0166015625;35.3050422668457;27991.1953125;0;0;0;;1;120170;m2;198481;0;
..\..\world\azeroth\westfall\passivedoodads\detail\westfallbush01.m2;16006.091796875;34.27629852294922;27740.0625;0;308.2747802734375;0;;1.171875;35596;m2;190566;0;
..\..\world\azeroth\westfall\passivedoodads\detail\westfallbush01.m2;16055.884765625;34.04164505004883;27953.61328125;0;308.2747802734375;0;;1.171875;35901;m2;190566;0;
..\..\world\azeroth\duskwood\buildings\gnolltent\gnolltent03.m2;16272.1748046875;36.78736114501953;28178.0078125;9.5;343.5;-2.5;;1;36228;m2;189361;0;
..\..\world\azeroth\swamposorrow\passivedoodads\plants\swampplant04.m2;16472.15625;21.361793518066406;27874.18359375;0;319.3713073730469;0;;1.0849609375;35813;m2;190378;0;
..\..\world\azeroth\swamposorrow\passivedoodads\plants\swampplant05.m2;16421.943359375;21.432937622070312;27813.712890625;0;47.846923828125;0;;1.2294921875;35711;m2;190379;0;
..\..\world\azeroth\duskwood\passivedoodads\fence\duskwoodfencebottom.m2;16040.9052734375;32.82173156738281;27755.76171875;-10;171.5;13.5;;1;35599;m2;189464;0;
..\..\world\azeroth\swamposorrow\passivedoodads\plants\swampplant04.m2;16422.87890625;21.213829040527344;27812.53125;0;198.89157104492188;0;;1.0888671875;35706;m2;190378;0;
..\..\world\azeroth\westfall\passivedoodads\detail\westfallbush01.m2;16354.66796875;31.108612060546875;27945.75;0;112.61328125;0;;1.2353515625;35940;m2;190566;0;
..\..\world\azeroth\swamposorrow\passivedoodads\plants\swampplant04.m2;16424.517578125;21.08115005493164;27801.4296875;0;130.09307861328125;0;;1.0771484375;35709;m2;190378;0;
..\..\world\azeroth\westfall\passivedoodads\detail\westfallbush01.m2;16248.806640625;34.39269256591797;27977.88671875;0;314.8118591308594;0;;1.1513671875;36020;m2;190566;0;
..\..\world\azeroth\swamposorrow\passivedoodads\plants\swampplant04.m2;16451.435546875;12.804988861083984;27922.76953125;0;27.8951416015625;0;;1.0849609375;35874;m2;190378;0;
..\..\world\azeroth\duskwood\buildings\gnolltent\gnolltent03.m2;16338.7802734375;32.59726333618164;28229.3828125;0;65.5;2;;1;36309;m2;189361;0;
..\..\world\azeroth\westfall\passivedoodads\detail\westfallbush01.m2;16173.0615234375;42.50204849243164;28237.904296875;0;294.08001708984375;0;;1.216796875;36327;m2;190566;0;
..\..\world\azeroth\westfall\passivedoodads\detail\westfallbush01.m2;16163.3173828125;34.99357986450195;27830.73828125;0;145.62823486328125;0;;1.16015625;35674;m2;190566;0;
..\..\world\azeroth\swamposorrow\passivedoodads\plants\swampplant04.m2;16500.56640625;21.164348602294922;28008.28125;0;171.5457763671875;0;;1.0810546875;36075;m2;190378;0;
..\..\world\azeroth\westfall\passivedoodads\detail\westfallbush01.m2;16154.560546875;36.41203689575195;28114.92578125;0;100.4676513671875;0;;1.365234375;36131;m2;190566;0;
..\..\world\azeroth\swamposorrow\passivedoodads\plants\swampplant04.m2;16429.740234375;21.556257247924805;27900.61328125;0;55.614501953125;0;;1.0732421875;35869;m2;190378;0;
..\..\world\azeroth\swamposorrow\passivedoodads\plants\swampplant04.m2;16466.69921875;20.937984466552734;27789.9609375;0;12.4808349609375;0;;1.0732421875;35654;m2;190378;0;
..\..\world\azeroth\westfall\passivedoodads\detail\westfallbush01.m2;16317.3427734375;32.7647590637207;27956.95703125;0;200.2099609375;0;;1.2392578125;35924;m2;190566;0;
..\..\world\azeroth\duskwood\passivedoodads\fence\duskwoodfencebottom.m2;16283.6171875;32.91140365600586;28231.96875;-12.500000953674316;326;27.5;;1;36298;m2;189464;0;
..\..\world\azeroth\elwynn\passivedoodads\detail\elwynnseaweed01\elwynnseaweed01.m2;16425.90234375;17.384552001953125;27939.107421875;0;252;0;;1;35955;m2;189772;0;
..\..\world\azeroth\elwynn\passivedoodads\detail\elwynnseaweed01\elwynnseaweed01.m2;16453.203125;12.687636375427246;27924.041015625;0;33;0;;1;35876;m2;189772;0;
..\..\world\azeroth\elwynn\passivedoodads\detail\elwynnseaweed01\elwynnseaweed01.m2;16451.931640625;11.286084175109863;27936.087890625;0;87;0;;1;35960;m2;189772;0;
..\..\world\azeroth\westfall\passivedoodads\detail\westfallbush01.m2;16241.978515625;40.75502014160156;28250.322265625;0;44;0;;1.1298828125;36347;m2;190566;0;
..\..\world\azeroth\westfall\passivedoodads\detail\westfallbush01.m2;16255.3359375;39.482276916503906;28153.140625;0;132.1585693359375;0;;1.125;36173;m2;190566;0;
..\..\world\azeroth\westfall\passivedoodads\detail\westfallbush01.m2;16145.6484375;48.58394241333008;28251.94140625;0;113.86578369140625;0;;1.1953125;36321;m2;190566;0;
..\..\world\azeroth\westfall\passivedoodads\detail\westfallbush01.m2;16192.794921875;34.62293243408203;27832.30078125;0;154.34063720703125;0;;1.1787109375;35682;m2;190566;0;
..\..\world\azeroth\swamposorrow\passivedoodads\plants\swampplant04.m2;16469.939453125;20.79119300842285;27732.55078125;0;153.14306640625;0;;1.056640625;25559;m2;190378;0;
..\..\world\azeroth\westfall\passivedoodads\detail\westfallbush01.m2;16176.6591796875;36.5242805480957;28103.0546875;0;67.9635009765625;0;;1.2001953125;36145;m2;190566;0;
..\..\world\azeroth\swamposorrow\passivedoodads\plants\swampplant04.m2;16514.515625;21.606258392333984;28031.28515625;0;183.09274291992188;0;;1.0498046875;36078;m2;190378;0;
..\..\world\azeroth\westfall\passivedoodads\detail\westfallbush01.m2;16123.2041015625;35.195926666259766;28172.826171875;0;16.490966796875;0;;1.2490234375;36205;m2;190566;0;
..\..\world\azeroth\westfall\passivedoodads\westfallfence\westfallfence.m2;16064.275390625;32.92892837524414;27901.21875;7;11;-1.5;;1;35820;m2;190659;0;
..\..\world\azeroth\duskwood\passivedoodads\fence\duskwoodfencebottom.m2;16200.8427734375;33.077293395996094;27978.25390625;-3.999999523162842;79;14.000000953674316;;1;36013;m2;189464;0;
..\..\world\azeroth\elwynn\passivedoodads\detail\elwynnseaweed01\elwynnseaweed01.m2;16438.61328125;15.447089195251465;27764.62890625;0;32;0;;0.9794921875;35622;m2;189772;0;
..\..\world\azeroth\swamposorrow\passivedoodads\plants\swampplant04.m2;16502.263671875;20.747217178344727;28011.09765625;0;134.05926513671875;0;;1.0380859375;36077;m2;190378;0;
..\..\world\azeroth\westfall\passivedoodads\detail\westfallbush01.m2;16331.4365234375;35.809871673583984;28171.73046875;0;337.92779541015625;0;;1.19140625;36244;m2;190566;0;
..\..\world\azeroth\westfall\passivedoodads\detail\westfallbush01.m2;16046.1796875;32.77839660644531;27737.51953125;0;214.7453155517578;0;;1.119140625;35604;m2;190566;0;
..\..\world\azeroth\westfall\passivedoodads\westfallfence\westfallfence.m2;16057.8798828125;33.04646682739258;27842.84765625;2.5;352.5;-22.5;;1;35717;m2;190659;0;
..\..\world\azeroth\westfall\passivedoodads\detail\westfallbush01.m2;16235.607421875;33.42277526855469;27878.09375;0;205.6593475341797;0;;1.1630859375;35789;m2;190566;0;
..\..\world\azeroth\duskwood\passivedoodads\fence\duskwoodfencetop.m2;16040.099609375;33.44956970214844;27765.779296875;-3;353.5;16.5;;1;35601;m2;189471;0;
..\..\world\azeroth\duskwood\passivedoodads\fence\duskwoodfencebottom.m2;16405.505859375;31.411163330078125;27927.703125;-5.500000476837158;99;0;;1;35864;m2;189464;0;
..\..\world\azeroth\duskwood\passivedoodads\fence\duskwoodfencebottom.m2;16064.48046875;32.57221221923828;27905.4140625;5;2.5;-2.000000238418579;;1;35821;m2;189464;0;
..\..\world\azeroth\westfall\passivedoodads\westfallfence\westfallfence.m2;16180.388671875;32.355255126953125;27985.435546875;4.499999046325684;265.5;0;;1;36010;m2;190659;0;
..\..\world\azeroth\swamposorrow\passivedoodads\plants\swampplant05.m2;16423.228515625;21.40593147277832;27802.88671875;0;237.8832550048828;0;;1.169921875;35710;m2;190379;0;
..\..\world\azeroth\westfall\passivedoodads\detail\westfallbush01.m2;16315.302734375;35.999427795410156;27854.416015625;6;221.83172607421875;-9.5;;1;35751;m2;190566;0;
..\..\world\generic\human\passivedoodads\hanginglanterns\generalhanginglanternlong.m2;16408.037109375;38.95509719848633;27932.81640625;0;0;0;;1;35870;m2;198292;0;
..\..\world\generic\human\passivedoodads\hanginglanterns\generalhanginglanternlong.m2;16469.6015625;38.66347122192383;27931.1484375;0;0;0;;1;35888;m2;198292;0;
..\..\world\azeroth\swamposorrow\passivedoodads\plants\swampplant05.m2;16422.5;21.333852767944336;27846.08984375;0;129.44488525390625;0;;1.1611328125;35759;m2;190379;0;
..\..\world\azeroth\swamposorrow\passivedoodads\plants\swampplant04.m2;16421.32421875;21.710647583007812;27811.9609375;0;170.8975830078125;0;;1.03125;35708;m2;190378;0;
..\..\world\azeroth\westfall\passivedoodads\westfallfence\westfallfence.m2;16476.138671875;31.21336555480957;27936.869140625;-3.5;88.5;0.5000000596046448;;1;35968;m2;190659;0;
..\..\world\azeroth\duskwood\buildings\gnolltent\gnolltent03.m2;16163.29296875;36.440956115722656;28124.357421875;-1.5000001192092896;343.5;-2.000000238418579;;1;36124;m2;189361;0;
..\..\world\azeroth\westfall\passivedoodads\detail\westfallbush01.m2;16486.28515625;33.30811309814453;28195.03125;0;94.36578369140625;0;;1.4072265625;36191;m2;190566;0;
..\..\world\azeroth\westfall\passivedoodads\westfallfence\westfallfence.m2;16495.431640625;32.72872543334961;28214.81640625;-3.999999523162842;350.5;-1.5;;1;362444;m2;190659;0;
..\..\world\azeroth\westfall\passivedoodads\detail\westfallbush01.m2;16420.841796875;32.2355842590332;28155.310546875;0;80.751953125;0;;1.3154296875;36189;m2;190566;0;
..\..\world\azeroth\westfall\passivedoodads\detail\westfallbush01.m2;16026.2578125;36.85042190551758;28109.49609375;0;180.54383850097656;0;;1.4873046875;36112;m2;190566;0;
..\..\world\azeroth\swamposorrow\passivedoodads\plants\swampplant04.m2;16462.546875;20.811540603637695;27926.03515625;0;237.64151000976562;0;;1.0244140625;35882;m2;190378;0;
..\..\world\azeroth\westfall\passivedoodads\detail\westfallbush01.m2;16164.853515625;33.98136901855469;27848.888671875;0;26.07135009765625;0;;1.13671875;35723;m2;190566;0;
..\..\world\azeroth\westfall\passivedoodads\westfallfence\westfallfence.m2;16044.8203125;32.867950439453125;27831.6015625;3;0;-0.9999998807907104;;1;35665;m2;190659;0;
..\..\world\azeroth\duskwood\passivedoodads\fence\duskwoodfencetop.m2;16397.115234375;30.995033264160156;27927.9765625;2.5;92.5;-0.5;;1;35858;m2;189471;0;
..\..\world\azeroth\westfall\passivedoodads\westfallfence\westfallfence.m2;16056.134765625;33.34993362426758;27949.53515625;3;189;-0.9999997615814209;;1;35896;m2;190659;0;
..\..\world\azeroth\westfall\passivedoodads\westfallfence\westfallfence.m2;16055.3134765625;32.893226623535156;27945.52734375;4;192.5;-2.000000238418579;;1;35895;m2;190659;0;
..\..\world\azeroth\westfall\passivedoodads\westfallfence\westfallfence.m2;16480.283203125;31.010461807250977;27937.58203125;2.5000007152557373;80.5;0;;1;35969;m2;190659;0;
..\..\world\azeroth\westfall\passivedoodads\westfallfence\westfallfence.m2;16475.751953125;31.280282974243164;27925.47265625;-3.500000238418579;283;0.5000000596046448;;1;35890;m2;190659;0;
..\..\world\azeroth\westfall\passivedoodads\westfallfence\westfallfence.m2;16063.48046875;33.36428451538086;27897.09765625;5;16.5;-0.9999998807907104;;1;35775;m2;190659;0;
..\..\world\azeroth\elwynn\passivedoodads\detail\elwynnseaweed01\elwynnseaweed01.m2;16450.193359375;12.976922988891602;27732.4921875;0;347.5;0;;0.94921875;25554;m2;189772;0;
..\..\world\azeroth\westfall\passivedoodads\westfallfence\westfallfence.m2;16500.06640625;30.48758316040039;27933.30078125;-1.499999761581421;279.5;-3.999999523162842;;1;35894;m2;190659;0;
..\..\world\azeroth\westfall\passivedoodads\detail\westfallbush01.m2;16053.509765625;32.08020782470703;27925.181640625;0;291.9376220703125;0;;1.1484375;35825;m2;190566;0;
..\..\world\azeroth\westfall\passivedoodads\westfallfence\westfallfence.m2;16040.0615234375;33.4537353515625;27769.828125;1;359.5;17.000001907348633;;1;35631;m2;190659;0;
..\..\world\azeroth\duskwood\passivedoodads\fence\duskwoodfencetop.m2;16503.466796875;32.5492057800293;28185.8671875;3;288.5;0.5000001192092896;;1;362485;m2;189471;0;
..\..\world\azeroth\westfall\passivedoodads\detail\westfallbush01.m2;16247.083984375;39.34291076660156;27771.8984375;-7.000000476837158;245.29925537109375;-13.499999046325684;;1;35636;m2;190566;0;
..\..\world\azeroth\duskwood\passivedoodads\fence\duskwoodfencebottom.m2;16058.4580078125;33.27675247192383;27838.80078125;0;1.5;-22;;1;35718;m2;189464;0;
..\..\world\azeroth\duskwood\passivedoodads\fence\duskwoodfencetop.m2;16025.458984375;33.38812255859375;27770.45703125;0;5;0;;1;35627;m2;189471;0;
..\..\world\azeroth\westfall\passivedoodads\westfallfence\westfallfence.m2;16076.1435546875;36.819759368896484;27974.1015625;-0.9999998807907104;11;0.4999999403953552;;1;35984;m2;190659;0;
..\..\world\azeroth\westfall\passivedoodads\detail\westfallbush01.m2;16221.412109375;32.69489288330078;27955.3671875;0;203.35215759277344;0;;1.126953125;35911;m2;190566;0;
..\..\world\azeroth\westfall\passivedoodads\westfallfence\westfallfence.m2;16377.5078125;31.565210342407227;27942.53515625;0;274.5;0;;1;35943;m2;190659;0;
..\..\world\azeroth\westfall\passivedoodads\westfallfence\westfallfence.m2;16025.1298828125;33.57202911376953;27766.2578125;0;356.5;0;;1;35591;m2;190659;0;
..\..\world\azeroth\westfall\passivedoodads\westfallfence\westfallfence.m2;16045.037109375;32.90689468383789;27835.873046875;0;3;0;;1;35720;m2;190659;0;
..\..\world\azeroth\westfall\passivedoodads\westfallfence\westfallfence.m2;16401.28515625;30.996355056762695;27928.328125;0;85;0;;1;35865;m2;190659;0;
..\..\world\azeroth\westfall\passivedoodads\westfallfence\westfallfence.m2;16471.5625;31.24159812927246;27925.82421875;0;275;0;;1;35889;m2;190659;0;
..\..\world\azeroth\westfall\passivedoodads\detail\westfallbush01.m2;16378.646484375;33.94575119018555;28190.1484375;0;30.795623779296875;0;;1.083984375;36247;m2;190566;0;
..\..\world\azeroth\westfall\passivedoodads\westfallfence\westfallfence.m2;16180.728515625;32.121212005615234;27974.29296875;0;266.5000305175781;0;;1;35999;m2;190659;0;
..\..\world\azeroth\westfall\passivedoodads\westfallfence\westfallfence.m2;16504.35546875;30.43913459777832;27932.578125;4;287;-4.000000476837158;;1;35893;m2;190659;0;
..\..\world\azeroth\westfall\passivedoodads\westfallfence\westfallfence.m2;16260.4990234375;31.35637092590332;27982.1328125;2.5000011920928955;296.5;-22.5;;1;36024;m2;190659;0;
..\..\world\azeroth\duskwood\passivedoodads\fence\duskwoodfencetop.m2;16228.2685546875;33.18208694458008;28000.98046875;0;88.5;0;;1;36065;m2;189471;0;
..\..\world\azeroth\westfall\passivedoodads\westfallfence\westfallfence.m2;16340.072265625;32.237998962402344;27948.05078125;0;276.5;0;;1;35934;m2;190659;0;
..\..\world\azeroth\westfall\passivedoodads\westfallfence\westfallfence.m2;16184.9140625;32.23265075683594;27974.5234375;0;268.5;0;;1;36000;m2;190659;0;
..\..\world\azeroth\westfall\passivedoodads\westfallfence\westfallfence.m2;16392.951171875;31.27963638305664;27928.154296875;0;91.5;0;;1;35859;m2;190659;0;
..\..\world\azeroth\duskwood\passivedoodads\fence\duskwoodfencetop.m2;16373.33984375;31.44930648803711;27943.21875;0;279.5;0;;1;35942;m2;189471;0;
..\..\world\azeroth\westfall\passivedoodads\westfallfence\westfallfence.m2;16404.90625;31.03665542602539;27939.2421875;0;89;0;;1;35951;m2;190659;0;
..\..\world\azeroth\westfall\passivedoodads\westfallfence\westfallfence.m2;16400.701171875;30.77685546875;27939.150390625;0;97;0;;1;35952;m2;190659;0;
..\..\world\azeroth\westfall\passivedoodads\westfallfence\westfallfence.m2;16348.404296875;31.67160987854004;27946.76953125;0;271;0;;1;35932;m2;190659;0;
..\..\world\azeroth\duskwood\passivedoodads\fence\duskwoodfencebottom.m2;16176.1279296875;32.42591857910156;27985.86328125;0;276;0;;1;36009;m2;189464;0;
..\..\world\azeroth\duskwood\passivedoodads\fence\duskwoodfencebottom.m2;16224.166015625;33.155540466308594;28000.86328125;0;83;0;;1;36066;m2;189464;0;
..\..\world\azeroth\westfall\passivedoodads\westfallfence\westfallfence.m2;16025.3154296875;33.672088623046875;27757.828125;0;351;0;;1;35589;m2;190659;0;
..\..\world\azeroth\duskwood\passivedoodads\fence\duskwoodfencebottom.m2;16143.2421875;31.855472564697266;27992.28515625;-4.2688682810876344e-7;148.5;-22;;1;35996;m2;189464;0;
..\..\world\azeroth\duskwood\passivedoodads\fence\duskwoodfencebottom.m2;16025.3955078125;33.61296844482422;27762.0234375;0;1;0;;1;35590;m2;189464;0;
..\..\world\azeroth\swamposorrow\passivedoodads\plants\swampplant05.m2;16422.47265625;21.30693817138672;27843.4453125;0;257.88995361328125;0;;1.1181640625;35760;m2;190379;0;
..\..\world\azeroth\westfall\passivedoodads\detail\westfallbush01.m2;16088.3623046875;37.6196174621582;27978.21875;0;50.48370361328125;0;;1.0546875;35992;m2;190566;0;
..\..\world\azeroth\swamposorrow\passivedoodads\plants\swampplant05.m2;16430.1875;21.304475784301758;27879.109375;0;163.2508544921875;0;;1.1162109375;35808;m2;190379;0;
..\..\world\azeroth\westfall\passivedoodads\westfallfence\westfallfence.m2;16339.240234375;31.1414737701416;27935.41015625;0;280.5;0;;1;35938;m2;190659;0;
..\..\world\azeroth\westfall\passivedoodads\detail\westfallbush01.m2;16181.5234375;35.20772171020508;27831.666015625;0;32.740264892578125;0;;1.068359375;35680;m2;190566;0;
..\..\world\azeroth\duskwood\passivedoodads\fence\duskwoodfencebottombroken.m2;16496.212890625;32.39392852783203;28210.671875;0;13.5;0;;1;362442;m2;189465;0;
..\..\world\azeroth\duskwood\passivedoodads\fence\duskwoodfencebottombroken.m2;16499.283203125;32.60554122924805;28184.84375;0;256;0;;1;362486;m2;189465;0;
..\..\world\azeroth\westfall\passivedoodads\westfallfence\westfallfence.m2;16343.294921875;30.97573471069336;27934.6484375;0;281.5;0;;1;35937;m2;190659;0;
..\..\world\azeroth\westfall\passivedoodads\detail\westfallbush01.m2;16156.052734375;36.21889877319336;28114.16015625;0;319.4482116699219;0;;1.0478515625;36130;m2;190566;0;
..\..\world\azeroth\duskwood\passivedoodads\fence\duskwoodfencebottom.m2;16344.2890625;32.17804718017578;27947.578125;0;281;0;;1;35933;m2;189464;0;
..\..\world\azeroth\westfall\passivedoodads\detail\westfallbush01.m2;16176.5703125;32.4066162109375;27972.99609375;0;326;0;;1.0595703125;36008;m2;190566;0;
..\..\world\azeroth\duskwood\passivedoodads\fence\duskwoodfencetop.m2;16335.9921875;32.33372497558594;27949.107421875;0;285;0;;1;35935;m2;189471;0;
..\..\world\azeroth\duskwood\passivedoodads\fence\duskwoodfencebottom.m2;16093.326171875;32.92191696166992;28009.890625;-17;231;12.5;;1;36053;m2;189464;0;
..\..\world\azeroth\duskwood\passivedoodads\fence\duskwoodfencetop.m2;16053.7265625;34.16194534301758;27810.20703125;5.500000476837158;26;0.5000001192092896;;1;35663;m2;189471;0;
..\..\world\azeroth\westfall\passivedoodads\detail\westfallbush01.m2;16223.3017578125;32.69490432739258;27956.22265625;0;317.94305419921875;0;;1.0380859375;35910;m2;190566;0;
..\..\world\azeroth\swamposorrow\passivedoodads\plants\swampplant04.m2;16463.912109375;20.67017936706543;27919.859375;0;170.9744873046875;0;;0.978515625;35881;m2;190378;0;
..\..\world\azeroth\westfall\passivedoodads\westfallfence\westfallfence.m2;16507.478515625;32.72475814819336;28184.5234375;3.499999761581421;292.5;0;;1;362484;m2;190659;0;
..\..\world\azeroth\westfall\passivedoodads\detail\westfallbush01.m2;16054.8154296875;32.85005187988281;27945.05078125;0;335.53271484375;0;;1.095703125;35900;m2;190566;0;
..\..\world\azeroth\swamposorrow\passivedoodads\plants\swampplant05.m2;16426.884765625;20.823165893554688;27862.66796875;0;34.55303955078125;0;;1.09765625;35763;m2;190379;0;
..\..\world\azeroth\swamposorrow\passivedoodads\plants\swampplant04.m2;16503.814453125;21.46065902709961;28011.201171875;0;347.6839599609375;0;;0.974609375;36076;m2;190378;0;
..\..\world\azeroth\duskwood\passivedoodads\fence\duskwoodfencebottom.m2;16272.451171875;32.88740539550781;27836.97265625;2.5000011920928955;221.5;27;;1;35735;m2;189464;0;
..\..\world\azeroth\westfall\passivedoodads\detail\westfallbush01.m2;16285.544921875;32.694889068603516;27847.044921875;0;139.5416259765625;0;;1.03125;35743;m2;190566;0;
..\..\world\azeroth\duskwood\passivedoodads\fence\duskwoodfencerail.m2;16497.267578125;32.933841705322266;28221.55078125;-4.499990940093994;264.5;-99;;1;362448;m2;189468;0;
..\..\world\azeroth\westfall\passivedoodads\westfallfence\westfallfence.m2;16079.0302734375;36.346744537353516;27981.8515625;2.5;22.5;0;;1;35982;m2;190659;0;
..\..\world\azeroth\westfall\passivedoodads\detail\westfallbush01.m2;16298.4990234375;36.78369903564453;28255.94921875;0;64.326904296875;0;;1.078125;36350;m2;190566;0;
..\..\world\azeroth\westfall\passivedoodads\westfallfence\westfallfence.m2;16189.08984375;32.479618072509766;27974.67578125;0;251.5;0;;1;36001;m2;190659;0;
..\..\world\azeroth\westfall\passivedoodads\westfallfence\westfallfence.m2;16077.431640625;36.62923049926758;27977.9921875;0;18.5;0;;1;35983;m2;190659;0;
..\..\world\azeroth\westfall\passivedoodads\detail\westfallbush01.m2;16030.7841796875;34.22308349609375;28211.3671875;0;127.12667846679688;0;;1.029296875;36250;m2;190566;0;
..\..\world\azeroth\duskwood\passivedoodads\fence\duskwoodfencebottom.m2;16264.1455078125;31.460601806640625;27980.28515625;-8.537736562175269e-7;306.49993896484375;-22;;1;36023;m2;189464;0;
..\..\world\azeroth\westfall\passivedoodads\detail\westfallbush01.m2;16198.310546875;35.58473587036133;27820.775390625;0;153.208984375;0;;1.0673828125;35681;m2;190566;0;
..\..\world\azeroth\westfall\passivedoodads\detail\westfallbush01.m2;16337.9365234375;31.435754776000977;27935.421875;0;344.8603820800781;0;;1.16015625;35941;m2;190566;0;
..\..\world\azeroth\westfall\passivedoodads\detail\westfallbush01.m2;16139.9296875;51.3703498840332;28260.60546875;0;224.87503051757812;0;;1.0107421875;36320;m2;190566;0;
..\..\world\azeroth\elwynn\passivedoodads\detail\elwynnseaweed01\elwynnseaweed01.m2;16488.763671875;13.179144859313965;28011.41015625;0;330;0;;0.8896484375;36071;m2;189772;0;
..\..\world\generic\human\passivedoodads\lampposts\duskwoodlamppostbroken.m2;16514.716796875;33.21147155761719;28180.9296875;0;116.20086669921875;0;;1;362489;m2;198304;0;
..\..\world\azeroth\westfall\passivedoodads\westfallfence\westfallfence.m2;16511.361328125;32.99103927612305;28182.85546875;7.500000476837158;300;-1.5000004768371582;;1;362483;m2;190659;0;
..\..\world\azeroth\duskwood\passivedoodads\fence\duskwoodfencetop.m2;16262.33984375;32.92662048339844;27939.19921875;-2;306;-12.500000953674316;;1;35916;m2;189471;0;
..\..\world\azeroth\westfall\passivedoodads\detail\westfallbush01.m2;16130.662109375;36.6757926940918;28161.359375;0;104.92263793945312;0;;1.138671875;36164;m2;190566;0;
..\..\world\azeroth\westfall\passivedoodads\westfallfence\westfallfence.m2;16488.869140625;32.932003021240234;28200.875;7.499999523162842;57.5;-1.500000238418579;;1;362439;m2;190659;0;
..\..\world\azeroth\westfall\passivedoodads\detail\westfallbush01.m2;16175.5341796875;32.70680618286133;27871.5859375;0;308.6703186035156;0;;1;35786;m2;190566;0;
..\..\world\azeroth\duskwood\passivedoodads\fence\duskwoodfencebottom.m2;16044.77734375;32.97954177856445;27827.416015625;0;23.5;0;;1;35666;m2;189464;0;
..\..\world\azeroth\duskwood\passivedoodads\fence\duskwoodfencebottom.m2;16234.8916015625;36.85953903198242;28226.20703125;-11.000000953674316;33;1.999999761581421;;1;36291;m2;189464;0;
..\..\world\azeroth\westfall\passivedoodads\detail\westfallbush01.m2;16194.2841796875;32.70845413208008;27976.744140625;0;306;0;;1;36006;m2;190566;0;
..\..\world\azeroth\westfall\passivedoodads\detail\westfallbush01.m2;16284.16796875;32.694889068603516;27846.515625;0;229.98382568359375;0;;0.9921875;35742;m2;190566;0;
..\..\world\azeroth\swamposorrow\passivedoodads\plants\swampplant05.m2;16426.173828125;21.31683349609375;27863.154296875;0;325.91937255859375;0;;1.0478515625;35761;m2;190379;0;
..\..\world\azeroth\elwynn\passivedoodads\detail\elwynnseaweed01\elwynnseaweed01.m2;16453.2578125;12.826739311218262;27821.84765625;0;0;0;;0.869140625;35714;m2;189772;0;
..\..\world\azeroth\westfall\passivedoodads\detail\westfallbush01.m2;16007.791015625;38.05152893066406;28203.01953125;0;276.1717529296875;0;;1.236328125;36267;m2;190566;0;
..\..\world\azeroth\duskwood\passivedoodads\fence\duskwoodfencebottom.m2;16250.9541015625;32.91203308105469;27952.171875;-10;320.5;8.000000953674316;;1;35919;m2;189464;0;
..\..\world\azeroth\elwynn\passivedoodads\detail\elwynnseaweed01\elwynnseaweed01.m2;16425.544921875;17.993432998657227;27928.83203125;0;37.5;0;;0.859375;35871;m2;189772;0;
..\..\world\azeroth\elwynn\passivedoodads\detail\elwynnseaweed01\elwynnseaweed01.m2;16425.224609375;18.198833465576172;27935.4765625;0;261.5;0;;0.859375;35957;m2;189772;0;
..\..\world\azeroth\elwynn\passivedoodads\detail\elwynnseaweed01\elwynnseaweed01.m2;16451.44140625;11.558521270751953;27927.291015625;0;42.5;0;;0.859375;35878;m2;189772;0;
..\..\world\azeroth\elwynn\passivedoodads\detail\elwynnseaweed01\elwynnseaweed01.m2;16453.525390625;11.785218238830566;27939.421875;0;96.5;0;;0.859375;35958;m2;189772;0;
..\..\world\azeroth\westfall\passivedoodads\westfallfence\westfallfence.m2;16145.9873046875;31.849897384643555;27989.09375;-2.0000011920928955;139.5;-20.500001907348633;;1;35997;m2;190659;0;
..\..\world\azeroth\westfall\passivedoodads\detail\westfallbush01.m2;16246.0029296875;39.15706253051758;27772.8515625;-14.000000953674316;131.3785400390625;6.500000476837158;;0.869140625;35637;m2;190566;0;
..\..\world\azeroth\westfall\passivedoodads\detail\westfallbush01.m2;16043.32421875;32.64457321166992;27870.01953125;0;200.50660705566406;0;;1.0498046875;35781;m2;190566;0;
..\..\world\azeroth\duskwood\passivedoodads\fence\duskwoodfencebottom.m2;16297.08984375;31.566606521606445;27968.70703125;-0.5000001192092896;128.5;15.500000953674316;;1;36030;m2;189464;0;
..\..\world\azeroth\westfall\passivedoodads\detail\westfallbush01.m2;16277.5009765625;32.745399475097656;27841.47265625;0;51.9449462890625;0;;0.9697265625;35741;m2;190566;0;
..\..\world\azeroth\westfall\passivedoodads\detail\westfallbush01.m2;16310.69921875;32.39353561401367;27959.98046875;0;190.6625518798828;0;;1.150390625;35926;m2;190566;0;
..\..\world\azeroth\swamposorrow\passivedoodads\plants\swampplant04.m2;16495.34375;21.032772064208984;28003.67578125;0;124.67666625976562;0;;0.9072265625;36072;m2;190378;0;
..\..\world\azeroth\westfall\passivedoodads\detail\westfallbush01.m2;16242.2998046875;40.744361877441406;28248.947265625;0;28;0;;1;36346;m2;190566;0;
..\..\world\azeroth\swamposorrow\passivedoodads\plants\swampplant04.m2;16430.353515625;21.276376724243164;27899.61328125;0;4.1090087890625;0;;0.90625;35806;m2;190378;0;
..\..\world\azeroth\westfall\passivedoodads\detail\westfallbush01.m2;16312.2529296875;32.69489669799805;27896.5390625;0;297.0024719238281;0;;0.9990234375;35794;m2;190566;0;
..\..\world\azeroth\duskwood\passivedoodads\fence\duskwoodfencebottom.m2;16056.7958984375;33.866668701171875;27953.666015625;0;209;0;;1;35897;m2;189464;0;
..\..\world\azeroth\westfall\passivedoodads\detail\westfallbush01.m2;16153.060546875;34.14137649536133;27849.169921875;0;171.4139404296875;0;;1.16796875;35725;m2;190566;0;
..\..\world\azeroth\westfall\passivedoodads\westfalltable\westfalltable.m2;16504.9453125;32.83115768432617;28181.40625;2.5;54.669647216796875;0;;1;362488;m2;190673;0;
..\..\world\azeroth\westfall\passivedoodads\detail\westfallbush01.m2;16060.0205078125;36.215423583984375;27988.26953125;0;230.54412841796875;0;;0.9560546875;35980;m2;190566;0;
..\..\world\azeroth\westfall\passivedoodads\detail\westfallbush01.m2;16070.7509765625;35.3868293762207;27992.03125;0;230.54412841796875;0;;0.9560546875;120175;m2;190566;0;
..\..\world\azeroth\westfall\passivedoodads\detail\westfallbush01.m2;16006.5859375;39.450862884521484;28212.234375;0;357.1434631347656;0;;1.2578125;36269;m2;190566;0;
..\..\world\azeroth\westfall\passivedoodads\scarecrow\westfallscarecrow.m2;16236.607421875;33.40232467651367;27877.306640625;0;350.5;0;;1;35788;m2;190629;0;
..\..\world\azeroth\westfall\passivedoodads\westfallfence\westfallfence.m2;16307.224609375;31.75166130065918;27944.90234375;0;300.5;0;;1;35928;m2;190659;0;
..\..\world\azeroth\westfall\passivedoodads\westfallfence\westfallfence.m2;16107.3291015625;32.267616271972656;28019.31640625;0;59.5;0;;1;36055;m2;190659;0;
..\..\world\azeroth\duskwood\passivedoodads\fence\duskwoodfencerail.m2;16493.203125;32.62919616699219;28206.841796875;-4.999998569488525;329;-91.49999237060547;;1;362443;m2;189468;0;
..\..\world\azeroth\swamposorrow\passivedoodads\plants\swampplant04.m2;16464.919921875;21.55004119873047;27917.63671875;0;173.91888427734375;0;;0.890625;35879;m2;190378;0;
..\..\world\azeroth\duskwood\passivedoodads\fence\duskwoodfencebottom.m2;16303.748046875;31.54226303100586;27947.20703125;2.5;303.5;0.5000001192092896;;1;35927;m2;189464;0;
..\..\world\azeroth\westfall\passivedoodads\detail\westfallbush01.m2;16028.2998046875;36.8743782043457;28108.576171875;0;313.38360595703125;0;;0.9423828125;36111;m2;190566;0;
..\..\world\azeroth\westfall\passivedoodads\detail\westfallbush01.m2;16315.4921875;38.31624221801758;27836.93359375;12;270.13470458984375;-8.5;;1.099609375;35753;m2;190566;0;
..\..\world\azeroth\westfall\passivedoodads\westfallfence\westfallfence.m2;16256.63671875;32.84422302246094;27945.33203125;-0.500000536441803;318.5;-14.999999046325684;;1;35914;m2;190659;0;
..\..\world\azeroth\westfall\passivedoodads\westfallfence\westfallfence.m2;16259.3291015625;32.889068603515625;27942.17578125;-1.500001072883606;317;-18.000001907348633;;1;35915;m2;190659;0;
..\..\world\azeroth\westfall\passivedoodads\westfallfence\westfallfence.m2;16285.3271484375;32.694889068603516;27847.482421875;0.9999998807907104;55;-3.5;;1;35738;m2;190659;0;
..\..\world\azeroth\duskwood\buildings\gnolltent\gnolltent03.m2;16023.6298828125;34.07418441772461;28209.69140625;-2;1.5;-7.000001430511475;;1;36254;m2;189361;0;
..\..\world\azeroth\swamposorrow\passivedoodads\plants\swampplant04.m2;16430.083984375;21.59089469909668;27898.53125;0;142.90353393554688;0;;0.8740234375;35805;m2;190378;0;
..\..\world\azeroth\swamposorrow\passivedoodads\plants\swampplant04.m2;16517.037109375;20.984657287597656;28037.0234375;0;255.18724060058594;0;;0.876953125;36090;m2;190378;0;
..\..\world\azeroth\westfall\passivedoodads\detail\westfallbush01.m2;16058.4140625;33.442813873291016;27832.15234375;0;198.6592559814453;0;;1.0224609375;35670;m2;190566;0;
..\..\world\azeroth\duskwood\buildings\gnolltent\gnolltent03.m2;16177.8466796875;38.70878601074219;28209.703125;-1;1.5;-0.49999988079071045;;1;36270;m2;189361;0;
..\..\world\azeroth\westfall\passivedoodads\westfallfence\westfallfence.m2;16232.044921875;36.815093994140625;28222.22265625;6.999999046325684;38.5;0;;1;36286;m2;190659;0;
..\..\world\azeroth\westfall\passivedoodads\detail\westfallbush01.m2;16251.3916015625;34.60477828979492;27971.7421875;0;349.5077209472656;0;;1.099609375;36017;m2;190566;0;
..\..\world\azeroth\westfall\passivedoodads\detail\westfallbush01.m2;16106.0810546875;38.54204177856445;27744.30078125;0;244.73890686035156;0;;0.96875;35609;m2;190566;0;
..\..\world\azeroth\swamposorrow\passivedoodads\plants\swampplant04.m2;16472.876953125;21.415515899658203;27871.25390625;0;168.6123046875;0;;0.865234375;35812;m2;190378;0;
..\..\world\azeroth\duskwood\passivedoodads\fence\duskwoodfencebottom.m2;16096.7890625;32.28915023803711;28012.544921875;0;236;0;;1;36052;m2;189464;0;
..\..\world\azeroth\westfall\passivedoodads\westfallfence\westfallfence.m2;16281.93359375;32.694889068603516;27845.02734375;1;53.5;-2.000000238418579;;1;35737;m2;190659;0;
..\..\world\azeroth\westfall\passivedoodads\westfallfence\westfallfence.m2;16495.966796875;32.932090759277344;28182.23828125;-4;233;-1.5000001192092896;;1;362487;m2;190659;0;
..\..\world\azeroth\westfall\passivedoodads\detail\westfallbush01.m2;16170.8984375;36.19365310668945;28100.765625;0;16.007568359375;0;;1.025390625;36143;m2;190566;0;
..\..\world\azeroth\westfall\passivedoodads\detail\westfallbush01.m2;16236.529296875;33.40754699707031;27877.5078125;0;284.1590576171875;0;;1.04296875;35790;m2;190566;0;
..\..\world\azeroth\westfall\passivedoodads\westfallfence\westfallfence.m2;16103.677734375;32.384361267089844;28017.3203125;0;55;0;;1;36056;m2;190659;0;
..\..\world\azeroth\swamposorrow\passivedoodads\plants\swampplant05.m2;16423.685546875;21.251140594482422;27757.09765625;0;355.8580322265625;0;;0.962890625;35620;m2;190379;0;
..\..\world\azeroth\duskwood\passivedoodads\fence\duskwoodfencetop.m2;16172.5517578125;32.69936752319336;27873.185546875;0;312;8.00000286102295;;1;35782;m2;189471;0;
..\..\world\azeroth\duskwood\passivedoodads\fence\duskwoodfencetopbroken.m2;16485.53125;33.4018669128418;28198.763671875;0;146.5;0;;1;362438;m2;189472;0;
..\..\world\azeroth\westfall\passivedoodads\westfallfence\westfallfence.m2;16050.919921875;36.80390167236328;27996.046875;-0.5000000596046448;306.5;0;;1;35975;m2;190659;0;
..\..\world\azeroth\westfall\passivedoodads\westfallfence\westfallfence.m2;16287.24609375;31.642351150512695;27977.0703125;1.5000001192092896;315;-11.499998092651367;;1;36027;m2;190659;0;
..\..\world\azeroth\westfall\passivedoodads\westfallfence\westfallfence.m2;16492.142578125;32.570247650146484;28203.55078125;5;50;0;;1;362440;m2;190659;0;
..\..\world\azeroth\westfall\passivedoodads\westfallfence\westfallfence.m2;16284.13671875;31.54188346862793;27980.0546875;-0.5000001192092896;314;-10.5;;1;36026;m2;190659;0;
..\..\world\azeroth\duskwood\passivedoodads\fence\duskwoodfencerail.m2;16498.173828125;32.87176513671875;28222.3203125;-5.500000476837158;324;3.5000007152557373;;1;362447;m2;189468;0;
..\..\world\azeroth\westfall\passivedoodads\detail\westfallbush01.m2;16314.0185546875;35.77143478393555;27853.6953125;10.000000953674316;334.9943542480469;6.499999523162842;;0.869140625;35752;m2;190566;0;
..\..\world\generic\human\passivedoodads\cargoboxes\deadminecargoboxes.m2;16489.064453125;34.12531661987305;28205.234375;6.5;57.842132568359375;-8.000000953674316;;1;362451;m2;198085;0;
..\..\world\azeroth\westfall\passivedoodads\detail\westfallbush01.m2;16105.85546875;38.197998046875;27742.859375;0;254.17645263671875;0;;1.001953125;35608;m2;190566;0;
..\..\world\azeroth\westfall\passivedoodads\detail\westfallbush01.m2;16059.6884765625;33.50054168701172;27885.07421875;0;254.17645263671875;0;;1.001953125;35779;m2;190566;0;
..\..\world\azeroth\westfall\passivedoodads\treestumps\westfalltreestump02.m2;16104.6396484375;38.4822998046875;27743.921875;0;56.04296875;0;;1.1708984375;35606;m2;190648;0;
..\..\world\azeroth\westfall\passivedoodads\westfallfence\westfallfence.m2;16219.2236328125;32.69489288330078;27953.81640625;0;231.99996948242188;0;;1;35908;m2;190659;0;
..\..\world\azeroth\swamposorrow\passivedoodads\plants\swampplant04.m2;16465.1484375;21.5259952545166;27916.841796875;0;268.0635986328125;0;;0.8251953125;35880;m2;190378;0;
..\..\world\azeroth\westfall\passivedoodads\westfallfence\westfallfence.m2;16278.7041015625;32.7025146484375;27842.55859375;0;51.5;0;;1;35736;m2;190659;0;
..\..\world\azeroth\westfall\passivedoodads\westfallfence\westfallfence.m2;16215.9267578125;32.69489288330078;27951.1953125;0;231.5;0;;1;35907;m2;190659;0;
..\..\world\azeroth\westfall\passivedoodads\westfallfence\westfallfence.m2;16309.849609375;32.69489669799805;27899.734375;0;321.5;0;;1;35793;m2;190659;0;
..\..\world\azeroth\swamposorrow\passivedoodads\plants\swampplant04.m2;16515.375;21.096160888671875;28034.34765625;0;229.81903076171875;0;;0.8154296875;36089;m2;190378;0;
..\..\world\azeroth\westfall\passivedoodads\westfallfence\westfallfence.m2;16212.7177734375;32.694889068603516;27948.45703125;1.5000001192092896;229.50003051757812;-0.9999998807907104;;1;35906;m2;190659;0;
..\..\world\azeroth\westfall\passivedoodads\westfallfence\westfallfence.m2;16137.091796875;32.22219467163086;28019.509765625;2;311.5;2;;1;36058;m2;190659;0;
..\..\world\azeroth\duskwood\passivedoodads\fence\duskwoodfencebottom.m2;16205.8828125;32.694889068603516;27942.51953125;0;50;-1.4999998807907104;;1;35904;m2;189464;0;
..\..\world\azeroth\swamposorrow\passivedoodads\plants\swampplant04.m2;16430.4375;21.339250564575195;27880.4921875;0;258.35137939453125;0;;0.814453125;35807;m2;190378;0;
..\..\world\azeroth\westfall\passivedoodads\detail\westfallbush01.m2;16088.6865234375;37.66977310180664;27976.87109375;0;250.11138916015625;0;;0.9404296875;35991;m2;190566;0;
..\..\world\azeroth\westfall\passivedoodads\detail\westfallbush01.m2;16059.302734375;33.51931381225586;27883.64453125;0;139.02523803710938;0;;0.859375;35780;m2;190566;0;
..\..\world\azeroth\westfall\passivedoodads\detail\westfallbush01.m2;16410.48828125;33.36390686035156;28154.1015625;0;50.923187255859375;0;;0.859375;36188;m2;190566;0;
..\..\world\azeroth\westfall\passivedoodads\treestumps\westfalltreestump02.m2;16130.537109375;37.536659240722656;27752.36328125;0;117.53530883789062;0;;1.1640625;35607;m2;190648;0;
..\..\world\azeroth\swamposorrow\passivedoodads\plants\swampplant04.m2;16423.36328125;21.22013282775879;27809.62890625;0;8.591552734375;0;;0.806640625;35707;m2;190378;0;
..\..\world\azeroth\westfall\passivedoodads\detail\westfallbush01.m2;16174.708984375;41.611083984375;28152.45703125;0;229.56631469726562;0;;0.8544921875;36167;m2;190566;0;
..\..\world\azeroth\westfall\passivedoodads\westfallfence\westfallfence.m2;16184.556640625;32.69487762451172;27861.51171875;2.500000238418579;135;-4.500000476837158;;1;35727;m2;190659;0;
..\..\world\azeroth\westfall\passivedoodads\detail\westfallbush01.m2;16209.5234375;42.202693939208984;28156.072265625;0;217.6567840576172;0;;0.853515625;36169;m2;190566;0;
..\..\world\azeroth\swamposorrow\passivedoodads\plants\swampplant04.m2;16478.380859375;21.351964950561523;27968.9453125;0;168.293701171875;0;;0.8017578125;36045;m2;190378;0;
..\..\world\azeroth\westfall\passivedoodads\westfallfence\westfallfence.m2;16057.2041015625;36.32756805419922;27990.7109375;-1.5000001192092896;315;-4.999999523162842;;1;35976;m2;190659;0;
..\..\world\azeroth\westfall\passivedoodads\detail\westfallbush01.m2;16081.9990234375;37.4818115234375;27977.64453125;0;8.62451171875;7.500000476837158;;0.9814453125;35993;m2;190566;0;
..\..\world\azeroth\duskwood\passivedoodads\fence\duskwoodfencebottom.m2;16054.271484375;36.74272537231445;27993.52734375;-4;312.5;1.5;;1;35978;m2;189464;0;
..\..\world\azeroth\swamposorrow\passivedoodads\plants\swampplant05.m2;16426.009765625;21.290620803833008;27862.17578125;0;25.54400634765625;0;;0.8984375;35762;m2;190379;0;
..\..\world\azeroth\duskwood\passivedoodads\fence\duskwoodfencetop.m2;16495.1875;32.32977294921875;28206.48828125;3;46;0.5;;1;362441;m2;189471;0;
..\..\world\azeroth\westfall\passivedoodads\westfallfence\westfallfence.m2;16243.072265625;38.177085876464844;28172.23046875;2.000000238418579;313;0.5000000596046448;;1;36226;m2;190659;0;
..\..\world\azeroth\duskwood\passivedoodads\fence\duskwoodfencebottom.m2;16277.166015625;32.75518035888672;27923.97265625;0;138.5;0;;1;35846;m2;189464;0;
..\..\world\azeroth\westfall\passivedoodads\westfallfence\westfallfence.m2;16181.494140625;32.69487762451172;27864.390625;0;132;0;;1;35726;m2;190659;0;
..\..\world\azeroth\westfall\passivedoodads\detail\westfallbush01.m2;16192.791015625;32.51078796386719;27976.84375;0;50;0;;0.8291015625;36007;m2;190566;0;
..\..\world\azeroth\swamposorrow\passivedoodads\plants\swampplant04.m2;16483.591796875;21.296737670898438;27985.4921875;0;75.30258178710938;0;;0.78125;36048;m2;190378;0;
..\..\world\azeroth\westfall\passivedoodads\westfallfence\westfallfence.m2;16202.662109375;32.694889068603516;27939.796875;-1.5;47;-1;;1;35903;m2;190659;0;
..\..\world\azeroth\duskwood\passivedoodads\webs\webstretch01.m2;16458.029296875;33.68941116333008;27936.900390625;0;182;0;;1;35961;m2;189597;0;
..\..\world\azeroth\westfall\passivedoodads\westfallfence\westfallfence.m2;16178.3466796875;32.69487762451172;27867.2265625;0;137;0;;1;35783;m2;190659;0;
..\..\world\azeroth\westfall\passivedoodads\detail\westfallbush01.m2;16152.7265625;34.17697525024414;27847.88671875;0;225.7978973388672;0;;0.8212890625;35724;m2;190566;0;
..\..\world\azeroth\duskwood\passivedoodads\fence\duskwoodfencetop.m2;16294.6083984375;32.56632995605469;28219.572265625;0;134.5;0;;1;36294;m2;189471;0;
..\..\world\azeroth\swamposorrow\passivedoodads\plants\swampplant04.m2;16424.451171875;21.18097686767578;27799.134765625;0;150.47332763671875;0;;0.7744140625;35648;m2;190378;0;
..\..\world\azeroth\westfall\passivedoodads\westfallfence\westfallfence.m2;16291.6728515625;32.61149215698242;28222.44140625;0;136.5;0;;1;36295;m2;190659;0;
..\..\world\azeroth\westfall\passivedoodads\detail\westfallbush01.m2;16277.337890625;32.724971771240234;27924.8125;0;39.903564453125;0;;0.818359375;35849;m2;190566;0;
..\..\world\azeroth\westfall\passivedoodads\detail\westfallbush01.m2;16217.9365234375;39.46608352661133;28207.78125;0;348.9474182128906;0;;0.96484375;36285;m2;190566;0;
..\..\world\azeroth\westfall\passivedoodads\westfallfence\westfallfence.m2;16186.916015625;32.694889068603516;27925.50390625;-1.5;225.49998474121094;-0.4999999403953552;;1;35829;m2;190659;0;
..\..\world\azeroth\westfall\passivedoodads\detail\westfallbush01.m2;16040.8740234375;33.62223434448242;27768.6953125;-3.499999523162842;86.14642333984375;3;;1.0078125;35633;m2;190566;0;
..\..\world\azeroth\westfall\passivedoodads\detail\westfallbush01.m2;16139.666015625;51.88675308227539;28262.24609375;0;227.9183349609375;0;;0.8095703125;36318;m2;190566;0;
..\..\world\azeroth\swamposorrow\passivedoodads\plants\swampplant05.m2;16430.607421875;21.27909278869629;27898.1171875;0;335.1042175292969;0;;0.859375;35809;m2;190379;0;
..\..\world\azeroth\swamposorrow\passivedoodads\plants\swampplant05.m2;16446.97265625;12.825611114501953;27920.181640625;0;335.1042175292969;0;;0.859375;35884;m2;190379;0;
..\..\world\azeroth\swamposorrow\passivedoodads\plants\swampplant04.m2;16422.7109375;21.517221450805664;27758.01953125;0;218.5137481689453;0;;0.75390625;35619;m2;190378;0;
..\..\world\azeroth\swamposorrow\passivedoodads\plants\swampplant04.m2;16468.943359375;20.960285186767578;27796.51953125;0;36.1021728515625;0;;0.75390625;35653;m2;190378;0;
..\..\world\azeroth\westfall\passivedoodads\detail\westfallbush01.m2;16220.3916015625;40.7550163269043;28246.65625;0;353;0;;1;36335;m2;190566;0;
..\..\world\azeroth\westfall\passivedoodads\detail\westfallbush01.m2;16178.697265625;41.197662353515625;28233.39453125;0;229.01699829101562;0;;0.802734375;36326;m2;190566;0;
..\..\world\azeroth\swamposorrow\passivedoodads\plants\swampplant04.m2;16534.501953125;21.514204025268555;28049.666015625;0;262.8339538574219;0;;0.7568359375;37185;m2;190378;0;
..\..\world\azeroth\westfall\passivedoodads\detail\westfallbush01.m2;16228.177734375;32.90047073364258;27905.06640625;0;42.52935791015625;0;;0.80078125;35834;m2;190566;0;
..\..\world\azeroth\westfall\passivedoodads\detail\westfallbush01.m2;16249.8603515625;34.62576675415039;27971.046875;0;28.4114990234375;0;;0.8251953125;36018;m2;190566;0;
..\..\world\azeroth\westfall\passivedoodads\detail\westfallbush01.m2;16025.974609375;33.33149719238281;27770.94140625;0;348.6617431640625;0;;0.9384765625;35630;m2;190566;0;
..\..\world\azeroth\westfall\passivedoodads\detail\westfallbush01.m2;16251.6142578125;39.95737075805664;28148.61328125;0;168.161865234375;0;;0.93359375;36175;m2;190566;0;
..\..\world\azeroth\westfall\passivedoodads\detail\westfallbush01.m2;16419.6953125;32.22763442993164;28156.681640625;0;238.27877807617188;0;;0.8076171875;36190;m2;190566;0;
..\..\world\azeroth\swamposorrow\passivedoodads\plants\swampplant05.m2;16424.099609375;21.23516273498535;27755.16796875;0;176.171142578125;0;;0.83984375;35621;m2;190379;0;
..\..\world\azeroth\duskwood\passivedoodads\webs\webstretch01.m2;16466.60546875;34.42615509033203;27925.8203125;-1;182;1;;0.9296875;35886;m2;189597;0;
..\..\world\azeroth\westfall\passivedoodads\detail\westfallbush01.m2;16284.521484375;32.694889068603516;27847.9296875;0;11.3052978515625;0;;0.9208984375;35744;m2;190566;0;
..\..\world\azeroth\westfall\passivedoodads\detail\westfallbush01.m2;16200.8046875;32.694889068603516;27937.3125;0;327.7431640625;0;;0.7919921875;35913;m2;190566;0;
..\..\world\azeroth\westfall\passivedoodads\detail\westfallbush01.m2;16381.1923828125;35.220619201660156;28154.7265625;0;204.73646545410156;0;;0.814453125;36185;m2;190566;0;
..\..\world\azeroth\westfall\passivedoodads\detail\westfallbush01.m2;16144.853515625;32.71114730834961;28013.6328125;0;116.97501373291016;0;;0.802734375;36063;m2;190566;0;
..\..\world\azeroth\westfall\passivedoodads\detail\westfallbush01.m2;16009.2041015625;35.18310546875;27747.056640625;0;153.37384033203125;0;;0.80078125;35597;m2;190566;0;
..\..\world\azeroth\westfall\passivedoodads\detail\westfallbush01.m2;16065.2021484375;33.183204650878906;27900.59375;0;153.37384033203125;0;;0.80078125;35826;m2;190566;0;
..\..\world\azeroth\westfall\passivedoodads\detail\westfallbush01.m2;16227.1767578125;32.86493682861328;27903.650390625;0;110.16326904296875;0;;0.8330078125;35835;m2;190566;0;
..\..\world\azeroth\westfall\passivedoodads\detail\westfallbush01.m2;16131.318359375;37.4869499206543;27752.087890625;0;200.17698669433594;0;;0.8232421875;35610;m2;190566;0;
..\..\world\azeroth\westfall\passivedoodads\detail\westfallbush01.m2;16146.7373046875;48.84865188598633;28253.22265625;0;146.79281616210938;0;;0.765625;36322;m2;190566;0;
..\..\world\azeroth\westfall\passivedoodads\detail\westfallbush01.m2;16297.52734375;37.05235290527344;28257.171875;0;356.1656494140625;0;;0.9814453125;36349;m2;190566;0;
..\..\world\azeroth\westfall\passivedoodads\westfallfence\westfallfenceend.m2;16269.0048828125;32.947113037109375;27834.65234375;12.999996185302734;247;17.999998092651367;;1;35734;m2;190660;0;
..\..\world\azeroth\westfall\passivedoodads\westfallfence\westfallfenceend.m2;16196.630859375;32.82933044433594;27977.31640625;12;59.5;15.500000953674316;;1;36003;m2;190660;0;
..\..\world\azeroth\westfall\passivedoodads\detail\westfallbush01.m2;16130.6142578125;37.55217361450195;27752.73046875;0;33.058868408203125;0;;0.7607421875;35611;m2;190566;0;
..\..\world\azeroth\westfall\passivedoodads\harness\harness.m2;16066.8759765625;32.87348556518555;27732.140625;0;329.5;0;;1;17842;m2;190596;0;
..\..\world\azeroth\westfall\passivedoodads\detail\westfallbush01.m2;16289.7685546875;32.69919204711914;27850.44140625;0;350.6174011230469;0;;0.9013671875;35745;m2;190566;0;
..\..\world\azeroth\westfall\passivedoodads\detail\westfallbush01.m2;16024.6708984375;33.88911437988281;27761.541015625;0;74.61044311523438;0;;0.845703125;35592;m2;190566;0;
..\..\world\azeroth\westfall\passivedoodads\detail\westfallbush01.m2;16277.162109375;32.75975799560547;27923.841796875;0;26.69757080078125;0;;0.7763671875;35848;m2;190566;0;
..\..\world\azeroth\westfall\passivedoodads\westfallfence\westfallfenceend.m2;16315.884765625;32.708255767822266;27893.203125;12.499999046325684;317;-19.999998092651367;;1;35792;m2;190660;0;
..\..\world\azeroth\westfall\passivedoodads\detail\westfallbush01.m2;16163.697265625;35.0818977355957;27829.453125;0;358.7365417480469;0;;0.998046875;35673;m2;190566;0;
..\..\world\azeroth\westfall\passivedoodads\detail\westfallbush01.m2;16338.912109375;32.087379455566406;27947.7109375;0;246.18914794921875;0;;0.783203125;35939;m2;190566;0;
..\..\world\azeroth\westfall\passivedoodads\detail\westfallbush01.m2;16306.3310546875;35.0361213684082;28160.623046875;0;68.69961547851562;0;;0.7880859375;36182;m2;190566;0;
..\..\world\azeroth\westfall\passivedoodads\detail\westfallbush01.m2;16190.3134765625;35.486637115478516;27825.9375;0;90.46417236328125;0;;0.9912109375;35678;m2;190566;0;
..\..\world\azeroth\westfall\passivedoodads\detail\westfallbush01.m2;16247.130859375;32.69489288330078;27813.23046875;0;0;0;;1;35698;m2;190566;0;
..\..\world\azeroth\westfall\passivedoodads\detail\westfallbush01.m2;16224.27734375;33.382225036621094;27986.5703125;0;0;0;;1;36015;m2;190566;0;
..\..\world\azeroth\westfall\passivedoodads\detail\westfallbush01.m2;16252.83984375;39.80980682373047;28149.80859375;0;179.7088623046875;0;;0.990234375;36174;m2;190566;0;
..\..\world\azeroth\westfall\passivedoodads\detail\westfallbush01.m2;16146.419921875;32.96733474731445;28014.34375;0;88.4755859375;0;;0.966796875;36064;m2;190566;0;
..\..\world\azeroth\westfall\passivedoodads\westfallfence\westfallfenceend.m2;16229.4140625;37.36094665527344;28218.98828125;6;36.5;-0.9999998807907104;;1;36287;m2;190660;0;
..\..\world\azeroth\westfall\passivedoodads\westfallfence\westfallfenceend.m2;16044.740234375;32.75631332397461;27877.0390625;6;356.5;12.500000953674316;;1;35773;m2;190660;0;
..\..\world\azeroth\westfall\passivedoodads\detail\westfallbush01.m2;16138.9853515625;51.33120346069336;28260.28125;0;255.83544921875;0;;0.8193359375;36319;m2;190566;0;
..\..\world\azeroth\westfall\passivedoodads\detail\westfallbush01.m2;16215.1484375;32.69489288330078;27950.73046875;0;23.280731201171875;0;;0.7568359375;35912;m2;190566;0;
..\..\world\azeroth\westfall\passivedoodads\detail\westfallbush01.m2;16177.9921875;36.35833740234375;28102.3203125;0;66.02984619140625;0;;0.75;36144;m2;190566;0;
..\..\world\azeroth\westfall\passivedoodads\detail\westfallbush01.m2;16069.3828125;35.768653869628906;28159.9609375;0;269.76654052734375;0;;0.9677734375;36162;m2;190566;0;
..\..\world\azeroth\westfall\passivedoodads\westfallfence\westfallfenceend.m2;16025.5517578125;36.8406867980957;27997.46484375;3.000000476837158;87.5;8.000000953674316;;1;35972;m2;190660;0;
..\..\world\azeroth\westfall\passivedoodads\westfallfence\westfallfenceend.m2;16290.37109375;31.7402286529541;27974.203125;2.000000238418579;314;-4.5;;1;36028;m2;190660;0;
..\..\world\azeroth\westfall\passivedoodads\detail\westfallbush01.m2;16063.48046875;34.93891525268555;28168.546875;0;179.1046142578125;0;;0.9326171875;36202;m2;190566;0;
..\..\world\azeroth\westfall\passivedoodads\detail\westfallbush01.m2;16009.853515625;35.13066101074219;27745.4765625;0;165.27239990234375;0;;0.7802734375;35598;m2;190566;0;
..\..\world\azeroth\westfall\passivedoodads\detail\westfallbush01.m2;16060.9697265625;33.52109909057617;27889.46875;0;165.27239990234375;0;;0.7802734375;35778;m2;190566;0;
..\..\world\azeroth\westfall\passivedoodads\detail\westfallbush01.m2;16246.4892578125;32.69489288330078;27812.35546875;0;57;0;;0.689453125;35699;m2;190566;0;
..\..\world\azeroth\westfall\passivedoodads\detail\westfallbush01.m2;16060.025390625;36.290287017822266;27987.091796875;0;252.01210021972656;0;;0.75;35979;m2;190566;0;
..\..\world\azeroth\westfall\passivedoodads\detail\westfallbush01.m2;16006.18359375;38.85615921020508;28202.935546875;0;75.9508056640625;0;;0.77734375;36268;m2;190566;0;
..\..\world\azeroth\westfall\passivedoodads\westfallfence\westfallfenceend.m2;16051.93359375;34.52193069458008;27806.61328125;0;36;0;;1;35664;m2;190660;0;
..\..\world\azeroth\westfall\passivedoodads\westfallfence\westfallfenceend.m2;16189.896484375;32.917110443115234;27928.46875;0;221;0;;1;35830;m2;190660;0;
..\..\world\azeroth\westfall\passivedoodads\westfallfence\westfallfenceend.m2;16222.51171875;32.69489288330078;27956.357421875;0;233.5;0;;1;35909;m2;190660;0;
..\..\world\azeroth\westfall\passivedoodads\westfallfence\westfallfenceend.m2;16075.3583984375;36.68666458129883;27969.984375;0;6.5;0;;1;35985;m2;190660;0;
..\..\world\azeroth\westfall\passivedoodads\westfallfence\westfallfenceend.m2;16193.07421875;32.908599853515625;27976.01953125;0;257.5;0;;1;36002;m2;190660;0;
..\..\world\azeroth\westfall\passivedoodads\westfallfence\westfallfenceend.m2;16140.15234375;32.40815353393555;28016.71484375;0;316.5;0;;1;36059;m2;190660;0;
..\..\world\azeroth\westfall\passivedoodads\westfallfence\westfallfenceend.m2;16220.076171875;33.18842315673828;28000.306640625;0;74.5;0;;1;36067;m2;190660;0;
..\..\world\azeroth\westfall\passivedoodads\westfallfence\westfallfenceend.m2;16249.228515625;38.585697174072266;28166.65625;0;316.5;0;;1;36176;m2;190660;0;
..\..\world\azeroth\westfall\passivedoodads\westfallfence\westfallfenceend.m2;16508.244140625;30.80403709411621;27931.4296875;0;291;0;;1;35892;m2;190660;0;
..\..\world\azeroth\westfall\passivedoodads\westfallfence\westfallfenceend.m2;16381.748046875;31.513025283813477;27942.203125;0;266;0;;1;35944;m2;190660;0;
..\..\world\azeroth\westfall\passivedoodads\detail\westfallbush01.m2;16024.9892578125;36.83500671386719;27997.21484375;0;273.57891845703125;0;;0.857421875;35974;m2;190566;0;
..\..\world\azeroth\westfall\passivedoodads\detail\westfallbush01.m2;16308.5947265625;35.85554885864258;28183.42578125;0;194.3211212158203;0;;0.751953125;36241;m2;190566;0;
..\..\world\azeroth\westfall\passivedoodads\westfallfence\westfallfenceend.m2;16044.1552734375;32.85169219970703;27872.810546875;5.000000476837158;184.5;-36.00000762939453;;1;35772;m2;190660;0;
..\..\world\azeroth\westfall\passivedoodads\detail\westfallbush01.m2;16172.5546875;42.1600456237793;28235.96484375;0;278.8085632324219;0;;0.76171875;36328;m2;190566;0;
..\..\world\azeroth\westfall\passivedoodads\detail\westfallbush01.m2;16149.0947265625;50.376033782958984;28259.515625;0;274.3914794921875;0;;0.802734375;36317;m2;190566;0;
..\..\world\azeroth\westfall\passivedoodads\detail\westfallbush01.m2;16057.3603515625;33.65821838378906;27953.310546875;0;278.61083984375;0;;0.75390625;35899;m2;190566;0;
..\..\world\azeroth\westfall\passivedoodads\westfallfence\westfallfencepost.m2;16163.6923828125;32.69488525390625;27904.212890625;4.499999523162842;330.5;-6;;1;35827;m2;190661;0;
..\..\world\azeroth\westfall\passivedoodads\westfallfence\westfallfencepost.m2;16148.537109375;31.954023361206055;27985.80859375;-8;322;7.500001907348633;;1;35998;m2;190661;0;
..\..\world\azeroth\westfall\passivedoodads\westfallfence\westfallfencepost.m2;16256.880859375;31.48406410217285;27984.431640625;-8.000001907348633;121;7.500001907348633;;1;36025;m2;190661;0;
..\..\world\azeroth\westfall\passivedoodads\westfallfence\westfallfencepost.m2;16057.6904296875;33.03630828857422;27847.1328125;-7.999999046325684;176;7.500000476837158;;1;35716;m2;190661;0;
..\..\world\azeroth\westfall\passivedoodads\westfallfence\westfallfencepost.m2;16285.826171875;32.92854690551758;28228.578125;8.5;329;-6.5;;1;36297;m2;190661;0;
..\..\world\azeroth\westfall\passivedoodads\westfallfence\westfallfencepost.m2;16239.357421875;36.86380386352539;28229.5625;8.5;23;-6;;1;36292;m2;190661;0;
..\..\world\azeroth\westfall\passivedoodads\westfallfence\westfallfencepost.m2;16043.4677734375;33.52626037597656;27823.513671875;-8.5;18.5;-8;;1;35667;m2;190661;0;
..\..\world\azeroth\westfall\passivedoodads\westfallfence\westfallfencepost.m2;16059.0302734375;34.43792724609375;27957.359375;-8.500000953674316;212.5;-7.999999046325684;;1;35898;m2;190661;0;
..\..\world\azeroth\westfall\passivedoodads\westfallfence\westfallfencepost.m2;16351.5615234375;30.952369689941406;27933.201171875;7;3.5;-9;;1;35853;m2;190661;0;
..\..\world\azeroth\westfall\passivedoodads\westfallfence\westfallfencepost.m2;16053.5634765625;32.175750732421875;27920.85546875;4;5.5;-8.000000953674316;;1;35823;m2;190661;0;
..\..\world\azeroth\westfall\passivedoodads\westfallfence\westfallfencepost.m2;16209.3330078125;32.694889068603516;27945.51171875;7.500000476837158;39;-3.500000476837158;;1;35905;m2;190661;0;
..\..\world\azeroth\westfall\passivedoodads\westfallfence\westfallfencepost.m2;16029.685546875;36.87437057495117;27998.828125;9;339;-4.500000476837158;;1;35970;m2;190661;0;
..\..\world\azeroth\westfall\passivedoodads\westfallfence\westfallfencepost.m2;16385.66796875;31.632612228393555;27928.744140625;8;8;3.5;;1;35861;m2;190661;0;
..\..\world\azeroth\westfall\passivedoodads\detail\westfallbush01.m2;16046.0341796875;32.78120040893555;27739.1484375;0;295.0138854980469;0;;0.642578125;35603;m2;190566;0;
..\..\world\azeroth\westfall\passivedoodads\westfallfence\westfallfencepost.m2;16159.9580078125;32.69488525390625;27900.369140625;-1.4999998807907104;16.5;-6.5;;1;35828;m2;190661;0;
..\..\world\azeroth\westfall\passivedoodads\westfallfence\westfallfencepost.m2;16293.822265625;31.61236572265625;27971.4296875;-3.499999523162842;306;-10.5;;1;36029;m2;190661;0;
..\..\world\azeroth\westfall\passivedoodads\westfallfence\westfallfencepost.m2;16060.1298828125;36.23917007446289;27987.6640625;8;44;0.9999997615814209;;1;35977;m2;190661;0;
..\..\world\azeroth\westfall\passivedoodads\westfallfence\westfallfencepost.m2;16271.0341796875;31.542341232299805;27974.921875;0.5000002980232239;136;6.500000476837158;;1;36031;m2;190661;0;
..\..\world\azeroth\westfall\passivedoodads\westfallfence\westfallfencepost.m2;16138.9560546875;31.910457611083984;27999.8671875;0.4999999403953552;337;6.5;;1;35994;m2;190661;0;
..\..\world\azeroth\westfall\passivedoodads\westfallfence\westfallfencepost.m2;16058.0185546875;33.50105667114258;27830.08203125;0.49999988079071045;191;6.500000476837158;;1;35662;m2;190661;0;
..\..\world\azeroth\westfall\passivedoodads\westfallfence\westfallfencepost.m2;16172.6708984375;32.50565719604492;27973.83203125;7.500000476837158;0;-0.5;;1;36005;m2;190661;0;
..\..\world\azeroth\westfall\passivedoodads\westfallfence\westfallfencepost.m2;16025.974609375;33.88423538208008;27749.71875;-0.5000001192092896;345.5;8.999999046325684;;1;35587;m2;190661;0;
..\..\world\azeroth\westfall\passivedoodads\westfallfence\westfallfencepost.m2;16356.505859375;31.161441802978516;27946.01171875;-0.500000536441803;265.5;8.999999046325684;;1;35930;m2;190661;0;
..\..\world\azeroth\westfall\passivedoodads\westfallfence\westfallfencepost.m2;16020.958984375;36.18963623046875;27996.65234375;-1.5;0;2;;1;35971;m2;190661;0;
..\..\world\azeroth\westfall\passivedoodads\westfallfence\westfallfencepost.m2;16062.333984375;33.75107955932617;27893.15625;4.5;7;0;;1;35774;m2;190661;0;
..\..\world\azeroth\westfall\passivedoodads\westfallfence\westfallfencepost.m2;16040.3486328125;33.624244689941406;27774.23046875;10.000000953674316;5.5;0.5000001192092896;;1;35632;m2;190661;0;
..\..\world\azeroth\westfall\passivedoodads\westfallfence\westfallfencepost.m2;16133.462890625;32.2457389831543;28021.98046875;-11;16.5;-1;;1;36061;m2;190661;0;
..\..\world\azeroth\westfall\passivedoodads\westfallfence\westfallfencepost.m2;16289.3330078125;32.703041076660156;27850.83203125;13.499998092651367;335.5;-8;;1;35739;m2;190661;0;
..\..\world\azeroth\westfall\passivedoodads\westfallfence\westfallfencepost.m2;16192.8671875;32.694889068603516;27931.140625;13.000000953674316;43;3.000000476837158;;1;35831;m2;190661;0;
..\..\world\azeroth\westfall\passivedoodads\westfallfence\westfallfencepost.m2;16081.4892578125;36.09642791748047;27985.15625;14;327.5;-5.999999523162842;;1;35986;m2;190661;0;
..\..\world\azeroth\westfall\passivedoodads\westfallfence\westfallfencepost.m2;16084.5517578125;35.765811920166016;27988.310546875;11.5;0;-12.999999046325684;;1;35987;m2;190661;0;
..\..\world\azeroth\westfall\passivedoodads\westfallfence\westfallfencepost.m2;16025.966796875;33.517730712890625;27753.625;0;3.5;0;;1;35588;m2;190661;0;
..\..\world\azeroth\westfall\passivedoodads\westfallfence\westfallfencepost.m2;16046.12109375;32.795997619628906;27738.390625;0;345;0;;1;35602;m2;190661;0;
..\..\world\azeroth\westfall\passivedoodads\westfallfence\westfallfencepost.m2;16243.7021484375;32.6953010559082;27810.45703125;0;28.5;0;;1;35696;m2;190661;0;
..\..\world\azeroth\westfall\passivedoodads\westfallfence\westfallfencepost.m2;16246.6865234375;32.69489288330078;27813.0703125;0;312.5;0;;1;35697;m2;190661;0;
..\..\world\azeroth\westfall\passivedoodads\westfallfence\westfallfencepost.m2;16042.853515625;32.24272155761719;27865.7734375;0;6.5;0;;1;35721;m2;190661;0;
..\..\world\azeroth\westfall\passivedoodads\westfallfence\westfallfencepost.m2;16275.40234375;32.85881042480469;27839.9453125;0;317.5;0;;1;35740;m2;190661;0;
..\..\world\azeroth\westfall\passivedoodads\westfallfence\westfallfencepost.m2;16043.6416015625;32.44326400756836;27869.2734375;0;3.5;0;;1;35771;m2;190661;0;
..\..\world\azeroth\westfall\passivedoodads\westfallfence\westfallfencepost.m2;16175.4580078125;32.694881439208984;27870.28515625;0;40;0;;1;35784;m2;190661;0;
..\..\world\azeroth\westfall\passivedoodads\westfallfence\westfallfencepost.m2;16312.41796875;32.69489669799805;27896.5;0;39.5;0;;1;35791;m2;190661;0;
..\..\world\azeroth\westfall\passivedoodads\westfallfence\westfallfencepost.m2;16065.1728515625;32.42409133911133;27909.91015625;0;10;0;;1;35822;m2;190661;0;
..\..\world\azeroth\westfall\passivedoodads\westfallfence\westfallfencepost.m2;16479.92578125;30.936920166015625;27924.51171875;0;186;0;;1;35891;m2;190661;0;
..\..\world\azeroth\westfall\passivedoodads\westfallfence\westfallfencepost.m2;16199.5654296875;32.694889068603516;27936.8828125;0;134;0;;1;35902;m2;190661;0;
..\..\world\azeroth\westfall\passivedoodads\westfallfence\westfallfencepost.m2;16352.6552734375;31.55539321899414;27946.681640625;0;283.5;0;;1;35931;m2;190661;0;
..\..\world\azeroth\westfall\passivedoodads\westfallfence\westfallfencepost.m2;16385.74609375;31.395912170410156;27942.029296875;0;0;0;;1;35945;m2;190661;0;
..\..\world\azeroth\westfall\passivedoodads\westfallfence\westfallfencepost.m2;16396.4375;30.957794189453125;27939.623046875;0;0;0;;1;35947;m2;190661;0;
..\..\world\azeroth\westfall\passivedoodads\westfallfence\westfallfencepost.m2;16176.416015625;32.19585037231445;27973.80078125;0;4.5;0;;1;36004;m2;190661;0;
..\..\world\azeroth\westfall\passivedoodads\westfallfence\westfallfencepost.m2;16184.4990234375;32.82024002075195;27985.76171875;0;264;0;;1;36011;m2;190661;0;
..\..\world\azeroth\westfall\passivedoodads\westfallfence\westfallfencepost.m2;16100.2578125;32.25337600708008;28014.88671875;0;322;0;;1;36057;m2;190661;0;
..\..\world\azeroth\westfall\passivedoodads\westfallfence\westfallfencepost.m2;16246.1640625;38.37978744506836;28169.36328125;0;313.5;0;;1;36225;m2;190661;0;
..\..\world\azeroth\westfall\passivedoodads\westfallfence\westfallfencepost.m2;16288.87109375;32.79408264160156;28225.4296875;0;316.5;0;;1;36296;m2;190661;0;
..\..\world\azeroth\westfall\passivedoodads\westfallfence\westfallfencepost.m2;16388.9296875;31.421045303344727;27928.259765625;0;7.5;0;;1;35860;m2;190661;0;
..\..\world\azeroth\westfall\passivedoodads\westfallfence\westfallfencepost.m2;16310.7666015625;31.87418556213379;27942.8203125;0;306.5;0;;1;35929;m2;190661;0;
..\..\world\azeroth\westfall\passivedoodads\westfallfence\westfallfencepost.m2;16347.365234375;30.89116859436035;27933.796875;0;1.5;0;;1;35936;m2;190661;0;
..\..\world\azeroth\westfall\passivedoodads\westfallfence\westfallfencepost.m2;16471.857421875;31.24683952331543;27936.7578125;0;351.5;0;;1;35967;m2;190661;0;
..\..\world\azeroth\westfall\passivedoodads\westfallfence\westfallfencepost.m2;16040.435546875;33.18083572387695;27761.166015625;15.499998092651367;0;9.999999046325684;;1;35600;m2;190661;0;
..\..\world\azeroth\westfall\passivedoodads\westfallfence\westfallfencepost.m2;16496.658203125;32.812164306640625;28218.5078125;0.9999998807907104;32;14.999999046325684;;1;362445;m2;190661;0;
..\..\world\azeroth\westfall\passivedoodads\westfallfence\westfallfencepost.m2;16500.068359375;32.690185546875;28223.08203125;17.5;127;-11;;1;362446;m2;190661;0;
..\..\world\azeroth\westfall\passivedoodads\westfallfence\westfallfencepost.m2;16239.23046875;38.062721252441406;28175.841796875;13.999999046325684;54;-16.499998092651367;;1;36227;m2;190661;0;
..\..\world\azeroth\westfall\passivedoodads\westfallfence\westfallfencepost.m2;16025.0546875;34.04856872558594;27774.826171875;19.500001907348633;14.5;9;;1;35628;m2;190661;0;
..\..\world\azeroth\westfall\passivedoodads\westfallfence\westfallfencepost.m2;16331.62109375;31.8270206451416;27949.466796875;19.500001907348633;294.5;9;;1;35920;m2;190661;0;
..\..\world\azeroth\westfall\passivedoodads\westfallfence\westfallfencepost.m2;16169.326171875;32.74909591674805;27875.30078125;-16.5;328;18;;1;35785;m2;190661;0;
..\..\world\azeroth\westfall\passivedoodads\detail\westfallbush01.m2;16187.115234375;32.694889068603516;27926.26171875;0;88.200927734375;0;;0.7880859375;35832;m2;190566;0;
..\..\world\azeroth\westfall\passivedoodads\westfallfence\westfallfencepost.m2;16097.3671875;34.437747955322266;27998.671875;-21.5;340;-1.5000009536743164;;1;35988;m2;190661;0;
..\..\world\azeroth\westfall\passivedoodads\westfallfence\westfallfencepost.m2;16274.400390625;32.71141815185547;27926.8671875;20.5;327;-14.5;;1;35847;m2;190661;0;
..\..\world\azeroth\westfall\passivedoodads\detail\westfallbush01.m2;16180.6416015625;35.16886901855469;27832.55078125;0;181.95013427734375;0;;0.7744140625;35679;m2;190566;0;
..\..\world\azeroth\westfall\passivedoodads\treestumps\westfalltreestump02.m2;16006.2705078125;34.063167572021484;27738.75;0;78.15911865234375;0;;0.87890625;35594;m2;190648;0;
..\..\world\azeroth\westfall\passivedoodads\detail\westfallbush01.m2;16225.138671875;33.06403350830078;28000.61328125;0;0.5;0;;0.779296875;36068;m2;190566;0;
..\..\world\azeroth\westfall\passivedoodads\westfallfence\westfallfencepost.m2;16141.0830078125;31.875226974487305;27995.806640625;-0.5000001192092896;339;28.000001907348633;;1;35995;m2;190661;0;
..\..\world\azeroth\westfall\passivedoodads\westfallfence\westfallfencepost.m2;16267.4228515625;31.434682846069336;27977.76953125;-0.5000001192092896;138;28;;1;36032;m2;190661;0;
..\..\world\azeroth\westfall\passivedoodads\westfallfence\westfallfencepost.m2;16058.27734375;33.266056060791016;27834.67578125;-0.49999988079071045;193;28;;1;35719;m2;190661;0;
..\..\world\azeroth\westfall\passivedoodads\westfallfence\westfallfencepost.m2;16061.13671875;33.375083923339844;27888.8203125;-16.500001907348633;30.5;-27.000001907348633;;1;35776;m2;190661;0;
..\..\world\azeroth\westfall\passivedoodads\westfallfence\westfallfencepost.m2;16265.384765625;32.97161865234375;27936.375;31.5;36;-6.500000953674316;;1;35917;m2;190661;0;
..\..\world\azeroth\westfall\passivedoodads\westfallfence\westfallfencepost.m2;16130.041015625;32.974159240722656;28023.52734375;31.999996185302734;0;3;;1;36054;m2;190661;0;
..\..\world\critter\flies\flies01.m2;16241.5830078125;32.81178283691406;27904.884765625;0;24.697998046875;0;;1;35843;m2;190739;0;
..\..\world\critter\flies\flies01.m2;16173.271484375;35.91714096069336;27827.625;0;56.04296875;0;;1;35691;m2;190739;0;
..\..\world\critter\flies\flies01.m2;16172.0458984375;35.91294479370117;27826.232421875;0;145.46343994140625;0;;1;35693;m2;190739;0;
..\..\world\critter\flies\flies01.m2;16171.6083984375;35.91761779785156;27827.78515625;0;144.14501953125;0;;1;35692;m2;190739;0;
..\..\world\critter\flies\flies01.m2;16173.255859375;35.916900634765625;27828.8515625;0;250.94635009765625;0;;1;35694;m2;190739;0;
..\..\world\azeroth\westfall\passivedoodads\grindstone\grindstone.m2;16491.927734375;32.58964538574219;28199.23828125;5.499999523162842;125.01724243164062;2.999999761581421;;1;362490;m2;190587;0;
..\..\world\critter\flies\flies01.m2;16242.7666015625;32.83714294433594;27905.572265625;0;253.56121826171875;0;;1;35842;m2;190739;0;
..\..\world\critter\flies\flies01.m2;16172.2353515625;36.18070602416992;27828.1328125;0;285.84002685546875;0;;1;35690;m2;190739;0;
..\..\world\azeroth\westfall\passivedoodads\westfallfence\westfallfencepost.m2;16253.916015625;32.82417678833008;27948.966796875;-61.999996185302734;253;-10.999993324279785;;1;35918;m2;190661;0;
..\..\world\azeroth\westfall\passivedoodads\westfallskeleton\westfallskeleton.m2;16243.107421875;32.82121658325195;27904.57421875;0;290.47637939453125;0;;1;35837;m2;190671;0;
..\..\world\critter\flies\flies01.m2;16243.412109375;32.833221435546875;27905.029296875;0;78.15911865234375;0;;1;35844;m2;190739;0;
..\..\world\azeroth\westfall\passivedoodads\westfallfence\westfallfencepost.m2;16059.6083984375;33.35676956176758;27884.5625;-41.5;0;-53;;1;35777;m2;190661;0;
..\..\world\azeroth\westfall\passivedoodads\detail\westfallbush01.m2;16053.5302734375;34.01883316040039;27810.47265625;0;13.216949462890625;0;;0.5986328125;35671;m2;190566;0;
..\..\world\azeroth\duskwood\passivedoodads\webs\webdangle02.m2;16466.451171875;34.94692611694336;27927.359375;0;266.5000305175781;0;;0.2998046875;35883;m2;189596;0;
..\..\world\azeroth\elwynn\passivedoodads\battlegladeshield1\battlegladeshield1.m2;16275.224609375;37.59251403808594;28161.259765625;3.5;143.255126953125;8.000000953674316;;1;36179;m2;189676;0;
..\..\world\critter\flies\flies01.m2;16242.888671875;32.81053924560547;27904.08203125;0;357.4950256347656;0;;1;35841;m2;190739;0;
..\..\world\critter\flies\flies01.m2;16170.9208984375;35.14952087402344;27826.46484375;0;182.4884796142578;0;;1;35689;m2;190739;0;
..\..\world\azeroth\westfall\passivedoodads\westfallfence\westfallfencepost.m2;16327.1640625;31.56363868713379;27951.08203125;14.500001907348633;259;-49.5000114440918;;1;35921;m2;190661;0;
..\..\world\critter\flies\flies01.m2;16242.0673828125;32.852664947509766;27906.85546875;0;88.54153442382812;0;;1;35845;m2;190739;0;
..\..\world\azeroth\westfall\passivedoodads\treestumps\westfalltreestump02.m2;16009.232421875;33.726871490478516;27737.009765625;0;88.54153442382812;0;;0.76171875;35595;m2;190648;0;
..\..\world\azeroth\elwynn\passivedoodads\battlegladeshield3\battlegladeshield3.m2;16279.919921875;37.76055145263672;28106.31640625;-4.499999523162842;218;-3.5000007152557373;;1;36152;m2;189680;0;
..\..\world\azeroth\elwynn\passivedoodads\battlegladeshield3\battlegladeshield3.m2;16330.837890625;32.653507232666016;28217.40234375;-4.499999523162842;123;-3.499999761581421;;1;36301;m2;189680;0;
..\..\world\azeroth\westfall\passivedoodads\grindstone\grindstone.m2;16216.2978515625;40.0959587097168;28237.078125;-9;0;6.500000476837158;;1;36336;m2;190587;0;
..\..\world\azeroth\elwynn\passivedoodads\battlegladeshield3\battlegladeshield3.m2;16165.978515625;36.0218391418457;28109.119140625;0;139.8382568359375;0;;1;36125;m2;189680;0;
..\..\world\azeroth\elwynn\passivedoodads\battlegladeshield3\battlegladeshield3.m2;16243.505859375;32.855010986328125;27906.08984375;0;54.91131591796875;0;;1;35838;m2;189680;0;
..\..\world\azeroth\westfall\passivedoodads\westfallfence\westfallfencepost.m2;16025.87109375;33.91579818725586;27779.494140625;14.500001907348633;339;-49.499996185302734;;1;35629;m2;190661;0;
..\..\world\azeroth\westfall\passivedoodads\westfallfence\westfallfencepost.m2;16135.9521484375;31.846635818481445;28020.16015625;-0.5000001192092896;30;-56.5;;0.869140625;36060;m2;190661;0;
..\..\world\azeroth\westfall\passivedoodads\crate\westfallcrate.m2;16025.0830078125;36.88862228393555;28105.46875;-9.499998092651367;39.5;-0.9999997019767761;;1;36120;m2;190543;0;
..\..\world\azeroth\westfall\passivedoodads\crate\westfallcrate.m2;16130.2216796875;36.36442565917969;28193.48046875;-9.499998092651367;39.5;-0.9999997019767761;;1;36210;m2;190543;0;
..\..\world\azeroth\westfall\passivedoodads\crate\westfallcrate.m2;16243.9384765625;35.07122802734375;28218.484375;-2.5;296.7497863769531;0;;1;36290;m2;190543;0;
..\..\world\generic\human\passivedoodads\crates\stormwindcrate01.m2;16501.880859375;32.6529655456543;28184.046875;0;330.90081787109375;0;;1;362478;m2;198168;0;
..\..\world\azeroth\westfall\passivedoodads\crate\westfallcrate.m2;16245.837890625;35.06297302246094;28220.48828125;0;339.00445556640625;0;;1;36289;m2;190543;0;
..\..\world\azeroth\westfall\passivedoodads\crate\westfallcrate.m2;16242.0498046875;35.167327880859375;28220.03515625;-6.500000476837158;17;-1;;1;36288;m2;190543;0;
..\..\world\azeroth\westfall\passivedoodads\crate\westfallcrate.m2;16171.201171875;34.05195999145508;27846;0;138.65167236328125;0;;1;35729;m2;190543;0;
..\..\world\azeroth\westfall\passivedoodads\westfallfence\westfallfencepost.m2;16384.61328125;31.41509437561035;27942.05078125;6;4.5;-59.49999237060547;;0.75;35946;m2;190661;0;
..\..\world\generic\passivedoodads\crate02\crate02.m2;16503.4609375;32.674190521240234;28183.87109375;0.5000001192092896;258.0241394042969;-4.500000476837158;;1;362479;m2;199634;0;
..\..\world\azeroth\westfall\passivedoodads\crate\westfallcrate.m2;16169.7529296875;33.91275405883789;27848.166015625;0;42.58428955078125;0;;1;35728;m2;190543;0;
..\..\world\azeroth\westfall\passivedoodads\crate\westfallcrate.m2;16279.130859375;33.57114028930664;28208.26171875;7.000000476837158;77.34567260742188;0.5000000596046448;;1;36293;m2;190543;0;
..\..\world\azeroth\duskwood\passivedoodads\ruins\duskwoodruinsbrick.m2;16235.6552734375;43.06856155395508;28263.01171875;0;338.5;0;;1;36340;m2;189511;0;
..\..\world\azeroth\elwynn\passivedoodads\battlegladepolearmskull\battlegladepolearmskull.m2;16283.7421875;37.36955261230469;28103.1875;-24.500001907348633;332.5;4.000000476837158;;1;36149;m2;189674;0;
..\..\world\azeroth\elwynn\passivedoodads\battlegladepolearmskull\battlegladepolearmskull.m2;16024.77734375;33.6902961730957;28202.24609375;-24.500003814697266;116;3.999999523162842;;1;36261;m2;189674;0;
..\..\world\azeroth\elwynn\passivedoodads\battlegladepolearmskull\battlegladepolearmskull.m2;16178.994140625;38.4938850402832;28202.259765625;-24.500003814697266;116;3.999999523162842;;1;36279;m2;189674;0;
..\..\world\azeroth\elwynn\passivedoodads\battlegladepolearmskull\battlegladepolearmskull.m2;16333.6171875;32.511043548583984;28221.484375;-24.5;237.49998474121094;4.000002384185791;;1;36313;m2;189674;0;
..\..\world\azeroth\duskwood\passivedoodads\ruins\duskwoodruinsbrick.m2;16239.0498046875;40.7553596496582;28255.919921875;0;285.91693115234375;0;;1;36342;m2;189511;0;
..\..\world\azeroth\duskwood\passivedoodads\ruins\duskwoodruinsbrick.m2;16237.857421875;40.7553596496582;28257.37890625;0;78.71945190429688;0;;1;36343;m2;189511;0;
..\..\world\azeroth\duskwood\passivedoodads\ruins\duskwoodruinsbrick.m2;16227.998046875;40.7553596496582;28247.62109375;0;99.36337280273438;0;;1;36334;m2;189511;0;
..\..\world\azeroth\westfall\passivedoodads\westfallfence\westfallfencepost.m2;16025.9873046875;37.07542037963867;27997.58984375;-56.000003814697266;71;-165.5;;0.7099609375;35973;m2;190661;0;
..\..\world\azeroth\duskwood\passivedoodads\ruins\duskwoodruinsbrick.m2;16235.005859375;40.7553596496582;28261.357421875;-1.0000003576278687;46;-3.499999761581421;;1;36341;m2;189511;0;
..\..\world\azeroth\westfall\passivedoodads\crate\westfallcrate.m2;16169.294921875;34.119384765625;27846.0859375;0;266.9759216308594;0;;1;35730;m2;190543;0;
..\..\world\azeroth\elwynn\passivedoodads\battlegladeshield3\battlegladeshield3.m2;16029.708984375;33.53989791870117;28202.0078125;-4.499999523162842;1.5;-3.5;;1;36265;m2;189680;0;
..\..\world\azeroth\elwynn\passivedoodads\battlegladeshield3\battlegladeshield3.m2;16183.9267578125;38.79436111450195;28202.0234375;-4.499999523162842;1.5;-3.5;;1;36282;m2;189680;0;
..\..\world\azeroth\elwynn\passivedoodads\shovel\shovel.m2;16163.4892578125;35.921321868896484;28120.56640625;12;337.19677734375;-1.999999761581421;;1;36128;m2;189854;0;
..\..\world\azeroth\westfall\passivedoodads\crate\westfallcrate.m2;16026.2109375;36.8878173828125;28106.90625;-3.499999761581421;0;0;;1;36119;m2;190543;0;
..\..\world\azeroth\westfall\passivedoodads\crate\westfallcrate.m2;16131.419921875;36.551517486572266;28194.826171875;-3.499999761581421;0;0;;1;36211;m2;190543;0;
..\..\world\azeroth\westfall\passivedoodads\harempillow02\harempillow02.m2;16029.1455078125;36.888545989990234;28105.404296875;-15.000001907348633;0;6.499999523162842;;1;36117;m2;190595;0;
..\..\world\generic\human\passivedoodads\crates\stormwindcrate01.m2;16491.83984375;32.81336212158203;28208.37890625;3.5000007152557373;93.88104248046875;-5.500000476837158;;1;362452;m2;198168;0;
..\..\world\azeroth\westfall\passivedoodads\harempillow02\harempillow02.m2;16123.396484375;36.657283782958984;28195.1484375;-2.499999761581421;0;-3.499999761581421;;1;36217;m2;190595;0;
..\..\world\azeroth\westfall\passivedoodads\westfallfence\westfallfencepost.m2;16267.982421875;32.85758590698242;27834.625;-22.500001907348633;350.5;-48.500003814697266;;0.69921875;35733;m2;190661;0;
..\..\world\azeroth\elwynn\passivedoodads\battlegladepolearmskull\battlegladepolearmskull.m2;16243.15234375;32.58903884887695;27903.734375;0;61.77801513671875;0;;1;35839;m2;189674;0;
..\..\world\generic\passivedoodads\furniture\containers\barrel02.m2;16487.9453125;34.20069122314453;28203.544921875;-2;17.72686767578125;-7.999999046325684;;1;362450;m2;199737;0;
..\..\world\azeroth\westfall\passivedoodads\barrel\westfallbarrel01.m2;16174.71484375;36.05742263793945;28119.8984375;0;305.03369140625;0;;1;36136;m2;190535;0;
..\..\world\azeroth\westfall\passivedoodads\barrel\westfallbarrel01.m2;16176.5615234375;34.96945571899414;27835.87890625;0;101.98919677734375;5;;1;35731;m2;190535;0;
..\..\world\azeroth\westfall\passivedoodads\barrel\westfallbarrel01.m2;16027.619140625;36.886322021484375;28107.28125;-8.5;0;7.500000476837158;;1;36118;m2;190535;0;
..\..\world\azeroth\westfall\passivedoodads\barrel\westfallbarrel01.m2;16131.1923828125;36.36915588378906;28193.94140625;-8.5;0;7.500000476837158;;1;36213;m2;190535;0;
..\..\world\generic\passivedoodads\furniture\containers\sack01.m2;16337.9404296875;33.0937385559082;28223.578125;-0.9999998807907104;123;-4.999999523162842;;1;36306;m2;199745;0;
..\..\world\generic\passivedoodads\furniture\containers\sack01.m2;16285.4521484375;37.1286735534668;28098.69921875;-1;217.99998474121094;-5;;1;36100;m2;199745;0;
..\..\world\generic\passivedoodads\furniture\containers\sack01.m2;16019.7060546875;34.458518981933594;28204.134765625;-7.500000953674316;302.5;-2.5;;1;36263;m2;199745;0;
..\..\world\generic\passivedoodads\furniture\containers\sack01.m2;16173.9248046875;38.680198669433594;28204.1484375;-7.500000953674316;302.5;-2.5;;1;36275;m2;199745;0;
..\..\world\generic\passivedoodads\furniture\containers\sack01.m2;16337.8759765625;32.94877624511719;28224.8203125;-7.500000476837158;64;-2.5;;1;36307;m2;199745;0;
..\..\world\generic\passivedoodads\furniture\containers\sack01.m2;16283.697265625;37.01148223876953;28172.828125;0;236.68441772460938;0;;1;36231;m2;199745;0;
..\..\world\generic\passivedoodads\furniture\containers\sack01.m2;16490.58203125;33.04014587402344;28209.15234375;0;331.36871337890625;0;;1;362453;m2;199745;0;
..\..\world\azeroth\elwynn\passivedoodads\battlegladeshield2\battlegladeshield2.m2;16274.462890625;37.61758804321289;28161.046875;0;189.89349365234375;0;;1;36180;m2;189678;0;
..\..\world\generic\passivedoodads\furniture\containers\sack01.m2;16286.6953125;37.189125061035156;28098.65625;-7.500000476837158;159;-2.500000238418579;;1;36101;m2;199745;0;
..\..\world\azeroth\westfall\passivedoodads\harempillow01\harempillow01.m2;16273.400390625;37.23268127441406;28175.45703125;0;354.48468017578125;0;;1;36235;m2;190592;0;
..\..\world\generic\passivedoodads\furniture\containers\sack01.m2;16490.98046875;33.2036018371582;28209.515625;0;110.5535888671875;0;;1;362455;m2;199745;0;
..\..\world\azeroth\elwynn\passivedoodads\battlegladesword\battlegladesword.m2;16165.2802734375;35.855159759521484;28108.556640625;0;161.14593505859375;0;;1;36126;m2;189687;0;
..\..\world\generic\passivedoodads\furniture\containers\sack01.m2;16282.93359375;36.971927642822266;28173.609375;0;286.7519226074219;0.4999999403953552;;1;36232;m2;199745;0;
..\..\world\azeroth\westfall\passivedoodads\barrel\westfallbarrel01.m2;16173.6708984375;36.04593276977539;28119.36328125;0;2.61480712890625;0;;1;36137;m2;190535;0;
..\..\world\generic\passivedoodads\furniture\containers\sack01.m2;16020.732421875;34.332740783691406;28204.837890625;-1.0000001192092896;1.5;-5;;1;36262;m2;199745;0;
..\..\world\generic\passivedoodads\furniture\containers\sack01.m2;16174.951171875;38.67802047729492;28204.8515625;-1.0000001192092896;1.5;-5;;1;36274;m2;199745;0;
..\..\world\generic\passivedoodads\furniture\containers\sack01.m2;16491.119140625;33.008060455322266;28209.869140625;0;87.15719604492188;0;;1;362454;m2;199745;0;
..\..\world\azeroth\westfall\passivedoodads\barrel\westfallbarrel01.m2;16031.607421875;37.254756927490234;28102.41015625;-89.50032806396484;232.99876403808594;37.001007080078125;;1;36113;m2;190535;0;
..\..\world\azeroth\westfall\passivedoodads\barrel\westfallbarrel01.m2;16125.7333984375;36.66585159301758;28192.013671875;-89.50032806396484;232.99876403808594;37.001007080078125;;1;36214;m2;190535;0;
..\..\world\azeroth\elwynn\passivedoodads\detail\elwynnrock2\elwynnrock2.m2;16025.650390625;36.96620178222656;28097.96484375;0;71;0;;1.6796875;36092;m2;189770;0;
..\..\world\azeroth\elwynn\passivedoodads\pick\pick.m2;16162.9853515625;36.12266159057617;28119.671875;-86.50010681152344;185.0198516845703;-8.500004768371582;;1;36127;m2;189834;0;
..\..\world\generic\passivedoodads\furniture\containers\sack02.m2;16286.40234375;37.26232147216797;28099.3359375;0;218;0;;1;36102;m2;199746;0;
..\..\world\generic\passivedoodads\furniture\containers\sack02.m2;16284.0703125;36.87449264526367;28173.7578125;0;140.0250244140625;0;;1;36233;m2;199746;0;
..\..\world\generic\passivedoodads\furniture\containers\sack02.m2;16337.2236328125;32.905879974365234;28224.46875;0;123;0;;1;36308;m2;199746;0;
..\..\world\azeroth\westfall\passivedoodads\westfallchair\westfallchair.m2;16285.416015625;37.696067810058594;28103.259765625;0.5;217.99998474121094;-0.5000000596046448;;1;36148;m2;190658;0;
..\..\world\azeroth\westfall\passivedoodads\westfallchair\westfallchair.m2;16273.560546875;37.714691162109375;28169.06640625;0;319.744873046875;0;;1;36237;m2;190658;0;
..\..\world\azeroth\westfall\passivedoodads\westfallchair\westfallchair.m2;16028.91796875;33.53236770629883;28202.640625;-2.5;329;-0.5;;1;36260;m2;190658;0;
..\..\world\azeroth\westfall\passivedoodads\westfallchair\westfallchair.m2;16183.134765625;38.74251937866211;28202.654296875;-2.5;329;-0.5;;1;36281;m2;190658;0;
..\..\world\azeroth\westfall\passivedoodads\westfallchair\westfallchair.m2;16333.400390625;32.64944076538086;28223.14453125;0.5;123;-0.5;;1;36312;m2;190658;0;
..\..\world\azeroth\elwynn\passivedoodads\jugs\jug01.m2;16292.826171875;37.9509162902832;28101.015625;1.5000005960464478;218;-8.000001907348633;;1;36147;m2;189820;0;
..\..\world\azeroth\elwynn\passivedoodads\jugs\jug01.m2;16334.990234375;32.52117919921875;28230.72265625;1.499999761581421;123;-8.000001907348633;;1;36311;m2;189820;0;
..\..\world\azeroth\elwynn\passivedoodads\jugs\jug02.m2;16279.6279296875;37.26921844482422;28098.5234375;-6.000000476837158;218;-2.500000476837158;;1;36097;m2;189821;0;
..\..\world\azeroth\elwynn\passivedoodads\jugs\jug02.m2;16338.6240234375;33.98085021972656;28217.79296875;-6.000000476837158;123;-2.500000238418579;;1;36303;m2;189821;0;
..\..\world\azeroth\elwynn\passivedoodads\jugs\jug01.m2;16016.18359375;35.055885314941406;28198.58984375;1.5000001192092896;1.5;-8.000000953674316;;1;36197;m2;189820;0;
..\..\world\azeroth\elwynn\passivedoodads\jugs\jug01.m2;16170.400390625;38.73641586303711;28198.60546875;1.5000001192092896;1.5;-8.000000953674316;;1;36223;m2;189820;0;
..\..\world\azeroth\elwynn\passivedoodads\jars\jar02.m2;16292.76171875;37.688594818115234;28100.0390625;9.5;217.99998474121094;12.499999046325684;;1;36146;m2;189816;0;
..\..\world\azeroth\elwynn\passivedoodads\jugs\jug01.m2;16174.0517578125;36.039093017578125;28118.59765625;0;38.37640380859375;0;;1;36135;m2;189820;0;
..\..\world\generic\passivedoodads\furniture\containers\sack02.m2;16020.3466796875;34.36057662963867;28203.759765625;0;1.5;0;;1;36264;m2;199746;0;
..\..\world\generic\passivedoodads\furniture\containers\sack02.m2;16174.5654296875;38.67155838012695;28203.7734375;0;1.5;0;;1;36276;m2;199746;0;
..\..\world\azeroth\elwynn\passivedoodads\jars\jar02.m2;16335.9716796875;32.42735290527344;28230.7421875;9.5;123;12.5;;1;36310;m2;189816;0;
..\..\world\azeroth\westfall\passivedoodads\westfallchair\westfallchair.m2;16280.177734375;37.6939811706543;28105.3359375;-2.5;185.5;-0.5;;1;36151;m2;190658;0;
..\..\world\azeroth\elwynn\passivedoodads\jugs\jug02.m2;16025.30859375;33.868873596191406;28208.4453125;-6.000000476837158;1.5;-2.5;;1;36258;m2;189821;0;
..\..\world\azeroth\elwynn\passivedoodads\jugs\jug02.m2;16179.525390625;38.62257766723633;28208.45703125;-6.000000476837158;1.5;-2.5;;1;36271;m2;189821;0;
..\..\world\azeroth\elwynn\passivedoodads\jars\jar03.m2;16173.0341796875;36.05530548095703;28120.076171875;0;220.27162170410156;0;;1;36138;m2;189817;0;
..\..\world\azeroth\elwynn\passivedoodads\jars\jar01.m2;16172.3623046875;35.99742889404297;28119.984375;0;14.886932373046875;0;;1;36139;m2;189815;0;
..\..\world\azeroth\elwynn\passivedoodads\jars\jar01.m2;16503.345703125;32.65342712402344;28184.19140625;0;157.68511962890625;0;;1;362480;m2;189815;0;
..\..\world\azeroth\westfall\passivedoodads\utensils\plate.m2;16280.1796875;37.29204177856445;28099.53125;-4.500000476837158;218;3.999999523162842;;1;36098;m2;190653;0;
..\..\world\azeroth\westfall\passivedoodads\westfallchair\westfallchair.m2;16331.791015625;32.71894454956055;28217.748046875;-2.5;90.5;-0.49999988079071045;;1;36300;m2;190658;0;
..\..\world\azeroth\westfall\passivedoodads\utensils\plate.m2;16337.572265625;33.6972770690918;28218.25390625;-4.5;123;4;;1;36304;m2;190653;0;
..\..\world\azeroth\westfall\passivedoodads\westfallchair\westfallchair.m2;16023.4736328125;34.05213165283203;28201.1953125;0.4999999403953552;1.5;-0.5000000596046448;;1;36259;m2;190658;0;
..\..\world\azeroth\westfall\passivedoodads\westfallchair\westfallchair.m2;16177.6923828125;38.739341735839844;28201.20703125;0.4999999403953552;1.5;-0.5000000596046448;;1;36278;m2;190658;0;
..\..\world\azeroth\elwynn\passivedoodads\jars\jar02.m2;16015.65234375;35.10462951660156;28199.4140625;9.500000953674316;1.5;12.5;;1;36198;m2;189816;0;
..\..\world\azeroth\elwynn\passivedoodads\jars\jar02.m2;16169.869140625;38.59516906738281;28199.4296875;9.500000953674316;1.5;12.5;;1;36222;m2;189816;0;
..\..\world\azeroth\elwynn\passivedoodads\jars\jar02.m2;16503.490234375;32.69130325317383;28183.6640625;0;63.3975830078125;0;;1;362481;m2;189816;0;
..\..\world\azeroth\westfall\passivedoodads\utensils\plate.m2;16178.8642578125;36.04698181152344;27823.390625;39.49999237060547;324.4251708984375;4.5;;1;35687;m2;190653;0;
..\..\world\azeroth\westfall\passivedoodads\utensils\bowl.m2;16224.2734375;40.75202560424805;28242.15234375;0;344;0;;1;36337;m2;190650;0;
..\..\world\azeroth\westfall\passivedoodads\utensils\plate.m2;16177.509765625;35.91657257080078;27824.68359375;0;169.37042236328125;0;;1;35686;m2;190653;0;
..\..\world\azeroth\elwynn\passivedoodads\detail\elwynnrock1\elwynnrock1.m2;16026.2216796875;33.81575012207031;28199.98046875;0;358;0;;1.3095703125;36199;m2;189768;0;
..\..\world\azeroth\elwynn\passivedoodads\jars\jar03.m2;16031.2392578125;36.867950439453125;28101.5703125;0;0;0;;1;36115;m2;189817;0;
..\..\world\azeroth\elwynn\passivedoodads\jars\jar03.m2;16024.900390625;36.88834762573242;28105.58984375;0;0;0;;1;36122;m2;189817;0;
..\..\world\azeroth\elwynn\passivedoodads\jars\jar03.m2;16130.037109375;36.434329986572266;28193.6015625;0;0;0;;1;36209;m2;189817;0;
..\..\world\azeroth\elwynn\passivedoodads\jars\jar03.m2;16125.3642578125;36.2122917175293;28191.171875;0;0;0;;1;36216;m2;189817;0;
..\..\world\azeroth\westfall\passivedoodads\utensils\bowl.m2;16284.458984375;37.318050384521484;28167.51953125;0;355.42950439453125;0;;1;36234;m2;190650;0;
..\..\world\azeroth\westfall\passivedoodads\utensils\plate.m2;16025.46484375;33.80561065673828;28207.306640625;-4.499999523162842;1.5;4;;1;36257;m2;190653;0;
..\..\world\azeroth\westfall\passivedoodads\utensils\plate.m2;16179.68359375;38.62848663330078;28207.3203125;-4.499999523162842;1.5;4;;1;36272;m2;190653;0;
..\..\world\azeroth\elwynn\passivedoodads\jars\jar02.m2;16031.76171875;36.843509674072266;28101.59375;0;0;0;;1;36114;m2;189816;0;
..\..\world\azeroth\elwynn\passivedoodads\jars\jar02.m2;16025.3466796875;36.88970184326172;28105.31640625;0;0;0;;1;36121;m2;189816;0;
..\..\world\azeroth\elwynn\passivedoodads\jars\jar02.m2;16130.4833984375;36.34645462036133;28193.328125;0;0;0;;1;36208;m2;189816;0;
..\..\world\azeroth\elwynn\passivedoodads\jars\jar02.m2;16125.88671875;36.194820404052734;28191.197265625;0;0;0;;1;36215;m2;189816;0;
..\..\world\azeroth\elwynn\passivedoodads\detail\elwynnrock2\elwynnrock2.m2;16025.8896484375;33.84377670288086;28199.8984375;0;358.5;0;;1;36200;m2;189770;0;
..\..\world\azeroth\westfall\passivedoodads\utensils\stein.m2;16280.5029296875;37.32010269165039;28099.90625;-2.500000238418579;218;5.500000476837158;;1;36099;m2;190654;0;
..\..\world\azeroth\westfall\passivedoodads\utensils\stein.m2;16337.169921875;33.578758239746094;28218.54296875;-2.500000476837158;123;5.499999523162842;;1;36305;m2;190654;0;
..\..\world\azeroth\westfall\passivedoodads\utensils\stein.m2;16025.427734375;33.808719635009766;28206.8125;-2.5;1.5;5.500000476837158;;1;36256;m2;190654;0;
..\..\world\azeroth\westfall\passivedoodads\utensils\stein.m2;16179.646484375;38.632328033447266;28206.826171875;-2.5;1.5;5.500000476837158;;1;36273;m2;190654;0;
..\..\world\azeroth\westfall\passivedoodads\utensils\stein.m2;16274.287109375;37.69486618041992;28169.578125;0;219.8821258544922;0;;1;36236;m2;190654;0;
..\..\world\wmo\azeroth\buildings\moonbrook_human_farm\moonbrook_human_farm.wmo;16174.0615234375;31.848785400390625;27827.056640625;0;134;0;0;1;35695;wmo;107046;2;Set_A
..\..\world\wmo\azeroth\collidabledoodads\westfall\westfallgrainsilo01\westfallgrainsilo01.wmo;16159.1416015625;33.967308044433594;27845.310546875;7.500000476837158;341;-3.000000238418579;0;1;35722;wmo;108191;0;Set_$DefaultGlobal
..\..\world\wmo\azeroth\buildings\westfall_magetower\westfall_magetower.wmo;16496.708984375;36.63294219970703;28193.529296875;0;238;0;0;1;362421;wmo;108045;2;Set_B
