ModelFile;PositionX;PositionY;PositionZ;RotationX;RotationY;RotationZ;RotationW;ScaleFactor;ModelId;Type;FileDataID;DoodadSetIndexes;DoodadSetNames
..\..\models\unknown\unk_exp00_8029659\8029659.m2;20722.68359375;126.3798599243164;25163.681640625;0;90;0;;1;71199620;m2;8029659;0;
..\..\world\azeroth\redridge\passivedoodads\trees\redridgetreecanopy01.m2;20471.529296875;169.453125;25527.81640625;0;216.18846130371094;0;;1.1865234375;70166205;m2;190121;0;
..\..\world\azeroth\redridge\passivedoodads\trees\redridgetreecanopy01.m2;20241.736328125;202.390625;25646.046875;0;247.1884765625;0;;1.1865234375;66784856;m2;190121;0;
..\..\world\azeroth\redridge\passivedoodads\trees\redridgetreecanopy01.m2;20364.36328125;167.984375;25424.822265625;0;35.971099853515625;0;;1.0830078125;66783777;m2;190121;0;
..\..\world\azeroth\redridge\passivedoodads\trees\redridgetreecanopy01.m2;20230.56640625;188.4114532470703;25518.42578125;0;35.4710693359375;0;;1.0830078125;66784003;m2;190121;0;
..\..\world\critter\birds\birds_condor_01.m2;20596.296875;183.01800537109375;25110.1171875;0;27.000030517578125;0;;1.5693359375;70383682;m2;367454;0;
..\..\world\critter\birds\birds_condor_01.m2;20596.296875;193.5154266357422;25110.1171875;0;74.00003051757812;0;;1.5693359375;70383868;m2;367454;0;
..\..\world\azeroth\redridge\passivedoodads\trees\redridgetreecanopy03.m2;20701.703125;124.367919921875;25060.59375;0.38835272192955017;359.996337890625;-1.078110694885254;;0.6796875;70166313;m2;190123;0;
..\..\world\critter\birds\bird01.m2;20485.59375;184.3019561767578;25140.65234375;0;79;0;;1;71199692;m2;190719;0;
..\..\world\critter\birds\bird02.m2;20447.818359375;182.48263549804688;25295.6875;0;13.50006103515625;0;;1;70383958;m2;190720;0;
..\..\world\critter\birds\bird02.m2;20520.654296875;197.8766326904297;25481.1328125;0;281;0;;1;70383866;m2;190720;0;
..\..\world\critter\birds\bird01.m2;20833.19921875;81.24897003173828;25394.6640625;0;293.5;0;;1;70408460;m2;190719;0;
..\..\world\critter\birds\bird02.m2;20354.54296875;196.6741485595703;25460.5234375;0;97.5;0;;1;70383878;m2;190720;0;
..\..\world\critter\birds\bird01.m2;20443.83984375;191.81370544433594;25591.22265625;0;64;0;;1;70383880;m2;190719;0;
..\..\world\critter\birds\bird01.m2;20505.61328125;192.9838409423828;25280.984375;0;333;0;;1;70383807;m2;190719;0;
..\..\world\critter\birds\bird02.m2;20337.51953125;201.4354705810547;25064.697265625;0;295.5;0;;1;71199525;m2;190720;0;
..\..\world\azeroth\redridge\passivedoodads\rocks\redridgerock01.m2;20745.390625;5.951944828033447;25176.859375;2.393648624420166;186.8041534423828;-17.53460121154785;;1.259765625;70383821;m2;190101;0;
..\..\world\critter\birds\birds_condor_01.m2;20596.556640625;191.4455108642578;25109.984375;0;0;0;;1.5693359375;70383815;m2;367454;0;
..\..\world\critter\birds\bird02.m2;20555.849609375;203.3282928466797;25547.4765625;0;330;0;;1;70383820;m2;190720;0;
..\..\world\critter\birds\bird02.m2;20374.67578125;182.48263549804688;25327.76953125;0;237.5;0;;1;70383673;m2;190720;0;
..\..\world\critter\birds\bird02.m2;20471.48828125;200.65133666992188;25468.20703125;0;327.5;0;;1;70383812;m2;190720;0;
..\..\world\critter\birds\bird01.m2;20743.953125;83.35228729248047;25545.7890625;0;324;0;;1;70408228;m2;190719;0;
..\..\models\unknown\unk_exp00_7543863\7543863.m2;20494.34765625;171.2342987060547;25390.8203125;1.8532911539077759;343.98040771484375;-1.5732665061950684;;1.1591796875;66786046;m2;7543863;0;
..\..\models\unknown\unk_exp00_7543863\7543863.m2;20482.169921875;163.66744995117188;25278.26953125;0;99.00018310546875;0;;1.1591796875;66782308;m2;7543863;0;
..\..\models\unknown\unk_exp00_7543863\7543863.m2;20424.521484375;172.57891845703125;25564.89453125;0;316.5001220703125;0;;1.1591796875;66782730;m2;7543863;0;
..\..\models\unknown\unk_exp00_7543863\7543863.m2;20369.326171875;162.48516845703125;25227.333984375;0;273.0001220703125;0;;1.1591796875;66782856;m2;7543863;0;
..\..\models\unknown\unk_exp00_7543863\7543863.m2;20655.41015625;141.63619995117188;25097.3828125;0;275.50018310546875;0;;1.1591796875;66783434;m2;7543863;0;
..\..\models\unknown\unk_exp00_7543863\7543863.m2;20565.552734375;167.80809020996094;25248.62890625;0;33.0001220703125;0;;1.1591796875;66784666;m2;7543863;0;
..\..\models\unknown\unk_exp00_7543863\7543863.m2;20596.01953125;155.7880859375;25216.09765625;0;127.5001220703125;0;;1.1591796875;66785303;m2;7543863;0;
..\..\models\unknown\unk_exp00_7543863\7543863.m2;20556.029296875;138.83489990234375;25126.0859375;0;73.00018310546875;0;;1.1591796875;66785738;m2;7543863;0;
..\..\models\unknown\unk_exp00_7543863\7543863.m2;20368.84765625;163.6032257080078;25157.6875;0;18.500244140625;0;;1.1591796875;66786258;m2;7543863;0;
..\..\world\critter\birds\bird01.m2;20598.037109375;164.4130096435547;25194.341796875;0;311;0;;1;71199772;m2;190719;0;
..\..\world\azeroth\redridge\passivedoodads\trees\redridgetreecanopy03.m2;20573.228515625;175.21827697753906;25493.685546875;-5.692930698394775;176.0457763671875;-0.5825859308242798;;0.51953125;70166240;m2;190123;0;
..\..\world\azeroth\elwynn\passivedoodads\trees\elwynnfirtree01.m2;20752.904296875;123.7326431274414;25290.7890625;-1.1801782846450806;281.61822509765625;-3.6628482341766357;;1.4091796875;71200012;m2;189923;0;
..\..\world\critter\birds\bird01.m2;20334.244140625;184.49945068359375;25369.2578125;0;42.5;0;;1;70383591;m2;190719;0;
..\..\models\unknown\unk_exp00_7543863\7543863.m2;20462.1015625;170.45913696289062;25127.138671875;0;330.5000305175781;0;;1.0595703125;66782403;m2;7543863;0;
..\..\models\unknown\unk_exp00_7543863\7543863.m2;20606.90625;194.45245361328125;25475.453125;0;209.49998474121094;0;;1.0595703125;66784810;m2;7543863;0;
..\..\world\azeroth\elwynn\passivedoodads\trees\elwynnfirtree01.m2;20766.986328125;44.0625;25527.1953125;-1.180177927017212;245.61825561523438;-3.6628472805023193;;1.2890625;66804921;m2;189923;0;
..\..\world\azeroth\elwynn\passivedoodads\trees\canopylesstree01.m2;20816.626953125;54.7256965637207;25365.578125;0;5.5;0;;0.6494140625;66804792;m2;189919;0;
..\..\world\azeroth\redridge\passivedoodads\trees\redridgetreecanopy01.m2;20510.392578125;168.76910400390625;25452.6171875;0;15;0;;0.69921875;70166249;m2;190121;0;
..\..\models\unknown\unk_exp00_7543863\7543863.m2;20555.177734375;185.95668029785156;25419.107421875;-4.940535068511963;250.55877685546875;-4.818153381347656;;1;66783250;m2;7543863;0;
..\..\models\unknown\unk_exp00_7543870\7543870.m2;20756.611328125;52.0330696105957;25463.904296875;0;325.5;0;;1;71199763;m2;7543870;0;
..\..\world\critter\birds\bird02.m2;20679.42578125;308.0372314453125;25403.09765625;0;165.69256591796875;0;;0.7890625;66782456;m2;190720;0;
..\..\world\critter\birds\bird02.m2;20684.083984375;300.9844970703125;25351.232421875;0;102.19268798828125;0;;0.7890625;66784233;m2;190720;0;
..\..\models\unknown\unk_exp00_7543863\7543863.m2;20508.01953125;177.65530395507812;25590.375;0.4356606602668762;309.5014343261719;0.3721335232257843;;1;66783152;m2;7543863;0;
..\..\models\unknown\unk_exp00_7543863\7543863.m2;20283.44921875;193.9496612548828;25562.67578125;0;173;0;;1;66784478;m2;7543863;0;
..\..\models\unknown\unk_exp00_7543863\7543863.m2;20579.91015625;182.46954345703125;25543.0390625;0;299.5;0;;1;66783376;m2;7543863;0;
..\..\world\azeroth\redridge\passivedoodads\rocks\redridgerock01.m2;20740.224609375;6.475706577301025;25145.01953125;2.393648624420166;192.8041534423828;-17.534603118896484;;1;70383730;m2;190101;0;
..\..\world\azeroth\redridge\passivedoodads\rocks\redridgerock02.m2;20711.357421875;100.71823120117188;25156.5;0.26596125960350037;21.3262939453125;-28.668241500854492;;3.7998046875;70383934;m2;190102;0;
..\..\world\azeroth\redridge\passivedoodads\trees\redridgetreecanopy01.m2;20528.8515625;174.02430725097656;25586.91796875;0;2.5;0;;0.69921875;70166321;m2;190121;0;
..\..\world\azeroth\redridge\passivedoodads\rocks\redridgerock02.m2;20713.302734375;106.22695922851562;25175.58203125;6.39430046081543;166.47283935546875;11.454586029052734;;3.669921875;70383641;m2;190102;0;
..\..\world\azeroth\redridge\passivedoodads\rocks\redridgerock02.m2;20714.5234375;78.61244201660156;25187.244140625;-2.486485481262207;200.88265991210938;60.65467071533203;;3.345703125;70383752;m2;190102;0;
..\..\models\unknown\unk_exp00_7543865\7543865.m2;20503.61328125;167.05296325683594;25307.5546875;1.5241446495056152;62.974334716796875;-3.883108139038086;;0.7998046875;66781276;m2;7543865;0;
..\..\world\azeroth\redridge\passivedoodads\rocks\redridgerock02.m2;20259.126953125;176.51809692382812;25357.513671875;2.587019443511963;303.8702392578125;167.6139373779297;;3.3994140625;66781241;m2;190102;0;
..\..\models\unknown\unk_exp00_7543865\7543865.m2;20662.12109375;138.50807189941406;25091.029296875;0;208.50015258789062;0;;0.7998046875;66782377;m2;7543865;0;
..\..\models\unknown\unk_exp00_7543865\7543865.m2;20556.818359375;163.03660583496094;25245.609375;0;326.0001525878906;0;;0.7998046875;66782515;m2;7543865;0;
..\..\models\unknown\unk_exp00_7543865\7543865.m2;20591.560546875;158.5520782470703;25221.88671875;0;71.0001220703125;0;;0.7998046875;66783201;m2;7543865;0;
..\..\models\unknown\unk_exp00_7543865\7543865.m2;20543.951171875;141.6897430419922;25127.119140625;0;19.000091552734375;0;;0.7998046875;66784704;m2;7543865;0;
..\..\models\unknown\unk_exp00_7543865\7543865.m2;20376.30859375;161.5202178955078;25221.279296875;0;206.0001220703125;0;;0.7998046875;66786288;m2;7543865;0;
..\..\world\azeroth\burningsteppes\passivedoodads\trees\burningmidtree04.m2;20407.923828125;148.52427673339844;25271.181640625;8.742473602294922;208.25152587890625;56.974395751953125;;0.7197265625;70367626;m2;189263;0;
..\..\world\azeroth\elwynn\passivedoodads\trees\elwynnfirtree01.m2;20777.166015625;45.12673568725586;25500.009765625;0;174;0;;1;66804954;m2;189923;0;
..\..\world\azeroth\elwynn\passivedoodads\trees\elwynnfirtree01.m2;20712.619140625;52.81076431274414;25567.009765625;0;67.50003051757812;0;;1;66804617;m2;189923;0;
..\..\models\unknown\unk_exp00_7543865\7543865.m2;20341.9609375;160.49691772460938;25257.2578125;0;126.03530883789062;0;;0.7763671875;66781465;m2;7543865;0;
..\..\models\unknown\unk_exp00_7543865\7543865.m2;20599.642578125;187.48898315429688;25287.62890625;0;230.5352783203125;0;;0.7763671875;66782545;m2;7543865;0;
..\..\models\unknown\unk_exp00_7543865\7543865.m2;20608.279296875;138.58273315429688;25196.0859375;0;26.5352783203125;0;;0.7763671875;66782700;m2;7543865;0;
..\..\models\unknown\unk_exp00_7543865\7543865.m2;20525.408203125;184.7901611328125;25335.169921875;0;230.03524780273438;0;;0.7763671875;66784051;m2;7543865;0;
..\..\models\unknown\unk_exp00_7543865\7543865.m2;20591.373046875;134.31884765625;25101.701171875;0;306.53521728515625;0;;0.7763671875;66784500;m2;7543865;0;
..\..\models\unknown\unk_exp00_7543865\7543865.m2;20503.015625;160.4368896484375;25235.734375;0;345.5352783203125;0;;0.7763671875;66784805;m2;7543865;0;
..\..\models\unknown\unk_exp00_7543865\7543865.m2;20281.64453125;160.73760986328125;25271.58984375;0;84.035400390625;0;;0.7763671875;66785831;m2;7543865;0;
..\..\models\unknown\unk_exp00_7543865\7543865.m2;20417.861328125;169.0584259033203;25599.638671875;0;171.0352783203125;0;;0.7763671875;66784790;m2;7543865;0;
..\..\models\unknown\unk_exp00_7543865\7543865.m2;20503.75390625;168.65321350097656;25132.015625;0;236.0352783203125;0;;0.7763671875;66785516;m2;7543865;0;
..\..\world\azeroth\burningsteppes\passivedoodads\trees\burningmidtree04.m2;20388.095703125;148.0605010986328;25327.1953125;-7.957294940948486;134.43853759765625;74.82754516601562;;0.7197265625;66781124;m2;189263;0;
..\..\models\unknown\unk_exp00_7543865\7543865.m2;20286.23828125;161.19827270507812;25218.29296875;0;109.035400390625;0;;0.7470703125;66784261;m2;7543865;0;
..\..\models\unknown\unk_exp00_7545269\7545269.m2;20251.865234375;183.11862182617188;25351.06640625;0;133.5;0;;1.2490234375;70192346;m2;7545269;0;
..\..\world\azeroth\redridge\passivedoodads\rocks\redridgerock02.m2;20711.56640625;80.48826599121094;25186.6328125;-69.94058990478516;269.7713928222656;25.18876075744629;;2.9013671875;70383956;m2;190102;0;
..\..\world\azeroth\redridge\passivedoodads\rocks\redridgerock03.m2;20732.00390625;13.24089241027832;25172.541015625;48.926605224609375;63.331817626953125;-163.70358276367188;;4.169921875;70383848;m2;190103;0;
..\..\models\unknown\unk_exp00_7543865\7543865.m2;20473.392578125;159.54061889648438;25282.125;0;35.50006103515625;0;;0.7001953125;66786321;m2;7543865;0;
..\..\world\azeroth\redridge\passivedoodads\rocks\redridgerock03.m2;20733.97265625;13.240893363952637;25155.2109375;33.066673278808594;31.07696533203125;168.01589965820312;;4.169921875;70383803;m2;190103;0;
..\..\models\unknown\unk_exp00_7543868\7543868.m2;20778.142578125;120.72915649414062;25296.66015625;0;324.5;0;;0.7099609375;71199895;m2;7543868;0;
..\..\models\unknown\unk_exp00_7543865\7543865.m2;20563.306640625;188.5221710205078;25417.83984375;2.843200922012329;179.0137939453125;0.6721727252006531;;0.689453125;66783268;m2;7543865;0;
..\..\models\unknown\unk_exp00_7543865\7543865.m2;20582.96484375;179.38134765625;25535.68359375;0;232.49993896484375;0;;0.689453125;66781729;m2;7543865;0;
..\..\models\unknown\unk_exp00_7543865\7543865.m2;20284.626953125;194.6041717529297;25574.759765625;0;98.49996948242188;0;;0.689453125;66782354;m2;7543865;0;
..\..\models\unknown\unk_exp00_7543865\7543865.m2;20613.55859375;192.5754852294922;25479.62109375;0;140;0;;0.689453125;66782623;m2;7543865;0;
..\..\world\azeroth\redridge\passivedoodads\rocks\redridgerock01.m2;20385.876953125;154.8596954345703;25226.171875;1.5500233173370361;36.92840576171875;-15.504985809326172;;0.7099609375;66782474;m2;190101;0;
..\..\world\azeroth\redridge\passivedoodads\rocks\redridgerock02.m2;20717.294921875;101.86305236816406;25175.44140625;-10.891449928283691;345.66943359375;-18.28292465209961;;2.7490234375;70383937;m2;190102;0;
..\..\models\unknown\unk_exp00_7543865\7543865.m2;20458.603515625;169.96620178222656;25452.9921875;0;49.03533935546875;0;;0.669921875;66781853;m2;7543865;0;
..\..\models\unknown\unk_exp00_7543865\7543865.m2;20274.349609375;188.10182189941406;25535.015625;0;48.535247802734375;0;;0.669921875;66782546;m2;7543865;0;
..\..\models\unknown\unk_exp00_7543865\7543865.m2;20567.61328125;178.87612915039062;25456.7578125;0;67.5352783203125;0;;0.669921875;66783379;m2;7543865;0;
..\..\models\unknown\unk_exp00_7543865\7543865.m2;20572.765625;177.61285400390625;25577.19140625;0;339.0352783203125;0;;0.669921875;66785116;m2;7543865;0;
..\..\world\azeroth\redridge\passivedoodads\rocks\redridgerock02.m2;20722.31640625;91.6459732055664;25179.17578125;-0.3690607249736786;345.31842041015625;-34.76810836791992;;2.8095703125;70383927;m2;190102;0;
..\..\world\azeroth\redridge\passivedoodads\rocks\redridgerock02.m2;20406.0703125;148.62686157226562;25343.134765625;0;278.0000305175781;0;;3.009765625;70383973;m2;190102;0;
..\..\world\kalimdor\stonetalon\passivedoodads\trees\stonetree08.m2;20628.013671875;133.8733673095703;25118.787109375;2.9212985038757324;317.51031494140625;-2.744671106338501;;0.8193359375;71199655;m2;202627;0;
..\..\models\unknown\unk_exp00_7568169\7568169.m2;20738.9140625;10.26391887664795;25160.97265625;0;89;0;;0.6494140625;70383515;m2;7568169;0;
..\..\world\azeroth\redridge\passivedoodads\trees\redridgetreemid01.m2;20480.529296875;169.1197967529297;25529.15625;0.0000023478776256524725;219.3034210205078;7.0000104904174805;;2.6318359375;70166210;m2;190126;0;
..\..\world\kalimdor\stonetalon\passivedoodads\trees\stonetree08.m2;20654.166015625;130.038330078125;25186.6875;-1.265303134918213;86.99493408203125;0.20101884007453918;;0.8193359375;70383729;m2;202627;0;
..\..\models\unknown\unk_exp00_7543869\7543869.m2;20689.09375;95.1766586303711;25597.9140625;-11.243149757385254;240.08482360839844;9.431242942810059;;2.4892578125;71199845;m2;7543869;0;
..\..\models\unknown\unk_exp00_7568169\7568169.m2;20260.91796875;148.28631591796875;25342.603515625;0;123.5;0;;0.4892578125;70192354;m2;7568169;0;
..\..\world\azeroth\redridge\passivedoodads\rocks\redridgerock03.m2;20258.431640625;172.9640655517578;25362.0859375;23.697647094726562;286.0794982910156;-15.551279067993164;;3.76953125;66784632;m2;190103;0;
..\..\models\unknown\unk_exp00_7543869\7543869.m2;20734.345703125;58.86288070678711;25491.22265625;-4.425594329833984;152.11468505859375;7.387944221496582;;2.4892578125;71199848;m2;7543869;0;
..\..\world\kalimdor\stonetalon\passivedoodads\trees\stonetree08.m2;20490.83203125;166.6979217529297;25382;0;155;0;;0.76953125;70383746;m2;202627;0;
..\..\world\azeroth\elwynn\passivedoodads\trees\elwynnfirtree01.m2;20702.068359375;58.453125;25551.1171875;-3.171879291534424;35.4642333984375;-1.9478914737701416;;0.7099609375;66804854;m2;189923;0;
..\..\world\azeroth\elwynn\passivedoodads\trees\elwynnfirtree01.m2;20763.64453125;45.32118225097656;25519.58203125;3.8794009685516357;136.546142578125;-0.5319861769676208;;0.7099609375;66804750;m2;189923;0;
..\..\world\azeroth\redridge\passivedoodads\rocks\redridgerock02.m2;20517.08203125;129.60816955566406;25162.40625;-2.8858959674835205;220.8650360107422;3.5068607330322266;;2.5390625;70380996;m2;190102;0;
..\..\models\unknown\unk_exp00_7568169\7568169.m2;20525.337890625;125.94788360595703;25169.896484375;0;109;0;;0.4794921875;70380991;m2;7568169;0;
..\..\world\azeroth\redridge\passivedoodads\rocks\redridgerock02.m2;20717.36328125;113.03639221191406;25175.578125;0.7545244693756104;174.302734375;32.522064208984375;;2.3095703125;70383930;m2;190102;0;
..\..\world\azeroth\redridge\passivedoodads\trees\redridgetreecanopy04.m2;20721.0078125;116.66840362548828;25056.822265625;0;29.5;0;;0.359375;70166301;m2;190124;0;
..\..\world\azeroth\redridge\passivedoodads\trees\redridgetreecanopy04.m2;20380.68359375;168.7239532470703;25469.154296875;0;13.499968528747559;0;;0.359375;66781738;m2;190124;0;
..\..\world\azeroth\elwynn\passivedoodads\trees\elwynntreemid01.m2;20788.775390625;49.67013931274414;25422.89453125;4.101005554199219;251.04672241210938;2.3478877544403076;;2.216796875;66804893;m2;189932;0;
..\..\world\azeroth\redridge\passivedoodads\rocks\redridgerock02.m2;20524.236328125;132.28480529785156;25178.703125;-1.5731371641159058;310.006103515625;0.38903650641441345;;2.3994140625;70380994;m2;190102;0;
..\..\world\kalimdor\stonetalon\passivedoodads\trees\stonetree08.m2;20425.55859375;169.2443389892578;25554.9921875;0;128.5;0;;0.689453125;70383738;m2;202627;0;
..\..\world\azeroth\redridge\passivedoodads\rocks\redridgerock02.m2;20264.359375;152.7694854736328;25349.998046875;-10.785874366760254;203.267822265625;3.4808332920074463;;2.1591796875;66786081;m2;190102;0;
..\..\world\azeroth\redridge\passivedoodads\rocks\redridgerock01.m2;20514.044921875;142.24766540527344;25165.765625;0.22885090112686157;196.0465087890625;11.279031753540039;;0.51953125;70380997;m2;190101;0;
..\..\models\unknown\unk_exp00_7543869\7543869.m2;20784.53125;42.420982360839844;25437.66015625;0;99.5;0;;2.2294921875;71200090;m2;7543869;0;
..\..\world\azeroth\redridge\passivedoodads\trees\redridgetreecanopy04.m2;20453.427734375;168.378662109375;25596.69140625;0;319;0;;0.3095703125;70166346;m2;190124;0;
..\..\world\azeroth\duskwood\passivedoodads\trees\duskwoodbrowntree.m2;20574.119140625;193.85243225097656;25430.701171875;-5.169565200805664;286.45684814453125;0.4161025583744049;;1.1396484375;70383626;m2;189544;0;
..\..\world\azeroth\redridge\passivedoodads\rocks\redridgerock01.m2;20255.59765625;182.25119018554688;25362.30078125;6.125951290130615;196.98558044433594;-12.092964172363281;;0.4794921875;66786309;m2;190101;0;
..\..\world\azeroth\redridge\passivedoodads\rocks\redridgerock02.m2;20712.02734375;117.8343276977539;25174.75390625;0.47437191009521484;150.31890869140625;-4.7619805335998535;;2.07421875;70383532;m2;190102;0;
..\..\models\unknown\unk_exp00_7569779\7569779.m2;20720.779296875;49.34914016723633;25577.875;-2.8150687217712402;28.098663330078125;-14.375554084777832;;0.26953125;71199701;m2;7569779;0;
..\..\models\unknown\unk_exp00_7545269\7545269.m2;20519.462890625;147.95411682128906;25171.248046875;0;104.00009155273438;0;;0.779296875;70380988;m2;7545269;0;
..\..\world\azeroth\redridge\passivedoodads\rocks\redridgerock03.m2;20265.78515625;144.7037811279297;25349.81640625;57.27816390991211;237.52236938476562;22.935115814208984;;2.6591796875;71873204;m2;190103;0;
..\..\world\azeroth\redridge\passivedoodads\rocks\redridgerock03.m2;20273.91796875;144.044677734375;25346.7265625;53.15375518798828;175.2655029296875;6.862886428833008;;3.0498046875;66785927;m2;190103;0;
..\..\world\azeroth\redridge\passivedoodads\rocks\redridgerock03.m2;20757.083984375;4.927276611328125;25140.3671875;13.097840309143066;256.6999816894531;-48.84580993652344;;2.8291015625;70383925;m2;190103;0;
..\..\world\azeroth\redridge\passivedoodads\trees\redridgetreemid01.m2;20572.193359375;175.3072967529297;25546.123046875;1.0258997678756714;214.06362915039062;-5.145787239074707;;1.8037109375;70166221;m2;190126;0;
..\..\world\azeroth\redridge\passivedoodads\rocks\redridgerock03.m2;20526.7890625;125.6462173461914;25181.27734375;42.16874313354492;128.82821655273438;-20.106077194213867;;2.5791015625;70381003;m2;190103;0;
..\..\world\azeroth\duskwood\passivedoodads\trees\duskwoodbrowntree.m2;20685.076171875;135.71180725097656;25191.3203125;-0.7829321622848511;353.50433349609375;-0.2506610155105591;;1.0498046875;70383954;m2;189544;0;
..\..\world\azeroth\redridge\passivedoodads\rocks\redridgerock02.m2;20711.091796875;116.8560791015625;25173.015625;-5.500229358673096;230.77882385253906;7.468520164489746;;1.798828125;70383854;m2;190102;0;
..\..\models\unknown\unk_exp00_7561408\7561408.m2;20791.328125;44.72753143310547;25463.59765625;-4.2503581047058105;323.97796630859375;4.169291973114014;;1.5693359375;66804662;m2;7561408;0;
..\..\world\azeroth\redridge\passivedoodads\rocks\redridgerock03.m2;20302.97265625;146.8511505126953;25317.294921875;-20.064586639404297;129.58050537109375;50.748046875;;2.44921875;66784021;m2;190103;0;
..\..\world\khazmodan\wetlands\passivedoodads\dragonbones\dragonbonesleftwing.m2;20599.37890625;131.28565979003906;25125.94140625;46.723514556884766;311.5198059082031;-24.974647521972656;;0.3095703125;70383703;m2;203503;0;
..\..\world\azeroth\theblastedlands\passivedoodads\trees\blastedlandsashtree02.m2;20326.736328125;162.306884765625;25357.794921875;0.2637879550457001;224.82553100585938;-24.995819091796875;;1;66784690;m2;190484;0;
..\..\world\azeroth\duskwood\passivedoodads\trees\duskwoodbrowntree.m2;20584.50390625;175.0572967529297;25274.1640625;-0.7829320430755615;107.50433349609375;-0.25066104531288147;;0.9794921875;70383974;m2;189544;0;
..\..\world\azeroth\duskwood\passivedoodads\trees\duskwoodbrowntree.m2;20596.05859375;132.1875;25099.822265625;-0.782931923866272;64.50433349609375;-0.2506609857082367;;0.9794921875;71199887;m2;189544;0;
..\..\models\unknown\unk_exp00_7543869\7543869.m2;20761.189453125;46.44920349121094;25470.0625;0;357.5;0;;1.7890625;71200203;m2;7543869;0;
..\..\world\kalimdor\stonetalon\passivedoodads\trees\stonetree08.m2;20503.162109375;166.88259887695312;25149.193359375;-1.4003671407699585;8.09539794921875;-0.033730700612068176;;0.509765625;70383568;m2;202627;0;
..\..\world\azeroth\redridge\passivedoodads\rocks\redridgerock03.m2;20311.041015625;148.86526489257812;25313.291015625;63.65826416015625;305.0394287109375;-70.72464752197266;;2.44921875;66782508;m2;190103;0;
..\..\world\kalimdor\stonetalon\passivedoodads\treestumps\stonetreestump02.m2;20492.19140625;151.8083953857422;25208.185546875;0;1;0;;0.8291015625;70383699;m2;202642;0;
..\..\world\azeroth\redridge\passivedoodads\rocks\redridgerock03.m2;20769.59375;10.304936408996582;25177.69140625;-18.634414672851562;258.4778137207031;-171.497314453125;;2.7294921875;70383979;m2;190103;0;
..\..\world\azeroth\redridge\passivedoodads\rocks\redridgerock03.m2;20262.6484375;146.4001007080078;25353.11328125;-27.044469833374023;23.52899169921875;-13.700739860534668;;2.439453125;66783696;m2;190103;0;
..\..\world\azeroth\redridge\passivedoodads\rocks\redridgerock03.m2;20526.083984375;122.42756652832031;25160.06640625;-14.75571346282959;261.2596130371094;-34.47415542602539;;2.5791015625;70380987;m2;190103;0;
..\..\world\azeroth\redridge\passivedoodads\rocks\redridgerock03.m2;20310.400390625;147.89207458496094;25342.09765625;45.644920349121094;159.26715087890625;-13.303455352783203;;2.44921875;66781387;m2;190103;0;
..\..\world\azeroth\redridge\passivedoodads\trees\redridgetreemid01.m2;20409.3203125;165.43055725097656;25429.1796875;-2.499757766723633;321.50323486328125;-3.7406697273254395;;1.4892578125;66782125;m2;190126;0;
..\..\world\azeroth\redridge\passivedoodads\rocks\redridgerock03.m2;20538.126953125;121.30789947509766;25176.75;-12.573195457458496;87.73641967773438;-25.599584579467773;;2.5791015625;70380990;m2;190103;0;
..\..\world\azeroth\redridge\passivedoodads\trees\redridgetreemid01.m2;20512.955078125;173.31944274902344;25592.74609375;2.309011936187744;358.7470703125;-8.009053230285645;;1.3994140625;70166224;m2;190126;0;
..\..\world\azeroth\redridge\passivedoodads\rocks\redridgerock03.m2;20510.970703125;143.6060791015625;25167.42578125;5.177606582641602;231.4276885986328;-25.109336853027344;;2.0693359375;70380986;m2;190103;0;
..\..\world\azeroth\redridge\passivedoodads\trees\redridgetreemid01.m2;20330.037109375;162.50694274902344;25354.125;0;176.4425048828125;0;;1.5185546875;66785946;m2;190126;0;
..\..\world\azeroth\duskwood\passivedoodads\trees\duskwoodbrowntree.m2;20420.390625;166.67535400390625;25602.185546875;-8.711277961730957;161.55352783203125;7.3233160972595215;;0.7392578125;70166273;m2;189544;0;
..\..\world\azeroth\elwynn\passivedoodads\ballistaruined\ballistaruined.m2;20415.701171875;165.72714233398438;25128.810546875;0.016239842399954796;223.96022033691406;3.235058069229126;;1;66783394;m2;189657;0;
..\..\world\generic\orc\passivedoodads\burntoutposts\burntoutpost02.m2;20277.037109375;182.57119750976562;25071.763671875;-0.6534621715545654;102.90853881835938;-8.696184158325195;;1;66782879;m2;199145;0;
..\..\world\azeroth\duskwood\passivedoodads\trees\duskwoodbrowntree.m2;20566.97265625;177.11285400390625;25575.7578125;-6.671019554138184;133.17449951171875;6.599455833435059;;0.7392578125;70166185;m2;189544;0;
..\..\world\azeroth\duskwood\passivedoodads\trees\duskwoodbrowntree.m2;20365.921875;158.8229217529297;25152.427734375;-5.405997276306152;259.69598388671875;6.395567893981934;;0.7392578125;70383671;m2;189544;0;
..\..\world\azeroth\redridge\passivedoodads\trees\redridgetreemid01.m2;20468.2109375;169.14756774902344;25523.87109375;0.9999998807907104;241.58969116210938;-4.000000476837158;;1.353515625;70166412;m2;190126;0;
..\..\world\azeroth\redridge\passivedoodads\trees\redridgetreemid01.m2;20357.025390625;167.98611450195312;25421.83203125;0;288.94244384765625;0;;1.4189453125;66782855;m2;190126;0;
..\..\world\azeroth\duskwood\passivedoodads\trees\duskwoodbrowntree.m2;20546.947265625;180.2291717529297;25418.73828125;-0.7829320430755615;338.5042724609375;-0.2506610155105591;;0.7890625;70383824;m2;189544;0;
..\..\world\kalimdor\stonetalon\passivedoodads\treestumps\stonetreestump02.m2;20313.322265625;162.1614532470703;25101.65625;0;224.99989318847656;0;;0.6796875;66783906;m2;202642;0;
..\..\world\azeroth\theblastedlands\passivedoodads\trees\blastedlandsashtree02.m2;20450.0390625;161.57859802246094;25372.2734375;-5.80698299407959;349.4990234375;5.5731730461120605;;0.83984375;70166296;m2;190484;0;
..\..\world\azeroth\elwynn\passivedoodads\ballistaruined\ballistaruined.m2;20467.50390625;167.03993225097656;25080.537109375;0.060962654650211334;198.46575927734375;11.256327629089355;;1;66782687;m2;189657;0;
..\..\world\kalimdor\stonetalon\passivedoodads\treestumps\stonetreestump02.m2;20360.46875;158.80555725097656;25154.98828125;-5.062186241149902;44.78924560546875;-6.859005451202393;;0.599609375;70383933;m2;202642;0;
..\..\world\azeroth\redridge\passivedoodads\rocks\redridgerock03.m2;20262.16015625;144.86485290527344;25328.041015625;-23.091264724731445;196.4646759033203;4.180661678314209;;1.9697265625;66786098;m2;190103;0;
..\..\world\generic\orc\passivedoodads\burntoutposts\burntoutpost02.m2;20274.013671875;183.62060546875;25086.7734375;0.33523616194725037;63.65765380859375;-3.7892580032348633;;1;66781423;m2;199145;0;
..\..\world\kalimdor\stonetalon\passivedoodads\treestumps\stonetreestump02.m2;20318.4765625;159.1898956298828;25301.046875;-1.6022683382034302;55.961761474609375;0.35258039832115173;;0.6298828125;70383745;m2;202642;0;
..\..\world\azeroth\redridge\passivedoodads\rocks\redridgerock03.m2;20701.72265625;122.4871597290039;25152.083984375;-11.552353858947754;218.66796875;-18.849225997924805;;1.779296875;70383668;m2;190103;0;
..\..\world\azeroth\redridge\passivedoodads\trees\redridgefallentree01.m2;20645.759765625;125.52069854736328;25149.931640625;-9.586967468261719;213.07675170898438;-10.35374641418457;;1.419921875;70383985;m2;190114;0;
..\..\world\azeroth\elwynn\passivedoodads\ballistaruined\ballistaruined.m2;20287.91015625;164.1840362548828;25160.1796875;0.060962121933698654;168.9658203125;11.256271362304688;;1;66784940;m2;189657;0;
..\..\world\generic\orc\passivedoodads\burntoutposts\burntoutpost02.m2;20262.21875;183.36111450195312;25098.404296875;0.41310298442840576;27.683807373046875;0.22076080739498138;;1;66783325;m2;199145;0;
..\..\models\unknown\unk_exp00_7561408\7561408.m2;20792.94140625;49.99095916748047;25415.64453125;0;256.4999694824219;0;;1.189453125;66804758;m2;7561408;0;
..\..\world\generic\orc\passivedoodads\burntoutposts\burntoutpost03.m2;20277.982421875;180.91510009765625;25079.216796875;-0.23766230046749115;338.88153076171875;-3.540879487991333;;1.33984375;66783848;m2;199146;0;
..\..\world\azeroth\redridge\passivedoodads\trees\redridgetreecanopy04.m2;20534.65625;175.2152862548828;25585.59375;-4.176775932312012;304.8861999511719;-5.837603569030762;;0.169921875;70166349;m2;190124;0;
..\..\world\azeroth\redridge\passivedoodads\rocks\redridgerock03.m2;20717.3125;122.62654876708984;25154.14453125;18.238468170166016;291.9452819824219;-21.89181900024414;;1.779296875;70383842;m2;190103;0;
..\..\world\azeroth\redridge\passivedoodads\rocks\redridgerock03.m2;20715.115234375;122.4871597290039;25171.193359375;-7.705413341522217;32.38836669921875;-16.322675704956055;;1.779296875;70383780;m2;190103;0;
..\..\world\azeroth\duskwood\passivedoodads\trees\duskwoodbrowntree.m2;20506.9453125;163.3627471923828;25304.76953125;-0.7829324007034302;60.50433349609375;-0.2506610155105591;;0.69921875;70383849;m2;189544;0;
..\..\world\azeroth\duskwood\passivedoodads\trees\duskwoodbrowntree.m2;20605.62890625;188.6302032470703;25289.41015625;-0.7829321622848511;102.00433349609375;-0.25066107511520386;;0.69921875;70383602;m2;189544;0;
..\..\world\generic\orc\passivedoodads\burntoutposts\burntoutpost02.m2;20283.349609375;173.62242126464844;25071.5;-2.4479076862335205;40.70599365234375;-12.677918434143066;;1;66783423;m2;199145;0;
..\..\models\unknown\unk_exp00_7561408\7561408.m2;20735.3515625;102.28819274902344;25231.67578125;0;86.41241455078125;0;;1.1376953125;66785037;m2;7561408;0;
..\..\world\kalimdor\stonetalon\passivedoodads\treestumps\stonetreestump02.m2;20456.6484375;150.8102569580078;25215.8984375;0.03857763111591339;88.52395629882812;0.474994957447052;;0.58984375;70383650;m2;202642;0;
..\..\world\kalimdor\orgrimmar\passivedoodads\blackiron\blackironorc_catapult_01.m2;20317.3359375;168.65853881835938;25065.287109375;10.137284278869629;60.40545654296875;-7.490623474121094;;1;66781356;m2;341891;0;
..\..\world\azeroth\elwynn\passivedoodads\trees\stumps\elwynntreestump01.m2;20759.0703125;41.2171630859375;25580.6640625;-4.233765125274658;167.67633056640625;6.944429397583008;;2.3193359375;66804682;m2;189939;0;
..\..\world\azeroth\redridge\passivedoodads\rocks\redridgerock03.m2;20602.328125;122.31910705566406;25164.08984375;-18.4166259765625;20.203155517578125;-14.075881004333496;;1.779296875;70383715;m2;190103;0;
..\..\world\azeroth\redridge\passivedoodads\spikewall\battlegladewoodspikesshortrow.m2;20471.99609375;165.12265014648438;25069.765625;-1.0840364694595337;77.37347412109375;4.206140995025635;;1.25;66785336;m2;190107;0;
..\..\world\kalimdor\stonetalon\passivedoodads\treestumps\stonetreestump02.m2;20384.029296875;180.5947265625;25600.3828125;7.121528148651123;21.84857177734375;5.0405755043029785;;0.5;70383633;m2;202642;0;
..\..\world\azeroth\redridge\passivedoodads\trees\redridgefallentree01.m2;20430.541015625;148.15451049804688;25297.40234375;0;44.500030517578125;0;;1.419921875;66786314;m2;190114;0;
..\..\world\azeroth\theblastedlands\passivedoodads\trees\blastedlandsashtree03.m2;20327.71875;162.88455200195312;25369.169921875;-4.1570305824279785;245.96224975585938;-16.3549747467041;;0.6494140625;66785488;m2;190485;0;
..\..\world\azeroth\redridge\passivedoodads\trees\redridgefallentree02moss.m2;20391.751953125;148.37326049804688;25253.61328125;81.84098052978516;148.690673828125;-26.370542526245117;;1;70367624;m2;190117;0;
..\..\world\azeroth\redridge\passivedoodads\rocks\redridgerock03.m2;20758.75390625;5.961439609527588;25162.6328125;-4.477027416229248;68.26031494140625;160.8765869140625;;1.5693359375;70383585;m2;190103;0;
..\..\world\khazmodan\wetlands\passivedoodads\bushes\wetlandsshrub05.m2;20786.734375;11.71875;25147.9921875;18.970407485961914;14.5;3.5763463973999023;;1;70157898;m2;203494;0;
..\..\world\azeroth\elwynn\passivedoodads\trees\stumps\elwynntreestump01.m2;20794.048828125;45.14738845825195;25465.44140625;6.612395763397217;106.93975830078125;-3.0346121788024902;;2.009765625;66804977;m2;189939;0;
..\..\world\azeroth\redridge\passivedoodads\trees\redridgefallentree02.m2;20752.08203125;4.73505163192749;25165.91015625;74.33605194091797;347.38421630859375;14.184898376464844;;1;70157841;m2;190116;0;
..\..\world\azeroth\redridge\passivedoodads\rocks\redridgerock03.m2;20525.646484375;124.61673736572266;25167.36328125;-3.261153221130371;335.0743408203125;-53.18684005737305;;1.5498046875;70380999;m2;190103;0;
..\..\world\azeroth\redridge\passivedoodads\trees\redridgetreemid01.m2;20465.142578125;168.4813995361328;25528.7890625;-0.27667436003685;219.0113983154297;-2.3461010456085205;;1.0498046875;70166383;m2;190126;0;
..\..\world\azeroth\elwynn\passivedoodads\trees\stumps\elwynntreestump01.m2;20782.8359375;47.3472785949707;25467.796875;5.400927543640137;93.4163818359375;7.122128009796143;;2.3193359375;66804989;m2;189939;0;
..\..\world\azeroth\redridge\passivedoodads\trees\redridgefallentree02moss.m2;20430.92578125;148.1044921875;25303.572265625;0;65;0;;1;66784533;m2;190117;0;
..\..\world\azeroth\redridge\passivedoodads\rocks\redridgerock03.m2;20436.580078125;164.1591033935547;25081.021484375;-36.37497329711914;334.67608642578125;-14.821228981018066;;1.4296875;70383873;m2;190103;0;
..\..\world\azeroth\redridge\passivedoodads\rocks\redridgerock03.m2;20516.4296875;168.1858673095703;25500.81640625;-13.363235473632812;348.46697998046875;-21.929805755615234;;1.609375;70383616;m2;190103;0;
..\..\world\azeroth\redridge\passivedoodads\rocks\redridgerock03.m2;20514.44140625;145.73829650878906;25166.83203125;32.16786193847656;131.94012451171875;22.573055267333984;;1.44921875;70381002;m2;190103;0;
..\..\world\khazmodan\wetlands\passivedoodads\bushes\wetlandsshrub04.m2;20778.208984375;10.963541984558105;25149.56640625;27.979475021362305;4.00006103515625;15.708666801452637;;1;70157265;m2;203493;0;
..\..\world\azeroth\elwynn\passivedoodads\trees\stumps\elwynntreestump01.m2;20775.05859375;44.2193489074707;25507.341796875;5.5636491775512695;81.67361450195312;-1.408517837524414;;2.119140625;66804959;m2;189939;0;
..\..\models\unknown\unk_exp00_7569779\7569779.m2;20726.75;48.23882293701172;25572.265625;-1.2897839546203613;10.43341064453125;-10.165780067443848;;0.1591796875;71199642;m2;7569779;0;
..\..\world\azeroth\theblastedlands\passivedoodads\trees\blastedlandsashtree03.m2;20295.435546875;175.83743286132812;25456.5625;4.4849677085876465;194.80596923828125;-8.662708282470703;;0.6494140625;69427846;m2;190485;0;
..\..\world\azeroth\redridge\passivedoodads\stumps\redridgestump02.m2;20293.87890625;165.20660400390625;25385.953125;0;226.0000457763672;0;;1.8994140625;66785812;m2;190108;0;
..\..\world\azeroth\elwynn\passivedoodads\bush\elwynnbush02.m2;20763.34765625;43.618438720703125;25529.607421875;-0.7796018123626709;111.84133911132812;12.6008939743042;;0.7890625;71199974;m2;189693;0;
..\..\world\azeroth\redridge\passivedoodads\rocks\redridgerock03.m2;20519.44140625;145.5675811767578;25168.51953125;33.757144927978516;37.286529541015625;127.08187103271484;;1.3798828125;70380993;m2;190103;0;
..\..\world\azeroth\redridge\passivedoodads\trees\redridgetreemid01.m2;20455.509765625;166.26910400390625;25450.21484375;0;241.9425048828125;0;;1.029296875;70166388;m2;190126;0;
..\..\world\azeroth\redridge\passivedoodads\rocks\redridgerock02.m2;20421.177734375;162.92945861816406;25163.0390625;0;34.5;0;;1.0595703125;70383924;m2;190102;0;
..\..\world\generic\dwarf\passivedoodads\excavationtentpavillionruined\excavationtentpavillionruined01.m2;20451.333984375;165.76910400390625;25115.859375;0;324.4999694824219;0;;1;66782603;m2;197385;0;
..\..\world\azeroth\redridge\passivedoodads\rocks\redridgerock03.m2;20773.916015625;5.468929767608643;25168.947265625;-4.885162830352783;104.51516723632812;165.8843536376953;;1.5693359375;70383627;m2;190103;0;
..\..\world\generic\human\passivedoodads\ballistaruins\ballistamissle01.m2;20296.95703125;189.6898956298828;25080.990234375;-19.33480453491211;170.18597412109375;-5.567774295806885;;1;66785019;m2;197950;0;
..\..\world\azeroth\redridge\passivedoodads\rocks\redridgerock03.m2;20420.455078125;168.04092407226562;25492.39453125;-4.272389888763428;90.3970947265625;-28.940641403198242;;1.69921875;70383692;m2;190103;0;
..\..\world\azeroth\redridge\passivedoodads\rocks\redridgerock03.m2;20424.484375;160.36228942871094;25163.599609375;-22.620304107666016;166.905029296875;-21.280120849609375;;1.4697265625;70383748;m2;190103;0;
..\..\world\azeroth\redridge\passivedoodads\rocks\redridgerock03.m2;20765.11328125;4.091213703155518;25174.044921875;16.91379737854004;268.4527587890625;10.361162185668945;;1.7099609375;70383810;m2;190103;0;
..\..\world\azeroth\redridge\passivedoodads\rocks\redridgerock03.m2;20378.66796875;145.65847778320312;25322.5234375;4.155949115753174;42.4298095703125;-1.9350507259368896;;1.419921875;66781732;m2;190103;0;
..\..\world\azeroth\redridge\passivedoodads\rocks\redridgerock03.m2;20516.640625;145.16937255859375;25175.763671875;-51.396236419677734;87.46212768554688;-109.3989028930664;;1.3291015625;70381000;m2;190103;0;
..\..\world\generic\orc\passivedoodads\burntoutposts\burntoutpost04.m2;20322.31640625;168.27578735351562;25068.544921875;8.17977523803711;151.58493041992188;-5.519818305969238;;1.109375;66781636;m2;199147;0;
..\..\world\azeroth\elwynn\passivedoodads\bush\elwynnbush01.m2;20754.619140625;41.12673568725586;25581.4453125;1.2500460147857666;94.16180419921875;9.788822174072266;;0.8994140625;71199799;m2;189692;0;
..\..\world\azeroth\redridge\passivedoodads\rocks\redridgerock03.m2;20519.77734375;145.1774444580078;25176.703125;-12.568968772888184;317.232421875;-10.441054344177246;;1.3193359375;70380995;m2;190103;0;
..\..\world\khazmodan\wetlands\passivedoodads\bushes\wetlandsshrub05.m2;20776.00390625;12.473958015441895;25145.228515625;17.35403060913086;327.49993896484375;-7.125016689300537;;0.83984375;70157356;m2;203494;0;
..\..\world\generic\dwarf\passivedoodads\excavationtentpavillion\excavationtentpavillion.m2;20473.783203125;167.55035400390625;25150.771484375;0;29.5;0;;1;70383619;m2;197383;0;
..\..\world\kalimdor\stonetalon\passivedoodads\treestumps\stonetreestump02.m2;20596.53515625;134.77650451660156;25193.9140625;0;352;0;;0.4697265625;70383581;m2;202642;0;
..\..\world\generic\orc\passivedoodads\burntoutposts\burntoutpost03.m2;20290.05078125;170.2943572998047;25065.28125;2.0550856590270996;54.37896728515625;4.9305949211120605;;1;66783795;m2;199146;0;
..\..\world\azeroth\redridge\passivedoodads\rocks\redridgerock02.m2;20380.83984375;149.13880920410156;25323.6015625;0;283;0;;1;66783666;m2;190102;0;
..\..\world\azeroth\redridge\passivedoodads\rocks\redridgerock03.m2;20269.86328125;144.53228759765625;25327.5703125;-2.9317147731781006;262.774169921875;-30.005428314208984;;1.5;66784501;m2;190103;0;
..\..\world\kalimdor\stonetalon\passivedoodads\treestumps\stonetreestump01.m2;20456.53515625;165.3314666748047;25119.82421875;6.187946319580078;102.81008911132812;5.146116256713867;;0.859375;70383926;m2;202641;0;
..\..\world\generic\orc\passivedoodads\burntoutposts\burntoutpost03.m2;20269.306640625;183.52430725097656;25095.11328125;0.5243692398071289;258.51605224609375;2.874126672744751;;1;66784127;m2;199146;0;
..\..\world\azeroth\elwynn\passivedoodads\trees\stumps\elwynntreestump01.m2;20760.16015625;41.31668472290039;25569.75390625;2.098198413848877;174.94012451171875;2.635357141494751;;2.009765625;66804741;m2;189939;0;
..\..\world\generic\orc\passivedoodads\burntoutposts\burntoutpost04.m2;20270.220703125;183.4724884033203;25094.744140625;-5.284284591674805;126.89716339111328;-9.51672649383545;;1.0595703125;66782972;m2;199147;0;
..\..\world\azeroth\redridge\passivedoodads\rocks\redridgerock03.m2;20336.17578125;154.56332397460938;25226.296875;-15.151538848876953;359.2542724609375;-16.904346466064453;;1.609375;70383661;m2;190103;0;
..\..\world\generic\human\passivedoodads\ballistaruins\ballistamissle01.m2;20316.26171875;170.12619018554688;25068.638671875;15.920220375061035;215.95994567871094;-2.7408065795898438;;1;66781204;m2;197950;0;
..\..\world\kalimdor\stonetalon\passivedoodads\treestumps\stonetreestump02.m2;20428.56640625;169.03883361816406;25560.34375;-3.5314300060272217;259.1720275878906;-14.589736938476562;;0.3798828125;70383881;m2;202642;0;
..\..\world\generic\orc\passivedoodads\burntoutposts\burntoutpost04.m2;20278.529296875;183.26397705078125;25080.384765625;26.631851196289062;142.02532958984375;-7.7939605712890625;;1;66784795;m2;199147;0;
..\..\models\unknown\unk_exp00_7561408\7561408.m2;20788.94921875;49.26874542236328;25422.90234375;-5.38975191116333;94.64309692382812;5.832617282867432;;0.7392578125;66804699;m2;7561408;0;
..\..\world\azeroth\redridge\passivedoodads\stumps\redridgestump02.m2;20326.65234375;168.62326049804688;25426.0703125;0;167.5001220703125;0;;1.8994140625;66782156;m2;190108;0;
..\..\world\azeroth\redridge\passivedoodads\rocks\redridgerock03.m2;20298.591796875;145.59112548828125;25325.244140625;-13.936914443969727;302.5927429199219;-10.223864555358887;;1.2294921875;66782093;m2;190103;0;
..\..\world\kalimdor\stonetalon\passivedoodads\treestumps\stonetreestump02.m2;20499.22265625;167.4465789794922;25131.29296875;2.1040689945220947;117.10736083984375;7.237878799438477;;0.3896484375;70383607;m2;202642;0;
..\..\world\azeroth\redridge\passivedoodads\rocks\redridgerock03.m2;20440.099609375;163.61618041992188;25081.478515625;29.2774658203125;132.84765625;1.5174790620803833;;1.1591796875;70383858;m2;190103;0;
..\..\world\azeroth\redridge\passivedoodads\rocks\redridgerock03.m2;20303.2578125;144.97962951660156;25335.3828125;-19.9570369720459;66.514892578125;-13.532459259033203;;1.2294921875;66782803;m2;190103;0;
..\..\world\generic\orc\passivedoodads\burntoutposts\burntoutpost04.m2;20310.25390625;168.6327667236328;25080.154296875;2.1039583683013916;112.17249298095703;-2.2134509086608887;;1.0390625;66786149;m2;199147;0;
..\..\world\azeroth\redridge\passivedoodads\rocks\redridgerock02.m2;20440.24609375;165.3167266845703;25080.98828125;0;57;0;;0.8994140625;70383657;m2;190102;0;
..\..\world\azeroth\redridge\passivedoodads\trees\redridgetreemid01.m2;20380.765625;169.44097900390625;25471.748046875;-1.536386251449585;225.45269775390625;-0.7708001732826233;;0.8486328125;66781668;m2;190126;0;
..\..\world\azeroth\redridge\passivedoodads\trees\redridgetreemid01.m2;20457.736328125;167.98731994628906;25595.060546875;0.1250779628753662;189.57318115234375;3.993128776550293;;0.8291015625;70166213;m2;190126;0;
..\..\world\azeroth\elwynn\passivedoodads\cliffrocks\elwynncliffrock02.m2;20722.12109375;49.53699493408203;25572.02734375;-9.915647506713867;321.83544921875;6.586430549621582;;0.3896484375;71200155;m2;189716;0;
..\..\world\kalimdor\stonetalon\passivedoodads\treestumps\stonetreestump04.m2;20380.69921875;163.59437561035156;25068.701171875;0;204;0;;1.2294921875;66783135;m2;202644;0;
..\..\world\azeroth\redridge\passivedoodads\rocks\redridgerock03.m2;20519.87890625;145.403076171875;25178.962890625;-25.747028350830078;356.94580078125;-16.154523849487305;;1.3193359375;71576229;m2;190103;0;
..\..\world\azeroth\elwynn\passivedoodads\bush\elwynnbush03.m2;20775.068359375;44.520904541015625;25502.7578125;4.906091690063477;338.89202880859375;-7.071419715881348;;0.8291015625;71200020;m2;189694;0;
..\..\world\azeroth\redridge\passivedoodads\rocks\redridgerock03.m2;20537.34765625;122.40277862548828;25158.21875;-11.852383613586426;259.54632568359375;-15.699954986572266;;1.2890625;70380989;m2;190103;0;
..\..\world\kalimdor\stonetalon\passivedoodads\trees\stonetreelog01.m2;20715.916015625;125.73507690429688;25166.1796875;-10.607705116271973;139.693115234375;-15.304247856140137;;1;70383603;m2;202633;0;
..\..\world\azeroth\redridge\passivedoodads\rocks\redridgerock03.m2;20720.166015625;122.9458999633789;25159.96484375;39.177059173583984;280.7957763671875;-7.033782005310059;;1.19921875;70383725;m2;190103;0;
..\..\world\kalimdor\stonetalon\passivedoodads\treestumps\stonetreestump01.m2;20480.279296875;168.8239288330078;25599.125;-4.51725959777832;89.853271484375;3.5744926929473877;;0.75;70383761;m2;202641;0;
..\..\world\azeroth\theblastedlands\passivedoodads\trees\blastedlandsblastedtree01.m2;20405.857421875;166.0631561279297;25432.890625;0;139.5;0;;0.859375;66782964;m2;190486;0;
..\..\world\azeroth\redridge\passivedoodads\rocks\redridgerock03.m2;20510.97265625;168.43960571289062;25499.888671875;-8.29317855834961;140.595703125;-16.050426483154297;;1.08984375;70383595;m2;190103;0;
..\..\world\azeroth\redridge\passivedoodads\stumps\redridgestump02.m2;20352.958984375;165.515625;25383.953125;0;258.0001220703125;0;;1.7294921875;66785695;m2;190108;0;
..\..\world\azeroth\elwynn\passivedoodads\bush\elwynnbush09.m2;20780.97265625;11.369791984558105;25148.8203125;3.5763473510742188;73.51690673828125;20.556068420410156;;1.1796875;70157766;m2;189700;0;
..\..\world\kalimdor\stonetalon\passivedoodads\treestumps\stonetreestump01.m2;20503.357421875;158.0066375732422;25241.8359375;-2.322230100631714;350.01409912109375;-1.5258804559707642;;0.759765625;70383547;m2;202641;0;
..\..\world\azeroth\redridge\passivedoodads\rocks\redridgerock03.m2;20330.640625;154.353759765625;25226.525390625;-8.900174140930176;153.4010009765625;-21.261707305908203;;1.08984375;70383710;m2;190103;0;
..\..\world\kalimdor\stonetalon\passivedoodads\treestumps\stonetreestump01.m2;20360.134765625;159.34800720214844;25165.15625;-1.661315679550171;172.47711181640625;1.5789940357208252;;0.759765625;70383697;m2;202641;0;
..\..\world\azeroth\elwynn\passivedoodads\bush\elwynnbush03.m2;20758.333984375;52.77656555175781;25461.90234375;4.949677467346191;123.54517364501953;22.74721908569336;;0.75;71200070;m2;189694;0;
..\..\world\azeroth\redridge\passivedoodads\rocks\redridgerock03.m2;20648.052734375;122.7400894165039;25151.115234375;-25.546945571899414;182.52359008789062;-14.81408977508545;;1.2998046875;70383887;m2;190103;0;
..\..\world\azeroth\redridge\passivedoodads\rocks\redridgerock03.m2;20312.87890625;145.51495361328125;25323.638671875;17.74406623840332;81.1802978515625;13.160449981689453;;1.2294921875;66781398;m2;190103;0;
..\..\world\azeroth\elwynn\passivedoodads\bush\elwynnbush03.m2;20711.83203125;52.833805084228516;25562.123046875;-6.986990928649902;192.5233917236328;18.49945068359375;;0.759765625;71199718;m2;189694;0;
..\..\world\azeroth\redridge\passivedoodads\rocks\redridgerock03.m2;20419.67578125;161.23304748535156;25160.0625;1.1320282220840454;117.03677368164062;3.4970719814300537;;1.169921875;70383705;m2;190103;0;
..\..\world\generic\dwarf\passivedoodads\excavationtents\excavationtent01.m2;20445.142578125;165.48245239257812;25145.515625;0;208.00001525878906;0;;1;70383983;m2;197388;0;
..\..\world\azeroth\redridge\passivedoodads\rocks\redridgerock03.m2;20719.7265625;123.08841705322266;25169.8125;14.108543395996094;283.98626708984375;14.64832592010498;;1.19921875;70383528;m2;190103;0;
..\..\world\generic\dwarf\passivedoodads\excavationtentpavillionruined\excavationtentpavillionruined01.m2;20263.70703125;164.53945922851562;25199.61328125;-2.9777960777282715;269.9742126464844;-3.4201173782348633;;1;71199908;m2;197385;0;
..\..\world\azeroth\elwynn\passivedoodads\bush\elwynnbush03.m2;20778.978515625;47.12489318847656;25470.9609375;1.0134096145629883;311.0964050292969;-9.201608657836914;;0.75;71199586;m2;189694;0;
..\..\world\azeroth\redridge\passivedoodads\rocks\redridgerock02.m2;20718.791015625;123.98966217041016;25170.46484375;-54.17376708984375;12.9212646484375;-35.99560546875;;0.7490234375;70383735;m2;190102;0;
..\..\world\azeroth\redridge\passivedoodads\rocks\redridgerock03.m2;20718.708984375;123.037109375;25164.9453125;20.60691261291504;168.77001953125;-8.04395580291748;;1.19921875;70383648;m2;190103;0;
..\..\world\generic\dwarf\passivedoodads\excavationtents\excavationtentruined01.m2;20439.03515625;165.50173950195312;25149.474609375;0;243;0;;1;70383828;m2;197390;0;
..\..\world\azeroth\theblastedlands\passivedoodads\trees\blastedlandsblastedtree01.m2;20489.44140625;166.18113708496094;25393.55078125;-1.2360622882843018;158.98712158203125;1.1945281028747559;;0.7392578125;70166319;m2;190486;0;
..\..\world\azeroth\theblastedlands\passivedoodads\trees\blastedlandsblastedtree03.m2;20407.42578125;166.1557159423828;25437.1953125;0;168;0;;0.619140625;66785718;m2;190487;0;
..\..\world\azeroth\redridge\passivedoodads\rocks\redridgerock03.m2;20609.51171875;124.32373046875;25164.91015625;-13.598122596740723;338.14996337890625;-10.64134693145752;;0.9892578125;70383778;m2;190103;0;
..\..\world\azeroth\redridge\passivedoodads\bush\redridgebush02.m2;20486.509765625;160.02951049804688;25275.634765625;0.3285794258117676;227.49928283691406;-1.2383233308792114;;1;70383557;m2;190081;0;
..\..\world\azeroth\elwynn\passivedoodads\bush\elwynnbush07.m2;20711.66015625;53.730552673339844;25569.859375;-0.5136699676513672;33.1490478515625;-23.548131942749023;;1;71199531;m2;189698;0;
..\..\world\azeroth\redridge\passivedoodads\stumps\redridgestump02.m2;20299.162109375;162.078125;25362.89453125;0;83.00006103515625;0;;1.5390625;66786011;m2;190108;0;
..\..\world\kalimdor\stonetalon\passivedoodads\treestumps\stonetreestump01.m2;20656.83203125;127.55359649658203;25176.39453125;0;100.5;0;;0.6591796875;70383683;m2;202641;0;
..\..\world\azeroth\redridge\passivedoodads\stumps\redridgestump02.m2;20337.607421875;170.3559112548828;25437.6953125;0;353.50006103515625;0;;1.5390625;66784198;m2;190108;0;
..\..\world\azeroth\redridge\passivedoodads\bush\redridgebush02.m2;20561.4609375;161.37673950195312;25246.638671875;0;143.5;0;;1;70383522;m2;190081;0;
..\..\world\azeroth\elwynn\passivedoodads\cliffrocks\elwynncliffrock02.m2;20727.3046875;48.072391510009766;25576.578125;5.562472820281982;168.59136962890625;10.408652305603027;;0.349609375;71199657;m2;189716;0;
..\..\world\azeroth\redridge\passivedoodads\bush\redridgebush01.m2;20503.44140625;157.8072967529297;25231.70703125;15.78272533416748;139.31378173828125;4.191004276275635;;1;70383639;m2;190080;0;
..\..\world\generic\orc\passivedoodads\orcfence\orcfence.m2;20353.3984375;161.845458984375;25098.0234375;-7.069637775421143;282.7444763183594;-5.351431369781494;;1.0791015625;70166439;m2;199209;0;
..\..\world\generic\orc\passivedoodads\orcfence\orcfence.m2;20352.4140625;161.32167053222656;25103.828125;-14.35863208770752;237.65701293945312;-7.229114055633545;;1;70166230;m2;199209;0;
..\..\world\generic\dwarf\passivedoodads\excavationtents\excavationtentruined02.m2;20455.150390625;165.57786560058594;25127.40625;0;268.5;0;;1.2197265625;70383663;m2;197391;0;
..\..\world\azeroth\redridge\passivedoodads\bush\redridgebush02.m2;20630.7890625;134.75608825683594;25116.255859375;0;330;0;;1;71200074;m2;190081;0;
..\..\world\kalimdor\stonetalon\passivedoodads\treestumps\stonetreestump02.m2;20605;134.9846954345703;25193.94140625;-3.4164037704467773;51.204742431640625;8.168710708618164;;0.2890625;70383680;m2;202642;0;
..\..\world\kalimdor\stonetalon\passivedoodads\treestumps\stonetreestump02.m2;20556.865234375;130.8078155517578;25131.27734375;-3.416404962539673;210.20474243164062;8.16871166229248;;0.2890625;71200029;m2;202642;0;
..\..\world\generic\orc\passivedoodads\orcfence\orcfence.m2;20370.513671875;162.33749389648438;25087.12890625;-11.190991401672363;187.3016357421875;3.0371055603027344;;1.0791015625;70166377;m2;199209;0;
..\..\world\kalimdor\durotar\passivedoodads\bushes\durotarbush02.m2;20560.447265625;131.3574981689453;25125.49609375;7.121360778808594;109.32650756835938;6.951463222503662;;1.25;71199682;m2;201769;0;
..\..\world\azeroth\redridge\passivedoodads\bush\redridgebush01.m2;20701.576171875;125.49745178222656;25069.818359375;22.368003845214844;61.722076416015625;-9.04969310760498;;1;71199577;m2;190080;0;
..\..\world\azeroth\redridge\passivedoodads\bush\redridgebush01.m2;20459.974609375;166.143310546875;25121.41796875;10.926684379577637;321.9910888671875;1.4288277626037598;;1;70383570;m2;190080;0;
..\..\world\azeroth\redridge\passivedoodads\bush\redridgebush01.m2;20598.380859375;183.0751495361328;25285.513671875;30.51971435546875;194.50735473632812;-20.815589904785156;;1;70383913;m2;190080;0;
..\..\world\azeroth\redridge\passivedoodads\bush\redridgebush01.m2;20570.017578125;175.32986450195312;25497.953125;11.589850425720215;298.6400146484375;-8.717330932617188;;1;70383840;m2;190080;0;
..\..\world\kalimdor\stonetalon\passivedoodads\treestumps\stonetreestump01.m2;20560.302734375;177.4489288330078;25585.294921875;0;46.5;0;;0.6298828125;70383507;m2;202641;0;
..\..\world\kalimdor\stonetalon\passivedoodads\treestumps\stonetreestump01.m2;20497.1640625;151.94252014160156;25208.873046875;0;70.5;0;;0.619140625;70383922;m2;202641;0;
..\..\world\azeroth\redridge\passivedoodads\bush\redridgebush03.m2;20526.333984375;180.1039581298828;25331.6875;4.7066731452941895;138.90625;0.5730019807815552;;1.419921875;70383826;m2;190082;0;
..\..\world\generic\orc\passivedoodads\burntoutposts\burntoutpost05.m2;20279.158203125;182.1228790283203;25077.06640625;4.385422706604004;202.29611206054688;-37.568572998046875;;1;66781079;m2;199148;0;
..\..\world\azeroth\redridge\passivedoodads\bush\redridgebush01.m2;20373.546875;159.24131774902344;25156.62109375;0;221.99998474121094;0;;1;70383870;m2;190080;0;
..\..\world\generic\orc\passivedoodads\burntoutposts\burntoutpost05.m2;20312.41015625;169.53009033203125;25072.01953125;1.2738007307052612;165.07769775390625;-32.33148956298828;;1;66783478;m2;199148;0;
..\..\world\azeroth\redridge\passivedoodads\bush\redridgebush01.m2;20489.283203125;166.7103271484375;25389.794921875;11.432464599609375;290.4411315917969;2.345341920852661;;1;70383630;m2;190080;0;
..\..\world\kalimdor\stonetalon\passivedoodads\treestumps\stonetreestump01.m2;20623.5625;133.5875244140625;25120.78125;-5.772675514221191;148.63385009765625;-2.597905397415161;;0.5595703125;71199613;m2;202641;0;
..\..\world\azeroth\redridge\passivedoodads\bush\redridgebush02.m2;20607.45703125;191.9943084716797;25471.791015625;6.626697063446045;22.16632080078125;4.1095404624938965;;0.869140625;70383783;m2;190081;0;
..\..\world\generic\orc\passivedoodads\orcfence\orcfence.m2;20364.78515625;162.76380920410156;25085.73046875;-11.339547157287598;141.54937744140625;1.7395919561386108;;1;70166438;m2;199209;0;
..\..\world\azeroth\redridge\passivedoodads\rocks\redridgerock03.m2;20427.16015625;147.53480529785156;25221.2578125;-9.928221702575684;321.396240234375;-18.32177734375;;0.8037109375;70383802;m2;190103;0;
..\..\world\khazmodan\wetlands\passivedoodads\dragonbones\dragonbonesbody.m2;20601.12890625;130.43540954589844;25124.8671875;6.183422088623047;287.50323486328125;-3.9186391830444336;;0.3798828125;70383618;m2;203501;0;
..\..\world\azeroth\redridge\passivedoodads\stumps\redridgestump02.m2;20292.599609375;165.94444274902344;25393.01953125;5.522739410400391;63.7708740234375;9.548800468444824;;1.083984375;66783936;m2;190108;0;
..\..\world\azeroth\redridge\passivedoodads\bush\redridgebush03.m2;20368.556640625;166.8090362548828;25419.3515625;0;322;0;;1.3896484375;70383649;m2;190082;0;
..\..\world\azeroth\elwynn\passivedoodads\bush\elwynnbush03.m2;20761.947265625;45.570655822753906;25517.2578125;0.551758885383606;198.16134643554688;3.7255101203918457;;0.58984375;71199776;m2;189694;0;
..\..\world\kalimdor\stonetalon\passivedoodads\treestumps\stonetreestump04.m2;20386.169921875;163.5292205810547;25068.697265625;10.272735595703125;121.76239013671875;2.3415634632110596;;0.76953125;66786029;m2;202644;0;
..\..\world\azeroth\redridge\passivedoodads\rocks\redridgerock03.m2;20694.408203125;123.55941009521484;25153.36328125;-11.552362442016602;177.16796875;-18.84922981262207;;0.9892578125;70383984;m2;190103;0;
..\..\world\lordaeron\alteracmountains\passivedoodads\bushes\alteracshrub02.m2;20785.2421875;48.748355865478516;25435.701171875;-2.6804075241088867;329.9908447265625;-15.337420463562012;;1;71199535;m2;203596;0;
..\..\world\azeroth\redridge\passivedoodads\rocks\redridgerock03.m2;20516.611328125;145.89364624023438;25169.623046875;-61.329349517822266;158.203125;-0.017519496381282806;;0.869140625;71576231;m2;190103;0;
..\..\world\azeroth\redridge\passivedoodads\bush\redridgebush01.m2;20512.6796875;173.1302032470703;25591.0859375;0.465474933385849;17.82501220703125;5.954413414001465;;1;70383891;m2;190080;0;
..\..\world\azeroth\redridge\passivedoodads\rocks\redridgerock03.m2;20522.248046875;169.74795532226562;25547.953125;-5.303059101104736;132.64178466796875;-6.663433074951172;;0.8037109375;70383916;m2;190103;0;
..\..\world\kalimdor\durotar\passivedoodads\bushes\durotarbush02.m2;20657.369140625;129.2659454345703;25185.94140625;0.5926656723022461;326.75048828125;9.119806289672852;;1.01953125;70383571;m2;201769;0;
..\..\world\kalimdor\durotar\passivedoodads\bushes\durotarbush02.m2;20606.169921875;136.56529235839844;25197.98828125;-2.5747337341308594;56.395416259765625;-10.406702041625977;;1;70383961;m2;201769;0;
..\..\world\azeroth\elwynn\passivedoodads\bush\elwynnbush03.m2;20762.537109375;41.02179718017578;25571.841796875;9.160188674926758;61.902099609375;-4.969986438751221;;0.5693359375;71200103;m2;189694;0;
..\..\world\kalimdor\stonetalon\passivedoodads\treestumps\stonetreestump01.m2;20563.466796875;176.50828552246094;25458.03515625;0;174;0;;0.5595703125;70383980;m2;202641;0;
..\..\world\azeroth\redridge\passivedoodads\rocks\redridgerock03.m2;20438.31640625;162.02369689941406;25074.19140625;4.339731693267822;76.006591796875;-21.329376220703125;;0.849609375;70383609;m2;190103;0;
..\..\world\kalimdor\stonetalon\passivedoodads\trees\stonetreelog02.m2;20717.455078125;125.30299377441406;25162.0703125;73.67559814453125;95.3614501953125;-71.40415954589844;;0.3291015625;70383975;m2;202634;0;
..\..\world\azeroth\redridge\passivedoodads\rocks\redridgerock03.m2;20461.912109375;162.37115478515625;25347.181640625;-10.512624740600586;247.1140594482422;-13.734689712524414;;0.8037109375;70383768;m2;190103;0;
..\..\world\azeroth\redridge\passivedoodads\rocks\redridgerock03.m2;20364.724609375;147.55531311035156;25307.21875;4.437254428863525;205.80250549316406;-11.281517028808594;;0.8037109375;70383847;m2;190103;0;
..\..\world\azeroth\redridge\passivedoodads\bush\redridgebush01.m2;20367.02734375;158.61663818359375;25222.66015625;-12.330960273742676;171.6502685546875;-12.350123405456543;;1;70383564;m2;190080;0;
..\..\world\kalimdor\durotar\passivedoodads\bushes\durotarbush02.m2;20576.19921875;177.2152862548828;25543.7109375;8.550434112548828;299.5908508300781;0.8701557517051697;;1;70383520;m2;201769;0;
..\..\world\azeroth\redridge\passivedoodads\rocks\redridgerock02.m2;20419.099609375;162.92945861816406;25163.12109375;1.6777445077896118;109.38540649414062;-19.380321502685547;;0.51953125;70383508;m2;190102;0;
..\..\world\kalimdor\durotar\passivedoodads\bushes\durotarbush02.m2;20451.0546875;162.42881774902344;25375.2890625;-2.622690200805664;63.186981201171875;11.871983528137207;;1;70383864;m2;201769;0;
..\..\world\lordaeron\alteracmountains\passivedoodads\bushes\alteracshrub02.m2;20704.673828125;58.40625;25547.80078125;13.032432556152344;111.3580322265625;20.93865203857422;;1;71199823;m2;203596;0;
..\..\world\kalimdor\stonetalon\passivedoodads\treestumps\stonetreestump02.m2;20290.25390625;159.3039093017578;25292.6796875;2.3281681537628174;175.50823974609375;5.60572624206543;;0.25;71199633;m2;202642;0;
..\..\world\azeroth\redridge\passivedoodads\rocks\redridgerock03.m2;20419.7421875;162.30039978027344;25163.7265625;-3.4352097511291504;50.889739990234375;91.3515396118164;;0.9091796875;70383612;m2;190103;0;
..\..\world\azeroth\redridge\passivedoodads\stumps\redridgestump02.m2;20348.517578125;165.65625;25379.947265625;0;139.00006103515625;0;;1;66785997;m2;190108;0;
..\..\world\azeroth\redridge\passivedoodads\bush\redridgebush01.m2;20286.369140625;159.0364532470703;25294.72265625;14.69823932647705;325.55029296875;6.291595458984375;;0.8291015625;71200163;m2;190080;0;
..\..\world\azeroth\redridge\passivedoodads\rocks\redridgerock03.m2;20409.837890625;147.0128936767578;25268.6015625;-4.603995323181152;181.36285400390625;3.414154529571533;;1.0595703125;70367623;m2;190103;0;
..\..\world\kalimdor\stonetalon\passivedoodads\treestumps\stonetreestump04.m2;20293.3671875;161.11631774902344;25123.87890625;0;292.5;0;;0.7890625;66781781;m2;202644;0;
..\..\world\kalimdor\stonetalon\passivedoodads\trees\stonetreelog02.m2;20715.66015625;125.30299377441406;25159.724609375;-27.05804443359375;18.921295166015625;-153.58058166503906;;0.3291015625;70383786;m2;202634;0;
..\..\world\azeroth\redridge\passivedoodads\bush\redridgebush02.m2;20580.541015625;176.99266052246094;25536.3125;-8.277737617492676;57.42218017578125;7.972629547119141;;0.7197265625;70383521;m2;190081;0;
..\..\world\azeroth\elwynn\passivedoodads\trees\stumps\elwynntreestump02.m2;20778.92578125;47.37673568725586;25475.228515625;-1.6734342575073242;15.53472900390625;3.7016804218292236;;1.0693359375;66804824;m2;189940;0;
..\..\world\azeroth\redridge\passivedoodads\rocks\redridgerock03.m2;20767.353515625;5.837667465209961;25159.333984375;-4.477027893066406;241.26031494140625;160.8765869140625;;0.7294921875;70383555;m2;190103;0;
..\..\world\azeroth\redridge\passivedoodads\bush\redridgebush02.m2;20480.150390625;170.02841186523438;25530.9453125;-6.616580009460449;356.1190185546875;-1.9591518640518188;;0.8798828125;70383918;m2;190081;0;
..\..\world\azeroth\elwynn\passivedoodads\bush\elwynnbush07.m2;20773.01953125;44.60701370239258;25510.0703125;-5.5384931564331055;328.8175964355469;-14.326193809509277;;0.7890625;71199835;m2;189698;0;
..\..\world\azeroth\redridge\passivedoodads\bush\redridgebush02.m2;20465.763671875;168.68931579589844;25528.15234375;0;148.68222045898438;0;;0.7890625;70166422;m2;190081;0;
..\..\world\azeroth\redridge\passivedoodads\rocks\redridgerock03.m2;20287.400390625;157.3584747314453;25291.072265625;8.871818542480469;287.9871520996094;8.272566795349121;;0.8037109375;71199914;m2;190103;0;
..\..\world\kalimdor\durotar\passivedoodads\bushes\durotarbush02.m2;20652.19921875;137.4353485107422;25095.80078125;0;152;0;;1;71199815;m2;201769;0;
..\..\world\azeroth\elwynn\passivedoodads\trees\stumps\elwynntreestump02.m2;20797.8203125;45.1944465637207;25468.87109375;-3.744548797607422;42.8785400390625;-6.482756614685059;;0.8994140625;66804558;m2;189940;0;
..\..\world\kalimdor\stonetalon\passivedoodads\treestumps\stonetreestump04.m2;20427.6640625;165.45416259765625;25155.13671875;0;89;0;;0.9091796875;70383741;m2;202644;0;
..\..\world\generic\orc\passivedoodads\burntoutposts\burntoutpost05.m2;20265.564453125;182.88502502441406;25097.05078125;-2.7189717292785645;105.47869873046875;0.9026951193809509;;1;66784826;m2;199148;0;
..\..\world\azeroth\redridge\passivedoodads\rocks\redridgerock03.m2;20425.12890625;167.8180389404297;25487.404296875;4.610194683074951;197.64727783203125;-2.4278931617736816;;0.8037109375;70383544;m2;190103;0;
..\..\world\azeroth\redridge\passivedoodads\rocks\redridgerock03.m2;20520.111328125;167.378173828125;25445.8359375;1.8727201223373413;109.01431274414062;-13.852173805236816;;0.7392578125;70383625;m2;190103;0;
..\..\world\azeroth\redridge\passivedoodads\bush\redridgebush02.m2;20323.271484375;161.5684814453125;25356.1328125;0;154.5;0;;0.759765625;70383694;m2;190081;0;
..\..\world\azeroth\redridge\passivedoodads\bush\redridgebush02.m2;20385.39453125;180.2572784423828;25598.2421875;0;283;0;;0.8193359375;70383750;m2;190081;0;
..\..\world\azeroth\elwynn\passivedoodads\trees\stumps\elwynntreestump02.m2;20764.765625;40.87673568725586;25565.8359375;0.9158053398132324;116.62420654296875;8.580527305603027;;0.8994140625;66804650;m2;189940;0;
..\..\world\azeroth\redridge\passivedoodads\bush\redridgebush01.m2;20517.9921875;169.00868225097656;25448.77734375;-0.770967423915863;266.3125;6.421014785766602;;1;70383610;m2;190080;0;
..\..\world\expansion03\doodads\uldum\tombstones\uldum_tomb_dirt_02.m2;20505.6875;166.79884338378906;25140.771484375;-1.8651652336120605;276.00347900390625;-0.43168509006500244;;2.1005859375;70383982;m2;406135;0;
..\..\world\azeroth\swamposorrow\passivedoodads\plants\swampplant04.m2;20754.5625;4.956929683685303;25150.06640625;11.862643241882324;312.7557373046875;-7.42261266708374;;1.1318359375;70156792;m2;190378;0;
..\..\world\azeroth\redridge\passivedoodads\bush\redridgebush02.m2;20288.6640625;159.06423950195312;25295.3046875;0;289;0;;0.76953125;71199566;m2;190081;0;
..\..\world\critter\butterflies\butterflywhite01.m2;20333.787109375;157.6935577392578;25230.765625;0;48;0;;1;70383909;m2;190727;0;
..\..\world\critter\butterflies\butterflywhite01.m2;20464.189453125;169.00148010253906;25524.17578125;0;48.5;0;;1;70383513;m2;190727;0;
..\..\world\critter\butterflies\butterflywhite01.m2;20377.458984375;171.00596618652344;25470.19140625;0;41.5;0;;1;70383645;m2;190727;0;
..\..\world\critter\butterflies\butterflywhite01.m2;20580.009765625;177.35043334960938;25532.4765625;0;139;0;;1;70383558;m2;190727;0;
..\..\world\critter\butterflies\butterflywhite01.m2;20339.56640625;159.0511016845703;25252.755859375;0;310;0;;1;70383586;m2;190727;0;
..\..\world\critter\butterflies\butterflywhite01.m2;20411.89453125;151.9551239013672;25262.48828125;0;52;0;;1;70383819;m2;190727;0;
..\..\world\critter\butterflies\butterflywhite01.m2;20500.69921875;165.38084411621094;25311.279296875;0;52;0;;1;70383955;m2;190727;0;
..\..\world\critter\butterflies\butterflywhite01.m2;20484.673828125;162.59344482421875;25274;0;52.5;0;;1;70383530;m2;190727;0;
..\..\world\critter\butterflies\butterflywhite01.m2;20491.447265625;153.0891876220703;25202.365234375;0;127;0;;1;70383578;m2;190727;0;
..\..\world\azeroth\redridge\passivedoodads\rocks\redridgerock03.m2;20745.53515625;4.53955078125;25158.92578125;-0.8129021525382996;240.60635375976562;179.19761657714844;;0.7294921875;70383825;m2;190103;0;
..\..\world\critter\butterflies\butterflywhite01.m2;20575.876953125;178.75840759277344;25539.70703125;0;324.5;0;;1;70383518;m2;190727;0;
..\..\world\kalimdor\durotar\passivedoodads\bushes\durotarbush02.m2;20482.5390625;169.01670837402344;25596.556640625;8.618824005126953;291.9366149902344;-12.695262908935547;;0.859375;70383534;m2;201769;0;
..\..\world\critter\butterflies\butterflywhite01.m2;20514.77734375;171.6005859375;25447.2890625;0;304.5;0;;1;70383700;m2;190727;0;
..\..\world\critter\butterflies\butterflywhite01.m2;20321.9921875;163.97512817382812;25356.0859375;0;325.5;0;;1;70383876;m2;190727;0;
..\..\world\azeroth\redridge\passivedoodads\bush\redridgebush02.m2;20427.2578125;168.32041931152344;25567.73046875;0;259.5;0;;0.8095703125;70383771;m2;190081;0;
..\..\world\kalimdor\durotar\passivedoodads\bushes\durotarbush02.m2;20597.662109375;133.18814086914062;25099.42578125;-5.570780277252197;101.1077880859375;9.104369163513184;;0.9697265625;71199539;m2;201769;0;
..\..\world\critter\butterflies\butterflywhite01.m2;20494.796875;154.24205017089844;25204.833984375;0;58;0;;1;70383593;m2;190727;0;
..\..\models\unknown\unk_exp00_7789530\7789530.m2;20446.798828125;164.4263458251953;25076.349609375;0;196.00003051757812;0;;1;70383747;m2;7789530;0;
..\..\models\unknown\unk_exp00_7789530\7789530.m2;20416.431640625;162.75697326660156;25159.1328125;0;304;0;;1;70383784;m2;7789530;0;
..\..\world\azeroth\elwynn\passivedoodads\trees\stumps\elwynntreestump02.m2;20764.9609375;38.947879791259766;25587.0390625;5.7150397300720215;84.22613525390625;2.795954942703247;;1.0693359375;66804825;m2;189940;0;
..\..\world\expansion03\doodads\uldum\tombstones\uldum_tomb_dirt_02.m2;20504.234375;166.7355194091797;25136.6640625;-1.8652292490005493;296.00347900390625;-0.4317282438278198;;1.9091796875;70383781;m2;406135;0;
..\..\world\azeroth\swamposorrow\passivedoodads\plants\swampplant04.m2;20751.78515625;5.048611164093018;25150.421875;0;239.72747802734375;0;;1.322265625;70158178;m2;190378;0;
..\..\world\azeroth\swamposorrow\passivedoodads\plants\swampplant04.m2;20791.986328125;4.730902671813965;25170.0703125;0;349.22747802734375;0;;1.322265625;69547961;m2;190378;0;
..\..\world\azeroth\swamposorrow\passivedoodads\plants\swampplant04.m2;20750.201171875;4.31655216217041;25168.9765625;0;157.7275390625;0;;1.322265625;69547992;m2;190378;0;
..\..\world\azeroth\swamposorrow\passivedoodads\plants\swampplant04.m2;20748.650390625;4.092013835906982;25153.21875;0;205.22750854492188;0;;1.322265625;70158030;m2;190378;0;
..\..\world\azeroth\redridge\passivedoodads\bush\redridgebush03.m2;20478.01953125;158.37673950195312;25277.244140625;6.504339218139648;226.50677490234375;-7.355715751647949;;1;70383889;m2;190082;0;
..\..\world\azeroth\redridge\passivedoodads\bush\redridgebush01.m2;20502.310546875;164.16493225097656;25310.50390625;-1.586301565170288;307.335205078125;10.832159996032715;;0.7099609375;70383524;m2;190080;0;
..\..\world\critter\butterflies\butterflywhite01.m2;20324.408203125;164.05209350585938;25366.14453125;0;25.5;0;;1;70383867;m2;190727;0;
..\..\world\azeroth\redridge\passivedoodads\bush\redridgebush02.m2;20490.9140625;166.98472595214844;25379.435546875;-3.9248857498168945;204.58119201660156;-2.3693950176239014;;0.669921875;70383527;m2;190081;0;
..\..\world\azeroth\swamposorrow\passivedoodads\plants\swampplant04.m2;20742.716796875;4.14756965637207;25153.32421875;-2.227545738220215;305.935302734375;-10.65856647491455;;1.1318359375;70157075;m2;190378;0;
..\..\world\critter\butterflies\butterflywhite01.m2;20502.48828125;168.2472686767578;25145.68359375;0;337.5;0;;1;70383789;m2;190727;0;
..\..\world\azeroth\redridge\passivedoodads\bush\redridgebush01.m2;20659.255859375;136.1149444580078;25089.74609375;1.6584709882736206;339.44091796875;-0.05764207988977432;;0.7890625;71199896;m2;190080;0;
..\..\world\critter\butterflies\butterflywhite01.m2;20356.849609375;170.808349609375;25425.701171875;0;22;0;;1;70383688;m2;190727;0;
..\..\world\azeroth\swamposorrow\passivedoodads\plants\swampplant04.m2;20744.66796875;4.59320592880249;25150.712890625;-0.5599439740180969;299.9012451171875;-11.904576301574707;;1.1318359375;70157642;m2;190378;0;
..\..\world\lordaeron\alteracmountains\passivedoodads\bushes\alteracshrub02.m2;20794.185546875;50.83888626098633;25414.232421875;-4.510259628295898;270.6650390625;-14.926600456237793;;1;71199827;m2;203596;0;
..\..\world\critter\butterflies\butterflywhite01.m2;20505.955078125;169.2145233154297;25449.951171875;0;340.5;0;;1;70383580;m2;190727;0;
..\..\world\critter\butterflies\butterflywhite01.m2;20407.16796875;151.76937866210938;25270.41015625;0;199;0;;1;70383572;m2;190727;0;
..\..\world\expansion03\doodads\uldum\tombstones\uldum_tomb_dirt_02.m2;20504.994140625;166.68768310546875;25144.962890625;-1.8561961650848389;252.1020965576172;-2.4982573986053467;;1.814453125;70383659;m2;406135;0;
..\..\world\critter\butterflies\butterflywhite01.m2;20506.453125;168.52268981933594;25138.16015625;0;288.5;0;;1;70383751;m2;190727;0;
..\..\world\azeroth\redridge\passivedoodads\stumps\redridgestump02.m2;20303.23046875;162.01388549804688;25366.119140625;0;324;0;;0.8095703125;66785234;m2;190108;0;
..\..\world\azeroth\redridge\passivedoodads\stumps\redridgestump02.m2;20334.419921875;170.72743225097656;25441.7890625;0;234.49996948242188;0;;0.8095703125;66785307;m2;190108;0;
..\..\world\azeroth\redridge\passivedoodads\bush\redridgebush03.m2;20566.115234375;177.05841064453125;25576.875;3.7581963539123535;324.04595947265625;1.401623249053955;;1;70383987;m2;190082;0;
..\..\world\kalimdor\durotar\passivedoodads\bushes\durotarbush02.m2;20558.79296875;177.21180725097656;25586.42578125;-9.485291481018066;326.782470703125;3.590322732925415;;0.76953125;70383988;m2;201769;0;
..\..\world\azeroth\redridge\passivedoodads\rocks\redridgerock03.m2;20415.39453125;160.6508026123047;25163.171875;10.111998558044434;37.63800048828125;15.205812454223633;;0.599609375;70383744;m2;190103;0;
..\..\world\azeroth\redridge\passivedoodads\bush\redridgebush03.m2;20625.033203125;133.56597900390625;25122.107421875;0.484525203704834;209.0764617919922;-5.621121406555176;;1;71199886;m2;190082;0;
..\..\world\generic\orc\passivedoodads\orcfence\orcfencepost.m2;20374.0703125;162.6246795654297;25086.48828125;-6.97755765914917;227.34645080566406;2.6690280437469482;;1;70166245;m2;199210;0;
..\..\world\azeroth\elwynn\passivedoodads\trees\stumps\elwynntreestump02.m2;20780.986328125;44.38547134399414;25504.0390625;15.570565223693848;8.74981689453125;-0.5691781044006348;;0.8994140625;66804645;m2;189940;0;
..\..\world\critter\butterflies\butterflywhite01.m2;20406.91015625;151.56727600097656;25264.962890625;0;344.5;0;;1;70383919;m2;190727;0;
..\..\world\azeroth\elwynn\passivedoodads\battlegladewoodspikes\battlegladewoodspikes.m2;20296.265625;163.498779296875;25157.328125;32.47021484375;136.554443359375;16.278453826904297;;1.76953125;71200047;m2;189690;0;
..\..\world\azeroth\redridge\passivedoodads\bush\redridgebush03.m2;20547.494140625;137.171875;25125.53125;-2.6411945819854736;189.86500549316406;6.966844081878662;;1.08984375;71199695;m2;190082;0;
..\..\world\azeroth\redridge\passivedoodads\bush\redridgebush03.m2;20494.947265625;152.40625;25206.3125;0;311;0;;1;70383574;m2;190082;0;
..\..\world\azeroth\redridge\passivedoodads\bush\redridgebush03.m2;20425.7578125;169.59266662597656;25553.072265625;0;321.5;0;;1;70383582;m2;190082;0;
..\..\world\kalimdor\durotar\passivedoodads\bushes\durotarbush02.m2;20453.576171875;165.75485229492188;25121.619140625;3.1752138137817383;302.0694885253906;6.771101474761963;;0.76953125;70383792;m2;201769;0;
..\..\world\azeroth\redridge\passivedoodads\bush\redridgebush03.m2;20607.115234375;191.01736450195312;25478.841796875;0;186;0;;1.2294921875;70383719;m2;190082;0;
..\..\world\azeroth\redridge\passivedoodads\rocks\redridgerock03.m2;20385.51953125;146.564697265625;25254.931640625;-4.739266395568848;175.94482421875;-11.880229949951172;;0.7392578125;70367621;m2;190103;0;
..\..\world\azeroth\elwynn\passivedoodads\bush\elwynnbush07.m2;20786.154296875;46.34736633300781;25467.541015625;5.193746566772461;6.357147216796875;-7.525001525878906;;0.779296875;71199629;m2;189698;0;
..\..\world\azeroth\redridge\passivedoodads\bush\redridgebush02.m2;20659.064453125;127.5625;25175.88671875;0;12.5;0;;0.7099609375;70383623;m2;190081;0;
..\..\world\azeroth\redridge\passivedoodads\bush\redridgebush01.m2;20513.12890625;169.9479217529297;25503.66015625;-3.5892486572265625;136.98724365234375;0.4988027513027191;;0.669921875;70383986;m2;190080;0;
..\..\world\azeroth\theblastedlands\passivedoodads\bones\blastedlandsblastedmule.m2;20300.73046875;175.25685119628906;25459.75;-7.848982810974121;356.5966491699219;15.429680824279785;;0.859375;69427825;m2;190435;0;
..\..\world\azeroth\redridge\passivedoodads\rocks\redridgerock03.m2;20421.61328125;167.7896270751953;25485.419921875;-17.721351623535156;319.59027099609375;-8.98479175567627;;0.5654296875;70383620;m2;190103;0;
..\..\world\critter\butterflies\butterflywhite01.m2;20377.16015625;169.711669921875;25472.150390625;0;283;0;;1;70383795;m2;190727;0;
..\..\world\azeroth\redridge\passivedoodads\bush\redridgebush01.m2;20333.39453125;156.56687927246094;25229.712890625;-4.538098335266113;149.37570190429688;-4.614893436431885;;0.669921875;70383910;m2;190080;0;
..\..\world\azeroth\redridge\passivedoodads\bush\redridgebush02.m2;20320.01171875;159.02267456054688;25298.759765625;0;357.5;0;;0.779296875;70383877;m2;190081;0;
..\..\world\azeroth\redridge\passivedoodads\bush\redridgebush02.m2;20505.421875;166.3559112548828;25147.857421875;1.0756622552871704;354.5065612792969;0.6959824562072754;;0.7392578125;70383971;m2;190081;0;
..\..\world\azeroth\redridge\passivedoodads\bush\redridgebush03.m2;20376.6015625;159.51284790039062;25218.505859375;2.2194371223449707;330.9927673339844;-0.809423565864563;;1;70383782;m2;190082;0;
..\..\world\azeroth\redridge\passivedoodads\stumps\redridgestump02.m2;20355.291015625;165.1145782470703;25389.794921875;5.522740840911865;95.7708740234375;9.548800468444824;;0.9140625;66782269;m2;190108;0;
..\..\world\azeroth\redridge\passivedoodads\bush\redridgebush02.m2;20532.552734375;174.9947967529297;25586.74609375;0;94.5;0;;0.75;70383850;m2;190081;0;
..\..\world\kalimdor\durotar\passivedoodads\bushes\durotarbush02.m2;20453.51171875;150.7760467529297;25216.166015625;0;248.99996948242188;0;;0.83984375;70383917;m2;201769;0;
..\..\world\generic\orc\passivedoodads\orcfence\orcfencepost.m2;20352.48046875;162.63856506347656;25094.607421875;1.467018485069275;321.6373291015625;-1.1117802858352661;;1;70166286;m2;199210;0;
..\..\world\critter\butterflies\butterflywhite01.m2;20329.74609375;157.50823974609375;25221.89453125;0;259;0;;1;70383608;m2;190727;0;
..\..\world\critter\butterflies\butterflywhite01.m2;20477.6640625;161.0863494873047;25280.306640625;0;107.50003051757812;0;;0.939453125;70383514;m2;190727;0;
..\..\world\critter\butterflies\butterflywhite01.m2;20502.00390625;167.72760009765625;25135.6875;0;259.5;0;;1;70383727;m2;190727;0;
..\..\world\kalimdor\durotar\passivedoodads\bushes\durotarbush02.m2;20499.34765625;166.99305725097656;25133.71875;0;68.50003051757812;0;;0.8291015625;70383874;m2;201769;0;
..\..\world\kalimdor\durotar\passivedoodads\bushes\durotarbush02.m2;20501.89453125;163.3300323486328;25304.86328125;0;72.00003051757812;0;;0.849609375;70383938;m2;201769;0;
..\..\world\azeroth\duskwood\passivedoodads\fence\duskwoodfencetop.m2;20302.5;154.9307098388672;25230.890625;-21.11408805847168;4.653076171875;5.68176794052124;;1.009765625;70367661;m2;189471;0;
..\..\world\azeroth\swamposorrow\passivedoodads\plants\swampplant04.m2;20796.525390625;4.776041507720947;25170.25;0;48.2275390625;0;;1.1318359375;69548057;m2;190378;0;
..\..\world\azeroth\redridge\passivedoodads\bush\redridgebush01.m2;20426.220703125;165.609375;25151.33203125;0;297.5;0;;0.6796875;70383791;m2;190080;0;
..\..\world\azeroth\elwynn\passivedoodads\battlegladewoodspikes\battlegladewoodspikes.m2;20440.529296875;164.1580810546875;25076.447265625;17.300064086914062;288.61614990234375;15.207551002502441;;1.669921875;70383548;m2;189690;0;
..\..\world\azeroth\swamposorrow\passivedoodads\plants\swampplant04.m2;20750.6640625;4.380208492279053;25152.4140625;0;324.2275390625;0;;1.1318359375;70156942;m2;190378;0;
..\..\world\azeroth\redridge\passivedoodads\rocks\redridgerock03.m2;20740.31640625;5.627363681793213;25159.8984375;-16.419919967651367;308.17327880859375;178.82142639160156;;0.5498046875;70383857;m2;190103;0;
..\..\world\azeroth\swamposorrow\passivedoodads\plants\swampplant04.m2;20748.265625;4.342176914215088;25168.419921875;0;253.22760009765625;0;;1.1318359375;69547858;m2;190378;0;
..\..\world\azeroth\swamposorrow\passivedoodads\plants\swampplant04.m2;20743.703125;4.538828372955322;25166.73828125;0;14.227448463439941;0;;1.1318359375;69547871;m2;190378;0;
..\..\world\azeroth\swamposorrow\passivedoodads\plants\swampplant04.m2;20794.240234375;4.779513835906982;25170.4609375;0;73.7275390625;0;;1.1318359375;69547910;m2;190378;0;
..\..\world\azeroth\redridge\passivedoodads\rocks\redridgerock03.m2;20360.98046875;147.11180114746094;25305.78125;-10.119869232177734;327.3287353515625;-4.356540679931641;;0.5654296875;70383562;m2;190103;0;
..\..\world\azeroth\elwynn\passivedoodads\cliffrocks\elwynncliffrock02.m2;20728.70703125;47.79956817626953;25569.22265625;-3.080249309539795;224.08306884765625;11.748485565185547;;0.1796875;71199764;m2;189716;0;
..\..\world\azeroth\redridge\passivedoodads\bush\redridgebush03.m2;20525.4921875;173.83799743652344;25585.994140625;0;290.5;0;;1;70383706;m2;190082;0;
..\..\world\azeroth\elwynn\passivedoodads\battlegladewoodspikes\battlegladewoodspikes.m2;20296.52734375;163.6155242919922;25155.677734375;25.52153778076172;189.17164611816406;30.51740074157715;;1.5693359375;71200199;m2;189690;0;
..\..\world\azeroth\elwynn\passivedoodads\bush\elwynnbush07.m2;20760.982421875;45.31669235229492;25519.28125;-4.468063831329346;281.6295471191406;-7.6672682762146;;0.69921875;71199717;m2;189698;0;
..\..\world\azeroth\duskwood\passivedoodads\fence\duskwoodfencebottom.m2;20301.4765625;155.16371154785156;25247.833984375;-18.239646911621094;182.69390869140625;-27.254274368286133;;1;70367657;m2;189464;0;
..\..\world\azeroth\elwynn\passivedoodads\battlegladewoodspikes\battlegladewoodspikes.m2;20414.244140625;161.88548278808594;25160.11328125;27.110881805419922;283.1025390625;-38.77771759033203;;1.5693359375;70383584;m2;189690;0;
..\..\world\azeroth\elwynn\passivedoodads\battlegladewoodspikes\battlegladewoodspikes.m2;20415.69921875;162.134521484375;25160.78515625;-21.12708854675293;210.58892822265625;-26.67730712890625;;1.5693359375;70383559;m2;189690;0;
..\..\world\azeroth\elwynn\passivedoodads\battlegladewoodspikes\battlegladewoodspikes.m2;20414.921875;165.6715545654297;25122.0859375;25.354097366333008;225.75857543945312;-0.9162853360176086;;1.76953125;70383736;m2;189690;0;
..\..\world\azeroth\redridge\passivedoodads\bush\redridgebush03.m2;20364.47265625;159.6527862548828;25158.5234375;0;109;0;;1;70383808;m2;190082;0;
..\..\world\lordaeron\alteracmountains\passivedoodads\bushes\alteracshrub02.m2;20704.251953125;57.38368225097656;25554.05078125;2.899946928024292;190.54559326171875;17.001893997192383;;0.76953125;71200060;m2;203596;0;
..\..\world\critter\butterflies\butterflywhite01.m2;20373.939453125;161.4633331298828;25156.5859375;0;7;0;;1;70383758;m2;190727;0;
..\..\world\azeroth\redridge\passivedoodads\rocks\redridgerock03.m2;20683.13671875;133.1094512939453;25188.89453125;-3.0346662998199463;62.29217529296875;-21.887895584106445;;0.5390625;70383852;m2;190103;0;
..\..\world\azeroth\redridge\passivedoodads\bush\redridgebush02.m2;20457.75390625;166.4427032470703;25450.50390625;0;303.5;0;;0.58984375;70383843;m2;190081;0;
..\..\world\kalimdor\stonetalon\passivedoodads\treestumps\stonetreestump04.m2;20449.001953125;163.14752197265625;25385.3046875;3.2142493724823;240.4832000732422;-6.2399396896362305;;0.529296875;70166408;m2;202644;0;
..\..\world\critter\butterflies\butterflywhite01.m2;20458.32421875;166.84420776367188;25449.0546875;0;353.5;0;;1;70383838;m2;190727;0;
..\..\world\azeroth\elwynn\passivedoodads\battlegladewoodspikes\battlegladewoodspikes.m2;20410.259765625;165.47879028320312;25124.5390625;21.820270538330078;293.6801452636719;21.3430233001709;;1.5693359375;70383851;m2;189690;0;
..\..\world\azeroth\redridge\passivedoodads\rocks\redridgerock03.m2;20434.84375;147.7392578125;25227.26171875;12.807977676391602;202.07235717773438;-10.15709400177002;;0.5654296875;70383839;m2;190103;0;
..\..\world\azeroth\elwynn\passivedoodads\battlegladewoodspikes\battlegladewoodspikes.m2;20411.876953125;165.47879028320312;25123.31640625;33.510860443115234;209.89288330078125;-21.54857635498047;;1.5693359375;70383960;m2;189690;0;
..\..\world\azeroth\elwynn\passivedoodads\battlegladewoodspikes\battlegladewoodspikes.m2;20294.65234375;163.65713500976562;25151.7890625;15.946541786193848;200.1171417236328;21.85417366027832;;1.5693359375;71199589;m2;189690;0;
..\..\world\critter\butterflies\butterflywhite01.m2;20499.134765625;167.31341552734375;25145.51953125;0;5.5;0;;1;70383865;m2;190727;0;
..\..\world\azeroth\elwynn\passivedoodads\battlegladewoodspikes\battlegladewoodspikes.m2;20282.599609375;163.86659240722656;25155.6640625;17.38477325439453;254.2318115234375;11.275325775146484;;1.6279296875;71199680;m2;189690;0;
..\..\world\kalimdor\stonetalon\passivedoodads\treestumps\stonetreestump04.m2;20363.326171875;159.55203247070312;25155.83203125;7.15552282333374;100.36221313476562;-5.415888786315918;;0.5595703125;70383667;m2;202644;0;
..\..\world\azeroth\redridge\passivedoodads\rocks\redridgerock03.m2;20369.953125;159.35275268554688;25122.794921875;-8.540919303894043;336.6488342285156;-18.355600357055664;;0.5390625;70383811;m2;190103;0;
..\..\world\azeroth\duskwood\passivedoodads\fence\duskwoodfencetop.m2;20322.78515625;166.81454467773438;25417.53125;8.627917289733887;175.802490234375;-2.847881317138672;;1.009765625;66782576;m2;189471;0;
..\..\world\azeroth\redridge\passivedoodads\rocks\redridgerock03.m2;20292.001953125;158.0575714111328;25294.748046875;2.800773859024048;203.8720703125;10.368684768676758;;0.5654296875;71199567;m2;190103;0;
..\..\world\azeroth\redridge\passivedoodads\rocks\redridgerock03.m2;20398.732421875;147.26683044433594;25241.1328125;-4.739272594451904;33.94482421875;-11.88023853302002;;0.5390625;70367635;m2;190103;0;
..\..\world\azeroth\redridge\passivedoodads\bush\redridgebush02.m2;20342.830078125;157.5310516357422;25254.54296875;0;11.5;0;;0.6396484375;70383942;m2;190081;0;
..\..\world\critter\butterflies\butterflywhite01.m2;20356.6796875;169.45542907714844;25418.42578125;0;94;0;;1;70383915;m2;190727;0;
..\..\world\azeroth\westfall\passivedoodads\westfallfence\westfallfence.m2;20322.69140625;165.25997924804688;25405.044921875;8.354616165161133;185.91476440429688;-0.7445294260978699;;1;66782173;m2;190659;0;
..\..\world\azeroth\elwynn\passivedoodads\battlegladewoodspikes\battlegladewoodspikes.m2;20295.47265625;163.878173828125;25154.16015625;44.28144836425781;122.67050170898438;-5.191080093383789;;1.5693359375;71199651;m2;189690;0;
..\..\world\azeroth\elwynn\passivedoodads\battlegladewoodspikes\battlegladewoodspikes.m2;20413.24609375;165.6715545654297;25122.0625;33.258426666259766;278.38336181640625;13.594932556152344;;1.5693359375;70383837;m2;189690;0;
..\..\world\azeroth\elwynn\passivedoodads\battlegladewoodspikes\battlegladewoodspikes.m2;20446.9453125;163.9024200439453;25073.1953125;-30.703134536743164;3.2781982421875;2.5801150798797607;;1.669921875;70383827;m2;189690;0;
..\..\world\kalimdor\stonetalon\passivedoodads\treestumps\stonetreestump01.m2;20296.65234375;161.3246612548828;25122.4765625;0;328.5;0;;0.369140625;66785261;m2;202641;0;
..\..\world\azeroth\elwynn\passivedoodads\battlegladewoodspikes\battlegladewoodspikes.m2;20443.203125;164.0935821533203;25074.28515625;-25.704395294189453;76.9664306640625;-26.205978393554688;;1.4794921875;70383799;m2;189690;0;
..\..\world\azeroth\westfall\passivedoodads\westfallfence\westfallfence.m2;20323.091796875;166.4763946533203;25413.357421875;6.112959384918213;175.38104248046875;-1.8910716772079468;;1;66785316;m2;190659;0;
..\..\world\azeroth\duskwood\passivedoodads\fence\duskwoodfencebottombroken.m2;20336.75;156.933837890625;25163.791015625;-5.4465813636779785;178.504150390625;29.977598190307617;;1;70367665;m2;189465;0;
..\..\world\azeroth\westfall\passivedoodads\westfallfence\westfallfence.m2;20323.125;165.99908447265625;25409.119140625;6.229915142059326;179.40264892578125;-1.4585586786270142;;1;66783835;m2;190659;0;
..\..\world\azeroth\redridge\passivedoodads\rocks\redridgerock03.m2;20522.541015625;170.02650451660156;25543.9375;-8.796357154846191;255.99024963378906;-15.200247764587402;;0.5654296875;70383689;m2;190103;0;
..\..\world\azeroth\duskwood\passivedoodads\fence\duskwoodfencebottom.m2;20322.62109375;164.65103149414062;25401.01953125;6.287581920623779;181.9169464111328;-1.1844075918197632;;1;66785467;m2;189464;0;
..\..\world\azeroth\elwynn\passivedoodads\battlegladewoodspikes\battlegladewoodspikes.m2;20292.876953125;164.5032501220703;25150.84765625;22.998228073120117;180.8229522705078;9.22281265258789;;1.5693359375;71199596;m2;189690;0;
..\..\world\critter\butterflies\butterflywhite01.m2;20506.8828125;170.00518798828125;25459.748046875;0;87.5;0;;1;70383594;m2;190727;0;
..\..\world\azeroth\duskwood\passivedoodads\fence\duskwoodfencebottom.m2;20333.443359375;155.99851989746094;25176.515625;-6.693789482116699;346.1297607421875;2.646928310394287;;1;70367671;m2;189464;0;
..\..\world\azeroth\elwynn\passivedoodads\battlegladewoodspikes\battlegladewoodspikes.m2;20442.23828125;164.1580810546875;25075.390625;25.76235580444336;266.12542724609375;22.065519332885742;;1.4794921875;70383644;m2;189690;0;
..\..\world\azeroth\redridge\passivedoodads\bush\redridgebush02.m2;20357.90234375;168.3489532470703;25423.51953125;0;195.99996948242188;0;;0.599609375;70383856;m2;190081;0;
..\..\world\critter\butterflies\butterflywhite01.m2;20461.25390625;170.4806671142578;25527.650390625;0;2;0;;1;70383731;m2;190727;0;
..\..\world\azeroth\duskwood\passivedoodads\fence\duskwoodfencetop.m2;20276.390625;181.1503448486328;25490.013671875;-34.42656326293945;313.5013732910156;-7.304698944091797;;1;66784581;m2;189471;0;
..\..\world\azeroth\redridge\passivedoodads\bush\redridgebush03.m2;20608.177734375;135.15625;25192.671875;0;169;0;;1;70383953;m2;190082;0;
..\..\world\azeroth\elwynn\passivedoodads\battlegladewoodspikes\battlegladewoodspikes.m2;20409.365234375;166.15626525878906;25126.41015625;28.361867904663086;273.37493896484375;6.510962009429932;;1.5693359375;70383553;m2;189690;0;
..\..\world\generic\orc\passivedoodads\braziers\mediumbrazier01.m2;20355.75390625;161.457763671875;25101.177734375;0;53;0;;1;70166229;m2;199129;0;
..\..\world\generic\orc\passivedoodads\braziers\mediumbrazier01.m2;20368.45703125;162.14981079101562;25089.712890625;0;9.5;0;;1;70166378;m2;199129;0;
..\..\world\generic\human\passivedoodads\lampposts\duskwoodlamppostbroken.m2;20421.486328125;161.75706481933594;25068.072265625;32.774993896484375;104.61276245117188;-60.75938415527344;;1;70166385;m2;198304;0;
..\..\world\azeroth\redridge\passivedoodads\rocks\redridgerock03.m2;20580.779296875;124.97622680664062;25144.1953125;-1.4434928894042969;151.50454711914062;6.340178966522217;;0.5390625;70383541;m2;190103;0;
..\..\world\azeroth\elwynn\passivedoodads\battlegladewoodspikes\battlegladewoodspikes.m2;20445.556640625;163.96316528320312;25073.373046875;22.97981834411621;250.47994995117188;16.931245803833008;;1.4794921875;70383552;m2;189690;0;
..\..\world\azeroth\redridge\passivedoodads\rocks\redridgerock03.m2;20703.419921875;124.70809173583984;25172.294921875;-2.112215280532837;29.10711669921875;3.4948787689208984;;0.5390625;70383970;m2;190103;0;
..\..\world\azeroth\duskwood\passivedoodads\fence\duskwoodfencebottom.m2;20314.67578125;156.0253143310547;25276.109375;-3.2322287559509277;183.240234375;1.5708240270614624;;1;70367656;m2;189464;0;
..\..\world\lordaeron\alteracmountains\passivedoodads\bushes\alteracshrub02.m2;20794.89453125;45.4657096862793;25469.716796875;8.551681518554688;82.69546508789062;-2.8527591228485107;;0.76953125;71199782;m2;203596;0;
..\..\world\azeroth\redridge\passivedoodads\bush\redridgebush02.m2;20564.365234375;176.5677032470703;25456.47265625;0;7.5;0;;0.6298828125;70383681;m2;190081;0;
..\..\world\azeroth\redridge\passivedoodads\bush\redridgebush01.m2;20407.490234375;150.06463623046875;25266.7734375;3.833272933959961;166.2447509765625;-11.120931625366211;;0.6298828125;70367631;m2;190080;0;
..\..\world\azeroth\westfall\passivedoodads\westfallfence\westfallfence.m2;20314.970703125;157.0628204345703;25284.984375;-1.7710685729980469;2.780517578125;2.3044209480285645;;1;70367651;m2;190659;0;
..\..\world\azeroth\redridge\passivedoodads\rocks\redridgerock03.m2;20458.12109375;162.5817413330078;25348.55078125;-0.08771364390850067;9.531463623046875;-15.766783714294434;;0.5654296875;70383753;m2;190103;0;
..\..\world\azeroth\westfall\passivedoodads\westfallfence\westfallfence.m2;20335.76953125;156.3771514892578;25167.86328125;1.6825542449951172;165.76416015625;1.2075072526931763;;1;70367652;m2;190659;0;
..\..\world\azeroth\elwynn\passivedoodads\battlegladewoodspikes\battlegladewoodspikes.m2;20281.21875;163.54541015625;25156.244140625;19.440961837768555;302.91815185546875;14.779115676879883;;1.4443359375;71200151;m2;189690;0;
..\..\world\kalimdor\stonetalon\passivedoodads\treestumps\stonetreestump04.m2;20428.48046875;165.2055206298828;25152.01953125;2.0656940937042236;24.8603515625;-11.066848754882812;;0.439453125;70383724;m2;202644;0;
..\..\world\azeroth\duskwood\passivedoodads\fence\duskwoodfencebottombroken.m2;20315.2109375;157.7493133544922;25289.16796875;-9.05696964263916;15.48187255859375;30.28975486755371;;1;70367653;m2;189465;0;
..\..\world\azeroth\redridge\passivedoodads\bush\redridgebush03.m2;20290.294921875;159.08680725097656;25296.587890625;-10.688478469848633;211.74266052246094;-9.472919464111328;;0.75;71199898;m2;190082;0;
..\..\world\azeroth\duskwood\passivedoodads\fence\duskwoodfencerail.m2;20300.298828125;155.4539337158203;25251.25;-7.633975505828857;183.70326232910156;120.5904769897461;;1;70367670;m2;189468;0;
..\..\world\kalimdor\stonetalon\passivedoodads\treestumps\stonetreestump04.m2;20659.697265625;127.44618225097656;25174.427734375;0;338;0;;0.5;70383670;m2;202644;0;
..\..\world\azeroth\redridge\passivedoodads\bush\redridgebush02.m2;20290.97265625;158.98785400390625;25290.916015625;0;62;0;;0.51953125;71199702;m2;190081;0;
..\..\world\azeroth\elwynn\passivedoodads\battlegladewoodspikes\battlegladewoodspikes.m2;20277.337890625;162.22467041015625;25203.169921875;-19.056066513061523;175.65283203125;33.11457061767578;;1.349609375;71199960;m2;189690;0;
..\..\world\generic\darkirondwarf\passivedoodads\woodplanks\darkironwoodplanks06.m2;20456.259765625;165.6656036376953;25128.966796875;0.2931199073791504;131.60186767578125;-3.0277974605560303;;0.6396484375;70383981;m2;197221;0;
..\..\world\azeroth\elwynn\passivedoodads\battlegladewoodspikes\battlegladewoodspikes.m2;20275.697265625;162.73858642578125;25203.177734375;19.095008850097656;108.24484252929688;26.883047103881836;;1.349609375;71200117;m2;189690;0;
..\..\world\azeroth\redridge\passivedoodads\rocks\redridgerock03.m2;20427.39453125;147.5008087158203;25225.287109375;3.4292120933532715;83.083740234375;-12.875264167785645;;0.5654296875;70383948;m2;190103;0;
..\..\world\azeroth\elwynn\passivedoodads\battlegladewoodspikes\battlegladewoodspikes.m2;20282.16796875;162.80821228027344;25198.802734375;17.231996536254883;94.29458618164062;41.2813835144043;;1.349609375;71199704;m2;189690;0;
..\..\world\azeroth\elwynn\passivedoodads\battlegladewoodspikes\battlegladewoodspikes.m2;20280.537109375;163.38742065429688;25157.810546875;28.56531524658203;241.74044799804688;-6.418477535247803;;1.4443359375;71199953;m2;189690;0;
..\..\world\azeroth\duskwood\passivedoodads\fence\duskwoodfencerail.m2;20300.49609375;154.98611450195312;25237.16796875;1.9408518075942993;159.14019775390625;-76.47364807128906;;1;70367654;m2;189468;0;
..\..\world\azeroth\redridge\passivedoodads\bush\redridgebush03.m2;20443.42578125;165.50173950195312;25150.55859375;0;3;0;;1;70383563;m2;190082;0;
..\..\world\azeroth\redridge\passivedoodads\stumps\redridgestump02.m2;20334.44140625;170.1059112548828;25434.603515625;2.1306581497192383;118.7335205078125;8.989192962646484;;0.6044921875;66784234;m2;190108;0;
..\..\world\azeroth\redridge\passivedoodads\stumps\redridgestump02.m2;20296.044921875;162.4166717529297;25366.03515625;2.130659341812134;208.2334747314453;8.989202499389648;;0.6044921875;66783684;m2;190108;0;
..\..\world\azeroth\redridge\passivedoodads\bush\redridgebush03.m2;20325.296875;162.7552032470703;25368.4765625;0;292.5;0;;0.8193359375;70383989;m2;190082;0;
..\..\world\azeroth\elwynn\passivedoodads\battlegladewoodspikes\battlegladewoodspikes.m2;20448.986328125;164.46832275390625;25072.818359375;31.700841903686523;187.32684326171875;0.9824361801147461;;1.4794921875;70383737;m2;189690;0;
..\..\world\azeroth\redridge\passivedoodads\bush\redridgebush02.m2;20330.314453125;155.84889221191406;25222.8125;3.0659704208374023;298.6295166015625;5.9438018798828125;;0.4697265625;70383726;m2;190081;0;
..\..\world\azeroth\redridge\passivedoodads\bush\redridgebush02.m2;20505.220703125;158.85243225097656;25243.51171875;5.2813215255737305;237.76817321777344;12.534646987915039;;0.44921875;70383632;m2;190081;0;
..\..\world\azeroth\redridge\passivedoodads\bush\redridgebush03.m2;20506.896484375;168.8817138671875;25452.728515625;0;91.5;0;;1;70383977;m2;190082;0;
..\..\world\azeroth\burningsteppes\passivedoodads\orcsleepmats\orcsleepmat03.m2;20476.03515625;167.54876708984375;25151.005859375;0;30.000030517578125;0;;1;70383690;m2;189198;0;
..\..\world\azeroth\burningsteppes\passivedoodads\orcsleepmats\orcsleepmat03.m2;20446.666015625;165.4965362548828;25146.0859375;0;301;0;;1;70383785;m2;189198;0;
..\..\world\azeroth\burningsteppes\passivedoodads\orcsleepmats\orcsleepmat03.m2;20472.501953125;167.55221557617188;25152.732421875;0;24.5;0;;1;70383928;m2;189198;0;
..\..\world\azeroth\elwynn\passivedoodads\battlegladewoodspikes\battlegladewoodspikes.m2;20404.00390625;162.6575469970703;25156.00390625;-6.265122890472412;125.53076171875;27.850393295288086;;1.349609375;70383816;m2;189690;0;
..\..\world\azeroth\duskwood\passivedoodads\fence\duskwoodfencerail.m2;20333.447265625;157.3367462158203;25176.396484375;-28.623828887939453;170.69970703125;-5.620635509490967;;1;70367663;m2;189468;0;
..\..\world\azeroth\elwynn\passivedoodads\battlegladewoodspikes\battlegladewoodspikes.m2;20403.02734375;163.03213500976562;25154.640625;18.543716430664062;52.24468994140625;12.333291053771973;;1.349609375;70383949;m2;189690;0;
..\..\world\azeroth\duskwood\passivedoodads\fence\duskwoodfencerail.m2;20301.16015625;154.640625;25242.046875;3.7312183380126953;331.86468505859375;-148.07032775878906;;1;70367655;m2;189468;0;
..\..\world\azeroth\redridge\passivedoodads\bush\redridgebush03.m2;20419.45703125;150.2295684814453;25283.916015625;0;69;0;;0.7998046875;70367625;m2;190082;0;
..\..\world\azeroth\burningsteppes\passivedoodads\orcsleepmats\orcsleepmat03.m2;20264.86328125;182.55035400390625;25067.46484375;0;49.000030517578125;0;;1;66784768;m2;189198;0;
..\..\world\azeroth\redridge\passivedoodads\rocks\redridgerock03.m2;20432.6015625;147.26683044433594;25315.5390625;-4.739271640777588;263.94482421875;-11.88023853302002;;0.5390625;70367640;m2;190103;0;
..\..\world\azeroth\elwynn\passivedoodads\battlegladewoodspikes\battlegladewoodspikes.m2;20282.3125;163.4573516845703;25197.244140625;36.35434341430664;8.822265625;-10.716548919677734;;1.349609375;71200085;m2;189690;0;
..\..\world\azeroth\elwynn\passivedoodads\battlegladewoodspikes\battlegladewoodspikes.m2;20413.01953125;162.50250244140625;25159.9921875;-38.3962516784668;158.25860595703125;-1.069908857345581;;1.349609375;70383813;m2;189690;0;
..\..\world\azeroth\elwynn\passivedoodads\battlegladewoodspikes\battlegladewoodspikes.m2;20298.236328125;162.75466918945312;25155.234375;33.658634185791016;150.05221557617188;27.49744987487793;;1.259765625;71199784;m2;189690;0;
..\..\world\azeroth\redridge\passivedoodads\rocks\redridgerock03.m2;20555.79296875;125.3628921508789;25160.76953125;0.2782749533653259;23.29998779296875;157.70643615722656;;0.439453125;70383831;m2;190103;0;
..\..\world\azeroth\duskwood\passivedoodads\fence\duskwoodfencerail.m2;20314.677734375;157.36834716796875;25276.1484375;-32.155704498291016;7.2413330078125;-4.681121826171875;;1;70367662;m2;189468;0;
..\..\world\azeroth\redridge\passivedoodads\rocks\redridgerock03.m2;20702.3203125;126.47138214111328;25175.0703125;-6.579285621643066;314.2685546875;176.16969299316406;;0.439453125;70383963;m2;190103;0;
..\..\world\azeroth\elwynn\passivedoodads\battlegladewoodspikes\battlegladewoodspikes.m2;20409.1171875;165.4337158203125;25123.34765625;-16.737760543823242;316.3559875488281;41.933929443359375;;1.259765625;70383723;m2;189690;0;
..\..\world\azeroth\duskwood\passivedoodads\fence\duskwoodfencerail.m2;20300.55078125;155.1901397705078;25231.78515625;-15.5065279006958;211.62936401367188;157.20712280273438;;1;70367664;m2;189468;0;
..\..\world\azeroth\elwynn\passivedoodads\battlegladewoodspikes\battlegladewoodspikes.m2;20410.7265625;165.46517944335938;25122.08203125;51.600589752197266;227.09445190429688;-0.07451865822076797;;1.259765625;70383516;m2;189690;0;
..\..\world\azeroth\redridge\passivedoodads\bush\redridgebush03.m2;20380.451171875;168.5570831298828;25471.4140625;0;70;0;;0.76953125;70383929;m2;190082;0;
..\..\world\lordaeron\alteracmountains\passivedoodads\bushes\alteracshrub02.m2;20766.71484375;38.89409637451172;25585.060546875;10.22775936126709;90.19143676757812;-3.797657012939453;;0.69921875;71200062;m2;203596;0;
..\..\world\azeroth\redridge\passivedoodads\bush\redridgebush02.m2;20420.2890625;169.0104217529297;25486.3125;0;200.5;0;;0.4794921875;70383950;m2;190081;0;
..\..\world\azeroth\duskwood\passivedoodads\fence\duskwoodfencerail.m2;20418.17578125;163.1603546142578;25069.03125;-15.829450607299805;329.3302001953125;-16.477100372314453;;1;70166375;m2;189468;0;
..\..\world\azeroth\westfall\passivedoodads\westfallfence\westfallfence.m2;20291.75390625;178.00711059570312;25475.228515625;9.243184089660645;134.8873291015625;6.135460376739502;;1;66783788;m2;190659;0;
..\..\world\azeroth\redridge\passivedoodads\bush\redridgebush02.m2;20362.3046875;158.99131774902344;25153.86328125;0;40.5;0;;0.44921875;70383728;m2;190081;0;
..\..\world\kalimdor\stonetalon\passivedoodads\treestumps\stonetreestump04.m2;20402.228515625;164.8227081298828;25148.931640625;2.5156807899475098;112.5430908203125;2.608949899673462;;0.4296875;70383882;m2;202644;0;
..\..\world\azeroth\elwynn\passivedoodads\battlegladewoodspikes\battlegladewoodspikes.m2;20294.505859375;163.99078369140625;25149.95703125;4.872220039367676;227.0099334716797;30.755191802978516;;1.259765625;71199540;m2;189690;0;
..\..\world\azeroth\redridge\passivedoodads\rocks\redridgerock03.m2;20389.78515625;147.38246154785156;25259.11328125;-4.739267826080322;329.9447937011719;-11.880232810974121;;0.419921875;70367628;m2;190103;0;
..\..\world\kalimdor\durotar\passivedoodads\bushes\durotarbush02.m2;20301.80078125;154.884521484375;25231.44140625;2.2761199474334717;22.6715087890625;-8.53548526763916;;0.5498046875;70383597;m2;201769;0;
..\..\world\azeroth\redridge\passivedoodads\rocks\redridgerock03.m2;20532.767578125;124.59928131103516;25170.203125;-4.654611587524414;40.74737548828125;-22.512828826904297;;0.3994140625;70380998;m2;190103;0;
..\..\world\azeroth\redridge\passivedoodads\bush\redridgebush02.m2;20511.52734375;169.66319274902344;25496.14453125;-0.3488510251045227;286.510986328125;2.0360782146453857;;0.4697265625;70383966;m2;190081;0;
..\..\world\azeroth\westfall\passivedoodads\westfallfence\westfallfence.m2;20294.435546875;177.4706573486328;25472.03125;8.674409866333008;139.91629028320312;6.919095039367676;;1;66786371;m2;190659;0;
..\..\world\azeroth\elwynn\passivedoodads\battlegladewoodspikes\battlegladewoodspikes.m2;20400.47265625;163.8063201904297;25152.36328125;22.14745330810547;294.4021911621094;-28.33954429626465;;1.1396484375;70383708;m2;189690;0;
..\..\world\azeroth\elwynn\passivedoodads\battlegladewoodspikes\battlegladewoodspikes.m2;20279.947265625;163.8162384033203;25155;19.91028594970703;265.93096923828125;18.859172821044922;;1.1591796875;71199910;m2;189690;0;
..\..\world\azeroth\redridge\passivedoodads\rocks\redridgerock03.m2;20697.330078125;124.07373046875;25157.02734375;-11.552359580993652;192.16796875;-18.84922981262207;;0.439453125;70383646;m2;190103;0;
..\..\world\azeroth\elwynn\passivedoodads\battlegladewoodspikes\battlegladewoodspikes.m2;20401.75390625;163.31837463378906;25153.94140625;23.621864318847656;29.465576171875;18.55179786682129;;1.1396484375;70383647;m2;189690;0;
..\..\world\kalimdor\durotar\passivedoodads\bushes\durotarbush02.m2;20553.830078125;159.75465393066406;25245.701171875;0;5.5;0;;0.669921875;70383823;m2;201769;0;
..\..\world\azeroth\duskwood\passivedoodads\tombs\woodcross01.m2;20507.103515625;166.8520965576172;25135.046875;0;294.5;0;;1.4697265625;70383900;m2;189540;0;
..\..\world\azeroth\redridge\passivedoodads\rocks\redridgerock03.m2;20526.76953125;171.10662841796875;25548.1015625;-2.1147849559783936;213.2656707763672;136.52857971191406;;0.3720703125;70383696;m2;190103;0;
..\..\world\azeroth\redridge\passivedoodads\rocks\redridgerock03.m2;20423.025390625;149.7593536376953;25221.796875;8.440827369689941;40.10198974609375;129.91995239257812;;0.3720703125;70383599;m2;190103;0;
..\..\world\azeroth\redridge\passivedoodads\rocks\redridgerock03.m2;20460.302734375;164.3933563232422;25343.2265625;3.8973875045776367;326.6641845703125;130.19935607910156;;0.3720703125;70383756;m2;190103;0;
..\..\world\azeroth\duskwood\passivedoodads\fence\duskwoodfencerail.m2;20415.197265625;162.22718811035156;25071.52734375;21.51044464111328;309.82769775390625;-9.188323020935059;;1;70166420;m2;189468;0;
..\..\world\azeroth\redridge\passivedoodads\rocks\redridgerock03.m2;20607.779296875;124.27020263671875;25160.5234375;-15.607085227966309;353.196044921875;-11.435247421264648;;0.439453125;70383936;m2;190103;0;
..\..\world\azeroth\duskwood\passivedoodads\tombs\woodcross01.m2;20508.021484375;166.80545043945312;25145.75390625;-0.04643707722425461;250.5323486328125;-2.0650579929351807;;1.396484375;70383894;m2;189540;0;
..\..\world\azeroth\westfall\passivedoodads\westfallfence\westfallfenceend.m2;20303.150390625;154.9339141845703;25226.52734375;-7.725603103637695;313.400390625;65.46308898925781;;1;70367669;m2;190660;0;
..\..\models\unknown\unk_exp00_7960232\7960232.m2;20731.3125;47.66389846801758;25575.634765625;-4.558273792266846;329.89117431640625;1.8980069160461426;;1.19921875;71199902;m2;7960232;0;
..\..\world\azeroth\redridge\passivedoodads\rocks\redridgerock03.m2;20583.794921875;126.60053253173828;25143.65625;-3.6595380306243896;76.7452392578125;176.2705841064453;;0.439453125;70383685;m2;190103;0;
..\..\world\azeroth\redridge\passivedoodads\rocks\redridgerock03.m2;20741.677734375;5.230127811431885;25162.8984375;-9.981657028198242;324.55047607421875;174.3117218017578;;0.369140625;70383712;m2;190103;0;
..\..\world\azeroth\duskwood\passivedoodads\fence\duskwoodfencerail.m2;20421.04296875;162.22718811035156;25066.36328125;21.510438919067383;132.32772827148438;-9.188319206237793;;1;70166451;m2;189468;0;
..\..\world\azeroth\redridge\passivedoodads\rocks\redridgerock03.m2;20748.7109375;4.05656623840332;25157.15234375;-9.981659889221191;34.55047607421875;174.3117218017578;;0.369140625;70383638;m2;190103;0;
..\..\world\azeroth\redridge\passivedoodads\bush\redridgebush02.m2;20472.11328125;167.43055725097656;25156.66796875;0;285.5;0;;0.4296875;70383769;m2;190081;0;
..\..\models\unknown\unk_exp00_7960232\7960232.m2;20760.943359375;41.55996322631836;25565.494140625;1.009070873260498;246.69271850585938;0.907648503780365;;1.2294921875;71199920;m2;7960232;0;
..\..\world\azeroth\redridge\passivedoodads\rocks\redridgerock03.m2;20401.369140625;147.26683044433594;25241.75390625;-4.7392706871032715;156.44482421875;-11.880244255065918;;0.3798828125;70367633;m2;190103;0;
..\..\world\azeroth\elwynn\passivedoodads\battlegladewoodspikes\battlegladewoodspikes.m2;20400.396484375;163.5760498046875;25153.83984375;-33.095428466796875;167.71636962890625;-5.519345283508301;;1.1396484375;70383794;m2;189690;0;
..\..\world\azeroth\redridge\passivedoodads\rocks\redridgerock03.m2;20430.431640625;147.29287719726562;25317.16015625;-4.739274024963379;26.44482421875;-11.880249977111816;;0.3798828125;70367629;m2;190103;0;
..\..\world\azeroth\redridge\passivedoodads\rocks\redridgerock03.m2;20366.00390625;148.59962463378906;25302.791015625;4.036382675170898;286.5403747558594;145.3834228515625;;0.3720703125;70383943;m2;190103;0;
..\..\world\azeroth\redridge\passivedoodads\rocks\redridgerock03.m2;20287.45703125;159.3197021484375;25298.015625;-14.85882568359375;65.0504150390625;-177.9691619873047;;0.3720703125;71199646;m2;190103;0;
..\..\world\azeroth\elwynn\passivedoodads\battlegladewoodspikes\battlegladewoodspikes.m2;20398.095703125;164.4913330078125;25150.84375;-12.57084846496582;172.107666015625;-7.3849711418151855;;1.1396484375;70383678;m2;189690;0;
..\..\world\azeroth\elwynn\passivedoodads\battlegladewoodspikes\battlegladewoodspikes.m2;20399.2890625;164.1151580810547;25151.421875;21.939739227294922;334.5306396484375;-2.111293315887451;;1.1396484375;70383818;m2;189690;0;
..\..\world\generic\human\passivedoodads\catapultruins\catapultball01.m2;20396.990234375;165.2395782470703;25141.474609375;0;343.9999694824219;0;;1;66783801;m2;198095;0;
..\..\world\azeroth\redridge\passivedoodads\rocks\redridgerock03.m2;20517.982421875;168.0161895751953;25451.357421875;-9.793203353881836;262.3648986816406;-7.143998622894287;;0.419921875;70383711;m2;190103;0;
..\..\world\generic\darkirondwarf\passivedoodads\woodplanks\darkironwoodplanks06.m2;20450.86328125;165.75680541992188;25122.576171875;-3.447364330291748;218.7470245361328;1.0408121347427368;;0.4599609375;70383777;m2;197221;0;
..\..\world\azeroth\redridge\passivedoodads\rocks\redridgerock03.m2;20378.3125;147.38246154785156;25333.37890625;-4.7392683029174805;185.44479370117188;-11.880234718322754;;0.419921875;70367643;m2;190103;0;
..\..\world\generic\human\passivedoodads\catapultruins\catapultball01.m2;20414.1328125;165.5572967529297;25137.138671875;-5.723884582519531;263.5128479003906;-0.25595471262931824;;1;66783621;m2;198095;0;
..\..\world\azeroth\westfall\passivedoodads\westfallfence\westfallfenceend.m2;20314.7421875;156.97756958007812;25280.859375;-6.573001384735107;354.8213806152344;2.9324347972869873;;1;70367666;m2;190660;0;
..\..\world\azeroth\westfall\passivedoodads\westfallfence\westfallfenceend.m2;20322.44140625;167.5850830078125;25421.58203125;6.348109245300293;185.43783569335938;-0.7968359589576721;;1;66781366;m2;190660;0;
..\..\world\azeroth\redridge\passivedoodads\rocks\redridgerock03.m2;20490.22265625;168.9628448486328;25527.015625;-9.79320240020752;97.36492919921875;-7.1439971923828125;;0.419921875;70383540;m2;190103;0;
..\..\world\azeroth\redridge\passivedoodads\rocks\redridgerock03.m2;20427.189453125;168.36439514160156;25483.1875;-4.637349605560303;277.67681884765625;147.0264129638672;;0.3720703125;70383546;m2;190103;0;
..\..\world\generic\human\passivedoodads\weaponracks\generalweaponrack01.m2;20445.498046875;165.50173950195312;25141.3203125;0;292.4999694824219;0;;1;70383817;m2;198636;0;
..\..\world\azeroth\burningsteppes\passivedoodads\ruins\burnedbeam.m2;20448.353515625;165.86448669433594;25113.37109375;86.61285400390625;124.76718139648438;-65.20445251464844;;0.25;70383911;m2;189226;0;
..\..\world\azeroth\burningsteppes\passivedoodads\ruins\burnedbeam.m2;20448.732421875;165.774169921875;25114.98046875;87.17908477783203;193.0025177001953;-63.96137619018555;;0.25;70383921;m2;189226;0;
..\..\world\generic\human\passivedoodads\catapultruins\catapultball01.m2;20453.7890625;165.73785400390625;25117.8828125;0;10.5001220703125;0;;1;66785059;m2;198095;0;
..\..\world\azeroth\redridge\passivedoodads\rocks\redridgerock03.m2;20541.75;124.63027954101562;25156.375;-2.151944637298584;91.57406616210938;24.344209671020508;;0.3994140625;70381001;m2;190103;0;
..\..\world\kalimdor\stonetalon\passivedoodads\treestumps\stonetreestump01.m2;20454.021484375;166.8667449951172;25452.1484375;0;178;0;;0.2294921875;70166310;m2;202641;0;
..\..\world\azeroth\theblastedlands\passivedoodads\detail\blastedlandsrock01.m2;20506.591796875;167.0824432373047;25141.681640625;-16.881786346435547;124.30209350585938;-10.56892204284668;;1.099609375;70383693;m2;190447;0;
..\..\world\azeroth\theblastedlands\passivedoodads\detail\blastedlandsrock01.m2;20508;167.0298309326172;25141.046875;-16.6202335357666;227.2745819091797;4.01550817489624;;1.099609375;70383606;m2;190447;0;
..\..\world\azeroth\theblastedlands\passivedoodads\detail\blastedlandsrock01.m2;20503.134765625;166.98631286621094;25140.46875;-20.77657699584961;57.2156982421875;-6.593886375427246;;1.099609375;70383775;m2;190447;0;
..\..\world\azeroth\westfall\passivedoodads\westfallfence\westfallfenceend.m2;20334.767578125;156.5363311767578;25171.912109375;-3.302581310272217;157.9390869140625;1.365909457206726;;1;70367649;m2;190660;0;
..\..\world\generic\human\passivedoodads\catapultruins\catapultball01.m2;20311.623046875;169.7251739501953;25067.4375;-60.62247848510742;311.34906005859375;-49.19141387939453;;0.7294921875;66783942;m2;198095;0;
..\..\world\generic\human\passivedoodads\catapultruins\catapultball01.m2;20311.61328125;169.63389587402344;25065.734375;-35.671417236328125;308.910400390625;-96.33094024658203;;0.6591796875;66786363;m2;198095;0;
..\..\world\azeroth\theblastedlands\passivedoodads\detail\blastedlandsrock01.m2;20505.701171875;167.0298309326172;25141.904296875;-16.620243072509766;128.77459716796875;4.0155029296875;;1.099609375;70383589;m2;190447;0;
..\..\world\azeroth\duskwood\passivedoodads\tombs\woodcross01.m2;20509.263671875;166.9322967529297;25140.1796875;0;274.5;0;;1.216796875;70383617;m2;189540;0;
..\..\world\azeroth\redridge\passivedoodads\rocks\redridgerock03.m2;20370.818359375;159.28012084960938;25125.359375;2.7282204627990723;98.39532470703125;-11.675829887390137;;0.3798828125;70383615;m2;190103;0;
..\..\world\generic\passivedoodads\lights\generaltorch01.m2;20420.640625;162.56423950195312;25065.99609375;0;235.99996948242188;0;;1;70166318;m2;199820;0;
..\..\world\generic\passivedoodads\lights\generaltorch01.m2;20303.79296875;154.7261962890625;25226.5625;0;81.00006103515625;0;;1;70367658;m2;199820;0;
..\..\world\generic\passivedoodads\lights\generaltorch01.m2;20314.251953125;156.94618225097656;25281.19921875;0;272.00006103515625;0;;1;70367667;m2;199820;0;
..\..\world\generic\passivedoodads\lights\generaltorch01.m2;20334.03515625;156.1770782470703;25171.6875;0;65.50006103515625;0;;1;70367668;m2;199820;0;
..\..\world\generic\passivedoodads\lights\generaltorch01.m2;20403.140625;163.01736450195312;25157.404296875;0;27;0;;1;70383590;m2;199820;0;
..\..\world\generic\passivedoodads\lights\generaltorch01.m2;20411.580078125;162.3246612548828;25160.609375;0;326;0;;1;70383653;m2;199820;0;
..\..\world\generic\passivedoodads\lights\generaltorch01.m2;20468.61328125;165.6510467529297;25066.67578125;0;22.0001220703125;0;;1;70383742;m2;199820;0;
..\..\world\generic\passivedoodads\lights\generaltorch01.m2;20449.373046875;164.3854522705078;25068.98046875;0;334;0;;1;70383844;m2;199820;0;
..\..\world\azeroth\theblastedlands\passivedoodads\detail\blastedlandsrock01.m2;20505.044921875;166.78724670410156;25144.068359375;2.046442747116089;334.0264892578125;-0.2800273597240448;;1.1396484375;70383767;m2;190447;0;
..\..\world\azeroth\theblastedlands\passivedoodads\detail\blastedlandsrock01.m2;20503.6171875;166.8074951171875;25135.94921875;0;18;0;;1.19921875;70383805;m2;190447;0;
..\..\world\generic\darkirondwarf\passivedoodads\woodplanks\darkironwoodplanks07.m2;20470.044921875;167.5272979736328;25150.421875;-2.076615810394287;195.5234832763672;1.0064778327941895;;1;70383901;m2;197222;0;
..\..\world\azeroth\westfall\passivedoodads\westfallfence\westfallfencepost.m2;20300.759765625;155.26583862304688;25257.244140625;-49.35979461669922;154.49853515625;-72.31573486328125;;1.119140625;70367660;m2;190661;0;
..\..\world\azeroth\theblastedlands\passivedoodads\detail\blastedlandsrock01.m2;20503.294921875;166.98631286621094;25142.078125;-11.306923866271973;238.44207763671875;-14.853194236755371;;1.099609375;70383628;m2;190447;0;
..\..\world\azeroth\redridge\passivedoodads\rocks\redridgerock03.m2;20534.220703125;124.84089660644531;25165.728515625;-4.654611587524414;336.24737548828125;-22.512828826904297;;0.3095703125;70380992;m2;190103;0;
..\..\models\unknown\unk_exp00_7960232\7960232.m2;20781.939453125;46.46875;25475.484375;-6.9097137451171875;13.73553466796875;-0.709714949131012;;1;67832893;m2;7960232;0;
..\..\world\azeroth\elwynn\passivedoodads\battlegladewoodspikes\battlegladewoodspikes.m2;20398.96484375;163.9059600830078;25152.6015625;-32.79871368408203;191.63848876953125;-26.020967483520508;;0.8896484375;70383770;m2;189690;0;
..\..\world\azeroth\theblastedlands\passivedoodads\detail\blastedlandsrock01.m2;20506.890625;167.07354736328125;25139.36328125;0;131;0;;1.099609375;70383709;m2;190447;0;
..\..\world\azeroth\theblastedlands\passivedoodads\detail\blastedlandsrock01.m2;20503.23046875;166.97158813476562;25140.01171875;0;326;0;;1.099609375;70383665;m2;190447;0;
..\..\world\azeroth\karazahn\passivedoodads\barrel\karazahnbarrel02.m2;20452.998046875;165.44407653808594;25120.90625;-33.10599136352539;234.154052734375;-15.135880470275879;;1;70383976;m2;189981;0;
..\..\world\azeroth\theblastedlands\passivedoodads\detail\blastedlandsrock01.m2;20507.869140625;167.07354736328125;25139.396484375;0;64.50006103515625;0;;1.099609375;70383600;m2;190447;0;
..\..\world\generic\human\passivedoodads\catapultruins\catapultball01.m2;20403.603515625;166.08680725097656;25122.279296875;0;3.500030517578125;0;;1;66785141;m2;198095;0;
..\..\world\azeroth\karazahn\passivedoodads\barrel\karazahnbarrel02.m2;20452.736328125;165.7129364013672;25125.287109375;-23.992403030395508;320.6640319824219;-54.47096252441406;;1;70383621;m2;189981;0;
..\..\world\generic\orc\passivedoodads\barrelsandcrates\orccrate09.m2;20299.693359375;170.6215362548828;25077.171875;0;235.53904724121094;0;;1;66784153;m2;199101;0;
..\..\world\azeroth\theblastedlands\passivedoodads\detail\blastedlandsrock01.m2;20505.3203125;166.8780059814453;25139.80078125;0;358;0;;1.3193359375;70383895;m2;190447;0;
..\..\world\azeroth\theblastedlands\passivedoodads\detail\blastedlandsrock01.m2;20503.138671875;166.98631286621094;25141.138671875;-10.568771362304688;166.57415771484375;-8.089974403381348;;1.099609375;70383798;m2;190447;0;
..\..\world\azeroth\theblastedlands\passivedoodads\detail\blastedlandsrock01.m2;20504.59765625;166.9455108642578;25137.62890625;-16.620346069335938;148.77456665039062;4.015547275543213;;1;70383651;m2;190447;0;
..\..\world\azeroth\redridge\passivedoodads\rocks\redridgerock03.m2;20578.33203125;125.95342254638672;25145.85546875;-1.6982556581497192;324.3992919921875;165.34292602539062;;0.2890625;70383871;m2;190103;0;
..\..\world\azeroth\redridge\passivedoodads\rocks\redridgerock03.m2;20681.611328125;133.2469024658203;25186.181640625;3.6005747318267822;234.53167724609375;-166.89462280273438;;0.2890625;70383897;m2;190103;0;
..\..\world\azeroth\theblastedlands\passivedoodads\detail\blastedlandsrock01.m2;20505.2890625;166.9933319091797;25137.16015625;-16.88178062438965;144.3021240234375;-10.568917274475098;;1;70383766;m2;190447;0;
..\..\world\azeroth\redridge\passivedoodads\rocks\redridgerock03.m2;20416.45703125;160.6787872314453;25166.712890625;15.558597564697266;42.6824951171875;10.82098388671875;;0.279296875;70383543;m2;190103;0;
..\..\world\azeroth\theblastedlands\passivedoodads\detail\blastedlandsrock01.m2;20507.44921875;167.08242797851562;25141.435546875;-18.670330047607422;132.8743896484375;-3.970867156982422;;0.978515625;70383836;m2;190447;0;
..\..\world\generic\human\passivedoodads\catapultruins\catapultball01.m2;20382.154296875;160.3402862548828;25142.15234375;0;91;0;;1;66784848;m2;198095;0;
..\..\world\azeroth\theblastedlands\passivedoodads\detail\blastedlandsrock01.m2;20506.296875;166.9455108642578;25136.18359375;-16.620250701904297;247.27452087402344;4.015544891357422;;1;70383679;m2;190447;0;
..\..\world\azeroth\theblastedlands\passivedoodads\detail\blastedlandsrock01.m2;20506.22265625;166.97157287597656;25139.615234375;0;73.50003051757812;0;;1.099609375;70383951;m2;190447;0;
..\..\world\azeroth\theblastedlands\passivedoodads\detail\blastedlandsrock01.m2;20503.306640625;167.0009002685547;25138.28125;-12.85352611541748;295.10260009765625;-15.620274543762207;;1;70383806;m2;190447;0;
..\..\world\azeroth\theblastedlands\passivedoodads\detail\blastedlandsrock01.m2;20505.2890625;167.0824432373047;25141.775390625;-12.853520393371582;354.10260009765625;-15.620258331298828;;1.099609375;70383587;m2;190447;0;
..\..\world\azeroth\westfall\passivedoodads\westfallfence\westfallfencepost.m2;20288.8046875;178.76612854003906;25478.181640625;8.85214900970459;138.4093017578125;6.689453125;;1;66785922;m2;190661;0;
..\..\world\generic\darkirondwarf\passivedoodads\woodplanks\darkironwoodplanks05.m2;20439.61328125;165.50205993652344;25145.5703125;0.3439588248729706;179.99859619140625;-0.4582732021808624;;0.4599609375;70383539;m2;197220;0;
..\..\world\azeroth\westfall\passivedoodads\westfallfence\westfallfencepost.m2;20418.25;162.45118713378906;25068.9765625;3.3331704139709473;326.0271911621094;0.682060718536377;;1;70166184;m2;190661;0;
..\..\world\azeroth\theblastedlands\passivedoodads\detail\blastedlandsrock01.m2;20503.083984375;166.8668975830078;25143.83203125;-19.48033905029297;32.657745361328125;-4.881097793579102;;0.94921875;70383931;m2;190447;0;
..\..\world\azeroth\theblastedlands\passivedoodads\detail\blastedlandsrock01.m2;20502.64453125;166.8164825439453;25145.16015625;-12.55501937866211;214.8214111328125;-16.535337448120117;;0.94921875;70383822;m2;190447;0;
..\..\world\generic\darkirondwarf\passivedoodads\skeletons\skeletonlaying01.m2;20283.947265625;164.17442321777344;25165.15234375;-1.6965909004211426;320.5228271484375;-1.5410274267196655;;1;71199693;m2;197190;0;
..\..\world\azeroth\theblastedlands\passivedoodads\detail\blastedlandsrock01.m2;20504.822265625;166.98524475097656;25135.087890625;0;151;0;;1;70383733;m2;190447;0;
..\..\world\azeroth\theblastedlands\passivedoodads\detail\blastedlandsrock01.m2;20501.958984375;166.9059600830078;25137.19921875;-20.776607513427734;77.21585083007812;-6.593903064727783;;1;70383660;m2;190447;0;
..\..\world\azeroth\theblastedlands\passivedoodads\detail\blastedlandsrock01.m2;20502.7890625;166.9037628173828;25136;0;118.00006103515625;0;;1;70383793;m2;190447;0;
..\..\world\azeroth\theblastedlands\passivedoodads\detail\blastedlandsrock01.m2;20506.904296875;166.8166046142578;25146.123046875;-21.00035858154297;203.85565185546875;2.1605560779571533;;0.94921875;70383637;m2;190447;0;
..\..\world\azeroth\theblastedlands\passivedoodads\detail\blastedlandsrock01.m2;20502.8515625;166.8461151123047;25144.36328125;-12.518425941467285;142.46636962890625;-7.393807888031006;;0.94921875;70383841;m2;190447;0;
..\..\world\generic\darkirondwarf\passivedoodads\skeletons\skeletonlaying01.m2;20299.91796875;175.4672393798828;25459.6328125;12.074844360351562;81.32644653320312;-2.520387887954712;;1;69427868;m2;197190;0;
..\..\world\azeroth\redridge\passivedoodads\rocks\redridgerock03.m2;20703.37109375;125.58580017089844;25169.3046875;-0.679354190826416;201.85675048828125;168.08160400390625;;0.2890625;70383863;m2;190103;0;
..\..\world\azeroth\westfall\passivedoodads\westfallfence\westfallfencepost.m2;20279.697265625;180.2894287109375;25486.71484375;22.108610153198242;148.3974609375;-11.874950408935547;;1;66784463;m2;190661;0;
..\..\world\azeroth\karazahn\passivedoodads\barrel\karazahnbarrel02.m2;20453.25390625;165.7552032470703;25123.59375;0;125;0;;1;70383763;m2;189981;0;
..\..\world\azeroth\theblastedlands\passivedoodads\detail\blastedlandsrock01.m2;20507.1953125;166.9604949951172;25144.65234375;1.0725421905517578;40.54815673828125;1.765316128730774;;0.94921875;70383631;m2;190447;0;
..\..\world\azeroth\westfall\passivedoodads\westfallfence\westfallfencepost.m2;20296.103515625;177.10183715820312;25468.64453125;-17.978666305541992;153.3936767578125;20.618579864501953;;1;66783397;m2;190661;0;
..\..\world\azeroth\theblastedlands\passivedoodads\detail\blastedlandsrock01.m2;20505.9765625;166.98524475097656;25135.482421875;0;200.99996948242188;0;;1;70383774;m2;190447;0;
..\..\world\azeroth\theblastedlands\passivedoodads\detail\blastedlandsrock01.m2;20505.8203125;166.87088012695312;25144.244140625;0.7832370400428772;49.5445556640625;1.9113014936447144;;0.94921875;70383796;m2;190447;0;
..\..\world\azeroth\redridge\passivedoodads\bush\redridgebush02.m2;20335.3671875;156.33056640625;25167.140625;0;347.5;0;;0.3193359375;70383888;m2;190081;0;
..\..\world\azeroth\theblastedlands\passivedoodads\detail\blastedlandsrock01.m2;20504.32421875;166.90257263183594;25145.623046875;-10.830492973327637;330.22149658203125;-16.046110153198242;;0.94921875;70383526;m2;190447;0;
..\..\world\azeroth\redridge\passivedoodads\rocks\redridgerock03.m2;20491.478515625;169.00611877441406;25525.4765625;-5.91727876663208;221.09970092773438;-18.7078914642334;;0.259765625;70383968;m2;190103;0;
..\..\world\azeroth\theblastedlands\passivedoodads\detail\blastedlandsrock01.m2;20502.59765625;166.9059600830078;25138.525390625;-11.30691146850586;258.442138671875;-14.853194236755371;;1;70383804;m2;190447;0;
..\..\world\azeroth\theblastedlands\passivedoodads\detail\blastedlandsrock01.m2;20503.3203125;166.8679962158203;25143.505859375;1.587019681930542;302.01318359375;-1.3221683502197266;;0.94921875;70383946;m2;190447;0;
..\..\world\azeroth\theblastedlands\passivedoodads\detail\blastedlandsrock01.m2;20504.443359375;166.98391723632812;25139.541015625;0;98.00003051757812;0;;1.099609375;70383537;m2;190447;0;
..\..\world\azeroth\theblastedlands\passivedoodads\detail\blastedlandsrock01.m2;20504.20703125;166.9933319091797;25137.646484375;-12.853523254394531;14.10260009765625;-15.62024974822998;;1;70383614;m2;190447;0;
..\..\world\azeroth\theblastedlands\passivedoodads\detail\blastedlandsrock01.m2;20504.119140625;167.09075927734375;25142.09375;-12.853515625;275.10260009765625;-15.620260238647461;;1.099609375;70383734;m2;190447;0;
..\..\world\azeroth\theblastedlands\passivedoodads\detail\blastedlandsrock01.m2;20503.291015625;166.903564453125;25145.46484375;-12.869736671447754;251.60574340820312;-17.738866806030273;;0.94921875;70383906;m2;190447;0;
..\..\world\azeroth\theblastedlands\passivedoodads\detail\blastedlandsrock01.m2;20504.60546875;166.8519287109375;25145.8671875;-17.736738204956055;104.26885986328125;5.834407806396484;;0.94921875;70383519;m2;190447;0;
..\..\world\azeroth\theblastedlands\passivedoodads\detail\blastedlandsrock01.m2;20505.9453125;166.9933319091797;25136.68359375;-18.67034149169922;152.8743896484375;-3.97086763381958;;0.8896484375;70383549;m2;190447;0;
..\..\world\azeroth\theblastedlands\passivedoodads\detail\blastedlandsrock01.m2;20506.962890625;166.93524169921875;25145.3125;-2.0585951805114746;157.02838134765625;0.17255237698554993;;0.94921875;70383569;m2;190447;0;
..\..\world\azeroth\redridge\passivedoodads\rocks\redridgerock03.m2;20376.841796875;147.38246154785156;25332.06640625;-4.739267826080322;307.94482421875;-11.880231857299805;;0.259765625;70367630;m2;190103;0;
..\..\world\azeroth\redridge\passivedoodads\rocks\redridgerock03.m2;20367.359375;160.7976837158203;25123.90625;8.742897987365723;55.553955078125;131.28990173339844;;0.25;70383560;m2;190103;0;
..\..\world\azeroth\redridge\passivedoodads\rocks\redridgerock03.m2;20558.53125;124.67266082763672;25161.22265625;16.56005859375;228.3152618408203;6.375004768371582;;0.25;70383860;m2;190103;0;
..\..\world\azeroth\redridge\passivedoodads\rocks\redridgerock03.m2;20516.37109375;168.0594482421875;25452.51953125;-5.917277812957764;26.0997314453125;-18.707895278930664;;0.259765625;70383550;m2;190103;0;
..\..\world\azeroth\theblastedlands\passivedoodads\detail\blastedlandsrock01.m2;20501.8984375;166.89254760742188;25136.78125;0;346;0;;1;70383920;m2;190447;0;
..\..\world\azeroth\westfall\passivedoodads\westfallfence\westfallfencepost.m2;20303.56640625;154.64112854003906;25235.63671875;-48.39586639404297;55.191162109375;50.74030303955078;;1;70367650;m2;190661;0;
..\..\world\generic\passivedoodads\lights\generaltorch01_extinguished.m2;20467.185546875;167.5625;25148.9375;0;350.5;0;;1;70383565;m2;341882;0;
..\..\world\generic\passivedoodads\lights\generaltorch01_extinguished.m2;20440.673828125;165.50173950195312;25142.140625;0;288;0;;1;70383809;m2;341882;0;
..\..\world\azeroth\westfall\passivedoodads\westfallfence\westfallfencepost.m2;20301.28515625;154.75123596191406;25241.83203125;-21.548372268676758;88.78158569335938;-30.182708740234375;;1;70367659;m2;190661;0;
..\..\world\azeroth\redridge\passivedoodads\rocks\redridgerock03.m2;20398.232421875;148.34735107421875;25244.072265625;3.1031758785247803;114.10910034179688;136.21697998046875;;0.25;70367632;m2;190103;0;
..\..\world\azeroth\theblastedlands\passivedoodads\detail\blastedlandsrock01.m2;20506.435546875;166.96461486816406;25144.28125;-1.1907954216003418;107.01397705078125;1.6878219842910767;;0.94921875;70383588;m2;190447;0;
..\..\world\azeroth\theblastedlands\passivedoodads\detail\blastedlandsrock01.m2;20502.171875;166.9059600830078;25137.76953125;-10.56877326965332;186.5741729736328;-8.089973449707031;;1;70383554;m2;190447;0;
..\..\world\azeroth\redridge\passivedoodads\rocks\redridgerock03.m2;20681.94140625;135.0989990234375;25191.234375;-8.047135353088379;289.8520202636719;30.979665756225586;;0.25;70383941;m2;190103;0;
..\..\world\azeroth\theblastedlands\passivedoodads\detail\blastedlandsrock01.m2;20504.44140625;166.88938903808594;25143.5625;-0.07969094067811966;74.03012084960938;2.063969135284424;;0.94921875;70383862;m2;190447;0;
..\..\world\azeroth\theblastedlands\passivedoodads\detail\blastedlandsrock01.m2;20507.935546875;167.07354736328125;25140.20703125;0;180.9999542236328;0;;1.099609375;70383556;m2;190447;0;
..\..\world\azeroth\redridge\passivedoodads\rocks\redridgerock03.m2;20430.671875;148.34735107421875;25313.265625;3.103170871734619;344.10906982421875;136.2169647216797;;0.25;70367620;m2;190103;0;
..\..\world\azeroth\theblastedlands\passivedoodads\detail\blastedlandsrock01.m2;20505.330078125;166.843505859375;25145.9765625;-6.202672004699707;98.60699462890625;-4.649925231933594;;0.94921875;70383512;m2;190447;0;
..\..\world\azeroth\theblastedlands\passivedoodads\detail\blastedlandsrock01.m2;20506.150390625;166.90635681152344;25146.11328125;-19.907634735107422;108.3270034790039;-2.2185404300689697;;0.8447265625;70383538;m2;190447;0;
..\..\world\generic\orc\passivedoodads\barrelsandcrates\orcbarrel03.m2;20299.728515625;172.2935333251953;25077.26953125;0;103.44650268554688;0;;1;66785168;m2;199091;0;
..\..\world\azeroth\theblastedlands\passivedoodads\detail\blastedlandsrock01.m2;20505.671875;166.98524475097656;25134.8125;0;84.50018310546875;0;;1;70383579;m2;190447;0;
..\..\world\azeroth\redridge\passivedoodads\rocks\redridgerock03.m2;20583.697265625;125.4858169555664;25145.640625;11.996068000793457;19.482452392578125;10.956450462341309;;0.25;70383759;m2;190103;0;
..\..\world\azeroth\theblastedlands\passivedoodads\detail\blastedlandsrock01.m2;20504.33203125;166.89254760742188;25135.51171875;0;93.5;0;;1;70383945;m2;190447;0;
..\..\world\azeroth\redridge\passivedoodads\rocks\redridgerock03.m2;20700.65625;125.37986755371094;25173.95703125;10.322602272033691;257.46929931640625;13.397382736206055;;0.2490234375;70383529;m2;190103;0;
..\..\world\azeroth\redridge\passivedoodads\rocks\redridgerock03.m2;20292.865234375;158.9562530517578;25291.1328125;-12.157903671264648;329.26458740234375;172.55010986328125;;0.2216796875;71200067;m2;190103;0;
..\..\world\kalimdor\stonetalon\passivedoodads\treestumps\stonetreestump04.m2;20402.353515625;164.5185089111328;25151.171875;2.515681743621826;209.5430450439453;2.6089489459991455;;0.2197265625;70383604;m2;202644;0;
..\..\world\azeroth\elwynn\passivedoodads\battlegladeshield3\battlegladeshield3.m2;20504.134765625;167.36610412597656;25136.666015625;-11.26781940460205;285.2758483886719;1.274053692817688;;1;70383760;m2;189680;0;
..\..\world\generic\darkirondwarf\passivedoodads\skeletons\skeletonsitting01.m2;20296.90234375;176.2199249267578;25458.87890625;8.264702796936035;7.393829345703125;-5.0500102043151855;;1;69427851;m2;197193;0;
..\..\world\azeroth\redridge\passivedoodads\rocks\redridgerock03.m2;20390.22265625;147.38246154785156;25261.03515625;-4.739269733428955;92.44482421875;-11.880233764648438;;0.259765625;70367638;m2;190103;0;
..\..\world\generic\human\passivedoodads\weapons&armor\humanaxe01.m2;20508.8671875;167.40960693359375;25139.87890625;-3.3928651809692383;167.72882080078125;-149.7654571533203;;1;70383773;m2;198644;0;
..\..\world\generic\human\passivedoodads\crates\stormwindcrate01.m2;20447.697265625;165.49205017089844;25142.34765625;0;18.5;0;;1;70383869;m2;198168;0;
..\..\world\generic\orc\passivedoodads\barrelsandcrates\orccrate01.m2;20300.30859375;170.34201049804688;25074.8828125;-1.499999761581421;210.98155212402344;73.5;;1;66784214;m2;199094;0;
..\..\world\generic\orc\passivedoodads\barrelsandcrates\orccrate10.m2;20301.814453125;170.3871612548828;25077.30859375;0;173.8270263671875;0;;1;66782332;m2;199102;0;
..\..\world\dungeon\goldshireinn\innpillow\innpillow.m2;20447.76953125;165.27146911621094;25145.703125;0;300.5;0;;0.619140625;70383687;m2;190895;0;
..\..\world\dungeon\goldshireinn\innpillow\innpillow.m2;20473.11328125;167.35653686523438;25153.859375;0;206;0;;0.619140625;70383740;m2;190895;0;
..\..\world\dungeon\goldshireinn\innpillow\innpillow.m2;20476.86328125;167.35653686523438;25152.046875;0;210.5;0;;0.619140625;70383905;m2;190895;0;
..\..\world\generic\human\passivedoodads\footlockers\duskwoodfootlocker01.m2;20473.6484375;167.55577087402344;25150.4375;0;206.49998474121094;0;;1;70383691;m2;198238;0;
..\..\world\generic\human\passivedoodads\weapons&armor\humanbow01.m2;20473.576171875;168.027099609375;25150.30859375;-0.25248730182647705;299.0523986816406;-87.20649719238281;;1;70383957;m2;198646;0;
..\..\world\generic\human\passivedoodads\weapons&armor\humanbow01.m2;20507.72265625;167.3368682861328;25145.7734375;66.45729064941406;240.6244659423828;67.8018569946289;;1;70383566;m2;198646;0;
..\..\world\generic\passivedoodads\crate01\crate01.m2;20447.7578125;166.70989990234375;25142.3125;0;334;0;;0.7294921875;70383652;m2;199632;0;
..\..\world\azeroth\elwynn\passivedoodads\battlegladesword\battlegladesword.m2;20300.8671875;175.2598419189453;25459.0703125;81.03614807128906;302.9892578125;58.356937408447266;;1.029296875;69427827;m2;189687;0;
..\..\world\azeroth\elwynn\passivedoodads\battlegladeshield3\battlegladeshield3.m2;20299.6328125;175.58595275878906;25460.244140625;1.8439455032348633;59.444915771484375;-11.996644973754883;;0.6494140625;69427863;m2;189680;0;
..\..\world\azeroth\elwynn\passivedoodads\battlegladeshield3\battlegladeshield3.m2;20297.36328125;176.37506103515625;25458.90234375;45.34545135498047;39.51824951171875;-20.487947463989258;;0.6494140625;69427836;m2;189680;0;
..\..\world\generic\passivedoodads\furniture\containers\barrel02.m2;20443.083984375;165.50173950195312;25145.53125;0;335;0;;1;70383717;m2;199737;0;
..\..\world\azeroth\elwynn\passivedoodads\battlegladesword\battlegladesword.m2;20504.505859375;167.41612243652344;25136.498046875;77.21829223632812;314.3772277832031;-161.3887176513672;;1;70383965;m2;189687;0;
..\..\world\generic\passivedoodads\furniture\containers\sack01.m2;20442.1171875;165.49359130859375;25144.87109375;-0.10833711177110672;301.7499084472656;-1.617256760597229;;1;70383830;m2;199745;0;
..\..\world\azeroth\elwynn\passivedoodads\battlegladesword\battlegladesword.m2;20469.375;167.6345977783203;25149.505859375;25.849464416503906;304.071044921875;30.172561645507812;;1;70383655;m2;189687;0;
..\..\world\azeroth\elwynn\passivedoodads\battlegladesword\battlegladesword.m2;20296.068359375;176.2774200439453;25459.36328125;25.71660041809082;142.2808837890625;33.90350341796875;;1;69427859;m2;189687;0;
..\..\world\generic\passivedoodads\furniture\containers\sack01.m2;20442.333984375;165.68328857421875;25144.810546875;-1.599677562713623;33.84417724609375;-33.928340911865234;;1;70383829;m2;199745;0;
..\..\world\generic\orc\passivedoodads\shields\orcshield03.m2;20266.6328125;182.6280975341797;25068.78125;-90;191.5;0;;1;66782948;m2;199254;0;
..\..\world\generic\human\passivedoodads\weapons&armor\humanarrow.m2;20473.7421875;168.0117645263672;25150.56640625;-0.0000017075473124350538;33;-90;;1;70383902;m2;198642;0;
..\..\world\generic\human\passivedoodads\food&utensils\kitchenknife.m2;20470.1328125;167.71121215820312;25150.81640625;-0.17422814667224884;334.8042297363281;83.30296325683594;;1;70383801;m2;198234;0;
..\..\world\azeroth\westfall\passivedoodads\barrel\westfallbarrel01.m2;20475.380859375;167.5504913330078;25146.748046875;0;353;0;;1;70383890;m2;190535;0;
..\..\world\generic\human\passivedoodads\weapons&armor\humanarrow.m2;20473.5625;168.0117645263672;25150.56640625;-0.000005122642050991999;47.5;-90.00005340576172;;1;70383855;m2;198642;0;
..\..\world\generic\passivedoodads\fish\fishskel01.m2;20409.396484375;149.95724487304688;25235.076171875;19.44780731201172;287.9728088378906;-2.4668264389038086;;1.5595703125;70383772;m2;199710;0;
..\..\world\generic\human\passivedoodads\weapons&armor\orcarrow.m2;20297.01171875;176.69561767578125;25458.93359375;60.509212493896484;65.17791748046875;50.24042892456055;;1;69427857;m2;198658;0;
..\..\world\generic\human\passivedoodads\weapons&armor\orcarrow.m2;20296.794921875;176.69053649902344;25458.9375;62.14715576171875;58.292633056640625;61.765140533447266;;1;69427866;m2;198658;0;
..\..\world\generic\human\passivedoodads\food\bread01_nocollision.m2;20469.82421875;167.66012573242188;25150.16015625;-5.255526065826416;346.3603210449219;3.6675713062286377;;0.51953125;70383542;m2;244182;0;
..\..\world\generic\human\passivedoodads\weapons&armor\orcarrow.m2;20297.029296875;176.4958038330078;25458.947265625;63.33983612060547;104.85244750976562;67.45565032958984;;1;69427822;m2;198658;0;
..\..\world\generic\human\passivedoodads\food&utensils\haunch.m2;20470.095703125;167.7726287841797;25151.375;20.208648681640625;51.5775146484375;18.836688995361328;;0.5791015625;70383764;m2;198232;0;
..\..\world\azeroth\westfall\passivedoodads\westfallchair\westfallchair.m2;20444.234375;165.50173950195312;25147.681640625;0;75;0;;1;70383935;m2;190658;0;
..\..\world\generic\human\passivedoodads\lanterns\generallantern02.m2;20444.078125;165.99038696289062;25147.619140625;0;323.49993896484375;0;;0.5390625;70383962;m2;198328;0;
..\..\world\generic\human\passivedoodads\armor\armorhelmbluevisordown.m2;20509.23828125;169.2805633544922;25140.228515625;16.7822265625;273.5162658691406;-1.5945134162902832;;1.3193359375;70383684;m2;197869;0;
..\..\world\generic\human\passivedoodads\weapons&armor\orcarrow.m2;20301.03125;176.055419921875;25461.3828125;38.04914855957031;333.62347412109375;-55.74495315551758;;1;69427855;m2;198658;0;
..\..\world\generic\orc\passivedoodads\bowls\bowlwood02.m2;20470.185546875;167.6754913330078;25151.55859375;0;1;0;;1;70383525;m2;199122;0;
..\..\world\generic\human\passivedoodads\weapons&armor\orcarrow.m2;20300.81640625;175.9663848876953;25459.7265625;37.113101959228516;353.7339172363281;-45.76567459106445;;1;69427843;m2;198658;0;
..\..\world\generic\human\passivedoodads\armor\armorbreastplateblue.m2;20299.419921875;175.7462921142578;25459.560546875;-66.569091796875;92.49844360351562;-20.490537643432617;;0.75;69427852;m2;197864;0;
..\..\world\generic\human\passivedoodads\armor\armorbreastplateblue.m2;20296.853515625;176.5847625732422;25458.7578125;8.9089994430542;7.6689453125;-8.788028717041016;;0.859375;69427829;m2;197864;0;
..\..\world\generic\orc\passivedoodads\jars\jarorc01.m2;20301.947265625;171.73533630371094;25077.43359375;0;231.58392333984375;0;;1;66782670;m2;199179;0;
..\..\world\generic\passivedoodads\fish\fishskel01.m2;20402.59765625;151.2179718017578;25325.701171875;0;244.99996948242188;0;;1;70383776;m2;199710;0;
..\..\world\generic\passivedoodads\fish\fishskel01.m2;20373.126953125;149.09957885742188;25289.3671875;15.995889663696289;359.3594970703125;-4.556158542633057;;1;70383636;m2;199710;0;
..\..\world\generic\passivedoodads\fish\fishskel01.m2;20402.7421875;150.84152221679688;25310.6171875;0;87.00003051757812;0;;1;70383677;m2;199710;0;
..\..\world\generic\human\passivedoodads\armor\armorhelmbluevisordown.m2;20298.921875;175.78372192382812;25459.41796875;-55.914695739746094;66.03787231445312;4.80573034286499;;0.9091796875;69427847;m2;197869;0;
..\..\world\generic\passivedoodads\fish\fishskel01.m2;20427.388671875;150.5775909423828;25276.39453125;0;0;0;;1;70383666;m2;199710;0;
..\..\world\generic\passivedoodads\fish\fishskel01.m2;20369.9296875;150.14553833007812;25313.029296875;0;0;0;;1;70383914;m2;199710;0;
..\..\world\generic\human\passivedoodads\armor\armorhelmbluevisordown.m2;20296.8828125;177.0786590576172;25458.90625;26.069692611694336;9.53765869140625;8.644268989562988;;0.9091796875;69427844;m2;197869;0;
..\..\world\generic\human\passivedoodads\armor\armorlegplatesilver.m2;20297.0859375;176.2452850341797;25458.8828125;-85.4000244140625;354.4229736328125;-133.74172973632812;;1.08984375;69427823;m2;197898;0;
..\..\world\generic\human\passivedoodads\armor\armorshouldersilver.m2;20299.375;175.71263122558594;25459.3671875;-64.35704803466797;96.5152587890625;-73.97022247314453;;0.6494140625;69427834;m2;197908;0;
..\..\world\generic\human\passivedoodads\armor\armorlegplatesilver.m2;20299.95703125;175.5660858154297;25459.462890625;-73.93716430664062;237.08985900878906;57.290287017822266;;1.0595703125;69427840;m2;197898;0;
..\..\world\generic\human\passivedoodads\armor\armorlegplatesilver.m2;20299.9296875;175.53125;25459.83984375;-70.01232147216797;349.3961181640625;-92.63581085205078;;1.08984375;69427828;m2;197898;0;
..\..\world\generic\human\passivedoodads\armor\armorlegplatesilver.m2;20296.81640625;176.20985412597656;25458.8203125;-5.7372589111328125;7.110015869140625;169.28317260742188;;1.08984375;69427832;m2;197898;0;
..\..\world\generic\human\passivedoodads\armor\armorshouldersilver.m2;20296.6484375;176.69662475585938;25458.7734375;2.8733911514282227;194.39500427246094;-24.44198989868164;;0.6494140625;69427831;m2;197908;0;
..\..\world\generic\human\passivedoodads\armor\armorlegplatesilver.m2;20296.67578125;176.20806884765625;25458.78515625;-23.132648468017578;323.308349609375;175.72605895996094;;1.08984375;69427845;m2;197898;0;
..\..\world\generic\human\passivedoodads\armor\armorlegplatesilver.m2;20296.736328125;176.3367156982422;25459.044921875;-69.69384765625;179.59429931640625;-1.0718172788619995;;1.08984375;69427856;m2;197898;0;
..\..\world\generic\human\passivedoodads\armor\armorshouldersilver.m2;20299.244140625;175.7481689453125;25459.7265625;68.0481948852539;297.40643310546875;5.243091583251953;;0.6494140625;69427853;m2;197908;0;
..\..\world\generic\human\passivedoodads\mugs\mug01.m2;20443.240234375;166.49380493164062;25145.556640625;0;145.00003051757812;0;;1;70383885;m2;198360;0;
..\..\world\generic\human\passivedoodads\mugs\mug01.m2;20475.345703125;168.5425567626953;25146.91015625;0;28.500030517578125;0;;1;70383832;m2;198360;0;
..\..\world\generic\human\passivedoodads\mugs\mug01.m2;20475.4609375;168.54254150390625;25146.681640625;0;298.5;0;;1;70383892;m2;198360;0;
..\..\world\generic\human\passivedoodads\armor\armorshouldersilver.m2;20297.06640625;176.63075256347656;25458.7265625;-5.340103626251221;7.0355224609375;-42.88079833984375;;0.6494140625;69427848;m2;197908;0;
..\..\world\generic\human\passivedoodads\armor\armorlegplatesilver.m2;20297.26953125;176.2134552001953;25459.234375;-61.705501556396484;49.290771484375;-24.875280380249023;;0.7197265625;69427837;m2;197898;0;
..\..\world\generic\human\passivedoodads\armor\armorbracersilver.m2;20299.66015625;175.53652954101562;25460.0859375;-67.57622528076172;99.39083862304688;-29.818479537963867;;1;69427850;m2;197862;0;
..\..\world\generic\human\passivedoodads\armor\armorbracersilver.m2;20299.89453125;175.4705352783203;25459.1640625;-74.19171142578125;130.946533203125;-13.211451530456543;;1;69427858;m2;197862;0;
..\..\world\generic\human\passivedoodads\armor\armorbracersilver.m2;20296.47265625;176.27101135253906;25459;-43.05608367919922;8.14404296875;-17.44831085205078;;1;69427842;m2;197862;0;
..\..\world\generic\human\passivedoodads\armor\armorbracersilver.m2;20297.26953125;176.14292907714844;25458.828125;-24.087764739990234;8.056488037109375;16.138017654418945;;1;69427860;m2;197862;0;
..\..\world\generic\human\passivedoodads\armor\armorlegplatesilver.m2;20299.546875;175.65225219726562;25459.296875;-43.853702545166016;167.463623046875;-72.55118560791016;;0.619140625;69427869;m2;197898;0;
..\..\world\generic\human\passivedoodads\armor\armorlegplatesilver.m2;20296.744140625;176.361328125;25459.36328125;-50.8745002746582;351.2425537109375;0.34110429883003235;;0.6591796875;69427835;m2;197898;0;
..\..\world\wmo\azeroth\buildings\keepwall\keepbridge01.wmo;20309.064453125;158.75299072265625;25328.6171875;0;184.99998474121094;0;0;1;66782741;wmo;106994;0;Set_$DefaultGlobal
..\..\world\wmo\autogen-names\unknown\20421.wmo;20253.09375;180.9770050048828;25077.509765625;0;202;0;0;1;66782866;wmo;7571131;0;DefaultGlobal
..\..\world\wmo\autogen-names\unknown\20518.wmo;20300.236328125;166.48800659179688;25069.734375;0;222.99990844726562;0;0;1;68528001;wmo;7578998;0;Set_$DefaultGlobal
