ModelFile;PositionX;PositionY;PositionZ;RotationX;RotationY;RotationZ;RotationW;ScaleFactor;ModelId;Type;FileDataID;DoodadSetIndexes;DoodadSetNames
..\..\world\lordaeron\arathi\passivedoodads\trees\arathitree05.m2;18686.724609375;48.764583587646484;18320.57421875;0;312.5376281738281;0;;1.0595703125;212095;m2;203692;0;
..\..\world\lordaeron\alteracmountains\passivedoodads\trees\alteractree03.m2;18223.08203125;32.973365783691406;18426.7109375;0;118.29340362548828;0;;1.244140625;175191;m2;203619;0;
..\..\world\lordaeron\alteracmountains\passivedoodads\trees\alteractree03.m2;18275.2109375;49.07406997680664;18171.580078125;0;41.76031494140625;0;;1.240234375;175100;m2;203619;0;
..\..\world\lordaeron\alteracmountains\passivedoodads\trees\alteractree03.m2;18211.98828125;37.97241973876953;18280.4765625;0;191.376708984375;0;;1.1787109375;177334;m2;203619;0;
..\..\world\generic\dwarf\passivedoodads\battlements\dwarvenbattlementmossy04.m2;18365.322265625;154.51231384277344;18334.15625;0;234.5;0;;1.01953125;173771;m2;197243;0;
..\..\world\lordaeron\alteracmountains\passivedoodads\trees\alteractree03.m2;18471.001953125;61.48073196411133;18244.427734375;0;201.69317626953125;0;;1.06640625;175123;m2;203619;0;
..\..\world\lordaeron\alteracmountains\passivedoodads\trees\alteractree03.m2;18218.98046875;46.68501281738281;18207.4296875;0;179.8626708984375;0;;1.060546875;175102;m2;203619;0;
..\..\world\lordaeron\alteracmountains\passivedoodads\trees\alteractree03.m2;18121.408203125;47.06987762451172;18179.537109375;0;41.188995361328125;0;;1.021484375;177343;m2;203619;0;
..\..\world\lordaeron\alteracmountains\passivedoodads\trees\alteractree03.m2;18438.798828125;55.79061508178711;18201.990234375;0;157.32904052734375;0;;1.01953125;175095;m2;203619;0;
..\..\world\lordaeron\alteracmountains\passivedoodads\trees\alteractree03.m2;18270.751953125;50.12724304199219;18186.82421875;0;0;0;;1;200985;m2;203619;0;
..\..\world\lordaeron\alteracmountains\passivedoodads\trees\alteractree08.m2;18421.533203125;57.56479263305664;18134.974609375;0;340;0;;1;200984;m2;203623;0;
..\..\world\lordaeron\alteracmountains\passivedoodads\trees\alteractree03.m2;18362.32421875;58.01748275756836;18123.623046875;0;323.3924560546875;0;;0.9736328125;175099;m2;203619;0;
..\..\world\lordaeron\alteracmountains\passivedoodads\trees\alteractree03.m2;18229.416015625;36.2532844543457;18364.634765625;0;274.0929870605469;0;;0.9716796875;175189;m2;203619;0;
..\..\world\generic\dwarf\passivedoodads\battlements\dwarvenbattlementmossy04.m2;18343.201171875;154.23605346679688;18405.111328125;0;276.5;0;;1;173773;m2;197243;0;
..\..\world\lordaeron\alteracmountains\passivedoodads\trees\alteractree03.m2;18435.236328125;56.86347198486328;18125.884765625;0;347.6619873046875;0;;0.9541015625;175097;m2;203619;0;
..\..\world\lordaeron\alteracmountains\passivedoodads\trees\alteractree01.m2;18322.3359375;68.96977996826172;18294.138671875;0;238.43255615234375;0;;1.23046875;175108;m2;203617;0;
..\..\world\lordaeron\alteracmountains\passivedoodads\trees\alteractree03.m2;18423.34375;54.186378479003906;18202.666015625;0;344.234130859375;0;;0.8583984375;175096;m2;203619;0;
..\..\world\lordaeron\alteracmountains\passivedoodads\trees\alteractree01.m2;18194.009765625;35.99742889404297;18486.876953125;0;186.50958251953125;0;;1.2109375;177305;m2;203617;0;
..\..\world\lordaeron\alteracmountains\passivedoodads\trees\alteractree01.m2;18400.3125;61.79314422607422;18225.076171875;0;179.0386962890625;0;;1.2041015625;175107;m2;203617;0;
..\..\world\lordaeron\alteracmountains\passivedoodads\trees\alteractree01.m2;18355.068359375;56.79354476928711;18137.083984375;0;349.54071044921875;0;;1.17578125;175121;m2;203617;0;
..\..\world\lordaeron\alteracmountains\passivedoodads\trees\alteractree03.m2;18275.384765625;40.97243118286133;18300.244140625;0;79.67529296875;0;;0.77734375;175185;m2;203619;0;
..\..\world\lordaeron\alteracmountains\passivedoodads\trees\alteractree03.m2;18206.5546875;40.770137786865234;18265.099609375;0;143.672607421875;0;;0.7705078125;177335;m2;203619;0;
..\..\world\lordaeron\alteracmountains\passivedoodads\trees\alteractree03.m2;18492.953125;59.43860626220703;18255.1484375;0;330.10528564453125;0;;0.7568359375;175124;m2;203619;0;
..\..\world\lordaeron\alteracmountains\passivedoodads\trees\alteractree03.m2;18210.642578125;34.11986541748047;18392.693359375;0;331.0391845703125;0;;0.75390625;175190;m2;203619;0;
..\..\world\generic\dwarf\passivedoodads\battlements\dwarvenbattlementmossy05.m2;18313.537109375;100.23787689208984;18332.89453125;0;251;0;;1;173769;m2;197244;0;
..\..\world\lordaeron\alteracmountains\passivedoodads\trees\alteractree01.m2;18213.658203125;32.509544372558594;18536.28515625;0;303.46258544921875;0;;1.033203125;177309;m2;203617;0;
..\..\world\lordaeron\alteracmountains\passivedoodads\trees\alteractree01.m2;18362.0546875;78.2690658569336;18221.939453125;0;121.94097900390625;0;;1.0234375;175105;m2;203617;0;
..\..\world\lordaeron\alteracmountains\passivedoodads\trees\alteractree01.m2;18116.259765625;33.301490783691406;18300.845703125;0;126.36151123046875;0;;0.9755859375;177327;m2;203617;0;
..\..\world\lordaeron\alteracmountains\passivedoodads\trees\alteractree01.m2;18280.447265625;49.612369537353516;18448.15234375;0;186.80624389648438;0;;0.9677734375;175109;m2;203617;0;
..\..\world\lordaeron\alteracmountains\passivedoodads\trees\alteractree01.m2;18121.935546875;47.287940979003906;18129.158203125;0;6.273162841796875;0;;0.9248046875;175135;m2;203617;0;
..\..\world\lordaeron\alteracmountains\passivedoodads\trees\alteractree01.m2;18199.796875;32.446475982666016;18400.728515625;0;343.12445068359375;0;;0.9033203125;175192;m2;203617;0;
..\..\world\lordaeron\alteracmountains\passivedoodads\trees\alteractree01.m2;18182.107421875;34.75429153442383;18477.3671875;0;83.27890014648438;0;;0.8701171875;177306;m2;203617;0;
..\..\world\lordaeron\alteracmountains\passivedoodads\trees\alteractree01.m2;18472.9453125;60.87282943725586;18266.880859375;0;324.16326904296875;0;;0.8681640625;175122;m2;203617;0;
..\..\world\lordaeron\alteracmountains\passivedoodads\trees\alteractree01.m2;18162.830078125;36.954410552978516;18432.767578125;0;160.130615234375;0;;0.8671875;177307;m2;203617;0;
..\..\world\lordaeron\alteracmountains\passivedoodads\trees\alteractree01.m2;18201.375;45.45464324951172;18206.16796875;0;331.00616455078125;0;;0.857421875;175120;m2;203617;0;
..\..\world\lordaeron\alteracmountains\passivedoodads\trees\alteractree01.m2;18224.892578125;39.72140884399414;18528.076171875;0;22.40179443359375;0;;0.8544921875;177308;m2;203617;0;
..\..\world\lordaeron\alteracmountains\passivedoodads\trees\alteractree01.m2;18151.720703125;23.866426467895508;18342.380859375;0;248.63978576660156;0;;0.810546875;177330;m2;203617;0;
..\..\world\lordaeron\alteracmountains\passivedoodads\trees\alteractree01.m2;18277.5625;42.38108444213867;18309.02734375;0;57.75689697265625;0;;0.7724609375;175184;m2;203617;0;
..\..\world\lordaeron\alteracmountains\passivedoodads\trees\alteractree01.m2;18349.1796875;73.29995727539062;18205.03125;0;272.9791564941406;0;;0.6728515625;175106;m2;203617;0;
..\..\world\generic\dwarf\passivedoodads\battlements\dwarvenbattlementmossy03.m2;18308.4765625;107.63594818115234;18369.29296875;0;47;0;;1;173772;m2;197242;0;
..\..\world\lordaeron\alteracmountains\passivedoodads\trees\alteractree02.m2;18368.349609375;57.61509323120117;18129.029296875;0;212.7127685546875;0;;1.34765625;175115;m2;203618;0;
..\..\world\lordaeron\alteracmountains\passivedoodads\trees\alteractree02.m2;18486.0859375;61.8510627746582;18253.8359375;0;78.23602294921875;0;;1.2412109375;175127;m2;203618;0;
..\..\world\generic\dwarf\passivedoodads\battlements\dwarvenbattlementmossy02.m2;18366.2578125;130.1824951171875;18271.93359375;0;204.5;0;;1;173768;m2;197241;0;
..\..\world\lordaeron\alteracmountains\passivedoodads\trees\alteractree02.m2;18220.587890625;35.06553649902344;18366.314453125;0;131.8948974609375;0;;1.2197265625;175195;m2;203618;0;
..\..\world\lordaeron\alteracmountains\passivedoodads\trees\alteractree02.m2;18262.8515625;48.18375015258789;18187.41015625;0;291.7728271484375;0;;1.2109375;175117;m2;203618;0;
..\..\world\lordaeron\alteracmountains\passivedoodads\trees\alteractree02.m2;18320.955078125;63.75945281982422;18287.35546875;0;86.84957885742188;0;;1.20703125;175111;m2;203618;0;
..\..\world\lordaeron\alteracmountains\passivedoodads\trees\alteractree02.m2;18210.560546875;46.44783401489258;18199.970703125;0;344.475830078125;0;;1.140625;175119;m2;203618;0;
..\..\world\lordaeron\alteracmountains\passivedoodads\trees\alteractree02.m2;18130.6796875;46.40576171875;18173.439453125;0;24.2255859375;0;;1.1220703125;177345;m2;203618;0;
..\..\world\lordaeron\alteracmountains\passivedoodads\trees\alteractree02.m2;18189.05859375;34.63136672973633;18493.033203125;0;58.85552978515625;0;;1.119140625;177312;m2;203618;0;
..\..\world\lordaeron\alteracmountains\passivedoodads\trees\alteractree02.m2;18213.625;40.99319076538086;18261;0;280.45654296875;0;;1.1171875;177336;m2;203618;0;
..\..\world\lordaeron\alteracmountains\passivedoodads\trees\alteractree02.m2;18218.083984375;46.30601119995117;18200.15625;0;84.97085571289062;0;;1.0966796875;175118;m2;203618;0;
..\..\world\lordaeron\alteracmountains\passivedoodads\trees\alteractree02.m2;18153.619140625;23.252634048461914;18349.23828125;0;262.22967529296875;0;;1.0751953125;177331;m2;203618;0;
..\..\world\lordaeron\alteracmountains\passivedoodads\trees\alteractree02.m2;18164.0859375;37.32761001586914;18426.609375;0;112.50341796875;0;;1.0625;177313;m2;203618;0;
..\..\world\lordaeron\alteracmountains\passivedoodads\trees\alteractree02.m2;18128.630859375;46.701438903808594;18132.0859375;0;213.02041625976562;0;;1.056640625;175139;m2;203618;0;
..\..\world\lordaeron\alteracmountains\passivedoodads\trees\alteractree02.m2;18213.845703125;30.203617095947266;18433.2421875;0;217.37115478515625;0;;1.0498046875;175196;m2;203618;0;
..\..\world\lordaeron\alteracmountains\passivedoodads\trees\alteractree02.m2;18160.189453125;24.731767654418945;18366.712890625;0;277.32537841796875;0;;1.013671875;177333;m2;203618;0;
..\..\world\lordaeron\alteracmountains\passivedoodads\trees\alteractree02.m2;18212.1875;36.46322250366211;18290.95703125;0;58.42706298828125;0;;1.0048828125;177338;m2;203618;0;
..\..\world\lordaeron\alteracmountains\passivedoodads\trees\alteractree02.m2;18274.548828125;46.78837966918945;18445.091796875;0;78.95016479492188;0;;0.98828125;175110;m2;203618;0;
..\..\world\lordaeron\alteracmountains\passivedoodads\trees\alteractree02.m2;18194.296875;35.6574592590332;18495.67578125;0;196.77114868164062;0;;0.9853515625;177311;m2;203618;0;
..\..\world\lordaeron\alteracmountains\passivedoodads\trees\alteractree02.m2;18437.58203125;56.58946990966797;18190.67578125;0;309.60418701171875;0;;0.9462890625;175113;m2;203618;0;
..\..\world\lordaeron\alteracmountains\passivedoodads\trees\alteractree02.m2;18202.876953125;34.178646087646484;18385.791015625;0;340.1251220703125;0;;0.896484375;175194;m2;203618;0;
..\..\world\lordaeron\alteracmountains\passivedoodads\trees\alteractree02.m2;18270.564453125;39.79042053222656;18316.63671875;0;359.263671875;0;;0.88671875;175188;m2;203618;0;
..\..\world\lordaeron\alteracmountains\passivedoodads\trees\alteractree02.m2;18148.8984375;23.55108642578125;18348.111328125;0;263.526123046875;0;;0.8798828125;177332;m2;203618;0;
..\..\world\lordaeron\alteracmountains\passivedoodads\trees\alteractree02.m2;18472.15625;60.33423614501953;18236.8125;0;4.3067626953125;0;;0.8779296875;175126;m2;203618;0;
..\..\world\lordaeron\alteracmountains\passivedoodads\trees\alteractree02.m2;18132.58984375;46.491722106933594;18169.70703125;0;59.0093994140625;0;;0.873046875;177346;m2;203618;0;
..\..\world\lordaeron\alteracmountains\passivedoodads\trees\alteractree02.m2;18178.20703125;36.013282775878906;18473.4375;0;178.8189697265625;0;;0.84375;177310;m2;203618;0;
..\..\world\lordaeron\alteracmountains\passivedoodads\trees\alteractree02.m2;18209.6796875;36.65303421020508;18288.4375;0;65.77716064453125;0;;0.81640625;177337;m2;203618;0;
..\..\world\lordaeron\alteracmountains\passivedoodads\trees\alteractree02.m2;18210.056640625;33.52307891845703;18386.99609375;0;298.61749267578125;0;;0.7734375;175193;m2;203618;0;
..\..\world\lordaeron\alteracmountains\passivedoodads\trees\alteractree02.m2;18461.255859375;55.3774528503418;18173.474609375;1.5;24.93994140625;1.5000001192092896;;0.7529296875;175125;m2;203618;0;
..\..\world\lordaeron\alteracmountains\passivedoodads\trees\alteractree04.m2;18490.849609375;60.60624313354492;18247.53125;0;13.78826904296875;0;;1.2412109375;175128;m2;203620;0;
..\..\world\lordaeron\alteracmountains\passivedoodads\trees\alteractree04.m2;18216.251953125;30.347869873046875;18423.0859375;0;354.11114501953125;0;;1.234375;175199;m2;203620;0;
..\..\world\lordaeron\alteracmountains\passivedoodads\trees\alteractree04.m2;18269.556640625;40.457672119140625;18312.439453125;0;62.04168701171875;0;;1.2294921875;175186;m2;203620;0;
..\..\world\lordaeron\alteracmountains\passivedoodads\trees\alteractree04.m2;18135.27734375;45.68519973754883;18172.85546875;0;233.95001220703125;0;;1.1689453125;177347;m2;203620;0;
..\..\world\khazmodan\ironforge\passivedoodads\steamtank\ironforgesteamtank.m2;18279.701171875;40.4400520324707;18288.115234375;0;157.5;-4.499999523162842;;1;205416;m2;203226;0;
..\..\world\khazmodan\ironforge\passivedoodads\steamtank\ironforgesteamtank.m2;18262.2109375;40.367488861083984;18305.115234375;7.000000476837158;256;-3.499999523162842;;1;205415;m2;203226;0;
..\..\world\lordaeron\alteracmountains\passivedoodads\trees\alteractree04.m2;18282.798828125;50.02751159667969;18170.544921875;0;286.7189636230469;0;;1.0830078125;177341;m2;203620;0;
..\..\world\lordaeron\alteracmountains\passivedoodads\trees\alteractree04.m2;18215.9140625;37.221649169921875;18286.783203125;0;176.281005859375;0;;1.0634765625;177339;m2;203620;0;
..\..\world\lordaeron\alteracmountains\passivedoodads\trees\alteractree04.m2;18204.783203125;33.93683624267578;18381.818359375;0;292.3880615234375;0;;0.984375;175198;m2;203620;0;
..\..\world\lordaeron\alteracmountains\passivedoodads\trees\alteractree04.m2;18275.71875;39.75288391113281;18296.146484375;0;159.119873046875;0;;0.9326171875;175187;m2;203620;0;
..\..\world\lordaeron\alteracmountains\passivedoodads\trees\alteractree04.m2;18212.634765625;30.08584976196289;18426.396484375;0;320.53509521484375;0;;0.9111328125;175200;m2;203620;0;
..\..\world\lordaeron\alteracmountains\passivedoodads\trees\alteractree04.m2;18283.169921875;49.47388458251953;18166.775390625;0;72.30322265625;0;;0.904296875;177342;m2;203620;0;
..\..\world\lordaeron\alteracmountains\passivedoodads\trees\alteractree04.m2;18229.39453125;36.84502410888672;18358.39453125;0;224.77615356445312;0;;0.8681640625;175197;m2;203620;0;
..\..\world\lordaeron\arathi\passivedoodads\bushes\arathiplant06.m2;18625.408203125;37.834442138671875;18546.705078125;3.999999523162842;144.2393798828125;7.500000476837158;;1.439453125;211902;m2;203652;0;
..\..\world\lordaeron\arathi\passivedoodads\bushes\arathiplant06.m2;18574.326171875;48.502349853515625;18171.275390625;1.0000001192092896;51.912445068359375;-5;;1.4794921875;211292;m2;203652;0;
..\..\world\generic\dwarf\passivedoodads\excavationtentpavillion\excavationtentpavillion.m2;18245.158203125;38.32377243041992;18344.140625;0;308.5;0;;1;198287;m2;197383;0;
..\..\world\lordaeron\arathi\passivedoodads\bushes\arathiplant06.m2;18625.525390625;56.29901885986328;18329.302734375;3.499999761581421;225.00225830078125;3;;1.435546875;211970;m2;203652;0;
..\..\world\lordaeron\arathi\passivedoodads\bushes\arathiplant06.m2;18614.998046875;43.33515548706055;18508.62109375;-4.500000476837158;194.73939514160156;16.5;;1.439453125;212002;m2;203652;0;
..\..\world\lordaeron\alteracmountains\passivedoodads\trees\alteractree04.m2;18212.751953125;41.98064041137695;18257.798828125;0;211.6690216064453;0;;0.779296875;177340;m2;203620;0;
..\..\world\lordaeron\arathi\passivedoodads\bushes\arathiplant06.m2;18645.861328125;34.85276412963867;18513.494140625;7.000000476837158;54.4344482421875;-8.000001907348633;;1.3466796875;211900;m2;203652;0;
..\..\world\lordaeron\arathi\passivedoodads\bushes\arathiplant06.m2;18651.3828125;57.26552963256836;18257.02734375;-0.49999967217445374;220.9344024658203;7.999999046325684;;1.3466796875;211562;m2;203652;0;
..\..\world\lordaeron\arathi\passivedoodads\bushes\arathiplant06.m2;18621.58984375;56.81956481933594;18223.576171875;6;129.93438720703125;-0.5000002384185791;;1.3466796875;211462;m2;203652;0;
..\..\world\lordaeron\arathi\passivedoodads\bushes\arathiplant06.m2;18562.767578125;55.659488677978516;18381.275390625;5.500000476837158;340.4344177246094;-16.499998092651367;;1.3466796875;211962;m2;203652;0;
..\..\world\lordaeron\arathi\passivedoodads\bushes\arathiplant06.m2;18604.908203125;46.27421951293945;18471.203125;15.499999046325684;104.9344482421875;1.9999994039535522;;1.3466796875;212000;m2;203652;0;
..\..\world\lordaeron\arathi\passivedoodads\bushes\arathiplant06.m2;18652.19921875;51.90550994873047;18340.939453125;-2;105.50225830078125;-8.499999046325684;;1.435546875;211570;m2;203652;0;
..\..\world\lordaeron\arathi\passivedoodads\bushes\arathiplant06.m2;18513.67578125;58.02825927734375;18242.970703125;3.4999990463256836;77.73941040039062;-10.499999046325684;;1.439453125;211602;m2;203652;0;
..\..\world\lordaeron\arathi\passivedoodads\bushes\arathiplant06.m2;18537.67578125;53.690895080566406;18222.927734375;-3.9999990463256836;14.50225830078125;-8;;1.435546875;211470;m2;203652;0;
..\..\world\lordaeron\arathi\passivedoodads\bushes\arathiplant06.m2;18504.6171875;56.51567840576172;18197.62109375;-3;310.07659912109375;-6;;1.21484375;212018;m2;203652;0;
..\..\world\lordaeron\alteracmountains\passivedoodads\bushes\alteracshrub02.m2;18649.744140625;57.75481414794922;18260.451171875;-0.9999986290931702;223.1317138671875;12.999998092651367;;1.451171875;211561;m2;203596;0;
..\..\world\lordaeron\alteracmountains\passivedoodads\bushes\alteracshrub02.m2;18618.1953125;56.49859619140625;18221.876953125;11;132.13174438476562;-3.499999761581421;;1.451171875;211461;m2;203596;0;
..\..\world\lordaeron\arathi\passivedoodads\bushes\arathiplant06.m2;18668.185546875;53.94106674194336;18384.451171875;0;122.1558837890625;6.5;;1.2138671875;211975;m2;203652;0;
..\..\world\lordaeron\alteracmountains\passivedoodads\bushes\alteracshrub02.m2;18646.501953125;34.94619369506836;18509.470703125;9.499999046325684;56.631683349609375;-2.5;;1.451171875;211891;m2;203596;0;
..\..\world\lordaeron\arathi\passivedoodads\bushes\arathiplant06.m2;18610.732421875;44.57846450805664;18506.205078125;-2.500000238418579;319.87188720703125;-11.5;;1.1201171875;212006;m2;203652;0;
..\..\world\lordaeron\alteracmountains\passivedoodads\bushes\alteracshrub02.m2;18496.68359375;56.83633041381836;18195.05078125;0;17.44683837890625;0;;1.7099609375;212020;m2;203596;0;
..\..\world\lordaeron\arathi\passivedoodads\bushes\arathiplant06.m2;18636.92578125;52.539180755615234;18308.337890625;0.5;227.03672790527344;5;;1.18359375;211538;m2;203652;0;
..\..\world\lordaeron\arathi\passivedoodads\bushes\arathiplant06.m2;18552.306640625;53.67155838012695;18249.5703125;-3.000000238418579;345.9344177246094;-4.500000953674316;;1.3466796875;211600;m2;203652;0;
..\..\world\lordaeron\arathi\passivedoodads\bushes\arathiplant06.m2;18662.919921875;52.69847869873047;18312.529296875;-12.500001907348633;211.8719024658203;1.9999991655349731;;1.1201171875;211706;m2;203652;0;
..\..\world\lordaeron\arathi\passivedoodads\bushes\arathiplant06.m2;18534.49609375;61.46164321899414;18390.451171875;5.500000476837158;86.2393798828125;7;;1.439453125;211802;m2;203652;0;
..\..\world\lordaeron\alteracmountains\passivedoodads\bushes\alteracshrub02.m2;18602.21484375;46.51679229736328;18468.1484375;15.999998092651367;107.13170623779297;-0.0000017763604773790576;;1.451171875;211991;m2;203596;0;
..\..\world\lordaeron\arathi\passivedoodads\bushes\arathiplant06.m2;18660.5234375;53.43710708618164;18310.125;6;86.2393798828125;5.499999046325684;;1.439453125;211702;m2;203652;0;
..\..\world\lordaeron\alteracmountains\passivedoodads\bushes\alteracshrub02.m2;18610.25;48.59005355834961;18162.03125;0.4999997913837433;125.13170623779297;2;;1.451171875;211282;m2;203596;0;
..\..\world\lordaeron\arathi\passivedoodads\bushes\arathiplant06.m2;18537.572265625;60.90351104736328;18392.0859375;-7.499999523162842;211.8719024658203;-1.4999996423721313;;1.1201171875;211806;m2;203652;0;
..\..\world\lordaeron\arathi\passivedoodads\bushes\arathiplant06.m2;18610.287109375;50.32697296142578;18405.76171875;7.500000476837158;356.4344482421875;-8.000000953674316;;1.3466796875;211800;m2;203652;0;
..\..\world\lordaeron\alteracmountains\passivedoodads\bushes\alteracshrub02.m2;18566.5546875;54.539066314697266;18381.015625;-1.0000001192092896;342.6317138671875;-11.5;;1.451171875;211961;m2;203596;0;
..\..\world\lordaeron\arathi\passivedoodads\bushes\arathiplant06.m2;18517.2578125;56.93952941894531;18239.5859375;-1.0000003576278687;201.37188720703125;11.5;;1.1201171875;211606;m2;203652;0;
..\..\world\lordaeron\alteracmountains\passivedoodads\bushes\alteracshrub02.m2;18576.330078125;47.93500900268555;18175.65625;0.9999998807907104;141.83377075195312;-0.4999999403953552;;1.41015625;211294;m2;203596;0;
..\..\world\lordaeron\alteracmountains\passivedoodads\bushes\alteracshrub02.m2;18630.58203125;49.564491271972656;18409.986328125;18.5;324.3499755859375;-13.999999046325684;;1.2392578125;211931;m2;203596;0;
..\..\world\lordaeron\arathi\passivedoodads\bushes\arathiplant06.m2;18651.470703125;47.00917053222656;18134.892578125;-1.999999761581421;296.974365234375;-2;;1.1552734375;211267;m2;203652;0;
..\..\world\lordaeron\alteracmountains\passivedoodads\bushes\alteracshrub02.m2;18561.470703125;55.75532150268555;18384.181640625;7.500000953674316;139.13677978515625;12;;1.25;211953;m2;203596;0;
..\..\world\lordaeron\alteracmountains\passivedoodads\bushes\alteracshrub02.m2;18529.90625;53.62568664550781;18168.478515625;-1.5000003576278687;55.681732177734375;5;;1.3251953125;211293;m2;203596;0;
..\..\world\lordaeron\alteracmountains\passivedoodads\bushes\alteracshrub02.m2;18648.095703125;34.19278335571289;18514.81640625;-9.500000953674316;213.1367950439453;6.999999523162842;;1.25;211894;m2;203596;0;
..\..\world\lordaeron\alteracmountains\passivedoodads\bushes\alteracshrub02.m2;18551.662109375;54.250518798828125;18253.126953125;13;144.63677978515625;2;;1.25;211594;m2;203596;0;
..\..\world\lordaeron\alteracmountains\passivedoodads\bushes\alteracshrub02.m2;18610.30078125;49.23536682128906;18409.376953125;-15.999998092651367;155.1368408203125;11;;1.25;211794;m2;203596;0;
..\..\world\lordaeron\alteracmountains\passivedoodads\bushes\alteracshrub02.m2;18548.626953125;57.09130096435547;18297.376953125;-5;138.84747314453125;-12.999999046325684;;1.203125;211515;m2;203596;0;
..\..\world\lordaeron\alteracmountains\passivedoodads\bushes\alteracshrub02.m2;18572.896484375;47.90687561035156;18165.01171875;3.000000238418579;219.71743774414062;9;;1.2294921875;211430;m2;203596;0;
..\..\world\lordaeron\alteracmountains\passivedoodads\bushes\alteracshrub02.m2;18659.484375;39.471065521240234;18451.33203125;-7.500000476837158;215.34994506835938;-1.999999761581421;;1.2392578125;211731;m2;203596;0;
..\..\world\lordaeron\alteracmountains\passivedoodads\bushes\alteracshrub02.m2;18624.09375;56.36329650878906;18271.34375;10.999999046325684;329.8499755859375;3.500000476837158;;1.2392578125;211551;m2;203596;0;
..\..\world\lordaeron\arathi\passivedoodads\bushes\arathiplant06.m2;18657.619140625;44.901702880859375;18424.720703125;3.0000007152557373;44.474365234375;12;;0.9453125;211779;m2;203652;0;
..\..\world\lordaeron\alteracmountains\passivedoodads\bushes\alteracshrub02.m2;18568.82421875;48.91474533081055;18173.455078125;6.000000476837158;114.91644287109375;-2.000000238418579;;1.302734375;211289;m2;203596;0;
..\..\world\lordaeron\alteracmountains\passivedoodads\bushes\alteracshrub02.m2;18632.4765625;50.41376876831055;18407.611328125;14.499998092651367;70.21743774414062;14.99999713897705;;1.2294921875;211930;m2;203596;0;
..\..\world\lordaeron\alteracmountains\passivedoodads\bushes\alteracshrub02.m2;18601.25390625;46.87626266479492;18471.896484375;9.999999046325684;38.43212890625;-16.5;;1.134765625;211999;m2;203596;0;
..\..\world\lordaeron\alteracmountains\passivedoodads\bushes\alteracshrub02.m2;18661.3828125;39.0465087890625;18454.4296875;-0.4999997913837433;321.2174377441406;-6;;1.2294921875;211730;m2;203596;0;
..\..\world\lordaeron\arathi\passivedoodads\bushes\arathiplant06.m2;18500.181640625;57.04227828979492;18196.564453125;-0.5;170.22735595703125;3.500000238418579;;1.20703125;212017;m2;203652;0;
..\..\world\lordaeron\alteracmountains\passivedoodads\bushes\alteracshrub02.m2;18556.05078125;53.01701736450195;18248.951171875;-2.5;348.1317138671875;-3.000000238418579;;1.451171875;211591;m2;203596;0;
..\..\world\lordaeron\alteracmountains\passivedoodads\bushes\alteracshrub02.m2;18595.71875;53.261756896972656;18299.48046875;-2;310.7174377441406;-1.5000001192092896;;1.2294921875;211530;m2;203596;0;
..\..\world\lordaeron\alteracmountains\passivedoodads\bushes\alteracshrub02.m2;18624.201171875;56.126922607421875;18221.080078125;-8.499999046325684;288.63677978515625;11.000000953674316;;1.25;211453;m2;203596;0;
..\..\world\lordaeron\alteracmountains\passivedoodads\bushes\alteracshrub02.m2;18613.857421875;50.42061233520508;18404.46875;18.999998092651367;358.6316833496094;-3.999999523162842;;1.451171875;211791;m2;203596;0;
..\..\world\lordaeron\alteracmountains\passivedoodads\bushes\alteracshrub02.m2;18577.029296875;47.5621223449707;18163.669921875;6;113.8499526977539;-6.5;;1.2392578125;211431;m2;203596;0;
..\..\world\lordaeron\alteracmountains\passivedoodads\bushes\alteracshrub02.m2;18648.83984375;57.4161376953125;18254.4609375;-3.499999523162842;19.63677978515625;-12.5;;1.25;211553;m2;203596;0;
..\..\world\lordaeron\arathi\passivedoodads\bushes\arathiplant06.m2;18611.822265625;44.07079315185547;18510.77734375;16.000001907348633;120.84310913085938;12.00000286102295;;0.88671875;212004;m2;203652;0;
..\..\world\lordaeron\arathi\passivedoodads\bushes\arathiplant06.m2;18595.05859375;55.3007698059082;18245.533203125;4.000000476837158;33.974365234375;7.999999046325684;;0.9453125;211579;m2;203652;0;
..\..\world\lordaeron\alteracmountains\passivedoodads\bushes\alteracshrub02.m2;18615.380859375;43.57990646362305;18453.439453125;5.500000476837158;149.34747314453125;4;;1.203125;211715;m2;203596;0;
..\..\world\lordaeron\arathi\passivedoodads\bushes\arathiplant06.m2;18651.15234375;58.97682571411133;18278.30859375;-6.499999523162842;264.9324035644531;-5.5;;1.181640625;212044;m2;203652;0;
..\..\world\lordaeron\arathi\passivedoodads\bushes\arathiplant06.m2;18634.064453125;46.340267181396484;18167.458984375;-5.000000476837158;302.974365234375;-5.500000476837158;;0.9453125;211479;m2;203652;0;
..\..\world\lordaeron\alteracmountains\passivedoodads\bushes\alteracshrub02.m2;18203.509765625;34.74725341796875;18383.30078125;0;40.079345703125;0;;1.2314453125;177513;m2;203596;0;
..\..\world\lordaeron\alteracmountains\passivedoodads\bushes\alteracshrub02.m2;18629.32421875;50.59120178222656;18407.509765625;-11;124.21685791015625;16.499998092651367;;1.091796875;211933;m2;203596;0;
..\..\world\lordaeron\arathi\passivedoodads\bushes\arathiplant06.m2;18571.771484375;55.115943908691406;18211.201171875;3.999999523162842;136.0367431640625;-3.000000238418579;;0.943359375;211438;m2;203652;0;
..\..\world\lordaeron\alteracmountains\passivedoodads\bushes\alteracshrub02.m2;18594.595703125;53.13928985595703;18295.626953125;2.499999523162842;204.8499755859375;-3.999999523162842;;1.2392578125;211531;m2;203596;0;
..\..\world\lordaeron\arathi\passivedoodads\bushes\arathiplant06.m2;18532.689453125;53.309810638427734;18171.033203125;4;49.19793701171875;1.0000001192092896;;0.9541015625;211471;m2;203652;0;
..\..\world\lordaeron\arathi\passivedoodads\bushes\arathiplant06.m2;18574.525390625;54.4151611328125;18335.736328125;4;140.19793701171875;1;;0.9541015625;211571;m2;203652;0;
..\..\world\lordaeron\alteracmountains\passivedoodads\bushes\alteracshrub02.m2;18607.87109375;50.66472625732422;18362.634765625;-4;23.84747314453125;7.000000476837158;;1.203125;211942;m2;203596;0;
..\..\world\lordaeron\arathi\passivedoodads\bushes\arathiplant06.m2;18577.1171875;53.958072662353516;18332;0;2.6558837890625;6.500001430511475;;1.2138671875;211575;m2;203652;0;
..\..\world\lordaeron\alteracmountains\passivedoodads\bushes\alteracshrub02.m2;18618.908203125;56.92668914794922;18225.6796875;0.999999463558197;63.43212890625;-14.500001907348633;;1.134765625;211458;m2;203596;0;
..\..\world\lordaeron\arathi\passivedoodads\bushes\arathiplant06.m2;18580.501953125;51.25114822387695;18435.95703125;1.999999761581421;153.474365234375;7.000000476837158;;0.9453125;211979;m2;203652;0;
..\..\world\lordaeron\arathi\passivedoodads\bushes\arathiplant06.m2;18532.830078125;53.155677795410156;18167.3203125;6.403302563739999e-7;271.6558837890625;6.5;;1.2138671875;211475;m2;203652;0;
..\..\world\lordaeron\alteracmountains\passivedoodads\bushes\alteracshrub02.m2;18135.134765625;46.317630767822266;18168.96875;0;324.2603759765625;0;;1.1943359375;199102;m2;203596;0;
..\..\world\lordaeron\arathi\passivedoodads\bushes\arathiplant06.m2;18621.767578125;42.7231330871582;18455.08203125;9.500000953674316;112.0367431640625;-1.499999761581421;;0.943359375;211713;m2;203652;0;
..\..\world\lordaeron\alteracmountains\passivedoodads\bushes\alteracshrub02.m2;18610.818359375;48.255130767822266;18164.9921875;6.000000476837158;56.43212890625;-1.9999995231628418;;1.134765625;211286;m2;203596;0;
..\..\world\lordaeron\arathi\passivedoodads\bushes\arathiplant06.m2;18574.611328125;54.26498031616211;18302.48828125;-0.49999967217445374;157.974365234375;-8.999999046325684;;0.9453125;211524;m2;203652;0;
..\..\world\lordaeron\alteracmountains\passivedoodads\bushes\alteracshrub02.m2;18454.556640625;57.7293701171875;18169.625;0;215.98680114746094;0;;1.1875;199146;m2;203596;0;
..\..\world\lordaeron\arathi\passivedoodads\bushes\arathiplant06.m2;18608.408203125;50.749752044677734;18365.767578125;-4;59.7628173828125;5;;0.9208984375;211940;m2;203652;0;
..\..\world\lordaeron\alteracmountains\passivedoodads\bushes\alteracshrub02.m2;18653.533203125;56.72346496582031;18259.671875;9;154.43212890625;6.499999523162842;;1.134765625;211558;m2;203596;0;
..\..\world\lordaeron\alteracmountains\passivedoodads\bushes\alteracshrub02.m2;18648.55078125;58.28643035888672;18281.787109375;8;304.196044921875;-9.499999046325684;;1.072265625;211534;m2;203596;0;
..\..\world\lordaeron\alteracmountains\passivedoodads\bushes\alteracshrub02.m2;18610.607421875;51.024044036865234;18402.369140625;-2.500000476837158;289.93212890625;-15.499999046325684;;1.134765625;211799;m2;203596;0;
..\..\world\lordaeron\alteracmountains\passivedoodads\bushes\alteracshrub02.m2;18203.720703125;41.237571716308594;18267.392578125;0;47.90185546875;0;;1.1572265625;199097;m2;203596;0;
..\..\world\lordaeron\alteracmountains\passivedoodads\bushes\alteracshrub02.m2;18625.783203125;57.33715057373047;18266.193359375;-8.5;129.7169189453125;1.9999995231628418;;1.091796875;211545;m2;203596;0;
..\..\world\lordaeron\arathi\passivedoodads\bushes\arathiplant06.m2;18623.318359375;38.63194274902344;18543.298828125;-11.500000953674316;269.87188720703125;1.5000009536743164;;1.1201171875;211906;m2;203652;0;
..\..\world\lordaeron\alteracmountains\passivedoodads\bushes\alteracshrub02.m2;18622.48046875;56.41447830200195;18331.072265625;2.499999761581421;287.17578125;3;;1.25390625;211963;m2;203596;0;
..\..\world\lordaeron\alteracmountains\passivedoodads\bushes\alteracshrub02.m2;18624.658203125;53.4630012512207;18395.728515625;-12;143.8876953125;2.5;;1.0576171875;211947;m2;203596;0;
..\..\world\lordaeron\alteracmountains\passivedoodads\bushes\alteracshrub02.m2;18213.30859375;30.461652755737305;18431.267578125;0;135.421630859375;0;;1.140625;177521;m2;203596;0;
..\..\world\lordaeron\alteracmountains\passivedoodads\bushes\alteracshrub02.m2;18152.009765625;23.873117446899414;18349.654296875;0;296.595947265625;0;;1.1962890625;177506;m2;203596;0;
..\..\world\lordaeron\alteracmountains\passivedoodads\bushes\alteracshrub02.m2;18626.8046875;56.85468292236328;18269.3125;-6;75.71743774414062;6.5;;1.2294921875;211544;m2;203596;0;
..\..\world\lordaeron\alteracmountains\passivedoodads\bushes\alteracshrub02.m2;18651.8828125;51.501731872558594;18337.123046875;5.500000476837158;167.67578125;-7.500000476837158;;1.25390625;211563;m2;203596;0;
..\..\world\lordaeron\arathi\passivedoodads\bushes\arathiplant06.m2;18569.908203125;55.02912521362305;18209.33203125;2.500000238418579;209.2628173828125;1.5000001192092896;;0.9208984375;211440;m2;203652;0;
..\..\world\lordaeron\alteracmountains\passivedoodads\bushes\alteracshrub02.m2;18625.46875;54.07509231567383;18390.251953125;4.000000476837158;195.21739196777344;-5.000000476837158;;1.2294921875;211944;m2;203596;0;
..\..\world\lordaeron\arathi\passivedoodads\bushes\arathiplant06.m2;18567.5390625;50.20704650878906;18137.6015625;3;66.974365234375;3;;0.9453125;211424;m2;203652;0;
..\..\world\lordaeron\alteracmountains\passivedoodads\bushes\alteracshrub03.m2;18510.697265625;58.43362045288086;18242.498046875;0.9999998807907104;240.421142578125;-5;;1.4365234375;212008;m2;203597;0;
..\..\world\lordaeron\alteracmountains\passivedoodads\bushes\alteracshrub02.m2;18541.5;53.337703704833984;18222.677734375;3.999999523162842;76.67578125;-1;;1.25390625;211463;m2;203596;0;
..\..\world\lordaeron\alteracmountains\passivedoodads\bushes\alteracshrub02.m2;18607.99609375;45.376304626464844;18469.9609375;-15.499999046325684;263.6367492675781;7.000000476837158;;1.25;211994;m2;203596;0;
..\..\world\lordaeron\arathi\passivedoodads\bushes\arathiplant06.m2;18638.314453125;52.46272277832031;18310.283203125;-1.5;300.2628173828125;-0.5000001192092896;;0.9208984375;211540;m2;203652;0;
..\..\world\lordaeron\arathi\passivedoodads\bushes\arathiplant06.m2;18620.66796875;39.014366149902344;18546.337890625;14.500001907348633;73.84310913085938;0.5000002384185791;;0.88671875;211904;m2;203652;0;
..\..\world\lordaeron\alteracmountains\passivedoodads\bushes\alteracshrub02.m2;18632.484375;51.7690315246582;18404.11328125;18.999998092651367;18.8876953125;-4.500000476837158;;1.0576171875;211929;m2;203596;0;
..\..\world\lordaeron\alteracmountains\passivedoodads\bushes\alteracshrub02.m2;18643;35.35255813598633;18511.11328125;-2.499999761581421;347.93212890625;-15.499999046325684;;1.134765625;211899;m2;203596;0;
..\..\world\lordaeron\arathi\passivedoodads\bushes\arathiplant06.m2;18639.103515625;44.288265228271484;18420.955078125;5;323.25579833984375;-4;;0.8388671875;211920;m2;203652;0;
..\..\world\lordaeron\alteracmountains\passivedoodads\bushes\alteracshrub02.m2;18130.8203125;46.60237503051758;18131.947265625;0;161.89947509765625;0;;1.21484375;199104;m2;203596;0;
..\..\world\lordaeron\alteracmountains\passivedoodads\bushes\alteracshrub02.m2;18573.658203125;54.960105895996094;18214.423828125;1.5000001192092896;213.19602966308594;-3.500000238418579;;1.072265625;211434;m2;203596;0;
..\..\world\lordaeron\alteracmountains\passivedoodads\bushes\alteracshrub02.m2;18418.70703125;54.220848083496094;18203.14453125;0;331.6104736328125;0;;1.12890625;199150;m2;203596;0;
..\..\world\lordaeron\alteracmountains\passivedoodads\bushes\alteracshrub03.m2;18608.5625;48.68060302734375;18163.345703125;-6.000000476837158;40.63287353515625;2.000000476837158;;1.3662109375;211281;m2;203597;0;
..\..\world\lordaeron\alteracmountains\passivedoodads\bushes\alteracshrub03.m2;18616.796875;56.95271301269531;18223.49609375;-6;49.63287353515625;2;;1.3662109375;211459;m2;203597;0;
..\..\world\lordaeron\alteracmountains\passivedoodads\bushes\alteracshrub03.m2;18651.384765625;57.70649719238281;18261.822265625;-6.000000953674316;140.63287353515625;2.000000238418579;;1.3662109375;211559;m2;203597;0;
..\..\world\lordaeron\alteracmountains\passivedoodads\bushes\alteracshrub03.m2;18556.234375;53.03420639038086;18246.818359375;-6;265.63287353515625;1.9999994039535522;;1.3662109375;211590;m2;203597;0;
..\..\world\lordaeron\alteracmountains\passivedoodads\bushes\alteracshrub03.m2;18613.314453125;51.47172546386719;18401.6484375;-6;276.1329040527344;1.9999994039535522;;1.3662109375;211790;m2;203597;0;
..\..\world\lordaeron\alteracmountains\passivedoodads\bushes\alteracshrub03.m2;18644.5859375;35.590415954589844;18508.51953125;-6;334.13287353515625;2;;1.3662109375;211890;m2;203597;0;
..\..\world\lordaeron\alteracmountains\passivedoodads\bushes\alteracshrub03.m2;18566.939453125;54.76313781738281;18378.91015625;-6;260.13287353515625;1.999999761581421;;1.3662109375;211959;m2;203597;0;
..\..\world\lordaeron\alteracmountains\passivedoodads\bushes\alteracshrub03.m2;18600.26171875;47.20991134643555;18469.021484375;-6.000000476837158;24.63287353515625;2;;1.3662109375;211990;m2;203597;0;
..\..\world\lordaeron\alteracmountains\passivedoodads\bushes\alteracshrub02.m2;18613.23046875;48.33106231689453;18162.275390625;-2.499999761581421;281.63677978515625;0.9999998807907104;;1.25;211285;m2;203596;0;
..\..\world\lordaeron\arathi\passivedoodads\bushes\arathiplant06.m2;18554.60546875;56.4866828918457;18300.158203125;-3.499999523162842;101.5367431640625;-9.499999046325684;;0.943359375;211513;m2;203652;0;
..\..\world\lordaeron\arathi\passivedoodads\bushes\arathiplant06.m2;18659.287109375;36.85384750366211;18475.294921875;-3.000000238418579;148.25579833984375;6;;0.8388671875;211884;m2;203652;0;
..\..\world\lordaeron\alteracmountains\passivedoodads\bushes\alteracshrub02.m2;18622.076171875;56.89801025390625;18266.025390625;3.499999523162842;24.3876953125;11;;1.0576171875;211547;m2;203596;0;
..\..\world\lordaeron\alteracmountains\passivedoodads\bushes\alteracshrub02.m2;18206.802734375;34.27818298339844;18393.42578125;0;29.99359130859375;0;;1.1025390625;177515;m2;203596;0;
..\..\world\lordaeron\arathi\passivedoodads\bushes\arathiplant06.m2;18637.078125;43.73408508300781;18423.845703125;3.5;261.474365234375;-11.000000953674316;;0.9453125;211924;m2;203652;0;
..\..\world\lordaeron\alteracmountains\passivedoodads\bushes\alteracshrub02.m2;18600.24609375;50.845924377441406;18365.087890625;4.5;63.696014404296875;0.5;;1.072265625;211934;m2;203596;0;
..\..\world\lordaeron\arathi\passivedoodads\bushes\arathiplant06.m2;18513.1875;57.43315887451172;18238.783203125;-3;1.8431396484375;-7.500000476837158;;1.046875;211604;m2;203652;0;
..\..\world\lordaeron\alteracmountains\passivedoodads\bushes\alteracshrub02.m2;18436.849609375;56.72195816040039;18197.275390625;0;286.5541687011719;0;;1.1767578125;199148;m2;203596;0;
..\..\world\lordaeron\arathi\passivedoodads\bushes\arathiplant06.m2;18499.12109375;56.94730758666992;18199.98828125;2.499999523162842;122.56719970703125;6.499999046325684;;0.8095703125;212016;m2;203652;0;
..\..\world\lordaeron\alteracmountains\passivedoodads\bushes\alteracshrub02.m2;18628.12109375;56.21071243286133;18332.46484375;-9;309.79736328125;-0.49999967217445374;;0.9716796875;211966;m2;203596;0;
..\..\world\lordaeron\alteracmountains\passivedoodads\bushes\alteracshrub02.m2;18623.861328125;53.98918151855469;18392.68359375;2;249.2169189453125;-3.000000476837158;;1.091796875;211945;m2;203596;0;
..\..\world\lordaeron\arathi\passivedoodads\bushes\arathiplant06.m2;18603.642578125;50.958961486816406;18363.505859375;2.000000476837158;346.5367431640625;-2.5;;0.943359375;211938;m2;203652;0;
..\..\world\lordaeron\arathi\passivedoodads\bushes\arathiplant06.m2;18579.2578125;54.06496047973633;18303.927734375;5.000000476837158;203.7557830810547;-4;;0.8388671875;211520;m2;203652;0;
..\..\world\lordaeron\arathi\passivedoodads\bushes\arathiplant06.m2;18549.626953125;56.95132827758789;18294.580078125;-0.9999997019767761;330.5537109375;11.499999046325684;;0.783203125;211509;m2;203652;0;
..\..\world\lordaeron\arathi\passivedoodads\bushes\arathiplant06.m2;18554.681640625;55.315826416015625;18412.392578125;5;138.071044921875;10.5;;0.7490234375;211985;m2;203652;0;
..\..\world\lordaeron\arathi\passivedoodads\bushes\arathiplant06.m2;18666.03515625;54.26130676269531;18381.427734375;3.999999523162842;259.69793701171875;0.9999997615814209;;0.9541015625;211971;m2;203652;0;
..\..\world\lordaeron\arathi\passivedoodads\bushes\arathiplant06.m2;18657.62109375;37.30006408691406;18471.92578125;2.5;102.47437286376953;0.9999998807907104;;0.9453125;211879;m2;203652;0;
..\..\world\lordaeron\arathi\passivedoodads\bushes\arathiplant06.m2;18605.193359375;51.13430404663086;18360.513671875;6.403302563739999e-7;215.5537109375;-7.000000476837158;;0.783203125;211941;m2;203652;0;
..\..\world\lordaeron\arathi\passivedoodads\bushes\arathiplant06.m2;18570.51171875;50.09896469116211;18137.349609375;1.9999995231628418;112.75579833984375;6.000000953674316;;0.8388671875;211420;m2;203652;0;
..\..\world\lordaeron\alteracmountains\passivedoodads\bushes\alteracshrub02.m2;18653.59765625;52.09721755981445;18343.98046875;10.500000953674316;255.01979064941406;6;;1.056640625;211568;m2;203596;0;
..\..\world\lordaeron\arathi\passivedoodads\bushes\arathiplant06.m2;18583.5078125;50.648643493652344;18437.123046875;-3.000000238418579;199.25576782226562;6.000000476837158;;0.8388671875;211984;m2;203652;0;
..\..\world\lordaeron\arathi\passivedoodads\bushes\arathiplant06.m2;18658.9296875;54.134883880615234;18306.412109375;7.500000476837158;12.3431396484375;-5.5;;0.88671875;211704;m2;203652;0;
..\..\world\lordaeron\alteracmountains\passivedoodads\bushes\alteracshrub02.m2;18133.02734375;46.506553649902344;18172.876953125;0;13.98602294921875;0;;1.1630859375;199101;m2;203596;0;
..\..\world\lordaeron\alteracmountains\passivedoodads\bushes\alteracshrub02.m2;18211.4609375;33.93971633911133;18386.78125;0;42.58428955078125;0;;1;199088;m2;203596;0;
..\..\world\lordaeron\alteracmountains\passivedoodads\bushes\alteracshrub02.m2;18212.197265625;36.81372833251953;18292.1484375;0;220.5242919921875;0;;1;199089;m2;203596;0;
..\..\world\lordaeron\alteracmountains\passivedoodads\bushes\alteracshrub02.m2;18221.205078125;35.82036590576172;18365.86328125;0;220.51332092285156;0;;1;199087;m2;203596;0;
..\..\world\lordaeron\alteracmountains\passivedoodads\bushes\alteracshrub02.m2;18275.18359375;42.3921012878418;18305.501953125;0;230.12664794921875;0;;1;199081;m2;203596;0;
..\..\world\lordaeron\alteracmountains\passivedoodads\bushes\alteracshrub02.m2;18268.23828125;40.92534255981445;18312.224609375;0;309.4283447265625;0;;1;199079;m2;203596;0;
..\..\world\lordaeron\alteracmountains\passivedoodads\bushes\alteracshrub02.m2;18276.486328125;41.38829803466797;18296.787109375;0;38.73895263671875;0;;1;199082;m2;203596;0;
..\..\world\lordaeron\alteracmountains\passivedoodads\bushes\alteracshrub02.m2;18209.00390625;41.7382698059082;18263.166015625;0;218.5357208251953;0;;1;199092;m2;203596;0;
..\..\world\lordaeron\alteracmountains\passivedoodads\bushes\alteracshrub02.m2;18534.611328125;54.09621047973633;18224.2734375;2.500000476837158;164.019775390625;7.000001430511475;;1.056640625;211468;m2;203596;0;
..\..\world\lordaeron\alteracmountains\passivedoodads\bushes\alteracshrub02.m2;18268.666015625;41.08815002441406;18311.0625;0;323.3924560546875;0;;1;199078;m2;203596;0;
..\..\world\lordaeron\alteracmountains\passivedoodads\bushes\alteracshrub02.m2;18231.7734375;37.10294723510742;18360.82421875;0;35.8934326171875;0;;1;199084;m2;203596;0;
..\..\world\lordaeron\alteracmountains\passivedoodads\bushes\alteracshrub02.m2;18640.990234375;52.37916564941406;18308.474609375;-3;264.34747314453125;-4.999999046325684;;1.203125;211542;m2;203596;0;
..\..\world\lordaeron\arathi\passivedoodads\bushes\arathiplant06.m2;18536.03125;61.58655548095703;18388.42578125;2.999999761581421;11.8431396484375;-5.499999523162842;;0.88671875;211804;m2;203652;0;
..\..\world\lordaeron\arathi\passivedoodads\bushes\arathiplant03.m2;18625.951171875;56.344764709472656;18335.0078125;0.5;136.83428955078125;-3.000000238418579;;1.4677734375;211967;m2;203646;0;
..\..\world\lordaeron\alteracmountains\passivedoodads\bushes\alteracshrub02.m2;18553.23828125;53.017189025878906;18246.29296875;-2.999999523162842;279.43212890625;-5.999999523162842;;1.134765625;211599;m2;203596;0;
..\..\world\lordaeron\alteracmountains\passivedoodads\bushes\alteracshrub03.m2;18513.18359375;57.28300094604492;18236.7421875;7.499998569488525;249.32034301757812;9.499998092651367;;1.140625;212007;m2;203597;0;
..\..\world\lordaeron\alteracmountains\passivedoodads\bushes\alteracshrub02.m2;18203.703125;34.571197509765625;18381.4296875;0;315.5809326171875;0;;0.9658203125;177514;m2;203596;0;
..\..\world\lordaeron\arathi\passivedoodads\bushes\arathiplant06.m2;18552.5546875;56.529762268066406;18295.3671875;2.5;174.7628173828125;-8.000000953674316;;0.9208984375;211510;m2;203652;0;
..\..\world\lordaeron\alteracmountains\passivedoodads\bushes\alteracshrub02.m2;18210.015625;41.26893615722656;18264.861328125;0;150.86886596679688;0;;1;199093;m2;203596;0;
..\..\world\lordaeron\alteracmountains\passivedoodads\bushes\alteracshrub02.m2;18570.041015625;54.73652267456055;18214.29296875;1;173.34747314453125;-1;;1.203125;211442;m2;203596;0;
..\..\world\lordaeron\alteracmountains\passivedoodads\bushes\alteracshrub02.m2;18564.009765625;55.317832946777344;18378.1015625;-11;273.9321594238281;-5.000000476837158;;1.134765625;211958;m2;203596;0;
..\..\world\lordaeron\alteracmountains\passivedoodads\bushes\alteracshrub02.m2;18273.13671875;41.1279411315918;18297.505859375;0;61.92083740234375;0;;1;199083;m2;203596;0;
..\..\world\lordaeron\alteracmountains\passivedoodads\bushes\alteracshrub02.m2;18662.7734375;39.374053955078125;18450.734375;-0.5;15.21685791015625;-0.5;;1.091796875;211733;m2;203596;0;
..\..\world\lordaeron\alteracmountains\passivedoodads\bushes\alteracshrub02.m2;18617.671875;43.39790725708008;18455.05078125;-1.500000238418579;189.69602966308594;8.500000953674316;;1.072265625;211716;m2;203596;0;
..\..\world\lordaeron\alteracmountains\passivedoodads\bushes\alteracshrub02.m2;18200.40625;34.66892623901367;18395.1484375;0;241.70660400390625;0;;0.9931640625;177517;m2;203596;0;
..\..\world\lordaeron\arathi\passivedoodads\bushes\arathiplant06.m2;18631.322265625;46.712547302246094;18164.888671875;-3.000000238418579;348.75579833984375;-8;;0.8388671875;211484;m2;203652;0;
..\..\world\lordaeron\alteracmountains\passivedoodads\bushes\alteracshrub02.m2;18572.666015625;48.37099075317383;18167.8125;5.5;167.8876953125;1.5000001192092896;;1.0576171875;211429;m2;203596;0;
..\..\world\lordaeron\alteracmountains\passivedoodads\bushes\alteracshrub03.m2;18576.970703125;54.31083679199219;18336.33984375;3;346.18975830078125;-8.999999046325684;;1.138671875;212054;m2;203597;0;
..\..\world\lordaeron\alteracmountains\passivedoodads\bushes\alteracshrub02.m2;18624.41015625;55.7161750793457;18326.080078125;-4.499999523162842;12.019775390625;-4.999998569488525;;1.056640625;211968;m2;203596;0;
..\..\world\lordaeron\alteracmountains\passivedoodads\bushes\alteracshrub02.m2;18503.265625;56.75947952270508;18194.42578125;3;53.85662841796875;0;;0.9267578125;212019;m2;203596;0;
..\..\world\lordaeron\arathi\passivedoodads\bushes\arathiplant06.m2;18618.876953125;43.347267150878906;18450.74609375;0;185.26278686523438;5.5;;0.9208984375;211710;m2;203652;0;
..\..\world\lordaeron\arathi\passivedoodads\bushes\arathiplant06.m2;18653.072265625;46.91337203979492;18136.830078125;2.000000238418579;343.25579833984375;2;;0.8388671875;211271;m2;203652;0;
..\..\world\lordaeron\alteracmountains\passivedoodads\bushes\alteracshrub02.m2;18195.671875;37.798439025878906;18482.4453125;0;148.3309326171875;0;;0.958984375;177527;m2;203596;0;
..\..\world\lordaeron\alteracmountains\passivedoodads\bushes\alteracshrub02.m2;18347.658203125;57.42125701904297;18135.9765625;0;146.41925048828125;0;;0.951171875;176154;m2;203596;0;
..\..\world\lordaeron\arathi\passivedoodads\bushes\arathiplant06.m2;18660.11328125;37.21786880493164;18471.939453125;13.000000953674316;52.93548583984375;-0.4999997317790985;;0.6865234375;211881;m2;203652;0;
..\..\world\lordaeron\alteracmountains\passivedoodads\bushes\alteracshrub02.m2;18214.01171875;37.12113952636719;18289.91796875;0;337.68609619140625;0;;1;199090;m2;203596;0;
..\..\world\lordaeron\alteracmountains\passivedoodads\bushes\alteracshrub02.m2;18216.203125;37.69163131713867;18284.35546875;0;111.657470703125;0;;1;199091;m2;203596;0;
..\..\world\lordaeron\arathi\passivedoodads\bushes\arathiplant06.m2;18592.533203125;54.79521179199219;18248.3203125;-3.0000007152557373;79.75579833984375;6;;0.8388671875;211584;m2;203652;0;
..\..\world\lordaeron\alteracmountains\passivedoodads\bushes\alteracshrub02.m2;18628.1875;54.142696380615234;18391.69921875;-0.49999988079071045;89.3499755859375;2;;1.2392578125;211951;m2;203596;0;
..\..\world\lordaeron\alteracmountains\passivedoodads\bushes\alteracshrub02.m2;18230.267578125;37.18288040161133;18357.751953125;0;340.5206604003906;0;;1;199085;m2;203596;0;
..\..\world\lordaeron\alteracmountains\passivedoodads\bushes\alteracshrub02.m2;18225.646484375;36.53042984008789;18363.74609375;0;108.96572875976562;0;;1;199086;m2;203596;0;
..\..\world\lordaeron\alteracmountains\passivedoodads\bushes\alteracshrub02.m2;18596.51171875;53.38650131225586;18293.3203125;2.500000476837158;259.3876647949219;1;;1.0576171875;211529;m2;203596;0;
..\..\world\lordaeron\arathi\passivedoodads\bushes\arathiplant06.m2;18639.341796875;43.67915344238281;18423.505859375;-6.000000476837158;227.9354705810547;-2.499999761581421;;0.6865234375;211925;m2;203652;0;
..\..\world\lordaeron\arathi\passivedoodads\bushes\arathiplant06.m2;18615.853515625;43.79851150512695;18450.50390625;0.4999999403953552;341.0537414550781;-3.500000238418579;;0.783203125;211709;m2;203652;0;
..\..\world\lordaeron\alteracmountains\passivedoodads\bushes\alteracshrub03.m2;18538.212890625;61.19036865234375;18389.970703125;0.5000001192092896;77.9993896484375;-8.499998092651367;;1.11328125;211803;m2;203597;0;
..\..\world\lordaeron\alteracmountains\passivedoodads\bushes\alteracshrub03.m2;18663.55078125;52.98169708251953;18310;0.5000001192092896;77.9993896484375;-8.499998092651367;;1.11328125;211703;m2;203597;0;
..\..\world\lordaeron\alteracmountains\passivedoodads\bushes\alteracshrub03.m2;18621.625;39.40883255004883;18540.666015625;0.5000002980232239;135.9993896484375;-8.499999046325684;;1.11328125;211903;m2;203597;0;
..\..\world\lordaeron\alteracmountains\passivedoodads\bushes\alteracshrub03.m2;18609.416015625;44.92477798461914;18506.291015625;0.5;186.4993896484375;-8.499999046325684;;1.11328125;212003;m2;203597;0;
..\..\world\lordaeron\alteracmountains\passivedoodads\bushes\alteracshrub03.m2;18534.376953125;53.36809539794922;18170.052734375;-10.999999046325684;219.86509704589844;3.500000476837158;;1.0830078125;212015;m2;203597;0;
..\..\world\lordaeron\alteracmountains\passivedoodads\bushes\alteracshrub02.m2;18648.978515625;52.88407516479492;18342.130859375;10.5;190.29734802246094;-2.5;;0.9716796875;211566;m2;203596;0;
..\..\world\lordaeron\alteracmountains\passivedoodads\bushes\alteracshrub02.m2;18435.470703125;57.04275131225586;18190.0859375;0;199.96826171875;0;;0.982421875;199149;m2;203596;0;
..\..\world\lordaeron\alteracmountains\passivedoodads\bushes\alteracshrub02.m2;18214.564453125;30.177188873291016;18423.125;0;346.15679931640625;0;;1.037109375;177519;m2;203596;0;
..\..\world\lordaeron\alteracmountains\passivedoodads\bushes\alteracshrub02.m2;18440.302734375;56.641231536865234;18198.794921875;0;321.35986328125;0;;0.892578125;199147;m2;203596;0;
..\..\world\lordaeron\alteracmountains\passivedoodads\bushes\alteracshrub03.m2;18514.93359375;57.92659378051758;18243.759765625;6.499999523162842;67.4993896484375;2.4999992847442627;;1.11328125;211603;m2;203597;0;
..\..\world\lordaeron\alteracmountains\passivedoodads\bushes\alteracshrub02.m2;18598.296875;53.10292434692383;18295.205078125;-2;4.716888427734375;5.5;;1.091796875;211533;m2;203596;0;
..\..\world\lordaeron\arathi\passivedoodads\bushes\arathiplant03.m2;18650.154296875;52.586421966552734;18344.498046875;-6.500000476837158;17.33428955078125;0.9999997615814209;;1.4677734375;211567;m2;203646;0;
..\..\world\lordaeron\arathi\passivedoodads\bushes\arathiplant06.m2;18669.220703125;53.8186149597168;18387.58203125;-1.0000001192092896;296.14068603515625;-7.000000953674316;;0.708984375;211974;m2;203652;0;
..\..\world\lordaeron\alteracmountains\passivedoodads\bushes\alteracshrub02.m2;18196.220703125;33.74053192138672;18400.4375;0;3.6585693359375;0;;1.166015625;177516;m2;203596;0;
..\..\world\lordaeron\arathi\passivedoodads\bushes\arathiplant03.m2;18534.15625;53.70772171020508;18220.822265625;-6.5;286.33428955078125;1.000000238418579;;1.4677734375;211467;m2;203646;0;
..\..\world\lordaeron\arathi\passivedoodads\bushes\arathiplant06.m2;18628.28125;57.68927001953125;18234.666015625;-6;18.571044921875;3.499999761581421;;0.7490234375;211585;m2;203652;0;
..\..\world\lordaeron\alteracmountains\passivedoodads\bushes\alteracshrub02.m2;18423.2734375;57.31863021850586;18130.876953125;0;99.6929931640625;0;;1.0703125;199145;m2;203596;0;
..\..\world\lordaeron\alteracmountains\passivedoodads\bushes\alteracshrub02.m2;18158.57421875;24.593299865722656;18365.33203125;0;68.2601318359375;0;;0.9501953125;177509;m2;203596;0;
..\..\world\lordaeron\arathi\passivedoodads\bushes\arathiplant03.m2;18615.220703125;43.315853118896484;18455.251953125;-8.5;316.641357421875;0.5000006556510925;;1.28125;211714;m2;203646;0;
..\..\world\lordaeron\alteracmountains\passivedoodads\bushes\alteracshrub02.m2;18358.658203125;57.59832000732422;18137.939453125;0;284.93914794921875;0;;1.0068359375;176153;m2;203596;0;
..\..\world\lordaeron\alteracmountains\passivedoodads\bushes\alteracshrub02.m2;18577.130859375;47.69902038574219;18167.181640625;-1.999999761581421;273.7168884277344;5.5;;1.091796875;211433;m2;203596;0;
..\..\world\lordaeron\alteracmountains\passivedoodads\bushes\alteracshrub02.m2;18551.986328125;56.94619369506836;18300.412109375;4.999999523162842;179.196044921875;-11.5;;1.072265625;211516;m2;203596;0;
..\..\world\khazmodan\lochmodan\passivedoodads\fences\lochmodanstonefence01.m2;18238.802734375;43.94227981567383;18214.662109375;0.49999988079071045;105.5;7;;1.009765625;199069;m2;203307;0;
..\..\world\khazmodan\lochmodan\passivedoodads\fences\lochmodanstonefence01.m2;18240.041015625;42.72523498535156;18223.474609375;-0.49999797344207764;275.5;-9;;1;199071;m2;203307;0;
..\..\world\lordaeron\alteracmountains\passivedoodads\bushes\alteracshrub02.m2;18177.05078125;35.97264862060547;18475.25;0;226.73175048828125;0;;0.869140625;177525;m2;203596;0;
..\..\world\lordaeron\arathi\passivedoodads\bushes\arathiplant03.m2;18548.666015625;56.9631233215332;18299.42578125;1.499999761581421;306.141357421875;7.500000476837158;;1.28125;211514;m2;203646;0;
..\..\world\lordaeron\alteracmountains\passivedoodads\bushes\alteracshrub02.m2;18136.01953125;46.116600036621094;18170.236328125;0;98.56137084960938;0;;1.06640625;199103;m2;203596;0;
..\..\world\lordaeron\arathi\passivedoodads\bushes\arathiplant06.m2;18645.98828125;39.83852005004883;18454.34375;1.9999995231628418;118.93549346923828;7.000000953674316;;0.6865234375;211725;m2;203652;0;
..\..\world\lordaeron\alteracmountains\passivedoodads\bushes\alteracshrub02.m2;18269.09765625;40.365699768066406;18316.30859375;0;13.82122802734375;0;;1;199080;m2;203596;0;
..\..\world\generic\dwarf\passivedoodads\tavernstuff\alekegs01.m2;18243.01953125;37.75342559814453;18354.37890625;-4;44.5;2.500000476837158;;1;198288;m2;197602;0;
..\..\world\lordaeron\alteracmountains\passivedoodads\bushes\alteracshrub02.m2;18197.943359375;34.96036148071289;18394.310546875;0;1.32940673828125;0;;1.1669921875;177518;m2;203596;0;
..\..\world\lordaeron\alteracmountains\passivedoodads\bushes\alteracshrub02.m2;18187.548828125;35.106773376464844;18489.34375;0;356.4512939453125;0;;1.1201171875;177523;m2;203596;0;
..\..\world\lordaeron\arathi\passivedoodads\bushes\arathiplant06.m2;18582.080078125;50.85647201538086;18434.02734375;12.999998092651367;103.93546295166016;-0.500001072883606;;0.6865234375;211981;m2;203652;0;
..\..\world\lordaeron\alteracmountains\passivedoodads\bushes\alteracshrub02.m2;18356.70703125;57.32211685180664;18139.423828125;0;98.46246337890625;0;;1.0361328125;176152;m2;203596;0;
..\..\world\lordaeron\alteracmountains\passivedoodads\bushes\alteracshrub03.m2;18585.33984375;50.176597595214844;18435.65234375;-6.500000476837158;267.51593017578125;10.00000286102295;;0.9794921875;211983;m2;203597;0;
..\..\world\lordaeron\arathi\passivedoodads\bushes\arathiplant06.m2;18654.455078125;47.14409255981445;18134.822265625;-1.5;247.43548583984375;-5.5;;0.6865234375;211268;m2;203652;0;
..\..\world\lordaeron\alteracmountains\passivedoodads\bushes\alteracshrub02.m2;18536.541015625;53.891258239746094;18219.6875;3.999999523162842;99.29739379882812;3.000000476837158;;0.9716796875;211466;m2;203596;0;
..\..\world\lordaeron\arathi\passivedoodads\bushes\arathiplant06.m2;18644.3515625;47.4974250793457;18200.869140625;0;287.571044921875;1.5;;0.7490234375;211485;m2;203652;0;
..\..\world\lordaeron\arathi\passivedoodads\bushes\arathiplant06.m2;18656.205078125;44.173927307128906;18427.6875;-2.9999985694885254;87.25576782226562;6;;0.8388671875;211784;m2;203652;0;
..\..\world\lordaeron\arathi\passivedoodads\bushes\arathiplant06.m2;18649.90625;58.79655075073242;18280.408203125;2.4999990463256836;96.0537109375;8.000000953674316;;0.783203125;211541;m2;203652;0;
..\..\world\lordaeron\arathi\passivedoodads\bushes\arathiplant06.m2;18577.62109375;54.102943420410156;18302.73828125;-6;108.43549346923828;-2.500000238418579;;0.6865234375;211525;m2;203652;0;
..\..\world\lordaeron\alteracmountains\passivedoodads\bushes\alteracshrub02.m2;18606.974609375;45.91633987426758;18474.021484375;-7.500000476837158;221.86546325683594;11.5;;0.7373046875;211996;m2;203596;0;
..\..\world\lordaeron\alteracmountains\passivedoodads\bushes\alteracshrub02.m2;18604.556640625;50.74048614501953;18366.548828125;2.499999761581421;53.302734375;2;;0.7998046875;211939;m2;203596;0;
..\..\world\lordaeron\arathi\passivedoodads\bushes\arathiplant06.m2;18595.9609375;55.32426834106445;18247.861328125;9;344.43548583984375;3.999999523162842;;0.6865234375;211581;m2;203652;0;
..\..\world\lordaeron\alteracmountains\passivedoodads\bushes\alteracshrub02.m2;18664.771484375;39.34256362915039;18453.51953125;-2;269.8876953125;-7.000000476837158;;1.0576171875;211729;m2;203596;0;
..\..\world\lordaeron\alteracmountains\passivedoodads\bushes\alteracshrub02.m2;18625.96875;54.02714920043945;18393.28125;-2;227.56211853027344;-3.000000476837158;;0.7861328125;211949;m2;203596;0;
..\..\world\lordaeron\alteracmountains\passivedoodads\bushes\alteracshrub03.m2;18636.353515625;44.22782897949219;18421.9921875;-4.5;31.51593017578125;8.000000953674316;;0.9794921875;211921;m2;203597;0;
..\..\world\lordaeron\alteracmountains\passivedoodads\bushes\alteracshrub03.m2;18659.33203125;45.198238372802734;18424.259765625;7.999999046325684;69.99249267578125;-16.000001907348633;;0.896484375;211778;m2;203597;0;
..\..\world\lordaeron\alteracmountains\passivedoodads\bushes\alteracshrub02.m2;18196.939453125;38.20685577392578;18483.099609375;0;54.834442138671875;0;;0.814453125;177526;m2;203596;0;
..\..\world\lordaeron\alteracmountains\passivedoodads\bushes\alteracshrub02.m2;18183.5859375;36.46403121948242;18475.298828125;0;298.10113525390625;0;;0.8349609375;177528;m2;203596;0;
..\..\world\lordaeron\alteracmountains\passivedoodads\bushes\alteracshrub02.m2;18633.109375;49.621726989746094;18409.2734375;3.9999988079071045;102.5621337890625;26.999998092651367;;0.7861328125;211927;m2;203596;0;
..\..\world\lordaeron\alteracmountains\passivedoodads\bushes\alteracshrub02.m2;18148.798828125;23.55179786682129;18342.05859375;0;194.3650665283203;0;;0.923828125;177508;m2;203596;0;
..\..\world\lordaeron\alteracmountains\passivedoodads\bushes\alteracshrub02.m2;18206.580078125;37.53970718383789;18282.697265625;0;42.815032958984375;0;;0.7978515625;199096;m2;203596;0;
..\..\world\lordaeron\arathi\passivedoodads\bushes\arathiplant03.m2;18641.52734375;51.963294982910156;18310.623046875;-1.9999995231628418;71.641357421875;7;;1.28125;211535;m2;203646;0;
..\..\world\lordaeron\alteracmountains\passivedoodads\bushes\alteracshrub03.m2;18566.228515625;50.4200325012207;18135.693359375;7;182.01593017578125;-4;;0.9794921875;211421;m2;203597;0;
..\..\world\lordaeron\alteracmountains\passivedoodads\bushes\alteracshrub03.m2;18530.861328125;53.654701232910156;18165.826171875;0;151.15451049804688;0;;1.0830078125;212014;m2;203597;0;
..\..\world\lordaeron\arathi\passivedoodads\bushes\arathiplant06.m2;18631.724609375;46.48179244995117;18168.322265625;-3.999999523162842;253.4355010986328;-4.5;;0.6865234375;211481;m2;203652;0;
..\..\world\lordaeron\alteracmountains\passivedoodads\bushes\alteracshrub02.m2;18158.75;37.03447723388672;18435.43359375;0;184.63087463378906;0;;1.0302734375;177512;m2;203596;0;
..\..\world\lordaeron\alteracmountains\passivedoodads\bushes\alteracshrub02.m2;18205.0703125;37.93580627441406;18280.552734375;0;203.9124755859375;0;;0.8427734375;199095;m2;203596;0;
..\..\world\lordaeron\alteracmountains\passivedoodads\bushes\alteracshrub03.m2;18624.857421875;56.521568298339844;18222.84765625;5;127.78101348876953;7.500000953674316;;0.94921875;211454;m2;203597;0;
..\..\world\lordaeron\alteracmountains\passivedoodads\bushes\alteracshrub03.m2;18650.59765625;57.19112777709961;18253.775390625;5;218.78099060058594;7.500000476837158;;0.94921875;211554;m2;203597;0;
..\..\world\lordaeron\alteracmountains\passivedoodads\bushes\alteracshrub03.m2;18609.12109375;50.265525817871094;18406.326171875;5.000000476837158;354.281005859375;7.500001907348633;;0.94921875;211795;m2;203597;0;
..\..\world\lordaeron\alteracmountains\passivedoodads\bushes\alteracshrub03.m2;18645.568359375;34.829830169677734;18514.470703125;4.999999523162842;52.281005859375;7.500000953674316;;0.94921875;211895;m2;203597;0;
..\..\world\lordaeron\alteracmountains\passivedoodads\bushes\alteracshrub03.m2;18560.32421875;56.23013687133789;18383.55859375;5.000000476837158;338.281005859375;7.500001907348633;;0.94921875;211954;m2;203597;0;
..\..\world\lordaeron\alteracmountains\passivedoodads\bushes\alteracshrub03.m2;18605.478515625;46.1861686706543;18472.048828125;5;102.7809829711914;7.500000476837158;;0.94921875;211995;m2;203597;0;
..\..\world\lordaeron\alteracmountains\passivedoodads\bushes\alteracshrub02.m2;18639.080078125;52.778770446777344;18306.28515625;-4.500000476837158;293.8027648925781;3.5000007152557373;;0.7998046875;211539;m2;203596;0;
..\..\world\lordaeron\arathi\passivedoodads\bushes\arathiplant03.m2;18568.021484375;54.48599624633789;18213.248046875;1;340.641357421875;1.5000001192092896;;1.28125;211435;m2;203646;0;
..\..\world\lordaeron\alteracmountains\passivedoodads\bushes\alteracshrub03.m2;18629.740234375;46.82597351074219;18165.267578125;-3;57.01593017578125;4.999999523162842;;0.9794921875;211483;m2;203597;0;
..\..\world\lordaeron\alteracmountains\passivedoodads\bushes\alteracshrub03.m2;18579.41015625;53.96668243408203;18301.8046875;-3.000000238418579;272.01593017578125;5;;0.9794921875;211521;m2;203597;0;
..\..\world\lordaeron\alteracmountains\passivedoodads\bushes\alteracshrub03.m2;18592.939453125;54.779632568359375;18249.89453125;-2.999999761581421;148.01593017578125;4.999999046325684;;0.9794921875;211583;m2;203597;0;
..\..\world\lordaeron\alteracmountains\passivedoodads\bushes\alteracshrub03.m2;18655.05859375;44.307960510253906;18426.326171875;-3;158.51593017578125;5;;0.9794921875;211783;m2;203597;0;
..\..\world\lordaeron\alteracmountains\passivedoodads\bushes\alteracshrub03.m2;18660.90234375;36.7791633605957;18475.49609375;-3;216.51593017578125;4.999999523162842;;0.9794921875;211883;m2;203597;0;
..\..\world\lordaeron\alteracmountains\passivedoodads\bushes\alteracshrub02.m2;18574.30859375;47.89236831665039;18163.17578125;-2.9999990463256836;252.06216430664062;13.000001907348633;;0.7861328125;211427;m2;203596;0;
..\..\world\khazmodan\lochmodan\passivedoodads\fences\lochmodanstonefence01.m2;18230.46484375;38.661563873291016;18290.0234375;-1.999999761581421;124;-4;;1;199076;m2;203307;0;
..\..\world\lordaeron\alteracmountains\passivedoodads\bushes\alteracshrub02.m2;18193.787109375;35.404945373535156;18497.5546875;0;253.70401000976562;0;;0.87890625;177524;m2;203596;0;
..\..\world\lordaeron\alteracmountains\passivedoodads\bushes\alteracshrub02.m2;18573.09375;55.056671142578125;18209.548828125;3;202.802734375;1.999999761581421;;0.7998046875;211439;m2;203596;0;
..\..\world\khazmodan\lochmodan\passivedoodads\fences\lochmodanstonefence01.m2;18264.876953125;48.26414108276367;18158.412109375;0;36;6;;1;199064;m2;203307;0;
..\..\world\lordaeron\arathi\passivedoodads\bushes\arathiplant06.m2;18658.697265625;44.43907928466797;18427.376953125;13;354.93548583984375;-0.5000000596046448;;0.6865234375;211781;m2;203652;0;
..\..\world\lordaeron\alteracmountains\passivedoodads\bushes\alteracshrub02.m2;18625.25390625;56.79420852661133;18224.498046875;2.5000011920928955;246.86544799804688;13.500000953674316;;0.7373046875;211455;m2;203596;0;
..\..\world\lordaeron\arathi\passivedoodads\bushes\arathiplant06.m2;18568.05859375;50.3752326965332;18135.455078125;1.5;17.43548583984375;-0.4999999403953552;;0.6865234375;211425;m2;203652;0;
..\..\world\lordaeron\arathi\passivedoodads\bushes\arathiplant06.m2;18668.44140625;34.06742858886719;18493.638671875;-7;187.14065551757812;-4;;0.708984375;211774;m2;203652;0;
..\..\world\lordaeron\alteracmountains\passivedoodads\bushes\alteracshrub02.m2;18623.064453125;56.6827278137207;18268.3046875;-8.999999046325684;108.0621566772461;4.499999523162842;;0.7861328125;211549;m2;203596;0;
..\..\world\lordaeron\alteracmountains\passivedoodads\bushes\alteracshrub02.m2;18188.224609375;35.06987380981445;18490.85546875;0;54.61468505859375;0;;0.7685546875;177522;m2;203596;0;
..\..\world\lordaeron\arathi\passivedoodads\bushes\arathiplant06.m2;18568.056640625;55.02540969848633;18211.4453125;-1.5000001192092896;5.053741455078125;1.5;;0.783203125;211441;m2;203652;0;
..\..\world\lordaeron\alteracmountains\passivedoodads\bushes\alteracshrub02.m2;18652.240234375;56.85547637939453;18253.34765625;-6.999999046325684;337.865478515625;-10.999999046325684;;0.7373046875;211555;m2;203596;0;
..\..\world\lordaeron\arathi\passivedoodads\bushes\arathiplant03.m2;18602.09765625;50.661556243896484;18361.85546875;3.5;191.141357421875;-8.000000953674316;;1.28125;211935;m2;203646;0;
..\..\world\lordaeron\alteracmountains\passivedoodads\bushes\alteracshrub02.m2;18213.88671875;30.1412353515625;18423.748046875;0;36.3988037109375;0;;0.76171875;177520;m2;203596;0;
..\..\world\lordaeron\alteracmountains\passivedoodads\bushes\alteracshrub03.m2;18551.05859375;53.87640380859375;18249.9140625;0;343.781005859375;7.000000476837158;;0.94921875;211595;m2;203597;0;
..\..\world\lordaeron\alteracmountains\passivedoodads\bushes\alteracshrub03.m2;18653.263671875;47.21700668334961;18133.822265625;-3;51.01593017578125;1.000000238418579;;0.9794921875;211266;m2;203597;0;
..\..\world\lordaeron\alteracmountains\passivedoodads\bushes\alteracshrub03.m2;18650.947265625;46.8182373046875;18136.978515625;6.5;314.99249267578125;7.000001430511475;;0.896484375;211265;m2;203597;0;
..\..\world\lordaeron\alteracmountains\passivedoodads\bushes\alteracshrub02.m2;18214.40234375;41.94749450683594;18258.908203125;0;182.7411651611328;0;;1;199094;m2;203596;0;
..\..\world\lordaeron\alteracmountains\passivedoodads\bushes\alteracshrub02.m2;18611.861328125;48.956085205078125;18159.625;-2.499999523162842;240.365478515625;-3.999999523162842;;0.7373046875;211279;m2;203596;0;
..\..\world\lordaeron\alteracmountains\passivedoodads\bushes\alteracshrub02.m2;18161.892578125;37.8770866394043;18425.91015625;0;114.01959228515625;0;;0.7802734375;177511;m2;203596;0;
..\..\world\lordaeron\alteracmountains\passivedoodads\bushes\alteracshrub03.m2;18641.009765625;43.41509246826172;18424.73828125;-2.000000476837158;295.49249267578125;-7.000000953674316;;0.896484375;211918;m2;203597;0;
..\..\world\lordaeron\alteracmountains\passivedoodads\bushes\alteracshrub02.m2;18607.095703125;50.08266067504883;18407.78515625;-4.499999523162842;113.365478515625;-1.4999996423721313;;0.7373046875;211796;m2;203596;0;
..\..\world\lordaeron\alteracmountains\passivedoodads\bushes\alteracshrub03.m2;18612.759765625;48.62247085571289;18163.158203125;0;1.43292236328125;0;;0.9814453125;211283;m2;203597;0;
..\..\world\lordaeron\alteracmountains\passivedoodads\bushes\alteracshrub03.m2;18621.3125;56.14909362792969;18219.890625;0;8.43292236328125;0;;0.9814453125;211452;m2;203597;0;
..\..\world\lordaeron\alteracmountains\passivedoodads\bushes\alteracshrub03.m2;18647.703125;57.9638557434082;18257.37109375;0;99.43289184570312;0;;0.9814453125;211552;m2;203597;0;
..\..\world\lordaeron\alteracmountains\passivedoodads\bushes\alteracshrub03.m2;18554.69921875;53.7967414855957;18252.390625;0;224.4329071044922;0;;0.9814453125;211593;m2;203597;0;
..\..\world\lordaeron\alteracmountains\passivedoodads\bushes\alteracshrub03.m2;18613.154296875;49.46345520019531;18408.095703125;0;234.9329071044922;0;;0.9814453125;211793;m2;203597;0;
..\..\world\lordaeron\alteracmountains\passivedoodads\bushes\alteracshrub03.m2;18648.6875;34.38922119140625;18512.44921875;0;292.93292236328125;0;;0.9814453125;211893;m2;203597;0;
..\..\world\lordaeron\alteracmountains\passivedoodads\bushes\alteracshrub03.m2;18564.208984375;55.14973449707031;18383.48828125;0;218.93289184570312;0;;0.9814453125;211952;m2;203597;0;
..\..\world\lordaeron\alteracmountains\passivedoodads\bushes\alteracshrub03.m2;18605.876953125;45.81562042236328;18467.662109375;0;343.43292236328125;0;;0.9814453125;211993;m2;203597;0;
..\..\world\lordaeron\alteracmountains\passivedoodads\bushes\alteracshrub03.m2;18571.91015625;50.0306396484375;18137.162109375;5.500000476837158;84.99249267578125;-3.500000476837158;;0.896484375;211418;m2;203597;0;
..\..\world\lordaeron\alteracmountains\passivedoodads\bushes\alteracshrub02.m2;18501.404296875;56.62499237060547;18200.48828125;-2;165.1295166015625;6.500000476837158;;0.7783203125;212021;m2;203596;0;
..\..\world\khazmodan\lochmodan\passivedoodads\fences\lochmodanstonefence01.m2;18257.67578125;47.63294219970703;18163.900390625;0;223.00003051757812;-4.5;;1;199066;m2;203307;0;
..\..\world\lordaeron\alteracmountains\passivedoodads\bushes\alteracshrub02.m2;18555.044921875;56.106040954589844;18295.19921875;3.500000238418579;168.302734375;-7;;0.7998046875;211511;m2;203596;0;
..\..\world\lordaeron\alteracmountains\passivedoodads\bushes\alteracshrub02.m2;18597.666015625;53.462337493896484;18297.654296875;0.9999998807907104;343.0621337890625;2;;0.7861328125;211527;m2;203596;0;
..\..\world\lordaeron\alteracmountains\passivedoodads\bushes\alteracshrub03.m2;18643.259765625;47.92301940917969;18202.009765625;0;201.6114044189453;-3.5;;0.92578125;211489;m2;203597;0;
..\..\world\lordaeron\alteracmountains\passivedoodads\bushes\alteracshrub03.m2;18629.439453125;57.9487190246582;18235.736328125;0;292.61138916015625;-3.500000476837158;;0.92578125;211589;m2;203597;0;
..\..\world\lordaeron\alteracmountains\passivedoodads\bushes\alteracshrub03.m2;18555.078125;55.51446533203125;18410.365234375;0;51.61138916015625;-3.499999761581421;;0.92578125;211989;m2;203597;0;
..\..\world\khazmodan\lochmodan\passivedoodads\fences\lochmodanstonefence01.m2;18235.59375;39.21434783935547;18297.015625;0;313;2;;1;199074;m2;203307;0;
..\..\world\lordaeron\alteracmountains\passivedoodads\bushes\alteracshrub02.m2;18548.80078125;54.39824676513672;18250.98046875;11.999999046325684;102.865478515625;-9;;0.7373046875;211596;m2;203596;0;
..\..\world\lordaeron\alteracmountains\passivedoodads\bushes\alteracshrub02.m2;18559.142578125;56.63240432739258;18382.33984375;18.5;97.365478515625;5.500000476837158;;0.7373046875;211955;m2;203596;0;
..\..\world\lordaeron\arathi\passivedoodads\bushes\arathiplant06.m2;18533.068359375;53.34136962890625;18164.111328125;-1.4999998807907104;85.64068603515625;1.4999998807907104;;0.708984375;211474;m2;203652;0;
..\..\world\lordaeron\alteracmountains\passivedoodads\bushes\alteracshrub02.m2;18645.734375;34.60567092895508;18516.9609375;-4.5;171.365478515625;11.500000953674316;;0.7373046875;211896;m2;203596;0;
..\..\world\lordaeron\arathi\passivedoodads\bushes\arathiplant06.m2;18578.673828125;54.069541931152344;18334.404296875;0.5000001788139343;176.64068603515625;0;;0.708984375;211574;m2;203652;0;
..\..\world\lordaeron\alteracmountains\passivedoodads\bushes\alteracshrub03.m2;18573.91796875;54.37971878051758;18304.251953125;0;175.99249267578125;0;;0.896484375;211518;m2;203597;0;
..\..\world\lordaeron\alteracmountains\passivedoodads\bushes\alteracshrub03.m2;18655.775390625;37.33464431762695;18472.35546875;0;120.49249267578125;0;;0.896484375;211878;m2;203597;0;
..\..\world\lordaeron\alteracmountains\passivedoodads\bushes\alteracshrub03.m2;18579.673828125;51.52829360961914;18437.66015625;0;171.49249267578125;0;;0.896484375;211978;m2;203597;0;
..\..\world\lordaeron\alteracmountains\passivedoodads\bushes\alteracshrub03.m2;18635.642578125;46.23461151123047;18166.412109375;0;320.99249267578125;0;;0.896484375;211478;m2;203597;0;
..\..\world\lordaeron\alteracmountains\passivedoodads\bushes\alteracshrub03.m2;18593.982421875;55.27165985107422;18243.974609375;0;51.99249267578125;0;;0.896484375;211578;m2;203597;0;
..\..\world\lordaeron\alteracmountains\passivedoodads\bushes\alteracshrub02.m2;18162.189453125;37.84696960449219;18427.396484375;0;96.111328125;0;;0.8369140625;177510;m2;203596;0;
..\..\world\lordaeron\alteracmountains\passivedoodads\bushes\alteracshrub02.m2;18619.46484375;43.16423416137695;18453.193359375;-0.4999999403953552;178.802734375;9.999999046325684;;0.7998046875;211711;m2;203596;0;
..\..\world\lordaeron\alteracmountains\passivedoodads\bushes\alteracshrub02.m2;18659.30078125;39.213897705078125;18453.412109375;3.500000238418579;353.56219482421875;-2.500000476837158;;0.7861328125;211727;m2;203596;0;
..\..\world\lordaeron\alteracmountains\passivedoodads\bushes\alteracshrub02.m2;18152.18359375;24.0893611907959;18351.294921875;0;88.266845703125;0;;0.8701171875;177507;m2;203596;0;
..\..\world\lordaeron\alteracmountains\passivedoodads\bushes\alteracshrub03.m2;18645.54296875;47.353031158447266;18200.267578125;-9.000000953674316;237.50482177734375;8.500000953674316;;0.73046875;211487;m2;203597;0;
..\..\world\lordaeron\alteracmountains\passivedoodads\bushes\alteracshrub03.m2;18627.658203125;57.62617492675781;18233.486328125;-9;328.50482177734375;8.5;;0.73046875;211587;m2;203597;0;
..\..\world\lordaeron\alteracmountains\passivedoodads\bushes\alteracshrub03.m2;18553.9609375;55.497657775878906;18413.515625;-9.000000953674316;88.00482177734375;8.5;;0.73046875;211987;m2;203597;0;
..\..\world\lordaeron\alteracmountains\passivedoodads\bushes\alteracshrub03.m2;18610.005859375;48.60708236694336;18164.193359375;7.000000476837158;315.6295166015625;-12.500000953674316;;0.6533203125;211280;m2;203597;0;
..\..\world\lordaeron\alteracmountains\passivedoodads\bushes\alteracshrub03.m2;18620.37890625;57.24478530883789;18226.40234375;6.999999523162842;322.6295166015625;-11;;0.6533203125;211457;m2;203597;0;
..\..\world\lordaeron\alteracmountains\passivedoodads\bushes\alteracshrub03.m2;18654.228515625;56.70846939086914;18258.189453125;7.000000476837158;53.6295166015625;-11;;0.6533203125;211557;m2;203597;0;
..\..\world\lordaeron\alteracmountains\passivedoodads\bushes\alteracshrub03.m2;18551.625;53.467735290527344;18246.57421875;7.000000476837158;178.6295166015625;-11.000000953674316;;0.6533203125;211597;m2;203597;0;
..\..\world\lordaeron\alteracmountains\passivedoodads\bushes\alteracshrub03.m2;18609.072265625;51.2183952331543;18402.939453125;7.000001430511475;189.1295166015625;-11.000000953674316;;0.6533203125;211797;m2;203597;0;
..\..\world\lordaeron\alteracmountains\passivedoodads\bushes\alteracshrub03.m2;18642.669921875;35.539337158203125;18512.71875;6.999999046325684;247.1295166015625;-10.999999046325684;;0.6533203125;211897;m2;203597;0;
..\..\world\lordaeron\alteracmountains\passivedoodads\bushes\alteracshrub03.m2;18561.17578125;56.221702575683594;18379.5234375;7.000001430511475;168.6295166015625;-11.000000953674316;;0.6533203125;211957;m2;203597;0;
..\..\world\lordaeron\alteracmountains\passivedoodads\bushes\alteracshrub03.m2;18602.28125;46.97901916503906;18473.171875;6.999999523162842;297.6295166015625;-11;;0.6533203125;211997;m2;203597;0;
..\..\world\lordaeron\alteracmountains\passivedoodads\bushes\alteracshrub02.m2;18419.947265625;54.716304779052734;18200.58984375;0;271.65625;0;;0.759765625;199151;m2;203596;0;
..\..\world\generic\dwarf\passivedoodads\lampposts\lochlamppost.m2;18232.541015625;39.12385940551758;18293.90234375;0;125;0;;1.009765625;199075;m2;197411;0;
..\..\world\generic\human\passivedoodads\cargoboxes\deadminecargoboxes.m2;18248.58984375;38.728363037109375;18342.751953125;1.0000001192092896;36.4207763671875;3.9999990463256836;;1;198275;m2;198085;0;
..\..\world\generic\dwarf\passivedoodads\lampposts\lochlamppost.m2;18261.255859375;48.05740737915039;18160.525390625;0;212.5;0;;1;199065;m2;197411;0;
..\..\world\generic\dwarf\passivedoodads\lampposts\lochlamppost.m2;18239.380859375;43.30361557006836;18218.98828125;0;99.5;0;;1;199070;m2;197411;0;
..\..\world\lordaeron\arathi\passivedoodads\bushes\arathiplant03.m2;18510.525390625;57.92430877685547;18239.90234375;4.000000476837158;196.0570068359375;11.499999046325684;;0.8349609375;212010;m2;203646;0;
..\..\world\lordaeron\arathi\passivedoodads\bushes\arathiplant03.m2;18570.84375;48.053062438964844;18166.658203125;-4;90.50405883789062;-0.9999997615814209;;0.994140625;211290;m2;203646;0;
..\..\world\lordaeron\alteracmountains\passivedoodads\bushes\alteracshrub03.m2;18534.794921875;53.18427276611328;18167.2734375;1.9999995231628418;68.919189453125;-3.5;;0.5947265625;211473;m2;203597;0;
..\..\world\lordaeron\alteracmountains\passivedoodads\bushes\alteracshrub03.m2;18574.92578125;54.481746673583984;18331.03515625;2;157.919189453125;-3.500000476837158;;0.5947265625;211573;m2;203597;0;
..\..\world\lordaeron\arathi\passivedoodads\bushes\arathiplant05.m2;18555.095703125;53.412620544433594;18250.314453125;3.499999761581421;41.10943603515625;-8;;1.4248046875;211592;m2;203650;0;
..\..\world\lordaeron\arathi\passivedoodads\bushes\arathiplant05.m2;18565.474609375;54.87872314453125;18382.283203125;3.499999761581421;35.60943603515625;-8;;1.4248046875;211960;m2;203650;0;
..\..\world\lordaeron\arathi\passivedoodads\bushes\arathiplant05.m2;18613.140625;49.92649459838867;18406.572265625;-4.000000476837158;51.60943603515625;6.000000476837158;;1.4248046875;211792;m2;203650;0;
..\..\world\lordaeron\arathi\passivedoodads\bushes\arathiplant05.m2;18647.330078125;39.67079162597656;18455.025390625;9.500000953674316;87.99578857421875;11.000001907348633;;1.4931640625;211908;m2;203650;0;
..\..\world\lordaeron\arathi\passivedoodads\bushes\arathiplant05.m2;18548.2890625;57.2150764465332;18295.30078125;2.499999761581421;328.49578857421875;0.49999988079071045;;1.4931640625;211508;m2;203650;0;
..\..\world\lordaeron\arathi\passivedoodads\bushes\arathiplant03.m2;18518.1640625;56.25444030761719;18237.728515625;11.5;164.8658447265625;3.499999761581421;;0.7255859375;212009;m2;203646;0;
..\..\world\lordaeron\arathi\passivedoodads\bushes\arathiplant05.m2;18633.701171875;50.86692810058594;18406.90234375;-14.500001907348633;167.99267578125;14.500001907348633;;1.3408203125;211926;m2;203650;0;
..\..\world\lordaeron\arathi\passivedoodads\bushes\arathiplant04.m2;18638.67578125;43.799156188964844;18423.130859375;1.5;229.15501403808594;4.500000476837158;;1.3759765625;211922;m2;203647;0;
..\..\world\lordaeron\arathi\passivedoodads\bushes\arathiplant04.m2;18661.40625;36.95487594604492;18473.88671875;1.5;54.155029296875;4.500000476837158;;1.3759765625;211882;m2;203647;0;
..\..\world\lordaeron\arathi\passivedoodads\bushes\arathiplant05.m2;18614.673828125;43.95052719116211;18451.45703125;2.5;338.99578857421875;0.5;;1.4931640625;211708;m2;203650;0;
..\..\world\lordaeron\arathi\passivedoodads\bushes\arathiplant05.m2;18647.423828125;34.78837966918945;18510.859375;3.4999990463256836;109.60944366455078;-8;;1.4248046875;211892;m2;203650;0;
..\..\world\lordaeron\arathi\passivedoodads\bushes\arathiplant05.m2;18603.87109375;46.31763458251953;18468.322265625;3.499999761581421;160.10943603515625;-8;;1.4248046875;211992;m2;203650;0;
..\..\world\lordaeron\arathi\passivedoodads\bushes\arathiplant04.m2;18554.849609375;56.3052864074707;18297.73046875;1.5000001192092896;140.5614013671875;11;;1.271484375;211512;m2;203647;0;
..\..\world\lordaeron\arathi\passivedoodads\bushes\arathiplant04.m2;18645.80078125;40.01814651489258;18452.98046875;1.5;120.155029296875;4.500000476837158;;1.3759765625;211722;m2;203647;0;
..\..\world\lordaeron\arathi\passivedoodads\bushes\arathiplant05.m2;18572.83203125;48.022762298583984;18163.65234375;0;319.99267578125;0;;1.3408203125;211426;m2;203650;0;
..\..\world\lordaeron\arathi\passivedoodads\bushes\arathiplant05.m2;18594.392578125;53.33421325683594;18294.009765625;0;50.992706298828125;0;;1.3408203125;211526;m2;203650;0;
..\..\world\lordaeron\arathi\passivedoodads\bushes\arathiplant04.m2;18567.818359375;50.00826644897461;18138.6953125;1.5;21.155029296875;4.5;;1.3759765625;211422;m2;203647;0;
..\..\world\lordaeron\arathi\passivedoodads\bushes\arathiplant04.m2;18650.08984375;47.01005935668945;18133.94140625;1.5;248.655029296875;4.499999523162842;;1.3759765625;211264;m2;203647;0;
..\..\world\lordaeron\arathi\passivedoodads\bushes\arathiplant05.m2;18626.001953125;54.06243133544922;18389.068359375;3.5;295.4926452636719;-3.000000476837158;;1.3408203125;211943;m2;203650;0;
..\..\world\lordaeron\arathi\passivedoodads\bushes\arathiplant04.m2;18577.576171875;54.09463119506836;18302.482421875;1.5;109.655029296875;4.500000953674316;;1.3759765625;211522;m2;203647;0;
..\..\world\lordaeron\arathi\passivedoodads\bushes\arathiplant05.m2;18619.76953125;56.51442337036133;18221.33203125;3.5;185.10943603515625;-8.000000953674316;;1.4248046875;211460;m2;203650;0;
..\..\world\lordaeron\arathi\passivedoodads\bushes\arathiplant05.m2;18649.173828125;57.84856414794922;18258.88671875;3.500000476837158;276.10943603515625;-7.999999046325684;;1.4248046875;211560;m2;203650;0;
..\..\world\lordaeron\arathi\passivedoodads\bushes\arathiplant05.m2;18660.0625;39.25244903564453;18454.763671875;0;61.49267578125;0;;1.3408203125;211726;m2;203650;0;
..\..\world\lordaeron\arathi\passivedoodads\bushes\arathiplant04.m2;18638.04296875;43.27892303466797;18425.939453125;2.000000476837158;315.44427490234375;-8.000000953674316;;1.1865234375;211923;m2;203647;0;
..\..\world\lordaeron\arathi\passivedoodads\bushes\arathiplant04.m2;18621.568359375;42.839866638183594;18453.20703125;1.499999761581421;151.0614013671875;4.499999523162842;;1.271484375;211712;m2;203647;0;
..\..\world\lordaeron\arathi\passivedoodads\bushes\arathiplant05.m2;18627.51171875;57.78914260864258;18235.658203125;4;339.0520324707031;2;;1.3271484375;211586;m2;203650;0;
..\..\world\lordaeron\arathi\passivedoodads\bushes\arathiplant02.m2;18652.185546875;58.57389450073242;18280.330078125;4.999998569488525;323.1507263183594;-15.000000953674316;;1.443359375;212067;m2;203645;0;
..\..\world\lordaeron\arathi\passivedoodads\bushes\arathiplant04.m2;18602.486328125;50.94045639038086;18365.060546875;2.5;25.561370849609375;2;;1.271484375;211937;m2;203647;0;
..\..\world\lordaeron\arathi\passivedoodads\bushes\arathiplant04.m2;18584.40625;50.36653518676758;18434.25;1.4999998807907104;105.15499877929688;4.5;;1.3759765625;211982;m2;203647;0;
..\..\world\lordaeron\arathi\passivedoodads\bushes\arathiplant05.m2;18643.37109375;47.48442459106445;18200.080078125;-0.5;248.05203247070312;2;;1.3271484375;211486;m2;203650;0;
..\..\world\lordaeron\arathi\passivedoodads\bushes\arathiplant04.m2;18629.833984375;46.7410774230957;18166.951171875;1.5000005960464478;254.655029296875;4.500000476837158;;1.3759765625;211482;m2;203647;0;
..\..\world\lordaeron\arathi\passivedoodads\bushes\arathiplant05.m2;18613.22265625;48.82661819458008;18160.6015625;1;177.60943603515625;7.000000476837158;;1.4248046875;211284;m2;203650;0;
..\..\world\lordaeron\arathi\passivedoodads\bushes\arathiplant04.m2;18594.62109375;55.049373626708984;18249.7734375;1.5;345.655029296875;4.500000476837158;;1.3759765625;211582;m2;203647;0;
..\..\world\lordaeron\arathi\passivedoodads\bushes\arathiplant02.m2;18652.146484375;58.98625946044922;18276.455078125;-3.499999523162842;314.8228454589844;-8.5;;1.4658203125;212045;m2;203645;0;
..\..\world\lordaeron\arathi\passivedoodads\bushes\arathiplant04.m2;18531.693359375;53.309879302978516;18165.189453125;6.500000476837158;198.33091735839844;-3.500000238418579;;1.25390625;211472;m2;203647;0;
..\..\world\lordaeron\arathi\passivedoodads\bushes\arathiplant04.m2;18572.408203125;54.86629867553711;18335.267578125;6.500000476837158;287.8309326171875;-3.5000007152557373;;1.25390625;211572;m2;203647;0;
..\..\world\lordaeron\arathi\passivedoodads\bushes\arathiplant04.m2;18569.146484375;50.05485534667969;18138.05078125;0;313.2236328125;-5.500000476837158;;1.1533203125;211419;m2;203647;0;
..\..\world\lordaeron\arathi\passivedoodads\bushes\arathiplant04.m2;18638.732421875;52.41033935546875;18311.638671875;2.5;52.3514404296875;5.5;;1.134765625;212050;m2;203647;0;
..\..\world\lordaeron\arathi\passivedoodads\bushes\arathiplant05.m2;18553.78515625;55.6417236328125;18411.126953125;-8.999999046325684;108.6871337890625;1.0000003576278687;;1.177734375;211988;m2;203650;0;
..\..\world\lordaeron\arathi\passivedoodads\bushes\arathiplant04.m2;18658.298828125;37.414588928222656;18470.646484375;0;140.44424438476562;0;;1.1865234375;211880;m2;203647;0;
..\..\world\lordaeron\arathi\passivedoodads\bushes\arathiplant04.m2;18655.5625;44.65183639526367;18424.708984375;1.4999998807907104;355.155029296875;4.499999523162842;;1.3759765625;211782;m2;203647;0;
..\..\world\lordaeron\arathi\passivedoodads\bushes\arathiplant05.m2;18555.92578125;54.974632263183594;18412.57421875;4;98.55203247070312;2.000000238418579;;1.3271484375;211986;m2;203650;0;
..\..\world\lordaeron\arathi\passivedoodads\bushes\arathiplant04.m2;18573.5625;55.16289138793945;18211.2109375;1.5000001192092896;175.0614013671875;11;;1.271484375;211437;m2;203647;0;
..\..\world\lordaeron\arathi\passivedoodads\bushes\arathiplant04.m2;18639.337890625;52.62590408325195;18308.107421875;1.5000001192092896;266.0614318847656;11;;1.271484375;211537;m2;203647;0;
..\..\world\lordaeron\arathi\passivedoodads\bushes\arathiplant05.m2;18650.8671875;51.74235534667969;18337.42578125;2.499999761581421;37.244293212890625;2;;1.125;211564;m2;203650;0;
..\..\world\lordaeron\arathi\passivedoodads\bushes\arathiplant05.m2;18634.916015625;52.55482864379883;18308.78125;0;79.45556640625;0;;1.3798828125;212051;m2;203650;0;
..\..\world\lordaeron\arathi\passivedoodads\bushes\arathiplant05.m2;18541.349609375;53.3985710144043;18221.50390625;2.5;306.2442932128906;2;;1.125;211464;m2;203650;0;
..\..\world\lordaeron\arathi\passivedoodads\bushes\arathiplant04.m2;18576.001953125;54.248844146728516;18304.232421875;0;45.7236328125;0;;1.1533203125;211519;m2;203647;0;
..\..\world\lordaeron\arathi\passivedoodads\bushes\arathiplant05.m2;18573.5;48.593650817871094;18174.080078125;-4.000000476837158;168.2677001953125;5.5;;1.2568359375;211291;m2;203650;0;
..\..\world\lordaeron\arathi\passivedoodads\bushes\arathiplant04.m2;18581.751953125;51.06595230102539;18437.8046875;0;41.2236328125;0;;1.1533203125;211977;m2;203647;0;
..\..\world\lordaeron\arathi\passivedoodads\bushes\arathiplant02.m2;18657.8359375;53.72596740722656;18309.80078125;-4.000000476837158;110.70162963867188;9.000001907348633;;1.361328125;212043;m2;203645;0;
..\..\world\lordaeron\arathi\passivedoodads\bushes\arathiplant04.m2;18640.267578125;44.10173797607422;18421.3671875;-7.499999523162842;165.2236328125;5.5;;1.1533203125;211919;m2;203647;0;
..\..\world\lordaeron\arathi\passivedoodads\bushes\arathiplant05.m2;18644.759765625;47.57921600341797;18201.99609375;-9;258.6871337890625;1.0000007152557373;;1.177734375;211488;m2;203650;0;
..\..\world\lordaeron\arathi\passivedoodads\bushes\arathiplant04.m2;18651.986328125;46.792179107666016;18137.93359375;0;334.94427490234375;0;;1.1865234375;211270;m2;203647;0;
..\..\world\lordaeron\arathi\passivedoodads\bushes\arathiplant05.m2;18629.400390625;57.61613845825195;18234.23828125;-9;349.6871337890625;1;;1.177734375;211588;m2;203650;0;
..\..\world\lordaeron\arathi\passivedoodads\bushes\arathiplant04.m2;18659.892578125;44.862545013427734;18426.0078125;0;299.7236328125;0;;1.1533203125;211777;m2;203647;0;
..\..\world\lordaeron\arathi\passivedoodads\bushes\arathiplant02.m2;18631.80078125;51.31597137451172;18406.34375;-15.499998092651367;236.4398193359375;-10.999998092651367;;1.1982421875;211932;m2;203645;0;
..\..\world\lordaeron\arathi\passivedoodads\bushes\arathiplant04.m2;18500.513671875;56.8838996887207;18198.40625;-9.499999046325684;258.16461181640625;2.5;;1.1455078125;212024;m2;203647;0;
..\..\world\lordaeron\arathi\passivedoodads\bushes\arathiplant02.m2;18621.892578125;56.47608947753906;18268.8125;4.5;268.2613830566406;-5.499999046325684;;1.3271484375;212040;m2;203645;0;
..\..\world\lordaeron\arathi\passivedoodads\bushes\arathiplant02.m2;18570.787109375;48.77758026123047;18173.943359375;-1.0000001192092896;289.8131103515625;3.000000238418579;;1.40625;211288;m2;203645;0;
..\..\world\lordaeron\arathi\passivedoodads\bushes\arathiplant02.m2;18612.62109375;44.25447463989258;18453.392578125;-3.499999761581421;332.7750244140625;-3.499999523162842;;1.35546875;212073;m2;203645;0;
..\..\world\lordaeron\arathi\passivedoodads\bushes\arathiplant05.m2;18626.0625;56.51912307739258;18271.958984375;-0.5;175.99267578125;-2.5;;1.3408203125;211543;m2;203650;0;
..\..\world\lordaeron\arathi\passivedoodads\bushes\arathiplant04.m2;18633.876953125;46.22209930419922;18168.896484375;0;340.94427490234375;0;;1.1865234375;211480;m2;203647;0;
..\..\world\lordaeron\arathi\passivedoodads\bushes\arathiplant05.m2;18624.4765625;56.64064407348633;18332.751953125;2.5;156.2442626953125;2;;1.125;211964;m2;203650;0;
..\..\world\lordaeron\arathi\passivedoodads\bushes\arathiplant04.m2;18596.498046875;55.46734619140625;18245.697265625;0;71.94427490234375;0;;1.1865234375;211580;m2;203647;0;
..\..\world\lordaeron\arathi\passivedoodads\bushes\arathiplant04.m2;18573.939453125;54.26262664794922;18301.205078125;0;195.94427490234375;0;;1.1865234375;211523;m2;203647;0;
..\..\world\lordaeron\arathi\passivedoodads\bushes\arathiplant05.m2;18543.0078125;53.21768569946289;18222.65234375;0;259.9664306640625;0;;1.259765625;212012;m2;203650;0;
..\..\world\lordaeron\arathi\passivedoodads\bushes\arathiplant02.m2;18621.5625;56.269012451171875;18328.98046875;-6.5;87.61380004882812;-7.000000476837158;;1.2294921875;211965;m2;203645;0;
..\..\world\lordaeron\arathi\passivedoodads\bushes\arathiplant04.m2;18569.52734375;50.283424377441406;18135.568359375;0;104.9442367553711;0;;1.1865234375;211423;m2;203647;0;
..\..\world\lordaeron\arathi\passivedoodads\bushes\arathiplant04.m2;18497.775390625;57.25556182861328;18193.388671875;4.5;192.37648010253906;-10;;1.091796875;212026;m2;203647;0;
..\..\world\lordaeron\arathi\passivedoodads\bushes\arathiplant04.m2;18578.8359375;54.04042434692383;18333.123046875;-3.499999761581421;337.1468505859375;-2.5;;1.0595703125;211576;m2;203647;0;
..\..\world\lordaeron\arathi\passivedoodads\bushes\arathiplant05.m2;18549.88671875;56.83045959472656;18293.32421875;10;135.97991943359375;-14.5;;0.8662109375;211507;m2;203650;0;
..\..\world\lordaeron\arathi\passivedoodads\bushes\arathiplant04.m2;18666.6484375;54.3667106628418;18383.478515625;-3.500000238418579;108.14682006835938;-2.5;;1.0595703125;211976;m2;203647;0;
..\..\world\lordaeron\arathi\passivedoodads\bushes\arathiplant04.m2;18534.93359375;53.996585845947266;18225.3046875;-6.000000476837158;210.0210418701172;11.000000953674316;;0.91796875;212013;m2;203647;0;
..\..\world\lordaeron\arathi\passivedoodads\bushes\arathiplant04.m2;18579.93359375;51.28779983520508;18434.625;0;191.4442901611328;0;;1.1865234375;211980;m2;203647;0;
..\..\world\lordaeron\arathi\passivedoodads\bushes\arathiplant02.m2;18539.91796875;53.41689682006836;18224.34765625;-4.000000953674316;314.84478759765625;-8.5;;1.201171875;212011;m2;203645;0;
..\..\world\lordaeron\arathi\passivedoodads\bushes\arathiplant04.m2;18663.919921875;52.303627014160156;18313.90625;14.000000953674316;35.9813232421875;-6.000001430511475;;0.890625;212041;m2;203647;0;
..\..\world\lordaeron\arathi\passivedoodads\bushes\arathiplant02.m2;18648.98828125;52.491024017333984;18339.599609375;-2.5;328.1138000488281;6.499999523162842;;1.2294921875;211565;m2;203645;0;
..\..\world\lordaeron\arathi\passivedoodads\bushes\arathiplant02.m2;18622.2734375;56.27671432495117;18270.55078125;2.500000476837158;243.43984985351562;-9.999998092651367;;1.1982421875;211550;m2;203645;0;
..\..\world\lordaeron\arathi\passivedoodads\bushes\arathiplant04.m2;18592.83203125;54.97821044921875;18245.712890625;0;281.7236328125;0;;1.1533203125;211577;m2;203647;0;
..\..\world\lordaeron\arathi\passivedoodads\bushes\arathiplant05.m2;18626.658203125;53.94060516357422;18394.90234375;-8.5;139.3062744140625;-3.9999990463256836;;0.896484375;211948;m2;203650;0;
..\..\world\lordaeron\arathi\passivedoodads\bushes\arathiplant02.m2;18622.974609375;53.95875549316406;18390.755859375;-2;2.939788818359375;7.499999523162842;;1.1982421875;211950;m2;203645;0;
..\..\world\lordaeron\arathi\passivedoodads\bushes\arathiplant05.m2;18618.65625;43.44988250732422;18449.02734375;10;151.97994995117188;-14.500001907348633;;0.8662109375;211707;m2;203650;0;
..\..\world\lordaeron\arathi\passivedoodads\bushes\arathiplant04.m2;18633.923828125;46.464759826660156;18165.234375;0;190.7236328125;0;;1.1533203125;211477;m2;203647;0;
..\..\world\lordaeron\arathi\passivedoodads\bushes\arathiplant02.m2;18549.47265625;53.88713073730469;18248.06640625;-7.000000476837158;295.2555847167969;3.0000007152557373;;1.16796875;212038;m2;203645;0;
..\..\world\lordaeron\arathi\passivedoodads\bushes\arathiplant02.m2;18538.794921875;53.698917388916016;18219.9296875;-3;237.11383056640625;-1.5000003576278687;;1.2294921875;211465;m2;203645;0;
..\..\world\lordaeron\arathi\passivedoodads\bushes\arathiplant02.m2;18496.318359375;57.37392044067383;18198.302734375;-10.5;284.9281005859375;-8;;1.0908203125;212031;m2;203645;0;
..\..\world\lordaeron\arathi\passivedoodads\bushes\arathiplant05.m2;18648.376953125;58.71454620361328;18280.603515625;0;231.423095703125;4.5;;0.9365234375;212048;m2;203650;0;
..\..\world\generic\human\passivedoodads\crates\stormwindcrate01.m2;18246.32421875;39.52264404296875;18345.3125;-2;138.86044311523438;-1.5000003576278687;;1;198278;m2;198168;0;
..\..\world\lordaeron\arathi\passivedoodads\bushes\arathiplant04.m2;18656.970703125;37.0897102355957;18474.0625;0;350.2236328125;0;;1.1533203125;211877;m2;203647;0;
..\..\world\lordaeron\arathi\passivedoodads\bushes\arathiplant02.m2;18500.76953125;57.04474639892578;18194.16796875;1.0000001192092896;222.08441162109375;2.5;;1.234375;212027;m2;203645;0;
..\..\world\lordaeron\arathi\passivedoodads\bushes\arathiplant02.m2;18574.83203125;48.17538833618164;18166.939453125;0;27.4398193359375;-8.000000953674316;;1.1982421875;211432;m2;203645;0;
..\..\world\lordaeron\arathi\passivedoodads\bushes\arathiplant04.m2;18533.205078125;53.44662857055664;18168.955078125;-3.499999761581421;257.6468505859375;-2.5;;1.0595703125;211476;m2;203647;0;
..\..\world\lordaeron\arathi\passivedoodads\bushes\arathiplant02.m2;18662.88671875;39.528594970703125;18452.1484375;0;128.9398193359375;5.499999523162842;;1.1982421875;211732;m2;203645;0;
..\..\world\lordaeron\arathi\passivedoodads\bushes\arathiplant02.m2;18555.830078125;53.647377014160156;18252.62109375;-11.000000953674316;340.87567138671875;3.000000476837158;;1.09375;212039;m2;203645;0;
..\..\world\lordaeron\arathi\passivedoodads\bushes\arathiplant02.m2;18594.095703125;53.4448356628418;18298.642578125;-2.5;118.43984985351562;-0.9999997615814209;;1.1982421875;211532;m2;203645;0;
..\..\world\lordaeron\arathi\passivedoodads\bushes\arathiplant04.m2;18657.634765625;44.0833740234375;18428.552734375;0;89.94427490234375;0;;1.1865234375;211780;m2;203647;0;
..\..\world\lordaeron\arathi\passivedoodads\bushes\arathiplant02.m2;18599.537109375;53.49964141845703;18297.501953125;0;7.87744140625;0;;1.2265625;212052;m2;203645;0;
..\..\world\lordaeron\arathi\passivedoodads\bushes\arathiplant04.m2;18648.73828125;58.1618537902832;18283.2734375;0;322.8760681152344;0;;0.9267578125;212049;m2;203647;0;
..\..\world\lordaeron\arathi\passivedoodads\bushes\arathiplant04.m2;18654.353515625;46.9537467956543;18136.78125;0;184.2236328125;0;;1.1533203125;211269;m2;203647;0;
..\..\world\lordaeron\arathi\passivedoodads\bushes\arathiplant05.m2;18644.85546875;39.83671569824219;18455.091796875;10.000001907348633;255.47991943359375;-14.500001907348633;;0.8662109375;211907;m2;203650;0;
..\..\world\generic\human\passivedoodads\crates\stormwindcrate01.m2;18246.44140625;38.28307342529297;18345.08984375;-1;158.60345458984375;-0.9999998807907104;;1;198276;m2;198168;0;
..\..\world\generic\human\passivedoodads\crates\stormwindcrate01.m2;18245.353515625;38.23514938354492;18346.404296875;1.0000001192092896;201.14382934570312;-0.5000000596046448;;1;198277;m2;198168;0;
..\..\world\lordaeron\arathi\passivedoodads\bushes\arathiplant04.m2;18604.201171875;51.02507019042969;18361.986328125;-6;308.34710693359375;6.499999523162842;;0.7998046875;211936;m2;203647;0;
..\..\world\lordaeron\arathi\passivedoodads\bushes\arathiplant02.m2;18648.474609375;59.07052993774414;18278.033203125;4.500000476837158;287.6748046875;-0.9999998807907104;;1.091796875;212047;m2;203645;0;
..\..\world\azeroth\westfall\passivedoodads\crate\westfallcrate.m2;18245.39453125;38.625118255615234;18340.875;1.5000001192092896;9.62432861328125;3.000000238418579;;1;198283;m2;190543;0;
..\..\world\lordaeron\arathi\passivedoodads\bushes\arathiplant04.m2;18497;57.33106231689453;18197.13671875;0;310.10955810546875;0;;0.8720703125;212023;m2;203647;0;
..\..\world\lordaeron\arathi\passivedoodads\bushes\arathiplant05.m2;18621.080078125;56.53292465209961;18267.744140625;-2.5;19.8062744140625;-3;;0.896484375;211548;m2;203650;0;
..\..\world\lordaeron\arathi\passivedoodads\bushes\arathiplant04.m2;18502.95703125;56.63335037231445;18198.255859375;4.000000476837158;83.2459716796875;8.500001907348633;;0.927734375;212025;m2;203647;0;
..\..\world\azeroth\westfall\passivedoodads\crate\westfallcrate.m2;18247.03515625;38.74392318725586;18340.484375;-3.000000238418579;272.216552734375;-22.5;;1;198282;m2;190543;0;
..\..\world\lordaeron\arathi\passivedoodads\bushes\arathiplant04.m2;18551.12890625;57.09084701538086;18300.380859375;-6.500000953674316;63.84710693359375;-1.5000008344650269;;0.7998046875;211517;m2;203647;0;
..\..\world\lordaeron\arathi\passivedoodads\bushes\arathiplant04.m2;18561.865234375;56.041324615478516;18379.30078125;0;317.1317138671875;0;;0.81640625;211956;m2;203647;0;
..\..\world\lordaeron\arathi\passivedoodads\bushes\arathiplant04.m2;18551.21875;53.60149002075195;18247.693359375;0;322.6317138671875;0;;0.81640625;211598;m2;203647;0;
..\..\world\lordaeron\arathi\passivedoodads\bushes\arathiplant04.m2;18643.5625;35.29656219482422;18513.505859375;0;31.1317138671875;0;;0.81640625;211898;m2;203647;0;
..\..\world\lordaeron\arathi\passivedoodads\bushes\arathiplant04.m2;18608.876953125;50.89680862426758;18404.11328125;0;333.1317138671875;0;;0.81640625;211798;m2;203647;0;
..\..\world\azeroth\westfall\passivedoodads\barrel\westfallbarrel01.m2;18244.1875;38.254852294921875;18348.701171875;-17.000003814697266;109.07562255859375;-73;;1;198284;m2;190535;0;
..\..\world\lordaeron\arathi\passivedoodads\bushes\arathiplant02.m2;18631.74609375;49.49433898925781;18410.478515625;-16;142.6085205078125;17.5;;0.8125;211928;m2;203645;0;
..\..\world\lordaeron\arathi\passivedoodads\bushes\arathiplant04.m2;18618.318359375;43.27297592163086;18456.056640625;-4.999999523162842;74.34710693359375;-7.000000476837158;;0.7998046875;211717;m2;203647;0;
..\..\world\lordaeron\arathi\passivedoodads\bushes\arathiplant02.m2;18626.37109375;55.86975860595703;18326.935546875;2.4999992847442627;210.4495391845703;8.499999046325684;;0.9130859375;212053;m2;203645;0;
..\..\world\generic\human\passivedoodads\crates\replacecrate01.m2;18244.1953125;38.34006881713867;18344.2109375;1.5000001192092896;152.516845703125;-2.500000238418579;;1;198279;m2;198165;0;
..\..\world\lordaeron\arathi\passivedoodads\bushes\arathiplant04.m2;18571.53515625;55.02683639526367;18215.55078125;-6.000000476837158;97.84713745117188;6.5;;0.7998046875;211436;m2;203647;0;
..\..\world\lordaeron\arathi\passivedoodads\bushes\arathiplant04.m2;18635.99609375;52.635704040527344;18306.490234375;-6;188.8471221923828;6.5;;0.7998046875;211536;m2;203647;0;
..\..\world\lordaeron\arathi\passivedoodads\bushes\arathiplant04.m2;18653.544921875;56.80447769165039;18257.21484375;0;197.6317138671875;0;;0.81640625;211556;m2;203647;0;
..\..\world\lordaeron\arathi\passivedoodads\bushes\arathiplant05.m2;18503.947265625;56.72825241088867;18195.26953125;0;98.56137084960938;0;;0.8916015625;212022;m2;203650;0;
..\..\world\lordaeron\arathi\passivedoodads\bushes\arathiplant04.m2;18621.3671875;57.15180969238281;18225.736328125;0;106.63168334960938;0;;0.81640625;211456;m2;203647;0;
..\..\world\lordaeron\arathi\passivedoodads\bushes\arathiplant02.m2;18622.8828125;53.82278823852539;18394.609375;8.999999046325684;267.6085205078125;-9.500000953674316;;0.8125;211946;m2;203645;0;
..\..\world\lordaeron\arathi\passivedoodads\bushes\arathiplant02.m2;18624.01171875;57.25697326660156;18265.1796875;-10.500000953674316;148.1085205078125;-6.000001430511475;;0.8125;211546;m2;203645;0;
..\..\world\lordaeron\arathi\passivedoodads\bushes\arathiplant02.m2;18620.556640625;39.58281326293945;18542.62890625;8.999999046325684;12.750946044921875;-16;;0.7724609375;211905;m2;203645;0;
..\..\world\lordaeron\arathi\passivedoodads\bushes\arathiplant02.m2;18661.107421875;53.6701774597168;18308.181640625;9;65.54052734375;10.000000953674316;;0.7802734375;211701;m2;203645;0;
..\..\world\lordaeron\arathi\passivedoodads\bushes\arathiplant02.m2;18578.228515625;48.11676788330078;18170.826171875;-7.000000476837158;232.2649688720703;2.5;;0.8251953125;211287;m2;203645;0;
..\..\world\lordaeron\arathi\passivedoodads\bushes\arathiplant02.m2;18571.58984375;48.245731353759766;18165.474609375;-6.000000476837158;292.1085510253906;4.999999523162842;;0.8125;211428;m2;203645;0;
..\..\world\lordaeron\arathi\passivedoodads\bushes\arathiplant02.m2;18506.376953125;56.5040397644043;18195.943359375;0.9999998807907104;350.24383544921875;-6.5;;0.8466796875;212028;m2;203645;0;
..\..\world\khazmodan\lochmodan\passivedoodads\fences\lochmodanstonefence04.m2;18267.310546875;48.593265533447266;18156.80859375;0;299.5;0;;1;199063;m2;203310;0;
..\..\world\khazmodan\lochmodan\passivedoodads\fences\lochmodanstonefence04.m2;18255.625;47.325714111328125;18165.939453125;0;129.5;0;;1;199067;m2;203310;0;
..\..\world\khazmodan\lochmodan\passivedoodads\fences\lochmodanstonefence04.m2;18238.11328125;44.14586639404297;18211.8203125;0;12.5;0;;1;199068;m2;203310;0;
..\..\world\khazmodan\lochmodan\passivedoodads\fences\lochmodanstonefence04.m2;18240.3671875;42.23811721801758;18226.408203125;0;178.5;0;;1;199072;m2;203310;0;
..\..\world\khazmodan\lochmodan\passivedoodads\fences\lochmodanstonefence04.m2;18237.66015625;39.2480583190918;18299.142578125;0;221;0;;1;199073;m2;203310;0;
..\..\world\khazmodan\lochmodan\passivedoodads\fences\lochmodanstonefence04.m2;18228.8671875;38.55026626586914;18287.541015625;0;31;0;;1;199077;m2;203310;0;
..\..\world\lordaeron\arathi\passivedoodads\bushes\arathiplant02.m2;18515.814453125;56.89849090576172;18237.447265625;-12;304.2509765625;-2.9999992847442627;;0.7724609375;211605;m2;203645;0;
..\..\world\lordaeron\arathi\passivedoodads\bushes\arathiplant04.m2;18603.45703125;46.69319534301758;18472.984375;0;81.6317138671875;0;;0.81640625;211998;m2;203647;0;
..\..\world\lordaeron\arathi\passivedoodads\bushes\arathiplant02.m2;18598.4375;53.43674850463867;18294.01953125;-5.999999523162842;20.608551025390625;1.500000238418579;;0.8125;211528;m2;203645;0;
..\..\world\lordaeron\arathi\passivedoodads\bushes\arathiplant02.m2;18663.294921875;39.10646057128906;18455.513671875;-6;33.60858154296875;1.5;;0.8125;211728;m2;203645;0;
..\..\world\lordaeron\arathi\passivedoodads\bushes\arathiplant02.m2;18626.984375;37.6547737121582;18544.91015625;6.000000476837158;123.54052734375;6;;0.7802734375;211901;m2;203645;0;
..\..\world\generic\dwarf\passivedoodads\powderkegs\powderkeg01.m2;18240.302734375;37.56193923950195;18357.349609375;-56.000003814697266;0;-8.5;;1;198289;m2;197463;0;
..\..\world\lordaeron\arathi\passivedoodads\bushes\arathiplant02.m2;18661.18359375;52.58976745605469;18314.138671875;0;314.7509460449219;-13;;0.7724609375;211705;m2;203645;0;
..\..\world\generic\human\passivedoodads\crates\replacecrate02.m2;18243.955078125;38.41560745239258;18342.6640625;-69.5;224.98489379882812;-6.5;;1;198280;m2;198166;0;
..\..\world\lordaeron\arathi\passivedoodads\bushes\arathiplant02.m2;18534.087890625;61.9037971496582;18388.009765625;-4.2688682810876344e-7;63.54052734375;9;;0.7802734375;211801;m2;203645;0;
..\..\world\lordaeron\arathi\passivedoodads\bushes\arathiplant02.m2;18651.205078125;58.56059646606445;18281.130859375;-7.999999046325684;203.0225372314453;0.5000001192092896;;0.7626953125;212046;m2;203645;0;
..\..\world\lordaeron\arathi\passivedoodads\bushes\arathiplant02.m2;18531.7109375;61.21834945678711;18392.20703125;-5;310.7509765625;-1.999999761581421;;0.7724609375;211805;m2;203645;0;
..\..\world\lordaeron\arathi\passivedoodads\bushes\arathiplant02.m2;18506.470703125;56.310394287109375;18198.26953125;-2.500000238418579;190.89328002929688;6.000000476837158;;0.767578125;212029;m2;203645;0;
..\..\world\lordaeron\arathi\passivedoodads\bushes\arathiplant05.m2;18658.638671875;53.29250717163086;18311.6875;0;263.767822265625;0;;0.7646484375;212042;m2;203650;0;
..\..\world\lordaeron\arathi\passivedoodads\bushes\arathiplant02.m2;18537.125;53.713863372802734;18225.158203125;-3;206.70297241210938;10.5;;0.7158203125;211469;m2;203645;0;
..\..\world\lordaeron\arathi\passivedoodads\bushes\arathiplant02.m2;18516.375;57.54876708984375;18242.84375;0;55.04052734375;1.999999761581421;;0.7802734375;211601;m2;203645;0;
..\..\world\lordaeron\arathi\passivedoodads\bushes\arathiplant02.m2;18616.109375;43.116737365722656;18505.8125;0;174.04052734375;2.0000007152557373;;0.7802734375;212001;m2;203645;0;
..\..\world\lordaeron\arathi\passivedoodads\bushes\arathiplant02.m2;18609.87109375;44.77240753173828;18508.76171875;0;62.7509765625;-1.0000001192092896;;0.7724609375;212005;m2;203645;0;
..\..\world\lordaeron\arathi\passivedoodads\bushes\arathiplant02.m2;18654.603515625;51.18736267089844;18339.423828125;0;297.7030029296875;10.5;;0.7158203125;211569;m2;203645;0;
..\..\world\lordaeron\arathi\passivedoodads\bushes\arathiplant02.m2;18628.232421875;56.23741149902344;18330.927734375;-1.500000238418579;57.2030029296875;-3.000000476837158;;0.7158203125;211969;m2;203645;0;
..\..\world\generic\dwarf\passivedoodads\powderkegs\powderkegfused.m2;18240.142578125;37.457218170166016;18355.564453125;-4;0;4;;1;198291;m2;197464;0;
..\..\world\generic\human\passivedoodads\crates\replacecrate02.m2;18245.158203125;38.467369079589844;18343.376953125;6.5;255.67063903808594;-3.9999990463256836;;1;198281;m2;198166;0;
..\..\world\generic\dwarf\passivedoodads\powderkegs\powderkeg01.m2;18240.02734375;37.449214935302734;18357.95703125;-1.5;0;3.500000476837158;;1;198290;m2;197463;0;
..\..\world\lordaeron\arathi\passivedoodads\bushes\arathiplant02.m2;18502.65234375;56.42672348022461;18201.08203125;3.5;77.47796630859375;4;;0.650390625;212030;m2;203645;0;
..\..\world\generic\dwarf\passivedoodads\dynamite\gunshopdynamitebundle.m2;18245.142578125;38.7069206237793;18341.22265625;-79.99996948242188;330.5000305175781;-10.999995231628418;;1;198292;m2;197331;0;
..\..\world\wmo\khazmodan\buildings\dwarven_barracks\wetlands_barracks\wet_dwarfbarracks.wmo;18278.626953125;45.88791275024414;18351.361328125;0;310.5;0;0;1;173770;wmo;113897;0;Set_$DefaultGlobal
..\..\world\wmo\khazmodan\buildings\greatwall\greatwall_tower_01.wmo;18492.98828125;52.6667366027832;18145.857421875;0;64.5;0;0;1;178125;wmo;113966;0;Set_$DefaultGlobal
..\..\world\wmo\khazmodan\buildings\greatwall\greatwall_wall_04.wmo;18462.876953125;53.88515090942383;18199.970703125;0;243.5;0;0;1;178126;wmo;113976;0;Set_$DefaultGlobal
..\..\world\wmo\khazmodan\buildings\greatwall\greatwall_tower_02.wmo;18433.26953125;84.2099380493164;18261.9609375;0;61;0;0;1;178127;wmo;113968;0;Set_$DefaultGlobal
..\..\world\wmo\khazmodan\buildings\greatwall\greatwall_wall_01.wmo;18523.892578125;54.15328598022461;18083.86328125;0;61.5;0;0;1;179488;wmo;113970;0;Set_$DefaultGlobal
..\..\world\wmo\lorderon\collidabledoodads\arathihighlands\stromguard\stromguard.wmo;18874.916015625;67.85284423828125;18545.783203125;0;0;0;0;1;481702;wmo;114584;0;Set_$DefaultGlobal
