ModelFile;PositionX;PositionY;PositionZ;RotationX;RotationY;RotationZ;RotationW;ScaleFactor;ModelId;Type;FileDataID;DoodadSetIndexes;DoodadSetNames
..\..\world\lordaeron\silverpine\passivedoodads\trees\silverpinetree04.m2;16100.263671875;147.9052276611328;15514.318359375;0.5000002384185791;201.13284301757812;2.000000238418579;;1.08984375;130806;m2;203983;0;
..\..\world\lordaeron\silverpine\passivedoodads\trees\silverpinetree04.m2;16055.1611328125;51.455013275146484;15617.291015625;0;252.35267639160156;0.9999998807907104;;1.04296875;130763;m2;203983;0;
..\..\world\lordaeron\silverpine\passivedoodads\trees\silverpinetree04.m2;16417.646484375;46.81645584106445;15975.9365234375;-4.2688682810876344e-7;266.93194580078125;5;;1.0263671875;158179;m2;203983;0;
..\..\world\lordaeron\silverpine\passivedoodads\trees\silverpinetree04.m2;16187.857421875;48.577049255371094;15637.8583984375;0;209.09815979003906;2;;0.99609375;130827;m2;203983;0;
..\..\world\lordaeron\silverpine\passivedoodads\trees\silverpinetree04.m2;16420.599609375;59.51838684082031;15508.060546875;0;0;0;;1;199772;m2;203983;0;
..\..\world\lordaeron\silverpine\passivedoodads\trees\silverpinetree04.m2;15974.1640625;160.80250549316406;15516.0234375;0.49999967217445374;137.76177978515625;2.5;;0.9765625;130783;m2;203983;0;
..\..\world\lordaeron\silverpine\passivedoodads\trees\silverpinetree04.m2;16320.6015625;43.00699996948242;15549.6328125;1.5000005960464478;50.00030517578125;0.5000002384185791;;0.9248046875;130853;m2;203983;0;
..\..\world\lordaeron\silverpine\passivedoodads\trees\silverpinetree04.m2;16502.19140625;35.83045959472656;16031.9453125;0;220.76600646972656;3.5000007152557373;;0.8232421875;157989;m2;203983;0;
..\..\world\lordaeron\silverpine\passivedoodads\trees\silverpinetree04.m2;16214.8515625;52.21416091918945;15718.583984375;0.5000000596046448;343.31121826171875;1;;0.673828125;131985;m2;203983;0;
..\..\world\lordaeron\silverpine\passivedoodads\trees\silverpinetree02.m2;15964.5048828125;47.539276123046875;15725.4892578125;0.5;316.89935302734375;3.5000007152557373;;1.2578125;131085;m2;203979;0;
..\..\world\lordaeron\silverpine\passivedoodads\trees\silverpinetree02.m2;16032.708984375;176.25209045410156;15511.6083984375;0;288.498779296875;2.500000476837158;;1.095703125;130790;m2;203979;0;
..\..\world\lordaeron\silverpine\passivedoodads\trees\silverpinetree02.m2;16077.7490234375;53.249656677246094;15751.576171875;0;64.79934692382812;1.0000001192092896;;1.091796875;131007;m2;203979;0;
..\..\world\lordaeron\silverpine\passivedoodads\trees\silverpinetree02.m2;16081.576171875;40.891117095947266;15807.5986328125;0.5000001788139343;220.33750915527344;1;;1.0869140625;131009;m2;203979;0;
..\..\world\lordaeron\silverpine\passivedoodads\trees\silverpinetree02.m2;16100.8486328125;176.1471710205078;15491.7646484375;0;65.54644775390625;1.000000238418579;;1.087890625;130812;m2;203979;0;
..\..\world\lordaeron\silverpine\passivedoodads\trees\silverpinetree02.m2;16131.677734375;140.76107788085938;15519.2041015625;0.5000000596046448;99.3304443359375;2.0000007152557373;;1.076171875;130808;m2;203979;0;
..\..\world\lordaeron\silverpine\passivedoodads\trees\silverpinetree02.m2;16095.841796875;87.4336929321289;15562.431640625;0;211.7129669189453;0.4999999403953552;;1.087890625;130819;m2;203979;0;
..\..\world\lordaeron\silverpine\passivedoodads\trees\silverpinetree02.m2;16084.958984375;49.6898078918457;15689.005859375;0;16.205322265625;1.5000001192092896;;1.080078125;130761;m2;203979;0;
..\..\world\lordaeron\silverpine\passivedoodads\trees\silverpinetree02.m2;16107.1572265625;39.33551788330078;15797.93359375;0.5000000596046448;76.98355102539062;0.5;;1.072265625;131005;m2;203979;0;
..\..\world\lordaeron\silverpine\passivedoodads\trees\silverpinetree02.m2;16339.8466796875;72.07645416259766;15501.669921875;0;251.6275634765625;0.9999998807907104;;1.068359375;130869;m2;203979;0;
..\..\world\lordaeron\silverpine\passivedoodads\trees\silverpinetree02.m2;16050.57421875;158.80337524414062;15494.662109375;0.5000000596046448;191.54150390625;2.000000476837158;;1.0546875;130810;m2;203979;0;
..\..\world\lordaeron\silverpine\passivedoodads\trees\silverpinetree02.m2;16082.2041015625;51.43003463745117;15651.1796875;0;121.44658660888672;0.5000001192092896;;1.0634765625;130758;m2;203979;0;
..\..\world\lordaeron\silverpine\passivedoodads\trees\silverpinetree02.m2;16426.470703125;49.8992919921875;15998.7841796875;6;187.9268798828125;-2.499999761581421;;1.017578125;158183;m2;203979;0;
..\..\world\lordaeron\silverpine\passivedoodads\trees\silverpinetree02.m2;16156.2490234375;56.58146286010742;15610.169921875;0.5000001192092896;244.69496154785156;0.5000001192092896;;1.052734375;130833;m2;203979;0;
..\..\world\lordaeron\silverpine\passivedoodads\trees\silverpinetree02.m2;16461.50390625;38.469970703125;15956.6552734375;3.9999990463256836;190.82736206054688;-4.5;;1.0107421875;336401;m2;203979;0;
..\..\world\lordaeron\silverpine\passivedoodads\trees\silverpinetree02.m2;16314.8134765625;37.714027404785156;15705.27734375;0;356.9676513671875;0.9999997615814209;;1.048828125;131025;m2;203979;0;
..\..\world\lordaeron\silverpine\passivedoodads\trees\silverpinetree02.m2;16313.849609375;53.962181091308594;15512.630859375;0;63.118377685546875;0.5000000596046448;;1.0439453125;130858;m2;203979;0;
..\..\world\lordaeron\silverpine\passivedoodads\trees\silverpinetree02.m2;16196.4208984375;79.99879455566406;15544.5185546875;0;147.07846069335938;0.5000001192092896;;1.033203125;130848;m2;203979;0;
..\..\world\lordaeron\silverpine\passivedoodads\trees\silverpinetree02.m2;16166.5029296875;50.59793472290039;15635.744140625;0;43.8807373046875;0.5000001192092896;;1.0322265625;130831;m2;203979;0;
..\..\world\lordaeron\silverpine\passivedoodads\trees\silverpinetree02.m2;16124.3515625;170.92308044433594;15486.4296875;0;329.99542236328125;2.0000007152557373;;1;130813;m2;203979;0;
..\..\world\lordaeron\silverpine\passivedoodads\trees\silverpinetree02.m2;16343.6904296875;45.52273178100586;15561.478515625;0.5000000596046448;330.74249267578125;1.5000004768371582;;0.9912109375;130857;m2;203979;0;
..\..\world\lordaeron\silverpine\passivedoodads\trees\silverpinetree02.m2;15983.958984375;155.8578643798828;15539.5341796875;0.5;275.6883544921875;2.000000238418579;;0.9853515625;130785;m2;203979;0;
..\..\world\lordaeron\silverpine\passivedoodads\trees\silverpinetree02.m2;16350.9267578125;51.97699737548828;15668.478515625;0.5000001192092896;204.87928771972656;2.000000238418579;;0.98046875;131023;m2;203979;0;
..\..\world\lordaeron\silverpine\passivedoodads\trees\silverpinetree02.m2;16127.8115234375;49.537200927734375;15758.1396484375;0.5;208.3291015625;0.9999997019767761;;0.96875;131006;m2;203979;0;
..\..\world\lordaeron\silverpine\passivedoodads\trees\silverpinetree02.m2;16010.2265625;42.55854415893555;15824.240234375;0.5;204.4068603515625;2.000000238418579;;0.962890625;130211;m2;203979;0;
..\..\world\lordaeron\silverpine\passivedoodads\trees\silverpinetree02.m2;16007.326171875;178.6175079345703;15547.4833984375;0;98.81402587890625;3.0000011920928955;;0.9541015625;130788;m2;203979;0;
..\..\world\lordaeron\silverpine\passivedoodads\trees\silverpinetree04.m2;16230.2060546875;40.33440017700195;15734.1171875;0.5;145.57330322265625;1.500000238418579;;0.4638671875;131987;m2;203983;0;
..\..\world\lordaeron\silverpine\passivedoodads\trees\silverpinetree02.m2;16307.521484375;45.51462173461914;15642.2705078125;0;344.8603515625;-1.500000238418579;;0.9345703125;131028;m2;203979;0;
..\..\world\lordaeron\silverpine\passivedoodads\trees\silverpinetree02.m2;16182.6171875;147.40103149414062;15508.537109375;0;201.75909423828125;2.500000238418579;;0.923828125;130849;m2;203979;0;
..\..\world\lordaeron\silverpine\passivedoodads\trees\silverpinetree02.m2;16075.4677734375;47.26652908325195;15777.130859375;0;265.1301574707031;0.9999998807907104;;0.927734375;131008;m2;203979;0;
..\..\world\lordaeron\silverpine\passivedoodads\trees\silverpinetree02.m2;16392.822265625;41.83673095703125;15973.6904296875;5.336085564522364e-7;41.61749267578125;3.999999523162842;;0.912109375;158180;m2;203979;0;
..\..\world\lordaeron\silverpine\passivedoodads\trees\silverpinetree02.m2;16019.7958984375;184.4176025390625;15495.806640625;0.4999997913837433;105.37310791015625;2.000000238418579;;0.916015625;130789;m2;203979;0;
..\..\world\lordaeron\silverpine\passivedoodads\trees\silverpinetree02.m2;16195.474609375;46.206050872802734;15663.4228515625;0;339.8724365234375;1.000000238418579;;0.9208984375;130829;m2;203979;0;
..\..\world\lordaeron\silverpine\passivedoodads\trees\silverpinetree02.m2;16278.2841796875;53.962196350097656;15557.513671875;0;352.045654296875;1.000000238418579;;0.9130859375;130854;m2;203979;0;
..\..\world\lordaeron\tirisfalglade\passivedoodads\trees\tirisfallgladecanopytree04.m2;16405.5703125;69.92813110351562;15431.2392578125;-0.499999463558197;38.544403076171875;9.5;;1.19921875;199758;m2;204131;0;
..\..\world\lordaeron\silverpine\passivedoodads\trees\silverpinetree04.m2;16199.1767578125;52.82863235473633;15721.0322265625;-2;201.33062744140625;-0.5000001192092896;;0.421875;131989;m2;203983;0;
..\..\world\lordaeron\tirisfalglade\passivedoodads\trees\tirisfallgladecanopytree06.m2;16466.697265625;43.86079788208008;15450.7216796875;0.5000001192092896;359.87896728515625;-6.500001430511475;;1.087890625;199766;m2;204133;0;
..\..\world\lordaeron\silverpine\passivedoodads\trees\silverpinetree02.m2;16538.224609375;47.9405517578125;15487.01171875;0;54.86041259765625;-1.5;;0.734375;199998;m2;203979;0;
..\..\world\lordaeron\silverpine\passivedoodads\trees\silverpinetree02.m2;16518.037109375;50.76959991455078;15612.87109375;0;79.86041259765625;-1.5000003576278687;;0.734375;199984;m2;203979;0;
..\..\world\lordaeron\silverpine\passivedoodads\trees\silverpinetree02.m2;16411.107421875;35.33091354370117;15732.634765625;0;325.3603820800781;-1.5;;0.6748046875;199956;m2;203979;0;
..\..\world\lordaeron\silverpine\passivedoodads\trees\silverpinetree02.m2;16430.732421875;49.432098388671875;15629.884765625;0;325.3603820800781;-1.5;;0.6748046875;199963;m2;203979;0;
..\..\world\lordaeron\silverpine\passivedoodads\trees\silverpinetree02.m2;16422.982421875;43.70973587036133;15554.693359375;0;210.86036682128906;-1.5000005960464478;;0.6748046875;199970;m2;203979;0;
..\..\world\lordaeron\silverpine\passivedoodads\trees\silverpinetree02.m2;16528.8125;48.684139251708984;15616.71484375;0;187.36038208007812;-1.5000004768371582;;0.6650390625;199991;m2;203979;0;
..\..\world\lordaeron\silverpine\passivedoodads\trees\silverpinetree01.m2;16193.3291015625;149.30868530273438;15507.4453125;1.5000005960464478;335.367919921875;-3.5000014305114746;;1.0869140625;130850;m2;203977;0;
..\..\world\lordaeron\silverpine\passivedoodads\trees\silverpinetree01.m2;16388.958984375;50.54746627807617;16004.208984375;0.4999997913837433;288.7844543457031;3.5000007152557373;;1.0859375;158194;m2;203977;0;
..\..\world\lordaeron\silverpine\passivedoodads\trees\silverpinetree01.m2;16319.1767578125;49.34428787231445;15585.419921875;0;184.619873046875;2;;1.0966796875;130861;m2;203977;0;
..\..\world\lordaeron\silverpine\passivedoodads\trees\silverpinetree01.m2;15999.0185546875;159.48721313476562;15549.8154296875;0;198.15545654296875;2.5;;1.072265625;130793;m2;203977;0;
..\..\world\lordaeron\silverpine\passivedoodads\trees\silverpinetree01.m2;16469.77734375;40.528690338134766;15971.865234375;0;316.9761962890625;2.499999761581421;;1.072265625;158187;m2;203977;0;
..\..\world\lordaeron\silverpine\passivedoodads\trees\silverpinetree01.m2;16084.91796875;86.21564483642578;15565.1103515625;0;251.68246459960938;1.5000003576278687;;1.0732421875;130820;m2;203977;0;
..\..\world\lordaeron\silverpine\passivedoodads\trees\silverpinetree01.m2;16281.5634765625;46.656715393066406;15641.068359375;0;57.83380126953125;0.5000001192092896;;1.0771484375;131031;m2;203977;0;
..\..\world\lordaeron\silverpine\passivedoodads\trees\silverpinetree01.m2;16068.21484375;118.42076110839844;15539.7392578125;0;206.99969482421875;1.5;;1.0654296875;130816;m2;203977;0;
..\..\world\lordaeron\silverpine\passivedoodads\trees\silverpinetree01.m2;16210.1103515625;66.65831756591797;15601.1796875;0;286.83978271484375;1.5000001192092896;;1.0625;130852;m2;203977;0;
..\..\world\lordaeron\silverpine\passivedoodads\trees\silverpinetree01.m2;16232.7109375;46.716468811035156;15659.3515625;0;99.81387329101562;0;;1.06640625;130839;m2;203977;0;
..\..\world\lordaeron\silverpine\passivedoodads\trees\silverpinetree01.m2;16016.0458984375;38.32088088989258;15841.513671875;0.5000000596046448;253.66009521484375;0.5000000596046448;;1.05859375;130222;m2;203977;0;
..\..\world\lordaeron\silverpine\passivedoodads\trees\silverpinetree01.m2;16332.24609375;49.715763092041016;15665.3291015625;0;30.41107177734375;0.5000000596046448;;1.0576171875;131029;m2;203977;0;
..\..\world\lordaeron\silverpine\passivedoodads\trees\silverpinetree01.m2;16098.6884765625;49.001853942871094;15676.3466796875;0;303.71533203125;1.5000003576278687;;1.05078125;130770;m2;203977;0;
..\..\world\lordaeron\silverpine\passivedoodads\trees\silverpinetree01.m2;16035.8798828125;168.7939453125;15521.1171875;0.49999964237213135;73.41290283203125;1.500000238418579;;1.0439453125;130791;m2;203977;0;
..\..\world\lordaeron\silverpine\passivedoodads\trees\silverpinetree01.m2;16275.3486328125;59.34272766113281;15568.6953125;0.5000001192092896;50.17608642578125;0.5000002384185791;;1.044921875;130860;m2;203977;0;
..\..\world\lordaeron\silverpine\passivedoodads\trees\silverpinetree01.m2;16144.2421875;45.50456619262695;15760.1259765625;0.9999998807907104;206.91183471679688;0.49999988079071045;;1.0419921875;131012;m2;203977;0;
..\..\world\lordaeron\silverpine\passivedoodads\trees\silverpinetree01.m2;16319.8310546875;41.2527961730957;15996.6455078125;0;43.221527099609375;2.000000238418579;;1.03515625;158232;m2;203977;0;
..\..\world\lordaeron\silverpine\passivedoodads\trees\silverpinetree01.m2;16113.650390625;97.17438507080078;15552.8759765625;0;53.29632568359375;0.5000001192092896;;1.041015625;130821;m2;203977;0;
..\..\world\lordaeron\silverpine\passivedoodads\trees\silverpinetree01.m2;16378.6435546875;47.1900520324707;15984.7734375;0;106.46074676513672;3.5000007152557373;;1.015625;158193;m2;203977;0;
..\..\world\lordaeron\silverpine\passivedoodads\trees\silverpinetree01.m2;16140.1298828125;109.06181335449219;15535.255859375;0;174.60003662109375;1.5000004768371582;;1.0107421875;130814;m2;203977;0;
..\..\world\lordaeron\silverpine\passivedoodads\trees\silverpinetree01.m2;16292.4208984375;33.43391036987305;15715.724609375;0;51.5164794921875;1.5000005960464478;;1.0068359375;131034;m2;203977;0;
..\..\world\lordaeron\silverpine\passivedoodads\trees\silverpinetree01.m2;16067.1484375;47.265132904052734;15786.4208984375;0.5;188.7398681640625;0.9999997615814209;;1;131015;m2;203977;0;
..\..\world\lordaeron\silverpine\passivedoodads\trees\silverpinetree01.m2;16195.37109375;80.24610137939453;15554.349609375;0;146.78182983398438;0.5000000596046448;;0.986328125;130851;m2;203977;0;
..\..\world\lordaeron\silverpine\passivedoodads\trees\silverpinetree01.m2;16135.5234375;59.22574234008789;15601.490234375;0;267.8768310546875;1.0000001192092896;;0.98046875;130837;m2;203977;0;
..\..\world\lordaeron\silverpine\passivedoodads\trees\silverpinetree01.m2;16031.5791015625;65.16841888427734;15596.833984375;0.9999998807907104;131.13681030273438;1;;0.9736328125;130777;m2;203977;0;
..\..\world\lordaeron\silverpine\passivedoodads\trees\silverpinetree01.m2;16166.2353515625;42.64508819580078;15758.6796875;0;179.3243408203125;0;;0.9833984375;131011;m2;203977;0;
..\..\world\lordaeron\silverpine\passivedoodads\trees\silverpinetree01.m2;16331.3310546875;44.6713752746582;15627.6767578125;0;330.24810791015625;1.500000238418579;;0.97265625;131030;m2;203977;0;
..\..\world\lordaeron\silverpine\passivedoodads\trees\silverpinetree01.m2;16447.072265625;39.35631561279297;15934.4892578125;0;249.15554809570312;4.5;;0.9521484375;158189;m2;203977;0;
..\..\world\lordaeron\silverpine\passivedoodads\trees\silverpinetree01.m2;16337.2978515625;42.859466552734375;15572.71484375;0;219.9420166015625;1.5000003576278687;;0.9599609375;130862;m2;203977;0;
..\..\world\lordaeron\silverpine\passivedoodads\trees\silverpinetree01.m2;16020.5498046875;43.632080078125;15817.4111328125;0.5;162.20709228515625;0.9999997615814209;;0.95703125;130221;m2;203977;0;
..\..\world\lordaeron\silverpine\passivedoodads\trees\silverpinetree01.m2;16197.1767578125;47.03123092651367;15672.16796875;0;41.551544189453125;1.0000001192092896;;0.9580078125;130840;m2;203977;0;
..\..\world\lordaeron\silverpine\passivedoodads\trees\silverpinetree01.m2;16168.248046875;48.10625076293945;15650.8603515625;0;358.681640625;2.000000476837158;;0.9501953125;130835;m2;203977;0;
..\..\world\lordaeron\silverpine\passivedoodads\trees\silverpinetree01.m2;16097.6259765625;151.2211456298828;15529.76171875;-3.2016512818699994e-7;247.97999572753906;2;;0.9453125;130815;m2;203977;0;
..\..\world\lordaeron\silverpine\passivedoodads\trees\silverpinetree01.m2;16146.58984375;50.95236587524414;15640.8271484375;0;288.6745910644531;0.5;;0.9501953125;130836;m2;203977;0;
..\..\world\lordaeron\silverpine\passivedoodads\trees\silverpinetree01.m2;16107.5546875;176.24278259277344;15480.4228515625;0;49.65972900390625;1.5000005960464478;;0.9365234375;130818;m2;203977;0;
..\..\world\lordaeron\silverpine\passivedoodads\trees\silverpinetree01.m2;16038.8447265625;167.0572052001953;15492.337890625;0.5;108.02086639404297;0.5000001192092896;;0.935546875;130817;m2;203977;0;
..\..\world\lordaeron\silverpine\passivedoodads\trees\silverpinetree01.m2;16292.037109375;46.822940826416016;16012.5810546875;1.5000004768371582;195.52964782714844;2.5000007152557373;;0.9169921875;158230;m2;203977;0;
..\..\world\lordaeron\silverpine\passivedoodads\trees\silverpinetree01.m2;16075.51171875;50.1531867980957;15702.9228515625;0;243.53598022460938;2.500000476837158;;0.9140625;130769;m2;203977;0;
..\..\world\lordaeron\silverpine\passivedoodads\trees\silverpinetree01.m2;16088.2216796875;37.32026290893555;15820.771484375;0;338.6749267578125;0.4999999403953552;;0.921875;131017;m2;203977;0;
..\..\world\lordaeron\silverpine\passivedoodads\trees\silverpinetree01.m2;16367.400390625;52.52643585205078;15668.4384765625;0;220.72203063964844;1.0000001192092896;;0.9189453125;131032;m2;203977;0;
..\..\world\lordaeron\silverpine\passivedoodads\trees\silverpinetree01.m2;16008.216796875;197.0323028564453;15504.4365234375;0.5000001192092896;188.6849365234375;1.5000005960464478;;0.91015625;130796;m2;203977;0;
..\..\world\lordaeron\silverpine\passivedoodads\trees\silverpinetree01.m2;15993.0927734375;40.93940353393555;15836.41796875;0;209.15309143066406;0.9999997019767761;;0.9150390625;130220;m2;203977;0;
..\..\world\lordaeron\silverpine\passivedoodads\trees\silverpinetree01.m2;15997.9990234375;59.26289367675781;15610.2021484375;0.49999988079071045;268.7228088378906;2.000000238418579;;0.90625;130776;m2;203977;0;
..\..\world\lordaeron\silverpine\passivedoodads\trees\silverpinetree02fallen.m2;16247.3271484375;56.36513137817383;15618.1796875;-25.999998092651367;205.98309326171875;3.4999990463256836;;1.0478515625;146233;m2;203981;0;
..\..\world\lordaeron\silverpine\passivedoodads\trees\silverpinetree01.m2;16044.87109375;53.07954406738281;15764.9072265625;0.5000001192092896;176.259033203125;0.5000001788139343;;0.9111328125;131016;m2;203977;0;
..\..\world\lordaeron\silverpine\passivedoodads\trees\silverpinetree01.m2;16228.0654296875;51.85977554321289;15634.7861328125;0;52.4613037109375;0;;0.9150390625;130838;m2;203977;0;
..\..\world\lordaeron\silverpine\passivedoodads\trees\silverpinetree01.m2;16395.181640625;36.9267463684082;15945.763671875;0;237.56460571289062;2.000000238418579;;0.904296875;158191;m2;203977;0;
..\..\world\lordaeron\silverpine\passivedoodads\trees\silverpinetree01.m2;16041.029296875;52.7613410949707;15624.576171875;0;209.87823486328125;1.000000238418579;;0.90234375;130772;m2;203977;0;
..\..\world\lordaeron\silverpine\passivedoodads\trees\silverpinetree01.m2;16518.84375;48.06976318359375;15633.521484375;0;152.83380126953125;0.4999999403953552;;0.876953125;199985;m2;203977;0;
..\..\world\lordaeron\silverpine\passivedoodads\trees\silverpinetree01.m2;16530.228515625;50.14939498901367;15506.068359375;0;127.83380126953125;0.5000001192092896;;0.876953125;199999;m2;203977;0;
..\..\world\lordaeron\tirisfalglade\passivedoodads\trees\tirisfallgladecanopytree05.m2;16459.06640625;48.32780838012695;15455.8046875;0;323.88873291015625;0;;0.6376953125;199765;m2;204132;0;
..\..\world\lordaeron\silverpine\passivedoodads\trees\silverpinetree01.m2;16393.46484375;35.01171875;15725.3955078125;0;38.33380126953125;0.4999999403953552;;0.8173828125;199957;m2;203977;0;
..\..\world\lordaeron\silverpine\passivedoodads\trees\silverpinetree01.m2;16413.091796875;51.31441116333008;15622.6455078125;0;38.33380126953125;0.4999999403953552;;0.8173828125;199964;m2;203977;0;
..\..\world\lordaeron\silverpine\passivedoodads\trees\silverpinetree01.m2;16238.310546875;47.60871505737305;15715.853515625;0.5;186.21295166015625;2;;0.7890625;131991;m2;203977;0;
..\..\world\lordaeron\tirisfalglade\passivedoodads\trees\tirisfallgladecanopytree06.m2;16457.818359375;48.7538948059082;15464.5546875;-0.49999967217445374;110.6265869140625;3.499999523162842;;0.51953125;199764;m2;204133;0;
..\..\world\lordaeron\silverpine\passivedoodads\trees\silverpinetree03.m2;16180.43359375;81.63431549072266;15554.525390625;0;178.51129150390625;1.0000001192092896;;1.091796875;130847;m2;203982;0;
..\..\world\lordaeron\silverpine\passivedoodads\trees\silverpinetree03.m2;16148.162109375;108.53077697753906;15541.4921875;0;179.4561767578125;1;;1.087890625;130826;m2;203982;0;
..\..\world\lordaeron\silverpine\passivedoodads\trees\silverpinetree03.m2;16389.515625;39.488128662109375;15957.2958984375;1.500000238418579;293.4317626953125;2.500000476837158;;1.0634765625;158202;m2;203982;0;
..\..\world\lordaeron\silverpine\passivedoodads\trees\silverpinetree03.m2;16045.1259765625;126.93878936767578;15563.0859375;0;312.922119140625;1.5000003576278687;;1.0810546875;130824;m2;203982;0;
..\..\world\lordaeron\silverpine\passivedoodads\trees\silverpinetree03.m2;16176.669921875;47.3640022277832;15663.755859375;0;346.6512451171875;1.5000005960464478;;1.078125;130843;m2;203982;0;
..\..\world\lordaeron\silverpine\passivedoodads\trees\silverpinetree03.m2;16104.98046875;51.9902458190918;15652.3955078125;0;231.30223083496094;1.5000003576278687;;1.060546875;130779;m2;203982;0;
..\..\world\lordaeron\silverpine\passivedoodads\trees\silverpinetree03.m2;16277.2890625;47.006431579589844;15631.568359375;0;207.69189453125;1.5;;1.056640625;131039;m2;203982;0;
..\..\world\lordaeron\silverpine\passivedoodads\trees\silverpinetree03.m2;16004.607421875;57.9080696105957;15612.083984375;0;353.44091796875;2;;1.05078125;130782;m2;203982;0;
..\..\world\lordaeron\silverpine\passivedoodads\trees\silverpinetree03.m2;16281.01171875;56.368350982666016;15565.5048828125;0.5;160.82275390625;0.9999997019767761;;1.0439453125;130868;m2;203982;0;
..\..\world\lordaeron\silverpine\passivedoodads\trees\silverpinetree03.m2;16529.560546875;32.82899856567383;16003.474609375;0.5;169.32647705078125;3.0000009536743164;;1.0244140625;157994;m2;203982;0;
..\..\world\lordaeron\silverpine\passivedoodads\trees\silverpinetree03.m2;16299.7666015625;38.67310333251953;15991.0341796875;1.0000003576278687;18.18292236328125;-6.000001907348633;;0.9921875;158233;m2;203982;0;
..\..\world\lordaeron\silverpine\passivedoodads\trees\silverpinetree03.m2;16073.0205078125;117.16024017333984;15542.7646484375;0;198.70477294921875;1.500000238418579;;1.017578125;130825;m2;203982;0;
..\..\world\lordaeron\silverpine\passivedoodads\trees\silverpinetree03.m2;16142.4365234375;44.72198486328125;15774.8759765625;0.5000001788139343;78.21405029296875;1.5000005960464478;;1.013671875;131018;m2;203982;0;
..\..\world\lordaeron\silverpine\passivedoodads\trees\silverpinetree03.m2;16326.994140625;37.18434524536133;15704.90234375;0.9999998807907104;351.44140625;2;;1.0048828125;131037;m2;203982;0;
..\..\world\lordaeron\silverpine\passivedoodads\trees\silverpinetree03.m2;16070.4296875;40.237144470214844;15814.6484375;0.4999997913837433;323.5133056640625;2;;1.00390625;131021;m2;203982;0;
..\..\world\lordaeron\silverpine\passivedoodads\trees\silverpinetree03.m2;16234.8984375;49.119083404541016;15643.8203125;0;24.302490234375;0;;1.01953125;130845;m2;203982;0;
..\..\world\lordaeron\silverpine\passivedoodads\trees\silverpinetree03.m2;16200.982421875;48.12651443481445;15647.6103515625;0;242.68441772460938;0.5000000596046448;;1.013671875;130846;m2;203982;0;
..\..\world\lordaeron\silverpine\passivedoodads\trees\silverpinetree03.m2;16095.037109375;85.37820434570312;15572.5146484375;0;298.87017822265625;2.5;;0.998046875;130823;m2;203982;0;
..\..\world\lordaeron\silverpine\passivedoodads\trees\silverpinetree03.m2;16477.951171875;40.34476089477539;15964.7666015625;0;318.06390380859375;3.0000007152557373;;0.9912109375;158199;m2;203982;0;
..\..\world\lordaeron\silverpine\passivedoodads\trees\silverpinetree03.m2;16115.287109375;55.49182891845703;15741.302734375;0;281.302490234375;0.5000001192092896;;1.0048828125;131019;m2;203982;0;
..\..\world\critter\fish\fish01.m2;16138.404296875;26.12906837463379;15955.98046875;-4.5;157.92230224609375;10.499999046325684;;2.365234375;337634;m2;190733;0;
..\..\world\lordaeron\silverpine\passivedoodads\trees\silverpinetree03.m2;16452.078125;40.633949279785156;15974.5166015625;0.9999998807907104;300.1446533203125;2.000000238418579;;0.953125;158198;m2;203982;0;
..\..\world\lordaeron\silverpine\passivedoodads\trees\silverpinetree03.m2;16358.85546875;49.82802963256836;15656.6455078125;0;108.2406005859375;0;;0.9658203125;131036;m2;203982;0;
..\..\world\lordaeron\silverpine\passivedoodads\trees\silverpinetree03.m2;15998.9833984375;47.49181365966797;15812.6904296875;0;235.35629272460938;1.000000238418579;;0.9580078125;130223;m2;203982;0;
..\..\world\lordaeron\silverpine\passivedoodads\trees\silverpinetree03.m2;16009.38671875;52.988800048828125;15673.556640625;0.9999997019767761;232.697509765625;5.000000476837158;;0.9208984375;132194;m2;203982;0;
..\..\world\lordaeron\silverpine\passivedoodads\trees\silverpinetree03.m2;16154.68359375;48.74080276489258;15650.849609375;0;92.8922119140625;0;;0.9541015625;130844;m2;203982;0;
..\..\world\lordaeron\silverpine\passivedoodads\trees\silverpinetree03.m2;16500.013671875;37.059303283691406;16006.3603515625;1.0000003576278687;48.132568359375;2.000000476837158;;0.9296875;157993;m2;203982;0;
..\..\world\lordaeron\silverpine\passivedoodads\trees\silverpinetree03.m2;16083.958984375;45.63179397583008;15788.224609375;0;249.90805053710938;1.000000238418579;;0.939453125;131020;m2;203982;0;
..\..\world\lordaeron\silverpine\passivedoodads\trees\silverpinetree03.m2;16434.638671875;39.0351676940918;15935.2490234375;0;157.32904052734375;1.500000238418579;;0.935546875;158201;m2;203982;0;
..\..\world\lordaeron\silverpine\passivedoodads\trees\silverpinetree03.m2;16372.37109375;50.67239761352539;16001.447265625;1.5;153.39581298828125;4.500000476837158;;0.9052734375;158204;m2;203982;0;
..\..\world\lordaeron\silverpine\passivedoodads\trees\silverpinetree03.m2;16352.07421875;43.12423324584961;15575.4267578125;0;66.5682373046875;2.000000238418579;;0.9208984375;130867;m2;203982;0;
..\..\world\lordaeron\silverpine\passivedoodads\trees\silverpinetree03.m2;16289.060546875;46.77900314331055;15652.9892578125;0;40.035400390625;1.0000001192092896;;0.9228515625;131038;m2;203982;0;
..\..\world\lordaeron\silverpine\passivedoodads\trees\silverpinetree03.m2;16330.833984375;44.48002243041992;15583.1416015625;0;120.47976684570312;1.5000004768371582;;0.9189453125;130866;m2;203982;0;
..\..\world\lordaeron\silverpine\passivedoodads\trees\silverpinetree03.m2;16364.669921875;42.7750129699707;15970.404296875;0.5000000596046448;137.31134033203125;1.500000238418579;;0.9052734375;158203;m2;203982;0;
..\..\world\lordaeron\silverpine\passivedoodads\trees\silverpinetree03.m2;16104.0146484375;148.8444366455078;15526.9892578125;0;154.18682861328125;0.5000001192092896;;0.90625;130822;m2;203982;0;
..\..\world\azeroth\redridge\passivedoodads\trees\redridgefallentree02moss.m2;16306.83984375;8.416905403137207;15880.6484375;0;293.0952453613281;0;;1.8203125;345343;m2;190117;0;
..\..\world\critter\fish\fish01.m2;16308.373046875;16.178531646728516;15897.8359375;-6;124.2042236328125;0.5;;2.015625;337719;m2;190733;0;
..\..\world\lordaeron\silverpine\passivedoodads\trees\silverpinetree03.m2;16511.4765625;46.24431228637695;15637.6142578125;0;302.6918640136719;1.5000001192092896;;0.8564453125;199988;m2;203982;0;
..\..\world\lordaeron\silverpine\passivedoodads\trees\silverpinetree03.m2;16521.82421875;49.705204010009766;15506.6640625;0;277.6918640136719;1.5000001192092896;;0.8564453125;200002;m2;203982;0;
..\..\world\lordaeron\silverpine\passivedoodads\treestumps\silverpinetreestump01.m2;16279.2861328125;47.63234329223633;15658.380859375;0;41.265899658203125;0;;1.0458984375;149936;m2;203985;0;
..\..\world\lordaeron\silverpine\passivedoodads\trees\silverpinetree03.m2;16043.88671875;53.58579635620117;15696.0302734375;-1.0000005960464478;235.27938842773438;2.5000007152557373;;0.8271484375;132206;m2;203982;0;
..\..\world\lordaeron\silverpine\passivedoodads\trees\silverpinetree03.m2;16001.4853515625;53.205196380615234;15684.052734375;0.4999999403953552;96.078369140625;2.000000476837158;;0.8310546875;132195;m2;203982;0;
..\..\world\lordaeron\silverpine\passivedoodads\trees\silverpinetree03.m2;16010.572265625;53.5844612121582;15707.623046875;0.5000000596046448;168.425537109375;2.000000476837158;;0.8154296875;132202;m2;203982;0;
..\..\world\lordaeron\silverpine\passivedoodads\trees\silverpinetree03.m2;16017.9921875;53.52745819091797;15696.748046875;-0.5;204.97817993164062;1.5000001192092896;;0.8115234375;132201;m2;203982;0;
..\..\world\lordaeron\silverpine\passivedoodads\trees\silverpinetree03.m2;16020.8359375;52.93464279174805;15653.8359375;1.0000003576278687;87.651611328125;2.0000009536743164;;0.7958984375;132192;m2;203982;0;
..\..\world\critter\fish\fish01.m2;16347.4365234375;26.993181228637695;15860.5341796875;0;297.8416748046875;3.500000238418579;;1.912109375;337717;m2;190733;0;
..\..\world\critter\fish\fish01.m2;16492.6953125;17.04429054260254;15730.166015625;-0.5000001192092896;47.627197265625;-10.5;;1.869140625;337711;m2;190733;0;
..\..\world\lordaeron\silverpine\passivedoodads\trees\silverpinetree03.m2;16444.2421875;46.28712463378906;15544.322265625;0;73.69189453125;1.5000003576278687;;0.796875;199974;m2;203982;0;
..\..\world\lordaeron\silverpine\passivedoodads\trees\silverpinetree03.m2;16392.8515625;34.29375076293945;15717.58984375;0;188.19189453125;1.5000005960464478;;0.796875;199960;m2;203982;0;
..\..\world\lordaeron\silverpine\passivedoodads\trees\silverpinetree03.m2;16412.478515625;48.24354934692383;15614.83984375;0;188.19189453125;1.5000005960464478;;0.796875;199967;m2;203982;0;
..\..\world\lordaeron\silverpine\passivedoodads\trees\silverpinetree03.m2;16028.419921875;53.3079719543457;15682.005859375;-1.000000238418579;181.98309326171875;1.5000005960464478;;0.7880859375;132200;m2;203982;0;
..\..\world\lordaeron\silverpine\passivedoodads\trees\silverpinetree03.m2;16025.5859375;52.1391487121582;15716.6572265625;-4.000000476837158;301.4740295410156;-3.000000238418579;;0.7578125;132208;m2;203982;0;
..\..\world\lordaeron\silverpine\passivedoodads\trees\silverpinetree03.m2;16036.0185546875;53.29568862915039;15672.54296875;-3.2016512818699994e-7;141.89276123046875;5;;0.75;132199;m2;203982;0;
..\..\world\lordaeron\silverpine\passivedoodads\trees\silverpinetree03.m2;16028.4296875;53.006805419921875;15641.779296875;0.49999985098838806;143.57373046875;3.0000007152557373;;0.7412109375;132191;m2;203982;0;
..\..\world\lordaeron\silverpine\passivedoodads\trees\silverpinetree03.m2;15995.1591796875;53.01543045043945;15695.224609375;0;212.6578369140625;2.000000238418579;;0.748046875;132196;m2;203982;0;
..\..\world\lordaeron\silverpine\passivedoodads\trees\silverpinetree03.m2;16033.9541015625;52.939605712890625;15707.880859375;3.5;279.22601318359375;3.0000007152557373;;0.7197265625;132207;m2;203982;0;
..\..\world\lordaeron\silverpine\passivedoodads\trees\silverpinetree03.m2;16015.5048828125;53.16995620727539;15662.6123046875;0.5;339.6856689453125;3.0000011920928955;;0.72265625;132193;m2;203982;0;
..\..\world\lordaeron\silverpine\passivedoodads\trees\silverpinetree03.m2;16060.154296875;53.32698059082031;15675.94921875;-1.499999761581421;216.085693359375;1.999999761581421;;0.720703125;132204;m2;203982;0;
..\..\world\lordaeron\silverpine\passivedoodads\trees\silverpinetree03.m2;16527.669921875;48.822044372558594;15626.5966796875;0;135.035400390625;1.000000238418579;;0.72265625;199983;m2;203982;0;
..\..\world\lordaeron\silverpine\passivedoodads\trees\silverpinetree03.m2;16051.513671875;53.47767639160156;15687.04296875;2.000000238418579;139.3109130859375;-4;;0.6875;132205;m2;203982;0;
..\..\world\critter\fish\fish01.m2;16295.146484375;12.847821235656738;15867.1142578125;1.5000003576278687;131.23568725585938;6.000000476837158;;1.6474609375;337718;m2;190733;0;
..\..\world\lordaeron\silverpine\passivedoodads\trees\silverpinetree03.m2;16042.056640625;53.594764709472656;15663.8203125;0.5;293.88226318359375;2.5;;0.697265625;132198;m2;203982;0;
..\..\world\lordaeron\silverpine\passivedoodads\trees\silverpinetree03.m2;16067.013671875;53.4332275390625;15666.5478515625;0;141.46429443359375;2.000000238418579;;0.685546875;132203;m2;203982;0;
..\..\world\lordaeron\silverpine\passivedoodads\treestumps\silverpinetreestump01.m2;16532.9609375;47.64478302001953;15634.08984375;0;136.26593017578125;0;;0.845703125;199982;m2;203985;0;
..\..\world\lordaeron\silverpine\passivedoodads\trees\silverpinetree03.m2;16048.5810546875;53.533050537109375;15655.1240234375;0.4999997317790985;322.7882080078125;2;;0.6640625;132197;m2;203982;0;
..\..\world\lordaeron\silverpine\passivedoodads\trees\silverpinetree03.m2;16395.970703125;34.96431350708008;15735.447265625;0;20.535400390625;1.0000003576278687;;0.6630859375;199955;m2;203982;0;
..\..\world\lordaeron\silverpine\passivedoodads\trees\silverpinetree03.m2;16415.59765625;51.66737747192383;15632.697265625;0;20.535400390625;1.0000003576278687;;0.6630859375;199962;m2;203982;0;
..\..\world\lordaeron\silverpine\passivedoodads\trees\silverpinetree03.m2;16426.69921875;42.34955978393555;15539.755859375;0;266.035400390625;1.000000238418579;;0.6630859375;199969;m2;203982;0;
..\..\world\lordaeron\silverpine\passivedoodads\treestumps\silverpinetreestump01.m2;16409.05078125;38.32604217529297;15950.9072265625;1.0000001192092896;188.88272094726562;4.000000476837158;;0.9482421875;158235;m2;203985;0;
..\..\world\lordaeron\silverpine\passivedoodads\treestumps\silverpinetreestump01.m2;16387.55859375;35.4791374206543;15737.123046875;0;21.76593017578125;0;;0.7861328125;199954;m2;203985;0;
..\..\world\lordaeron\silverpine\passivedoodads\treestumps\silverpinetreestump01.m2;16407.185546875;51.79315948486328;15634.373046875;0;21.76593017578125;0;;0.7861328125;199961;m2;203985;0;
..\..\world\azeroth\westfall\passivedoodads\wreckedrowboat\wreckedrowboat.m2;16531.880859375;16.016918182373047;15783.7666015625;16.500001907348633;83.6634521484375;-69.00000762939453;;1.373046875;345339;m2;190677;0;
..\..\world\critter\fish\fish01.m2;16242.6435546875;24.38273048400879;15927.7734375;0;116.8321762084961;6;;1.25;337720;m2;190733;0;
..\..\world\critter\fish\fish01.m2;16496.1875;15.3458251953125;15732.060546875;-5;29.90570068359375;1.499999761581421;;1.22265625;337712;m2;190733;0;
..\..\world\critter\fish\fish01.m2;16146.3515625;25.043745040893555;15970.2890625;0;321.1291809082031;0;;1.1376953125;337635;m2;190733;0;
..\..\world\lordaeron\silverpine\passivedoodads\treestumps\silverpinetreestump01.m2;16428.662109375;43.40420150756836;15531.4052734375;0;267.2658996582031;0;;0.7861328125;199968;m2;203985;0;
..\..\world\critter\fish\fish01.m2;16431.16015625;25.466585159301758;15787.4560546875;-8;297.84844970703125;-13.5;;1.080078125;337714;m2;190733;0;
..\..\world\critter\fish\fish01.m2;16267.7978515625;26.425216674804688;15992.32421875;-19.5;30.13641357421875;-2.499999523162842;;0.9765625;337724;m2;190733;0;
..\..\world\critter\fish\fish01.m2;16373.3671875;12.006851196289062;15888.26171875;0.5000002384185791;139.4976806640625;4.999999523162842;;0.943359375;337726;m2;190733;0;
..\..\world\critter\fish\fish01.m2;16230.8671875;25.285463333129883;15968.978515625;-1.5000005960464478;99.2755126953125;9.000001907348633;;1.083984375;337721;m2;190733;0;
..\..\world\critter\fish\fish01.m2;16335.46484375;30.02896499633789;15946.5205078125;-11.000001907348633;110.07537841796875;-10.5;;0.96875;337725;m2;190733;0;
..\..\world\lordaeron\silverpine\passivedoodads\bushes\silverpinebush03.m2;16050.646484375;52.26955032348633;15627.603515625;0.999999463558197;85.54217529296875;11.000000953674316;;1.640625;133475;m2;203971;0;
..\..\world\lordaeron\silverpine\passivedoodads\treestumps\silverpinetreestump02.m2;16120.666015625;41.18071365356445;15802.5234375;0;50.27496337890625;0;;1.0234375;149938;m2;203986;0;
..\..\world\critter\fish\fish01.m2;16390.544921875;12.160770416259766;15841.884765625;-1.5;280.126953125;2.999999761581421;;0.9892578125;337715;m2;190733;0;
..\..\world\critter\fish\fish01.m2;16349.224609375;13.091259956359863;15887.8916015625;0;267.28350830078125;3.500000238418579;;1.0537109375;337716;m2;190733;0;
..\..\world\critter\fish\fish01.m2;16503.58984375;18.436004638671875;15701.9697265625;2;226.2593536376953;5.499999523162842;;0.8466796875;337713;m2;190733;0;
..\..\world\critter\fish\fish01.m2;16479.095703125;21.233440399169922;15812.2265625;0;322.93096923828125;5;;0.8291015625;337710;m2;190733;0;
..\..\world\lordaeron\silverpine\passivedoodads\bushes\silverpinebush01.m2;16342.5234375;45.64555358886719;15692.1591796875;24.499996185302734;49.51690673828125;23.999998092651367;;1.0498046875;133439;m2;203967;0;
..\..\world\lordaeron\silverpine\passivedoodads\bushes\silverpinebush01.m2;16438.763671875;44.88772964477539;15986.7890625;-5.500000476837158;56.1748046875;-4.5;;1.05078125;158226;m2;203967;0;
..\..\world\lordaeron\silverpine\passivedoodads\bushes\silverpinebush01.m2;16193.630859375;47.09525680541992;15667.3583984375;0;60.756256103515625;0;;1.0576171875;133458;m2;203967;0;
..\..\world\lordaeron\silverpine\passivedoodads\bushes\silverpinebush01.m2;16253.5771484375;49.09002685546875;15639.5341796875;-17.000001907348633;204.97817993164062;-0.9999997019767761;;1.01171875;146234;m2;203967;0;
..\..\world\lordaeron\silverpine\passivedoodads\bushes\silverpinebush01.m2;16429.7734375;40.63264846801758;15946.2177734375;-0.5000001192092896;63.5029296875;-0.9999998807907104;;1.05859375;158219;m2;203967;0;
..\..\world\lordaeron\silverpine\passivedoodads\treestumps\silverpinetreestump02.m2;16159.1142578125;58.82476043701172;15589.076171875;0;105.76862335205078;0;;1.015625;149935;m2;203986;0;
..\..\world\lordaeron\silverpine\passivedoodads\bushes\silverpinebush01.m2;16392.068359375;45.01013946533203;15979.0029296875;-4.999999523162842;54.09832763671875;-10.000000953674316;;0.97265625;158223;m2;203967;0;
..\..\world\lordaeron\silverpine\passivedoodads\bushes\silverpinebush03.m2;16055.537109375;51.61845779418945;15628.0654296875;0.5000001192092896;238.68524169921875;2.000000238418579;;1.162109375;133476;m2;203971;0;
..\..\world\lordaeron\silverpine\passivedoodads\bushes\silverpinebush01.m2;16074.419921875;51.96696472167969;15647.2509765625;0;45.84735107421875;0;;1.00390625;133479;m2;203967;0;
..\..\world\lordaeron\silverpine\passivedoodads\bushes\silverpinebush01.m2;16337.4091796875;42.98147964477539;15576.837890625;0;143.57373046875;2.5;;0.9912109375;132977;m2;203967;0;
..\..\world\lordaeron\silverpine\passivedoodads\bushes\silverpinebush01.m2;16101.966796875;66.37141418457031;15607.3671875;-9;195.4591522216797;1.500000238418579;;1.0615234375;133471;m2;203967;0;
..\..\world\lordaeron\silverpine\passivedoodads\bushes\silverpinebush01.m2;16314.416015625;51.86343765258789;15519.333984375;-7.500000953674316;212.65785217285156;-10.000001907348633;;0.9384765625;132982;m2;203967;0;
..\..\world\lordaeron\silverpine\passivedoodads\bushes\silverpinebush03.m2;16283.787109375;47.80149459838867;15696.599609375;29;49.39605712890625;18.000003814697266;;1.013671875;133429;m2;203971;0;
..\..\world\lordaeron\silverpine\passivedoodads\bushes\silverpinebush01.m2;16104.4091796875;65.3333511352539;15610.8623046875;-6.5;232.323974609375;-10;;0.91015625;133472;m2;203967;0;
..\..\world\lordaeron\silverpine\passivedoodads\bushes\silverpinebush01.m2;16332.466796875;49.04816436767578;15661.9052734375;-13.500000953674316;322.7882080078125;18.499998092651367;;0.904296875;132983;m2;203967;0;
..\..\world\lordaeron\silverpine\passivedoodads\bushes\silverpinebush03.m2;16337.255859375;48.73405075073242;15544.2236328125;18.999998092651367;232.69752502441406;-22.5;;1.0107421875;132980;m2;203971;0;
..\..\world\lordaeron\silverpine\passivedoodads\bushes\silverpinebush01.m2;16271.1435546875;47.78325271606445;15663.5673828125;-4.499999523162842;9.60235595703125;0.9999998807907104;;1.095703125;133427;m2;203967;0;
..\..\world\lordaeron\silverpine\passivedoodads\bushes\silverpinebush03.m2;16361.55859375;45.812740325927734;15689.5859375;-9.999998092651367;247.57345581054688;-31.5;;1.03515625;133438;m2;203971;0;
..\..\world\lordaeron\silverpine\passivedoodads\bushes\silverpinebush01.m2;16233.6103515625;42.621944427490234;15729.1865234375;31.000001907348633;4.834136962890625;-12.5;;1.0009765625;133444;m2;203967;0;
..\..\world\lordaeron\silverpine\passivedoodads\bushes\silverpinebush01.m2;16510.59765625;39.989013671875;15972.099609375;8.500000953674316;57.44927978515625;-0.4999997913837433;;0.9013671875;158248;m2;203967;0;
..\..\world\lordaeron\silverpine\passivedoodads\bushes\silverpinebush01.m2;16512.98046875;39.48641586303711;15968.77734375;-12.5;296.8816223144531;-4.999999523162842;;0.908203125;158249;m2;203967;0;
..\..\world\lordaeron\silverpine\passivedoodads\bushes\silverpinebush01.m2;16189.4072265625;47.30575180053711;15665.0166015625;0;307.0223083496094;0;;0.91796875;133457;m2;203967;0;
..\..\world\lordaeron\silverpine\passivedoodads\bushes\silverpinebush03.m2;16376.5615234375;48.472896575927734;15983.3896484375;9.5;130.68634033203125;-9.000001907348633;;0.9697265625;158222;m2;203971;0;
..\..\world\lordaeron\silverpine\passivedoodads\bushes\silverpinebush03.m2;16240.9365234375;47.54182052612305;15715.0703125;-40.5;214.1897430419922;-13;;1.001953125;133443;m2;203971;0;
..\..\world\lordaeron\silverpine\passivedoodads\bushes\silverpinebush01.m2;16017.37109375;56.95006561279297;15616.103515625;19.999998092651367;350.23284912109375;-4.999999523162842;;1.013671875;133481;m2;203967;0;
..\..\world\lordaeron\silverpine\passivedoodads\bushes\silverpinebush01.m2;16215.0478515625;51.13146209716797;15690.232421875;7.500000476837158;25.48907470703125;0;;0.9140625;133463;m2;203967;0;
..\..\world\lordaeron\silverpine\passivedoodads\bushes\silverpinebush03.m2;16077.9423828125;64.10675048828125;15587.4453125;-13.499999046325684;228.75331115722656;-39.000003814697266;;0.9521484375;133474;m2;203971;0;
..\..\world\lordaeron\silverpine\passivedoodads\bushes\silverpinebush01.m2;16138.7685546875;59.71382141113281;15599.3330078125;0;197.75994873046875;3.9999990463256836;;0.9912109375;133470;m2;203967;0;
..\..\world\lordaeron\silverpine\passivedoodads\bushes\silverpinebush03.m2;16392.951171875;37.249427795410156;15943.693359375;0.500000536441803;295.0468444824219;11.5;;1.01171875;158221;m2;203971;0;
..\..\world\lordaeron\silverpine\passivedoodads\bushes\silverpinebush03.m2;16280.1796875;48.774574279785156;15696.12109375;27.499998092651367;77.07144165039062;30.4999942779541;;0.9765625;133430;m2;203971;0;
..\..\world\lordaeron\silverpine\passivedoodads\bushes\silverpinebush01.m2;16285.4423828125;46.41483688354492;15640.244140625;0;293.88226318359375;0;;0.9365234375;132984;m2;203967;0;
..\..\world\lordaeron\silverpine\passivedoodads\bushes\silverpinebush03.m2;16237.0498046875;63.66923904418945;15614.037109375;-16.5;141.46429443359375;12.000000953674316;;0.92578125;146236;m2;203971;0;
..\..\world\azeroth\swamposorrow\passivedoodads\waterhuts\waterhut01.m2;16101.8896484375;32.23317337036133;15905.99609375;0.500000536441803;85.425537109375;6;;1.0849609375;159743;m2;190430;0;
..\..\world\lordaeron\silverpine\passivedoodads\bushes\silverpinebush03.m2;16019.1552734375;55.50811004638672;15619.2197265625;-13.499999046325684;224.43556213378906;-16;;0.912109375;133482;m2;203971;0;
..\..\world\lordaeron\silverpine\passivedoodads\bushes\silverpinebush03.m2;16075.263671875;62.83815002441406;15588.55859375;19.000001907348633;61.75604248046875;25;;0.9375;133473;m2;203971;0;
..\..\world\lordaeron\silverpine\passivedoodads\bushes\silverpinebush01.m2;16334.1767578125;52.260684967041016;15675.4365234375;-3.999999523162842;103.50438690185547;3.000000476837158;;0.9755859375;133434;m2;203967;0;
..\..\world\lordaeron\silverpine\passivedoodads\bushes\silverpinebush01.m2;16354.6767578125;42.43690872192383;15696.5029296875;38.999996185302734;339.67041015625;-9.999999046325684;;0.939453125;133440;m2;203967;0;
..\..\world\lordaeron\silverpine\passivedoodads\bushes\silverpinebush01.m2;16467.091796875;38.9959602355957;15941.6572265625;0;171.1832275390625;0.5000001192092896;;1.044921875;158218;m2;203967;0;
..\..\world\lordaeron\silverpine\passivedoodads\bushes\silverpinebush03.m2;16097.93359375;54.491310119628906;15722.9384765625;0;332.9947509765625;1.5;;1.0234375;149999;m2;203971;0;
..\..\world\lordaeron\silverpine\passivedoodads\bushes\silverpinebush03.m2;16236.21484375;47.10793685913086;15658.0361328125;0;197.95770263671875;0;;1.0908203125;133460;m2;203971;0;
..\..\world\azeroth\swamposorrow\passivedoodads\waterhuts\waterhut01.m2;16100.0830078125;33.866172790527344;15896.3115234375;0.9999998807907104;327.3695983886719;4.5;;1.0576171875;159915;m2;190430;0;
..\..\world\lordaeron\silverpine\passivedoodads\bushes\silverpinebush03.m2;16534.28515625;34.09480285644531;15895.388671875;-7.000000476837158;72.45703125;-25.5;;0.9697265625;158246;m2;203971;0;
..\..\world\lordaeron\silverpine\passivedoodads\treestumps\silverpinetreestump02.m2;16322.5615234375;63.08804702758789;15501.0830078125;0;349.65057373046875;0;;0.9091796875;149937;m2;203986;0;
..\..\world\lordaeron\silverpine\passivedoodads\bushes\silverpinebush03.m2;16516.748046875;39.12782669067383;15969.2734375;6.499999046325684;71.43527221679688;-7.500000476837158;;1.01953125;158251;m2;203971;0;
..\..\world\lordaeron\silverpine\passivedoodads\bushes\silverpinebush03.m2;16258.3603515625;48.34401321411133;15642.1767578125;-8;168.425537109375;8.5;;1.0849609375;146235;m2;203971;0;
..\..\world\lordaeron\silverpine\passivedoodads\bushes\silverpinebush03.m2;16455.255859375;44.36193084716797;15992.2998046875;-26.499998092651367;341.63031005859375;-8.499998092651367;;0.92578125;158227;m2;203971;0;
..\..\world\lordaeron\silverpine\passivedoodads\bushes\silverpinebush03.m2;16514.341796875;39.5423583984375;15973.060546875;12;73.79742431640625;-7.500000476837158;;1.0029296875;158247;m2;203971;0;
..\..\world\azeroth\swamposorrow\passivedoodads\waterhuts\waterhut02.m2;16136.1708984375;33.00801467895508;15889.294921875;0;105.4169921875;1.499999761581421;;1.09375;159906;m2;190431;0;
..\..\world\lordaeron\silverpine\passivedoodads\bushes\silverpinebush01.m2;16092.025390625;37.81591033935547;15820.9716796875;16.999998092651367;0;-8.5;;1;133451;m2;203967;0;
..\..\world\lordaeron\silverpine\passivedoodads\bushes\silverpinebush03.m2;16317.8466796875;46.015655517578125;15558.6328125;0.5000001192092896;310.6856689453125;3.5;;0.9228515625;132979;m2;203971;0;
..\..\world\azeroth\swamposorrow\passivedoodads\waterhuts\waterhut01.m2;16096.0302734375;31.80826759338379;15909.1748046875;0.5000002384185791;332.9781494140625;6.000000476837158;;1.01171875;159742;m2;190430;0;
..\..\world\azeroth\swamposorrow\passivedoodads\waterhuts\waterhut01.m2;16399.43359375;31.12520408630371;15771.2265625;0;284.5655822753906;3.000000476837158;;1.0390625;159936;m2;190430;0;
..\..\world\lordaeron\silverpine\passivedoodads\bushes\silverpinebush01.m2;16072.384765625;52.24928665161133;15652.15234375;0;268.2723388671875;0;;1.0888671875;133480;m2;203967;0;
..\..\world\lordaeron\silverpine\passivedoodads\bushes\silverpinebush03.m2;16309.201171875;44.92938995361328;15633.7734375;1.0000001192092896;61.67913818359375;-5;;0.94140625;133461;m2;203971;0;
..\..\world\lordaeron\silverpine\passivedoodads\bushes\silverpinebush03.m2;16404.720703125;37.8979377746582;15946.880859375;-7.500000476837158;19.2047119140625;3.500000238418579;;0.9775390625;158220;m2;203971;0;
..\..\world\lordaeron\silverpine\passivedoodads\bushes\silverpinebush03.m2;16424.970703125;47.11936569213867;15597.7060546875;0;233.84014892578125;3.999999523162842;;0.9140625;149995;m2;203971;0;
..\..\world\azeroth\swamposorrow\passivedoodads\waterhuts\waterhut01.m2;16408.2109375;31.79609489440918;15767.9365234375;0.9999998807907104;345.94805908203125;1.999999761581421;;1.0234375;159935;m2;190430;0;
..\..\world\lordaeron\silverpine\passivedoodads\bushes\silverpinebush03.m2;16318.3623046875;53.29133605957031;15516.3759765625;-15.499999046325684;96.078369140625;16;;1.0009765625;132981;m2;203971;0;
..\..\world\lordaeron\silverpine\passivedoodads\bushes\silverpinebush01.m2;16083.8046875;47.059268951416016;15775.08984375;10.500000953674316;0;-6;;1;133453;m2;203967;0;
..\..\world\azeroth\swamposorrow\passivedoodads\waterhuts\waterhut02.m2;16090.099609375;33.171592712402344;15896.763671875;0;181.98309326171875;-0.5;;1.0478515625;159741;m2;190431;0;
..\..\world\lordaeron\silverpine\passivedoodads\bushes\silverpinebush03.m2;16126.5498046875;52.55940246582031;15638.6484375;6.5;289.0920715332031;-12.499999046325684;;0.9140625;133468;m2;203971;0;
..\..\world\lordaeron\silverpine\passivedoodads\bushes\silverpinebush01.m2;16223.607421875;52.38462829589844;15705.880859375;-9.499999046325684;354.80328369140625;1;;0.94140625;149997;m2;203967;0;
..\..\world\generic\human\passivedoodads\lamps\tirisfallstreetlamp01.m2;16214.232421875;50.8209342956543;15692.1171875;0.49999988079071045;88.91506958007812;2.5;;1;132874;m2;198318;0;
..\..\world\azeroth\swamposorrow\passivedoodads\waterhuts\waterhut01.m2;16168.365234375;33.062110900878906;15858.9384765625;0;92.151611328125;4.500000476837158;;0.986328125;159735;m2;190430;0;
..\..\world\lordaeron\silverpine\passivedoodads\bushes\silverpinebush03.m2;16046.5478515625;53.10393142700195;15623.9609375;9;353.96832275390625;-4.5;;1.064453125;133477;m2;203971;0;
..\..\world\generic\human\passivedoodads\lamps\tirisfallstreetlamp01.m2;16411.392578125;46.01540756225586;15585.08984375;0;201.79205322265625;2;;1;132872;m2;198318;0;
..\..\world\generic\human\passivedoodads\lamps\tirisfallstreetlamp01.m2;16123.935546875;54.77769470214844;15734.279296875;0.49999988079071045;259.8785400390625;1.5000001192092896;;1;132875;m2;198318;0;
..\..\world\azeroth\swamposorrow\passivedoodads\waterhuts\waterhut02.m2;16339.537109375;32.56580352783203;15743.0703125;0;329.77569580078125;1.5;;1.0146484375;159921;m2;190431;0;
..\..\world\azeroth\swamposorrow\passivedoodads\waterhuts\waterhut01.m2;16172.2998046875;31.28138542175293;15865.6435546875;0;46.197509765625;0;;1.0107421875;159737;m2;190430;0;
..\..\world\lordaeron\silverpine\passivedoodads\bushes\silverpinebush03.m2;16314.3671875;37.00435256958008;15710.732421875;-21.999998092651367;171.5347900390625;-4.5;;0.943359375;133441;m2;203971;0;
..\..\world\generic\human\passivedoodads\lamps\tirisfallstreetlamp01.m2;16323.8583984375;46.405277252197266;15659.8291015625;0.4999999403953552;253.59414672851562;0.9999998807907104;;1;132873;m2;198318;0;
..\..\world\lordaeron\silverpine\passivedoodads\bushes\silverpinebush03.m2;16510.083984375;39.60509490966797;15969.181640625;-3;195.47471618652344;2;;0.9853515625;158250;m2;203971;0;
..\..\world\generic\human\passivedoodads\lamps\tirisfallstreetlamp01.m2;16007.3642578125;54.33918380737305;15759.369140625;0;143.57373046875;1;;1;132737;m2;198318;0;
..\..\world\lordaeron\silverpine\passivedoodads\bushes\silverpinebush03.m2;16417.001953125;48.91429138183594;15987.275390625;-14.5;350.8371276855469;5.5;;0.984375;158225;m2;203971;0;
..\..\world\lordaeron\silverpine\passivedoodads\bushes\silverpinebush03.m2;16214.3935546875;47.20469665527344;15665.2890625;7.000000476837158;256.7583312988281;3.5;;0.96875;133459;m2;203971;0;
..\..\world\azeroth\swamposorrow\passivedoodads\waterhuts\waterhut01.m2;16416.044921875;31.57986068725586;15762.306640625;0;46.18792724609375;1.5;;0.9765625;159937;m2;190430;0;
..\..\world\azeroth\swamposorrow\passivedoodads\waterhuts\waterhut01.m2;16341.365234375;32.34030532836914;15754.724609375;0.9999997019767761;128.95046997070312;7.500000476837158;;0.9140625;159920;m2;190430;0;
..\..\world\azeroth\swamposorrow\passivedoodads\waterhuts\waterhut02.m2;16347.193359375;33.82472229003906;15750.68359375;-2;219.8101806640625;-9.5;;0.9091796875;159919;m2;190431;0;
..\..\world\azeroth\swamposorrow\passivedoodads\waterhuts\waterhut02.m2;16402.353515625;33.70668029785156;15756.3623046875;0.5;188.98159790039062;2.000000238418579;;0.974609375;159938;m2;190431;0;
..\..\world\lordaeron\silverpine\passivedoodads\bushes\silverpinebush01.m2;16072.630859375;47.860191345214844;15782.9423828125;3;0;-2;;1;133454;m2;203967;0;
..\..\world\azeroth\swamposorrow\passivedoodads\waterhuts\waterhut02.m2;16410.228515625;32.555328369140625;15762.3330078125;0;175.65478515625;4;;0.958984375;159934;m2;190431;0;
..\..\world\lordaeron\silverpine\passivedoodads\bushes\silverpinebush01.m2;16144.1884765625;42.9787483215332;15786.2646484375;-0.5000000596046448;0;-12.5;;1;133445;m2;203967;0;
..\..\world\lordaeron\silverpine\passivedoodads\bushes\silverpinebush01.m2;16075.333984375;50.52079772949219;15621.583984375;1.000000238418579;94.91378784179688;-2.5;;0.935546875;133478;m2;203967;0;
..\..\world\lordaeron\silverpine\passivedoodads\bushes\silverpinebush03.m2;16123.982421875;41.43741989135742;15801.6240234375;23;0;3;;1;133449;m2;203971;0;
..\..\world\lordaeron\silverpine\passivedoodads\bushes\silverpinebush03.m2;16081.7236328125;39.502471923828125;15816.2177734375;19.500001907348633;0;-4;;1;133450;m2;203971;0;
..\..\world\lordaeron\silverpine\passivedoodads\bushes\silverpinebush03.m2;16472.17578125;41.49489212036133;15974.1923828125;0.49999967217445374;261.3507385253906;2.5;;1.0048828125;158217;m2;203971;0;
..\..\world\lordaeron\silverpine\passivedoodads\bushes\silverpinebush03.m2;16173.8671875;46.85007095336914;15669.71484375;8;10.931732177734375;3.499999523162842;;0.92578125;133467;m2;203971;0;
..\..\world\azeroth\swamposorrow\passivedoodads\waterhuts\waterhut02.m2;16402.05078125;32.3813362121582;15766.35546875;0;122.86383056640625;1.500000238418579;;0.939453125;159933;m2;190431;0;
..\..\world\lordaeron\silverpine\passivedoodads\bushes\silverpinebush01.m2;16517.9609375;48.968048095703125;15630.3046875;0;28.88226318359375;0;;0.7373046875;199986;m2;203967;0;
..\..\world\azeroth\swamposorrow\passivedoodads\waterhuts\waterhut02.m2;16160.916015625;33.3672981262207;15863.7978515625;0;339.6856689453125;3.000000476837158;;0.9228515625;159736;m2;190431;0;
..\..\world\lordaeron\silverpine\passivedoodads\bushes\silverpinebush03.m2;16358.7802734375;47.51224136352539;15566.341796875;-10.50000286102295;87.651611328125;15.000001907348633;;0.986328125;132978;m2;203971;0;
..\..\world\lordaeron\silverpine\passivedoodads\bushes\silverpinebush03.m2;16220.728515625;49.6066780090332;15723.5009765625;24.500001907348633;353.0014953613281;-18;;0.9228515625;133442;m2;203971;0;
..\..\world\lordaeron\silverpine\passivedoodads\bushes\silverpinebush03.m2;16090.4365234375;41.22867965698242;15807.1552734375;12.99999713897705;0;-3;;1;133452;m2;203971;0;
..\..\world\lordaeron\silverpine\passivedoodads\bushes\silverpinebush02.m2;16230.576171875;50.08395767211914;15674.072265625;-7.000000476837158;60.360748291015625;-9.500000953674316;;1.0576171875;133465;m2;203969;0;
..\..\world\lordaeron\silverpine\passivedoodads\bushes\silverpinebush03.m2;16041.6572265625;53.6469612121582;15765.1416015625;9.5;0;-4.500000953674316;;1;133455;m2;203971;0;
..\..\world\lordaeron\silverpine\passivedoodads\bushes\silverpinebush03.m2;16334.3779296875;45.05022430419922;15626.46484375;0;189.83856201171875;0;;0.943359375;133462;m2;203971;0;
..\..\world\lordaeron\silverpine\passivedoodads\bushes\silverpinebush03.m2;16532.3984375;47.59040832519531;15483.4521484375;0.9999995827674866;131.67913818359375;-5;;0.7412109375;200001;m2;203971;0;
..\..\world\lordaeron\silverpine\passivedoodads\bushes\silverpinebush02.m2;16266.5791015625;51.203182220458984;15693.3154296875;5;310.45013427734375;-3.000000238418579;;1.02734375;133428;m2;203969;0;
..\..\world\lordaeron\silverpine\passivedoodads\bushes\silverpinebush02.m2;16300.4892578125;51.05809020996094;15677.716796875;-5.000000476837158;292.5089111328125;7.500000476837158;;1.033203125;133433;m2;203969;0;
..\..\world\lordaeron\silverpine\passivedoodads\bushes\silverpinebush03.m2;16511.251953125;52.210060119628906;15612.1083984375;0.9999997019767761;156.67913818359375;-5;;0.7412109375;199987;m2;203971;0;
..\..\world\lordaeron\silverpine\passivedoodads\bushes\silverpinebush01.m2;16435.111328125;44.6778564453125;15544.240234375;0;159.88226318359375;0;;0.6767578125;199972;m2;203967;0;
..\..\world\lordaeron\silverpine\passivedoodads\bushes\silverpinebush03.m2;16414.33984375;36.1381950378418;15727.2529296875;1.0000001192092896;42.17913818359375;-5;;0.681640625;199959;m2;203971;0;
..\..\world\lordaeron\silverpine\passivedoodads\bushes\silverpinebush03.m2;16433.966796875;49.32592010498047;15624.5029296875;1.0000001192092896;42.17913818359375;-5;;0.681640625;199966;m2;203971;0;
..\..\world\azeroth\duskwood\passivedoodads\duskwoodstraw\duskwoodstraw.m2;16013.4990234375;52.391719818115234;15648.525390625;2.000000476837158;297.66168212890625;6.500000953674316;;1.0283203125;132323;m2;189461;0;
..\..\world\azeroth\duskwood\passivedoodads\duskwoodstraw\duskwoodstraw.m2;16039.310546875;54.4034423828125;15759.7109375;0;38.56317138671875;2;;0.9765625;150000;m2;189461;0;
..\..\world\azeroth\swamposorrow\passivedoodads\plants\swampplant04.m2;16295.853515625;32.50746154785156;15739.7578125;1;182.93893432617188;7.500000476837158;;1.0791015625;159892;m2;190378;0;
..\..\world\azeroth\swamposorrow\passivedoodads\plants\swampplant04.m2;16195.2998046875;32.21269226074219;15817.82421875;0.49999967217445374;44.858551025390625;6.000000476837158;;1.0849609375;159881;m2;190378;0;
..\..\world\lordaeron\silverpine\passivedoodads\bushes\silverpinebush02.m2;16345.7236328125;52.06081008911133;15666.8759765625;1.0000007152557373;289.78424072265625;14.000000953674316;;0.916015625;133435;m2;203969;0;
..\..\world\azeroth\swamposorrow\passivedoodads\plants\swampplant04.m2;16436.13671875;32.81342697143555;15736.04296875;0;168.908935546875;5;;1.0908203125;159973;m2;190378;0;
..\..\world\azeroth\swamposorrow\passivedoodads\plants\swampplant04.m2;16502.72265625;32.540645599365234;15899.5322265625;0.5000000596046448;315.21832275390625;3.000000238418579;;1.0908203125;159876;m2;190378;0;
..\..\world\azeroth\swamposorrow\passivedoodads\plants\swampplant04.m2;16039.96484375;32.2773323059082;15905.3359375;0;323.8319091796875;4.5;;1.087890625;159765;m2;190378;0;
..\..\world\lordaeron\silverpine\passivedoodads\bushes\silverpinebush01.m2;16530.791015625;50.082889556884766;15502.7802734375;0;3.88226318359375;0;;0.7373046875;200000;m2;203967;0;
..\..\world\azeroth\swamposorrow\passivedoodads\plants\swampplant04.m2;16162.029296875;32.156463623046875;15872.7392578125;0;336.79681396484375;8.5;;1.0458984375;159759;m2;190378;0;
..\..\world\azeroth\swamposorrow\passivedoodads\plants\swampplant04.m2;16196.537109375;32.048152923583984;15814.708984375;0.9999998807907104;202.6380157470703;3;;1.0859375;159882;m2;190378;0;
..\..\world\azeroth\swamposorrow\passivedoodads\plants\swampplant04.m2;16168.1884765625;32.292205810546875;15868.3642578125;-9.500001907348633;221.02969360351562;0.4999997317790985;;1.001953125;159755;m2;190378;0;
..\..\world\azeroth\swamposorrow\passivedoodads\plants\swampplant04.m2;16014.759765625;32.26933288574219;15911.2177734375;1;300.8478088378906;5;;1.0419921875;159770;m2;190378;0;
..\..\world\azeroth\swamposorrow\passivedoodads\plants\swampplant04.m2;16409.296875;32.8963737487793;15704.0517578125;0;5.69110107421875;5.5;;1.0498046875;159958;m2;190378;0;
..\..\world\azeroth\swamposorrow\passivedoodads\plants\swampplant04.m2;16334.2216796875;32.757415771484375;15959.005859375;0.5000000596046448;345.244873046875;2.000000238418579;;1.0791015625;159870;m2;190378;0;
..\..\world\azeroth\swamposorrow\passivedoodads\plants\swampplant04.m2;16111.9609375;32.46466064453125;15906.3466796875;0;172.0511474609375;4.5;;1.0556640625;159760;m2;190378;0;
..\..\world\azeroth\swamposorrow\passivedoodads\plants\swampplant04.m2;16406.41796875;33.33891296386719;15696.369140625;0;8.921173095703125;2.499999761581421;;1.0751953125;159961;m2;190378;0;
..\..\world\lordaeron\silverpine\passivedoodads\bushes\silverpinebush03.m2;16426.537109375;45.74748611450195;15559.8671875;1.0000001192092896;287.67913818359375;-5;;0.681640625;199973;m2;203971;0;
..\..\world\azeroth\swamposorrow\passivedoodads\plants\swampplant04.m2;16198.060546875;32.0070686340332;15809.1142578125;0;215.39352416992188;3.999999523162842;;1.052734375;159884;m2;190378;0;
..\..\world\lordaeron\silverpine\passivedoodads\bushes\silverpinebush02.m2;16307.9765625;51.00677490234375;15676.1904296875;0;245.16741943359375;0.9999998807907104;;0.94140625;133431;m2;203969;0;
..\..\world\azeroth\swamposorrow\passivedoodads\plants\swampplant04.m2;16001.57421875;32.36710739135742;15973.10546875;0;13.33782958984375;2.500000238418579;;1.064453125;159779;m2;190378;0;
..\..\world\azeroth\duskwood\passivedoodads\straw\duskwoodstraw02.m2;16136.990234375;53.65346908569336;15715.568359375;0;204.32997131347656;3.000000238418579;;1.0439453125;149998;m2;189527;0;
..\..\world\lordaeron\silverpine\passivedoodads\bushes\silverpinebush02.m2;16228.498046875;50.305171966552734;15674.857421875;4.499999523162842;98.14385986328125;-6;;1.00390625;133464;m2;203969;0;
..\..\world\azeroth\swamposorrow\passivedoodads\plants\swampplant04.m2;16419.6171875;32.46781921386719;15923.041015625;0.5000001192092896;105.80156707763672;5.499999523162842;;1.0224609375;159872;m2;190378;0;
..\..\world\azeroth\swamposorrow\passivedoodads\plants\swampplant04.m2;16194.841796875;33.1640739440918;15810.49609375;0;210.7241973876953;2.500000238418579;;1.0517578125;159885;m2;190378;0;
..\..\world\azeroth\swamposorrow\passivedoodads\plants\swampplant04.m2;16339.919921875;32.090877532958984;15756.630859375;0;207.81272888183594;4.500000476837158;;1.02734375;159929;m2;190378;0;
..\..\world\azeroth\swamposorrow\passivedoodads\plants\swampplant04.m2;16136.3583984375;32.421592712402344;15893.982421875;0;242.59652709960938;3.000000238418579;;1.037109375;159908;m2;190378;0;
..\..\world\azeroth\swamposorrow\passivedoodads\plants\swampplant04.m2;16500.546875;32.378719329833984;15897.5654296875;0.5000001192092896;320.294189453125;6;;0.990234375;159878;m2;190378;0;
..\..\world\azeroth\swamposorrow\passivedoodads\treehuts\losttreehuts03.m2;16342.1572265625;32.78984451293945;15748.29296875;-4.500000953674316;203.2644805908203;-13.000001907348633;;1.02734375;159918;m2;190410;0;
..\..\world\lordaeron\silverpine\passivedoodads\bushes\silverpinebush02.m2;16130.30859375;43.40673828125;15795.4677734375;17.500001907348633;0;-7.000000476837158;;1;133446;m2;203969;0;
..\..\world\lordaeron\silverpine\passivedoodads\bushes\silverpinebush01.m2;16396.564453125;35.21751403808594;15725.931640625;0;274.38226318359375;0;;0.6767578125;199958;m2;203967;0;
..\..\world\lordaeron\silverpine\passivedoodads\bushes\silverpinebush01.m2;16416.189453125;51.55134963989258;15623.1796875;0;274.38226318359375;0;;0.6767578125;199965;m2;203967;0;
..\..\world\azeroth\swamposorrow\passivedoodads\plants\swampplant04.m2;16253.044921875;31.84492301940918;15762.3779296875;0;267.5911865234375;7.000000953674316;;0.9755859375;159889;m2;190378;0;
..\..\world\azeroth\swamposorrow\passivedoodads\plants\swampplant04.m2;16403.626953125;32.41877746582031;15766.818359375;0;328.29248046875;3.000000476837158;;1.013671875;159947;m2;190378;0;
..\..\world\lordaeron\silverpine\passivedoodads\bushes\silverpinebush02.m2;16306.1728515625;51.34253692626953;15679.98046875;0;354.9132080078125;2;;1.05078125;133432;m2;203969;0;
..\..\world\azeroth\swamposorrow\passivedoodads\plants\swampplant04.m2;16255.2392578125;31.3627872467041;15761.794921875;0;242.05816650390625;2.499999761581421;;1.015625;159890;m2;190378;0;
..\..\world\lordaeron\silverpine\passivedoodads\bushes\silverpinebush02.m2;16132.666015625;43.66436004638672;15794.181640625;15.999998092651367;0;-6.500000476837158;;1;133447;m2;203969;0;
..\..\world\azeroth\swamposorrow\passivedoodads\plants\swampplant04.m2;16303.978515625;32.97340774536133;15980.6611328125;1.0000001192092896;68.86441040039062;4.499999523162842;;0.9755859375;159868;m2;190378;0;
..\..\world\azeroth\swamposorrow\passivedoodads\plants\swampplant04.m2;16292.716796875;32.35453796386719;15741.0205078125;0;180.55482482910156;2.500000238418579;;1.0068359375;159893;m2;190378;0;
..\..\world\azeroth\swamposorrow\passivedoodads\plants\swampplant04.m2;16408.431640625;33.90029525756836;15692.7998046875;0;263.32830810546875;2.5;;1.0029296875;159962;m2;190378;0;
..\..\world\azeroth\duskwood\passivedoodads\fence\duskwoodfencebottombroken.m2;16130.58984375;54.6254768371582;15733.7861328125;3;96.92025756835938;0;;1;132034;m2;189465;0;
..\..\world\azeroth\duskwood\passivedoodads\duskwoodstraw\duskwoodstraw.m2;16299.7373046875;46.863197326660156;15653.57421875;0;287.65283203125;3.000000238418579;;0.943359375;149996;m2;189461;0;
..\..\world\azeroth\westfall\passivedoodads\westfallfence\westfallfence.m2;16007.5791015625;54.34445571899414;15746.7333984375;3;177;-3;;1;132334;m2;190659;0;
..\..\world\azeroth\westfall\passivedoodads\westfallfence\westfallfence.m2;16007.3310546875;54.54661178588867;15750.8046875;3;174;-0.9999998807907104;;1;132333;m2;190659;0;
..\..\world\azeroth\swamposorrow\passivedoodads\plants\swampplant04.m2;16499.732421875;32.54730987548828;15900.416015625;0.5;192.1787109375;2;;0.9951171875;159877;m2;190378;0;
..\..\world\azeroth\swamposorrow\passivedoodads\treehuts\losttreehuts03.m2;16392.40625;32.40483474731445;15765.4677734375;0;299.9468994140625;2;;1.091796875;159939;m2;190410;0;
..\..\world\azeroth\swamposorrow\passivedoodads\plants\swampplant04.m2;16332.40234375;33.1479377746582;15959.7978515625;0.9999998807907104;250.6057891845703;3.000000238418579;;0.9697265625;159869;m2;190378;0;
..\..\world\azeroth\westfall\passivedoodads\westfallfence\westfallfence.m2;16138.857421875;53.982688903808594;15732.02734375;3;102.82315063476562;0;;1;132031;m2;190659;0;
..\..\world\azeroth\westfall\passivedoodads\westfallfence\westfallfence.m2;16196.5791015625;52.9722900390625;15715.451171875;-4.000000476837158;107.32318115234375;-1.500000238418579;;1;132008;m2;190659;0;
..\..\world\azeroth\duskwood\passivedoodads\fence\duskwoodfencetop.m2;16080.9580078125;54.57606887817383;15725.94921875;-1.5;100.97943115234375;-1.500000238418579;;1;132047;m2;189471;0;
..\..\world\azeroth\swamposorrow\passivedoodads\plants\swampplant04.m2;16301.1142578125;32.436927795410156;15980.5986328125;0;192.61817932128906;3.000000238418579;;0.9755859375;159867;m2;190378;0;
..\..\world\azeroth\westfall\passivedoodads\westfallfence\westfallfence.m2;16134.7646484375;54.2518196105957;15733.025390625;2;101.66826629638672;0;;1;132033;m2;190659;0;
..\..\world\azeroth\westfall\passivedoodads\westfallfence\westfallfence.m2;16097.21484375;54.6755256652832;15722.58984375;-2;101.82318115234375;0;;1;132043;m2;190659;0;
..\..\world\azeroth\westfall\passivedoodads\westfallfence\westfallfence.m2;16089.1240234375;54.62813949584961;15724.369140625;-2;101.82318115234375;0;;1;132045;m2;190659;0;
..\..\world\azeroth\swamposorrow\passivedoodads\plants\swampplant05.m2;16408.90234375;33.52151870727539;15700.822265625;0;147.6717529296875;3.500000238418579;;1.09765625;159968;m2;190379;0;
..\..\world\azeroth\swamposorrow\passivedoodads\plants\swampplant04.m2;16010.666015625;32.34815216064453;15913.4609375;0.5000000596046448;276.3804931640625;0.9999998807907104;;0.982421875;159771;m2;190378;0;
..\..\world\lordaeron\silverpine\passivedoodads\bushes\silverpinebush02.m2;16344.6298828125;52.7056770324707;15670.166015625;-7.499999523162842;359.62646484375;1.999999761581421;;1.07421875;133436;m2;203969;0;
..\..\world\azeroth\westfall\passivedoodads\westfallfence\westfallfence.m2;16200.37109375;52.5718879699707;15714.134765625;4.5;109.16826629638672;-1.5;;1;132010;m2;190659;0;
..\..\world\generic\dwarf\passivedoodads\dwarfcorpse\corpseskeletondwarf.m2;16531.478515625;14.55510139465332;15790.619140625;-3;150.33303833007812;169.5;;1.990234375;345337;m2;197330;0;
..\..\world\azeroth\westfall\passivedoodads\westfallfence\westfallfence.m2;16085.0166015625;54.611053466796875;15725.208984375;0.5;99.82318115234375;-0.5;;1;132046;m2;190659;0;
..\..\world\azeroth\swamposorrow\passivedoodads\treehuts\losttreehuts03.m2;16133.8896484375;32.52360916137695;15896.072265625;0;111.547607421875;5;;1.0322265625;159905;m2;190410;0;
..\..\world\azeroth\westfall\passivedoodads\westfallfence\westfallfence.m2;16084.8203125;54.669090270996094;15741.6591796875;0;97.82318115234375;0;;1;132037;m2;190659;0;
..\..\world\azeroth\swamposorrow\passivedoodads\treehuts\losttreehuts03.m2;16417.173828125;32.440696716308594;15754.9609375;1.0000003576278687;25.049591064453125;4.500000476837158;;1.0400390625;159940;m2;190410;0;
..\..\world\azeroth\westfall\passivedoodads\westfallfence\westfallfence.m2;16142.87109375;53.803009033203125;15730.8486328125;2.000000238418579;105.66826629638672;-0.49999988079071045;;1;132032;m2;190659;0;
..\..\world\azeroth\swamposorrow\passivedoodads\plants\swampplant04.m2;16199.248046875;31.82119369506836;15816.7421875;0;359.28582763671875;4.999998569488525;;0.9423828125;159883;m2;190378;0;
..\..\world\azeroth\swamposorrow\passivedoodads\plants\swampplant04.m2;16411.2265625;31.835479736328125;15767.6279296875;0;113.84381103515625;3;;0.9609375;159949;m2;190378;0;
..\..\world\azeroth\westfall\passivedoodads\westfallfence\westfallfence.m2;16101.2734375;54.68526077270508;15721.888671875;0;99.16827392578125;0;;1;132042;m2;190659;0;
..\..\world\azeroth\westfall\passivedoodads\westfallfence\westfallfence.m2;16144.5927734375;53.59663772583008;15714.1279296875;0;99.82318115234375;0;;1;132023;m2;190659;0;
..\..\world\azeroth\westfall\passivedoodads\westfallfence\westfallfence.m2;16097.2548828125;54.733909606933594;15739.0146484375;0;99.82318115234375;0;;1;132039;m2;190659;0;
..\..\world\azeroth\swamposorrow\passivedoodads\plants\swampplant05.m2;16416.771484375;32.49213790893555;15756.724609375;-7.999999046325684;194.06842041015625;-5.499998569488525;;0.9990234375;159951;m2;190379;0;
..\..\world\azeroth\westfall\passivedoodads\westfallfence\westfallfence.m2;16088.9208984375;54.68555450439453;15740.833984375;0;100.66826629638672;0;;1;132036;m2;190659;0;
..\..\world\azeroth\swamposorrow\passivedoodads\treehuts\losttreehuts03.m2;16343.318359375;32.60517883300781;15759.701171875;0;145.2216796875;3.0000016689300537;;1.056640625;159922;m2;190410;0;
..\..\world\azeroth\duskwood\passivedoodads\fence\duskwoodfencebottom.m2;16136.291015625;53.788028717041016;15715.8203125;0;100.38400268554688;0;;1;132025;m2;189464;0;
..\..\world\azeroth\westfall\passivedoodads\westfallfence\westfallfence.m2;16156.85546875;53.242469787597656;15711.150390625;0;101.32315063476562;0;;1;132020;m2;190659;0;
..\..\world\azeroth\swamposorrow\passivedoodads\plants\swampplant05.m2;16394.337890625;32.46910095214844;15766.33984375;0;43.9906005859375;3.999999523162842;;1.0771484375;159954;m2;190379;0;
..\..\world\azeroth\swamposorrow\passivedoodads\plants\swampplant04.m2;16417.599609375;32.4008674621582;15923.380859375;0.4999999403953552;144.49658203125;3.000000238418579;;0.951171875;159873;m2;190378;0;
..\..\world\azeroth\westfall\passivedoodads\westfallfence\westfallfence.m2;16080.6572265625;54.67158889770508;15742.2978515625;0;101.66826629638672;0;;1;132040;m2;190659;0;
..\..\world\azeroth\swamposorrow\passivedoodads\plants\swampplant04.m2;16405.751953125;32.85268783569336;15701.2861328125;0;192.46437072753906;3.000000238418579;;0.9560546875;159959;m2;190378;0;
..\..\world\azeroth\swamposorrow\passivedoodads\plants\swampplant05.m2;16004.0458984375;31.646982192993164;15973.8740234375;0;58.05352783203125;4;;1.076171875;159782;m2;190379;0;
..\..\world\azeroth\westfall\passivedoodads\westfallfence\westfallfence.m2;16148.662109375;53.5006103515625;15713.162109375;0;102.66826629638672;0;;1;132022;m2;190659;0;
..\..\world\lordaeron\silverpine\passivedoodads\bushes\silverpinebush02.m2;16370.228515625;52.78178787231445;15667.654296875;0.5;347.06866455078125;-2.5;;0.90625;133437;m2;203969;0;
..\..\world\azeroth\westfall\passivedoodads\westfallfence\westfallfence.m2;16169.103515625;52.97653579711914;15707.7529296875;0;103.32318115234375;0;;1;132016;m2;190659;0;
..\..\world\azeroth\swamposorrow\passivedoodads\plants\swampplant05.m2;16012.615234375;32.63308334350586;15910.5810546875;0;303.902099609375;2;;1.0888671875;159768;m2;190379;0;
..\..\world\azeroth\westfall\passivedoodads\westfallfence\westfallfence.m2;16140.4541015625;53.68190002441406;15714.912109375;0;103.66826629638672;0;;1;132024;m2;190659;0;
..\..\world\azeroth\westfall\passivedoodads\westfallfence\westfallfence.m2;16093.115234375;54.7258415222168;15739.7998046875;0;103.66826629638672;0;;1;132038;m2;190659;0;
..\..\world\azeroth\swamposorrow\passivedoodads\plants\swampplant05.m2;16200.5048828125;31.469430923461914;15812.1142578125;0;219.13998413085938;4.5;;1.0654296875;159887;m2;190379;0;
..\..\world\azeroth\westfall\passivedoodads\westfallfence\westfallfence.m2;16160.8984375;53.15932846069336;15710.0771484375;0;104.16826629638672;0;;1;132019;m2;190659;0;
..\..\world\azeroth\swamposorrow\passivedoodads\plants\swampplant04.m2;16409.673828125;33.865230560302734;15698.482421875;0;34.30035400390625;2;;0.958984375;159964;m2;190378;0;
..\..\world\azeroth\westfall\passivedoodads\westfallfence\westfallfence.m2;16181.162109375;52.78822708129883;15704.0322265625;0;104.82318115234375;0;;1;132013;m2;190659;0;
..\..\world\azeroth\swamposorrow\passivedoodads\plants\swampplant04.m2;16405.626953125;33.069244384765625;15699.216796875;0;117.44744873046875;0.5000000596046448;;0.9736328125;159960;m2;190378;0;
..\..\world\azeroth\westfall\passivedoodads\westfallfence\westfallfence.m2;16152.7392578125;53.37007522583008;15712.04296875;0;105.16826629638672;0;;1;132021;m2;190659;0;
..\..\world\azeroth\swamposorrow\passivedoodads\plants\swampplant04.m2;16091.7333984375;31.992733001708984;15906.7265625;0;228.08311462402344;2.5;;0.9423828125;159764;m2;190378;0;
..\..\world\azeroth\swamposorrow\passivedoodads\plants\swampplant04.m2;16411.951171875;33.461151123046875;15700.74609375;0;310.7687683105469;1.5;;0.9521484375;159965;m2;190378;0;
..\..\world\azeroth\westfall\passivedoodads\westfallfence\westfallfence.m2;16188.6123046875;52.79792785644531;15718.1611328125;2;110.16826629638672;0;;1;132011;m2;190659;0;
..\..\world\azeroth\westfall\passivedoodads\westfallfence\westfallfence.m2;16173.107421875;52.85829544067383;15706.541015625;0;106.16826629638672;0;;1;132018;m2;190659;0;
..\..\world\azeroth\swamposorrow\passivedoodads\plants\swampplant05.m2;16411.5546875;32.437591552734375;15703.5205078125;0;129.32403564453125;2;;1.0791015625;159966;m2;190379;0;
..\..\world\azeroth\swamposorrow\passivedoodads\plants\swampplant04.m2;16042.3203125;32.49087142944336;15905.0048828125;0;21.53387451171875;4;;0.93359375;159766;m2;190378;0;
..\..\world\azeroth\swamposorrow\passivedoodads\plants\swampplant04.m2;16335.306640625;32.456546783447266;15740.0830078125;0.4999999403953552;356.8797912597656;1;;0.95703125;159928;m2;190378;0;
..\..\world\azeroth\swamposorrow\passivedoodads\plants\swampplant05.m2;16176.3759765625;31.66667366027832;15861.9267578125;0;38.46429443359375;0;;1.095703125;159757;m2;190379;0;
..\..\world\azeroth\swamposorrow\passivedoodads\plants\swampplant05.m2;16195.7197265625;32.131343841552734;15816.103515625;0.5;42.59527587890625;3.000000476837158;;1.0615234375;159888;m2;190379;0;
..\..\world\azeroth\westfall\passivedoodads\westfallfence\westfallfence.m2;16165.0205078125;53.11403274536133;15708.7890625;0;107.16826629638672;0;;1;132017;m2;190659;0;
..\..\world\azeroth\swamposorrow\passivedoodads\plants\swampplant05.m2;16141.6767578125;32.24872589111328;15889.90234375;0.5000000596046448;33.61920166015625;2.5;;1.0654296875;159909;m2;190379;0;
..\..\world\azeroth\westfall\passivedoodads\westfallfence\westfallfence.m2;16063.6142578125;54.482879638671875;15730.7080078125;0;107.6041030883789;0;;1;132049;m2;190659;0;
..\..\world\azeroth\westfall\passivedoodads\westfallfence\westfallfence.m2;16185.130859375;52.65281295776367;15702.71484375;0;107.66826629638672;0;;1;132015;m2;190659;0;
..\..\world\azeroth\swamposorrow\passivedoodads\plants\swampplant05.m2;16197.6416015625;32.0278434753418;15811.7890625;0;200.92410278320312;3.000000238418579;;1.0634765625;159886;m2;190379;0;
..\..\world\azeroth\westfall\passivedoodads\westfallfence\westfallfence.m2;16059.666015625;54.48493957519531;15732.009765625;0;107.95172119140625;0;;1;132050;m2;190659;0;
..\..\world\azeroth\swamposorrow\passivedoodads\plants\swampplant04.m2;16409.88671875;33.73223876953125;15695.8916015625;0;55.603515625;4.500000476837158;;0.9208984375;159963;m2;190378;0;
..\..\world\azeroth\westfall\passivedoodads\westfallfence\westfallfence.m2;16177.107421875;52.807762145996094;15705.1748046875;0;108.66826629638672;0;;1;132014;m2;190659;0;
..\..\world\azeroth\swamposorrow\passivedoodads\plants\swampplant04.m2;15999.71484375;32.924407958984375;15969.6171875;0.9999995827674866;82.43292236328125;3.000000238418579;;0.9189453125;159780;m2;190378;0;
..\..\world\azeroth\westfall\passivedoodads\westfallfence\westfallfence.m2;16192.5546875;52.74823760986328;15716.69921875;0;110.16826629638672;0;;1;132009;m2;190659;0;
..\..\world\azeroth\westfall\passivedoodads\westfallfence\westfallfence.m2;16242.634765625;51.029441833496094;15695.787109375;0;110.32318115234375;0;;1;132027;m2;190659;0;
..\..\world\azeroth\westfall\passivedoodads\westfallfence\westfallfence.m2;16006.9716796875;54.89979934692383;15754.857421875;-0.5;203;-2;;1;132332;m2;190659;0;
..\..\world\azeroth\swamposorrow\passivedoodads\plants\swampplant04.m2;16390.669921875;32.47005081176758;15766.337890625;0;66.66705322265625;2;;0.9345703125;159948;m2;190378;0;
..\..\world\azeroth\westfall\passivedoodads\westfallfence\westfallfence.m2;16282.271484375;48.92363357543945;15678.7490234375;4;116.84647369384766;0;;1;131981;m2;190659;0;
..\..\world\azeroth\swamposorrow\passivedoodads\plants\swampplant05.m2;16088.3310546875;32.3231201171875;15904.8310546875;0;337.83990478515625;2.499999761581421;;1.05078125;159763;m2;190379;0;
..\..\world\azeroth\westfall\passivedoodads\westfallfence\westfallfence.m2;16293.099609375;47.22137451171875;15658.037109375;0;111.34647369384766;0;;1;131970;m2;190659;0;
..\..\world\azeroth\westfall\passivedoodads\westfallfence\westfallfence.m2;16289.2333984375;47.431766510009766;15659.525390625;0;111.34647369384766;0;;1;131971;m2;190659;0;
..\..\world\azeroth\westfall\passivedoodads\westfallfence\westfallfence.m2;16281.2978515625;47.76784896850586;15662.3671875;0;111.34647369384766;0;;1;131973;m2;190659;0;
..\..\world\azeroth\swamposorrow\passivedoodads\plants\swampplant04.m2;16333.5302734375;34.1718864440918;15962.43359375;0.5;283.3240661621094;1.5000001192092896;;0.9306640625;159871;m2;190378;0;
..\..\world\azeroth\westfall\passivedoodads\westfallfence\westfallfence.m2;16055.7109375;54.43466567993164;15733.3115234375;0;111.48989868164062;0;;1;132051;m2;190659;0;
..\..\world\lordaeron\silverpine\passivedoodads\bushes\silverpinebush03.m2;16529.990234375;49.133583068847656;15622.7890625;1.0000001192092896;264.17913818359375;-4.999999046325684;;0.671875;199994;m2;203971;0;
..\..\world\azeroth\westfall\passivedoodads\westfallfence\westfallfence.m2;16238.1083984375;50.0004768371582;15680.994140625;0;111.82318115234375;0;;1;132000;m2;190659;0;
..\..\world\azeroth\westfall\passivedoodads\westfallfence\westfallfence.m2;16222.916015625;50.75923538208008;15687.9091796875;0;111.82318115234375;0;;1;132005;m2;190659;0;
..\..\world\azeroth\swamposorrow\passivedoodads\plants\swampplant04.m2;16002.1083984375;31.823923110961914;15969.93359375;0;69.23794555664062;2;;0.9287109375;159781;m2;190378;0;
..\..\world\azeroth\swamposorrow\passivedoodads\plants\swampplant05.m2;16532.16796875;32.523193359375;15893.021484375;1;353.41900634765625;3.499999761581421;;1.0283203125;160236;m2;190379;0;
..\..\world\azeroth\westfall\passivedoodads\westfallfence\westfallfence.m2;16045.3447265625;54.45780944824219;15755.87109375;0;292;0;;1;131262;m2;190659;0;
..\..\world\azeroth\westfall\passivedoodads\westfallfence\westfallfence.m2;16051.841796875;54.3641471862793;15734.873046875;0;112.0478515625;0;;1;132052;m2;190659;0;
..\..\world\azeroth\swamposorrow\passivedoodads\plants\swampplant04.m2;16414.02734375;32.43022537231445;15759.6171875;0;330.37994384765625;2.500000238418579;;0.921875;159950;m2;190378;0;
..\..\world\azeroth\westfall\passivedoodads\westfallfence\westfallfence.m2;16047.9921875;54.31772994995117;15736.458984375;0;112.42841339111328;0;;1;132053;m2;190659;0;
..\..\world\azeroth\westfall\passivedoodads\westfallfence\westfallfence.m2;16246.458984375;50.85328674316406;15694.0947265625;0;113.16826629638672;0;;1;132028;m2;190659;0;
..\..\world\azeroth\swamposorrow\passivedoodads\plants\swampplant05.m2;16109.0029296875;32.09693145751953;15908.7890625;0;129.99420166015625;6;;1.0087890625;159762;m2;190379;0;
..\..\world\azeroth\westfall\passivedoodads\westfallfence\westfallfence.m2;16278.5654296875;49.24424362182617;15680.599609375;-1.5000001192092896;116.84647369384766;-0.9999998807907104;;1;131982;m2;190659;0;
..\..\world\azeroth\westfall\passivedoodads\westfallfence\westfallfence.m2;16273.708984375;48.067298889160156;15665.62109375;0;114.12822723388672;0;;1;131975;m2;190659;0;
..\..\world\azeroth\westfall\passivedoodads\westfallfence\westfallfence.m2;16238.7080078125;51.153472900390625;15697.3115234375;0;114.16826629638672;0;;1;132029;m2;190659;0;
..\..\world\azeroth\westfall\passivedoodads\westfallfence\westfallfence.m2;16241.888671875;49.84623718261719;15679.2021484375;0;114.66826629638672;0;;1;132001;m2;190659;0;
..\..\world\azeroth\westfall\passivedoodads\westfallfence\westfallfence.m2;16226.6953125;50.60111999511719;15686.1171875;0;114.66826629638672;0;;1;132004;m2;190659;0;
..\..\world\azeroth\westfall\passivedoodads\westfallfence\westfallfence.m2;16337.482421875;45.204349517822266;15636.630859375;0;114.82318115234375;0;;1;131959;m2;190659;0;
..\..\world\azeroth\swamposorrow\passivedoodads\plants\swampplant05.m2;16342.185546875;32.52717971801758;15752.4677734375;0;308.3406982421875;0;;1.048828125;159931;m2;190379;0;
..\..\world\azeroth\duskwood\passivedoodads\fence\duskwoodfencebottom.m2;16030.5009765625;54.358299255371094;15744.9560546875;0;295;0;;1;131256;m2;189464;0;
..\..\world\azeroth\westfall\passivedoodads\westfallfence\westfallfence.m2;16049.2421875;54.5010986328125;15754.2978515625;0;295.5;0;;1;131263;m2;190659;0;
..\..\world\azeroth\westfall\passivedoodads\westfallfence\westfallfence.m2;16234.2236328125;50.23142623901367;15682.62109375;0;115.66826629638672;0;;1;132002;m2;190659;0;
..\..\world\azeroth\westfall\passivedoodads\westfallfence\westfallfence.m2;16219.0302734375;50.93260192871094;15689.5361328125;0;115.66826629638672;0;;1;132006;m2;190659;0;
..\..\world\azeroth\duskwood\passivedoodads\fence\duskwoodfencebottom.m2;16230.4580078125;50.40574645996094;15684.396484375;0;115.4747314453125;0;;1;132003;m2;189464;0;
..\..\world\azeroth\westfall\passivedoodads\westfallfence\westfallfence.m2;16330.041015625;45.54704666137695;15640.509765625;0;115.82315063476562;0;;1;131962;m2;190659;0;
..\..\world\azeroth\westfall\passivedoodads\westfallfence\westfallfence.m2;16361.1455078125;45.9144172668457;15641.931640625;0;115.82315063476562;0;;1;131977;m2;190659;0;
..\..\world\azeroth\duskwood\passivedoodads\fence\duskwoodfencetopbroken.m2;16184.6416015625;53.08601760864258;15719.576171875;0;112.03217315673828;0;;1;132012;m2;189472;0;
..\..\world\azeroth\swamposorrow\passivedoodads\treehuts\losttreehuts03.m2;16089.7998046875;32.3752326965332;15904.9423828125;0;240.39279174804688;5.999999046325684;;0.9404296875;159740;m2;190410;0;
..\..\world\azeroth\swamposorrow\passivedoodads\treehuts\losttreehuts03.m2;16412.888671875;32.13261795043945;15766.7998046875;-0.49999988079071045;301.31927490234375;-5.500001430511475;;0.9501953125;159941;m2;190410;0;
..\..\world\azeroth\swamposorrow\passivedoodads\plants\swampplant05.m2;16343.2998046875;32.41194534301758;15761.201171875;0;273.64483642578125;3.499999761581421;;1.00390625;159932;m2;190379;0;
..\..\world\azeroth\duskwood\passivedoodads\fence\duskwoodfencebottom.m2;16277.40234375;47.91519546508789;15663.8359375;0;117.03836059570312;0;;1;131974;m2;189464;0;
..\..\world\azeroth\swamposorrow\passivedoodads\plants\swampplant05.m2;16014.7060546875;32.5460090637207;15909.2529296875;0;275.25982666015625;2;;1.013671875;159769;m2;190379;0;
..\..\world\azeroth\swamposorrow\passivedoodads\plants\swampplant05.m2;16501.955078125;32.14435958862305;15897.21484375;0;156.7796630859375;3.000000476837158;;1.00390625;159880;m2;190379;0;
..\..\world\azeroth\duskwood\passivedoodads\fence\duskwoodfencetop.m2;16041.7060546875;54.455108642578125;15757.9248046875;0;299;0;;1;131261;m2;189471;0;
..\..\world\azeroth\westfall\passivedoodads\westfallfence\westfallfence.m2;16341.162109375;45.035831451416016;15634.6435546875;0;117.66826629638672;0;;1;131960;m2;190659;0;
..\..\world\lordaeron\silverpine\passivedoodads\bushes\silverpinebush02.m2;16126.8603515625;43.638160705566406;15793.919921875;8.999999046325684;0;1;;1;133448;m2;203969;0;
..\..\world\azeroth\swamposorrow\passivedoodads\plants\swampplant05.m2;16406.908203125;32.760196685791016;15702.962890625;0;357.3411865234375;2;;1.0078125;159967;m2;190379;0;
..\..\world\azeroth\westfall\passivedoodads\westfallfence\westfallfence.m2;16344.787109375;44.87205505371094;15632.6416015625;0;118.57205200195312;0;;1;131958;m2;190659;0;
..\..\world\azeroth\westfall\passivedoodads\westfallfence\westfallfence.m2;16333.6865234375;45.38105773925781;15638.458984375;0;118.66826629638672;0;;1;131961;m2;190659;0;
..\..\world\azeroth\westfall\passivedoodads\westfallfence\westfallfence.m2;16364.791015625;45.933509826660156;15639.880859375;0;118.66826629638672;0;;1;131978;m2;190659;0;
..\..\world\azeroth\duskwood\passivedoodads\fence\duskwoodfencebottombroken.m2;16023.0634765625;54.35149002075195;15749.0341796875;0;299.5;0;;1;131255;m2;189465;0;
..\..\world\azeroth\westfall\passivedoodads\westfallfence\westfallfence.m2;16300.693359375;46.90772247314453;15654.0859375;0;118.95977783203125;0;;1;131969;m2;190659;0;
..\..\world\azeroth\westfall\passivedoodads\westfallfence\westfallfence.m2;16026.787109375;54.36486053466797;15746.9697265625;0;299;0;;1;131257;m2;190659;0;
..\..\world\azeroth\swamposorrow\passivedoodads\plants\swampplant05.m2;16434.11328125;32.58232498168945;15737.2646484375;0;262.06488037109375;1.5000001192092896;;1.00390625;159972;m2;190379;0;
..\..\world\azeroth\westfall\passivedoodads\westfallfence\westfallfence.m2;16357.3828125;45.97846221923828;15643.8271484375;0;119.66826629638672;0;;1;131979;m2;190659;0;
..\..\world\azeroth\westfall\passivedoodads\westfallfence\westfallfence.m2;16000.15234375;52.750999450683594;15670.0810546875;-1;328.66827392578125;0;;1;132254;m2;190659;0;
..\..\world\azeroth\swamposorrow\passivedoodads\plants\swampplant05.m2;16104.052734375;32.19736099243164;15906.8466796875;0;133.05947875976562;2;;0.98828125;159761;m2;190379;0;
..\..\world\azeroth\swamposorrow\passivedoodads\plants\swampplant05.m2;16041.740234375;32.19035720825195;15907.802734375;0;173.68817138671875;3.000000238418579;;0.98046875;159767;m2;190379;0;
..\..\world\azeroth\swamposorrow\passivedoodads\plants\swampplant05.m2;16287.6552734375;35.854129791259766;16000.0458984375;0;31.75146484375;3.000000238418579;;0.9794921875;159863;m2;190379;0;
..\..\world\azeroth\swamposorrow\passivedoodads\plants\swampplant05.m2;15999.9580078125;32.95594024658203;15971.509765625;0.9999998807907104;55.416748046875;3;;0.9658203125;159783;m2;190379;0;
..\..\world\azeroth\swamposorrow\passivedoodads\plants\swampplant05.m2;16302.583984375;32.67305374145508;15978.23046875;0;151.5830078125;3.999999523162842;;0.9658203125;159866;m2;190379;0;
..\..\world\azeroth\swamposorrow\passivedoodads\plants\swampplant05.m2;16418.0234375;32.44789123535156;15921.462890625;4.2688682810876344e-7;263.625;4.500000953674316;;0.9619140625;159874;m2;190379;0;
..\..\world\azeroth\duskwood\passivedoodads\fence\duskwoodfencebottombroken.m2;16348.1552734375;44.72978591918945;15630.4990234375;0;122.42584228515625;0;;1;131957;m2;189465;0;
..\..\world\azeroth\westfall\passivedoodads\westfallfence\westfallfence.m2;16011.3427734375;52.63814926147461;15652.3017578125;0;328.16827392578125;0;;1;132257;m2;190659;0;
..\..\world\azeroth\swamposorrow\passivedoodads\plants\swampplant05.m2;16409.19140625;32.51242446899414;15763.9921875;-0.5000001192092896;251.28697204589844;-4.999999046325684;;0.9462890625;159952;m2;190379;0;
..\..\world\azeroth\duskwood\passivedoodads\fence\duskwoodfencetopbroken.m2;16297.0185546875;47.040714263916016;15656.1259765625;0;119.3675537109375;0;;1;131968;m2;189472;0;
..\..\world\azeroth\swamposorrow\passivedoodads\treehuts\losttreehuts03.m2;16110.072265625;32.254215240478516;15906.87109375;0;141.46429443359375;5;;0.92578125;159744;m2;190410;0;
..\..\world\azeroth\westfall\passivedoodads\westfallfence\westfallfence.m2;15997.998046875;52.77724075317383;15673.521484375;0;327.16827392578125;0;;1;132253;m2;190659;0;
..\..\world\azeroth\westfall\passivedoodads\westfallfence\westfallfence.m2;16002.2822265625;52.669734954833984;15666.482421875;-1.5;325.82318115234375;0;;1;132255;m2;190659;0;
..\..\world\azeroth\swamposorrow\passivedoodads\plants\swampplant05.m2;16175.447265625;31.58456802368164;15866.6259765625;1;211.9437255859375;5.5;;0.9287109375;159758;m2;190379;0;
..\..\world\azeroth\westfall\passivedoodads\westfallfence\westfallfence.m2;16025.8671875;53.01616287231445;15631.5634765625;-2;324.66827392578125;0;;1;132263;m2;190659;0;
..\..\world\azeroth\duskwood\passivedoodads\fence\duskwoodfencetopbroken.m2;16052.9873046875;54.525028228759766;15752.4365234375;0;301;0;;1;131264;m2;189472;0;
..\..\world\azeroth\westfall\passivedoodads\westfallfence\westfallfence.m2;16018.478515625;52.831878662109375;15641.7890625;0;326.16827392578125;0;;1;132260;m2;190659;0;
..\..\world\azeroth\westfall\passivedoodads\westfallfence\westfallfence.m2;16039.380859375;51.97743606567383;15712.4609375;3.499999761581421;323.16827392578125;0;;1;132241;m2;190659;0;
..\..\world\azeroth\westfall\passivedoodads\westfallfence\westfallfence.m2;16026.951171875;51.697364807128906;15728.8427734375;-2;324.66827392578125;-1;;1;132245;m2;190659;0;
..\..\world\azeroth\swamposorrow\passivedoodads\plants\swampplant05.m2;16300.212890625;33.13991928100586;15981.787109375;0;293.53070068359375;2.5;;0.9501953125;159864;m2;190379;0;
..\..\world\azeroth\swamposorrow\passivedoodads\plants\swampplant05.m2;16498.24609375;32.55519104003906;15900.056640625;-1.0000001192092896;78.23602294921875;6;;0.9169921875;159879;m2;190379;0;
..\..\world\azeroth\westfall\passivedoodads\westfallfence\westfallfence.m2;16014.638671875;54.549156188964844;15753.201171875;0;124.5;0;;1;132341;m2;190659;0;
..\..\world\azeroth\westfall\passivedoodads\westfallfence\westfallfence.m2;16399.59765625;46.342403411865234;15618.33984375;-3.000000238418579;127.82318115234375;-0.9999998807907104;;1;131965;m2;190659;0;
..\..\world\azeroth\westfall\passivedoodads\westfallfence\westfallfence.m2;16013.6103515625;52.72529602050781;15648.6240234375;0;325.16827392578125;0;;1;132258;m2;190659;0;
..\..\world\azeroth\westfall\passivedoodads\westfallfence\westfallfence.m2;16016.1904296875;53.35635757446289;15773.6240234375;2.5;306.66827392578125;-0.4999997317790985;;1;132342;m2;190659;0;
..\..\world\azeroth\swamposorrow\passivedoodads\plants\swampplant05.m2;16434.783203125;32.601219177246094;15734.0478515625;0;23.104949951171875;4.999999046325684;;0.9267578125;159971;m2;190379;0;
..\..\world\azeroth\swamposorrow\passivedoodads\plants\swampplant05.m2;16412.3984375;33.809818267822266;15694.3603515625;0;313.98785400390625;3.499999761581421;;0.9365234375;159970;m2;190379;0;
..\..\world\azeroth\westfall\passivedoodads\westfallfence\westfallfence.m2;16393.173828125;45.827457427978516;15623.7373046875;-3.499999761581421;128.82318115234375;-1.5;;1;131966;m2;190659;0;
..\..\world\azeroth\swamposorrow\passivedoodads\plants\swampplant05.m2;16401.25;32.05038833618164;15772.2216796875;0;162.10821533203125;4.5;;0.92578125;159953;m2;190379;0;
..\..\world\azeroth\westfall\passivedoodads\westfallfence\westfallfence.m2;16034.162109375;51.49656677246094;15719.0341796875;3;322.16827392578125;0;;1;132239;m2;190659;0;
..\..\world\azeroth\swamposorrow\passivedoodads\plants\swampplant05.m2;16302.5791015625;33.14411926269531;15981.822265625;0;128.620849609375;1.5;;0.9453125;159865;m2;190379;0;
..\..\world\azeroth\westfall\passivedoodads\westfallfence\westfallfence.m2;16008.9423828125;52.4827880859375;15655.763671875;0;324.32318115234375;0;;1;132256;m2;190659;0;
..\..\world\lordaeron\silverpine\passivedoodads\bushes\silverpinebush02.m2;16229.978515625;50.4755744934082;15676.8515625;4.5;179.0386962890625;-1.5;;0.908203125;133466;m2;203969;0;
..\..\world\azeroth\swamposorrow\passivedoodads\plants\swampplant05.m2;16340.8779296875;32.201934814453125;15747.568359375;0;64.854248046875;4.5;;0.9169921875;159930;m2;190379;0;
..\..\world\azeroth\westfall\passivedoodads\westfallfence\westfallfence.m2;16006.041015625;53.05414581298828;15712.072265625;-4;50.66827392578125;0;;1;132215;m2;190659;0;
..\..\world\azeroth\westfall\passivedoodads\westfallfence\westfallfence.m2;16031.7802734375;51.541015625;15722.2578125;0;323.66827392578125;0;;1;132243;m2;190659;0;
..\..\world\azeroth\westfall\passivedoodads\westfallfence\westfallfence.m2;16020.822265625;52.9212532043457;15638.2705078125;0;323.66827392578125;0;;1;132261;m2;190659;0;
..\..\world\azeroth\westfall\passivedoodads\westfallfence\westfallfence.m2;16023.2578125;52.921939849853516;15634.87109375;0;322.32318115234375;-2;;1;132262;m2;190659;0;
..\..\world\azeroth\swamposorrow\passivedoodads\treehuts\losttreehuts03.m2;16175.638671875;32.639286041259766;15859.419921875;0;216.38226318359375;0;;0.9365234375;159739;m2;190410;0;
..\..\world\azeroth\westfall\passivedoodads\westfallfence\westfallfence.m2;16044.43359375;52.362667083740234;15705.8955078125;3;322.16827392578125;1.5000001192092896;;1;132226;m2;190659;0;
..\..\world\azeroth\swamposorrow\passivedoodads\plants\swampplant05.m2;16295.7958984375;32.11725616455078;15743.4990234375;0;228.5994873046875;4.5;;0.9130859375;159894;m2;190379;0;
..\..\world\azeroth\duskwood\passivedoodads\fence\duskwoodfencetop.m2;16417.06640625;47.051876068115234;15604.6240234375;-4.5;131.97943115234375;-1.500000238418579;;1;131954;m2;189471;0;
..\..\world\azeroth\westfall\passivedoodads\westfallfence\westfallfence.m2;16037.943359375;52.712623596191406;15635.9267578125;1.5000003576278687;51.66827392578125;-0.5;;1;132223;m2;190659;0;
..\..\world\azeroth\westfall\passivedoodads\westfallfence\westfallfence.m2;16049.654296875;52.4597282409668;15699.322265625;0;323.16827392578125;0;;1;132228;m2;190659;0;
..\..\world\azeroth\westfall\passivedoodads\westfallfence\westfallfence.m2;16012.9228515625;53.275325775146484;15776.169921875;0.5000000596046448;307.5720520019531;0.5000000596046448;;1;132343;m2;190659;0;
..\..\world\azeroth\westfall\passivedoodads\westfallfence\westfallfence.m2;16074.2421875;52.68365478515625;15664.4052734375;8.5;42.82318115234375;0;;1;132218;m2;190659;0;
..\..\world\azeroth\swamposorrow\passivedoodads\plants\swampplant05.m2;16406.74609375;33.771488189697266;15694.0703125;0;124.61074829101562;3.000000476837158;;0.9140625;159969;m2;190379;0;
..\..\world\azeroth\westfall\passivedoodads\westfallfence\westfallfence.m2;16015.9580078125;52.72136688232422;15645.162109375;0;322.32318115234375;0;;1;132259;m2;190659;0;
..\..\world\azeroth\swamposorrow\passivedoodads\swampskulls\swampskulls01.m2;16342.1923828125;32.52642059326172;15751.02734375;0.5;295.57421875;1.5000001192092896;;1.0869140625;159925;m2;190400;0;
..\..\world\azeroth\westfall\passivedoodads\westfallfence\westfallfence.m2;16029.2998046875;51.58085632324219;15725.5029296875;0;322.16827392578125;0;;1;132244;m2;190659;0;
..\..\world\generic\passivedoodads\barrel\brokenbarrel01.m2;16529.310546875;14.404995918273926;15787.3466796875;8.5;336.334716796875;-1.999999761581421;;1.0302734375;345340;m2;199566;0;
..\..\world\azeroth\swamposorrow\passivedoodads\plants\swampplant05.m2;16254.7578125;31.303876876831055;15764.2197265625;0;139.24496459960938;3.999999523162842;;0.9013671875;159891;m2;190379;0;
..\..\world\azeroth\westfall\passivedoodads\westfallfence\westfallfence.m2;16023.6953125;51.800045013427734;15726.1748046875;0;231.6682891845703;0;;1;132213;m2;190659;0;
..\..\world\azeroth\westfall\passivedoodads\westfallfence\westfallfence.m2;16057.5673828125;52.56209945678711;15689.498046875;0;321.66827392578125;0;;1;132231;m2;190659;0;
..\..\world\azeroth\westfall\passivedoodads\westfallfence\westfallfence.m2;16008.9521484375;52.62772750854492;15714.7109375;4;48.32318115234375;-0.4999999403953552;;1;132212;m2;190659;0;
..\..\world\azeroth\westfall\passivedoodads\westfallfence\westfallfence.m2;16396.287109375;46.0455207824707;15620.9453125;-2.500000238418579;131.16827392578125;-1;;1;131964;m2;190659;0;
..\..\world\azeroth\swamposorrow\passivedoodads\plants\swampplant05.m2;16413.90234375;32.454856872558594;15924.076171875;0;34.882659912109375;3.0000007152557373;;0.9013671875;159875;m2;190379;0;
..\..\world\azeroth\westfall\passivedoodads\westfallfence\westfallfence.m2;16031.685546875;52.871971130371094;15630.6240234375;0;50.82318115234375;-0.5000000596046448;;1;132225;m2;190659;0;
..\..\world\azeroth\swamposorrow\passivedoodads\plants\swampplant05.m2;16177.0615234375;32.347164154052734;15854.552734375;0;162.17413330078125;1.500000238418579;;0.908203125;159756;m2;190379;0;
..\..\world\azeroth\swamposorrow\passivedoodads\treehuts\losttreehuts03.m2;16166.27734375;32.40687561035156;15870.1416015625;0;67.28814697265625;0;;0.904296875;159738;m2;190410;0;
..\..\world\azeroth\westfall\passivedoodads\westfallfence\westfallfence.m2;16052.1767578125;52.60930252075195;15695.931640625;0;320.66827392578125;0;;1;132229;m2;190659;0;
..\..\world\azeroth\westfall\passivedoodads\westfallfence\westfallfence.m2;16041.9052734375;52.294254302978516;15709.0703125;0;320.66827392578125;0;;1;132242;m2;190659;0;
..\..\world\azeroth\westfall\passivedoodads\westfallfence\westfallfence.m2;16017.240234375;51.549686431884766;15720.9228515625;0;230.32318115234375;0.5;;1;132246;m2;190659;0;
..\..\world\azeroth\westfall\passivedoodads\westfallfence\westfallfence.m2;16020.482421875;51.678924560546875;15723.5361328125;0;230.3231658935547;0;;1;132214;m2;190659;0;
..\..\world\azeroth\duskwood\passivedoodads\fence\duskwoodfencebottom.m2;16011.2978515625;54.62272644042969;15755.552734375;0;140.5;0;;1;132340;m2;189464;0;
..\..\world\azeroth\westfall\passivedoodads\westfallfence\westfallfence.m2;16054.7197265625;52.701602935791016;15647.1904296875;0;50.16827392578125;0;;1;132220;m2;190659;0;
..\..\world\azeroth\swamposorrow\passivedoodads\swampskulls\swampskulls01.m2;16405.228515625;33.84872817993164;15753.755859375;0.9999997615814209;256.000244140625;1.5;;1.0537109375;159943;m2;190400;0;
..\..\world\azeroth\westfall\passivedoodads\westfallfence\westfallfence.m2;16077.0341796875;52.232913970947266;15667.2890625;7.500000476837158;44.32318115234375;-0.4999997913837433;;1;132238;m2;190659;0;
..\..\world\azeroth\westfall\passivedoodads\westfallfence\westfallfence.m2;16065.8466796875;52.736202239990234;15679.8603515625;0;319.66827392578125;0;;1;132234;m2;190659;0;
..\..\world\azeroth\westfall\passivedoodads\westfallfence\westfallfence.m2;16046.958984375;52.57500457763672;15702.560546875;0;319.32318115234375;0;;1;132227;m2;190659;0;
..\..\world\azeroth\westfall\passivedoodads\westfallfence\westfallfence.m2;16036.6865234375;51.97251510620117;15715.69921875;0;319.32318115234375;0;;1;132240;m2;190659;0;
..\..\world\azeroth\westfall\passivedoodads\westfallfence\westfallfence.m2;16420.166015625;47.024227142333984;15601.90234375;0.5;130.82318115234375;-0.5000000596046448;;1;131953;m2;190659;0;
..\..\world\azeroth\duskwood\passivedoodads\fence\duskwoodfencebottom.m2;16426.724609375;46.2630500793457;15570.291015625;0;130.83074951171875;0;;1;131938;m2;189464;0;
..\..\world\azeroth\duskwood\passivedoodads\fence\duskwoodfencebottombroken.m2;16009.931640625;53.10676956176758;15778.8115234375;0;311.42584228515625;0;;1;132344;m2;189465;0;
..\..\world\azeroth\westfall\passivedoodads\westfallfence\westfallfence.m2;16429.798828125;46.42644119262695;15567.5146484375;0;131.32318115234375;0;;1;131937;m2;190659;0;
..\..\world\azeroth\westfall\passivedoodads\westfallfence\westfallfence.m2;16060.2353515625;52.67293167114258;15686.099609375;0;318.66827392578125;0;;1;132232;m2;190659;0;
..\..\world\azeroth\westfall\passivedoodads\westfallfence\westfallfence.m2;16057.697265625;52.52962112426758;15649.9580078125;3.499999761581421;46.32318115234375;0;;1;132221;m2;190659;0;
..\..\world\azeroth\westfall\passivedoodads\westfallfence\westfallfence.m2;16429.271484375;47.66019058227539;15593.373046875;-1.999999761581421;132.82318115234375;0;;1;131948;m2;190659;0;
..\..\world\azeroth\westfall\passivedoodads\westfallfence\westfallfence.m2;16423.251953125;47.147212982177734;15599.0654296875;-1.999999761581421;132.82318115234375;0;;1;131952;m2;190659;0;
..\..\world\azeroth\westfall\passivedoodads\westfallfence\westfallfence.m2;16071.583984375;53.397274017333984;15661.5234375;-3.500000238418579;46.66827392578125;-1.0000003576278687;;1;132217;m2;190659;0;
..\..\world\azeroth\westfall\passivedoodads\westfallfence\westfallfence.m2;16423.544921875;46.102783203125;15573.099609375;0;131.82318115234375;0;;1;131939;m2;190659;0;
..\..\world\azeroth\westfall\passivedoodads\westfallfence\westfallfence.m2;16420.458984375;45.988590240478516;15575.888671875;0;131.82318115234375;0;;1;131940;m2;190659;0;
..\..\world\azeroth\westfall\passivedoodads\westfallfence\westfallfence.m2;16074.3447265625;52.281005859375;15670.537109375;0;318.16827392578125;0;;1;132237;m2;190659;0;
..\..\world\azeroth\westfall\passivedoodads\westfallfence\westfallfence.m2;16034.8115234375;52.771236419677734;15633.404296875;0.9999998807907104;47.66827392578125;0.5000000596046448;;1;132224;m2;190659;0;
..\..\world\azeroth\duskwood\passivedoodads\fence\duskwoodfencerail.m2;16034.68359375;54.3509635925293;15743.2958984375;0;319.5;0;;1;131259;m2;189468;0;
..\..\world\azeroth\swamposorrow\passivedoodads\swampskulls\swampskulls01.m2;16175.7802734375;32.444271087646484;15856.8671875;0.9999998807907104;50.27496337890625;2.000000238418579;;1.0234375;159752;m2;190400;0;
..\..\world\azeroth\westfall\passivedoodads\westfallfence\westfallfence.m2;16054.7890625;52.54751968383789;15692.6640625;0;317.82318115234375;0;;1;132230;m2;190659;0;
..\..\world\azeroth\westfall\passivedoodads\westfallfence\westfallfence.m2;16071.3779296875;52.69318389892578;15673.52734375;-4;315.82318115234375;-2;;1;132236;m2;190659;0;
..\..\world\azeroth\swamposorrow\passivedoodads\swampskulls\swampskulls01.m2;16139.9072265625;32.50551223754883;15890.896484375;0.49999988079071045;44.6937255859375;3.999999523162842;;1.01171875;159907;m2;190400;0;
..\..\world\azeroth\westfall\passivedoodads\westfallfence\westfallfence.m2;16441.044921875;47.77690124511719;15581.5341796875;0;132.82318115234375;0;;1;131946;m2;190659;0;
..\..\world\azeroth\westfall\passivedoodads\westfallfence\westfallfence.m2;16068.572265625;52.73622512817383;15676.6279296875;0;317.16827392578125;0;;1;132235;m2;190659;0;
..\..\world\azeroth\westfall\passivedoodads\westfallfence\westfallfence.m2;16449.775390625;47.700904846191406;15572.607421875;0;136.66827392578125;0;;1;131943;m2;190659;0;
..\..\world\azeroth\westfall\passivedoodads\westfallfence\westfallfence.m2;16438.001953125;47.9348258972168;15584.4453125;0;136.66827392578125;0;;1;131949;m2;190659;0;
..\..\world\azeroth\westfall\passivedoodads\westfallfence\westfallfence.m2;16417.3828125;45.93074035644531;15578.6748046875;0;133.82318115234375;0;;1;131941;m2;190659;0;
..\..\world\azeroth\westfall\passivedoodads\westfallfence\westfallfence.m2;16446.94140625;47.70505905151367;15575.68359375;0;133.82318115234375;0;;1;131944;m2;190659;0;
..\..\world\azeroth\westfall\passivedoodads\westfallfence\westfallfence.m2;16435.16796875;48.003265380859375;15587.5234375;0;133.82318115234375;0;;1;131950;m2;190659;0;
..\..\world\azeroth\westfall\passivedoodads\westfallfence\westfallfence.m2;16432.765625;46.56304931640625;15564.5654296875;0;134.16827392578125;0;;1;131936;m2;190659;0;
..\..\world\azeroth\westfall\passivedoodads\westfallfence\westfallfence.m2;16062.958984375;52.66027069091797;15682.9267578125;0;315.82318115234375;0;;1;132233;m2;190659;0;
..\..\world\azeroth\westfall\passivedoodads\westfallfence\westfallfence.m2;16443.93359375;47.68231964111328;15578.505859375;0;135.66827392578125;0;;1;131945;m2;190659;0;
..\..\world\azeroth\westfall\passivedoodads\westfallfence\westfallfence.m2;16432.158203125;47.831687927246094;15590.3466796875;0;135.66827392578125;0;;1;131947;m2;190659;0;
..\..\world\azeroth\duskwood\passivedoodads\straw\duskwoodstraw02.m2;16057.201171875;52.43558120727539;15649.982421875;1.5;271.4694519042969;3.500000238418579;;0.9130859375;132322;m2;189527;0;
..\..\world\azeroth\duskwood\passivedoodads\fence\duskwoodfencetopbroken.m2;16414.27734375;46.01335525512695;15581.591796875;0;136.14703369140625;0;;1;131942;m2;189472;0;
..\..\world\azeroth\swamposorrow\passivedoodads\swampskulls\swampskulls01.m2;16087.169921875;32.13724899291992;15905.021484375;0.9999998807907104;279.22601318359375;3;;0.9599609375;159746;m2;190400;0;
..\..\world\azeroth\swamposorrow\passivedoodads\swampskulls\swampskulls01.m2;16403.705078125;32.589351654052734;15765.169921875;0;54.05438232421875;3.5;;0.9375;159942;m2;190400;0;
..\..\world\azeroth\swamposorrow\passivedoodads\swampskulls\swampskulls01.m2;16094.904296875;32.261375427246094;15906.2548828125;0.49999988079071045;301.4740295410156;3.500000238418579;;0.908203125;159747;m2;190400;0;
..\..\world\azeroth\swamposorrow\passivedoodads\swampskulls\swampskulls01.m2;16169.880859375;32.320316314697266;15866.5322265625;0;349.65057373046875;1.5;;0.9091796875;159751;m2;190400;0;
..\..\world\generic\passivedoodads\lights\generaltorch01.m2;16341.15234375;33.41627883911133;15735.900390625;0;277.2923583984375;3.000000476837158;;1.0458984375;159926;m2;199820;0;
..\..\world\generic\passivedoodads\lights\generaltorch01.m2;16157.4091796875;33.55385208129883;15865.1142578125;0;52.659088134765625;1.5;;1.046875;159911;m2;199820;0;
..\..\world\generic\passivedoodads\lights\generaltorch01.m2;16404.859375;32.71895217895508;15764.0078125;0;238.95993041992188;2;;1.0361328125;159956;m2;199820;0;
..\..\world\generic\passivedoodads\lights\generaltorch01.m2;16106.5009765625;33.547279357910156;15900.6484375;0;38.43133544921875;0;;1.05078125;159914;m2;199820;0;
..\..\world\generic\passivedoodads\lights\generaltorch01.m2;16173.3583984375;32.92458724975586;15854.05859375;0;257.52801513671875;1;;1.0283203125;159912;m2;199820;0;
..\..\world\generic\tauren\passivedoodads\animalcages\animalcage03.m2;16524.5;14.934884071350098;15785.646484375;6.5;338.65289306640625;-22;;1.0244140625;345342;m2;200359;0;
..\..\world\generic\passivedoodads\lights\generaltorch01.m2;16349.1083984375;34.4130859375;15756.634765625;0;280.4345703125;3;;0.9755859375;159927;m2;199820;0;
..\..\world\azeroth\swamposorrow\passivedoodads\swampskulls\swampskulls02.m2;16394.0078125;33.045257568359375;15763.560546875;1;221.93060302734375;1.500000238418579;;1.0625;159945;m2;190401;0;
..\..\world\azeroth\westfall\passivedoodads\westfallfence\westfallfenceend.m2;16038.80859375;54.29634475708008;15740.6103515625;0;294.5;0;;1;131260;m2;190660;0;
..\..\world\azeroth\westfall\passivedoodads\westfallfence\westfallfenceend.m2;16426.2578125;47.393741607666016;15596.1728515625;0;133.67596435546875;0;;1;131951;m2;190660;0;
..\..\world\azeroth\westfall\passivedoodads\westfallfence\westfallfenceend.m2;16351.5986328125;44.6161994934082;15628.3173828125;0;118.7646484375;0;;1;131956;m2;190660;0;
..\..\world\azeroth\westfall\passivedoodads\westfallfence\westfallfenceend.m2;16389.90625;45.571048736572266;15626.33984375;0;128.146240234375;0;;1;131967;m2;190660;0;
..\..\world\azeroth\westfall\passivedoodads\westfallfence\westfallfenceend.m2;16269.90234375;48.213768005371094;15667.310546875;0;119.42239379882812;0;;1;131976;m2;190660;0;
..\..\world\azeroth\westfall\passivedoodads\westfallfence\westfallfenceend.m2;16285.962890625;49.00636672973633;15676.740234375;0;116.34503173828125;0;;1;131984;m2;190660;0;
..\..\world\azeroth\westfall\passivedoodads\westfallfence\westfallfenceend.m2;16132.1396484375;53.90922546386719;15716.583984375;0;98.35711669921875;0;;1;132026;m2;190660;0;
..\..\world\azeroth\westfall\passivedoodads\westfallfence\westfallfenceend.m2;16126.2216796875;54.93075942993164;15734.2705078125;0;90.44244384765625;0;;1;132035;m2;190660;0;
..\..\world\azeroth\westfall\passivedoodads\westfallfence\westfallfenceend.m2;16076.5341796875;54.64030456542969;15743.177734375;0;98.9100341796875;0;;1;132041;m2;190660;0;
..\..\world\azeroth\westfall\passivedoodads\westfallfence\westfallfenceend.m2;16093.1884765625;54.64175033569336;15723.4365234375;0;102.67595672607422;0;;1;132044;m2;190660;0;
..\..\world\azeroth\westfall\passivedoodads\westfallfence\westfallfenceend.m2;16006.873046875;53.210933685302734;15781.505859375;0;307.7646484375;0;;1;132345;m2;190660;0;
..\..\world\generic\passivedoodads\lights\generaltorch01.m2;16413.2421875;33.22887420654297;15753.7177734375;0;87.97021484375;1.5;;0.9697265625;159957;m2;199820;0;
..\..\world\generic\passivedoodads\lights\generaltorch01.m2;16085.54296875;33.060302734375;15899.0673828125;0;57.19659423828125;1.0000001192092896;;0.970703125;159916;m2;199820;0;
..\..\world\azeroth\swamposorrow\passivedoodads\swampskulls\swampskulls02.m2;16160.505859375;33.24267578125;15866.6328125;0;41.265899658203125;1.5;;1.0458984375;159750;m2;190401;0;
..\..\world\azeroth\swamposorrow\passivedoodads\swampskulls\swampskulls02.m2;16107.8427734375;32.156063079833984;15907.244140625;0.5000002980232239;216.27938842773438;4.999999046325684;;1.0263671875;159745;m2;190401;0;
..\..\world\azeroth\swamposorrow\passivedoodads\swampskulls\swampskulls02.m2;16344.5166015625;33.26396179199219;15743.619140625;0;10.01983642578125;0.5;;1.0478515625;159923;m2;190401;0;
..\..\world\azeroth\swamposorrow\passivedoodads\swampskulls\swampskulls02.m2;16169.7509765625;33.10267639160156;15859.6455078125;0.9999998807907104;335.04925537109375;3.499999761581421;;1.0068359375;159753;m2;190401;0;
..\..\world\generic\passivedoodads\lights\generaltorch01.m2;16097.583984375;32.7462158203125;15904.4111328125;0;271.63427734375;2;;0.935546875;159917;m2;199820;0;
..\..\world\azeroth\swamposorrow\passivedoodads\swampskulls\swampskulls02.m2;16164.259765625;32.360267639160156;15870.978515625;0;105.76862335205078;2;;1.015625;159749;m2;190401;0;
..\..\world\generic\passivedoodads\lights\generaltorch01.m2;16138.9228515625;33.02228546142578;15886.0146484375;0;328.8747863769531;0.9999998807907104;;0.919921875;159913;m2;199820;0;
..\..\world\generic\passivedoodads\lights\generaltorch01.m2;16395.48046875;33.87699890136719;15758.380859375;0;113.14069366455078;2.500000238418579;;0.9033203125;159955;m2;199820;0;
..\..\world\azeroth\swamposorrow\passivedoodads\swampskulls\swampskulls02.m2;16400.064453125;32.45072937011719;15767.27734375;0;153.241943359375;1.5000001192092896;;0.982421875;159946;m2;190401;0;
..\..\world\azeroth\swamposorrow\passivedoodads\swampskulls\swampskulls02.m2;16129.1435546875;33.27070617675781;15891.568359375;0.5;319.8876953125;1.5000001192092896;;0.9775390625;159910;m2;190401;0;
..\..\world\azeroth\westfall\passivedoodads\westfallfence\westfallfencepost.m2;16002.76171875;52.987388610839844;15709.474609375;-2.5;32.10302734375;0;;1;132216;m2;190661;0;
..\..\world\azeroth\westfall\passivedoodads\westfallfence\westfallfencepost.m2;16034.2978515625;54.33744812011719;15743.2216796875;0;27.5;0;;1;131258;m2;190661;0;
..\..\world\azeroth\westfall\passivedoodads\westfallfence\westfallfencepost.m2;16413.798828125;46.65068054199219;15607.5166015625;0;316.7218017578125;0;;1;131955;m2;190661;0;
..\..\world\azeroth\westfall\passivedoodads\westfallfence\westfallfencepost.m2;16326.27734375;45.73044967651367;15642.37109375;0;136.25662231445312;0;;1;131963;m2;190661;0;
..\..\world\azeroth\westfall\passivedoodads\westfallfence\westfallfencepost.m2;16285.27734375;47.63054275512695;15660.978515625;0;108.07003784179688;0;;1;131972;m2;190661;0;
..\..\world\azeroth\westfall\passivedoodads\westfallfence\westfallfencepost.m2;16353.6728515625;46.090538024902344;15645.849609375;0;193.91461181640625;0;;1;131980;m2;190661;0;
..\..\world\azeroth\westfall\passivedoodads\westfallfence\westfallfencepost.m2;16274.7666015625;49.08015823364258;15682.4267578125;0;113.57003784179688;0;;1;131983;m2;190661;0;
..\..\world\azeroth\westfall\passivedoodads\westfallfence\westfallfencepost.m2;16215.287109375;51.07208251953125;15691.259765625;0;191.59642028808594;0;;1;132007;m2;190661;0;
..\..\world\azeroth\westfall\passivedoodads\westfallfence\westfallfencepost.m2;16234.869140625;51.266597747802734;15699.0517578125;0;251.05624389648438;0;;1;132030;m2;190661;0;
..\..\world\azeroth\westfall\passivedoodads\westfallfence\westfallfencepost.m2;16076.66796875;54.538326263427734;15726.74609375;0;285.7218322753906;0;;1;132048;m2;190661;0;
..\..\world\azeroth\westfall\passivedoodads\westfallfence\westfallfencepost.m2;16044.1103515625;54.27060317993164;15738.060546875;0;64.87625122070312;0;;1;132054;m2;190661;0;
..\..\world\azeroth\westfall\passivedoodads\westfallfence\westfallfencepost.m2;16068.5390625;53.195220947265625;15658.6279296875;0;214.05316162109375;0;;1;132219;m2;190661;0;
..\..\world\azeroth\westfall\passivedoodads\westfallfence\westfallfencepost.m2;16051.5029296875;52.71260070800781;15644.4853515625;0;217.5531463623047;0;;1;132222;m2;190661;0;
..\..\world\azeroth\westfall\passivedoodads\westfallfence\westfallfencepost.m2;16028.404296875;52.991943359375;15627.982421875;0;53.1407470703125;0;;1;132264;m2;190661;0;
..\..\world\azeroth\westfall\passivedoodads\westfallfence\westfallfencepost.m2;16004.6279296875;52.49663162231445;15662.9423828125;0;354.39678955078125;0;;1;132265;m2;190661;0;
..\..\world\azeroth\westfall\passivedoodads\westfallfence\westfallfencepost.m2;16008.6259765625;54.95653533935547;15758.71484375;0;0;0;;1;132331;m2;190661;0;
..\..\world\azeroth\westfall\passivedoodads\westfallfence\westfallfencepost.m2;16019.568359375;53.5247688293457;15771.1123046875;0;0;0;;1;132346;m2;190661;0;
..\..\world\azeroth\swamposorrow\passivedoodads\swampskulls\swampskulls02.m2;16174.7734375;32.16716384887695;15863.216796875;0.49999985098838806;298.04620361328125;2;;0.94140625;159754;m2;190401;0;
..\..\world\azeroth\swamposorrow\passivedoodads\swampskulls\swampskulls02.m2;16098.6142578125;31.921220779418945;15910.123046875;0;63.535888671875;2.5;;0.9296875;159748;m2;190401;0;
..\..\world\azeroth\swamposorrow\passivedoodads\swampskulls\swampskulls02.m2;16335.60546875;32.38572311401367;15741.9677734375;0;38.958709716796875;2;;0.9189453125;159924;m2;190401;0;
..\..\world\azeroth\swamposorrow\passivedoodads\swampskulls\swampskulls02.m2;16414.62109375;32.7985954284668;15756.35546875;0;111.415771484375;1.5000003576278687;;0.91015625;159944;m2;190401;0;
..\..\world\generic\human\passivedoodads\crates\crategrainlid.m2;16531.322265625;33.21193313598633;15893.7041015625;-27;326;14.500001907348633;;1;158240;m2;198160;0;
..\..\world\generic\passivedoodads\furniture\containers\barrel02.m2;16533.12109375;32.78817367553711;15893.0634765625;66.00000762939453;0;28.0000057220459;;1;158237;m2;199737;0;
..\..\world\generic\passivedoodads\furniture\containers\barrel02.m2;16532.142578125;34.08415603637695;15894.6103515625;58.500003814697266;0;-19.999998092651367;;1;158242;m2;199737;0;
..\..\world\azeroth\elwynn\passivedoodads\jars\jar03.m2;16533.46484375;14.745142936706543;15791.697265625;-38.000003814697266;331.1380310058594;-4.499999523162842;;1.7685546875;345334;m2;189817;0;
..\..\world\generic\human\passivedoodads\crates\crategrainempty.m2;16530.873046875;34.05506134033203;15895.0029296875;-27.999996185302734;0;-5.499999523162842;;1;158239;m2;198159;0;
..\..\world\azeroth\elwynn\passivedoodads\jars\jar03.m2;16533.681640625;15.14650821685791;15790.451171875;20.5;201.13284301757812;-9.00000286102295;;1.578125;345333;m2;189817;0;
..\..\world\azeroth\westfall\passivedoodads\utensils\bowl.m2;16531.83984375;14.719364166259766;15787.6484375;18.500001907348633;225.7429656982422;-8.000000953674316;;1.298828125;345341;m2;190650;0;
..\..\world\generic\human\passivedoodads\bottles\bottle01.m2;16533.76953125;14.93065071105957;15792.55859375;72.00003051757812;340.7843322753906;70.50003051757812;;0.9619140625;345335;m2;198057;0;
..\..\world\generic\human\passivedoodads\mugs\mug02.m2;16532.767578125;14.672103881835938;15792.7890625;-33.499996185302734;95.44113159179688;-97.99998474121094;;0.990234375;345338;m2;198361;0;
..\..\world\generic\human\passivedoodads\bottles\greenbottle01.m2;16533.12109375;14.753389358520508;15790.7216796875;9.5;336.1259765625;13.999998092651367;;1.1533203125;345336;m2;198060;0;
..\..\world\wmo\autogen-names\undercity\20736.wmo;16826.8359375;62.54525375366211;15418.94921875;0;179.5;0;0;1;239598;wmo;7675285;0;Set_$DefaultGlobal
