ModelFile;PositionX;PositionY;PositionZ;RotationX;RotationY;RotationZ;RotationW;ScaleFactor;ModelId;Type;FileDataID;DoodadSetIndexes;DoodadSetNames
..\..\world\critter\birds\bird02.m2;18640.4609375;60.13276672363281;15156.8017578125;0;250.49998474121094;0;;5.1298828125;148951;m2;190720;0;
..\..\world\critter\birds\bird02.m2;18640.560546875;59.43718338012695;15170.6904296875;0;250.49998474121094;0;;4.669921875;148952;m2;190720;0;
..\..\world\critter\birds\bird02.m2;18628.80859375;59.13347244262695;15220.2392578125;0;290;0;;4.099609375;148949;m2;190720;0;
..\..\world\critter\birds\bird02.m2;18646.158203125;59.17159652709961;15230.677734375;0;195.5;0;;3.8095703125;148950;m2;190720;0;
..\..\world\critter\birds\bird02.m2;18654.046875;59.45128631591797;15200.5830078125;0;0;0;;3.4794921875;148990;m2;190720;0;
..\..\world\critter\birds\bird02.m2;18251.51953125;59.59378433227539;15325.4765625;0;24;0;;3.3291015625;154138;m2;190720;0;
..\..\world\critter\birds\bird02.m2;18245.970703125;59.6090087890625;15345.74609375;0;255.41793823242188;0;;3.169921875;154139;m2;190720;0;
..\..\world\critter\birds\bird02.m2;18247.525390625;59.70967483520508;15317.4853515625;0;113;0;;3.0791015625;154141;m2;190720;0;
..\..\world\critter\birds\bird02.m2;18069.435546875;78.80937957763672;15446.916015625;0;255.41793823242188;0;;2.7197265625;154056;m2;190720;0;
..\..\world\critter\birds\bird02.m2;18221.58203125;59.75675582885742;15324.5302734375;0;129.20315551757812;0;;2.9091796875;154140;m2;190720;0;
..\..\world\critter\birds\bird02.m2;18070.75390625;76.17403411865234;15422.7060546875;0;113;0;;2.6298828125;154053;m2;190720;0;
..\..\world\critter\birds\bird02.m2;18251.994140625;59.6783447265625;15321.2978515625;0;53;0;;2.609375;154142;m2;190720;0;
..\..\world\lordaeron\tirisfalglade\passivedoodads\trees\tirisfallgladecanopytree05.m2;18578.470703125;67.31993865966797;14942.35546875;-0.5000001192092896;101.67059326171875;-5.000000476837158;;1.6005859375;131302;m2;204132;0;
..\..\world\lordaeron\tirisfalglade\passivedoodads\trees\tirisfallgladecanopytree05.m2;18683.0078125;64.8462142944336;14963.3759765625;1.5000003576278687;165.44732666015625;-6;;1.4580078125;131766;m2;204132;0;
..\..\world\lordaeron\tirisfalglade\passivedoodads\trees\tirisfalgladetree01.m2;18354.470703125;63.57178497314453;15222.474609375;3.500000238418579;131.4774169921875;-0.5000001192092896;;1.4384765625;129606;m2;204124;0;
..\..\world\lordaeron\tirisfalglade\passivedoodads\trees\tirisfalgladetree01.m2;18403.8046875;66.27728271484375;15427.9267578125;-3.5;4.933013916015625;-0.4999999403953552;;1.40625;129609;m2;204124;0;
..\..\world\lordaeron\tirisfalglade\passivedoodads\trees\tirisfallgladecanopytree06.m2;18594.189453125;64.62854766845703;15115.9853515625;-5.5;51.8350830078125;-4;;1.294921875;131773;m2;204133;0;
..\..\world\lordaeron\tirisfalglade\passivedoodads\trees\tirisfallgladecanopytree02.m2;18499.369140625;144.99026489257812;14908.162109375;-3.5000009536743164;169.43072509765625;-1.5000001192092896;;1.09375;131206;m2;204129;0;
..\..\world\lordaeron\tirisfalglade\passivedoodads\trees\tirisfalgladetree01.m2;18462.021484375;69.36649322509766;15333.0654296875;0.49999967217445374;117.80996704101562;-2.5;;1.3515625;129610;m2;204124;0;
..\..\world\lordaeron\tirisfalglade\passivedoodads\trees\tirisfalgladetree01.m2;18438.7578125;64.5777816772461;15264.9921875;0;83.13607788085938;0;;1.3740234375;131191;m2;204124;0;
..\..\world\lordaeron\tirisfalglade\passivedoodads\trees\tirisfallgladecanopytree06.m2;18568.314453125;62.79398727416992;15121.08984375;-1.4999995231628418;321.173095703125;5.500000476837158;;1.2470703125;131781;m2;204133;0;
..\..\world\lordaeron\tirisfalglade\passivedoodads\trees\tirisfallgladecanopytree02.m2;18679.703125;66.28002166748047;14952.4921875;-5;84.1739501953125;-6;;1.025390625;131183;m2;204129;0;
..\..\world\lordaeron\tirisfalglade\passivedoodads\trees\tirisfallgladecanopytree05.m2;18309.701171875;64.49639892578125;15390.5947265625;-10.5;0;-1.5;;1.2099609375;131417;m2;204132;0;
..\..\world\lordaeron\tirisfalglade\passivedoodads\trees\tirisfalgladetree01.m2;18665.763671875;65.33846282958984;15020.451171875;0.49999988079071045;17.5140380859375;-3.500000238418579;;1.2900390625;131186;m2;204124;0;
..\..\world\lordaeron\tirisfalglade\passivedoodads\trees\tirisfalgladetree01.m2;18298.509765625;63.62554168701172;15387.568359375;6.5;24.796905517578125;-1.5000008344650269;;1.2607421875;129604;m2;204124;0;
..\..\world\lordaeron\tirisfalglade\passivedoodads\trees\tirisfallgladecanopytree06.m2;18561.625;66.126953125;15308.7421875;0.4999995827674866;226.85263061523438;5.000000953674316;;1.232421875;131779;m2;204133;0;
..\..\world\lordaeron\tirisfalglade\passivedoodads\trees\tirisfallgladecanopytree02.m2;18546.80859375;64.19757080078125;14918.63671875;0;38.643341064453125;0;;1.0859375;131301;m2;204129;0;
..\..\world\lordaeron\tirisfalglade\passivedoodads\trees\tirisfallgladecanopytree06.m2;18462.283203125;60.35080337524414;15094.5830078125;-1.5;324.8426818847656;-3;;1.22265625;131777;m2;204133;0;
..\..\world\lordaeron\tirisfalglade\passivedoodads\trees\tirisfalgladetree01.m2;18347.55078125;65.88516998291016;15468.4228515625;-1.0000001192092896;59.4158935546875;0.5000000596046448;;1.2880859375;129605;m2;204124;0;
..\..\world\lordaeron\tirisfalglade\passivedoodads\trees\tirisfalgladetree01.m2;18552.2734375;65.55413055419922;15383.0078125;0;130.36444091796875;0;;1.2939453125;131192;m2;204124;0;
..\..\world\lordaeron\tirisfalglade\passivedoodads\trees\tirisfallgladecanopytree03.m2;18581.736328125;65.92134857177734;14950.146484375;-1.9999995231628418;127.697998046875;3.499999761581421;;1.1806640625;131181;m2;204130;0;
..\..\world\lordaeron\tirisfalglade\passivedoodads\trees\tirisfallgladecanopytree06.m2;18692.26171875;65.01175689697266;14956.982421875;2;125.87655639648438;-2;;1.2109375;131767;m2;204133;0;
..\..\world\lordaeron\tirisfalglade\passivedoodads\trees\tirisfalgladetree01.m2;18569.203125;64.42615509033203;15096.6015625;0;147.5509033203125;0;;1.2373046875;131189;m2;204124;0;
..\..\world\lordaeron\tirisfalglade\passivedoodads\trees\tirisfalgladetree01.m2;18170.330078125;64.96867370605469;15282.634765625;1.5;205.99993896484375;3.5;;1.1748046875;129607;m2;204124;0;
..\..\world\lordaeron\tirisfalglade\passivedoodads\trees\tirisfallgladecanopytree05.m2;18454.75390625;68.54308319091797;15340.697265625;-3.500000238418579;0;1.9999995231628418;;1.1298828125;131425;m2;204132;0;
..\..\world\lordaeron\tirisfalglade\passivedoodads\trees\tirisfallgladecanopytree02.m2;18424.310546875;62.27040100097656;15261.7578125;0;142;0;;1;136260;m2;204129;0;
..\..\world\lordaeron\tirisfalglade\passivedoodads\trees\tirisfallgladecanopytree02.m2;18344.75390625;62.0323486328125;15216.02734375;0;66;0;;1;136264;m2;204129;0;
..\..\world\lordaeron\tirisfalglade\passivedoodads\trees\tirisfallgladecanopytree02.m2;18527.669921875;74.84565734863281;15050.900390625;0;303.75518798828125;0;;0.9931640625;136458;m2;204129;0;
..\..\world\lordaeron\tirisfalglade\passivedoodads\trees\tirisfallgladecanopytree06.m2;18509.83203125;60.45256423950195;15155.638671875;2;155.8677978515625;2;;1.1201171875;131782;m2;204133;0;
..\..\world\lordaeron\tirisfalglade\passivedoodads\trees\tirisfallgladecanopytree05.m2;18518.75;130.82308959960938;14975.58984375;3.000000238418579;320.93145751953125;-4.5;;1.091796875;131300;m2;204132;0;
..\..\world\lordaeron\tirisfalglade\passivedoodads\trees\tirisfallgladecanopytree02.m2;18563.64453125;65.67365264892578;15087.01171875;-0.9999997615814209;182.00155639648438;-0.9999995827674866;;0.9404296875;136427;m2;204129;0;
..\..\world\lordaeron\tirisfalglade\passivedoodads\trees\tirisfallgladecanopytree05.m2;18463.8359375;60.76526641845703;15100.0673828125;0;66.27154541015625;2;;1.0859375;131775;m2;204132;0;
..\..\world\lordaeron\tirisfalglade\passivedoodads\trees\tirisfallgladecanopytree02.m2;18582.99609375;71.82587432861328;14984.404296875;0;36.6514892578125;0;;0.9384765625;136464;m2;204129;0;
..\..\world\lordaeron\plagueland\passivedoodads\trees\plaguelandtree12.m2;18629.751953125;62.2230110168457;15474.04296875;-0.9999998807907104;336;0.4999999403953552;;1.0791015625;588203;m2;203809;0;
..\..\world\lordaeron\tirisfalglade\passivedoodads\trees\tirisfallgladecanopytree05.m2;18593.912109375;70.99552917480469;15051.107421875;-4.000000953674316;0;-9.499999046325684;;1;142453;m2;204132;0;
..\..\world\lordaeron\tirisfalglade\passivedoodads\trees\tirisfallgladecanopytree06.m2;18593.970703125;70.75409698486328;15055.763671875;4.500000953674316;118.76583862304688;10;;0.9814453125;142455;m2;204133;0;
..\..\world\lordaeron\tirisfalglade\passivedoodads\trees\tirisfallgladecanopytree06.m2;18387.55859375;59.18765640258789;15262.5546875;-2;335.5;-7.500000476837158;;1;142261;m2;204133;0;
..\..\world\lordaeron\tirisfalglade\passivedoodads\trees\tirisfallgladecanopytree06.m2;18564.732421875;63.896240234375;15442.2216796875;-0.5;0;-7.999998092651367;;1;136285;m2;204133;0;
..\..\world\lordaeron\tirisfalglade\passivedoodads\trees\tirisfalgladetree01.m2;18181.724609375;66.19807434082031;15403.71484375;5.000000476837158;54.19720458984375;1.4999996423721313;;1.0439453125;129600;m2;204124;0;
..\..\world\lordaeron\tirisfalglade\passivedoodads\trees\tirisfallgladecanopytree06.m2;18548.669921875;82.87623596191406;15015.6103515625;0;331.4236755371094;0;;1.0478515625;131303;m2;204133;0;
..\..\world\lordaeron\tirisfalglade\passivedoodads\trees\tirisfallgladecanopytree05.m2;18265.46484375;76.51798248291016;15489.4990234375;-5.499999046325684;0;-1.5;;1;136442;m2;204132;0;
..\..\world\lordaeron\tirisfalglade\passivedoodads\trees\tirisfallgladecanopytree06.m2;18279.947265625;61.92557907104492;15210.4228515625;-2.499999523162842;0;3.499999761581421;;1;142255;m2;204133;0;
..\..\world\lordaeron\tirisfalglade\passivedoodads\trees\tirisfallgladecanopytree06.m2;18445.2421875;63.40180206298828;15191.0166015625;-1;4;-5.000001430511475;;1;136267;m2;204133;0;
..\..\world\lordaeron\tirisfalglade\passivedoodads\trees\tirisfallgladecanopytree06.m2;18352.666015625;61.16106414794922;15235.3779296875;-0.49999967217445374;284;-5;;1;136265;m2;204133;0;
..\..\world\lordaeron\tirisfalglade\passivedoodads\trees\tirisfallgladecanopytree05.m2;18402.033203125;64.15328216552734;15483.5390625;-2.5;0;2.5;;1;136434;m2;204132;0;
..\..\world\lordaeron\tirisfalglade\passivedoodads\trees\tirisfallgladecanopytree06.m2;18467.478515625;60.12358474731445;15098.7421875;0;27.3787841796875;-8.5;;0.9814453125;131778;m2;204133;0;
..\..\world\lordaeron\tirisfalglade\passivedoodads\trees\tirisfallgladecanopytree05.m2;18545.087890625;65.12080383300781;15477.1708984375;-0.5;4;3.500000476837158;;1;587078;m2;204132;0;
..\..\world\lordaeron\tirisfalglade\passivedoodads\trees\tirisfallgladecanopytree05.m2;18441.40625;65.11468505859375;15277.21484375;0.49999988079071045;311.5;-3.000000476837158;;1;136262;m2;204132;0;
..\..\world\lordaeron\tirisfalglade\passivedoodads\trees\tirisfallgladecanopytree05.m2;18344.875;64.60218811035156;15376.3583984375;-1;14;-1.5;;1;136256;m2;204132;0;
..\..\world\lordaeron\tirisfalglade\passivedoodads\trees\tirisfallgladecanopytree06.m2;18665.365234375;65.03135681152344;15029.0498046875;-4.000000953674316;23.148895263671875;-0.5000000596046448;;0.9814453125;131769;m2;204133;0;
..\..\world\lordaeron\tirisfalglade\passivedoodads\trees\tirisfalgladetree01.m2;18195.67578125;64.17343139648438;15226.9365234375;4.5;0;-2.5000007152557373;;1;129443;m2;204124;0;
..\..\world\lordaeron\tirisfalglade\passivedoodads\trees\tirisfallgladecanopytree06.m2;18498.8046875;74.35718536376953;15109.474609375;-7.500000476837158;342.87493896484375;-8;;0.91796875;142457;m2;204133;0;
..\..\world\lordaeron\tirisfalglade\passivedoodads\trees\tirisfallgladecanopytree05.m2;18153.08984375;65.20083618164062;15329.19921875;-1.0000003576278687;145.11724853515625;-10.50000286102295;;0.951171875;154234;m2;204132;0;
..\..\world\lordaeron\tirisfalglade\passivedoodads\trees\tirisfallgladecanopytree06.m2;18491.140625;64.50141143798828;15349.744140625;-2.5;169.7818603515625;-0.9999997615814209;;0.978515625;139748;m2;204133;0;
..\..\world\lordaeron\tirisfalglade\passivedoodads\trees\tirisfallgladecanopytree03.m2;18348.837890625;66.12007904052734;15459.51171875;0;0;0;;1;136439;m2;204130;0;
..\..\world\lordaeron\tirisfalglade\passivedoodads\trees\tirisfallgladecanopytree05.m2;18340.21875;68.4961929321289;15406.19921875;0;0;0;;1;140301;m2;204132;0;
..\..\world\lordaeron\tirisfalglade\passivedoodads\trees\tirisfallgladecanopytree05.m2;18422.5078125;68.92411041259766;15409.51171875;0;0;0;;1;140302;m2;204132;0;
..\..\world\lordaeron\tirisfalglade\passivedoodads\trees\tirisfallgladecanopytree06.m2;18540.740234375;62.55181121826172;15339.884765625;0;0;0;;1;140304;m2;204133;0;
..\..\world\lordaeron\tirisfalglade\passivedoodads\trees\tirisfallgladecanopytree06.m2;18600.97265625;68.7215347290039;15325.3779296875;0;0;0;;1;140305;m2;204133;0;
..\..\world\lordaeron\tirisfalglade\passivedoodads\trees\tirisfallgladecanopytree06.m2;18246.373046875;61.86482238769531;15238.4541015625;0;0;0;;1;142259;m2;204133;0;
..\..\world\lordaeron\tirisfalglade\passivedoodads\trees\tirisfallgladecanopytree06.m2;18386.16796875;59.35634231567383;15260.576171875;0;0;0;;1;142260;m2;204133;0;
..\..\world\lordaeron\tirisfalglade\passivedoodads\trees\tirisfallgladecanopytree05.m2;18554.953125;63.07612609863281;14936.3046875;0;0;0;;1;142451;m2;204132;0;
..\..\world\lordaeron\tirisfalglade\passivedoodads\trees\tirisfallgladecanopytree06.m2;18203.42578125;62.32735824584961;15219.44921875;0;0;0;;1;136257;m2;204133;0;
..\..\world\lordaeron\tirisfalglade\passivedoodads\trees\tirisfallgladecanopytree04.m2;18342.41796875;62.86379623413086;15475.6015625;0;120.5;0;;1;136438;m2;204131;0;
..\..\world\lordaeron\tirisfalglade\passivedoodads\trees\tirisfallgladecanopytree06.m2;18446.98828125;63.5322265625;15263.8916015625;0;0;0;;1;136261;m2;204133;0;
..\..\world\lordaeron\tirisfalglade\passivedoodads\trees\tirisfallgladecanopytree04.m2;18485.50390625;69.83550262451172;15068.224609375;0;311.2950439453125;0;;0.998046875;136456;m2;204131;0;
..\..\world\lordaeron\tirisfalglade\passivedoodads\trees\tirisfallgladecanopytree06.m2;18495.8671875;76.16291809082031;15110.8017578125;0;3.8013916015625;0;;0.99609375;142456;m2;204133;0;
..\..\world\lordaeron\tirisfalglade\passivedoodads\trees\tirisfallgladecanopytree05.m2;18367.271484375;71.74453735351562;15088.5009765625;0;187.8829345703125;0;;0.9814453125;136276;m2;204132;0;
..\..\world\lordaeron\tirisfalglade\passivedoodads\trees\tirisfalgladetree01.m2;18383.625;60.70524215698242;15324.41796875;2.499999523162842;0;0;;1;129712;m2;204124;0;
..\..\world\lordaeron\tirisfalglade\passivedoodads\trees\tirisfallgladecanopytree06.m2;18229.63671875;68.85282135009766;15472.2822265625;-4.000000476837158;111.020263671875;2.5000007152557373;;0.9345703125;154531;m2;204133;0;
..\..\world\lordaeron\tirisfalglade\passivedoodads\trees\tirisfallgladecanopytree04.m2;18502.892578125;61.59145736694336;15146.6279296875;0;189.91876220703125;0;;0.9765625;136455;m2;204131;0;
..\..\world\lordaeron\tirisfalglade\passivedoodads\trees\tirisfallgladecanopytree04.m2;18611.96484375;65.92501831054688;14908.27734375;0;195.63406372070312;0;;0.974609375;136487;m2;204131;0;
..\..\world\lordaeron\tirisfalglade\passivedoodads\trees\tirisfallgladecanopytree02.m2;18363.240234375;62.44817352294922;15223.33984375;0;333.5;-7.000001430511475;;0.7890625;136263;m2;204129;0;
..\..\world\lordaeron\tirisfalglade\passivedoodads\trees\tirisfallgladecanopytree04.m2;18236.890625;61.28676223754883;15215.2802734375;0;153.69244384765625;0;;0.9736328125;142470;m2;204131;0;
..\..\world\lordaeron\tirisfalglade\passivedoodads\trees\tirisfallgladecanopytree06.m2;18670.517578125;65.6508560180664;15012.6728515625;0;9.92095947265625;0;;0.9716796875;131185;m2;204133;0;
..\..\world\lordaeron\tirisfalglade\passivedoodads\trees\tirisfallgladecanopytree06.m2;18596.572265625;60.80732727050781;15427.0234375;-2;126.10491943359375;1.0000003576278687;;0.94921875;139752;m2;204133;0;
..\..\world\lordaeron\tirisfalglade\passivedoodads\trees\tirisfallgladecanopytree05.m2;18646.17578125;64.67283630371094;15099.0947265625;-0.5000002384185791;131.6092529296875;3.000000238418579;;0.94921875;136471;m2;204132;0;
..\..\world\lordaeron\tirisfalglade\passivedoodads\trees\tirisfallgladecanopytree05.m2;18547.328125;83.03253173828125;15012.630859375;-5.500000953674316;81.83966064453125;-6.500000953674316;;0.904296875;136461;m2;204132;0;
..\..\world\lordaeron\tirisfalglade\passivedoodads\trees\tirisfallgladecanopytree06.m2;18376.263671875;61.73698043823242;15159.087890625;0.9999997615814209;19.6441650390625;2.500000476837158;;0.94140625;136278;m2;204133;0;
..\..\world\lordaeron\tirisfalglade\passivedoodads\trees\tirisfalgladetree01.m2;18287.83984375;60.50069808959961;15215.0302734375;0;10;0;;1;142253;m2;204124;0;
..\..\world\lordaeron\tirisfalglade\passivedoodads\trees\tirisfalgladetree01.m2;18163.587890625;70.74353790283203;15464.0791015625;0.5000002384185791;340.6309814453125;-4.500000476837158;;0.9658203125;154027;m2;204124;0;
..\..\world\lordaeron\tirisfalglade\passivedoodads\trees\tirisfallgladecanopytree06.m2;18465.076171875;67.78404998779297;15318.52734375;-4.5;1.5;-6;;0.8994140625;131427;m2;204133;0;
..\..\world\lordaeron\tirisfalglade\passivedoodads\trees\tirisfallgladecanopytree06.m2;18640.916015625;66.35562133789062;14987.49609375;0.500000536441803;264.8554992675781;-5.500000476837158;;0.9248046875;136467;m2;204133;0;
..\..\world\lordaeron\tirisfalglade\passivedoodads\trees\tirisfallgladecanopytree05.m2;18189.681640625;63.175537109375;15177.708984375;-0.5000002980232239;198.58392333984375;-14.00000286102295;;0.8974609375;142472;m2;204132;0;
..\..\world\lordaeron\tirisfalglade\passivedoodads\trees\tirisfallgladecanopytree05.m2;18442.736328125;64.68729400634766;15186.708984375;1.0000001192092896;228.81219482421875;3.5000007152557373;;0.9267578125;136268;m2;204132;0;
..\..\world\lordaeron\tirisfalglade\passivedoodads\trees\tirisfallgladecanopytree06.m2;18633.26953125;68.75069427490234;14947.431640625;-0.5000001192092896;44.3970947265625;-6.500000476837158;;0.9111328125;136484;m2;204133;0;
..\..\world\lordaeron\tirisfalglade\passivedoodads\trees\tirisfallgladecanopytree06.m2;18452.654296875;69.81497955322266;15390.9052734375;0;0;0;;0.94921875;140193;m2;204133;0;
..\..\world\lordaeron\tirisfalglade\passivedoodads\trees\tirisfallgladecanopytree06.m2;18417.87109375;60.92957305908203;15125.2802734375;-2;85.37734985351562;-3;;0.9169921875;136272;m2;204133;0;
..\..\world\lordaeron\tirisfalglade\passivedoodads\trees\tirisfallgladecanopytree05.m2;18120.525390625;76.24112701416016;15170.3427734375;-0.9999998807907104;27.8072509765625;-8.999998092651367;;0.90234375;154113;m2;204132;0;
..\..\world\lordaeron\tirisfalglade\passivedoodads\trees\tirisfallgladecanopytree05.m2;18591.62109375;60.27455139160156;15429.7021484375;0;239.23458862304688;0;;0.9482421875;139750;m2;204132;0;
..\..\world\lordaeron\tirisfalglade\passivedoodads\trees\tirisfallgladecanopytree02.m2;18218.412109375;83.31924438476562;15166.2548828125;0;289.85015869140625;0;;0.8076171875;142473;m2;204129;0;
..\..\world\lordaeron\tirisfalglade\passivedoodads\trees\tirisfallgladecanopytree06.m2;18339.30078125;71.6349105834961;15138.146484375;-0.5;34.22344970703125;-6.000000476837158;;0.9052734375;142462;m2;204133;0;
..\..\world\lordaeron\tirisfalglade\passivedoodads\trees\tirisfallgladecanopytree06.m2;18369.5;71.07614135742188;15087.8916015625;-2;327.611328125;-5.000000953674316;;0.8955078125;136277;m2;204133;0;
..\..\world\lordaeron\tirisfalglade\passivedoodads\trees\tirisfallgladecanopytree06.m2;18412.03515625;68.197021484375;15370.974609375;0;284.0491943359375;0;;0.9365234375;139744;m2;204133;0;
..\..\world\lordaeron\tirisfalglade\passivedoodads\trees\tirisfallgladecanopytree02.m2;18405.833984375;64.59040069580078;15094.259765625;0;210.92196655273438;0;;0.7998046875;131785;m2;204129;0;
..\..\world\lordaeron\tirisfalglade\passivedoodads\trees\tirisfallgladecanopytree02.m2;18228.33984375;66.79792785644531;15466.509765625;0;141.93280029296875;0;;0.7958984375;154532;m2;204129;0;
..\..\world\lordaeron\tirisfalglade\passivedoodads\trees\tirisfalgladetree01.m2;18670.39453125;65.07071685791016;15354.4228515625;0;353.41900634765625;0;;0.9638671875;139738;m2;204124;0;
..\..\world\lordaeron\tirisfalglade\passivedoodads\trees\tirisfallgladecanopytree05.m2;18437.611328125;61.31439971923828;15146.49609375;2.000000238418579;188.6959228515625;-4;;0.896484375;136271;m2;204132;0;
..\..\world\lordaeron\tirisfalglade\passivedoodads\trees\tirisfallgladecanopytree05.m2;18382.51953125;65.57208251953125;15135.65234375;0;45.64959716796875;0;;0.9287109375;136274;m2;204132;0;
..\..\world\lordaeron\tirisfalglade\passivedoodads\trees\tirisfallgladecanopytree06.m2;18629.853515625;66.71136474609375;15371.685546875;-0.5000001192092896;0;2.500000476837158;;0.9091796875;131428;m2;204133;0;
..\..\world\lordaeron\tirisfalglade\passivedoodads\trees\tirisfallgladecanopytree05.m2;18584.61328125;72.66082000732422;14991.587890625;9.999999046325684;176.566650390625;5.499998569488525;;0.8515625;136465;m2;204132;0;
..\..\world\lordaeron\tirisfalglade\passivedoodads\trees\tirisfallgladecanopytree05.m2;18113.728515625;71.55952453613281;15423.9404296875;-7.000000476837158;226.85260009765625;3.5000009536743164;;0.8662109375;154187;m2;204132;0;
..\..\world\lordaeron\tirisfalglade\passivedoodads\trees\tirisfallgladecanopytree06.m2;18256.419921875;64.06431579589844;15444.201171875;0;227.7147674560547;0;;0.9189453125;140299;m2;204133;0;
..\..\world\lordaeron\tirisfalglade\passivedoodads\trees\tirisfallgladecanopytree06.m2;18266.9296875;63.80150604248047;15420.4892578125;0;357.71478271484375;0;;0.9189453125;139758;m2;204133;0;
..\..\world\lordaeron\tirisfalglade\passivedoodads\trees\tirisfallgladecanopytree06.m2;18121.7734375;66.31122589111328;15264.228515625;-2.000000476837158;128.89553833007812;-8.5;;0.8623046875;154238;m2;204133;0;
..\..\world\lordaeron\tirisfalglade\passivedoodads\trees\tirisfallgladecanopytree05.m2;18638.30859375;67.59920501708984;14997.0654296875;0;227.8084716796875;-3.000000476837158;;0.8994140625;136466;m2;204132;0;
..\..\world\lordaeron\tirisfalglade\passivedoodads\trees\tirisfallgladecanopytree06.m2;18672.78125;66.01079559326172;14961.7841796875;-5.000000476837158;125.87655639648438;-2.0000007152557373;;0.87109375;134819;m2;204133;0;
..\..\world\lordaeron\plagueland\passivedoodads\trees\plaguelandtree05.m2;18636.703125;68.72754669189453;15369.462890625;-7.000000476837158;146.58404541015625;-3.5;;1.349609375;129620;m2;203802;0;
..\..\world\lordaeron\tirisfalglade\passivedoodads\trees\tirisfallgladecanopytree02.m2;18407.517578125;68.38578033447266;15376.5478515625;0;0;0;;0.779296875;139743;m2;204129;0;
..\..\world\lordaeron\tirisfalglade\passivedoodads\trees\tirisfallgladecanopytree02.m2;18153.275390625;71.11968994140625;15163.7216796875;-7.000000476837158;296.58233642578125;-2.5;;0.724609375;154109;m2;204129;0;
..\..\world\lordaeron\tirisfalglade\passivedoodads\trees\tirisfallgladecanopytree06.m2;18377.072265625;60.51284408569336;15330.931640625;-0.5000007748603821;75.18511962890625;5.500000476837158;;0.876953125;131414;m2;204133;0;
..\..\world\lordaeron\tirisfalglade\passivedoodads\trees\tirisfallgladecanopytree06.m2;18431.111328125;71.29928588867188;15074.228515625;0;209.21902465820312;6.499999046325684;;0.875;142459;m2;204133;0;
..\..\world\lordaeron\tirisfalglade\passivedoodads\trees\tirisfallgladecanopytree05.m2;18264.482421875;59.62080383300781;15173.7958984375;0;293.91522216796875;2.4999990463256836;;0.892578125;142465;m2;204132;0;
..\..\world\lordaeron\tirisfalglade\passivedoodads\trees\tirisfallgladecanopytree06.m2;18456.814453125;62.6258544921875;15145.373046875;2.5000007152557373;72.270263671875;-8.000001907348633;;0.8486328125;136269;m2;204133;0;
..\..\world\lordaeron\tirisfalglade\passivedoodads\trees\tirisfallgladecanopytree05.m2;18612.6875;67.17704772949219;15049.3134765625;5.500001430511475;16.490966796875;-4.500000953674316;;0.849609375;136474;m2;204132;0;
..\..\world\lordaeron\tirisfalglade\passivedoodads\trees\tirisfallgladecanopytree05.m2;18134.857421875;69.68783569335938;15461.7333984375;0;324.3372802734375;0;;0.8974609375;154279;m2;204132;0;
..\..\world\lordaeron\tirisfalglade\passivedoodads\trees\tirisfallgladecanopytree05.m2;18415.611328125;69.4979248046875;15378.9541015625;0;209.32888793945312;0;;0.896484375;139746;m2;204132;0;
..\..\world\lordaeron\tirisfalglade\passivedoodads\trees\tirisfallgladecanopytree06.m2;18523.080078125;133.91098022460938;14973.1884765625;-1.5;109.93256378173828;-4.500000953674316;;0.8623046875;131299;m2;204133;0;
..\..\world\lordaeron\tirisfalglade\passivedoodads\trees\tirisfallgladecanopytree05.m2;18136.544921875;67.9189224243164;15401.6259765625;1.9999995231628418;358.3426513671875;3.499999761581421;;0.861328125;154185;m2;204132;0;
..\..\world\lordaeron\tirisfalglade\passivedoodads\trees\tirisfallgladecanopytree05.m2;18123.939453125;61.77461624145508;15214.55859375;-1.9999995231628418;248.2216339111328;-5.500000476837158;;0.8525390625;154458;m2;204132;0;
..\..\world\lordaeron\tirisfalglade\passivedoodads\trees\tirisfallgladecanopytree05.m2;18107.662109375;69.87396240234375;15388.79296875;8.499998092651367;137.26242065429688;1.4999998807907104;;0.8359375;154455;m2;204132;0;
..\..\world\lordaeron\tirisfalglade\passivedoodads\trees\tirisfallgladecanopytree05.m2;18140.916015625;61.38542556762695;15192.4267578125;6.999999046325684;147.02352905273438;2.4999992847442627;;0.8369140625;154115;m2;204132;0;
..\..\world\lordaeron\tirisfalglade\passivedoodads\trees\tirisfallgladecanopytree05.m2;18189.517578125;64.5064926147461;15174.8447265625;0;54.691619873046875;0;;0.88671875;142471;m2;204132;0;
..\..\world\lordaeron\tirisfalglade\passivedoodads\trees\tirisfallgladecanopytree06.m2;18646.49609375;64.49610900878906;15092.806640625;0.5;178.56622314453125;-6.999999046325684;;0.841796875;136472;m2;204133;0;
..\..\world\lordaeron\tirisfalglade\passivedoodads\trees\tirisfallgladecanopytree06.m2;18115.830078125;71.14039611816406;15484.8447265625;0;210.92196655273438;0;;0.8798828125;154193;m2;204133;0;
..\..\world\lordaeron\plagueland\passivedoodads\trees\plaguelandtree05.m2;18436.326171875;64.83696746826172;15193.853515625;0;0;0;;1.419921875;129711;m2;203802;0;
..\..\world\lordaeron\tirisfalglade\passivedoodads\trees\tirisfallgladecanopytree05.m2;18454.587890625;69.24356842041016;15324.5791015625;-1.499998688697815;312.5;10.000001907348633;;0.8291015625;131426;m2;204132;0;
..\..\world\lordaeron\tirisfalglade\passivedoodads\trees\tirisfallgladecanopytree02.m2;18338.091796875;69.42201232910156;15431.935546875;0;31.6416015625;0;;0.7490234375;139753;m2;204129;0;
..\..\world\lordaeron\tirisfalglade\passivedoodads\trees\tirisfallgladecanopytree05.m2;18129.384765625;69.07382202148438;15299.6572265625;-3.500001907348633;213.6796112060547;0;;0.85546875;154235;m2;204132;0;
..\..\world\lordaeron\tirisfalglade\passivedoodads\trees\tirisfallgladecanopytree06.m2;18332.939453125;76.52739715576172;15095.6767578125;0;192.11279296875;7.499999523162842;;0.8388671875;142461;m2;204133;0;
..\..\world\lordaeron\tirisfalglade\passivedoodads\trees\tirisfallgladecanopytree06.m2;18591.80078125;72.1549301147461;15052.482421875;0;7.83135986328125;3.0000011920928955;;0.8583984375;142454;m2;204133;0;
..\..\world\lordaeron\tirisfalglade\passivedoodads\trees\tirisfallgladecanopytree05.m2;18252.9296875;66.30347442626953;15160.8115234375;0;65.32669067382812;0;;0.8740234375;142467;m2;204132;0;
..\..\world\lordaeron\tirisfalglade\passivedoodads\trees\tirisfalgladetree01.m2;18483.693359375;64.96163940429688;15211.482421875;0;293.4537353515625;0;;0.90234375;131190;m2;204124;0;
..\..\world\lordaeron\tirisfalglade\passivedoodads\trees\tirisfallgladecanopytree04.m2;18400.15234375;63.21732711791992;15438.1298828125;0;326.949462890625;0;;0.87109375;136431;m2;204131;0;
..\..\world\lordaeron\tirisfalglade\passivedoodads\trees\tirisfallgladecanopytree03.m2;18540.458984375;62.87480926513672;15383.091796875;0;36;0;;0.869140625;136282;m2;204130;0;
..\..\world\lordaeron\tirisfalglade\passivedoodads\trees\tirisfallgladecanopytree02.m2;18470.33984375;68.00335693359375;15330.365234375;-3.5000007152557373;358;-6;;0.689453125;131424;m2;204129;0;
..\..\world\lordaeron\tirisfalglade\passivedoodads\trees\tirisfallgladecanopytree05.m2;18543.986328125;83.5426025390625;15016.9091796875;6.500000476837158;172.9410400390625;-12.500003814697266;;0.7919921875;136460;m2;204132;0;
..\..\world\lordaeron\tirisfalglade\passivedoodads\trees\tirisfallgladecanopytree06.m2;18429.96875;71.08750915527344;15074.572265625;-0.9999992847442627;71.589111328125;6.5;;0.826171875;142458;m2;204133;0;
..\..\world\lordaeron\tirisfalglade\passivedoodads\trees\tirisfallgladecanopytree06.m2;18162.205078125;72.26057434082031;15469.888671875;-8.500000953674316;120.62255859375;4.500000953674316;;0.7978515625;154163;m2;204133;0;
..\..\world\lordaeron\tirisfalglade\passivedoodads\trees\tirisfallgladecanopytree06.m2;18291.40625;60.87417984008789;15220.951171875;-1.5;0;-4.500001907348633;;0.8291015625;142254;m2;204133;0;
..\..\world\lordaeron\tirisfalglade\passivedoodads\trees\tirisfallgladecanopytree06.m2;18686.173828125;63.41466522216797;15323.87109375;0;293.0802001953125;0;;0.861328125;139735;m2;204133;0;
..\..\world\lordaeron\tirisfalglade\passivedoodads\trees\tirisfallgladecanopytree02.m2;18615.482421875;64.45301818847656;15055.666015625;0;317.2948303222656;0;;0.7333984375;131184;m2;204129;0;
..\..\world\lordaeron\tirisfalglade\passivedoodads\trees\tirisfallgladecanopytree06.m2;18441.58203125;60.35859680175781;15134.623046875;-1.0000005960464478;313.87799072265625;3.5000007152557373;;0.83203125;136270;m2;204133;0;
..\..\world\lordaeron\tirisfalglade\passivedoodads\trees\tirisfallgladecanopytree06.m2;18266.599609375;59.92654037475586;15177.271484375;-0.5;227.4129638671875;-4.500000476837158;;0.82421875;142466;m2;204133;0;
..\..\world\lordaeron\tirisfalglade\passivedoodads\trees\tirisfallgladecanopytree05.m2;18260.556640625;64.4959716796875;15444.0986328125;-1.5000001192092896;232.37310791015625;3.500000238418579;;0.82421875;140298;m2;204132;0;
..\..\world\lordaeron\tirisfalglade\passivedoodads\trees\tirisfallgladecanopytree05.m2;18264.193359375;63.49272918701172;15417.38671875;-1.5;2.37310791015625;3.500000238418579;;0.82421875;139759;m2;204132;0;
..\..\world\lordaeron\tirisfalglade\passivedoodads\trees\tirisfallgladecanopytree06.m2;18408.482421875;66.16483306884766;15097.0498046875;0;80.6201171875;0;;0.8486328125;136273;m2;204133;0;
..\..\world\lordaeron\tirisfalglade\passivedoodads\trees\tirisfallgladecanopytree06.m2;18257.298828125;64.62081909179688;15448.318359375;-0.5;227.71478271484375;-0.9999997019767761;;0.8388671875;140300;m2;204133;0;
..\..\world\lordaeron\tirisfalglade\passivedoodads\trees\tirisfallgladecanopytree05.m2;18484.69140625;65.77914428710938;15351.98046875;0;249.58401489257812;0;;0.8466796875;139747;m2;204132;0;
..\..\world\lordaeron\tirisfalglade\passivedoodads\trees\tirisfallgladecanopytree06.m2;18673.638671875;63.94764709472656;15021.9990234375;-3.000000476837158;156.75189208984375;5.999998569488525;;0.79296875;131768;m2;204133;0;
..\..\world\lordaeron\tirisfalglade\passivedoodads\trees\tirisfallgladecanopytree05.m2;18489.251953125;65.8545913696289;15394.9140625;6;52.692047119140625;-4.499999523162842;;0.783203125;136452;m2;204132;0;
..\..\world\lordaeron\tirisfalglade\passivedoodads\trees\tirisfallgladecanopytree06.m2;18392.05859375;59.66164779663086;15324.8046875;-0.4999999403953552;163.68511962890625;4.499999523162842;;0.806640625;131412;m2;204133;0;
..\..\world\lordaeron\tirisfalglade\passivedoodads\trees\tirisfallgladecanopytree06.m2;18247.75390625;61.68912887573242;15234.8759765625;-1.9999995231628418;0;-6.5;;0.7890625;142258;m2;204133;0;
..\..\world\lordaeron\tirisfalglade\passivedoodads\trees\tirisfallgladecanopytree05.m2;18520.84375;76.7229232788086;15052.7998046875;4.5;177.63238525390625;-4.999998092651367;;0.7861328125;136459;m2;204132;0;
..\..\world\lordaeron\tirisfalglade\passivedoodads\trees\tirisfalgladetree01.m2;18645.310546875;67.65267181396484;14994.255859375;-1.5000001192092896;90.95858764648438;-3.500000476837158;;0.833984375;131173;m2;204124;0;
..\..\world\lordaeron\tirisfalglade\passivedoodads\trees\tirisfallfallentree04.m2;18357.130859375;59.8489875793457;15268.4873046875;0;190.71047973632812;0;;1.193359375;131791;m2;204128;0;
..\..\world\lordaeron\tirisfalglade\passivedoodads\trees\tirisfallgladecanopytree05.m2;18192.21484375;63.85200500488281;15235.583984375;-1.5;32.905059814453125;4.5;;0.80078125;136258;m2;204132;0;
..\..\world\lordaeron\tirisfalglade\passivedoodads\trees\tirisfallgladecanopytree02.m2;18378.703125;61.72981643676758;15154.576171875;0;135.19329833984375;0;;0.708984375;131784;m2;204129;0;
..\..\world\lordaeron\tirisfalglade\passivedoodads\trees\tirisfallgladecanopytree05.m2;18553.533203125;64.35879516601562;15438.0146484375;-0.5000001192092896;0;3.0000009536743164;;0.8095703125;136284;m2;204132;0;
..\..\world\lordaeron\tirisfalglade\passivedoodads\trees\tirisfallgladecanopytree05.m2;18202.072265625;63.67005920410156;15231.021484375;0;26.08233642578125;0;;0.826171875;136259;m2;204132;0;
..\..\world\lordaeron\tirisfalglade\passivedoodads\trees\tirisfallgladecanopytree02.m2;18429.583984375;63.80807113647461;15186.6396484375;-2.9999990463256836;135.19329833984375;-8.499999046325684;;0.6484375;136266;m2;204129;0;
..\..\world\lordaeron\tirisfalglade\passivedoodads\trees\tirisfallgladecanopytree06.m2;18127.609375;68.24424743652344;15304.8984375;4.999999046325684;255.87940979003906;-2.9999992847442627;;0.78125;154237;m2;204133;0;
..\..\world\lordaeron\tirisfalglade\passivedoodads\trees\tirisfallgladecanopytree04.m2;18240.951171875;65.0859146118164;15189.5302734375;-0.5000001192092896;84.68048095703125;6;;0.7734375;142469;m2;204131;0;
..\..\world\lordaeron\plagueland\passivedoodads\trees\plaguelandtree05.m2;18448.54296875;62.07988357543945;15143.7978515625;0;303.16595458984375;0;;1.326171875;131198;m2;203802;0;
..\..\world\lordaeron\tirisfalglade\passivedoodads\trees\tirisfallgladecanopytree03.m2;18560.822265625;64.71603393554688;15316.3798828125;0;0;0;;0.8193359375;139742;m2;204130;0;
..\..\world\lordaeron\tirisfalglade\passivedoodads\trees\tirisfallgladecanopytree06.m2;18157.875;72.23204040527344;15460.435546875;1.999999761581421;128.576904296875;-9.5;;0.765625;154164;m2;204133;0;
..\..\world\lordaeron\tirisfalglade\passivedoodads\trees\tirisfallgladecanopytree05.m2;18118.337890625;70.42295837402344;15422.3779296875;-8.499999046325684;321.173095703125;-13.500001907348633;;0.7333984375;154189;m2;204132;0;
..\..\world\lordaeron\tirisfalglade\passivedoodads\trees\tirisfallgladecanopytree04.m2;18350.939453125;59.97596740722656;15174.8642578125;0;80.477294921875;0;;0.8115234375;142463;m2;204131;0;
..\..\world\lordaeron\tirisfalglade\passivedoodads\trees\tirisfallgladecanopytree02.m2;18651.7734375;64.56342315673828;15094.974609375;0;331.77203369140625;0;;0.69140625;136473;m2;204129;0;
..\..\world\lordaeron\tirisfalglade\passivedoodads\trees\tirisfallgladecanopytree06.m2;18491.951171875;71.53296661376953;15069.931640625;-2.5000007152557373;230.81881713867188;2.5;;0.7802734375;136457;m2;204133;0;
..\..\world\lordaeron\tirisfalglade\passivedoodads\trees\tirisfallgladecanopytree05.m2;18628.041015625;69.7981185913086;14950.349609375;0.5000001192092896;113.64389038085938;5.499999523162842;;0.78125;136485;m2;204132;0;
..\..\world\lordaeron\tirisfalglade\passivedoodads\trees\tirisfallgladecanopytree05.m2;18486.876953125;64.93054962158203;15346.2822265625;0;9.96490478515625;0;;0.8076171875;139749;m2;204132;0;
..\..\world\lordaeron\tirisfalglade\passivedoodads\trees\tirisfallgladecanopytree03.m2;18178.615234375;64.46855163574219;15285.8359375;-1.0000001192092896;313.1748352050781;-3.5;;0.771484375;154105;m2;204130;0;
..\..\world\lordaeron\tirisfalglade\passivedoodads\trees\tirisfallgladecanopytree05.m2;18390.9296875;69.55704498291016;15115.02734375;0;179.6099853515625;0;;0.8046875;136275;m2;204132;0;
..\..\world\lordaeron\tirisfalglade\passivedoodads\trees\tirisfallgladecanopytree06.m2;18312.236328125;69.39997100830078;15442.638671875;0;143.804443359375;0;;0.8046875;139757;m2;204133;0;
..\..\world\azeroth\duskwood\passivedoodads\duskwoodwheat\duskwoodwheat.m2;18670.876953125;59.37415313720703;15230.1103515625;0;48.5;0;;1;131505;m2;189462;0;
..\..\world\azeroth\duskwood\passivedoodads\duskwoodwheat\duskwoodwheat.m2;18600.79296875;59.21863555908203;15237.8271484375;0;48;0;;1;131506;m2;189462;0;
..\..\world\lordaeron\tirisfalglade\passivedoodads\trees\tirisfallgladecanopytree05.m2;18567.791015625;61.3183479309082;15134.2392578125;-0.5;332.7969970703125;-2.500000238418579;;0.78515625;131780;m2;204132;0;
..\..\world\azeroth\duskwood\passivedoodads\duskwoodwheat\duskwoodwheat.m2;18256.087890625;59.40092849731445;15297.177734375;0;45.5;0;;1;144410;m2;189462;0;
..\..\world\azeroth\duskwood\passivedoodads\duskwoodwheat\duskwoodwheat.m2;18233.93359375;59.73011779785156;15364.880859375;0;45;0;;1;144409;m2;189462;0;
..\..\world\lordaeron\tirisfalglade\passivedoodads\trees\tirisfallgladecanopytree05.m2;18237.58203125;64.60243225097656;15192.662109375;0;64.00894165039062;2.5;;0.7841796875;142468;m2;204132;0;
..\..\world\lordaeron\tirisfalglade\passivedoodads\trees\tirisfallgladecanopytree03.m2;18179.3046875;65.25112915039062;15389.9248046875;-2.000000238418579;261.9999694824219;3.5000007152557373;;0.75;136253;m2;204130;0;
..\..\world\lordaeron\tirisfalglade\passivedoodads\trees\tirisfallgladecanopytree06.m2;18595.791015625;69.44882202148438;15324.318359375;0;0;4.5;;0.76953125;140306;m2;204133;0;
..\..\world\lordaeron\tirisfalglade\passivedoodads\trees\tirisfallgladecanopytree05.m2;18329.544921875;77.17607116699219;15098.2333984375;0;95.671875;1.0000003576278687;;0.78515625;142460;m2;204132;0;
..\..\world\lordaeron\tirisfalglade\passivedoodads\trees\tirisfallgladecanopytree05.m2;18401.794921875;67.45744323730469;15378.380859375;0;330.07232666015625;0;;0.7880859375;139745;m2;204132;0;
..\..\world\lordaeron\tirisfalglade\passivedoodads\trees\tirisfallgladecanopytree05.m2;18158.771484375;65.6122817993164;15326.9072265625;-1.5;147.6607666015625;1.5000001192092896;;0.771484375;154233;m2;204132;0;
..\..\world\lordaeron\tirisfalglade\passivedoodads\trees\tirisfallgladecanopytree02.m2;18340.6875;60.60843276977539;15320.818359375;0;0;0;;0.669921875;141117;m2;204129;0;
..\..\world\lordaeron\tirisfalglade\passivedoodads\trees\tirisfallgladecanopytree05.m2;18122.166015625;66.33183288574219;15267.7705078125;-3.499999761581421;333.3682861328125;1.999999761581421;;0.7548828125;154239;m2;204132;0;
..\..\world\lordaeron\plagueland\passivedoodads\trees\plaguelandtree05.m2;18559.916015625;63.91069793701172;15440.9140625;-4.999999046325684;230.0607147216797;-3.500000476837158;;1.1728515625;129619;m2;203802;0;
..\..\world\lordaeron\tirisfalglade\passivedoodads\trees\tirisfallgladecanopytree06.m2;18141.537109375;66.98945617675781;15404.599609375;5.500000953674316;27.3787841796875;-0.9999995827674866;;0.740234375;154186;m2;204133;0;
..\..\world\lordaeron\tirisfalglade\passivedoodads\trees\tirisfallgladecanopytree04.m2;18306.87890625;68.89366149902344;15445.8916015625;0;129.62066650390625;0;;0.7705078125;139755;m2;204131;0;
..\..\world\lordaeron\tirisfalglade\passivedoodads\trees\tirisfallgladecanopytree05.m2;18511.87109375;61.85060501098633;15297.9404296875;0;344.5;0;;0.76953125;136280;m2;204132;0;
..\..\world\lordaeron\tirisfalglade\passivedoodads\trees\tirisfallgladecanopytree04.m2;18348.865234375;64.40159606933594;15379.3828125;0;0;0;;0.76953125;136254;m2;204131;0;
..\..\world\lordaeron\tirisfalglade\passivedoodads\trees\tirisfallgladecanopytree06.m2;18349.158203125;60.25297164916992;15177.8603515625;0;202.92367553710938;0;;0.7646484375;142464;m2;204133;0;
..\..\world\lordaeron\tirisfalglade\passivedoodads\trees\tirisfallgladecanopytree04.m2;18159.14453125;61.8652229309082;15252.4384765625;-6.499999046325684;325.99627685546875;9.000001907348633;;0.662109375;154457;m2;204131;0;
..\..\world\lordaeron\tirisfalglade\passivedoodads\trees\tirisfallgladecanopytree05.m2;18641.009765625;67.1541519165039;15425.7109375;0;0;0;;0.759765625;140234;m2;204132;0;
..\..\world\lordaeron\tirisfalglade\passivedoodads\trees\tirisfallgladecanopytree05.m2;18343.1796875;69.86685180664062;15432.5361328125;0;36.6405029296875;0;;0.7578125;139754;m2;204132;0;
..\..\world\lordaeron\tirisfalglade\passivedoodads\trees\tirisfallgladecanopytree06.m2;18119.330078125;77.56342315673828;15167.3154296875;-2.499999761581421;46.935028076171875;-8.999999046325684;;0.7080078125;154111;m2;204133;0;
..\..\world\lordaeron\tirisfalglade\passivedoodads\trees\tirisfallgladecanopytree03.m2;18400.041015625;66.65914916992188;15417.3447265625;0;217.48886108398438;0;;0.7548828125;136432;m2;204130;0;
..\..\world\lordaeron\tirisfalglade\passivedoodads\trees\tirisfallgladecanopytree03.m2;18312.755859375;69.38519287109375;15448.1767578125;0;64.81109619140625;0;;0.7529296875;139756;m2;204130;0;
..\..\world\lordaeron\tirisfalglade\passivedoodads\trees\tirisfallgladecanopytree03.m2;18128.259765625;65.56342315673828;15264.7177734375;0.49999988079071045;265.78936767578125;-1.5000001192092896;;0.734375;154240;m2;204130;0;
..\..\world\lordaeron\tirisfalglade\passivedoodads\trees\tirisfallgladecanopytree06.m2;18425.375;70.43973541259766;15405.244140625;0;0;0;;0.75;140303;m2;204133;0;
..\..\world\lordaeron\tirisfalglade\passivedoodads\trees\tirisfallgladecanopytree05.m2;18245.189453125;61.82037353515625;15234.9833984375;-1;0;5.499998569488525;;0.7197265625;142257;m2;204132;0;
..\..\world\lordaeron\tirisfalglade\passivedoodads\trees\tirisfalgladetree01.m2;18592.392578125;67.59677124023438;15355.8447265625;0;104.66995239257812;0;;0.7724609375;139739;m2;204124;0;
..\..\world\lordaeron\plagueland\passivedoodads\trees\plaguelandtree05.m2;18513.01953125;62.34794998168945;15290.3740234375;0;61.49237060546875;0;;1.19921875;131197;m2;203802;0;
..\..\world\lordaeron\tirisfalglade\passivedoodads\trees\tirisfallgladecanopytree05.m2;18597.759765625;64.61771392822266;15110.8984375;0;0;-5;;0.7197265625;131497;m2;204132;0;
..\..\world\lordaeron\tirisfalglade\passivedoodads\trees\tirisfallgladecanopytree05.m2;18547.478515625;61.6602783203125;15170.8427734375;0.5000001192092896;92.4637451171875;4.999999046325684;;0.7158203125;141226;m2;204132;0;
..\..\world\lordaeron\tirisfalglade\passivedoodads\trees\tirisfallgladecanopytree04.m2;18116.84765625;75.83548736572266;15170.2060546875;1;350.09002685546875;4;;0.6982421875;154112;m2;204131;0;
..\..\world\lordaeron\tirisfalglade\passivedoodads\trees\tirisfallgladecanopytree05.m2;18149.2734375;73.65684509277344;15161.4404296875;-3.499999761581421;269.2061767578125;7.500001907348633;;0.6865234375;154108;m2;204132;0;
..\..\world\lordaeron\tirisfalglade\passivedoodads\trees\tirisfallgladecanopytree05.m2;18523.47265625;65.32964324951172;15104.4921875;-1.5000001192092896;30.30120849609375;-3.999999523162842;;0.7060546875;131774;m2;204132;0;
..\..\world\lordaeron\plagueland\passivedoodads\trees\plaguelandtree09.m2;18614.908203125;62.60292053222656;15438.7373046875;-2.5;0;-2.5;;0.69921875;587046;m2;203806;0;
..\..\world\lordaeron\plagueland\passivedoodads\trees\plaguelandtree05.m2;18487.669921875;67.50918579101562;15387.8984375;-4;30.828582763671875;-0.49999967217445374;;1.126953125;129625;m2;203802;0;
..\..\world\lordaeron\tirisfalglade\passivedoodads\trees\tirisfallgladecanopytree05.m2;18170.83203125;72.7363052368164;15463.7373046875;1.5000005960464478;68.5787353515625;-6.500000476837158;;0.693359375;154162;m2;204132;0;
..\..\world\lordaeron\tirisfalglade\passivedoodads\trees\tirisfallgladecanopytree05.m2;18322.15234375;70.15555572509766;15143.072265625;0;131.10385131835938;0;;0.71484375;141253;m2;204132;0;
..\..\world\lordaeron\tirisfalglade\passivedoodads\trees\tirisfallgladecanopytree06.m2;18225.451171875;62.38899230957031;15445.9228515625;-0.49999985098838806;350.22186279296875;-3.9999988079071045;;0.6943359375;154514;m2;204133;0;
..\..\world\lordaeron\tirisfalglade\passivedoodads\trees\tirisfallgladecanopytree04.m2;18560.419921875;64.47576141357422;15389.10546875;-4.5;175.5;0.4999999403953552;;0.669921875;136281;m2;204131;0;
..\..\world\lordaeron\tirisfalglade\passivedoodads\trees\tirisfallgladecanopytree05.m2;18136.49609375;70.57686614990234;15362.884765625;-4.499999046325684;259.1094665527344;-9.99999713897705;;0.6513671875;154280;m2;204132;0;
..\..\world\lordaeron\tirisfalglade\passivedoodads\trees\tirisfallgladecanopytree02.m2;18388.037109375;61.20773696899414;15315.7666015625;1;26.5;-3;;0.5791015625;131415;m2;204129;0;
..\..\world\lordaeron\tirisfalglade\passivedoodads\trees\tirisfallgladecanopytree03.m2;18195.630859375;62.76864242553711;15406.2373046875;3.999999523162842;65.5;-0.5000002980232239;;0.669921875;136252;m2;204130;0;
..\..\world\lordaeron\tirisfalglade\passivedoodads\trees\tirisfallgladecanopytree02.m2;18519.11328125;63.12443161010742;15079.1015625;0;124.02147674560547;0;;0.59765625;141233;m2;204129;0;
..\..\world\lordaeron\tirisfalglade\passivedoodads\trees\tirisfallgladecanopytree04.m2;18478.927734375;63.44312286376953;15203.466796875;0;137.68487548828125;0;;0.6923828125;136279;m2;204131;0;
..\..\world\lordaeron\tirisfalglade\passivedoodads\trees\tirisfallgladecanopytree04.m2;18523.041015625;59.71834945678711;15326.3935546875;0;349.76043701171875;0;;0.6875;142429;m2;204131;0;
..\..\world\lordaeron\tirisfalglade\passivedoodads\trees\tirisfallgladecanopytree04.m2;18536.55078125;59.72050857543945;15197.837890625;0;172.2279052734375;0;;0.685546875;142426;m2;204131;0;
..\..\world\lordaeron\tirisfalglade\passivedoodads\trees\tirisfallgladecanopytree05.m2;18292.57421875;62.77259826660156;15378.90234375;0;345;0;;0.6796875;131416;m2;204132;0;
..\..\world\lordaeron\tirisfalglade\passivedoodads\trees\tirisfallgladecanopytree02.m2;18155.041015625;65.02249908447266;15324.9248046875;0;260.1202392578125;0;;0.580078125;154232;m2;204129;0;
..\..\world\lordaeron\tirisfalglade\passivedoodads\trees\tirisfallgladecanopytree06.m2;18359.4609375;68.77023315429688;15121.3828125;0;226.5339813232422;0;;0.6728515625;141256;m2;204133;0;
..\..\world\lordaeron\tirisfalglade\passivedoodads\trees\tirisfallgladecanopytree05.m2;18161.2734375;61.80257034301758;15256.1767578125;0;121.86406707763672;0;;0.671875;154456;m2;204132;0;
..\..\world\lordaeron\tirisfalglade\passivedoodads\trees\tirisfallgladecanopytree05.m2;18318.1875;68.79663848876953;15179.8447265625;-1.5;187.32122802734375;-3.499999523162842;;0.64453125;141252;m2;204132;0;
..\..\world\lordaeron\tirisfalglade\passivedoodads\trees\tirisfallgladecanopytree03.m2;18392.9375;59.10070037841797;15167.9267578125;0;20.174591064453125;-1.999999761581421;;0.6484375;142440;m2;204130;0;
..\..\world\lordaeron\tirisfalglade\passivedoodads\trees\tirisfallgladecanopytree02.m2;18591.15234375;60.06285858154297;15424.779296875;0;13.95306396484375;0;;0.55859375;139751;m2;204129;0;
..\..\world\lordaeron\tirisfalglade\passivedoodads\trees\tirisfallgladecanopytree06.m2;18379.34375;62.72369384765625;15315.1767578125;-0.4999997913837433;130.68511962890625;3.0000007152557373;;0.63671875;131413;m2;204133;0;
..\..\world\lordaeron\tirisfalglade\passivedoodads\trees\tirisfallgladecanopytree02.m2;18479.95703125;63.11037063598633;15220.947265625;-9.500003814697266;222.43344116210938;2.499999523162842;;0.5107421875;131786;m2;204129;0;
..\..\world\lordaeron\tirisfalglade\passivedoodads\trees\tirisfallgladecanopytree06.m2;18148.17578125;74.8830795288086;15159.05859375;6;279.962158203125;7.000000476837158;;0.599609375;154110;m2;204133;0;
..\..\world\lordaeron\tirisfalglade\passivedoodads\trees\tirisfallgladecanopytree03.m2;18680.130859375;59.66120910644531;15112.1396484375;0;0;0;;0.6494140625;142251;m2;204130;0;
..\..\world\lordaeron\tirisfalglade\passivedoodads\trees\tirisfallgladecanopytree02.m2;18421.82421875;60.59082794189453;15127.7490234375;0;297.53558349609375;0;;0.5498046875;131783;m2;204129;0;
..\..\world\lordaeron\tirisfalglade\passivedoodads\trees\tirisfallgladecanopytree05.m2;18281.646484375;62.09288787841797;15222.80859375;1;0;5.499998569488525;;0.619140625;142256;m2;204132;0;
..\..\world\lordaeron\tirisfalglade\passivedoodads\trees\tirisfallgladecanopytree06.m2;18532.55859375;59.92890930175781;15133.0478515625;0;272.721923828125;0;;0.6416015625;141229;m2;204133;0;
..\..\world\lordaeron\tirisfalglade\passivedoodads\trees\tirisfallgladecanopytree06.m2;18318.701171875;70.38139343261719;15142.96484375;-2.000000476837158;176.698486328125;-5.000000476837158;;0.6005859375;141255;m2;204133;0;
..\..\world\lordaeron\tirisfalglade\passivedoodads\trees\tirisfallgladecanopytree05.m2;18137.4296875;61.55608367919922;15192.5546875;0;0.63720703125;1.5;;0.6123046875;154116;m2;204132;0;
..\..\world\lordaeron\tirisfalglade\passivedoodads\trees\tirisfallgladecanopytree06.m2;18387.701171875;93.9246597290039;15048.9521484375;0;96.92434692382812;0;;0.6103515625;141246;m2;204133;0;
..\..\world\lordaeron\tirisfalglade\passivedoodads\trees\tirisfallgladecanopytree02.m2;18295.666015625;64.61861419677734;15396.1455078125;-3.0000011920928955;218.5;-3.500000476837158;;0.4892578125;131418;m2;204129;0;
..\..\world\lordaeron\tirisfalglade\passivedoodads\trees\tirisfallgladecanopytree03.m2;18497.767578125;59.14590835571289;15169.0947265625;0;349.78204345703125;0;;0.6015625;142425;m2;204130;0;
..\..\world\lordaeron\tirisfalglade\passivedoodads\trees\tirisfallgladecanopytree05.m2;18222.412109375;62.21404266357422;15446.052734375;-0.49999967217445374;229.9618377685547;-7.500000476837158;;0.5751953125;154515;m2;204132;0;
..\..\world\lordaeron\tirisfalglade\passivedoodads\trees\tirisfallgladecanopytree05.m2;18143.083984375;66.54277801513672;15444.3642578125;0;270.06317138671875;0;;0.583984375;154528;m2;204132;0;
..\..\world\lordaeron\tirisfalglade\passivedoodads\trees\tirisfallgladecanopytree05.m2;18139.5;63.23893356323242;15189.255859375;0;155.4722900390625;-7;;0.5576171875;154114;m2;204132;0;
..\..\world\lordaeron\tirisfalglade\passivedoodads\trees\tirisfallgladecanopytree04.m2;18422.33203125;60.47856903076172;15155.7734375;0;301.4960021972656;0;;0.57421875;142437;m2;204131;0;
..\..\world\lordaeron\tirisfalglade\passivedoodads\trees\tirisfallgladecanopytree03.m2;18589.80859375;68.35355377197266;15351.728515625;0;0;0;;0.5693359375;139741;m2;204130;0;
..\..\world\lordaeron\tirisfalglade\passivedoodads\trees\tirisfallgladecanopytree05.m2;18386.349609375;80.16165924072266;15068.279296875;-5.000000476837158;354.44073486328125;-5.500001430511475;;0.53125;141241;m2;204132;0;
..\..\world\lordaeron\tirisfalglade\passivedoodads\trees\tirisfallgladecanopytree05.m2;18516.408203125;62.59769058227539;15284.7392578125;-1.5;0;-2;;0.5498046875;131423;m2;204132;0;
..\..\world\lordaeron\tirisfalglade\passivedoodads\trees\tirisfallgladecanopytree03.m2;18338.662109375;60.19414520263672;15281.9873046875;0;203;0;;0.5595703125;142252;m2;204130;0;
..\..\world\lordaeron\tirisfalglade\passivedoodads\trees\tirisfallgladecanopytree03.m2;18141.294921875;67.65918731689453;15399.5654296875;-2;35.6737060546875;-5;;0.5224609375;154184;m2;204130;0;
..\..\world\lordaeron\tirisfalglade\passivedoodads\trees\tirisfallgladecanopytree06.m2;18121.224609375;61.31959533691406;15208.771484375;-1.5000001192092896;344.278076171875;-3.999999523162842;;0.5361328125;154459;m2;204133;0;
..\..\world\lordaeron\tirisfalglade\passivedoodads\trees\tirisfallgladecanopytree06.m2;18519.634765625;65.67266845703125;15106.48046875;0;35.6737060546875;3.000000476837158;;0.544921875;131776;m2;204133;0;
..\..\world\lordaeron\tirisfalglade\passivedoodads\trees\tirisfallgladecanopytree04.m2;18198.455078125;67.52371978759766;15464.26171875;0;73.36892700195312;0;;0.5546875;154512;m2;204131;0;
..\..\world\lordaeron\tirisfalglade\passivedoodads\trees\tirisfallgladecanopytree06.m2;18334.9921875;61.26618957519531;15213.1240234375;0;296.7168273925781;0;;0.5537109375;141250;m2;204133;0;
..\..\world\lordaeron\tirisfalglade\passivedoodads\trees\tirisfallgladecanopytree04.m2;18168.8359375;62.33354568481445;15272.9140625;1.0000003576278687;160.53302001953125;7.499999523162842;;0.5107421875;154106;m2;204131;0;
..\..\world\lordaeron\tirisfalglade\passivedoodads\trees\tirisfallgladecanopytree06.m2;18634.970703125;69.68514251708984;15362.958984375;-7.000000476837158;38.5;6.000000476837158;;0.509765625;131430;m2;204133;0;
..\..\world\lordaeron\tirisfalglade\passivedoodads\trees\tirisfallgladecanopytree06.m2;18492.0625;64.28984069824219;15212.7109375;5.499999046325684;51.9010009765625;-6.500000476837158;;0.51171875;131788;m2;204133;0;
..\..\world\lordaeron\tirisfalglade\passivedoodads\trees\tirisfallgladecanopytree05.m2;18439.513671875;65.99442291259766;15429.6484375;0;0;5.999998569488525;;0.529296875;140190;m2;204132;0;
..\..\world\lordaeron\tirisfalglade\passivedoodads\trees\tirisfallgladecanopytree05.m2;18465.041015625;68.7421875;15409.619140625;0;139.5;6;;0.529296875;140192;m2;204132;0;
..\..\world\lordaeron\tirisfalglade\passivedoodads\trees\tirisfallgladecanopytree06.m2;18552.14453125;61.7943115234375;15165.232421875;-1.0000001192092896;209.95513916015625;3.9999990463256836;;0.529296875;141227;m2;204133;0;
..\..\world\lordaeron\tirisfalglade\passivedoodads\trees\tirisfallgladecanopytree06.m2;18266.12109375;60.92873764038086;15391.669921875;1.5000005960464478;85.93426513671875;-2.5000007152557373;;0.529296875;141787;m2;204133;0;
..\..\world\lordaeron\tirisfalglade\passivedoodads\trees\tirisfallgladecanopytree05.m2;18519.0625;64.04786682128906;15081.1904296875;0;105.60379028320312;0;;0.53515625;141234;m2;204132;0;
..\..\world\lordaeron\tirisfalglade\passivedoodads\trees\tirisfallgladecanopytree06.m2;18643.5;67.7834243774414;15368.3603515625;0;0;0;;0.529296875;131429;m2;204133;0;
..\..\world\lordaeron\tirisfalglade\passivedoodads\trees\tirisfallgladecanopytree05.m2;18460.908203125;61.61612319946289;15121.169921875;0;26.796478271484375;2.5;;0.5146484375;141237;m2;204132;0;
..\..\world\lordaeron\tirisfalglade\passivedoodads\trees\tirisfallgladecanopytree04.m2;18341.345703125;64.45520782470703;15380.6396484375;0;223;0;;0.51953125;136255;m2;204131;0;
..\..\world\lordaeron\tirisfalglade\passivedoodads\trees\tirisfallgladecanopytree06.m2;18438.546875;59.42595672607422;15098.853515625;5.000000476837158;98.8031005859375;4.500001907348633;;0.474609375;141239;m2;204133;0;
..\..\world\lordaeron\tirisfalglade\passivedoodads\trees\tirisfallfallentree04.m2;18462.103515625;79.17124938964844;15410.7333984375;-76.99995422363281;315.5;60.999969482421875;;0.69921875;140191;m2;204128;0;
..\..\world\lordaeron\tirisfalglade\passivedoodads\trees\tirisfallfallentree04.m2;18506.330078125;74.0568618774414;15432.77734375;-76.99998474121094;272.5000305175781;60.999969482421875;;0.69921875;140057;m2;204128;0;
..\..\world\lordaeron\tirisfalglade\passivedoodads\trees\tirisfallfallentree04.m2;18563.884765625;71.1031265258789;15461.9541015625;-76.99998474121094;100;60.999977111816406;;0.69921875;140059;m2;204128;0;
..\..\world\lordaeron\tirisfalglade\passivedoodads\trees\tirisfallgladecanopytree05.m2;18164.15234375;65.3241958618164;15289.197265625;0;294.14337158203125;-3.000000476837158;;0.4921875;154107;m2;204132;0;
..\..\world\lordaeron\tirisfalglade\passivedoodads\trees\tirisfallgladecanopytree04.m2;18596.919921875;68.64134216308594;15354.2734375;0;350;0;;0.5;139740;m2;204131;0;
..\..\world\lordaeron\tirisfalglade\passivedoodads\trees\tirisfallgladecanopytree05.m2;18462.197265625;61.05293655395508;15119.447265625;0;270.38177490234375;0;;0.498046875;141236;m2;204132;0;
..\..\world\lordaeron\tirisfalglade\passivedoodads\trees\tirisfallgladecanopytree06.m2;18349.66015625;64.38430786132812;15153.0859375;0;116.73330688476562;0;;0.4951171875;141259;m2;204133;0;
..\..\world\lordaeron\tirisfalglade\passivedoodads\trees\tirisfallgladecanopytree04.m2;18113.23828125;72.06455993652344;15419.0166015625;-8.000000953674316;332.7969970703125;-6.499998092651367;;0.4326171875;154188;m2;204131;0;
..\..\world\lordaeron\tirisfalglade\passivedoodads\trees\tirisfallgladecanopytree05.m2;18347.787109375;63.67084503173828;15155.2392578125;2.000000476837158;295.4972839355469;4.500000476837158;;0.47265625;141260;m2;204132;0;
..\..\world\lordaeron\tirisfalglade\passivedoodads\trees\tirisfallgladecanopytree05.m2;18436.255859375;59.48811721801758;15099.099609375;0;16.754669189453125;3.000000238418579;;0.474609375;141238;m2;204132;0;
..\..\world\lordaeron\tirisfalglade\passivedoodads\trees\tirisfallgladecanopytree06.m2;18387.400390625;80.72734832763672;15070.150390625;-4;204.2640380859375;-4.5;;0.44140625;141243;m2;204133;0;
..\..\world\lordaeron\tirisfalglade\passivedoodads\trees\tirisfallgladecanopytree05.m2;18125.564453125;69.99070739746094;15301.8427734375;-3.000000238418579;126.10491943359375;-6.5;;0.4287109375;154236;m2;204132;0;
..\..\world\lordaeron\tirisfalglade\passivedoodads\trees\tirisfallgladecanopytree05.m2;18317.328125;68.9094009399414;15177.998046875;0;353.71563720703125;0;;0.4443359375;141251;m2;204132;0;
..\..\world\lordaeron\tirisfalglade\passivedoodads\trees\tirisfallgladecanopytree05.m2;18523.88671875;63.02095413208008;15080.4248046875;0;32.070068359375;-4.499999523162842;;0.4306640625;141235;m2;204132;0;
..\..\world\lordaeron\tirisfalglade\passivedoodads\trees\tirisfallgladecanopytree06.m2;18531.814453125;59.39250946044922;15136.2373046875;0.9999997615814209;177.74224853515625;6;;0.4189453125;141230;m2;204133;0;
..\..\world\lordaeron\tirisfalglade\passivedoodads\trees\tirisfallgladecanopytree06.m2;18202.009765625;67.4631118774414;15463.5458984375;0;38.22259521484375;-9.499998092651367;;0.4150390625;154513;m2;204133;0;
..\..\world\lordaeron\tirisfalglade\passivedoodads\trees\tirisfallfallentree04.m2;18507.986328125;73.15347290039062;15430.3134765625;-79.5;14;28.000024795532227;;0.609375;140058;m2;204128;0;
..\..\world\lordaeron\tirisfalglade\passivedoodads\trees\tirisfallfallentree04.m2;18562.5625;70.20936584472656;15464.6142578125;-79.5000228881836;201.49996948242188;28.00003433227539;;0.609375;140060;m2;204128;0;
..\..\world\lordaeron\tirisfalglade\passivedoodads\trees\tirisfallgladecanopytree06.m2;18140.060546875;66.80858612060547;15443.240234375;-5.500000476837158;99.4403076171875;-10.5;;0.38671875;154530;m2;204133;0;
..\..\world\lordaeron\tirisfalglade\passivedoodads\trees\tirisfallgladecanopytree06.m2;18389.943359375;93.40432739257812;15046.9365234375;0;100.40709686279297;0;;0.4130859375;141244;m2;204133;0;
..\..\world\lordaeron\tirisfalglade\passivedoodads\trees\tirisfallgladecanopytree05.m2;18222.796875;62.22145080566406;15444.0771484375;2;313.84503173828125;4.5;;0.396484375;154516;m2;204132;0;
..\..\world\lordaeron\tirisfalglade\passivedoodads\trees\tirisfallgladecanopytree06.m2;18549.20703125;61.88280487060547;15165.232421875;0;115.1182632446289;5.500000953674316;;0.3984375;141228;m2;204133;0;
..\..\world\lordaeron\tirisfalglade\passivedoodads\trees\tirisfallfallentree03.m2;18361.95703125;59.46258544921875;15276.5791015625;4.999999523162842;127.5;-0.500000536441803;;3.26953125;141134;m2;204127;0;
..\..\world\lordaeron\tirisfalglade\passivedoodads\trees\tirisfallgladecanopytree05.m2;18349.73828125;62.9107666015625;15156.7529296875;0;314.7019958496094;0;;0.3994140625;141261;m2;204132;0;
..\..\world\lordaeron\tirisfalglade\passivedoodads\trees\tirisfallgladecanopytree06.m2;18359.705078125;68.89849853515625;15119.04296875;1.0000004768371582;150.50628662109375;-6.000000476837158;;0.3740234375;141257;m2;204133;0;
..\..\world\lordaeron\tirisfalglade\passivedoodads\trees\tirisfallgladecanopytree04.m2;18653.5859375;64.08683013916016;15316.5498046875;0;324.4691162109375;0;;0.3876953125;142432;m2;204131;0;
..\..\world\lordaeron\tirisfalglade\passivedoodads\trees\tirisfallgladecanopytree03.m2;18572.634765625;63.89410400390625;15354.7109375;0.5;280.115966796875;-2.5;;0.37109375;142430;m2;204130;0;
..\..\world\lordaeron\tirisfalglade\passivedoodads\trees\tirisfallgladecanopytree06.m2;18360.89453125;69.60964965820312;15122.466796875;-1.500001072883606;287.861572265625;-5.500000476837158;;0.3642578125;141258;m2;204133;0;
..\..\world\lordaeron\tirisfalglade\passivedoodads\trees\tirisfallgladecanopytree03.m2;18583.943359375;61.75767135620117;15137.701171875;0;308.8900146484375;0;;0.376953125;142436;m2;204130;0;
..\..\world\lordaeron\tirisfalglade\passivedoodads\trees\tirisfallgladecanopytree05.m2;18298.42578125;59.72612380981445;15353.27734375;-0.500000536441803;38.936737060546875;9.000000953674316;;0.359375;141785;m2;204132;0;
..\..\world\lordaeron\tirisfalglade\passivedoodads\trees\tirisfallgladecanopytree06.m2;18386.9296875;93.99309539794922;15046.5810546875;-2.499999523162842;130.76327514648438;-5;;0.34765625;141245;m2;204133;0;
..\..\world\lordaeron\tirisfalglade\passivedoodads\trees\tirisfallgladecanopytree04.m2;18476.951171875;59.1888313293457;15246.091796875;0;124.69863891601562;0;;0.361328125;142427;m2;204131;0;
..\..\world\lordaeron\tirisfalglade\passivedoodads\trees\tirisfallgladecanopytree03.m2;18157.18359375;66.85198211669922;15362.9833984375;0;219.24984741210938;0;;0.3427734375;154451;m2;204130;0;
..\..\world\environment\doodad\plaguelands\activedoodads\plaguecauldronactivebase.m2;18251.630859375;59.267578125;15327.416015625;0;317.5;0;;1;591872;m2;191218;0;
..\..\world\lordaeron\tirisfalglade\passivedoodads\trees\tirisfallgladecanopytree04.m2;18678.0703125;60.78900146484375;15154.130859375;0;207.7958984375;0;;0.341796875;141224;m2;204131;0;
..\..\world\lordaeron\tirisfalglade\passivedoodads\trees\tirisfallgladecanopytree03.m2;18366.90234375;59.98257064819336;15192.791015625;0;334.25823974609375;0;;0.33203125;142439;m2;204130;0;
..\..\world\lordaeron\tirisfalglade\passivedoodads\trees\tirisfallgladecanopytree04.m2;18575.333984375;59.4505615234375;15187.7890625;0;0;0;;0.3291015625;142040;m2;204131;0;
..\..\world\lordaeron\tirisfalglade\passivedoodads\trees\tirisfallgladecanopytree04.m2;18139.888671875;67.31503295898438;15445.52734375;0;211.63912963867188;0;;0.31640625;154529;m2;204131;0;
..\..\world\lordaeron\tirisfalglade\passivedoodads\trees\tirisfallgladecanopytree03.m2;18226.220703125;59.49181365966797;15413.208984375;-3.499999523162842;30.30120849609375;1.0000004768371582;;0.2822265625;154182;m2;204130;0;
..\..\world\lordaeron\tirisfalglade\passivedoodads\trees\tirisfallgladecanopytree04.m2;18574.0625;66.93421173095703;15322.5205078125;0;81.69683837890625;0;;0.287109375;142431;m2;204131;0;
..\..\world\generic\human\passivedoodads\westfallgrainsilodestroyed01.m2;18633.8671875;60.83241653442383;15127.02734375;-8.5;334;-0.5000002384185791;;1;127320;m2;198664;0;
..\..\world\generic\human\passivedoodads\westfallgrainsilodestroyed01.m2;18620.814453125;61.82843017578125;15138.3642578125;4;277.5;-4;;1;127321;m2;198664;0;
..\..\world\generic\human\passivedoodads\westfallgrainsilodestroyed01.m2;18672.220703125;64.90381622314453;15476.2734375;5.000000476837158;156;-2.000000238418579;;1;587107;m2;198664;0;
..\..\world\lordaeron\tirisfalglade\passivedoodads\trees\tirisfallgladecanopytree03.m2;18459.095703125;62.87395095825195;15298.6640625;0;354.9241943359375;0;;0.267578125;142428;m2;204130;0;
..\..\world\lordaeron\tirisfalglade\passivedoodads\trees\tirisfallgladecanopytree05.m2;18383.900390625;81.4108657836914;15067.583984375;1.5000003576278687;351.6611328125;9.000000953674316;;0.2529296875;141242;m2;204132;0;
..\..\world\environment\doodad\plaguelands\activedoodads\plaguecauldronactivebase.m2;18635.474609375;58.93218994140625;15187.7802734375;0;1;0;;1;591882;m2;191218;0;
..\..\world\lordaeron\tirisfalglade\passivedoodads\trees\tirisfallgladecanopytree06.m2;18321.1171875;69.81739044189453;15145.060546875;-0.49999988079071045;229.1928253173828;-5.5;;0.2509765625;141254;m2;204133;0;
..\..\world\generic\human\passivedoodads\westfallgrainsilodestroyed01.m2;18226.955078125;59.6518440246582;15264.7822265625;0;311.5;0;;1;127322;m2;198664;0;
..\..\world\generic\human\passivedoodads\westfallgrainsilodestroyed01.m2;18239.126953125;59.75648880004883;15257.5185546875;0;290.5;0;;1;127323;m2;198664;0;
..\..\world\lordaeron\tirisfalglade\passivedoodads\trees\tirisfallgladecanopytree05.m2;18158.03125;67.04891204833984;15365.373046875;0;127.895751953125;6;;0.25;154452;m2;204132;0;
..\..\world\azeroth\burningsteppes\passivedoodads\trees\ashtree02.m2;18595.833984375;61.93773651123047;15145.0205078125;0;13.5;0;;1;141936;m2;189254;0;
..\..\world\lordaeron\tirisfalglade\passivedoodads\trees\tirisfallgladecanopytree06.m2;18298.359375;59.52957534790039;15351.791015625;0;251.6275634765625;0;;0.2392578125;141786;m2;204133;0;
..\..\world\azeroth\elwynn\passivedoodads\ballistaruined\ballistaruined.m2;18542.23828125;59.68632888793945;15457.9384765625;13.500000953674316;235.49996948242188;12.5;;1;140197;m2;189657;0;
..\..\world\lordaeron\tirisfalglade\passivedoodads\trees\tirisfallgladecanopytree04.m2;18371.064453125;60.30059814453125;15192.5166015625;0;97.81427001953125;0;;0.2080078125;142438;m2;204131;0;
..\..\world\azeroth\burningsteppes\passivedoodads\trees\burningmidtree01.m2;18484.416015625;68.1219482421875;15450.7734375;5.500000953674316;4.5;1.5000004768371582;;1.859375;140056;m2;189258;0;
..\..\world\lordaeron\tirisfalglade\passivedoodads\trees\tirisfallfallentree02.m2;18440.71875;67.143798828125;15420.46484375;-9.000001907348633;261;-11.999999046325684;;1;140290;m2;204126;0;
..\..\world\generic\undead\passivedoodads\meatwagon\meatwagonwrecked01.m2;18526.203125;59.35354995727539;15424.4365234375;-7;19;3.499999523162842;;1;587041;m2;200666;0;
..\..\world\generic\undead\passivedoodads\meatwagon\meatwagonwrecked01.m2;18463.576171875;66.29595184326172;15462.4990234375;1.5000001192092896;66.5;-2.5;;1;139860;m2;200666;0;
..\..\world\lordaeron\tirisfalglade\passivedoodads\trees\tirisfalltreestump01.m2;18647.236328125;61.73153305053711;15076.8486328125;-6;306.96734619140625;17;;1.0986328125;129431;m2;204135;0;
..\..\world\generic\undead\passivedoodads\meatwagon\meatwagonwrecked01.m2;18582.705078125;60.03635787963867;15273.638671875;7.999999046325684;100;-4.499999523162842;;1;142068;m2;200666;0;
..\..\world\generic\undead\passivedoodads\meatwagon\meatwagonwrecked01.m2;18446.345703125;66.92729949951172;15356.326171875;-1.0000001192092896;343.5;-3.5;;1;132727;m2;200666;0;
..\..\world\lordaeron\tirisfalglade\passivedoodads\trees\tirisfalltreestump01.m2;18616.013671875;58.79713821411133;15105.2490234375;0;342.652099609375;0;;1.2744140625;129433;m2;204135;0;
..\..\world\azeroth\elwynn\passivedoodads\ballistaruined\ballistaruined.m2;18428.01171875;62.93914794921875;15443.3671875;0;175;0;;1;140077;m2;189657;0;
..\..\world\azeroth\westfall\passivedoodads\rakecart\rakecart.m2;18296.345703125;59.65123748779297;15284.63671875;0;70.5496826171875;0;;1;141807;m2;190620;0;
..\..\world\lordaeron\tirisfalglade\passivedoodads\trees\tirisfalltreestump01.m2;18535.884765625;58.58897018432617;15206.2529296875;0;255.4179229736328;0;;1.140625;129441;m2;204135;0;
..\..\world\azeroth\westfall\passivedoodads\rakecart\rakecart.m2;18645.4765625;60.76094436645508;15126.193359375;0;42.5;0;;1;131498;m2;190620;0;
..\..\world\lordaeron\plagueland\passivedoodads\bushes\plaguelandwesternbush01.m2;18578.8125;63.15563201904297;15131.396484375;-1;299.7052001953125;0.9999998807907104;;1.4833984375;156546;m2;203731;0;
..\..\world\azeroth\duskwood\passivedoodads\ruins\duskwoodchimney01.m2;18318.7421875;58.74915313720703;15345.826171875;-13.5;302.5;-11;;1;139180;m2;189505;0;
..\..\world\lordaeron\tirisfalglade\passivedoodads\trees\tirisfalltreestump01.m2;18574.955078125;62.16081619262695;15128.099609375;-10.000001907348633;182.81808471679688;3.5;;1.1796875;129432;m2;204135;0;
..\..\world\lordaeron\plagueland\passivedoodads\bushes\plaguelandwesternbush04.m2;18593.7109375;72.54545593261719;15048.4296875;0;40.22216796875;0;;1.40234375;156618;m2;203734;0;
..\..\world\lordaeron\tirisfalglade\passivedoodads\trees\tirisfalltreestump02.m2;18547.84375;59.77919387817383;15275.1484375;0;15.348388671875;0;;1.4453125;129447;m2;204136;0;
..\..\world\lordaeron\tirisfalglade\passivedoodads\trees\tirisfalltreestump01.m2;18584.361328125;62.52080535888672;15306.185546875;-8.5;6.10858154296875;6.999998569488525;;1.0576171875;129451;m2;204135;0;
..\..\world\lordaeron\tirisfalglade\passivedoodads\trees\tirisfalltreestump01.m2;18435.8359375;67.43164825439453;15320.1728515625;-1.500000238418579;10.832855224609375;8.000003814697266;;0.982421875;136453;m2;204135;0;
..\..\world\lordaeron\plagueland\passivedoodads\bushes\plaguelandwesternbush04.m2;18553.8828125;63.27679443359375;14933.0205078125;0;120.084228515625;0;;1.361328125;156636;m2;203734;0;
..\..\world\lordaeron\tirisfalglade\passivedoodads\trees\tirisfalltreestump01.m2;18509.361328125;60.37801742553711;15235.9091796875;0;189.54193115234375;0;;1.0556640625;129444;m2;204135;0;
..\..\world\lordaeron\tirisfalglade\passivedoodads\trees\tirisfalltreestump01.m2;18338.828125;59.75579833984375;15316.732421875;0;47.5;0;;0.8994140625;141118;m2;204135;0;
..\..\world\lordaeron\plagueland\passivedoodads\bushes\plaguelandwesternbush04.m2;18557.107421875;63.36931228637695;14936.087890625;0;176.90753173828125;0;;1.7158203125;156635;m2;203734;0;
..\..\world\lordaeron\plagueland\passivedoodads\bushes\plaguelandwesternbush01.m2;18616.001953125;60.25178527832031;15100.5654296875;0;24.840850830078125;0;;1.3505859375;156554;m2;203731;0;
..\..\world\lordaeron\plagueland\passivedoodads\bushes\plaguelandwesternbush01.m2;18522.517578125;65.60332489013672;15108.068359375;0;193.80474853515625;0;;1.4697265625;156535;m2;203731;0;
..\..\world\azeroth\duskwood\passivedoodads\ruins\duskwoodruinsfoundation01.m2;18316.875;56.61482620239258;15335.6259765625;0;131;0;;1;139179;m2;189512;0;
..\..\world\lordaeron\tirisfalglade\passivedoodads\trees\tirisfalltreestump01.m2;18261.43359375;59.38787841796875;15394.412109375;0;290.23468017578125;0;;0.9296875;141078;m2;204135;0;
..\..\world\lordaeron\tirisfalglade\passivedoodads\trees\tirisfallfallentree03.m2;18476.408203125;66.42460632324219;15448.8779296875;8.5;290;-5.500000476837158;;1;140177;m2;204127;0;
..\..\world\lordaeron\tirisfalglade\passivedoodads\trees\tirisfalltreestump01.m2;18130.671875;63.7664794921875;15241.318359375;0;145.89190673828125;0;;0.869140625;154449;m2;204135;0;
..\..\world\lordaeron\plagueland\passivedoodads\bushes\plaguelandwesternbush04.m2;18162.673828125;61.9428596496582;15251.58984375;0.5;146.58404541015625;0;;1.2744140625;156136;m2;203734;0;
..\..\world\lordaeron\plagueland\passivedoodads\bushes\plaguelandwesternbush04.m2;18130.185546875;68.93821716308594;15303.0478515625;16;1.076690673828125;-9.000000953674316;;1.4931640625;156127;m2;203734;0;
..\..\world\generic\orc\passivedoodads\burntoutposts\burntoutpost04.m2;18516.98046875;61.46867752075195;15457.009765625;-0.9999998807907104;307;-14.500001907348633;;1;140052;m2;199147;0;
..\..\world\lordaeron\plagueland\passivedoodads\bushes\plaguelandwesternbush01.m2;18630.763671875;69.94419860839844;14946.5185546875;0;342.7399597167969;0;;1.369140625;156646;m2;203731;0;
..\..\world\lordaeron\plagueland\passivedoodads\bushes\plaguelandwesternbush01.m2;18572.5234375;64.26687622070312;15124.0830078125;0;212.05357360839844;0;;1.2431640625;156545;m2;203731;0;
..\..\world\lordaeron\tirisfalglade\passivedoodads\trees\tirisfalltreestump01.m2;18163.072265625;58.61390686035156;15212.7861328125;0;167.480712890625;0;;0.943359375;154447;m2;204135;0;
..\..\world\azeroth\duskwood\passivedoodads\ruins\duskwoodruinsfoundation02.m2;18321.482421875;56.2031135559082;15340.044921875;0;136;0;;1;139178;m2;189513;0;
..\..\world\azeroth\westfall\passivedoodads\westfallwagon\westfallwagon01.m2;18262.041015625;60.49506378173828;15400.435546875;0;125.30399322509766;0;;1;141079;m2;190657;0;
..\..\world\lordaeron\tirisfalglade\passivedoodads\trees\tirisfalltreestump02.m2;18587.845703125;60.23532485961914;15467.1728515625;0;79;-3.9999983310699463;;1.26953125;587082;m2;204136;0;
..\..\world\azeroth\westfall\passivedoodads\westfallwagon\westfallwagon01.m2;18595.99609375;59.97149658203125;15170.7392578125;0;320;0;;1;141967;m2;190657;0;
..\..\world\azeroth\duskwood\passivedoodads\ruins\duskwoodruins01.m2;18312.107421875;56.74298095703125;15350.8603515625;0;41.5;0;;1;139172;m2;189506;0;
..\..\world\lordaeron\tirisfalglade\passivedoodads\trees\tirisfalltreestump02.m2;18347.2421875;61.71578598022461;15318.9921875;0;69.6968994140625;0;;1.1962890625;141119;m2;204136;0;
..\..\world\generic\human\passivedoodads\ballistaruins\ballistamissle01.m2;18449.7734375;70.10137176513672;15360.884765625;42.499996185302734;209;-16.000001907348633;;1;140127;m2;197950;0;
..\..\world\azeroth\burningsteppes\passivedoodads\ruins\burnedbeam.m2;18308.263671875;59.40536880493164;15342.744140625;75;54.5;12.999998092651367;;1;142525;m2;189226;0;
..\..\world\azeroth\westfall\passivedoodads\westfallwagon\westfallwagon01.m2;18250.818359375;59.63998031616211;15347.197265625;0;102.89044189453125;0;;1;170113;m2;190657;0;
..\..\world\lordaeron\tirisfalglade\passivedoodads\trees\tirisfalltreestump02.m2;18552.791015625;64.24153900146484;15308.6416015625;14.499996185302734;186.47662353515625;-12.500001907348633;;1.17578125;129450;m2;204136;0;
..\..\world\lordaeron\plagueland\passivedoodads\bushes\plaguelandwesternbush04.m2;18634.70703125;66.89403533935547;15375.1591796875;-19.999998092651367;166.07440185546875;-0.49999985098838806;;1.21484375;153022;m2;203734;0;
..\..\world\generic\orc\passivedoodads\burntoutposts\burntoutpost04.m2;18525.90625;60.26104736328125;15457.6728515625;-0.5000001192092896;255;-8.000000953674316;;1;140053;m2;199147;0;
..\..\world\lordaeron\plagueland\passivedoodads\bushes\plaguelandwesternbush01.m2;18571.80859375;67.09111022949219;15087.607421875;0;291.4651794433594;0;;1.236328125;156543;m2;203731;0;
..\..\world\lordaeron\tirisfalglade\passivedoodads\trees\tirisfalltreestump01.m2;18495.962890625;63.47816467285156;15382.271484375;-7;0;-9.5;;0.94921875;136415;m2;204135;0;
..\..\world\lordaeron\plagueland\passivedoodads\bushes\plaguelandwesternbush01.m2;18648.541015625;64.68140411376953;15095.775390625;0;245.44204711914062;0;;1.2041015625;156608;m2;203731;0;
..\..\world\lordaeron\tirisfalglade\passivedoodads\trees\tirisfallfallentree03.m2;18536.1484375;59.76814651489258;15453.6572265625;0;52.5;4.999998569488525;;1;140198;m2;204127;0;
..\..\world\lordaeron\tirisfalglade\passivedoodads\trees\tirisfalltreestump02.m2;18373.2578125;61.18600082397461;15294.634765625;0;101.62619018554688;0;;1.25390625;141121;m2;204136;0;
..\..\world\lordaeron\tirisfalglade\passivedoodads\trees\tirisfalltreestump02.m2;18587.8359375;65.78443145751953;14941.3798828125;-10.500000953674316;334.587890625;-15.000000953674316;;0.9931640625;136463;m2;204136;0;
..\..\world\lordaeron\plagueland\passivedoodads\bushes\plaguelandwesternbush01.m2;18593.966796875;65.19120025634766;15110.1923828125;7.500000476837158;236.64173889160156;6.5;;1.109375;156551;m2;203731;0;
..\..\world\lordaeron\tirisfalglade\passivedoodads\trees\tirisfalltreestump02.m2;18555.294921875;60.67429733276367;15168.8828125;0;129.20315551757812;0;;1.080078125;129437;m2;204136;0;
..\..\world\lordaeron\plagueland\passivedoodads\bushes\plaguelandwesternbush04.m2;18525.314453125;62.56502914428711;15079.990234375;0;227.56674194335938;0;;1.1201171875;156538;m2;203734;0;
..\..\world\azeroth\elwynn\passivedoodads\minecart\elwynnminecart.m2;18527.376953125;60.32184600830078;15462.7998046875;0;321.5;0;;1;140205;m2;189827;0;
..\..\world\lordaeron\plagueland\passivedoodads\bushes\plaguelandwesternbush04.m2;18548.279296875;65.73016357421875;15387.802734375;-4.999999523162842;214.89913940429688;-20.500001907348633;;1.0703125;153093;m2;203734;0;
..\..\world\lordaeron\tirisfalglade\passivedoodads\trees\tirisfalltreestump01.m2;18512.568359375;61.06700897216797;15229.6904296875;0;207.06024169921875;0;;0.783203125;136430;m2;204135;0;
..\..\world\lordaeron\plagueland\passivedoodads\bushes\plaguelandwesternbush01.m2;18502.138671875;61.73139190673828;15150.998046875;0;78.54364013671875;0;;1.302734375;156532;m2;203731;0;
..\..\world\lordaeron\tirisfalglade\passivedoodads\trees\tirisfalltreestump01.m2;18574.79296875;65.7386703491211;15086.8896484375;1.499998927116394;277.66595458984375;-9.000001907348633;;0.8408203125;136428;m2;204135;0;
..\..\world\lordaeron\tirisfalglade\passivedoodads\trees\tirisfalltreestump01.m2;18582.322265625;59.23709487915039;15157.3583984375;0;0;0;;1;129435;m2;204135;0;
..\..\world\lordaeron\tirisfalglade\passivedoodads\trees\tirisfalltreestump01.m2;18235.27734375;68.07906341552734;15468.10546875;0;0;0;;1;154411;m2;204135;0;
..\..\world\lordaeron\tirisfalglade\passivedoodads\trees\tirisfalltreestump01.m2;18209.283203125;59.11193084716797;15423.2177734375;0;0;0;;1;154543;m2;204135;0;
..\..\world\azeroth\westfall\passivedoodads\westfallwagon\westfallwagon01.m2;18268.310546875;59.56970977783203;15252.7490234375;0;184.5;0;;1;142490;m2;190657;0;
..\..\world\lordaeron\plagueland\passivedoodads\bushes\plaguelandwesternbush01.m2;18134.173828125;71.02313232421875;15458.9833984375;0;61.65716552734375;0;;1.1337890625;156196;m2;203731;0;
..\..\world\lordaeron\plagueland\passivedoodads\bushes\plaguelandwesternbush04.m2;18546.8046875;82.99152374267578;15016.9765625;0;166.28314208984375;0;;1.2568359375;156622;m2;203734;0;
..\..\world\generic\orc\passivedoodads\burntoutposts\burntoutpost04.m2;18425.154296875;63.54648208618164;15438.529296875;0;298.8918762207031;0;;0.9150390625;140075;m2;199147;0;
..\..\world\lordaeron\plagueland\passivedoodads\bushes\plaguelandwesternbush04.m2;18510.21875;59.92815017700195;15157.697265625;0;110.75656127929688;0;;1.169921875;156531;m2;203734;0;
..\..\world\lordaeron\plagueland\passivedoodads\bushes\plaguelandwesternbush04.m2;18533.341796875;59.7598762512207;15135.431640625;0;241.54177856445312;0;;1.1103515625;156534;m2;203734;0;
..\..\world\lordaeron\plagueland\passivedoodads\bushes\plaguelandwesternbush04.m2;18597.96875;70.32664489746094;15052.83984375;0;190.86032104492188;0;;1.2705078125;156619;m2;203734;0;
..\..\world\lordaeron\tirisfalglade\passivedoodads\trees\tirisfalltreestump01.m2;18393.666015625;64.7565689086914;15360.9873046875;0;190.24072265625;0;;0.849609375;141784;m2;204135;0;
..\..\world\lordaeron\plagueland\passivedoodads\bushes\plaguelandwesternbush01.m2;18587.609375;70.37348175048828;14980.884765625;-7.500000953674316;350.24383544921875;-3.500000238418579;;1.2158203125;156625;m2;203731;0;
..\..\world\lordaeron\tirisfalglade\passivedoodads\trees\tirisfalltreestump02.m2;18163.68359375;70.60523223876953;15457.494140625;6.999999523162842;133.13638305664062;-5.499999523162842;;0.9482421875;154174;m2;204136;0;
..\..\world\lordaeron\plagueland\passivedoodads\bushes\plaguelandwesternbush01.m2;18634.9296875;69.17935943603516;14949.4990234375;-2.5;345.98101806640625;-9.000000953674316;;1.193359375;156647;m2;203731;0;
..\..\world\generic\orc\passivedoodads\burntoutposts\burntoutpost04.m2;18432.353515625;63.47522735595703;15438.681640625;0;226.39187622070312;0;;0.9150390625;140076;m2;199147;0;
..\..\world\lordaeron\plagueland\passivedoodads\bushes\plaguelandwesternbush01.m2;18565.580078125;64.96560668945312;15101.4521484375;3.000000476837158;163.4376220703125;-12.500001907348633;;1.1494140625;156542;m2;203731;0;
..\..\world\azeroth\burningsteppes\passivedoodads\trees\burningmidtree01.m2;18466.716796875;67.31867980957031;15423.69921875;0;256;0;;1;140289;m2;189258;0;
..\..\world\azeroth\burningsteppes\passivedoodads\trees\burningmidtree01.m2;18532.501953125;58.99576950073242;15413.974609375;0;13.5;0;;1;146988;m2;189258;0;
..\..\world\lordaeron\plagueland\passivedoodads\bushes\plaguelandwesternbush01.m2;18231.236328125;61.63745880126953;15214.3984375;9;229.50042724609375;-14.5;;0.9892578125;153318;m2;203731;0;
..\..\world\lordaeron\plagueland\passivedoodads\bushes\plaguelandwesternbush04.m2;18142.255859375;66.4609146118164;15258.513671875;0;197.13369750976562;0;;1.158203125;156137;m2;203734;0;
..\..\world\lordaeron\tirisfalglade\passivedoodads\trees\tirisfalltreestump02.m2;18257.99609375;59.10464096069336;15398.2060546875;0;234.13128662109375;0;;1;141077;m2;204136;0;
..\..\world\lordaeron\plagueland\passivedoodads\bushes\plaguelandwesternbush04.m2;18381.099609375;62.60118865966797;15320.0341796875;-2.000000476837158;305.12158203125;-15.000000953674316;;0.9990234375;153365;m2;203734;0;
..\..\world\azeroth\westfall\buildings\shed\westfallshed.m2;18581.599609375;59.62575149536133;15186.478515625;0;47.5;0;;1;142013;m2;190517;0;
..\..\world\azeroth\duskwood\passivedoodads\duskwoodhearse\duskwoodhearse.m2;18321.912109375;60.18400192260742;15300.1455078125;0;44.5;0;;1;141127;m2;189457;0;
..\..\world\lordaeron\tirisfalglade\passivedoodads\trees\tirisfalltreestump02.m2;18635.955078125;66.32123565673828;15423.3759765625;-14;0;12.5;;1.1396484375;140235;m2;204136;0;
..\..\world\lordaeron\plagueland\passivedoodads\bushes\plaguelandwesternbush01.m2;18397.19140625;66.75301361083984;15429.5703125;0;136.14596557617188;0;;1.0244140625;153129;m2;203731;0;
..\..\world\lordaeron\plagueland\passivedoodads\bushes\plaguelandwesternbush04.m2;18563.650390625;67.12316131591797;15079.2998046875;0;8.943145751953125;0;;1.232421875;156541;m2;203734;0;
..\..\world\lordaeron\plagueland\passivedoodads\bushes\plaguelandwesternbush04.m2;18164.28515625;62.01101303100586;15254.6904296875;-1.5;230.0607147216797;0.5000000596046448;;1.0087890625;156135;m2;203734;0;
..\..\world\lordaeron\plagueland\passivedoodads\bushes\plaguelandwesternbush01.m2;18575.501953125;65.80657196044922;15095.6279296875;9.500000953674316;90.17852783203125;1.0000003576278687;;1.3056640625;156544;m2;203731;0;
..\..\world\lordaeron\plagueland\passivedoodads\bushes\plaguelandwesternbush01.m2;18166.70703125;63.24319076538086;15270.2177734375;-2.500000476837158;306.14337158203125;10.5;;0.9775390625;156150;m2;203731;0;
..\..\world\lordaeron\tirisfalglade\passivedoodads\trees\tirisfalltreestump01.m2;18138.107421875;65.7666015625;15317.4853515625;0;319.635009765625;0;;0.6865234375;154439;m2;204135;0;
..\..\world\lordaeron\plagueland\passivedoodads\bushes\plaguelandwesternbush04.m2;18366.34375;60.48528289794922;15279.4560546875;0;332.137451171875;0;;1.0390625;153353;m2;203734;0;
..\..\world\lordaeron\plagueland\passivedoodads\bushes\plaguelandwesternbush01.m2;18374.890625;63.70014953613281;15298.4208984375;0;14.7193603515625;0;;1.1396484375;153350;m2;203731;0;
..\..\world\lordaeron\tirisfalglade\passivedoodads\trees\tirisfalltreestump02.m2;18330.9140625;60.57513427734375;15367.3916015625;0;187.3885498046875;0;;1.1513671875;141120;m2;204136;0;
..\..\world\lordaeron\tirisfalglade\passivedoodads\trees\tirisfalltreestump02.m2;18479.962890625;67.27153778076172;15389.748046875;0;335.5;0;;1;136414;m2;204136;0;
..\..\world\lordaeron\plagueland\passivedoodads\bushes\plaguelandwesternbush04.m2;18180.78125;67.97266387939453;15397.87109375;4;134.33392333984375;-3.500000476837158;;0.970703125;153285;m2;203734;0;
..\..\world\lordaeron\plagueland\passivedoodads\bushes\plaguelandwesternbush01.m2;18432.15625;67.76815795898438;15322.994140625;15.50000286102295;232.28480529785156;0.500000536441803;;0.951171875;153450;m2;203731;0;
..\..\world\lordaeron\plagueland\passivedoodads\bushes\plaguelandwesternbush01.m2;18432.083984375;64.81517791748047;15190.2490234375;-6.999999523162842;62.07464599609375;4.999999523162842;;0.9912109375;153559;m2;203731;0;
..\..\world\lordaeron\tirisfalglade\passivedoodads\trees\tirisfalltreestump02.m2;18665.955078125;61.93751907348633;15315.1396484375;0;194.31011962890625;0;;1.068359375;129452;m2;204136;0;
..\..\world\lordaeron\plagueland\passivedoodads\bushes\plaguelandwesternbush03.m2;18666.01953125;60.35172653198242;15120.7958984375;2.0000011920928955;115.97158813476562;-8.000000953674316;;1.1357421875;156558;m2;203733;0;
..\..\world\lordaeron\plagueland\passivedoodads\bushes\plaguelandwesternbush01.m2;18438.6171875;68.80706787109375;15317.833984375;10.5;206.30755615234375;-0.4999997913837433;;0.98828125;153449;m2;203731;0;
..\..\world\lordaeron\plagueland\passivedoodads\bushes\plaguelandwesternbush03.m2;18491.630859375;66.49700164794922;15462.849609375;0;149.53704833984375;0;;1.1630859375;153107;m2;203733;0;
..\..\world\lordaeron\plagueland\passivedoodads\bushes\plaguelandwesternbush01.m2;18484.193359375;67.20633697509766;15384.591796875;0;323.79339599609375;0;;0.99609375;153068;m2;203731;0;
..\..\world\generic\dwarf\passivedoodads\excavationwaterwagon\excavationwaterwagon.m2;18327.322265625;60.14872360229492;15294.6396484375;0;60.503173828125;0;;1;141788;m2;197394;0;
..\..\world\lordaeron\plagueland\passivedoodads\bushes\plaguelandwesternbush04.m2;18283.896484375;61.58797073364258;15223.7392578125;5.500000476837158;333.78582763671875;-12.5;;0.990234375;153391;m2;203734;0;
..\..\world\lordaeron\plagueland\passivedoodads\bushes\plaguelandwesternbush01.m2;18171.681640625;64.4715347290039;15274.8642578125;13;154.03302001953125;-5.499999523162842;;0.9765625;156149;m2;203731;0;
..\..\world\lordaeron\plagueland\passivedoodads\bushes\plaguelandwesternbush04.m2;18552.25390625;83.65054321289062;15019.4267578125;0;213.64663696289062;0;;0.998046875;156623;m2;203734;0;
..\..\world\lordaeron\plagueland\passivedoodads\bushes\plaguelandwesternbush02.m2;18591.263671875;70.12435913085938;14985.4521484375;8;45.089263916015625;-14.5;;1.443359375;156628;m2;203732;0;
..\..\world\lordaeron\plagueland\passivedoodads\bushes\plaguelandwesternbush01.m2;18154.9140625;67.34949493408203;15362.607421875;0;260.2740478515625;0;;1.1767578125;156179;m2;203731;0;
..\..\world\lordaeron\plagueland\passivedoodads\bushes\plaguelandwesternbush01.m2;18138.314453125;70.95664978027344;15361.7841796875;0;184.68580627441406;0;;1.2548828125;156180;m2;203731;0;
..\..\world\lordaeron\tirisfalglade\passivedoodads\trees\tirisfalltreestump01.m2;18568.7421875;79.61920166015625;15042.41796875;0;258.26348876953125;0;;0.7705078125;136462;m2;204135;0;
..\..\world\generic\orc\passivedoodads\burntoutposts\burntoutpost04.m2;18428.08203125;64.00432586669922;15434.90234375;0;275.8918762207031;0;;0.9150390625;140074;m2;199147;0;
..\..\world\lordaeron\plagueland\passivedoodads\bushes\plaguelandwesternbush04.m2;18618.107421875;59.49655532836914;15110.6884765625;0;358.7804870605469;0;;1.3154296875;156555;m2;203734;0;
..\..\world\lordaeron\plagueland\passivedoodads\bushes\plaguelandwesternbush01.m2;18407.52734375;69.23826599121094;15381.2353515625;0;227.52801513671875;0;;0.9755859375;153435;m2;203731;0;
..\..\world\lordaeron\plagueland\passivedoodads\bushes\plaguelandwesternbush01.m2;18426.0390625;69.64509582519531;15410.6484375;-10.999998092651367;217.7317657470703;-3.9999988079071045;;0.93359375;153120;m2;203731;0;
..\..\world\lordaeron\plagueland\passivedoodads\bushes\plaguelandwesternbush01.m2;18539.267578125;62.12299346923828;15336.552734375;0;138.36602783203125;0;;0.974609375;153537;m2;203731;0;
..\..\world\lordaeron\plagueland\passivedoodads\bushes\plaguelandwesternbush01.m2;18556.318359375;61.83774948120117;15171.8955078125;0;227.32505798339844;0;;0.9736328125;153610;m2;203731;0;
..\..\world\lordaeron\plagueland\passivedoodads\bushes\plaguelandwesternbush04.m2;18341.58203125;68.83116912841797;15408.4521484375;0;219.41464233398438;0;;0.974609375;156266;m2;203734;0;
..\..\world\lordaeron\plagueland\passivedoodads\bushes\plaguelandwesternbush04.m2;18512.67578125;61.44702911376953;15155.4140625;14;357.37420654296875;-6.499999523162842;;1.2080078125;156533;m2;203734;0;
..\..\world\lordaeron\plagueland\passivedoodads\bushes\plaguelandwesternbush03.m2;18144.01953125;67.36404418945312;15445.943359375;5.500000476837158;99.39553833007812;-6.000000476837158;;1.2939453125;156276;m2;203733;0;
..\..\world\lordaeron\plagueland\passivedoodads\bushes\plaguelandwesternbush01.m2;18438.625;69.52973175048828;15328.2578125;0;58.75665283203125;0;;0.9912109375;153451;m2;203731;0;
..\..\world\lordaeron\plagueland\passivedoodads\bushes\plaguelandwesternbush04.m2;18138.34765625;70.47634887695312;15365.8671875;-9.5;224.74317932128906;-5.499999523162842;;0.9228515625;156183;m2;203734;0;
..\..\world\lordaeron\plagueland\passivedoodads\bushes\plaguelandwesternbush01.m2;18426.345703125;70.1310806274414;15408.3828125;-11;216.72291564941406;-4.999998569488525;;0.923828125;153119;m2;203731;0;
..\..\world\lordaeron\plagueland\passivedoodads\bushes\plaguelandwesternbush04.m2;18236.0078125;64.63577270507812;15189.9765625;18;34.12457275390625;-1.0000004768371582;;0.919921875;153319;m2;203734;0;
..\..\world\lordaeron\plagueland\passivedoodads\bushes\plaguelandwesternbush04.m2;18224.955078125;62.39783477783203;15444.400390625;0;218.49481201171875;0;;0.9658203125;156268;m2;203734;0;
..\..\world\lordaeron\plagueland\passivedoodads\bushes\plaguelandwesternbush04.m2;18244.865234375;61.15837478637695;15232.3798828125;-3.999999523162842;117.26068115234375;-14.500003814697266;;0.9619140625;153314;m2;203734;0;
..\..\world\lordaeron\plagueland\passivedoodads\bushes\plaguelandwesternbush01.m2;18437.68359375;61.5069580078125;15144.431640625;0;235.59800720214844;0;;0.9716796875;153631;m2;203731;0;
..\..\world\lordaeron\tirisfalglade\passivedoodads\trees\tirisfalltreestump01.m2;18626.8671875;69.33194732666016;14945.619140625;0;0;0;;0.869140625;129383;m2;204135;0;
..\..\world\lordaeron\plagueland\passivedoodads\haystacks\plaguelandhaystack.m2;18627.43359375;59.15964126586914;15172.9833984375;0;342.5;0;;1.1796875;170617;m2;203748;0;
..\..\world\lordaeron\plagueland\passivedoodads\bushes\plaguelandwesternbush04.m2;18263.923828125;64.3884506225586;15421.169921875;-5.000000476837158;141.10171508789062;-7.000000953674316;;0.9267578125;153264;m2;203734;0;
..\..\world\lordaeron\plagueland\passivedoodads\bushes\plaguelandwesternbush01.m2;18555.880859375;66.5258560180664;15379.2958984375;0;35.8275146484375;0;;0.9638671875;153087;m2;203731;0;
..\..\world\lordaeron\plagueland\passivedoodads\bushes\plaguelandwesternbush04.m2;18250.5546875;66.66504669189453;15161.6572265625;0;57.50421142578125;0;;0.9716796875;153323;m2;203734;0;
..\..\world\lordaeron\plagueland\passivedoodads\bushes\plaguelandwesternbush04.m2;18376.220703125;60.76870346069336;15150.3896484375;0;308.6703186035156;0;;0.9580078125;153505;m2;203734;0;
..\..\world\lordaeron\plagueland\passivedoodads\bushes\plaguelandwesternbush01.m2;18435.87109375;66.04230499267578;15271.4365234375;0;163.82940673828125;0;;1.072265625;153484;m2;203731;0;
..\..\world\lordaeron\plagueland\passivedoodads\bushes\plaguelandwesternbush01.m2;18405.453125;66.25367736816406;15435.271484375;5.500000476837158;302.22113037109375;-10.5;;0.9326171875;153132;m2;203731;0;
..\..\world\lordaeron\plagueland\passivedoodads\bushes\plaguelandwesternbush01.m2;18551.263671875;61.7457160949707;15164.2421875;0;51.033050537109375;0;;0.955078125;153608;m2;203731;0;
..\..\world\lordaeron\plagueland\passivedoodads\bushes\plaguelandwesternbush04.m2;18500.080078125;59.53843307495117;15169.6015625;0;175.43505859375;0;;1.2158203125;156530;m2;203734;0;
..\..\world\lordaeron\plagueland\passivedoodads\bushes\plaguelandwesternbush01.m2;18476.2109375;63.66025924682617;15201.513671875;8.537736562175269e-7;118.17257690429688;-10.500001907348633;;0.955078125;153637;m2;203731;0;
..\..\world\lordaeron\tirisfalglade\passivedoodads\trees\tirisfalltreestump01.m2;18560.013671875;63.17679977416992;15434.2373046875;0;0;0;;0.859375;136286;m2;204135;0;
..\..\world\lordaeron\plagueland\passivedoodads\bushes\plaguelandwesternbush01.m2;18438.78125;66.0792236328125;15274.419921875;0;313.2407531738281;0;;0.9462890625;153483;m2;203731;0;
..\..\world\lordaeron\plagueland\passivedoodads\bushes\plaguelandwesternbush01.m2;18505.912109375;62.2340087890625;15235.904296875;0;60.7672119140625;0;;0.9755859375;153531;m2;203731;0;
..\..\world\lordaeron\plagueland\passivedoodads\bushes\plaguelandwesternbush04.m2;18390.751953125;59.55290603637695;15263.2333984375;0;46.3936767578125;0;;0.9462890625;153373;m2;203734;0;
..\..\world\lordaeron\plagueland\passivedoodads\bushes\plaguelandwesternbush01.m2;18583.44140625;67.31558990478516;14938.5615234375;6.5;46.41864013671875;-9.5;;0.900390625;156629;m2;203731;0;
..\..\world\azeroth\duskwood\passivedoodads\ruins\duskwoodruins03.m2;18325.181640625;55.91144561767578;15339.1708984375;0;42;0;;1;139174;m2;189508;0;
..\..\world\lordaeron\tirisfalglade\passivedoodads\trees\tirisfalltreestump01.m2;18191.416015625;60.51555633544922;15287.37109375;0;96.473876953125;0;;0.783203125;154450;m2;204135;0;
..\..\world\lordaeron\plagueland\passivedoodads\bushes\plaguelandwesternbush04.m2;18616.951171875;60.58108139038086;15134.916015625;0;214.85519409179688;0;;0.9521484375;156556;m2;203734;0;
..\..\world\lordaeron\plagueland\passivedoodads\bushes\plaguelandwesternbush01.m2;18202.09765625;63.29347229003906;15233.482421875;-10;221.15054321289062;0.5000001192092896;;0.908203125;153401;m2;203731;0;
..\..\world\lordaeron\plagueland\passivedoodads\bushes\plaguelandwesternbush04.m2;18235.08203125;60.78407669067383;15221.0615234375;-15.499998092651367;170.358154296875;-1;;1.04296875;153316;m2;203734;0;
..\..\world\lordaeron\plagueland\passivedoodads\bushes\plaguelandwesternbush01.m2;18357.849609375;63.87636184692383;15216.802734375;-12;325.2052001953125;4;;0.9013671875;153385;m2;203731;0;
..\..\world\lordaeron\plagueland\passivedoodads\bushes\plaguelandwesternbush01.m2;18481.8671875;64.2942886352539;15202.552734375;-15.499999046325684;21.89642333984375;-7.500000476837158;;0.9501953125;153638;m2;203731;0;
..\..\world\lordaeron\plagueland\passivedoodads\bushes\plaguelandwesternbush01.m2;18627.970703125;66.14625549316406;15373.806640625;0;293.46026611328125;0;;0.9951171875;153020;m2;203731;0;
..\..\world\lordaeron\plagueland\passivedoodads\bushes\plaguelandwesternbush04.m2;18444.751953125;60.61202621459961;15134.96484375;0;136.28955078125;0;;0.9296875;153628;m2;203734;0;
..\..\world\lordaeron\plagueland\passivedoodads\bushes\plaguelandwesternbush04.m2;18460.173828125;61.27287673950195;15092.130859375;0;228.46766662597656;0;;0.9296875;153574;m2;203734;0;
..\..\world\lordaeron\plagueland\passivedoodads\bushes\plaguelandwesternbush01.m2;18373.87890625;61.59278106689453;15329.8203125;0;27.049163818359375;0;;0.966796875;153367;m2;203731;0;
..\..\world\lordaeron\plagueland\passivedoodads\bushes\plaguelandwesternbush01.m2;18595.009765625;61.42641067504883;15424.009765625;2.500000238418579;127.895751953125;-3.000000238418579;;0.9189453125;153031;m2;203731;0;
..\..\world\lordaeron\plagueland\passivedoodads\bushes\plaguelandwesternbush01.m2;18444.705078125;64.6126480102539;15185.150390625;8;127.807861328125;-3.500000476837158;;0.904296875;153565;m2;203731;0;
..\..\world\lordaeron\plagueland\passivedoodads\bushes\plaguelandwesternbush04.m2;18463.08203125;61.40169906616211;15118.490234375;0;334.02752685546875;0;;0.970703125;153576;m2;203734;0;
..\..\world\lordaeron\plagueland\passivedoodads\bushes\plaguelandwesternbush01.m2;18134.29296875;70.72024536132812;15364.5634765625;-6.5;162.8004150390625;0.5000001788139343;;0.9921875;156182;m2;203731;0;
..\..\world\lordaeron\plagueland\passivedoodads\bushes\plaguelandwesternbush04.m2;18262.689453125;64.7786636352539;15441.587890625;4.5;39.112518310546875;-7.500000476837158;;0.89453125;153261;m2;203734;0;
..\..\world\lordaeron\plagueland\passivedoodads\bushes\plaguelandwesternbush04.m2;18599.287109375;69.50890350341797;15322.6240234375;6.000000476837158;197.6940155029297;3;;0.98828125;153554;m2;203734;0;
..\..\world\lordaeron\plagueland\passivedoodads\bushes\plaguelandwesternbush02.m2;18576.505859375;66.1295394897461;14953.427734375;-11.5;148.82534790039062;13.5;;1.4140625;156632;m2;203732;0;
..\..\world\lordaeron\plagueland\passivedoodads\bushes\plaguelandwesternbush01.m2;18666.30859375;66.25330352783203;15350.837890625;20.5;149.34646606445312;-9.5;;0.8935546875;153009;m2;203731;0;
..\..\world\lordaeron\plagueland\passivedoodads\bushes\plaguelandwesternbush04.m2;18260.462890625;65.2057113647461;15448.009765625;8.000000953674316;21.76458740234375;-10.000000953674316;;0.9560546875;153260;m2;203734;0;
..\..\world\lordaeron\plagueland\passivedoodads\bushes\plaguelandwesternbush04.m2;18444.69140625;61.67740249633789;15146.2529296875;0;209.81231689453125;0;;0.9462890625;153629;m2;203734;0;
..\..\world\lordaeron\plagueland\passivedoodads\bushes\plaguelandwesternbush04.m2;18570.08203125;64.06240844726562;15353.7197265625;14.000000953674316;248.22166442871094;3;;0.92578125;153037;m2;203734;0;
..\..\world\lordaeron\plagueland\passivedoodads\bushes\plaguelandwesternbush04.m2;18347.232421875;60.71944046020508;15174.353515625;0;312.33984375;0;;0.9150390625;153513;m2;203734;0;
..\..\world\azeroth\duskwood\passivedoodads\duskwoodhaywagon\duskwoodhaywagon.m2;18196.970703125;61.9732666015625;15308.76171875;0;119.75338745117188;0;;1;141829;m2;189455;0;
..\..\world\lordaeron\plagueland\passivedoodads\bushes\plaguelandwesternbush01.m2;18550.376953125;65.8983154296875;15376.103515625;-0.49999988079071045;236.1363525390625;-3.500000238418579;;0.916015625;153085;m2;203731;0;
..\..\world\lordaeron\plagueland\passivedoodads\bushes\plaguelandwesternbush01.m2;18195;62.84695816040039;15411.1728515625;-4.000000476837158;198.3642120361328;2.500000476837158;;0.9833984375;153292;m2;203731;0;
..\..\world\lordaeron\plagueland\passivedoodads\bushes\plaguelandwesternbush01.m2;18579.357421875;63.01949691772461;15303.935546875;0;289.487548828125;0;;0.994140625;153553;m2;203731;0;
..\..\world\lordaeron\plagueland\passivedoodads\bushes\plaguelandwesternbush04.m2;18293.818359375;61.0867805480957;15221.654296875;0;31.53173828125;0;;0.9287109375;153390;m2;203734;0;
..\..\world\lordaeron\plagueland\passivedoodads\bushes\plaguelandwesternbush01.m2;18410.404296875;67.26140594482422;15429.2109375;9.5;317.1300048828125;-10.500000953674316;;0.861328125;153131;m2;203731;0;
..\..\world\lordaeron\plagueland\passivedoodads\bushes\plaguelandwesternbush01.m2;18254.455078125;65.3273696899414;15447.3828125;-8.499999046325684;74.94003295898438;4.999999523162842;;0.9833984375;153257;m2;203731;0;
..\..\world\lordaeron\plagueland\passivedoodads\bushes\plaguelandwesternbush04.m2;18424.8046875;60.09480667114258;15127.2490234375;0;30.12542724609375;0;;0.9306640625;153569;m2;203734;0;
..\..\world\lordaeron\plagueland\passivedoodads\bushes\plaguelandwesternbush01.m2;18515.501953125;63.56596755981445;15286.4892578125;11.000000953674316;109.62493896484375;-0.9999997615814209;;0.935546875;153621;m2;203731;0;
..\..\world\lordaeron\plagueland\passivedoodads\bushes\plaguelandwesternbush01.m2;18543.46484375;61.17611312866211;15274.541015625;0;61.34954833984375;0;;0.9345703125;153616;m2;203731;0;
..\..\world\lordaeron\plagueland\passivedoodads\bushes\plaguelandwesternbush04.m2;18439.59375;60.24434280395508;15135.287109375;0;156.7576904296875;0;;0.9619140625;153626;m2;203734;0;
..\..\world\lordaeron\plagueland\passivedoodads\bushes\plaguelandwesternbush01.m2;18350.736328125;63.5817756652832;15229.404296875;14.000000953674316;312.18603515625;-5.000000476837158;;0.857421875;153380;m2;203731;0;
..\..\world\lordaeron\plagueland\passivedoodads\bushes\plaguelandwesternbush04.m2;18233.193359375;62.86731719970703;15211.80859375;23;327.13885498046875;4;;0.8564453125;153317;m2;203734;0;
..\..\world\lordaeron\plagueland\passivedoodads\bushes\plaguelandwesternbush01.m2;18347.330078125;63.95417022705078;15221.0390625;-6.000000476837158;15.9306640625;15.500000953674316;;0.96875;153381;m2;203731;0;
..\..\world\lordaeron\plagueland\passivedoodads\bushes\plaguelandwesternbush01.m2;18637.630859375;69.07266235351562;15425.55859375;18.999998092651367;167.480712890625;-3.000000238418579;;0.9716796875;153027;m2;203731;0;
..\..\world\lordaeron\plagueland\passivedoodads\bushes\plaguelandwesternbush04.m2;18342.6171875;70.18923950195312;15434.505859375;0;69.27090454101562;0;;0.9716796875;153198;m2;203734;0;
..\..\world\lordaeron\plagueland\passivedoodads\bushes\plaguelandwesternbush04.m2;18436.45703125;68.20114135742188;15316.009765625;0;40.101318359375;0;;0.8984375;153448;m2;203734;0;
..\..\world\lordaeron\plagueland\passivedoodads\bushes\plaguelandwesternbush04.m2;18424.98046875;60.79222869873047;15155.0771484375;0;133.85552978515625;0;;0.8955078125;153516;m2;203734;0;
..\..\world\lordaeron\plagueland\passivedoodads\bushes\plaguelandwesternbush01.m2;18595.943359375;61.26000213623047;15430.505859375;0;200.82522583007812;0;;0.9677734375;153032;m2;203731;0;
..\..\world\lordaeron\plagueland\passivedoodads\bushes\plaguelandwesternbush01.m2;18366.392578125;61.73790740966797;15220.04296875;-23.000003814697266;258.70294189453125;4.5;;0.982421875;153387;m2;203731;0;
..\..\world\lordaeron\plagueland\passivedoodads\bushes\plaguelandwesternbush01.m2;18562.732421875;63.94873809814453;15444.9111328125;13.499999046325684;17.88629150390625;-5.5;;0.9248046875;153048;m2;203731;0;
..\..\world\lordaeron\plagueland\passivedoodads\bushes\plaguelandwesternbush01.m2;18350.48046875;63.21091079711914;15320.287109375;1.0000001192092896;32.762237548828125;9.999999046325684;;0.87890625;153347;m2;203731;0;
..\..\world\lordaeron\plagueland\passivedoodads\bushes\plaguelandwesternbush04.m2;18289.51953125;60.50418472290039;15209.8984375;0;37.42059326171875;0;;0.89453125;153395;m2;203734;0;
..\..\world\lordaeron\tirisfalglade\passivedoodads\trees\tirisfalltreestump02.m2;18601.865234375;61.99847412109375;15116.169921875;1.9999991655349731;113.41533660888672;8.000000953674316;;0.841796875;136429;m2;204136;0;
..\..\world\lordaeron\plagueland\passivedoodads\bushes\plaguelandwesternbush04.m2;18602.767578125;69.76187896728516;15327.6923828125;0;106.95516967773438;0;;0.9912109375;153556;m2;203734;0;
..\..\world\lordaeron\plagueland\passivedoodads\bushes\plaguelandwesternbush04.m2;18642.451171875;67.865966796875;15369.482421875;0;142.79367065429688;0;;0.8935546875;153023;m2;203734;0;
..\..\world\lordaeron\plagueland\passivedoodads\bushes\plaguelandwesternbush01.m2;18452.689453125;69.94586944580078;15340.2080078125;0;290.02593994140625;0;;0.9658203125;153466;m2;203731;0;
..\..\world\lordaeron\plagueland\passivedoodads\bushes\plaguelandwesternbush01.m2;18371.0859375;63.30303192138672;15297.0546875;-11.500000953674316;53.95550537109375;-13.5;;0.84765625;153349;m2;203731;0;
..\..\world\lordaeron\plagueland\passivedoodads\bushes\plaguelandwesternbush01.m2;18610.708984375;68.7071762084961;15050.728515625;4.499999523162842;154.68121337890625;21.999996185302734;;0.8818359375;156617;m2;203731;0;
..\..\world\lordaeron\plagueland\passivedoodads\bushes\plaguelandwesternbush03.m2;18140.75;66.79405975341797;15443.833984375;0;255.87940979003906;0;;1.171875;156275;m2;203733;0;
..\..\world\lordaeron\plagueland\passivedoodads\bushes\plaguelandwesternbush04.m2;18312.87109375;60.51823043823242;15263.0361328125;0;124.42548370361328;0;;0.89453125;153334;m2;203734;0;
..\..\world\lordaeron\plagueland\passivedoodads\bushes\plaguelandwesternbush04.m2;18412.5546875;69.39662170410156;15375.0615234375;0;330.02838134765625;0;;0.908203125;153438;m2;203734;0;
..\..\world\lordaeron\plagueland\passivedoodads\bushes\plaguelandwesternbush04.m2;18380.498046875;64.92498016357422;15136.119140625;2.0000011920928955;231.31321716308594;-34.5;;0.83984375;153587;m2;203734;0;
..\..\world\lordaeron\plagueland\passivedoodads\bushes\plaguelandwesternbush01.m2;18379.544921875;63.72389221191406;15313.373046875;0;227.37998962402344;0;;0.8828125;153366;m2;203731;0;
..\..\world\lordaeron\plagueland\passivedoodads\bushes\plaguelandwesternbush04.m2;18367.705078125;60.36786651611328;15191.2021484375;0;111.9541015625;0;;0.947265625;153517;m2;203734;0;
..\..\world\lordaeron\plagueland\passivedoodads\bushes\plaguelandwesternbush02.m2;18131.970703125;65.83688354492188;15244.8154296875;-0.5;26.08233642578125;-2;;1.4931640625;156152;m2;203732;0;
..\..\world\lordaeron\plagueland\passivedoodads\bushes\plaguelandwesternbush04.m2;18375.41015625;62.19565963745117;15162.63671875;0;229.74989318847656;0;;0.8818359375;153503;m2;203734;0;
..\..\world\lordaeron\plagueland\passivedoodads\bushes\plaguelandwesternbush01.m2;18165.7734375;66.1822280883789;15286.9677734375;-14.000000953674316;61.49237060546875;3;;0.8603515625;156144;m2;203731;0;
..\..\world\lordaeron\plagueland\passivedoodads\bushes\plaguelandwesternbush01.m2;18479.544921875;65.30248260498047;15210.025390625;0;155.8458251953125;0;;0.931640625;153639;m2;203731;0;
..\..\world\lordaeron\plagueland\passivedoodads\bushes\plaguelandwesternbush04.m2;18437.486328125;59.0742073059082;15103.896484375;0;326.9411315917969;0;;0.89453125;153572;m2;203734;0;
..\..\world\lordaeron\tirisfalglade\passivedoodads\trees\tirisfalltreestump02.m2;18438.955078125;68.93414306640625;15325.4296875;8.000003814697266;248.30953979492188;2.5000007152557373;;0.8505859375;136454;m2;204136;0;
..\..\world\lordaeron\plagueland\passivedoodads\bushes\plaguelandwesternbush02.m2;18565.314453125;62.74391555786133;15132.7080078125;-7;203.3631591796875;0;;1.4853515625;156547;m2;203732;0;
..\..\world\lordaeron\plagueland\passivedoodads\bushes\plaguelandwesternbush04.m2;18493.93359375;65.982666015625;15384.873046875;0;216.195556640625;0;;0.8818359375;153070;m2;203734;0;
..\..\world\lordaeron\plagueland\passivedoodads\bushes\plaguelandwesternbush03.m2;18569.251953125;65.84190368652344;15100.71484375;0;49;0;;1;156539;m2;203733;0;
..\..\world\lordaeron\plagueland\passivedoodads\bushes\plaguelandwesternbush04.m2;18404.537109375;68.76810455322266;15378.1328125;0;128.84060668945312;0;;0.876953125;153434;m2;203734;0;
..\..\world\lordaeron\plagueland\passivedoodads\bushes\plaguelandwesternbush01.m2;18409.578125;68.05414581298828;15424.755859375;0;227.56674194335938;0;;0.873046875;153130;m2;203731;0;
..\..\world\lordaeron\plagueland\passivedoodads\bushes\plaguelandwesternbush04.m2;18554.107421875;64.7399673461914;15440.85546875;-8;68.68862915039062;10;;0.900390625;153051;m2;203734;0;
..\..\world\lordaeron\plagueland\passivedoodads\bushes\plaguelandwesternbush04.m2;18305.728515625;59.83658218383789;15256.6884765625;0;52.0438232421875;0;;0.876953125;153333;m2;203734;0;
..\..\world\lordaeron\tirisfalglade\passivedoodads\trees\tirisfalltreestump01.m2;18138.822265625;66.11349487304688;15258.83984375;0;166.07440185546875;0;;0.6708984375;154443;m2;204135;0;
..\..\world\lordaeron\plagueland\passivedoodads\haystacks\plaguelandhaystack.m2;18185.625;62.43678283691406;15325.416015625;0;335;0;;1.01953125;142522;m2;203748;0;
..\..\world\lordaeron\plagueland\passivedoodads\bushes\plaguelandwesternbush01.m2;18594.181640625;60.83319854736328;15432.5615234375;0;62.674041748046875;0;;0.8974609375;153033;m2;203731;0;
..\..\world\lordaeron\plagueland\passivedoodads\bushes\plaguelandwesternbush04.m2;18519.919921875;60.60675811767578;15325.2177734375;0;208.31813049316406;0;;0.8935546875;153535;m2;203734;0;
..\..\world\lordaeron\plagueland\passivedoodads\bushes\plaguelandwesternbush04.m2;18239.43359375;61.11640930175781;15219.5703125;16.5;7.83349609375;4;;0.98828125;153315;m2;203734;0;
..\..\world\lordaeron\plagueland\passivedoodads\bushes\plaguelandwesternbush04.m2;18498.408203125;63.98524475097656;15380.1416015625;0;340.3338623046875;0;;0.9404296875;153071;m2;203734;0;
..\..\world\lordaeron\plagueland\passivedoodads\bushes\plaguelandwesternbush04.m2;18408.861328125;65.53044128417969;15094.208984375;0;47.451416015625;0;;0.861328125;153580;m2;203734;0;
..\..\world\lordaeron\plagueland\passivedoodads\bushes\plaguelandwesternbush02.m2;18137.080078125;68.83235931396484;15398.3486328125;0;335.7744140625;0;;1.4951171875;156187;m2;203732;0;
..\..\world\lordaeron\plagueland\passivedoodads\bushes\plaguelandwesternbush01.m2;18343.72265625;62.75578689575195;15316.2041015625;8.5;211.53721618652344;-9;;0.8427734375;153342;m2;203731;0;
..\..\world\lordaeron\plagueland\passivedoodads\bushes\plaguelandwesternbush01.m2;18176.541015625;68.38207244873047;15392.818359375;-1.0000015497207642;316.8224182128906;28.5;;0.8076171875;153290;m2;203731;0;
..\..\world\lordaeron\plagueland\passivedoodads\bushes\plaguelandwesternbush04.m2;18348.775390625;64.06156158447266;15227.1435546875;16.5;306.8465270996094;-4.499999523162842;;0.8193359375;153379;m2;203734;0;
..\..\world\lordaeron\plagueland\passivedoodads\haystacks\plaguelandhaystack.m2;18582.75390625;59.92889404296875;15178.119140625;0;288;0;;1.0498046875;142012;m2;203748;0;
..\..\world\lordaeron\plagueland\passivedoodads\bushes\plaguelandwesternbush01.m2;18486.962890625;65.37109375;15214.4404296875;6.499999523162842;62.73382568359375;5.999999523162842;;0.8671875;153643;m2;203731;0;
..\..\world\lordaeron\plagueland\passivedoodads\bushes\plaguelandwesternbush01.m2;18540.12890625;63.37037658691406;15342.3955078125;-8;237.01528930664062;18.999998092651367;;0.826171875;153539;m2;203731;0;
..\..\world\azeroth\duskwood\passivedoodads\ruins\duskwoodruinsbeam.m2;18233.78515625;59.54231262207031;15251.7080078125;-9.500000953674316;191.5;-19.5;;1;141132;m2;189510;0;
..\..\world\azeroth\duskwood\passivedoodads\ruins\duskwoodruinsbeam.m2;18626.94921875;59.62858963012695;15123.8154296875;-9.500000953674316;189;-19.5;;1;142129;m2;189510;0;
..\..\world\lordaeron\plagueland\passivedoodads\bushes\plaguelandwesternbush02.m2;18166.37890625;65.828857421875;15289.978515625;-1.4999992847442627;58.44903564453125;15.999998092651367;;1.28125;156146;m2;203732;0;
..\..\world\lordaeron\plagueland\passivedoodads\haystacks\plaguelandhaystack.m2;18224.625;59.57547378540039;15322.6748046875;0;335.7744140625;0;;1;170151;m2;203748;0;
..\..\world\lordaeron\tirisfalglade\passivedoodads\trees\tirisfalltreestump02.m2;18291.798828125;69.31656646728516;15455.4208984375;-0.5;0;6.499999523162842;;1;154542;m2;204136;0;
..\..\world\azeroth\duskwood\passivedoodads\ruins\duskwoodruinsbeam.m2;18495.529296875;64.77814483642578;15469.4296875;3;355;-13.500000953674316;;1;140162;m2;189510;0;
..\..\world\lordaeron\plagueland\passivedoodads\bushes\plaguelandwesternbush01.m2;18477.4375;63.24380111694336;15223.0498046875;14.500001907348633;14.32659912109375;6;;0.9140625;153642;m2;203731;0;
..\..\world\azeroth\duskwood\passivedoodads\ruins\duskwoodruinsbeam.m2;18314.33984375;60.238525390625;15338.51171875;12.000000953674316;14.5;-9.5;;1;139177;m2;189510;0;
..\..\world\lordaeron\plagueland\passivedoodads\bushes\plaguelandwesternbush04.m2;18392.501953125;70.0844497680664;15113.896484375;0;197.07876586914062;0;;0.9443359375;153585;m2;203734;0;
..\..\world\lordaeron\plagueland\passivedoodads\bushes\plaguelandwesternbush04.m2;18640.197265625;69.2707290649414;15428.8779296875;9;220.3704833984375;6;;0.8076171875;153026;m2;203734;0;
..\..\world\lordaeron\plagueland\passivedoodads\bushes\plaguelandwesternbush04.m2;18423.771484375;62.84904098510742;15255.0859375;-10;47.72607421875;-9.000000953674316;;0.8037109375;153474;m2;203734;0;
..\..\world\azeroth\duskwood\passivedoodads\ruins\duskwoodruinsbeam.m2;18497.21875;65.49927520751953;15454.4765625;6.499999046325684;0;3;;1;140163;m2;189510;0;
..\..\world\lordaeron\plagueland\passivedoodads\bushes\plaguelandwesternbush04.m2;18250.15625;62.06232452392578;15237.7666015625;3.999999523162842;46.34173583984375;-9.000000953674316;;0.8095703125;153310;m2;203734;0;
..\..\world\lordaeron\plagueland\passivedoodads\bushes\plaguelandwesternbush01.m2;18176.33984375;67.3393783569336;15405.5390625;14.499998092651367;324.4031982421875;7.000000953674316;;0.814453125;153291;m2;203731;0;
..\..\world\lordaeron\plagueland\passivedoodads\bushes\plaguelandwesternbush01.m2;18426.810546875;63.6209716796875;15264.7021484375;11.000000953674316;304.9128723144531;10.999999046325684;;0.8095703125;153471;m2;203731;0;
..\..\world\lordaeron\plagueland\passivedoodads\bushes\plaguelandwesternbush03.m2;18161.205078125;62.95271301269531;15418.6142578125;0;126.10491943359375;0;;0.9736328125;156274;m2;203733;0;
..\..\world\lordaeron\plagueland\passivedoodads\bushes\plaguelandwesternbush04.m2;18396.201171875;66.75050354003906;15361.0048828125;0;33.71807861328125;0;;0.85546875;153590;m2;203734;0;
..\..\world\lordaeron\plagueland\passivedoodads\bushes\plaguelandwesternbush04.m2;18156.345703125;66.28333282470703;15323.3134765625;4.000000476837158;289.0151672363281;-2;;0.90625;156132;m2;203734;0;
..\..\world\lordaeron\plagueland\passivedoodads\bushes\plaguelandwesternbush04.m2;18223.595703125;63.32324981689453;15447.8154296875;0;164.1134033203125;0;;0.9482421875;156269;m2;203734;0;
..\..\world\lordaeron\plagueland\passivedoodads\bushes\plaguelandwesternbush01.m2;18381.064453125;61.33769989013672;15328.60546875;-1.0000001192092896;264.74566650390625;-3.000000238418579;;1.0625;153358;m2;203731;0;
..\..\world\lordaeron\plagueland\passivedoodads\bushes\plaguelandwesternbush03.m2;18142.05078125;60.91860580444336;15194.1416015625;14.5;15.5;-4.500000476837158;;1;156172;m2;203733;0;
..\..\world\lordaeron\plagueland\passivedoodads\bushes\plaguelandwesternbush01.m2;18630.54296875;68.87649536132812;15367.294921875;0;319.635009765625;0;;0.8427734375;153018;m2;203731;0;
..\..\world\lordaeron\plagueland\passivedoodads\haystacks\plaguelandhaystack.m2;18190.55078125;62.3408088684082;15311.2822265625;0;337.5;0;;1;142518;m2;203748;0;
..\..\world\azeroth\duskwood\passivedoodads\ruins\duskwoodruinsbeam.m2;18630.55078125;60.00080108642578;15121.7861328125;-7.499999523162842;292;-22.999998092651367;;1;142130;m2;189510;0;
..\..\world\lordaeron\plagueland\passivedoodads\bushes\plaguelandwesternbush01.m2;18480.203125;64.33365631103516;15219.7802734375;-0.5000000596046448;242.15704345703125;-0.9999998807907104;;0.87109375;153641;m2;203731;0;
..\..\world\lordaeron\plagueland\passivedoodads\bushes\plaguelandwesternbush04.m2;18544.763671875;65.6727066040039;15384.73046875;-5.500000953674316;118.51312255859375;-8.499999046325684;;0.8310546875;153084;m2;203734;0;
..\..\world\lordaeron\plagueland\passivedoodads\bushes\plaguelandwesternbush04.m2;18467.09375;60.85762023925781;15101.9833984375;0;252.6383056640625;0;;0.927734375;153573;m2;203734;0;
..\..\world\lordaeron\plagueland\passivedoodads\bushes\plaguelandwesternbush04.m2;18258.642578125;65.15650177001953;15450.748046875;0.5;164.5142822265625;-0.5;;0.9384765625;153259;m2;203734;0;
..\..\world\azeroth\duskwood\passivedoodads\ruins\duskwoodruinsbeam.m2;18237.298828125;59.94914627075195;15249.521484375;-7.500000953674316;294.5;-23.000001907348633;;1;141133;m2;189510;0;
..\..\world\lordaeron\plagueland\passivedoodads\bushes\plaguelandwesternbush01.m2;18340.798828125;61.84014129638672;15218.7041015625;-7.500000476837158;152.868408203125;-10.5;;0.833984375;153382;m2;203731;0;
..\..\world\lordaeron\plagueland\passivedoodads\bushes\plaguelandwesternbush04.m2;18478.240234375;59.51935577392578;15245.37109375;0;326.19403076171875;0;;0.84375;153521;m2;203734;0;
..\..\world\lordaeron\plagueland\passivedoodads\bushes\plaguelandwesternbush01.m2;18480.353515625;65.36823272705078;15212.552734375;0;292.3331298828125;0;;0.8916015625;153640;m2;203731;0;
..\..\world\lordaeron\plagueland\passivedoodads\bushes\plaguelandwesternbush04.m2;18347.48046875;62.70147705078125;15157.7392578125;0;202.4979248046875;0;;0.8896484375;153507;m2;203734;0;
..\..\world\lordaeron\plagueland\passivedoodads\bushes\plaguelandwesternbush04.m2;18587.0703125;60.16115188598633;15276.1103515625;0;342.44329833984375;0;;0.9228515625;153558;m2;203734;0;
..\..\world\lordaeron\plagueland\passivedoodads\bushes\plaguelandwesternbush03.m2;18592.328125;69.53743743896484;15350.216796875;-15.000000953674316;55.80267333984375;-4.500000953674316;;0.9033203125;153039;m2;203733;0;
..\..\world\lordaeron\plagueland\passivedoodads\bushes\plaguelandwesternbush04.m2;18566.732421875;63.50165557861328;15438.8173828125;0.49999988079071045;204.94522094726562;16;;0.837890625;153047;m2;203734;0;
..\..\world\lordaeron\plagueland\passivedoodads\bushes\plaguelandwesternbush04.m2;18345.33984375;70.28005981445312;15431.537109375;-11;233.25784301757812;-6.499999523162842;;0.8017578125;153197;m2;203734;0;
..\..\world\lordaeron\plagueland\passivedoodads\bushes\plaguelandwesternbush01.m2;18340.31640625;66.26329040527344;15469.4072265625;11.000000953674316;274.6885681152344;-5.500000476837158;;0.9814453125;153202;m2;203731;0;
..\..\world\lordaeron\plagueland\passivedoodads\bushes\plaguelandwesternbush03.m2;18452.919921875;62.30856704711914;15143.3671875;-0.49999967217445374;244.24452209472656;-5.499999523162842;;0.9658203125;153635;m2;203733;0;
..\..\world\lordaeron\plagueland\passivedoodads\bushes\plaguelandwesternbush04.m2;18316.4375;71.1646499633789;15449.021484375;0;289.79522705078125;0;;0.90234375;153233;m2;203734;0;
..\..\world\lordaeron\plagueland\passivedoodads\bushes\plaguelandwesternbush04.m2;18458.078125;70.3114242553711;15341.91796875;0;63.118377685546875;0;;0.861328125;153464;m2;203734;0;
..\..\world\lordaeron\plagueland\passivedoodads\bushes\plaguelandwesternbush04.m2;18350.384765625;62.36543273925781;15158.7978515625;0;128.313232421875;0;;0.8291015625;153508;m2;203734;0;
..\..\world\lordaeron\plagueland\passivedoodads\bushes\plaguelandwesternbush01.m2;18348.875;64.80149841308594;15375.0009765625;-5.000000476837158;337.65313720703125;2.500000238418579;;0.857421875;153426;m2;203731;0;
..\..\world\lordaeron\plagueland\passivedoodads\bushes\plaguelandwesternbush01.m2;18575.810546875;67.40507507324219;15322.15234375;0;21.45697021484375;0;;0.888671875;153619;m2;203731;0;
..\..\world\lordaeron\plagueland\passivedoodads\bushes\plaguelandwesternbush03.m2;18332.740234375;60.66287612915039;15273.603515625;-14.5;325.4579162597656;-5.499999523162842;;0.8916015625;153356;m2;203733;0;
..\..\world\lordaeron\plagueland\passivedoodads\bushes\plaguelandwesternbush01.m2;18363.064453125;62.82390594482422;15219.5078125;-14.500001907348633;294.05804443359375;-6.000000953674316;;0.8251953125;153386;m2;203731;0;
..\..\world\lordaeron\plagueland\passivedoodads\bushes\plaguelandwesternbush01.m2;18644.353515625;61.52145767211914;15416.7734375;0.49999967217445374;219.24984741210938;22.500001907348633;;0.78125;153030;m2;203731;0;
..\..\world\lordaeron\plagueland\passivedoodads\bushes\plaguelandwesternbush03.m2;18257.556640625;60.09722137451172;15394.615234375;-8.5;160.833740234375;-9.5;;0.96875;153266;m2;203733;0;
..\..\world\lordaeron\plagueland\passivedoodads\bushes\plaguelandwesternbush04.m2;18391.45703125;60.25197219848633;15327.4921875;0;195.24398803710938;0;;0.9326171875;153364;m2;203734;0;
..\..\world\lordaeron\plagueland\passivedoodads\bushes\plaguelandwesternbush01.m2;18364.6171875;62.50042724609375;15292.9580078125;0;133.20230102539062;0;;0.8203125;153348;m2;203731;0;
..\..\world\lordaeron\plagueland\passivedoodads\bushes\plaguelandwesternbush04.m2;18519.93359375;60.74116516113281;15327.322265625;0;304.0009765625;0;;0.830078125;153534;m2;203734;0;
..\..\world\lordaeron\plagueland\passivedoodads\bushes\plaguelandwesternbush04.m2;18597.77734375;69.47318267822266;15326.9052734375;0;305.69293212890625;0;;0.8271484375;153555;m2;203734;0;
..\..\world\lordaeron\tirisfalglade\passivedoodads\trees\tirisfalltreestump02.m2;18140.357421875;66.73734283447266;15263.1103515625;0;142.79367065429688;0;;0.7880859375;154444;m2;204136;0;
..\..\world\lordaeron\plagueland\passivedoodads\bushes\plaguelandwesternbush01.m2;18309.53515625;59.81380081176758;15292.259765625;0;314.44927978515625;0;;0.8193359375;153413;m2;203731;0;
..\..\world\lordaeron\plagueland\passivedoodads\bushes\plaguelandwesternbush04.m2;18255.8984375;66.5495376586914;15161.1298828125;-7.500001907348633;109.29531860351562;18;;0.8515625;153324;m2;203734;0;
..\..\world\lordaeron\plagueland\passivedoodads\bushes\plaguelandwesternbush04.m2;18384.2890625;59.44260787963867;15257.9384765625;0;28.4444580078125;0;;0.845703125;153374;m2;203734;0;
..\..\world\lordaeron\plagueland\passivedoodads\bushes\plaguelandwesternbush04.m2;18344.939453125;64.97074890136719;15380.7490234375;0;232.00537109375;0;;0.8212890625;153429;m2;203734;0;
..\..\world\lordaeron\plagueland\passivedoodads\bushes\plaguelandwesternbush04.m2;18315.734375;60.42903137207031;15260.9228515625;0;121.62191772460938;0;;0.833984375;153335;m2;203734;0;
..\..\world\lordaeron\plagueland\passivedoodads\bushes\plaguelandwesternbush04.m2;18383.572265625;65.4631118774414;15138.6484375;20.5;230.2201690673828;-25.500001907348633;;0.798828125;153586;m2;203734;0;
..\..\world\lordaeron\plagueland\passivedoodads\bushes\plaguelandwesternbush01.m2;18643.169921875;64.93978118896484;15092.33984375;0;213.89935302734375;0;;0.8271484375;156609;m2;203731;0;
..\..\world\lordaeron\plagueland\passivedoodads\bushes\plaguelandwesternbush01.m2;18441.359375;64.65261840820312;15183.3330078125;14.000001907348633;182.86203002929688;-0.5;;0.9873046875;153564;m2;203731;0;
..\..\world\lordaeron\plagueland\passivedoodads\bushes\plaguelandwesternbush04.m2;18375.447265625;61.47520065307617;15156.056640625;0;286.68597412109375;0;;0.9111328125;153504;m2;203734;0;
..\..\world\lordaeron\plagueland\passivedoodads\bushes\plaguelandwesternbush04.m2;18420.541015625;61.18719482421875;15153.3916015625;0;125.99683380126953;0;;0.8212890625;153514;m2;203734;0;
..\..\world\lordaeron\plagueland\passivedoodads\bushes\plaguelandwesternbush01.m2;18378.8125;61.85399627685547;15326.54296875;0;48.714874267578125;0;;0.8154296875;153357;m2;203731;0;
..\..\world\lordaeron\plagueland\passivedoodads\bushes\plaguelandwesternbush04.m2;18456.294921875;70.53787994384766;15334.8447265625;0;113.36038208007812;0;;0.8662109375;153463;m2;203734;0;
..\..\world\lordaeron\plagueland\passivedoodads\bushes\plaguelandwesternbush01.m2;18554.69140625;61.79098129272461;15166.3955078125;0;70.71017456054688;0;;0.8916015625;153609;m2;203731;0;
..\..\world\lordaeron\tirisfalglade\passivedoodads\trees\tirisfalltreestump02.m2;18194.072265625;67.96961212158203;15466.4541015625;0;132.1036376953125;0;;0.7822265625;154172;m2;204136;0;
..\..\world\lordaeron\plagueland\passivedoodads\bushes\plaguelandwesternbush04.m2;18340.8359375;64.89476776123047;15384.1435546875;0;122.6990737915039;0;;0.828125;153430;m2;203734;0;
..\..\world\lordaeron\plagueland\passivedoodads\bushes\plaguelandwesternbush01.m2;18572.513671875;66.7982177734375;15321.9208984375;0;36.783355712890625;0;;0.8193359375;153620;m2;203731;0;
..\..\world\lordaeron\plagueland\passivedoodads\bushes\plaguelandwesternbush01.m2;18562.052734375;65.4976577758789;15305.5029296875;21;166.975341796875;3;;0.8583984375;153548;m2;203731;0;
..\..\world\lordaeron\plagueland\passivedoodads\bushes\plaguelandwesternbush04.m2;18263.720703125;60.0677375793457;15177.3173828125;0;166.18426513671875;0;;0.93359375;153325;m2;203734;0;
..\..\world\lordaeron\plagueland\passivedoodads\bushes\plaguelandwesternbush01.m2;18634.90625;69.35227966308594;15427.2705078125;-3;314.7020263671875;13.5;;0.7734375;153028;m2;203731;0;
..\..\world\generic\human\passivedoodads\lamps\westernplaguelandslampost02.m2;18463.505859375;67.67965698242188;15417.8955078125;0.5;0;-5.499999523162842;;1;132724;m2;198320;0;
..\..\world\lordaeron\plagueland\passivedoodads\bushes\plaguelandwesternbush01.m2;18134.064453125;66.39287567138672;15323.185546875;0;5.28460693359375;0;;1.0302734375;156129;m2;203731;0;
..\..\world\lordaeron\plagueland\passivedoodads\bushes\plaguelandwesternbush04.m2;18441.724609375;68.02922821044922;15355.6455078125;0;51.5823974609375;0;;0.814453125;153441;m2;203734;0;
..\..\world\azeroth\duskwood\passivedoodads\ruins\duskwoodruinsbeam.m2;18245.259765625;61.18252944946289;15258.099609375;-61.50000762939453;254.49998474121094;16.999998092651367;;1;141129;m2;189510;0;
..\..\world\lordaeron\plagueland\passivedoodads\bushes\plaguelandwesternbush01.m2;18550.134765625;64.52298736572266;15306.2109375;4.499999523162842;308.9339904785156;14.5;;0.775390625;153547;m2;203731;0;
..\..\world\lordaeron\plagueland\passivedoodads\bushes\plaguelandwesternbush01.m2;18546.541015625;62.13416290283203;15168.6953125;0;259.6258544921875;0;;0.9658203125;153612;m2;203731;0;
..\..\world\lordaeron\plagueland\passivedoodads\bushes\plaguelandwesternbush04.m2;18488.287109375;65.28013610839844;15344.322265625;13.000000953674316;129.74151611328125;6.000000953674316;;0.7685546875;153447;m2;203734;0;
..\..\world\lordaeron\plagueland\passivedoodads\bushes\plaguelandwesternbush04.m2;18403.544921875;63.8425178527832;15087.6240234375;0;150.39642333984375;0;;0.8310546875;153579;m2;203734;0;
..\..\world\lordaeron\plagueland\passivedoodads\bushes\plaguelandwesternbush01.m2;18308.51953125;69.84577941894531;15442.16796875;10.500000953674316;165.88763427734375;-13.000000953674316;;0.88671875;153236;m2;203731;0;
..\..\world\lordaeron\tirisfalglade\passivedoodads\trees\tirisfalltreestump02.m2;18546.60546875;63.84026336669922;15376.130859375;-9;0;2;;1;136283;m2;204136;0;
..\..\world\lordaeron\plagueland\passivedoodads\bushes\plaguelandwesternbush04.m2;18390.37109375;60.58333206176758;15167.9560546875;0;105.2632064819336;0;;0.9140625;153501;m2;203734;0;
..\..\world\generic\human\passivedoodads\lamps\westernplaguelandslampoststraight.m2;18439.53125;69.5556640625;15389.0205078125;-1.0000001192092896;255.41796875;5.999999523162842;;1;139184;m2;198323;0;
..\..\world\azeroth\duskwood\passivedoodads\ruins\duskwoodruinsbeam.m2;18230.26171875;59.35894012451172;15271.43359375;12;241;-9.499999046325684;;1;141128;m2;189510;0;
..\..\world\lordaeron\plagueland\passivedoodads\bushes\plaguelandwesternbush04.m2;18240.041015625;65.9217300415039;15186.0654296875;0;312.043212890625;0;;0.806640625;153321;m2;203734;0;
..\..\world\lordaeron\tirisfalglade\passivedoodads\trees\tirisfalltreestump01.m2;18437.232421875;58.7864990234375;15101.66796875;0;348.5628662109375;0;;0.6337890625;141240;m2;204135;0;
..\..\world\lordaeron\plagueland\passivedoodads\bushes\plaguelandwesternbush04.m2;18394.015625;60.08338928222656;15321.9296875;-1.5000001192092896;201.4514617919922;5.5;;0.861328125;153363;m2;203734;0;
..\..\world\lordaeron\plagueland\passivedoodads\bushes\plaguelandwesternbush01.m2;18587.99609375;68.59777069091797;15354.787109375;8;253.69302368164062;-10.500000953674316;;0.8662109375;153040;m2;203731;0;
..\..\world\lordaeron\plagueland\passivedoodads\bushes\plaguelandwesternbush01.m2;18441.8984375;64.78353881835938;15259.3916015625;-6.5;337.411376953125;-6;;0.837890625;153477;m2;203731;0;
..\..\world\lordaeron\plagueland\passivedoodads\bushes\plaguelandwesternbush04.m2;18414.255859375;69.05776977539062;15369.4853515625;0;20.7098388671875;0;;0.8701171875;153439;m2;203734;0;
..\..\world\lordaeron\plagueland\passivedoodads\bushes\plaguelandwesternbush04.m2;18391.76953125;69.32867431640625;15117.0146484375;0;133.81756591796875;0;;0.802734375;153583;m2;203734;0;
..\..\world\lordaeron\plagueland\passivedoodads\bushes\plaguelandwesternbush01.m2;18551.939453125;61.60340118408203;15277.107421875;1;172.0621337890625;8.5;;0.974609375;153618;m2;203731;0;
..\..\world\lordaeron\plagueland\passivedoodads\bushes\plaguelandwesternbush04.m2;18593.88671875;69.48988342285156;15322.5458984375;12.500000953674316;220.29359436035156;-6.499999046325684;;0.763671875;153557;m2;203734;0;
..\..\world\lordaeron\plagueland\passivedoodads\bushes\plaguelandwesternbush04.m2;18592.548828125;67.65241241455078;15359.904296875;15.999996185302734;298.7603454589844;-10.99999713897705;;0.783203125;153042;m2;203734;0;
..\..\world\lordaeron\plagueland\passivedoodads\bushes\plaguelandwesternbush04.m2;18545.59765625;65.15214538574219;15378.6611328125;0;128.708740234375;0;;0.7998046875;153094;m2;203734;0;
..\..\world\lordaeron\plagueland\passivedoodads\bushes\plaguelandwesternbush03.m2;18631.1015625;60.88974380493164;15132.1083984375;0;305.74786376953125;0;;0.919921875;156557;m2;203733;0;
..\..\world\lordaeron\plagueland\passivedoodads\bushes\plaguelandwesternbush01.m2;18552.98046875;64.5289306640625;15303.8916015625;-4.500000953674316;331.9840087890625;12;;0.7919921875;153546;m2;203731;0;
..\..\world\lordaeron\plagueland\passivedoodads\bushes\plaguelandwesternbush03.m2;18352.1796875;60.95241928100586;15263.9990234375;-0.5000009536743164;231.9134979248047;-18.499998092651367;;0.8447265625;153355;m2;203733;0;
..\..\world\lordaeron\plagueland\passivedoodads\bushes\plaguelandwesternbush02.m2;18601.2421875;64.03630828857422;15109.2529296875;-2.000000238418579;10.29449462890625;-9.999998092651367;;1.3955078125;156553;m2;203732;0;
..\..\world\lordaeron\plagueland\passivedoodads\bushes\plaguelandwesternbush02.m2;18587.80078125;66.75411987304688;14946.4716796875;3.499999761581421;9.217803955078125;-12.999999046325684;;1.3623046875;156630;m2;203732;0;
..\..\world\azeroth\duskwood\passivedoodads\ruins\duskwoodruinsbeam.m2;18622.568359375;60.31483459472656;15143.369140625;11.999999046325684;238.5;-9.499999046325684;;1;142120;m2;189510;0;
..\..\world\lordaeron\plagueland\passivedoodads\bushes\plaguelandwesternbush02.m2;18566.119140625;66.29061889648438;15090.8154296875;3.500000238418579;302.22113037109375;4;;1.2998046875;156540;m2;203732;0;
..\..\world\lordaeron\plagueland\passivedoodads\bushes\plaguelandwesternbush01.m2;18186.009765625;65.96464538574219;15405.294921875;-9.499999046325684;269.1842041015625;-9.499999046325684;;0.9873046875;153286;m2;203731;0;
..\..\world\lordaeron\plagueland\passivedoodads\bushes\plaguelandwesternbush01.m2;18467.62109375;68.95962524414062;15328.009765625;0;235.03768920898438;0;;0.80078125;153457;m2;203731;0;
..\..\world\lordaeron\plagueland\passivedoodads\bushes\plaguelandwesternbush01.m2;18436.2421875;61.64561080932617;15148.818359375;0;306.00054931640625;0;;0.798828125;153632;m2;203731;0;
..\..\world\lordaeron\plagueland\passivedoodads\bushes\plaguelandwesternbush01.m2;18598.291015625;63.99271774291992;15119.51171875;-4;287.74072265625;-4;;0.853515625;156550;m2;203731;0;
..\..\world\azeroth\duskwood\passivedoodads\ruins\duskwoodruinsbeam.m2;18312.693359375;60.52193832397461;15346.9873046875;22.499998092651367;206;-10.999999046325684;;1;141112;m2;189510;0;
..\..\world\lordaeron\plagueland\passivedoodads\bushes\plaguelandwesternbush04.m2;18419.138671875;61.45920944213867;15130.2041015625;0;287.3341979980469;0;;0.87890625;153570;m2;203734;0;
..\..\world\lordaeron\plagueland\passivedoodads\bushes\plaguelandwesternbush04.m2;18243.19921875;59.96353530883789;15253.150390625;0;11.7886962890625;0;;0.9267578125;153308;m2;203734;0;
..\..\world\lordaeron\plagueland\passivedoodads\bushes\plaguelandwesternbush04.m2;18579.205078125;60.02676010131836;15155.3017578125;0;249.79275512695312;0;;0.8583984375;153606;m2;203734;0;
..\..\world\lordaeron\plagueland\passivedoodads\bushes\plaguelandwesternbush04.m2;18539.494140625;59.99772262573242;15208.978515625;0;295.3105163574219;0;;0.830078125;153524;m2;203734;0;
..\..\world\lordaeron\plagueland\passivedoodads\bushes\plaguelandwesternbush04.m2;18487.767578125;65.95175170898438;15348.8603515625;0;130.27984619140625;0;;0.7890625;153443;m2;203734;0;
..\..\world\lordaeron\tirisfalglade\passivedoodads\trees\tirisfalltreestump02.m2;18228.41796875;59.05305480957031;15415.384765625;0;66.27154541015625;0;;0.79296875;154183;m2;204136;0;
..\..\world\lordaeron\plagueland\passivedoodads\bushes\plaguelandwesternbush04.m2;18551.384765625;65.61096954345703;15389.3359375;-16.000001907348633;123.0286636352539;16.500003814697266;;0.759765625;153092;m2;203734;0;
..\..\world\lordaeron\plagueland\passivedoodads\bushes\plaguelandwesternbush04.m2;18228.2109375;59.785888671875;15413.576171875;0;28.457000732421875;0;;0.814453125;156267;m2;203734;0;
..\..\world\lordaeron\plagueland\passivedoodads\bushes\plaguelandwesternbush04.m2;18656.4296875;64.73210906982422;15316.3916015625;-3.999999523162842;91.34310913085938;-6.500000476837158;;1.033203125;156562;m2;203734;0;
..\..\world\lordaeron\tirisfalglade\passivedoodads\trees\tirisfalltreestump02.m2;18648.78125;62.67112350463867;14967.98046875;0;0;0;;1;129384;m2;204136;0;
..\..\world\lordaeron\tirisfalglade\passivedoodads\trees\tirisfalltreestump02.m2;18414.73046875;61.634033203125;15448.32421875;0;0;0;;1;140196;m2;204136;0;
..\..\world\lordaeron\plagueland\passivedoodads\bushes\plaguelandwesternbush04.m2;18199.783203125;62.22250747680664;15405.263671875;4.000000476837158;22.66546630859375;-13;;0.8076171875;153293;m2;203734;0;
..\..\world\lordaeron\plagueland\passivedoodads\bushes\plaguelandwesternbush04.m2;18486.4296875;65.95095825195312;15351.8828125;0;321.9825439453125;0;;0.78515625;153444;m2;203734;0;
..\..\world\lordaeron\plagueland\passivedoodads\bushes\plaguelandwesternbush04.m2;18465.099609375;70.39246368408203;15339.1767578125;0;212.42713928222656;0;;0.794921875;153462;m2;203734;0;
..\..\world\lordaeron\plagueland\passivedoodads\bushes\plaguelandwesternbush04.m2;18406.27734375;66.85822296142578;15098.4716796875;0;241.6516571044922;0;;0.8037109375;153581;m2;203734;0;
..\..\world\lordaeron\plagueland\passivedoodads\bushes\plaguelandwesternbush03.m2;18357.58203125;60.97156524658203;15285.52734375;-6.5;146.6512451171875;-20.5;;0.8212890625;153354;m2;203733;0;
..\..\world\lordaeron\plagueland\passivedoodads\bushes\plaguelandwesternbush04.m2;18580.099609375;59.87751770019531;15160.52734375;0;49.56085205078125;0;;0.77734375;153605;m2;203734;0;
..\..\world\lordaeron\plagueland\passivedoodads\bushes\plaguelandwesternbush04.m2;18441.486328125;60.15635299682617;15132.5234375;0;82.47686767578125;0;;0.9560546875;153627;m2;203734;0;
..\..\world\lordaeron\plagueland\passivedoodads\bushes\plaguelandwesternbush04.m2;18364.345703125;60.49221420288086;15277.9248046875;0;319.854736328125;0;;0.7763671875;153352;m2;203734;0;
..\..\world\azeroth\duskwood\passivedoodads\ruins\duskwoodruinsbeam.m2;18629.529296875;60.20661163330078;15136.853515625;-9.500000953674316;306;-19.500003814697266;;1;142124;m2;189510;0;
..\..\world\lordaeron\plagueland\passivedoodads\bushes\plaguelandwesternbush02.m2;18522.177734375;65.50777435302734;15102.837890625;5.999999046325684;275.1829528808594;11;;1.4208984375;156536;m2;203732;0;
..\..\world\lordaeron\plagueland\passivedoodads\bushes\plaguelandwesternbush04.m2;18460;61.18954849243164;15119.693359375;0;258.24151611328125;0;;0.9072265625;153577;m2;203734;0;
..\..\world\lordaeron\plagueland\passivedoodads\bushes\plaguelandwesternbush04.m2;18395.828125;59.80552291870117;15169.27734375;0;13.54656982421875;0;;0.888671875;153500;m2;203734;0;
..\..\world\lordaeron\plagueland\passivedoodads\bushes\plaguelandwesternbush01.m2;18133.845703125;66.5937271118164;15317.306640625;0;13.41473388671875;0;;0.890625;156130;m2;203731;0;
..\..\world\lordaeron\plagueland\passivedoodads\bushes\plaguelandwesternbush03.m2;18243.142578125;62.08707046508789;15236.7890625;-1.5000001192092896;346.89288330078125;12.500001907348633;;0.9560546875;153313;m2;203733;0;
..\..\world\lordaeron\plagueland\passivedoodads\bushes\plaguelandwesternbush04.m2;18282.572265625;60.946044921875;15207.0478515625;0;53.74676513671875;0;;0.7763671875;153394;m2;203734;0;
..\..\world\lordaeron\plagueland\passivedoodads\bushes\plaguelandwesternbush04.m2;18313.486328125;71.38963317871094;15451.5048828125;0;279.2574768066406;0;;0.9296875;153232;m2;203734;0;
..\..\world\lordaeron\plagueland\passivedoodads\haystacks\plaguelandhaystack.m2;18652.349609375;59.23748779296875;15181.4521484375;0;39;0;;0.859375;170615;m2;203748;0;
..\..\world\lordaeron\plagueland\passivedoodads\bushes\plaguelandwesternbush04.m2;18239.796875;65.12857055664062;15193.8603515625;0;247.529541015625;0;;0.822265625;153320;m2;203734;0;
..\..\world\lordaeron\plagueland\passivedoodads\bushes\plaguelandwesternbush02.m2;18179.583984375;63.43607711791992;15291.2958984375;0.5000001192092896;313.1748352050781;-15.000000953674316;;1.1572265625;156148;m2;203732;0;
..\..\world\lordaeron\plagueland\passivedoodads\bushes\plaguelandwesternbush04.m2;18140.484375;66.0573501586914;15319.544921875;0;180.62074279785156;0;;1.0439453125;156131;m2;203734;0;
..\..\world\lordaeron\plagueland\passivedoodads\bushes\plaguelandwesternbush04.m2;18349.150390625;63.77892303466797;15154.962890625;0;307.0003356933594;0;;0.771484375;153506;m2;203734;0;
..\..\world\azeroth\duskwood\passivedoodads\ruins\duskwoodruins04.m2;18310.40625;56.89251708984375;15332.30859375;-3.499999761581421;307.5;-12.5;;1;141113;m2;189509;0;
..\..\world\lordaeron\plagueland\passivedoodads\bushes\plaguelandwesternbush01.m2;18399.509765625;66.64344024658203;15433.0078125;0;275.1829528808594;0;;0.9736328125;153128;m2;203731;0;
..\..\world\lordaeron\plagueland\passivedoodads\bushes\plaguelandwesternbush04.m2;18537.556640625;59.99161148071289;15210.1611328125;0;288.9053039550781;0;;0.841796875;153523;m2;203734;0;
..\..\world\lordaeron\plagueland\passivedoodads\bushes\plaguelandwesternbush01.m2;18584.4609375;60.74641418457031;15154.8642578125;0;50.46173095703125;0;;0.767578125;153607;m2;203731;0;
..\..\world\lordaeron\plagueland\passivedoodads\bushes\plaguelandwesternbush04.m2;18223.5;60.0008430480957;15270.634765625;0;136.454345703125;0;;0.7646484375;153306;m2;203734;0;
..\..\world\lordaeron\plagueland\passivedoodads\bushes\plaguelandwesternbush04.m2;18377.615234375;60.83867645263672;15334.6171875;-2.500000238418579;216.09666442871094;-1;;0.759765625;153359;m2;203734;0;
..\..\world\lordaeron\plagueland\passivedoodads\bushes\plaguelandwesternbush02.m2;18138.958984375;67.65957641601562;15404.79296875;-0.5000001192092896;105.2632064819336;5.5;;1.3310546875;156188;m2;203732;0;
..\..\world\lordaeron\plagueland\passivedoodads\bushes\plaguelandwesternbush04.m2;18423.25;60.74808120727539;15158.1552734375;0;133.97372436523438;0;;0.7626953125;153515;m2;203734;0;
..\..\world\generic\human\passivedoodads\lamps\westernplaguelandslampost01.m2;18312.044921875;60.0938720703125;15299.26171875;0;181.6746063232422;0;;1;141809;m2;198319;0;
..\..\world\generic\human\passivedoodads\lamps\westernplaguelandslampost02.m2;18521.7109375;65.10477447509766;15367.130859375;0;334.26922607421875;0;;1;137511;m2;198320;0;
..\..\world\generic\human\passivedoodads\lamps\westernplaguelandslampost01.m2;18652.923828125;65.1617431640625;15345.724609375;0;198.00164794921875;0;;1;137515;m2;198319;0;
..\..\world\generic\human\passivedoodads\lamps\westernplaguelandslampost02.m2;18390.826171875;65.9739761352539;15410.681640625;0;254.49505615234375;0;;1;137546;m2;198320;0;
..\..\world\lordaeron\plagueland\passivedoodads\bushes\plaguelandwesternbush04.m2;18292.26953125;60.28924560546875;15213.525390625;0;117.26065063476562;0;;0.791015625;153396;m2;203734;0;
..\..\world\lordaeron\plagueland\passivedoodads\bushes\plaguelandwesternbush01.m2;18438.05078125;66.23243713378906;15426.208984375;0;208.04345703125;0;;0.7880859375;153181;m2;203731;0;
..\..\world\lordaeron\plagueland\passivedoodads\bushes\plaguelandwesternbush01.m2;18460.146484375;63.70314025878906;15298.994140625;0;76.9951171875;0;;0.87890625;153470;m2;203731;0;
..\..\world\azeroth\duskwood\passivedoodads\ruins\duskwoodruinsbeam.m2;18236.93359375;59.11984634399414;15264.62109375;-9.500001907348633;308.5;-19.500001907348633;;1;141130;m2;189510;0;
..\..\world\lordaeron\plagueland\passivedoodads\bushes\plaguelandwesternbush01.m2;18555.45703125;66.29935455322266;15308.744140625;0;50.26397705078125;0;;0.759765625;153545;m2;203731;0;
..\..\world\lordaeron\plagueland\passivedoodads\bushes\plaguelandwesternbush04.m2;18574.345703125;59.97429275512695;15188.365234375;0;128.87356567382812;0;;0.759765625;153602;m2;203734;0;
..\..\world\lordaeron\plagueland\passivedoodads\bushes\plaguelandwesternbush04.m2;18427.06640625;63.38666534423828;15256.3046875;0;182.82907104492188;0;;0.9951171875;153473;m2;203734;0;
..\..\world\azeroth\duskwood\passivedoodads\ruins\duskwoodruins02.m2;18305.50390625;56.57093811035156;15341.974609375;0;312.5;0;;1;139173;m2;189507;0;
..\..\world\lordaeron\plagueland\passivedoodads\bushes\plaguelandwesternbush04.m2;18389.533203125;70.13555145263672;15117.259765625;0;275.0291442871094;0;;0.9638671875;153584;m2;203734;0;
..\..\world\lordaeron\plagueland\passivedoodads\bushes\plaguelandwesternbush01.m2;18548.7734375;61.52599334716797;15279.228515625;0;128.412109375;0;;0.759765625;153617;m2;203731;0;
..\..\world\lordaeron\plagueland\passivedoodads\bushes\plaguelandwesternbush01.m2;18352.76171875;64.96138763427734;15376.5947265625;0;16.996368408203125;0;;0.84375;153425;m2;203731;0;
..\..\world\lordaeron\plagueland\passivedoodads\bushes\plaguelandwesternbush01.m2;18642.630859375;67.99271392822266;14999.412109375;7.500000476837158;340.2899169921875;-2;;0.7919921875;156651;m2;203731;0;
..\..\world\lordaeron\plagueland\passivedoodads\bushes\plaguelandwesternbush01.m2;18267.416015625;60.21224594116211;15180.15234375;0;150.0556640625;0;;0.77734375;153328;m2;203731;0;
..\..\world\lordaeron\plagueland\passivedoodads\haystacks\plaguelandhaystack.m2;18588.787109375;59.56743621826172;15181.0234375;0;241.5;0;;0.869140625;142011;m2;203748;0;
..\..\world\generic\human\passivedoodads\lamps\westernplaguelandslampoststraight.m2;18185.236328125;62.50966262817383;15426.83984375;0;0;0;;1;139181;m2;198323;0;
..\..\world\generic\human\passivedoodads\lamps\westernplaguelandslampoststraight.m2;18283.5;65.44356536865234;15438.1767578125;0;0;0;;1;139182;m2;198323;0;
..\..\world\generic\human\passivedoodads\lamps\westernplaguelandslampoststraight.m2;18371.638671875;66.5197525024414;15397.498046875;0;129.20315551757812;0;;1;139183;m2;198323;0;
..\..\world\generic\human\passivedoodads\lamps\westernplaguelandslampoststraight.m2;18484.64453125;65.75694274902344;15355.755859375;0;189.5419158935547;0;;1;139185;m2;198323;0;
..\..\world\generic\human\passivedoodads\lamps\westernplaguelandslampoststraight.m2;18584.544921875;66.01129913330078;15348.29296875;0;15.348388671875;0;;1;139186;m2;198323;0;
..\..\world\generic\human\passivedoodads\lamps\westernplaguelandslampoststraight.m2;18617.34375;67.8221435546875;15332.388671875;0;6.10858154296875;0;;1;139187;m2;198323;0;
..\..\world\lordaeron\plagueland\passivedoodads\bushes\plaguelandwesternbush04.m2;18600.9296875;60.88836669921875;15292.7509765625;0;19.105804443359375;0;;0.8251953125;153593;m2;203734;0;
..\..\world\lordaeron\plagueland\passivedoodads\bushes\plaguelandwesternbush04.m2;18526.103515625;60.41986846923828;15327.1728515625;0;290.7840270996094;0;;0.814453125;153536;m2;203734;0;
..\..\world\lordaeron\plagueland\passivedoodads\bushes\plaguelandwesternbush04.m2;18336.673828125;60.34939956665039;15284.30859375;0;352.5620422363281;0;;0.927734375;153339;m2;203734;0;
..\..\world\lordaeron\plagueland\passivedoodads\bushes\plaguelandwesternbush04.m2;18455.142578125;69.81998443603516;15343.146484375;0;350.23284912109375;0;;0.9013671875;153465;m2;203734;0;
..\..\world\lordaeron\plagueland\passivedoodads\bushes\plaguelandwesternbush04.m2;18523.62109375;64.82769012451172;15367.12109375;0;112.15186309814453;0;;0.8046875;153079;m2;203734;0;
..\..\world\lordaeron\plagueland\passivedoodads\bushes\plaguelandwesternbush02.m2;18571.234375;61.90422821044922;15135.4453125;9.499999046325684;342.21258544921875;-6.999999523162842;;1.298828125;156548;m2;203732;0;
..\..\world\lordaeron\plagueland\passivedoodads\bushes\plaguelandwesternbush01.m2;18222.357421875;59.84343338012695;15260.0830078125;-5;281.76995849609375;0;;0.8515625;153412;m2;203731;0;
..\..\world\lordaeron\plagueland\passivedoodads\bushes\plaguelandwesternbush04.m2;18533.361328125;59.87295150756836;15202.9697265625;0;4.4056396484375;0;;0.9609375;153522;m2;203734;0;
..\..\world\lordaeron\plagueland\passivedoodads\bushes\plaguelandwesternbush03.m2;18187.23046875;62.14741516113281;15180.0791015625;15.999998092651367;0;-16;;1;156170;m2;203733;0;
..\..\world\lordaeron\plagueland\passivedoodads\bushes\plaguelandwesternbush01.m2;18483.30859375;67.91299438476562;15387.5927734375;0;79.873046875;0;;0.892578125;153067;m2;203731;0;
..\..\world\lordaeron\plagueland\passivedoodads\bushes\plaguelandwesternbush01.m2;18554.400390625;66.1732406616211;15376.3916015625;0;145.17776489257812;0;;0.7548828125;153086;m2;203731;0;
..\..\world\lordaeron\plagueland\passivedoodads\bushes\plaguelandwesternbush01.m2;18558.736328125;64.09249877929688;15445.7080078125;7.000000476837158;295.722900390625;-11;;0.751953125;153049;m2;203731;0;
..\..\world\lordaeron\plagueland\passivedoodads\bushes\plaguelandwesternbush04.m2;18386;59.29828643798828;15264.88671875;0;152.121337890625;0;;0.7724609375;153371;m2;203734;0;
..\..\world\lordaeron\plagueland\passivedoodads\bushes\plaguelandwesternbush01.m2;18549.712890625;62.09792709350586;15170.8359375;0;98.09991455078125;0;;0.9111328125;153611;m2;203731;0;
..\..\world\lordaeron\plagueland\passivedoodads\bushes\plaguelandwesternbush04.m2;18639.375;67.22175598144531;15374.0322265625;9;357.67083740234375;-0.5;;0.9248046875;153021;m2;203734;0;
..\..\world\lordaeron\tirisfalglade\passivedoodads\trees\tirisfalltreestump02.m2;18134.068359375;65.98084259033203;15320.5048828125;0;129.46026611328125;0;;0.7109375;154441;m2;204136;0;
..\..\world\lordaeron\tirisfalglade\passivedoodads\trees\tirisfalltreestump01.m2;18141.4609375;69.67044067382812;15360.8583984375;0;93.37567138671875;0;;0.638671875;154104;m2;204135;0;
..\..\world\lordaeron\plagueland\passivedoodads\bushes\plaguelandwesternbush04.m2;18387.875;61.30923843383789;15321.4833984375;-9;277.79779052734375;-7.500000953674316;;0.8671875;153360;m2;203734;0;
..\..\world\lordaeron\plagueland\passivedoodads\bushes\plaguelandwesternbush04.m2;18281.017578125;62.33060073852539;15213.52734375;0;345.78326416015625;0;;0.8447265625;153393;m2;203734;0;
..\..\world\lordaeron\plagueland\passivedoodads\bushes\plaguelandwesternbush04.m2;18268.91015625;64.82150268554688;15418.193359375;0;3.7794189453125;0;;0.955078125;153263;m2;203734;0;
..\..\world\lordaeron\plagueland\passivedoodads\bushes\plaguelandwesternbush04.m2;18575.857421875;59.95653533935547;15186.5546875;0;257.186767578125;0;;0.8544921875;153603;m2;203734;0;
..\..\world\lordaeron\plagueland\passivedoodads\bushes\plaguelandwesternbush01.m2;18650.310546875;64.00760650634766;15101.2578125;4;86.9814453125;4.500000953674316;;0.9345703125;156610;m2;203731;0;
..\..\world\lordaeron\plagueland\passivedoodads\bushes\plaguelandwesternbush01.m2;18341.349609375;64.1441421508789;15374.927734375;19.5;263.185546875;-3.4999990463256836;;0.8486328125;153427;m2;203731;0;
..\..\world\lordaeron\tirisfalglade\passivedoodads\trees\tirisfalltreestump02.m2;18612.544921875;61.65083312988281;15440.7958984375;-9;109.5;8.5;;0.689453125;140236;m2;204136;0;
..\..\world\lordaeron\tirisfalglade\passivedoodads\trees\tirisfalltreestump02.m2;18452.50390625;69.27474975585938;15394.619140625;1.5;0;4;;0.8896484375;140194;m2;204136;0;
..\..\world\lordaeron\plagueland\passivedoodads\bushes\plaguelandwesternbush04.m2;18367.80859375;60.1363410949707;15194.201171875;0;279.57763671875;0;;0.8828125;153518;m2;203734;0;
..\..\world\lordaeron\plagueland\passivedoodads\bushes\plaguelandwesternbush04.m2;18405.80859375;68.57450103759766;15373.9921875;0;290.86090087890625;0;;0.7919921875;153589;m2;203734;0;
..\..\world\lordaeron\plagueland\passivedoodads\bushes\plaguelandwesternbush04.m2;18359.85546875;63.2958984375;15227.1240234375;15.499999046325684;95.37521362304688;14;;0.8955078125;153378;m2;203734;0;
..\..\world\lordaeron\plagueland\passivedoodads\bushes\plaguelandwesternbush03.m2;18244.744140625;62.18327713012695;15241.091796875;6;39.398193359375;10.000000953674316;;0.7861328125;153312;m2;203733;0;
..\..\world\azeroth\duskwood\passivedoodads\ruins\duskwoodruinsbeam.m2;18612.193359375;59.76803970336914;15138.4384765625;-9.499999046325684;222.5;-19.5;;1;142123;m2;189510;0;
..\..\world\lordaeron\plagueland\passivedoodads\bushes\plaguelandwesternbush04.m2;18539.462890625;60.33721923828125;15197.7041015625;0;245.96942138671875;0;;0.771484375;153525;m2;203734;0;
..\..\world\lordaeron\plagueland\passivedoodads\bushes\plaguelandwesternbush04.m2;18599.439453125;69.4703140258789;15352.9873046875;0;93.77117919921875;0;;0.9443359375;153043;m2;203734;0;
..\..\world\lordaeron\plagueland\passivedoodads\bushes\plaguelandwesternbush04.m2;18190.345703125;62.04831314086914;15180.150390625;0;0;0;;1;156169;m2;203734;0;
..\..\world\lordaeron\plagueland\passivedoodads\bushes\plaguelandwesternbush04.m2;18159.55078125;66.4072265625;15363.591796875;0;0;0;;1;156178;m2;203734;0;
..\..\world\lordaeron\plagueland\passivedoodads\bushes\plaguelandwesternbush01.m2;18506.2421875;61.88853073120117;15238.65234375;7.499999523162842;15.853759765625;-0.4999997913837433;;0.78515625;153532;m2;203731;0;
..\..\world\lordaeron\tirisfalglade\passivedoodads\trees\tirisfalltreestump02.m2;18137.63671875;65.95230865478516;15321.4296875;0;224.34765625;0;;0.69921875;154440;m2;204136;0;
..\..\world\lordaeron\plagueland\passivedoodads\bushes\plaguelandwesternbush04.m2;18484.40234375;67.7974853515625;15391.4892578125;0;151.802734375;0;;0.75;153076;m2;203734;0;
..\..\world\lordaeron\plagueland\passivedoodads\bushes\plaguelandwesternbush01.m2;18193.7890625;64.6803970336914;15231.2177734375;1.5000001192092896;98.80307006835938;0.5000000596046448;;0.8681640625;153402;m2;203731;0;
..\..\world\lordaeron\plagueland\passivedoodads\bushes\plaguelandwesternbush04.m2;18380.75;66.57928466796875;15133.8515625;20.5;273.67779541015625;-21.500001907348633;;0.791015625;153588;m2;203734;0;
..\..\world\lordaeron\plagueland\passivedoodads\bushes\plaguelandwesternbush01.m2;18585.6015625;64.64981842041016;15311.212890625;0;175.720703125;0;;0.9296875;153552;m2;203731;0;
..\..\world\lordaeron\plagueland\passivedoodads\bushes\plaguelandwesternbush01.m2;18386.380859375;62.38699722290039;15313.666015625;0;341.3819274902344;0;;0.794921875;153369;m2;203731;0;
..\..\world\lordaeron\plagueland\passivedoodads\bushes\plaguelandwesternbush01.m2;18509.697265625;64.27855682373047;15291.248046875;-3.9999990463256836;175.511962890625;-6.500000476837158;;0.8984375;153625;m2;203731;0;
..\..\world\lordaeron\plagueland\passivedoodads\bushes\plaguelandwesternbush04.m2;18347.283203125;60.93861770629883;15176.130859375;0;197.4413299560547;0;;0.8017578125;153512;m2;203734;0;
..\..\world\lordaeron\plagueland\passivedoodads\bushes\plaguelandwesternbush04.m2;18480.541015625;68.0654296875;15392.3291015625;0;108.5042724609375;0;;0.7939453125;153077;m2;203734;0;
..\..\world\lordaeron\plagueland\passivedoodads\bushes\plaguelandwesternbush03.m2;18336.814453125;70.48982238769531;15434.8740234375;0;249.44204711914062;0;;0.9013671875;153199;m2;203733;0;
..\..\world\lordaeron\plagueland\passivedoodads\bushes\plaguelandwesternbush02.m2;18643.814453125;68.02783203125;14988.76171875;-3.5000016689300537;70.65521240234375;-22.999998092651367;;1.080078125;156649;m2;203732;0;
..\..\world\lordaeron\plagueland\passivedoodads\bushes\plaguelandwesternbush01.m2;18484.818359375;66.19761657714844;15347.380859375;0;25.071563720703125;0;;0.755859375;153533;m2;203731;0;
..\..\world\lordaeron\plagueland\passivedoodads\bushes\plaguelandwesternbush04.m2;18338.3125;64.63831329345703;15382.57421875;-3;359.36273193359375;10.5;;0.9609375;153431;m2;203734;0;
..\..\world\lordaeron\plagueland\passivedoodads\bushes\plaguelandwesternbush01.m2;18183.072265625;62.78179168701172;15352.1015625;0;142.57391357421875;0;;0.7197265625;153302;m2;203731;0;
..\..\world\lordaeron\plagueland\passivedoodads\bushes\plaguelandwesternbush04.m2;18462.224609375;62.0665283203125;15121.3603515625;0;76.55508422851562;0;;0.8251953125;153578;m2;203734;0;
..\..\world\lordaeron\plagueland\passivedoodads\bushes\plaguelandwesternbush04.m2;18246.1796875;59.79774856567383;15254.8466796875;0;77.53765869140625;0;;0.8330078125;153309;m2;203734;0;
..\..\world\lordaeron\plagueland\passivedoodads\bushes\plaguelandwesternbush04.m2;18477.103515625;68.38439178466797;15388.880859375;0;180.74159240722656;0;;0.966796875;153078;m2;203734;0;
..\..\world\azeroth\duskwood\passivedoodads\ruins\duskwoodruinsbeam.m2;18624.666015625;58.66225814819336;15198.8115234375;-6.000000476837158;45.5;15.999998092651367;;1;170549;m2;189510;0;
..\..\world\lordaeron\plagueland\passivedoodads\bushes\plaguelandwesternbush02.m2;18133.392578125;70.53662109375;15463.9296875;10.500000953674316;313.0539855957031;3.999999523162842;;1.0810546875;156197;m2;203732;0;
..\..\world\lordaeron\plagueland\passivedoodads\bushes\plaguelandwesternbush01.m2;18542.01953125;61.90310287475586;15336.763671875;0;195.05722045898438;0;;0.8076171875;153538;m2;203731;0;
..\..\world\lordaeron\plagueland\passivedoodads\bushes\plaguelandwesternbush04.m2;18268.89453125;60.90599822998047;15175.7666015625;0;264.13037109375;0;;0.89453125;153326;m2;203734;0;
..\..\world\lordaeron\plagueland\passivedoodads\bushes\plaguelandwesternbush04.m2;18493.564453125;65.31989288330078;15351.552734375;0;358.29705810546875;-8.00000286102295;;0.947265625;153446;m2;203734;0;
..\..\world\lordaeron\plagueland\passivedoodads\bushes\plaguelandwesternbush01.m2;18445.845703125;63.6707649230957;15194.123046875;-11;190.47576904296875;4.999999523162842;;0.7900390625;153566;m2;203731;0;
..\..\world\azeroth\duskwood\passivedoodads\ruins\duskwoodruinsbeam.m2;18219.68359375;59.19422912597656;15266.958984375;-9.500000953674316;224.99998474121094;-19.5;;1;141131;m2;189510;0;
..\..\world\lordaeron\plagueland\passivedoodads\bushes\plaguelandwesternbush03.m2;18262.0859375;63.79088592529297;15417.587890625;13.500000953674316;272.4692077636719;-4.000000476837158;;0.9677734375;153265;m2;203733;0;
..\..\world\lordaeron\plagueland\passivedoodads\bushes\plaguelandwesternbush04.m2;18299.515625;59.49308395385742;15243.5986328125;0;263.2874755859375;0;;0.8798828125;153332;m2;203734;0;
..\..\world\lordaeron\plagueland\passivedoodads\bushes\plaguelandwesternbush04.m2;18465.134765625;61.35228729248047;15102.587890625;0;92.6944580078125;0;;0.9296875;153575;m2;203734;0;
..\..\world\lordaeron\plagueland\passivedoodads\bushes\plaguelandwesternbush03.m2;18458.525390625;62.38847732543945;15146.8671875;-13;164.7889404296875;-10;;0.8466796875;153634;m2;203733;0;
..\..\world\lordaeron\plagueland\passivedoodads\bushes\plaguelandwesternbush04.m2;18233.939453125;59.65023422241211;15261.0771484375;0;80.74099731445312;0;;0.849609375;153307;m2;203734;0;
..\..\world\lordaeron\plagueland\passivedoodads\haystacks\plaguelandhaystack.m2;18646.18359375;59.31721878051758;15172.966796875;0;0;0;;1.0390625;170616;m2;203748;0;
..\..\world\lordaeron\plagueland\passivedoodads\bushes\plaguelandwesternbush03.m2;18489.818359375;66.81340026855469;15458.9228515625;0;42.913909912109375;0;;0.8017578125;153105;m2;203733;0;
..\..\world\lordaeron\plagueland\passivedoodads\bushes\plaguelandwesternbush01.m2;18314.78515625;70.88651275634766;15444.1171875;0;95.858642578125;0;;0.8837890625;153234;m2;203731;0;
..\..\world\lordaeron\plagueland\passivedoodads\bushes\plaguelandwesternbush04.m2;18454.416015625;62.16456985473633;15146.18359375;0;158.49359130859375;0;;0.755859375;153636;m2;203734;0;
..\..\world\lordaeron\plagueland\passivedoodads\bushes\plaguelandwesternbush04.m2;18650.58984375;61.37891387939453;15300.99609375;0;261.3946533203125;0;;0.853515625;153598;m2;203734;0;
..\..\world\lordaeron\plagueland\passivedoodads\bushes\plaguelandwesternbush04.m2;18342.34375;70.55323791503906;15428.958984375;-18.500001907348633;3.08660888671875;1;;0.8330078125;153196;m2;203734;0;
..\..\world\lordaeron\plagueland\passivedoodads\bushes\plaguelandwesternbush04.m2;18444.56640625;61.55712890625;15142.9091796875;0;107.31304931640625;0;;0.7763671875;153630;m2;203734;0;
..\..\world\lordaeron\plagueland\passivedoodads\bushes\plaguelandwesternbush04.m2;18538.216796875;63.88698196411133;15385.80859375;7.500000476837158;268.0965576171875;-8.499999046325684;;0.896484375;153080;m2;203734;0;
..\..\world\generic\undead\passivedoodads\meatwagonpieces\meatwagongrill.m2;18392.75;62.22856903076172;15459.373046875;-36.99999237060547;175;14.999999046325684;;1;146995;m2;200670;0;
..\..\world\lordaeron\plagueland\passivedoodads\bushes\plaguelandwesternbush02.m2;18651.80078125;64.8980712890625;15091.1640625;0;274.6885681152344;0;;1.4462890625;156611;m2;203732;0;
..\..\world\lordaeron\tirisfalglade\passivedoodads\trees\tirisfalltreestump02.m2;18161.91796875;62.613525390625;15421.587890625;0;253.69305419921875;0;;0.732421875;154461;m2;204136;0;
..\..\world\lordaeron\plagueland\passivedoodads\bushes\plaguelandwesternbush04.m2;18450.552734375;62.92099380493164;15262.9296875;0.4999999403953552;175.96240234375;15.999998092651367;;0.8603515625;153478;m2;203734;0;
..\..\world\lordaeron\tirisfalglade\passivedoodads\trees\tirisfalltreestump02.m2;18143.73046875;66.09539031982422;15262.6142578125;0;357.67083740234375;0;;0.8505859375;154442;m2;204136;0;
..\..\world\lordaeron\plagueland\passivedoodads\bushes\plaguelandwesternbush01.m2;18377.5625;63.48554229736328;15316.3798828125;0;2.43902587890625;0;;0.912109375;153368;m2;203731;0;
..\..\world\lordaeron\plagueland\passivedoodads\bushes\plaguelandwesternbush04.m2;18372.783203125;60.74436569213867;15354.4892578125;0;141.10171508789062;0;;0.689453125;153273;m2;203734;0;
..\..\world\lordaeron\plagueland\passivedoodads\bushes\plaguelandwesternbush02.m2;18661.302734375;66.05659484863281;15027.3291015625;0;119.908447265625;0;;1.1650390625;156613;m2;203732;0;
..\..\world\lordaeron\plagueland\passivedoodads\bushes\plaguelandwesternbush01.m2;18309.830078125;71.62600708007812;15450.7978515625;0;76.4891357421875;0;;0.7880859375;153235;m2;203731;0;
..\..\world\lordaeron\plagueland\passivedoodads\bushes\plaguelandwesternbush01.m2;18512.353515625;62.21196365356445;15300.240234375;0;353.2651672363281;0;;0.8505859375;153624;m2;203731;0;
..\..\world\lordaeron\plagueland\passivedoodads\bushes\plaguelandwesternbush01.m2;18630.501953125;66.1231460571289;15374.763671875;0;186.84767150878906;0;;0.849609375;153019;m2;203731;0;
..\..\world\lordaeron\plagueland\passivedoodads\bushes\plaguelandwesternbush04.m2;18288.474609375;60.9417724609375;15221.0947265625;0;196.0020751953125;0;;0.7685546875;153389;m2;203734;0;
..\..\world\lordaeron\plagueland\passivedoodads\bushes\plaguelandwesternbush04.m2;18196.669921875;62.1368408203125;15306.2548828125;0;143.452880859375;0;;0.6875;153305;m2;203734;0;
..\..\world\lordaeron\plagueland\passivedoodads\bushes\plaguelandwesternbush01.m2;18587.8359375;71.64654541015625;14990.447265625;-3.000000238418579;11.4591064453125;-14.999999046325684;;0.7734375;156624;m2;203731;0;
..\..\world\lordaeron\plagueland\passivedoodads\haystacks\plaguelandhaystack.m2;18235.5;59.62743377685547;15320.8291015625;0;92.1121826171875;0;;1;170149;m2;203748;0;
..\..\world\lordaeron\plagueland\passivedoodads\bushes\plaguelandwesternbush04.m2;18278.185546875;59.63228988647461;15245.115234375;0;236.3011474609375;0;;0.689453125;153331;m2;203734;0;
..\..\world\lordaeron\plagueland\passivedoodads\bushes\plaguelandwesternbush01.m2;18631.740234375;63.15382766723633;15319.8486328125;0;160.899658203125;0;;0.744140625;153596;m2;203731;0;
..\..\world\lordaeron\plagueland\passivedoodads\bushes\plaguelandwesternbush01.m2;18280.28125;59.48217010498047;15243.2041015625;0;273.75469970703125;0;;0.8779296875;153329;m2;203731;0;
..\..\world\lordaeron\plagueland\passivedoodads\haystacks\plaguelandhaystack.m2;18590.30078125;59.72077941894531;15176.18359375;0;359.5;0;;1;142010;m2;203748;0;
..\..\world\lordaeron\plagueland\passivedoodads\bushes\plaguelandwesternbush03.m2;18493.0625;65.21215057373047;15348.728515625;-13.5;271.919921875;6;;0.923828125;153445;m2;203733;0;
..\..\world\lordaeron\plagueland\passivedoodads\bushes\plaguelandwesternbush02.m2;18562.630859375;63.67715072631836;15392.2177734375;9.999999046325684;332.1817626953125;-27.000001907348633;;0.9921875;153090;m2;203732;0;
..\..\world\lordaeron\plagueland\passivedoodads\bushes\plaguelandwesternbush04.m2;18649.064453125;61.5561408996582;15302.818359375;0;110.39401245117188;0;;0.7275390625;153597;m2;203734;0;
..\..\world\generic\human\passivedoodads\banners\scarletbanner01.m2;18403.3671875;59.92942428588867;15193.55859375;0;329;0;;1;140258;m2;197982;0;
..\..\world\lordaeron\plagueland\passivedoodads\bushes\plaguelandwesternbush04.m2;18351.880859375;60.78622817993164;15170.794921875;0;166.01947021484375;0;;0.7666015625;153509;m2;203734;0;
..\..\world\lordaeron\plagueland\passivedoodads\bushes\plaguelandwesternbush04.m2;18376.591796875;62.42232131958008;15292.7373046875;-2.5;356.6490478515625;-13;;0.8486328125;153351;m2;203734;0;
..\..\world\lordaeron\plagueland\passivedoodads\bushes\plaguelandwesternbush03.m2;18235.595703125;64.65211486816406;15193.7373046875;0;22.0797119140625;0;;0.8251953125;153322;m2;203733;0;
..\..\world\lordaeron\plagueland\passivedoodads\bushes\plaguelandwesternbush04.m2;18448.125;67.61446380615234;15353.087890625;0;176.53369140625;0;;0.8662109375;153440;m2;203734;0;
..\..\world\lordaeron\plagueland\passivedoodads\bushes\plaguelandwesternbush01.m2;18421.87890625;70.80189514160156;15405.271484375;-9;184.86160278320312;-6.5;;0.810546875;153118;m2;203731;0;
..\..\world\lordaeron\plagueland\passivedoodads\bushes\plaguelandwesternbush03.m2;18263.583984375;60.70786666870117;15390.8115234375;-6.000000476837158;174.30340576171875;-7.500000953674316;;0.9189453125;153267;m2;203733;0;
..\..\world\lordaeron\plagueland\passivedoodads\haystacks\plaguelandhaystack.m2;18229.2421875;59.54882049560547;15331.509765625;0;97.91168212890625;0;;0.8994140625;170150;m2;203748;0;
..\..\world\lordaeron\plagueland\passivedoodads\bushes\plaguelandwesternbush04.m2;18299.580078125;59.78373336791992;15354.041015625;0;199.33065795898438;0;;0.7236328125;153272;m2;203734;0;
..\..\world\lordaeron\plagueland\passivedoodads\bushes\plaguelandwesternbush02.m2;18436.30859375;65.0517349243164;15259.1435546875;-10.999999046325684;45.221099853515625;-4.5;;0.998046875;153476;m2;203732;0;
..\..\world\lordaeron\plagueland\passivedoodads\bushes\plaguelandwesternbush03.m2;18351.6796875;67.48843383789062;15463.919921875;-9.499999046325684;271.3156433105469;-3.499999761581421;;0.9609375;153205;m2;203733;0;
..\..\world\lordaeron\plagueland\passivedoodads\bushes\plaguelandwesternbush04.m2;18411.19140625;69.52710723876953;15380.4052734375;0;11.9534912109375;0;;0.7724609375;153433;m2;203734;0;
..\..\world\lordaeron\plagueland\passivedoodads\bushes\plaguelandwesternbush02.m2;18598.662109375;69.1273422241211;15356.7265625;3.499999523162842;138.35504150390625;11.499999046325684;;0.994140625;153044;m2;203732;0;
..\..\world\lordaeron\plagueland\passivedoodads\bushes\plaguelandwesternbush01.m2;18470.59375;68.53009033203125;15327.5703125;0;178.06085205078125;0;;0.8759765625;153459;m2;203731;0;
..\..\world\lordaeron\plagueland\passivedoodads\bushes\plaguelandwesternbush02.m2;18427.033203125;63.15105056762695;15182.9228515625;-10.500000953674316;47.715087890625;-3.999999523162842;;0.99609375;153562;m2;203732;0;
..\..\world\azeroth\westfall\passivedoodads\brokencart\brokencart.m2;18501.46875;65.55175018310547;15449.6396484375;10.500000953674316;0;-24.5;;1;140112;m2;190536;0;
..\..\world\lordaeron\silverpine\passivedoodads\bushes\silverpinebush03.m2;18591.5;60.0578498840332;15465.560546875;-0.5;339;-3.000000476837158;;0.7998046875;587045;m2;203971;0;
..\..\world\lordaeron\plagueland\passivedoodads\bushes\plaguelandwesternbush01.m2;18556.607421875;64.97938537597656;15438.26171875;0;188.98159790039062;0;;0.791015625;153050;m2;203731;0;
..\..\world\lordaeron\plagueland\passivedoodads\bushes\plaguelandwesternbush04.m2;18282.982421875;59.32006072998047;15242.6953125;0;33.2127685546875;0;;0.6611328125;153330;m2;203734;0;
..\..\world\lordaeron\plagueland\passivedoodads\bushes\plaguelandwesternbush02.m2;18196.93359375;64.34054565429688;15231.4296875;4.500000476837158;154.36260986328125;13.500001907348633;;0.990234375;153403;m2;203732;0;
..\..\world\lordaeron\plagueland\passivedoodads\bushes\plaguelandwesternbush04.m2;18269.830078125;60.83850860595703;15178.068359375;0;83.00253295898438;0;;0.8046875;153327;m2;203734;0;
..\..\world\lordaeron\plagueland\passivedoodads\bushes\plaguelandwesternbush04.m2;18353.505859375;61.12673568725586;15177.7265625;0;167.22802734375;0;;0.7529296875;153511;m2;203734;0;
..\..\world\lordaeron\tirisfalglade\passivedoodads\trees\tirisfalltreestump02.m2;18491.896484375;65.70074462890625;15458.0322265625;0;0;0;;0.8193359375;139909;m2;204136;0;
..\..\world\generic\human\passivedoodads\signposts\humansignpost01.m2;18428.505859375;70.12925720214844;15377.279296875;0;16.5;0;;1;570958;m2;198463;0;
..\..\world\lordaeron\plagueland\passivedoodads\bushes\plaguelandwesternbush02.m2;18385.69921875;62.07830810546875;15318.2998046875;-14.5;226.4680938720703;3.5000007152557373;;0.9599609375;153362;m2;203732;0;
..\..\world\lordaeron\plagueland\passivedoodads\bushes\plaguelandwesternbush03.m2;18547.423828125;65.34159088134766;15374.482421875;0;197.648193359375;0;;0.8203125;153083;m2;203733;0;
..\..\world\lordaeron\plagueland\passivedoodads\bushes\plaguelandwesternbush01.m2;18463.357421875;69.1793441772461;15326.638671875;0;11.5689697265625;0;;0.7529296875;153458;m2;203731;0;
..\..\world\lordaeron\plagueland\passivedoodads\bushes\plaguelandwesternbush03.m2;18248.3984375;61.36121368408203;15232.568359375;-14.999999046325684;13.97503662109375;-10.000001907348633;;0.78515625;153311;m2;203733;0;
..\..\world\lordaeron\plagueland\passivedoodads\bushes\plaguelandwesternbush04.m2;18388.87109375;59.71078109741211;15259.79296875;0;89.01394653320312;0;;0.8642578125;153372;m2;203734;0;
..\..\world\lordaeron\plagueland\passivedoodads\bushes\plaguelandwesternbush02.m2;18562.34765625;65.1700210571289;15386.1484375;-11.000000953674316;305.61602783203125;-8.5;;0.96875;153089;m2;203732;0;
..\..\world\lordaeron\plagueland\passivedoodads\bushes\plaguelandwesternbush03.m2;18480.154296875;67.92515563964844;15445.802734375;0;148.26971435546875;0;;0.748046875;153104;m2;203733;0;
..\..\world\lordaeron\plagueland\passivedoodads\bushes\plaguelandwesternbush04.m2;18213.7109375;60.7198486328125;15383.146484375;0;158.20794677734375;0;;0.685546875;153297;m2;203734;0;
..\..\world\lordaeron\plagueland\passivedoodads\bushes\plaguelandwesternbush03.m2;18283.2421875;61.2296028137207;15211.181640625;0;246.39788818359375;0;;0.7802734375;153398;m2;203733;0;
..\..\world\lordaeron\plagueland\passivedoodads\bushes\plaguelandwesternbush02.m2;18201.396484375;63.946044921875;15224.6953125;11.000000953674316;154.8900146484375;10.500000953674316;;0.974609375;153399;m2;203732;0;
..\..\world\lordaeron\plagueland\passivedoodads\bushes\plaguelandwesternbush03.m2;18452.330078125;61.56367492675781;15148.0791015625;-8;166.15191650390625;3.000000476837158;;0.7958984375;153633;m2;203733;0;
..\..\world\lordaeron\tirisfalglade\passivedoodads\trees\tirisfalltreestump02.m2;18195.994140625;67.01856994628906;15461.0029296875;7.000000476837158;217.22830200195312;3.5;;0.583984375;154173;m2;204136;0;
..\..\world\lordaeron\tirisfalglade\passivedoodads\trees\tirisfalltreestump02.m2;18167.71875;59.47898483276367;15212.0771484375;0;123.3704833984375;0;;0.6162109375;154446;m2;204136;0;
..\..\world\lordaeron\plagueland\passivedoodads\bushes\plaguelandwesternbush02.m2;18391.9375;60.73515701293945;15314.638671875;-13.499999046325684;239.35546875;7.999999046325684;;0.97265625;153361;m2;203732;0;
..\..\world\lordaeron\plagueland\passivedoodads\bushes\plaguelandwesternbush02.m2;18659.115234375;66.82100677490234;15020.9541015625;0;271.31561279296875;0;;1.3837890625;156614;m2;203732;0;
..\..\world\lordaeron\plagueland\passivedoodads\bushes\plaguelandwesternbush02.m2;18558.068359375;65.99020385742188;15306.6904296875;-4.500002384185791;307.3628845214844;18.999998092651367;;0.919921875;153549;m2;203732;0;
..\..\world\lordaeron\plagueland\passivedoodads\bushes\plaguelandwesternbush01.m2;18494.14453125;64.06996154785156;15213.5029296875;0.5;359.813232421875;-10.5;;0.857421875;153644;m2;203731;0;
..\..\world\lordaeron\plagueland\passivedoodads\bushes\plaguelandwesternbush02.m2;18632.1796875;66.70459747314453;15422.8486328125;-21.999996185302734;0;22.500001907348633;;1;153025;m2;203732;0;
..\..\world\lordaeron\plagueland\passivedoodads\bushes\plaguelandwesternbush02.m2;18485.5546875;65.14506530761719;15208.0771484375;3.999999523162842;317.2398681640625;8.5;;0.9677734375;153647;m2;203732;0;
..\..\world\lordaeron\plagueland\passivedoodads\bushes\plaguelandwesternbush01.m2;18204.4453125;63.40424346923828;15228.1904296875;11.499999046325684;88.244873046875;2.4999988079071045;;0.7802734375;153400;m2;203731;0;
..\..\world\lordaeron\plagueland\passivedoodads\bushes\plaguelandwesternbush02.m2;18591.884765625;63.9925422668457;15120.2490234375;-6.5;206.6591339111328;-12.5;;1;156552;m2;203732;0;
..\..\world\azeroth\westfall\passivedoodads\deadcow\deadcow.m2;18640.037109375;59.0049934387207;15199.982421875;0;23.6309814453125;0;;1;170094;m2;190545;0;
..\..\world\lordaeron\plagueland\passivedoodads\haystacks\plaguelandhaystack.m2;18182.857421875;62.78480911254883;15318.7080078125;0;0;0;;0.9296875;142521;m2;203748;0;
..\..\world\lordaeron\plagueland\passivedoodads\bushes\plaguelandwesternbush04.m2;18173.033203125;63.54676055908203;15336.99609375;0;63.810546875;0;;0.6552734375;153304;m2;203734;0;
..\..\world\lordaeron\plagueland\passivedoodads\bushes\plaguelandwesternbush02.m2;18202.560546875;62.22578811645508;15216.2197265625;-3.999999523162842;54.680633544921875;-16.999998092651367;;0.9169921875;153409;m2;203732;0;
..\..\world\lordaeron\plagueland\passivedoodads\bushes\plaguelandwesternbush03.m2;18138.46484375;60.37273025512695;15195.123046875;0;0;0;;1;156171;m2;203733;0;
..\..\world\lordaeron\plagueland\passivedoodads\haystacks\plaguelandhaystack.m2;18184.361328125;62.50931930541992;15312.3955078125;0;359.5;0;;0.919921875;142520;m2;203748;0;
..\..\world\lordaeron\plagueland\passivedoodads\bushes\plaguelandwesternbush04.m2;18380.044921875;62.04851531982422;15158.0517578125;0;89.36550903320312;0;;0.84375;153502;m2;203734;0;
..\..\world\azeroth\westfall\passivedoodads\deadcow\deadcow.m2;18543.83203125;62.62890625;15441.8984375;0;344.5;0;;1;140168;m2;190545;0;
..\..\world\lordaeron\plagueland\passivedoodads\bushes\plaguelandwesternbush04.m2;18343.951171875;67.3570556640625;15460.4921875;0;86.98141479492188;0;;0.8115234375;153201;m2;203734;0;
..\..\world\lordaeron\plagueland\passivedoodads\bushes\plaguelandwesternbush03.m2;18291.609375;60.5451545715332;15217.2041015625;0;352.770751953125;0;;0.888671875;153397;m2;203733;0;
..\..\world\lordaeron\plagueland\passivedoodads\bushes\plaguelandwesternbush04.m2;18535.93359375;60.30439758300781;15194.849609375;0;263.0756530761719;0;;0.7685546875;153526;m2;203734;0;
..\..\world\lordaeron\plagueland\passivedoodads\bushes\plaguelandwesternbush02.m2;18474.251953125;67.77002716064453;15331.8046875;-2;30.75164794921875;-13.5;;0.94921875;153460;m2;203732;0;
..\..\world\lordaeron\plagueland\passivedoodads\bushes\plaguelandwesternbush03.m2;18211.392578125;60.08728790283203;15420.7392578125;0;259.67962646484375;0;;0.853515625;156273;m2;203733;0;
..\..\world\lordaeron\plagueland\passivedoodads\bushes\plaguelandwesternbush04.m2;18298.193359375;59.79781723022461;15352.0791015625;0;329.0395812988281;0;;0.6328125;153271;m2;203734;0;
..\..\world\lordaeron\plagueland\passivedoodads\bushes\plaguelandwesternbush04.m2;18421.337890625;60.61386489868164;15125.224609375;0;186.14703369140625;0;;0.7744140625;153568;m2;203734;0;
..\..\world\lordaeron\tirisfalglade\passivedoodads\bushes\tirisfallgladebush03.m2;18578.310546875;67.53837585449219;14936.791015625;-3.000000238418579;45.75946044921875;-24.5;;1.1513671875;156634;m2;204098;0;
..\..\world\lordaeron\plagueland\passivedoodads\bushes\plaguelandwesternbush02.m2;18350.25;61.89039993286133;15233.6796875;15.499996185302734;31.421875;13.5;;0.9296875;153377;m2;203732;0;
..\..\world\lordaeron\plagueland\passivedoodads\bushes\plaguelandwesternbush03.m2;18574.431640625;65.63678741455078;15354.271484375;-2.499999761581421;8.778076171875;21;;0.767578125;153038;m2;203733;0;
..\..\world\lordaeron\plagueland\passivedoodads\bushes\plaguelandwesternbush04.m2;18409.40234375;67.44080352783203;15099.1953125;0;90.68392944335938;0;;0.8349609375;153582;m2;203734;0;
..\..\world\lordaeron\plagueland\passivedoodads\bushes\plaguelandwesternbush02.m2;18137.86328125;67.42594909667969;15262.591796875;0;306.8904724121094;-1.5;;1.009765625;156139;m2;203732;0;
..\..\world\azeroth\duskwood\passivedoodads\duskwoodscarecrow\duskscarecrow.m2;18648.5859375;58.53559112548828;15222.201171875;-9;0;-11;;1;129366;m2;189458;0;
..\..\world\generic\human\passivedoodads\lamps\westernplaguelandslampostbroken01.m2;18483.61328125;66.82820129394531;15454.1123046875;-20.000001907348633;148.5;0.5000016689300537;;1;135027;m2;198321;0;
..\..\world\lordaeron\plagueland\passivedoodads\bushes\plaguelandwesternbush02.m2;18462.5;68.4594497680664;15318.9892578125;11.000000953674316;325.2821350097656;4.500000476837158;;0.9296875;153456;m2;203732;0;
..\..\world\lordaeron\plagueland\passivedoodads\bushes\plaguelandwesternbush04.m2;18437.533203125;60.30563735961914;15098.435546875;0;270.01922607421875;0;;0.83203125;153571;m2;203734;0;
..\..\world\azeroth\westfall\passivedoodads\deadcow\deadcow.m2;18278.599609375;59.24267578125;15264.951171875;0;42.9603271484375;0;;1;141810;m2;190545;0;
..\..\world\lordaeron\plagueland\passivedoodads\bushes\plaguelandwesternbush02.m2;18564.41015625;62.95298385620117;15121.912109375;1.0000001192092896;325.1612854003906;13;;0.912109375;156549;m2;203732;0;
..\..\world\lordaeron\plagueland\passivedoodads\bushes\plaguelandwesternbush03.m2;18319.40625;60.78221893310547;15260.662109375;-1.0000001192092896;357.2203674316406;-2.500000238418579;;0.91015625;153336;m2;203733;0;
..\..\world\lordaeron\plagueland\passivedoodads\bushes\plaguelandwesternbush03.m2;18341.21484375;60.43507766723633;15283.2333984375;-6.999999523162842;257.807373046875;0;;0.7626953125;153338;m2;203733;0;
..\..\world\lordaeron\plagueland\passivedoodads\bushes\plaguelandwesternbush02.m2;18623.2890625;69.95182800292969;14948.3916015625;0;14.53533935546875;0;;1.1123046875;156648;m2;203732;0;
..\..\world\lordaeron\plagueland\passivedoodads\bushes\plaguelandwesternbush04.m2;18595.61328125;68.68465423583984;15357.4296875;-3.0000016689300537;92.55166625976562;14.000001907348633;;0.76171875;153041;m2;203734;0;
..\..\world\lordaeron\plagueland\passivedoodads\bushes\plaguelandwesternbush02.m2;18467.392578125;68.50244903564453;15320.3134765625;3.500000238418579;41.84820556640625;-3.5;;0.939453125;153468;m2;203732;0;
..\..\world\lordaeron\plagueland\passivedoodads\bushes\plaguelandwesternbush02.m2;18589.244140625;60.50640869140625;15428.7392578125;0;134.76242065429688;0;;0.98828125;153034;m2;203732;0;
..\..\world\lordaeron\plagueland\passivedoodads\bushes\plaguelandwesternbush02.m2;18549.578125;61.40030288696289;15272.462890625;-7.999999046325684;16.622802734375;-13;;0.9833984375;153615;m2;203732;0;
..\..\world\lordaeron\plagueland\passivedoodads\bushes\plaguelandwesternbush03.m2;18475.36328125;59.58150863647461;15246.228515625;0;274.6006774902344;0;;0.8828125;153520;m2;203733;0;
..\..\world\lordaeron\plagueland\passivedoodads\bushes\plaguelandwesternbush04.m2;18351.23046875;61.11309051513672;15178.451171875;0;267.8218994140625;0;;0.783203125;153510;m2;203734;0;
..\..\world\lordaeron\plagueland\passivedoodads\bushes\plaguelandwesternbush02.m2;18420.228515625;69.9891586303711;15407.8486328125;0.4999999403953552;240.8606414794922;0.9999998807907104;;0.9912109375;153121;m2;203732;0;
..\..\world\generic\human\passivedoodads\lamps\westernplaguelandslampostbroken01.m2;18423.236328125;70.21273040771484;15376.0498046875;-3.999999523162842;106.5;-4.499999523162842;;1;132986;m2;198321;0;
..\..\world\azeroth\westfall\passivedoodads\brokencart\brokencart.m2;18542.607421875;62.92499542236328;15436.0341796875;0;0;0;;1;140167;m2;190536;0;
..\..\world\lordaeron\plagueland\passivedoodads\bushes\plaguelandwesternbush02.m2;18544.107421875;62.00785446166992;15339.013671875;0;321.67852783203125;0;;0.98046875;153540;m2;203732;0;
..\..\world\lordaeron\plagueland\passivedoodads\haystacks\plaguelandhaystack.m2;18190.302734375;62.22918701171875;15318.0498046875;0;0;0;;0.869140625;142519;m2;203748;0;
..\..\world\lordaeron\plagueland\passivedoodads\bushes\plaguelandwesternbush02.m2;18555.087890625;64.48523712158203;15434.9716796875;13.000000953674316;220.1177978515625;1.0000005960464478;;0.89453125;153052;m2;203732;0;
..\..\world\lordaeron\plagueland\passivedoodads\bushes\plaguelandwesternbush04.m2;18384.30078125;59.29828643798828;15262.6240234375;0;266.9539489746094;0;;0.7685546875;153370;m2;203734;0;
..\..\world\lordaeron\plagueland\passivedoodads\bushes\plaguelandwesternbush02.m2;18350.40625;60.69143295288086;15237.619140625;-6.499999523162842;253.4952850341797;-5.5;;0.9970703125;153376;m2;203732;0;
..\..\world\lordaeron\plagueland\passivedoodads\bushes\plaguelandwesternbush04.m2;18186.099609375;62.59455108642578;15427.2490234375;0;136.39083862304688;0;;0.5859375;153295;m2;203734;0;
..\..\world\lordaeron\plagueland\passivedoodads\bushes\plaguelandwesternbush02.m2;18204.22265625;63.10966110229492;15222.4765625;-1;207.50511169433594;9.5;;0.9189453125;153411;m2;203732;0;
..\..\world\lordaeron\tirisfalglade\passivedoodads\trees\tirisfalltreestump02.m2;18530.263671875;62.2100715637207;15080.693359375;0;295.92578125;0;;0.580078125;141232;m2;204136;0;
..\..\world\generic\human\passivedoodads\lamps\westernplaguelandslampostbroken02.m2;18421.08203125;70.47164154052734;15397.8466796875;4.999999046325684;350.5;0;;1;132726;m2;198322;0;
..\..\world\lordaeron\plagueland\passivedoodads\bushes\plaguelandwesternbush02.m2;18544.654296875;61.36014175415039;15278.30859375;-1.500000238418579;202.29103088378906;-5.499999523162842;;0.9755859375;153614;m2;203732;0;
..\..\world\lordaeron\plagueland\passivedoodads\bushes\plaguelandwesternbush04.m2;18617.4609375;68.30261993408203;15331.4921875;0;135.828125;0;;0.58203125;153592;m2;203734;0;
..\..\world\generic\human\passivedoodads\lamps\westernplaguelandslampostbroken01.m2;18439.12109375;68.17617797851562;15415.44921875;-3.5;136.5;-1.5;;1;132985;m2;198321;0;
..\..\world\lordaeron\plagueland\passivedoodads\bushes\plaguelandwesternbush02.m2;18450.36328125;70.00131225585938;15388.7666015625;0;224.65528869628906;0;;0.962890625;153099;m2;203732;0;
..\..\world\lordaeron\plagueland\passivedoodads\bushes\plaguelandwesternbush02.m2;18636.849609375;67.35894012451172;15001.0703125;14.5;308.81317138671875;-4.500000476837158;;0.8642578125;156652;m2;203732;0;
..\..\world\lordaeron\tirisfalglade\passivedoodads\trees\tirisfalltreestump02.m2;18389.701171875;64.09820556640625;15357.5966796875;0;217.42654418945312;0;;0.5546875;141783;m2;204136;0;
..\..\world\lordaeron\plagueland\passivedoodads\bushes\plaguelandwesternbush02.m2;18558.26171875;66.2627182006836;15385.5234375;0;166.16229248046875;10.5;;0.97265625;153088;m2;203732;0;
..\..\world\lordaeron\plagueland\passivedoodads\bushes\plaguelandwesternbush02.m2;18466.798828125;68.34923553466797;15410.4541015625;22.500001907348633;64.634521484375;-5.500000953674316;;0.8740234375;153059;m2;203732;0;
..\..\world\lordaeron\plagueland\passivedoodads\bushes\plaguelandwesternbush02.m2;18666.30859375;68.09000396728516;15355.3291015625;-3.9999990463256836;63.4150390625;-16.000001907348633;;0.8623046875;153013;m2;203732;0;
..\..\world\lordaeron\plagueland\passivedoodads\bushes\plaguelandwesternbush02.m2;18594.7734375;69.6207275390625;15352.40234375;0;237.94915771484375;0;;0.966796875;153045;m2;203732;0;
..\..\world\lordaeron\plagueland\passivedoodads\bushes\plaguelandwesternbush04.m2;18279.755859375;62.83326721191406;15222.228515625;0;90.80477905273438;0;;0.7783203125;153392;m2;203734;0;
..\..\world\lordaeron\plagueland\passivedoodads\bushes\plaguelandwesternbush02.m2;18353.060546875;66.6442642211914;15456.068359375;14.5;119.908447265625;-3.499999523162842;;0.8876953125;153204;m2;203732;0;
..\..\world\generic\human\passivedoodads\lamps\westernplaguelandslampostbroken02.m2;18548.39453125;62.2177619934082;15342.21484375;0;356.3304443359375;0;;1;137512;m2;198322;0;
..\..\world\generic\human\passivedoodads\lamps\westernplaguelandslampostbroken02.m2;18215.92578125;62.00568389892578;15441.654296875;0;121.80914306640625;0;;1;137552;m2;198322;0;
..\..\world\generic\human\passivedoodads\lamps\westernplaguelandslampostbroken02.m2;18456.845703125;67.44955444335938;15446.2509765625;0;165.5;0;;1;135028;m2;198322;0;
..\..\world\generic\human\passivedoodads\lamps\westernplaguelandslampostbroken02.m2;18318.80078125;68.90657043457031;15419.6142578125;0;213.52879333496094;0;;1;137549;m2;198322;0;
..\..\world\azeroth\westfall\passivedoodads\westfallfence\westfallfence.m2;18324.439453125;60.53722381591797;15312.8779296875;-15.000000953674316;212;-63.500003814697266;;1;143588;m2;190659;0;
..\..\world\lordaeron\plagueland\passivedoodads\bushes\plaguelandwesternbush02.m2;18560.384765625;61.13999557495117;15462.716796875;9.5;202.7149200439453;3.500000238418579;;0.9501953125;153065;m2;203732;0;
..\..\world\lordaeron\plagueland\passivedoodads\bushes\plaguelandwesternbush02.m2;18346.974609375;65.0363998413086;15382.9716796875;0.500000536441803;45.341949462890625;8.999999046325684;;0.8857421875;153423;m2;203732;0;
..\..\world\lordaeron\plagueland\passivedoodads\bushes\plaguelandwesternbush02.m2;18440.25;63.52876281738281;15198.6884765625;7.499999523162842;68.2491455078125;14.5;;0.87109375;153560;m2;203732;0;
..\..\world\lordaeron\plagueland\passivedoodads\bushes\plaguelandwesternbush03.m2;18584.90234375;66.21443939208984;15347.8203125;0;70.5126953125;0;;0.71484375;153095;m2;203733;0;
..\..\world\lordaeron\plagueland\passivedoodads\bushes\plaguelandwesternbush04.m2;18180.947265625;62.96135711669922;15352.572265625;0;245.5052490234375;0;;0.59765625;153303;m2;203734;0;
..\..\world\lordaeron\plagueland\passivedoodads\bushes\plaguelandwesternbush02.m2;18454.90234375;70.22513580322266;15393.841796875;0;153.044189453125;0;;0.970703125;153100;m2;203732;0;
..\..\world\generic\human\passivedoodads\tables\duskwoodtable01.m2;18663.833984375;60.8483772277832;15140.2265625;0;319;0;;1;142074;m2;198602;0;
..\..\world\lordaeron\plagueland\passivedoodads\bushes\plaguelandwesternbush01.m2;18668.283203125;68.3792953491211;15357.318359375;0;180.25819396972656;0;;0.7724609375;153010;m2;203731;0;
..\..\world\lordaeron\plagueland\passivedoodads\bushes\plaguelandwesternbush02.m2;18415.7421875;61.82272720336914;15451.4541015625;0;32.340850830078125;0;;0.9501953125;153146;m2;203732;0;
..\..\world\lordaeron\plagueland\passivedoodads\bushes\plaguelandwesternbush02.m2;18513.61328125;61.9407844543457;15226.7978515625;2.5;16.7095947265625;-3.000000238418579;;0.9931640625;153530;m2;203732;0;
..\..\world\generic\human\passivedoodads\lamps\westernplaguelandslampostbroken01.m2;18348.291015625;68.8472671508789;15423.0029296875;0;124.5447998046875;0;;1;137548;m2;198321;0;
..\..\world\generic\human\passivedoodads\lamps\westernplaguelandslampostbroken01.m2;18248.453125;60.5795783996582;15422.248046875;0;191.18991088867188;0;;1;137551;m2;198321;0;
..\..\world\lordaeron\plagueland\passivedoodads\bushes\plaguelandwesternbush02.m2;18155.83984375;65.39669799804688;15330.12109375;-2;189.94842529296875;-5.500000476837158;;1.037109375;156133;m2;203732;0;
..\..\world\lordaeron\plagueland\passivedoodads\bushes\plaguelandwesternbush02.m2;18453.578125;69.31653594970703;15323.056640625;-6.000000476837158;294.01409912109375;23.500001907348633;;0.822265625;153455;m2;203732;0;
..\..\world\lordaeron\plagueland\passivedoodads\bushes\plaguelandwesternbush02.m2;18510.759765625;61.51696014404297;15239.6142578125;12;76.6868896484375;7.499999523162842;;0.9560546875;153528;m2;203732;0;
..\..\world\azeroth\westfall\passivedoodads\westfallfence\westfallfence.m2;18472.3515625;67.68096923828125;15436.48046875;-26.499998092651367;27;-24.5;;1;140231;m2;190659;0;
..\..\world\lordaeron\plagueland\passivedoodads\bushes\plaguelandwesternbush03.m2;18158.537109375;63.17757797241211;15257.1484375;-6.5;186.78427124023438;7.499999523162842;;0.7646484375;156134;m2;203733;0;
..\..\world\lordaeron\plagueland\passivedoodads\bushes\plaguelandwesternbush03.m2;18440.1171875;69.55353546142578;15389.201171875;0;326.72509765625;0;;0.65234375;153096;m2;203733;0;
..\..\world\lordaeron\plagueland\passivedoodads\bushes\plaguelandwesternbush02.m2;18441.861328125;66.95940399169922;15428.7177734375;17;282.9285583496094;-7.500000953674316;;0.9482421875;153183;m2;203732;0;
..\..\world\lordaeron\plagueland\passivedoodads\bushes\plaguelandwesternbush02.m2;18345.865234375;67.30277252197266;15455.2509765625;3.5000007152557373;226.79769897460938;14.5;;0.8330078125;153203;m2;203732;0;
..\..\world\azeroth\westfall\passivedoodads\outhouse\outhouse.m2;18305.013671875;59.87753677368164;15272.4111328125;0;229.5902862548828;0;;1;141844;m2;190617;0;
..\..\world\lordaeron\plagueland\passivedoodads\bushes\plaguelandwesternbush02.m2;18195.26953125;63.53158187866211;15236.2578125;0.9999998807907104;113.87677001953125;13.5;;0.87109375;153404;m2;203732;0;
..\..\world\lordaeron\plagueland\passivedoodads\bushes\plaguelandwesternbush02.m2;18142.671875;67.15434265136719;15265.513671875;2.5;113.10769653320312;2;;0.966796875;156138;m2;203732;0;
..\..\world\lordaeron\plagueland\passivedoodads\bushes\plaguelandwesternbush02.m2;18395.98828125;67.31786346435547;15417.396484375;-0.4999999403953552;193.80474853515625;-5;;0.9892578125;153127;m2;203732;0;
..\..\world\lordaeron\plagueland\passivedoodads\bushes\plaguelandwesternbush02.m2;18546.052734375;62.13400650024414;15172.8447265625;-5.000000476837158;61.77801513671875;9.000001907348633;;0.896484375;153613;m2;203732;0;
..\..\world\lordaeron\plagueland\passivedoodads\bushes\plaguelandwesternbush02.m2;18337.888671875;60.39963150024414;15279.2236328125;21.500001907348633;301.8720703125;8.500001907348633;;0.8173828125;153337;m2;203732;0;
..\..\world\lordaeron\plagueland\passivedoodads\bushes\plaguelandwesternbush02.m2;18454.83203125;69.98529052734375;15389.10546875;-3.500000238418579;56.39453125;-0.5000000596046448;;0.904296875;153098;m2;203732;0;
..\..\world\generic\human\passivedoodads\tables\duskwoodtable01.m2;18400.75390625;60.12563705444336;15197.9580078125;0;15.5;0;;1;153485;m2;198602;0;
..\..\world\lordaeron\plagueland\passivedoodads\bushes\plaguelandwesternbush02.m2;18562.1484375;63.95816421508789;15431.294921875;12;152.319091796875;0;;0.8818359375;153053;m2;203732;0;
..\..\world\lordaeron\plagueland\passivedoodads\bushes\plaguelandwesternbush02.m2;18583.333984375;72.79727935791016;14995.2705078125;0;33.267608642578125;0;;0.92578125;156627;m2;203732;0;
..\..\world\lordaeron\plagueland\passivedoodads\bushes\plaguelandwesternbush02.m2;18503.189453125;64.71715545654297;15427.541015625;-15.000000953674316;15.846435546875;2;;0.9345703125;153062;m2;203732;0;
..\..\world\lordaeron\plagueland\passivedoodads\bushes\plaguelandwesternbush02.m2;18514.734375;61.806396484375;15231.8759765625;7.000000476837158;107.86707305908203;10.499998092651367;;0.9208984375;153527;m2;203732;0;
..\..\world\lordaeron\tirisfalglade\passivedoodads\trees\tirisfalltreestump02.m2;18437.21484375;64.87039947509766;15428.0234375;0;0;0;;0.69921875;140195;m2;204136;0;
..\..\world\lordaeron\plagueland\passivedoodads\bushes\plaguelandwesternbush02.m2;18179.7265625;65.0351333618164;15385.529296875;-15.499998092651367;44.1773681640625;-16;;0.7861328125;153289;m2;203732;0;
..\..\world\azeroth\westfall\passivedoodads\westfallfence\westfallfence.m2;18194.384765625;62.67868423461914;15363.96484375;-28.500001907348633;33.5;-27.500001907348633;;1;143564;m2;190659;0;
..\..\world\lordaeron\tirisfalglade\passivedoodads\trees\tirisfalltreestump02.m2;18538.21484375;59.54823684692383;15134.7392578125;10.000000953674316;345.92608642578125;3.500000476837158;;0.5556640625;141231;m2;204136;0;
..\..\world\lordaeron\plagueland\passivedoodads\bushes\plaguelandwesternbush02.m2;18638.951171875;66.7765884399414;15421.1123046875;-12.999998092651367;96.47390747070312;-25.5;;0.8916015625;153029;m2;203732;0;
..\..\world\lordaeron\plagueland\passivedoodads\bushes\plaguelandwesternbush02.m2;18510.38671875;63.57656478881836;15430.4736328125;-6.5;18.01812744140625;-21;;0.84375;153063;m2;203732;0;
..\..\world\lordaeron\plagueland\passivedoodads\bushes\plaguelandwesternbush04.m2;18185.830078125;62.66969299316406;15425.4765625;0;112.558349609375;0;;0.578125;153294;m2;203734;0;
..\..\world\lordaeron\tirisfalglade\passivedoodads\trees\tirisfalltreestump01.m2;18572.134765625;59.15696334838867;15190.0478515625;0;0;0;;0.4892578125;142041;m2;204135;0;
..\..\world\lordaeron\plagueland\passivedoodads\bushes\plaguelandwesternbush01.m2;18614.33984375;61.57805633544922;15305.599609375;0;306.39605712890625;0;;0.5439453125;153595;m2;203731;0;
..\..\world\lordaeron\plagueland\passivedoodads\bushes\plaguelandwesternbush02.m2;18438.826171875;69.20313262939453;15322.103515625;0;145.84796142578125;0;;0.8984375;153452;m2;203732;0;
..\..\world\lordaeron\plagueland\passivedoodads\bushes\plaguelandwesternbush02.m2;18444.423828125;65.31865692138672;15266.9248046875;-0.4999992549419403;63.283172607421875;-14.999999046325684;;0.8154296875;153480;m2;203732;0;
..\..\world\azeroth\duskwood\passivedoodads\fence\duskwoodfencebottom.m2;18582.720703125;60.01793670654297;15268.326171875;-13.99999713897705;252.5;-0.000002639732429088326;;1;142067;m2;189464;0;
..\..\world\lordaeron\plagueland\passivedoodads\bushes\plaguelandwesternbush02.m2;18258.158203125;64.97935485839844;15442.0166015625;8.000000953674316;192.06884765625;2.5;;0.99609375;153258;m2;203732;0;
..\..\world\azeroth\westfall\passivedoodads\westfallfence\westfallfence.m2;18573.5078125;59.86886978149414;15259.6953125;-14.499998092651367;67.5;4.999999046325684;;1;142073;m2;190659;0;
..\..\world\lordaeron\plagueland\passivedoodads\bushes\plaguelandwesternbush02.m2;18536.111328125;63.72479248046875;15382.044921875;-1.5000001192092896;356.8468322753906;16.000001907348633;;0.953125;153081;m2;203732;0;
..\..\world\lordaeron\plagueland\passivedoodads\bushes\plaguelandwesternbush01.m2;18613.0546875;61.32015609741211;15304.4853515625;0;184.8804931640625;0;;0.6767578125;153594;m2;203731;0;
..\..\world\lordaeron\plagueland\passivedoodads\bushes\plaguelandwesternbush02.m2;18540.642578125;64.57096099853516;15378.7197265625;0.5;187.09188842773438;-11.5;;0.9443359375;153082;m2;203732;0;
..\..\world\lordaeron\plagueland\passivedoodads\bushes\plaguelandwesternbush03.m2;18488.693359375;66.37850189208984;15464.412109375;0;309.39239501953125;0;;0.6064453125;153106;m2;203733;0;
..\..\world\lordaeron\plagueland\passivedoodads\bushes\plaguelandwesternbush02.m2;18352.8671875;64.9850845336914;15382.12109375;-8;156.6807861328125;12.499999046325684;;0.8525390625;153424;m2;203732;0;
..\..\world\critter\fireflies\fireflies01.m2;18481.126953125;67.88398742675781;15447.3515625;0;55.5;0;;1.6298828125;140178;m2;190731;0;
..\..\world\lordaeron\plagueland\passivedoodads\bushes\plaguelandwesternbush02.m2;18450.310546875;70.1554946899414;15392.6552734375;0;10.38238525390625;5.5;;0.9599609375;153097;m2;203732;0;
..\..\world\lordaeron\plagueland\passivedoodads\bushes\plaguelandwesternbush03.m2;18466.634765625;67.71829986572266;15424.197265625;0;236.60525512695312;0;;0.611328125;153103;m2;203733;0;
..\..\world\lordaeron\plagueland\passivedoodads\bushes\plaguelandwesternbush02.m2;18144.166015625;69.99573516845703;15360.5078125;10;126.17083740234375;12.999999046325684;;0.7900390625;156181;m2;203732;0;
..\..\world\lordaeron\plagueland\passivedoodads\bushes\plaguelandwesternbush02.m2;18344.36328125;64.1062240600586;15372.4208984375;4.5;306.07745361328125;14.499998092651367;;0.806640625;153428;m2;203732;0;
..\..\world\lordaeron\plagueland\passivedoodads\bushes\plaguelandwesternbush02.m2;18441.8125;69.85447692871094;15325.3828125;0;349.61761474609375;-9;;0.92578125;153453;m2;203732;0;
..\..\world\azeroth\duskwood\passivedoodads\fence\duskwoodfencebottom.m2;18213.78125;60.25684356689453;15297.3740234375;-22.5;126.5;-20;;1;142511;m2;189464;0;
..\..\world\lordaeron\plagueland\passivedoodads\bushes\plaguelandwesternbush02.m2;18398.6484375;67.3664321899414;15420.7060546875;0;241.54180908203125;-3;;0.8701171875;153126;m2;203732;0;
..\..\world\azeroth\duskwood\passivedoodads\ruins\duskwoodruinsbeam.m2;18323.095703125;60.24861145019531;15339.072265625;46;336;12.499999046325684;;0.7392578125;141111;m2;189510;0;
..\..\world\lordaeron\plagueland\passivedoodads\bushes\plaguelandwesternbush02.m2;18481.92578125;63.75004196166992;15222.2216796875;4;314.67999267578125;-16.000001907348633;;0.77734375;153646;m2;203732;0;
..\..\world\lordaeron\plagueland\passivedoodads\bushes\plaguelandwesternbush02.m2;18173.251953125;65.86006164550781;15288.4365234375;-16.5;145.54034423828125;12.5;;0.7724609375;156145;m2;203732;0;
..\..\world\lordaeron\plagueland\passivedoodads\bushes\plaguelandwesternbush02.m2;18448.166015625;64.02291870117188;15188.98046875;-5.499998569488525;329.182373046875;-15.999996185302734;;0.76953125;153567;m2;203732;0;
..\..\world\lordaeron\plagueland\passivedoodads\bushes\plaguelandwesternbush02.m2;18487.158203125;66.658935546875;15395.2197265625;-17;210.9768829345703;2.999999761581421;;0.7958984375;153075;m2;203732;0;
..\..\world\lordaeron\plagueland\passivedoodads\bushes\plaguelandwesternbush02.m2;18200.876953125;63.4465217590332;15220.3955078125;0;84.4324951171875;-5.499999523162842;;0.998046875;153408;m2;203732;0;
..\..\world\lordaeron\plagueland\passivedoodads\bushes\plaguelandwesternbush02.m2;18489.259765625;66.53934478759766;15383.3115234375;-4.499999046325684;98.06695556640625;-19.5;;0.8662109375;153069;m2;203732;0;
..\..\world\lordaeron\plagueland\passivedoodads\bushes\plaguelandwesternbush02.m2;18506.986328125;64.20808410644531;15426.9228515625;-10.500000953674316;10.38238525390625;-12;;0.9052734375;153061;m2;203732;0;
..\..\world\generic\undead\passivedoodads\meatwagonpieces\meatwagonroller.m2;18393.806640625;61.07243728637695;15463.0634765625;-4.2688682810876344e-7;24.5;-35.00000762939453;;1;146994;m2;200671;0;
..\..\world\lordaeron\plagueland\passivedoodads\bushes\plaguelandwesternbush02.m2;18461.884765625;70.68150329589844;15338.5546875;4.5;281.0388488769531;0;;0.9833984375;153467;m2;203732;0;
..\..\world\lordaeron\plagueland\passivedoodads\bushes\plaguelandwesternbush02.m2;18439.96875;65.33035278320312;15280.2490234375;-7.500000953674316;247.47457885742188;-3.5;;0.849609375;153482;m2;203732;0;
..\..\world\lordaeron\plagueland\passivedoodads\bushes\plaguelandwesternbush01.m2;18435.822265625;66.03771209716797;15425.82421875;0;199.15524291992188;0;;0.5634765625;153182;m2;203731;0;
..\..\world\lordaeron\plagueland\passivedoodads\bushes\plaguelandwesternbush02.m2;18350.955078125;62.73966598510742;15212.396484375;8;213.11927795410156;6.499999046325684;;0.8046875;153384;m2;203732;0;
..\..\world\azeroth\duskwood\passivedoodads\fence\duskwoodfencetopbroken.m2;18389.337890625;65.13871002197266;15374.3935546875;-8.537736562175269e-7;210.5;34.5;;1;143605;m2;189472;0;
..\..\world\lordaeron\plagueland\passivedoodads\bushes\plaguelandwesternbush02.m2;18133.087890625;64.33711242675781;15238.15234375;0;269.2062072753906;6.5;;1.0302734375;156151;m2;203732;0;
..\..\world\lordaeron\plagueland\passivedoodads\bushes\plaguelandwesternbush02.m2;18557.5078125;64.62979888916016;15391.787109375;-18.000001907348633;254.65985107421875;-4.000000953674316;;0.8466796875;153091;m2;203732;0;
..\..\world\lordaeron\plagueland\passivedoodads\bushes\plaguelandwesternbush02.m2;18396.162109375;67.36091613769531;15416.0146484375;-5.499999523162842;78.54364013671875;-3;;0.93359375;153124;m2;203732;0;
..\..\world\lordaeron\plagueland\passivedoodads\bushes\plaguelandwesternbush02.m2;18336.6484375;61.13071060180664;15319.958984375;6;229.86297607421875;-9;;0.7783203125;153341;m2;203732;0;
..\..\world\lordaeron\tirisfalglade\passivedoodads\bushes\tirisfallgladebush03.m2;18195.01953125;62.56612777709961;15363.6484375;-21.499998092651367;311.953857421875;-3.5000009536743164;;0.9482421875;153301;m2;204098;0;
..\..\world\lordaeron\plagueland\passivedoodads\bushes\plaguelandwesternbush02.m2;18403.40234375;63.81684112548828;15441.912109375;-2;163.4376220703125;5.499999523162842;;0.8828125;153134;m2;203732;0;
..\..\world\lordaeron\plagueland\passivedoodads\bushes\plaguelandwesternbush02.m2;18581.728515625;73.36283111572266;14987.822265625;0;275.8641357421875;0;;1.0380859375;156626;m2;203732;0;
..\..\world\lordaeron\plagueland\passivedoodads\bushes\plaguelandwesternbush02.m2;18559.193359375;61.62417221069336;15465.4716796875;-1.5;195.71641540527344;15.999998092651367;;0.8076171875;153054;m2;203732;0;
..\..\world\lordaeron\plagueland\passivedoodads\bushes\plaguelandwesternbush02.m2;18612.541015625;64.6992416381836;15060.2978515625;0;177.44561767578125;0;;1.08203125;156616;m2;203732;0;
..\..\world\lordaeron\plagueland\passivedoodads\bushes\plaguelandwesternbush02.m2;18432.201171875;65.32585906982422;15263.3486328125;8.499999046325684;220.3045654296875;-8.500000953674316;;0.755859375;153475;m2;203732;0;
..\..\world\lordaeron\plagueland\passivedoodads\bushes\plaguelandwesternbush02.m2;18458.634765625;63.03892135620117;15297.3447265625;0.500000536441803;115.7664794921875;-12;;0.7861328125;153469;m2;203732;0;
..\..\world\lordaeron\plagueland\passivedoodads\bushes\plaguelandwesternbush02.m2;18466.171875;70.29610443115234;15336.228515625;6.000000476837158;55.53759765625;-10.000000953674316;;0.7861328125;153461;m2;203732;0;
..\..\world\lordaeron\plagueland\passivedoodads\bushes\plaguelandwesternbush02.m2;18633.568359375;69.84175109863281;15364.4716796875;0;153.5430908203125;0;;0.8671875;153017;m2;203732;0;
..\..\world\lordaeron\plagueland\passivedoodads\bushes\plaguelandwesternbush02.m2;18340.05078125;62.05082321166992;15313.943359375;15.499999046325684;295.2336120605469;5.500001907348633;;0.791015625;153343;m2;203732;0;
..\..\world\lordaeron\plagueland\passivedoodads\bushes\plaguelandwesternbush02.m2;18206.865234375;62.02901077270508;15219.1015625;-0.49999988079071045;212.0535888671875;12.999999046325684;;0.765625;153410;m2;203732;0;
..\..\world\lordaeron\plagueland\passivedoodads\bushes\plaguelandwesternbush02.m2;18591.103515625;60.98949432373047;15422.46484375;0;49.86407470703125;0;;0.8359375;153035;m2;203732;0;
..\..\world\lordaeron\plagueland\passivedoodads\bushes\plaguelandwesternbush02.m2;18344.453125;61.95710754394531;15210.466796875;0;172.1939697265625;-7.500000476837158;;0.923828125;153383;m2;203732;0;
..\..\world\lordaeron\plagueland\passivedoodads\bushes\plaguelandwesternbush02.m2;18454.349609375;69.87641143798828;15327.6298828125;-6.999999523162842;131.4114990234375;6;;0.767578125;153454;m2;203732;0;
..\..\world\lordaeron\plagueland\passivedoodads\bushes\plaguelandwesternbush02.m2;18526.953125;64.71297454833984;15102.990234375;12.499999046325684;191.14596557617188;2.5;;0.9130859375;156537;m2;203732;0;
..\..\world\azeroth\duskwood\passivedoodads\fence\duskwoodfencebottom.m2;18179.3984375;63.12703323364258;15331.0205078125;-8.999999046325684;156.5;-38.5;;1;143555;m2;189464;0;
..\..\world\lordaeron\plagueland\passivedoodads\bushes\plaguelandwesternbush02.m2;18451.8984375;69.6949234008789;15397.1416015625;-1.5;226.6768341064453;-1.5;;0.814453125;153101;m2;203732;0;
..\..\world\lordaeron\plagueland\passivedoodads\bushes\plaguelandwesternbush02.m2;18131.5546875;67.22538757324219;15262.806640625;0;167.766357421875;0;;0.953125;156140;m2;203732;0;
..\..\world\lordaeron\plagueland\passivedoodads\bushes\plaguelandwesternbush04.m2;18483.90234375;65.76468658447266;15355.3017578125;0;94.65011596679688;0;;0.638671875;153442;m2;203734;0;
..\..\world\lordaeron\plagueland\passivedoodads\bushes\plaguelandwesternbush02.m2;18517.521484375;63.49656295776367;15291.935546875;5.000000476837158;133.654296875;11.5;;0.751953125;153623;m2;203732;0;
..\..\world\lordaeron\plagueland\passivedoodads\bushes\plaguelandwesternbush02.m2;18313.95703125;69.52967834472656;15440.462890625;-7.500000476837158;314.44927978515625;7;;0.75390625;153239;m2;203732;0;
..\..\world\lordaeron\plagueland\passivedoodads\bushes\plaguelandwesternbush02.m2;18599.533203125;61.44498825073242;15426.427734375;0;325.99627685546875;0;;0.8310546875;153036;m2;203732;0;
..\..\world\lordaeron\plagueland\passivedoodads\bushes\plaguelandwesternbush02.m2;18411.861328125;62.52474594116211;15447.9296875;0;10.29449462890625;0;;0.96484375;153145;m2;203732;0;
..\..\world\lordaeron\plagueland\passivedoodads\bushes\plaguelandwesternbush02.m2;18419.39453125;62.04469680786133;15261.8115234375;0.5000001192092896;60.1629638671875;10.000000953674316;;0.7724609375;153472;m2;203732;0;
..\..\world\lordaeron\plagueland\passivedoodads\bushes\plaguelandwesternbush02.m2;18564.455078125;65.46891784667969;15318.6552734375;0;304.3525390625;0;;0.8291015625;153543;m2;203732;0;
..\..\world\lordaeron\tirisfalglade\passivedoodads\trees\tirisfalltreestump02.m2;18160.845703125;59.51885986328125;15208.333984375;0;174.55609130859375;0;;0.5830078125;154445;m2;204136;0;
..\..\world\lordaeron\plagueland\passivedoodads\bushes\plaguelandwesternbush02.m2;18588.197265625;63.50844955444336;15304.822265625;9.499999046325684;105.60379028320312;-10;;0.80859375;153551;m2;203732;0;
..\..\world\azeroth\duskwood\passivedoodads\fence\duskwoodfencebottom.m2;18209.130859375;61.79975891113281;15379.8115234375;-11;29;-0.4999997913837433;;1;143568;m2;189464;0;
..\..\world\lordaeron\plagueland\passivedoodads\bushes\plaguelandwesternbush02.m2;18558.615234375;66.72631072998047;15312.662109375;3.000000238418579;257.4284973144531;-4.500000476837158;;0.892578125;153544;m2;203732;0;
..\..\world\lordaeron\plagueland\passivedoodads\bushes\plaguelandwesternbush02.m2;18398.541015625;63.34935760498047;15442.2353515625;4.5;8.943145751953125;6;;0.91015625;153133;m2;203732;0;
..\..\world\lordaeron\plagueland\passivedoodads\bushes\plaguelandwesternbush02.m2;18307.6953125;71.66398620605469;15450.0927734375;0;16.26025390625;0;;0.896484375;153231;m2;203732;0;
..\..\world\lordaeron\plagueland\passivedoodads\bushes\plaguelandwesternbush02.m2;18444.298828125;65.37370300292969;15274.9736328125;-10.500000953674316;267.3164978027344;-3.499999761581421;;0.990234375;153481;m2;203732;0;
..\..\world\lordaeron\plagueland\passivedoodads\bushes\plaguelandwesternbush02.m2;18416.87109375;62.27982711791992;15449.6708984375;0;206.6591339111328;0;;0.8330078125;153144;m2;203732;0;
..\..\world\azeroth\duskwood\passivedoodads\fence\duskwoodfencebottombroken.m2;18393.2109375;66.0494384765625;15380.771484375;-13.000000953674316;32.5;0;;1;143603;m2;189465;0;
..\..\world\azeroth\duskwood\passivedoodads\fence\duskwoodfencebottombroken.m2;18322.986328125;60.56201934814453;15308.884765625;-4.999999523162842;202.5;16.999998092651367;;1;143587;m2;189465;0;
..\..\world\lordaeron\plagueland\passivedoodads\bushes\plaguelandwesternbush02.m2;18462.7578125;69.14603424072266;15410.2177734375;0;40.31005859375;0;;0.8017578125;153057;m2;203732;0;
..\..\world\lordaeron\plagueland\passivedoodads\bushes\plaguelandwesternbush02.m2;18178.689453125;64.34032440185547;15280.82421875;10.500000953674316;93.37567138671875;-4.500000476837158;;0.958984375;156147;m2;203732;0;
..\..\world\azeroth\duskwood\passivedoodads\fence\duskwoodfencebottom.m2;18373.943359375;61.05916976928711;15355.3515625;-19.500003814697266;56.5;-2.499999523162842;;1;142517;m2;189464;0;
..\..\world\azeroth\duskwood\passivedoodads\fence\duskwoodfencetopbroken.m2;18588.345703125;60.18144989013672;15275.916015625;1.000000238418579;0;37.5;;1;142066;m2;189472;0;
..\..\world\lordaeron\plagueland\passivedoodads\bushes\plaguelandwesternbush02.m2;18344.78515625;61.94808578491211;15323.2060546875;-5.500000476837158;154.9559326171875;-9.000001907348633;;0.7548828125;153344;m2;203732;0;
..\..\world\lordaeron\tirisfalglade\passivedoodads\bushes\tirisfallgladebush03.m2;18415.361328125;69.82353210449219;15381.8291015625;21.999996185302734;292.3990478515625;6.999999046325684;;0.9697265625;153437;m2;204098;0;
..\..\world\lordaeron\plagueland\passivedoodads\bushes\plaguelandwesternbush04.m2;18570.720703125;59.99539566040039;15191.0810546875;0;15.436279296875;0;;0.5419921875;153604;m2;203734;0;
..\..\world\lordaeron\plagueland\passivedoodads\bushes\plaguelandwesternbush02.m2;18190.576171875;64.796630859375;15227.08984375;-8.5;55.394775390625;0.9999995827674866;;0.759765625;153406;m2;203732;0;
..\..\world\lordaeron\tirisfalglade\passivedoodads\bushes\tirisfallgladebush03.m2;18217.232421875;60.32041549682617;15384.8896484375;-33;286.10369873046875;1.000003695487976;;0.9873046875;153298;m2;204098;0;
..\..\world\lordaeron\plagueland\passivedoodads\bushes\plaguelandwesternbush02.m2;18440.9921875;66.19087219238281;15269.2734375;0;228.02818298339844;0;;0.7919921875;153479;m2;203732;0;
..\..\world\lordaeron\silverpine\passivedoodads\bushes\silverpinebush02.m2;18584.1015625;60.67229080200195;15464.634765625;0;0;-4.5;;1;587044;m2;203969;0;
..\..\world\lordaeron\plagueland\passivedoodads\bushes\plaguelandwesternbush02.m2;18563.564453125;64.3656234741211;15438.0517578125;-12.000001907348633;338.91656494140625;-9.499999046325684;;0.7509765625;153046;m2;203732;0;
..\..\world\lordaeron\plagueland\passivedoodads\bushes\plaguelandwesternbush02.m2;18366.455078125;61.33170700073242;15227.8642578125;12;14.941864013671875;-13;;0.767578125;153388;m2;203732;0;
..\..\world\azeroth\westfall\passivedoodads\westfallfence\westfallfence.m2;18617.193359375;62.03926467895508;15307.8046875;-26.999998092651367;233.5;-20;;1;131515;m2;190659;0;
..\..\world\lordaeron\plagueland\passivedoodads\bushes\plaguelandwesternbush02.m2;18354.994140625;60.72315979003906;15237.3017578125;4;80.20263671875;15.500000953674316;;0.79296875;153375;m2;203732;0;
..\..\world\lordaeron\plagueland\passivedoodads\bushes\plaguelandwesternbush02.m2;18649.375;67.53543853759766;14994.60546875;-11;247.9140625;2.499999523162842;;0.7841796875;156650;m2;203732;0;
..\..\world\lordaeron\plagueland\passivedoodads\bushes\plaguelandwesternbush02.m2;18637.125;69.66816711425781;15364.5322265625;0;21.127349853515625;0;;0.8369140625;153016;m2;203732;0;
..\..\world\lordaeron\plagueland\passivedoodads\bushes\plaguelandwesternbush02.m2;18504.2421875;65.12911987304688;15430.1298828125;0;146.97958374023438;0;;0.79296875;153060;m2;203732;0;
..\..\world\azeroth\duskwood\passivedoodads\fence\duskwoodfencetopbroken.m2;18228.966796875;59.71200180053711;15396.3984375;-6.5;27;0.4999997913837433;;1;143573;m2;189472;0;
..\..\world\lordaeron\tirisfalglade\passivedoodads\bushes\tirisfallgladebush03.m2;18203.59765625;62.33524703979492;15373.13671875;-27;324.4471435546875;12.5;;0.896484375;153300;m2;204098;0;
..\..\world\lordaeron\plagueland\passivedoodads\bushes\plaguelandwesternbush03.m2;18652.3984375;65.34523010253906;15345.9404296875;0;24.5;0;;0.5693359375;153116;m2;203733;0;
..\..\world\lordaeron\plagueland\passivedoodads\bushes\plaguelandwesternbush02.m2;18450.607421875;69.59092712402344;15396.7216796875;0;80.55419921875;0;;0.9189453125;153102;m2;203732;0;
..\..\world\azeroth\duskwood\passivedoodads\fence\duskwoodfencebottom.m2;18210.4296875;61.53335189819336;15380.759765625;-4.499999523162842;240.50003051757812;0;;1;143569;m2;189464;0;
..\..\world\lordaeron\plagueland\passivedoodads\bushes\plaguelandwesternbush04.m2;18323.580078125;60.00773239135742;15299.1123046875;0;87.66259765625;0;;0.615234375;153340;m2;203734;0;
..\..\world\lordaeron\plagueland\passivedoodads\bushes\plaguelandwesternbush02.m2;18144.357421875;66.82565307617188;15402.2021484375;0;332.5333557128906;0;;0.7958984375;156189;m2;203732;0;
..\..\world\azeroth\duskwood\passivedoodads\fence\duskwoodfencebottom.m2;18661.169921875;60.46915817260742;15288.669921875;-13.499999046325684;305;1.9999995231628418;;1;142100;m2;189464;0;
..\..\world\azeroth\duskwood\passivedoodads\fence\duskwoodfencebottombroken.m2;18263.642578125;59.92594528198242;15375.630859375;-5.499999523162842;136.5;-22.5;;1;143600;m2;189465;0;
..\..\world\azeroth\westfall\passivedoodads\westfallfence\westfallfence.m2;18249.1171875;59.59965896606445;15387.4853515625;-22.499998092651367;306.5;5.999998569488525;;1;143582;m2;190659;0;
..\..\world\lordaeron\tirisfalglade\passivedoodads\bushes\tirisfallgladebush03.m2;18255.86328125;60.10704803466797;15399.2685546875;-2;64.63455200195312;18.999998092651367;;0.8935546875;153270;m2;204098;0;
..\..\world\lordaeron\plagueland\passivedoodads\bushes\plaguelandwesternbush02.m2;18302.59765625;70.02044677734375;15444.52734375;22.500001907348633;189.98138427734375;-10;;0.7626953125;153237;m2;203732;0;
..\..\world\azeroth\westfall\passivedoodads\westfallfence\westfallfence.m2;18579.6484375;59.99845504760742;15264.8916015625;-20;42;16;;1;142070;m2;190659;0;
..\..\world\azeroth\duskwood\passivedoodads\fence\duskwoodfencebottombroken.m2;18281.814453125;59.62043762207031;15359.9541015625;0;118.5;0;;1;143595;m2;189465;0;
..\..\world\azeroth\duskwood\passivedoodads\fence\duskwoodfencetopbroken.m2;18213.912109375;60.3658332824707;15297.197265625;-16.500001907348633;320.5;-24.000001907348633;;1;142512;m2;189472;0;
..\..\world\azeroth\westfall\passivedoodads\westfallfence\westfallfence.m2;18183.861328125;62.69486618041992;15353.099609375;1.5000001192092896;240.5;0;;1;143562;m2;190659;0;
..\..\world\lordaeron\tirisfalglade\passivedoodads\bushes\tirisfallgladebush03.m2;18310.005859375;59.89154815673828;15293.8330078125;4.5;40.628692626953125;28.000003814697266;;0.84765625;153415;m2;204098;0;
..\..\world\lordaeron\plagueland\passivedoodads\bushes\plaguelandwesternbush03.m2;18371.865234375;60.39368438720703;15191.8466796875;0;287.2886962890625;0;;0.5849609375;153519;m2;203733;0;
..\..\world\lordaeron\plagueland\passivedoodads\bushes\plaguelandwesternbush03.m2;18248.2578125;60.55078125;15422.7578125;0;145.61724853515625;0;;0.5263671875;156272;m2;203733;0;
..\..\world\azeroth\westfall\passivedoodads\westfallfence\westfallfence.m2;18264.78125;59.95535659790039;15374.681640625;-22.500001907348633;309.5;2.5;;1;143599;m2;190659;0;
..\..\world\lordaeron\plagueland\passivedoodads\bushes\plaguelandwesternbush02.m2;18439.416015625;65.21402740478516;15188.591796875;0;119.39205932617188;0;;0.7705078125;153563;m2;203732;0;
..\..\world\lordaeron\plagueland\passivedoodads\bushes\plaguelandwesternbush02.m2;18490.61328125;64.91757202148438;15212.841796875;15.499999046325684;94.71603393554688;3.500000238418579;;0.873046875;153645;m2;203732;0;
..\..\world\lordaeron\plagueland\passivedoodads\bushes\plaguelandwesternbush02.m2;18645.5546875;67.50410461425781;15368.01171875;0;206.89849853515625;0;;0.775390625;153015;m2;203732;0;
..\..\world\lordaeron\plagueland\passivedoodads\bushes\plaguelandwesternbush04.m2;18319.44921875;68.89990997314453;15420.447265625;6.500000476837158;356.6161193847656;1.5000001192092896;;0.560546875;153262;m2;203734;0;
..\..\world\azeroth\duskwood\passivedoodads\fence\duskwoodfencetopbroken.m2;18667.005859375;60.18132400512695;15283.5234375;-7.000000476837158;146.5;0;;1;142099;m2;189472;0;
..\..\world\azeroth\westfall\passivedoodads\westfallfence\westfallfence.m2;18628.15625;62.68653869628906;15317.482421875;3.499999761581421;236.5;11;;1;131512;m2;190659;0;
..\..\world\lordaeron\plagueland\passivedoodads\bushes\plaguelandwesternbush02.m2;18490.48046875;65.79502868652344;15396.6591796875;3;19.6112060546875;-1.5;;0.7822265625;153074;m2;203732;0;
..\..\world\azeroth\duskwood\passivedoodads\fence\duskwoodfencetopbroken.m2;18222.55859375;59.73622512817383;15286.12109375;-9;332;-12.500000953674316;;1;142514;m2;189472;0;
..\..\world\azeroth\westfall\passivedoodads\westfallfence\westfallfence.m2;18624.91796875;62.59442901611328;15314.779296875;-6.5;51;5;;1;131513;m2;190659;0;
..\..\world\lordaeron\plagueland\passivedoodads\bushes\plaguelandwesternbush02.m2;18192.447265625;64.12977600097656;15406.037109375;7.500000953674316;281.7482604980469;-2;;0.8203125;153287;m2;203732;0;
..\..\world\lordaeron\tirisfalglade\passivedoodads\bushes\tirisfallgladebush03.m2;18371.00390625;66.71211242675781;15397.763671875;2.5000011920928955;46.56146240234375;33.5;;0.8310546875;153422;m2;204098;0;
..\..\world\azeroth\duskwood\passivedoodads\fence\duskwoodfencetopbroken.m2;18366.646484375;60.30045700073242;15350.880859375;0;242;0;;1;142516;m2;189472;0;
..\..\world\lordaeron\plagueland\passivedoodads\bushes\plaguelandwesternbush02.m2;18618.705078125;64.80146026611328;15053.6328125;0;96.144287109375;0;;0.9052734375;156615;m2;203732;0;
..\..\world\azeroth\duskwood\passivedoodads\fence\duskwoodfencetopbroken.m2;18649.7421875;60.98976516723633;15133.7861328125;-3.499999761581421;238;0;;1;142110;m2;189472;0;
..\..\world\lordaeron\plagueland\passivedoodads\bushes\plaguelandwesternbush02.m2;18641.595703125;68.57074737548828;15367.1552734375;0;176.742431640625;0;;0.939453125;153014;m2;203732;0;
..\..\world\lordaeron\plagueland\passivedoodads\bushes\plaguelandwesternbush02.m2;18180.123046875;67.5403060913086;15392.87109375;-1.5;259.4390563964844;2.500000238418579;;0.8359375;153288;m2;203732;0;
..\..\world\azeroth\duskwood\passivedoodads\fence\duskwoodfencetopbroken.m2;18293.71875;59.81534957885742;15349.7265625;0;118.5;0;;1;143591;m2;189472;0;
..\..\world\lordaeron\plagueland\passivedoodads\bushes\plaguelandwesternbush02.m2;18564.267578125;61.3321418762207;15463.919921875;3.000000238418579;74.73129272460938;0;;0.8095703125;153055;m2;203732;0;
..\..\world\azeroth\duskwood\passivedoodads\fence\duskwoodfencebottom.m2;18316.076171875;60.24226379394531;15299.552734375;-8.499999046325684;216;18.999998092651367;;1;142515;m2;189464;0;
..\..\world\lordaeron\plagueland\passivedoodads\bushes\plaguelandwesternbush02.m2;18192.705078125;64.63028717041016;15222.6884765625;0.9999998807907104;269.57977294921875;8.999999046325684;;0.869140625;153407;m2;203732;0;
..\..\world\azeroth\duskwood\passivedoodads\fence\duskwoodfencebottombroken.m2;18245.349609375;59.57450485229492;15389.9853515625;0;303;0;;1;143581;m2;189465;0;
..\..\world\azeroth\duskwood\passivedoodads\fence\duskwoodfencebottombroken.m2;18594.763671875;60.31692886352539;15283.2734375;-3.4999990463256836;38;11.999999046325684;;1;142064;m2;189465;0;
..\..\world\azeroth\westfall\passivedoodads\westfallfence\westfallfence.m2;18239.173828125;59.54667282104492;15395.2109375;0;302.5;0;;1;143579;m2;190659;0;
..\..\world\lordaeron\tirisfalglade\passivedoodads\bushes\tirisfallgladebush03.m2;18573.658203125;67.52447509765625;14941.451171875;2;24.939727783203125;22.500003814697266;;0.845703125;156633;m2;204098;0;
..\..\world\lordaeron\plagueland\passivedoodads\bushes\plaguelandwesternbush04.m2;18234.466796875;59.6362190246582;15400.810546875;0;177.49609375;0;;0.5771484375;153296;m2;203734;0;
..\..\world\azeroth\westfall\passivedoodads\westfallfence\westfallfence.m2;18590.9296875;60.16981506347656;15279.16796875;-11.5;42;-2.500000476837158;;1;142065;m2;190659;0;
..\..\world\lordaeron\plagueland\passivedoodads\bushes\plaguelandwesternbush02.m2;18459.5625;68.97234344482422;15405.7021484375;0;86.92648315429688;0;;0.9267578125;153058;m2;203732;0;
..\..\world\azeroth\duskwood\passivedoodads\fence\duskwoodfencebottom.m2;18287.953125;59.63331604003906;15354.677734375;0;123;0;;1;143593;m2;189464;0;
..\..\world\lordaeron\tirisfalglade\passivedoodads\bushes\tirisfallgladebush03.m2;18311.873046875;60.22991943359375;15298.8779296875;21.5;241.02542114257812;17.5;;0.8291015625;153414;m2;204098;0;
..\..\world\lordaeron\plagueland\passivedoodads\bushes\plaguelandwesternbush02.m2;18426.728515625;70.89749908447266;15403.2216796875;0;175.43505859375;0;;0.9052734375;153122;m2;203732;0;
..\..\world\generic\undead\passivedoodads\meatwagonpieces\meatwagonwheel.m2;18507.05859375;60.73695755004883;15417.3271484375;-30.000001907348633;337.5;68;;1;146990;m2;200672;0;
..\..\world\critter\fireflies\fireflies01.m2;18647.939453125;58.81416702270508;15222.958984375;0;298.5;0;;1.359375;145154;m2;190731;0;
..\..\world\lordaeron\plagueland\passivedoodads\bushes\plaguelandwesternbush02.m2;18190.716796875;63.40288543701172;15237.2265625;0.9999998807907104;11.2613525390625;0.5000000596046448;;0.8232421875;153405;m2;203732;0;
..\..\world\lordaeron\tirisfalglade\passivedoodads\bushes\tirisfallgladebush03.m2;18440.787109375;66.3721923828125;15431.4921875;2.499999523162842;96.74856567382812;13.000000953674316;;0.9853515625;153179;m2;204098;0;
..\..\world\lordaeron\plagueland\passivedoodads\bushes\plaguelandwesternbush03.m2;18348.5390625;69.19776153564453;15423.7041015625;0;262.89935302734375;0;;0.615234375;153200;m2;203733;0;
..\..\world\azeroth\westfall\passivedoodads\westfallfence\westfallfence.m2;18214.08984375;60.8690071105957;15382.8310546875;0;235;0;;1;143570;m2;190659;0;
..\..\world\lordaeron\plagueland\passivedoodads\bushes\plaguelandwesternbush02.m2;18514.5;63.74603271484375;15294.0205078125;0;164.4923095703125;0;;0.791015625;153622;m2;203732;0;
..\..\world\azeroth\duskwood\passivedoodads\fence\duskwoodfencetopbroken.m2;18257.36328125;59.714111328125;15251.4580078125;-8.999999046325684;309.5;0.4999999403953552;;1;143584;m2;189472;0;
..\..\world\azeroth\duskwood\passivedoodads\fence\duskwoodfencetopbroken.m2;18552.2734375;60.35222244262695;15240.326171875;0;57;0;;1;142059;m2;189472;0;
..\..\world\azeroth\duskwood\passivedoodads\fence\duskwoodfencetopbroken.m2;18560.158203125;60.31562805175781;15248.3291015625;0;213.00001525878906;0;;1;142062;m2;189472;0;
..\..\world\lordaeron\plagueland\passivedoodads\bushes\plaguelandwesternbush02.m2;18642.037109375;67.35955047607422;15423.2353515625;14.500001907348633;174.55609130859375;7.500000476837158;;0.791015625;153024;m2;203732;0;
..\..\world\lordaeron\plagueland\passivedoodads\bushes\plaguelandwesternbush02.m2;18403.365234375;67.96178436279297;15416.1865234375;-1.5;357.37420654296875;-0.4999999403953552;;0.90234375;153125;m2;203732;0;
..\..\world\azeroth\duskwood\passivedoodads\fence\duskwoodfencetopbroken.m2;18206.12109375;60.91982650756836;15304.6123046875;0;326.5;0;;1;142510;m2;189472;0;
..\..\world\azeroth\duskwood\passivedoodads\fence\duskwoodfencetopbroken.m2;18237.130859375;59.59087371826172;15398.333984375;0;326.5;0;;1;143578;m2;189472;0;
..\..\world\lordaeron\tirisfalglade\passivedoodads\bushes\tirisfallgladebush03.m2;18290.45703125;59.51800537109375;15271.568359375;14.000000953674316;6.50408935546875;25.500001907348633;;0.9453125;153418;m2;204098;0;
..\..\world\lordaeron\tirisfalglade\passivedoodads\bushes\tirisfallgladebush03.m2;18217.009765625;61.95037841796875;15441.4716796875;15.500004768371582;201.16075134277344;12.5;;0.8779296875;156271;m2;204098;0;
..\..\world\lordaeron\plagueland\passivedoodads\bushes\plaguelandwesternbush02.m2;18548.203125;61.95695114135742;15341.35546875;0;120.32595825195312;0;;0.71484375;153542;m2;203732;0;
..\..\world\lordaeron\tirisfalglade\passivedoodads\bushes\tirisfallgladebush03.m2;18339.708984375;61.05762481689453;15324.2841796875;-4.999999523162842;227.548095703125;-19.5;;0.78515625;153346;m2;204098;0;
..\..\world\lordaeron\tirisfalglade\passivedoodads\bushes\tirisfallgladebush03.m2;18267.0546875;60.98892593383789;15392.83984375;7.500001907348633;308.3846435546875;-23.5;;0.7802734375;153268;m2;204098;0;
..\..\world\lordaeron\tirisfalglade\passivedoodads\bushes\tirisfallgladebush03.m2;18390.638671875;65.46166229248047;15361.087890625;-46.99999237060547;108.1417236328125;-19.49999237060547;;0.9072265625;153420;m2;204098;0;
..\..\world\azeroth\westfall\passivedoodads\westfallfence\westfallfence.m2;18254.228515625;59.64405822753906;15254.193359375;-6.999999523162842;313;-2.500000476837158;;1;143583;m2;190659;0;
..\..\world\azeroth\westfall\passivedoodads\westfallfence\westfallfence.m2;18642.25390625;61.8547248840332;15308.474609375;-9.500000953674316;313;7.500000476837158;;1;131519;m2;190659;0;
..\..\world\generic\human\passivedoodads\ballistaruins\ballistawheel01.m2;18488.580078125;66.20406341552734;15461.0009765625;-20.000003814697266;348;5.000000476837158;;1;139872;m2;197951;0;
..\..\world\lordaeron\tirisfalglade\passivedoodads\bushes\tirisfallgladebush03.m2;18203.908203125;62.3671875;15373.63671875;-6;307.14312744140625;-22.500001907348633;;0.787109375;153299;m2;204098;0;
..\..\world\lordaeron\plagueland\passivedoodads\bushes\plaguelandwesternbush04.m2;18618.65234375;67.96501159667969;15332.587890625;0;354.11114501953125;0;;0.5263671875;153591;m2;203734;0;
..\..\world\azeroth\duskwood\passivedoodads\fence\duskwoodfencetopbroken.m2;18222.6171875;60.08938217163086;15286.5390625;0;143;3.0000007152557373;;1;142513;m2;189472;0;
..\..\world\azeroth\duskwood\passivedoodads\fence\duskwoodfencetopbroken.m2;18645.240234375;61.94361877441406;15305.3515625;-1.5;308.5;-3.000000476837158;;1;142043;m2;189472;0;
..\..\world\azeroth\duskwood\passivedoodads\fence\duskwoodfencetopbroken.m2;18656.26953125;61.24399948120117;15138.056640625;-1;54;0;;1;142108;m2;189472;0;
..\..\world\lordaeron\plagueland\passivedoodads\bushes\plaguelandwesternbush02.m2;18464.439453125;69.44725799560547;15407.6884765625;0;272.238525390625;0;;0.896484375;153056;m2;203732;0;
..\..\world\lordaeron\plagueland\passivedoodads\bushes\plaguelandwesternbush02.m2;18432.298828125;63.99932861328125;15197.9052734375;-2.000000476837158;91.9364013671875;6.5;;0.8271484375;153561;m2;203732;0;
..\..\world\azeroth\westfall\passivedoodads\westfallfence\westfallfence.m2;18631.62109375;63.34373092651367;15319.7490234375;-10.500000953674316;313;6;;1;129363;m2;190659;0;
..\..\world\azeroth\duskwood\passivedoodads\fence\duskwoodfencetopbroken.m2;18201.220703125;62.5532112121582;15371.6484375;-3;232;0;;1;143567;m2;189472;0;
..\..\world\generic\human\passivedoodads\catapultruins\catapultball01.m2;18424.857421875;63.52157974243164;15450.7080078125;-11.999999046325684;264.5;71.49999237060547;;1;587043;m2;198095;0;
..\..\world\azeroth\duskwood\passivedoodads\fence\duskwoodfencebottom.m2;18602.68359375;60.55044937133789;15163.076171875;-9;316.5;0.5000001788139343;;1;142016;m2;189464;0;
..\..\world\lordaeron\plagueland\passivedoodads\bushes\plaguelandwesternbush02.m2;18509.73828125;62.32014465332031;15232.6142578125;0;89.54132080078125;-4.5;;0.859375;153529;m2;203732;0;
..\..\world\azeroth\duskwood\passivedoodads\fence\duskwoodfencebottombroken.m2;18220.755859375;59.86247634887695;15388.244140625;-5.500000476837158;227;1.0000001192092896;;1;143572;m2;189465;0;
..\..\world\azeroth\duskwood\passivedoodads\fence\duskwoodfencetopbroken.m2;18339.294921875;61.14873504638672;15352.4853515625;0;233.5;0;;1;143602;m2;189472;0;
..\..\world\lordaeron\plagueland\passivedoodads\bushes\plaguelandwesternbush02.m2;18310.341796875;70.9148941040039;15444.82421875;9.500001907348633;274.61163330078125;6;;0.8017578125;153238;m2;203732;0;
..\..\world\lordaeron\tirisfalglade\passivedoodads\bushes\tirisfallgladebush03.m2;18341.107421875;61.16051483154297;15324.6552734375;-32.5;105.28518676757812;19.5000057220459;;0.7998046875;153345;m2;204098;0;
..\..\world\lordaeron\tirisfalglade\passivedoodads\bushes\tirisfallgladebush03.m2;18459.931640625;69.08441162109375;15409.291015625;8.499999046325684;245.48602294921875;-11.5;;0.8310546875;153184;m2;204098;0;
..\..\world\lordaeron\tirisfalglade\passivedoodads\bushes\tirisfallgladebush03.m2;18416.564453125;69.87344360351562;15381.6240234375;12;334.8515319824219;-13.499999046325684;;0.828125;153436;m2;204098;0;
..\..\world\azeroth\westfall\passivedoodads\westfallfence\westfallfence.m2;18648.404296875;61.92867660522461;15302.884765625;-4;312.5;-1.5;;1;131521;m2;190659;0;
..\..\world\azeroth\duskwood\passivedoodads\fence\duskwoodfencebottombroken.m2;18555.81640625;60.17009735107422;15213.1171875;0;140.5;0;;1;142050;m2;189465;0;
..\..\world\azeroth\duskwood\passivedoodads\fence\duskwoodfencetopbroken.m2;18278.1796875;59.67839813232422;15361.9208984375;0;142;0;;1;143596;m2;189472;0;
..\..\world\azeroth\westfall\passivedoodads\westfallfence\westfallfence.m2;18549.033203125;60.30712127685547;15238.115234375;0;40;0;;1;142058;m2;190659;0;
..\..\world\azeroth\westfall\passivedoodads\westfallfence\westfallfence.m2;18177.73828125;63.15253448486328;15347.490234375;0;230.00001525878906;0;;1;143560;m2;190659;0;
..\..\world\lordaeron\tirisfalglade\passivedoodads\bushes\tirisfallgladebush03.m2;18302.3359375;59.63680648803711;15286.3603515625;15.000000953674316;330.14923095703125;10.5;;0.76953125;153416;m2;204098;0;
..\..\world\azeroth\westfall\passivedoodads\westfallfence\westfallfence.m2;18290.544921875;59.74354553222656;15351.556640625;0;139.5;0;;1;143592;m2;190659;0;
..\..\world\azeroth\duskwood\passivedoodads\fence\duskwoodfencebottom.m2;18234.458984375;59.64339065551758;15401.5029296875;0;319.5;0;;1;143577;m2;189464;0;
..\..\world\lordaeron\plagueland\passivedoodads\bushes\plaguelandwesternbush02.m2;18574.34375;67.00791931152344;14950.740234375;11.499999046325684;93.88104248046875;-6;;0.7734375;156631;m2;203732;0;
..\..\world\azeroth\duskwood\passivedoodads\fence\duskwoodfencetopbroken.m2;18612.44140625;60.87705612182617;15153.8740234375;-1.500000238418579;140;-3.000000476837158;;1;141966;m2;189472;0;
..\..\world\lordaeron\tirisfalglade\passivedoodads\bushes\tirisfallgladebush03.m2;18438.947265625;66.01859283447266;15430.8310546875;9;63.052459716796875;21.5;;0.7607421875;153180;m2;204098;0;
..\..\world\azeroth\westfall\passivedoodads\westfallfence\westfallfence.m2;18203.02734375;61.20318603515625;15307.4736328125;0;311.5;0;;1;142509;m2;190659;0;
..\..\world\azeroth\duskwood\passivedoodads\fence\duskwoodfencebottombroken.m2;18601.267578125;61.24683380126953;15292.9609375;0;42;0;;1;142044;m2;189465;0;
..\..\world\azeroth\duskwood\passivedoodads\fence\duskwoodfencebottom.m2;18550.39453125;60.29869842529297;15219.0234375;0;138.5;0;;1;142052;m2;189464;0;
..\..\world\lordaeron\plagueland\passivedoodads\bushes\plaguelandwesternbush02.m2;18490.810546875;67.03404235839844;15390.9892578125;3.499999523162842;180.86245727539062;6.999999523162842;;0.791015625;153073;m2;203732;0;
..\..\world\lordaeron\plagueland\passivedoodads\bushes\plaguelandwesternbush02.m2;18499.15234375;64.1552505493164;15384.4609375;-14.5;275.3587341308594;-1.5;;0.755859375;153072;m2;203732;0;
..\..\world\azeroth\westfall\passivedoodads\westfallfence\westfallfence.m2;18604.265625;61.16233444213867;15295.8447265625;-3.000000238418579;46;0;;1;131510;m2;190659;0;
..\..\world\azeroth\westfall\passivedoodads\westfallfence\westfallfence.m2;18611.15625;61.16878128051758;15302.2529296875;3.5;225.5;0;;1;131517;m2;190659;0;
..\..\world\lordaeron\tirisfalglade\passivedoodads\bushes\tirisfallgladebush03.m2;18334.669921875;69.31592559814453;15430.5703125;-35.500003814697266;68.79849243164062;-12.00000286102295;;0.75;153194;m2;204098;0;
..\..\world\lordaeron\plagueland\passivedoodads\bushes\plaguelandwesternbush02.m2;18581.720703125;64.12501525878906;15309.37109375;0;187.31163024902344;0;;0.78515625;153550;m2;203732;0;
..\..\world\generic\passivedoodads\misc\wheelbarrow\caveminewheelbarrow01.m2;18280.123046875;59.45686721801758;15263.0791015625;3.499999761581421;68.90093994140625;68.99999237060547;;1;141841;m2;199886;0;
..\..\world\azeroth\duskwood\passivedoodads\fence\duskwoodfencetopbroken.m2;18569.361328125;59.98518753051758;15200.701171875;0;318.5;0;;1;142047;m2;189472;0;
..\..\world\lordaeron\tirisfalglade\passivedoodads\graves\tirisfallgravedirtmound02.m2;18444.255859375;65.74922943115234;15451.90234375;1.5;0;9.999999046325684;;1;140132;m2;204113;0;
..\..\world\azeroth\duskwood\passivedoodads\fence\duskwoodfencebottom.m2;18615.376953125;60.93657302856445;15150.8115234375;0;137;0;;1;141965;m2;189464;0;
..\..\world\azeroth\westfall\passivedoodads\westfallfence\westfallfence.m2;18608.19140625;60.96125030517578;15299.2529296875;2.499999761581421;224.5;-0.5;;1;131509;m2;190659;0;
..\..\world\lordaeron\tirisfalglade\passivedoodads\bushes\tirisfallgladebush03.m2;18267.669921875;61.04838180541992;15391.587890625;-21;277.0286865234375;-7.499998569488525;;0.91796875;153269;m2;204098;0;
..\..\world\azeroth\westfall\passivedoodads\westfallfence\westfallfence.m2;18557.21875;60.33490753173828;15245.3740234375;0;226;0;;1;142061;m2;190659;0;
..\..\world\azeroth\duskwood\passivedoodads\fence\duskwoodfencebottombroken.m2;18187.423828125;62.71292495727539;15355.07421875;0;224.5;0;;1;143563;m2;189465;0;
..\..\world\azeroth\westfall\passivedoodads\westfallfence\westfallfence.m2;18242.669921875;59.56964874267578;15392.9296875;0;315.5;0;;1;143580;m2;190659;0;
..\..\world\lordaeron\tirisfalglade\passivedoodads\bushes\tirisfallgladebush03.m2;18391.880859375;65.86927795410156;15362.5029296875;19.999998092651367;272.6889953613281;-10.499999046325684;;0.88671875;153419;m2;204098;0;
..\..\world\azeroth\duskwood\passivedoodads\fence\duskwoodfencebottom.m2;18284.599609375;59.60951232910156;15357.0146484375;0;135.5;0;;1;143594;m2;189464;0;
..\..\world\lordaeron\tirisfalglade\passivedoodads\bushes\tirisfallgladebush03.m2;18338.251953125;69.54995727539062;15428.23046875;-25.999998092651367;100.11181640625;-31.499996185302734;;0.798828125;153195;m2;204098;0;
..\..\world\azeroth\duskwood\passivedoodads\fence\duskwoodfencetopbroken.m2;18605.21484375;60.08650207519531;15165.6640625;0;46.5;0;;1;142015;m2;189472;0;
..\..\world\azeroth\westfall\passivedoodads\westfallfence\westfallfence.m2;18180.8515625;62.91325759887695;15350.1728515625;0;224.99998474121094;0;;1;143561;m2;190659;0;
..\..\world\generic\passivedoodads\misc\wheelbarrow\caveminewheelbarrow01.m2;18302.6796875;59.42044448852539;15275.2041015625;-0.49999988079071045;166.5733642578125;-23;;1;141845;m2;199886;0;
..\..\world\azeroth\duskwood\passivedoodads\fence\duskwoodfencetopbroken.m2;18553.201171875;60.22488784790039;15216.33984375;0;134;0;;1;142051;m2;189472;0;
..\..\world\lordaeron\plagueland\passivedoodads\bushes\plaguelandwesternbush02.m2;18612.267578125;62.09526824951172;15438.60546875;7.000000476837158;0;8.5;;0.75;587047;m2;203732;0;
..\..\world\generic\passivedoodads\barrel\brokenbarrel01.m2;18596.162109375;60.42637252807617;15166.005859375;0.4999999403953552;345;-5.5;;1;142003;m2;199566;0;
..\..\world\azeroth\duskwood\passivedoodads\fence\duskwoodfencetopbroken.m2;18578.814453125;59.58595275878906;15191.4365234375;0;134.5;0;;1;142014;m2;189472;0;
..\..\world\lordaeron\tirisfalglade\passivedoodads\bushes\tirisfallgladebush03.m2;18393.3515625;62.87602996826172;15458.2978515625;-39.5;305.78082275390625;-4.000005722045898;;0.7099609375;153192;m2;204098;0;
..\..\world\critter\fireflies\fireflies01.m2;18483.423828125;67.54059600830078;15440.275390625;0;238;0;;1.1298828125;140179;m2;190731;0;
..\..\world\generic\passivedoodads\barrel\brokenbarrel01.m2;18306.822265625;60.08457565307617;15345.169921875;0;347.5;0;;1;141125;m2;199566;0;
..\..\world\lordaeron\tirisfalglade\passivedoodads\bushes\tirisfallgladebush03.m2;18335.19921875;69.552001953125;15432.271484375;-47.000003814697266;104.63699340820312;-19.499998092651367;;0.7705078125;153193;m2;204098;0;
..\..\world\lordaeron\plagueland\passivedoodads\bushes\plaguelandwesternbush03.m2;18372.478515625;66.6272201538086;15397.7041015625;0;7.71661376953125;0;;0.5068359375;153421;m2;203733;0;
..\..\world\generic\passivedoodads\misc\wheelbarrow\caveminewheelbarrow01.m2;18645.5;59.53577423095703;15180.0322265625;3.5;4.5;8.499999046325684;;1;170630;m2;199886;0;
..\..\world\generic\passivedoodads\barrel\brokenbarrel01.m2;18246.35546875;59.61137771606445;15346.794921875;0;260.6207275390625;0;;1;170105;m2;199566;0;
..\..\world\lordaeron\plagueland\passivedoodads\bushes\plaguelandwesternbush02.m2;18420.70703125;70.50762939453125;15397.037109375;0;110.75656127929688;0;;0.6201171875;153123;m2;203732;0;
..\..\world\generic\passivedoodads\lights\generaltorch01.m2;18632.3984375;59.18529510498047;15198.1953125;12.5;340;-7.499999523162842;;1;170579;m2;199820;0;
..\..\world\generic\passivedoodads\lights\generaltorch01.m2;18242.30078125;59.25764465332031;15332.6904296875;12.499999046325684;293.5;-7.499999523162842;;1;170583;m2;199820;0;
..\..\world\generic\passivedoodads\lights\generaltorch01.m2;18638.3984375;59.07317352294922;15197.494140625;-7.500000953674316;335;-7.500000953674316;;1;170577;m2;199820;0;
..\..\world\generic\passivedoodads\lights\generaltorch01.m2;18246.939453125;59.34176254272461;15336.5615234375;-7.500000953674316;288.5;-7.500000953674316;;1;170581;m2;199820;0;
..\..\world\azeroth\duskwood\passivedoodads\coffin\coffin.m2;18625.044921875;59.18290328979492;15183.6279296875;0;66;0;;1;170604;m2;189415;0;
..\..\world\generic\undead\passivedoodads\meatwagonpieces\meatwagonwheel.m2;18534.765625;61.54246139526367;15445.232421875;11.499999046325684;0;-113;;1;146992;m2;200672;0;
..\..\world\azeroth\duskwood\passivedoodads\coffin\coffin.m2;18624.83984375;59.13298797607422;15186.1279296875;0;351;0;;1;170603;m2;189415;0;
..\..\world\azeroth\westfall\passivedoodads\westfallfence\westfallfenceend.m2;18260.75;59.49110794067383;15250.05859375;-6;223.5;15.999998092651367;;1;143586;m2;190660;0;
..\..\world\lordaeron\tirisfalglade\passivedoodads\bushes\tirisfallgladebush03.m2;18291.1875;59.5191535949707;15271.1259765625;14.5;359.835205078125;-7.000000953674316;;0.8447265625;153417;m2;204098;0;
..\..\world\azeroth\duskwood\passivedoodads\coffin\coffin.m2;18495.08984375;65.73294830322266;15449.513671875;6.999999523162842;0;20.5;;1;140107;m2;189415;0;
..\..\world\generic\passivedoodads\lights\generaltorch01.m2;18632.390625;59.21541976928711;15197.6396484375;1.0000001192092896;340;3.500000238418579;;1;170576;m2;199820;0;
..\..\world\generic\passivedoodads\lights\generaltorch01.m2;18242.697265625;59.30909729003906;15332.302734375;0.9999998807907104;293.5;3.499999761581421;;1;170580;m2;199820;0;
..\..\world\azeroth\westfall\passivedoodads\westfallfence\westfallfenceend.m2;18194.974609375;62.88716506958008;15365.8466796875;2;242;10.999999046325684;;1;143566;m2;190660;0;
..\..\world\azeroth\westfall\passivedoodads\westfallfence\westfallfenceend.m2;18634.58203125;62.69085693359375;15316.802734375;0;309.5;0;;1;129364;m2;190660;0;
..\..\world\azeroth\westfall\passivedoodads\westfallfence\westfallfenceend.m2;18651.546875;61.72932815551758;15300.0673828125;0;309.5;0;;1;131522;m2;190660;0;
..\..\world\azeroth\westfall\passivedoodads\westfallfence\westfallfenceend.m2;18598.439453125;60.6602783203125;15289.7333984375;0;41.5;0;;1;142045;m2;190660;0;
..\..\world\azeroth\westfall\passivedoodads\westfallfence\westfallfenceend.m2;18571.92578125;59.7420539855957;15197.87109375;0;320.5;0;;1;142046;m2;190660;0;
..\..\world\azeroth\westfall\passivedoodads\westfallfence\westfallfenceend.m2;18561.30859375;59.98408889770508;15207.9521484375;0;139.5;0;;1;142049;m2;190660;0;
..\..\world\azeroth\westfall\passivedoodads\westfallfence\westfallfenceend.m2;18546.298828125;60.28207015991211;15234.8740234375;0;35.5;0;;1;142057;m2;190660;0;
..\..\world\azeroth\westfall\passivedoodads\westfallfence\westfallfenceend.m2;18174.20703125;63.39696502685547;15337.212890625;0;154.5;0;;1;143557;m2;190660;0;
..\..\world\azeroth\westfall\passivedoodads\westfallfence\westfallfenceend.m2;18232.017578125;59.64120864868164;15401.1923828125;0;40;0;;1;143576;m2;190660;0;
..\..\world\azeroth\westfall\passivedoodads\westfallfence\westfallfenceend.m2;18173.646484375;63.31095504760742;15342.248046875;0;15;0;;1;143558;m2;190660;0;
..\..\world\azeroth\westfall\passivedoodads\westfallfence\westfallfenceend.m2;18658.67578125;60.59305953979492;15291.287109375;-2.5000011920928955;137;-23.000001907348633;;1;142103;m2;190660;0;
..\..\world\generic\passivedoodads\lights\generaltorch01.m2;18638.447265625;59.05826950073242;15197.77734375;4;339;-10.5;;0.8896484375;170578;m2;199820;0;
..\..\world\generic\passivedoodads\lights\generaltorch01.m2;18246.767578125;59.28763961791992;15336.791015625;3.9999990463256836;292.5;-10.5;;0.8896484375;170582;m2;199820;0;
..\..\world\azeroth\westfall\passivedoodads\westfallfence\westfallfenceend.m2;18257.794921875;59.25436782836914;15380.9365234375;2.500000476837158;306.5;-26;;1;143601;m2;190660;0;
..\..\world\generic\passivedoodads\misc\minecars\caveminecarwrecked02.m2;18529.271484375;60.79655075073242;15465.8046875;0;27;0;;1;140213;m2;199881;0;
..\..\world\generic\passivedoodads\barrel\brokenbarrel01.m2;18487.62890625;67.15074920654297;15457.294921875;0;0;0;;1;140104;m2;199566;0;
..\..\world\critter\fireflies\fireflies01.m2;18646.48046875;58.91002655029297;15220.18359375;-2;358.5;-7.000000476837158;;1.189453125;145155;m2;190731;0;
..\..\world\lordaeron\plagueland\passivedoodads\bushes\plaguelandwesternbush03.m2;18390.703125;66.11532592773438;15410.728515625;3.499999523162842;161.33770751953125;-10.499999046325684;;0.36328125;153432;m2;203733;0;
..\..\world\critter\fireflies\fireflies01.m2;18648.376953125;58.84825897216797;15223.255859375;0;0;0;;1.25;145153;m2;190731;0;
..\..\world\generic\passivedoodads\misc\minecars\caveminecarwrecked02.m2;18615.224609375;60.70339584350586;15152.30859375;0;158;0;;1;142018;m2;199881;0;
..\..\world\lordaeron\tirisfalglade\passivedoodads\bushes\tirisfallgladebush03.m2;18215.267578125;62.08992385864258;15441.9609375;14;260.1202392578125;-8.000001907348633;;0.6748046875;156270;m2;204098;0;
..\..\world\generic\orc\passivedoodads\feedingtroughs\feedtroph01.m2;18616.890625;60.61452102661133;15143.837890625;-5;162.7020263671875;-12.500000953674316;;1;142122;m2;199153;0;
..\..\world\generic\orc\passivedoodads\feedingtroughs\feedtroph01.m2;18224.611328125;59.58164596557617;15272.1484375;-5;165.2020263671875;-12.500000953674316;;1;141827;m2;199153;0;
..\..\world\generic\orc\passivedoodads\feedingtroughs\feedtroph01.m2;18499.849609375;65.41737365722656;15453.943359375;15.499998092651367;338.5;1;;1;140106;m2;199153;0;
..\..\world\generic\passivedoodads\misc\minecars\caveminecar01.m2;18321.611328125;59.85895538330078;15292.4677734375;0;155.8074951171875;0;;1;141790;m2;199876;0;
..\..\world\azeroth\westfall\passivedoodads\westfallfence\westfallfencepost.m2;18638.564453125;62.73839569091797;15314.591796875;-8;346;-8.000001907348633;;1;129365;m2;190661;0;
..\..\world\azeroth\westfall\passivedoodads\westfallfence\westfallfencepost.m2;18664.62109375;59.94198226928711;15286.146484375;-4.5;0;8.999999046325684;;1;142101;m2;190661;0;
..\..\world\azeroth\westfall\passivedoodads\westfallfence\westfallfencepost.m2;18296.08984375;59.94740295410156;15347.427734375;10;0;6.5;;1;143590;m2;190661;0;
..\..\world\lordaeron\plagueland\passivedoodads\bushes\plaguelandwesternbush02.m2;18549.041015625;62.24581527709961;15342.5390625;0;264.937744140625;0;;0.59375;153541;m2;203732;0;
..\..\world\azeroth\westfall\passivedoodads\westfallfence\westfallfencepost.m2;18653.162109375;61.12562561035156;15136.0947265625;-2.5;0;8.5;;1;142109;m2;190661;0;
..\..\world\generic\human\passivedoodads\catapultruins\catapultball01.m2;18431.900390625;63.65587615966797;15443.3671875;0;0;0;;1;587042;m2;198095;0;
..\..\world\azeroth\westfall\passivedoodads\westfallfence\westfallfencepost.m2;18194.75;62.74211883544922;15364.66796875;-10.499999046325684;41;-4.499999523162842;;1;143565;m2;190661;0;
..\..\world\azeroth\westfall\passivedoodads\westfallfence\westfallfencepost.m2;18614.185546875;61.38337707519531;15305.1279296875;2.5;316;3.500000476837158;;1;131516;m2;190661;0;
..\..\world\azeroth\westfall\passivedoodads\westfallfence\westfallfencepost.m2;18229.634765625;59.66204071044922;15398.0166015625;-5.5;0;-1;;1;143575;m2;190661;0;
..\..\world\azeroth\westfall\passivedoodads\westfallfence\westfallfencepost.m2;18259.791015625;59.07725143432617;15249.4697265625;-3.5;7.5;-10.999999046325684;;1;143585;m2;190661;0;
..\..\world\azeroth\westfall\passivedoodads\westfallfence\westfallfencepost.m2;18564.845703125;59.90997314453125;15204.7890625;-4;354.5;11.5;;1;142048;m2;190661;0;
..\..\world\azeroth\westfall\passivedoodads\westfallfence\westfallfencepost.m2;18569.560546875;59.9614143371582;15258.7392578125;-5.5;0;-12;;1;142072;m2;190661;0;
..\..\world\azeroth\westfall\passivedoodads\westfallfence\westfallfencepost.m2;18175.8984375;63.25322341918945;15336.2421875;-7.499999523162842;40;-12.5;;1;143556;m2;190661;0;
..\..\world\azeroth\westfall\passivedoodads\westfallfence\westfallfencepost.m2;18621.814453125;61.8914794921875;15312.291015625;1.499999761581421;330.5;10.499999046325684;;1;131514;m2;190661;0;
..\..\world\azeroth\westfall\passivedoodads\westfallfence\westfallfencepost.m2;18554.61328125;60.34198760986328;15242.7958984375;-4.999999523162842;0;13.500000953674316;;1;142060;m2;190661;0;
..\..\world\azeroth\westfall\passivedoodads\westfallfence\westfallfencepost.m2;18224.921875;59.62389373779297;15392.3740234375;-3;0;13.5;;1;143574;m2;190661;0;
..\..\world\azeroth\westfall\passivedoodads\westfallfence\westfallfencepost.m2;18547.572265625;60.3870735168457;15222.0791015625;0;41;0;;1;142053;m2;190661;0;
..\..\world\azeroth\westfall\passivedoodads\westfallfence\westfallfencepost.m2;18217.470703125;60.7300910949707;15385.18359375;0;323.5;0;;1;143571;m2;190661;0;
..\..\world\azeroth\westfall\passivedoodads\westfallfence\westfallfencepost.m2;18275.7109375;59.74915313720703;15364.8271484375;0;351;0;;1;143597;m2;190661;0;
..\..\world\azeroth\westfall\passivedoodads\westfallfence\westfallfencepost.m2;18391.4296875;65.58942413330078;15377.9853515625;-4;0;-15.500000953674316;;1;143604;m2;190661;0;
..\..\world\generic\orc\passivedoodads\feedingtroughs\feedtroph01.m2;18619.466796875;60.99458312988281;15145.8359375;0;253.09375;0;;1;142121;m2;199153;0;
..\..\world\critter\fireflies\fireflies01.m2;18599.12890625;61.08948516845703;15169.4833984375;0;347;0;;1;142008;m2;190731;0;
..\..\world\azeroth\westfall\passivedoodads\westfallfence\westfallfencepost.m2;18543.185546875;60.23932647705078;15226.6103515625;0.5;0;14.999999046325684;;1;142054;m2;190661;0;
..\..\world\azeroth\westfall\passivedoodads\westfallfence\westfallfencepost.m2;18296.298828125;59.95362091064453;15347.255859375;-4.999998569488525;287.5;17;;1;143589;m2;190661;0;
..\..\world\generic\orc\passivedoodads\feedingtroughs\feedtroph01.m2;18227.26953125;60.04467010498047;15274.0322265625;0;255.59375;0;;1;141828;m2;199153;0;
..\..\world\azeroth\duskwood\passivedoodads\tombs\woodcross01.m2;18444.455078125;65.66263580322266;15452.4296875;-2.500000238418579;340;-19.500001907348633;;1;140133;m2;189540;0;
..\..\world\azeroth\westfall\passivedoodads\westfallfence\westfallfencepost.m2;18174.19140625;63.26859664916992;15342.755859375;1;356;18.5;;1;143559;m2;190661;0;
..\..\world\generic\orc\passivedoodads\feedingtroughs\feedtroph01.m2;18199.876953125;60.90526580810547;15312.009765625;16.999998092651367;266.47052001953125;9.499999046325684;;1;141830;m2;199153;0;
..\..\world\azeroth\westfall\passivedoodads\westfallfence\westfallfencepost.m2;18569.513671875;59.90764617919922;15258.076171875;-2.5;0;19.5;;1;142071;m2;190661;0;
..\..\world\azeroth\westfall\passivedoodads\westfallfence\westfallfencepost.m2;18269.75;59.9058837890625;15369.8828125;-2.5;0;19.5;;1;143598;m2;190661;0;
..\..\world\azeroth\westfall\passivedoodads\westfallfence\westfallfencepost.m2;18544.146484375;60.25197982788086;15232.5810546875;-1.000000238418579;0;-19.5;;1;142056;m2;190661;0;
..\..\world\generic\passivedoodads\misc\minecars\caveminecarwrecked02.m2;18288.92578125;59.40381622314453;15272.21484375;3.000000238418579;8.75384521484375;10.5;;1;141819;m2;199881;0;
..\..\world\azeroth\westfall\passivedoodads\westfallskeleton\westfallskeleton.m2;18648.80078125;58.87160110473633;15223.322265625;0;83;0;;1.259765625;131503;m2;190671;0;
..\..\world\azeroth\westfall\passivedoodads\westfallfence\westfallfencepost.m2;18562.35546875;60.17617416381836;15251.6396484375;-3.4999990463256836;43.5;22.5;;1;142063;m2;190661;0;
..\..\world\generic\orc\passivedoodads\feedingtroughs\feedtroph01.m2;18484.9609375;65.5127944946289;15462.6923828125;12.500000953674316;0;14.500001907348633;;1;140105;m2;199153;0;
..\..\world\generic\orc\passivedoodads\feedingtroughs\feedtroph01.m2;18311.365234375;59.91437530517578;15338.90234375;-2.4999985694885254;321;-15.499998092651367;;1;141126;m2;199153;0;
..\..\world\azeroth\westfall\passivedoodads\westfallfence\westfallfencepost.m2;18659.8125;60.6070442199707;15289.857421875;-0.5;0;23.999998092651367;;1;142102;m2;190661;0;
..\..\world\generic\orc\passivedoodads\feedingtroughs\feedtroph01.m2;18538.3984375;62.10824203491211;15438.7841796875;6;0;-3.500000238418579;;1;140170;m2;199153;0;
..\..\world\generic\orc\passivedoodads\feedingtroughs\feedtroph01.m2;18597.9765625;59.69864273071289;15172.513671875;0;52;0;;1;142006;m2;199153;0;
..\..\world\generic\passivedoodads\misc\minecars\caveminecar01.m2;18323.9609375;59.9277229309082;15291.3916015625;0;282.5544738769531;0;;1;141789;m2;199876;0;
..\..\world\azeroth\westfall\passivedoodads\butterchurner\butterchurner.m2;18297.373046875;59.56414031982422;15280.8359375;0;0;0;;1;142523;m2;190537;0;
..\..\world\azeroth\westfall\passivedoodads\westfallfence\westfallfencepost.m2;18543.6875;60.24120330810547;15232.2392578125;4;14;29.999998092651367;;1;142055;m2;190661;0;
..\..\world\generic\passivedoodads\misc\minecars\caveminecar01.m2;18181.78515625;62.91722869873047;15327.7216796875;0;9.5;0;;1;143551;m2;199876;0;
..\..\world\generic\orc\passivedoodads\feedingtroughs\feedtroph01.m2;18315.40234375;60.10561752319336;15297.62109375;0;222.85643005371094;0;;1;141806;m2;199153;0;
..\..\world\generic\passivedoodads\misc\minecars\caveminecarwrecked02.m2;18318.82421875;59.89644241333008;15349.2392578125;0;275.5;0;;1;141122;m2;199881;0;
..\..\world\azeroth\westfall\passivedoodads\westfallskeleton\westfallskeleton.m2;18473.27734375;67.6586685180664;15437.9052734375;0;335.5;0;;1;140232;m2;190671;0;
..\..\world\azeroth\duskwood\passivedoodads\ruins\duskwoodruinsbeam.m2;18444.572265625;67.31864166259766;15354.357421875;-36.000003814697266;217.5;-60.00000762939453;;0.3896484375;142528;m2;189510;0;
..\..\world\azeroth\westfall\passivedoodads\westfallskeleton\westfallskeleton.m2;18631.724609375;59.11989974975586;15197.6103515625;0;20;0;;1;170571;m2;190671;0;
..\..\world\azeroth\westfall\passivedoodads\westfallskeleton\westfallskeleton.m2;18299.095703125;59.70364761352539;15287.19921875;0;250.93540954589844;0;;1;141808;m2;190671;0;
..\..\world\generic\passivedoodads\misc\minecars\caveminecar01.m2;18576.599609375;59.80449676513672;15191.3359375;0;2.5;0;;1;142039;m2;199876;0;
..\..\world\generic\passivedoodads\misc\minecars\caveminecarwrecked02.m2;18487.001953125;66.22813415527344;15465.447265625;0;0;0;;1;139897;m2;199881;0;
..\..\world\azeroth\elwynn\passivedoodads\battlegladeshield1\battlegladeshield1.m2;18399.8984375;61.41074752807617;15198.208984375;0;46;0;;1;153486;m2;189676;0;
..\..\world\generic\human\passivedoodads\crates\crategrain01.m2;18261.482421875;61.65457534790039;15401.4697265625;0;309.6440124511719;0;;1.11328125;141084;m2;198158;0;
..\..\world\generic\human\passivedoodads\crates\crategrain01.m2;18262.21875;61.60623550415039;15400.0048828125;0;218.0753936767578;0;;1.1103515625;141083;m2;198158;0;
..\..\world\generic\human\passivedoodads\crates\crategrain01.m2;18261.5859375;62.50469207763672;15400.806640625;0;224.1826934814453;0;;1.087890625;141085;m2;198158;0;
..\..\world\azeroth\westfall\passivedoodads\westfallskeleton\westfallskeleton.m2;18450.2734375;67.28489685058594;15356.822265625;0;351.5;0;;1;142534;m2;190671;0;
..\..\world\generic\human\passivedoodads\crates\crategrainempty.m2;18635.240234375;60.20452117919922;15136.162109375;-22.500001907348633;145.3365478515625;-3;;1;142125;m2;198159;0;
..\..\world\generic\human\passivedoodads\crates\crategrain01.m2;18258;60.17575454711914;15403.6728515625;0;330.61328125;0;;1.08984375;141081;m2;198158;0;
..\..\world\generic\human\passivedoodads\crates\crategrainempty.m2;18242.609375;59.26115798950195;15263.681640625;-22.500001907348633;147.8365478515625;-3.0000011920928955;;1;141837;m2;198159;0;
..\..\world\azeroth\westfall\passivedoodads\westfallfence\westfallfencepost.m2;18586.6953125;59.69890594482422;15271.1171875;-59.49999237060547;318;-7.500001907348633;;1;142069;m2;190661;0;
..\..\world\generic\human\passivedoodads\crates\crategrainempty.m2;18197.541015625;61.41238021850586;15313.5322265625;-9.5;46.913055419921875;-3.9999990463256836;;1;141834;m2;198159;0;
..\..\world\generic\human\passivedoodads\crates\crategrainempty.m2;18239.81640625;59.22941207885742;15266.619140625;9.999999046325684;240.618896484375;14.000000953674316;;1;141836;m2;198159;0;
..\..\world\azeroth\westfall\passivedoodads\westfallskeleton\westfallskeleton.m2;18201.05078125;61.30194091796875;15310.2392578125;0;5.44598388671875;0;;1;141831;m2;190671;0;
..\..\world\generic\human\passivedoodads\crates\crategrain01.m2;18258.93359375;60.33564758300781;15404.9892578125;0;210.39161682128906;0;;1.0244140625;141082;m2;198158;0;
..\..\world\generic\human\passivedoodads\crates\crategrain01.m2;18250.384765625;60.46384811401367;15343.583984375;0;226.58404541015625;0;;1;170110;m2;198158;0;
..\..\world\generic\human\passivedoodads\crates\crategrain01.m2;18249.24609375;59.65236282348633;15343.9111328125;0;230.4484100341797;0;;1;170107;m2;198158;0;
..\..\world\generic\passivedoodads\crate02\crate02.m2;18638.041015625;60.42496871948242;15134.62109375;15.499998092651367;337.3841552734375;13.500000953674316;;1;142126;m2;199634;0;
..\..\world\generic\human\passivedoodads\footlockers\duskwoodfootlocker01.m2;18260.15234375;60.70956039428711;15405.6435546875;0;207.53433227539062;0;;1.1953125;141094;m2;198238;0;
..\..\world\generic\human\passivedoodads\crates\crategrain01.m2;18271.34375;59.47834014892578;15259.224609375;0;38.5;0;;1;142481;m2;198158;0;
..\..\world\generic\passivedoodads\crate02\crate02.m2;18245.33984375;59.3581428527832;15262.0166015625;15.499998092651367;339.8841247558594;13.499998092651367;;1;141825;m2;199634;0;
..\..\world\generic\human\passivedoodads\crates\stormwindcrate01.m2;18584.603515625;59.72545623779297;15182.8955078125;0;310;0;;1;142025;m2;198168;0;
..\..\world\generic\human\passivedoodads\crates\crategrain01.m2;18270.6875;60.28789520263672;15257.63671875;0;35;0;;1;142482;m2;198158;0;
..\..\world\generic\human\passivedoodads\crates\crategrain01.m2;18286.328125;59.33152389526367;15269.52734375;0;214.72206115722656;0;;1;141815;m2;198158;0;
..\..\world\generic\human\passivedoodads\crates\stormwindcrate01.m2;18577.732421875;59.77416229248047;15189.740234375;0;324;0;;1;142036;m2;198168;0;
..\..\world\generic\human\passivedoodads\crates\crategrain01.m2;18262.033203125;59.69353485107422;15314.6103515625;0;325.5;0;;1;170586;m2;198158;0;
..\..\world\generic\dwarf\passivedoodads\gunracks\gunrack01b.m2;18397.5234375;59.953125;15190.978515625;0;2.5;0;;1;153491;m2;197399;0;
..\..\world\generic\passivedoodads\crate02\crate02.m2;18642.27734375;61.07302474975586;15181.552734375;-2;332;-2;;1;170627;m2;199634;0;
..\..\world\generic\human\passivedoodads\crates\crategrain01.m2;18251.134765625;59.67244338989258;15343.7109375;0;301.06072998046875;0;;1;170109;m2;198158;0;
..\..\world\generic\human\passivedoodads\crates\crategrainlid.m2;18266.69140625;60.46527862548828;15314.869140625;0;301;0;;1;170592;m2;198160;0;
..\..\world\generic\passivedoodads\crate02\crate02.m2;18404.728515625;60.16427993774414;15191.763671875;0.5000001192092896;336;2.000000476837158;;1;140271;m2;199634;0;
..\..\world\generic\passivedoodads\crate02\crate02.m2;18249.314453125;59.4420166015625;15339.916015625;1.999999761581421;161.53302001953125;4.5;;1;170123;m2;199634;0;
..\..\world\generic\human\passivedoodads\crates\stormwindcrate01.m2;18320.41796875;59.93722915649414;15294.9580078125;0;60.19366455078125;0;;1;141793;m2;198168;0;
..\..\world\generic\human\passivedoodads\crates\crategrain01.m2;18646.859375;59.19820785522461;15189.271484375;1.5;333.5;-2.5;;1;170564;m2;198158;0;
..\..\world\generic\passivedoodads\crate02\crate02.m2;18324.0625;60.03675079345703;15293.1953125;3.500000238418579;295.6986999511719;2.500000476837158;;1;141792;m2;199634;0;
..\..\world\generic\passivedoodads\crate02\crate02.m2;18323.068359375;59.95456314086914;15293.669921875;4.000000476837158;297.924072265625;2;;1;141791;m2;199634;0;
..\..\world\generic\human\passivedoodads\crates\crategrain01.m2;18262.798828125;60.49824523925781;15313.5166015625;0;332.5;0;;1;170588;m2;198158;0;
..\..\world\generic\human\passivedoodads\crates\crategrain01.m2;18272.46484375;59.48134231567383;15257.6259765625;0;297.5;0;;1;142479;m2;198158;0;
..\..\world\generic\human\passivedoodads\crates\crategrain01.m2;18269.638671875;59.4853401184082;15258.9384765625;0;333.5;0;;1;142483;m2;198158;0;
..\..\world\generic\human\passivedoodads\crates\crategrainempty.m2;18198.892578125;61.27935791015625;15314.37109375;0;64.041259765625;0;;1;141835;m2;198159;0;
..\..\world\generic\passivedoodads\crate02\crate02.m2;18305.98046875;60.00794982910156;15270.5791015625;0;320.2435607910156;-0.5;;1;141847;m2;199634;0;
..\..\world\generic\human\passivedoodads\crates\stormwindcrate01.m2;18321.84765625;60.00182342529297;15295.9580078125;0;116.18267822265625;0;;1;141794;m2;198168;0;
..\..\world\generic\human\passivedoodads\crates\crategrain01.m2;18266.630859375;59.67223358154297;15315.3955078125;0;334.5;0;;1;170590;m2;198158;0;
..\..\world\azeroth\westfall\passivedoodads\westfallskeleton\westfallskeleton.m2;18540.84375;62.68446731567383;15433.7080078125;0;0;0;;1;140169;m2;190671;0;
..\..\world\azeroth\westfall\passivedoodads\westfallskeleton\westfallskeleton.m2;18523.6015625;60.64449691772461;15460.759765625;0;0;0;;1;140230;m2;190671;0;
..\..\world\azeroth\westfall\passivedoodads\westfallskeleton\westfallskeleton.m2;18601.419921875;59.96904754638672;15168.6171875;0;0;0;;1;142007;m2;190671;0;
..\..\world\azeroth\westfall\passivedoodads\westfallskeleton\westfallskeleton.m2;18623.28125;58.96884536743164;15185.728515625;0;0;0;;1;170605;m2;190671;0;
..\..\world\generic\human\passivedoodads\crates\crategrain01.m2;18268.296875;61.46749496459961;15253.5634765625;0;335;0;;1;142494;m2;198158;0;
..\..\world\generic\human\passivedoodads\crates\crategrain01.m2;18268.71875;61.49120330810547;15251.9892578125;0;23.5;0;;1;142493;m2;198158;0;
..\..\world\generic\human\passivedoodads\crates\crategrain01.m2;18273.826171875;59.46340560913086;15258.6640625;0;338;0;;1;142484;m2;198158;0;
..\..\world\generic\human\passivedoodads\crates\crategrainempty.m2;18195.783203125;61.50265121459961;15312.6572265625;5;192.56324768066406;11.500000953674316;;1;141833;m2;198159;0;
..\..\world\generic\passivedoodads\crate02\crate02.m2;18604.21875;60.05032730102539;15163.65234375;-1.5;355;-10;;1;142017;m2;199634;0;
..\..\world\generic\human\passivedoodads\lanterns\generallantern01.m2;18252.361328125;59.19912338256836;15256.5859375;-13.5;0;35.999996185302734;;1;142502;m2;198327;0;
..\..\world\generic\human\passivedoodads\crates\crategrainempty.m2;18624.751953125;60.19218826293945;15124.326171875;-17.000003814697266;82.65765380859375;24.500003814697266;;1;142128;m2;198159;0;
..\..\world\azeroth\elwynn\passivedoodads\battlegladepolearmskull\battlegladepolearmskull.m2;18201.021484375;61.15380096435547;15310.044921875;38.00000762939453;0;-17.5;;1;142508;m2;189674;0;
..\..\world\generic\human\passivedoodads\crates\crategrainempty.m2;18621.791015625;60.36381149291992;15127.466796875;6.499999046325684;346.5243225097656;-7.500000476837158;;1;142127;m2;198159;0;
..\..\world\generic\human\passivedoodads\ropes\cavekoboldropecoil.m2;18321.8828125;61.24420928955078;15295.978515625;0;292.9044189453125;0;;1;141799;m2;198422;0;
..\..\world\generic\human\passivedoodads\lanterns\generallantern01.m2;18522.8359375;60.65576171875;15462.669921875;-28;282.5;5.500001430511475;;1;140225;m2;198327;0;
..\..\world\generic\human\passivedoodads\crates\crategrainempty.m2;18228.791015625;59.86062240600586;15255.5791015625;6.500000476837158;349.02435302734375;-7.500000476837158;;1;141838;m2;198159;0;
..\..\world\generic\human\passivedoodads\crates\crategrainempty.m2;18231.61328125;60.12582778930664;15252.3115234375;-17.000003814697266;85.15765380859375;24.500003814697266;;1;141839;m2;198159;0;
..\..\world\generic\human\passivedoodads\crates\crategrainopen.m2;18664.4296875;62.12891387939453;15140.8359375;0;345;0;;1;142077;m2;198161;0;
..\..\world\azeroth\elwynn\passivedoodads\shovel\shovel.m2;18598.83203125;59.97865295410156;15166.9765625;-12;0;13;;1;141968;m2;189854;0;
..\..\world\azeroth\elwynn\passivedoodads\shovel\shovel.m2;18520.689453125;60.65193557739258;15463.24609375;13;310;-10.5;;1;140210;m2;189854;0;
..\..\world\azeroth\elwynn\passivedoodads\shovel\shovel.m2;18644.412109375;59.47560119628906;15181.1484375;-12.5;4.5;9;;1;170629;m2;189854;0;
..\..\world\generic\human\passivedoodads\footlockers\duskwoodfootlocker01.m2;18542.798828125;63.09171676635742;15435.287109375;-1.999998688697815;295;-14.5;;1;140171;m2;198238;0;
..\..\world\generic\passivedoodads\crate02\crate02.m2;18646.259765625;59.53159713745117;15196.27734375;-0.9999998807907104;0;8;;1;170621;m2;199634;0;
..\..\world\generic\human\passivedoodads\crates\stormwindcrate01.m2;18586.376953125;59.61891174316406;15182.9873046875;0;346.5;0;;1;142026;m2;198168;0;
..\..\world\generic\passivedoodads\crate02\crate02.m2;18183.63671875;62.42000198364258;15328.322265625;-1;0;6;;1;143552;m2;199634;0;
..\..\world\generic\human\passivedoodads\crates\crategrain01.m2;18646.677734375;59.2883186340332;15187.201171875;2.5;11.5;2.5;;1;170565;m2;198158;0;
..\..\world\generic\human\passivedoodads\ropes\cavekoboldropecoil.m2;18258.796875;61.14519119262695;15405.0009765625;0;101.11026000976562;0;;1.0732421875;141098;m2;198422;0;
..\..\world\generic\human\passivedoodads\crates\crategrain01.m2;18264.935546875;59.63370895385742;15312.337890625;0;13;0;;1;170587;m2;198158;0;
..\..\world\azeroth\westfall\passivedoodads\barrel\westfallbarrel01.m2;18261.10546875;60.46410369873047;15403.837890625;0;142.17840576171875;0;;1.1943359375;141087;m2;190535;0;
..\..\world\generic\human\passivedoodads\footlockers\duskwoodfootlocker01.m2;18232.904296875;59.43872833251953;15269.87109375;11.000000953674316;257.8540954589844;16.5;;1;141826;m2;198238;0;
..\..\world\azeroth\elwynn\passivedoodads\shovel\shovel.m2;18306.791015625;59.57788848876953;15271.669921875;-16.999998092651367;136.150390625;-7.999999046325684;;1;141850;m2;189854;0;
..\..\world\generic\human\passivedoodads\crates\crategrain01.m2;18580.470703125;59.35081100463867;15192.822265625;0;348;0;;1;142031;m2;198158;0;
..\..\world\generic\human\passivedoodads\crates\crategrain01.m2;18580.783203125;60.17373275756836;15191.9228515625;0;348;0;;1;142032;m2;198158;0;
..\..\world\azeroth\elwynn\passivedoodads\shovel\shovel.m2;18402.205078125;59.87285614013672;15195.1728515625;-18.000001907348633;0;-8.000000953674316;;1;140259;m2;189854;0;
..\..\world\azeroth\elwynn\passivedoodads\skeleton\battlegladebskeletonhumandark.m2;18247.44921875;59.33241271972656;15337.29296875;8;273.4048156738281;-0.9999997615814209;;1;591881;m2;189894;0;
..\..\world\generic\human\passivedoodads\crates\crategrain01.m2;18249.9140625;59.67812728881836;15342.3935546875;0;280.7842712402344;0;;1;170108;m2;198158;0;
..\..\world\azeroth\elwynn\passivedoodads\battlegladeswordskull\battlegladeswordskull.m2;18513.037109375;62.68220520019531;15456.974609375;0;212.49998474121094;0;;1;140115;m2;189689;0;
..\..\world\azeroth\elwynn\passivedoodads\shovel\shovel.m2;18585.736328125;59.33182144165039;15184.48046875;-16.999996185302734;138;1.4999998807907104;;1;142024;m2;189854;0;
..\..\world\generic\human\passivedoodads\footlockers\duskwoodfootlocker01.m2;18182.11328125;62.84416580200195;15329.0810546875;-0.9999998807907104;13.5;2.500000238418579;;1;143553;m2;198238;0;
..\..\world\generic\human\passivedoodads\crates\crategrainempty.m2;18511.9921875;62.32326126098633;15459.3310546875;5.499999523162842;0;18.499996185302734;;1;140116;m2;198159;0;
..\..\world\generic\human\passivedoodads\crates\crategrain01.m2;18268.275390625;60.67732238769531;15253.3828125;0;8;0;;1;142492;m2;198158;0;
..\..\world\azeroth\elwynn\passivedoodads\battlegladeshield2\battlegladeshield2.m2;18646.947265625;59.35327911376953;15181.912109375;-11.5;328;14.5;;1;170628;m2;189678;0;
..\..\world\azeroth\elwynn\passivedoodads\skeleton\battlegladebskeletonhumandark.m2;18320.1015625;60.55508041381836;15329.85546875;0;0;0;;1;142524;m2;189894;0;
..\..\world\azeroth\elwynn\passivedoodads\skeleton\battlegladebskeletonhumandark.m2;18517.609375;61.12943649291992;15429.8359375;0;0;0;;1;146989;m2;189894;0;
..\..\world\generic\human\passivedoodads\crates\crategrain01.m2;18250.16796875;60.75529098510742;15347.927734375;0;78.07757568359375;0;;0.939453125;170148;m2;198158;0;
..\..\world\generic\human\passivedoodads\crates\crategrain01.m2;18522.02734375;60.37496566772461;15461.49609375;-6.5;0;-11.499999046325684;;1;140215;m2;198158;0;
..\..\world\generic\human\passivedoodads\crates\crategrainopen.m2;18520.701171875;60.56241226196289;15465.4248046875;-4;0;-11.5;;1;140206;m2;198161;0;
..\..\world\azeroth\elwynn\passivedoodads\battlegladepolearmskull\battlegladepolearmskull.m2;18535.37109375;60.69427490234375;15454.2197265625;0;0;0;;1;140199;m2;189674;0;
..\..\world\generic\human\passivedoodads\crates\crategrainlid.m2;18664.1875;62.85006332397461;15140.541015625;0;5.5;0;;1;142115;m2;198160;0;
..\..\world\generic\human\passivedoodads\crates\crategrainempty.m2;18523.5859375;60.38005447387695;15464.912109375;4.5;0;-9.999999046325684;;1;140203;m2;198159;0;
..\..\world\generic\human\passivedoodads\footlockers\duskwoodfootlocker01.m2;18396.75;59.98212432861328;15192.02734375;0;227.00001525878906;0;;1;140272;m2;198238;0;
..\..\world\generic\human\passivedoodads\crates\crategrain01.m2;18521.44921875;60.52618408203125;15459.6396484375;1;0;8.5;;1;140217;m2;198158;0;
..\..\world\azeroth\theblastedlands\passivedoodads\bones\blastedlandsbonepile02.m2;18198.142578125;61.63549041748047;15311.1279296875;0;294.7158203125;0;;1;141832;m2;190437;0;
..\..\world\azeroth\westfall\passivedoodads\barrel\westfallbarrel01.m2;18258.34375;60.2028694152832;15400.841796875;0;322.04107666015625;0;;1.0693359375;141086;m2;190535;0;
..\..\world\generic\human\passivedoodads\crates\crategrain01.m2;18580.564453125;59.43873596191406;15191.5146484375;0;3.5;0;;1;142030;m2;198158;0;
..\..\world\generic\human\passivedoodads\crates\crategrainempty.m2;18522.158203125;60.18017578125;15465.927734375;-2.000000238418579;0;-5;;1;140202;m2;198159;0;
..\..\world\generic\human\passivedoodads\crates\stormwindcrate01.m2;18288.0234375;59.12926483154297;15273.6240234375;26.000003814697266;301.762451171875;29;;0.6591796875;141821;m2;198168;0;
..\..\world\generic\human\passivedoodads\crates\crategrain01.m2;18645.12109375;59.16058349609375;15188.396484375;0;1;-1.5;;1;170563;m2;198158;0;
..\..\world\azeroth\westfall\passivedoodads\barrel\westfallbarrel01.m2;18398.162109375;60.09232711791992;15198.412109375;0;354;0;;1.26953125;153497;m2;190535;0;
..\..\world\generic\human\passivedoodads\crates\crategrainempty.m2;18266.5546875;59.64128875732422;15313.2080078125;0;358;0;;1;170591;m2;198159;0;
..\..\world\generic\human\passivedoodads\crates\crategrain01.m2;18520.517578125;60.51491928100586;15461.248046875;-8.5;0;3;;1;140216;m2;198158;0;
..\..\world\generic\human\passivedoodads\crates\crategrain01.m2;18646.5625;60.07168960571289;15187.33984375;0.5000000596046448;0;3.000000476837158;;1;170566;m2;198158;0;
..\..\world\generic\human\passivedoodads\lanterns\generallantern01.m2;18259.068359375;60.63624572753906;15406.119140625;0;94.14035034179688;0;;0.9873046875;141099;m2;198327;0;
..\..\world\generic\human\passivedoodads\crates\crategrain01.m2;18270.724609375;59.49486541748047;15257.5703125;0;0;0;;1;142478;m2;198158;0;
..\..\world\generic\human\passivedoodads\crates\crategrain01.m2;18272.376953125;60.27252960205078;15257.7548828125;0;0;0;;1;142480;m2;198158;0;
..\..\world\generic\human\passivedoodads\crates\crategrain01.m2;18268.974609375;60.7003173828125;15251.88671875;0;0;0;;1;142491;m2;198158;0;
..\..\world\generic\human\passivedoodads\crates\crategrain01.m2;18262.966796875;59.70517349243164;15313.3173828125;0;0;0;;1;170585;m2;198158;0;
..\..\world\generic\human\passivedoodads\crates\crategrain01.m2;18264.640625;61.25648498535156;15314.6123046875;0;0;0;;1;170589;m2;198158;0;
..\..\world\azeroth\elwynn\passivedoodads\skeleton\battlegladeboneshumandark.m2;18521.73046875;60.76661682128906;15464.30859375;0;0;0;;1;140204;m2;189893;0;
..\..\world\azeroth\elwynn\passivedoodads\skeleton\battlegladeboneshumandark.m2;18200.162109375;61.56132888793945;15308.4560546875;0;0;0;;1;142507;m2;189893;0;
..\..\world\azeroth\elwynn\passivedoodads\skeleton\battlegladeboneshumandark.m2;18443.166015625;67.7531967163086;15358.806640625;0;0;0;;1;142529;m2;189893;0;
..\..\world\azeroth\elwynn\passivedoodads\skeleton\battlegladeboneshumandark.m2;18256.46484375;59.80016326904297;15338.107421875;0;0;0;;1;170599;m2;189893;0;
..\..\world\azeroth\elwynn\passivedoodads\shovel\shovel.m2;18276.970703125;59.28214645385742;15260.107421875;-39;313.5;-1.5000005960464478;;1;142488;m2;189854;0;
..\..\world\azeroth\westfall\passivedoodads\barrel\westfallbarrel01.m2;18276.02734375;59.45206069946289;15259.458984375;0;333.5;0;;1;142486;m2;190535;0;
..\..\world\generic\human\passivedoodads\ropes\cavekoboldropecoil.m2;18580.783203125;60.97779083251953;15191.8203125;0;0;0;;1;142038;m2;198422;0;
..\..\world\generic\human\passivedoodads\ropes\cavekoboldropecoil.m2;18662.369140625;62.19772720336914;15139.5859375;0;0;0;;1;142080;m2;198422;0;
..\..\world\generic\human\passivedoodads\ropes\cavekoboldropecoil.m2;18249.8203125;59.7750129699707;15253.443359375;0;0;0;;1;142501;m2;198422;0;
..\..\world\generic\human\passivedoodads\ropes\cavekoboldropecoil.m2;18183.3671875;62.63518142700195;15329.3583984375;0;0;0;;1;143554;m2;198422;0;
..\..\world\generic\human\passivedoodads\ropes\cavekoboldropecoil.m2;18403.744140625;60.17429733276367;15194.4541015625;0;0;0;;1;153499;m2;198422;0;
..\..\world\generic\human\passivedoodads\crates\replacecrate01.m2;18391.009765625;60.00567626953125;15193.740234375;0;0;-4.5;;1;316568;m2;198165;0;
..\..\world\generic\human\passivedoodads\lanterns\generallantern01.m2;18324.103515625;60.14752197265625;15293.005859375;0;250.62158203125;0;;0.8896484375;141796;m2;198327;0;
..\..\world\generic\human\passivedoodads\lanterns\generallantern01.m2;18286.306640625;60.12514114379883;15269.681640625;0;55.4609375;0;;0.8896484375;141824;m2;198327;0;
..\..\world\generic\human\passivedoodads\sacks\plaguedgrainsack01.m2;18261.982421875;60.80440139770508;15405.2646484375;0;60.589447021484375;0;;1.0263671875;141097;m2;198437;0;
..\..\world\generic\human\passivedoodads\sacks\plaguedgrainsack01.m2;18261.568359375;60.66225051879883;15404.681640625;0;153.2999267578125;0;;1.029296875;141096;m2;198437;0;
..\..\world\azeroth\elwynn\passivedoodads\pick\pick.m2;18259.65234375;61.29560852050781;15405.888671875;-88.99966430664062;306.4753112792969;15.499567031860352;;1.0908203125;141095;m2;189834;0;
..\..\world\generic\human\passivedoodads\crates\crategrain01.m2;18586.857421875;60.06028366088867;15184.5029296875;0;338;0;;0.7099609375;142029;m2;198158;0;
..\..\world\azeroth\elwynn\passivedoodads\battlegladesword\battlegladesword.m2;18400.60546875;61.44672393798828;15198.15234375;-84.00001525878906;314.9999694824219;87.00003814697266;;1;153493;m2;189687;0;
..\..\world\generic\human\passivedoodads\sacks\plaguedgrainsack01.m2;18405.08203125;60.18523025512695;15193.1416015625;0;323;0;;1;140274;m2;198437;0;
..\..\world\generic\human\passivedoodads\sacks\plaguedgrainsack01.m2;18252.056640625;60.76047897338867;15346.5361328125;0;324.150390625;0;;1;170139;m2;198437;0;
..\..\world\generic\human\passivedoodads\sacks\plaguedgrainsack01.m2;18252.189453125;60.90883255004883;15347.1298828125;0;326.7740478515625;0;;1;170143;m2;198437;0;
..\..\world\generic\human\passivedoodads\sacks\plaguedgrainsack01.m2;18251.28125;59.77526092529297;15339.974609375;0;321.78839111328125;0;;1;591874;m2;198437;0;
..\..\world\generic\human\passivedoodads\sacks\plaguedgrainsack01.m2;18596.318359375;61.50659942626953;15170.8115234375;0;237;0;;1;142002;m2;198437;0;
..\..\world\generic\human\passivedoodads\sacks\plaguedgrainsack01.m2;18264.611328125;59.58823776245117;15253.2841796875;0;306.5;0;;1;142505;m2;198437;0;
..\..\world\generic\human\passivedoodads\sacks\plaguedgrainsack01.m2;18597.6796875;60.33696746826172;15166.80859375;0;58.5;0;;1;141975;m2;198437;0;
..\..\world\generic\human\passivedoodads\sacks\plaguedgrainsack01.m2;18594.888671875;61.08344268798828;15170.9765625;0;309;0;;1;141978;m2;198437;0;
..\..\world\generic\human\passivedoodads\sacks\plaguedgrainsack01.m2;18595.6875;61.30590057373047;15169.8984375;0;38.5;0;;1;141994;m2;198437;0;
..\..\world\generic\human\passivedoodads\sacks\plaguedgrainsack01.m2;18595.923828125;61.49587631225586;15170.306640625;0;239.5;0;;1;141999;m2;198437;0;
..\..\world\generic\human\passivedoodads\sacks\plaguedgrainsack01.m2;18624.8359375;59.35699462890625;15193.931640625;0;301;0;;1;170612;m2;198437;0;
..\..\world\generic\human\passivedoodads\sacks\plaguedgrainsack01.m2;18251.01953125;59.75151443481445;15340.7490234375;0;210.6143341064453;0;;1;591875;m2;198437;0;
..\..\world\generic\human\passivedoodads\sacks\plaguedgrainsack01.m2;18321.66796875;60.3463134765625;15292.2421875;0;230.35501098632812;0;;1;141801;m2;198437;0;
..\..\world\generic\human\passivedoodads\sacks\plaguedgrainsack01.m2;18404.330078125;60.1706428527832;15193.130859375;0;319.5;0;;1;140273;m2;198437;0;
..\..\world\generic\human\passivedoodads\sacks\plaguedgrainsack01.m2;18288.001953125;59.51310348510742;15272.373046875;0;119.03460693359375;0;;1;141823;m2;198437;0;
..\..\world\generic\human\passivedoodads\sacks\plaguedgrainsack01.m2;18644.720703125;59.31100845336914;15191.337890625;0;319.5;0;;1;170551;m2;198437;0;
..\..\world\generic\human\passivedoodads\sacks\plaguedgrainsack01.m2;18250.638671875;59.73253631591797;15340.287109375;0;60.943023681640625;0;;1;591878;m2;198437;0;
..\..\world\generic\human\passivedoodads\sacks\plaguedgrainsack01.m2;18644.58203125;59.32620620727539;15191.7978515625;0;49;0;;1;170557;m2;198437;0;
..\..\world\generic\human\passivedoodads\sacks\plaguedgrainsack01.m2;18252.3125;60.75403594970703;15347.896484375;0;48.5003662109375;0;;1;170140;m2;198437;0;
..\..\world\azeroth\westfall\passivedoodads\barrel\westfallbarrel01.m2;18263.59765625;61.59067916870117;15400.4296875;0;268.3602294921875;0;;1.1494140625;141090;m2;190535;0;
..\..\world\generic\human\passivedoodads\sacks\plaguedgrainsack01.m2;18323.017578125;60.06599807739258;15293.63671875;0;297.1175231933594;0;;1;141800;m2;198437;0;
..\..\world\generic\human\passivedoodads\sacks\plaguedgrainsack01.m2;18252.8828125;59.82069396972656;15340.224609375;0;227.9183349609375;0;;1;591879;m2;198437;0;
..\..\world\azeroth\theblastedlands\passivedoodads\bones\blastedlandsbonepile02.m2;18447.60546875;67.41451263427734;15359.3359375;0;1;0;;1;142533;m2;190437;0;
..\..\world\generic\human\passivedoodads\sacks\plaguedgrainsack01.m2;18645.08203125;59.58351135253906;15192.076171875;0;317;0;;1;170555;m2;198437;0;
..\..\world\generic\human\passivedoodads\sacks\plaguedgrainsack01.m2;18252.044921875;60.88917541503906;15347.638671875;0;206.17083740234375;0;;1;170145;m2;198437;0;
..\..\world\generic\human\passivedoodads\sacks\plaguedgrainsack01.m2;18595.97265625;61.09130859375;15170.5634765625;0;25;0;;1;141985;m2;198437;0;
..\..\world\generic\human\passivedoodads\sacks\plaguedgrainsack01.m2;18645.49609375;59.38959503173828;15192.412109375;0;316.5;0;;1;170556;m2;198437;0;
..\..\world\generic\human\passivedoodads\sacks\plaguedgrainsack01.m2;18594.859375;61.21980285644531;15171.4072265625;0;295;0;;1;141983;m2;198437;0;
..\..\world\generic\human\passivedoodads\sacks\plaguedgrainsack01.m2;18321.6171875;60.50461196899414;15292.6708984375;0;45.00189208984375;0;;1;141802;m2;198437;0;
..\..\world\generic\human\passivedoodads\sacks\plaguedgrainsack01.m2;18644.791015625;59.38114547729492;15192.3515625;0;45;0;;1;170550;m2;198437;0;
..\..\world\generic\human\passivedoodads\sacks\plaguedgrainsack01.m2;18594.9921875;61.02504348754883;15171.8310546875;0;24.5;0;;1;141979;m2;198437;0;
..\..\world\generic\human\passivedoodads\sacks\plaguedgrainsack01.m2;18645.447265625;59.31856918334961;15191.1865234375;0;23.5;0;;1;170553;m2;198437;0;
..\..\world\generic\human\passivedoodads\sacks\plaguedgrainsack01.m2;18596.20703125;61.33479690551758;15170.447265625;0;292.5;0;;1;141990;m2;198437;0;
..\..\world\azeroth\theblastedlands\passivedoodads\bones\blastedlandsbonepile02.m2;18489.365234375;66.48943328857422;15445.384765625;0;0;0;;1;140113;m2;190437;0;
..\..\world\azeroth\theblastedlands\passivedoodads\bones\blastedlandsbonepile02.m2;18515.77734375;61.86296844482422;15460.447265625;0;0;0;;1;140174;m2;190437;0;
..\..\world\azeroth\westfall\passivedoodads\barrel\westfallbarrel01.m2;18287.626953125;59.50473403930664;15270.1103515625;0;11.7008056640625;0;;1;141816;m2;190535;0;
..\..\world\generic\human\passivedoodads\sacks\plaguedgrainsack01.m2;18597.759765625;60.41327667236328;15166.134765625;0;291.5;0;;1;141976;m2;198437;0;
..\..\world\generic\human\passivedoodads\sacks\plaguedgrainsack01.m2;18265.0625;59.57893753051758;15253.6611328125;0;291;0;;1;142504;m2;198437;0;
..\..\world\generic\human\passivedoodads\sacks\plaguedgrainsack01.m2;18645.361328125;59.30906295776367;15190.6123046875;0;20.5;0;;1;170559;m2;198437;0;
..\..\world\azeroth\elwynn\passivedoodads\battlegladesword\battlegladesword.m2;18311.109375;60.05465316772461;15344.4228515625;0;92.5;0;;1;142526;m2;189687;0;
..\..\world\generic\human\passivedoodads\lanterns\generallantern01.m2;18577.857421875;61.0084228515625;15189.7236328125;0;0;0;;0.8291015625;142037;m2;198327;0;
..\..\world\generic\human\passivedoodads\sacks\plaguedgrainsack01.m2;18596.970703125;61.09288787841797;15169.1123046875;0;250;0;;1;141992;m2;198437;0;
..\..\world\generic\human\passivedoodads\sacks\plaguedgrainsack01.m2;18251.8828125;59.77220916748047;15340.8603515625;0;70.79803466796875;0;;1;591876;m2;198437;0;
..\..\world\generic\human\passivedoodads\sacks\plaguedgrainsack01.m2;18324.05078125;60.32073211669922;15291.3896484375;0;17.21160888671875;0;;1;141797;m2;198437;0;
..\..\world\generic\human\passivedoodads\sacks\plaguedgrainsack01.m2;18595.40625;61.52395248413086;15170.7548828125;0;344;0;;1;141997;m2;198437;0;
..\..\world\azeroth\westfall\passivedoodads\barrel\westfallbarrel01.m2;18282.11328125;59.46672439575195;15265.3515625;0;189.02468872070312;0;;1;141811;m2;190535;0;
..\..\world\generic\human\passivedoodads\sacks\plaguedgrainsack01.m2;18595.5625;61.25482177734375;15171.4248046875;0;344.5;0;;1;141984;m2;198437;0;
..\..\world\generic\human\passivedoodads\sacks\plaguedgrainsack01.m2;18596.349609375;61.01885986328125;15171.310546875;0;15.5;0;;1;141986;m2;198437;0;
..\..\world\generic\passivedoodads\furniture\containers\barrel02.m2;18391.267578125;60.22174835205078;15192.888671875;0;351;0;;1;316569;m2;199737;0;
..\..\world\generic\human\passivedoodads\sacks\plaguedgrainsack01.m2;18321.66796875;60.61300277709961;15292.3427734375;-11.999999046325684;78.82470703125;-19.500001907348633;;1;141803;m2;198437;0;
..\..\world\generic\human\passivedoodads\sacks\plaguedgrainsack01.m2;18596.70703125;61.04499816894531;15170.6328125;0;345.5;0;;1;141987;m2;198437;0;
..\..\world\generic\human\passivedoodads\sacks\plaguedgrainsack01.m2;18596.619140625;61.21687698364258;15169.63671875;0;14.5;0;;1;141993;m2;198437;0;
..\..\world\generic\human\passivedoodads\sacks\plaguedgrainsack01.m2;18595.912109375;61.0923957824707;15169.8759765625;0;346;0;;1;141989;m2;198437;0;
..\..\world\generic\human\passivedoodads\sacks\plaguedgrainsack01.m2;18251.40625;59.88610076904297;15340.8515625;0;166.2081298828125;0;;1;591877;m2;198437;0;
..\..\world\generic\human\passivedoodads\sacks\plaguedgrainsack01.m2;18323.84375;60.47415542602539;15291.3447265625;-1.5;189.5545196533203;-12.000000953674316;;1;141798;m2;198437;0;
..\..\world\azeroth\elwynn\passivedoodads\pick\pick.m2;18481.720703125;66.05985260009766;15456.8984375;-89.00025177001953;354.0000915527344;53.99993896484375;;1;140086;m2;189834;0;
..\..\world\generic\human\passivedoodads\sacks\plaguedgrainsack01.m2;18596.296875;61.25861358642578;15171.0859375;0;347.5;0;;1;142000;m2;198437;0;
..\..\world\azeroth\elwynn\passivedoodads\pick\pick.m2;18323.625;59.92278289794922;15294.4521484375;3.4999990463256836;308.4503173828125;26.999998092651367;;1;141795;m2;189834;0;
..\..\world\generic\human\passivedoodads\sacks\plaguedgrainsack01.m2;18645.380859375;60.43727493286133;15180.2216796875;-9.999999046325684;278;-16.999998092651367;;1;170632;m2;198437;0;
..\..\world\generic\human\passivedoodads\sacks\plaguedgrainsack01.m2;18596.001953125;61.09281539916992;15169.380859375;0;348.5;0;;1;141988;m2;198437;0;
..\..\world\generic\human\passivedoodads\sacks\plaguedgrainsack01.m2;18265.193359375;59.59209060668945;15253.0302734375;0;348.5;0;;1;142503;m2;198437;0;
..\..\world\generic\human\passivedoodads\sacks\plaguedgrainsack01.m2;18624.515625;59.2584114074707;15192.87109375;0;281.5;0;;1;170613;m2;198437;0;
..\..\world\generic\human\passivedoodads\sacks\plaguedgrainsack01.m2;18596.861328125;61.08011245727539;15169.9697265625;0;349;0;;1;141991;m2;198437;0;
..\..\world\generic\human\passivedoodads\sacks\plaguedgrainsack01.m2;18645.517578125;59.33962631225586;15191.8046875;0;10.5;0;;1;170552;m2;198437;0;
..\..\world\generic\human\passivedoodads\sacks\plaguedgrainsack01.m2;18595.580078125;61.06876754760742;15171.162109375;0;80;0;;1;141980;m2;198437;0;
..\..\world\generic\human\passivedoodads\buckets\cavekoboldbucket.m2;18539.9609375;60.33244705200195;15452.0478515625;-5.5;0;34.000003814697266;;1;140201;m2;198069;0;
..\..\world\generic\human\passivedoodads\sacks\plaguedgrainsack01.m2;18595.712890625;61.31178665161133;15170.912109375;0;260.5;0;;1;141996;m2;198437;0;
..\..\world\generic\human\passivedoodads\sacks\plaguedgrainsack01.m2;18595.140625;61.092529296875;15170.2861328125;0;350.5;0;;1;141981;m2;198437;0;
..\..\world\generic\human\passivedoodads\sacks\plaguedgrainsack01.m2;18594.3984375;61.06064987182617;15171.326171875;0;351.5;0;;1;141977;m2;198437;0;
..\..\world\azeroth\westfall\passivedoodads\barrel\westfallbarrel01.m2;18403.126953125;60.10344696044922;15191.1953125;0;4.5;0;;1;140261;m2;190535;0;
..\..\world\azeroth\westfall\passivedoodads\barrel\westfallbarrel01.m2;18257.158203125;60.2044677734375;15400.880859375;0;4.1968994140625;0;;1;141080;m2;190535;0;
..\..\world\azeroth\westfall\passivedoodads\barrel\westfallbarrel01.m2;18585.2734375;59.61975860595703;15183.8759765625;0;3.5;0;;1;142027;m2;190535;0;
..\..\world\generic\human\passivedoodads\sacks\plaguedgrainsack01.m2;18645.109375;59.72244644165039;15191.4609375;0;96;0;;1;170561;m2;198437;0;
..\..\world\generic\human\passivedoodads\sacks\plaguedgrainsack01.m2;18250.328125;59.71782684326172;15338.8759765625;0;96.144287109375;0;;1;591880;m2;198437;0;
..\..\world\generic\human\passivedoodads\sacks\plaguedgrainsack01.m2;18643.330078125;59.32343292236328;15174.6015625;0;275.5;0;;1;170620;m2;198437;0;
..\..\world\generic\human\passivedoodads\sacks\plaguedgrainsack01.m2;18251.595703125;60.75225067138672;15347.9228515625;0;264.685791015625;0;;1;170144;m2;198437;0;
..\..\world\azeroth\westfall\passivedoodads\westfallchair\westfallchair.m2;18600.037109375;60.06626510620117;15166.2734375;-24.499998092651367;356;-39;;1;141972;m2;190658;0;
..\..\world\generic\human\passivedoodads\sacks\plaguedgrainsack02.m2;18267.109375;59.55445861816406;15311.6142578125;-21.500001907348633;276.5;-4.499999523162842;;1.26953125;170594;m2;198438;0;
..\..\world\generic\human\passivedoodads\sacks\plaguedgrainsack01.m2;18596.283203125;61.4200439453125;15170.0029296875;0;355.5;0;;1;141998;m2;198437;0;
..\..\world\azeroth\elwynn\passivedoodads\skeleton\battlegladespinehumandark.m2;18447.111328125;67.80821228027344;15351.607421875;0;0;0;;1;140131;m2;189898;0;
..\..\world\azeroth\westfall\passivedoodads\westfallchair\westfallchair.m2;18315.9921875;59.59112548828125;15351.416015625;-29;338;30.5000057220459;;1;141124;m2;190658;0;
..\..\world\azeroth\westfall\passivedoodads\westfallchair\westfallchair.m2;18249.80859375;59.66688537597656;15256.13671875;28.500001907348633;0;68.00000762939453;;1;142498;m2;190658;0;
..\..\world\generic\human\passivedoodads\sacks\plaguedgrainsack01.m2;18252.416015625;60.75799560546875;15347.1796875;0;266.284423828125;0;;1;170142;m2;198437;0;
..\..\world\generic\human\passivedoodads\sacks\plaguedgrainsack01.m2;18644.76953125;59.3021125793457;15190.66796875;0;266.5000305175781;0;;1;170558;m2;198437;0;
..\..\world\generic\human\passivedoodads\sacks\plaguedgrainsack01.m2;18543.126953125;63.04082107543945;15437.466796875;-3.5;0;12.999999046325684;;1;140173;m2;198437;0;
..\..\world\generic\human\passivedoodads\sacks\plaguedgrainsack01.m2;18645.310546875;60.17455291748047;15180.1748046875;11.000000953674316;270;-21.499998092651367;;1;170631;m2;198437;0;
..\..\world\generic\human\passivedoodads\sacks\plaguedgrainsack01.m2;18251.830078125;60.75611114501953;15347.3466796875;0;87.494873046875;0;;1;170141;m2;198437;0;
..\..\world\azeroth\westfall\passivedoodads\westfallchair\westfallchair.m2;18287.1484375;59.50551986694336;15270.9580078125;23;336.14208984375;68.50000762939453;;1;141817;m2;190658;0;
..\..\world\generic\human\passivedoodads\sacks\plaguedgrainsack01.m2;18595.486328125;61.23868179321289;15170.5615234375;0;357.5;0;;1;141995;m2;198437;0;
..\..\world\azeroth\elwynn\passivedoodads\skeleton\battlegladespinehumandark.m2;18440.998046875;67.99263763427734;15360.2529296875;0;322.5;0;;1;142527;m2;189898;0;
..\..\world\generic\human\passivedoodads\crates\crategrain01.m2;18586.638671875;59.51179885864258;15184.3291015625;0;358;0;;0.7294921875;142028;m2;198158;0;
..\..\world\azeroth\westfall\passivedoodads\barrel\westfallbarrel01.m2;18402.041015625;60.08686828613281;15192.0078125;0;0;0;;1;140260;m2;190535;0;
..\..\world\azeroth\westfall\passivedoodads\barrel\westfallbarrel01.m2;18599.076171875;59.91735076904297;15169.6552734375;0;0;0;;1;141974;m2;190535;0;
..\..\world\generic\human\passivedoodads\sacks\plaguedgrainsack01.m2;18595.95703125;61.16896057128906;15171.1279296875;0;358;0;;1;142001;m2;198437;0;
..\..\world\azeroth\westfall\passivedoodads\barrel\westfallbarrel01.m2;18275.32421875;59.45537567138672;15258.6767578125;0;0;0;;1;142485;m2;190535;0;
..\..\world\azeroth\westfall\passivedoodads\barrel\westfallbarrel01.m2;18272.6796875;59.46712875366211;15259.3359375;0;0;0;;1;142489;m2;190535;0;
..\..\world\azeroth\westfall\passivedoodads\barrel\westfallbarrel01.m2;18398.595703125;60.18749237060547;15199.4423828125;0;0;0;;1;153498;m2;190535;0;
..\..\world\azeroth\elwynn\passivedoodads\pick\pick.m2;18542.1328125;63.12262725830078;15435.3896484375;-28;326.5;-18.000001907348633;;1;140172;m2;189834;0;
..\..\world\generic\passivedoodads\furniture\containers\sack02.m2;18402.912109375;60.24484634399414;15197.931640625;0;118;0;;1.0791015625;153490;m2;199746;0;
..\..\world\generic\human\passivedoodads\sacks\plaguedgrainsack01.m2;18595.201171875;61.29334259033203;15170.9736328125;0;1;0;;1;141982;m2;198437;0;
..\..\world\azeroth\elwynn\passivedoodads\jugs\jug01.m2;18287.533203125;59.28995895385742;15272.44921875;13.500000953674316;338.22442626953125;27.5;;1;141820;m2;189820;0;
..\..\world\generic\human\passivedoodads\sacks\plaguedgrainsack01.m2;18645.173828125;59.46242141723633;15191.466796875;0;0;0;;1;170554;m2;198437;0;
..\..\world\generic\human\passivedoodads\sacks\plaguedgrainsack01.m2;18644.947265625;59.51385498046875;15190.958984375;0;0;0;;1;170560;m2;198437;0;
..\..\world\generic\human\passivedoodads\sacks\plaguedgrainsack01.m2;18625.29296875;59.30539321899414;15193.0546875;0;0;0;;1;170611;m2;198437;0;
..\..\world\generic\human\passivedoodads\buckets\cavekoboldbucket.m2;18301.30078125;59.9434700012207;15275.197265625;0;298.1590576171875;0;;1;141846;m2;198069;0;
..\..\world\generic\passivedoodads\furniture\containers\sack02.m2;18403.173828125;60.18387985229492;15197.318359375;0;142;6.499999523162842;;1;153488;m2;199746;0;
..\..\world\generic\human\passivedoodads\bookstacks\generalbookstackshort01.m2;18401.767578125;61.41427993774414;15198.4140625;0;336;0;;1;153492;m2;198055;0;
..\..\world\azeroth\elwynn\passivedoodads\jugs\jug01.m2;18250.673828125;59.3972053527832;15256.88671875;10.500000953674316;0;-28.000003814697266;;1;142499;m2;189820;0;
..\..\world\azeroth\westfall\passivedoodads\westfallchair\westfallchair.m2;18521.345703125;60.48278045654297;15463.029296875;11.5;0;-57.500003814697266;;1;140208;m2;190658;0;
..\..\world\generic\human\passivedoodads\ropes\cavekoboldropecoil.m2;18403.134765625;61.04494094848633;15191.056640625;0;355.5;0;;0.689453125;140275;m2;198422;0;
..\..\world\generic\human\passivedoodads\sacks\plaguedgrainsack02.m2;18251.974609375;61.27165603637695;15338.80859375;0;216.15513610839844;0;;1;591873;m2;198438;0;
..\..\world\azeroth\theblastedlands\passivedoodads\bones\blastedlandsbonepile03.m2;18442.48828125;68.0399169921875;15354.044921875;0;20.5;0;;1;142532;m2;190438;0;
..\..\world\generic\human\passivedoodads\sacks\plaguedgrainsack02.m2;18251.09375;60.75640869140625;15346.8798828125;0;310.2431640625;0;;1;170147;m2;198438;0;
..\..\world\generic\human\passivedoodads\sacks\plaguedgrainsack02.m2;18269.529296875;59.5023193359375;15257.513671875;0;318.5;0;;1;142497;m2;198438;0;
..\..\world\generic\human\passivedoodads\sacks\plaguedgrainsack02.m2;18260.845703125;61.63138961791992;15400.505859375;0;19.869720458984375;0;;1.041015625;141089;m2;198438;0;
..\..\world\generic\passivedoodads\furniture\containers\sack02.m2;18397.7734375;59.99955368041992;15192.134765625;0;329;0;;1;153489;m2;199746;0;
..\..\world\generic\human\passivedoodads\sacks\plaguedgrainsack02.m2;18643.416015625;59.30051803588867;15173.4541015625;0;299.5;0;;1;170619;m2;198438;0;
..\..\world\generic\passivedoodads\lights\candle01.m2;18320.142578125;61.16812515258789;15294.763671875;0;258.57366943359375;0;;1;141805;m2;199806;0;
..\..\world\generic\passivedoodads\lights\candle01.m2;18599.068359375;60.92020034790039;15169.5234375;0;0;0;;1;142005;m2;199806;0;
..\..\world\generic\passivedoodads\lights\candle01.m2;18638.48828125;62.57650375366211;15185.1640625;0;0;0;;1;170625;m2;199806;0;
..\..\world\azeroth\westfall\passivedoodads\westfallchair\westfallchair.m2;18256.19140625;60.1114387512207;15401.943359375;2;7.032318115234375;4;;1.189453125;141093;m2;190658;0;
..\..\world\generic\human\passivedoodads\sacks\plaguedgrainsack02.m2;18598.626953125;60.25070571899414;15167.365234375;0;294;0;;1;141970;m2;198438;0;
..\..\world\generic\human\passivedoodads\sacks\plaguedgrainsack02.m2;18251.43359375;60.76185607910156;15346.2421875;0;203.80038452148438;0;;1;170146;m2;198438;0;
..\..\world\azeroth\elwynn\passivedoodads\jars\jar01.m2;18599.337890625;59.8797492980957;15168.0166015625;-3.999999523162842;337.5;24.000001907348633;;1;141973;m2;189815;0;
..\..\world\azeroth\theblastedlands\passivedoodads\bones\blastedlandsbonepile03.m2;18522.763671875;60.70001983642578;15463.52734375;0;345.5;0;;1;140207;m2;190438;0;
..\..\world\generic\human\passivedoodads\buckets\cavekoboldbucket.m2;18287.634765625;59.45143508911133;15271.0830078125;0;193.87066650390625;0;;1;141840;m2;198069;0;
..\..\world\azeroth\elwynn\passivedoodads\jars\jar01.m2;18281.607421875;59.30325698852539;15266.0029296875;-12.5;5.8037109375;9.5;;1;141813;m2;189815;0;
..\..\world\generic\human\passivedoodads\sacks\plaguedgrainsack02.m2;18644.861328125;59.35284423828125;15175.181640625;0;344.5;0;;1;170618;m2;198438;0;
..\..\world\generic\human\passivedoodads\sacks\plaguedgrainsack02.m2;18248.1328125;59.63445281982422;15344.537109375;0;193.10769653320312;0;;1;170112;m2;198438;0;
..\..\world\azeroth\westfall\passivedoodads\westfallchair\westfallchair.m2;18663.197265625;60.93807601928711;15142.5458984375;3.000000238418579;0;65;;1;142081;m2;190658;0;
..\..\world\azeroth\elwynn\passivedoodads\jugs\jug01.m2;18286.205078125;59.44675064086914;15270.6708984375;3.000000238418579;176.5323486328125;-76;;1;141818;m2;189820;0;
..\..\world\azeroth\elwynn\passivedoodads\jars\jar01.m2;18282.283203125;59.24888229370117;15266.0185546875;10.999999046325684;212.1524658203125;6.500000476837158;;1;141812;m2;189815;0;
..\..\world\generic\passivedoodads\lights\candle03.m2;18638.158203125;62.5772705078125;15184.947265625;0;23.5;0;;1.0693359375;170626;m2;199808;0;
..\..\world\generic\passivedoodads\lights\candle02.m2;18402.095703125;61.03334045410156;15192.02734375;0;56;0;;1;140276;m2;199807;0;
..\..\world\generic\human\passivedoodads\sacks\plaguedgrainsack02.m2;18663.0859375;62.1878547668457;15138.9267578125;0;349.5;0;;1;142084;m2;198438;0;
..\..\world\generic\human\passivedoodads\sacks\plaguedgrainsack02.m2;18625.337890625;59.35646057128906;15193.701171875;0;100;0;;1;170614;m2;198438;0;
..\..\world\azeroth\elwynn\passivedoodads\jars\jar01.m2;18261.560546875;62.58463668823242;15402.0947265625;0;117.270751953125;0;;1.13671875;141091;m2;189815;0;
..\..\world\generic\passivedoodads\lights\candle02.m2;18402.51953125;61.44122314453125;15198.400390625;0;0;1;;1;153487;m2;199807;0;
..\..\world\azeroth\westfall\passivedoodads\westfallchair\westfallchair.m2;18584.8671875;59.4363899230957;15186.9892578125;0;14.5;0;;1;142023;m2;190658;0;
..\..\world\generic\human\passivedoodads\sacks\plaguedgrainsack02.m2;18266.169921875;59.58721923828125;15311.6904296875;0;7.5;0;;1;170593;m2;198438;0;
..\..\world\azeroth\elwynn\passivedoodads\jars\jar02.m2;18247.283203125;59.51277160644531;15255.8427734375;-7.499999523162842;129.5;-30.999998092651367;;1;142500;m2;189816;0;
..\..\world\generic\human\passivedoodads\sacks\plaguedgrainsack02.m2;18599.28125;60.25;15167.021484375;-2.000000238418579;0;7.000000953674316;;1;141969;m2;198438;0;
..\..\world\generic\passivedoodads\lights\candle02.m2;18525.0078125;60.88876724243164;15462.1123046875;0;0;0;;1;140229;m2;199807;0;
..\..\world\generic\passivedoodads\lights\candle02.m2;18320.365234375;61.17217254638672;15295.0673828125;0;96.232177734375;0;;1;141804;m2;199807;0;
..\..\world\generic\passivedoodads\lights\candle02.m2;18663.58984375;62.13758087158203;15139.6728515625;0;0;0;;1;142079;m2;199807;0;
..\..\world\generic\passivedoodads\lights\candle02.m2;18644.322265625;60.93875503540039;15195.4384765625;0;0;0;;1;170568;m2;199807;0;
..\..\world\generic\passivedoodads\lights\candle02.m2;18632.607421875;62.57742691040039;15185.224609375;0;344.5;0;;1;170569;m2;199807;0;
..\..\world\generic\passivedoodads\lights\candle02.m2;18638.48046875;62.57745361328125;15190.8173828125;0;0;0;;1;170570;m2;199807;0;
..\..\world\generic\passivedoodads\lights\candle02.m2;18627.080078125;60.93961715698242;15196.146484375;0;0;0;;1;170609;m2;199807;0;
..\..\world\azeroth\elwynn\passivedoodads\jugs\jug02.m2;18598.9296875;60.17298889160156;15166.326171875;-5.499999523162842;0;11.5;;1;141971;m2;189821;0;
..\..\world\generic\passivedoodads\lights\candle03.m2;18632.47265625;62.57611083984375;15190.8779296875;0;316.5;0;;1.01953125;170624;m2;199808;0;
..\..\world\generic\passivedoodads\lights\candle03.m2;18599.095703125;60.89873504638672;15169.7998046875;0;0;0;;1;142004;m2;199808;0;
..\..\world\generic\passivedoodads\lights\candle03.m2;18632.607421875;62.57750701904297;15191.228515625;0;0;0;;1;170622;m2;199808;0;
..\..\world\generic\passivedoodads\lights\candle03.m2;18632.537109375;62.57729721069336;15185.677734375;0;0;0;;1;170623;m2;199808;0;
..\..\world\azeroth\elwynn\passivedoodads\jugs\jug01.m2;18306.220703125;59.96050262451172;15270.6611328125;0;229.9948272705078;0;;1;141848;m2;189820;0;
..\..\world\azeroth\elwynn\passivedoodads\jars\jar01.m2;18258.033203125;60.2880859375;15402.318359375;0;101.68157958984375;0;;1.0634765625;141092;m2;189815;0;
..\..\world\generic\human\passivedoodads\sacks\plaguedgrainsack02.m2;18250.10546875;59.65627670288086;15344.591796875;0;271.63372802734375;0;;1;170111;m2;198438;0;
..\..\world\azeroth\elwynn\passivedoodads\jugs\jug02.m2;18305.791015625;60.06488800048828;15270.38671875;0;48.615966796875;0;;1;141849;m2;189821;0;
..\..\world\generic\human\passivedoodads\armor\armorhelmgreen.m2;18200.923828125;61.53418731689453;15309.587890625;-32;42.5;-17.999998092651367;;1.2392578125;142506;m2;197872;0;
..\..\world\azeroth\theblastedlands\passivedoodads\bones\blastedlandsbonepile03.m2;18448.689453125;67.41787719726562;15360.3583984375;0;0;0;;1;140128;m2;190438;0;
..\..\world\azeroth\theblastedlands\passivedoodads\bones\blastedlandsbonepile03.m2;18442.802734375;67.79959869384766;15359.1884765625;0;0;0;;1;142531;m2;190438;0;
..\..\world\azeroth\theblastedlands\passivedoodads\bones\blastedlandsbonepile03.m2;18503.45703125;61.47359848022461;15415.7041015625;0;0;0;;1;146991;m2;190438;0;
..\..\world\azeroth\theblastedlands\passivedoodads\bones\blastedlandsbonepile03.m2;18234.548828125;59.56489562988281;15324.02734375;0;0;0;;1;170601;m2;190438;0;
..\..\world\azeroth\westfall\passivedoodads\westfallchair\westfallchair.m2;18662.96875;60.87088394165039;15137.349609375;0.5;0;12;;1;142083;m2;190658;0;
..\..\world\azeroth\westfall\passivedoodads\westfallchair\westfallchair.m2;18401.087890625;60.1458740234375;15196.060546875;0;353.5;0;;1;153496;m2;190658;0;
..\..\world\generic\human\passivedoodads\sacks\plaguedgrainsack02.m2;18644.986328125;59.29150390625;15189.755859375;0;0;0;;1;170562;m2;198438;0;
..\..\world\generic\human\passivedoodads\sacks\plaguedgrainsack02.m2;18626.064453125;59.42733383178711;15194.3583984375;0;0;0;;1;170610;m2;198438;0;
..\..\world\generic\human\passivedoodads\buckets\cavekoboldbucket.m2;18599.39453125;60.02099609375;15168.9716796875;0;0;0;;1;142009;m2;198069;0;
..\..\world\azeroth\elwynn\passivedoodads\jars\jar03.m2;18281.55859375;59.40572738647461;15264.568359375;0;37.54144287109375;0;;1;141814;m2;189817;0;
..\..\world\azeroth\elwynn\passivedoodads\jars\jar01.m2;18402.740234375;60.10852813720703;15192.0146484375;0;0;0;;1;140262;m2;189815;0;
..\..\world\azeroth\elwynn\passivedoodads\jars\jar01.m2;18580.41796875;60.15442657470703;15192.763671875;0;0;0;;1;142033;m2;189815;0;
..\..\world\azeroth\elwynn\passivedoodads\jars\jar01.m2;18663.064453125;62.16064453125;15139.6123046875;0;0;0;;1;142085;m2;189815;0;
..\..\world\azeroth\elwynn\passivedoodads\jars\jar01.m2;18269.361328125;60.66093063354492;15254.0517578125;0;0;0;;1;142495;m2;189815;0;
..\..\world\generic\human\passivedoodads\armor\armorshouldertrim.m2;18449.138671875;67.66133880615234;15352.458984375;-61.99998474121094;0;-33.99999237060547;;1;140130;m2;197909;0;
..\..\world\azeroth\elwynn\passivedoodads\jugs\jug01.m2;18398.220703125;59.97799301147461;15191.318359375;0;345;0;;1;140269;m2;189820;0;
..\..\world\azeroth\elwynn\passivedoodads\jugs\jug01.m2;18585.21875;59.48430252075195;15185.9697265625;0;0;0;;1;142021;m2;189820;0;
..\..\world\azeroth\elwynn\passivedoodads\jugs\jug01.m2;18580.85546875;60.10310363769531;15192.9091796875;0;168.5;0;;1;142035;m2;189820;0;
..\..\world\azeroth\elwynn\passivedoodads\jugs\jug01.m2;18402.509765625;61.44026184082031;15197.505859375;0;0;0;;1;153495;m2;189820;0;
..\..\world\azeroth\elwynn\passivedoodads\jugs\jug02.m2;18257.642578125;60.24790573120117;15401.443359375;0;182.03802490234375;0;;1.05078125;141088;m2;189821;0;
..\..\world\azeroth\westfall\passivedoodads\westfallchair\westfallchair.m2;18401.044921875;60.05295944213867;15191.8203125;0;0;0;;1;140267;m2;190658;0;
..\..\world\azeroth\westfall\passivedoodads\westfallchair\westfallchair.m2;18666.15625;60.8189697265625;15142.505859375;0;0;-1;;1;142082;m2;190658;0;
..\..\world\azeroth\elwynn\passivedoodads\jugs\jug02.m2;18402.92578125;60.12216567993164;15192.462890625;0;0;0;;1;140264;m2;189821;0;
..\..\world\azeroth\elwynn\passivedoodads\jugs\jug02.m2;18397.669921875;59.96515655517578;15191.2041015625;0;0;0;;1;140265;m2;189821;0;
..\..\world\azeroth\elwynn\passivedoodads\jugs\jug02.m2;18615.923828125;60.73042297363281;15151.412109375;0;0;0;;1;142019;m2;189821;0;
..\..\world\azeroth\elwynn\passivedoodads\jugs\jug02.m2;18580.447265625;60.10881423950195;15193.224609375;0;0;0;;1;142034;m2;189821;0;
..\..\world\azeroth\elwynn\passivedoodads\jugs\jug02.m2;18275.134765625;59.45687484741211;15259.5546875;0;356.5;0;;1;142487;m2;189821;0;
..\..\world\azeroth\elwynn\passivedoodads\jugs\jug02.m2;18392.01953125;60.08749771118164;15193.3740234375;0;0;0;;1;316570;m2;189821;0;
..\..\world\azeroth\theblastedlands\passivedoodads\bones\blastedlandsskull01.m2;18626.9921875;60.93840789794922;15196.4267578125;0;318.5;0;;1;170606;m2;190439;0;
..\..\world\azeroth\theblastedlands\passivedoodads\bones\blastedlandsskull01.m2;18627.267578125;60.93895721435547;15196.2041015625;0;52;0;;1;170607;m2;190439;0;
..\..\world\generic\human\passivedoodads\armor\armorhelmgreen.m2;18451.951171875;67.2117691040039;15358.33984375;-52.999996185302734;0;-46.499996185302734;;1;140129;m2;197872;0;
..\..\world\generic\human\passivedoodads\armor\armorhelmgreen.m2;18533.953125;59.9794921875;15454.169921875;-28.5;289.5;-45;;1;140200;m2;197872;0;
..\..\world\azeroth\theblastedlands\passivedoodads\bones\blastedlandsskull01.m2;18318.880859375;59.91694641113281;15349.87109375;0;294;0;;1;141123;m2;190439;0;
..\..\world\azeroth\theblastedlands\passivedoodads\bones\blastedlandsskull01.m2;18626.8984375;60.93891143798828;15195.974609375;0;203.99998474121094;0;;1;170608;m2;190439;0;
..\..\world\azeroth\theblastedlands\passivedoodads\bones\blastedlandsskull01.m2;18402.74609375;60.15742874145508;15194.9296875;0;293;0;;1;140268;m2;190439;0;
..\..\world\generic\human\passivedoodads\armor\armorhelmgreen.m2;18444.453125;67.79981231689453;15361.9111328125;-45;0;60.5;;1;142530;m2;197872;0;
..\..\world\generic\human\passivedoodads\armor\armorhelmgreen.m2;18485.2734375;66.29219818115234;15459.54296875;-23.499998092651367;238.50001525878906;27.999998092651367;;1;140282;m2;197872;0;
..\..\world\generic\dwarf\passivedoodads\excavationstake\excavationstake.m2;18288.625;59.35263442993164;15273.5166015625;0;258.8018493652344;-3.9999990463256836;;1;141822;m2;197382;0;
..\..\world\azeroth\theblastedlands\passivedoodads\bones\blastedlandsskull01.m2;18597.33984375;59.93596649169922;15173.0205078125;0;75.5;0;;1;142020;m2;190439;0;
..\..\world\generic\dwarf\passivedoodads\excavationstake\excavationstake.m2;18403.595703125;60.1572265625;15193.5078125;0;341;0;;1;140270;m2;197382;0;
..\..\world\azeroth\elwynn\passivedoodads\jars\jar03.m2;18403.32421875;60.12511444091797;15191.9404296875;0;0;0;;1;140263;m2;189817;0;
..\..\world\azeroth\elwynn\passivedoodads\jars\jar02.m2;18585.6171875;59.49675369262695;15185.4296875;0;0;0;;1;142022;m2;189816;0;
..\..\world\azeroth\elwynn\passivedoodads\jars\jar02.m2;18268.888671875;60.65966796875;15254.30859375;0;0;0;;1;142496;m2;189816;0;
..\..\world\azeroth\theblastedlands\passivedoodads\bones\blastedlandsskull01.m2;18646.828125;59.98939895629883;15189.341796875;0;0;0;;1;170567;m2;190439;0;
..\..\world\generic\human\passivedoodads\armor\armorhelmgreen.m2;18398.689453125;61.61808395385742;15197.6240234375;0;65.5;0;;1;153494;m2;197872;0;
..\..\world\azeroth\elwynn\passivedoodads\skeleton\battlegladeskullhumandark.m2;18247.416015625;62.9114990234375;15327.6455078125;0;335;0;;1;170595;m2;189896;0;
..\..\world\azeroth\elwynn\passivedoodads\skeleton\battlegladeskullhumandark.m2;18515.296875;62.01811981201172;15459.6103515625;0;0;0;;1;140114;m2;189896;0;
..\..\world\wmo\azeroth\buildings\duskwoodabandoned_humantwostory\duskwoodabandoned_humantwostory.wmo;18674.513671875;61.57157516479492;15125.169921875;0;45;0;0;1;127319;wmo;106803;1;Set_A
..\..\world\wmo\azeroth\buildings\duskwoodabandoned_humantwostory\duskwoodabandoned_humantwostory.wmo;18282.337890625;60.84573745727539;15252.083984375;0;47.5;0;0;1;127324;wmo;106803;1;Set_A
..\..\world\wmo\azeroth\buildings\duskwoodabandoned_barn\duskwoodabandoned_barn.wmo;18316.4375;57.88689422607422;15279.26171875;0;45.5;0;0;1;127325;wmo;106793;0;Set_$DefaultGlobal
..\..\world\wmo\azeroth\buildings\duskwoodabandoned_barn\duskwoodabandoned_barn.wmo;18612.080078125;60.04912567138672;15475.6728515625;0;112;0;0;1;587083;wmo;106793;0;Set_$DefaultGlobal
