ModelFile;PositionX;PositionY;PositionZ;RotationX;RotationY;RotationZ;RotationW;ScaleFactor;ModelId;Type;FileDataID;DoodadSetIndexes;DoodadSetNames
..\..\world\khazmodan\wetlands\passivedoodads\trees\wetlandtree01.m2;19648.142578125;46.9045524597168;19915.732421875;0;117.74407958984375;0;;1.162109375;83012;m2;203543;0;
..\..\world\khazmodan\wetlands\passivedoodads\trees\wetlandtree01.m2;19416.669921875;53.5502815246582;19874.083984375;0;27.5;0;;1.0390625;83181;m2;203543;0;
..\..\world\khazmodan\wetlands\passivedoodads\trees\wetlandtree01.m2;19627.11328125;9.58864974975586;20258.75390625;0;39.123504638671875;0;;1;68841;m2;203543;0;
..\..\world\khazmodan\wetlands\passivedoodads\trees\wetlandtree02.m2;19606.044921875;30.51866340637207;19951.37109375;0;43.4627685546875;0;;1.224609375;83014;m2;203544;0;
..\..\world\khazmodan\wetlands\passivedoodads\trees\wetlandtree01.m2;19740.19140625;13.628397941589355;20134.91015625;0;168.952880859375;0;;1;68850;m2;203543;0;
..\..\world\khazmodan\wetlands\passivedoodads\trees\wetlandtree01.m2;19455.650390625;11.922917366027832;20044.326171875;0;84.12857055664062;0;;1.0478515625;68955;m2;203543;0;
..\..\world\khazmodan\wetlands\passivedoodads\trees\wetlandtree01.m2;19306.42578125;7.489552974700928;20094.833984375;0;8.5;0;;0.9091796875;72965;m2;203543;0;
..\..\world\khazmodan\wetlands\passivedoodads\trees\wetlandtree02.m2;19555.2734375;7.7372870445251465;20261.919921875;0;256.4894714355469;0;;1;68842;m2;203544;0;
..\..\world\khazmodan\wetlands\passivedoodads\trees\wetlandtree02.m2;19159.435546875;9.30499267578125;19977.630859375;0;137.17459106445312;0;;0.873046875;73084;m2;203544;0;
..\..\world\khazmodan\wetlands\passivedoodads\trees\wetlandtree02.m2;19498.783203125;11.090287208557129;20071.59765625;0;111.94677734375;0;;0.890625;68954;m2;203544;0;
..\..\world\khazmodan\wetlands\passivedoodads\trees\wetlandtree02.m2;19363.5703125;7.054566383361816;20262.90234375;0;181.96112060546875;0;;1.041015625;68959;m2;203544;0;
..\..\world\khazmodan\wetlands\passivedoodads\trees\wetlandtree02.m2;19246.30078125;6.901834964752197;20108.240234375;0;292.30450439453125;0;;0.7939453125;72966;m2;203544;0;
..\..\world\khazmodan\wetlands\passivedoodads\trees\wetlandtree02.m2;19437.48828125;7.590471267700195;20229.73828125;0;9.50347900390625;0;;0.8369140625;72557;m2;203544;0;
..\..\world\khazmodan\wetlands\passivedoodads\trees\wetlandtree06.m2;19380.423828125;10.58683967590332;19977.19140625;0;286.5541687011719;0;;1.1767578125;73167;m2;203548;0;
..\..\world\khazmodan\wetlands\passivedoodads\trees\wetlandtree02.m2;19274.28125;13.290714263916016;20288.49609375;0;263.8882141113281;0;;0.8447265625;68440577;m2;203544;0;
..\..\world\khazmodan\wetlands\passivedoodads\trees\wetlandtree02.m2;19756.375;16.045019149780273;20140.240234375;0;147.36163330078125;0;;0.6796875;68851;m2;203544;0;
..\..\world\khazmodan\wetlands\passivedoodads\trees\wetlandtree02.m2;19522.1484375;78.04638671875;19736.603515625;0;352.336669921875;0;;0.810546875;125981;m2;203544;0;
..\..\world\khazmodan\wetlands\passivedoodads\trees\wetlandtree06.m2;19310.76953125;31.19517707824707;19904.94140625;0;316;0;;1;84288;m2;203548;0;
..\..\world\critter\birds\bird02.m2;19358.919921875;36.296138763427734;20046.736328125;0;236.37806701660156;0;;0.8974609375;102106;m2;190720;0;
..\..\world\khazmodan\wetlands\passivedoodads\trees\wetlandtree05.m2;19527.95703125;63.65147018432617;19853.728515625;0;240.465087890625;0;;1.13671875;126015;m2;203547;0;
..\..\world\khazmodan\wetlands\passivedoodads\trees\wetlandtree05.m2;19343.228515625;8.265080451965332;20012.453125;0;331.6104736328125;0;;1.12890625;73169;m2;203547;0;
..\..\world\khazmodan\wetlands\passivedoodads\trees\wetlandtree06.m2;19347.880859375;10.4053316116333;19991.58203125;0;334;0;;0.8095703125;73166;m2;203548;0;
..\..\world\khazmodan\wetlands\passivedoodads\trees\wetlandtree06.m2;19588.759765625;9.819900512695312;20085.96484375;0;185.66363525390625;0;;0.9521484375;72995;m2;203548;0;
..\..\world\khazmodan\wetlands\passivedoodads\trees\wetlandtree06.m2;19688;9.817550659179688;20190.380859375;0;297.80450439453125;0;;0.7939453125;72994;m2;203548;0;
..\..\world\khazmodan\wetlands\passivedoodads\trees\wetlandtree05.m2;19389.71875;9.641392707824707;20066.89453125;0;31.48779296875;0;;1;80755;m2;203547;0;
..\..\world\khazmodan\wetlands\passivedoodads\trees\wetlandtree05.m2;19238.787109375;8.72731876373291;20185.76171875;0;2.05450439453125;0;;1;80779;m2;203547;0;
..\..\world\khazmodan\wetlands\passivedoodads\trees\wetlandtree06.m2;19264.5703125;30.19418716430664;19910.86328125;0;331.5;0;;0.669921875;84289;m2;203548;0;
..\..\world\khazmodan\wetlands\passivedoodads\trees\wetlandtree06.m2;19605.31640625;9.149925231933594;20085.564453125;0;349.0352783203125;0;;0.748046875;72996;m2;203548;0;
..\..\world\khazmodan\wetlands\passivedoodads\trees\wetlandtree05.m2;19343.5546875;8.241509437561035;20153.51953125;0;185.66363525390625;0;;0.9521484375;72969;m2;203547;0;
..\..\world\khazmodan\wetlands\passivedoodads\trees\wetlandtree05.m2;19406.755859375;48.15689468383789;19883.873046875;0;340.5;0;;0.849609375;83182;m2;203547;0;
..\..\world\khazmodan\wetlands\passivedoodads\trees\wetlandtree05.m2;19543.74609375;9.823783874511719;20250.779296875;0;220.5242919921875;0;;0.767578125;72972;m2;203547;0;
..\..\world\khazmodan\wetlands\passivedoodads\trees\wetlandtree05.m2;19521.666015625;62.74391174316406;19859.009765625;0;29.78485107421875;0;;0.759765625;126016;m2;203547;0;
..\..\world\khazmodan\wetlands\passivedoodads\trees\wetlandtree05.m2;19608.16015625;33.99468231201172;19977.87890625;0;167.53564453125;0;;0.7890625;83013;m2;203547;0;
..\..\world\generic\dwarf\passivedoodads\battlements\dwarvenbattlementmossy02.m2;19344.826171875;159.61444091796875;19729.578125;0;287.5;0;;1;167724;m2;197241;0;
..\..\world\khazmodan\wetlands\passivedoodads\trees\wetlandstree04.m2;19372.05078125;6.282362937927246;20203.333984375;6.000000476837158;39.5;13.500001907348633;;1;72903;m2;203533;0;
..\..\world\khazmodan\wetlands\passivedoodads\trees\wetlandtree05.m2;19502.056640625;10.964418411254883;20198.119140625;0;353.5;0;;0.7099609375;72905;m2;203547;0;
..\..\world\khazmodan\wetlands\passivedoodads\trees\wetlandtree05.m2;19233.08984375;8.970110893249512;20179.189453125;0;162.63018798828125;0;;0.6298828125;80780;m2;203547;0;
..\..\world\khazmodan\wetlands\passivedoodads\trees\wetlandtree03.m2;19450.734375;9.433866500854492;20222.17578125;-4.500000476837158;349.170654296875;-8.5;;1.455078125;72556;m2;203545;0;
..\..\world\khazmodan\wetlands\passivedoodads\bushes\wetlandsshurb09.m2;19316.541015625;6.375277519226074;20226.978515625;-8.5;166;-1.5000001192092896;;1;75132;m2;203499;0;
..\..\world\khazmodan\wetlands\passivedoodads\bushes\wetlandsshurb09.m2;19227.91796875;6.018698215484619;20209.375;-8.5;161.5;-1.5;;1;75118;m2;203499;0;
..\..\world\khazmodan\wetlands\passivedoodads\bushes\wetlandsshurb08.m2;19412.5625;7.23694372177124;20243.486328125;10.5;339;0.4999997913837433;;1;72906;m2;203498;0;
..\..\world\khazmodan\wetlands\passivedoodads\bushes\wetlandsshurb09.m2;19400.798828125;6.954946994781494;20250.126953125;-8.5;331;-1.5;;1;72907;m2;203499;0;
..\..\world\khazmodan\wetlands\passivedoodads\trees\wetlandtree03.m2;19739.078125;13.723889350891113;20005.875;0;240.98208618164062;0;;1.3955078125;188820;m2;203545;0;
..\..\world\khazmodan\wetlands\passivedoodads\trees\wetlandstreestump01.m2;19451.16015625;9.209609031677246;20237.58203125;0;244.7169189453125;0;;1.1748046875;72589;m2;203539;0;
..\..\world\khazmodan\wetlands\passivedoodads\bushes\wetlandsshrub05.m2;19485.384765625;6.364168167114258;20238.625;0;338.48602294921875;0;;1.4130859375;72617;m2;203494;0;
..\..\world\khazmodan\wetlands\passivedoodads\bushes\wetlandsshrub04.m2;19472.099609375;6.622936725616455;20221.3515625;0;293.7603759765625;0;;1.4443359375;72570;m2;203493;0;
..\..\world\khazmodan\wetlands\passivedoodads\trees\wetlandtree03.m2;19505.1796875;13.035000801086426;20083.64453125;0;91.5335693359375;0;;1.2275390625;68957;m2;203545;0;
..\..\world\khazmodan\wetlands\passivedoodads\bushes\wetlandsshrub05.m2;19469.24609375;7.104246139526367;20261.6484375;11.5;192.46217346191406;0.9999998807907104;;1.373046875;72624;m2;203494;0;
..\..\world\khazmodan\wetlands\passivedoodads\bushes\wetlandsshrub05.m2;19465.396484375;6.600647926330566;20229.58984375;0;119.48193359375;0;;1.2978515625;72553;m2;203494;0;
..\..\world\khazmodan\wetlands\passivedoodads\trees\wetlandtree03.m2;19589.486328125;8.046324729919434;20092.859375;-2.5000007152557373;93.4595947265625;6;;1.095703125;74763;m2;203545;0;
..\..\world\khazmodan\wetlands\passivedoodads\trees\wetlandtree03.m2;19531.359375;63.95164108276367;19859.482421875;0;96.54608154296875;0;;1.169921875;126018;m2;203545;0;
..\..\world\khazmodan\wetlands\passivedoodads\bushes\wetlandsshrub05.m2;19577.40625;6.077648639678955;20193.1484375;0;216.84262084960938;0;;1.2470703125;73623;m2;203494;0;
..\..\world\khazmodan\wetlands\passivedoodads\bushes\wetlandsshrub05.m2;19411.69921875;5.918801307678223;20214.251953125;0;327.4920654296875;0;;1.2333984375;75143;m2;203494;0;
..\..\world\khazmodan\wetlands\passivedoodads\bushes\wetlandsshrub05.m2;19700.76171875;6.930602550506592;20099.04296875;0;28.5015869140625;0;;1.23046875;73672;m2;203494;0;
..\..\world\khazmodan\wetlands\passivedoodads\bushes\wetlandsshrub05.m2;19427.80859375;5.851651191711426;20128.56640625;0;149.1068115234375;0;;1.2294921875;74872;m2;203494;0;
..\..\world\khazmodan\wetlands\passivedoodads\bushes\wetlandsshrub04.m2;19412.5703125;6.328782081604004;20050.54296875;0;303.0704345703125;0;;1.2470703125;74617;m2;203493;0;
..\..\world\khazmodan\wetlands\passivedoodads\bushes\wetlandsshrub05.m2;19315.865234375;6.441405773162842;20116.33203125;0;337.88385009765625;0;;1.2265625;74855;m2;203494;0;
..\..\world\khazmodan\wetlands\passivedoodads\bushes\wetlandsshrub05.m2;19614.2890625;6.56490421295166;20090.474609375;0;27.06854248046875;0;;1.2119140625;73686;m2;203494;0;
..\..\world\khazmodan\wetlands\passivedoodads\trees\wetlandtree03.m2;19244.02734375;8.812833786010742;20116.103515625;0;31.48779296875;0;;1.12109375;72967;m2;203545;0;
..\..\world\khazmodan\wetlands\passivedoodads\bushes\wetlandsshrub04.m2;19544.65234375;6.327854156494141;20092.91015625;0;299.44500732421875;0;;1.2412109375;73696;m2;203493;0;
..\..\world\khazmodan\wetlands\passivedoodads\bushes\wetlandsshrub05.m2;19572.736328125;6.461248874664307;20176.41015625;0;320.7621154785156;0;;1.2177734375;73627;m2;203494;0;
..\..\world\khazmodan\wetlands\passivedoodads\bushes\wetlandsshrub05.m2;19599.513671875;6.640415191650391;20099.740234375;0;17.946136474609375;0;;1.232421875;73687;m2;203494;0;
..\..\world\khazmodan\wetlands\passivedoodads\bushes\wetlandsshrub04.m2;19633.451171875;6.445005893707275;20081.302734375;0;205.10845947265625;0;;1.240234375;73683;m2;203493;0;
..\..\world\khazmodan\wetlands\passivedoodads\trees\wetlandtree03.m2;19335.2265625;9.035146713256836;20158.7421875;0;60.4156494140625;0;;1.1123046875;72971;m2;203545;0;
..\..\world\khazmodan\wetlands\passivedoodads\bushes\wetlandsshrub04.m2;19587.62890625;5.884156227111816;20187.537109375;0;205.5384979248047;0;;1.2373046875;73624;m2;203493;0;
..\..\world\khazmodan\wetlands\passivedoodads\bushes\wetlandsshrub05.m2;19569.84375;6.204750061035156;20084.76953125;0;322.13201904296875;0;;1.2060546875;73690;m2;203494;0;
..\..\world\khazmodan\wetlands\passivedoodads\bushes\wetlandsshrub04.m2;19257.166015625;6.211353778839111;20117.451171875;0;236.92901611328125;0;;1.2294921875;74843;m2;203493;0;
..\..\world\khazmodan\wetlands\passivedoodads\bushes\wetlandsshrub05.m2;19645.76953125;6.066597938537598;20094.140625;0;346.01397705078125;0;;1.24609375;73639;m2;203494;0;
..\..\world\khazmodan\wetlands\passivedoodads\bushes\wetlandsshrub04.m2;19447.81640625;6.112112522125244;20151.962890625;0;306.1065368652344;0;;1.228515625;74943;m2;203493;0;
..\..\world\khazmodan\wetlands\passivedoodads\bushes\wetlandsshrub05.m2;19664.7421875;6.570093154907227;20084.326171875;0;341.6612854003906;0;;1.21875;73680;m2;203494;0;
..\..\world\khazmodan\wetlands\passivedoodads\bushes\wetlandsshrub05.m2;19360.22265625;5.899753093719482;19997.75390625;0;35.146331787109375;0;;1.19140625;74456;m2;203494;0;
..\..\world\khazmodan\wetlands\passivedoodads\bushes\wetlandsshrub05.m2;19202.740234375;6.256056785583496;20149.951171875;0;307.10614013671875;0;;1.1904296875;74925;m2;203494;0;
..\..\world\khazmodan\wetlands\passivedoodads\bushes\wetlandsshrub05.m2;19586.52734375;5.993242263793945;20100.28515625;0;156.94757080078125;0;;1.1943359375;73688;m2;203494;0;
..\..\world\khazmodan\wetlands\passivedoodads\bushes\wetlandsshrub05.m2;19582.416015625;6.196445465087891;20271.55859375;0;135.66976928710938;0;;1.2099609375;68441704;m2;203494;0;
..\..\world\khazmodan\wetlands\passivedoodads\bushes\wetlandsshrub05.m2;19301.904296875;6.1684250831604;20069.08984375;0;167.0400390625;0;;1.236328125;74742;m2;203494;0;
..\..\world\khazmodan\wetlands\passivedoodads\bushes\wetlandsshrub04.m2;19364.8828125;6.16084623336792;20133.626953125;0;40.413055419921875;0;;1.21875;74931;m2;203493;0;
..\..\world\khazmodan\wetlands\passivedoodads\bushes\wetlandsshrub04.m2;19572.421875;5.758797645568848;20144.423828125;0;51.12567138671875;0;;1.2109375;73630;m2;203493;0;
..\..\world\khazmodan\wetlands\passivedoodads\trees\wetlandtree03.m2;19679.3359375;8.791357040405273;20190.828125;0;10.0972900390625;0;;1.0859375;75048;m2;203545;0;
..\..\world\khazmodan\wetlands\passivedoodads\bushes\wetlandsshrub04.m2;19541.10546875;6.41365909576416;20111.6640625;0;17.9193115234375;0;;1.2294921875;73698;m2;203493;0;
..\..\world\khazmodan\wetlands\passivedoodads\bushes\wetlandsshrub05.m2;19740.13671875;6.152663707733154;20213.185546875;0;164.07452392578125;0;;1.2001953125;73603;m2;203494;0;
..\..\world\khazmodan\wetlands\passivedoodads\bushes\wetlandsshrub05.m2;19616.599609375;6.130439758300781;20103.06640625;0;228.70675659179688;0;;1.1787109375;73636;m2;203494;0;
..\..\world\khazmodan\wetlands\passivedoodads\bushes\wetlandsshrub04.m2;19423.673828125;6.417026996612549;20051.427734375;0;292.6033630371094;0;;1.205078125;74614;m2;203493;0;
..\..\world\khazmodan\wetlands\passivedoodads\bushes\wetlandsshrub05.m2;19324.361328125;6.3444037437438965;20045.55078125;0;290.821044921875;0;;1.173828125;74606;m2;203494;0;
..\..\world\azeroth\redridge\passivedoodads\trees\redridgefallentree02moss.m2;19454.048828125;5.906519412994385;20187.875;-8.000001907348633;147.5;6;;1.279296875;72540;m2;190117;0;
..\..\world\khazmodan\wetlands\passivedoodads\bushes\wetlandsshrub05.m2;19555.53125;6.10427188873291;20228.267578125;0;21.34613037109375;0;;1.1669921875;73647;m2;203494;0;
..\..\world\khazmodan\wetlands\passivedoodads\trees\wetlandstreestump01.m2;19734.08203125;13.963492393493652;20015.95703125;0;163;0;;1;188813;m2;203539;0;
..\..\world\khazmodan\wetlands\passivedoodads\bushes\wetlandsshrub05.m2;19403.8671875;6.542146682739258;20010.08203125;0;293.1925354003906;0;;1.15625;74532;m2;203494;0;
..\..\world\khazmodan\wetlands\passivedoodads\bushes\wetlandsshrub05.m2;19378.892578125;6.2606940269470215;20110.25390625;0;15.77996826171875;0;;1.185546875;74866;m2;203494;0;
..\..\world\khazmodan\wetlands\passivedoodads\bushes\wetlandsshrub05.m2;19305.81640625;6.374020576477051;20050.39453125;0;223.48052978515625;0;;1.171875;74610;m2;203494;0;
..\..\world\khazmodan\wetlands\passivedoodads\bushes\wetlandsshrub04.m2;19657.755859375;6.168469429016113;20269.896484375;0;66.62313842773438;0;;1.1845703125;68442569;m2;203493;0;
..\..\world\khazmodan\wetlands\passivedoodads\bushes\wetlandsshrub04.m2;19538.20703125;6.4235758781433105;20073.2734375;0;118.45758056640625;0;;1.1708984375;73694;m2;203493;0;
..\..\world\khazmodan\wetlands\passivedoodads\bushes\wetlandsshrub05.m2;19660.181640625;6.237120151519775;20178.490234375;0;133.68258666992188;0;;1.1669921875;73581;m2;203494;0;
..\..\world\khazmodan\wetlands\passivedoodads\bushes\wetlandsshrub04.m2;19237.94921875;6.53135347366333;20201.263671875;0;330.25946044921875;0;;1.1689453125;75125;m2;203493;0;
..\..\world\khazmodan\wetlands\passivedoodads\bushes\wetlandsshrub04.m2;19432.423828125;6.239022254943848;20206.744140625;0;301.40679931640625;0;;1.1669921875;75141;m2;203493;0;
..\..\world\khazmodan\wetlands\passivedoodads\bushes\wetlandsshrub04.m2;19391.6171875;6.339650630950928;19995.890625;0;154.87646484375;0;;1.1728515625;74457;m2;203493;0;
..\..\world\khazmodan\wetlands\passivedoodads\bushes\wetlandsshrub04.m2;19419.904296875;6.577342510223389;20258.640625;9.500000953674316;154.7100830078125;1.999999761581421;;1.1298828125;72576;m2;203493;0;
..\..\world\khazmodan\wetlands\passivedoodads\bushes\wetlandsshrub05.m2;19559.453125;6.382271766662598;20079.703125;0;325.6007080078125;0;;1.134765625;73691;m2;203494;0;
..\..\world\khazmodan\wetlands\passivedoodads\bushes\wetlandsshrub05.m2;19383.46484375;6.006434440612793;20031.6953125;0;165.40350341796875;0;;1.1806640625;74529;m2;203494;0;
..\..\world\khazmodan\wetlands\passivedoodads\bushes\wetlandsshrub04.m2;19553.044921875;6.384959697723389;20130.51953125;0;132.3408203125;0;;1.1787109375;73701;m2;203493;0;
..\..\world\khazmodan\wetlands\passivedoodads\bushes\wetlandsshrub04.m2;19280.431640625;6.258932590484619;20120.224609375;0;49.92584228515625;0;;1.169921875;74849;m2;203493;0;
..\..\world\khazmodan\wetlands\passivedoodads\bushes\wetlandsshrub05.m2;19453.263671875;6.213461399078369;20163.21875;0;283.70733642578125;0;;1.177734375;74942;m2;203494;0;
..\..\world\khazmodan\wetlands\passivedoodads\bushes\wetlandsshrub05.m2;19312.28125;6.252617359161377;20133.76953125;0;321.8719177246094;0;;1.1337890625;74930;m2;203494;0;
..\..\world\khazmodan\wetlands\passivedoodads\bushes\wetlandsshrub05.m2;19437.013671875;6.26035213470459;20103.67578125;0;101.05258178710938;0;;1.1953125;74879;m2;203494;0;
..\..\world\khazmodan\wetlands\passivedoodads\bushes\wetlandsshrub04.m2;19202.298828125;6.0536980628967285;20112.724609375;0;76.22845458984375;0;;1.2138671875;74840;m2;203493;0;
..\..\world\khazmodan\wetlands\passivedoodads\bushes\wetlandsshrub04.m2;19688.400390625;6.139608383178711;20076.955078125;0;31.428436279296875;0;;1.15234375;73678;m2;203493;0;
..\..\world\khazmodan\wetlands\passivedoodads\bushes\wetlandsshrub05.m2;19645.587890625;6.285918235778809;20228.3671875;0;333.3641052246094;0;;1.125;73572;m2;203494;0;
..\..\world\khazmodan\wetlands\passivedoodads\bushes\wetlandsshrub04.m2;19522.568359375;6.1833953857421875;20230.12890625;0;10.91009521484375;0;;1.232421875;73644;m2;203493;0;
..\..\world\khazmodan\wetlands\passivedoodads\bushes\wetlandsshrub05.m2;19624.693359375;6.464210033416748;20085.44140625;0;219.1439971923828;0;;1.130859375;73684;m2;203494;0;
..\..\world\khazmodan\wetlands\passivedoodads\bushes\wetlandsshrub04.m2;19253.64453125;6.550815582275391;20088.712890625;0;148.91323852539062;0;;1.1494140625;74735;m2;203493;0;
..\..\world\khazmodan\wetlands\passivedoodads\bushes\wetlandsshrub05.m2;19460.482421875;5.7623291015625;20152.419921875;0;126.2198486328125;0;;1.123046875;74939;m2;203494;0;
..\..\world\khazmodan\wetlands\passivedoodads\bushes\wetlandsshrub04.m2;19567.310546875;5.936331748962402;20154.970703125;0;260.9391174316406;0;;1.2451171875;73629;m2;203493;0;
..\..\world\khazmodan\wetlands\passivedoodads\bushes\wetlandsshrub04.m2;19542.564453125;5.997111797332764;20067.396484375;0;341.99114990234375;0;;1.1796875;73693;m2;203493;0;
..\..\world\khazmodan\wetlands\passivedoodads\bushes\wetlandsshrub05.m2;19413.794921875;6.2661848068237305;20031.642578125;0;114.90850830078125;0;;1.1171875;74530;m2;203494;0;
..\..\world\khazmodan\wetlands\passivedoodads\bushes\wetlandsshrub04.m2;19637.990234375;6.10955810546875;20181.96875;0;59.94891357421875;0;;1.142578125;73578;m2;203493;0;
..\..\world\khazmodan\wetlands\passivedoodads\bushes\wetlandsshrub04.m2;19536.248046875;5.992049694061279;20237.73046875;0;171.3031005859375;0;;1.2412109375;73477;m2;203493;0;
..\..\world\khazmodan\wetlands\passivedoodads\bushes\wetlandsshrub05.m2;19689.736328125;6.109442710876465;20204.28515625;0;157.9171142578125;0;;1.1240234375;73585;m2;203494;0;
..\..\world\khazmodan\wetlands\passivedoodads\bushes\wetlandsshrub04.m2;19440.78125;6.121050834655762;20142.98828125;0;124.23322296142578;0;;1.1416015625;74944;m2;203493;0;
..\..\world\khazmodan\wetlands\passivedoodads\bushes\wetlandsshrub04.m2;19374.892578125;6.448785305023193;20159.298828125;0;100.96135711669922;0;;1.2197265625;74934;m2;203493;0;
..\..\world\khazmodan\wetlands\passivedoodads\bushes\wetlandsshrub05.m2;19341.52734375;6.513411521911621;20080.93359375;0;337.2861328125;0;;1.1201171875;74749;m2;203494;0;
..\..\world\khazmodan\wetlands\passivedoodads\bushes\wetlandsshrub04.m2;19274.64453125;6.373693466186523;20131.52734375;0;58.954254150390625;0;;1.1357421875;74850;m2;203493;0;
..\..\world\khazmodan\wetlands\passivedoodads\trees\wetlandtree03.m2;19453.884765625;9.606280326843262;20226.265625;0;44.2982177734375;0;;1.0263671875;72555;m2;203545;0;
..\..\world\khazmodan\wetlands\passivedoodads\bushes\wetlandsshrub04.m2;19345.802734375;6.378666400909424;20141.48828125;0;196.16928100585938;0;;1.1787109375;74933;m2;203493;0;
..\..\world\khazmodan\wetlands\passivedoodads\bushes\wetlandsshrub04.m2;19642.89453125;6.065373420715332;20080.912109375;0;351.9150390625;0;;1.23828125;73682;m2;203493;0;
..\..\world\khazmodan\wetlands\passivedoodads\bushes\wetlandsshrub05.m2;19675.58203125;6.263818264007568;20082.19140625;0;32.93780517578125;0;;1.1005859375;73679;m2;203494;0;
..\..\world\khazmodan\wetlands\passivedoodads\bushes\wetlandsshrub05.m2;19506.943359375;6.1892876625061035;20246.0078125;0;197.76806640625;0;;1.1279296875;73479;m2;203494;0;
..\..\world\khazmodan\wetlands\passivedoodads\bushes\wetlandsshrub05.m2;19554.3984375;6.513411998748779;20242.634765625;0;351.3153076171875;0;;1.185546875;73475;m2;203494;0;
..\..\world\khazmodan\wetlands\passivedoodads\bushes\wetlandsshrub04.m2;19672.828125;6.4612555503845215;20194.08984375;0;129.97576904296875;0;;1.138671875;73583;m2;203493;0;
..\..\world\khazmodan\wetlands\passivedoodads\bushes\wetlandsshrub05.m2;19395.1796875;6.259374618530273;20121.724609375;0;183.31072998046875;0;;1.2373046875;74868;m2;203494;0;
..\..\world\khazmodan\wetlands\passivedoodads\bushes\wetlandsshrub04.m2;19357.693359375;6.126993179321289;20115.701171875;0;16.68145751953125;0;;1.1650390625;74859;m2;203493;0;
..\..\world\khazmodan\wetlands\passivedoodads\bushes\wetlandsshrub04.m2;19262.236328125;6.1493353843688965;20101.76953125;0;161.30621337890625;0;;1.154296875;74845;m2;203493;0;
..\..\world\khazmodan\wetlands\passivedoodads\trees\wetlandtree03.m2;19726.490234375;9.41880989074707;20205.076171875;0;184.21337890625;0;;1.0146484375;82390;m2;203545;0;
..\..\world\khazmodan\wetlands\passivedoodads\bushes\wetlandsshrub04.m2;19212.236328125;6.217833042144775;20203.513671875;9.500000953674316;343.7101135253906;2;;1.1298828125;75117;m2;203493;0;
..\..\world\khazmodan\wetlands\passivedoodads\bushes\wetlandsshrub04.m2;19467.705078125;6.280913352966309;20182.103515625;0;283.84869384765625;0;;1.1767578125;75047;m2;203493;0;
..\..\world\khazmodan\wetlands\passivedoodads\trees\wetlandtree03.m2;19603.046875;33.570133209228516;19964.431640625;0;153.23095703125;0;;1.0107421875;83017;m2;203545;0;
..\..\world\khazmodan\wetlands\passivedoodads\bushes\wetlandsshrub05.m2;19676.634765625;5.836309909820557;20098.15625;0;9.65704345703125;0;;1.16796875;73640;m2;203494;0;
..\..\world\khazmodan\wetlands\passivedoodads\bushes\wetlandsshrub05.m2;19344.509765625;6.268959999084473;20070.40625;0;334.74908447265625;0;;1.0927734375;74748;m2;203494;0;
..\..\world\khazmodan\wetlands\passivedoodads\bushes\wetlandsshrub04.m2;19361.16015625;6.777619361877441;20088.220703125;0;151.82977294921875;0;;1.119140625;74751;m2;203493;0;
..\..\world\khazmodan\wetlands\passivedoodads\trees\wetlandtree03.m2;19313.33984375;8.38540267944336;20105.025390625;0;106.4066162109375;0;;1.009765625;72968;m2;203545;0;
..\..\world\khazmodan\wetlands\passivedoodads\bushes\wetlandsshrub05.m2;19581.87890625;6.111074924468994;20137.6796875;0;28.4619140625;0;;1.087890625;73631;m2;203494;0;
..\..\world\khazmodan\wetlands\passivedoodads\bushes\wetlandsshrub04.m2;19499.662109375;7.266546726226807;20250.515625;9.5;207.06268310546875;0.5000004768371582;;1.08984375;72602;m2;203493;0;
..\..\world\khazmodan\wetlands\passivedoodads\bushes\wetlandsshrub05.m2;19544.857421875;6.109938144683838;20227.533203125;0;161.1182861328125;0;;1.10546875;73646;m2;203494;0;
..\..\world\khazmodan\wetlands\passivedoodads\bushes\wetlandsshrub05.m2;19697.603515625;6.376574516296387;20209.673828125;0;323.2039794921875;0;;1.08203125;73586;m2;203494;0;
..\..\world\khazmodan\wetlands\passivedoodads\bushes\wetlandsshrub04.m2;19547.1171875;6.297116756439209;20104.14453125;0;107.71502685546875;0;;1.140625;73697;m2;203493;0;
..\..\world\khazmodan\wetlands\passivedoodads\trees\wetlandtree03.m2;19630.0625;9.544049263000488;20271.333984375;0;280.84771728515625;0;;1;68442119;m2;203545;0;
..\..\world\khazmodan\wetlands\passivedoodads\trees\wetlandtree03.m2;19387.03515625;9.515798568725586;20071.14453125;0;343.11346435546875;0;;1;80756;m2;203545;0;
..\..\world\khazmodan\wetlands\passivedoodads\trees\wetlandtree03.m2;19394.92578125;9.304372787475586;20064.2578125;0;145.30963134765625;0;;1;80757;m2;203545;0;
..\..\world\khazmodan\wetlands\passivedoodads\trees\wetlandtree03.m2;19253.30078125;8.757303237915039;20177.046875;0;208.537841796875;0;;1;80774;m2;203545;0;
..\..\world\khazmodan\wetlands\passivedoodads\bushes\wetlandsshrub05.m2;19205.8359375;6.0874409675598145;20135.02734375;0;108.02620697021484;0;;1.103515625;74920;m2;203494;0;
..\..\world\khazmodan\wetlands\passivedoodads\bushes\wetlandsshrub04.m2;19591.42578125;6.162336826324463;20180.09765625;0;292.3219299316406;0;;1.1201171875;73625;m2;203493;0;
..\..\world\khazmodan\wetlands\passivedoodads\trees\wetlandtree03.m2;19335.533203125;8.925018310546875;20153.947265625;0;293.5353088378906;0;;0.998046875;72970;m2;203545;0;
..\..\world\khazmodan\wetlands\passivedoodads\bushes\wetlandsshrub05.m2;19449.0625;6.738799571990967;20253.5703125;0;0.80157470703125;0;;1.2421875;72594;m2;203494;0;
..\..\world\khazmodan\wetlands\passivedoodads\bushes\wetlandsshrub05.m2;19498.03515625;6.583225250244141;20239.666015625;3.5;10.202880859375;-1.9999995231628418;;1.1279296875;72616;m2;203494;0;
..\..\world\khazmodan\wetlands\passivedoodads\bushes\wetlandsshrub05.m2;19336.51953125;6.401834964752197;20121.060546875;0;10.14581298828125;0;;1.1484375;74861;m2;203494;0;
..\..\world\khazmodan\wetlands\passivedoodads\bushes\wetlandsshrub04.m2;19653.078125;6.608127593994141;20233.427734375;0;285.53680419921875;0;;1.1484375;73571;m2;203493;0;
..\..\world\khazmodan\wetlands\passivedoodads\bushes\wetlandsshrub05.m2;19710.755859375;6.354054927825928;20095.208984375;0;224.2984161376953;0;;1.099609375;73673;m2;203494;0;
..\..\world\khazmodan\wetlands\passivedoodads\bushes\wetlandsshrub05.m2;19560.044921875;6.2250518798828125;20180.93359375;0;283.8975830078125;0;;1.1162109375;73667;m2;203494;0;
..\..\world\khazmodan\wetlands\passivedoodads\bushes\wetlandsshrub05.m2;19558.091796875;6.1447062492370605;20138.109375;0;296.345703125;0;;1.0693359375;73671;m2;203494;0;
..\..\world\khazmodan\wetlands\passivedoodads\bushes\wetlandsshrub05.m2;19571.59765625;6.28495979309082;20204.037109375;0;269.3198547363281;0;;1.23046875;73622;m2;203494;0;
..\..\world\khazmodan\wetlands\passivedoodads\bushes\wetlandsshrub05.m2;19576.796875;6.204352855682373;20091.97265625;0;140.507568359375;0;;1.07421875;73689;m2;203494;0;
..\..\world\khazmodan\wetlands\passivedoodads\bushes\wetlandsshrub04.m2;19550.685546875;6.292971611022949;20072.13671875;0;305.38525390625;0;;1.091796875;73692;m2;203493;0;
..\..\world\khazmodan\wetlands\passivedoodads\bushes\wetlandsshrub04.m2;19202.65625;6.274508476257324;20123.69140625;0;101.30902099609375;0;;1.162109375;74841;m2;203493;0;
..\..\world\khazmodan\wetlands\passivedoodads\trees\wetlandtree03.m2;19387.5390625;10.6443452835083;19984.673828125;0;161.46826171875;0;;0.982421875;73168;m2;203545;0;
..\..\world\khazmodan\wetlands\passivedoodads\bushes\wetlandsshrub04.m2;19598.30859375;6.247162818908691;20124.900390625;0;235.24526977539062;0;;1.0849609375;73633;m2;203493;0;
..\..\world\khazmodan\wetlands\passivedoodads\bushes\wetlandsshrub04.m2;19656.771484375;6.290317535400391;20098.06640625;0;168.3472900390625;0;;1.1533203125;73641;m2;203493;0;
..\..\world\khazmodan\wetlands\passivedoodads\bushes\wetlandsshrub05.m2;19415.76953125;6.311300754547119;20124.3125;0;344.12908935546875;0;;1.0908203125;74873;m2;203494;0;
..\..\world\khazmodan\wetlands\passivedoodads\bushes\wetlandsshrub04.m2;19654.138671875;6.399782657623291;20244.3828125;0;94.95318603515625;0;;1.2109375;73570;m2;203493;0;
..\..\world\khazmodan\wetlands\passivedoodads\bushes\wetlandsshrub04.m2;19716.205078125;6.319835662841797;20078.91015625;0;307.3079528808594;0;;1.083984375;73675;m2;203493;0;
..\..\world\khazmodan\wetlands\passivedoodads\bushes\wetlandsshrub05.m2;19545.8984375;6.545065402984619;20126.640625;0;146.76055908203125;0;;1.05078125;73700;m2;203494;0;
..\..\world\khazmodan\wetlands\passivedoodads\bushes\wetlandsshrub04.m2;19295.8828125;6.022829532623291;20223.701171875;9.499999046325684;349.7101135253906;1.999999761581421;;1.1298828125;75126;m2;203493;0;
..\..\world\khazmodan\wetlands\passivedoodads\bushes\wetlandsshrub04.m2;19609.736328125;6.460929870605469;20094.46484375;0;213.644775390625;0;;1.0732421875;73685;m2;203493;0;
..\..\world\khazmodan\wetlands\passivedoodads\bushes\wetlandsshrub05.m2;19408.42578125;6.283577919006348;20020.29296875;0;299.5953369140625;0;;1.0439453125;74531;m2;203494;0;
..\..\world\khazmodan\wetlands\passivedoodads\bushes\wetlandsshrub05.m2;19423.97265625;6.17266845703125;20103.0078125;0;261.1221923828125;0;;1.1259765625;74871;m2;203494;0;
..\..\world\khazmodan\wetlands\passivedoodads\bushes\wetlandsshrub04.m2;19297.16015625;6.016003608703613;20197.12890625;0;197.16122436523438;0;;1.107421875;75034;m2;203493;0;
..\..\world\khazmodan\wetlands\passivedoodads\bushes\wetlandsshrub05.m2;19335.29296875;6.011360168457031;20065.1171875;0;134.344482421875;0;;1.072265625;74611;m2;203494;0;
..\..\world\khazmodan\wetlands\passivedoodads\bushes\wetlandsshrub04.m2;19609.01953125;6.108043193817139;20112.607421875;0;48.56280517578125;0;;1.0859375;73635;m2;203493;0;
..\..\world\khazmodan\wetlands\passivedoodads\bushes\wetlandsshrub05.m2;19589.970703125;6.210684776306152;20264.154296875;0;329.4411926269531;0;;1.041015625;73614;m2;203494;0;
..\..\world\khazmodan\wetlands\passivedoodads\bushes\wetlandsshrub04.m2;19597.419921875;6.496577739715576;20268.921875;0;157.48284912109375;0;;1.0810546875;68440978;m2;203493;0;
..\..\world\khazmodan\wetlands\passivedoodads\bushes\wetlandsshrub05.m2;19684.658203125;6.614373207092285;20259.365234375;0;0.919189453125;0;;1.197265625;73590;m2;203494;0;
..\..\world\khazmodan\wetlands\passivedoodads\bushes\wetlandsshrub04.m2;19602.177734375;6.255754470825195;20119.607421875;0;51.567596435546875;0;;1.072265625;73634;m2;203493;0;
..\..\world\khazmodan\wetlands\passivedoodads\bushes\wetlandsshrub05.m2;19537.345703125;6.301889419555664;20121.06640625;0;340.7279968261719;0;;1.05859375;73699;m2;203494;0;
..\..\world\khazmodan\wetlands\passivedoodads\bushes\wetlandsshrub05.m2;19194.662109375;6.483057975769043;20140.86328125;0;312.540771484375;0;;1.05859375;74918;m2;203494;0;
..\..\world\khazmodan\wetlands\passivedoodads\bushes\wetlandsshrub04.m2;19428.677734375;6.441404819488525;20063.27734375;0;292.2687072753906;0;;1.078125;74613;m2;203493;0;
..\..\world\khazmodan\wetlands\passivedoodads\bushes\wetlandsshrub05.m2;19722.462890625;6.213627815246582;20214.384765625;0;34.0784912109375;0;;1.03125;73605;m2;203494;0;
..\..\world\khazmodan\wetlands\passivedoodads\bushes\wetlandsshrub04.m2;19286.107421875;6.041301727294922;20097.1171875;0;163.04840087890625;0;;1.091796875;74740;m2;203493;0;
..\..\world\khazmodan\wetlands\passivedoodads\bushes\wetlandsshrub05.m2;19625.6015625;6.14654016494751;20095.697265625;0;37.448944091796875;0;;1.03125;73637;m2;203494;0;
..\..\world\khazmodan\wetlands\passivedoodads\bushes\wetlandsshrub04.m2;19567.7265625;6.2123894691467285;20166.029296875;0;84.1688232421875;0;;1.169921875;73628;m2;203493;0;
..\..\world\khazmodan\wetlands\passivedoodads\bushes\wetlandsshrub04.m2;19448.642578125;6.221591949462891;20138.09765625;0;126.44927978515625;0;;1.0537109375;74941;m2;203493;0;
..\..\world\khazmodan\wetlands\passivedoodads\bushes\wetlandsshrub05.m2;19561.607421875;6.430052757263184;20221.5703125;0;254.77359008789062;0;;1.0576171875;73663;m2;203494;0;
..\..\world\khazmodan\wetlands\passivedoodads\trees\wetlandtree03.m2;19679.55859375;9.47648811340332;20185.45703125;0;287.4046936035156;0;;0.9453125;75049;m2;203545;0;
..\..\world\khazmodan\wetlands\passivedoodads\bushes\wetlandsshrub04.m2;19286.3984375;6.512504577636719;20201.55078125;0;28.119384765625;0;;1.048828125;75129;m2;203493;0;
..\..\world\khazmodan\wetlands\passivedoodads\bushes\wetlandsshrub05.m2;19399.044921875;6.354319095611572;20163.18359375;0;138.22613525390625;0;;1.0361328125;74937;m2;203494;0;
..\..\world\khazmodan\wetlands\passivedoodads\bushes\wetlandsshrub04.m2;19545.03515625;5.829818248748779;20239.017578125;0;347.2281494140625;0;;1.1044921875;73476;m2;203493;0;
..\..\world\khazmodan\wetlands\passivedoodads\bushes\wetlandsshrub05.m2;19730.74609375;6.186172962188721;20212.1328125;0;202.4896240234375;0;;1.0263671875;73604;m2;203494;0;
..\..\world\khazmodan\wetlands\passivedoodads\trees\wetlandtree03.m2;19660.642578125;48.77171325683594;19912.716796875;0;227.95510864257812;0;;0.9423828125;83024;m2;203545;0;
..\..\world\khazmodan\wetlands\passivedoodads\bushes\wetlandsshrub04.m2;19398.615234375;6.112364768981934;20101.17578125;0;313.295166015625;0;;1.0634765625;74862;m2;203493;0;
..\..\world\khazmodan\wetlands\passivedoodads\bushes\wetlandsshrub04.m2;19439.05078125;6.278137683868408;20116.818359375;0;272.15277099609375;0;;1.1982421875;74878;m2;203493;0;
..\..\world\khazmodan\wetlands\passivedoodads\bushes\wetlandsshrub05.m2;19493.099609375;7.200228214263916;20254.310546875;6.500001430511475;194.30450439453125;0;;1.0439453125;72601;m2;203494;0;
..\..\world\khazmodan\wetlands\passivedoodads\bushes\wetlandsshrub05.m2;19739.05859375;6.565339088439941;20256.119140625;0;34.192138671875;0;;1.0107421875;73596;m2;203494;0;
..\..\world\khazmodan\wetlands\passivedoodads\bushes\wetlandsshrub05.m2;19308.25;6.507219314575195;20039.640625;0;301.93206787109375;0;;1.0078125;74609;m2;203494;0;
..\..\world\khazmodan\wetlands\passivedoodads\bushes\wetlandsshrub05.m2;19557.166015625;6.710154056549072;20170.98828125;0;96.09286499023438;0;;1.1083984375;73668;m2;203494;0;
..\..\world\khazmodan\wetlands\passivedoodads\bushes\wetlandsshrub05.m2;19363.06640625;6.151994705200195;20078.08984375;0;339.50958251953125;0;;1.021484375;74746;m2;203494;0;
..\..\world\khazmodan\wetlands\passivedoodads\bushes\wetlandsshrub05.m2;19573.943359375;6.7113518714904785;20262.02734375;0;136.67608642578125;0;;1.0283203125;73471;m2;203494;0;
..\..\world\khazmodan\wetlands\passivedoodads\bushes\wetlandsshrub04.m2;19332.912109375;6.249495029449463;20141.3125;0;356.50567626953125;0;;1.169921875;74928;m2;203493;0;
..\..\world\khazmodan\wetlands\passivedoodads\bushes\wetlandsshrub05.m2;19590.4609375;6.307430267333984;20132.109375;0;47.835601806640625;0;;1.01953125;73632;m2;203494;0;
..\..\world\khazmodan\wetlands\passivedoodads\bushes\wetlandsshrub04.m2;19712.171875;6.312648296356201;20262.087890625;0;7.58758544921875;0;;1.1259765625;73593;m2;203493;0;
..\..\world\khazmodan\wetlands\passivedoodads\bushes\wetlandsshrub05.m2;19708.20703125;6.687403202056885;20072.419921875;0;344.4837341308594;0;;1.0361328125;73676;m2;203494;0;
..\..\world\khazmodan\wetlands\passivedoodads\bushes\wetlandsshrub05.m2;19334.537109375;6.394607067108154;20201.099609375;0;340.4268798828125;0;;1.0185546875;75140;m2;203494;0;
..\..\world\khazmodan\wetlands\passivedoodads\bushes\wetlandsshrub05.m2;19372.884765625;6.277639865875244;20082.419921875;0;337.030029296875;0;;1.0087890625;74754;m2;203494;0;
..\..\world\khazmodan\wetlands\passivedoodads\trees\wetlandtree03.m2;19549.509765625;8.814173698425293;20250.205078125;0;252.657470703125;0;;0.927734375;72974;m2;203545;0;
..\..\world\khazmodan\wetlands\passivedoodads\bushes\wetlandsshrub05.m2;19218.982421875;6.391782760620117;20161.087890625;0;107.367431640625;0;;1.0263671875;74923;m2;203494;0;
..\..\world\khazmodan\wetlands\passivedoodads\bushes\wetlandsshrub05.m2;19201.49609375;6.252946376800537;20089.76953125;0;281.96826171875;0;;1.0537109375;74732;m2;203494;0;
..\..\world\khazmodan\wetlands\passivedoodads\bushes\wetlandsshrub04.m2;19560.318359375;6.592587947845459;20247.3046875;0;151.12155151367188;0;;1.025390625;73474;m2;203493;0;
..\..\world\khazmodan\wetlands\passivedoodads\bushes\wetlandsshrub04.m2;19275.37109375;6.270474910736084;20093.376953125;0;349.987060546875;0;;1.1015625;74741;m2;203493;0;
..\..\world\khazmodan\wetlands\passivedoodads\bushes\wetlandsshrub05.m2;19633.986328125;6.223815441131592;20093.099609375;0;11.4591064453125;0;;1.0517578125;73638;m2;203494;0;
..\..\world\khazmodan\wetlands\passivedoodads\bushes\wetlandsshrub04.m2;19653.3046875;6.280343532562256;20082.302734375;0;171.5650634765625;0;;1.1083984375;73681;m2;203493;0;
..\..\world\khazmodan\wetlands\passivedoodads\trees\wetlandtree03.m2;19500.388671875;12.908687591552734;20085.1875;0;62.05633544921875;0;;0.9189453125;68956;m2;203545;0;
..\..\world\khazmodan\wetlands\passivedoodads\bushes\wetlandsshrub04.m2;19442.53125;6.22640323638916;20128.763671875;0;117.46563720703125;0;;1.0185546875;74877;m2;203493;0;
..\..\world\khazmodan\wetlands\passivedoodads\bushes\wetlandsshrub05.m2;19698.236328125;6.596643924713135;20073.83984375;0;195.65664672851562;0;;1.0244140625;73677;m2;203494;0;
..\..\world\khazmodan\wetlands\passivedoodads\bushes\wetlandsshrub04.m2;19541.47265625;6.346956253051758;20082.318359375;0;280.8363342285156;0;;1.08203125;73695;m2;203493;0;
..\..\world\khazmodan\wetlands\passivedoodads\bushes\wetlandsshrub05.m2;19326.46875;6.329593181610107;20120.814453125;0;167.1673583984375;0;;1.033203125;74854;m2;203494;0;
..\..\world\khazmodan\wetlands\passivedoodads\bushes\wetlandsshrub05.m2;19434.416015625;7.16372013092041;20260.95703125;5.5;172.99267578125;-0.5;;1.0712890625;72598;m2;203494;0;
..\..\world\khazmodan\wetlands\passivedoodads\bushes\wetlandsshrub05.m2;19532.5859375;6.383814334869385;20228.474609375;0;7.495208740234375;0;;1.0673828125;73645;m2;203494;0;
..\..\world\khazmodan\wetlands\passivedoodads\bushes\wetlandsshrub05.m2;19368.1796875;6.79457950592041;20217.431640625;-9;106.5;-1.0000007152557373;;1;72919;m2;203494;0;
..\..\world\khazmodan\wetlands\passivedoodads\bushes\wetlandsshrub04.m2;19235.919921875;6.00430965423584;20076.884765625;0;336.7976989746094;0;;1.015625;74739;m2;203493;0;
..\..\world\khazmodan\wetlands\passivedoodads\bushes\wetlandsshrub04.m2;19503.857421875;6.846877098083496;20238.0859375;4.5;37;2.000000238418579;;1;72627;m2;203493;0;
..\..\world\khazmodan\wetlands\passivedoodads\bushes\wetlandsshrub05.m2;19371.59765625;6.26272439956665;20234.640625;0;155.63421630859375;0;;0.9814453125;75202;m2;203494;0;
..\..\world\khazmodan\wetlands\passivedoodads\bushes\wetlandsshrub05.m2;19293.11328125;6.018289566040039;20064.455078125;0;121.1169662475586;0;;0.9755859375;74604;m2;203494;0;
..\..\world\khazmodan\wetlands\passivedoodads\bushes\wetlandsshrub04.m2;19658.84765625;6.1879472732543945;20260.8671875;0;261.0321044921875;0;;1.0869140625;73568;m2;203493;0;
..\..\world\khazmodan\wetlands\passivedoodads\bushes\wetlandsshrub05.m2;19633.80078125;6.113590717315674;20198.751953125;0;257.3656005859375;0;;1.025390625;73576;m2;203494;0;
..\..\world\khazmodan\wetlands\passivedoodads\bushes\wetlandsshrub05.m2;19722.05078125;6.234837055206299;20262.478515625;0;186.80697631835938;0;;1.06640625;73594;m2;203494;0;
..\..\world\khazmodan\wetlands\passivedoodads\bushes\wetlandsshrub05.m2;19694.166015625;6.238641738891602;20260.123046875;0;163.07537841796875;0;;1.001953125;73591;m2;203494;0;
..\..\world\khazmodan\wetlands\passivedoodads\bushes\wetlandsshrub05.m2;19394.96484375;6.328917503356934;20034.52734375;0;341.0156555175781;0;;0.9921875;74612;m2;203494;0;
..\..\world\khazmodan\wetlands\passivedoodads\trees\wetlandtree03.m2;19687.19140625;16.199365615844727;20032.61328125;0;51;0;;0.8994140625;83101;m2;203545;0;
..\..\world\khazmodan\wetlands\passivedoodads\bushes\wetlandsshrub04.m2;19404.306640625;6.471149444580078;20041.19140625;0;137.81939697265625;0;;1.01171875;74616;m2;203493;0;
..\..\world\khazmodan\wetlands\passivedoodads\bushes\wetlandsshrub05.m2;19264.03515625;6.249256134033203;20091.423828125;0;356.4771728515625;0;;1.08984375;74734;m2;203494;0;
..\..\world\khazmodan\wetlands\passivedoodads\bushes\wetlandsshrub04.m2;19363.658203125;6.476497650146484;20022.93359375;0;139.78262329101562;0;;1.0048828125;74526;m2;203493;0;
..\..\world\khazmodan\wetlands\passivedoodads\bushes\wetlandsshrub05.m2;19486.98828125;7.024783611297607;20256.970703125;4.999999523162842;197;0.5;;0.9892578125;72600;m2;203494;0;
..\..\world\khazmodan\wetlands\passivedoodads\bushes\wetlandsshrub04.m2;19344.92578125;6.249484062194824;20201.34765625;0;195.48814392089844;0;;1.033203125;75139;m2;203493;0;
..\..\world\khazmodan\wetlands\passivedoodads\bushes\wetlandsshrub05.m2;19417.125;6.430721759796143;20061.6875;0;108.58233642578125;0;;0.9873046875;74618;m2;203494;0;
..\..\world\khazmodan\wetlands\passivedoodads\bushes\wetlandsshrub04.m2;19427.599609375;6.390838146209717;20199.80078125;0;152.0372314453125;0;;0.9931640625;75041;m2;203493;0;
..\..\world\khazmodan\wetlands\passivedoodads\bushes\wetlandsshrub04.m2;19424.080078125;6.054961681365967;20220.001953125;0;178.82861328125;0;;1.1494140625;75142;m2;203493;0;
..\..\world\khazmodan\wetlands\passivedoodads\bushes\wetlandsshrub04.m2;19562.091796875;6.322178840637207;20201.169921875;0;275.04833984375;0;;1.10546875;73665;m2;203493;0;
..\..\world\khazmodan\wetlands\passivedoodads\bushes\wetlandsshrub05.m2;19298.298828125;6.315547466278076;20119.787109375;0;320.6732482910156;0;;0.970703125;74847;m2;203494;0;
..\..\world\khazmodan\wetlands\passivedoodads\bushes\wetlandsshrub04.m2;19271.255859375;6.04791784286499;20218.369140625;0;187.9158935546875;0;;1.078125;75128;m2;203493;0;
..\..\world\khazmodan\wetlands\passivedoodads\bushes\wetlandsshrub05.m2;19404.08984375;6.467148780822754;20200.87890625;0;66.01254272460938;0;;0.9658203125;75144;m2;203494;0;
..\..\world\khazmodan\wetlands\passivedoodads\trees\wetlandtree03.m2;19723.06640625;9.042290687561035;20206.53515625;0;280.9559020996094;0;;0.8837890625;82389;m2;203545;0;
..\..\world\khazmodan\wetlands\passivedoodads\bushes\wetlandsshrub04.m2;19716.482421875;6.435630798339844;20087.265625;0;71.60101318359375;0;;1.00390625;73674;m2;203493;0;
..\..\world\khazmodan\wetlands\passivedoodads\bushes\wetlandsshrub04.m2;19557.787109375;6.977009296417236;20150.447265625;0;83.23931884765625;0;;1.0771484375;73670;m2;203493;0;
..\..\world\khazmodan\wetlands\passivedoodads\bushes\wetlandsshrub05.m2;19229.015625;6.488636016845703;20194.6796875;0;313.3095397949219;0;;0.970703125;75026;m2;203494;0;
..\..\world\khazmodan\wetlands\passivedoodads\bushes\wetlandsshrub04.m2;19391.90625;6.361976623535156;20093.8984375;0;129.56182861328125;0;;0.982421875;74752;m2;203493;0;
..\..\world\khazmodan\wetlands\passivedoodads\bushes\wetlandsshrub04.m2;19355.5546875;6.398947238922119;20138.806640625;0;19.2847900390625;0;;0.99609375;74932;m2;203493;0;
..\..\world\khazmodan\wetlands\passivedoodads\bushes\wetlandsshrub05.m2;19263.701171875;6.683740615844727;20219.66015625;0;344.63421630859375;0;;0.9814453125;75122;m2;203494;0;
..\..\world\khazmodan\wetlands\passivedoodads\bushes\wetlandsshrub04.m2;19668.65625;6.453893184661865;20268.75;0;45.452392578125;0;;0.99609375;68441812;m2;203493;0;
..\..\world\khazmodan\wetlands\passivedoodads\trees\wetlandtree03.m2;19516.59765625;64.08709716796875;19863.2109375;0;20.6329345703125;0;;0.8740234375;126017;m2;203545;0;
..\..\world\khazmodan\wetlands\passivedoodads\bushes\wetlandsshrub04.m2;19417.341796875;6.374216556549072;20112.380859375;0;187.23573303222656;0;;1.0634765625;74875;m2;203493;0;
..\..\world\khazmodan\wetlands\passivedoodads\bushes\wetlandsshrub04.m2;19422.419921875;6.383014678955078;20082.833984375;0;100.98779296875;0;;1.033203125;74759;m2;203493;0;
..\..\world\khazmodan\wetlands\passivedoodads\bushes\wetlandsshrub05.m2;19380.11328125;6.1808013916015625;20169.037109375;0;305.192626953125;0;;0.943359375;75040;m2;203494;0;
..\..\world\khazmodan\wetlands\passivedoodads\bushes\wetlandsshrub05.m2;19458.56640625;6.656423091888428;20209.388671875;11.00000286102295;98.5;-0.4999980926513672;;1;72562;m2;203494;0;
..\..\world\khazmodan\wetlands\passivedoodads\bushes\wetlandsshrub05.m2;19368.33203125;6.332495212554932;20112.421875;0;194.13796997070312;0;;0.9794921875;74867;m2;203494;0;
..\..\world\khazmodan\wetlands\passivedoodads\bushes\wetlandsshrub04.m2;19557.48046875;6.742020606994629;20159.984375;0;87.27362060546875;0;;1.1005859375;73669;m2;203493;0;
..\..\world\khazmodan\wetlands\passivedoodads\bushes\wetlandsshrub04.m2;19282.576171875;6.246279716491699;20218.3671875;0;170.4649658203125;0;;1.0380859375;75127;m2;203493;0;
..\..\world\khazmodan\wetlands\passivedoodads\bushes\wetlandsshrub05.m2;19465.78515625;6.416220664978027;20170.8046875;0;283.58819580078125;0;;0.978515625;75045;m2;203494;0;
..\..\world\khazmodan\wetlands\passivedoodads\bushes\wetlandsshrub04.m2;19381.34375;6.387053966522217;20101.892578125;0;302.82769775390625;0;;0.9599609375;74863;m2;203493;0;
..\..\world\khazmodan\wetlands\passivedoodads\bushes\wetlandsshrub05.m2;19374.48828125;6.325250148773193;20127.51953125;0;213.8778533935547;0;;0.93359375;74870;m2;203494;0;
..\..\world\khazmodan\wetlands\passivedoodads\bushes\wetlandsshrub04.m2;19581.8984375;6.61452054977417;20178.59765625;0;13.471375465393066;0;;1.0068359375;73626;m2;203493;0;
..\..\world\khazmodan\wetlands\passivedoodads\bushes\wetlandsshrub04.m2;19432.12890625;6.492849826812744;20073.56640625;0;113.19378662109375;0;;0.9658203125;74757;m2;203493;0;
..\..\world\khazmodan\wetlands\passivedoodads\bushes\wetlandsshrub04.m2;19689.009765625;6.199093818664551;20098.6171875;0;354.72613525390625;0;;1.06640625;73643;m2;203493;0;
..\..\world\khazmodan\wetlands\passivedoodads\bushes\wetlandsshrub05.m2;19469.80078125;6.498793601989746;20241.56640625;0;98.50582885742188;0;;1.00390625;72618;m2;203494;0;
..\..\world\khazmodan\wetlands\passivedoodads\bushes\wetlandsshrub05.m2;19361.548828125;6.4206862449646;20233.06640625;0;185.14358520507812;0;;1.0302734375;75136;m2;203494;0;
..\..\world\khazmodan\wetlands\passivedoodads\bushes\wetlandsshrub04.m2;19295.99609375;6.091904163360596;20027.44140625;0;93.3525390625;0;;1.083984375;74521;m2;203493;0;
..\..\world\khazmodan\wetlands\passivedoodads\trees\wetlandtree03.m2;19259.890625;29.82896614074707;19913.765625;0;24;0;;0.859375;84290;m2;203545;0;
..\..\world\khazmodan\wetlands\passivedoodads\trees\wetlandtree03.m2;19455.474609375;16.122446060180664;20029.880859375;0;9.77081298828125;0;;0.8583984375;68958;m2;203545;0;
..\..\world\khazmodan\wetlands\passivedoodads\bushes\wetlandsshrub05.m2;19413.587890625;6.27625036239624;20194.724609375;0;184.2586212158203;0;;1.0322265625;75042;m2;203494;0;
..\..\world\khazmodan\wetlands\passivedoodads\bushes\wetlandsshrub05.m2;19383.736328125;6.58290433883667;20087.26953125;0;159.850830078125;0;;0.9365234375;74753;m2;203494;0;
..\..\world\khazmodan\wetlands\passivedoodads\bushes\wetlandsshrub05.m2;19418.388671875;6.435204029083252;20041.505859375;0;117.1614990234375;0;;0.921875;74615;m2;203494;0;
..\..\world\khazmodan\wetlands\passivedoodads\bushes\wetlandsshrub04.m2;19208.92578125;6.4749250411987305;20080.09765625;0;188.70846557617188;0;;1.02734375;74728;m2;203493;0;
..\..\world\khazmodan\wetlands\passivedoodads\bushes\wetlandsshrub04.m2;19322.5;6.2448201179504395;20139.14453125;0;337.62738037109375;0;;0.955078125;74929;m2;203493;0;
..\..\world\khazmodan\wetlands\passivedoodads\bushes\wetlandsshrub05.m2;19463.56640625;6.545115947723389;20161.064453125;0;278.4790344238281;0;;0.990234375;74938;m2;203494;0;
..\..\world\khazmodan\wetlands\passivedoodads\trees\wetlandtree03.m2;19612.736328125;34.16547775268555;19980.916015625;0;158.10906982421875;0;;0.849609375;83015;m2;203545;0;
..\..\world\khazmodan\wetlands\passivedoodads\bushes\wetlandsshrub05.m2;19224.138671875;6.497560977935791;20187.447265625;0;293.24053955078125;0;;0.9228515625;75027;m2;203494;0;
..\..\world\khazmodan\wetlands\passivedoodads\bushes\wetlandsshrub04.m2;19674.103515625;6.140825271606445;20262.953125;0;224.24876403808594;0;;0.9619140625;73589;m2;203493;0;
..\..\world\khazmodan\wetlands\passivedoodads\bushes\wetlandsshrub05.m2;19348.755859375;6.527511119842529;20234.37890625;0;350.63421630859375;0;;0.9814453125;75199;m2;203494;0;
..\..\world\khazmodan\wetlands\passivedoodads\bushes\wetlandsshrub05.m2;19354.87890625;5.992363452911377;20007.076171875;0;261.86004638671875;0;;0.9892578125;74524;m2;203494;0;
..\..\world\khazmodan\wetlands\passivedoodads\bushes\wetlandsshrub04.m2;19407.34765625;6.450441837310791;20108.642578125;0;326.9786682128906;0;;0.9375;74876;m2;203493;0;
..\..\world\khazmodan\wetlands\passivedoodads\bushes\wetlandsshrub04.m2;19319.45703125;6.168875217437744;20035.662109375;0;300.01324462890625;0;;0.9365234375;74607;m2;203493;0;
..\..\world\khazmodan\wetlands\passivedoodads\bushes\wetlandsshrub05.m2;19420.767578125;6.421689510345459;20070.83203125;0;285.12774658203125;0;;0.9453125;74758;m2;203494;0;
..\..\world\khazmodan\wetlands\passivedoodads\bushes\wetlandsshrub04.m2;19568.75;6.827422142028809;20256.49609375;0;142.11813354492188;0;;0.9384765625;73472;m2;203493;0;
..\..\world\khazmodan\wetlands\passivedoodads\trees\wetlandtree03.m2;19253.830078125;7.611471652984619;20173.12109375;-7.000000476837158;53.336822509765625;0.9999998807907104;;0.7890625;80775;m2;203545;0;
..\..\world\khazmodan\wetlands\passivedoodads\bushes\wetlandsshrub04.m2;19331.771484375;6.28240966796875;20076.603515625;0;339.2685241699219;0;;0.943359375;74745;m2;203493;0;
..\..\world\khazmodan\wetlands\passivedoodads\bushes\wetlandsshrub04.m2;19570.04296875;6.507271766662598;20240.26953125;0;109.58038330078125;0;;0.9443359375;73618;m2;203493;0;
..\..\world\khazmodan\wetlands\passivedoodads\bushes\wetlandsshrub05.m2;19257.75390625;6.562305450439453;20136.138671875;0;144.79833984375;0;;0.900390625;74927;m2;203494;0;
..\..\world\khazmodan\wetlands\passivedoodads\bushes\wetlandsshrub04.m2;19402.19921875;6.4262847900390625;20178.9375;0;24.64215087890625;0;;0.9267578125;75044;m2;203493;0;
..\..\world\khazmodan\wetlands\passivedoodads\bushes\wetlandsshrub04.m2;19234.822265625;6.48059606552124;20088.298828125;0;154.19573974609375;0;;0.921875;74738;m2;203493;0;
..\..\world\khazmodan\wetlands\passivedoodads\bushes\wetlandsshrub05.m2;19706.798828125;6.481970310211182;20215.30078125;0;176.43035888671875;0;;1.00390625;73587;m2;203494;0;
..\..\world\khazmodan\wetlands\passivedoodads\bushes\wetlandsshrub04.m2;19665.89453125;5.933602333068848;20099.400390625;0;359.331298828125;0;;1.0693359375;73642;m2;203493;0;
..\..\world\khazmodan\wetlands\passivedoodads\bushes\wetlandsshrub04.m2;19703.447265625;6.306535720825195;20262.58984375;0;175.78564453125;0;;1.0322265625;73592;m2;203493;0;
..\..\world\khazmodan\wetlands\passivedoodads\bushes\wetlandsshrub04.m2;19243.115234375;6.241915225982666;20093.158203125;0;326.1984558105469;0;;0.9150390625;74737;m2;203493;0;
..\..\world\khazmodan\wetlands\passivedoodads\bushes\wetlandsshrub05.m2;19680.08984375;6.534967422485352;20201.556640625;0;168.667236328125;0;;0.9453125;73584;m2;203494;0;
..\..\world\khazmodan\wetlands\passivedoodads\bushes\wetlandsshrub04.m2;19195.94140625;6.478304386138916;20069.310546875;0;170.8922119140625;0;;0.9912109375;74724;m2;203493;0;
..\..\world\khazmodan\wetlands\passivedoodads\bushes\wetlandsshrub04.m2;19208.62890625;6.348626613616943;20159.53515625;0;288.4090270996094;0;;0.939453125;74924;m2;203493;0;
..\..\world\khazmodan\wetlands\passivedoodads\bushes\wetlandsshrub05.m2;19455.470703125;6.7886481285095215;20253.97265625;0;3.5;0;;1;72593;m2;203494;0;
..\..\world\khazmodan\wetlands\passivedoodads\trees\wetlandstreestump02.m2;19628.9296875;34.23253631591797;19954.75390625;0;111.88170623779297;0;;1.2041015625;83030;m2;203540;0;
..\..\world\khazmodan\wetlands\passivedoodads\bushes\wetlandsshrub04.m2;19570.78515625;6.457827091217041;20214.54296875;0;89.12625122070312;0;;1.05859375;73621;m2;203493;0;
..\..\world\khazmodan\wetlands\passivedoodads\bushes\wetlandsshrub05.m2;19382.56640625;6.280014991760254;20123.634765625;0;26.719573974609375;0;;0.884765625;74869;m2;203494;0;
..\..\world\khazmodan\wetlands\passivedoodads\bushes\wetlandsshrub05.m2;19633.06640625;5.997406005859375;20207.328125;0;272.98736572265625;0;;0.998046875;73575;m2;203494;0;
..\..\world\khazmodan\wetlands\passivedoodads\bushes\wetlandsshrub04.m2;19562.01953125;6.506069183349609;20209.744140625;0;95.19046020507812;0;;1.0126953125;73664;m2;203493;0;
..\..\world\khazmodan\wetlands\passivedoodads\bushes\wetlandsshrub04.m2;19560.265625;6.164044380187988;20191.240234375;0;94.54940795898438;0;;1.0146484375;73666;m2;203493;0;
..\..\world\khazmodan\wetlands\passivedoodads\bushes\wetlandsshrub05.m2;19307.498046875;6.534612655639648;20194.84765625;0;354.31988525390625;0;;0.9677734375;75037;m2;203494;0;
..\..\world\khazmodan\wetlands\passivedoodads\bushes\wetlandsshrub05.m2;19248.09765625;6.023569583892822;20205.76953125;0;347.6345520019531;0;;0.9228515625;75124;m2;203494;0;
..\..\world\khazmodan\wetlands\passivedoodads\bushes\wetlandsshrub05.m2;19207.62109375;6.095978736877441;20071.1171875;0;179.626708984375;0;;1.015625;74731;m2;203494;0;
..\..\world\khazmodan\wetlands\passivedoodads\bushes\wetlandsshrub05.m2;19328.931640625;6.29552698135376;20056.443359375;0;119.41647338867188;0;;0.87109375;74605;m2;203494;0;
..\..\world\khazmodan\wetlands\passivedoodads\bushes\wetlandsshrub05.m2;19305.072265625;6.612425327301025;20127.203125;0;133.13113403320312;0;;0.888671875;74858;m2;203494;0;
..\..\world\azeroth\elwynn\passivedoodads\bush\elwynnbush09.m2;19449.509765625;7.99798583984375;20172.12109375;0;220.51332092285156;0;;1.498046875;72537;m2;189700;0;
..\..\world\khazmodan\wetlands\passivedoodads\bushes\wetlandsshrub04.m2;19635.044921875;6.2147979736328125;20215.029296875;0;288.9565124511719;0;;0.9130859375;73574;m2;203493;0;
..\..\world\khazmodan\wetlands\passivedoodads\bushes\wetlandsshrub04.m2;19298.935546875;6.236313819885254;20022.10546875;0;15.02313232421875;0;;0.9287109375;74520;m2;203493;0;
..\..\world\khazmodan\wetlands\passivedoodads\bushes\wetlandsshrub05.m2;19375.72265625;6.327358245849609;20096.546875;0;321.7715148925781;0;;0.8701171875;74756;m2;203494;0;
..\..\world\khazmodan\wetlands\passivedoodads\bushes\wetlandsshrub05.m2;19268.0703125;6.25468635559082;20207.615234375;0;186.4123077392578;0;;0.9462890625;75131;m2;203494;0;
..\..\world\khazmodan\wetlands\passivedoodads\bushes\wetlandsshrub04.m2;19369.32421875;6.515992641448975;20092.6328125;0;324.1954345703125;0;;0.8857421875;74755;m2;203493;0;
..\..\world\khazmodan\wetlands\passivedoodads\bushes\wetlandsshrub05.m2;19386.6015625;6.534256458282471;20177.34765625;0;324.46246337890625;0;;0.8623046875;75039;m2;203494;0;
..\..\world\khazmodan\wetlands\passivedoodads\bushes\wetlandsshrub05.m2;19435.416015625;6.45413064956665;20090.619140625;0;274.3265380859375;0;;0.958984375;74761;m2;203494;0;
..\..\world\khazmodan\wetlands\passivedoodads\trees\wetlandtree03.m2;19541.974609375;9.698211669921875;20254.947265625;0;83.68609619140625;0;;0.794921875;72973;m2;203545;0;
..\..\world\khazmodan\wetlands\passivedoodads\bushes\wetlandsshrub05.m2;19731.67578125;6.439339637756348;20259.271484375;0;214.46121215820312;0;;0.857421875;73595;m2;203494;0;
..\..\world\khazmodan\wetlands\passivedoodads\bushes\wetlandsshrub05.m2;19527.462890625;6.387468338012695;20238.544921875;0;203.98516845703125;0;;0.861328125;73478;m2;203494;0;
..\..\world\khazmodan\wetlands\passivedoodads\bushes\wetlandsshrub04.m2;19379.58984375;6.2833147048950195;19993.3671875;0;358.3363952636719;0;;1.0166015625;74458;m2;203493;0;
..\..\world\khazmodan\wetlands\passivedoodads\bushes\wetlandsshrub05.m2;19258.603515625;6.338003635406494;20207.25390625;0;176.3612060546875;0;;0.9609375;75123;m2;203494;0;
..\..\world\khazmodan\wetlands\passivedoodads\bushes\wetlandsshrub05.m2;19354.1875;6.35327672958374;20074.875;0;161.81427001953125;0;;0.8740234375;74747;m2;203494;0;
..\..\world\khazmodan\wetlands\passivedoodads\trees\wetlandtree03.m2;19402.44140625;50.421897888183594;19886.12890625;0;30;0;;0.7890625;83183;m2;203545;0;
..\..\world\khazmodan\wetlands\passivedoodads\bushes\wetlandsshrub05.m2;19583.322265625;6.444970607757568;20258.89453125;0;141.07962036132812;0;;0.857421875;73615;m2;203494;0;
..\..\world\khazmodan\wetlands\passivedoodads\bushes\wetlandsshrub04.m2;19383.435546875;6.51685094833374;20154.123046875;0;161.67974853515625;0;;0.8955078125;74935;m2;203493;0;
..\..\world\khazmodan\wetlands\passivedoodads\bushes\wetlandsshrub04.m2;19573.447265625;6.519935131072998;20247.0625;0;301.55517578125;0;;0.8701171875;73617;m2;203493;0;
..\..\world\khazmodan\wetlands\passivedoodads\bushes\wetlandsshrub04.m2;19215.158203125;6.346044063568115;20151.3359375;0;301.9839782714844;0;;0.869140625;74922;m2;203493;0;
..\..\world\khazmodan\wetlands\passivedoodads\trees\wetlandtree03.m2;19526.88671875;80.21089935302734;19743.208984375;0;32.916046142578125;0;;0.783203125;125988;m2;203545;0;
..\..\world\khazmodan\wetlands\passivedoodads\bushes\wetlandsshrub04.m2;19371.759765625;6.243818759918213;20028.05078125;0;335.04180908203125;0;;0.8623046875;74528;m2;203493;0;
..\..\world\khazmodan\wetlands\passivedoodads\bushes\wetlandsshrub04.m2;19467.513671875;6.462806224822998;20199.89453125;0;88.67010498046875;0;;0.9892578125;75046;m2;203493;0;
..\..\world\khazmodan\wetlands\passivedoodads\trees\wetlandtree03.m2;19425.326171875;57.69325637817383;19880.51953125;0;145.63607788085938;0;;0.76953125;83185;m2;203545;0;
..\..\world\azeroth\swamposorrow\passivedoodads\swampboats\swampboat01.m2;19371.53125;6.182166576385498;19997.46484375;-10.99999713897705;98;26.000001907348633;;1;80804;m2;190398;0;
..\..\world\khazmodan\wetlands\passivedoodads\bushes\wetlandsshrub04.m2;19203.11328125;6.22062873840332;20100.771484375;0;268.90093994140625;0;;0.9794921875;74839;m2;203493;0;
..\..\world\khazmodan\wetlands\passivedoodads\bushes\wetlandsshrub04.m2;19210.37890625;6.5237627029418945;20171.21875;0;97.57763671875;0;;0.9228515625;75031;m2;203493;0;
..\..\world\khazmodan\wetlands\passivedoodads\bushes\wetlandsshrub04.m2;19209.919921875;6.46766996383667;20144.33203125;0;118.0352783203125;0;;0.8427734375;74921;m2;203493;0;
..\..\world\khazmodan\wetlands\passivedoodads\bushes\wetlandsshrub05.m2;19658.310546875;6.535337924957275;20253.0703125;0;296.51641845703125;0;;0.8203125;73569;m2;203494;0;
..\..\world\khazmodan\wetlands\passivedoodads\bushes\wetlandsshrub05.m2;19307.62109375;6.601983547210693;20112.611328125;0;325.87652587890625;0;;0.8193359375;74856;m2;203494;0;
..\..\world\khazmodan\wetlands\passivedoodads\bushes\wetlandsshrub05.m2;19220.490234375;6.332386493682861;20169.19140625;0;283.00927734375;0;;0.857421875;75029;m2;203494;0;
..\..\world\khazmodan\wetlands\passivedoodads\bushes\wetlandsshrub05.m2;19638.197265625;6.505770683288574;20223.2109375;0;124.89232635498047;0;;0.8173828125;73573;m2;203494;0;
..\..\world\khazmodan\wetlands\passivedoodads\bushes\wetlandsshrub04.m2;19346.740234375;6.540377140045166;20119.3125;0;15.7078857421875;0;;0.87109375;74860;m2;203493;0;
..\..\world\azeroth\redridge\passivedoodads\trees\redridgefallentree01moss.m2;19445.326171875;6.928893089294434;20262.162109375;5.500002384185791;58.5;-9.5;;1;72597;m2;190115;0;
..\..\world\khazmodan\wetlands\passivedoodads\bushes\wetlandsshrub04.m2;19244.955078125;6.4614386558532715;20082.068359375;0;318.0173034667969;0;;0.84765625;74736;m2;203493;0;
..\..\world\khazmodan\wetlands\passivedoodads\trees\wetlandtree03.m2;19535.59375;65.22338104248047;19854.93359375;0;171.8043212890625;0;;0.7529296875;126019;m2;203545;0;
..\..\world\khazmodan\wetlands\passivedoodads\bushes\wetlandsshrub04.m2;19217.564453125;6.127593994140625;20071.12890625;0;171.9517822265625;0;;0.91015625;74730;m2;203493;0;
..\..\world\khazmodan\wetlands\passivedoodads\bushes\wetlandsshrub04.m2;19434.228515625;6.518545150756836;20217.435546875;0;223.70687866210938;0;;0.849609375;75145;m2;203493;0;
..\..\world\khazmodan\wetlands\passivedoodads\bushes\wetlandsshrub05.m2;19434.013671875;6.454351425170898;20135.755859375;0;143.90841674804688;0;;0.8115234375;74945;m2;203494;0;
..\..\world\khazmodan\wetlands\passivedoodads\bushes\wetlandsshrub05.m2;19317.40234375;6.3119215965271;20196.40625;0;172.4898681640625;0;;0.8779296875;75036;m2;203494;0;
..\..\world\khazmodan\wetlands\passivedoodads\bushes\wetlandsshrub05.m2;19221.55859375;6.353649139404297;20177.783203125;0;97.41973876953125;0;;0.8759765625;75028;m2;203494;0;
..\..\world\khazmodan\wetlands\passivedoodads\bushes\wetlandsshrub04.m2;19667.849609375;6.425570487976074;20186.5234375;0;298.06683349609375;0;;0.826171875;73582;m2;203493;0;
..\..\world\khazmodan\wetlands\passivedoodads\bushes\wetlandsshrub04.m2;19203.60546875;6.587000370025635;20199.775390625;0;168.33349609375;0;;0.8759765625;75032;m2;203493;0;
..\..\world\khazmodan\wetlands\passivedoodads\bushes\wetlandsshrub05.m2;19266.447265625;6.555071830749512;20137.484375;0;5.279815673828125;0;;0.880859375;74926;m2;203494;0;
..\..\world\khazmodan\wetlands\passivedoodads\bushes\wetlandsshrub05.m2;19210.162109375;6.2933478355407715;20180.05078125;0;264.973388671875;0;;0.8828125;75030;m2;203494;0;
..\..\world\khazmodan\wetlands\passivedoodads\bushes\wetlandsshrub04.m2;19571.072265625;6.704163074493408;20222.80078125;0;84.56317138671875;0;;0.91015625;73620;m2;203493;0;
..\..\world\khazmodan\wetlands\passivedoodads\bushes\wetlandsshrub04.m2;19314.451171875;6.287549018859863;20029.11328125;0;138.20559692382812;0;;0.826171875;74522;m2;203493;0;
..\..\world\khazmodan\wetlands\passivedoodads\bushes\wetlandsshrub04.m2;19295.20703125;6.498355865478516;20102.5234375;0;139.58367919921875;0;;0.8212890625;74846;m2;203493;0;
..\..\world\khazmodan\wetlands\passivedoodads\bushes\wetlandsshrub05.m2;19326.01953125;6.446447372436523;20198.169921875;0;159.4002685546875;0;;0.80078125;75035;m2;203494;0;
..\..\world\khazmodan\wetlands\passivedoodads\bushes\wetlandsshrub05.m2;19217.982421875;6.232353210449219;20080.669921875;0;0.86480712890625;0;;0.9091796875;74727;m2;203494;0;
..\..\world\khazmodan\wetlands\passivedoodads\bushes\wetlandsshrub04.m2;19423.880859375;6.479673862457275;20092.94140625;0;95.0128173828125;0;;0.904296875;74760;m2;203493;0;
..\..\world\khazmodan\wetlands\passivedoodads\bushes\wetlandsshrub04.m2;19322.37109375;6.595058441162109;20072.390625;0;336.488525390625;0;;0.8125;74744;m2;203493;0;
..\..\world\khazmodan\wetlands\passivedoodads\bushes\wetlandsshrub05.m2;19265.26171875;6.443247318267822;20111.95703125;0;202.13742065429688;0;;0.791015625;74844;m2;203494;0;
..\..\world\azeroth\elwynn\passivedoodads\bush\elwynnbush09.m2;19453.171875;7.245852947235107;20175.46484375;0;108.96572875976562;0;;1.4912109375;72536;m2;189700;0;
..\..\world\khazmodan\wetlands\passivedoodads\bushes\wetlandsshrub05.m2;19356.91015625;6.6647629737854;20015.66796875;0;120.74667358398438;0;;0.7783203125;74525;m2;203494;0;
..\..\world\khazmodan\wetlands\passivedoodads\bushes\wetlandsshrub05.m2;19434.345703125;6.317373752593994;20082.326171875;0;103.55899047851562;0;;0.8125;74762;m2;203494;0;
..\..\world\khazmodan\wetlands\passivedoodads\bushes\wetlandsshrub04.m2;19713.43359375;6.373215198516846;20215.8984375;0;171.3590087890625;0;;0.8603515625;73588;m2;203493;0;
..\..\world\khazmodan\wetlands\passivedoodads\bushes\wetlandsshrub05.m2;19390.8984375;6.5109663009643555;20157.12109375;0;335.49432373046875;0;;0.7744140625;74936;m2;203494;0;
..\..\world\khazmodan\wetlands\passivedoodads\bushes\wetlandsshrub04.m2;19277.544921875;6.130607604980469;20206.27734375;0;188.5107879638672;0;;0.8603515625;75130;m2;203493;0;
..\..\world\khazmodan\wetlands\passivedoodads\bushes\wetlandsshrub05.m2;19296.6171875;6.143627643585205;20055.037109375;0;196.7166290283203;0;;0.7919921875;74603;m2;203494;0;
..\..\world\khazmodan\wetlands\passivedoodads\bushes\wetlandsshrub05.m2;19350.998046875;6.617684841156006;20084.306640625;0;162.38916015625;0;;0.7880859375;74750;m2;203494;0;
..\..\world\khazmodan\wetlands\passivedoodads\bushes\wetlandsshrub04.m2;19302.24609375;6.430424213409424;20034.396484375;0;318.1763000488281;0;;0.7998046875;74608;m2;203493;0;
..\..\world\khazmodan\wetlands\passivedoodads\bushes\wetlandsshrub05.m2;19405.41015625;6.482490539550781;20171.22265625;0;111.5934066772461;0;;0.775390625;75043;m2;203494;0;
..\..\world\azeroth\elwynn\passivedoodads\bush\elwynnbush09.m2;19441.787109375;7.69268798828125;20250.912109375;3.9999990463256836;69.71038818359375;16.500001907348633;;1.2666015625;72585;m2;189700;0;
..\..\world\khazmodan\wetlands\passivedoodads\bushes\wetlandsshrub04.m2;19570.12109375;6.457951545715332;20230.41796875;0;259.8494873046875;0;;0.8427734375;73619;m2;203493;0;
..\..\world\khazmodan\wetlands\passivedoodads\bushes\wetlandsshrub04.m2;19578.03125;6.480778694152832;20251.802734375;0;126.93991088867188;0;;0.78515625;73616;m2;203493;0;
..\..\world\khazmodan\wetlands\passivedoodads\bushes\wetlandsshrub04.m2;19358.25390625;6.507669448852539;20203.7421875;0;324.9221496582031;0;;0.783203125;75137;m2;203493;0;
..\..\world\khazmodan\wetlands\passivedoodads\bushes\wetlandsshrub04.m2;19307.49609375;6.357396602630615;20023.37890625;0;328.8099365234375;0;;0.7802734375;74523;m2;203493;0;
..\..\world\khazmodan\wetlands\passivedoodads\trees\wetlandstreestump02.m2;19702.4375;12.644089698791504;20023.53515625;0;232.99996948242188;0;;1;188815;m2;203540;0;
..\..\world\khazmodan\wetlands\passivedoodads\bushes\wetlandsshrub04.m2;19399;6.545936584472656;20001.41796875;0;295.7510681152344;0;;0.78125;74527;m2;203493;0;
..\..\world\khazmodan\wetlands\passivedoodads\bushes\wetlandsshrub04.m2;19378.9921875;6.447455406188965;20238.119140625;0;327.4013977050781;0;;0.7744140625;75201;m2;203493;0;
..\..\world\khazmodan\wetlands\passivedoodads\bushes\wetlandsshrub05.m2;19454.52734375;6.632238864898682;20144.5703125;0;132.75958251953125;0;;0.76953125;74940;m2;203494;0;
..\..\world\khazmodan\wetlands\passivedoodads\bushes\wetlandsshrub05.m2;19226.61328125;6.629940032958984;20083.814453125;0;160.1260986328125;0;;0.7626953125;74726;m2;203494;0;
..\..\world\khazmodan\wetlands\passivedoodads\bushes\wetlandsshrub04.m2;19252.15625;6.497931480407715;20127.994140625;0;95.98458862304688;0;;0.8544921875;74842;m2;203493;0;
..\..\world\khazmodan\wetlands\passivedoodads\bushes\wetlandsshrub04.m2;19255.8515625;6.663293361663818;20217.380859375;0;156.4013671875;0;;0.7744140625;75120;m2;203493;0;
..\..\world\khazmodan\wetlands\passivedoodads\bushes\wetlandsshrub05.m2;19650.3125;6.14247989654541;20174.8671875;0;355.1315002441406;0;;0.828125;73580;m2;203494;0;
..\..\world\khazmodan\wetlands\passivedoodads\bushes\wetlandsshrub04.m2;19301.072265625;6.35365629196167;20107.986328125;0;142.60015869140625;0;;0.7607421875;74857;m2;203493;0;
..\..\world\khazmodan\wetlands\passivedoodads\bushes\wetlandsshrub05.m2;19252.41015625;6.598344326019287;20098.05078125;0;164.0958251953125;0;;0.76171875;74733;m2;203494;0;
..\..\world\azeroth\elwynn\passivedoodads\bush\elwynnbush09.m2;19453.18359375;7.266138076782227;20181.626953125;0;340.5206604003906;0;;1.3994140625;72535;m2;189700;0;
..\..\world\khazmodan\wetlands\passivedoodads\bushes\wetlandsshrub04.m2;19643.21484375;6.480134963989258;20175.142578125;0;13.193450927734375;0;;0.7958984375;73579;m2;203493;0;
..\..\world\generic\goblin\passivedoodads\goblintents\goblintent05.m2;19534.671875;9.462972640991211;20254.873046875;0;322.5;0;;1;383420;m2;197795;0;
..\..\world\khazmodan\wetlands\passivedoodads\bushes\wetlandsshrub04.m2;19406.08984375;6.280611991882324;20122.34765625;0;168.12322998046875;0;;0.80078125;74874;m2;203493;0;
..\..\world\khazmodan\wetlands\passivedoodads\bushes\wetlandsshrub04.m2;19386.21875;6.497889518737793;20241.171875;0;146.44961547851562;0;;0.7509765625;75200;m2;203493;0;
..\..\world\khazmodan\wetlands\passivedoodads\bushes\wetlandsshrub04.m2;19340.7109375;6.244256019592285;20232.93359375;0;162.4013671875;0;;0.7744140625;75135;m2;203493;0;
..\..\world\azeroth\elwynn\passivedoodads\bush\elwynnbush09.m2;19476.990234375;7.044270992279053;20232.390625;0;40.255126953125;0;;1.2626953125;72563;m2;189700;0;
..\..\world\khazmodan\wetlands\passivedoodads\bushes\wetlandsshrub04.m2;19564.40234375;6.571644306182861;20251.291015625;0;128.636474609375;0;;0.751953125;73473;m2;203493;0;
..\..\world\khazmodan\wetlands\passivedoodads\bushes\wetlandsshrub04.m2;19248.23828125;6.35644006729126;20215.49609375;0;335.4496154785156;0;;0.7509765625;75121;m2;203493;0;
..\..\world\azeroth\elwynn\passivedoodads\bush\elwynnbush09.m2;19465.03515625;6.8905029296875;20250.3203125;0;48.20947265625;0;;1.248046875;72583;m2;189700;0;
..\..\world\azeroth\elwynn\passivedoodads\bush\elwynnbush09.m2;19376.908203125;6.954975605010986;20084.505859375;0;220.51332092285156;0;;1.248046875;79140;m2;189700;0;
..\..\world\azeroth\elwynn\passivedoodads\bush\elwynnbush09.m2;19419.33203125;7.240235328674316;20258.40625;0;230.01678466796875;0;;1.2490234375;79253;m2;189700;0;
..\..\world\khazmodan\wetlands\passivedoodads\bushes\wetlandsshrub04.m2;19225.91796875;6.32522439956665;20073.31640625;0;340.16900634765625;0;;0.7568359375;74729;m2;203493;0;
..\..\world\azeroth\elwynn\passivedoodads\bush\elwynnbush09.m2;19341.900390625;7.08941125869751;20080.990234375;0;310.39520263671875;0;;1.2451171875;79160;m2;189700;0;
..\..\world\khazmodan\wetlands\passivedoodads\bushes\wetlandsshrub04.m2;19634.53515625;6.379208564758301;20189.751953125;0;71.78073120117188;0;;0.7529296875;73577;m2;203493;0;
..\..\world\khazmodan\wetlands\passivedoodads\bushes\wetlandsshrub04.m2;19332.94140625;6.071993350982666;20231.853515625;0;341.4496154785156;0;;0.7509765625;75134;m2;203493;0;
..\..\world\azeroth\elwynn\passivedoodads\bush\elwynnbush09.m2;19404.09765625;7.222871780395508;20239.8203125;0;315.2732849121094;0;;1.2255859375;79249;m2;189700;0;
..\..\world\generic\human\passivedoodads\statues\statuekurdran.m2;19300.544921875;30.877777099609375;19903.224609375;5.000000476837158;4.5;10.000000953674316;;0.4091796875;84287;m2;198562;0;
..\..\world\khazmodan\wetlands\passivedoodads\bushes\wetlandsshrub04.m2;19202.412109375;6.329861164093018;20183.603515625;0;163.2139892578125;0;;0.75390625;75033;m2;203493;0;
..\..\world\azeroth\elwynn\passivedoodads\bush\elwynnbush09.m2;19451.92578125;7.934538841247559;20196.09765625;1.999999761581421;35.8934326171875;-11;;1.1376953125;72534;m2;189700;0;
..\..\world\azeroth\elwynn\passivedoodads\bush\elwynnbush09.m2;19258.09765625;7.204324722290039;20114.42578125;0;319.0307312011719;0;;1.2158203125;79196;m2;189700;0;
..\..\world\azeroth\elwynn\passivedoodads\bush\elwynnbush09.m2;19493.5703125;6.953372478485107;20239.119140625;-12.999998092651367;230.12664794921875;-9.499999046325684;;1.0859375;72611;m2;189700;0;
..\..\world\khazmodan\wetlands\passivedoodads\bushes\wetlandsshrub05.m2;19394.82421875;6.460825443267822;20180.07421875;0;357.701416015625;0;;0.7958984375;75038;m2;203494;0;
..\..\world\khazmodan\wetlands\passivedoodads\bushes\wetlandsshrub04.m2;19291.27734375;6.588873386383057;20116.173828125;0;173.63616943359375;0;;0.7939453125;74848;m2;203493;0;
..\..\world\khazmodan\wetlands\passivedoodads\bushes\wetlandsshrub04.m2;19351.865234375;6.153543472290039;20201.05859375;0;186.00274658203125;0;;0.79296875;75138;m2;203493;0;
..\..\world\azeroth\elwynn\passivedoodads\bush\elwynnbush09.m2;19357.18359375;7.274515628814697;20140.361328125;0;311.3949890136719;0;;1.2001953125;79182;m2;189700;0;
..\..\world\azeroth\elwynn\passivedoodads\bush\elwynnbush09.m2;19257.171875;7.1443023681640625;20100.373046875;0;40.09033203125;0;;1.2021484375;79198;m2;189700;0;
..\..\world\khazmodan\wetlands\passivedoodads\trees\wetlandstreestump02.m2;19696.66796875;33.98562240600586;19940.408203125;0;223.4599609375;0;;0.923828125;83032;m2;203540;0;
..\..\world\azeroth\elwynn\passivedoodads\bush\elwynnbush09.m2;19340.20703125;7.28602933883667;20143.90234375;0;127.17064666748047;0;;1.205078125;79184;m2;189700;0;
..\..\world\azeroth\elwynn\passivedoodads\bush\elwynnbush09.m2;19502.287109375;7.845133304595947;20231.9140625;0;13.82122802734375;0;;1.3896484375;72575;m2;189700;0;
..\..\world\azeroth\elwynn\passivedoodads\bush\elwynnbush09.m2;19394.59375;6.618163585662842;20179.947265625;0;229.6212615966797;0;;1.1845703125;79278;m2;189700;0;
..\..\world\azeroth\elwynn\passivedoodads\bush\elwynnbush09.m2;19320.296875;6.831011772155762;20118.5703125;0;324.2603759765625;0;;1.1943359375;79169;m2;189700;0;
..\..\world\azeroth\elwynn\passivedoodads\bush\elwynnbush09.m2;19385.412109375;6.959620475769043;20176.875;0;122.21563720703125;0;;1.20703125;79279;m2;189700;0;
..\..\world\azeroth\elwynn\passivedoodads\bush\elwynnbush09.m2;19210.669921875;7.436953067779541;20068.91015625;0;215.98680114746094;0;;1.1875;79214;m2;189700;0;
..\..\world\khazmodan\wetlands\passivedoodads\trees\wetlandtree03.m2;19611.52734375;34.18788528442383;19975.099609375;0;245.46746826171875;0;;0.62890625;83016;m2;203545;0;
..\..\world\azeroth\elwynn\passivedoodads\bush\elwynnbush09.m2;19202.87890625;7.25768518447876;20152.923828125;0;63.261199951171875;0;;1.2236328125;79299;m2;189700;0;
..\..\world\azeroth\elwynn\passivedoodads\bush\elwynnbush09.m2;19479.732421875;6.213162899017334;20235.140625;0;323.3924560546875;0;;1.17578125;72610;m2;189700;0;
..\..\world\azeroth\elwynn\passivedoodads\bush\elwynnbush09.m2;19295.267578125;6.785315990447998;20056.099609375;0;243.9149169921875;0;;1.224609375;79156;m2;189700;0;
..\..\world\azeroth\elwynn\passivedoodads\bush\elwynnbush09.m2;19367.734375;6.793280601501465;20112.666015625;0;47.90185546875;0;;1.1572265625;79164;m2;189700;0;
..\..\world\khazmodan\wetlands\passivedoodads\trees\wetlandtree03.m2;19404.5625;50.8934211730957;19889.09765625;8.500000953674316;50;10.5;;0.529296875;83184;m2;203545;0;
..\..\world\azeroth\elwynn\passivedoodads\bush\elwynnbush09.m2;19395.91015625;7.476408958435059;20123.775390625;0;244.71693420410156;0;;1.21484375;79179;m2;189700;0;
..\..\world\azeroth\elwynn\passivedoodads\bush\elwynnbush09.m2;19426.775390625;6.627856731414795;20200.3984375;0;60.2508544921875;0;;1.1826171875;79288;m2;189700;0;
..\..\world\azeroth\elwynn\passivedoodads\bush\elwynnbush09.m2;19420.037109375;7.3611626625061035;20221.494140625;0;214.3717803955078;0;;1.16015625;79291;m2;189700;0;
..\..\world\azeroth\elwynn\passivedoodads\bush\elwynnbush09.m2;19282.626953125;7.482858657836914;20121.197265625;0;30.10345458984375;0;;1.1748046875;79190;m2;189700;0;
..\..\world\khazmodan\wetlands\passivedoodads\trees\wetlandstreestump02.m2;19226.314453125;24.228652954101562;19950.91796875;0;275.5;0;;1;84572;m2;203540;0;
..\..\world\azeroth\elwynn\passivedoodads\bush\elwynnbush09.m2;19455.21875;7.528371334075928;20202.53515625;11.5;61.92083740234375;-11.5;;1.052734375;72544;m2;189700;0;
..\..\world\azeroth\elwynn\passivedoodads\bush\elwynnbush09.m2;19327.25390625;7.292208194732666;20232.107421875;0;246.65057373046875;0;;1.2060546875;79261;m2;189700;0;
..\..\world\azeroth\elwynn\passivedoodads\bush\elwynnbush09.m2;19454.810546875;7.37732458114624;20197.38671875;8.000000953674316;38.738983154296875;-8;;1.0322265625;72533;m2;189700;0;
..\..\world\azeroth\elwynn\passivedoodads\bush\elwynnbush09.m2;19421.732421875;7.210756778717041;20085.083984375;0;145.30963134765625;0;;1.1396484375;79119;m2;189700;0;
..\..\world\azeroth\elwynn\passivedoodads\bush\elwynnbush09.m2;19250.40625;7.252573490142822;20098.25390625;0;48.462158203125;0;;1.123046875;79199;m2;189700;0;
..\..\world\azeroth\elwynn\passivedoodads\bush\elwynnbush09.m2;19381.1171875;7.387993812561035;20227.623046875;0;45.21014404296875;0;;1.1201171875;79247;m2;189700;0;
..\..\world\azeroth\elwynn\passivedoodads\bush\elwynnbush09.m2;19393.13671875;6.7899885177612305;20094.572265625;0;108.96572875976562;0;;1.2412109375;79139;m2;189700;0;
..\..\world\khazmodan\wetlands\passivedoodads\bushes\wetlandsshrub04.m2;19369.423828125;6.58398962020874;19993.763671875;0;2.751373291015625;0;;0.76171875;74459;m2;203493;0;
..\..\world\khazmodan\wetlands\passivedoodads\bushes\wetlandsshrub04.m2;19313.68359375;6.48209810256958;20070.33203125;0;180.31622314453125;0;;0.7802734375;74743;m2;203493;0;
..\..\world\azeroth\elwynn\passivedoodads\bush\elwynnbush09.m2;19202.392578125;7.206240177154541;20087.478515625;0;315.8336181640625;0;;1.1162109375;79205;m2;189700;0;
..\..\world\azeroth\elwynn\passivedoodads\bush\elwynnbush09.m2;19331.66015625;6.968756198883057;20059.033203125;0;150.86886596679688;0;;1.1572265625;79146;m2;189700;0;
..\..\world\azeroth\elwynn\passivedoodads\bush\elwynnbush09.m2;19359.017578125;6.927982807159424;20018.66015625;0;69.71038818359375;0;;1.216796875;79129;m2;189700;0;
..\..\world\azeroth\elwynn\passivedoodads\bush\elwynnbush09.m2;19457.58984375;7.180643081665039;20263.310546875;10.000000953674316;240.89358520507812;6;;1.05859375;72580;m2;189700;0;
..\..\world\azeroth\elwynn\passivedoodads\bush\elwynnbush09.m2;19364.119140625;7.237923622131348;20233.896484375;0;337.3125305175781;0;;1.1923828125;79257;m2;189700;0;
..\..\world\azeroth\elwynn\passivedoodads\bush\elwynnbush09.m2;19203.31640625;7.3411383628845215;20115.96484375;0;158.97705078125;0;;1.205078125;79221;m2;189700;0;
..\..\world\azeroth\elwynn\passivedoodads\bush\elwynnbush09.m2;19415.259765625;7.143072605133057;20055.486328125;0;42.42083740234375;0;;1.1025390625;79136;m2;189700;0;
..\..\world\azeroth\elwynn\passivedoodads\bush\elwynnbush09.m2;19221.48828125;7.311137676239014;20164.099609375;0;316.1741943359375;0;;1.09765625;79227;m2;189700;0;
..\..\world\azeroth\elwynn\passivedoodads\bush\elwynnbush09.m2;19466.9296875;6.923699855804443;20189.44921875;0;42.58428955078125;0;;1.0947265625;72541;m2;189700;0;
..\..\world\azeroth\elwynn\passivedoodads\bush\elwynnbush09.m2;19432.072265625;7.145955562591553;20135.337890625;0;126.50582885742188;0;;1.103515625;79174;m2;189700;0;
..\..\world\azeroth\elwynn\passivedoodads\bush\elwynnbush09.m2;19404.875;7.108691692352295;20197.26171875;0;128.510986328125;0;;1.0986328125;79293;m2;189700;0;
..\..\world\azeroth\elwynn\passivedoodads\bush\elwynnbush09.m2;19419.357421875;6.990612506866455;20041.72265625;0;31.48779296875;0;;1.12109375;79116;m2;189700;0;
..\..\world\azeroth\elwynn\passivedoodads\bush\elwynnbush09.m2;19373.359375;7.04086446762085;20158.328125;0;54.07635498046875;0;;1.1025390625;79282;m2;189700;0;
..\..\world\azeroth\elwynn\passivedoodads\bush\elwynnbush09.m2;19381.103515625;6.885627269744873;20153.287109375;0;288.509765625;0;;1.2138671875;79283;m2;189700;0;
..\..\world\azeroth\elwynn\passivedoodads\bush\elwynnbush09.m2;19504.92578125;7.663337707519531;20232.826171875;0;309.4283447265625;0;;1.0927734375;72574;m2;189700;0;
..\..\world\azeroth\elwynn\passivedoodads\bush\elwynnbush09.m2;19450.80859375;6.951929569244385;20159.048828125;0;161.89947509765625;0;;1.21484375;79171;m2;189700;0;
..\..\world\azeroth\elwynn\passivedoodads\bush\elwynnbush09.m2;19322.349609375;7.366972923278809;20195.009765625;0;143.738525390625;0;;1.09765625;79240;m2;189700;0;
..\..\world\azeroth\elwynn\passivedoodads\bush\elwynnbush09.m2;19214.017578125;7.278778076171875;20205.234375;0;322.7222595214844;0;;1.09375;79273;m2;189700;0;
..\..\world\azeroth\elwynn\passivedoodads\bush\elwynnbush09.m2;19324.640625;7.3614182472229;20231.599609375;0;210.2847442626953;0;;1.115234375;79262;m2;189700;0;
..\..\world\azeroth\elwynn\passivedoodads\bush\elwynnbush09.m2;19392.23828125;7.4659104347229;20246.92578125;0;304.033935546875;0;;1.0966796875;79254;m2;189700;0;
..\..\world\khazmodan\wetlands\passivedoodads\trees\wetlandtree03.m2;19528.0859375;80.279541015625;19739.54296875;0;184.85455322265625;0;;0.580078125;125989;m2;203545;0;
..\..\world\azeroth\elwynn\passivedoodads\bush\elwynnbush09.m2;19434.361328125;6.705574035644531;20082.875;0;60.4156494140625;0;;1.1123046875;79114;m2;189700;0;
..\..\world\azeroth\elwynn\passivedoodads\bush\elwynnbush09.m2;19339.294921875;6.950130462646484;20120.5390625;0;292.9374084472656;0;;1.1484375;79166;m2;189700;0;
..\..\world\azeroth\elwynn\passivedoodads\bush\elwynnbush09.m2;19449.376953125;7.180452823638916;20137.798828125;0;160.99853515625;0;;1.181640625;79110;m2;189700;0;
..\..\world\azeroth\elwynn\passivedoodads\bush\elwynnbush09.m2;19467.830078125;6.649331569671631;20236.744140625;0;227.19320678710938;0;;1.0634765625;72609;m2;189700;0;
..\..\world\azeroth\elwynn\passivedoodads\bush\elwynnbush09.m2;19383.125;6.688204288482666;19994.03125;0;227.19320678710938;0;;1.0634765625;79127;m2;189700;0;
..\..\world\azeroth\elwynn\passivedoodads\bush\elwynnbush09.m2;19292.77734375;7.040823459625244;20099.5234375;0;196.1448974609375;0;;1.2099609375;79206;m2;189700;0;
..\..\world\azeroth\elwynn\passivedoodads\bush\elwynnbush09.m2;19402.849609375;6.906084060668945;20166.5859375;0;198.7047882080078;0;;1.173828125;79285;m2;189700;0;
..\..\world\azeroth\elwynn\passivedoodads\bush\elwynnbush09.m2;19463.716796875;7.1915459632873535;20262.76953125;5;217.6018524169922;-1.0000001192092896;;1.0224609375;72579;m2;189700;0;
..\..\world\azeroth\elwynn\passivedoodads\bush\elwynnbush09.m2;19403.2265625;7.3683624267578125;20104.8828125;0;340.5206604003906;0;;1.1494140625;79138;m2;189700;0;
..\..\world\azeroth\elwynn\passivedoodads\bush\elwynnbush09.m2;19253.37890625;7.453545570373535;20086.404296875;0;20.2374267578125;0;;1.1376953125;79209;m2;189700;0;
..\..\world\azeroth\elwynn\passivedoodads\bush\elwynnbush09.m2;19472.91015625;7.767363548278809;20212.12890625;0;218.5357208251953;0;;1.0390625;72565;m2;189700;0;
..\..\world\azeroth\elwynn\passivedoodads\bush\elwynnbush09.m2;19253.1015625;7.29421854019165;20133.02734375;0;295.1237487792969;0;;1.091796875;79194;m2;189700;0;
..\..\world\azeroth\elwynn\passivedoodads\bush\elwynnbush09.m2;19445.453125;6.907631874084473;20150.42578125;0;32.981964111328125;0;;1.0478515625;79173;m2;189700;0;
..\..\world\azeroth\elwynn\passivedoodads\bush\elwynnbush09.m2;19398.453125;7.160437107086182;20122.53515625;0;313.0869445800781;0;;1.01953125;79177;m2;189700;0;
..\..\world\azeroth\elwynn\passivedoodads\bush\elwynnbush09.m2;19235.423828125;7.900664329528809;20196.001953125;0;102.30780029296875;0;;1.205078125;79230;m2;189700;0;
..\..\world\azeroth\elwynn\passivedoodads\bush\elwynnbush09.m2;19465.482421875;7.664808750152588;20163.169921875;0;64.90921020507812;0;;1.078125;72532;m2;189700;0;
..\..\world\azeroth\elwynn\passivedoodads\bush\elwynnbush09.m2;19467.95703125;7.22249174118042;20192.76953125;0;220.5242919921875;0;;1.017578125;72542;m2;189700;0;
..\..\world\azeroth\elwynn\passivedoodads\bush\elwynnbush09.m2;19277.150390625;7.025702476501465;20093.32421875;0;348.7496337890625;0;;1.2138671875;79208;m2;189700;0;
..\..\world\azeroth\elwynn\passivedoodads\bush\elwynnbush09.m2;19361.146484375;6.907995700836182;20020.994140625;0;40.255126953125;0;;1.0126953125;79130;m2;189700;0;
..\..\world\azeroth\elwynn\passivedoodads\bush\elwynnbush09.m2;19206.744140625;7.337019920349121;20082.1796875;0;244.95864868164062;0;;1.0712890625;79203;m2;189700;0;
..\..\world\azeroth\elwynn\passivedoodads\bush\elwynnbush09.m2;19211.736328125;7.281553745269775;20143.1875;0;300.7709045410156;0;;1.037109375;79225;m2;189700;0;
..\..\world\azeroth\elwynn\passivedoodads\bush\elwynnbush09.m2;19322.0546875;7.265599727630615;20140.58203125;0;9.50347900390625;0;;1.2275390625;79186;m2;189700;0;
..\..\world\azeroth\elwynn\passivedoodads\bush\elwynnbush09.m2;19460.83984375;7.160449504852295;20222.5;0;285.2247619628906;0;;1.1494140625;72546;m2;189700;0;
..\..\world\azeroth\elwynn\passivedoodads\bush\elwynnbush09.m2;19332.1796875;7.156211853027344;20119.96875;0;13.98602294921875;0;;1.1630859375;79168;m2;189700;0;
..\..\world\azeroth\elwynn\passivedoodads\bush\elwynnbush09.m2;19237.20703125;7.0261945724487305;20090.537109375;0;23.950927734375;0;;1.06640625;79201;m2;189700;0;
..\..\world\azeroth\elwynn\passivedoodads\bush\elwynnbush09.m2;19375.203125;6.920011043548584;19993.89453125;0;48.20947265625;0;;0.998046875;79126;m2;189700;0;
..\..\world\azeroth\elwynn\passivedoodads\bush\elwynnbush09.m2;19361.201171875;7.4212493896484375;20203.357421875;0;301.4081115722656;0;;1.01171875;79243;m2;189700;0;
..\..\world\azeroth\elwynn\passivedoodads\bush\elwynnbush09.m2;19535.80859375;6.8388543128967285;20112.6953125;0;36.5196533203125;0;;0.994140625;73969;m2;189700;0;
..\..\world\azeroth\elwynn\passivedoodads\bush\elwynnbush09.m2;19335.607421875;7.505395889282227;20144.216796875;0;287.3781433105469;0;;1.103515625;79185;m2;189700;0;
..\..\world\azeroth\elwynn\passivedoodads\bush\elwynnbush09.m2;19378.259765625;7.005774974822998;19993.130859375;0;100.93447875976562;0;;1.177734375;79125;m2;189700;0;
..\..\world\azeroth\elwynn\passivedoodads\bush\elwynnbush09.m2;19390.7890625;7.045414924621582;20034.28125;0;13.82122802734375;0;;1.1396484375;79133;m2;189700;0;
..\..\world\azeroth\elwynn\passivedoodads\bush\elwynnbush09.m2;19275.3828125;7.63151216506958;20135.58203125;0;26.46685791015625;0;;1.0283203125;79191;m2;189700;0;
..\..\world\azeroth\elwynn\passivedoodads\bush\elwynnbush09.m2;19271.78125;7.5126471519470215;20138.19140625;0;281.1926574707031;0;;1.1650390625;79192;m2;189700;0;
..\..\world\azeroth\elwynn\passivedoodads\bush\elwynnbush09.m2;19202.974609375;7.222004413604736;20112.359375;0;22.76434326171875;0;;1.044921875;79220;m2;189700;0;
..\..\world\azeroth\elwynn\passivedoodads\bush\elwynnbush09.m2;19417.806640625;7.0756025314331055;20065.9140625;0;310.6808776855469;0;;0.9716796875;79117;m2;189700;0;
..\..\world\azeroth\elwynn\passivedoodads\bush\elwynnbush09.m2;19460.27734375;7.413351535797119;20251.046875;1.0000007152557373;288.6745910644531;-13.499999046325684;;0.962890625;72581;m2;189700;0;
..\..\world\azeroth\elwynn\passivedoodads\bush\elwynnbush09.m2;19469.82421875;7.778999328613281;20190.357421875;0;337.68609619140625;0;;1.044921875;72543;m2;189700;0;
..\..\world\azeroth\elwynn\passivedoodads\bush\elwynnbush09.m2;19454.9296875;9.885663032531738;20232.3828125;0;102.07708740234375;0;;1.1416015625;72554;m2;189700;0;
..\..\world\azeroth\elwynn\passivedoodads\bush\elwynnbush09.m2;19375.15234375;7.377081394195557;20239.19140625;0;324.1724853515625;0;;0.97265625;79256;m2;189700;0;
..\..\world\azeroth\elwynn\passivedoodads\bush\elwynnbush09.m2;19296.724609375;6.616722106933594;20024.064453125;0;294.00311279296875;0;;1.02734375;79150;m2;189700;0;
..\..\world\azeroth\elwynn\passivedoodads\bush\elwynnbush09.m2;19419.087890625;7.060534477233887;20069.642578125;0;343.11346435546875;0;;1.0859375;79118;m2;189700;0;
..\..\world\azeroth\elwynn\passivedoodads\bush\elwynnbush09.m2;19394.060546875;6.967039585113525;20158.5390625;0;215.8330078125;0;;0.9697265625;79284;m2;189700;0;
..\..\world\azeroth\elwynn\passivedoodads\bush\elwynnbush09.m2;19476.380859375;6.523103713989258;20260.140625;0;210.006103515625;3;;0.9638671875;72608;m2;189700;0;
..\..\world\azeroth\elwynn\passivedoodads\bush\elwynnbush09.m2;19685.552734375;7.106792449951172;20076.28125;0;135.553466796875;0;;0.9501953125;74011;m2;189700;0;
..\..\world\azeroth\elwynn\passivedoodads\bush\elwynnbush09.m2;19281.544921875;30.581655502319336;19921.720703125;0;333.5;0;;1;84629;m2;189700;0;
..\..\world\azeroth\elwynn\passivedoodads\bush\elwynnbush09.m2;19580.50390625;7.430159568786621;20093.26171875;0;153.28594970703125;0;;0.9970703125;73977;m2;189700;0;
..\..\world\azeroth\elwynn\passivedoodads\bush\elwynnbush09.m2;19561.9921875;7.0490217208862305;20202.09765625;0;236.0484619140625;0;;0.96484375;73952;m2;189700;0;
..\..\world\azeroth\elwynn\passivedoodads\bush\elwynnbush09.m2;19427.583984375;7.234944820404053;20221.453125;0;232.90628051757812;0;;0.95703125;79289;m2;189700;0;
..\..\world\azeroth\elwynn\passivedoodads\bush\elwynnbush09.m2;19533.826171875;7.100046634674072;20114.67578125;0;34.02569580078125;0;;0.9609375;73968;m2;189700;0;
..\..\world\azeroth\elwynn\passivedoodads\bush\elwynnbush09.m2;19568.232421875;7.010611057281494;20152.40234375;0;239.38839721679688;0;;0.9716796875;73984;m2;189700;0;
..\..\world\azeroth\elwynn\passivedoodads\bush\elwynnbush09.m2;19224.099609375;7.18215799331665;20184.05078125;0;154.34063720703125;0;;0.9951171875;79229;m2;189700;0;
..\..\world\azeroth\elwynn\passivedoodads\bush\elwynnbush09.m2;19405.01953125;6.98440408706665;20168.810546875;0;12.2501220703125;0;;1.1064453125;79286;m2;189700;0;
..\..\world\azeroth\elwynn\passivedoodads\bush\elwynnbush09.m2;19545.546875;6.870772838592529;20239.576171875;0;236.2022705078125;0;;0.9501953125;73945;m2;189700;0;
..\..\world\azeroth\elwynn\passivedoodads\bush\elwynnbush09.m2;19601.443359375;6.96466064453125;20123.97265625;0;57.52618408203125;0;;0.955078125;73993;m2;189700;0;
..\..\world\azeroth\elwynn\passivedoodads\bush\elwynnbush09.m2;19369.580078125;7.571166038513184;20216.626953125;0;199.781494140625;0;;1.02734375;79245;m2;189700;0;
..\..\world\azeroth\elwynn\passivedoodads\bush\elwynnbush09.m2;19247.21875;7.148565769195557;20096.888671875;0;240.025634765625;0;;0.962890625;79200;m2;189700;0;
..\..\world\azeroth\elwynn\passivedoodads\bush\elwynnbush09.m2;19376.96875;6.924801349639893;20164.974609375;0;7.943359375;0;;1.1611328125;79280;m2;189700;0;
..\..\world\azeroth\elwynn\passivedoodads\bush\elwynnbush09.m2;19610.970703125;6.99811315536499;20111.849609375;0;305.110595703125;0;;0.9423828125;73994;m2;189700;0;
..\..\world\azeroth\elwynn\passivedoodads\bush\elwynnbush09.m2;19715.447265625;6.679996490478516;20216.177734375;0;128.7197265625;0;;0.9326171875;73913;m2;189700;0;
..\..\world\azeroth\elwynn\passivedoodads\bush\elwynnbush09.m2;19407.408203125;7.311703205108643;20046.041015625;0;38.73895263671875;0;;0.9326171875;79135;m2;189700;0;
..\..\world\azeroth\elwynn\passivedoodads\bush\elwynnbush09.m2;19208.48828125;7.150633335113525;20182.40234375;0;251.47373962402344;0;;1.033203125;79296;m2;189700;0;
..\..\world\azeroth\elwynn\passivedoodads\bush\elwynnbush09.m2;19536.62890625;7.4776291847229;20064.962890625;0;299.0240173339844;0;;0.9619140625;73972;m2;189700;0;
..\..\world\azeroth\elwynn\passivedoodads\bush\elwynnbush09.m2;19245.81640625;7.359714031219482;20217.298828125;0;105.19730377197266;0;;1.0625;79270;m2;189700;0;
..\..\world\azeroth\elwynn\passivedoodads\bush\elwynnbush09.m2;19338.173828125;6.993247032165527;20233.884765625;0;256.9670715332031;0;;1.0849609375;79260;m2;189700;0;
..\..\world\azeroth\elwynn\passivedoodads\bush\elwynnbush09.m2;19536.572265625;6.898530006408691;20069.498046875;0;233.21389770507812;0;;0.9287109375;73971;m2;189700;0;
..\..\world\azeroth\elwynn\passivedoodads\bush\elwynnbush09.m2;19294.005859375;7.873359680175781;20194.162109375;0;26.983245849609375;0;;0.96484375;79235;m2;189700;0;
..\..\world\azeroth\elwynn\passivedoodads\bush\elwynnbush09.m2;19525.5703125;7.098237991333008;20239.384765625;0;241.76153564453125;0;;0.95703125;73947;m2;189700;0;
..\..\world\azeroth\elwynn\passivedoodads\bush\elwynnbush09.m2;19371.19140625;7.18387508392334;20028.880859375;0;323.3924560546875;0;;0.92578125;79131;m2;189700;0;
..\..\world\azeroth\elwynn\passivedoodads\bush\elwynnbush09.m2;19346.173828125;7.377464294433594;20235.5234375;0;297.74957275390625;0;;0.95703125;79259;m2;189700;0;
..\..\world\azeroth\elwynn\passivedoodads\bush\elwynnbush09.m2;19302.30078125;6.9339280128479;20069.892578125;0;273.0185852050781;0;;1.2216796875;79158;m2;189700;0;
..\..\world\azeroth\elwynn\passivedoodads\bush\elwynnbush09.m2;19461.634765625;7.253879070281982;20226.146484375;0;287.74072265625;0;;1.0244140625;72548;m2;189700;0;
..\..\world\azeroth\elwynn\passivedoodads\bush\elwynnbush09.m2;19264.451171875;7.175838947296143;20205.982421875;0;277.58905029296875;0;;1.1416015625;79233;m2;189700;0;
..\..\world\azeroth\elwynn\passivedoodads\bush\elwynnbush09.m2;19656.47265625;7.419985294342041;20081.17578125;0;142.04656982421875;0;;0.912109375;73982;m2;189700;0;
..\..\world\azeroth\elwynn\passivedoodads\bush\elwynnbush09.m2;19668.095703125;6.957932949066162;20085.232421875;0;127.478271484375;0;;0.9072265625;73983;m2;189700;0;
..\..\world\azeroth\elwynn\passivedoodads\bush\elwynnbush09.m2;19309.45703125;7.564189434051514;20227.681640625;0;121.80914306640625;0;;0.923828125;79264;m2;189700;0;
..\..\world\azeroth\elwynn\passivedoodads\bush\elwynnbush09.m2;19209.47265625;7.164677143096924;20168.87890625;0;356.92376708984375;0;;1.2021484375;79297;m2;189700;0;
..\..\world\azeroth\elwynn\passivedoodads\bush\elwynnbush09.m2;19289.72265625;7.807333469390869;20196.388671875;0;320.9753723144531;0;;0.9033203125;79236;m2;189700;0;
..\..\world\azeroth\elwynn\passivedoodads\bush\elwynnbush09.m2;19218.72265625;7.388943195343018;20207.453125;0;278.9733581542969;0;;1.1064453125;79272;m2;189700;0;
..\..\world\azeroth\elwynn\passivedoodads\bush\elwynnbush09.m2;19265.822265625;7.054966926574707;20106.78515625;0;261.4825439453125;0;;1.109375;79197;m2;189700;0;
..\..\world\azeroth\elwynn\passivedoodads\bush\elwynnbush09.m2;19212.943359375;7.318474769592285;20144.7578125;0;191.794189453125;0;;1.0625;79224;m2;189700;0;
..\..\world\azeroth\elwynn\passivedoodads\bush\elwynnbush09.m2;19199.86328125;7.064762115478516;20069.5390625;0;321.35986328125;0;;0.892578125;79215;m2;189700;0;
..\..\world\azeroth\elwynn\passivedoodads\bush\elwynnbush09.m2;19307.16015625;28.75002670288086;19933.36328125;0;130.79339599609375;0;;0.8818359375;88926;m2;189700;0;
..\..\world\azeroth\elwynn\passivedoodads\bush\elwynnbush09.m2;19359.322265625;7.466810703277588;20202.00390625;0;302.10028076171875;0;;0.8994140625;79244;m2;189700;0;
..\..\world\azeroth\elwynn\passivedoodads\bush\elwynnbush09.m2;19218.826171875;7.179640293121338;20070.041015625;0;99.6929931640625;0;;1.0703125;79213;m2;189700;0;
..\..\world\azeroth\elwynn\passivedoodads\bush\elwynnbush09.m2;19572.55859375;7.077450752258301;20200.61328125;0;145.48541259765625;0;;0.890625;73956;m2;189700;0;
..\..\world\azeroth\elwynn\passivedoodads\bush\elwynnbush09.m2;19405.236328125;7.327451229095459;20106.619140625;0;35.8934326171875;0;;0.8876953125;79137;m2;189700;0;
..\..\world\azeroth\elwynn\passivedoodads\bush\elwynnbush09.m2;19406.73828125;7.012004852294922;20196.283203125;0;274.73248291015625;0;;1.140625;79294;m2;189700;0;
..\..\world\azeroth\elwynn\passivedoodads\bush\elwynnbush09.m2;19734.1953125;6.925209999084473;20211.142578125;0;305.67095947265625;0;;0.8828125;73912;m2;189700;0;
..\..\world\azeroth\elwynn\passivedoodads\bush\elwynnbush09.m2;19598.77734375;7.905098915100098;20266.37109375;0;244.70596313476562;0;;0.9248046875;73931;m2;189700;0;
..\..\world\azeroth\elwynn\passivedoodads\bush\elwynnbush09.m2;19255.64453125;7.25097131729126;20116.650390625;0;105.80156707763672;0;;0.9921875;79195;m2;189700;0;
..\..\world\azeroth\elwynn\passivedoodads\bush\elwynnbush09.m2;19218.5859375;7.316769123077393;20154.53125;0;292.0804443359375;0;;0.939453125;79226;m2;189700;0;
..\..\world\azeroth\elwynn\passivedoodads\bush\elwynnbush09.m2;19698.484375;7.3322625160217285;20072.8125;0;318.7560729980469;0;;0.8681640625;74010;m2;189700;0;
..\..\world\azeroth\elwynn\passivedoodads\bush\elwynnbush09.m2;19556.8359375;7.97560977935791;20156.34375;0;334.8955078125;0;;0.916015625;73966;m2;189700;0;
..\..\world\azeroth\elwynn\passivedoodads\bush\elwynnbush09.m2;19317.072265625;6.939698696136475;20116.982421875;0;98.56137084960938;0;;1.06640625;79170;m2;189700;0;
..\..\world\azeroth\elwynn\passivedoodads\bush\elwynnbush09.m2;19571.9609375;7.262483596801758;20222.861328125;0;107.9219970703125;0;;0.9609375;73954;m2;189700;0;
..\..\world\azeroth\elwynn\passivedoodads\bush\elwynnbush09.m2;19653.00390625;6.993971347808838;20241.150390625;0;223.40281677246094;0;;0.8564453125;73924;m2;189700;0;
..\..\world\azeroth\elwynn\passivedoodads\bush\elwynnbush09.m2;19499.578125;7.365478515625;20237.89453125;6;334.5;-4;;0.849609375;72623;m2;189700;0;
..\..\world\khazmodan\wetlands\passivedoodads\bushes\wetlandsshrub04.m2;19291.712890625;30.458351135253906;19921.22265625;0;169.70587158203125;0;;0.546875;84635;m2;203493;0;
..\..\world\azeroth\elwynn\passivedoodads\bush\elwynnbush09.m2;19339.94140625;6.837276935577393;20067.783203125;0;111.657470703125;0;;0.927734375;79144;m2;189700;0;
..\..\world\azeroth\elwynn\passivedoodads\bush\elwynnbush09.m2;19389.662109375;7.529454708099365;20246.013671875;0;316.4927978515625;0;;0.853515625;79255;m2;189700;0;
..\..\world\azeroth\elwynn\passivedoodads\bush\elwynnbush09.m2;19306.01953125;7.30361270904541;20129.97265625;0;308.9559326171875;0;;0.857421875;79187;m2;189700;0;
..\..\world\azeroth\elwynn\passivedoodads\bush\elwynnbush09.m2;19646.115234375;6.94854211807251;20229.576171875;0;53.977691650390625;0;;0.8623046875;73921;m2;189700;0;
..\..\world\generic\dwarf\passivedoodads\tavernstuff\grainsacs01.m2;19634.5;33.85224151611328;19971.42578125;3.5;83;3.000000476837158;;1;83077;m2;197607;0;
..\..\world\azeroth\elwynn\passivedoodads\bush\elwynnbush09.m2;19407.01953125;7.16259241104126;20241.61328125;0;188.72889709472656;0;;1.0498046875;79250;m2;189700;0;
..\..\world\azeroth\elwynn\passivedoodads\bush\elwynnbush09.m2;19233.4609375;7.374849796295166;20213.548828125;0;158.02117919921875;0;;0.9208984375;79271;m2;189700;0;
..\..\world\azeroth\elwynn\passivedoodads\bush\elwynnbush09.m2;19669.720703125;7.035046100616455;20190.33984375;0;32.696319580078125;0;;0.8681640625;73915;m2;189700;0;
..\..\world\azeroth\elwynn\passivedoodads\bush\elwynnbush09.m2;19209.375;7.0712761878967285;20164.79296875;0;350.06805419921875;0;;1.033203125;79298;m2;189700;0;
..\..\world\azeroth\elwynn\passivedoodads\bush\elwynnbush09.m2;19270.154296875;7.456484317779541;20204.896484375;0;96.056396484375;0;;1.0859375;79234;m2;189700;0;
..\..\world\azeroth\elwynn\passivedoodads\bush\elwynnbush09.m2;19281.529296875;7.794567584991455;20221.033203125;0;201.89093017578125;0;;0.91796875;79266;m2;189700;0;
..\..\world\azeroth\elwynn\passivedoodads\bush\elwynnbush09.m2;19539.673828125;6.826621055603027;20066.544921875;0;106.38388061523438;0;;0.9599609375;73973;m2;189700;0;
..\..\world\azeroth\elwynn\passivedoodads\bush\elwynnbush09.m2;19364.138671875;6.855820178985596;20078.00390625;0;42.58428955078125;0;;0.8447265625;79141;m2;189700;0;
..\..\world\azeroth\elwynn\passivedoodads\bush\elwynnbush09.m2;19658.658203125;6.759649753570557;20263.90234375;0;208.97732543945312;0;;0.876953125;73899;m2;189700;0;
..\..\world\azeroth\elwynn\passivedoodads\bush\elwynnbush09.m2;19578.837890625;6.370274543762207;20097.005859375;0;163.2508544921875;0;;0.9501953125;73976;m2;189700;0;
..\..\world\azeroth\elwynn\passivedoodads\bush\elwynnbush09.m2;19596.62890625;6.873507499694824;20102.125;0;193.09060668945312;0;;0.9853515625;73978;m2;189700;0;
..\..\world\azeroth\elwynn\passivedoodads\bush\elwynnbush09.m2;19676.05078125;6.801192283630371;20099.01953125;0;232.44483947753906;0;;0.845703125;74001;m2;189700;0;
..\..\world\azeroth\elwynn\passivedoodads\bush\elwynnbush09.m2;19385.78515625;7.054995536804199;20033.298828125;0;309.4283447265625;0;;0.8427734375;79132;m2;189700;0;
..\..\world\azeroth\elwynn\passivedoodads\bush\elwynnbush09.m2;19633.48828125;6.853316307067871;20212.740234375;0;141.46429443359375;0;;0.841796875;73919;m2;189700;0;
..\..\world\azeroth\elwynn\passivedoodads\bush\elwynnbush09.m2;19571.21484375;7.00731897354126;20225.0859375;0;323.0408935546875;0;;0.84375;73953;m2;189700;0;
..\..\world\azeroth\elwynn\passivedoodads\bush\elwynnbush09.m2;19292.947265625;7.680999755859375;20119.2734375;0;98.79205322265625;0;;1.0302734375;79188;m2;189700;0;
..\..\world\azeroth\elwynn\passivedoodads\bush\elwynnbush09.m2;19643.662109375;6.850286960601807;20094.21875;0;218.3269805908203;0;;0.8388671875;73998;m2;189700;0;
..\..\world\azeroth\elwynn\passivedoodads\bush\elwynnbush09.m2;19405.25390625;7.236410617828369;20044.056640625;0;230.12664794921875;0;;0.8359375;79134;m2;189700;0;
..\..\world\azeroth\elwynn\passivedoodads\bush\elwynnbush09.m2;19308.693359375;7.499044895172119;20192.09765625;0;346.21173095703125;0;;0.96875;79237;m2;189700;0;
..\..\world\azeroth\elwynn\passivedoodads\bush\elwynnbush09.m2;19437.58984375;6.974046230316162;20103.41015625;0;349.0353088378906;0;;0.998046875;79113;m2;189700;0;
..\..\world\azeroth\elwynn\passivedoodads\bush\elwynnbush09.m2;19279.423828125;30.849477767944336;19920.5;0;305.5;0;;0.83984375;84630;m2;189700;0;
..\..\world\azeroth\elwynn\passivedoodads\bush\elwynnbush09.m2;19446.65625;6.98419189453125;20152.537109375;0;295.651123046875;0;;0.873046875;79172;m2;189700;0;
..\..\world\azeroth\elwynn\passivedoodads\bush\elwynnbush09.m2;19633.47265625;7.089011192321777;20214.666015625;0;281.4783020019531;0;;0.9853515625;73918;m2;189700;0;
..\..\world\azeroth\elwynn\passivedoodads\bush\elwynnbush09.m2;19339.728515625;7.161922931671143;20080.31640625;0;23.643310546875;0;;0.8740234375;79159;m2;189700;0;
..\..\world\azeroth\elwynn\passivedoodads\bush\elwynnbush09.m2;19393.734375;7.349292278289795;20123.37890625;0;337.2795715332031;0;;0.8779296875;79178;m2;189700;0;
..\..\world\azeroth\elwynn\passivedoodads\bush\elwynnbush09.m2;19556.1171875;7.900476932525635;20179.892578125;0;209.94415283203125;0;;0.8408203125;73964;m2;189700;0;
..\..\world\azeroth\elwynn\passivedoodads\bush\elwynnbush09.m2;19434.53125;6.823815822601318;20209.95703125;0;57.44927978515625;0;;0.8271484375;79295;m2;189700;0;
..\..\world\azeroth\elwynn\passivedoodads\bush\elwynnbush09.m2;19250.43359375;7.296714782714844;20085.0546875;0;147.8365478515625;0;;0.826171875;79210;m2;189700;0;
..\..\world\azeroth\elwynn\passivedoodads\bush\elwynnbush09.m2;19690.0234375;7.168598651885986;20100.115234375;0;333.4122619628906;0;;0.8486328125;74002;m2;189700;0;
..\..\world\azeroth\elwynn\passivedoodads\bush\elwynnbush09.m2;19454.4609375;7.193774700164795;20192.17578125;0;112.73416137695312;0;;0.865234375;72538;m2;189700;0;
..\..\world\azeroth\elwynn\passivedoodads\bush\elwynnbush09.m2;19304.638671875;6.965181350708008;20036.197265625;0;112.73416137695312;0;;0.865234375;79152;m2;189700;0;
..\..\world\azeroth\elwynn\passivedoodads\bush\elwynnbush09.m2;19287.861328125;30.65419578552246;19921.435546875;0;101.48104858398438;0;;0.958984375;84631;m2;189700;0;
..\..\world\azeroth\elwynn\passivedoodads\bush\elwynnbush09.m2;19569.80859375;7.030924320220947;20149.318359375;0;54.10931396484375;0;;0.810546875;73985;m2;189700;0;
..\..\world\azeroth\elwynn\passivedoodads\bush\elwynnbush09.m2;19260.56640625;7.316681861877441;20138.96484375;0;285.70819091796875;0;;0.9140625;79193;m2;189700;0;
..\..\world\azeroth\elwynn\passivedoodads\bush\elwynnbush09.m2;19652.62890625;7.17783784866333;20245.50390625;0;238.09197998046875;0;;0.8193359375;73922;m2;189700;0;
..\..\world\azeroth\elwynn\passivedoodads\bush\elwynnbush09.m2;19313.978515625;7.444075107574463;20192.912109375;0;203.64878845214844;0;;0.85546875;79238;m2;189700;0;
..\..\world\azeroth\elwynn\passivedoodads\bush\elwynnbush09.m2;19308.1171875;7.12138557434082;20044.79296875;0;9.239776611328125;0;;0.9794921875;79154;m2;189700;0;
..\..\world\azeroth\elwynn\passivedoodads\bush\elwynnbush09.m2;19378.005859375;7.0224080085754395;20110;0;42.815032958984375;0;;0.7978515625;79163;m2;189700;0;
..\..\world\azeroth\elwynn\passivedoodads\bush\elwynnbush09.m2;19237.97265625;7.10769510269165;20076.443359375;0;79.664306640625;0;;0.9619140625;79211;m2;189700;0;
..\..\world\azeroth\elwynn\passivedoodads\bush\elwynnbush09.m2;19374.947265625;7.227162837982178;20163.091796875;0;245.8595428466797;0;;0.8486328125;79281;m2;189700;0;
..\..\world\azeroth\elwynn\passivedoodads\bush\elwynnbush09.m2;19352.9140625;6.958377361297607;20117.662109375;0;77.99432373046875;0;;0.943359375;79165;m2;189700;0;
..\..\world\azeroth\elwynn\passivedoodads\bush\elwynnbush09.m2;19460.033203125;7.276826858520508;20263.572265625;10.000000953674316;177.45660400390625;-3.500000238418579;;0.9560546875;72584;m2;189700;0;
..\..\world\azeroth\elwynn\passivedoodads\bush\elwynnbush09.m2;19621.509765625;6.861410617828369;20098.9609375;0;11.5360107421875;0;;0.939453125;73996;m2;189700;0;
..\..\world\azeroth\elwynn\passivedoodads\bush\elwynnbush09.m2;19380.951171875;7.108985424041748;20108.35546875;0;203.9124755859375;0;;0.8427734375;79162;m2;189700;0;
..\..\world\azeroth\elwynn\passivedoodads\bush\elwynnbush09.m2;19360.283203125;7.198343276977539;20138.728515625;0;21.53387451171875;0;;0.85546875;79181;m2;189700;0;
..\..\world\azeroth\elwynn\passivedoodads\bush\elwynnbush09.m2;19333.349609375;7.039450168609619;20061.18359375;0;218.5357208251953;0;;0.7890625;79145;m2;189700;0;
..\..\world\azeroth\elwynn\passivedoodads\bush\elwynnbush09.m2;19391.26953125;7.039340019226074;19995.37890625;0;288.6745910644531;0;;0.873046875;79124;m2;189700;0;
..\..\world\azeroth\elwynn\passivedoodads\bush\elwynnbush09.m2;19568.103515625;6.5196003913879395;20149.693359375;0;82.58673095703125;0;;0.984375;73986;m2;189700;0;
..\..\world\azeroth\elwynn\passivedoodads\bush\elwynnbush09.m2;19472.798828125;7.692795753479004;20213.580078125;-5.499999523162842;182.7411651611328;-16.500001907348633;;0.90234375;72567;m2;189700;0;
..\..\world\azeroth\elwynn\passivedoodads\bush\elwynnbush09.m2;19327.095703125;6.98345422744751;20051.19921875;0;182.7411651611328;0;;1.0517578125;79147;m2;189700;0;
..\..\world\azeroth\elwynn\passivedoodads\bush\elwynnbush09.m2;19297.69140625;6.388791561126709;20022.568359375;0;285.2247619628906;0;;0.8994140625;79149;m2;189700;0;
..\..\world\azeroth\elwynn\passivedoodads\bush\elwynnbush09.m2;19576.955078125;6.825389385223389;20092.2265625;0;133.64178466796875;0;;0.783203125;73975;m2;189700;0;
..\..\world\azeroth\elwynn\passivedoodads\bush\elwynnbush09.m2;19596.21875;6.771925926208496;20128.6875;0;193.3433074951172;0;;0.9150390625;73991;m2;189700;0;
..\..\world\azeroth\elwynn\passivedoodads\bush\elwynnbush09.m2;19571.1171875;7.054076671600342;20241.80859375;0;141.02481079101562;0;;0.7841796875;73934;m2;189700;0;
..\..\world\azeroth\elwynn\passivedoodads\bush\elwynnbush09.m2;19307.046875;6.918112754821777;20038.322265625;0;64.90921020507812;0;;0.828125;79153;m2;189700;0;
..\..\world\azeroth\elwynn\passivedoodads\bush\elwynnbush09.m2;19393.8046875;6.564419269561768;19996.982421875;0;240.89358520507812;0;;0.80859375;79123;m2;189700;0;
..\..\world\azeroth\elwynn\passivedoodads\bush\elwynnbush09.m2;19679.259765625;6.993436336517334;20260.01953125;0;305.39630126953125;0;;0.7890625;73902;m2;189700;0;
..\..\world\azeroth\elwynn\passivedoodads\bush\elwynnbush09.m2;19498.50390625;7.649210453033447;20252.55078125;-6;343.11346435546875;1.0000001192092896;;0.8251953125;72605;m2;189700;0;
..\..\world\azeroth\elwynn\passivedoodads\bush\elwynnbush09.m2;19365.375;7.2223029136657715;20136.12890625;0;44.2982177734375;0;;0.7763671875;79183;m2;189700;0;
..\..\world\azeroth\elwynn\passivedoodads\bush\elwynnbush09.m2;19378.66015625;7.465597629547119;20127.67578125;0;105.07708740234375;0;;0.8916015625;79180;m2;189700;0;
..\..\world\azeroth\elwynn\passivedoodads\bush\elwynnbush09.m2;19523.326171875;7.0091352462768555;20240.384765625;0;98.27569580078125;0;;0.9609375;73946;m2;189700;0;
..\..\world\azeroth\elwynn\passivedoodads\bush\elwynnbush09.m2;19459.72265625;7.132643699645996;20218.126953125;0;358.82958984375;0;;1.0615234375;72545;m2;189700;0;
..\..\world\azeroth\elwynn\passivedoodads\bush\elwynnbush09.m2;19585.072265625;7.135218143463135;20137.572265625;0;116.3377685546875;0;;0.8115234375;73989;m2;189700;0;
..\..\world\azeroth\elwynn\passivedoodads\bush\elwynnbush09.m2;19580.65625;7.146708011627197;20192.5546875;0;20.720855712890625;0;;0.841796875;73958;m2;189700;0;
..\..\world\azeroth\elwynn\passivedoodads\bush\elwynnbush09.m2;19204.666015625;7.032671928405762;20130.08984375;0;85.21255493164062;0;;1.0009765625;79222;m2;189700;0;
..\..\world\azeroth\elwynn\passivedoodads\bush\elwynnbush09.m2;19422.78515625;6.6792778968811035;20197.642578125;0;166.36004638671875;0;;0.89453125;79287;m2;189700;0;
..\..\world\azeroth\elwynn\passivedoodads\bush\elwynnbush09.m2;19410.125;6.8504414558410645;20023.01953125;0;217.6018524169922;0;;0.7724609375;79122;m2;189700;0;
..\..\world\azeroth\elwynn\passivedoodads\bush\elwynnbush09.m2;19360.853515625;6.583755016326904;20077.904296875;0;220.5242919921875;0;;0.767578125;79142;m2;189700;0;
..\..\world\azeroth\elwynn\passivedoodads\bush\elwynnbush09.m2;19623.212890625;6.965437412261963;20086.00390625;0;321.60162353515625;0;;0.7685546875;73980;m2;189700;0;
..\..\world\azeroth\elwynn\passivedoodads\bush\elwynnbush09.m2;19364.0625;7.220514297485352;20090.40625;0;274.5567321777344;0;;0.9990234375;79161;m2;189700;0;
..\..\world\azeroth\elwynn\passivedoodads\bush\elwynnbush09.m2;19570.73828125;6.7959136962890625;20221.2265625;0;233.36773681640625;0;;0.7705078125;73955;m2;189700;0;
..\..\world\azeroth\elwynn\passivedoodads\bush\elwynnbush09.m2;19582.150390625;6.740481853485107;20137.7734375;0;291.3003845214844;0;;0.83203125;73988;m2;189700;0;
..\..\world\azeroth\elwynn\passivedoodads\bush\elwynnbush09.m2;19202.40234375;7.088501930236816;20084.1953125;0;242.65142822265625;0;;0.7978515625;79204;m2;189700;0;
..\..\world\azeroth\elwynn\passivedoodads\bush\elwynnbush09.m2;19560.33203125;7.260430335998535;20223.068359375;0;282.8736267089844;0;;0.89453125;73951;m2;189700;0;
..\..\world\azeroth\elwynn\passivedoodads\bush\elwynnbush09.m2;19460.87890625;6.749258995056152;20151.42578125;0;297.80450439453125;0;;0.7939453125;79108;m2;189700;0;
..\..\world\azeroth\elwynn\passivedoodads\bush\elwynnbush09.m2;19409.16796875;7.428595066070557;20255.34765625;0;285.2247619628906;0;;0.869140625;79251;m2;189700;0;
..\..\world\azeroth\elwynn\passivedoodads\bush\elwynnbush09.m2;19602.53515625;6.9633049964904785;20122.095703125;0;165.30535888671875;0;;0.873046875;73992;m2;189700;0;
..\..\world\azeroth\elwynn\passivedoodads\bush\elwynnbush09.m2;19713.384765625;6.868174076080322;20075.71484375;0;68.66665649414062;0;;0.8232421875;74007;m2;189700;0;
..\..\world\azeroth\elwynn\passivedoodads\bush\elwynnbush09.m2;19362.1875;6.821745872497559;19997.185546875;0;177.45660400390625;0;;1.015625;79128;m2;189700;0;
..\..\world\azeroth\elwynn\passivedoodads\bush\elwynnbush09.m2;19572.73828125;7.125105381011963;20243.923828125;0;356.3853759765625;0;;0.9990234375;73933;m2;189700;0;
..\..\world\azeroth\elwynn\passivedoodads\bush\elwynnbush09.m2;19553.9609375;7.308259010314941;20134.353515625;0;15.117645263671875;0;;0.865234375;73967;m2;189700;0;
..\..\world\azeroth\elwynn\passivedoodads\bush\elwynnbush09.m2;19685.29296875;6.843923568725586;20202.98828125;0;5.46038818359375;0;;0.9677734375;73914;m2;189700;0;
..\..\world\azeroth\elwynn\passivedoodads\bush\elwynnbush09.m2;19247.958984375;7.559379577636719;20218.30078125;0;119.17233276367188;0;;0.7763671875;79269;m2;189700;0;
..\..\world\generic\goblin\passivedoodads\goblintents\goblintent03.m2;19530.361328125;9.398905754089355;20252.2109375;4.5;326.5;1.5000001192092896;;1;383421;m2;197793;0;
..\..\world\azeroth\elwynn\passivedoodads\bush\elwynnbush09.m2;19295.896484375;7.269980430603027;20225.2421875;0;247.71627807617188;0;;0.8076171875;79265;m2;189700;0;
..\..\world\azeroth\elwynn\passivedoodads\bush\elwynnbush09.m2;19319.64453125;6.910664081573486;20034.96875;0;0.32958984375;0;;1.0419921875;79148;m2;189700;0;
..\..\world\azeroth\elwynn\passivedoodads\bush\elwynnbush09.m2;19333.87109375;6.8859782218933105;20121.30859375;0;336.202880859375;0;;0.7978515625;79167;m2;189700;0;
..\..\world\azeroth\elwynn\passivedoodads\bush\elwynnbush09.m2;19585.69140625;6.704336643218994;20135.728515625;0;287.74072265625;0;;0.8349609375;73990;m2;189700;0;
..\..\world\azeroth\elwynn\passivedoodads\bush\elwynnbush09.m2;19710.4140625;6.839509963989258;20074.17578125;0;83.18002319335938;0;;0.943359375;74009;m2;189700;0;
..\..\world\azeroth\elwynn\passivedoodads\bush\elwynnbush09.m2;19312.2734375;7.177145957946777;20193.49609375;0;55.988037109375;0;;0.7578125;79239;m2;189700;0;
..\..\world\azeroth\elwynn\passivedoodads\bush\elwynnbush09.m2;19620.416015625;6.982285976409912;20100.66796875;0;145.15579223632812;0;;0.75390625;73995;m2;189700;0;
..\..\world\azeroth\elwynn\passivedoodads\bush\elwynnbush09.m2;19260.2890625;7.435418128967285;20220.046875;0;250.07839965820312;0;;0.818359375;79268;m2;189700;0;
..\..\world\azeroth\elwynn\passivedoodads\bush\elwynnbush09.m2;19567.74609375;6.7394585609436035;20164.521484375;0;164.7230224609375;0;;0.849609375;73962;m2;189700;0;
..\..\world\azeroth\elwynn\passivedoodads\bush\elwynnbush09.m2;19537.806640625;7.163336277008057;20227.7421875;0;236.38905334472656;0;;0.75390625;73949;m2;189700;0;
..\..\world\azeroth\elwynn\passivedoodads\bush\elwynnbush09.m2;19439.21875;6.898966312408447;20114.0234375;0;185.6636199951172;0;;0.9521484375;79112;m2;189700;0;
..\..\world\azeroth\elwynn\passivedoodads\bush\elwynnbush09.m2;19210.71875;7.432337284088135;20140;0;286.9716491699219;0;;0.8349609375;79223;m2;189700;0;
..\..\world\azeroth\elwynn\passivedoodads\bush\elwynnbush09.m2;19284.513671875;30.89579963684082;19917.62890625;0;290.46112060546875;0;;0.80859375;84633;m2;189700;0;
..\..\world\azeroth\elwynn\passivedoodads\bush\elwynnbush09.m2;19668.041015625;6.908355236053467;20188.24609375;0;5.85589599609375;0;;0.9453125;73916;m2;189700;0;
..\..\world\azeroth\elwynn\passivedoodads\bush\elwynnbush09.m2;19711.3046875;6.46214485168457;20090.78125;0;20.918609619140625;0;;0.8037109375;74005;m2;189700;0;
..\..\world\azeroth\elwynn\passivedoodads\bush\elwynnbush09.m2;19353.712890625;6.990394115447998;20074.189453125;0;337.68609619140625;0;;0.794921875;79143;m2;189700;0;
..\..\world\azeroth\elwynn\passivedoodads\bush\elwynnbush09.m2;19296.56640625;31.10392189025879;19903.638671875;0;342.7488098144531;0;;0.8291015625;84632;m2;189700;0;
..\..\world\azeroth\elwynn\passivedoodads\bush\elwynnbush09.m2;19653.95703125;6.78333854675293;20244.517578125;0;285.98284912109375;0;;0.8359375;73923;m2;189700;0;
..\..\world\azeroth\elwynn\passivedoodads\bush\elwynnbush09.m2;19627.515625;7.063381195068359;20094.94140625;0;117.91986083984375;0;;0.7646484375;73997;m2;189700;0;
..\..\world\azeroth\elwynn\passivedoodads\bush\elwynnbush09.m2;19595.201171875;6.89361572265625;20266.76171875;0;288.26806640625;0;;0.8115234375;68440633;m2;189700;0;
..\..\world\azeroth\elwynn\passivedoodads\bush\elwynnbush09.m2;19544.458984375;6.85643196105957;20093.671875;0;357.3851623535156;0;;0.9755859375;73970;m2;189700;0;
..\..\world\azeroth\elwynn\passivedoodads\bush\elwynnbush09.m2;19251.48046875;7.74697208404541;20204.00390625;0;346.99176025390625;0;;0.8505859375;79232;m2;189700;0;
..\..\world\azeroth\elwynn\passivedoodads\bush\elwynnbush09.m2;19221.50390625;7.11491060256958;20070.76171875;0;281.1816711425781;0;;0.86328125;79212;m2;189700;0;
..\..\world\azeroth\duskwood\buildings\gnolltent\gnolltent02.m2;19232.783203125;9.33908748626709;20106.30859375;-6;316.5;-0.5;;1;80784;m2;189359;0;
..\..\world\azeroth\elwynn\passivedoodads\bush\elwynnbush09.m2;19428.263671875;7.039514541625977;20061.412109375;0;179.9066162109375;0;;1.009765625;79115;m2;189700;0;
..\..\world\azeroth\elwynn\passivedoodads\bush\elwynnbush09.m2;19499.96875;7.475477695465088;20251.1640625;0;145.30963134765625;0;;0.7294921875;72606;m2;189700;0;
..\..\world\azeroth\elwynn\passivedoodads\bush\elwynnbush09.m2;19651.357421875;6.949545383453369;20081.755859375;0;280.1928405761719;0;;0.8701171875;73981;m2;189700;0;
..\..\world\azeroth\elwynn\passivedoodads\bush\elwynnbush09.m2;19663.5859375;6.942896366119385;20100.09765625;0;267.0747985839844;0;;0.9580078125;73999;m2;189700;0;
..\..\world\azeroth\elwynn\passivedoodads\bush\elwynnbush09.m2;19328.083984375;7.585720539093018;20196.24609375;0;347.6070556640625;0;;0.8466796875;79241;m2;189700;0;
..\..\world\azeroth\elwynn\passivedoodads\bush\elwynnbush09.m2;19558.564453125;6.873117446899414;20078.859375;0;0.878936767578125;0;;0.9873046875;73974;m2;189700;0;
..\..\world\azeroth\elwynn\passivedoodads\bush\elwynnbush09.m2;19421.35546875;6.886303424835205;20111.498046875;0;4.29534912109375;0;;0.93359375;79120;m2;189700;0;
..\..\world\azeroth\elwynn\passivedoodads\bush\elwynnbush09.m2;19297.787109375;6.740919589996338;20054.791015625;0;278.31414794921875;0;;0.8828125;79155;m2;189700;0;
..\..\world\azeroth\elwynn\passivedoodads\bush\elwynnbush09.m2;19413.736328125;6.864805698394775;20124.26953125;0;162.03131103515625;0;;0.7939453125;79176;m2;189700;0;
..\..\world\azeroth\elwynn\passivedoodads\bush\elwynnbush09.m2;19221.83203125;7.229697227478027;20167.95703125;0;77.22528076171875;0;;0.8359375;79228;m2;189700;0;
..\..\world\khazmodan\lochmodan\passivedoodads\fences\lochmodanstonefence01.m2;19313.28515625;30.888898849487305;19910.986328125;0;188.5;-12;;1;84299;m2;203307;0;
..\..\world\azeroth\elwynn\passivedoodads\bush\elwynnbush09.m2;19716.853515625;6.775634765625;20082.30859375;0;10.19561767578125;0;;0.857421875;74006;m2;189700;0;
..\..\world\azeroth\elwynn\passivedoodads\bush\elwynnbush09.m2;19321.337890625;7.480249404907227;20230.72265625;0;82.76254272460938;0;;0.890625;79263;m2;189700;0;
..\..\world\azeroth\elwynn\passivedoodads\bush\elwynnbush09.m2;19719.2890625;6.7098388671875;20262.34375;0;69.44671630859375;0;;0.7724609375;73904;m2;189700;0;
..\..\world\azeroth\elwynn\passivedoodads\bush\elwynnbush09.m2;19583.505859375;7.049349308013916;20258.28515625;0;197.7050018310547;0;;0.791015625;73932;m2;189700;0;
..\..\world\azeroth\elwynn\passivedoodads\bush\elwynnbush09.m2;19289.36328125;6.962839603424072;20097.93359375;0;176.149169921875;0;;0.9306640625;79207;m2;189700;0;
..\..\world\khazmodan\lochmodan\passivedoodads\fences\lochmodanstonefence01.m2;19360.05078125;26.547290802001953;19940.529296875;0.5;178.5;13;;1;84343;m2;203307;0;
..\..\world\azeroth\elwynn\passivedoodads\bush\elwynnbush09.m2;19397.421875;6.628810882568359;20179.96484375;0;181.85125732421875;0;;0.95703125;79277;m2;189700;0;
..\..\world\azeroth\elwynn\passivedoodads\bush\elwynnbush09.m2;19666.232421875;6.912506580352783;20099.75;0;16.183349609375;0;;0.7958984375;74000;m2;189700;0;
..\..\world\azeroth\elwynn\passivedoodads\bush\elwynnbush09.m2;19459.060546875;6.5910325050354;20149.8046875;0;349.56268310546875;0;;0.83984375;79109;m2;189700;0;
..\..\world\azeroth\elwynn\passivedoodads\bush\elwynnbush09.m2;19295.20703125;7.0454487800598145;20027.337890625;0;287.74072265625;0;;0.7744140625;79151;m2;189700;0;
..\..\world\azeroth\elwynn\passivedoodads\bush\elwynnbush09.m2;19423.228515625;7.219667434692383;20221.521484375;0;96.04541015625;0;;0.880859375;79290;m2;189700;0;
..\..\world\azeroth\elwynn\passivedoodads\bush\elwynnbush09.m2;19602.701171875;7.08803129196167;20098.392578125;0;69.55657958984375;0;;0.75390625;73979;m2;189700;0;
..\..\world\khazmodan\lochmodan\passivedoodads\fences\lochmodanstonefence01.m2;19270.57421875;23.5422306060791;19959.021484375;0;0;-1.5000001192092896;;1;84333;m2;203307;0;
..\..\world\azeroth\elwynn\passivedoodads\bush\elwynnbush09.m2;19296.041015625;30.36070442199707;19920.662109375;0;0.711090087890625;0;;0.955078125;84634;m2;189700;0;
..\..\world\khazmodan\lochmodan\passivedoodads\fences\lochmodanstonefence01.m2;19348.30859375;26.181434631347656;19948.7578125;0;182;0;;1;84348;m2;203307;0;
..\..\world\khazmodan\lochmodan\passivedoodads\fences\lochmodanstonefence01.m2;19298.78515625;30.876543045043945;19905.20703125;-1.0000001192092896;0;-1;;1;84301;m2;203307;0;
..\..\world\azeroth\elwynn\passivedoodads\bush\elwynnbush09.m2;19711.361328125;6.7879462242126465;20093.01171875;0;200.47364807128906;0;;0.751953125;74004;m2;189700;0;
..\..\world\azeroth\duskwood\buildings\gnolltent\gnolltent02.m2;19319.55859375;9.274876594543457;20091.8515625;0;114;0;;1;80744;m2;189359;0;
..\..\world\azeroth\elwynn\passivedoodads\bush\elwynnbush09.m2;19470.193359375;7.212005615234375;20209.361328125;1.0000001192092896;189.0357208251953;-7.500000476837158;;0.779296875;72920;m2;189700;0;
..\..\world\khazmodan\wetlands\passivedoodads\bushes\wetlandsshrub07.m2;19461.833984375;6.439614772796631;20220.10546875;0;243.9149169921875;0;;1.474609375;72550;m2;203496;0;
..\..\world\azeroth\elwynn\passivedoodads\bush\elwynnbush09.m2;19572.244140625;6.928939342498779;20177.76953125;0;76.0716552734375;0;;0.79296875;73960;m2;189700;0;
..\..\world\azeroth\elwynn\passivedoodads\bush\elwynnbush09.m2;19439.72265625;7.048243045806885;20118.7890625;0;276.4024353027344;0;;0.8681640625;79111;m2;189700;0;
..\..\world\khazmodan\lochmodan\passivedoodads\fences\lochmodanstonefence01.m2;19229.892578125;23.413745880126953;19945.16796875;0;108.5;0;;1;84565;m2;203307;0;
..\..\world\azeroth\elwynn\passivedoodads\bush\elwynnbush09.m2;19278.1328125;7.705470561981201;20220.26953125;0;76.8187255859375;0;;0.7978515625;79267;m2;189700;0;
..\..\world\azeroth\elwynn\passivedoodads\bush\elwynnbush09.m2;19583.736328125;7.084798336029053;20190.4921875;0;187.8499755859375;0;;0.849609375;73957;m2;189700;0;
..\..\world\azeroth\elwynn\passivedoodads\bush\elwynnbush09.m2;19560.31640625;7.33897590637207;20221.30078125;0;256.066162109375;0;;0.787109375;73950;m2;189700;0;
..\..\world\khazmodan\wetlands\passivedoodads\bushes\wetlandsshrub06.m2;19467.0703125;7.1054253578186035;20239.828125;0;310.39520263671875;0;;1.4951171875;72612;m2;203495;0;
..\..\world\azeroth\elwynn\passivedoodads\bush\elwynnbush09.m2;19394.384765625;7.433032512664795;20232.982421875;0;287.8285827636719;0;;0.75390625;79248;m2;189700;0;
..\..\world\azeroth\elwynn\passivedoodads\bush\elwynnbush09.m2;19353.25390625;26.808923721313477;19938.96484375;0;20.87310791015625;0;;0.7353515625;88923;m2;189700;0;
..\..\world\azeroth\elwynn\passivedoodads\bush\elwynnbush09.m2;19199.720703125;7.558412551879883;20200.58984375;0;174.20452880859375;0;;0.8623046875;79274;m2;189700;0;
..\..\world\azeroth\elwynn\passivedoodads\bush\elwynnbush09.m2;19568.89453125;7.095000267028809;20170.263671875;0;286.94964599609375;0;;0.7578125;73963;m2;189700;0;
..\..\world\azeroth\elwynn\passivedoodads\bush\elwynnbush09.m2;19417.55859375;6.905043601989746;20125.478515625;0;197.15567016601562;0;;0.75390625;79175;m2;189700;0;
..\..\world\azeroth\elwynn\passivedoodads\bush\elwynnbush09.m2;19347.9609375;7.3629150390625;20199.369140625;0;10.73394775390625;0;;0.8037109375;79242;m2;189700;0;
..\..\world\azeroth\elwynn\passivedoodads\bush\elwynnbush09.m2;19377.669921875;7.509533405303955;20226.1328125;0;8.49267578125;0;;0.8212890625;79246;m2;189700;0;
..\..\world\azeroth\elwynn\passivedoodads\bush\elwynnbush09.m2;19591.962890625;7.014279365539551;20179.423828125;0;349.3429260253906;0;;0.798828125;73959;m2;189700;0;
..\..\world\khazmodan\wetlands\passivedoodads\bushes\wetlandsshrub07.m2;19470.291015625;7.213194847106934;20205.462890625;0;273.0185852050781;0;;1.4716796875;72568;m2;203496;0;
..\..\world\khazmodan\wetlands\passivedoodads\bushes\wetlandsshrub06.m2;19468.40234375;6.989954948425293;20248.701171875;0;319.0307312011719;0;;1.4658203125;72621;m2;203495;0;
..\..\world\khazmodan\wetlands\passivedoodads\bushes\wetlandsshrub06.m2;19429.912109375;7.058061599731445;20260.8984375;0;315.2732849121094;0;;1.4755859375;72578;m2;203495;0;
..\..\world\khazmodan\lochmodan\passivedoodads\fences\lochmodanstonefence01.m2;19298.53125;30.557918548583984;19923.08203125;0;296;0;;1;84304;m2;203307;0;
..\..\world\khazmodan\wetlands\passivedoodads\bushes\wetlandshrub01.m2;19621.259765625;10.736641883850098;20253.02734375;0;137.50909423828125;0;;1.7392578125;68840;m2;203484;0;
..\..\world\azeroth\elwynn\passivedoodads\bush\elwynnbush09.m2;19351.35546875;26.27996826171875;19949.46875;0;287.0485534667969;0;;0.7412109375;88925;m2;189700;0;
..\..\world\khazmodan\lochmodan\passivedoodads\fences\lochmodanstonefence01.m2;19434.896484375;25.024887084960938;19967.8359375;6.999999523162842;118.5;4.999999523162842;;1;84336;m2;203307;0;
..\..\world\azeroth\elwynn\passivedoodads\bush\elwynnbush09.m2;19558.447265625;7.109626770019531;20181.73828125;0;79.708251953125;0;;0.7900390625;73965;m2;189700;0;
..\..\world\azeroth\elwynn\passivedoodads\bush\elwynnbush09.m2;19224.3359375;7.3116135597229;20083.810546875;0;189.3441619873047;0;;0.7978515625;79202;m2;189700;0;
..\..\world\azeroth\elwynn\passivedoodads\bush\elwynnbush09.m2;19639.26953125;6.805021286010742;20177.73828125;0;12.1072998046875;0;;0.76953125;73917;m2;189700;0;
..\..\world\azeroth\elwynn\passivedoodads\bush\elwynnbush09.m2;19710.83984375;7.189078330993652;20072.650390625;0;84.4544677734375;0;;0.8310546875;74008;m2;189700;0;
..\..\world\azeroth\elwynn\passivedoodads\bush\elwynnbush09.m2;19522.2421875;7.138838291168213;20229.25390625;0;256.5715637207031;0;;0.751953125;73948;m2;189700;0;
..\..\world\azeroth\elwynn\passivedoodads\bush\elwynnbush09.m2;19348.990234375;7.431728839874268;20235.724609375;0;352.9905090332031;0;;0.8095703125;79258;m2;189700;0;
..\..\world\khazmodan\wetlands\passivedoodads\bushes\wetlandsshrub07.m2;19496.34375;7.583222389221191;20254.83203125;0;31.48779296875;0;;1.37109375;72603;m2;203496;0;
..\..\world\azeroth\elwynn\passivedoodads\bush\elwynnbush09.m2;19573.099609375;6.977529048919678;20145.03125;0;4.987945556640625;0;;0.8251953125;73987;m2;189700;0;
..\..\world\khazmodan\wetlands\passivedoodads\bushes\wetlandsshrub06.m2;19474.7734375;6.268496513366699;20225.39453125;0;161.89947509765625;0;;1.46484375;72572;m2;203495;0;
..\..\world\khazmodan\wetlands\passivedoodads\bushes\wetlandsshrub06.m2;19444.09375;6.797784805297852;20252.53515625;0;47.90185546875;0;;1.4072265625;72588;m2;203495;0;
..\..\world\khazmodan\lochmodan\passivedoodads\fences\lochmodanstonefence01.m2;19443.544921875;24.698869705200195;19969.109375;-0.5000002384185791;145;4.999999523162842;;1;84338;m2;203307;0;
..\..\world\azeroth\elwynn\passivedoodads\bush\elwynnbush09.m2;19239.607421875;7.927140235900879;20198.4921875;0;171.8863525390625;0;;0.779296875;79231;m2;189700;0;
..\..\world\azeroth\elwynn\passivedoodads\bush\elwynnbush09.m2;19569.171875;7.338374614715576;20167.69140625;0;170.68878173828125;0;;0.7626953125;73961;m2;189700;0;
..\..\world\azeroth\elwynn\passivedoodads\bush\elwynnbush09.m2;19714.1796875;7.070498943328857;20090.859375;0;177.36871337890625;0;;0.8359375;74003;m2;189700;0;
..\..\world\azeroth\elwynn\passivedoodads\bush\elwynnbush09.m2;19404.80078125;6.996331691741943;20210.232421875;0;172.6883544921875;0;;0.78125;79292;m2;189700;0;
..\..\world\khazmodan\wetlands\passivedoodads\bushes\wetlandsshrub06.m2;19490.92578125;6.655039310455322;20240.267578125;0;292.9374084472656;0;;1.3984375;72615;m2;203495;0;
..\..\world\khazmodan\wetlands\passivedoodads\trees\wetlandstreestump03.m2;19703.169921875;33.70109939575195;19942.626953125;0;217.41448974609375;0;;1.212890625;83031;m2;203541;0;
..\..\world\azeroth\elwynn\passivedoodads\bush\elwynnbush09.m2;19289.69140625;7.575967788696289;20118.357421875;0;260.5047607421875;0;;0.75;79189;m2;189700;0;
..\..\world\azeroth\duskwood\buildings\gnolltent\gnolltent02.m2;19342.298828125;9.402531623840332;20163.576171875;-3.000000238418579;7;0.5000000596046448;;1;80723;m2;189359;0;
..\..\world\khazmodan\wetlands\passivedoodads\bushes\wetlandsshrub07.m2;19468.4140625;6.616961479187012;20251.111328125;0;261.4825439453125;0;;1.359375;72622;m2;203496;0;
..\..\world\azeroth\duskwood\buildings\gnolltent\gnolltent03.m2;19227.56640625;9.459190368652344;20104.61328125;2;39.5;-1.000000238418579;;1;80785;m2;189361;0;
..\..\world\khazmodan\wetlands\passivedoodads\bushes\wetlandsshrub07.m2;19466.75;6.465260982513428;20261.18359375;0;23.950927734375;0;;1.31640625;72626;m2;203496;0;
..\..\world\azeroth\elwynn\passivedoodads\bush\elwynnbush09.m2;19677.048828125;6.9454169273376465;20260.37890625;0;182.23577880859375;0;;0.8173828125;73901;m2;189700;0;
..\..\world\azeroth\duskwood\buildings\gnolltent\gnolltent03.m2;19574.333984375;11.362682342529297;20063.359375;0;39.5;0;;1;82243;m2;189361;0;
..\..\world\azeroth\elwynn\passivedoodads\bush\elwynnbush09.m2;19291.974609375;6.967817783355713;20061.908203125;0;269.52484130859375;0;;0.8388671875;79157;m2;189700;0;
..\..\world\azeroth\duskwood\buildings\gnolltent\gnolltent03.m2;19586.8984375;11.392095565795898;20062.859375;0;316;0;;1;82241;m2;189361;0;
..\..\world\azeroth\elwynn\passivedoodads\bush\elwynnbush09.m2;19632.119140625;6.690290927886963;20207.052734375;0;267.2176208496094;0;;0.8056640625;73920;m2;189700;0;
..\..\world\azeroth\elwynn\passivedoodads\bush\elwynnbush09.m2;19405.92578125;7.58612585067749;20254.412109375;0;5.29559326171875;0;;0.7734375;79252;m2;189700;0;
..\..\world\khazmodan\wetlands\passivedoodads\bushes\wetlandshrub01.m2;19702.291015625;33.6655158996582;19938.455078125;0;31.3779296875;0;;1.5859375;83034;m2;203484;0;
..\..\world\khazmodan\wetlands\passivedoodads\bushes\wetlandsshrub06.m2;19461.0546875;6.659163475036621;20262.3984375;0;244.95864868164062;0;;1.3212890625;72596;m2;203495;0;
..\..\world\khazmodan\wetlands\passivedoodads\bushes\wetlandshrub01.m2;19657.0546875;49.94730758666992;19910.599609375;0;141.95867919921875;0;;1.544921875;83027;m2;203484;0;
..\..\world\khazmodan\wetlands\passivedoodads\bushes\wetlandsshrub07.m2;19433.994140625;6.701961517333984;20260.484375;0;188.72889709472656;0;;1.2998046875;72599;m2;203496;0;
..\..\world\azeroth\duskwood\buildings\gnolltent\gnolltent02.m2;19637.12890625;33.85199737548828;19975.69140625;0;92.5;0;;1;101717;m2;189359;0;
..\..\world\azeroth\elwynn\passivedoodads\bush\elwynnbush09.m2;19689.984375;6.700838088989258;20258.45703125;0;89.31057739257812;0;;0.80078125;73903;m2;189700;0;
..\..\world\azeroth\elwynn\passivedoodads\bush\elwynnbush09.m2;19343.24609375;26.676803588867188;19940.224609375;0;233.72274780273438;0;;0.5830078125;88922;m2;189700;0;
..\..\world\azeroth\duskwood\buildings\gnolltent\gnolltent02.m2;19642.224609375;33.86021423339844;19970.416015625;0;358;0;;1;101716;m2;189359;0;
..\..\world\khazmodan\wetlands\passivedoodads\bushes\wetlandsshrub07.m2;19533.03515625;6.716846466064453;20228.611328125;0;118.26043701171875;0;;1.2265625;73650;m2;203496;0;
..\..\world\khazmodan\wetlands\passivedoodads\bushes\wetlandsshrub06.m2;19457.189453125;6.840631484985352;20199.25390625;0;313.0869445800781;0;;1.26953125;72539;m2;203495;0;
..\..\world\khazmodan\lochmodan\passivedoodads\fences\lochmodanstonefence01.m2;19301.73828125;29.99759864807129;19927.43359375;-3;135.5;11.5;;0.9892578125;84306;m2;203307;0;
..\..\world\azeroth\duskwood\buildings\gnolltent\gnolltent02.m2;19580.50390625;11.391910552978516;20061.03125;0;0;0;;1;82244;m2;189359;0;
..\..\world\khazmodan\lochmodan\passivedoodads\fences\lochmodanstonefence01.m2;19439.12890625;25.26772117614746;19965.373046875;0;315.5;0;;1;84337;m2;203307;0;
..\..\world\khazmodan\wetlands\passivedoodads\bushes\wetlandshrub01.m2;19633.84765625;10.655705451965332;20267.47265625;0;235.59800720214844;0;;1.4892578125;68443618;m2;203484;0;
..\..\world\khazmodan\lochmodan\passivedoodads\fences\lochmodanstonefence01.m2;19232.53125;23.593400955200195;19949.396484375;0;135;-0.5;;1;84564;m2;203307;0;
..\..\world\azeroth\elwynn\passivedoodads\bush\elwynnbush09.m2;19203.76171875;7.0185747146606445;20101.30078125;0;271.65625;0;;0.759765625;79219;m2;189700;0;
..\..\world\khazmodan\wetlands\passivedoodads\bushes\wetlandsshrub07.m2;19466.33203125;6.567598342895508;20233.9765625;0;9.239776611328125;0;;1.2294921875;72586;m2;203496;0;
..\..\world\khazmodan\wetlands\passivedoodads\bushes\wetlandsshrub06.m2;19494.701171875;7.561098575592041;20255.541015625;0;310.6808776855469;0;;1.2216796875;72604;m2;203495;0;
..\..\world\azeroth\duskwood\buildings\gnolltent\gnolltent03.m2;19339.853515625;9.752774238586426;20178.03125;-3.000000238418579;345.5;-4.5;;1;80725;m2;189361;0;
..\..\world\khazmodan\wetlands\passivedoodads\bushes\wetlandsshrub06.m2;19471.556640625;6.786135196685791;20261.01171875;0;240.025634765625;0;;1.212890625;72625;m2;203495;0;
..\..\world\khazmodan\wetlands\passivedoodads\bushes\wetlandsshrub06.m2;19569.22265625;7.275838375091553;20155.646484375;0;69.99603271484375;0;;1.232421875;73658;m2;203495;0;
..\..\world\khazmodan\wetlands\passivedoodads\bushes\wetlandshrub01.m2;19311.298828125;30.67254066467285;19916.787109375;0;65.18386840820312;0;;1.478515625;84292;m2;203484;0;
..\..\world\generic\orc\passivedoodads\roasts\roasttallstrider01.m2;19579.501953125;11.392095565795898;20066.072265625;0;57;0;;1;82260;m2;199234;0;
..\..\world\khazmodan\wetlands\passivedoodads\bushes\wetlandsshrub06.m2;19475.23828125;6.63197135925293;20228.115234375;0;98.56137084960938;0;;1.31640625;72571;m2;203495;0;
..\..\world\khazmodan\wetlands\passivedoodads\bushes\wetlandshrub01.m2;19437.26953125;8.246927261352539;20222.033203125;0;30.10345458984375;0;;1.4248046875;72561;m2;203484;0;
..\..\world\khazmodan\wetlands\passivedoodads\bushes\wetlandshrub01.m2;19642.89453125;48.16761779785156;19923.00390625;0;14.897918701171875;0;;1.55859375;83028;m2;203484;0;
..\..\world\khazmodan\wetlands\passivedoodads\bushes\wetlandsshrub07.m2;19472.3125;6.435423851013184;20218.0546875;0;295.651123046875;0;;1.123046875;72573;m2;203496;0;
..\..\world\khazmodan\wetlands\passivedoodads\bushes\wetlandsshrub07.m2;19470.28125;6.509999752044678;20212.916015625;0;23.643310546875;0;;1.1240234375;72569;m2;203496;0;
..\..\world\khazmodan\wetlands\passivedoodads\bushes\wetlandsshrub06.m2;19597.23046875;6.77611780166626;20131.08984375;0;196.1229248046875;0;;1.2041015625;73659;m2;203495;0;
..\..\world\khazmodan\wetlands\passivedoodads\bushes\wetlandsshrub06.m2;19619.06640625;6.753320693969727;20104.09765625;0;300.6830139160156;0;;1.1279296875;73660;m2;203495;0;
..\..\world\khazmodan\wetlands\passivedoodads\bushes\wetlandsshrub07.m2;19466.1875;6.3322248458862305;20232.197265625;0;278.31414794921875;0;;1.1328125;72549;m2;203496;0;
..\..\world\khazmodan\wetlands\passivedoodads\bushes\wetlandsshrub06.m2;19489.361328125;6.859774112701416;20237.73046875;0;77.99432373046875;0;;1.193359375;72614;m2;203495;0;
..\..\world\azeroth\duskwood\buildings\gnolltent\gnolltent03.m2;19588.658203125;11.392095565795898;20067.966796875;0;263.5;0;;1;82242;m2;189361;0;
..\..\world\khazmodan\wetlands\passivedoodads\bushes\wetlandsshrub06.m2;19463.23828125;6.492545127868652;20224.216796875;0;274.5567321777344;0;;1.2490234375;72552;m2;203495;0;
..\..\world\khazmodan\wetlands\passivedoodads\bushes\wetlandsshrub06.m2;19385.34375;6.506562232971191;20106.880859375;0;49.70208740234375;0;;1.0849609375;74865;m2;203495;0;
..\..\world\khazmodan\wetlands\passivedoodads\bushes\wetlandsshrub07.m2;19457.599609375;6.629421710968018;20205.443359375;0;269.52484130859375;0;;1.0888671875;72551;m2;203496;0;
..\..\world\khazmodan\wetlands\passivedoodads\bushes\wetlandsshrub06.m2;19462.6953125;6.346435070037842;20252.86328125;0;203.9124755859375;0;;1.0927734375;72587;m2;203495;0;
..\..\world\khazmodan\wetlands\passivedoodads\bushes\wetlandsshrub06.m2;19574.662109375;6.28814697265625;20246.453125;0;134.65252685546875;0;;1.0859375;73652;m2;203495;0;
..\..\world\khazmodan\wetlands\passivedoodads\trees\wetlandstreestump03.m2;19227.55859375;23.650545120239258;19945.515625;0;294.5;0;;1;84571;m2;203541;0;
..\..\world\azeroth\duskwood\buildings\gnolltent\gnolltent03.m2;19337.298828125;9.535429000854492;20168.37109375;4.5;91;-2;;1;80724;m2;189361;0;
..\..\world\khazmodan\wetlands\passivedoodads\bushes\wetlandsshrub07.m2;19410.642578125;6.349898338317871;20253.025390625;0;345.5;0;;1.0693359375;72916;m2;203496;0;
..\..\world\khazmodan\wetlands\passivedoodads\bushes\wetlandsshrub06.m2;19583.083984375;7.129599094390869;20177.28125;0;345.0032043457031;0;;1.12109375;73656;m2;203495;0;
..\..\world\khazmodan\wetlands\passivedoodads\bushes\wetlandsshrub07.m2;19455.509765625;6.812885761260986;20262.435546875;0;189.3441619873047;0;;1.0478515625;72595;m2;203496;0;
..\..\world\khazmodan\wetlands\passivedoodads\bushes\wetlandsshrub06.m2;19469.826171875;6.495262622833252;20247.896484375;0;42.815032958984375;0;;1.0478515625;72613;m2;203495;0;
..\..\world\azeroth\duskwood\buildings\gnolltent\gnolltent03.m2;19263.00390625;9.135252952575684;20176.87109375;-3.499999761581421;0;-0.4999999403953552;;1;82123;m2;189361;0;
..\..\world\khazmodan\wetlands\passivedoodads\trees\wetlandstreestump03.m2;19570.125;10.898844718933105;20056.775390625;0;250;0;;1;82252;m2;203541;0;
..\..\world\azeroth\duskwood\buildings\gnolltent\gnolltent03.m2;19256.59375;9.274189949035645;20167.9609375;0;92.5;1;;1;82122;m2;189361;0;
..\..\world\khazmodan\wetlands\passivedoodads\bushes\wetlandsshrub07.m2;19470.44921875;6.595752716064453;20246.15234375;0;162.03131103515625;0;;1.0439453125;72620;m2;203496;0;
..\..\world\khazmodan\wetlands\passivedoodads\bushes\wetlandshrub01.m2;19683.87109375;17.255460739135742;20032.9765625;0;311.5;0;;1.2392578125;83104;m2;203484;0;
..\..\world\khazmodan\wetlands\passivedoodads\bushes\wetlandsshrub07.m2;19553.931640625;6.752058029174805;20229.36328125;0;29.75189208984375;0;;1.0048828125;73649;m2;203496;0;
..\..\world\khazmodan\wetlands\passivedoodads\trees\wetlandstreestump03.m2;19700.12890625;12.749650955200195;20028.767578125;0;289.5;0;;1;188814;m2;203541;0;
..\..\world\khazmodan\wetlands\passivedoodads\bushes\wetlandsshrub06.m2;19571.1484375;6.569247722625732;20233.62890625;0;0.736083984375;0;;1.1904296875;73653;m2;203495;0;
..\..\world\khazmodan\wetlands\passivedoodads\bushes\wetlandshrub01.m2;19457.236328125;9.372281074523926;20234.26953125;0;26.46685791015625;0;;1.2783203125;72590;m2;203484;0;
..\..\world\khazmodan\wetlands\passivedoodads\bushes\wetlandsshrub07.m2;19558.337890625;6.887392997741699;20228.27734375;0;340.94915771484375;0;;1.041015625;73648;m2;203496;0;
..\..\world\khazmodan\wetlands\passivedoodads\bushes\wetlandsshrub06.m2;19667.50390625;7.105855464935303;20101.62890625;0;186.4436798095703;0;;1.1767578125;73661;m2;203495;0;
..\..\world\azeroth\duskwood\buildings\gnolltent\gnolltent03.m2;19323.248046875;9.302452087402344;20094.47265625;0;182;0;;1;80745;m2;189361;0;
..\..\world\khazmodan\wetlands\passivedoodads\bushes\wetlandsshrub06.m2;19572.5234375;6.79191780090332;20205.43359375;0;39.683837890625;0;;1.02734375;73655;m2;203495;0;
..\..\world\khazmodan\wetlands\passivedoodads\bushes\wetlandshrub01.m2;19435.0234375;9.274426460266113;20238.833984375;0;281.1926574707031;0;;1.4150390625;72591;m2;203484;0;
..\..\world\khazmodan\wetlands\passivedoodads\bushes\wetlandshrub01.m2;19632.70703125;33.87831497192383;19958.875;0;52.867828369140625;0;;1.2236328125;83036;m2;203484;0;
..\..\world\khazmodan\wetlands\passivedoodads\bushes\wetlandsshrub07.m2;19268.568359375;6.646791458129883;20104.76953125;0;43.7489013671875;0;;0.994140625;74852;m2;203496;0;
..\..\world\khazmodan\wetlands\passivedoodads\bushes\wetlandshrub01.m2;19606.673828125;34.26820755004883;19976.33203125;0;112.316650390625;0;;1.287109375;83020;m2;203484;0;
..\..\world\khazmodan\wetlands\passivedoodads\bushes\wetlandshrub01.m2;19238.43359375;15.753646850585938;20261.51171875;0;20;0;;1.2998046875;103518;m2;203484;0;
..\..\world\khazmodan\wetlands\passivedoodads\bushes\wetlandshrub01.m2;19389.5546875;9.663446426391602;20070.99609375;0;227.19320678710938;0;;1.2099609375;80759;m2;203484;0;
..\..\world\generic\orc\passivedoodads\bongs\hookahbong01.m2;19577.90234375;11.378155708312988;20060.22265625;0;336.20269775390625;0;;1.1748046875;82259;m2;199118;0;
..\..\world\khazmodan\lochmodan\passivedoodads\fences\lochmodanwoodfence01.m2;19468.84765625;17.146507263183594;20016.30859375;3.499999523162842;101;7.500000953674316;;1;84881;m2;203311;0;
..\..\world\khazmodan\lochmodan\passivedoodads\fences\lochmodanwoodfence01.m2;19475.45703125;10.311238288879395;20078.73828125;1.9999995231628418;255.5;-6.000000476837158;;1;84889;m2;203311;0;
..\..\world\khazmodan\lochmodan\passivedoodads\fences\lochmodanwoodfence01.m2;19477.697265625;11.166138648986816;20071.0625;0.49999988079071045;258;-5;;1;84891;m2;203311;0;
..\..\world\khazmodan\lochmodan\passivedoodads\fences\lochmodanwoodfence01.m2;19508.0703125;9.408802032470703;20201.611328125;2;72.5;-6.000000476837158;;1;84908;m2;203311;0;
..\..\world\khazmodan\wetlands\passivedoodads\bushes\wetlandsshrub06.m2;19269.3984375;6.841742038726807;20107.75;0;71.391357421875;0;;1.03515625;74851;m2;203495;0;
..\..\world\khazmodan\wetlands\passivedoodads\bushes\wetlandsshrub07.m2;19300.78515625;31.12962532043457;19903.75;0;278;0;;1;101745;m2;203496;0;
..\..\world\khazmodan\wetlands\passivedoodads\bushes\wetlandsshrub07.m2;19507.49609375;6.726918697357178;20234.66015625;0;0;0;;1;72629;m2;203496;0;
..\..\world\khazmodan\wetlands\passivedoodads\bushes\wetlandsshrub07.m2;19428.1484375;6.972615718841553;20249.71875;0;0;0;;1;72908;m2;203496;0;
..\..\world\khazmodan\wetlands\passivedoodads\bushes\wetlandsshrub07.m2;19299.171875;31.13753890991211;19904.076171875;0;0;0;;1;101744;m2;203496;0;
..\..\world\khazmodan\lochmodan\passivedoodads\fences\lochmodanwoodfence01.m2;19477.08203125;30.647151947021484;19958.828125;-4.2688682810876344e-7;66.5;6.5;;1;84879;m2;203311;0;
..\..\world\khazmodan\lochmodan\passivedoodads\fences\lochmodanwoodfence01.m2;19564.21875;64.48300170898438;19812.72265625;-0.5000001192092896;276.5;-4.5;;1;125963;m2;203311;0;
..\..\world\khazmodan\lochmodan\passivedoodads\fences\lochmodanwoodfence01.m2;19565.32421875;62.28413391113281;19828.2265625;2.499999761581421;269.5;-7.000000476837158;;1;125964;m2;203311;0;
..\..\world\khazmodan\lochmodan\passivedoodads\fences\lochmodanwoodfence01.m2;19564.91015625;63.04300308227539;19820.7578125;0.49999967217445374;274.5;-4.5;;1;125967;m2;203311;0;
..\..\world\khazmodan\wetlands\passivedoodads\bushes\wetlandshrub01.m2;19567.91015625;11.177445411682129;20058.240234375;0;126.09393310546875;0;;1.17578125;82253;m2;203484;0;
..\..\world\khazmodan\wetlands\passivedoodads\bushes\wetlandsshrub06.m2;19568.916015625;6.84359884262085;20235.56640625;0;111.28394317626953;0;;1.0078125;73654;m2;203495;0;
..\..\world\khazmodan\lochmodan\passivedoodads\fences\lochmodanwoodfence01.m2;19228.40234375;15.809125900268555;20259.658203125;0;352;2.5000007152557373;;1;81463;m2;203311;0;
..\..\world\khazmodan\lochmodan\passivedoodads\fences\lochmodanwoodfence01.m2;19486.013671875;34.75624465942383;19945.89453125;5;56;13.5;;1;84875;m2;203311;0;
..\..\world\khazmodan\lochmodan\passivedoodads\fences\lochmodanwoodfence01.m2;19236.013671875;15.863200187683105;20261.052734375;-2.999999761581421;350.5;1.5000001192092896;;1;81461;m2;203311;0;
..\..\world\khazmodan\lochmodan\passivedoodads\fences\lochmodanwoodfence01.m2;19478.99609375;11.764159202575684;20063.1015625;0;269;-3.9999983310699463;;1;84887;m2;203311;0;
..\..\world\khazmodan\wetlands\passivedoodads\bushes\wetlandsshrub06.m2;19411.658203125;6.701964378356934;20254.603515625;0;21;0;;1;72917;m2;203495;0;
..\..\world\khazmodan\lochmodan\passivedoodads\fences\lochmodanwoodfence01.m2;19481.390625;32.683631896972656;19951.828125;2.999999523162842;55.5;13.499999046325684;;1;84877;m2;203311;0;
..\..\world\khazmodan\lochmodan\passivedoodads\fences\lochmodanwoodfence01.m2;19470.130859375;16.270885467529297;20024.201171875;0;103.5;0;;1;84883;m2;203311;0;
..\..\world\khazmodan\wetlands\passivedoodads\bushes\wetlandsshrub06.m2;19545.296875;6.712802410125732;20227.22265625;0;284.7193908691406;0;;1.03125;73651;m2;203495;0;
..\..\world\khazmodan\lochmodan\passivedoodads\fences\lochmodanwoodfence01.m2;19505.423828125;9.406922340393066;20209.154296875;0;74;0;;1;84906;m2;203311;0;
..\..\world\khazmodan\lochmodan\passivedoodads\fences\lochmodanwoodfence01.m2;19487.2578125;10.883627891540527;20128.005859375;2.5;268;-3.000000476837158;;1;84893;m2;203311;0;
..\..\world\khazmodan\lochmodan\passivedoodads\fences\lochmodanwoodfence01.m2;19565.71875;58.35302734375;19870.068359375;-0.49999988079071045;244.5;-2.5;;1;125970;m2;203311;0;
..\..\world\generic\human\passivedoodads\cargoboxes\deadminecargoboxes.m2;19535.732421875;9.674849510192871;20256.00390625;2;231.5940704345703;-3;;1;383427;m2;198085;0;
..\..\world\khazmodan\wetlands\passivedoodads\bushes\wetlandshrub01.m2;19365.08203125;10.378568649291992;20253.568359375;0;134.56463623046875;0;;1.154296875;81667;m2;203484;0;
..\..\world\khazmodan\wetlands\passivedoodads\bushes\wetlandsshrub06.m2;19327.837890625;6.259642124176025;20230.466796875;0;199.5;0;;1;75133;m2;203495;0;
..\..\world\khazmodan\lochmodan\passivedoodads\fences\lochmodanwoodfence01.m2;19557.05078125;69.75454711914062;19777.20703125;1.999999761581421;302;-7.000000953674316;;1;125957;m2;203311;0;
..\..\world\khazmodan\wetlands\passivedoodads\bushes\wetlandshrub01.m2;19240.1171875;8.67192554473877;20102.955078125;0;34.47613525390625;0;;1.15625;81134;m2;203484;0;
..\..\world\khazmodan\wetlands\passivedoodads\bushes\wetlandsshrub06.m2;19429.1796875;6.832897186279297;20259.810546875;0;287.8285827636719;0;;1.00390625;72577;m2;203495;0;
..\..\world\khazmodan\lochmodan\passivedoodads\fences\lochmodanwoodfence01.m2;19488.00390625;10.893909454345703;20121.64453125;0;276;0;;1;84895;m2;203311;0;
..\..\world\khazmodan\lochmodan\passivedoodads\fences\lochmodanwoodfence01.m2;19503.568359375;9.062806129455566;20217.00390625;0;85;0;;1;84904;m2;203311;0;
..\..\world\khazmodan\wetlands\passivedoodads\bushes\wetlandsshrub06.m2;19468.478515625;6.708070755004883;20244.017578125;0;197.15567016601562;0;;1.00390625;72619;m2;203495;0;
..\..\world\generic\dwarf\passivedoodads\lampposts\lochlamppost.m2;19228.431640625;15.772442817687988;20262.22265625;0;353.5;0;;1;103517;m2;197411;0;
..\..\world\generic\dwarf\passivedoodads\lampposts\lochlamppost.m2;19467.8359375;16.57229995727539;20023.783203125;0;11;0;;1;103509;m2;197411;0;
..\..\world\generic\dwarf\passivedoodads\lampposts\lochlamppost.m2;19486.193359375;10.906984329223633;20121.421875;0;0;0;;1;103510;m2;197411;0;
..\..\world\generic\dwarf\passivedoodads\lampposts\lochlamppost.m2;19519.1171875;46.60945510864258;19913.662109375;0;42;0;;1;103508;m2;197411;0;
..\..\world\khazmodan\lochmodan\passivedoodads\fences\lochmodanwoodfence01.m2;19547.8359375;72.78202056884766;19764.685546875;-0.0000021344342258089455;305;-10.500001907348633;;1;125956;m2;203311;0;
..\..\world\khazmodan\lochmodan\passivedoodads\fences\lochmodanwoodfence01.m2;19512.099609375;9.348258972167969;20167.49609375;2;300;-2.499999761581421;;1;84902;m2;203311;0;
..\..\world\khazmodan\lochmodan\passivedoodads\fences\lochmodanwoodfence01.m2;19220.37109375;15.81110954284668;20258.9140625;0;3;0;;1;81465;m2;203311;0;
..\..\world\khazmodan\wetlands\passivedoodads\bushes\wetlandsshrub06.m2;19568.87890625;6.769619464874268;20167.12890625;0;14.70013427734375;0;;1.0048828125;73657;m2;203495;0;
..\..\world\khazmodan\lochmodan\passivedoodads\fences\lochmodanwoodfence01.m2;19513.94140625;44.482398986816406;19920.669921875;3.000000238418579;52;12.5;;1;84873;m2;203311;0;
..\..\world\khazmodan\wetlands\passivedoodads\bushes\wetlandshrub01.m2;19347.22265625;8.861899375915527;20151.21875;0;323.3924560546875;0;;1.1298828125;80763;m2;203484;0;
..\..\world\khazmodan\lochmodan\passivedoodads\fences\lochmodanwoodfence01.m2;19561.82421875;57.24866485595703;19877.23046875;1;239.99998474121094;-2.000000238418579;;1;125974;m2;203311;0;
..\..\world\khazmodan\wetlands\passivedoodads\bushes\wetlandshrub01.m2;19247.013671875;8.561318397521973;20116.74609375;0;49.44000244140625;0;;1.1181640625;81128;m2;203484;0;
..\..\world\khazmodan\lochmodan\passivedoodads\fences\lochmodanstonefence02.m2;19355.552734375;26.628482818603516;19940.53515625;-9.500000953674316;174.5;-19;;1;84342;m2;203308;0;
..\..\world\khazmodan\lochmodan\passivedoodads\fences\lochmodanwoodfence01.m2;19552.69140625;71.20040893554688;19771.12890625;0.9999998807907104;307;-7.500000953674316;;1;125960;m2;203311;0;
..\..\world\khazmodan\wetlands\passivedoodads\bushes\wetlandsshrub06.m2;19243.30859375;6.237098217010498;20213.58203125;0;193.5;0;;1;75119;m2;203495;0;
..\..\world\khazmodan\lochmodan\passivedoodads\fences\lochmodanwoodfence01.m2;19485.599609375;10.893909454345703;20114.744140625;0;300.5;0;;1;84897;m2;203311;0;
..\..\world\khazmodan\lochmodan\passivedoodads\fences\lochmodanwoodfence01.m2;19503.326171875;9.5423002243042;20154.66015625;-0.49999985098838806;303;-2.499999761581421;;1;84898;m2;203311;0;
..\..\world\khazmodan\wetlands\passivedoodads\bushes\wetlandshrub01.m2;19606.90625;33.90705871582031;19964.89453125;0;321.35986328125;0;;1.1083984375;83021;m2;203484;0;
..\..\world\khazmodan\wetlands\passivedoodads\bushes\wetlandshrub01.m2;19229.529296875;24.096067428588867;19950.7421875;0;244.68399047851562;0;;1.1533203125;84574;m2;203484;0;
..\..\world\khazmodan\wetlands\passivedoodads\bushes\wetlandshrub01.m2;19453.708984375;9.409699440002441;20223.494140625;0;308.9559326171875;0;;1.107421875;72558;m2;203484;0;
..\..\world\khazmodan\wetlands\passivedoodads\bushes\wetlandshrub01.m2;19257.392578125;29.845855712890625;19915.220703125;0;32.663330078125;0;;1.119140625;84310;m2;203484;0;
..\..\world\khazmodan\lochmodan\passivedoodads\fences\lochmodanstonefence02.m2;19305.814453125;30.717445373535156;19910.24609375;11.499999046325684;351.5;-13.499999046325684;;1;84298;m2;203308;0;
..\..\world\generic\dwarf\passivedoodads\lampposts\lochlamppost.m2;19563.51953125;62.8459358215332;19820.4609375;0;359.0945739746094;0;;0.966796875;125969;m2;197411;0;
..\..\world\generic\dwarf\passivedoodads\lampposts\lochlamppost.m2;19560.484375;57.27275848388672;19875.77734375;0;321.0945739746094;0;;0.966796875;125976;m2;197411;0;
..\..\world\generic\dwarf\passivedoodads\lampposts\lochlamppost.m2;19506.603515625;9.593832015991211;20161.72265625;0;29.594573974609375;0;;0.966796875;103511;m2;197411;0;
..\..\world\generic\dwarf\passivedoodads\lampposts\lochlamppost.m2;19551.357421875;70.62020111083984;19771.62890625;0;31.594573974609375;0;;0.966796875;125962;m2;197411;0;
..\..\world\khazmodan\wetlands\passivedoodads\bushes\wetlandshrub01.m2;19609.267578125;34.5292854309082;19982.33203125;0;57.66900634765625;0;;1.1123046875;83018;m2;203484;0;
..\..\world\khazmodan\wetlands\passivedoodads\bushes\wetlandshrub01.m2;19659.83984375;48.30641555786133;19915.4921875;0;218.8872833251953;0;;1.0947265625;83025;m2;203484;0;
..\..\world\khazmodan\lochmodan\passivedoodads\fences\lochmodanstonefence02.m2;19247.71875;23.969846725463867;19958.50390625;-1;352.5;-8.499999046325684;;1;84569;m2;203308;0;
..\..\world\khazmodan\lochmodan\passivedoodads\fences\lochmodanstonefence02.m2;19344.49609375;26.014766693115234;19949.29296875;-2.5;197.5;-7.000000476837158;;1;84346;m2;203308;0;
..\..\world\khazmodan\wetlands\passivedoodads\bushes\wetlandshrub01.m2;19733.3359375;15.1920166015625;20125.65625;0;165.64593505859375;0;;1.2158203125;82357;m2;203484;0;
..\..\world\khazmodan\wetlands\passivedoodads\bushes\wetlandshrub01.m2;19702.509765625;12.856008529663086;20029.169921875;0;154.7691650390625;0;;1.125;188816;m2;203484;0;
..\..\world\khazmodan\lochmodan\passivedoodads\fences\lochmodanwoodfence01.m2;19525.58984375;47.946956634521484;19910.458984375;1.999999761581421;38.5;6;;1;84869;m2;203311;0;
..\..\world\khazmodan\lochmodan\passivedoodads\fences\lochmodanwoodfence01.m2;19507.953125;9.603184700012207;20161.26953125;0;305;0;;1;84900;m2;203311;0;
..\..\world\khazmodan\wetlands\passivedoodads\bushes\wetlandshrub01.m2;19448.298828125;9.541404724121094;20218.87890625;0;98.79205322265625;0;;1.2802734375;72559;m2;203484;0;
..\..\world\khazmodan\lochmodan\passivedoodads\fences\lochmodanwoodfence01.m2;19519.75390625;46.395381927490234;19915.0625;4.000000476837158;41;11.5;;1;84871;m2;203311;0;
..\..\world\khazmodan\wetlands\passivedoodads\bushes\wetlandshrub01.m2;19689.330078125;15.948291778564453;20032.9765625;0;335;0;;1.119140625;83102;m2;203484;0;
..\..\world\khazmodan\wetlands\passivedoodads\bushes\wetlandshrub01.m2;19584.09375;10.611329078674316;20082.666015625;0;328.64404296875;0;;1.0830078125;74766;m2;203484;0;
..\..\world\khazmodan\wetlands\passivedoodads\bushes\wetlandshrub01.m2;19309.642578125;30.702144622802734;19916.89453125;0;200.46266174316406;0;;1.1416015625;84291;m2;203484;0;
..\..\world\khazmodan\lochmodan\passivedoodads\fences\lochmodanwoodfence01.m2;19557.232421875;56.07467269897461;19883.09765625;1.500001072883606;223.00001525878906;-10.000000953674316;;1;125971;m2;203311;0;
..\..\world\khazmodan\wetlands\passivedoodads\bushes\wetlandsshrub06.m2;19385.240234375;6.563534259796143;20103.9765625;0;209.18606567382812;0;;0.8896484375;74864;m2;203495;0;
..\..\world\khazmodan\wetlands\passivedoodads\bushes\wetlandshrub01.m2;19309.40625;9.953421592712402;20087.62890625;0;230.12664794921875;0;;1.0595703125;80766;m2;203484;0;
..\..\world\khazmodan\wetlands\passivedoodads\bushes\wetlandshrub01.m2;19700.92578125;34.045963287353516;19943.45703125;0;281.2585754394531;0;;1.2236328125;83033;m2;203484;0;
..\..\world\generic\tauren\passivedoodads\taurenrugs\taurenrug02.m2;19532.455078125;9.577392578125;20254.54296875;1.499999761581421;217.6376953125;-3.9999990463256836;;1;383434;m2;200537;0;
..\..\world\khazmodan\wetlands\passivedoodads\bushes\wetlandshrub01.m2;19436.287109375;9.145954132080078;20238.8125;0;285.70819091796875;0;;1.1640625;72592;m2;203484;0;
..\..\world\khazmodan\wetlands\passivedoodads\bushes\wetlandshrub01.m2;19565.267578125;9.6149263381958;20264.103515625;0;8.14111328125;0;;1.25;68848;m2;203484;0;
..\..\world\khazmodan\wetlands\passivedoodads\bushes\wetlandsshrub06.m2;19390.7890625;6.636322498321533;20243.83203125;0;4.5;0;;1;72910;m2;203495;0;
..\..\world\khazmodan\wetlands\passivedoodads\bushes\wetlandsshrub06.m2;19500.966796875;6.8550825119018555;20238.93359375;0;0;0;;1;72628;m2;203495;0;
..\..\world\khazmodan\wetlands\passivedoodads\bushes\wetlandsshrub06.m2;19444.5625;6.881155967712402;20262.62890625;0;0;0;;1;72918;m2;203495;0;
..\..\world\khazmodan\lochmodan\passivedoodads\fences\lochmodanwoodfence01.m2;19472.97265625;16.048025131225586;20031.580078125;0;130.5;0;;1;84885;m2;203311;0;
..\..\world\khazmodan\wetlands\passivedoodads\bushes\wetlandshrub01.m2;19588.50390625;9.235007286071777;20091.11328125;0;32.487548828125;0;;1.044921875;74765;m2;203484;0;
..\..\world\khazmodan\wetlands\passivedoodads\bushes\wetlandshrub01.m2;19239.26953125;9.231125831604004;20112.47265625;0;153.208984375;0;;1.0625;81133;m2;203484;0;
..\..\world\generic\orc\passivedoodads\bongs\hookahbong01.m2;19261.90234375;9.089388847351074;20166.8671875;0;0;0;;1;82137;m2;199118;0;
..\..\world\khazmodan\wetlands\passivedoodads\bushes\wetlandsshrub07.m2;19269.892578125;6.734569072723389;20105.8828125;0;119.54586791992188;0;;0.8330078125;74853;m2;203496;0;
..\..\world\khazmodan\wetlands\passivedoodads\bushes\wetlandshrub01.m2;19529.572265625;80.39122009277344;19742.259765625;0;107.9219970703125;0;;1.1142578125;126000;m2;203484;0;
..\..\world\khazmodan\wetlands\passivedoodads\bushes\wetlandshrub01.m2;19528.0625;80.11698150634766;19734.39453125;0;139.8272705078125;0;;1.0224609375;126002;m2;203484;0;
..\..\world\khazmodan\wetlands\passivedoodads\bushes\wetlandshrub01.m2;19678.046875;9.459501266479492;20186.943359375;0;245.1453857421875;0;;1.056640625;81126;m2;203484;0;
..\..\world\khazmodan\wetlands\passivedoodads\bushes\wetlandshrub01.m2;19367.47265625;10.654230117797852;20253.353515625;0;72.5009765625;0;;1.09765625;81668;m2;203484;0;
..\..\world\khazmodan\wetlands\passivedoodads\bushes\wetlandshrub01.m2;19732.587890625;17.72673225402832;20141.01171875;0;340.8722229003906;0;;1.08203125;82358;m2;203484;0;
..\..\world\khazmodan\wetlands\passivedoodads\bushes\wetlandshrub01.m2;19390.73828125;9.651153564453125;20070.23046875;0;48.20947265625;0;;1;80758;m2;203484;0;
..\..\world\khazmodan\wetlands\passivedoodads\bushes\wetlandshrub01.m2;19345.783203125;8.662469863891602;20150.455078125;0;40.255126953125;0;;1;80762;m2;203484;0;
..\..\world\khazmodan\wetlands\passivedoodads\bushes\wetlandshrub01.m2;19316.015625;8.964093208312988;20105.87890625;0;309.4283447265625;0;;1;80764;m2;203484;0;
..\..\world\khazmodan\wetlands\passivedoodads\bushes\wetlandshrub01.m2;19255.388671875;9.226851463317871;20173.587890625;0;38.28851318359375;0;;1;80776;m2;203484;0;
..\..\world\khazmodan\lochmodan\passivedoodads\fences\lochmodanstonefence02.m2;19279.45703125;23.14643096923828;19959.73046875;-17.5;135.5;-10.50000286102295;;1;84351;m2;203308;0;
..\..\world\khazmodan\wetlands\passivedoodads\bushes\wetlandshrub01.m2;19267.072265625;30.77349281311035;19915.392578125;0;76.89566040039062;0;;1.107421875;84295;m2;203484;0;
..\..\world\khazmodan\wetlands\passivedoodads\raptorbones\raptorbone01.m2;19483.462890625;6.905438423156738;20255.990234375;-12;2.5;-1.5000001192092896;;1;72902;m2;203523;0;
..\..\world\khazmodan\wetlands\passivedoodads\bushes\wetlandshrub01.m2;19300.205078125;8.867786407470703;20094.443359375;0;13.82122802734375;0;;1.08984375;80765;m2;203484;0;
..\..\world\azeroth\duskwood\passivedoodads\coffin\coffin.m2;19258.55078125;24.86223602294922;19957.71484375;-25.499998092651367;0;-23.499998092651367;;1;84349;m2;189415;0;
..\..\world\khazmodan\wetlands\passivedoodads\bushes\wetlandshrub01.m2;19313.943359375;31.271217346191406;19913.94140625;0;323.9637451171875;0;;0.9609375;84293;m2;203484;0;
..\..\world\khazmodan\wetlands\passivedoodads\bushes\wetlandshrub01.m2;19255.30078125;9.5663480758667;20178.78125;0;113.52517700195312;0;;1;80778;m2;203484;0;
..\..\world\khazmodan\wetlands\passivedoodads\bushes\wetlandshrub01.m2;19424.42578125;57.12588119506836;19882.7421875;0;185.77349853515625;0;;1.169921875;83187;m2;203484;0;
..\..\world\khazmodan\wetlands\passivedoodads\bushes\wetlandshrub01.m2;19246.06640625;8.622672080993652;20117.978515625;0;233.68630981445312;0;;0.947265625;81129;m2;203484;0;
..\..\world\khazmodan\wetlands\passivedoodads\bushes\wetlandshrub01.m2;19230.759765625;8.56017780303955;20178.455078125;0;136.37747192382812;0;;0.9423828125;80783;m2;203484;0;
..\..\world\azeroth\duskwood\passivedoodads\coffin\coffin.m2;19235.541015625;22.790002822875977;19932.626953125;-17.000001907348633;0;-7.500000953674316;;1;84355;m2;189415;0;
..\..\world\khazmodan\wetlands\passivedoodads\bushes\wetlandshrub01.m2;19224.8984375;24.762449264526367;19945.962890625;0;243.5633544921875;0;;0.96875;84575;m2;203484;0;
..\..\world\khazmodan\wetlands\passivedoodads\bushes\wetlandshrub01.m2;19240.306640625;8.59166145324707;20113.724609375;0;210.25177001953125;0;;0.953125;81132;m2;203484;0;
..\..\world\khazmodan\wetlands\passivedoodads\bushes\wetlandshrub01.m2;19337.53515625;9.25992202758789;20157.833984375;0;69.71038818359375;0;;1;80761;m2;203484;0;
..\..\world\khazmodan\wetlands\passivedoodads\bushes\wetlandshrub01.m2;19410.78515625;56.98036575317383;19875.908203125;0;281.85186767578125;0;;1.0703125;83190;m2;203484;0;
..\..\world\khazmodan\wetlands\passivedoodads\bushes\wetlandshrub01.m2;19304.65625;30.632118225097656;19913.5546875;0;297.0354309082031;0;;0.9599609375;84294;m2;203484;0;
..\..\world\azeroth\duskwood\passivedoodads\coffinlid\coffinlid.m2;19249.361328125;25.205703735351562;19952.59765625;63;0;45.5;;1;84354;m2;189416;0;
..\..\world\generic\orc\passivedoodads\weapons\orcaxe03.m2;19260.3359375;9.155409812927246;20172.94921875;-89.00025177001953;60.4158935546875;-3.500270366668701;;1.1123046875;82127;m2;199434;0;
..\..\world\khazmodan\wetlands\passivedoodads\bushes\wetlandshrub01.m2;19687.9453125;9.764934539794922;20195.130859375;0;283.9942626953125;0;;1.04296875;75050;m2;203484;0;
..\..\world\khazmodan\wetlands\passivedoodads\bushes\wetlandshrub01.m2;19307.232421875;10.092716217041016;20087.41796875;0;38.73895263671875;0;;0.919921875;80767;m2;203484;0;
..\..\world\khazmodan\wetlands\passivedoodads\bushes\wetlandshrub01.m2;19721.1484375;10.302364349365234;20203.70703125;0;59.0093994140625;0;;0.9296875;82392;m2;203484;0;
..\..\world\khazmodan\wetlands\passivedoodads\bushes\wetlandsshrub07.m2;19426.65234375;6.669949054718018;20250.025390625;0;329.5;0;;0.7392578125;72909;m2;203496;0;
..\..\world\generic\passivedoodads\lights\generaltorch01.m2;19296.349609375;30.693450927734375;19910.3203125;0;0;0;;1;101742;m2;199820;0;
..\..\world\generic\passivedoodads\lights\generaltorch01.m2;19528.19140625;9.149818420410156;20253.265625;0;18.04010009765625;0;;1;383433;m2;199820;0;
..\..\world\khazmodan\wetlands\passivedoodads\bushes\wetlandshrub01.m2;19401.83203125;50.59324645996094;19889.046875;0;31.454833984375;0;;0.9248046875;83192;m2;203484;0;
..\..\world\azeroth\westfall\passivedoodads\tombstones\tombstone01.m2;19262.70703125;24.036455154418945;19943.541015625;-13;347.5;-8.499998092651367;;0.9892578125;84328;m2;190633;0;
..\..\world\khazmodan\wetlands\passivedoodads\bushes\wetlandshrub01.m2;19400.28515625;50.460472106933594;19888.20703125;0;10.75592041015625;0;;1.0498046875;83193;m2;203484;0;
..\..\world\khazmodan\wetlands\passivedoodads\bushes\wetlandshrub01.m2;19731.2578125;17.657487869262695;20140.173828125;0;222.95236206054688;0;;0.90234375;82359;m2;203484;0;
..\..\world\khazmodan\wetlands\passivedoodads\bushes\wetlandshrub01.m2;19623.39453125;11.431851387023926;20250.34765625;0;104.81273651123047;0;;1;68839;m2;203484;0;
..\..\world\khazmodan\wetlands\passivedoodads\bushes\wetlandshrub01.m2;19586.873046875;8.968806266784668;20091.119140625;0;85.08071899414062;0;;1.111328125;74764;m2;203484;0;
..\..\world\khazmodan\wetlands\passivedoodads\bushes\wetlandsshrub07.m2;19508.291015625;6.515603065490723;20235.728515625;0;338.5;0;;0.7392578125;72630;m2;203496;0;
..\..\world\khazmodan\wetlands\passivedoodads\bushes\wetlandshrub01.m2;19233.30078125;8.727128028869629;20185.28515625;0;193.93658447265625;0;;1;80781;m2;203484;0;
..\..\world\khazmodan\wetlands\passivedoodads\bushes\wetlandshrub01.m2;19640.90625;48.64369583129883;19922.24609375;0;77.66473388671875;0;;1.0107421875;83029;m2;203484;0;
..\..\world\khazmodan\wetlands\passivedoodads\bushes\wetlandshrub01.m2;19596.490234375;34.09941864013672;19956.58203125;0;273.0515441894531;0;;1.1240234375;83023;m2;203484;0;
..\..\world\khazmodan\wetlands\passivedoodads\bushes\wetlandshrub01.m2;19233.615234375;8.680621147155762;20186.89453125;0;311.603759765625;0;;0.8798828125;80782;m2;203484;0;
..\..\world\khazmodan\wetlands\passivedoodads\bushes\wetlandshrub01.m2;19417.603515625;54.02614212036133;19884.08203125;0;288.9492492675781;0;;0.9482421875;83189;m2;203484;0;
..\..\world\khazmodan\wetlands\passivedoodads\bushes\wetlandshrub01.m2;19266.005859375;30.70609474182129;19916.0078125;0;316.3939208984375;0;;0.8779296875;84296;m2;203484;0;
..\..\world\khazmodan\wetlands\passivedoodads\bushes\wetlandshrub01.m2;19406.37109375;51.39346694946289;19886.8046875;0;275.0730895996094;0;;1.08203125;83191;m2;203484;0;
..\..\world\azeroth\westfall\passivedoodads\tombstones\tombstone01.m2;19259.544921875;24.120141983032227;19941.630859375;9.500000953674316;326.5;-3.0000007152557373;;1;84327;m2;190633;0;
..\..\world\azeroth\duskwood\passivedoodads\coffinlid\coffinlid.m2;19258.072265625;24.639747619628906;19956.845703125;-30.000001907348633;0;-23.5;;1;84350;m2;189416;0;
..\..\world\khazmodan\wetlands\passivedoodads\bushes\wetlandshrub01.m2;19706.67578125;12.738012313842773;20022.470703125;0;319.1296081542969;0;;0.865234375;188818;m2;203484;0;
..\..\world\azeroth\duskwood\passivedoodads\coffin\coffin.m2;19250.18359375;24.980764389038086;19951.513671875;38.5;0;7.500000953674316;;1;84353;m2;189415;0;
..\..\world\azeroth\duskwood\passivedoodads\coffinlid\coffinlid.m2;19235.474609375;22.759668350219727;19932.07421875;-26.000003814697266;0.5;-14.000001907348633;;1;84356;m2;189416;0;
..\..\world\azeroth\elwynn\passivedoodads\bush\elwynnbush09.m2;19350.4921875;26.983966827392578;19937.41015625;0;83.72097778320312;0;;0.4111328125;88924;m2;189700;0;
..\..\world\khazmodan\wetlands\passivedoodads\bushes\wetlandshrub01.m2;19449.625;9.380769729614258;20218.169921875;0;260.5047607421875;0;;1;72560;m2;203484;0;
..\..\world\khazmodan\wetlands\passivedoodads\bushes\wetlandshrub01.m2;19239.416015625;15.75210952758789;20261.416015625;0;309;0;;0.849609375;103519;m2;203484;0;
..\..\world\khazmodan\lochmodan\passivedoodads\fences\lochmodanstonefence03.m2;19352.10546875;26.54086685180664;19940.048828125;9.500000953674316;348;5.500000953674316;;1;84341;m2;203309;0;
..\..\world\khazmodan\wetlands\passivedoodads\bushes\wetlandshrub01.m2;19260.546875;30.462554931640625;19910.748046875;0;320.3592529296875;0;;0.8466796875;84297;m2;203484;0;
..\..\world\generic\orc\passivedoodads\weapons\orcaxe03.m2;19570.013671875;11.33836841583252;20065.73828125;-88.9998550415039;0;-2.9999780654907227;;1;82251;m2;199434;0;
..\..\world\khazmodan\wetlands\passivedoodads\bushes\wetlandshrub01.m2;19701.54296875;12.861715316772461;20030.916015625;0;107.36168670654297;0;;0.9208984375;188817;m2;203484;0;
..\..\world\khazmodan\wetlands\passivedoodads\bushes\wetlandshrub01.m2;19416.4296875;54.79988479614258;19882.609375;0;269.1732482910156;0;;1.10546875;83188;m2;203484;0;
..\..\world\khazmodan\wetlands\passivedoodads\bushes\wetlandshrub01.m2;19229.93359375;24.03078269958496;19949.55078125;0;38.936737060546875;0;;0.8408203125;84573;m2;203484;0;
..\..\world\khazmodan\lochmodan\passivedoodads\fences\lochmodanstonefence03.m2;19341.59765625;25.88629722595215;19950.54296875;18.999998092651367;352;-7.000000476837158;;1;84347;m2;203309;0;
..\..\world\khazmodan\wetlands\passivedoodads\bushes\wetlandshrub01.m2;19721.146484375;10.09750747680664;20205.27734375;0;297.386962890625;0;;0.8515625;82393;m2;203484;0;
..\..\world\khazmodan\lochmodan\passivedoodads\fences\lochmodanstonefence03.m2;19229.52734375;22.86810874938965;19932.03515625;0.5000001192092896;61.5;-6.500000476837158;;1;84568;m2;203309;0;
..\..\world\khazmodan\lochmodan\passivedoodads\fences\lochmodanstonefence03.m2;19304.89453125;28.826541900634766;19931.458984375;26;128;2.000000476837158;;1;84308;m2;203309;0;
..\..\world\khazmodan\wetlands\passivedoodads\bushes\wetlandshrub01.m2;19661.17578125;47.96101760864258;19916.58203125;0;251.0232696533203;0;;0.8876953125;83026;m2;203484;0;
..\..\world\khazmodan\lochmodan\passivedoodads\fences\lochmodanstonefence03.m2;19302.923828125;30.928369522094727;19906.177734375;25.999998092651367;299.5;12.499998092651367;;1;84303;m2;203309;0;
..\..\world\generic\human\passivedoodads\cauldrons\cauldronempty.m2;19568.166015625;10.787921905517578;20063.818359375;7.000000476837158;0;-21.999998092651367;;1;82246;m2;198101;0;
..\..\world\khazmodan\wetlands\passivedoodads\bushes\wetlandshrub01.m2;19601.271484375;10.119094848632812;20087.64453125;0;217.6677703857422;0;;0.8056640625;74767;m2;203484;0;
..\..\world\khazmodan\wetlands\passivedoodads\bushes\wetlandshrub01.m2;19607.42578125;34.089839935302734;19981.90234375;0;284.5436096191406;0;;0.89453125;83019;m2;203484;0;
..\..\world\khazmodan\wetlands\passivedoodads\bushes\wetlandshrub01.m2;19728.1875;13.479207038879395;20013.685546875;0;303.3417663574219;0;;0.806640625;83100;m2;203484;0;
..\..\world\khazmodan\wetlands\passivedoodads\bushes\wetlandshrub01.m2;19608.251953125;33.92735290527344;19964.2734375;0;294.73919677734375;0;;0.8310546875;83022;m2;203484;0;
..\..\world\khazmodan\wetlands\passivedoodads\bushes\wetlandshrub01.m2;19425.68359375;57.51822280883789;19883.08984375;0;229.84100341796875;0;;0.794921875;83186;m2;203484;0;
..\..\world\khazmodan\wetlands\passivedoodads\bushes\wetlandshrub01.m2;19677.177734375;9.216593742370605;20188.169921875;0;136.410400390625;0;;0.79296875;81125;m2;203484;0;
..\..\world\khazmodan\wetlands\passivedoodads\bushes\wetlandshrub01.m2;19384.41796875;10.408056259155273;20067.748046875;0;177.45660400390625;0;;1;80760;m2;203484;0;
..\..\world\azeroth\westfall\passivedoodads\tombstones\tombstone01.m2;19256.056640625;23.958663940429688;19940.263671875;0;0;0;;1;84326;m2;190633;0;
..\..\world\khazmodan\wetlands\passivedoodads\bushes\wetlandshrub01.m2;19694.666015625;34.51688766479492;19943.029296875;0;82.39996337890625;0;;0.923828125;83035;m2;203484;0;
..\..\world\khazmodan\lochmodan\passivedoodads\fences\lochmodanstonefence03.m2;19437.505859375;24.502626419067383;19972.20703125;-4.999998569488525;313;-18.999998092651367;;1;84335;m2;203309;0;
..\..\world\azeroth\westfall\passivedoodads\tombstones\tombstone02.m2;19266.43359375;23.311952590942383;19943.1953125;-2;0;-13;;1;84324;m2;190634;0;
..\..\world\azeroth\westfall\passivedoodads\tombstones\tombstone02.m2;19239.6953125;23.574115753173828;19928.8359375;25;322.5;6.5;;1;84323;m2;190634;0;
..\..\world\azeroth\westfall\passivedoodads\tombstones\tombstone02.m2;19258.826171875;25.173490524291992;19954.083984375;-15.999998092651367;0;9.000001907348633;;1;84332;m2;190634;0;
..\..\world\khazmodan\wetlands\passivedoodads\bushes\wetlandshrub01.m2;19366.884765625;10.572604179382324;20251.98828125;0;14.897918701171875;0;;0.8076171875;81669;m2;203484;0;
..\..\world\khazmodan\wetlands\passivedoodads\bushes\wetlandshrub01.m2;19568.884765625;11.225550651550293;20059.4921875;0;192.90383911132812;0;;0.8203125;82254;m2;203484;0;
..\..\world\khazmodan\wetlands\passivedoodads\bushes\wetlandshrub01.m2;19240.87109375;9.12908935546875;20112.732421875;0;99.22055053710938;0;;0.826171875;81131;m2;203484;0;
..\..\world\generic\dwarf\passivedoodads\tavernstuff\grainsacs02.m2;19342.72265625;9.464899063110352;20175.974609375;0;42.5;0;;1;80732;m2;197608;0;
..\..\world\khazmodan\wetlands\passivedoodads\bushes\wetlandshrub01.m2;19690.57421875;15.614949226379395;20031.326171875;0;2.5;0;;0.859375;83103;m2;203484;0;
..\..\world\khazmodan\wetlands\passivedoodads\bushes\wetlandshrub01.m2;19250.455078125;8.572781562805176;20104.07421875;0;350.6393737792969;0;;0.7841796875;81130;m2;203484;0;
..\..\world\khazmodan\wetlands\passivedoodads\bushes\wetlandshrub01.m2;19724.94140625;9.68626594543457;20206.853515625;0;185.5317840576172;0;;0.814453125;82391;m2;203484;0;
..\..\world\azeroth\westfall\passivedoodads\tombstones\tombstone02.m2;19277.25;23.179214477539062;19941.255859375;0;303.5;-0.9999998807907104;;1;84325;m2;190634;0;
..\..\world\khazmodan\wetlands\passivedoodads\bushes\wetlandshrub01.m2;19565.84765625;10.0756254196167;20265.8984375;0;358.26409912109375;0;;0.849609375;68849;m2;203484;0;
..\..\world\generic\orc\passivedoodads\weapons\orcsword03.m2;19589.76953125;11.392095565795898;20064.8046875;-89.49915313720703;359.9999084472656;-14.499863624572754;;1;82265;m2;199448;0;
..\..\world\azeroth\westfall\passivedoodads\tombstones\tombstone02.m2;19243.072265625;23.50685691833496;19935.33984375;0;0;0;;1;84322;m2;190634;0;
..\..\world\khazmodan\wetlands\passivedoodads\bushes\wetlandshrub01.m2;19256.109375;9.224770545959473;20172.53125;0;8.778350830078125;0;;0.7392578125;80777;m2;203484;0;
..\..\world\azeroth\elwynn\passivedoodads\battlegladeshield3\battlegladeshield3.m2;19284.5546875;31.366886138916016;19916.013671875;0;60;0;;1;84627;m2;189680;0;
..\..\world\generic\orc\passivedoodads\weapons\orcsword03.m2;19372.7578125;10.114859580993652;19985.484375;-78.00000762939453;309;174.99998474121094;;1;80807;m2;199448;0;
..\..\world\azeroth\westfall\passivedoodads\tombstones\tombstone03.m2;19250.6484375;24.869211196899414;19949.52734375;-9.5;0;7.000000476837158;;1;84329;m2;190635;0;
..\..\world\generic\orc\passivedoodads\barrelsandcrates\orcbarrel01.m2;19253.240234375;9.287692070007324;20164.474609375;46.49999237060547;30.5;-44.999996185302734;;1;84965;m2;199090;0;
..\..\world\generic\passivedoodads\crate01\crate01.m2;19292.099609375;31.383440017700195;19911.703125;0;40;0;;1;84623;m2;199632;0;
..\..\world\azeroth\westfall\passivedoodads\tombstones\tombstone03.m2;19271.669921875;23.120624542236328;19945.625;2.5;0;6.5;;1;84318;m2;190635;0;
..\..\world\generic\human\passivedoodads\crates\stormwindcrate01.m2;19647.982421875;33.86191177368164;19965.00390625;2.000000238418579;339;6.500000476837158;;1;83070;m2;198168;0;
..\..\world\generic\human\passivedoodads\crates\stormwindcrate01.m2;19646.224609375;35.15094757080078;19964.77734375;0;39.5;0;;1;83071;m2;198168;0;
..\..\world\azeroth\westfall\passivedoodads\tombstones\tombstone03.m2;19235.962890625;23.184114456176758;19930.015625;3;0;4.5;;1;84321;m2;190635;0;
..\..\world\generic\passivedoodads\crate01\crate01.m2;19591.041015625;11.392095565795898;20064.556640625;0;17.5;0;;1;82261;m2;199632;0;
..\..\world\azeroth\westfall\passivedoodads\tombstones\tombstone03.m2;19276.55078125;22.927671432495117;19945.591796875;6.999999523162842;324.5;0.5000000596046448;;1;84319;m2;190635;0;
..\..\world\azeroth\westfall\passivedoodads\tombstones\tombstone03.m2;19252.501953125;25.132720947265625;19949.955078125;0;337.5;0;;1.009765625;84330;m2;190635;0;
..\..\world\azeroth\westfall\passivedoodads\tombstones\tombstone03.m2;19251.224609375;23.503381729125977;19937.59375;0;0;0;;1;84320;m2;190635;0;
..\..\world\generic\orc\passivedoodads\barrelsandcrates\orcbarrel01.m2;19583.80078125;11.392095565795898;20059.287109375;-87.50009155273438;215.4999542236328;-175;;1;84963;m2;199090;0;
..\..\world\generic\passivedoodads\barrel\barrel01.m2;19646.798828125;33.977012634277344;19967.0625;-52.499996185302734;24;94.00001525878906;;1;83074;m2;199563;0;
..\..\world\generic\passivedoodads\crate02\crate02.m2;19224.33203125;9.785272598266602;20105.037109375;-9.000000953674316;0;-16;;1;80794;m2;199634;0;
..\..\world\khazmodan\lochmodan\passivedoodads\fences\lochmodanstonefence04.m2;19287.23828125;23.58307456970215;19960.166015625;12.5;352;-11.499999046325684;;1;84352;m2;203310;0;
..\..\world\khazmodan\lochmodan\passivedoodads\fences\lochmodanstonefence04.m2;19350.08984375;26.32515525817871;19940.171875;-8.5;1;-0.5;;1.119140625;84340;m2;203310;0;
..\..\world\generic\passivedoodads\crate02\crate02.m2;19319.58203125;9.262602806091309;20095.947265625;-18.500001907348633;0;-8;;1;80753;m2;199634;0;
..\..\world\khazmodan\lochmodan\passivedoodads\fences\lochmodanstonefence04.m2;19253.123046875;24.48202896118164;19960.08203125;13.5;350.5;8;;1;84570;m2;203310;0;
..\..\world\khazmodan\lochmodan\passivedoodads\fences\lochmodanstonefence04.m2;19301.666015625;30.93076515197754;19905.140625;14.5;0;7.000000476837158;;1;84302;m2;203310;0;
..\..\world\khazmodan\lochmodan\passivedoodads\fences\lochmodanstonefence04.m2;19310.22265625;30.737457275390625;19911.482421875;16.5;0;5.5;;1;84300;m2;203310;0;
..\..\world\azeroth\elwynn\passivedoodads\battlegladeshield3\battlegladeshield3.m2;19228.4921875;9.402175903320312;20102.62890625;-3.499999761581421;2.5;-3.5;;1;80791;m2;189680;0;
..\..\world\generic\dwarf\passivedoodads\excavationrailingpost\excavationrailingpost.m2;19632.806640625;33.51781463623047;19969.568359375;33.500003814697266;167;5.000000953674316;;1;83078;m2;197374;0;
..\..\world\azeroth\westfall\passivedoodads\tombstones\tombstone04.m2;19280.724609375;23.142845153808594;19947.171875;-6.5;139.5;8.000000953674316;;1;84315;m2;190636;0;
..\..\world\generic\orc\passivedoodads\barrelsandcrates\orcbarrel01.m2;19584.955078125;11.22542953491211;20058.77734375;7.500000476837158;19;10.500000953674316;;1;84962;m2;199090;0;
..\..\world\generic\passivedoodads\crate01\crate01.m2;19631.126953125;34.1922492980957;19969.06640625;4;0;-6.500000476837158;;1;83080;m2;199632;0;
..\..\world\generic\passivedoodads\crate02\crate02.m2;19343.00390625;9.465906143188477;20177.32421875;-0.4999999403953552;359.5;-2.5;;1;80739;m2;199634;0;
..\..\world\khazmodan\lochmodan\passivedoodads\fences\lochmodanstonefence04.m2;19308.4296875;28.328516006469727;19933.220703125;22.000001907348633;0;-1.0000001192092896;;1;84307;m2;203310;0;
..\..\world\generic\orc\passivedoodads\barrelsandcrates\orcbarrel01.m2;19252.517578125;9.234858512878418;20165.388671875;4.5;331;-3.999999523162842;;1;84964;m2;199090;0;
..\..\world\generic\passivedoodads\barrel\barrel01.m2;19231.57421875;9.109797477722168;20102.00390625;-77;4.5;32.500003814697266;;1;80793;m2;199563;0;
..\..\world\generic\human\passivedoodads\crates\stormwindcrate01.m2;19336.119140625;9.48173999786377;20165.0390625;8.5;0;-5.5;;1;80726;m2;198168;0;
..\..\world\generic\tauren\passivedoodads\bowls\taurenbowl05.m2;19534.974609375;9.616768836975098;20256.513671875;0;144.1669921875;0;;1;383429;m2;200382;0;
..\..\world\azeroth\westfall\passivedoodads\tombstones\tombstone04.m2;19261.544921875;24.797138214111328;19952.912109375;15.50000286102295;335;-3.5000007152557373;;1;84331;m2;190636;0;
..\..\world\khazmodan\lochmodan\passivedoodads\fences\lochmodanstonefence04.m2;19228.81640625;23.025083541870117;19935.865234375;6.5;0;-8.500000953674316;;1;84567;m2;203310;0;
..\..\world\azeroth\westfall\passivedoodads\tombstones\tombstone04.m2;19248.630859375;23.805124282836914;19936.22265625;-17.5;319;0.5000002384185791;;1;84312;m2;190636;0;
..\..\world\azeroth\elwynn\passivedoodads\battlegladeshield3\battlegladeshield3.m2;19639.34765625;33.85186767578125;19968.33984375;1;0;0.5;;1;83087;m2;189680;0;
..\..\world\azeroth\westfall\passivedoodads\harempillow02\harempillow02.m2;19587.146484375;11.336540222167969;20062.146484375;-3.499999523162842;89.83792114257812;1.999999761581421;;1;671301;m2;190595;0;
..\..\world\generic\orc\passivedoodads\barrelsandcrates\orcbarrel01.m2;19583.9921875;11.114317893981934;20057.8984375;-11;0;-9.000000953674316;;1;84961;m2;199090;0;
..\..\world\khazmodan\lochmodan\passivedoodads\fences\lochmodanwoodfence04.m2;19558.12890625;69.64026641845703;19778.75;0;311.5;0;;1;125958;m2;203314;0;
..\..\world\khazmodan\lochmodan\passivedoodads\fences\lochmodanwoodfence04.m2;19553.796875;70.94225311279297;19772.521484375;0;313;0;;1;125959;m2;203314;0;
..\..\world\khazmodan\lochmodan\passivedoodads\fences\lochmodanwoodfence04.m2;19548.890625;72.6270751953125;19766.08203125;0;324;0;;1;125961;m2;203314;0;
..\..\world\khazmodan\lochmodan\passivedoodads\fences\lochmodanwoodfence04.m2;19564.478515625;64.32592010498047;19814.453125;0;295.5;0;;1;125968;m2;203314;0;
..\..\world\khazmodan\lochmodan\passivedoodads\fences\lochmodanwoodfence04.m2;19477.64453125;30.92323875427246;19957.330078125;0;72.5;0;;1;84878;m2;203314;0;
..\..\world\khazmodan\lochmodan\passivedoodads\fences\lochmodanwoodfence04.m2;19468.50390625;17.510971069335938;20014.755859375;0;107;0;;1;84880;m2;203314;0;
..\..\world\khazmodan\lochmodan\passivedoodads\fences\lochmodanwoodfence04.m2;19469.673828125;16.307292938232422;20022.482421875;0;109.5;0;;1;84882;m2;203314;0;
..\..\world\khazmodan\lochmodan\passivedoodads\fences\lochmodanwoodfence04.m2;19471.603515625;16.147741317749023;20030.345703125;0;120.5;0;;1;84884;m2;203314;0;
..\..\world\khazmodan\lochmodan\passivedoodads\fences\lochmodanwoodfence04.m2;19479.013671875;11.657570838928223;20064.8828125;0;275;0;;1;84886;m2;203314;0;
..\..\world\khazmodan\lochmodan\passivedoodads\fences\lochmodanwoodfence04.m2;19475.3671875;10.410279273986816;20080.1328125;0;261.5;0;;1;84888;m2;203314;0;
..\..\world\khazmodan\lochmodan\passivedoodads\fences\lochmodanwoodfence04.m2;19477.37109375;11.06958293914795;20072.8125;0;264;0;;1;84890;m2;203314;0;
..\..\world\khazmodan\lochmodan\passivedoodads\fences\lochmodanwoodfence04.m2;19487.47265625;10.993765830993652;20129.388671875;0;274;0;;1;84892;m2;203314;0;
..\..\world\khazmodan\lochmodan\passivedoodads\fences\lochmodanwoodfence04.m2;19488.234375;10.893909454345703;20123.408203125;0;282;0;;1;84894;m2;203314;0;
..\..\world\khazmodan\lochmodan\passivedoodads\fences\lochmodanwoodfence04.m2;19486.54296875;10.852564811706543;20116.25390625;0;306.5;0;;1;84896;m2;203314;0;
..\..\world\khazmodan\lochmodan\passivedoodads\fences\lochmodanwoodfence04.m2;19504.33203125;9.474433898925781;20156.09375;0;322;0;;1;84899;m2;203314;0;
..\..\world\khazmodan\lochmodan\passivedoodads\fences\lochmodanwoodfence04.m2;19509.009765625;9.592951774597168;20162.703125;0;311;0;;1;84901;m2;203314;0;
..\..\world\khazmodan\lochmodan\passivedoodads\fences\lochmodanwoodfence04.m2;19513.12109375;9.641863822937012;20169.076171875;0;309.5;0;;1;84903;m2;203314;0;
..\..\world\khazmodan\lochmodan\passivedoodads\fences\lochmodanwoodfence04.m2;19503.67578125;9.15473747253418;20215.224609375;0;91;0;;1;84905;m2;203314;0;
..\..\world\khazmodan\lochmodan\passivedoodads\fences\lochmodanwoodfence04.m2;19505.869140625;9.34469223022461;20207.4296875;0;80;0;;1;84907;m2;203314;0;
..\..\world\khazmodan\lochmodan\passivedoodads\fences\lochmodanwoodfence04.m2;19508.236328125;9.635517120361328;20200.224609375;0;78.5;0;;1;84909;m2;203314;0;
..\..\world\khazmodan\lochmodan\passivedoodads\fences\lochmodanwoodfence04.m2;19565.09375;62.94707489013672;19822.52734375;0;280.5;0;;1;125966;m2;203314;0;
..\..\world\khazmodan\lochmodan\passivedoodads\fences\lochmodanwoodfence04.m2;19237.638671875;15.810093879699707;20261.19921875;0;356.5;0;;1;81460;m2;203314;0;
..\..\world\khazmodan\lochmodan\passivedoodads\fences\lochmodanwoodfence04.m2;19230.173828125;15.808833122253418;20259.861328125;0;358;0;;1;81462;m2;203314;0;
..\..\world\khazmodan\lochmodan\passivedoodads\fences\lochmodanwoodfence04.m2;19222.1484375;15.805047035217285;20258.7734375;0;9;0;;1;81464;m2;203314;0;
..\..\world\khazmodan\lochmodan\passivedoodads\fences\lochmodanwoodfence04.m2;19526.884765625;48.384883880615234;19909.52734375;0;44.5;0;;1;84868;m2;203314;0;
..\..\world\khazmodan\lochmodan\passivedoodads\fences\lochmodanwoodfence04.m2;19520.87890625;46.8336067199707;19914.16796875;0;47;0;;1;84870;m2;203314;0;
..\..\world\khazmodan\lochmodan\passivedoodads\fences\lochmodanwoodfence04.m2;19514.796875;45.022926330566406;19919.509765625;0;58;0;;1;84872;m2;203314;0;
..\..\world\khazmodan\lochmodan\passivedoodads\fences\lochmodanwoodfence04.m2;19486.84765625;35.189476013183594;19944.63671875;0;59;0;;1;84874;m2;203314;0;
..\..\world\khazmodan\lochmodan\passivedoodads\fences\lochmodanwoodfence04.m2;19482.193359375;33.11476516723633;19950.6328125;0;61.5;0;;1;84876;m2;203314;0;
..\..\world\khazmodan\lochmodan\passivedoodads\fences\lochmodanwoodfence04.m2;19565.40234375;62.18096160888672;19830.107421875;0;279;0;;1;125965;m2;203314;0;
..\..\world\khazmodan\lochmodan\passivedoodads\fences\lochmodanwoodfence04.m2;19555.923828125;55.757747650146484;19884.447265625;0;232.5;0;;1;125972;m2;203314;0;
..\..\world\khazmodan\lochmodan\passivedoodads\fences\lochmodanwoodfence04.m2;19560.97265625;57.14187240600586;19878.79296875;0;246;0;;1;125973;m2;203314;0;
..\..\world\khazmodan\lochmodan\passivedoodads\fences\lochmodanwoodfence04.m2;19565.01953125;58.33434295654297;19871.673828125;0;263.5;0;;1;125975;m2;203314;0;
..\..\world\khazmodan\lochmodan\passivedoodads\fences\lochmodanstonefence04.m2;19343.74609375;26.308284759521484;19940.56640625;0.49999988079071045;11.5;-14.999999046325684;;1;84344;m2;203310;0;
..\..\world\generic\passivedoodads\crate01\crate01.m2;19325.97265625;9.322395324707031;20094.9453125;-1.500000238418579;0;-0.5;;1;80752;m2;199632;0;
..\..\world\khazmodan\lochmodan\passivedoodads\fences\lochmodanstonefence04.m2;19441.080078125;25.00676727294922;19967.40625;8.499999046325684;49.5;2.4999992847442627;;1.009765625;84339;m2;203310;0;
..\..\world\azeroth\westfall\passivedoodads\tombstones\tombstone04.m2;19243.974609375;23.880910873413086;19932.208984375;-11;0;2;;1;84311;m2;190636;0;
..\..\world\azeroth\westfall\passivedoodads\tombstones\tombstone04.m2;19266.916015625;23.87436866760254;19949.2265625;-0.5;0;-4.999999523162842;;1;84317;m2;190636;0;
..\..\world\azeroth\westfall\passivedoodads\tombstones\tombstone04.m2;19238.96484375;23.210229873657227;19935.865234375;3.000000238418579;6.5;4;;1;84313;m2;190636;0;
..\..\world\khazmodan\lochmodan\passivedoodads\fences\lochmodanstonefence04.m2;19299.91015625;30.35133171081543;19925.50390625;0;307.5;0;;1.119140625;84305;m2;203310;0;
..\..\world\generic\passivedoodads\barrel\barrel01.m2;19321.19140625;9.306654930114746;20094.822265625;-80.00003051757812;161.5;-51.50001907348633;;1;80751;m2;199563;0;
..\..\world\generic\passivedoodads\furniture\containers\barrel02.m2;19530.921875;9.382336616516113;20252.0234375;-3.9999990463256836;63.151336669921875;9.999998092651367;;1;383423;m2;199737;0;
..\..\world\azeroth\westfall\passivedoodads\tombstones\tombstone04.m2;19273.49609375;23.073984146118164;19942.1484375;0;356;0;;1.009765625;84314;m2;190636;0;
..\..\world\generic\passivedoodads\barrel\barrel01.m2;19335.9375;9.796704292297363;20171.125;-88.999267578125;281.9998779296875;-40.498844146728516;;1;80738;m2;199563;0;
..\..\world\azeroth\westfall\passivedoodads\tombstones\tombstone04.m2;19274.49609375;23.141393661499023;19952.177734375;0;0;0;;1;84316;m2;190636;0;
..\..\world\generic\orc\passivedoodads\shields\orcshield01.m2;19589.4296875;11.503207206726074;20064.259765625;-88.00031280517578;216.99974060058594;-177.49990844726562;;1;82266;m2;199250;0;
..\..\world\generic\human\passivedoodads\crates\stormwindcrate01.m2;19646.14453125;33.90781784057617;19965.01171875;0;0;0;;1;83069;m2;198168;0;
..\..\world\azeroth\westfall\passivedoodads\harempillow01\harempillow01.m2;19588.29296875;11.392095565795898;20061.736328125;6.000000476837158;310.8896179199219;-1;;1;671300;m2;190592;0;
..\..\world\khazmodan\lochmodan\passivedoodads\fences\lochmodanstonefence04.m2;19273.416015625;23.43166732788086;19959.04296875;0;0;0;;1;84334;m2;203310;0;
..\..\world\khazmodan\lochmodan\passivedoodads\fences\lochmodanstonefence04.m2;19339.53515625;26.15199089050293;19950.533203125;0;23;0;;1;84345;m2;203310;0;
..\..\world\khazmodan\lochmodan\passivedoodads\fences\lochmodanstonefence04.m2;19229.099609375;23.3519229888916;19942.333984375;0;9;0;;1;84566;m2;203310;0;
..\..\world\azeroth\theblastedlands\passivedoodads\bones\blastedlandsspine01.m2;19371.3046875;9.767098426818848;19986.306640625;17;16.5;7.500000476837158;;1;80808;m2;190441;0;
..\..\world\generic\orc\passivedoodads\shields\orcshield01.m2;19368.03515625;8.480374336242676;19988.9296875;-15.000000953674316;18.5;15.000000953674316;;1;80805;m2;199250;0;
..\..\world\generic\tauren\passivedoodads\bowls\taurenbowl02.m2;19534.01953125;9.487030982971191;20256.25390625;0;253.0338134765625;0;;1;383428;m2;200379;0;
..\..\world\generic\human\passivedoodads\ropes\cavekoboldropecoil.m2;19230.76953125;9.202836036682129;20102.5;-4.000000476837158;0;-3.5;;1;80787;m2;198422;0;
..\..\world\generic\human\passivedoodads\ropes\cavekoboldropecoil.m2;19338.09765625;9.496589660644531;20165.705078125;-2.5;0;-2.5;;1;80730;m2;198422;0;
..\..\world\generic\dwarf\passivedoodads\excavationrailingpost\excavationrailingpost.m2;19631.974609375;33.99519348144531;19969.900390625;11.999994277954102;50;-50.49999237060547;;1;83079;m2;197374;0;
..\..\world\generic\human\passivedoodads\ropes\cavekoboldropecoil.m2;19293.560546875;31.38322639465332;19911.67578125;0;0;0;;1;84628;m2;198422;0;
..\..\world\azeroth\elwynn\passivedoodads\battlegladeshield2\battlegladeshield2.m2;19293.486328125;31.772329330444336;19910.845703125;64.50000762939453;13.5;15.000000953674316;;1;84626;m2;189678;0;
..\..\world\generic\passivedoodads\barrel\barrel01.m2;19647.05078125;33.9733772277832;19966.482421875;-1.999999761581421;14.5;3.500000238418579;;1;83073;m2;199563;0;
..\..\world\generic\orc\passivedoodads\shields\orcshield01.m2;19370.35546875;9.566161155700684;19987.12109375;-68.49999237060547;0;-9.99999713897705;;1;80806;m2;199250;0;
..\..\world\generic\tauren\passivedoodads\sacks\taurensack02.m2;19536.6171875;9.46561336517334;20257.8203125;0;96.46530151367188;0;;1;383430;m2;200442;0;
..\..\world\generic\passivedoodads\barrel\barrel01.m2;19321.03125;9.300838470458984;20096.013671875;-6.499999523162842;344;0.9999998807907104;;1;80750;m2;199563;0;
..\..\world\azeroth\westfall\passivedoodads\harempillow01\harempillow01.m2;19592.083984375;11.392095565795898;20067.671875;6.500000476837158;354.53961181640625;6.000000476837158;;1;671302;m2;190592;0;
..\..\world\azeroth\theblastedlands\passivedoodads\bones\blastedlandsspine01.m2;19731.08203125;10.300138473510742;20188.716796875;0;12;0;;1;82366;m2;190441;0;
..\..\world\generic\human\passivedoodads\lanterns\generallantern02.m2;19230.83984375;9.220317840576172;20104.271484375;-1.5000001192092896;0;9.000000953674316;;0.76953125;80786;m2;198328;0;
..\..\world\generic\passivedoodads\barrel\barrel01.m2;19231.666015625;9.170001029968262;20103.0390625;-3.500000238418579;353.5;-3.500000238418579;;1;80792;m2;199563;0;
..\..\world\generic\human\passivedoodads\crates\replacecrate02.m2;19529.884765625;9.364185333251953;20252.5390625;1.0000003576278687;52.790924072265625;12;;1;383422;m2;198166;0;
..\..\world\generic\orc\passivedoodads\shields\orcshield02.m2;19580.998046875;11.503207206726074;20060.67578125;-88.0000228881836;24.15966796875;-16.499988555908203;;1.197265625;82255;m2;199252;0;
..\..\world\generic\orc\passivedoodads\shields\orcshield02.m2;19255.947265625;9.367558479309082;20170.01953125;-85.5000228881836;63.499969482421875;-164.00001525878906;;1.1298828125;82132;m2;199252;0;
..\..\world\generic\passivedoodads\barrel\barrel01.m2;19336.998046875;9.534369468688965;20170.451171875;1;0;-3.999999523162842;;1;80737;m2;199563;0;
..\..\world\azeroth\elwynn\passivedoodads\detail\elwynnrock2\elwynnrock2.m2;19340.353515625;9.497720718383789;20167.7421875;0;297.80450439453125;0;;1.69921875;80734;m2;189770;0;
..\..\world\generic\passivedoodads\barrel\barrel01.m2;19646.017578125;33.93136978149414;19966.533203125;-2.5;0.5;1.500000238418579;;1;83072;m2;199563;0;
..\..\world\generic\passivedoodads\furniture\containers\sack01.m2;19529.669921875;9.398175239562988;20253.537109375;3.5;2.64776611328125;8.499998092651367;;1;383424;m2;199745;0;
..\..\world\generic\passivedoodads\furniture\containers\sack01.m2;19529.59375;9.59496784210205;20253.580078125;4.499999523162842;0.2303466796875;6.499999046325684;;1;383425;m2;199745;0;
..\..\world\azeroth\elwynn\passivedoodads\pick\pick.m2;19343.12890625;9.462608337402344;20175.275390625;-88.49988555908203;0.00006103515625;9.999929428100586;;1;80731;m2;189834;0;
..\..\world\generic\human\passivedoodads\lanterns\generallantern02.m2;19299.7734375;31.776611328125;19925.462890625;0;47;1;;0.689453125;84309;m2;198328;0;
..\..\world\azeroth\elwynn\passivedoodads\pick\pick.m2;19647.77734375;35.09309768676758;19965.453125;-88.50001525878906;359.5;-4.5000081062316895;;1;83076;m2;189834;0;
..\..\world\khazmodan\wetlands\passivedoodads\dwarfbones\dwarvebone02.m2;19731.896484375;10.300138473510742;20183.89453125;0;41.54058837890625;0;;1.1708984375;82371;m2;203522;0;
..\..\world\azeroth\elwynn\passivedoodads\detail\elwynnrock2\elwynnrock2.m2;19339.6640625;9.497720718383789;20169.0859375;0;22.06268310546875;0;;1.509765625;80735;m2;189770;0;
..\..\world\generic\human\passivedoodads\buckets\cavekoboldbucket.m2;19530.443359375;9.452836036682129;20253.119140625;7.499999523162842;279.423828125;-2.999999761581421;;1;383426;m2;198069;0;
..\..\world\generic\orc\passivedoodads\jars\jarorc02.m2;19260.021484375;9.158352851867676;20174.81640625;1.5;0.5;-6;;1.4599609375;82131;m2;199180;0;
..\..\world\generic\orc\passivedoodads\bowls\bowlwood02.m2;19579.00390625;11.386494636535645;20059.513671875;3.5;349.8253173828125;-10.5;;1.05078125;82257;m2;199122;0;
..\..\world\generic\human\passivedoodads\lanterns\generallantern02.m2;19731.2890625;10.522360801696777;20183.375;-0.49999839067459106;68.0733642578125;-20;;0.5537109375;82374;m2;198328;0;
..\..\world\azeroth\theblastedlands\passivedoodads\bones\blastedlandsbonepile03.m2;19366.6796875;8.998906135559082;19988.65625;25;0;-3.500000238418579;;1;80811;m2;190438;0;
..\..\world\generic\orc\passivedoodads\jars\jarorc06.m2;19319.798828125;9.2196626663208;20096.01171875;-10.999999046325684;2;-10;;1;80754;m2;199184;0;
..\..\world\azeroth\elwynn\passivedoodads\jars\jar01.m2;19631.33984375;34.16572570800781;19969.130859375;10;0;-7.500000476837158;;1;83082;m2;189815;0;
..\..\world\generic\orc\passivedoodads\jars\jarorc05.m2;19570.71484375;11.329910278320312;20064.51171875;1.0000007152557373;338;-89.49999237060547;;1;82250;m2;199183;0;
..\..\world\generic\human\passivedoodads\buckets\cavekoboldbucket.m2;19255.755859375;9.30096435546875;20169.9375;4.000000476837158;0;-3.5;;1;82133;m2;198069;0;
..\..\world\azeroth\elwynn\passivedoodads\detail\elwynnrock1\elwynnrock1.m2;19261.47265625;9.033833503723145;20168.42578125;0;185.6636199951172;0;;1.76171875;82126;m2;189768;0;
..\..\world\azeroth\elwynn\passivedoodads\jugs\jug01.m2;19630.84765625;34.22098159790039;19969.072265625;8.499999046325684;21;-6.5;;1;83081;m2;189820;0;
..\..\world\generic\orc\passivedoodads\jars\jarorc01.m2;19571.71875;11.210195541381836;20062.951171875;0;0;8.500000953674316;;1.3095703125;82249;m2;199179;0;
..\..\world\azeroth\elwynn\passivedoodads\detail\elwynnrock1\elwynnrock1.m2;19340.888671875;9.497720718383789;20168.607421875;0;159.49853515625;0;;1.4697265625;80736;m2;189768;0;
..\..\world\generic\human\passivedoodads\lanterns\generallantern02.m2;19296.314453125;30.69317054748535;19910.076171875;-5.500000476837158;325;4.999999523162842;;0.529296875;101743;m2;198328;0;
..\..\world\generic\orc\passivedoodads\jars\jarorc05.m2;19258.947265625;9.16989803314209;20173.46875;2.999999761581421;328.5;2.000000238418579;;1;82129;m2;199183;0;
..\..\world\generic\orc\passivedoodads\jars\jarorc05.m2;19259.720703125;9.212481498718262;20173.654296875;5;179.9066162109375;6.500000476837158;;1.009765625;82128;m2;199183;0;
..\..\world\generic\orc\passivedoodads\jars\jarorc06.m2;19232.287109375;9.03359603881836;20102.37890625;-6.499999523162842;0;-5.5;;1;80798;m2;199184;0;
..\..\world\generic\human\passivedoodads\bottles\bottle01.m2;19225.6171875;9.348079681396484;20104.646484375;3;21;12;;1;80789;m2;198057;0;
..\..\world\generic\orc\passivedoodads\bowls\bowlwood02.m2;19732.013671875;10.300138473510742;20189.767578125;42.999996185302734;132.7078857421875;-7.499998569488525;;0.8427734375;82373;m2;199122;0;
..\..\world\generic\orc\passivedoodads\bowls\bowlwood02.m2;19579.5859375;11.388978958129883;20059.87109375;0;226.3362579345703;0;;0.8251953125;82256;m2;199122;0;
..\..\world\generic\orc\passivedoodads\jars\jarorc06.m2;19345.36328125;9.383085250854492;20162.626953125;-6.5;338;-1.5;;1;80743;m2;199184;0;
..\..\world\generic\human\passivedoodads\bottles\bottle01.m2;19225.95703125;9.387862205505371;20105.39453125;2.5;348.5;-7.000000476837158;;1;80788;m2;198057;0;
..\..\world\generic\orc\passivedoodads\jars\jarorc05.m2;19535.0625;10.237741470336914;20255.33984375;0;36.6734619140625;0;;1;383432;m2;199183;0;
..\..\world\generic\orc\passivedoodads\jars\jarorc06.m2;19345.6484375;9.430238723754883;20161.982421875;0.5;0;7.000000953674316;;1;80742;m2;199184;0;
..\..\world\generic\orc\passivedoodads\jars\jarorc05.m2;19259.359375;9.199918746948242;20173.232421875;-9.5;0;-83;;1;82130;m2;199183;0;
..\..\world\generic\human\passivedoodads\bottles\bottle01.m2;19337.173828125;9.418243408203125;20164.9921875;-1;0;-4.5;;1;80729;m2;198057;0;
..\..\world\generic\orc\passivedoodads\jars\jarorc01.m2;19224.451171875;9.750469207763672;20105.80078125;-13.5;344;12.000000953674316;;1;80797;m2;199179;0;
..\..\world\azeroth\theblastedlands\passivedoodads\bones\blastedlandsskull01.m2;19366.759765625;9.319478034973145;19987.923828125;17.500001907348633;316;-14.500001907348633;;1;80813;m2;190439;0;
..\..\world\generic\human\passivedoodads\bottles\bottle01.m2;19647.044921875;34.9683723449707;19966.580078125;0;0;0;;1;83075;m2;198057;0;
..\..\world\azeroth\elwynn\passivedoodads\jars\jar01.m2;19291.8515625;31.383676528930664;19911.8203125;0;345;0;;1;84624;m2;189815;0;
..\..\world\azeroth\elwynn\passivedoodads\detail\elwynnrock2\elwynnrock2.m2;19230.5625;9.459190368652344;20107.33984375;0;113.95366668701172;0;;1.1572265625;80800;m2;189770;0;
..\..\world\generic\orc\passivedoodads\bowls\bowlwood02.m2;19260.935546875;9.089388847351074;20166.798828125;3.999999523162842;0;-0.5;;1;82134;m2;199122;0;
..\..\world\generic\orc\passivedoodads\jars\jarorc04.m2;19224.142578125;9.83791446685791;20105.013671875;-16.499998092651367;328.5;-10;;1;80796;m2;199182;0;
..\..\world\generic\orc\passivedoodads\bowls\bowlwood01.m2;19732.013671875;10.189027786254883;20188.927734375;0.9999998807907104;152.7366943359375;-39.999996185302734;;1.140625;82372;m2;199121;0;
..\..\world\generic\orc\passivedoodads\jars\jarorc06.m2;19571.15234375;11.320798873901367;20063.47265625;0;0;0;;1;82247;m2;199184;0;
..\..\world\azeroth\elwynn\passivedoodads\jars\jar02.m2;19292.185546875;31.38472557067871;19911.421875;0;29.5;0;;1;84625;m2;189816;0;
..\..\world\azeroth\elwynn\passivedoodads\detail\elwynnrock2\elwynnrock2.m2;19260.71484375;9.089388847351074;20168.458984375;0;276.4024353027344;0;;1.2578125;82125;m2;189770;0;
..\..\world\generic\orc\passivedoodads\bowls\bowlwood01.m2;19579.06640625;11.388117790222168;20060.279296875;0;104.1865234375;0;;1.134765625;82258;m2;199121;0;
..\..\world\azeroth\elwynn\passivedoodads\detail\elwynnrock1\elwynnrock1.m2;19641.703125;33.853660583496094;19973.9296875;0;357.61590576171875;0;;1.4375;83088;m2;189768;0;
..\..\world\azeroth\theblastedlands\passivedoodads\bones\blastedlandsskull01.m2;19371.072265625;10.067926406860352;19985.58203125;17.5;352.5;5;;1;80809;m2;190439;0;
..\..\world\generic\orc\passivedoodads\jars\jarorc02.m2;19535.70703125;10.229085922241211;20255.138671875;0;57.65802001953125;0;;1;383431;m2;199180;0;
..\..\world\generic\orc\passivedoodads\jars\jarorc02.m2;19591.05078125;11.392095565795898;20064.755859375;0;25.5;0;;1;82263;m2;199180;0;
..\..\world\azeroth\elwynn\passivedoodads\detail\elwynnrock1\elwynnrock1.m2;19230.18359375;9.459190368652344;20107.224609375;0;23.753173828125;0;;1.0517578125;80801;m2;189768;0;
..\..\world\generic\orc\passivedoodads\jars\jarorc01.m2;19230.861328125;9.403635025024414;20109.3671875;3.000000238418579;207.54905700683594;1.500000238418579;;0.9423828125;80803;m2;199179;0;
..\..\world\generic\orc\passivedoodads\bowls\bowlwood01.m2;19260.34375;9.089388847351074;20167.392578125;16.999998092651367;5;-44.000003814697266;;1;82136;m2;199121;0;
..\..\world\azeroth\elwynn\passivedoodads\detail\elwynnrock1\elwynnrock1.m2;19321.513671875;9.243874549865723;20091.642578125;0;60.4156494140625;0;;1;80749;m2;189768;0;
..\..\world\generic\orc\passivedoodads\jars\jarorc01.m2;19343.318359375;9.45280933380127;20177.2890625;0;346;0;;1;80741;m2;199179;0;
..\..\world\generic\human\passivedoodads\bottles\greenbottle02.m2;19337.125;9.369545936584473;20165.46484375;-0.4999975562095642;50;14.000000953674316;;1;80728;m2;198061;0;
..\..\world\generic\human\passivedoodads\bottles\greenbottle02.m2;19337.419921875;9.447190284729004;20165.400390625;0;0;-10.5;;1;80727;m2;198061;0;
..\..\world\generic\orc\passivedoodads\jars\jarorc02.m2;19591.24609375;11.392095565795898;20064.33203125;0;0;0;;1;82262;m2;199180;0;
..\..\world\generic\orc\passivedoodads\jars\jarorc01.m2;19590.71484375;11.392095565795898;20064.50390625;0;0;0;;1;82264;m2;199179;0;
..\..\world\generic\orc\passivedoodads\jars\jarorc04.m2;19224.658203125;9.691951751708984;20105.0625;-6;0;-13.5;;1;80795;m2;199182;0;
..\..\world\generic\human\passivedoodads\bottles\greenbottle02.m2;19225.58203125;9.411947250366211;20105.18359375;0;359;0;;1;80790;m2;198061;0;
..\..\world\azeroth\elwynn\passivedoodads\detail\elwynnrock2\elwynnrock2.m2;19322.896484375;9.243874549865723;20091.26953125;0;185.6636199951172;0;;1;80747;m2;189770;0;
..\..\world\azeroth\elwynn\passivedoodads\detail\elwynnrock1\elwynnrock1.m2;19230.728515625;9.459190368652344;20108.6171875;0;14.01898193359375;0;;0.98828125;80802;m2;189768;0;
..\..\world\generic\orc\passivedoodads\jars\jarorc04.m2;19342.83203125;9.473050117492676;20177.33203125;0.5;0;-4.999999523162842;;1;80740;m2;199182;0;
..\..\world\generic\orc\passivedoodads\jars\jarorc04.m2;19571.69140625;11.33181381225586;20063.763671875;0;0;-5;;1;82248;m2;199182;0;
..\..\world\azeroth\elwynn\passivedoodads\detail\elwynnrock1\elwynnrock1.m2;19323.099609375;9.243874549865723;20091.59765625;0;349.0353088378906;0;;1;80748;m2;189768;0;
..\..\world\generic\orc\passivedoodads\bowls\bowlwood01.m2;19259.986328125;9.089388847351074;20167.23828125;5.5;0;0;;1;82135;m2;199121;0;
..\..\world\azeroth\theblastedlands\passivedoodads\bones\blastedlandsskull01.m2;19730.890625;10.300138473510742;20188.013671875;0;0;0;;1;82365;m2;190439;0;
..\..\world\azeroth\theblastedlands\passivedoodads\bones\blastedlandsbone01.m2;19268.771484375;9.100653648376465;20175.703125;0;339;0;;1;80772;m2;190436;0;
..\..\world\azeroth\theblastedlands\passivedoodads\bones\blastedlandsbone01.m2;19371.591796875;9.318241119384766;19987.47265625;0;263;0;;1;80810;m2;190436;0;
..\..\world\azeroth\theblastedlands\passivedoodads\bones\blastedlandsbone01.m2;19367.9921875;8.443803787231445;19989.39453125;0;0;0;;1;80812;m2;190436;0;
..\..\world\azeroth\theblastedlands\passivedoodads\bones\blastedlandsbone01.m2;19730.68359375;10.300138473510742;20188.486328125;0;253.41836547851562;0;;0.96484375;82369;m2;190436;0;
..\..\world\azeroth\theblastedlands\passivedoodads\bones\blastedlandsbone01.m2;19730.83203125;10.300138473510742;20190.142578125;0;293.79437255859375;0;;0.935546875;82370;m2;190436;0;
..\..\world\azeroth\theblastedlands\passivedoodads\bones\blastedlandsbone01.m2;19731.046875;10.300138473510742;20189.236328125;0;66.09576416015625;0;;0.8837890625;82367;m2;190436;0;
..\..\world\azeroth\theblastedlands\passivedoodads\bones\blastedlandsbone01.m2;19730.767578125;10.300138473510742;20188.27734375;0;66.11773681640625;0;;0.8837890625;82368;m2;190436;0;
..\..\world\azeroth\theblastedlands\passivedoodads\bones\blastedlandsbone01.m2;19267.73046875;8.960688591003418;20174.623046875;0;347.5;0;;0.869140625;80770;m2;190436;0;
..\..\world\wmo\dungeon\md_crypt\md_crypt.wmo;19287.25;30.7672061920166;19911.712890625;0;177.5;0;0;1;101741;wmo;110602;0;Set_$DefaultGlobal
..\..\world\wmo\khazmodan\buildings\dwarven_tavern\wetlands_tavern\wet_tavern.wmo;19396.49609375;87.74555969238281;19695.28515625;0;180;0;0;1;125890;wmo;113958;0;Set_$DefaultGlobal
..\..\world\wmo\khazmodan\buildings\dwarven_1story_hovel\mud_hovel\mud_hovel.wmo;19445.87890625;89.6536636352539;19713.56640625;0;177;0;0;1;125895;wmo;113869;0;Set_$DefaultGlobal
..\..\world\wmo\azeroth\collidabledoodads\elwynn\widebridge\elwynnwidebridge.wmo;19515.50390625;6.976386070251465;20237.87109375;0;18.5;0;0;1;188812;wmo;108121;0;Set_$DefaultGlobal
