ModelFile;PositionX;PositionY;PositionZ;RotationX;RotationY;RotationZ;RotationW;ScaleFactor;ModelId;Type;FileDataID;DoodadSetIndexes;DoodadSetNames
..\..\world\lordaeron\plagueland\passivedoodads\trees\plaguelandtree11.m2;21411.484375;51.34614562988281;14939.0830078125;0;345.5;0;;3.2490234375;221852;m2;203808;0;
..\..\world\lordaeron\plagueland\passivedoodads\trees\plaguelandtree09.m2;21603;84.93688201904297;15167.8173828125;0;337.5;0;;1.0693359375;220300;m2;203806;0;
..\..\world\lordaeron\plagueland\passivedoodads\trees\plaguelandtree09.m2;21874.5;75.81941986083984;14960.4384765625;0;325.5;0;;1.0693359375;221749;m2;203806;0;
..\..\world\lordaeron\plagueland\passivedoodads\trees\plaguelandtree09.m2;21638.2265625;80.89793395996094;15146.1865234375;0;0;0;;1;220267;m2;203806;0;
..\..\world\lordaeron\plagueland\passivedoodads\trees\plaguelandtree09.m2;21537.556640625;81.92961120605469;15427.2822265625;0;0;0;;1;220325;m2;203806;0;
..\..\world\lordaeron\plagueland\passivedoodads\trees\plaguelandtree09.m2;21886.53515625;102.45997619628906;15228.93359375;0;0;0;;1;220476;m2;203806;0;
..\..\world\lordaeron\plagueland\passivedoodads\trees\plaguelandtree09.m2;21837.74609375;76.8738784790039;15310.505859375;0;0;0;;1;220531;m2;203806;0;
..\..\world\lordaeron\plagueland\passivedoodads\trees\plaguelandtree09.m2;21805.703125;86.92160034179688;15251.7177734375;0;0;0;;1;220534;m2;203806;0;
..\..\world\lordaeron\plagueland\passivedoodads\trees\plaguelandtree11.m2;21811.45703125;63.9459228515625;15282.775390625;0;278.5;0;;2.359375;220537;m2;203808;0;
..\..\world\lordaeron\plagueland\passivedoodads\trees\plaguelandtree09.m2;21792.67578125;78.20755767822266;15001.7080078125;0;0;0;;0.869140625;221085;m2;203806;0;
..\..\world\lordaeron\tirisfalglade\passivedoodads\trees\tirisfallfallentree01.m2;21591.45703125;81.98440551757812;15475.4716796875;-3;14.5;-5.500001430511475;;1;220332;m2;204125;0;
..\..\world\lordaeron\plagueland\passivedoodads\trees\plaguelandtree09.m2;21362.76953125;91.33526611328125;15322.3916015625;0;338.5;0;;0.859375;214784;m2;203806;0;
..\..\world\lordaeron\plagueland\passivedoodads\trees\plaguelandtree09.m2;21666.693359375;73.87415313720703;15220.603515625;0;316.5;0;;0.859375;220504;m2;203806;0;
..\..\world\critter\birds\bird02.m2;21585.8828125;79.56006622314453;15028.9541015625;0;84;0;;1;220197;m2;190720;0;
..\..\world\lordaeron\tirisfalglade\passivedoodads\trees\tirisfallfallentree01.m2;21317.416015625;85.84798431396484;15207.43359375;-4.000000476837158;46.5;-4.999998569488525;;1;214770;m2;204125;0;
..\..\world\critter\birds\bird02.m2;21543.796875;89.57530975341797;15050.9609375;0;179.5;0;;1;220196;m2;190720;0;
..\..\world\critter\birds\bird02.m2;21583.61328125;89.32903289794922;15019.7197265625;0;0;0;;1;220195;m2;190720;0;
..\..\world\lordaeron\plagueland\passivedoodads\trees\plaguelandtree09.m2;21416.822265625;87.13906860351562;15279.0673828125;0;302;0;;0.8291015625;220346;m2;203806;0;
..\..\world\lordaeron\plagueland\passivedoodads\trees\plaguelandtree09.m2;21564.349609375;76.75309753417969;14976.7802734375;1.0000001192092896;0;1;;0.8095703125;219752;m2;203806;0;
..\..\world\lordaeron\plagueland\passivedoodads\trees\plaguelandtree11.m2;21472.109375;71.23468780517578;15266.166015625;0;344.5;0;;1.9892578125;214851;m2;203808;0;
..\..\world\lordaeron\plagueland\passivedoodads\trees\plaguelandtree02.m2;21430.92578125;76.23561096191406;15375.076171875;0;286.5;0;;1.2490234375;214842;m2;203799;0;
..\..\world\lordaeron\plagueland\passivedoodads\trees\plaguelandtree02.m2;21411.53125;101.58139038085938;15233.0546875;0;286.5;0;;1.2490234375;214847;m2;203799;0;
..\..\world\lordaeron\plagueland\passivedoodads\trees\plaguelandtree02.m2;21720.62890625;85.72161865234375;15095.4580078125;0;286.5;0;;1.2490234375;220307;m2;203799;0;
..\..\world\lordaeron\plagueland\passivedoodads\trees\plaguelandtree02.m2;21802.7421875;83.49797058105469;15031.6171875;0;239.50001525878906;0;;1.2490234375;220498;m2;203799;0;
..\..\world\lordaeron\plagueland\passivedoodads\trees\plaguelandtree11.m2;21674.50390625;63.57028579711914;15127.380859375;0;0;0;;1.94921875;220280;m2;203808;0;
..\..\world\lordaeron\plagueland\passivedoodads\trees\plaguelandtree09.m2;21787.677734375;86.86371612548828;15031.5146484375;0;0;0;;0.779296875;221083;m2;203806;0;
..\..\world\lordaeron\plagueland\passivedoodads\trees\plaguelandtree09.m2;21368.041015625;81.98193359375;15260.1015625;0;0;0;;0.779296875;220350;m2;203806;0;
..\..\world\lordaeron\plagueland\passivedoodads\trees\plaguelandtree11.m2;21408.265625;68.87279510498047;15387.2421875;0;350;0;;1.9091796875;214846;m2;203808;0;
..\..\world\lordaeron\tirisfalglade\passivedoodads\trees\tirisfallfallentree01.m2;21564.03515625;72.49766540527344;14955.060546875;-2.500000238418579;9.5;3.000000476837158;;0.8994140625;219536;m2;204125;0;
..\..\world\lordaeron\plagueland\passivedoodads\trees\plaguelandtree11.m2;21486.6875;62.03659439086914;14965.4541015625;0;34.5;0;;1.8896484375;219776;m2;203808;0;
..\..\world\lordaeron\plagueland\passivedoodads\trees\plaguelandtree09.m2;21758.06640625;94.36900329589844;15163.87109375;0;71.764892578125;0;;0.75;220318;m2;203806;0;
..\..\world\lordaeron\plagueland\passivedoodads\trees\plaguelandtree11.m2;21872.3671875;93.6931381225586;15234.029296875;0;224.5;0;;1.8095703125;220477;m2;203808;0;
..\..\world\lordaeron\plagueland\passivedoodads\trees\plaguelandtree01.m2;21775.671875;82.58580780029297;15442.44921875;-4.499999523162842;0;7.500000953674316;;1;220445;m2;203798;0;
..\..\world\lordaeron\tirisfalglade\passivedoodads\trees\tirisfallfallentree04.m2;21596.029296875;84.4966049194336;15138.21484375;-62.99999237060547;37;-23.0000057220459;;1;220261;m2;204128;0;
..\..\world\lordaeron\plagueland\passivedoodads\trees\plaguelandtree11.m2;21472.83984375;72.757080078125;15203.2685546875;0;338;0;;1.7890625;214767;m2;203808;0;
..\..\world\lordaeron\plagueland\passivedoodads\trees\plaguelandtree09.m2;21477.671875;97.90511322021484;15459.2666015625;0;341.5;0;;0.7197265625;220343;m2;203806;0;
..\..\world\lordaeron\plagueland\passivedoodads\trees\plaguelandtree11.m2;21351.2265625;72.15533447265625;15178.1171875;0;317;0;;1.779296875;219575;m2;203808;0;
..\..\world\lordaeron\plagueland\passivedoodads\trees\plaguelandtree09.m2;21579.55859375;77.46522521972656;15190.7216796875;0;0;0;;0.7099609375;220301;m2;203806;0;
..\..\world\lordaeron\plagueland\passivedoodads\trees\plaguelandtree09.m2;21858.1328125;97.72772979736328;15117.498046875;0;314;0;;0.7099609375;220543;m2;203806;0;
..\..\world\lordaeron\tirisfalglade\passivedoodads\trees\tirisfallfallentree04.m2;21672.421875;78.86278533935547;15113.201171875;-34.999996185302734;175.5;-15.999993324279785;;1;220276;m2;204128;0;
..\..\world\lordaeron\plagueland\passivedoodads\trees\plaguelandtree09.m2;21822.78125;109.16339111328125;15191.849609375;0;0;0;;0.689453125;220483;m2;203806;0;
..\..\world\lordaeron\plagueland\passivedoodads\trees\plaguelandtree09.m2;21617.42578125;83.2604751586914;15154.400390625;0;0;0;;0.689453125;220299;m2;203806;0;
..\..\world\lordaeron\plagueland\passivedoodads\trees\plaguelandtree09.m2;21663.927734375;79.10761260986328;15478.18359375;0;0;0;;0.689453125;220461;m2;203806;0;
..\..\world\lordaeron\tirisfalglade\passivedoodads\trees\tirisfallfallentree04.m2;21591.96875;75.5960922241211;15201.9990234375;1;53;0;;1;220260;m2;204128;0;
..\..\world\lordaeron\plagueland\passivedoodads\trees\plaguedfallentree01.m2;21843.826171875;97.6908950805664;15471.4833984375;-8.856840133666992;108.37026977539062;-108.37708282470703;;1;67556365;m2;203783;0;
..\..\world\lordaeron\plagueland\passivedoodads\trees\plaguelandtree01.m2;21377.70703125;86.35098266601562;15206.521484375;0;63.5;0;;1;214769;m2;203798;0;
..\..\world\lordaeron\plagueland\passivedoodads\trees\plaguelandtree09.m2;21548.12890625;80.10317993164062;15426.3984375;0;300;0;;0.669921875;220327;m2;203806;0;
..\..\world\lordaeron\plagueland\passivedoodads\trees\plaguelandtree09.m2;21452.1640625;79.28356170654297;15179.73046875;0;0;0;;0.669921875;220150;m2;203806;0;
..\..\world\lordaeron\plagueland\passivedoodads\trees\plaguelandtree09.m2;21727.94140625;80.44840240478516;15270.0810546875;0;0;0;;0.669921875;220521;m2;203806;0;
..\..\world\lordaeron\plagueland\passivedoodads\trees\plaguelandtree09.m2;21513.8203125;81.81198120117188;15390.0361328125;0;302.5;0;;0.669921875;220320;m2;203806;0;
..\..\world\lordaeron\plagueland\passivedoodads\trees\plaguelandtree11.m2;21452.701171875;73.41597747802734;15131.865234375;0;0;0;;1.6396484375;219542;m2;203808;0;
..\..\world\lordaeron\plagueland\passivedoodads\trees\plaguelandtree11.m2;21373.8125;84.59223175048828;15380.857421875;0;0;0;;1.6396484375;220370;m2;203808;0;
..\..\world\lordaeron\plagueland\passivedoodads\trees\plaguelandtree09.m2;21418.857421875;83.8028793334961;15285.91796875;0;0;0;;0.6591796875;220347;m2;203806;0;
..\..\world\lordaeron\plagueland\passivedoodads\trees\plaguelandtree09.m2;21643.92578125;74.79261779785156;15057.4267578125;0;0;0;;0.6396484375;220289;m2;203806;0;
..\..\world\lordaeron\plagueland\passivedoodads\trees\plaguelandtree02.m2;21331.4609375;87.64102935791016;15306.4833984375;0;15;0;;1;214780;m2;203799;0;
..\..\world\lordaeron\plagueland\passivedoodads\trees\plaguelandtree02.m2;21613.7734375;83.8515396118164;15162.1396484375;0;351.5;0;;1;220296;m2;203799;0;
..\..\world\lordaeron\plagueland\passivedoodads\trees\plaguelandtree02.m2;21715.3984375;86.5813980102539;15081.5966796875;0;0;0;;1;220306;m2;203799;0;
..\..\world\lordaeron\plagueland\passivedoodads\trees\plaguelandtree02.m2;21725.625;89.1578140258789;15156.3623046875;0;297.1123046875;0;;1;220316;m2;203799;0;
..\..\world\lordaeron\plagueland\passivedoodads\trees\plaguelandtree02.m2;21809.099609375;102.3823013305664;15203.763671875;0;0;0;;1;220486;m2;203799;0;
..\..\world\lordaeron\plagueland\passivedoodads\trees\plaguelandtree02.m2;21643.625;79.70682525634766;15194.1240234375;0;353;0;;1;220502;m2;203799;0;
..\..\world\lordaeron\plagueland\passivedoodads\trees\plaguelandtree02.m2;21738.5859375;87.97992706298828;15216.509765625;0;0;0;;1;220525;m2;203799;0;
..\..\world\lordaeron\plagueland\passivedoodads\trees\plaguelandtree02.m2;21342.36328125;82.04441833496094;15121.9765625;0;0;0;;1;214779;m2;203799;0;
..\..\world\lordaeron\plagueland\passivedoodads\trees\plaguelandtree02.m2;21324.95703125;74.69447326660156;14991.7265625;0;0;0;;1;214813;m2;203799;0;
..\..\world\lordaeron\plagueland\passivedoodads\trees\plaguelandtree02.m2;21435.66015625;88.48530578613281;15394.4404296875;0;350;0;;1;214845;m2;203799;0;
..\..\world\lordaeron\plagueland\passivedoodads\trees\plaguelandtree02.m2;21527.84375;72.77779388427734;14922.8759765625;0;303;0;;1;219766;m2;203799;0;
..\..\world\lordaeron\plagueland\passivedoodads\trees\plaguelandtree02.m2;21371.58984375;76.89322662353516;15273.865234375;0;0;0;;1;220348;m2;203799;0;
..\..\world\lordaeron\plagueland\passivedoodads\trees\plaguelandtree02.m2;21709.998046875;73.79972076416016;14918.94921875;0;290.5;0;;1;221722;m2;203799;0;
..\..\world\lordaeron\plagueland\passivedoodads\trees\plaguelandtree02.m2;21810.544921875;74.1507797241211;14946.2392578125;0;10.5;0;;1;221728;m2;203799;0;
..\..\world\lordaeron\plagueland\passivedoodads\trees\plaguelandtree02.m2;21848.4140625;88.24681854248047;15085.2236328125;0;356;0;;1;220487;m2;203799;0;
..\..\world\lordaeron\plagueland\passivedoodads\trees\plaguelandtree02.m2;21791.80859375;93.66313934326172;15048.287109375;0;303;0;;1;220496;m2;203799;0;
..\..\world\lordaeron\plagueland\passivedoodads\trees\plaguelandtree02.m2;21872.693359375;94.99797821044922;15114.103515625;0;0;0;;1;220540;m2;203799;0;
..\..\world\lordaeron\plagueland\passivedoodads\trees\plaguelandtree11.m2;21674.69921875;63.55571746826172;14953.01171875;0;357.5;0;;1.5791015625;221737;m2;203808;0;
..\..\world\lordaeron\plagueland\passivedoodads\trees\plaguelandtree09.m2;21361.41015625;76.73313903808594;15280.025390625;0;332.5;0;;0.6298828125;220349;m2;203806;0;
..\..\world\lordaeron\plagueland\passivedoodads\trees\plaguelandtree13.m2;21391.947265625;90.3641128540039;15201.24609375;0;0;0;;1;214768;m2;203810;0;
..\..\world\lordaeron\plagueland\passivedoodads\trees\plaguelandtree13.m2;21592.193359375;83.5297622680664;15464.3642578125;0;0;0;;1;220331;m2;203810;0;
..\..\world\lordaeron\plagueland\passivedoodads\trees\plaguelandtree13.m2;21832.08203125;81.47696685791016;15406.3671875;0;0;0;;1;220443;m2;203810;0;
..\..\world\lordaeron\plagueland\passivedoodads\trees\plaguelandtree13.m2;21498.80078125;73.77965545654297;15343.19921875;0;0;0;;1;220337;m2;203810;0;
..\..\world\lordaeron\plagueland\passivedoodads\trees\plaguelandtree13.m2;21753.3515625;91.95134735107422;15121.365234375;0;203.37411499023438;0;;1;220314;m2;203810;0;
..\..\world\lordaeron\plagueland\passivedoodads\trees\plaguelandtree02.m2;21561.984375;76.11048126220703;15127.5029296875;0;0;0;;0.9697265625;219579;m2;203799;0;
..\..\world\lordaeron\plagueland\passivedoodads\trees\plaguedfallentree01.m2;21769.51171875;48.11696243286133;15363.998046875;0;268.5;0;;1;567845;m2;203783;0;
..\..\world\lordaeron\plagueland\passivedoodads\trees\plaguelandtree09.m2;21757.796875;93.80680847167969;15160.77734375;0;62.538909912109375;0;;0.609375;220317;m2;203806;0;
..\..\world\lordaeron\plagueland\passivedoodads\trees\plaguelandtree09.m2;21681.4609375;76.87747192382812;15027.3759765625;0;3.197113037109375;0;;0.609375;220311;m2;203806;0;
..\..\world\lordaeron\plagueland\passivedoodads\trees\plaguelandtree13.m2;21517.75390625;79.53663635253906;15158.7578125;0;331.5;0;;0.9794921875;219537;m2;203810;0;
..\..\world\lordaeron\plagueland\passivedoodads\trees\plaguelandtree11.m2;21656.041015625;74.63632202148438;15220.494140625;0;329;0;;1.4990234375;220506;m2;203808;0;
..\..\world\lordaeron\plagueland\passivedoodads\trees\plaguelandtree10.m2;21446.802734375;84.28141784667969;15382.05859375;0;350;0;;1.2490234375;214844;m2;203807;0;
..\..\world\lordaeron\plagueland\passivedoodads\trees\plaguelandtree10.m2;21544.5;74.25886535644531;14922.5791015625;0;303;0;;1.2490234375;219764;m2;203807;0;
..\..\world\lordaeron\plagueland\passivedoodads\trees\plaguelandtree10.m2;21808.46484375;93.37294006347656;15047.9892578125;0;303;0;;1.2490234375;220497;m2;203807;0;
..\..\world\lordaeron\plagueland\passivedoodads\trees\plaguelandtree10.m2;21726.322265625;73.80830383300781;14922.263671875;0;290.5;0;;1.2490234375;221718;m2;203807;0;
..\..\world\lordaeron\plagueland\passivedoodads\trees\plaguelandtree10.m2;21419.546875;98.7250747680664;15221.4072265625;0;350;0;;1.2490234375;214848;m2;203807;0;
..\..\world\lordaeron\plagueland\passivedoodads\trees\plaguelandtree10.m2;21728.640625;88.68560028076172;15083.80859375;0;350;0;;1.2490234375;220308;m2;203807;0;
..\..\world\lordaeron\plagueland\passivedoodads\trees\plaguelandtree09.m2;21830.56640625;93.43539428710938;15079.630859375;0;0;0;;0.599609375;220489;m2;203806;0;
..\..\world\lordaeron\tirisfalglade\passivedoodads\trees\tirisfallfallentree01.m2;21644.1640625;75.55384063720703;15358.025390625;-4.500000953674316;107.50006103515625;-0.5000009536743164;;0.689453125;235361;m2;204125;0;
..\..\world\lordaeron\plagueland\passivedoodads\trees\plaguelandtree09.m2;21642.57421875;82.49850463867188;15146.166015625;0;0;0;;0.58984375;220266;m2;203806;0;
..\..\world\lordaeron\plagueland\passivedoodads\trees\plaguelandtree09.m2;21740.9375;90.7858657836914;15201.6748046875;0;344;0;;0.58984375;220527;m2;203806;0;
..\..\world\lordaeron\plagueland\passivedoodads\trees\plaguelandtree09.m2;21829.78515625;76.5313491821289;15326.5048828125;0;347.5;0;;0.5791015625;220529;m2;203806;0;
..\..\world\lordaeron\plagueland\passivedoodads\trees\plaguelandtree09.m2;21805.31640625;76.75401306152344;14938.1123046875;0;10.5;0;;0.5791015625;221727;m2;203806;0;
..\..\world\lordaeron\plagueland\passivedoodads\trees\plaguelandtree13.m2;21881.421875;87.5531997680664;15280.62109375;0;349;0;;0.919921875;220510;m2;203810;0;
..\..\world\lordaeron\plagueland\passivedoodads\trees\plaguelandtree09.m2;21640.00390625;78.0201416015625;15354.650390625;0;333.5;0;;0.5693359375;235362;m2;203806;0;
..\..\world\lordaeron\plagueland\passivedoodads\trees\plaguelandtree08.m2;21852.537109375;105.65278625488281;15213.888671875;0;0;0;;1;220478;m2;203805;0;
..\..\world\lordaeron\plagueland\passivedoodads\trees\plaguelandtree08.m2;21832.50390625;76.25572204589844;15318.0546875;0;0;0;;1;220528;m2;203805;0;
..\..\world\lordaeron\plagueland\passivedoodads\trees\plaguelandtree08.m2;21751.328125;87.62677764892578;15247.5478515625;0;0;0;;1;220519;m2;203805;0;
..\..\world\lordaeron\plagueland\passivedoodads\trees\plaguelandtree08.m2;21814.3984375;81.96208953857422;15023.41796875;0;0;0;;1;221082;m2;203805;0;
..\..\world\lordaeron\plagueland\passivedoodads\trees\plaguelandtree09.m2;21515.76171875;102.01667785644531;15482.3359375;0;317;0;;0.5595703125;220342;m2;203806;0;
..\..\world\lordaeron\plagueland\passivedoodads\trees\plaguelandtree09.m2;21565.92578125;75.04126739501953;15117.541015625;0;0;0;;0.5498046875;219581;m2;203806;0;
..\..\world\lordaeron\plagueland\passivedoodads\trees\plaguelandtree09.m2;21651.904296875;80.37559509277344;15135.38671875;0;0;0;;0.5498046875;220268;m2;203806;0;
..\..\world\lordaeron\plagueland\passivedoodads\trees\plaguelandtree09.m2;21518.12109375;85.3781509399414;15402.7802734375;0;337.5;0;;0.5498046875;220324;m2;203806;0;
..\..\world\lordaeron\plagueland\passivedoodads\trees\plaguelandtree11.m2;21420.15625;74.5455093383789;14938.27734375;0;2;0;;1.359375;221851;m2;203808;0;
..\..\world\lordaeron\plagueland\passivedoodads\trees\plaguelandtree09.m2;21537.623046875;82.08222198486328;15418.8671875;0;318.5;0;;0.5390625;220326;m2;203806;0;
..\..\world\lordaeron\plagueland\passivedoodads\trees\plaguelandtree11.m2;21342.669921875;71.69300079345703;15135.5927734375;0;307.5;0;;1.3291015625;220146;m2;203808;0;
..\..\world\lordaeron\plagueland\passivedoodads\trees\plaguelandtree09.m2;21471.734375;81.037109375;15273.3427734375;0;338.5;0;;0.529296875;214849;m2;203806;0;
..\..\world\lordaeron\plagueland\passivedoodads\trees\plaguelandtree09.m2;21479.505859375;79.48399353027344;15274.9736328125;0;304;0;;0.529296875;214850;m2;203806;0;
..\..\world\lordaeron\plagueland\passivedoodads\trees\plaguelandtree09.m2;21446.044921875;76.98992156982422;15365.583984375;0;350;0;;0.529296875;214843;m2;203806;0;
..\..\world\lordaeron\plagueland\passivedoodads\trees\plaguelandtree09.m2;21819.99609375;89.69791412353516;15036.201171875;0;303;0;;0.529296875;220499;m2;203806;0;
..\..\world\lordaeron\plagueland\passivedoodads\trees\plaguelandtree09.m2;21587.232421875;82.27568054199219;15453.107421875;0;0;0;;0.529296875;220340;m2;203806;0;
..\..\world\lordaeron\plagueland\passivedoodads\trees\plaguelandtree11.m2;21526.17578125;78.6248779296875;15170.5703125;0;0;0;;1.3095703125;219541;m2;203808;0;
..\..\world\lordaeron\plagueland\passivedoodads\trees\plaguelandtree09.m2;21360.50390625;83.0796127319336;15262.318359375;0;332.5;0;;0.51953125;220351;m2;203806;0;
..\..\world\lordaeron\plagueland\passivedoodads\trees\plaguelandtree09.m2;21853.974609375;88.7945785522461;15075.2236328125;0;354.5;0;;0.51953125;220490;m2;203806;0;
..\..\world\lordaeron\plagueland\passivedoodads\trees\plaguelandtree09.m2;21678.388671875;75.38628387451172;15099.333984375;0;322.5;0;;0.51953125;220277;m2;203806;0;
..\..\world\lordaeron\plagueland\passivedoodads\trees\plaguelandtree09.m2;21676.654296875;74.6578140258789;15058.8134765625;0;0;0;;0.51953125;220288;m2;203806;0;
..\..\world\lordaeron\plagueland\passivedoodads\trees\plaguelandtree11.m2;21675.58984375;75.2499008178711;14945.888671875;0;0;0;;1.2890625;221736;m2;203808;0;
..\..\world\lordaeron\plagueland\passivedoodads\trees\plaguelandtree11.m2;21493.3046875;64.67395782470703;14968.478515625;0;0;0;;1.279296875;219777;m2;203808;0;
..\..\world\lordaeron\plagueland\passivedoodads\trees\plaguelandtree11.m2;21586.091796875;69.88631439208984;15190.587890625;0;265.5;0;;1.26953125;220302;m2;203808;0;
..\..\world\lordaeron\plagueland\passivedoodads\trees\plaguelandtree09.m2;21523.599609375;75.5635757446289;14970.791015625;0;0;0;;0.509765625;219779;m2;203806;0;
..\..\world\lordaeron\plagueland\passivedoodads\trees\plaguelandtree08.m2;21502.884765625;83.37239074707031;15388.419921875;0;348;0;;0.8994140625;220321;m2;203805;0;
..\..\world\lordaeron\plagueland\passivedoodads\trees\plaguelandtree11.m2;21736.265625;90.0093765258789;15201.9521484375;0;281;0;;1.25;220526;m2;203808;0;
..\..\world\lordaeron\plagueland\passivedoodads\trees\plaguelandtree09.m2;21452.474609375;73.83030700683594;15078.865234375;0;0;0;;0.5;219550;m2;203806;0;
..\..\world\lordaeron\plagueland\passivedoodads\trees\plaguelandtree09.m2;21478.28515625;83.5201416015625;15199.365234375;0;0;0;;0.5;214765;m2;203806;0;
..\..\world\lordaeron\plagueland\passivedoodads\trees\plaguelandtree09.m2;21398.20703125;76.39324951171875;15170.80859375;0;350.5;0;;0.5;220149;m2;203806;0;
..\..\world\lordaeron\plagueland\passivedoodads\trees\plaguelandtree09.m2;21417.478515625;73.70487976074219;14944.763671875;0;0;0;;0.4990234375;221853;m2;203806;0;
..\..\world\lordaeron\plagueland\passivedoodads\trees\plaguelandtree08.m2;21834.828125;91.96658325195312;15089.365234375;0;0;0;;0.8798828125;220488;m2;203805;0;
..\..\world\lordaeron\plagueland\passivedoodads\trees\plaguelandtree09.m2;21659.24609375;74.63956451416016;14984.0029296875;0;0;0;;0.4892578125;219534;m2;203806;0;
..\..\world\lordaeron\plagueland\passivedoodads\trees\plaguelandtree08.m2;21727.966796875;79.35279083251953;15276.951171875;0;0;0;;0.859375;220523;m2;203805;0;
..\..\world\lordaeron\plagueland\passivedoodads\trees\plaguelandtree10.m2;21828.541015625;81.80391693115234;15415.4853515625;0;0;0;;1;220444;m2;203807;0;
..\..\world\lordaeron\plagueland\passivedoodads\trees\plaguelandtree10.m2;21765.4375;81.3952407836914;15446.712890625;0;0;0;;1;220446;m2;203807;0;
..\..\world\lordaeron\plagueland\passivedoodads\trees\plaguelandtree10.m2;21409.927734375;74.53861999511719;15097.5986328125;0;0;0;;1;219576;m2;203807;0;
..\..\world\lordaeron\plagueland\passivedoodads\trees\plaguelandtree10.m2;21339.146484375;104.17460632324219;15398.5859375;0;0;0;;1;220372;m2;203807;0;
..\..\world\lordaeron\plagueland\passivedoodads\trees\plaguelandtree10.m2;21873.041015625;86.14659118652344;15282.52734375;0;0;0;;1;220471;m2;203807;0;
..\..\world\lordaeron\plagueland\passivedoodads\trees\plaguelandtree09.m2;21520.599609375;75.45987701416016;15040.341796875;0;0;0;;0.4794921875;219586;m2;203806;0;
..\..\world\lordaeron\plagueland\passivedoodads\trees\plaguelandtree09.m2;21662.85546875;74.50331115722656;15058.5498046875;0;0;0;;0.4794921875;220286;m2;203806;0;
..\..\world\lordaeron\plagueland\passivedoodads\trees\plaguelandtree09.m2;21790.599609375;102.01042938232422;15174.146484375;0;0;0;;0.4697265625;220539;m2;203806;0;
..\..\world\lordaeron\plagueland\passivedoodads\trees\plaguelandtree09.m2;21631.82421875;73.74852752685547;15022.212890625;0;0;0;;0.4599609375;219532;m2;203806;0;
..\..\world\lordaeron\plagueland\passivedoodads\trees\plaguelandtree11.m2;21517.40625;66.48856353759766;15045.9248046875;0;330.5;0;;1.1396484375;219588;m2;203808;0;
..\..\world\lordaeron\plagueland\passivedoodads\trees\plaguelandtree08.m2;21554.37890625;77.00518798828125;15134.6435546875;0;0;0;;0.8095703125;219580;m2;203805;0;
..\..\world\lordaeron\plagueland\passivedoodads\trees\plaguelandtree02.m2;21748.453125;91.18474578857422;15112.0146484375;0;187.79290771484375;0;;0.7099609375;220315;m2;203799;0;
..\..\world\lordaeron\plagueland\passivedoodads\trees\plaguelandtree11.m2;21587.7421875;77.51505279541016;14959.365234375;0;0;0;;1.119140625;219755;m2;203808;0;
..\..\world\lordaeron\plagueland\passivedoodads\trees\plaguelandtree09.m2;21649.490234375;77.08403778076172;15363.1865234375;0;337.5;0;;0.439453125;235360;m2;203806;0;
..\..\world\lordaeron\plagueland\passivedoodads\trees\plaguelandtree09.m2;21829.59375;110.36430358886719;15193.1455078125;0;359;0;;0.439453125;220484;m2;203806;0;
..\..\world\lordaeron\plagueland\passivedoodads\trees\plaguelandtree09.m2;21626.451171875;82.94828796386719;15198.919921875;0;338;0;;0.439453125;220503;m2;203806;0;
..\..\world\lordaeron\plagueland\passivedoodads\trees\plaguelandtree08.m2;21338.474609375;87.1723403930664;15293.7060546875;0;266;0;;0.779296875;214781;m2;203805;0;
..\..\world\lordaeron\plagueland\passivedoodads\trees\plaguelandtree08.m2;21654.912109375;80.01647186279297;15184.9052734375;0;244.00003051757812;0;;0.779296875;220501;m2;203805;0;
..\..\world\lordaeron\plagueland\passivedoodads\trees\plaguelandtree08.m2;21873.28515625;94.55103302001953;15101.8115234375;0;0;0;;0.76953125;220541;m2;203805;0;
..\..\world\lordaeron\plagueland\passivedoodads\trees\plaguelandtree09.m2;21492.81640625;73.48338317871094;14963.458984375;0;0;0;;0.4296875;219778;m2;203806;0;
..\..\world\lordaeron\plagueland\passivedoodads\trees\plaguelandtree09.m2;21544.05078125;75.59049224853516;15126.0654296875;0;0;0;;0.4296875;219582;m2;203806;0;
..\..\world\lordaeron\plagueland\passivedoodads\trees\plaguelandtree08.m2;21604.07421875;83.73101043701172;15158.771484375;0;0;0;;0.759765625;220297;m2;203805;0;
..\..\world\lordaeron\plagueland\passivedoodads\trees\plaguelandtree02.m2;21759.171875;87.7406997680664;15245.146484375;0;314;0;;0.6591796875;220520;m2;203799;0;
..\..\world\lordaeron\plagueland\passivedoodads\trees\plaguelandtree09.m2;21789.2421875;78.78336334228516;15005.576171875;0;31.5;0;;0.419921875;221084;m2;203806;0;
..\..\world\lordaeron\plagueland\passivedoodads\trees\plaguelandtree08.m2;21731.52734375;89.92183685302734;15210.5703125;0;0;0;;0.7294921875;220524;m2;203805;0;
..\..\world\lordaeron\plagueland\passivedoodads\trees\plaguelandtree11.m2;21722.08984375;81.37542724609375;15271.99609375;0;0;0;;1.01953125;220522;m2;203808;0;
..\..\world\lordaeron\plagueland\passivedoodads\trees\plaguelandtree09.m2;21507.3671875;78.45321655273438;15153.787109375;0;0;0;;0.4091796875;219538;m2;203806;0;
..\..\world\lordaeron\plagueland\passivedoodads\trees\plaguelandtree09.m2;21359.634765625;85.6024169921875;15174.6455078125;0;0;0;;0.4091796875;219573;m2;203806;0;
..\..\world\lordaeron\plagueland\passivedoodads\trees\plaguelandtree09.m2;21340.87109375;104.16349029541016;15391.3984375;0;346;0;;0.4091796875;220371;m2;203806;0;
..\..\world\lordaeron\plagueland\passivedoodads\trees\plaguelandtree10.m2;21488.724609375;73.5951919555664;15349.556640625;0;0;0;;0.849609375;220336;m2;203807;0;
..\..\world\lordaeron\plagueland\passivedoodads\trees\plaguelandtree11.m2;21473.53515625;98.59143829345703;15454.49609375;0;0;0;;1;220344;m2;203808;0;
..\..\world\lordaeron\plagueland\passivedoodads\trees\plaguelandtree11.m2;21607.73828125;82.76746368408203;15151.2490234375;0;355;0;;1;220298;m2;203808;0;
..\..\world\lordaeron\plagueland\passivedoodads\trees\plaguelandtree11.m2;21580.6796875;79.52039337158203;15182.9873046875;0;0;0;;1;220303;m2;203808;0;
..\..\world\lordaeron\plagueland\passivedoodads\trees\plaguelandtree11.m2;21564.638671875;75.8525161743164;15194.306640625;0;0;0;;1;220304;m2;203808;0;
..\..\world\lordaeron\plagueland\passivedoodads\trees\plaguelandtree11.m2;21464.28125;89.53007507324219;15239.6298828125;0;0;0;;1;220305;m2;203808;0;
..\..\world\lordaeron\plagueland\passivedoodads\trees\plaguelandtree11.m2;21732.01953125;90.56720733642578;15073.5517578125;0;0;0;;1;220309;m2;203808;0;
..\..\world\lordaeron\plagueland\passivedoodads\trees\plaguelandtree11.m2;21684.63671875;78.16000366210938;15019.322265625;0;0;0;;1;220310;m2;203808;0;
..\..\world\lordaeron\plagueland\passivedoodads\trees\plaguelandtree11.m2;21509.4453125;80.4780044555664;15381.7578125;0;0;0;;1;220322;m2;203808;0;
..\..\world\lordaeron\plagueland\passivedoodads\trees\plaguelandtree11.m2;21516.16015625;85.90817260742188;15410.583984375;0;0;0;;1;220323;m2;203808;0;
..\..\world\lordaeron\plagueland\passivedoodads\trees\plaguelandtree11.m2;21498.31640625;74.27083587646484;15354.9921875;0;0;0;;1;220338;m2;203808;0;
..\..\world\lordaeron\plagueland\passivedoodads\trees\plaguelandtree11.m2;21581.30078125;82.53138732910156;15461.7841796875;0;0;0;;1;220339;m2;203808;0;
..\..\world\lordaeron\plagueland\passivedoodads\trees\plaguelandtree11.m2;21413.68359375;86.35198974609375;15282.5048828125;0;0;0;;1;220345;m2;203808;0;
..\..\world\lordaeron\plagueland\passivedoodads\trees\plaguelandtree11.m2;21516.9140625;75.10800170898438;15264.2529296875;0;0;0;;1;220367;m2;203808;0;
..\..\world\lordaeron\plagueland\passivedoodads\trees\plaguelandtree11.m2;21423.73046875;75.79248046875;15320.6171875;0;0;0;;1;220368;m2;203808;0;
..\..\world\lordaeron\plagueland\passivedoodads\trees\plaguelandtree11.m2;21377.58203125;83.19630432128906;15381.27734375;0;0;0;;1;220369;m2;203808;0;
..\..\world\lordaeron\plagueland\passivedoodads\trees\plaguelandtree11.m2;21663.1015625;73.6326904296875;15231.4248046875;0;356.5;0;;1;220505;m2;203808;0;
..\..\world\lordaeron\plagueland\passivedoodads\trees\plaguelandtree11.m2;21802.740234375;86.43496704101562;15254.9541015625;0;0;0;;1;220535;m2;203808;0;
..\..\world\lordaeron\plagueland\passivedoodads\trees\plaguelandtree11.m2;21810.0859375;81.15155792236328;15280.087890625;0;0;0;;1;220536;m2;203808;0;
..\..\world\lordaeron\plagueland\passivedoodads\trees\plaguelandtree11.m2;21649.59375;73.5550765991211;14940.728515625;0;0;0;;1;221735;m2;203808;0;
..\..\world\lordaeron\plagueland\passivedoodads\trees\plaguelandtree09.m2;21560.349609375;76.05200958251953;14980.310546875;0;329.5;0;;0.3994140625;219753;m2;203806;0;
..\..\world\lordaeron\plagueland\passivedoodads\trees\plaguelandtree11.m2;21565.796875;70.26201629638672;14983.1728515625;0;344;0;;0.9892578125;219754;m2;203808;0;
..\..\world\lordaeron\plagueland\passivedoodads\trees\plaguelandtree11.m2;21782.0546875;73.61067199707031;14961.02734375;0;333.5;0;;0.9794921875;221729;m2;203808;0;
..\..\world\lordaeron\plagueland\passivedoodads\trees\plaguelandtree11.m2;21554.06640625;79.85690307617188;15433.623046875;0;317;0;;0.9794921875;220329;m2;203808;0;
..\..\world\lordaeron\plagueland\passivedoodads\trees\plaguelandtree10.m2;21830.787109375;110.8985595703125;15189.4873046875;0;0;0;;0.8095703125;220482;m2;203807;0;
..\..\world\lordaeron\plagueland\passivedoodads\trees\plaguelandtree09.m2;21453.083984375;75.6762924194336;15093.4853515625;0;310.5;0;;0.3896484375;219549;m2;203806;0;
..\..\world\lordaeron\plagueland\passivedoodads\trees\plaguelandtree02.m2;21666.8671875;73.58798217773438;15063.419921875;0;316.5;0;;0.609375;220285;m2;203799;0;
..\..\world\lordaeron\tirisfalglade\passivedoodads\trees\tirisfallfallentree01.m2;21670.013671875;74.1487045288086;15061.3271484375;-67.49999237060547;262.9999694824219;-6.500006675720215;;0.44921875;220284;m2;204125;0;
..\..\world\lordaeron\plagueland\passivedoodads\trees\plaguelandtree08.m2;21801.7421875;76.93830108642578;14946.4892578125;0;10.5;0;;0.6796875;221725;m2;203805;0;
..\..\world\lordaeron\plagueland\passivedoodads\trees\plaguelandtree09.m2;21521.068359375;79.84491729736328;15146.431640625;0;0;0;;0.3798828125;219539;m2;203806;0;
..\..\world\generic\passivedoodads\deadtreelogs\deadtreelog01.m2;21684.16015625;51.91566467285156;15387.5654296875;0;281.5;0;;1;567842;m2;199652;0;
..\..\world\lordaeron\plagueland\passivedoodads\trees\plaguelandtree08.m2;21678.462890625;76.7531509399414;15020.587890625;0;28.3016357421875;0;;0.6494140625;220312;m2;203805;0;
..\..\world\lordaeron\plagueland\passivedoodads\trees\plaguelandtree08.m2;21501.765625;74.53327178955078;15108.0166015625;0;0;0;;0.6298828125;219577;m2;203805;0;
..\..\world\lordaeron\plagueland\passivedoodads\trees\plaguelandtree11.m2;21449.6640625;79.60167694091797;15177.4853515625;0;357;0;;0.8798828125;220152;m2;203808;0;
..\..\world\lordaeron\plagueland\passivedoodads\trees\plaguelandtree09.m2;21453.71875;77.84098815917969;15175.615234375;0;0;0;;0.349609375;220151;m2;203806;0;
..\..\world\lordaeron\plagueland\passivedoodads\trees\plaguelandtree09.m2;21841.478515625;90.47159576416016;15261.7197265625;0;337;0;;0.349609375;220533;m2;203806;0;
..\..\world\lordaeron\plagueland\passivedoodads\trees\plaguelandtree09.m2;21793.013671875;76.74703979492188;14938.3115234375;0;327.5;0;;0.349609375;221726;m2;203806;0;
..\..\world\lordaeron\plagueland\passivedoodads\trees\plaguelandtree09.m2;21335.65625;82.6705322265625;15134.7734375;0;1.5;0;;0.349609375;220148;m2;203806;0;
..\..\world\lordaeron\plagueland\passivedoodads\trees\plaguelandtree11.m2;21542.94140625;81.1456298828125;15419.0791015625;0;341;0;;0.849609375;220328;m2;203808;0;
..\..\world\lordaeron\plagueland\passivedoodads\trees\plaguelandtree09.m2;21640.17578125;75.06626892089844;15061.212890625;0;332.5;0;;0.33984375;220290;m2;203806;0;
..\..\world\lordaeron\plagueland\passivedoodads\trees\plaguelandtree09.m2;21825.431640625;108.00846862792969;15196.603515625;0;338.5;0;;0.33984375;220485;m2;203806;0;
..\..\world\lordaeron\plagueland\passivedoodads\trees\plaguelandtree09.m2;21821.982421875;76.78155517578125;15315.2353515625;0;347.5;0;;0.33984375;220530;m2;203806;0;
..\..\world\lordaeron\plagueland\passivedoodads\trees\plaguelandtree08.m2;21791.359375;101.9172134399414;15169.1240234375;0;0;0;;0.599609375;220538;m2;203805;0;
..\..\world\azeroth\elwynn\passivedoodads\smalldock\smalldock.m2;21584.96875;71.15995025634766;15237.779296875;0;192.5;0;;1;214061;m2;189904;0;
..\..\world\lordaeron\tirisfalglade\passivedoodads\trees\tirisfallfallentree03.m2;21452.68359375;72.61466217041016;15125.2861328125;0;0;0;;2.4794921875;219525;m2;204127;0;
..\..\world\lordaeron\plagueland\passivedoodads\trees\plaguelandtree09.m2;21626.15625;74.08428192138672;14946.857421875;0;2.5;0;;0.3291015625;219635;m2;203806;0;
..\..\world\lordaeron\plagueland\passivedoodads\trees\plaguelandtree09.m2;21675.2890625;74.64300537109375;15101.6435546875;0;345;0;;0.3291015625;220278;m2;203806;0;
..\..\world\azeroth\burningsteppes\passivedoodads\trees\burningmidtree01.m2;21342.728515625;85.70040130615234;15300.7978515625;1.500000238418579;13;-14.500003814697266;;2.3896484375;214782;m2;189258;0;
..\..\world\lordaeron\plagueland\passivedoodads\trees\plaguelandtree09.m2;21347.265625;80.9012222290039;15139.2734375;0;333.5;0;;0.3193359375;220147;m2;203806;0;
..\..\world\lordaeron\plagueland\passivedoodads\trees\plaguelandtree02.m2;21631.62890625;74.18917083740234;15013.9521484375;0;302.5;0;;0.5;219530;m2;203799;0;
..\..\world\azeroth\burningsteppes\passivedoodads\trees\burningmidtree01.m2;21656.19921875;79.17330932617188;15193.07421875;1.4999998807907104;351;-14.499998092651367;;2.3896484375;220500;m2;189258;0;
..\..\world\lordaeron\plagueland\passivedoodads\trees\plaguelandtree11.m2;21482.0859375;83.05836486816406;15204.771484375;0;343;0;;0.759765625;214766;m2;203808;0;
..\..\world\lordaeron\plagueland\passivedoodads\trees\plaguelandtree11.m2;21843.5;90.5142593383789;15260.529296875;0;357;0;;0.759765625;220532;m2;203808;0;
..\..\world\lordaeron\plagueland\passivedoodads\trees\plaguelandtree11.m2;21762.078125;80.13744354248047;15437.0634765625;0;0;0;;0.75;220447;m2;203808;0;
..\..\world\lordaeron\plagueland\passivedoodads\trees\plaguelandtree09.m2;21601.119140625;74.01469421386719;15049.263671875;0;0;0;;0.2998046875;220291;m2;203806;0;
..\..\world\lordaeron\plagueland\passivedoodads\trees\plaguelandtree09.m2;21551.544921875;74.66105651855469;15115.91796875;0;332;0;;0.2998046875;219583;m2;203806;0;
..\..\world\lordaeron\plagueland\passivedoodads\trees\plaguelandtree11.m2;21754.1484375;94.59201049804688;15160.634765625;0;317.72186279296875;0;;0.7392578125;220319;m2;203808;0;
..\..\world\lordaeron\plagueland\passivedoodads\trees\plaguelandtree01.m2;21455.90234375;74.45296478271484;15087.6767578125;0;0;0;;0.439453125;219547;m2;203798;0;
..\..\world\lordaeron\plagueland\passivedoodads\trees\plaguelandtree11.m2;21663.37890625;73.7596206665039;15084.1435546875;-3.0000007152557373;344.5;-6.500000476837158;;0.69921875;220283;m2;203808;0;
..\..\world\lordaeron\plagueland\passivedoodads\trees\plaguelandtree10.m2;21512.3046875;74.1796646118164;15265.8935546875;0;348;0;;0.609375;220365;m2;203807;0;
..\..\world\azeroth\burningsteppes\passivedoodads\trees\burningmidtree01.m2;21479.087890625;75.0461196899414;15048.0146484375;-4.5;155.5;-13.499996185302734;;2.0693359375;219750;m2;189258;0;
..\..\world\lordaeron\plagueland\passivedoodads\trees\plaguelandtree09.m2;21623.544921875;74.29409790039062;15020.6884765625;0;259.5;0;;0.2890625;219533;m2;203806;0;
..\..\world\lordaeron\plagueland\passivedoodads\trees\plaguelandtree11.m2;21590.26953125;73.43832397460938;14960.9384765625;0;337;0;;0.69921875;219756;m2;203808;0;
..\..\world\lordaeron\plagueland\passivedoodads\trees\plaguelandtree09.m2;21533.9453125;73.84866333007812;15072.8427734375;0;0;0;;0.279296875;219585;m2;203806;0;
..\..\world\lordaeron\plagueland\passivedoodads\trees\plaguelandtree10.m2;21622.009765625;74.89590454101562;14951.63671875;0;0;0;;0.5791015625;219634;m2;203807;0;
..\..\world\lordaeron\plagueland\passivedoodads\trees\plaguelandtree11.m2;21668.75;77.6795425415039;15128.369140625;0;347.5;0;;0.689453125;220281;m2;203808;0;
..\..\world\lordaeron\plagueland\passivedoodads\trees\plaguelandtree11.m2;21578.365234375;74.43202209472656;15049.041015625;0;0;0;;0.689453125;220294;m2;203808;0;
..\..\world\lordaeron\plagueland\passivedoodads\trees\plaguelandstump04.m2;21862.4296875;77.83683013916016;15022.927734375;0;119;0;;1.1796875;221050;m2;203797;0;
..\..\world\lordaeron\plagueland\passivedoodads\trees\plaguelandtree11.m2;21357.0625;84.87564849853516;15170.2861328125;0;0;0;;0.6591796875;219574;m2;203808;0;
..\..\world\lordaeron\plagueland\passivedoodads\trees\plaguelandtree02.m2;21494.982421875;73.59375;15104.927734375;0;0;0;;0.4091796875;219578;m2;203799;0;
..\..\world\lordaeron\plagueland\passivedoodads\trees\plaguelandtree09.m2;21657.6484375;74.15158081054688;15065.232421875;0;0;0;;0.259765625;220287;m2;203806;0;
..\..\world\lordaeron\plagueland\passivedoodads\trees\plaguelandtree09.m2;21623.296875;75.58802032470703;15012.576171875;0;57;0;;0.259765625;219531;m2;203806;0;
..\..\world\lordaeron\plagueland\passivedoodads\trees\plaguelandtree09.m2;21650.263671875;75.68524932861328;14983.4052734375;0;297.5;0;;0.25;219535;m2;203806;0;
..\..\world\lordaeron\plagueland\passivedoodads\trees\plaguelandtree09.m2;21512.52734375;78.67008209228516;15143.537109375;0;321.5;0;;0.2392578125;219540;m2;203806;0;
..\..\world\lordaeron\plagueland\passivedoodads\trees\plaguelandtree09.m2;21534.51953125;73.82282257080078;15077.2392578125;0;350.5;0;;0.2392578125;219584;m2;203806;0;
..\..\world\lordaeron\plagueland\passivedoodads\trees\plaguelandtree11.m2;21523.572265625;72.18112182617188;15044.08984375;0;0;0;;0.58984375;219587;m2;203808;0;
..\..\world\lordaeron\plagueland\passivedoodads\trees\plaguelandtree09.m2;21460.779296875;74.88690948486328;15089.68359375;0;349.5;0;;0.2294921875;219548;m2;203806;0;
..\..\world\lordaeron\plagueland\passivedoodads\trees\plaguelandstump04.m2;21645.498046875;79.76492309570312;15140.380859375;0;215.5;0;;1;220264;m2;203797;0;
..\..\world\lordaeron\plagueland\passivedoodads\trees\plaguelandtree11.m2;21576.45703125;70.26305389404297;15048.177734375;0;322.5;0;;0.5595703125;220295;m2;203808;0;
..\..\world\azeroth\elwynn\passivedoodads\ballistaruined\ballistaruined.m2;21661.48046875;72.61154174804688;15078.2373046875;0;307;0;;1;214056;m2;189657;0;
..\..\world\azeroth\elwynn\passivedoodads\ballistaruined\ballistaruined.m2;21334.123046875;82.6461410522461;15173.712890625;5;156.5;7.000000476837158;;1;214938;m2;189657;0;
..\..\world\lordaeron\plagueland\passivedoodads\trees\plaguelandtree11.m2;21600.65234375;74.03819274902344;15051.5830078125;0;0;0;;0.5390625;220293;m2;203808;0;
..\..\world\azeroth\burningsteppes\passivedoodads\trees\burningmidtree01.m2;21589.00390625;77.12454986572266;14968.099609375;0;356;0;;2.009765625;219529;m2;189258;0;
..\..\world\lordaeron\plagueland\passivedoodads\trees\plaguelandtree11.m2;21674.263671875;76.2802734375;15025.212890625;0;168.59405517578125;0;;0.509765625;220313;m2;203808;0;
..\..\world\lordaeron\tirisfalglade\passivedoodads\trees\tirisfallfallentree03.m2;21363.806640625;7.72056770324707;14952.693359375;8.000000953674316;71;-2.499999761581421;;1.4697265625;220066;m2;204127;0;
..\..\world\lordaeron\plagueland\passivedoodads\trees\plaguelandtree11.m2;21517.36328125;75.3257827758789;15267.3798828125;0;309;0;;0.4892578125;220366;m2;203808;0;
..\..\world\lordaeron\plagueland\passivedoodads\trees\plaguelandtree09.m2;21630.55078125;74.05886840820312;14948.583984375;0;308.5;0;;0.189453125;219636;m2;203806;0;
..\..\world\lordaeron\plagueland\passivedoodads\trees\plaguelandtree09.m2;21598.75;73.65508270263672;15049.044921875;0;339.5;0;;0.189453125;220292;m2;203806;0;
..\..\world\azeroth\burningsteppes\passivedoodads\trees\burningmidtree01.m2;21366.201171875;7.299106121063232;14949.9140625;0;350.5;0;;1.6396484375;220143;m2;189258;0;
..\..\world\lordaeron\tirisfalglade\passivedoodads\trees\tirisfallfallentree03.m2;21657.890625;72.85702514648438;15085.662109375;0;155.5;0;;1.349609375;220282;m2;204127;0;
..\..\world\azeroth\elwynn\passivedoodads\ballista\ballista.m2;21856.091796875;87.9879150390625;15440.1728515625;-8.500001907348633;271;2.499986410140991;;1;67556220;m2;189652;0;
..\..\world\generic\undead\passivedoodads\meatwagon\meatwagon.m2;21569.74609375;75.70393371582031;15068.779296875;-1.5000001192092896;166;-2.000000476837158;;1;219596;m2;200664;0;
..\..\world\generic\undead\passivedoodads\meatwagon\meatwagonwrecked01.m2;21603.9296875;73.75117492675781;15021.4921875;-0.0000019209908259654185;267.5;6.499998569488525;;1;219654;m2;200666;0;
..\..\world\azeroth\elwynn\passivedoodads\ballistaruined\ballistaruined.m2;21872.52734375;75.99362182617188;15013.6923828125;2.499999761581421;0;0;;1;221052;m2;189657;0;
..\..\world\generic\undead\passivedoodads\meatwagon\meatwagon.m2;21641.93359375;79.4381103515625;15133.5234375;-1.5000001192092896;185.5;-1.5000001192092896;;1;220263;m2;200664;0;
..\..\world\generic\human\passivedoodads\ballistaruins\ballistabow01.m2;21704.0859375;51.39995193481445;15413.08984375;0;0;0;;1;567847;m2;197948;0;
..\..\world\lordaeron\plagueland\passivedoodads\plants\plaguelandfern02.m2;21564.7109375;78.85485076904297;15135.27734375;0;38;0;;1;219763;m2;203760;0;
..\..\world\azeroth\burningsteppes\passivedoodads\trees\burningmidtree01.m2;21333.02734375;12.20468521118164;15064.724609375;0;306.4999694824219;0;;1.2392578125;220080;m2;189258;0;
..\..\world\lordaeron\plagueland\passivedoodads\trees\plaguelandstump01.m2;21431.7734375;74.33492279052734;15107.384765625;0;138.5;0;;1.33984375;219546;m2;203793;0;
..\..\world\lordaeron\plagueland\passivedoodads\rocks\plaguelandrock06.m2;21652.388671875;62.23264694213867;15422.5390625;0;345.57452392578125;0;;1.212890625;567900;m2;203778;0;
..\..\world\lordaeron\tirisfalglade\passivedoodads\trees\tirisfallfallentree03.m2;21622.46875;75.33224487304688;14958.93359375;-1.999999761581421;337.5;-4;;1;220192;m2;204127;0;
..\..\world\lordaeron\tirisfalglade\passivedoodads\trees\tirisfallfallentree03.m2;21545.04296875;74.3099136352539;15033.2958984375;0;88.5;0;;1;219524;m2;204127;0;
..\..\world\lordaeron\plagueland\passivedoodads\trees\plaguelandstump02.m2;21348.58203125;80.86453247070312;15125.0859375;0;132;0;;1;220145;m2;203795;0;
..\..\world\lordaeron\plagueland\passivedoodads\trees\plaguelandstump02.m2;21835.73828125;108.70796966552734;15198.5048828125;0;52;0;;1;220481;m2;203795;0;
..\..\world\lordaeron\plagueland\passivedoodads\rocks\plaguelandrock06.m2;21578.474609375;60.30028533935547;15361.537109375;0;38.936737060546875;0;;1.0458984375;567895;m2;203778;0;
..\..\world\lordaeron\plagueland\passivedoodads\trees\plaguelandstump02.m2;21557.125;79.55635070800781;15441.7548828125;0;208.5;0;;1;220334;m2;203795;0;
..\..\world\generic\orc\passivedoodads\burntoutposts\burntoutpost04.m2;21848.537109375;89.57684326171875;15437.583984375;0;332.5;0;;1;67556223;m2;199147;0;
..\..\world\lordaeron\plagueland\passivedoodads\trees\plaguelandstump01.m2;21600.55859375;82.37881469726562;15466.4697265625;0;200;0;;1.3095703125;220333;m2;203793;0;
..\..\world\lordaeron\plagueland\passivedoodads\trees\plaguelandstump01.m2;21790.5625;78.53929901123047;15415.427734375;0;293;0;;1.279296875;220470;m2;203793;0;
..\..\world\lordaeron\tirisfalglade\passivedoodads\trees\tirisfalltreestump01.m2;21586.853515625;76.01544952392578;15129.5859375;0;314;0;;0.7998046875;220262;m2;204135;0;
..\..\world\generic\orc\passivedoodads\burntoutposts\burntoutpost04.m2;21339.951171875;82.88329315185547;15168.8779296875;0;228;0;;1;214940;m2;199147;0;
..\..\world\lordaeron\plagueland\passivedoodads\trees\plaguelandstump02.m2;21449.78125;73.70513916015625;15014.57421875;0;113.5;0;;1;219743;m2;203795;0;
..\..\world\lordaeron\plagueland\passivedoodads\trees\plaguelandstump02.m2;21498.72265625;80.54779815673828;15220.3798828125;0;48.5;0;;0.9296875;220508;m2;203795;0;
..\..\world\lordaeron\plagueland\passivedoodads\trees\plaguelandstump02.m2;21429.75390625;74.98038482666016;15324.1572265625;0;253;0;;1;220363;m2;203795;0;
..\..\world\lordaeron\plagueland\passivedoodads\rocks\plaguelandrock06.m2;21613.880859375;58.10319137573242;15331.9921875;0;24.5;0;;1;567822;m2;203778;0;
..\..\world\lordaeron\plagueland\passivedoodads\plants\plaguelandfern04.m2;21587.28515625;36.73957824707031;15318.525390625;0;134.02630615234375;0;;1.4990234375;567907;m2;203762;0;
..\..\world\lordaeron\plagueland\passivedoodads\trees\plaguelandstump02.m2;21486.71484375;73.27526092529297;15344.1728515625;0;257;0;;1;220335;m2;203795;0;
..\..\world\azeroth\westfall\passivedoodads\westfallwagon\westfallwagon01.m2;21591.435546875;75.79267883300781;15209.3291015625;4.5;0;-3;;1;220390;m2;190657;0;
..\..\world\azeroth\elwynn\passivedoodads\minecart\elwynnminecart.m2;21569.06640625;76.1216812133789;15123.009765625;-18.5;338;6;;0.939453125;219737;m2;189827;0;
..\..\world\lordaeron\plagueland\passivedoodads\rocks\plaguelandrock06.m2;21758.05078125;78.66853332519531;14985.3642578125;0;288.5;0;;1;221837;m2;203778;0;
..\..\world\azeroth\westfall\buildings\shed\westfallshed.m2;21582.806640625;76.09744262695312;15204.3310546875;0;340;0;;1;214062;m2;190517;0;
..\..\world\azeroth\westfall\passivedoodads\westfallwagon\westfallwagon01.m2;21547.48828125;73.7188491821289;14973.5703125;-1.5;0;-3.500000476837158;;1;219609;m2;190657;0;
..\..\world\azeroth\duskwood\passivedoodads\ruins\duskwoodruinsbeam.m2;21710.759765625;58.53546142578125;15328.6123046875;0;3.8453369140625;0;;1.248046875;567886;m2;189510;0;
..\..\world\azeroth\burningsteppes\passivedoodads\trees\burningmidtree01.m2;21627.431640625;62.49646759033203;15287.009765625;0;256.5;0;;1;567856;m2;189258;0;
..\..\world\azeroth\westfall\buildings\shed\westfallshed.m2;21550.900390625;73.88394165039062;15084.16796875;0;313;0;;1;214186;m2;190517;0;
..\..\world\azeroth\duskwood\passivedoodads\ruins\duskwoodruinsfoundation01.m2;21533.5625;70.5218276977539;15198.7216796875;0;0;0;;1;220380;m2;189512;0;
..\..\world\azeroth\duskwood\passivedoodads\ruins\duskwoodruinsfoundation01.m2;21618.701171875;54.17431640625;15299.3447265625;0;0;0;;1;567851;m2;189512;0;
..\..\world\generic\dwarf\passivedoodads\excavationwaterwagon\excavationwaterwagon.m2;21596.4453125;75.02391815185547;15103.65234375;-1.4999998807907104;308.5;-7;;1;219733;m2;197394;0;
..\..\world\azeroth\duskwood\passivedoodads\ruins\duskwoodruinsbeam.m2;21707.4375;57.9002685546875;15328.21484375;-15.000000953674316;163.6243896484375;-25.999996185302734;;1.1923828125;567884;m2;189510;0;
..\..\world\generic\dwarf\passivedoodads\excavationwaterwagon\excavationwaterwagon.m2;21582.70703125;36.317298889160156;15314.98046875;8.999999046325684;351;-62.5;;1;365711;m2;197394;0;
..\..\world\lordaeron\plagueland\passivedoodads\plants\plaguelandfern03.m2;21567.513671875;45.410133361816406;15305.1328125;-7.499999523162842;91.15634155273438;32.500003814697266;;1.26171875;567906;m2;203761;0;
..\..\world\azeroth\elwynn\passivedoodads\minecart\elwynnminecart.m2;21604.974609375;73.39966583251953;15078.4677734375;0;5;0;;1;219653;m2;189827;0;
..\..\world\lordaeron\plagueland\passivedoodads\plants\plaguelandfern03.m2;21609.03515625;61.53310775756836;15371.583984375;0;348.5738525390625;0;;1.2529296875;567905;m2;203761;0;
..\..\world\azeroth\duskwood\passivedoodads\ruins\duskwoodruins01.m2;21527.30078125;70.87174224853516;15189.115234375;0;268.5;0;;1;220379;m2;189506;0;
..\..\world\lordaeron\plagueland\passivedoodads\trees\plaguelandstump02.m2;21663.59765625;73.2778091430664;15253.0078125;0;0;0;;1;220507;m2;203795;0;
..\..\world\lordaeron\plagueland\passivedoodads\plants\plaguelandfern03.m2;21509.66015625;73.96004486083984;15021.58984375;0;309.5;0;;1.0791015625;220176;m2;203761;0;
..\..\world\lordaeron\tirisfalglade\passivedoodads\trees\tirisfalltreestump01.m2;21461.107421875;73.11477661132812;15129.521484375;0;309;0;;0.6298828125;219526;m2;204135;0;
..\..\world\lordaeron\plagueland\passivedoodads\rocks\plaguelandrock06.m2;21869.56640625;74.29366302490234;14951.138671875;0;0.5;0;;1;221836;m2;203778;0;
..\..\world\lordaeron\plagueland\passivedoodads\rocks\plaguelandrock06.m2;21468.65625;86.11495971679688;15387.419921875;0;0;0;;1;221628;m2;203778;0;
..\..\world\lordaeron\plagueland\passivedoodads\rocks\plaguelandrock04.m2;21727.326171875;59.98969268798828;15392.46484375;0;0;0;;1;567848;m2;203776;0;
..\..\world\lordaeron\plagueland\passivedoodads\plants\plaguelandfern03.m2;21504.509765625;74.2167739868164;15057.62109375;0;309;-3.000000238418579;;1;219751;m2;203761;0;
..\..\world\azeroth\duskwood\passivedoodads\ruins\duskwoodruinsbeam.m2;21509.140625;74.14897155761719;15039.8427734375;-8.500000953674316;355;-18.5;;1;219613;m2;189510;0;
..\..\world\lordaeron\plagueland\passivedoodads\rocks\plaguelandrock07.m2;21625.818359375;50.01621627807617;15412.7490234375;0;0;0;;1.779296875;567849;m2;203779;0;
..\..\world\lordaeron\plagueland\passivedoodads\plants\plaguelandfern03.m2;21675.9375;74.5899658203125;15098.80859375;0;344.5;0;;1.0498046875;220279;m2;203761;0;
..\..\world\lordaeron\plagueland\passivedoodads\trees\plaguelandstump02.m2;21594.509765625;76.53302764892578;14987.5947265625;0;154;0;;0.689453125;219632;m2;203795;0;
..\..\world\azeroth\duskwood\passivedoodads\duskwoodhaywagon\duskwoodhaywagon.m2;21758.3203125;90.53952026367188;15224.7646484375;0;356;0;;1;221134;m2;189455;0;
..\..\world\lordaeron\plagueland\passivedoodads\plants\plaguelandfern02.m2;21636.80078125;75.27982330322266;15010.60546875;-2.499999761581421;356;-2;;0.619140625;220194;m2;203760;0;
..\..\world\lordaeron\tirisfalglade\passivedoodads\trees\tirisfalltreestump02.m2;21860.77734375;88.86932373046875;15449.0859375;0;0;0;;1;67556316;m2;204136;0;
..\..\world\lordaeron\plagueland\passivedoodads\rocks\plaguelandrock05.m2;21604.75390625;50.44767761230469;15396.8828125;0;101.79144287109375;0;;1.4697265625;567899;m2;203777;0;
..\..\world\lordaeron\plagueland\passivedoodads\plaguedchariot\plaguechariot.m2;21561.572265625;74.46732330322266;15004.318359375;0;335;0;;1;219785;m2;203752;0;
..\..\world\lordaeron\plagueland\passivedoodads\trees\plaguelandstump01.m2;21713.998046875;78.73807525634766;15447.6015625;-4;0;-7.000000476837158;;1;220469;m2;203793;0;
..\..\world\lordaeron\plagueland\passivedoodads\plants\plaguelandfern01.m2;21753.12890625;93.91568756103516;15207.7265625;0;313.5;0;;1.4990234375;220509;m2;203759;0;
..\..\world\azeroth\westfall\passivedoodads\deadcow\deadcow.m2;21726.02734375;56.56193923950195;15335.6103515625;0;288.48779296875;0;;1.20703125;567883;m2;190545;0;
..\..\world\generic\human\passivedoodads\banners\scarletbanner01.m2;21851.015625;89.33073425292969;15447.263671875;0;242.00003051757812;0;;1.109375;67556179;m2;197982;0;
..\..\world\lordaeron\plagueland\passivedoodads\plants\plaguelandfern03.m2;21524.603515625;75.6910171508789;14973.212890625;0;9;0;;1;219780;m2;203761;0;
..\..\world\azeroth\duskwood\passivedoodads\ruins\duskwoodruinsbeam.m2;21707.951171875;59.29930877685547;15329.8583984375;-21.499998092651367;315.6138916015625;1.4999990463256836;;1.0673828125;567885;m2;189510;0;
..\..\world\lordaeron\plagueland\passivedoodads\plants\plaguelandfern03.m2;21638.3125;79.60879516601562;15138.384765625;0;352.5;0;;1;220269;m2;203761;0;
..\..\world\azeroth\stranglethorn\activedoodads\cages\cage03.m2;21690.833984375;46.093143463134766;15399.2265625;-23;22.05023193359375;-4;;1.251953125;567873;m2;190143;0;
..\..\world\lordaeron\plagueland\passivedoodads\trees\plaguelandstump01.m2;21393.6875;76.1253890991211;15169.041015625;0;0;0;;1;214771;m2;203793;0;
..\..\world\lordaeron\plagueland\passivedoodads\trees\plaguelandstump01.m2;21625.921875;74.47205352783203;14950.5927734375;0;0;0;;1;219633;m2;203793;0;
..\..\world\lordaeron\plagueland\passivedoodads\trees\plaguelandstump01.m2;21639.4140625;80.03886413574219;15141.8798828125;0;0;0;;1;220265;m2;203793;0;
..\..\world\lordaeron\plagueland\passivedoodads\trees\plaguelandstump01.m2;21514.6640625;74.78018951416016;15270.6240234375;0;0;0;;1;220364;m2;203793;0;
..\..\world\lordaeron\plagueland\passivedoodads\trees\plaguelandstump02.m2;21412.59765625;74.85424041748047;15094.5341796875;0;248;0;;0.619140625;220144;m2;203795;0;
..\..\world\generic\orc\passivedoodads\burntoutposts\burntoutpost05.m2;21848.8984375;89.93968200683594;15442.7421875;0;19.5;0;;1;67556318;m2;199148;0;
..\..\world\azeroth\westfall\passivedoodads\deadcow\deadcow.m2;21787.078125;53.70103454589844;15365.279296875;-14.5;12.5687255859375;8;;1.115234375;567881;m2;190545;0;
..\..\world\azeroth\duskwood\passivedoodads\ruins\duskwoodruins02.m2;21541.15625;72.63999938964844;15214.0966796875;0;1;0;;1;220382;m2;189507;0;
..\..\world\azeroth\duskwood\passivedoodads\ruins\duskwoodruins02.m2;21689.1875;47.37238693237305;15411.2978515625;0;0;0;;1;567843;m2;189507;0;
..\..\world\lordaeron\plagueland\passivedoodads\trees\plaguelandmushroom04.m2;21583.546875;44.53739547729492;15300.2109375;28;59.5037841796875;-2.0000009536743164;;1.2548828125;567908;m2;203791;0;
..\..\world\lordaeron\plagueland\passivedoodads\plants\plaguelandfern02.m2;21714.748046875;74.54547119140625;15355.65234375;0;123.5;0;;0.4697265625;235366;m2;203760;0;
..\..\world\lordaeron\plagueland\passivedoodads\plants\plaguelandfern03.m2;21628.58984375;56.69057083129883;15318.880859375;0;0;0;;1;567825;m2;203761;0;
..\..\world\azeroth\theblastedlands\passivedoodads\bones\blastedlandsblastedcow.m2;21612.181640625;57.87984085083008;15310.208984375;0;0;0;;1;567850;m2;190434;0;
..\..\world\azeroth\westfall\passivedoodads\outhouse\outhouse.m2;21568.26953125;75.24642944335938;15119.9853515625;-6.000000953674316;134;-16.5;;1;219736;m2;190617;0;
..\..\world\generic\human\passivedoodads\signposts\humansignpost01.m2;21569.6171875;73.65361785888672;15044.3017578125;0;350;0;;1;214059;m2;198463;0;
..\..\world\generic\human\passivedoodads\signposts\humansignpost01.m2;21575.802734375;73.70586395263672;15020.287109375;0;49;0;;1;570947;m2;198463;0;
..\..\world\lordaeron\plagueland\passivedoodads\trees\plaguelandstump01.m2;21638.982421875;74.6976547241211;15056.7822265625;0;0;0;;0.8896484375;220163;m2;203793;0;
..\..\world\lordaeron\plagueland\passivedoodads\plants\plaguelandfern01.m2;21621.26953125;49.722415924072266;15412.8642578125;0;321.458740234375;0;;1.2646484375;567902;m2;203759;0;
..\..\world\azeroth\westfall\passivedoodads\outhouse\outhouse.m2;21568.666015625;75.05304718017578;15115.44921875;6.000000476837158;137.5;-8.999999046325684;;1;219735;m2;190617;0;
..\..\world\lordaeron\plagueland\passivedoodads\trees\plaguelandstump02.m2;21712.234375;74.48912048339844;15355.0947265625;0;11.5;0;;0.58984375;235365;m2;203795;0;
..\..\world\azeroth\westfall\passivedoodads\deadcow\deadcow.m2;21386.55078125;11.170937538146973;14999.7646484375;-3.499999761581421;47.5;-23;;1;571242;m2;190545;0;
..\..\world\azeroth\westfall\passivedoodads\deadcow\deadcow.m2;21551.58203125;73.83329010009766;14981.4716796875;0;34;0;;1;219622;m2;190545;0;
..\..\world\lordaeron\plagueland\passivedoodads\trees\plaguelandstump02.m2;21593.765625;75.03900146484375;15081.6552734375;0;218;0;;0.509765625;220162;m2;203795;0;
..\..\world\lordaeron\plagueland\passivedoodads\rocks\plaguelandrock05.m2;21607.556640625;61.86417007446289;15369.248046875;0;119.501953125;0;;1.056640625;567898;m2;203777;0;
..\..\world\azeroth\westfall\passivedoodads\deadcow\deadcow.m2;21755;89.92081451416016;15231.041015625;4.5;11;2.500000238418579;;1;221139;m2;190545;0;
..\..\world\azeroth\westfall\passivedoodads\outhouse\outhouse.m2;21563.072265625;74.81684112548828;15114.5654296875;7.999999046325684;172;-3;;1;219734;m2;190617;0;
..\..\world\generic\orc\passivedoodads\burntoutposts\burntoutpost06.m2;21847.4609375;90.23674774169922;15440.9677734375;0;14;0;;1;67556370;m2;199149;0;
..\..\world\generic\orc\passivedoodads\burntoutposts\burntoutpost06.m2;21341.76953125;82.80949401855469;15172.7021484375;0;164;0;;1;214941;m2;199149;0;
..\..\world\azeroth\stranglethorn\activedoodads\cages\cage02.m2;21575.70703125;59.75802993774414;15356.525390625;25;83.07015991210938;4.5;;1.2421875;567893;m2;190142;0;
..\..\world\azeroth\westfall\passivedoodads\brokencart\brokencart.m2;21602.326171875;75.61312103271484;14960.044921875;0;0;0;;1;219608;m2;190536;0;
..\..\world\azeroth\westfall\passivedoodads\brokencart\brokencart.m2;21596.421875;74.39408874511719;15034.02734375;0;0;0;;1;219651;m2;190536;0;
..\..\world\lordaeron\plagueland\passivedoodads\plants\plaguelandfern01.m2;21578.06640625;60.32145309448242;15365.0654296875;0;341.3336486816406;0;;1.244140625;567896;m2;203759;0;
..\..\world\azeroth\stranglethorn\activedoodads\cages\cage02.m2;21572.27734375;60.60654830932617;15353.2109375;1.0000003576278687;29.268463134765625;-16.000001907348633;;1.1103515625;567892;m2;190142;0;
..\..\world\lordaeron\plagueland\passivedoodads\plants\plaguelandfern04.m2;21547.828125;73.658935546875;14982.0166015625;0;0;0;;1;219607;m2;203762;0;
..\..\world\lordaeron\plagueland\passivedoodads\plants\plaguelandfern04.m2;21521.171875;73.85342407226562;15199.1416015625;0;0;0;;1;220378;m2;203762;0;
..\..\world\lordaeron\plagueland\passivedoodads\plants\plaguelandfern04.m2;21681.181640625;52.82421875;15319.4541015625;0;0;0;;1;567828;m2;203762;0;
..\..\world\lordaeron\plagueland\passivedoodads\rocks\plaguelandrock08.m2;21475.0625;88.08026885986328;15404.244140625;0;61.5;0;;1;221627;m2;203780;0;
..\..\world\lordaeron\plagueland\passivedoodads\plants\plaguelandfern01.m2;21655.05859375;63.59695053100586;15421.4267578125;0;285.76312255859375;0;;1.2529296875;567901;m2;203759;0;
..\..\world\lordaeron\plagueland\passivedoodads\rocks\plaguelandrock02.m2;21755.556640625;53.90260696411133;15386.568359375;0;355.3746032714844;0;;1.2607421875;567876;m2;203774;0;
..\..\world\lordaeron\plagueland\passivedoodads\plants\plaguelandfern03.m2;21605.578125;76.13346862792969;14969.55859375;0;309.5;0;;0.669921875;220154;m2;203761;0;
..\..\world\lordaeron\plagueland\passivedoodads\trees\plaguelandstump01.m2;21532.28125;73.84725189208984;15076.2861328125;0;27;0;;0.599609375;219589;m2;203793;0;
..\..\world\lordaeron\plagueland\passivedoodads\plants\plaguelandfern01.m2;21570.73828125;61.74026107788086;15350.3271484375;0;96.97927856445312;0;;1.3173828125;567897;m2;203759;0;
..\..\world\lordaeron\plagueland\passivedoodads\rocks\plaguelandrock02.m2;21651.328125;75.6265640258789;15376.583984375;0;212.5;0;;1;221629;m2;203774;0;
..\..\world\generic\human\passivedoodads\bookshelves\duskwoodbookshelf02.m2;21769.982421875;52.18189239501953;15349.091796875;-87.00003814697266;66.28811645507812;76.00000762939453;;1.384765625;567882;m2;198053;0;
..\..\world\azeroth\westfall\passivedoodads\westfallfence\westfallfence.m2;21594.890625;73.90868377685547;15065.591796875;-9.499999046325684;27.5;55.5;;1;219712;m2;190659;0;
..\..\world\azeroth\duskwood\passivedoodads\tombs\dirtmound01.m2;21761.296875;90.81576538085938;15222.9267578125;7;34.5;7.000000953674316;;1.1298828125;221135;m2;189528;0;
..\..\world\lordaeron\plagueland\passivedoodads\rocks\plaguelandrock07.m2;21455.513671875;89.67124938964844;15403.068359375;-17.000001907348633;0;7.500000953674316;;1;221626;m2;203779;0;
..\..\world\azeroth\duskwood\passivedoodads\fence\duskwoodfencebottombroken.m2;21622.05859375;75.21977233886719;14971.8447265625;-10.5;252;1.4999990463256836;;1;219638;m2;189465;0;
..\..\world\generic\passivedoodads\misc\wheelbarrow\caveminewheelbarrow01.m2;21741.1875;51.941043853759766;15345.2021484375;25.499996185302734;32.927032470703125;-54.99999237060547;;1.3154296875;567864;m2;199886;0;
..\..\world\azeroth\duskwood\passivedoodads\fence\duskwoodfencetopbroken.m2;21591.947265625;75.47480010986328;15124.228515625;-9.5;271.5;3.0000007152557373;;1;219762;m2;189472;0;
..\..\world\azeroth\duskwood\passivedoodads\fence\duskwoodfencebottom.m2;21581.099609375;75.29833221435547;15004.8828125;-4.000000476837158;187.5;-1.5000003576278687;;1;219646;m2;189464;0;
..\..\world\generic\human\passivedoodads\lamps\plaguelandslamp.m2;21567.75390625;73.61911010742188;15026.1240234375;0;100.5;0;;1.83984375;219604;m2;198312;0;
..\..\world\generic\human\passivedoodads\lamps\plaguelandslamp.m2;21558.076171875;73.39966583251953;15033.7353515625;0;187;0;;1.83984375;219605;m2;198312;0;
..\..\world\azeroth\westfall\passivedoodads\westfallfence\westfallfence.m2;21487.353515625;73.82644653320312;15018.232421875;-3.000000238418579;91;0;;1;219731;m2;190659;0;
..\..\world\azeroth\westfall\passivedoodads\westfallfence\westfallfence.m2;21614.44140625;73.23300170898438;15073.4736328125;6;12;-8.999999046325684;;1;219699;m2;190659;0;
..\..\world\azeroth\westfall\passivedoodads\westfallfence\westfallfence.m2;21598.64453125;74.35199737548828;15025.083984375;-15.499999046325684;0;73.50000762939453;;1;219673;m2;190659;0;
..\..\world\azeroth\westfall\passivedoodads\westfallfence\westfallfence.m2;21507.84765625;73.64659881591797;15087.974609375;3.999999523162842;195.5;0.9999998807907104;;1;219716;m2;190659;0;
..\..\world\lordaeron\plagueland\passivedoodads\plants\plaguelandfern01.m2;21554.654296875;74.52780151367188;15004.318359375;0;44.5;0;;1;219606;m2;203759;0;
..\..\world\azeroth\westfall\passivedoodads\westfallfence\westfallfence.m2;21588.005859375;75.56732940673828;15124.0234375;-1.0000001192092896;267;2.000000238418579;;1;219761;m2;190659;0;
..\..\world\lordaeron\plagueland\passivedoodads\plants\plaguelandfern01.m2;21609.521484375;58.59481430053711;15332.029296875;0;0;0;;1.2998046875;567823;m2;203759;0;
..\..\world\azeroth\westfall\passivedoodads\westfallfence\westfallfence.m2;21572.693359375;73.72402954101562;15042.4296875;0;88.5;0;;1;219690;m2;190659;0;
..\..\world\azeroth\westfall\passivedoodads\westfallfence\westfallfence.m2;21613.78515625;73.6549301147461;15069.326171875;4.499999523162842;334.5;-6.999999523162842;;1;219698;m2;190659;0;
..\..\world\azeroth\westfall\passivedoodads\westfallfence\westfallfence.m2;21597.8125;74.5444107055664;15114.1640625;0;279.5;0;;1;219706;m2;190659;0;
..\..\world\azeroth\westfall\passivedoodads\westfallfence\westfallfence.m2;21606.4140625;74.46943664550781;15096.7177734375;0;190;0;;1;219703;m2;190659;0;
..\..\world\azeroth\duskwood\passivedoodads\fence\duskwoodfencebottom.m2;21605.71875;74.62381744384766;15092.6708984375;0;190;0;;1;219702;m2;189464;0;
..\..\world\azeroth\duskwood\passivedoodads\fence\duskwoodfencebottom.m2;21607.138671875;74.3369369506836;15100.8154296875;0;192.5;0;;1;219704;m2;189464;0;
..\..\world\azeroth\westfall\passivedoodads\westfallfence\westfallfence.m2;21491.318359375;73.9469985961914;15019.6484375;-2.000000476837158;70.5;0;;1;219730;m2;190659;0;
..\..\world\azeroth\duskwood\passivedoodads\fence\duskwoodfencebottom.m2;21469.81640625;75.34257507324219;15026.076171875;0;344.5;0;;1;219726;m2;189464;0;
..\..\world\azeroth\duskwood\passivedoodads\fence\duskwoodfencebottom.m2;21591.2109375;73.76893615722656;15035.27734375;0;198.5;0;;1;219694;m2;189464;0;
..\..\world\azeroth\duskwood\passivedoodads\fence\duskwoodfencebottom.m2;21577.294921875;74.28302001953125;15015.7392578125;-8;151.5;-1.5000001192092896;;1;219649;m2;189464;0;
..\..\world\azeroth\duskwood\passivedoodads\fence\duskwoodfencetopbroken.m2;21525.201171875;73.77747344970703;15055.396484375;0;277;0;;1;219687;m2;189472;0;
..\..\world\azeroth\duskwood\passivedoodads\fence\duskwoodfencetopbroken.m2;21527.70703125;73.70709991455078;15072.6083984375;0;175.5;0;;1;219719;m2;189472;0;
..\..\world\azeroth\duskwood\passivedoodads\fence\duskwoodfencetopbroken.m2;21474.71875;74.3541030883789;15020.638671875;0;277.5;0;;1;219728;m2;189472;0;
..\..\world\azeroth\duskwood\passivedoodads\fence\duskwoodfencetopbroken.m2;21620.08203125;74.0972671508789;15098.763671875;0;171.5;0;;1;219708;m2;189472;0;
..\..\world\azeroth\duskwood\passivedoodads\fence\duskwoodfencetopbroken.m2;21583.39453125;76.95128631591797;14986.5048828125;0;0.5;0;;1;219644;m2;189472;0;
..\..\world\azeroth\duskwood\passivedoodads\fence\duskwoodfencetopbroken.m2;21608.0078125;73.62097930908203;15104.83984375;0;167.5;0;;1;219705;m2;189472;0;
..\..\world\azeroth\duskwood\passivedoodads\fence\duskwoodfencebottombroken.m2;21596.01953125;73.95382690429688;15021.6416015625;0.5000002980232239;327;-12.499999046325684;;1;219671;m2;189465;0;
..\..\world\azeroth\duskwood\passivedoodads\fence\duskwoodfencebottom.m2;21470.95703125;74.96670532226562;15022.0966796875;0;292;0;;1;219727;m2;189464;0;
..\..\world\azeroth\duskwood\passivedoodads\fence\duskwoodfencebottom.m2;21622.9609375;74.04056549072266;15097.8955078125;-1.499999761581421;240;-12.500000953674316;;1;219710;m2;189464;0;
..\..\world\azeroth\westfall\passivedoodads\westfallfence\westfallfence.m2;21471.56640625;74.7858657836914;15034.638671875;0;23;0;;1;219724;m2;190659;0;
..\..\world\lordaeron\plagueland\passivedoodads\rocks\plaguelandrock07.m2;21591.90625;73.92447662353516;14942.107421875;0;0;0;;1;221625;m2;203779;0;
..\..\world\azeroth\westfall\passivedoodads\westfallfence\westfallfence.m2;21610.23828125;74.94317626953125;15121.9248046875;6.999999046325684;115.5;-10.999999046325684;;1;219758;m2;190659;0;
..\..\world\azeroth\westfall\passivedoodads\westfallfence\westfallfence.m2;21592.546875;73.66375732421875;15039.1611328125;0;205.5;0;;1;219695;m2;190659;0;
..\..\world\azeroth\duskwood\passivedoodads\fence\duskwoodfencetopbroken.m2;21589.84375;73.7897720336914;15031.263671875;0;200.5;0;;1;219693;m2;189472;0;
..\..\world\lordaeron\plagueland\passivedoodads\rocks\plaguelandrock08.m2;21683.322265625;53.394771575927734;15319.7529296875;0;0;0;;1;567826;m2;203780;0;
..\..\world\azeroth\westfall\passivedoodads\westfallfence\westfallfence.m2;21581.630859375;75.02361297607422;15008.9404296875;-4.500000953674316;148;0;;1;219647;m2;190659;0;
..\..\world\azeroth\westfall\passivedoodads\westfallfence\westfallfence.m2;21579.4765625;74.7083511352539;15012.3955078125;-5.499999523162842;147.5;-0.49999988079071045;;1;219648;m2;190659;0;
..\..\world\azeroth\westfall\passivedoodads\westfallfence\westfallfence.m2;21626.48828125;74.0867919921875;15099.931640625;-25;239.00001525878906;-26;;1;219711;m2;190659;0;
..\..\world\lordaeron\plagueland\passivedoodads\trees\plaguelandmushroom04.m2;21454.03125;74.16645812988281;15015.01171875;7.499999523162842;194;8;;1;219744;m2;203791;0;
..\..\world\azeroth\westfall\passivedoodads\westfallfence\westfallfence.m2;21612.90625;74.32709503173828;15118.8955078125;9;139;-8.5;;1;219757;m2;190659;0;
..\..\world\azeroth\duskwood\passivedoodads\fence\duskwoodfencetopbroken.m2;21514.140625;73.68276977539062;15083.1767578125;0;115.5;0;;1;219714;m2;189472;0;
..\..\world\lordaeron\plagueland\passivedoodads\bushes\plaguelandwesternbush01.m2;21623.677734375;75.06814575195312;14953.0830078125;0;358;0;;0.599609375;220193;m2;203731;0;
..\..\world\azeroth\duskwood\passivedoodads\fence\duskwoodfencebottom.m2;21576.326171875;73.87039947509766;15044.41796875;0;60.5;0;;1;219691;m2;189464;0;
..\..\world\azeroth\duskwood\passivedoodads\fence\duskwoodfencebottombroken.m2;21473.58203125;74.71915435791016;15038.1455078125;0;31.5;0;;1;219723;m2;189465;0;
..\..\world\azeroth\westfall\passivedoodads\westfallfence\westfallfence.m2;21529.482421875;73.71915435791016;15054.9248046875;0;301.5;0;;1;219686;m2;190659;0;
..\..\world\azeroth\duskwood\passivedoodads\fence\duskwoodfencebottom.m2;21583.4609375;77.26561737060547;14983.1142578125;7.500000476837158;307;-2;;1;219643;m2;189464;0;
..\..\world\lordaeron\plagueland\passivedoodads\plants\plaguelandpuffs03.m2;21521.9609375;75.44856262207031;14969.833984375;6.499999046325684;0;15.500000953674316;;1;219782;m2;203767;0;
..\..\world\azeroth\westfall\passivedoodads\westfallfence\westfallfence.m2;21600.703125;73.72044372558594;15015.794921875;1.4999992847442627;317.5;-10.5;;1;219674;m2;190659;0;
..\..\world\azeroth\westfall\passivedoodads\westfallfence\westfallfence.m2;21603.560546875;73.85591888427734;15012.712890625;-1.0000003576278687;312;-10;;1;219675;m2;190659;0;
..\..\world\lordaeron\plagueland\passivedoodads\plants\plaguelandpuffs02.m2;21454.0859375;73.62696838378906;15012.630859375;-11.5;0;-8.999999046325684;;1.5498046875;219748;m2;203766;0;
..\..\world\azeroth\duskwood\passivedoodads\fence\duskwoodfencetopbroken.m2;21579.8203125;73.64337158203125;15046.849609375;0;56.5;0;;1;219692;m2;189472;0;
..\..\world\azeroth\westfall\passivedoodads\westfallfence\westfallfence.m2;21604.796875;74.1688003540039;14993.1923828125;0;126;0;;1;219641;m2;190659;0;
..\..\world\azeroth\duskwood\passivedoodads\fence\duskwoodfencetopbroken.m2;21565.38671875;73.66071319580078;15045.0205078125;0;124;0;;1;219689;m2;189472;0;
..\..\world\azeroth\duskwood\passivedoodads\fence\duskwoodfencebottom.m2;21526.94140625;73.88053131103516;15076.8134765625;0;233.5;0;;1;219718;m2;189464;0;
..\..\world\lordaeron\plagueland\passivedoodads\plants\plaguelandpuffs01.m2;21447.75;73.6606674194336;15127.0341796875;17.499998092651367;0;4.999999046325684;;0.83984375;219543;m2;203765;0;
..\..\world\azeroth\duskwood\passivedoodads\fence\duskwoodfencetopbroken.m2;21601.6484375;74.16043090820312;14995.576171875;-7.000000476837158;135;-5;;1;219642;m2;189472;0;
..\..\world\azeroth\westfall\passivedoodads\westfallfence\westfallfence.m2;21633.044921875;75.84800720214844;15009.3642578125;0;39;0;;1;219678;m2;190659;0;
..\..\world\azeroth\duskwood\passivedoodads\tombs\dirtmound01.m2;21370.638671875;17.79254913330078;15101.115234375;-9;0;5.5;;1;220103;m2;189528;0;
..\..\world\lordaeron\plagueland\passivedoodads\plants\plaguelandpuffs03.m2;21547.484375;75.28592681884766;15074.4248046875;-12.999998092651367;314;21.999998092651367;;0.7294921875;220189;m2;203767;0;
..\..\world\generic\human\passivedoodads\cauldrons\cauldronempty.m2;21753.25;54.36366271972656;15385.5234375;46.500003814697266;142.80465698242188;-88.00000762939453;;1.13671875;567875;m2;198101;0;
..\..\world\azeroth\duskwood\passivedoodads\fence\duskwoodfencebottom.m2;21568.58203125;73.66632080078125;15042.3583984375;0;130;0;;1;219688;m2;189464;0;
..\..\world\azeroth\duskwood\passivedoodads\fence\duskwoodfencebottom.m2;21621.482421875;73.62188720703125;15080.634765625;0;41;0;;1;219701;m2;189464;0;
..\..\world\lordaeron\plagueland\passivedoodads\plants\plaguelandpuffs01.m2;21653.896484375;80.31156921386719;15135.5478515625;-11.5;0;-22.999998092651367;;0.7392578125;220270;m2;203765;0;
..\..\world\azeroth\westfall\passivedoodads\westfallfence\westfallfence.m2;21630.421875;75.92222595214844;15006.1083984375;0;42;0;;1;219679;m2;190659;0;
..\..\world\azeroth\westfall\passivedoodads\westfallfence\westfallfence.m2;21585.1875;75.54663848876953;15120.896484375;0;222;0;;1;219760;m2;190659;0;
..\..\world\azeroth\duskwood\passivedoodads\tombs\dirtmound01.m2;21533.40234375;74.39469146728516;15199.27734375;0;0;0;;1;220388;m2;189528;0;
..\..\world\azeroth\duskwood\passivedoodads\tombs\dirtmound01.m2;21588.998046875;76.005126953125;15206.806640625;0;0;0;;1;220389;m2;189528;0;
..\..\world\azeroth\duskwood\passivedoodads\fence\duskwoodfencebottom.m2;21510.654296875;73.8177261352539;15084.912109375;0;137.5;0;;1;219715;m2;189464;0;
..\..\world\azeroth\elwynn\passivedoodads\skeleton\battlegladeboneshumandark.m2;21683.224609375;55.97599792480469;15351.966796875;0;0;0;;2.5595703125;567835;m2;189893;0;
..\..\world\lordaeron\plagueland\passivedoodads\plants\plaguelandfern01.m2;21685.515625;53.42570877075195;15320.8046875;0;0;0;;1;567827;m2;203759;0;
..\..\world\azeroth\duskwood\passivedoodads\fence\duskwoodfencetopbroken.m2;21618.79296875;73.34410858154297;15077.505859375;0;48;0;;1;219700;m2;189472;0;
..\..\world\azeroth\westfall\passivedoodads\westfallfence\westfallfence.m2;21607.68359375;74.23145294189453;14990.3671875;0;134;0;;1;219640;m2;190659;0;
..\..\world\azeroth\westfall\passivedoodads\westfallfence\westfallfence.m2;21636.072265625;75.69781494140625;15006.5458984375;0;134.5;0;;1;219677;m2;190659;0;
..\..\world\azeroth\westfall\passivedoodads\westfallfence\westfallfence.m2;21627.71484375;75.96691131591797;15003.138671875;0;314.5;0;;1;219680;m2;190659;0;
..\..\world\generic\passivedoodads\misc\wheelbarrow\caveminewheelbarrow01.m2;21578.328125;76.01943969726562;15203.4697265625;0.5000000596046448;342.5;5;;1;214063;m2;199886;0;
..\..\world\generic\passivedoodads\well\well.m2;21573.666015625;75.0533447265625;15008.3759765625;0;0;0;;1;219784;m2;200252;0;
..\..\world\generic\passivedoodads\misc\wheelbarrow\caveminewheelbarrow01.m2;21336.728515625;21.70714569091797;14968.5791015625;3.999999523162842;198.5;78;;1;220141;m2;199886;0;
..\..\world\generic\passivedoodads\misc\wheelbarrow\caveminewheelbarrow01.m2;21613.166015625;74.03241729736328;15053.1083984375;0;7.5;0;;1;219652;m2;199886;0;
..\..\world\lordaeron\plagueland\passivedoodads\trees\plaguelandmushroom04.m2;21447.677734375;74.04411315917969;15017.73046875;-1.5000003576278687;48;9.500000953674316;;0.6796875;219745;m2;203791;0;
..\..\world\lordaeron\plagueland\passivedoodads\plants\plaguelandpuffs01.m2;21636.20703125;81.24966430664062;15146.87109375;6.999999523162842;344;18;;0.6796875;220274;m2;203765;0;
..\..\world\azeroth\westfall\passivedoodads\westfallfence\westfallfenceend.m2;21591.802734375;73.95436096191406;15061.572265625;3.9999988079071045;47.5;48;;1;219713;m2;190660;0;
..\..\world\azeroth\westfall\passivedoodads\westfallfence\westfallfenceend.m2;21606.482421875;75.38825988769531;15123.7353515625;8.5;118.5;-10.5;;1;219759;m2;190660;0;
..\..\world\azeroth\westfall\passivedoodads\westfallfence\westfallfenceend.m2;21615.72265625;73.9682846069336;15065.5166015625;8.000000953674316;326.5;-6.000000476837158;;1;219697;m2;190660;0;
..\..\world\generic\passivedoodads\lights\generaltorch01.m2;21850.671875;88.88384246826172;15435.7392578125;-13.499978065490723;0;5.49999475479126;;1;67556330;m2;199820;0;
..\..\world\generic\passivedoodads\lights\generaltorch01.m2;21850.4609375;89.59431457519531;15443.90234375;22.499996185302734;0;7.500017166137695;;1;67556231;m2;199820;0;
..\..\world\lordaeron\plagueland\passivedoodads\plants\plaguelandpuffs01.m2;21509.43359375;74.07927703857422;15019.341796875;-3.5;0;11.000000953674316;;0.7294921875;220177;m2;203765;0;
..\..\world\azeroth\westfall\passivedoodads\westfallfence\westfallfenceend.m2;21509.1015625;73.88721466064453;15092.0390625;6.500000476837158;202;-2.5;;1;219717;m2;190660;0;
..\..\world\generic\passivedoodads\misc\wheelbarrow\caveminewheelbarrow01.m2;21534.64453125;74.67028045654297;15198.791015625;1.5000001192092896;0;58;;1;220387;m2;199886;0;
..\..\world\generic\passivedoodads\misc\minecars\caveminecarwrecked02.m2;21378.95703125;14.957489013671875;15086.419921875;-12.5;329.5;-1.5;;1;571243;m2;199881;0;
..\..\world\azeroth\duskwood\passivedoodads\ruins\duskwoodruinsbrick.m2;21487.6484375;73.43834686279297;15073.4384765625;4.999999523162842;254.5;15.000000953674316;;1.759765625;220181;m2;189511;0;
..\..\world\azeroth\westfall\passivedoodads\westfallfence\westfallfenceend.m2;21600.958984375;74.59907531738281;15024.544921875;12;12.5;26.999998092651367;;1;219672;m2;190660;0;
..\..\world\azeroth\westfall\passivedoodads\westfallfence\westfallfenceend.m2;21606.72265625;73.92760467529297;15009.96484375;-2.500000238418579;309;-9;;1;219676;m2;190660;0;
..\..\world\lordaeron\plagueland\passivedoodads\plants\plaguelandpuffs01.m2;21525.724609375;75.30631256103516;14970.5947265625;-13;0;-10.000000953674316;;0.6494140625;219783;m2;203765;0;
..\..\world\azeroth\westfall\passivedoodads\westfallfence\westfallfenceend.m2;21617.728515625;74.28186798095703;14979.916015625;0;161.5;0;;1;219639;m2;190660;0;
..\..\world\azeroth\westfall\passivedoodads\westfallfence\westfallfenceend.m2;21586.67578125;77.9562759399414;14980.681640625;0;293;0;;1;219645;m2;190660;0;
..\..\world\azeroth\westfall\passivedoodads\westfallfence\westfallfenceend.m2;21533.1171875;73.88773345947266;15052.791015625;0;300.5;0;;1;219685;m2;190660;0;
..\..\world\azeroth\westfall\passivedoodads\westfallfence\westfallfenceend.m2;21594.34375;73.63973999023438;15042.8671875;0;215.5;0;;1;219696;m2;190660;0;
..\..\world\azeroth\westfall\passivedoodads\westfallfence\westfallfenceend.m2;21601.89453125;74.39659881591797;15113.4248046875;0;300;0;;1;219707;m2;190660;0;
..\..\world\azeroth\westfall\passivedoodads\westfallfence\westfallfenceend.m2;21620.404296875;74.07759094238281;15098.2529296875;0;287;0;;1;219709;m2;190660;0;
..\..\world\azeroth\westfall\passivedoodads\westfallfence\westfallfenceend.m2;21469.98828125;75.13764190673828;15030.6552734375;0;9;0;;1;219725;m2;190660;0;
..\..\world\azeroth\westfall\passivedoodads\westfallfence\westfallfenceend.m2;21478.556640625;73.84468078613281;15020.072265625;0;288;0;;1;219729;m2;190660;0;
..\..\world\critter\fireflies\fireflies01.m2;21458.724609375;14.330395698547363;14975.9541015625;0;0;0;;1.3095703125;221159;m2;190731;0;
..\..\world\generic\human\passivedoodads\cauldrons\cauldronempty.m2;21531.83203125;73.9142837524414;15095.4140625;-27;82.5;-89.5;;1;221132;m2;198101;0;
..\..\world\generic\human\passivedoodads\crates\crategrain01.m2;21702.484375;53.17667007446289;15406.8203125;58.4999885559082;44.732269287109375;3.000004291534424;;1.4033203125;567868;m2;198158;0;
..\..\world\generic\passivedoodads\barrel\brokenbarrel02.m2;21770.97265625;47.354820251464844;15369.05859375;0;239.619140625;0;;1.2353515625;567880;m2;199567;0;
..\..\world\generic\passivedoodads\barrel\brokenbarrel01.m2;21682.66015625;56.39847183227539;15347.904296875;0;0;0;;1;567834;m2;199566;0;
..\..\world\lordaeron\plagueland\passivedoodads\plants\plaguelandpuffs03.m2;21653.724609375;80.06526947021484;15134.3955078125;-21;24.5;-28.999996185302734;;0.5595703125;220271;m2;203767;0;
..\..\world\generic\troll\passivedoodads\trollskullpile\trollskullpile.m2;21573.6015625;61.06245803833008;15356.2060546875;0;97.46270751953125;0;;1.4541015625;567894;m2;200638;0;
..\..\world\lordaeron\plagueland\passivedoodads\plants\plaguelandpuffs04.m2;21459.544921875;73.61112976074219;15123.90234375;-19.999998092651367;0;7;;1.259765625;219545;m2;203768;0;
..\..\world\generic\human\passivedoodads\crates\replacecrate02.m2;21635.74609375;57.67701721191406;15317.7041015625;71.50001525878906;0;29.5;;2.1591796875;567852;m2;198166;0;
..\..\world\azeroth\westfall\passivedoodads\westfallfence\westfallfencepost.m2;21532.6875;73.7083740234375;15068.1142578125;10;0;7.500000476837158;;1;219722;m2;190661;0;
..\..\world\azeroth\westfall\passivedoodads\westfallfence\westfallfencepost.m2;21575.3984375;73.85234069824219;15019.4404296875;2.500000476837158;0;9.500000953674316;;1;219650;m2;190661;0;
..\..\world\azeroth\westfall\passivedoodads\westfallfence\westfallfencepost.m2;21623.6484375;74.47148132324219;14996.263671875;-4.500000476837158;0;-11.500000953674316;;1;219683;m2;190661;0;
..\..\world\azeroth\westfall\passivedoodads\westfallfence\westfallfencepost.m2;21533.05859375;73.6984634399414;15067.7265625;-2.499999523162842;304;11.5;;1;219721;m2;190661;0;
..\..\world\azeroth\westfall\passivedoodads\westfallfence\westfallfencepost.m2;21623.072265625;74.3914566040039;14996.5166015625;9.5;0;12;;1;219684;m2;190661;0;
..\..\world\azeroth\westfall\passivedoodads\westfallfence\westfallfencepost.m2;21630.6953125;75.83067321777344;15000.2041015625;0;41.5;0;;1;219681;m2;190661;0;
..\..\world\azeroth\westfall\passivedoodads\westfallfence\westfallfencepost.m2;21530.28515625;73.70784759521484;15079.2958984375;0;334;0;;1;219720;m2;190661;0;
..\..\world\azeroth\westfall\passivedoodads\westfallfence\westfallfencepost.m2;21483.162109375;73.4137954711914;15018.29296875;0;0;0;;1;219732;m2;190661;0;
..\..\world\azeroth\westfall\passivedoodads\westfallfence\westfallfencepost.m2;21625.70703125;73.87604522705078;14973.103515625;-6.5;346.5;-17.5;;1;219637;m2;190661;0;
..\..\world\azeroth\westfall\passivedoodads\westfallfence\westfallfencepost.m2;21636.755859375;74.6545639038086;14984.1796875;0.4999999403953552;0;16;;1;219682;m2;190661;0;
..\..\world\generic\human\passivedoodads\crates\crategrain01.m2;21701.421875;52.84185028076172;15405.7734375;0;54.42791748046875;0;;1.3564453125;567869;m2;198158;0;
..\..\world\generic\human\passivedoodads\weapons&armor\humanspear01.m2;21602.259765625;74.85432434082031;15016.0771484375;17.000011444091797;23;129.49998474121094;;1;219655;m2;198652;0;
..\..\world\generic\orc\passivedoodads\feedingtroughs\feedtroph01.m2;21585.28125;77.4312973022461;14972.888671875;0;95;0;;1;219630;m2;199153;0;
..\..\world\lordaeron\plagueland\passivedoodads\plants\plaguelandpuffs02.m2;21523.02734375;75.29084014892578;14969.134765625;-9.999999046325684;0;9.499999046325684;;1;219781;m2;203766;0;
..\..\world\lordaeron\plagueland\passivedoodads\plants\plaguelandpuffs02.m2;21648.744140625;81.87692260742188;15141.3603515625;4.5;140;10.5;;1;220273;m2;203766;0;
..\..\world\generic\passivedoodads\misc\minecars\caveminecar01.m2;21551.6640625;73.75084686279297;15031.5830078125;3.999995231628418;97.5;55.50000762939453;;1;219523;m2;199876;0;
..\..\world\azeroth\westfall\passivedoodads\westfallfence\westfallfencepost.m2;21598.228515625;73.78425598144531;15018.130859375;9.000004768371582;80;-27.500001907348633;;1;219670;m2;190661;0;
..\..\world\azeroth\elwynn\passivedoodads\battlegladeswordskull\battlegladeswordskull.m2;21685.171875;54.854942321777344;15360.2216796875;0;295.5;0;;1.509765625;567836;m2;189689;0;
..\..\world\lordaeron\plagueland\passivedoodads\plants\plaguelandpuffs02.m2;21548.34765625;75.40540313720703;15073.837890625;-29.999998092651367;0;-8.999999046325684;;0.8798828125;220190;m2;203766;0;
..\..\world\lordaeron\plagueland\passivedoodads\plants\plaguelandpuffs02.m2;21446.462890625;74.0632553100586;15015.5615234375;-1;351.5;12;;1;219747;m2;203766;0;
..\..\world\critter\flies\flies01.m2;21569.84765625;75.0682144165039;15114.0654296875;0;322.5;0;;1;219740;m2;190739;0;
..\..\world\critter\fireflies\fireflies01.m2;21761.46484375;90.59000396728516;15222.7666015625;2.500000238418579;0;-9;;1;221136;m2;190731;0;
..\..\world\lordaeron\plagueland\passivedoodads\plants\plaguelandpuffs02.m2;21643.01953125;81.2665786743164;15142.443359375;1.999999761581421;0;8.5;;1;220272;m2;203766;0;
..\..\world\lordaeron\plagueland\passivedoodads\plants\plaguelandpuffs04.m2;21652.56640625;76.00338745117188;15375.8779296875;1.4999998807907104;7;-24.499998092651367;;1;221631;m2;203768;0;
..\..\world\azeroth\elwynn\passivedoodads\shovel\shovel.m2;21605.8203125;55.08232498168945;15300.212890625;-58.499996185302734;300.7709045410156;-35.999996185302734;;1.4833984375;567909;m2;189854;0;
..\..\world\azeroth\westfall\passivedoodads\westfallskeleton\westfallskeleton.m2;21482.10546875;73.50010681152344;15082.099609375;0.9999998807907104;289;6;;1;219528;m2;190671;0;
..\..\world\lordaeron\plagueland\passivedoodads\plants\plaguelandpuffs04.m2;21607.1328125;51.079288482666016;15398.4296875;0;258.28546142578125;0;;1.1826171875;567904;m2;203768;0;
..\..\world\lordaeron\plagueland\passivedoodads\plants\plaguelandpuffs03.m2;21637.14453125;81.66841125488281;15148.3203125;18;0;15.499999046325684;;0.509765625;220275;m2;203767;0;
..\..\world\lordaeron\plagueland\passivedoodads\plants\plaguelandpuffs02.m2;21651.818359375;75.82613372802734;15375.384765625;-1.9999995231628418;79.5;-15.500000953674316;;0.9091796875;221630;m2;203766;0;
..\..\world\lordaeron\plagueland\passivedoodads\trees\plaguelandmushroom04.m2;21562.765625;73.65203857421875;15022.962890625;0;192;0;;0.5791015625;219590;m2;203791;0;
..\..\world\lordaeron\plagueland\passivedoodads\plants\plaguelandpuffs02.m2;21541.01953125;74.16826629638672;15020.3671875;6;0;0;;1;220191;m2;203766;0;
..\..\world\lordaeron\plagueland\passivedoodads\trees\plaguelandmushroom04.m2;21454.638671875;74.39582061767578;15016.6484375;-7.500000476837158;288.5;8;;0.5;219746;m2;203791;0;
..\..\world\azeroth\theblastedlands\passivedoodads\bones\blastedlandsbonepile02.m2;21676.271484375;54.55630111694336;15311.224609375;14;323.7550048828125;-17.499998092651367;;1.3623046875;567862;m2;190437;0;
..\..\world\azeroth\elwynn\passivedoodads\skeleton\battlegladeboneshumandark.m2;21369.044921875;17.53032875061035;15099.541015625;-5.500000476837158;325.5;3.000000476837158;;1.26953125;220102;m2;189893;0;
..\..\world\azeroth\duskwood\passivedoodads\ruins\duskwoodruinsbrick.m2;21555.009765625;74.99940490722656;15064.66796875;4.999999523162842;254.5;15.000000953674316;;1.2197265625;220182;m2;189511;0;
..\..\world\azeroth\duskwood\passivedoodads\ruins\duskwoodruinsbrick.m2;21556;74.30439758300781;15091.8115234375;4.999999523162842;254.5;15.000000953674316;;1.2197265625;220183;m2;189511;0;
..\..\world\azeroth\duskwood\passivedoodads\ruins\duskwoodruinsbrick.m2;21592.525390625;74.8067398071289;15109.1748046875;4.999999523162842;254.5;15.000000953674316;;1.2197265625;220184;m2;189511;0;
..\..\world\critter\flies\flies01.m2;21573.8125;75.5750961303711;15008.2841796875;0;356.5;0;;1;220171;m2;190739;0;
..\..\world\critter\flies\flies01.m2;21569.08984375;75.61713409423828;15118.7177734375;0;357;0;;1;219741;m2;190739;0;
..\..\world\lordaeron\plagueland\passivedoodads\plants\plaguelandpuffs04.m2;21581.076171875;75.4178466796875;15074.74609375;9.000000953674316;359;-15.000000953674316;;1;220188;m2;203768;0;
..\..\world\azeroth\theblastedlands\passivedoodads\bones\blastedlandsbonepile02.m2;21370.171875;17.320581436157227;15098.7353515625;0;141.30963134765625;0;;1.359375;220093;m2;190437;0;
..\..\world\critter\flies\flies01.m2;21575.12890625;76.13656616210938;15066.3271484375;0;0;0;;1;219600;m2;190739;0;
..\..\world\critter\flies\flies01.m2;21564.869140625;74.96514129638672;15068.15234375;0;0;0;;1;219601;m2;190739;0;
..\..\world\critter\flies\flies01.m2;21570.97265625;75.13800048828125;15072.3291015625;0;0;0;;1;219602;m2;190739;0;
..\..\world\critter\flies\flies01.m2;21568.521484375;76.4999008178711;15122.169921875;0;0;0;;1;219739;m2;190739;0;
..\..\world\critter\flies\flies01.m2;21563.09375;74.6416015625;15112.5771484375;0;0;0;;1;219742;m2;190739;0;
..\..\world\critter\flies\flies01.m2;21610.91015625;73.42679595947266;15032.5185546875;0;0;0;;1;220170;m2;190739;0;
..\..\world\critter\flies\flies01.m2;21525.6796875;73.23908996582031;15196.056640625;0;0;0;;1;220377;m2;190739;0;
..\..\world\lordaeron\plagueland\passivedoodads\plants\plaguelandpuffs04.m2;21445.61328125;73.71292114257812;15127.4853515625;18.999996185302734;0;3.999999523162842;;1;219544;m2;203768;0;
..\..\world\azeroth\westfall\passivedoodads\grindstone\grindstone.m2;21478.96484375;75.04794311523438;15029.791015625;-0.9999998807907104;0;-7;;1;219611;m2;190587;0;
..\..\world\azeroth\duskwood\passivedoodads\ruins\duskwoodruinsbrick.m2;21591.228515625;74.93074035644531;15107.4208984375;4.999999523162842;157.5;15.000000953674316;;1.1396484375;220185;m2;189511;0;
..\..\world\azeroth\duskwood\passivedoodads\ruins\duskwoodruinsbrick.m2;21596.9765625;74.95130157470703;15092.244140625;-20.5;306;10.5;;1.1396484375;220187;m2;189511;0;
..\..\world\lordaeron\plagueland\passivedoodads\plants\plaguelandpuffs04.m2;21527.154296875;74.04764556884766;15024.4267578125;13.000000953674316;0;-6;;1;220178;m2;203768;0;
..\..\world\azeroth\duskwood\passivedoodads\ruins\duskwoodruinsbrick.m2;21597.556640625;74.93318176269531;15090.9697265625;5;226.5;15.000000953674316;;1.1396484375;220186;m2;189511;0;
..\..\world\generic\human\passivedoodads\crates\crategrainopen.m2;21612.109375;74.16056060791016;15031.443359375;0;299.5;-8.5;;1;220167;m2;198161;0;
..\..\world\azeroth\theblastedlands\passivedoodads\bones\blastedlandsbonepile02.m2;21633.869140625;58.38831329345703;15312.91796875;15.000000953674316;355.2647705078125;2.5;;1.466796875;567860;m2;190437;0;
..\..\world\azeroth\westfall\passivedoodads\westfallskeleton\westfallskeleton.m2;21627.140625;58.56584930419922;15305.853515625;10;0;8;;1;567859;m2;190671;0;
..\..\world\azeroth\westfall\passivedoodads\westfallskeleton\westfallskeleton.m2;21757.859375;91.29022216796875;15220.3779296875;12.499999046325684;0;-1.5;;1;221137;m2;190671;0;
..\..\world\generic\human\passivedoodads\crates\crategrain01.m2;21712.08203125;56.62192153930664;15403.1748046875;22.000001907348633;164.0858154296875;-25.000001907348633;;1.021484375;567867;m2;198158;0;
..\..\world\lordaeron\plagueland\passivedoodads\plants\plaguelandpuffs04.m2;21452.94140625;73.80192565917969;15012.0078125;-17.5;0;0;;1;219749;m2;203768;0;
..\..\world\generic\human\passivedoodads\crates\crategrain01.m2;21612.12109375;74.02033233642578;15033.958984375;0;329;0;;1;220165;m2;198158;0;
..\..\world\generic\human\passivedoodads\crates\crategrainopen.m2;21527.87890625;73.67273712158203;15198.4560546875;3.499999761581421;337;-4;;1;220376;m2;198161;0;
..\..\world\azeroth\westfall\passivedoodads\westfallskeleton\westfallskeleton.m2;21547.87109375;73.80248260498047;14967.2333984375;0;0;0;;1;219624;m2;190671;0;
..\..\world\azeroth\westfall\passivedoodads\westfallskeleton\westfallskeleton.m2;21530.6875;73.80022430419922;15201.9267578125;0;0;0;;1;220386;m2;190671;0;
..\..\world\azeroth\westfall\passivedoodads\westfallskeleton\westfallskeleton.m2;21586.318359375;75.99768829345703;15209.9111328125;0;0;0;;1;220391;m2;190671;0;
..\..\world\azeroth\theblastedlands\passivedoodads\bones\blastedlandsbonepile02.m2;21557.78125;73.51447296142578;15033.6103515625;0;293;0;;1.2099609375;220159;m2;190437;0;
..\..\world\lordaeron\plagueland\passivedoodads\trees\plaguelandmushroom04.m2;21543.71484375;74.90756225585938;15035.888671875;0;1;0;;0.5390625;219591;m2;203791;0;
..\..\world\azeroth\duskwood\passivedoodads\ruins\duskwoodruinsbrick.m2;21504.11328125;74.48348236083984;15067.4296875;4.999999523162842;254.5;15.000000953674316;;1;220180;m2;189511;0;
..\..\world\azeroth\theblastedlands\passivedoodads\bones\blastedlandsspine01.m2;21576.107421875;41.75841522216797;15311.9990234375;0;241.06936645507812;0;;1.3310546875;567890;m2;190441;0;
..\..\world\generic\passivedoodads\crate01\crate01.m2;21613.375;58.34226608276367;15287.8203125;-15.999998092651367;0;16;;1;567858;m2;199632;0;
..\..\world\azeroth\theblastedlands\passivedoodads\bones\blastedlandsbonepile02.m2;21557.197265625;73.6291275024414;15033.8623046875;0;145.5;0;;1.1298828125;220158;m2;190437;0;
..\..\world\azeroth\elwynn\passivedoodads\battlegladepolearmskull\battlegladepolearmskull.m2;21523.65625;74.65177917480469;15198.73046875;27.00000762939453;161.5;76;;1;220385;m2;189674;0;
..\..\world\generic\human\passivedoodads\lanterns\generallantern01.m2;21759.109375;91.00072479248047;15221.982421875;35.0000114440918;21.5;-10.499999046325684;;1;221138;m2;198327;0;
..\..\world\generic\passivedoodads\crate02\crate02.m2;21476.09765625;18.465417861938477;14996.7802734375;-6.499999523162842;0;17.5;;1;220130;m2;199634;0;
..\..\world\azeroth\theblastedlands\passivedoodads\bones\blastedlandsbonepile02.m2;21567.703125;73.7447280883789;15025.9365234375;0;206.5;0;;1.1298828125;220157;m2;190437;0;
..\..\world\generic\passivedoodads\crate02\crate02.m2;21542.9296875;74.26517486572266;14974.3017578125;-14.5;0;-13.500000953674316;;1;219626;m2;199634;0;
..\..\world\azeroth\elwynn\passivedoodads\shovel\shovel.m2;21549.716796875;73.69583129882812;14971.90234375;9;258.5;-6;;1;219621;m2;189854;0;
..\..\world\generic\human\passivedoodads\meat\bloodymeat02.m2;21684.34375;45.836944580078125;15399.8671875;13;125.75335693359375;-4.499999523162842;;1.5654296875;567872;m2;198344;0;
..\..\world\azeroth\duskwood\passivedoodads\ruins\duskwoodruinsbrick.m2;21527.83203125;74.42790222167969;15029.185546875;5;0;14.999999046325684;;1;219614;m2;189511;0;
..\..\world\azeroth\duskwood\passivedoodads\ruins\duskwoodruinsbrick.m2;21511.125;74.59417724609375;15046.6923828125;5;0;14.999999046325684;;1;220179;m2;189511;0;
..\..\world\generic\passivedoodads\crate02\crate02.m2;21478.681640625;19.902326583862305;14999.169921875;-37.5;0;36.5;;1;220132;m2;199634;0;
..\..\world\azeroth\elwynn\passivedoodads\shovel\shovel.m2;21602.072265625;76.10140228271484;15024.5791015625;-2.500002145767212;253;-104;;1;219658;m2;189854;0;
..\..\world\azeroth\elwynn\passivedoodads\battlegladepolearmskull\battlegladepolearmskull.m2;21547.30078125;75.40633392333984;14973.224609375;-50.99999237060547;308.5;-11.499999046325684;;1;219625;m2;189674;0;
..\..\world\azeroth\theblastedlands\passivedoodads\bones\blastedlandsspine01.m2;21367.26953125;17.187944412231445;15097.849609375;6.5;61.5352783203125;21.5;;1.2177734375;220097;m2;190441;0;
..\..\world\azeroth\theblastedlands\passivedoodads\bones\blastedlandsspine01.m2;21577.46484375;39.8895149230957;15316.44921875;0;214.4157257080078;0;;1.2333984375;567891;m2;190441;0;
..\..\world\azeroth\elwynn\passivedoodads\battlegladeswordskull\battlegladeswordskull.m2;21478.6875;75.05109405517578;15028.091796875;0;266;0;;1;219612;m2;189689;0;
..\..\world\azeroth\theblastedlands\passivedoodads\bones\blastedlandsbonepile02.m2;21557.53515625;73.62875366210938;15033.5615234375;0;23.5;0;;1.08984375;220160;m2;190437;0;
..\..\world\generic\passivedoodads\crate02\crate02.m2;21630.1171875;59.07004165649414;15305.4052734375;0;0;0;;1;567855;m2;199634;0;
..\..\world\azeroth\elwynn\passivedoodads\shovel\shovel.m2;21561.1796875;74.21177673339844;15001.6484375;21;243.5;23.999998092651367;;1;219803;m2;189854;0;
..\..\world\azeroth\theblastedlands\passivedoodads\bones\blastedlandsbonepile02.m2;21567.765625;73.66629791259766;15025.3046875;0;354;0;;1.2099609375;220155;m2;190437;0;
..\..\world\azeroth\westfall\passivedoodads\barrel\westfallbarrel01.m2;21680.826171875;56.228797912597656;15340.3359375;-17;0;-112.5;;1;567832;m2;190535;0;
..\..\world\lordaeron\plagueland\passivedoodads\trees\plaguelandmushroom04.m2;21562.140625;74.62364196777344;15006.0341796875;-11.499999046325684;303;-10.000000953674316;;0.3193359375;219797;m2;203791;0;
..\..\world\azeroth\theblastedlands\passivedoodads\bones\blastedlandsspine01.m2;21659.25390625;57.65519332885742;15318.373046875;15.000000953674316;185.24612426757812;22.999998092651367;;1.263671875;567889;m2;190441;0;
..\..\world\azeroth\elwynn\passivedoodads\battlegladepolearmskull\battlegladepolearmskull.m2;21756.02734375;52.32954025268555;15370.9365234375;-11.50000286102295;359;-91.5000228881836;;1;567846;m2;189674;0;
..\..\world\azeroth\elwynn\passivedoodads\shovel\shovel.m2;21546.67578125;74.91853332519531;15031.7177734375;-66.00000762939453;85.5;-25.5;;1;219592;m2;189854;0;
..\..\world\azeroth\westfall\passivedoodads\barrel\westfallbarrel01.m2;21336.919921875;21.630640029907227;14963.8046875;0;0;0;;1.44921875;220138;m2;190535;0;
..\..\world\azeroth\westfall\passivedoodads\barrel\westfallbarrel01.m2;21334.81640625;21.9946231842041;14964.9853515625;-18;178;-15.500000953674316;;1;220137;m2;190535;0;
..\..\world\generic\human\passivedoodads\lanterns\generallantern01.m2;21524.609375;73.9769515991211;15201.4990234375;-2;244.5;-1;;1;220384;m2;198327;0;
..\..\world\generic\human\passivedoodads\crates\crategrain01.m2;21525.46875;73.84941101074219;15198.5458984375;-0.5;0;-7.000000953674316;;1;220373;m2;198158;0;
..\..\world\azeroth\elwynn\passivedoodads\shovel\shovel.m2;21679.427734375;53.25489044189453;15322.0478515625;79.5;0;-48.00001525878906;;1;567829;m2;189854;0;
..\..\world\generic\human\passivedoodads\meat\bloodymeat02.m2;21686.64453125;45.471405029296875;15398.5478515625;21;305.2754211425781;1.5000003576278687;;1.365234375;567871;m2;198344;0;
..\..\world\azeroth\theblastedlands\passivedoodads\bones\blastedlandsspine01.m2;21682.81640625;53.511592864990234;15327.6240234375;0;183.19161987304688;0;;1.2919921875;567888;m2;190441;0;
..\..\world\azeroth\theblastedlands\passivedoodads\bones\blastedlandsbonepile03.m2;21368.822265625;17.368276596069336;15098.1396484375;22.999998092651367;55.613525390625;-13.50000286102295;;1.3056640625;220099;m2;190438;0;
..\..\world\generic\human\passivedoodads\crates\crategrainopen.m2;21539.1171875;75.32257843017578;15033.271484375;-2.499999761581421;0;-3.000000238418579;;1;219617;m2;198161;0;
..\..\world\azeroth\theblastedlands\passivedoodads\bones\blastedlandsspine01.m2;21698.53125;55.898929595947266;15326.2685546875;-20.000001907348633;72.006591796875;13.5;;1.0478515625;567887;m2;190441;0;
..\..\world\generic\human\passivedoodads\crates\crategrainopen.m2;21647.505859375;77.89298248291016;15359.3330078125;-6.5;0;-1.999999761581421;;1;235364;m2;198161;0;
..\..\world\azeroth\theblastedlands\passivedoodads\bones\blastedlandsbonepile02.m2;21567.603515625;73.77531433105469;15025.49609375;0;84.5;0;;1.08984375;220156;m2;190437;0;
..\..\world\azeroth\westfall\passivedoodads\barrel\westfallbarrel01.m2;21585.421875;73.10186767578125;15238.916015625;0;251;0;;1.099609375;221143;m2;190535;0;
..\..\world\generic\passivedoodads\barrel\barrel01.m2;21687.80078125;53.57650375366211;15330.865234375;-68.99999237060547;0;-84.00000762939453;;1;567831;m2;199563;0;
..\..\world\generic\human\passivedoodads\crates\crategrain01.m2;21610.78125;74.08902740478516;15035.43359375;0;0;0;;1;220164;m2;198158;0;
..\..\world\generic\human\passivedoodads\crates\crategrain01.m2;21609.755859375;74.23822021484375;15034.0986328125;0;0;0;;1;220166;m2;198158;0;
..\..\world\generic\human\passivedoodads\crates\crategrainlid.m2;21616.083984375;59.52468490600586;15287.23046875;9.500000953674316;0;-1.000000238418579;;1;567857;m2;198160;0;
..\..\world\azeroth\westfall\passivedoodads\barrel\westfallbarrel01.m2;21472.29296875;18.31271743774414;14998.8828125;-5.000000476837158;264;-15.500000953674316;;1;220136;m2;190535;0;
..\..\world\generic\human\passivedoodads\ropes\cavekoboldropecoil.m2;21338.505859375;21.567956924438477;14965.427734375;12.500000953674316;0;-11.500000953674316;;1;220142;m2;198422;0;
..\..\world\generic\human\passivedoodads\crates\crategrain01.m2;21547.25;74.8404769897461;14973.1259765625;-4.999999523162842;0;-7.000000476837158;;0.9091796875;219620;m2;198158;0;
..\..\world\generic\human\passivedoodads\weapons&armor\humanarrow.m2;21601.94140625;76.48345184326172;15024.0859375;-4;0;12.500001907348633;;1;219668;m2;198642;0;
..\..\world\generic\human\passivedoodads\meat\bloodymeat02.m2;21742.53125;51.349082946777344;15352.853515625;0.49999967217445374;202.91268920898438;22.500001907348633;;1.2353515625;567866;m2;198344;0;
..\..\world\azeroth\elwynn\passivedoodads\battlegladepolearmskull\battlegladepolearmskull.m2;21603.56640625;76.4028549194336;15024.5830078125;-85.49993896484375;41.999969482421875;-172.99996948242188;;1;219656;m2;189674;0;
..\..\world\azeroth\theblastedlands\passivedoodads\bones\blastedlandsbonepile03.m2;21745.20703125;50.888999938964844;15360.5458984375;0;301.3751525878906;0;;1.287109375;567877;m2;190438;0;
..\..\world\azeroth\theblastedlands\passivedoodads\bones\blastedlandsspine01.m2;21561.828125;74.43602752685547;15002.7578125;0;299;0;;1;219801;m2;190441;0;
..\..\world\generic\human\passivedoodads\weapons&armor\humansword01.m2;21683.62109375;58.69148254394531;15367.8017578125;-42;0;-74.49999237060547;;1;567840;m2;198656;0;
..\..\world\azeroth\theblastedlands\passivedoodads\bones\blastedlandsspine01.m2;21542.80078125;73.77733612060547;15045.7373046875;0;337.5;0;;1;219593;m2;190441;0;
..\..\world\generic\human\passivedoodads\weapons&armor\humansword01.m2;21606.40625;75.37997436523438;15019.0830078125;41.5;319.5;-34.5;;1;219659;m2;198656;0;
..\..\world\azeroth\theblastedlands\passivedoodads\bones\blastedlandsspine01.m2;21566.607421875;75.87194061279297;15064.322265625;0;341;0;;1;219603;m2;190441;0;
..\..\world\generic\human\passivedoodads\meat\bloodymeat02.m2;21651.802734375;57.53995895385742;15309.806640625;1.0000001192092896;128.92852783203125;10.500000953674316;;1.1982421875;567861;m2;198344;0;
..\..\world\azeroth\theblastedlands\passivedoodads\bones\blastedlandsspine01.m2;21478.37890625;74.99529266357422;15027.77734375;0;254.5;0;;1;219616;m2;190441;0;
..\..\world\generic\human\passivedoodads\weapons&armor\humanarrow.m2;21605.23046875;75.22891998291016;15023.931640625;23.499998092651367;27;-19.5;;1;219665;m2;198642;0;
..\..\world\generic\human\passivedoodads\meat\bloodymeat01.m2;21602.140625;51.57145309448242;15394.1259765625;0;219.18392944335938;0;;1.265625;567903;m2;198343;0;
..\..\world\generic\human\passivedoodads\weapons&armor\humanarrow.m2;21367.703125;17.340396881103516;15097.7333984375;2.000000238418579;0;-30.500001907348633;;1;220104;m2;198642;0;
..\..\world\azeroth\theblastedlands\passivedoodads\bones\blastedlandsbonepile02.m2;21453.166015625;73.57256317138672;15119.9921875;0;0;0;;1;219527;m2;190437;0;
..\..\world\generic\human\passivedoodads\weapons&armor\humanarrow.m2;21604.0625;75.54862213134766;15024.6796875;12.999998092651367;327;-30.499998092651367;;1;219666;m2;198642;0;
..\..\world\generic\human\passivedoodads\weapons&armor\humanarrow.m2;21602.9765625;76.26627349853516;15018.431640625;-30.000001907348633;0;-21;;1;219661;m2;198642;0;
..\..\world\generic\human\passivedoodads\weapons&armor\humanarrow.m2;21605.259765625;78.1861343383789;15022.83984375;33.5;358;26.499998092651367;;1;219664;m2;198642;0;
..\..\world\azeroth\theblastedlands\passivedoodads\bones\blastedlandsbonepile03.m2;21368.099609375;17.338138580322266;15098.541015625;4.5;313.3935852050781;-0.49999988079071045;;1.029296875;220101;m2;190438;0;
..\..\world\azeroth\theblastedlands\passivedoodads\bones\blastedlandsspine01.m2;21567.7734375;73.70072174072266;15043.1591796875;0;0;0;;1;219594;m2;190441;0;
..\..\world\azeroth\theblastedlands\passivedoodads\bones\blastedlandsspine01.m2;21609.140625;74.14887237548828;15035.357421875;0;0;0;;1;220168;m2;190441;0;
..\..\world\azeroth\theblastedlands\passivedoodads\bones\blastedlandsspine01.m2;21523.7890625;74.08646392822266;15196.4228515625;0;0;0;;1;220375;m2;190441;0;
..\..\world\generic\human\passivedoodads\weapons&armor\humanarrow.m2;21602.5234375;74.96720886230469;15017.1767578125;-26.000003814697266;76;-42.00000762939453;;1;219660;m2;198642;0;
..\..\world\generic\human\passivedoodads\weapons&armor\humanarrow.m2;21599.28125;74.85127258300781;15020.099609375;-30.000001907348633;0;33.5;;1;219667;m2;198642;0;
..\..\world\generic\human\passivedoodads\sacks\plaguedgrainsack01.m2;21573.7734375;77.40699005126953;14981.419921875;0;355.5;0;;1;220174;m2;198437;0;
..\..\world\azeroth\elwynn\passivedoodads\jars\jar01.m2;21575.55078125;58.7838020324707;15281.943359375;7.500002861022949;139.6844482421875;-75.5;;1.095703125;567910;m2;189815;0;
..\..\world\generic\human\passivedoodads\armor\armorbreastplategreen.m2;21682.34765625;56.12760925292969;15352.294921875;-86.99996948242188;180;140.00009155273438;;1.1591796875;567839;m2;197866;0;
..\..\world\azeroth\elwynn\passivedoodads\jugs\jug01.m2;21544.443359375;73.79586029052734;14970.5927734375;-38.50000762939453;0;46;;1;219610;m2;189820;0;
..\..\world\azeroth\elwynn\passivedoodads\jugs\jug01.m2;21481.654296875;20.69549560546875;14997.166015625;-18.000001907348633;57;31.000001907348633;;1;220135;m2;189820;0;
..\..\world\azeroth\westfall\passivedoodads\barrel\westfallbarrel01.m2;21585.869140625;77.74964141845703;14977.6767578125;0;0;0;;1;219629;m2;190535;0;
..\..\world\azeroth\westfall\passivedoodads\barrel\westfallbarrel01.m2;21586.318359375;73.12684631347656;15238.8916015625;0;0;0;;1;221142;m2;190535;0;
..\..\world\azeroth\elwynn\passivedoodads\jugs\jug01.m2;21474.9453125;17.609859466552734;14993.8623046875;-29.999998092651367;0;22.999996185302734;;1;220134;m2;189820;0;
..\..\world\generic\human\passivedoodads\weapons&armor\humanarrow.m2;21599.916015625;75.62955474853516;15021.1953125;-22.5;0;41.5;;1;219663;m2;198642;0;
..\..\world\azeroth\theblastedlands\passivedoodads\bones\blastedlandsbonepile03.m2;21547.98828125;73.85195922851562;14966.4853515625;0;319.5;0;;1;219623;m2;190438;0;
..\..\world\azeroth\elwynn\passivedoodads\jugs\jug02.m2;21654.4765625;58.15690994262695;15304.716796875;-56.5;0;42.49999237060547;;1;567854;m2;189821;0;
..\..\world\generic\human\passivedoodads\buckets\cavekoboldbucket.m2;21587.6875;73.02024841308594;15231.701171875;0;332;0;;1;220259;m2;198069;0;
..\..\world\generic\human\passivedoodads\weapons&armor\humanarrow.m2;21601.208984375;75.9638442993164;15024.138671875;21.000001907348633;309;44.00000762939453;;1;219662;m2;198642;0;
..\..\world\azeroth\elwynn\passivedoodads\jugs\jug01.m2;21333.625;23.048847198486328;14963.2392578125;-12.5;0;-26.5;;1;220140;m2;189820;0;
..\..\world\generic\human\passivedoodads\sacks\plaguedgrainsack02.m2;21574.81640625;77.45431518554688;14980.919921875;0;313;0;;1;220173;m2;198438;0;
..\..\world\generic\human\passivedoodads\armor\armorbreastplatetrim.m2;21691.73828125;53.84003829956055;15328.52734375;-55.5;0;-66;;1;567838;m2;197867;0;
..\..\world\generic\human\passivedoodads\meat\bloodymeat02.m2;21564.984375;75.65908813476562;15068.6923828125;0;333.5;0;;1;219597;m2;198344;0;
..\..\world\generic\human\passivedoodads\sacks\plaguedgrainsack02.m2;21546.943359375;74.9043960571289;14974.822265625;-13.5;109;-8.00000286102295;;1;219618;m2;198438;0;
..\..\world\azeroth\theblastedlands\passivedoodads\bones\blastedlandsskull02.m2;21366.724609375;17.314851760864258;15097.216796875;29.499998092651367;109.9156494140625;4.999998569488525;;1.232421875;220098;m2;190440;0;
..\..\world\generic\human\passivedoodads\buckets\cavekoboldbucket.m2;21525.13671875;73.95286560058594;15200.9052734375;0;347;0;;1;220383;m2;198069;0;
..\..\world\generic\human\passivedoodads\sacks\plaguedgrainsack02.m2;21547.71875;74.85147857666016;14974.6279296875;0;265;0;;1.08984375;219619;m2;198438;0;
..\..\world\generic\human\passivedoodads\meat\bloodymeat01.m2;21649.046875;77.97410583496094;15360.49609375;0;78;0;;1;235363;m2;198343;0;
..\..\world\azeroth\westfall\passivedoodads\westfallchair\westfallchair.m2;21479.375;19.603851318359375;14996.435546875;-87.00010681152344;180.0001220703125;-66.50011444091797;;1;220131;m2;190658;0;
..\..\world\azeroth\elwynn\passivedoodads\jugs\jug02.m2;21558.599609375;74.23239135742188;15013.044921875;6.500000953674316;0;16;;1;219628;m2;189821;0;
..\..\world\azeroth\elwynn\passivedoodads\detail\elwynnrock2\elwynnrock2.m2;21677.451171875;57.20035934448242;15368.224609375;3.000000238418579;0;-39;;1.6796875;567841;m2;189770;0;
..\..\world\azeroth\theblastedlands\passivedoodads\bones\blastedlandsskull02.m2;21769.462890625;47.01655960083008;15364.7373046875;0;111.547607421875;0;;1.361328125;567879;m2;190440;0;
..\..\world\generic\human\passivedoodads\meat\bloodymeat02.m2;21561.59765625;75.91543579101562;15004.326171875;12.500000953674316;0;7.000001430511475;;1;219798;m2;198344;0;
..\..\world\azeroth\elwynn\passivedoodads\jars\jar03.m2;21476.03125;19.146034240722656;14998.541015625;-28.5;0;-11.5;;1;220133;m2;189817;0;
..\..\world\azeroth\elwynn\passivedoodads\jars\jar01.m2;21682.09765625;53.87709045410156;15330.3427734375;16;0;-97.49999237060547;;1;567830;m2;189815;0;
..\..\world\generic\human\passivedoodads\bottles\bottle01.m2;21695.447265625;54.778995513916016;15325.55859375;-4.500000476837158;0;-77.5;;1;567837;m2;198057;0;
..\..\world\azeroth\elwynn\passivedoodads\jars\jar02.m2;21704.82421875;52.20098876953125;15411.029296875;5.500000476837158;0;-130;;1;567844;m2;189816;0;
..\..\world\azeroth\theblastedlands\passivedoodads\bones\blastedlandsskull02.m2;21569.62890625;78.75115966796875;15044.322265625;34.500003814697266;187;-10.999999046325684;;1.0595703125;219595;m2;190440;0;
..\..\world\azeroth\elwynn\passivedoodads\jars\jar02.m2;21335.849609375;21.68267822265625;14966.888671875;-18.5;0;17.5;;1;220139;m2;189816;0;
..\..\world\generic\human\passivedoodads\meat\bloodymeat01.m2;21575.291015625;76.00870513916016;15065.919921875;0;0;0;;1;219598;m2;198343;0;
..\..\world\generic\human\passivedoodads\meat\bloodymeat01.m2;21526.41015625;73.95933532714844;15197.12109375;0;0;0;;1;220374;m2;198343;0;
..\..\world\generic\human\passivedoodads\meat\bloodymeat01.m2;21626.20703125;56.68244934082031;15319.4892578125;0;0;0;;1;567824;m2;198343;0;
..\..\world\generic\human\passivedoodads\buckets\cavekoboldbucket.m2;21580.5859375;76.23725128173828;15206.3828125;0;0;0;;1;220392;m2;198069;0;
..\..\world\generic\human\passivedoodads\meat\bloodymeat01.m2;21561.638671875;75.9579849243164;15004.0078125;-15.499998092651367;176;-3.500000238418579;;0.8896484375;219799;m2;198343;0;
..\..\world\azeroth\westfall\passivedoodads\westfallchair\westfallchair.m2;21560.01953125;74.59894561767578;15011.099609375;-4.999999523162842;0;9.500000953674316;;1;219627;m2;190658;0;
..\..\world\azeroth\elwynn\passivedoodads\jugs\jug01.m2;21683.107421875;55.72941970825195;15342.5146484375;-10.5;0;-92;;1;567833;m2;189820;0;
..\..\world\generic\human\passivedoodads\meat\bloodymeat01.m2;21610.318359375;74.30472564697266;15032.572265625;0;258;0;;0.8095703125;220169;m2;198343;0;
..\..\world\azeroth\westfall\passivedoodads\westfallchair\westfallchair.m2;21582.5234375;73.15255737304688;15232.9052734375;0;0;0;;1;221141;m2;190658;0;
..\..\world\azeroth\elwynn\passivedoodads\jugs\jug02.m2;21581.921875;73.14092254638672;15233.73046875;0;0;0;;1;221140;m2;189821;0;
..\..\world\generic\human\passivedoodads\meat\bloodymeat01.m2;21570.125;75.63973999023438;15072.8603515625;0;193;0;;0.76953125;219599;m2;198343;0;
..\..\world\azeroth\theblastedlands\passivedoodads\bones\blastedlandsskull01.m2;21705.25390625;52.15639877319336;15410.974609375;0;107.2078628540039;0;;1.1171875;567870;m2;190439;0;
..\..\world\generic\human\passivedoodads\books\booksmallopen04.m2;21558.828125;73.6104507446289;15028.2890625;-4;0;-1.5000001192092896;;1;221130;m2;198043;0;
..\..\world\generic\human\passivedoodads\books\booksmallopen01.m2;21554.427734375;75.89754486083984;15018.8798828125;0;0;0;;1;221126;m2;198040;0;
..\..\world\azeroth\theblastedlands\passivedoodads\bones\blastedlandsskull02.m2;21758.337890625;51.3691520690918;15352.99609375;0;180.1263427734375;0;;1.2861328125;567878;m2;190440;0;
..\..\world\azeroth\theblastedlands\passivedoodads\bones\blastedlandsskull01.m2;21551.099609375;75.89881896972656;15022.44921875;0;46;0;;1;219615;m2;190439;0;
..\..\world\azeroth\theblastedlands\passivedoodads\bones\blastedlandsskull01.m2;21568.55859375;76.31694793701172;15122.1142578125;0;112.5;0;;1;219738;m2;190439;0;
..\..\world\generic\human\passivedoodads\bottles\greenbottle01.m2;21640.39453125;60.04183578491211;15306.603515625;-76.5;0;17.5;;1;567853;m2;198060;0;
..\..\world\azeroth\theblastedlands\passivedoodads\bones\blastedlandsskull02.m2;21575.728515625;77.92259216308594;14980.6435546875;0;286;0;;1;220172;m2;190440;0;
..\..\world\azeroth\elwynn\passivedoodads\skeleton\battlegladeskullhumandark.m2;21740.578125;52.027523040771484;15347.138671875;0;32.641357421875;0;;1.2314453125;567865;m2;189896;0;
..\..\world\azeroth\theblastedlands\passivedoodads\bones\blastedlandsbone01.m2;21369.587890625;17.180299758911133;15097.4521484375;0;103.98779296875;0;;1.3408203125;220095;m2;190436;0;
..\..\world\azeroth\theblastedlands\passivedoodads\bones\blastedlandsbone01.m2;21688.244140625;46.66140365600586;15401.58984375;0;199.50682067871094;0;;1.3291015625;567874;m2;190436;0;
..\..\world\azeroth\theblastedlands\passivedoodads\bones\blastedlandsskull02.m2;21561.51953125;74.41490173339844;15001.962890625;0;11.5;0;;1;219802;m2;190440;0;
..\..\world\azeroth\elwynn\passivedoodads\skeleton\battlegladeskullhumandark.m2;21669.97265625;54.02726745605469;15317.1591796875;0;92.70547485351562;0;;1.482421875;567863;m2;189896;0;
..\..\world\generic\human\passivedoodads\meat\bloodymeat01.m2;21558.919921875;74.51844024658203;15005.6015625;1.5;106;-0.4999999403953552;;0.619140625;220153;m2;198343;0;
..\..\world\generic\human\passivedoodads\books\booksmall02.m2;21563.447265625;73.75308227539062;15024.4404296875;90;43;0;;1;221131;m2;198036;0;
..\..\world\azeroth\theblastedlands\passivedoodads\bones\blastedlandsbone01.m2;21369.55078125;17.32155990600586;15097.1611328125;0;252.4066162109375;0;;1.2294921875;220094;m2;190436;0;
..\..\world\azeroth\theblastedlands\passivedoodads\bones\blastedlandsbone01.m2;21368.9296875;17.262548446655273;15097.341796875;0;23.180877685546875;0;;1.19140625;220096;m2;190436;0;
..\..\world\generic\human\passivedoodads\meat\bloodymeat01.m2;21561.10546875;74.39804077148438;15002.2109375;0;0;0;;0.6796875;219800;m2;198343;0;
..\..\world\generic\human\passivedoodads\books\booksmall01.m2;21555.31640625;75.89752197265625;15018.0009765625;-15.50000286102295;314.5;-7.500000953674316;;1;221127;m2;198035;0;
..\..\world\azeroth\elwynn\passivedoodads\skeleton\battlegladeskullhumandark.m2;21567.8125;74.36368560791016;15026.3798828125;-7.000000476837158;323.5;1.999999761581421;;0.9296875;220161;m2;189896;0;
..\..\world\generic\human\passivedoodads\books\booksmall02.m2;21550.4375;75.95387268066406;15019.9521484375;88.49988555908203;180;3.999981164932251;;1;221129;m2;198036;0;
..\..\world\azeroth\theblastedlands\passivedoodads\bones\blastedlandsbone01.m2;21584.263671875;74.8785400390625;15006.685546875;0;330.5;0;;1;219631;m2;190436;0;
..\..\world\generic\human\passivedoodads\dolls\ragdoll01.m2;21538.662109375;73.56480407714844;15093.49609375;-88.0000228881836;329.4998779296875;-133.49989318847656;;0.419921875;221133;m2;198178;0;
..\..\world\generic\human\passivedoodads\books\booksmall02.m2;21546.03515625;73.95004272460938;15019.849609375;0;0;0;;1;221128;m2;198036;0;
..\..\world\azeroth\theblastedlands\passivedoodads\bones\blastedlandsbone01.m2;21598.66015625;74.59979248046875;15025.48046875;0;349;0;;1;219669;m2;190436;0;
..\..\world\azeroth\theblastedlands\passivedoodads\bones\blastedlandsbone01.m2;21580.05078125;77.45331573486328;14980.9228515625;0;340.5;0;;1;220175;m2;190436;0;
..\..\world\azeroth\theblastedlands\passivedoodads\bones\blastedlandsbone01.m2;21368.296875;17.26568031311035;15098.326171875;0;290.10186767578125;0;;0.9921875;220100;m2;190436;0;
..\..\world\azeroth\elwynn\passivedoodads\skeleton\battlegladeskullhumandark.m2;21606.86328125;74.41464233398438;15023.33984375;0;0;0;;1;219657;m2;189896;0;
..\..\world\wmo\azeroth\buildings\duskwoodabandoned_townhall_nowall\duskwoodabandoned_townhall_nowall.wmo;21567.3203125;74.90038299560547;15034.435546875;0;41.5;0;0;1;206784;wmo;106836;0;Set_$DefaultGlobal
..\..\world\wmo\azeroth\buildings\duskwoodabandoned_blacksmith\duskwoodabandoned_blacksmith.wmo;21493.00390625;74.66703033447266;15039.849609375;0;213.00001525878906;0;0;1;206785;wmo;106797;0;Set_$DefaultGlobal
..\..\world\wmo\azeroth\buildings\duskwoodabandoned_inn\duskwoodabandoned_inn.wmo;21576.3671875;75.09817504882812;15095.458984375;0;39.5;0;0;1;206786;wmo;106822;0;Set_$DefaultGlobal
..\..\world\wmo\azeroth\buildings\duskwoodabandoned_humantwostory\duskwoodabandoned_humantwostory.wmo;21616.8359375;75.49186706542969;15041.482421875;0;42;0;0;1;206787;wmo;106803;1;Set_A
..\..\world\wmo\azeroth\buildings\duskwoodabandoned_human_farm\duskwoodabandoned_human_farm.wmo;21516.697265625;72.93128967285156;15118.0009765625;0;294;0;0;1;206788;wmo;106800;1;Set_A
..\..\world\wmo\azeroth\buildings\duskwoodabandoned_human_farm\duskwoodabandoned_human_farm.wmo;21577.458984375;74.31036376953125;14972.60546875;0;96;0;0;1;206789;wmo;106800;2;Set_B
..\..\world\wmo\azeroth\buildings\duskwood_human_farm_burnt\duskwoodfarmhouseburnt.wmo;21640.11328125;71.77447509765625;14996.6796875;0;313;0;0;1;206790;wmo;106738;0;Set_$DefaultGlobal
..\..\world\wmo\azeroth\buildings\duskwood_human_farm_burnt\duskwoodfarmhouseburnt.wmo;21545.203125;70.18235778808594;15099.623046875;0;316;0;0;1;206791;wmo;106738;0;Set_$DefaultGlobal
..\..\world\wmo\azeroth\buildings\duskwoodabandoned_human_farm\duskwoodabandoned_human_farm.wmo;21613.640625;72.36178588867188;14966.896484375;0;138.5;0;0;1;206792;wmo;106800;1;Set_A
