# Exported using wow.export v0.2.19
o 20736_FFRoute02.obj
v 67.70562744140625 -52.531097412109375 -242.4036865234375
v 68.91351318359375 -51.87154006958008 -239.33206176757812
v 65.95928192138672 -51.88444519042969 -239.39219665527344
v 76.51902770996094 -48.402618408203125 -221.03433227539062
v 76.36346435546875 -48.48342514038086 -218.80776977539062
v 75.0000228881836 -48.229164123535156 -216.90484619140625
v 56.76805877685547 -69.07034301757812 -266.58184814453125
v 55.011940002441406 -69.2037353515625 -268.7947998046875
v 57.52765655517578 -68.37840270996094 -265.35693359375
v 68.0662612915039 -48.390769958496094 -215.90155029296875
v 65.71414947509766 -48.5523796081543 -213.00045776367188
v 66.98330688476562 -48.72583770751953 -216.5267791748047
v 70.41837310791016 -48.229164123535156 -218.80264282226562
v 57.76457977294922 -69.62889099121094 -265.5938415527344
v 58.52417755126953 -68.93695068359375 -264.368896484375
v 70.79078674316406 -49.24620819091797 -227.10574340820312
v 71.90555572509766 -48.656883239746094 -224.70631408691406
v 70.60458374023438 -48.73768615722656 -222.95419311523438
v 58.99803161621094 -71.43791198730469 -264.8427734375
v 58.761104583740234 -70.18743133544922 -264.6058349609375
v 59.75762939453125 -70.7459716796875 -263.6178283691406
v 68.25247192382812 -48.8992919921875 -220.0531005859375
v 66.09909057617188 -49.64125061035156 -216.76370239257812
v 57.47883605957031 -72.82179260253906 -267.29266357421875
v 56.48231506347656 -72.26324462890625 -268.2806701660156
v 57.241912841796875 -71.57130432128906 -267.05572509765625
v 55.48579025268555 -71.70469665527344 -269.2686767578125
v 56.71923828125 -73.51373291015625 -268.5176086425781
v 57.00498580932617 -70.3208236694336 -266.81878662109375
v 58.00151062011719 -70.87936401367188 -265.8307800292969
v 64.04109191894531 -69.1620101928711 -257.62322998046875
v 66.04576110839844 -69.65385437011719 -255.30343627929688
v 64.36473846435547 -70.41249084472656 -257.7099609375
v 62.683719635009766 -71.17112731933594 -260.1164855957031
v 59.321678161621094 -72.68840026855469 -264.92950439453125
v 57.64065933227539 -73.44703674316406 -267.3360290527344
v 55.95964050292969 -74.2056655883789 -269.7425537109375
v 61.039894104003906 -68.11161804199219 -260.9310302734375
v 60.280296325683594 -68.80355834960938 -262.15594482421875
v 60.043373107910156 -67.55307006835938 -261.9190368652344
v 62.03641891479492 -68.670166015625 -259.9430236816406
v 61.79949188232422 -67.419677734375 -259.70611572265625
v 59.54511260986328 -67.2738037109375 -262.41302490234375
v 70.75312042236328 -59.93828582763672 -273.29791259765625
v 69.868896484375 -59.022865295410156 -273.06097412109375
v 67.74575805664062 -59.78150177001953 -276.2332458496094
v 61.56256866455078 -66.16919708251953 -259.4691467285156
v 63.85417175292969 -59.87000274658203 -277.6370849609375
v 65.62262725830078 -60.54013442993164 -279.405517578125
v 65.97731018066406 -59.111366271972656 -274.46478271484375
v 68.1004409790039 -58.35273742675781 -271.29254150390625
v 70.32516479492188 -54.147735595703125 -249.93240356445312
v 69.45199584960938 -54.471065521240234 -251.43817138671875
v 71.1983413696289 -54.47106170654297 -251.43814086914062
v 62.08572006225586 -59.19987106323242 -275.8686218261719
v 72.94468688964844 -54.47106170654297 -251.43812561035156
v 71.1983413696289 -54.47106170654297 -251.43814086914062
v 71.1983413696289 -55.386478424072266 -251.20120239257812
v 67.70564270019531 -53.82440948486328 -248.4266815185547
v 68.57881927490234 -54.147735595703125 -249.93243408203125
v 66.83247375488281 -54.14773941040039 -249.93243408203125
v 71.19833374023438 -53.82440948486328 -248.4266357421875
v 72.0715103149414 -54.147735595703125 -249.932373046875
v 72.67544555664062 -53.817955017089844 -248.39657592773438
v 72.94468688964844 -54.47106170654297 -251.43812561035156
v 67.70564270019531 -53.177757263183594 -245.41517639160156
v 68.57881164550781 -53.50108337402344 -246.92092895507812
v 69.45198059082031 -53.17775344848633 -245.4151611328125
v 66.83245849609375 -52.854427337646484 -243.90943908691406
v 65.95929718017578 -53.177757263183594 -245.41519165039062
v 66.83247375488281 -53.50108337402344 -246.92092895507812
v 65.95930480957031 -53.82441329956055 -248.42669677734375
v 72.87625122070312 -59.179649353027344 -270.1256103515625
v 77.50184631347656 -62.417747497558594 -268.57159423828125
v 75.09842681884766 -62.55113983154297 -271.90570068359375
v 75.26024627685547 -63.1763801574707 -271.94903564453125
v 75.88361358642578 -59.33643341064453 -267.1902770996094
v 74.11515808105469 -57.50559997558594 -266.7164306640625
v 72.69500732421875 -62.684532165527344 -275.23980712890625
v 74.93660736083984 -61.925899505615234 -271.8623352050781
v 72.85682678222656 -63.30977249145508 -275.28314208984375
v 70.45340728759766 -63.44316482543945 -278.61724853515625
v 71.73602294921875 -63.6890869140625 -276.97186279296875
v 58.287254333496094 -67.68646240234375 -264.1319580078125
v 56.24538803100586 -71.01275634765625 -268.0437316894531
v 56.008460998535156 -69.76228332519531 -267.8067932128906
v 63.318687438964844 -66.03580474853516 -257.2562255859375
v 62.55908966064453 -66.72773742675781 -258.48114013671875
v 65.0748062133789 -65.90241241455078 -255.04327392578125
v 64.07828521728516 -65.3438720703125 -256.03125
v 85.55451965332031 -58.56291198730469 -227.2344512939453
v 85.8237533569336 -59.21601867675781 -231.2469482421875
v 85.39268493652344 -59.18815231323242 -227.1910858154297
v 72.52299499511719 -47.72064208984375 -213.70217895507812
v 71.28447723388672 -47.46637725830078 -212.10086059570312
v 71.4400405883789 -47.38557434082031 -214.32742309570312
v 70.04595947265625 -47.21211624145508 -210.49952697753906
v 72.367431640625 -47.80144500732422 -211.47561645507812
v 66.91722106933594 -62.37096405029297 -280.70013427734375
v 68.21180725097656 -64.20179748535156 -281.9947204589844
v 69.1588134765625 -61.612335205078125 -277.3226623535156
v 71.40042114257812 -60.85369873046875 -273.9451904296875
v 61.301231384277344 -67.1404037475586 -260.2000732421875
v 73.96566772460938 -60.55277633666992 -270.8913879394531
v 77.17820739746094 -61.167266845703125 -268.48486328125
v 65.16152954101562 -63.40144729614258 -254.89306640625
v 66.63735961914062 -63.26805114746094 -252.51828002929688
v 65.73762512207031 -63.959991455078125 -253.66229248046875
v 68.11319732666016 -63.13465881347656 -250.1435089111328
v 66.06127166748047 -62.709510803222656 -253.74903869628906
v 83.29918670654297 -53.68946838378906 -239.7457733154297
v 83.3856201171875 -53.59177017211914 -237.72366333007812
v 82.94351196289062 -53.13405990600586 -237.8421173095703
v 84.8083267211914 -55.81340408325195 -245.33828735351562
v 83.64493560791016 -53.29867172241211 -231.65731811523438
v 83.91416931152344 -53.9517822265625 -235.5830841064453
v 84.18341064453125 -54.604888916015625 -239.50885009765625
v 74.28931427001953 -61.01048278808594 -271.21502685546875
v 67.60832214355469 -59.51660919189453 -252.7784423828125
v 68.18441009521484 -60.07515335083008 -251.54769897460938
v 67.28466796875 -60.76708984375 -252.6917266845703
v 68.760498046875 -60.633697509765625 -250.31695556640625
v 68.508056640625 -58.824668884277344 -251.63442993164062
v 85.90252685546875 -66.53167724609375 -249.04299926757812
v 85.60608673095703 -66.83036804199219 -247.12347412109375
v 85.92974090576172 -65.57988739013672 -247.0367431640625
v 85.87532043457031 -67.48347473144531 -251.04925537109375
v 86.03715515136719 -66.85823059082031 -251.00588989257812
v 77.7419662475586 -56.82535934448242 -262.07647705078125
v 79.24565124511719 -56.903751373291016 -260.6087951660156
v 78.36141967773438 -55.98833465576172 -260.37188720703125
v 77.12251281738281 -57.662384033203125 -263.78106689453125
v 76.23828887939453 -56.74696731567383 -263.5441589355469
v 81.33064270019531 -52.67076873779297 -244.96701049804688
v 81.79997253417969 -52.511749267578125 -242.96075439453125
v 80.59208679199219 -52.17668151855469 -243.284423828125
v 80.861328125 -52.82978820800781 -246.9732666015625
v 82.06920623779297 -53.16485595703125 -246.6496124267578
v 79.98815155029297 -52.00914764404297 -243.4462432861328
v 80.12277221679688 -52.33570098876953 -245.12884521484375
v 60.952247619628906 -59.61396789550781 -269.8818359375
v 61.39435958862305 -59.446434020996094 -270.323974609375
v 63.35566711425781 -58.687801361083984 -267.4319763183594
v 58.548828125 -60.54013442993164 -272.33172607421875
v 62.14779281616211 -59.022865295410156 -267.10833740234375
v 66.282958984375 -56.65931701660156 -228.31362915039062
v 65.95930480957031 -56.65931701660156 -228.31362915039062
v 66.60659790039062 -55.408836364746094 -228.22689819335938
v 65.95931243896484 -57.90979766845703 -228.4003448486328
v 80.04243469238281 -55.062171936035156 -256.7574768066406
v 79.4384994506836 -54.89463806152344 -256.59564208984375
v 77.47718811035156 -55.65327072143555 -259.4876403808594
v 82.60768127441406 -54.4710693359375 -254.02731323242188
v 80.48455047607422 -55.22970199584961 -257.1995849609375
v 63.62750244140625 -58.4573860168457 -221.0796661376953
v 64.40476989746094 -58.27485656738281 -223.5198974609375
v 63.67082977294922 -57.562889099121094 -221.95089721679688
v 63.994476318359375 -58.81336975097656 -221.86416625976562
v 62.85023498535156 -58.639915466308594 -218.63943481445312
v 64.81507110595703 -57.73634338378906 -225.17562866210938
v 65.18203735351562 -58.09232711791992 -225.96011352539062
v 65.95931243896484 -57.90979766845703 -228.4003448486328
v 75.62227630615234 -47.90594482421875 -225.8111114501953
v 73.02032470703125 -48.06755447387695 -222.306884765625
v 63.26053237915039 -58.101402282714844 -220.295166015625
v 62.526588439941406 -57.389434814453125 -218.72616577148438
v 66.60659790039062 -60.4107666015625 -228.22689819335938
v 66.93024444580078 -61.66124725341797 -228.14016723632812
v 66.28292846679688 -61.66124725341797 -228.1402130126953
v 67.25389099121094 -62.9117317199707 -228.05343627929688
v 65.13871765136719 -58.98682403564453 -225.08889770507812
v 65.54901123046875 -58.44831085205078 -226.74462890625
v 66.282958984375 -59.160282135009766 -228.31362915039062
v 65.95928955078125 -60.4107666015625 -228.2269287109375
v 65.1052474975586 -56.485862731933594 -225.00808715820312
v 64.60155487060547 -57.3803596496582 -224.3275604248047
v 65.53227996826172 -57.19783020019531 -226.7042236328125
v 78.51592254638672 -61.67938232421875 -208.29953002929688
v 79.1593246459961 -62.391353607177734 -210.5180206298828
v 78.35409545898438 -62.30462646484375 -208.3428955078125
v 77.54887390136719 -62.2178955078125 -206.16775512695312
v 80.12637329101562 -61.85284423828125 -212.64979553222656
v 80.769775390625 -62.56481170654297 -214.8682861328125
v 79.96455383300781 -62.47808074951172 -212.69314575195312
v 68.6856689453125 -66.70276641845703 -282.46856689453125
v 69.15953063964844 -69.2037353515625 -282.9424133300781
v 71.44448852539062 -68.44509887695312 -279.4898681640625
v 70.97062683105469 -65.94412994384766 -279.0159912109375
v 73.72943878173828 -67.68646240234375 -276.03729248046875
v 73.25557708740234 -65.18550109863281 -275.5634460449219
v 65.95929718017578 -66.88610076904297 -250.40374755859375
v 65.96382141113281 -67.14734649658203 -248.7555694580078
v 65.95929718017578 -68.13658142089844 -250.490478515625
v 65.95929718017578 -65.6356201171875 -250.31703186035156
v 66.49777221679688 -66.88610076904297 -250.4037322998047
v 65.95929718017578 -65.6356201171875 -250.31703186035156
v 65.95929718017578 -66.88610076904297 -250.40374755859375
v 65.95929718017578 -68.13658142089844 -250.490478515625
v 81.73450469970703 -53.650428771972656 -250.5002899169922
v 81.13056945800781 -53.48289489746094 -250.33847045898438
v 82.60768127441406 -54.4710693359375 -254.02731323242188
v 82.33843994140625 -53.817962646484375 -250.33847045898438
v 54.371849060058594 -71.70469665527344 -270.38262939453125
v 54.134925842285156 -70.45421600341797 -270.14569091796875
v 53.257911682128906 -71.70469665527344 -271.49658203125
v 54.6087760925293 -72.95518493652344 -270.61956787109375
v 55.72271728515625 -72.95518493652344 -269.505615234375
v 52.78406524658203 -69.2037353515625 -271.022705078125
v 53.89800262451172 -69.2037353515625 -269.90875244140625
v 54.13494110107422 -67.95325469970703 -270.1456604003906
v 54.84574508666992 -64.20181274414062 -270.8564758300781
v 53.7318115234375 -64.20181274414062 -271.97039794921875
v 55.49304962158203 -63.2863883972168 -271.5037841796875
v 54.60881042480469 -65.45228576660156 -270.6195373535156
v 53.25794219970703 -66.70277404785156 -271.49652099609375
v 54.37187576293945 -66.70277404785156 -270.3825988769531
v 55.485809326171875 -66.70277404785156 -269.2686767578125
v 55.72274398803711 -65.45228576660156 -269.505615234375
v 56.62248611450195 -64.76034545898438 -268.361572265625
v 55.959678649902344 -64.2018051147461 -269.7425537109375
v 57.25425338745117 -62.3709716796875 -271.0371398925781
v 56.606964111328125 -63.2863883972168 -270.38983154296875
v 57.66852569580078 -62.67821502685547 -269.2458190917969
v 55.02642059326172 -62.3709716796875 -273.2649841308594
v 56.14033508300781 -62.3709716796875 -272.15106201171875
v 56.78762435913086 -61.45555114746094 -272.79833984375
v 65.9696044921875 -59.742034912109375 -229.84759521484375
v 65.95928955078125 -60.4107666015625 -228.2269287109375
v 65.96958923339844 -60.99251937866211 -229.76087951660156
v 65.97989654541016 -61.57427215576172 -231.29483032226562
v 65.9695816040039 -62.243003845214844 -229.67417907714844
v 65.95931243896484 -57.90979766845703 -228.4003448486328
v 65.95930480957031 -59.160282135009766 -228.31362915039062
v 65.95930480957031 -59.160282135009766 -228.31362915039062
v 65.97991943359375 -59.073307037353516 -231.46823120117188
v 65.97990417480469 -60.32379150390625 -231.38153076171875
v 65.9902114868164 -60.90554428100586 -232.9154815673828
v 65.96961975097656 -58.491554260253906 -229.93429565429688
v 65.96961975097656 -57.79472351074219 -230.09840393066406
v 73.41031646728516 -50.70293426513672 -236.71585083007812
v 72.80638122558594 -50.87046432495117 -236.55404663085938
v 74.28349304199219 -51.188507080078125 -239.9192352294922
v 72.53713989257812 -50.21735763549805 -233.51248168945312
v 74.01425170898438 -50.535400390625 -236.5540313720703
v 71.6639633178711 -49.731781005859375 -230.30911254882812
v 71.06002807617188 -49.899314880371094 -230.1472930908203
v 70.79078674316406 -49.24620819091797 -227.10574340820312
v 72.26789855957031 -49.564247131347656 -230.14727783203125
v 58.238433837890625 -72.12985229492188 -266.0677185058594
v 68.00090026855469 -66.32756042480469 -251.54190063476562
v 69.08415222167969 -66.88610076904297 -250.4036865234375
v 67.24130249023438 -67.01950073242188 -252.766845703125
v 68.760498046875 -65.6356201171875 -250.31695556640625
v 66.91764831542969 -65.76901245117188 -252.68011474609375
v 66.70858001708984 -60.20854568481445 -253.92247009277344
v 66.04576873779297 -59.650001525878906 -255.30343627929688
v 65.808837890625 -60.900482177734375 -255.06649780273438
v 65.95929718017578 -60.633697509765625 -250.31703186035156
v 65.96961212158203 -59.913368225097656 -248.83139038085938
v 65.96961212158203 -61.163848876953125 -248.74465942382812
v 65.97992706298828 -59.19303894042969 -247.34573364257812
v 65.96961212158203 -58.66288757324219 -248.91810607910156
v 65.95929718017578 -59.383216857910156 -250.40374755859375
v 65.95929718017578 -58.13273239135742 -250.490478515625
v 66.82142639160156 -59.383216857910156 -250.4037322998047
v 65.95929718017578 -58.13273239135742 -250.490478515625
v 65.95929718017578 -59.383216857910156 -250.40374755859375
v 65.95929718017578 -60.633697509765625 -250.31703186035156
v 65.97992706298828 -61.69400405883789 -247.17230224609375
v 65.96961212158203 -62.414329528808594 -248.65794372558594
v 65.95929718017578 -63.13465881347656 -250.14358520507812
v 65.96382141113281 -63.395904541015625 -248.49539184570312
v 65.97992706298828 -60.443519592285156 -247.25901794433594
v 78.27509307861328 -51.47209167480469 -210.75494384765625
v 76.32643127441406 -50.012237548828125 -209.3767547607422
v 76.68954467773438 -49.64125442504883 -211.67034912109375
v 65.99024200439453 -59.72319412231445 -245.77337646484375
v 66.96101379394531 -62.01757049560547 -252.60501098632812
v 66.38492584228516 -61.45902633666992 -253.83575439453125
v 65.9695816040039 -54.04328155517578 -229.83828735351562
v 65.96958923339844 -53.91535186767578 -231.255615234375
v 65.95927429199219 -52.652015686035156 -230.88819885253906
v 65.96958923339844 -53.78742218017578 -232.67295837402344
v 65.97989654541016 -55.178688049316406 -231.623046875
v 65.97990417480469 -54.92283248901367 -234.45773315429688
v 65.96958923339844 -53.65949630737305 -234.09030151367188
v 65.95927429199219 -52.39616012573242 -233.72286987304688
v 65.96958923339844 -53.53157043457031 -235.50762939453125
v 65.97990417480469 -54.79490661621094 -235.87506103515625
v 65.97990417480469 -54.66697692871094 -237.29238891601562
v 65.99021911621094 -56.05824279785156 -236.24249267578125
v 67.86075592041016 -61.32563400268555 -251.4609832763672
v 68.43684387207031 -61.884178161621094 -250.230224609375
v 67.537109375 -62.576114654541016 -251.374267578125
v 69.45106506347656 -73.20111083984375 -280.4244384765625
v 68.21180725097656 -74.2056655883789 -281.9947204589844
v 70.45339965820312 -73.44703674316406 -278.61724853515625
v 75.17352294921875 -70.67927551269531 -272.0992431640625
v 74.93658447265625 -71.92976379394531 -271.8623352050781
v 77.17818450927734 -71.17112731933594 -268.48486328125
v 59.14436340332031 -62.377288818359375 -266.31048583984375
v 59.32170867919922 -62.68453598022461 -264.92950439453125
v 58.082801818847656 -62.9854621887207 -267.4544982910156
v 60.205928802490234 -61.76911926269531 -265.16644287109375
v 58.7300910949707 -62.070045471191406 -268.101806640625
v 64.8068618774414 -59.950927734375 -257.82843017578125
v 64.36475372314453 -60.408634185791016 -257.7099609375
v 62.683738708496094 -61.167266845703125 -260.1164855957031
v 64.24629211425781 -61.03387451171875 -257.59149169921875
v 70.11467742919922 -56.91006851196289 -252.10829162597656
v 70.29202270507812 -57.217315673828125 -250.72732543945312
v 69.05311584472656 -57.51824188232422 -253.2523193359375
v 71.17623901367188 -56.30189514160156 -250.96426391601562
v 69.93733215332031 -56.602821350097656 -253.48924255371094
v 80.02984619140625 -56.138954162597656 -210.01544189453125
v 78.78935241699219 -54.1765022277832 -208.09158325195312
v 79.44949340820312 -53.63798904418945 -210.35049438476562
v 69.40779876708984 -58.13273239135742 -250.4904022216797
v 69.23045349121094 -57.82548522949219 -251.87136840820312
v 68.16889953613281 -58.43365478515625 -253.015380859375
v 60.41038513183594 -65.05210876464844 -261.9306640625
v 60.986480712890625 -65.61065673828125 -260.69989013671875
v 59.79869079589844 -66.02332305908203 -262.45928955078125
v 58.610904693603516 -66.43598937988281 -264.21868896484375
v 78.80609893798828 -60.42890548706055 -208.1320037841797
v 80.06332397460938 -58.639915466308594 -210.09625244140625
v 79.48297119140625 -61.140872955322266 -210.43130493164062
v 63.36205291748047 -64.78532409667969 -257.18109130859375
v 64.83788299560547 -64.65193176269531 -254.80633544921875
v 63.200225830078125 -65.41056823730469 -257.13775634765625
v 62.17426681518555 -65.19799041748047 -258.94049072265625
v 61.8862190246582 -64.91871643066406 -259.5558776855469
v 60.08673858642578 -66.30259704589844 -261.84393310546875
v 59.18699645996094 -66.9945297241211 -262.9879455566406
v 61.44483184814453 -61.46819305419922 -262.6414794921875
v 61.002723693847656 -61.9259033203125 -262.52301025390625
v 62.50639343261719 -60.860023498535156 -261.4974365234375
v 60.16221618652344 -62.30522155761719 -263.72625732421875
v 65.99551391601562 -62.88939666748047 -230.63253784179688
v 65.95926666259766 -62.9117317199707 -228.05352783203125
v 66.03176879882812 -62.8670654296875 -233.2115478515625
v 66.02145385742188 -63.535797119140625 -231.59088134765625
v 66.00582885742188 -62.22066879272461 -232.25318908691406
v 60.04374694824219 -62.930458068847656 -263.6077880859375
v 62.32905578613281 -60.55277633666992 -262.8783874511719
v 61.356163024902344 -61.314571380615234 -263.3319396972656
v 67.70564270019531 -57.217315673828125 -250.72738647460938
v 66.83247375488281 -55.84419250488281 -251.08279418945312
v 65.95930480957031 -56.301902770996094 -250.96434020996094
v 65.95931243896484 -54.4710693359375 -251.43820190429688
v 67.70565795898438 -55.38648223876953 -251.2012481689453
v 68.57881927490234 -56.759605407714844 -250.84584045410156
v 69.40779876708984 -58.13273239135742 -250.4904022216797
v 69.45199584960938 -56.30189514160156 -250.96429443359375
v 69.45199584960938 -54.471065521240234 -251.43817138671875
v 67.70565795898438 -54.4710693359375 -251.4381866455078
v 65.95931243896484 -54.4710693359375 -251.43820190429688
v 67.70565795898438 -54.4710693359375 -251.4381866455078
v 70.32516479492188 -54.92877197265625 -251.31968688964844
v 66.83247375488281 -57.675025939941406 -250.6089324951172
v 67.68354797363281 -58.13273239135742 -250.49044799804688
v 68.57882690429688 -55.84418869018555 -251.082763671875
v 70.82156372070312 -55.68740463256836 -253.72616577148438
v 70.9989013671875 -55.994651794433594 -252.34521484375
v 71.88312530517578 -55.07923126220703 -252.5821533203125
v 67.9915542602539 -58.12641143798828 -254.39634704589844
v 66.92999267578125 -58.734580993652344 -255.54037475585938
v 68.69843292236328 -56.90374755859375 -256.01422119140625
v 66.282958984375 -59.160282135009766 -228.31362915039062
v 65.91598510742188 -58.804298400878906 -227.52911376953125
v 65.8726577758789 -59.698795318603516 -226.65789794921875
v 64.79340362548828 -58.18359375 -224.74000549316406
v 65.7860107421875 -61.48779296875 -224.91543579101562
v 66.19630432128906 -60.94927978515625 -226.5711669921875
v 65.82933044433594 -60.59329605102539 -225.7866668701172
v 65.46235656738281 -60.23731231689453 -225.00216674804688
v 65.95931243896484 -54.4710693359375 -251.43820190429688
v 65.96446228027344 -54.84581756591797 -250.45484924316406
v 65.95930480957031 -56.301902770996094 -250.96434020996094
v 65.96961975097656 -55.22056198120117 -249.47149658203125
v 65.96961975097656 -54.688629150390625 -249.04141235351562
v 65.96446228027344 -56.6766471862793 -249.98098754882812
v 65.96961975097656 -57.0513916015625 -248.9976348876953
v 65.97992706298828 -57.80088424682617 -247.03091430664062
v 65.96961212158203 -57.9668083190918 -248.7606964111328
v 65.97477722167969 -55.595306396484375 -248.48814392089844
v 65.97993469238281 -55.970054626464844 -247.50479125976562
v 65.97993469238281 -54.90618896484375 -246.64462280273438
v 83.31770324707031 -56.48586654663086 -218.87759399414062
v 83.80960083007812 -56.84185028076172 -219.96368408203125
v 83.64134979248047 -57.73634719848633 -218.79087829589844
v 84.3014907836914 -57.197837829589844 -221.04977416992188
v 83.48594665527344 -55.59136962890625 -220.0504150390625
v 72.96934509277344 -54.98313522338867 -257.6324768066406
v 73.85357666015625 -54.6480712890625 -258.5166931152344
v 75.37277221679688 -54.056968688964844 -255.18260192871094
v 85.2852783203125 -57.90980529785156 -223.22195434570312
v 84.46331787109375 -57.82307434082031 -221.00640869140625
v 84.31822967529297 -58.44831848144531 -221.09017944335938
v 82.01026916503906 -54.523414611816406 -216.79214477539062
v 82.50215911865234 -54.879398345947266 -217.87823486328125
v 81.35012817382812 -55.061927795410156 -214.53323364257812
v 82.99404907226562 -55.235382080078125 -218.96432495117188
v 83.65419006347656 -54.696868896484375 -221.2232208251953
v 82.83222961425781 -54.61014175415039 -219.0076904296875
v 79.36970520019531 -56.677467346191406 -207.75653076171875
v 80.35350036621094 -57.389434814453125 -209.9287109375
v 79.53153991699219 -57.302703857421875 -207.71316528320312
v 78.7095718383789 -57.21597671508789 -205.4976348876953
v 79.38644409179688 -57.927947998046875 -207.79693603515625
v 83.33055114746094 -53.446388244628906 -221.3099365234375
v 83.16230010986328 -54.340885162353516 -220.1371307373047
v 82.67041015625 -53.984901428222656 -219.05104064941406
v 81.84202575683594 -55.417911529541016 -215.61932373046875
v 82.16566467285156 -56.668392181396484 -215.53260803222656
v 82.33391571044922 -55.773895263671875 -216.70541381835938
v 82.74168395996094 -56.57712936401367 -217.20510864257812
v 82.65756225585938 -57.024375915527344 -216.6186981201172
v 82.8258056640625 -56.1298828125 -217.79150390625
v 73.74501037597656 -49.88228988647461 -233.18882751464844
v 76.16075134277344 -49.212158203125 -232.54150390625
v 73.47576904296875 -49.229183197021484 -229.82362365722656
v 82.81938171386719 -57.649620056152344 -216.57534790039062
v 81.99742126464844 -57.562889099121094 -214.35980224609375
v 82.67430114746094 -58.27485656738281 -216.6591033935547
v 83.14945983886719 -57.38036346435547 -217.7047882080078
v 83.35118103027344 -58.9868278503418 -218.95840454101562
v 83.97978973388672 -58.09233093261719 -219.94052124023438
v 82.38023376464844 -52.73442077636719 -219.21856689453125
v 83.18545532226562 -52.82114791870117 -221.39370727539062
v 83.99068450927734 -52.907875061035156 -223.56884765625
v 82.74334716796875 -52.36343765258789 -221.51217651367188
v 65.96834564208984 -63.65714645385742 -246.8472137451172
v 65.97187805175781 -62.544952392578125 -247.83384704589844
v 65.98092651367188 -63.067440032958984 -244.5374755859375
v 65.97286987304688 -63.91838836669922 -245.19903564453125
v 65.98445129394531 -61.95524597167969 -245.52410888671875
v 65.9773941040039 -64.17963409423828 -243.55084228515625
v 65.98897552490234 -62.21649169921875 -243.87591552734375
v 65.99250793457031 -61.10429763793945 -244.862548828125
v 66.00055694580078 -60.25334930419922 -244.2010040283203
v 65.99024200439453 -60.97367858886719 -245.6866455078125
v 81.7200927734375 -53.27293395996094 -216.95965576171875
v 82.05016326904297 -53.00367736816406 -218.089111328125
v 80.769775390625 -52.56096267700195 -214.8682861328125
v 83.00048065185547 -53.71564483642578 -220.18048095703125
v 78.49917602539062 -52.92601776123047 -208.25912475585938
v 77.54886627197266 -52.21405029296875 -206.16773986816406
v 78.35409545898438 -52.300777435302734 -208.34286499023438
v 79.15931701660156 -52.38750457763672 -210.51800537109375
v 77.91197967529297 -51.84307098388672 -208.46133422851562
v 82.34033966064453 -54.25415802001953 -217.92160034179688
v 82.70387268066406 -61.48779296875 -219.1318359375
v 83.02557373046875 -61.84377670288086 -220.2410888671875
v 82.38021850585938 -62.73827362060547 -219.2185516357422
v 83.34727478027344 -62.19976043701172 -221.35032653808594
v 83.34922790527344 -60.59329605102539 -220.15435791015625
v 81.01363372802734 -56.850921630859375 -212.1876220703125
v 81.17546081542969 -57.47616195678711 -212.14425659179688
v 81.0303726196289 -58.101402282714844 -212.22802734375
v 79.52243041992188 -52.01652526855469 -212.81161499023438
v 79.96454620361328 -52.47423553466797 -212.69314575195312
v 80.10963439941406 -53.0994758605957 -212.60939025878906
v 83.99066925048828 -62.9117317199707 -223.56881713867188
v 83.18544006347656 -62.82500457763672 -221.3936767578125
v 81.09342956542969 -61.3143310546875 -214.7815704345703
v 81.41512298583984 -61.670318603515625 -215.89080810546875
v 81.41707611083984 -60.06385040283203 -214.69485473632812
v 80.771728515625 -60.95834732055664 -213.67233276367188
v 81.49600219726562 -51.819000244140625 -219.4554901123047
v 82.11967468261719 -52.091217041015625 -220.48382568359375
v 85.5000991821289 -60.46649932861328 -231.16021728515625
v 81.23544311523438 -51.175804138183594 -220.7207489013672
v 79.36443328857422 -50.35914611816406 -217.63572692871094
v 79.98809814453125 -50.63136672973633 -218.6640625
v 79.0013198852539 -50.73012924194336 -215.34213256835938
v 80.97488403320312 -50.5326042175293 -221.9860076904297
v 80.61177062988281 -50.903587341308594 -219.69241333007812
v 80.2486572265625 -51.274566650390625 -217.3988037109375
v 81.00260925292969 -51.86838150024414 -217.79452514648438
v 80.50921630859375 -51.917762756347656 -216.133544921875
v 81.13288879394531 -52.189979553222656 -217.16189575195312
v 80.87232971191406 -51.546783447265625 -218.42715454101562
v 81.87648010253906 -51.467838287353516 -232.1311492919922
v 82.04935455322266 -51.272438049316406 -228.0869140625
v 79.80654907226562 -50.816856384277344 -217.51727294921875
v 81.57500457763672 -52.64768981933594 -217.04342651367188
v 81.75656127929688 -52.46220016479492 -218.1902313232422
v 79.26187133789062 -51.373329162597656 -214.07687377929688
v 80.14610290527344 -52.28874206542969 -213.83995056152344
v 79.62498474121094 -51.002349853515625 -216.37046813964844
v 79.72754669189453 -49.98816680908203 -219.9293212890625
v 80.16966247558594 -50.44587707519531 -219.8108673095703
v 66.03447723388672 -60.324039459228516 -226.61453247070312
v 66.51995086669922 -62.19976043701172 -226.48443603515625
v 66.56327819824219 -61.30526351928711 -227.3556671142578
v 66.60659790039062 -60.4107666015625 -228.22689819335938
v 66.93024444580078 -61.66124725341797 -228.14016723632812
v 66.15298461914062 -61.84377670288086 -225.69993591308594
v 66.07618713378906 -62.73827362060547 -224.74790954589844
v 79.08642578125 -63.914154052734375 -267.0505065917969
v 79.20489501953125 -64.53939819335938 -267.1689758300781
v 80.34737396240234 -64.16007995605469 -265.44268798828125
v 77.82548522949219 -63.66822814941406 -268.6583251953125
v 80.2289047241211 -63.53483581542969 -265.32421875
v 79.89459991455078 -64.97498321533203 -266.42431640625
v 80.58430480957031 -65.41056823730469 -265.67962646484375
v 79.44182586669922 -65.78988647460938 -267.4058837890625
v 75.52891540527344 -68.80355834960938 -272.45465087890625
v 74.40811920166016 -69.18287658691406 -274.14337158203125
v 77.65204620361328 -68.67015838623047 -268.9587097167969
v 73.40579223632812 -68.93695068359375 -275.9505615234375
v 74.54826354980469 -68.55763244628906 -274.22430419921875
v 82.281005859375 -69.15157318115234 -260.94482421875
v 81.661376953125 -69.65385437011719 -261.7299499511719
v 83.90296936035156 -68.89521789550781 -258.35247802734375
v 80.65904235839844 -69.40792846679688 -263.5371398925781
v 73.16885375976562 -70.18743133544922 -275.713623046875
v 85.71492004394531 -63.023193359375 -239.09848022460938
v 85.95730590820312 -63.356712341308594 -242.11868286132812
v 85.76862335205078 -63.66236877441406 -241.08303833007812
v 86.19969177246094 -63.69023132324219 -245.13890075683594
v 66.28292846679688 -51.99245834350586 -227.8165740966797
v 65.95926666259766 -52.907875061035156 -228.05352783203125
v 65.95928192138672 -49.24620819091797 -227.10581970214844
v 66.60658264160156 -51.07704162597656 -227.57962036132812
v 86.14598083496094 -63.05105972290039 -243.1543426513672
v 67.25389099121094 -52.90787124633789 -228.05343627929688
v 85.93116760253906 -60.49436569213867 -235.21607971191406
v 86.14669799804688 -60.50830078125 -237.2440185546875
v 85.98487091064453 -61.13353729248047 -237.20065307617188
v 86.36222839355469 -60.52223205566406 -239.27194213867188
v 86.09298706054688 -59.86912536621094 -235.2594451904297
v 65.99540710449219 -56.56236267089844 -244.1246337890625
v 65.99024963378906 -56.71954345703125 -245.5380859375
v 65.99024963378906 -55.65568542480469 -244.67791748046875
v 66.00055694580078 -57.46903610229492 -243.5713653564453
v 65.99540710449219 -55.498497009277344 -243.2644805908203
v 65.98509216308594 -55.812870025634766 -246.0913543701172
v 66.08363342285156 -64.15985870361328 -235.1282501220703
v 66.04208374023438 -62.19833755493164 -234.83218383789062
v 66.00055694580078 -56.405174255371094 -242.71121215820312
v 66.00055694580078 -55.341312408447266 -241.85104370117188
v 85.71563720703125 -60.480430603027344 -233.18814086914062
v 85.55380249023438 -61.105674743652344 -233.144775390625
v 85.87745666503906 -59.855194091796875 -233.23150634765625
v 86.36151885986328 -59.93878936767578 -245.39907836914062
v 86.30781555175781 -59.92485809326172 -243.37115478515625
v 86.14598846435547 -59.29961395263672 -243.4145050048828
v 86.25410461425781 -59.91092300415039 -241.34323120117188
v 86.5770492553711 -60.577964782714844 -247.38363647460938
v 65.95926666259766 -62.9117317199707 -228.05352783203125
v 66.88691711425781 -62.555747985839844 -227.26893615722656
v 67.25389099121094 -62.9117317199707 -228.05343627929688
v 66.6650390625 -62.82500457763672 -226.40066528320312
v 66.93024444580078 -54.158355712890625 -228.14016723632812
v 80.09066009521484 -49.6171875 -222.22293090820312
v 78.93476867675781 -49.072750091552734 -220.38702392578125
v 79.69427490234375 -49.15947723388672 -222.4517822265625
v 80.45377349853516 -49.24620819091797 -224.5165252685547
v 79.09033203125 -48.991947174072266 -222.61361694335938
v 66.05255889892578 -64.15325164794922 -233.35958862304688
v 66.08365631103516 -64.56709289550781 -235.12828063964844
v 66.0214614868164 -63.739410400390625 -231.59091186523438
v 75.15558624267578 -48.14836120605469 -219.13140869140625
v 76.67459106445312 -48.321815490722656 -223.26089477539062
v 75.83731079101562 -48.275489807128906 -220.08287048339844
v 66.2396240234375 -60.054779052734375 -227.44239807128906
v 59.46800994873047 -61.91958236694336 -266.6341247558594
v 59.791656494140625 -61.46187210083008 -266.957763671875
v 65.95928955078125 -52.53110122680664 -242.4036865234375
v 65.95928955078125 -52.85443115234375 -243.90943908691406
v 68.13811492919922 -51.992454528808594 -227.81651306152344
v 69.0223388671875 -51.07704162597656 -227.57958984375
v 66.86895751953125 -51.819000244140625 -224.29019165039062
v 65.95929718017578 -53.177757263183594 -245.41519165039062
v 65.95928955078125 -52.85443115234375 -243.90943908691406
v 65.9696044921875 -53.39531707763672 -243.01840209960938
v 65.95928955078125 -52.53110122680664 -242.4036865234375
v 69.0223388671875 -51.07704162597656 -227.57958984375
v 68.13811492919922 -51.992454528808594 -227.81651306152344
v 65.95930480957031 -54.147743225097656 -249.9324493408203
v 65.95931243896484 -54.4710693359375 -251.43820190429688
v 65.95930480957031 -54.147743225097656 -249.9324493408203
v 65.96961975097656 -54.688629150390625 -249.04141235351562
v 65.95930480957031 -53.82441329956055 -248.42669677734375
v 57.87566375732422 -62.83184051513672 -268.35015869140625
v 57.021240234375 -63.59363555908203 -268.5985107421875
v 57.461387634277344 -62.524593353271484 -270.1414794921875
v 77.87252044677734 -50.12082290649414 -235.46998596191406
v 77.63786315917969 -50.20033264160156 -236.23036193847656
v 78.37641906738281 -50.694419860839844 -238.07479858398438
v 77.36862182617188 -49.54722595214844 -232.86517333984375
v 78.2417984008789 -50.36786651611328 -236.39219665527344
v 67.03624725341797 -65.6356201171875 -250.31698608398438
v 68.760498046875 -65.6356201171875 -250.31695556640625
v 67.57472229003906 -64.38513946533203 -250.23025512695312
v 79.6188735961914 -51.76210403442383 -242.52403259277344
v 79.38421630859375 -51.84161376953125 -243.284423828125
v 65.95929718017578 -63.13465881347656 -250.14358520507812
v 67.68354797363281 -60.633697509765625 -250.31698608398438
v 66.82142639160156 -61.884178161621094 -250.23028564453125
v 79.11497497558594 -51.188507080078125 -239.91921997070312
v 55.04728317260742 -72.32994079589844 -269.9441223144531
v 83.2077865600586 -53.314064025878906 -236.77182006835938
v 82.58782958984375 -52.578651428222656 -235.93846130371094
v 83.47206115722656 -53.49407196044922 -235.7015380859375
v 83.8277359008789 -54.04948043823242 -237.60519409179688
v 83.78451538085938 -54.09832763671875 -238.6162567138672
v 67.25389099121094 -52.90787124633789 -228.05343627929688
v 67.59976959228516 -52.17794418334961 -226.99417114257812
v 67.0614242553711 -52.363433837890625 -226.17181396484375
v 65.97476959228516 -58.23188781738281 -247.97451782226562
v 65.99539947509766 -59.29219436645508 -244.82977294921875
v 65.99024200439453 -58.33103942871094 -245.45855712890625
v 66.00055694580078 -58.86119079589844 -243.8861846923828
v 65.99539947509766 -57.90003967285156 -244.51495361328125
v 65.99024200439453 -57.63496017456055 -245.3011474609375
v 65.97476959228516 -58.43401336669922 -230.7833251953125
v 65.97991943359375 -57.679649353027344 -231.7964630126953
v 65.99021911621094 -57.5645751953125 -233.49452209472656
v 65.99021911621094 -58.95823287963867 -233.16629028320312
v 65.99537658691406 -58.2038688659668 -234.179443359375
v 66.00052642822266 -57.44950485229492 -235.1925811767578
v 66.00052642822266 -58.843162536621094 -234.86434936523438
v 65.99537658691406 -59.59752655029297 -233.85121154785156
v 66.00052642822266 -60.23681640625 -234.5361328125
v 65.99021911621094 -59.655059814453125 -233.00218200683594
v 66.71672821044922 -53.8023681640625 -227.29209899902344
v 66.50321197509766 -53.44638442993164 -226.44403076171875
v 66.93024444580078 -54.158355712890625 -228.14016723632812
v 65.75253295898438 -53.98489761352539 -224.83462524414062
v 66.6650390625 -52.821144104003906 -226.40066528320312
v 66.07617950439453 -52.734413146972656 -224.74789428710938
v 66.1795654296875 -54.696868896484375 -226.53076171875
v 66.34138488769531 -54.071624755859375 -226.48739624023438
v 66.39308166503906 -55.052852630615234 -227.3788299560547
v 66.60659790039062 -55.408836364746094 -228.22689819335938
v 65.42889404296875 -55.235382080078125 -224.92135620117188
v 65.96604919433594 -54.34088134765625 -225.6826934814453
v 65.50569152832031 -59.342811584472656 -225.87339782714844
v 67.09066009521484 -67.51133728027344 -250.44708251953125
v 67.68354797363281 -68.13658142089844 -250.49044799804688
v 68.2220230102539 -66.88610076904297 -250.4036865234375
v 65.9696044921875 -56.54424285888672 -230.01168823242188
v 65.96446228027344 -57.227020263671875 -229.20602416992188
v 65.95930480957031 -56.65931701660156 -228.31362915039062
v 65.97476196289062 -57.11194610595703 -230.90408325195312
v 65.97990417480469 -56.429168701171875 -231.70974731445312
v 65.9902114868164 -56.31409454345703 -233.40780639648438
v 65.98506164550781 -56.99687194824219 -232.60214233398438
v 65.99536895751953 -56.881797790527344 -234.30020141601562
v 65.99021911621094 -56.1861686706543 -234.82516479492188
v 65.97474670410156 -55.86146545410156 -230.81736755371094
v 65.96958923339844 -55.29376220703125 -229.92498779296875
v 65.98505401611328 -55.74639129638672 -232.5154266357422
v 65.97990417480469 -55.050758361816406 -233.04039001464844
v 65.95928955078125 -55.408836364746094 -228.2269287109375
v 65.96444702148438 -55.976539611816406 -229.1193084716797
v 65.97473907470703 -54.610984802246094 -230.7306671142578
v 81.73682403564453 -62.026302337646484 -217.00006103515625
v 81.57499694824219 -62.65154266357422 -217.04342651367188
v 65.95929718017578 -64.38513946533203 -250.23031616210938
v 65.96382141113281 -64.6463851928711 -248.58212280273438
v 65.96156311035156 -65.14100646972656 -249.4495849609375
v 65.96382141113281 -65.89686584472656 -248.66885375976562
v 85.83290100097656 -61.63825225830078 -256.88055419921875
v 86.14459991455078 -58.13273239135742 -254.9750213623047
v 85.18562316894531 -59.137290954589844 -256.7071228027344
v 84.22663879394531 -60.141845703125 -258.439208984375
v 83.90299987792969 -58.89136505126953 -258.35247802734375
v 87.43917083740234 -63.13465881347656 -255.32191467285156
v 86.79188537597656 -60.633697509765625 -255.14846801757812
v 86.57635498046875 -59.99452209472656 -253.16390991210938
v 86.14459991455078 -58.13273239135742 -254.9750213623047
v 86.79188537597656 -60.633697509765625 -255.14846801757812
v 87.43917083740234 -63.13465881347656 -255.32191467285156
v 78.1371841430664 -60.55909729003906 -266.6343078613281
v 79.41980743408203 -60.408634185791016 -265.107421875
v 82.30868530273438 -62.150962829589844 -261.90338134765625
v 81.66140747070312 -59.650001525878906 -261.7299499511719
v 80.70242309570312 -60.65455627441406 -263.4620361328125
v 79.74344635009766 -61.659114837646484 -265.1941223144531
v 75.7774658203125 -65.67735290527344 -272.3478088378906
v 76.01438903808594 -66.92782592773438 -272.584716796875
v 78.29934692382812 -66.16919708251953 -269.1321716308594
v 75.54052734375 -64.42686462402344 -272.11090087890625
v 72.69499206542969 -72.68840026855469 -275.23980712890625
v 73.93425750732422 -71.683837890625 -273.6695251464844
v 65.96834564208984 -66.15811157226562 -247.02066040039062
v 65.97286987304688 -65.16886901855469 -245.28575134277344
v 65.96834564208984 -66.52601623535156 -243.5493927001953
v 76.41278076171875 -69.67471313476562 -270.52899169921875
v 79.65670776367188 -69.16200256347656 -265.3443298339844
v 77.97569274902344 -67.419677734375 -269.0454406738281
v 79.93699645996094 -67.9115219116211 -265.50616455078125
v 76.83322143554688 -67.79899597167969 -270.771728515625
v 83.04077911376953 -68.0240478515625 -260.2406005859375
v 82.22195434570312 -67.15289306640625 -262.0535888671875
v 86.14456176757812 -68.13658142089844 -254.9750213623047
v 81.89830017089844 -68.40336608886719 -261.96685791015625
v 80.26065063476562 -66.66104125976562 -265.5928955078125
v 84.50691223144531 -66.39425659179688 -258.6010437011719
v 84.18325805664062 -67.64473724365234 -258.5143127441406
v 85.15422058105469 -63.89329528808594 -258.77447509765625
v 83.6880874633789 -65.5230941772461 -260.4140625
v 82.54560852050781 -65.90241241455078 -262.14031982421875
v 82.8692626953125 -64.65193176269531 -262.22705078125
v 86.7918701171875 -65.6356201171875 -255.14846801757812
v 85.97303771972656 -64.76445770263672 -256.96148681640625
v 86.41450500488281 -66.2469253540039 -253.07717895507812
v 86.7918701171875 -65.6356201171875 -255.14846801757812
v 86.14456176757812 -68.13658142089844 -254.9750213623047
v 85.32573699951172 -67.26541900634766 -256.78802490234375
v 65.97991943359375 -53.612876892089844 -240.62161254882812
v 66.00055694580078 -55.341312408447266 -241.85104370117188
v 65.95928192138672 -51.88444519042969 -239.39219665527344
v 86.46963500976562 -61.80057907104492 -243.24107360839844
v 86.09227752685547 -62.411888122558594 -241.16976928710938
v 85.76934051513672 -58.61864471435547 -235.34616088867188
v 86.06578063964844 -59.570438385009766 -237.30905151367188
v 85.71492767333984 -58.02126693725586 -239.44537353515625
v 85.50010681152344 -57.965538024902344 -231.3336639404297
v 85.39269256591797 -57.93767166137695 -227.27780151367188
v 85.06904602050781 -56.68718719482422 -227.36453247070312
v 85.2852783203125 -57.90980529785156 -223.22195434570312
v 85.28386688232422 -56.742919921875 -235.4762420654297
v 85.39198303222656 -57.354225158691406 -233.4049530029297
v 84.8528060913086 -55.464569091796875 -231.50711059570312
v 69.5829086303711 -49.90576934814453 -230.17735290527344
v 70.79078674316406 -49.24620819091797 -227.10574340820312
v 68.37503051757812 -49.24620819091797 -227.10577392578125
v 68.37503051757812 -49.24620819091797 -227.10577392578125
v 70.79078674316406 -49.24620819091797 -227.10574340820312
v 85.17575073242188 -56.13161087036133 -237.37408447265625
v 85.23051452636719 -57.02070617675781 -230.38473510742188
v 84.52915954589844 -54.214088439941406 -231.42039489746094
v 83.99068450927734 -52.907875061035156 -223.56884765625
v 83.81781005859375 -53.103271484375 -227.6130828857422
v 83.33247375488281 -52.69441223144531 -228.7425994873047
v 83.02001953125 -52.09015655517578 -225.827880859375
v 84.35629272460938 -54.40948486328125 -235.46463012695312
v 85.06764221191406 -55.520301818847656 -239.27194213867188
v 84.89476776123047 -55.715702056884766 -243.316162109375
v 85.33898162841797 -58.548980712890625 -225.20651245117188
v 84.69168090820312 -61.04994201660156 -225.37994384765625
v 85.09588623046875 -60.75822067260742 -228.27008056640625
v 84.7453842163086 -61.689117431640625 -227.36451721191406
v 84.85279846191406 -62.96746063232422 -231.33364868164062
v 84.42173767089844 -62.939598083496094 -227.45123291015625
v 83.99066925048828 -62.9117317199707 -223.56881713867188
v 84.25990295410156 -63.56483459472656 -227.49459838867188
v 81.01410675048828 -58.734580993652344 -261.0826416015625
v 78.84725952148438 -57.969627380371094 -262.37261962890625
v 78.44886016845703 -59.03550720214844 -264.136474609375
v 77.56463623046875 -58.120094299316406 -263.8995361328125
v 83.97775268554688 -57.36777877807617 -256.2650146484375
v 82.20928955078125 -55.536949157714844 -255.79115295410156
v 81.81089782714844 -56.60282516479492 -257.55499267578125
v 80.92666625976562 -55.687408447265625 -257.31805419921875
v 83.57935333251953 -58.43365478515625 -258.0288391113281
v 84.42174530029297 -54.186222076416016 -227.53797912597656
v 84.74468994140625 -54.85326385498047 -233.40496826171875
v 85.33722686767578 -56.46513366699219 -240.3075714111328
v 85.49870300292969 -56.79865264892578 -243.24105834960938
v 86.57670593261719 -60.2862434387207 -250.27377319335938
v 87.00811004638672 -61.8563117980957 -251.352783203125
v 86.36082458496094 -59.3553466796875 -251.1793212890625
v 85.92976379394531 -58.07699966430664 -247.210205078125
v 86.03718566894531 -58.10486602783203 -251.09262084960938
v 85.8216552734375 -57.46569061279297 -249.1080322265625
v 71.10780334472656 -57.929168701171875 -269.0044860839844
v 70.22357177734375 -57.5941047668457 -268.1202392578125
v 71.99202728271484 -58.26423263549805 -269.8887023925781
v 77.56871032714844 -48.73509979248047 -227.17007446289062
v 78.03802490234375 -48.57607650756836 -225.163818359375
v 75.62227630615234 -47.90594482421875 -225.8111114501953
v 79.51513671875 -49.56425094604492 -228.52902221679688
v 77.09939575195312 -48.89411926269531 -229.17630004882812
v 85.43324279785156 -57.02191925048828 -251.16770935058594
v 84.02046203613281 -55.74649429321289 -252.59750366210938
v 84.37614440917969 -56.301902770996094 -254.50115966796875
v 82.60768127441406 -54.4710693359375 -254.02731323242188
v 83.66478729248047 -55.19108581542969 -250.69384765625
v 85.07756805419922 -56.46651077270508 -249.26405334472656
v 84.72189331054688 -55.911102294921875 -247.3603973388672
v 82.95343017578125 -54.08026885986328 -246.88653564453125
v 82.78055572509766 -54.27566909790039 -250.45692443847656
v 82.33843994140625 -53.817962646484375 -250.33847045898438
v 84.36621856689453 -55.35569381713867 -245.4567413330078
v 84.01054382324219 -54.80028533935547 -243.55308532714844
v 78.60734558105469 -54.012718200683594 -254.6641845703125
v 77.02275085449219 -54.22450256347656 -255.9483642578125
v 77.77619171142578 -53.130802154541016 -252.73272705078125
v 80.19194030761719 -53.800933837890625 -253.38002014160156
v 76.69923400878906 -50.51837158203125 -239.27191162109375
v 75.22212219238281 -50.20033264160156 -236.23037719726562
v 76.42999267578125 -49.865264892578125 -235.90670776367188
v 76.02984619140625 -52.15965270996094 -246.32598876953125
v 77.23771667480469 -51.8245849609375 -246.0023193359375
v 75.76060485839844 -51.50654602050781 -242.96078491210938
v 76.96847534179688 -51.171478271484375 -242.63711547851562
v 74.54902648925781 -48.56756591796875 -227.81736755371094
v 73.20652770996094 -48.57607650756836 -226.45843505859375
v 75.62227630615234 -47.90594482421875 -225.8111114501953
v 75.89151000976562 -48.559051513671875 -229.17630004882812
v 61.50050354003906 -59.93828582763672 -266.4610290527344
v 60.02466583251953 -60.23921203613281 -269.3963623046875
v 58.963104248046875 -60.847381591796875 -270.5404052734375
v 64.45217895507812 -59.33643341064453 -260.59033203125
v 62.976341247558594 -59.637359619140625 -263.52569580078125
v 63.62363052368164 -58.72194290161133 -264.1729736328125
v 61.91477966308594 -60.24552917480469 -264.6697082519531
v 65.75908660888672 -57.761634826660156 -264.98211669921875
v 65.74675750732422 -57.50559997558594 -261.8849182128906
v 64.55120849609375 -58.096702575683594 -264.658447265625
v 65.96382141113281 -67.331298828125 -247.01992797851562
v 68.16250610351562 -56.83546829223633 -262.5322265625
v 68.75411224365234 -56.41189956665039 -259.59686279296875
v 67.54623413085938 -56.74696350097656 -259.2732238769531
v 69.34571838378906 -55.98833084106445 -256.6615295410156
v 69.35804748535156 -56.24436950683594 -259.7586975097656
v 72.95701599121094 -54.72709655761719 -254.53530883789062
v 72.94468688964844 -54.47106170654297 -251.43812561035156
v 71.7491455078125 -55.062164306640625 -254.21163940429688
v 70.55359649658203 -55.65326690673828 -256.98516845703125
v 71.14520263671875 -55.229698181152344 -254.04983520507812
v 74.15872955322266 -54.264015197753906 -253.31036376953125
v 75.36044311523438 -53.800933837890625 -252.08541870117188
v 63.55561065673828 -67.28628540039062 -257.4931640625
v 65.72210693359375 -68.40337371826172 -255.21670532226562
v 63.87926483154297 -68.53677368164062 -257.5798645019531
v 62.209869384765625 -63.668235778808594 -259.6426086425781
v 60.76578903198242 -63.17638397216797 -262.28607177734375
v 61.724761962890625 -62.17182540893555 -261.2012939453125
v 60.64732360839844 -63.80162811279297 -262.1676025390625
v 59.084774017333984 -63.935020446777344 -264.69256591796875
v 59.747581481933594 -64.49356079101562 -263.3116149902344
v 63.56795883178711 -60.251853942871094 -260.3533935546875
v 86.00994110107422 -67.81002807617188 -253.01214599609375
v 84.46973419189453 -56.30333709716797 -222.22259521484375
v 84.63798522949219 -55.40884017944336 -223.39540100097656
v 83.82243347167969 -53.802371978759766 -222.39602661132812
v 82.04568481445312 -59.16935348510742 -215.67697143554688
v 82.38412475585938 -59.52533721923828 -216.82662963867188
v 81.39002227783203 -53.54219055175781 -215.83021545410156
v 80.39981079101562 -54.34996032714844 -212.44186401367188
v 80.68998718261719 -55.600440979003906 -212.2743377685547
v 80.7298812866211 -54.08070373535156 -213.57131958007812
v 83.99457550048828 -59.69879913330078 -221.17689514160156
v 83.99262237548828 -61.305267333984375 -222.37286376953125
v 84.63796997070312 -60.4107666015625 -223.3953857421875
v 84.63992309570312 -58.80430221557617 -222.19943237304688
v 80.71432495117188 -49.889404296875 -223.2512664794922
v 82.22222900390625 -51.07704162597656 -224.04269409179688
v 82.4827880859375 -51.720237731933594 -222.77743530273438
v 65.95927429199219 -50.82118225097656 -230.41433715820312
v 65.95926666259766 -52.907875061035156 -228.05352783203125
v 84.45265197753906 -55.25799560546875 -243.43463134765625
v 79.09616088867188 -59.950923919677734 -264.78375244140625
v 79.8992919921875 -60.104549407958984 -264.18212890625
v 80.53462219238281 -59.038665771484375 -262.0079345703125
v 80.05513000488281 -59.342750549316406 -262.9331970214844
v 80.3787841796875 -59.80046081542969 -263.2568359375
v 77.84542846679688 -50.185691833496094 -213.50624084472656
v 77.05265808105469 -49.27027130126953 -213.9639434814453
v 78.6382064819336 -51.101112365722656 -213.0485382080078
v 77.415771484375 -48.8992919921875 -216.25753784179688
v 78.39010620117188 -49.62921905517578 -216.94662475585938
v 78.5716552734375 -49.443729400634766 -218.0934295654297
v 79.57564544677734 -59.64683532714844 -263.85845947265625
v 55.72636413574219 -63.74409484863281 -270.6231689453125
v 55.04730987548828 -66.07752990722656 -269.944091796875
v 54.81037521362305 -67.32801818847656 -269.7071533203125
v 55.24887466430664 -67.95325469970703 -269.03173828125
v 55.284244537353516 -64.82704162597656 -270.1810302734375
v 85.12203216552734 -63.620567321777344 -235.25942993164062
v 84.98741149902344 -63.29401397705078 -233.29653930664062
v 85.28385925292969 -62.99532699584961 -235.216064453125
v 84.52914428710938 -64.21794128417969 -231.4203643798828
v 85.41847229003906 -63.32188034057617 -237.178955078125
v 85.25665283203125 -63.947120666503906 -237.22230529785156
v 78.18408203125 -57.28306579589844 -262.1949462890625
v 64.68943786621094 -62.3709716796875 -282.92791748046875
v 65.98402404785156 -64.2018051147461 -284.2225341796875
v 63.75624084472656 -64.20181274414062 -286.4503173828125
v 66.45787048339844 -66.70276641845703 -284.6963806152344
v 64.23008728027344 -66.70277404785156 -286.9241943359375
v 66.45787048339844 -71.70469665527344 -284.6963806152344
v 64.2300796508789 -71.70469665527344 -286.9241943359375
v 63.7562141418457 -74.2056655883789 -286.4503479003906
v 64.70394134521484 -69.2037353515625 -287.3980407714844
v 65.9840087890625 -74.2056655883789 -284.2225341796875
v 81.54611206054688 -54.85038757324219 -255.6134490966797
v 68.6856689453125 -71.70469665527344 -282.46856689453125
v 61.626380920410156 -59.8700065612793 -279.8648681640625
v 59.39857482910156 -59.8700065612793 -282.09271240234375
v 61.16704177856445 -60.54014205932617 -283.8611145019531
v 85.60612487792969 -56.826515197753906 -247.12347412109375
v 85.8753662109375 -57.47962188720703 -251.04925537109375
v 63.39483642578125 -60.540138244628906 -281.63330078125
v 62.461639404296875 -62.37097930908203 -285.15570068359375
v 66.93173217773438 -69.2037353515625 -285.17022705078125
v 85.51968383789062 -56.924217224121094 -249.14559936523438
v 73.85038757324219 -56.623687744140625 -263.803955078125
v 74.29249572753906 -56.791221618652344 -264.2460632324219
v 75.35406494140625 -56.411903381347656 -262.659912109375
v 72.3467025756836 -56.835472106933594 -264.9479675292969
v 74.91194152832031 -56.24436950683594 -262.2178039550781
v 80.65755462646484 -51.038002014160156 -235.74488830566406
v 80.52293395996094 -50.71144485473633 -233.9004669189453
v 79.78437805175781 -50.21736145019531 -232.21786499023438
v 59.857913970947266 -59.19987106323242 -278.096435546875
v 59.857913970947266 -59.19987106323242 -278.096435546875
v 62.08572006225586 -59.19987106323242 -275.8686218261719
v 58.08946990966797 -59.87000274658203 -276.3280029296875
v 81.53073120117188 -51.858638763427734 -239.27191162109375
v 80.79217529296875 -51.36455535888672 -237.5893096923828
v 60.31727600097656 -59.87000274658203 -274.10015869140625
v 82.68419647216797 -53.427162170410156 -243.19769287109375
v 83.12631225585938 -53.88486862182617 -243.316162109375
v 83.21275329589844 -53.78717041015625 -241.53097534179688
v 53.73176574707031 -74.2056655883789 -271.97039794921875
v 51.50389099121094 -74.2056655883789 -274.1982727050781
v 83.65486145019531 -54.244876861572266 -241.64942932128906
v 51.03003692626953 -71.70469665527344 -273.72442626953125
v 50.55618667602539 -69.2037353515625 -273.2505798339844
v 79.90526580810547 -62.28435516357422 -265.23748779296875
v 51.03006362915039 -66.70277404785156 -273.72442626953125
v 51.50394058227539 -64.20181274414062 -274.1982727050781
v 78.78446960449219 -62.663673400878906 -266.92620849609375
v 78.46083068847656 -61.41319274902344 -266.8394775390625
v 52.79854965209961 -62.37097930908203 -275.49285888671875
v 54.09315872192383 -60.54014205932617 -276.78741455078125
v 75.42206573486328 -63.80162048339844 -271.992431640625
v 73.01864624023438 -63.93501281738281 -275.3265380859375
v 56.32099151611328 -60.540138244628906 -274.5595703125
v 55.86163330078125 -59.8700065612793 -278.55584716796875
v 81.34970092773438 -63.155517578125 -263.635498046875
v 80.06708526611328 -62.90959548950195 -265.2808532714844
v 82.63232421875 -63.40144348144531 -261.9901123046875
v 85.03575134277344 -63.26805114746094 -258.656005859375
v 84.87393188476562 -62.6428108215332 -258.6126403808594
v 83.59130859375 -62.396888732910156 -260.25799560546875
v 84.55027770996094 -61.39232635498047 -258.52593994140625
v 83.26766204833984 -61.14640426635742 -260.1712951660156
v 82.94402313232422 -59.89592361450195 -260.0845947265625
v 65.95928955078125 -55.408836364746094 -228.2269287109375
v 77.02235412597656 -62.92002868652344 -269.4376220703125
v 86.15655517578125 -62.88873291015625 -256.96728515625
v 82.46453857421875 -60.39820098876953 -260.95062255859375
v 64.31812286376953 -60.0638542175293 -221.77743530273438
v 64.89847564697266 -62.56481170654297 -221.4423828125
v 82.06920623779297 -53.16485595703125 -246.6496124267578
v 82.59776306152344 -53.524864196777344 -244.98287963867188
v 83.03987121582031 -53.982566833496094 -245.10134887695312
v 64.25118255615234 -55.06192398071289 -221.61581420898438
v 64.89846801757812 -52.56095886230469 -221.44236755371094
v 65.85592651367188 -55.947349548339844 -226.61749267578125
v 65.64241027832031 -55.591365814208984 -225.76942443847656
v 66.06944274902344 -56.3033332824707 -227.46556091308594
v 66.48402404785156 -50.730125427246094 -220.52694702148438
v 68.63740539550781 -49.98816680908203 -223.81634521484375
v 66.282958984375 -56.65931701660156 -228.31362915039062
v 65.31876373291016 -56.84184646606445 -225.8561553955078
v 65.74579620361328 -57.55381393432617 -227.55227661132812
v 65.95928192138672 -50.56532669067383 -233.24900817871094
v 65.95928192138672 -49.24620819091797 -227.10581970214844
v 84.0117416381836 -64.27261352539062 -260.5007629394531
v 77.72689819335938 -48.73768615722656 -220.710693359375
v 76.87326049804688 -55.48573684692383 -259.3258056640625
v 76.26931762695312 -55.31820297241211 -259.16400146484375
v 74.30801391601562 -56.07683563232422 -262.05596923828125
v 81.48985290527344 -63.78076171875 -263.7164001464844
v 81.7267837524414 -65.03125 -263.9533386230469
v 78.75212097167969 -65.35429382324219 -268.15057373046875
v 70.61522674560547 -64.06840515136719 -278.66064453125
v 70.73368835449219 -64.69364929199219 -278.7790832519531
v 82.900634765625 -68.6492919921875 -260.15966796875
v 71.28266143798828 -69.07034301757812 -279.44647216796875
v 71.16419219970703 -69.69558715820312 -279.3280029296875
v 75.29198455810547 -70.05403137207031 -272.21771240234375
v 77.41511535644531 -69.92063903808594 -268.7218017578125
v 79.53824615478516 -69.78724670410156 -265.22589111328125
v 79.41978454589844 -70.41249084472656 -265.107421875
v 75.41044616699219 -69.42879486083984 -272.336181640625
v 72.7861557006836 -69.4392318725586 -276.7356872558594
v 70.6903305053711 -72.19654846191406 -278.85418701171875
v 71.07302856445312 -72.94475555419922 -277.8321228027344
v 79.77517700195312 -68.53675842285156 -265.4627685546875
v 75.69074249267578 -68.17831420898438 -272.49798583984375
v 85.23997497558594 -65.57936096191406 -257.78125
v 86.29669189453125 -63.51397705078125 -257.0481872558594
v 78.3851089477539 -67.85525512695312 -268.1389465332031
v 75.28132629394531 -67.74272918701172 -273.4045104980469
v 81.40312957763672 -66.28172302246094 -263.8666076660156
v 72.99637603759766 -68.5013656616211 -276.8570861816406
v 86.09085845947266 -67.49740600585938 -252.99044799804688
v 86.5233383178711 -62.43975067138672 -245.22564697265625
v 86.90069580078125 -61.82844543457031 -247.29693603515625
v 86.57704162597656 -63.07892608642578 -247.210205078125
v 86.63146209716797 -61.17533874511719 -243.28443908691406
v 86.68516540527344 -61.18927001953125 -245.31236267089844
v 86.44207763671875 -64.02375030517578 -248.15911865234375
v 86.68445587158203 -64.35726928710938 -251.1793212890625
v 86.25338745117188 -64.32940673828125 -247.12347412109375
v 87.16993713378906 -62.48155212402344 -251.30941772460938
v 87.00810241699219 -63.10679244995117 -251.26605224609375
v 71.32926177978516 -50.55242156982422 -233.1888427734375
v 68.37503051757812 -50.56532669067383 -233.24896240234375
v 85.66121673583984 -62.38401794433594 -237.11392211914062
v 85.60751342773438 -61.74484634399414 -235.1293487548828
v 85.87603759765625 -64.94071960449219 -245.05218505859375
v 85.82232666015625 -64.30154418945312 -243.06761169433594
v 85.49867248535156 -65.55201721191406 -243.15432739257812
v 84.52986145019531 -54.79753112792969 -225.46669006347656
v 84.20621490478516 -53.54705047607422 -225.55340576171875
v 63.397117614746094 -53.63798522949219 -218.2235565185547
v 85.60751342773438 -57.99340057373047 -235.3895263671875
v 84.26026916503906 -53.85270309448242 -224.51776123046875
v 84.63798522949219 -55.40884017944336 -223.39540100097656
v 86.84663391113281 -61.522789001464844 -248.33258056640625
v 85.93045806884766 -58.660438537597656 -241.429931640625
v 85.82234191894531 -58.04913330078125 -243.32778930664062
v 85.98451232910156 -58.966094970703125 -240.39430236816406
v 86.46963500976562 -60.55009841918945 -243.32778930664062
v 85.66192626953125 -58.59077835083008 -231.29031372070312
v 77.6655502319336 -55.379844665527344 -258.6837158203125
v 75.8926010131836 -55.865055084228516 -260.77178955078125
v 71.63492584228516 -54.30939865112305 -250.68527221679688
v 67.26905822753906 -53.339420318603516 -246.16806030273438
v 84.53909301757812 -55.16029357910156 -241.41250610351562
v 84.09697723388672 -54.70258712768555 -241.53097534179688
v 83.50535583496094 -52.49901580810547 -224.6983642578125
v 82.22222900390625 -51.07704162597656 -224.04269409179688
v 85.33688354492188 -56.17340850830078 -243.1977081298828
v 83.55850219726562 -53.39636993408203 -233.67942810058594
v 82.67427062988281 -52.48095703125 -233.91635131835938
v 82.7822036743164 -59.27068328857422 -260.04119873046875
v 77.48988342285156 -59.6436767578125 -265.98699951171875
v 68.57880401611328 -52.85442352294922 -243.909423828125
v 68.14221954345703 -53.016090393066406 -244.66229248046875
v 73.49813842773438 -63.43273162841797 -274.46044921875
v 78.9462890625 -63.288909912109375 -266.9696044921875
v 80.54657745361328 -62.407318115234375 -264.414794921875
v 72.83412170410156 -47.55902862548828 -218.1553192138672
v 69.97391510009766 -63.94544219970703 -279.4832763671875
v 74.1196517944336 -56.35026550292969 -262.85986328125
v 85.23015594482422 -62.35615539550781 -233.23150634765625
v 85.41812133789062 -64.59326171875 -240.17747497558594
v 85.06761169433594 -65.52415466308594 -239.27191162109375
v 85.1621322631836 -64.73564147949219 -238.24710083007812
v 84.79837799072266 -64.87104797363281 -235.34613037109375
v 84.37614440917969 -56.301902770996094 -254.50115966796875
v 83.29271697998047 -55.91942596435547 -255.1461639404297
v 79.86509704589844 -56.06672668457031 -258.9041748046875
v 81.41250610351562 -57.668701171875 -259.3188171386719
v 80.3290786743164 -57.286224365234375 -259.96380615234375
v 82.69512939453125 -57.51824188232422 -257.79193115234375
v 80.52827453613281 -56.75328826904297 -259.0819091796875
v 76.50306701660156 -58.49940872192383 -265.48565673828125
v 75.61883544921875 -57.58399200439453 -265.2487487792969
v 77.1662368774414 -59.185970306396484 -265.66339111328125
v 84.96022033691406 -55.492435455322266 -235.3895263671875
v 85.6601791381836 -57.132171630859375 -246.17454528808594
v 85.7142333984375 -57.437828063964844 -245.2256317138672
v 85.6068115234375 -57.40995788574219 -241.3432159423828
v 86.03787231445312 -58.68830871582031 -245.31234741210938
v 69.78145599365234 -57.426570892333984 -267.6781311035156
v 67.2162094116211 -58.017669677734375 -270.4082946777344
v 69.17752075195312 -57.259037017822266 -267.51629638671875
v 75.17672729492188 -57.12628173828125 -265.13031005859375
v 76.32695770263672 -56.38977813720703 -262.3089599609375
v 76.4156265258789 -56.03258514404297 -261.07379150390625
v 64.65096282958984 -58.60877227783203 -273.1384582519531
v 65.09307861328125 -58.77630615234375 -273.58056640625
v 64.04702758789062 -58.44123840332031 -272.97662353515625
v 76.49545288085938 -48.726585388183594 -229.338134765625
v 75.89151000976562 -48.559051513671875 -229.17630004882812
v 79.58429718017578 -51.02948760986328 -237.9129638671875
v 80.05361938476562 -50.87046813964844 -235.90670776367188
v 80.3228530883789 -51.52357482910156 -239.59556579589844
v 81.06140899658203 -52.017662048339844 -241.27816772460938
v 79.08039855957031 -50.45589065551758 -235.22723388671875
v 78.57650756835938 -49.882293701171875 -232.54150390625
v 78.84574127197266 -50.535400390625 -236.23036193847656
v 79.85353088378906 -51.682594299316406 -241.60182189941406
v 80.01903533935547 -50.137847900390625 -231.21475219726562
v 80.99224853515625 -50.55242156982422 -231.89422607421875
v 81.26148986816406 -51.205528259277344 -235.58306884765625
v 81.26148986816406 -51.205528259277344 -235.58306884765625
v 81.53073120117188 -51.858638763427734 -239.27191162109375
v 81.70360565185547 -51.663238525390625 -235.7015380859375
v 68.04032897949219 -51.548213958740234 -237.82632446289062
v 67.16716003417969 -51.224884033203125 -236.32058715820312
v 66.56321716308594 -51.554664611816406 -237.85638427734375
v 65.95928192138672 -51.224884033203125 -236.3206024169922
v 70.05592346191406 -52.84797668457031 -243.87936401367188
v 70.65985870361328 -52.51819610595703 -242.3435516357422
v 71.53303527832031 -52.841522216796875 -243.84930419921875
v 70.92909240722656 -53.171302795410156 -245.38510131835938
v 72.40621185302734 -53.16484832763672 -245.35504150390625
v 82.20382690429688 -53.49140930175781 -248.49404907226562
v 82.20382690429688 -53.49140930175781 -248.49404907226562
v 82.41496276855469 -52.77405548095703 -239.50885009765625
v 81.66535186767578 -52.18519592285156 -241.1163330078125
v 82.05928039550781 -52.21864318847656 -237.60519409179688
v 82.2321548461914 -52.02324676513672 -234.03480529785156
v 80.99224853515625 -50.55242156982422 -231.89422607421875
v 81.34793090820312 -51.10783004760742 -233.79788208007812
v 81.79997253417969 -52.511749267578125 -242.96075439453125
v 82.54957580566406 -53.100608825683594 -241.353271484375
v 81.93458557128906 -52.83830261230469 -244.80517578125
v 81.93458557128906 -52.83830261230469 -244.80517578125
v 65.498779296875 -51.101104736328125 -219.10302734375
v 64.70600128173828 -52.01652526855469 -219.5607452392578
v 64.51353454589844 -51.47208786010742 -217.6791229248047
v 66.29155731201172 -50.18568801879883 -218.64532470703125
v 77.57133483886719 -48.81848907470703 -218.48411560058594
v 75.31114959716797 -48.06755447387695 -221.35797119140625
v 74.22819519042969 -47.732486724853516 -221.98321533203125
v 75.46671295166016 -47.98674774169922 -223.58453369140625
v 75.62227630615234 -47.90594482421875 -225.8111114501953
v 65.95928192138672 -50.56532669067383 -233.24900817871094
v 63.162803649902344 -58.77630615234375 -272.0924072265625
v 64.2398910522461 -58.35273742675781 -268.3161926269531
v 66.00833892822266 -57.68260192871094 -270.08465576171875
v 67.08541870117188 -57.259037017822266 -266.30841064453125
v 69.93095397949219 -56.16533660888672 -264.3006591796875
v 75.53366088867188 -49.09681701660156 -209.83445739746094
v 74.37776947021484 -48.5523796081543 -207.99856567382812
v 75.89677429199219 -48.72583770751953 -212.1280517578125
v 71.45014953613281 -55.57423400878906 -260.966552734375
v 66.00052642822266 -54.07478332519531 -239.40516662597656
v 65.97990417480469 -53.60832214355469 -238.16818237304688
v 59.52070236206055 -69.49549865722656 -263.3808898925781
v 60.51722717285156 -70.05403900146484 -262.39288330078125
v 65.97990417480469 -53.60832214355469 -238.16818237304688
v 66.00052642822266 -55.33219909667969 -236.9441680908203
v 63.43058776855469 -61.14087677001953 -218.30438232421875
v 80.45002746582031 -60.60236358642578 -212.56307983398438
v 61.38235092163086 -57.21597671508789 -215.50143432617188
v 62.69664764404297 -60.42890548706055 -216.73538208007812
v 62.54305648803711 -62.2178955078125 -214.83131408691406
v 64.12860107421875 -50.383216857910156 -213.91587829589844
v 73.10013580322266 -55.74176788330078 -261.7323303222656
v 69.93095397949219 -56.16533660888672 -264.3006591796875
v 82.06047058105469 -60.775821685791016 -216.91334533691406
v 73.85357666015625 -54.6480712890625 -258.5166931152344
v 62.81676483154297 -56.13895034790039 -218.55862426757812
v 62.54304885864258 -52.21405029296875 -214.831298828125
v 61.96269989013672 -54.71501159667969 -215.16636657714844
v 80.74020385742188 -59.35188293457031 -212.3955535888672
v 66.57530212402344 -58.12009048461914 -258.3022766113281
v 59.283775329589844 -68.24501037597656 -263.14398193359375
v 76.16075134277344 -49.212158203125 -232.54150390625
v 57.28529357910156 -65.31889343261719 -266.9806213378906
v 57.85363006591797 -64.34768676757812 -266.5270690917969
v 58.185035705566406 -64.626953125 -265.83660888671875
v 57.948097229003906 -65.87744140625 -265.59967041015625
v 78.17634582519531 -51.50654602050781 -242.96075439453125
v 77.23771667480469 -51.8245849609375 -246.0023193359375
v 79.65345764160156 -52.494720458984375 -246.6496124267578
v 56.811424255371094 -67.81986236572266 -266.5067443847656
v 55.91168212890625 -68.51179504394531 -267.6507568359375
v 56.148616790771484 -67.26132202148438 -267.8876953125
v 67.10733032226562 -59.041831970214844 -254.159423828125
v 71.86773681640625 -51.85863494873047 -239.27194213867188
v 73.3448486328125 -52.17667770385742 -242.63714599609375
v 65.69108581542969 -59.03550720214844 -258.06536865234375
v 71.32926177978516 -50.55242156982422 -233.1888427734375
v 64.00935363769531 -62.284358978271484 -257.35455322265625
v 63.685699462890625 -63.53484344482422 -257.267822265625
v 66.59400177001953 -64.51853942871094 -252.5933837890625
v 60.84087371826172 -71.30451965332031 -262.4796142578125
v 67.16716003417969 -49.90576934814453 -230.17739868164062
v 65.96958923339844 -53.27571105957031 -238.34228515625
v 65.97990417480469 -54.66697692871094 -237.29238891601562
v 65.95928192138672 -51.88444519042969 -239.39219665527344
v 65.95927429199219 -52.14030456542969 -236.55752563476562
v 65.96958923339844 -53.27571105957031 -238.34228515625
v 65.95928192138672 -51.224884033203125 -236.3206024169922
v 57.04835510253906 -66.56938171386719 -266.7436828613281
v 57.64069366455078 -63.44316864013672 -267.3360290527344
v 67.56495666503906 -68.26997375488281 -252.85354614257812
v 69.40779876708984 -68.13658142089844 -250.4904022216797
v 67.72677612304688 -68.89521789550781 -252.89691162109375
v 67.67724609375 -65.07707977294922 -251.45516967773438
v 61.60047149658203 -70.61257934570312 -261.25469970703125
v 61.00270080566406 -71.92976379394531 -262.52301025390625
v 72.67544555664062 -53.817955017089844 -248.39657592773438
v 73.8833236694336 -53.48289108276367 -248.72023010253906
v 73.74870300292969 -53.15633773803711 -247.199462890625
v 74.82196044921875 -52.494720458984375 -246.00233459472656
v 72.40621185302734 -53.16484832763672 -245.35504150390625
v 74.55272674560547 -51.84161376953125 -242.96078491210938
v 74.08340454101562 -52.33570098876953 -244.31973266601562
v 75.2912826538086 -52.000633239746094 -244.64337158203125
v 70.56592559814453 -55.9093017578125 -260.08233642578125
v 76.69923400878906 -50.51837158203125 -239.27191162109375
v 76.96847534179688 -51.171478271484375 -242.63711547851562
v 77.43778991699219 -51.01245880126953 -241.1163330078125
v 59.37738037109375 -61.154624938964844 -268.74908447265625
v 67.22259521484375 -57.204673767089844 -258.9495849609375
v 62.389732360839844 -55.426979064941406 -216.86248779296875
v 71.89226531982422 -55.40670394897461 -261.40869140625
v 71.89226531982422 -55.40670394897461 -261.40869140625
v 67.17578125 -49.27027130126953 -218.4084014892578
v 64.3210678100586 -50.927650451660156 -215.79750061035156
v 63.72075653076172 -52.38750457763672 -218.1368408203125
v 61.962703704833984 -59.71693420410156 -215.1663818359375
v 63.72076416015625 -62.391353607177734 -218.1368408203125
v 81.66535186767578 -52.18519592285156 -241.1163330078125
v 66.20120239257812 -57.59410095214844 -265.4241943359375
v 67.96965026855469 -56.92396926879883 -267.1926574707031
v 66.00833892822266 -57.68260192871094 -270.08465576171875
v 67.96965026855469 -56.92396926879883 -267.1926574707031
v 64.04702758789062 -58.44123840332031 -272.97662353515625
v 62.27858352661133 -59.11137008666992 -271.20819091796875
v 70.12138366699219 -51.21198272705078 -236.2604522705078
v 69.24820709228516 -50.88865661621094 -234.75469970703125
v 72.13697814941406 -52.511741638183594 -242.31349182128906
v 72.13697814941406 -52.511741638183594 -242.31349182128906
v 71.86773681640625 -51.85863494873047 -239.27194213867188
v 71.59849548339844 -51.205528259277344 -236.2303924560547
v 70.99456024169922 -51.535308837890625 -237.76620483398438
v 69.78668212890625 -52.19486618041992 -240.8378143310547
v 70.23216247558594 -47.72064208984375 -214.65109252929688
v 71.4400405883789 -47.38557434082031 -214.32742309570312
v 70.1390609741211 -47.46637725830078 -212.5753173828125
v 70.04595947265625 -47.21211624145508 -210.49952697753906
v 67.88005065917969 -47.88224792480469 -211.75
v 71.53314208984375 -47.639835357666016 -216.4031982421875
v 70.32527160644531 -47.97490310668945 -216.72686767578125
v 67.97315979003906 -48.136512756347656 -213.82577514648438
v 80.72300720214844 -49.899314880371094 -228.20538330078125
v 81.16513061523438 -50.357025146484375 -228.32383728027344
v 80.45377349853516 -49.24620819091797 -224.5165252685547
v 80.72300720214844 -49.899314880371094 -228.20538330078125
v 80.45377349853516 -49.24620819091797 -224.5165252685547
v 66.86153411865234 -59.446434020996094 -275.3490295410156
v 85.33685302734375 -66.17726135253906 -243.19769287109375
v 68.51152038574219 -60.69691467285156 -276.67535400390625
v 68.18787384033203 -60.23921203613281 -276.3517150878906
v 69.80611419677734 -62.527748107910156 -277.969970703125
v 73.31836700439453 -59.637359619140625 -270.24407958984375
v 57.52222442626953 -64.06841278076172 -267.2175598144531
v 58.36273193359375 -63.68909454345703 -266.0142822265625
v 74.68889617919922 -48.390769958496094 -212.4517059326172
v 74.53333282470703 -48.47157287597656 -210.22512817382812
v 72.21186828613281 -47.88224792480469 -209.24905395507812
v 72.83412170410156 -47.55902862548828 -218.1553192138672
v 76.05233764648438 -48.6450309753418 -214.3546142578125
v 74.8444595336914 -48.309967041015625 -214.67828369140625
v 72.67855834960938 -47.639835357666016 -215.92874145507812
v 71.1619644165039 -48.443023681640625 -221.75448608398438
v 70.92726135253906 -70.94606018066406 -279.0910949707031
v 71.92959594726562 -71.19198608398438 -277.2839050292969
v 69.9249267578125 -70.70014190673828 -280.8982849121094
v 71.20755004882812 -67.19461059570312 -279.2529296875
v 57.71116638183594 -67.1279296875 -265.36273193359375
v 75.96331787109375 -50.383216857910156 -207.08316040039062
v 84.63796997070312 -60.4107666015625 -223.3953857421875
v 78.12921905517578 -54.71501159667969 -205.8326873779297
v 65.97993469238281 -54.90618896484375 -246.64462280273438
v 78.12922668457031 -59.71693420410156 -205.83270263671875
v 72.94468688964844 -54.47106170654297 -251.43812561035156
v 74.22819519042969 -47.732486724853516 -221.98321533203125
v 76.299072265625 -52.81275939941406 -249.36752319335938
v 75.36044311523438 -53.800933837890625 -252.08541870117188
v 77.77619171142578 -53.130802154541016 -252.73272705078125
v 77.77619171142578 -53.130802154541016 -252.73272705078125
v 77.5069580078125 -52.477691650390625 -249.36752319335938
v 78.71482849121094 -52.81275939941406 -249.691162109375
v 77.77619171142578 -53.130802154541016 -252.73272705078125
v 77.5069580078125 -52.477691650390625 -249.36752319335938
v 67.75318145751953 -50.90358352661133 -224.0532684326172
v 69.5216293334961 -49.072750091552734 -223.5794219970703
v 71.59849548339844 -51.205528259277344 -236.2303924560547
v 71.06002807617188 -49.899314880371094 -230.1472930908203
v 73.20652770996094 -48.57607650756836 -226.45843505859375
v 76.42999267578125 -49.865264892578125 -235.90670776367188
v 80.19194030761719 -53.800933837890625 -253.38002014160156
v 75.81488037109375 -53.889434814453125 -255.6247100830078
v 75.81488037109375 -53.889434814453125 -255.6247100830078
v 78.03802490234375 -48.57607650756836 -225.163818359375
v 65.99024963378906 -55.123748779296875 -244.24783325195312
v 65.99024963378906 -55.123748779296875 -244.24783325195312
v 65.95929718017578 -68.13658142089844 -250.490478515625
v 65.96382141113281 -67.14734649658203 -248.7555694580078
v 69.08415222167969 -66.88610076904297 -250.4036865234375
v 57.85978698730469 -59.534934997558594 -278.3261413574219
v 57.63010787963867 -59.19987106323242 -280.32427978515625
v 69.40779876708984 -68.13658142089844 -250.4904022216797
v 65.95929718017578 -61.884178161621094 -250.23031616210938
v 65.95929718017578 -61.884178161621094 -250.23031616210938
v 66.93023681640625 -51.992454528808594 -227.8165283203125
v 57.63010787963867 -59.19987106323242 -280.32427978515625
v 59.62824249267578 -59.53493881225586 -280.0945739746094
v 65.98506927490234 -58.318939208984375 -232.48138427734375
v 65.58090209960938 -67.9532470703125 -286.0472106933594
v 65.9850845336914 -58.76203918457031 -246.4021453857422
v 66.36810302734375 -65.3451919555664 -242.98617553710938
v 65.9773941040039 -64.17963409423828 -243.55084228515625
v 66.76786041259766 -64.16436767578125 -242.42295837402344
v 66.76789093017578 -66.23631286621094 -242.42166137695312
v 65.96834564208984 -66.52601623535156 -243.5493927001953
v 58.84783935546875 -65.18550109863281 -264.45562744140625
v 66.00054168701172 -54.708045959472656 -240.62811279296875
v 66.00052642822266 -54.7034912109375 -238.17466735839844
v 56.38555145263672 -66.01083374023438 -268.1246337890625
v 67.03624725341797 -63.13465881347656 -250.1435546875
v 68.11319732666016 -63.13465881347656 -250.1435089111328
v 67.89837646484375 -61.884178161621094 -250.23025512695312
v 68.43684387207031 -61.884178161621094 -250.230224609375
v 68.760498046875 -60.633697509765625 -250.31695556640625
v 61.276824951171875 -69.36210632324219 -261.16796875
v 65.97639465332031 -62.80619812011719 -246.1856689453125
v 67.35359954833984 -63.82659912109375 -251.36843872070312
v 68.43684387207031 -64.38513946533203 -250.230224609375
v 70.29202270507812 -57.217315673828125 -250.72732543945312
v 71.17623901367188 -56.30189514160156 -250.96426391601562
v 67.7710952758789 -49.57598876953125 -228.64158630371094
v 65.95928192138672 -49.24620819091797 -227.10581970214844
v 68.43684387207031 -64.38513946533203 -250.230224609375
v 60.0003662109375 -71.683837890625 -263.6828918457031
v 73.61408996582031 -52.82978439331055 -245.67868041992188
v 75.79518127441406 -52.40669631958008 -247.0054473876953
v 65.99021911621094 -56.05824279785156 -236.24249267578125
v 66.01614379882812 -61.55194091796875 -233.87384033203125
v 60.34831237792969 -59.78150177001953 -269.72003173828125
v 77.9071044921875 -50.85343933105469 -239.59556579589844
v 80.62667083740234 -52.909297943115234 -247.73365783691406
v 60.23180389404297 -60.3928337097168 -268.500732421875
v 60.438941955566406 -60.54645538330078 -267.60504150390625
v 65.97286987304688 -65.35282897949219 -243.55010986328125
v 65.97286987304688 -65.35282897949219 -243.55010986328125
v 65.9773941040039 -64.17963409423828 -243.55084228515625
v 65.96834564208984 -66.15811157226562 -247.02066040039062
v 65.95929718017578 -64.38513946533203 -250.23031616210938
v 65.97286987304688 -65.16886901855469 -245.28575134277344
v 65.96834564208984 -64.90763092041016 -246.93392944335938
v 68.54566955566406 -59.383216857910156 -250.4036865234375
v 60.85321807861328 -60.853702545166016 -265.813720703125
v 58.315818786621094 -61.76279830932617 -269.89312744140625
v 65.95928192138672 -49.90576934814453 -230.1774139404297
v 65.95928192138672 -49.90576934814453 -230.1774139404297
v 62.56206512451172 -59.330116271972656 -265.3170166015625
v 63.94727325439453 -58.26423263549805 -264.49664306640625
v 76.90301513671875 -52.645225524902344 -249.52935791015625
v 70.05389404296875 -63.737220764160156 -215.1277313232422
v 71.44007873535156 -63.737220764160156 -214.32742309570312
v 71.44402313232422 -63.82394790649414 -216.6415252685547
v 73.9177017211914 -63.99740219116211 -219.9656982421875
v 75.62229919433594 -64.25758361816406 -225.8111114501953
v 74.22822570800781 -64.0841293334961 -221.98321533203125
v 72.83415222167969 -63.910675048828125 -218.1553192138672
v 73.5351333618164 -64.0841293334961 -222.38336181640625
v 73.18464660644531 -63.99740219116211 -220.26934814453125
v 79.7913818359375 -66.42326354980469 -239.27191162109375
v 80.06063079833984 -66.62962341308594 -242.84423828125
v 80.32986450195312 -67.28273010253906 -246.4165802001953
v 71.44796752929688 -63.910675048828125 -218.95562744140625
v 70.94546508789062 -63.99740219116211 -221.08377075195312
v 69.90188598632812 -63.910675048828125 -219.36990356445312
v 71.98905181884766 -64.0841293334961 -222.79763793945312
v 72.49154663085938 -63.99740219116211 -220.66949462890625
v 67.27363586425781 -63.56376266479492 -212.1001434326172
v 68.58776092529297 -63.737220764160156 -215.73501586914062
v 69.90187072753906 -63.46392059326172 -219.36990356445312
v 69.90188598632812 -63.910675048828125 -219.36990356445312
v 70.40438842773438 -63.82394790649414 -217.24176025390625
v 69.36080169677734 -63.737220764160156 -215.52789306640625
v 64.10350799560547 -74.03425598144531 -268.7457580566406
v 61.67985534667969 -74.79289245605469 -270.8924865722656
v 63.53759765625 -74.03425598144531 -268.17987060546875
v 72.82627868652344 -69.34757995605469 -254.6168212890625
v 74.68401336669922 -68.58894348144531 -251.9042205810547
v 74.68404388427734 -69.4824447631836 -251.90419006347656
v 67.2530746459961 -72.07023620605469 -262.754638671875
v 63.53758239746094 -73.1407470703125 -268.17987060546875
v 69.11080932617188 -71.31159973144531 -260.0420227050781
v 59.82210159301758 -74.65802001953125 -273.6050720214844
v 61.679840087890625 -73.89938354492188 -270.8924560546875
v 63.53759002685547 -73.36412811279297 -268.17987060546875
v 74.414794921875 -68.60595703125 -248.74612426757812
v 74.14555358886719 -67.72947692871094 -245.58807373046875
v 73.6070785522461 -66.42326354980469 -239.27191162109375
v 73.06859588623047 -64.8936767578125 -232.95578002929688
v 72.79934692382812 -64.01719665527344 -229.7977294921875
v 72.79935455322266 -64.12887573242188 -229.79771423339844
v 73.068603515625 -65.34042358398438 -232.95578002929688
v 73.06861114501953 -65.56379699707031 -232.95578002929688
v 57.566043853759766 -74.62945556640625 -275.8046875
v 59.82210159301758 -74.65802001953125 -273.6050720214844
v 58.41301727294922 -74.74828338623047 -275.5377197265625
v 57.003929138183594 -74.83854675292969 -277.47039794921875
v 59.259986877441406 -74.86711120605469 -275.270751953125
v 58.69786834716797 -75.07620239257812 -276.93646240234375
v 59.82211685180664 -75.55152893066406 -273.6051025390625
v 60.95392608642578 -75.10476684570312 -274.7368469238281
v 59.82210159301758 -74.65802001953125 -273.6050720214844
v 62.093292236328125 -74.68657684326172 -280.33184814453125
v 60.41346740722656 -74.90995025634766 -280.8798522949219
v 60.98970031738281 -75.10476684570312 -279.228271484375
v 73.55535888671875 -62.98036193847656 -210.90936279296875
v 72.8183364868164 -63.56376266479492 -208.89891052246094
v 72.81835174560547 -62.67026138305664 -208.89891052246094
v 74.29236602783203 -63.29046630859375 -212.91983032226562
v 75.76638793945312 -63.46392059326172 -216.94073486328125
v 77.24041748046875 -63.41400146484375 -220.961669921875
v 77.24040222167969 -63.86075210571289 -220.96163940429688
v 78.7144546508789 -63.36408233642578 -224.9825897216797
v 75.76640319824219 -63.017173767089844 -216.9407501220703
v 74.29237365722656 -63.06709289550781 -212.91983032226562
v 71.21601104736328 -64.0841293334961 -223.00477600097656
v 71.21600341796875 -63.63737869262695 -223.00477600097656
v 72.53013610839844 -64.25758361816406 -226.6396484375
v 72.53013610839844 -64.25758361816406 -226.6396484375
v 71.21601104736328 -64.0841293334961 -223.00477600097656
v 70.5589370727539 -63.327274322509766 -221.1873321533203
v 69.90188598632812 -63.017173767089844 -219.36990356445312
v 68.58776092529297 -63.29046630859375 -215.73501586914062
v 72.53011322021484 -63.36408233642578 -226.6396484375
v 71.47608947753906 -63.650489807128906 -212.10983276367188
v 72.90618896484375 -63.737220764160156 -213.72012329101562
v 72.21310424804688 -63.737220764160156 -214.1202850341797
v 72.86225891113281 -63.650489807128906 -211.30950927734375
v 70.0459976196289 -63.56376266479492 -210.49952697753906
v 76.73859405517578 -70.55296325683594 -259.70404052734375
v 76.73860168457031 -70.99971008300781 -259.70404052734375
v 78.803466796875 -69.79432678222656 -256.63262939453125
v 80.86833953857422 -68.58894348144531 -253.56124877929688
v 78.80348205566406 -70.24107360839844 -256.6326599121094
v 74.67372131347656 -71.53497314453125 -262.7754211425781
v 72.60884094238281 -72.07023620605469 -265.8467712402344
v 72.60884857177734 -72.51698303222656 -265.8468017578125
v 70.5439682006836 -72.94055938720703 -268.91815185546875
v 68.47909545898438 -73.81088256835938 -271.9895324707031
v 68.47909545898438 -73.36412811279297 -271.989501953125
v 76.73858642578125 -70.32958984375 -259.7040100097656
v 76.73858642578125 -70.10621643066406 -259.7039794921875
v 68.66376495361328 -63.650489807128906 -213.6139373779297
v 70.04994201660156 -63.650489807128906 -212.81362915039062
v 67.27363586425781 -63.56376266479492 -212.1001434326172
v 80.32986450195312 -67.506103515625 -246.4165802001953
v 80.86833953857422 -68.58894348144531 -253.56124877929688
v 80.32986450195312 -67.72947692871094 -246.4165802001953
v 79.25291442871094 -65.11705017089844 -232.12722778320312
v 79.2529296875 -64.67030334472656 -232.12725830078125
v 79.52216339111328 -65.32341003417969 -235.6995849609375
v 79.79139709472656 -65.97651672363281 -239.27191162109375
v 73.60706329345703 -65.97651672363281 -239.27194213867188
v 73.33782958984375 -65.54678344726562 -236.11386108398438
v 73.06858825683594 -64.67030334472656 -232.95579528808594
v 73.87631225585938 -66.85299682617188 -242.4300079345703
v 74.14553833007812 -67.28273010253906 -245.58807373046875
v 60.971824645996094 -75.551513671875 -276.9825439453125
v 62.08574676513672 -75.551513671875 -275.8686218261719
v 61.537723541259766 -75.32814025878906 -277.5484619140625
v 60.124855041503906 -75.43268585205078 -277.24951171875
v 59.85790252685547 -75.551513671875 -278.09649658203125
v 60.391807556152344 -75.31385803222656 -276.40252685546875
v 56.43801498413086 -74.61517333984375 -276.90447998046875
v 60.14978790283203 -75.2164535522461 -279.5022888183594
v 59.30987548828125 -75.32814025878906 -279.77630615234375
v 58.743980407714844 -75.551513671875 -279.2104187011719
v 57.63005447387695 -75.55152130126953 -280.3243408203125
v 58.163963317871094 -75.31385803222656 -278.6304016113281
v 62.10362243652344 -75.10476684570312 -278.1143493652344
v 63.21754455566406 -75.10476684570312 -277.00042724609375
v 62.66952133178711 -74.88139343261719 -278.68023681640625
v 60.69781494140625 -75.43982696533203 -277.8224792480469
v 78.28984069824219 -69.86175537109375 -254.6826934814453
v 80.86835479736328 -69.4824447631836 -253.561279296875
v 78.80348205566406 -70.24107360839844 -256.6326599121094
v 74.67372131347656 -71.75834655761719 -262.7754211425781
v 64.3493423461914 -75.55152893066406 -278.1322937011719
v 62.08574676513672 -75.551513671875 -275.8686218261719
v 64.05671691894531 -75.17220306396484 -275.4129638671875
v 66.02769470214844 -74.79289245605469 -274.95733642578125
v 64.89590454101562 -74.79288482666016 -273.82550048828125
v 80.06063079833984 -67.52311706542969 -242.84425354003906
v 79.79138946533203 -66.87001037597656 -239.27191162109375
v 80.59911346435547 -68.82933044433594 -249.9889373779297
v 80.86835479736328 -69.4824447631836 -253.561279296875
v 79.18765258789062 -69.1558837890625 -251.36083984375
v 79.05303192138672 -68.82933044433594 -249.5746612548828
v 74.68404388427734 -69.4824447631836 -251.90419006347656
v 77.77619171142578 -69.4824447631836 -252.73272705078125
v 75.24946594238281 -69.86175537109375 -253.7644500732422
v 77.05108642578125 -64.91069030761719 -228.8656005859375
v 77.10972595214844 -64.58413696289062 -227.1312255859375
v 78.5971450805664 -64.91069030761719 -228.45132446289062
v 61.74132537841797 -75.17220306396484 -273.23907470703125
v 59.82211685180664 -75.55152893066406 -273.6051025390625
v 62.528717041015625 -74.79289245605469 -271.7413024902344
v 76.09550476074219 -69.1558837890625 -250.6358642578125
v 77.77619171142578 -69.4824447631836 -252.73272705078125
v 74.68404388427734 -69.4824447631836 -251.90419006347656
v 75.96087646484375 -68.82933044433594 -248.9532470703125
v 77.5069580078125 -68.82933044433594 -249.36752319335938
v 78.71442413330078 -64.25758361816406 -224.98255920410156
v 77.16836547851562 -64.25758361816406 -225.39683532714844
v 76.08480834960938 -64.17085266113281 -223.58645629882812
v 77.63087463378906 -64.17085266113281 -223.17218017578125
v 76.54731750488281 -64.0841293334961 -221.36180114746094
v 77.24040222167969 -64.0841293334961 -220.96163940429688
v 74.67371368408203 -70.86485290527344 -262.7753601074219
v 74.07621765136719 -64.25758361816406 -226.22537231445312
v 73.03263854980469 -64.17085266113281 -224.51150512695312
v 74.017578125 -64.58413696289062 -227.856201171875
v 72.53013610839844 -64.25758361816406 -226.6396484375
v 74.07621765136719 -64.25758361816406 -226.22537231445312
v 75.62229919433594 -64.25758361816406 -225.8111114501953
v 74.57872009277344 -64.17085266113281 -224.09722900390625
v 65.39532470703125 -72.38211059570312 -265.4672546386719
v 67.25305938720703 -71.62348175048828 -262.754638671875
v 73.33782958984375 -65.32341003417969 -236.11386108398438
v 73.87629699707031 -66.62962341308594 -242.4300079345703
v 68.47909545898438 -74.03425598144531 -271.98956298828125
v 66.41421508789062 -74.68120574951172 -275.0609130859375
v 71.0627670288086 -72.51698303222656 -265.4324951171875
v 72.60884857177734 -72.51698303222656 -265.8468017578125
v 71.38314819335938 -72.89630126953125 -267.3306884765625
v 73.90068054199219 -71.75834655761719 -262.56829833984375
v 74.67372131347656 -71.75834655761719 -262.7754211425781
v 72.67498779296875 -72.13766479492188 -264.05218505859375
v 69.93096923828125 -72.51698303222656 -264.3006591796875
v 71.76046752929688 -72.13766479492188 -263.70355224609375
v 72.45817565917969 -71.75834655761719 -261.974609375
v 72.74111938476562 -71.75834655761719 -262.257568359375
v 68.81851196289062 -73.27561950683594 -268.0415344238281
v 68.53556823730469 -73.27561950683594 -267.7585754394531
v 69.51622009277344 -72.89630126953125 -266.31256103515625
v 67.96966552734375 -73.27561950683594 -267.1926574707031
v 79.79138946533203 -66.87001037597656 -239.27191162109375
v 80.06063079833984 -67.52311706542969 -242.84425354003906
v 79.28759002685547 -67.52311706542969 -242.63711547851562
v 79.46350860595703 -66.54345703125 -237.4339599609375
v 78.24530792236328 -66.87001037597656 -238.85763549804688
v 78.90106964111328 -67.52311706542969 -242.53353881835938
v 78.95970916748047 -67.19656372070312 -240.79916381835938
v 78.1280288696289 -67.52311706542969 -242.326416015625
v 68.38489532470703 -72.51698303222656 -263.88641357421875
v 68.7570571899414 -72.89630126953125 -265.69488525390625
v 67.58314514160156 -73.27561950683594 -267.0890808105469
v 69.94532775878906 -72.13766479492188 -262.59576416015625
v 77.993408203125 -67.19656372070312 -240.643798828125
v 76.69924926757812 -66.87001037597656 -239.27191162109375
v 77.74151611328125 -67.52311706542969 -242.4299774169922
v 77.33766174316406 -66.54345703125 -237.38217163085938
v 77.20304107666016 -66.21690368652344 -235.69956970214844
v 76.43000793457031 -66.21690368652344 -235.90670776367188
v 69.95968627929688 -71.75834655761719 -260.890869140625
v 67.25308227539062 -72.51698303222656 -262.754638671875
v 69.3937759399414 -71.75834655761719 -260.324951171875
v 69.17228698730469 -72.13766479492188 -262.3886413574219
v 66.24420166015625 -73.27561950683594 -266.31610107421875
v 65.96124267578125 -73.27561950683594 -266.03314208984375
v 66.89012145996094 -72.89630126953125 -264.67681884765625
v 65.39533996582031 -73.27561950683594 -265.4672546386719
v 76.37136840820312 -66.54345703125 -237.53753662109375
v 75.15316772460938 -66.87001037597656 -238.85765075683594
v 76.04348754882812 -66.21690368652344 -235.8031463623047
v 75.80892944335938 -67.52311706542969 -242.326416015625
v 76.19544982910156 -67.52311706542969 -242.4299774169922
v 75.86756896972656 -67.19656372070312 -240.6956024169922
v 75.035888671875 -67.52311706542969 -242.11929321289062
v 74.26284790039062 -67.52311706542969 -242.326416015625
v 73.60708618164062 -66.87001037597656 -239.27191162109375
v 74.14556884765625 -68.17622375488281 -245.58804321289062
v 74.91860961914062 -68.17622375488281 -245.38092041015625
v 73.06861114501953 -65.56379699707031 -232.95578002929688
v 72.79937744140625 -64.91069030761719 -229.79771423339844
v 73.8416519165039 -65.56379699707031 -232.7486572265625
v 72.53013610839844 -64.25758361816406 -226.6396484375
v 72.79937744140625 -64.91069030761719 -229.79771423339844
v 77.24043273925781 -63.19062805175781 -220.961669921875
v 71.21600341796875 -63.19062805175781 -223.00477600097656
v 72.8183364868164 -63.56376266479492 -208.89891052246094
v 73.55534362792969 -63.650489807128906 -210.90936279296875
v 74.2923583984375 -63.737220764160156 -212.91983032226562
v 74.2923583984375 -63.737220764160156 -212.91983032226562
v 73.55534362792969 -63.650489807128906 -210.90936279296875
v 74.33628845214844 -63.82394790649414 -215.33042907714844
v 73.64320373535156 -63.82394790649414 -215.7305908203125
v 73.29666137695312 -63.82394790649414 -215.9306640625
v 74.38021087646484 -63.910675048828125 -217.7410430908203
v 74.35824584960938 -63.8673095703125 -216.53573608398438
v 75.7663803100586 -63.910675048828125 -216.94073486328125
v 75.26852416992188 -63.95404052734375 -218.4461669921875
v 76.15684509277344 -63.99740219116211 -219.15127563476562
v 75.46376037597656 -63.99740219116211 -219.55142211914062
v 75.02937316894531 -63.82394790649414 -214.93028259277344
v 75.7663803100586 -63.910675048828125 -216.94073486328125
v 75.02937316894531 -63.82394790649414 -214.93028259277344
v 72.60884094238281 -71.62348175048828 -265.84674072265625
v 70.5439682006836 -72.38211059570312 -268.9181213378906
v 68.47909545898438 -73.1407470703125 -271.989501953125
v 66.41421508789062 -74.23445129394531 -275.0608825683594
v 64.3493423461914 -74.65802001953125 -278.1322326660156
v 75.31177520751953 -64.17085266113281 -223.79359436035156
v 75.00125122070312 -64.0841293334961 -221.7760772705078
v 71.12954711914062 -63.650489807128906 -212.30990600585938
v 74.69073486328125 -63.99740219116211 -219.75856018066406
v 74.14895629882812 -63.95404052734375 -218.85336303710938
v 72.52362823486328 -63.82394790649414 -216.13780212402344
v 73.0654067993164 -63.8673095703125 -217.04299926757812
v 78.803466796875 -69.34757995605469 -256.63262939453125
v 70.7430419921875 -63.650489807128906 -212.41348266601562
v 70.75093078613281 -63.82394790649414 -217.04168701171875
v 71.44599914550781 -63.8673095703125 -217.798583984375
v 72.13711547851562 -63.82394790649414 -216.24136352539062
v 72.3163070678711 -63.95404052734375 -219.61248779296875
v 78.71442413330078 -64.25758361816406 -224.98255920410156
v 78.7144546508789 -63.36408233642578 -224.9825897216797
v 78.84907531738281 -63.69063949584961 -226.76876831054688
v 78.98368835449219 -64.01719665527344 -228.554931640625
v 78.98367309570312 -64.46394348144531 -228.55490112304688
v 79.2529067993164 -65.56379699707031 -232.12722778320312
v 79.25289916992188 -65.34042358398438 -232.12722778320312
v 80.59911346435547 -68.82933044433594 -249.9889373779297
v 80.59910583496094 -68.38258361816406 -249.98892211914062
v 80.32987213134766 -68.17622375488281 -246.41659545898438
v 79.52214813232422 -65.77015686035156 -235.69956970214844
v 80.06062316894531 -67.07637023925781 -242.84423828125
v 79.52214813232422 -66.21690368652344 -235.69956970214844
v 79.2529067993164 -65.56379699707031 -232.12722778320312
v 79.52214813232422 -66.21690368652344 -235.69956970214844
v 80.59910583496094 -67.93583679199219 -249.98892211914062
v 79.92601013183594 -66.30307006835938 -241.05807495117188
v 72.25959777832031 -64.17085266113281 -224.71864318847656
v 71.718505859375 -63.99740219116211 -220.8766326904297
v 69.63134765625 -63.82394790649414 -217.4488983154297
v 68.58776092529297 -63.737220764160156 -215.73501586914062
v 68.31721496582031 -63.650489807128906 -213.81402587890625
v 67.25308227539062 -72.51698303222656 -262.754638671875
v 65.39533996582031 -73.27561950683594 -265.4672546386719
v 63.53759002685547 -73.5875015258789 -268.17987060546875
v 62.60871887207031 -73.9668197631836 -269.5361633300781
v 69.11079406738281 -70.86485290527344 -260.04205322265625
v 70.96853637695312 -70.10621643066406 -257.3294372558594
v 71.89741516113281 -70.17364501953125 -255.97311401367188
v 61.679847717285156 -74.34613800048828 -270.8924560546875
v 61.67985534667969 -74.79289245605469 -270.8924865722656
v 63.53759765625 -74.03425598144531 -268.17987060546875
v 60.75098419189453 -75.17221069335938 -272.248779296875
v 59.82211685180664 -75.55152893066406 -273.6051025390625
v 60.75098419189453 -75.17221069335938 -272.248779296875
v 72.8262939453125 -69.79432678222656 -254.6168212890625
v 70.96855163574219 -70.55296325683594 -257.32940673828125
v 70.96855926513672 -70.77633666992188 -257.32940673828125
v 70.96856689453125 -70.99971008300781 -257.32940673828125
v 69.11082458496094 -71.75834655761719 -260.0420227050781
v 69.11082458496094 -71.75834655761719 -260.0420227050781
v 65.39533233642578 -72.71717834472656 -265.4672546386719
v 74.41477966308594 -67.93583679199219 -248.74615478515625
v 67.7060546875 -74.03425598144531 -271.78240966796875
v 70.15745544433594 -73.27561950683594 -268.8146057128906
v 68.09257507324219 -74.03425598144531 -271.885986328125
v 74.68401336669922 -68.58894348144531 -251.9042205810547
v 74.41477966308594 -68.15921020507812 -248.74615478515625
v 74.54942321777344 -69.04420471191406 -250.32516479492188
v 74.68404388427734 -69.4824447631836 -251.90419006347656
v 72.79936218261719 -64.57563018798828 -229.79771423339844
v 72.66473388671875 -63.74647903442383 -228.21868896484375
v 72.53011322021484 -63.36408233642578 -226.6396484375
v 73.60708618164062 -66.87001037597656 -239.27191162109375
v 73.87632751464844 -67.29974365234375 -242.4299774169922
v 73.33784484863281 -66.21690368652344 -236.1138458251953
v 73.33784484863281 -66.21690368652344 -236.1138458251953
v 73.724365234375 -66.21690368652344 -236.01028442382812
v 73.33783721923828 -65.6584701538086 -236.1138458251953
v 75.11717987060547 -70.62039184570312 -257.3536682128906
v 73.85357666015625 -70.99971008300781 -258.5166931152344
v 75.81488037109375 -70.24107360839844 -255.6247100830078
v 74.41947937011719 -70.99971008300781 -259.0826110839844
v 76.09783935546875 -70.24107360839844 -255.9076690673828
v 73.29734802246094 -71.3790283203125 -260.38714599609375
v 78.86638641357422 -65.56379699707031 -232.02366638183594
v 79.13562774658203 -66.21690368652344 -235.59600830078125
v 78.47986602783203 -65.56379699707031 -231.92010498046875
v 78.71442413330078 -64.25758361816406 -224.98255920410156
v 78.9836654663086 -64.91069030761719 -228.55490112304688
v 78.9836654663086 -64.91069030761719 -228.55490112304688
v 65.23532104492188 -74.03424835205078 -269.87750244140625
v 66.60249328613281 -73.65493774414062 -268.53509521484375
v 66.00836181640625 -74.03424835205078 -270.08465576171875
v 64.8344497680664 -74.41355895996094 -271.4788513183594
v 63.6605339050293 -74.79287719726562 -272.873046875
v 64.04705810546875 -74.79287719726562 -272.97662353515625
v 77.75885009765625 -68.50277709960938 -247.58135986328125
v 77.23771667480469 -68.17622375488281 -246.0023193359375
v 78.01074981689453 -68.17622375488281 -245.79518127441406
v 77.89347076416016 -68.82933044433594 -249.26394653320312
v 77.68287658691406 -67.84967041015625 -244.16436767578125
v 57.316993713378906 -75.19503784179688 -278.8973693847656
v 56.47002029418945 -75.07621002197266 -279.164306640625
v 57.85089874267578 -74.9573745727539 -277.20343017578125
v 59.01093292236328 -75.43268585205078 -278.36346435546875
v 56.156959533691406 -74.7197265625 -277.73736572265625
v 55.30998611450195 -74.60089874267578 -278.0043029785156
v 59.544837951660156 -75.19503021240234 -276.66949462890625
v 60.106956481933594 -74.9859390258789 -275.0037841796875
v 60.95392608642578 -75.10476684570312 -274.7368469238281
v 61.23877716064453 -75.43268585205078 -276.13555908203125
v 75.50502014160156 -64.91069030761719 -229.07275390625
v 75.83290100097656 -65.23724365234375 -230.80712890625
v 75.38773345947266 -65.56379699707031 -232.33438110351562
v 76.16077423095703 -65.56379699707031 -232.54150390625
v 75.89154052734375 -64.91069030761719 -229.17630004882812
v 75.90887451171875 -65.89035034179688 -234.12054443359375
v 60.96526336669922 -74.70085144042969 -281.431640625
v 59.83723831176758 -74.71513366699219 -282.53143310546875
v 59.57355499267578 -75.02163696289062 -281.15386962890625
v 58.733646392822266 -75.13333129882812 -281.4278869628906
v 58.46996307373047 -75.43983459472656 -280.0503234863281
v 79.32227325439453 -69.4824447631836 -253.14700317382812
v 79.32227325439453 -69.4824447631836 -253.14700317382812
v 77.51422119140625 -70.43073272705078 -257.193359375
v 76.73860168457031 -70.99971008300781 -259.70404052734375
v 77.25740051269531 -70.24107360839844 -256.2183837890625
v 75.19252014160156 -70.99971008300781 -259.2897644042969
v 75.70616149902344 -71.3790283203125 -261.23974609375
v 75.70616149902344 -71.3790283203125 -261.23974609375
v 76.48435974121094 -70.24107360839844 -256.01123046875
v 76.22496032714844 -70.62039184570312 -257.75408935546875
v 65.73507690429688 -74.41356658935547 -272.238037109375
v 66.57425689697266 -74.03424835205078 -270.65057373046875
v 68.54523468017578 -73.65493774414062 -270.1949462890625
v 69.38441467285156 -73.27561950683594 -268.6074523925781
v 66.86687469482422 -74.41357421875 -273.369873046875
v 78.91841125488281 -68.50277709960938 -247.78848266601562
v 80.32987213134766 -68.17622375488281 -246.41659545898438
v 78.7837905883789 -68.17622375488281 -246.0023193359375
v 80.46449279785156 -68.50277709960938 -248.2027587890625
v 80.46449279785156 -68.50277709960938 -248.2027587890625
v 80.19525146484375 -67.84967041015625 -244.63043212890625
v 80.19525146484375 -67.84967041015625 -244.63043212890625
v 72.30751037597656 -70.99971008300781 -258.1024169921875
v 72.8729248046875 -71.3790283203125 -259.96270751953125
v 71.89227294921875 -71.75834655761719 -261.40869140625
v 73.49577331542969 -70.24107360839844 -255.0032958984375
v 73.1092529296875 -70.24107360839844 -254.89974975585938
v 76.7955322265625 -69.86175537109375 -254.1787109375
v 74.55152130126953 -70.43073272705078 -256.14056396484375
v 74.26881408691406 -70.24107360839844 -255.21044921875
v 73.28816223144531 -70.62039184570312 -256.65643310546875
v 76.2780532836914 -64.91069030761719 -229.07275390625
v 76.93380737304688 -65.56379699707031 -232.33438110351562
v 78.53850555419922 -65.23724365234375 -230.1857147216797
v 76.99244689941406 -65.23724365234375 -230.59999084472656
v 78.42122650146484 -65.89035034179688 -233.65447998046875
v 78.36258697509766 -66.21690368652344 -235.3888702392578
v 77.58955383300781 -66.21690368652344 -235.59600830078125
v 60.95393371582031 -75.55152130126953 -274.73687744140625
v 60.95393371582031 -75.55152130126953 -274.73687744140625
v 62.08574676513672 -75.551513671875 -275.8686218261719
v 62.873138427734375 -75.17219543457031 -274.370849609375
v 63.48832321166992 -74.60322570800781 -271.55828857421875
v 63.31611251831055 -74.41357421875 -270.2435302734375
v 66.02271270751953 -73.65493774414062 -268.3797302246094
v 66.81010437011719 -73.27561950683594 -266.8819580078125
v 75.82626342773438 -68.50277709960938 -247.27064514160156
v 75.691650390625 -68.17622375488281 -245.58804321289062
v 77.3723373413086 -68.50277709960938 -247.68492126464844
v 77.10310363769531 -67.84967041015625 -244.31971740722656
v 76.9684829711914 -67.52311706542969 -242.63711547851562
v 77.64157104492188 -69.1558837890625 -251.0501251220703
v 75.56365966796875 -64.58413696289062 -227.44192504882812
v 74.70265197753906 -65.07396697998047 -230.0952911376953
v 73.95893859863281 -64.91069030761719 -229.4870147705078
v 75.32908630371094 -65.89035034179688 -233.96519470214844
v 75.27044677734375 -66.21690368652344 -235.59600830078125
v 74.49740600585938 -66.21690368652344 -235.80316162109375
v 73.18589782714844 -64.91069030761719 -229.69415283203125
v 73.90029907226562 -65.23724365234375 -231.11782836914062
v 73.66572570800781 -66.54345703125 -237.64109802246094
v 75.85355377197266 -64.21421813964844 -224.69879150390625
v 73.64128112792969 -71.24417114257812 -264.31103515625
v 74.32746887207031 -64.21421813964844 -225.16131591796875
v 72.66473388671875 -63.69063949584961 -228.21868896484375
v 73.20320892333984 -64.99685668945312 -234.53482055664062
v 73.74168395996094 -66.30307006835938 -240.85098266601562
v 69.31826782226562 -73.65493774414062 -270.4020690917969
v 68.47909545898438 -74.03425598144531 -271.98956298828125
v 66.41421508789062 -74.79289245605469 -275.0609130859375
v 64.3493423461914 -75.55152893066406 -278.1322937011719
v 66.41421508789062 -74.79289245605469 -275.0609130859375
v 70.22358703613281 -72.89630126953125 -267.01995849609375
v 74.16007995605469 -71.3790283203125 -260.825439453125
v 73.54723358154297 -71.56868743896484 -261.5673828125
v 77.51679992675781 -69.86175537109375 -254.47555541992188
v 70.610107421875 -72.89630126953125 -267.12353515625
v 75.25865936279297 -70.62039184570312 -257.4951477050781
v 74.93312072753906 -71.3790283203125 -261.0325927734375
v 71.90194702148438 -72.13766479492188 -263.84503173828125
v 64.33000183105469 -74.79287719726562 -273.25958251953125
v 70.91162109375 -72.13766479492188 -262.85467529296875
v 71.1192398071289 -71.75834655761719 -261.2015380859375
v 67.41343688964844 -73.65493774414062 -269.0631103515625
v 67.97933959960938 -73.65493774414062 -269.6290283203125
v 66.989013671875 -73.65493774414062 -268.638671875
v 68.9503173828125 -72.89630126953125 -265.74664306640625
v 63.49082565307617 -75.17219543457031 -274.8470458984375
v 65.0277099609375 -74.41355895996094 -271.5306396484375
v 71.19457244873047 -72.13766479492188 -263.13763427734375
v 78.41461181640625 -69.1558837890625 -251.1536865234375
v 78.30394744873047 -66.54345703125 -237.12326049804688
v 78.649169921875 -67.84967041015625 -244.21615600585938
v 79.42221069335938 -67.84967041015625 -244.42327880859375
v 78.27999114990234 -68.82933044433594 -249.36752319335938
v 77.95211029052734 -68.50277709960938 -247.52957153320312
v 78.69046783447266 -66.54345703125 -237.22682189941406
v 78.06938934326172 -67.84967041015625 -244.060791015625
v 78.1866683959961 -67.19656372070312 -240.59202575683594
v 72.09989166259766 -71.3790283203125 -259.75555419921875
v 74.47642517089844 -69.86175537109375 -253.55731201171875
v 67.59750366210938 -72.89630126953125 -265.3841857910156
v 72.32186126708984 -70.62039184570312 -256.39752197265625
v 71.53446960449219 -70.99971008300781 -257.8952941894531
v 70.96856689453125 -70.99971008300781 -257.32940673828125
v 71.32685852050781 -71.3790283203125 -259.54840087890625
v 67.98402404785156 -72.89630126953125 -265.48773193359375
v 70.73271942138672 -71.75834655761719 -261.09796142578125
v 70.73989868164062 -71.56868743896484 -260.24554443359375
v 76.8338623046875 -67.19656372070312 -240.9545135498047
v 76.36601257324219 -64.42086029052734 -226.47116088867188
v 77.16836547851562 -64.25758361816406 -225.39683532714844
v 76.29539489746094 -65.89035034179688 -234.22410583496094
v 76.56462860107422 -66.54345703125 -237.5893096923828
v 77.91207885742188 -64.42086029052734 -226.056884765625
v 77.06842041015625 -65.89035034179688 -234.0169677734375
v 76.02615356445312 -65.23724365234375 -230.85890197753906
v 77.22038269042969 -67.19656372070312 -240.8509521484375
v 70.74707794189453 -71.3790283203125 -259.39306640625
v 72.82630920410156 -70.24107360839844 -254.61679077148438
v 72.82630920410156 -70.24107360839844 -254.61679077148438
v 64.89089965820312 -73.65493774414062 -267.24798583984375
v 70.18116760253906 -71.3790283203125 -258.8271789550781
v 64.46646881103516 -73.65493774414062 -266.82354736328125
v 64.46646881103516 -73.65493774414062 -266.82354736328125
v 65.45680236816406 -73.65493774414062 -267.8138427734375
v 75.32246398925781 -69.1558837890625 -250.4287109375
v 75.21180725097656 -66.54345703125 -237.22683715820312
v 75.59832763671875 -66.54345703125 -237.3303985595703
v 75.5570297241211 -67.84967041015625 -243.90545654296875
v 76.33006286621094 -67.84967041015625 -244.11257934570312
v 74.80133056640625 -68.82933044433594 -248.64254760742188
v 75.18785095214844 -68.82933044433594 -248.74612426757812
v 74.85997009277344 -68.50277709960938 -247.01173400878906
v 74.97724914550781 -67.84967041015625 -243.75010681152344
v 74.41481018066406 -68.82933044433594 -248.74612426757812
v 74.14556884765625 -68.17622375488281 -245.58804321289062
v 74.41481018066406 -68.82933044433594 -248.74612426757812
v 73.24453735351562 -64.58413696289062 -228.06332397460938
v 73.78300476074219 -65.89035034179688 -234.3794708251953
v 73.87632751464844 -67.52311706542969 -242.4299774169922
v 73.87632751464844 -67.52311706542969 -242.4299774169922
v 63.21754455566406 -75.10476684570312 -277.00042724609375
v 64.3493423461914 -75.55152893066406 -278.1322937011719
v 64.3493423461914 -74.65802001953125 -278.1322326660156
v 78.71442413330078 -64.25758361816406 -224.98255920410156
v 67.27365112304688 -62.67026138305664 -212.1001434326172
v 64.3493423461914 -74.65802001953125 -278.1322326660156
v 80.86835479736328 -69.4824447631836 -253.561279296875
v 80.86835479736328 -69.4824447631836 -253.561279296875
v 68.5877685546875 -62.843719482421875 -215.73501586914062
v 77.24040222167969 -64.0841293334961 -220.96163940429688
v 64.68939208984375 -74.20845031738281 -282.9279479980469
v 65.62262725830078 -74.21125793457031 -279.405517578125
v 68.21180725097656 -74.2056655883789 -281.9947204589844
v 66.66203308105469 -70.75175476074219 -259.0362854003906
v 65.74678039550781 -71.62347412109375 -261.8849182128906
v 66.21992492675781 -70.69520568847656 -258.9178466796875
v 69.02235412597656 -63.137901306152344 -227.57958984375
v 67.25389099121094 -62.9117317199707 -228.05343627929688
v 67.99138641357422 -62.99462890625 -226.0452880859375
v 68.49253845214844 -69.00830078125 -253.33901977539062
v 69.37677001953125 -69.12139129638672 -253.57595825195312
v 67.57728576660156 -69.8800277709961 -256.1876525878906
v 70.79082489013672 -63.36407470703125 -227.10574340820312
v 61.650001525878906 -72.0428466796875 -263.1702880859375
v 59.96897888183594 -72.80148315429688 -265.5768127441406
v 59.321678161621094 -72.68840026855469 -264.92950439453125
v 69.40779876708984 -68.13658142089844 -250.4904022216797
v 67.25389099121094 -62.9117317199707 -228.05343627929688
v 69.02235412597656 -63.137901306152344 -227.57958984375
v 70.33080291748047 -63.775264739990234 -229.41238403320312
v 72.54014587402344 -67.60752868652344 -246.86770629882812
v 73.61207580566406 -68.09823608398438 -249.38595581054688
v 72.742431640625 -68.09823608398438 -249.15289306640625
v 72.94471740722656 -68.58893585205078 -251.43809509277344
v 70.97396850585938 -67.87205505371094 -248.67904663085938
v 68.05043029785156 -68.9517593383789 -253.2205810546875
v 66.69306182861328 -69.76693725585938 -255.95074462890625
v 64.36473846435547 -70.41249084472656 -257.7099609375
v 66.04576110839844 -69.65385437011719 -255.30343627929688
v 61.70569610595703 -73.0842056274414 -266.9898681640625
v 64.6259765625 -71.97451782226562 -263.13153076171875
v 59.906211853027344 -73.84284210205078 -269.6015625
v 67.25389099121094 -62.9117317199707 -228.05343627929688
v 67.52416229248047 -64.35244750976562 -234.24032592773438
v 67.12821197509766 -63.3919677734375 -230.11575317382812
v 67.00253295898438 -63.87220764160156 -232.17807006835938
v 66.48089599609375 -63.3919677734375 -230.1157989501953
v 76.78102111816406 -62.73061752319336 -211.89114379882812
v 77.57379150390625 -62.617530822753906 -211.43344116210938
v 77.98262786865234 -62.76080322265625 -213.83741760253906
v 63.50518035888672 -72.32556915283203 -264.378173828125
v 71.76412200927734 -64.6702880859375 -233.30535888671875
v 71.27747344970703 -64.01718139648438 -230.20555114746094
v 72.19894409179688 -64.67029571533203 -233.1888427734375
v 64.59953308105469 -72.38211059570312 -264.6714172363281
v 64.7586898803711 -72.38211059570312 -264.83056640625
v 62.58263397216797 -73.1407470703125 -267.224853515625
v 67.5462646484375 -70.86483764648438 -259.273193359375
v 67.98108673095703 -70.86483764648438 -259.3897399902344
v 66.61642456054688 -71.62348175048828 -262.11798095703125
v 71.14523315429688 -69.34756469726562 -254.0498046875
v 72.94471740722656 -68.58893585205078 -251.43809509277344
v 72.91462707519531 -68.96825408935547 -252.97702026367188
v 56.13380432128906 -74.51776885986328 -276.60028076171875
v 55.30998611450195 -74.60089874267578 -278.0043029785156
v 55.417686462402344 -74.46192932128906 -276.99810791015625
v 86.00994110107422 -67.81002807617188 -253.01214599609375
v 86.14456176757812 -68.13658142089844 -254.9750213623047
v 84.24150085449219 -68.03620910644531 -252.5382843017578
v 85.87532043457031 -67.48347473144531 -251.04925537109375
v 82.78055572509766 -67.87928771972656 -250.22000122070312
v 83.22266387939453 -67.82273864746094 -250.33847045898438
v 82.60768127441406 -68.58893585205078 -254.02731323242188
v 83.837646484375 -67.05654907226562 -246.6496124267578
v 84.10688781738281 -67.70965576171875 -250.5753936767578
v 84.52914428710938 -64.21794128417969 -231.4203643798828
v 84.79837799072266 -64.87104797363281 -235.34613037109375
v 83.64492797851562 -64.3310317993164 -231.18344116210938
v 72.96296691894531 -72.21247863769531 -270.859619140625
v 70.51618957519531 -73.02766418457031 -273.708251953125
v 72.63932037353516 -72.26902770996094 -270.5360107421875
v 75.40974426269531 -71.39730072021484 -268.0110168457031
v 73.61026000976562 -72.09939575195312 -271.5069580078125
v 56.95762252807617 -74.43463897705078 -275.1962890625
v 79.18423461914062 -62.79098892211914 -215.78369140625
v 77.4157943725586 -63.01715850830078 -216.25755310058594
v 57.566043853759766 -74.62945556640625 -275.8046875
v 71.00318145751953 -65.40629577636719 -237.0081787109375
v 71.46320343017578 -64.99510192871094 -234.7015380859375
v 71.63130187988281 -65.40286254882812 -236.60047912597656
v 84.3761215209961 -68.36276245117188 -254.50115966796875
v 84.3761215209961 -68.36276245117188 -254.50115966796875
v 86.14456176757812 -68.13658142089844 -254.9750213623047
v 83.25532531738281 -68.74208068847656 -256.18988037109375
v 82.60768127441406 -68.58893585205078 -254.02731323242188
v 81.25030517578125 -69.23448181152344 -257.6417236328125
v 81.01373291015625 -69.50071716308594 -259.5673828125
v 79.89292907714844 -69.88003540039062 -261.256103515625
v 82.13452911376953 -69.12139892578125 -257.8786315917969
v 81.661376953125 -69.65385437011719 -261.7299499511719
v 80.80819702148438 -69.29103088378906 -257.52325439453125
v 79.90845489501953 -69.64207458496094 -259.2712097167969
v 79.00871276855469 -69.99311828613281 -261.0191650390625
v 82.4583511352539 -69.19796752929688 -258.95989990234375
v 83.90296936035156 -68.89521789550781 -258.35247802734375
v 71.79939270019531 -65.81061553955078 -238.49942016601562
v 78.36141967773438 -70.106201171875 -260.37188720703125
v 72.26840209960938 -65.89356231689453 -239.00221252441406
v 55.52538299560547 -74.32295227050781 -275.99188232421875
v 54.093143463134766 -74.21125793457031 -276.7874755859375
v 83.99066925048828 -62.9117317199707 -223.56881713867188
v 84.25990295410156 -63.56483459472656 -227.49459838867188
v 83.81779479980469 -63.62138366699219 -227.37612915039062
v 70.77169036865234 -67.38135528564453 -246.39385986328125
v 69.40779876708984 -68.13658142089844 -250.4904022216797
v 63.97832107543945 -71.39730072021484 -261.41107177734375
v 62.490509033203125 -71.66352844238281 -261.967041015625
v 62.683719635009766 -71.17112731933594 -260.1164855957031
v 61.00270080566406 -71.92976379394531 -262.52301025390625
v 58.611610412597656 -73.61666870117188 -268.3069763183594
v 57.96430969238281 -73.50357055664062 -267.65966796875
v 57.64065933227539 -73.44703674316406 -267.3360290527344
v 55.95964050292969 -74.2056655883789 -269.7425537109375
v 60.584896087646484 -73.43525695800781 -268.2364807128906
v 61.263580322265625 -73.02766418457031 -266.87139892578125
v 75.89679718017578 -62.84370422363281 -212.12806701660156
v 81.1786117553711 -62.70808410644531 -217.27227783203125
v 80.3858413696289 -62.82117462158203 -217.72998046875
v 81.58744812011719 -62.85136032104492 -219.67625427246094
v 62.620948791503906 -72.21247863769531 -264.1412353515625
v 61.97364807128906 -72.09939575195312 -263.49395751953125
v 59.2275276184082 -74.25042724609375 -270.9666442871094
v 57.932926177978516 -74.02425384521484 -269.67205810546875
v 58.54884338378906 -74.65802001953125 -272.33172607421875
v 62.14781188964844 -73.1407470703125 -267.10833740234375
v 79.81901550292969 -63.07752990722656 -220.15011596679688
v 65.9840087890625 -74.2056655883789 -284.2225341796875
v 64.2228012084961 -74.20706176757812 -284.68914794921875
v 66.82368469238281 -67.73394012451172 -248.75518798828125
v 67.68807220458984 -67.331298828125 -247.0198974609375
v 69.40779876708984 -68.13658142089844 -250.4904022216797
v 65.96382141113281 -67.331298828125 -247.01992797851562
v 65.95929718017578 -68.13658142089844 -250.490478515625
v 78.61740112304688 -63.04734420776367 -218.20382690429688
v 63.7562141418457 -74.2056655883789 -286.4503479003906
v 62.46160125732422 -74.20845031738281 -285.15576171875
v 65.62262725830078 -74.21125793457031 -279.405517578125
v 65.62262725830078 -74.65802001953125 -279.405517578125
v 68.21180725097656 -74.2056655883789 -281.9947204589844
v 64.3493423461914 -74.65802001953125 -278.1322326660156
v 63.53963851928711 -74.56060791015625 -279.55035400390625
v 64.2628173828125 -74.49761962890625 -279.15960693359375
v 64.17628479003906 -74.33722686767578 -280.18701171875
v 64.3493423461914 -74.65802001953125 -278.1322326660156
v 62.093292236328125 -74.68657684326172 -280.33184814453125
v 62.72993469238281 -74.46319580078125 -280.9684753417969
v 80.48455047607422 -69.34756469726562 -257.1995849609375
v 81.46653747558594 -68.96824645996094 -255.5338592529297
v 68.62310028076172 -66.23306274414062 -242.316162109375
v 68.15558624267578 -66.78218078613281 -244.66802978515625
v 65.96834564208984 -66.52601623535156 -243.5493927001953
v 73.40979766845703 -67.60753631591797 -247.10076904296875
v 74.68401336669922 -68.58894348144531 -251.9042205810547
v 72.33786010742188 -67.11682891845703 -244.58251953125
v 69.01544952392578 -67.18482208251953 -246.40328979492188
v 76.56193542480469 -70.80829620361328 -263.8677978515625
v 74.11515808105469 -71.62347412109375 -266.7164306640625
v 76.23828887939453 -70.86483764648438 -263.5441589355469
v 76.07913208007812 -70.86483764648438 -263.3849792480469
v 70.08135986328125 -72.95108795166016 -271.9495849609375
v 69.868896484375 -73.1407470703125 -273.06097412109375
v 68.17068481445312 -73.52006530761719 -274.0104675292969
v 69.87078094482422 -64.18645477294922 -231.71902465820312
v 70.89700317382812 -64.38518524169922 -232.0569610595703
v 71.99202728271484 -72.38211059570312 -269.8887023925781
v 69.23225402832031 -73.1407470703125 -272.42431640625
v 55.02635955810547 -74.20845794677734 -273.2650146484375
v 55.95964050292969 -74.2056655883789 -269.7425537109375
v 57.254234313964844 -74.20845794677734 -271.0371398925781
v 70.20697021484375 -65.00196838378906 -235.5169219970703
v 69.41075897216797 -64.59764099121094 -234.02566528320312
v 57.254234313964844 -74.20845794677734 -271.0371398925781
v 58.54884338378906 -74.65802001953125 -272.33172607421875
v 58.548828125 -74.21125030517578 -272.33172607421875
v 55.95964050292969 -74.2056655883789 -269.7425537109375
v 63.394805908203125 -74.21124267578125 -281.63336181640625
v 68.95073699951172 -65.00883483886719 -236.33230590820312
v 72.46818542480469 -65.32340240478516 -236.34690856933594
v 66.04754638671875 -74.27870178222656 -277.1827392578125
v 65.8350830078125 -74.4683609008789 -278.29412841796875
v 64.3493423461914 -74.65802001953125 -278.1322326660156
v 65.62262725830078 -74.65802001953125 -279.405517578125
v 71.92970275878906 -64.0171890258789 -230.03076171875
v 70.79082489013672 -63.36407470703125 -227.10574340820312
v 71.79508972167969 -63.690635681152344 -228.4517364501953
v 67.74575805664062 -73.89938354492188 -276.2332458496094
v 73.06858825683594 -64.67030334472656 -232.95579528808594
v 82.33843994140625 -67.93582153320312 -250.33847045898438
v 82.06920623779297 -67.28271484375 -246.6496124267578
v 82.3643569946289 -68.26238250732422 -252.21202087402344
v 81.79997253417969 -66.62960815429688 -242.96075439453125
v 82.24208068847656 -66.57306671142578 -242.84230041503906
v 53.73176574707031 -74.2056655883789 -271.97039794921875
v 81.53073120117188 -65.97650146484375 -239.27191162109375
v 81.556640625 -66.30305480957031 -241.1454620361328
v 80.62474060058594 -64.83356475830078 -232.93295288085938
v 80.99226379394531 -64.6702880859375 -231.89422607421875
v 81.2614974975586 -65.32339477539062 -235.58306884765625
v 79.98797607421875 -64.34373474121094 -230.2828369140625
v 80.12258911132812 -64.6702880859375 -232.12725830078125
v 65.335693359375 -70.58212280273438 -258.680908203125
v 67.72677612304688 -68.89521789550781 -252.89691162109375
v 78.7144546508789 -63.36408233642578 -224.9825897216797
v 79.85336303710938 -64.01718139648438 -228.43841552734375
v 79.71873474121094 -63.69063186645508 -226.593994140625
v 61.043212890625 -73.89938354492188 -270.25579833984375
v 60.114341735839844 -74.27870178222656 -271.6120910644531
v 61.679840087890625 -73.89938354492188 -270.8924560546875
v 80.58840942382812 -63.69062805175781 -226.3609619140625
v 80.7230224609375 -64.01718139648438 -228.20538330078125
v 62.90095138549805 -73.1407470703125 -267.5431823730469
v 81.16513061523438 -63.96063995361328 -228.0869140625
v 67.25305938720703 -71.62348175048828 -262.754638671875
v 57.28562545776367 -73.91116333007812 -269.0247802734375
v 80.45378875732422 -63.36407470703125 -224.5165252685547
v 80.08625793457031 -63.52735137939453 -225.55526733398438
v 65.39532470703125 -72.38211059570312 -265.4672546386719
v 63.53758239746094 -73.1407470703125 -268.17987060546875
v 70.54315948486328 -65.8174819946289 -239.3148193359375
v 80.35549926757812 -64.18045806884766 -229.24411010742188
v 68.10231018066406 -63.96028137207031 -232.19287109375
v 77.56133270263672 -62.4177131652832 -208.80059814453125
v 77.54887390136719 -62.2178955078125 -206.16775512695312
v 78.35409545898438 -62.30462646484375 -208.3428955078125
v 79.1593246459961 -62.391353607177734 -210.5180206298828
v 58.389862060546875 -74.54632568359375 -274.40069580078125
v 58.78766632080078 -74.490478515625 -273.6845397949219
v 59.82210159301758 -74.65802001953125 -273.6050720214844
v 57.75322723388672 -74.32294464111328 -273.7640075683594
v 78.37901306152344 -62.704261779785156 -213.6085662841797
v 79.17178344726562 -62.59117126464844 -213.15086364746094
v 79.96455383300781 -62.47808074951172 -212.69314575195312
v 80.769775390625 -62.56481170654297 -214.8682861328125
v 58.548828125 -74.21125030517578 -272.33172607421875
v 72.60884094238281 -71.62348175048828 -265.84674072265625
v 73.64128112792969 -71.24417114257812 -264.31103515625
v 73.478515625 -71.62347412109375 -266.07977294921875
v 74.67371368408203 -70.86485290527344 -262.7753601074219
v 76.73858642578125 -70.10621643066406 -259.7039794921875
v 75.10855102539062 -70.8648452758789 -262.8918762207031
v 75.32597351074219 -70.86483764648438 -262.95013427734375
v 76.90194702148438 -70.48551940917969 -261.5600891113281
v 77.17343139648438 -70.10620880126953 -259.82049560546875
v 78.04309844970703 -70.106201171875 -260.05352783203125
v 75.76080322265625 -70.86483764648438 -263.066650390625
v 81.6343765258789 -67.28272247314453 -246.76612854003906
v 81.58255004882812 -66.62960815429688 -243.01901245117188
v 79.18424987792969 -69.72688293457031 -258.5469665527344
v 79.45571899414062 -69.34757232666016 -256.807373046875
v 80.32539367675781 -69.34756469726562 -257.0404052734375
v 80.16203308105469 -68.96826171875 -255.18431091308594
v 80.86833953857422 -68.58894348144531 -253.56124877929688
v 78.3145751953125 -69.72689056396484 -258.3139343261719
v 81.16743469238281 -68.77859497070312 -254.54754638671875
v 69.7469482421875 -65.41316223144531 -237.8235626220703
v 82.12103271484375 -67.93582916259766 -250.396728515625
v 81.05984497070312 -68.26239013671875 -251.8624725341797
v 81.25135803222656 -67.93583679199219 -250.1636962890625
v 61.28358459472656 -74.58916473388672 -281.74993896484375
v 60.89284896850586 -74.52617645263672 -282.47314453125
v 59.83723831176758 -74.71513366699219 -282.53143310546875
v 65.60797882080078 -72.00279235839844 -263.39471435546875
v 71.33937072753906 -66.2218017578125 -240.80606079101562
v 72.13558197021484 -66.62612915039062 -242.2973175048828
v 68.7288818359375 -63.07752990722656 -224.03713989257812
v 66.96041870117188 -62.851356506347656 -224.510986328125
v 62.54305648803711 -62.2178955078125 -214.83131408691406
v 65.39778900146484 -62.61752700805664 -217.44219970703125
v 64.60499572753906 -62.50444030761719 -217.89993286132812
v 66.66693878173828 -62.790985107421875 -220.96853637695312
v 64.89847564697266 -62.56481170654297 -221.4423828125
v 69.34574890136719 -70.106201171875 -256.6614990234375
v 71.13018798828125 -69.5372314453125 -254.8192596435547
v 70.68031311035156 -69.72688293457031 -255.47218322753906
v 72.01487731933594 -69.34757232666016 -254.28286743164062
v 70.21539306640625 -70.10620880126953 -256.8945617675781
v 80.86833953857422 -68.58894348144531 -253.56124877929688
v 80.76470947265625 -67.28273010253906 -246.53309631347656
v 68.88082885742188 -70.48551940917969 -258.0838623046875
v 64.16470336914062 -72.38211059570312 -264.55487060546875
v 82.38021850585938 -62.73827362060547 -219.2185516357422
v 78.9347915649414 -63.190616607666016 -220.3870391845703
v 79.25946044921875 -63.277347564697266 -222.56829833984375
v 80.45378875732422 -63.36407470703125 -224.5165252685547
v 79.53559875488281 -63.205711364746094 -221.36016845703125
v 75.57940673828125 -62.70043182373047 -209.94485473632812
v 74.37779998779297 -62.67024612426758 -207.9985809326172
v 75.97579956054688 -62.643890380859375 -209.71600341796875
v 70.5608139038086 -63.569671630859375 -228.25906372070312
v 78.06512451171875 -63.19062042236328 -220.6200714111328
v 78.38978576660156 -63.27735137939453 -222.80133056640625
v 77.63029479980469 -63.19062423706055 -220.73658752441406
v 78.7144546508789 -63.36408233642578 -224.9825897216797
v 78.98695373535156 -63.320716857910156 -223.77545166015625
v 68.41590881347656 -70.8648452758789 -259.50628662109375
v 68.6333236694336 -70.86485290527344 -259.5645446777344
v 81.87770080566406 -67.6092758178711 -248.5814208984375
v 73.79931640625 -68.77859497070312 -252.44061279296875
v 74.68401336669922 -68.58894348144531 -251.9042205810547
v 81.87648010253906 -64.55720520019531 -231.65728759765625
v 63.72076416015625 -62.391353607177734 -218.1368408203125
v 68.56233215332031 -63.549095153808594 -229.88623046875
v 81.0080337524414 -67.60928344726562 -248.348388671875
v 61.94845962524414 -74.33721923828125 -282.4148254394531
v 81.49468994140625 -68.26239013671875 -251.97898864746094
v 81.61634826660156 -68.4256591796875 -252.88662719726562
v 81.39105224609375 -66.95616912841797 -244.95083618164062
v 81.14772033691406 -66.6296157836914 -243.13552856445312
v 61.16698455810547 -74.21123504638672 -283.8611755371094
v 74.91987609863281 -62.75697326660156 -210.12158203125
v 73.86911010742188 -62.71361541748047 -209.51025390625
v 72.81835174560547 -62.67026138305664 -208.89891052246094
v 75.46195983886719 -62.84370422363281 -212.2445831298828
v 76.00404357910156 -62.93043518066406 -214.36758422851562
v 74.68223571777344 -62.843711853027344 -212.6947479248047
v 76.54612731933594 -63.01716613769531 -216.49058532714844
v 76.43887329101562 -62.9304313659668 -214.25106811523438
v 74.14015197753906 -62.756980895996094 -210.57174682617188
v 75.76640319824219 -63.017173767089844 -216.9407501220703
v 75.22431945800781 -62.930442810058594 -214.8177490234375
v 77.08821105957031 -63.10389709472656 -218.61358642578125
v 77.24043273925781 -63.19062805175781 -220.961669921875
v 81.57499694824219 -62.65154266357422 -217.04342651367188
v 62.92818832397461 -74.2098388671875 -283.3945617675781
v 83.29917907714844 -65.75033569335938 -238.79806518554688
v 66.82820892333984 -66.92865753173828 -245.28463745117188
v 69.03224182128906 -63.01716613769531 -219.60293579101562
v 67.7630844116211 -62.843711853027344 -216.07662963867188
v 67.51837158203125 -62.756988525390625 -214.08837890625
v 56.787593841552734 -74.20985412597656 -272.7983703613281
v 59.82210159301758 -74.65802001953125 -273.6050720214844
v 79.68775939941406 -64.67029571533203 -232.2437744140625
v 79.52216339111328 -65.32341003417969 -235.6995849609375
v 79.2529296875 -64.67030334472656 -232.12725830078125
v 56.32098388671875 -74.21125793457031 -274.5596008300781
v 65.55599975585938 -62.64388656616211 -215.22134399414062
v 65.71420288085938 -62.67024612426758 -213.00047302246094
v 66.98336029052734 -62.84370422363281 -216.52679443359375
v 51.50389099121094 -74.2056655883789 -274.1982727050781
v 53.2651252746582 -74.20706176757812 -273.73162841796875
v 65.0770034790039 -72.38211059570312 -265.14892578125
v 71.12701416015625 -64.1795883178711 -230.9036407470703
v 70.01129150390625 -73.50357055664062 -278.498779296875
v 72.69499206542969 -72.68840026855469 -275.23980712890625
v 70.45339965820312 -73.44703674316406 -278.61724853515625
v 68.21180725097656 -74.2056655883789 -281.9947204589844
v 68.25251770019531 -63.01715850830078 -220.0531005859375
v 80.66107177734375 -65.97650909423828 -239.50494384765625
v 74.49447631835938 -71.9863052368164 -271.7438659667969
v 77.17818450927734 -71.17112731933594 -268.48486328125
v 74.93658447265625 -71.92976379394531 -271.8623352050781
v 52.79851531982422 -74.20846557617188 -275.49285888671875
v 54.55975341796875 -74.20985412597656 -275.0262451171875
v 69.21162414550781 -67.66070556640625 -248.44683837890625
v 69.01544952392578 -67.18482208251953 -246.40328979492188
v 69.55259704589844 -67.47189331054688 -247.42269897460938
v 69.21162414550781 -67.66070556640625 -248.44683837890625
v 79.41978454589844 -70.41249084472656 -265.107421875
v 83.99066925048828 -62.9117317199707 -223.56881713867188
v 81.02061462402344 -63.10771942138672 -222.0963897705078
v 72.82627868652344 -69.34757995605469 -254.6168212890625
v 70.96853637695312 -70.10621643066406 -257.3294372558594
v 70.65022277832031 -70.10621643066406 -257.0111083984375
v 68.06941223144531 -73.84284210205078 -276.556884765625
v 68.71670532226562 -73.72975158691406 -277.2041931152344
v 69.90188598632812 -63.017173767089844 -219.36990356445312
v 71.21600341796875 -63.19062805175781 -223.00477600097656
v 71.438232421875 -63.27735137939453 -224.93873596191406
v 72.53011322021484 -63.36408233642578 -226.6396484375
v 71.4536361694336 -67.00373840332031 -244.3455810546875
v 69.69739532470703 -66.80720520019531 -244.35501098632812
v 67.27365112304688 -62.67026138305664 -212.1001434326172
v 68.5877685546875 -62.843719482421875 -215.73501586914062
v 68.15294647216797 -62.843711853027344 -215.85153198242188
v 68.81000518798828 -62.930442810058594 -217.66897583007812
v 67.6781005859375 -63.436004638671875 -230.12315368652344
v 70.34635925292969 -63.19062423706055 -223.23782348632812
v 70.56858825683594 -63.27735137939453 -225.17178344726562
v 69.91152954101562 -63.19062042236328 -223.35433959960938
v 71.11453247070312 -63.32071304321289 -226.02224731445312
v 71.19622039794922 -72.38211059570312 -269.0928955078125
v 71.51454162597656 -72.38211059570312 -269.4112243652344
v 68.91392517089844 -73.1407470703125 -272.10601806640625
v 72.33737182617188 -72.00279235839844 -267.5863342285156
v 71.6737060546875 -72.38211059570312 -269.57037353515625
v 66.63163757324219 -73.89938354492188 -275.119140625
v 68.47909545898438 -73.1407470703125 -271.989501953125
v 67.64984130859375 -63.87220764160156 -232.17800903320312
v 82.04936218261719 -63.84755325317383 -227.8499755859375
v 83.12630462646484 -66.4599838256836 -242.60537719726562
v 82.58782958984375 -65.15377044677734 -235.22767639160156
v 82.14572143554688 -65.21031188964844 -235.3461456298828
v 82.95343017578125 -67.16963195800781 -246.41268920898438
v 83.47205352783203 -65.04067993164062 -234.99075317382812
v 74.14804077148438 -68.34358978271484 -250.64508056640625
v 75.96333312988281 -62.444068908691406 -207.08316040039062
v 77.74046325683594 -63.10388946533203 -218.43881225585938
v 66.7386474609375 -62.756980895996094 -214.53854370117188
v 64.12863159179688 -62.444068908691406 -213.9158935546875
v 69.2769546508789 -63.10388946533203 -221.5911865234375
v 69.52166748046875 -63.190616607666016 -223.5794219970703
v 66.61628723144531 -62.71361541748047 -213.54443359375
v 80.82666015625 -65.32339477539062 -235.6995849609375
v 79.20111083984375 -64.0171890258789 -228.61318969726562
v 78.98368835449219 -64.01719665527344 -228.554931640625
v 67.10911560058594 -73.89938354492188 -275.59661865234375
v 80.41773986816406 -65.64995574951172 -237.6896514892578
v 80.1744155883789 -65.32340240478516 -235.87435913085938
v 79.79139709472656 -65.97651672363281 -239.27191162109375
v 80.60924530029297 -65.32339477539062 -235.75784301757812
v 72.25077056884766 -65.32339477539062 -236.40516662597656
v 72.73741912841797 -65.97650909423828 -239.50497436523438
v 73.0736083984375 -66.79202270507812 -243.30288696289062
v 73.87881469726562 -67.69048309326172 -247.60354614257812
v 73.7107162475586 -67.28273010253906 -245.70458984375
v 72.77268981933594 -67.11683654785156 -244.69903564453125
v 70.5439682006836 -72.38211059570312 -268.9181213378906
v 71.81077575683594 -72.80148315429688 -275.00286865234375
v 67.1071548461914 -62.88154602050781 -226.28221130371094
v 66.6650390625 -62.82500457763672 -226.40066528320312
v 66.07618713378906 -62.73827362060547 -224.74790954589844
v 85.06761169433594 -65.52415466308594 -239.27191162109375
v 84.35626983642578 -64.92759704589844 -235.22767639160156
v 84.0105209350586 -66.34689331054688 -242.84230041503906
v 84.45262908935547 -66.29035186767578 -242.96075439453125
v 82.7890625 -62.88154602050781 -221.62252807617188
v 68.81927490234375 -66.70893859863281 -244.35972595214844
v 68.62310028076172 -66.23306274414062 -242.316162109375
v 85.33685302734375 -66.17726135253906 -243.19769287109375
v 68.81927490234375 -66.70893859863281 -244.35972595214844
v 65.95926666259766 -62.9117317199707 -228.05352783203125
v 66.0214614868164 -63.739410400390625 -231.59091186523438
v 60.96526336669922 -74.70085144042969 -281.431640625
v 67.68354797363281 -68.13658142089844 -250.49044799804688
v 68.52651977539062 -64.48455810546875 -234.26258850097656
v 69.18074798583984 -64.80323791503906 -235.17898559570312
v 77.209228515625 -70.69520568847656 -264.51507568359375
v 69.11079406738281 -70.86485290527344 -260.04205322265625
v 65.96834564208984 -66.52601623535156 -243.5493927001953
v 66.76789093017578 -66.23631286621094 -242.42166137695312
v 68.62310028076172 -66.23306274414062 -242.316162109375
v 72.4365005493164 -66.30131530761719 -240.90115356445312
v 78.803466796875 -69.34757995605469 -256.63262939453125
v 70.76138305664062 -72.38211059570312 -268.97637939453125
v 83.18544006347656 -62.82500457763672 -221.3936767578125
v 68.00779724121094 -62.93043518066406 -218.0648651123047
v 85.60608673095703 -66.83036804199219 -247.12347412109375
v 68.04579162597656 -64.83268737792969 -236.30259704589844
v 67.64984130859375 -63.87220764160156 -232.17800903320312
v 68.04579162597656 -64.83268737792969 -236.30259704589844
v 66.05255889892578 -64.15325164794922 -233.35958862304688
v 74.41477966308594 -67.93583679199219 -248.74615478515625
v 74.14553833007812 -67.28273010253906 -245.58807373046875
v 70.37934112548828 -66.42959594726562 -242.30673217773438
v 78.84907531738281 -63.69063949584961 -226.76876831054688
v 78.53555297851562 -70.52558135986328 -264.8704833984375
v 78.09344482421875 -70.58212280273438 -264.75201416015625
v 73.22406768798828 -66.62962341308594 -242.6047821044922
v 73.44148254394531 -66.62962341308594 -242.54652404785156
v 73.87629699707031 -66.62962341308594 -242.4300079345703
v 72.43183898925781 -64.18046569824219 -230.70376586914062
v 72.79934692382812 -64.01719665527344 -229.7977294921875
v 73.74168395996094 -66.30307006835938 -240.85098266601562
v 73.60706329345703 -65.97651672363281 -239.27194213867188
v 70.1241226196289 -63.10389709472656 -221.30386352539062
v 72.60279846191406 -65.64995574951172 -237.92593383789062
v 66.5430908203125 -64.21965026855469 -233.65316772460938
v 66.08365631103516 -64.56709289550781 -235.12828063964844
v 71.49488830566406 -64.01718139648438 -230.1472930908203
v 80.712890625 -66.62962341308594 -243.01901245117188
v 80.32986450195312 -67.28273010253906 -246.4165802001953
v 80.59910583496094 -67.93583679199219 -249.98892211914062
v 79.73957824707031 -65.32341003417969 -235.75784301757812
v 80.49546813964844 -66.62962341308594 -242.96075439453125
v 80.06063079833984 -66.62962341308594 -242.84423828125
v 79.92601013183594 -66.30307006835938 -241.05807495117188
v 67.06472778320312 -64.69989013671875 -235.71543884277344
v 66.76790618896484 -64.86461639404297 -236.44244384765625
v 67.81695556640625 -74.08079528808594 -278.9521484375
v 68.79248046875 -70.86485290527344 -259.72369384765625
v 72.44970703125 -69.34757995605469 -254.39938354492188
v 60.565738677978516 -73.89938354492188 -269.7782897949219
v 60.72489929199219 -73.89938354492188 -269.93743896484375
v 73.33782958984375 -65.32341003417969 -236.11386108398438
v 73.20320892333984 -64.99685668945312 -234.53482055664062
v 72.66473388671875 -63.69063949584961 -228.21868896484375
v 72.16259765625 -63.52735900878906 -227.54568481445312
v 72.53011322021484 -63.36408233642578 -226.6396484375
v 72.90299987792969 -65.32341003417969 -236.2303924560547
v 63.74175262451172 -71.86143493652344 -262.8946228027344
v 63.29963684082031 -71.80488586425781 -262.7761535644531
v 62.82649612426758 -72.733154296875 -265.74322509765625
v 59.968223571777344 -74.4683609008789 -272.60858154296875
v 59.82210159301758 -74.65802001953125 -273.6050720214844
v 53.912437438964844 -74.20846557617188 -274.3789367675781
v 53.445831298828125 -74.2098617553711 -276.1401672363281
v 55.207061767578125 -74.21125793457031 -275.67352294921875
v 57.434906005859375 -74.21125793457031 -273.4456787109375
v 62.2808952331543 -74.21124267578125 -282.74725341796875
v 61.814292907714844 -74.2098388671875 -284.50848388671875
v 63.575496673583984 -74.20845031738281 -284.0418701171875
v 56.43801498413086 -74.61517333984375 -276.90447998046875
v 64.68839263916016 -70.46903228759766 -258.03363037109375
v 63.327877044677734 -64.15803527832031 -241.14834594726562
v 64.015869140625 -64.15789794921875 -242.00132751464844
v 62.63987731933594 -64.1546630859375 -241.79051208496094
v 65.39187622070312 -64.16464233398438 -240.71701049804688
v 66.07986450195312 -64.16450500488281 -241.56997680664062
v 65.39186096191406 -64.1611328125 -242.21214294433594
v 64.01588439941406 -64.1649169921875 -239.01104736328125
v 61.263877868652344 -64.15167236328125 -239.31361389160156
v 64.01588439941406 -64.16504669189453 -237.87802124023438
v 61.26387405395508 -64.15191650390625 -237.0475311279297
v 65.39189147949219 -64.17166900634766 -237.7267303466797
v 65.39189147949219 -64.17173767089844 -237.16021728515625
v 64.01588439941406 -64.16516876220703 -236.74496459960938
v 64.01587677001953 -64.16140747070312 -240.50619506835938
v 62.63988494873047 -64.15817260742188 -240.29537963867188
v 66.76788330078125 -64.17491149902344 -237.9375457763672
v 67.3135986328125 -64.38250732421875 -237.91001892089844
v 67.85929870605469 -64.58660125732422 -239.37762451171875
v 66.76789093017578 -64.17842102050781 -236.44241333007812
v 68.40501403808594 -64.79771423339844 -237.85496520996094
v 65.39187622070312 -64.16815185546875 -239.22186279296875
v 64.7038803100586 -64.16477966308594 -239.86402893066406
v 65.39189147949219 -64.17179870605469 -236.59368896484375
v 66.76789093017578 -64.17842102050781 -236.44241333007812
v 69.45172119140625 -65.39524841308594 -242.36013793945312
v 70.37934112548828 -66.42959594726562 -242.30673217773438
v 68.62310028076172 -66.23306274414062 -242.316162109375
v 68.95073699951172 -65.00883483886719 -236.33230590820312
v 66.76789093017578 -64.17842102050781 -236.44241333007812
v 66.76790618896484 -64.86461639404297 -236.44244384765625
v 66.07987976074219 -64.16801452636719 -240.07484436035156
v 68.25740051269531 -64.78875732421875 -240.12326049804688
v 69.20123291015625 -65.20204162597656 -239.34622192382812
v 68.65550994873047 -64.99092102050781 -240.868896484375
v 67.31358337402344 -64.37548828125 -240.90029907226562
v 70.54315948486328 -65.8174819946289 -239.3148193359375
v 69.59933471679688 -65.40420532226562 -240.09185791015625
v 69.9974365234375 -65.60636901855469 -240.8374786376953
v 69.45172119140625 -65.39524841308594 -242.36013793945312
v 69.05361938476562 -65.19308471679688 -241.61451721191406
v 66.76786041259766 -64.16436767578125 -242.42295837402344
v 71.33937072753906 -66.2218017578125 -240.80606079101562
v 70.39554595947266 -65.80852508544922 -241.58309936523438
v 70.79365539550781 -66.01068878173828 -242.3287353515625
v 66.76787567138672 -64.17139434814453 -239.43267822265625
v 66.76786804199219 -64.16787719726562 -240.92782592773438
v 68.95073699951172 -65.00883483886719 -236.33230590820312
v 69.7469482421875 -65.41316223144531 -237.8235626220703
v 66.07987976074219 -64.1715316772461 -238.5797119140625
v 66.76788330078125 -64.17491149902344 -237.9375457763672
v 66.07989501953125 -64.175048828125 -237.08456420898438
v 61.26388168334961 -64.15142059326172 -241.57969665527344
v 66.76786804199219 -64.16787719726562 -240.92782592773438
v 70.79365539550781 -66.01068878173828 -242.3287353515625
v 72.13558197021484 -66.62612915039062 -242.2973175048828
v 64.70387268066406 -64.16127014160156 -241.35916137695312
v 72.13558197021484 -66.62612915039062 -242.2973175048828
v 66.76786041259766 -64.16436767578125 -242.42295837402344
v 66.76786041259766 -64.16436767578125 -242.42295837402344
v 67.69548034667969 -65.19871520996094 -242.36956787109375
v 66.76789093017578 -66.23631286621094 -242.42166137695312
v 65.3918685913086 -63.503753662109375 -242.33657836914062
v 64.015869140625 -64.15789794921875 -242.00132751464844
v 65.39186096191406 -64.1611328125 -242.21214294433594
v 64.01587677001953 -62.195220947265625 -236.40481567382812
v 64.01587677001953 -60.880218505859375 -236.15719604492188
v 65.39187622070312 -61.21687316894531 -236.08346557617188
v 65.39189147949219 -59.478782653808594 -242.5982208251953
v 64.01588439941406 -58.736167907714844 -242.14193725585938
v 63.32788848876953 -59.6283073425293 -242.15733337402344
v 66.76790618896484 -60.22139358520508 -243.05450439453125
v 64.0158920288086 -59.999610900878906 -242.38546752929688
v 61.26387405395508 -59.77783203125 -236.913330078125
v 61.26388168334961 -58.63100814819336 -237.92539978027344
v 64.01588439941406 -57.90729522705078 -237.23146057128906
v 62.639892578125 -60.32474136352539 -242.14120483398438
v 62.639892578125 -61.196781158447266 -242.32171630859375
v 64.01589965820312 -60.87165069580078 -242.56597900390625
v 66.76789093017578 -56.0367546081543 -237.54959106445312
v 66.76787567138672 -57.70505142211914 -236.2238006591797
v 61.26388931274414 -61.52191162109375 -242.0774688720703
v 62.63988494873047 -62.182525634765625 -242.16384887695312
v 64.01589965820312 -56.48786163330078 -239.34628295898438
v 64.0158920288086 -56.83202362060547 -238.65151977539062
v 65.39187622070312 -62.518009185791016 -242.49447631835938
v 64.01587677001953 -62.8431396484375 -242.25021362304688
v 66.76788330078125 -62.19287872314453 -242.73873901367188
v 65.39189147949219 -61.532264709472656 -242.65235900878906
v 66.76789855957031 -61.20713806152344 -242.89662170410156
v 65.39190673828125 -60.54652404785156 -242.81024169921875
v 64.01588439941406 -61.85739517211914 -242.40809631347656
v 62.63988494873047 -58.68358612060547 -241.42318725585938
v 65.39189147949219 -58.21533203125 -242.3546905517578
v 66.76789093017578 -57.69449996948242 -242.56744384765625
v 61.26388931274414 -58.63100814819336 -240.7044219970703
v 61.26388168334961 -59.77783203125 -241.71644592285156
v 62.639892578125 -57.63612747192383 -240.137939453125
v 64.0158920288086 -57.329566955566406 -240.96092224121094
v 64.0158920288086 -56.985408782958984 -240.26617431640625
v 61.26388931274414 -57.94268798828125 -239.31494140625
v 62.63987731933594 -61.85856628417969 -236.4785614013672
v 61.26387405395508 -61.52191162109375 -236.55230712890625
v 62.63987731933594 -61.20106506347656 -236.35475158691406
v 62.63987731933594 -63.17356872558594 -236.72616577148438
v 64.01587677001953 -59.61347961425781 -236.3880615234375
v 62.63987731933594 -63.49728012084961 -241.91494750976562
v 66.76790618896484 -55.03303527832031 -239.3776397705078
v 65.39189910888672 -55.93252944946289 -239.01458740234375
v 64.01587677001953 -58.74143981933594 -236.56857299804688
v 64.01588439941406 -57.33388137817383 -237.73748779296875
v 66.76789093017578 -56.02812957763672 -241.21742248535156
v 65.39189147949219 -57.51203155517578 -241.76419067382812
v 65.39189147949219 -56.25799560546875 -240.2818603515625
v 66.76786041259766 -64.16436767578125 -242.42295837402344
v 66.76786804199219 -63.17862319946289 -242.58084106445312
v 65.39187622070312 -59.926002502441406 -236.0750732421875
v 66.76787567138672 -60.238525390625 -235.76210021972656
v 64.01588439941406 -63.18019485473633 -236.57489013671875
v 65.39188385009766 -63.18682098388672 -236.42361450195312
v 64.01588439941406 -64.16516876220703 -236.74496459960938
v 66.76789093017578 -64.17842102050781 -236.44241333007812
v 65.39189147949219 -64.17179870605469 -236.59368896484375
v 65.39187622070312 -58.659263610839844 -236.30593872070312
v 66.76788330078125 -62.208473205566406 -236.10226440429688
v 66.76788330078125 -63.19344711303711 -236.2723388671875
v 65.39190673828125 -55.76044845581055 -239.36196899414062
v 62.639892578125 -57.215274810791016 -239.3306121826172
v 65.39187622070312 -62.201847076416016 -236.2535400390625
v 63.32788848876953 -58.07151794433594 -241.23431396484375
v 65.39187622070312 -58.223243713378906 -236.39617919921875
v 61.26387405395508 -64.15191650390625 -237.0475311279297
v 61.26388168334961 -64.15142059326172 -241.57969665527344
v 66.76788330078125 -61.2234992980957 -235.93218994140625
v 62.63987731933594 -64.1546630859375 -241.79051208496094
v 63.32787322998047 -59.21854782104492 -236.60963439941406
v 65.39189147949219 -56.50676727294922 -240.74179077148438
v 62.639892578125 -57.98028564453125 -240.83267211914062
v 62.63988494873047 -59.25699996948242 -241.92919921875
v 64.0158920288086 -58.16275405883789 -241.63592529296875
v 66.08363342285156 -64.15985870361328 -235.1282501220703
v 66.59681701660156 -63.188804626464844 -235.94378662109375
v 66.42575073242188 -62.19919204711914 -235.44517517089844
v 66.76788330078125 -61.2234992980957 -235.93218994140625
v 66.76787567138672 -60.238525390625 -235.76210021972656
v 66.00055694580078 -60.25334930419922 -244.2010040283203
v 66.00055694580078 -58.86119079589844 -243.8861846923828
v 66.38422393798828 -58.97392272949219 -243.38421630859375
v 66.76788330078125 -62.208473205566406 -236.10226440429688
v 66.04208374023438 -62.19833755493164 -234.83218383789062
v 66.00052642822266 -60.23681640625 -234.5361328125
v 66.213134765625 -61.21800231933594 -234.99066162109375
v 66.76787567138672 -57.70505142211914 -236.2238006591797
v 66.00052642822266 -57.44950485229492 -235.1925811767578
v 66.38420104980469 -58.97093200683594 -235.37997436523438
v 66.00055694580078 -56.405174255371094 -242.71121215820312
v 66.00055694580078 -55.341312408447266 -241.85104370117188
v 66.38422393798828 -56.74858093261719 -242.39439392089844
v 66.00055694580078 -57.46903610229492 -243.5713653564453
v 66.76789093017578 -57.69449996948242 -242.56744384765625
v 66.00054168701172 -54.708045959472656 -240.62811279296875
v 66.76790618896484 -55.03303527832031 -239.3776397705078
v 66.00052642822266 -54.07478332519531 -239.40516662597656
v 66.76790618896484 -55.03303527832031 -239.3776397705078
v 66.00052642822266 -54.7034912109375 -238.17466735839844
v 66.00052642822266 -58.843162536621094 -234.86434936523438
v 66.38420867919922 -56.74312973022461 -236.37109375
v 66.76789093017578 -56.0367546081543 -237.54959106445312
v 66.76790618896484 -60.22139358520508 -243.05450439453125
v 66.76789093017578 -64.17842102050781 -236.44241333007812
v 66.76789093017578 -56.02812957763672 -241.21742248535156
v 65.9773941040039 -64.17963409423828 -243.55084228515625
v 66.18659973144531 -61.226932525634766 -243.7518310546875
v 66.37265014648438 -62.20051574707031 -243.30267333984375
v 66.38421630859375 -55.1826171875 -238.16090393066406
v 66.00052642822266 -55.33219909667969 -236.9441680908203
v 66.76789855957031 -61.20713806152344 -242.89662170410156
v 66.76788330078125 -62.19287872314453 -242.73873901367188
v 66.57025146484375 -63.18244171142578 -242.86282348632812
v 66.76786804199219 -63.17862319946289 -242.58084106445312
v 66.76786041259766 -64.16436767578125 -242.42295837402344
v 66.76788330078125 -63.19344711303711 -236.2723388671875
v 66.08363342285156 -64.15985870361328 -235.1282501220703
v 66.08365631103516 -64.56709289550781 -235.12828063964844
v 66.76790618896484 -64.86461639404297 -236.44244384765625
v 65.98897552490234 -62.21649169921875 -243.87591552734375
v 66.76789093017578 -64.17842102050781 -236.44241333007812
vn 0.08629545569419861 -0.9660378098487854 0.24356500804424286
vn 0.17497986555099487 -0.9675320386886597 0.18238341808319092
vn -0.000003524674639265868 -0.9777136445045471 0.20994292199611664
vn -0.30121979117393494 -0.9535515904426575 0.0024640073534101248
vn -0.35157251358032227 -0.9357929229736328 -0.026234325021505356
vn -0.2975902557373047 -0.9542228579521179 -0.029977381229400635
vn 0.8702096343040466 0.12765005230903625 -0.4758577346801758
vn 0.7651665806770325 0.002161301439628005 -0.6438286900520325
vn 0.901053249835968 0.06908708065748215 -0.4281703531742096
vn 0.30050915479660034 -0.9446056485176086 0.13196364045143127
vn 0.4279843866825104 -0.8660863041877747 0.258309543132782
vn 0.4095365107059479 -0.8932123780250549 0.1856108456850052
vn 0.16150079667568207 -0.9868723154067993 0.0005531754577532411
vn 0.895096480846405 0.2939658761024475 -0.33524101972579956
vn 0.9273949265480042 0.24611860513687134 -0.28171661496162415
vn 0.3391133248806 -0.9399904012680054 -0.03768512234091759
vn 0.19058695435523987 -0.9816672801971436 0.0024585325736552477
vn 0.2514159381389618 -0.967699408531189 -0.018648222088813782
vn 0.7875456213951111 0.613654613494873 -0.056567300111055374
vn 0.880363941192627 0.4413641691207886 -0.17365789413452148
vn 0.8191366791725159 0.5735574960708618 -0.006846163887530565
vn 0.388483464717865 -0.9146565794944763 0.11173144727945328
vn 0.5809528827667236 -0.8136909008026123 0.02001871168613434
vn 0.7125468254089355 0.6843127012252808 -0.1548967957496643
vn 0.7580999732017517 0.5610716342926025 -0.3323901295661926
vn 0.800763726234436 0.52764493227005 -0.28349313139915466
vn 0.766682505607605 0.4104684591293335 -0.4936736524105072
vn 0.6695200204849243 0.7145149111747742 -0.2030058652162552
vn 0.8572505712509155 0.3399912416934967 -0.3866877853870392
vn 0.8425142765045166 0.4884862005710602 -0.22704865038394928
vn 0.676552414894104 0.7363619208335876 -0.0069130053743720055
vn 0.35865283012390137 0.9206369519233704 -0.1542588472366333
vn 0.40636909008026123 0.897423505783081 -0.17174144089221954
vn 0.4528169631958008 0.871408998966217 -0.1886879801750183
vn 0.5413318872451782 0.8113096952438354 -0.22076310217380524
vn 0.5831226706504822 0.777412474155426 -0.23579157888889313
vn 0.6230933666229248 0.7410888075828552 -0.2500840723514557
vn 0.956321656703949 0.2915477752685547 -0.02118133381009102
vn 0.9335774183273315 0.3510516881942749 -0.0720822662115097
vn 0.9743594527244568 0.13121458888053894 -0.18277448415756226
vn 0.8884172439575195 0.436678409576416 0.1415162980556488
vn 0.9705414175987244 0.23929880559444427 0.028025349602103233
vn 0.9635034799575806 0.03394245356321335 -0.2655351459980011
vn -0.4348621666431427 -0.8302487134933472 0.34868595004081726
vn -0.30050355195999146 -0.8945916891098022 0.3307618796825409
vn -0.29026007652282715 -0.8957540988922119 0.3367101848125458
vn 0.9955209493637085 -0.002274259692057967 -0.09451285004615784
vn -0.13033923506736755 -0.9614241719245911 0.24222970008850098
vn -0.27997544407844543 -0.8967896103858948 0.34261080622673035
vn -0.1409502625465393 -0.9613646268844604 0.23645533621311188
vn -0.15151862800121307 -0.9611783623695374 0.23060426115989685
vn 0.3779996931552887 -0.8195306062698364 0.4306807219982147
vn 0.48727577924728394 -0.6883211731910706 0.5373789668083191
vn 0.41787445545196533 -0.7950343489646912 0.4396604299545288
vn 0.02407323569059372 -0.9908273816108704 0.1329720914363861
vn 0.33771151304244995 -0.8812728524208069 0.330619215965271
vn 0.41787445545196533 -0.7950343489646912 0.4396604299545288
vn 0.43247169256210327 -0.7016682624816895 0.5662418603897095
vn 0.4124486744403839 -0.7451285123825073 0.5240892767906189
vn 0.45036935806274414 -0.7175328135490417 0.5313323736190796
vn 0.5100278854370117 -0.5971060395240784 0.6191412806510925
vn 0.25589191913604736 -0.9176064133644104 0.3041671812534332
vn 0.29712557792663574 -0.9004210233688354 0.31773948669433594
vn 0.34052443504333496 -0.8956573605537415 0.28607887029647827
vn 0.33771151304244995 -0.8812728524208069 0.330619215965271
vn 0.25539276003837585 -0.8814806342124939 0.3971981704235077
vn 0.2981787919998169 -0.8629976511001587 0.40782880783081055
vn 0.17184244096279144 -0.9459437727928162 0.275064617395401
vn 0.21362315118312836 -0.8982553482055664 0.3840603232383728
vn 0.33228933811187744 -0.7940524816513062 0.5089836120605469
vn 0.3727908134460449 -0.7704623341560364 0.5171216130256653
vn 0.47366610169410706 -0.6281008124351501 0.6173570156097412
vn -0.44457265734672546 -0.8278273344039917 0.3421359658241272
vn -0.8176956176757812 -0.3460918664932251 0.459993839263916
vn -0.7711590528488159 -0.39534685015678406 0.49901363253593445
vn -0.8007034063339233 -0.3345593214035034 0.49693483114242554
vn -0.5773751139640808 -0.7400835156440735 0.3448394238948822
vn -0.3208613097667694 -0.8918867707252502 0.31872546672821045
vn -0.7199074029922485 -0.44218459725379944 0.5349822640419006
vn -0.7381741404533386 -0.4538273215293884 0.49913883209228516
vn -0.752845287322998 -0.38333627581596375 0.5350489616394043
vn -0.7003779411315918 -0.42976629734039307 0.5698873400688171
vn -0.7432160377502441 -0.37712663412094116 0.5526350140571594
vn 0.9221964478492737 -0.000059164216509088874 -0.3867216408252716
vn 0.814476490020752 0.376389741897583 -0.4415414035320282
vn 0.8310510516166687 0.17526084184646606 -0.5278616547584534
vn 0.9860930442810059 0.11451863497495651 0.120440274477005
vn 0.9799935221672058 0.18422886729240417 0.07531563937664032
vn 0.917564332485199 0.22444792091846466 0.328174889087677
vn 0.9847346544265747 0.05604167655110359 0.1647939383983612
vn -0.9884869456291199 -0.002688812091946602 -0.1512816846370697
vn -0.9956616759300232 -0.002283684676513076 -0.09302026033401489
vn -0.982018768787384 0.0788370743393898 -0.1715339869260788
vn -0.16137270629405975 -0.9868835210800171 0.0044435360468924046
vn -0.0918242558836937 -0.9955395460128784 0.02166418731212616
vn -0.038305334746837616 -0.9980113506317139 0.05006075277924538
vn -0.021797532215714455 -0.9990103244781494 0.03877199813723564
vn -0.21368366479873657 -0.9765975475311279 -0.024428343400359154
vn -0.5099126100540161 -0.6979097127914429 0.5029028058052063
vn -0.6796200275421143 -0.4165942370891571 0.6037929058074951
vn -0.5297294855117798 -0.7093772888183594 0.4649414122104645
vn -0.5476040840148926 -0.7202467918395996 0.425880491733551
vn 0.9857720732688904 0.15910910069942474 -0.054202042520046234
vn -0.6144490242004395 -0.6686205267906189 0.4188064932823181
vn -0.7551462054252625 -0.46467405557632446 0.46241995692253113
vn 0.9646813273429871 -0.10858139395713806 0.23999997973442078
vn 0.9280657768249512 -0.05782834440469742 0.3678990304470062
vn 0.9571898579597473 -0.0348905473947525 0.28735029697418213
vn 0.8726340532302856 -0.00590284401550889 0.48833903670310974
vn 0.938236653804779 -0.12571676075458527 0.32234635949134827
vn -0.6864635944366455 -0.7108449339866638 0.1531900316476822
vn -0.7145503163337708 -0.6895938515663147 0.1178053542971611
vn -0.6667724251747131 -0.7333624958992004 0.13264258205890656
vn -0.7833624482154846 -0.5893462896347046 0.1975204348564148
vn -0.7878665328025818 -0.6157606840133667 0.010245731100440025
vn -0.7836022973060608 -0.6176984310150146 0.0664532259106636
vn -0.7768453359603882 -0.6176711916923523 0.12244932353496552
vn -0.6604974865913391 -0.6007575988769531 0.4503704011440277
vn 0.8363407254219055 -0.2978087067604065 0.46026530861854553
vn 0.8294880986213684 -0.2305968999862671 0.5086987614631653
vn 0.8736056685447693 -0.22021561861038208 0.4339563846588135
vn 0.8169037103652954 -0.16179166734218597 0.5536171197891235
vn 0.7888187766075134 -0.306346595287323 0.5328385233879089
vn -0.8312119841575623 0.5535938739776611 0.051190268248319626
vn -0.7417117357254028 0.6700099110603333 0.03082781471312046
vn -0.8843700289726257 0.4657962918281555 0.03039182908833027
vn -0.7689383625984192 0.6353203058242798 0.07142732292413712
vn -0.8423115611076355 0.5342447757720947 0.07137126475572586
vn -0.4034425914287567 -0.8577728867530823 0.31852731108665466
vn -0.4733802080154419 -0.8197662234306335 0.32232657074928284
vn -0.3410373628139496 -0.8886765837669373 0.30650851130485535
vn -0.46383315324783325 -0.8225857019424438 0.32895544171333313
vn -0.330972820520401 -0.8903447985649109 0.31263917684555054
vn -0.3595981299877167 -0.908513605594635 0.21281994879245758
vn -0.42134565114974976 -0.888755202293396 0.1805046945810318
vn -0.31643736362457275 -0.9258939027786255 0.2063681036233902
vn -0.295788049697876 -0.9235334992408752 0.24412181973457336
vn -0.4019653797149658 -0.8891284465789795 0.21880213916301727
vn -0.2622233033180237 -0.9399815797805786 0.21834281086921692
vn -0.24841992557048798 -0.9421437978744507 0.22506168484687805
vn 0.3893677890300751 -0.9105914831161499 -0.13862140476703644
vn 0.34243056178092957 -0.9342679977416992 -0.0994211956858635
vn 0.3562648594379425 -0.929686963558197 -0.093581423163414
vn 0.42111217975616455 -0.8883188962936401 -0.18317773938179016
vn 0.4105876386165619 -0.9102279543876648 -0.05387893319129944
vn 0.7899795174598694 -0.07420298457145691 -0.6086264848709106
vn 0.6451522707939148 0.04736679792404175 -0.762584388256073
vn 0.7715391516685486 -0.14924980700016022 -0.6184269785881042
vn 0.803626298904419 0.0012940901797264814 -0.5951328277587891
vn -0.3151482343673706 -0.9078944325447083 0.2764224410057068
vn -0.25459685921669006 -0.9301170110702515 0.2646937370300293
vn -0.2683488428592682 -0.9281538724899292 0.2579134404659271
vn -0.3610200881958008 -0.884962797164917 0.29411780834198
vn -0.3510535955429077 -0.8868825435638428 0.30033445358276367
vn 0.9688149094581604 0.24531173706054688 0.03492702543735504
vn 0.966661274433136 0.17203232645988464 -0.1896599978208542
vn 0.9947518706321716 0.0005852538743056357 -0.10231483727693558
vn 0.9455471634864807 0.3249167501926422 -0.019230296835303307
vn 0.9168952107429504 0.30489933490753174 0.25756463408470154
vn 0.9323403835296631 0.000974315800704062 -0.36158058047294617
vn 0.9105545282363892 0.08915114402770996 -0.4036613702774048
vn 0.803626298904419 0.0012940901797264814 -0.5951328277587891
vn -0.08771016448736191 -0.9926159381866455 0.08378853648900986
vn 0.03721803426742554 -0.9984012842178345 0.04253971949219704
vn 0.9843109846115112 0.1572946459054947 0.07993844151496887
vn 0.986422598361969 0.00015457216068170965 0.16422691941261292
vn 0.671109139919281 0.5152573585510254 -0.5330313444137573
vn 0.5282295942306519 0.7250269651412964 -0.4419381320476532
vn 0.3603038191795349 0.5956505537033081 -0.7179007530212402
vn 0.3469395041465759 0.8820756673812866 -0.3187090754508972
vn 0.9006003141403198 0.3196435570716858 -0.29452839493751526
vn 0.874377965927124 0.16466167569160461 -0.45645347237586975
vn 0.7651883363723755 0.268020361661911 -0.5853646993637085
vn 0.4672156274318695 0.3462454378604889 -0.8135254383087158
vn 0.914012610912323 -0.15569047629833221 -0.3746216595172882
vn 0.9522205591201782 -0.03958916664123535 -0.30283448100090027
vn 0.8681429624557495 -0.07803627103567123 -0.4901411235332489
vn -0.6508538722991943 0.6826362013816833 -0.33226051926612854
vn -0.5559544563293457 0.7737708687782288 -0.30363357067108154
vn -0.5602220892906189 0.7644908428192139 -0.318912148475647
vn -0.5643005967140198 0.7549525499343872 -0.33408302068710327
vn -0.6438236236572266 0.7029566764831543 -0.3022299110889435
vn -0.5468572378158569 0.7915437817573547 -0.2727739214897156
vn -0.5514990091323853 0.7827895283699036 -0.28825244307518005
vn -0.7440475225448608 -0.2140481024980545 0.6329112648963928
vn -0.7742311954498291 -0.0016506807878613472 0.6329007148742676
vn -0.8068342208862305 -0.0014210134977474809 0.5907761454582214
vn -0.7781476378440857 -0.21433451771736145 0.5903787016868591
vn -0.8371478915214539 -0.0011873142793774605 0.5469752550125122
vn -0.809725284576416 -0.2151983231306076 0.5459255576133728
vn 0.6267842054367065 0.4560706913471222 0.6317760944366455
vn 0.8292894959449768 0.4768438935279846 0.29137393832206726
vn 0.6440975666046143 0.5829959511756897 0.4952312707901001
vn 0.5874993801116943 0.31315818428993225 0.7461744546890259
vn 0.7311095595359802 0.449344277381897 0.5133894085884094
vn 0.5874993801116943 0.31315818428993225 0.7461744546890259
vn 0.6267842054367065 0.4560706913471222 0.6317760944366455
vn 0.6440975666046143 0.5829959511756897 0.4952312707901001
vn -0.32874295115470886 -0.9051811695098877 0.269397497177124
vn -0.2683119475841522 -0.9282408952713013 0.25763824582099915
vn -0.3610200881958008 -0.884962797164917 0.29411780834198
vn -0.38184449076652527 -0.8878635764122009 0.2566964626312256
vn 0.5983302593231201 0.45262274146080017 -0.6611607074737549
vn 0.6095019578933716 0.24720099568367004 -0.7532588839530945
vn 0.3951723277568817 0.46844738721847534 -0.7901872396469116
vn 0.5380193591117859 0.6390806436538696 -0.5496464371681213
vn 0.7119349837303162 0.5899036526679993 -0.3810018301010132
vn 0.4229393005371094 0.001190484850667417 -0.9061571359634399
vn 0.608360767364502 0.001716257189400494 -0.7936587929725647
vn 0.5993083715438843 -0.1019667536020279 -0.7939977645874023
vn 0.5424301624298096 -0.5049353837966919 -0.6714237332344055
vn 0.354657918214798 -0.47919973731040955 -0.8028607964515686
vn 0.49698764085769653 -0.5925920605659485 -0.633906900882721
vn 0.5739586353302002 -0.36774346232414246 -0.731666624546051
vn 0.39695072174072266 -0.19988475739955902 -0.8958103060722351
vn 0.595702052116394 -0.23676703870296478 -0.7675157189369202
vn 0.7603066563606262 -0.2600773870944977 -0.5952256917953491
vn 0.7374151349067688 -0.38538697361946106 -0.554703414440155
vn 0.7759636640548706 -0.4121318757534027 -0.4775224030017853
vn 0.7013470530509949 -0.5038102269172668 -0.5042693614959717
vn 0.5858772993087769 -0.7266338467597961 -0.3588189482688904
vn 0.6504899859428406 -0.6217964887619019 -0.436155766248703
vn 0.6415619850158691 -0.662397027015686 -0.3868184983730316
vn 0.25960293412208557 -0.6419956088066101 -0.7214207053184509
vn 0.4363190531730652 -0.7062957882881165 -0.5574691891670227
vn 0.3576014041900635 -0.8039231300354004 -0.47521451115608215
vn 0.9999808073043823 0.0002692184061743319 0.0061991591937839985
vn 0.9999802112579346 0.0000176084886334138 0.006294579245150089
vn 0.9999799728393555 0.0004833725979551673 0.006326141767203808
vn 0.9999794363975525 0.0009491365635767579 0.00635770196095109
vn 0.9999789595603943 0.0006975267315283418 0.006453122012317181
vn 0.9999816417694092 -0.00041069986764341593 0.006040614098310471
vn 0.9999810457229614 -0.00019654571951832622 0.0061675976030528545
vn 0.6588883399963379 0.1801874190568924 -0.7303414344787598
vn 0.9999812841415405 0.000520828238222748 0.006103739142417908
vn 0.9999803304672241 0.0007349824300035834 0.006230720318853855
vn 0.9999796748161316 0.0012007462792098522 0.00626228004693985
vn 0.9999815821647644 0.00005506419256562367 0.006072177551686764
vn 0.999981701374054 -0.0004106998967472464 0.006040614563971758
vn 0.26550397276878357 -0.9631128311157227 0.04383349418640137
vn 0.2921658754348755 -0.9542550444602966 0.06353304535150528
vn 0.24017709493637085 -0.9681339263916016 0.07093428820371628
vn 0.2904588580131531 -0.9567422866821289 0.016671285033226013
vn 0.21255095303058624 -0.9753408432006836 0.05943175405263901
vn 0.3150067627429962 -0.9490312337875366 -0.010514284484088421
vn 0.34157848358154297 -0.9398088455200195 0.009139662608504295
vn 0.3391133248806 -0.9399904012680054 -0.03768512234091759
vn 0.26300185918807983 -0.9647817611694336 0.005114973988384008
vn 0.7519554495811462 0.6506356000900269 -0.10600118339061737
vn 0.7232059240341187 0.6655567288398743 0.1844109445810318
vn 0.5338934063911438 0.8429306149482727 0.06652659177780151
vn 0.6999996900558472 0.7031196355819702 0.12499266862869263
vn 0.7424488663673401 0.6243465542793274 0.2428186684846878
vn 0.8513303399085999 0.43530043959617615 0.2928314805030823
vn 0.8775081634521484 -0.28700804710388184 0.3841950297355652
vn 0.838571310043335 -0.42144906520843506 0.34522268176078796
vn 0.9120082259178162 -0.2740267217159271 0.3052056133747101
vn 0.45068782567977905 0.07231263071298599 0.8897478580474854
vn 0.747228741645813 0.09700822830200195 0.6574485301971436
vn 0.7481808066368103 0.0581018440425396 0.6609460115432739
vn 0.9372826218605042 0.10787925124168396 0.33145663142204285
vn 0.7458316087722778 0.1356808990240097 0.6521700620651245
vn 0.450517475605011 0.10845224559307098 0.8861557841300964
vn 0.4497528672218323 0.14444880187511444 0.8813948631286621
vn 0.5403218865394592 -0.008836005814373493 0.8414120674133301
vn 0.4497528672218323 0.14444880187511444 0.8813948631286621
vn 0.450517475605011 0.10845224559307098 0.8861557841300964
vn 0.45068782567977905 0.07231263071298599 0.8897478580474854
vn 0.9400827884674072 0.008731765672564507 0.3408344089984894
vn 0.7475927472114563 0.004588256124407053 0.6641415953636169
vn 0.44924575090408325 -0.00020493782358244061 0.8934081792831421
vn 0.7463914155960083 -0.01380012184381485 0.6653642058372498
vn 0.9398494362831116 0.058377981185913086 0.3365633487701416
vn -0.7465444207191467 -0.6097830533981323 -0.26615026593208313
vn -0.6297327876091003 -0.7484909892082214 -0.2078412026166916
vn -0.5895009636878967 -0.7907294034957886 -0.16503246128559113
vn 0.997248113155365 0.06494387984275818 -0.03575475886464119
vn 0.904498279094696 -0.14187483489513397 0.40218693017959595
vn 0.9113256931304932 -0.2086542248725891 0.354892760515213
vn 0.999981701374054 -0.0004106998967472464 0.006040614563971758
vn 0.999987006187439 0.0014017780777066946 0.0049077109433710575
vn 0.9999877214431763 0.0032142498530447483 0.0037747847381979227
vn 0.9999877214431763 0.003214249387383461 0.0037747847381979227
vn 0.9999817609786987 -0.00041069992585107684 0.006040615029633045
vn 0.9999877214431763 0.0032142498530447483 0.0037747847381979227
vn 0.9999839067459106 0.0050267064943909645 0.002641841536387801
vn 0.9999755024909973 0.006839140318334103 0.0015088861109688878
vn 0.9999755024909973 0.006839140318334103 0.0015088861109688878
vn 0.9999839067459106 0.0050267064943909645 0.002641841536387801
vn 0.9999755024909973 0.006839140318334103 0.0015088861109688878
vn 0.9999877214431763 0.0032142498530447483 0.0037747847381979227
vn 0.8640556931495667 -0.15242505073547363 0.4797647297382355
vn 0.8481327891349792 -0.08418113738298416 0.5230526924133301
vn 0.8915720582008362 -0.07413879781961441 0.44676926732063293
vn -0.43080294132232666 0.775925874710083 0.46081221103668213
vn -0.2984410226345062 0.8566412329673767 0.42083099484443665
vn -0.37197741866111755 0.8425728678703308 0.38949164748191833
vn -0.6798841953277588 0.6117892861366272 0.4043160080909729
vn -0.5112305283546448 0.7979136109352112 0.31933876872062683
vn -0.5760299563407898 0.7676169276237488 0.280987411737442
vn 0.6831667423248291 -0.6337752938270569 -0.36278367042541504
vn 0.8208106756210327 -0.5214837789535522 -0.2330760955810547
vn 0.6921069622039795 -0.5928534865379333 -0.4117191731929779
vn 0.6713919639587402 -0.6720674633979797 -0.31234288215637207
vn 0.629615306854248 -0.7004415988922119 -0.3361044228076935
vn 0.8078840970993042 -0.5654830932617188 0.16598817706108093
vn 0.862811803817749 -0.462446928024292 0.20420242846012115
vn 0.8679366111755371 -0.4931992292404175 0.058658063411712646
vn 0.9025564789772034 -0.38903719186782837 0.18450431525707245
vn 0.6211718916893005 -0.6432252526283264 0.4476681649684906
vn 0.668838620185852 -0.4867047667503357 0.5619370937347412
vn 0.6612542867660522 -0.6401644945144653 0.39106544852256775
vn 0.5780956149101257 -0.6431856751441956 0.5021131634712219
vn 0.5449252128601074 -0.7754136323928833 0.31904590129852295
vn -0.9235380291938782 -0.12401904910802841 -0.3629002869129181
vn -0.8778184652328491 -0.3169792890548706 -0.35910820960998535
vn -0.868084192276001 -0.3797059655189514 -0.319770485162735
vn 0.7353032231330872 -0.31255680322647095 0.6013630032539368
vn 0.7124027609825134 -0.48599591851234436 0.5062510371208191
vn 0.7555848956108093 -0.47522273659706116 0.4508379101753235
vn 0.9680765867233276 -0.15692254900932312 -0.19545553624629974
vn 0.9855061769485474 -0.08648034930229187 -0.1459408551454544
vn 0.962540864944458 -0.09712249040603638 -0.25314512848854065
vn 0.9278965592384338 -0.10658620297908783 -0.35727787017822266
vn -0.7731150984764099 0.5133554935455322 -0.3725040555000305
vn -0.9019517302513123 0.2186523824930191 -0.37238994240760803
vn -0.729125440120697 0.601633608341217 -0.32621023058891296
vn 0.9954307079315186 -0.06219002604484558 0.0724577009677887
vn 0.9784847497940063 -0.0042829266749322414 0.2062745839357376
vn 0.9983956217765808 -0.003316437127068639 0.05652588978409767
vn 0.9965140223503113 -0.07478891313076019 -0.03696583956480026
vn 0.9919108152389526 -0.11068975180387497 -0.062135182321071625
vn 0.9720305800437927 -0.05501442030072212 -0.22831983864307404
vn 0.9506717324256897 -0.028334708884358406 -0.30890214443206787
vn 0.7905190587043762 -0.5984203815460205 -0.1302793174982071
vn 0.8538318872451782 -0.5130245089530945 -0.08818589150905609
vn 0.7647918462753296 -0.6398187279701233 -0.07566598802804947
vn 0.8396499156951904 -0.5186926126480103 -0.16107772290706635
vn 0.9999570846557617 0.00047660633572377264 0.009254862554371357
vn 0.9999784827232361 0.0004459168412722647 0.006548542529344559
vn 0.99992835521698 0.0005072922795079648 0.011961112730205059
vn 0.999927282333374 0.0002556782856117934 0.01205652765929699
vn 0.999957799911499 0.0007282172446139157 0.009159443899989128
vn 0.8748229146003723 -0.4480818808078766 -0.18414004147052765
vn 0.6395455598831177 -0.740138828754425 -0.20778805017471313
vn 0.7240702509880066 -0.6614040732383728 -0.1956195831298828
vn 0.4913402795791626 -0.16273511946201324 0.855629563331604
vn 0.5464152097702026 -0.2977849543094635 0.7827863097190857
vn 0.54488605260849 -0.14741197228431702 0.8254507184028625
vn 0.5869676470756531 -0.42492029070854187 0.6891383528709412
vn 0.5371543765068054 -0.4403475224971771 0.7194159030914307
vn 0.4943799376487732 -0.3122539818286896 0.8112249374389648
vn 0.7353032231330872 -0.31255680322647095 0.6013630032539368
vn 0.485387921333313 -0.45417356491088867 0.7470775842666626
vn 0.48727577924728394 -0.6883211731910706 0.5373789668083191
vn 0.5441282391548157 -0.5638816356658936 0.6212583780288696
vn 0.5869676470756531 -0.42492029070854187 0.6891383528709412
vn 0.5441282391548157 -0.5638816356658936 0.6212583780288696
vn 0.460104763507843 -0.6953437924385071 0.5520876049995422
vn 0.47634294629096985 -0.00925578735768795 0.879210889339447
vn 0.6218913197517395 -0.08821937441825867 0.7781186103820801
vn 0.5115036964416504 -0.4474640190601349 0.7335802912712097
vn 0.41397008299827576 -0.8815664052963257 0.22686874866485596
vn 0.5062299370765686 -0.7780484557151794 0.3719838857650757
vn 0.37662211060523987 -0.8832520246505737 0.2793234586715698
vn 0.7015530467033386 -0.6287854909896851 0.3353389799594879
vn 0.7384428977966309 -0.6143511533737183 0.27798306941986084
vn 0.4833652675151825 -0.8672439455986023 0.1193569004535675
vn 0.7651883363723755 0.268020361661911 -0.5853646993637085
vn 0.8241288661956787 0.21916872262954712 -0.5222802758216858
vn 0.8007900714874268 0.4253842234611511 -0.42164385318756104
vn 0.945225715637207 0.13151249289512634 -0.2987523376941681
vn 0.6185978055000305 0.7740688920021057 -0.13473743200302124
vn 0.6640901565551758 0.6638940572738647 -0.3438445031642914
vn 0.7260028719902039 0.6206991672515869 -0.29606175422668457
vn 0.782120406627655 0.5725497007369995 -0.24591580033302307
vn 0.5869676470756531 -0.42492029070854187 0.6891383528709412
vn 0.7172695994377136 -0.3717027008533478 0.5893738269805908
vn 0.54488605260849 -0.14741197228431702 0.8254507184028625
vn 0.8262229561805725 -0.30742180347442627 0.472067266702652
vn 0.8243293166160583 -0.25394612550735474 0.5059569478034973
vn 0.6833535432815552 -0.08728079497814178 0.7248516082763672
vn 0.7952770590782166 -0.005131375510245562 0.606224536895752
vn 0.9143245220184326 0.22453491389751434 0.3370382785797119
vn 0.7310714721679688 0.19775526225566864 0.653014063835144
vn 0.9105848073959351 -0.233990877866745 0.34071025252342224
vn 0.9678443670272827 -0.15359558165073395 0.19921250641345978
vn 0.9634901285171509 -0.05271980166435242 0.2625017762184143
vn -0.9587045311927795 -0.13004657626152039 -0.2529298961162567
vn -0.9651795625686646 -0.09843970835208893 -0.24235932528972626
vn -0.9643431305885315 0.000024626944650663063 -0.2646549642086029
vn -0.9705420732498169 -0.06671938300132751 -0.23150940239429474
vn -0.9475492238998413 -0.22591638565063477 -0.22608023881912231
vn 0.2126404196023941 -0.9731364846229553 0.08825837075710297
vn 0.10804188251495361 -0.9800297021865845 0.16693900525569916
vn 0.17455773055553436 -0.9755761623382568 0.13334494829177856
vn -0.9779061079025269 -0.003084674244746566 -0.20902182161808014
vn -0.9715240597724915 -0.001530652865767479 -0.2369358092546463
vn -0.965752899646759 0.10550379008054733 -0.2370450645685196
vn -0.9133565425872803 -0.31798049807548523 -0.25429943203926086
vn -0.9259068369865417 -0.28754472732543945 -0.24497853219509125
vn -0.9218474626541138 -0.2546135485172272 -0.29218003153800964
vn -0.937260627746582 -0.25685763359069824 -0.23572561144828796
vn -0.9268839955329895 -0.3195188045501709 -0.19696155190467834
vn -0.9205199480056763 -0.3188881278038025 -0.22572851181030273
vn -0.9167284369468689 -0.05751274153590202 -0.39534950256347656
vn -0.9277580976486206 0.006232760846614838 -0.37313011288642883
vn -0.916684091091156 0.007775165606290102 -0.39953699707984924
vn -0.904856264591217 0.009311177767813206 -0.4256153702735901
vn -0.9087201952934265 0.11465252935886383 -0.40135064721107483
vn -0.881317675113678 -0.43910616636276245 -0.1745421439409256
vn -0.9138861298561096 -0.34975922107696533 -0.20610828697681427
vn -0.8998216390609741 -0.3795914351940155 -0.2150144726037979
vn -0.9326852560043335 -0.2238229215145111 -0.28284528851509094
vn -0.9498546123504639 -0.09530448168516159 -0.29781433939933777
vn -0.9424479603767395 -0.19277432560920715 -0.27318453788757324
vn -0.9546733498573303 -0.11272203177213669 -0.2754857540130615
vn -0.9558224678039551 -0.06363383680582047 -0.2869741916656494
vn -0.9511244893074036 -0.16150353848934174 -0.26320895552635193
vn 0.18472346663475037 -0.9816239476203918 0.04787292703986168
vn -0.03178512305021286 -0.993640124797821 0.10802319645881653
vn 0.15686698257923126 -0.9869669079780579 0.035902075469493866
vn -0.956369161605835 0.0015798865351825953 -0.292156457901001
vn -0.9476088285446167 0.0031338471453636885 -0.3194177746772766
vn -0.9500903487205505 0.10858531296253204 -0.2924681305885315
vn -0.9606381058692932 -0.03182300180196762 -0.2759741246700287
vn -0.9413109421730042 0.21274977922439575 -0.262052059173584
vn -0.9664855599403381 0.05284280702471733 -0.25122368335723877
vn -0.8465486168861389 -0.49871954321861267 -0.18610283732414246
vn -0.8525615334510803 -0.497640997171402 -0.1596631556749344
vn -0.8579466342926025 -0.4961959421634674 -0.13310590386390686
vn -0.8194052577018738 -0.5539394617080688 -0.14739786088466644
vn 0.9386806488037109 -0.02545660175383091 0.3438468277454376
vn 0.8587647676467896 -0.002580843400210142 0.512363612651825
vn 0.9764918684959412 -0.022224554792046547 -0.21440549194812775
vn 0.999099850654602 -0.03353682532906532 -0.025975577533245087
vn 0.9995525479316711 -0.006763489451259375 -0.029137611389160156
vn 0.9191612005233765 -0.03690565004944801 -0.39214882254600525
vn 0.9185278415679932 -0.012007620185613632 -0.39517393708229065
vn 0.9760616421699524 0.0031236507929861546 -0.2174714207649231
vn 0.9173162579536438 0.012897967360913754 -0.39795035123825073
vn 0.9994598627090454 0.0116388825699687 -0.03073388710618019
vn -0.8683597445487976 -0.4407591223716736 -0.22733815014362335
vn -0.858048141002655 -0.4700647294521332 -0.20686370134353638
vn -0.832657516002655 -0.4997744858264923 -0.23855169117450714
vn -0.8911851048469543 -0.4096316695213318 -0.19491291046142578
vn -0.8348421454429626 -0.4396499991416931 -0.3312801718711853
vn -0.7975670695304871 -0.4974701404571533 -0.341189444065094
vn -0.8072379231452942 -0.4985974431037903 -0.3158600628376007
vn -0.8163142800331116 -0.49935758113861084 -0.2902980148792267
vn -0.7740756869316101 -0.5550750494003296 -0.3044643700122833
vn -0.9072155952453613 -0.34902700781822205 -0.23481911420822144
vn -0.7175140976905823 0.6439856886863708 -0.26543548703193665
vn -0.6741088628768921 0.6938672065734863 -0.25323018431663513
vn -0.537021279335022 0.8082473874092102 -0.24154575169086456
vn -0.6276559829711914 0.7406116127967834 -0.23987999558448792
vn -0.8243419528007507 0.5010095834732056 -0.26353317499160767
vn -0.9377607703208923 -0.06058391183614731 -0.34195664525032043
vn -0.9380691051483154 0.00468523008748889 -0.3464163839817047
vn -0.930772602558136 0.11161167174577713 -0.3481452465057373
vn -0.7916102409362793 -0.5561904907226562 -0.2529931366443634
vn -0.8247895836830139 -0.4997500479221344 -0.2645222544670105
vn -0.8527477383613586 -0.4409693479537964 -0.2799413800239563
vn -0.5264597535133362 0.8238590955734253 -0.20999127626419067
vn -0.5318303108215332 0.8161910176277161 -0.22580662369728088
vn -0.7236441969871521 0.6233924627304077 -0.2961769700050354
vn -0.6815325021743774 0.6744198799133301 -0.2840269207954407
vn -0.8569574356079102 0.41779014468193054 -0.3017868399620056
vn -0.7625693678855896 0.5694682598114014 -0.30690997838974
vn -0.7767471671104431 -0.6089000701904297 -0.16094928979873657
vn -0.7985779047012329 -0.581785261631012 -0.1542704999446869
vn -0.9781442880630493 0.16011761128902435 -0.13265100121498108
vn -0.7192380428314209 -0.6832649111747742 -0.12588007748126984
vn -0.6412496566772461 -0.7537550330162048 -0.1437089592218399
vn -0.6681908369064331 -0.731126070022583 -0.1377524584531784
vn -0.6799576878547668 -0.709382951259613 -0.18556228280067444
vn -0.6544881463050842 -0.7507511377334595 -0.08954356610774994
vn -0.694153368473053 -0.707627534866333 -0.13196305930614471
vn -0.7301866412162781 -0.6608014702796936 -0.17369209229946136
vn -0.781364917755127 -0.5962931513786316 -0.18412919342517853
vn -0.7854218482971191 -0.5832582712173462 -0.20717695355415344
vn -0.8068286776542664 -0.555802047252655 -0.20027829706668854
vn -0.7539405226707458 -0.6352497935295105 -0.16742587089538574
vn -0.6025395393371582 -0.7950078845024109 0.07006142288446426
vn -0.6586111783981323 -0.752480149269104 -0.0021865430753678083
vn -0.6873199939727783 -0.7087780237197876 -0.15882377326488495
vn -0.8399123549461365 -0.49943092465400696 -0.2124054878950119
vn -0.8272096514701843 -0.5275930762290955 -0.19331233203411102
vn -0.7395355701446533 -0.6360132098197937 -0.2203957736492157
vn -0.8126496076583862 -0.5283177495002747 -0.24592849612236023
vn -0.7055153846740723 -0.6855228543281555 -0.1797400861978531
vn -0.5991949439048767 -0.7941933870315552 -0.10110563039779663
vn -0.6481215953826904 -0.752546489238739 -0.11667175590991974
vn 0.7356866598129272 0.5506942272186279 -0.39433619379997253
vn 0.490133672952652 0.8407052159309387 -0.23018209636211395
vn 0.5981010794639587 0.6983919739723206 -0.3930950462818146
vn 0.671109139919281 0.5152573585510254 -0.5330313444137573
vn 0.5282295942306519 0.7250269651412964 -0.4419381320476532
vn 0.5564600825309753 0.8104372620582581 -0.1831490844488144
vn 0.43583163619041443 0.8785316348075867 -0.19553250074386597
vn -0.887334406375885 -0.1648445725440979 0.43065521121025085
vn -0.895043671131134 -0.11031784862279892 0.4321190416812897
vn -0.9063677191734314 -0.11032634228467941 0.40783053636550903
vn -0.8648800253868103 -0.21872727572917938 0.4518195390701294
vn -0.8986769318580627 -0.16515366733074188 0.4063301384449005
vn -0.9057638645172119 -0.0554838590323925 0.4201350212097168
vn -0.9135264158248901 -0.00046870060032233596 0.40677911043167114
vn -0.9023682475090027 -0.0005898001254536211 0.43096545338630676
vn -0.8472742438316345 0.24644359946250916 0.47052305936813354
vn -0.8229190707206726 0.2728618383407593 0.4983479678630829
vn -0.8541906476020813 0.3251354992389679 0.4057651162147522
vn -0.8315175175666809 0.16518035531044006 0.5303716659545898
vn -0.8457802534103394 0.16483277082443237 0.5074306726455688
vn -0.7472975254058838 0.6310181617736816 0.20823708176612854
vn -0.6938426494598389 0.692085862159729 0.19899632036685944
vn -0.7460798621177673 0.6473491787910461 0.15589675307273865
vn -0.7462673187255859 0.6127890944480896 0.25995105504989624
vn -0.7495552897453308 0.42520222067832947 0.5073164105415344
vn -0.9466242790222168 0.3181212246417999 -0.05197330191731453
vn -0.9538727402687073 0.3002065122127533 -0.0017197398701682687
vn -0.9338798522949219 0.3562025725841522 -0.031436026096343994
vn -0.9583559036254883 0.2814215123653412 0.04853880777955055
vn 0.21836714446544647 -0.21085728704929352 -0.9528142213821411
vn 0.00006161569035612047 0.16054466366767883 -0.9870285987854004
vn 0.000012167131899332162 -0.6922010183334351 -0.7217047810554504
vn 0.3958888351917267 -0.5428779721260071 -0.7406452894210815
vn -0.9698643684387207 0.24219565093517303 0.026540929451584816
vn 0.7207531929016113 -0.2961765229701996 -0.6267330050468445
vn -0.9953137636184692 0.07984574884176254 -0.05454443767666817
vn -0.999113917350769 0.03926030918955803 -0.01516537182033062
vn -0.9921212792396545 0.12042833119630814 -0.03453047573566437
vn -0.9997045993804932 -0.0014512435300275683 0.024262409657239914
vn -0.9994050860404968 -0.0018706871196627617 -0.03443825989961624
vn 0.9648720026016235 0.14723443984985352 -0.21758675575256348
vn 0.995096743106842 0.018380820751190186 -0.09718295186758041
vn 0.9937676191329956 0.10152022540569305 -0.04603948816657066
vn 0.9047597646713257 0.1881851851940155 -0.3820944130420685
vn 0.9593888521194458 0.22627681493759155 -0.16843929886817932
vn 0.9966161847114563 -0.026457395404577255 0.07782105356454849
vn 0.9998457431793213 0.00006543200288433582 0.01756414771080017
vn 0.9999293088912964 0.0007589064189232886 0.011865698732435703
vn 0.9034756422042847 0.26714634895324707 -0.33520835638046265
vn 0.8945708274841309 0.343854159116745 -0.2854948937892914
vn -0.9883164167404175 0.12017469108104706 -0.0937482938170433
vn -0.9732190370559692 0.20031045377254486 -0.11278475821018219
vn -0.9965128898620605 0.03882097080349922 -0.07385832816362381
vn -0.9764596819877625 -0.165269136428833 0.13860923051834106
vn -0.9856320023536682 -0.13289113342761993 0.10425734519958496
vn -0.9735686182975769 -0.19777143001556396 0.11423970758914948
vn -0.9925248622894287 -0.10020580887794495 0.0696643516421318
vn -0.9777313470840454 -0.13249275088310242 0.16274885833263397
vn 0.000050558141083456576 0.594296932220459 -0.8042457103729248
vn 0.4201177656650543 0.8646447062492371 -0.2754824161529541
vn 0.3469395041465759 0.8820756673812866 -0.3187090754508972
vn 0.3925199806690216 0.8828551173210144 -0.2578660547733307
vn 0.7484169602394104 -0.22339095175266266 -0.6244747042655945
vn -0.5540130138397217 -0.8304868936538696 -0.05797463655471802
vn -0.5027475357055664 -0.8631812930107117 -0.04650844633579254
vn -0.5044087767601013 -0.862925112247467 -0.030528703704476357
vn -0.5059398412704468 -0.8624461889266968 -0.014541077427566051
vn -0.4559177756309509 -0.8898294568061829 -0.018503542989492416
vn 0.9998903274536133 0.0001605557627044618 0.014810394495725632
vn 0.9998457431793213 0.00006543200288433582 0.01756414771080017
vn 0.999927282333374 0.0002556782856117934 0.01205652765929699
vn -0.24628406763076782 -0.9691965579986572 -0.0014391348231583834
vn -0.24976027011871338 -0.9678064584732056 0.03115328587591648
vn -0.2738879323005676 -0.961761474609375 0.0005884092533960938
vn 0.7394053339958191 0.47252920269966125 -0.4795789420604706
vn 0.6507570743560791 -0.6865218281745911 -0.32434993982315063
vn 0.6156815886497498 -0.735354483127594 -0.283178448677063
vn 0.17121711373329163 -0.9129390120506287 0.3704417049884796
vn 0.25363945960998535 -0.8598904609680176 0.4430071711540222
vn 0.682618260383606 -0.5153282284736633 -0.5181399583816528
vn 0.6026564836502075 -0.7029036283493042 -0.3777983784675598
vn 0.7336694598197937 -0.5164097547531128 -0.4416447877883911
vn 0.9998962879180908 0.014088482595980167 -0.003022952703759074
vn 0.9998961687088013 0.014088479802012444 -0.0030229520052671432
vn 0.9998961687088013 0.014088480733335018 -0.003022952238097787
vn 0.999896228313446 0.014088481664657593 -0.0030229524709284306
vn 0.6026564836502075 -0.7029036283493042 -0.3777983784675598
vn 0.682618260383606 -0.5153282284736633 -0.5181399583816528
vn 0.5342902541160583 -0.5304553508758545 0.6581421494483948
vn 0.9998961687088013 0.014088480733335018 -0.003022952238097787
vn 0.9998962879180908 0.014088483527302742 -0.003022952936589718
vn 0.999896228313446 0.014088481664657593 -0.0030229524709284306
vn 0.999896228313446 0.014088481664657593 -0.0030229524709284306
vn 0.6675032377243042 -0.6282546520233154 -0.39966925978660583
vn 0.6981754302978516 -0.5494717955589294 -0.4589464068412781
vn 0.6143350601196289 -0.6952119469642639 -0.37319257855415344
vn -0.16916172206401825 -0.9732937812805176 0.15518829226493835
vn -0.13072426617145538 -0.9798581600189209 0.1509608030319214
vn -0.17968682944774628 -0.9686074256896973 0.17179127037525177
vn -0.15856753289699554 -0.9775826930999756 0.1385219693183899
vn -0.1935422271490097 -0.967034101486206 0.16548839211463928
vn 0.7992854118347168 0.30411583185195923 0.5183206796646118
vn 0.7424488663673401 0.6243465542793274 0.2428186684846878
vn 0.8468688726425171 0.1510522961616516 0.5098982453346252
vn -0.2383180856704712 -0.9485134482383728 0.2086307257413864
vn -0.20037353038787842 -0.9579862356185913 0.20521412789821625
vn 0.44924575090408325 -0.00020493782358244061 0.8934081792831421
vn 0.6128994822502136 -0.16182659566402435 0.7734121680259705
vn 0.5355976819992065 -0.08170606940984726 0.8405113220214844
vn -0.2281179130077362 -0.9544917941093445 0.19211365282535553
vn 0.6613131761550903 0.5319840908050537 -0.5288267731666565
vn -0.7049160003662109 -0.7010890245437622 0.1075529158115387
vn -0.6462030410766602 -0.7549141645431519 0.11192042380571365
vn -0.7408559918403625 -0.6666238903999329 0.08212703466415405
vn -0.7593555450439453 -0.6425747871398926 0.10235623270273209
vn -0.7465450763702393 -0.6543751955032349 0.12026382237672806
vn 0.7207531929016113 -0.2961765229701996 -0.6267330050468445
vn 0.710002601146698 -0.4637722373008728 -0.5299166440963745
vn 0.7348688244819641 -0.4105713665485382 -0.5398138165473938
vn 0.844515323638916 0.18324045836925507 0.5032066106796265
vn 0.9722297787666321 0.0875740796327591 -0.21702538430690765
vn 0.9869651198387146 0.1586311310529709 -0.027131689712405205
vn 0.9146044850349426 0.10093516856431961 -0.3915492296218872
vn 0.9620689749717712 0.17637935280799866 -0.20811893045902252
vn 0.9749304056167603 0.22119556367397308 -0.02414764277637005
vn 0.9999816417694092 0.00005506417801370844 0.006072177551686764
vn 0.9999817609786987 -0.00041069992585107684 0.006040615029633045
vn 0.999981701374054 -0.0004106998967472464 0.006040614563971758
vn 0.9999812841415405 0.0005208281800150871 0.006103739608079195
vn 0.9999815821647644 0.000055064163461793214 0.006072177551686764
vn 0.9999816417694092 -0.00041069986764341593 0.006040614098310471
vn 0.9999812841415405 0.000520828238222748 0.006103739142417908
vn 0.9999806880950928 0.0009865921456366777 0.006135299801826477
vn 0.9999799132347107 0.0014523558784276247 0.006166858598589897
vn 0.9999806880950928 0.0009865921456366777 0.006135299801826477
vn 0.7772935628890991 -0.2654305398464203 -0.5704046487808228
vn 0.8018757700920105 -0.3060036897659302 -0.5131832361221313
vn 0.7484169602394104 -0.22339095175266266 -0.6244747042655945
vn 0.8673048615455627 -0.3098420798778534 -0.38958996534347534
vn 0.7817495465278625 -0.3492382764816284 -0.516623854637146
vn 0.8281583786010742 -0.3957832157611847 -0.39687448740005493
vn 0.828515887260437 -0.2320934236049652 -0.509601891040802
vn 0.8157276511192322 -0.2692127525806427 -0.5119696855545044
vn 0.8022319078445435 -0.1911969929933548 -0.5655685067176819
vn 0.7715391516685486 -0.14924980700016022 -0.6184269785881042
vn 0.892987847328186 -0.2332082837820053 -0.3849499821662903
vn 0.8502466678619385 -0.27171435952186584 -0.4508346915245056
vn 0.8546897768974304 0.37426307797431946 -0.3597675561904907
vn 0.6418997645378113 0.6716035008430481 0.37001824378967285
vn 0.49503186345100403 0.8439551591873169 0.20659878849983215
vn 0.6245951056480408 0.7444052696228027 0.2360970377922058
vn 0.999981701374054 -0.0004106998967472464 0.006040614563971758
vn 0.9999817609786987 -0.00041069992585107684 0.006040615029633045
vn 0.999981701374054 -0.0004106998967472464 0.006040614563971758
vn 0.9999817609786987 -0.00041069992585107684 0.006040615029633045
vn 0.9999817609786987 -0.00041069992585107684 0.006040615029633045
vn 0.999981701374054 -0.0004106998967472464 0.006040614563971758
vn 0.9999817609786987 -0.00041069992585107684 0.006040615029633045
vn 0.9999817609786987 -0.00041069992585107684 0.006040615029633045
vn 0.9999870657920837 0.00140177842695266 0.0049077109433710575
vn 0.9999817609786987 -0.00041069992585107684 0.006040615029633045
vn 0.9999817609786987 -0.00041069992585107684 0.006040615029633045
vn 0.9999817609786987 -0.00041069992585107684 0.006040615029633045
vn 0.999987006187439 0.0014017780777066946 0.0049077109433710575
vn 0.9999817609786987 -0.00041069992585107684 0.006040615029633045
vn 0.9999817609786987 -0.00041069992585107684 0.006040615029633045
vn 0.9999817609786987 -0.00041069992585107684 0.006040615029633045
vn -0.636250913143158 0.7223802208900452 -0.27083516120910645
vn -0.5420308113098145 0.8000307083129883 -0.25720328092575073
vn 0.527620255947113 0.15926814079284668 0.8344163298606873
vn 0.8091258406639099 0.19127611815929413 0.5556336641311646
vn 0.7072340250015259 0.2554393708705902 0.6592198014259338
vn 0.8288829326629639 0.3480328619480133 0.437979519367218
vn -0.9325598478317261 -0.1908719688653946 0.306431382894516
vn -0.8095266222953796 -0.4997420310974121 0.30809831619262695
vn -0.8373255729675293 -0.4381156861782074 0.3270176351070404
vn -0.86099773645401 -0.374330073595047 0.3443252444267273
vn -0.7980077266693115 -0.4922550618648529 0.34766140580177307
vn -0.9666198492050171 0.00026185973547399044 0.2562146484851837
vn -0.9205641746520996 -0.2588770389556885 0.29247942566871643
vn -0.9186736345291138 -0.29134950041770935 0.26674753427505493
vn -0.8095266222953796 -0.4997420310974121 0.30809831619262695
vn -0.9205641746520996 -0.2588770389556885 0.29247942566871643
vn -0.9666198492050171 0.00026185973547399044 0.2562146484851837
vn -0.7454744577407837 -0.5080824494361877 0.431416392326355
vn -0.7707937359809875 -0.4747057557106018 0.42489001154899597
vn -0.8955159187316895 -0.24154764413833618 0.3737724721431732
vn -0.7850893139839172 -0.4839048385620117 0.3866147994995117
vn -0.8112708330154419 -0.42128482460975647 0.40541189908981323
vn -0.8334283232688904 -0.3565751910209656 0.4221981167793274
vn -0.8566871881484985 -0.10878483951091766 0.5042349696159363
vn -0.8650861382484436 -0.0009502458851784468 0.5016223192214966
vn -0.8905697464942932 -0.0007104811957105994 0.45484602451324463
vn -0.8385520577430725 -0.21728654205799103 0.49961695075035095
vn -0.443063348531723 0.8229538798332214 0.355586439371109
vn -0.5688490271568298 0.7267946600914001 0.38494211435317993
vn 0.9999924898147583 -0.0038558461237698793 -0.000408667343435809
vn 0.9999924898147583 -0.0038558461237698793 -0.000408667343435809
vn 0.9999924898147583 -0.0038558461237698793 -0.000408667343435809
vn -0.7745611071586609 0.4775885343551636 0.4146856367588043
vn -0.7903108596801758 0.5242677330970764 0.31709936261177063
vn -0.8855517506599426 0.16287346184253693 0.43505212664604187
vn -0.8779553174972534 0.3215359151363373 0.3546956777572632
vn -0.873279869556427 0.16311204433441162 0.4591042101383209
vn -0.8510059118270874 0.4683777391910553 0.23751065135002136
vn -0.8983277678489685 0.31881433725357056 0.30226579308509827
vn -0.7934021949768066 0.5983480215072632 0.11177020519971848
vn -0.8413068056106567 0.4715563952922821 0.2642679512500763
vn -0.9088121056556702 0.16160602867603302 0.3846348822116852
vn -0.9152628779411316 0.3169347643852234 0.2486889660358429
vn -0.8594481945037842 0.46594521403312683 0.21034236252307892
vn -0.9516054391860962 0.000018160608306061476 0.30732235312461853
vn -0.9378946423530579 0.1606355458498001 0.3074897527694702
vn -0.9291146993637085 0.16078029572963715 0.3330099582672119
vn -0.9338909387588501 -0.00022559004719369113 0.3575580418109894
vn -0.9287198781967163 0.31587153673171997 0.19417646527290344
vn -0.9532921314239502 0.16068008542060852 0.25576549768447876
vn -0.8938102722167969 0.4283476173877716 0.1327458769083023
vn -0.9287198781967163 0.31587153673171997 0.19417646527290344
vn -0.7934021949768066 0.5983480215072632 0.11177020519971848
vn -0.8666384220123291 0.46423327922821045 0.18282562494277954
vn 0.9998962879180908 0.014088482595980167 -0.003022952703759074
vn 0.9998961687088013 0.014088480733335018 -0.003022952238097787
vn 0.9998961687088013 0.014088480733335018 -0.003022952238097787
vn -0.9945874810218811 0.08124493807554245 0.06476876139640808
vn -0.9794659614562988 0.2015058845281601 0.006456131115555763
vn -0.9909365177154541 -0.13357898592948914 -0.014190207235515118
vn -0.9976945519447327 -0.06767614185810089 0.005048112943768501
vn -0.9629493355751038 -0.26173853874206543 0.06497295945882797
vn -0.9881508946418762 -0.13482986390590668 -0.07333983480930328
vn -0.9874662756919861 -0.06926856189966202 -0.14181816577911377
vn -0.9722436666488647 -0.1980413794517517 -0.12458647042512894
vn -0.9779061079025269 -0.003084674244746566 -0.20902182161808014
vn -0.94594407081604 -0.32396984100341797 0.015275320038199425
vn -0.9724805355072021 -0.23105034232139587 -0.029957206919789314
vn -0.9226654767990112 -0.38405269384384155 -0.0345236212015152
vn 0.2577348053455353 -0.9658830165863037 0.025354640558362007
vn 0.3391133248806 -0.9399904012680054 -0.03768512234091759
vn 0.18512584269046783 -0.8910000324249268 -0.4145447611808777
vn 0.18512584269046783 -0.8910000324249268 -0.4145447611808777
vn 0.3391133248806 -0.9399904012680054 -0.03768512234091759
vn -0.906481921672821 -0.4189516305923462 0.052632227540016174
vn -0.9735852479934692 -0.21481573581695557 -0.07736904174089432
vn -0.861893892288208 -0.5066189169883728 -0.021822428330779076
vn -0.8579466342926025 -0.4961959421634674 -0.13310590386390686
vn -0.8270268440246582 -0.5587620139122009 -0.06173766031861305
vn -0.7796891331672668 -0.6254829168319702 -0.029255803674459457
vn -0.7701693177223206 -0.6341281533241272 -0.06870696693658829
vn -0.8237184286117554 -0.5647789835929871 0.05012710019946098
vn -0.8550602793693542 -0.5107049942016602 0.08973401039838791
vn -0.809145987033844 -0.5650484561920166 0.16125449538230896
vn -0.9809602499008179 0.037914764136075974 -0.19047163426876068
vn -0.8385705351829529 0.5018132328987122 -0.21209175884723663
vn -0.9249886870384216 0.33702516555786133 -0.17552737891674042
vn -0.8221209049224854 0.5376483201980591 -0.18722093105316162
vn -0.7826346158981323 0.6067225933074951 -0.13917914032936096
vn -0.6644026041030884 0.7260608673095703 -0.1772139072418213
vn -0.5264597535133362 0.8238590955734253 -0.20999127626419067
vn -0.5678877234458923 0.805166482925415 -0.17091083526611328
vn -0.7034591436386108 -0.6288596391677856 0.3311806619167328
vn -0.5613234043121338 -0.7577702403068542 0.3327166438102722
vn -0.6427071690559387 -0.6869192123413086 0.33921873569488525
vn -0.526542067527771 -0.7816534638404846 0.33432233333587646
vn -0.6899312138557434 -0.6493068933486938 0.31999316811561584
vn -0.45564013719558716 -0.8348425030708313 0.30891743302345276
vn -0.5449365377426147 -0.7749678492546082 0.32010769844055176
vn -0.418124794960022 -0.8542536497116089 0.30890530347824097
vn -0.759198009967804 -0.5663187503814697 0.32078251242637634
vn -0.8932679891586304 -0.4415885806083679 -0.0840936079621315
vn -0.878174901008606 -0.47833141684532166 0.0028331405483186245
vn -0.8952927589416504 -0.4349936246871948 0.09608037024736404
vn -0.8820710778236389 -0.4500481188297272 0.13931038975715637
vn -0.9529238343238831 -0.212976336479187 0.21581749618053436
vn -0.9754099249839783 -0.06633540242910385 0.2101786732673645
vn -0.9149547815322876 -0.32366132736206055 0.24104180932044983
vn -0.9020841121673584 -0.3875479996204376 0.1898709386587143
vn -0.8595885038375854 -0.44560614228248596 0.2500852644443512
vn -0.8496545553207397 -0.4770599603652954 0.22472414374351501
vn -0.23741714656352997 -0.931346595287323 0.27609196305274963
vn -0.16203144192695618 -0.960872232913971 0.22465597093105316
vn -0.31070441007614136 -0.8933025002479553 0.32476669549942017
vn -0.24249494075775146 -0.9677612781524658 0.06807461380958557
vn -0.30459728837013245 -0.9518182873725891 0.035530347377061844
vn -0.08771016448736191 -0.9926159381866455 0.08378853648900986
vn -0.3912602961063385 -0.9188840389251709 0.050670888274908066
vn -0.1789013296365738 -0.978797197341919 0.09975104033946991
vn -0.7848029732704163 -0.557202160358429 0.27131155133247375
vn -0.5946845412254333 -0.7484865784645081 0.2934589982032776
vn -0.6126710772514343 -0.7247626781463623 0.3152034878730774
vn -0.3610200881958008 -0.884962797164917 0.29411780834198
vn -0.5755990743637085 -0.7712798714637756 0.2716856598854065
vn -0.7708824276924133 -0.5848501920700073 0.2523699700832367
vn -0.7559465169906616 -0.6117279529571533 0.23309597373008728
vn -0.5342699289321899 -0.813943088054657 0.22814972698688507
vn -0.44986674189567566 -0.8536689281463623 0.262429803609848
vn -0.38184449076652527 -0.8878635764122009 0.2566964626312256
vn -0.7400151491165161 -0.6378001570701599 0.213515043258667
vn -0.7231090664863586 -0.6630322933197021 0.1936529129743576
vn -0.06060507893562317 -0.9722514152526855 0.22595174610614777
vn -0.004387300927191973 -0.9783613681793213 0.20685695111751556
vn 0.13586600124835968 -0.9746119379997253 0.17796628177165985
vn -0.11655575037002563 -0.9626480340957642 0.2443842738866806
vn 0.02425803244113922 -0.9909719228744507 0.13185644149780273
vn 0.10492299497127533 -0.9903779625892639 0.09023642539978027
vn -0.0037652950268238783 -0.992767333984375 0.11999557912349701
vn 0.1885497272014618 -0.974101722240448 0.12479988485574722
vn 0.08021105825901031 -0.9846214652061462 0.15519975125789642
vn 0.16085819900035858 -0.9804255366325378 0.11353576183319092
vn 0.052258823066949844 -0.9882557988166809 0.14359481632709503
vn 0.03485018387436867 -0.9975708723068237 0.06031567230820656
vn 0.12896206974983215 -0.991367518901825 0.023649631068110466
vn -0.08771016448736191 -0.9926159381866455 0.08378853648900986
vn -0.05977541580796242 -0.9935896396636963 0.09595044702291489
vn 0.5120865106582642 -0.8470624089241028 -0.14231181144714355
vn 0.46728023886680603 -0.8689568638801575 -0.1629822552204132
vn 0.4900416135787964 -0.8439121842384338 -0.21833783388137817
vn 0.597095787525177 -0.795939028263092 -0.09978818893432617
vn 0.5554004907608032 -0.8226994872093201 -0.12122663855552673
vn 0.45634859800338745 -0.8891792893409729 -0.033258602023124695
vn 0.5781307220458984 -0.7967907786369324 -0.1757536083459854
vn 0.32191890478134155 -0.9455388188362122 -0.048214931041002274
vn 0.39295628666877747 -0.9163818359375 0.07635246217250824
vn 0.37604233622550964 -0.9265622496604919 -0.008647404611110687
vn 0.9999924898147583 -0.0038558461237698793 -0.000408667343435809
vn 0.28644976019859314 -0.9580914974212646 -0.0026802141219377518
vn 0.329662024974823 -0.9385766983032227 0.10196392238140106
vn 0.38156622648239136 -0.9135065078735352 0.1411130130290985
vn 0.3685232996940613 -0.9066741466522217 0.20526228845119476
vn 0.30279460549354553 -0.9495035409927368 0.08220891654491425
vn 0.27806976437568665 -0.9369553327560425 0.21164129674434662
vn 0.33771151304244995 -0.8812728524208069 0.330619215965271
vn 0.32852256298065186 -0.9109488129615784 0.24948985874652863
vn 0.3168542683124542 -0.933749794960022 0.16647762060165405
vn 0.35388392210006714 -0.8959140181541443 0.26852238178253174
vn 0.25855138897895813 -0.9371846318244934 0.23417095839977264
vn 0.23897208273410797 -0.9364985823631287 0.25663748383522034
vn 0.912243664264679 0.333950400352478 0.23725202679634094
vn 0.635508120059967 0.7719837427139282 0.013065668754279613
vn 0.78102707862854 0.6194515228271484 0.07922481000423431
vn 0.978890597820282 -0.20249874889850616 -0.027704164385795593
vn 0.9194746017456055 -0.36988556385040283 -0.1332336962223053
vn 0.8998779058456421 -0.434522807598114 -0.0375453419983387
vn 0.9439446926116943 -0.2909550666809082 -0.15592792630195618
vn 0.8849404454231262 -0.37199580669403076 -0.2801775634288788
vn 0.9335775971412659 -0.26647695899009705 -0.2396310269832611
vn 0.7423743009567261 -0.6696423292160034 -0.021438797935843468
vn -0.7815214395523071 0.6171114444732666 0.091639943420887
vn -0.9648842215538025 -0.16341693699359894 -0.2056536078453064
vn -0.9497175216674805 -0.2582862377166748 -0.17698843777179718
vn -0.8969162106513977 -0.40991440415382385 -0.16586607694625854
vn -0.9155470728874207 0.2666899561882019 -0.3010813593864441
vn -0.904891312122345 0.3172886073589325 -0.2837245762348175
vn -0.8773839473724365 -0.4109274446964264 -0.2476610392332077
vn -0.8971327543258667 -0.31792768836021423 -0.30671611428260803
vn -0.9252476096153259 -0.18984049558639526 -0.3284470736980438
vn -0.8917286396026611 -0.3495282232761383 -0.2874892055988312
vn -0.9049079418182373 0.34207236766815186 -0.25323525071144104
vn -0.752020537853241 0.6125640869140625 -0.24337275326251984
vn -0.8527242541313171 0.46524205803871155 -0.23751045763492584
vn -0.9566454291343689 0.17223742604255676 -0.23486977815628052
vn -0.5831493735313416 -0.8106793165206909 -0.05230560898780823
vn -0.7063930630683899 -0.7036768198013306 -0.07647029310464859
vn -0.7666468024253845 -0.6320722103118896 -0.11286007612943649
vn 0.9999939203262329 0.0034176302142441273 0.000754868786316365
vn 0.9999816417694092 -0.00041069986764341593 0.006040614098310471
vn -0.767616868019104 -0.6156789064407349 0.17805585265159607
vn -0.7336117029190063 -0.5499974489212036 0.3991447985172272
vn -0.765680193901062 -0.49625179171562195 0.40922847390174866
vn -0.7117876410484314 -0.6098019480705261 0.34856849908828735
vn -0.7195929288864136 -0.5902960300445557 0.3657001554965973
vn -0.7600325345993042 -0.5174154043197632 0.39323264360427856
vn -0.635940432548523 -0.7514873147010803 -0.17563185095787048
vn -0.5456967353820801 -0.8290470242500305 -0.12204955518245697
vn -0.7151170969009399 -0.6613086462020874 -0.2264471799135208
vn -0.4990359842777252 -0.8630249500274658 -0.07842778414487839
vn -0.5727567076683044 -0.8120962381362915 -0.1115775778889656
vn -0.5501675605773926 -0.830196738243103 -0.0899387001991272
vn -0.7268694639205933 -0.5703563690185547 0.3825630843639374
vn 0.6042071580886841 -0.5528122782707214 -0.5738749504089355
vn 0.6726144552230835 -0.3164898157119751 -0.6688976883888245
vn 0.6876246929168701 -0.18310366570949554 -0.7025991082191467
vn 0.7696125507354736 -0.13012059032917023 -0.6251121759414673
vn 0.6446574330329895 -0.44056379795074463 -0.6247562766075134
vn -0.8120244741439819 0.5757187008857727 -0.0957297682762146
vn -0.7976998686790466 0.5914952158927917 -0.11750900745391846
vn -0.8776481747627258 0.4693845510482788 -0.09701530635356903
vn -0.6072753071784973 0.7835808396339417 -0.13121631741523743
vn -0.8889764547348022 0.45182567834854126 -0.07466217875480652
vn -0.82576584815979 0.55910724401474 -0.07422767579555511
vn -0.4686150550842285 -0.821190595626831 0.3256468176841736
vn -0.6876166462898254 -0.709276020526886 0.1552763730287552
vn -0.8643235564231873 -0.4131371080875397 0.2868146598339081
vn -0.9326868653297424 -0.35407063364982605 -0.06876954436302185
vn -0.9168416857719421 -0.22697333991527557 0.32845768332481384
vn -0.983061671257019 -0.17969749867916107 -0.03603333234786987
vn -0.9135743975639343 0.319166898727417 0.25202035903930664
vn -0.9507293105125427 0.2919679582118988 -0.10425247997045517
vn -0.808618426322937 0.5546360015869141 -0.19625283777713776
vn -0.9999975562095642 0.0007880500052124262 -0.0020714430138468742
vn -0.6124188303947449 0.7807103395462036 0.12423532456159592
vn -0.35604315996170044 -0.8859384059906006 0.29723140597343445
vn -0.6201366186141968 0.4942897856235504 0.609186589717865
vn -0.411403626203537 -0.9089969992637634 -0.06686968356370926
vn -0.6355220675468445 -0.6710313558578491 -0.38187503814697266
vn -0.7496768832206726 -0.6123951077461243 -0.2509119510650635
vn -0.8375315070152283 -0.5084031820297241 0.20016805827617645
vn -0.8248197436332703 -0.5048626065254211 0.25453147292137146
vn -0.5628759264945984 -0.825019896030426 0.050128642469644547
vn -0.8555694818496704 -0.49149808287620544 -0.1625746637582779
vn -0.9422158002853394 -0.00045810570009052753 0.3350059986114502
vn -0.8119620084762573 -0.5341224670410156 0.2354377657175064
vn -0.2155960351228714 -0.9461153149604797 0.24162833392620087
vn -0.2529781758785248 -0.9299120306968689 0.26695653796195984
vn -0.25811365246772766 -0.9293568730354309 0.26395660638809204
vn -0.17252062261104584 -0.9604259133338928 0.218674898147583
vn -0.22075960040092468 -0.945681631565094 0.23864535987377167
vn -0.40733999013900757 -0.9058798551559448 0.11599902808666229
vn -0.41621530055999756 -0.9041401147842407 0.09641417860984802
vn -0.37387537956237793 -0.9231137037277222 0.08987987786531448
vn -0.2642330229282379 -0.9426865577697754 -0.20377200841903687
vn -0.2642330229282379 -0.9426865577697754 -0.20377200841903687
vn 0.02407323569059372 -0.9908273816108704 0.1329720914363861
vn -0.04540768265724182 -0.9183171987533569 -0.3932323455810547
vn -0.4399496614933014 -0.8867445588111877 0.14187470078468323
vn -0.39830929040908813 -0.9071806073188782 0.13554681837558746
vn 0.23044954240322113 -0.972737193107605 -0.025988876819610596
vn -0.5523546934127808 -0.8119526505470276 0.18877814710140228
vn -0.6133961081504822 -0.7661778926849365 0.1916162073612213
vn -0.6507337689399719 -0.7394249439239502 0.1726163774728775
vn 0.24839965999126434 0.7522358894348145 -0.6102776527404785
vn -0.19342632591724396 0.5600844025611877 -0.8055381774902344
vn -0.7052507400512695 -0.6873913407325745 0.17353574931621552
vn -0.1007089838385582 0.29476937651634216 -0.9502466320991516
vn 0.0020721175242215395 -0.0000016865097904883442 -0.9999978542327881
vn -0.8592326045036316 -0.29472076892852783 0.4181615710258484
vn -0.0327664315700531 -0.18004301190376282 -0.9831128716468811
vn -0.06649374961853027 -0.35397839546203613 -0.9328868389129639
vn -0.8516095280647278 -0.2892421782016754 0.4371502101421356
vn -0.7962235808372498 -0.4116256535053253 0.44338729977607727
vn -0.1609627604484558 -0.491470068693161 -0.8558902740478516
vn -0.24999818205833435 -0.6123712658882141 -0.7500015497207642
vn -0.8258233070373535 -0.2709706723690033 0.49456122517585754
vn -0.781744122505188 -0.32156607508659363 0.5342950820922852
vn 0.09637854993343353 -0.8452514410018921 -0.5256055593490601
vn -0.3814418911933899 -0.6710734367370605 -0.6357378363609314
vn -0.9062268733978271 -0.17088161408901215 0.3867199718952179
vn -0.8810298442840576 -0.23035496473312378 0.4131861627101898
vn -0.9270082712173462 -0.11057563126087189 0.3583694398403168
vn -0.9497019052505493 -0.05532512068748474 0.3082292973995209
vn -0.9402026534080505 -0.12182652205228806 0.3180839717388153
vn -0.9200968742370605 -0.18213000893592834 0.3467715382575989
vn -0.9087066650390625 -0.2503957152366638 0.3339971899986267
vn -0.8804264068603516 -0.3086996078491211 0.35993582010269165
vn -0.8250629305839539 -0.43017029762268066 0.3663667142391205
vn 0.451016366481781 0.09082122892141342 -0.8878828287124634
vn -0.8270065188407898 -0.3122216463088989 0.4675230383872986
vn -0.9557355046272278 -0.060930509120225906 0.2878493368625641
vn -0.8370057940483093 -0.39832380414009094 0.3751794099807739
vn 0.8164516687393188 0.5737084746360779 0.06530962884426117
vn 0.5146617889404297 0.8547050952911377 -0.06784169375896454
vn -0.4019653797149658 -0.8891284465789795 0.21880213916301727
vn -0.5115680694580078 -0.8339904546737671 0.20678043365478516
vn -0.574542760848999 -0.7910377383232117 0.210142582654953
vn 0.9462924599647522 -0.29937058687210083 -0.12209736555814743
vn 0.8740376830101013 -0.4659862816333771 -0.13753122091293335
vn 0.8513084053993225 -0.15401379764080048 -0.5015513300895691
vn 0.8745131492614746 -0.19413605332374573 -0.44445258378982544
vn 0.8230220079421997 -0.11408397555351257 -0.556434690952301
vn 0.68574458360672 -0.6938185095787048 -0.2199322134256363
vn 0.5267099142074585 -0.8396708965301514 -0.13239845633506775
vn 0.7899795174598694 -0.07420298457145691 -0.6086264848709106
vn 0.8934798240661621 -0.11717839539051056 -0.4335469603538513
vn 0.8381379246711731 -0.03847452625632286 -0.544099748134613
vn 0.9999740719795227 0.007042462471872568 -0.001511094276793301
vn 1 -0.000003922126325051067 8.421920369983127e-7
vn -0.9430827498435974 -0.00010375152487540618 0.33255818486213684
vn -0.4044059216976166 -0.9143051505088806 -0.02240554429590702
vn -0.206880122423172 -0.9471248388290405 0.24526569247245789
vn -0.14455057680606842 -0.9620351195335388 0.231502965092659
vn -0.15855441987514496 -0.9613446593284607 0.22511565685272217
vn -0.9170173406600952 -0.11049066483974457 0.3832376301288605
vn -0.9240365028381348 -0.00034726850572042167 0.38230422139167786
vn -0.8942106366157532 -0.05560145899653435 0.444179892539978
vn -0.7329108119010925 -0.37020593881607056 0.5707796812057495
vn -0.7504009008407593 -0.31832626461982727 0.5792812705039978
vn -0.7966163158416748 0.564681887626648 0.21572373807430267
vn -0.8070849180221558 0.08219364285469055 0.5846865177154541
vn -0.7815403938293457 0.21723687648773193 0.5848100781440735
vn -0.747529923915863 0.5007186532020569 0.4364399313926697
vn -0.7374833226203918 0.5708622336387634 0.3608802855014801
vn -0.7195233106613159 0.6348802447319031 0.2814483344554901
vn -0.6370345950126648 0.7322633266448975 0.24078497290611267
vn -0.8050262331962585 0.37664416432380676 0.4583360552787781
vn -0.8034641742706299 0.24542643129825592 0.5424123406410217
vn -0.5521219968795776 0.675321102142334 0.48898133635520935
vn -0.43766871094703674 0.8007857203483582 0.40888649225234985
vn -0.8521944880485535 0.4004349410533905 0.33677342534065247
vn -0.8593913316726685 0.16460232436656952 0.4840998947620392
vn -0.9373183846473694 0.23958468437194824 0.2530481815338135
vn -0.9594530463218689 0.00014005987031850964 0.28186848759651184
vn -0.8795870542526245 0.2434225082397461 0.4087445139884949
vn -0.8590908050537109 0.08132939040660858 0.505320131778717
vn -0.9196223616600037 0.16103757917881012 0.35827600955963135
vn -0.8300617933273315 0.08207713067531586 0.5515983700752258
vn -0.8186896443367004 0.5668729543685913 0.09166397154331207
vn -0.9888510704040527 0.12237770110368729 0.08483673632144928
vn -0.9899793863296509 -0.0005988154443912208 0.14121092855930328
vn -0.9810108542442322 0.16325008869171143 0.1047242134809494
vn -0.9965590238571167 -0.001026798621751368 0.08287946879863739
vn -0.9924528002738953 -0.03406133875250816 0.11780162900686264
vn -0.9600608348846436 0.2618207037448883 0.09865663200616837
vn -0.9589826464653015 0.241460919380188 0.14848847687244415
vn -0.9450457692146301 0.31951725482940674 0.06926193833351135
vn -0.9799880981445312 -0.0001687686308287084 0.1990557610988617
vn -0.9799247980117798 0.08226888626813889 0.1816016435623169
vn 0.3432926535606384 -0.9375608563423157 0.055944353342056274
vn 0.1734524369239807 -0.980893075466156 0.08810873329639435
vn -0.9574430584907532 0.2793927490711212 -0.07240484654903412
vn -0.9663139581680298 0.24009579420089722 -0.09268908202648163
vn -0.9027209281921387 0.430115282535553 0.009788471274077892
vn -0.9192354083061218 0.3935592472553253 -0.010834798216819763
vn -0.7938148975372314 0.6080732345581055 -0.010236728936433792
vn -0.9269944429397583 -0.35163238644599915 -0.13052161037921906
vn -0.8763341307640076 -0.46928149461746216 -0.10868989676237106
vn 0.8977074027061462 -0.4174681305885315 0.1408606767654419
vn -0.9799540638923645 -0.19917933642864227 -0.004202323034405708
vn -0.8953484296798706 -0.4252811372280121 -0.13223880529403687
vn -0.9497175216674805 -0.2582862377166748 -0.17698843777179718
vn -0.9851469993591309 -0.05026038736104965 0.16419276595115662
vn -0.9690625667572021 -0.22994565963745117 0.08968069404363632
vn -0.9366390109062195 -0.3260783851146698 0.12798523902893066
vn -0.9810524582862854 -0.18158583343029022 0.06754692643880844
vn -0.9933018088340759 -0.06728249043226242 0.09393914043903351
vn -0.9941872954368591 -0.06844200193881989 -0.08311008661985397
vn -0.2342800796031952 -0.9385594725608826 0.2534143626689911
vn -0.21382011473178864 -0.9464284181594849 0.24198012053966522
vn 0.3585485816001892 -0.8520485162734985 0.3813870847225189
vn 0.3158723711967468 -0.8302027583122253 0.45933443307876587
vn -0.7934677600860596 -0.5918015837669373 0.1420556753873825
vn -0.7509178519248962 -0.6411548852920532 0.15824934840202332
vn -0.8172182440757751 -0.5673561096191406 -0.10129816830158234
vn -0.7063930630683899 -0.7036768198013306 -0.07647029310464859
vn -0.847622275352478 -0.5103526711463928 0.1451781988143921
vn -0.7653151154518127 -0.641992449760437 0.04624401777982712
vn -0.6747204661369324 -0.7341046929359436 0.07643666118383408
vn -0.7917221188545227 -0.4881870150566101 0.36721861362457275
vn -0.6607584953308105 -0.6502217054367065 0.37498006224632263
vn 0.12920977175235748 -0.9570338726043701 0.2595977485179901
vn 0.19311699271202087 -0.9239377379417419 0.33021944761276245
vn -0.7727540135383606 -0.3562090992927551 0.5253248810768127
vn -0.8731611371040344 -0.22459416091442108 0.43260499835014343
vn -0.8744615912437439 -0.26566803455352783 0.40587857365608215
vn -0.054797783493995667 -0.9966121912002563 0.061329435557127
vn -0.7121500968933105 -0.39726880192756653 0.5788089036941528
vn -0.19322940707206726 -0.9537186026573181 0.23039790987968445
vn -0.8937076926231384 0.4327217638492584 -0.11848399043083191
vn -0.8282783627510071 0.5587332844734192 -0.04209712892770767
vn -0.6793711185455322 0.7320511937141418 -0.05055722966790199
vn -0.7574989199638367 0.6498087048530579 -0.06280121207237244
vn -0.6444810032844543 0.7591798305511475 -0.09105034172534943
vn -0.6126710772514343 -0.7247626781463623 0.3152034878730774
vn -0.5366178750991821 -0.7834012508392334 0.31356632709503174
vn -0.41324883699417114 -0.8554606437683105 0.31210988759994507
vn -0.6278659105300903 -0.7060384750366211 0.32755783200263977
vn -0.5531754493713379 -0.7664387822151184 0.3264484703540802
vn -0.6594864130020142 -0.6782772541046143 0.32406437397003174
vn -0.5096129179000854 -0.7980788946151733 0.3215038776397705
vn -0.5219072699546814 -0.783290445804596 0.3377407491207123
vn -0.3935962915420532 -0.8599653840065002 0.3248714208602905
vn -0.6105853319168091 -0.7141377925872803 0.34233421087265015
vn -0.8928956985473633 -0.4494086503982544 0.027730442583560944
vn -0.8668468594551086 -0.464080810546875 0.1822241097688675
vn -0.8928439021110535 -0.41915780305862427 0.16473203897476196
vn -0.9280401468276978 -0.3580266833305359 0.10275395959615707
vn -0.9433666467666626 -0.2943885922431946 0.1529535949230194
vn -0.12377388775348663 -0.9723435044288635 0.19806082546710968
vn -0.07466286420822144 -0.9813992977142334 0.17686381936073303
vn -0.060632094740867615 -0.981268584728241 0.1828548014163971
vn -0.3259228467941284 -0.8911316394805908 0.3156879246234894
vn -0.29741770029067993 -0.9105493426322937 0.2871282696723938
vn -0.2632359564304352 -0.9287720322608948 0.26093968749046326
vn -0.025332093238830566 -0.9875666499137878 0.1551462709903717
vn -0.06405378133058548 -0.981073796749115 0.18273267149925232
vn 0.038100842386484146 -0.9895987510681152 0.13871783018112183
vn -0.12326590716838837 -0.9861158132553101 0.11126995831727982
vn -0.05977541580796242 -0.9935896396636963 0.09595044702291489
vn -0.29273107647895813 -0.9425527453422546 0.1609433889389038
vn -0.3557960093021393 -0.9256286025047302 0.12892191112041473
vn -0.33622583746910095 -0.9266595840454102 0.1680900603532791
vn -0.3791877031326294 -0.9087017774581909 0.17457914352416992
vn -0.2807299494743347 -0.9498225450515747 0.13794155418872833
vn -0.26852503418922424 -0.9564027786254883 0.1148395761847496
vn -0.2485579401254654 -0.9563571214675903 0.15362276136875153
vn -0.2725784182548523 -0.941231369972229 0.1994609534740448
vn -0.4038858413696289 -0.9118463397026062 0.07356949895620346
vn -0.4746931195259094 -0.8778285980224609 0.06390217691659927
vn -0.4577431082725525 -0.8831000924110413 0.10298330336809158
vn -0.4577431082725525 -0.8831000924110413 0.10298330336809158
vn -0.4399496614933014 -0.8867445588111877 0.14187470078468323
vn -0.5238710641860962 -0.8451132774353027 0.10650201886892319
vn 0.1313178986310959 -0.977321207523346 0.16612882912158966
vn 0.08721577376127243 -0.9848514199256897 0.1498700976371765
vn 0.043667666614055634 -0.9826674461364746 0.18016041815280914
vn 7.354612421295315e-7 -0.9990786910057068 -0.04291486740112305
vn 0.21605649590492249 -0.9452624320983887 0.24453744292259216
vn 0.2596467137336731 -0.941851794719696 0.21330419182777405
vn 0.301448792219162 -0.9259793758392334 0.22735655307769775
vn 0.2582426369190216 -0.9307098388671875 0.2590171992778778
vn 0.3425886332988739 -0.9080724716186523 0.2409094274044037
vn -0.39199522137641907 -0.8887006640434265 0.23780407011508942
vn -0.39199522137641907 -0.8887006640434265 0.23780407011508942
vn -0.5697855353355408 -0.8081256151199341 0.14925572276115417
vn -0.430746853351593 -0.8879543542861938 0.16122682392597198
vn -0.5472525954246521 -0.827141523361206 0.12787339091300964
vn -0.6247827410697937 -0.7754716873168945 0.091050885617733
vn -0.4746931195259094 -0.8778285980224609 0.06390217691659927
vn -0.4996134340763092 -0.8620426654815674 0.08525864034891129
vn -0.42134565114974976 -0.888755202293396 0.1805046945810318
vn -0.561154305934906 -0.810267984867096 0.16903109848499298
vn -0.4117503762245178 -0.8891466856002808 0.19969941675662994
vn -0.4117503762245178 -0.8891466856002808 0.19969941675662994
vn 0.7381726503372192 -0.6714299321174622 -0.065445177257061
vn 0.8317232728004456 -0.5546875596046448 -0.02362472377717495
vn 0.7705842852592468 -0.6308345794677734 0.09081647545099258
vn 0.6400178074836731 -0.761691689491272 -0.10100927948951721
vn -0.4525545835494995 -0.8903051018714905 -0.050509706139564514
vn -0.19407378137111664 -0.9806124567985535 0.027104394510388374
vn -0.07126826047897339 -0.9948135018348694 0.07257353514432907
vn -0.1411510407924652 -0.9884284138679504 0.05554841831326485
vn -0.08771016448736191 -0.9926159381866455 0.08378853648900986
vn 0.000004948238256474724 -0.9561095833778381 -0.2930092215538025
vn 0.14267241954803467 -0.987949788570404 0.05999709665775299
vn 0.25850385427474976 -0.9659067392349243 -0.014141792431473732
vn 0.05211963504552841 -0.9881411790847778 0.1444314867258072
vn 0.17061753571033478 -0.9827502965927124 0.0713542252779007
vn 0.08011781424283981 -0.9845408797264099 0.15575729310512543
vn -0.5408161282539368 -0.8269595503807068 -0.1538044661283493
vn -0.4900713562965393 -0.8600399494171143 -0.14199063181877136
vn -0.49480921030044556 -0.8619775772094727 -0.11026614904403687
vn 0.14678791165351868 -0.9815723299980164 0.12234856188297272
vn 0.9997778534889221 0.018770016729831696 0.009590326808393002
vn 0.9998596906661987 0.01642962172627449 0.0032837616745382547
vn 0.9091647863388062 0.3980453908443451 -0.12238968908786774
vn 0.84656822681427 0.5305479168891907 0.042909737676382065
vn 0.9971417784690857 0.0513078011572361 0.05546035245060921
vn 0.9997778534889221 0.018770016729831696 0.009590326808393002
vn 0.7330586314201355 0.667905867099762 0.12855656445026398
vn -0.798119306564331 0.5129755139350891 -0.3160090446472168
vn 0.9079447388648987 -0.0002871018077712506 0.41908982396125793
vn 0.8048132658004761 0.5464339852333069 0.23170103132724762
vn 0.6351307034492493 0.7488602995872498 0.1892545372247696
vn 0.6215854287147522 -0.7073277235031128 0.33662882447242737
vn -0.03244725242257118 -0.980262815952301 0.1950177401304245
vn 0.08011781424283981 -0.9845408797264099 0.15575729310512543
vn -0.7944108843803406 0.5357266068458557 -0.28619611263275146
vn 0.10804188251495361 -0.9800297021865845 0.16693900525569916
vn 0.9750780463218689 -0.1575794368982315 0.15617786347866058
vn 0.7724092602729797 -0.49989116191864014 0.3917815387248993
vn 0.8699050545692444 -0.2589380741119385 0.41978126764297485
vn -0.8846299052238464 0.32009389996528625 -0.339072048664093
vn 0.5447463393211365 -0.8385428190231323 0.009866143576800823
vn 0.9538865089416504 0.18926368653774261 -0.23298054933547974
vn -0.03178512305021286 -0.993640124797821 0.10802319645881653
vn 0.83918297290802 -0.3144000768661499 -0.4437616169452667
vn 0.8359489440917969 -0.3946589529514313 -0.3813576400279999
vn 0.8655495047569275 -0.34458646178245544 -0.3634340763092041
vn 0.8900764584541321 -0.2120504230260849 -0.4034828841686249
vn -0.07452969253063202 -0.9815601110458374 0.1760261058807373
vn 0.08021105825901031 -0.9846214652061462 0.15519975125789642
vn -0.17243807017803192 -0.960567057132721 0.21811890602111816
vn 0.8595690131187439 -0.05301657319068909 -0.5082622766494751
vn 0.8154657483100891 -0.025524605065584183 -0.5782422423362732
vn 0.8161115646362305 -0.1577402502298355 -0.5559496283531189
vn 0.7978342771530151 -0.45395025610923767 0.3967237174510956
vn 0.34445449709892273 -0.9268902540206909 0.14908209443092346
vn 0.29344242811203003 -0.9429943561553955 0.157013401389122
vn 0.684726357460022 -0.7230513095855713 0.091359943151474
vn 0.3432926535606384 -0.9375608563423157 0.055944353342056274
vn 0.9600101709365845 -0.2419321984052658 0.14088761806488037
vn 0.9817381501197815 -0.15713298320770264 0.10723498463630676
vn 0.9042712450027466 0.1103922575712204 0.41244035959243774
vn 0.6359526515007019 0.7614145278930664 -0.12574608623981476
vn 0.09650667011737823 -0.9308223724365234 -0.3524998426437378
vn 0.9950190186500549 0.06273359060287476 0.07746975123882294
vn 0.9976848363876343 0.041720665991306305 0.053706422448158264
vn 0.9913449883460999 0.08368295431137085 0.10115458071231842
vn 0.9999450445175171 0.010463906452059746 -0.0007570399902760983
vn 0.9999450445175171 0.010463906452059746 -0.0007570399902760983
vn 0.9999417066574097 0.010565540753304958 -0.0022670382168143988
vn 0.8557621240615845 -0.18586434423923492 -0.4828307628631592
vn 0.7696041464805603 -0.5183895230293274 -0.3728024661540985
vn 0.4589642882347107 0.8868285417556763 -0.05373132973909378
vn 0.2600143253803253 0.958379328250885 -0.11790522933006287
vn 0.3098170757293701 0.9409766793251038 -0.13629473745822906
vn 0.8583080768585205 0.3829626142978668 0.34153592586517334
vn 0.6777993440628052 0.7313039302825928 -0.07604242116212845
vn 0.4978514015674591 0.8426744937896729 -0.20504553616046906
vn 0.34052443504333496 -0.8956573605537415 0.28607887029647827
vn 0.2911921739578247 -0.9237247109413147 0.2488774210214615
vn 0.2920818626880646 -0.9292873740196228 0.2260822206735611
vn 0.24157220125198364 -0.9563406705856323 0.16448555886745453
vn 0.3425886332988739 -0.9080724716186523 0.2409094274044037
vn 0.24114283919334412 -0.9633086919784546 0.11784098297357559
vn 0.26760515570640564 -0.9500148296356201 0.160808265209198
vn 0.214928537607193 -0.9690552353858948 0.12139880657196045
vn 0.24998120963573456 -0.9673014879226685 0.04286385700106621
vn 0.02425803244113922 -0.9909719228744507 0.13185644149780273
vn 0.052258823066949844 -0.9882557988166809 0.14359481632709503
vn -0.02517298236489296 -0.9877237677574158 0.15416881442070007
vn 0.5550705790519714 -0.7927883863449097 -0.2517600655555725
vn 0.43884357810020447 -0.8932026624679565 0.09800717234611511
vn 0.9326283931732178 -0.21577267348766327 0.2892172336578369
vn 0.09409074485301971 -0.9823989868164062 0.16136682033538818
vn 0.09409074485301971 -0.9823989868164062 0.16136682033538818
vn 0.4881255626678467 -0.8702486157417297 0.06633815914392471
vn 0.7010576128959656 -0.6804510951042175 0.21331742405891418
vn 0.8549827933311462 -0.5015701055526733 0.13202954828739166
vn 0.8479554653167725 0.41135817766189575 0.334299236536026
vn 0.5816099643707275 0.8111461400985718 0.06141536310315132
vn -0.430746853351593 -0.8879543542861938 0.16122682392597198
vn 0.27250996232032776 -0.9621161818504333 -0.008412026800215244
vn 0.06612637639045715 -0.9864551424980164 0.15011176466941833
vn 0.05211963504552841 -0.9881411790847778 0.1444314867258072
vn 0.06612637639045715 -0.9864551424980164 0.15011176466941833
vn 0.038100842386484146 -0.9895987510681152 0.13871783018112183
vn 0.24450646340847015 -0.9694399237632751 -0.02006777562201023
vn 0.2601225972175598 -0.9581983685493469 0.11913086473941803
vn 0.21703152358531952 -0.9706370234489441 0.10373643040657043
vn 0.3438996374607086 -0.9184910655021667 0.19521036744117737
vn 0.3438996374607086 -0.9184910655021667 0.19521036744117737
vn 0.34445449709892273 -0.9268902540206909 0.14908209443092346
vn 0.3442520201206207 -0.9332515597343445 0.10262604057788849
vn 0.3026287853717804 -0.9436052441596985 0.13425743579864502
vn 0.217481330037117 -0.9557204246520996 0.19824357330799103
vn 0.07016107439994812 -0.9973400831222534 0.01974969357252121
vn -0.038305334746837616 -0.9980113506317139 0.05006075277924538
vn 0.02420848049223423 -0.999277651309967 0.029293164610862732
vn -0.021797532215714455 -0.9990103244781494 0.03877199813723564
vn 0.21026398241519928 -0.965473473072052 0.15378524363040924
vn 0.00769835477694869 -0.9991447925567627 0.04062774404883385
vn 0.11595888435840607 -0.9932020902633667 0.010162647813558578
vn 0.2556164264678955 -0.95619136095047 0.1426822394132614
vn -0.49076858162879944 -0.8709397315979004 0.024703307077288628
vn -0.5557028651237488 -0.8309148550033569 0.02783345989882946
vn -0.5059398412704468 -0.8624461889266968 -0.014541077427566051
vn -0.49076858162879944 -0.8709397315979004 0.024703307077288628
vn -0.5059398412704468 -0.8624461889266968 -0.014541077427566051
vn -0.2165410965681076 -0.9328315258026123 0.2879849374294281
vn -0.7118201851844788 0.7022922039031982 -0.009882461279630661
vn -0.4195847511291504 -0.819841206073761 0.3896268904209137
vn -0.35869690775871277 -0.8666070699691772 0.3468843996524811
vn -0.6235853433609009 -0.5780895352363586 0.526263952255249
vn -0.5079284906387329 -0.7879738211631775 0.34800267219543457
vn 0.803381621837616 -0.44355547428131104 -0.3972862958908081
vn 0.8317879438400269 -0.44762274622917175 -0.32827216386795044
vn -0.39674100279808044 -0.9138346314430237 -0.08661937713623047
vn -0.444221556186676 -0.8885682821273804 -0.11451520025730133
vn -0.2650807201862335 -0.9627434015274048 -0.05345366522669792
vn -0.054797783493995667 -0.9966121912002563 0.061329435557127
vn -0.44862452149391174 -0.8898897171020508 -0.08265919238328934
vn -0.3478040099143982 -0.9357462525367737 -0.05840557813644409
vn -0.10828424990177155 -0.9935738444328308 0.03294703736901283
vn 0.1760631799697876 -0.9843777418136597 0.0015060192672535777
vn -0.6875932216644287 0.4615902900695801 0.5604909062385559
vn -0.6592884063720703 0.5574057102203369 0.5046163201332092
vn -0.710076630115509 0.3604528307914734 0.604867696762085
vn -0.796732485294342 -0.10845278948545456 0.5945210456848145
vn 0.8971410393714905 -0.08010571449995041 -0.4344204366207123
vn -0.6663290858268738 -0.7024863362312317 -0.25003674626350403
vn -0.8527242541313171 0.46524205803871155 -0.23751045763492584
vn -0.8821279406547546 -0.2529445290565491 -0.397327721118927
vn 0.9998962879180908 0.014088482595980167 -0.003022952703759074
vn -0.806345522403717 0.4194655120372772 -0.41695982217788696
vn 0.33771151304244995 -0.8812728524208069 0.330619215965271
vn -0.07126826047897339 -0.9948135018348694 0.07257353514432907
vn 0.18899545073509216 -0.9668900966644287 0.17147666215896606
vn 0.23897208273410797 -0.9364985823631287 0.25663748383522034
vn 0.13586600124835968 -0.9746119379997253 0.17796628177165985
vn 0.13586600124835968 -0.9746119379997253 0.17796628177165985
vn 0.10808874666690826 -0.980072021484375 0.16666044294834137
vn -0.018511539325118065 -0.9795218706130981 0.20048487186431885
vn 0.13586600124835968 -0.9746119379997253 0.17796628177165985
vn 0.10808874666690826 -0.980072021484375 0.16666044294834137
vn 0.6467854976654053 -0.7011632919311523 -0.3000645041465759
vn 0.3649592101573944 -0.9302824139595032 0.03714130073785782
vn 0.3442520201206207 -0.9332515597343445 0.10262604057788849
vn 0.34157848358154297 -0.9398088455200195 0.009139662608504295
vn 0.12896206974983215 -0.991367518901825 0.023649631068110466
vn -0.0037652950268238783 -0.992767333984375 0.11999557912349701
vn -0.11655575037002563 -0.9626480340957642 0.2443842738866806
vn 0.12196806073188782 -0.9774339199066162 0.17247261106967926
vn 0.12196806073188782 -0.9774339199066162 0.17247261106967926
vn -0.30459728837013245 -0.9518182873725891 0.035530347377061844
vn 0.999896228313446 0.014088481664657593 -0.0030229524709284306
vn 0.9878722429275513 0.15478692948818207 -0.01222471334040165
vn 0.9999924898147583 -0.0038558461237698793 -0.000408667343435809
vn 0.9999924898147583 -0.0038558461237698793 -0.000408667343435809
vn 0.5338934063911438 0.8429306149482727 0.06652659177780151
vn -0.2821243703365326 -0.8407862782478333 -0.4620435833930969
vn -0.5000005960464478 -0.7071069478988647 -0.49999916553497314
vn 0.2600143253803253 0.958379328250885 -0.11790522933006287
vn 0.45026373863220215 0.03607764095067978 0.8921664357185364
vn 0.45026373863220215 0.03607764095067978 0.8921664357185364
vn 0.5712770819664001 -0.42926251888275146 -0.6995543837547302
vn -0.5000005960464478 -0.7071069478988647 -0.49999916553497314
vn -0.469784140586853 -0.8330221772193909 -0.29219305515289307
vn 0.9999816417694092 0.00005506413435796276 0.006072178483009338
vn -0.9792084097862244 -0.11554570496082306 0.16673289239406586
vn 0.9786090850830078 0.13553839921951294 0.1547696590423584
vn 0.6193565726280212 0.6425747275352478 -0.4511043429374695
vn 0.9191612005233765 -0.03690565004944801 -0.39214882254600525
vn 0.6855499148368835 0.6306394934654236 -0.3637515604496002
vn 0.4842213988304138 -0.0005435073398984969 -0.874945342540741
vn 0.5456352829933167 0.646699845790863 -0.5329741835594177
vn 0.9154145121574402 -0.24166591465473175 -0.32189103960990906
vn 0.9998596906661987 0.01642962172627449 0.0032837616745382547
vn 0.9997778534889221 0.018770016729831696 0.009590326808393002
vn 0.8029747009277344 -0.28839874267578125 -0.5215916633605957
vn 0.6912761330604553 -0.0031940601766109467 0.7225837111473083
vn 0.8726340532302856 -0.00590284401550889 0.48833903670310974
vn 0.759373664855957 -0.08573978394269943 0.644980788230896
vn 0.8481327891349792 -0.08418113738298416 0.5230526924133301
vn 0.8169037103652954 -0.16179166734218597 0.5536171197891235
vn 0.8697007894515991 0.4848441183567047 0.09244773536920547
vn 0.986940324306488 -0.016406336799263954 0.16024863719940186
vn 0.890714168548584 0.052377697080373764 0.4515361487865448
vn 0.8601633310317993 0.32937169075012207 0.38940107822418213
vn 0.668838620185852 -0.4867047667503357 0.5619370937347412
vn 0.5780956149101257 -0.6431856751441956 0.5021131634712219
vn 0.1418725699186325 -0.9126650094985962 -0.3832944631576538
vn 0.000012167131899332162 -0.6922010183334351 -0.7217047810554504
vn 0.8601633310317993 0.32937169075012207 0.38940107822418213
vn 0.6558164358139038 0.743026852607727 -0.13347625732421875
vn 0.29275357723236084 -0.9343551397323608 0.20316466689109802
vn 0.20204246044158936 -0.9683582782745361 0.14649607241153717
vn 0.9993396401405334 0.020665455609560013 0.029888663440942764
vn 0.9999585151672363 0.0009798284154385328 0.0090640252456069
vn 0.4167526066303253 -0.9012254476547241 -0.11878562718629837
vn -0.1028161272406578 -0.9811888337135315 0.16339334845542908
vn -0.2584192454814911 -0.9353853464126587 0.24139976501464844
vn 0.5014576315879822 -0.8461514115333557 -0.1804664582014084
vn 0.5347007513046265 -0.8216499090194702 -0.19745033979415894
vn 0.7975314855575562 0.33201202750205994 -0.5036977529525757
vn 0.9999924898147583 -0.0038558461237698793 -0.000408667343435809
vn 0.9999924898147583 -0.0038558461237698793 -0.000408667343435809
vn 0.9422319531440735 0.32914814352989197 0.062131479382514954
vn 0.527620255947113 0.15926814079284668 0.8344163298606873
vn 0.9730851650238037 0.1527763456106186 -0.17252397537231445
vn 0.9655385613441467 0.15589554607868195 0.20840294659137726
vn 0.6798450350761414 -0.23921269178390503 0.693244457244873
vn 0.5981217622756958 -0.7677576541900635 -0.22977931797504425
vn 0.5716748237609863 -0.7613103985786438 -0.3059321641921997
vn 0.00000884238033904694 -0.8515732288360596 -0.5242356657981873
vn 0.9999935626983643 0.0035192931536585093 -0.0007551310118287802
vn 0.4852360188961029 -0.8699467778205872 -0.08796984702348709
vn 0.4026440382003784 -0.9152873158454895 0.011261154897511005
vn 0.16232159733772278 -0.9750398993492126 0.15148921310901642
vn 0.38071903586387634 0.9228996634483337 0.05752669274806976
vn 0.0325261652469635 0.9953781366348267 -0.09035713225603104
vn 0.2058747261762619 0.9782482981681824 -0.025414275005459785
vn -0.05252149701118469 0.990180492401123 -0.12955264747142792
vn 0.0029944393318146467 0.9899863004684448 -0.14113155007362366
vn 0.01284458301961422 0.9921674728393555 -0.12425260990858078
vn 0.022689761593937874 0.9939650297164917 -0.10732562839984894
vn 0.1919950693845749 0.9800177216529846 -0.051992133259773254
vn 0.1077733039855957 0.9909533262252808 -0.07997864484786987
vn -0.740463137626648 0.6701380610466003 -0.05127768591046333
vn -0.7828410267829895 0.6222090721130371 -0.003961062524467707
vn -0.8202743530273438 0.5704941153526306 0.041066527366638184
vn 0.3725927472114563 0.9271571636199951 0.039422791451215744
vn 0.6276950836181641 0.7723940014839172 0.09698668122291565
vn 0.6957316398620605 0.7046202421188354 0.13952688872814178
vn 0.5527337789535522 0.8316468596458435 0.05337652191519737
vn 0.28385108709335327 0.9588475823402405 -0.006319338455796242
vn 0.6776765584945679 0.7037904858589172 0.21315106749534607
vn 0.6871979832649231 0.7047118544578552 0.17646579444408417
vn 0.6957329511642456 0.7046188712120056 0.13952727615833282
vn 0.6957316398620605 0.7046202421188354 0.13952688872814178
vn 0.45724645256996155 0.8852942585945129 0.08473238348960876
vn 0.5368834137916565 0.8337182402610779 0.12911231815814972
vn 0.5930616855621338 0.8025330901145935 -0.06494925916194916
vn 0.7824318408966064 0.6207697987556458 -0.04944887384772301
vn 0.7463451623916626 0.6598387956619263 -0.08707333356142044
vn 0.49008315801620483 0.8258983492851257 -0.27876609563827515
vn 0.468033105134964 0.8291432857513428 -0.30572280287742615
vn 0.4695644974708557 0.8305050134658813 -0.29961735010147095
vn 0.5530917644500732 0.8104982972145081 -0.19282647967338562
vn 0.5908265709877014 0.7946398258209229 -0.13954012095928192
vn 0.5329753160476685 0.8168326616287231 -0.2207299768924713
vn 0.6262311935424805 0.7752692699432373 -0.08241403102874756
vn 0.6089013814926147 0.7854350209236145 -0.11104501038789749
vn 0.5910506844520569 0.794751763343811 -0.13794447481632233
vn 0.5060252547264099 0.823427677154541 -0.25672048330307007
vn 0.5408567786216736 0.8136990666389465 -0.21299707889556885
vn 0.6055862307548523 0.7866154909133911 -0.12042129784822464
vn 0.6620509028434753 0.7489416003227234 -0.027843309566378593
vn 0.6870332956314087 0.7264066338539124 0.017847947776317596
vn 0.6870535016059875 0.7263671159744263 0.018659910187125206
vn 0.6620494723320007 0.7489427924156189 -0.02784370444715023
vn 0.6620487570762634 0.7489433288574219 -0.027843888849020004
vn 0.16212275624275208 0.8843768835067749 -0.4377143383026123
vn 0.6262311935424805 0.7752692699432373 -0.08241403102874756
vn 0.21394284069538116 0.920542299747467 -0.32684922218322754
vn -0.2520097494125366 0.8349115252494812 -0.48929935693740845
vn 0.2710917294025421 0.9380748271942139 -0.21569614112377167
vn -0.1302400529384613 0.9410383105278015 -0.31222501397132874
vn 0.815197765827179 0.5790662169456482 -0.011614548973739147
vn 0.3933952748775482 0.9193688035011292 0.0011028838343918324
vn 0.6262311935424805 0.7752692699432373 -0.08241403102874756
vn -0.4430912733078003 0.8963823318481445 -0.012991088442504406
vn -0.5156819820404053 0.8235021233558655 -0.23646631836891174
vn -0.37263068556785583 0.9239435791969299 -0.08645550161600113
vn -0.6028056740760803 0.723155677318573 -0.3371519148349762
vn -0.6120853424072266 0.7080596089363098 -0.3521406948566437
vn -0.6121569275856018 0.7080018520355225 -0.3521324098110199
vn -0.5931277871131897 0.7379177212715149 -0.3219887316226959
vn -0.5728517770767212 0.7662087082862854 -0.2911444306373596
vn -0.5518423914909363 0.7931957244873047 -0.2575087249279022
vn -0.5513175129890442 0.7928552627563477 -0.2596718370914459
vn -0.5295630097389221 0.8183574080467224 -0.22328044474124908
vn -0.573417603969574 0.7665989995002747 -0.2889954745769501
vn -0.5931462049484253 0.7379037141799927 -0.3219868242740631
vn 0.703265368938446 0.7035159468650818 0.102387435734272
vn 0.7032666802406311 0.7035146355628967 0.10238783061504364
vn 0.7097882032394409 0.7014003992080688 0.06510081887245178
vn 0.7097882032394409 0.7014003992080688 0.06510081887245178
vn 0.703265368938446 0.7035159468650818 0.102387435734272
vn 0.6992108821868896 0.7046715617179871 0.12059121578931808
vn 0.6940901279449463 0.7065415978431702 0.13797786831855774
vn 0.6863921880722046 0.7056891322135925 0.17569470405578613
vn 0.709790825843811 0.701397716999054 0.06510160863399506
vn -0.12207052111625671 0.983171284198761 -0.13591590523719788
vn -0.2826917767524719 0.9393365383148193 -0.19424793124198914
vn -0.1079639345407486 0.9872180819511414 -0.1172361820936203
vn -0.45822298526763916 0.8436455726623535 -0.27981024980545044
vn 0.04234999045729637 0.9964063763618469 -0.07335370779037476
vn -0.7486987113952637 0.6239126920700073 0.2240162342786789
vn -0.7486985921859741 0.6239129304885864 0.22401586174964905
vn -0.8198555707931519 0.5441137552261353 0.1782616674900055
vn -0.8799241781234741 0.45695555210113525 0.13009652495384216
vn -0.8198554515838623 0.5441140532493591 0.17826130986213684
vn -0.667415976524353 0.6952735781669617 0.2667408883571625
vn -0.5771067142486572 0.7572307586669922 0.3058583736419678
vn -0.5771065950393677 0.7572310566902161 0.30585795640945435
vn -0.4789923131465912 0.808946967124939 0.3408389389514923
vn -0.3743996322154999 0.8497224450111389 0.3712097704410553
vn -0.3785345256328583 0.8620791435241699 0.336944043636322
vn -0.7486987709999084 0.623912513256073 0.2240164577960968
vn -0.7496041655540466 0.6295252442359924 0.20442962646484375
vn 0.5401391983032227 0.8301613330841064 0.1381370574235916
vn 0.2152535766363144 0.9765250086784363 -0.008052637800574303
vn 0.6776765584945679 0.7037904858589172 0.21315106749534607
vn -0.8202828764915466 0.5705645084381104 0.03990017995238304
vn -0.8799241781234741 0.45695555210113525 0.13009652495384216
vn -0.8202828168869019 0.5705647468566895 0.03989999741315842
vn -0.6425865292549133 0.7533071637153625 -0.14003920555114746
vn -0.6429324150085449 0.7534245848655701 -0.13780194520950317
vn -0.693898618221283 0.7139542698860168 -0.09366903454065323
vn -0.740630030632019 0.6701266765594482 -0.0489644780755043
vn 0.605189323425293 0.7864223718643188 -0.12363595515489578
vn 0.6347931027412415 0.7690272927284241 -0.07506447285413742
vn 0.6619561314582825 0.7489631175994873 -0.029465971514582634
vn 0.5739469528198242 0.8013507127761841 -0.16858789324760437
vn 0.5402562022209167 0.813269853591919 -0.2161376178264618
vn -0.04016571491956711 0.9962105751037598 -0.07714413106441498
vn 0.12831968069076538 0.988123893737793 0.08452941477298737
vn -0.12674275040626526 0.991935133934021 -0.0009992080740630627
vn -0.10448198765516281 0.9786137938499451 -0.17719677090644836
vn -0.2064584195613861 0.9499130249023438 -0.2346062958240509
vn -0.000988581101410091 0.9931060671806335 -0.11721454560756683
vn -0.1032586544752121 0.8196601867675781 -0.5634667873382568
vn -0.41348788142204285 0.8890140652656555 -0.19667686522006989
vn -0.44812697172164917 0.8407152891159058 -0.3039405643939972
vn -0.36148035526275635 0.8517587780952454 -0.3792610764503479
vn -0.49676868319511414 0.7071060538291931 -0.5032115578651428
vn -0.3227352201938629 0.8483362197875977 -0.4197232127189636
vn -0.20023152232170105 0.9772594571113586 0.06979451328516006
vn -0.016423596069216728 0.9748929738998413 0.22206777334213257
vn -0.2748039960861206 0.9518033266067505 0.13621053099632263
vn -0.16792172193527222 0.9786234498023987 -0.11873692274093628
vn -0.49636462330818176 0.8681116700172424 -0.002052558120340109
vn -0.879923939704895 0.456956148147583 0.13009579479694366
vn -0.8198554515838623 0.5441140532493591 0.17826130986213684
vn -0.6674157977104187 0.6952736377716064 0.26674067974090576
vn -0.15150652825832367 0.8964007496833801 0.41654711961746216
vn 0.12831968069076538 0.988123893737793 0.08452941477298737
vn -0.006795680616050959 0.9756487011909485 0.21923376619815826
vn -0.1416626125574112 0.927506685256958 0.3459235727787018
vn -0.0013383321929723024 0.9834378957748413 0.1812409609556198
vn -0.7827834486961365 0.6222680807113647 -0.005706793628633022
vn -0.7404628396034241 0.6701382994651794 -0.05127805843949318
vn -0.8527293801307678 0.5153476595878601 0.08526027947664261
vn -0.879923939704895 0.456956148147583 0.13009579479694366
vn -0.5166733264923096 0.8544058799743652 -0.05512973666191101
vn -0.4885846674442291 0.8688909411430359 -0.07945781946182251
vn 0.4695644974708557 0.8305050134658813 -0.29961735010147095
vn -0.05268718674778938 0.9819101691246033 -0.18186943233013153
vn 0.22844450175762177 0.9452254176139832 -0.23315660655498505
vn -0.21271303296089172 0.9592711329460144 -0.18588176369667053
vn -0.2434656023979187 0.9512832760810852 -0.18916863203048706
vn -0.47421038150787354 0.8511766791343689 -0.2249952107667923
vn 0.5352341532707214 0.8446050882339478 0.012909235432744026
vn 0.815197765827179 0.5790662169456482 -0.011614548973739147
vn 0.5548262596130371 0.8318559527397156 -0.013542664237320423
vn 0.220455139875412 0.9433900713920593 -0.24782000482082367
vn -0.05268718674778938 0.9819101691246033 -0.18186943233013153
vn 0.4695644974708557 0.8305050134658813 -0.29961735010147095
vn 0.22390685975551605 0.9433121681213379 -0.24500547349452972
vn -0.04573538899421692 0.9831798672676086 -0.17682120203971863
vn -0.5285900235176086 0.817785918712616 -0.22763730585575104
vn -0.2739751636981964 0.9423303604125977 -0.19222670793533325
vn -0.2013644576072693 0.964303195476532 -0.17196446657180786
vn -0.4642197787761688 0.8599395751953125 -0.2121415138244629
vn -0.3969895839691162 0.896795392036438 -0.19533878564834595
vn -0.5512983202934265 0.7928681969642639 -0.2596733570098877
vn -0.6692348122596741 0.7039678692817688 0.23781098425388336
vn 0.38801106810569763 0.9207249283790588 -0.04138816520571709
vn 0.47262704372406006 0.8812357783317566 0.006870297249406576
vn 0.416604608297348 0.9075261950492859 -0.053261853754520416
vn 0.7097882032394409 0.7014003992080688 0.06510081887245178
vn 0.38801106810569763 0.9207249283790588 -0.04138816520571709
vn 0.0029944393318146467 0.9899863004684448 -0.14113155007362366
vn 0.09803253412246704 0.9904353618621826 -0.09709448367357254
vn 0.5720290541648865 0.8028725385665894 -0.16786456108093262
vn 0.5525315999984741 0.8101229667663574 -0.19598360359668732
vn 0.6346440315246582 0.7689908742904663 -0.07668040692806244
vn 0.573691189289093 0.8011985421180725 -0.1701740324497223
vn -0.3743995726108551 0.8497226238250732 0.3712095618247986
vn -0.2647433578968048 0.8790057301521301 0.3965601325035095
vn -0.10725045204162598 0.98656165599823 0.12326181679964066
vn -0.5771065950393677 0.7572310566902161 0.30585795640945435
vn -0.47469955682754517 0.8257873058319092 0.3045254945755005
vn -0.4670312702655792 0.8636146783828735 0.18987232446670532
vn -0.6674157977104187 0.6952736377716064 0.26674067974090576
vn -0.35177916288375854 0.9176554083824158 0.1848239302635193
vn 0.038316529244184494 0.9980481266975403 -0.049313876777887344
vn -0.08265852928161621 0.9945461750030518 0.06360363215208054
vn -0.057717178016901016 0.998326301574707 0.003676555585116148
vn -0.09438441693782806 0.9944285154342651 0.046941809356212616
vn -0.04840659350156784 0.9922827482223511 0.1141570582985878
vn -0.011900645680725574 0.9974132776260376 0.07088730484247208
vn -0.02326268143951893 0.9982680082321167 0.054036106914281845
vn 0.061003848910331726 0.9980118870735168 -0.015837127342820168
vn -0.7404628396034241 0.6701382994651794 -0.05127805843949318
vn -0.7827834486961365 0.6222680807113647 -0.005706793628633022
vn -0.5963940620422363 0.7975753545761108 -0.09048553556203842
vn -0.6702393889427185 0.7359197735786438 -0.09592204540967941
vn -0.30039122700691223 0.9300432205200195 -0.21162404119968414
vn -0.48570677638053894 0.8640949726104736 -0.13201826810836792
vn -0.5131869316101074 0.8476885557174683 -0.1343991905450821
vn -0.23967935144901276 0.9488727450370789 -0.20541264116764069
vn 0.31035834550857544 0.9440401196479797 -0.11165094375610352
vn 0.08446541428565979 0.9956021308898926 -0.04052203148603439
vn 0.13042737543582916 0.9909529089927673 -0.03164051100611687
vn 0.1984778344631195 0.9743339419364929 -0.10620646923780441
vn -0.2363147884607315 0.950232744216919 -0.20301011204719543
vn -0.024861374869942665 0.9865435361862183 -0.16159799695014954
vn -0.17115424573421478 0.9660629630088806 -0.19346487522125244
vn -0.16088692843914032 0.9692735075950623 -0.18607594072818756
vn -0.157461017370224 0.9703073501586914 -0.18360215425491333
vn -0.01789892092347145 0.9875159859657288 -0.15649870038032532
vn 0.3527938425540924 0.9219250082969666 -0.159971222281456
vn 0.6648353338241577 0.7294211387634277 -0.16105546057224274
vn 0.5361873507499695 0.8231856226921082 -0.18673117458820343
vn 0.3317679464817047 0.9335223436355591 -0.1358896642923355
vn 0.4575892984867096 0.8846529722213745 -0.08944938331842422
vn 0.5472473502159119 0.8306194543838501 -0.10291565209627151
vn 0.5232521295547485 0.843492329120636 -0.12135899066925049
vn 0.7070907354354858 0.6961071491241455 -0.12432823330163956
vn 0.012655588798224926 0.985683023929596 -0.16813334822654724
vn 0.2446240335702896 0.9423922896385193 -0.22815729677677155
vn 0.0501541905105114 0.9833923578262329 -0.17442473769187927
vn 0.17128871381282806 0.9606832265853882 -0.21851308643817902
vn 0.10393188893795013 0.9737820625305176 -0.20235271751880646
vn 0.1412173956632614 0.967930793762207 -0.2077682763338089
vn 0.3030511438846588 0.9202218651771545 -0.2476930469274521
vn 0.48859646916389465 0.8503066301345825 -0.1955818086862564
vn 0.6055846810340881 0.7866165637969971 -0.12042166292667389
vn 0.5411401987075806 0.8139238357543945 -0.21141251921653748
vn 0.36017906665802 0.8941063284873962 -0.26616692543029785
vn 0.6620487570762634 0.7489433288574219 -0.027843888849020004
vn 0.6870511770248413 0.7263694405555725 0.018659228459000587
vn 0.5002792477607727 0.8616353869438171 -0.08547016978263855
vn 0.7097882032394409 0.7014003992080688 0.06510081887245178
vn 0.6870511770248413 0.7263694405555725 0.018659228459000587
vn -0.5521062612533569 0.7933632731437683 -0.25642403960227966
vn 0.7024310231208801 0.7044615745544434 0.1016106978058815
vn -0.6120853424072266 0.7080596089363098 -0.3521406948566437
vn -0.6027513146400452 0.7231982350349426 -0.3371577560901642
vn -0.5930911898612976 0.7379456758499146 -0.3219924867153168
vn -0.5930911898612976 0.7379456758499146 -0.3219924867153168
vn -0.6027513146400452 0.7231982350349426 -0.3371577560901642
vn -0.43451473116874695 0.8662666082382202 -0.2465343326330185
vn -0.2692319452762604 0.9468030333518982 -0.1762903332710266
vn -0.1823544055223465 0.9734776020050049 -0.13816073536872864
vn -0.25562146306037903 0.9537398815155029 -0.1582341194152832
vn -0.34713321924209595 0.915449321269989 -0.20359542965888977
vn -0.5728141665458679 0.7662355303764343 -0.29114776849746704
vn -0.3755602240562439 0.9041715264320374 -0.20353972911834717
vn -0.4884028136730194 0.8375188708305359 -0.2449994683265686
vn -0.32731372117996216 0.9281265139579773 -0.17733268439769745
vn -0.5831103324890137 0.7522940039634705 -0.3066530227661133
vn -0.5728141665458679 0.7662355303764343 -0.29114776849746704
vn -0.5831103324890137 0.7522940039634705 -0.3066530227661133
vn -0.580088198184967 0.7691777348518372 0.26807335019111633
vn -0.4833335876464844 0.824299693107605 0.2948198914527893
vn -0.38023990392684937 0.868610680103302 0.31769976019859314
vn -0.2691924571990967 0.8919322490692139 0.36330750584602356
vn -0.16050922870635986 0.9226247668266296 0.35071393847465515
vn -0.06234140694141388 0.9872633218765259 -0.14637121558189392
vn -0.127408966422081 0.9802916646003723 -0.15098097920417786
vn -0.03290833532810211 0.9948767423629761 -0.09558938443660736
vn -0.1919281929731369 0.9691010117530823 -0.15494094789028168
vn -0.15491418540477753 0.9772763848304749 -0.1446804255247116
vn -0.04272913187742233 0.9927299618721008 -0.11252329498529434
vn -0.08026910573244095 0.9891034960746765 -0.12341473996639252
vn -0.820142388343811 0.5468263626098633 0.1683671772480011
vn 0.03743989020586014 0.9959405064582825 -0.08185938000679016
vn 0.3766752779483795 0.9250760674476624 0.04847723990678787
vn 0.2904931604862213 0.9568511843681335 0.007034757174551487
vn 0.02760929800570011 0.9947197437286377 -0.09884616732597351
vn 0.2428836077451706 0.9698386788368225 -0.02050592750310898
vn -0.5285900235176086 0.817785918712616 -0.22763730585575104
vn -0.5295630097389221 0.8183574080467224 -0.22328044474124908
vn -0.5592293739318848 0.8039405345916748 -0.20234154164791107
vn -0.588042140007019 0.7882965803146362 -0.18109381198883057
vn -0.5876215696334839 0.7881003022193909 -0.1832999289035797
vn -0.6424281001091003 0.7532265782356262 -0.14119432866573334
vn -0.6424282789230347 0.7532264590263367 -0.14119413495063782
vn -0.8527293801307678 0.5153476595878601 0.08526027947664261
vn -0.8527294993400574 0.515347421169281 0.08526064455509186
vn -0.8202826380729675 0.5705650448799133 0.03989962115883827
vn -0.6936414837837219 0.7139010429382324 -0.09595123678445816
vn -0.7827836871147156 0.6222678422927856 -0.005706418305635452
vn -0.6935814619064331 0.7138809561729431 -0.09653348475694656
vn -0.6424281001091003 0.7532265782356262 -0.14119432866573334
vn -0.6935814619064331 0.7138809561729431 -0.09653348475694656
vn -0.8527013659477234 0.5152972936630249 0.08584348857402802
vn -0.7623172402381897 0.6466613411903381 -0.026482978835701942
vn 0.6345828771591187 0.7705572247505188 0.05955040082335472
vn 0.4650978744029999 0.8840295672416687 0.04664381965994835
vn 0.6195694804191589 0.7732402682304382 0.13503052294254303
vn 0.6871979832649231 0.7047118544578552 0.17646579444408417
vn 0.6106297969818115 0.772994875907898 0.17207567393779755
vn 0.6648353338241577 0.7294211387634277 -0.16105546057224274
vn 0.7070907354354858 0.6961071491241455 -0.12432823330163956
vn 0.6463236808776855 0.7532663941383362 -0.12188379466533661
vn 0.667877733707428 0.7370309829711914 -0.10355979949235916
vn 0.5323582887649536 0.8163823485374451 -0.2238629013299942
vn 0.5115335583686829 0.8216428756713867 -0.251468300819397
vn 0.5015813112258911 0.8244625926017761 -0.26206398010253906
vn 0.6886831521987915 0.7200580835342407 -0.0850394144654274
vn 0.7824318408966064 0.6207697987556458 -0.04944887384772301
vn 0.7463451623916626 0.6598387956619263 -0.08707333356142044
vn 0.799238920211792 0.6002365350723267 -0.03054792247712612
vn 0.815197765827179 0.5790662169456482 -0.011614548973739147
vn 0.799238920211792 0.6002365350723267 -0.03054792247712612
vn 0.4908042252063751 0.8265036940574646 -0.2756861746311188
vn 0.5122042894363403 0.8221698999404907 -0.24836111068725586
vn 0.5125327706336975 0.8224347233772278 -0.24680200219154358
vn 0.5720506310462952 0.786633312702179 -0.23230622708797455
vn 0.6197581887245178 0.7596392035484314 -0.19709910452365875
vn 0.6197581887245178 0.7596392035484314 -0.19709910452365875
vn 0.572407603263855 0.8030970692634583 -0.16548274457454681
vn 0.504997193813324 0.8225952386856079 -0.2613714337348938
vn -0.13096129894256592 0.9529991745948792 0.2732064425945282
vn -0.3650822639465332 0.881800651550293 0.29856759309768677
vn -0.25510820746421814 0.9108511805534363 0.324453204870224
vn 0.468033105134964 0.8291432857513428 -0.30572280287742615
vn 0.5053389072418213 0.8228768110275269 -0.2598195970058441
vn 0.4879913032054901 0.8272993564605713 -0.27828094363212585
vn 0.4695644974708557 0.8305050134658813 -0.29961735010147095
vn 0.6870521903038025 0.7263684272766113 0.01865951530635357
vn 0.6987102031707764 0.7141768336296082 0.041898030787706375
vn 0.709790825843811 0.701397716999054 0.06510160863399506
vn 0.6055846810340881 0.7866165637969971 -0.12042166292667389
vn 0.5743100643157959 0.8015912175178528 -0.16619090735912323
vn 0.6348634362220764 0.7690478563308716 -0.07425519824028015
vn 0.6348634362220764 0.7690478563308716 -0.07425519824028015
vn 0.5541760325431824 0.8259802460670471 -0.10317754000425339
vn 0.6348652839660645 0.769046425819397 -0.07425472140312195
vn -0.05557747185230255 0.9944312572479248 -0.08954165875911713
vn -0.007208897732198238 0.9932264685630798 -0.11597081273794174
vn -0.02997255139052868 0.9883764982223511 -0.14904199540615082
vn -0.080947145819664 0.99627685546875 -0.029662305489182472
vn -0.0670199766755104 0.9920957684516907 -0.10608690232038498
vn -0.051014840602874756 0.9980961680412292 -0.034662749618291855
vn -0.5349925756454468 0.8248427510261536 -0.18280477821826935
vn -0.5924747586250305 0.7934211492538452 -0.13948677480220795
vn -0.4178963899612427 0.8810953497886658 -0.2214353233575821
vn -0.5285900235176086 0.817785918712616 -0.22763730585575104
vn -0.5873178243637085 0.787932813167572 -0.18498551845550537
vn -0.5873178243637085 0.787932813167572 -0.18498551845550537
vn 0.22138433158397675 0.9750906229019165 -0.013687217608094215
vn 0.1416597068309784 0.9898046255111694 -0.014810853637754917
vn 0.08359140157699585 0.9963434934616089 0.017665525898337364
vn 0.1295681744813919 0.991213321685791 0.026613906025886536
vn 0.17525726556777954 0.9838823080062866 0.035503193736076355
vn 0.10604225099086761 0.9930456876754761 0.051139287650585175
vn -0.11211977154016495 0.9757439494132996 -0.18802355229854584
vn -0.03878013417124748 0.9843753576278687 -0.17175962030887604
vn -0.17798979580402374 0.9638317227363586 -0.19836334884166718
vn -0.11557421088218689 0.9748592376708984 -0.19050493836402893
vn -0.13997983932495117 0.9718316197395325 -0.18960212171077728
vn -0.3780183792114258 0.7784825563430786 -0.5010659098625183
vn -0.43007397651672363 0.6972690224647522 -0.5734564661979675
vn -0.19251227378845215 0.8944207429885864 -0.4036713242530823
vn -0.26653987169265747 0.9057272672653198 -0.3295672833919525
vn -0.307874858379364 0.7633683085441589 -0.5678748488426208
vn -0.35930246114730835 0.6808223128318787 -0.6382653713226318
vn -0.06609061360359192 0.9740921854972839 -0.21627841889858246
vn 0.3314742147922516 0.9375094771385193 -0.10583368688821793
vn 0.3933952748775482 0.9193688035011292 0.0011028838343918324
vn 0.06412769854068756 0.9978058934211731 -0.016461195424199104
vn 0.06407395005226135 0.9843711256980896 -0.16403715312480927
vn 0.02658870443701744 0.9871087074279785 -0.15782688558101654
vn 0.12487877160310745 0.9745358228683472 -0.18623951077461243
vn -0.010935118421912193 0.9884140491485596 -0.15138761699199677
vn -0.0039704893715679646 0.9892375469207764 -0.14626510441303253
vn 0.05363384634256363 0.9836655259132385 -0.1718302071094513
vn -0.5521211624145508 0.8097109198570251 -0.1988227516412735
vn -0.6313735246658325 0.6793694496154785 -0.37393131852149963
vn -0.5441560745239258 0.7662463784217834 -0.34170258045196533
vn -0.5665981769561768 0.6963434815406799 -0.4405362606048584
vn -0.47602713108062744 0.7797738909721375 -0.4066336154937744
vn -0.5436528325080872 0.838767409324646 -0.030180731788277626
vn -0.5436528325080872 0.838767409324646 -0.030180731788277626
vn -0.636564314365387 0.7628284692764282 0.11348333209753036
vn -0.7486985921859741 0.6239129304885864 0.22401586174964905
vn -0.44641026854515076 0.8945203423500061 0.02347758039832115
vn -0.3397287130355835 0.9381424188613892 0.06688294559717178
vn -0.7092572450637817 0.6607112288475037 0.2457941621541977
vn -0.7092572450637817 0.6607112288475037 0.2457941621541977
vn -0.19989468157291412 0.9780650734901428 -0.058573536574840546
vn -0.39381682872772217 0.9180735945701599 0.04526616260409355
vn 0.004639630671590567 0.9897043108940125 0.14305207133293152
vn 0.010610479861497879 0.9944531917572021 0.10464382916688919
vn -0.12530918419361115 0.9635908007621765 0.23619988560676575
vn -0.11946740001440048 0.9727240204811096 0.1988358199596405
vn -0.13641518354415894 0.9409649968147278 0.309799462556839
vn -0.4593285918235779 0.8822845220565796 -0.10291365534067154
vn -0.8202826380729675 0.5705650448799133 0.03989962115883827
vn -0.4293442964553833 0.8942792415618896 -0.12620632350444794
vn -0.8371508121490479 0.5433748960494995 0.06262818723917007
vn -0.8371508121490479 0.5433748960494995 0.06262818723917007
vn -0.8021507859230042 0.5968762636184692 0.017109589651226997
vn -0.8021507859230042 0.5968762636184692 0.017109589651226997
vn 0.26320722699165344 0.947640061378479 -0.1808321475982666
vn 0.004179677460342646 0.9950426816940308 -0.09936070442199707
vn 0.01556654367595911 0.9964520931243896 -0.08270997554063797
vn 0.36965394020080566 0.8970028162002563 -0.24236749112606049
vn 0.43258142471313477 0.8650259375572205 -0.25417226552963257
vn -0.041338324546813965 0.9853448271751404 -0.1654895544052124
vn 0.11162088811397552 0.9780148863792419 -0.17614665627479553
vn 0.23996280133724213 0.9465175867080688 -0.215690478682518
vn 0.251640260219574 0.9472867846488953 -0.19830486178398132
vn -0.07403961569070816 0.9842724204063416 -0.1603933721780777
vn -0.15060439705848694 0.9723201990127563 -0.17863860726356506
vn -0.44628095626831055 0.8665779232978821 -0.22332915663719177
vn -0.18175144493579865 0.9662886261940002 -0.18235322833061218
vn -0.3890855014324188 0.8947140574455261 -0.21931561827659607
vn -0.35987773537635803 0.9074199199676514 -0.21697218716144562
vn -0.2262146919965744 0.9542055726051331 -0.19575166702270508
vn 0.5153735876083374 0.8560397028923035 0.03982798010110855
vn 0.5153735876083374 0.8560397028923035 0.03982798010110855
vn 0.12831968069076538 0.988123893737793 0.08452941477298737
vn 0.1518762856721878 0.9865735173225403 0.060051023960113525
vn 0.3839286267757416 0.923362672328949 -0.00039476912934333086
vn 0.5743005275726318 0.8177021741867065 -0.03927034139633179
vn 0.24407707154750824 0.9690002799034119 -0.03827290236949921
vn 0.2664875388145447 0.9617893695831299 -0.06281433254480362
vn 0.2273615151643753 0.9432114362716675 -0.24219608306884766
vn 0.23081161081790924 0.9430918097496033 -0.2393818348646164
vn -0.042258162051439285 0.9837868809700012 -0.17429205775260925
vn -0.03530137613415718 0.9849452972412109 -0.16922394931316376
vn -0.03182195499539375 0.9854965806007385 -0.166685089468956
vn -0.04921174794435501 0.9825542569160461 -0.1793469935655594
vn 0.033552177250385284 0.9877080321311951 -0.15266616642475128
vn 0.274446964263916 0.9539095163345337 -0.12138953804969788
vn 0.44487231969833374 0.893263578414917 -0.06456617265939713
vn 0.1550966501235962 0.9680482149124146 -0.19704711437225342
vn 0.18514828383922577 0.9605229496955872 -0.2076435089111328
vn 0.3768218159675598 0.91259765625 -0.15865372121334076
vn 0.6121328473091125 0.7906877398490906 -0.01030417624861002
vn 0.4728422462940216 0.87794429063797 -0.07506046444177628
vn 0.5802060961723328 0.8067513108253479 -0.11186239868402481
vn -0.09972716867923737 0.9824858903884888 -0.15740372240543365
vn -0.6256880760192871 0.7377833127975464 0.253357857465744
vn 0.24575038254261017 0.9668476581573486 -0.06937187165021896
vn 0.6987069845199585 0.7142035961151123 0.041492290794849396
vn 0.6485738754272461 0.7592975497245789 -0.053095605224370956
vn 0.5896891355514526 0.7941456437110901 -0.14696702361106873
vn -0.3697052597999573 0.8665596842765808 0.3352496027946472
vn -0.3743995726108551 0.8497226238250732 0.3712095618247986
vn -0.2647433280944824 0.8790057897567749 0.39656001329421997
vn -0.15150652825832367 0.8964007496833801 0.41654711961746216
vn -0.2647433280944824 0.8790057897567749 0.39656001329421997
vn -0.11344478279352188 0.9803847670555115 0.16117078065872192
vn -0.2816580832004547 0.9559746980667114 0.08234712481498718
vn -0.219840407371521 0.9723458886146545 0.0788276344537735
vn -0.25619420409202576 0.9631998538970947 -0.08130490779876709
vn -0.23942632973194122 0.9470763206481934 0.21382610499858856
vn -0.07403960078954697 0.9949393272399902 -0.06792601197957993
vn -0.5170835256576538 0.8386210203170776 0.17128752171993256
vn -0.1008937880396843 0.9912452101707458 0.08516626060009003
vn 0.06958958506584167 0.9930652379989624 0.09475615620613098
vn 0.02694704383611679 0.9974539875984192 -0.06602542102336884
vn 0.1521066129207611 0.981521487236023 -0.11609941720962524
vn 0.017651526257395744 0.9976546168327332 0.0661327987909317
vn -0.05460803583264351 0.9868338108062744 0.15224047005176544
vn 0.07231240719556808 0.9973815679550171 0.0009143861825577915
vn 0.04967034235596657 0.9982340335845947 -0.03258216381072998
vn 0.06369951367378235 0.9890234470367432 0.13332229852676392
vn 0.09483622014522552 0.9948980808258057 0.03440944477915764
vn -0.009714944288134575 0.9996916055679321 -0.022853052243590355
vn -0.2781526446342468 0.9511028528213501 -0.13429270684719086
vn -0.3303029537200928 0.9192004203796387 -0.21440747380256653
vn -0.3980022370815277 0.9052926301956177 -0.14845673739910126
vn -0.6229100227355957 0.7793506383895874 -0.06778988242149353
vn -0.2457505315542221 0.9565237164497375 -0.15706396102905273
vn -0.14685691893100739 0.9698401689529419 -0.1945333629846573
vn -0.4526534676551819 0.8737392425537109 -0.1780015379190445
vn -0.20894111692905426 0.9568401575088501 -0.201991006731987
vn -0.2701730728149414 0.9399373531341553 -0.2086247354745865
vn 0.14068250358104706 0.9810813665390015 -0.13299588859081268
vn 0.35805588960647583 0.8967567682266235 -0.26004496216773987
vn 0.28858983516693115 0.9534661173820496 -0.08728311210870743
vn 0.4133285582065582 0.8807953596115112 -0.2309955209493637
vn 0.39359772205352783 0.8955461978912354 -0.20755164325237274
vn 0.5720506310462952 0.786633312702179 -0.23230622708797455
vn 0.27541419863700867 0.9473464488983154 -0.16334503889083862
vn 0.2215304970741272 0.9724906086921692 -0.07201555371284485
vn 0.2204611450433731 0.9665436744689941 -0.13111138343811035
vn 0.2980772852897644 0.9413812160491943 -0.15795984864234924
vn -0.028341932222247124 0.9860293865203857 -0.16414308547973633
vn -0.12121760845184326 0.9785624742507935 -0.16649895906448364
vn -0.2739751636981964 0.9423303604125977 -0.19222670793533325
vn -0.014417155645787716 0.9879742860794067 -0.15394459664821625
vn -0.02138034999370575 0.9870390892028809 -0.159049853682518
vn -0.3909755051136017 0.8958715796470642 -0.21107403934001923
vn -0.15403418242931366 0.9713230133056641 -0.18112210929393768
vn -0.007452873978763819 0.9888350963592529 -0.14882776141166687
vn -0.09828878939151764 0.9791021347045898 -0.17804040014743805
vn 0.37341171503067017 0.9092614650726318 -0.18386776745319366
vn 0.521915078163147 0.810288667678833 -0.266527384519577
vn 0.521915078163147 0.810288667678833 -0.266527384519577
vn 0.6123049855232239 0.78550785779953 -0.08977709710597992
vn 0.5544447898864746 0.8053827285766602 -0.20964188873767853
vn 0.7271038293838501 0.6783329248428345 -0.10575690865516663
vn 0.7271038293838501 0.6783329248428345 -0.10575690865516663
vn 0.4370473623275757 0.897089421749115 -0.06496281921863556
vn 0.35007986426353455 0.8954625725746155 -0.27493780851364136
vn 0.2150014042854309 0.9519678950309753 -0.21801726520061493
vn 0.14817631244659424 0.9680350422859192 -0.20236611366271973
vn 0.23429439961910248 0.9429551362991333 -0.23652000725269318
vn 0.10045447945594788 0.9735950231552124 -0.20499175786972046
vn 0.4157629907131195 0.8641579747200012 -0.2834998369216919
vn 0.3534417748451233 0.8950380086898804 -0.2720036208629608
vn 0.38817912340164185 0.8796036243438721 -0.2749807834625244
vn 0.3317928910255432 0.9076505303382874 -0.2570677697658539
vn 0.5061869025230408 0.8235722184181213 -0.2559368908405304
vn 0.5411401987075806 0.8139238357543945 -0.21141251921653748
vn 0.5061869025230408 0.8235722184181213 -0.2559368908405304
vn 0.5864776968955994 0.8099653124809265 0.0002715587033890188
vn 0.5275238156318665 0.844281792640686 -0.09437683969736099
vn 0.5743093490600586 0.8015917539596558 -0.16619110107421875
vn 0.5743093490600586 0.8015917539596558 -0.16619110107421875
vn -0.016423596069216728 0.9748929738998413 0.22206777334213257
vn -0.15150652825832367 0.8964007496833801 0.41654711961746216
vn -0.16050922870635986 0.9226247668266296 0.35071393847465515
vn -0.5285900235176086 0.817785918712616 -0.22763730585575104
vn 0.6745136976242065 0.7077401876449585 0.21008367836475372
vn -0.16050922870635986 0.9226247668266296 0.35071393847465515
vn -0.879923939704895 0.456956148147583 0.13009579479694366
vn -0.879923939704895 0.456956148147583 0.13009579479694366
vn 0.6847800016403198 0.7076349854469299 0.17415237426757812
vn -0.5512983202934265 0.7928681969642639 -0.2596733570098877
vn -0.4876280725002289 0.8730040788650513 -0.009097361005842686
vn 0.23549005389213562 0.885169267654419 0.4012726843357086
vn -0.2984410226345062 0.8566412329673767 0.42083099484443665
vn 0.1367262601852417 0.982671320438385 -0.1251525580883026
vn 0.0950511172413826 0.9873208999633789 -0.12713247537612915
vn 0.16727666556835175 0.9799256920814514 -0.10846295207738876
vn 0.2096269130706787 0.9504390358924866 -0.22961336374282837
vn 0.3469395041465759 0.8820756673812866 -0.3187090754508972
vn 0.2885572016239166 0.9388519525527954 -0.18786077201366425
vn 0.21928060054779053 0.9681877493858337 -0.12053485959768295
vn 0.15870550274848938 0.9752143025398254 -0.15417394042015076
vn 0.1781604140996933 0.9762897491455078 -0.12295203655958176
vn 0.0657181516289711 0.9888954758644104 -0.133292555809021
vn 0.3867567479610443 0.9109630584716797 -0.14340656995773315
vn 0.43403002619743347 0.8865005373954773 -0.16042065620422363
vn 0.5413318872451782 0.8113096952438354 -0.22076310217380524
vn 0.2600143253803253 0.958379328250885 -0.11790522933006287
vn 0.3469395041465759 0.8820756673812866 -0.3187090754508972
vn 0.2096269130706787 0.9504390358924866 -0.22961336374282837
vn 0.1106671541929245 0.993850827217102 -0.0036353254690766335
vn 0.08204162865877151 0.9312102794647217 -0.3551289141178131
vn 0.28077641129493713 0.8985428810119629 -0.3373206555843353
vn 0.04896405339241028 0.9518118500709534 -0.3027489185333252
vn 0.015677770599722862 0.9683563709259033 -0.24907849729061127
vn 0.17295609414577484 0.9554461240768433 -0.23918350040912628
vn 0.24933061003684998 0.9628650546073914 -0.10356215387582779
vn 0.23856212198734283 0.9670234322547913 -0.08918388187885284
vn 0.40636909008026123 0.897423505783081 -0.17174144089221954
vn 0.35865283012390137 0.9206369519233704 -0.1542588472366333
vn 0.16451479494571686 0.9851946234703064 -0.048232872039079666
vn 0.1202128604054451 0.9873527884483337 -0.1033606231212616
vn 0.18357723951339722 0.9828593730926514 -0.016935786232352257
vn 0.3469395041465759 0.8820756673812866 -0.3187090754508972
vn 0.07063458114862442 0.918967604637146 -0.3879551589488983
vn 0.2013000100851059 0.8750523328781128 -0.4401836693286896
vn 0.04841048642992973 0.8365128636360168 -0.5458045601844788
vn 0.024627134203910828 0.7271147966384888 -0.6860740780830383
vn -0.14883676171302795 0.9801607728004456 -0.13089066743850708
vn -0.2936752736568451 0.9358921647071838 -0.19457828998565674
vn -0.21545274555683136 0.96552574634552 -0.1460830569267273
vn 0.14523054659366608 0.9862014651298523 -0.07946491986513138
vn 0.17125485837459564 0.968504011631012 -0.18075348436832428
vn 0.11869152635335922 0.9803932309150696 -0.15729472041130066
vn 0.35031193494796753 0.9269758462905884 -0.1341542899608612
vn 0.2908936142921448 0.9492390751838684 -0.11969175189733505
vn 0.35081127285957336 0.9273579716682434 -0.13014797866344452
vn 0.25216200947761536 0.9643032550811768 -0.08083035051822662
vn 0.0753333643078804 0.9845645427703857 -0.15797962248325348
vn 0.1930796205997467 0.9653370976448059 -0.17562611401081085
vn 0.32868343591690063 0.9311018586158752 -0.15816564857959747
vn 0.03561992198228836 0.975075900554657 -0.21899375319480896
vn 0.015677770599722862 0.9683563709259033 -0.24907849729061127
vn 0.25890734791755676 0.9274750351905823 -0.2697352468967438
vn -0.12669534981250763 0.8324148058891296 -0.5394755005836487
vn -0.35930246114730835 0.6808223128318787 -0.6382653713226318
vn -0.26633843779563904 0.7735239863395691 -0.5750865936279297
vn -0.7815214395523071 0.6171114444732666 0.091639943420887
vn -0.7934021949768066 0.5983480215072632 0.11177020519971848
vn -0.4732498526573181 0.8801009058952332 -0.03816954791545868
vn -0.7689383625984192 0.6353203058242798 0.07142732292413712
vn -0.15831778943538666 0.9755834937095642 -0.1522246152162552
vn -0.2605815827846527 0.9575652480125427 -0.12315099686384201
vn -0.10214395076036453 0.9846280217170715 -0.1416836977005005
vn -0.4121975600719452 0.9054348468780518 -0.10139438509941101
vn -0.453514963388443 0.8892552256584167 -0.05957748740911484
vn -0.6072753071784973 0.7835808396339417 -0.13121631741523743
vn -0.6444810032844543 0.7591798305511475 -0.09105034172534943
vn -0.4275485575199127 0.8823463916778564 -0.19663967192173004
vn -0.11840774863958359 0.9777054190635681 0.1734115481376648
vn -0.025424430146813393 0.9797364473342896 0.1986711323261261
vn -0.05791497230529785 0.9870650172233582 0.1494942307472229
vn -0.2102912962436676 0.9665936827659607 0.1465413123369217
vn -0.23457033932209015 0.9474589824676514 0.2174815982580185
vn 0.11691471189260483 0.9117156267166138 -0.3938344419002533
vn -0.2810167074203491 0.9461762309074402 -0.1605621725320816
vn -0.02276347391307354 0.9938732981681824 -0.10815616697072983
vn 0.16212275624275208 0.8843768835067749 -0.4377143383026123
vn 0.15921857953071594 0.9719977378845215 -0.17282909154891968
vn 0.10802945494651794 0.9481748938560486 -0.2988209128379822
vn 0.11813560873270035 0.9333552718162537 -0.3389571011066437
vn -0.4923325479030609 0.8702518343925476 -0.01644514501094818
vn -0.4923325479030609 0.8702518343925476 -0.01644514501094818
vn -0.7934021949768066 0.5983480215072632 0.11177020519971848
vn -0.4611659049987793 0.887280285358429 0.00772741436958313
vn -0.10214395076036453 0.9846280217170715 -0.1416836977005005
vn -0.23447157442569733 0.9715149998664856 -0.03437468409538269
vn -0.39466413855552673 0.9173272848129272 0.05244889482855797
vn -0.3599531948566437 0.9300360083580017 0.07393798977136612
vn -0.4286535382270813 0.9029415845870972 0.030863910913467407
vn -0.6938426494598389 0.692085862159729 0.19899632036685944
vn -0.130516916513443 0.9889844655990601 -0.069821797311306
vn -0.14442075788974762 0.9889421463012695 -0.033707037568092346
vn -0.15810833871364594 0.9874187707901001 0.002458203351125121
vn -0.5870345234870911 0.8027148246765137 0.10506759583950043
vn -0.7460798621177673 0.6473491787910461 0.15589675307273865
vn 0.12801344692707062 0.9167317748069763 -0.37843817472457886
vn -0.036349955946207047 0.998325765132904 -0.04499247670173645
vn 0.2016078233718872 0.9308584332466125 -0.30472415685653687
vn -0.16772067546844482 0.8498056530952454 -0.49970003962516785
vn -0.4362452030181885 0.706265389919281 -0.5575655698776245
vn -0.5264597535133362 0.8238590955734253 -0.20999127626419067
vn -0.5678877234458923 0.805166482925415 -0.17091083526611328
vn -0.47780412435531616 0.8545334339141846 -0.20365643501281738
vn 0.20697930455207825 0.9339406490325928 -0.2914007306098938
vn 0.2600143253803253 0.958379328250885 -0.11790522933006287
vn 0.21678555011749268 0.9743526577949524 -0.06034127622842789
vn 0.36267468333244324 0.9221322536468506 -0.13468249142169952
vn 0.4528169631958008 0.871408998966217 -0.1886879801750183
vn 0.4978514015674591 0.8426744937896729 -0.20504553616046906
vn 0.4245028793811798 0.8935582041740417 -0.14611977338790894
vn 0.5329045057296753 0.82048100233078 -0.20693877339363098
vn 0.5831226706504822 0.777412474155426 -0.23579157888889313
vn 0.6230933666229248 0.7410888075828552 -0.2500840723514557
vn 0.1891537308692932 0.9816498160362244 -0.024177223443984985
vn 0.19471412897109985 0.980356752872467 -0.03141660615801811
vn -0.01825888827443123 0.9944708943367004 -0.10341326147317886
vn -0.4795176088809967 0.8465789556503296 -0.23101283609867096
vn -0.3452085256576538 0.9222068190574646 -0.174257293343544
vn -0.4077148735523224 0.8937346339225769 -0.1871016025543213
vn 0.20578481256961823 0.9775208234786987 -0.04588674008846283
vn 0.3280814290046692 0.9380712509155273 -0.11128788441419601
vn 0.17798516154289246 0.9839854836463928 -0.009692911058664322
vn 0.419707715511322 0.8969638347625732 -0.13892944157123566
vn 0.17237795889377594 0.9850278496742249 -0.002449211198836565
vn 0.13407586514949799 0.9888392090797424 -0.06496592611074448
vn -0.15770190954208374 0.9774750471115112 -0.1402590125799179
vn -0.6124188303947449 0.7807103395462036 0.12423532456159592
vn -0.6684365272521973 0.7361923456192017 -0.10589311271905899
vn 0.5971794724464417 0.7974230051040649 0.08656299114227295
vn 0.421754390001297 0.8402525782585144 -0.34073278307914734
vn 0.2600143253803253 0.958379328250885 -0.11790522933006287
vn 0.6951631307601929 0.718513548374176 -0.022053254768252373
vn 0.6440975666046143 0.5829959511756897 0.4952312707901001
vn -0.09045353531837463 0.9880865812301636 -0.12451158463954926
vn -0.808618426322937 0.5546360015869141 -0.19625283777713776
vn -0.700828492641449 0.6364492774009705 -0.32213637232780457
vn 0.23549005389213562 0.885169267654419 0.4012726843357086
vn 0.16038481891155243 0.9565642476081848 0.2434370070695877
vn -0.2984410226345062 0.8566412329673767 0.42083099484443665
vn -0.16050922870635986 0.9226247668266296 0.35071393847465515
vn -0.20602303743362427 0.9605780839920044 0.18666614592075348
vn -0.0832861140370369 0.9543229341506958 0.28693392872810364
vn -0.00514385337010026 0.9754891395568848 0.21998728811740875
vn -0.16050922870635986 0.9226247668266296 0.35071393847465515
vn -0.4430912733078003 0.8963823318481445 -0.012991088442504406
vn -0.24526889622211456 0.9693071246147156 0.01693929359316826
vn -0.06936728954315186 0.9931998252868652 -0.0935002788901329
vn -0.10673192888498306 0.9881118535995483 -0.11064907908439636
vn 0.06783086061477661 0.8014913201332092 -0.5941470265388489
vn 0.2508544921875 0.8411993980407715 -0.47901520133018494
vn 0.5456352829933167 0.646699845790863 -0.5329741835594177
vn 0.3125537633895874 0.8676459193229675 -0.3866533041000366
vn 0.468033105134964 0.8291432857513428 -0.30572280287742615
vn 0.11476952582597733 0.906639814376831 -0.40599530935287476
vn 0.17017099261283875 0.9134767055511475 -0.36959710717201233
vn -0.06438644230365753 0.9975454211235046 0.027521323412656784
vn 0.029948053881525993 0.9981810450553894 0.052322596311569214
vn -0.0032065133564174175 0.9999880790710449 0.00367142865434289
vn -0.045100048184394836 0.9988253116607666 0.017717814072966576
vn 0.006781153846532106 0.9861732125282288 0.16557873785495758
vn 0.09583082050085068 0.9841959476470947 0.1489121913909912
vn -0.049486611038446426 0.9721349477767944 0.229139506816864
vn 0.15352942049503326 0.9800662994384766 0.12609045207500458
vn 0.11058872193098068 0.9820277094841003 -0.15294361114501953
vn 0.06299871951341629 0.9929109215736389 0.10079223662614822
vn -0.06637673079967499 0.9765292406082153 0.20490200817584991
vn 0.12883447110652924 0.9238042235374451 -0.360537588596344
vn 0.6230933666229248 0.7410888075828552 -0.2500840723514557
vn 0.5303860306739807 0.847743034362793 -0.004733020439743996
vn 0.17988748848438263 0.9828281402587891 0.041098739951848984
vn 0.1934967339038849 0.9478015899658203 0.25343865156173706
vn 0.5303860306739807 0.847743034362793 -0.004733020439743996
vn 0.17237795889377594 0.9850278496742249 -0.002449211198836565
vn 0.3951592743396759 0.8864363431930542 0.24099746346473694
vn 0.6230933666229248 0.7410888075828552 -0.2500840723514557
vn -0.20632807910442352 0.9782330989837646 -0.022106347605586052
vn 0.2298154979944229 0.8976652026176453 0.3760080635547638
vn 0.3129255771636963 0.9325154423713684 -0.1802569031715393
vn -0.016314567998051643 0.9606032967567444 0.27744385600090027
vn 0.0723286122083664 0.9624892473220825 0.2615015208721161
vn -0.16050922870635986 0.9226247668266296 0.35071393847465515
vn 0.16038481891155243 0.9565642476081848 0.2434370070695877
vn 0.3847946524620056 0.9189807772636414 -0.0860668197274208
vn 0.0657181516289711 0.9888954758644104 -0.133292555809021
vn 0.40109121799468994 0.9139704704284668 -0.06151275709271431
vn 0.12833042442798615 0.9720662832260132 0.19651548564434052
vn 0.6619561314582825 0.7489631175994873 -0.029465971514582634
vn -0.09337034821510315 0.9859206676483154 -0.13871733844280243
vn -0.08458857238292694 0.9871270656585693 -0.13573884963989258
vn -0.13053837418556213 0.9803479313850403 -0.14791135489940643
vn -0.07579939812421799 0.9882470965385437 -0.13274848461151123
vn -0.14089402556419373 0.9791361093521118 -0.14642880856990814
vn 0.24839965999126434 0.7522358894348145 -0.6102776527404785
vn -0.06700360029935837 0.9892807006835938 -0.12974649667739868
vn -0.10427931696176529 0.9847742915153503 -0.13908757269382477
vn -0.1826062649488449 0.9708648920059204 -0.15516558289527893
vn -0.04939518868923187 0.991088330745697 -0.12370876222848892
vn -0.05820193886756897 0.9902278780937195 -0.12673316895961761
vn -0.3039683699607849 0.935327410697937 -0.18101292848587036
vn -0.308144748210907 0.9336999654769897 -0.18234911561012268
vn 0.22771252691745758 0.9708530306816101 -0.07477529346942902
vn 0.3098170757293701 0.9409766793251038 -0.13629473745822906
vn -0.5295630097389221 0.8183574080467224 -0.22328044474124908
vn -0.2997857630252838 0.9369347095489502 -0.1796717345714569
vn -0.2955968976020813 0.9385214447975159 -0.17832541465759277
vn 0.39307764172554016 0.916592538356781 -0.07312959432601929
vn 0.40303105115890503 0.9133116602897644 -0.05854717269539833
vn 0.6089013814926147 0.7854350209236145 -0.11104501038789749
vn -0.03617721050977707 0.9922167658805847 -0.11915195733308792
vn -0.04058412089943886 0.9918622970581055 -0.12067354470491409
vn 0.37248706817626953 0.9224191308021545 -0.10196259617805481
vn -0.10591191798448563 0.9852156639099121 -0.13465836644172668
vn 0.5525315999984741 0.8101229667663574 -0.19598360359668732
vn 0.5286774635314941 0.8249371647834778 -0.1999473124742508
vn -0.03176950290799141 0.9925494194030762 -0.11762776970863342
vn -0.16526511311531067 0.9748667478561401 -0.14940670132637024
vn 0.5720290541648865 0.8028725385665894 -0.16786456108093262
vn 0.5908265709877014 0.7946398258209229 -0.13954012095928192
vn 0.2073727250099182 0.977292537689209 -0.04354286566376686
vn -0.17394499480724335 0.9729090929031372 -0.1522856056690216
vn 0.30813857913017273 0.9508488178253174 0.030612703412771225
vn -0.43587684631347656 0.8589986562728882 -0.26857542991638184
vn -0.5643005967140198 0.7549525499343872 -0.33408302068710327
vn -0.5602220892906189 0.7644908428192139 -0.318912148475647
vn -0.5559544563293457 0.7737708687782288 -0.30363357067108154
vn 0.3903195261955261 0.8860483169555664 -0.2501380741596222
vn 0.4587792456150055 0.884607195854187 -0.08361658453941345
vn 0.6262311935424805 0.7752692699432373 -0.08241403102874756
vn 0.2729778587818146 0.9585639834403992 -0.08147477358579636
vn -0.2873971164226532 0.9412015676498413 -0.17760179936885834
vn -0.42513275146484375 0.8737193942070007 -0.23638196289539337
vn -0.5514990091323853 0.7827895283699036 -0.28825244307518005
vn -0.5468572378158569 0.7915437817573547 -0.2727739214897156
vn 0.3951592743396759 0.8864363431930542 0.24099746346473694
vn -0.580088198184967 0.7691777348518372 0.26807335019111633
vn -0.6256880760192871 0.7377833127975464 0.253357857465744
vn -0.13562820851802826 0.9848625659942627 0.10793852806091309
vn -0.6692348122596741 0.7039678692817688 0.23781098425388336
vn -0.7496041655540466 0.6295252442359924 0.20442962646484375
vn -0.4740266799926758 0.8644767999649048 0.16726776957511902
vn -0.36330413818359375 0.9233384132385254 0.12432366609573364
vn -0.12397637218236923 0.9921823740005493 0.0142811369150877
vn -0.5706749558448792 0.8102087378501892 0.13376034796237946
vn -0.119840107858181 0.9926475286483765 -0.01700798235833645
vn -0.12798912823200226 0.9907287359237671 0.04555602744221687
vn -0.21494783461093903 0.9624476432800293 -0.16580712795257568
vn -0.14139890670776367 0.9787936210632324 -0.14822043478488922
vn -0.11558441817760468 0.9921236038208008 -0.048280149698257446
vn -0.5665804147720337 0.8215103149414062 0.0640888586640358
vn -0.1112135723233223 0.99061119556427 -0.07950421422719955
vn -0.7455259561538696 0.658919095993042 0.10008280724287033
vn -0.8799241781234741 0.45695555210113525 0.13009652495384216
vn -0.5689833164215088 0.8163697719573975 0.09898646920919418
vn -0.5638414025306702 0.8258082866668701 0.011113572865724564
vn 0.2237689197063446 0.9596719741821289 0.17016784846782684
vn -0.15882007777690887 0.9752213954925537 -0.1540112942457199
vn -0.7653564214706421 0.6411153674125671 0.05657326057553291
vn -0.6106486320495605 0.7916511297225952 -0.019917059689760208
vn -0.4611302316188812 0.8672345876693726 -0.18778446316719055
vn -0.5368378758430481 0.7880272269248962 -0.3013603091239929
vn -0.6313735246658325 0.6793694496154785 -0.37393131852149963
vn 0.3099139630794525 0.940551221370697 -0.13898496329784393
vn 0.18138515949249268 0.9497115612030029 -0.2552396357059479
vn 0.1470082700252533 0.8782050609588623 -0.4551312327384949
vn 0.22332072257995605 0.9733273983001709 -0.052550170570611954
vn 0.36613377928733826 0.9189221262931824 -0.14672471582889557
vn 0.6351307034492493 0.7488602995872498 0.1892545372247696
vn 0.37613776326179504 0.92463219165802 0.05979698523879051
vn 0.5125976204872131 0.8513830900192261 0.11131240427494049
vn 0.37386634945869446 0.9270021319389343 0.02985280007123947
vn 0.5146617889404297 0.8547050952911377 -0.06784169375896454
vn 0.055514052510261536 0.980480968952179 -0.18861380219459534
vn 0.15821778774261475 0.9600891470909119 -0.23064260184764862
vn 0.1632365733385086 0.9611287713050842 -0.22267788648605347
vn 0.2688143253326416 0.9291481375694275 -0.2538161873817444
vn 0.28870534896850586 0.9313400983810425 -0.22193416953086853
vn -0.8799241781234741 0.45695555210113525 0.13009652495384216
vn -0.6562537550926208 0.7538889050483704 -0.03134766221046448
vn 0.18322458863258362 0.9642953872680664 -0.1912146955728531
vn 0.1742032915353775 0.9791662096977234 -0.10433882474899292
vn -0.537021279335022 0.8082473874092102 -0.24154575169086456
vn -0.027267076075077057 0.9932328462600708 -0.11289440840482712
vn -0.16090217232704163 0.9760704636573792 -0.14627677202224731
vn -0.03176950290799141 0.9925494194030762 -0.11762776970863342
vn -0.06113835424184799 0.9907529354095459 -0.12112284451723099
vn -0.08149410039186478 0.9900102019309998 -0.11505918204784393
vn -0.013753513805568218 0.9950255751609802 -0.09866590052843094
vn -0.1554943323135376 0.9766384363174438 -0.14831990003585815
vn 0.08840126544237137 0.993718147277832 -0.06862588226795197
vn -0.2871759831905365 0.9422491192817688 -0.17232675850391388
vn -0.41234180331230164 0.8888661861419678 -0.19972768425941467
vn -0.410368412733078 0.8902869820594788 -0.19745059311389923
vn -0.5295630097389221 0.8183574080467224 -0.22328044474124908
vn -0.3526599705219269 0.9165166616439819 -0.18875393271446228
vn 0.3089132308959961 0.9318811893463135 -0.19018465280532837
vn 0.365409255027771 0.9099505543708801 -0.1961275339126587
vn -0.18696467578411102 0.9692529439926147 -0.15997828543186188
vn 0.3659811317920685 0.8843766450881958 -0.2897167205810547
vn 0.468033105134964 0.8291432857513428 -0.30572280287742615
vn -0.17943570017814636 0.9721271395683289 -0.1509024202823639
vn 0.5816099643707275 0.8111461400985718 0.06141536310315132
vn 0.2582639753818512 0.9609472155570984 -0.09939968585968018
vn -0.6337392926216125 0.7731214761734009 -0.02564401738345623
vn -0.4283391237258911 0.8761885166168213 -0.2209509164094925
vn -0.5870679616928101 0.8094246983528137 -0.01351593155413866
vn -0.5750932693481445 0.8180249929428101 -0.010139108635485172
vn -0.24274547398090363 0.9548115134239197 -0.17149284482002258
vn -0.27033349871635437 0.9463509321212769 -0.1770305037498474
vn -0.5690990686416626 0.6965221762657166 -0.4370161294937134
vn -0.08200864493846893 0.9897540807723999 -0.11688244342803955
vn -0.36666205525398254 0.8967639207839966 -0.24773620069026947
vn -0.6121569275856018 0.7080018520355225 -0.3521324098110199
vn -0.1498522162437439 0.9795154929161072 -0.13451242446899414
vn -0.21694380044937134 0.9643614888191223 -0.15146738290786743
vn -0.4590744078159332 0.8474557399749756 -0.26658856868743896
vn -0.2829466462135315 0.9443678259849548 -0.16766218841075897
vn -0.08649240434169769 0.9888043403625488 -0.12159375846385956
vn -0.39802613854408264 0.8814539909362793 -0.25419294834136963
vn -0.573417603969574 0.7665989995002747 -0.2889954745769501
vn -0.5175489187240601 0.8090640902519226 -0.27849313616752625
vn -0.3475295603275299 0.919634997844696 -0.1830156147480011
vn -0.5521062612533569 0.7933632731437683 -0.25642403960227966
vn -0.5420308113098145 0.8000307083129883 -0.25720328092575073
vn -0.5435863733291626 0.8073731064796448 -0.22948329150676727
vn -0.3229157328605652 0.9290257096290588 -0.1806565672159195
vn 0.4892153739929199 0.7519616484642029 -0.4418393671512604
vn 0.39954715967178345 0.9157751798629761 0.04144873470067978
vn 0.4015226662158966 0.9130423069000244 0.07164745032787323
vn 0.5473929643630981 0.8245120644569397 0.14332009851932526
vn 0.2774890065193176 0.9586409330368042 -0.06330432742834091
vn 0.6262311935424805 0.7752692699432373 -0.08241403102874756
vn -0.4301420748233795 0.8787347674369812 -0.20688892900943756
vn -0.693898618221283 0.7139542698860168 -0.09366903454065323
vn -0.6429324150085449 0.7534245848655701 -0.13780194520950317
vn -0.025293339043855667 0.980499804019928 -0.19488582015037537
vn 0.2319340705871582 0.9725175499916077 0.0204019732773304
vn 0.08201556652784348 0.9964403510093689 -0.01949574053287506
vn 0.07803503423929214 0.9957930445671082 -0.04802841320633888
vn -0.19342632591724396 0.5600844025611877 -0.8055381774902344
vn -0.03420561924576759 0.7858162522315979 -0.6175134778022766
vn 0.4656553566455841 0.8721634745597839 -0.14998643100261688
vn 0.08721073716878891 0.9722916483879089 -0.2168947011232376
vn -0.2787775695323944 0.8923176527023315 0.35503828525543213
vn -0.443063348531723 0.8229538798332214 0.355586439371109
vn -0.37197741866111755 0.8425728678703308 0.38949164748191833
vn -0.2984410226345062 0.8566412329673767 0.42083099484443665
vn 0.07398971170186996 0.9943189024925232 -0.07652121037244797
vn -0.3247857391834259 0.9269867539405823 -0.18764261901378632
vn -0.4234366714954376 0.8587199449539185 0.28861984610557556
vn -0.5760299563407898 0.7676169276237488 0.280987411737442
vn -0.5112305283546448 0.7979136109352112 0.31933876872062683
vn -0.3205699324607849 0.6447070837020874 -0.6939651370048523
vn -0.16214263439178467 0.859774112701416 -0.48425009846687317
vn 0.21709473431110382 0.9446395635604858 -0.24602000415325165
vn 0.17017099261283875 0.9134767055511475 -0.36959710717201233
vn 0.20318686962127686 0.9355984330177307 -0.2887398898601532
vn 0.21709473431110382 0.9446395635604858 -0.24602000415325165
vn -0.6370345950126648 0.7322633266448975 0.24078497290611267
vn -0.5264597535133362 0.8238590955734253 -0.20999127626419067
vn -0.22415456175804138 0.9620801210403442 -0.15542413294315338
vn 0.49008315801620483 0.8258983492851257 -0.27876609563827515
vn 0.5115335583686829 0.8216428756713867 -0.251468300819397
vn 0.40095219016075134 0.8858534097671509 -0.23345452547073364
vn 0.067795030772686 0.972667396068573 0.22208543121814728
vn -0.04964485764503479 0.9611931443214417 0.27137255668640137
vn 0.6940901279449463 0.7065415978431702 0.13797786831855774
vn 0.7024310231208801 0.7044615745544434 0.1016106978058815
vn 0.5693545937538147 0.8213713765144348 0.03441496565937996
vn 0.709790825843811 0.701397716999054 0.06510160863399506
vn 0.17773987352848053 0.9098922610282898 -0.3748394250869751
vn 0.13966789841651917 0.8820056319236755 -0.450065553188324
vn 0.6745136976242065 0.7077401876449585 0.21008367836475372
vn 0.6847800016403198 0.7076349854469299 0.17415237426757812
vn 0.5472018718719482 0.8271324634552002 0.12814822793006897
vn 0.5520718097686768 0.8265392184257507 0.10977064073085785
vn 0.332920104265213 0.9315186142921448 -0.14641472697257996
vn 0.4089581370353699 0.9125496745109558 0.0025218159426003695
vn 0.24166922271251678 0.9680718779563904 -0.06657855957746506
vn 0.2370387315750122 0.9703726768493652 -0.0467916764318943
vn 0.33059850335121155 0.9423667788505554 -0.0514724999666214
vn -0.14272689819335938 0.9750723838806152 0.16989095509052277
vn -0.06014857068657875 0.9879050254821777 0.142918661236763
vn -0.14925691485404968 0.961397111415863 0.23116648197174072
vn -0.13924692571163177 0.9804558753967285 0.13898396492004395
vn -0.018290003761649132 0.9914568066596985 0.12914659082889557
vn -0.15519224107265472 0.9438913464546204 0.29152098298072815
vn -0.38023990392684937 0.868610680103302 0.31769976019859314
vn 0.22109520435333252 0.9368377923965454 -0.27102017402648926
vn -0.2348547875881195 0.9586564898490906 -0.16068868339061737
vn -0.26888880133628845 0.9477357268333435 -0.1717437207698822
vn -0.2519114017486572 0.9533606171607971 -0.166265070438385
vn -0.1880912035703659 0.9700402021408081 -0.15376514196395874
vn -0.21396149694919586 0.9632723331451416 -0.16225580871105194
vn -0.37586143612861633 0.9072048664093018 -0.18896448612213135
vn 0.37633275985717773 0.868291437625885 -0.32317739725112915
vn -0.3053473234176636 0.9243963360786438 -0.22859230637550354
vn -0.156477153301239 0.9774777889251709 -0.14160561561584473
vn 0.2453954517841339 0.9690616726875305 0.02646697126328945
vn 0.37853795289993286 0.9212381839752197 0.08960535377264023
vn 0.2388075739145279 0.9705294370651245 -0.03230447322130203
vn 0.06988294422626495 0.9920190572738647 -0.10495045781135559
vn 0.3260110020637512 0.9431878924369812 0.0641365647315979
vn -0.18909315764904022 0.969276487827301 -0.15731148421764374
vn -0.4806823432445526 0.8500134348869324 -0.21545661985874176
vn -0.588042140007019 0.7882965803146362 -0.18109381198883057
vn -0.03279420733451843 0.9668245911598206 0.2533278465270996
vn -0.3516030013561249 0.9160999655723572 -0.19270797073841095
vn -0.3781166672706604 0.9044221639633179 -0.1976069211959839
vn -0.740630030632019 0.6701266765594482 -0.0489644780755043
vn -0.2533702254295349 0.9520338773727417 -0.1715661883354187
vn 0.22322657704353333 0.9532691240310669 -0.2035878449678421
vn 0.2744271457195282 0.9347409605979919 -0.22571887075901031
vn 0.29335325956344604 0.9050789475440979 -0.307856947183609
vn 0.38243165612220764 0.8710708022117615 -0.30819085240364075
vn 0.37381061911582947 0.8880727291107178 -0.2675679326057434
vn 0.2307116836309433 0.8764610886573792 -0.4225969910621643
vn -0.4833335876464844 0.824299693107605 0.2948198914527893
vn -0.2574447691440582 0.9226508140563965 0.28711962699890137
vn 0.35794004797935486 0.9040434956550598 -0.2336329221725464
vn 0.3925199806690216 0.8828551173210144 -0.2578660547733307
vn 0.43583163619041443 0.8785316348075867 -0.19553250074386597
vn -0.6793711185455322 0.7320511937141418 -0.05055722966790199
vn -0.5610389709472656 0.818252682685852 -0.12529101967811584
vn -0.463329941034317 0.8792851567268372 -0.11037618666887283
vn -0.5530229806900024 0.8296017646789551 -0.07698345184326172
vn -0.4682304561138153 0.8608986139297485 -0.19903235137462616
vn 0.12010858207941055 0.8654654026031494 -0.48635733127593994
vn 0.06783086061477661 0.8014913201332092 -0.5941470265388489
vn -0.7118201851844788 0.7022922039031982 -0.009882461279630661
vn 0.12010858207941055 0.8654654026031494 -0.48635733127593994
vn 0.000050558141083456576 0.594296932220459 -0.8042457103729248
vn 0.41119906306266785 0.8233380317687988 -0.3911900818347931
vn -0.5521211624145508 0.8097109198570251 -0.1988227516412735
vn 0.49503186345100403 0.8439551591873169 0.20659878849983215
vn 0.27339601516723633 0.9394415020942688 0.2066505402326584
vn 0.2121567577123642 0.9249160289764404 0.31546780467033386
vn -0.184752956032753 0.9799401760101318 0.07472348213195801
vn 0.5323582887649536 0.8163823485374451 -0.2238629013299942
vn 0.012940636835992336 0.9662227630615234 -0.2573832869529724
vn 0.012940636835992336 0.9662227630615234 -0.2573832869529724
vn 0.012940636835992336 0.9662227630615234 -0.2573832869529724
vn 0.21154329180717468 0.9146234393119812 -0.34454819560050964
vn -0.820142388343811 0.5468263626098633 0.1683671772480011
vn -0.3753296136856079 0.8905743360519409 0.25691473484039307
vn -0.5318303108215332 0.8161910176277161 -0.22580662369728088
vn 0.2418990284204483 0.9702982306480408 -0.002479342045262456
vn -0.7417117357254028 0.6700099110603333 0.03082781471312046
vn 0.09058360010385513 0.9718232750892639 -0.21761009097099304
vn 0.22109520435333252 0.9368377923965454 -0.27102017402648926
vn 0.09058360010385513 0.9718232750892639 -0.21761009097099304
vn 0.5645383596420288 0.8175407648086548 -0.11368177086114883
vn 0.504997193813324 0.8225952386856079 -0.2613714337348938
vn 0.5402562022209167 0.813269853591919 -0.2161376178264618
vn 0.1078447699546814 0.843172550201416 -0.5267158150672913
vn -0.5592293739318848 0.8039405345916748 -0.20234154164791107
vn -0.4749249219894409 0.8614019155502319 0.18009182810783386
vn -0.3816886842250824 0.912467360496521 0.14736731350421906
vn 0.3246796727180481 0.912983775138855 -0.24707013368606567
vn 0.41176679730415344 0.8835000991821289 -0.22332829236984253
vn 0.573691189289093 0.8011985421180725 -0.1701740324497223
vn 0.5380401611328125 0.8416605591773987 -0.046047061681747437
vn 0.6870332956314087 0.7264066338539124 0.017847947776317596
vn 0.5896891355514526 0.7941456437110901 -0.14696702361106873
vn 0.605189323425293 0.7864223718643188 -0.12363595515489578
vn 0.561588704586029 0.8243186473846436 0.07153180241584778
vn 0.29380691051483154 0.9340432286262512 -0.20307812094688416
vn 0.40342119336128235 0.8904282450675964 -0.21068662405014038
vn 0.6611091494560242 0.7295336127281189 0.1752580851316452
vn 0.2102564424276352 0.9682576656341553 -0.1351643204689026
vn -0.5009126663208008 0.8582446575164795 -0.11181507259607315
vn -0.8202743530273438 0.5704941153526306 0.041066527366638184
vn -0.8527013659477234 0.5152972936630249 0.08584348857402802
vn -0.5978355407714844 0.790900707244873 -0.13064734637737274
vn -0.6055979132652283 0.791985809803009 -0.07752098143100739
vn -0.7828410267829895 0.6222090721130371 -0.003961062524467707
vn -0.7623172402381897 0.6466613411903381 -0.026482978835701942
vn 0.4040278494358063 0.914463460445404 -0.022763807326555252
vn 0.4684755802154541 0.5462608933448792 0.6943556070327759
vn -0.060809824615716934 0.9496374726295471 0.3073936402797699
vn 0.42297977209091187 0.8823620080947876 -0.20621681213378906
vn 0.3807382583618164 0.8857530951499939 -0.2654803693294525
vn 0.21261413395404816 0.9762457013130188 -0.04170729219913483
vn 0.27428558468818665 0.9602106809616089 -0.05256100744009018
vn 0.6346440315246582 0.7689908742904663 -0.07668040692806244
vn 0.6485738754272461 0.7592975497245789 -0.053095605224370956
vn 0.6987069845199585 0.7142035961151123 0.041492290794849396
vn 0.5666375160217285 0.8239651918411255 0.0018305975245311856
vn 0.709790825843811 0.701397716999054 0.06510160863399506
vn 0.4828985035419464 0.8659301996231079 -0.13028399646282196
vn 0.18113547563552856 0.9809672236442566 -0.06995231658220291
vn 0.21129414439201355 0.9759781956672668 -0.05311626195907593
vn 0.13966378569602966 0.9875621795654297 -0.07221489399671555
vn 0.5191574096679688 0.851716160774231 -0.07110048830509186
vn 0.6262311935424805 0.7752692699432373 -0.08241403102874756
vn -0.10092785954475403 0.8256505131721497 -0.5550809502601624
vn -0.3801112174987793 0.6785273551940918 -0.6285826563835144
vn -0.24243272840976715 0.8860085606575012 -0.39524078369140625
vn 0.1942797750234604 0.980647087097168 0.02422109991312027
vn -0.4077308773994446 0.8806107044219971 -0.24141326546669006
vn -0.6376924514770508 0.6693498492240906 -0.3812074363231659
vn -0.6096176505088806 0.774272620677948 -0.16990603506565094
vn -0.1032586544752121 0.8196601867675781 -0.5634667873382568
vn 0.34853067994117737 0.9267710447311401 -0.14007779955863953
vn 0.286624550819397 0.8795741200447083 0.3797312378883362
vn 0.4254280924797058 0.8870316743850708 0.17940391600131989
vn 0.21613909304141998 0.8733093738555908 0.4365943372249603
vn 0.5434381365776062 0.8379948735237122 0.049392614513635635
vn 0.6332870125770569 0.7567747235298157 -0.16198648512363434
vn 0.5878617167472839 0.8030588626861572 -0.09754551202058792
vn 0.27422699332237244 0.8493598103523254 0.4509848356246948
vn -0.04729275032877922 0.9988701343536377 0.004662225488573313
vn 0.2542862594127655 0.9612350463867188 0.10660972446203232
vn -0.055531036108732224 0.7675711512565613 -0.6385536789894104
vn 0.4086815118789673 0.8510451912879944 0.3296990692615509
vn 0.3971450924873352 0.9047262668609619 0.15409815311431885
vn 0.2758570909500122 0.9263388514518738 -0.256513386964798
vn 0.3541949689388275 0.8790348172187805 0.31912943720817566
vn 0.13078027963638306 0.8198230862617493 0.5574824213981628
vn 0.5912937521934509 0.8045212030410767 0.05583374202251434
vn 0.5242531299591064 0.8453437089920044 0.10272646695375443
vn 0.5138158798217773 0.8578729033470154 0.006879860069602728
vn 0.5297349095344543 0.8248238563537598 0.1976020485162735
vn 0.382406622171402 0.9027717113494873 0.19689711928367615
vn 0.4830307364463806 0.8541862964630127 0.19247616827487946
vn 0.4213358461856842 0.8694794178009033 0.25784024596214294
vn 0.4177350103855133 0.9080551862716675 -0.030548129230737686
vn 0.5297349095344543 0.8248238563537598 0.1976020485162735
vn 0.4363590180873871 0.790813148021698 -0.429191529750824
vn 0.1078447699546814 0.843172550201416 -0.5267158150672913
vn 0.06783086061477661 0.8014913201332092 -0.5941470265388489
vn 0.2298154979944229 0.8976652026176453 0.3760080635547638
vn 0.5297349095344543 0.8248238563537598 0.1976020485162735
vn 0.4684755802154541 0.5462608933448792 0.6943556070327759
vn 0.5934209823608398 0.8046673536300659 -0.019028231501579285
vn 0.49711281061172485 0.8612673282623291 -0.10534407943487167
vn 0.36569052934646606 0.9305508136749268 -0.01859058067202568
vn 0.4740045666694641 0.8535646200180054 -0.21621069312095642
vn 0.6167644262313843 0.7654557824134827 -0.1835184544324875
vn 0.2073727250099182 0.977292537689209 -0.04354286566376686
vn 0.34574833512306213 0.9290239214897156 -0.13180561363697052
vn 0.3317999243736267 0.9113382697105408 -0.24366243183612823
vn 0.4363590180873871 0.790813148021698 -0.429191529750824
vn 0.45809516310691833 0.827451229095459 -0.3247665464878082
vn 0.6855499148368835 0.6306394934654236 -0.3637515604496002
vn 0.18138515949249268 0.9497115612030029 -0.2552396357059479
vn 0.3136330842971802 0.8836767077445984 -0.3474905490875244
vn 0.29509827494621277 0.8442783951759338 -0.4473375976085663
vn 0.6384841203689575 0.7646687030792236 -0.08729132264852524
vn 0.6701593995094299 0.706234872341156 -0.2282952219247818
vn 0.2298154979944229 0.8976652026176453 0.3760080635547638
vn 0.2237689197063446 0.9596719741821289 0.17016784846782684
vn 0.5396149158477783 0.8325935006141663 0.12491513043642044
vn 0.5912937521934509 0.8045212030410767 0.05583374202251434
vn 0.47114336490631104 0.8413903713226318 0.26473793387413025
vn -0.016954854130744934 0.7634033560752869 0.6456995010375977
vn 0.6701593995094299 0.706234872341156 -0.2282952219247818
vn 0.29509827494621277 0.8442783951759338 -0.4473375976085663
vn 0.1470082700252533 0.8782050609588623 -0.4551312327384949
vn 0.4864581525325775 0.8661187887191772 0.11487647145986557
vn 0.1470082700252533 0.8782050609588623 -0.4551312327384949
vn 0.6855499148368835 0.6306394934654236 -0.3637515604496002
vn 0.6855499148368835 0.6306394934654236 -0.3637515604496002
vn 0.4006352126598358 0.7615830302238464 -0.5093943476676941
vn 0.4842213988304138 -0.0005435073398984969 -0.874945342540741
vn 0.7577241659164429 0.6459558606147766 0.09271001070737839
vn 0.4254280924797058 0.8870316743850708 0.17940391600131989
vn 0.5878617167472839 0.8030588626861572 -0.09754551202058792
vn 0.5462419390678406 0.5023992657661438 -0.6702348589897156
vn 0.5674344301223755 0.0023601381108164787 -0.8234152793884277
vn 0.7717574834823608 0.27633193135261536 -0.5727398991584778
vn 0.8209837079048157 -0.1767328977584839 0.542910099029541
vn 0.6655919551849365 -0.3282127380371094 0.6702713370323181
vn 0.541194498538971 -0.3330930769443512 0.772112250328064
vn 0.9243958592414856 -0.014063408598303795 0.38117516040802
vn 0.6348189115524292 -0.2603173851966858 0.7274888157844543
vn 0.14323092997074127 -0.4397588074207306 -0.8866211771965027
vn 0.21933048963546753 -0.7734072804450989 -0.594756543636322
vn 0.675462007522583 -0.38755783438682556 -0.6273357272148132
vn 0.408327579498291 -0.23631909489631653 0.8817153573036194
vn 0.3683556914329529 -0.01063644327223301 0.929624080657959
vn 0.6009330153465271 -0.012710293754935265 0.7991982698440552
vn 0.9691037535667419 -0.19846220314502716 -0.14646029472351074
vn 0.948893129825592 -0.12088419497013092 -0.29152849316596985
vn 0.10958550125360489 -0.007806261535733938 0.9939467310905457
vn 0.435271680355072 0.28852325677871704 0.8528146743774414
vn 0.739672064781189 -0.6729335784912109 0.006750671658664942
vn 0.731593668460846 -0.582108199596405 -0.35485315322875977
vn 0.8404139876365662 0.4621531665325165 0.2830524742603302
vn 0.6678963303565979 0.5231662392616272 0.5293501019477844
vn 0.9338088035583496 0.35762953758239746 0.010106123983860016
vn 0.8364702463150024 0.2674442231655121 0.4783213138580322
vn 0.9629085063934326 0.17803354561328888 0.20275919139385223
vn 0.7907795906066895 -0.013880349695682526 0.6119436025619507
vn 0.6654556393623352 0.2677159011363983 0.6967761516571045
vn 0.4751368761062622 -0.5775240659713745 0.6638606190681458
vn 0.8432276844978333 -0.23383590579032898 0.4840327501296997
vn 0.9574981331825256 -0.12188718467950821 0.261420875787735
vn 0.23789481818675995 -0.7699663639068604 0.5920792818069458
vn 0.1773773580789566 -0.4377358853816986 0.8814332485198975
vn 0.5293412208557129 -0.8166359066963196 0.2300078123807907
vn 0.7101959586143494 -0.5587673783302307 0.4282529950141907
vn 0.7347304821014404 -0.6734657883644104 0.08133265376091003
vn 0.27516970038414 -0.9613956809043884 -0.00009477033017901704
vn 0.3293937146663666 0.26456746459007263 -0.9063685536384583
vn 0.060057830065488815 -0.01542220264673233 -0.9980757832527161
vn 0.3257010877132416 -0.0067798905074596405 -0.9454485177993774
vn 0.2598373293876648 0.6724646091461182 -0.6930192708969116
vn 0.614068865776062 -0.08295895904302597 -0.7848803997039795
vn 0.34996211528778076 0.6916913986206055 0.6317354440689087
vn 0.9829979538917542 -0.18325112760066986 0.011577529832720757
vn 0.8982661366462708 -0.4009679853916168 -0.17984041571617126
vn 0.6418606638908386 -0.32949984073638916 -0.6924194693565369
vn 0.6971147656440735 -0.5700816512107849 -0.434784859418869
vn 0.9733356237411499 -0.1830044835805893 0.13830089569091797
vn 0.8646423816680908 -0.352896124124527 0.3575723469257355
vn 0.8919900059700012 -0.44570040702819824 0.07553063333034515
vn 0.6855499148368835 0.6306394934654236 -0.3637515604496002
vn 0.8391401767730713 0.5121139883995056 -0.18325655162334442
vn 0.7864423394203186 -0.03273852914571762 -0.6167954802513123
vn 0.9112460613250732 0.019462160766124725 -0.4114023447036743
vn 0.4347356855869293 0.7555335760116577 -0.4900754392147064
vn 0.60695481300354 0.748681902885437 -0.2666105329990387
vn 0.2758570909500122 0.9263388514518738 -0.256513386964798
vn 0.5297349095344543 0.8248238563537598 0.1976020485162735
vn 0.4177350103855133 0.9080551862716675 -0.030548129230737686
vn 0.8188707828521729 -0.10679798573255539 -0.5639547109603882
vn 0.8558252453804016 0.5014370679855347 -0.12697994709014893
vn 0.7219071984291077 0.6910110116004944 0.036795660853385925
vn 0.8954548835754395 -0.44505029916763306 0.0095271160826087
vn 0.5275212526321411 -0.849534809589386 0.0034597800113260746
vn 0.7380291819572449 0.5284058451652527 -0.4196430742740631
vn 0.5998567938804626 -0.6109151840209961 0.5166764259338379
vn 0.8268262147903442 -0.23409613966941833 -0.5114267468452454
vn -0.055531036108732224 0.7675711512565613 -0.6385536789894104
vn -0.016954854130744934 0.7634033560752869 0.6456995010375977
vn 0.9206828474998474 0.27139991521835327 -0.28050896525382996
vn 0.21613909304141998 0.8733093738555908 0.4365943372249603
vn 0.5273445844650269 -0.2995772063732147 -0.7950856685638428
vn 0.8880689144134521 -0.4453016519546509 0.11419331282377243
vn 0.49252378940582275 -0.6902640461921692 0.5300525426864624
vn 0.4379394054412842 -0.39792564511299133 0.8061415553092957
vn 0.695651113986969 -0.5190083384513855 0.4966888129711151
vn 0.8675722479820251 -0.03104652836918831 0.4963410794734955
vn 0.8729218244552612 0.4673164188861847 0.14008133113384247
vn 0.9988408088684082 -0.006504845805466175 0.04769473522901535
vn 0.9206828474998474 0.27139991521835327 -0.28050896525382996
vn 0.9112460613250732 0.019462160766124725 -0.4114023447036743
vn 0.9173162579536438 0.012897967360913754 -0.39795035123825073
vn 0.9146044850349426 0.10093516856431961 -0.3915492296218872
vn 0.9956867098808289 -0.05788259208202362 -0.07250882685184479
vn 0.8558252453804016 0.5014370679855347 -0.12697994709014893
vn 0.8510512709617615 0.0026274574920535088 0.5250759124755859
vn 0.8326303362846375 0.0362955778837204 0.5526385307312012
vn 0.950139045715332 0.015454973094165325 0.31144365668296814
vn 0.948893129825592 -0.12088419497013092 -0.29152849316596985
vn 0.8041024804115295 0.2629232704639435 0.533189058303833
vn 0.9883391857147217 -0.04692738875746727 0.1448565125465393
vn 0.9034756422042847 0.26714634895324707 -0.33520835638046265
vn 0.8945708274841309 0.343854159116745 -0.2854948937892914
vn 0.9916760921478271 0.0027355256024748087 -0.12872838973999023
vn 0.9047597646713257 0.1881851851940155 -0.3820944130420685
vn 0.9574981331825256 -0.12188718467950821 0.261420875787735
vn 0.8563938736915588 0.495365709066391 -0.14561037719249725
vn 0.9829979538917542 -0.18325112760066986 0.011577529832720757
vn 0.7805518507957458 0.6250906586647034 0.0006782026030123234
vn 0.9829979538917542 -0.18325112760066986 0.011577529832720757
vn 0.7876092791557312 0.5802820920944214 0.20723038911819458
vn 0.8237958550453186 0.15060199797153473 0.5465157628059387
vn 0.976417601108551 0.03549554571509361 0.21295253932476044
vn 0.9691037535667419 -0.19846220314502716 -0.14646029472351074
vn 0.9243958592414856 -0.014063408598303795 0.38117516040802
vn 0.5297349095344543 0.8248238563537598 0.1976020485162735
vn 0.9733356237411499 -0.1830044835805893 0.13830089569091797
vn 0.9191612005233765 -0.03690565004944801 -0.39214882254600525
vn 0.9784872531890869 -0.007523046340793371 -0.20617036521434784
vn 0.999600350856781 -0.027636077255010605 -0.005950060673058033
vn 0.9569106101989746 0.17918097972869873 0.2285088151693344
vn 0.7594436407089233 0.5095223784446716 0.4045149087905884
vn 0.9629085063934326 0.17803354561328888 0.20275919139385223
vn 0.9338088035583496 0.35762953758239746 0.010106123983860016
vn 0.9220698475837708 0.3299476206302643 -0.20229099690914154
vn 0.8391401767730713 0.5121139883995056 -0.18325655162334442
vn 0.6855499148368835 0.6306394934654236 -0.3637515604496002
vn 0.7219071984291077 0.6910110116004944 0.036795660853385925
vn 0.8675722479820251 -0.03104652836918831 0.4963410794734955
vn 0.6611091494560242 0.7295336127281189 0.1752580851316452
vn 0.4684755802154541 0.5462608933448792 0.6943556070327759
vn 0.9185278415679932 -0.012007620185613632 -0.39517393708229065
vn 0.5297349095344543 0.8248238563537598 0.1976020485162735
vt 2.068542718887329 0.49696797132492065
vt 2.2235751152038574 0.5841563940048218
vt 2.2166409492492676 0.40977954864501953
vt 0.2682754397392273 0.8740000128746033
vt 0.09907031059265137 0.8430000096559525
vt -0.05489790439605713 0.8740000128746033
vt 3.1798300743103027 0.218999981880188
vt 3.3212544918060303 0.25
vt 3.104893684387207 0.234499990940094
vt 0.223780557513237 0.8120000064373016
vt -0.007532402873039246 0.75
vt 0.2300715297460556 0.75
vt 0.45509350299835205 0.8740000128746033
vt 3.113341808319092 0.17250001430511475
vt 3.038405656814575 0.18799996376037598
vt 0.9428833723068237 0.75
vt 0.8184487819671631 0.8430000096559525
vt 0.6989884376525879 0.8120000064373016
vt 3.055302143096924 0.06400001049041748
vt 3.046854019165039 0.12599998712539673
vt 2.980365753173828 0.07950001955032349
vt 0.46767547726631165 0.75
vt 0.23964667320251465 0.6875
vt 3.205174684524536 0.03299999237060547
vt 3.271662712097168 0.07949995994567871
vt 3.1967265605926514 0.09500002861022949
vt 3.338150978088379 0.12599998712539673
vt 3.2801108360290527 0.017499983310699463
vt 3.1882781982421875 0.15700000524520874
vt 3.1217901706695557 0.11049997806549072
vt 2.60671329498291 0.06400001049041748
vt 2.4578700065612793 0.001999974250793457
vt 2.6073994636535645 0.001999974250793457
vt 2.7569291591644287 0.001999974250793457
vt 3.055988311767578 0.001999974250793457
vt 3.2055177688598633 0.001999974250793457
vt 3.3550472259521484 0.001999974250793457
vt 2.822044849395752 0.17250001430511475
vt 2.8969812393188477 0.15699994564056396
vt 2.888533115386963 0.218999981880188
vt 2.75555682182312 0.12599998712539673
vt 2.7471086978912354 0.18799996376037598
vt 2.9217770099639893 0.2422499656677246
vt 3.268202781677246 0.6875
vt 3.2675771713256836 0.75
vt 3.463963508605957 0.75
vt 2.7386603355407715 0.25
vt 3.650078296661377 0.8740000128746033
vt 3.6603496074676514 0.75
vt 3.4536921977996826 0.8740000128746033
vt 3.2573060989379883 0.8740000128746033
vt 1.7023165225982666 0.6277506053447723
vt 1.632286787033081 0.5841563940048218
vt 1.628267526626587 0.6713448166847229
vt 3.6398072242736816 0.9980000257492065
vt 0.8897432684898376 0.75
vt 0.9795055389404297 0.75
vt 0.9795055389404297 0.6875
vt 1.7803850173950195 0.49696797132492065
vt 1.7063359022140503 0.5405621826648712
vt 1.710355281829834 0.4533737897872925
vt 1.7723462581634521 0.6713448166847229
vt 1.6982972621917725 0.7149390280246735
vt 1.7758135795593262 0.758533239364624
vt 1.6242481470108032 0.758533239364624
vt 1.9244638681411743 0.49696797132492065
vt 1.850414752960205 0.5405621826648712
vt 1.9204444885253906 0.5841563940048218
vt 1.9985129833221436 0.4533737897872925
vt 1.928483247756958 0.40977954864501953
vt 1.8544341325759888 0.4533737897872925
vt 1.7844042778015137 0.40977954864501953
vt 3.0718166828155518 0.6875
vt 2.8910183906555176 0.4375
vt 3.0892398357391357 0.46875
vt 3.090301513671875 0.4375
vt 2.87605619430542 0.625
vt 2.874804973602295 0.75
vt 3.287461280822754 0.5
vt 3.0881781578063965 0.5
vt 3.288522958755493 0.46875
vt 3.4867444038391113 0.5
vt 3.388164520263672 0.46875
vt 3.0299572944641113 0.25
vt 3.263214588165283 0.14149999618530273
vt 3.2547664642333984 0.20350003242492676
vt 2.597235918045044 0.218999981880188
vt 2.6721723079681396 0.20349997282028198
vt 2.4558115005493164 0.18799996376037598
vt 2.5222997665405273 0.234499990940094
vt 1.9009759426116943 0.25
vt 1.7016957998275757 0.25
vt 1.9032343626022339 0.218999981880188
vt -0.393308162689209 0.9360000193119049
vt -0.5625132918357849 0.9670000225305557
vt -0.393308162689209 0.9980000257492065
vt -0.7317184209823608 0.9980000257492065
vt -0.5625132918357849 0.9050000160932541
vt 3.6731886863708496 0.625
vt 3.6860275268554688 0.5
vt 3.473905563354492 0.625
vt 3.2746224403381348 0.625
vt 2.7803525924682617 0.2112499475479126
vt 3.0785489082336426 0.59375
vt 2.888895034790039 0.5
vt 2.448049545288086 0.3125
vt 2.302057981491089 0.28125
vt 2.3747105598449707 0.265625
vt 2.156066417694092 0.25
vt 2.375396728515625 0.328125
vt 1.3009402751922607 0.625
vt 1.3997931480407715 0.609375
vt 1.3994803428649902 0.640625
vt 1.005632996559143 0.546875
vt 1.6963515281677246 0.5625
vt 1.498958706855774 0.5625
vt 1.3015658855438232 0.5625
vt 3.081758737564087 0.5625
vt 2.3041164875030518 0.46875
vt 2.2307777404785156 0.421875
vt 2.3034303188323975 0.40625
vt 2.1574387550354004 0.375
vt 2.23146390914917 0.484375
vt 0.8186401724815369 0.03299999237060547
vt 0.9142252206802368 0.001999974250793457
vt 0.9181262254714966 0.06400001049041748
vt 0.7191541194915771 0.001999974250793457
vt 0.721104621887207 0.03299999237060547
vt 2.580538749694824 0.71875
vt 2.4826583862304688 0.6875
vt 2.4820327758789062 0.75
vt 2.679044485092163 0.6875
vt 2.6784188747406006 0.75
vt 2.035573720932007 0.7810000032186508
vt 2.1343588829040527 0.75
vt 2.129323959350586 0.8120000064373016
vt 1.936788558959961 0.8120000064373016
vt 1.9418234825134277 0.75
vt 2.1268064975738525 0.8430000096559525
vt 2.034411907196045 0.8430000096559525
vt 3.2192442417144775 0.7810000032186508
vt 3.2242658138275146 0.8120000064373016
vt 3.0682077407836914 0.8120000064373016
vt 3.3702807426452637 0.75
vt 3.069286823272705 0.75
vt 2.156752586364746 0.3125
vt 2.156752586364746 0.3125
vt 2.1574387550354004 0.375
vt 2.156066417694092 0.25
vt 2.283078908920288 0.7810000032186508
vt 2.288412094116211 0.8120000064373016
vt 2.4768972396850586 0.8120000064373016
vt 2.0892605781555176 0.75
vt 2.285646677017212 0.75
vt 0.46433478593826294 0.20349997282028198
vt 0.6388155221939087 0.218999981880188
vt 0.5273351073265076 0.25
vt 0.5200749635696411 0.18799996376037598
vt 0.2898540496826172 0.18799996376037598
vt 0.7575560808181763 0.25
vt 0.8132962584495544 0.234499990940094
vt 0.9877769947052002 0.25
vt 0.9329348802566528 0.9980000257492065
vt 0.6940141916275024 0.9360000193119049
vt 0.4085945785045624 0.218999981880188
vt 0.29711416363716125 0.25
vt 2.1574387550354004 0.12599998712539673
vt 2.1581249237060547 0.06400001049041748
vt 2.1581249237060547 0.06400001049041748
vt 2.158811092376709 0.001999974250793457
vt 0.7502959370613098 0.18799996376037598
vt 0.8690364360809326 0.218999981880188
vt 2.156752586364746 0.18799996376037598
vt 2.1574387550354004 0.12599998712539673
vt 0.7513248920440674 0.3125
vt 0.6984430551528931 0.265625
vt 0.8695509433746338 0.28125
vt -0.577001690864563 0.03299999237060547
vt -0.41776809096336365 0.001999974250793457
vt -0.5747432708740234 0.001999974250793457
vt -0.7317184209823608 0.001999974250793457
vt -0.2630513906478882 0.03299999237060547
vt -0.10381776094436646 0.001999974250793457
vt -0.26079291105270386 0.001999974250793457
vt 3.680891990661621 0.375
vt 3.6757562160491943 0.25
vt 3.478818893432617 0.25
vt 3.483954429626465 0.375
vt 3.281881332397461 0.25
vt 3.2870168685913086 0.375
vt -0.7173284292221069 0.06439042091369629
vt -0.6239863634109497 0.034678876399993896
vt -0.7222397923469543 -0.0023041963577270508
vt -0.7124170064926147 0.13108503818511963
vt 1.184746265411377 0.06400001049041748
vt 1.248792290687561 0.12599998712539673
vt 1.248792290687561 0.06400001049041748
vt 1.248792290687561 0.001999974250793457
vt 1.7467706203460693 0.7810000032186508
vt 1.7519991397857666 0.8120000064373016
vt 1.5567525625228882 0.75
vt 1.7492880821228027 0.75
vt 3.4223275184631348 0.12599998712539673
vt 3.413879156112671 0.18799996376037598
vt 3.5065038204193115 0.12599998712539673
vt 3.4307756423950195 0.06400001049041748
vt 3.3465991020202637 0.06400001049041748
vt 3.489607334136963 0.25
vt 3.405430793762207 0.25
vt 3.413878917694092 0.3125
vt 3.4392240047454834 0.5
vt 3.52340030670166 0.5
vt 3.4430320262908936 0.5625
vt 3.4307756423950195 0.4375
vt 3.5065035820007324 0.375
vt 3.4223272800445557 0.375
vt 3.338150978088379 0.375
vt 3.3465993404388428 0.4375
vt 3.273946762084961 0.453125
vt 3.3550477027893066 0.5
vt 3.362664222717285 0.625
vt 3.358855962753296 0.5625
vt 3.284559726715088 0.578125
vt 3.5310163497924805 0.625
vt 3.446840286254883 0.625
vt 3.450648546218872 0.6875
vt 0.44683167338371277 0.24102628231048584
vt 0.5386145710945129 0.16704905033111572
vt 0.4517434537410736 0.15783041715621948
vt 0.3648723363876343 0.14861178398132324
vt 0.45665523409843445 0.07463455200195312
vt 0.5287910103797913 0.33344078063964844
vt 0.5337027907371521 0.2502449154853821
vt 2.156752586364746 0.18799996376037598
vt 0.3550487756729126 0.31500351428985596
vt 0.35996055603027344 0.2318076491355896
vt 0.2730894386768341 0.22258901596069336
vt 0.44191989302635193 0.3242221474647522
vt 0.4326257109642029 0.36633265018463135
vt 2.368429660797119 0.8430000096559525
vt 2.3689589500427246 0.8120000064373016
vt 2.2203547954559326 0.8740000128746033
vt 2.5165047645568848 0.8120000064373016
vt 2.3733530044555664 0.8740000128746033
vt 2.6645798683166504 0.7810000032186508
vt 2.6651086807250977 0.75
vt 2.812654733657837 0.75
vt 2.6695027351379395 0.8120000064373016
vt 3.1302385330200195 0.048500001430511475
vt 2.232375144958496 0.11049997806549072
vt 2.1581249237060547 0.06400001049041748
vt 2.3073112964630127 0.09499996900558472
vt 2.1574387550354004 0.12599998712539673
vt 2.3066251277923584 0.15699994564056396
vt 2.3767690658569336 0.453125
vt 2.4578702449798584 0.5
vt 2.4494218826293945 0.4375
vt -0.7124170064926147 0.3928515911102295
vt -0.6282805800437927 0.40623390674591064
vt -0.6233692169189453 0.34204524755477905
vt -0.5441441535949707 0.4196162819862366
vt -0.6331919431686401 0.470422625541687
vt -0.7173284292221069 0.4570402503013611
vt -0.7222397923469543 0.5212289094924927
vt 1.181286334991455 0.4375
vt 1.248792290687561 0.5
vt 1.248792290687561 0.4375
vt 1.248792290687561 0.375
vt -0.5343213081359863 0.2912389039993286
vt -0.6184577941894531 0.27785658836364746
vt -0.7025942206382751 0.26447421312332153
vt -0.6092521548271179 0.23476266860961914
vt -0.5392327308654785 0.355427622795105
vt -0.4085450768470764 0.5625
vt -0.570131778717041 0.65625
vt -0.4085450768470764 0.6875
vt -0.4550963044166565 0.36880993843078613
vt 2.302744150161743 0.34375
vt 2.3760828971862793 0.390625
vt 0.4473610520362854 0.5496774911880493
vt 0.3670927584171295 0.5766533017158508
vt 0.38790154457092285 0.6318522095680237
vt 0.28682446479797363 0.6036291420459747
vt 0.3462839722633362 0.5214544236660004
vt 0.18574738502502441 0.5754060745239258
vt 0.20655617117881775 0.6306049823760986
vt 0.22736495733261108 0.6858038604259491
vt 0.12628787755966187 0.6575807929039001
vt 0.10547909140586853 0.6023818850517273
vt 0.025210797786712646 0.6293576955795288
vt 0.0846703052520752 0.5471829771995544
vt 2.2300915718078613 0.359375
vt 2.156752586364746 0.3125
vt 2.229405403137207 0.296875
vt 3.5763120651245117 0.03299999237060547
vt 3.6757562160491943 0.001999974250793457
vt 3.476868152618408 0.001999974250793457
vt 3.079092264175415 0.06400001049041748
vt 3.079092264175415 0.001999974250793457
vt 2.880204200744629 0.001999974250793457
vt 3.1321587562561035 0.546875
vt 3.0559885501861572 0.5
vt 3.2064549922943115 0.53125
vt 3.0578622817993164 0.5625
vt 3.210263252258301 0.59375
vt 2.6083366870880127 0.53125
vt 2.6073999404907227 0.5
vt 2.756929397583008 0.5
vt 2.603175640106201 0.46875
vt 2.2368545532226562 0.609375
vt 2.160684585571289 0.5625
vt 2.3111510276794434 0.59375
vt 2.1625583171844482 0.625
vt 2.3130245208740234 0.65625
vt -0.42063379287719727 0.3125
vt -0.576176106929779 0.40625
vt -0.42063379287719727 0.4375
vt 2.158811092376709 0.5
vt 2.234981060028076 0.546875
vt 2.3092775344848633 0.53125
vt 2.885338068008423 0.34375
vt 2.8119993209838867 0.296875
vt 2.921321392059326 0.3046875
vt 3.0306434631347656 0.3125
vt -0.577001690864563 0.09499996900558472
vt -0.4222849905490875 0.18799996376037598
vt -0.4222849905490875 0.06400001049041748
vt 2.5933549404144287 0.28125
vt 2.4473633766174316 0.25
vt 2.5930118560791016 0.25
vt 2.7026772499084473 0.2890625
vt 2.739346504211426 0.3125
vt 2.8846518993377686 0.28125
vt 2.9573047161102295 0.265625
vt 2.907395839691162 0.53125
vt 2.906458854675293 0.5
vt 2.833099365234375 0.546875
vt 2.9812235832214355 0.5
vt 0.4023800492286682 0.042945027351379395
vt 0.5484381318092346 0.0006572604179382324
vt 0.2563219964504242 0.08523273468017578
vt 0.34810489416122437 0.011255502700805664
vt 0.31059718132019043 0.11692225933074951
vt 2.9769997596740723 0.46875
vt 2.909269332885742 0.59375
vt 2.9454808235168457 0.5546875
vt 1.1590299606323242 0.5625
vt 1.2039110660552979 0.65625
vt 1.248792290687561 0.625
vt 1.248792290687561 0.75
vt 1.1590299606323242 0.6875
vt 1.1141488552093506 0.59375
vt 0.9787684082984924 0.5
vt 1.069267749786377 0.625
vt 1.069267749786377 0.75
vt 1.1590299606323242 0.75
vt 1.6403254270553589 0.40977954864501953
vt 1.6363060474395752 0.49696797132492065
vt 1.0243866443634033 0.71875
vt 1.2039110660552979 0.53125
vt 1.1137803792953491 0.5
vt 1.1141488552093506 0.65625
vt 2.3148982524871826 0.71875
vt 2.2387282848358154 0.671875
vt 2.2406020164489746 0.734375
vt 2.3854475021362305 0.578125
vt 2.4597439765930176 0.5625
vt 2.4634909629821777 0.6875
vt 0.9805169105529785 0.18799996376037598
vt 0.9247766733169556 0.20349997282028198
vt 0.8617763519287109 0.15699994564056396
vt 0.7260558605194092 0.22675001621246338
vt 0.7357757091522217 0.06400001049041748
vt 0.8545162677764893 0.09500002861022949
vt 0.7987760305404663 0.11049997806549072
vt 0.7430357933044434 0.12599998712539673
vt -0.7759130597114563 0.7951860427856445
vt -0.7202225923538208 0.7537964880466461
vt -0.7490764260292053 0.6582074761390686
vt -0.6645320653915405 0.7124069333076477
vt -0.6401748657226562 0.735931396484375
vt -0.6933859586715698 0.6168179214000702
vt -0.6376954317092896 0.5754283666610718
vt -0.5263144373893738 0.49264925718307495
vt -0.6242771148681641 0.5069390833377838
vt -0.6088415384292603 0.6710173785686493
vt -0.5531510710716248 0.6296278238296509
vt -0.504436731338501 0.6766767203807831
vt 0.19823309779167175 0.3125
vt 0.2751786708831787 0.296875
vt 0.1965819001197815 0.25
vt 0.3521242141723633 0.28125
vt 0.2768298387527466 0.359375
vt 2.464061737060547 0.9360000193119049
vt 2.4741051197052 0.9980000257492065
vt 2.31302547454834 0.9670000225305557
vt 0.5060153603553772 0.25
vt 0.35129863023757935 0.25
vt 0.35129863023757935 0.218999981880188
vt 0.045993149280548096 0.40625
vt 0.12293872237205505 0.390625
vt -0.10954916477203369 0.375
vt 0.19988428056240082 0.375
vt 0.3554266095161438 0.40625
vt 0.20070987939834595 0.40625
vt -0.576176106929779 0.28125
vt -0.4222849905490875 0.25
vt -0.577001690864563 0.25
vt -0.7317184209823608 0.25
vt -0.577001690864563 0.218999981880188
vt 0.35707777738571167 0.46875
vt 0.27848103642463684 0.421875
vt 0.20153546333312988 0.4375
vt -0.03260359913110733 0.359375
vt -0.03425479680299759 0.296875
vt 0.04434196650981903 0.34375
vt 0.08198915421962738 0.3046875
vt 0.04269076883792877 0.28125
vt 0.12128753215074539 0.328125
vt 2.526350975036621 0.8740000128746033
vt 2.5460433959960938 0.9980000257492065
vt 2.679348945617676 0.8740000128746033
vt 0.04186517000198364 0.25
vt -0.11285156011581421 0.25
vt 0.04186517000198364 0.218999981880188
vt 0.11963633447885513 0.265625
vt 0.1965819001197815 0.18799996376037598
vt 0.2739402651786804 0.234499990940094
vt 0.20153546333312988 0.5
vt 0.35707777738571167 0.5
vt 0.5126200914382935 0.5
vt 0.3631221354007721 0.53125
vt -0.5159100890159607 0.20505112409591675
vt -0.5717867612838745 0.2630007863044739
vt -0.38510262966156006 0.20357775688171387
vt -0.42256802320480347 0.17533957958221436
vt -0.4409792721271515 0.261527419090271
vt -0.32922595739364624 0.14562803506851196
vt -0.34763720631599426 0.23181581497192383
vt -0.4035138487815857 0.28976553678512573
vt -0.3660484552383423 0.31800365447998047
vt -0.4501848816871643 0.30462127923965454
vt 0.045993149280548096 0.46875
vt 0.12376430630683899 0.484375
vt -0.10954916477203369 0.5
vt 0.2793066203594208 0.453125
vt -0.576176106929779 0.46875
vt -0.7317184209823608 0.5
vt -0.576176106929779 0.5
vt -0.42063379287719727 0.5
vt -0.570131778717041 0.53125
vt 0.12376430630683899 0.421875
vt 0.20561569929122925 0.06400001049041748
vt 0.2852325141429901 0.048500001430511475
vt 0.21013259887695312 0.001999974250793457
vt 0.364849328994751 0.03299999237060547
vt 0.28071561455726624 0.11049997806549072
vt -0.26674267649650574 0.28125
vt -0.26756829023361206 0.25
vt -0.26756829023361206 0.218999981880188
vt -0.25904712080955505 0.53125
vt -0.2650914788246155 0.5
vt -0.2650914788246155 0.46875
vt 0.5240829586982727 0.001999974250793457
vt 0.3671077787876129 0.001999974250793457
vt -0.10833466053009033 0.06400001049041748
vt -0.028717845678329468 0.048500001430511475
vt -0.11285156011581421 0.12599998712539673
vt -0.1879514753818512 0.07949995994567871
vt 0.21362417936325073 0.5625
vt 0.2883731722831726 0.546875
vt 1.7062127590179443 0.18799996376037598
vt 0.30046188831329346 0.609375
vt 0.07621493935585022 0.65625
vt 0.1509639173746109 0.640625
vt -0.08537173271179199 0.625
vt 0.3872995674610138 0.65625
vt 0.22571289539337158 0.625
vt 0.06412622332572937 0.59375
vt 0.09545635432004929 0.5546875
vt -0.02271147072315216 0.546875
vt 0.05203750729560852 0.53125
vt 0.13887520134449005 0.578125
vt 1.6951004266738892 0.6875
vt 1.892806053161621 0.65625
vt 0.0701705813407898 0.625
vt 0.045993149280548096 0.5
vt 0.1267864853143692 0.515625
vt -0.17220942676067352 0.578125
vt -0.18429814279079437 0.515625
vt -0.010622754693031311 0.609375
vt 0.23780161142349243 0.6875
vt 0.231757253408432 0.65625
vt 0.8581463098526001 0.12599998712539673
vt 0.8472561240196228 0.03299999237060547
vt 0.9102564454078674 0.07949995994567871
vt 0.9732567667961121 0.12599998712539673
vt 0.9659966230392456 0.06400001049041748
vt 0.7915159463882446 0.048500001430511475
vt 0.7265963554382324 0.001999974250793457
vt 2.793389081954956 0.34375
vt 2.792105197906494 0.3125
vt 2.693636417388916 0.3125
vt 2.893141746520996 0.375
vt 2.694920301437378 0.34375
vt 2.741586923599243 0.28125
vt 2.691068649291992 0.25
vt 2.7895374298095703 0.25
vt 3.079092264175415 0.15699994564056396
vt 3.1785361766815186 0.15699994564056396
vt 2.880204200744629 0.12599998712539673
vt 3.277980327606201 0.18799996376037598
vt 3.179511547088623 0.18799996376037598
vt 2.432705879211426 0.017499983310699463
vt 2.4824280738830566 0.001999974250793457
vt 2.2835400104522705 0.001999974250793457
vt 2.58187198638916 0.03299999237060547
vt 3.277980327606201 0.12599998712539673
vt 1.3121695518493652 0.12599998712539673
vt 1.1621448993682861 0.13374996185302734
vt 1.2136586904525757 0.11049997806549072
vt 1.012120246887207 0.14149999618530273
vt 2.160684585571289 0.5625
vt 2.158811092376709 0.5
vt 2.1663055419921875 0.75
vt 2.1625583171844482 0.625
vt 1.110630989074707 0.15699994564056396
vt 2.158811092376709 0.5
vt 1.5046741962432861 0.218999981880188
vt 1.403904914855957 0.234499990940094
vt 1.4061634540557861 0.20349997282028198
vt 1.303135633468628 0.25
vt 1.502415657043457 0.25
vt -0.3617224097251892 0.5289835929870605
vt -0.441770076751709 0.546848714351654
vt -0.3930557668209076 0.5938976109027863
vt -0.3303890824317932 0.4640696048736572
vt -0.3130081295967102 0.5760325193405151
vt -0.473103404045105 0.6117627024650574
vt 0.1477716565132141 0.02185368537902832
vt 0.16453909873962402 0.1592099666595459
vt -0.2816747725009918 0.5111185014247894
vt -0.23296046257019043 0.5581673979759216
vt 1.6054434776306152 0.20349997282028198
vt 1.6077020168304443 0.17249995470046997
vt 1.6031849384307861 0.234499990940094
vt 1.0015614032745361 0.328125
vt 1.1017322540283203 0.3125
vt 1.100670576095581 0.34375
vt 1.2019031047821045 0.296875
vt 0.9024522304534912 0.3125
vt 2.158811092376709 0.001999974250793457
vt 0.902996301651001 0.017499983310699463
vt 0.9587365388870239 0.001999974250793457
vt 0.8426664471626282 0.001999974250793457
vt 2.1581249237060547 0.4375
vt 0.39938828349113464 0.71875
vt 0.23780161142349243 0.75
vt 0.39938828349113464 0.75
vt 0.5609749555587769 0.75
vt 0.40700674057006836 0.7810000032186508
vt 0.24793845415115356 -0.014845609664916992
vt 0.1477718949317932 -0.02001333236694336
vt 0.3481050133705139 -0.009678006172180176
vt 0.1143072098493576 0.9050000160932541
vt 0.43748053908348083 0.9050000160932541
vt 0.19129131734371185 0.8895000144839287
vt 0.9175165891647339 0.14149999618530273
vt 3.1340627670288086 0.578125
vt 3.1359667778015137 0.609375
vt 2.0725622177124023 0.40977954864501953
vt 2.0005226135253906 0.40977954864501953
vt 0.9716087579727173 0.5625
vt 0.9620336294174194 0.625
vt 0.7340048551559448 0.5625
vt -0.4348106384277344 0.794446587562561
vt -0.3495350480079651 0.7942617237567902
vt -0.2990725040435791 0.7351919412612915
vt -0.2642594277858734 0.7940768599510193
vt 2.1625583171844482 0.625
vt 2.160684585571289 0.5625
vt 1.712364912033081 0.40977954864501953
vt -0.7759130597114563 0.7951860427856445
vt -0.690637469291687 0.7950011789798737
vt -0.6401748657226562 0.735931396484375
vt -0.605361819267273 0.7948163151741028
vt 3.24550724029541 0.5546875
vt 3.2807512283325195 0.515625
vt 3.3236119747161865 0.6015625
vt 2.5556540489196777 0.9205000177025795
vt 2.512070894241333 0.9360000193119049
vt 2.414447784423828 0.9050000160932541
vt 2.6968603134155273 0.9360000193119049
vt 2.5068423748016357 0.9050000160932541
vt 1.1207001209259033 0.12599998712539673
vt 0.9539331197738647 0.12599998712539673
vt 1.0566539764404297 0.18799996376037598
vt 2.1756181716918945 0.8585000038146973
vt 2.13203501701355 0.8740000128746033
vt 1.248792290687561 0.25
vt 1.1137803792953491 0.375
vt 1.181286334991455 0.3125
vt 2.316824436187744 0.8740000128746033
vt 3.384463310241699 0.09500002861022949
vt 1.4490630626678467 0.6171875
vt 1.4980204105377197 0.65625
vt 1.4986459016799927 0.59375
vt 1.4001059532165527 0.578125
vt 1.3506795167922974 0.5859375
vt 0.9811838865280151 0.5
vt 0.9146015644073486 0.546875
vt 0.85759437084198 0.53125
vt -0.5797531604766846 0.4815359115600586
vt -0.4016575217247009 0.3799232840538025
vt -0.43726661801338196 0.4418429136276245
vt -0.34821876883506775 0.39103662967681885
vt -0.3838278651237488 0.45295625925064087
vt -0.4283517599105835 0.4783594608306885
vt 0.39383724331855774 0.34066808223724365
vt 0.3364604115486145 0.39922451972961426
vt 0.24029511213302612 0.43211638927459717
vt 0.2588834762573242 0.34789538383483887
vt 0.20150664448738098 0.4064518213272095
vt 0.14412981271743774 0.4650082588195801
vt 0.16271817684173584 0.3807872533798218
vt 0.22009500861167908 0.32223081588745117
vt 0.18130654096603394 0.29656630754470825
vt 0.26817765831947327 0.3057849407196045
vt 0.9237191677093506 0.453125
vt 0.8646061420440674 0.46875
vt 0.9828321933746338 0.4375
vt 0.7480283975601196 0.4375
vt 0.8637819886207581 0.5
vt 0.746380090713501 0.5
vt 0.866254448890686 0.40625
vt 0.8654302954673767 0.4375
vt 0.9253674745559692 0.390625
vt 0.9844804406166077 0.375
vt 0.7496766448020935 0.375
vt 0.8071414232254028 0.421875
vt 0.806036114692688 0.17249995470046997
vt 1.1333856582641602 0.03299999237060547
vt 1.0820252895355225 0.001999974250793457
vt 1.0179791450500488 0.06400001049041748
vt 0.4375374913215637 0.4274476170539856
vt 0.4831642508506775 0.38044416904449463
vt 0.5337027907371521 0.3945557475090027
vt 0.3869989514350891 0.41333603858947754
vt 0.34137219190597534 0.4603394865989685
vt 0.24520689249038696 0.4932313561439514
vt 0.29083365201950073 0.44622790813446045
vt 0.19466835260391235 0.47911977767944336
vt 0.16493859887123108 0.5202071666717529
vt 0.39191073179244995 0.4744510054588318
vt 0.44244927167892456 0.48856258392333984
vt 0.2957454323768616 0.5073428750038147
vt 0.2660156786441803 0.5484302639961243
vt 0.5386145710945129 0.45567071437835693
vt 0.48807603120803833 0.44155919551849365
vt 0.3968225121498108 0.535565972328186
vt 0.050898969173431396 0.03299999237060547
vt 0.053157418966293335 0.001999974250793457
vt -0.7075055837631226 0.19777965545654297
vt -0.6141635179519653 0.1680680513381958
vt -0.66329026222229 0.14957654476165771
vt -0.6190749406814575 0.10137349367141724
vt 2.1967124938964844 0.34375
vt 2.0917627811431885 0.5
vt 2.1924657821655273 0.46875
vt 2.2931690216064453 0.4375
vt 2.291045665740967 0.5
vt 2.1002559661865234 0.25
vt 2.0960092544555664 0.375
vt 0.6084269285202026 0.390625
vt 0.5126200914382935 0.5
vt 0.5093177556991577 0.375
vt 0.5060153603553772 0.25
vt 2.7876486778259277 0.515625
vt 2.6896119117736816 0.5
vt 2.4945755004882812 0.375
vt 2.490328788757324 0.5
vt 2.591032028198242 0.46875
vt 2.69173526763916 0.4375
vt 3.0875115394592285 0.3125
vt 3.0849437713623047 0.25
vt 2.8880062103271484 0.25
vt 3.0900793075561523 0.375
vt 3.277980327606201 0.001999974250793457
vt 3.1785364151000977 0.03299999237060547
vt -0.5257328748703003 0.07166194915771484
vt -0.42747941613197327 0.10864496231079102
vt -0.3291446566581726 -0.005766391754150391
vt 2.9796481132507324 0.09500002861022949
vt 2.6813161373138428 0.06400001049041748
vt 2.8841052055358887 0.18799996376037598
vt 2.6832666397094727 0.12599998712539673
vt 2.982573986053467 0.18799996376037598
vt 2.3839592933654785 0.06400001049041748
vt 2.4863290786743164 0.12599998712539673
vt 2.0846519470214844 0.001999974250793457
vt 2.4824280738830566 0.06400001049041748
vt 2.6871676445007324 0.18799996376037598
vt 2.28939151763916 0.12599998712539673
vt 2.2854905128479004 0.06400001049041748
vt 2.2971935272216797 0.25
vt 2.391761302947998 0.18799996376037598
vt 2.490230083465576 0.18799996376037598
vt 2.494131088256836 0.25
vt 2.092453956604004 0.12599998712539673
vt 2.194823741912842 0.18799996376037598
vt 0.6180769205093384 0.07949995994567871
vt 0.515049159526825 0.12599998712539673
vt 0.5240829586982727 0.001999974250793457
vt 2.1870217323303223 0.06400001049041748
vt -0.16333433985710144 0.6759372651576996
vt -0.23296046257019043 0.5581673979759216
vt -0.09370821714401245 0.7937071323394775
vt 1.1061140298843384 0.218999981880188
vt 1.209141731262207 0.17250001430511475
vt 1.500292420387268 0.3125
vt 1.4017140865325928 0.28125
vt 1.2988890409469604 0.375
vt 1.6995725631713867 0.3125
vt 1.899914264678955 0.28125
vt 1.8977909088134766 0.34375
vt 2.1002559661865234 0.25
vt 1.4971075057983398 0.40625
vt 1.5983400344848633 0.359375
vt 1.6953258514404297 0.4375
vt 2.6817383766174316 0.6713448166847229
vt 2.83677077293396 0.758533239364624
vt 2.8287320137023926 0.5841563940048218
vt 2.1663055419921875 0.75
vt 2.1663055419921875 0.75
vt 1.3996493816375732 0.453125
vt 1.74806547164917 0.3515625
vt 1.696977138519287 0.5
vt 2.0917627811431885 0.5
vt 1.8940571546554565 0.53125
vt 1.84431791305542 0.5703125
vt 1.9922844171524048 0.578125
vt 1.4992715120315552 0.53125
vt 1.3021914958953857 0.5
vt 1.1044857501983643 0.53125
vt 2.0017452239990234 0.234499990940094
vt 1.993943214416504 0.11049997806549072
vt 1.8500779867172241 0.14924997091293335
vt 1.8954323530197144 0.09499996900558472
vt 1.6984107494354248 0.06400001049041748
vt 1.8915313482284546 0.03299999237060547
vt 2.0846519470214844 0.001999974250793457
vt 1.8895808458328247 0.001999974250793457
vt 2.4839096069335938 0.5625
vt 2.5813207626342773 0.640625
vt 2.679982900619507 0.59375
vt 2.6793572902679443 0.65625
vt 2.189173936843872 0.578125
vt 2.187922954559326 0.703125
vt 2.2865850925445557 0.65625
vt 2.285959482192993 0.71875
vt 2.2878360748291016 0.53125
vt 1.893544316291809 0.46875
vt 1.5978679656982422 0.484375
vt 1.251811146736145 0.4609375
vt 1.1039729118347168 0.46875
vt 0.7554395794868469 0.3515625
vt 0.7042337656021118 0.28125
vt 0.7075361609458923 0.40625
vt 0.905754566192627 0.4375
vt 0.7091873288154602 0.46875
vt 0.8082965016365051 0.484375
vt 3.0660555362701416 0.8120000064373016
vt 3.060920000076294 0.8740000128746033
vt 3.0711910724639893 0.75
vt 2.9881811141967773 0.9050000160932541
vt 3.086966037750244 0.8740000128746033
vt 3.0768964290618896 0.9980000257492065
vt 2.899465560913086 0.8120000064373016
vt 2.8893957138061523 0.9360000193119049
vt 0.7097001075744629 0.53125
vt 0.6353375315666199 0.640625
vt 0.5367975234985352 0.625
vt 0.5609749555587769 0.75
vt 0.7338775396347046 0.65625
vt 0.8082401752471924 0.546875
vt 0.9067801833152771 0.5625
vt 0.9309576153755188 0.6875
vt 0.7459663152694702 0.71875
vt 0.752010703086853 0.75
vt 1.0053201913833618 0.578125
vt 1.1038602590560913 0.59375
vt 2.2101688385009766 0.9050000160932541
vt 2.309744358062744 0.9360000193119049
vt 2.131925344467163 0.9980000257492065
vt 2.110592842102051 0.8740000128746033
vt 2.2400472164154053 0.9980000257492065
vt 2.3831992149353027 0.9360000193119049
vt 2.393045425415039 0.9980000257492065
vt 1.9242048263549805 0.9360000193119049
vt 1.9340510368347168 0.9980000257492065
vt 2.077202796936035 0.9360000193119049
vt 2.0870490074157715 0.9980000257492065
vt 2.7656941413879395 0.9360000193119049
vt 2.8323471546173096 0.8740000128746033
vt 2.8520395755767822 0.9980000257492065
vt 2.6990413665771484 0.9980000257492065
vt 3.065478801727295 0.6875
vt 3.2178797721862793 0.71875
vt 3.2921762466430664 0.703125
vt 2.760676622390747 0.625
vt 2.9130778312683105 0.65625
vt 2.9168858528137207 0.71875
vt 2.9873740673065186 0.640625
vt 2.9171712398529053 0.8430000096559525
vt 2.7682931423187256 0.75
vt 2.918250560760498 0.7810000032186508
vt -0.5256922245025635 -0.004035234451293945
vt 2.766134738922119 0.8740000128746033
vt 2.6167171001434326 0.8120000064373016
vt 2.6177964210510254 0.75
vt 2.467299461364746 0.75
vt 2.616177558898926 0.8430000096559525
vt 2.315183639526367 0.8430000096559525
vt 2.1663055419921875 0.75
vt 2.316262722015381 0.7810000032186508
vt 2.4662201404571533 0.8120000064373016
vt 2.316802501678467 0.75
vt 2.2396655082702637 0.8585000038146973
vt 2.16414737701416 0.8740000128746033
vt 2.605684280395508 0.15699994564056396
vt 2.457183837890625 0.06400001049041748
vt 2.606370449066162 0.09500002861022949
vt 2.74003267288208 0.375
vt 2.898010730743408 0.4375
vt 2.827470064163208 0.46875
vt 2.8937864303588867 0.40625
vt 3.0475401878356934 0.4375
vt 2.9664392471313477 0.390625
vt 2.758802890777588 0.5625
vt 0.6216185092926025 0.001999974250793457
vt 0.4307209849357605 0.328125
vt 0.5093177556991577 0.375
vt 0.43402335047721863 0.453125
vt -0.03549319505691528 0.17250001430511475
vt 0.04186517000198364 0.15699994564056396
vt -0.0317780077457428 0.453125
vt -0.2650914788246155 0.40625
vt -0.2650914788246155 0.34375
vt -0.18732032179832458 0.421875
vt 0.3558155298233032 0.15700000524520874
vt 0.43994924426078796 0.07949995994567871
vt 0.515049159526825 0.12599998712539673
vt 0.4309154450893402 0.20350003242492676
vt 0.47413724660873413 0.703125
vt 0.5367975234985352 0.625
vt 0.44995981454849243 0.578125
vt 0.4147369861602783 0.7402560710906982
vt 0.5484381318092346 0.5779005885124207
vt 1.1041730642318726 0.5625
vt 2.6864023208618164 0.53125
vt 2.638988733291626 0.5078125
vt 2.5345327854156494 0.5546875
vt 2.585155963897705 0.546875
vt 2.5883655548095703 0.515625
vt -0.2469584047794342 0.65625
vt -0.2469584047794342 0.71875
vt -0.2469584047794342 0.59375
vt -0.08537173271179199 0.75
vt -0.004578396677970886 0.703125
vt 0.07621493935585022 0.71875
vt 2.6357791423797607 0.5390625
vt 3.3990397453308105 0.53125
vt 3.384463310241699 0.40625
vt 3.3760149478912354 0.34375
vt 3.329702854156494 0.3125
vt 3.392911672592163 0.46875
vt 1.5033396482467651 0.06400001049041748
vt 1.6008751392364502 0.06400001049041748
vt 1.505290150642395 0.09500002861022949
vt 1.694509744644165 0.001999974250793457
vt 1.40775465965271 0.09500002861022949
vt 1.40580415725708 0.06400001049041748
vt 2.5808515548706055 0.6875
vt 3.880507469177246 0.625
vt 3.8933463096618652 0.5
vt 4.100665092468262 0.5
vt 3.8933463096618652 0.375
vt 4.100665092468262 0.375
vt 3.8882107734680176 0.12599998712539673
vt 4.100665092468262 0.12599998712539673
vt 4.100665092468262 0.001999974250793457
vt 4.100665092468262 0.25
vt 3.8882107734680176 0.001999974250793457
vt 2.1874537467956543 0.75
vt 3.6757562160491943 0.12599998712539673
vt 3.8702361583709717 0.8740000128746033
vt 4.116071701049805 0.8740000128746033
vt 4.100665092468262 0.75
vt 0.9074057936668396 0.5
vt 0.7100129127502441 0.5
vt 3.880507469177246 0.75
vt 4.100665092468262 0.625
vt 3.8882107734680176 0.25
vt 0.8085529208183289 0.515625
vt 2.7689085006713867 0.8430000096559525
vt 2.7714762687683105 0.8120000064373016
vt 2.673283338546753 0.8120000064373016
vt 2.8645339012145996 0.8740000128746033
vt 2.670715570449829 0.8430000096559525
vt 2.5169122219085693 0.7810000032186508
vt 2.613179922103882 0.7810000032186508
vt 2.706930160522461 0.8120000064373016
vt 3.8856427669525146 0.9980000257492065
vt 3.578805923461914 0.9980000257492065
vt 3.4104535579681396 0.9980000257492065
vt 3.5587193965911865 0.8740000128746033
vt 2.3268942832946777 0.75
vt 2.420644521713257 0.7810000032186508
vt 3.390367031097412 0.8740000128746033
vt 1.1219933032989502 0.6875
vt 1.1159489154815674 0.65625
vt 1.208444595336914 0.640625
vt 3.523399829864502 0.001999974250793457
vt 3.6917521953582764 0.001999974250793457
vt 1.2024002075195312 0.609375
vt 3.674856185913086 0.12599998712539673
vt 3.6579604148864746 0.25
vt 2.6927969455718994 0.40625
vt 3.674856662750244 0.375
vt 3.6917526721954346 0.5
vt 2.792438507080078 0.40625
vt 2.7903151512145996 0.46875
vt 3.699368715286255 0.625
vt 3.706984758377075 0.75
vt 3.0913631916046143 0.40625
vt 3.2895846366882324 0.4375
vt 3.538632869720459 0.75
vt 3.7270712852478027 0.8740000128746033
vt 2.595278739929199 0.34375
vt 2.6938586235046387 0.375
vt 2.4966988563537598 0.3125
vt 2.2984774112701416 0.28125
vt 2.2974157333374023 0.3125
vt 2.395995616912842 0.34375
vt 2.295292377471924 0.375
vt 2.3938722610473633 0.40625
vt 2.3917489051818848 0.46875
vt 2.1574387550354004 0.375
vt 2.9413700103759766 0.421875
vt 2.198835849761963 0.28125
vt 2.4421005249023438 0.453125
vt 0.5128148794174194 0.12599998712539673
vt 0.4944561719894409 0.001999974250793457
vt 0.9430463910102844 0.75
vt 1.0294976234436035 0.703125
vt 1.0234532356262207 0.671875
vt 0.5148728489875793 0.375
vt 0.5115762948989868 0.5
vt 0.8679026365280151 0.34375
vt 0.8087896108627319 0.359375
vt 0.9270156621932983 0.328125
vt 0.48682576417922974 0.625
vt 0.7148545980453491 0.6875
vt 0.9861286878585815 0.3125
vt 0.8104379177093506 0.296875
vt 0.928663969039917 0.265625
vt 0.25420039892196655 0.7942076921463013
vt 0.6021090149879456 0.794708251953125
vt 2.395662307739258 0.25
vt 0.25303852558135986 0.8120000064373016
vt 2.4822304248809814 0.8430000096559525
vt 2.487563371658325 0.8740000128746033
vt 2.676048755645752 0.8740000128746033
vt 2.595167636871338 0.3125
vt 2.592599868774414 0.25
vt 2.8400557041168213 0.28125
vt 3.4878060817718506 0.46875
vt 3.4865221977233887 0.4375
vt 2.382984161376953 0.03299999237060547
vt 3.476868152618408 0.218999981880188
vt 3.476868152618408 0.18799996376037598
vt 3.079092264175415 0.09500002861022949
vt 2.880204200744629 0.06400001049041748
vt 2.6813161373138428 0.03299999237060547
vt 2.6813161373138428 0.001999974250793457
vt 3.079092264175415 0.12599998712539673
vt 3.327702045440674 0.17249995470046997
vt 3.476868152618408 0.06400001049041748
vt 3.4271461963653564 0.017499983310699463
vt 2.6813161373138428 0.09500002861022949
vt 3.081042766571045 0.18799996376037598
vt 2.242107629776001 0.15699994564056396
vt 2.1987247467041016 0.25
vt 2.8329203128814697 0.15699994564056396
vt 3.132227659225464 0.218999981880188
vt 2.5886988639831543 0.18799996376037598
vt 3.32916522026062 0.218999981880188
vt 0.6225937604904175 0.017499983310699463
vt 1.0076031684875488 0.20349997282028198
vt 0.9045754671096802 0.25
vt 0.9090924263000488 0.18799996376037598
vt 1.1038556098937988 0.25
vt 1.0036847591400146 0.265625
vt 0.8620955348014832 0.14925003051757812
vt 0.7120708227157593 0.15700000524520874
vt 0.9136093258857727 0.1260000467300415
vt 0.7052954435348511 0.25
vt 0.7075538635253906 0.218999981880188
vt 2.533640146255493 0.758533239364624
vt 2.526705741882324 0.5841563940048218
vt 1.4106802940368652 0.14149999618530273
vt 1.5091911554336548 0.15699994564056396
vt 1.0166370868682861 0.07950001955032349
vt 1.1151478290557861 0.09500002861022949
vt 1.1112468242645264 0.03299999237060547
vt 1.9947768449783325 0.421875
vt 1.9926536083221436 0.484375
vt 0.2784207761287689 0.4375
vt 1.4992308616638184 0.34375
vt 2.0432698726654053 0.4609375
vt 2.0960092544555664 0.375
vt 0.8539592623710632 0.2734375
vt 1.199779748916626 0.359375
vt 1.1023218631744385 0.40625
vt 1.2503960132598877 0.3359375
vt 1.1027939319610596 0.28125
vt 1.700634241104126 0.28125
vt 2.4324426651000977 0.8275000154972076
vt 2.5764729976654053 0.8430000096559525
vt 1.6632823944091797 0.6931419372558594
vt 1.8894490003585815 0.4751708507537842
vt 1.2030258178710938 0.546875
vt 1.2027130126953125 0.578125
vt 2.0420236587524414 0.5390625
vt 2.0905117988586426 0.625
vt 1.104798674583435 0.5
vt 1.5974986553192139 0.578125
vt 1.596873164176941 0.640625
vt 2.3906872272491455 0.5
vt 2.781229257583618 0.578125
vt 1.9944936037063599 0.5405621826648712
vt 1.959478735923767 0.5187650918960571
vt 3.2392330169677734 0.453125
vt 2.7935001850128174 0.375
vt 2.6435070037841797 0.390625
vt 0.4501192569732666 0.9980000257492065
vt 3.5370960235595703 0.484375
vt 2.720503330230713 0.8585000038146973
vt 1.6038010120391846 0.11049997806549072
vt 1.2590131759643555 0.05624997615814209
vt 1.3043675422668457 0.001999974250793457
vt 1.355085849761963 0.03299999237060547
vt 1.4994386434555054 0.001999974250793457
vt 2.0905117988586426 0.625
vt 2.1392173767089844 0.6640625
vt 2.384152412414551 0.71875
vt 2.385247230529785 0.609375
vt 2.433952808380127 0.6484375
vt 2.287210464477539 0.59375
vt 2.3846216201782227 0.671875
vt 2.777550220489502 0.65625
vt 2.7769246101379395 0.71875
vt 2.778019428253174 0.609375
vt 1.4987586736679077 0.46875
vt 0.9561346769332886 0.4765625
vt 1.0048637390136719 0.453125
vt 1.2014310359954834 0.421875
vt 1.003212571144104 0.390625
vt 3.05835223197937 0.9050000160932541
vt 3.2521705627441406 0.9360000193119049
vt 3.063685417175293 0.9360000193119049
vt 2.776611804962158 0.75
vt 2.6267545223236084 0.7810000032186508
vt 2.5750904083251953 0.8120000064373016
vt 3.445988893508911 0.9670000225305557
vt 3.448556661605835 0.9360000193119049
vt 3.451322078704834 0.9980000257492065
vt 2.886878490447998 0.9670000225305557
vt 2.8921070098876953 0.9980000257492065
vt 2.41560959815979 0.8430000096559525
vt 2.514394760131836 0.8120000064373016
vt 2.321859359741211 0.8120000064373016
vt 2.228109121322632 0.7810000032186508
vt 2.5587525367736816 0.8585000038146973
vt 2.701895236968994 0.8740000128746033
vt 2.509359836578369 0.8740000128746033
vt 2.223074197769165 0.8430000096559525
vt 2.7563228607177734 0.7964999973773956
vt 2.7119650840759277 0.75
vt 2.5194296836853027 0.75
vt 1.5161535739898682 0.75
vt 1.325117826461792 0.75
vt 1.5101091861724854 0.71875
vt 2.297624349594116 0.5405621826648712
vt 2.371673345565796 0.49696797132492065
vt 2.294157028198242 0.4533737897872925
vt 2.3676540851593018 0.40977954864501953
vt 1.9979608058929443 0.6277506053447723
vt 2.075477123260498 0.6713448166847229
vt 2.0014281272888184 0.7149390280246735
vt 1.923911690711975 0.6713448166847229
vt 1.9273788928985596 0.758533239364624
vt 0.8475285768508911 0.75
vt 1.8455557823181152 0.75
vt 1.3130290508270264 0.6875
vt 1.229599952697754 0.75
vt 1.4115691184997559 0.703125
vt 1.5965604782104492 0.671875
vt 1.7071892023086548 0.75
vt 1.6086492538452148 0.734375
vt 1.1340820789337158 0.75
vt 1.2175111770629883 0.6875
vt 1.0385642051696777 0.75
vt 2.0380911827087402 0.75
vt 0.37561148405075073 0.59375
vt 0.38798677921295166 0.53125
vt 0.2643972337245941 0.5625
vt 0.3632362186908722 0.65625
vt 0.08383339643478394 0.7810000032186508
vt 0.28351232409477234 0.9360000193119049
vt 0.28351232409477234 0.9980000257492065
vt 0.4527174234390259 0.9670000225305557
vt 0.6219225525856018 0.9980000257492065
vt 2.518667221069336 0.40977954864501953
vt 3.244352340698242 0.9360000193119049
vt 3.0782508850097656 0.8740000128746033
vt 3.098337411880493 0.9980000257492065
vt 2.9322361946105957 0.9360000193119049
vt 2.7862212657928467 0.9980000257492065
vt -0.570131778717041 0.71875
vt -0.7317184209823608 0.75
vt -0.4085450768470764 0.75
vt 2.6251416206359863 0.9670000225305557
vt -0.09444242715835571 0.6231213212013245
vt -0.024388670921325684 0.6781974136829376
vt 2.9719176292419434 0.14149999618530273
vt 2.9054293632507324 0.09500002861022949
vt -0.024388670921325684 0.6781974136829376
vt 0.044930875301361084 0.5626876950263977
vt 0.27149534225463867 0.06400001049041748
vt -0.26756829023361206 0.09500002861022949
vt 0.06689323484897614 0.25
vt 0.16001494228839874 0.09499996900558472
vt 0.030175819993019104 0.001999974250793457
vt 0.017218157649040222 0.625
vt 2.6867146492004395 0.9360000193119049
vt 2.885866165161133 0.9980000257492065
vt 0.04638206958770752 0.09500002861022949
vt 2.5088958740234375 0.9980000257492065
vt 0.29088303446769714 0.3125
vt 0.04196871817111969 0.5
vt 0.05443097651004791 0.375
vt -0.26756829023361206 0.15699994564056396
vt 2.612083911895752 0.65625
vt 2.9634695053100586 0.20349997282028198
vt 2.707317352294922 0.9980000257492065
vt 3.192845582962036 0.40625
vt 3.160743474960327 0.4453125
vt 3.1201930046081543 0.421875
vt 3.1117444038391113 0.359375
vt 2.1424920558929443 0.9360000193119049
vt 1.9681596755981445 0.9980000257492065
vt 1.9472455978393555 0.8740000128746033
vt 3.1759490966796875 0.28125
vt 3.2486019134521484 0.265625
vt 3.257050037384033 0.328125
vt 2.3835740089416504 0.515625
vt 2.222470760345459 0.75
vt 2.073866844177246 0.8120000064373016
vt 2.610210418701172 0.59375
vt 2.5175628662109375 0.75
vt 2.5947272777557373 0.40625
vt 2.594041109085083 0.34375
vt 2.305938959121704 0.218999981880188
vt 2.9061155319213867 0.03299999237060547
vt 2.6736996173858643 0.49696797132492065
vt -0.0342487096786499 0.7115324139595032
vt 0.025210797786712646 0.6293576955795288
vt -0.09370821714401245 0.7937071323394775
vt 0.06682837009429932 0.7397555112838745
vt -0.0342487096786499 0.7115324139595032
vt 0.08024609088897705 0.7939574122428894
vt 3.1843972206115723 0.34375
vt 3.2055182456970215 0.5
vt 2.307997465133667 0.03299999237060547
vt 2.158811092376709 0.001999974250793457
vt 2.308340549468994 0.001999974250793457
vt 2.231688976287842 0.17250001430511475
vt 2.831179141998291 0.048500001430511475
vt 2.906458854675293 0.001999974250793457
vt 1.7798328399658203 0.75
vt 1.7787747383117676 0.8120000064373016
vt 1.8525478839874268 0.8120000064373016
vt 1.9252628087997437 0.8740000128746033
vt 1.92737877368927 0.75
vt 2.0728087425231934 0.8740000128746033
vt 1.9995648860931396 0.8430000096559525
vt 1.998506784439087 0.9050000160932541
vt 2.615098237991333 0.9050000160932541
vt 2.337738513946533 0.9980000257492065
vt 2.152949094772339 0.9980000257492065
vt 2.240115165710449 0.9670000225305557
vt 3.21407151222229 0.65625
vt 2.615891933441162 0.71875
vt 0.17265701293945312 0.34375
vt 2.6301631927490234 0.9980000257492065
vt 2.697381019592285 0.9980000257492065
vt 0.35366106033325195 0.71875
vt 0.14080768823623657 0.59375
vt 0.27677249908447266 0.5
vt 0.04853452742099762 0.12599998712539673
vt 0.2623159885406494 0.001999974250793457
vt 2.2306265830993652 0.75
vt 2.9221928119659424 0.8740000128746033
vt 3.0743513107299805 0.9980000257492065
vt 3.2628366947174072 0.9980000257492065
vt 2.94227933883667 0.9980000257492065
vt 3.2543954849243164 0.9980000257492065
vt 3.234308958053589 0.8740000128746033
vt 2.378607749938965 0.6713448166847229
vt 2.4526567459106445 0.6277506053447723
vt 2.078944206237793 0.758533239364624
vt 2.0749247074127197 0.75
vt 2.2305095195770264 0.758533239364624
vt 2.3820748329162598 0.758533239364624
vt 2.304558753967285 0.7149390280246735
vt 2.1495261192321777 0.6277506053447723
vt 0.2111985683441162 0.9360000193119049
vt 0.2087114453315735 0.9980000257492065
vt 0.08925110846757889 0.9670000225305557
vt -0.032696351408958435 0.9980000257492065
vt -0.02011437714099884 0.8740000128746033
vt 0.3306589126586914 0.9670000225305557
vt 0.33314603567123413 0.9050000160932541
vt 0.10183308273553848 0.8430000096559525
vt 1.8982248306274414 0.75
vt 1.8921804428100586 0.71875
vt 2.0892605781555176 0.75
vt 2.9045004844665527 0.75
vt 3.0970358848571777 0.75
vt 3.4588277339935303 0.8120000064373016
vt 1.1092963218688965 0.001999974250793457
vt 3.4674859046936035 0.6875
vt 3.4642763137817383 0.71875
vt 3.4803249835968018 0.5625
vt 3.072129487991333 0.65625
vt 3.2012939453125 0.46875
vt 3.1265292167663574 0.46875
vt -0.393308162689209 0.8120000064373016
vt -0.5625132918357849 0.7810000032186508
vt -0.7317184209823608 0.8740000128746033
vt -0.05489790439605713 0.9980000257492065
vt -0.2393399477005005 0.7810000032186508
vt -0.22410303354263306 0.8430000096559525
vt -0.22410303354263306 0.9670000225305557
vt 0.6367711424827576 0.8585000038146973
vt 3.476868152618408 0.12599998712539673
vt 3.3774242401123047 0.09500002861022949
vt 3.5763120651245117 0.15699994564056396
vt 3.481386661529541 0.3125
vt 3.1032962799072266 0.296875
vt -0.7317184209823608 0.625
vt 2.092453956604004 0.12599998712539673
vt -0.7317184209823608 0.375
vt -0.504436731338501 0.6766767203807831
vt -0.7317184209823608 0.12599998712539673
vt 1.632286787033081 0.75
vt 0.6915270686149597 0.9980000257492065
vt 1.7766587734222412 0.9360000193119049
vt 1.6301708221435547 0.8740000128746033
vt 1.6280548572540283 0.9980000257492065
vt 2.1619889736175537 0.9980000257492065
vt 1.7833702564239502 0.9980000257492065
vt 1.7729132175445557 0.9360000193119049
vt 1.5985807180404663 0.9980000257492065
vt 1.7810529470443726 0.9980000257492065
vt 0.724429726600647 0.625
vt 0.7052794098854065 0.75
vt 2.3700168132781982 0.75
vt 2.6852054595947266 0.758533239364624
vt 0.9379091262817383 0.8740000128746033
vt 2.5225279331207275 0.9980000257492065
vt 1.5776666402816772 0.8740000128746033
vt 2.32041072845459 0.9980000257492065
vt 2.318047046661377 0.9980000257492065
vt 0.5914487838745117 0.8740000128746033
vt -0.3686985969543457 0.6174220442771912
vt -0.3686985969543457 0.6174220442771912
vt -0.7222397923469543 -0.0023041963577270508
vt -0.6239863634109497 0.034678876399993896
vt 0.9345957040786743 0.06400001049041748
vt 3.6529388427734375 0.9360000193119049
vt 3.7471580505371094 0.9980000257492065
vt 0.9152582883834839 0.001999974250793457
vt -0.7075055837631226 0.3286628723144531
vt 1.248792290687561 0.3125
vt 2.160684585571289 0.5625
vt 4.131478309631348 0.9980000257492065
vt 4.000857353210449 0.9360000193119049
vt 0.29767194390296936 0.37355995178222656
vt 3.9970057010650635 0.3125
vt -0.49070537090301514 0.43072962760925293
vt 0.2551492750644684 0.3053991198539734
vt 0.2014981508255005 0.393682599067688
vt 0.3086760640144348 0.3937734365463257
vt 0.3086760640144348 0.23883575201034546
vt 0.20162250101566315 0.2170248031616211
vt 3.0390918254852295 0.375
vt -0.16370144486427307 0.590644359588623
vt -0.024755775928497314 0.5929045081138611
vt 3.265498161315918 0.390625
vt 1.1207001209259033 0.25
vt 0.9926078915596008 0.25
vt 1.0531941652297974 0.3125
vt 0.9891480207443237 0.3125
vt 0.9856881499290466 0.375
vt 2.8304929733276367 0.11049997806549072
vt -0.4784446954727173 0.23328924179077148
vt 2.2310028076171875 0.234499990940094
vt 0.9732705354690552 0.18799996376037598
vt 0.9565120935440063 0.5625
vt 0.934255838394165 0.625
vt 2.751215934753418 0.5405621826648712
vt 2.8206934928894043 0.40977954864501953
vt 2.156752586364746 0.18799996376037598
vt 2.9808804988861084 0.03299999237060547
vt 1.9263207912445068 0.8120000064373016
vt 1.887582778930664 0.9205000177025795
vt 0.0846703052520752 0.5471829771995544
vt 0.21881426870822906 0.19089949131011963
vt 3.2197837829589844 0.75
vt 2.3272814750671387 0.9360000193119049
vt 1.8932055234909058 0.8275000154972076
vt 3.1788275241851807 0.6953125
vt 3.139775276184082 0.671875
vt 0.20156031847000122 0.30535370111465454
vt -0.3291853070259094 0.0699307918548584
vt -0.32922595739364624 0.14562803506851196
vt -0.5257328748703003 0.07166194915771484
vt 1.248792290687561 0.18799996376037598
vt -0.42747941613197327 0.10864496231079102
vt -0.5208214521408081 0.13835656642913818
vt 1.0462744235992432 0.4375
vt 3.0616705417633057 0.625
vt 3.288367748260498 0.640625
vt 2.66968035697937 0.40977954864501953
vt 0.42815470695495605 0.7944579720497131
vt 2.991182327270508 0.703125
vt 2.918789863586426 0.75
vt 1.7761298418045044 0.9670000225305557
vt 1.9450316429138184 0.1291283369064331
vt 1.9898614883422852 0.25349438190460205
vt 1.8550500869750977 0.19169247150421143
vt 1.6535491943359375 0.2844927906990051
vt 1.3154828548431396 0.2557811141014099
vt 1.5402758121490479 0.25501883029937744
vt 1.7650686502456665 0.25425660610198975
vt 1.517860770225525 0.19283580780029297
vt 1.6414647102355957 0.22354620695114136
vt 2.02927565574646 0.887312114238739
vt 1.689350962638855 0.9980000257492065
vt 1.3494272232055664 0.9980000257492065
vt 1.7202386856079102 0.1298905611038208
vt 1.6163794994354248 0.03547263145446777
vt 1.7175683975219727 0.0040000081062316895
vt 1.515190601348877 0.06694531440734863
vt 1.6190497875213623 0.16136318445205688
vt -1.3213119506835938 0.7772493362426758
vt -0.9396169185638428 0.7772493362426758
vt -0.5579229593276978 0.8876246809959412
vt -0.5579219460487366 0.7772493362426758
vt 1.821427583694458 0.09841793775558472
vt 1.9226166009902954 0.06694531440734863
vt -0.9813722968101501 0.06165719032287598
vt -1.1152005195617676 0.0040000081062316895
vt -0.9637085199356079 0.0040000081062316895
vt 3.090475082397461 0.9980000257492065
vt 2.74074387550354 0.9980000257492065
vt 2.740744113922119 0.7772493362426758
vt 4.139668941497803 0.8876246809959412
vt 4.8391313552856445 0.9980000257492065
vt 3.789937734603882 0.8876246809959412
vt 5.538593769073486 0.9980000257492065
vt 5.1888628005981445 0.9980000257492065
vt 4.8391313552856445 0.9428123533725739
vt 0.5223773121833801 0.8324370086193085
vt 0.8392865061759949 0.8876246809959412
vt 1.4731059074401855 0.8876246809959412
vt 2.1069250106811523 0.9428123533725739
vt 2.4238343238830566 0.9980000257492065
vt 2.4238343238830566 0.9704061895608902
vt 2.1069250106811523 0.8324370086193085
vt 2.1069250106811523 0.7772493362426758
vt 0.5047143697738647 0.001399993896484375
vt 0.7178274989128113 0.001399993896484375
vt 0.5510780811309814 0.030189812183380127
vt 0.3843287229537964 0.05897963047027588
vt 0.5974417924880981 0.05897963047027588
vt 0.4770561456680298 0.11655926704406738
vt 0.7042582631111145 0.08003485202789307
vt 0.5773088932037354 0.1201404333114624
vt 0.7200412750244141 0.16024315357208252
vt 0.43790915608406067 0.4993000030517578
vt 0.36342349648475647 0.43732500076293945
vt 0.43853330612182617 0.3753499984741211
vt -1.4314002990722656 0.9426560699939728
vt -1.7315388917922974 0.7766242027282715
vt -1.7315407991409302 0.9980000257492065
vt -1.1312599182128906 0.887312114238739
vt -0.5309798717498779 0.887312114238739
vt 0.06929987668991089 0.9426560699939728
vt 0.06930053234100342 0.8319681584835052
vt 0.6695796251296997 0.9980000257492065
vt -0.5309805870056152 0.9980000257492065
vt -1.1312603950500488 0.9426560699939728
vt -0.1762269139289856 0.7772493362426758
vt -0.17622795701026917 0.8876246809959412
vt 0.205468088388443 0.7772493362426758
vt 1.3101423978805542 0.0040000081062316895
vt 1.5138554573059082 0.0040000081062316895
vt -0.36707592010498047 0.9428123533725739
vt -0.5579237937927246 0.9980000257492065
vt -0.9396178722381592 0.8876246809959412
vt 0.20546606183052063 0.9980000257492065
vt 2.11434268951416 0.3132045269012451
vt 2.014030694961548 0.3736768960952759
vt 1.991615653038025 0.3132045269012451
vt 2.159172534942627 0.43414926528930664
vt 2.2146544456481934 0.25273215770721436
vt 4.153885364532471 0.887312114238739
vt 4.153886318206787 0.7766242027282715
vt 3.771428108215332 0.887312114238739
vt 3.388969659805298 0.9980000257492065
vt 3.7714290618896484 0.7766242027282715
vt 4.536343574523926 0.8319681584835052
vt 4.918800354003906 0.887312114238739
vt 4.918801307678223 0.7766242027282715
vt 5.301258087158203 0.8596401363611221
vt 5.6837158203125 0.8319681584835052
vt 5.683714866638184 0.9426560699939728
vt 4.1538848876953125 0.9426560699939728
vt 4.153884410858154 0.9980000257492065
vt 2.035013198852539 0.06656420230865479
vt 2.079843044281006 0.19093024730682373
vt 2.1249945163726807 0.0040000081062316895
vt 1.3494277000427246 0.9426560699939728
vt 0.6695796251296997 0.9980000257492065
vt 1.3494279384613037 0.887312114238739
vt 2.709123134613037 0.887312114238739
vt 2.7091221809387207 0.9980000257492065
vt 2.3691983222961426 0.9980000257492065
vt 2.0292747020721436 0.9980000257492065
vt 1.4731049537658691 0.9980000257492065
vt 1.7900152206420898 0.9428123533725739
vt 2.106924533843994 0.9980000257492065
vt 1.1561957597732544 0.9428123533725739
vt 0.8392854928970337 0.9980000257492065
vt 0.5692737698554993 0.2366389036178589
vt 0.6625110507011414 0.23171848058700562
vt 0.5505222082138062 0.30353426933288574
vt 0.5229099988937378 0.20784908533096313
vt 0.4760364890098572 0.24155926704406738
vt 0.5697835683822632 0.1741389036178589
vt 0.39815783500671387 0.001399993896484375
vt 0.4012904763221741 0.3443624973297119
vt 0.364047646522522 0.31337499618530273
vt 0.3827992081642151 0.24647963047027588
vt 0.2895619571208954 0.2513999938964844
vt 0.3833090662956238 0.18397963047027588
vt 0.5317705869674683 0.3704296350479126
vt 0.6250078678131104 0.3655092716217041
vt 0.5130189657211304 0.43732500076293945
vt 0.5132793188095093 0.27254676818847656
vt -0.18863710761070251 0.37040257453918457
vt -0.12699156999588013 0.4946216344833374
vt -0.28640061616897583 0.4946216344833374
vt 4.536343574523926 0.7766242027282715
vt -1.4022639989852905 0.4946216344833374
vt -1.3373477458953857 0.23462891578674316
vt -1.287843942642212 0.3490979075431824
vt -1.238340139389038 0.4635668992996216
vt -1.2058820724487305 0.3335704803466797
vt 1.6893525123596191 0.7766242027282715
vt 2.0292763710021973 0.7766242027282715
vt 1.141312837600708 0.4946216344833374
vt 1.3224992752075195 0.4946216344833374
vt 1.2283978462219238 0.37520134449005127
vt 1.1378047466278076 0.37520134449005127
vt -0.054756101220846176 0.0040000081062316895
vt -0.0908736065030098 0.2461835741996765
vt -0.15071949362754822 0.12436962127685547
vt 0.07137671113014221 0.3405475616455078
vt -0.018777936697006226 0.3554750680923462
vt 0.05331772565841675 0.46476656198501587
vt -1.221858263015747 0.10490012168884277
vt -1.2666926383972168 0.0040000081062316895
vt -1.1416962146759033 0.09048581123352051
vt 1.2249152660369873 0.12929069995880127
vt 1.3154828548431396 0.2557811141014099
vt 1.3101423978805542 0.0040000081062316895
vt 1.137018084526062 0.12869083881378174
vt 1.13968825340271 0.2545814514160156
vt 1.3224992752075195 0.4946216344833374
vt 1.3189910650253296 0.37520134449005127
vt 1.4305105209350586 0.34496521949768066
vt 1.434018611907959 0.464385449886322
vt 1.545538067817688 0.43414926528930664
vt 1.567953109741211 0.4946216344833374
vt 4.536341667175293 0.9980000257492065
vt 1.3128125667572021 0.1298905611038208
vt 1.4140015840530396 0.09841787815093994
vt 0.014748647809028625 0.1099553108215332
vt -0.054756101220846176 0.0040000081062316895
vt -0.07281485199928284 0.1250917911529541
vt -0.0908736065030098 0.2461835741996765
vt 1.4166717529296875 0.22430849075317383
vt 4.4893999099731445 0.9980000257492065
vt 4.139668941497803 0.9980000257492065
vt 1.7900147438049316 0.9980000257492065
vt 1.1561951637268066 0.9980000257492065
vt 5.6837158203125 0.7766242027282715
vt 6.066173553466797 0.8042961806058884
vt -0.7465687990188599 0.37040257453918457
vt -0.7646277546882629 0.4946216344833374
vt -0.8420748710632324 0.4790942668914795
vt -0.5961892008781433 0.432512104511261
vt -0.6052187085151672 0.4946216344833374
vt -0.6736363768577576 0.4169847369194031
vt -0.7141106724739075 0.24040627479553223
vt -0.6605496406555176 0.3386256694793701
vt -0.5745304822921753 0.30684876441955566
vt -0.5826449990272522 0.33934783935546875
vt -0.8942635655403137 0.3364591598510742
vt -0.886148989200592 0.30396008491516113
vt -0.8082443475723267 0.30468225479125977
vt -0.8699198961257935 0.23896193504333496
vt 0.5977538228034973 0.4946216344833374
vt 0.7789402008056641 0.4946216344833374
vt 0.7771860361099243 0.43491148948669434
vt 0.506722092628479 0.479694128036499
vt 0.5942456126213074 0.37520134449005127
vt 0.7763090133666992 0.4050564169883728
vt 0.6861543655395508 0.41998398303985596
vt 0.774554967880249 0.34534627199172974
vt -0.6960519552230835 0.11931443214416504
vt -0.7897579669952393 0.2245476245880127
vt -0.8654052019119263 0.20868897438049316
vt -0.6249192953109741 0.16544604301452637
vt 0.6866576671600342 0.344746470451355
vt 0.6123046278953552 0.2509823441505432
vt 0.7790696620941162 0.3142915368080139
vt 0.5153778791427612 0.3124920129776001
vt 0.4274805784225464 0.31189215183258057
vt 0.4365100860595703 0.24978268146514893
vt -0.5357279777526855 0.09048581123352051
vt -0.6607243418693542 0.0040000081062316895
vt -0.5180642008781433 0.032828569412231445
vt -0.6158899664878845 0.10490012168884277
vt -0.8387120962142944 0.09048581123352051
vt -0.8298802375793457 0.06165719032287598
vt -0.7541341781616211 0.06165719032287598
vt -0.8122164011001587 0.0040000081062316895
vt 0.524073600769043 0.23464620113372803
vt 0.6096343994140625 0.1250917911529541
vt 0.43584251403808594 0.21830999851226807
vt 0.7860965132713318 0.15776407718658447
vt 0.7867640256881714 0.18923676013946533
vt 0.6985330581665039 0.17290055751800537
vt 0.7847614288330078 0.0948188304901123
vt 0.7937908172607422 0.03427290916442871
vt 0.6276931762695312 0.0040000081062316895
vt 0.9689177870750427 0.0040000081062316895
vt 0.9598883986473083 0.06454586982727051
vt 0.2864685356616974 0.0040000081062316895
vt 0.11585621535778046 0.0040000081062316895
vt 0.277439147233963 0.06454586982727051
vt 2.740744113922119 0.7772493362426758
vt 2.4238345623016357 0.7772493362426758
vt 0.06929951906204224 0.9980000257492065
vt -0.1762288510799408 0.9980000257492065
vt 2.304314613342285 0.4946216344833374
vt 2.1815876960754395 0.4946216344833374
vt 2.0588607788085938 0.4946216344833374
vt -1.1312589645385742 0.7766242027282715
vt -1.431398868560791 0.7766242027282715
vt 1.913718819618225 0.43414926528930664
vt 1.8913037776947021 0.3736768960952759
vt 1.880096197128296 0.3434407114982605
vt 1.7685768604278564 0.3736768960952759
vt 1.8411478996276855 0.40391308069229126
vt 1.8134069442749023 0.4946216344833374
vt 1.7240246534347534 0.41903114318847656
vt 1.6794724464416504 0.464385449886322
vt 1.657057523727417 0.40391308069229126
vt 1.936133861541748 0.4946216344833374
vt -0.5309789180755615 0.7766242027282715
vt -0.8311189413070679 0.7766242027282715
vt 4.91879940032959 0.9980000257492065
vt 5.3012566566467285 0.9980000257492065
vt 5.683713912963867 0.9980000257492065
vt 6.0661725997924805 0.9149840921163559
vt 6.448628902435303 0.9980000257492065
vt 1.4287563562393188 0.2852550745010376
vt 1.542029857635498 0.3147289752960205
vt 2.103135108947754 0.28296834230422974
vt 1.6553033590316772 0.3442029356956482
vt 1.711063027381897 0.3290848731994629
vt 1.8783421516418457 0.28373056650161743
vt 1.822582483291626 0.29884862899780273
vt 3.7714271545410156 0.9980000257492065
vt 2.1022579669952393 0.2531132698059082
vt 1.8326351642608643 0.12950944900512695
vt 1.787644386291504 0.1607915163040161
vt 1.877465009689331 0.2538754940032959
vt 1.680851697921753 0.1767183542251587
vt 3.3889715671539307 0.7766242027282715
vt 3.388969659805298 0.9980000257492065
vt 3.219007968902588 0.9980000257492065
vt 3.049046039581299 0.9980000257492065
vt 3.0490469932556152 0.887312114238739
vt 2.7091240882873535 0.7766242027282715
vt 2.7091236114501953 0.8319681584835052
vt 1.009504795074463 0.7766242027282715
vt 1.0095040798187256 0.887312114238739
vt 1.349428653717041 0.7766242027282715
vt 2.369199275970459 0.887312114238739
vt 1.6893517971038818 0.887312114238739
vt 2.3692002296447754 0.7766242027282715
vt 0.2353811264038086 0.4946216344833374
vt 0.41656747460365295 0.4946216344833374
vt 1.0095033645629883 0.9980000257492065
vt 1.8593127727508545 0.9980000257492065
vt 1.4126665592193604 0.03547263145446777
vt 1.6177146434783936 0.09841793775558472
vt 1.8200924396514893 0.03547263145446777
vt 1.9212814569473267 0.0040000081062316895
vt 2.023805618286133 0.03547263145446777
vt 4.139669418334961 0.7772493362426758
vt 4.489400863647461 0.7772493362426758
vt 4.8391313552856445 0.8876246809959412
vt 5.0139970779418945 0.8876246809959412
vt 3.789937734603882 0.9980000257492065
vt 3.440206527709961 0.9980000257492065
vt 3.265340805053711 0.8876246809959412
vt 5.1888628005981445 0.8876246809959412
vt 5.188863754272461 0.7772493362426758
vt 4.839132308959961 0.7772493362426758
vt 5.363729476928711 0.7772493362426758
vt 5.538595199584961 0.7772493362426758
vt -1.1909465789794922 0.0040000081062316895
vt 3.09047532081604 0.8876246809959412
vt 3.440206527709961 0.8876246809959412
vt 3.440206527709961 0.8324370086193085
vt 3.44020676612854 0.7772493362426758
vt 3.789937973022461 0.7772493362426758
vt -0.5092322826385498 0.0040000081062316895
vt 4.4893999099731445 0.9152185171842575
vt 0.5223758220672607 0.9980000257492065
vt -1.0744163990020752 0.432512104511261
vt -0.9195220470428467 0.4635668992996216
vt -1.0789310932159424 0.4635668992996216
vt 0.20546606183052063 0.9980000257492065
vt 0.522376298904419 0.9428123533725739
vt 0.36392271518707275 0.8048431724309921
vt 0.205468088388443 0.7772493362426758
vt 2.4238345623016357 0.8600308448076248
vt 2.582289218902588 0.9842031076550484
vt 2.74074387550354 0.9980000257492065
vt 1.4731061458587646 0.7772493362426758
vt 1.1561964750289917 0.8324370086193085
vt 1.7900155782699585 0.7772493362426758
vt 0.4570808410644531 0.0040000081062316895
vt 0.45256614685058594 0.03427290916442871
vt 1.790015459060669 0.9152185171842575
vt -0.33270204067230225 0.2765161991119385
vt -0.40249213576316833 0.24329495429992676
vt -0.24668288230895996 0.24473929405212402
vt -0.41872119903564453 0.30829310417175293
vt -0.25479739904403687 0.2772383689880371
vt -0.4925685524940491 0.29132139682769775
vt 0.2345040738582611 0.46476656198501587
vt 0.41569042205810547 0.46476656198501587
vt 0.23362702131271362 0.43491148948669434
vt -0.12699156999588013 0.4946216344833374
vt 0.05419477820396423 0.4946216344833374
vt 3.0490479469299316 0.7766242027282715
vt -1.0166997909545898 0.1769716739654541
vt -0.9433098435401917 0.20796680450439453
vt -1.0257291793823242 0.2375175952911377
vt -1.1013765335083008 0.22165894508361816
vt -1.1770237684249878 0.20580029487609863
vt -1.181538462638855 0.23607325553894043
vt 1.047276258468628 0.2850363254547119
vt 0.9638937711715698 0.25338172912597656
vt 0.9548642635345459 0.3154911994934082
vt 1.1351735591888428 0.28563618659973145
vt 0.8692243695259094 0.29936397075653076
vt 0.3369453549385071 0.15518981218338013
vt 0.290581613779068 0.12639999389648438
vt 0.4306924343109131 0.08776944875717163
vt 0.4296727776527405 0.21276944875717163
vt 0.3379650115966797 0.030189812183380127
vt 0.2916012704372406 0.001399993896484375
vt 0.5234198570251465 0.14534908533096313
vt 0.6438055038452148 0.08776944875717163
vt 0.6901692748069763 0.11655926704406738
vt 0.6161472797393799 0.20292866230010986
vt 0.08425339311361313 0.2159106731414795
vt 0.17248445749282837 0.23224681615829468
vt 0.25938040018081665 0.1856377124786377
vt 0.260715514421463 0.24858295917510986
vt 0.0849209576845169 0.2473832368850708
vt 0.3479452431201935 0.2177101969718933
vt 0.3631114363670349 0.4993000030517578
vt 0.28831368684768677 0.4993000030517578
vt 0.32618066668510437 0.4063374996185303
vt 0.2889378070831299 0.3753499984741211
vt 0.3268048167228699 0.28238749504089355
vt -0.10893258452415466 0.37040257453918457
vt 1.3189910650253296 0.37520134449005127
vt -0.31722337007522583 0.432512104511261
vt -0.44580966234207153 0.4946216344833374
vt -0.26834163069725037 0.37040257453918457
vt -0.42775067687034607 0.37040257453918457
vt -0.5255141854286194 0.4946216344833374
vt 4.345114707946777 0.7766242027282715
vt -0.25931215286254883 0.30829310417175293
vt -0.3480461537837982 0.37040257453918457
vt -1.123920202255249 0.3180431127548218
vt -1.0419583320617676 0.30251574516296387
vt -0.9924545288085938 0.4169846773147583
vt -0.9104925990104675 0.4014573097229004
vt -1.1563782691955566 0.44803953170776367
vt 1.0472115278244019 0.37520134449005127
vt 0.960126519203186 0.4946216344833374
vt 0.9566183090209961 0.37520134449005127
vt 1.0507197380065918 0.4946216344833374
vt 1.179466724395752 0.7766242027282715
vt 0.869533360004425 0.4946216344833374
vt 1.51939058303833 0.7766242027282715
vt -0.384433388710022 0.12220311164855957
vt -0.48039674758911133 0.24257278442382812
vt -0.5583013892173767 0.2418506145477295
vt -0.21959474682807922 0.06310153007507324
vt -0.21508006751537323 0.032828569412231445
vt -0.16877824068069458 0.24546146392822266
vt -0.2766058146953583 0.1838322877883911
vt -0.2286241203546524 0.12364745140075684
vt -0.3065287470817566 0.1229252815246582
vt 0.08040620386600494 0.2784379720687866
vt 0.2516860067844391 0.3106924295425415
vt 0.14347237348556519 0.4498389959335327
vt 0.16153135895729065 0.32561999559402466
vt 0.32378166913986206 0.41998398303985596
vt 0.4139363169670105 0.4050564169883728
vt 0.4229658246040344 0.3429468870162964
vt -1.3020201921463013 0.11931443214416504
vt 0.5694173574447632 0.08003628253936768
vt 0.43457648158073425 0.08003771305084229
vt -1.257185697555542 0.2202146053314209
vt -1.1192790269851685 0.14093589782714844
vt -1.0615342855453491 0.07607150077819824
vt -0.9365378618240356 0.16255736351013184
vt -0.8563758730888367 0.14814305305480957
vt 1.0491207838058472 0.1280909776687622
vt 0.9612234830856323 0.12749117612838745
vt 1.0517909526824951 0.2539815902709961
vt 0.875996470451355 0.25278186798095703
vt 0.7880991697311401 0.2521820068359375
vt 1.2275855541229248 0.25518131256103516
vt -0.0033101066946983337 0.2310471534729004
vt 0.13706451654434204 0.14779651165008545
vt 0.10231214761734009 0.0948188304901123
vt 0.3469439148902893 0.1705012321472168
vt 0.4345073997974396 0.1553647518157959
vt 0.44353675842285156 0.0948188304901123
vt 0.11134152114391327 0.03427290916442871
vt 0.18987564742565155 0.0796823501586914
vt 0.5401296615600586 0.019136428833007812
vt 1.3729966878890991 0.3003731966018677
vt 4.727570533752441 0.9980000257492065
vt 1.3647422790527344 0.17709946632385254
vt 2.582289218902588 0.9980000257492065
vt 1.948469638824463 0.9980000257492065
vt 1.314650058746338 0.9980000257492065
vt -1.0014839172363281 0.4790942668914795
vt -1.0834459066390991 0.4946216344833374
vt -1.2428549528121948 0.4946216344833374
vt 6.4486308097839355 0.7766242027282715
vt 6.066173553466797 0.7766242027282715
vt -0.8285306692123413 0.3859299421310425
vt -0.5074552297592163 0.37040257453918457
vt -0.5461788177490234 0.3626389503479004
vt -0.17960761487483978 0.30829310417175293
vt -0.8330454230308533 0.4169847369194031
vt -0.3367592990398407 0.292765736579895
vt -0.5164846777915955 0.432512104511261
vt -0.6646069288253784 0.35487520694732666
vt -1.1896530389785767 0.2685723304748535
vt -0.6362060308456421 0.24112844467163086
vt -0.5492720603942871 0.1813046932220459
vt -0.9599963426589966 0.28698837757110596
vt -0.9762254953384399 0.35198652744293213
vt -0.9478245377540588 0.23823976516723633
vt -0.7920153141021729 0.2396841049194336
vt -1.271614909172058 0.2840996980667114
vt -1.1036338806152344 0.23679542541503906
vt -0.6443206071853638 0.27362751960754395
vt 1.2266438007354736 0.3154911994934082
vt 0.5040909647941589 0.39012885093688965
vt 0.8660251498222351 0.37520134449005127
vt 0.8677792549133301 0.43491148948669434
vt 1.1360505819320679 0.3154911994934082
vt 1.0450189113616943 0.3005636930465698
vt 0.5049680471420288 0.41998398303985596
vt 0.8647096157073975 0.3304187059402466
vt 0.6844003200531006 0.3602738380432129
vt -0.47136738896369934 0.18202686309814453
vt -0.14169010519981384 0.06382369995117188
vt -0.7762138843536377 0.1337287425994873
vt -0.295242041349411 0.04724287986755371
vt -0.37540403008461 0.06165719032287598
vt -0.35774022340774536 0.0040000081062316895
vt -0.46233803033828735 0.12148094177246094
vt -0.7807285785675049 0.1640017032623291
vt -0.5447573661804199 0.1510317325592041
vt -0.5001616477966309 0.11355161666870117
vt 0.7002018690109253 0.25158214569091797
vt -0.05482577160000801 0.30082929134368896
vt -0.10893258452415466 0.37040257453918457
vt 0.34861278533935547 0.2491828203201294
vt 0.5244073867797852 0.25038254261016846
vt -0.07288475334644318 0.4250483512878418
vt 0.33958327770233154 0.31129229068756104
vt 0.17281824350357056 0.24798309803009033
vt 0.6956871747970581 0.28263694047927856
vt -0.4555659890174866 0.07607150077819824
vt -0.20624816417694092 0.0040000081062316895
vt 3.090475559234619 0.7772493362426758
vt -0.9012103080749512 0.04724287986755371
vt -0.43790221214294434 0.01841425895690918
vt -0.8879624605178833 0.0040000081062316895
vt 4.664266586303711 0.7772493362426758
vt -0.9188740849494934 0.10490012168884277
vt 1.223580241203308 0.0663454532623291
vt 0.5220708847045898 0.140228271484375
vt 0.5227384567260742 0.17170089483261108
vt 0.8733261823654175 0.12689131498336792
vt 0.8746613264083862 0.18983662128448486
vt 1.1350153684616089 0.03427290916442871
vt 1.1356829404830933 0.06574559211730957
vt 1.0474518537521362 0.04940938949584961
vt 0.8723249435424805 0.0796823501586914
vt 1.139530062675476 0.0040000081062316895
vt 0.8392871022224426 0.7772493362426758
vt 0.522377610206604 0.7772493362426758
vt 0.023778021335601807 0.04940938949584961
vt 0.3650026321411133 0.04940938949584961
vt 0.7983055114746094 0.0040000081062316895
vt 1.1561965942382812 0.7772493362426758
vt 0.5777151584625244 0.12013900279998779
vt 0.7050756812095642 0.08003485202789307
vt 0.7208538055419922 0.1602402925491333
vt 0.6695809364318848 0.7766242027282715
vt -1.3213136196136475 0.9980000257492065
vt 0.5875046253204346 0.4993000030517578
vt 3.3889715671539307 0.7766242027282715
vt 0.6695809364318848 0.7766242027282715
vt -0.939618706703186 0.9980000257492065
vt 0.06930100917816162 0.7766242027282715
vt 0.7428494691848755 0.8898718953132629
vt 0.6000000238418579 0.5501965284347534
vt 0.8856989741325378 0.567764401435852
vt 0.6584017276763916 -1.7729592323303223
vt 0.5848689675331116 -2.1257472038269043
vt 0.695168137550354 -1.772881269454956
vt 0.7319344878196716 1.745618999004364
vt 0.8790000081062317 1.7007756233215332
vt 0.7687008380889893 1.9249428510665894
vt 0.8054672479629517 -1.0673828125
vt 0.7319344878196716 -1.0675387382507324
vt 0.7319344878196716 -1.4201710224151611
vt 0.5848689675331116 1.7904623746871948
vt 0.8010125160217285 -2.4364218711853027
vt 0.799527645111084 -2.775224208831787
vt 0.8700906038284302 -2.747408151626587
vt 0.8790000081062317 -0.714594841003418
vt 0.8790000081062317 -0.714594841003418
vt 0.7319344878196716 -0.7149064540863037
vt 0.6456342935562134 -0.4884529113769531
vt 0.5908147096633911 1.3094063997268677
vt 0.5036047697067261 1.5538058876991272
vt 0.5878418684005737 1.5499343872070312
vt 0.5848689675331116 1.7904623746871948
vt 0.7349073886871338 1.5050910115242004
vt 0.8422336578369141 -1.067305088043213
vt 0.8054672479629517 -1.4200153350830078
vt 0.8745453357696533 -1.731001377105713
vt 0.8760302066802979 -1.3921992778778076
vt 0.6216353178024292 -2.8309340476989746
vt 0.6032521724700928 -2.3020243644714355
vt 0.6216353178024292 -3.1835665702819824
vt -0.11210869997739792 -0.4343874454498291
vt -0.05801234021782875 0.20314395427703857
vt -0.05463193729519844 -0.22187674045562744
vt 0.0028448253870010376 -0.009366035461425781
vt 0.06370199471712112 -0.2218761444091797
vt 0.6507620811462402 -3.3450403213500977
vt 0.7142583131790161 -3.342456340789795
vt 0.6825101971626282 -3.1023364067077637
vt 0.6216353178024292 -2.478301763534546
vt 0.5427504181861877 -0.08686208724975586
vt 0.5638096928596497 -0.40104007720947266
vt 0.5006318688392639 -0.09227156639099121
vt 0.5216911435127258 -2.4864938259124756
vt 0.5006318688392639 -2.4879579544067383
vt 0.5427504181861877 -2.836421489715576
vt 0.5848689675331116 -1.7731149196624756
vt 0.5427504181861877 -1.778524398803711
vt 0.5006318688392639 -2.136566162109375
vt 0.5848689675331116 -1.0678503513336182
vt 0.5848689675331116 -0.7152179479598999
vt 0.5006318688392639 -0.902353048324585
vt 0.4592859148979187 0.5524721145629883
vt 0.40961754322052 0.41178643703460693
vt 0.4852830767631531 0.4850005507469177
vt 0.8392713069915771 -1.6972148418426514
vt 0.8412506580352783 -1.8888163566589355
vt 0.7122788429260254 -1.6944994926452637
vt 0.837291955947876 -1.5056133270263672
vt 0.6150552034378052 -1.500861644744873
vt 0.6468033790588379 -1.5015404224395752
vt 0.5872657895088196 -1.8833858966827393
vt 0.7063409090042114 -1.1196949481964111
vt 0.710299551486969 -1.5028982162475586
vt 0.8174985647201538 0.41040217876434326
vt 0.8214572668075562 0.027199089527130127
vt 0.7540023326873779 0.41175979375839233
vt 0.6825099587440491 3.2946767807006836
vt 0.6507618427276611 3.7018189430236816
vt 0.6507618427276611 3.280959129333496
vt 0.714258074760437 2.8875348567962646
vt 0.746006190776825 3.322113037109375
vt 0.5089542865753174 0.6931577920913696
vt 0.7142583131790161 -2.8596322536468506
vt 0.5872658491134644 -2.856916904449463
vt 0.40729162096977234 0.687415212392807
vt 0.6515800356864929 0.2833312749862671
vt 0.5908147096633911 0.05656623840332031
vt 0.5923011302947998 0.24951231479644775
vt 0.7142581939697266 -1.886101245880127
vt 0.698423445224762 1.163015604019165
vt 0.8095812201499939 1.1768083572387695
vt 0.7004027366638184 1.3785805106163025
vt 0.58726567029953 1.1492228507995605
vt 0.6468032598495483 1.5872490406036377
vt 0.7043614387512207 1.8097103238105774
vt 0.7063407897949219 2.025275230407715
vt 0.7023820877075195 1.59414541721344
vt 0.8174985647201538 2.0390679836273193
vt 0.619013786315918 1.5838008522987366
vt 0.6348878145217896 1.801089882850647
vt 0.6507618427276611 2.0183788537979126
vt 0.7589506506919861 1.7088242769241333
vt 0.8135398626327515 1.6079381704330444
vt 0.5937875509262085 0.4424583315849304
vt 0.5872656106948853 1.9909429550170898
vt 0.5472097396850586 0.4919760227203369
vt 0.5609486103057861 0.5582146942615509
vt 0.6129429340362549 0.4232715964317322
vt 0.8095812201499939 1.1768083572387695
vt 0.8135398626327515 0.7936052680015564
vt 0.7817918062210083 0.7942840754985809
vt 0.7378802299499512 1.2645630240440369
vt 0.8790000081062317 1.7007756233215332
vt 0.7319344878196716 -2.1254358291625977
vt 0.8017549514770508 -2.2670209407806396
vt 0.873060405254364 -2.0698037147521973
vt 0.8715754747390747 -2.4086060523986816
vt 0.7627612352371216 -3.127934455871582
vt 0.8333241939544678 -3.100118637084961
vt 0.8686057329177856 -3.086210250854492
vt 0.8671208024024963 -3.4250125885009766
vt 0.6400185227394104 -3.007211685180664
vt 0.6584017276763916 -2.8308563232421875
vt 0.5872658491134644 -3.343682289123535
vt 0.8095026016235352 -2.614344596862793
vt 0.7460063695907593 -2.6169281005859375
vt 0.7777544856071472 -2.3742241859436035
vt 0.695168137550354 -2.4781460762023926
vt 0.7657310962677002 -2.4503300189971924
vt 0.6032521724700928 -3.359921455383301
vt 0.7443780899047852 -3.3042898178100586
vt 0.5848689675331116 -3.5362768173217773
vt 0.5848689675331116 -2.831012010574341
vt 0.6507620811462402 -2.371509075164795
vt 0.8856989741325378 0.8986567854881287
vt 0.8142741918563843 1.059710532426834
vt 0.17803484201431274 1.7730124592781067
vt 0.07904747128486633 1.6375097036361694
vt -0.11720957607030869 2.0968501567840576
vt 0.27616336941719055 1.5433422327041626
vt 0.27702221274375916 1.908515214920044
vt 0.6190139651298523 -2.614212989807129
vt 0.8856989741325378 1.2295491695404053
vt 0.7428494691848755 1.2207642793655396
vt 0.7903227806091309 0.26693862676620483
vt 0.8388308882713318 0.26693862676620483
vt 0.7897160649299622 0.6100131273269653
vt 0.8388308882713318 0.09822386503219604
vt 0.4779570400714874 0.7090662121772766
vt 0.4982975423336029 0.6274712979793549
vt 0.559319019317627 0.7133863568305969
vt 0.43727606534957886 0.5415562391281128
vt 0.43727606534957886 0.8722560405731201
vt 0.518638014793396 0.8765761852264404
vt 0.5872656106948853 1.5700829029083252
vt 0.5779590606689453 1.3554770052433014
vt -0.11181380599737167 1.0484058856964111
vt -0.016383163630962372 1.3429577946662903
vt 0.27530452609062195 1.1781692504882812
vt 0.5065776109695435 1.3132779002189636
vt 0.41639477014541626 1.7982053756713867
vt 0.5937875509262085 1.068878412246704
vt -0.11451169103384018 1.5726280212402344
vt 0.6190137267112732 2.425520896911621
vt 0.5872656106948853 2.832663059234619
vt 0.5872656106948853 2.4118030071258545
vt 0.5686525106430054 2.4034512042999268
vt 0.5500392913818359 3.552464485168457
vt 0.5872656106948853 3.6743831634521484
vt 0.5128129720687866 3.8514060974121094
vt 0.7063995599746704 -0.2616879940032959
vt 0.6182245016098022 -0.2159433364868164
vt 0.5872656106948853 3.253523111343384
vt 0.5128129720687866 3.6409761905670166
vt 0.7496448159217834 0.711385577917099
vt 0.8854951858520508 0.9995021224021912
vt 0.7496448159217834 0.9872838854789734
vt 0.7093724608421326 0.12420415878295898
vt 0.7671648859977722 -0.03492295742034912
vt 0.7900186777114868 0.44521331787109375
vt 0.8388304114341736 0.273673415184021
vt 0.7903212904930115 0.27367478609085083
vt 0.7897160649299622 0.6167519092559814
vt 0.6000000238418579 0.8810879588127136
vt 0.827930212020874 0.19184207916259766
vt 0.5006318688392639 0.2246110439300537
vt 0.5128129720687866 4.272266387939453
vt 0.5500392913818359 4.394184827804565
vt 0.4383603632450104 4.449289321899414
vt 0.5872655510902405 4.516103267669678
vt 0.5006318688392639 -0.40915417671203613
vt 0.5848689675331116 -0.7152179479598999
vt 0.5006318688392639 -0.5675954818725586
vt 0.5872656106948853 4.095243215560913
vt 0.41639477014541626 -0.10309052467346191
vt 0.5872657299041748 -1.5043096542358398
vt 0.5872657299041748 -1.1252336502075195
vt 0.5779591798782349 -1.6938600540161133
vt 0.5872657299041748 -0.7461576461791992
vt 0.6150552034378052 -0.7427093982696533
vt 0.8854951858520508 0.7236038148403168
vt 0.5872657299041748 -0.36708152294158936
vt 0.5779591798782349 -0.5566318035125732
vt 0.5500394105911255 0.2962524890899658
vt 0.5872657299041748 0.3910706639289856
vt 0.5872657299041748 0.011994600296020508
vt 0.5128130912780762 0.5805103182792664
vt 0.5128130912780762 0.3909722566604614
vt 0.7687008380889893 -1.7727255821228027
vt 0.8775150775909424 -1.0533971786499023
vt 0.4383604824542999 1.1490260362625122
vt 0.5128130912780762 0.7700483500957489
vt 0.5128130912780762 0.9595863968133926
vt 0.5006318688392639 -3.1907410621643066
vt 0.5006318688392639 -3.3664369583129883
vt 0.41639477014541626 -3.196597099304199
vt 0.5872657299041748 0.9596848040819168
vt 0.5872657299041748 0.7701467573642731
vt 0.5006318688392639 -2.8393495082855225
vt 0.6150550842285156 0.7735949456691742
vt 0.41639477014541626 -2.1424221992492676
vt 0.8149410486221313 -3.2764735221862793
vt 0.58726567029953 1.1492228507995605
vt 0.5500394105911255 1.0544046238064766
vt 0.41639477014541626 -2.4938137531280518
vt 0.41639477014541626 -2.845205307006836
vt 0.7123453617095947 0.5100962519645691
vt 0.5500394105911255 0.6753285229206085
vt 0.8534650802612305 -0.26137638092041016
vt 0.777754545211792 -3.581284523010254
vt 0.8412507176399231 -3.820113182067871
vt 0.8412506580352783 -3.5787010192871094
vt 0.8412506580352783 -3.3372888565063477
vt 0.456959992647171 0.8281008899211884
vt 0.4831700325012207 0.8985778540372849
vt 0.40496569871902466 0.9630439877510071
vt 0.5613743662834167 0.8341117203235626
vt 0.7142583131790161 -3.101044178009033
vt 0.7777544856071472 -3.0984606742858887
vt 0.8412506580352783 -3.095876693725586
vt 0.8412506580352783 -2.8544647693634033
vt 0.6137944459915161 0.9750656485557556
vt 0.43836042284965515 2.7991576194763184
vt 0.43836045265197754 2.592891216278076
vt 0.5128130316734314 2.7992560863494873
vt 0.43836045265197754 2.3866246938705444
vt 0.43836045265197754 1.9740918278694153
vt 0.47558674216270447 2.386673927307129
vt 0.4941999018192291 2.386698603630066
vt 0.540732741355896 2.1804935932159424
vt 0.47558677196502686 1.9741410613059998
vt 0.5500393509864807 1.974239468574524
vt 0.531426191329956 2.3867478370666504
vt 0.5500394701957703 -1.1252830028533936
vt 0.5686526298522949 -0.7461822032928467
vt 0.5593459606170654 1.7679853439331055
vt 0.4941999316215515 1.561632752418518
vt 0.5686525106430054 1.5617311596870422
vt 0.4662802219390869 1.3553293943405151
vt 0.4383604824542999 1.1490260362625122
vt 0.4848933517932892 1.7678868770599365
vt 0.5081597566604614 1.2522515058517456
vt 0.7701377868652344 0.35096919536590576
vt 0.5686526298522949 -1.5043344497680664
vt 0.46628034114837646 -1.7369928359985352
vt 0.49420005083084106 -1.5330896377563477
vt 0.4779570400714874 1.039766013622284
vt 0.4982975423336029 1.1236168146133423
vt 0.43727606534957886 1.2029558420181274
vt 0.5111615061759949 -2.311530113220215
vt 0.6545529365539551 0.6692233383655548
vt 0.5967604517936707 0.8283504247665405
vt 0.6584017276763916 2.1491100788116455
vt 0.8054672479629517 2.1042667627334595
vt 0.8790000081062317 3.225053310394287
vt 0.7319344878196716 2.8841030597686768
vt 0.8054672479629517 2.8664056062698364
vt 0.7319344878196716 2.5077579021453857
vt 0.8790000081062317 2.46291446685791
vt 0.5848689675331116 -1.4204826354980469
vt 0.5427504181861877 -1.1614179611206055
vt 0.5427504181861877 -1.2495758533477783
vt 0.5006318688392639 -1.0786690711975098
vt 0.5006318688392639 -1.4313015937805176
vt 0.4383606016635895 -1.9408960342407227
vt 0.4755868911743164 -1.1540379524230957
vt 0.5427504181861877 -1.602208137512207
vt 0.5638096928596497 -2.4810843467712402
vt 0.8412506580352783 -2.371640682220459
vt 0.5872658491134644 -2.3701515197753906
vt 0.550039529800415 -2.141146183013916
vt 0.5872657895088196 -1.8833858966827393
vt 0.6031398773193359 -2.2487993240356445
vt 0.6190140247344971 -3.5877442359924316
vt 0.5872659087181091 -3.8304481506347656
vt 0.6507620811462402 -3.5864524841308594
vt 0.6152516603469849 -0.6018354892730713
vt 0.5128132104873657 -2.3989064693450928
vt 0.4755868911743164 -2.1699013710021973
vt 0.4755869507789612 -2.4132840633392334
vt 0.4383606016635895 -1.9408960342407227
vt 0.49420005083084106 -2.0410211086273193
vt 0.5006318688392639 -1.7839338779449463
vt 0.479572594165802 -1.7866384983062744
vt 0.559346079826355 -1.3148088455200195
vt 0.4585133194923401 -0.8196043968200684
vt 0.41639477014541626 -0.7368557453155518
vt 0.642844557762146 0.39796704053878784
vt 0.8790000081062317 2.8439838886260986
vt 0.7926998138427734 -0.48814141750335693
vt 0.48489347100257874 -1.3435637950897217
vt 0.559319019317627 1.0442777872085571
vt 0.503506600856781 -1.7226152420043945
vt 0.508159875869751 -1.817378044128418
vt 0.5407328605651855 -0.9357572793960571
vt 0.5314263105392456 -0.7462315559387207
vt 0.6000000238418579 1.2119793891906738
vt 0.5686527490615845 -3.5942540168762207
vt 0.5035066604614258 -3.70987606048584
vt 0.4383606016635895 -3.825498580932617
vt 0.5500395894050598 -3.358059883117676
vt 0.5314264297485352 -3.121866226196289
vt 0.4755869507789612 -3.3555850982666016
vt 0.5128132700920105 -2.885672092437744
vt 0.5686527490615845 -3.1074886322021484
vt 0.49420011043548584 -3.5917792320251465
vt 0.4383606016635895 -2.88319730758667
vt 0.4569737911224365 -3.119391441345215
vt 0.49420011043548584 -2.649477958679199
vt 0.4383606016635895 -2.4120466709136963
vt 0.8412506580352783 -2.6130528450012207
vt 0.6714247465133667 1.0509256422519684
vt 0.6984235048294067 -0.35328876972198486
vt 0.17717599868774414 1.4078394770622253
vt 0.5006318688392639 2.553926467895508
vt 0.5006318688392639 2.930271625518799
vt 0.4585133194923401 3.123831033706665
vt 0.6817196607589722 0.8432256132364273
vt 0.8388304114341736 0.10495859384536743
vt 0.47558683156967163 0.39092302322387695
vt 0.4383605122566223 -0.009694814682006836
vt 0.4383605122566223 0.3765454888343811
vt 0.6133686900138855 0.6991686224937439
vt 0.6584017276763916 3.089972972869873
vt 0.5848689675331116 3.2958431243896484
vt 0.5848689675331116 2.9194979667663574
vt 0.8854951858520508 0.4477055072784424
vt 0.8175699710845947 0.5795455574989319
vt 0.4585133194923401 -2.4908857345581055
vt 0.5878418684005737 -0.32932591438293457
vt 0.809502363204956 4.1912689208984375
vt 0.8333331346511841 3.763587236404419
vt 0.8372918367385864 4.194716930389404
vt 0.841250479221344 4.625846862792969
vt 0.5848689675331116 2.5431528091430664
vt 0.512813150882721 -0.3671799898147583
vt 0.8015850782394409 3.3290092945098877
vt 0.825415849685669 2.901327610015869
vt 0.8293744921684265 3.3324575424194336
vt 0.7492190599441528 0.43548858165740967
vt 0.6812938451766968 0.5673285722732544
vt 0.8790000081062317 1.480782300233841
vt 0.8790000081062317 1.2607889771461487
vt 0.8437200784683228 1.3717291355133057
vt -0.11586063355207443 1.834739089012146
vt 0.8214572072029114 2.4701977968215942
vt 0.8412506580352783 -1.8888163566589355
vt 0.6825101375579834 -2.128805160522461
vt 0.41639477014541626 -1.088247299194336
vt 0.41639477014541626 -1.4396390914916992
vt 0.4585133194923401 -1.4367108345031738
vt 0.6190136671066284 4.10896110534668
vt 0.6825098991394043 4.136397123336792
vt 0.41639477014541626 2.557797908782959
vt 0.41639477014541626 2.178001642227173
vt 0.4585133194923401 1.9861677885055542
vt 0.41639477014541626 1.7982053756713867
vt 0.6673203706741333 1.0464567244052887
vt 0.808440089225769 1.0426826775074005
vt 0.41639477014541626 3.3173904418945312
vt 0.41639477014541626 2.937594175338745
vt 0.4585133194923401 2.9356584548950195
vt 0.4585133194923401 2.7457603216171265
vt 0.8662325143814087 -0.48798561096191406
vt 0.5006318688392639 2.1741302013397217
vt 0.5427504181861877 1.9822962880134583
vt 0.5427504181861877 2.172194480895996
vt 0.5216911435127258 1.8883150815963745
vt 0.49419987201690674 3.211764335632324
vt 0.531426191329956 3.2284679412841797
vt 0.4755867123603821 3.6242728233337402
vt 0.5035064220428467 3.0055103302001953
vt 0.5500392913818359 3.2368197441101074
vt 0.4569735527038574 4.036781072616577
vt 0.43836039304733276 3.624223470687866
vt 0.8790000081062317 -0.2705810070037842
vt 0.6706340312957764 0.7804913222789764
vt 0.6706340909004211 -0.7358131408691406
vt 0.6706340312957764 0.0223391056060791
vt 0.6428446173667908 0.018890976905822754
vt 0.6428446769714355 -1.1183373928070068
vt 0.7262129187583923 0.029235482215881348
vt 0.45999976992607117 1.6760056018829346
vt 0.7142583131790161 -3.8252806663513184
vt 0.550039529800415 -2.6279115676879883
vt 0.5427504181861877 3.1130573749542236
vt 0.7319344878196716 3.2604482173919678
vt 0.5427504181861877 2.3603670597076416
vt 0.5848689675331116 2.1668076515197754
vt 0.5216911435127258 3.209836959838867
vt 0.5500394105911255 0.011945366859436035
vt 0.456973671913147 0.7699745297431946
vt 0.4383605122566223 0.7627857625484467
vt 0.5128129720687866 4.061836242675781
vt 0.5035065412521362 -0.17765426635742188
vt 0.4941999912261963 0.011871516704559326
vt 0.4383605420589447 -0.39593505859375
vt 0.5314263105392456 0.011920750141143799
vt 0.5216911435127258 0.2273157835006714
vt 0.5006318688392639 0.5414936542510986
vt 0.5036047697067261 0.9273858070373535
vt 0.45999976992607117 1.3627955913543701
vt 0.4585133194923401 1.1698495149612427
vt 0.5516690015792847 1.070814162492752
vt 0.43836039304733276 3.2116904258728027
vt 0.7777543067932129 3.7566909790039062
vt 0.8422336578369141 1.9025211930274963
vt 0.8790000081062317 1.8913103342056274
vt 0.8790000081062317 2.0818450450897217
vt 0.8254159688949585 -0.356003999710083
vt 0.7897091507911682 0.02787792682647705
vt 0.734130322933197 -0.7371706962585449
vt 0.765878438949585 -0.7378494739532471
vt 0.8095026016235352 -2.1315202713012695
vt 0.8790000081062317 1.0407956540584564
vt 0.8790000081062317 0.8208023309707642
vt 0.8293746709823608 -0.7392071485519409
vt -0.11316274851560593 1.3105169534683228
vt 0.12455916404724121 -0.43438613414764404
vt 0.12172926962375641 -0.07114851474761963
vt 0.43727606534957886 1.0376059412956238
vt 0.07990632206201553 2.002682685852051
vt 0.8406976461410522 -0.03476715087890625
vt 0.7975475788116455 0.07845956087112427
vt 0.6825099587440491 2.4529569149017334
vt 0.41639477014541626 -1.7910306453704834
vt 0.27530452609062195 1.1781692504882812
vt 0.1684408336877823 1.048061728477478
vt -0.11181380599737167 1.0484058856964111
vt 0.5486961603164673 0.684922069311142
vt 0.43836045265197754 1.5615589618682861
vt 0.4569735527038574 3.2117152214050293
vt 0.8412506580352783 -2.1302285194396973
vt 0.5427504181861877 2.7367122173309326
vt 0.8333333134651184 -1.1224102973937988
vt 0.8790000081062317 0.17343270778656006
vt -0.11548910290002823 -0.009366750717163086
vt -0.11886950582265854 0.4156540036201477
vt 0.12031432241201401 0.11047029495239258
vt 0.41639477014541626 1.4813227355480194
vt 0.41639477014541626 1.164440095424652
vt 0.7378802299499512 0.8245763778686523
vt 0.4383605122566223 0.9559058994054794
vt 0.7658783197402954 2.463301420211792
vt 0.738088846206665 2.459853172302246
vt 0.479572594165802 0.8556715846061707
vt 0.4585133194923401 0.8529668748378754
vt 0.41639477014541626 0.8475574553012848
vt 0.4585133194923401 -0.33534300327301025
vt 0.41639477014541626 -0.41997313499450684
vt 0.41639477014541626 0.6891161203384399
vt 0.41639477014541626 0.5306748151779175
vt 0.4585133194923401 2.3659640550613403
vt 0.5006318688392639 0.38305234909057617
vt 0.06087210029363632 0.14136159420013428
vt 0.1188993752002716 0.29208916425704956
vt 0.5427504181861877 -0.4037446975708008
vt 0.4942000210285187 -0.7606089115142822
vt 0.4383605718612671 -1.1684155464172363
vt 0.4383605718612671 -1.5546557903289795
vt 0.456973671913147 -0.0025060176849365234
vt 0.475586861371994 -0.7677977085113525
vt 0.4383605718612671 -0.7821753025054932
vt 0.4383605718612671 -0.5890551805496216
vt 0.000014938414096832275 0.35387158393859863
vt -0.010929614305496216 0.41878175735473633
vt 0.6983839273452759 4.353686094284058
vt 0.4585133194923401 -1.788102626800537
vt 0.4585133194923401 -1.0840787887573242
vt 0.5638096928596497 -3.1863489151000977
vt 0.5427504181861877 -3.1878132820129395
vt 0.41639477014541626 0.21379214525222778
vt 0.41639477014541626 0.05535078048706055
vt 0.41639477014541626 -0.5784144401550293
vt 0.4585133194923401 -0.6522256135940552
vt 0.41639477014541626 -0.7368557453155518
vt 0.4585133194923401 0.21920162439346313
vt 0.676784873008728 -2.3018689155578613
vt 0.7135512828826904 -2.301790952682495
vt 0.6032521724700928 -2.6546568870544434
vt 0.4585133194923401 -3.457212448120117
vt 0.41639477014541626 -3.5479884147644043
vt 0.7494319677352905 0.5734370946884155
vt 0.6810809969902039 0.42938005924224854
vt 0.6131558418273926 0.561220109462738
vt 0.6135815382003784 0.8371171355247498
vt 0.6000000238418579 1.0465336740016937
vt 0.6714247465133667 1.2163718342781067
vt 0.7428494691848755 1.0553180873394012
vt 0.4084545969963074 0.5496008396148682
vt 0.8392637968063354 -1.7449095249176025
vt 0.5104499459266663 0.5269081294536591
vt 0.6020605564117432 0.4656980037689209
vt 0.5794193744659424 0.5881181955337524
vt 0.46412160992622375 0.3432779312133789
vt 0.5557321906089783 0.28206777572631836
vt 0.6247016787528992 0.34327781200408936
vt 0.28090041875839233 0.46569812297821045
vt 0.31339797377586365 0.711663007736206
vt 0.15921029448509216 0.4662604331970215
vt 0.07001769542694092 0.7127876281738281
vt 0.1429615169763565 0.3432779908180237
vt 0.08211645483970642 0.3435591459274292
vt 0.0375201553106308 0.4668227434158325
vt 0.44148048758506775 0.4656980633735657
vt 0.41883933544158936 0.5881182551383972
vt 0.48676276206970215 0.22085773944854736
vt 0.4867625832557678 0.17228198051452637
vt 0.32618236541748047 0.12370634078979492
vt 0.6473428010940552 0.2208576798439026
vt 0.48676225543022156 0.07513058185577393
vt 0.30354154109954834 0.3432779312133789
vt 0.37251102924346924 0.4044880270957947
vt 0.02127138525247574 0.3438403010368347
vt 0.005022615194320679 0.22085785865783691
vt 0.8918676376342773 0.38731616735458374
vt 0.7316187024116516 0.19920885562896729
vt 0.765274167060852 0.5555570125579834
vt 0.8156686425209045 0.7076910138130188
vt 0.9239944815635681 0.9872523546218872
vt 0.8094354271888733 0.9872510433197021
vt 0.39515215158462524 0.28206783533096313
vt 0.24589240550994873 0.08824747800827026
vt 0.3261823356151581 0.004212856292724609
vt 0.16560246050357819 0.052788615226745605
vt 0.16560249030590057 0.17228209972381592
vt 0.3261823058128357 -0.1152806282043457
vt 0.24589237570762634 -0.031245946884155273
vt 0.1656024158000946 -0.06670486927032471
vt 0.005022531375288963 -0.01812911033630371
vt 0.08531250059604645 0.017329752445220947
vt 0.005022615194320679 0.22085785865783691
vt 0.16560237109661102 -0.18619835376739502
vt 0.08531244844198227 -0.10216379165649414
vt 0.005022489465773106 -0.13762259483337402
vt 0.32618269324302673 0.22085773944854736
vt 0.48676276206970215 0.22085773944854736
vt 0.6473421454429626 0.026554882526397705
vt 0.48676222562789917 -0.04436290264129639
vt 0.23457211256027222 0.2820678949356079
vt 0.1656026542186737 0.22085779905319214
vt 0.07399206608533859 0.2820678949356079
vt 0.5567782521247864 0.710538387298584
vt 0.1656026542186737 0.22085779905319214
vt 0.7949154376983643 0.11508846282958984
vt 0.6979632377624512 -0.15713930130004883
vt 0.5330910682678223 0.4044879674911499
vt 0.005022447556257248 -0.25711607933044434
vt 0.6473428010940552 0.2208576798439026
vt 1.0857720375061035 0.9317715764045715
vt 0.9255231022834778 0.7436642944812775
vt 0.7646809816360474 0.9317715764045715
vt 1.3705565929412842 1.190889686346054
vt 1.4828407764434814 0.9989393353462219
vt 1.4828407764434814 1.190889686346054
vt 1.1288260221481323 0.9989393353462219
vt 0.9047161340713501 0.9989393353462219
vt 0.951818585395813 1.190889686346054
vt 0.6095427870750427 1.190889686346054
vt 0.444274365901947 0.9989393353462219
vt 0.6340503692626953 0.902964174747467
vt 0.7748112082481384 1.3828400373458862
vt 0.7166845798492432 0.9989393353462219
vt 0.6592299342155457 0.6150386333465576
vt 0.4117574095726013 0.6150386333465576
vt 0.26470768451690674 0.9989393353462219
vt 0.7814077138900757 0.8069889843463898
vt 0.9689807295799255 0.8069889843463898
vt 0.9042575359344482 0.9989393353462219
vt -0.1298145353794098 1.3828400373458862
vt 0.2290501892566681 1.3828400373458862
vt 1.0337039232254028 0.6150386333465576
vt 1.1459882259368896 0.8069889843463898
vt -0.041644513607025146 0.9989393353462219
vt 0.03327667713165283 0.9989393353462219
vt 1.1935491561889648 1.190889686346054
vt 1.258272409439087 0.9989393353462219
vt 1.1288260221481323 1.3828400373458862
vt 1.016541838645935 1.190889686346054
vt 0.951818585395813 1.3828400373458862
vt 0.8395344018936157 1.190889686346054
vt 1.0812649726867676 0.9989393353462219
vt 0.427836537361145 0.8069889843463898
vt 0.33713260293006897 1.190889686346054
vt 0.22999082505702972 1.3828400373458862
vt 0.411398708820343 0.6150386333465576
vt 0.6585579514503479 0.6150386333465576
vt 0.2013535499572754 0.8069889843463898
vt 0.1407921016216278 0.9989393353462219
vt 0.06605023145675659 0.9989393353462219
vt 0.261914998292923 0.6150386333465576
vt 1.0817235708236694 0.8069889843463898
vt 1.0346211194992065 0.6150386333465576
vt 0.9696686267852783 0.8069889843463898
vt 1.305833339691162 0.8069889843463898
vt 0.6318356394767761 0.9989393353462219
vt 1.3705565929412842 0.8069889843463898
vt -0.34520405530929565 1.3828400373458862
vt -0.1559636890888214 1.190889686346054
vt 0.44414007663726807 0.9989393353462219
vt 0.14097145199775696 0.9989393353462219
vt -0.1298145353794098 1.3828400373458862
vt 0.18539145588874817 1.190889686346054
vt -0.08572952449321747 1.190889686346054
vt 1.4828407764434814 1.3828400373458862
vt 1.305833339691162 1.3828400373458862
vt 0.7033234238624573 1.190889686346054
vt 0.7748112082481384 1.3828400373458862
vt 1.305833339691162 0.9989393353462219
vt 1.305833339691162 1.190889686346054
vt 1.4828407764434814 0.9989393353462219
vt 1.4828407764434814 1.3828400373458862
vt 1.4828407764434814 1.190889686346054
vt 0.4304429292678833 1.190889686346054
vt 1.1288260221481323 1.3828400373458862
vt 1.305833339691162 1.3828400373458862
vt -0.1934242844581604 1.190889686346054
vt 0.11013524234294891 0.8069889843463898
vt 1.1288260221481323 1.190889686346054
vt 0.2983950972557068 0.902964174747467
vt 0.3365951180458069 1.190889686346054
vt 1.4828407764434814 0.6150386333465576
vt 1.4828407764434814 0.6150386333465576
vt 0.951818585395813 1.3828400373458862
vt 1.4828407764434814 0.8069889843463898
vt 0.5448364019393921 0.902964174747467
vt -0.0318821519613266 1.190889686346054
vt 0.2760953903198242 0.8069889843463898
vt 0.5514161586761475 0.8069889843463898
vt 0.32069477438926697 0.9989393353462219
vt 0.9980000257492065 -0.3877025842666626
vt 0.8781294226646423 -0.2217702865600586
vt 0.9180862903594971 -0.05583775043487549
vt 0.8381725549697876 0.11009454727172852
vt 0.8381725549697876 0.27602702379226685
vt 0.9980000257492065 0.297837495803833
vt 0.9980000257492065 0.46470391750335693
vt 0.9140000343322754 0.45863115787506104
vt 0.8381725549697876 -0.05583786964416504
vt 0.9980000257492065 -0.03694450855255127
vt 0.9980000257492065 0.3138135075569153
vt 0.9580431580543518 0.12898790836334229
vt 0.8381725549697876 0.629341721534729
vt 0.9980000257492065 0.6515330076217651
vt 0.9180862903594971 0.47157764434814453
vt 0.9980000257492065 0.8740943670272827
vt 0.9980000257492065 1.1166183948516846
vt 0.9140000343322754 0.8588711023330688
vt 0.9980000257492065 0.6315703392028809
vt 0.8299999833106995 0.6194248795509338
vt 0.9980000257492065 1.367273986339569
vt 0.8299999833106995 1.5335575342178345
vt 0.9980000257492065 1.6179295778274536
vt 0.8381725549697876 1.5437448024749756
vt 0.9980000257492065 1.379433274269104
vt 0.9980000257492065 0.4826732873916626
vt 0.9180862903594971 0.8850916028022766
vt 0.8381725549697876 1.118650197982788
vt 0.8299999833106995 0.3056448698043823
vt 0.8381725549697876 -0.38770270347595215
vt 0.8299999833106995 1.0861718654632568
vt 0.9980000257492065 -0.38657426834106445
vt 0.956000030040741 0.12868642807006836
vt 0.9140000343322754 -0.04046463966369629
vt 0.9180862903594971 1.342340886592865
vt 0.9980000257492065 1.1409369707107544
vt 0.8299999833106995 0.1323941946029663
vt 0.8299999833106995 -0.04085648059844971
vt 0.871999979019165 -0.2139112949371338
vt 0.8299999833106995 -0.21410715579986572
vt 0.8299999833106995 -0.38735783100128174
vt 0.8381725549697876 -0.2217702865600586
vt 0.999499499797821 0.6220301985740662
vt 0.9995003342628479 0.5800252556800842
vt 0.8566866517066956 0.5507863163948059
vt 0.9980000257492065 -0.04436838626861572
vt 0.8566886186599731 0.621564507484436
g FFRoute020
s 1
f 1/1/1 2/2/2 3/3/3
f 4/4/4 5/5/5 6/6/6
f 7/7/7 8/8/8 9/9/9
f 10/10/10 11/11/11 12/12/12
f 13/13/13 10/10/10 12/12/12
f 14/14/14 8/8/8 7/7/7
f 14/14/14 7/7/7 15/15/15
f 16/16/16 17/17/17 18/18/18
f 19/19/19 20/20/20 21/21/21
f 13/13/13 22/22/22 18/18/18
f 20/20/20 15/15/15 21/21/21
f 23/23/23 12/12/12 11/11/11
f 20/20/20 14/14/14 15/15/15
f 13/13/13 12/12/12 22/22/22
f 19/19/19 14/14/14 20/20/20
f 24/24/24 25/25/25 26/26/26
f 25/25/25 27/27/27 26/26/26
f 28/28/28 27/27/27 25/25/25
f 28/28/28 25/25/25 24/24/24
f 26/26/26 29/29/29 30/30/30
f 26/26/26 30/30/30 19/19/19
f 31/31/31 32/32/32 33/33/33
f 31/31/31 33/33/33 34/34/34
f 28/28/28 35/35/35 36/36/36
f 28/28/28 36/36/36 37/37/37
f 19/19/19 30/30/30 14/14/14
f 30/30/30 29/29/29 14/14/14
f 38/38/38 39/39/39 40/40/40
f 41/41/41 39/39/39 38/38/38
f 41/41/41 38/38/38 42/42/42
f 38/38/38 40/40/40 42/42/42
f 40/40/40 9/9/9 43/43/43
f 44/44/44 45/45/45 46/46/46
f 40/40/40 43/43/43 47/47/47
f 48/48/48 49/49/49 46/46/46
f 50/50/50 45/45/45 51/51/51
f 52/52/52 53/53/53 54/54/54
f 55/55/55 48/48/48 50/50/50
f 56/56/56 57/57/57 58/58/58
f 59/59/59 60/60/60 52/52/52
f 60/60/60 53/53/53 52/52/52
f 60/60/60 61/61/61 53/53/53
f 59/59/59 61/61/61 60/60/60
f 62/62/62 52/52/52 63/63/63
f 63/63/63 64/64/64 62/62/62
f 65/65/65 64/64/64 63/63/63
f 66/66/66 67/67/67 68/68/68
f 69/69/69 70/70/70 66/66/66
f 71/71/71 59/59/59 67/67/67
f 71/71/71 72/72/72 59/59/59
f 70/70/70 72/72/72 71/71/71
f 73/73/73 45/45/45 44/44/44
f 74/74/74 75/75/75 76/76/76
f 77/77/77 78/78/78 73/73/73
f 75/75/75 79/79/79 76/76/76
f 75/75/75 80/80/80 79/79/79
f 74/74/74 80/80/80 75/75/75
f 81/81/81 79/79/79 82/82/82
f 76/76/76 79/79/79 81/81/81
f 81/81/81 82/82/82 83/83/83
f 43/43/43 84/84/84 47/47/47
f 9/9/9 84/84/84 43/43/43
f 85/85/85 8/8/8 86/86/86
f 85/85/85 86/86/86 29/29/29
f 29/29/29 86/86/86 14/14/14
f 86/86/86 8/8/8 14/14/14
f 87/87/87 88/88/88 47/47/47
f 89/89/89 88/88/88 87/87/87
f 89/89/89 87/87/87 90/90/90
f 87/87/87 47/47/47 90/90/90
f 91/91/91 92/92/92 93/93/93
f 94/94/94 95/95/95 96/96/96
f 95/95/95 97/97/97 96/96/96
f 98/98/98 97/97/97 95/95/95
f 99/99/99 100/100/100 82/82/82
f 101/101/101 79/79/79 102/102/102
f 98/98/98 95/95/95 94/94/94
f 49/49/49 99/99/99 101/101/101
f 88/88/88 103/103/103 47/47/47
f 102/102/102 104/104/104 44/44/44
f 103/103/103 40/40/40 47/47/47
f 104/104/104 105/105/105 77/77/77
f 42/42/42 40/40/40 103/103/103
f 42/42/42 103/103/103 88/88/88
f 106/106/106 107/107/107 108/108/108
f 107/107/107 109/109/109 108/108/108
f 110/110/110 109/109/109 107/107/107
f 111/111/111 112/112/112 113/113/113
f 114/114/114 115/115/115 116/116/116
f 114/114/114 116/116/116 117/117/117
f 102/102/102 118/118/118 104/104/104
f 118/118/118 105/105/105 104/104/104
f 118/118/118 80/80/80 105/105/105
f 102/102/102 80/80/80 118/118/118
f 110/110/110 107/107/107 106/106/106
f 119/119/119 120/120/120 121/121/121
f 120/120/120 122/122/122 121/121/121
f 123/123/123 122/122/122 120/120/120
f 123/123/123 120/120/120 119/119/119
f 124/124/124 125/125/125 126/126/126
f 127/127/127 125/125/125 124/124/124
f 128/128/128 127/127/127 124/124/124
f 128/128/128 124/124/124 126/126/126
f 129/129/129 130/130/130 131/131/131
f 132/132/132 129/129/129 133/133/133
f 129/129/129 131/131/131 133/133/133
f 134/134/134 135/135/135 136/136/136
f 137/137/137 138/138/138 134/134/134
f 137/137/137 134/134/134 136/136/136
f 137/137/137 136/136/136 139/139/139
f 139/139/139 140/140/140 137/137/137
f 141/141/141 142/142/142 143/143/143
f 144/144/144 142/142/142 141/141/141
f 143/143/143 145/145/145 141/141/141
f 146/146/146 147/147/147 148/148/148
f 149/149/149 147/147/147 146/146/146
f 150/150/150 151/151/151 152/152/152
f 153/153/153 151/151/151 150/150/150
f 152/152/152 154/154/154 150/150/150
f 155/155/155 156/156/156 157/157/157
f 158/158/158 156/156/156 155/155/155
f 158/158/158 155/155/155 159/159/159
f 156/156/156 160/160/160 157/157/157
f 161/161/161 162/162/162 160/160/160
f 17/17/17 163/163/163 164/164/164
f 159/159/159 165/165/165 166/166/166
f 165/165/165 157/157/157 166/166/166
f 165/165/165 155/155/155 157/157/157
f 159/159/159 155/155/155 165/165/165
f 167/167/167 168/168/168 169/169/169
f 168/168/168 170/170/170 169/169/169
f 171/171/171 172/172/172 161/161/161
f 172/172/172 162/162/162 161/161/161
f 173/173/173 167/167/167 174/174/174
f 175/175/175 157/157/157 176/176/176
f 177/177/177 176/176/176 160/160/160
f 176/176/176 157/157/157 160/160/160
f 178/178/178 179/179/179 180/180/180
f 178/178/178 180/180/180 181/181/181
f 182/182/182 183/183/183 184/184/184
f 185/185/185 186/186/186 187/187/187
f 188/188/188 189/189/189 190/190/190
f 182/182/182 184/184/184 179/179/179
f 100/100/100 185/185/185 188/188/188
f 191/191/191 192/192/192 193/193/193
f 194/194/194 192/192/192 191/191/191
f 195/195/195 196/196/196 197/197/197
f 195/195/195 197/197/197 198/198/198
f 199/199/199 200/200/200 201/201/201
f 137/137/137 200/200/200 199/199/199
f 199/199/199 202/202/202 137/137/137
f 201/201/201 202/202/202 199/199/199
f 203/203/203 204/204/204 27/27/27
f 205/205/205 204/204/204 203/203/203
f 205/205/205 203/203/203 206/206/206
f 206/206/206 207/207/207 37/37/37
f 37/37/37 207/207/207 28/28/28
f 207/207/207 27/27/27 28/28/28
f 208/208/208 209/209/209 204/204/204
f 209/209/209 8/8/8 204/204/204
f 8/8/8 209/209/209 210/210/210
f 209/209/209 208/208/208 210/210/210
f 211/211/211 212/212/212 213/213/213
f 212/212/212 211/211/211 214/214/214
f 215/215/215 214/214/214 216/216/216
f 215/215/215 216/216/216 210/210/210
f 217/217/217 218/218/218 219/219/219
f 218/218/218 220/220/220 219/219/219
f 213/213/213 221/221/221 222/222/222
f 220/220/220 222/222/222 223/223/223
f 224/224/224 225/225/225 213/213/213
f 225/225/225 221/221/221 213/213/213
f 225/225/225 226/226/226 221/221/221
f 224/224/224 226/226/226 225/225/225
f 227/227/227 228/228/228 229/229/229
f 227/227/227 229/229/229 230/230/230
f 229/229/229 231/231/231 230/230/230
f 228/228/228 231/231/231 229/229/229
f 232/232/232 233/233/233 227/227/227
f 233/233/233 228/228/228 227/227/227
f 234/234/234 173/173/173 174/174/174
f 149/149/149 173/173/173 234/234/234
f 235/235/235 236/236/236 237/237/237
f 236/236/236 230/230/230 237/237/237
f 227/227/227 230/230/230 236/236/236
f 227/227/227 236/236/236 235/235/235
f 238/238/238 227/227/227 235/235/235
f 232/232/232 227/227/227 238/238/238
f 232/232/232 238/238/238 239/239/239
f 240/240/240 241/241/241 242/242/242
f 243/243/243 241/241/241 240/240/240
f 240/240/240 244/244/244 243/243/243
f 242/242/242 244/244/244 240/240/240
f 245/245/245 246/246/246 243/243/243
f 247/247/247 246/246/246 245/245/245
f 245/245/245 248/248/248 247/247/247
f 243/243/243 248/248/248 245/245/245
f 249/249/249 35/35/35 24/24/24
f 19/19/19 35/35/35 249/249/249
f 249/249/249 26/26/26 19/19/19
f 24/24/24 26/26/26 249/249/249
f 250/250/250 251/251/251 252/252/252
f 253/253/253 251/251/251 250/250/250
f 253/253/253 250/250/250 254/254/254
f 250/250/250 252/252/252 254/254/254
f 255/255/255 256/256/256 119/119/119
f 257/257/257 256/256/256 255/255/255
f 255/255/255 121/121/121 257/257/257
f 119/119/119 121/121/121 255/255/255
f 258/258/258 259/259/259 260/260/260
f 259/259/259 261/261/261 260/260/260
f 262/262/262 261/261/261 259/259/259
f 262/262/262 259/259/259 258/258/258
f 263/263/263 262/262/262 258/258/258
f 264/264/264 262/262/262 263/263/263
f 265/265/265 266/266/266 267/267/267
f 265/265/265 267/267/267 268/268/268
f 260/260/260 269/269/269 270/270/270
f 260/260/260 270/270/270 271/271/271
f 272/272/272 271/271/271 270/270/270
f 261/261/261 273/273/273 260/260/260
f 273/273/273 269/269/269 260/260/260
f 274/274/274 275/275/275 276/276/276
f 273/273/273 277/277/277 269/269/269
f 261/261/261 277/277/277 273/273/273
f 121/121/121 278/278/278 279/279/279
f 121/121/121 279/279/279 257/257/257
f 280/280/280 281/281/281 282/282/282
f 282/282/282 281/281/281 283/283/283
f 281/281/281 284/284/284 283/283/283
f 283/283/283 285/285/285 286/286/286
f 283/283/283 286/286/286 287/287/287
f 287/287/287 286/286/286 288/288/288
f 286/286/286 285/285/285 288/288/288
f 288/288/288 285/285/285 289/289/289
f 288/288/288 289/289/289 290/290/290
f 289/289/289 291/291/291 290/290/290
f 285/285/285 291/291/291 289/289/289
f 292/292/292 293/293/293 278/278/278
f 122/122/122 293/293/293 292/292/292
f 122/122/122 292/292/292 121/121/121
f 292/292/292 278/278/278 121/121/121
f 293/293/293 109/109/109 294/294/294
f 293/293/293 294/294/294 278/278/278
f 278/278/278 294/294/294 110/110/110
f 294/294/294 109/109/109 110/110/110
f 295/295/295 296/296/296 297/297/297
f 298/298/298 299/299/299 300/300/300
f 301/301/301 302/302/302 303/303/303
f 304/304/304 302/302/302 301/301/301
f 303/303/303 305/305/305 301/301/301
f 306/306/306 256/256/256 307/307/307
f 306/306/306 307/307/307 308/308/308
f 309/309/309 308/308/308 307/307/307
f 309/309/309 307/307/307 256/256/256
f 310/310/310 311/311/311 312/312/312
f 313/313/313 311/311/311 310/310/310
f 313/313/313 310/310/310 314/314/314
f 315/315/315 316/316/316 317/317/317
f 310/310/310 312/312/312 314/314/314
f 311/311/311 318/318/318 319/319/319
f 311/311/311 319/319/319 312/312/312
f 312/312/312 319/319/319 320/320/320
f 319/319/319 318/318/318 320/320/320
f 257/257/257 279/279/279 110/110/110
f 279/279/279 278/278/278 110/110/110
f 321/321/321 322/322/322 323/323/323
f 321/321/321 323/323/323 324/324/324
f 323/323/323 322/322/322 47/47/47
f 325/325/325 326/326/326 327/327/327
f 328/328/328 329/329/329 330/330/330
f 328/328/328 330/330/330 47/47/47
f 90/90/90 47/47/47 330/330/330
f 90/90/90 330/330/330 329/329/329
f 322/322/322 331/331/331 47/47/47
f 331/331/331 328/328/328 47/47/47
f 332/332/332 328/328/328 331/331/331
f 332/332/332 331/331/331 322/322/322
f 324/324/324 333/333/333 334/334/334
f 333/333/333 47/47/47 334/334/334
f 333/333/333 323/323/323 47/47/47
f 324/324/324 323/323/323 333/333/333
f 304/304/304 335/335/335 336/336/336
f 335/335/335 308/308/308 336/336/336
f 335/335/335 337/337/337 308/308/308
f 304/304/304 336/336/336 338/338/338
f 339/339/339 231/231/231 340/340/340
f 341/341/341 231/231/231 339/339/339
f 342/342/342 341/341/341 339/339/339
f 342/342/342 339/339/339 340/340/340
f 343/343/343 237/237/237 230/230/230
f 341/341/341 237/237/237 343/343/343
f 341/341/341 343/343/343 231/231/231
f 343/343/343 230/230/230 231/231/231
f 304/304/304 338/338/338 302/302/302
f 344/344/344 302/302/302 338/338/338
f 344/344/344 338/338/338 336/336/336
f 345/345/345 337/337/337 346/346/346
f 345/345/345 346/346/346 304/304/304
f 304/304/304 346/346/346 335/335/335
f 347/347/347 348/348/348 349/349/349
f 348/348/348 350/350/350 349/349/349
f 351/351/351 350/350/350 348/348/348
f 351/351/351 348/348/348 347/347/347
f 352/352/352 351/351/351 347/347/347
f 352/352/352 353/353/353 354/354/354
f 347/347/347 353/353/353 352/352/352
f 355/355/355 356/356/356 351/351/351
f 356/356/356 350/350/350 351/351/351
f 61/61/61 357/357/357 358/358/358
f 61/61/61 358/358/358 53/53/53
f 58/58/58 359/359/359 354/354/354
f 359/359/359 355/355/355 354/354/354
f 57/57/57 355/355/355 359/359/359
f 57/57/57 359/359/359 58/58/58
f 360/360/360 349/349/349 266/266/266
f 347/347/347 349/349/349 360/360/360
f 360/360/360 361/361/361 347/347/347
f 266/266/266 361/361/361 360/360/360
f 355/355/355 351/351/351 362/362/362
f 355/355/355 362/362/362 354/354/354
f 354/354/354 362/362/362 352/352/352
f 362/362/362 351/351/351 352/352/352
f 346/346/346 337/337/337 335/335/335
f 363/363/363 364/364/364 314/314/314
f 364/364/364 313/313/313 314/314/314
f 365/365/365 313/313/313 364/364/364
f 365/365/365 364/364/364 363/363/363
f 366/366/366 320/320/320 367/367/367
f 312/312/312 320/320/320 366/366/366
f 368/368/368 312/312/312 366/366/366
f 368/368/368 366/366/366 367/367/367
f 369/369/369 162/162/162 370/370/370
f 369/369/369 370/370/370 371/371/371
f 371/371/371 370/370/370 172/172/172
f 370/370/370 162/162/162 172/172/172
f 171/171/171 161/161/161 372/372/372
f 171/171/171 372/372/372 156/156/156
f 156/156/156 372/372/372 160/160/160
f 372/372/372 161/161/161 160/160/160
f 373/373/373 374/374/374 375/375/375
f 373/373/373 375/375/375 376/376/376
f 377/377/377 378/378/378 379/379/379
f 378/378/378 380/380/380 379/379/379
f 380/380/380 378/378/378 381/381/381
f 378/378/378 377/377/377 381/381/381
f 382/382/382 383/383/383 264/264/264
f 380/380/380 383/383/383 382/382/382
f 379/379/379 380/380/380 382/382/382
f 379/379/379 382/382/382 264/264/264
f 383/383/383 384/384/384 385/385/385
f 383/383/383 385/385/385 264/264/264
f 262/262/262 264/264/264 385/385/385
f 380/380/380 386/386/386 383/383/383
f 386/386/386 387/387/387 383/383/383
f 387/387/387 386/386/386 388/388/388
f 386/386/386 380/380/380 388/388/388
f 389/389/389 390/390/390 391/391/391
f 390/390/390 392/392/392 391/391/391
f 393/393/393 392/392/392 390/390/390
f 393/393/393 390/390/390 389/389/389
f 394/394/394 395/395/395 396/396/396
f 392/392/392 397/397/397 398/398/398
f 392/392/392 398/398/398 391/391/391
f 399/399/399 398/398/398 397/397/397
f 400/400/400 401/401/401 402/402/402
f 401/401/401 403/403/403 402/402/402
f 404/404/404 403/403/403 401/401/401
f 400/400/400 405/405/405 401/401/401
f 405/405/405 404/404/404 401/401/401
f 406/406/406 407/407/407 408/408/408
f 406/406/406 408/408/408 409/409/409
f 410/410/410 409/409/409 408/408/408
f 410/410/410 408/408/408 407/407/407
f 411/411/411 404/404/404 412/412/412
f 413/413/413 412/412/412 405/405/405
f 412/412/412 404/404/404 405/405/405
f 402/402/402 414/414/414 415/415/415
f 414/414/414 416/416/416 415/415/415
f 403/403/403 416/416/416 414/414/414
f 403/403/403 414/414/414 402/402/402
f 416/416/416 417/417/417 415/415/415
f 415/415/415 417/417/417 418/418/418
f 417/417/417 389/389/389 418/418/418
f 403/403/403 389/389/389 419/419/419
f 403/403/403 419/419/419 416/416/416
f 420/420/420 421/421/421 422/422/422
f 416/416/416 419/419/419 417/417/417
f 419/419/419 389/389/389 417/417/417
f 418/418/418 423/423/423 424/424/424
f 425/425/425 424/424/424 423/423/423
f 425/425/425 423/423/423 391/391/391
f 389/389/389 391/391/391 426/426/426
f 389/389/389 426/426/426 418/418/418
f 418/418/418 426/426/426 423/423/423
f 426/426/426 391/391/391 423/423/423
f 427/427/427 391/391/391 428/428/428
f 427/427/427 428/428/428 399/399/399
f 399/399/399 428/428/428 398/398/398
f 428/428/428 391/391/391 398/398/398
f 411/411/411 429/429/429 430/430/430
f 411/411/411 430/430/430 431/431/431
f 432/432/432 431/431/431 430/430/430
f 433/433/433 272/272/272 434/434/434
f 433/433/433 434/434/434 269/269/269
f 434/434/434 270/270/270 269/269/269
f 272/272/272 270/270/270 434/434/434
f 435/435/435 436/436/436 437/437/437
f 438/438/438 436/436/436 435/435/435
f 438/438/438 435/435/435 439/439/439
f 435/435/435 437/437/437 439/439/439
f 439/439/439 437/437/437 440/440/440
f 439/439/439 440/440/440 441/441/441
f 440/440/440 442/442/442 441/441/441
f 437/437/437 442/442/442 440/440/440
f 432/432/432 430/430/430 429/429/429
f 413/413/413 443/443/443 444/444/444
f 413/413/413 444/444/444 429/429/429
f 443/443/443 445/445/445 444/444/444
f 446/446/446 429/429/429 411/411/411
f 413/413/413 429/429/429 446/446/446
f 446/446/446 412/412/412 413/413/413
f 411/411/411 412/412/412 446/446/446
f 447/447/447 448/448/448 449/449/449
f 447/447/447 449/449/449 450/450/450
f 451/451/451 450/450/450 449/449/449
f 451/451/451 449/449/449 448/448/448
f 452/452/452 443/443/443 413/413/413
f 400/400/400 443/443/443 452/452/452
f 452/452/452 405/405/405 400/400/400
f 413/413/413 405/405/405 452/452/452
f 453/453/453 454/454/454 455/455/455
f 454/454/454 456/456/456 455/455/455
f 457/457/457 456/456/456 454/454/454
f 457/457/457 454/454/454 453/453/453
f 458/458/458 424/424/424 459/459/459
f 458/458/458 459/459/459 407/407/407
f 460/460/460 407/407/407 459/459/459
f 460/460/460 459/459/459 424/424/424
f 461/461/461 462/462/462 450/450/450
f 463/463/463 450/450/450 462/462/462
f 463/463/463 462/462/462 445/445/445
f 456/456/456 464/464/464 465/465/465
f 456/456/456 465/465/465 455/455/455
f 466/466/466 467/467/467 183/183/183
f 468/468/468 467/467/467 466/466/466
f 468/468/468 466/466/466 469/469/469
f 466/466/466 183/183/183 469/469/469
f 470/470/470 471/471/471 429/429/429
f 471/471/471 432/432/432 429/429/429
f 93/93/93 92/92/92 472/472/472
f 473/473/473 432/432/432 471/471/471
f 473/473/473 471/471/471 470/470/470
f 474/474/474 475/475/475 476/476/476
f 477/477/477 478/478/478 475/475/475
f 479/479/479 480/480/480 481/481/481
f 481/481/481 480/480/480 482/482/482
f 480/480/480 470/470/470 482/482/482
f 478/478/478 470/470/470 483/483/483
f 478/478/478 483/483/483 479/479/479
f 479/479/479 483/483/483 480/480/480
f 483/483/483 470/470/470 480/480/480
f 484/484/484 115/115/115 485/485/485
f 478/478/478 479/479/479 486/486/486
f 475/475/475 478/478/478 486/486/486
f 475/475/475 486/486/486 476/476/476
f 482/482/482 487/487/487 445/445/445
f 444/444/444 445/445/445 487/487/487
f 444/444/444 487/487/487 429/429/429
f 470/470/470 429/429/429 488/488/488
f 470/470/470 488/488/488 482/482/482
f 482/482/482 488/488/488 487/487/487
f 488/488/488 429/429/429 487/487/487
f 489/489/489 445/445/445 490/490/490
f 489/489/489 490/490/490 461/461/461
f 461/461/461 490/490/490 462/462/462
f 490/490/490 445/445/445 462/462/462
f 476/476/476 491/491/491 481/481/481
f 491/491/491 479/479/479 481/481/481
f 486/486/486 479/479/479 491/491/491
f 486/486/486 491/491/491 476/476/476
f 492/492/492 477/477/477 493/493/493
f 492/492/492 493/493/493 474/474/474
f 474/474/474 493/493/493 475/475/475
f 493/493/493 477/477/477 475/475/475
f 375/375/375 494/494/494 376/376/376
f 374/374/374 494/494/494 375/375/375
f 495/495/495 496/496/496 374/374/374
f 496/496/496 497/497/497 374/374/374
f 498/498/498 497/497/497 496/496/496
f 498/498/498 496/496/496 495/495/495
f 499/499/499 374/374/374 373/373/373
f 495/495/495 374/374/374 499/499/499
f 499/499/499 500/500/500 495/495/495
f 373/373/373 500/500/500 499/499/499
f 501/501/501 502/502/502 503/503/503
f 504/504/504 502/502/502 501/501/501
f 504/504/504 501/501/501 505/505/505
f 501/501/501 503/503/503 505/505/505
f 502/502/502 506/506/506 503/503/503
f 506/506/506 507/507/507 503/503/503
f 506/506/506 508/508/508 507/507/507
f 502/502/502 508/508/508 506/506/506
f 509/509/509 510/510/510 511/511/511
f 512/512/512 510/510/510 509/509/509
f 509/509/509 513/513/513 512/512/512
f 511/511/511 513/513/513 509/509/509
f 514/514/514 515/515/515 516/516/516
f 517/517/517 515/515/515 514/514/514
f 518/518/518 517/517/517 514/514/514
f 518/518/518 514/514/514 516/516/516
f 519/519/519 520/520/520 521/521/521
f 520/520/520 522/522/522 521/521/521
f 523/523/523 524/524/524 525/525/525
f 526/526/526 523/523/523 525/525/525
f 520/520/520 527/527/527 522/522/522
f 528/528/528 524/524/524 523/523/523
f 519/519/519 527/527/527 520/520/520
f 529/529/529 530/530/530 531/531/531
f 530/530/530 532/532/532 531/531/531
f 533/533/533 532/532/532 530/530/530
f 533/533/533 530/530/530 529/529/529
f 534/534/534 535/535/535 536/536/536
f 537/537/537 535/535/535 534/534/534
f 537/537/537 534/534/534 538/538/538
f 534/534/534 536/536/536 538/538/538
f 535/535/535 387/387/387 539/539/539
f 535/535/535 539/539/539 536/536/536
f 539/539/539 388/388/388 536/536/536
f 387/387/387 388/388/388 539/539/539
f 540/540/540 541/541/541 341/341/341
f 542/542/542 538/538/538 543/543/543
f 537/537/537 538/538/538 542/542/542
f 472/472/472 544/544/544 545/545/545
f 544/544/544 529/529/529 545/545/545
f 546/546/546 529/529/529 544/544/544
f 546/546/546 544/544/544 472/472/472
f 547/547/547 548/548/548 549/549/549
f 548/548/548 550/550/550 549/549/549
f 551/551/551 550/550/550 548/548/548
f 551/551/551 548/548/548 547/547/547
f 174/174/174 169/169/169 552/552/552
f 174/174/174 167/167/167 169/169/169
f 553/553/553 498/498/498 495/495/495
f 169/169/169 170/170/170 552/552/552
f 554/554/554 498/498/498 553/553/553
f 553/553/553 555/555/555 554/554/554
f 148/148/148 524/524/524 556/556/556
f 556/556/556 524/524/524 528/528/528
f 557/557/557 558/558/558 559/559/559
f 557/557/557 559/559/559 560/560/560
f 561/561/561 560/560/560 559/559/559
f 561/561/561 559/559/559 558/558/558
f 540/540/540 562/562/562 563/563/563
f 540/540/540 564/564/564 562/562/562
f 565/565/565 566/566/566 567/567/567
f 565/565/565 567/567/567 6/6/6
f 567/567/567 4/4/4 6/6/6
f 566/566/566 4/4/4 567/567/567
f 495/495/495 555/555/555 553/553/553
f 568/568/568 369/369/369 371/371/371
f 497/497/497 369/369/369 568/568/568
f 497/497/497 568/568/568 494/494/494
f 568/568/568 371/371/371 494/494/494
f 569/569/569 570/570/570 304/304/304
f 305/305/305 570/570/570 569/569/569
f 301/301/301 305/305/305 569/569/569
f 571/571/571 572/572/572 69/69/69
f 572/572/572 70/70/70 69/69/69
f 573/573/573 574/574/574 575/575/575
f 576/576/576 577/577/577 578/578/578
f 577/577/577 579/579/579 578/578/578
f 526/526/526 580/580/580 581/581/581
f 72/72/72 582/582/582 61/61/61
f 582/582/582 357/357/357 61/61/61
f 583/583/583 584/584/584 585/585/585
f 584/584/584 586/586/586 585/585/585
f 301/301/301 569/569/569 304/304/304
f 303/303/303 587/587/587 305/305/305
f 587/587/587 223/223/223 305/305/305
f 588/588/588 223/223/223 587/587/587
f 588/588/588 587/587/587 303/303/303
f 222/222/222 221/221/221 589/589/589
f 222/222/222 589/589/589 223/223/223
f 223/223/223 589/589/589 305/305/305
f 589/589/589 221/221/221 305/305/305
f 590/590/590 591/591/591 592/592/592
f 593/593/593 591/591/591 590/590/590
f 593/593/593 590/590/590 594/594/594
f 595/595/595 596/596/596 597/597/597
f 590/590/590 592/592/592 594/594/594
f 598/598/598 599/599/599 140/140/140
f 597/597/597 600/600/600 595/595/595
f 601/601/601 268/268/268 602/602/602
f 603/603/603 599/599/599 598/598/598
f 603/603/603 598/598/598 139/139/139
f 598/598/598 140/140/140 139/139/139
f 206/206/206 604/604/604 207/207/207
f 604/604/604 27/27/27 207/207/207
f 203/203/203 27/27/27 604/604/604
f 113/113/113 605/605/605 606/606/606
f 605/605/605 607/607/607 606/606/606
f 112/112/112 607/607/607 605/605/605
f 112/112/112 605/605/605 113/113/113
f 608/608/608 607/607/607 112/112/112
f 608/608/608 116/116/116 607/607/607
f 117/117/117 116/116/116 608/608/608
f 117/117/117 609/609/609 111/111/111
f 610/610/610 573/573/573 611/611/611
f 610/610/610 611/611/611 612/612/612
f 612/612/612 611/611/611 575/575/575
f 611/611/611 573/573/573 575/575/575
f 261/261/261 262/262/262 613/613/613
f 261/261/261 613/613/613 384/384/384
f 613/613/613 385/385/385 384/384/384
f 262/262/262 385/385/385 613/613/613
f 614/614/614 277/277/277 615/615/615
f 441/441/441 277/277/277 614/614/614
f 441/441/441 614/614/614 616/616/616
f 614/614/614 615/615/615 616/616/616
f 616/616/616 615/615/615 617/617/617
f 616/616/616 617/617/617 537/537/537
f 617/617/617 618/618/618 537/537/537
f 615/615/615 618/618/618 617/617/617
f 239/239/239 619/619/619 620/620/620
f 619/619/619 235/235/235 620/620/620
f 238/238/238 235/235/235 619/619/619
f 238/238/238 619/619/619 239/239/239
f 621/621/621 622/622/622 623/623/623
f 621/621/621 623/623/623 624/624/624
f 623/623/623 625/625/625 624/624/624
f 622/622/622 625/625/625 623/623/623
f 622/622/622 626/626/626 625/625/625
f 626/626/626 627/627/627 625/625/625
f 628/628/628 627/627/627 626/626/626
f 628/628/628 626/626/626 622/622/622
f 495/495/495 500/500/500 555/555/555
f 629/629/629 610/610/610 630/630/630
f 631/631/631 610/610/610 629/629/629
f 629/629/629 630/630/630 632/632/632
f 630/630/630 610/610/610 633/633/633
f 630/630/630 633/633/633 634/634/634
f 612/612/612 634/634/634 633/633/633
f 612/612/612 633/633/633 610/610/610
f 635/635/635 631/631/631 636/636/636
f 636/636/636 629/629/629 632/632/632
f 631/631/631 629/629/629 636/636/636
f 637/637/637 631/631/631 635/635/635
f 638/638/638 631/631/631 637/637/637
f 638/638/638 637/637/637 639/639/639
f 637/637/637 635/635/635 639/639/639
f 635/635/635 640/640/640 639/639/639
f 640/640/640 632/632/632 639/639/639
f 640/640/640 636/636/636 632/632/632
f 635/635/635 636/636/636 640/640/640
f 494/494/494 371/371/371 376/376/376
f 374/374/374 497/497/497 494/494/494
f 371/371/371 641/641/641 376/376/376
f 641/641/641 171/171/171 376/376/376
f 641/641/641 172/172/172 171/171/171
f 371/371/371 172/172/172 641/641/641
f 642/642/642 643/643/643 644/644/644
f 198/198/198 643/643/643 642/642/642
f 198/198/198 642/642/642 195/195/195
f 642/642/642 644/644/644 195/195/195
f 239/239/239 645/645/645 646/646/646
f 239/239/239 646/646/646 232/232/232
f 646/646/646 647/647/647 232/232/232
f 645/645/645 647/647/647 646/646/646
f 620/620/620 648/648/648 239/239/239
f 648/648/648 645/645/645 239/239/239
f 648/648/648 649/649/649 645/645/645
f 620/620/620 649/649/649 648/648/648
f 621/621/621 650/650/650 651/651/651
f 621/621/621 651/651/651 620/620/620
f 651/651/651 649/649/649 620/620/620
f 650/650/650 649/649/649 651/651/651
f 624/624/624 652/652/652 621/621/621
f 652/652/652 650/650/650 621/621/621
f 650/650/650 652/652/652 653/653/653
f 652/652/652 624/624/624 653/653/653
f 649/649/649 284/284/284 654/654/654
f 649/649/649 654/654/654 645/645/645
f 654/654/654 655/655/655 645/645/645
f 284/284/284 655/655/655 654/654/654
f 650/650/650 656/656/656 649/649/649
f 656/656/656 284/284/284 649/649/649
f 284/284/284 656/656/656 657/657/657
f 656/656/656 650/650/650 657/657/657
f 655/655/655 658/658/658 659/659/659
f 655/655/655 659/659/659 645/645/645
f 645/645/645 659/659/659 647/647/647
f 659/659/659 658/658/658 647/647/647
f 284/284/284 660/660/660 655/655/655
f 660/660/660 280/280/280 655/655/655
f 280/280/280 660/660/660 281/281/281
f 660/660/660 284/284/284 281/281/281
f 661/661/661 455/455/455 662/662/662
f 661/661/661 662/662/662 183/183/183
f 663/663/663 664/664/664 665/665/665
f 663/663/663 665/665/665 194/194/194
f 665/665/665 666/666/666 194/194/194
f 664/664/664 666/666/666 665/665/665
f 667/667/667 668/668/668 669/669/669
f 667/667/667 669/669/669 670/670/670
f 670/670/670 669/669/669 671/671/671
f 669/669/669 668/668/668 671/671/671
f 672/672/672 673/673/673 667/667/667
f 673/673/673 668/668/668 667/667/667
f 674/674/674 675/675/675 676/676/676
f 674/674/674 676/676/676 677/677/677
f 678/678/678 105/105/105 679/679/679
f 680/680/680 681/681/681 682/682/682
f 680/680/680 682/682/682 683/683/683
f 683/683/683 682/682/682 679/679/679
f 682/682/682 681/681/681 679/679/679
f 684/684/684 685/685/685 686/686/686
f 190/190/190 685/685/685 684/684/684
f 190/190/190 684/684/684 687/687/687
f 684/684/684 686/686/686 687/687/687
f 518/518/518 688/688/688 689/689/689
f 518/518/518 689/689/689 298/298/298
f 690/690/690 691/691/691 692/692/692
f 298/298/298 689/689/689 299/299/299
f 689/689/689 688/688/688 299/299/299
f 511/511/511 693/693/693 694/694/694
f 693/693/693 516/516/516 694/694/694
f 518/518/518 516/516/516 693/693/693
f 695/695/695 686/686/686 685/685/685
f 696/696/696 686/686/686 695/695/695
f 695/695/695 685/685/685 697/697/697
f 698/698/698 699/699/699 696/696/696
f 700/700/700 698/698/698 701/701/701
f 698/698/698 696/696/696 701/701/701
f 699/699/699 702/702/702 696/696/696
f 702/702/702 686/686/686 696/696/696
f 699/699/699 703/703/703 702/702/702
f 704/704/704 703/703/703 699/699/699
f 595/595/595 644/644/644 596/596/596
f 700/700/700 704/704/704 698/698/698
f 704/704/704 699/699/699 698/698/698
f 703/703/703 705/705/705 706/706/706
f 703/703/703 706/706/706 707/707/707
f 706/706/706 708/708/708 707/707/707
f 700/700/700 709/709/709 710/710/710
f 361/361/361 353/353/353 347/347/347
f 709/709/709 672/672/672 710/710/710
f 711/711/711 677/677/677 712/712/712
f 711/711/711 712/712/712 713/713/713
f 700/700/700 710/710/710 714/714/714
f 578/578/578 579/579/579 715/715/715
f 578/578/578 715/715/715 716/716/716
f 576/576/576 578/578/578 716/716/716
f 700/700/700 714/714/714 704/704/704
f 3/3/3 571/571/571 1/1/1
f 579/579/579 717/717/717 715/715/715
f 714/714/714 703/703/703 704/704/704
f 532/532/532 718/718/718 719/719/719
f 532/532/532 719/719/719 519/519/519
f 533/533/533 92/92/92 720/720/720
f 532/532/532 721/721/721 722/722/722
f 721/721/721 720/720/720 722/722/722
f 721/721/721 533/533/533 720/720/720
f 532/532/532 533/533/533 721/721/721
f 723/723/723 724/724/724 725/725/725
f 724/724/724 726/726/726 725/725/725
f 720/720/720 726/726/726 724/724/724
f 720/720/720 724/724/724 723/723/723
f 727/727/727 728/728/728 729/729/729
f 722/722/722 728/728/728 727/727/727
f 730/730/730 731/731/731 732/732/732
f 733/733/733 734/734/734 580/580/580
f 525/525/525 733/733/733 580/580/580
f 727/727/727 735/735/735 722/722/722
f 729/729/729 735/735/735 727/727/727
f 728/728/728 736/736/736 729/729/729
f 736/736/736 725/725/725 729/729/729
f 736/736/736 723/723/723 725/725/725
f 728/728/728 723/723/723 736/736/736
f 737/737/737 738/738/738 739/739/739
f 737/737/737 739/739/739 115/115/115
f 115/115/115 740/740/740 485/485/485
f 740/740/740 741/741/741 485/485/485
f 740/740/740 739/739/739 741/741/741
f 115/115/115 739/739/739 740/740/740
f 742/742/742 737/737/737 115/115/115
f 743/743/743 737/737/737 742/742/742
f 744/744/744 743/743/743 742/742/742
f 744/744/744 742/742/742 115/115/115
f 745/745/745 746/746/746 726/726/726
f 93/93/93 746/746/746 745/745/745
f 745/745/745 91/91/91 93/93/93
f 726/726/726 91/91/91 745/745/745
f 472/472/472 747/747/747 93/93/93
f 747/747/747 746/746/746 93/93/93
f 747/747/747 748/748/748 746/746/746
f 472/472/472 748/748/748 747/747/747
f 749/749/749 750/750/750 748/748/748
f 750/750/750 751/751/751 748/748/748
f 752/752/752 751/751/751 750/750/750
f 752/752/752 750/750/750 749/749/749
f 753/753/753 130/130/130 754/754/754
f 753/753/753 754/754/754 755/755/755
f 755/755/755 754/754/754 756/756/756
f 754/754/754 130/130/130 756/756/756
f 757/757/757 758/758/758 759/759/759
f 759/759/759 758/758/758 760/760/760
f 758/758/758 153/153/153 760/760/760
f 761/761/761 757/757/757 753/753/753
f 668/668/668 757/757/757 761/761/761
f 761/761/761 671/671/671 668/668/668
f 753/753/753 671/671/671 761/761/761
f 762/762/762 763/763/763 729/729/729
f 737/737/737 743/743/743 763/763/763
f 737/737/737 763/763/763 762/762/762
f 735/735/735 764/764/764 722/722/722
f 743/743/743 765/765/765 764/764/764
f 743/743/743 764/764/764 735/735/735
f 551/551/551 766/766/766 767/767/767
f 766/766/766 674/674/674 767/767/767
f 766/766/766 768/768/768 674/674/674
f 551/551/551 768/768/768 766/766/766
f 769/769/769 770/770/770 768/768/768
f 770/770/770 675/675/675 768/768/768
f 771/771/771 675/675/675 770/770/770
f 771/771/771 770/770/770 769/769/769
f 51/51/51 772/772/772 773/773/773
f 772/772/772 78/78/78 773/773/773
f 772/772/772 774/774/774 78/78/78
f 51/51/51 774/774/774 772/772/772
f 775/775/775 776/776/776 777/777/777
f 778/778/778 776/776/776 775/775/775
f 779/779/779 778/778/778 775/775/775
f 779/779/779 775/775/775 777/777/777
f 780/780/780 781/781/781 782/782/782
f 781/781/781 783/783/783 782/782/782
f 784/784/784 783/783/783 781/781/781
f 784/784/784 781/781/781 780/780/780
f 785/785/785 784/784/784 780/780/780
f 786/786/786 784/784/784 785/785/785
f 785/785/785 114/114/114 786/786/786
f 780/780/780 114/114/114 785/785/785
f 787/787/787 788/788/788 784/784/784
f 788/788/788 783/783/783 784/784/784
f 789/789/789 783/783/783 788/788/788
f 789/789/789 788/788/788 787/787/787
f 790/790/790 787/787/787 786/786/786
f 791/791/791 787/787/787 790/790/790
f 151/151/151 792/792/792 793/793/793
f 792/792/792 794/794/794 793/793/793
f 795/795/795 794/794/794 792/792/792
f 795/795/795 792/792/792 151/151/151
f 244/244/244 796/796/796 797/797/797
f 244/244/244 797/797/797 420/420/420
f 797/797/797 798/798/798 420/420/420
f 796/796/796 798/798/798 797/797/797
f 799/799/799 800/800/800 801/801/801
f 799/799/799 801/801/801 242/242/242
f 801/801/801 802/802/802 242/242/242
f 800/800/800 802/802/802 801/801/801
f 422/422/422 803/803/803 804/804/804
f 803/803/803 805/805/805 804/804/804
f 806/806/806 805/805/805 803/803/803
f 806/806/806 803/803/803 422/422/422
f 807/807/807 808/808/808 145/145/145
f 809/809/809 144/144/144 808/808/808
f 810/810/810 811/811/811 812/812/812
f 345/345/345 811/811/811 810/810/810
f 304/304/304 813/813/813 345/345/345
f 345/345/345 813/813/813 811/811/811
f 813/813/813 807/807/807 811/811/811
f 814/814/814 815/815/815 816/816/816
f 814/814/814 816/816/816 143/143/143
f 143/143/143 816/816/816 145/145/145
f 817/817/817 690/690/690 692/692/692
f 818/818/818 819/819/819 820/820/820
f 819/819/819 821/821/821 820/820/820
f 819/819/819 822/822/822 821/821/821
f 818/818/818 822/822/822 819/819/819
f 823/823/823 824/824/824 825/825/825
f 823/823/823 825/825/825 826/826/826
f 826/826/826 825/825/825 827/827/827
f 825/825/825 824/824/824 827/827/827
f 396/396/396 828/828/828 823/823/823
f 828/828/828 824/824/824 823/823/823
f 829/829/829 824/824/824 828/828/828
f 829/829/829 828/828/828 396/396/396
f 830/830/830 831/831/831 832/832/832
f 830/830/830 832/832/832 41/41/41
f 41/41/41 832/832/832 31/31/31
f 832/832/832 831/831/831 31/31/31
f 833/833/833 834/834/834 835/835/835
f 833/833/833 835/835/835 308/308/308
f 835/835/835 336/336/336 308/308/308
f 834/834/834 336/336/336 835/835/835
f 321/321/321 836/836/836 833/833/833
f 833/833/833 836/836/836 834/834/834
f 836/836/836 837/837/837 834/834/834
f 324/324/324 838/838/838 321/321/321
f 321/321/321 838/838/838 836/836/836
f 838/838/838 837/837/837 836/836/836
f 41/41/41 42/42/42 830/830/830
f 830/830/830 42/42/42 88/88/88
f 833/833/833 328/328/328 332/332/332
f 833/833/833 332/332/332 321/321/321
f 321/321/321 332/332/332 322/322/322
f 810/810/810 306/306/306 839/839/839
f 810/810/810 839/839/839 345/345/345
f 345/345/345 839/839/839 337/337/337
f 839/839/839 306/306/306 337/337/337
f 840/840/840 127/127/127 128/128/128
f 404/404/404 841/841/841 392/392/392
f 841/841/841 397/397/397 392/392/392
f 842/842/842 397/397/397 841/841/841
f 842/842/842 841/841/841 404/404/404
f 404/404/404 392/392/392 393/393/393
f 404/404/404 393/393/393 403/403/403
f 393/393/393 389/389/389 403/403/403
f 843/843/843 842/842/842 404/404/404
f 431/431/431 842/842/842 843/843/843
f 431/431/431 843/843/843 411/411/411
f 843/843/843 404/404/404 411/411/411
f 844/844/844 424/424/424 425/425/425
f 468/468/468 424/424/424 844/844/844
f 468/468/468 844/844/844 845/845/845
f 844/844/844 425/425/425 845/845/845
f 402/402/402 445/445/445 846/846/846
f 402/402/402 846/846/846 400/400/400
f 400/400/400 846/846/846 443/443/443
f 846/846/846 445/445/445 443/443/443
f 847/847/847 317/317/317 463/463/463
f 848/848/848 317/317/317 847/847/847
f 848/848/848 847/847/847 402/402/402
f 402/402/402 849/849/849 445/445/445
f 849/849/849 463/463/463 445/445/445
f 849/849/849 847/847/847 463/463/463
f 402/402/402 847/847/847 849/849/849
f 850/850/850 851/851/851 456/456/456
f 851/851/851 464/464/464 456/456/456
f 852/852/852 464/464/464 851/851/851
f 852/852/852 851/851/851 850/850/850
f 850/850/850 456/456/456 457/457/457
f 850/850/850 457/457/457 427/427/427
f 457/457/457 453/453/453 427/427/427
f 853/853/853 852/852/852 850/850/850
f 397/397/397 852/852/852 853/853/853
f 397/397/397 853/853/853 399/399/399
f 853/853/853 850/850/850 399/399/399
f 477/477/477 432/432/432 473/473/473
f 477/477/477 473/473/473 478/478/478
f 473/473/473 470/470/470 478/478/478
f 854/854/854 855/855/855 477/477/477
f 560/560/560 855/855/855 854/854/854
f 560/560/560 854/854/854 557/557/557
f 854/854/854 477/477/477 557/557/557
f 477/477/477 856/856/856 432/432/432
f 856/856/856 431/431/431 432/432/432
f 855/855/855 431/431/431 856/856/856
f 855/855/855 856/856/856 477/477/477
f 609/609/609 112/112/112 111/111/111
f 609/609/609 608/608/608 112/112/112
f 282/282/282 287/287/287 857/857/857
f 858/858/858 282/282/282 857/857/857
f 117/117/117 608/608/608 609/609/609
f 114/114/114 117/117/117 859/859/859
f 114/114/114 859/859/859 786/786/786
f 786/786/786 859/859/859 790/790/790
f 859/859/859 117/117/117 790/790/790
f 860/860/860 678/678/678 861/861/861
f 861/861/861 679/679/679 681/681/681
f 678/678/678 679/679/679 861/861/861
f 753/753/753 862/862/862 681/681/681
f 862/862/862 863/863/863 681/681/681
f 755/755/755 863/863/863 862/862/862
f 755/755/755 862/862/862 753/753/753
f 863/863/863 864/864/864 681/681/681
f 864/864/864 861/861/861 681/681/681
f 860/860/860 861/861/861 864/864/864
f 476/476/476 865/865/865 866/866/866
f 865/865/865 276/276/276 866/866/866
f 867/867/867 276/276/276 865/865/865
f 867/867/867 865/865/865 476/476/476
f 476/476/476 868/868/868 869/869/869
f 476/476/476 869/869/869 474/474/474
f 474/474/474 869/869/869 870/870/870
f 869/869/869 868/868/868 870/870/870
f 755/755/755 860/860/860 871/871/871
f 755/755/755 871/871/871 863/863/863
f 863/863/863 871/871/871 864/864/864
f 871/871/871 860/860/860 864/864/864
f 203/203/203 604/604/604 206/206/206
f 872/872/872 211/211/211 213/213/213
f 220/220/220 211/211/211 872/872/872
f 872/872/872 222/222/222 220/220/220
f 213/213/213 222/222/222 872/872/872
f 216/216/216 214/214/214 873/873/873
f 216/216/216 873/873/873 217/217/217
f 873/873/873 218/218/218 217/217/217
f 214/214/214 218/218/218 873/873/873
f 216/216/216 217/217/217 874/874/874
f 216/216/216 874/874/874 210/210/210
f 210/210/210 874/874/874 875/875/875
f 874/874/874 217/217/217 875/875/875
f 214/214/214 876/876/876 218/218/218
f 876/876/876 220/220/220 218/218/218
f 211/211/211 220/220/220 876/876/876
f 877/877/877 878/878/878 879/879/879
f 878/878/878 749/749/749 879/879/879
f 880/880/880 749/749/749 878/878/878
f 880/880/880 878/878/878 877/877/877
f 881/881/881 879/879/879 519/519/519
f 877/877/877 879/879/879 881/881/881
f 882/882/882 877/877/877 881/881/881
f 882/882/882 881/881/881 519/519/519
f 756/756/756 130/130/130 883/883/883
f 884/884/884 99/99/99 49/49/49
f 884/884/884 100/100/100 99/99/99
f 885/885/885 100/100/100 884/884/884
f 886/886/886 885/885/885 884/884/884
f 885/885/885 886/886/886 887/887/887
f 100/100/100 885/885/885 887/887/887
f 756/756/756 883/883/883 132/132/132
f 887/887/887 886/886/886 888/888/888
f 889/889/889 890/890/890 891/891/891
f 889/889/889 892/892/892 890/890/890
f 132/132/132 883/883/883 129/129/129
f 883/883/883 130/130/130 129/129/129
f 893/893/893 296/296/296 889/889/889
f 891/891/891 893/893/893 889/889/889
f 760/760/760 153/153/153 894/894/894
f 760/760/760 894/894/894 154/154/154
f 889/889/889 895/895/895 186/186/186
f 889/889/889 296/296/296 895/895/895
f 896/896/896 897/897/897 898/898/898
f 150/150/150 154/154/154 894/894/894
f 150/150/150 894/894/894 153/153/153
f 899/899/899 900/900/900 771/771/771
f 896/896/896 48/48/48 55/55/55
f 896/896/896 49/49/49 48/48/48
f 901/901/901 49/49/49 896/896/896
f 898/898/898 901/901/901 896/896/896
f 901/901/901 898/898/898 884/884/884
f 49/49/49 901/901/901 884/884/884
f 884/884/884 902/902/902 886/886/886
f 884/884/884 898/898/898 902/902/902
f 903/903/903 892/892/892 889/889/889
f 186/186/186 903/903/903 889/889/889
f 903/903/903 186/186/186 887/887/887
f 900/900/900 675/675/675 771/771/771
f 675/675/675 900/900/900 904/904/904
f 900/900/900 899/899/899 904/904/904
f 887/887/887 185/185/185 100/100/100
f 887/887/887 186/186/186 185/185/185
f 905/905/905 906/906/906 907/907/907
f 908/908/908 906/906/906 905/905/905
f 908/908/908 905/905/905 909/909/909
f 905/905/905 907/907/907 909/909/909
f 910/910/910 911/911/911 912/912/912
f 55/55/55 913/913/913 896/896/896
f 914/914/914 915/915/915 916/916/916
f 917/917/917 911/911/911 910/910/910
f 917/917/917 910/910/910 918/918/918
f 910/910/910 912/912/912 918/918/918
f 916/916/916 919/919/919 144/144/144
f 916/916/916 915/915/915 919/919/919
f 920/920/920 921/921/921 922/922/922
f 920/920/920 922/922/922 111/111/111
f 923/923/923 924/924/924 205/205/205
f 111/111/111 922/922/922 925/925/925
f 205/205/205 926/926/926 927/927/927
f 205/205/205 924/924/924 926/926/926
f 922/922/922 921/921/921 925/925/925
f 927/927/927 208/208/208 205/205/205
f 208/208/208 927/927/927 215/215/215
f 928/928/928 683/683/683 74/74/74
f 215/215/215 929/929/929 930/930/930
f 215/215/215 927/927/927 929/929/929
f 680/680/680 683/683/683 928/928/928
f 928/928/928 74/74/74 931/931/931
f 683/683/683 932/932/932 74/74/74
f 932/932/932 105/105/105 74/74/74
f 932/932/932 679/679/679 105/105/105
f 930/930/930 212/212/212 215/215/215
f 212/212/212 930/930/930 224/224/224
f 683/683/683 679/679/679 932/932/932
f 224/224/224 933/933/933 934/934/934
f 224/224/224 930/930/930 933/933/933
f 935/935/935 76/76/76 936/936/936
f 934/934/934 937/937/937 224/224/224
f 937/937/937 934/934/934 916/916/916
f 144/144/144 937/937/937 916/916/916
f 504/504/504 76/76/76 935/935/935
f 916/916/916 934/934/934 938/938/938
f 935/935/935 687/687/687 504/504/504
f 936/936/936 687/687/687 935/935/935
f 939/939/939 680/680/680 940/940/940
f 941/941/941 680/680/680 939/939/939
f 942/942/942 943/943/943 941/941/941
f 941/941/941 705/705/705 942/942/942
f 943/943/943 944/944/944 941/941/941
f 944/944/944 680/680/680 941/941/941
f 944/944/944 667/667/667 680/680/680
f 943/943/943 667/667/667 944/944/944
f 945/945/945 670/670/670 946/946/946
f 667/667/667 670/670/670 945/945/945
f 667/667/667 945/945/945 680/680/680
f 945/945/945 946/946/946 680/680/680
f 670/670/670 671/671/671 947/947/947
f 946/946/946 670/670/670 947/947/947
f 948/948/948 524/524/524 148/148/148
f 504/504/504 931/931/931 949/949/949
f 504/504/504 949/949/949 76/76/76
f 949/949/949 74/74/74 76/76/76
f 931/931/931 74/74/74 949/949/949
f 950/950/950 667/667/667 943/943/943
f 672/672/672 667/667/667 950/950/950
f 672/672/672 950/950/950 942/942/942
f 950/950/950 943/943/943 942/942/942
f 680/680/680 946/946/946 951/951/951
f 680/680/680 951/951/951 681/681/681
f 951/951/951 947/947/947 681/681/681
f 952/952/952 953/953/953 373/373/373
f 946/946/946 947/947/947 951/951/951
f 954/954/954 955/955/955 920/920/920
f 955/955/955 921/921/921 920/920/920
f 955/955/955 956/956/956 921/921/921
f 957/957/957 632/632/632 958/958/958
f 954/954/954 956/956/956 955/955/955
f 175/175/175 959/959/959 960/960/960
f 957/957/957 157/157/157 175/175/175
f 175/175/175 960/960/960 639/639/639
f 960/960/960 638/638/638 639/639/639
f 959/959/959 638/638/638 960/960/960
f 177/177/177 961/961/961 959/959/959
f 962/962/962 963/963/963 22/22/22
f 961/961/961 638/638/638 959/959/959
f 574/574/574 16/16/16 963/963/963
f 962/962/962 958/958/958 575/575/575
f 964/964/964 638/638/638 961/961/961
f 964/964/964 961/961/961 177/177/177
f 965/965/965 959/959/959 175/175/175
f 177/177/177 959/959/959 965/965/965
f 965/965/965 176/176/176 177/177/177
f 175/175/175 176/176/176 965/965/965
f 966/966/966 964/964/964 177/177/177
f 287/287/287 967/967/967 857/857/857
f 162/162/162 964/964/964 966/966/966
f 858/858/858 857/857/857 968/968/968
f 966/966/966 160/160/160 162/162/162
f 941/941/941 708/708/708 969/969/969
f 941/941/941 969/969/969 705/705/705
f 706/706/706 705/705/705 969/969/969
f 706/706/706 969/969/969 708/708/708
f 505/505/505 939/939/939 504/504/504
f 566/566/566 970/970/970 4/4/4
f 941/941/941 939/939/939 505/505/505
f 387/387/387 384/384/384 383/383/383
f 971/971/971 972/972/972 973/973/973
f 505/505/505 503/503/503 974/974/974
f 505/505/505 974/974/974 941/941/941
f 503/503/503 507/507/507 975/975/975
f 503/503/503 975/975/975 708/708/708
f 707/707/707 708/708/708 975/975/975
f 707/707/707 975/975/975 507/507/507
f 707/707/707 507/507/507 508/508/508
f 707/707/707 508/508/508 686/686/686
f 504/504/504 686/686/686 976/976/976
f 504/504/504 976/976/976 502/502/502
f 502/502/502 976/976/976 508/508/508
f 976/976/976 686/686/686 508/508/508
f 977/977/977 978/978/978 936/936/936
f 100/100/100 978/978/978 977/977/977
f 936/936/936 83/83/83 977/977/977
f 979/979/979 516/516/516 700/700/700
f 694/694/694 516/516/516 979/979/979
f 701/701/701 694/694/694 979/979/979
f 701/701/701 979/979/979 700/700/700
f 980/980/980 981/981/981 512/512/512
f 186/186/186 981/981/981 980/980/980
f 980/980/980 187/187/187 186/186/186
f 512/512/512 187/187/187 980/980/980
f 982/982/982 298/298/298 983/983/983
f 518/518/518 298/298/298 982/982/982
f 518/518/518 982/982/982 517/517/517
f 982/982/982 983/983/983 517/517/517
f 984/984/984 985/985/985 515/515/515
f 983/983/983 985/985/985 984/984/984
f 983/983/983 984/984/984 517/517/517
f 984/984/984 515/515/515 517/517/517
f 510/510/510 518/518/518 986/986/986
f 510/510/510 986/986/986 511/511/511
f 511/511/511 986/986/986 693/693/693
f 986/986/986 518/518/518 693/693/693
f 987/987/987 518/518/518 510/510/510
f 981/981/981 518/518/518 987/987/987
f 512/512/512 981/981/981 987/987/987
f 512/512/512 987/987/987 510/510/510
f 988/988/988 295/295/295 989/989/989
f 988/988/988 989/989/989 688/688/688
f 989/989/989 297/297/297 688/688/688
f 295/295/295 297/297/297 989/989/989
f 990/990/990 694/694/694 701/701/701
f 511/511/511 694/694/694 990/990/990
f 990/990/990 696/696/696 511/511/511
f 701/701/701 696/696/696 990/990/990
f 511/511/511 991/991/991 513/513/513
f 991/991/991 189/189/189 513/513/513
f 697/697/697 991/991/991 511/511/511
f 703/703/703 992/992/992 705/705/705
f 992/992/992 710/710/710 705/705/705
f 714/714/714 710/710/710 992/992/992
f 714/714/714 992/992/992 703/703/703
f 710/710/710 672/672/672 993/993/993
f 710/710/710 993/993/993 705/705/705
f 942/942/942 705/705/705 993/993/993
f 942/942/942 993/993/993 672/672/672
f 696/696/696 994/994/994 511/511/511
f 994/994/994 697/697/697 511/511/511
f 994/994/994 695/695/695 697/697/697
f 696/696/696 695/695/695 994/994/994
f 995/995/995 685/685/685 189/189/189
f 697/697/697 685/685/685 995/995/995
f 697/697/697 995/995/995 991/991/991
f 995/995/995 189/189/189 991/991/991
f 996/996/996 707/707/707 686/686/686
f 703/703/703 707/707/707 996/996/996
f 702/702/702 703/703/703 996/996/996
f 702/702/702 996/996/996 686/686/686
f 997/997/997 189/189/189 187/187/187
f 513/513/513 189/189/189 997/997/997
f 513/513/513 997/997/997 512/512/512
f 997/997/997 187/187/187 512/512/512
f 998/998/998 711/711/711 713/713/713
f 128/128/128 711/711/711 998/998/998
f 998/998/998 840/840/840 128/128/128
f 713/713/713 840/840/840 998/998/998
f 999/999/999 1000/1000/1000 1001/1001/1001
f 718/718/718 1000/1000/1000 999/999/999
f 718/718/718 999/999/999 719/719/719
f 999/999/999 1001/1001/1001 719/719/719
f 532/532/532 1002/1002/1002 718/718/718
f 1002/1002/1002 1000/1000/1000 718/718/718
f 1000/1000/1000 1002/1002/1002 1003/1003/1003
f 1002/1002/1002 532/532/532 1003/1003/1003
f 1004/1004/1004 1001/1001/1001 1005/1005/1005
f 522/522/522 1001/1001/1001 1004/1004/1004
f 522/522/522 1004/1004/1004 1006/1006/1006
f 1004/1004/1004 1005/1005/1005 1006/1006/1006
f 527/527/527 1001/1001/1001 522/522/522
f 719/719/719 1001/1001/1001 527/527/527
f 719/719/719 527/527/527 519/519/519
f 1000/1000/1000 1007/1007/1007 1008/1008/1008
f 1007/1007/1007 677/677/677 1008/1008/1008
f 677/677/677 1007/1007/1007 767/767/767
f 1009/1009/1009 730/730/730 1010/1010/1010
f 1007/1007/1007 1000/1000/1000 767/767/767
f 92/92/92 546/546/546 472/472/472
f 546/546/546 533/533/533 529/529/529
f 92/92/92 533/533/533 546/546/546
f 1011/1011/1011 531/531/531 519/519/519
f 1012/1012/1012 531/531/531 1011/1011/1011
f 1011/1011/1011 879/879/879 1012/1012/1012
f 519/519/519 879/879/879 1011/1011/1011
f 1013/1013/1013 1006/1006/1006 126/126/126
f 1014/1014/1014 1006/1006/1006 1013/1013/1013
f 1013/1013/1013 1015/1015/1015 1014/1014/1014
f 126/126/126 1015/1015/1015 1013/1013/1013
f 762/762/762 1016/1016/1016 1017/1017/1017
f 1017/1017/1017 737/737/737 762/762/762
f 738/738/738 737/737/737 1017/1017/1017
f 957/957/957 958/958/958 1018/1018/1018
f 720/720/720 723/723/723 1019/1019/1019
f 720/720/720 1019/1019/1019 722/722/722
f 722/722/722 1019/1019/1019 728/728/728
f 1019/1019/1019 723/723/723 728/728/728
f 1020/1020/1020 1021/1021/1021 738/738/738
f 1016/1016/1016 1021/1021/1021 1020/1020/1020
f 1017/1017/1017 1016/1016/1016 1020/1020/1020
f 1017/1017/1017 1020/1020/1020 738/738/738
f 767/767/767 1022/1022/1022 551/551/551
f 1022/1022/1022 1003/1003/1003 551/551/551
f 1000/1000/1000 1003/1003/1003 1022/1022/1022
f 1000/1000/1000 1022/1022/1022 767/767/767
f 549/549/549 550/550/550 1023/1023/1023
f 1023/1023/1023 1024/1024/1024 549/549/549
f 722/722/722 1024/1024/1024 1023/1023/1023
f 1025/1025/1025 532/532/532 722/722/722
f 550/550/550 532/532/532 1025/1025/1025
f 1023/1023/1023 550/550/550 1025/1025/1025
f 1023/1023/1023 1025/1025/1025 722/722/722
f 551/551/551 1026/1026/1026 550/550/550
f 1026/1026/1026 532/532/532 550/550/550
f 1003/1003/1003 532/532/532 1026/1026/1026
f 1003/1003/1003 1026/1026/1026 551/551/551
f 92/92/92 91/91/91 1027/1027/1027
f 92/92/92 1027/1027/1027 720/720/720
f 1027/1027/1027 726/726/726 720/720/720
f 91/91/91 726/726/726 1027/1027/1027
f 177/177/177 160/160/160 966/966/966
f 152/152/152 151/151/151 1028/1028/1028
f 152/152/152 1028/1028/1028 1029/1029/1029
f 1028/1028/1028 971/971/971 1029/1029/1029
f 151/151/151 971/971/971 1028/1028/1028
f 63/63/63 52/52/52 1030/1030/1030
f 63/63/63 1030/1030/1030 65/65/65
f 1030/1030/1030 54/54/54 65/65/65
f 52/52/52 54/54/54 1030/1030/1030
f 70/70/70 1031/1031/1031 66/66/66
f 1031/1031/1031 67/67/67 66/66/66
f 1031/1031/1031 71/71/71 67/67/67
f 70/70/70 71/71/71 1031/1031/1031
f 675/675/675 904/904/904 780/780/780
f 904/904/904 744/744/744 780/780/780
f 904/904/904 899/899/899 744/744/744
f 744/744/744 115/115/115 1032/1032/1032
f 744/744/744 1032/1032/1032 780/780/780
f 780/780/780 1032/1032/1032 114/114/114
f 1032/1032/1032 115/115/115 114/114/114
f 1033/1033/1033 117/117/117 111/111/111
f 790/790/790 117/117/117 1033/1033/1033
f 790/790/790 1033/1033/1033 791/791/791
f 741/741/741 1034/1034/1034 1035/1035/1035
f 1034/1034/1034 738/738/738 1035/1035/1035
f 739/739/739 738/738/738 1034/1034/1034
f 739/739/739 1034/1034/1034 741/741/741
f 899/899/899 1036/1036/1036 744/744/744
f 1036/1036/1036 743/743/743 744/744/744
f 743/743/743 1036/1036/1036 765/765/765
f 1036/1036/1036 899/899/899 765/765/765
f 607/607/607 1037/1037/1037 1038/1038/1038
f 1037/1037/1037 115/115/115 1038/1038/1038
f 116/116/116 115/115/115 1037/1037/1037
f 116/116/116 1037/1037/1037 607/607/607
f 753/753/753 681/681/681 1039/1039/1039
f 753/753/753 1039/1039/1039 671/671/671
f 947/947/947 671/671/671 1039/1039/1039
f 947/947/947 1039/1039/1039 681/681/681
f 1040/1040/1040 860/860/860 755/755/755
f 1040/1040/1040 678/678/678 860/860/860
f 77/77/77 678/678/678 1040/1040/1040
f 1041/1041/1041 69/69/69 1042/1042/1042
f 1041/1041/1041 1042/1042/1042 68/68/68
f 1042/1042/1042 66/66/66 68/68/68
f 69/69/69 66/66/66 1042/1042/1042
f 936/936/936 76/76/76 1043/1043/1043
f 936/936/936 1043/1043/1043 83/83/83
f 1043/1043/1043 81/81/81 83/83/83
f 76/76/76 81/81/81 1043/1043/1043
f 504/504/504 1044/1044/1044 931/931/931
f 1044/1044/1044 940/940/940 931/931/931
f 939/939/939 940/940/940 1044/1044/1044
f 939/939/939 1044/1044/1044 504/504/504
f 940/940/940 680/680/680 1045/1045/1045
f 940/940/940 1045/1045/1045 931/931/931
f 1045/1045/1045 928/928/928 931/931/931
f 13/13/13 164/164/164 1046/1046/1046
f 680/680/680 928/928/928 1045/1045/1045
f 1047/1047/1047 82/82/82 100/100/100
f 83/83/83 82/82/82 1047/1047/1047
f 977/977/977 83/83/83 1047/1047/1047
f 977/977/977 1047/1047/1047 100/100/100
f 1048/1048/1048 973/973/973 908/908/908
f 1029/1029/1029 973/973/973 1048/1048/1048
f 909/909/909 1029/1029/1029 1048/1048/1048
f 909/909/909 1048/1048/1048 908/908/908
f 1012/1012/1012 1049/1049/1049 545/545/545
f 1049/1049/1049 749/749/749 545/545/545
f 879/879/879 749/749/749 1049/1049/1049
f 879/879/879 1049/1049/1049 1012/1012/1012
f 521/521/521 1050/1050/1050 519/519/519
f 1050/1050/1050 1051/1051/1051 519/519/519
f 1014/1014/1014 1051/1051/1051 1050/1050/1050
f 1014/1014/1014 1050/1050/1050 521/521/521
f 1051/1051/1051 1052/1052/1052 519/519/519
f 1052/1052/1052 882/882/882 519/519/519
f 1052/1052/1052 1053/1053/1053 882/882/882
f 1051/1051/1051 1053/1053/1053 1052/1052/1052
f 1054/1054/1054 153/153/153 1055/1055/1055
f 1054/1054/1054 1055/1055/1055 757/757/757
f 757/757/757 1055/1055/1055 758/758/758
f 1055/1055/1055 153/153/153 758/758/758
f 130/130/130 1056/1056/1056 131/131/131
f 1056/1056/1056 154/154/154 131/131/131
f 1056/1056/1056 760/760/760 154/154/154
f 130/130/130 760/760/760 1056/1056/1056
f 753/753/753 1057/1057/1057 1058/1058/1058
f 753/753/753 1058/1058/1058 130/130/130
f 1057/1057/1057 759/759/759 1058/1058/1058
f 1059/1059/1059 759/759/759 1057/1057/1057
f 757/757/757 759/759/759 1059/1059/1059
f 757/757/757 1059/1059/1059 753/753/753
f 1059/1059/1059 1057/1057/1057 753/753/753
f 1060/1060/1060 760/760/760 130/130/130
f 759/759/759 760/760/760 1060/1060/1060
f 1058/1058/1058 759/759/759 1060/1060/1060
f 1058/1058/1058 1060/1060/1060 130/130/130
f 77/77/77 1061/1061/1061 1062/1062/1062
f 1061/1061/1061 132/132/132 1062/1062/1062
f 1061/1061/1061 756/756/756 132/132/132
f 77/77/77 756/756/756 1061/1061/1061
f 1063/1063/1063 756/756/756 77/77/77
f 755/755/755 756/756/756 1063/1063/1063
f 1063/1063/1063 1040/1040/1040 755/755/755
f 77/77/77 1040/1040/1040 1063/1063/1063
f 1064/1064/1064 735/735/735 729/729/729
f 743/743/743 735/735/735 1064/1064/1064
f 763/763/763 743/743/743 1064/1064/1064
f 763/763/763 1064/1064/1064 729/729/729
f 1065/1065/1065 771/771/771 769/769/769
f 899/899/899 771/771/771 1065/1065/1065
f 899/899/899 1065/1065/1065 765/765/765
f 765/765/765 1066/1066/1066 1024/1024/1024
f 1066/1066/1066 769/769/769 1024/1024/1024
f 1066/1066/1066 1065/1065/1065 769/769/769
f 765/765/765 1065/1065/1065 1066/1066/1066
f 1067/1067/1067 1024/1024/1024 722/722/722
f 765/765/765 1024/1024/1024 1067/1067/1067
f 764/764/764 765/765/765 1067/1067/1067
f 764/764/764 1067/1067/1067 722/722/722
f 1024/1024/1024 769/769/769 1068/1068/1068
f 1024/1024/1024 1068/1068/1068 549/549/549
f 549/549/549 1068/1068/1068 547/547/547
f 1068/1068/1068 769/769/769 547/547/547
f 1069/1069/1069 773/773/773 908/908/908
f 1070/1070/1070 773/773/773 1069/1069/1069
f 1069/1069/1069 1071/1071/1071 1070/1070/1070
f 908/908/908 1071/1071/1071 1069/1069/1069
f 906/906/906 78/78/78 1072/1072/1072
f 906/906/906 1072/1072/1072 133/133/133
f 1062/1062/1062 133/133/133 1072/1072/1072
f 1062/1062/1062 1072/1072/1072 78/78/78
f 1073/1073/1073 133/133/133 131/131/131
f 906/906/906 133/133/133 1073/1073/1073
f 907/907/907 906/906/906 1073/1073/1073
f 907/907/907 1073/1073/1073 131/131/131
f 152/152/152 1029/1029/1029 909/909/909
f 1074/1074/1074 131/131/131 152/152/152
f 907/907/907 131/131/131 1074/1074/1074
f 909/909/909 907/907/907 1074/1074/1074
f 909/909/909 1074/1074/1074 152/152/152
f 1075/1075/1075 1076/1076/1076 1070/1070/1070
f 55/55/55 1076/1076/1076 1075/1075/1075
f 1075/1075/1075 1077/1077/1077 55/55/55
f 1070/1070/1070 1077/1077/1077 1075/1075/1075
f 1078/1078/1078 779/779/779 777/777/777
f 593/593/593 779/779/779 1078/1078/1078
f 1078/1078/1078 1079/1079/1079 593/593/593
f 777/777/777 1079/1079/1079 1078/1078/1078
f 1080/1080/1080 917/917/917 918/918/918
f 1080/1080/1080 918/918/918 1081/1081/1081
f 918/918/918 912/912/912 1081/1081/1081
f 603/603/603 1082/1082/1082 1080/1080/1080
f 1082/1082/1082 917/917/917 1080/1080/1080
f 1083/1083/1083 917/917/917 1082/1082/1082
f 1083/1083/1083 1082/1082/1082 603/603/603
f 1084/1084/1084 1081/1081/1081 1085/1085/1085
f 1080/1080/1080 1081/1081/1081 1084/1084/1084
f 1086/1086/1086 1080/1080/1080 1084/1084/1084
f 1086/1086/1086 1084/1084/1084 1085/1085/1085
f 594/594/594 1086/1086/1086 593/593/593
f 603/603/603 1086/1086/1086 594/594/594
f 594/594/594 592/592/592 603/603/603
f 1087/1087/1087 1083/1083/1083 603/603/603
f 136/136/136 1083/1083/1083 1087/1087/1087
f 139/139/139 136/136/136 1087/1087/1087
f 139/139/139 1087/1087/1087 603/603/603
f 1088/1088/1088 1089/1089/1089 778/778/778
f 911/911/911 1089/1089/1089 1088/1088/1088
f 911/911/911 1088/1088/1088 912/912/912
f 1088/1088/1088 778/778/778 912/912/912
f 917/917/917 1090/1090/1090 911/911/911
f 1090/1090/1090 1089/1089/1089 911/911/911
f 1091/1091/1091 1092/1092/1092 1093/1093/1093
f 1094/1094/1094 1095/1095/1095 1096/1096/1096
f 1094/1094/1094 1096/1096/1096 3/3/3
f 3/3/3 1096/1096/1096 1097/1097/1097
f 1096/1096/1096 1095/1095/1095 1097/1097/1097
f 68/68/68 1098/1098/1098 1041/1041/1041
f 1098/1098/1098 1099/1099/1099 1041/1041/1041
f 1100/1100/1100 1099/1099/1099 1098/1098/1098
f 1100/1100/1100 1098/1098/1098 68/68/68
f 1101/1101/1101 1100/1100/1100 68/68/68
f 1102/1102/1102 1100/1100/1100 1101/1101/1101
f 62/62/62 1102/1102/1102 1101/1101/1101
f 62/62/62 1101/1101/1101 68/68/68
f 954/954/954 1103/1103/1103 787/787/787
f 1103/1103/1103 789/789/789 787/787/787
f 202/202/202 1104/1104/1104 137/137/137
f 1104/1104/1104 138/138/138 137/137/137
f 925/925/925 921/921/921 791/791/791
f 925/925/925 1033/1033/1033 111/111/111
f 791/791/791 1033/1033/1033 925/925/925
f 921/921/921 956/956/956 791/791/791
f 956/956/956 787/787/787 791/791/791
f 954/954/954 787/787/787 956/956/956
f 113/113/113 1092/1092/1092 1105/1105/1105
f 113/113/113 1105/1105/1105 111/111/111
f 1105/1105/1105 1106/1106/1106 111/111/111
f 1092/1092/1092 1106/1106/1106 1105/1105/1105
f 606/606/606 1107/1107/1107 113/113/113
f 1107/1107/1107 1092/1092/1092 113/113/113
f 1093/1093/1093 1092/1092/1092 1107/1107/1107
f 1093/1093/1093 1107/1107/1107 606/606/606
f 1108/1108/1108 1093/1093/1093 606/606/606
f 484/484/484 1093/1093/1093 1108/1108/1108
f 1108/1108/1108 1038/1038/1038 484/484/484
f 606/606/606 1038/1038/1038 1108/1108/1108
f 1109/1109/1109 1110/1110/1110 484/484/484
f 1110/1110/1110 1093/1093/1093 484/484/484
f 1110/1110/1110 1091/1091/1091 1093/1093/1093
f 1109/1109/1109 1091/1091/1091 1110/1110/1110
f 1106/1106/1106 1111/1111/1111 1112/1112/1112
f 1106/1106/1106 1112/1112/1112 111/111/111
f 1112/1112/1112 920/920/920 111/111/111
f 1111/1111/1111 920/920/920 1112/1112/1112
f 1111/1111/1111 1113/1113/1113 920/920/920
f 1113/1113/1113 954/954/954 920/920/920
f 138/138/138 1114/1114/1114 134/134/134
f 1114/1114/1114 135/135/135 134/134/134
f 962/962/962 1115/1115/1115 1116/1116/1116
f 1115/1115/1115 1117/1117/1117 1116/1116/1116
f 1118/1118/1118 1117/1117/1117 1115/1115/1115
f 1118/1118/1118 1115/1115/1115 962/962/962
f 4/4/4 970/970/970 5/5/5
f 970/970/970 558/558/558 1119/1119/1119
f 1119/1119/1119 558/558/558 868/868/868
f 5/5/5 1119/1119/1119 868/868/868
f 5/5/5 970/970/970 1119/1119/1119
f 1120/1120/1120 1121/1121/1121 1122/1122/1122
f 1122/1122/1122 1121/1121/1121 1123/1123/1123
f 1123/1123/1123 566/566/566 1122/1122/1122
f 1122/1122/1122 566/566/566 1120/1120/1120
f 1095/1095/1095 1010/1010/1010 1124/1124/1124
f 919/919/919 915/915/915 1125/1125/1125
f 474/474/474 870/870/870 492/492/492
f 1126/1126/1126 1125/1125/1125 1127/1127/1127
f 870/870/870 868/868/868 558/558/558
f 492/492/492 870/870/870 558/558/558
f 1128/1128/1128 1129/1129/1129 818/818/818
f 1130/1130/1130 1131/1131/1131 1132/1132/1132
f 1126/1126/1126 1127/1127/1127 1128/1128/1128
f 818/818/818 1129/1129/1129 1133/1133/1133
f 276/276/276 1130/1130/1130 1132/1132/1132
f 394/394/394 1133/1133/1133 395/395/395
f 275/275/275 1130/1130/1130 276/276/276
f 275/275/275 1131/1131/1131 1130/1130/1130
f 144/144/144 919/919/919 142/142/142
f 15/15/15 7/7/7 9/9/9
f 142/142/142 1126/1126/1126 143/143/143
f 1134/1134/1134 717/717/717 1135/1135/1135
f 21/21/21 1136/1136/1136 1137/1137/1137
f 1138/1138/1138 624/624/624 1139/1139/1139
f 21/21/21 15/15/15 1136/1136/1136
f 1136/1136/1136 15/15/15 39/39/39
f 717/717/717 1134/1134/1134 715/715/715
f 1137/1137/1137 1136/1136/1136 39/39/39
f 489/489/489 461/461/461 867/867/867
f 476/476/476 489/489/489 867/867/867
f 476/476/476 445/445/445 489/489/489
f 481/481/481 482/482/482 445/445/445
f 476/476/476 481/481/481 445/445/445
f 952/952/952 1140/1140/1140 953/953/953
f 492/492/492 558/558/558 557/557/557
f 557/557/557 477/477/477 492/492/492
f 159/159/159 1140/1140/1140 952/952/952
f 469/469/469 182/182/182 1141/1141/1141
f 1142/1142/1142 1143/1143/1143 159/159/159
f 159/159/159 1143/1143/1143 1140/1140/1140
f 1143/1143/1143 1144/1144/1144 1140/1140/1140
f 468/468/468 469/469/469 1141/1141/1141
f 469/469/469 183/183/183 182/182/182
f 467/467/467 661/661/661 183/183/183
f 467/467/467 453/453/453 661/661/661
f 11/11/11 1145/1145/1145 23/23/23
f 453/453/453 455/455/455 661/661/661
f 845/845/845 425/425/425 427/427/427
f 1146/1146/1146 1147/1147/1147 908/908/908
f 427/427/427 1148/1148/1148 845/845/845
f 972/972/972 1149/1149/1149 1146/1146/1146
f 957/957/957 1150/1150/1150 157/157/157
f 845/845/845 1148/1148/1148 468/468/468
f 1148/1148/1148 453/453/453 467/467/467
f 1018/1018/1018 1150/1150/1150 957/957/957
f 1151/1151/1151 1152/1152/1152 1018/1018/1018
f 468/468/468 1148/1148/1148 467/467/467
f 317/317/317 447/447/447 450/450/450
f 316/316/316 447/447/447 317/317/317
f 316/316/316 448/448/448 447/447/447
f 1141/1141/1141 182/182/182 327/327/327
f 327/327/327 1153/1153/1153 1141/1141/1141
f 810/810/810 815/815/815 1154/1154/1154
f 1141/1141/1141 1153/1153/1153 468/468/468
f 368/368/368 367/367/367 1154/1154/1154
f 1153/1153/1153 460/460/460 424/424/424
f 1153/1153/1153 326/326/326 460/460/460
f 326/326/326 407/407/407 460/460/460
f 399/399/399 850/850/850 427/427/427
f 327/327/327 179/179/179 178/178/178
f 181/181/181 325/325/325 178/178/178
f 178/178/178 325/325/325 327/327/327
f 415/415/415 418/418/418 424/424/424
f 402/402/402 415/415/415 424/424/424
f 15/15/15 9/9/9 1155/1155/1155
f 1155/1155/1155 9/9/9 40/40/40
f 39/39/39 1155/1155/1155 40/40/40
f 39/39/39 15/15/15 1155/1155/1155
f 525/525/525 580/580/580 526/526/526
f 593/593/593 1156/1156/1156 591/591/591
f 1157/1157/1157 1158/1158/1158 1159/1159/1159
f 1159/1159/1159 1158/1158/1158 837/837/837
f 1160/1160/1160 1159/1159/1159 837/837/837
f 1161/1161/1161 1162/1162/1162 1163/1163/1163
f 1160/1160/1160 1157/1157/1157 1159/1159/1159
f 1164/1164/1164 84/84/84 1165/1165/1165
f 1165/1165/1165 84/84/84 8/8/8
f 8/8/8 1166/1166/1166 1165/1165/1165
f 320/320/320 318/318/318 1167/1167/1167
f 242/242/242 1168/1168/1168 1169/1169/1169
f 367/367/367 320/320/320 1167/1167/1167
f 363/363/363 827/827/827 365/365/365
f 365/365/365 827/827/827 824/824/824
f 824/824/824 313/313/313 365/365/365
f 314/314/314 312/312/312 368/368/368
f 363/363/363 314/314/314 368/368/368
f 64/64/64 1102/1102/1102 62/62/62
f 1167/1167/1167 318/318/318 256/256/256
f 306/306/306 1167/1167/1167 256/256/256
f 367/367/367 1167/1167/1167 306/306/306
f 1154/1154/1154 1170/1170/1170 810/810/810
f 241/241/241 1168/1168/1168 242/242/242
f 1154/1154/1154 367/367/367 1170/1170/1170
f 243/243/243 1171/1171/1171 241/241/241
f 1170/1170/1170 367/367/367 306/306/306
f 810/810/810 1170/1170/1170 306/306/306
f 337/337/337 306/306/306 308/308/308
f 119/119/119 256/256/256 123/123/123
f 123/123/123 256/256/256 318/318/318
f 318/318/318 122/122/122 123/123/123
f 334/334/334 47/47/47 84/84/84
f 1164/1164/1164 334/334/334 84/84/84
f 9/9/9 8/8/8 84/84/84
f 257/257/257 110/110/110 106/106/106
f 108/108/108 109/109/109 329/329/329
f 89/89/89 252/252/252 831/831/831
f 328/328/328 108/108/108 329/329/329
f 106/106/106 108/108/108 328/328/328
f 833/833/833 308/308/308 1172/1172/1172
f 1172/1172/1172 1173/1173/1173 833/833/833
f 257/257/257 106/106/106 1172/1172/1172
f 1172/1172/1172 106/106/106 1173/1173/1173
f 1173/1173/1173 106/106/106 328/328/328
f 833/833/833 1173/1173/1173 328/328/328
f 1174/1174/1174 90/90/90 329/329/329
f 89/89/89 90/90/90 1174/1174/1174
f 830/830/830 88/88/88 89/89/89
f 85/85/85 29/29/29 26/26/26
f 27/27/27 85/85/85 26/26/26
f 27/27/27 8/8/8 85/85/85
f 24/24/24 35/35/35 28/28/28
f 1137/1137/1137 1175/1175/1175 21/21/21
f 21/21/21 1175/1175/1175 19/19/19
f 1124/1124/1124 1010/1010/1010 1176/1176/1176
f 1177/1177/1177 1178/1178/1178 1138/1138/1138
f 1179/1179/1179 1177/1177/1177 1138/1138/1138
f 1010/1010/1010 730/730/730 1176/1176/1176
f 1180/1180/1180 1181/1181/1181 717/717/717
f 1180/1180/1180 290/290/290 1181/1181/1181
f 287/287/287 1180/1180/1180 967/967/967
f 1180/1180/1180 1182/1182/1182 967/967/967
f 1180/1180/1180 717/717/717 1182/1182/1182
f 1097/1097/1097 1095/1095/1095 1124/1124/1124
f 1183/1183/1183 1160/1160/1160 324/324/324
f 1183/1183/1183 1157/1157/1157 1160/1160/1160
f 1166/1166/1166 217/217/217 1183/1183/1183
f 1164/1164/1164 1166/1166/1166 1183/1183/1183
f 303/303/303 302/302/302 1184/1184/1184
f 257/257/257 309/309/309 256/256/256
f 1172/1172/1172 309/309/309 257/257/257
f 1172/1172/1172 308/308/308 309/309/309
f 1185/1185/1185 1186/1186/1186 1187/1187/1187
f 831/831/831 1185/1185/1185 1187/1187/1187
f 252/252/252 1185/1185/1185 831/831/831
f 252/252/252 1186/1186/1186 1185/1185/1185
f 1188/1188/1188 253/253/253 254/254/254
f 1174/1174/1174 1188/1188/1188 254/254/254
f 254/254/254 252/252/252 89/89/89
f 1174/1174/1174 254/254/254 89/89/89
f 1189/1189/1189 34/34/34 1175/1175/1175
f 1137/1137/1137 1189/1189/1189 1175/1175/1175
f 41/41/41 34/34/34 1189/1189/1189
f 1175/1175/1175 34/34/34 1190/1190/1190
f 831/831/831 1187/1187/1187 32/32/32
f 1191/1191/1191 1192/1192/1192 1193/1193/1193
f 1193/1193/1193 1192/1192/1192 1194/1194/1194
f 1195/1195/1195 1191/1191/1191 1193/1193/1193
f 1196/1196/1196 1197/1197/1197 1194/1194/1194
f 368/368/368 821/821/821 363/363/363
f 1196/1196/1196 1169/1169/1169 1197/1197/1197
f 1169/1169/1169 1195/1195/1195 1197/1197/1197
f 1196/1196/1196 1194/1194/1194 1198/1198/1198
f 242/242/242 1196/1196/1196 1198/1198/1198
f 242/242/242 1169/1169/1169 1196/1196/1196
f 242/242/242 1198/1198/1198 799/799/799
f 363/363/363 821/821/821 827/827/827
f 826/826/826 827/827/827 821/821/821
f 1199/1199/1199 822/822/822 818/818/818
f 1199/1199/1199 826/826/826 822/822/822
f 822/822/822 826/826/826 821/821/821
f 599/599/599 1163/1163/1163 140/140/140
f 603/603/603 1161/1161/1161 599/599/599
f 599/599/599 1161/1161/1161 1163/1163/1163
f 1200/1200/1200 1201/1201/1201 1202/1202/1202
f 1202/1202/1202 1201/1201/1201 1161/1161/1161
f 603/603/603 1202/1202/1202 1161/1161/1161
f 591/591/591 1200/1200/1200 592/592/592
f 305/305/305 1203/1203/1203 570/570/570
f 1204/1204/1204 815/815/815 820/820/820
f 368/368/368 1204/1204/1204 820/820/820
f 1154/1154/1154 1204/1204/1204 368/368/368
f 1154/1154/1154 815/815/815 1204/1204/1204
f 221/221/221 144/144/144 809/809/809
f 243/243/243 420/420/420 248/248/248
f 420/420/420 422/422/422 248/248/248
f 248/248/248 422/422/422 247/247/247
f 1152/1152/1152 1205/1205/1205 1018/1018/1018
f 1152/1152/1152 1142/1142/1142 1205/1205/1205
f 1205/1205/1205 1142/1142/1142 1150/1150/1150
f 1018/1018/1018 1205/1205/1205 1150/1150/1150
f 1133/1133/1133 1206/1206/1206 395/395/395
f 1133/1133/1133 1129/1129/1129 1206/1206/1206
f 1146/1146/1146 1207/1207/1207 1147/1147/1147
f 1146/1146/1146 1149/1149/1149 1207/1207/1207
f 972/972/972 1146/1146/1146 973/973/973
f 973/973/973 1146/1146/1146 908/908/908
f 962/962/962 1208/1208/1208 1118/1118/1118
f 1118/1118/1118 1208/1208/1208 23/23/23
f 23/23/23 1117/1117/1117 1118/1118/1118
f 1145/1145/1145 1209/1209/1209 23/23/23
f 1145/1145/1145 1151/1151/1151 1209/1209/1209
f 1209/1209/1209 1151/1151/1151 1117/1117/1117
f 23/23/23 1209/1209/1209 1117/1117/1117
f 1117/1117/1117 1210/1210/1210 1116/1116/1116
f 1116/1116/1116 1210/1210/1210 958/958/958
f 962/962/962 1116/1116/1116 958/958/958
f 1211/1211/1211 1144/1144/1144 1143/1143/1143
f 1142/1142/1142 1211/1211/1211 1143/1143/1143
f 1140/1140/1140 1212/1212/1212 953/953/953
f 1140/1140/1140 1144/1144/1144 1212/1212/1212
f 1213/1213/1213 917/917/917 1083/1083/1083
f 135/135/135 1213/1213/1213 1083/1083/1083
f 814/814/814 1214/1214/1214 818/818/818
f 814/814/814 1126/1126/1126 1214/1214/1214
f 1126/1126/1126 1128/1128/1128 1214/1214/1214
f 1214/1214/1214 1128/1128/1128 818/818/818
f 1071/1071/1071 1215/1215/1215 1216/1216/1216
f 1071/1071/1071 1147/1147/1147 1215/1215/1215
f 1128/1128/1128 1217/1217/1217 1129/1129/1129
f 1128/1128/1128 1127/1127/1127 1217/1217/1217
f 1070/1070/1070 1216/1216/1216 1077/1077/1077
f 1125/1125/1125 1218/1218/1218 1127/1127/1127
f 1125/1125/1125 915/915/915 1218/1218/1218
f 142/142/142 1219/1219/1219 1126/1126/1126
f 142/142/142 919/919/919 1219/1219/1219
f 919/919/919 1125/1125/1125 1219/1219/1219
f 1219/1219/1219 1125/1125/1125 1126/1126/1126
f 1220/1220/1220 1009/1009/1009 1221/1221/1221
f 1221/1221/1221 1009/1009/1009 1010/1010/1010
f 1221/1221/1221 1010/1010/1010 1095/1095/1095
f 1220/1220/1220 1221/1221/1221 1095/1095/1095
f 1102/1102/1102 1222/1222/1222 1100/1100/1100
f 1100/1100/1100 1222/1222/1222 1099/1099/1099
f 1223/1223/1223 1195/1195/1195 1169/1169/1169
f 1168/1168/1168 1223/1223/1223 1169/1169/1169
f 1222/1222/1222 1224/1224/1224 1099/1099/1099
f 1/1/1 69/69/69 1041/1041/1041
f 1041/1041/1041 1099/1099/1099 1/1/1
f 1224/1224/1224 1225/1225/1225 1226/1226/1226
f 1226/1226/1226 1225/1225/1225 1220/1220/1220
f 1226/1226/1226 1220/1220/1220 2/2/2
f 1224/1224/1224 1226/1226/1226 2/2/2
f 1220/1220/1220 1095/1095/1095 1094/1094/1094
f 2/2/2 1094/1094/1094 3/3/3
f 2/2/2 1220/1220/1220 1094/1094/1094
f 1099/1099/1099 1227/1227/1227 1/1/1
f 1099/1099/1099 1224/1224/1224 1227/1227/1227
f 1227/1227/1227 1224/1224/1224 2/2/2
f 1/1/1 1227/1227/1227 2/2/2
f 1228/1228/1228 1229/1229/1229 1230/1230/1230
f 1230/1230/1230 1229/1229/1229 1231/1231/1231
f 1231/1231/1231 1232/1232/1232 1230/1230/1230
f 1230/1230/1230 1232/1232/1232 1228/1228/1228
f 13/13/13 1233/1233/1233 1234/1234/1234
f 1234/1234/1234 1233/1233/1233 1228/1228/1228
f 1228/1228/1228 10/10/10 1234/1234/1234
f 1234/1234/1234 10/10/10 13/13/13
f 1232/1232/1232 1235/1235/1235 1228/1228/1228
f 1232/1232/1232 11/11/11 1235/1235/1235
f 1235/1235/1235 11/11/11 10/10/10
f 1228/1228/1228 1235/1235/1235 10/10/10
f 912/912/912 778/778/778 1085/1085/1085
f 1081/1081/1081 912/912/912 1085/1085/1085
f 1236/1236/1236 1109/1109/1109 1237/1237/1237
f 1238/1238/1238 1236/1236/1236 1237/1237/1237
f 1239/1239/1239 1240/1240/1240 778/778/778
f 1089/1089/1089 1239/1239/1239 778/778/778
f 135/135/135 1083/1083/1083 136/136/136
f 603/603/603 1080/1080/1080 1086/1086/1086
f 1086/1086/1086 1085/1085/1085 593/593/593
f 1076/1076/1076 51/51/51 1070/1070/1070
f 402/402/402 424/424/424 458/458/458
f 55/55/55 50/50/50 1076/1076/1076
f 315/315/315 458/458/458 407/407/407
f 1076/1076/1076 50/50/50 51/51/51
f 468/468/468 1153/1153/1153 424/424/424
f 48/48/48 46/46/46 1241/1241/1241
f 327/327/327 326/326/326 1153/1153/1153
f 1241/1241/1241 46/46/46 45/45/45
f 50/50/50 1241/1241/1241 45/45/45
f 50/50/50 48/48/48 1241/1241/1241
f 427/427/427 453/453/453 1148/1148/1148
f 908/908/908 78/78/78 906/906/906
f 547/547/547 769/769/769 551/551/551
f 132/132/132 133/133/133 1062/1062/1062
f 77/77/77 1062/1062/1062 78/78/78
f 152/152/152 131/131/131 154/154/154
f 1053/1053/1053 877/877/877 882/882/882
f 1242/1242/1242 1015/1015/1015 126/126/126
f 327/327/327 182/182/182 179/179/179
f 1242/1242/1242 1051/1051/1051 1015/1015/1015
f 1015/1015/1015 1051/1051/1051 1014/1014/1014
f 521/521/521 522/522/522 1014/1014/1014
f 545/545/545 529/529/529 1012/1012/1012
f 545/545/545 749/749/749 472/472/472
f 1053/1053/1053 880/880/880 877/877/877
f 880/880/880 752/752/752 749/749/749
f 1243/1243/1243 102/102/102 1244/1244/1244
f 49/49/49 1243/1243/1243 1244/1244/1244
f 49/49/49 101/101/101 1243/1243/1243
f 1243/1243/1243 101/101/101 102/102/102
f 99/99/99 82/82/82 1245/1245/1245
f 1245/1245/1245 82/82/82 79/79/79
f 101/101/101 1245/1245/1245 79/79/79
f 101/101/101 99/99/99 1245/1245/1245
f 274/274/274 461/461/461 450/450/450
f 77/77/77 73/73/73 1246/1246/1246
f 1246/1246/1246 73/73/73 44/44/44
f 44/44/44 104/104/104 1246/1246/1246
f 1246/1246/1246 104/104/104 77/77/77
f 77/77/77 105/105/105 678/678/678
f 44/44/44 46/46/46 1244/1244/1244
f 1244/1244/1244 46/46/46 49/49/49
f 1244/1244/1244 102/102/102 44/44/44
f 606/606/606 607/607/607 1038/1038/1038
f 1038/1038/1038 115/115/115 484/484/484
f 1237/1237/1237 1109/1109/1109 484/484/484
f 484/484/484 485/485/485 1237/1237/1237
f 1237/1237/1237 485/485/485 1238/1238/1238
f 1165/1165/1165 1166/1166/1166 1164/1164/1164
f 837/837/837 1247/1247/1247 1248/1248/1248
f 1249/1249/1249 1132/1132/1132 1250/1250/1250
f 1250/1250/1250 1132/1132/1132 1131/1131/1131
f 1131/1131/1131 1251/1251/1251 1250/1250/1250
f 1250/1250/1250 1251/1251/1251 1249/1249/1249
f 1120/1120/1120 566/566/566 565/565/565
f 6/6/6 1252/1252/1252 565/565/565
f 565/565/565 1252/1252/1252 1120/1120/1120
f 6/6/6 1253/1253/1253 1254/1254/1254
f 1254/1254/1254 1253/1253/1253 1249/1249/1249
f 1249/1249/1249 94/94/94 1254/1254/1254
f 1254/1254/1254 94/94/94 6/6/6
f 1251/1251/1251 98/98/98 1249/1249/1249
f 1251/1251/1251 97/97/97 98/98/98
f 1249/1249/1249 98/98/98 94/94/94
f 94/94/94 96/96/96 1255/1255/1255
f 1255/1255/1255 96/96/96 1252/1252/1252
f 6/6/6 1255/1255/1255 1252/1252/1252
f 6/6/6 94/94/94 1255/1255/1255
f 522/522/522 1006/1006/1006 1014/1014/1014
f 1006/1006/1006 1005/1005/1005 126/126/126
f 529/529/529 531/531/531 1012/1012/1012
f 531/531/531 532/532/532 519/519/519
f 6/6/6 5/5/5 868/868/868
f 1000/1000/1000 1008/1008/1008 1001/1001/1001
f 1008/1008/1008 677/677/677 1005/1005/1005
f 1001/1001/1001 1008/1008/1008 1005/1005/1005
f 18/18/18 1256/1256/1256 13/13/13
f 18/18/18 17/17/17 1256/1256/1256
f 17/17/17 164/164/164 1256/1256/1256
f 1256/1256/1256 164/164/164 13/13/13
f 1257/1257/1257 1258/1258/1258 518/518/518
f 1257/1257/1257 988/988/988 1258/1258/1258
f 1258/1258/1258 988/988/988 688/688/688
f 518/518/518 1258/1258/1258 688/688/688
f 6/6/6 868/868/868 1253/1253/1253
f 895/895/895 295/295/295 988/988/988
f 1249/1249/1249 1253/1253/1253 1132/1132/1132
f 1253/1253/1253 868/868/868 1132/1132/1132
f 895/895/895 296/296/296 295/295/295
f 1259/1259/1259 895/895/895 1257/1257/1257
f 981/981/981 1259/1259/1259 1257/1257/1257
f 186/186/186 1259/1259/1259 981/981/981
f 186/186/186 895/895/895 1259/1259/1259
f 895/895/895 988/988/988 1257/1257/1257
f 981/981/981 1257/1257/1257 518/518/518
f 978/978/978 190/190/190 936/936/936
f 100/100/100 188/188/188 978/978/978
f 978/978/978 188/188/188 190/190/190
f 185/185/185 187/187/187 1260/1260/1260
f 1260/1260/1260 187/187/187 189/189/189
f 188/188/188 1260/1260/1260 189/189/189
f 188/188/188 185/185/185 1260/1260/1260
f 1248/1248/1248 1247/1247/1247 1184/1184/1184
f 1248/1248/1248 1184/1184/1184 302/302/302
f 837/837/837 1248/1248/1248 302/302/302
f 324/324/324 334/334/334 1261/1261/1261
f 1261/1261/1261 334/334/334 1164/1164/1164
f 1164/1164/1164 1183/1183/1183 1261/1261/1261
f 1261/1261/1261 1183/1183/1183 324/324/324
f 219/219/219 1247/1247/1247 1158/1158/1158
f 1158/1158/1158 1247/1247/1247 837/837/837
f 970/970/970 561/561/561 558/558/558
f 566/566/566 561/561/561 970/970/970
f 566/566/566 560/560/560 561/561/561
f 274/274/274 450/450/450 451/451/451
f 448/448/448 275/275/275 451/451/451
f 451/451/451 275/275/275 274/274/274
f 1262/1262/1262 1131/1131/1131 275/275/275
f 448/448/448 1262/1262/1262 275/275/275
f 867/867/867 461/461/461 274/274/274
f 274/274/274 276/276/276 867/867/867
f 276/276/276 1132/1132/1132 866/866/866
f 866/866/866 1132/1132/1132 868/868/868
f 476/476/476 866/866/866 868/868/868
f 1157/1157/1157 219/219/219 1158/1158/1158
f 834/834/834 344/344/344 336/336/336
f 741/741/741 1035/1035/1035 1238/1238/1238
f 746/746/746 1263/1263/1263 726/726/726
f 746/746/746 751/751/751 1263/1263/1263
f 315/315/315 407/407/407 406/406/406
f 62/62/62 59/59/59 52/52/52
f 409/409/409 316/316/316 406/406/406
f 406/406/406 316/316/316 315/315/315
f 1264/1264/1264 448/448/448 316/316/316
f 409/409/409 1264/1264/1264 316/316/316
f 586/586/586 576/576/576 1265/1265/1265
f 402/402/402 458/458/458 848/848/848
f 848/848/848 458/458/458 315/315/315
f 68/68/68 67/67/67 62/62/62
f 67/67/67 59/59/59 62/62/62
f 315/315/315 317/317/317 848/848/848
f 317/317/317 450/450/450 463/463/463
f 1266/1266/1266 409/409/409 325/325/325
f 571/571/571 69/69/69 1/1/1
f 181/181/181 1266/1266/1266 325/325/325
f 326/326/326 410/410/410 407/407/407
f 325/325/325 410/410/410 326/326/326
f 72/72/72 61/61/61 59/59/59
f 325/325/325 409/409/409 410/410/410
f 427/427/427 425/425/425 391/391/391
f 1016/1016/1016 726/726/726 1021/1021/1021
f 983/983/983 300/300/300 985/985/985
f 89/89/89 831/831/831 830/830/830
f 31/31/31 831/831/831 32/32/32
f 41/41/41 31/31/31 34/34/34
f 1191/1191/1191 1267/1267/1267 1192/1192/1192
f 164/164/164 163/163/163 1268/1268/1268
f 164/164/164 1268/1268/1268 1046/1046/1046
f 1120/1120/1120 1252/1252/1252 1121/1121/1121
f 1192/1192/1192 1267/1267/1267 1269/1269/1269
f 1194/1194/1194 1192/1192/1192 1269/1269/1269
f 1269/1269/1269 1270/1270/1270 1271/1271/1271
f 1269/1269/1269 1267/1267/1267 1270/1270/1270
f 1272/1272/1272 829/829/829 396/396/396
f 13/13/13 1046/1046/1046 1233/1233/1233
f 818/818/818 1133/1133/1133 1199/1199/1199
f 1228/1228/1228 1233/1233/1233 1229/1229/1229
f 1233/1233/1233 1046/1046/1046 1229/1229/1229
f 1199/1199/1199 1133/1133/1133 394/394/394
f 394/394/394 826/826/826 1199/1199/1199
f 396/396/396 823/823/823 394/394/394
f 394/394/394 823/823/823 826/826/826
f 143/143/143 1126/1126/1126 814/814/814
f 818/818/818 815/815/815 814/814/814
f 368/368/368 820/820/820 821/821/821
f 818/818/818 820/820/820 815/815/815
f 1273/1273/1273 1274/1274/1274 1163/1163/1163
f 1273/1273/1273 1275/1275/1275 1274/1274/1274
f 1274/1274/1274 1275/1275/1275 200/200/200
f 1163/1163/1163 1274/1274/1274 200/200/200
f 125/125/125 1242/1242/1242 126/126/126
f 1276/1276/1276 800/800/800 799/799/799
f 1162/1162/1162 1273/1273/1273 1163/1163/1163
f 810/810/810 812/812/812 815/815/815
f 962/962/962 22/22/22 1208/1208/1208
f 1079/1079/1079 1156/1156/1156 593/593/593
f 23/23/23 1208/1208/1208 12/12/12
f 1208/1208/1208 22/22/22 12/12/12
f 575/575/575 574/574/574 1277/1277/1277
f 575/575/575 1277/1277/1277 962/962/962
f 1277/1277/1277 963/963/963 962/962/962
f 574/574/574 963/963/963 1277/1277/1277
f 963/963/963 16/16/16 1278/1278/1278
f 963/963/963 1278/1278/1278 22/22/22
f 18/18/18 22/22/22 1278/1278/1278
f 18/18/18 1278/1278/1278 16/16/16
f 421/421/421 806/806/806 422/422/422
f 1225/1225/1225 1009/1009/1009 1220/1220/1220
f 1171/1171/1171 1279/1279/1279 241/241/241
f 1279/1279/1279 1168/1168/1168 241/241/241
f 1009/1009/1009 1280/1280/1280 730/730/730
f 1280/1280/1280 731/731/731 730/730/730
f 1281/1281/1281 163/163/163 17/17/17
f 246/246/246 1171/1171/1171 243/243/243
f 373/373/373 953/953/953 500/500/500
f 16/16/16 1281/1281/1281 17/17/17
f 422/422/422 804/804/804 247/247/247
f 1201/1201/1201 1162/1162/1162 1161/1161/1161
f 1018/1018/1018 958/958/958 1210/1210/1210
f 1018/1018/1018 1210/1210/1210 1151/1151/1151
f 1117/1117/1117 1151/1151/1151 1210/1210/1210
f 802/802/802 796/796/796 242/242/242
f 1282/1282/1282 1200/1200/1200 591/591/591
f 175/175/175 639/639/639 957/957/957
f 639/639/639 632/632/632 957/957/957
f 1156/1156/1156 1282/1282/1282 591/591/591
f 798/798/798 421/421/421 420/420/420
f 244/244/244 420/420/420 243/243/243
f 242/242/242 796/796/796 244/244/244
f 200/200/200 1283/1283/1283 201/201/201
f 200/200/200 1275/1275/1275 1283/1283/1283
f 632/632/632 634/634/634 958/958/958
f 575/575/575 958/958/958 634/634/634
f 153/153/153 795/795/795 151/151/151
f 793/793/793 794/794/794 1284/1284/1284
f 972/972/972 793/793/793 1284/1284/1284
f 151/151/151 793/793/793 972/972/972
f 396/396/396 1285/1285/1285 1272/1272/1272
f 396/396/396 395/395/395 1285/1285/1285
f 159/159/159 166/166/166 1142/1142/1142
f 1150/1150/1150 1142/1142/1142 166/166/166
f 1150/1150/1150 166/166/166 157/157/157
f 972/972/972 1284/1284/1284 1149/1149/1149
f 373/373/373 376/376/376 952/952/952
f 376/376/376 171/171/171 952/952/952
f 1071/1071/1071 1216/1216/1216 1070/1070/1070
f 908/908/908 1147/1147/1147 1071/1071/1071
f 787/787/787 784/784/784 786/786/786
f 668/668/668 1054/1054/1054 757/757/757
f 780/780/780 782/782/782 675/675/675
f 593/593/593 1085/1085/1085 779/779/779
f 1085/1085/1085 778/778/778 779/779/779
f 1286/1286/1286 560/560/560 566/566/566
f 1123/1123/1123 1286/1286/1286 566/566/566
f 952/952/952 171/171/171 158/158/158
f 952/952/952 158/158/158 159/159/159
f 778/778/778 1240/1240/1240 776/776/776
f 171/171/171 156/156/156 158/158/158
f 1287/1287/1287 576/576/576 716/716/716
f 1265/1265/1265 576/576/576 1287/1287/1287
f 536/536/536 388/388/388 1288/1288/1288
f 73/73/73 774/774/774 45/45/45
f 73/73/73 78/78/78 774/774/774
f 280/280/280 858/858/858 658/658/658
f 858/858/858 280/280/280 282/282/282
f 51/51/51 45/45/45 774/774/774
f 1070/1070/1070 51/51/51 773/773/773
f 773/773/773 78/78/78 908/908/908
f 768/768/768 675/675/675 674/674/674
f 769/769/769 768/768/768 551/551/551
f 767/767/767 674/674/674 677/677/677
f 748/748/748 751/751/751 746/746/746
f 749/749/749 748/748/748 472/472/472
f 74/74/74 105/105/105 80/80/80
f 102/102/102 79/79/79 80/80/80
f 485/485/485 741/741/741 1238/1238/1238
f 1289/1289/1289 1290/1290/1290 817/817/817
f 1290/1290/1290 690/690/690 817/817/817
f 762/762/762 725/725/725 1016/1016/1016
f 725/725/725 726/726/726 1016/1016/1016
f 729/729/729 725/725/725 762/762/762
f 128/128/128 1005/1005/1005 711/711/711
f 1005/1005/1005 677/677/677 711/711/711
f 126/126/126 1005/1005/1005 128/128/128
f 298/298/298 300/300/300 983/983/983
f 936/936/936 190/190/190 687/687/687
f 687/687/687 686/686/686 504/504/504
f 204/204/204 8/8/8 27/27/27
f 190/190/190 189/189/189 685/685/685
f 208/208/208 204/204/204 205/205/205
f 251/251/251 1186/1186/1186 252/252/252
f 644/644/644 1291/1291/1291 596/596/596
f 206/206/206 923/923/923 205/205/205
f 37/37/37 923/923/923 206/206/206
f 1292/1292/1292 938/938/938 1293/1293/1293
f 916/916/916 938/938/938 1292/1292/1292
f 1292/1292/1292 914/914/914 916/916/916
f 1293/1293/1293 914/914/914 1292/1292/1292
f 213/213/213 212/212/212 224/224/224
f 644/644/644 1294/1294/1294 1291/1291/1291
f 258/258/258 260/260/260 1295/1295/1295
f 1295/1295/1295 260/260/260 271/271/271
f 602/602/602 1296/1296/1296 600/600/600
f 212/212/212 214/214/214 215/215/215
f 602/602/602 268/268/268 1296/1296/1296
f 528/528/528 523/523/523 1297/1297/1297
f 1297/1297/1297 523/523/523 526/526/526
f 526/526/526 581/581/581 1297/1297/1297
f 210/210/210 208/208/208 215/215/215
f 1297/1297/1297 581/581/581 528/528/528
f 913/913/913 1298/1298/1298 1299/1299/1299
f 913/913/913 1299/1299/1299 896/896/896
f 896/896/896 1299/1299/1299 897/897/897
f 1299/1299/1299 1298/1298/1298 897/897/897
f 1300/1300/1300 622/622/622 621/621/621
f 226/226/226 144/144/144 221/221/221
f 937/937/937 144/144/144 226/226/226
f 937/937/937 226/226/226 224/224/224
f 1301/1301/1301 903/903/903 887/887/887
f 892/892/892 903/903/903 1301/1301/1301
f 1301/1301/1301 888/888/888 892/892/892
f 887/887/887 888/888/888 1301/1301/1301
f 620/620/620 1300/1300/1300 621/621/621
f 235/235/235 1300/1300/1300 620/620/620
f 235/235/235 622/622/622 1300/1300/1300
f 235/235/235 237/237/237 628/628/628
f 628/628/628 237/237/237 627/627/627
f 235/235/235 628/628/628 622/622/622
f 277/277/277 1302/1302/1302 615/615/615
f 277/277/277 261/261/261 1302/1302/1302
f 261/261/261 384/384/384 1302/1302/1302
f 1302/1302/1302 384/384/384 615/615/615
f 535/535/535 618/618/618 384/384/384
f 535/535/535 537/537/537 618/618/618
f 615/615/615 384/384/384 618/618/618
f 1303/1303/1303 1304/1304/1304 1305/1305/1305
f 834/834/834 837/837/837 344/344/344
f 1303/1303/1303 1306/1306/1306 1307/1307/1307
f 1305/1305/1305 1306/1306/1306 1303/1303/1303
f 344/344/344 837/837/837 302/302/302
f 1308/1308/1308 837/837/837 838/838/838
f 715/715/715 1134/1134/1134 1309/1309/1309
f 715/715/715 1309/1309/1309 716/716/716
f 324/324/324 1308/1308/1308 838/838/838
f 324/324/324 1160/1160/1160 1308/1308/1308
f 1310/1310/1310 1135/1135/1135 1139/1139/1139
f 1134/1134/1134 1135/1135/1135 1310/1310/1310
f 1308/1308/1308 1160/1160/1160 837/837/837
f 210/210/210 875/875/875 8/8/8
f 875/875/875 217/217/217 1166/1166/1166
f 8/8/8 875/875/875 1166/1166/1166
f 219/219/219 220/220/220 1247/1247/1247
f 1247/1247/1247 220/220/220 1184/1184/1184
f 217/217/217 219/219/219 1311/1311/1311
f 228/228/228 340/340/340 231/231/231
f 1312/1312/1312 600/600/600 597/597/597
f 1313/1313/1313 1312/1312/1312 597/597/597
f 1312/1312/1312 1313/1313/1313 602/602/602
f 600/600/600 1312/1312/1312 602/602/602
f 1314/1314/1314 1313/1313/1313 1315/1315/1315
f 601/601/601 1314/1314/1314 1315/1315/1315
f 602/602/602 1314/1314/1314 601/601/601
f 602/602/602 1313/1313/1313 1314/1314/1314
f 601/601/601 1315/1315/1315 1316/1316/1316
f 585/585/585 586/586/586 1265/1265/1265
f 380/380/380 381/381/381 388/388/388
f 1311/1311/1311 219/219/219 1157/1157/1157
f 1311/1311/1311 1157/1157/1157 1183/1183/1183
f 217/217/217 1311/1311/1311 1183/1183/1183
f 1137/1137/1137 39/39/39 1317/1317/1317
f 1317/1317/1317 39/39/39 41/41/41
f 41/41/41 1189/1189/1189 1317/1317/1317
f 1317/1317/1317 1189/1189/1189 1137/1137/1137
f 436/436/436 1318/1318/1318 437/437/437
f 436/436/436 433/433/433 1318/1318/1318
f 433/433/433 269/269/269 1318/1318/1318
f 1318/1318/1318 269/269/269 437/437/437
f 277/277/277 442/442/442 269/269/269
f 277/277/277 441/441/441 442/442/442
f 437/437/437 269/269/269 442/442/442
f 1174/1174/1174 329/329/329 1319/1319/1319
f 1319/1319/1319 329/329/329 109/109/109
f 109/109/109 1188/1188/1188 1319/1319/1319
f 1319/1319/1319 1188/1188/1188 1174/1174/1174
f 597/597/597 1320/1320/1320 1313/1313/1313
f 354/354/354 1321/1321/1321 1322/1322/1322
f 1323/1323/1323 732/732/732 1324/1324/1324
f 730/730/730 732/732/732 1323/1323/1323
f 1176/1176/1176 730/730/730 1323/1323/1323
f 1176/1176/1176 1323/1323/1323 1324/1324/1324
f 354/354/354 353/353/353 1321/1321/1321
f 597/597/597 596/596/596 1320/1320/1320
f 1325/1325/1325 253/253/253 1188/1188/1188
f 109/109/109 1325/1325/1325 1188/1188/1188
f 19/19/19 1175/1175/1175 1326/1326/1326
f 1326/1326/1326 1175/1175/1175 1190/1190/1190
f 1326/1326/1326 1190/1190/1190 35/35/35
f 19/19/19 1326/1326/1326 35/35/35
f 1195/1195/1195 1193/1193/1193 1327/1327/1327
f 282/282/282 283/283/283 287/287/287
f 1327/1327/1327 1193/1193/1193 1194/1194/1194
f 1197/1197/1197 1327/1327/1327 1194/1194/1194
f 1197/1197/1197 1195/1195/1195 1327/1327/1327
f 1328/1328/1328 1269/1269/1269 799/799/799
f 287/287/287 288/288/288 1180/1180/1180
f 288/288/288 290/290/290 1180/1180/1180
f 1198/1198/1198 1328/1328/1328 799/799/799
f 1198/1198/1198 1194/1194/1194 1328/1328/1328
f 1178/1178/1178 1329/1329/1329 1138/1138/1138
f 1329/1329/1329 624/624/624 1138/1138/1138
f 1330/1330/1330 627/627/627 237/237/237
f 341/341/341 1330/1330/1330 237/237/237
f 541/541/541 1330/1330/1330 341/341/341
f 541/541/541 627/627/627 1330/1330/1330
f 1328/1328/1328 1194/1194/1194 1269/1269/1269
f 808/808/808 1331/1331/1331 145/145/145
f 808/808/808 144/144/144 1331/1331/1331
f 141/141/141 1331/1331/1331 144/144/144
f 141/141/141 145/145/145 1331/1331/1331
f 1332/1332/1332 1200/1200/1200 1202/1202/1202
f 603/603/603 1332/1332/1332 1202/1202/1202
f 592/592/592 1332/1332/1332 603/603/603
f 592/592/592 1200/1200/1200 1332/1332/1332
f 1333/1333/1333 200/200/200 137/137/137
f 657/657/657 285/285/285 283/283/283
f 284/284/284 657/657/657 283/283/283
f 657/657/657 650/650/650 285/285/285
f 653/653/653 624/624/624 291/291/291
f 285/285/285 653/653/653 291/291/291
f 650/650/650 653/653/653 285/285/285
f 140/140/140 1333/1333/1333 137/137/137
f 140/140/140 1163/1163/1163 1333/1333/1333
f 1333/1333/1333 1163/1163/1163 200/200/200
f 303/303/303 1184/1184/1184 588/588/588
f 588/588/588 1184/1184/1184 220/220/220
f 220/220/220 223/223/223 588/588/588
f 1203/1203/1203 1334/1334/1334 1335/1335/1335
f 1335/1335/1335 1334/1334/1334 807/807/807
f 570/570/570 1335/1335/1335 807/807/807
f 570/570/570 1203/1203/1203 1335/1335/1335
f 1336/1336/1336 1304/1304/1304 1303/1303/1303
f 1307/1307/1307 1336/1336/1336 1303/1303/1303
f 691/691/691 1337/1337/1337 692/692/692
f 691/691/691 1338/1338/1338 1337/1337/1337
f 666/666/666 1339/1339/1339 192/192/192
f 194/194/194 666/666/666 192/192/192
f 664/664/664 1339/1339/1339 666/666/666
f 540/540/540 341/341/341 342/342/342
f 540/540/540 342/342/342 564/564/564
f 342/342/342 340/340/340 564/564/564
f 595/595/595 1340/1340/1340 196/196/196
f 595/595/595 600/600/600 1340/1340/1340
f 271/271/271 664/664/664 663/663/663
f 433/433/433 1341/1341/1341 1342/1342/1342
f 1342/1342/1342 1341/1341/1341 1339/1339/1339
f 664/664/664 1342/1342/1342 1339/1339/1339
f 664/664/664 433/433/433 1342/1342/1342
f 147/147/147 948/948/948 148/148/148
f 655/655/655 280/280/280 658/658/658
f 595/595/595 196/196/196 195/195/195
f 195/195/195 644/644/644 595/595/595
f 601/601/601 1316/1316/1316 1343/1343/1343
f 1343/1343/1343 1316/1316/1316 353/353/353
f 353/353/353 361/361/361 1343/1343/1343
f 1343/1343/1343 361/361/361 601/601/601
f 361/361/361 265/265/265 601/601/601
f 361/361/361 266/266/266 265/265/265
f 601/601/601 265/265/265 268/268/268
f 632/632/632 630/630/630 634/634/634
f 575/575/575 634/634/634 612/612/612
f 1344/1344/1344 807/807/807 813/813/813
f 304/304/304 1344/1344/1344 813/813/813
f 304/304/304 570/570/570 1344/1344/1344
f 1344/1344/1344 570/570/570 807/807/807
f 221/221/221 809/809/809 1345/1345/1345
f 1345/1345/1345 809/809/809 1203/1203/1203
f 1124/1124/1124 1176/1176/1176 1346/1346/1346
f 1346/1346/1346 1176/1176/1176 1324/1324/1324
f 857/857/857 1347/1347/1347 968/968/968
f 857/857/857 967/967/967 1347/1347/1347
f 536/536/536 1288/1288/1288 538/538/538
f 538/538/538 1288/1288/1288 543/543/543
f 387/387/387 535/535/535 384/384/384
f 1345/1345/1345 1203/1203/1203 305/305/305
f 221/221/221 1345/1345/1345 305/305/305
f 211/211/211 876/876/876 214/214/214
f 809/809/809 808/808/808 1334/1334/1334
f 1334/1334/1334 808/808/808 807/807/807
f 1203/1203/1203 809/809/809 1334/1334/1334
f 811/811/811 1348/1348/1348 812/812/812
f 811/811/811 807/807/807 1348/1348/1348
f 643/643/643 1294/1294/1294 644/644/644
f 807/807/807 145/145/145 1348/1348/1348
f 1348/1348/1348 145/145/145 812/812/812
f 816/816/816 1349/1349/1349 145/145/145
f 816/816/816 815/815/815 1349/1349/1349
f 58/58/58 1322/1322/1322 56/56/56
f 354/354/354 1322/1322/1322 58/58/58
f 812/812/812 1349/1349/1349 815/815/815
f 812/812/812 145/145/145 1349/1349/1349
f 799/799/799 1269/1269/1269 1350/1350/1350
f 1350/1350/1350 1269/1269/1269 1271/1271/1271
f 436/436/436 438/438/438 1341/1341/1341
f 433/433/433 436/436/436 1341/1341/1341
f 272/272/272 433/433/433 664/664/664
f 271/271/271 272/272/272 664/664/664
f 1271/1271/1271 1276/1276/1276 1350/1350/1350
f 1350/1350/1350 1276/1276/1276 799/799/799
f 971/971/971 973/973/973 1029/1029/1029
f 151/151/151 972/972/972 971/971/971
f 503/503/503 708/708/708 974/974/974
f 974/974/974 708/708/708 941/941/941
g FFRoute021
s 1
f 1351/1351/1351 1352/1352/1352 1353/1353/1353
f 1354/1354/1354 1355/1355/1355 1356/1356/1356
f 1354/1354/1354 1356/1356/1356 1357/1357/1357
f 1358/1358/1358 1359/1359/1359 1356/1356/1356
f 1359/1359/1359 1357/1357/1357 1356/1356/1356
f 1360/1360/1360 1361/1361/1361 1362/1362/1362
f 1363/1363/1363 1364/1364/1364 1365/1365/1365
f 1358/1358/1358 1366/1366/1366 1367/1367/1367
f 1367/1367/1367 1359/1359/1359 1358/1358/1358
f 1368/1368/1368 1369/1369/1369 1370/1370/1370
f 1369/1369/1369 1371/1371/1371 1370/1370/1370
f 1363/1363/1363 1365/1365/1365 1372/1372/1372
f 1373/1373/1373 1351/1351/1351 1372/1372/1372
f 1374/1374/1374 1375/1375/1375 1376/1376/1376
f 1377/1377/1377 1378/1378/1378 1379/1379/1379
f 1380/1380/1380 1381/1381/1381 1382/1382/1382
f 1383/1383/1383 1384/1384/1384 1385/1385/1385
f 1386/1386/1386 1387/1387/1387 1388/1388/1388
f 1389/1389/1389 1390/1390/1390 1391/1391/1391
f 1388/1388/1388 1392/1392/1392 1393/1393/1393
f 1394/1394/1394 1395/1395/1395 1396/1396/1396
f 1394/1394/1394 1396/1396/1396 1397/1397/1397
f 1396/1396/1396 1395/1395/1395 1398/1398/1398
f 1396/1396/1396 1398/1398/1398 1399/1399/1399
f 1400/1400/1400 1401/1401/1401 1402/1402/1402
f 1403/1403/1403 1404/1404/1404 1405/1405/1405
f 1406/1406/1406 1407/1407/1407 1408/1408/1408
f 1409/1409/1409 1407/1407/1407 1406/1406/1406
f 1410/1410/1410 1409/1409/1409 1406/1406/1406
f 1410/1410/1410 1411/1411/1411 1412/1412/1412
f 1411/1411/1411 1413/1413/1413 1412/1412/1412
f 1414/1414/1414 1411/1411/1411 1410/1410/1410
f 1415/1415/1415 1414/1414/1414 1410/1410/1410
f 1408/1408/1408 1414/1414/1414 1415/1415/1415
f 1415/1415/1415 1406/1406/1406 1408/1408/1408
f 1410/1410/1410 1406/1406/1406 1415/1415/1415
f 1371/1371/1371 1416/1416/1416 1417/1417/1417
f 1416/1416/1416 1418/1418/1418 1417/1417/1417
f 1364/1364/1364 1419/1419/1419 1420/1420/1420
f 1364/1364/1364 1420/1420/1420 1365/1365/1365
f 1421/1421/1421 1422/1422/1422 1423/1423/1423
f 1424/1424/1424 1421/1421/1421 1370/1370/1370
f 1421/1421/1421 1423/1423/1423 1370/1370/1370
f 1425/1425/1425 1426/1426/1426 1427/1427/1427
f 1425/1425/1425 1428/1428/1428 1426/1426/1426
f 1429/1429/1429 1428/1428/1428 1425/1425/1425
f 1430/1430/1430 1431/1431/1431 1432/1432/1432
f 1430/1430/1430 1432/1432/1432 1433/1433/1433
f 1432/1432/1432 1434/1434/1434 1433/1433/1433
f 1431/1431/1431 1434/1434/1434 1432/1432/1432
f 1435/1435/1435 1431/1431/1431 1430/1430/1430
f 1436/1436/1436 1437/1437/1437 1435/1435/1435
f 1436/1436/1436 1435/1435/1435 1430/1430/1430
f 1438/1438/1438 1437/1437/1437 1436/1436/1436
f 1439/1439/1439 1437/1437/1437 1438/1438/1438
f 1438/1438/1438 1440/1440/1440 1439/1439/1439
f 1436/1436/1436 1440/1440/1440 1438/1438/1438
f 1441/1441/1441 1430/1430/1430 1433/1433/1433
f 1436/1436/1436 1430/1430/1430 1441/1441/1441
f 1441/1441/1441 1442/1442/1442 1436/1436/1436
f 1443/1443/1443 1351/1351/1351 1373/1373/1373
f 1443/1443/1443 1444/1444/1444 1351/1351/1351
f 1445/1445/1445 1444/1444/1444 1443/1443/1443
f 1360/1360/1360 1362/1362/1362 1446/1446/1446
f 1447/1447/1447 1448/1448/1448 1446/1446/1446
f 1449/1449/1449 1450/1450/1450 1451/1451/1451
f 1449/1449/1449 1451/1451/1451 1452/1452/1452
f 1388/1388/1388 1453/1453/1453 1454/1454/1454
f 1454/1454/1454 1455/1455/1455 1389/1389/1389
f 1387/1387/1387 1456/1456/1456 1388/1388/1388
f 1456/1456/1456 1453/1453/1453 1388/1388/1388
f 1387/1387/1387 1457/1457/1457 1456/1456/1456
f 1458/1458/1458 1459/1459/1459 1460/1460/1460
f 1461/1461/1461 1462/1462/1462 1399/1399/1399
f 1458/1458/1458 1462/1462/1462 1461/1461/1461
f 1458/1458/1458 1461/1461/1461 1463/1463/1463
f 1464/1464/1464 1394/1394/1394 1397/1397/1397
f 1465/1465/1465 1462/1462/1462 1405/1405/1405
f 1466/1466/1466 1462/1462/1462 1465/1465/1465
f 1465/1465/1465 1404/1404/1404 1466/1466/1466
f 1405/1405/1405 1404/1404/1404 1465/1465/1465
f 1467/1467/1467 1462/1462/1462 1466/1466/1466
f 1467/1467/1467 1468/1468/1468 1469/1469/1469
f 1470/1470/1470 1460/1460/1460 1471/1471/1471
f 1405/1405/1405 1460/1460/1460 1470/1470/1470
f 1405/1405/1405 1470/1470/1470 1472/1472/1472
f 1470/1470/1470 1471/1471/1471 1472/1472/1472
f 1462/1462/1462 1473/1473/1473 1405/1405/1405
f 1473/1473/1473 1460/1460/1460 1405/1405/1405
f 1473/1473/1473 1458/1458/1458 1460/1460/1460
f 1462/1462/1462 1458/1458/1458 1473/1473/1473
f 1474/1474/1474 1475/1475/1475 1476/1476/1476
f 1437/1437/1437 1477/1477/1477 1435/1435/1435
f 1478/1478/1478 1479/1479/1479 1480/1480/1480
f 1478/1478/1478 1480/1480/1480 1481/1481/1481
f 1481/1481/1481 1480/1480/1480 1482/1482/1482
f 1448/1448/1448 1483/1483/1483 1484/1484/1484
f 1485/1485/1485 1486/1486/1486 1487/1487/1487
f 1488/1488/1488 1485/1485/1485 1487/1487/1487
f 1489/1489/1489 1490/1490/1490 1491/1491/1491
f 1492/1492/1492 1493/1493/1493 1494/1494/1494
f 1495/1495/1495 1496/1496/1496 1497/1497/1497
f 1498/1498/1498 1499/1499/1499 1500/1500/1500
f 1501/1501/1501 1502/1502/1502 1498/1498/1498
f 1503/1503/1503 1504/1504/1504 1505/1505/1505
f 1506/1506/1506 1505/1505/1505 1507/1507/1507
f 1503/1503/1503 1505/1505/1505 1506/1506/1506
f 1506/1506/1506 1508/1508/1508 1503/1503/1503
f 1507/1507/1507 1508/1508/1508 1506/1506/1506
f 1442/1442/1442 1509/1509/1509 1436/1436/1436
f 1510/1510/1510 1419/1419/1419 1511/1511/1511
f 1512/1512/1512 1513/1513/1513 1514/1514/1514
f 1512/1512/1512 1514/1514/1514 1515/1515/1515
f 1516/1516/1516 1511/1511/1511 1358/1358/1358
f 1516/1516/1516 1356/1356/1356 1355/1355/1355
f 1358/1358/1358 1356/1356/1356 1516/1516/1516
f 1381/1381/1381 1517/1517/1517 1382/1382/1382
f 1517/1517/1517 1518/1518/1518 1382/1382/1382
f 1454/1454/1454 1453/1453/1453 1519/1519/1519
f 1456/1456/1456 1457/1457/1457 1520/1520/1520
f 1521/1521/1521 1437/1437/1437 1522/1522/1522
f 1523/1523/1523 1524/1524/1524 1525/1525/1525
f 1526/1526/1526 1527/1527/1527 1524/1524/1524
f 1528/1528/1528 1524/1524/1524 1523/1523/1523
f 1523/1523/1523 1529/1529/1529 1530/1530/1530
f 1530/1530/1530 1531/1531/1531 1532/1532/1532
f 1523/1523/1523 1533/1533/1533 1534/1534/1534
f 1523/1523/1523 1535/1535/1535 1529/1529/1529
f 1535/1535/1535 1534/1534/1534 1536/1536/1536
f 1523/1523/1523 1534/1534/1534 1535/1535/1535
f 1537/1537/1537 1538/1538/1538 1539/1539/1539
f 1540/1540/1540 1537/1537/1537 1541/1541/1541
f 1494/1494/1494 1537/1537/1537 1540/1540/1540
f 1542/1542/1542 1537/1537/1537 1539/1539/1539
f 1541/1541/1541 1537/1537/1537 1543/1543/1543
f 1544/1544/1544 1543/1543/1543 1542/1542/1542
f 1543/1543/1543 1537/1537/1537 1542/1542/1542
f 1545/1545/1545 1529/1529/1529 1546/1546/1546
f 1547/1547/1547 1546/1546/1546 1536/1536/1536
f 1548/1548/1548 1529/1529/1529 1545/1545/1545
f 1549/1549/1549 1550/1550/1550 1541/1541/1541
f 1544/1544/1544 1551/1551/1551 1549/1549/1549
f 1550/1550/1550 1552/1552/1552 1541/1541/1541
f 1552/1552/1552 1553/1553/1553 1541/1541/1541
f 1554/1554/1554 1553/1553/1553 1552/1552/1552
f 1555/1555/1555 1556/1556/1556 1557/1557/1557
f 1558/1558/1558 1556/1556/1556 1555/1555/1555
f 1545/1545/1545 1556/1556/1556 1558/1558/1558
f 1558/1558/1558 1548/1548/1548 1545/1545/1545
f 1555/1555/1555 1548/1548/1548 1558/1558/1558
f 1545/1545/1545 1559/1559/1559 1560/1560/1560
f 1545/1545/1545 1561/1561/1561 1556/1556/1556
f 1561/1561/1561 1562/1562/1562 1556/1556/1556
f 1561/1561/1561 1560/1560/1560 1562/1562/1562
f 1545/1545/1545 1560/1560/1560 1561/1561/1561
f 1563/1563/1563 1550/1550/1550 1564/1564/1564
f 1554/1554/1554 1563/1563/1563 1565/1565/1565
f 1566/1566/1566 1550/1550/1550 1567/1567/1567
f 1564/1564/1564 1550/1550/1550 1568/1568/1568
f 1564/1564/1564 1568/1568/1568 1569/1569/1569
f 1569/1569/1569 1568/1568/1568 1566/1566/1566
f 1568/1568/1568 1550/1550/1550 1566/1566/1566
f 1570/1570/1570 1571/1571/1571 1569/1569/1569
f 1572/1572/1572 1570/1570/1570 1573/1573/1573
f 1574/1574/1574 1575/1575/1575 1576/1576/1576
f 1392/1392/1392 1577/1577/1577 1578/1578/1578
f 1392/1392/1392 1578/1578/1578 1393/1393/1393
f 1414/1414/1414 1579/1579/1579 1411/1411/1411
f 1579/1579/1579 1413/1413/1413 1411/1411/1411
f 1424/1424/1424 1580/1580/1580 1421/1421/1421
f 1580/1580/1580 1422/1422/1422 1421/1421/1421
f 1428/1428/1428 1581/1581/1581 1582/1582/1582
f 1428/1428/1428 1582/1582/1582 1583/1583/1583
f 1584/1584/1584 1585/1585/1585 1409/1409/1409
f 1585/1585/1585 1407/1407/1407 1409/1409/1409
f 1426/1426/1426 1586/1586/1586 1587/1587/1587
f 1588/1588/1588 1426/1426/1426 1587/1587/1587
f 1588/1588/1588 1587/1587/1587 1589/1589/1589
f 1590/1590/1590 1591/1591/1591 1589/1589/1589
f 1586/1586/1586 1591/1591/1591 1590/1590/1590
f 1587/1587/1587 1586/1586/1586 1590/1590/1590
f 1587/1587/1587 1590/1590/1590 1589/1589/1589
f 1592/1592/1592 1591/1591/1591 1593/1593/1593
f 1589/1589/1589 1591/1591/1591 1592/1592/1592
f 1589/1589/1589 1592/1592/1592 1594/1594/1594
f 1592/1592/1592 1593/1593/1593 1594/1594/1594
f 1586/1586/1586 1583/1583/1583 1595/1595/1595
f 1586/1586/1586 1595/1595/1595 1591/1591/1591
f 1596/1596/1596 1597/1597/1597 1409/1409/1409
f 1597/1597/1597 1584/1584/1584 1409/1409/1409
f 1598/1598/1598 1599/1599/1599 1436/1436/1436
f 1599/1599/1599 1600/1600/1600 1436/1436/1436
f 1439/1439/1439 1601/1601/1601 1522/1522/1522
f 1601/1601/1601 1602/1602/1602 1522/1522/1522
f 1440/1440/1440 1602/1602/1602 1601/1601/1601
f 1440/1440/1440 1601/1601/1601 1439/1439/1439
f 1505/1505/1505 1603/1603/1603 1604/1604/1604
f 1604/1604/1604 1603/1603/1603 1354/1354/1354
f 1603/1603/1603 1355/1355/1355 1354/1354/1354
f 1427/1427/1427 1352/1352/1352 1605/1605/1605
f 1605/1605/1605 1425/1425/1425 1427/1427/1427
f 1429/1429/1429 1425/1425/1425 1605/1605/1605
f 1606/1606/1606 1604/1604/1604 1354/1354/1354
f 1594/1594/1594 1604/1604/1604 1606/1606/1606
f 1594/1594/1594 1606/1606/1606 1589/1589/1589
f 1589/1589/1589 1607/1607/1607 1357/1357/1357
f 1607/1607/1607 1354/1354/1354 1357/1357/1357
f 1607/1607/1607 1606/1606/1606 1354/1354/1354
f 1589/1589/1589 1606/1606/1606 1607/1607/1607
f 1588/1588/1588 1608/1608/1608 1427/1427/1427
f 1427/1427/1427 1608/1608/1608 1352/1352/1352
f 1589/1589/1589 1357/1357/1357 1609/1609/1609
f 1589/1589/1589 1609/1609/1609 1588/1588/1588
f 1588/1588/1588 1609/1609/1609 1608/1608/1608
f 1609/1609/1609 1357/1357/1357 1608/1608/1608
f 1433/1433/1433 1610/1610/1610 1441/1441/1441
f 1610/1610/1610 1442/1442/1442 1441/1441/1441
f 1444/1444/1444 1429/1429/1429 1611/1611/1611
f 1444/1444/1444 1611/1611/1611 1352/1352/1352
f 1605/1605/1605 1352/1352/1352 1611/1611/1611
f 1605/1605/1605 1611/1611/1611 1429/1429/1429
f 1351/1351/1351 1353/1353/1353 1612/1612/1612
f 1372/1372/1372 1351/1351/1351 1612/1612/1612
f 1372/1372/1372 1612/1612/1612 1363/1363/1363
f 1613/1613/1613 1357/1357/1357 1363/1363/1363
f 1353/1353/1353 1357/1357/1357 1613/1613/1613
f 1612/1612/1612 1353/1353/1353 1613/1613/1613
f 1612/1612/1612 1613/1613/1613 1363/1363/1363
f 1353/1353/1353 1352/1352/1352 1614/1614/1614
f 1353/1353/1353 1614/1614/1614 1357/1357/1357
f 1608/1608/1608 1357/1357/1357 1614/1614/1614
f 1608/1608/1608 1614/1614/1614 1352/1352/1352
f 1615/1615/1615 1357/1357/1357 1359/1359/1359
f 1363/1363/1363 1357/1357/1357 1615/1615/1615
f 1363/1363/1363 1615/1615/1615 1367/1367/1367
f 1615/1615/1615 1359/1359/1359 1367/1367/1367
f 1616/1616/1616 1617/1617/1617 1618/1618/1618
f 1616/1616/1616 1618/1618/1618 1619/1619/1619
f 1620/1620/1620 1619/1619/1619 1450/1450/1450
f 1616/1616/1616 1619/1619/1619 1620/1620/1620
f 1616/1616/1616 1620/1620/1620 1449/1449/1449
f 1620/1620/1620 1450/1450/1450 1449/1449/1449
f 1360/1360/1360 1621/1621/1621 1622/1622/1622
f 1616/1616/1616 1449/1449/1449 1622/1622/1622
f 1447/1447/1447 1623/1623/1623 1624/1624/1624
f 1447/1447/1447 1624/1624/1624 1448/1448/1448
f 1624/1624/1624 1625/1625/1625 1448/1448/1448
f 1626/1626/1626 1452/1452/1452 1360/1360/1360
f 1449/1449/1449 1452/1452/1452 1626/1626/1626
f 1622/1622/1622 1449/1449/1449 1626/1626/1626
f 1622/1622/1622 1626/1626/1626 1360/1360/1360
f 1627/1627/1627 1484/1484/1484 1360/1360/1360
f 1448/1448/1448 1484/1484/1484 1627/1627/1627
f 1446/1446/1446 1448/1448/1448 1627/1627/1627
f 1446/1446/1446 1627/1627/1627 1360/1360/1360
f 1360/1360/1360 1484/1484/1484 1628/1628/1628
f 1360/1360/1360 1628/1628/1628 1621/1621/1621
f 1629/1629/1629 1630/1630/1630 1494/1494/1494
f 1630/1630/1630 1537/1537/1537 1494/1494/1494
f 1446/1446/1446 1362/1362/1362 1631/1631/1631
f 1446/1446/1446 1631/1631/1631 1447/1447/1447
f 1360/1360/1360 1452/1452/1452 1632/1632/1632
f 1360/1360/1360 1632/1632/1632 1361/1361/1361
f 1511/1511/1511 1419/1419/1419 1633/1633/1633
f 1511/1511/1511 1633/1633/1633 1366/1366/1366
f 1366/1366/1366 1633/1633/1633 1364/1364/1364
f 1633/1633/1633 1419/1419/1419 1364/1364/1364
f 1363/1363/1363 1634/1634/1634 1364/1364/1364
f 1634/1634/1634 1366/1366/1366 1364/1364/1364
f 1367/1367/1367 1366/1366/1366 1634/1634/1634
f 1367/1367/1367 1634/1634/1634 1363/1363/1363
f 1373/1373/1373 1635/1635/1635 1636/1636/1636
f 1635/1635/1635 1365/1365/1365 1636/1636/1636
f 1372/1372/1372 1365/1365/1365 1635/1635/1635
f 1372/1372/1372 1635/1635/1635 1373/1373/1373
f 1637/1637/1637 1636/1636/1636 1445/1445/1445
f 1373/1373/1373 1636/1636/1636 1637/1637/1637
f 1637/1637/1637 1443/1443/1443 1373/1373/1373
f 1445/1445/1445 1443/1443/1443 1637/1637/1637
f 1638/1638/1638 1639/1639/1639 1640/1640/1640
f 1385/1385/1385 1638/1638/1638 1640/1640/1640
f 1385/1385/1385 1640/1640/1640 1383/1383/1383
f 1640/1640/1640 1639/1639/1639 1641/1641/1641
f 1640/1640/1640 1641/1641/1641 1383/1383/1383
f 1642/1642/1642 1643/1643/1643 1644/1644/1644
f 1518/1518/1518 1642/1642/1642 1644/1644/1644
f 1645/1645/1645 1646/1646/1646 1383/1383/1383
f 1647/1647/1647 1646/1646/1646 1645/1645/1645
f 1641/1641/1641 1647/1647/1647 1645/1645/1645
f 1641/1641/1641 1645/1645/1645 1383/1383/1383
f 1646/1646/1646 1648/1648/1648 1383/1383/1383
f 1648/1648/1648 1649/1649/1649 1383/1383/1383
f 1374/1374/1374 1496/1496/1496 1650/1650/1650
f 1374/1374/1374 1650/1650/1650 1375/1375/1375
f 1651/1651/1651 1377/1377/1377 1379/1379/1379
f 1643/1643/1643 1377/1377/1377 1651/1651/1651
f 1644/1644/1644 1643/1643/1643 1651/1651/1651
f 1644/1644/1644 1651/1651/1651 1379/1379/1379
f 1382/1382/1382 1518/1518/1518 1652/1652/1652
f 1382/1382/1382 1652/1652/1652 1379/1379/1379
f 1652/1652/1652 1644/1644/1644 1379/1379/1379
f 1518/1518/1518 1644/1644/1644 1652/1652/1652
f 1653/1653/1653 1654/1654/1654 1380/1380/1380
f 1653/1653/1653 1382/1382/1382 1379/1379/1379
f 1380/1380/1380 1382/1382/1382 1653/1653/1653
f 1654/1654/1654 1655/1655/1655 1380/1380/1380
f 1655/1655/1655 1638/1638/1638 1380/1380/1380
f 1557/1557/1557 1556/1556/1556 1656/1656/1656
f 1657/1657/1657 1638/1638/1638 1385/1385/1385
f 1380/1380/1380 1638/1638/1638 1657/1657/1657
f 1657/1657/1657 1384/1384/1384 1380/1380/1380
f 1385/1385/1385 1384/1384/1384 1657/1657/1657
f 1387/1387/1387 1658/1658/1658 1457/1457/1457
f 1659/1659/1659 1660/1660/1660 1661/1661/1661
f 1661/1661/1661 1525/1525/1525 1481/1481/1481
f 1660/1660/1660 1525/1525/1525 1661/1661/1661
f 1386/1386/1386 1662/1662/1662 1663/1663/1663
f 1386/1386/1386 1663/1663/1663 1387/1387/1387
f 1387/1387/1387 1663/1663/1663 1658/1658/1658
f 1663/1663/1663 1662/1662/1662 1658/1658/1658
f 1664/1664/1664 1662/1662/1662 1386/1386/1386
f 1665/1665/1665 1662/1662/1662 1664/1664/1664
f 1665/1665/1665 1664/1664/1664 1388/1388/1388
f 1664/1664/1664 1386/1386/1386 1388/1388/1388
f 1391/1391/1391 1577/1577/1577 1666/1666/1666
f 1391/1391/1391 1666/1666/1666 1389/1389/1389
f 1389/1389/1389 1666/1666/1666 1392/1392/1392
f 1666/1666/1666 1577/1577/1577 1392/1392/1392
f 1667/1667/1667 1577/1577/1577 1391/1391/1391
f 1668/1668/1668 1577/1577/1577 1667/1667/1667
f 1391/1391/1391 1390/1390/1390 1667/1667/1667
f 1388/1388/1388 1669/1669/1669 1670/1670/1670
f 1388/1388/1388 1670/1670/1670 1665/1665/1665
f 1388/1388/1388 1393/1393/1393 1671/1671/1671
f 1388/1388/1388 1671/1671/1671 1669/1669/1669
f 1672/1672/1672 1574/1574/1574 1673/1673/1673
f 1674/1674/1674 1392/1392/1392 1388/1388/1388
f 1389/1389/1389 1392/1392/1392 1674/1674/1674
f 1674/1674/1674 1454/1454/1454 1389/1389/1389
f 1388/1388/1388 1454/1454/1454 1674/1674/1674
f 1675/1675/1675 1676/1676/1676 1677/1677/1677
f 1678/1678/1678 1676/1676/1676 1675/1675/1675
f 1675/1675/1675 1677/1677/1677 1679/1679/1679
f 1532/1532/1532 1680/1680/1680 1678/1678/1678
f 1680/1680/1680 1676/1676/1676 1678/1678/1678
f 1531/1531/1531 1676/1676/1676 1680/1680/1680
f 1531/1531/1531 1680/1680/1680 1532/1532/1532
f 1681/1681/1681 1682/1682/1682 1683/1683/1683
f 1681/1681/1681 1540/1540/1540 1682/1682/1682
f 1494/1494/1494 1540/1540/1540 1681/1681/1681
f 1684/1684/1684 1685/1685/1685 1494/1494/1494
f 1685/1685/1685 1629/1629/1629 1494/1494/1494
f 1622/1622/1622 1621/1621/1621 1686/1686/1686
f 1622/1622/1622 1686/1686/1686 1616/1616/1616
f 1687/1687/1687 1688/1688/1688 1689/1689/1689
f 1688/1688/1688 1547/1547/1547 1536/1536/1536
f 1687/1687/1687 1547/1547/1547 1688/1688/1688
f 1687/1687/1687 1689/1689/1689 1690/1690/1690
f 1687/1687/1687 1690/1690/1690 1691/1691/1691
f 1691/1691/1691 1690/1690/1690 1692/1692/1692
f 1693/1693/1693 1694/1694/1694 1695/1695/1695
f 1696/1696/1696 1502/1502/1502 1693/1693/1693
f 1695/1695/1695 1694/1694/1694 1697/1697/1697
f 1544/1544/1544 1697/1697/1697 1551/1551/1551
f 1697/1697/1697 1694/1694/1694 1551/1551/1551
f 1397/1397/1397 1698/1698/1698 1699/1699/1699
f 1698/1698/1698 1468/1468/1468 1699/1699/1699
f 1469/1469/1469 1468/1468/1468 1698/1698/1698
f 1469/1469/1469 1698/1698/1698 1397/1397/1397
f 1700/1700/1700 1469/1469/1469 1397/1397/1397
f 1399/1399/1399 1469/1469/1469 1700/1700/1700
f 1700/1700/1700 1396/1396/1396 1399/1399/1399
f 1397/1397/1397 1396/1396/1396 1700/1700/1700
f 1462/1462/1462 1701/1701/1701 1399/1399/1399
f 1701/1701/1701 1469/1469/1469 1399/1399/1399
f 1701/1701/1701 1467/1467/1467 1469/1469/1469
f 1462/1462/1462 1467/1467/1467 1701/1701/1701
f 1702/1702/1702 1699/1699/1699 1703/1703/1703
f 1397/1397/1397 1699/1699/1699 1702/1702/1702
f 1702/1702/1702 1464/1464/1464 1397/1397/1397
f 1703/1703/1703 1464/1464/1464 1702/1702/1702
f 1704/1704/1704 1398/1398/1398 1463/1463/1463
f 1399/1399/1399 1398/1398/1398 1704/1704/1704
f 1704/1704/1704 1461/1461/1461 1399/1399/1399
f 1463/1463/1463 1461/1461/1461 1704/1704/1704
f 1463/1463/1463 1705/1705/1705 1706/1706/1706
f 1705/1705/1705 1395/1395/1395 1706/1706/1706
f 1398/1398/1398 1395/1395/1395 1705/1705/1705
f 1398/1398/1398 1705/1705/1705 1463/1463/1463
f 1707/1707/1707 1706/1706/1706 1459/1459/1459
f 1463/1463/1463 1706/1706/1706 1707/1707/1707
f 1707/1707/1707 1458/1458/1458 1463/1463/1463
f 1459/1459/1459 1458/1458/1458 1707/1707/1707
f 1708/1708/1708 1709/1709/1709 1710/1710/1710
f 1709/1709/1709 1711/1711/1711 1710/1710/1710
f 1712/1712/1712 1709/1709/1709 1708/1708/1708
f 1711/1711/1711 1713/1713/1713 1710/1710/1710
f 1713/1713/1713 1565/1565/1565 1710/1710/1710
f 1554/1554/1554 1565/1565/1565 1713/1713/1713
f 1403/1403/1403 1714/1714/1714 1404/1404/1404
f 1714/1714/1714 1715/1715/1715 1404/1404/1404
f 1404/1404/1404 1715/1715/1715 1716/1716/1716
f 1404/1404/1404 1716/1716/1716 1466/1466/1466
f 1466/1466/1466 1716/1716/1716 1717/1717/1717
f 1716/1716/1716 1715/1715/1715 1717/1717/1717
f 1718/1718/1718 1717/1717/1717 1468/1468/1468
f 1466/1466/1466 1717/1717/1717 1718/1718/1718
f 1718/1718/1718 1467/1467/1467 1466/1466/1466
f 1468/1468/1468 1467/1467/1467 1718/1718/1718
f 1490/1490/1490 1719/1719/1719 1474/1474/1474
f 1719/1719/1719 1475/1475/1475 1474/1474/1474
f 1487/1487/1487 1486/1486/1486 1720/1720/1720
f 1487/1487/1487 1720/1720/1720 1499/1499/1499
f 1721/1721/1721 1476/1476/1476 1722/1722/1722
f 1474/1474/1474 1476/1476/1476 1721/1721/1721
f 1723/1723/1723 1474/1474/1474 1721/1721/1721
f 1723/1723/1723 1721/1721/1721 1722/1722/1722
f 1724/1724/1724 1722/1722/1722 1725/1725/1725
f 1477/1477/1477 1726/1726/1726 1435/1435/1435
f 1726/1726/1726 1431/1431/1431 1435/1435/1435
f 1490/1490/1490 1727/1727/1727 1679/1679/1679
f 1727/1727/1727 1724/1724/1724 1679/1679/1679
f 1728/1728/1728 1722/1722/1722 1724/1724/1724
f 1723/1723/1723 1722/1722/1722 1728/1728/1728
f 1727/1727/1727 1723/1723/1723 1728/1728/1728
f 1727/1727/1727 1728/1728/1728 1724/1724/1724
f 1659/1659/1659 1482/1482/1482 1729/1729/1729
f 1659/1659/1659 1729/1729/1729 1730/1730/1730
f 1659/1659/1659 1730/1730/1730 1731/1731/1731
f 1731/1731/1731 1660/1660/1660 1659/1659/1659
f 1732/1732/1732 1660/1660/1660 1731/1731/1731
f 1733/1733/1733 1482/1482/1482 1659/1659/1659
f 1481/1481/1481 1482/1482/1482 1733/1733/1733
f 1733/1733/1733 1661/1661/1661 1481/1481/1481
f 1659/1659/1659 1661/1661/1661 1733/1733/1733
f 1734/1734/1734 1735/1735/1735 1488/1488/1488
f 1736/1736/1736 1735/1735/1735 1734/1734/1734
f 1735/1735/1735 1737/1737/1737 1488/1488/1488
f 1737/1737/1737 1485/1485/1485 1488/1488/1488
f 1624/1624/1624 1623/1623/1623 1738/1738/1738
f 1624/1624/1624 1738/1738/1738 1625/1625/1625
f 1739/1739/1739 1735/1735/1735 1736/1736/1736
f 1448/1448/1448 1625/1625/1625 1740/1740/1740
f 1448/1448/1448 1740/1740/1740 1483/1483/1483
f 1741/1741/1741 1676/1676/1676 1742/1742/1742
f 1531/1531/1531 1743/1743/1743 1742/1742/1742
f 1531/1531/1531 1742/1742/1742 1676/1676/1676
f 1489/1489/1489 1744/1744/1744 1745/1745/1745
f 1744/1744/1744 1741/1741/1741 1745/1745/1745
f 1491/1491/1491 1490/1490/1490 1746/1746/1746
f 1491/1491/1491 1746/1746/1746 1677/1677/1677
f 1679/1679/1679 1677/1677/1677 1746/1746/1746
f 1679/1679/1679 1746/1746/1746 1490/1490/1490
f 1747/1747/1747 1677/1677/1677 1676/1676/1676
f 1491/1491/1491 1677/1677/1677 1747/1747/1747
f 1748/1748/1748 1491/1491/1491 1747/1747/1747
f 1748/1748/1748 1747/1747/1747 1676/1676/1676
f 1749/1749/1749 1676/1676/1676 1741/1741/1741
f 1748/1748/1748 1676/1676/1676 1749/1749/1749
f 1744/1744/1744 1748/1748/1748 1749/1749/1749
f 1744/1744/1744 1749/1749/1749 1741/1741/1741
f 1750/1750/1750 1515/1515/1515 1492/1492/1492
f 1712/1712/1712 1515/1515/1515 1750/1750/1750
f 1712/1712/1712 1750/1750/1750 1751/1751/1751
f 1752/1752/1752 1492/1492/1492 1494/1494/1494
f 1683/1683/1683 1492/1492/1492 1752/1752/1752
f 1752/1752/1752 1681/1681/1681 1683/1683/1683
f 1494/1494/1494 1681/1681/1681 1752/1752/1752
f 1751/1751/1751 1753/1753/1753 1683/1683/1683
f 1753/1753/1753 1492/1492/1492 1683/1683/1683
f 1753/1753/1753 1750/1750/1750 1492/1492/1492
f 1751/1751/1751 1750/1750/1750 1753/1753/1753
f 1754/1754/1754 1751/1751/1751 1683/1683/1683
f 1755/1755/1755 1751/1751/1751 1754/1754/1754
f 1754/1754/1754 1682/1682/1682 1755/1755/1755
f 1683/1683/1683 1682/1682/1682 1754/1754/1754
f 1756/1756/1756 1751/1751/1751 1755/1755/1755
f 1553/1553/1553 1756/1756/1756 1541/1541/1541
f 1479/1479/1479 1757/1757/1757 1495/1495/1495
f 1757/1757/1757 1496/1496/1496 1495/1495/1495
f 1400/1400/1400 1758/1758/1758 1401/1401/1401
f 1758/1758/1758 1759/1759/1759 1401/1401/1401
f 1760/1760/1760 1495/1495/1495 1691/1691/1691
f 1479/1479/1479 1495/1495/1495 1760/1760/1760
f 1760/1760/1760 1692/1692/1692 1479/1479/1479
f 1691/1691/1691 1692/1692/1692 1760/1760/1760
f 1691/1691/1691 1495/1495/1495 1761/1761/1761
f 1691/1691/1691 1761/1761/1761 1687/1687/1687
f 1761/1761/1761 1497/1497/1497 1687/1687/1687
f 1495/1495/1495 1497/1497/1497 1761/1761/1761
f 1687/1687/1687 1497/1497/1497 1762/1762/1762
f 1687/1687/1687 1762/1762/1762 1374/1374/1374
f 1762/1762/1762 1496/1496/1496 1374/1374/1374
f 1497/1497/1497 1496/1496/1496 1762/1762/1762
f 1687/1687/1687 1374/1374/1374 1763/1763/1763
f 1763/1763/1763 1547/1547/1547 1687/1687/1687
f 1764/1764/1764 1547/1547/1547 1763/1763/1763
f 1765/1765/1765 1694/1694/1694 1501/1501/1501
f 1766/1766/1766 1694/1694/1694 1765/1765/1765
f 1694/1694/1694 1767/1767/1767 1501/1501/1501
f 1767/1767/1767 1502/1502/1502 1501/1501/1501
f 1502/1502/1502 1767/1767/1767 1693/1693/1693
f 1767/1767/1767 1694/1694/1694 1693/1693/1693
f 1768/1768/1768 1694/1694/1694 1766/1766/1766
f 1694/1694/1694 1768/1768/1768 1551/1551/1551
f 1768/1768/1768 1769/1769/1769 1551/1551/1551
f 1502/1502/1502 1770/1770/1770 1498/1498/1498
f 1770/1770/1770 1499/1499/1499 1498/1498/1498
f 1499/1499/1499 1770/1770/1770 1696/1696/1696
f 1770/1770/1770 1502/1502/1502 1696/1696/1696
f 1771/1771/1771 1512/1512/1512 1515/1515/1515
f 1708/1708/1708 1512/1512/1512 1771/1771/1771
f 1771/1771/1771 1712/1712/1712 1708/1708/1708
f 1515/1515/1515 1712/1712/1712 1771/1771/1771
f 1710/1710/1710 1772/1772/1772 1708/1708/1708
f 1772/1772/1772 1512/1512/1512 1708/1708/1708
f 1772/1772/1772 1773/1773/1773 1512/1512/1512
f 1710/1710/1710 1773/1773/1773 1772/1772/1772
f 1774/1774/1774 1576/1576/1576 1710/1710/1710
f 1775/1775/1775 1576/1576/1576 1774/1774/1774
f 1774/1774/1774 1565/1565/1565 1775/1775/1775
f 1710/1710/1710 1565/1565/1565 1774/1774/1774
f 1776/1776/1776 1576/1576/1576 1775/1775/1775
f 1673/1673/1673 1776/1776/1776 1564/1564/1564
f 1575/1575/1575 1513/1513/1513 1777/1777/1777
f 1575/1575/1575 1777/1777/1777 1576/1576/1576
f 1576/1576/1576 1778/1778/1778 1710/1710/1710
f 1778/1778/1778 1773/1773/1773 1710/1710/1710
f 1778/1778/1778 1777/1777/1777 1773/1773/1773
f 1576/1576/1576 1777/1777/1777 1778/1778/1778
f 1571/1571/1571 1779/1779/1779 1564/1564/1564
f 1779/1779/1779 1673/1673/1673 1564/1564/1564
f 1779/1779/1779 1672/1672/1672 1673/1673/1673
f 1571/1571/1571 1672/1672/1672 1779/1779/1779
f 1504/1504/1504 1355/1355/1355 1780/1780/1780
f 1504/1504/1504 1780/1780/1780 1505/1505/1505
f 1505/1505/1505 1780/1780/1780 1603/1603/1603
f 1780/1780/1780 1355/1355/1355 1603/1603/1603
f 1509/1509/1509 1781/1781/1781 1436/1436/1436
f 1781/1781/1781 1598/1598/1598 1436/1436/1436
f 1782/1782/1782 1510/1510/1510 1511/1511/1511
f 1355/1355/1355 1510/1510/1510 1782/1782/1782
f 1355/1355/1355 1782/1782/1782 1516/1516/1516
f 1782/1782/1782 1511/1511/1511 1516/1516/1516
f 1667/1667/1667 1390/1390/1390 1783/1783/1783
f 1667/1667/1667 1783/1783/1783 1668/1668/1668
f 1454/1454/1454 1519/1519/1519 1784/1784/1784
f 1454/1454/1454 1784/1784/1784 1455/1455/1455
f 1456/1456/1456 1520/1520/1520 1785/1785/1785
f 1456/1456/1456 1785/1785/1785 1453/1453/1453
f 1481/1481/1481 1786/1786/1786 1787/1787/1787
f 1786/1786/1786 1524/1524/1524 1787/1787/1787
f 1525/1525/1525 1524/1524/1524 1786/1786/1786
f 1525/1525/1525 1786/1786/1786 1481/1481/1481
f 1481/1481/1481 1787/1787/1787 1788/1788/1788
f 1481/1481/1481 1788/1788/1788 1478/1478/1478
f 1789/1789/1789 1790/1790/1790 1522/1522/1522
f 1790/1790/1790 1521/1521/1521 1522/1522/1522
f 1791/1791/1791 1660/1660/1660 1732/1732/1732
f 1791/1791/1791 1533/1533/1533 1523/1523/1523
f 1732/1732/1732 1533/1533/1533 1791/1791/1791
f 1724/1724/1724 1526/1526/1526 1792/1792/1792
f 1724/1724/1724 1792/1792/1792 1678/1678/1678
f 1792/1792/1792 1524/1524/1524 1678/1678/1678
f 1526/1526/1526 1524/1524/1524 1792/1792/1792
f 1678/1678/1678 1793/1793/1793 1532/1532/1532
f 1793/1793/1793 1528/1528/1528 1532/1532/1532
f 1793/1793/1793 1524/1524/1524 1528/1528/1528
f 1678/1678/1678 1524/1524/1524 1793/1793/1793
f 1794/1794/1794 1474/1474/1474 1723/1723/1723
f 1490/1490/1490 1474/1474/1474 1794/1794/1794
f 1490/1490/1490 1794/1794/1794 1727/1727/1727
f 1794/1794/1794 1723/1723/1723 1727/1727/1727
f 1795/1795/1795 1525/1525/1525 1660/1660/1660
f 1523/1523/1523 1525/1525/1525 1795/1795/1795
f 1523/1523/1523 1795/1795/1795 1791/1791/1791
f 1795/1795/1795 1660/1660/1660 1791/1791/1791
f 1796/1796/1796 1724/1724/1724 1678/1678/1678
f 1679/1679/1679 1724/1724/1724 1796/1796/1796
f 1796/1796/1796 1675/1675/1675 1679/1679/1679
f 1678/1678/1678 1675/1675/1675 1796/1796/1796
f 1724/1724/1724 1797/1797/1797 1526/1526/1526
f 1797/1797/1797 1527/1527/1527 1526/1526/1526
f 1797/1797/1797 1725/1725/1725 1527/1527/1527
f 1724/1724/1724 1725/1725/1725 1797/1797/1797
f 1798/1798/1798 1528/1528/1528 1523/1523/1523
f 1532/1532/1532 1528/1528/1528 1798/1798/1798
f 1798/1798/1798 1530/1530/1530 1532/1532/1532
f 1523/1523/1523 1530/1530/1530 1798/1798/1798
f 1730/1730/1730 1799/1799/1799 1692/1692/1692
f 1799/1799/1799 1479/1479/1479 1692/1692/1692
f 1729/1729/1729 1479/1479/1479 1799/1799/1799
f 1729/1729/1729 1799/1799/1799 1730/1730/1730
f 1531/1531/1531 1800/1800/1800 1743/1743/1743
f 1801/1801/1801 1743/1743/1743 1800/1800/1800
f 1801/1801/1801 1800/1800/1800 1529/1529/1529
f 1802/1802/1802 1730/1730/1730 1689/1689/1689
f 1533/1533/1533 1730/1730/1730 1802/1802/1802
f 1534/1534/1534 1533/1533/1533 1802/1802/1802
f 1534/1534/1534 1802/1802/1802 1689/1689/1689
f 1732/1732/1732 1803/1803/1803 1533/1533/1533
f 1803/1803/1803 1730/1730/1730 1533/1533/1533
f 1731/1731/1731 1730/1730/1730 1803/1803/1803
f 1731/1731/1731 1803/1803/1803 1732/1732/1732
f 1534/1534/1534 1689/1689/1689 1804/1804/1804
f 1534/1534/1534 1804/1804/1804 1536/1536/1536
f 1688/1688/1688 1536/1536/1536 1804/1804/1804
f 1688/1688/1688 1804/1804/1804 1689/1689/1689
f 1535/1535/1535 1536/1536/1536 1805/1805/1805
f 1535/1535/1535 1805/1805/1805 1529/1529/1529
f 1546/1546/1546 1529/1529/1529 1805/1805/1805
f 1546/1546/1546 1805/1805/1805 1536/1536/1536
f 1480/1480/1480 1479/1479/1479 1806/1806/1806
f 1480/1480/1480 1806/1806/1806 1482/1482/1482
f 1482/1482/1482 1806/1806/1806 1729/1729/1729
f 1806/1806/1806 1479/1479/1479 1729/1729/1729
f 1730/1730/1730 1692/1692/1692 1807/1807/1807
f 1730/1730/1730 1807/1807/1807 1689/1689/1689
f 1690/1690/1690 1689/1689/1689 1807/1807/1807
f 1690/1690/1690 1807/1807/1807 1692/1692/1692
f 1530/1530/1530 1529/1529/1529 1808/1808/1808
f 1530/1530/1530 1808/1808/1808 1531/1531/1531
f 1531/1531/1531 1808/1808/1808 1800/1800/1800
f 1808/1808/1808 1529/1529/1529 1800/1800/1800
f 1809/1809/1809 1487/1487/1487 1499/1499/1499
f 1488/1488/1488 1487/1487/1487 1809/1809/1809
f 1734/1734/1734 1488/1488/1488 1809/1809/1809
f 1734/1734/1734 1809/1809/1809 1499/1499/1499
f 1755/1755/1755 1682/1682/1682 1810/1810/1810
f 1810/1810/1810 1756/1756/1756 1755/1755/1755
f 1541/1541/1541 1756/1756/1756 1810/1810/1810
f 1695/1695/1695 1811/1811/1811 1736/1736/1736
f 1811/1811/1811 1539/1539/1539 1736/1736/1736
f 1811/1811/1811 1542/1542/1542 1539/1539/1539
f 1695/1695/1695 1542/1542/1542 1811/1811/1811
f 1539/1539/1539 1538/1538/1538 1812/1812/1812
f 1539/1539/1539 1812/1812/1812 1736/1736/1736
f 1812/1812/1812 1739/1739/1739 1736/1736/1736
f 1538/1538/1538 1739/1739/1739 1812/1812/1812
f 1696/1696/1696 1736/1736/1736 1813/1813/1813
f 1696/1696/1696 1813/1813/1813 1499/1499/1499
f 1813/1813/1813 1734/1734/1734 1499/1499/1499
f 1736/1736/1736 1734/1734/1734 1813/1813/1813
f 1814/1814/1814 1736/1736/1736 1696/1696/1696
f 1695/1695/1695 1736/1736/1736 1814/1814/1814
f 1814/1814/1814 1693/1693/1693 1695/1695/1695
f 1696/1696/1696 1693/1693/1693 1814/1814/1814
f 1815/1815/1815 1540/1540/1540 1541/1541/1541
f 1682/1682/1682 1540/1540/1540 1815/1815/1815
f 1810/1810/1810 1682/1682/1682 1815/1815/1815
f 1810/1810/1810 1815/1815/1815 1541/1541/1541
f 1816/1816/1816 1542/1542/1542 1695/1695/1695
f 1544/1544/1544 1542/1542/1542 1816/1816/1816
f 1816/1816/1816 1697/1697/1697 1544/1544/1544
f 1695/1695/1695 1697/1697/1697 1816/1816/1816
f 1817/1817/1817 1543/1543/1543 1544/1544/1544
f 1541/1541/1541 1543/1543/1543 1817/1817/1817
f 1817/1817/1817 1549/1549/1549 1541/1541/1541
f 1544/1544/1544 1549/1549/1549 1817/1817/1817
f 1741/1741/1741 1818/1818/1818 1801/1801/1801
f 1818/1818/1818 1743/1743/1743 1801/1801/1801
f 1818/1818/1818 1742/1742/1742 1743/1743/1743
f 1741/1741/1741 1742/1742/1742 1818/1818/1818
f 1819/1819/1819 1491/1491/1491 1748/1748/1748
f 1489/1489/1489 1491/1491/1491 1819/1819/1819
f 1489/1489/1489 1819/1819/1819 1744/1744/1744
f 1819/1819/1819 1748/1748/1748 1744/1744/1744
f 1820/1820/1820 1547/1547/1547 1764/1764/1764
f 1820/1820/1820 1559/1559/1559 1545/1545/1545
f 1764/1764/1764 1559/1559/1559 1820/1820/1820
f 1821/1821/1821 1741/1741/1741 1822/1822/1822
f 1745/1745/1745 1741/1741/1741 1821/1821/1821
f 1821/1821/1821 1823/1823/1823 1745/1745/1745
f 1822/1822/1822 1823/1823/1823 1821/1821/1821
f 1741/1741/1741 1801/1801/1801 1824/1824/1824
f 1741/1741/1741 1824/1824/1824 1822/1822/1822
f 1801/1801/1801 1529/1529/1529 1824/1824/1824
f 1825/1825/1825 1546/1546/1546 1547/1547/1547
f 1545/1545/1545 1546/1546/1546 1825/1825/1825
f 1545/1545/1545 1825/1825/1825 1820/1820/1820
f 1825/1825/1825 1547/1547/1547 1820/1820/1820
f 1826/1826/1826 1529/1529/1529 1548/1548/1548
f 1824/1824/1824 1529/1529/1529 1826/1826/1826
f 1824/1824/1824 1826/1826/1826 1822/1822/1822
f 1827/1827/1827 1548/1548/1548 1555/1555/1555
f 1827/1827/1827 1826/1826/1826 1548/1548/1548
f 1822/1822/1822 1826/1826/1826 1827/1827/1827
f 1769/1769/1769 1828/1828/1828 1551/1551/1551
f 1550/1550/1550 1828/1828/1828 1567/1567/1567
f 1828/1828/1828 1769/1769/1769 1567/1567/1567
f 1493/1493/1493 1829/1829/1829 1830/1830/1830
f 1829/1829/1829 1515/1515/1515 1830/1830/1830
f 1492/1492/1492 1515/1515/1515 1829/1829/1829
f 1492/1492/1492 1829/1829/1829 1493/1493/1493
f 1554/1554/1554 1831/1831/1831 1553/1553/1553
f 1831/1831/1831 1711/1711/1711 1553/1553/1553
f 1711/1711/1711 1831/1831/1831 1713/1713/1713
f 1831/1831/1831 1554/1554/1554 1713/1713/1713
f 1550/1550/1550 1832/1832/1832 1552/1552/1552
f 1832/1832/1832 1554/1554/1554 1552/1552/1552
f 1554/1554/1554 1832/1832/1832 1563/1563/1563
f 1832/1832/1832 1550/1550/1550 1563/1563/1563
f 1833/1833/1833 1830/1830/1830 1684/1684/1684
f 1493/1493/1493 1830/1830/1830 1833/1833/1833
f 1494/1494/1494 1493/1493/1493 1833/1833/1833
f 1494/1494/1494 1833/1833/1833 1684/1684/1684
f 1711/1711/1711 1751/1751/1751 1834/1834/1834
f 1711/1711/1711 1834/1834/1834 1553/1553/1553
f 1553/1553/1553 1834/1834/1834 1756/1756/1756
f 1834/1834/1834 1751/1751/1751 1756/1756/1756
f 1711/1711/1711 1835/1835/1835 1751/1751/1751
f 1835/1835/1835 1712/1712/1712 1751/1751/1751
f 1712/1712/1712 1835/1835/1835 1709/1709/1709
f 1835/1835/1835 1711/1711/1711 1709/1709/1709
f 1551/1551/1551 1836/1836/1836 1549/1549/1549
f 1836/1836/1836 1550/1550/1550 1549/1549/1549
f 1828/1828/1828 1550/1550/1550 1836/1836/1836
f 1828/1828/1828 1836/1836/1836 1551/1551/1551
f 1837/1837/1837 1557/1557/1557 1822/1822/1822
f 1555/1555/1555 1557/1557/1557 1837/1837/1837
f 1837/1837/1837 1827/1827/1827 1555/1555/1555
f 1822/1822/1822 1827/1827/1827 1837/1837/1837
f 1745/1745/1745 1823/1823/1823 1838/1838/1838
f 1745/1745/1745 1838/1838/1838 1489/1489/1489
f 1379/1379/1379 1839/1839/1839 1653/1653/1653
f 1839/1839/1839 1654/1654/1654 1653/1653/1653
f 1840/1840/1840 1374/1374/1374 1376/1376/1376
f 1559/1559/1559 1374/1374/1374 1840/1840/1840
f 1560/1560/1560 1559/1559/1559 1840/1840/1840
f 1560/1560/1560 1840/1840/1840 1376/1376/1376
f 1822/1822/1822 1557/1557/1557 1841/1841/1841
f 1822/1822/1822 1841/1841/1841 1823/1823/1823
f 1841/1841/1841 1656/1656/1656 1823/1823/1823
f 1557/1557/1557 1656/1656/1656 1841/1841/1841
f 1560/1560/1560 1376/1376/1376 1842/1842/1842
f 1560/1560/1560 1842/1842/1842 1562/1562/1562
f 1639/1639/1639 1843/1843/1843 1641/1641/1641
f 1843/1843/1843 1647/1647/1647 1641/1641/1641
f 1764/1764/1764 1844/1844/1844 1559/1559/1559
f 1844/1844/1844 1374/1374/1374 1559/1559/1559
f 1763/1763/1763 1374/1374/1374 1844/1844/1844
f 1763/1763/1763 1844/1844/1844 1764/1764/1764
f 1845/1845/1845 1498/1498/1498 1500/1500/1500
f 1501/1501/1501 1498/1498/1498 1845/1845/1845
f 1765/1765/1765 1501/1501/1501 1845/1845/1845
f 1765/1765/1765 1845/1845/1845 1500/1500/1500
f 1775/1775/1775 1565/1565/1565 1846/1846/1846
f 1846/1846/1846 1776/1776/1776 1775/1775/1775
f 1564/1564/1564 1776/1776/1776 1846/1846/1846
f 1847/1847/1847 1563/1563/1563 1564/1564/1564
f 1565/1565/1565 1563/1563/1563 1847/1847/1847
f 1846/1846/1846 1565/1565/1565 1847/1847/1847
f 1846/1846/1846 1847/1847/1847 1564/1564/1564
f 1573/1573/1573 1848/1848/1848 1766/1766/1766
f 1848/1848/1848 1567/1567/1567 1766/1766/1766
f 1848/1848/1848 1566/1566/1566 1567/1567/1567
f 1573/1573/1573 1566/1566/1566 1848/1848/1848
f 1567/1567/1567 1769/1769/1769 1849/1849/1849
f 1567/1567/1567 1849/1849/1849 1766/1766/1766
f 1849/1849/1849 1768/1768/1768 1766/1766/1766
f 1769/1769/1769 1768/1768/1768 1849/1849/1849
f 1850/1850/1850 1766/1766/1766 1851/1851/1851
f 1850/1850/1850 1851/1851/1851 1500/1500/1500
f 1851/1851/1851 1765/1765/1765 1500/1500/1500
f 1766/1766/1766 1765/1765/1765 1851/1851/1851
f 1852/1852/1852 1766/1766/1766 1850/1850/1850
f 1573/1573/1573 1766/1766/1766 1852/1852/1852
f 1852/1852/1852 1572/1572/1572 1573/1573/1573
f 1850/1850/1850 1572/1572/1572 1852/1852/1852
f 1853/1853/1853 1566/1566/1566 1573/1573/1573
f 1569/1569/1569 1566/1566/1566 1853/1853/1853
f 1853/1853/1853 1570/1570/1570 1569/1569/1569
f 1573/1573/1573 1570/1570/1570 1853/1853/1853
f 1500/1500/1500 1854/1854/1854 1850/1850/1850
f 1854/1854/1854 1572/1572/1572 1850/1850/1850
f 1670/1670/1670 1855/1855/1855 1856/1856/1856
f 1670/1670/1670 1856/1856/1856 1665/1665/1665
f 1773/1773/1773 1857/1857/1857 1512/1512/1512
f 1857/1857/1857 1513/1513/1513 1512/1512/1512
f 1777/1777/1777 1513/1513/1513 1857/1857/1857
f 1777/1777/1777 1857/1857/1857 1773/1773/1773
f 1858/1858/1858 1574/1574/1574 1576/1576/1576
f 1673/1673/1673 1574/1574/1574 1858/1858/1858
f 1673/1673/1673 1858/1858/1858 1776/1776/1776
f 1858/1858/1858 1576/1576/1576 1776/1776/1776
f 1572/1572/1572 1859/1859/1859 1570/1570/1570
f 1859/1859/1859 1571/1571/1571 1570/1570/1570
f 1670/1670/1670 1669/1669/1669 1860/1860/1860
f 1670/1670/1670 1860/1860/1860 1855/1855/1855
f 1600/1600/1600 1440/1440/1440 1436/1436/1436
f 1861/1861/1861 1862/1862/1862 1863/1863/1863
f 1759/1759/1759 1862/1862/1862 1861/1861/1861
f 1410/1410/1410 1596/1596/1596 1409/1409/1409
f 1412/1412/1412 1413/1413/1413 1864/1864/1864
f 1412/1412/1412 1596/1596/1596 1410/1410/1410
f 1423/1423/1423 1865/1865/1865 1368/1368/1368
f 1370/1370/1370 1423/1423/1423 1368/1368/1368
f 1417/1417/1417 1418/1418/1418 1424/1424/1424
f 1370/1370/1370 1371/1371/1371 1417/1417/1417
f 1370/1370/1370 1417/1417/1417 1424/1424/1424
f 1460/1460/1460 1459/1459/1459 1471/1471/1471
f 1472/1472/1472 1471/1471/1471 1866/1866/1866
f 1472/1472/1472 1403/1403/1403 1405/1405/1405
f 1866/1866/1866 1403/1403/1403 1472/1472/1472
f 1434/1434/1434 1867/1867/1867 1433/1433/1433
f 1447/1447/1447 1868/1868/1868 1623/1623/1623
f 1429/1429/1429 1581/1581/1581 1428/1428/1428
f 1426/1426/1426 1428/1428/1428 1583/1583/1583
f 1507/1507/1507 1505/1505/1505 1604/1604/1604
f 1445/1445/1445 1429/1429/1429 1444/1444/1444
f 1351/1351/1351 1444/1444/1444 1352/1352/1352
f 1358/1358/1358 1511/1511/1511 1366/1366/1366
f 1384/1384/1384 1381/1381/1381 1380/1380/1380
f 1389/1389/1389 1455/1455/1455 1390/1390/1390
f 1569/1569/1569 1571/1571/1571 1564/1564/1564
f 1422/1422/1422 1869/1869/1869 1423/1423/1423
f 1869/1869/1869 1865/1865/1865 1423/1423/1423
f 1426/1426/1426 1583/1583/1583 1586/1586/1586
f 1864/1864/1864 1870/1870/1870 1412/1412/1412
f 1870/1870/1870 1596/1596/1596 1412/1412/1412
f 1507/1507/1507 1593/1593/1593 1508/1508/1508
f 1593/1593/1593 1591/1591/1591 1508/1508/1508
f 1522/1522/1522 1602/1602/1602 1789/1789/1789
f 1522/1522/1522 1437/1437/1437 1439/1439/1439
f 1600/1600/1600 1602/1602/1602 1440/1440/1440
f 1507/1507/1507 1604/1604/1604 1594/1594/1594
f 1594/1594/1594 1593/1593/1593 1507/1507/1507
f 1427/1427/1427 1426/1426/1426 1588/1588/1588
g FFRoute022
s 1
f 1871/1871/1871 1872/1872/1872 1873/1873/1873
f 1874/1874/1874 1875/1875/1875 1876/1876/1876
f 1877/1877/1877 1878/1878/1878 1879/1879/1879
f 1880/1880/1880 1881/1881/1881 1882/1882/1882
f 1883/1883/1883 1877/1877/1877 1879/1879/1879
f 1884/1884/1884 1885/1885/1885 1886/1886/1886
f 1887/1887/1887 1881/1881/1881 1880/1880/1880
f 1888/1888/1888 1889/1889/1889 1890/1890/1890
f 1891/1891/1891 1892/1892/1892 1893/1893/1893
f 1893/1893/1893 1892/1892/1892 1894/1894/1894
f 1893/1893/1893 1894/1894/1894 1895/1895/1895
f 1887/1887/1887 1880/1880/1880 1896/1896/1896
f 1897/1897/1897 1898/1898/1898 1899/1899/1899
f 1880/1880/1880 1882/1882/1882 1896/1896/1896
f 1900/1900/1900 1901/1901/1901 1902/1902/1902
f 1891/1891/1891 1893/1893/1893 1895/1895/1895
f 1903/1903/1903 1904/1904/1904 1905/1905/1905
f 1905/1905/1905 1904/1904/1904 1906/1906/1906
f 1905/1905/1905 1906/1906/1906 1907/1907/1907
f 1903/1903/1903 1905/1905/1905 1907/1907/1907
f 1908/1908/1908 1909/1909/1909 1910/1910/1910
f 1911/1911/1911 1901/1901/1901 1900/1900/1900
f 1912/1912/1912 1913/1913/1913 1914/1914/1914
f 1915/1915/1915 1916/1916/1916 1917/1917/1917
f 1875/1875/1875 1918/1918/1918 1919/1919/1919
f 1920/1920/1920 1875/1875/1875 1919/1919/1919
f 1921/1921/1921 1922/1922/1922 1923/1923/1923
f 1924/1924/1924 1925/1925/1925 1926/1926/1926
f 1927/1927/1927 1928/1928/1928 1929/1929/1929
f 1930/1930/1930 1927/1927/1927 1929/1929/1929
f 1931/1931/1931 1932/1932/1932 1933/1933/1933
f 1931/1931/1931 1934/1934/1934 1932/1932/1932
f 1934/1934/1934 1935/1935/1935 1932/1932/1932
f 1936/1936/1936 1937/1937/1937 1938/1938/1938
f 1932/1932/1932 1935/1935/1935 1933/1933/1933
f 1939/1939/1939 1940/1940/1940 1941/1941/1941
f 1942/1942/1942 1939/1939/1939 1941/1941/1941
f 1943/1943/1943 1939/1939/1939 1942/1942/1942
f 1943/1943/1943 1940/1940/1940 1939/1939/1939
f 1944/1944/1944 1924/1924/1924 1926/1926/1926
f 1945/1945/1945 1946/1946/1946 1910/1910/1910
f 1947/1947/1947 1924/1924/1924 1944/1944/1944
f 1948/1948/1948 1949/1949/1949 1950/1950/1950
f 1929/1929/1929 1951/1951/1951 1933/1933/1933
f 1929/1929/1929 1928/1928/1928 1951/1951/1951
f 1952/1952/1952 1953/1953/1953 1954/1954/1954
f 1955/1955/1955 1952/1952/1952 1954/1954/1954
f 1956/1956/1956 1957/1957/1957 1958/1958/1958
f 1956/1956/1956 1959/1959/1959 1957/1957/1957
f 1959/1959/1959 1960/1960/1960 1957/1957/1957
f 1957/1957/1957 1960/1960/1960 1958/1958/1958
f 1956/1956/1956 1958/1958/1958 1961/1961/1961
f 1955/1955/1955 1956/1956/1956 1961/1961/1961
f 1955/1955/1955 1959/1959/1959 1956/1956/1956
f 1962/1962/1962 1958/1958/1958 1963/1963/1963
f 1959/1959/1959 1964/1964/1964 1960/1960/1960
f 1959/1959/1959 1954/1954/1954 1964/1964/1964
f 1954/1954/1954 1965/1965/1965 1964/1964/1964
f 1964/1964/1964 1965/1965/1965 1960/1960/1960
f 1948/1948/1948 1950/1950/1950 1966/1966/1966
f 1961/1961/1961 1958/1958/1958 1962/1962/1962
f 1962/1962/1962 1967/1967/1967 1961/1961/1961
f 1963/1963/1963 1967/1967/1967 1962/1962/1962
f 1950/1950/1950 1968/1968/1968 1966/1966/1966
f 1949/1949/1949 1968/1968/1968 1950/1950/1950
f 1944/1944/1944 1926/1926/1926 1969/1969/1969
f 1926/1926/1926 1925/1925/1925 1970/1970/1970
f 1971/1971/1971 1972/1972/1972 1973/1973/1973
f 1972/1972/1972 1936/1936/1936 1973/1973/1973
f 1969/1969/1969 1926/1926/1926 1970/1970/1970
f 1974/1974/1974 1895/1895/1895 1975/1975/1975
f 1910/1910/1910 1946/1946/1946 1908/1908/1908
f 1974/1974/1974 1891/1891/1891 1895/1895/1895
f 1976/1976/1976 1977/1977/1977 1978/1978/1978
f 1977/1977/1977 1979/1979/1979 1978/1978/1978
f 1977/1977/1977 1884/1884/1884 1979/1979/1979
f 1976/1976/1976 1884/1884/1884 1977/1977/1977
f 1980/1980/1980 1981/1981/1981 1885/1885/1885
f 1885/1885/1885 1981/1981/1981 1982/1982/1982
f 1981/1981/1981 1983/1983/1983 1982/1982/1982
f 1984/1984/1984 1980/1980/1980 1985/1985/1985
f 1902/1902/1902 1980/1980/1980 1984/1984/1984
f 1908/1908/1908 1946/1946/1946 1986/1986/1986
f 1945/1945/1945 1987/1987/1987 1988/1988/1988
f 1988/1988/1988 1987/1987/1987 1989/1989/1989
f 1984/1984/1984 1900/1900/1900 1902/1902/1902
f 1985/1985/1985 1900/1900/1900 1984/1984/1984
f 1990/1990/1990 1885/1885/1885 1991/1991/1991
f 1976/1976/1976 1991/1991/1991 1884/1884/1884
f 1991/1991/1991 1885/1885/1885 1884/1884/1884
f 1992/1992/1992 1993/1993/1993 1902/1902/1902
f 1994/1994/1994 1993/1993/1993 1992/1992/1992
f 1992/1992/1992 1995/1995/1995 1994/1994/1994
f 1989/1989/1989 1996/1996/1996 1988/1988/1988
f 1902/1902/1902 1995/1995/1995 1992/1992/1992
f 1988/1988/1988 1996/1996/1996 1945/1945/1945
f 1895/1895/1895 1894/1894/1894 1975/1975/1975
f 1997/1997/1997 1998/1998/1998 1871/1871/1871
f 1999/1999/1999 2000/2000/2000 2001/2001/2001
f 1999/1999/1999 2002/2002/2002 2000/2000/2000
f 2003/2003/2003 2002/2002/2002 1999/1999/1999
f 1945/1945/1945 2004/2004/2004 1946/1946/1946
f 1945/1945/1945 1996/1996/1996 2004/2004/2004
f 1997/1997/1997 2005/2005/2005 1998/1998/1998
f 1998/1998/1998 2005/2005/2005 2006/2006/2006
f 2007/2007/2007 2008/2008/2008 2009/2009/2009
f 2010/2010/2010 2008/2008/2008 2007/2007/2007
f 2011/2011/2011 2012/2012/2012 2013/2013/2013
f 2011/2011/2011 2014/2014/2014 2012/2012/2012
f 2012/2012/2012 2014/2014/2014 1872/1872/1872
f 2013/2013/2013 2012/2012/2012 1872/1872/1872
f 2015/2015/2015 2011/2011/2011 2016/2016/2016
f 2015/2015/2015 2014/2014/2014 2011/2011/2011
f 1961/1961/1961 1967/1967/1967 2017/2017/2017
f 1961/1961/1961 2017/2017/2017 1955/1955/1955
f 1955/1955/1955 2017/2017/2017 2018/2018/2018
f 2017/2017/2017 1967/1967/1967 2018/2018/2018
f 1873/1873/1873 1997/1997/1997 1871/1871/1871
f 2019/2019/2019 2020/2020/2020 2021/2021/2021
f 2022/2022/2022 2023/2023/2023 2024/2024/2024
f 2020/2020/2020 2025/2025/2025 2000/2000/2000
f 2026/2026/2026 2027/2027/2027 2028/2028/2028
f 2026/2026/2026 2028/2028/2028 1967/1967/1967
f 1967/1967/1967 2028/2028/2028 2029/2029/2029
f 2028/2028/2028 2027/2027/2027 2029/2029/2029
f 2030/2030/2030 2031/2031/2031 2032/2032/2032
f 2033/2033/2033 1890/1890/1890 2034/2034/2034
f 2033/2033/2033 2034/2034/2034 1949/1949/1949
f 2035/2035/2035 2031/2031/2031 2030/2030/2030
f 2036/2036/2036 2035/2035/2035 2030/2030/2030
f 2037/2037/2037 2038/2038/2038 2039/2039/2039
f 2040/2040/2040 2041/2041/2041 1949/1949/1949
f 2042/2042/2042 2043/2043/2043 2044/2044/2044
f 2045/2045/2045 2043/2043/2043 2042/2042/2042
f 2036/2036/2036 2030/2030/2030 2032/2032/2032
f 2046/2046/2046 1872/1872/1872 1871/1871/1871
f 2047/2047/2047 2040/2040/2040 1948/1948/1948
f 2040/2040/2040 1949/1949/1949 1948/1948/1948
f 2048/2048/2048 1912/1912/1912 1914/1914/1914
f 2049/2049/2049 2050/2050/2050 2051/2051/2051
f 2050/2050/2050 2052/2052/2052 2051/2051/2051
f 2053/2053/2053 2054/2054/2054 2055/2055/2055
f 2056/2056/2056 2052/2052/2052 2050/2050/2050
f 1914/1914/1914 2053/2053/2053 2057/2057/2057
f 2056/2056/2056 2050/2050/2050 2049/2049/2049
f 1933/1933/1933 2058/2058/2058 1931/1931/1931
f 2058/2058/2058 2059/2059/2059 1931/1931/1931
f 2060/2060/2060 2059/2059/2059 2058/2058/2058
f 2060/2060/2060 2058/2058/2058 1933/1933/1933
f 2059/2059/2059 2061/2061/2061 2062/2062/2062
f 2063/2063/2063 2038/2038/2038 2037/2037/2037
f 2061/2061/2061 2064/2064/2064 2062/2062/2062
f 2065/2065/2065 2064/2064/2064 2061/2061/2061
f 2065/2065/2065 2061/2061/2061 2059/2059/2059
f 2066/2066/2066 2067/2067/2067 2068/2068/2068
f 2069/2069/2069 2067/2067/2067 2066/2066/2066
f 2069/2069/2069 2066/2066/2066 2070/2070/2070
f 1876/1876/1876 1875/1875/1875 2071/2071/2071
f 1897/1897/1897 1876/1876/1876 2071/2071/2071
f 1882/1882/1882 1876/1876/1876 1897/1897/1897
f 2066/2066/2066 2068/2068/2068 2070/2070/2070
f 1897/1897/1897 2072/2072/2072 1896/1896/1896
f 1896/1896/1896 2072/2072/2072 1887/1887/1887
f 2073/2073/2073 2074/2074/2074 2069/2069/2069
f 1896/1896/1896 1882/1882/1882 1897/1897/1897
f 2074/2074/2074 2067/2067/2067 2069/2069/2069
f 2073/2073/2073 2075/2075/2075 2074/2074/2074
f 1976/1976/1976 1875/1875/1875 1901/1901/1901
f 2076/2076/2076 2077/2077/2077 1994/1994/1994
f 2076/2076/2076 2078/2078/2078 2077/2077/2077
f 2016/2016/2016 2011/2011/2011 2013/2013/2013
f 2075/2075/2075 2079/2079/2079 2080/2080/2080
f 1916/1916/1916 2081/2081/2081 1917/1917/1917
f 2080/2080/2080 2079/2079/2079 2082/2082/2082
f 1920/1920/1920 2083/2083/2083 1916/1916/1916
f 2084/2084/2084 1983/1983/1983 1981/1981/1981
f 1980/1980/1980 2084/2084/2084 1981/1981/1981
f 1993/1993/1993 2084/2084/2084 1980/1980/1980
f 1993/1993/1993 1983/1983/1983 2084/2084/2084
f 2079/2079/2079 2085/2085/2085 2082/2082/2082
f 2073/2073/2073 2085/2085/2085 2086/2086/2086
f 2073/2073/2073 2086/2086/2086 2075/2075/2075
f 2087/2087/2087 2088/2088/2088 2081/2081/2081
f 2075/2075/2075 2086/2086/2086 2079/2079/2079
f 2088/2088/2088 2078/2078/2078 2076/2076/2076
f 2089/2089/2089 1948/1948/1948 1966/1966/1966
f 2086/2086/2086 2085/2085/2085 2079/2079/2079
f 2090/2090/2090 2080/2080/2080 2067/2067/2067
f 2041/2041/2041 2033/2033/2033 1949/1949/1949
f 2091/2091/2091 2033/2033/2033 2041/2041/2041
f 2081/2081/2081 2088/2088/2088 2076/2076/2076
f 2075/2075/2075 2080/2080/2080 2090/2090/2090
f 2074/2074/2074 2075/2075/2075 2090/2090/2090
f 2074/2074/2074 2090/2090/2090 2067/2067/2067
f 2092/2092/2092 2093/2093/2093 2094/2094/2094
f 2092/2092/2092 2094/2094/2094 2095/2095/2095
f 2096/2096/2096 2097/2097/2097 2098/2098/2098
f 2096/2096/2096 2099/2099/2099 2097/2097/2097
f 2100/2100/2100 2101/2101/2101 1945/1945/1945
f 1909/1909/1909 2101/2101/2101 2100/2100/2100
f 1910/1910/1910 1909/1909/1909 2100/2100/2100
f 1910/1910/1910 2100/2100/2100 1945/1945/1945
f 2101/2101/2101 2095/2095/2095 2102/2102/2102
f 2101/2101/2101 2102/2102/2102 2103/2103/2103
f 2099/2099/2099 2104/2104/2104 2097/2097/2097
f 2097/2097/2097 2104/2104/2104 2098/2098/2098
f 2105/2105/2105 2106/2106/2106 2107/2107/2107
f 2106/2106/2106 2108/2108/2108 2107/2107/2107
f 2098/2098/2098 1947/1947/1947 2096/2096/2096
f 2096/2096/2096 1947/1947/1947 1944/1944/1944
f 2108/2108/2108 2109/2109/2109 2110/2110/2110
f 2108/2108/2108 2110/2110/2110 2107/2107/2107
f 2110/2110/2110 2111/2111/2111 2107/2107/2107
f 2109/2109/2109 2111/2111/2111 2110/2110/2110
f 2112/2112/2112 2113/2113/2113 2114/2114/2114
f 2115/2115/2115 2113/2113/2113 2112/2112/2112
f 2112/2112/2112 2029/2029/2029 2115/2115/2115
f 2114/2114/2114 2029/2029/2029 2112/2112/2112
f 2116/2116/2116 2117/2117/2117 2059/2059/2059
f 2118/2118/2118 2119/2119/2119 2120/2120/2120
f 2114/2114/2114 2119/2119/2119 2118/2118/2118
f 2118/2118/2118 1967/1967/1967 2114/2114/2114
f 2120/2120/2120 1967/1967/1967 2118/2118/2118
f 2119/2119/2119 2121/2121/2121 2120/2120/2120
f 2121/2121/2121 2122/2122/2122 2120/2120/2120
f 2113/2113/2113 2122/2122/2122 2121/2121/2121
f 1944/1944/1944 2099/2099/2099 2096/2096/2096
f 2113/2113/2113 2123/2123/2123 2114/2114/2114
f 2123/2123/2123 2119/2119/2119 2114/2114/2114
f 2123/2123/2123 2121/2121/2121 2119/2119/2119
f 2113/2113/2113 2121/2121/2121 2123/2123/2123
f 2018/2018/2018 2124/2124/2124 1955/1955/1955
f 2125/2125/2125 1948/1948/1948 2089/2089/2089
f 2047/2047/2047 1948/1948/1948 2125/2125/2125
f 2124/2124/2124 2122/2122/2122 1955/1955/1955
f 2120/2120/2120 2122/2122/2122 2124/2124/2124
f 2120/2120/2120 2124/2124/2124 2018/2018/2018
f 2126/2126/2126 2127/2127/2127 2128/2128/2128
f 2129/2129/2129 2130/2130/2130 2131/2131/2131
f 1920/1920/1920 1916/1916/1916 2132/2132/2132
f 2132/2132/2132 1916/1916/1916 1915/1915/1915
f 2133/2133/2133 1966/1966/1966 2134/2134/2134
f 2089/2089/2089 1966/1966/1966 2133/2133/2133
f 2135/2135/2135 1879/1879/1879 2136/2136/2136
f 1883/1883/1883 1879/1879/1879 2135/2135/2135
f 1915/1915/1915 1875/1875/1875 2132/2132/2132
f 2137/2137/2137 2138/2138/2138 2139/2139/2139
f 2139/2139/2139 2138/2138/2138 2140/2140/2140
f 2140/2140/2140 2141/2141/2141 2139/2139/2139
f 2132/2132/2132 1875/1875/1875 1920/1920/1920
f 2142/2142/2142 2143/2143/2143 2144/2144/2144
f 2135/2135/2135 2136/2136/2136 2140/2140/2140
f 2144/2144/2144 2143/2143/2143 2145/2145/2145
f 2146/2146/2146 2144/2144/2144 2145/2145/2145
f 2140/2140/2140 2136/2136/2136 2141/2141/2141
f 2146/2146/2146 2142/2142/2142 2144/2144/2144
f 2127/2127/2127 2147/2147/2147 2148/2148/2148
f 1919/1919/1919 2149/2149/2149 2146/2146/2146
f 1919/1919/1919 1918/1918/1918 2149/2149/2149
f 1918/1918/1918 2142/2142/2142 2149/2149/2149
f 2149/2149/2149 2142/2142/2142 2146/2146/2146
f 1995/1995/1995 2150/2150/2150 1917/1917/1917
f 1989/1989/1989 1987/1987/1987 2151/2151/2151
f 2004/2004/2004 2152/2152/2152 1946/1946/1946
f 1946/1946/1946 2152/2152/2152 2153/2153/2153
f 2152/2152/2152 2154/2154/2154 2153/2153/2153
f 1996/1996/1996 2154/2154/2154 2155/2155/2155
f 1996/1996/1996 2155/2155/2155 2004/2004/2004
f 2004/2004/2004 2155/2155/2155 2152/2152/2152
f 2155/2155/2155 2154/2154/2154 2152/2152/2152
f 2156/2156/2156 1986/1986/1986 2157/2157/2157
f 1908/1908/1908 1986/1986/1986 2156/2156/2156
f 2156/2156/2156 2158/2158/2158 1908/1908/1908
f 2157/2157/2157 2158/2158/2158 2156/2156/2156
f 1889/1889/1889 2054/2054/2054 2159/2159/2159
f 1889/1889/1889 2159/2159/2159 1890/1890/1890
f 1890/1890/1890 2159/2159/2159 2034/2034/2034
f 2159/2159/2159 2054/2054/2054 2034/2034/2034
f 1995/1995/1995 1875/1875/1875 2150/2150/2150
f 2160/2160/2160 2153/2153/2153 2161/2161/2161
f 2162/2162/2162 2160/2160/2160 2161/2161/2161
f 2162/2162/2162 2161/2161/2161 2163/2163/2163
f 2164/2164/2164 2154/2154/2154 2163/2163/2163
f 2153/2153/2153 2154/2154/2154 2164/2164/2164
f 2161/2161/2161 2153/2153/2153 2164/2164/2164
f 2161/2161/2161 2164/2164/2164 2163/2163/2163
f 2150/2150/2150 1875/1875/1875 1915/1915/1915
f 1917/1917/1917 2150/2150/2150 1915/1915/1915
f 2165/2165/2165 2146/2146/2146 2166/2166/2166
f 1920/1920/1920 2165/2165/2165 2166/2166/2166
f 1920/1920/1920 1919/1919/1919 2165/2165/2165
f 2165/2165/2165 1919/1919/1919 2146/2146/2146
f 2143/2143/2143 1923/1923/1923 2145/2145/2145
f 2167/2167/2167 2128/2128/2128 2116/2116/2116
f 2142/2142/2142 1921/1921/1921 2143/2143/2143
f 2143/2143/2143 1921/1921/1921 1923/1923/1923
f 2145/2145/2145 2168/2168/2168 2169/2169/2169
f 2145/2145/2145 1923/1923/1923 2168/2168/2168
f 1923/1923/1923 1922/1922/1922 2168/2168/2168
f 1945/1945/1945 2103/2103/2103 1987/1987/1987
f 2067/2067/2067 2080/2080/2080 2170/2170/2170
f 2024/2024/2024 1891/1891/1891 1974/1974/1974
f 2168/2168/2168 1922/1922/1922 2169/2169/2169
f 2139/2139/2139 2141/2141/2141 2171/2171/2171
f 2139/2139/2139 2171/2171/2171 2137/2137/2137
f 2172/2172/2172 2033/2033/2033 2091/2091/2091
f 2172/2172/2172 1890/1890/1890 2033/2033/2033
f 1888/1888/1888 1890/1890/1890 2172/2172/2172
f 2126/2126/2126 2128/2128/2128 2167/2167/2167
f 2167/2167/2167 2059/2059/2059 2126/2126/2126
f 2116/2116/2116 2059/2059/2059 2167/2167/2167
f 2116/2116/2116 2128/2128/2128 2173/2173/2173
f 1909/1909/1909 2095/2095/2095 2101/2101/2101
f 2116/2116/2116 2173/2173/2173 2148/2148/2148
f 2024/2024/2024 1892/1892/1892 1891/1891/1891
f 2173/2173/2173 2127/2127/2127 2148/2148/2148
f 2128/2128/2128 2127/2127/2127 2173/2173/2173
f 2158/2158/2158 1909/1909/1909 1908/1908/1908
f 2129/2129/2129 2174/2174/2174 2130/2130/2130
f 2158/2158/2158 2092/2092/2092 1909/1909/1909
f 2060/2060/2060 2175/2175/2175 2126/2126/2126
f 2157/2157/2157 2092/2092/2092 2158/2158/2158
f 2126/2126/2126 2175/2175/2175 2127/2127/2127
f 2175/2175/2175 2147/2147/2147 2127/2127/2127
f 1933/1933/1933 2147/2147/2147 2176/2176/2176
f 1902/1902/1902 1993/1993/1993 1980/1980/1980
f 1933/1933/1933 2176/2176/2176 2060/2060/2060
f 1994/1994/1994 1983/1983/1983 1993/1993/1993
f 2060/2060/2060 2176/2176/2176 2175/2175/2175
f 1990/1990/1990 1911/1911/1911 1985/1985/1985
f 1985/1985/1985 1885/1885/1885 1990/1990/1990
f 2176/2176/2176 2147/2147/2147 2175/2175/2175
f 2177/2177/2177 2148/2148/2148 2178/2178/2178
f 2116/2116/2116 2148/2148/2148 2177/2177/2177
f 2177/2177/2177 2117/2117/2117 2116/2116/2116
f 1985/1985/1985 1980/1980/1980 1885/1885/1885
f 2178/2178/2178 2117/2117/2117 2177/2177/2177
f 2174/2174/2174 2179/2179/2179 2130/2130/2130
f 2180/2180/2180 2181/2181/2181 2157/2157/2157
f 2181/2181/2181 2182/2182/2182 2157/2157/2157
f 2130/2130/2130 2179/2179/2179 2131/2131/2131
f 2183/2183/2183 2181/2181/2181 2180/2180/2180
f 2184/2184/2184 2185/2185/2185 2183/2183/2183
f 2186/2186/2186 2185/2185/2185 2184/2184/2184
f 2184/2184/2184 2187/2187/2187 2186/2186/2186
f 2183/2183/2183 2187/2187/2187 2184/2184/2184
f 2185/2185/2185 2182/2182/2182 2188/2188/2188
f 2185/2185/2185 2188/2188/2188 2183/2183/2183
f 2183/2183/2183 2188/2188/2188 2181/2181/2181
f 2188/2188/2188 2182/2182/2182 2181/2181/2181
f 2189/2189/2189 2190/2190/2190 2186/2186/2186
f 2190/2190/2190 2185/2185/2185 2186/2186/2186
f 2190/2190/2190 2182/2182/2182 2185/2185/2185
f 2189/2189/2189 2182/2182/2182 2190/2190/2190
f 2191/2191/2191 2189/2189/2189 2186/2186/2186
f 2162/2162/2162 2189/2189/2189 2191/2191/2191
f 2191/2191/2191 2160/2160/2160 2162/2162/2162
f 2186/2186/2186 2160/2160/2160 2191/2191/2191
f 2163/2163/2163 2192/2192/2192 2162/2162/2162
f 2192/2192/2192 2189/2189/2189 2162/2162/2162
f 2101/2101/2101 2103/2103/2103 1945/1945/1945
f 1987/1987/1987 2193/2193/2193 2151/2151/2151
f 1987/1987/1987 2103/2103/2103 2193/2193/2193
f 2194/2194/2194 2046/2046/2046 1871/1871/1871
f 2064/2064/2064 2068/2068/2068 2195/2195/2195
f 2002/2002/2002 2021/2021/2021 2196/2196/2196
f 2129/2129/2129 2015/2015/2015 2016/2016/2016
f 2197/2197/2197 2198/2198/2198 2199/2199/2199
f 2016/2016/2016 2174/2174/2174 2129/2129/2129
f 2037/2037/2037 2039/2039/2039 2200/2200/2200
f 2200/2200/2200 2039/2039/2039 2104/2104/2104
f 2043/2043/2043 2201/2201/2201 2044/2044/2044
f 2202/2202/2202 2203/2203/2203 2204/2204/2204
f 1909/1909/1909 2092/2092/2092 2095/2095/2095
f 2200/2200/2200 2205/2205/2205 2037/2037/2037
f 2206/2206/2206 2207/2207/2207 2208/2208/2208
f 2138/2138/2138 2206/2206/2206 2208/2208/2208
f 2209/2209/2209 2063/2063/2063 2210/2210/2210
f 2137/2137/2137 2206/2206/2206 2138/2138/2138
f 1916/1916/1916 2211/2211/2211 2081/2081/2081
f 2054/2054/2054 1913/1913/1913 2212/2212/2212
f 2210/2210/2210 2063/2063/2063 2037/2037/2037
f 2213/2213/2213 2214/2214/2214 2215/2215/2215
f 2213/2213/2213 2215/2215/2215 2216/2216/2216
f 2138/2138/2138 2208/2208/2208 2217/2217/2217
f 2218/2218/2218 2117/2117/2117 2178/2178/2178
f 2219/2219/2219 2220/2220/2220 2221/2221/2221
f 2219/2219/2219 2221/2221/2221 2214/2214/2214
f 2210/2210/2210 2222/2222/2222 2209/2209/2209
f 2126/2126/2126 2059/2059/2059 2060/2060/2060
f 1887/1887/1887 1922/1922/1922 1921/1921/1921
f 2205/2205/2205 2223/2223/2223 2037/2037/2037
f 2180/2180/2180 1986/1986/1986 2183/2183/2183
f 2157/2157/2157 1986/1986/1986 2180/2180/2180
f 1940/1940/1940 2056/2056/2056 2031/2031/2031
f 2224/2224/2224 2225/2225/2225 2226/2226/2226
f 1975/1975/1975 2224/2224/2224 2226/2226/2226
f 2018/2018/2018 1967/1967/1967 2120/2120/2120
f 2115/2115/2115 2029/2029/2029 2107/2107/2107
f 1884/1884/1884 1886/1886/1886 1979/1979/1979
f 1882/1882/1882 1874/1874/1874 1876/1876/1876
f 2227/2227/2227 2001/2001/2001 2000/2000/2000
f 1976/1976/1976 1978/1978/1978 2071/2071/2071
f 1958/1958/1958 1960/1960/1960 2228/2228/2228
f 2229/2229/2229 2154/2154/2154 2230/2230/2230
f 1989/1989/1989 2230/2230/2230 1996/1996/1996
f 2231/2231/2231 2232/2232/2232 2233/2233/2233
f 1940/1940/1940 2234/2234/2234 2056/2056/2056
f 2234/2234/2234 2052/2052/2052 2056/2056/2056
f 2235/2235/2235 2052/2052/2052 2234/2234/2234
f 2235/2235/2235 2234/2234/2234 1940/1940/1940
f 2236/2236/2236 2237/2237/2237 2238/2238/2238
f 2237/2237/2237 2239/2239/2239 2238/2238/2238
f 2002/2002/2002 2196/2196/2196 2000/2000/2000
f 2240/2240/2240 2241/2241/2241 2134/2134/2134
f 2169/2169/2169 2231/2231/2231 2233/2233/2233
f 2242/2242/2242 2243/2243/2243 2244/2244/2244
f 2244/2244/2244 2199/2199/2199 2242/2242/2242
f 2197/2197/2197 2199/2199/2199 2244/2244/2244
f 2245/2245/2245 2236/2236/2236 2197/2197/2197
f 2243/2243/2243 2236/2236/2236 2245/2245/2245
f 2244/2244/2244 2243/2243/2243 2245/2245/2245
f 2244/2244/2244 2245/2245/2245 2197/2197/2197
f 2246/2246/2246 2172/2172/2172 2091/2091/2091
f 2247/2247/2247 2238/2238/2238 2248/2248/2248
f 2249/2249/2249 2247/2247/2247 2248/2248/2248
f 2249/2249/2249 2248/2248/2248 1883/1883/1883
f 2250/2250/2250 2239/2239/2239 1883/1883/1883
f 2238/2238/2238 2239/2239/2239 2250/2250/2250
f 2248/2248/2248 2238/2238/2238 2250/2250/2250
f 2248/2248/2248 2250/2250/2250 1883/1883/1883
f 2251/2251/2251 2027/2027/2027 2252/2252/2252
f 2251/2251/2251 2252/2252/2252 2253/2253/2253
f 2253/2253/2253 2252/2252/2252 2036/2036/2036
f 1888/1888/1888 2172/2172/2172 2246/2246/2246
f 2254/2254/2254 2027/2027/2027 2251/2251/2251
f 2107/2107/2107 2027/2027/2027 2254/2254/2254
f 2254/2254/2254 2105/2105/2105 2107/2107/2107
f 2251/2251/2251 2105/2105/2105 2254/2254/2254
f 2255/2255/2255 2035/2035/2035 2036/2036/2036
f 2027/2027/2027 2035/2035/2035 2255/2255/2255
f 2252/2252/2252 2027/2027/2027 2255/2255/2255
f 2252/2252/2252 2255/2255/2255 2036/2036/2036
f 2256/2256/2256 2036/2036/2036 2051/2051/2051
f 2253/2253/2253 2036/2036/2036 2256/2256/2256
f 2256/2256/2256 2257/2257/2257 2253/2253/2253
f 2051/2051/2051 2257/2257/2257 2256/2256/2256
f 2246/2246/2246 2258/2258/2258 1888/1888/1888
f 2080/2080/2080 2082/2082/2082 2170/2170/2170
f 2170/2170/2170 2082/2082/2082 2259/2259/2259
f 2082/2082/2082 2085/2085/2085 2259/2259/2259
f 2260/2260/2260 2064/2064/2064 2195/2195/2195
f 1974/1974/1974 2241/2241/2241 2240/2240/2240
f 2240/2240/2240 2024/2024/2024 1974/1974/1974
f 2073/2073/2073 2069/2069/2069 2070/2070/2070
f 2134/2134/2134 2024/2024/2024 2240/2240/2240
f 1975/1975/1975 2226/2226/2226 1974/1974/1974
f 2067/2067/2067 2261/2261/2261 2262/2262/2262
f 2262/2262/2262 2261/2261/2261 2195/2195/2195
f 2068/2068/2068 2262/2262/2262 2195/2195/2195
f 2068/2068/2068 2067/2067/2067 2262/2262/2262
f 2059/2059/2059 2062/2062/2062 2263/2263/2263
f 2226/2226/2226 2241/2241/2241 1974/1974/1974
f 2062/2062/2062 2064/2064/2064 2260/2260/2260
f 2263/2263/2263 2062/2062/2062 2260/2260/2260
f 2261/2261/2261 2170/2170/2170 2264/2264/2264
f 2195/2195/2195 2261/2261/2261 2264/2264/2264
f 2226/2226/2226 2225/2225/2225 2241/2241/2241
f 2091/2091/2091 2258/2258/2258 2246/2246/2246
f 1892/1892/1892 2265/2265/2265 1894/1894/1894
f 2265/2265/2265 2023/2023/2023 1894/1894/1894
f 1973/1973/1973 1936/1936/1936 1938/1938/1938
f 2024/2024/2024 2023/2023/2023 2265/2265/2265
f 1973/1973/1973 2085/2085/2085 1971/1971/1971
f 2024/2024/2024 2265/2265/2265 1892/1892/1892
f 2157/2157/2157 2266/2266/2266 2092/2092/2092
f 2266/2266/2266 2093/2093/2093 2092/2092/2092
f 2067/2067/2067 2170/2170/2170 2261/2261/2261
f 2186/2186/2186 1946/1946/1946 2267/2267/2267
f 2198/2198/2198 2268/2268/2268 2199/2199/2199
f 2269/2269/2269 2207/2207/2207 2206/2206/2206
f 2208/2208/2208 2207/2207/2207 2268/2268/2268
f 2208/2208/2208 2268/2268/2268 2198/2198/2198
f 2270/2270/2270 2217/2217/2217 2197/2197/2197
f 2271/2271/2271 2217/2217/2217 2270/2270/2270
f 2249/2249/2249 2271/2271/2271 2270/2270/2270
f 2249/2249/2249 2270/2270/2270 2197/2197/2197
f 2199/2199/2199 2272/2272/2272 2242/2242/2242
f 2272/2272/2272 2207/2207/2207 2242/2242/2242
f 2268/2268/2268 2207/2207/2207 2272/2272/2272
f 2268/2268/2268 2272/2272/2272 2199/2199/2199
f 2273/2273/2273 2068/2068/2068 2064/2064/2064
f 2070/2070/2070 2068/2068/2068 2273/2273/2273
f 2070/2070/2070 2273/2273/2273 2202/2202/2202
f 2186/2186/2186 2267/2267/2267 2160/2160/2160
f 2274/2274/2274 2070/2070/2070 2202/2202/2202
f 2073/2073/2073 2070/2070/2070 2274/2274/2274
f 2137/2137/2137 2269/2269/2269 2206/2206/2206
f 2202/2202/2202 2275/2275/2275 2274/2274/2274
f 2218/2218/2218 2064/2064/2064 2065/2065/2065
f 2218/2218/2218 2065/2065/2065 2117/2117/2117
f 2117/2117/2117 2065/2065/2065 2059/2059/2059
f 2276/2276/2276 2049/2049/2049 2051/2051/2051
f 2277/2277/2277 2064/2064/2064 2218/2218/2218
f 2278/2278/2278 2064/2064/2064 2277/2277/2277
f 2277/2277/2277 2279/2279/2279 2278/2278/2278
f 2218/2218/2218 2279/2279/2279 2277/2277/2277
f 2202/2202/2202 2280/2280/2280 2278/2278/2278
f 2280/2280/2280 2064/2064/2064 2278/2278/2278
f 2273/2273/2273 2064/2064/2064 2280/2280/2280
f 2273/2273/2273 2280/2280/2280 2202/2202/2202
f 2212/2212/2212 1912/1912/1912 1949/1949/1949
f 2267/2267/2267 2153/2153/2153 2160/2160/2160
f 2034/2034/2034 2054/2054/2054 2212/2212/2212
f 2034/2034/2034 2212/2212/2212 1949/1949/1949
f 1912/1912/1912 2281/2281/2281 1949/1949/1949
f 2281/2281/2281 2282/2282/2282 1949/1949/1949
f 1946/1946/1946 2153/2153/2153 2267/2267/2267
f 2281/2281/2281 1912/1912/1912 2048/2048/2048
f 2283/2283/2283 2284/2284/2284 2022/2022/2022
f 2284/2284/2284 2023/2023/2023 2022/2022/2022
f 2285/2285/2285 2023/2023/2023 2284/2284/2284
f 2285/2285/2285 2284/2284/2284 2283/2283/2283
f 2283/2283/2283 2022/2022/2022 2286/2286/2286
f 2283/2283/2283 2286/2286/2286 2134/2134/2134
f 2134/2134/2134 2286/2286/2286 2024/2024/2024
f 2286/2286/2286 2022/2022/2022 2024/2024/2024
f 2276/2276/2276 2056/2056/2056 2049/2049/2049
f 2140/2140/2140 2217/2217/2217 2135/2135/2135
f 2257/2257/2257 2287/2287/2287 2253/2253/2253
f 2032/2032/2032 2276/2276/2276 2051/2051/2051
f 2032/2032/2032 2031/2031/2031 2276/2276/2276
f 2288/2288/2288 2214/2214/2214 2213/2213/2213
f 2031/2031/2031 2056/2056/2056 2276/2276/2276
f 2289/2289/2289 2290/2290/2290 2291/2291/2291
f 2289/2289/2289 1878/1878/1878 2290/2290/2290
f 2195/2195/2195 2292/2292/2292 2260/2260/2260
f 2187/2187/2187 1946/1946/1946 2186/2186/2186
f 2036/2036/2036 2032/2032/2032 2051/2051/2051
f 1986/1986/1986 1946/1946/1946 2187/2187/2187
f 1986/1986/1986 2187/2187/2187 2183/2183/2183
f 2202/2202/2202 2204/2204/2204 2275/2275/2275
f 1937/1937/1937 2293/2293/2293 1938/1938/1938
f 1937/1937/1937 2292/2292/2292 2293/2293/2293
f 2046/2046/2046 2174/2174/2174 2016/2016/2016
f 2293/2293/2293 2292/2292/2292 2195/2195/2195
f 1887/1887/1887 1921/1921/1921 1881/1881/1881
f 1881/1881/1881 1921/1921/1921 2142/2142/2142
f 2205/2205/2205 2099/2099/2099 1944/1944/1944
f 2294/2294/2294 2292/2292/2292 2295/2295/2295
f 2296/2296/2296 2230/2230/2230 1989/1989/1989
f 2013/2013/2013 2046/2046/2046 2016/2016/2016
f 1872/1872/1872 2046/2046/2046 2013/2013/2013
f 2229/2229/2229 2230/2230/2230 2296/2296/2296
f 2263/2263/2263 2294/2294/2294 2295/2295/2295
f 1969/1969/1969 2205/2205/2205 1944/1944/1944
f 1989/1989/1989 2151/2151/2151 2296/2296/2296
f 2260/2260/2260 2294/2294/2294 2263/2263/2263
f 2260/2260/2260 2292/2292/2292 2294/2294/2294
f 1942/1942/1942 2035/2035/2035 2027/2027/2027
f 1881/1881/1881 2142/2142/2142 1882/1882/1882
f 1931/1931/1931 2059/2059/2059 2263/2263/2263
f 2263/2263/2263 1934/1934/1934 1931/1931/1931
f 2135/2135/2135 2271/2271/2271 1883/1883/1883
f 2135/2135/2135 2217/2217/2217 2271/2271/2271
f 2225/2225/2225 2297/2297/2297 2241/2241/2241
f 2297/2297/2297 2298/2298/2298 2241/2241/2241
f 2292/2292/2292 2299/2299/2299 2295/2295/2295
f 2295/2295/2295 2299/2299/2299 1934/1934/1934
f 2019/2019/2019 2300/2300/2300 2020/2020/2020
f 1903/1903/1903 1907/1907/1907 2301/2301/2301
f 1907/1907/1907 2302/2302/2302 2301/2301/2301
f 1906/1906/1906 2302/2302/2302 1907/1907/1907
f 2300/2300/2300 2025/2025/2025 2020/2020/2020
f 2303/2303/2303 2015/2015/2015 2129/2129/2129
f 2131/2131/2131 2303/2303/2303 2129/2129/2129
f 2263/2263/2263 2295/2295/2295 1934/1934/1934
f 2003/2003/2003 1999/1999/1999 2304/2304/2304
f 2305/2305/2305 2306/2306/2306 2047/2047/2047
f 2305/2305/2305 2041/2041/2041 2306/2306/2306
f 2306/2306/2306 2041/2041/2041 2040/2040/2040
f 2047/2047/2047 2306/2306/2306 2040/2040/2040
f 1963/1963/1963 2026/2026/2026 1967/1967/1967
f 2307/2307/2307 2026/2026/2026 1963/1963/1963
f 2136/2136/2136 2291/2291/2291 2141/2141/2141
f 2307/2307/2307 2027/2027/2027 2026/2026/2026
f 2304/2304/2304 1999/1999/1999 2001/2001/2001
f 1941/1941/1941 1940/1940/1940 2031/2031/2031
f 1941/1941/1941 2031/2031/2031 2035/2035/2035
f 1942/1942/1942 1941/1941/1941 2035/2035/2035
f 2230/2230/2230 2154/2154/2154 1996/1996/1996
f 1882/1882/1882 2142/2142/2142 1918/1918/1918
f 1942/1942/1942 2027/2027/2027 2307/2307/2307
f 2020/2020/2020 2196/2196/2196 2021/2021/2021
f 2308/2308/2308 2083/2083/2083 1920/1920/1920
f 2309/2309/2309 2310/2310/2310 2311/2311/2311
f 1968/1968/1968 2312/2312/2312 1966/1966/1966
f 1968/1968/1968 2283/2283/2283 2312/2312/2312
f 1897/1897/1897 1899/1899/1899 2072/2072/2072
f 1879/1879/1879 1878/1878/1878 2289/2289/2289
f 1879/1879/1879 2289/2289/2289 2136/2136/2136
f 2136/2136/2136 2289/2289/2289 2291/2291/2291
f 2312/2312/2312 2283/2283/2283 2134/2134/2134
f 2109/2109/2109 2313/2313/2313 2113/2113/2113
f 2313/2313/2313 2122/2122/2122 2113/2113/2113
f 2138/2138/2138 2217/2217/2217 2140/2140/2140
f 1966/1966/1966 2312/2312/2312 2134/2134/2134
f 2109/2109/2109 2113/2113/2113 2111/2111/2111
f 1967/1967/1967 2029/2029/2029 2114/2114/2114
f 2107/2107/2107 2111/2111/2111 2115/2115/2115
f 2111/2111/2111 2113/2113/2113 2115/2115/2115
f 2253/2253/2253 2314/2314/2314 2251/2251/2251
f 2314/2314/2314 2105/2105/2105 2251/2251/2251
f 2287/2287/2287 2105/2105/2105 2314/2314/2314
f 2287/2287/2287 2314/2314/2314 2253/2253/2253
f 2282/2282/2282 1968/1968/1968 1949/1949/1949
f 2282/2282/2282 2283/2283/2283 1968/1968/1968
f 2296/2296/2296 2151/2151/2151 2315/2315/2315
f 2296/2296/2296 2315/2315/2315 2229/2229/2229
f 2217/2217/2217 2208/2208/2208 2316/2316/2316
f 2307/2307/2307 2220/2220/2220 1942/1942/1942
f 2316/2316/2316 2208/2208/2208 2198/2198/2198
f 2299/2299/2299 2317/2317/2317 1934/1934/1934
f 2197/2197/2197 2316/2316/2316 2198/2198/2198
f 2305/2305/2305 2318/2318/2318 2091/2091/2091
f 2047/2047/2047 2318/2318/2318 2305/2305/2305
f 2288/2288/2288 2219/2219/2219 2214/2214/2214
f 2091/2091/2091 2041/2041/2041 2305/2305/2305
f 2091/2091/2091 2318/2318/2318 2258/2258/2258
f 2197/2197/2197 2217/2217/2217 2316/2316/2316
f 1903/1903/1903 2319/2319/2319 1904/1904/1904
f 2319/2319/2319 2320/2320/2320 1904/1904/1904
f 1913/1913/1913 1912/1912/1912 2212/2212/2212
f 1906/1906/1906 2321/2321/2321 2302/2302/2302
f 1942/1942/1942 2220/2220/2220 2219/2219/2219
f 2322/2322/2322 2285/2285/2285 2323/2323/2323
f 2241/2241/2241 2298/2298/2298 2324/2324/2324
f 2274/2274/2274 2275/2275/2275 2325/2325/2325
f 2274/2274/2274 2325/2325/2325 2073/2073/2073
f 2241/2241/2241 2324/2324/2324 2134/2134/2134
f 2326/2326/2326 2327/2327/2327 1963/1963/1963
f 2328/2328/2328 2329/2329/2329 2323/2323/2323
f 2328/2328/2328 2282/2282/2282 2329/2329/2329
f 2329/2329/2329 2282/2282/2282 2330/2330/2330
f 2323/2323/2323 2329/2329/2329 2330/2330/2330
f 2057/2057/2057 2053/2053/2053 2331/2331/2331
f 2331/2331/2331 2053/2053/2053 2055/2055/2055
f 2326/2326/2326 2220/2220/2220 2327/2327/2327
f 2331/2331/2331 2055/2055/2055 2332/2332/2332
f 2057/2057/2057 2331/2331/2331 2332/2332/2332
f 2327/2327/2327 2220/2220/2220 2307/2307/2307
f 1963/1963/1963 2327/2327/2327 2307/2307/2307
f 1958/1958/1958 2228/2228/2228 2326/2326/2326
f 2326/2326/2326 2228/2228/2228 2220/2220/2220
f 2020/2020/2020 2000/2000/2000 2196/2196/2196
f 2330/2330/2330 2282/2282/2282 2333/2333/2333
f 1958/1958/1958 2326/2326/2326 1963/1963/1963
f 2029/2029/2029 2027/2027/2027 2107/2107/2107
f 2333/2333/2333 2282/2282/2282 2334/2334/2334
f 2236/2236/2236 2238/2238/2238 2335/2335/2335
f 2282/2282/2282 2281/2281/2281 2336/2336/2336
f 2335/2335/2335 2238/2238/2238 2247/2247/2247
f 2197/2197/2197 2335/2335/2335 2247/2247/2247
f 2197/2197/2197 2236/2236/2236 2335/2335/2335
f 1883/1883/1883 2271/2271/2271 2249/2249/2249
f 2197/2197/2197 2247/2247/2247 2249/2249/2249
f 2023/2023/2023 2285/2285/2285 2322/2322/2322
f 2328/2328/2328 2285/2285/2285 2283/2283/2283
f 2282/2282/2282 2328/2328/2328 2283/2283/2283
f 2285/2285/2285 2328/2328/2328 2323/2323/2323
f 2337/2337/2337 2338/2338/2338 2321/2321/2321
f 2336/2336/2336 2281/2281/2281 2048/2048/2048
f 1906/1906/1906 2337/2337/2337 2321/2321/2321
f 2336/2336/2336 2048/2048/2048 2334/2334/2334
f 2282/2282/2282 2336/2336/2336 2334/2334/2334
f 1913/1913/1913 2339/2339/2339 1914/1914/1914
f 2340/2340/2340 2148/2148/2148 2341/2341/2341
f 2178/2178/2178 2148/2148/2148 2340/2340/2340
f 2178/2178/2178 2340/2340/2340 2218/2218/2218
f 2148/2148/2148 2147/2147/2147 2342/2342/2342
f 2148/2148/2148 2342/2342/2342 2341/2341/2341
f 1904/1904/1904 2337/2337/2337 1906/1906/1906
f 1904/1904/1904 2338/2338/2338 2337/2337/2337
f 2278/2278/2278 2279/2279/2279 2343/2343/2343
f 2278/2278/2278 2343/2343/2343 2202/2202/2202
f 2202/2202/2202 2343/2343/2343 2203/2203/2203
f 2343/2343/2343 2279/2279/2279 2203/2203/2203
f 2218/2218/2218 2344/2344/2344 2345/2345/2345
f 2344/2344/2344 2341/2341/2341 2345/2345/2345
f 2344/2344/2344 2340/2340/2340 2341/2341/2341
f 2218/2218/2218 2340/2340/2340 2344/2344/2344
f 2218/2218/2218 2345/2345/2345 2346/2346/2346
f 2218/2218/2218 2346/2346/2346 2279/2279/2279
f 1938/1938/1938 2293/2293/2293 2264/2264/2264
f 2264/2264/2264 2293/2293/2293 2195/2195/2195
f 2347/2347/2347 2320/2320/2320 2348/2348/2348
f 2264/2264/2264 2170/2170/2170 1938/1938/1938
f 2170/2170/2170 2259/2259/2259 1938/1938/1938
f 2338/2338/2338 2347/2347/2347 2348/2348/2348
f 2259/2259/2259 2085/2085/2085 1973/1973/1973
f 1938/1938/1938 2259/2259/2259 1973/1973/1973
f 1935/1935/1935 1929/1929/1929 1933/1933/1933
f 1935/1935/1935 1930/1930/1930 1929/1929/1929
f 2347/2347/2347 2338/2338/2338 1904/1904/1904
f 2320/2320/2320 2347/2347/2347 1904/1904/1904
f 2317/2317/2317 1930/1930/1930 1935/1935/1935
f 1934/1934/1934 2317/2317/2317 1935/1935/1935
f 2349/2349/2349 2052/2052/2052 2235/2235/2235
f 2213/2213/2213 2349/2349/2349 2235/2235/2235
f 2216/2216/2216 2349/2349/2349 2213/2213/2213
f 2216/2216/2216 2052/2052/2052 2349/2349/2349
f 1942/1942/1942 2219/2219/2219 1943/1943/1943
f 1943/1943/1943 2219/2219/2219 2288/2288/2288
f 2288/2288/2288 1940/1940/1940 1943/1943/1943
f 2213/2213/2213 2235/2235/2235 2288/2288/2288
f 2233/2233/2233 2350/2350/2350 2166/2166/2166
f 2166/2166/2166 2350/2350/2350 1920/1920/1920
f 1913/1913/1913 2054/2054/2054 2339/2339/2339
f 2166/2166/2166 2146/2146/2146 2233/2233/2233
f 2146/2146/2146 2145/2145/2145 2351/2351/2351
f 1917/1917/1917 2081/2081/2081 2352/2352/2352
f 2352/2352/2352 1995/1995/1995 1917/1917/1917
f 1994/1994/1994 1995/1995/1995 2352/2352/2352
f 2350/2350/2350 2308/2308/2308 1920/1920/1920
f 2232/2232/2232 2308/2308/2308 2350/2350/2350
f 2233/2233/2233 2232/2232/2232 2350/2350/2350
f 2351/2351/2351 2145/2145/2145 2169/2169/2169
f 2233/2233/2233 2351/2351/2351 2169/2169/2169
f 2233/2233/2233 2146/2146/2146 2351/2351/2351
f 2353/2353/2353 2076/2076/2076 1994/1994/1994
f 2081/2081/2081 2076/2076/2076 2353/2353/2353
f 2288/2288/2288 2235/2235/2235 1940/1940/1940
f 2339/2339/2339 2054/2054/2054 2053/2053/2053
f 1914/1914/1914 2339/2339/2339 2053/2053/2053
f 1955/1955/1955 1954/1954/1954 1959/1959/1959
f 2352/2352/2352 2081/2081/2081 2353/2353/2353
f 2354/2354/2354 1914/1914/1914 2355/2355/2355
f 2355/2355/2355 1914/1914/1914 2057/2057/2057
f 2356/2356/2356 2357/2357/2357 2358/2358/2358
f 2356/2356/2356 2055/2055/2055 2357/2357/2357
f 2055/2055/2055 2054/2054/2054 2357/2357/2357
f 2357/2357/2357 2054/2054/2054 2358/2358/2358
f 2352/2352/2352 2353/2353/2353 1994/1994/1994
f 2211/2211/2211 2087/2087/2087 2081/2081/2081
f 2332/2332/2332 2055/2055/2055 2356/2356/2356
f 2083/2083/2083 2087/2087/2087 2211/2211/2211
f 2048/2048/2048 2359/2359/2359 2334/2334/2334
f 2048/2048/2048 1914/1914/1914 2359/2359/2359
f 2359/2359/2359 1914/1914/1914 2354/2354/2354
f 2334/2334/2334 2359/2359/2359 2354/2354/2354
f 2360/2360/2360 1911/1911/1911 2361/2361/2361
f 1976/1976/1976 2360/2360/2360 2361/2361/2361
f 1976/1976/1976 1901/1901/1901 2360/2360/2360
f 2360/2360/2360 1901/1901/1901 1911/1911/1911
f 1990/1990/1990 1991/1991/1991 2361/2361/2361
f 2361/2361/2361 1991/1991/1991 1976/1976/1976
f 1916/1916/1916 2083/2083/2083 2211/2211/2211
f 2361/2361/2361 1911/1911/1911 1990/1990/1990
f 1901/1901/1901 2362/2362/2362 1902/1902/1902
f 1901/1901/1901 1875/1875/1875 2362/2362/2362
f 2362/2362/2362 1875/1875/1875 1995/1995/1995
f 1902/1902/1902 2362/2362/2362 1995/1995/1995
f 2078/2078/2078 2363/2363/2363 2077/2077/2077
f 1954/1954/1954 1953/1953/1953 1965/1965/1965
f 2078/2078/2078 2364/2364/2364 2363/2363/2363
f 2363/2363/2363 2364/2364/2364 1994/1994/1994
f 2077/2077/2077 2363/2363/2363 1994/1994/1994
f 2365/2365/2365 2223/2223/2223 2222/2222/2222
f 2037/2037/2037 2223/2223/2223 2365/2365/2365
f 2037/2037/2037 2365/2365/2365 2210/2210/2210
f 2365/2365/2365 2222/2222/2222 2210/2210/2210
f 2223/2223/2223 1970/1970/1970 2366/2366/2366
f 2223/2223/2223 2366/2366/2366 2222/2222/2222
f 2205/2205/2205 2367/2367/2367 2223/2223/2223
f 2367/2367/2367 1970/1970/1970 2223/2223/2223
f 1970/1970/1970 2367/2367/2367 1969/1969/1969
f 2367/2367/2367 2205/2205/2205 1969/1969/1969
f 2104/2104/2104 2368/2368/2368 2200/2200/2200
f 2368/2368/2368 2205/2205/2205 2200/2200/2200
f 2205/2205/2205 2368/2368/2368 2099/2099/2099
f 2368/2368/2368 2104/2104/2104 2099/2099/2099
f 2179/2179/2179 2369/2369/2369 2194/2194/2194
f 2369/2369/2369 2046/2046/2046 2194/2194/2194
f 2046/2046/2046 2369/2369/2369 2174/2174/2174
f 2369/2369/2369 2179/2179/2179 2174/2174/2174
f 2194/2194/2194 2006/2006/2006 2370/2370/2370
f 2194/2194/2194 2370/2370/2370 2179/2179/2179
f 1871/1871/1871 2371/2371/2371 2194/2194/2194
f 2371/2371/2371 2006/2006/2006 2194/2194/2194
f 2371/2371/2371 1998/1998/1998 2006/2006/2006
f 1871/1871/1871 1998/1998/1998 2371/2371/2371
f 1985/1985/1985 1911/1911/1911 1900/1900/1900
f 2372/2372/2372 1925/1925/1925 1924/1924/1924
f 1947/1947/1947 2372/2372/2372 1924/1924/1924
f 1882/1882/1882 1918/1918/1918 1874/1874/1874
f 1874/1874/1874 1918/1918/1918 1875/1875/1875
f 2071/2071/2071 1875/1875/1875 1976/1976/1976
f 2071/2071/2071 1978/1978/1978 2373/2373/2373
f 2071/2071/2071 2373/2373/2373 1897/1897/1897
f 1897/1897/1897 2373/2373/2373 1898/1898/1898
f 2373/2373/2373 1978/1978/1978 1898/1898/1898
f 2025/2025/2025 2227/2227/2227 2000/2000/2000
f 1885/1885/1885 1982/1982/1982 1886/1886/1886
g FFRoute023
s 1
f 2374/2374/2374 2375/2375/2375 2376/2376/2376
f 2377/2377/2377 2378/2378/2378 2379/2379/2379
f 2380/2380/2380 2381/2381/2381 2382/2382/2382
f 2381/2381/2381 2383/2383/2383 2382/2382/2382
f 2384/2384/2384 2382/2382/2382 2385/2385/2385
f 2382/2382/2382 2386/2386/2386 2385/2385/2385
f 2387/2387/2387 2374/2374/2374 2388/2388/2388
f 2387/2387/2387 2375/2375/2375 2374/2374/2374
f 2389/2389/2389 2390/2390/2390 2391/2391/2391
f 2389/2389/2389 2392/2392/2392 2390/2390/2390
f 2390/2390/2390 2392/2392/2392 2393/2393/2393
f 2391/2391/2391 2390/2390/2390 2393/2393/2393
f 2394/2394/2394 2395/2395/2395 2380/2380/2380
f 2385/2385/2385 2386/2386/2386 2396/2396/2396
f 2385/2385/2385 2396/2396/2396 2397/2397/2397
f 2388/2388/2388 2374/2374/2374 2376/2376/2376
f 2380/2380/2380 2382/2382/2382 2384/2384/2384
f 2398/2398/2398 2399/2399/2399 2400/2400/2400
f 2401/2401/2401 2402/2402/2402 2403/2403/2403
f 2404/2404/2404 2377/2377/2377 2394/2394/2394
f 2405/2405/2405 2406/2406/2406 2407/2407/2407
f 2391/2391/2391 2406/2406/2406 2405/2405/2405
f 2391/2391/2391 2405/2405/2405 2408/2408/2408
f 2405/2405/2405 2407/2407/2407 2408/2408/2408
f 2406/2406/2406 2409/2409/2409 2410/2410/2410
f 2406/2406/2406 2410/2410/2410 2407/2407/2407
f 2410/2410/2410 2411/2411/2411 2407/2407/2407
f 2409/2409/2409 2411/2411/2411 2410/2410/2410
f 2411/2411/2411 2412/2412/2412 2413/2413/2413
f 2411/2411/2411 2413/2413/2413 2407/2407/2407
f 2407/2407/2407 2413/2413/2413 2414/2414/2414
f 2413/2413/2413 2412/2412/2412 2414/2414/2414
f 2411/2411/2411 2415/2415/2415 2416/2416/2416
f 2411/2411/2411 2416/2416/2416 2412/2412/2412
f 2416/2416/2416 2417/2417/2417 2412/2412/2412
f 2415/2415/2415 2417/2417/2417 2416/2416/2416
f 2418/2418/2418 2404/2404/2404 2394/2394/2394
f 2418/2418/2418 2419/2419/2419 2404/2404/2404
f 2418/2418/2418 2389/2389/2389 2391/2391/2391
f 2420/2420/2420 2421/2421/2421 2393/2393/2393
f 2393/2393/2393 2421/2421/2421 2391/2391/2391
f 2384/2384/2384 2394/2394/2394 2380/2380/2380
f 2393/2393/2393 2392/2392/2392 2420/2420/2420
f 2404/2404/2404 2419/2419/2419 2377/2377/2377
f 2419/2419/2419 2378/2378/2378 2377/2377/2377
f 2384/2384/2384 2422/2422/2422 2394/2394/2394
f 2422/2422/2422 2418/2418/2418 2394/2394/2394
f 2423/2423/2423 2418/2418/2418 2422/2422/2422
f 2423/2423/2423 2422/2422/2422 2384/2384/2384
f 2394/2394/2394 2377/2377/2377 2395/2395/2395
f 2380/2380/2380 2395/2395/2395 2387/2387/2387
f 2395/2395/2395 2377/2377/2377 2387/2387/2387
f 2424/2424/2424 2423/2423/2423 2384/2384/2384
f 2397/2397/2397 2423/2423/2423 2424/2424/2424
f 2424/2424/2424 2385/2385/2385 2397/2397/2397
f 2384/2384/2384 2385/2385/2385 2424/2424/2424
f 2388/2388/2388 2376/2376/2376 2425/2425/2425
f 2426/2426/2426 2418/2418/2418 2408/2408/2408
f 2414/2414/2414 2426/2426/2426 2408/2408/2408
f 2380/2380/2380 2387/2387/2387 2388/2388/2388
f 2427/2427/2427 2428/2428/2428 2399/2399/2399
f 2387/2387/2387 2429/2429/2429 2375/2375/2375
f 2398/2398/2398 2427/2427/2427 2399/2399/2399
f 2387/2387/2387 2377/2377/2377 2429/2429/2429
f 2415/2415/2415 2430/2430/2430 2417/2417/2417
f 2409/2409/2409 2415/2415/2415 2411/2411/2411
f 2408/2408/2408 2418/2418/2418 2391/2391/2391
f 2408/2408/2408 2407/2407/2407 2414/2414/2414
f 2421/2421/2421 2406/2406/2406 2391/2391/2391
f 2377/2377/2377 2379/2379/2379 2429/2429/2429
f 2421/2421/2421 2409/2409/2409 2406/2406/2406
f 2382/2382/2382 2383/2383/2383 2386/2386/2386
f 2388/2388/2388 2381/2381/2381 2380/2380/2380
f 2425/2425/2425 2381/2381/2381 2388/2388/2388
f 2419/2419/2419 2431/2431/2431 2378/2378/2378
f 2432/2432/2432 2398/2398/2398 2433/2433/2433
f 2433/2433/2433 2398/2398/2398 2400/2400/2400
f 2400/2400/2400 2434/2434/2434 2433/2433/2433
f 2433/2433/2433 2434/2434/2434 2432/2432/2432
f 2378/2378/2378 2431/2431/2431 2379/2379/2379
f 2429/2429/2429 2379/2379/2379 2375/2375/2375
g FFRoute024
s 1
f 2435/2435/2435 2436/2436/2436 2437/2437/2437
f 2438/2438/2438 2439/2439/2439 2440/2440/2440
f 2441/2441/2441 2442/2442/2442 2443/2443/2443
f 2444/2444/2444 2441/2441/2441 2445/2445/2445
f 2446/2446/2446 2447/2447/2447 2448/2448/2448
f 2449/2449/2449 2450/2450/2450 2451/2451/2451
f 2452/2452/2452 2453/2453/2453 2448/2448/2448
f 2449/2449/2449 2454/2454/2454 2450/2450/2450
f 2455/2455/2455 2450/2450/2450 2454/2454/2454
f 2455/2455/2455 2451/2451/2451 2450/2450/2450
f 2447/2447/2447 2456/2456/2456 2457/2457/2457
f 2435/2435/2435 2458/2458/2458 2459/2459/2459
f 2435/2435/2435 2460/2460/2460 2458/2458/2458
f 2460/2460/2460 2461/2461/2461 2458/2458/2458
f 2458/2458/2458 2461/2461/2461 2459/2459/2459
f 2462/2462/2462 2444/2444/2444 2461/2461/2461
f 2460/2460/2460 2462/2462/2462 2461/2461/2461
f 2449/2449/2449 2463/2463/2463 2444/2444/2444
f 2449/2449/2449 2451/2451/2451 2463/2463/2463
f 2461/2461/2461 2463/2463/2463 2451/2451/2451
f 2461/2461/2461 2444/2444/2444 2463/2463/2463
f 2464/2464/2464 2451/2451/2451 2455/2455/2455
f 2459/2459/2459 2464/2464/2464 2455/2455/2455
f 2459/2459/2459 2461/2461/2461 2464/2464/2464
f 2465/2465/2465 2466/2466/2466 2467/2467/2467
f 2465/2465/2465 2442/2442/2442 2466/2466/2466
f 2441/2441/2441 2466/2466/2466 2442/2442/2442
f 2468/2468/2468 2469/2469/2469 2465/2465/2465
f 2441/2441/2441 2467/2467/2467 2466/2466/2466
f 2470/2470/2470 2471/2471/2471 2472/2472/2472
f 2473/2473/2473 2470/2470/2470 2472/2472/2472
f 2473/2473/2473 2468/2468/2468 2470/2470/2470
f 2469/2469/2469 2454/2454/2454 2449/2449/2449
f 2469/2469/2469 2449/2449/2449 2445/2445/2445
f 2474/2474/2474 2475/2475/2475 2476/2476/2476
f 2438/2438/2438 2474/2474/2474 2476/2476/2476
f 2477/2477/2477 2474/2474/2474 2438/2438/2438
f 2477/2477/2477 2475/2475/2475 2474/2474/2474
f 2478/2478/2478 2476/2476/2476 2475/2475/2475
f 2478/2478/2478 2439/2439/2439 2476/2476/2476
f 2438/2438/2438 2476/2476/2476 2439/2439/2439
f 2454/2454/2454 2479/2479/2479 2455/2455/2455
f 2455/2455/2455 2479/2479/2479 2459/2459/2459
f 2480/2480/2480 2452/2452/2452 2481/2481/2481
f 2448/2448/2448 2482/2482/2482 2446/2446/2446
f 2448/2448/2448 2483/2483/2483 2452/2452/2452
f 2448/2448/2448 2447/2447/2447 2483/2483/2483
f 2457/2457/2457 2483/2483/2483 2447/2447/2447
f 2457/2457/2457 2452/2452/2452 2483/2483/2483
f 2467/2467/2467 2484/2484/2484 2485/2485/2485
f 2485/2485/2485 2484/2484/2484 2471/2471/2471
f 2486/2486/2486 2456/2456/2456 2472/2472/2472
f 2484/2484/2484 2480/2480/2480 2486/2486/2486
f 2481/2481/2481 2452/2452/2452 2457/2457/2457
f 2457/2457/2457 2456/2456/2456 2481/2481/2481
f 2487/2487/2487 2488/2488/2488 2435/2435/2435
f 2489/2489/2489 2490/2490/2490 2439/2439/2439
f 2488/2488/2488 2460/2460/2460 2435/2435/2435
f 2491/2491/2491 2492/2492/2492 2493/2493/2493
f 2438/2438/2438 2492/2492/2492 2491/2491/2491
f 2438/2438/2438 2491/2491/2491 2477/2477/2477
f 2491/2491/2491 2493/2493/2493 2477/2477/2477
f 2492/2492/2492 2494/2494/2494 2495/2495/2495
f 2496/2496/2496 2490/2490/2490 2489/2489/2489
f 2496/2496/2496 2489/2489/2489 2478/2478/2478
f 2492/2492/2492 2495/2495/2495 2493/2493/2493
f 2478/2478/2478 2489/2489/2489 2439/2439/2439
f 2445/2445/2445 2443/2443/2443 2469/2469/2469
f 2497/2497/2497 2498/2498/2498 2492/2492/2492
f 2498/2498/2498 2494/2494/2494 2492/2492/2492
f 2486/2486/2486 2480/2480/2480 2499/2499/2499
f 2486/2486/2486 2499/2499/2499 2456/2456/2456
f 2481/2481/2481 2456/2456/2456 2499/2499/2499
f 2481/2481/2481 2499/2499/2499 2480/2480/2480
f 2472/2472/2472 2456/2456/2456 2500/2500/2500
f 2472/2472/2472 2500/2500/2500 2473/2473/2473
f 2447/2447/2447 2473/2473/2473 2500/2500/2500
f 2447/2447/2447 2500/2500/2500 2456/2456/2456
f 2501/2501/2501 2492/2492/2492 2438/2438/2438
f 2497/2497/2497 2492/2492/2492 2501/2501/2501
f 2485/2485/2485 2471/2471/2471 2502/2502/2502
f 2467/2467/2467 2485/2485/2485 2502/2502/2502
f 2440/2440/2440 2497/2497/2497 2501/2501/2501
f 2453/2453/2453 2490/2490/2490 2496/2496/2496
f 2444/2444/2444 2467/2467/2467 2441/2441/2441
f 2448/2448/2448 2453/2453/2453 2503/2503/2503
f 2448/2448/2448 2503/2503/2503 2482/2482/2482
f 2496/2496/2496 2482/2482/2482 2503/2503/2503
f 2496/2496/2496 2503/2503/2503 2453/2453/2453
f 2477/2477/2477 2493/2493/2493 2504/2504/2504
f 2504/2504/2504 2475/2475/2475 2477/2477/2477
f 2459/2459/2459 2479/2479/2479 2436/2436/2436
f 2454/2454/2454 2505/2505/2505 2479/2479/2479
f 2490/2490/2490 2506/2506/2506 2440/2440/2440
f 2506/2506/2506 2497/2497/2497 2440/2440/2440
f 2445/2445/2445 2441/2441/2441 2443/2443/2443
f 2479/2479/2479 2507/2507/2507 2436/2436/2436
f 2479/2479/2479 2505/2505/2505 2507/2507/2507
f 2435/2435/2435 2437/2437/2437 2487/2487/2487
f 2440/2440/2440 2439/2439/2439 2490/2490/2490
f 2459/2459/2459 2436/2436/2436 2435/2435/2435
f 2440/2440/2440 2501/2501/2501 2438/2438/2438
f 2464/2464/2464 2461/2461/2461 2451/2451/2451
f 2478/2478/2478 2446/2446/2446 2508/2508/2508
f 2478/2478/2478 2508/2508/2508 2496/2496/2496
f 2496/2496/2496 2508/2508/2508 2482/2482/2482
f 2508/2508/2508 2446/2446/2446 2482/2482/2482
f 2475/2475/2475 2446/2446/2446 2478/2478/2478
f 2509/2509/2509 2471/2471/2471 2484/2484/2484
f 2472/2472/2472 2471/2471/2471 2509/2509/2509
f 2509/2509/2509 2486/2486/2486 2472/2472/2472
f 2484/2484/2484 2486/2486/2486 2509/2509/2509
f 2470/2470/2470 2468/2468/2468 2510/2510/2510
f 2470/2470/2470 2510/2510/2510 2471/2471/2471
f 2502/2502/2502 2471/2471/2471 2510/2510/2510
f 2502/2502/2502 2510/2510/2510 2468/2468/2468
f 2445/2445/2445 2449/2449/2449 2444/2444/2444
f 2465/2465/2465 2469/2469/2469 2511/2511/2511
f 2465/2465/2465 2511/2511/2511 2442/2442/2442
f 2443/2443/2443 2442/2442/2442 2511/2511/2511
f 2443/2443/2443 2511/2511/2511 2469/2469/2469
f 2512/2512/2512 2465/2465/2465 2467/2467/2467
f 2468/2468/2468 2465/2465/2465 2512/2512/2512
f 2512/2512/2512 2502/2502/2502 2468/2468/2468
f 2467/2467/2467 2502/2502/2502 2512/2512/2512
g FFRoute025
s 1
f 2513/2513/2513 2514/2514/2514 2515/2515/2515
f 2515/2515/2515 2516/2516/2516 2517/2517/2517
f 2518/2518/2518 2519/2519/2519 2520/2520/2520
f 2515/2515/2515 2521/2521/2521 2516/2516/2516
f 2515/2515/2515 2522/2522/2522 2513/2513/2513
f 2517/2517/2517 2523/2523/2523 2524/2524/2524
f 2525/2525/2525 2526/2526/2526 2527/2527/2527
f 2528/2528/2528 2529/2529/2529 2530/2530/2530
f 2527/2527/2527 2517/2517/2517 2525/2525/2525
f 2523/2523/2523 2517/2517/2517 2527/2527/2527
f 2520/2520/2520 2531/2531/2531 2532/2532/2532
f 2529/2529/2529 2533/2533/2533 2534/2534/2534
f 2533/2533/2533 2535/2535/2535 2534/2534/2534
f 2536/2536/2536 2535/2535/2535 2537/2537/2537
f 2527/2527/2527 2538/2538/2538 2523/2523/2523
f 2539/2539/2539 2525/2525/2525 2540/2540/2540
f 2527/2527/2527 2526/2526/2526 2538/2538/2538
f 2520/2520/2520 2541/2541/2541 2518/2518/2518
f 2532/2532/2532 2541/2541/2541 2520/2520/2520
f 2517/2517/2517 2524/2524/2524 2515/2515/2515
f 2526/2526/2526 2525/2525/2525 2539/2539/2539
f 2513/2513/2513 2542/2542/2542 2514/2514/2514
f 2530/2530/2530 2529/2529/2529 2543/2543/2543
f 2519/2519/2519 2531/2531/2531 2520/2520/2520
f 2544/2544/2544 2545/2545/2545 2546/2546/2546
f 2515/2515/2515 2524/2524/2524 2522/2522/2522
f 2536/2536/2536 2537/2537/2537 2547/2547/2547
f 2547/2547/2547 2537/2537/2537 2548/2548/2548
f 2549/2549/2549 2550/2550/2550 2546/2546/2546
f 2541/2541/2541 2549/2549/2549 2546/2546/2546
f 2546/2546/2546 2551/2551/2551 2544/2544/2544
f 2534/2534/2534 2543/2543/2543 2529/2529/2529
f 2552/2552/2552 2553/2553/2553 2551/2551/2551
f 2550/2550/2550 2552/2552/2552 2551/2551/2551
f 2540/2540/2540 2548/2548/2548 2539/2539/2539
f 2551/2551/2551 2553/2553/2553 2544/2544/2544
f 2531/2531/2531 2528/2528/2528 2530/2530/2530
f 2550/2550/2550 2551/2551/2551 2546/2546/2546
f 2530/2530/2530 2532/2532/2532 2531/2531/2531
f 2514/2514/2514 2554/2554/2554 2521/2521/2521
f 2546/2546/2546 2545/2545/2545 2541/2541/2541
f 2555/2555/2555 2556/2556/2556 2557/2557/2557
f 2545/2545/2545 2518/2518/2518 2541/2541/2541
f 2514/2514/2514 2542/2542/2542 2554/2554/2554
f 2544/2544/2544 2558/2558/2558 2545/2545/2545
f 2558/2558/2558 2518/2518/2518 2545/2545/2545
f 2557/2557/2557 2559/2559/2559 2555/2555/2555
f 2543/2543/2543 2532/2532/2532 2530/2530/2530
f 2515/2515/2515 2514/2514/2514 2521/2521/2521
f 2547/2547/2547 2540/2540/2540 2536/2536/2536
f 2548/2548/2548 2540/2540/2540 2547/2547/2547
f 2539/2539/2539 2548/2548/2548 2526/2526/2526
f 2524/2524/2524 2523/2523/2523 2522/2522/2522
