# Exported using wow.export v0.2.19
o 20736_Canal10i.obj
v 102.42340087890625 -128.8571319580078 -52.15308380126953
v 104.03623962402344 -128.8571319580078 -52.585243225097656
v 99.10957336425781 -128.8571319580078 -53.569236755371094
v 104.94801330566406 -128.8571319580078 -62.036964416503906
v 102.63664245605469 -128.8571319580078 -64.104248046875
v 100.02134704589844 -128.8571319580078 -63.020957946777344
v 105.25193786621094 -128.8571319580078 -65.18753814697266
v 101.72486877441406 -128.8571319580078 -54.65252685546875
v 99.41349792480469 -128.8571319580078 -56.719810485839844
v 100.41722106933594 -128.8571319580078 -54.11088180541992
v 104.34016418457031 -128.8571319580078 -55.735816955566406
v 88.5889892578125 -128.8571319580078 -46.34306716918945
v 91.133544921875 -128.8571319580078 -49.127967834472656
v 87.52413940429688 -128.8571319580078 -48.887603759765625
v 86.45928955078125 -128.8571319580078 -51.43214416503906
v 87.7315673828125 -128.8571319580078 -52.82459259033203
v 104.64408874511719 -128.8571319580078 -58.886390686035156
v 102.33271789550781 -128.8571319580078 -60.95367431640625
v 99.71742248535156 -128.8571319580078 -59.870384216308594
v 97.40605163574219 -128.8571319580078 -61.93766784667969
v 94.79075622558594 -128.8571319580078 -60.85437774658203
v 102.02879333496094 -128.8571319580078 -57.8031005859375
v 92.80802917480469 -128.85711669921875 -47.35329055786133
v 95.47377014160156 -128.85711669921875 -48.06757354736328
v 93.30365753173828 -128.85711669921875 -48.59777069091797
v 92.74638366699219 -128.8571319580078 -49.56012725830078
v 94.35922241210938 -128.8571319580078 -49.992286682128906
v 92.6582260131836 -128.8571319580078 -51.840599060058594
v 94.35922241210938 -128.8571319580078 -49.992286682128906
v 92.74638366699219 -128.8571319580078 -49.56012725830078
v 98.91510009765625 -128.85711669921875 -50.10136032104492
v 91.133544921875 -128.8571319580078 -49.127967834472656
v 98.1395034790039 -128.85711669921875 -48.7818603515625
v 90.66421508789062 -128.8571319580078 -50.730281829833984
v 90.19489288330078 -128.8571319580078 -52.33259582519531
v 97.58489227294922 -128.8571319580078 -50.856605529785156
v 100.81056213378906 -128.8571319580078 -51.720924377441406
v 100.80523681640625 -128.85711669921875 -49.49614715576172
v 95.96939086914062 -128.85711669921875 -49.31205749511719
v 89.72557067871094 -128.8571319580078 -53.93490982055664
v 94.18290710449219 -128.8571319580078 -54.55323028564453
v 89.25624084472656 -128.8571319580078 -55.53722381591797
v 87.26223754882812 -128.8571319580078 -54.42690658569336
v 86.79290771484375 -128.8571319580078 -56.02922058105469
v 84.32958221435547 -128.8571319580078 -56.52122116088867
v 103.47097778320312 -128.85711669921875 -50.21043395996094
v 91.89588928222656 -128.8571319580078 -50.484283447265625
v 88.49390411376953 -128.8571319580078 -54.180908203125
v 106.13818359375 -128.8571319580078 -55.166046142578125
v 106.44210815429688 -128.8571319580078 -58.316619873046875
v 107.63228607177734 -128.8571319580078 -51.44570541381836
v 97.10212707519531 -128.8571319580078 -58.78709411621094
v 95.79447937011719 -128.8571319580078 -58.24544906616211
v 96.79820251464844 -128.8571319580078 -55.63652038574219
v 93.17918395996094 -128.8571319580078 -57.16215896606445
v 86.94486999511719 -128.8571319580078 -57.60450744628906
v 97.30226135253906 -128.85711669921875 -49.6692008972168
v 105.8470230102539 -128.8571319580078 -61.752079010009766
v 88.4683609008789 -128.8571319580078 -41.075050354003906
v 90.61073303222656 -128.8571319580078 -41.647850036621094
v 106.47789764404297 -128.8571319580078 -60.61219787597656
v 97.58489227294922 -128.8571319580078 -50.856605529785156
v 108.21614837646484 -128.8571319580078 -46.374053955078125
v 110.15577697753906 -128.8571319580078 -46.88618087768555
v 86.39897155761719 -128.8571319580078 -48.798133850097656
v 85.39443969726562 -128.8571319580078 -53.9766845703125
v 87.46382141113281 -128.8571319580078 -46.253597259521484
v 87.43367004394531 -128.8571319580078 -44.93659210205078
v 85.36427307128906 -128.8571319580078 -52.65967559814453
v 108.92981719970703 -128.8571319580078 -51.461517333984375
v 107.703857421875 -128.8571319580078 -56.03685760498047
v 100.81056213378906 -128.8571319580078 -51.720924377441406
v 100.52793884277344 -128.85711669921875 -50.53351974487305
v 102.1407699584961 -128.85711669921875 -50.96567916870117
v 102.42340087890625 -128.8571319580078 -52.15308380126953
v 107.03720092773438 -128.8571319580078 -54.88116455078125
v 104.03623962402344 -128.8571319580078 -52.585243225097656
v 103.75360870361328 -128.85711669921875 -51.3978385925293
v 92.17546081542969 -128.8571319580078 -59.771087646484375
v 89.56016540527344 -128.8571319580078 -58.68779754638672
v 91.87153625488281 -128.8571319580078 -56.620513916015625
v 87.99624633789062 -128.8571319580078 -44.981327056884766
v 69.87549591064453 -99.3903579711914 -48.94345474243164
v 71.22523498535156 -98.52037048339844 -47.14488220214844
v 70.20553588867188 -99.04732513427734 -47.485870361328125
v 124.88133239746094 -101.01651763916016 -60.56835174560547
v 124.46222686767578 -99.2231674194336 -60.51767349243164
v 123.64453125 -99.57428741455078 -62.41904067993164
v 125.91677856445312 -102.28284454345703 -62.18172836303711
v 67.06974029541016 -104.74886322021484 -48.44411849975586
v 67.716552734375 -102.28363800048828 -49.5805549621582
v 68.12779235839844 -102.16157531738281 -48.13549041748047
v 69.42838287353516 -99.2231674194336 -45.77138137817383
v 125.16851043701172 -104.74886322021484 -64.01165008544922
v 124.40652465820312 -102.16157531738281 -63.21534729003906
v 124.04012298583984 -102.28363800048828 -64.67242431640625
v 122.4889907836914 -99.3903579711914 -63.04120635986328
v 123.22874450683594 -101.18424224853516 -64.42137145996094
v 69.18583679199219 -99.57427978515625 -47.82686233520508
v 67.33668518066406 -102.28284454345703 -46.485225677490234
v 122.93194580078125 -99.04733276367188 -61.61388397216797
v 122.2193603515625 -98.52037048339844 -60.80873107910156
v 68.54476165771484 -101.18424224853516 -49.76882553100586
v 69.04009246826172 -101.01651763916016 -45.60572052001953
v 97.390869140625 -64.12600708007812 -45.25830841064453
v 94.80083465576172 -65.64647674560547 -46.012210845947266
v 96.74546813964844 -63.482662200927734 -45.33622360229492
v 72.18449401855469 -77.91604614257812 -47.21794128417969
v 70.71221160888672 -75.0013427734375 -47.40031814575195
v 71.4092788696289 -75.38145446777344 -47.77185821533203
v 73.2402572631836 -75.73699951171875 -48.26707458496094
v 70.63406372070312 -72.84685516357422 -48.32577133178711
v 122.53592681884766 -75.00135040283203 -61.28645706176758
v 121.35208129882812 -77.91604614257812 -60.39236831665039
v 121.7464828491211 -75.38145446777344 -61.259681701660156
v 122.14088439941406 -72.84685516357422 -62.12699508666992
v 119.9132080078125 -75.73699951171875 -60.77306365966797
v 71.29315185546875 -75.38150024414062 -46.873443603515625
v 70.40180969238281 -72.84696197509766 -46.5289421081543
v 72.93746948242188 -75.75113677978516 -45.832427978515625
v 123.24044036865234 -72.84696960449219 -60.68702697753906
v 122.2962646484375 -75.38150787353516 -60.539695739746094
v 121.39274597167969 -75.75114440917969 -58.81599426269531
v 67.79365539550781 -99.84617614746094 -49.926856994628906
v 68.02976989746094 -103.63626861572266 -50.339351654052734
v 67.17485046386719 -100.15614318847656 -49.264652252197266
v 70.48680877685547 -100.4298324584961 -49.3572883605957
v 72.27582550048828 -99.42149353027344 -47.01504135131836
v 69.87549591064453 -99.3903579711914 -48.94345474243164
v 71.22523498535156 -98.52037048339844 -47.14488220214844
v 125.94493103027344 -96.67603302001953 -64.16643524169922
v 125.63571166992188 -101.44381713867188 -64.300537109375
v 124.66720581054688 -100.1561508178711 -64.66969299316406
v 69.91913604736328 -100.26090240478516 -45.23197555541992
v 68.97745513916016 -102.20173645019531 -44.9419059753418
v 69.42838287353516 -99.2231674194336 -45.77138137817383
v 125.78617095947266 -103.63629150390625 -61.92343521118164
v 125.48109436035156 -103.82771301269531 -64.36759185791016
v 93.48395538330078 -75.12353515625 -44.161415100097656
v 91.44720458984375 -74.41751098632812 -43.326168060302734
v 92.38228607177734 -75.57258605957031 -43.936370849609375
v 93.31736755371094 -76.72766876220703 -44.546573638916016
v 69.04009246826172 -101.01651763916016 -45.60572052001953
v 72.27582550048828 -99.42149353027344 -47.01504135131836
v 71.22523498535156 -98.52037048339844 -47.14488220214844
v 105.5010757446289 -75.57258605957031 -47.451541900634766
v 104.38616943359375 -76.72766876220703 -47.512451171875
v 106.89787292480469 -76.89329528808594 -48.5115966796875
v 104.43447875976562 -75.12353515625 -47.09559631347656
v 106.61598205566406 -74.41751098632812 -47.39063262939453
v 74.68519592285156 -80.75210571289062 -46.898780822753906
v 75.84645080566406 -78.62714385986328 -48.2083740234375
v 67.50103759765625 -92.15182495117188 -49.422271728515625
v 68.74821472167969 -92.15181732177734 -49.30085754394531
v 67.55754089355469 -96.05609130859375 -49.51435852050781
v 67.44454193115234 -88.24755096435547 -49.33018112182617
v 66.88223266601562 -92.4617919921875 -48.760066986083984
v 123.28654479980469 -92.15181732177734 -63.91437530517578
v 124.40087890625 -88.24755096435547 -64.59159851074219
v 124.305908203125 -92.15182495117188 -64.64310455322266
v 124.2109375 -96.05609130859375 -64.69461059570312
v 125.17290496826172 -92.4617919921875 -64.37901306152344
v 69.8040771484375 -84.74201965332031 -48.959293365478516
v 69.66927337646484 -81.23649597167969 -48.83122634887695
v 70.66259765625 -84.74202728271484 -48.005184173583984
v 68.5569076538086 -84.74201965332031 -49.08070373535156
v 69.93888092041016 -88.24754333496094 -49.08736038208008
v 70.30073547363281 -86.49478149414062 -48.54627227783203
v 122.72368621826172 -81.23650360107422 -63.04712677001953
v 122.31930541992188 -86.49478912353516 -62.484619140625
v 122.27647399902344 -84.74203491210938 -61.8350944519043
v 67.210205078125 -96.05609893798828 -46.60596466064453
v 68.09382629394531 -99.12892150878906 -45.77393341064453
v 69.26002502441406 -98.61737060546875 -45.31500244140625
v 68.97745513916016 -102.20173645019531 -44.9419059753418
v 67.39456939697266 -99.84619140625 -46.466400146484375
v 125.26748657226562 -102.20173645019531 -60.02478790283203
v 125.61670684814453 -99.12892150878906 -61.187156677246094
v 124.83622741699219 -98.61737060546875 -60.20661926269531
v 125.96592712402344 -96.05609893798828 -62.34952926635742
v 125.87605285644531 -99.84619140625 -62.13648223876953
v 67.57893371582031 -103.63629150390625 -46.326839447021484
v 68.30950927734375 -102.32640075683594 -45.966278076171875
v 67.33668518066406 -102.28284454345703 -46.485225677490234
v 125.33375549316406 -102.32640075683594 -61.24589538574219
v 125.26748657226562 -102.20173645019531 -60.02478790283203
v 124.88133239746094 -101.01651763916016 -60.56835174560547
v 125.78617095947266 -103.63629150390625 -61.92343521118164
v 125.91677856445312 -102.28284454345703 -62.18172836303711
v 70.38067626953125 -89.98614501953125 -48.58935546875
v 70.82247161865234 -91.72474670410156 -48.09135055541992
v 69.98902893066406 -95.20194244384766 -49.00355911254883
v 122.09493255615234 -91.72474670410156 -61.82978057861328
v 122.36137390136719 -91.72474670410156 -63.08531951904297
v 122.36061096191406 -95.20194244384766 -63.0364990234375
v 122.36214447021484 -88.24754333496094 -63.1341438293457
v 122.2285385131836 -89.98614501953125 -62.481964111328125
v 98.33659362792969 -65.05723571777344 -43.912879943847656
v 96.09164428710938 -66.93317413330078 -45.85637664794922
v 97.6339111328125 -64.30661010742188 -44.831626892089844
v 99.17617797851562 -61.6800422668457 -43.8068733215332
v 100.50540924072266 -64.30661010742188 -45.60103988647461
v 100.35623931884766 -65.05723571777344 -44.45404052734375
v 99.68214416503906 -61.6800422668457 -43.94244384765625
v 101.32867431640625 -66.93317413330078 -47.25963592529297
v 100.50254821777344 -64.12600708007812 -46.092079162597656
v 96.9793472290039 -64.1102294921875 -42.856109619140625
v 97.95594787597656 -64.88800048828125 -43.540611267089844
v 98.4148941040039 -61.34156799316406 -43.06233596801758
v 95.5438003540039 -66.87889862060547 -42.64988327026367
v 96.73564147949219 -63.95133972167969 -42.885009765625
v 119.34598541259766 -80.75211334228516 -58.86561584472656
v 117.6855239868164 -78.62714385986328 -59.41912841796875
v 100.87202453613281 -64.88800048828125 -44.32196807861328
v 103.40636444091797 -66.87890625 -44.756649017333984
v 102.0600357055664 -64.11023712158203 -44.21747589111328
v 100.71370697021484 -61.34156799316406 -43.67829895019531
v 122.2193603515625 -98.52037048339844 -60.80873107910156
v 124.46222686767578 -99.2231674194336 -60.51767349243164
v 124.30692291259766 -100.26090240478516 -59.80514907836914
v 121.37444305419922 -99.42149353027344 -60.17099380493164
v 102.25663757324219 -63.95133972167969 -44.364356994628906
v 123.56228637695312 -84.74202728271484 -63.81936264038086
v 122.54291534423828 -84.74201965332031 -63.09063720703125
v 122.4889907836914 -99.3903579711914 -63.04120635986328
v 122.2193603515625 -98.52037048339844 -60.80873107910156
v 121.37444305419922 -99.42149353027344 -60.17099380493164
v 121.75264739990234 -100.4298324584961 -63.09394073486328
v 123.22874450683594 -101.18424224853516 -64.42137145996094
v 122.80266571044922 -102.37065124511719 -64.9542465209961
v 124.04012298583984 -102.28363800048828 -64.67242431640625
v 123.38948822021484 -103.63626861572266 -65.17295837402344
v 125.16851043701172 -104.74886322021484 -64.01165008544922
v 92.18984985351562 -68.11962890625 -46.58809280395508
v 91.75062561035156 -67.61749267578125 -45.57080841064453
v 125.99222564697266 -73.4862060546875 -62.93262481689453
v 125.64554595947266 -75.5346450805664 -63.64637756347656
v 125.05142974853516 -73.4862060546875 -64.17231750488281
v 125.67635345458984 -75.37688446044922 -62.74282455444336
v 125.99222564697266 -73.4862060546875 -62.93262481689453
v 125.22542572021484 -74.80423736572266 -62.28192901611328
v 124.41090393066406 -75.36566925048828 -61.82650375366211
v 89.57886505126953 -70.5927734375 -47.16397476196289
v 92.83525085449219 -68.76296997070312 -46.51017761230469
v 105.23088836669922 -67.61750030517578 -49.18283462524414
v 106.31510162353516 -70.59278106689453 -51.648441314697266
v 104.34186553955078 -68.11962890625 -49.84421920776367
v 123.24827575683594 -71.84037780761719 -61.82704544067383
v 122.61660766601562 -72.16791534423828 -61.34767150878906
v 123.24044036865234 -72.84696960449219 -60.68702697753906
v 102.3686294555664 -65.646484375 -48.03999710083008
v 103.82188415527344 -68.76297760009766 -49.45404052734375
v 69.96395874023438 -91.72474670410156 -49.04545974731445
v 88.1167984008789 -76.29373931884766 -47.073341369628906
v 88.9773941040039 -77.83140563964844 -46.02958679199219
v 87.09175109863281 -78.76953887939453 -46.24179458618164
v 89.8379898071289 -79.36907958984375 -44.985836029052734
v 90.863037109375 -76.89328002929688 -45.8173828125
v 107.17977142333984 -79.36908721923828 -49.6325569152832
v 107.4031982421875 -77.8314208984375 -50.966773986816406
v 108.93009948730469 -78.76954650878906 -52.09336853027344
v 107.62661743164062 -76.29374694824219 -52.300987243652344
v 105.87628173828125 -76.8932876586914 -49.840171813964844
v 75.4731216430664 -78.65531158447266 -45.13591384887695
v 124.21839904785156 -74.80422973632812 -63.60889434814453
v 124.78360748291016 -75.37687683105469 -63.91917037963867
v 123.56058502197266 -75.36566925048828 -62.94696807861328
v 85.49757385253906 -70.95553588867188 -45.53374481201172
v 85.93679809570312 -71.45765686035156 -46.55103302001953
v 82.29473114013672 -72.32254791259766 -45.93809127807617
v 122.14088439941406 -72.84685516357422 -62.12699508666992
v 105.54938507080078 -73.96846008300781 -47.034690856933594
v 105.01116943359375 -70.64820861816406 -46.073638916015625
v 102.34959411621094 -72.6213150024414 -45.96685791015625
v 102.87797546386719 -69.75010681152344 -45.36175537109375
v 104.4827880859375 -73.5194091796875 -46.67874526977539
v 88.7004165649414 -69.58851623535156 -45.12940216064453
v 85.60366821289062 -71.52371215820312 -44.67510986328125
v 109.77569580078125 -71.4576644897461 -52.93865203857422
v 108.09314727783203 -69.58851623535156 -50.3256721496582
v 110.66471862792969 -70.95553588867188 -52.27726745605469
v 113.23628997802734 -72.32254791259766 -54.22886276245117
v 111.00215911865234 -71.52371215820312 -51.480621337890625
v 69.54258728027344 -95.03301239013672 -45.68810272216797
v 70.05463409423828 -91.55580139160156 -45.89862060546875
v 68.88844299316406 -92.06735229492188 -46.35755157470703
v 104.47947692871094 -75.57257843017578 -48.780120849609375
v 103.9236831665039 -75.12353515625 -47.7598876953125
v 103.46119689941406 -73.51940155029297 -48.00732421875
v 103.36788177490234 -74.67449188232422 -46.739654541015625
v 93.59417724609375 -75.12353515625 -44.992103576660156
v 93.87098693847656 -73.51939392089844 -45.43763732910156
v 94.58562469482422 -74.67449188232422 -44.38645553588867
v 92.60272216796875 -75.57257080078125 -45.597755432128906
v 106.75692749023438 -75.65540313720703 -47.951114654541016
v 108.13618469238281 -75.3629150390625 -48.51019287109375
v 91.0448989868164 -75.65540313720703 -43.741085052490234
v 90.64259338378906 -76.89329528808594 -44.156002044677734
v 89.57089233398438 -75.3629150390625 -43.5356330871582
v 108.27713012695312 -76.6008071899414 -49.070674896240234
v 109.65638732910156 -76.30831909179688 -49.62975311279297
v 108.41807556152344 -77.83869934082031 -49.63115692138672
v 89.1685791015625 -76.6008071899414 -43.9505500793457
v 87.69457244873047 -76.30831909179688 -43.74509811401367
v 121.37444305419922 -99.42149353027344 -60.17099380493164
v 124.30692291259766 -100.26090240478516 -59.80514907836914
v 124.40496063232422 -95.03301239013672 -60.38844680786133
v 122.07622528076172 -95.20195007324219 -60.69613265991211
v 88.76628112792969 -77.83869934082031 -44.3654670715332
v 122.02890014648438 -89.11685180664062 -61.552513122558594
v 121.82925415039062 -88.24755859375 -60.62306213378906
v 71.01829528808594 -89.11685180664062 -47.884246826171875
v 71.65591430664062 -88.24755859375 -47.179141998291016
v 122.07427978515625 -87.37117004394531 -61.55384063720703
v 70.97832489013672 -87.37117004394531 -47.862709045410156
v 70.56668090820312 -88.07859802246094 -46.10913848876953
v 70.59925079345703 -91.64028930664062 -46.433624267578125
v 123.30756378173828 -88.07859802246094 -60.24102783203125
v 123.85626220703125 -91.55580139160156 -60.314735412597656
v 124.63674926757812 -92.06735229492188 -61.29528045654297
v 123.11711120605469 -91.64028930664062 -60.50575256347656
v 69.31817626953125 -98.78630065917969 -49.72344970703125
v 68.6473159790039 -102.37065124511719 -50.44334411621094
v 68.10243225097656 -99.21337127685547 -49.978851318359375
v 123.50680541992188 -99.21337127685547 -64.82443237304688
v 122.58163452148438 -98.78630065917969 -63.9953727722168
v 122.80266571044922 -102.37065124511719 -64.9542465209961
v 123.80021667480469 -99.84617614746094 -64.93378448486328
v 86.88996887207031 -78.78410339355469 -44.57493209838867
v 109.93828582763672 -78.78411102294922 -50.75071716308594
v 86.51997375488281 -74.39313507080078 -43.779541015625
v 124.35798645019531 -104.92393493652344 -64.80380249023438
v 125.32648468017578 -106.21160125732422 -64.43464660644531
v 119.54505920410156 -78.65531158447266 -56.94496536254883
v 124.35798645019531 -104.92393493652344 -64.80380249023438
v 123.38948822021484 -103.63626861572266 -65.17295837402344
v 125.32648468017578 -106.21160125732422 -64.43464660644531
v 124.02835083007812 -101.89620971679688 -64.92132568359375
v 124.51260375976562 -102.5400390625 -64.73674774169922
v 67.37560272216797 -104.92393493652344 -49.535400390625
v 68.02976989746094 -103.63626861572266 -50.339351654052734
v 67.06974029541016 -104.74886322021484 -48.44411849975586
v 66.721435546875 -106.21160125732422 -48.73145294189453
v 66.721435546875 -106.21160125732422 -48.73145294189453
v 66.62106323242188 -103.82771301269531 -48.59607696533203
v 67.37560272216797 -104.92393493652344 -49.535400390625
v 66.52068328857422 -101.44381713867188 -48.46070098876953
v 67.27522277832031 -102.5400390625 -49.4000244140625
v 108.55902862548828 -79.07659912109375 -50.19163513183594
v 109.06134033203125 -80.66624450683594 -51.06050491333008
v 88.36398315429688 -79.07659149169922 -44.7803840637207
v 87.49452209472656 -80.6662368774414 -45.28168869018555
v 85.15106201171875 -81.96339416503906 -45.57754135131836
v 84.54650115966797 -80.08126831054688 -44.870784759521484
v 83.46923828125 -81.13253784179688 -45.39832305908203
v 81.78741455078125 -80.30167388916016 -45.21910095214844
v 82.39198303222656 -82.18380737304688 -45.92585754394531
v 111.81985473632812 -80.08126831054688 -52.17866516113281
v 112.48902130126953 -81.13253784179688 -53.174156188964844
v 114.0351333618164 -80.30167388916016 -53.85986328125
v 110.94290924072266 -81.96339416503906 -52.48845291137695
v 113.15818786621094 -82.18380737304688 -54.169647216796875
v 125.55632781982422 -104.9239501953125 -63.179039001464844
v 125.62162780761719 -104.24722290039062 -63.308189392089844
v 125.32648468017578 -106.21160125732422 -64.43464660644531
v 125.55632781982422 -104.9239501953125 -63.179039001464844
v 67.15018463134766 -104.9239501953125 -47.529144287109375
v 66.721435546875 -106.21160125732422 -48.73145294189453
v 67.02906036376953 -104.24722290039062 -47.60833740234375
v 67.15018463134766 -104.9239501953125 -47.529144287109375
v 67.57893371582031 -103.63629150390625 -46.326839447021484
v 66.1873779296875 -84.91452026367188 -47.972412109375
v 66.07292938232422 -88.24757385253906 -47.98605728149414
v 66.62249755859375 -84.66751098632812 -47.23454666137695
v 66.7906723022461 -84.6675033569336 -48.542057037353516
v 66.30183410644531 -81.58145904541016 -47.958763122558594
v 126.26079559326172 -88.24757385253906 -64.11336517333984
v 126.16850280761719 -84.91452026367188 -64.04431915283203
v 126.16061401367188 -84.66751098632812 -63.18775177001953
v 126.07621002197266 -81.58145904541016 -63.97527313232422
v 125.36121368408203 -84.6675033569336 -64.23600006103516
v 110.65640258789062 -74.39314270019531 -50.24688720703125
v 71.53070068359375 -91.7247543334961 -47.14904022216797
v 70.43299102783203 -78.54891967773438 -47.383968353271484
v 69.81187438964844 -78.50465393066406 -48.163604736328125
v 69.95448303222656 -75.7728042602539 -47.4959831237793
v 69.3319320678711 -78.30107879638672 -48.57862854003906
v 122.93400573730469 -78.50465393066406 -62.397647857666016
v 122.78591918945312 -78.54891967773438 -61.411903381347656
v 123.14431762695312 -75.7728042602539 -61.7481689453125
v 123.14213562011719 -78.30108642578125 -62.997047424316406
v 69.62811279296875 -78.42018127441406 -46.788475036621094
v 69.3017349243164 -81.06756591796875 -46.080970764160156
v 69.06007385253906 -78.21661376953125 -46.5057487487793
v 123.78071594238281 -78.42018127441406 -61.29863739013672
v 124.4171142578125 -81.06756591796875 -60.84910202026367
v 124.41400909423828 -78.21661376953125 -61.33780288696289
v 125.16851043701172 -104.74886322021484 -64.01165008544922
v 67.06974029541016 -104.74886322021484 -48.44411849975586
v 68.54476165771484 -101.18424224853516 -49.76882553100586
v 66.31993103027344 -96.676025390625 -48.1899528503418
v 96.50176239013672 -63.32375717163086 -45.36512756347656
v 96.13905334472656 -63.033775329589844 -44.584434509277344
v 98.20269012451172 -61.00103759765625 -44.718040466308594
v 94.0754165649414 -65.06651306152344 -44.45082473754883
v 97.64395904541016 -60.74062728881836 -44.00029754638672
v 103.77755737304688 -65.06651306152344 -47.050506591796875
v 101.21912384033203 -63.32376480102539 -46.6291389465332
v 101.923583984375 -63.03377914428711 -46.13439178466797
v 100.06961822509766 -61.00104522705078 -45.21828079223633
v 100.91236877441406 -60.74062728881836 -44.87606430053711
v 68.6473159790039 -102.37065124511719 -50.44334411621094
v 67.716552734375 -102.28363800048828 -49.5805549621582
v 112.6968002319336 -78.19913482666016 -51.86887741088867
v 83.94194030761719 -78.19913482666016 -44.16402816772461
v 118.11697387695312 -73.0982666015625 -57.93285369873047
v 121.15485382080078 -73.47654724121094 -58.677101135253906
v 120.6787109375 -72.97261810302734 -59.309940338134766
v 122.61660766601562 -72.16791534423828 -61.34767150878906
v 73.21294403076172 -73.47654724121094 -45.831092834472656
v 73.30888366699219 -72.97261047363281 -46.617218017578125
v 76.21595001220703 -73.0982666015625 -46.70549774169922
v 70.61173248291016 -72.16791534423828 -47.41299057006836
v 125.23567199707031 -78.22655487060547 -62.04431915283203
v 68.81841278076172 -75.36566925048828 -46.93052673339844
v 67.9952392578125 -78.22655487060547 -46.70677947998047
v 124.0111083984375 -78.22654724121094 -63.652801513671875
v 68.25150299072266 -78.22654724121094 -48.71204376220703
v 68.99459075927734 -75.36566162109375 -48.32603454589844
v 125.86555480957031 -100.15615844726562 -63.04493713378906
v 125.4299087524414 -78.47917175292969 -63.94721984863281
v 124.46163177490234 -81.08743286132812 -64.35863494873047
v 66.83924865722656 -75.5346450805664 -47.88925552368164
v 66.87557220458984 -78.47916412353516 -48.25761795043945
v 67.44931030273438 -75.37686920166016 -48.55647277832031
v 67.50841522216797 -81.08743286132812 -49.09805679321289
v 101.1069107055664 -61.02377700805664 -43.97206115722656
v 102.6793441772461 -63.166412353515625 -45.20653533935547
v 104.44631958007812 -65.59220123291016 -45.53700637817383
v 97.92748260498047 -61.02377700805664 -43.12013626098633
v 95.94847869873047 -63.166412353515625 -43.40300750732422
v 94.25299835205078 -65.59220123291016 -42.80571365356445
v 124.87257385253906 -98.2611083984375 -64.55010986328125
v 66.94943237304688 -100.15615844726562 -47.25839614868164
v 125.87628173828125 -78.47917175292969 -63.359046936035156
v 126.06044006347656 -81.08744049072266 -62.26213836669922
v 66.78309631347656 -78.47917175292969 -47.525062561035156
v 67.26435089111328 -75.37688446044922 -47.09135818481445
v 67.17205810546875 -81.08744049072266 -46.483036041259766
v 122.05662536621094 -97.81588745117188 -63.06521987915039
v 121.86752319335938 -97.31172180175781 -61.60374450683594
v 70.2379150390625 -97.81588745117188 -49.180423736572266
v 71.13243103027344 -97.31172180175781 -48.009300231933594
v 72.27582550048828 -99.42149353027344 -47.01504135131836
v 71.4054946899414 -95.20195007324219 -47.11893844604492
v 119.91316223144531 -73.12294006347656 -60.2445068359375
v 117.209716796875 -74.07796478271484 -59.1413459777832
v 73.50456237792969 -73.12294006347656 -47.809349060058594
v 76.39739990234375 -74.07796478271484 -48.20570755004883
v 99.67642211914062 -61.31884765625 -44.92451858520508
v 79.63289642333984 -82.40421295166016 -46.27417755126953
v 98.69010162353516 -61.31884765625 -44.66023635864258
v 81.98920440673828 -80.287109375 -46.885963439941406
v 115.37346649169922 -82.40421295166016 -55.85084533691406
v 113.02694702148438 -80.287109375 -55.2025146484375
v 123.12318420410156 -84.65756225585938 -60.736083984375
v 123.86233520507812 -84.57308197021484 -60.545066833496094
v 125.31950378417969 -84.65756225585938 -61.523929595947266
v 70.47882080078125 -84.65756225585938 -46.63005828857422
v 69.9342041015625 -84.57308197021484 -46.095054626464844
v 68.1828384399414 -84.65756225585938 -46.214195251464844
v 119.06926727294922 -74.10613250732422 -56.66717529296875
v 76.02407836914062 -74.10613250732422 -45.13323974609375
v 122.42752838134766 -81.32504272460938 -61.07564163208008
v 70.9114990234375 -81.32503509521484 -47.27195358276367
v 116.49021911621094 -73.78252410888672 -54.651371002197266
v 116.15277862548828 -73.21434020996094 -55.448020935058594
v 118.11697387695312 -73.0982666015625 -57.93285369873047
v 79.2655029296875 -73.78251647949219 -44.677024841308594
v 79.15940856933594 -73.21434020996094 -45.535667419433594
v 76.21595001220703 -73.0982666015625 -46.70549774169922
v 101.8391342163086 -69.7772445678711 -46.61324691772461
v 102.95072937011719 -70.67533111572266 -48.65371322631836
v 101.03033447265625 -68.43443298339844 -44.96563720703125
v 95.97276306152344 -69.7772445678711 -45.041358947753906
v 95.8538818359375 -72.6213150024414 -44.22633743286133
v 93.9898681640625 -70.67532348632812 -46.252655029296875
v 97.49700927734375 -68.43443298339844 -44.01888656616211
v 67.05679321289062 -98.26110076904297 -49.05840301513672
v 126.22188568115234 -88.24756622314453 -62.19875717163086
v 67.0639419555664 -88.24756622314453 -46.3474235534668
v 84.34551239013672 -78.16999816894531 -47.49775314331055
v 80.09597778320312 -78.39857482910156 -47.853065490722656
v 110.68043518066406 -78.16999816894531 -54.55418014526367
v 114.1829833984375 -78.39857482910156 -56.986656188964844
v 79.70753479003906 -78.4272232055664 -44.64997100830078
v 116.12092590332031 -78.4272232055664 -54.40692138671875
v 79.25534057617188 -72.71040344238281 -46.32179260253906
v 79.5732192993164 -73.26543426513672 -47.24155807495117
v 86.25467681884766 -72.01268768310547 -47.470794677734375
v 87.40928649902344 -73.92504119873047 -47.21327590942383
v 82.93048858642578 -73.43260192871094 -47.777618408203125
v 108.16937255859375 -73.925048828125 -52.77592468261719
v 109.04052734375 -72.0126953125 -53.57625198364258
v 111.76594543457031 -73.43260192871094 -55.50406265258789
v 105.5311508178711 -70.00485229492188 -46.46382141113281
v 92.85009765625 -70.00485229492188 -43.065940856933594
v 93.49549865722656 -70.64820861816406 -42.9880256652832
v 69.91913604736328 -100.26090240478516 -45.23197555541992
v 108.61600494384766 -70.58714294433594 -48.62489700317383
v 89.0979995727539 -70.5871353149414 -43.395057678222656
v 70.48680877685547 -100.4298324584961 -49.3572883605957
v 121.75264739990234 -100.4298324584961 -63.09394073486328
v 104.57279205322266 -74.41748809814453 -50.04779052734375
v 91.8880844116211 -74.41748046875 -46.64893341064453
v 66.69194030761719 -92.4617919921875 -47.2686882019043
v 126.08340454101562 -92.46179962158203 -63.182594299316406
v 79.6639404296875 -73.75527954101562 -47.991661071777344
v 80.3714599609375 -76.12397766113281 -47.85173034667969
v 116.72811889648438 -76.05711364746094 -54.79026794433594
v 78.99002075195312 -76.05711364746094 -44.67836380004883
v 113.94507598876953 -76.12397766113281 -56.84776306152344
v 114.48783111572266 -73.75527954101562 -57.32270431518555
v 114.94145965576172 -73.26543426513672 -56.71846008300781
v 91.67549896240234 -68.08966827392578 -43.10038757324219
v 91.58670806884766 -67.82682800292969 -43.922943115234375
v 113.91117095947266 -73.45891571044922 -52.63556671142578
v 82.50691986083984 -73.45890808105469 -44.2208137512207
v 106.53115844726562 -68.08967590332031 -47.08095169067383
v 106.19677734375 -67.82682800292969 -47.83769989013672
v 93.65054321289062 -73.5194091796875 -43.77625274658203
v 77.55300903320312 -80.5297622680664 -45.705047607421875
v 117.45925903320312 -80.5297622680664 -56.39790344238281
v 115.6766357421875 -72.71040344238281 -56.08085632324219
v 77.73966979980469 -80.51567840576172 -47.241275787353516
v 116.52949523925781 -80.51567840576172 -57.634986877441406
v 91.3879165649414 -67.3275146484375 -44.79011535644531
v 105.93534851074219 -67.3275146484375 -48.688087463378906
v 67.13706970214844 -92.1518325805664 -46.47669219970703
v 126.09390258789062 -92.1518325805664 -62.27414321899414
v 73.51573181152344 -73.46240997314453 -48.26573944091797
v 119.67530059814453 -73.46240997314453 -60.63417053222656
v 70.61173248291016 -72.16791534423828 -47.41299057006836
v 69.82500457763672 -71.84037017822266 -47.51231002807617
v 70.40180969238281 -72.84696197509766 -46.5289421081543
v 66.89588928222656 -73.4862060546875 -47.0977897644043
v 67.88529968261719 -74.80423736572266 -46.91767883300781
v 101.02252197265625 -63.482666015625 -46.48225784301758
v 102.776611328125 -63.30799102783203 -44.75453186035156
v 96.09024047851562 -63.30799102783203 -42.96292495727539
v 121.95274353027344 -91.7247543334961 -60.65959930419922
v 66.19642639160156 -92.46179962158203 -48.08800506591797
v 126.10285949707031 -92.46180725097656 -64.13990020751953
v 71.28370666503906 -84.78630065917969 -47.225547790527344
v 73.4138412475586 -72.63308715820312 -47.059242248535156
v 120.36679077148438 -72.63308715820312 -59.640262603759766
v 67.21820068359375 -78.23216247558594 -46.78719711303711
v 125.86839294433594 -78.23216247558594 -62.502479553222656
v 102.34496307373047 -62.90357208251953 -45.963287353515625
v 95.85968780517578 -62.90357208251953 -44.225563049316406
v 67.47886657714844 -78.23214721679688 -48.82726287841797
v 124.62261962890625 -78.2321548461914 -64.13890075683594
v 67.47647857666016 -84.66749572753906 -49.21411895751953
v 124.43125915527344 -84.66749572753906 -64.47511291503906
v 67.11799621582031 -84.6675033569336 -46.41522979736328
v 126.14115905761719 -84.6675033569336 -62.230445861816406
v 81.46598052978516 -77.12812805175781 -44.42119598388672
v 114.71246337890625 -77.12812805175781 -53.32957458496094
v 70.63406372070312 -72.84685516357422 -48.32577133178711
v 122.12838745117188 -84.78630065917969 -60.84934997558594
v 67.0907974243164 -73.48619842529297 -48.64179992675781
v 68.09394073486328 -74.80422973632812 -48.570377349853516
v 85.80245971679688 -72.02302551269531 -43.80793762207031
v 111.26358795166016 -72.02302551269531 -50.63023376464844
v 95.69883728027344 -69.75010681152344 -43.4381103515625
v 66.89588928222656 -73.4862060546875 -47.0977897644043
v 74.72775268554688 -124.72895812988281 -44.98564529418945
v 72.83244323730469 -124.72895812988281 -44.4777946472168
v 73.81619262695312 -124.72694396972656 -43.13429260253906
v 114.44943237304688 -124.72118377685547 -61.0458984375
v 113.51432800292969 -124.72123718261719 -59.61055374145508
v 114.47454071044922 -124.72128295898438 -58.68305969238281
v 112.5792236328125 -124.72128295898438 -58.175209045410156
v 111.60645294189453 -124.72118377685547 -60.284122467041016
v 109.94552612304688 -124.72090148925781 -61.91829299926758
v 82.67668914794922 -124.72090148925781 -44.11815643310547
v 82.90000915527344 -124.72090148925781 -47.608985900878906
v 82.06336975097656 -124.72090148925781 -44.244972229003906
v 75.25572204589844 -124.72593688964844 -42.716461181640625
v 74.76384735107422 -124.72694396972656 -43.388214111328125
v 116.36985778808594 -124.72128295898438 -59.19091033935547
v 116.39496612548828 -124.72137451171875 -56.82807159423828
v 117.3426284790039 -124.72137451171875 -57.08199691772461
v 124.24127197265625 -124.6845703125 -60.97200012207031
v 124.91114044189453 -124.72090911865234 -61.1514892578125
v 123.28727722167969 -124.70274353027344 -65.8721923828125
v 120.99354553222656 -124.64822387695312 -70.41339874267578
v 122.33328247070312 -124.72090911865234 -70.77237701416016
v 118.31539916992188 -124.72147369384766 -54.97308349609375
v 118.290283203125 -124.72137451171875 -57.33592224121094
v 117.5257797241211 -124.70301818847656 -61.99653244018555
v 119.06394958496094 -124.69393157958984 -62.47184753417969
v 118.68170166015625 -124.68475341796875 -64.80215454101562
v 119.44620513916016 -124.70310974121094 -60.141544342041016
v 120.60212707519531 -124.68484497070312 -62.947166442871094
v 119.64191436767578 -124.68479919433594 -63.87466049194336
v 117.90803527832031 -124.71219635009766 -59.666229248046875
v 119.82846069335938 -124.71229553222656 -57.811241149902344
v 121.36663055419922 -124.70320892333984 -58.286556243896484
v 120.21070861816406 -124.72147369384766 -55.480934143066406
v 80.55805969238281 -124.72090911865234 -40.11948013305664
v 78.62665557861328 -124.72291564941406 -41.20906066894531
v 78.66275024414062 -124.72090911865234 -39.611629486083984
v 76.69525146484375 -124.72492980957031 -42.29863739013672
v 82.453369140625 -124.72090911865234 -40.6273307800293
v 75.71150207519531 -124.72694396972656 -43.64214324951172
v 76.6591567993164 -124.72694396972656 -43.89606475830078
v 120.21987915039062 -124.67566680908203 -65.27747344970703
v 80.52196502685547 -124.72291564941406 -41.71691131591797
v 79.57431030273438 -124.72291564941406 -41.462982177734375
v 122.6174087524414 -124.66639709472656 -65.69270324707031
v 121.75804901123047 -124.66658020019531 -65.75279235839844
v 110.63368225097656 -124.72108459472656 -62.393035888671875
v 108.68814849853516 -124.72089385986328 -66.6108627319336
v 114.49964904785156 -124.72137451171875 -56.320220947265625
v 82.25836944580078 -124.72090148925781 -42.43614959716797
v 116.47029876708984 -124.72166442871094 -49.73955154418945
v 112.46027374267578 -124.72090148925781 -52.53314971923828
v 113.7176513671875 -124.72090911865234 -47.840579986572266
v 78.2005615234375 -124.72492980957031 -46.42412567138672
v 78.39556121826172 -124.72492980957031 -44.61530685424805
v 80.1319580078125 -124.72291564941406 -45.33454895019531
v 78.59056091308594 -124.72492980957031 -42.806488037109375
v 72.60134887695312 -124.73097229003906 -47.8840446472168
v 72.79634857177734 -124.73097229003906 -46.075225830078125
v 74.33775329589844 -124.72895812988281 -48.60328674316406
v 70.86494445800781 -124.73298645019531 -47.16480255126953
v 72.40634155273438 -124.73097229003906 -49.69286346435547
v 74.53275299072266 -124.72895812988281 -46.794464111328125
v 76.26914978027344 -124.72694396972656 -47.513702392578125
v 76.46415710449219 -124.72694396972656 -45.70488739013672
v 113.83659362792969 -124.72128295898438 -53.482635498046875
v 111.20289611816406 -124.72090148925781 -57.22572326660156
v 111.83158874511719 -124.72090148925781 -54.87943649291992
v 116.42007446289062 -124.72147369384766 -54.465232849121094
v 120.26093292236328 -124.72166442871094 -50.755252838134766
v 114.52476501464844 -124.72147369384766 -53.95738220214844
v 122.15625 -124.72166442871094 -51.26310348510742
v 124.05156707763672 -124.72166442871094 -51.77095413208008
v 122.99966430664062 -124.67557525634766 -63.362396240234375
v 125.8651351928711 -124.70274353027344 -56.251304626464844
v 75.78369140625 -124.72291564941406 -40.44728088378906
v 74.87212371826172 -124.72090911865234 -38.59592819213867
v 127.48899841308594 -124.72090911865234 -51.53060531616211
v 68.93354034423828 -124.73500061035156 -48.25437927246094
v 67.00213623046875 -124.73700714111328 -49.34395980834961
v 68.96963500976562 -124.73298645019531 -46.656951904296875
v 70.47494506835938 -124.73297882080078 -50.782440185546875
v 79.74195861816406 -124.72291564941406 -48.952186584472656
v 77.81055450439453 -124.72492980957031 -50.04176330566406
v 81.6733627319336 -124.72090148925781 -47.86260986328125
v 81.28335571289062 -124.72090148925781 -51.480247497558594
v 79.35195922851562 -124.72291564941406 -52.56982421875
v 80.89335632324219 -124.72089385986328 -55.09788513183594
v 77.42054748535156 -124.72492218017578 -53.65940475463867
v 73.94774627685547 -124.72895050048828 -52.220924377441406
v 122.52255249023438 -124.68494415283203 -61.09217834472656
v 70.9371337890625 -124.72895812988281 -43.96994400024414
v 68.50186157226562 -124.73298645019531 -46.24046325683594
v 70.0015869140625 -124.72895812988281 -43.13697052001953
v 117.91719818115234 -124.66638946533203 -69.4627685546875
v 119.8376235961914 -124.66648864746094 -67.60777282714844
v 74.79994201660156 -124.72492980957031 -41.79078674316406
v 115.60535430908203 -124.70291900634766 -63.85152053833008
v 113.68492889404297 -124.70281982421875 -65.70651245117188
v 114.84085083007812 -124.68455505371094 -68.51213073730469
v 112.52900695800781 -124.72108459472656 -62.90088653564453
v 111.76449584960938 -124.70272827148438 -67.56149291992188
v 123.28706359863281 -124.70330810546875 -56.43156433105469
v 126.50431060791016 -124.7212905883789 -51.265506744384766
v 110.57421112060547 -124.72090148925781 -59.57200622558594
v 114.59873962402344 -124.7212905883789 -48.075416564941406
v 112.55411529541016 -124.72118377685547 -60.538047790527344
v 72.43685913085938 -124.72492980957031 -40.86644744873047
v 72.90463256835938 -124.72492980957031 -41.282936096191406
v 83.90333557128906 -124.72090148925781 -43.86453628540039
v 71.50131225585938 -124.72492980957031 -40.033477783203125
v 68.60897064208984 -124.73097229003906 -44.51664733886719
v 73.00104522705078 -124.72090911865234 -36.92998123168945
v 70.21580505371094 -124.72492980957031 -39.6893310546875
v 70.90103912353516 -124.73097229003906 -45.56737518310547
v 116.76127624511719 -124.68465423583984 -66.65714263916016
v 74.34416198730469 -124.72392272949219 -40.8651123046875
v 114.61198425292969 -124.68455505371094 -69.06459045410156
v 84.90666961669922 -124.72090911865234 -40.120086669921875
v 83.17835235595703 -124.72090148925781 -42.245933532714844
v 70.4300308227539 -124.72090911865234 -36.2416877746582
v 81.86836242675781 -124.72090148925781 -46.05379104614258
v 124.14642333984375 -124.70311737060547 -56.37147521972656
v 117.68833923339844 -124.6663818359375 -70.01522827148438
v 116.3790283203125 -124.67547607421875 -68.9874496459961
v 113.55199432373047 -124.72137451171875 -56.0662956237793
v 112.86383056640625 -124.72119140625 -55.591552734375
v 69.57305908203125 -124.72492980957031 -39.51725769042969
v 68.71607971191406 -124.72895812988281 -42.792823791503906
v 67.8591079711914 -124.73298645019531 -46.068389892578125
v 120.53582000732422 -124.64820861816406 -71.51831817626953
v 119.22650909423828 -124.65730285644531 -70.49053955078125
v 81.89668273925781 -124.72090148925781 -51.35343551635742
v 119.45536804199219 -124.65730285644531 -69.93807983398438
v 126.2000732421875 -124.72090911865234 -56.34104919433594
v 123.62220764160156 -124.72090911865234 -65.96192932128906
v 115.98760986328125 -124.71209716796875 -61.521217346191406
v 74.13227081298828 -109.64437103271484 -44.07261657714844
v 70.23353576660156 -110.43651580810547 -44.93389129638672
v 72.67841339111328 -109.64464569091797 -47.58277893066406
v 70.07683563232422 -109.65113830566406 -41.26250457763672
v 68.42771911621094 -109.65113830566406 -40.06720733642578
v 67.93099212646484 -110.35749053955078 -42.3406867980957
v 68.20125579833984 -110.43707275390625 -49.84065246582031
v 68.13697814941406 -111.1208724975586 -46.93975067138672
v 66.0404281616211 -111.80522918701172 -48.94561004638672
v 71.22455596923828 -109.6449203491211 -51.09294509887695
v 70.72904968261719 -110.04071807861328 -48.01342010498047
v 67.58736419677734 -111.80179595947266 -43.841548919677734
v 103.21983337402344 -87.18940734863281 -52.3664665222168
v 100.83128356933594 -83.106689453125 -51.72646713256836
v 104.09272766113281 -83.77641296386719 -51.48870086669922
v 107.35417938232422 -84.4461441040039 -51.25093460083008
v 105.30120849609375 -80.83103942871094 -50.700843811035156
v 90.92825317382812 -116.33370208740234 -49.07295227050781
v 90.85981750488281 -112.15922546386719 -49.05461120605469
v 91.34687042236328 -116.33370208740234 -48.62928009033203
v 90.9966812133789 -120.5081787109375 -49.09128952026367
v 90.92825317382812 -116.33370208740234 -49.07295227050781
v 90.9966812133789 -120.5081787109375 -49.09128952026367
v 90.4587631225586 -116.33370208740234 -48.66923904418945
v 90.85981750488281 -112.15922546386719 -49.05461120605469
v 90.58609008789062 -95.4613265991211 -48.98125076293945
v 90.25346374511719 -103.81027221679688 -48.614219665527344
v 90.1850357055664 -99.63580322265625 -48.59587860107422
v 90.3218994140625 -107.98474884033203 -48.63256072998047
v 89.78398132324219 -103.81027221679688 -48.210506439208984
v 107.88185119628906 -124.6826400756836 -51.39232635498047
v 108.10136413574219 -120.50816345214844 -51.45114517211914
v 108.0262222290039 -122.59540557861328 -51.11177062988281
v 107.66233825683594 -128.85711669921875 -51.33351135253906
v 107.88185119628906 -124.6826400756836 -51.39232635498047
v 107.66233825683594 -128.85711669921875 -51.33351135253906
v 107.27340698242188 -124.68264770507812 -51.5072135925293
v 108.10136413574219 -120.50816345214844 -51.45114517211914
v 106.119140625 -109.02836608886719 -52.101158142089844
v 106.10661315917969 -112.15922546386719 -52.028324127197266
v 105.71768188476562 -107.98474884033203 -52.2020263671875
v 106.13166046142578 -105.89751434326172 -52.17399597167969
v 90.58609008789062 -95.4613265991211 -48.98125076293945
v 92.18741607666016 -91.32536315917969 -48.298667907714844
v 92.45767974853516 -95.46131896972656 -47.25942611694336
v 92.99783325195312 -91.66698455810547 -47.40415954589844
v 91.91715240478516 -87.18940734863281 -49.33790969848633
v 106.9345703125 -107.98474884033203 -51.97225570678711
v 91.56568145751953 -99.63580322265625 -48.13207244873047
v 106.54563903808594 -103.81027221679688 -52.145957946777344
v 106.14418029785156 -102.76666259765625 -52.246829986572266
v 106.15670776367188 -99.63580322265625 -52.319664001464844
v 103.21983337402344 -87.18940734863281 -52.3664665222168
v 103.88536071777344 -91.32536315917969 -52.5447998046875
v 102.71149444580078 -87.87265014648438 -50.00693893432617
v 104.55088806152344 -95.4613265991211 -52.72313690185547
v 103.88536071777344 -91.32536315917969 -52.5447998046875
v 106.31913757324219 -91.32536315917969 -52.08525848388672
v 105.32875061035156 -103.81027221679688 -52.375732421875
v 108.75990295410156 -107.9847412109375 -51.62759780883789
v 108.54039001464844 -112.15921783447266 -51.56877899169922
v 108.15145874023438 -107.9847412109375 -51.74248504638672
v 92.76423645019531 -124.6826400756836 -47.34156036376953
v 92.53028869628906 -124.68264770507812 -47.556785583496094
v 92.25254821777344 -120.50817108154297 -47.76028060913086
v 92.80802917480469 -128.85711669921875 -47.35329055786133
v 91.69304656982422 -124.68264770507812 -48.444122314453125
v 91.97480773925781 -116.33369445800781 -47.963775634765625
v 91.69705963134766 -112.15922546386719 -48.16727066040039
v 91.41529846191406 -120.5081787109375 -48.647621154785156
v 91.67516326904297 -110.07198333740234 -48.161407470703125
v 91.4193115234375 -107.98474884033203 -48.370765686035156
v 91.14157104492188 -103.81027221679688 -48.57426071166992
v 89.38292694091797 -107.98474884033203 -47.82513427734375
v 88.98187255859375 -112.15922546386719 -47.439762115478516
v 88.44395446777344 -107.98474884033203 -47.01770782470703
v 90.23597717285156 -126.76988983154297 -48.19267272949219
v 90.59562683105469 -124.68265533447266 -48.70591735839844
v 91.133544921875 -128.8571319580078 -49.127967834472656
v 90.05770874023438 -120.5081787109375 -48.28386688232422
v 74.28572845458984 -119.61797332763672 -38.4388313293457
v 73.37311553955078 -122.2546615600586 -37.61170959472656
v 71.87410736083984 -119.78841400146484 -36.62749099731445
v 73.00104522705078 -124.72090911865234 -36.92998123168945
v 74.87212371826172 -124.72090911865234 -38.59592819213867
v 89.51979064941406 -116.33370208740234 -47.86181640625
v 115.88384246826172 -119.61873626708984 -49.582420349121094
v 114.970947265625 -122.25541687011719 -48.75652313232422
v 113.47159576416016 -119.78916931152344 -47.773494720458984
v 114.59873962402344 -124.7212905883789 -48.075416564941406
v 116.47029876708984 -124.72166442871094 -49.73955154418945
v 89.24606323242188 -99.63580322265625 -47.7884521484375
v 107.76252746582031 -103.81027221679688 -51.91618728637695
v 108.97941589355469 -103.81027221679688 -51.68641662597656
v 104.42222595214844 -103.81027221679688 -52.688663482666016
v 104.9398193359375 -99.63580322265625 -52.549434661865234
v 86.03392028808594 -119.78841400146484 -40.42159652709961
v 84.90666961669922 -124.72090911865234 -40.120086669921875
v 83.97322082519531 -122.16944122314453 -40.45228576660156
v 83.0397720336914 -119.61797332763672 -40.784488677978516
v 108.75398254394531 -110.07198333740234 -50.66828918457031
v 108.54039001464844 -112.15921783447266 -51.56877899169922
v 108.82913208007812 -107.9847412109375 -51.00766372680664
v 82.453369140625 -124.72090911865234 -40.6273307800293
v 108.97941589355469 -103.81027221679688 -51.68641662597656
v 109.11786651611328 -103.81027221679688 -50.44654846191406
v 127.63138580322266 -119.78916931152344 -51.567596435546875
v 125.57109832763672 -122.17001342773438 -51.5968017578125
v 124.63788604736328 -119.61873626708984 -51.92809295654297
v 108.67884063720703 -112.15922546386719 -50.328914642333984
v 108.96757507324219 -107.98474884033203 -49.767799377441406
v 124.05156707763672 -124.72166442871094 -51.77095413208008
v 126.50431060791016 -124.7212905883789 -51.265506744384766
v 108.81729125976562 -112.15922546386719 -49.08905029296875
v 108.39010620117188 -116.33369445800781 -50.89002990722656
v 107.95108032226562 -124.68264770507812 -50.772396087646484
v 108.23981475830078 -120.50817108154297 -50.211280822753906
v 108.08953094482422 -124.68264770507812 -49.53253173828125
v 108.52854919433594 -116.33369445800781 -49.65016555786133
v 108.66700744628906 -116.33370208740234 -48.410301208496094
v 88.22709655761719 -116.33369445800781 -45.48627471923828
v 88.78475952148438 -116.33369445800781 -44.35655212402344
v 88.83998107910156 -112.15922546386719 -43.731773376464844
v 88.72953796386719 -120.50817108154297 -44.98133087158203
v 89.28266906738281 -116.33370208740234 -43.210792541503906
v 89.17222595214844 -124.68264770507812 -44.460350036621094
v 88.67431640625 -124.68264770507812 -45.606109619140625
v 88.61910247802734 -128.85711669921875 -46.23088455200195
v 109.55484008789062 -99.63579559326172 -46.72509765625
v 109.36359405517578 -103.81027221679688 -46.674949645996094
v 109.51388549804688 -99.63579559326172 -47.35369873046875
v 109.74607849121094 -95.46131896972656 -46.775245666503906
v 108.78987121582031 -116.33370208740234 -46.524497985839844
v 108.5986328125 -120.5081787109375 -46.47434997558594
v 108.74891662597656 -116.33370208740234 -47.153099060058594
v 108.98110961914062 -112.15922546386719 -46.574649810791016
v 109.04948425292969 -107.98474884033203 -48.510597229003906
v 109.28168487548828 -103.81027221679688 -47.93214797973633
v 109.13139343261719 -107.98474884033203 -47.25339889526367
v 108.5167236328125 -120.5081787109375 -47.73155212402344
v 87.27742767333984 -103.81027221679688 -45.87138748168945
v 87.77987670898438 -107.9847412109375 -45.36643981933594
v 87.83509063720703 -103.81027221679688 -44.74166488647461
v 87.72465515136719 -112.15921783447266 -45.99121856689453
v 88.33753967285156 -107.98474884033203 -44.236717224121094
v 89.39311218261719 -107.98474884033203 -41.96123504638672
v 88.89520263671875 -107.98474884033203 -43.10699462890625
v 88.95042419433594 -103.81027221679688 -42.482215881347656
v 104.39167785644531 -99.63580322265625 -52.402557373046875
v 104.42222595214844 -103.81027221679688 -52.688663482666016
v 104.23246002197266 -103.81027221679688 -52.08198165893555
v 104.01214599609375 -99.63579559326172 -51.1891975402832
v 104.55088806152344 -95.4613265991211 -52.72313690185547
v 104.13435363769531 -116.33370208740234 -52.33361053466797
v 104.16490173339844 -120.5081787109375 -52.61971664428711
v 103.97513580322266 -120.5081787109375 -52.01303482055664
v 104.29356384277344 -112.15922546386719 -52.65419006347656
v 103.91403198242188 -112.15922546386719 -51.440826416015625
v 108.75990295410156 -107.9847412109375 -51.62759780883789
v 108.20816040039062 -119.46455383300781 -51.00090026855469
v 108.93592834472656 -106.94113159179688 -50.55741882324219
v 94.3056640625 -83.106689453125 -49.977909088134766
v 93.92182159423828 -85.48966979980469 -48.763404846191406
v 93.53797912597656 -87.87265014648438 -47.54889678955078
v 95.46865844726562 -84.32400512695312 -48.066219329833984
v 124.0514907836914 -116.76508331298828 -51.77094650268555
v 122.44937133789062 -114.30338287353516 -51.341670989990234
v 124.59588623046875 -115.09494018554688 -51.335533142089844
v 126.7424087524414 -115.88648986816406 -51.32939529418945
v 108.5720443725586 -113.20283508300781 -50.77915954589844
v 91.6094741821289 -103.81027221679688 -48.14380645751953
v 91.6313705444336 -105.89750671386719 -48.14967346191406
v 108.32087707519531 -116.33369445800781 -51.50996398925781
v 107.71243286132812 -116.33369445800781 -51.624847412109375
v 108.32087707519531 -116.33369445800781 -51.50996398925781
v 109.19892883300781 -99.63579559326172 -51.74523162841797
v 108.59048461914062 -99.63579559326172 -51.8601188659668
v 109.41844177246094 -95.46131896972656 -51.80405044555664
v 109.19892883300781 -99.63579559326172 -51.74523162841797
v 109.41844177246094 -95.46131896972656 -51.80405044555664
v 109.26815795898438 -99.63579559326172 -51.12529754638672
v 103.47097778320312 -128.85711669921875 -50.21043395996094
v 103.5110855102539 -124.6826400756836 -50.22118377685547
v 103.77366638183594 -126.76988220214844 -51.40321350097656
v 108.40739440917969 -124.68265533447266 -46.42420196533203
v 108.21614837646484 -128.8571319580078 -46.374053955078125
v 108.36643981933594 -124.68265533447266 -47.05280303955078
v 87.05381774902344 -99.63579559326172 -45.81147003173828
v 86.8302001953125 -95.46131896972656 -45.751556396484375
v 87.36811828613281 -99.63579559326172 -46.173606872558594
v 87.27742767333984 -103.81027221679688 -45.87138748168945
v 87.05381774902344 -99.63579559326172 -45.81147003173828
v 87.3326416015625 -99.63579559326172 -45.246612548828125
v 86.8302001953125 -95.46131896972656 -45.751556396484375
v 88.4507064819336 -120.50817108154297 -45.54619216918945
v 103.25166320800781 -91.66698455810547 -50.151676177978516
v 103.63119506835938 -91.6669921875 -51.36503601074219
v 120.26093292236328 -124.72166442871094 -50.755252838134766
v 120.2183837890625 -124.44367980957031 -50.16259002685547
v 123.96646118164062 -124.16570281982422 -50.58563232421875
v 120.5514907836914 -109.83805084228516 -49.6705436706543
v 123.98833465576172 -112.41675567626953 -50.59144973754883
v 122.12458801269531 -112.41865539550781 -50.67335510253906
v 120.26084899902344 -112.4205551147461 -50.7552604675293
v 82.76522064208984 -120.67916107177734 -39.54576110839844
v 82.67533111572266 -122.11900329589844 -40.10424041748047
v 82.453369140625 -124.72090911865234 -40.6273307800293
v 74.57892608642578 -122.16944122314453 -38.51737976074219
v 123.96646118164062 -124.16570281982422 -50.58563232421875
v 124.27316284179688 -122.11976623535156 -51.24906921386719
v 124.05156707763672 -124.72166442871094 -51.77095413208008
v 116.17707061767578 -122.17019653320312 -49.660987854003906
v 87.50103759765625 -107.9847412109375 -45.931304931640625
v 87.81534576416016 -107.9847412109375 -46.29343795776367
v 87.72465515136719 -112.15921783447266 -45.99121856689453
v 116.60823822021484 -119.51786041259766 -48.613983154296875
v 116.51017761230469 -121.89221954345703 -49.168983459472656
v 115.88384246826172 -119.61873626708984 -49.582420349121094
v 116.17707061767578 -122.17019653320312 -49.660987854003906
v 117.13651275634766 -124.16570281982422 -48.75554656982422
v 87.50103759765625 -107.9847412109375 -45.931304931640625
v 103.87393188476562 -116.33370208740234 -51.43008041381836
v 103.944580078125 -116.33370208740234 -51.7269287109375
v 127.0678482055664 -122.25523376464844 -51.41654968261719
v 114.03517150878906 -122.25523376464844 -47.92445373535156
v 74.87212371826172 -116.76432037353516 -38.595951080322266
v 76.4742202758789 -114.3026123046875 -39.02523422241211
v 76.00663757324219 -115.59001922607422 -38.31737518310547
v 75.53904724121094 -116.87742614746094 -37.60951614379883
v 76.9823989868164 -114.59085845947266 -37.99626159667969
v 116.47024536132812 -116.76508331298828 -49.73954772949219
v 118.07234954833984 -114.30338287353516 -50.16883087158203
v 117.60443878173828 -115.59078979492188 -49.46218490600586
v 117.13652801513672 -116.87818908691406 -48.75553894042969
v 118.57986450195312 -114.59162139892578 -49.14227294921875
v 74.28572845458984 -119.61797332763672 -38.4388313293457
v 74.94145202636719 -118.14071655273438 -38.031959533691406
v 75.01077270507812 -119.51710510253906 -37.46796798706055
v 75.27490997314453 -118.197265625 -37.53874206542969
v 80.85126495361328 -114.3026123046875 -40.19807815551758
v 82.45335388183594 -116.76432037353516 -40.62734603881836
v 81.68951416015625 -115.6775894165039 -39.84010314941406
v 80.92567443847656 -114.59085845947266 -39.0528564453125
v 81.6473388671875 -115.73414611816406 -39.24622344970703
v 116.53924560546875 -118.14147186279297 -49.17676544189453
v 122.44937133789062 -114.30338287353516 -51.341670989990234
v 124.0514907836914 -116.76508331298828 -51.77094650268555
v 123.28730773925781 -115.67835235595703 -50.98491287231445
v 122.52312469482422 -114.59162139892578 -50.19887924194336
v 123.96646118164062 -116.87818908691406 -50.58562088012695
v 83.0397720336914 -119.61797332763672 -40.784488677978516
v 82.70438385009766 -118.24769592285156 -40.11204147338867
v 82.3689956665039 -116.87742614746094 -39.43959426879883
v 82.63314819335938 -118.197265625 -39.510372161865234
v 78.66275787353516 -112.41979217529297 -39.61167526245117
v 77.82257843017578 -113.50532531738281 -38.80397033691406
v 77.96820831298828 -113.70989227294922 -38.260406494140625
v 124.63788604736328 -119.61873626708984 -51.92809295654297
v 124.30216979980469 -118.24845886230469 -51.256858825683594
v 124.4947509765625 -119.51786041259766 -50.7271842956543
v 120.26084899902344 -112.4205551147461 -50.7552604675293
v 119.42035675048828 -113.50608825683594 -49.948768615722656
v 120.5514907836914 -112.8296890258789 -49.67057418823242
v 79.75701141357422 -113.3612060546875 -39.904876708984375
v 78.95401763916016 -112.82892608642578 -38.52455520629883
v 80.85126495361328 -114.3026123046875 -40.19807815551758
v 79.75701141357422 -113.3612060546875 -39.904876708984375
v 82.39085388183594 -112.4159927368164 -39.44544982910156
v 78.66275787353516 -112.41979217529297 -39.61167526245117
v 121.35511016845703 -113.36196899414062 -51.048465728759766
v 121.35511016845703 -113.36196899414062 -51.048465728759766
v 79.90264129638672 -113.56576538085938 -39.3613166809082
v 121.50042724609375 -113.56653594970703 -50.50612258911133
v 104.03623962402344 -128.8571319580078 -52.585243225097656
v 104.5538330078125 -124.68265533447266 -52.446014404296875
v 105.2015609741211 -126.76988983154297 -52.20269775390625
v 106.36688232421875 -124.68264770507812 -51.82014846801758
v 104.16490173339844 -120.5081787109375 -52.61971664428711
v 105.07142639160156 -120.5081787109375 -52.306785583496094
v 104.8111572265625 -107.98474884033203 -52.51496124267578
v 104.29356384277344 -112.15922546386719 -52.65419006347656
v 88.61910247802734 -128.85711669921875 -46.23088455200195
v 89.33840942382812 -124.68264770507812 -47.25737762451172
v 88.2625732421875 -116.33369445800781 -46.41326904296875
v 87.90603637695312 -103.81027221679688 -46.59565734863281
v 106.88447570800781 -120.50817108154297 -51.68091583251953
v 90.61073303222656 -128.8571319580078 -41.647850036621094
v 90.41699981689453 -124.68265533447266 -41.595951080322266
v 90.16804504394531 -124.68265533447266 -42.16883087158203
v 89.72535705566406 -120.5081787109375 -42.68981170654297
v 109.43197631835938 -99.63579559326172 -48.610897064208984
v 88.4479751586914 -99.63580322265625 -42.987159729003906
v 124.23060607910156 -121.84178161621094 -50.656410217285156
v 124.36267852783203 -120.67982482910156 -50.691795349121094
v 124.38395690917969 -120.81881713867188 -50.988128662109375
v 116.74031066894531 -120.67982482910156 -48.649375915527344
v 116.87237548828125 -121.84178161621094 -48.68476486206055
v 117.00444030761719 -123.00373840332031 -48.72015380859375
v 124.0985336303711 -123.00373840332031 -50.62102127075195
v 105.84928894042969 -128.85711669921875 -51.95937728881836
v 90.14684295654297 -123.6390380859375 -48.2382698059082
v 103.72212219238281 -110.07198333740234 -50.55564880371094
v 103.77272033691406 -112.15922546386719 -50.84712600708008
v 103.83382415771484 -120.5081787109375 -51.419334411621094
v 103.71162414550781 -103.81027221679688 -50.27491760253906
v 103.93502807617188 -124.68265533447266 -52.002288818359375
v 104.03623962402344 -128.8571319580078 -52.585243225097656
v 103.79371643066406 -124.68264770507812 -51.40858459472656
v 103.73262023925781 -116.33369445800781 -50.83638000488281
v 103.63140869140625 -112.15921783447266 -50.25342559814453
v 103.59130096435547 -116.33369445800781 -50.24267578125
v 103.55119323730469 -120.50816345214844 -50.231929779052734
v 103.81282806396484 -107.98474884033203 -50.857872009277344
v 103.85293579101562 -103.81027221679688 -50.868621826171875
v 103.8223876953125 -99.63579559326172 -50.58251953125
v 103.79183197021484 -95.46131896972656 -50.29641342163086
v 89.87632751464844 -128.85711669921875 -47.67942810058594
v 108.98428344726562 -92.70752716064453 -50.4085693359375
v 108.38630676269531 -89.9537353515625 -51.52749252319336
v 108.55012512207031 -89.9537353515625 -49.013092041015625
v 116.87238311767578 -118.19802856445312 -48.68476104736328
v 100.83128356933594 -83.106689453125 -51.72646713256836
v 100.78172302246094 -84.32400512695312 -49.4898567199707
v 88.171875 -120.50816345214844 -46.111053466796875
v 88.89446258544922 -84.4461441040039 -46.30466842651367
v 88.892578125 -87.35893249511719 -45.02501678466797
v 90.95120239257812 -85.08209991455078 -41.73917770385742
v 88.171875 -120.50816345214844 -46.111053466796875
v 87.86233520507812 -89.9537353515625 -46.028114318847656
v 88.89070129394531 -90.27171325683594 -43.74536895751953
v 88.28524017333984 -92.70752716064453 -46.69725799560547
v 87.86233520507812 -89.9537353515625 -46.028114318847656
v 89.74028015136719 -89.9537353515625 -47.64295959472656
v 89.06085968017578 -95.4613265991211 -41.23265838623047
v 87.8604507446289 -92.86651611328125 -44.74846267700195
v 107.85572814941406 -85.08209991455078 -46.26872634887695
v 107.9521484375 -87.19993591308594 -50.13201141357422
v 107.35417938232422 -84.4461441040039 -51.25093460083008
v 105.80307006835938 -88.57157135009766 -51.94697952270508
v 108.38630676269531 -89.9537353515625 -51.52749252319336
v 87.34626770019531 -92.70752716064453 -45.889835357666016
v 87.34626770019531 -92.70752716064453 -45.889835357666016
v 88.37840270996094 -87.19993591308594 -46.16638946533203
v 88.89446258544922 -84.4461441040039 -46.30466842651367
v 89.31736755371094 -87.19993591308594 -46.97381591796875
v 88.37840270996094 -87.19993591308594 -46.16638946533203
v 97.84640502929688 -76.34579467773438 -49.81500244140625
v 100.40837097167969 -78.79673767089844 -50.5014762878418
v 97.56851196289062 -80.37754821777344 -50.852203369140625
v 102.03976440429688 -80.16131591796875 -50.93860626220703
v 103.24823760986328 -77.21593475341797 -50.15074920654297
v 98.12430572509766 -72.31404876708984 -48.777801513671875
v 100.68627166748047 -74.7649917602539 -49.46427536010742
v 103.24823760986328 -77.21593475341797 -50.15074920654297
v 100.68627166748047 -74.7649917602539 -49.46427536010742
v 101.11000061035156 -75.44800567626953 -47.01951599121094
v 98.12430572509766 -72.31404876708984 -48.777801513671875
v 93.00038146972656 -77.2159423828125 -47.40485382080078
v 95.56234741210938 -74.76499938964844 -48.09132766723633
v 96.21498107910156 -77.71037292480469 -49.37785339355469
v 98.12430572509766 -72.31404876708984 -48.777801513671875
v 95.56234741210938 -74.76499938964844 -48.09132766723633
v 96.20191192626953 -75.69998931884766 -45.70439910888672
v 93.00038146972656 -77.2159423828125 -47.40485382080078
v 93.65302276611328 -80.16131591796875 -48.691383361816406
v 92.45877075195312 -82.20267486572266 -48.37138366699219
v 94.3056640625 -83.106689453125 -49.977909088134766
v 90.94741821289062 -80.83103942871094 -46.854759216308594
v 90.94741821289062 -80.83103942871094 -46.854759216308594
v 91.80284118652344 -81.51405334472656 -44.525672912597656
v 105.30120849609375 -80.83103942871094 -50.700843811035156
v 106.5784683227539 -82.95657348632812 -48.48478698730469
v 105.55198669433594 -81.14901733398438 -48.209739685058594
v 91.91715240478516 -87.18940734863281 -49.33790969848633
v 91.25161743164062 -91.32536315917969 -49.15958023071289
v 91.25161743164062 -91.32536315917969 -49.15958023071289
v 104.095703125 -78.58196258544922 -45.26123046875
v 105.97571563720703 -81.83203125 -45.764976501464844
v 92.83120727539062 -81.83203125 -42.24292755126953
v 94.71121978759766 -78.58197021484375 -42.746673583984375
v 99.4034423828125 -74.18403625488281 -44.00394821166992
v 101.74957275390625 -76.38299560546875 -44.632591247558594
v 97.05732727050781 -76.38300323486328 -43.37531280517578
v 99.4034423828125 -74.18403625488281 -44.00394821166992
v 90.02953338623047 -116.33370208740234 -41.49215316772461
v 89.83580017089844 -112.15922546386719 -41.44025421142578
v 89.78057861328125 -116.33370208740234 -42.065032958984375
v 90.2232666015625 -120.5081787109375 -41.54405212402344
v 89.00564575195312 -99.63580322265625 -41.85743713378906
v 89.44833374023438 -103.81027221679688 -41.336456298828125
v 97.56851196289062 -80.37754821777344 -50.852203369140625
v 96.07603454589844 -79.72624206542969 -49.896453857421875
v 97.84640502929688 -76.34579467773438 -49.81500244140625
v 104.0732421875 -107.98474884033203 -51.76140594482422
v 108.90237426757812 -92.70752716064453 -51.665771484375
v 108.90237426757812 -92.70752716064453 -51.665771484375
v 95.26032257080078 -80.40853118896484 -49.677879333496094
v 100.54731750488281 -76.78086853027344 -49.98287582397461
v 92.50148010253906 -99.63579559326172 -47.271156311035156
v 92.54527282714844 -103.81027221679688 -47.28289031982422
v 107.8702392578125 -87.19993591308594 -51.38921356201172
v 107.8702392578125 -87.19993591308594 -51.38921356201172
v 108.20292663574219 -87.51791381835938 -47.640907287597656
v 108.8009033203125 -90.27171325683594 -46.52198791503906
v 88.97578430175781 -92.86651611328125 -42.489013671875
v 90.00602722167969 -90.27171325683594 -41.48591613769531
v 97.16964721679688 -75.01220703125 -49.07782745361328
v 98.12430572509766 -72.31404876708984 -48.777801513671875
v 90.1631851196289 -92.70753479003906 -48.312103271484375
v 109.17234802246094 -107.98474884033203 -46.62480163574219
v 88.80049133300781 -120.50817108154297 -46.835323333740234
v 91.133544921875 -128.8571319580078 -49.127967834472656
v 89.6420669555664 -107.98474884033203 -41.38835525512695
v 105.58901977539062 -116.33370208740234 -52.16755676269531
v 109.14810180664062 -92.70752716064453 -47.894168853759766
v 89.92095184326172 -87.67691040039062 -42.742271423339844
v 116.32368469238281 -123.44593048095703 -49.70027160644531
v 116.32368469238281 -123.44593048095703 -49.70027160644531
v 116.47029876708984 -124.72166442871094 -49.73955154418945
v 124.3447265625 -122.17019653320312 -51.849525451660156
v 124.3447265625 -122.17019653320312 -51.849525451660156
v 75.40699005126953 -123.00326538085938 -37.57413101196289
v 74.91239929199219 -121.89164733886719 -38.02417755126953
v 75.5390625 -124.16532135009766 -37.609519958496094
v 74.57892608642578 -122.16944122314453 -38.51737976074219
v 74.72552490234375 -123.44517517089844 -38.55665588378906
v 74.72552490234375 -123.44517517089844 -38.55665588378906
v 74.87212371826172 -124.72090911865234 -38.59592819213867
v 82.78631591796875 -120.81805419921875 -39.84269714355469
v 82.89729309082031 -119.51710510253906 -39.58115005493164
v 82.74656677246094 -122.16944122314453 -40.705909729003906
v 82.74656677246094 -122.16944122314453 -40.705909729003906
v 124.2921142578125 -113.75584411621094 -50.96349334716797
v 123.21885681152344 -113.36006927490234 -50.96656036376953
v 118.34434509277344 -124.58267211914062 -49.951072692871094
v 116.47029876708984 -124.72166442871094 -49.73955154418945
v 117.13651275634766 -124.16570281982422 -48.75554656982422
v 122.15625 -124.72166442871094 -51.26310348510742
v 124.05156707763672 -124.72166442871094 -51.77095413208008
v 80.66151428222656 -124.16532135009766 -38.982078552246094
v 78.62055969238281 -124.443115234375 -39.01776123046875
v 74.87212371826172 -124.72090911865234 -38.59592819213867
v 82.3689956665039 -124.16532135009766 -39.43959426879883
v 78.66275024414062 -124.72090911865234 -39.611629486083984
v 80.55805969238281 -124.72090911865234 -40.11948013305664
v 82.453369140625 -124.72090911865234 -40.6273307800293
v 103.66242980957031 -123.63902282714844 -50.81757354736328
v 92.21969604492188 -117.37731170654297 -47.75148391723633
v 92.72044372558594 -120.50816345214844 -47.32982635498047
v 92.63285827636719 -112.15921783447266 -47.306358337402344
v 92.12117004394531 -107.9847412109375 -47.72508239746094
v 92.58906555175781 -107.9847412109375 -47.29462432861328
v 92.67665100097656 -116.33369445800781 -47.318092346191406
v 92.15400695800781 -111.1156005859375 -47.733882904052734
v 92.07737731933594 -103.81027221679688 -47.713348388671875
v 91.58757781982422 -101.72303771972656 -48.137939453125
v 91.65326690673828 -107.9847412109375 -48.155540466308594
v 97.56851196289062 -80.37754821777344 -50.852203369140625
v 98.1247329711914 -82.21156311035156 -48.777915954589844
v 124.23060607910156 -118.19802856445312 -50.656402587890625
v 117.85820007324219 -115.73490905761719 -48.94890594482422
v 75.5390625 -124.16532135009766 -37.609519958496094
v 77.24654388427734 -124.16532135009766 -38.067039489746094
v 78.95402526855469 -124.16532135009766 -38.524559020996094
v 75.27491760253906 -121.84121704101562 -37.53874206542969
v 82.3689956665039 -124.16532135009766 -39.43959426879883
v 82.50106811523438 -123.00326538085938 -39.47498321533203
v 82.63314819335938 -121.84121704101562 -39.510372161865234
v 75.1428451538086 -120.67916107177734 -37.50335693359375
v 118.843994140625 -124.16570281982422 -49.21306610107422
v 120.55148315429688 -124.16570281982422 -49.670589447021484
v 122.25897216796875 -124.16570281982422 -50.12811279296875
v 117.11465454101562 -112.41675567626953 -48.74965286254883
v 120.5514907836914 -109.83805084228516 -49.6705436706543
v 118.07234954833984 -114.30338287353516 -50.16883087158203
v 120.26084899902344 -112.4205551147461 -50.7552604675293
v 114.360595703125 -115.88648986816406 -48.0117073059082
v 116.47024536132812 -116.76508331298828 -49.73954772949219
v 103.75360870361328 -128.85711669921875 -51.3978385925293
v 85.14491271972656 -115.88572692871094 -40.183387756347656
v 82.45335388183594 -116.76432037353516 -40.62734603881836
v 78.95401763916016 -109.83729553222656 -38.5245475769043
v 91.27442169189453 -124.68265533447266 -48.887794494628906
v 103.88348388671875 -107.98474884033203 -51.15472412109375
v 104.26301574707031 -107.98474884033203 -52.36808776855469
v 104.00569152832031 -124.68265533447266 -52.29914093017578
v 75.51717376708984 -112.4159927368164 -37.60364532470703
v 78.95401763916016 -109.83729553222656 -38.5245475769043
v 76.4742202758789 -114.3026123046875 -39.02523422241211
v 78.66275787353516 -112.41979217529297 -39.61167526245117
v 72.76311492919922 -115.88572692871094 -36.865699768066406
v 74.87212371826172 -116.76432037353516 -38.595951080322266
v 104.22923278808594 -116.33370208740234 -52.63695526123047
v 104.22923278808594 -116.33370208740234 -52.63695526123047
v 104.6824951171875 -116.33370208740234 -52.48048782348633
v 104.48655700683594 -99.63580322265625 -52.705902099609375
v 104.48655700683594 -99.63580322265625 -52.705902099609375
v 104.10057067871094 -124.68265533447266 -52.60247802734375
v 104.10057067871094 -124.68265533447266 -52.60247802734375
v 104.35789489746094 -107.98474884033203 -52.671424865722656
v 104.35789489746094 -107.98474884033203 -52.671424865722656
v 88.4861831665039 -120.50817108154297 -46.47318649291992
v 88.70979309082031 -124.68264770507812 -46.533103942871094
v 90.7913818359375 -107.98474884033203 -49.03627014160156
v 91.00069427490234 -107.98474884033203 -48.81443786621094
v 90.86383056640625 -99.63580322265625 -48.77775573730469
v 90.72295379638672 -103.81027221679688 -49.01792907714844
v 91.55618286132812 -116.33370208740234 -48.407447814941406
v 90.7913818359375 -107.98474884033203 -49.03627014160156
v 90.72295379638672 -103.81027221679688 -49.01792907714844
v 90.45399475097656 -101.72303771972656 -48.806907653808594
v 91.06510925292969 -124.68265533447266 -49.10962677001953
v 91.06510925292969 -124.68265533447266 -49.10962677001953
v 106.49554443359375 -116.33369445800781 -51.85462188720703
v 88.89118194580078 -116.33369445800781 -47.137542724609375
v 89.25459289550781 -99.63580322265625 -41.2845573425293
v 88.13993835449219 -86.38052368164062 -40.98590087890625
v 90.95120239257812 -85.08209991455078 -41.73917770385742
v 87.90364074707031 -87.67793273925781 -40.922584533691406
v 89.44833374023438 -103.81027221679688 -41.336456298828125
v 87.54739379882812 -107.62487030029297 -40.827125549316406
v 87.9257583618164 -104.583984375 -40.92850875854492
v 89.07906341552734 -118.24099731445312 -41.23748779296875
v 87.93486022949219 -115.97381591796875 -40.93092346191406
v 89.45742797851562 -115.20011138916016 -41.338871002197266
v 89.83580017089844 -112.15922546386719 -41.44025421142578
v 88.30412292480469 -101.54309844970703 -41.02989196777344
v 87.10289001464844 -105.67352294921875 -40.70802307128906
v 89.25459289550781 -99.63580322265625 -41.2845573425293
v 69.53131103515625 -123.85897064208984 -39.499961853027344
v 69.7193603515625 -121.49113464355469 -38.14165496826172
v 70.4300308227539 -124.72090911865234 -36.2416877746582
v 85.72586059570312 -103.93865966796875 -40.339054107666016
v 86.41436767578125 -104.80609130859375 -40.52354049682617
v 85.58062744140625 -106.92543029785156 -40.300140380859375
v 85.43538665771484 -109.91219329833984 -40.26122283935547
v 84.05835723876953 -108.17732238769531 -39.892250061035156
v 87.39335632324219 -99.69999694824219 -40.785858154296875
v 87.24812316894531 -102.68675994873047 -40.74694061279297
v 128.0909423828125 -99.70632934570312 -51.69073486328125
v 128.09568786621094 -102.69216918945312 -51.69200897216797
v 126.72340393066406 -103.9431381225586 -51.32430648803711
v 128.10043334960938 -105.67800903320312 -51.69327926635742
v 126.38626861572266 -107.98817443847656 -51.233970642089844
v 125.35586547851562 -108.17994689941406 -50.95787811279297
v 126.04913330078125 -112.03321838378906 -51.143638610839844
v 126.73291015625 -109.91481018066406 -51.32685089111328
v 126.72815704345703 -106.92897033691406 -51.32557678222656
v 68.82064819335938 -120.62919616699219 -41.39992904663086
v 69.00869750976562 -118.2613525390625 -40.04161834716797
v 68.63259887695312 -122.99703216552734 -42.75823974609375
v 67.32556915283203 -80.81008911132812 -38.8834342956543
v 66.75515747070312 -77.87826538085938 -40.798851013183594
v 67.61343383789062 -77.87812042236328 -37.59553909301758
v 114.65324401855469 -69.89319610595703 -48.090118408203125
v 114.75988006591797 -68.30368041992188 -48.118690490722656
v 117.31929016113281 -67.32362365722656 -48.804481506347656
v 111.98719787597656 -72.4627685546875 -47.37575149536133
v 115.93294525146484 -69.40316772460938 -48.433013916015625
v 67.92192840576172 -119.76725769042969 -44.658206939697266
v 67.81736755371094 -123.86701965332031 -46.05110168457031
v 67.73387908935547 -122.13509368896484 -46.016517639160156
v 66.83515930175781 -121.27315521240234 -49.27479553222656
v 110.89970397949219 -100.56761169433594 -47.0843620300293
v 111.82078552246094 -102.68704223632812 -47.33116149902344
v 112.05333709716797 -105.67390441894531 -47.39347839355469
v 111.58822631835938 -99.70018005371094 -47.26884841918945
v 94.01429748535156 -68.43938446044922 -42.5599365234375
v 96.70886993408203 -71.31170654296875 -43.281944274902344
v 94.24858093261719 -72.22392272949219 -42.622711181640625
v 113.43036651611328 -103.93904113769531 -47.762451171875
v 66.43778991699219 -116.53919219970703 -49.11020278930664
v 67.02320861816406 -118.90531921386719 -47.91648483276367
v 110.67745971679688 -101.54328155517578 -47.02480697631836
v 109.74607849121094 -95.46131896972656 -46.775245666503906
v 67.21125793457031 -116.5374755859375 -46.55817413330078
v 67.0376968383789 -83.7420654296875 -40.171329498291016
v 66.75248718261719 -82.2761459350586 -41.12903594970703
v 66.17941284179688 -83.74220275878906 -43.37464141845703
v 66.46728515625 -80.81023406982422 -42.08674621582031
v 104.52225494384766 -72.22392272949219 -45.375526428222656
v 102.05732727050781 -71.31171417236328 -44.715057373046875
v 104.71121215820312 -68.43939208984375 -45.42616271972656
v 68.29803466796875 -115.03157043457031 -41.94158172607422
v 68.10997772216797 -117.3994140625 -43.299896240234375
v 67.33089447021484 -72.01432037353516 -38.223060607910156
v 67.82803344726562 -74.94622039794922 -36.59819412231445
v 67.47216796875 -74.94622039794922 -37.9093017578125
v 129.52784729003906 -86.67382049560547 -52.4273681640625
v 129.66818237304688 -83.7419204711914 -52.11335372924805
v 129.31655883789062 -83.7419204711914 -53.42559814453125
v 67.04302978515625 -74.9462890625 -39.510955810546875
v 129.56332397460938 -89.60572052001953 -52.08525848388672
v 66.46195983886719 -89.60600280761719 -42.74711990356445
v 66.1767578125 -88.14009094238281 -43.70482635498047
v 66.74983215332031 -86.67403411865234 -41.459224700927734
v 65.60367584228516 -89.60614013671875 -45.95043182373047
v 65.89154052734375 -86.6741714477539 -44.66253662109375
v 129.38751220703125 -89.60572052001953 -52.74137878417969
v 67.89598083496094 -83.7419204711914 -36.968017578125
v 68.25186157226562 -83.7419204711914 -35.65691375732422
v 68.0372543334961 -86.67382049560547 -36.654258728027344
v 67.96931457519531 -77.87812042236328 -36.28443145751953
v 67.75470733642578 -80.81002044677734 -37.281776428222656
v 67.60810852050781 -86.67388916015625 -38.25591278076172
v 68.17852783203125 -89.60572052001953 -36.34049606323242
v 68.11058807373047 -80.81002044677734 -35.970672607421875
v 68.14724731445312 -77.87812042236328 -35.628883361816406
v 68.3564682006836 -89.60572052001953 -35.68494415283203
v 68.3198013305664 -92.5376205444336 -36.0267333984375
v 129.59722900390625 -77.87812042236328 -52.797569274902344
v 129.737548828125 -74.94622039794922 -52.483558654785156
v 129.38595581054688 -74.94622039794922 -53.795799255371094
v 68.46107482910156 -95.46952056884766 -35.712974548339844
v 129.8778839111328 -72.01432037353516 -52.1695442199707
v 129.77304077148438 -77.87812042236328 -52.141448974609375
v 67.89065551757812 -92.53768920898438 -37.62839126586914
v 84.04562377929688 -106.79531860351562 -39.88883972167969
v 90.72941589355469 -75.52236938476562 -41.679752349853516
v 88.04407501220703 -76.94005584716797 -40.9602165222168
v 86.74761199951172 -72.4627685546875 -40.612831115722656
v 82.36539459228516 -109.65198516845703 -39.43862533569336
v 82.33993530273438 -106.88797760009766 -39.431800842285156
v 91.9024658203125 -74.42288208007812 -41.99407196044922
v 94.71121978759766 -78.58197021484375 -42.746673583984375
v 119.87869262695312 -66.34356689453125 -49.490272521972656
v 117.41376495361328 -65.43136596679688 -48.82979965209961
v 114.94883728027344 -64.51915740966797 -48.16932678222656
v 112.20046997070312 -69.28373718261719 -47.432899475097656
v 112.29495239257812 -67.3914794921875 -47.45821762084961
v 109.83003234863281 -66.4792709350586 -46.79774475097656
v 110.54124450683594 -76.94004821777344 -46.98830795288086
v 108.04145050048828 -75.52236938476562 -46.31848907470703
v 71.06289672851562 -112.37394714355469 -36.41012954711914
v 75.51717376708984 -112.4159927368164 -37.60364532470703
v 72.76311492919922 -115.88572692871094 -36.865699768066406
v 112.38943481445312 -65.49921417236328 -47.48353576660156
v 112.48391723632812 -63.60694885253906 -47.50885009765625
v 113.89547729492188 -109.91276550292969 -47.88707733154297
v 117.11465454101562 -112.41675567626953 -48.74965286254883
v 114.12803649902344 -112.89962768554688 -47.94939422607422
v 110.01898956298828 -62.69474411010742 -46.8483772277832
v 104.095703125 -78.58196258544922 -45.26123046875
v 106.8683853149414 -74.42288208007812 -46.00416946411133
v 114.360595703125 -115.88648986816406 -48.0117073059082
v 86.2820053100586 -65.49920654296875 -40.488075256347656
v 86.3991470336914 -67.3914794921875 -40.51946258544922
v 83.93885803222656 -68.30368041992188 -39.8602294921875
v 125.00497436523438 -102.6537857055664 -50.863853454589844
v 88.85943603515625 -66.4792709350586 -41.17869567871094
v 86.51628875732422 -69.28373718261719 -40.55084991455078
v 90.61073303222656 -128.8571319580078 -41.647850036621094
v 87.05402374267578 -125.24490356445312 -40.69609451293945
v 88.32232666015625 -124.32276916503906 -41.03472137451172
v 123.637451171875 -106.89059448242188 -50.4974250793457
v 120.5514907836914 -109.83805084228516 -49.6705436706543
v 111.570068359375 -125.24490356445312 -47.26515197753906
v 110.15577697753906 -128.8571319580078 -46.88618087768555
v 108.21614837646484 -128.8571319580078 -46.374053955078125
v 88.4683609008789 -128.8571319580078 -41.075050354003906
v 70.90620422363281 -73.64779663085938 -36.368141174316406
v 71.37621307373047 -72.83528137207031 -36.49407958984375
v 73.769775390625 -75.28126525878906 -37.13542938232422
v 68.04264068603516 -72.01432037353516 -35.60084915161133
v 73.00104522705078 -124.72090911865234 -36.92998123168945
v 70.4300308227539 -124.72090911865234 -36.2416877746582
v 71.87410736083984 -119.78841400146484 -36.62749099731445
v 88.6824951171875 -98.50221252441406 -41.13127517700195
v 111.73754119873047 -92.86753845214844 -47.30885696411133
v 114.67417907714844 -95.46337127685547 -48.095726013183594
v 89.06085968017578 -95.4613265991211 -41.23265838623047
v 66.70198059082031 -74.95039367675781 -40.77682876586914
v 88.08187866210938 -100.56742858886719 -40.970340728759766
v 68.6743392944336 -123.86299133300781 -42.77553176879883
v 69.12370300292969 -124.29396057128906 -41.146392822265625
v 68.71607971191406 -124.72895812988281 -42.792823791503906
v 67.8591079711914 -124.73298645019531 -46.068389892578125
v 67.00213623046875 -124.73700714111328 -49.34395980834961
v 82.39085388183594 -112.4159927368164 -39.44544982910156
v 78.95401763916016 -109.83729553222656 -38.5245475769043
v 84.00743865966797 -102.64930725097656 -39.87860107421875
v 129.45846557617188 -95.46952056884766 -52.05716323852539
v 128.77706909179688 -99.08084106445312 -51.87458801269531
v 128.77944946289062 -100.57376098632812 -51.875221252441406
v 108.8009033203125 -90.27171325683594 -46.52198791503906
v 109.64106750488281 -70.26380157470703 -46.747108459472656
v 107.0816650390625 -71.24386596679688 -46.061317443847656
v 107.17613983154297 -69.35159301757812 -46.08663558959961
v 74.70978546142578 -73.65623474121094 -37.387306213378906
v 70.72798156738281 -70.59663391113281 -36.32038497924805
v 73.41332244873047 -69.17893981933594 -37.039920806884766
v 107.36509704589844 -65.56707000732422 -46.13726806640625
v 91.67115020751953 -71.24386596679688 -41.932090759277344
v 91.55400848388672 -69.35159301757812 -41.90070343017578
v 89.09371948242188 -70.26380157470703 -41.24147033691406
v 91.3197250366211 -65.56706237792969 -41.837928771972656
v 73.75314331054688 -108.17937469482422 -37.130977630615234
v 75.47157287597656 -106.89002990722656 -37.5914306640625
v 76.35357666015625 -109.00833129882812 -37.827762603759766
v 66.62583923339844 -114.17135620117188 -47.75189208984375
v 67.39930725097656 -114.16963195800781 -45.199859619140625
v 67.32024383544922 -89.60586547851562 -39.54380798339844
v 66.0404281616211 -111.80522918701172 -48.94561004638672
v 71.468505859375 -116.0811767578125 -36.5188102722168
v 70.61839294433594 -114.32528686523438 -36.29102325439453
v 127.99440002441406 -74.94508361816406 -59.0159797668457
v 128.5569610595703 -74.94622039794922 -56.889686584472656
v 128.049560546875 -72.01203918457031 -59.04662322998047
v 127.93924713134766 -77.87812042236328 -58.98533630371094
v 88.62515258789062 -62.69473648071289 -41.11592102050781
v 127.43185424804688 -74.94393920898438 -61.142276763916016
v 126.86929321289062 -74.94279479980469 -63.26856994628906
v 126.92445373535156 -72.00975799560547 -63.299217224121094
v 126.81414031982422 -77.87583923339844 -63.2379264831543
v 126.30674743652344 -74.94165802001953 -65.39486694335938
v 125.63388061523438 -80.80659484863281 -67.45986938476562
v 126.1964340209961 -80.8077392578125 -65.33357238769531
v 125.68904113769531 -77.8735580444336 -67.49051666259766
v 85.29014587402344 -112.89895629882812 -40.22230529785156
v 85.14491271972656 -115.88572692871094 -40.183387756347656
v 90.00602722167969 -90.27171325683594 -41.48591613769531
v 84.85608673095703 -90.27375793457031 -40.105995178222656
v 86.79065704345703 -113.7066421508789 -40.624359130859375
v 86.03392028808594 -119.78841400146484 -40.42159652709961
v 81.80853271484375 -92.86959075927734 -39.289405822753906
v 83.91091918945312 -95.46337890625 -39.85273742675781
v 87.16902160644531 -110.66575622558594 -40.72574234008789
v 90.41699981689453 -124.68265533447266 -41.595951080322266
v 90.2232666015625 -120.5081787109375 -41.54405212402344
v 78.76097106933594 -95.46542358398438 -38.472816467285156
v 88.70069885253906 -121.2818832397461 -41.136104583740234
v 68.91188049316406 -102.16584777832031 -35.83376693725586
v 68.41664123535156 -101.84016418457031 -37.607078552246094
v 68.68647766113281 -98.81768798828125 -35.77336883544922
v 70.22509765625 -99.70613861083984 -36.18564224243164
v 79.70613861083984 -90.27581024169922 -38.72607421875
v 89.6420669555664 -107.98474884033203 -41.38835525512695
v 113.72900390625 -90.27375793457031 -47.84246826171875
v 69.80526733398438 -121.13005065917969 -37.76643753051758
v 69.18051147460938 -117.53919982910156 -39.29118728637695
v 69.48764038085938 -117.18601989746094 -37.90727233886719
v 68.55575561523438 -113.94834899902344 -40.81593704223633
v 68.86288452148438 -113.59516906738281 -39.43202209472656
v 94.01570129394531 -62.05909729003906 -42.56031036376953
v 94.01499938964844 -65.24923706054688 -42.560123443603516
v 65.86400604248047 -98.65525817871094 -46.26996612548828
v 66.7000732421875 -101.84044647216797 -44.013702392578125
v 65.43599700927734 -101.801513671875 -48.695247650146484
v 96.71027374267578 -64.9314193725586 -43.282318115234375
v 67.53614044189453 -105.025634765625 -41.757442474365234
v 68.37220764160156 -108.2108154296875 -39.501182556152344
v 67.1081314086914 -108.17189025878906 -44.18272399902344
v 91.32042694091797 -62.376914978027344 -41.83811569213867
v 107.36579895019531 -62.376922607421875 -46.13745880126953
v 104.71261596679688 -62.05909729003906 -45.426536560058594
v 67.93099212646484 -110.35749053955078 -42.3406867980957
v 68.4698486328125 -114.30941772460938 -41.19115447998047
v 104.7119140625 -65.2492446899414 -45.42634963989258
v 102.05873107910156 -64.93142700195312 -44.715431213378906
v 123.98833465576172 -112.41675567626953 -50.59144973754883
v 126.7424087524414 -115.88648986816406 -51.32939529418945
v 125.57872009277344 -83.73963928222656 -67.42922973632812
v 96.82601165771484 -73.2039794921875 -43.313331604003906
v 97.05732727050781 -76.38300323486328 -43.37531280517578
v 99.4034423828125 -74.18403625488281 -44.00394821166992
v 94.47990417480469 -75.40294647216797 -42.6846923828125
v 104.30897521972656 -75.40293884277344 -45.31837844848633
v 101.74957275390625 -76.38299560546875 -44.632591247558594
v 101.96284484863281 -73.2039794921875 -44.689735412597656
v 77.39512634277344 -72.23854064941406 -38.106842041015625
v 76.09866333007812 -67.7612533569336 -37.759456634521484
v 82.76580810546875 -69.40316772460938 -39.54591369628906
v 80.0804672241211 -70.82085418701172 -38.826377868652344
v 78.78400421142578 -66.34356689453125 -38.4789924621582
v 70.16319274902344 -120.7562255859375 -36.16990661621094
v 69.8963623046875 -116.79153442382812 -36.098121643066406
v 70.16319274902344 -120.7562255859375 -36.16990661621094
v 69.8963623046875 -116.79153442382812 -36.098121643066406
v 116.99092864990234 -106.8885498046875 -48.71649932861328
v 115.14878845214844 -102.64968872070312 -48.22289276123047
v 117.85014343261719 -106.24386596679688 -48.94671630859375
v 120.0768814086914 -102.6517333984375 -49.543373107910156
v 71.08431243896484 -99.06146240234375 -36.41586685180664
v 73.70755004882812 -102.65341186523438 -37.11875915527344
v 73.61102294921875 -95.46746826171875 -37.0928955078125
v 81.48072814941406 -106.24330139160156 -39.201576232910156
v 78.85749816894531 -102.65135955810547 -38.498680114746094
v 69.22080993652344 -113.2213363647461 -37.835487365722656
v 68.54524993896484 -109.65113830566406 -39.57285690307617
v 68.95396423339844 -109.25665283203125 -37.763710021972656
v 69.62952423095703 -112.82685089111328 -36.02634048461914
v 69.36268615722656 -108.86216735839844 -35.954559326171875
v 113.00590515136719 -116.74818420410156 -47.648712158203125
v 113.47159576416016 -119.78916931152344 -47.773494720458984
v 112.54022216796875 -113.70720672607422 -47.52393341064453
v 111.22634887695312 -115.97419738769531 -47.174072265625
v 113.20697021484375 -110.78019714355469 -47.70259094238281
v 111.60884094238281 -107.625244140625 -47.27436828613281
v 113.66291809082031 -106.9259033203125 -47.824764251708984
v 115.27250671386719 -108.17790222167969 -48.25605010986328
v 129.17466735839844 -72.01432037353516 -54.79403305053711
v 129.24560546875 -77.87812042236328 -54.10981750488281
v 90.02953338623047 -116.33370208740234 -41.49215316772461
v 66.07307434082031 -77.88645935058594 -43.330596923828125
v 66.1262435913086 -80.8143310546875 -43.35261917114258
v 65.44416809082031 -80.82252502441406 -45.88436508178711
v 64.81526184082031 -83.75859069824219 -48.438133239746094
v 64.76209259033203 -80.83071899414062 -48.416107177734375
v 64.70892333984375 -77.90284729003906 -48.39408493041992
v 86.41229248046875 -116.74752807617188 -40.522979736328125
v 72.43992614746094 -110.63908386230469 -36.77910232543945
v 86.1239013671875 -110.77962493896484 -40.44570541381836
v 129.45689392089844 -80.81002044677734 -53.1115837097168
v 81.3769302368164 -75.29814147949219 -39.17375946044922
v 71.98912048339844 -103.94275665283203 -36.65830993652344
v 68.64204406738281 -105.1883316040039 -37.66747283935547
v 69.13728332519531 -105.51400756835938 -35.8941650390625
v 83.30049133300781 -78.55665588378906 -39.689178466796875
v 79.49691772460938 -78.54821014404297 -38.670013427734375
v 87.10406494140625 -78.56509399414062 -40.708343505859375
v 85.22406005859375 -81.81515502929688 -40.20459747314453
v 78.0433578491211 -74.47718811035156 -38.28053283691406
v 90.90763854980469 -78.57353210449219 -41.727508544921875
v 92.83120727539062 -81.83203125 -42.24292755126953
v 89.02763366699219 -81.82359313964844 -41.22376251220703
v 118.86680603027344 -78.54821014404297 -49.21913528442383
v 116.9867935180664 -75.29814147949219 -48.71538543701172
v 120.20956420898438 -74.47718811035156 -49.57892608642578
v 118.4327392578125 -70.82085418701172 -49.10282897949219
v 115.17402648925781 -78.55664825439453 -48.22966003417969
v 113.36126708984375 -81.81515502929688 -47.74393081665039
v 111.48125457763672 -78.5650863647461 -47.24018096923828
v 107.85572814941406 -85.08209991455078 -46.26872634887695
v 105.97571563720703 -81.83203125 -45.764976501464844
v 109.66848754882812 -81.82359313964844 -46.75445556640625
v 127.42141723632812 -110.7822494506836 -51.51133728027344
v 128.544921875 -107.62934875488281 -51.8123779296875
v 128.08815002441406 -113.70925903320312 -51.68998718261719
v 127.85977172851562 -116.74921417236328 -51.62879180908203
v 127.63138580322266 -119.78916931152344 -51.567596435546875
v 127.48899841308594 -124.72090911865234 -51.53060531616211
v 127.64366149902344 -111.75791931152344 -51.570884704589844
v 107.78848266601562 -78.57352447509766 -46.25070571899414
v 69.42516326904297 -113.02409362792969 -36.93091583251953
v 69.01644897460938 -113.4185791015625 -38.74006652832031
v 69.95883178710938 -120.95346069335938 -37.07447814941406
v 70.75181579589844 -116.30763244628906 -36.3269157409668
v 69.62952423095703 -112.82685089111328 -36.02634048461914
v 67.58736419677734 -111.80179595947266 -43.841548919677734
v 116.66563415527344 -92.86959075927734 -48.629337310791016
v 118.65709686279297 -90.27581024169922 -49.16294479370117
v 119.6022720336914 -95.46542358398438 -49.41620635986328
v 125.07133483886719 -80.80545806884766 -69.58616638183594
v 125.74419403076172 -74.94052124023438 -67.52116394042969
v 125.79934692382812 -72.00747680664062 -67.55180358886719
v 125.181640625 -74.93937683105469 -69.6474609375
v 124.61909484863281 -74.938232421875 -71.77375030517578
v 124.67424774169922 -72.00519561767578 -71.80439758300781
v 124.56393432617188 -77.87127685546875 -71.74310302734375
v 124.39846801757812 -86.67039489746094 -71.65116882324219
v 124.96101379394531 -86.67153930664062 -69.52487182617188
v 124.45362091064453 -83.73735809326172 -71.68181610107422
v 124.34330749511719 -89.60343933105469 -71.62052917480469
v 124.28814697265625 -92.53648376464844 -71.58988189697266
v 124.8507080078125 -92.5376205444336 -69.46358489990234
v 124.23299407958984 -95.46952056884766 -71.55923461914062
v 86.16486358642578 -63.60694122314453 -40.456687927246094
v 83.70457458496094 -64.51914978027344 -39.797454833984375
v 67.60279083251953 -95.46966552734375 -38.91628646850586
v 66.7445068359375 -95.46980285644531 -42.119598388671875
v 67.31758117675781 -94.00374603271484 -39.873992919921875
v 67.03237915039062 -92.53783416748047 -40.831703186035156
v 108.98110961914062 -112.15922546386719 -46.574649810791016
v 109.17234802246094 -107.98474884033203 -46.62480163574219
v 65.88622283935547 -95.46994018554688 -45.322914123535156
v 65.02793884277344 -95.47007751464844 -48.52622604370117
v 65.60101318359375 -94.0040283203125 -46.28062438964844
v 66.17408752441406 -92.53797149658203 -44.03501892089844
v 65.31581115722656 -92.5381088256836 -47.23832702636719
v 67.32290649414062 -85.20797729492188 -39.213623046875
v 109.36359405517578 -103.81027221679688 -46.674949645996094
v 114.03517150878906 -122.25523376464844 -47.92445373535156
v 113.59461975097656 -122.25503540039062 -47.807037353515625
v 66.74716186523438 -91.07191467285156 -41.78941345214844
v 113.7176513671875 -124.72090911865234 -47.840579986572266
v 112.52082824707031 -122.51703643798828 -47.519325256347656
v 68.39442443847656 -105.0254898071289 -38.55413055419922
v 112.04544830322266 -123.88096618652344 -47.39223861694336
v 110.8438720703125 -124.32315063476562 -47.07377624511719
v 125.52356719970703 -86.67268371582031 -67.3985824584961
v 125.46841430664062 -89.60572052001953 -67.36793518066406
v 126.08612060546875 -86.67382049560547 -65.27228546142578
v 126.75898742675781 -80.80888366699219 -63.20728302001953
v 126.70382690429688 -83.7419204711914 -63.1766357421875
v 127.321533203125 -80.81002044677734 -61.08098602294922
v 112.07453155517578 -110.66622924804688 -47.39915084838867
v 109.91249084472656 -118.2411880493164 -46.82421112060547
v 110.37818145751953 -121.28216552734375 -46.94899368286133
v 126.810546875 -91.23919677734375 -51.34765625
v 126.75812530517578 -94.17109680175781 -51.33361053466797
v 124.05778503417969 -92.87266540527344 -50.61005401611328
v 124.53036499023438 -95.46746826171875 -50.73668670654297
v 113.76402282714844 -76.11909484863281 -47.851844787597656
v 114.48699951171875 -73.88045501708984 -48.045570373535156
v 115.20996856689453 -71.64181518554688 -48.239288330078125
v 129.8778839111328 -72.01432037353516 -52.1695442199707
v 126.65511322021484 -72.83528137207031 -51.306007385253906
v 127.37808227539062 -70.59663391113281 -51.499725341796875
v 124.87828826904297 -69.17893981933594 -50.82991027832031
v 71.2723388671875 -94.17109680175781 -36.46624755859375
v 71.22003173828125 -91.23919677734375 -36.452232360839844
v 74.08360290527344 -92.87266540527344 -37.21952438354492
v 125.50389099121094 -92.5376205444336 -67.02582550048828
v 125.53936767578125 -95.46952056884766 -66.6837158203125
v 126.15707397460938 -92.5376205444336 -64.58806610107422
v 126.81025695800781 -92.5376205444336 -62.150306701660156
v 126.7747802734375 -89.60572052001953 -62.49241638183594
v 126.84573364257812 -95.46952056884766 -61.808197021484375
v 127.46343994140625 -92.5376205444336 -59.712547302246094
v 128.1166229248047 -92.5376205444336 -57.27478790283203
v 128.08114624023438 -89.60572052001953 -57.61689758300781
v 128.152099609375 -95.46952056884766 -56.93267822265625
v 128.76980590820312 -92.5376205444336 -54.83702850341797
v 129.45846557617188 -95.46952056884766 -52.05716323852539
v 129.42298889160156 -92.5376205444336 -52.399269104003906
v 128.62789916992188 -80.81002044677734 -56.205467224121094
v 127.97471618652344 -80.81002044677734 -58.643226623535156
v 128.01019287109375 -83.7419204711914 -58.301116943359375
v 126.73930358886719 -86.67382049560547 -62.83452606201172
v 127.39248657226562 -86.67382049560547 -60.396766662597656
v 69.99053955078125 -111.5937271118164 -36.1227912902832
v 129.35203552246094 -86.67382049560547 -53.08348846435547
v 128.6988525390625 -86.67382049560547 -55.52124786376953
v 128.04566955566406 -86.67382049560547 -57.959007263183594
v 116.00918579101562 -86.04548645019531 -48.45343780517578
v 113.308837890625 -84.74705505371094 -47.729881286621094
v 113.25640869140625 -87.678955078125 -47.71583557128906
v 110.6084976196289 -83.44862365722656 -47.00632858276367
v 121.51472473144531 -82.77853393554688 -49.92864227294922
v 118.81437683105469 -81.48011016845703 -49.20508575439453
v 118.76194763183594 -84.4120101928711 -49.1910400390625
v 116.1140365600586 -80.18168640136719 -48.48153305053711
v 116.06160736083984 -83.11358642578125 -48.46748352050781
v 129.66818237304688 -83.7419204711914 -52.11335372924805
v 126.9154052734375 -85.37539672851562 -51.37575149536133
v 126.96783447265625 -82.44349670410156 -51.389801025390625
v 124.26749420166016 -81.14506530761719 -50.66624450683594
v 127.020263671875 -79.5115966796875 -51.403846740722656
v 124.31991577148438 -78.21316528320312 -50.68029022216797
v 121.61957550048828 -76.91473388671875 -49.95673751831055
v 124.37234497070312 -75.28126525878906 -50.694339752197266
v 110.79236602783203 -87.67793273925781 -47.05559539794922
v 110.55606842041016 -86.38052368164062 -46.992279052734375
v 127.12511444091797 -73.64779663085938 -51.431941986083984
v 127.07269287109375 -76.57969665527344 -51.41789245605469
v 129.77304077148438 -77.87812042236328 -52.141448974609375
v 102.05943298339844 -61.741275787353516 -44.71561813354492
v 99.40625 -61.42345428466797 -44.00469970703125
v 129.00169372558594 -101.5494384765625 -51.93476867675781
v 128.96609497070312 -102.78236389160156 -51.92552185058594
v 128.47372436523438 -110.09521484375 -51.79388427734375
v 127.98136138916016 -117.40806579589844 -51.66224670410156
v 76.23426055908203 -99.05941772460938 -37.7957878112793
v 76.33078002929688 -106.24535369873047 -37.8216552734375
v 81.38420104980469 -99.05736541748047 -39.17570877075195
v 86.53414916992188 -99.05531311035156 -40.55562973022461
v 128.56781005859375 -99.12594604492188 -54.396568298339844
v 128.96609497070312 -102.78236389160156 -51.92552185058594
v 127.67716979980469 -102.78236389160156 -56.73596954345703
v 127.2614517211914 -99.12594604492188 -59.2720832824707
v 126.37080383300781 -102.78236389160156 -61.61148452758789
v 124.64871215820312 -99.12594604492188 -69.02311706542969
v 123.75807189941406 -102.78236389160156 -71.36251831054688
v 125.06443786621094 -102.78236389160156 -66.48699951171875
v 124.17378997802734 -106.43878936767578 -68.82640075683594
v 123.28314208984375 -110.09521484375 -71.16580200195312
v 124.58950805664062 -110.09521484375 -66.290283203125
v 117.37553405761719 -99.05755615234375 -48.819549560546875
v 122.77822875976562 -106.24591827392578 -50.26719665527344
v 122.30361938476562 -99.05960083007812 -50.14002990722656
v 112.44743347167969 -99.05550384521484 -47.49906921386719
v 127.23171997070312 -99.06165313720703 -51.46051025390625
v 126.2000732421875 -124.72090911865234 -56.34104919433594
v 125.80178833007812 -121.06448364257812 -58.81208801269531
v 124.91114044189453 -124.72090911865234 -61.1514892578125
v 126.69243621826172 -117.40806579589844 -56.472686767578125
v 125.40350341796875 -117.40806579589844 -61.28313064575195
v 127.48899841308594 -124.72090911865234 -51.53060531616211
v 127.09071350097656 -121.06448364257812 -54.00164794921875
v 127.98136138916016 -117.40806579589844 -51.66224670410156
v 123.62220764160156 -124.72090911865234 -65.96192932128906
v 123.22393035888672 -121.06448364257812 -68.43297576904297
v 122.33328247070312 -124.72090911865234 -70.77237701416016
v 122.80821228027344 -117.40806579589844 -70.96908569335938
v 124.11457824707031 -117.40806579589844 -66.09357452392578
v 124.51286315917969 -121.06448364257812 -63.62253189086914
v 123.43234252929688 -73.65623474121094 -50.442466735839844
v 84.06227111816406 -73.88045501708984 -39.89329528808594
v 76.65858459472656 -92.87164306640625 -37.90948486328125
v 121.655517578125 -69.9999008178711 -49.96636962890625
v 121.59373474121094 -92.87164306640625 -49.94981384277344
v 64.97476959228516 -92.54220581054688 -48.50420379638672
v 64.92160034179688 -89.61433410644531 -48.482177734375
v 65.20947265625 -86.68236541748047 -47.19428253173828
v 64.8684310913086 -86.68646240234375 -48.46015548706055
v 67.55835723876953 -101.84030151367188 -40.81039047241211
v 67.58057403564453 -98.65498352050781 -39.863338470458984
v 68.43885803222656 -98.65484619140625 -36.66002655029297
v 66.7222900390625 -98.65512084960938 -43.066650390625
v 129.72061157226562 -80.81002044677734 -52.127403259277344
v 129.63270568847656 -80.81002044677734 -52.45545959472656
v 129.72061157226562 -80.81002044677734 -52.127403259277344
v 129.82546997070312 -74.94622039794922 -52.155494689941406
v 129.82546997070312 -74.94622039794922 -52.155494689941406
v 71.01081848144531 -79.5115966796875 -36.39617156982422
v 70.95851135253906 -76.57969665527344 -36.38215637207031
v 68.0059814453125 -74.94622039794922 -35.94264221191406
v 68.09494018554688 -74.94622039794922 -35.6148681640625
v 68.21519470214844 -86.67382049560547 -35.99870300292969
v 67.93264770507812 -80.81002044677734 -36.626224517822266
v 109.29716491699219 -125.06964874267578 -46.661521911621094
v 109.06431579589844 -123.54916381835938 -46.5991325378418
v 108.5986328125 -120.5081787109375 -46.47434997558594
v 108.78987121582031 -116.33370208740234 -46.524497985839844
v 109.4468002319336 -115.20021057128906 -46.699432373046875
v 111.14315032958984 -104.58425903320312 -47.14958953857422
v 109.55484008789062 -99.63579559326172 -46.72509765625
v 112.9847183227539 -111.75586700439453 -47.643035888671875
v 113.21755981445312 -113.27635955810547 -47.70542907714844
v 113.09068298339844 -109.2867660522461 -47.67143630981445
v 117.05279541015625 -109.65264892578125 -48.73307800292969
v 86.19651794433594 -109.28623962402344 -40.46516418457031
v 86.34175109863281 -106.29947662353516 -40.50408172607422
v 88.15449523925781 -99.07404327392578 -40.98979949951172
v 108.72848510742188 -80.19856262207031 -46.50257873535156
v 69.57305908203125 -124.72492980957031 -39.51725769042969
v 114.23402404785156 -76.93161010742188 -47.977783203125
v 86.54397583007812 -122.51666259765625 -40.55884552001953
v 84.90666961669922 -124.72090911865234 -40.120086669921875
v 121.14957427978516 -76.10221862792969 -49.83080291748047
v 88.08763122558594 -83.44862365722656 -40.971885681152344
v 89.96763610839844 -80.19856262207031 -41.47563552856445
v 82.36048889160156 -80.18168640136719 -39.43730545043945
v 84.71050262451172 -76.11909484863281 -40.066986083984375
v 84.24049377441406 -76.9316177368164 -39.9410514831543
v 86.34615325927734 -111.75529479980469 -40.50525665283203
v 86.15696716308594 -113.27574157714844 -40.454566955566406
v 77.10334777832031 -76.10221862792969 -38.02865982055664
v 126.73765563964844 -112.90065002441406 -51.328125
v 124.50877380371094 -80.8043212890625 -71.71246337890625
v 110.2117691040039 -98.50230407714844 -46.9000244140625
v 122.37849426269531 -67.7612533569336 -50.160091400146484
v 108.40739440917969 -124.68265533447266 -46.42420196533203
v 129.21014404296875 -74.94622039794922 -54.451927185058594
v 129.2810821533203 -80.81002044677734 -53.76770782470703
v 68.42771911621094 -109.65113830566406 -40.06720733642578
v 67.67324829101562 -110.27931213378906 -43.3885498046875
v 114.7247314453125 -88.97686767578125 -48.10926818847656
v 120.93254089355469 -72.23854064941406 -49.772647857666016
v 107.31847381591797 -77.76100158691406 -46.12477111816406
v 128.7733154296875 -104.58939361572266 -51.873573303222656
v 128.3165283203125 -110.66930389404297 -51.751182556152344
v 83.80488586425781 -88.97686767578125 -39.8243293762207
v 85.32867431640625 -87.678955078125 -40.232627868652344
v 81.24429321289062 -65.43135833740234 -39.138221740722656
v 81.36143493652344 -67.32362365722656 -39.16960906982422
v 82.07136535644531 -72.35065460205078 -39.35983657836914
v 78.08956909179688 -69.29105377197266 -38.29291534423828
v 91.37764739990234 -77.76101684570312 -41.85344696044922
v 82.51741027832031 -88.97738647460938 -39.47935104370117
v 82.46510314941406 -86.04548645019531 -39.465335845947266
v 115.95675659179688 -88.97738647460938 -48.43939208984375
v 86.9584732055664 -92.86753845214844 -40.66932678222656
v 70.6759033203125 -106.4024658203125 -36.306434631347656
v 66.27206420898438 -104.98670196533203 -46.438987731933594
v 65.84405517578125 -108.1329574584961 -48.8642692565918
v 126.50431060791016 -124.7212905883789 -51.265506744384766
v 127.0678482055664 -122.25523376464844 -51.41654968261719
v 114.59873962402344 -124.7212905883789 -48.075416564941406
v 125.48015594482422 -106.43878936767578 -63.95088577270508
v 125.8958740234375 -110.09521484375 -61.414772033691406
v 125.0052261352539 -113.75164031982422 -63.754173278808594
v 123.69886016845703 -113.75164031982422 -68.62968444824219
v 125.95508575439453 -99.12594604492188 -64.14759826660156
v 126.7865219116211 -106.43878936767578 -59.07537078857422
v 127.18479919433594 -110.09521484375 -56.60432815551758
v 126.29415893554688 -113.75164031982422 -58.943729400634766
v 128.075439453125 -106.43878936767578 -54.26492691040039
v 128.47372436523438 -110.09521484375 -51.79388427734375
v 127.58308410644531 -113.75164031982422 -54.13328552246094
v 73.8743896484375 -81.14506530761719 -37.1634635925293
v 73.97899627685547 -87.00886535644531 -37.19149398803711
v 71.11543273925781 -85.37539672851562 -36.42420196533203
v 76.73796081542969 -82.77853393554688 -37.930755615234375
v 79.60153198242188 -84.4120101928711 -38.69804382324219
v 76.63334655761719 -76.91473388671875 -37.9027214050293
v 76.84256744384766 -88.642333984375 -37.95878601074219
v 129.56332397460938 -89.60572052001953 -52.08525848388672
v 124.16263580322266 -87.00886535644531 -50.63814926147461
v 121.40986633300781 -88.642333984375 -49.90054702758789
v 78.80923461914062 -99.05839538574219 -38.485748291015625
v 83.95918273925781 -99.05634307861328 -39.86566925048828
v 127.91463470458984 -99.12594604492188 -56.83432388305664
v 126.60826873779297 -99.12594604492188 -61.7098388671875
v 123.99552917480469 -99.12594604492188 -71.46087646484375
v 125.3019027709961 -99.12594604492188 -66.58535766601562
v 123.5206069946289 -106.43878936767578 -71.26416015625
v 124.82697296142578 -106.43878936767578 -66.38864135742188
v 122.57074737548828 -121.06448364257812 -70.8707275390625
v 65.96674346923828 -72.03070831298828 -43.28654861450195
v 65.33782958984375 -74.96678161621094 -45.84031677246094
v 64.60259246826172 -72.0470962524414 -48.35003662109375
v 119.8395767211914 -99.05857849121094 -49.47978973388672
v 64.65576171875 -74.9749755859375 -48.37206268310547
v 66.01991271972656 -74.95858764648438 -43.308570861816406
v 65.64002990722656 -104.96723937988281 -48.77975845336914
v 65.23196411132812 -98.63579559326172 -48.61073684692383
v 66.90409851074219 -105.00616455078125 -44.09821319580078
v 114.91148376464844 -99.05653381347656 -48.15930938720703
v 124.76766967773438 -99.06062316894531 -50.800270080566406
v 129.2122802734375 -99.12594604492188 -51.99134063720703
v 129.2122802734375 -99.12594604492188 -51.99134063720703
v 126.44625854492188 -121.06448364257812 -56.40686798095703
v 125.15731811523438 -121.06448364257812 -61.217308044433594
v 127.73518371582031 -121.06448364257812 -51.59642791748047
v 127.73518371582031 -121.06448364257812 -51.59642791748047
v 123.86839294433594 -121.06448364257812 -66.02775573730469
v 79.54922485351562 -81.48011016845703 -38.68402862548828
v 121.35743713378906 -91.57423400878906 -49.886497497558594
v 76.89486694335938 -91.57423400878906 -37.972801208496094
v 82.41279602050781 -83.11358642578125 -39.45132064819336
v 85.2763671875 -84.74705505371094 -40.21861267089844
v 108.84126281738281 -72.89308166503906 -46.532798767089844
v 89.91156768798828 -72.89308166503906 -41.460609436035156
v 102.05802917480469 -68.12156677246094 -44.71524429321289
v 99.40484619140625 -67.80374145507812 -44.00432586669922
v 99.40414428710938 -70.99388885498047 -44.00413513183594
v 96.71097564697266 -61.741275787353516 -43.28250503540039
v 99.40554809570312 -64.61360168457031 -44.004512786865234
v 96.7095718383789 -68.12156677246094 -43.28213119506836
v 120.3141860961914 -106.24488830566406 -49.606956481933594
v 78.90576171875 -106.24432373046875 -38.51161193847656
v 73.65928649902344 -99.06044006347656 -37.10582733154297
v 101.79036712646484 -63.49562072753906 -44.82881546020508
v 102.07561492919922 -65.23722076416016 -47.028968811035156
v 101.89424896240234 -61.99917984008789 -47.34854507446289
v 110.8685302734375 -125.11389923095703 -52.03089141845703
v 110.16699981689453 -124.98289489746094 -56.796630859375
v 109.09320831298828 -125.2448959350586 -56.50891876220703
v 109.94552612304688 -124.72090148925781 -61.91829299926758
v 108.90962219238281 -124.98289489746094 -61.48920440673828
v 110.57421112060547 -124.72090148925781 -59.57200622558594
v 111.20289611816406 -124.72090148925781 -57.22572326660156
v 98.86234283447266 -65.54368591308594 -52.4814338684082
v 100.22440338134766 -66.36328125 -51.5064811706543
v 98.9983139038086 -67.18171691894531 -51.003971099853516
v 95.77985382080078 -64.37284851074219 -50.44790267944336
v 97.15420532226562 -65.32110595703125 -51.21602249145508
v 95.03515625 -65.59912872314453 -51.24645233154297
v 100.137451171875 -67.00812530517578 -50.70506286621094
v 97.85708618164062 -67.5946044921875 -50.40262985229492
v 100.137451171875 -67.00812530517578 -50.70506286621094
v 98.9983139038086 -67.18171691894531 -51.003971099853516
v 100.137451171875 -67.00812530517578 -50.70506286621094
v 97.85708618164062 -67.5946044921875 -50.40262985229492
v 98.9983139038086 -67.18171691894531 -51.003971099853516
v 96.86516571044922 -68.74110412597656 -50.070796966552734
v 95.4499740600586 -68.96875 -49.53105545043945
v 95.83128356933594 -67.22759246826172 -49.98201370239258
v 84.32958221435547 -128.8571319580078 -56.52122116088867
v 85.02317810058594 -127.95407104492188 -52.51838684082031
v 85.36427307128906 -128.8571319580078 -52.65967559814453
v 86.39897155761719 -128.8571319580078 -48.798133850097656
v 85.71676635742188 -127.0510025024414 -48.51555633544922
v 86.05786895751953 -127.95407104492188 -48.65684509277344
v 87.09255981445312 -127.95407104492188 -44.79530334472656
v 98.1476058959961 -68.72252655029297 -50.484619140625
v 98.9983139038086 -67.18171691894531 -51.003971099853516
v 99.61679077148438 -68.90839385986328 -50.87562561035156
v 98.9983139038086 -67.18171691894531 -51.003971099853516
v 98.1476058959961 -68.72252655029297 -50.484619140625
v 97.85708618164062 -67.5946044921875 -50.40262985229492
v 108.52777099609375 -125.92218780517578 -57.55842590332031
v 108.41100311279297 -127.05101776123047 -56.22634506225586
v 109.5418701171875 -125.69642639160156 -54.12733459472656
v 98.9983139038086 -67.18171691894531 -51.003971099853516
v 100.137451171875 -67.00812530517578 -50.70506286621094
v 100.85909271240234 -68.26884460449219 -50.55317687988281
v 102.07561492919922 -65.23722076416016 -47.028968811035156
v 101.15948486328125 -66.20112609863281 -48.84022903442383
v 100.07931518554688 -64.63578796386719 -50.66823196411133
v 83.90333557128906 -124.72090148925781 -43.86453628540039
v 84.440185546875 -124.85189819335938 -44.00853729248047
v 82.90000915527344 -124.72090148925781 -47.608985900878906
v 84.90666961669922 -124.72090911865234 -40.120086669921875
v 100.85909271240234 -68.26884460449219 -50.55317687988281
v 97.32833862304688 -67.15847778320312 -50.75885772705078
v 97.85708618164062 -67.5946044921875 -50.40262985229492
v 97.31021881103516 -67.91412353515625 -50.84892654418945
v 100.20613098144531 -68.6828384399414 -47.64015579223633
v 100.6583251953125 -70.97327423095703 -47.97243118286133
v 99.0322036743164 -69.1929931640625 -49.39433670043945
v 99.86477661132812 -72.0455551147461 -49.609615325927734
v 110.33163452148438 -125.24490356445312 -51.88703536987305
v 110.55596923828125 -125.47066497802734 -50.69624328613281
v 111.570068359375 -125.24490356445312 -47.26515197753906
v 99.86477661132812 -72.0455551147461 -49.609615325927734
v 100.6583251953125 -70.97327423095703 -47.97243118286133
v 98.04558563232422 -71.67890167236328 -48.739036560058594
v 98.41575622558594 -70.62393951416016 -47.544517517089844
v 96.98880004882812 -67.24644470214844 -44.372955322265625
v 96.85688018798828 -68.73136138916016 -46.55939865112305
v 99.26512145996094 -67.73079681396484 -44.78246307373047
v 98.49703979492188 -69.28018951416016 -47.23231887817383
v 109.99053955078125 -126.14796447753906 -51.745750427246094
v 98.93048095703125 -72.63034057617188 -50.09482955932617
v 97.66211700439453 -72.88579559326172 -49.98158645629883
v 98.23507690429688 -69.41127014160156 -50.25656509399414
v 108.39167785644531 -125.1138916015625 -61.274658203125
v 95.48282623291016 -62.09204864501953 -45.27967071533203
v 97.3503646850586 -59.95820617675781 -46.10615921020508
v 95.28292083740234 -62.2403564453125 -48.270687103271484
v 95.0775146484375 -67.0814208984375 -49.07228469848633
v 95.83129119873047 -67.22759246826172 -49.98201370239258
v 97.11912536621094 -67.60530090332031 -50.16450500488281
v 96.01416015625 -60.95853805541992 -49.80118942260742
v 96.56053161621094 -72.66466522216797 -49.330078125
v 96.94557189941406 -69.4299545288086 -49.8404655456543
v 96.07099914550781 -72.10050964355469 -48.38541793823242
v 96.35603332519531 -71.03559875488281 -46.584144592285156
v 96.79722595214844 -69.22537231445312 -48.67314529418945
v 96.85688018798828 -68.73136138916016 -46.55939865112305
v 97.72730255126953 -68.56481170654297 -49.58559799194336
v 113.7176513671875 -124.72090911865234 -47.840579986572266
v 111.94232177734375 -124.85189819335938 -52.318603515625
v 106.61634826660156 -125.24488830566406 -65.752685546875
v 112.46027374267578 -124.72090148925781 -52.53314971923828
v 97.57548522949219 -69.87165069580078 -50.1147346496582
v 96.07099914550781 -72.10050964355469 -48.38541793823242
v 96.56053161621094 -72.66466522216797 -49.330078125
v 100.20613098144531 -68.6828384399414 -47.64015579223633
v 109.28338623046875 -127.95407104492188 -51.5562629699707
v 107.703857421875 -128.8571319580078 -56.03685760498047
v 95.0839614868164 -64.7081527709961 -49.05630111694336
v 97.66211700439453 -72.88579559326172 -49.98158645629883
v 96.35603332519531 -71.03559875488281 -46.584144592285156
v 94.61406707763672 -68.35930633544922 -48.53799819946289
v 95.60742950439453 -65.3309097290039 -44.941776275634766
v 107.513671875 -126.14794921875 -60.98951721191406
v 95.83129119873047 -67.22759246826172 -49.98201370239258
v 97.11912536621094 -67.60530090332031 -50.16450500488281
v 96.86516571044922 -68.74110412597656 -50.070796966552734
v 97.11912536621094 -67.60530090332031 -50.16450500488281
v 105.25193786621094 -128.8571319580078 -65.18753814697266
v 106.38280487060547 -127.5025405883789 -63.08852767944336
v 82.96516418457031 -125.244873046875 -55.956058502197266
v 96.98880004882812 -67.24644470214844 -44.372955322265625
v 111.83158874511719 -124.72090148925781 -54.87943649291992
v 82.43352508544922 -124.85189819335938 -51.4974365234375
v 81.89668273925781 -124.72090148925781 -51.35343551635742
v 80.89335632324219 -124.72089385986328 -55.09788513183594
v 101.89424896240234 -61.99917984008789 -47.34854507446289
v 100.31231689453125 -62.16749954223633 -49.89360427856445
v 99.84061431884766 -59.92213439941406 -46.909725189208984
v 98.79120635986328 -60.91830825805664 -50.69729995727539
v 98.69286346435547 -64.33065795898438 -51.38789367675781
v 98.50236511230469 -59.23986053466797 -46.76508331298828
v 97.29771423339844 -60.57889938354492 -50.55839920043945
v 87.05402374267578 -125.24490356445312 -40.69609451293945
v 88.4683609008789 -128.8571319580078 -41.075050354003906
v 108.48454284667969 -124.85189819335938 -65.22317504882812
v 108.28093719482422 -124.98289489746094 -63.835487365722656
v 108.68814849853516 -124.72089385986328 -66.6108627319336
v 99.5731201171875 -62.90829849243164 -43.61152648925781
v 101.35404205322266 -67.1672134399414 -45.7257194519043
v 97.078857421875 -63.56386947631836 -43.308475494384766
v 85.00959777832031 -125.24488830566406 -48.32607650756836
v 84.3409652709961 -126.14793395996094 -52.235809326171875
v 95.60742950439453 -65.3309097290039 -44.941776275634766
v 99.84061431884766 -59.92213439941406 -46.909725189208984
v 98.50236511230469 -59.23986053466797 -46.76508331298828
v 86.38539123535156 -126.14794921875 -44.60582733154297
v 83.97369384765625 -124.98289489746094 -47.89698791503906
v 86.03181457519531 -125.2448959350586 -44.511085510253906
v 85.51385498046875 -125.11389923095703 -44.296539306640625
v 98.93048095703125 -72.63034057617188 -50.09482955932617
v 86.74577331542969 -128.40560913085938 -46.79671859741211
v 87.43367004394531 -128.8571319580078 -44.93659210205078
v 97.3503646850586 -59.95820617675781 -46.10615921020508
v 106.83146667480469 -127.95407104492188 -60.706939697265625
v 106.47789764404297 -128.8571319580078 -60.61219787597656
v 107.85478210449219 -125.24488830566406 -61.130802154541016
v 95.48282623291016 -62.09204864501953 -45.27967071533203
v 85.88447570800781 -128.17984008789062 -49.657554626464844
v 98.49703979492188 -69.28018951416016 -47.23231887817383
v 100.20613098144531 -68.6828384399414 -47.64015579223633
v 96.85688018798828 -68.73136138916016 -46.55939865112305
v 87.26311492919922 -128.40560913085938 -44.86594772338867
v 101.35404205322266 -67.1672134399414 -45.7257194519043
v 83.98738098144531 -125.24488067626953 -52.14106750488281
v 83.98396301269531 -125.17938232421875 -51.080047607421875
v 95.0775146484375 -67.0814208984375 -49.07228469848633
v 95.3172378540039 -66.28575134277344 -46.95501708984375
v 82.95832061767578 -125.11388397216797 -53.834022521972656
v 82.95147705078125 -124.98289489746094 -51.71198272705078
v 97.11912536621094 -67.60530090332031 -50.16450500488281
v 95.83128356933594 -67.22759246826172 -49.98201370239258
v 95.0775146484375 -67.0814208984375 -49.07228469848633
v 94.52173614501953 -66.44589233398438 -49.66630935668945
v 95.83129119873047 -67.22759246826172 -49.98201370239258
v 81.92584228515625 -124.91738891601562 -54.4659538269043
v 110.15577697753906 -128.8571319580078 -46.88618087768555
v 110.42672729492188 -126.5994873046875 -49.41070556640625
v 95.83129119873047 -67.22759246826172 -49.98201370239258
v 94.61406707763672 -68.35930633544922 -48.53799819946289
v 95.0775146484375 -67.0814208984375 -49.07228469848633
v 108.92981719970703 -128.8571319580078 -51.461517333984375
v 71.23576354980469 -66.66557312011719 -42.14691162109375
v 71.25588989257812 -68.60099792480469 -42.152305603027344
v 70.52442932128906 -67.6414794921875 -44.8338623046875
v 83.70457458496094 -64.51914978027344 -39.797454833984375
v 84.84681701660156 -64.06304931640625 -40.45513153076172
v 86.16486358642578 -63.60694122314453 -40.456687927246094
v 88.62515258789062 -62.69473648071289 -41.11592102050781
v 72.67841339111328 -109.64464569091797 -47.58277893066406
v 73.2896728515625 -109.64464569091797 -46.88484191894531
v 75.35478973388672 -109.64437103271484 -42.676734924316406
v 71.22455596923828 -109.6449203491211 -51.09294509887695
v 83.00135040283203 -64.51914978027344 -42.421939849853516
v 80.71687316894531 -65.43135070800781 -41.10658264160156
v 80.54106903076172 -65.43135070800781 -41.7627067565918
v 90.6171875 -56.849143981933594 -44.46260070800781
v 94.66011047363281 -59.13629913330078 -45.54589080810547
v 93.31246948242188 -59.29520797729492 -45.184791564941406
v 96.00775146484375 -58.977386474609375 -45.90699005126953
v 98.70303344726562 -61.4234504699707 -46.62918472290039
v 93.31246948242188 -56.53132247924805 -45.18479537963867
v 93.31246948242188 -57.913265228271484 -45.18479537963867
v 83.00135040283203 -64.51914978027344 -42.421939849853516
v 80.54106903076172 -62.6674690246582 -41.76271057128906
v 83.00135040283203 -61.75526428222656 -42.42194366455078
v 78.0807876586914 -60.81578826904297 -41.10348129272461
v 124.34330749511719 -89.60343933105469 -71.62052917480469
v 124.12068176269531 -92.4162368774414 -71.54501342773438
v 124.28814697265625 -92.53648376464844 -71.58988189697266
v 98.70303344726562 -55.89567947387695 -46.629188537597656
v 98.70303344726562 -58.65956497192383 -46.629188537597656
v 97.35539245605469 -58.81847381591797 -46.268089294433594
v 124.23299407958984 -95.46952056884766 -71.55923461914062
v 71.73880767822266 -109.64492797851562 -51.30595016479492
v 122.20833587646484 -113.70620727539062 -70.84308624267578
v 122.47327423095703 -117.389892578125 -70.87934875488281
v 122.61326599121094 -110.05886840820312 -70.98631286621094
v 121.80340576171875 -117.35354614257812 -70.69985961914062
v 124.45162963867188 -74.8179931640625 -71.7288818359375
v 123.55914306640625 -77.14981842041016 -71.473876953125
v 124.22900390625 -77.63079071044922 -71.65336608886719
v 122.75326538085938 -102.72785186767578 -71.0932846069336
v 124.67424774169922 -72.00519561767578 -71.80439758300781
v 121.04727172851562 -69.58090209960938 -71.73016357421875
v 122.8990478515625 -70.93384552001953 -72.49720001220703
v 123.33452606201172 -71.04325103759766 -71.44542694091797
v 124.56393432617188 -77.87127685546875 -71.74310302734375
v 71.98734283447266 -69.56050872802734 -39.47074890136719
v 122.82391357421875 -69.10181427001953 -65.03851318359375
v 123.41612243652344 -68.62057495117188 -62.80796432495117
v 122.23169708251953 -69.10073852539062 -67.2690658569336
v 121.04727172851562 -69.58090209960938 -71.73016357421875
v 123.4161376953125 -69.58518981933594 -62.80796813964844
v 124.60055541992188 -68.62272644042969 -58.34687042236328
v 123.71223449707031 -68.86227416992188 -61.692691802978516
v 124.55976104736328 -70.31636810302734 -62.66560363769531
v 125.17237854003906 -69.95292663574219 -58.27568817138672
v 123.98794555664062 -69.9507827758789 -62.736785888671875
v 122.48020935058594 -63.27340316772461 -53.00025939941406
v 119.17546844482422 -60.81578826904297 -52.11476135253906
v 121.69810485839844 -62.044593811035156 -52.79069900512695
v 122.80351257324219 -69.94863891601562 -67.19788360595703
v 123.4161376953125 -69.58518981933594 -62.80796813964844
v 122.23170471191406 -69.58304595947266 -67.2690658569336
v 122.23170471191406 -69.58304595947266 -67.2690658569336
v 67.213623046875 -65.6896743774414 -38.19164276123047
v 67.71743774414062 -65.69786071777344 -41.0372200012207
v 65.85450744628906 -65.70606231689453 -43.248634338378906
v 69.79295349121094 -68.61250305175781 -47.51541519165039
v 70.52442169189453 -68.60675048828125 -44.8338623046875
v 125.78494262695312 -65.73101806640625 -53.88576126098633
v 123.74152374267578 -63.8878059387207 -53.33823013305664
v 124.22074890136719 -63.27340316772461 -53.466636657714844
v 123.41604614257812 -65.72672271728516 -62.80793762207031
v 123.25895690917969 -65.72564697265625 -65.15507507324219
v 122.23159790039062 -65.72457885742188 -67.26902770996094
v 96.00775146484375 -56.2135009765625 -45.90699005126953
v 123.11995697021484 -66.44964599609375 -63.923221588134766
v 123.41610717773438 -67.65596008300781 -62.807960510253906
v 124.00828552246094 -66.2101058959961 -60.57740020751953
v 122.23162841796875 -66.68919372558594 -67.26904296875
v 104.0093994140625 -56.53132247924805 -48.051025390625
v 106.66258239746094 -56.849143981933594 -48.761940002441406
v 102.68280792236328 -59.13629913330078 -47.69556427001953
v 104.0093994140625 -59.29520797729492 -48.051021575927734
v 101.35621643066406 -56.2135009765625 -47.34010696411133
v 100.02962493896484 -58.81847381591797 -46.98464584350586
v 68.42771911621094 -109.65113830566406 -40.06720733642578
v 70.07683563232422 -109.65113830566406 -41.26250457763672
v 68.54524993896484 -109.65113830566406 -39.57285690307617
v 124.89661407470703 -65.97056579589844 -57.23158264160156
v 124.60052490234375 -66.69348907470703 -58.34686279296875
v 125.78494262695312 -65.73101806640625 -53.88576126098633
v 124.60049438476562 -65.72886657714844 -58.34684753417969
v 121.94340515136719 -110.02252960205078 -70.80682373046875
v 122.303955078125 -102.7098159790039 -71.27980041503906
v 121.64875030517578 -113.67901611328125 -70.84660339355469
v 120.99354553222656 -124.64822387695312 -70.41339874267578
v 121.82902526855469 -110.02265930175781 -71.08308410644531
v 75.36399841308594 -62.03425979614258 -40.375518798828125
v 71.94710540771484 -65.68966674804688 -39.459964752197266
v 72.64720153808594 -63.25273132324219 -39.647560119628906
v 124.87828826904297 -69.17893981933594 -50.82991027832031
v 126.040283203125 -69.88778686523438 -51.492881774902344
v 127.37808227539062 -70.59663391113281 -51.499725341796875
v 129.8778839111328 -72.01432037353516 -52.1695442199707
v 69.93041229248047 -64.47120666503906 -38.91960144042969
v 67.213623046875 -65.6896743774414 -38.19164276123047
v 73.41332244873047 -69.17893981933594 -37.039920806884766
v 70.72798156738281 -70.59663391113281 -36.32038497924805
v 70.0149917602539 -70.78741455078125 -37.535797119140625
v 68.04264068603516 -72.01432037353516 -35.60084915161133
v 122.4183349609375 -102.70968627929688 -71.0035400390625
v 122.34832763671875 -106.37519073486328 -70.95005798339844
v 122.89325714111328 -95.39683532714844 -71.20025634765625
v 125.78494262695312 -65.73101806640625 -53.88576126098633
v 129.2660369873047 -65.73101806640625 -54.81851577758789
v 125.47076416015625 -65.72886657714844 -58.580039978027344
v 122.0093002319336 -106.36630249023438 -71.31957244873047
v 122.0751953125 -102.7100830078125 -71.83232116699219
v 121.71464538574219 -110.02279663085938 -71.35934448242188
v 122.59860229492188 -99.05332946777344 -71.24002838134766
v 122.36984252929688 -99.05359649658203 -71.79254150390625
v 126.83609771728516 -65.72672271728516 -63.96998596191406
v 123.94161987304688 -65.72457885742188 -67.85005187988281
v 125.1565933227539 -65.72672271728516 -63.274314880371094
v 124.40615844726562 -65.72242736816406 -73.1214599609375
v 121.04714965820312 -65.72242736816406 -71.73011779785156
v 121.78048706054688 -106.36643981933594 -71.87206268310547
v 75.03406524658203 -67.95203399658203 -40.287109375
v 71.98734283447266 -69.56050872802734 -39.47074890136719
v 71.98734283447266 -69.56050872802734 -39.47074890136719
v 70.08417510986328 -65.69786071777344 -41.67137908935547
v 68.22124481201172 -65.7060546875 -43.88279724121094
v 126.74339294433594 -64.50221252441406 -54.142578125
v 129.2660369873047 -65.73101806640625 -54.81851577758789
v 74.13227081298828 -109.64437103271484 -44.07261657714844
v 67.1081314086914 -108.17189025878906 -44.18272399902344
v 70.59761810302734 -108.13267517089844 -45.77001953125
v 68.22084045410156 -108.1328125 -47.31714630126953
v 123.42312622070312 -102.76419067382812 -71.27277374267578
v 123.01819610595703 -106.41152954101562 -71.12954711914062
v 123.28314208984375 -110.09521484375 -71.16580200195312
v 65.84405517578125 -108.1329574584961 -48.8642692565918
v 68.7914047241211 -108.13296508789062 -50.08509826660156
v 68.37220764160156 -108.2108154296875 -39.501182556152344
v 69.48490905761719 -108.17174530029297 -42.63560104370117
v 71.8616943359375 -108.1716079711914 -41.088478088378906
v 114.24561309814453 -58.99137878417969 -50.79380798339844
v 116.71054077148438 -59.90358352661133 -51.45428466796875
v 113.01315307617188 -61.299163818359375 -50.46357345581055
v 121.48577880859375 -110.02279663085938 -71.91180419921875
v 67.33089447021484 -72.01432037353516 -38.223060607910156
v 75.35118103027344 -108.13240051269531 -42.67577362060547
v 72.97439575195312 -108.13253784179688 -44.222896575927734
v 73.54496765136719 -108.13268280029297 -46.99085235595703
v 123.99552917480469 -99.12594604492188 -71.46087646484375
v 123.82806396484375 -99.11685180664062 -71.41600036621094
v 123.75807189941406 -102.78236389160156 -71.36251831054688
v 121.35409545898438 -117.33551025390625 -70.88636779785156
v 123.1138916015625 -83.22004699707031 -71.32284545898438
v 123.78376007080078 -83.25638580322266 -71.50233459472656
v 123.67144775390625 -80.2031021118164 -71.48810577392578
v 68.37220764160156 -108.2108154296875 -39.501182556152344
v 71.94821166992188 -108.89176940917969 -41.12431335449219
v 71.8616943359375 -108.1716079711914 -41.088478088378906
v 75.35118103027344 -108.13240051269531 -42.67577362060547
v 123.5206069946289 -106.43878936767578 -71.26416015625
v 122.43573760986328 -95.39737701416016 -72.30529022216797
v 123.41604614257812 -65.72672271728516 -62.80793762207031
v 120.94496154785156 -120.99185943603516 -71.20234680175781
v 121.17382049560547 -120.99186706542969 -70.64988708496094
v 124.45362091064453 -83.73735809326172 -71.68181610107422
v 123.89607238769531 -86.3096694946289 -71.51655578613281
v 124.00837707519531 -89.36295318603516 -71.5307846069336
v 123.45082092285156 -92.37989807128906 -71.36552429199219
v 122.57074737548828 -121.06448364257812 -70.8707275390625
v 122.33328247070312 -124.72090911865234 -70.77237701416016
v 126.25459289550781 -71.5287857055664 -63.119728088378906
v 126.86721801757812 -71.16534423828125 -58.729820251464844
v 125.78499603271484 -69.58948516845703 -53.88577651977539
v 129.17466735839844 -72.01432037353516 -54.79403305053711
v 96.00775146484375 -61.74127197265625 -45.90699005126953
v 96.18355560302734 -61.74127197265625 -45.25086975097656
v 93.31246948242188 -62.0590934753418 -45.18479537963867
v 98.70303344726562 -61.4234504699707 -46.62918472290039
v 96.00775146484375 -61.74127197265625 -45.90699005126953
v 96.00775146484375 -60.35932922363281 -45.90699005126953
v 93.31246948242188 -62.0590934753418 -45.18479537963867
v 102.05943298339844 -61.741275787353516 -44.71561813354492
v 101.88362884521484 -61.741275787353516 -45.371742248535156
v 104.71261596679688 -62.05909729003906 -45.426536560058594
v 99.40625 -61.42345428466797 -44.00469970703125
v 122.80821228027344 -117.40806579589844 -70.96908569335938
v 125.79934692382812 -72.00747680664062 -67.55180358886719
v 125.46441650390625 -71.7669906616211 -67.46206665039062
v 124.67424774169922 -72.00519561767578 -71.80439758300781
v 126.92445373535156 -72.00975799560547 -63.299217224121094
v 75.35478973388672 -109.64437103271484 -42.676734924316406
v 111.78068542480469 -63.60694885253906 -50.133338928222656
v 111.95649719238281 -63.60694885253906 -49.47721481323242
v 109.31575775146484 -62.69474411010742 -49.472862243652344
v 114.24562072753906 -64.51915740966797 -50.79381561279297
v 114.24562072753906 -64.51915740966797 -50.79381561279297
v 111.78068542480469 -63.60694885253906 -50.133338928222656
v 113.01315307617188 -62.68110656738281 -50.46357727050781
v 109.31575775146484 -62.69474411010742 -49.472862243652344
v 85.81324768066406 -63.60694122314453 -41.76892852783203
v 85.98905944824219 -63.60694122314453 -41.11280822753906
v 83.35296630859375 -64.51914978027344 -41.10969543457031
v 122.66593933105469 -89.28135681152344 -72.07701110839844
v 122.78104400634766 -86.22335052490234 -71.9628677368164
v 122.66738891601562 -83.16561126708984 -72.4012451171875
v 122.89614868164062 -83.16534423828125 -71.84872436523438
v 122.89469909667969 -89.28108978271484 -71.52449035644531
v 122.7824935913086 -80.10760498046875 -72.28710174560547
v 122.89832305908203 -73.99171447753906 -72.3350830078125
v 122.89759826660156 -77.04959106445312 -72.17295837402344
v 122.55155944824219 -89.281494140625 -72.353271484375
v 72.64279174804688 -109.26679992675781 -49.148643493652344
v 72.64276123046875 -108.51081848144531 -49.14863204956055
v 73.54676818847656 -108.888671875 -46.9913330078125
v 73.54496765136719 -108.13268280029297 -46.99085235595703
v 71.73875427246094 -108.13296508789062 -51.305931091308594
v 71.73880767822266 -109.64492797851562 -51.30595016479492
v 72.1907730102539 -108.69988250732422 -50.22728729248047
v 73.54679870605469 -109.6446533203125 -46.99134063720703
v 75.35478973388672 -109.64437103271484 -42.676734924316406
v 73.54679870605469 -109.6446533203125 -46.99134063720703
v 75.35118103027344 -108.13240051269531 -42.67577362060547
v 74.448974609375 -108.51053619384766 -44.833553314208984
v 74.45077514648438 -109.26652526855469 -44.83403396606445
v 68.54524993896484 -109.65113830566406 -39.57285690307617
v 109.31575775146484 -59.93085479736328 -49.472862243652344
v 111.78068542480469 -58.07917022705078 -50.133331298828125
v 109.31575775146484 -57.16696548461914 -49.47285842895508
v 111.78068542480469 -60.84306335449219 -50.13333511352539
v 121.32980346679688 -115.50732421875 -71.28084564208984
v 121.12522888183594 -117.33550262451172 -71.43882751464844
v 121.01080322265625 -117.33550262451172 -71.71505737304688
v 120.53582000732422 -124.64820861816406 -71.51831817626953
v 121.41993713378906 -113.67915344238281 -71.39908599853516
v 124.60057067871094 -69.58734130859375 -58.34687042236328
v 85.46163177490234 -58.07917022705078 -43.081172943115234
v 87.92191314697266 -62.69473648071289 -43.74040603637695
v 85.46163177490234 -60.843055725097656 -43.0811767578125
v 83.00135040283203 -58.99137878417969 -42.42194366455078
v 80.54106903076172 -59.90358352661133 -41.76271057128906
v 84.23149108886719 -61.29916000366211 -42.751556396484375
v 78.78400421142578 -66.34356689453125 -38.4789924621582
v 75.03406524658203 -67.95203399658203 -40.287109375
v 78.0807876586914 -66.34355926513672 -41.10347366333008
v 122.231689453125 -68.6184310913086 -67.26905822753906
v 121.04714965820312 -65.72242736816406 -71.73011779785156
v 121.63945007324219 -68.13504791259766 -69.49960327148438
v 76.09866333007812 -67.7612533569336 -37.759456634521484
v 75.38567352294922 -67.95204162597656 -38.97486877441406
v 87.92191314697266 -57.16696548461914 -43.74040222167969
v 87.92191314697266 -59.930850982666016 -43.74040222167969
v 125.78499603271484 -69.58948516845703 -53.88577651977539
v 125.1927490234375 -67.17687225341797 -56.11631774902344
v 122.87820434570312 -113.7425537109375 -71.02257537841797
v 123.33850860595703 -89.32661437988281 -71.3512954711914
v 123.00357055664062 -89.30844116210938 -71.26155090332031
v 91.32042694091797 -62.376914978027344 -41.83811569213867
v 93.66407775878906 -62.05909729003906 -43.87255096435547
v 94.01570129394531 -62.05909729003906 -42.56031036376953
v 123.39366149902344 -86.28240966796875 -71.38194274902344
v 96.53516387939453 -61.741275787353516 -43.93862533569336
v 96.71097564697266 -61.741275787353516 -43.28250503540039
v 107.36579895019531 -62.376922607421875 -46.13745880126953
v 107.19000244140625 -62.376922607421875 -46.7935791015625
v 110.01898956298828 -62.69474411010742 -46.8483772277832
v 128.049560546875 -72.01203918457031 -59.04662322998047
v 122.1530532836914 -65.72403717041016 -68.44259643554688
v 123.10186767578125 -65.72457885742188 -67.50221252441406
v 124.50877380371094 -80.8043212890625 -71.71246337890625
v 127.21131896972656 -65.72886657714844 -59.046417236328125
v 128.0510711669922 -65.72886657714844 -59.394248962402344
v 124.36486053466797 -65.72725677490234 -61.867557525634766
v 124.39846801757812 -86.67039489746094 -71.65116882324219
v 124.61909484863281 -74.938232421875 -71.77375030517578
v 122.23159790039062 -65.72457885742188 -67.26902770996094
v 69.06150817871094 -65.72245025634766 -50.19697952270508
v 64.4953842163086 -65.72245025634766 -48.30562973022461
v 68.64137268066406 -65.71424865722656 -47.039886474609375
v 69.36277770996094 -65.7060546875 -44.35563278198242
v 70.29423522949219 -65.70195770263672 -43.24992370605469
v 124.886474609375 -69.77013397216797 -58.311279296875
v 124.29425048828125 -69.76905822753906 -60.541831970214844
v 123.70204162597656 -69.76799011230469 -62.772377014160156
v 71.94710540771484 -65.68966674804688 -39.459964752197266
v 70.50430297851562 -65.7060546875 -44.82847213745117
v 124.60049438476562 -65.72886657714844 -58.34684753417969
v 70.50430297851562 -65.7060546875 -44.82847213745117
v 70.14863586425781 -66.19401550292969 -46.17194366455078
v 69.78290557861328 -65.71424865722656 -47.512725830078125
v 69.06150817871094 -65.72245025634766 -50.19697952270508
v 101.35621643066406 -58.977386474609375 -47.34010314941406
v 123.11534118652344 -77.10429382324219 -71.64707946777344
v 123.22421264648438 -77.13165283203125 -71.38414001464844
v 123.33452606201172 -71.04325103759766 -71.44542694091797
v 123.44683837890625 -74.0965347290039 -71.45965576171875
v 122.8990478515625 -70.93384552001953 -72.49720001220703
v 81.0684814453125 -65.43135833740234 -39.794342041015625
v 78.0807876586914 -66.34355926513672 -41.10347366333008
v 80.54106903076172 -65.43135070800781 -41.7627067565918
v 69.65911865234375 -70.78741455078125 -38.84690475463867
v 71.98734283447266 -69.56050872802734 -39.47074890136719
v 69.65911865234375 -70.78741455078125 -38.84690475463867
v 70.09176635742188 -70.17971801757812 -41.84038162231445
v 67.33089447021484 -72.01432037353516 -38.223060607910156
v 66.35831451416016 -65.71424865722656 -46.094215393066406
v 122.8968734741211 -80.10746765136719 -72.0108413696289
v 122.77960205078125 -92.33909606933594 -71.63863372802734
v 123.16905212402344 -80.17584991455078 -71.3534927368164
v 117.0621566772461 -65.43136596679688 -50.14204406738281
v 117.23796081542969 -65.43136596679688 -49.48591995239258
v 114.59722900390625 -64.51915740966797 -49.4815673828125
v 119.87869262695312 -66.34356689453125 -49.490272521972656
v 114.94883728027344 -64.51915740966797 -48.16932678222656
v 112.30810546875 -63.60694885253906 -48.16497039794922
v 122.94985961914062 -86.23689270019531 -71.55513763427734
v 123.11605834960938 -74.04641723632812 -71.80918884277344
v 69.78290557861328 -65.71424865722656 -47.512725830078125
v 124.60057067871094 -69.58734130859375 -58.34687042236328
v 101.35621643066406 -60.35932922363281 -47.34010314941406
v 75.01394653320312 -63.25272750854492 -40.28172302246094
v 122.55084228515625 -92.33937072753906 -72.19114685058594
v 106.83837890625 -62.376922607421875 -48.10581970214844
v 104.36100769042969 -62.05909729003906 -46.7387809753418
v 106.66258239746094 -62.376922607421875 -48.76194381713867
v 71.95001983642578 -109.64775085449219 -41.124794006347656
v 101.35621643066406 -61.74127197265625 -47.34010314941406
v 101.53202056884766 -61.74127197265625 -46.683982849121094
v 104.0093994140625 -62.05909729003906 -48.051025390625
v 71.95001983642578 -109.64775085449219 -41.124794006347656
v 68.19618225097656 -70.7989273071289 -44.21001434326172
v 69.36029815673828 -70.18547058105469 -44.521934509277344
v 68.62882995605469 -70.19123077392578 -47.2034912109375
v 104.0093994140625 -62.05909729003906 -48.051025390625
v 101.35621643066406 -61.74127197265625 -47.34010314941406
v 122.37849426269531 -67.7612533569336 -50.160091400146484
v 122.20269012451172 -67.7612533569336 -50.81621551513672
v 124.35088348388672 -69.17893981933594 -52.79827880859375
v 124.52668762207031 -69.17893981933594 -52.142154693603516
v 121.85108947753906 -67.7612533569336 -52.12845993041992
v 126.85067749023438 -70.59663391113281 -53.46809387207031
v 119.17548370361328 -66.34356689453125 -52.11476516723633
v 124.17507934570312 -69.17893981933594 -53.45439910888672
v 123.01307678222656 -68.47010040283203 -52.79142761230469
v 69.79296875 -66.68196105957031 -47.515419006347656
v 123.15818786621094 -99.08051300048828 -71.23651123046875
v 87.92191314697266 -62.69473648071289 -43.74040603637695
v 85.46163177490234 -63.60694122314453 -43.081172943115234
v 85.46163177490234 -63.60694122314453 -43.081172943115234
v 126.67487335205078 -70.59663391113281 -54.12421417236328
v 125.62112426757812 -65.72457885742188 -68.54572296142578
v 129.17466735839844 -72.01432037353516 -54.79403305053711
v 126.67487335205078 -70.59663391113281 -54.12421417236328
v 122.48023986816406 -67.96652221679688 -53.00027084350586
v 129.17466735839844 -72.01432037353516 -54.79403305053711
v 124.17507934570312 -69.17893981933594 -53.45439910888672
v 122.06834411621094 -121.0372314453125 -70.73611450195312
v 121.39847564697266 -121.00088500976562 -70.55662536621094
v 117.41376495361328 -65.43136596679688 -48.82979965209961
v 123.9471435546875 -70.6798095703125 -67.05551147460938
v 124.7945556640625 -71.28601837158203 -67.28257751464844
v 127.71463012695312 -71.77155303955078 -58.956878662109375
v 106.66258239746094 -60.99497604370117 -48.761940002441406
v 106.66258239746094 -58.23108673095703 -48.761940002441406
v 71.2257080078125 -65.69786071777344 -42.14421844482422
v 90.79299926757812 -62.376914978027344 -43.806480407714844
v 90.6171875 -58.23108673095703 -44.46259689331055
v 90.6171875 -60.994972229003906 -44.46260070800781
v 71.94710540771484 -65.68966674804688 -39.459964752197266
v 71.2257080078125 -65.69786071777344 -42.14421844482422
v 69.21088409423828 -69.88450622558594 -47.35945129394531
v 69.06147003173828 -69.58353424072266 -50.19696807861328
v 67.76353454589844 -71.40662384033203 -41.21653747558594
v 69.79293823242188 -69.57777404785156 -47.515411376953125
v 70.52440643310547 -69.572021484375 -44.833858489990234
v 69.57661437988281 -69.88162231445312 -46.0186767578125
v 69.06147003173828 -69.58353424072266 -50.19696807861328
v 70.52440643310547 -69.572021484375 -44.833858489990234
v 65.96674346923828 -72.03070831298828 -43.28654861450195
v 71.16818237304688 -108.13282012939453 -48.5379753112793
v 71.73875427246094 -108.13296508789062 -51.305931091308594
v 71.25587463378906 -69.56626892089844 -42.152305603027344
v 72.47039031982422 -109.64775085449219 -42.48272705078125
v 69.58599090576172 -109.65113830566406 -42.288719177246094
v 69.79293823242188 -69.57777404785156 -47.515411376953125
v 116.09431457519531 -61.05747604370117 -51.28916931152344
v 114.24561309814453 -61.75526428222656 -50.7938117980957
v 127.20228576660156 -70.59663391113281 -52.15584945678711
v 119.17548370361328 -66.34356689453125 -52.11476516723633
v 125.78499603271484 -69.58948516845703 -53.88577651977539
v 112.48391723632812 -63.60694885253906 -47.50885009765625
v 64.60259246826172 -72.0470962524414 -48.35003662109375
v 66.39938354492188 -71.42301177978516 -46.280025482177734
v 90.6171875 -59.61302947998047 -44.46259689331055
v 78.0807876586914 -63.579673767089844 -41.103477478027344
v 75.01394653320312 -66.01661682128906 -40.28171920776367
v 66.83203125 -70.81531524658203 -49.273502349853516
v 116.71055603027344 -65.43136596679688 -51.45429229736328
v 116.71054077148438 -62.66747283935547 -51.454288482666016
v 116.71055603027344 -65.43136596679688 -51.45429229736328
v 90.6171875 -62.376914978027344 -44.46260070800781
v 90.6171875 -62.376914978027344 -44.46260070800781
v 122.48020935058594 -66.03729248046875 -53.00026321411133
v 119.17547607421875 -63.57967758178711 -52.11476135253906
v 71.25587463378906 -69.56626892089844 -42.152305603027344
v 81.24429321289062 -65.43135833740234 -39.138221740722656
v 72.71581268310547 -109.64775085449219 -41.96961975097656
v 91.14461517333984 -62.376914978027344 -42.49423599243164
v 106.66258239746094 -59.61302947998047 -48.761940002441406
v 106.66258239746094 -62.376922607421875 -48.76194381713867
v 125.05142974853516 -73.4862060546875 -64.17231750488281
v 125.74861907958984 -71.26538848876953 -65.08628845214844
v 127.06011199951172 -71.26541137695312 -63.3581428527832
v 124.58255767822266 -73.28496551513672 -64.59190368652344
v 123.59894561767578 -71.5777359008789 -64.26266479492188
v 125.3150634765625 -70.8453140258789 -65.065673828125
v 69.35965728759766 -72.63350677490234 -45.85014343261719
v 69.60830688476562 -72.07181549072266 -46.232666015625
v 67.87061309814453 -71.5777587890625 -46.01713943481445
v 125.74861907958984 -71.26538848876953 -65.08628845214844
v 68.48098754882812 -71.19156646728516 -49.00979232788086
v 68.30352020263672 -71.5777359008789 -49.44628143310547
v 66.59142303466797 -70.55428314208984 -48.94484329223633
v 122.41805267333984 -72.63349151611328 -63.34035110473633
v 122.05097198486328 -73.4085464477539 -62.57428741455078
v 122.14088439941406 -72.84685516357422 -62.12699508666992
v 69.58599090576172 -109.65113830566406 -42.288719177246094
v 70.07683563232422 -109.65113830566406 -41.26250457763672
v 67.67324829101562 -110.27931213378906 -43.3885498046875
v 122.50796508789062 -72.07180786132812 -62.89305877685547
v 67.95338439941406 -74.6606216430664 -46.35034942626953
v 66.93740844726562 -73.28496551513672 -46.469966888427734
v 66.08255004882812 -70.84532165527344 -46.64380645751953
v 65.7583236694336 -71.26541137695312 -46.93235778808594
v 70.15787506103516 -73.40855407714844 -46.14078140258789
v 70.40180969238281 -72.84696197509766 -46.5289421081543
v 69.9331283569336 -72.07180786132812 -48.805660247802734
v 123.66349029541016 -71.19156646728516 -63.79591369628906
v 125.33238220214844 -70.55429077148438 -64.6844482421875
v 123.77286529541016 -74.66060638427734 -63.9666748046875
v 124.21839904785156 -74.80422973632812 -63.60889434814453
v 123.56058502197266 -75.36566925048828 -62.94696807861328
v 67.93099212646484 -110.35749053955078 -42.3406867980957
v 66.50460815429688 -70.46651458740234 -47.93147659301758
v 66.33686065673828 -70.5542984008789 -46.9283332824707
v 68.4041976928711 -71.06136322021484 -47.6901741027832
v 68.1510009765625 -71.19157409667969 -46.39582443237305
v 125.68842315673828 -71.5777587890625 -61.5093879699707
v 125.25625610351562 -71.19158172607422 -61.6971435546875
v 124.07576751708984 -72.07181549072266 -60.82719039916992
v 126.56108856201172 -70.5542984008789 -63.06538772583008
v 70.63406372070312 -72.84685516357422 -48.32577133178711
v 69.78734588623047 -72.63349151611328 -49.23798370361328
v 70.48828887939453 -73.4085464477539 -48.758094787597656
v 126.923583984375 -70.84532165527344 -62.94612503051758
v 124.41090393066406 -75.36566925048828 -61.82650375366211
v 125.22542572021484 -74.80423736572266 -62.28192901611328
v 125.45012664794922 -74.6606216430664 -61.75657272338867
v 66.030029296875 -71.26538848876953 -49.08473587036133
v 66.41580200195312 -70.8453140258789 -49.28364944458008
v 67.28705596923828 -73.28495788574219 -49.239601135253906
v 124.49263763427734 -75.30025482177734 -61.51957321166992
v 125.99222564697266 -73.4862060546875 -62.93262481689453
v 126.27017974853516 -73.28497314453125 -62.3681526184082
v 124.48236846923828 -72.63350677490234 -60.6202392578125
v 127.06011199951172 -71.26541137695312 -63.3581428527832
v 123.24044036865234 -72.84696960449219 -60.68702697753906
v 123.64576721191406 -73.40855407714844 -60.47283172607422
v 123.2869644165039 -75.30023956298828 -63.10826873779297
v 125.05142974853516 -73.4862060546875 -64.17231750488281
v 70.23353576660156 -110.43651580810547 -44.93389129638672
v 67.58736419677734 -111.80179595947266 -43.841548919677734
v 123.24044036865234 -72.84696960449219 -60.68702697753906
v 124.07576751708984 -72.07181549072266 -60.82719039916992
v 123.24827575683594 -71.84037780761719 -61.82704544067383
v 125.25625610351562 -71.19158172607422 -61.6971435546875
v 124.38980102539062 -71.06137084960938 -62.69148635864258
v 126.56108856201172 -70.5542984008789 -63.06538772583008
v 125.91425323486328 -70.46651458740234 -63.85026168823242
v 125.99222564697266 -73.4862060546875 -62.93262481689453
v 69.82500457763672 -71.84037017822266 -47.51231002807617
v 68.3008804321289 -74.66060638427734 -49.10298538208008
v 69.15089416503906 -75.30023956298828 -48.602535247802734
v 69.60830688476562 -72.07181549072266 -46.232666015625
v 74.13227081298828 -109.64437103271484 -44.07261657714844
v 69.95448303222656 -75.7728042602539 -47.4959831237793
v 68.99459075927734 -75.36566162109375 -48.32603454589844
v 70.71221160888672 -75.0013427734375 -47.40031814575195
v 122.14088439941406 -72.84685516357422 -62.12699508666992
v 122.50796508789062 -72.07180786132812 -62.89305877685547
v 123.66349029541016 -71.19156646728516 -63.79591369628906
v 68.9011001586914 -75.30025482177734 -46.62385177612305
v 125.33238220214844 -70.55429077148438 -64.6844482421875
v 68.81841278076172 -75.36566925048828 -46.93052673339844
v 122.53592681884766 -75.00135040283203 -61.28645706176758
v 123.14431762695312 -75.7728042602539 -61.7481689453125
v 70.40180969238281 -72.84696197509766 -46.5289421081543
v 66.89588928222656 -73.4862060546875 -47.0977897644043
v 67.88529968261719 -74.80423736572266 -46.91767883300781
v 66.59142303466797 -70.55428314208984 -48.94484329223633
v 66.33686065673828 -70.5542984008789 -46.9283332824707
v 68.48098754882812 -71.19156646728516 -49.00979232788086
v 68.1510009765625 -71.19157409667969 -46.39582443237305
v 66.030029296875 -71.26538848876953 -49.08473587036133
v 67.0907974243164 -73.48619842529297 -48.64179992675781
v 65.7583236694336 -71.26541137695312 -46.93235778808594
v 66.89588928222656 -73.4862060546875 -47.0977897644043
v 69.9331283569336 -72.07180786132812 -48.805660247802734
v 70.63406372070312 -72.84685516357422 -48.32577133178711
v 67.0907974243164 -73.48619842529297 -48.64179992675781
v 68.09394073486328 -74.80422973632812 -48.570377349853516
v 123.26345825195312 -55.005550384521484 -67.56914520263672
v 123.85287475585938 -57.685306549072266 -67.81329345703125
v 124.1656494140625 -56.34650421142578 -65.40335083007812
v 124.47842407226562 -55.00769805908203 -62.993408203125
v 125.65725708007812 -60.367210388183594 -63.48169708251953
v 126.87223052978516 -60.36935806274414 -58.90596008300781
v 125.67532348632812 -57.68852996826172 -60.949684143066406
v 127.14887237548828 -64.3879165649414 -61.5600471496582
v 128.0510711669922 -65.72886657714844 -59.394248962402344
v 127.4616470336914 -63.04911422729492 -59.150108337402344
v 126.83609771728516 -65.72672271728516 -63.96998596191406
v 116.54641723632812 -32.65712356567383 -51.41028594970703
v 113.92205047607422 -28.78155517578125 -50.70708465576172
v 114.64314270019531 -30.71940803527832 -53.26473617553711
v 115.36424255371094 -32.65726089477539 -55.8223876953125
v 114.09834289550781 -30.7194766998291 -55.29803466796875
v 116.67642211914062 -34.59504699707031 -56.173988342285156
v 114.27462768554688 -32.65739822387695 -59.88898849487305
v 116.80642700195312 -36.53296661376953 -60.93769454956055
v 116.08533477783203 -34.595115661621094 -58.380043029785156
v 115.62867736816406 -35.564144134521484 -62.70881652832031
v 116.98271942138672 -38.470890045166016 -65.52864837646484
v 114.45092010498047 -34.59532165527344 -64.47994232177734
v 109.78465270996094 -27.991989135742188 -58.315589904785156
v 107.93698120117188 -26.80708885192871 -53.46194839477539
v 107.82646179199219 -27.202146530151367 -57.790897369384766
v 109.89517211914062 -27.59693145751953 -53.98664093017578
v 108.69503784179688 -27.99212646484375 -62.38219451904297
v 105.97880554199219 -26.01724624633789 -52.937255859375
v 104.02061462402344 -25.227405548095703 -52.41256332397461
v 105.8682861328125 -26.41230583190918 -57.266204833984375
v 106.08931732177734 -25.622188568115234 -48.608306884765625
v 102.1729507446289 -24.04250717163086 -47.558921813964844
v 98.25658416748047 -22.46282386779785 -46.5095329284668
v 101.13859558105469 -23.845115661621094 -49.4610481262207
v 102.06243896484375 -24.437564849853516 -51.88787078857422
v 111.74282836914062 -28.781829833984375 -58.84028625488281
v 109.67413330078125 -28.387046813964844 -62.64453887939453
v 109.56361389160156 -28.7821044921875 -66.9734878540039
v 111.85334777832031 -28.38677215576172 -54.51133728027344
v 110.00568389892578 -27.201871871948242 -49.65769577026367
v 107.99224853515625 -26.609560012817383 -51.2974739074707
v 94.45072937011719 -22.46336555480957 -60.71352767944336
v 95.40219116210938 -22.46323013305664 -57.16252899169922
v 93.51309967041016 -23.25307846069336 -56.380043029785156
v 96.35365295410156 -22.46309471130371 -53.61153030395508
v 97.29130554199219 -23.253070831298828 -57.94502258300781
v 90.20372009277344 -24.437915802001953 -56.9818115234375
v 89.73490905761719 -24.83277130126953 -54.815067291259766
v 86.89434814453125 -25.62275505065918 -57.583580017089844
v 90.67253875732422 -24.043060302734375 -59.14855194091797
v 69.65363311767578 -54.986751556396484 -38.845436096191406
v 69.04362487792969 -57.66248321533203 -38.68198776245117
v 68.62791442871094 -56.32475662231445 -41.45360565185547
v 68.43362426757812 -60.33821105957031 -38.51853942871094
v 69.2379150390625 -53.649024963378906 -41.61705780029297
v 68.82220458984375 -52.311302185058594 -44.388675689697266
v 69.43221282958984 -49.63557052612305 -44.5521240234375
v 67.92076873779297 -61.00721740722656 -39.82262420654297
v 68.01791381835938 -59.00048828125 -41.2901611328125
v 69.01649475097656 -48.29784393310547 -47.32374572753906
v 68.71150207519531 -49.635711669921875 -47.24201965332031
v 78.4327621459961 -32.65742492675781 -47.33411407470703
v 79.24605560302734 -32.657283782958984 -44.2987060546875
v 77.57351684570312 -34.59513473510742 -45.292057037353516
v 75.90097045898438 -36.53298568725586 -46.28540802001953
v 79.96676635742188 -32.657142639160156 -41.60880661010742
v 76.80618286132812 -32.65770721435547 -53.404930114746094
v 77.61947631835938 -32.65756607055664 -50.36952209472656
v 76.35357666015625 -34.59534454345703 -49.84516906738281
v 78.88536834716797 -30.719783782958984 -50.89387512207031
v 67.57771301269531 -56.33100891113281 -45.367401123046875
v 68.1220703125 -52.315467834472656 -46.99787139892578
v 68.21220397949219 -54.987030029296875 -44.22522735595703
v 66.94322204589844 -57.67498016357422 -46.50957489013672
v 67.03335571289062 -60.3465461730957 -43.73693084716797
v 82.75694274902344 -28.38680076599121 -45.60975646972656
v 80.96455383300781 -28.781864166259766 -48.382816314697266
v 82.92273712158203 -27.992019653320312 -48.907508850097656
v 82.59114074707031 -28.78158187866211 -42.3120002746582
v 84.71511840820312 -27.596956253051758 -46.13444519042969
v 81.13035583496094 -28.387081146240234 -51.680572509765625
v 82.10945129394531 -27.99216079711914 -51.94291687011719
v 79.33797454833984 -28.78214454650879 -54.45363235473633
v 94.34022521972656 -24.04251480102539 -45.46015167236328
v 91.56875610351562 -24.832500457763672 -47.97086715698242
v 93.52693176269531 -24.042654037475586 -48.49555969238281
v 88.79727935791016 -25.62248420715332 -50.48158264160156
v 89.20392608642578 -25.622413635253906 -48.9638786315918
v 86.50749969482422 -27.201892852783203 -43.36138153076172
v 85.6942138671875 -27.20203399658203 -46.39678955078125
v 87.65238952636719 -26.412189483642578 -46.92148208618164
v 84.88092041015625 -27.20217514038086 -49.43219757080078
v 90.42385864257812 -25.622203826904297 -44.4107666015625
v 90.99630737304688 -25.227352142333984 -46.190818786621094
v 86.83909606933594 -26.412330627441406 -49.95689392089844
v 89.6105728149414 -25.622344970703125 -47.44617462158203
v 80.91859436035156 -30.719432830810547 -43.30535125732422
v 80.51194763183594 -30.71950340270996 -44.82305908203125
v 126.5594482421875 -61.708160400390625 -61.31590270996094
v 128.0691375732422 -63.05018615722656 -56.86223602294922
v 128.66021728515625 -63.05011749267578 -54.65618896484375
v 129.2660369873047 -65.73101806640625 -54.81851577758789
v 128.3638458251953 -64.39006805419922 -56.98431396484375
v 125.02535247802734 -46.96472930908203 -53.682220458984375
v 123.84317016601562 -46.964866638183594 -58.094322204589844
v 124.14607238769531 -48.30531311035156 -58.17549133300781
v 122.6609878540039 -46.965003967285156 -62.50642776489258
v 123.69171142578125 -46.29464340209961 -58.053741455078125
v 125.63116455078125 -49.645626068115234 -53.84455108642578
v 125.1915283203125 -50.31591796875 -56.0911865234375
v 126.23697662353516 -52.32652282714844 -54.00687789916992
v 122.96389770507812 -48.305450439453125 -62.58759307861328
v 124.44898223876953 -49.6457633972168 -58.25665283203125
v 124.60043334960938 -50.31598663330078 -58.29723358154297
v 123.26679992675781 -49.645904541015625 -62.66875457763672
v 121.47880554199219 -46.96514129638672 -66.91853332519531
v 121.63025665283203 -47.63536834716797 -66.9591064453125
v 122.05517578125 -44.28410339355469 -62.34410095214844
v 121.02444458007812 -44.9544677734375 -66.79678344726562
v 122.35807800292969 -45.62455749511719 -62.425262451171875
v 121.1759033203125 -45.62469482421875 -66.83736419677734
v 119.69081115722656 -44.28438186645508 -71.16830444335938
v 127.44860076904297 -57.688323974609375 -54.3315315246582
v 125.66060638427734 -55.00756072998047 -58.58130645751953
v 125.96351623535156 -56.3480110168457 -58.66246795654297
v 125.5091552734375 -54.337337493896484 -58.54072570800781
v 123.87261199951172 -52.32680130004883 -62.83108139038086
v 127.00896453857422 -58.35861587524414 -56.578163146972656
v 128.05441284179688 -60.36922073364258 -54.493858337402344
v 126.84278869628906 -55.007423400878906 -54.16920471191406
v 125.20624542236328 -52.99688720703125 -58.45956039428711
v 125.05479431152344 -52.326663970947266 -58.41897964477539
v 123.5697021484375 -50.986351013183594 -62.749916076660156
v 126.4788818359375 -56.01283264160156 -56.436126708984375
v 124.75189208984375 -50.98621368408203 -58.33781433105469
v 121.39907836914062 -43.315216064453125 -62.168296813964844
v 120.5449447631836 -43.79979705810547 -66.66830444335938
v 120.74298858642578 -42.34632110595703 -61.992496490478516
v 122.90930938720703 -43.799522399902344 -57.844093322753906
v 122.25321960449219 -42.830631256103516 -57.66829299926758
v 124.41954040527344 -44.28382873535156 -53.519893646240234
v 120.94103240966797 -40.892845153808594 -57.31669235229492
v 120.28494262695312 -39.9239501953125 -57.140892028808594
v 120.08689880371094 -41.37742614746094 -61.81669616699219
v 121.795166015625 -40.408260345458984 -52.816688537597656
v 120.48297882080078 -38.47047424316406 -52.465087890625
v 119.17079162597656 -36.532691955566406 -52.113487243652344
v 119.72786712646484 -38.22832107543945 -54.62718963623047
v 119.62884521484375 -38.95505905151367 -56.965091705322266
v 119.88885498046875 -42.830902099609375 -66.49250030517578
v 121.59712219238281 -41.86174011230469 -57.49249267578125
v 119.23275756835938 -41.86201477050781 -66.31669616699219
v 118.90470886230469 -41.377567291259766 -66.22879791259766
v 119.30079650878906 -38.47061538696289 -56.87718963623047
v 118.77470397949219 -39.43964385986328 -61.46509552001953
v 119.43080139160156 -40.408538818359375 -61.64089584350586
v 123.10735321044922 -42.346046447753906 -53.16828918457031
v 122.0241928100586 -41.61944580078125 -55.24249267578125
v 117.85860443115234 -34.59490966796875 -51.76188659667969
v 118.08763122558594 -35.80609130859375 -54.18769073486328
v 118.316650390625 -37.017276763916016 -56.61349105834961
v 118.97274780273438 -37.986167907714844 -56.78929138183594
v 69.73721313476562 -48.297706604003906 -44.63385009765625
v 69.69541931152344 -51.64222717285156 -41.73964309692383
v 70.00042724609375 -50.30436325073242 -41.82136535644531
v 69.32150268554688 -46.95998001098633 -47.40546798706055
v 69.2107925415039 -44.28438949584961 -50.258811950683594
v 70.30542755126953 -48.96649932861328 -41.90309143066406
v 70.87364196777344 -49.635292053222656 -39.172332763671875
v 70.04222106933594 -46.9598388671875 -44.715572357177734
v 70.26364135742188 -52.31101989746094 -39.00888442993164
v 69.8270263671875 -52.64555740356445 -40.33340072631836
v 69.4739990234375 -46.291046142578125 -47.44633102416992
v 70.34721374511719 -45.62197494506836 -44.79729461669922
v 69.62651062011719 -45.62211608886719 -47.48719024658203
v 71.22042846679688 -44.952903747558594 -42.14826202392578
v 71.483642578125 -46.95956039428711 -39.335777282714844
v 70.9154281616211 -46.290767669677734 -42.06653594970703
v 70.61042785644531 -47.628631591796875 -41.98481369018555
v 70.21560668945312 -44.61864471435547 -46.20353698730469
v 70.6522216796875 -44.28411102294922 -44.87902069091797
v 83.08853149414062 -27.59723663330078 -52.20526123046875
v 84.067626953125 -27.202314376831055 -52.46760559082031
v 74.58877563476562 -38.47076416015625 -45.933807373046875
v 71.8997802734375 -41.37757873535156 -48.096309661865234
v 72.55587768554688 -40.408687591552734 -48.27210998535156
v 73.93268585205078 -39.439659118652344 -45.75801086425781
v 74.22842407226562 -38.4708366394043 -47.27875900268555
v 75.08767700195312 -36.53312683105469 -49.32081604003906
v 76.03020477294922 -38.470489501953125 -40.55401611328125
v 74.65339660644531 -39.439517974853516 -43.068115234375
v 75.30949401855469 -38.47062683105469 -43.24391174316406
v 73.27659606933594 -40.408546447753906 -45.58221435546875
v 74.32534790039062 -39.92396545410156 -42.98021697998047
v 77.34239196777344 -36.53270721435547 -40.90561294555664
v 76.98204040527344 -36.53277587890625 -42.25056076049805
v 78.65457916259766 -34.59492492675781 -41.25720977783203
v 75.96559143066406 -37.50173568725586 -43.41971206665039
v 76.29363250732422 -37.01729202270508 -43.50761032104492
v 74.718017578125 -40.408267974853516 -40.20241928100586
v 73.66925811767578 -40.892852783203125 -42.80441665649414
v 72.62049865722656 -41.37744140625 -45.40641403198242
v 73.3412094116211 -41.377296447753906 -42.716514587402344
v 76.62167358398438 -36.53284454345703 -43.59550857543945
v 77.27777099609375 -35.5639533996582 -43.77130889892578
v 77.93386840820312 -34.595062255859375 -43.947105407714844
v 73.40583038330078 -42.346046447753906 -39.85082244873047
v 72.68511962890625 -42.346187591552734 -42.54071807861328
v 71.96440124511719 -42.34632873535156 -45.230613708496094
v 72.35707092285156 -42.830631256103516 -42.45281982421875
v 71.70097351074219 -43.799522399902344 -42.27702331542969
v 71.30831146240234 -43.315216064453125 -45.05481719970703
v 72.09364318847656 -44.28382873535156 -39.49922561645508
v 70.25955200195312 -43.7998046875 -47.65681457519531
v 70.58760070800781 -43.31536102294922 -47.744712829589844
v 123.23735809326172 -44.283966064453125 -57.93199920654297
v 123.38880920410156 -44.954193115234375 -57.97257995605469
v 124.5394287109375 -52.661842346191406 -60.645320892333984
v 121.32735443115234 -46.29491424560547 -66.87794494628906
v 121.78170776367188 -48.30559158325195 -66.99969482421875
v 122.82716369628906 -50.31619644165039 -64.91539001464844
v 124.1755142211914 -53.66725158691406 -62.91224670410156
v 122.5999755859375 -49.31085968017578 -64.85450744628906
v 70.45793151855469 -48.29756546020508 -41.94395446777344
v 71.37293243408203 -44.28396987915039 -42.189125061035156
v 71.24369812011719 -42.346466064453125 -47.92051315307617
v 71.57173919677734 -41.862022399902344 -48.0084114074707
v 120.73625946044922 -46.294986724853516 -69.08399963378906
v 121.93316650390625 -48.97581481933594 -67.04027557373047
v 122.0484848022461 -55.00340270996094 -72.14488220214844
v 122.0665512084961 -52.32472229003906 -69.61286926269531
v 122.0846176147461 -49.64604187011719 -67.08085632324219
v 120.86964416503906 -49.643890380859375 -71.6565933227539
v 123.28152465820312 -52.32686996459961 -65.0371322631836
v 120.88771057128906 -46.9652099609375 -69.12458038330078
v 124.71893310546875 -64.38362121582031 -70.71151733398438
v 125.62112426757812 -65.72457885742188 -68.54572296142578
v 125.03170776367188 -63.04481887817383 -68.30157470703125
v 124.40615844726562 -65.72242736816406 -73.1214599609375
v 112.00726318359375 -31.68871307373047 -65.72671508789062
v 112.09541320800781 -32.65767288208008 -68.02218627929688
v 111.91912078857422 -30.719751358032227 -63.431236267089844
v 110.6532211303711 -28.781967163085938 -62.90688705444336
v 114.62721252441406 -36.533241271972656 -69.07089233398438
v 117.15901184082031 -40.4088134765625 -70.11959838867188
v 117.07086181640625 -39.439849853515625 -67.82412719726562
v 115.76089477539062 -37.01758575439453 -66.15203857421875
v 112.83244323730469 -28.781692504882812 -54.773685455322266
v 97.30511474609375 -22.46295928955078 -50.06053161621094
v 99.19422912597656 -23.25279998779297 -50.84302520751953
v 95.41603088378906 -23.2528076171875 -49.278045654296875
v 100.13188171386719 -24.04277801513672 -55.17652130126953
v 103.91009521484375 -25.62246322631836 -56.74150848388672
v 101.55216217041016 -24.437631607055664 -53.792266845703125
v 101.08334350585938 -24.042644500732422 -51.625518798828125
v 97.7601318359375 -23.648059844970703 -60.11177062988281
v 101.06952667236328 -24.83275604248047 -59.510013580322266
v 98.22895050048828 -24.043048858642578 -62.27851867675781
v 85.48098754882812 -26.412534713745117 -55.02559280395508
v 87.84580993652344 -25.62261962890625 -54.0325813293457
v 83.11616516113281 -27.202449798583984 -56.01860809326172
v 104.84774780273438 -26.41244125366211 -61.07500457763672
v 102.48981475830078 -25.227609634399414 -58.125762939453125
v 102.00717163085938 -25.62273406982422 -63.843505859375
v 105.78539276123047 -27.20241928100586 -65.40849304199219
v 105.31657409667969 -26.807430267333984 -63.24175262451172
v 103.19305419921875 -25.820093154907227 -61.375885009765625
v 73.41513061523438 -38.470977783203125 -50.31416702270508
v 74.27438354492188 -36.533267974853516 -52.356224060058594
v 71.74258422851562 -40.40882873535156 -51.307518005371094
v 81.77784729003906 -28.781723022460938 -45.347408294677734
v 70.88333129882812 -42.34653854370117 -49.26546096801758
v 80.15126037597656 -28.782005310058594 -51.4182243347168
v 64.4953842163086 -65.72245025634766 -48.30562973022461
v 65.08480834960938 -63.042694091796875 -48.549774169921875
v 65.76437377929688 -63.03450012207031 -46.021278381347656
v 65.67424011230469 -60.36293411254883 -48.793922424316406
v 66.44393157958984 -63.02630615234375 -43.49278259277344
v 65.85450744628906 -65.70606231689453 -43.248634338378906
v 67.12348937988281 -63.01811218261719 -40.96428680419922
v 66.26366424560547 -57.68317413330078 -49.03807067871094
v 66.85308837890625 -55.00341796875 -49.28221893310547
v 67.53264617919922 -54.99522399902344 -46.75372314453125
v 67.6678466796875 -59.00257110595703 -42.594757080078125
v 67.7129135131836 -60.33835220336914 -41.20843505859375
v 67.44251251220703 -52.32366180419922 -49.5263671875
v 68.03193664550781 -49.64390563964844 -49.77051544189453
v 68.66642761230469 -48.2999267578125 -48.62834167480469
v 122.95068359375 -56.34435272216797 -69.97908782958984
v 123.54010009765625 -59.02410888671875 -70.22322845458984
v 125.344482421875 -61.706016540527344 -65.89163208007812
v 126.24667358398438 -63.046966552734375 -63.7258415222168
v 125.93389892578125 -64.38577270507812 -66.13578033447266
v 124.44229125976562 -60.36506271362305 -68.05743408203125
v 124.75506591796875 -59.02626037597656 -65.64749145507812
v 125.06784057617188 -57.68745422363281 -63.237552642822266
v 123.22732543945312 -60.3629150390625 -72.63317108154297
v 124.1295166015625 -61.70386505126953 -70.46737670898438
v 122.63790893554688 -57.68315887451172 -72.38902282714844
v 117.66056060791016 -36.04838562011719 -56.43769073486328
v 117.33251953125 -35.56393814086914 -56.34979248046875
v 118.11861419677734 -38.47075271606445 -61.2892951965332
v 117.39752197265625 -36.53289794921875 -58.73164367675781
v 117.52752685546875 -38.470821380615234 -63.49534606933594
v 118.24861907958984 -40.40867614746094 -66.0530014038086
v 118.33676147460938 -41.37763595581055 -68.34848022460938
v 103.96536254882812 -25.42493438720703 -54.5770378112793
v 105.32347106933594 -26.412372589111328 -59.299503326416016
v 106.73685455322266 -27.20228385925293 -61.85749816894531
v 107.71595001220703 -27.597206115722656 -62.11984634399414
v 106.9578857421875 -26.412166595458984 -53.19960021972656
v 107.28166198730469 -27.20221710205078 -59.82419967651367
v 107.20568084716797 -27.597272872924805 -64.02424621582031
v 68.42005920410156 -55.6558952331543 -42.83941650390625
v 68.46185302734375 -52.311370849609375 -45.73362350463867
v 69.54292297363281 -52.311161041259766 -41.69878005981445
v 67.82362365722656 -63.01394271850586 -38.3550910949707
v 67.213623046875 -65.6896743774414 -38.19164276123047
v 67.6227798461914 -57.666786193847656 -43.9810791015625
v 86.63577270507812 -26.412364959716797 -50.71574401855469
v 87.93861389160156 -26.214763641357422 -47.81150817871094
v 90.58966064453125 -25.2274227142334 -47.70852279663086
v 127.16777038574219 -60.36932373046875 -57.80293655395508
v 126.56932067871094 -59.028907775878906 -58.824798583984375
v 123.92625427246094 -48.64046096801758 -59.298805236816406
v 120.87299346923828 -44.28424072265625 -66.7562026977539
v 124.91806030273438 -54.337406158447266 -60.74677276611328
v 126.26641845703125 -57.68846130371094 -58.74363708496094
v 127.3118667602539 -59.699066162109375 -56.65932846069336
v 125.06951904296875 -55.00762939453125 -60.78736114501953
v 118.21763610839844 -37.744014739990234 -58.951393127441406
v 117.43153381347656 -34.83720016479492 -54.01188659667969
v 118.51165771484375 -39.92416000366211 -63.75904846191406
v 118.96971130371094 -42.346527099609375 -68.61065673828125
v 120.21690368652344 -43.31535339355469 -66.58039855957031
v 121.26907348632812 -41.377288818359375 -57.40459442138672
v 119.85787200927734 -40.16624450683594 -59.390892028808594
v 119.56080627441406 -42.346458435058594 -66.40460205078125
v 119.65982818603516 -41.619720458984375 -64.06669616699219
v 119.00373077392578 -40.65082931518555 -63.89089584350586
v 118.5456771850586 -38.22846221923828 -59.03929138183594
v 100.15951538085938 -23.4501953125 -49.198699951171875
v 67.61576843261719 -62.3450813293457 -39.740901947021484
v 69.77900695800781 -44.953182220458984 -47.528053283691406
v 68.96115112304688 -46.960052490234375 -48.75041580200195
v 91.77207946777344 -24.83246421813965 -47.212013244628906
v 75.12931823730469 -38.47066116333008 -43.91638946533203
v 69.93150329589844 -44.28424835205078 -47.56891632080078
v 123.728515625 -52.99706268310547 -63.97468948364258
v 125.37242126464844 -56.348079681396484 -60.86852264404297
v 120.66053771972656 -45.959877014160156 -69.06370544433594
v 123.05433654785156 -51.321533203125 -64.97625732421875
v 122.97860717773438 -50.986419677734375 -64.95597076416016
v 122.67404174804688 -52.32579803466797 -67.32499694824219
v 121.45906066894531 -52.323646545410156 -71.90074157714844
v 120.28022766113281 -46.964134216308594 -71.41244506835938
v 123.81674194335938 -63.04267120361328 -72.8773193359375
v 118.3808364868164 -41.86211395263672 -69.4962158203125
v 99.66996765136719 -23.252735137939453 -49.067527770996094
v 107.44009399414062 -27.794767379760742 -65.10762023925781
v 67.46327209472656 -63.014015197753906 -39.70003890991211
v 68.62136840820312 -46.964149475097656 -50.01466369628906
v 116.93946838378906 -34.110530853271484 -53.88003921508789
v 102.49671936035156 -24.83255386352539 -54.18351364135742
v 108.15023803710938 -27.99219512939453 -64.41549682617188
v 67.96255493164062 -57.662689208984375 -42.71683120727539
v 124.32697296142578 -54.33747482299805 -62.95282745361328
v 125.52387237548828 -57.01830291748047 -60.90910339355469
v 127.01631927490234 -59.6990966796875 -57.76235580444336
v 126.41786193847656 -58.35868453979492 -58.784217834472656
v 127.46331787109375 -60.36928939819336 -56.699913024902344
v 125.29669189453125 -56.012969970703125 -60.84823226928711
v 125.22096252441406 -55.6778564453125 -60.82794189453125
v 92.57546997070312 -24.042789459228516 -52.04655456542969
v 70.9156494140625 -42.83091735839844 -47.832611083984375
vn 0.11803004890680313 0.7021137475967407 -0.7022144794464111
vn 0.23175959289073944 0.7039401531219482 -0.6713834404945374
vn 0.3127346932888031 0.7588697671890259 -0.5712387561798096
vn -0.3602423667907715 0.9321459531784058 -0.03645880147814751
vn -0.3948974311351776 0.9040451645851135 0.16357992589473724
vn -0.26810669898986816 0.9569655060768127 0.11106632649898529
vn -0.513144850730896 0.8315665125846863 0.21255460381507874
vn 0.18219462037086487 0.8296052813529968 -0.5277881026268005
vn 0.12554806470870972 0.9230251908302307 -0.36367857456207275
vn 0.25029292702674866 0.7981637120246887 -0.5479854941368103
vn 0.030886812135577202 0.8651328682899475 -0.5005908608436584
vn -6.926219953129475e-7 1 -0.000002590524218248902
vn -0.6354476809501648 0.434346079826355 -0.6383962035179138
vn 0.13552361726760864 0.9891828894615173 -0.05612923577427864
vn 0.2681159973144531 0.9569658041000366 -0.11104157567024231
vn -0.07991769164800644 0.8272784352302551 -0.5560786724090576
vn -0.17293575406074524 0.9437026977539062 -0.28199028968811035
vn -0.2251778393983841 0.9704017043113708 -0.08726663142442703
vn -0.0877077728509903 0.9858269095420837 -0.14301319420337677
vn -0.1355157494544983 0.9891828298568726 0.056149922311306
vn 0.00000698855683367583 0.9999999403953552 0.000018752627511275932
vn -0.023983988910913467 0.9447934627532959 -0.32678771018981934
vn 0.7718393802642822 0.4676269590854645 -0.4308004081249237
vn 0.3802068531513214 0.7898193001747131 -0.4812777638435364
vn -0.15206386148929596 0.7293163537979126 -0.6670638918876648
vn -0.5431386828422546 0.49657225608825684 -0.6770646572113037
vn -0.4432862401008606 0.5519017577171326 -0.7063297033309937
vn -0.14843127131462097 0.7385193705558777 -0.6576909422874451
vn -0.4432862401008606 0.5519017577171326 -0.7063297033309937
vn -0.5431386828422546 0.49657225608825684 -0.6770646572113037
vn -0.7334470152854919 0.5615060329437256 -0.38310107588768005
vn -0.6354476809501648 0.434346079826355 -0.6383962035179138
vn -0.11017753928899765 0.9068703651428223 -0.4067519009113312
vn -0.39410141110420227 0.6420391798019409 -0.6576244235038757
vn -0.11265366524457932 0.784402072429657 -0.6099364757537842
vn -0.22658437490463257 0.6389039158821106 -0.7351607084274292
vn 0.0026612733490765095 0.6905361413955688 -0.7232929468154907
vn -0.5719452500343323 0.7883782386779785 -0.22657960653305054
vn -0.6276058554649353 0.6355751752853394 -0.44961661100387573
vn 0.18025705218315125 0.8469488620758057 -0.5001850724220276
vn 0.38757914304733276 0.7989230751991272 -0.45989590883255005
vn 0.45482584834098816 0.8233149647712708 -0.33953768014907837
vn 0.21351537108421326 0.8728699088096619 -0.4387587606906891
vn 0.4851815402507782 0.8294762372970581 -0.2767094373703003
vn 0.5131564736366272 0.8315672874450684 -0.2125234156847
vn -0.8851606249809265 0.46511921286582947 0.012442614883184433
vn -0.40918582677841187 0.612237274646759 -0.6765592098236084
vn 0.19577667117118835 0.8619382977485657 -0.46768999099731445
vn -0.08771510422229767 0.9858249425888062 -0.14302173256874084
vn -0.2681141495704651 0.9569645524024963 0.11105712503194809
vn -0.000007823337909940165 1 0.000001355132440039597
vn 0.06402172893285751 0.9805690050125122 -0.18543365597724915
vn 0.13574212789535522 0.9676980972290039 -0.212448850274086
vn 0.2627069652080536 0.8728732466697693 -0.41119012236595154
vn 0.26869818568229675 0.9262422919273376 -0.26434168219566345
vn 0.39491006731987 0.904045820236206 -0.16354602575302124
vn -0.8112819194793701 0.47988685965538025 -0.3339616358280182
vn -0.3949010670185089 0.9040443897247314 0.16357523202896118
vn 0.32875749468803406 0.710221529006958 -0.622498095035553
vn -0.7272303104400635 0.5895846486091614 -0.3514626622200012
vn -0.5538063645362854 0.8301680684089661 0.0641837790608406
vn -0.22658437490463257 0.6389039158821106 -0.7351607084274292
vn 0.46569502353668213 0.6008804440498352 -0.6496698260307312
vn -0.5948588848114014 0.7105220556259155 -0.3759006857872009
vn 0.43285101652145386 0.7926758527755737 -0.42930740118026733
vn 0.39490795135498047 0.9040456414222717 -0.16355164349079132
vn 0.3114020526409149 0.8698083162307739 -0.3827038109302521
vn 0.38344746828079224 0.7566646337509155 -0.5295531153678894
vn 0.47628700733184814 0.8177587389945984 -0.32314297556877136
vn -0.5951526761054993 0.7689209580421448 -0.23356764018535614
vn -0.5813596844673157 0.8091201186180115 -0.08570623397827148
vn 0.0026612733490765095 0.6905361413955688 -0.7232929468154907
vn -0.6443231105804443 0.6398478150367737 -0.4188586175441742
vn -0.5452460646629333 0.7140136361122131 -0.4391939342021942
vn 0.11803004890680313 0.7021137475967407 -0.7022144794464111
vn -0.13552697002887726 0.9891821146011353 0.05613646283745766
vn 0.23175959289073944 0.7039401531219482 -0.6713834404945374
vn -0.43776214122772217 0.7832401990890503 -0.44147369265556335
vn 0.1355295479297638 0.9891830682754517 -0.056112825870513916
vn 0.26812005043029785 0.9569659233093262 -0.1110304445028305
vn 0.33465173840522766 0.8961598873138428 -0.2913859188556671
vn 0.24592803418636322 0.9001684188842773 -0.35946643352508545
vn 0.16839712858200073 -0.7717154622077942 0.6132680177688599
vn -0.23847679793834686 -0.9710871577262878 0.01088761631399393
vn 0.3513539433479309 -0.9354885220527649 0.03757324442267418
vn -0.951257050037384 -0.3080904483795166 0.0137947341427207
vn -0.7953426241874695 -0.5898029208183289 -0.13986636698246002
vn -0.6830719113349915 -0.5725813508033752 0.4533909857273102
vn -0.9294642806053162 -0.29020780324935913 0.22776217758655548
vn 0.935580849647522 -0.2719886004924774 0.22519034147262573
vn 0.8498731255531311 -0.33977168798446655 0.4028286039829254
vn 0.8920339941978455 -0.4295647442340851 0.14053313434123993
vn 0.6188532710075378 -0.5898016691207886 -0.5188010931015015
vn -0.6976406574249268 -0.27199211716651917 0.6628105640411377
vn -0.7022570371627808 -0.4295663833618164 0.5677216649055481
vn -0.5345997214317322 -0.33977362513542175 0.7737939357757568
vn 0.16079196333885193 -0.7717183828353882 0.6153020858764648
vn -0.0647064819931984 -0.5569874048233032 0.8279964327812195
vn 0.8182530403137207 -0.57258141040802 0.05111275613307953
vn 0.918820858001709 -0.2902055084705353 -0.2674863636493683
vn -0.28549569845199585 -0.9354884028434753 0.20821575820446014
vn 0.2119695544242859 -0.9710873961448669 -0.10980986058712006
vn 0.47003260254859924 -0.5569862723350525 0.684715747833252
vn 0.8307107090950012 -0.3080888092517853 -0.4636819660663605
vn 0.5559015274047852 -0.10821039974689484 -0.824174702167511
vn -0.3551429212093353 0.5383415818214417 -0.7642394304275513
vn 0.11753395944833755 0.2752296030521393 -0.9541668891906738
vn -0.8451741337776184 -0.5178148746490479 0.13247038424015045
vn 0.6436842083930969 -0.7611921429634094 0.07910250872373581
vn -0.5131243467330933 -0.22023415565490723 -0.8295783400535583
vn 0.18960006535053253 0.011788688600063324 -0.9817906022071838
vn 0.3958563208580017 0.3249666392803192 -0.8588914275169373
vn -0.5178977847099304 -0.7611932754516602 0.3903416693210602
vn 0.7981761693954468 -0.517816424369812 -0.30786511301994324
vn 0.02958802506327629 -0.220238596200943 -0.9749972224235535
vn -0.7722672820091248 0.3249635100364685 -0.5458955764770508
vn -0.6550936698913574 0.011787239462137222 -0.7554556727409363
vn -0.5564247369766235 -0.0779876857995987 0.8272300362586975
vn 0.15493769943714142 0.4210723340511322 0.8936959505081177
vn -0.09071368724107742 0.07543408870697021 0.9930159449577332
vn 0.3126677870750427 0.4210716485977173 0.8514326214790344
vn 0.8954926133155823 -0.07798956334590912 0.4381900131702423
vn 0.5750685930252075 0.07543358951807022 0.8146200776100159
vn 0.5849404335021973 -0.17764930427074432 -0.7913818359375
vn 0.9444427490234375 -0.3100118935108185 -0.10918137431144714
vn -0.1532585322856903 -0.9854715466499329 -0.07319676876068115
vn 0.38319090008735657 -0.7465842366218567 0.5438535809516907
vn 0.5260040163993835 -0.8469475507736206 0.0774569883942604
vn 0.16839712858200073 -0.7717154622077942 0.6132680177688599
vn -0.23847679793834686 -0.9710871577262878 0.01088761631399393
vn 0.9049466848373413 -0.02259475365281105 -0.4249246120452881
vn 0.12492187321186066 -0.9680396318435669 -0.21747136116027832
vn 0.09612593054771423 -0.9854692816734314 -0.14003634452819824
vn 0.7052109837532043 -0.6876808404922485 0.17254722118377686
vn 0.6972782015800476 -0.4109414517879486 0.5873076319694519
vn 0.6188532710075378 -0.5898016691207886 -0.5188010931015015
vn 0.33863773941993713 -0.6533331274986267 -0.6771117448806763
vn 0.46161478757858276 0.8843692541122437 -0.06930211931467056
vn 0.6937663555145264 -0.5697189569473267 0.4405774772167206
vn 0.09527231752872467 -0.2427006959915161 0.9654116034507751
vn 0.49392765760421753 -0.5489941835403442 0.6742706298828125
vn 0.7258800268173218 -0.6699994206428528 0.15556009113788605
vn 0.8307107090950012 -0.3080888092517853 -0.4636819660663605
vn 0.5260040163993835 -0.8469475507736206 0.0774569883942604
vn -0.23847679793834686 -0.9710871577262878 0.01088761631399393
vn -0.09061814844608307 -0.5489941835403442 0.8308993577957153
vn -0.5508502125740051 -0.6699994802474976 0.49765923619270325
vn -0.005421288777142763 -0.6529861092567444 0.757350504398346
vn -0.38053008913993835 -0.569719135761261 0.7284345030784607
vn 0.40019798278808594 -0.2427007108926773 0.8837069272994995
vn -0.5465177297592163 -0.8310674428939819 -0.10317577421665192
vn -0.04618192836642265 -0.3032250702381134 -0.951799213886261
vn -0.24508817493915558 0.040470439940690994 -0.9686558246612549
vn 0.1222689300775528 0.03497453033924103 -0.9918805956840515
vn -0.13263849914073944 0.06346294283866882 -0.9891306757926941
vn -0.3542064130306244 0.016927827149629593 -0.9350140690803528
vn -0.8461424708366394 -0.0035514894407242537 -0.532944917678833
vn -0.6018287539482117 0.03497472405433655 -0.7978589534759521
vn -0.1607537716627121 0.0169284176081419 -0.9868493676185608
vn -0.27207469940185547 0.040470849722623825 -0.9614246487617493
vn -0.37969735264778137 0.06346316635608673 -0.9229313731193542
vn 0.4663096070289612 -0.0035505134146660566 -0.8846144080162048
vn 0.4596371650695801 0.053772903978824615 -0.8864774107933044
vn 0.544402003288269 0.10268928110599518 -0.8325150609016418
vn 0.924431562423706 0.08230626583099365 -0.37236011028289795
vn 0.1067463606595993 0.06713452935218811 -0.9920172691345215
vn 0.3691314458847046 0.004184904973953962 -0.9293677806854248
vn 0.7040971517562866 0.04707786440849304 -0.7085413932800293
vn -0.8877224922180176 0.10268945246934891 -0.44878020882606506
vn -0.9640367031097412 0.04707806184887886 -0.261566162109375
vn -0.9867612719535828 0.08230651170015335 0.13974180817604065
vn -0.5489748120307922 0.016246089711785316 0.8356810212135315
vn 0.09992539882659912 -0.26594194769859314 0.9587960839271545
vn 0.5614807605743408 -0.1838424801826477 0.8068093061447144
vn 0.6972782015800476 -0.4109414517879486 0.5873076319694519
vn -0.8401306867599487 -0.4532904326915741 0.29783928394317627
vn -0.31020593643188477 -0.4109443426132202 0.8572613596916199
vn 0.392861008644104 -0.26594358682632446 0.8803034424781799
vn -0.0828503668308258 -0.18384408950805664 0.979457676410675
vn 0.8932669758796692 0.016246622428297997 0.44923290610313416
vn 0.8764959573745728 -0.4532848298549652 -0.16213500499725342
vn -0.6318204998970032 -0.6533412337303162 -0.4170708954334259
vn 0.15079426765441895 -0.7289355993270874 -0.6677678823471069
vn 0.918820858001709 -0.2902055084705353 -0.2674863636493683
vn -0.46447527408599854 -0.7289314866065979 -0.502913236618042
vn -0.31020593643188477 -0.4109443426132202 0.8572613596916199
vn -0.951257050037384 -0.3080904483795166 0.0137947341427207
vn 0.33863773941993713 -0.6533331274986267 -0.6771117448806763
vn -0.9294642806053162 -0.29020780324935913 0.22776217758655548
vn 0.7050424218177795 0.03473814204335213 -0.7083138227462769
vn 0.9262891411781311 0.0596417635679245 -0.3720635771751404
vn 0.549562931060791 0.06557773798704147 -0.832874596118927
vn -0.9882216453552246 0.0596419982612133 0.1409284770488739
vn -0.8431909084320068 0.035082217305898666 -0.5364683866500854
vn -0.8923727869987488 0.06557799875736237 -0.44650909304618835
vn -0.7843616008758545 0.004185046069324017 -0.6202897429466248
vn -0.9647416472434998 0.03473834693431854 -0.2608959376811981
vn 0.9594123959541321 -0.2744828760623932 -0.06470732390880585
vn 0.5597007870674133 -0.13796120882034302 -0.8171301484107971
vn 0.8053557276725769 -0.21206258237361908 -0.5535626411437988
vn 0.9420418739318848 -0.2574707567691803 -0.21509523689746857
vn -0.9742398858070374 -0.2120620757341385 -0.07672201097011566
vn -0.863229513168335 -0.27448248863220215 0.42366763949394226
vn -0.9233801960945129 -0.2574703097343445 0.2847420573234558
vn -0.8932802081108093 -0.13796082139015198 -0.42780521512031555
vn -0.8935121297836304 -0.10820987820625305 -0.4358057379722595
vn 0.26610615849494934 -0.09092085808515549 0.9596462845802307
vn 0.7768890857696533 -0.22036924958229065 0.5898141264915466
vn 0.37521877884864807 -0.09206273406744003 0.9223531484603882
vn 0.1534549444913864 -0.08856993913650513 0.9841783046722412
vn -0.1444873958826065 0.16555200517177582 0.9755593538284302
vn 0.4217100739479065 -0.8310673832893372 -0.36261221766471863
vn -0.43590596318244934 -0.3032245934009552 -0.8473728895187378
vn -0.3778983950614929 -0.22036898136138916 0.8992387056350708
vn 0.3591938316822052 -0.08856992423534393 0.9290506839752197
vn 0.24936898052692413 -0.09092078357934952 0.9641309976577759
vn 0.13622808456420898 -0.09206260740756989 0.9863905906677246
vn 0.2119695544242859 -0.9710873961448669 -0.10980986058712006
vn -0.7953426241874695 -0.5898029208183289 -0.13986636698246002
vn -0.5244548916816711 -0.6876819729804993 0.5020363926887512
vn -0.4168027937412262 -0.846949577331543 0.33007851243019104
vn 0.6129093766212463 0.1655515432357788 0.7726156115531921
vn -0.5884521007537842 0.06713493913412094 -0.8057400584220886
vn -0.8412957191467285 0.053773049265146255 -0.5378940105438232
vn 0.16079196333885193 -0.7717183828353882 0.6153020858764648
vn 0.2119695544242859 -0.9710873961448669 -0.10980986058712006
vn -0.4168027937412262 -0.846949577331543 0.33007851243019104
vn -0.059931330382823944 -0.7465863823890686 0.662583589553833
vn -0.0647064819931984 -0.5569874048233032 0.8279964327812195
vn -0.8904613852500916 -0.4208976626396179 0.17298465967178345
vn -0.5345997214317322 -0.33977362513542175 0.7737939357757568
vn -0.8725022077560425 -0.31002137064933777 0.37765946984291077
vn -0.6976406574249268 -0.27199211716651917 0.6628105640411377
vn -0.2532174587249756 0.4876307249069214 -0.8355221748352051
vn -0.48633506894111633 0.7658786177635193 -0.4206044673919678
vn 0.9356487989425659 -0.3098428249359131 -0.16899332404136658
vn 0.796330451965332 -0.025501051917672157 -0.6043239831924438
vn 0.41452649235725403 -0.30983906984329224 -0.8556678891181946
vn 0.8551269769668579 -0.04961385950446129 0.5160390138626099
vn 0.9356487989425659 -0.3098428249359131 -0.16899332404136658
vn 0.7832383513450623 -0.48244085907936096 0.39215877652168274
vn 0.5591484308242798 -0.44166284799575806 0.7016316652297974
vn -0.14672355353832245 0.42812225222587585 -0.8917306661605835
vn 0.23177026212215424 0.16284359991550446 -0.9590435028076172
vn 0.2108754813671112 0.7658786773681641 -0.6074218153953552
vn -0.31880009174346924 0.4281214773654938 -0.8456231355667114
vn -0.19846969842910767 0.48763006925582886 -0.8501921892166138
vn -0.45553117990493774 0.820067822933197 0.34638145565986633
vn -0.20461831986904144 0.9617782831192017 0.1819721907377243
vn 0.3126677870750427 0.4210716485977173 0.8514326214790344
vn -0.07455859333276749 0.5383410453796387 -0.839422345161438
vn -0.680241048336029 0.16284333169460297 -0.714670717716217
vn 0.4619901478290558 0.03508201986551285 -0.8861908912658691
vn 0.26357725262641907 -0.26037007570266724 -0.9288350939750671
vn 0.5059413909912109 -0.6919145584106445 -0.5150509476661682
vn 0.4630523920059204 -0.7055584192276001 -0.5364417433738708
vn 0.5377386808395386 -0.8354923725128174 0.11309141665697098
vn 0.5467383861541748 -0.6782974004745483 -0.49090713262557983
vn -0.4091494679450989 -0.8354922533035278 0.36680978536605835
vn -0.6956835985183716 -0.6919147372245789 -0.1930759996175766
vn -0.6692360639572144 -0.7055584788322449 -0.23304562270641327
vn -0.6926823258399963 -0.26037031412124634 -0.6726058125495911
vn -0.7189429998397827 -0.6782974600791931 -0.1517682820558548
vn -0.31915897130966187 -0.28451210260391235 0.903985857963562
vn -0.16694240272045135 -0.4824291467666626 -0.8598792552947998
vn -0.27267059683799744 -0.053397517651319504 -0.9606245160102844
vn -0.535068690776825 -0.4526084065437317 -0.7133352160453796
vn -0.3976931869983673 0.9174737334251404 0.009059188887476921
vn -0.24015244841575623 0.8219627737998962 -0.516433835029602
vn -0.26041001081466675 0.9653619527816772 0.016213644295930862
vn -0.7722672820091248 0.3249635100364685 -0.5458955764770508
vn 0.11801625788211823 -0.34575730562210083 0.9308727383613586
vn 0.381007581949234 -0.16620752215385437 0.9095099568367004
vn -0.6870930194854736 -0.4403616786003113 0.5779141783714294
vn -0.20111480355262756 -0.32441672682762146 0.9242870211601257
vn -0.1750786453485489 -0.4168410897254944 0.8919591307640076
vn -0.5265488028526306 0.8501431941986084 0.001712757395580411
vn -0.4309007227420807 0.7923746705055237 0.4318181574344635
vn -0.050239551812410355 0.8219627141952515 -0.5673211216926575
vn 0.4568610191345215 0.8501432538032532 -0.26179078221321106
vn 0.34894195199012756 0.9174737930297852 -0.19100086390972137
vn 0.23362836241722107 0.965362012386322 -0.11616339534521103
vn 0.589080274105072 0.792374312877655 0.1585160791873932
vn 0.35931864380836487 0.06498590856790543 0.9309495091438293
vn 0.31442898511886597 0.053728412836790085 0.947759211063385
vn -0.15390422940254211 0.03217995911836624 0.9875615835189819
vn -0.8120860457420349 -0.5792065262794495 -0.07096544653177261
vn -0.769116222858429 -0.5869553685188293 0.25287067890167236
vn -0.8993508219718933 -0.4367295503616333 -0.020860927179455757
vn -0.6250752806663513 -0.5606551766395569 0.5430898070335388
vn 0.7925096154212952 -0.586955189704895 -0.16556605696678162
vn 0.768430233001709 -0.4367292821407318 -0.46774187684059143
vn 0.8128761649131775 -0.5606549978256226 0.15779168903827667
vn 0.6678042411804199 -0.5792062878608704 -0.46750131249427795
vn 0.20660236477851868 -0.4687485694885254 0.8588306903839111
vn 0.4300108850002289 -0.24582557380199432 0.8687119483947754
vn 0.2504928708076477 -0.46874865889549255 0.8470702767372131
vn 0.3833705186843872 -0.6529861688613892 0.6531738638877869
vn 0.061956167221069336 -0.2458256483078003 0.9673320651054382
vn 0.2388577163219452 -0.4744642376899719 0.847248911857605
vn 0.4593407213687897 -0.24867425858974457 0.852741003036499
vn 0.03074396215379238 -0.6640912890434265 0.7470191121101379
vn 0.21676810085773468 -0.4744642674922943 0.853167712688446
vn 0.02857040800154209 -0.2486744225025177 0.9681656360626221
vn -0.4168027937412262 -0.846949577331543 0.33007851243019104
vn -0.5244548916816711 -0.6876819729804993 0.5020363926887512
vn 0.1542978733778 0.0649859756231308 0.9858849048614502
vn -0.7888156771659851 0.08599597960710526 0.6085840463638306
vn 0.3468848466873169 -0.6640914678573608 0.6623091697692871
vn -0.9703760147094727 0.03845268115401268 0.2385200560092926
vn -0.733938455581665 0.03257453441619873 0.6784343719482422
vn 0.9596301317214966 0.03845250606536865 -0.2786243259906769
vn 0.9748267531394958 0.03257443755865097 0.22057127952575684
vn -0.9701538681983948 0.045510247349739075 0.23818151652812958
vn 0.9592685103416443 0.04551007226109505 -0.2788061797618866
vn 0.26877713203430176 0.04234067350625992 0.9622713327407837
vn 0.7558609843254089 0.05527288094162941 0.6523948311805725
vn 0.24836890399456024 0.04234002158045769 0.9677397608757019
vn 0.20157772302627563 0.053728122264146805 0.9779977798461914
vn 0.627066433429718 0.03217989206314087 0.7783007025718689
vn -0.3283958435058594 0.055272988975048065 0.94292151927948
vn 0.765474796295166 -0.19328077137470245 -0.6137514710426331
vn 0.857654869556427 -0.4208972454071045 -0.2954210638999939
vn 0.47770023345947266 -0.2355070412158966 -0.8463680744171143
vn -0.8368845582008362 -0.23550711572170258 -0.49412626028060913
vn -0.9697962999343872 -0.19328084588050842 -0.1487872451543808
vn -0.8904613852500916 -0.4208976626396179 0.17298465967178345
vn -0.9022613167762756 -0.17765533924102783 -0.3928908407688141
vn 0.30969691276550293 -0.6752381920814514 0.66943359375
vn 0.06651197373867035 -0.6752379536628723 0.7345950603485107
vn -0.3079630732536316 0.18379613757133484 0.9334761500358582
vn -0.8619236946105957 -0.364452600479126 0.3525078594684601
vn -0.8481498956680298 -0.41753268241882324 0.32604941725730896
vn 0.7283932566642761 -0.28451234102249146 0.623294472694397
vn 0.8619236946105957 0.364452600479126 -0.3525078594684601
vn -0.8725022077560425 -0.31002137064933777 0.37765946984291077
vn -0.8481498956680298 -0.41753268241882324 0.32604941725730896
vn 0.5078021287918091 0.8473377227783203 -0.1554214507341385
vn 0.5019719004631042 0.8581695556640625 -0.10756024718284607
vn 0.922704815864563 -0.3644458055496216 -0.12567798793315887
vn 0.9444427490234375 -0.3100118935108185 -0.10918137431144714
vn 0.935580849647522 -0.2719886004924774 0.22519034147262573
vn 0.8975458741188049 -0.4175284802913666 -0.14170865714550018
vn 0.8975458741188049 -0.4175284802913666 -0.14170865714550018
vn -0.4344240427017212 0.884367048740387 0.17079393565654755
vn -0.922704815864563 0.3644458055496216 0.12567798793315887
vn -0.2169189304113388 -0.9680393934249878 -0.12588000297546387
vn -0.4885065257549286 0.8581662774085999 0.15783540904521942
vn -0.1802656352519989 -0.7948130965232849 0.5794621706008911
vn -0.3143060505390167 -0.9059184193611145 0.28376659750938416
vn 0.44584590196609497 -0.7948132157325745 0.411695659160614
vn 0.41408059000968933 -0.905918300151825 0.0885956734418869
vn 0.28178849816322327 -0.9574548602104187 0.06225262209773064
vn 0.1514890193939209 -0.7533038854598999 0.6399878859519958
vn 0.07565955072641373 -0.9339426755905151 0.3493230640888214
vn -0.13996098935604095 -0.7932661175727844 0.592570424079895
vn 0.05245763435959816 -0.9985743165016174 0.00987342931330204
vn 0.18880152702331543 -0.7533037662506104 0.6299900412559509
vn 0.10913897305727005 -0.9339426755905151 0.340352326631546
vn 0.4174952805042267 -0.7932660579681396 0.44320055842399597
vn -0.21290893852710724 -0.9574550986289978 0.19480648636817932
vn -0.040492743253707886 -0.9985743761062622 0.03477948158979416
vn -0.4119699001312256 -0.8658566474914551 -0.28385406732559204
vn -0.8924382328987122 -0.3553159534931183 0.27803707122802734
vn -0.8481498956680298 -0.41753268241882324 0.32604941725730896
vn 0.4119699001312256 0.8658566474914551 0.28385406732559204
vn 0.21485385298728943 -0.8658581376075745 -0.4518045485019684
vn 0.8975458741188049 -0.4175284802913666 -0.14170865714550018
vn 0.9118936657905579 -0.355312705039978 -0.20543336868286133
vn -0.21485385298728943 0.8658581376075745 0.4518045485019684
vn -0.6318204998970032 -0.6533412337303162 -0.4170708954334259
vn -0.9907166957855225 0.026914631947875023 -0.1332521140575409
vn -0.9917271137237549 -0.026022547855973244 -0.12569855153560638
vn -0.8833338022232056 0.03239220753312111 0.4676240384578705
vn -0.7734682559967041 0.037210285663604736 -0.6327418088912964
vn -0.9868723154067993 0.07977481931447983 -0.14042448997497559
vn 0.7960097789764404 -0.02602323330938816 -0.6047240495681763
vn 0.7913585305213928 0.026914048939943314 -0.6107596158981323
vn 0.9988014698028564 0.03239205479621887 -0.03669390827417374
vn 0.7844436764717102 0.07977434247732162 -0.6150480508804321
vn 0.3534705638885498 0.0372096411883831 -0.9347053170204163
vn 0.7334420680999756 0.18379569053649902 0.6544323563575745
vn 0.9824470281600952 0.05936529487371445 0.17684392631053925
vn 0.9592335820198059 -0.25575754046440125 0.12024608254432678
vn 0.8379688262939453 -0.299702912569046 -0.45605528354644775
vn 0.8048762083053589 -0.5852640271186829 0.09818530827760696
vn 0.3481704592704773 -0.1871161162853241 -0.9185667634010315
vn -0.9537303447723389 -0.2997020184993744 0.0240256879478693
vn -0.7705987095832825 -0.2557567059993744 0.583751916885376
vn -0.6479536890983582 -0.5852632522583008 0.48746585845947266
vn -0.7608084082603455 -0.1871119886636734 -0.6214174032211304
vn 0.6677255034446716 -0.3135685920715332 0.6751424074172974
vn 0.24645216763019562 0.09155280888080597 0.964820921421051
vn 0.059861086308956146 -0.18541832268238068 0.9808347225189209
vn -0.24069838225841522 -0.31356844305992126 0.9185526371002197
vn 0.268976628780365 0.09155306965112686 0.9587854743003845
vn 0.438575804233551 -0.18541845679283142 0.8793584108352661
vn -0.6976406574249268 -0.27199211716651917 0.6628105640411377
vn 0.935580849647522 -0.2719886004924774 0.22519034147262573
vn 0.47003260254859924 -0.5569862723350525 0.684715747833252
vn -0.9961692094802856 -0.0225957203656435 0.08447664976119995
vn -0.3641660809516907 0.5062150955200195 -0.781747579574585
vn -0.587420642375946 0.6402949690818787 -0.4949335753917694
vn -0.3726721405982971 0.4733697175979614 -0.7981457114219666
vn -0.7047052383422852 0.700983464717865 -0.10960271954536438
vn -0.7615869045257568 0.6477529406547546 0.020038241520524025
vn 0.5554905533790588 0.7009833455085754 -0.447272390127182
vn -0.07549865543842316 0.5062143206596375 -0.8590967059135437
vn 0.2612529695034027 0.64029461145401 -0.7223363518714905
vn -0.0763314813375473 0.47336870431900024 -0.8775508999824524
vn 0.6695724725723267 0.6477529406547546 -0.36344027519226074
vn 0.857654869556427 -0.4208972454071045 -0.2954210638999939
vn 0.8498731255531311 -0.33977168798446655 0.4028286039829254
vn 0.5164198875427246 -0.25353068113327026 0.8179442286491394
vn -0.038259852677583694 -0.25353100895881653 0.9665703177452087
vn 0.055780816823244095 0.988326370716095 0.14177262783050537
vn 0.4370723366737366 0.4555712640285492 0.7755144834518433
vn 0.20897461473941803 0.7993744611740112 0.5633205771446228
vn -0.20461831986904144 0.9617782831192017 0.1819721907377243
vn 0.009241731837391853 0.4555719792842865 0.8901510834693909
vn 0.10068300366401672 0.799375057220459 0.5923365354537964
vn 0.022579113021492958 0.9883265495300293 0.1506679654121399
vn 0.2681953012943268 0.9617770910263062 0.055281978100538254
vn 0.7318141460418701 -0.19043609499931335 0.6543561816215515
vn -0.1334216147661209 -0.44166234135627747 0.887205183506012
vn -0.30659207701683044 -0.19043602049350739 0.9325960278511047
vn -0.3905993402004242 -0.1937132626771927 -0.8999485373497009
vn -0.11170759797096252 -0.19371692836284637 -0.9746770262718201
vn 0.10671200603246689 -0.45261532068252563 -0.8852976560592651
vn 0.693252444267273 -0.3768048584461212 -0.614344596862793
vn 0.30887195467948914 0.015919283032417297 -0.9509703516960144
vn -0.19819456338882446 0.08895488828420639 -0.9761177897453308
vn -0.991804838180542 -0.025502590462565422 -0.1251908540725708
vn -0.7429776191711426 0.015917284414172173 -0.6691269874572754
vn -0.24417567253112793 -0.053401291370391846 -0.9682595729827881
vn -0.31641796231269836 0.08895525336265564 -0.9444398283958435
vn 0.7725915908813477 0.39427387714385986 0.4976447820663452
vn 0.8034882545471191 0.5951287150382996 -0.015118752606213093
vn 0.8232839703559875 0.4579779803752899 0.3353500962257385
vn -0.4202622175216675 0.39427465200424194 0.8172681331634521
vn -0.7034003734588623 0.5951288938522339 0.3886510133743286
vn -0.5453096032142639 0.4579784572124481 0.7020635008811951
vn 0.003189351176843047 -0.23783253133296967 -0.9713009595870972
vn -0.9075447916984558 -0.3768101632595062 -0.18540914356708527
vn 0.9980133771896362 0.018358809873461723 -0.06026720628142357
vn 0.8348381519317627 0.0789131373167038 0.5448100566864014
vn -0.8944382071495056 0.01835915446281433 0.44681450724601746
vn -0.48254159092903137 -0.049613770097494125 0.8744667172431946
vn -0.45058631896972656 0.07891276478767395 0.8892382979393005
vn -0.7999044060707092 -0.5720248222351074 0.1814955323934555
vn -0.8561937808990479 -0.5110127925872803 -0.07614497095346451
vn 0.7834858298301697 -0.5720254778862 -0.24276916682720184
vn 0.7034149765968323 -0.5110116004943848 -0.49403899908065796
vn 0.5260040163993835 -0.8469475507736206 0.0774569883942604
vn 0.9874264001846313 0.08599656820297241 0.13264118134975433
vn -0.37789416313171387 0.8899143934249878 -0.2554377317428589
vn -0.4655707776546478 0.616470217704773 -0.6349868178367615
vn 0.19954913854599 0.8899133801460266 -0.4101637303829193
vn 0.08570186048746109 0.61646968126297 -0.7827006578445435
vn -0.8928959965705872 -0.07835622131824493 -0.44339263439178467
vn -0.17986473441123962 -0.9827480912208557 -0.043068815022706985
vn 0.5515746474266052 -0.07835687696933746 -0.8304370045661926
vn 0.0017236026469618082 -0.7824625968933105 -0.6226952075958252
vn 0.13423262536525726 -0.9827481508255005 -0.12723088264465332
vn -0.3128405511379242 -0.7824625968933105 -0.5384077429771423
vn -0.27246782183647156 0.07273882627487183 0.9594115018844604
vn 0.2587674856185913 0.06697104871273041 0.9636152386665344
vn 0.5732643604278564 0.03967363014817238 0.8184094429016113
vn 0.715670108795166 0.0727386325597763 0.6946404576301575
vn 0.25770896673202515 0.06697124987840652 0.9638988971710205
vn -0.08725696802139282 0.03967398405075073 0.9953954815864563
vn 0.551673173904419 0.47985225915908813 0.6822012066841125
vn -0.13666152954101562 0.4798530340194702 0.8666399121284485
vn -0.7908408045768738 0.10773669183254242 0.6024646162986755
vn 0.9861208200454712 0.10773590952157974 0.12632764875888824
vn 0.5805490612983704 0.5310286283493042 0.6172288060188293
vn 0.4514613151550293 0.8308379650115967 0.3254089951515198
vn 0.055780816823244095 0.988326370716095 0.14177262783050537
vn -0.1941557377576828 0.5310296416282654 0.8248097896575928
vn -0.22827206552028656 0.8308382034301758 0.5075427889823914
vn 0.022579113021492958 0.9883265495300293 0.1506679654121399
vn -0.9353827834129333 -0.3422944247722626 0.08884568512439728
vn -0.8280977606773376 -0.19911469519138336 -0.5240301489830017
vn -0.7830450534820557 -0.28512445092201233 0.5527607798576355
vn 0.8544881939888 -0.3422943949699402 -0.3907487392425537
vn 0.8839973211288452 -0.4403613209724426 0.15694168210029602
vn 0.4551383852958679 -0.19911473989486694 -0.8678722977638245
vn 0.9545171856880188 -0.28512483835220337 0.08718229085206985
vn -0.4884096086025238 -0.23782770335674286 -0.8395795822143555
vn 0.8116335868835449 -0.016767801716923714 0.5839261412620544
vn -0.41093260049819946 -0.016766870394349098 0.9115115404129028
vn 0.18260689079761505 -0.26210659742355347 -0.947604775428772
vn 0.06867809593677521 -0.2845953106880188 -0.9561846256256104
vn -0.6319447159767151 -0.2621067762374878 -0.7293462157249451
vn -0.5375698208808899 -0.2845951020717621 -0.7937406897544861
vn -0.18061089515686035 -0.2718839645385742 0.9452294111251831
vn 0.6290290355682373 -0.27188390493392944 0.7282867431640625
vn -0.12041009962558746 0.9891222715377808 0.08448957651853561
vn -0.03221563622355461 0.9255537390708923 -0.37724319100379944
vn -0.11286932975053787 0.5160253643989563 -0.8491044044494629
vn 0.1509404480457306 0.1946190744638443 -0.9691958427429199
vn -0.07780852913856506 0.5984121561050415 -0.7974011898040771
vn -0.6153166890144348 0.19461891055107117 -0.7638776302337646
vn -0.32680532336235046 0.5160250067710876 -0.7917805910110474
vn -0.3313169777393341 0.5984121561050415 -0.7294737100601196
vn 0.7029471397399902 0.123686783015728 0.7004048824310303
vn -0.25856736302375793 0.12368708848953247 0.9580420255661011
vn 0.12479323893785477 -0.16620749235153198 0.9781623482704163
vn 0.7052109837532043 -0.6876808404922485 0.17254722118377686
vn 0.7560368776321411 0.5723998546600342 0.31743767857551575
vn -0.4960283935070038 0.5724007487297058 0.6529266834259033
vn 0.38319090008735657 -0.7465842366218567 0.5438535809516907
vn -0.059931330382823944 -0.7465863823890686 0.662583589553833
vn -0.7486323714256287 -0.2568342685699463 -0.6112166047096252
vn 0.34272584319114685 -0.2568339705467224 -0.9036455750465393
vn -0.8160056471824646 -0.022827129811048508 0.5775928497314453
vn 0.995478093624115 -0.022827107459306717 0.09220806509256363
vn 0.003960191737860441 0.609522819519043 -0.7927586436271667
vn 0.15018829703330994 0.19835799932479858 -0.9685543775558472
vn 0.7413439154624939 0.1632499247789383 0.6509674787521362
vn -0.31653890013694763 0.16325077414512634 0.9344262480735779
vn -0.6143445372581482 0.19835823774337769 -0.7636981010437012
vn -0.39980950951576233 0.6095231175422668 -0.6845685243606567
vn -0.16072185337543488 0.9255539774894714 -0.3428094983100891
vn -0.5218402147293091 0.5163484811782837 0.6790191531181335
vn -0.655203104019165 0.6948462128639221 0.29647505283355713
vn 0.6049696803092957 0.5781296491622925 0.5475196838378906
vn -0.2501599192619324 0.578130841255188 0.7766497135162354
vn 0.7914366722106934 0.5163477659225464 0.3271280825138092
vn 0.7156603336334229 0.6948460936546326 -0.07084681838750839
vn 0.5976024270057678 -0.4168407917022705 0.6849197149276733
vn -0.30971068143844604 -0.7865037322044373 0.5343136787414551
vn 0.5353742241859436 -0.7865038514137268 0.3078734874725342
vn 0.1465234011411667 0.989122211933136 0.012965558096766472
vn -0.1377057433128357 -0.7834041118621826 -0.6060653328895569
vn -0.18377692997455597 -0.7834039926528931 -0.5937206149101257
vn -0.6207996010780334 0.7820797562599182 -0.05439823493361473
vn 0.510428786277771 0.7820797562599182 -0.35751044750213623
vn -0.4815148711204529 -0.00026123732095584273 0.8764379024505615
vn 0.8552231788635254 -0.00026143729337491095 0.5182598829269409
vn 0.2466118484735489 0.482121080160141 -0.840679407119751
vn -0.6339120864868164 0.4821197986602783 -0.6047444343566895
vn 0.2681953012943268 0.9617770910263062 0.055281978100538254
vn 0.5676947236061096 0.8200660943984985 0.07220994681119919
vn 0.15493769943714142 0.4210723340511322 0.8936959505081177
vn -0.8947919011116028 -0.30984246730804443 0.3214733600616455
vn -0.48222777247428894 -0.4824412167072296 0.7312365174293518
vn -0.5788713097572327 0.27522948384284973 -0.7675655484199524
vn 0.8012464642524719 0.42789289355278015 0.4182244837284088
vn -0.48478782176971436 0.4278935194015503 0.7628158330917358
vn -0.7624017000198364 0.05936504155397415 0.644375205039978
vn -0.9994862675666809 -0.024444580078125 -0.02072579227387905
vn 0.8552172780036926 -0.024444449692964554 -0.517693042755127
vn 0.9822752475738525 0.07028407603502274 0.17376814782619476
vn 0.14667873084545135 0.9837135672569275 0.10388973355293274
vn -0.07507981359958649 0.9837137460708618 0.16331033408641815
vn -0.4676031172275543 0.014682126231491566 0.883816659450531
vn 0.8468645811080933 0.014682267792522907 0.5316059589385986
vn 0.6142905950546265 0.6763047575950623 -0.40652042627334595
vn -0.7352514863014221 0.676304817199707 -0.044910844415426254
vn -0.28121405839920044 0.017835155129432678 -0.9594793319702148
vn -0.23620301485061646 0.017836865037679672 -0.971540093421936
vn -0.3355935513973236 0.052985962480306625 -0.9405154585838318
vn -0.1796247810125351 0.05298607796430588 -0.9823071360588074
vn -0.431365042924881 0.031116630882024765 0.9016406536102295
vn 0.8243932127952576 0.03111635148525238 0.5651615262031555
vn -0.18327055871486664 -0.046634066849946976 0.9819558262825012
vn 0.6496951580047607 -0.04663432762026787 0.7587630748748779
vn 0.3958563208580017 0.3249666392803192 -0.8588914275169373
vn -0.7637904286384583 0.07028451561927795 0.641626238822937
vn -0.7868239283561707 -0.3098386228084564 -0.5337678790092468
vn -0.28536543250083923 -0.48243656754493713 -0.8281434178352356
vn -0.37667980790138245 0.5807944536209106 0.7216577529907227
vn 0.6870434284210205 0.5807934999465942 0.4366351068019867
vn 0.6363145112991333 -0.32441651821136475 0.6998984217643738
vn -0.8947919011116028 -0.30984246730804443 0.3214733600616455
vn 0.1809578537940979 0.8614057898521423 -0.4745883643627167
vn 0.22740855813026428 0.812254786491394 -0.537147581577301
vn 0.1158563494682312 0.7866514325141907 -0.6064295768737793
vn -0.19754637777805328 0.9534975290298462 -0.22763504087924957
vn -0.176223024725914 0.9246867299079895 -0.3374905586242676
vn -0.19201336801052094 0.9070314764976501 -0.374733030796051
vn -0.15254656970500946 0.8835285305976868 -0.4428395628929138
vn -0.1400337815284729 0.9317054748535156 -0.3351350724697113
vn -0.1252363622188568 0.9873050451278687 -0.09769686311483383
vn -0.12178672850131989 0.8201067447662354 -0.5591001510620117
vn 0.10347648710012436 0.8554770946502686 -0.507396936416626
vn -0.23810133337974548 0.851353108882904 -0.4674459993839264
vn 0.03477388247847557 0.7944521307945251 -0.606330394744873
vn 0.09163370728492737 0.813383936882019 -0.5744649171829224
vn -0.23018433153629303 0.9244132041931152 -0.3040975332260132
vn -0.22532348334789276 0.8660238981246948 -0.4463541805744171
vn -0.24383392930030823 0.8775927424430847 -0.4127664268016815
vn -0.6496830582618713 0.7319905757904053 0.20518708229064941
vn -0.6473857164382935 0.7405845522880554 0.18007245659828186
vn -0.5342192649841309 0.7036375999450684 0.4685126543045044
vn -0.36034727096557617 0.5825649499893188 0.7285382151603699
vn -0.3741608262062073 0.6165475249290466 0.6927285194396973
vn -0.25402411818504333 0.8183213472366333 -0.5155791640281677
vn -0.26103663444519043 0.8881576061248779 -0.3782009780406952
vn -0.3042415678501129 0.9522313475608826 -0.026317395269870758
vn -0.361452579498291 0.9293578863143921 0.07513850182294846
vn -0.35291892290115356 0.9006141424179077 0.25365814566612244
vn -0.35814210772514343 0.9276483058929443 -0.10584329068660736
vn -0.4114660620689392 0.8941105604171753 0.17681051790714264
vn -0.3826412260532379 0.8984159231185913 0.2154870480298996
vn -0.29623255133628845 0.9325450658798218 -0.20641231536865234
vn -0.32937872409820557 0.9010358452796936 -0.2822128236293793
vn -0.39475712180137634 0.9003135561943054 -0.18330946564674377
vn -0.28986385464668274 0.8450119495391846 -0.44937044382095337
vn -0.3029205799102783 0.7053157091140747 -0.640912652015686
vn -0.17455944418907166 0.756233274936676 -0.6305872797966003
vn -0.2635461390018463 0.6662977337837219 -0.6975606679916382
vn -0.04285096004605293 0.7926494479179382 -0.6081699132919312
vn -0.340392142534256 0.7399030327796936 -0.5802385210990906
vn 0.0696893259882927 0.8346432447433472 -0.546364426612854
vn 0.04952056333422661 0.8549630641937256 -0.5163195729255676
vn -0.40012672543525696 0.8468999266624451 0.35022708773612976
vn -0.21366240084171295 0.793627142906189 -0.5696528553962708
vn -0.1938662827014923 0.775252640247345 -0.6011648774147034
vn -0.5308557152748108 0.6909093260765076 0.4907510578632355
vn -0.44155701994895935 0.7809571027755737 0.4417389929294586
vn -0.12554962933063507 0.9667659997940063 -0.22271263599395752
vn -0.09150770306587219 0.9957550168037415 0.009911426343023777
vn -0.18456579744815826 0.8386396169662476 -0.5124636888504028
vn -0.2905427813529968 0.7991930842399597 -0.5261894464492798
vn -0.1798263043165207 0.5757735967636108 -0.7975884079933167
vn -0.1874779909849167 0.9327957630157471 -0.30780503153800964
vn -0.21519501507282257 0.8874337673187256 -0.4076179563999176
vn 0.02721976675093174 0.9105654954910278 -0.41246744990348816
vn -0.027948828414082527 0.8754187226295471 -0.4825565218925476
vn -0.10584288835525513 0.8886237740516663 -0.4462566077709198
vn -0.0828605368733406 0.8322256803512573 -0.5482103228569031
vn 0.36401045322418213 0.8664366006851196 -0.3417368233203888
vn 0.3089463412761688 0.8514313697814941 -0.4238121807575226
vn 0.29452401399612427 0.901811420917511 -0.3162147104740143
vn 0.43104666471481323 0.8252295851707458 -0.36495861411094666
vn 0.4166644215583801 0.8719925284385681 -0.2569432854652405
vn 0.2389269471168518 0.8860066533088684 -0.39737406373023987
vn 0.16461731493473053 0.912749171257019 -0.37388500571250916
vn 0.10448019951581955 0.8893170356750488 -0.44519561529159546
vn -0.18037056922912598 0.824852705001831 -0.5358026027679443
vn -0.1573633998632431 0.966228723526001 -0.20405574142932892
vn -0.1726970076560974 0.951033890247345 -0.25634053349494934
vn -0.21512919664382935 0.787135660648346 -0.5780455470085144
vn -0.2634992301464081 0.6659548282623291 -0.6979056596755981
vn -0.17098364233970642 0.7507135272026062 -0.6381173133850098
vn -0.30298367142677307 0.7049100995063782 -0.6413288116455078
vn -0.34056612849235535 0.7394402623176575 -0.5807260870933533
vn -0.5526893138885498 0.7662749886512756 0.3276539444923401
vn -0.7052609324455261 0.7018094062805176 -0.10035272687673569
vn -0.112912617623806 0.6931713819503784 -0.7118737101554871
vn -0.1800883412361145 0.575976550579071 -0.7973827123641968
vn -0.69217848777771 0.6033039689064026 -0.3961227536201477
vn 0.5449317693710327 0.7833000421524048 -0.29914942383766174
vn 0.6484311819076538 0.7264417409896851 -0.22763876616954803
vn 0.47703734040260315 0.7684819102287292 -0.42646336555480957
vn 0.5292662382125854 0.8271561861038208 -0.18891803920269012
vn 0.0094939349219203 0.9519083499908447 -0.30623579025268555
vn 0.14612945914268494 0.9521864056587219 -0.2683045566082001
vn -0.12733249366283417 0.9324892163276672 -0.33800920844078064
vn -0.012029782868921757 0.9804226160049438 -0.1965370923280716
vn 0.12573543190956116 0.9792028665542603 -0.1592242270708084
vn 0.10370127111673355 0.9934463500976562 -0.04806692153215408
vn 0.25333577394485474 0.9624060392379761 -0.09795673936605453
vn 0.3964233696460724 0.9064943194389343 -0.14531506597995758
vn -0.4661554992198944 0.8792241811752319 0.09830520302057266
vn 0.27192917466163635 0.7562099695205688 -0.5951478481292725
vn 0.41833803057670593 0.7762972116470337 -0.47154614329338074
vn 0.1401698738336563 0.7369413375854492 -0.6612638235092163
vn -0.313612163066864 0.7486055493354797 0.5841549634933472
vn -0.37215572595596313 0.7738675475120544 0.512473464012146
vn 0.0004530198930297047 0.7488825917243958 -0.6627026200294495
vn -0.25768521428108215 0.9645565152168274 0.056826505810022354
vn -0.21632272005081177 0.9667821526527405 0.1361500322818756
vn -0.2510082721710205 0.8767666816711426 0.4102134108543396
vn -0.16337594389915466 0.9751850962638855 -0.14940665662288666
vn -0.17570330202579498 0.9605632424354553 0.21551497280597687
vn -0.43098896741867065 0.8647673726081848 -0.2577321231365204
vn 0.01818087324500084 0.2814180254936218 -0.9594130516052246
vn -0.14152629673480988 0.9783320426940918 -0.15111806988716125
vn -0.42962080240249634 0.4188455641269684 -0.7999964952468872
vn -0.15986336767673492 0.9405478239059448 -0.2996889352798462
vn -0.020336421206593513 0.6688646674156189 -0.743105947971344
vn 0.04760256037116051 0.6904933452606201 -0.7217706441879272
vn 0.09421221911907196 0.7087851762771606 -0.6991048455238342
vn -0.15410654246807098 0.612896740436554 -0.7749896049499512
vn 0.4831438362598419 0.7357359528541565 -0.47462064027786255
vn -0.43067315220832825 0.41841840744018555 -0.7996541261672974
vn 0.27514350414276123 0.6799863576889038 -0.6796429753303528
vn 0.3551955223083496 0.7990604639053345 -0.48511695861816406
vn -0.30331116914749146 0.8926563858985901 0.3334170877933502
vn -0.03281429037451744 0.6961277723312378 -0.7171676754951477
vn -0.3918893039226532 0.9118673801422119 0.1221504807472229
vn 0.07945007085800171 0.5207312703132629 -0.8500156402587891
vn -0.12635380029678345 0.743550717830658 -0.6566331386566162
vn 0.4041191339492798 0.6082080006599426 -0.6832062005996704
vn -0.1835356056690216 0.8959175944328308 -0.4045321047306061
vn -0.5462134480476379 0.8116293549537659 -0.20714429020881653
vn -0.46281594038009644 0.8249255418777466 0.3244985044002533
vn -0.28411296010017395 0.8178756237030029 0.500359058380127
vn -0.16291183233261108 0.8229135274887085 -0.5443098545074463
vn -0.16922050714492798 0.8848621249198914 -0.43403148651123047
vn 0.4792727530002594 0.6560488343238831 -0.5830073356628418
vn 0.5458106994628906 0.6920962333679199 -0.47232791781425476
vn 0.6025367379188538 0.7157019376754761 -0.3531576097011566
vn -0.6492164134979248 0.7277984023094177 0.22096958756446838
vn -0.49686920642852783 0.7619006037712097 0.41548579931259155
vn 0.10670224577188492 0.9522464871406555 -0.28607916831970215
vn -0.33913156390190125 0.6698355078697205 0.6605377793312073
vn -0.7014341950416565 0.7036985158920288 -0.113130122423172
vn -0.5349110960960388 0.7106332182884216 0.45702359080314636
vn -0.2480824738740921 0.9605441689491272 -0.125737726688385
vn 0.1156846284866333 -0.9904686808586121 0.07475905120372772
vn 0.39055153727531433 -0.9051303267478943 0.16795408725738525
vn 0.11276713758707047 -0.9935122728347778 0.014729492366313934
vn 0.20332685112953186 -0.9788897633552551 0.020809266716241837
vn 0.5218193531036377 -0.8529886603355408 0.010717840865254402
vn 0.6435123085975647 -0.7617704272270203 -0.07481823861598969
vn 0.34582921862602234 -0.9272890686988831 -0.1433078795671463
vn 0.4597386121749878 -0.8477796316146851 -0.2644050717353821
vn 0.4392718970775604 -0.6251031160354614 -0.6452025175094604
vn 0.10944129526615143 -0.9929580688476562 -0.04535340517759323
vn 0.2542341351509094 -0.9651315808296204 0.06233944743871689
vn 0.9333876967430115 -0.3539283275604248 0.05934721231460571
vn 0.1608925312757492 0.15395301580429077 -0.9748907685279846
vn 0.04149724915623665 0.24225826561450958 -0.9693239331245422
vn 0.39314666390419006 0.29746079444885254 -0.8700303435325623
vn 0.6911064386367798 0.31204092502593994 -0.6519220471382141
vn 0.6275352239608765 0.4386674165725708 -0.6432499289512634
vn 0.7181607484817505 -0.014085798524320126 -0.6957347393035889
vn 0.7149659395217896 -0.02375819906592369 -0.6987555027008057
vn 0.7524635791778564 0.10481691360473633 -0.6502400040626526
vn 0.7212743759155273 -0.004411804489791393 -0.6926353573799133
vn -0.6548101902008057 0.29105761647224426 -0.6975018978118896
vn -0.650115966796875 0.3397866189479828 -0.6796281337738037
vn -0.7022439241409302 0.29511207342147827 -0.6478907465934753
vn -0.6577261686325073 0.24153819680213928 -0.7134814262390137
vn -0.6515190601348877 0.0382695235311985 -0.7576664090156555
vn -0.7076228857040405 0.1439664661884308 -0.6917684078216553
vn -0.7056487798690796 0.09287547320127487 -0.7024485468864441
vn -0.7076663970947266 0.19466465711593628 -0.6792009472846985
vn -0.7534552812576294 0.14664918184280396 -0.6409360766410828
vn 0.6148015856742859 -0.021697718650102615 -0.7883833646774292
vn 0.6356608867645264 -0.009341337718069553 -0.7719119191169739
vn 0.6256112456321716 0.027367502450942993 -0.7796548008918762
vn 0.5934140086174011 -0.03403545916080475 -0.804177463054657
vn 0.6148015856742859 -0.021697718650102615 -0.7883833646774292
vn 0.5934140086174011 -0.03403545916080475 -0.804177463054657
vn 0.5524991154670715 -0.028276050463318825 -0.8330337405204773
vn 0.6356608867645264 -0.009341337718069553 -0.7719119191169739
vn 0.42248013615608215 -0.002761881100013852 -0.9063680768013
vn 0.42176783084869385 -0.0106262918561697 -0.9066416025161743
vn 0.37589752674102783 -0.004669013433158398 -0.9266495108604431
vn 0.42316603660583496 0.0051027019508183 -0.9060378670692444
vn 0.7013834714889526 -0.06241007149219513 -0.7100465893745422
vn 0.7552291750907898 -0.18552188575267792 -0.6286576986312866
vn 0.8533617258071899 -0.06919735670089722 -0.5167064070701599
vn 0.8391890525817871 -0.19519680738449097 -0.5076020956039429
vn 0.6301391124725342 -0.29522430896759033 -0.7181693911552429
vn 0.512898325920105 0.008528266102075577 -0.8584069609642029
vn 0.7875835299491882 0.0036693767178803682 -0.6161971092224121
vn 0.46927499771118164 0.014698028564453125 -0.882929801940918
vn 0.4238255023956299 0.01296696625649929 -0.9056510925292969
vn 0.42445847392082214 0.020830420777201653 -0.9052076935768127
vn -0.916419267654419 -0.30352500081062317 -0.26086074113845825
vn -0.9449169635772705 -0.18574492633342743 -0.2695007622241974
vn -0.9487699866294861 -0.3154422640800476 -0.018211400136351585
vn 0.2330361157655716 0.013213341124355793 -0.9723783135414124
vn 0.19758321344852448 0.08384580165147781 -0.9766938090324402
vn 0.4829896092414856 0.11604040116071701 -0.8679029941558838
vn 0.329072505235672 0.0013001246843487024 -0.9443037509918213
vn 0.6948931217193604 0.027733467519283295 -0.7185781002044678
vn 0.6757239103317261 0.015384877100586891 -0.7369942665100098
vn 0.6378690600395203 0.02151438035070896 -0.7698442935943604
vn 0.7960457801818848 0.4051487147808075 -0.44962823390960693
vn 0.7788861989974976 0.40705475211143494 -0.4771191477775574
vn 0.7813655734062195 0.34409552812576294 -0.5206400752067566
vn 0.7718393802642822 0.4676269590854645 -0.4308004081249237
vn 0.7677379250526428 0.1827114075422287 -0.6141620874404907
vn 0.7792629599571228 0.27911847829818726 -0.5611079335212708
vn 0.7725906372070312 0.21250468492507935 -0.5982853770256042
vn 0.7545424103736877 0.11442099511623383 -0.6461992859840393
vn 0.7779918909072876 0.17807044088840485 -0.6025110483169556
vn 0.761387825012207 0.14464475214481354 -0.6319544911384583
vn 0.7457201480865479 0.07593660056591034 -0.6619176864624023
vn -0.7945102453231812 0.1991088092327118 -0.5736803412437439
vn -0.8284456729888916 0.2497842162847519 -0.5012839436531067
vn -0.8655720353126526 0.19942006468772888 -0.45936548709869385
vn -0.7945182919502258 0.3044358789920807 -0.525413453578949
vn -0.6898468136787415 0.39127492904663086 -0.6091101169586182
vn -0.6354476809501648 0.434346079826355 -0.6383962035179138
vn -0.7403331995010376 0.34598445892333984 -0.5763691663742065
vn 0.13924570381641388 -0.014588992111384869 -0.9901503920555115
vn -0.3839738368988037 0.29881149530410767 -0.8736565709114075
vn -0.5401669144630432 -0.015468155033886433 -0.8414157032966614
vn -0.43067315220832825 0.41841840744018555 -0.7996541261672974
vn -0.1800883412361145 0.575976550579071 -0.7973827123641968
vn -0.7866203188896179 0.29873156547546387 -0.5403590798377991
vn 0.13926200568675995 -0.014598038047552109 -0.9901479482650757
vn -0.3834497332572937 0.2986774146556854 -0.8739325404167175
vn -0.5394973158836365 -0.015476640313863754 -0.8418450951576233
vn -0.42962080240249634 0.4188455641269684 -0.7999964952468872
vn -0.1798263043165207 0.5757735967636108 -0.7975884079933167
vn -0.7937554717063904 0.09539277106523514 -0.6007099151611328
vn 0.5983878970146179 0.02758902870118618 -0.8007314205169678
vn 0.7134652733802795 0.040058232843875885 -0.6995445489883423
vn 0.24654285609722137 0.20394691824913025 -0.947429358959198
vn 0.28141170740127563 0.007265960332006216 -0.9595596194267273
vn -0.003597715636715293 0.0012964438647031784 -0.9999926686286926
vn 0.07945007085800171 0.5207312703132629 -0.8500156402587891
vn -0.1907554268836975 0.2590901851654053 -0.9468286633491516
vn -0.43218740820884705 -0.0416320376098156 -0.9008222818374634
vn 0.6796993017196655 0.1493980884552002 -0.7181149125099182
vn 0.6757239103317261 0.015384877100586891 -0.7369942665100098
vn 0.6920990943908691 0.11296097934246063 -0.7129086256027222
vn -0.340392142534256 0.7399030327796936 -0.5802385210990906
vn 0.7134652733802795 0.040058232843875885 -0.6995445489883423
vn 0.7012975811958313 0.20936574041843414 -0.6814305186271667
vn -0.005682103801518679 0.0013807745417580009 -0.9999828934669495
vn -0.21568453311920166 0.12485446035861969 -0.9684480428695679
vn -0.43244898319244385 -0.041608426719903946 -0.9006978273391724
vn 0.6662737131118774 0.18531781435012817 -0.7223133444786072
vn 0.6712542176246643 0.28010281920433044 -0.6862653493881226
vn -0.34056612849235535 0.7394402623176575 -0.5807260870933533
vn 0.01818087324500084 0.2814180254936218 -0.9594130516052246
vn 0.6372304558753967 0.3491789698600769 -0.6870307922363281
vn 0.6544249653816223 0.08862245082855225 -0.7509154677391052
vn 0.6139726638793945 0.06374683976173401 -0.7867489457130432
vn 0.6282148957252502 0.16087332367897034 -0.7612265944480896
vn 0.5972230434417725 0.2316761314868927 -0.7678872346878052
vn 0.6359941363334656 0.2563447654247284 -0.7278727889060974
vn 0.599428117275238 0.41618460416793823 -0.6837223768234253
vn -0.9829409718513489 -0.010196867398917675 -0.18363846838474274
vn -0.9928526282310486 -0.004580141976475716 -0.11925908923149109
vn -0.9940735697746277 0.009362212382256985 -0.10830572247505188
vn -0.9913180470466614 -0.018521049991250038 -0.13017478585243225
vn -0.9696208834648132 0.16653159260749817 -0.17917217314243317
vn -0.9695159792900085 0.1387072056531906 -0.20198792219161987
vn -0.9894704222679138 -0.032456107437610626 -0.1410493701696396
vn -0.9873102307319641 -0.046380914747714996 -0.15187938511371613
vn 0.8103830814361572 0.1400901973247528 -0.5689058899879456
vn 0.7760587930679321 0.21289107203483582 -0.5936414003372192
vn 0.7988663911819458 0.13954268395900726 -0.5850985646247864
vn 0.8389618396759033 0.06629609316587448 -0.5401369333267212
vn 0.6412389278411865 0.42022985219955444 -0.6420431733131409
vn 0.5867456793785095 0.48402106761932373 -0.6491942405700684
vn 0.6274611949920654 0.4189821779727936 -0.6563127040863037
vn 0.6911858916282654 0.3534592390060425 -0.6303401589393616
vn 0.6975449919700623 0.28162306547164917 -0.6588773727416992
vn 0.7515856623649597 0.21153417229652405 -0.6247977614402771
vn 0.7235435247421265 0.283341646194458 -0.6294460892677307
vn 0.5580713748931885 0.4807223379611969 -0.6763597130775452
vn -0.9603332877159119 0.020459994673728943 -0.27810293436050415
vn -0.9741017818450928 0.012178330682218075 -0.22578157484531403
vn -0.9762759804725647 0.026194894686341286 -0.21493957936763763
vn -0.9716172218322754 -0.0018421148415654898 -0.23655161261558533
vn -0.9866523146629333 0.01780521683394909 -0.16186504065990448
vn -0.9684373736381531 0.19480518996715546 -0.15549874305725098
vn -0.9949804544448853 0.023301610723137856 -0.0973181501030922
vn -0.9955731630325317 0.03723364695906639 -0.0862998366355896
vn -0.9676142334938049 -0.05539362505078316 -0.24628067016601562
vn -0.9587922692298889 -0.045569855719804764 -0.28042957186698914
vn -0.9748497605323792 -0.04551168158650398 -0.21816647052764893
vn -0.9912355542182922 -0.05512281879782677 -0.12005648761987686
vn -0.9594687819480896 -0.06522348523139954 -0.27416327595710754
vn -0.9658302068710327 -0.016002783551812172 -0.25868111848831177
vn -0.9562143683433533 -0.006212741136550903 -0.2926011383533478
vn -0.9730432629585266 -0.006093674339354038 -0.2305421531200409
vn -0.9577073454856873 -0.025896815583109856 -0.28657642006874084
vn -0.9865644574165344 -0.02562871389091015 -0.16134917736053467
vn 0.6948931217193604 0.027733467519283295 -0.7185781002044678
vn 0.6404511332511902 0.05803421884775162 -0.7658029794692993
vn 0.6909657716751099 0.17950330674648285 -0.700246274471283
vn 0.4807640314102173 -0.5576256513595581 -0.6766975522041321
vn 0.6630257964134216 -0.44929689168930054 -0.5987730622291565
vn 0.811455488204956 -0.31804198026657104 -0.4902951717376709
vn 0.6403499841690063 -0.6269901394844055 -0.44366127252578735
vn -0.5940960645675659 -0.15376155078411102 -0.7895614504814148
vn -0.6811469793319702 -0.48053398728370667 -0.5523819923400879
vn -0.39803019165992737 -0.20335407555103302 -0.8945496678352356
vn -0.005828195251524448 0.12955757975578308 -0.9915547966957092
vn 0.6675136089324951 0.11909081041812897 -0.7350122928619385
vn 0.787226140499115 0.07369937747716904 -0.6122445464134216
vn 0.7853090763092041 0.10862375050783157 -0.6095001101493835
vn 0.6559742093086243 0.0030230681877583265 -0.7547773122787476
vn 0.5962340235710144 -0.0035495078191161156 -0.8028028607368469
vn 0.6559742093086243 0.0030230681877583265 -0.7547773122787476
vn 0.7314246296882629 0.05234859138727188 -0.6799101233482361
vn 0.6772962212562561 0.04634636268019676 -0.7342491745948792
vn 0.7487554550170898 0.06459396332502365 -0.6596914529800415
vn 0.7314246296882629 0.05234859138727188 -0.6799101233482361
vn 0.7487554550170898 0.06459396332502365 -0.6596914529800415
vn 0.7271825075149536 0.13738718628883362 -0.6725549697875977
vn -0.8851606249809265 0.46511921286582947 0.012442614883184433
vn -0.9149623513221741 0.40345391631126404 0.008292277343571186
vn -0.9650014638900757 0.21523623168468475 -0.14981840550899506
vn 0.5280923843383789 0.5443806052207947 -0.6517424583435059
vn 0.46569502353668213 0.6008804440498352 -0.6496698260307312
vn 0.5134053826332092 0.5424095988273621 -0.6649863719940186
vn -0.95384281873703 0.031596288084983826 -0.2986394762992859
vn -0.9467915296554565 0.04271399974822998 -0.3190004229545593
vn -0.924913227558136 0.0955905020236969 -0.367964506149292
vn -0.9603332877159119 0.020459994673728943 -0.27810293436050415
vn -0.95384281873703 0.031596288084983826 -0.2986394762992859
vn -0.9629758596420288 0.034506119787693024 -0.26737040281295776
vn -0.9467915296554565 0.04271399974822998 -0.3190004229545593
vn -0.9864957332611084 -0.0213327594101429 -0.16239166259765625
vn -0.9813180565834045 -0.1913871318101883 -0.019641028717160225
vn -0.9697912335395813 -0.1934591829776764 -0.14858853816986084
vn -0.2634992301464081 0.6659548282623291 -0.6979056596755981
vn -0.486367404460907 0.7199752926826477 -0.49505797028541565
vn -0.6925775408744812 0.7156559824943542 -0.09040383249521255
vn -0.24374154210090637 0.2573809027671814 -0.9350642561912537
vn -0.03744491562247276 0.23015443980693817 -0.9724334478378296
vn -0.15790721774101257 -0.032011572271585464 -0.9869349002838135
vn -0.2651917636394501 -0.2915061414241791 -0.919074296951294
vn -0.985331654548645 0.167421355843544 0.0330413393676281
vn -0.8405105471611023 0.4382191598415375 -0.318600058555603
vn -0.340392142534256 0.7399030327796936 -0.5802385210990906
vn -0.021793674677610397 0.2995569705963135 -0.9538295269012451
vn -0.6925775408744812 0.7156559824943542 -0.09040383249521255
vn -0.8405113816261292 0.43785563111305237 -0.319097101688385
vn -0.34056612849235535 0.7394402623176575 -0.5807260870933533
vn -0.021643713116645813 0.2994239628314972 -0.9538746476173401
vn -0.966259241104126 0.009311676025390625 -0.2574028968811035
vn -0.9417534470558167 0.07359229773283005 -0.3281532824039459
vn -0.9716172218322754 -0.0018421148415654898 -0.23655161261558533
vn 0.8994799256324768 -0.04452107846736908 -0.43468809127807617
vn 0.4021897614002228 0.4066368043422699 -0.8202987313270569
vn 0.13926200568675995 -0.014598038047552109 -0.9901479482650757
vn -0.021643713116645813 0.2994239628314972 -0.9538746476173401
vn 0.5543469786643982 0.7158762812614441 -0.42452389001846313
vn -0.966259241104126 0.009311676025390625 -0.2574028968811035
vn -0.9865894913673401 0.043576449155807495 -0.15729683637619019
vn -0.9804600477218628 -0.015871817246079445 -0.196076899766922
vn 0.006313344929367304 0.14284656941890717 -0.9897247552871704
vn -0.49730807542800903 0.20699089765548706 -0.8425197005271912
vn 0.11537086963653564 -0.13932396471500397 -0.9835031032562256
vn 0.03648467734456062 -0.245968297123909 -0.9685909748077393
vn 0.5007485151290894 -0.3596499562263489 -0.7873390913009644
vn 0.8341584205627441 -0.37934911251068115 -0.4003423750400543
vn 0.6757030487060547 -0.6538626551628113 -0.34042486548423767
vn 0.1153988242149353 -0.139381542801857 -0.9834916591644287
vn 0.03655702620744705 -0.24605849385261536 -0.9685653448104858
vn 0.5006424188613892 -0.35964465141296387 -0.7874088883399963
vn 0.8340127468109131 -0.37932953238487244 -0.4006642699241638
vn 0.6755922436714172 -0.6538262963294983 -0.34071436524391174
vn 0.13924570381641388 -0.014588992111384869 -0.9901503920555115
vn 0.5788891911506653 -0.10485546290874481 -0.8086363077163696
vn 0.8996443152427673 -0.044527944177389145 -0.434347003698349
vn 0.8799272179603577 -0.21512305736541748 -0.42361560463905334
vn -0.6812533736228943 -0.4807244539260864 -0.5520849823951721
vn -0.5940492749214172 -0.15372157096862793 -0.7896044254302979
vn -0.7755357623100281 -0.4634246826171875 -0.4286976754665375
vn -0.7560755610466003 -0.6530512571334839 0.043287649750709534
vn -0.8509352803230286 -0.5220967531204224 0.05765506625175476
vn 0.5787476897239685 -0.10487284511327744 -0.8087353110313416
vn -0.6811469793319702 -0.48053398728370667 -0.5523819923400879
vn -0.5940960645675659 -0.15376155078411102 -0.7895614504814148
vn -0.7755031585693359 -0.4633803963661194 -0.4288046061992645
vn -0.7561187148094177 -0.6530218124389648 0.04297739267349243
vn -0.9234060049057007 -0.37735921144485474 0.07015290856361389
vn -0.43218740820884705 -0.0416320376098156 -0.9008222818374634
vn -0.8245782256126404 -0.25488466024398804 -0.5050788521766663
vn -0.9233695864677429 -0.3773829936981201 0.07050304859876633
vn -0.974245011806488 -0.2133159339427948 0.07309646904468536
vn -0.265228271484375 -0.29135796427726746 -0.9191107153892517
vn 0.2522306442260742 -0.5808240175247192 -0.7739658951759338
vn 0.3472215235233307 -0.8955472111701965 -0.2782667875289917
vn -0.43244898319244385 -0.041608426719903946 -0.9006978273391724
vn -0.8245851397514343 -0.2548019289970398 -0.5051093101501465
vn -0.9963948130607605 -0.042964477092027664 0.07315375655889511
vn -0.2651917636394501 -0.2915061414241791 -0.919074296951294
vn 0.25214749574661255 -0.580806314945221 -0.7740063071250916
vn -0.04044158756732941 -0.9847694635391235 -0.16909629106521606
vn -0.4949803948402405 -0.40377506613731384 -0.7693895101547241
vn -0.04034848511219025 -0.9848319292068481 -0.16875459253787994
vn -0.6812533736228943 -0.4807244539260864 -0.5520849823951721
vn -0.4949803948402405 -0.40377506613731384 -0.7693895101547241
vn -0.03700967878103256 0.23057802021503448 -0.9723497629165649
vn -0.265228271484375 -0.29135796427726746 -0.9191107153892517
vn -0.494876503944397 -0.4037291407585144 -0.7694804072380066
vn -0.494876503944397 -0.4037291407585144 -0.7694804072380066
vn -0.404135137796402 -0.8207889795303345 -0.40370821952819824
vn -0.40411749482154846 -0.8206266164779663 -0.40405574440956116
vn 0.23175959289073944 0.7039401531219482 -0.6713834404945374
vn 0.29906028509140015 0.5509234070777893 -0.7791318297386169
vn 0.37823501229286194 0.46242469549179077 -0.801936149597168
vn 0.48808643221855164 0.17613321542739868 -0.8548384308815002
vn 0.24589252471923828 0.555853009223938 -0.7940807938575745
vn 0.3545321524143219 0.3761158585548401 -0.8560629487037659
vn 0.29588782787323 0.19815678894519806 -0.9344432950019836
vn 0.250882089138031 0.3870968818664551 -0.8872508406639099
vn -0.9873102307319641 -0.046380914747714996 -0.15187938511371613
vn -0.9099339842796326 0.15779843926429749 -0.3835618197917938
vn -0.9564169049263 0.05163954943418503 -0.2874021530151367
vn -0.8977887630462646 0.14792481064796448 -0.41484150290489197
vn 0.5101808905601501 -0.022444820031523705 -0.8597742319107056
vn -0.7272303104400635 0.5895846486091614 -0.3514626622200012
vn -0.7819031476974487 0.5339653491973877 -0.3217272460460663
vn -0.834145188331604 0.461108922958374 -0.3026222586631775
vn -0.9157670736312866 0.31865134835243225 -0.24460569024085999
vn 0.7759109139442444 0.13886559009552002 -0.6153687834739685
vn -0.989094078540802 0.04576753079891205 -0.13999372720718384
vn -0.9289834499359131 0.3699997067451477 -0.009488038718700409
vn -0.9853560328483582 0.16736769676208496 0.03258237615227699
vn -0.9693939685821533 0.20839665830135345 -0.12979213893413544
vn 0.8698337078094482 0.1662939488887787 -0.46447357535362244
vn 0.7999932169914246 0.3694247007369995 -0.47279614210128784
vn 0.6931858658790588 0.5554847121238708 -0.45927128195762634
vn -0.8298706412315369 0.5556089282035828 -0.05112193152308464
vn 0.45376458764076233 0.36838191747665405 -0.8114138245582581
vn -0.7681230902671814 0.32550564408302307 -0.5513918399810791
vn -0.9920512437820435 0.11709044128656387 -0.046089623123407364
vn -0.992167055606842 0.09293819963932037 -0.08346797525882721
vn -0.9816552996635437 0.1126447468996048 -0.153831347823143
vn -0.9972717761993408 0.07272517681121826 -0.012649733573198318
vn -0.9718203544616699 0.06330922991037369 -0.22706246376037598
vn -0.954314112663269 0.013473980128765106 -0.29850122332572937
vn -0.97178053855896 0.18123114109039307 -0.15098954737186432
vn -0.9837415814399719 0.16109110414981842 -0.07938598841428757
vn -0.9780627489089966 0.20826588571071625 -0.004313989542424679
vn -0.9615231156349182 0.27472424507141113 -0.00010579374065855518
vn -0.9404565691947937 0.33988916873931885 0.00410290015861392
vn -0.9958971738815308 0.02364269457757473 -0.08734845370054245
vn -0.9948055744171143 -0.045026589184999466 -0.09129267185926437
vn -0.9969311952590942 -0.05464160069823265 -0.05605762451887131
vn -0.9977223873138428 -0.06418347358703613 -0.020747540518641472
vn -0.878979504108429 0.21014437079429626 -0.428058922290802
vn 0.7634115815162659 0.1283418983221054 -0.6330332159996033
vn 0.725817084312439 0.1898571252822876 -0.66116863489151
vn 0.7742589116096497 0.19144950807094574 -0.6032164692878723
vn 0.8797687888145447 -0.21510937809944153 -0.42395156621932983
vn -0.758250892162323 -0.558251678943634 -0.33676496148109436
vn -0.7687016129493713 -0.6359407901763916 -0.06838973611593246
vn -0.9806164503097534 -0.0241398923099041 -0.19444409012794495
vn -0.9219405055046082 0.3164462745189667 -0.22335496544837952
vn -0.9439405798912048 0.2560157775878906 -0.20840387046337128
vn -0.9391109943389893 0.3385920524597168 -0.05853134021162987
vn -0.9806164503097534 -0.0241398923099041 -0.19444409012794495
vn -0.9444179534912109 0.18151207268238068 -0.2740950584411621
vn -0.9618255496025085 0.1944691687822342 -0.19254425168037415
vn -0.8984979391098022 0.1163879781961441 -0.42326751351356506
vn -0.9444179534912109 0.18151207268238068 -0.2740950584411621
vn -0.8334636092185974 0.18789342045783997 -0.5196483135223389
vn -0.995815098285675 0.06505804508924484 -0.06418493390083313
vn -0.959024965763092 0.11917769908905029 -0.2570364475250244
vn 0.784498929977417 0.338262140750885 -0.5197501182556152
vn 0.7348749041557312 0.25249844789505005 -0.6294469833374023
vn 0.6911064386367798 0.31204092502593994 -0.6519220471382141
vn 0.4685653746128082 0.18168014287948608 -0.864545464515686
vn 0.725817084312439 0.1898571252822876 -0.66116863489151
vn -0.9481310248374939 0.11241255700588226 -0.2973400056362152
vn -0.9481310248374939 0.11241255700588226 -0.2973400056362152
vn -0.9356723427772522 0.24964435398578644 -0.24938949942588806
vn -0.9219405055046082 0.3164462745189667 -0.22335496544837952
vn -0.8902705311775208 0.2557808756828308 -0.37682145833969116
vn -0.9356723427772522 0.24964435398578644 -0.24938949942588806
vn -0.2083042711019516 0.5753991603851318 -0.7909015417098999
vn 0.17634332180023193 0.4555851221084595 -0.8725510835647583
vn -0.23632533848285675 0.25733476877212524 -0.9369787573814392
vn 0.3159511983394623 0.42568734288215637 -0.8479181528091431
vn 0.5513186454772949 0.5564543604850769 -0.6216158866882324
vn -0.15460160374641418 0.8225233554840088 -0.5473150014877319
vn 0.21435199677944183 0.7450817823410034 -0.6315903663635254
vn 0.5513186454772949 0.5564543604850769 -0.6216158866882324
vn 0.21435199677944183 0.7450817823410034 -0.6315903663635254
vn 0.2755992114543915 0.7908046841621399 -0.546509861946106
vn -0.15460160374641418 0.8225233554840088 -0.5473150014877319
vn -0.7881251573562622 0.5587040781974792 -0.2582797408103943
vn -0.5078778862953186 0.7441126704216003 -0.4340003728866577
vn -0.36764296889305115 0.5716010928153992 -0.73356032371521
vn -0.15460160374641418 0.8225233554840088 -0.5473150014877319
vn -0.5078778862953186 0.7441126704216003 -0.4340003728866577
vn -0.4760212302207947 0.8242008090019226 -0.3067520558834076
vn -0.7881251573562622 0.5587040781974792 -0.2582797408103943
vn -0.7015175819396973 0.4251154065132141 -0.5719701647758484
vn -0.7532559633255005 0.3739655017852783 -0.5410686731338501
vn -0.5280982255935669 0.23891939222812653 -0.8148802518844604
vn -0.8634729385375977 0.44189453125 -0.24319449067115784
vn -0.8634729385375977 0.44189453125 -0.24319449067115784
vn -0.8696516752243042 0.47078976035118103 -0.1485362946987152
vn 0.6275352239608765 0.4386674165725708 -0.6432499289512634
vn 0.7104688286781311 0.3909142315387726 -0.5851666927337646
vn 0.6774917244911194 0.4537768065929413 -0.578870952129364
vn -0.6315258741378784 0.14610351622104645 -0.7614648938179016
vn -0.6424903273582458 0.0923255980014801 -0.7607116103172302
vn 0.6707556247711182 -0.1801586151123047 -0.7194650173187256
vn 0.6545166969299316 0.6119334697723389 -0.444010466337204
vn 0.7284430265426636 0.48099780082702637 -0.48786455392837524
vn -0.8748374581336975 0.4801010489463806 -0.06451685726642609
vn -0.7894001007080078 0.6099955439567566 -0.06894160062074661
vn -0.08287616819143295 0.9493798613548279 -0.30300071835517883
vn 0.3136105239391327 0.8565598130226135 -0.409821480512619
vn -0.4779428541660309 0.8544223308563232 -0.2037968635559082
vn -0.08287616819143295 0.9493798613548279 -0.30300071835517883
vn -0.8745638728141785 0.41197994351387024 -0.2557549774646759
vn -0.9119060635566711 0.34646371006965637 -0.2199777066707611
vn -0.9139959812164307 0.33261552453041077 -0.23233221471309662
vn -0.8311285972595215 0.47462594509124756 -0.2897503972053528
vn -0.995851457118988 0.05115392431616783 -0.07525426894426346
vn -0.9673153162002563 0.20866325497627258 -0.14408545196056366
vn -0.23632533848285675 0.25733476877212524 -0.9369787573814392
vn -0.3785674273967743 0.4186222553253174 -0.8254951238632202
vn -0.2083042711019516 0.5753991603851318 -0.7909015417098999
vn -0.9811684489250183 -0.03558693081140518 -0.18984708189964294
vn 0.7387856245040894 0.1274842768907547 -0.661773145198822
vn 0.7387856245040894 0.1274842768907547 -0.661773145198822
vn -0.45609965920448303 0.4127063751220703 -0.7884455919265747
vn 0.18619118630886078 0.6143800020217896 -0.7667267918586731
vn 0.8575356006622314 0.0002385082480031997 -0.5144245624542236
vn 0.8575555682182312 0.06967321783304214 -0.5096508264541626
vn 0.7099024653434753 0.25145936012268066 -0.6578804850578308
vn 0.7099024653434753 0.25145936012268066 -0.6578804850578308
vn 0.7821828126907349 0.26580867171287537 -0.5635032653808594
vn 0.8196942210197449 0.20426367223262787 -0.5351427793502808
vn -0.983053982257843 0.13032487034797668 -0.1289198100566864
vn -0.9770445823669434 0.20382387936115265 -0.06196581572294235
vn -0.26592007279396057 0.7098698616027832 -0.6522048711776733
vn -0.15460160374641418 0.8225233554840088 -0.5473150014877319
vn -0.7531237006187439 0.11470077186822891 -0.6478027701377869
vn 0.7362322211265564 0.2841825783252716 -0.6141679883003235
vn -0.9357869625091553 0.10482805222272873 -0.33662110567092896
vn 0.7272571921348572 0.014936582185328007 -0.6862025260925293
vn -0.9428951740264893 0.2785337269306183 -0.18266788125038147
vn 0.3959811329841614 0.18643176555633545 -0.89913409948349
vn 0.8090237379074097 0.129258394241333 -0.5733872056007385
vn -0.955165684223175 0.26784783601760864 -0.1261582225561142
vn -0.1023576483130455 0.4446476101875305 -0.8898378610610962
vn -0.1023576483130455 0.4446476101875305 -0.8898378610610962
vn -0.1798263043165207 0.5757735967636108 -0.7975884079933167
vn -0.4268822968006134 0.38536378741264343 -0.8180869817733765
vn -0.4268822968006134 0.38536378741264343 -0.8180869817733765
vn 0.6934144496917725 0.5556022524833679 -0.458783894777298
vn 0.40236547589302063 0.4067874550819397 -0.8201377391815186
vn 0.554555356502533 0.7160149216651917 -0.42401769757270813
vn -0.021793674677610397 0.2995569705963135 -0.9538295269012451
vn -0.1025686040520668 0.4448254108428955 -0.889724612236023
vn -0.1025686040520668 0.4448254108428955 -0.889724612236023
vn -0.1800883412361145 0.575976550579071 -0.7973827123641968
vn -0.9694112539291382 0.20860135555267334 -0.1293342113494873
vn -0.9963673949241638 -0.0429532565176487 0.0735325962305069
vn -0.4267156422138214 0.3856731057167053 -0.8180281519889832
vn -0.4267156422138214 0.3856731057167053 -0.8180281519889832
vn -0.22713109850883484 0.01397828757762909 -0.9737638831138611
vn -0.4216717779636383 -0.14692345261573792 -0.894766092300415
vn -0.34203314781188965 0.665255606174469 -0.6636627316474915
vn -0.1798263043165207 0.5757735967636108 -0.7975884079933167
vn 0.5543469786643982 0.7158762812614441 -0.42452389001846313
vn -0.30298367142677307 0.7049100995063782 -0.6413288116455078
vn -0.34056612849235535 0.7394402623176575 -0.5807260870933533
vn -0.41680294275283813 0.8802089095115662 -0.22695305943489075
vn -0.48648515343666077 0.7201823592185974 -0.49464085698127747
vn -0.1800883412361145 0.575976550579071 -0.7973827123641968
vn -0.6925069689750671 0.7157951593399048 -0.08984123170375824
vn -0.2635461390018463 0.6662977337837219 -0.6975606679916382
vn -0.3029205799102783 0.7053157091140747 -0.640912652015686
vn -0.340392142534256 0.7399030327796936 -0.5802385210990906
vn -0.957508385181427 0.2789551317691803 -0.07322324812412262
vn 0.7945291996002197 0.2943923771381378 -0.5310898423194885
vn 0.8163962364196777 0.3407079577445984 -0.4662781059741974
vn 0.8451537489891052 0.207195445895195 -0.4927321970462799
vn 0.8198319673538208 0.14107412099838257 -0.5549536943435669
vn 0.853421688079834 0.1387704461812973 -0.5024083852767944
vn 0.8327919840812683 0.2746168076992035 -0.4806692898273468
vn 0.8137848973274231 0.19274158775806427 -0.5482743978500366
vn 0.8241715431213379 0.07153837382793427 -0.5618036985397339
vn 0.7879835963249207 0.03869984671473503 -0.6144787073135376
vn 0.7822312712669373 0.14342880249023438 -0.6062526702880859
vn -0.15973185002803802 -0.770092785358429 -0.6176105737686157
vn -0.09488005936145782 -0.9381901025772095 -0.3328620195388794
vn -0.9742741584777832 -0.21330885589122772 0.0727262869477272
vn 0.7648143768310547 -0.5234299302101135 -0.3756062686443329
vn 0.554555356502533 0.7160149216651917 -0.42401769757270813
vn 0.24717944860458374 0.8803259134292603 -0.4048810601234436
vn -0.0903138518333435 0.9373742341995239 -0.3364119827747345
vn 0.8002219200134277 0.36950811743736267 -0.4723438322544098
vn -0.6925069689750671 0.7157951593399048 -0.08984123170375824
vn -0.8298231959342957 0.5557302832603455 -0.050569403916597366
vn -0.9289520978927612 0.37009140849113464 -0.00897043664008379
vn 0.870041012763977 0.16633430123329163 -0.46407073736190796
vn 0.24697083234786987 0.8800988793373108 -0.4055013358592987
vn -0.09048908203840256 0.9371157884597778 -0.33708420395851135
vn -0.41692644357681274 0.8799815773963928 -0.22760650515556335
vn -0.4380289316177368 0.21105727553367615 -0.8738337755203247
vn -0.24374154210090637 0.2573809027671814 -0.9350642561912537
vn 0.03655702620744705 -0.24605849385261536 -0.9685653448104858
vn -0.2651917636394501 -0.2915061414241791 -0.919074296951294
vn -0.4779093265533447 0.11934365332126617 -0.8702641725540161
vn 0.1153988242149353 -0.139381542801857 -0.9834916591644287
vn -0.9570026397705078 0.24899226427078247 -0.14882446825504303
vn -0.005322633311152458 0.12980148196220398 -0.9915257096290588
vn -0.5940492749214172 -0.15372157096862793 -0.7896044254302979
vn -0.24370107054710388 0.257874995470047 -0.9349386692047119
vn 0.7420361638069153 0.06477799266576767 -0.6672226786613464
vn -0.9913484454154968 -0.035351309925317764 -0.1264055222272873
vn -0.9669265151023865 -0.03572819009423256 -0.252540647983551
vn -0.9643241167068481 0.003692624159157276 -0.2646988332271576
vn -0.43834859132766724 0.21145828068256378 -0.8735765218734741
vn -0.24370107054710388 0.257874995470047 -0.9349386692047119
vn 0.03648467734456062 -0.245968297123909 -0.9685909748077393
vn -0.265228271484375 -0.29135796427726746 -0.9191107153892517
vn -0.47831565141677856 0.1195751503109932 -0.870009183883667
vn 0.11537086963653564 -0.13932396471500397 -0.9835031032562256
vn -0.957011878490448 -0.01605563424527645 -0.28960421681404114
vn 0.24954994022846222 0.47368180751800537 -0.8446007370948792
vn 0.3031559884548187 0.38217222690582275 -0.8729494214057922
vn -0.9591816067695618 -0.05539961904287338 -0.27731120586395264
vn 0.24091185629367828 0.10908835381269455 -0.9643967747688293
vn -0.9553152322769165 0.003630813444033265 -0.29556697607040405
vn 0.23994392156600952 0.6328449249267578 -0.7361617684364319
vn -0.9583008885383606 -0.03573523834347725 -0.28351810574531555
vn 0.24987661838531494 0.29690513014793396 -0.9216338396072388
vn -0.962891161441803 0.04055366665124893 -0.26682552695274353
vn -0.9687991142272949 0.029443927109241486 -0.24609199166297913
vn 0.7116904854774475 -0.03342792019248009 -0.7016974091529846
vn 0.7314631938934326 0.026129214093089104 -0.681380033493042
vn 0.7256796360015869 0.006783153861761093 -0.687999427318573
vn 0.7083346247673035 -0.04309386387467384 -0.7045600414276123
vn 0.7647377252578735 0.16371357440948486 -0.6231967806816101
vn -0.6588554978370667 0.1913626790046692 -0.7275229692459106
vn -0.6581955552101135 0.14066745340824127 -0.7395886778831482
vn -0.6824796795845032 0.11696184426546097 -0.7214856147766113
vn 0.7243067622184753 0.005262686405330896 -0.689457893371582
vn -0.6436558365821838 0.3875926733016968 -0.6599082350730896
vn 0.46656689047813416 -0.01655658334493637 -0.8843309879302979
vn -0.8887678980827332 0.1786431074142456 -0.4221116304397583
vn -0.9849963784217834 0.1373390555381775 -0.1044992059469223
vn -0.8798736929893494 0.3697928786277771 -0.29845505952835083
vn -0.9391109943389893 0.3385920524597168 -0.05853134021162987
vn -0.9034031629562378 0.29752346873283386 -0.3087759017944336
vn -0.9673153162002563 0.20866325497627258 -0.14408545196056366
vn -0.6838714480400085 0.04540460184216499 -0.7281882762908936
vn -0.8075549006462097 0.05332706868648529 -0.587376594543457
vn -0.7332120537757874 0.3814663887023926 -0.5629240274429321
vn -0.5852030515670776 0.22229322791099548 -0.7798224091529846
vn -0.8385135531425476 0.37102457880973816 -0.3990435302257538
vn -0.9119060635566711 0.34646371006965637 -0.2199777066707611
vn -0.9028218388557434 0.05937303975224495 -0.425896018743515
vn -0.682013750076294 0.1327458620071411 -0.7191909551620483
vn -0.9849963784217834 0.1373390555381775 -0.1044992059469223
vn 0.4671395719051361 0.5378186702728271 -0.7018060684204102
vn 0.6936339735984802 0.4160018265247345 -0.5880599021911621
vn 0.4041191339492798 0.6082080006599426 -0.6832062005996704
vn -0.6918584704399109 0.1980377733707428 -0.694343626499176
vn -0.686943769454956 0.17058445513248444 -0.706405758857727
vn -0.5440457463264465 0.19098222255706787 -0.81703120470047
vn -0.37613025307655334 0.17686976492404938 -0.9095290303230286
vn -0.389996200799942 0.22933989763259888 -0.8917993307113647
vn -0.9030253291130066 0.14077496528625488 -0.40586671233177185
vn -0.8071828484535217 0.14233800768852234 -0.5728837847709656
vn -0.7126015424728394 0.10784105211496353 -0.6932311654090881
vn -0.6124294400215149 0.10634709149599075 -0.7833393812179565
vn -0.5154785513877869 0.1596570909023285 -0.8418974876403809
vn -0.5011379718780518 0.10292227566242218 -0.8592251539230347
vn -0.33792153000831604 0.16667886078357697 -0.9262975454330444
vn -0.28554847836494446 0.20131193101406097 -0.9369822144508362
vn -0.14728716015815735 0.16725027561187744 -0.9748506546020508
vn -0.2703957259654999 0.15001226961612701 -0.9509902596473694
vn -0.3965250551700592 0.15624849498271942 -0.9046293497085571
vn 0.7385608553886414 0.3290809988975525 -0.5884160995483398
vn 0.8931047320365906 0.1697923243045807 -0.4165746569633484
vn 0.5258285403251648 0.4624426066875458 -0.7138985395431519
vn 0.8269404172897339 -0.33836203813552856 -0.4490887224674225
vn 0.8818356394767761 -0.3843976557254791 -0.2731381356716156
vn 0.8066319823265076 -0.4081976115703583 -0.4274573028087616
vn -0.210490882396698 -0.5030859708786011 -0.8382112383842468
vn -0.6594799757003784 -0.38987910747528076 -0.6427134275436401
vn -0.5878853797912598 -0.6273996233940125 -0.5106471180915833
vn 0.22272130846977234 -0.24536462128162384 -0.9434996247291565
vn -0.14693063497543335 -0.630638837814331 -0.7620407342910767
vn 0.7781067490577698 0.24008285999298096 -0.5804394483566284
vn 0.6122229695320129 0.61984783411026 -0.49088868498802185
vn 0.5796420574188232 0.38277873396873474 -0.7193717360496521
vn 0.6280808448791504 0.2995656430721283 -0.7181746959686279
vn 0.5826359391212463 0.10352568328380585 -0.8061128258705139
vn 0.4270007312297821 0.13304081559181213 -0.8944107294082642
vn 0.24600405991077423 0.12648610770702362 -0.9609804153442383
vn 0.5920982956886292 0.1346418410539627 -0.7945383191108704
vn -0.004623395390808582 0.10003980249166489 -0.9949726462364197
vn -0.05235017463564873 0.6278579831123352 -0.7765653729438782
vn 0.0510546900331974 0.6520796418190002 -0.7564294934272766
vn 0.2680650055408478 0.1854393482208252 -0.9453853368759155
vn 0.6058235764503479 -0.1847732812166214 -0.7738454341888428
vn 0.8057376742362976 0.1391514241695404 -0.5756940245628357
vn 0.5685189366340637 0.055310457944869995 -0.8208087086677551
vn 0.8389618396759033 0.06629609316587448 -0.5401369333267212
vn 0.9208730459213257 -0.03206028416752815 -0.38854220509529114
vn 0.841480016708374 -0.26685431599617004 -0.46978721022605896
vn 0.8752202391624451 -0.2933082580566406 -0.3846554160118103
vn 0.9160497784614563 -0.2457577884197235 -0.3169478178024292
vn 0.9014602899551392 -0.3159601092338562 -0.29586929082870483
vn -0.4305381178855896 0.654160737991333 -0.621860682964325
vn -0.34716784954071045 0.6277562975883484 -0.6967040300369263
vn -0.4974863827228546 0.10004406422376633 -0.8616836071014404
vn 0.9766373038291931 -0.09845871478319168 -0.19101183116436005
vn 0.9118232131004333 0.06923308223485947 -0.40470412373542786
vn 0.8279469013214111 -0.5144611597061157 -0.22323447465896606
vn 0.7039874196052551 -0.4319342076778412 -0.5637681484222412
vn 0.8228057026863098 -0.4644430875778198 -0.3275417685508728
vn -0.8915716409683228 -0.16152457892894745 -0.42309534549713135
vn -0.8893446326255798 -0.1989719718694687 -0.4116748869419098
vn -0.889119029045105 -0.29246723651885986 -0.3520374596118927
vn 0.8572854995727539 -0.45068806409835815 -0.24888136982917786
vn -0.884641170501709 -0.07557008415460587 -0.4601077735424042
vn 0.8573418855667114 -0.1148834303021431 -0.5017635226249695
vn 0.8952685594558716 -0.14573362469673157 -0.42101770639419556
vn 0.8538421392440796 -0.18871423602104187 -0.485119104385376
vn 0.9298260807991028 -0.10163489729166031 -0.35368612408638
vn 0.9255226850509644 -0.17418278753757477 -0.3362560272216797
vn -0.8924278020858765 -0.12382885813713074 -0.4338652491569519
vn 0.7421998381614685 -0.2801145315170288 -0.6088311076164246
vn 0.5577272772789001 -0.22174613177776337 -0.7998555898666382
vn 0.694805383682251 -0.20999431610107422 -0.6878575086593628
vn 0.6661883592605591 -0.364141583442688 -0.6508408784866333
vn 0.7796427607536316 -0.3464789390563965 -0.5216413736343384
vn 0.7541791796684265 -0.2031923532485962 -0.6244412064552307
vn 0.6380947828292847 -0.13705842196941376 -0.757660984992981
vn 0.6161500215530396 -0.2949506640434265 -0.730317234992981
vn 0.5736215710639954 -0.33494582772254944 -0.7475089430809021
vn 0.5330170392990112 -0.10504130274057388 -0.8395588994026184
vn 0.5728284120559692 -0.06228483095765114 -0.8173055052757263
vn -0.8732406497001648 -0.36393284797668457 -0.32404279708862305
vn -0.8632823824882507 -0.39885419607162476 -0.3092876970767975
vn -0.8409370183944702 -0.4840080738067627 -0.24199414253234863
vn 0.49988141655921936 0.013323898427188396 -0.8659913539886475
vn -0.8519977927207947 -0.43316274881362915 -0.2940574288368225
vn -0.8783993721008301 -0.3188728094100952 -0.3559982478618622
vn 0.6420078873634338 -0.05683884024620056 -0.7645882368087769
vn -0.49481990933418274 0.22574476897716522 -0.8391618132591248
vn -0.8631858229637146 0.21371354162693024 -0.4574239253997803
vn -0.6283217668533325 0.48977798223495483 -0.604424774646759
vn -0.6664472818374634 -0.24954673647880554 -0.702548623085022
vn -0.2678129971027374 0.2397797554731369 -0.9331569075584412
vn -0.48391586542129517 0.2358197718858719 -0.8427422642707825
vn -0.433046817779541 0.5315019488334656 -0.7279946804046631
vn -0.7894001007080078 0.6099955439567566 -0.06894160062074661
vn -0.46985772252082825 -0.8153660893440247 -0.33824822306632996
vn -0.4316295087337494 -0.831337571144104 -0.35010531544685364
vn -0.39259979128837585 -0.8457653522491455 -0.36131224036216736
vn -0.6789865493774414 -0.12156461179256439 -0.724016010761261
vn -0.6216932535171509 -0.4124888479709625 -0.6658456325531006
vn -0.5823684334754944 -0.4340781569480896 -0.6873305439949036
vn 0.24140581488609314 0.5032345652580261 -0.8297460079193115
vn 0.5215465426445007 0.21793709695339203 -0.8249198198318481
vn 0.017655175179243088 0.09744124114513397 -0.9950845837593079
vn -0.43834859132766724 0.21145828068256378 -0.8735765218734741
vn -0.47831565141677856 0.1195751503109932 -0.870009183883667
vn -0.513595700263977 -0.6657113432884216 -0.5413389205932617
vn -0.35284093022346497 -0.8586222529411316 -0.37184813618659973
vn -0.1132473424077034 0.1644831895828247 -0.9798572659492493
vn -0.4380289316177368 0.21105727553367615 -0.8738337755203247
vn -0.30116504430770874 0.14459571242332458 -0.9425452947616577
vn -0.3124268054962158 -0.8698847889900208 -0.3816935420036316
vn 0.6545166969299316 0.6119334697723389 -0.444010466337204
vn 0.006805406417697668 0.5416958928108215 -0.8405469655990601
vn -0.4779093265533447 0.11934365332126617 -0.8702641725540161
vn 0.16545554995536804 -0.6683451533317566 -0.7252166867256165
vn 0.19275981187820435 -0.416920006275177 -0.888268768787384
vn 0.23433242738246918 -0.3965366780757904 -0.8876074552536011
vn -0.6025051474571228 0.16667377948760986 -0.7805173397064209
vn 0.15077388286590576 -0.4364093542098999 -0.8870254158973694
vn 0.21005265414714813 -0.12765617668628693 -0.9693202972412109
vn -0.7272303104400635 0.5895846486091614 -0.3514626622200012
vn 0.42071375250816345 0.6617655754089355 -0.6205371022224426
vn -0.44397252798080444 0.3589558005332947 -0.8209989070892334
vn -0.38405585289001465 0.21096105873584747 -0.8988863229751587
vn -0.24374154210090637 0.2573809027671814 -0.9350642561912537
vn -0.6740453839302063 0.6619908213615417 -0.3277667164802551
vn -0.5948588848114014 0.7105220556259155 -0.3759006857872009
vn 0.46569502353668213 0.6008804440498352 -0.6496698260307312
vn 0.32875749468803406 0.710221529006958 -0.622498095035553
vn 0.3485175669193268 -0.406822144985199 -0.8444117307662964
vn 0.40229862928390503 -0.3039141595363617 -0.8635924458503723
vn 0.0883454829454422 -0.3378276228904724 -0.9370525479316711
vn 0.580448567867279 -0.4428510367870331 -0.6833464503288269
vn -0.43067315220832825 0.41841840744018555 -0.7996541261672974
vn 0.4041191339492798 0.6082080006599426 -0.6832062005996704
vn -0.5401669144630432 -0.015468155033886433 -0.8414157032966614
vn -0.9663200974464417 0.06332977861166 -0.24942897260189056
vn 0.6621766686439514 0.16766415536403656 -0.7303497791290283
vn 0.46670377254486084 0.10113270580768585 -0.8786122798919678
vn -0.995815098285675 0.06505804508924484 -0.06418493390083313
vn 0.8516994118690491 -0.4512166976928711 -0.2664801776409149
vn -0.9009765386581421 0.10621863603591919 -0.4206646680831909
vn 0.5446232557296753 0.5841337442398071 -0.6018083095550537
vn 0.5133583545684814 0.6202957630157471 -0.5930399298667908
vn 0.5458106994628906 0.6920962333679199 -0.47232791781425476
vn 0.6025367379188538 0.7157019376754761 -0.3531576097011566
vn 0.6484311819076538 0.7264417409896851 -0.22763876616954803
vn -0.03700967878103256 0.23057802021503448 -0.9723497629165649
vn -0.24370107054710388 0.257874995470047 -0.9349386692047119
vn -0.7630234956741333 0.19879169762134552 -0.6150422096252441
vn -0.8643715977668762 0.04916154593229294 -0.5004446506500244
vn -0.7523323893547058 0.07922136038541794 -0.6540029644966125
vn -0.7064237594604492 0.07867804169654846 -0.7034026384353638
vn 0.8196942210197449 0.20426367223262787 -0.5351427793502808
vn -0.6448646187782288 0.15635144710540771 -0.7481335401535034
vn -0.559809148311615 0.4219183623790741 -0.7131609916687012
vn -0.5738924145698547 0.12880755960941315 -0.8087372779846191
vn 0.19054487347602844 -0.1395915001630783 -0.9717029929161072
vn 0.5045302510261536 -0.5547990798950195 -0.6615490913391113
vn 0.4191412925720215 -0.6563328504562378 -0.6273337602615356
vn -0.4844830334186554 -0.46051204204559326 -0.7437774538993835
vn 0.11461722105741501 0.4183739423751831 -0.901013970375061
vn 0.08256234973669052 0.12623612582683563 -0.9885585308074951
vn 0.16906043887138367 0.15138106048107147 -0.9739108681678772
vn 0.04462249577045441 -0.46064865589141846 -0.8864601850509644
vn -0.20811599493026733 0.17521388828754425 -0.9622825980186462
vn -0.10561896115541458 0.19537514448165894 -0.9750247597694397
vn -0.2261587679386139 0.2167843133211136 -0.9496614336967468
vn 0.7430726289749146 -0.3590206503868103 -0.564754068851471
vn 0.9645528197288513 -0.20078429579734802 -0.17124126851558685
vn 0.7614039182662964 -0.12498917430639267 -0.6361145973205566
vn 0.4392718970775604 -0.6251031160354614 -0.6452025175094604
vn -0.273402601480484 0.042892154306173325 -0.9609429240226746
vn -0.018319712951779366 0.020158883184194565 -0.9996289014816284
vn -0.8325172066688538 -0.5420945286750793 0.11423144489526749
vn -0.8335634469985962 -0.5524201989173889 0.0019716215319931507
vn -0.8075112104415894 -0.5857455730438232 0.06948238611221313
vn -0.8537490963935852 -0.49598604440689087 0.15846265852451324
vn 0.07920670509338379 -0.8699809908866882 -0.4866820275783539
vn -0.8215455412864685 -0.5238916277885437 0.22494572401046753
vn -0.7990890145301819 -0.5003200173377991 0.33337166905403137
vn -0.7842189073562622 -0.5485302805900574 0.2900260388851166
vn -0.810423731803894 -0.4498961567878723 0.3752423822879791
vn -0.7683359384536743 -0.4674609303474426 0.43719586730003357
vn -0.7263432145118713 -0.3202113211154938 0.6081861257553101
vn -0.7787012457847595 -0.35923832654953003 0.5143659710884094
vn -0.7305679321289062 -0.3730766475200653 0.5719127655029297
vn -0.19431649148464203 0.15622186660766602 -0.9684191942214966
vn -0.005322633311152458 0.12980148196220398 -0.9915257096290588
vn -0.9770445823669434 0.20382387936115265 -0.06196581572294235
vn -0.80844646692276 0.23694202303886414 -0.5387696623802185
vn -0.3695107400417328 0.025101542472839355 -0.9288872480392456
vn -0.003597715636715293 0.0012964438647031784 -0.9999926686286926
vn -0.6604686379432678 0.16082100570201874 -0.7334287762641907
vn -0.8378849625587463 0.07962007075548172 -0.5400086641311646
vn -0.5361238121986389 0.03588443249464035 -0.8433763980865479
vn -0.7819031476974487 0.5339653491973877 -0.3217272460460663
vn -0.8311285972595215 0.47462594509124756 -0.2897503972053528
vn -0.4691745340824127 0.07415267825126648 -0.8799866437911987
vn -0.6000087261199951 0.3773917853832245 -0.7053828835487366
vn 0.5045316815376282 0.03155067563056946 -0.8628166317939758
vn 0.8455456495285034 0.4036809206008911 -0.3494197726249695
vn 0.5022294521331787 0.022438310086727142 -0.864443302154541
vn 0.27605417370796204 0.07296736538410187 -0.9583683609962463
vn -0.40580618381500244 0.3251367211341858 -0.8541706800460815
vn -0.9428951740264893 0.2785337269306183 -0.18266788125038147
vn 0.43393412232398987 0.25600314140319824 -0.8638076186180115
vn 0.6651079654693604 0.2698017358779907 -0.6963033080101013
vn 0.8045114278793335 -0.1179257482290268 -0.5821124315261841
vn 0.9647199511528015 0.07674786448478699 -0.2518438398838043
vn 0.7968457937240601 -0.4840957522392273 -0.36150816082954407
vn 0.9211691617965698 -0.3701377809047699 -0.12018872052431107
vn -0.019058657810091972 -0.8862648606300354 -0.46278658509254456
vn -0.014297012239694595 -0.4746492803096771 -0.8800588846206665
vn 0.9573644399642944 0.20366910099983215 -0.20487140119075775
vn 0.9363369345664978 0.35076817870140076 -0.01532527431845665
vn 0.8355926275253296 0.42063108086586 -0.3533474802970886
vn -0.07428503036499023 -0.4839824438095093 -0.8719189763069153
vn 0.8609944581985474 0.4775198996067047 0.1751098483800888
vn 0.7357072830200195 0.5765715837478638 0.3553871810436249
vn 0.7192054986953735 0.6933688521385193 0.04453088715672493
vn 0.030113540589809418 -0.8792768120765686 -0.47535812854766846
vn -0.26450514793395996 -0.8791685700416565 -0.3963582217693329
vn -0.2158963829278946 -0.886168360710144 -0.4099932312965393
vn 0.6435123085975647 -0.7617704272270203 -0.07481823861598969
vn 0.8941837549209595 -0.3444821536540985 -0.2859499454498291
vn -0.4306507110595703 -0.4745628833770752 -0.7676783800125122
vn -0.3750268220901489 -0.4840031862258911 -0.7906299829483032
vn -0.03744491562247276 0.23015443980693817 -0.9724334478378296
vn -0.005828195251524448 0.12955757975578308 -0.9915547966957092
vn -0.7191197872161865 -0.26602402329444885 0.6419485807418823
vn -0.016569918021559715 0.8339037895202637 -0.5516610741615295
vn -0.4779428541660309 0.8544223308563232 -0.2037968635559082
vn -0.08287616819143295 0.9493798613548279 -0.30300071835517883
vn -0.4397386610507965 0.7516580820083618 -0.49156883358955383
vn 0.134110689163208 0.7580937743186951 -0.6382070183753967
vn 0.3136105239391327 0.8565598130226135 -0.409821480512619
vn -0.26726171374320984 0.8347353339195251 -0.4814436733722687
vn 0.09603387862443924 -0.27264341711997986 -0.9573103189468384
vn 0.3258846700191498 -0.7455466389656067 -0.5813427567481995
vn -0.26084256172180176 -0.6345984935760498 -0.7274929285049438
vn -0.022136645391583443 -0.38470444083213806 -0.9227743148803711
vn 0.22651083767414093 -0.8207656741142273 -0.52443927526474
vn 0.4462382197380066 0.4818786382675171 -0.7540983557701111
vn 0.4782014489173889 0.34458231925964355 -0.8078281879425049
vn 0.4462382197380066 0.4818786382675171 -0.7540983557701111
vn 0.4782014489173889 0.34458231925964355 -0.8078281879425049
vn 0.012589536607265472 0.22919851541519165 -0.9732983708381653
vn 0.3666612505912781 0.1993880420923233 -0.9087375998497009
vn 0.06457526981830597 0.23996134102344513 -0.9686323404312134
vn -0.135246142745018 0.185519739985466 -0.9732887148857117
vn 0.3262121379375458 0.082057423889637 -0.9417282938957214
vn 0.1392916887998581 0.14745765924453735 -0.9792109131813049
vn 0.017562469467520714 0.050031278282403946 -0.9985932111740112
vn -0.528795599937439 0.2398703247308731 -0.8141482472419739
vn -0.36040663719177246 0.16786235570907593 -0.9175670146942139
vn 0.9374554753303528 -0.12781934440135956 -0.3237892985343933
vn 0.7701411843299866 -0.5147902369499207 0.3766610324382782
vn 0.8857719302177429 -0.322017639875412 -0.3342345654964447
vn 0.4992813467979431 0.19944369792938232 -0.8431727886199951
vn 0.5089982151985168 0.049765970557928085 -0.8593277335166931
vn -0.3654691278934479 -0.0022513873409479856 -0.9308207631111145
vn -0.5394973158836365 -0.015476640313863754 -0.8418450951576233
vn -0.17741525173187256 0.011060267686843872 -0.9840739965438843
vn 0.09992124140262604 0.22263799607753754 -0.9697670340538025
vn -0.12453510612249374 0.13201268017292023 -0.9833939671516418
vn 0.21164041757583618 0.03591560944914818 -0.9766875505447388
vn 0.07887193560600281 0.1782682090997696 -0.9808158278465271
vn -0.09090597927570343 0.21206802129745483 -0.9730175733566284
vn -0.7899699807167053 -0.5933414697647095 -0.15457478165626526
vn -0.8545615673065186 -0.45082664489746094 -0.2578370273113251
vn -0.8745638728141785 0.41197994351387024 -0.2557549774646759
vn 0.8699718117713928 -0.3850688934326172 -0.3080112040042877
vn 0.8954329490661621 -0.3162688612937927 -0.31332704424858093
vn 0.8826466798782349 -0.316443532705307 -0.34756043553352356
vn 0.8896424174308777 -0.24578210711479187 -0.3848734200000763
vn 0.8691926002502441 -0.316079318523407 -0.3802605867385864
vn 0.8440654873847961 -0.38467565178871155 -0.3736015260219574
vn -0.18989527225494385 0.01343537773936987 -0.9817124009132385
vn 0.04028130695223808 0.14893856644630432 -0.9880256652832031
vn -0.3690924644470215 0.14098519086837769 -0.9186370372772217
vn -0.8818572163581848 -0.32845234870910645 -0.3382999897003174
vn -0.2616938054561615 0.2093341052532196 -0.9421759843826294
vn 0.03505924716591835 0.12807302176952362 -0.9911448359489441
vn 0.8428053259849548 0.4132499396800995 -0.3448241055011749
vn 0.5067880153656006 0.040660176426172256 -0.8611114025115967
vn -0.6203916668891907 0.09028945863246918 -0.7790776491165161
vn -0.4318127930164337 -0.1255229413509369 -0.8931862115859985
vn -0.7499354481697083 0.2975101172924042 -0.5908337235450745
vn -0.8148436546325684 0.1266430765390396 -0.5656777024269104
vn -0.037124983966350555 0.03639117628335953 -0.9986478090286255
vn -0.8081170320510864 0.4764203727245331 -0.3463674485683441
vn -0.8748374581336975 0.4801010489463806 -0.06451685726642609
vn -0.8805745840072632 0.3316282331943512 -0.33854272961616516
vn -0.08210562914609909 -0.1154371127486229 -0.9899156093597412
vn -0.2516750991344452 0.22783011198043823 -0.9406131505966187
vn -0.4766954183578491 0.05470573529601097 -0.8773647546768188
vn -0.45621928572654724 -0.3714941740036011 -0.8086135983467102
vn 0.14231322705745697 0.10020331293344498 -0.9847366213798523
vn 0.418113648891449 0.1326410472393036 -0.8986586928367615
vn 0.35294318199157715 0.3061349093914032 -0.8841451406478882
vn 0.784498929977417 0.338262140750885 -0.5197501182556152
vn 0.7284430265426636 0.48099780082702637 -0.48786455392837524
vn 0.5929372310638428 0.33591771125793457 -0.7318365573883057
vn -0.2622705399990082 0.12026958912611008 -0.9574702978134155
vn -0.5014213919639587 0.029128089547157288 -0.864712655544281
vn -0.2623863220214844 0.0157859455794096 -0.9648337364196777
vn -0.1351769119501114 0.008656536228954792 -0.99078369140625
vn -0.005682103801518679 0.0013807745417580009 -0.9999828934669495
vn -0.69217848777771 0.6033039689064026 -0.3961227536201477
vn -0.26270684599876404 0.08218402415513992 -0.9613692760467529
vn 0.5293759107589722 0.4824046194553375 -0.6978874206542969
vn 0.7666596174240112 0.012683112174272537 -0.641928493976593
vn 0.9672204852104187 -0.24421755969524384 0.06958813220262527
vn 0.7631556391716003 0.3818768560886383 -0.5213094353675842
vn -0.02411988563835621 0.10853388160467148 -0.9938001036643982
vn 0.4992813467979431 0.19944369792938232 -0.8431727886199951
vn 0.9333876967430115 -0.3539283275604248 0.05934721231460571
vn 0.21149806678295135 0.1890806257724762 -0.958914577960968
vn -0.07299639284610748 0.35407018661499023 -0.9323657155036926
vn -0.024262724444270134 0.1102457121014595 -0.9936082363128662
vn -0.6639901995658875 -0.27794063091278076 0.6941655874252319
vn -0.7275652289390564 -0.4292981028556824 0.5351187586784363
vn -0.7212711572647095 -0.4835774898529053 0.49590396881103516
vn -0.67818284034729 -0.38474375009536743 0.6261311769485474
vn -0.6147078275680542 -0.3412024676799774 0.711136519908905
vn -0.6218507885932922 -0.3941716253757477 0.6767054796218872
vn -0.6050801277160645 -0.2868540585041046 0.7426929473876953
vn -0.561726450920105 -0.11775288730859756 0.8189002275466919
vn -0.6408166885375977 -0.16412870585918427 0.7499438524246216
vn -0.5785357356071472 -0.1749029904603958 0.7966839075088501
vn -0.5426465272903442 -0.06012679636478424 0.8378063440322876
vn -0.5213730931282043 -0.0022576539777219296 0.8533258438110352
vn -0.6070889234542847 -0.04904844984412193 0.7931187748908997
vn -0.4979920983314514 0.05562061443924904 0.8653959631919861
vn 0.1163710504770279 -0.8597210645675659 -0.4973301887512207
vn 0.15334923565387726 -0.8480858206748962 -0.507182776927948
vn 0.6340528130531311 0.022294312715530396 -0.7729682922363281
vn 0.7512723803520203 0.030668674036860466 -0.6592793464660645
vn 0.6993277668952942 -0.013135564513504505 -0.7146804332733154
vn 0.7587003111839294 -0.047307539731264114 -0.6497198343276978
vn 0.6911858916282654 0.3534592390060425 -0.6303401589393616
vn 0.7362322211265564 0.2841825783252716 -0.6141679883003235
vn 0.8484061360359192 0.038223084062337875 -0.5279640555381775
vn 0.9228570461273193 0.04475557059049606 -0.38253334164619446
vn 0.8922653198242188 0.002021307358518243 -0.4515071511268616
vn 0.854964017868042 -0.04072815552353859 -0.5170857310295105
vn 0.9289358258247375 -0.028519311919808388 -0.3691406548023224
vn 0.8016489148139954 -0.23548007011413574 -0.5494617819786072
vn 0.7760587930679321 0.21289107203483582 -0.5936414003372192
vn -0.49730807542800903 0.20699089765548706 -0.8425197005271912
vn -0.44385772943496704 0.5128247737884521 -0.7348476052284241
vn 0.8112339973449707 -0.08317136764526367 -0.5787762403488159
vn -0.21519501507282257 0.8874337673187256 -0.4076179563999176
vn -0.6722574830055237 0.3581447899341583 -0.6479213833808899
vn 0.8499283194541931 0.5268887281417847 0.0032075003255158663
vn -0.6901689171791077 0.5229625105857849 -0.5001769065856934
vn -0.04601189121603966 0.36496883630752563 -0.9298819899559021
vn -0.7105984091758728 -0.20961563289165497 0.6716480851173401
vn -0.6991375684738159 -0.1523401439189911 0.6985692977905273
vn -0.7715533375740051 -0.2513538897037506 0.5844029188156128
vn -0.8181729912757874 -0.39748191833496094 0.4154529571533203
vn -0.8223024010658264 -0.3433091342449188 0.453825443983078
vn -0.8499599695205688 -0.42562371492385864 0.3105038106441498
vn 0.017447374761104584 0.0239474568516016 -0.9995609521865845
vn 0.3516218662261963 0.39154553413391113 -0.8503259420394897
vn 0.1560605764389038 0.386316180229187 -0.9090681076049805
vn -0.7213945984840393 0.00600198982283473 -0.6924983263015747
vn -0.7206741571426392 0.14359039068222046 -0.6782407164573669
vn -0.5328879952430725 0.22923478484153748 -0.8145439028739929
vn -0.5090579986572266 0.09131713211536407 -0.8558745980262756
vn -0.005361448507755995 0.3816785514354706 -0.9242795705795288
vn -0.015364854596555233 -0.009305004961788654 -0.999838650226593
vn -0.12472199648618698 -0.32949262857437134 -0.9358841776847839
vn -0.8519977927207947 -0.43316274881362915 -0.2940574288368225
vn -0.7901154160499573 -0.2903893291950226 -0.5398070216178894
vn -0.7766309976577759 -0.5459983348846436 -0.3142135441303253
vn -0.6866493821144104 -0.6485591530799866 -0.32845667004585266
vn 0.2855924963951111 0.10635225474834442 -0.9524316787719727
vn 0.27754345536231995 -0.02591521479189396 -0.9603634476661682
vn 0.0535837858915329 0.19278189539909363 -0.9797775149345398
vn -0.7512201070785522 -0.04141523316502571 0.6587512493133545
vn -0.7908304929733276 0.07019727677106857 0.6079962253570557
vn -0.8660233020782471 -0.04076444357633591 0.49833914637565613
vn -0.9486238956451416 -0.03254682198166847 0.3147273659706116
vn -0.9199218153953552 -0.13870039582252502 0.3667507469654083
vn -0.9632875323295593 0.07408840209245682 0.258046418428421
vn -0.9918248653411865 -0.049717143177986145 0.11752276122570038
vn -0.9953961968421936 -0.05296838656067848 -0.07987981289625168
vn -0.9847664833068848 -0.1717383861541748 -0.02721867524087429
vn -0.9891115427017212 0.06670168787240982 -0.13118359446525574
vn -0.9596671462059021 -0.06361502408981323 -0.27384716272354126
vn -0.8643715977668762 0.04916154593229294 -0.5004446506500244
vn -0.8822842836380005 -0.03749875724315643 -0.4692208468914032
vn -0.9064759016036987 -0.41007915139198303 -0.10067938268184662
vn -0.8992811441421509 -0.4239301383495331 0.10759460180997849
vn -0.93595290184021 -0.347697377204895 0.055666450411081314
vn -0.8776058554649353 -0.24280133843421936 0.4133465886116028
vn -0.9378340244293213 -0.2672998011112213 0.22140072286128998
vn 0.25504425168037415 0.036345452070236206 -0.9662460684776306
vn -0.8947126865386963 -0.20906853675842285 -0.3946891129016876
vn -0.9524549245834351 -0.23594553768634796 -0.19276757538318634
vn -0.9652239680290222 -0.26103338599205017 0.014295932836830616
vn 0.17920871078968048 0.25273406505584717 -0.9507942795753479
vn 0.41513770818710327 0.26556938886642456 -0.8701342940330505
vn 0.4044848084449768 0.393586665391922 -0.8255189061164856
vn 0.6269128322601318 0.24547824263572693 -0.7394057512283325
vn -0.3183329701423645 -0.07880725711584091 -0.9446975588798523
vn -0.08154162764549255 0.003708791919052601 -0.9966630935668945
vn -0.07981634140014648 0.12280187755823135 -0.9892164468765259
vn 0.17515842616558075 0.00896827969700098 -0.984499454498291
vn 0.17484129965305328 0.13201987743377686 -0.9757054448127747
vn -0.8893446326255798 -0.1989719718694687 -0.4116748869419098
vn -0.7446531057357788 -0.12357288599014282 -0.6559126973152161
vn -0.7501418590545654 -0.19679605960845947 -0.6313148736953735
vn -0.5602115988731384 -0.18131202459335327 -0.8082629442214966
vn -0.7465667724609375 -0.2714484930038452 -0.6074157357215881
vn -0.5597426295280457 -0.2546733021736145 -0.7885618805885315
vn -0.3326624035835266 -0.2304123491048813 -0.9144647717475891
vn -0.5560437440872192 -0.3265650272369385 -0.7643105387687683
vn 0.6290315389633179 0.30679699778556824 -0.714279294013977
vn 0.6132503747940063 0.3774707615375519 -0.6938586831092834
vn -0.7340013980865479 -0.3960403501987457 -0.5517192482948303
vn -0.7427954077720642 -0.3342260420322418 -0.5801277160644531
vn -0.8783993721008301 -0.3188728094100952 -0.3559982478618622
vn -0.16672678291797638 -0.8908661603927612 -0.42256322503089905
vn -0.1171240508556366 -0.8932497501373291 -0.4340354800224304
vn -0.706690788269043 0.04050874710083008 -0.7063618898391724
vn -0.8489040732383728 0.19748921692371368 -0.4902651011943817
vn -0.8144686818122864 0.3414041996002197 -0.46913111209869385
vn -0.7618348002433777 0.4776908755302429 -0.43751487135887146
vn -0.173513263463974 0.1165635958313942 -0.9779090881347656
vn -0.05328698828816414 0.20686796307563782 -0.9769166707992554
vn -0.6297946572303772 0.13950592279434204 -0.7641314268112183
vn -0.9238536357879639 0.13859061896800995 -0.35677316784858704
vn -0.9194007515907288 0.1679103523492813 -0.35568010807037354
vn -0.8489040732383728 0.19748921692371368 -0.4902651011943817
vn -0.9394134283065796 0.28026407957077026 -0.19736912846565247
vn -0.9826136827468872 0.18299859762191772 0.031335633248090744
vn -0.9392811059951782 0.27787965536117554 0.20132988691329956
vn -0.6533012986183167 0.180607870221138 0.7352402806282043
vn -0.48314812779426575 0.20634962618350983 0.8508747220039368
vn -0.7715792059898376 0.29535767436027527 0.5634087324142456
vn -0.6275292634963989 0.33077701926231384 0.704835832118988
vn -0.45711901783943176 0.35230156779289246 0.8166553378105164
vn -0.7265956401824951 0.448789119720459 0.5202376842498779
vn 0.17491112649440765 0.1581735461950302 -0.9717958569526672
vn -0.43189477920532227 0.2164226919412613 -0.8755729794502258
vn -0.32955649495124817 0.14560511708259583 -0.9328407049179077
vn 0.6333682537078857 0.13957586884498596 -0.7611591815948486
vn -0.7486427426338196 0.11015482991933823 -0.6537583470344543
vn -0.7014341950416565 0.7036985158920288 -0.113130122423172
vn -0.7475413084030151 0.6638362407684326 0.02243877947330475
vn -0.6473857164382935 0.7405845522880554 0.18007245659828186
vn -0.817219614982605 0.5600234270095825 -0.13610972464084625
vn -0.7723525166511536 0.6146251559257507 0.1603354960680008
vn -0.69217848777771 0.6033039689064026 -0.3961227536201477
vn -0.762859046459198 0.5879528522491455 -0.2689935564994812
vn -0.7618348002433777 0.4776908755302429 -0.43751487135887146
vn -0.5349110960960388 0.7106332182884216 0.45702359080314636
vn -0.5344104766845703 0.6135107278823853 0.581386387348175
vn -0.3741608262062073 0.6165475249290466 0.6927285194396973
vn -0.42050740122795105 0.4900975227355957 0.7635299563407898
vn -0.674306333065033 0.5871075391769409 0.44790133833885193
vn -0.6689229011535645 0.6719595789909363 0.31782445311546326
vn -0.6613841652870178 -0.1230471059679985 -0.7398855090141296
vn -0.4913494884967804 -0.021288203075528145 -0.8707022666931152
vn -0.20118096470832825 0.19440536201000214 -0.9600691795349121
vn -0.6205973625183105 -0.5148118734359741 -0.5914623141288757
vn -0.30117616057395935 0.23045961558818817 -0.9253007173538208
vn 0.9219569563865662 -0.02850155159831047 -0.38624197244644165
vn 0.9160957932472229 -0.10160530358552933 -0.3878721594810486
vn 0.9124029278755188 -0.1742180734872818 -0.3703630566596985
vn 0.9053049087524414 -0.17416229844093323 -0.38741517066955566
vn 0.9049242734909058 0.38314497470855713 -0.18523478507995605
vn 0.8330972194671631 0.21119636297225952 -0.5112192034721375
vn 0.7231711745262146 0.22414137423038483 -0.6532872319221497
vn 0.9087613224983215 0.20540006458759308 -0.36326807737350464
vn -0.8858224749565125 -0.25949376821517944 -0.3846835792064667
vn -0.8851906061172485 -0.28269729018211365 -0.36948588490486145
vn -0.8858224749565125 -0.25949376821517944 -0.3846835792064667
vn -0.8671078085899353 -0.3768475353717804 -0.3257450461387634
vn -0.8671078085899353 -0.3768475353717804 -0.3257450461387634
vn 0.3337470293045044 -0.28906354308128357 -0.8972486853599548
vn 0.3428191840648651 -0.3484156131744385 -0.8723999261856079
vn 0.6244593858718872 -0.404234915971756 -0.6683146953582764
vn 0.5781785845756531 -0.38966912031173706 -0.7168455123901367
vn 0.5990661978721619 -0.17974889278411865 -0.7802628874778748
vn 0.705483078956604 -0.32271769642829895 -0.6309888362884521
vn 0.31934064626693726 0.5070352554321289 -0.8005852699279785
vn 0.4137105345726013 0.502347469329834 -0.7592697739601135
vn 0.5867456793785095 0.48402106761932373 -0.6491942405700684
vn 0.6412389278411865 0.42022985219955444 -0.6420431733131409
vn 0.5325126647949219 0.3804387152194977 -0.7561061978340149
vn 0.39771121740341187 0.046505410224199295 -0.9163312911987305
vn 0.8103830814361572 0.1400901973247528 -0.5689058899879456
vn -0.14220011234283447 0.08291574567556381 -0.9863590598106384
vn -0.2384563833475113 0.07420521974563599 -0.968313992023468
vn -0.028677068650722504 0.14092989265918732 -0.9896041750907898
vn -0.21862812340259552 0.2262420952320099 -0.94921875
vn -0.4556141495704651 0.15023763477802277 -0.8774078488349915
vn -0.6152025461196899 0.16595560312271118 -0.7707039713859558
vn -0.9373756647109985 0.10782486945390701 -0.33121100068092346
vn 0.5643725395202637 0.4108024537563324 -0.7160481810569763
vn 0.4792727530002594 0.6560488343238831 -0.5830073356628418
vn 0.05318775027990341 0.28044766187667847 -0.9583945870399475
vn 0.23173995316028595 0.3683817982673645 -0.9003285765647888
vn 0.07945007085800171 0.5207312703132629 -0.8500156402587891
vn -0.39175212383270264 -0.12565968930721283 -0.9114493727684021
vn -0.9140093922615051 0.24244028329849243 -0.3252837359905243
vn -0.8476569652557373 0.4056859016418457 -0.34190160036087036
vn -0.649649441242218 0.0005837175413034856 -0.7602336406707764
vn -0.4644034504890442 0.3647914230823517 -0.8070046901702881
vn -0.5309380888938904 0.2660094201564789 -0.8045766949653625
vn -0.3703470528125763 0.09414917975664139 -0.9241098165512085
vn -0.28196200728416443 0.08628209680318832 -0.9555380344390869
vn -0.12704811990261078 -0.1396053433418274 -0.9820230603218079
vn -0.1393730789422989 0.14106132090091705 -0.980141282081604
vn -0.5930064916610718 -0.23134611546993256 0.7712472081184387
vn 0.7175084352493286 0.061992838978767395 -0.6937857270240784
vn -0.583746075630188 -0.7389151453971863 -0.336518794298172
vn 0.5280923843383789 0.5443806052207947 -0.6517424583435059
vn -0.8259021639823914 -0.5243929624557495 -0.20711784064769745
vn -0.8756958246231079 -0.373290479183197 -0.3062857687473297
vn 0.5218193531036377 -0.8529886603355408 0.010717840865254402
vn 0.6691287159919739 -0.7037099003791809 0.23887045681476593
vn 0.29904043674468994 0.35541999340057373 -0.8855797052383423
vn -0.566541314125061 -0.25069543719291687 -0.78497314453125
vn 0.4677485227584839 0.5822135210037231 -0.6650103330612183
vn -0.6092059016227722 0.035115256905555725 -0.7922342419624329
vn -0.3851597309112549 0.02264847233891487 -0.9225720167160034
vn -0.7044280171394348 0.3350260853767395 -0.6257304549217224
vn -0.7660439014434814 0.3780495822429657 -0.5198608636856079
vn 0.19008207321166992 -0.8350936770439148 -0.5162239074707031
vn 0.239967942237854 -0.6338674426078796 -0.7352737188339233
vn -0.2902223765850067 -0.23619645833969116 -0.927352249622345
vn 0.17252673208713531 -0.5848562121391296 -0.7925766110420227
vn -0.7397565841674805 0.5738535523414612 -0.35135748982429504
vn -0.6046841144561768 0.36284980177879333 -0.7090113759040833
vn -0.6337246298789978 0.23455044627189636 -0.7371425032615662
vn 0.17097409069538116 0.38562414050102234 -0.9066763520240784
vn -0.9367110133171082 0.15678812563419342 -0.31303346157073975
vn 0.2808799147605896 0.09181272238492966 -0.9553412199020386
vn 0.8118672966957092 0.5644602179527283 -0.14918513596057892
vn 0.6231988072395325 0.7335173487663269 -0.27124810218811035
vn 0.01818087324500084 0.2814180254936218 -0.9594130516052246
vn 0.006313344929367304 0.14284656941890717 -0.9897247552871704
vn -0.42962080240249634 0.4188455641269684 -0.7999964952468872
vn -0.8461214900016785 0.3933655917644501 0.35964134335517883
vn -0.8727028369903564 0.4690763056278229 0.13548831641674042
vn -0.7885205745697021 0.5383436679840088 0.2973574697971344
vn -0.5833549499511719 0.484352707862854 0.6519964933395386
vn -0.8875141143798828 0.18899929523468018 0.4202357530593872
vn -0.9236473441123962 0.38194364309310913 -0.03154104948043823
vn -0.8874021172523499 0.4262886941432953 -0.17548620700836182
vn -0.8540971875190735 0.5201132893562317 -0.0003140635380987078
vn -0.8873399496078491 0.3145200312137604 -0.3372018337249756
vn -0.8144686818122864 0.3414041996002197 -0.46913111209869385
vn -0.8325271010398865 0.45993033051490784 -0.3088085949420929
vn 0.0726623684167862 -0.20040103793144226 -0.9770157337188721
vn 0.038586217910051346 -0.06360252946615219 -0.9972290396690369
vn 0.3114205300807953 -0.14902132749557495 -0.938514769077301
vn -0.20268157124519348 -0.09748133271932602 -0.974380612373352
vn -0.4299890100955963 0.10247109085321426 -0.8970000743865967
vn -0.17898543179035187 -0.2414582073688507 -0.9537620544433594
vn -0.19271576404571533 0.13725224137306213 -0.9716081619262695
vn -0.884641170501709 -0.07557008415460587 -0.4601077735424042
vn -0.5357182621955872 -0.037512823939323425 -0.8435630798339844
vn -0.31972736120224 0.16627174615859985 -0.9328066110610962
vn -0.41593724489212036 0.12134204059839249 -0.9012614488601685
vn -0.8030114769935608 0.1396506130695343 -0.5793704390525818
vn -0.970648467540741 0.17463180422782898 -0.1653643101453781
vn -0.9567201137542725 0.1769896298646927 0.2310006320476532
vn -0.4919959306716919 0.1313658207654953 0.8606294393539429
vn -0.7864378690719604 0.1840018630027771 0.5896259546279907
vn -0.4714999198913574 0.28013741970062256 0.8361881971359253
vn -0.7516689896583557 0.3733556568622589 0.5436904430389404
vn -0.3984888792037964 0.5549306869506836 0.7302454710006714
vn 0.8061075210571289 -0.5161367654800415 -0.2894710898399353
vn 0.8279715180397034 -0.4517194330692291 -0.33228403329849243
vn 0.7803447246551514 -0.5153002738952637 -0.35429883003234863
vn -0.07993846386671066 0.14822395145893097 -0.9857177138328552
vn 0.8143962621688843 -0.4512019455432892 -0.3649320602416992
vn 0.8403117060661316 -0.45182448625564575 -0.2995510995388031
vn 0.7434447407722473 0.5881893038749695 -0.31831300258636475
vn 0.896159827709198 0.23717528581619263 -0.3750274181365967
vn 0.8457333445549011 0.5333970785140991 0.014919678680598736
vn 0.4177580773830414 0.15064823627471924 -0.8959817290306091
vn -0.5571825504302979 0.12932060658931732 -0.820258378982544
vn -0.8590404987335205 0.1236712783575058 -0.4967442452907562
vn -0.8590404987335205 0.1236712783575058 -0.4967442452907562
vn -0.7626302242279053 0.6346097588539124 -0.1251620650291443
vn -0.7127143144607544 0.6803207397460938 0.17088617384433746
vn -0.7290457487106323 0.54201340675354 -0.4179878830909729
vn -0.7290457487106323 0.54201340675354 -0.4179878830909729
vn -0.6072540283203125 0.6517093181610107 0.4544420838356018
vn -0.433729350566864 -0.011601581238210201 -0.9009685516357422
vn -0.31250113248825073 0.30085521936416626 -0.90101557970047
vn -0.1817495971918106 0.2672501802444458 -0.9463320374488831
vn -0.6435562372207642 0.1184479370713234 -0.7561782598495483
vn -0.7972175478935242 0.2545088529586792 -0.5474206209182739
vn -0.07604412734508514 0.2308051437139511 -0.9700238108634949
vn -0.425290048122406 0.2236931473016739 -0.8769775629043579
vn -0.38253799080848694 0.08740445226430893 -0.9197962284088135
vn -0.26118215918540955 0.07330083101987839 -0.9625024199485779
vn -0.20688340067863464 0.6149412393569946 -0.7609512209892273
vn -0.06818082928657532 -0.8909264802932739 -0.4490002691745758
vn -0.22747676074504852 -0.49303796887397766 -0.8397428393363953
vn -0.13404008746147156 0.08741199970245361 -0.9871131181716919
vn -0.18993109464645386 0.22196133434772491 -0.9563782811164856
vn -0.3028889000415802 0.2134571373462677 -0.9288134574890137
vn 0.0786702036857605 0.09905058145523071 -0.9919677376747131
vn 0.8317158222198486 0.200010746717453 0.5179232358932495
vn 0.9743819832801819 -0.09921564906835556 -0.2018316239118576
vn 0.9101865887641907 0.3902222812175751 -0.13887739181518555
vn -0.5693944096565247 0.7942197918891907 -0.21214339137077332
vn -0.4409399628639221 0.8932464718818665 -0.08765141665935516
vn -0.6658766865730286 0.7448277473449707 -0.04289315640926361
vn -0.1252363622188568 0.9873050451278687 -0.09769686311483383
vn -0.4008517563343048 0.9158763885498047 0.022099660709500313
vn -0.14152629673480988 0.9783320426940918 -0.15111806988716125
vn -0.1573633998632431 0.966228723526001 -0.20405574142932892
vn 0.02830631285905838 -0.0032977459486573935 -0.9995938539505005
vn 0.7044780850410461 -0.3139520585536957 -0.6365098357200623
vn 0.09916551411151886 -0.7208480834960938 -0.6859622597694397
vn -0.6873398423194885 0.38859814405441284 -0.6136411428451538
vn -0.30451011657714844 0.1783202588558197 -0.9356684684753418
vn -0.607032299041748 -0.012501740828156471 -0.7945787906646729
vn 0.747331440448761 -0.3434318006038666 -0.5688148736953735
vn -0.20980770885944366 0.9450529217720032 0.25071048736572266
vn -0.20980770885944366 0.9450529217720032 0.25071048736572266
vn -0.20980770885944366 0.9450529217720032 0.25071048736572266
vn 0.20980772376060486 -0.9450528621673584 -0.25071054697036743
vn 0.20980772376060486 -0.9450528621673584 -0.25071054697036743
vn 0.20980772376060486 -0.9450528621673584 -0.25071054697036743
vn -0.3237650692462921 -0.5248258113861084 -0.7872318625450134
vn -0.48095273971557617 -0.6770077347755432 -0.557086169719696
vn -0.5679418444633484 -0.08758804947137833 -0.8183950185775757
vn 0.5131564736366272 0.8315672874450684 -0.2125234156847
vn 0.49873849749565125 0.8004335165023804 -0.33251485228538513
vn 0.47628700733184814 0.8177587389945984 -0.32314297556877136
vn 0.43285101652145386 0.7926758527755737 -0.42930740118026733
vn 0.4765525162220001 0.7568328976631165 -0.44732728600502014
vn 0.45522835850715637 0.7748600840568542 -0.4385874569416046
vn 0.40543675422668457 0.7385947704315186 -0.538608193397522
vn -0.18370218575000763 -0.5227991938591003 -0.832426905632019
vn -0.015344281680881977 -0.07958516478538513 -0.996709942817688
vn 0.06572958081960678 -0.6758503317832947 -0.7341021299362183
vn -0.4509435296058655 -0.05137660354375839 -0.8910725712776184
vn -0.4509435296058655 -0.05137660354375839 -0.8910725712776184
vn -0.4509435296058655 -0.05137660354375839 -0.8910725712776184
vn -0.64374178647995 0.7651304006576538 -0.013111352920532227
vn -0.6211138963699341 0.7813988924026489 -0.060276638716459274
vn -0.6620861291885376 0.7397715449333191 -0.11991674453020096
vn 0.24994824826717377 0.026465347036719322 -0.9678974151611328
vn 0.24994824826717377 0.026465347036719322 -0.9678974151611328
vn 0.24994824826717377 0.026465347036719322 -0.9678974151611328
vn 0.9743819832801819 -0.09921564906835556 -0.2018316239118576
vn 0.8985517024993896 0.05303102731704712 -0.43565183877944946
vn 0.7208976149559021 0.32012420892715454 -0.6146764159202576
vn 0.09421221911907196 0.7087851762771606 -0.6991048455238342
vn 0.19089707732200623 0.745164692401886 -0.6389740705490112
vn 0.10347648710012436 0.8554770946502686 -0.507396936416626
vn 0.07945007085800171 0.5207312703132629 -0.8500156402587891
vn 0.7978759407997131 -0.34591224789619446 -0.4936990439891815
vn -0.2798183262348175 -0.37457358837127686 -0.8839662671089172
vn 0.40406471490859985 -0.16634543240070343 -0.8994781374931335
vn -0.2893149256706238 -0.2972223162651062 -0.9099207520484924
vn 0.805962860584259 -0.5695165395736694 0.16147688031196594
vn 0.38828039169311523 -0.5014951229095459 0.773137092590332
vn 0.6404827237129211 -0.3200678527355194 -0.6980962753295898
vn 0.7511102557182312 -0.6364617943763733 -0.1753559410572052
vn -0.6774615049362183 0.7112842798233032 -0.1874047964811325
vn -0.6722291707992554 0.7052490711212158 -0.225236713886261
vn -0.6740453839302063 0.6619908213615417 -0.3277667164802551
vn 0.7511102557182312 -0.6364617943763733 -0.1753559410572052
vn 0.38828039169311523 -0.5014951229095459 0.773137092590332
vn 0.1965051144361496 -0.7954641580581665 0.5732560753822327
vn 0.27740198373794556 -0.44315844774246216 0.8524428009986877
vn -0.37636980414390564 -0.517060399055481 0.7687615752220154
vn -0.4176522493362427 -0.5640280246734619 0.7123475074768066
vn 0.2448517233133316 -0.5887197256088257 0.7703614234924316
vn 0.23000851273536682 -0.49098578095436096 0.8402553200721741
vn -0.6548739075660706 0.729823887348175 -0.19620710611343384
vn 0.49188411235809326 -0.22737888991832733 -0.8404456377029419
vn -0.2865077257156372 -0.2874375879764557 -0.9139436483383179
vn -0.028944335877895355 0.0052614472806453705 -0.9995671510696411
vn -0.5302636027336121 0.8439916372299194 0.08061415702104568
vn -0.8295970559120178 0.365020751953125 0.42252644896507263
vn -0.4726457893848419 0.7557101845741272 0.4533299505710602
vn -0.9559652805328369 0.28481051325798035 -0.0708051323890686
vn -0.29188790917396545 -0.9523192048072815 -0.08882352709770203
vn -0.29188790917396545 -0.9523192048072815 -0.08882352709770203
vn -0.29188790917396545 -0.9523192048072815 -0.08882352709770203
vn -0.7070915699005127 0.5572655200958252 -0.435289204120636
vn -0.884128749370575 -0.24731218814849854 -0.3964252769947052
vn -0.5608074069023132 -0.002442219527438283 -0.8279426693916321
vn -0.6949627995491028 -0.6574097871780396 0.2912714183330536
vn 0.05424897000193596 -0.607248067855835 0.7926580905914307
vn -0.9190289378166199 -0.3426578938961029 -0.19486254453659058
vn -0.4176522493362427 -0.5640280246734619 0.7123475074768066
vn -0.28979891538619995 -0.29272061586380005 -0.9112251400947571
vn -0.21519501507282257 0.8874337673187256 -0.4076179563999176
vn -0.334543913602829 0.9079164266586304 -0.252523273229599
vn -0.5990565419197083 0.7620590925216675 0.24575850367546082
vn -0.1874779909849167 0.9327957630157471 -0.30780503153800964
vn -0.30475497245788574 0.17238211631774902 -0.9367009997367859
vn -0.6949627995491028 -0.6574097871780396 0.2912714183330536
vn -0.884128749370575 -0.24731218814849854 -0.3964252769947052
vn 0.805962860584259 -0.5695165395736694 0.16147688031196594
vn -0.6161530017852783 0.7559804320335388 -0.22101807594299316
vn -0.5813596844673157 0.8091201186180115 -0.08570623397827148
vn -0.9522929787635803 0.2958866357803345 -0.07476083189249039
vn -0.2865077257156372 -0.2874375879764557 -0.9139436483383179
vn 0.05424897000193596 -0.607248067855835 0.7926580905914307
vn -0.9265540242195129 -0.37089085578918457 0.06275065988302231
vn -0.9051969647407532 -0.12774085998535156 0.4053402841091156
vn -0.6174235343933105 0.7810115814208984 0.09385644644498825
vn -0.15366126596927643 -0.04706951603293419 -0.9870018362998962
vn -0.15366126596927643 -0.04706951603293419 -0.9870018362998962
vn -0.15366126596927643 -0.04706951603293419 -0.9870018362998962
vn -0.8490052819252014 -0.18449167907238007 -0.49512913823127747
vn -0.513144850730896 0.8315665125846863 0.21255460381507874
vn -0.5672388076782227 0.8090770244598389 0.15373528003692627
vn 0.5982797145843506 0.7620448470115662 -0.24768733978271484
vn -0.37636980414390564 -0.517060399055481 0.7687615752220154
vn -0.1726970076560974 0.951033890247345 -0.25634053349494934
vn 0.1962282657623291 0.9583831429481506 -0.2073550671339035
vn 0.10670224577188492 0.9522464871406555 -0.28607916831970215
vn 0.10370127111673355 0.9934463500976562 -0.04806692153215408
vn 0.9101865887641907 0.3902222812175751 -0.13887739181518555
vn 0.7264789342880249 0.30918124318122864 -0.6137062311172485
vn 0.6284363865852356 0.7716596126556396 0.09802639484405518
vn 0.30448079109191895 0.5719186663627625 -0.7617089152336121
vn 0.18865656852722168 0.401287317276001 -0.8963131308555603
vn 0.015337524935603142 0.9956201910972595 0.0922238826751709
vn -0.24531497061252594 0.6359761357307434 -0.7316794991493225
vn 0.42071375250816345 0.6617655754089355 -0.6205371022224426
vn 0.32875749468803406 0.710221529006958 -0.622498095035553
vn -0.23927684128284454 0.9699327945709229 0.04446340724825859
vn -0.3813760280609131 0.9211267232894897 0.07796177268028259
vn -0.09150770306587219 0.9957550168037415 0.009911426343023777
vn 0.28643712401390076 0.3898977041244507 0.8751763105392456
vn 0.7792457938194275 -0.48776495456695557 0.3935242295265198
vn -0.37571650743484497 0.1782282590866089 0.9094348549842834
vn 0.5214034914970398 0.7285422086715698 -0.44425728917121887
vn 0.5411288738250732 0.7646855115890503 -0.3499080538749695
vn -0.9051969647407532 -0.12774085998535156 0.4053402841091156
vn 0.6284363865852356 0.7716596126556396 0.09802639484405518
vn 0.015337524935603142 0.9956201910972595 0.0922238826751709
vn 0.4510161578655243 0.713066816329956 -0.5367683172225952
vn 0.2818552255630493 0.8896201252937317 -0.3593519330024719
vn 0.4737711548805237 0.6991568803787231 -0.5354629755020142
vn 0.35757118463516235 0.7895748615264893 -0.4987127184867859
vn 0.49188411235809326 -0.22737888991832733 -0.8404456377029419
vn 0.4201582074165344 0.7670298218727112 -0.4849044978618622
vn 0.38344746828079224 0.7566646337509155 -0.5295531153678894
vn -0.4726457893848419 0.7557101845741272 0.4533299505710602
vn -0.5735174417495728 0.8155667781829834 0.07699660211801529
vn -0.5538063645362854 0.8301680684089661 0.0641837790608406
vn -0.6395473480224609 0.7618785500526428 0.10256825387477875
vn -0.8295970559120178 0.365020751953125 0.42252644896507263
vn 0.46121078729629517 0.7867380976676941 -0.41027748584747314
vn 0.23000851273536682 -0.49098578095436096 0.8402553200721741
vn 0.805962860584259 -0.5695165395736694 0.16147688031196594
vn -0.4176522493362427 -0.5640280246734619 0.7123475074768066
vn 0.39466577768325806 0.7476039528846741 -0.5341603755950928
vn 0.7792457938194275 -0.48776495456695557 0.3935242295265198
vn 0.5630654096603394 0.7495852112770081 -0.3479645550251007
vn 0.4986335039138794 0.7918038964271545 -0.35271963477134705
vn -0.9295239448547363 -0.3677186369895935 -0.02771657519042492
vn -0.9847490787506104 0.025751708075404167 0.17206408083438873
vn 0.4694313406944275 0.844851553440094 -0.2566320300102234
vn 0.3295331299304962 0.9077714681625366 -0.25953590869903564
vn 0.29188793897628784 0.9523192048072815 0.08882350474596024
vn 0.29188793897628784 0.9523192048072815 0.08882350474596024
vn 0.29188793897628784 0.9523192048072815 0.08882350474596024
vn -0.9351013898849487 -0.33770108222961426 -0.10744023323059082
vn -0.462392657995224 -0.7289808392524719 -0.5047573447227478
vn 0.2939852476119995 0.9429448246955872 -0.15629366040229797
vn -0.5948588848114014 0.7105220556259155 -0.3759006857872009
vn -0.6470090746879578 0.7110847234725952 -0.27520477771759033
vn -0.7690487504005432 0.011705712415277958 -0.6390829086303711
vn -0.7690487504005432 0.011705712415277958 -0.6390829086303711
vn -0.7690487504005432 0.011705712415277958 -0.6390829086303711
vn -0.5951526761054993 0.7689209580421448 -0.23356764018535614
vn 0.6144024133682251 0.3899867832660675 -0.6858716607093811
vn 0.7158362865447998 -0.14705505967140198 -0.6826077103614807
vn 0.7737696170806885 0.1678999662399292 -0.6108110547065735
vn 0.15334923565387726 -0.8480858206748962 -0.507182776927948
vn 0.13488709926605225 -0.8540743589401245 -0.502357006072998
vn 0.1163710504770279 -0.8597210645675659 -0.4973301887512207
vn 0.07920670509338379 -0.8699809908866882 -0.4866820275783539
vn 0.11276713758707047 -0.9935122728347778 0.014729492366313934
vn 0.4827989935874939 -0.8644238710403442 0.14027269184589386
vn 0.7642443180084229 -0.5713258385658264 0.2991945147514343
vn 0.10944129526615143 -0.9929580688476562 -0.04535340517759323
vn 0.15334919095039368 -0.848085880279541 -0.5071827173233032
vn 0.1900818943977356 -0.8350937366485596 -0.5162239074707031
vn 0.19008196890354156 -0.8350938558578491 -0.5162239074707031
vn -0.29964926838874817 0.6950249671936035 -0.6535676121711731
vn -0.3527577221393585 -0.16777755320072174 -0.9205501675605774
vn -0.3837326467037201 -0.1725246161222458 -0.9071849584579468
vn -0.3210362195968628 -0.16391035914421082 -0.9327750205993652
vn -0.11712396144866943 -0.8932493925094604 -0.4340363144874573
vn -0.2609744668006897 0.7002049684524536 -0.6645338535308838
vn -0.34785449504852295 0.29765573143959045 -0.8890435099601746
vn 0.15334919095039368 -0.848085880279541 -0.5071827173233032
vn -0.25646013021469116 -0.1696663200855255 -0.951546847820282
vn -0.31798943877220154 -0.18736474215984344 -0.9293960928916931
vn -0.4545215368270874 0.6488392949104309 -0.6102603673934937
vn -0.5426465272903442 -0.06012679636478424 0.8378063440322876
vn -0.5150901675224304 -0.0005701304180547595 0.8571358919143677
vn -0.5213730931282043 -0.0022576539777219296 0.8533258438110352
vn -0.18240292370319366 0.7071073651313782 -0.6831752061843872
vn -0.25566738843917847 -0.1588854044675827 -0.9536191821098328
vn -0.2886454463005066 -0.1609411984682083 -0.9438123106956482
vn -0.4979920983314514 0.05562061443924904 0.8653959631919861
vn 0.6532379388809204 -0.7070949673652649 -0.270734041929245
vn -0.41312098503112793 0.4118026793003082 0.8122497200965881
vn -0.40543627738952637 0.4894874393939972 0.772025465965271
vn -0.42722034454345703 0.35096827149391174 0.8332491517066956
vn -0.3972284495830536 0.4708496630191803 0.7877246141433716
vn -0.6094145774841309 -0.3398348093032837 0.7163281440734863
vn -0.5724231600761414 -0.27755501866340637 0.7715535163879395
vn -0.5941281318664551 -0.2839086055755615 0.7526006102561951
vn -0.4390029013156891 0.20423273742198944 0.8749659061431885
vn -0.6218507885932922 -0.3941716253757477 0.6767054796218872
vn -0.8028111457824707 -0.4702984392642975 0.3664882481098175
vn -0.8159030079841614 -0.4596610367298126 0.35073351860046387
vn -0.5814951062202454 -0.3828674554824829 0.7178272604942322
vn -0.6050801277160645 -0.2868540585041046 0.7426929473876953
vn 0.5808018445968628 -0.4461711049079895 -0.6808822154998779
vn -0.934425413608551 -0.3389531075954437 0.10936200618743896
vn -0.9804877042770386 -0.19627024233341217 0.01103710662573576
vn -0.9188120365142822 -0.3434373140335083 0.19451302289962769
vn -0.8028111457824707 -0.4702984392642975 0.3664882481098175
vn -0.8854531645774841 -0.46232500672340393 0.04720618203282356
vn -0.971954345703125 -0.17347931861877441 -0.1587756723165512
vn -0.9654180407524109 -0.25950315594673157 -0.025023790076375008
vn -0.8496763110160828 -0.4600893259048462 0.2576198875904083
vn -0.893669068813324 -0.44861119985580444 -0.010172073729336262
vn -0.8726435303688049 -0.4636668562889099 0.15331804752349854
vn -0.3485303819179535 0.6815324425697327 -0.6434594392776489
vn 0.07763701677322388 0.6535932421684265 -0.752853512763977
vn -0.153360053896904 0.7350868582725525 -0.6603999137878418
vn -0.8277093768119812 -0.46601903438568115 0.3126075863838196
vn -0.8854531645774841 -0.46232500672340393 0.04720618203282356
vn -0.8558557033538818 -0.4727879762649536 0.2097199708223343
vn -0.8558557033538818 -0.4727879762649536 0.2097199708223343
vn 0.5574651956558228 0.6657024621963501 -0.4960572123527527
vn 0.5691399574279785 0.6443339586257935 -0.5107967257499695
vn 0.6424028873443604 0.649766743183136 -0.40635156631469727
vn 0.8330113887786865 -0.19188526272773743 -0.5189142227172852
vn 0.7785745859146118 -0.17037847638130188 -0.6039808988571167
vn -0.7069552540779114 0.5770047307014465 -0.4089985489845276
vn -0.453090101480484 0.6910207271575928 -0.5632049441337585
vn -0.3738445043563843 0.766191303730011 -0.5226767659187317
vn -0.7224997878074646 0.6881129145622253 -0.06704284250736237
vn -0.7054835557937622 0.7065674662590027 0.05527377501130104
vn -0.6948246359825134 0.7107057571411133 0.11007347702980042
vn -0.22187092900276184 0.7042346596717834 -0.674408495426178
vn -0.876840353012085 0.4807804226875305 -0.0011032933834940195
vn -0.9971184134483337 0.07047369331121445 -0.02807573787868023
vn -0.8391366600990295 0.5252237319946289 -0.14138486981391907
vn -0.8943103551864624 0.4252428114414215 0.139203742146492
vn -0.10544366389513016 0.7001328468322754 -0.7061837911605835
vn -0.06667551398277283 0.6949349641799927 -0.7159748673439026
vn -0.1555815488100052 -0.16786809265613556 -0.973455011844635
vn -0.1222500205039978 -0.1726265251636505 -0.9773714542388916
vn -0.14404040575027466 0.7041926383972168 -0.6952447891235352
vn -0.22238034009933472 -0.16098101437091827 -0.9615780115127563
vn 0.5218193531036377 -0.8529886603355408 0.010717840865254402
vn 0.20332685112953186 -0.9788897633552551 0.020809266716241837
vn 0.7701411843299866 -0.5147902369499207 0.3766610324382782
vn -0.7820693254470825 0.5575470924377441 -0.2784039080142975
vn -0.9090326428413391 0.3453952670097351 -0.23315586149692535
vn -0.7069552540779114 0.5770047307014465 -0.4089985489845276
vn -0.7265878319740295 0.6430556178092957 -0.24197044968605042
vn -0.41720709204673767 0.3309507369995117 0.8464099764823914
vn -0.5939819812774658 0.1995542198419571 0.7793353796005249
vn -0.4898096024990082 0.40142273902893066 0.7739162445068359
vn -0.36034727096557617 0.5825649499893188 0.7285382151603699
vn -0.5781600475311279 0.33852216601371765 0.7423837184906006
vn -0.2046157270669937 0.7322653532028198 -0.6495535969734192
vn 0.4056651294231415 0.5807363986968994 -0.7058194279670715
vn 0.059808969497680664 0.7637321949005127 -0.6427565217018127
vn -0.6866493821144104 -0.6485591530799866 -0.32845667004585266
vn -0.7333672642707825 -0.5986886620521545 -0.3220938444137573
vn -0.7766309976577759 -0.5459983348846436 -0.3142135441303253
vn -0.8519977927207947 -0.43316274881362915 -0.2940574288368225
vn 0.3199898302555084 0.7410070896148682 -0.5903516411781311
vn 0.5574651956558228 0.6657024621963501 -0.4960572123527527
vn 0.4191412925720215 -0.6563328504562378 -0.6273337602615356
vn 0.5045302510261536 -0.5547990798950195 -0.6615490913391113
vn 0.5806264281272888 -0.4445120096206665 -0.6821158528327942
vn 0.580448567867279 -0.4428510367870331 -0.6833464503288269
vn -0.433235764503479 0.19379174709320068 0.880199670791626
vn -0.4290997385978699 0.26817721128463745 0.8625279664993286
vn -0.44050827622413635 0.052716031670570374 0.8961994647979736
vn -0.7069552540779114 0.5770047307014465 -0.4089985489845276
vn -0.7245767712593079 0.6723045706748962 -0.15164127945899963
vn -0.727088212966919 0.6635649800300598 -0.17613668739795685
vn -0.6581166982650757 0.26909339427948 0.703186571598053
vn -0.8391315340995789 0.1821451485157013 0.5125246644020081
vn -0.71254563331604 0.3346640169620514 0.6166674494743347
vn -0.5210875272750854 0.12707214057445526 0.8439909219741821
vn -0.7887739539146423 0.11436837166547775 0.6039499640464783
vn -0.741399884223938 0.6661927700042725 0.0807056576013565
vn -0.6975244879722595 0.692704439163208 0.18335795402526855
vn -0.7020525932312012 0.7089028358459473 0.06766725331544876
vn -0.7179608941078186 0.6239030957221985 0.3086698353290558
vn -0.6444658637046814 0.7100964188575745 0.2835962772369385
vn -0.8552629351615906 0.2971908748149872 0.424502968788147
vn 0.41915369033813477 -0.6577889919281006 -0.6257985830307007
vn 0.5808018445968628 -0.4461711049079895 -0.6808822154998779
vn 0.5808018445968628 -0.4461711049079895 -0.6808822154998779
vn 0.49705877900123596 0.6065310835838318 -0.6205260753631592
vn 0.5803537368774414 0.6224434971809387 -0.5251224040985107
vn -0.5687025785446167 0.744774580001831 -0.34912505745887756
vn -0.7245767712593079 0.6723045706748962 -0.15164127945899963
vn 0.1156846284866333 -0.9904686808586121 0.07475905120372772
vn 0.7192054986953735 0.6933688521385193 0.04453088715672493
vn 0.7261922359466553 0.687262237071991 0.0177603792399168
vn 0.6829645037651062 0.7190962433815002 -0.12829722464084625
vn -0.46809592843055725 0.20570692420005798 0.8594014048576355
vn -0.44897645711898804 0.27915728092193604 0.8488176465034485
vn -0.45711901783943176 0.35230156779289246 0.8166553378105164
vn 0.6231988072395325 0.7335173487663269 -0.27124810218811035
vn 0.6383441686630249 0.7204535603523254 -0.27104100584983826
vn 0.7357072830200195 0.5765715837478638 0.3553871810436249
vn 0.7427736520767212 0.6421388387680054 0.18959181010723114
vn 0.7477790117263794 0.5759295225143433 0.33035075664520264
vn 0.024960068985819817 0.6722052097320557 -0.7399439811706543
vn 0.05131963640451431 0.6631718277931213 -0.7467056512832642
vn -0.22193291783332825 -0.1756996065378189 -0.9591013789176941
vn -0.8532256484031677 0.4059232473373413 0.32746338844299316
vn 0.8279469013214111 -0.5144611597061157 -0.22323447465896606
vn 0.7592728734016418 0.5748422741889954 0.305059015750885
vn 0.7518354058265686 0.6387863755226135 0.16338790953159332
vn 0.7403817772865295 0.6719455718994141 0.01799631118774414
vn -0.4919959306716919 0.1313658207654953 0.8606294393539429
vn -0.484466552734375 0.1310485601425171 0.8649383783340454
vn -0.48314812779426575 0.20634962618350983 0.8508747220039368
vn -0.5502386689186096 0.47040560841560364 0.6898956894874573
vn -0.5271580815315247 -0.17029492557048798 0.8325287699699402
vn -0.5553033351898193 -0.16834035515785217 0.8144322037696838
vn -0.5648568868637085 -0.22334055602550507 0.7943902015686035
vn 0.7357072830200195 0.5765715837478638 0.3553871810436249
vn 0.9127852320671082 0.035840269178152084 0.40686431527137756
vn 0.7477790117263794 0.5759295225143433 0.33035075664520264
vn 0.7592728734016418 0.5748422741889954 0.305059015750885
vn -0.4714999198913574 0.28013741970062256 0.8361881971359253
vn -0.9236502647399902 0.020495042204856873 0.38268810510635376
vn -0.7224997878074646 0.6881129145622253 -0.06704284250736237
vn -0.6232250928878784 0.6225751042366028 0.47327667474746704
vn -0.45817312598228455 0.5298157930374146 0.713703453540802
vn -0.5785357356071472 -0.1749029904603958 0.7966839075088501
vn -0.5437963008880615 -0.11274793744087219 0.8316090106964111
vn -0.5303760766983032 -0.05675886943936348 0.8458602428436279
vn -0.4868190884590149 -0.0020271525718271732 0.8735005259513855
vn -0.3984888792037964 0.5549306869506836 0.7302454710006714
vn -0.3741608262062073 0.6165475249290466 0.6927285194396973
vn -0.7725915908813477 -0.5499307513237 0.3172987103462219
vn -0.8401513695716858 -0.5397757887840271 0.052800100296735764
vn -0.8717273473739624 -0.40403470396995544 -0.27721354365348816
vn -0.7899699807167053 -0.5933414697647095 -0.15457478165626526
vn -0.06818072497844696 -0.8909262418746948 -0.44900086522102356
vn -0.06818074733018875 -0.8909263610839844 -0.44900062680244446
vn -0.01905854605138302 -0.8862646818161011 -0.4627869427204132
vn -0.11712396144866943 -0.8932493925094604 -0.4340363144874573
vn -0.06818072497844696 -0.8909262418746948 -0.44900086522102356
vn -0.28061923384666443 -0.597130298614502 -0.7514575123786926
vn -0.01905854605138302 -0.8862646818161011 -0.4627869427204132
vn -0.16672678291797638 -0.8908661603927612 -0.42256322503089905
vn -0.166726753115654 -0.8908660411834717 -0.4225634038448334
vn -0.2158963829278946 -0.886168360710144 -0.4099932312965393
vn -0.1171240508556366 -0.8932497501373291 -0.4340354800224304
vn -0.42050740122795105 0.4900975227355957 0.7635299563407898
vn -0.7212711572647095 -0.4835774898529053 0.49590396881103516
vn -0.7131001353263855 -0.48280203342437744 0.5083211660385132
vn -0.6218507885932922 -0.3941716253757477 0.6767054796218872
vn -0.7842189073562622 -0.5485302805900574 0.2900260388851166
vn 0.7642443180084229 -0.5713258385658264 0.2991945147514343
vn -0.35284116864204407 -0.8586224317550659 -0.371847540140152
vn -0.35284122824668884 -0.8586225509643555 -0.3718471825122833
vn -0.31242722272872925 -0.8698852062225342 -0.3816922605037689
vn -0.39259985089302063 -0.845765233039856 -0.3613123297691345
vn -0.39259985089302063 -0.845765233039856 -0.3613123297691345
vn -0.35284116864204407 -0.8586224317550659 -0.371847540140152
vn -0.3258298933506012 -0.5798786878585815 -0.7467098236083984
vn -0.31242722272872925 -0.8698852062225342 -0.3816922605037689
vn 0.1163710281252861 -0.8597211241722107 -0.4973301887512207
vn 0.11637099087238312 -0.8597211241722107 -0.4973301887512207
vn 0.1533491164445877 -0.848085880279541 -0.507182776927948
vn -0.8293188810348511 -0.10450223833322525 0.5489165186882019
vn -0.7655340433120728 -0.165357306599617 0.6217833757400513
vn -0.8974857330322266 -0.22657841444015503 0.37839338183403015
vn -0.6917348504066467 -0.22404925525188446 0.6865164041519165
vn -0.5795853137969971 -0.08770396560430527 0.810178279876709
vn -0.8403412103652954 -0.29025933146476746 0.45779508352279663
vn -0.798475444316864 -0.4071948230266571 0.44342902302742004
vn -0.7717465162277222 -0.349985271692276 0.5309590697288513
vn -0.9176786541938782 -0.10384634137153625 0.38351237773895264
vn 0.9281339645385742 -0.34443703293800354 -0.14117537438869476
vn 0.8908419609069824 0.4336366355419159 -0.13549868762493134
vn 0.9952449798583984 0.09533137828111649 0.0199887715280056
vn 0.7403817772865295 0.6719455718994141 0.01799631118774414
vn 0.6532342433929443 0.7071016430854797 -0.2707254886627197
vn 0.6532379388809204 -0.7070949673652649 -0.270734041929245
vn 0.944725513458252 0.2166595309972763 -0.24607378244400024
vn 0.7425113320350647 -0.6696676015853882 0.014908281154930592
vn 0.7642443180084229 -0.5713258385658264 0.2991945147514343
vn 0.7425113320350647 -0.6696676015853882 0.014908281154930592
vn 0.7592728734016418 0.5748422741889954 0.305059015750885
vn 0.9204873442649841 0.3515987992286682 0.17053253948688507
vn 0.9508320689201355 -0.2572284936904907 0.17248737812042236
vn 0.7701411843299866 -0.5147902369499207 0.3766610324382782
vn -0.29040980339050293 -0.15473522245883942 -0.9443088173866272
vn -0.0014200207078829408 0.680685818195343 -0.732573926448822
vn -0.02779894322156906 0.6886069774627686 -0.724601686000824
vn -0.24472756683826447 -0.1682896465063095 -0.9548754096031189
vn -0.6773872971534729 0.4854288399219513 0.5527253150939941
vn -0.709399402141571 0.5534815788269043 0.43636056780815125
vn -0.7663689851760864 0.5782911777496338 0.279745876789093
vn -0.6492164134979248 0.7277984023094177 0.22096958756446838
vn -0.7182275652885437 0.4486042559146881 0.5318866968154907
vn -0.8907924294471741 -0.43919602036476135 -0.1166008934378624
vn -0.3675922751426697 0.6797599196434021 -0.634667158126831
vn 0.07920683920383453 -0.869981050491333 -0.48668187856674194
vn -0.2703527510166168 -0.17002908885478973 -0.9476282596588135
vn -0.39698049426078796 0.6701282262802124 -0.6271639466285706
vn -0.425966739654541 0.6598179340362549 -0.6190256476402283
vn -0.2944357991218567 -0.17845068871974945 -0.9388625025749207
vn 0.22651083767414093 -0.8207656741142273 -0.52443927526474
vn 0.41915369033813477 -0.6577889919281006 -0.6257985830307007
vn 0.22651059925556183 -0.8207657337188721 -0.52443927526474
vn -0.9601666927337646 -0.21328522264957428 0.18052507936954498
vn -0.6444658637046814 0.7100964188575745 0.2835962772369385
vn -0.9580499529838562 -0.02543456107378006 0.28547054529190063
vn 0.3258846700191498 -0.7455466389656067 -0.5813427567481995
vn 0.41915377974510193 -0.6577889323234558 -0.6257985234260559
vn -0.3378317654132843 0.688703179359436 -0.6415275931358337
vn -0.2207483947277069 -0.15472909808158875 -0.962979257106781
vn -0.8717273473739624 -0.40403470396995544 -0.27721354365348816
vn -0.9236583709716797 0.22200101613998413 -0.3123631179332733
vn -0.43254920840263367 0.42213547229766846 0.7966824173927307
vn -0.5022393465042114 -0.05831533670425415 0.8627601265907288
vn -0.4875834286212921 -0.05924513190984726 0.8710639476776123
vn 0.030113540589809418 -0.8792768120765686 -0.47535812854766846
vn -0.0190585907548666 -0.8862648606300354 -0.4627865254878998
vn -0.019058657810091972 -0.8862648606300354 -0.46278658509254456
vn -0.5227318406105042 -0.11407392472028732 0.8448304533958435
vn -0.06818079948425293 -0.8909265398979187 -0.4490002691745758
vn -0.06818082928657532 -0.8909264802932739 -0.4490002691745758
vn -0.26450514793395996 -0.8791685700416565 -0.3963582217693329
vn -0.2645051181316376 -0.8791684508323669 -0.3963584005832672
vn -0.3124268054962158 -0.8698847889900208 -0.3816935420036316
vn -0.8075112104415894 -0.5857455730438232 0.06948238611221313
vn -0.6797382831573486 0.7133309245109558 0.1706307977437973
vn -0.6775021553039551 0.7139708399772644 0.17673859000205994
vn -0.5930064916610718 -0.23134611546993256 0.7712472081184387
vn -0.7178099751472473 0.6949559450149536 -0.04225161671638489
vn -0.7380151748657227 0.6738383769989014 -0.035711050033569336
vn -0.7213410139083862 0.6899010539054871 -0.060857947915792465
vn -0.561726450920105 -0.11775288730859756 0.8189002275466919
vn -0.6147078275680542 -0.3412024676799774 0.711136519908905
vn -0.6948246359825134 0.7107057571411133 0.11007347702980042
vn 0.6423501372337341 0.711582362651825 -0.2846696376800537
vn 0.7173734307289124 0.6237496733665466 -0.3103412389755249
vn 0.6167417168617249 0.6728934049606323 -0.4084656238555908
vn 0.5613880753517151 0.6448673605918884 -0.5186419486999512
vn 0.5204902291297913 0.6382019519805908 -0.5672638416290283
vn -0.8935409188270569 -0.44447359442710876 -0.06346453726291656
vn -0.8899732232093811 -0.45563599467277527 0.01853540726006031
vn -0.8802902698516846 -0.463689923286438 0.10040302574634552
vn 0.4056651294231415 0.5807363986968994 -0.7058194279670715
vn 0.5412293672561646 0.6673957109451294 -0.5115209221839905
vn -0.7265878319740295 0.6430556178092957 -0.24197044968605042
vn 0.5412293672561646 0.6673957109451294 -0.5115209221839905
vn 0.6503006815910339 0.5700018405914307 -0.502202033996582
vn 0.5965543389320374 0.6950401663780212 -0.4013004004955292
vn 0.6423501372337341 0.711582362651825 -0.2846696376800537
vn -0.18898804485797882 -0.16398034989833832 -0.9681910276412964
vn -0.6396893858909607 -0.3049238622188568 0.7055627703666687
vn -0.5586233139038086 -0.2787250280380249 0.781186580657959
vn -0.5814951062202454 -0.3828674554824829 0.7178272604942322
vn -0.5779758095741272 -0.3307931125164032 0.7460026741027832
vn -0.8159030079841614 -0.4596610367298126 0.35073351860046387
vn 0.19008201360702515 -0.8350937366485596 -0.5162239074707031
vn 0.22651059925556183 -0.8207657337188721 -0.52443927526474
vn 0.19008196890354156 -0.8350938558578491 -0.5162239074707031
vn 0.72993004322052 -0.4977426528930664 -0.4684596359729767
vn 0.5808018445968628 -0.4461711049079895 -0.6808822154998779
vn 0.72993004322052 -0.4977426528930664 -0.4684596359729767
vn 0.710778534412384 -0.49660080671310425 -0.498178094625473
vn 0.8279469013214111 -0.5144611597061157 -0.22323447465896606
vn 0.6541929841041565 0.628214418888092 -0.421162873506546
vn -0.7360276579856873 -0.2886987626552582 0.6123040318489075
vn -0.659839391708374 -0.026909630745649338 0.7509246468544006
vn -0.543937623500824 -0.22494293749332428 0.8084136843681335
vn -0.4316295385360718 -0.831337571144104 -0.350105345249176
vn -0.43162959814071655 -0.8313376903533936 -0.3501049876213074
vn -0.3925999701023102 -0.8457654714584351 -0.36131158471107483
vn -0.46985772252082825 -0.8153660893440247 -0.33824822306632996
vn -0.39259979128837585 -0.8457653522491455 -0.36131224036216736
vn -0.35284098982810974 -0.8586223721504211 -0.37184783816337585
vn -0.5973928570747375 -0.14350496232509613 0.7890044450759888
vn -0.6828109622001648 -0.3697786331176758 0.6301054954528809
vn 0.5965543389320374 0.6950401663780212 -0.4013004004955292
vn -0.8907924294471741 -0.43919602036476135 -0.1166008934378624
vn -0.13411909341812134 -0.5972007513046265 -0.790799081325531
vn -0.027116060256958008 0.6824334859848022 -0.7304446697235107
vn -0.8822551965713501 -0.04228014126420021 0.46886906027793884
vn -0.2645053267478943 -0.8791686296463013 -0.39635777473449707
vn -0.21589632332324982 -0.8861681222915649 -0.40999361872673035
vn -0.26450544595718384 -0.8791688084602356 -0.3963574469089508
vn 0.7680796384811401 -0.5436858534812927 0.33831843733787537
vn -0.16672681272029877 -0.8908659815788269 -0.4225635230541229
vn -0.16672669351100922 -0.8908658623695374 -0.4225638210773468
vn -0.21589654684066772 -0.8861684203147888 -0.4099929928779602
vn 0.7680796384811401 -0.5436858534812927 0.33831843733787537
vn 0.8032134771347046 -0.5208011269569397 -0.2891613245010376
vn 0.7536484003067017 -0.5122405290603638 -0.41185393929481506
vn 0.7893328070640564 -0.5229964256286621 -0.32160311937332153
vn -0.21589654684066772 -0.8861684203147888 -0.4099929928779602
vn -0.16672681272029877 -0.8908659815788269 -0.4225635230541229
vn -0.583746075630188 -0.7389151453971863 -0.336518794298172
vn -0.5837460160255432 -0.7389150857925415 -0.33651918172836304
vn -0.6670083999633789 -0.6856982707977295 -0.2914063334465027
vn -0.6866492033004761 -0.6485588550567627 -0.32845738530158997
vn -0.5837458968162537 -0.7389147877693176 -0.33651989698410034
vn -0.7424002885818481 -0.6243906021118164 -0.24285422265529633
vn -0.46985748410224915 -0.8153656125068665 -0.33824968338012695
vn -0.6450486183166504 -0.7212769985198975 -0.25233274698257446
vn -0.6154188513755798 -0.7309114336967468 -0.2950051724910736
vn 0.7483620643615723 0.4647708237171173 -0.47322532534599304
vn -0.45575839281082153 0.12962567806243896 0.8806142807006836
vn 0.07920683920383453 -0.869981050491333 -0.48668187856674194
vn 0.11637109518051147 -0.8597211241722107 -0.49733009934425354
vn 0.11637109518051147 -0.8597211241722107 -0.49733009934425354
vn -0.7217554450035095 -0.661199152469635 -0.20465777814388275
vn -0.7346846461296082 0.6494717001914978 0.19602294266223907
vn -0.7899699807167053 -0.5933414697647095 -0.15457478165626526
vn -0.7217554450035095 -0.661199152469635 -0.20465777814388275
vn -0.7007235288619995 -0.6369052529335022 -0.3214627802371979
vn -0.7899699807167053 -0.5933414697647095 -0.15457478165626526
vn -0.6450486183166504 -0.7212769985198975 -0.25233274698257446
vn -0.3871874511241913 0.5458030104637146 0.7430915832519531
vn -0.3796117603778839 0.5278529524803162 0.7597804069519043
vn -0.4316295087337494 -0.831337571144104 -0.35010531544685364
vn -0.7429946064949036 -0.43762218952178955 0.5064047574996948
vn -0.6969143152236938 -0.4800877571105957 0.5327532887458801
vn -0.8042110800743103 -0.588413417339325 0.0837499126791954
vn -0.2459760159254074 -0.5899385809898376 -0.7690696716308594
vn -0.0840710923075676 0.28909924626350403 -0.9536003470420837
vn 0.4772590696811676 0.6290904879570007 -0.6135706901550293
vn 0.030113644897937775 -0.8792769312858582 -0.4753580689430237
vn -0.4042770564556122 0.2892037630081177 -0.8677103519439697
vn -0.17233699560165405 -0.5899739861488342 -0.788815975189209
vn 0.4056651294231415 0.5807363986968994 -0.7058194279670715
vn 0.4772590696811676 0.6290904879570007 -0.6135706901550293
vn 0.764436662197113 -0.5186468362808228 -0.3829386532306671
vn 0.7744653820991516 -0.5245379209518433 -0.35364291071891785
vn 0.8160902261734009 -0.5179548859596252 -0.2563581168651581
vn 0.7361287474632263 -0.512093186378479 -0.4425777196884155
vn 0.6907738447189331 -0.4947661757469177 -0.5272929668426514
vn 0.7450217604637146 -0.512219250202179 -0.427286833524704
vn 0.7744653820991516 -0.5245379209518433 -0.35364291071891785
vn 0.6907738447189331 -0.4947661757469177 -0.5272929668426514
vn 0.8061075210571289 -0.5161367654800415 -0.2894710898399353
vn 0.6975114941596985 0.7050646543502808 -0.12791264057159424
vn 0.6532342433929443 0.7071016430854797 -0.2707254886627197
vn 0.6388331651687622 -0.4727221131324768 -0.6069810390472412
vn 0.5118436217308044 -0.8393104672431946 0.1832321584224701
vn 0.18319396674633026 -0.9822637438774109 0.039973869919776917
vn 0.7361287474632263 -0.512093186378479 -0.4425777196884155
vn -0.08091720938682556 0.26798975467681885 -0.9600176811218262
vn -0.1992107480764389 -0.18351568281650543 -0.9626198410987854
vn -0.7766309380531311 -0.545998215675354 -0.31421393156051636
vn -0.46985748410224915 -0.8153656125068665 -0.33824968338012695
vn -0.8717273473739624 -0.40403470396995544 -0.27721354365348816
vn -0.35284093022346497 -0.8586222529411316 -0.37184813618659973
vn 0.7803447246551514 -0.5153002738952637 -0.35429883003234863
vn 0.7922542691230774 -0.5183615684509277 -0.3219231367111206
vn -0.3033801019191742 -0.16424380242824554 -0.9386077523231506
vn -0.1948675662279129 -0.14693543314933777 -0.9697611331939697
vn 0.4503155052661896 -0.17097924649715424 -0.8763458132743835
vn 0.7774167656898499 -0.5199269652366638 -0.3539762496948242
vn -0.4316294193267822 -0.8313373327255249 -0.3501060903072357
vn -0.26835763454437256 -0.16373620927333832 -0.9493021368980408
vn -0.4316294193267822 -0.8313373327255249 -0.3501060903072357
vn 0.030113663524389267 -0.8792767524719238 -0.475358247756958
vn 0.030113663524389267 -0.8792767524719238 -0.475358247756958
vn -0.8321147561073303 -0.1685430407524109 -0.528373122215271
vn -0.3350338041782379 -0.13818559050559998 -0.9320178031921387
vn 0.6388331651687622 -0.4727221131324768 -0.6069810390472412
vn 0.19008207321166992 -0.8350936770439148 -0.5162239074707031
vn 0.5215455889701843 -0.8356059193611145 0.1724902242422104
vn 0.030113574117422104 -0.8792768120765686 -0.47535809874534607
vn -0.20709997415542603 -0.16429176926612854 -0.9644261598587036
vn -0.26450544595718384 -0.8791688084602356 -0.3963574469089508
vn 0.41452649235725403 -0.30983906984329224 -0.8556678891181946
vn 0.37542542815208435 -0.38669711351394653 -0.8423307538032532
vn 0.9122817516326904 -0.3867034912109375 -0.13491615653038025
vn -0.041978877037763596 -0.298872709274292 -0.9533692002296448
vn -0.6549012660980225 0.34529730677604675 -0.6722158193588257
vn -0.41378018260002136 0.18465517461299896 -0.891452968120575
vn 0.18765246868133545 0.09975206106901169 0.9771571159362793
vn 0.49084797501564026 0.6095646619796753 0.6224943399429321
vn -0.0022565436083823442 0.34528422355651855 0.9384954571723938
vn 0.37542542815208435 -0.38669711351394653 -0.8423307538032532
vn 0.39977145195007324 0.8157016634941101 -0.4181070923805237
vn 0.2310566008090973 0.34529682993888855 -0.9096059203147888
vn 0.27899718284606934 0.8689059019088745 -0.4088558852672577
vn -0.8169654011726379 0.09780500084161758 -0.5683324337005615
vn -0.9634318351745605 -0.15194763243198395 -0.22070565819740295
vn -0.7722672820091248 0.3249635100364685 -0.5458955764770508
vn 0.18319396674633026 -0.9822637438774109 0.039973869919776917
vn 0.20332685112953186 -0.9788897633552551 0.020809266716241837
vn 0.6691287159919739 -0.7037099003791809 0.23887045681476593
vn -0.7850760221481323 0.6107919216156006 -0.10290244221687317
vn -0.41907012462615967 -0.538728654384613 0.7308567762374878
vn -0.636925995349884 -0.2988814115524292 0.7106301188468933
vn -0.32792508602142334 0.18464195728302002 0.9264839291572571
vn -0.8575194478034973 -0.3867033123970032 0.33929482102394104
vn 0.5374599695205688 -0.14866629242897034 0.8300814032554626
vn 0.15493769943714142 0.4210723340511322 0.8936959505081177
vn 0.6284464001655579 0.6107898950576782 -0.48165422677993774
vn -0.5552635788917542 0.8157026767730713 -0.1622081845998764
vn -0.4460461735725403 0.8689056038856506 -0.2145831286907196
vn -0.21180595457553864 -0.538719117641449 -0.815426230430603
vn -0.16694240272045135 -0.4824291467666626 -0.8598792552947998
vn -0.535068690776825 -0.4526084065437317 -0.7133352160453796
vn 0.6435123085975647 -0.7617704272270203 -0.07481823861598969
vn 0.2943277955055237 0.9549817442893982 0.03716163709759712
vn 0.16857880353927612 0.868851363658905 0.4654873311519623
vn 0.39076006412506104 0.9191625118255615 0.049466006457805634
vn 0.2832881808280945 0.8156704902648926 0.5044099688529968
vn 0.47120198607444763 0.3452872037887573 0.8116313815116882
vn 0.006867208983749151 0.8156737089157104 0.5784714818000793
vn -0.1138426661491394 0.6095651984214783 0.7845190167427063
vn 0.08674567192792892 0.8688527345657349 0.48741161823272705
vn 0.3958563208580017 0.3249666392803192 -0.8588914275169373
vn 0.4233461022377014 0.09780674427747726 -0.9006730318069458
vn 0.7240044474601746 -0.15194468200206757 -0.6728523969650269
vn 0.7472301125526428 0.18464653193950653 0.6383985877037048
vn 0.5591484308242798 -0.44166284799575806 0.7016316652297974
vn 0.7832383513450623 -0.48244085907936096 0.39215877652168274
vn 0.7283528447151184 -0.5387290716171265 0.42340660095214844
vn -0.7462903261184692 -0.38669833540916443 -0.5417703986167908
vn -0.08738312125205994 0.18464913964271545 -0.9789121150970459
vn -0.44032782316207886 -0.2988719940185547 -0.846632719039917
vn 0.38361039757728577 -0.744956910610199 0.5457859039306641
vn 0.9356487989425659 -0.3098428249359131 -0.16899332404136658
vn 0.9069082736968994 -0.2988812029361725 0.29696357250213623
vn 0.3260660171508789 0.09975176304578781 0.9400694370269775
vn 0.9122817516326904 -0.3867034912109375 -0.13491615653038025
vn 0.3126677870750427 0.4210716485977173 0.8514326214790344
vn -0.05041535198688507 -0.14866527915000916 0.9876015782356262
vn -0.42245522141456604 -0.7449408769607544 -0.5163280367851257
vn 0.41452649235725403 -0.30983906984329224 -0.8556678891181946
vn 0.39055153727531433 -0.9051303267478943 0.16795408725738525
vn 0.9333876967430115 -0.3539283275604248 0.05934721231460571
vn 0.3126677870750427 0.4210716485977173 0.8514326214790344
vn -0.1138426661491394 0.6095651984214783 0.7845190167427063
vn -0.45553117990493774 0.820067822933197 0.34638145565986633
vn 0.006867208983749151 0.8156737089157104 0.5784714818000793
vn -0.31367576122283936 0.9191622138023376 0.23821911215782166
vn 0.08674567192792892 0.8688527345657349 0.48741161823272705
vn -0.23631766438484192 0.9549813270568848 0.17934508621692657
vn 0.9356487989425659 -0.3098428249359131 -0.16899332404136658
vn 0.5676947236061096 0.8200660943984985 0.07220994681119919
vn -0.22428253293037415 -0.5387195348739624 -0.8120828866958618
vn 0.10768146067857742 -0.7449464797973633 -0.6583763360977173
vn 0.49084797501564026 0.6095646619796753 0.6224943399429321
vn 0.1156846284866333 -0.9904686808586121 0.07475905120372772
vn 0.8048762083053589 -0.5852640271186829 0.09818530827760696
vn 0.10671200603246689 -0.45261532068252563 -0.8852976560592651
vn 0.6436842083930969 -0.7611921429634094 0.07910250872373581
vn -0.7722672820091248 0.3249635100364685 -0.5458955764770508
vn -0.7850760221481323 0.6107919216156006 -0.10290244221687317
vn -0.5552635788917542 0.8157026767730713 -0.1622081845998764
vn -0.059320300817489624 -0.7449544668197632 0.6644726991653442
vn -0.4460461735725403 0.8689056038856506 -0.2145831286907196
vn -0.1334216147661209 -0.44166234135627747 0.887205183506012
vn -0.5178977847099304 -0.7611932754516602 0.3903416693210602
vn -0.6479536890983582 -0.5852632522583008 0.48746585845947266
vn 0.15493769943714142 0.4210723340511322 0.8936959505081177
vn -0.8947919011116028 -0.30984246730804443 0.3214733600616455
vn -0.48222777247428894 -0.4824412167072296 0.7312365174293518
vn 0.27899718284606934 0.8689059019088745 -0.4088558852672577
vn 0.16857880353927612 0.868851363658905 0.4654873311519623
vn 0.39977145195007324 0.8157016634941101 -0.4181070923805237
vn 0.2832881808280945 0.8156704902648926 0.5044099688529968
vn -0.7462903261184692 -0.38669833540916443 -0.5417703986167908
vn -0.7868239283561707 -0.3098386228084564 -0.5337678790092468
vn -0.8575194478034973 -0.3867033123970032 0.33929482102394104
vn -0.8947919011116028 -0.30984246730804443 0.3214733600616455
vn 0.6284464001655579 0.6107898950576782 -0.48165422677993774
vn 0.3958563208580017 0.3249666392803192 -0.8588914275169373
vn -0.7868239283561707 -0.3098386228084564 -0.5337678790092468
vn -0.28536543250083923 -0.48243656754493713 -0.8281434178352356
vn -0.9555729031562805 0.14496618509292603 0.2566426396369934
vn -0.9221692085266113 0.28486084938049316 0.2616450786590576
vn -0.9550139904022217 0.22490423917770386 0.19330359995365143
vn -0.9789350032806396 0.16284610331058502 0.1231558620929718
vn -0.8920671343803406 0.43363210558891296 0.1271984875202179
vn -0.897799551486969 0.44014835357666016 -0.015012632124125957
vn -0.9506347179412842 0.305438756942749 0.054778505116701126
vn -0.7859067320823669 0.6173970699310303 0.03422548621892929
vn -0.7380151748657227 0.6738383769989014 -0.035711050033569336
vn -0.8252877593040466 0.5645745396614075 -0.01247791014611721
vn -0.741399884223938 0.6661927700042725 0.0807056576013565
vn -0.6838515400886536 -0.7062376141548157 0.18323618173599243
vn -0.5963704586029053 -0.7866432070732117 0.15979598462581635
vn -0.6363720297813416 -0.7484895586967468 0.18653136491775513
vn -0.6739740967750549 -0.707513689994812 0.2125634253025055
vn -0.6331666707992554 -0.7486329674720764 0.1965930312871933
vn -0.7141895294189453 -0.663422703742981 0.22316724061965942
vn -0.6673333048820496 -0.707513689994812 0.23257364332675934
vn -0.741422176361084 -0.6177232265472412 0.26212793588638306
vn -0.7090349197387695 -0.6638701558113098 0.23779402673244476
vn -0.720337986946106 -0.640939474105835 0.2651602029800415
vn -0.7673611044883728 -0.5690430998802185 0.29554489254951477
vn -0.6987287998199463 -0.6634564399719238 0.26758843660354614
vn -0.5186757445335388 -0.8355562686920166 0.18116644024848938
vn -0.42038583755493164 -0.8974106311798096 0.13390269875526428
vn -0.4495542049407959 -0.8782399892807007 0.16308115422725677
vn -0.4910009801387787 -0.8576754927635193 0.15267856419086456
vn -0.5119893550872803 -0.8352067470550537 0.2007404863834381
vn -0.3466818332672119 -0.930955708026886 0.11460081487894058
vn -0.27067968249320984 -0.9580312967300415 0.0943853110074997
vn -0.37715578079223633 -0.9148188829421997 0.14442947506904602
vn -0.3154871463775635 -0.9451570510864258 0.08453390002250671
vn -0.15995147824287415 -0.9861940145492554 0.04285845533013344
vn 7.996097792783985e-7 -1 -3.9980488963919925e-7
vn -0.1367821991443634 -0.9894522428512573 0.04769553989171982
vn -0.19272631406784058 -0.9784730672836304 0.07380330562591553
vn -0.5840452313423157 -0.7870655059814453 0.1985425502061844
vn -0.5452784895896912 -0.8117101192474365 0.209279865026474
vn -0.57075434923172 -0.7861863970756531 0.23696081340312958
vn -0.5581433773040771 -0.8120020627975464 0.17067085206508636
vn -0.4623115062713623 -0.8780221939086914 0.12387517094612122
vn -0.40543437004089355 -0.9063124656677246 0.11925046145915985
vn 0.020239567384123802 -0.9994423985481262 -0.026555733755230904
vn 0.015181111171841621 -0.9996864199638367 -0.019918521866202354
vn 0.08932420611381531 -0.9948124289512634 -0.04867824167013168
vn 0.010121595114469528 -0.9998605847358704 -0.013279919512569904
vn -0.06429765373468399 -0.9978162050247192 0.015122231096029282
vn 0.20174501836299896 -0.9748651385307312 -0.09453471004962921
vn 0.2354130744934082 -0.9661906957626343 -0.10514877736568451
vn 0.31111159920692444 -0.9401594400405884 -0.13896000385284424
vn 0.16780242323875427 -0.9822506904602051 -0.08382026106119156
vn 0.8801929354667664 0.1569015234708786 -0.4479312002658844
vn 0.8268658518791199 0.29769080877304077 -0.4771507680416107
vn 0.8397251963615417 0.2266748994588852 -0.4934369921684265
vn 0.7540916800498962 0.43147870898246765 -0.4951482117176056
vn 0.8844947218894958 0.084029920399189 -0.4589204490184784
vn 0.8839765787124634 0.010700407437980175 -0.4674088656902313
vn 0.8994831442832947 -0.1333383023738861 -0.41611403226852417
vn 0.7236728072166443 0.4622056484222412 -0.5125071406364441
vn 0.7745275497436523 0.36345043778419495 -0.5176976323127747
vn 0.8846649527549744 -0.20580141246318817 -0.41834649443626404
vn 0.8829147815704346 -0.13542485237121582 -0.4495794177055359
vn 0.667221188545227 -0.7075936794281006 -0.2326524704694748
vn 0.6738902926445007 -0.7076007723808289 -0.21253912150859833
vn 0.7089167237281799 -0.6640085577964783 -0.23775963485240936
vn 0.741275429725647 -0.6179174780845642 -0.2620853781700134
vn 0.6836840510368347 -0.7064111828804016 -0.18319198489189148
vn 0.6535186767578125 -0.7065579891204834 -0.2714574635028839
vn 0.6605098247528076 -0.7072256207466125 -0.2521083652973175
vn 0.6985652446746826 -0.6635807752609253 -0.2677074074745178
vn 0.620133638381958 -0.7483251094818115 -0.2354651391506195
vn 0.8562191724777222 0.2157653123140335 -0.469397634267807
vn 0.8932211995124817 0.0032858375925570726 -0.4496053457260132
vn 0.8459702730178833 0.15329119563102722 -0.5107212066650391
vn 0.8585408329963684 0.27492955327033997 -0.4328063428401947
vn 0.7790530920028687 0.4181235730648041 -0.46717119216918945
vn 0.5581177473068237 -0.8119980692863464 -0.17077364027500153
vn 0.5839918255805969 -0.7870537042617798 -0.19874590635299683
vn 0.5186219811439514 -0.8355453610420227 -0.18137046694755554
vn 0.5963708162307739 -0.786642849445343 -0.1597965955734253
vn 0.4909754991531372 -0.8576717972755432 -0.1527813822031021
vn 0.5451942682266235 -0.8116883039474487 -0.20958392322063446
vn 0.5119043588638306 -0.835185170173645 -0.20104627311229706
vn 0.5706372857093811 -0.7861499786376953 -0.23736323416233063
vn 0.1599527895450592 -0.9861937761306763 -0.042859237641096115
vn 0.23176732659339905 -0.9690919518470764 -0.0845261663198471
vn 0.15307705104351044 -0.9861606955528259 -0.06367424130439758
vn 0.3019163906574249 -0.9450262784957886 -0.12558569014072418
vn 0.30546218156814575 -0.9452277421951294 -0.11505460739135742
vn 0.46231216192245483 -0.8780218362808228 -0.12387585639953613
vn 0.45600375533103943 -0.8783143162727356 -0.14361236989498138
vn 0.38387057185173035 -0.9149746894836426 -0.12435692548751831
vn 0.44949960708618164 -0.8782296776771545 -0.1632872223854065
vn 0.31548812985420227 -0.9451566934585571 -0.08453463762998581
vn 0.274038702249527 -0.9580202102661133 -0.08426211029291153
vn 0.3770996928215027 -0.9148088693618774 -0.14463898539543152
vn 0.3090045154094696 -0.9452998638153076 -0.10452036559581757
vn 0.636327862739563 -0.7485302686691284 -0.1865188181400299
vn 0.6331092119216919 -0.7486711740493774 -0.19663240015506744
vn -0.8631247878074646 0.5016883015632629 0.05765737220644951
vn -0.8217930197715759 0.5634981393814087 -0.08441630750894547
vn -0.8208242058753967 0.5617762804031372 -0.10322271287441254
vn -0.7245767712593079 0.6723045706748962 -0.15164127945899963
vn -0.7789458632469177 0.6216426491737366 -0.08248460292816162
vn -0.9420890808105469 -0.2720617651939392 0.19608837366104126
vn -0.9350129961967468 -0.2738039493560791 0.22534886002540588
vn -0.9577131271362305 -0.20319104194641113 0.20371288061141968
vn -0.9270867705345154 -0.27529722452163696 0.2544044554233551
vn -0.9215577244758606 -0.3086259067058563 0.23554518818855286
vn -0.9800007939338684 -0.12931570410728455 0.15124759078025818
vn -0.9835195541381836 -0.09404567629098892 0.15441696345806122
vn -0.9945646524429321 0.01651119254529476 0.10280343890190125
vn -0.9505492448806763 -0.20454861223697662 0.23370052874088287
vn -0.9746527671813965 -0.13125509023666382 0.18117420375347137
vn -0.9809228777885437 -0.09482746571302414 0.1696992963552475
vn -0.9682098627090454 -0.1323346495628357 0.21226701140403748
vn -0.918097972869873 -0.27593502402305603 0.28452733159065247
vn -0.9307679533958435 -0.24051246047019958 0.275363028049469
vn -0.8633819818496704 -0.41075071692466736 0.29301097989082336
vn -0.8714073896408081 -0.37856677174568176 0.31198787689208984
vn -0.8979710340499878 -0.3441668450832367 0.2742210626602173
vn -0.8883883357048035 -0.34500640630722046 0.3028809428215027
vn -0.8419547080993652 -0.4117116332054138 0.3487202823162079
vn -0.9528250694274902 0.3035200238227844 -0.00022006480139680207
vn -0.9832057952880859 0.1614607274532318 0.08506874740123749
vn -0.9705762267112732 0.23330697417259216 0.05957791954278946
vn -0.9874089956283569 0.12488231062889099 0.09709775447845459
vn -0.9856851100921631 0.014819503761827946 0.16794347763061523
vn -0.9410964250564575 0.3381185531616211 0.0036437888629734516
vn -0.8975160717964172 0.4378640949726105 -0.05234493687748909
vn -0.9854335188865662 0.16194471716880798 0.051910050213336945
vn -0.991156280040741 0.05187905207276344 0.12213870882987976
vn -0.9908691644668579 0.015017942525446415 0.13398806750774384
vn -0.9799507260322571 -0.05907267704606056 0.19028131663799286
vn -0.9753218293190002 0.21535038948059082 0.04869872331619263
vn -0.9856882691383362 -0.0581655316054821 0.1582256406545639
vn -0.8509083390235901 -0.4382174015045166 0.28969043493270874
vn -0.8468833565711975 -0.42519137263298035 0.31937575340270996
vn -0.8376169204711914 -0.46527761220932007 0.2862073481082916
vn -0.8668296933174133 -0.4235205352306366 0.26312851905822754
vn -0.8540253043174744 -0.45077577233314514 0.25969597697257996
vn -0.8817325234413147 -0.40832602977752686 0.2362574338912964
vn -0.8259954452514648 -0.504063606262207 0.25229236483573914
vn -0.8108431100845337 -0.5300006866455078 0.24825900793075562
vn -0.8235200047492981 -0.49190616607666016 0.28256529569625854
vn -0.8275867104530334 -0.5156815052032471 0.22174935042858124
vn -0.7959051132202148 -0.5666171908378601 0.21326041221618652
vn -0.7613023519515991 -0.6154732704162598 0.20398877561092377
vn -0.7872269153594971 -0.5735779404640198 0.2264559119939804
vn -0.7949305176734924 -0.5554500818252563 0.2440505027770996
vn -0.8339000940322876 -0.4524397552013397 0.31608349084854126
vn -0.8404207825660706 -0.47761622071266174 0.256077378988266
vn -0.8200556039810181 -0.47925886511802673 0.3127613067626953
vn -0.812813937664032 -0.4924992024898529 0.31109169125556946
vn -0.786670982837677 -0.568006694316864 0.24190273880958557
vn -0.7929612994194031 -0.543769896030426 0.2748209536075592
vn -0.8086303472518921 -0.5180784463882446 0.2787683308124542
vn -0.8562308549880981 -0.4628531336784363 0.22942441701889038
vn -0.8414743542671204 -0.4836127460002899 0.2409140020608902
vn -0.7239053845405579 -0.6620703339576721 0.19396843016147614
vn -0.7429630160331726 -0.6339554190635681 0.2147240936756134
vn -0.7608434557914734 -0.6048360466957092 0.23513954877853394
vn -0.7782182693481445 -0.5804319381713867 0.2397395670413971
vn 0.8987617492675781 -0.20476201176643372 -0.3876851797103882
vn 0.9048518538475037 -0.02434387616813183 -0.4250299334526062
vn 0.911249577999115 -0.09674964100122452 -0.4003293216228485
vn 0.8800903558731079 -0.27571672201156616 -0.3865504860877991
vn 0.8417564630508423 -0.4121612012386322 -0.348667711019516
vn 0.9121341109275818 -0.16869743168354034 -0.373567134141922
vn 0.9239752292633057 -0.1323496401309967 -0.3588220179080963
vn 0.8924164772033691 -0.27520060539245605 -0.3575716018676758
vn 0.912818431854248 0.012422018684446812 -0.40817657113075256
vn 0.9033839702606201 0.03033323585987091 -0.4277586042881012
vn 0.8755044341087341 -0.31032082438468933 -0.37039557099342346
vn 0.8804989457130432 -0.34422653913497925 -0.3259289562702179
vn 0.8694157004356384 -0.34460413455963135 -0.35406824946403503
vn 0.8822774291038513 -0.3773046135902405 -0.2814742922782898
vn 0.9134010076522827 -0.2740086019039154 -0.3010282516479492
vn 0.8976946473121643 -0.3093741834163666 -0.3137388229370117
vn 0.9076840877532959 -0.2397266924381256 -0.3444424867630005
vn 0.8628123998641968 -0.39509716629981995 -0.31536173820495605
vn 0.86308753490448 -0.411424845457077 -0.2929328382015228
vn 0.47762107849121094 -0.8572144508361816 -0.19251367449760437
vn 0.442399263381958 -0.8777351975440979 -0.18402114510536194
vn 0.7763234376907349 -0.5692611336708069 -0.2706727385520935
vn 0.8126075267791748 -0.49287503957748413 -0.31103575229644775
vn 0.7975127696990967 -0.5189414620399475 -0.30769017338752747
vn 0.7927339673042297 -0.5441320538520813 -0.2747601270675659
vn 0.7708444595336914 -0.5695009827613831 -0.2854248285293579
vn 0.7343057990074158 -0.6175028681755066 -0.28193095326423645
vn 0.7955687046051025 -0.5671230554580688 -0.21317122876644135
vn 0.8026604652404785 -0.5432751178741455 -0.24614696204662323
vn 0.7864004373550415 -0.5684119462966919 -0.24183101952075958
vn 0.8083826303482056 -0.5185001492500305 -0.27870267629623413
vn 0.8105432391166687 -0.5304964780807495 -0.24817971885204315
vn 0.7610101103782654 -0.6158602833747864 -0.20391131937503815
vn 0.7564600110054016 -0.6165404319763184 -0.21827970445156097
vn 0.7236697673797607 -0.6623463034629822 -0.19390606880187988
vn 0.7694054245948792 -0.5930277705192566 -0.2373467981815338
vn 0.7606093287467957 -0.6051546335220337 -0.2350771725177765
vn 0.8272191882133484 -0.516312837600708 -0.22165189683437347
vn 0.8256800770759583 -0.5046215653419495 -0.2522089183330536
vn 0.8232553601264954 -0.49238908290863037 -0.2824954390525818
vn 0.8329882621765137 -0.49148645997047424 -0.25410932302474976
vn 0.7516265511512756 -0.6171420216560364 -0.23279424011707306
vn 0.7332227826118469 -0.6406487822532654 -0.22793306410312653
vn 0.714031994342804 -0.6636069416999817 -0.22312374413013458
vn 0.8558459281921387 -0.4636152684688568 -0.22932235896587372
vn 0.8469708561897278 -0.46492698788642883 -0.2578434348106384
vn 0.8373387455940247 -0.46582305431365967 -0.2861340343952179
vn 0.8536896109580994 -0.45146235823631287 -0.2596071660518646
vn 0.866489052772522 -0.4242730140686035 -0.26303830742836
vn 0.8506202101707458 -0.43882665038108826 -0.28961434960365295
vn 0.881344199180603 -0.4092230200767517 -0.23615454137325287
vn 0.8466410040855408 -0.42572155594825745 -0.3193117678165436
vn 0.8402632474899292 -0.43936631083488464 -0.31767141819000244
vn -0.8729462027549744 -0.40972092747688293 0.2647521495819092
vn -0.8904999494552612 -0.3765204846858978 0.2554251551628113
vn -0.9889574646949768 0.033081356436014175 0.14446045458316803
vn -0.9039615392684937 -0.3107806444168091 0.2937154173851013
vn -0.9419407248497009 -0.2045528143644333 0.26628148555755615
vn -0.9710878729820251 -0.09558271616697311 0.21875126659870148
vn -0.9853563904762268 0.0889277383685112 0.1454809159040451
vn -0.9604849815368652 -0.1505962312221527 0.2340712994337082
vn 0.9106355309486389 -0.20432251691818237 -0.359158992767334
vn 0.8726044297218323 -0.4105067253112793 -0.2646615207195282
vn 0.8268613219261169 -0.46634119749069214 -0.3143664002418518
vn 0.8198401927947998 -0.4796648621559143 -0.3127036988735199
vn -0.8986802697181702 -0.3104580342769623 0.3098219335079193
vn -0.9515838623046875 -0.1680917590856552 0.2573584020137787
vn -0.9143564701080322 0.12437765300273895 0.3853342533111572
vn -0.947249710559845 -0.0034278708044439554 0.32047802209854126
vn -0.9596611261367798 -0.13115927577018738 0.24869225919246674
vn -0.9123200178146362 -0.14925631880760193 0.38130640983581543
vn -0.9819698929786682 0.016050538048148155 0.18835467100143433
vn -0.9125843644142151 -0.2749839723110199 0.3026113212108612
vn -0.768994927406311 0.5815058350563049 0.26551398634910583
vn -0.7346846461296082 0.6494717001914978 0.19602294266223907
vn -0.8152116537094116 0.5354658365249634 0.2206948697566986
vn -0.7179608941078186 0.6239030957221985 0.3086698353290558
vn -0.6373262405395508 -0.7277729511260986 0.2533019185066223
vn -0.6536949276924133 -0.706501841545105 0.27117884159088135
vn -0.6202495694160461 -0.7483047246932983 0.23522450029850006
vn -0.5775191187858582 -0.7867885828018188 0.2177966982126236
vn -0.7272226214408875 -0.616644024848938 0.30149203538894653
vn -0.7902784943580627 -0.5179066061973572 0.3274638056755066
vn -0.7792041897773743 -0.5437687039375305 0.3116995096206665
vn -0.7410767078399658 -0.6053362488746643 0.2904711067676544
vn -0.5903298258781433 -0.7870170474052429 0.17920629680156708
vn 0.005061374511569738 -0.9999651908874512 -0.0066403914242982864
vn -0.07436741143465042 -0.9968257546424866 0.02842293307185173
vn 0.07926812767982483 -0.9962244629859924 -0.03540565446019173
vn -0.14826349914073944 -0.9873231053352356 0.0566658154129982
vn -0.3019745349884033 -0.9450362324714661 0.12537111341953278
vn -0.18969190120697021 -0.9787787795066833 0.07751856744289398
vn -0.15310534834861755 -0.9861634373664856 0.06356488913297653
vn -0.1013987585902214 -0.9944155216217041 0.029259011149406433
vn -0.22121833264827728 -0.971552312374115 0.0845489501953125
vn -0.13834905624389648 -0.989435613155365 0.04332252964377403
vn 0.37785106897354126 -0.9115906953811646 -0.16196021437644958
vn 0.30652499198913574 -0.9426266551017761 -0.13227759301662445
vn 0.4465341567993164 -0.8742353916168213 -0.19057711958885193
vn -0.3713715672492981 -0.9160147905349731 0.15165768563747406
vn -0.2619175612926483 -0.9593609571456909 0.10500365495681763
vn -0.2927687168121338 -0.9496135115623474 0.11189532279968262
vn -0.43836626410484314 -0.8811763525009155 0.17709633708000183
vn -0.40519604086875916 -0.8993097543716431 0.16449366509914398
vn -0.3150022029876709 -0.9407920837402344 0.1252349466085434
vn 0.7636555433273315 -0.5689164400100708 -0.30522799491882324
vn 0.7270112633705139 -0.6168150305747986 -0.3016517758369446
vn 0.7900591492652893 -0.5182105898857117 -0.32751235365867615
vn 0.5903046131134033 -0.7870126366615295 -0.1793086975812912
vn 0.8211797475814819 -0.4664289653301239 -0.3287976086139679
vn 0.5774351358413696 -0.7867661118507385 -0.21810010075569153
vn 0.7173734307289124 0.6237496733665466 -0.3103412389755249
vn 0.7898370027542114 0.5109074711799622 -0.33930981159210205
vn 0.7549129128456116 0.5256011486053467 -0.39223721623420715
vn 0.8474330902099609 0.38844820857048035 -0.36189132928848267
vn 0.7175804972648621 0.5390931963920593 -0.4409724175930023
vn 0.6424028873443604 0.649766743183136 -0.40635156631469727
vn 0.6777488589286804 0.549608588218689 -0.4884534478187561
vn 0.8890774846076965 0.2586769461631775 -0.3776607811450958
vn 0.9139862060546875 0.12403645366430283 -0.3863213062286377
vn 0.8842407464981079 0.1404353827238083 -0.4454168975353241
vn 0.7802013158798218 0.35991108417510986 -0.5116149187088013
vn 0.7341910600662231 0.42844709753990173 -0.5266845226287842
vn 0.9216905832290649 -0.012938798405230045 -0.38770997524261475
vn 0.9120455384254456 -0.14967049658298492 -0.3818005323410034
vn 0.8883237242698669 -0.20934775471687317 -0.40872278809547424
vn -0.9230188131332397 0.2056790441274643 0.32516512274742126
vn -0.8879427909851074 0.3387569785118103 0.31112924218177795
vn -0.8563215732574463 0.48607149720191956 0.1744932383298874
vn -0.8249145150184631 0.5554208159446716 0.10499333590269089
vn -0.7824376821517944 0.604019045829773 0.15150031447410583
vn -0.8770536184310913 0.4141121208667755 0.24349179863929749
vn -0.911816418170929 0.36110714077949524 0.1954287439584732
vn -0.945105791091919 0.30130109190940857 0.12646235525608063
vn -0.8479112386703491 0.3886962831020355 0.36050212383270264
vn -0.8359783887863159 0.4645354747772217 0.2921420633792877
vn -0.8895006775856018 0.2589729130268097 0.3764592409133911
vn -0.7427539825439453 -0.6286836266517639 0.23037703335285187
vn -0.7334133386611938 -0.6404123902320862 0.22798432409763336
vn -0.7765271067619324 -0.5689568519592285 0.27072808146476746
vn -0.7467665672302246 -0.6173539757728577 0.247414231300354
vn -0.7710139155387878 -0.569247305393219 0.2854735255241394
vn -0.7976983189582825 -0.5186247825622559 0.3077426552772522
vn -0.8080126643180847 -0.49242180585861206 0.32347559928894043
vn -0.28648704290390015 -0.9517821669578552 0.10970842093229294
vn -0.37352508306503296 -0.9145655632019043 0.15507686138153076
vn -0.44248703122138977 -0.877756655216217 0.18370789289474487
vn -0.4777072072029114 -0.8572357892990112 0.1922048181295395
vn -0.3838966190814972 -0.9149779081344604 0.12425286322832108
vn -0.4461193382740021 -0.8780571818351746 0.17318545281887054
vn -0.47487038373947144 -0.8579797148704529 0.1958797723054886
vn 0.8440406322479248 0.19041164219379425 -0.5013372302055359
vn 0.8741625547409058 0.009033618494868279 -0.48554927110671997
vn 0.8995175361633301 0.011909768916666508 -0.4367220997810364
vn 0.663581907749176 0.5551186203956604 -0.5015001893043518
vn 0.5574651956558228 0.6657024621963501 -0.4960572123527527
vn 0.8203957080841064 0.28847968578338623 -0.4936905801296234
vn 0.37524935603141785 -0.9146957993507385 -0.15006521344184875
vn 0.363747775554657 -0.9231464266777039 -0.12445162981748581
vn 0.27065274119377136 -0.9580284357070923 -0.09449151903390884
vn -0.8978796601295471 0.43955564498901367 -0.024554377421736717
vn -0.9275867342948914 0.37346670031547546 0.010273443534970284
vn -0.9608480334281921 -0.1857433319091797 0.2055971622467041
vn -0.8530483841896057 -0.4114144444465637 0.3210086524486542
vn -0.9855138659477234 0.12499969452619553 0.11461938172578812
vn -0.9520971775054932 0.303887277841568 0.034110236912965775
vn -0.9137921929359436 0.40557146072387695 -0.02226318046450615
vn -0.9815614819526672 0.1614372730255127 0.10234799981117249
vn -0.7689837217330933 -0.5870864987373352 0.2529694437980652
vn -0.7240604758262634 -0.6570913791656494 0.20968393981456757
vn -0.7955452799797058 -0.5313122272491455 0.29123011231422424
vn -0.8213751316070557 -0.46604689955711365 0.32885149121284485
vn -0.8405001163482666 -0.43886759877204895 0.3177338242530823
vn -0.833310067653656 -0.4908967912197113 0.2541944086551666
vn -0.8098671436309814 -0.524093508720398 0.26351675391197205
vn -0.8270847797393799 -0.4659046232700348 0.31442564725875854
vn -0.8219167590141296 -0.4856441020965576 0.2976618707180023
vn -0.8071478605270386 -0.5119199156761169 0.2940240502357483
vn -0.7775183320045471 -0.5747582912445068 0.2551824152469635
vn -0.09688559174537659 -0.9946038126945496 0.03710166737437248
vn 0.6778734922409058 0.5237531661987305 -0.5159168839454651
vn 0.8618426322937012 -0.3785078227519989 -0.33757835626602173
vn 0.872032105922699 -0.2768716812133789 -0.4036114513874054
vn 0.23352812230587006 -0.9691162705421448 -0.07923536002635956
vn 0.7839869260787964 -0.5686558485031128 -0.24898840487003326
vn 0.8528017401695251 -0.4119764566421509 -0.3209431767463684
vn -0.9844878315925598 0.052669983357191086 0.16736076772212982
vn -0.9689265489578247 0.23433849215507507 0.07916341722011566
vn -0.8911167979240417 -0.3278616666793823 0.31371578574180603
vn -0.9782671332359314 -0.03998241946101189 0.20345720648765564
vn -0.9762513637542725 -0.058568622916936874 0.20857377350330353
vn -0.9668859839439392 0.006970274727791548 0.25511306524276733
vn -0.9220109581947327 -0.012557451613247395 0.3869602084159851
vn -0.8854663372039795 -0.28314733505249023 0.3684794008731842
vn -0.7903704643249512 0.5111072659492493 0.3377630114555359
vn -0.8128940463066101 -0.4791043698787689 0.3311528265476227
vn -0.07681845873594284 -0.9965348243713379 0.03189275786280632
vn -0.4907718300819397 -0.8475779294967651 0.201877623796463
vn 0.6530900597572327 0.5532263517379761 -0.5171209573745728
vn 0.88523268699646 -0.2835848927497864 -0.36870431900024414
vn -0.7094125151634216 -0.6740661859512329 0.20583657920360565
vn -0.22833114862442017 -0.9689574241638184 0.09479648619890213
vn -0.5083823204040527 -0.8348644971847534 0.21106573939323425
vn 0.7989645600318909 0.2941397726535797 -0.5245352983474731
vn -0.9828153252601624 0.1261400580406189 0.1347692608833313
vn -0.9604600667953491 0.2701815664768219 0.06721848994493484
vn -0.9136156439781189 0.4063934087753296 -0.01228156965225935
vn -0.9405800104141235 0.3388582766056061 0.02200622856616974
vn -0.8980530500411987 0.43849197030067444 -0.03500813618302345
vn -0.972709596157074 0.21605674922466278 0.08459071815013885
vn -0.9760399460792542 0.1978902518749237 0.0904734656214714
vn 0.15793688595294952 -0.984926164150238 -0.0705435499548912
vn 0.8336694836616516 -0.4529072642326355 -0.3160226345062256
vt 10.143596649169922 -1.4483590126037598
vt 10.242703437805176 -1.4613876342773438
vt 9.95797348022461 -1.5581474304199219
vt 10.370677947998047 -2.0144519805908203
vt 10.249641418457031 -2.1550087928771973
vt 10.085947036743164 -2.1112112998962402
vt 10.413336753845215 -2.1988065242767334
vt 10.121667861938477 -1.601944923400879
vt 10.000631332397461 -1.742501974105835
vt 10.039819717407227 -1.5800461769104004
vt 10.285362243652344 -1.645742416381836
vt 9.277063369750977 -1.211960792541504
vt 9.449853897094727 -1.3571596145629883
vt 9.233742713928223 -1.371077060699463
vt 9.190422058105469 -1.530193567276001
vt 9.276817321777344 -1.6027929782867432
vt 10.328020095825195 -1.8300971984863281
vt 10.20698356628418 -1.9706542491912842
vt 10.043289184570312 -1.9268567562103271
vt 9.922252655029297 -2.067413806915283
vt 9.75855827331543 -2.023616313934326
vt 10.164325714111328 -1.786299705505371
vt -8.386798858642578 2.1061511039733887
vt -8.550603866577148 2.1276848316192627
vt -8.42593002319336 2.176116704940796
vt 9.548959732055664 -1.3701882362365723
vt 9.648066520690918 -1.3832166194915771
vt 9.561548233032227 -1.5060334205627441
vt -8.499469757080078 2.250605821609497
vt -8.40036392211914 2.237577199935913
vt -8.770743370056152 2.2214457988739014
vt -8.301257133483887 2.224548578262329
vt -8.714407920837402 2.149218440055847
vt 9.434518814086914 -1.4557862281799316
vt 9.419182777404785 -1.554413080215454
vt 9.84627914428711 -1.409273624420166
vt 10.044490814208984 -1.4353306293487549
vt -8.878211975097656 2.1707520484924316
vt -8.58973503112793 2.1976503133773804
vt 9.403846740722656 -1.6530399322509766
vt 9.673242568969727 -1.654906988143921
vt 9.388511657714844 -1.75166654586792
vt 9.261482238769531 -1.7014198303222656
vt 9.246146202087402 -1.800046443939209
vt 9.103780746459961 -1.848426342010498
vt -9.042016983032227 2.1922857761383057
vt 9.505701065063477 -1.4315965175628662
vt 9.332664489746094 -1.677229881286621
vt 10.387628555297852 -1.597944736480713
vt 10.43028736114502 -1.782299518585205
vt 10.447237968444824 -1.3657925128936768
vt 9.879594802856445 -1.883059024810791
vt 9.797747611999512 -1.8611602783203125
vt 9.836936950683594 -1.698704481124878
vt 9.634053230285645 -1.8173627853393555
vt 9.267475128173828 -1.892223834991455
vt -8.671636581420898 2.2084171772003174
vt 10.421812057495117 -1.9905529022216797
vt 9.228728294372559 -0.9007472991943359
vt 9.360373497009277 -0.9179069995880127
vt 10.450347900390625 -1.9180893898010254
vt -8.697681427001953 2.2766629457473755
vt 10.4421968460083 -1.0611541271209717
vt 10.561381340026855 -1.0759382247924805
vt 9.166254043579102 -1.374586820602417
vt 9.147101402282715 -1.689310073852539
vt 9.209575653076172 -1.215470314025879
vt 9.197490692138672 -1.137667179107666
vt 9.135017395019531 -1.611506462097168
vt 10.524370193481445 -1.3566553592681885
vt 10.487359046936035 -1.6373724937438965
vt -8.895893096923828 2.302720069885254
vt -8.86984920501709 2.2344744205474854
vt -8.968955039978027 2.24750292301178
vt -8.994998931884766 2.315748691558838
vt 10.438762664794922 -1.5740461349487305
vt -9.09410572052002 2.328777313232422
vt -9.068061828613281 2.2605315446853638
vt 9.594863891601562 -1.9798188209533691
vt 9.431169509887695 -1.936021327972412
vt 9.552206039428711 -1.795464038848877
vt 9.23123550415039 -1.1359121799468994
vt 0.09665805101394653 0.9129101037979126
vt 0.008678806945681572 0.723924458026886
vt 0.06450061500072479 0.7484140694141388
vt 0.19659438729286194 0.512604296207428
vt 0.08789428323507309 0.5376227498054504
vt 0.12032241374254227 0.7729036808013916
vt 0.3123181462287903 0.5895274877548218
vt 0.46246007084846497 0.8132198452949524
vt 0.31326162815093994 0.9548973441123962
vt 0.2913912534713745 0.793061763048172
vt 0.08789428323507309 0.5376227498054504
vt 0.46246007084846497 0.8132198452949524
vt 0.2913912534713745 0.793061763048172
vt 0.31326162815093994 0.9548973441123962
vt 0.09665805101394653 0.9129101037979126
vt 0.23220209777355194 0.9890745878219604
vt 0.12032241374254227 0.7729036808013916
vt 0.3123181462287903 0.5895274877548218
vt 0.0645006075501442 0.7484140694141388
vt 0.008678806945681572 0.723924458026886
vt 0.23220209777355194 0.9890745878219604
vt 0.19659438729286194 0.512604296207428
vt 0.09813085943460464 0.8131877183914185
vt 0.1898953914642334 0.883540153503418
vt 0.09825379401445389 0.8754702210426331
vt 0.9330917000770569 0.5986351370811462
vt 0.9948816299438477 0.7234354019165039
vt 0.9623264074325562 0.7424881756305695
vt 0.9184162616729736 0.7628677189350128
vt 0.9915611147880554 0.8863412141799927
vt 0.9948816299438477 0.7234354019165039
vt 0.9330917000770569 0.5986351370811462
vt 0.9623264074325562 0.7424881756305695
vt 0.9915611147880554 0.8863412141799927
vt 0.9184162616729736 0.7628677189350128
vt 0.9622098803520203 0.7424785792827606
vt 0.9913280606269836 0.886322021484375
vt 0.9177770614624023 0.762100338935852
vt 0.9913280606269836 0.886322021484375
vt 0.9622098803520203 0.7424785792827606
vt 0.9177770614624023 0.762100338935852
vt 0.8321323394775391 0.3780573606491089
vt 0.9747790694236755 0.3644863963127136
vt 0.8415945768356323 0.4240734577178955
vt 0.9980000257492065 0.16249990463256836
vt 0.9980000257492065 0.0208473801612854
vt 0.9190000295639038 0.12646281719207764
vt 0.9190000295639038 0.009975552558898926
vt 0.7084100246429443 0.4836604595184326
vt 0.8436895608901978 0.4857264757156372
vt 0.8415945768356323 0.4240734577178955
vt 0.9980000257492065 0.11634093523025513
vt 0.9980000257492065 0.21589338779449463
vt 0.9145819544792175 0.09408855438232422
vt 0.9747791886329651 0.3578526973724365
vt 0.9113293290138245 0.4867594838142395
vt 0.3487629294395447 0.5690960884094238
vt 0.3928201496601105 0.646408200263977
vt 0.3822687864303589 0.5865688920021057
vt 0.3717174530029297 0.5267295837402344
vt 0.9145819544792175 0.22032803297042847
vt 0.9980000257492065 0.01251220703125
vt 0.9145819544792175 0.016339600086212158
vt 0.3822687864303589 0.5865688920021057
vt 0.3717174530029297 0.5267295837402344
vt 0.4350774586200714 0.5820701122283936
vt 0.3487629294395447 0.5690960884094238
vt 0.3928201496601105 0.646408200263977
vt 0.8670185208320618 0.5309398174285889
vt 0.8452713489532471 0.639394223690033
vt 0.5703008770942688 0.38516879081726074
vt 0.5703009366989136 0.2940469980239868
vt 0.6894856095314026 0.39162832498550415
vt 0.451116144657135 0.37870925664901733
vt 0.5797630548477173 0.43118488788604736
vt 0.5703009366989136 0.2940469980239868
vt 0.451116144657135 0.37870925664901733
vt 0.5703008770942688 0.38516879081726074
vt 0.6894856095314026 0.39162832498550415
vt 0.5797630548477173 0.43118488788604736
vt 0.3441039025783539 0.20595812797546387
vt 0.2370915710926056 0.21545064449310303
vt 0.34342849254608154 0.13872253894805908
vt 0.3441038727760315 0.2970799207687378
vt 0.4511162340641022 0.19646567106246948
vt 0.39727234840393066 0.1675940752029419
vt 0.2370915710926056 0.21545064449310303
vt 0.39727234840393066 0.1675940752029419
vt 0.34342849254608154 0.13872253894805908
vt 0.689485490322113 0.38836395740509033
vt 0.828201174736023 0.32386136054992676
vt 0.8125853538513184 0.23163360357284546
vt 0.9669167995452881 0.2593587636947632
vt 0.8321323394775391 0.3731083273887634
vt 0.9669167995452881 0.2593587636947632
vt 0.828201174736023 0.32386136054992676
vt 0.8125853538513184 0.23163360357284546
vt 0.689485490322113 0.38836395740509033
vt 0.8321323394775391 0.3731083273887634
vt 0.9980000257492065 0.3298438787460327
vt 0.9562909603118896 0.2750859260559082
vt 0.9145819544792175 0.3135775327682495
vt 0.9562909603118896 0.2750859260559082
vt 0.9980000257492065 0.21589338779449463
vt 0.9145819544792175 0.22032803297042847
vt 0.9980000257492065 0.3298438787460327
vt 0.9145819544792175 0.3135775327682495
vt 0.503852367401123 0.16469073295593262
vt 0.5565884709358215 0.13291573524475098
vt 0.663411557674408 0.20383691787719727
vt 0.5565884709358215 0.13291573524475098
vt 0.5572639107704163 0.20015132427215576
vt 0.663411557674408 0.20383691787719727
vt 0.4511162340641022 0.19646567106246948
vt 0.503852367401123 0.16469073295593262
vt 0.08729446679353714 0.7114681601524353
vt 0.1896495223045349 0.7589751482009888
vt 0.09707308560609818 0.7702842354774475
vt 0.004496655892580748 0.7815933227539062
vt 0.09707309305667877 0.7702842354774475
vt 0.08729445934295654 0.7114681601524353
vt 0.004496655892580748 0.7815933227539062
vt 0.1896495223045349 0.7589751482009888
vt 0.09813085943460464 0.8131877183914185
vt 0.09954491257667542 0.8169938921928406
vt 0.08920308202505112 0.7548940181732178
vt 0.008313890546560287 0.8684450387954712
vt 0.19077594578266144 0.76554274559021
vt 0.10016391426324844 0.8556188941001892
vt 0.8670185208320618 0.5309398174285889
vt 0.8452713489532471 0.639394223690033
vt 0.08920307457447052 0.7548940181732178
vt 0.19077594578266144 0.76554274559021
vt 0.09954492002725601 0.8169938921928406
vt 0.008313890546560287 0.8684450387954712
vt 0.9145819544792175 0.016339600086212158
vt 0.9145819544792175 0.09408855438232422
vt 0.9980000257492065 0.11634093523025513
vt 0.9980000257492065 0.01251220703125
vt 0.10016392171382904 0.8556188941001892
vt 0.3441038727760315 0.2970799207687378
vt 0.3441039025783539 0.20595812797546387
vt 0.9190000295639038 0.12646281719207764
vt 0.9190000295639038 0.009975552558898926
vt 0.9980000257492065 0.0208473801612854
vt 0.9980000257492065 0.16249990463256836
vt 0.9190000295639038 0.27205991744995117
vt 0.9980000257492065 0.28335142135620117
vt 0.9190000295639038 0.3602639436721802
vt 0.9980000257492065 0.39477455615997314
vt 0.9276782274246216 0.4881933927536011
vt 0.30221980810165405 0.8672311007976532
vt 0.3054960370063782 0.9380239546298981
vt 0.0018580853939056396 0.46399998664855957
vt 0.0731336697936058 0.4360646605491638
vt 0.0020000000949949026 0.41787511110305786
vt 0.06372735649347305 0.3891914486885071
vt 0.0020000000949949026 0.41693222522735596
vt 0.04073476791381836 0.34079664945602417
vt 0.057999998331069946 0.25328660011291504
vt 0.4145442545413971 0.8509220480918884
vt 0.3020969033241272 0.8049485981464386
vt 0.3054960370063782 0.9380239546298981
vt 0.4145442545413971 0.8509220480918884
vt 0.30221980810165405 0.8672311007976532
vt 0.8328922986984253 0.9894911050796509
vt 0.998276948928833 0.9854727983474731
vt 0.980575442314148 0.8887828588485718
vt 0.1898953914642334 0.883540153503418
vt 0.3020969033241272 0.8049485981464386
vt 0.5572639107704163 0.20015132427215576
vt 0.5117424726486206 0.6334670186042786
vt 0.4945386052131653 0.5755995213985443
vt 0.553930401802063 0.5691092014312744
vt 0.47733476758003235 0.5177320241928101
vt 0.4351468086242676 0.5820898413658142
vt 0.47733476758003235 0.5177320241928101
vt 0.4945386052131653 0.5755995213985443
vt 0.553930401802063 0.5691092014312744
vt 0.5117424726486206 0.6334670186042786
vt 0.4351468086242676 0.5820898413658142
vt 0.844226062297821 0.6378786563873291
vt 0.04073479771614075 0.3400287628173828
vt 0.06372741609811783 0.3900858163833618
vt 0.057999998331069946 0.254138708114624
vt 0.5250160098075867 0.9937290549278259
vt 0.5217397809028625 0.922936201095581
vt 0.6289353370666504 0.9949503540992737
vt 0.9805180430412292 0.8894708156585693
vt 0.3593142628669739 0.6289353966712952
vt 0.29179805517196655 0.7059754729270935
vt 0.25879666209220886 0.5765169262886047
vt 0.22478631138801575 0.6710298359394073
vt 0.32580840587615967 0.6114625632762909
vt 0.42109668254852295 0.9925077557563782
vt 0.5282162427902222 0.9247278571128845
vt 0.5217397809028625 0.922936201095581
vt 0.42109668254852295 0.9925077557563782
vt 0.5250160098075867 0.9937290549278259
vt 0.6289353370666504 0.9949503540992737
vt 0.5282162427902222 0.9247278571128845
vt 0.6582539677619934 0.20390844345092773
vt 0.5521270036697388 0.1709492802619934
vt 0.5677427649497986 0.2631770372390747
vt 0.38233813643455505 0.5865886211395264
vt 0.34879758954048157 0.5691059231758118
vt 0.32587772607803345 0.6114822924137115
vt 0.31525707244873047 0.5516232550144196
vt 0.34879758954048157 0.5691059231758118
vt 0.32587772607803345 0.6114822924137115
vt 0.31525707244873047 0.5516232550144196
vt 0.38233813643455505 0.5865886211395264
vt 0.41394880414009094 0.6142391562461853
vt 0.45201271772384644 0.6394763588905334
vt 0.41394880414009094 0.6142391562461853
vt 0.4350774586200714 0.5820701122283936
vt 0.45201271772384644 0.6394763588905334
vt 0.4731413722038269 0.6073073148727417
vt 0.51120525598526 0.6325445175170898
vt 0.4942700266838074 0.57513827085495
vt 0.4731413722038269 0.6073073148727417
vt 0.51120525598526 0.6325445175170898
vt 0.9513391852378845 0.012000739574432373
vt 0.9615645408630371 0.1504908800125122
vt 0.6582539677619934 0.20390844345092773
vt 0.6634116172790527 0.08730578422546387
vt 0.4942700266838074 0.57513827085495
vt 0.47680890560150146 0.11334264278411865
vt 0.4497654139995575 0.06199449300765991
vt 0.47680890560150146 0.11334264278411865
vt 0.4497654139995575 0.06199449300765991
vt 0.4235188961029053 0.11479425430297852
vt 0.4235188961029053 0.11479425430297852
vt 0.44600000977516174 0.13799011707305908
vt 0.5540096759796143 0.1329514980316162
vt 0.44600000977516174 0.13799011707305908
vt 0.5521270036697388 0.1709492802619934
vt 0.5677427649497986 0.2631770372390747
vt 0.5540096759796143 0.1329514980316162
vt 0.8151763677597046 0.2845912575721741
vt 0.9669411778450012 0.3653455972671509
vt 0.8282133936882019 0.3784869909286499
vt 0.8282133936882019 0.3784869909286499
vt 0.8151763677597046 0.2845912575721741
vt 0.9669411778450012 0.3653455972671509
vt 0.8321323394775391 0.3780573606491089
vt 0.553462564945221 0.5682064294815063
vt 0.553462564945221 0.5682064294815063
vt 0.521734893321991 0.7348566949367523
vt 0.9980000257492065 0.44592928886413574
vt 0.9980000257492065 0.49708402156829834
vt 0.844226062297821 0.6378786563873291
vt 0.9768741130828857 0.4261394739151001
vt 0.9747790694236755 0.3644863963127136
vt 0.9789690971374512 0.4877924919128418
vt 0.9081867933273315 0.39427995681762695
vt 0.9092342853546143 0.425106406211853
vt 0.9980000257492065 0.44592928886413574
vt 0.9980000257492065 0.39477455615997314
vt 0.9276782274246216 0.4881933927536011
vt 0.9980000257492065 0.49708402156829834
vt 0.9789690971374512 0.4877924919128418
vt 0.9113293290138245 0.4867594838142395
vt 0.9768741130828857 0.4261394739151001
vt 0.8436895608901978 0.4857264757156372
vt 0.9092342853546143 0.425106406211853
vt 0.5153986811637878 0.5429692268371582
vt 0.5521093606948853 0.5162866115570068
vt 0.5153986811637878 0.5429692268371582
vt 0.5521093606948853 0.5162866115570068
vt 0.6268839240074158 0.5148411989212036
vt 0.6282371282577515 0.5667610168457031
vt 0.658470630645752 0.5408678650856018
vt 0.6900573968887329 0.5668945014476776
vt 0.688704252243042 0.5149746835231781
vt 0.6282371282577515 0.5667610168457031
vt 0.658470630645752 0.5408678650856018
vt 0.6900573968887329 0.5668945014476776
vt 0.6268839240074158 0.5148411989212036
vt 0.688704252243042 0.5149746835231781
vt 0.9980000257492065 0.401897668838501
vt 0.9562909603118896 0.3937644958496094
vt 0.9980000257492065 0.47395145893096924
vt 0.9768741130828857 0.42282259464263916
vt 0.9980000257492065 0.401897668838501
vt 0.9980000257492065 0.47395145893096924
vt 0.9562909603118896 0.3937644958496094
vt 0.9768741130828857 0.42282259464263916
vt 0.9747791886329651 0.3578526973724365
vt 0.3493689000606537 0.47542625665664673
vt 0.4511163830757141 0.4806077480316162
vt 0.34182852506637573 0.4352964162826538
vt 0.34182852506637573 0.4358605146408081
vt 0.24762141704559326 0.47024476528167725
vt 0.4511163830757141 0.4806077480316162
vt 0.3493689000606537 0.47542625665664673
vt 0.34182852506637573 0.4352964162826538
vt 0.24762141704559326 0.47024476528167725
vt 0.34182852506637573 0.4358605146408081
vt 0.521734893321991 0.7348566949367523
vt 0.5565885305404663 0.07465016841888428
vt 0.1550481766462326 0.15345078706741333
vt 0.15369686484336853 0.2026422619819641
vt 0.07030215859413147 0.1898338794708252
vt 0.14754578471183777 0.23479467630386353
vt 0.15369686484336853 0.2026422619819641
vt 0.1550481766462326 0.15345078706741333
vt 0.07030215859413147 0.1898338794708252
vt 0.14754578471183777 0.23479467630386353
vt 0.15111808478832245 0.20256662368774414
vt 0.23193401098251343 0.21529936790466309
vt 0.1449670046567917 0.23429298400878906
vt 0.15111808478832245 0.20256662368774414
vt 0.23193401098251343 0.21529936790466309
vt 0.1449670046567917 0.23429298400878906
vt 0.9145819544792175 0.43164777755737305
vt 0.9145819544792175 0.43164777755737305
vt 0.9190000295639038 0.27205991744995117
vt 0.7084100246429443 0.4836604595184326
vt 0.09887264668941498 0.9140960276126862
vt 0.09543289989233017 0.9687111973762512
vt 0.007849901914596558 0.9446519017219543
vt 0.18301589787006378 0.9927704930305481
vt 0.00991932861506939 0.9951148629188538
vt 0.18301589787006378 0.9927704930305481
vt 0.09887264668941498 0.9140960276126862
vt 0.09543289989233017 0.9687111973762512
vt 0.007849901914596558 0.9446519017219543
vt 0.00991932861506939 0.9951148629188538
vt 0.9980000257492065 0.28335142135620117
vt 0.9190000295639038 0.3602639436721802
vt 0.6295903325080872 0.6186808347702026
vt 0.6295903325080872 0.6186808347702026
vt 0.8363327980041504 0.9881778955459595
vt 0.9142591953277588 0.874018132686615
vt 0.9138303995132446 0.9372499585151672
vt 0.9900535345077515 0.9859724640846252
vt 0.9142591953277588 0.874018132686615
vt 0.9138303995132446 0.9372499585151672
vt 0.8363327980041504 0.9881778955459595
vt 0.9900535345077515 0.9859724640846252
vt 0.14527031779289246 0.3216358423233032
vt 0.057999998331069946 0.25328660011291504
vt 0.14527031779289246 0.3216358423233032
vt 0.14527034759521484 0.322625994682312
vt 0.14527034759521484 0.322625994682312
vt 0.057999998331069946 0.254138708114624
vt 0.8415945768356323 0.42075657844543457
vt 0.15567442774772644 0.43016529083251953
vt 0.23254069685935974 0.3911133408546448
vt 0.0731336697936058 0.4360646605491638
vt 0.15567441284656525 0.43016529083251953
vt 0.06372741609811783 0.3900858163833618
vt 0.23254069685935974 0.3911133408546448
vt 0.009551888331770897 0.9456950426101685
vt 0.10047047585248947 0.942611575126648
vt 0.1910216212272644 0.8901082873344421
vt 0.009551888331770897 0.9456950426101685
vt 0.10047047585248947 0.942611575126648
vt 0.1910216212272644 0.8901082873344421
vt 0.7702711820602417 0.43085891008377075
vt 0.8415945768356323 0.42075657844543457
vt 0.15567438304424286 0.42971813678741455
vt 0.23254063725471497 0.3899851441383362
vt 0.15567439794540405 0.42971813678741455
vt 0.06372735649347305 0.3891914486885071
vt 0.23254063725471497 0.3899851441383362
vt 0.8150666952133179 0.17666184902191162
vt 0.8073753714561462 0.10791885852813721
vt 0.8150666952133179 0.17666184902191162
vt 0.8073753714561462 0.10791885852813721
vt 0.9513391852378845 0.012000739574432373
vt 0.6634116172790527 0.08730578422546387
vt 0.9141446352005005 0.9246012270450592
vt 0.8382356762886047 0.8632299900054932
vt 0.9141446352005005 0.9246012270450592
vt 0.8382356762886047 0.8632299900054932
vt 0.006612198892980814 0.8674002885818481
vt 0.7505245208740234 0.5151081681251526
vt 0.006612198892980814 0.8674002885818481
vt 0.6905252933502197 0.5677972733974457
vt 0.7505245208740234 0.5151081681251526
vt 0.6905252933502197 0.5677972733974457
vt 0.34084969758987427 0.1386469602584839
vt 0.3389670252799988 0.17664474248886108
vt 0.34152501821517944 0.2962465286254883
vt 0.34084969758987427 0.1386469602584839
vt 0.3389670252799988 0.17664474248886108
vt 0.34152501821517944 0.2962465286254883
vt 0.8371903300285339 0.861714243888855
vt 0.8371903300285339 0.861714243888855
vt 0.23979419469833374 0.11706769466400146
vt 0.23979419469833374 0.11706769466400146
vt 0.7362630367279053 0.8593311011791229
vt 0.7330628633499146 0.9283322989940643
vt 0.8392215371131897 0.9939553141593933
vt 0.7362630367279053 0.8593311011791229
vt 0.7330628633499146 0.9283322989940643
vt 0.8392215371131897 0.9939553141593933
vt 0.2242230921983719 0.6677460372447968
vt 0.29130417108535767 0.7027114033699036
vt 0.17009226977825165 0.6413429975509644
vt 0.2242230921983719 0.6677460372447968
vt 0.25879666209220886 0.5765169262886047
vt 0.29130417108535767 0.7027114033699036
vt 0.17009226977825165 0.6413429975509644
vt 0.7702711820602417 0.43085891008377075
vt 0.45111605525016785 0.3771936893463135
vt 0.45111605525016785 0.3771936893463135
vt 0.630526065826416 0.6204863786697388
vt 0.7378987073898315 0.6299403011798859
vt 0.630526065826416 0.6204863786697388
vt 0.7378987073898315 0.6299403011798859
vt 0.7369081974029541 0.6282797455787659
vt 0.7369081974029541 0.6282797455787659
vt 0.7340784072875977 0.9944528341293335
vt 0.7378780841827393 0.9263168275356293
vt 0.5255394577980042 0.8548001945018768
vt 0.5147467255592346 0.7525629997253418
vt 0.6365346312522888 0.8586783409118652
vt 0.5147467255592346 0.7525629997253418
vt 0.5255394577980042 0.8548001945018768
vt 0.6365346312522888 0.8586783409118652
vt 0.29192090034484863 0.7682582437992096
vt 0.29192090034484863 0.7682582437992096
vt 0.29179805517196655 0.7059754729270935
vt 0.9615645408630371 0.1504908800125122
vt 0.41387948393821716 0.851032555103302
vt 0.41387948393821716 0.851032555103302
vt 0.9667218923568726 0.14948683977127075
vt 0.9667218923568726 0.14948683977127075
vt 0.3929588198661804 0.6464476585388184
vt 0.3929588198661804 0.6464476585388184
vt 0.5797630548477173 0.43042707443237305
vt 0.5797630548477173 0.43042707443237305
vt 0.7373851537704468 0.8609541654586792
vt 0.734380841255188 0.741858184337616
vt 0.7397809028625488 0.74741330742836
vt 0.7397809028625488 0.74741330742836
vt 0.734380841255188 0.741858184337616
vt 0.7373851537704468 0.8609541654586792
vt 0.7378780841827393 0.9263168275356293
vt 0.3024505376815796 0.8705704212188721
vt 0.29844769835472107 0.921901524066925
vt 0.6353358030319214 0.8569479584693909
vt 0.6353358030319214 0.8569479584693909
vt 0.3024505376815796 0.8705704212188721
vt 0.29844769835472107 0.921901524066925
vt 0.32580840587615967 0.6114625632762909
vt 0.7973753213882446 0.5764934122562408
vt 0.7973753213882446 0.5764934122562408
vt 0.7340784072875977 0.9944528341293335
vt 0.7978979349136353 0.5772511959075928
vt 0.7978979349136353 0.5772511959075928
vt 0.30205628275871277 0.9926391243934631
vt 0.30205628275871277 0.9926391243934631
vt 0.5703007578849792 0.3827788233757019
vt 0.5703007578849792 0.3827788233757019
vt 0.9148983955383301 0.8747856020927429
vt 0.9148983955383301 0.8747856020927429
vt 0.998276948928833 0.9854727983474731
vt 0.8328922986984253 0.9894911050796509
vt 0.980575442314148 0.8887828588485718
vt 0.0020000000949949026 0.41693222522735596
vt 0.04073476791381836 0.34079664945602417
vt 0.09825379401445389 0.8754702210426331
vt 0.10028675198554993 0.9179016649723053
vt 0.10028675943613052 0.9179016649723053
vt 0.5565885305404663 0.07465016841888428
vt 0.5797631740570068 0.4821341037750244
vt 0.5797631740570068 0.4821341037750244
vt 0.3447797894477844 0.0895310640335083
vt 0.9131931662559509 0.9870751798152924
vt 0.9131931662559509 0.9870751798152924
vt 0.1481339931488037 0.38958829641342163
vt 0.1481339931488037 0.38958829641342163
vt 0.09646761417388916 0.9939426779747009
vt 0.09646761417388916 0.9939426779747009
vt 0.1481340527534485 0.3905996084213257
vt 0.1481340527534485 0.3905996084213257
vt 0.3418284058570862 0.38491129875183105
vt 0.3418284058570862 0.38491129875183105
vt 0.3418283462524414 0.38358938694000244
vt 0.3418283462524414 0.38358938694000244
vt 0.6846855878829956 0.6830470561981201
vt 0.6846855878829956 0.6830470561981201
vt 0.9805180430412292 0.8894708156585693
vt 0.3447797894477844 0.0895310640335083
vt 0.0020000000949949026 0.41787511110305786
vt 0.04073479771614075 0.3400287628173828
vt 0.5246076583862305 0.8539902567863464
vt 0.5246076583862305 0.8539902567863464
vt 0.22478631138801575 0.6710298359394073
vt 0.0018580853939056396 0.46399998664855957
vt -6.399874687194824 2.87002170085907
vt -6.374427318572998 3.0356016159057617
vt -6.535103797912598 3.002005100250244
vt -6.43571662902832 -0.7766174077987671
vt -6.53192138671875 -0.6563332080841064
vt -6.653573513031006 -0.701629638671875
vt -6.62812614440918 -0.5360491275787354
vt -6.397545337677002 -0.5282466411590576
vt -6.184378147125244 -0.4508671760559082
vt -6.781518936157227 2.2732115983963013
vt -6.469561576843262 2.1419472694396973
vt -6.746557235717773 2.317310333251953
vt -6.6281657218933105 2.902416944503784
vt -6.54782772064209 2.919215202331543
vt -6.679020881652832 -0.8672101497650146
vt -6.896878242492676 -0.7922223806381226
vt -6.90960168838501 -0.8750126361846924
vt -6.814822196960449 -1.5441937446594238
vt -6.823816299438477 -1.6027154922485352
vt -6.328723907470703 -1.6287841796875
vt -5.824636936187744 -1.5963306427001953
vt -5.842625141143799 -1.713374376296997
vt -7.1401824951171875 -0.8828151226043701
vt -6.922325134277344 -0.9578028917312622
vt -6.46542501449585 -1.0494904518127441
vt -6.480278968811035 -1.1859266757965088
vt -6.251829147338867 -1.2317705154418945
vt -6.708729267120361 -1.140082836151123
vt -6.495133399963379 -1.3223631381988525
vt -6.373481273651123 -1.277066707611084
vt -6.693875312805176 -1.0036463737487793
vt -6.9371795654296875 -1.0942392349243164
vt -6.952033996582031 -1.2306756973266602
vt -7.165629863739014 -1.0483956336975098
vt -7.068028450012207 2.5700557231903076
vt -6.894628047943115 2.6864421367645264
vt -7.042580604553223 2.7356356382369995
vt -6.721227645874023 2.8028286695480347
vt -7.093475818634033 2.4044759273529053
vt -6.560551166534424 2.8364251852035522
vt -6.573275089263916 2.7536351680755615
vt -6.266683101654053 -1.3682069778442383
vt -6.920075416564941 2.520862340927124
vt -6.907351493835449 2.603652238845825
vt -6.319729804992676 -1.5702621936798096
vt -6.281537055969238 -1.504643201828003
vt -6.166964530944824 -0.5204441547393799
vt -5.705802917480469 -0.504839301109314
vt -6.871430397033691 -0.6266418695449829
vt -6.920016288757324 2.360893130302429
vt -7.550449371337891 -0.5672590732574463
vt -7.141528606414795 -0.34292304515838623
vt -7.62010383605957 -0.28895092010498047
vt -6.39975643157959 2.5500831604003906
vt -6.573215961456299 2.5936659574508667
vt -6.573156833648682 2.433696746826172
vt -6.746675491333008 2.6372487545013428
vt -6.053014755249023 2.9428253173828125
vt -6.226474761962891 2.986408233642578
vt -6.052955627441406 2.782855987548828
vt -6.053074359893799 3.102794647216797
vt -5.879555702209473 2.8992425203323364
vt -6.226415157318115 2.8264389038085938
vt -6.226356029510498 2.6664695739746094
vt -6.399815559387207 2.710052490234375
vt -7.106701374053955 -0.48207712173461914
vt -6.6629533767700195 -0.396895170211792
vt -6.902240753173828 -0.36990904808044434
vt -7.114735126495361 -0.7172346115112305
vt -7.601344108581543 -0.898419976234436
vt -7.089287757873535 -0.5516541004180908
vt -7.626791477203369 -1.0640003681182861
vt -7.652238845825195 -1.2295808792114258
vt -6.548179626464844 -1.5244183540344238
vt -7.309914588928223 -1.518125057220459
vt -6.856456756591797 2.934812068939209
vt -6.99168586730957 3.0667953491210938
vt -7.805006980895996 -1.4920566082000732
vt -5.879673957824707 3.2191810607910156
vt -5.706274032592773 3.3355674743652344
vt -6.027626991271973 3.268374443054199
vt -5.706155776977539 3.0156288146972656
vt -6.226237773895264 2.3465311527252197
vt -6.052837371826172 2.4629175662994385
vt -6.3996381759643555 2.2301446199417114
vt -6.0527191162109375 2.1429789066314697
vt -5.879318714141846 2.259365439414978
vt -5.7058000564575195 2.0558133125305176
vt -5.705918312072754 2.3757518529891968
vt -5.7060370445251465 2.695690393447876
vt -6.738437652587891 -1.4129557609558105
vt -6.348979949951172 3.201181411743164
vt -6.048072814941406 3.318723440170288
vt -6.389871597290039 3.301879405975342
vt -5.794928550720215 -1.3234577178955078
vt -6.038232803344727 -1.414050579071045
vt -6.695780277252197 2.9684085845947266
vt -6.22212028503418 -0.958897590637207
vt -5.978816032409668 -0.8683048486709595
vt -5.765219688415527 -1.0505850315093994
vt -6.19241189956665 -0.6860246658325195
vt -5.735511302947998 -0.7777121067047119
vt -7.195338249206543 -1.3212683200836182
vt -7.791900634765625 -1.4059903621673584
vt -6.423666000366211 -0.4238811731338501
vt -7.632048606872559 -0.3658849000930786
vt -6.410268783569336 -0.6110368967056274
vt -6.690778732299805 3.1843373775482178
vt -6.670332908630371 3.133988380432129
vt -6.851442337036133 2.185014247894287
vt -6.731670379638672 3.2850353717803955
vt -6.210328102111816 3.3664493560791016
vt -7.073469638824463 3.268191337585449
vt -6.714382648468018 3.3973312377929688
vt -6.201026916503906 3.1519880294799805
vt -6.008524417877197 -1.1411776542663574
vt -6.763394832611084 3.034400224685669
vt -5.706106185913086 -1.0505850315093994
vt -7.233323097229004 2.228081226348877
vt -6.972458839416504 2.294745087623596
vt -7.038893699645996 3.492783308029175
vt -6.5730977058410645 2.2737274169921875
vt -7.233530521392822 -1.3868873119354248
vt -5.735814571380615 -1.3234577178955078
vt -5.780074119567871 -1.187021255493164
vt -6.858706951141357 -0.5438516139984131
vt -6.876120567321777 -0.4742746353149414
vt -6.7057390213012695 3.453479290008545
vt -6.372583866119385 3.414175510406494
vt -6.0394287109375 3.3748714923858643
vt -5.706409454345703 -1.5963306427001953
vt -5.750669002532959 -1.4598941802978516
vt -6.087680816650391 2.0988802909851074
vt -5.809782981872559 -1.4598941802978516
vt -7.314411640167236 -1.5473861694335938
vt -6.333220481872559 -1.6580448150634766
vt -6.450570583343506 -0.9130538702011108
vt 0.20000000298023224 0.48264795541763306
vt 0.2070000022649765 0.3568430542945862
vt 0.3499999940395355 0.49132394790649414
vt 0.18966835737228394 0.02907562255859375
vt 0.4691506326198578 0.025360703468322754
vt 0.41509172320365906 0.28021836280822754
vt 0.5 0.3845024108886719
vt 0.35350000858306885 0.2620508670806885
vt 0.5 0.16725867986679077
vt 0.5 0.5
vt 0.35350000858306885 0.4284214973449707
vt 0.20000000298023224 0.14626312255859375
vt 2.5410056114196777 0.34200000762939453
vt 2.844835042953491 0.34200000762939453
vt 2.7009830474853516 0.5000000298023224
vt 2.557130813598633 0.6580000519752502
vt 2.747626781463623 0.6580000519752502
vt 1.5624773502349854 0.3649582862854004
vt 1.3308815956115723 0.3649582862854004
vt 1.5624773502349854 0.3379509449005127
vt 1.7940731048583984 0.3649582862854004
vt 2.375810146331787 0.3398599624633789
vt 2.5992209911346436 0.3398599624633789
vt 2.376418352127075 0.3798949718475342
vt 2.1523995399475098 0.3398599624633789
vt 1.2587566375732422 0.3398599624633789
vt 1.7061861753463745 0.3798949718475342
vt 1.4827754497528076 0.3798949718475342
vt 1.9295969009399414 0.3798949718475342
vt 1.706794261932373 0.41992998123168945
vt 3.5407209396362305 0.6544191837310791
vt 3.327648401260376 0.6544191837310791
vt 3.434202194213867 0.6666261851787567
vt 3.753793478012085 0.6544191837310791
vt 0.4780290126800537 0.6580000519752502
vt 0.26340219378471375 0.6580000519752502
vt 0.4780290126800537 0.6185000538825989
vt 0.6926558017730713 0.6580000519752502
vt 1.2828794717788696 0.49012500047683716
vt 1.1219093799591064 0.5000000298023224
vt 1.336536169052124 0.46050000190734863
vt 1.4438495635986328 0.4802500009536743
vt 0.404498428106308 0.3649582862854004
vt 0.1652572751045227 0.3109436631202698
vt 0.404498428106308 0.25692903995513916
vt 0.18501800298690796 0.25692903995513916
vt -0.07398385554552078 0.3649582862854004
vt 1.336536169052124 0.5395000576972961
vt 0.6360942125320435 0.3109436631202698
vt 1.5511629581451416 0.5000000298023224
vt 1.604819655418396 0.4703750014305115
vt 1.7657897472381592 0.46050000190734863
vt -0.07398385554552078 0.3649582862854004
vt 0.16525721549987793 0.3649582862854004
vt -0.034462422132492065 0.25692903995513916
vt 1.9804165363311768 0.34200000762939453
vt 2.260711193084717 0.34200000762939453
vt 2.260711193084717 0.5000000298023224
vt 1.5511629581451416 0.42100000381469727
vt 1.336536169052124 0.6580000519752502
vt 1.1219093799591064 0.6580000519752502
vt 1.336536169052124 0.6185000538825989
vt 2.0256688594818115 0.25692903995513916
vt 2.0256688594818115 0.270432710647583
vt 1.7940731048583984 0.28393638134002686
vt 2.2572646141052246 0.25692903995513916
vt 2.0256688594818115 0.3244473338127136
vt 1.5624773502349854 0.2974400520324707
vt 1.3308814764022827 0.3109436631202698
vt 1.7940731048583984 0.3379509449005127
vt 1.2150835990905762 0.3109436631202698
vt 1.0992857217788696 0.32444727420806885
vt 0.8676899671554565 0.3379509449005127
vt 1.9308130741119385 0.4599649906158447
vt 2.154831886291504 0.4999999403953552
vt 1.9320292472839355 0.5400349497795105
vt 2.934641122817993 0.4399474859237671
vt 2.823239803314209 0.3798949718475342
vt 3.0460424423217773 0.3398599624633789
vt 2.6004371643066406 0.41992998123168945
vt 1.2390815019607544 0.3399999141693115
vt 1.5362730026245117 0.4999999403953552
vt 1.275566577911377 0.6599999666213989
vt 1.8147436380386353 0.6599999666213989
vt 1.7969794273376465 0.3399999141693115
vt 2.3776345252990723 0.4599649906158447
vt 0.7223275303840637 0.3240000009536743
vt 1.0164281129837036 0.4954778552055359
vt 0.7199594378471375 0.6669557094573975
vt 1.3128572702407837 0.6669557094573975
vt 1.312896728515625 0.3240000009536743
vt 1.4839916229248047 0.45996493101119995
vt 1.5511629581451416 0.5790000557899475
vt 1.5511629581451416 0.6580000519752502
vt 1.5511629581451416 0.34200000762939453
vt 1.7657897472381592 0.3815000057220459
vt 0.3133288621902466 0.6670000553131104
vt -0.2387784719467163 0.6670000553131104
vt 0.064456045627594 0.5000000298023224
vt 0.3676905632019043 0.3330000042915344
vt 2.7950191497802734 0.6910401880741119
vt 2.901503324508667 0.6544191837310791
vt 2.6884655952453613 0.6788331866264343
vt -0.2387784719467163 0.3330000042915344
vt 2.475358247756958 0.6544191837310791
vt 2.4754276275634766 0.7032471895217896
vt -0.19780972599983215 0.6690000295639038
vt -0.4660194218158722 0.5000000298023224
vt -0.1874522715806961 0.33100003004074097
vt 2.9015727043151855 0.7032471895217896
vt 2.688534736633301 0.7276611924171448
vt -0.744623601436615 0.33100003004074097
vt -0.7445865869522095 0.6690000295639038
vt 2.901641845703125 0.7520751655101776
vt 3.1146106719970703 0.6788331866264343
vt 3.5407557487487793 0.6788331866264343
vt 3.3277177810668945 0.7032471895217896
vt 3.5408248901367188 0.7276611626148224
vt 3.1146798133850098 0.7276611924171448
vt 3.114748954772949 0.7764891684055328
vt 3.371077537536621 0.6788331866264343
vt 3.371077537536621 0.7276611924171448
vt 3.152688503265381 0.7520751655101776
vt 3.5894663333892822 0.7032471895217896
vt 3.3710732460021973 0.7764891684055328
vt 3.8078510761260986 0.7276611626148224
vt 3.8078551292419434 0.6788331866264343
vt 4.026244163513184 0.6544191837310791
vt 2.2623205184936523 0.8497311472892761
vt 2.4754276275634766 0.8497311472892761
vt 2.2623205184936523 0.8253171443939209
vt 2.049213171005249 0.8497311472892761
vt 3.114748954772949 0.8497311472892761
vt 3.3278560638427734 0.8497311472892761
vt 3.114748954772949 0.8253171443939209
vt 2.901641845703125 0.8497311472892761
vt 2.688534736633301 0.7764891684055328
vt 2.4754276275634766 0.8009031563997269
vt 2.688534736633301 0.8253171443939209
vt 3.3278560638427734 0.8009031563997269
vt 2.7159109115600586 0.6544191837310791
vt 2.9342997074127197 0.6788331866264343
vt 2.7159109115600586 0.7032471895217896
vt 3.152688503265381 0.6544191837310791
vt 2.9342997074127197 0.7276611924171448
vt 2.934295654296875 0.8253171443939209
vt 2.9342997074127197 0.7764891684055328
vt 2.7159109115600586 0.8009031563997269
vt 0.6360940933227539 0.35145461559295654
vt 0.867689847946167 0.3649582862854004
vt 0.867689847946167 0.3379509449005127
vt 0.6360941529273987 0.2974399924278259
vt 0.40449830889701843 0.3649582862854004
vt 1.5624771118164062 0.35145461559295654
vt 1.7940728664398193 0.3649582862854004
vt 1.7940728664398193 0.3379509449005127
vt 1.3308813571929932 0.3649582862854004
vt 1.3308813571929932 0.3109436631202698
vt 2.6884307861328125 0.6544191837310791
vt 3.2744064331054688 0.6727296710014343
vt 2.635223388671875 0.6971436738967896
vt -0.3101452589035034 0.3649582862854004
vt -0.17230384051799774 0.3109436631202698
vt -0.034462422132492065 0.25692903995513916
vt -0.23973101377487183 0.25692903995513916
vt 0.13343697786331177 0.33100003004074097
vt 0.5745777487754822 0.33100003004074097
vt 0.32726386189460754 0.5000000298023224
vt 0.07994996756315231 0.6690000295639038
vt 2.954814910888672 0.6849367022514343
vt 0.8676899671554565 0.3109436631202698
vt 0.9834879040718079 0.3109436631202698
vt 0.9072825908660889 0.6580000519752502
vt 0.9072825908660889 0.6185000538825989
vt 3.1145758628845215 0.6544191837310791
vt 1.7657897472381592 0.6580000519752502
vt 1.7657897472381592 0.6185000538825989
vt 1.9804165363311768 0.6580000519752502
vt 2.2622857093811035 0.6544191837310791
vt 2.049213171005249 0.6544191837310791
vt 2.2623205184936523 0.6788331866264343
vt 2.2572643756866455 0.25692903995513916
vt 2.0256686210632324 0.25692903995513916
vt 2.1414666175842285 0.3109436631202698
vt 3.5409631729125977 0.8497311472892761
vt 3.754070520401001 0.8497311472892761
vt 3.5409631729125977 0.8253171443939209
vt 1.4864239692687988 0.6601399183273315
vt 1.26362144947052 0.6601399183273315
vt 1.4864239692687988 0.6201049089431763
vt 1.7092266082763672 0.6601399183273315
vt 2.4975218772888184 0.6544191837310791
vt 2.4975218772888184 0.6788331866264343
vt 2.2791330814361572 0.6544191837310791
vt 3.5894663333892822 0.6788331866264343
vt 0.18501800298690796 0.25692903995513916
vt 0.18501794338226318 0.3109436631202698
vt -11.822158813476562 -1.59511137008667
vt -11.787870407104492 -1.4956440925598145
vt -12.433149337768555 -1.3964874744415283
vt 1.1586405038833618 0.6690000295639038
vt 0.5763330459594727 0.6690000295639038
vt 0.794624924659729 0.5000000298023224
vt 1.0129168033599854 0.33100003004074097
vt 0.3904685378074646 1.2445296049118042
vt 0.5145822763442993 1.2967634797096252
vt 0.7628097534179688 1.3489973545074463
vt 1.5180304050445557 0.3399999141693115
vt 0.7422608733177185 0.2547915577888489
vt 0.48335376381874084 0.3088061809539795
vt 0.7422916293144226 0.36282074451446533
vt 1.017612099647522 0.3240000009536743
vt 1.9320292472839355 0.6601399183273315
vt 1.9320292472839355 0.6201049089431763
vt 2.154831886291504 0.6601399183273315
vt 0.22441591322422028 0.2547915577888489
vt 0.4874342978000641 0.3088061809539795
vt 0.23260784149169922 0.36282074451446533
vt 0.4874497354030609 0.36282074451446533
vt 0.742260754108429 0.2547915577888489
vt 2.9342997074127197 0.6544191837310791
vt 1.5624771118164062 0.3109436631202698
vt 1.5624771118164062 0.32444727420806885
vt -0.471198171377182 0.6690000295639038
vt 1.0164083242416382 0.6669557094573975
vt 0.044611431658267975 1.3489973545074463
vt -0.1574804037809372 1.3489973545074463
vt -0.05184166133403778 1.2967634797096252
vt 0.053797073662281036 1.2445296049118042
vt -0.13407094776630402 1.2445296049118042
vt 0.05845792964100838 0.36282074451446533
vt -0.15254047513008118 0.36282074451446533
vt -0.042448513209819794 0.3088061809539795
vt 0.06764344871044159 0.2547915577888489
vt -0.12913113832473755 0.2547915577888489
vt 0.27454671263694763 1.3489973545074463
vt 0.15548312664031982 1.2967634797096252
vt 0.26635482907295227 1.2445296049118042
vt 0.16007596254348755 1.2445296049118042
vt -0.1574804037809372 1.3489973545074463
vt 0.044611550867557526 1.3489973545074463
vt -0.04472976177930832 1.2967634797096252
vt -0.13407106697559357 1.2445296049118042
vt -0.040137045085430145 1.2445296049118042
vt 0.14143691956996918 0.3088061809539795
vt -0.15254047513008118 0.36282074451446533
vt 0.05845789983868599 0.36282074451446533
vt -0.03533661738038063 0.3088061809539795
vt -0.12913113832473755 0.2547915577888489
vt 0.06764344871044159 0.2547915577888489
vt 0.27454671263694763 1.3489973545074463
vt 0.16417184472084045 1.2967634797096252
vt 0.05379698425531387 1.2445296049118042
vt 0.16007590293884277 1.2445296049118042
vt -0.3603173792362213 1.3489973545074463
vt -0.24719417095184326 1.2967634797096252
vt -0.23058056831359863 1.2445296049118042
vt 0.23260784149169922 0.36282074451446533
vt 0.150125652551651 0.3088061809539795
vt 0.22441591322422028 0.2547915577888489
vt -0.36083540320396423 0.36282074451446533
vt -0.2449832707643509 0.3088061809539795
vt -0.32760822772979736 0.2547915577888489
vt -0.25889888405799866 1.3489973545074463
vt -0.32709020376205444 1.2445296049118042
vt 1.1175751686096191 0.3330000042915344
vt 1.3292162418365479 0.3330000042915344
vt 1.1151107549667358 0.6670000553131104
vt 1.540857195854187 0.3330000042915344
vt -0.2566879391670227 0.36282074451446533
vt 0.7937473058700562 0.33100003004074097
vt -0.24228531122207642 1.2967634797096252
vt -0.24007435142993927 0.3088061809539795
vt 0.26340219378471375 0.34200000762939453
vt 0.4780290126800537 0.3815000057220459
vt 0.3707156181335449 0.44075000286102295
vt 0.4780290126800537 0.5395000278949738
vt 0.6926558017730713 0.34200000762939453
vt 0.6926558017730713 0.42100000381469727
vt 1.336536169052124 0.3815000057220459
vt 1.1219093799591064 0.34200000762939453
vt 3.0460424423217773 0.6601399183273315
vt 2.823239803314209 0.5400349497795105
vt 2.3776345252990723 0.6201049089431763
vt 1.7092266082763672 0.5800699293613434
vt 0.6926558017730713 0.5790000557899475
vt 4.0262274742126465 0.8497311472892761
vt 3.8078408241271973 0.8497311472892761
vt 3.80784273147583 0.8253171443939209
vt 3.5894579887390137 0.8009031563997269
vt 2.2623205184936523 0.7764891684055328
vt 2.4975218772888184 0.7764891684055328
vt 0.4833383858203888 0.2547915577888489
vt 0.35387715697288513 0.2547915577888489
vt 0.35388484597206116 0.2817988395690918
vt 0.35387712717056274 0.2547915577888489
vt 0.4833383560180664 0.2547915577888489
vt 0.6127995252609253 0.2547915577888489
vt 0.6127996444702148 0.2547915577888489
vt 0.26340219378471375 0.5000000298023224
vt 2.7675390243530273 0.42993873357772827
vt 1.2150834798812866 0.270432710647583
vt 1.3308813571929932 0.28393638134002686
vt 1.7940728664398193 0.3109436631202698
vt 0.8676899075508118 0.25692903995513916
vt 2.0256686210632324 0.3379509449005127
vt 2.2572643756866455 0.3649582862854004
vt 2.0256686210632324 0.3109436631202698
vt 1.5624771118164062 0.28393638134002686
vt 1.3308813571929932 0.25692903995513916
vt 1.5624771118164062 0.25692903995513916
vt 1.7940728664398193 0.25692903995513916
vt 1.09928560256958 0.28393638134002686
vt 0.867689847946167 0.28393638134002686
vt 0.6360941529273987 0.270432710647583
vt 0.404498428106308 0.25692903995513916
vt 3.0460424423217773 0.4999999403953552
vt 1.9021532535552979 0.7032471895217896
vt 1.7550933361053467 0.6544191837310791
vt 1.7550933361053467 0.7520751655101776
vt 0.14602968096733093 0.2547915577888489
vt -0.3101452589035034 0.3649582862854004
vt -0.23973076045513153 0.25692903995513916
vt 2.6004371643066406 0.6601399183273315
vt 1.7192845344543457 0.6544191837310791
vt 1.867881417274475 0.7032471895217896
vt 1.7538235187530518 0.8497311472892761
vt 3.5894663333892822 0.6544191837310791
vt 1.9992088079452515 0.6544191837310791
vt 2.0164783000946045 0.7520751655101776
vt 1.1268609762191772 0.5800699293613434
vt 0.9925329089164734 0.6601399183273315
vt 0.9901005029678345 0.4999999403953552
vt 2.2791330814361572 0.8497311472892761
vt 2.147805690765381 0.7032471895217896
vt 1.4955124855041504 0.8497311472892761
vt 1.6080334186553955 0.7032471895217896
vt 1.4609735012054443 0.6544191837310791
vt 2.4048895835876465 0.5000000298023224
vt 2.2687735557556152 0.6580000519752502
vt 1.1280771493911743 0.6601399183273315
vt 2.1391708850860596 0.6544191837310791
vt 0.8569886684417725 0.6601399183273315
vt 0.7214443683624268 0.6601399183273315
vt 0.8557724356651306 0.5800699293613434
vt 1.8592467308044434 0.6544191837310791
vt 3.2901151180267334 0.5000000298023224
vt 3.042382001876831 0.5000000298023224
vt 3.146641492843628 0.34200000762939453
vt 2.8914787769317627 0.5000000298023224
vt 2.938122510910034 0.6580000519752502
vt 3.433588743209839 0.6580000519752502
vt 3.1858556270599365 0.6580000519752502
vt 1.0682973861694336 0.6544191837310791
vt 0.9351850748062134 0.6544191837310791
vt 0.9722799062728882 0.7520751655101776
vt 0.8020727038383484 0.6544191837310791
vt 0.3278454840183258 0.6601399183273315
vt 0.08310656249523163 0.6601399183273315
vt 0.1585099697113037 0.4999999403953552
vt 1.060383677482605 0.6544191837310791
vt 1.1934959888458252 0.6544191837310791
vt 1.2442760467529297 0.7520751655101776
vt 1.326608419418335 0.6544191837310791
vt 0.4032489061355591 0.4999999403953552
vt 0.5549511313438416 0.4999999403953552
vt 0.47865232825279236 0.3398599624633789
vt 0.5246449112892151 0.6601399183273315
vt 1.5229464769363403 0.6544191837310791
vt 1.5600413084030151 0.7520751655101776
vt 1.264635443687439 0.6544191837310791
vt 1.3800740242004395 0.7520751655101776
vt 1.281904935836792 0.7520751655101776
vt 0.7820567488670349 0.3398599624633789
vt 1.020406723022461 0.3398599624633789
vt 0.1652572900056839 0.3649582862854004
vt 1.1424870491027832 0.8497311472892761
vt 1.3189997673034668 0.8497311472892761
vt 1.5773108005523682 0.8497311472892761
vt 1.4007980823516846 0.8497311472892761
vt 0.9036325812339783 0.8497311472892761
vt 1.0230598449707031 0.8497311472892761
vt 1.2813708782196045 0.8497311472892761
vt 1.1619435548782349 0.8497311472892761
vt 3.3710670471191406 0.8497311472892761
vt 3.1526803970336914 0.8497311472892761
vt 3.3710691928863525 0.8253171443939209
vt 3.589453935623169 0.8497311472892761
vt 2.4975218772888184 0.8253171443939209
vt 2.7159066200256348 0.8497311472892761
vt 0.179639995098114 0.3398599624633789
vt 0.24382807314395905 0.41992998123168945
vt 0.009003818035125732 0.4999999403953552
vt 1.09928560256958 0.32444727420806885
vt 2.1245951652526855 0.6580000519752502
vt 1.9021532535552979 0.6544191837310791
vt 0.31858116388320923 0.41992998123168945
vt 3.114118814468384 0.5790000557899475
vt 0.6360942125320435 0.25692903995513916
vt 0.8676899671554565 0.25692903995513916
vt 1.6080334186553955 0.6544191837310791
vt 2.412952184677124 0.6580000519752502
vt 1.6253029108047485 0.8009031563997269
vt 1.7723628282546997 0.8497311472892761
vt 2.147805690765381 0.8009031563997269
vt 2.0164783000946045 0.8497311472892761
vt -0.001561194658279419 0.5800699293613434
vt -0.16163235902786255 0.6601399183273315
vt 1.1244285106658936 0.41992998123168945
vt 2.688534736633301 0.8497311472892761
vt 2.6004371643066406 0.5800699293613434
vt 2.2572646141052246 0.3649582862854004
vt 2.934293508529663 0.8497311472892761
vt 0.9072825908660889 0.46050000190734863
vt 1.9021532535552979 0.8009031563997269
vt 1.8851509094238281 0.8009031563997269
vt 1.1652543544769287 0.3240000009536743
vt 0.6148706674575806 0.36282074451446533
vt 0.7422916293144226 0.36282074451446533
vt -0.46603792905807495 0.33100003004074097
vt 0.4874497354030609 0.36282074451446533
vt 0.638696014881134 1.2445296049118042
vt 0.5186782479286194 1.2967634797096252
vt 0.7628097534179688 1.2445296049118042
vt 0.5186782479286194 1.3489973545074463
vt 1.657504916191101 0.3399999141693115
vt 0.6407439708709717 1.3489973545074463
vt 0.7628097534179688 1.3489973545074463
vt 0.3904685378074646 1.2706465423107147
vt 0.26635482907295227 1.2445296049118042
vt 0.064456045627594 0.3330000042915344
vt 0.5186782479286194 1.3489973545074463
vt 0.4517984390258789 0.5845000147819519
vt 0.5754554271697998 0.5000000298023224
vt -11.465230941772461 -1.545222282409668
vt -11.142590522766113 -1.5948004722595215
vt -11.210098266601562 -1.3958678245544434
vt -12.161942481994629 -1.5952668190002441
vt -12.501726150512695 -1.5954225063323975
vt -12.127386093139648 -1.3963327407836914
vt -11.787870407104492 -1.4956440925598145
vt -11.142590522766113 -1.5948004722595215
vt -12.433149337768555 -1.3964874744415283
vt -11.822158813476562 -1.59511137008667
vt -12.161942481994629 -1.5952668190002441
vt -12.501726150512695 -1.5954225063323975
vt 1.967769742012024 0.28393638134002686
vt 1.6203762292861938 0.28393638134002686
vt 1.7940731048583984 0.25692903995513916
vt 1.3308814764022827 0.25692903995513916
vt 1.0992857217788696 0.28393638134002686
vt 1.0992857217788696 0.25692903995513916
vt 1.5624773502349854 0.25692903995513916
vt 1.2729825973510742 0.28393638134002686
vt 0.8676899671554565 0.28393638134002686
vt 0.75189208984375 0.3109436631202698
vt 1.0992857217788696 0.3109436631202698
vt -0.46801015734672546 0.3649582862854004
vt -0.3619231581687927 0.25692903995513916
vt 0.14602968096733093 0.2547915577888489
vt -0.03074384480714798 0.2547915577888489
vt -11.210098266601562 -1.3958678245544434
vt -11.515861511230469 -1.3960227966308594
vt -11.821623802185059 -1.3961777687072754
vt 0.5145822763442993 1.2445296049118042
vt 0.7628097534179688 1.2445296049118042
vt 0.638696014881134 1.2445296049118042
vt 0.5145822763442993 1.2445296049118042
vt 0.3904685378074646 1.2445296049118042
vt -11.515861511230469 -1.3960227966308594
vt -11.821623802185059 -1.3961777687072754
vt -12.127386093139648 -1.3963327407836914
vt -0.04573848098516464 0.6669557094573975
vt -0.5026463866233826 0.6669557094573975
vt -0.05260986462235451 0.3240000009536743
vt -0.4200858771800995 0.3240000009536743
vt 0.4369528591632843 0.6669557094573975
vt 0.3608900010585785 0.3240000009536743
vt 2.2572643756866455 0.3109436631202698
vt 0.6744786500930786 0.6670000553131104
vt 0.7347277402877808 0.3330000042915344
vt 1.6608121395111084 0.6670000553131104
vt 2.0256688594818115 0.35145461559295654
vt 1.09928560256958 0.2974400520324707
vt 1.09928560256958 0.35145461559295654
vt 2.0256686210632324 0.35145461559295654
vt 0.45749762654304504 0.6599999666213989
vt -0.04940246790647507 0.6599999666213989
vt 0.5247994661331177 0.3399999141693115
vt 0.09182281792163849 0.3399999141693115
vt 0.932866096496582 0.6599999666213989
vt 0.8769747018814087 0.3399999141693115
vt 1.5624771118164062 0.3649582862854004
vt 0.9072825908660889 0.34200000762939453
vt 0.9072825908660889 0.3815000057220459
vt 0.6360940933227539 0.3649582862854004
vt 1.7657897472381592 0.34200000762939453
vt 2.0256686210632324 0.3649582862854004
vt 0.4780290126800537 0.34200000762939453
vt 1.09928560256958 0.3649582862854004
vt 1.336536169052124 0.34200000762939453
vt 2.6004371643066406 0.6201049089431763
vt 2.823239803314209 0.6201049089431763
vt 1.0992858409881592 0.3649582862854004
vt 1.0992858409881592 0.35145461559295654
vt 0.6360942125320435 0.35145461559295654
vt 0.8676900267601013 0.3649582862854004
vt 1.5624773502349854 0.32444727420806885
vt 1.9289888143539429 0.3398599624633789
vt 1.705578088760376 0.3398599624633789
vt 1.5941767692565918 0.35987746715545654
vt 2.0256688594818115 0.3649582862854004
vt 2.8226318359375 0.3398599624633789
vt 0.9072825908660889 0.5395000576972961
vt 2.3776345252990723 0.5400349497795105
vt 2.4975199699401855 0.8497311472892761
vt 0.4370352625846863 1.8624553084373474
vt 0.2775697708129883 1.9253743886947632
vt 0.45039665699005127 1.8036066889762878
vt 0.3625527620315552 1.0743211805820465
vt 0.4700435400009155 0.9028617143630981
vt 0.4486478865146637 1.0407926142215729
vt 0.3834359049797058 0.4181952476501465
vt 0.4481353759765625 0.52259761095047
vt 0.362040251493454 0.5561261475086212
vt 0.34064459800720215 0.694057047367096
vt 0.42725223302841187 1.1787235140800476
vt 0.49517822265625 0.9913721680641174
vt 0.3735068440437317 1.2644532322883606
vt 1.6937644481658936 0.050075650215148926
vt 1.6373316049575806 0.1619923710823059
vt 1.5500061511993408 0.009999990463256836
vt 0.573042631149292 1.0700637102127075
vt 0.534110426902771 1.0307179391384125
vt 0.5812558531761169 0.9345875382423401
vt 0.5894690752029419 0.7991113662719727
vt 0.6673334836959839 0.8778029084205627
vt 0.4787517786026001 1.2623245120048523
vt 0.48696500062942505 1.1268483400344849
vt -1.9413024187088013 1.1985736936330795
vt -1.9454152584075928 1.0475705713033676
vt -1.8376109600067139 0.9990124404430389
vt -1.9495279788970947 0.8965674638748169
vt -1.8158009052276611 0.7981190234422684
vt -1.733919620513916 0.7994511872529984
vt -1.7939908504486084 0.5972256064414978
vt -1.8458365201950073 0.6970062255859375
vt -1.8417236804962158 0.8480093330144882
vt 1.7810900211334229 0.20206797122955322
vt 1.7246570587158203 0.313984751701355
vt 1.8375228643417358 0.09015125036239624
vt 1.701683521270752 2.0906834602355957
vt 1.7885329723358154 2.2211966514587402
vt 1.6456043720245361 2.2292447090148926
vt -1.0626646280288696 2.614324450492859
vt -1.068693995475769 2.6864229440689087
vt -1.2134153842926025 2.730877161026001
vt -0.9119139313697815 2.497771739959717
vt -1.1350252628326416 2.63655161857605
vt 1.9248483180999756 0.2421436309814453
vt 1.98116135597229 0.048336923122406006
vt 1.9812812805175781 0.13022685050964355
vt 2.125039577484131 0.17030251026153564
vt -0.8504275679588318 1.2229701280593872
vt -0.9025100469589233 1.126835435628891
vt -0.9156603813171387 0.9913549423217773
vt -0.889359712600708 1.2623159289360046
vt 0.10437172651290894 2.680267333984375
vt -0.04799720644950867 2.5499823093414307
vt 0.09112080931663513 2.5086058378219604
vt -0.9935246109962463 1.0700465440750122
vt 2.1249313354492188 0.3940287232398987
vt 2.0686068534851074 0.2822192907333374
vt -0.837860107421875 1.1787149012088776
vt -0.7851947546005249 1.454585313796997
vt 2.012173891067505 0.3941360116004944
vt 1.7577626705169678 1.952122449874878
vt 1.8011873960494995 2.01737904548645
vt 1.900691270828247 1.9440745115280151
vt 1.8446121215820312 2.0826356410980225
vt -0.4898087680339813 2.5086058378219604
vt -0.35042843222618103 2.5499823093414307
vt -0.5004907250404358 2.680267333984375
vt 1.8119826316833496 0.46597713232040405
vt 1.8684154748916626 0.35406041145324707
vt 1.6763745546340942 2.498318910598755
vt 1.6054861545562744 2.368730306625366
vt 1.66098952293396 2.3637818098068237
vt 2.011876106262207 1.8055133819580078
vt 1.9986989498138428 1.9440744519233704
vt 2.051266670227051 1.9440744519233704
vt 1.7324538230895996 2.3597577810287476
vt 1.9987695217132568 1.6669522523880005
vt 1.869921088218689 1.675000250339508
vt 1.9133458137512207 1.7402567863464355
vt 1.8138418197631836 1.8135613203048706
vt 2.012849807739258 1.6669523119926453
vt 1.9567705392837524 1.8055133819580078
vt 2.0250535011291504 1.6669522523880005
vt 1.6148340702056885 1.9601703882217407
vt 1.5593308210372925 1.9651188850402832
vt 1.5994489192962646 1.8256332874298096
vt 1.5901010036468506 2.2341930866241455
vt 1.6302192211151123 2.094707489013672
vt 1.6709132194519043 1.8216092586517334
vt 1.5840637683868408 1.6910961270332336
vt 1.5747158527374268 2.0996559858322144
vt 1.5623494386672974 2.2366673946380615
vt 1.5563122034072876 1.6935703754425049
vt 1.568678617477417 1.5565589666366577
vt 2.024912118911743 2.2211966514587402
vt 2.011734962463379 2.3597577810287476
vt 2.064302444458008 2.3597577810287476
vt 1.5532935857772827 1.4220218658447266
vt 1.998557686805725 2.498318910598755
vt 1.9986283779144287 2.2211966514587402
vt 1.6401429176330566 1.552535057067871
vt 0.6680529713630676 0.9404889643192291
vt 0.29011353850364685 2.358991861343384
vt 0.4400601387023926 2.292212963104248
vt 0.5152695775032043 2.497771739959717
vt 0.7630633115768433 0.8109142035245895
vt 0.7645022869110107 0.9362863004207611
vt 0.22378262877464294 2.4088631868362427
vt 0.06495749950408936 2.220211982727051
vt -1.3581366539001465 2.775331497192383
vt -1.2187563180923462 2.816707968711853
vt -1.079375982284546 2.8580844402313232
vt -0.9239727258682251 2.6419687271118164
vt -0.9293136596679688 2.727799415588379
vt -0.7899333238601685 2.769175887107849
vt -0.8440675735473633 2.2884089946746826
vt -0.6888025999069214 2.358991861343384
vt 1.4551844596862793 0.6007747948169708
vt 1.201670527458191 0.5999242663383484
vt 1.357399582862854 0.4425411820411682
vt -0.9346546530723572 2.8136301040649414
vt -0.9399956464767456 2.8994609117507935
vt -1.0198253393173218 0.7990855574607849
vt -1.2018544673919678 0.6855077743530273
vt -1.032975673675537 0.6636050641536713
vt -0.8006153106689453 2.9408373832702637
vt -0.4656912088394165 2.220211982727051
vt -0.6224713325500488 2.4088631868362427
vt -1.0461260080337524 0.5281245708465576
vt 0.5416021347045898 2.8136301040649414
vt 0.5349766612052917 2.727799415588379
vt 0.6740946769714355 2.6864229440689087
vt -1.720592737197876 1.100304663181305
vt 0.39585867524147034 2.769175887107849
vt 0.5283511877059937 2.6419687271118164
vt 0.2968282699584961 -0.06647121906280518
vt 0.49793243408203125 0.10363924503326416
vt 0.4262272119522095 0.1423335075378418
vt -1.6169012784957886 0.9007434099912643
vt -1.3961915969848633 0.8024743795394897
vt -0.8883384466171265 0.10363912582397461
vt -0.8083657026290894 -0.06645703315734863
vt -0.6987617015838623 -0.06671690940856934
vt 0.41795969009399414 -0.06645703315734863
vt 1.404393196105957 2.4353606700897217
vt 1.3778166770935059 2.472215414047241
vt 1.2434184551239014 2.362505555152893
vt 1.5653680562973022 2.50821590423584
vt 1.3995940685272217 -0.05821549892425537
vt 1.5500061511993408 -0.05821549892425537
vt 1.4076694250106812 0.2655203342437744
vt 0.40585657954216003 1.3166544139385223
vt -0.9159468412399292 1.5652263164520264
vt -1.100144624710083 1.4404727220535278
vt 0.3844609260559082 1.454585313796997
vt 1.7882726192474365 2.3595675230026245
vt 0.4398195743560791 1.2229787409305573
vt 1.8374629020690918 0.04920625686645508
vt 1.7655837535858154 0.02916848659515381
vt 1.8374030590057373 0.008261322975158691
vt 1.9811015129089355 0.007391929626464844
vt 2.124799966812134 0.0065225958824157715
vt 0.7616243362426758 0.685542106628418
vt 0.9559619426727295 0.8025088906288147
vt 0.6702114343643188 1.1285471022129059
vt -2.0449938774108887 1.3981349468231201
vt -1.9952045679092407 1.2228527665138245
vt -1.9972609281539917 1.1473512053489685
vt -0.7317491173744202 1.6899798512458801
vt -0.7792513966560364 2.5975143909454346
vt -0.6345300674438477 2.5530600547790527
vt -0.6398710608482361 2.638890862464905
vt 1.190265417098999 2.4362149238586426
vt 1.415421485900879 2.5749948024749756
vt 1.265474796295166 2.6417737007141113
vt -0.6505529880523682 2.8105523586273193
vt 0.23686428368091583 2.5530600547790527
vt 0.24348974227905273 2.638890862464905
vt 0.38260775804519653 2.5975143909454346
vt 0.25674065947532654 2.8105523586273193
vt 1.2895762920379639 0.8054486662149429
vt 1.166722059249878 0.9067409783601761
vt 1.1227691173553467 0.8039787709712982
vt 2.0684986114501953 0.505945473909378
vt 1.9557409286499023 0.5060527622699738
vt 1.7269923686981201 1.6830481886863708
vt 2.1248230934143066 0.6177549362182617
vt 1.431427001953125 0.4331475496292114
vt 1.4803194999694824 0.5122643709182739
vt 2.268213987350464 2.3598116636276245
vt 2.18580961227417 2.3597577810287476
vt 2.2685017585754395 2.498426675796509
vt 2.2679262161254883 2.2211966514587402
vt 0.40910959243774414 2.9408373832702637
vt 2.350618362426758 2.359865665435791
vt 2.433022975921631 2.359919548034668
vt 2.4333107471466064 2.4985345602035522
vt 2.4327352046966553 2.221304416656494
vt 2.515427589416504 2.359973430633545
vt 2.5972564220428467 2.0827972888946533
vt 2.5148520469665527 2.0827434062957764
vt 2.5975441932678223 2.2214123010635376
vt 0.5976822972297668 0.6636351943016052
vt 0.6058955192565918 0.5281590223312378
vt 0.33101534843444824 1.6899798512458801
vt 0.6232235431671143 1.6818389892578125
vt 0.5128348469734192 0.6269999444484711
vt 0.5556261539459229 0.351138174533844
vt 0.7960504293441772 1.5600712895393372
vt 0.6766691207885742 1.4464444518089294
vt 0.49143919348716736 0.7649308294057846
vt 0.3077823519706726 0.1236608624458313
vt 0.3187364339828491 0.3137929439544678
vt 0.9688772559165955 1.4383035898208618
vt 0.40483155846595764 0.28026437759399414
vt 1.5531315803527832 1.09051513671875
vt 1.633418321609497 1.1048502624034882
vt 1.5532126426696777 1.2562685012817383
vt 1.4653878211975098 1.216497465968132
vt 0.9154316782951355 1.6736981272697449
vt 0.35159868001937866 0.8841891139745712
vt -1.0466989278793335 1.6758672595024109
vt 1.6210737228393555 0.1790568232536316
vt 1.6921414136886597 0.34811365604400635
vt 1.6320781707763672 0.36480456590652466
vt 1.7632091045379639 0.5171704888343811
vt 1.7031458616256714 0.5338613986968994
vt 0.10429847240447998 2.969669461250305
vt 0.10433509945869446 2.8249683380126953
vt 2.022141933441162 1.239292249083519
vt 1.9192756414413452 1.0887543857097626
vt 2.125002384185791 1.0906075835227966
vt -0.04807046055793762 2.839384436607361
vt 1.8164093494415283 0.9382165223360062
vt 1.713543176651001 0.7876786589622498
vt 1.9192698001861572 0.7895318567752838
vt 0.25670403242111206 2.9552533626556396
vt -0.650589644908905 2.9552533626556396
vt -0.5005639791488647 2.969669461250305
vt 1.8342766761779785 0.6862273216247559
vt 1.7794668674468994 0.5001060366630554
vt -0.5005273818969727 2.8249683380126953
vt -0.35050168633461 2.839384436607361
vt -1.6302281618118286 0.5998899340629578
vt -1.8540620803833008 0.39499998092651367
vt 2.596968650817871 1.9441822171211243
vt -0.05462266504764557 2.464151620864868
vt -0.06770431995391846 2.3199546337127686
vt -0.20036613941192627 2.4196972846984863
vt 0.07803915441036224 2.3644089698791504
vt -0.4777500033378601 2.3644089698791504
vt -0.3330286741256714 2.3199546337127686
vt -0.345087468624115 2.464151620864868
vt 1.0403187274932861 2.5029938220977783
vt 1.1155282258987427 2.708552598953247
vt 0.7404255867004395 2.63655161857605
vt 0.8903722167015076 2.569772720336914
vt 0.9655816555023193 2.775331497192383
vt 1.5507469177246094 0.197252094745636
vt 1.5514878034591675 0.38450419902801514
vt 1.5507469177246094 0.14609050750732422
vt 1.5514878034591675 0.35039645433425903
vt -1.1948580741882324 0.936260461807251
vt -1.0906932353973389 1.1285298466682434
vt -1.243442416191101 0.9655021131038666
vt -1.4056429862976074 1.1144172549247742
vt 1.4039607048034668 1.2671436071395874
vt 1.2546277046203613 1.1122653782367706
vt 1.2610853910446167 1.4301627278327942
vt 0.8130866885185242 0.9655279964208603
vt 0.9624196290969849 1.1204062402248383
vt 1.6328190565109253 0.5520566701889038
vt 1.714150309562683 0.7196091413497925
vt 1.6335599422454834 0.739308774471283
vt 1.5522286891937256 0.5717563033103943
vt 1.5529694557189941 0.7590084075927734
vt -0.9695234894752502 0.48903888463974
vt -0.9958561658859253 0.35110366344451904
vt -0.9431908130645752 0.6269740760326385
vt -0.8689172267913818 0.5225189328193665
vt -0.9808931946754456 0.7597397565841675
vt -0.8905254602432251 0.9028444886207581
vt -1.0066750049591064 0.9345660507678986
vt -1.0976895093917847 0.8777771592140198
vt 2.1036930084228516 2.498318910598755
vt 2.077479839324951 2.2211966514587402
vt 0.32969051599502563 0.5039249956607819
vt 1.9001708030700684 2.220816135406494
vt 1.9004310369491577 2.0824453830718994
vt 2.012068748474121 2.082064628601074
vt 2.123966932296753 1.9433132410049438
vt 2.123706817626953 2.081684112548828
vt 2.123446464538574 2.220054864883423
vt 0.5342304706573486 0.48906904458999634
vt 1.3773200511932373 0.6794663369655609
vt 0.5505368709564209 0.7597655951976776
vt 2.0380892753601074 2.082635521888733
vt 0.8151627779006958 2.3642139434814453
vt 1.3774820566177368 1.0109730660915375
vt 1.633337378501892 0.9390968978404999
vt 1.5530505180358887 0.9247617721557617
vt 0.7073410749435425 2.217649459838867
vt 0.9214689135551453 2.2167952060699463
vt 0.4932132065296173 2.2185035943984985
vt 0.5995193719863892 2.07108473777771
vt 1.0027141571044922 2.400214433670044
vt 0.27908533811569214 2.21935772895813
vt 0.17126363515853882 2.0727932453155518
vt 0.3853914737701416 2.071938991546631
vt -1.3287501335144043 2.2091872692108154
vt -1.22244393825531 2.3566060066223145
vt -1.4116320610046387 2.3907045125961304
vt -1.290290355682373 2.5659687519073486
vt -1.112985372543335 2.2119433879852295
vt -1.0035268068313599 2.0672807693481445
vt -0.8972206711769104 2.214699625968933
vt -0.6783034801483154 1.9253743886947632
vt -0.571997344493866 2.0727932453155518
vt -0.7877620458602905 2.070037007331848
vt -1.9017950296401978 0.6457837224006653
vt -2.003788948059082 0.8169888257980347
vt -1.9831866025924683 0.5264157652854919
vt -1.9728853702545166 0.38112926483154297
vt -1.9625842571258545 0.23584270477294922
vt -2.040654420852661 -0.06821548938751221
vt -1.9289255142211914 0.6059944033622742
vt -0.6814559698104858 2.2174558639526367
vt 1.5925238132476807 0.561906486749649
vt 1.67311429977417 0.5422068536281586
vt 1.591042160987854 0.18740224838256836
vt 1.4799489974975586 0.41011136770248413
vt 1.5522286891937256 0.5547024309635162
vt 1.8993080854415894 0.6179695129394531
vt -1.2308967113494873 1.5511137247085571
vt -1.361648678779602 1.6617546677589417
vt -1.4150943756103516 1.4263601303100586
vt 2.6796607971191406 2.0828511714935303
vt 2.597831964492798 2.360027313232422
vt 2.5981197357177734 2.4986424446105957
vt 2.680236339569092 2.360081195831299
vt 2.7626407146453857 2.3601351976394653
vt 2.7629284858703613 2.4987502098083496
vt 2.76235294342041 2.221520185470581
vt 2.7614896297454834 1.8056750297546387
vt 2.6790852546691895 1.805621087551117
vt 2.761777400970459 1.944290041923523
vt 2.761201858520508 1.6670599579811096
vt 2.7609140872955322 1.5284448862075806
vt 2.6785097122192383 1.5283910036087036
vt 2.7606263160705566 1.3898298740386963
vt 0.5482276082038879 2.8994609117507935
vt 0.6873456239700317 2.8580844402313232
vt 1.6962223052978516 1.4139739274978638
vt 1.8391509056091309 1.405925989151001
vt 1.7396469116210938 1.479230523109436
vt 1.7830716371536255 1.5444871187210083
vt -0.7419782280921936 0.6939342021942139
vt -0.7527823448181152 0.8840969800949097
vt 1.9820795059204102 1.3978780508041382
vt 2.1250081062316895 1.3898301124572754
vt 2.0255041122436523 1.4631346464157104
vt 1.9260002374649048 1.5364391803741455
vt 2.0689289569854736 1.5283912420272827
vt 1.714337944984436 1.8868658542633057
vt -0.7635865211486816 1.0742597579956055
vt -1.0277199745178223 0.23924672603607178
vt -1.0028152465820312 0.23925530910491943
vt 1.8264963626861572 1.6097437143325806
vt -1.0097742080688477 0.12740695476531982
vt -0.9420973062515259 0.22737139463424683
vt 1.673480749130249 0.946264460682869
vt -0.9152178764343262 0.1655052900314331
vt -0.8473089337348938 0.14219337701797485
vt 2.5966808795928955 1.8055671453475952
vt 2.59639310836792 1.666952133178711
vt 2.5142765045166016 1.8055132627487183
vt 2.4324474334716797 2.08268940448761
vt 2.432159662246704 1.9440743923187256
vt 2.3500428199768066 2.082635521888733
vt -0.9168581366539001 0.7649092823266983
vt -0.7946435809135437 0.418063759803772
vt -0.8209762573242188 0.2801285982131958
vt -1.8659329414367676 1.600898027420044
vt -1.8741575479507446 1.4640398621559143
vt -1.7033212184906006 1.5299447774887085
vt -1.7300441265106201 1.4122475385665894
vt -1.0332558155059814 2.3225075006484985
vt -1.0671789646148682 2.4271888732910156
vt -1.1011021137237549 2.5318702459335327
vt -1.9791966676712036 2.493000030517578
vt -1.790008544921875 2.458901524543762
vt -1.8239316940307617 2.5635828971862793
vt -1.6686666011810303 2.6341657638549805
vt 1.3938281536102295 1.4849409461021423
vt 1.3953373432159424 1.6207152009010315
vt 1.2343626022338867 1.547860026359558
vt 2.5832865238189697 1.5283910036087036
vt 2.5701799392700195 1.3898299038410187
vt 2.488063335418701 1.5283910036087036
vt 2.3928399085998535 1.5283910036087036
vt 2.4059464931488037 1.666952133178711
vt 2.3797333240509033 1.389829933643341
vt 2.297616481781006 1.5283910632133484
vt 2.2023932933807373 1.5283910632133484
vt 2.2154998779296875 1.6669521927833557
vt 2.189286708831787 1.3898299634456635
vt 2.1071701049804688 1.5283911228179932
vt 1.9988402128219604 1.3898299932479858
vt 2.0119469165802 1.5283911228179932
vt 2.1595964431762695 2.082635521888733
vt 2.254819631576538 2.082635521888733
vt 2.241713047027588 1.9440743923187256
vt 2.419053077697754 1.8055132627487183
vt 2.3238296508789062 1.8055132627487183
vt 1.5166444778442383 0.6356363892555237
vt 2.0381600856781006 1.8055133819580078
vt 2.133383274078369 1.805513322353363
vt 2.2286064624786377 1.8055132627487183
vt -1.182587742805481 1.8645176887512207
vt -1.011751413345337 1.9304226636886597
vt -1.0199761390686035 1.7935645580291748
vt -0.8409151434898376 1.9963275790214539
vt -1.5078110694885254 2.0064241886138916
vt -1.3369747400283813 2.072329044342041
vt -1.3451993465423584 1.9354709386825562
vt -1.1661384105682373 2.13823401927948
vt -1.174363136291504 2.001375913619995
vt -2.0120952129364014 1.9455674886703491
vt -1.849483609199524 1.8746142983436584
vt -1.8412590026855469 2.011472463607788
vt -1.6704226732254028 2.0773773193359375
vt -1.8330342769622803 2.148330569267273
vt -1.6621980667114258 2.214235544204712
vt -1.4913617372512817 2.2801403999328613
vt -1.6539733409881592 2.3510936498641968
vt -0.8625012040138245 1.8006207942962646
vt -0.8491398096084595 1.859469473361969
vt -1.8165850639343262 2.4220468997955322
vt -1.8248096704483032 2.285188674926758
vt -1.9956459999084473 2.2192838191986084
vt -0.35053831338882446 2.9840855598449707
vt -0.20051264762878418 2.9985015392303467
vt -2.0243914127349854 1.1075618863105774
vt -2.0439090728759766 1.031547337770462
vt -2.0428242683410645 0.664959728717804
vt -2.0417394638061523 0.29837214946746826
vt 1.1117525100708008 1.275284469127655
vt 1.1052948236465454 0.9573871344327927
vt 0.8195443153381348 1.2834253311157227
vt 0.5273361802101135 1.2915661931037903
vt 2.0939927101135254 1.2170281112194061
vt 1.999178409576416 1.0442262589931488
vt 2.189145088195801 1.0442262291908264
vt 2.2844390869140625 1.2170280814170837
vt 2.379591703414917 1.044226199388504
vt 2.665332317352295 1.217028021812439
vt 2.7604846954345703 1.0442261397838593
vt 2.570038318634033 1.0442261695861816
vt 2.6651906967163086 0.8714242875576019
vt 2.760343074798584 0.6986224055290222
vt 2.569896697998047 0.6986224353313446
vt -1.2528938055038452 1.277444988489151
vt -1.5583921670913696 0.9513895213603973
vt -1.5678435564041138 1.2633323967456818
vt -0.9379439949989319 1.2915575802326202
vt -1.8827933073043823 1.2492198050022125
vt 2.190159797668457 0.007415056228637695
vt 2.2849740982055664 0.18021690845489502
vt 2.380126476287842 0.00741499662399292
vt 2.189821720123291 0.35301876068115234
vt 2.379788398742676 0.35301876068115234
vt 2.0001931190490723 0.007415056228637695
vt 2.0950074195861816 0.18021690845489502
vt 1.9998549222946167 0.35301876068115234
vt 2.5700931549072266 0.0074149370193481445
vt 2.664907455444336 0.18021678924560547
vt 2.7600600719451904 0.0074149370193481445
vt 2.7602014541625977 0.3530186414718628
vt 2.5697550773620605 0.35301870107650757
vt 2.474940776824951 0.18021684885025024
vt -1.6008203029632568 2.4248030185699463
vt 0.6652162075042725 2.430992841720581
vt 1.0882585048675537 1.5519304275512695
vt -1.4794784784317017 2.6000672578811646
vt -1.5458464622497559 1.537001132965088
vt 2.1247477531433105 1.5282008647918701
vt 2.1244874000549316 1.6665716767311096
vt 2.068408489227295 1.8051327466964722
vt 2.1242270469665527 1.8049424886703491
vt 1.7763469219207764 1.0968023240566254
vt 1.736284613609314 1.2553881406784058
vt 1.5933558940887451 1.2634360790252686
vt 1.8792133331298828 1.2473401874303818
vt 1.9986636638641357 2.082635521888733
vt 2.011805534362793 2.082635521888733
vt -2.0038704872131348 2.082425594329834
vt 1.9985930919647217 2.3597577810287476
vt -1.9874212741851807 2.3561419248580933
vt 1.4013745784759521 2.1638121604919434
vt 1.4028840065002441 2.299586534500122
vt 1.5777344703674316 2.3712044954299927
vt 1.5638587474822998 2.3724416494369507
vt 1.5716972351074219 1.828107476234436
vt 1.6024675369262695 2.097181797027588
vt -0.7598689794540405 0.10670584440231323
vt -0.7467026710510254 0.17567342519760132
vt -0.7203699350357056 0.31360864639282227
vt -0.731174111366272 0.5037714242935181
vt -0.7683109045028687 0.5559989809989929
vt -0.86419278383255 1.0407796949148178
vt -0.7743906378746033 1.2644225358963013
vt -0.9683257341384888 0.7154845297336578
vt -0.9814920425415039 0.6465169191360474
vt -0.9743180274963379 0.8274800032377243
vt -1.1983562707901 0.8108841180801392
vt 0.546430230140686 0.8275036811828613
vt 0.5382170677185059 0.9629798531532288
vt 0.4357129633426666 1.290716826915741
vt -0.7346090078353882 2.1437463760375977
vt 1.693704605102539 0.009130656719207764
vt -1.0598323345184326 2.2856528759002686
vt 0.526779294013977 0.22738873958587646
vt 0.6193625926971436 0.12740695476531982
vt -1.4647852182388306 2.316995143890381
vt 0.4385445713996887 1.9982295632362366
vt 0.33223843574523926 2.14564847946167
vt 0.7604941129684448 2.143939971923828
vt 0.6276114583015442 2.3282134532928467
vt 0.6541879773139954 2.291358709335327
vt 0.5379695296287537 0.715510368347168
vt 0.5486673712730408 0.6465449333190918
vt 1.0558671951293945 2.3265050649642944
vt -1.8499493598937988 0.5460031032562256
vt 2.7620651721954346 2.0829050540924072
vt -0.8115274310112 1.3166500926017761
vt -1.5134016275405884 2.7047486305236816
vt -0.7095658183097839 0.12344586849212646
vt 2.0905864238739014 2.3597577810287476
vt 2.064373254776001 2.082635521888733
vt 1.7357525825500488 0.719609260559082
vt 1.879957914352417 0.6899218559265137
vt -1.1120749711990356 1.7311877012252808
vt -1.445555329322815 2.4953858852386475
vt -0.6548793911933899 2.2543104887008667
vt -2.014090061187744 0.962275356054306
vt -1.99348783493042 0.6717022955417633
vt 0.682914137840271 1.7386524081230164
vt 0.5965007543563843 1.7995362281799316
vt 0.8264636397361755 2.816707968711853
vt 0.8198381662368774 2.730877161026001
vt 0.7777941823005676 2.5003827810287476
vt 1.0029501914978027 2.6391626596450806
vt 0.25250881910324097 2.2562124729156494
vt 0.7559661865234375 1.7366172075271606
vt 0.7574754953384399 1.8723914623260498
vt -1.190812349319458 1.7276595830917358
vt 0.5038422346115112 1.5682121515274048
vt 1.4652256965637207 0.8849907368421555
vt 2.0221359729766846 0.9400697201490402
vt 2.1249964237213135 0.7913850545883179
vt -1.916867733001709 -0.06821548938751221
vt -1.9397259950637817 0.0838136076927185
vt -1.0595836639404297 0.1273897886276245
vt 2.4747443199157715 0.8714243173599243
vt 2.3794500827789307 0.698622465133667
vt 2.474602699279785 0.5258205831050873
vt 2.6650490760803223 0.5258205533027649
vt 2.474885940551758 1.2170280516147614
vt 2.284297466278076 0.8714243471622467
vt 2.189483404159546 0.6986224949359894
vt 2.2846360206604004 0.5258206129074097
vt 2.0943307876586914 0.8714243769645691
vt 1.9995167255401611 0.6986225247383118
vt 2.0946693420410156 0.5258206427097321
vt 1.2403998374938965 2.0909570455551147
vt 1.2373812198638916 1.8194085359573364
vt 1.3983559608459473 1.8922637104988098
vt 1.0794250965118408 2.018101930618286
vt 0.9184502959251404 1.945246696472168
vt 1.0824437141418457 2.2896504402160645
vt 1.076406478881836 1.7465533018112183
vt -2.0285444259643555 1.6718512177467346
vt -1.6868720054626465 1.8036611080169678
vt -1.5242602825164795 1.7327078580856323
vt 0.9656484127044678 1.2793549299240112
vt 0.6734402775764465 1.2874957919120789
vt 2.189215898513794 1.217028096318245
vt 2.37966251373291 1.2170280665159225
vt 2.7605555057525635 1.2170280069112778
vt 2.5701091289520264 1.2170280367136002
vt 2.760413885116577 0.8714242726564407
vt 2.56996750831604 0.8714243024587631
vt 2.7601308822631836 0.18021678924560547
vt 1.8996500968933105 2.4975576400756836
vt 2.0115482807159424 2.3588062524795532
vt 2.1229257583618164 2.4967963695526123
vt -1.4103686809539795 1.2703886926174164
vt 2.1231861114501953 2.3584256172180176
vt 1.8999104499816895 2.359186887741089
vt 2.124999523162842 0.9409963190555573
vt 2.1250052452087402 1.240218847990036
vt 1.9192726612091064 0.9391431212425232
vt -1.095418930053711 1.2845012843608856
vt -1.725318431854248 1.2562761008739471
vt 1.999009370803833 1.2170281261205673
vt -2.0444514751434326 1.214841142296791
vt 2.189990758895874 0.18021690845489502
vt 2.379957437515259 0.18021690845489502
vt 2.0000240802764893 0.18021690845489502
vt -2.041196823120117 0.11507833003997803
vt 2.5699241161346436 0.18021678924560547
vt 0.9199596047401428 2.081020951271057
vt -1.532485008239746 1.5958497524261475
vt 1.0748971700668335 1.610779047012329
vt 0.7589848041534424 2.008165717124939
vt 0.5980100631713867 1.9353104829788208
vt -0.7340270280838013 2.478253126144409
vt 0.3363606333732605 2.478253126144409
vt -0.3504650592803955 2.694683313369751
vt -0.20043939352035522 2.7090994119644165
vt -0.20040276646614075 2.5643982887268066
vt -0.0481070876121521 2.9840855598449707
vt -0.2004760205745697 2.8538005352020264
vt -0.048033833503723145 2.694683313369751
vt -1.4009172916412354 0.958445817232132
vt 0.9591907858848572 0.9614575654268265
vt 1.2578566074371338 1.2712140679359436
vt 0.6551241874694824 0.8570500016212463
vt 0.6973233222961426 0.7939462661743164
vt 0.690927267074585 0.9005521535873413
vt -0.16628193855285645 0.3801605701446533
vt 0.21604686975479126 0.41744035482406616
vt 0.2135724425315857 0.3428807258605957
vt 0.617793083190918 0.4919999837875366
vt 0.6031985282897949 0.41744035482406616
vt 0.42421725392341614 0.4919999837875366
vt 0.2306414246559143 0.4919999837875366
vt 0.9354068636894226 0.845834493637085
vt 0.8524064421653748 0.8407266736030579
vt 0.8885875940322876 0.7927674651145935
vt 0.8848119378089905 0.9046435952186584
vt 0.9980000257492065 0.8939148187637329
vt 0.9354068636894226 0.845834493637085
vt 0.833643913269043 0.7911689877510071
vt 0 0
vt 1 1
vt 1 0
vt 1 1
vt 0 0
vt 0 1
vt 0.9415298104286194 0.7210214734077454
vt 0.8433860540390015 0.7175459265708923
vt 0.8885875940322876 0.7927674651145935
vt 1 0.001999974250793457
vt 0.6591322422027588 0.07649999856948853
vt 0.6591322422027588 0.001999974250793457
vt 0.31826451420783997 0.001999974250793457
vt 0.31826454401016235 0.1510000228881836
vt 0.31826451420783997 0.07649999856948853
vt -0.02260318398475647 0.07649999856948853
vt 0.9415298104286194 0.7210214734077454
vt 0.8885875940322876 0.7927674651145935
vt 0.8433860540390015 0.7175459265708923
vt 0.8885875940322876 0.7927674651145935
vt 0.9415298104286194 0.7210214734077454
vt 0.9690109491348267 0.7546398043632507
vt 0.30639126896858215 0.2789655923843384
vt 0.20702815055847168 0.17244035005569458
vt 0.02139061689376831 0.30027061700820923
vt 0.8885875940322876 0.7927674651145935
vt 0.833643913269043 0.7911689877510071
vt 0.782643735408783 0.7501245141029358
vt 0.7012053728103638 0.8108454346656799
vt 0.7481837868690491 0.79410320520401
vt 0.8108230233192444 0.8747742176055908
vt -0.0357661247253418 0.4919999837875366
vt -0.03236690163612366 0.45954763889312744
vt 0.30948925018310547 0.4919999837875366
vt -0.3810214698314667 0.4919999837875366
vt 0.782643735408783 0.7501245141029358
vt 0.9980000257492065 0.7766072154045105
vt 0.9690109491348267 0.7546398043632507
vt 0.9980000257492065 0.7512130737304688
vt 0.6999592781066895 0.72101229429245
vt 0.7030501365661621 0.5067546367645264
vt 0.8751384019851685 0.6769701242446899
vt 0.8869488835334778 0.5014780759811401
vt -0.16751915216445923 0.3428807258605957
vt -0.2636100649833679 0.3215756416320801
vt -0.5486107468605042 0.3428807258605957
vt 0.6316127181053162 0.7601606845855713
vt 0.6472495198249817 0.6884426474571228
vt 0.5028964877128601 0.7440783381462097
vt 0.5036055445671082 0.6878356337547302
vt 0.6388417482376099 0.7196264863014221
vt 0.6459922790527344 0.6733087301254272
vt 0.5683797597885132 0.7072203755378723
vt 0.5684314966201782 0.6572088003158569
vt -0.17079129815101624 0.25766050815582275
vt 0.9417561888694763 0.5012078285217285
vt 0.9980000257492065 0.5018782615661621
vt 0.9531252980232239 0.6845863461494446
vt 0.5959012508392334 0.3801605701446533
vt 0.6926985383033752 0.9034969210624695
vt 0.6271589398384094 0.9591649174690247
vt 0.7612037062644958 0.9048352837562561
vt 1 1
vt 1 0
vt 0 0
vt 0.8144372701644897 0.9602483510971069
vt 0.9417561888694763 0.5012078285217285
vt 0.9531252980232239 0.6845863461494446
vt 0.8869488835334778 0.5014780759811401
vt 0.7030501365661621 0.5067546367645264
vt 0.8751384019851685 0.6769701242446899
vt 0.6999592781066895 0.72101229429245
vt 0.9980000257492065 0.7208400964736938
vt -0.543661892414093 0.4919999837875366
vt -0.16380751132965088 0.454720139503479
vt 0.9757556319236755 0.3428807258605957
vt -0.15651023387908936 0.4919999837875366
vt 0.9980000257492065 0.6732403635978699
vt 0.6261111497879028 0.7590904235839844
vt 0.5793843865394592 0.791793942451477
vt 0.6459922790527344 0.6733087301254272
vt -0.17242106795310974 0.0872201919555664
vt 0.20539838075637817 0.001999974250793457
vt 0.8108230233192444 0.8747742176055908
vt 0.5021308064460754 0.8048123121261597
vt 0.6435582637786865 0.6872289180755615
vt 0.782643735408783 0.7501245141029358
vt 0.7012053728103638 0.8108454346656799
vt 0.591391921043396 0.25766050815582275
vt 0.8885875940322876 0.7927674651145935
vt 0.9690109491348267 0.7546398043632507
vt 0.9415298104286194 0.7210214734077454
vt 0.9690109491348267 0.7546398043632507
vt 0.9626670479774475 0.001999974250793457
vt 0.7770295143127441 0.1298302412033081
vt 1 0.30000001192092896
vt 0.6161942481994629 0.7148465514183044
vt 0.037065595388412476 0.4919999837875366
vt 0.6581438779830933 0.45954763889312744
vt 0.6547446250915527 0.4919999837875366
vt 1 0.4919999837875366
vt 0.6926985383033752 0.9034969210624695
vt 0.7612037062644958 0.9048352837562561
vt 0.6271589398384094 0.9591649174690247
vt 0.8144372701644897 0.9602483510971069
vt 0.8848119378089905 0.9046435952186584
vt 0.6380199790000916 0.9980000257492065
vt 0.9980000257492065 0.9980000257492065
vt -0.3674246370792389 0.36219048500061035
vt -0.3634709417819977 0.001999974250793457
vt 0.9008595943450928 0.454720139503479
vt 0.7967743873596191 0.41744035482406616
vt 1.0049448013305664 0.4919999837875366
vt 0.5684314370155334 0.8783403635025024
vt 0.6388417482376099 0.7196264863014221
vt 0.6551241874694824 0.8570500016212463
vt 0.31628766655921936 0.33109521865844727
vt 0.6591322422027588 0.2254999876022339
vt 0.6973233222961426 0.7939462661743164
vt 0.6293620467185974 0.9739487171173096
vt 0.551112711429596 0.9794638156890869
vt -0.024580031633377075 0.256595253944397
vt 0.31628766655921936 0.4270952343940735
vt -0.025568485260009766 0.3466428518295288
vt -0.025568485260009766 0.39464282989501953
vt 0.585705578327179 0.7924625277519226
vt 0.14783066511154175 0.03925001621246338
vt -0.022603213787078857 0.001999974250793457
vt 0.6293620467185974 0.9739487171173096
vt 0.5848475694656372 0.0872201919555664
vt 0.5840327143669128 0.001999974250793457
vt 0.5946640372276306 0.3428807258605957
vt 0.690927267074585 0.9005521535873413
vt 0.40348145365715027 0.05787503719329834
vt 0.5040650963783264 0.651388943195343
vt 0.6155922412872314 0.6363348364830017
vt 0.613211452960968 0.6353899836540222
vt -0.022603213787078857 0.03925001621246338
vt 0.6161942481994629 0.7148465514183044
vt 0.6581438183784485 0.3155475854873657
vt 0.5726797580718994 0.34343451261520386
vt 0.833643913269043 0.7911689877510071
vt 0.7481837868690491 0.79410320520401
vt 0.8290718793869019 0.35577380657196045
vt 0.6581438183784485 0.41154760122299194
vt 0 0
vt 0 1
vt 1 1
vt 0.8524064421653748 0.8407266736030579
vt 0.8885875940322876 0.7927674651145935
vt 0.9145359396934509 0.42388689517974854
vt -0.5518702864646912 0.001999974250793457
vt -0.36051589250564575 0.21505045890808105
vt 0.8885875940322876 0.7927674651145935
vt 0.782643735408783 0.7501245141029358
vt 0.833643913269043 0.7911689877510071
vt -0.1732359528541565 0.001999974250793457
vt 0.08375000208616257 0.29205071926116943
vt 0.24724999070167542 0.2922712564468384
vt 0.1655000001192093 0.5048139095306396
vt 0.6616588830947876 1.5942519307136536
vt 0.6307270526885986 1.5341001749038696
vt 0.6616588830947876 1.4739591181278229
vt 0.6616588830947876 1.3536663055419922
vt 0.30173733830451965 1.8974673748016357
vt 0.2877223491668701 2.0394561290740967
vt 0.27370768785476685 2.707664966583252
vt 0.3017370104789734 1.3712472915649414
vt 0.4142042100429535 1.594208836555481
vt 0.4760679006576538 1.7145124673843384
vt 0.4142042100429535 1.714501678943634
vt 0.32899999618530273 1.1225858330726624
vt 0.1655000001192093 1.3162512481212616
vt 0.1655000001192093 1.2516961693763733
vt 0.1655000001192093 1.38080632686615
vt 0.0020000000949949026 1.5099166631698608
vt 0.32899999618530273 1.251695990562439
vt 0.24724999070167542 1.2516960799694061
vt 0.0020000000949949026 0.7577691078186035
vt 0.1655000001192093 0.6399154365062714
vt 0.1655000001192093 0.7577690184116364
vt 0.32899999618530273 0.5220617651939392
vt 0.5 3.263693332672119
vt 0.4749999940395355 3.002481460571289
vt 0.5 2.991315245628357
vt 0.32899999618530273 1.5099163055419922
vt 0.1655000001192093 1.5099164843559265
vt 0.1655000001192093 1.4453614056110382
vt 0.5 2.7189371585845947
vt 0.2737728953361511 1.37124764919281
vt 0.375 1.0253814458847046
vt 0.44999998807907104 0.6832953095436096
vt 0.4000000059604645 1.3640925884246826
vt 0.3500000238418579 0.6866703033447266
vt 0.4749999940395355 4.636749505996704
vt 0.3500000238418579 4.420203447341919
vt 0.44999998807907104 4.375537872314453
vt 0.3500000238418579 2.044889807701111
vt 0.5 4.897961139678955
vt 0.33000001311302185 1.043593406677246
vt 0.5 1.043593406677246
vt 0.5 1.043593406677246
vt 0.5 4.35320520401001
vt 0.32899999618530273 0.07972866296768188
vt 0.04287499934434891 0.6776600778102875
vt 0.08374999463558197 0.8268285989761353
vt 0.04287499934434891 0.5284916460514069
vt 0.0020000000949949026 0.23015469312667847
vt 0.0020000000949949026 0.8268285393714905
vt 0.08375000208616257 1.1251654922962189
vt 0.06331250071525574 0.9014127850532532
vt 0.4150000214576721 0.36770784854888916
vt 0.3725000023841858 0.029765069484710693
vt 0.3725000023841858 0.36770784854888916
vt 0.27757567167282104 2.671941876411438
vt 0.32899999618530273 2.4905953407287598
vt 0.32899999618530273 2.6321775913238525
vt 0.3725000023841858 0.7056506276130676
vt 0.33000001311302185 0.36770784854888916
vt 0.33000001311302185 0.7056506276130676
vt 0.0020000000949949026 0.5284916162490845
vt 0.6669999957084656 0.8771184086799622
vt 0.5827499628067017 0.7004837989807129
vt 0.6669999957084656 0.5310283899307251
vt 0.24724999070167542 0.7173565328121185
vt 0.24724999070167542 0.5048139095306396
vt 0.22615134716033936 2.853288412094116
vt 0.27757567167282104 2.7427330017089844
vt 0.32899999618530273 2.773759961128235
vt 0.33000001311302185 0.14861410856246948
vt 0.3721250295639038 0.3175855278968811
vt 0.33000001311302185 0.48655688762664795
vt 0.32899999618530273 1.3808061480522156
vt 0.26768749952316284 0.7522443383932114
vt 0.1655000001192093 0.82682865858078
vt 0.2881249785423279 0.9759970903396606
vt 0.24724999070167542 0.5284915864467621
vt 0.32899999618530273 1.7641041278839111
vt 0.32899999618530273 1.8911980390548706
vt 0.1655000001192093 1.7005573511123657
vt 0.1655000001192093 1.7641043066978455
vt 0.32899999618530273 1.6370102167129517
vt 0.1655000001192093 1.5734634399414062
vt 0.6437153816223145 2.6153807640075684
vt 0.5473113656044006 2.6153805255889893
vt 0.6477652788162231 2.683135509490967
vt 0.3085624873638153 1.1997498273849487
vt 0.24724999070167542 1.1251656115055084
vt 0.32899999618530273 1.4235025644302368
vt 0.32899999618530273 1.1251655519008636
vt 0.30000001192092896 1.3674675226211548
vt 0.26250001788139343 2.046577215194702
vt 0.28125 1.0279126167297363
vt 0.30000001192092896 0.009247958660125732
vt 0.26250001788139343 1.36746746301651
vt 0.32899999618530273 0.39963722229003906
vt 0.1554669737815857 0.1302456259727478
vt 0.32899999618530273 0.2772127389907837
vt 0.6616588830947876 -0.41888856887817383
vt 0.6307270526885986 -0.48000621795654297
vt 0.6616588830947876 -0.5411131381988525
vt 0.6616588830947876 -0.6633377075195312
vt 0.32899999618530273 0.15478825569152832
vt 0.32899999618530273 0.032363712787628174
vt 0.6616588830947876 2.097430467605591
vt 0.6616588830947876 2.2287269830703735
vt 0.5379315614700317 2.2463741302490234
vt 0.6616588830947876 2.3600234985351562
vt 0.30000001192092896 2.046577215194702
vt 0.32500001788139343 1.7061786651611328
vt 0.30000001192092896 2.725687026977539
vt 0.33000001311302185 -0.5272715091705322
vt 0.6669999957084656 -0.5272715091705322
vt 0.4142500162124634 -0.18932867050170898
vt 0.24375000596046448 1.7070223689079285
vt 0.1875 2.046577215194702
vt 0.22500000894069672 1.3674675226211548
vt 0.28125 2.3861321210861206
vt 0.20625001192092896 2.3861321210861206
vt 0.6669999957084656 0.1486140489578247
vt 0.4984999895095825 0.48655688762664795
vt 0.4984999895095825 0.1486140489578247
vt 0.6669999957084656 0.8244996666908264
vt 0.33000001311302185 0.8244996666908264
vt 0.16875000298023224 1.7070223689079285
vt 0.0020000000949949026 0.2886679768562317
vt 0.0020000000949949026 0.055274009704589844
vt 0.4142042100429535 2.1327247619628906
vt 0.4142500162124634 0.6933046579360962
vt 0.4984999895095825 0.523849219083786
vt 0.32899999618530273 2.915342330932617
vt 0.32899999618530273 3.05692458152771
vt 0.3017376661300659 2.42368745803833
vt 0.5262677669525146 0.010081470012664795
vt 0.3887180685997009 -0.004664897918701172
vt 0.44623178243637085 0.20990020036697388
vt 0.44999998807907104 2.0415148735046387
vt 0.42500001192092896 1.7028037309646606
vt 0.5 1.3607176542282104
vt 0.5037454962730408 0.4244652986526489
vt 0.38874173164367676 0.4244652986526489
vt 0.5487900972366333 -0.40430235862731934
vt 0.4687540829181671 -0.20448362827301025
vt 0.4112403690814972 -0.4190487861633301
vt 0.32899999618530273 2.254443645477295
vt 0.32899999618530273 2.3725194931030273
vt 0.1655000001192093 2.1954057216644287
vt 0.15000000596046448 1.3674675226211548
vt 0.4142042100429535 2.361471176147461
vt 0.2736906409263611 -0.43379509449005127
vt 0.331204354763031 -0.21922993659973145
vt 0.2737143039703369 -0.004664897918701172
vt 0.5 2.3793822526931763
vt 0.4749999940395355 2.3802260160446167
vt 0.5 2.039827346801758
vt 0.26250001788139343 0.6883577704429626
vt 0.30000001192092896 3.856489658355713
vt 0.4000000059604645 3.853114604949951
vt 0.375 4.136659145355225
vt 0 0
vt 0.15000000596046448 0.5
vt 0 0.5
vt 0 1
vt 0.5 1.7002725005149841
vt 0.15000000596046448 2.725687026977539
vt 0.32899999618530273 0.8268285393714905
vt 0.20625001192092896 0.3488028645515442
vt 0.28125 0.3488028645515442
vt 0.5 3.8084492683410645
vt 0.42500001192092896 3.569570302963257
vt 0.44999998807907104 3.2860260009765625
vt 0.375 3.005856513977051
vt 0.5 0.3420529365539551
vt 0.5 0.002498030662536621
vt 0.5835000276565552 0.36770784854888916
vt 0.5410000085830688 0.029765069484710693
vt 0.33000001311302185 -0.3081777095794678
vt 0.6669999957084656 -0.3081777095794678
vt 0.4142042100429535 0.9582760035991669
vt 0.4760679006576538 0.9582868218421936
vt 0.4142042100429535 1.0900583863258362
vt 0.4142042100429535 0.8264936208724976
vt 0.0020000000949949026 1.380806565284729
vt 0.08375000208616257 1.380806416273117
vt 0.0020000000949949026 1.2516964673995972
vt 0.6616588830947876 0.6968124806880951
vt 0.5997952222824097 0.6968016624450684
vt 0.6616588830947876 0.5670880675315857
vt 0.6616588830947876 0.8265368938446045
vt 0.5 0.6816078424453735
vt 0.6669999957084656 0.7056506276130676
vt 0.625249981880188 0.7056506276130676
vt 0.6669999957084656 1.043593406677246
vt 0.6669999957084656 0.36770784854888916
vt 0.30000001192092896 1
vt 0.4142042100429535 0.18707680702209473
vt 0.4760679006576538 0.18708765506744385
vt 0.4142042100429535 0.30759674310684204
vt 0.4142042100429535 0.06655693054199219
vt 0.0020000000949949026 2.254443883895874
vt 0.0020000000949949026 2.136367917060852
vt 0.08374999463558197 2.1954057216644287
vt 0.0020000000949949026 2.01829195022583
vt 0.5379315614700317 1.4739375710487366
vt 0.5997952222824097 1.473948359489441
vt 0.5379315614700317 1.5942304134368896
vt 0.1875 3.2936408519744873
vt 0.20625001192092896 3.577617645263672
vt 0.15000000596046448 3.8615946769714355
vt 0.22500000894069672 3.8615946769714355
vt 0.26250001788139343 3.2936408519744873
vt 0.16875000298023224 4.145571708679199
vt 0.16875000298023224 4.713525295257568
vt 0.1875 4.429548501968384
vt 0.15000000596046448 3.2936408519744873
vt 0.22500000894069672 0.75
vt 0.07500000298023224 0.75
vt 0.15000000596046448 0.5
vt 0 0.5
vt 0 1
vt 0.30000001192092896 1
vt 0.11250000447034836 0.875
vt 0.30000001192092896 0.5
vt 0.30000001192092896 0
vt 0.273740291595459 2.039456367492676
vt 0 0
vt 0.07500000298023224 0.25
vt 0.22500000894069672 0.25
vt 0.30000001192092896 0
vt 0.1655000001192093 2.01829195022583
vt 0.32899999618530273 2.1363677978515625
vt 0.32899999618530273 2.01829195022583
vt 0.1655000001192093 2.1363677978515625
vt 0.21562501788139343 0.8581352233886719
vt 0.1875 0.6883577704429626
vt 0.15000000596046448 0.6883577108383179
vt 0.15000000596046448 0.009247958660125732
vt 0.20625001192092896 1.0279126465320587
vt 0.0020000000949949026 1.125165432691574
vt 0.32899999618530273 0.8756221979856491
vt 0.0020000000949949026 0.9934762716293335
vt 0.1655000001192093 0.875622496008873
vt 0.32899999618530273 0.7577687203884125
vt 0.32899999618530273 0.6399152278900146
vt 0.1655000001192093 0.8166957497596741
vt 0.6616588830947876 1.834837555885315
vt 0.4142042100429535 1.9837596416473389
vt 0.4142042100429535 1.834794521331787
vt 0.08374999463558197 0.5284916758537292
vt 0.32899999618530273 0.23015451431274414
vt 0.12462498992681503 0.3793231248855591
vt 0.6616588830947876 1.9661340117454529
vt 0.5379315614700317 1.9837811589241028
vt 0.32899999618530273 0.9934756755828857
vt 0.1655000001192093 0.9934759736061096
vt 0.0020000000949949026 1.4235023260116577
vt 0.20637500286102295 1.2743340134620667
vt 0.4749999940395355 1.02200648188591
vt 0.3500000238418579 3.289400815963745
vt 0.30000001192092896 3.291088342666626
vt 0.6616588830947876 1.2218839526176453
vt 0.5379315614700317 1.0900800228118896
vt 0.6616588830947876 1.0901015996932983
vt 0.3500000238418579 3.572101593017578
vt 0.5997952222824097 0.9583084583282471
vt 0.6616588830947876 0.9583192467689514
vt 0.6616588830947876 0.4373636245727539
vt 0.5997952222824097 0.43735283613204956
vt 0.6616588830947876 0.3076392412185669
vt 0.6669999957084656 0.029765069484710693
vt 0.351062536239624 0.5710425972938538
vt 0.4142500162124634 0.48655688762664795
vt 0.5 4.080827236175537
vt 0.5827499628067017 -0.18932867050170898
vt 0.6669999957084656 -0.18932867050170898
vt 0.3931875228881836 0.06412839889526367
vt 0.5 3.536071300506592
vt 0.5 4.625583171844482
vt 0.32899999618530273 0.5284915268421173
vt 0.33000001311302185 0.12781494855880737
vt 0.6669999957084656 0.18493837118148804
vt 0.4142500162124634 0.3258320689201355
vt 0.4142500162124634 0.5095683634281158
vt 0.3721250295639038 0.5942960679531097
vt 0.3512499928474426 0.029765069484710693
vt 0.3512499928474426 0.19873642921447754
vt 0.3512499928474426 0.36770784854888916
vt 0.33000001311302185 0.862760066986084
vt 0.33000001311302185 0.49528753757476807
vt 0.33000001311302185 -0.18932867050170898
vt 0.0020000000949949026 0.5045933723449707
vt 0.042875003069639206 0.6109749376773834
vt 0.0020000000949949026 0.7172462642192841
vt 0.0020000000949949026 0.9298991560935974
vt 0.1655000001192093 1.637010395526886
vt 0.26250001788139343 4.424443483352661
vt 0.30000001192092896 4.4218909740448
vt 0.30000001192092896 4.987292289733887
vt 0.32500001788139343 4.703747749328613
vt 0.15000000596046448 4.997502326965332
vt 0.5997952222824097 1.7145339846611023
vt 0.0020000000949949026 0.5220619440078735
vt 0.0020000000949949026 0.6399155259132385
vt 0.4142042100429535 2.247097969055176
vt 0.33000001311302185 0.862771213054657
vt 0.4984999895095825 0.8708570897579193
vt 0.4142500162124634 0.683074951171875
vt 0.6669999957084656 0.8789429664611816
vt 0.5827499628067017 0.35439378023147583
vt 0.20625001192092896 4.145571708679199
vt 0.24375000596046448 3.0096640586853027
vt 0.30000001192092896 4.139190196990967
vt 0.5379315614700317 -0.05394124984741211
vt 0.5997952222824097 -0.05393040180206299
vt 0.5379315614700317 0.06657862663269043
vt 0.6616588830947876 -0.1744394302368164
vt 0.6616588830947876 0.06659990549087524
vt 0.5997952222824097 0.18710893392562866
vt 0.26250001788139343 3.5763416290283203
vt 0.24375000596046448 4.708420276641846
vt 0.33000001311302185 0.31155121326446533
vt 0.33000001311302185 0.029765069484710693
vt 0.08375000208616257 1.6370104551315308
vt 0.2422334849834442 0.3261536955833435
vt 0.16875000298023224 3.0096640586853027
vt 0.4760679006576538 0.43733155727386475
vt 0.5379315614700317 0.5670664310455322
vt 0.4142042100429535 0.4373209476470947
vt 0.30000001192092896 0.5
vt 0.4142042100429535 0.6967694163322449
vt 0.4760679006576538 0.6967800259590149
vt 0.0020000000949949026 1.7641043066978455
vt 0.460736483335495 2.6954002380371094
vt 0.4984999895095825 0.503378689289093
vt 0.4142500162124634 0.49933576583862305
vt 0.4142500162124634 0.3155965805053711
vt 0.4142042100429535 0.5670451819896698
vt 0.0020000000949949026 1.6370104551315308
vt 0.6616588830947876 -0.2966639995574951
vt 0.5997952222824097 -0.29667484760284424
vt 0.4760679006576538 -0.41892123222351074
vt 0.5379315614700317 -0.41891026496887207
vt 0.4760679006576538 -0.2966965436935425
vt 0.4760679006576538 -0.541145920753479
vt 0.4142042100429535 -0.1744828224182129
vt 0.4142042100429535 -0.4189321994781494
vt 0.44513607025146484 -0.35781431198120117
vt 0.08374999463558197 0.7173565328121185
vt 0.375 2.383600950241089
vt 0.4142042100429535 1.3536231517791748
vt 0.4142042100429535 1.4739159941673279
vt 0.0020000000949949026 0.8756226897239685
vt 0.4142042100429535 -0.5411568880081177
vt 0.6669999957084656 0.48655688762664795
vt 0.4142042100429535 -0.6633815765380859
vt 0.0020000000949949026 2.849834680557251
vt 0.019404379650950432 2.7057852745056152
vt 0.0020000000949949026 2.969580888748169
vt 0.0020000000949949026 2.7300883531570435
vt 0.42500001192092896 0.3445841670036316
vt 0.32500001788139343 0.34795916080474854
vt 0.6616588830947876 -0.05391979217529297
vt 0.45750001072883606 0.7056506276130676
vt 0.5417500138282776 0.7056506276130676
vt 0.625249981880188 0.029765069484710693
vt 0.08374999463558197 1.8911981582641602
vt 0.24724999070167542 1.8911981582641602
vt 0.0020000000949949026 0.29194045066833496
vt 0.4760679006576538 1.2218515872955322
vt 0.24724999070167542 1.1225859224796295
vt 0.08375000208616257 1.1225862205028534
vt 0.0020000000949949026 0.079287588596344
vt 0.33000001311302185 0.679023802280426
vt 0.3721250295639038 0.3135750889778137
vt 0.33000001311302185 0.1278144121170044
vt 0.5827499628067017 0.6911608278751373
vt 0.32899999618530273 0.7173565328121185
vt 0.32899999618530273 0.5048139095306396
vt 0.3721250295639038 0.4054446816444397
vt 0.32899999618530273 0.9298991560935974
vt 0.33000001311302185 0.4952927827835083
vt 0.6669999957084656 0.5328532457351685
vt 0.33122801780700684 0.20990020036697388
vt 0.27373793721199036 0.4244652986526489
vt 0.33000001311302185 0.6790319979190826
vt 0.4104706048965454 2.5528671741485596
vt 0.547233521938324 2.398069381713867
vt 0.33000001311302185 0.31155359745025635
vt 0.24724999070167542 2.3430005311965942
vt 0.1655000001192093 2.254443645477295
vt 0.5997952222824097 -0.5411239862442017
vt 0.0020000000949949026 2.490595817565918
vt 0.03680875897407532 2.9209747314453125
vt 0.6616588830947876 0.18711960315704346
vt 0.6669999957084656 0.18676352500915527
vt 0.5827499628067017 0.34507107734680176
vt 0.1655000001192093 1.1225860714912415
vt 0.1655000001192093 0.5220618546009064
vt 0.07873348146677017 0.3261537551879883
vt 0.4984999895095825 0.15728896856307983
vt 0.0020000000949949026 2.372519850730896
vt 0.1655000001192093 2.372519612312317
vt 0.4142042100429535 -0.05396294593811035
vt 0.0020000000949949026 1.1225863695144653
vt 0.4142042100429535 1.2218407690525055
vt 0.1140756756067276 2.671942114830017
vt 0.1655000001192093 2.490595579147339
vt 0.32899999618530273 0.2922712564468384
vt 0.6616588830947876 1.7145447731018066
vt 0.41050952672958374 2.6615227460861206
vt 0.5997952222824097 1.221873164176941
vt 0.1655000001192093 1.8911981582641602
vt 0.0020000000949949026 1.8911981582641602
vt 0.05674268677830696 0.14275407791137695
vt 0.02921758033335209 0.001999974250793457
vt 0.2250325083732605 0.001999974250793457
vt 0.05879838019609451 0.13890767097473145
vt 0.20232926309108734 0.10480362176895142
vt 0.1222957968711853 0.01271069049835205
vt 0.20895640552043915 0.2138216495513916
vt 0.2482738494873047 0.1972332000732422
vt 0.20232926309108734 0.10480362176895142
vt 0.0742310881614685 0.03063976764678955
vt 0.23769916594028473 0.09728097915649414
vt 0.20232926309108734 0.10480362176895142
vt 0.14633402228355408 0.0056084394454956055
vt 0.20895640552043915 0.2138216495513916
vt 0.1968926340341568 0.2793616056442261
vt 0.2418232262134552 0.26216715574264526
vt -0.08766049146652222 1.013264536857605
vt -0.16512563824653625 1.0325182676315308
vt -0.0970807671546936 0.6499660015106201
vt 0.2482738494873047 0.1972332000732422
vt 0.02503008022904396 0.24219220876693726
vt 0.05879838019609451 0.13890767097473145
vt 0.1222957968711853 0.01271069049835205
vt 0.0742310881614685 0.03063976764678955
vt 0.1968926340341568 0.2793616056442261
vt 0.2418232262134552 0.26216715574264526
vt 0.2482738494873047 0.1972332000732422
vt 0.23769916594028473 0.09728097915649414
vt 0.14633402228355408 0.0056084394454956055
vt 0.02503008022904396 0.24219220876693726
vt 0.0008283704519271851 0.24255186319351196
vt 0.003994257189333439 0.30580294132232666
vt -0.16512563824653625 0.6818366050720215
vt 0.1268417090177536 0.001999974250793457
vt 0.04755460098385811 0.001999974250793457
vt 0.12673763930797577 0.0974653959274292
vt 0.024599585682153702 0.1002500057220459
vt 0.20232926309108734 0.10480362176895142
vt 0.23769916594028473 0.09728097915649414
vt 0.2482738494873047 0.1972332000732422
vt 0.14633402228355408 0.0056084394454956055
vt 0.2418232262134552 0.26216715574264526
vt 0.20895640552043915 0.2138216495513916
vt 0.1968926340341568 0.2793616056442261
vt 0.1222957968711853 0.01271069049835205
vt 0.003994257189333439 0.30580294132232666
vt 0.0008283704519271851 0.24255186319351196
vt 0.02503008022904396 0.24219220876693726
vt 0.0742310881614685 0.03063976764678955
vt 0.1222957968711853 0.01271069049835205
vt 0.05879838019609451 0.13890767097473145
vt 0.025273766368627548 0.30804443359375
vt 0.02822165936231613 0.1425679326057434
vt 0.05879838019609451 0.13890767097473145
vt 0.20895640552043915 0.2138216495513916
vt 0.0742310881614685 0.03063976764678955
vt 0.2418232262134552 0.26216715574264526
vt 0.1968926340341568 0.2793616056442261
vt 0.025273766368627548 0.30804443359375
vt 0.02822165936231613 0.1425679326057434
vt 0.0029192566871643066 0.9578605890274048
vt 0.0029192566871643066 0.5602177381515503
vt 0.056705016642808914 0.2641463875770569
vt 0.026355702430009842 0.2062978744506836
vt 0.12645988166332245 0.19697344303131104
vt 0.024599585682153702 0.1002500057220459
vt 0.12673763930797577 0.0974653959274292
vt 0.04755460098385811 0.001999974250793457
vt 0.1268417090177536 0.001999974250793457
vt 0.1972106397151947 0.14292633533477783
vt 0.12645988166332245 0.19697344303131104
vt 0.02503008022904396 0.24219220876693726
vt 0.025273766368627548 0.30804443359375
vt 0.026355702430009842 0.2062978744506836
vt 0.0029192566871643066 1.2783855199813843
vt 0.0648101195693016 0.39911699295043945
vt 0.003994257189333439 0.30580294132232666
vt 0.14985331892967224 0.3880472183227539
vt 0.056485552340745926 0.26372361183166504
vt 0.026692945510149002 0.20534682273864746
vt 0.02527138963341713 0.09928369522094727
vt 0.025273766368627548 0.30804443359375
vt 0.0486522801220417 0.001999974250793457
vt 0.003994257189333439 0.30580294132232666
vt 0.14985331892967224 0.3880472183227539
vt 0.0648101195693016 0.39911699295043945
vt 0.056705016642808914 0.2641463875770569
vt 0.02822165936231613 0.1425679326057434
vt 0.0008283704519271851 0.24255186319351196
vt 0.0486522801220417 0.001999974250793457
vt 0.14633402228355408 0.0056084394454956055
vt 0.02527138963341713 0.09928369522094727
vt 0.23769916594028473 0.09728097915649414
vt 0.02921758033335209 0.001999974250793457
vt 0.05674268677830696 0.14275407791137695
vt 0.2250325083732605 0.001999974250793457
vt 0.1972106397151947 0.14292633533477783
vt 0.026692945510149002 0.20534682273864746
vt 0.056485552340745926 0.26372361183166504
vt 0.02822165936231613 0.1425679326057434
vt 0.0008283704519271851 0.24255186319351196
vt 1.8843958377838135 0.25099998712539673
vt 1.8843958377838135 0.1887500286102295
vt 1.8265937566757202 0.21987497806549072
vt 1.768791675567627 0.25099998712539673
vt 1.768791675567627 0.12650001049041748
vt 1.6531875133514404 0.12650001049041748
vt 1.7109895944595337 0.1887500286102295
vt 1.7109895944595337 0.03312498331069946
vt 1.6531875133514404 0.001999974250793457
vt 1.6531875133514404 0.06424999237060547
vt 1.768791675567627 0.001999974250793457
vt 1.6223535537719727 0.8816925287246704
vt 1.6256574392318726 1.0066691637039185
vt 1.672450304031372 0.9433355182409286
vt 1.719243049621582 0.8800018727779388
vt 1.719243049621582 0.9425018727779388
vt 1.7175911664962769 0.8175135552883148
vt 1.812828779220581 0.8783345818519592
vt 1.812828779220581 0.7533345818519592
vt 1.7660359144210815 0.816668227314949
vt 1.859621524810791 0.7837509363889694
vt 1.9064143896102905 0.6891672909259796
vt 1.9064143896102905 0.8141672909259796
vt 1.8129106760025024 1.0362509340047836
vt 1.7194478511810303 1.0872927531599998
vt 1.8129925727844238 1.069167286157608
vt 1.7193660736083984 1.0543764010071754
vt 1.906496286392212 1.034583643078804
vt 1.7195298671722412 1.1202091053128242
vt 1.719611644744873 1.1531254649162292
vt 1.8130744695663452 1.1020836383104324
vt 1.6259851455688477 1.138334572315216
vt 1.6261489391326904 1.2041672766208649
vt 1.6263127326965332 1.2699999809265137
vt 1.6729621887207031 1.2115627229213715
vt 1.719693660736084 1.1860418021678925
vt 1.812828779220581 1.0033345818519592
vt 1.9064552783966064 1.0181254670023918
vt 2 1
vt 1.7192840576171875 1.021460048854351
vt 1.6258213520050049 1.0725018680095673
vt 1.672675609588623 1.0963554829359055
vt 2 1.2699999809265137
vt 1.9065781831741333 1.2699999809265137
vt 1.9065781831741333 1.2362499833106995
vt 1.8131563663482666 1.2699999809265137
vt 1.9065781831741333 1.2362499833106995
vt 1.9532890319824219 1.1856249868869781
vt 1.9065781831741333 1.168749988079071
vt 2 1.1349999904632568
vt 2 1.2024999856948853
vt 1.6501392126083374 0.25381171703338623
vt 1.6454823017120361 0.19085878133773804
vt 1.730618953704834 0.22092938423156738
vt 1.6408252716064453 0.12790584564208984
vt 1.7352759838104248 0.2838823199272156
vt 1.8204126358032227 0.3139529228210449
vt 1.8250696659088135 0.3769058585166931
vt 1.6810652017593384 0.11146467924118042
vt 1.7259620428085327 0.1579764485359192
vt 1.9102063179016113 0.40697646141052246
vt 1.9078779220581055 0.375499963760376
vt 1.8257131576538086 0.8780057430267334
vt 1.738569736480713 0.8795086145401001
vt 1.7821414470672607 0.8162571787834167
vt 1.8257131576538086 0.7530057430267334
vt 1.655761480331421 0.880914494395256
vt 2 0.875
vt 1.9128565788269043 0.8765028715133667
vt 1.9128565788269043 0.8140028715133667
vt 1.9128565788269043 0.9390028715133667
vt 1.8618168830871582 0.21987497806549072
vt 1.9078779220581055 0.31325000524520874
vt 1.8157557249069214 0.25099998712539673
vt 1.9078779220581055 0.1887500286102295
vt 1.8157557249069214 0.12650001049041748
vt 1.7370002269744873 1.0210078954696655
vt 1.8257131576538086 1.0030057430267334
vt 1.8225740194320679 1.0360043048858643
vt 1.6514264345169067 1.0060114860534668
vt 1.733860969543457 1.0540064573287964
vt 1.9112870693206787 1.0180021524429321
vt 1.909717321395874 1.0345014333724976
vt 2 1
vt 1.6325911283493042 1.204002857208252
vt 1.7228736877441406 1.1695014238357544
vt 1.7197345495224 1.2024999856948853
vt 1.8131563663482666 1.1349999904632568
vt 1.7695846557617188 1.1357514262199402
vt 1.6451480388641357 1.0720086097717285
vt 1.7322914600372314 1.0705057382583618
vt 1.7291522026062012 1.1035043001174927
vt 1.8194347620010376 1.0690028667449951
vt 1.6388695240020752 1.1380057334899902
vt 1.6808717250823975 1.1537535786628723
vt 1.8162956237792969 1.102001428604126
vt 1.726012945175171 1.1365028619766235
vt 1.694998025894165 0.9427600502967834
vt 1.738569736480713 0.9420086145401001
vt 1.7109895944595337 0.09537500143051147
vt 1.5953853130340576 0.06424999237060547
vt 1.546940565109253 0.06509530544281006
vt 1.5375832319259644 0.001999974250793457
vt 1.5953853130340576 0.03312498331069946
vt 1.603084683418274 0.44366729259490967
vt 1.6999741792678833 0.4419766664505005
vt 1.6952955722808838 0.4104290008544922
vt 1.7968636751174927 0.44028598070144653
vt 1.7023134231567383 0.45775043964385986
vt 1.5937273502349854 0.38057196140289307
vt 1.6398327350616455 0.3639528155326843
vt 1.5843700170516968 0.31747663021087646
vt 1.7921850681304932 0.40873831510543823
vt 1.6906168460845947 0.3788813352584839
vt 1.6882774829864502 0.36310744285583496
vt 1.787506341934204 0.37719064950942993
vt 1.893753170967102 0.4385952949523926
vt 1.8914138078689575 0.4228215217590332
vt 1.8062210083007812 0.5033813118934631
vt 1.900771141052246 0.4859168529510498
vt 1.8015422821044922 0.47183364629745483
vt 1.8984317779541016 0.4701429605484009
vt 2 0.5
vt 1.5656553506851196 0.19128596782684326
vt 1.6719021797180176 0.2526906728744507
vt 1.6672234535217285 0.22114300727844238
vt 1.674241542816162 0.26846444606781006
vt 1.7781490087509155 0.31409531831741333
vt 1.6117607355117798 0.17466682195663452
vt 1.556298017501831 0.12819063663482666
vt 1.5750126838684082 0.25438129901885986
vt 1.6789201498031616 0.30001211166381836
vt 1.6812595129013062 0.3157860040664673
vt 1.782827615737915 0.34564298391342163
vt 1.619948387145996 0.22987520694732666
vt 1.6859381198883057 0.3473336696624756
vt 1.8070470094680786 0.5346254706382751
vt 1.9035234451293945 0.5173127353191376
vt 1.807873010635376 0.5658696293830872
vt 1.7097444534301758 0.5206940472126007
vt 1.7105705738067627 0.5519382059574127
vt 1.6124420166015625 0.5067626237869263
vt 1.7122223377227783 0.6144265234470367
vt 1.7130483388900757 0.6456706821918488
vt 1.8086988925933838 0.5971137881278992
vt 1.6157459020614624 0.6317392587661743
vt 1.6173977851867676 0.6942275762557983
vt 1.6190497875213623 0.7567158937454224
vt 1.6660490036010742 0.7011932730674744
vt 1.713874340057373 0.6769148409366608
vt 1.904349446296692 0.5485568940639496
vt 1.7113964557647705 0.5831823647022247
vt 1.9051754474639893 0.5798010528087616
vt 1.9055883884429932 0.5954231321811676
vt 1.714287281036377 0.6925369203090668
vt 1.8103508949279785 0.6596021056175232
vt 1.8095248937606812 0.6283579468727112
vt 1.6140940189361572 0.5692509412765503
vt 1.6631581783294678 0.5918387174606323
vt 1.6207016706466675 0.8192042112350464
vt 1.6681139469146729 0.7793036848306656
vt 1.7155263423919678 0.7394031584262848
vt 1.7147003412246704 0.7081589996814728
vt 1.8273980617523193 0.4083822965621948
vt 1.7387685775756836 0.3310970067977905
vt 1.741097092628479 0.362573504447937
vt 1.9125348329544067 0.43845295906066895
vt 2 0.5
vt 1.7434256076812744 0.3940499424934387
vt 1.6594531536102295 0.3797175884246826
vt 1.8297265768051147 0.4398587942123413
vt 1.6547961235046387 0.3167646527290344
vt 1.6956181526184082 0.3081926107406616
vt 1.9136990308761597 0.4541911482810974
vt 1.8320550918579102 0.4713352918624878
vt 1.9148633480072021 0.46992939710617065
vt 1.750411033630371 0.4884793758392334
vt 1.6641100645065308 0.4426705837249756
vt 1.7480826377868652 0.4570029377937317
vt 1.7457541227340698 0.4255264401435852
vt 1.8752055168151855 0.4942396879196167
vt 1.834383487701416 0.5028117597103119
vt 1.9081478118896484 1.051000714302063
vt 1.9065781831741333 1.0674999952316284
vt 1.8278807401657104 0.6904572546482086
vt 1.9139404296875 0.5952286124229431
vt 1.9128565788269043 0.6265028715133667
vt 1.8289644718170166 0.659182995557785
vt 1.8692848682403564 0.68975430727005
vt 1.9128565788269043 0.7515028715133667
vt 1.6622642278671265 0.6932690143585205
vt 1.7461562156677246 0.6605888903141022
vt 1.7450724840164185 0.6918631196022034
vt 1.8300483226776123 0.6279087662696838
vt 1.7466981410980225 0.6449517607688904
vt 1.6600966453552246 0.7558175027370453
vt 1.7015007734298706 0.7551145553588867
vt 1.6579290628433228 0.8183659911155701
vt 1.7439887523651123 0.723137378692627
vt 1.7434468269348145 0.7387744784355164
vt 1.6644318103790283 0.6307204961776733
vt 1.7477819919586182 0.6136775016784668
vt 1.831132173538208 0.5966345071792603
vt 1.748323917388916 0.598040372133255
vt 1.7429049015045166 0.7544116228818893
vt 1.741821050643921 0.7856858670711517
vt 1.7407373189926147 0.8169601261615753
vt 1.6665993928909302 0.5681720077991486
vt 1.7494076490402222 0.5667661428451538
vt 1.8322159051895142 0.5653602480888367
vt 1.7499494552612305 0.5511289834976196
vt 1.7510333061218262 0.5198547542095184
vt 1.8332996368408203 0.5340859889984131
vt 1.668766975402832 0.5056235194206238
vt 1.9166498184204102 0.5170429944992065
vt 1.9161078929901123 0.5326801240444183
vt 1.7093315124511719 0.5050719678401947
vt 1.7069921493530273 0.48929810523986816
vt 1.7285345792770386 0.30705368518829346
vt 1.8960925340652466 0.4543691873550415
vt 1.8890745639801025 0.4070476293563843
vt 1.8336117267608643 0.3605715036392212
vt 1.7734702825546265 0.28254765272140503
vt 1.837120771408081 0.3842322826385498
vt 1.7445898056030273 0.40978819131851196
vt 1.751575231552124 0.5042176246643066
vt 1.9150241613388062 0.5639543831348419
vt 1.9144822359085083 0.5795915126800537
vt 1.9445372819900513 0.45352381467819214
vt 1.886735200881958 0.3912738561630249
vt 2 0.25099998712539673
vt 1.9421979188919067 0.31324994564056396
vt 1.8843958377838135 0.375499963760376
vt 2 0.375499963760376
vt 1.8265937566757202 0.31324994564056396
vt 1.9421979188919067 0.437749981880188
vt 1.9421979188919067 0.03312498331069946
vt 1.8843958377838135 0.001999974250793457
vt 1.8843958377838135 0.06424999237060547
vt 2 0.001999974250793457
vt 1.95320725440979 0.9070836454629898
vt 2 0.875
vt 1.9064143896102905 0.9391672909259796
vt 1.9064143896102905 1.0016672909259796
vt 2 0.75
vt 2 0.625
vt 1.95320725440979 0.6570836305618286
vt 1.9298107624053955 0.7356254458427429
vt 1.719243049621582 1.0050018727779388
vt 1.7197345495224 1.2699999809265137
vt 1.7197345495224 1.2362499833106995
vt 1.7197345495224 1.2362499833106995
vt 1.8131563663482666 1.2024999856948853
vt 1.8131563663482666 1.1349999904632568
vt 1.7664453983306885 1.1856249868869781
vt 1.7197345495224 1.2024999856948853
vt 1.9532890319824219 1.2193749845027924
vt 1.9065781831741333 1.168749988079071
vt 2 1.2024999856948853
vt 1.9532890319824219 1.1012499928474426
vt 1.9065781831741333 1.1349999904632568
vt 2 1.0674999952316284
vt 1.9065781831741333 1.1012499928474426
vt 1.8598673343658447 1.151874989271164
vt 2 1.1349999904632568
vt 2 1.0674999952316284
vt 1.9532890319824219 1.0843749940395355
vt 1.9299335479736328 1.1265624910593033
vt 1.9564282894134521 0.6882514357566833
vt 2 0.75
vt 2 0.625
vt 1.738569736480713 1.0045086145401
vt 1.9564282894134521 0.5632514357566833
vt 1.9128565788269043 1.0015028715133667
vt 2 0.001999974250793457
vt 2 0.06424999237060547
vt 1.9078779220581055 0.06424999237060547
vt 2 0.12650001049041748
vt 1.8157557249069214 0.06424999237060547
vt 1.8157557249069214 0.001999974250793457
vt 1.7236335277557373 0.06424999237060547
vt 2 0.1887500286102295
vt 2 0.25099998712539673
vt 1.9078779220581055 0.2510000467300415
vt 1.7696945667266846 0.1576249599456787
vt 1.7236335277557373 0.12650001049041748
vt 2 0.31324994564056396
vt 2 0.375499963760376
vt 1.9539389610290527 0.40662503242492676
vt 1.9421979188919067 0.21987497806549072
vt 1.9421979188919067 0.1576249599456787
vt 1.8265937566757202 0.09537500143051147
vt 1.768791675567627 0.06424999237060547
vt 1.8265937566757202 0.03312498331069946
vt 1.8843958377838135 0.12650001049041748
vt 1.8265937566757202 0.1576250195503235
vt 1.768791675567627 0.1887500286102295
vt 2 0.12650001049041748
vt 1.9421979188919067 0.09537500143051147
vt 2 0.1887500286102295
vt 1.7163522243499756 0.7706473171710968
vt 1.7167651653289795 0.7862693965435028
vt 1.8111767768859863 0.6908462643623352
vt 1.7643840312957764 0.754179909825325
vt 1.859621524810791 0.6900009512901306
vt 1.9064143896102905 0.6266672909259796
vt 1.95320725440979 0.5945836305618286
vt 1.7663841247558594 1.144062727689743
vt 1.8598673343658447 1.1012499928474426
vt 1.9065781831741333 1.0674999952316284
vt 1.9065372943878174 1.0510418191552162
vt 1.7194888591766357 1.103750929236412
vt 1.8597853183746338 1.0683336406946182
vt 1.9532890319824219 1.0506249964237213
vt 1.7731873989105225 0.23596465587615967
vt 1.8618168830871582 0.31324994564056396
vt 1.7376043796539307 0.3153587579727173
vt 1.636168360710144 0.06495290994644165
vt 1.6315114498138428 0.001999974250793457
vt 1.8157557249069214 0.1887500286102295
vt 1.8380813598632812 1.1016257107257843
vt 1.7501533031463623 1.1113782227039337
vt 1.7244434356689453 1.153002142906189
vt 1.628965139389038 0.12692266702651978
vt 1.65786612033844 0.15804767608642578
vt 1.7183482646942139 0.40211939811706543
vt 1.9031105041503906 0.5016906559467316
vt 1.7226862907409668 0.26761913299560547
vt 1.6625447273254395 0.18959534168243408
vt 1.6070820093154907 0.14311915636062622
vt 1.7203469276428223 0.2518453598022461
vt 1.763351559638977 0.7151247262954712
vt 1.6689399480819702 0.8105478435754776
vt 1.8583825826644897 0.6431347131729126
vt 1.95320725440979 0.5633336305618286
vt 1.903936505317688 0.5329348146915436
vt 1.7118093967437744 0.5988044440746307
vt 1.7612866163253784 0.6370143294334412
vt 1.9047625064849854 0.5641789734363556
vt 1.8569371700286865 0.5884574055671692
vt 1.8577631711959839 0.6197015643119812
vt 1.7629386186599731 0.6995026469230652
vt 1.6730031967163086 1.228020891547203
vt 1.678736686706543 0.07998824119567871
vt 1.916027545928955 0.4856676459312439
vt 1.9539389610290527 0.437749981880188
vt 1.7010879516601562 1.169877141714096
vt 1.7657744884490967 0.6915116608142853
vt 1.917191743850708 0.5014058947563171
vt 1.8000320196151733 0.2978987693786621
vt 1.7156682014465332 0.22029763460159302
vt 1.945706844329834 0.4614107608795166
vt 1.8301026821136475 0.3369107246398926
vt 1.8312723636627197 0.34479761123657227
vt 1.8843958377838135 0.31324994564056396
vt 2 0.31324994564056396
vt 2 0.437749981880188
vt 2 0.06424999237060547
vt 1.976603627204895 0.5785418152809143
vt 1.6730237007141113 1.2362499833106995
vt 1.976644515991211 1.0421874970197678
vt 1.67757248878479 0.06424999237060547
vt 2 0.437749981880188
vt 1.669559359550476 0.8339809626340866
vt 1.7664453983306885 1.168749988079071
vt 1.9532890319824219 1.0337499976158142
vt 1.7696945667266846 0.1887500286102295
vt 1.7711310386657715 0.2667738199234009
vt 1.7133288383483887 0.20452380180358887
vt 1.631304383277893 0.14269649982452393
vt 1.660205364227295 0.17382144927978516
vt 1.6047426462173462 0.12734532356262207
vt 1.7168378829956055 0.22818458080291748
vt 1.7180075645446777 0.23607146739959717
vt 1.8131563663482666 1.2024999856948853
vt 1.915566086769104 0.5483172535896301
g Canal10i0
s 1
f 1/1/1 2/2/2 3/3/3
f 4/4/4 5/5/5 6/6/6
f 4/4/4 7/7/7 5/5/5
f 8/8/8 9/9/9 10/10/10
f 2/2/2 8/8/8 10/10/10
f 2/2/2 11/11/11 8/8/8
f 8/8/8 11/11/11 9/9/9
f 12/12/12 13/13/13 14/14/14
f 14/14/14 13/13/13 15/15/15
f 15/15/15 13/13/13 16/16/16
f 17/17/17 4/4/4 18/18/18
f 18/18/18 4/4/4 6/6/6
f 18/18/18 6/6/6 19/19/19
f 17/17/17 18/18/18 19/19/19
f 19/19/19 20/20/20 21/21/21
f 19/19/19 6/6/6 20/20/20
f 11/11/11 22/22/22 9/9/9
f 11/11/11 17/17/17 22/22/22
f 22/22/22 17/17/17 19/19/19
f 9/9/9 22/22/22 19/19/19
f 23/23/23 24/24/24 25/25/25
f 26/26/26 27/27/27 28/28/28
f 29/29/29 30/30/30 31/31/31
f 23/23/23 25/25/25 32/32/32
f 30/30/30 32/32/32 31/31/31
f 25/25/25 33/33/33 32/32/32
f 24/24/24 33/33/33 25/25/25
f 34/34/34 28/28/28 35/35/35
f 13/13/13 34/34/34 16/16/16
f 36/36/36 37/37/37 3/3/3
f 33/33/33 38/38/38 39/39/39
f 33/33/33 39/39/39 32/32/32
f 34/34/34 35/35/35 16/16/16
f 35/35/35 40/40/40 16/16/16
f 40/40/40 41/41/41 42/42/42
f 35/35/35 41/41/41 40/40/40
f 43/43/43 42/42/42 44/44/44
f 16/16/16 43/43/43 45/45/45
f 43/43/43 44/44/44 45/45/45
f 38/38/38 46/46/46 39/39/39
f 13/13/13 47/47/47 34/34/34
f 47/47/47 28/28/28 34/34/34
f 40/40/40 42/42/42 48/48/48
f 40/40/40 48/48/48 16/16/16
f 16/16/16 48/48/48 43/43/43
f 17/17/17 49/49/49 50/50/50
f 2/2/2 51/51/51 49/49/49
f 48/48/48 42/42/42 43/43/43
f 47/47/47 26/26/26 28/28/28
f 13/13/13 26/26/26 47/47/47
f 28/28/28 41/41/41 35/35/35
f 52/52/52 53/53/53 54/54/54
f 52/52/52 21/21/21 53/53/53
f 53/53/53 21/21/21 55/55/55
f 28/28/28 27/27/27 41/41/41
f 42/42/42 56/56/56 44/44/44
f 31/31/31 32/32/32 57/57/57
f 4/4/4 50/50/50 58/58/58
f 4/4/4 58/58/58 7/7/7
f 59/59/59 60/60/60 12/12/12
f 54/54/54 55/55/55 41/41/41
f 58/58/58 61/61/61 7/7/7
f 62/62/62 29/29/29 31/31/31
f 37/37/37 1/1/1 3/3/3
f 63/63/63 64/64/64 51/51/51
f 65/65/65 15/15/15 66/66/66
f 59/59/59 67/67/67 68/68/68
f 68/68/68 67/67/67 65/65/65
f 65/65/65 66/66/66 69/69/69
f 66/66/66 16/16/16 45/45/45
f 15/15/15 16/16/16 66/66/66
f 51/51/51 70/70/70 71/71/71
f 51/51/51 64/64/64 70/70/70
f 72/72/72 73/73/73 74/74/74
f 74/74/74 73/73/73 46/46/46
f 75/75/75 74/74/74 46/46/46
f 75/75/75 72/72/72 74/74/74
f 69/69/69 66/66/66 45/45/45
f 3/3/3 54/54/54 41/41/41
f 36/36/36 3/3/3 41/41/41
f 27/27/27 36/36/36 41/41/41
f 50/50/50 71/71/71 61/61/61
f 11/11/11 49/49/49 17/17/17
f 76/76/76 71/71/71 50/50/50
f 51/51/51 71/71/71 76/76/76
f 2/2/2 49/49/49 11/11/11
f 17/17/17 50/50/50 4/4/4
f 44/44/44 56/56/56 45/45/45
f 77/77/77 75/75/75 78/78/78
f 49/49/49 51/51/51 76/76/76
f 49/49/49 76/76/76 50/50/50
f 67/67/67 15/15/15 65/65/65
f 62/62/62 31/31/31 73/73/73
f 50/50/50 61/61/61 58/58/58
f 54/54/54 53/53/53 55/55/55
f 55/55/55 79/79/79 80/80/80
f 55/55/55 21/21/21 79/79/79
f 55/55/55 81/81/81 41/41/41
f 31/31/31 57/57/57 46/46/46
f 55/55/55 80/80/80 81/81/81
f 39/39/39 46/46/46 57/57/57
f 81/81/81 80/80/80 42/42/42
f 41/41/41 81/81/81 42/42/42
f 39/39/39 57/57/57 32/32/32
f 42/42/42 80/80/80 56/56/56
f 78/78/78 75/75/75 46/46/46
f 9/9/9 19/19/19 52/52/52
f 52/52/52 19/19/19 21/21/21
f 9/9/9 52/52/52 54/54/54
f 10/10/10 54/54/54 3/3/3
f 2/2/2 10/10/10 3/3/3
f 10/10/10 9/9/9 54/54/54
f 82/82/82 14/14/14 67/67/67
f 59/59/59 82/82/82 67/67/67
f 59/59/59 12/12/12 82/82/82
f 82/82/82 12/12/12 14/14/14
f 67/67/67 14/14/14 15/15/15
f 73/73/73 31/31/31 46/46/46
f 72/72/72 62/62/62 73/73/73
g Canal10i1
s 1
f 83/83/83 84/84/84 85/85/85
f 86/86/86 87/87/87 88/88/88
f 89/89/89 86/86/86 88/88/88
f 90/90/90 91/91/91 92/92/92
f 84/84/84 93/93/93 85/85/85
f 94/94/94 89/89/89 95/95/95
f 96/96/96 94/94/94 95/95/95
f 96/96/96 95/95/95 88/88/88
f 97/97/97 98/98/98 88/88/88
f 98/98/98 96/96/96 88/88/88
f 85/85/85 93/93/93 99/99/99
f 100/100/100 92/92/92 99/99/99
f 87/87/87 101/101/101 88/88/88
f 92/92/92 91/91/91 99/99/99
f 102/102/102 97/97/97 101/101/101
f 101/101/101 97/97/97 88/88/88
f 95/95/95 89/89/89 88/88/88
f 91/91/91 103/103/103 99/99/99
f 100/100/100 90/90/90 92/92/92
f 103/103/103 83/83/83 99/99/99
f 87/87/87 102/102/102 101/101/101
f 104/104/104 100/100/100 99/99/99
f 83/83/83 85/85/85 99/99/99
f 93/93/93 104/104/104 99/99/99
g Canal10i2
s 1
f 105/105/105 106/106/106 107/107/107
f 108/108/108 109/109/109 110/110/110
f 110/110/110 111/111/111 108/108/108
f 112/112/112 111/111/111 110/110/110
f 113/113/113 114/114/114 115/115/115
f 113/113/113 115/115/115 116/116/116
f 117/117/117 116/116/116 115/115/115
f 117/117/117 115/115/115 114/114/114
f 108/108/108 118/118/118 109/109/109
f 118/118/118 119/119/119 109/109/109
f 120/120/120 119/119/119 118/118/118
f 120/120/120 118/118/118 108/108/108
f 121/121/121 122/122/122 113/113/113
f 122/122/122 114/114/114 113/113/113
f 122/122/122 123/123/123 114/114/114
f 121/121/121 123/123/123 122/122/122
f 124/124/124 125/125/125 126/126/126
f 127/127/127 128/128/128 129/129/129
f 130/130/130 129/129/129 128/128/128
f 131/131/131 132/132/132 133/133/133
f 134/134/134 135/135/135 136/136/136
f 137/137/137 138/138/138 132/132/132
f 139/139/139 140/140/140 141/141/141
f 139/139/139 141/141/141 142/142/142
f 143/143/143 136/136/136 135/135/135
f 144/144/144 134/134/134 145/145/145
f 136/136/136 145/145/145 134/134/134
f 146/146/146 147/147/147 148/148/148
f 146/146/146 149/149/149 147/147/147
f 150/150/150 149/149/149 146/146/146
f 151/151/151 108/108/108 152/152/152
f 153/153/153 154/154/154 155/155/155
f 156/156/156 154/154/154 153/153/153
f 153/153/153 157/157/157 156/156/156
f 155/155/155 157/157/157 153/153/153
f 158/158/158 159/159/159 160/160/160
f 158/158/158 160/160/160 161/161/161
f 162/162/162 161/161/161 160/160/160
f 162/162/162 160/160/160 159/159/159
f 163/163/163 164/164/164 165/165/165
f 163/163/163 166/166/166 164/164/164
f 167/167/167 166/166/166 163/163/163
f 168/168/168 163/163/163 165/165/165
f 167/167/167 163/163/163 168/168/168
f 169/169/169 170/170/170 171/171/171
f 172/172/172 173/173/173 174/174/174
f 173/173/173 175/175/175 174/174/174
f 173/173/173 176/176/176 175/175/175
f 172/172/172 176/176/176 173/173/173
f 177/177/177 178/178/178 179/179/179
f 178/178/178 180/180/180 179/179/179
f 181/181/181 180/180/180 178/178/178
f 181/181/181 178/178/178 177/177/177
f 135/135/135 182/182/182 183/183/183
f 135/135/135 183/183/183 143/143/143
f 184/184/184 143/143/143 183/183/183
f 184/184/184 183/183/183 182/182/182
f 185/185/185 186/186/186 187/187/187
f 188/188/188 186/186/186 185/185/185
f 185/185/185 189/189/189 188/188/188
f 187/187/187 189/189/189 185/185/185
f 190/190/190 191/191/191 192/192/192
f 193/193/193 194/194/194 195/195/195
f 158/158/158 195/195/195 194/194/194
f 158/158/158 194/194/194 196/196/196
f 193/193/193 197/197/197 194/194/194
f 197/197/197 196/196/196 194/194/194
f 198/198/198 199/199/199 200/200/200
f 198/198/198 200/200/200 201/201/201
f 105/105/105 201/201/201 200/200/200
f 105/105/105 200/200/200 199/199/199
f 202/202/202 203/203/203 204/204/204
f 205/205/205 203/203/203 202/202/202
f 202/202/202 206/206/206 205/205/205
f 204/204/204 206/206/206 202/202/202
f 207/207/207 208/208/208 209/209/209
f 210/210/210 208/208/208 207/207/207
f 207/207/207 211/211/211 210/210/210
f 114/114/114 212/212/212 213/213/213
f 209/209/209 211/211/211 207/207/207
f 214/214/214 215/215/215 216/216/216
f 214/214/214 216/216/216 217/217/217
f 218/218/218 219/219/219 220/220/220
f 220/220/220 221/221/221 218/218/218
f 219/219/219 187/187/187 186/186/186
f 186/186/186 220/220/220 219/219/219
f 222/222/222 217/217/217 216/216/216
f 222/222/222 216/216/216 215/215/215
f 223/223/223 196/196/196 224/224/224
f 223/223/223 224/224/224 169/169/169
f 225/225/225 226/226/226 227/227/227
f 227/227/227 228/228/228 225/225/225
f 229/229/229 225/225/225 228/228/228
f 228/228/228 230/230/230 229/229/229
f 231/231/231 229/229/229 230/230/230
f 230/230/230 232/232/232 231/231/231
f 233/233/233 231/231/231 232/232/232
f 169/169/169 224/224/224 170/170/170
f 224/224/224 196/196/196 170/170/170
f 234/234/234 235/235/235 106/106/106
f 236/236/236 237/237/237 238/238/238
f 239/239/239 240/240/240 241/241/241
f 241/241/241 242/242/242 239/239/239
f 239/239/239 237/237/237 240/240/240
f 243/243/243 235/235/235 234/234/234
f 234/234/234 244/244/244 243/243/243
f 106/106/106 244/244/244 234/234/234
f 245/245/245 246/246/246 247/247/247
f 248/248/248 249/249/249 250/250/250
f 245/245/245 247/247/247 251/251/251
f 252/252/252 251/251/251 247/247/247
f 252/252/252 247/247/247 246/246/246
f 253/253/253 154/154/154 167/167/167
f 192/192/192 154/154/154 253/253/253
f 253/253/253 190/190/190 192/192/192
f 167/167/167 190/190/190 253/253/253
f 254/254/254 255/255/255 256/256/256
f 255/255/255 257/257/257 256/256/256
f 258/258/258 257/257/257 255/255/255
f 258/258/258 255/255/255 254/254/254
f 259/259/259 260/260/260 261/261/261
f 260/260/260 262/262/262 261/261/261
f 260/260/260 263/263/263 262/262/262
f 108/108/108 151/151/151 264/264/264
f 259/259/259 263/263/263 260/260/260
f 265/265/265 238/238/238 266/266/266
f 266/266/266 267/267/267 265/265/265
f 266/266/266 238/238/238 237/237/237
f 268/268/268 269/269/269 270/270/270
f 248/248/248 271/271/271 249/249/249
f 272/272/272 150/150/150 273/273/273
f 274/274/274 273/273/273 275/275/275
f 272/272/272 276/276/276 149/149/149
f 150/150/150 272/272/272 149/149/149
f 277/277/277 269/269/269 268/268/268
f 268/268/268 278/278/278 277/277/277
f 270/270/270 278/278/278 268/268/268
f 279/279/279 280/280/280 281/281/281
f 279/279/279 281/281/281 282/282/282
f 283/283/283 282/282/282 281/281/281
f 283/283/283 281/281/281 280/280/280
f 284/284/284 285/285/285 286/286/286
f 287/287/287 288/288/288 289/289/289
f 287/287/287 147/147/147 288/288/288
f 288/288/288 147/147/147 290/290/290
f 289/289/289 288/288/288 290/290/290
f 291/291/291 292/292/292 293/293/293
f 142/142/142 291/291/291 293/293/293
f 142/142/142 294/294/294 291/291/291
f 291/291/291 294/294/294 292/292/292
f 150/150/150 146/146/146 295/295/295
f 295/295/295 146/146/146 148/148/148
f 148/148/148 296/296/296 295/295/295
f 295/295/295 296/296/296 150/150/150
f 141/141/141 297/297/297 298/298/298
f 141/141/141 140/140/140 297/297/297
f 299/299/299 297/297/297 140/140/140
f 299/299/299 298/298/298 297/297/297
f 300/300/300 301/301/301 296/296/296
f 148/148/148 300/300/300 296/296/296
f 302/302/302 300/300/300 148/148/148
f 302/302/302 301/301/301 300/300/300
f 303/303/303 298/298/298 299/299/299
f 304/304/304 303/303/303 299/299/299
f 305/305/305 306/306/306 307/307/307
f 307/307/307 308/308/308 305/305/305
f 304/304/304 309/309/309 303/303/303
f 303/303/303 309/309/309 298/298/298
f 310/310/310 197/197/197 193/193/193
f 311/311/311 310/310/310 193/193/193
f 311/311/311 196/196/196 310/310/310
f 310/310/310 196/196/196 197/197/197
f 312/312/312 313/313/313 191/191/191
f 190/190/190 312/312/312 191/191/191
f 167/167/167 312/312/312 190/190/190
f 167/167/167 313/313/313 312/312/312
f 171/171/171 314/314/314 311/311/311
f 171/171/171 170/170/170 314/314/314
f 170/170/170 196/196/196 314/314/314
f 314/314/314 196/196/196 311/311/311
f 168/168/168 165/165/165 315/315/315
f 315/315/315 165/165/165 313/313/313
f 167/167/167 315/315/315 313/313/313
f 167/167/167 168/168/168 315/315/315
f 285/285/285 316/316/316 286/286/286
f 316/316/316 285/285/285 317/317/317
f 285/285/285 284/284/284 317/317/317
f 318/318/318 319/319/319 320/320/320
f 319/319/319 307/307/307 320/320/320
f 307/307/307 319/319/319 321/321/321
f 319/319/319 318/318/318 321/321/321
f 322/322/322 323/323/323 324/324/324
f 322/322/322 324/324/324 155/155/155
f 324/324/324 124/124/124 155/155/155
f 323/323/323 124/124/124 324/324/324
f 325/325/325 326/326/326 161/161/161
f 327/327/327 326/326/326 325/325/325
f 328/328/328 327/327/327 325/325/325
f 328/328/328 325/325/325 161/161/161
f 329/329/329 309/309/309 304/304/304
f 309/309/309 257/257/257 298/298/298
f 302/302/302 330/330/330 301/301/301
f 259/259/259 302/302/302 148/148/148
f 299/299/299 331/331/331 304/304/304
f 332/332/332 333/333/333 233/233/233
f 212/212/212 114/114/114 334/334/334
f 232/232/232 332/332/332 233/233/233
f 138/138/138 335/335/335 336/336/336
f 138/138/138 337/337/337 335/335/335
f 338/338/338 339/339/339 336/336/336
f 338/338/338 132/132/132 339/339/339
f 132/132/132 138/138/138 339/339/339
f 339/339/339 138/138/138 336/336/336
f 340/340/340 341/341/341 342/342/342
f 343/343/343 340/340/340 342/342/342
f 344/344/344 345/345/345 346/346/346
f 346/346/346 345/345/345 125/125/125
f 336/336/336 328/328/328 338/338/338
f 338/338/338 328/328/328 133/133/133
f 133/133/133 132/132/132 338/338/338
f 347/347/347 126/126/126 348/348/348
f 348/348/348 126/126/126 125/125/125
f 345/345/345 348/348/348 125/125/125
f 345/345/345 347/347/347 348/348/348
f 349/349/349 330/330/330 302/302/302
f 259/259/259 349/349/349 302/302/302
f 349/349/349 259/259/259 350/350/350
f 330/330/330 349/349/349 350/350/350
f 351/351/351 257/257/257 309/309/309
f 329/329/329 351/351/351 309/309/309
f 351/351/351 329/329/329 352/352/352
f 257/257/257 351/351/351 352/352/352
f 353/353/353 354/354/354 355/355/355
f 355/355/355 354/354/354 356/356/356
f 355/355/355 356/356/356 357/357/357
f 353/353/353 355/355/355 357/357/357
f 358/358/358 359/359/359 360/360/360
f 358/358/358 361/361/361 359/359/359
f 359/359/359 361/361/361 362/362/362
f 360/360/360 359/359/359 362/362/362
f 363/363/363 188/188/188 364/364/364
f 365/365/365 363/363/363 364/364/364
f 366/366/366 337/337/337 138/138/138
f 137/137/137 366/366/366 138/138/138
f 367/367/367 368/368/368 369/369/369
f 182/182/182 367/367/367 369/369/369
f 370/370/370 371/371/371 345/345/345
f 344/344/344 370/370/370 345/345/345
f 372/372/372 373/373/373 374/374/374
f 372/372/372 375/375/375 373/373/373
f 376/376/376 375/375/375 372/372/372
f 377/377/377 378/378/378 379/379/379
f 378/378/378 380/380/380 379/379/379
f 381/381/381 380/380/380 378/378/378
f 381/381/381 378/378/378 377/377/377
f 140/140/140 331/331/331 299/299/299
f 382/382/382 150/150/150 296/296/296
f 382/382/382 296/296/296 301/301/301
f 383/383/383 191/191/191 313/313/313
f 384/384/384 164/164/164 385/385/385
f 384/384/384 385/385/385 386/386/386
f 387/387/387 386/386/386 385/385/385
f 387/387/387 385/385/385 164/164/164
f 388/388/388 389/389/389 390/390/390
f 169/169/169 389/389/389 388/388/388
f 388/388/388 391/391/391 169/169/169
f 390/390/390 391/391/391 388/388/388
f 384/384/384 386/386/386 392/392/392
f 384/384/384 392/392/392 393/393/393
f 394/394/394 393/393/393 392/392/392
f 394/394/394 392/392/392 386/386/386
f 395/395/395 389/389/389 396/396/396
f 390/390/390 389/389/389 395/395/395
f 395/395/395 397/397/397 390/390/390
f 396/396/396 397/397/397 395/395/395
f 110/110/110 109/109/109 112/112/112
f 189/189/189 398/398/398 364/364/364
f 364/364/364 398/398/398 365/365/365
f 364/364/364 188/188/188 189/189/189
f 399/399/399 369/369/369 368/368/368
f 399/399/399 184/184/184 369/369/369
f 182/182/182 369/369/369 184/184/184
f 129/129/129 400/400/400 127/127/127
f 347/347/347 401/401/401 126/126/126
f 402/402/402 403/403/403 404/404/404
f 402/402/402 405/405/405 403/403/403
f 406/406/406 404/404/404 403/403/403
f 407/407/407 408/408/408 409/409/409
f 409/409/409 408/408/408 410/410/410
f 410/410/410 411/411/411 409/409/409
f 261/261/261 350/350/350 259/259/259
f 261/261/261 361/361/361 350/350/350
f 330/330/330 350/350/350 361/361/361
f 412/412/412 127/127/127 400/400/400
f 353/353/353 256/256/256 352/352/352
f 352/352/352 256/256/256 257/257/257
f 400/400/400 413/413/413 412/412/412
f 352/352/352 329/329/329 353/353/353
f 341/341/341 412/412/412 413/413/413
f 414/414/414 330/330/330 358/358/358
f 358/358/358 330/330/330 361/361/361
f 414/414/414 358/358/358 360/360/360
f 329/329/329 354/354/354 353/353/353
f 329/329/329 415/415/415 354/354/354
f 354/354/354 415/415/415 356/356/356
f 416/416/416 417/417/417 418/418/418
f 418/418/418 417/417/417 121/121/121
f 121/121/121 419/419/419 418/418/418
f 420/420/420 421/421/421 119/119/119
f 420/420/420 422/422/422 421/421/421
f 423/423/423 119/119/119 421/421/421
f 397/397/397 396/396/396 424/424/424
f 242/242/242 397/397/397 424/424/424
f 397/397/397 242/242/242 390/390/390
f 394/394/394 425/425/425 426/426/426
f 393/393/393 394/394/394 426/426/426
f 425/425/425 394/394/394 386/386/386
f 427/427/427 391/391/391 267/267/267
f 427/427/427 169/169/169 391/391/391
f 390/390/390 267/267/267 391/391/391
f 164/164/164 428/428/428 387/387/387
f 387/387/387 428/428/428 429/429/429
f 429/429/429 386/386/386 387/387/387
f 131/131/131 181/181/181 430/430/430
f 430/430/430 181/181/181 137/137/137
f 266/266/266 237/237/237 431/431/431
f 431/431/431 237/237/237 380/380/380
f 380/380/380 432/432/432 431/431/431
f 433/433/433 434/434/434 376/376/376
f 433/433/433 435/435/435 434/434/434
f 436/436/436 376/376/376 434/434/434
f 137/137/137 132/132/132 430/430/430
f 430/430/430 132/132/132 131/131/131
f 142/142/142 141/141/141 298/298/298
f 411/411/411 437/437/437 438/438/438
f 439/439/439 407/407/407 438/438/438
f 440/440/440 406/406/406 441/441/441
f 405/405/405 442/442/442 441/441/441
f 133/133/133 443/443/443 131/131/131
f 345/345/345 371/371/371 347/347/347
f 176/176/176 444/444/444 371/371/371
f 176/176/176 401/401/401 444/444/444
f 380/380/380 237/237/237 445/445/445
f 445/445/445 237/237/237 239/239/239
f 347/347/347 444/444/444 401/401/401
f 445/445/445 446/446/446 380/380/380
f 433/433/433 447/447/447 448/448/448
f 433/433/433 376/376/376 447/447/447
f 449/449/449 447/447/447 376/376/376
f 347/347/347 371/371/371 444/444/444
f 195/195/195 450/450/450 451/451/451
f 451/451/451 450/450/450 305/305/305
f 305/305/305 308/308/308 451/451/451
f 451/451/451 308/308/308 195/195/195
f 452/452/452 453/453/453 454/454/454
f 452/452/452 192/192/192 453/453/453
f 455/455/455 453/453/453 192/192/192
f 455/455/455 454/454/454 453/453/453
f 133/133/133 328/328/328 443/443/443
f 328/328/328 161/161/161 443/443/443
f 419/419/419 116/116/116 456/456/456
f 457/457/457 416/416/416 456/456/456
f 112/112/112 423/423/423 458/458/458
f 422/422/422 459/459/459 458/458/458
f 460/460/460 410/410/410 408/408/408
f 357/357/357 356/356/356 461/461/461
f 407/407/407 251/251/251 408/408/408
f 404/404/404 462/462/462 402/402/402
f 461/461/461 463/463/463 357/357/357
f 106/106/106 405/405/405 402/402/402
f 357/357/357 463/463/463 353/353/353
f 360/360/360 362/362/362 464/464/464
f 465/465/465 362/362/362 361/361/361
f 465/465/465 464/464/464 362/362/362
f 466/466/466 467/467/467 396/396/396
f 466/466/466 318/318/318 467/467/467
f 467/467/467 318/318/318 468/468/468
f 396/396/396 467/467/467 468/468/468
f 316/316/316 469/469/469 470/470/470
f 470/470/470 469/469/469 393/393/393
f 470/470/470 393/393/393 471/471/471
f 209/209/209 440/440/440 211/211/211
f 442/442/442 210/210/210 211/211/211
f 437/437/437 217/217/217 222/222/222
f 215/215/215 439/439/439 222/222/222
f 472/472/472 123/123/123 417/417/417
f 417/417/417 123/123/123 121/121/121
f 416/416/416 472/472/472 417/417/417
f 120/120/120 420/420/420 119/119/119
f 120/120/120 473/473/473 420/420/420
f 473/473/473 422/422/422 420/420/420
f 204/204/204 460/460/460 206/206/206
f 251/251/251 205/205/205 206/206/206
f 462/462/462 201/201/201 105/105/105
f 199/199/199 106/106/106 105/105/105
f 389/389/389 474/474/474 396/396/396
f 169/169/169 474/474/474 389/389/389
f 475/475/475 384/384/384 393/393/393
f 475/475/475 164/164/164 384/384/384
f 316/316/316 470/470/470 471/471/471
f 443/443/443 161/161/161 131/131/131
f 282/282/282 476/476/476 477/477/477
f 477/477/477 476/476/476 472/472/472
f 472/472/472 478/478/478 477/477/477
f 479/479/479 480/480/480 473/473/473
f 479/479/479 270/270/270 480/480/480
f 481/481/481 473/473/473 480/480/480
f 482/482/482 205/205/205 483/483/483
f 274/274/274 482/482/482 483/483/483
f 482/482/482 274/274/274 484/484/484
f 205/205/205 482/482/482 484/484/484
f 485/485/485 486/486/486 487/487/487
f 199/199/199 485/485/485 487/487/487
f 485/485/485 199/199/199 488/488/488
f 486/486/486 485/485/485 488/488/488
f 124/124/124 126/126/126 489/489/489
f 489/489/489 126/126/126 401/401/401
f 155/155/155 489/489/489 401/401/401
f 413/413/413 342/342/342 341/341/341
f 276/276/276 272/272/272 273/273/273
f 468/468/468 446/446/446 396/396/396
f 468/468/468 318/318/318 490/490/490
f 449/449/449 471/471/471 393/393/393
f 316/316/316 471/471/471 491/491/491
f 463/463/463 492/492/492 353/353/353
f 492/492/492 463/463/463 493/493/493
f 463/463/463 461/461/461 493/493/493
f 494/494/494 465/465/465 361/361/361
f 464/464/464 465/465/465 495/495/495
f 465/465/465 494/494/494 495/495/495
f 496/496/496 461/461/461 356/356/356
f 496/496/496 356/356/356 415/415/415
f 360/360/360 497/497/497 414/414/414
f 464/464/464 497/497/497 360/360/360
f 353/353/353 492/492/492 256/256/256
f 498/498/498 499/499/499 481/481/481
f 254/254/254 256/256/256 492/492/492
f 270/270/270 499/499/499 498/498/498
f 494/494/494 361/361/361 261/261/261
f 261/261/261 262/262/262 494/494/494
f 415/415/415 329/329/329 304/304/304
f 498/498/498 480/480/480 270/270/270
f 481/481/481 480/480/480 498/498/498
f 213/213/213 117/117/117 114/114/114
f 213/213/213 457/457/457 117/117/117
f 330/330/330 414/414/414 301/301/301
f 111/111/111 152/152/152 108/108/108
f 459/459/459 152/152/152 111/111/111
f 123/123/123 334/334/334 114/114/114
f 500/500/500 501/501/501 502/502/502
f 472/472/472 334/334/334 123/123/123
f 243/243/243 501/501/501 500/500/500
f 264/264/264 120/120/120 108/108/108
f 264/264/264 473/473/473 120/120/120
f 500/500/500 269/269/269 243/243/243
f 502/502/502 269/269/269 500/500/500
f 320/320/320 307/307/307 180/180/180
f 503/503/503 246/246/246 504/504/504
f 320/320/320 490/490/490 318/318/318
f 284/284/284 286/286/286 172/172/172
f 503/503/503 504/504/504 505/505/505
f 491/491/491 286/286/286 316/316/316
f 279/279/279 505/505/505 504/504/504
f 506/506/506 273/273/273 150/150/150
f 506/506/506 215/215/215 273/273/273
f 279/279/279 504/504/504 246/246/246
f 210/210/210 507/507/507 508/508/508
f 508/508/508 507/507/507 140/140/140
f 156/156/156 167/167/167 154/154/154
f 192/192/192 155/155/155 154/154/154
f 196/196/196 159/159/159 158/158/158
f 161/161/161 195/195/195 158/158/158
f 475/475/475 165/165/165 164/164/164
f 171/171/171 474/474/474 169/169/169
f 172/172/172 174/174/174 284/284/284
f 284/284/284 174/174/174 509/509/509
f 174/174/174 175/175/175 509/509/509
f 179/179/179 180/180/180 307/307/307
f 177/177/177 179/179/179 306/306/306
f 179/179/179 307/307/307 306/306/306
f 455/455/455 192/192/192 191/191/191
f 195/195/195 308/308/308 193/193/193
f 488/488/488 199/199/199 198/198/198
f 201/201/201 209/209/209 198/198/198
f 205/205/205 484/484/484 203/203/203
f 217/217/217 204/204/204 203/203/203
f 210/210/210 488/488/488 208/208/208
f 198/198/198 209/209/209 208/208/208
f 198/198/198 208/208/208 488/488/488
f 484/484/484 215/215/215 214/214/214
f 214/214/214 203/203/203 484/484/484
f 217/217/217 203/203/203 214/214/214
f 167/167/167 156/156/156 166/166/166
f 436/436/436 164/164/164 166/166/166
f 159/159/159 196/196/196 223/223/223
f 169/169/169 432/432/432 223/223/223
f 243/243/243 277/277/277 235/235/235
f 405/405/405 106/106/106 235/235/235
f 280/280/280 246/246/246 245/245/245
f 251/251/251 407/407/407 245/245/245
f 277/277/277 243/243/243 269/269/269
f 439/439/439 215/215/215 506/506/506
f 502/502/502 270/270/270 269/269/269
f 150/150/150 510/510/510 506/506/506
f 246/246/246 280/280/280 279/279/279
f 282/282/282 505/505/505 279/279/279
f 210/210/210 442/442/442 507/507/507
f 511/511/511 140/140/140 507/507/507
f 382/382/382 301/301/301 414/414/414
f 304/304/304 331/331/331 415/415/415
f 192/192/192 322/322/322 155/155/155
f 512/512/512 323/323/323 322/322/322
f 326/326/326 195/195/195 161/161/161
f 327/327/327 513/513/513 326/326/326
f 246/246/246 514/514/514 483/483/483
f 515/515/515 243/243/243 487/487/487
f 503/503/503 262/262/262 514/514/514
f 503/503/503 494/494/494 262/262/262
f 492/492/492 501/501/501 254/254/254
f 254/254/254 501/501/501 515/515/515
f 455/455/455 317/317/317 284/284/284
f 316/316/316 317/317/317 313/313/313
f 321/321/321 308/308/308 307/307/307
f 321/321/321 318/318/318 311/311/311
f 373/373/373 156/156/156 157/157/157
f 155/155/155 401/401/401 157/157/157
f 159/159/159 377/377/377 162/162/162
f 131/131/131 161/161/161 162/162/162
f 373/373/373 516/516/516 491/491/491
f 172/172/172 516/516/516 401/401/401
f 517/517/517 377/377/377 490/490/490
f 518/518/518 519/519/519 459/459/459
f 517/517/517 180/180/180 131/131/131
f 502/502/502 519/519/519 518/518/518
f 518/518/518 499/499/499 502/502/502
f 520/520/520 497/497/497 334/334/334
f 459/459/459 499/499/499 518/518/518
f 487/487/487 486/486/486 292/292/292
f 496/496/496 521/521/521 264/264/264
f 522/522/522 495/495/495 494/494/494
f 522/522/522 213/213/213 495/495/495
f 152/152/152 519/519/519 493/493/493
f 493/493/493 519/519/519 492/492/492
f 487/487/487 292/292/292 515/515/515
f 522/522/522 505/505/505 523/523/523
f 522/522/522 523/523/523 457/457/457
f 289/289/289 483/483/483 514/514/514
f 274/274/274 483/483/483 289/289/289
f 524/524/524 457/457/457 523/523/523
f 176/176/176 371/371/371 175/175/175
f 524/524/524 523/523/523 505/505/505
f 172/172/172 401/401/401 176/176/176
f 137/137/137 181/181/181 177/177/177
f 525/525/525 507/507/507 442/442/442
f 131/131/131 180/180/180 181/181/181
f 511/511/511 507/507/507 525/525/525
f 512/512/512 452/452/452 454/454/454
f 525/525/525 526/526/526 511/511/511
f 414/414/414 527/527/527 382/382/382
f 510/510/510 150/150/150 382/382/382
f 528/528/528 415/415/415 331/331/331
f 452/452/452 322/322/322 192/192/192
f 140/140/140 511/511/511 331/331/331
f 512/512/512 322/322/322 452/452/452
f 442/442/442 526/526/526 525/525/525
f 450/450/450 513/513/513 305/305/305
f 326/326/326 513/513/513 450/450/450
f 326/326/326 450/450/450 195/195/195
f 506/506/506 510/510/510 529/529/529
f 506/506/506 529/529/529 439/439/439
f 530/530/530 439/439/439 529/529/529
f 494/494/494 505/505/505 522/522/522
f 530/530/530 529/529/529 510/510/510
f 457/457/457 213/213/213 522/522/522
f 531/531/531 140/140/140 139/139/139
f 502/502/502 492/492/492 519/519/519
f 152/152/152 459/459/459 519/519/519
f 334/334/334 472/472/472 520/520/520
f 473/473/473 264/264/264 521/521/521
f 514/514/514 246/246/246 503/503/503
f 505/505/505 494/494/494 503/503/503
f 243/243/243 515/515/515 501/501/501
f 492/492/492 502/502/502 501/501/501
f 257/257/257 258/258/258 142/142/142
f 515/515/515 258/258/258 254/254/254
f 263/263/263 259/259/259 147/147/147
f 263/263/263 514/514/514 262/262/262
f 461/461/461 532/532/532 151/151/151
f 532/532/532 264/264/264 151/151/151
f 264/264/264 532/532/532 496/496/496
f 532/532/532 461/461/461 496/496/496
f 334/334/334 533/533/533 212/212/212
f 533/533/533 464/464/464 212/212/212
f 464/464/464 533/533/533 497/497/497
f 533/533/533 334/334/334 497/497/497
f 511/511/511 277/277/277 278/278/278
f 270/270/270 528/528/528 278/278/278
f 293/293/293 531/531/531 139/139/139
f 280/280/280 510/510/510 283/283/283
f 376/376/376 372/372/372 374/374/374
f 527/527/527 282/282/282 283/283/283
f 293/293/293 139/139/139 142/142/142
f 149/149/149 290/290/290 147/147/147
f 276/276/276 290/290/290 149/149/149
f 524/524/524 282/282/282 534/534/534
f 140/140/140 531/531/531 508/508/508
f 531/531/531 486/486/486 508/508/508
f 524/524/524 534/534/534 478/478/478
f 477/477/477 478/478/478 534/534/534
f 274/274/274 276/276/276 273/273/273
f 477/477/477 534/534/534 282/282/282
f 151/151/151 152/152/152 535/535/535
f 151/151/151 535/535/535 461/461/461
f 493/493/493 461/461/461 535/535/535
f 493/493/493 535/535/535 152/152/152
f 536/536/536 212/212/212 464/464/464
f 213/213/213 212/212/212 536/536/536
f 536/536/536 495/495/495 213/213/213
f 464/464/464 495/495/495 536/536/536
f 277/277/277 511/511/511 526/526/526
f 537/537/537 526/526/526 405/405/405
f 442/442/442 405/405/405 526/526/526
f 510/510/510 280/280/280 530/530/530
f 407/407/407 439/439/439 530/530/530
f 323/323/323 125/125/125 124/124/124
f 336/336/336 327/327/327 328/328/328
f 277/277/277 526/526/526 537/537/537
f 537/537/537 235/235/235 277/277/277
f 405/405/405 235/235/235 537/537/537
f 142/142/142 298/298/298 257/257/257
f 530/530/530 280/280/280 538/538/538
f 148/148/148 147/147/147 259/259/259
f 491/491/491 539/539/539 286/286/286
f 539/539/539 172/172/172 286/286/286
f 172/172/172 539/539/539 516/516/516
f 539/539/539 491/491/491 516/516/516
f 180/180/180 540/540/540 320/320/320
f 540/540/540 490/490/490 320/320/320
f 490/490/490 540/540/540 517/517/517
f 475/475/475 393/393/393 469/469/469
f 540/540/540 180/180/180 517/517/517
f 316/316/316 313/313/313 469/469/469
f 541/541/541 111/111/111 112/112/112
f 459/459/459 111/111/111 541/541/541
f 396/396/396 474/474/474 466/466/466
f 541/541/541 458/458/458 459/459/459
f 311/311/311 318/318/318 466/466/466
f 156/156/156 373/373/373 375/375/375
f 112/112/112 458/458/458 541/541/541
f 376/376/376 436/436/436 375/375/375
f 117/117/117 457/457/457 542/542/542
f 117/117/117 542/542/542 116/116/116
f 377/377/377 159/159/159 381/381/381
f 456/456/456 116/116/116 542/542/542
f 432/432/432 380/380/380 381/381/381
f 270/270/270 502/502/502 499/499/499
f 456/456/456 542/542/542 457/457/457
f 459/459/459 481/481/481 499/499/499
f 543/543/543 544/544/544 545/545/545
f 433/433/433 448/448/448 546/546/546
f 505/505/505 282/282/282 524/524/524
f 425/425/425 547/547/547 448/448/448
f 402/402/402 462/462/462 107/107/107
f 402/402/402 107/107/107 106/106/106
f 548/548/548 206/206/206 460/460/460
f 251/251/251 206/206/206 548/548/548
f 548/548/548 408/408/408 251/251/251
f 460/460/460 408/408/408 548/548/548
f 222/222/222 439/439/439 549/549/549
f 222/222/222 549/549/549 437/437/437
f 438/438/438 437/437/437 549/549/549
f 438/438/438 549/549/549 439/439/439
f 550/550/550 211/211/211 440/440/440
f 442/442/442 211/211/211 550/550/550
f 550/550/550 441/441/441 442/442/442
f 440/440/440 441/441/441 550/550/550
f 455/455/455 191/191/191 383/383/383
f 455/455/455 383/383/383 317/317/317
f 383/383/383 313/313/313 317/317/317
f 193/193/193 308/308/308 551/551/551
f 193/193/193 551/551/551 311/311/311
f 311/311/311 551/551/551 321/321/321
f 551/551/551 308/308/308 321/321/321
f 552/552/552 157/157/157 401/401/401
f 373/373/373 157/157/157 552/552/552
f 455/455/455 284/284/284 454/454/454
f 509/509/509 454/454/454 284/284/284
f 373/373/373 552/552/552 516/516/516
f 552/552/552 401/401/401 516/516/516
f 162/162/162 377/377/377 553/553/553
f 162/162/162 553/553/553 131/131/131
f 131/131/131 553/553/553 517/517/517
f 553/553/553 377/377/377 517/517/517
f 475/475/475 554/554/554 165/165/165
f 555/555/555 458/458/458 423/423/423
f 422/422/422 458/458/458 555/555/555
f 555/555/555 421/421/421 422/422/422
f 423/423/423 421/421/421 555/555/555
f 456/456/456 416/416/416 556/556/556
f 456/456/456 556/556/556 419/419/419
f 418/418/418 419/419/419 556/556/556
f 418/418/418 556/556/556 416/416/416
f 554/554/554 313/313/313 165/165/165
f 294/294/294 515/515/515 292/292/292
f 258/258/258 515/515/515 294/294/294
f 258/258/258 294/294/294 142/142/142
f 449/449/449 557/557/557 447/447/447
f 557/557/557 448/448/448 447/447/447
f 448/448/448 557/557/557 426/426/426
f 557/557/557 449/449/449 426/426/426
f 239/239/239 558/558/558 445/445/445
f 558/558/558 446/446/446 445/445/445
f 446/446/446 558/558/558 424/424/424
f 558/558/558 239/239/239 424/424/424
f 293/293/293 292/292/292 486/486/486
f 554/554/554 469/469/469 313/313/313
f 475/475/475 469/469/469 554/554/554
f 486/486/486 531/531/531 293/293/293
f 438/438/438 407/407/407 559/559/559
f 438/438/438 559/559/559 411/411/411
f 409/409/409 411/411/411 559/559/559
f 409/409/409 559/559/559 407/407/407
f 560/560/560 441/441/441 406/406/406
f 405/405/405 441/441/441 560/560/560
f 560/560/560 403/403/403 405/405/405
f 406/406/406 403/403/403 560/560/560
f 561/561/561 434/434/434 435/435/435
f 436/436/436 434/434/434 561/561/561
f 561/561/561 428/428/428 436/436/436
f 435/435/435 428/428/428 561/561/561
f 431/431/431 432/432/432 562/562/562
f 431/431/431 562/562/562 266/266/266
f 427/427/427 266/266/266 562/562/562
f 427/427/427 562/562/562 432/432/432
f 289/289/289 290/290/290 274/274/274
f 276/276/276 274/274/274 290/290/290
f 514/514/514 287/287/287 289/289/289
f 287/287/287 263/263/263 147/147/147
f 514/514/514 263/263/263 287/287/287
f 563/563/563 166/166/166 156/156/156
f 436/436/436 166/166/166 563/563/563
f 563/563/563 375/375/375 436/436/436
f 156/156/156 375/375/375 563/563/563
f 223/223/223 432/432/432 564/564/564
f 223/223/223 564/564/564 159/159/159
f 381/381/381 159/159/159 564/564/564
f 381/381/381 564/564/564 432/432/432
f 449/449/449 565/565/565 471/471/471
f 565/565/565 491/491/491 471/471/471
f 491/491/491 565/565/565 374/374/374
f 565/565/565 449/449/449 374/374/374
f 490/490/490 566/566/566 468/468/468
f 566/566/566 446/446/446 468/468/468
f 567/567/567 528/528/528 521/521/521
f 415/415/415 528/528/528 567/567/567
f 415/415/415 567/567/567 496/496/496
f 567/567/567 521/521/521 496/496/496
f 527/527/527 414/414/414 568/568/568
f 527/527/527 568/568/568 520/520/520
f 520/520/520 568/568/568 497/497/497
f 568/568/568 414/414/414 497/497/497
f 569/569/569 544/544/544 543/543/543
f 446/446/446 566/566/566 379/379/379
f 566/566/566 490/490/490 379/379/379
f 311/311/311 570/570/570 171/171/171
f 570/570/570 474/474/474 171/171/171
f 571/571/571 435/435/435 433/433/433
f 466/466/466 474/474/474 570/570/570
f 466/466/466 570/570/570 311/311/311
f 429/429/429 435/435/435 572/572/572
f 571/571/571 572/572/572 435/435/435
f 573/573/573 331/331/331 511/511/511
f 528/528/528 331/331/331 573/573/573
f 573/573/573 278/278/278 528/528/528
f 511/511/511 278/278/278 573/573/573
f 382/382/382 527/527/527 574/574/574
f 382/382/382 574/574/574 510/510/510
f 283/283/283 510/510/510 574/574/574
f 283/283/283 574/574/574 527/527/527
f 275/275/275 273/273/273 215/215/215
f 215/215/215 484/484/484 275/275/275
f 275/275/275 484/484/484 274/274/274
f 508/508/508 575/575/575 210/210/210
f 508/508/508 486/486/486 575/575/575
f 488/488/488 575/575/575 486/486/486
f 488/488/488 210/210/210 575/575/575
f 424/424/424 239/239/239 242/242/242
f 424/424/424 396/396/396 446/446/446
f 448/448/448 426/426/426 425/425/425
f 393/393/393 426/426/426 449/449/449
f 267/267/267 266/266/266 427/427/427
f 432/432/432 169/169/169 427/427/427
f 435/435/435 429/429/429 428/428/428
f 164/164/164 436/436/436 428/428/428
f 246/246/246 483/483/483 252/252/252
f 252/252/252 483/483/483 205/205/205
f 205/205/205 251/251/251 252/252/252
f 487/487/487 244/244/244 199/199/199
f 487/487/487 243/243/243 244/244/244
f 106/106/106 199/199/199 244/244/244
f 520/520/520 476/476/476 527/527/527
f 520/520/520 472/472/472 476/476/476
f 155/155/155 124/124/124 489/489/489
f 282/282/282 527/527/527 476/476/476
f 473/473/473 521/521/521 479/479/479
f 479/479/479 521/521/521 528/528/528
f 528/528/528 270/270/270 479/479/479
f 245/245/245 538/538/538 280/280/280
f 245/245/245 407/407/407 538/538/538
f 379/379/379 380/380/380 446/446/446
f 530/530/530 538/538/538 407/407/407
f 379/379/379 490/490/490 377/377/377
f 376/376/376 374/374/374 449/449/449
f 433/433/433 576/576/576 571/571/571
f 491/491/491 374/374/374 373/373/373
f 546/546/546 448/448/448 547/547/547
f 478/478/478 457/457/457 524/524/524
f 105/105/105 107/107/107 462/462/462
g Canal10i3
s 1
f 577/577/577 578/578/578 579/579/579
f 580/580/580 581/581/581 582/582/582
f 583/583/583 584/584/584 585/585/585
f 586/586/586 587/587/587 588/588/588
f 589/589/589 577/577/577 590/590/590
f 591/591/591 592/592/592 593/593/593
f 594/594/594 595/595/595 596/596/596
f 597/597/597 596/596/596 598/598/598
f 593/593/593 592/592/592 599/599/599
f 580/580/580 582/582/582 591/591/591
f 593/593/593 599/599/599 600/600/600
f 591/591/591 593/593/593 600/600/600
f 601/601/601 602/602/602 603/603/603
f 604/604/604 605/605/605 602/602/602
f 602/602/602 606/606/606 603/603/603
f 591/591/591 607/607/607 601/601/601
f 607/607/607 604/604/604 601/601/601
f 607/607/607 600/600/600 604/604/604
f 591/591/591 600/600/600 607/607/607
f 604/604/604 608/608/608 609/609/609
f 608/608/608 610/610/610 609/609/609
f 600/600/600 610/610/610 608/608/608
f 611/611/611 612/612/612 613/613/613
f 612/612/612 614/614/614 613/613/613
f 615/615/615 612/612/612 611/611/611
f 600/600/600 608/608/608 604/604/604
f 614/614/614 616/616/616 589/589/589
f 616/616/616 577/577/577 589/589/589
f 617/617/617 577/577/577 616/616/616
f 602/602/602 605/605/605 606/606/606
f 606/606/606 605/605/605 618/618/618
f 615/615/615 619/619/619 620/620/620
f 620/620/620 619/619/619 614/614/614
f 620/620/620 614/614/614 612/612/612
f 621/621/621 597/597/597 622/622/622
f 621/621/621 594/594/594 596/596/596
f 597/597/597 621/621/621 596/596/596
f 615/615/615 620/620/620 612/612/612
f 603/603/603 606/606/606 618/618/618
f 623/623/623 624/624/624 585/585/585
f 582/582/582 625/625/625 591/591/591
f 619/619/619 615/615/615 626/626/626
f 619/619/619 626/626/626 588/588/588
f 626/626/626 586/586/586 588/588/588
f 627/627/627 628/628/628 629/629/629
f 615/615/615 586/586/586 626/626/626
f 630/630/630 631/631/631 632/632/632
f 631/631/631 633/633/633 632/632/632
f 617/617/617 633/633/633 631/631/631
f 617/617/617 631/631/631 630/630/630
f 634/634/634 635/635/635 636/636/636
f 637/637/637 635/635/635 634/634/634
f 637/637/637 634/634/634 638/638/638
f 634/634/634 636/636/636 638/638/638
f 635/635/635 577/577/577 639/639/639
f 635/635/635 639/639/639 636/636/636
f 636/636/636 639/639/639 640/640/640
f 639/639/639 577/577/577 640/640/640
f 641/641/641 617/617/617 630/630/630
f 642/642/642 643/643/643 644/644/644
f 642/642/642 644/644/644 628/628/628
f 599/599/599 645/645/645 646/646/646
f 599/599/599 646/646/646 610/610/610
f 647/647/647 627/627/627 645/645/645
f 610/610/610 646/646/646 648/648/648
f 610/610/610 648/648/648 649/649/649
f 594/594/594 621/621/621 650/650/650
f 650/650/650 621/621/621 622/622/622
f 625/625/625 647/647/647 645/645/645
f 594/594/594 651/651/651 595/595/595
f 613/613/613 652/652/652 653/653/653
f 654/654/654 651/651/651 649/649/649
f 655/655/655 656/656/656 657/657/657
f 637/637/637 655/655/655 657/657/657
f 655/655/655 637/637/637 658/658/658
f 656/656/656 655/655/655 658/658/658
f 630/630/630 659/659/659 660/660/660
f 630/630/630 661/661/661 659/659/659
f 659/659/659 661/661/661 662/662/662
f 660/660/660 659/659/659 662/662/662
f 660/660/660 662/662/662 663/663/663
f 663/663/663 662/662/662 664/664/664
f 665/665/665 663/663/663 664/664/664
f 665/665/665 660/660/660 663/663/663
f 658/658/658 638/638/638 666/666/666
f 658/658/658 637/637/637 638/638/638
f 638/638/638 636/636/636 666/666/666
f 640/640/640 630/630/630 660/660/660
f 636/636/636 640/640/640 660/660/660
f 650/650/650 622/622/622 667/667/667
f 627/627/627 642/642/642 628/628/628
f 594/594/594 650/650/650 667/667/667
f 627/627/627 647/647/647 642/642/642
f 668/668/668 669/669/669 670/670/670
f 671/671/671 603/603/603 672/672/672
f 583/583/583 625/625/625 582/582/582
f 589/589/589 590/590/590 673/673/673
f 672/672/672 622/622/622 597/597/597
f 674/674/674 601/601/601 603/603/603
f 675/675/675 674/674/674 676/676/676
f 677/677/677 674/674/674 675/675/675
f 678/678/678 677/677/677 675/675/675
f 678/678/678 675/675/675 676/676/676
f 605/605/605 667/667/667 622/622/622
f 604/604/604 667/667/667 605/605/605
f 604/604/604 609/609/609 667/667/667
f 609/609/609 679/679/679 667/667/667
f 610/610/610 679/679/679 609/609/609
f 600/600/600 599/599/599 610/610/610
f 577/577/577 617/617/617 641/641/641
f 577/577/577 641/641/641 640/640/640
f 641/641/641 630/630/630 640/640/640
f 680/680/680 654/654/654 649/649/649
f 583/583/583 681/681/681 643/643/643
f 583/583/583 585/585/585 681/681/681
f 682/682/682 627/627/627 629/629/629
f 578/578/578 635/635/635 668/668/668
f 577/577/577 635/635/635 578/578/578
f 581/581/581 583/583/583 582/582/582
f 577/577/577 579/579/579 590/590/590
f 578/578/578 668/668/668 579/579/579
f 623/623/623 584/584/584 683/683/683
f 683/683/683 583/583/583 581/581/581
f 683/683/683 581/581/581 580/580/580
f 584/584/584 583/583/583 683/683/683
f 625/625/625 592/592/592 591/591/591
f 684/684/684 685/685/685 670/670/670
f 586/586/586 686/686/686 587/587/587
f 653/653/653 684/684/684 687/687/687
f 669/669/669 656/656/656 688/688/688
f 653/653/653 687/687/687 689/689/689
f 613/613/613 614/614/614 652/652/652
f 689/689/689 687/687/687 690/690/690
f 635/635/635 691/691/691 668/668/668
f 624/624/624 677/677/677 678/678/678
f 691/691/691 657/657/657 668/668/668
f 637/637/637 657/657/657 691/691/691
f 692/692/692 603/603/603 671/671/671
f 693/693/693 685/685/685 653/653/653
f 579/579/579 685/685/685 693/693/693
f 677/677/677 683/683/683 580/580/580
f 692/692/692 674/674/674 603/603/603
f 633/633/633 619/619/619 588/588/588
f 676/676/676 674/674/674 692/692/692
f 694/694/694 624/624/624 678/678/678
f 694/694/694 678/678/678 676/676/676
f 610/610/610 649/649/649 679/679/679
f 592/592/592 645/645/645 599/599/599
f 594/594/594 667/667/667 679/679/679
f 645/645/645 627/627/627 646/646/646
f 619/619/619 633/633/633 614/614/614
f 653/653/653 685/685/685 684/684/684
f 633/633/633 588/588/588 632/632/632
f 630/630/630 632/632/632 661/661/661
f 623/623/623 683/683/683 677/677/677
f 670/670/670 669/669/669 688/688/688
f 625/625/625 645/645/645 592/592/592
f 615/615/615 695/695/695 696/696/696
f 689/689/689 690/690/690 697/697/697
f 696/696/696 695/695/695 686/686/686
f 696/696/696 686/686/686 586/586/586
f 615/615/615 696/696/696 586/586/586
f 670/670/670 688/688/688 690/690/690
f 632/632/632 698/698/698 661/661/661
f 673/673/673 579/579/579 693/693/693
f 651/651/651 594/594/594 699/699/699
f 632/632/632 588/588/588 698/698/698
f 651/651/651 699/699/699 649/649/649
f 673/673/673 693/693/693 653/653/653
f 699/699/699 679/679/679 649/649/649
f 594/594/594 679/679/679 699/699/699
f 700/700/700 701/701/701 671/671/671
f 702/702/702 583/583/583 703/703/703
f 647/647/647 702/702/702 703/703/703
f 702/702/702 647/647/647 625/625/625
f 583/583/583 702/702/702 625/625/625
f 700/700/700 676/676/676 701/701/701
f 676/676/676 692/692/692 701/701/701
f 690/690/690 704/704/704 697/697/697
f 690/690/690 705/705/705 704/704/704
f 688/688/688 706/706/706 705/705/705
f 700/700/700 694/694/694 676/676/676
f 707/707/707 694/694/694 700/700/700
f 707/707/707 708/708/708 597/597/597
f 708/708/708 700/700/700 671/671/671
f 707/707/707 700/700/700 708/708/708
f 688/688/688 656/656/656 706/706/706
f 701/701/701 692/692/692 671/671/671
f 690/690/690 688/688/688 705/705/705
f 618/618/618 605/605/605 622/622/622
f 668/668/668 657/657/657 669/669/669
f 685/685/685 668/668/668 670/670/670
f 618/618/618 622/622/622 672/672/672
f 603/603/603 618/618/618 672/672/672
f 661/661/661 587/587/587 709/709/709
f 657/657/657 656/656/656 669/669/669
f 588/588/588 587/587/587 698/698/698
f 708/708/708 710/710/710 597/597/597
f 651/651/651 654/654/654 711/711/711
f 579/579/579 668/668/668 685/685/685
f 651/651/651 711/711/711 595/595/595
f 596/596/596 595/595/595 712/712/712
f 596/596/596 712/712/712 598/598/598
f 708/708/708 671/671/671 710/710/710
f 671/671/671 672/672/672 710/710/710
f 710/710/710 672/672/672 597/597/597
f 687/687/687 670/670/670 690/690/690
f 617/617/617 616/616/616 614/614/614
f 713/713/713 591/591/591 601/601/601
f 674/674/674 713/713/713 601/601/601
f 580/580/580 713/713/713 674/674/674
f 580/580/580 591/591/591 713/713/713
f 666/666/666 636/636/636 660/660/660
f 666/666/666 660/660/660 665/665/665
f 662/662/662 709/709/709 664/664/664
f 661/661/661 709/709/709 662/662/662
f 642/642/642 703/703/703 643/643/643
f 601/601/601 604/604/604 602/602/602
f 642/642/642 647/647/647 703/703/703
f 703/703/703 583/583/583 643/643/643
f 652/652/652 589/589/589 673/673/673
f 614/614/614 589/589/589 652/652/652
f 698/698/698 587/587/587 661/661/661
f 590/590/590 579/579/579 673/673/673
f 633/633/633 617/617/617 614/614/614
f 652/652/652 673/673/673 653/653/653
f 677/677/677 580/580/580 674/674/674
f 624/624/624 623/623/623 677/677/677
f 684/684/684 670/670/670 687/687/687
f 635/635/635 637/637/637 691/691/691
f 584/584/584 623/623/623 585/585/585
g Canal10i4
s 1
f 714/714/714 715/715/715 716/716/716
f 717/717/717 718/718/718 719/719/719
f 720/720/720 715/715/715 721/721/721
f 720/720/720 721/721/721 722/722/722
f 720/720/720 723/723/723 724/724/724
f 716/716/716 724/724/724 723/723/723
f 725/725/725 721/721/721 715/715/715
f 720/720/720 724/724/724 715/715/715
f 725/725/725 722/722/722 721/721/721
f 716/716/716 715/715/715 724/724/724
g Canal10i5
s 1
f 726/726/726 727/727/727 728/728/728
f 726/726/726 728/728/728 729/729/729
f 730/730/730 729/729/729 728/728/728
f 730/730/730 728/728/728 727/727/727
f 731/731/731 732/732/732 733/733/733
f 734/734/734 731/731/731 733/733/733
f 735/735/735 736/736/736 737/737/737
f 738/738/738 735/735/735 737/737/737
f 739/739/739 740/740/740 741/741/741
f 740/740/740 742/742/742 743/743/743
f 741/741/741 740/740/740 743/743/743
f 744/744/744 745/745/745 746/746/746
f 747/747/747 744/744/744 746/746/746
f 748/748/748 749/749/749 750/750/750
f 751/751/751 748/748/748 750/750/750
f 752/752/752 753/753/753 754/754/754
f 755/755/755 752/752/752 754/754/754
f 756/756/756 757/757/757 758/758/758
f 759/759/759 758/758/758 757/757/757
f 759/759/759 757/757/757 760/760/760
f 761/761/761 752/752/752 755/755/755
f 758/758/758 762/762/762 756/756/756
f 761/761/761 753/753/753 752/752/752
f 763/763/763 764/764/764 765/765/765
f 766/766/766 767/767/767 768/768/768
f 763/763/763 755/755/755 764/764/764
f 769/769/769 770/770/770 771/771/771
f 770/770/770 726/726/726 771/771/771
f 764/764/764 755/755/755 772/772/772
f 765/765/765 764/764/764 772/772/772
f 773/773/773 774/774/774 775/775/775
f 776/776/776 777/777/777 778/778/778
f 776/776/776 779/779/779 777/777/777
f 780/780/780 777/777/777 779/779/779
f 780/780/780 778/778/778 777/777/777
f 776/776/776 781/781/781 782/782/782
f 776/776/776 778/778/778 781/781/781
f 783/783/783 781/781/781 778/778/778
f 784/784/784 785/785/785 786/786/786
f 784/784/784 782/782/782 785/785/785
f 732/732/732 785/785/785 782/782/782
f 783/783/783 734/734/734 733/733/733
f 733/733/733 732/732/732 782/782/782
f 743/743/743 742/742/742 787/787/787
f 787/787/787 742/742/742 788/788/788
f 787/787/787 788/788/788 789/789/789
f 743/743/743 787/787/787 789/789/789
f 790/790/790 791/791/791 792/792/792
f 736/736/736 791/791/791 793/793/793
f 794/794/794 795/795/795 796/796/796
f 797/797/797 796/796/796 795/795/795
f 797/797/797 795/795/795 798/798/798
f 737/737/737 793/793/793 799/799/799
f 800/800/800 801/801/801 802/802/802
f 738/738/738 737/737/737 799/799/799
f 803/803/803 801/801/801 804/804/804
f 737/737/737 736/736/736 793/793/793
f 741/741/741 743/743/743 805/805/805
f 739/739/739 741/741/741 805/805/805
f 761/761/761 755/755/755 763/763/763
f 806/806/806 763/763/763 765/765/765
f 806/806/806 761/761/761 763/763/763
f 775/775/775 774/774/774 761/761/761
f 806/806/806 775/775/775 761/761/761
f 807/807/807 775/775/775 806/806/806
f 808/808/808 809/809/809 772/772/772
f 765/765/765 809/809/809 769/769/769
f 765/765/765 772/772/772 809/809/809
f 810/810/810 811/811/811 812/812/812
f 810/810/810 812/812/812 813/813/813
f 814/814/814 815/815/815 816/816/816
f 817/817/817 812/812/812 811/811/811
f 816/816/816 818/818/818 819/819/819
f 820/820/820 821/821/821 822/822/822
f 823/823/823 814/814/814 824/824/824
f 825/825/825 821/821/821 826/826/826
f 823/823/823 824/824/824 827/827/827
f 828/828/828 823/823/823 827/827/827
f 747/747/747 746/746/746 829/829/829
f 829/829/829 746/746/746 830/830/830
f 829/829/829 830/830/830 831/831/831
f 747/747/747 829/829/829 831/831/831
f 832/832/832 827/827/827 833/833/833
f 830/830/830 832/832/832 833/833/833
f 830/830/830 828/828/828 832/832/832
f 832/832/832 828/828/828 827/827/827
f 834/834/834 835/835/835 836/836/836
f 834/834/834 837/837/837 835/835/835
f 838/838/838 835/835/835 837/837/837
f 838/838/838 836/836/836 835/835/835
f 839/839/839 840/840/840 841/841/841
f 839/839/839 837/837/837 840/840/840
f 842/842/842 843/843/843 844/844/844
f 845/845/845 842/842/842 844/844/844
f 846/846/846 847/847/847 848/848/848
f 849/849/849 846/846/846 848/848/848
f 850/850/850 827/827/827 824/824/824
f 851/851/851 850/850/850 824/824/824
f 851/851/851 852/852/852 850/850/850
f 850/850/850 852/852/852 827/827/827
f 848/848/848 853/853/853 833/833/833
f 849/849/849 848/848/848 833/833/833
f 848/848/848 847/847/847 853/853/853
f 854/854/854 855/855/855 856/856/856
f 855/855/855 857/857/857 858/858/858
f 856/856/856 855/855/855 858/858/858
f 859/859/859 860/860/860 836/836/836
f 859/859/859 861/861/861 860/860/860
f 858/858/858 860/860/860 861/861/861
f 858/858/858 836/836/836 860/860/860
f 862/862/862 863/863/863 864/864/864
f 862/862/862 864/864/864 865/865/865
f 866/866/866 862/862/862 865/865/865
f 867/867/867 868/868/868 869/869/869
f 870/870/870 867/867/867 871/871/871
f 807/807/807 773/773/773 775/775/775
f 872/872/872 818/818/818 816/816/816
f 815/815/815 872/872/872 816/816/816
f 746/746/746 745/745/745 873/873/873
f 873/873/873 745/745/745 828/828/828
f 873/873/873 828/828/828 830/830/830
f 746/746/746 873/873/873 830/830/830
f 814/814/814 816/816/816 874/874/874
f 874/874/874 816/816/816 819/819/819
f 760/760/760 875/875/875 876/876/876
f 760/760/760 876/876/876 877/877/877
f 878/878/878 877/877/877 876/876/876
f 878/878/878 876/876/876 875/875/875
f 879/879/879 880/880/880 881/881/881
f 879/879/879 881/881/881 882/882/882
f 874/874/874 819/819/819 824/824/824
f 814/814/814 874/874/874 824/824/824
f 883/883/883 814/814/814 823/823/823
f 828/828/828 883/883/883 823/823/823
f 828/828/828 815/815/815 883/883/883
f 883/883/883 815/815/815 814/814/814
f 884/884/884 885/885/885 756/756/756
f 886/886/886 751/751/751 887/887/887
f 774/774/774 886/886/886 887/887/887
f 888/888/888 815/815/815 828/828/828
f 745/745/745 888/888/888 828/828/828
f 889/889/889 807/807/807 890/890/890
f 891/891/891 889/889/889 890/890/890
f 892/892/892 893/893/893 894/894/894
f 818/818/818 892/892/892 894/894/894
f 895/895/895 896/896/896 897/897/897
f 898/898/898 899/899/899 900/900/900
f 847/847/847 898/898/898 900/900/900
f 901/901/901 902/902/902 903/903/903
f 904/904/904 901/901/901 903/903/903
f 905/905/905 854/854/854 906/906/906
f 907/907/907 905/905/905 906/906/906
f 834/834/834 841/841/841 908/908/908
f 909/909/909 768/768/768 910/910/910
f 909/909/909 910/910/910 866/866/866
f 767/767/767 866/866/866 910/910/910
f 767/767/767 910/910/910 768/768/768
f 911/911/911 912/912/912 913/913/913
f 914/914/914 915/915/915 916/916/916
f 914/914/914 916/916/916 917/917/917
f 918/918/918 919/919/919 920/920/920
f 794/794/794 921/921/921 795/795/795
f 922/922/922 923/923/923 924/924/924
f 908/908/908 841/841/841 840/840/840
f 908/908/908 840/840/840 837/837/837
f 800/800/800 925/925/925 801/801/801
f 834/834/834 908/908/908 837/837/837
f 926/926/926 904/904/904 927/927/927
f 928/928/928 926/926/926 927/927/927
f 929/929/929 930/930/930 931/931/931
f 932/932/932 931/931/931 930/930/930
f 932/932/932 930/930/930 933/933/933
f 934/934/934 857/857/857 855/855/855
f 854/854/854 934/934/934 855/855/855
f 935/935/935 936/936/936 869/869/869
f 935/935/935 871/871/871 936/936/936
f 867/867/867 936/936/936 871/871/871
f 820/820/820 937/937/937 821/821/821
f 937/937/937 826/826/826 821/821/821
f 867/867/867 869/869/869 936/936/936
f 803/803/803 938/938/938 801/801/801
f 938/938/938 802/802/802 801/801/801
f 939/939/939 940/940/940 941/941/941
f 939/939/939 941/941/941 942/942/942
f 943/943/943 942/942/942 941/941/941
f 943/943/943 941/941/941 940/940/940
f 944/944/944 945/945/945 946/946/946
f 944/944/944 946/946/946 947/947/947
f 948/948/948 946/946/946 945/945/945
f 949/949/949 939/939/939 950/950/950
f 949/949/949 950/950/950 951/951/951
f 952/952/952 951/951/951 950/950/950
f 952/952/952 950/950/950 939/939/939
f 953/953/953 954/954/954 955/955/955
f 953/953/953 955/955/955 956/956/956
f 957/957/957 956/956/956 955/955/955
f 957/957/957 955/955/955 954/954/954
f 931/931/931 944/944/944 958/958/958
f 931/931/931 958/958/958 929/929/929
f 947/947/947 958/958/958 944/944/944
f 959/959/959 960/960/960 961/961/961
f 959/959/959 961/961/961 962/962/962
f 963/963/963 962/962/962 961/961/961
f 963/963/963 961/961/961 960/960/960
f 954/954/954 964/964/964 965/965/965
f 954/954/954 965/965/965 966/966/966
f 967/967/967 966/966/966 965/965/965
f 967/967/967 965/965/965 964/964/964
f 940/940/940 968/968/968 969/969/969
f 940/940/940 969/969/969 943/943/943
f 970/970/970 943/943/943 969/969/969
f 970/970/970 969/969/969 968/968/968
f 960/960/960 971/971/971 972/972/972
f 960/960/960 972/972/972 963/963/963
f 973/973/973 972/972/972 971/971/971
f 945/945/945 974/974/974 975/975/975
f 945/945/945 975/975/975 948/948/948
f 976/976/976 948/948/948 975/975/975
f 976/976/976 975/975/975 974/974/974
f 968/968/968 977/977/977 978/978/978
f 979/979/979 980/980/980 981/981/981
f 980/980/980 982/982/982 981/981/981
f 974/974/974 983/983/983 976/976/976
f 880/880/880 984/984/984 916/916/916
f 984/984/984 917/917/917 916/916/916
f 956/956/956 978/978/978 985/985/985
f 956/956/956 985/985/985 953/953/953
f 977/977/977 953/953/953 985/985/985
f 977/977/977 985/985/985 978/978/978
f 962/962/962 976/976/976 986/986/986
f 962/962/962 986/986/986 959/959/959
f 983/983/983 959/959/959 986/986/986
f 983/983/983 986/986/986 976/976/976
f 987/987/987 988/988/988 989/989/989
f 989/989/989 988/988/988 990/990/990
f 989/989/989 990/990/990 749/749/749
f 988/988/988 991/991/991 992/992/992
f 988/988/988 992/992/992 990/990/990
f 993/993/993 808/808/808 772/772/772
f 994/994/994 993/993/993 753/753/753
f 995/995/995 996/996/996 790/790/790
f 997/997/997 928/928/928 788/788/788
f 904/904/904 903/903/903 998/998/998
f 805/805/805 903/903/903 902/902/902
f 805/805/805 998/998/998 903/903/903
f 742/742/742 738/738/738 788/788/788
f 890/890/890 807/807/807 806/806/806
f 890/890/890 806/806/806 765/765/765
f 891/891/891 890/890/890 765/765/765
f 887/887/887 751/751/751 999/999/999
f 774/774/774 887/887/887 753/753/753
f 847/847/847 900/900/900 853/853/853
f 831/831/831 900/900/900 899/899/899
f 831/831/831 853/853/853 900/900/900
f 1000/1000/1000 1001/1001/1001 1002/1002/1002
f 1002/1002/1002 1001/1001/1001 1003/1003/1003
f 1002/1002/1002 1003/1003/1003 839/839/839
f 1000/1000/1000 1002/1002/1002 839/839/839
f 818/818/818 894/894/894 819/819/819
f 1004/1004/1004 894/894/894 893/893/893
f 1004/1004/1004 819/819/819 894/894/894
f 906/906/906 854/854/854 856/856/856
f 906/906/906 856/856/856 1005/1005/1005
f 907/907/907 906/906/906 1005/1005/1005
f 857/857/857 834/834/834 836/836/836
f 1006/1006/1006 1007/1007/1007 1008/1008/1008
f 1009/1009/1009 1010/1010/1010 930/930/930
f 929/929/929 1009/1009/1009 930/930/930
f 1011/1011/1011 933/933/933 930/930/930
f 1010/1010/1010 1011/1011/1011 930/930/930
f 1012/1012/1012 1006/1006/1006 1008/1008/1008
f 987/987/987 989/989/989 1013/1013/1013
f 1013/1013/1013 989/989/989 749/749/749
f 755/755/755 754/754/754 772/772/772
f 993/993/993 754/754/754 753/753/753
f 993/993/993 772/772/772 754/754/754
f 1014/1014/1014 793/793/793 791/791/791
f 790/790/790 1014/1014/1014 791/791/791
f 996/996/996 1014/1014/1014 790/790/790
f 996/996/996 793/793/793 1014/1014/1014
f 1015/1015/1015 1016/1016/1016 1017/1017/1017
f 1015/1015/1015 1018/1018/1018 1016/1016/1016
f 1016/1016/1016 1018/1018/1018 935/935/935
f 1017/1017/1017 1016/1016/1016 935/935/935
f 1017/1017/1017 935/935/935 1019/1019/1019
f 1019/1019/1019 935/935/935 1020/1020/1020
f 1021/1021/1021 1019/1019/1019 1020/1020/1020
f 1021/1021/1021 1017/1017/1017 1019/1019/1019
f 1022/1022/1022 1015/1015/1015 1017/1017/1017
f 1023/1023/1023 1015/1015/1015 1022/1022/1022
f 1023/1023/1023 1018/1018/1018 1015/1015/1015
f 1024/1024/1024 1023/1023/1023 1022/1022/1022
f 1025/1025/1025 1024/1024/1024 1022/1022/1022
f 1026/1026/1026 871/871/871 935/935/935
f 1018/1018/1018 1026/1026/1026 935/935/935
f 1018/1018/1018 1027/1027/1027 1026/1026/1026
f 865/865/865 1028/1028/1028 1029/1029/1029
f 865/865/865 1027/1027/1027 1028/1028/1028
f 1018/1018/1018 1028/1028/1028 1027/1027/1027
f 1018/1018/1018 1029/1029/1029 1028/1028/1028
f 995/995/995 790/790/790 1030/1030/1030
f 1030/1030/1030 790/790/790 792/792/792
f 893/893/893 1031/1031/1031 845/845/845
f 1031/1031/1031 1032/1032/1032 1033/1033/1033
f 922/922/922 1012/1012/1012 1008/1008/1008
f 1034/1034/1034 929/929/929 958/958/958
f 947/947/947 1034/1034/1034 958/958/958
f 1035/1035/1035 766/766/766 1036/1036/1036
f 1037/1037/1037 928/928/928 997/997/997
f 995/995/995 1037/1037/1037 997/997/997
f 1038/1038/1038 1039/1039/1039 1040/1040/1040
f 1041/1041/1041 841/841/841 834/834/834
f 1039/1039/1039 1042/1042/1042 1043/1043/1043
f 857/857/857 1041/1041/1041 834/834/834
f 902/902/902 1044/1044/1044 739/739/739
f 1044/1044/1044 1045/1045/1045 1046/1046/1046
f 1047/1047/1047 1048/1048/1048 907/907/907
f 1042/1042/1042 1048/1048/1048 1043/1043/1043
f 1049/1049/1049 1050/1050/1050 1051/1051/1051
f 1032/1032/1032 1050/1050/1050 1033/1033/1033
f 729/729/729 1052/1052/1052 726/726/726
f 1052/1052/1052 771/771/771 726/726/726
f 1053/1053/1053 771/771/771 1052/1052/1052
f 1054/1054/1054 1045/1045/1045 1044/1044/1044
f 902/902/902 1054/1054/1054 1044/1044/1044
f 1055/1055/1055 907/907/907 1048/1048/1048
f 1042/1042/1042 1055/1055/1055 1048/1048/1048
f 1056/1056/1056 1057/1057/1057 1058/1058/1058
f 1045/1045/1045 1056/1056/1056 1058/1058/1058
f 1059/1059/1059 1042/1042/1042 1039/1039/1039
f 1038/1038/1038 1059/1059/1059 1039/1039/1039
f 1060/1060/1060 1061/1061/1061 1062/1062/1062
f 1063/1063/1063 1062/1062/1062 1061/1061/1061
f 1063/1063/1063 1061/1061/1061 1064/1064/1064
f 1065/1065/1065 1066/1066/1066 1060/1060/1060
f 1067/1067/1067 1068/1068/1068 1069/1069/1069
f 1068/1068/1068 1070/1070/1070 1069/1069/1069
f 1071/1071/1071 1072/1072/1072 1073/1073/1073
f 1074/1074/1074 1075/1075/1075 1076/1076/1076
f 1075/1075/1075 1077/1077/1077 1076/1076/1076
f 1071/1071/1071 1073/1073/1073 1078/1078/1078
f 1078/1078/1078 1079/1079/1079 1071/1071/1071
f 1080/1080/1080 1079/1079/1079 1078/1078/1078
f 1057/1057/1057 1081/1081/1081 1079/1079/1079
f 1081/1081/1081 1071/1071/1071 1079/1079/1079
f 1077/1077/1077 1082/1082/1082 1083/1083/1083
f 1082/1082/1082 1038/1038/1038 1083/1083/1083
f 1051/1051/1051 1084/1084/1084 1085/1085/1085
f 1051/1051/1051 1085/1085/1085 1049/1049/1049
f 1085/1085/1085 1086/1086/1086 1049/1049/1049
f 1084/1084/1084 1086/1086/1086 1085/1085/1085
f 1087/1087/1087 1088/1088/1088 1046/1046/1046
f 756/756/756 1089/1089/1089 757/757/757
f 1089/1089/1089 760/760/760 757/757/757
f 1087/1087/1087 1046/1046/1046 1058/1058/1058
f 1087/1087/1087 1058/1058/1058 1057/1057/1057
f 1045/1045/1045 1058/1058/1058 1046/1046/1046
f 1090/1090/1090 1091/1091/1091 1086/1086/1086
f 1091/1091/1091 1049/1049/1049 1086/1086/1086
f 1040/1040/1040 1092/1092/1092 1083/1083/1083
f 1092/1092/1092 1093/1093/1093 1083/1083/1083
f 1094/1094/1094 1095/1095/1095 1069/1069/1069
f 1095/1095/1095 1090/1090/1090 1069/1069/1069
f 1093/1093/1093 1096/1096/1096 1076/1076/1076
f 1096/1096/1096 1097/1097/1097 1076/1076/1076
f 1098/1098/1098 1099/1099/1099 1100/1100/1100
f 1101/1101/1101 1098/1098/1098 1100/1100/1100
f 1005/1005/1005 1102/1102/1102 1047/1047/1047
f 1103/1103/1103 1102/1102/1102 861/861/861
f 1100/1100/1100 1099/1099/1099 838/838/838
f 1003/1003/1003 1100/1100/1100 838/838/838
f 1104/1104/1104 1080/1080/1080 1105/1105/1105
f 1104/1104/1104 1105/1105/1105 1106/1106/1106
f 1106/1106/1106 1105/1105/1105 1073/1073/1073
f 1101/1101/1101 1100/1100/1100 1003/1003/1003
f 844/844/844 851/851/851 1004/1004/1004
f 845/845/845 844/844/844 1004/1004/1004
f 844/844/844 843/843/843 851/851/851
f 864/864/864 1107/1107/1107 1027/1027/1027
f 1107/1107/1107 870/870/870 871/871/871
f 1053/1053/1053 1108/1108/1108 771/771/771
f 1108/1108/1108 891/891/891 771/771/771
f 893/893/893 1109/1109/1109 1031/1031/1031
f 1109/1109/1109 1032/1032/1032 1031/1031/1031
f 1105/1105/1105 1110/1110/1110 1073/1073/1073
f 1105/1105/1105 1080/1080/1080 1110/1110/1110
f 1078/1078/1078 1110/1110/1110 1080/1080/1080
f 1078/1078/1078 1073/1073/1073 1110/1110/1110
f 1066/1066/1066 1111/1111/1111 1060/1060/1060
f 1066/1066/1066 1064/1064/1064 1111/1111/1111
f 1111/1111/1111 1064/1064/1064 1061/1061/1061
f 1060/1060/1060 1111/1111/1111 1061/1061/1061
f 758/758/758 1112/1112/1112 762/762/762
f 1112/1112/1112 1113/1113/1113 762/762/762
f 1025/1025/1025 1022/1022/1022 1017/1017/1017
f 1025/1025/1025 1017/1017/1017 1021/1021/1021
f 897/897/897 1021/1021/1021 1020/1020/1020
f 1114/1114/1114 1051/1051/1051 1050/1050/1050
f 1032/1032/1032 1114/1114/1114 1050/1050/1050
f 1115/1115/1115 1053/1053/1053 1052/1052/1052
f 729/729/729 1115/1115/1115 1052/1052/1052
f 1116/1116/1116 1033/1033/1033 1050/1050/1050
f 1049/1049/1049 1116/1116/1116 1050/1050/1050
f 1049/1049/1049 1117/1117/1117 1116/1116/1116
f 1116/1116/1116 1117/1117/1117 1033/1033/1033
f 1118/1118/1118 1043/1043/1043 1048/1048/1048
f 1047/1047/1047 1118/1118/1118 1048/1048/1048
f 1047/1047/1047 1119/1119/1119 1118/1118/1118
f 1118/1118/1118 1119/1119/1119 1043/1043/1043
f 1106/1106/1106 1073/1073/1073 1120/1120/1120
f 1106/1106/1106 1120/1120/1120 1121/1121/1121
f 1072/1072/1072 1121/1121/1121 1120/1120/1120
f 1072/1072/1072 1120/1120/1120 1073/1073/1073
f 1088/1088/1088 1122/1122/1122 1046/1046/1046
f 1088/1088/1088 739/739/739 1122/1122/1122
f 1044/1044/1044 1122/1122/1122 739/739/739
f 1005/1005/1005 861/861/861 1102/1102/1102
f 866/866/866 865/865/865 1029/1029/1029
f 864/864/864 1027/1027/1027 865/865/865
f 856/856/856 858/858/858 861/861/861
f 858/858/858 857/857/857 836/836/836
f 849/849/849 833/833/833 827/827/827
f 830/830/830 833/833/833 853/853/853
f 852/852/852 849/849/849 827/827/827
f 843/843/843 852/852/852 851/851/851
f 851/851/851 824/824/824 819/819/819
f 843/843/843 1123/1123/1123 852/852/852
f 1123/1123/1123 849/849/849 852/852/852
f 838/838/838 1099/1099/1099 836/836/836
f 1003/1003/1003 838/838/838 837/837/837
f 1099/1099/1099 859/859/859 836/836/836
f 859/859/859 1103/1103/1103 861/861/861
f 761/761/761 774/774/774 753/753/753
f 738/738/738 799/799/799 788/788/788
f 1124/1124/1124 799/799/799 793/793/793
f 1125/1125/1125 780/780/780 779/779/779
f 780/780/780 783/783/783 778/778/778
f 992/992/992 999/999/999 990/990/990
f 996/996/996 1124/1124/1124 793/793/793
f 805/805/805 743/743/743 998/998/998
f 739/739/739 805/805/805 902/902/902
f 891/891/891 765/765/765 769/769/769
f 1001/1001/1001 1101/1101/1101 1003/1003/1003
f 831/831/831 830/830/830 853/853/853
f 747/747/747 831/831/831 899/899/899
f 1099/1099/1099 1126/1126/1126 859/859/859
f 1126/1126/1126 1103/1103/1103 859/859/859
f 1003/1003/1003 837/837/837 839/839/839
f 1000/1000/1000 839/839/839 841/841/841
f 1004/1004/1004 851/851/851 819/819/819
f 845/845/845 1004/1004/1004 893/893/893
f 856/856/856 861/861/861 1005/1005/1005
f 907/907/907 1005/1005/1005 1047/1047/1047
f 928/928/928 789/789/789 788/788/788
f 743/743/743 789/789/789 998/998/998
f 1127/1127/1127 994/994/994 753/753/753
f 992/992/992 1127/1127/1127 999/999/999
f 1031/1031/1031 1033/1033/1033 1128/1128/1128
f 1031/1031/1031 1128/1128/1128 845/845/845
f 1117/1117/1117 845/845/845 1128/1128/1128
f 1117/1117/1117 1128/1128/1128 1033/1033/1033
f 1039/1039/1039 1043/1043/1043 1129/1129/1129
f 1130/1130/1130 804/804/804 801/801/801
f 925/925/925 1130/1130/1130 801/801/801
f 1131/1131/1131 932/932/932 933/933/933
f 1132/1132/1132 1131/1131/1131 933/933/933
f 922/922/922 1008/1008/1008 923/923/923
f 1039/1039/1039 1129/1129/1129 1040/1040/1040
f 971/971/971 1008/1008/1008 973/973/973
f 971/971/971 923/923/923 1008/1008/1008
f 1133/1133/1133 822/822/822 821/821/821
f 825/825/825 1133/1133/1133 821/821/821
f 1134/1134/1134 924/924/924 923/923/923
f 971/971/971 1134/1134/1134 923/923/923
f 1135/1135/1135 1136/1136/1136 949/949/949
f 1135/1135/1135 1137/1137/1137 1136/1136/1136
f 1138/1138/1138 1136/1136/1136 1137/1137/1137
f 1138/1138/1138 949/949/949 1136/1136/1136
f 1139/1139/1139 798/798/798 795/795/795
f 921/921/921 1139/1139/1139 795/795/795
f 1140/1140/1140 1138/1138/1138 1137/1137/1137
f 1141/1141/1141 1140/1140/1140 1137/1137/1137
f 918/918/918 1142/1142/1142 919/919/919
f 918/918/918 1143/1143/1143 1142/1142/1142
f 964/964/964 1142/1142/1142 1143/1143/1143
f 964/964/964 919/919/919 1142/1142/1142
f 1144/1144/1144 813/813/813 812/812/812
f 817/817/817 1144/1144/1144 812/812/812
f 1145/1145/1145 920/920/920 919/919/919
f 964/964/964 1145/1145/1145 919/919/919
f 915/915/915 1146/1146/1146 1147/1147/1147
f 1147/1147/1147 1146/1146/1146 880/880/880
f 880/880/880 916/916/916 1147/1147/1147
f 1147/1147/1147 916/916/916 915/915/915
f 1119/1119/1119 1040/1040/1040 1129/1129/1129
f 911/911/911 1148/1148/1148 912/912/912
f 911/911/911 1149/1149/1149 1148/1148/1148
f 1150/1150/1150 1148/1148/1148 1149/1149/1149
f 1150/1150/1150 912/912/912 1148/1148/1148
f 1119/1119/1119 1129/1129/1129 1043/1043/1043
f 1151/1151/1151 911/911/911 913/913/913
f 1152/1152/1152 1151/1151/1151 913/913/913
f 1153/1153/1153 1154/1154/1154 1155/1155/1155
f 1153/1153/1153 1156/1156/1156 1154/1154/1154
f 1157/1157/1157 1154/1154/1154 1156/1156/1156
f 1157/1157/1157 1155/1155/1155 1154/1154/1154
f 1158/1158/1158 1157/1157/1157 1156/1156/1156
f 1159/1159/1159 1158/1158/1158 1156/1156/1156
f 1160/1160/1160 1025/1025/1025 1021/1021/1021
f 897/897/897 1160/1160/1160 1021/1021/1021
f 896/896/896 1160/1160/1160 897/897/897
f 896/896/896 1025/1025/1025 1160/1160/1160
f 776/776/776 782/782/782 1161/1161/1161
f 1161/1161/1161 782/782/782 784/784/784
f 1162/1162/1162 1161/1161/1161 784/784/784
f 1162/1162/1162 776/776/776 1161/1161/1161
f 1163/1163/1163 885/885/885 1164/1164/1164
f 1164/1164/1164 885/885/885 884/884/884
f 1165/1165/1165 1164/1164/1164 884/884/884
f 1165/1165/1165 1163/1163/1163 1164/1164/1164
f 1166/1166/1166 1162/1162/1162 1167/1167/1167
f 1167/1167/1167 1162/1162/1162 885/885/885
f 1163/1163/1163 1167/1167/1167 885/885/885
f 1163/1163/1163 1166/1166/1166 1167/1167/1167
f 1168/1168/1168 1165/1165/1165 1169/1169/1169
f 762/762/762 1168/1168/1168 1169/1169/1169
f 1113/1113/1113 1168/1168/1168 762/762/762
f 1113/1113/1113 1165/1165/1165 1168/1168/1168
f 1165/1165/1165 884/884/884 1169/1169/1169
f 1169/1169/1169 884/884/884 756/756/756
f 762/762/762 1169/1169/1169 756/756/756
f 885/885/885 1170/1170/1170 756/756/756
f 885/885/885 1162/1162/1162 1170/1170/1170
f 1162/1162/1162 784/784/784 1170/1170/1170
f 1170/1170/1170 784/784/784 756/756/756
f 915/915/915 882/882/882 1146/1146/1146
f 1146/1146/1146 882/882/882 881/881/881
f 1146/1146/1146 881/881/881 880/880/880
f 1044/1044/1044 1046/1046/1046 1122/1122/1122
f 768/768/768 1036/1036/1036 766/766/766
f 1171/1171/1171 1035/1035/1035 1172/1172/1172
f 1036/1036/1036 1172/1172/1172 1035/1035/1035
f 875/875/875 1171/1171/1171 878/878/878
f 1172/1172/1172 878/878/878 1171/1171/1171
f 1173/1173/1173 963/963/963 972/972/972
f 973/973/973 1173/1173/1173 972/972/972
f 1174/1174/1174 947/947/947 946/946/946
f 1029/1029/1029 909/909/909 866/866/866
f 877/877/877 759/759/759 760/760/760
f 966/966/966 957/957/957 954/954/954
f 978/978/978 970/970/970 968/968/968
f 1143/1143/1143 967/967/967 964/964/964
f 942/942/942 952/952/952 939/939/939
f 1175/1175/1175 1176/1176/1176 1155/1155/1155
f 1176/1176/1176 1177/1177/1177 1155/1155/1155
f 1177/1177/1177 1153/1153/1153 1155/1155/1155
f 1178/1178/1178 1135/1135/1135 949/949/949
f 1179/1179/1179 1180/1180/1180 920/920/920
f 1180/1180/1180 1181/1181/1181 920/920/920
f 951/951/951 1182/1182/1182 949/949/949
f 1182/1182/1182 1178/1178/1178 949/949/949
f 1181/1181/1181 918/918/918 920/920/920
f 948/948/948 1174/1174/1174 946/946/946
f 1183/1183/1183 1184/1184/1184 912/912/912
f 1150/1150/1150 1183/1183/1183 912/912/912
f 882/882/882 820/820/820 879/879/879
f 822/822/822 879/879/879 820/820/820
f 1185/1185/1185 913/913/913 912/912/912
f 1186/1186/1186 1187/1187/1187 1188/1188/1188
f 1189/1189/1189 1188/1188/1188 1187/1187/1187
f 1190/1190/1190 1186/1186/1186 1191/1191/1191
f 1188/1188/1188 1191/1191/1191 1186/1186/1186
f 802/802/802 1190/1190/1190 800/800/800
f 1191/1191/1191 800/800/800 1190/1190/1190
f 895/895/895 897/897/897 1192/1192/1192
f 1192/1192/1192 897/897/897 1020/1020/1020
f 1184/1184/1184 1185/1185/1185 912/912/912
f 1193/1193/1193 810/810/810 1194/1194/1194
f 813/813/813 1194/1194/1194 810/810/810
f 981/981/981 1193/1193/1193 979/979/979
f 1194/1194/1194 979/979/979 1193/1193/1193
f 1195/1195/1195 981/981/981 982/982/982
f 1196/1196/1196 783/783/783 780/780/780
f 1125/1125/1125 1196/1196/1196 780/780/780
f 1196/1196/1196 734/734/734 783/783/783
f 1026/1026/1026 1197/1197/1197 871/871/871
f 1026/1026/1026 1027/1027/1027 1197/1197/1197
f 1107/1107/1107 1197/1197/1197 1027/1027/1027
f 1107/1107/1107 871/871/871 1197/1197/1197
f 863/863/863 1198/1198/1198 864/864/864
f 1198/1198/1198 870/870/870 1107/1107/1107
f 864/864/864 1198/1198/1198 1107/1107/1107
f 935/935/935 1199/1199/1199 1020/1020/1020
f 935/935/935 869/869/869 1199/1199/1199
f 868/868/868 1199/1199/1199 869/869/869
f 1200/1200/1200 1201/1201/1201 1202/1202/1202
f 1203/1203/1203 1202/1202/1202 1201/1201/1201
f 1204/1204/1204 1200/1200/1200 1205/1205/1205
f 1202/1202/1202 1205/1205/1205 1200/1200/1200
f 796/796/796 1204/1204/1204 794/794/794
f 1205/1205/1205 794/794/794 1204/1204/1204
f 1206/1206/1206 868/868/868 867/867/867
f 870/870/870 1206/1206/1206 867/867/867
f 1207/1207/1207 994/994/994 1208/1208/1208
f 991/991/991 1207/1207/1207 1208/1208/1208
f 1209/1209/1209 863/863/863 862/862/862
f 866/866/866 1209/1209/1209 862/862/862
f 1210/1210/1210 769/769/769 809/809/809
f 808/808/808 1210/1210/1210 809/809/809
f 1211/1211/1211 1020/1020/1020 1199/1199/1199
f 868/868/868 1211/1211/1211 1199/1199/1199
f 1212/1212/1212 991/991/991 988/988/988
f 987/987/987 1212/1212/1212 988/988/988
f 1213/1213/1213 870/870/870 1198/1198/1198
f 863/863/863 1213/1213/1213 1198/1198/1198
f 1214/1214/1214 808/808/808 993/993/993
f 1007/1007/1007 973/973/973 1008/1008/1008
f 994/994/994 1214/1214/1214 993/993/993
f 995/995/995 1215/1215/1215 1216/1216/1216
f 995/995/995 997/997/997 1215/1215/1215
f 1215/1215/1215 997/997/997 1124/1124/1124
f 1216/1216/1216 1215/1215/1215 1124/1124/1124
f 1057/1057/1057 1079/1079/1079 1087/1087/1087
f 1080/1080/1080 1087/1087/1087 1079/1079/1079
f 1077/1077/1077 1083/1083/1083 1093/1093/1093
f 1040/1040/1040 1083/1083/1083 1038/1038/1038
f 769/769/769 771/771/771 891/891/891
f 1090/1090/1090 1086/1086/1086 1067/1067/1067
f 1084/1084/1084 1067/1067/1067 1086/1086/1086
f 1074/1074/1074 1076/1076/1076 1097/1097/1097
f 1093/1093/1093 1076/1076/1076 1077/1077/1077
f 1067/1067/1067 1069/1069/1069 1090/1090/1090
f 1094/1094/1094 1069/1069/1069 1070/1070/1070
f 732/732/732 1217/1217/1217 1218/1218/1218
f 1218/1218/1218 1217/1217/1217 786/786/786
f 1218/1218/1218 786/786/786 785/785/785
f 732/732/732 1218/1218/1218 785/785/785
f 784/784/784 1219/1219/1219 756/756/756
f 784/784/784 786/786/786 1219/1219/1219
f 1220/1220/1220 1219/1219/1219 786/786/786
f 1220/1220/1220 756/756/756 1219/1219/1219
f 783/783/783 733/733/733 1221/1221/1221
f 1221/1221/1221 733/733/733 782/782/782
f 1221/1221/1221 782/782/782 781/781/781
f 783/783/783 1221/1221/1221 781/781/781
f 1217/1217/1217 1220/1220/1220 786/786/786
f 1222/1222/1222 738/738/738 742/742/742
f 1223/1223/1223 1222/1222/1222 742/742/742
f 1224/1224/1224 742/742/742 740/740/740
f 739/739/739 1224/1224/1224 740/740/740
f 739/739/739 1223/1223/1223 1224/1224/1224
f 1224/1224/1224 1223/1223/1223 742/742/742
f 1225/1225/1225 734/734/734 1196/1196/1196
f 1125/1125/1125 1225/1225/1225 1196/1196/1196
f 1226/1226/1226 792/792/792 791/791/791
f 736/736/736 1226/1226/1226 791/791/791
f 887/887/887 1227/1227/1227 753/753/753
f 887/887/887 999/999/999 1227/1227/1227
f 1127/1127/1127 1227/1227/1227 999/999/999
f 1127/1127/1127 753/753/753 1227/1227/1227
f 991/991/991 1208/1208/1208 992/992/992
f 1208/1208/1208 994/994/994 1127/1127/1127
f 992/992/992 1208/1208/1208 1127/1127/1127
f 751/751/751 750/750/750 999/999/999
f 990/990/990 750/750/750 749/749/749
f 990/990/990 999/999/999 750/750/750
f 1124/1124/1124 997/997/997 1228/1228/1228
f 1228/1228/1228 997/997/997 788/788/788
f 1228/1228/1228 788/788/788 799/799/799
f 1124/1124/1124 1228/1228/1228 799/799/799
f 927/927/927 998/998/998 789/789/789
f 928/928/928 927/927/927 789/789/789
f 927/927/927 904/904/904 998/998/998
f 1216/1216/1216 1124/1124/1124 996/996/996
f 995/995/995 1216/1216/1216 996/996/996
f 727/727/727 1062/1062/1062 1063/1063/1063
f 1063/1063/1063 730/730/730 727/727/727
f 1064/1064/1064 730/730/730 1063/1063/1063
f 1229/1229/1229 1047/1047/1047 1102/1102/1102
f 1103/1103/1103 1229/1229/1229 1102/1102/1102
g Canal10i6
s 1
f 1230/1230/1230 1231/1231/1231 1232/1232/1232
f 1233/1233/1233 1234/1234/1234 1235/1235/1235
f 1236/1236/1236 1237/1237/1237 1238/1238/1238
f 1238/1238/1238 1237/1237/1237 1239/1239/1239
f 1233/1233/1233 1235/1235/1235 1240/1240/1240
f 1241/1241/1241 1240/1240/1240 1235/1235/1235
f 1241/1241/1241 1235/1235/1235 1234/1234/1234
f 1233/1233/1233 1240/1240/1240 1242/1242/1242
f 1243/1243/1243 1244/1244/1244 1245/1245/1245
f 1246/1246/1246 1247/1247/1247 1248/1248/1248
f 1248/1248/1248 1247/1247/1247 1249/1249/1249
f 1250/1250/1250 1248/1248/1248 1249/1249/1249
f 1250/1250/1250 1246/1246/1246 1248/1248/1248
f 1251/1251/1251 1252/1252/1252 1247/1247/1247
f 1246/1246/1246 1251/1251/1251 1247/1247/1247
f 1253/1253/1253 1254/1254/1254 1255/1255/1255
f 1254/1254/1254 1256/1256/1256 1255/1255/1255
f 1255/1255/1255 1257/1257/1257 1258/1258/1258
f 1257/1257/1257 1259/1259/1259 1258/1258/1258
f 1257/1257/1257 1260/1260/1260 1259/1259/1259
f 1256/1256/1256 1260/1260/1260 1261/1261/1261
f 1256/1256/1256 1261/1261/1261 1255/1255/1255
f 1255/1255/1255 1261/1261/1261 1257/1257/1257
f 1261/1261/1261 1260/1260/1260 1257/1257/1257
f 1262/1262/1262 1263/1263/1263 1244/1244/1244
f 1264/1264/1264 1262/1262/1262 1244/1244/1244
f 1265/1265/1265 1266/1266/1266 1267/1267/1267
f 1268/1268/1268 1269/1269/1269 1270/1270/1270
f 1271/1271/1271 1269/1269/1269 1268/1268/1268
f 1271/1271/1271 1268/1268/1268 1272/1272/1272
f 1268/1268/1268 1270/1270/1270 1272/1272/1272
f 1273/1273/1273 1262/1262/1262 1264/1264/1264
f 1273/1273/1273 1263/1263/1263 1262/1262/1262
f 1264/1264/1264 1274/1274/1274 1275/1275/1275
f 1275/1275/1275 1274/1274/1274 1276/1276/1276
f 1276/1276/1276 1273/1273/1273 1275/1275/1275
f 1275/1275/1275 1273/1273/1273 1264/1264/1264
f 1277/1277/1277 1278/1278/1278 1279/1279/1279
f 1277/1277/1277 1280/1280/1280 1278/1278/1278
f 1281/1281/1281 1282/1282/1282 1283/1283/1283
f 1280/1280/1280 1284/1284/1284 1278/1278/1278
f 1285/1285/1285 1286/1286/1286 1276/1276/1276
f 1278/1278/1278 1284/1284/1284 1279/1279/1279
f 1277/1277/1277 1279/1279/1279 1287/1287/1287
f 1288/1288/1288 1280/1280/1280 1277/1277/1277
f 1285/1285/1285 1289/1289/1289 1286/1286/1286
f 1290/1290/1290 1291/1291/1291 1265/1265/1265
f 1290/1290/1290 1292/1292/1292 1291/1291/1291
f 1286/1286/1286 1289/1289/1289 1273/1273/1273
f 1291/1291/1291 1292/1292/1292 1293/1293/1293
f 1265/1265/1265 1291/1291/1291 1293/1293/1293
f 1276/1276/1276 1286/1286/1286 1273/1273/1273
f 1294/1294/1294 1295/1295/1295 1296/1296/1296
f 1289/1289/1289 1297/1297/1297 1298/1298/1298
f 1298/1298/1298 1297/1297/1297 1263/1263/1263
f 1299/1299/1299 1300/1300/1300 1301/1301/1301
f 1273/1273/1273 1298/1298/1298 1263/1263/1263
f 1302/1302/1302 1303/1303/1303 1304/1304/1304
f 1301/1301/1301 1300/1300/1300 1267/1267/1267
f 1267/1267/1267 1305/1305/1305 1301/1301/1301
f 1306/1306/1306 1303/1303/1303 1302/1302/1302
f 1301/1301/1301 1305/1305/1305 1299/1299/1299
f 1307/1307/1307 1308/1308/1308 1309/1309/1309
f 1307/1307/1307 1310/1310/1310 1308/1308/1308
f 1308/1308/1308 1310/1310/1310 1311/1311/1311
f 1306/1306/1306 1302/1302/1302 1312/1312/1312
f 1309/1309/1309 1308/1308/1308 1311/1311/1311
f 1313/1313/1313 1314/1314/1314 1315/1315/1315
f 1267/1267/1267 1316/1316/1316 1317/1317/1317
f 1315/1315/1315 1318/1318/1318 1313/1313/1313
f 1319/1319/1319 1318/1318/1318 1315/1315/1315
f 1313/1313/1313 1265/1265/1265 1317/1317/1317
f 1313/1313/1313 1320/1320/1320 1314/1314/1314
f 1317/1317/1317 1265/1265/1265 1267/1267/1267
f 1320/1320/1320 1321/1321/1321 1314/1314/1314
f 1319/1319/1319 1322/1322/1322 1323/1323/1323
f 1316/1316/1316 1321/1321/1321 1320/1320/1320
f 1324/1324/1324 1325/1325/1325 1326/1326/1326
f 1323/1323/1323 1322/1322/1322 1327/1327/1327
f 1325/1325/1325 1328/1328/1328 1326/1326/1326
f 1329/1329/1329 1325/1325/1325 1324/1324/1324
f 1273/1273/1273 1289/1289/1289 1298/1298/1298
f 1327/1327/1327 1330/1330/1330 1323/1323/1323
f 1323/1323/1323 1330/1330/1330 1319/1319/1319
f 1250/1250/1250 1331/1331/1331 1246/1246/1246
f 1332/1332/1332 1333/1333/1333 1334/1334/1334
f 1250/1250/1250 1335/1335/1335 1331/1331/1331
f 1335/1335/1335 1336/1336/1336 1331/1331/1331
f 1331/1331/1331 1336/1336/1336 1246/1246/1246
f 1332/1332/1332 1337/1337/1337 1338/1338/1338
f 1339/1339/1339 1270/1270/1270 1340/1340/1340
f 1340/1340/1340 1270/1270/1270 1341/1341/1341
f 1269/1269/1269 1342/1342/1342 1343/1343/1343
f 1343/1343/1343 1342/1342/1342 1344/1344/1344
f 1345/1345/1345 1346/1346/1346 1271/1271/1271
f 1347/1347/1347 1348/1348/1348 1349/1349/1349
f 1343/1343/1343 1344/1344/1344 1350/1350/1350
f 1269/1269/1269 1343/1343/1343 1350/1350/1350
f 1341/1341/1341 1350/1350/1350 1351/1351/1351
f 1352/1352/1352 1353/1353/1353 1354/1354/1354
f 1351/1351/1351 1350/1350/1350 1355/1355/1355
f 1356/1356/1356 1357/1357/1357 1346/1346/1346
f 1354/1354/1354 1353/1353/1353 1358/1358/1358
f 1359/1359/1359 1360/1360/1360 1361/1361/1361
f 1362/1362/1362 1253/1253/1253 1255/1255/1255
f 1359/1359/1359 1363/1363/1363 1360/1360/1360
f 1363/1363/1363 1364/1364/1364 1360/1360/1360
f 1365/1365/1365 1366/1366/1366 1367/1367/1367
f 1360/1360/1360 1364/1364/1364 1361/1361/1361
f 1368/1368/1368 1255/1255/1255 1258/1258/1258
f 1369/1369/1369 1368/1368/1368 1258/1258/1258
f 1370/1370/1370 1371/1371/1371 1372/1372/1372
f 1368/1368/1368 1362/1362/1362 1255/1255/1255
f 1365/1365/1365 1373/1373/1373 1366/1366/1366
f 1374/1374/1374 1375/1375/1375 1376/1376/1376
f 1377/1377/1377 1375/1375/1375 1374/1374/1374
f 1378/1378/1378 1379/1379/1379 1380/1380/1380
f 1242/1242/1242 1240/1240/1240 1381/1381/1381
f 1288/1288/1288 1382/1382/1382 1383/1383/1383
f 1242/1242/1242 1381/1381/1381 1384/1384/1384
f 1305/1305/1305 1266/1266/1266 1385/1385/1385
f 1386/1386/1386 1384/1384/1384 1381/1381/1381
f 1386/1386/1386 1381/1381/1381 1240/1240/1240
f 1299/1299/1299 1305/1305/1305 1385/1385/1385
f 1267/1267/1267 1266/1266/1266 1305/1305/1305
f 1243/1243/1243 1387/1387/1387 1264/1264/1264
f 1387/1387/1387 1274/1274/1274 1264/1264/1264
f 1245/1245/1245 1387/1387/1387 1243/1243/1243
f 1388/1388/1388 1389/1389/1389 1274/1274/1274
f 1245/1245/1245 1388/1388/1388 1387/1387/1387
f 1388/1388/1388 1274/1274/1274 1387/1387/1387
f 1389/1389/1389 1390/1390/1390 1274/1274/1274
f 1390/1390/1390 1391/1391/1391 1274/1274/1274
f 1392/1392/1392 1393/1393/1393 1335/1335/1335
f 1335/1335/1335 1393/1393/1393 1336/1336/1336
f 1246/1246/1246 1394/1394/1394 1251/1251/1251
f 1395/1395/1395 1396/1396/1396 1253/1253/1253
f 1270/1270/1270 1269/1269/1269 1341/1341/1341
f 1350/1350/1350 1344/1344/1344 1355/1355/1355
f 1396/1396/1396 1254/1254/1254 1253/1253/1253
f 1396/1396/1396 1397/1397/1397 1254/1254/1254
f 1395/1395/1395 1397/1397/1397 1396/1396/1396
f 1288/1288/1288 1398/1398/1398 1382/1382/1382
f 1341/1341/1341 1269/1269/1269 1350/1350/1350
f 1399/1399/1399 1400/1400/1400 1401/1401/1401
f 1402/1402/1402 1403/1403/1403 1404/1404/1404
f 1401/1401/1401 1400/1400/1400 1296/1296/1296
f 1401/1401/1401 1296/1296/1296 1405/1405/1405
f 1399/1399/1399 1401/1401/1401 1405/1405/1405
f 1357/1357/1357 1400/1400/1400 1399/1399/1399
f 1357/1357/1357 1294/1294/1294 1400/1400/1400
f 1400/1400/1400 1294/1294/1294 1296/1296/1296
f 1281/1281/1281 1406/1406/1406 1407/1407/1407
f 1407/1407/1407 1406/1406/1406 1408/1408/1408
f 1409/1409/1409 1407/1407/1407 1408/1408/1408
f 1409/1409/1409 1281/1281/1281 1407/1407/1407
f 1406/1406/1406 1283/1283/1283 1337/1337/1337
f 1408/1408/1408 1406/1406/1406 1337/1337/1337
f 1281/1281/1281 1283/1283/1283 1406/1406/1406
f 1410/1410/1410 1411/1411/1411 1412/1412/1412
f 1413/1413/1413 1414/1414/1414 1289/1289/1289
f 1264/1264/1264 1244/1244/1244 1243/1243/1243
f 1330/1330/1330 1415/1415/1415 1319/1319/1319
f 1416/1416/1416 1414/1414/1414 1413/1413/1413
f 1416/1416/1416 1413/1413/1413 1285/1285/1285
f 1413/1413/1413 1289/1289/1289 1285/1285/1285
f 1399/1399/1399 1405/1405/1405 1344/1344/1344
f 1344/1344/1344 1405/1405/1405 1355/1355/1355
f 1417/1417/1417 1380/1380/1380 1418/1418/1418
f 1347/1347/1347 1417/1417/1417 1418/1418/1418
f 1349/1349/1349 1417/1417/1417 1347/1347/1347
f 1349/1349/1349 1380/1380/1380 1417/1417/1417
f 1419/1419/1419 1420/1420/1420 1421/1421/1421
f 1422/1422/1422 1420/1420/1420 1419/1419/1419
f 1423/1423/1423 1409/1409/1409 1363/1363/1363
f 1363/1363/1363 1409/1409/1409 1408/1408/1408
f 1422/1422/1422 1419/1419/1419 1424/1424/1424
f 1419/1419/1419 1421/1421/1421 1424/1424/1424
f 1425/1425/1425 1424/1424/1424 1426/1426/1426
f 1427/1427/1427 1424/1424/1424 1425/1425/1425
f 1427/1427/1427 1425/1425/1425 1428/1428/1428
f 1425/1425/1425 1426/1426/1426 1428/1428/1428
f 1429/1429/1429 1430/1430/1430 1431/1431/1431
f 1392/1392/1392 1250/1250/1250 1249/1249/1249
f 1392/1392/1392 1335/1335/1335 1250/1250/1250
f 1392/1392/1392 1249/1249/1249 1432/1432/1432
f 1392/1392/1392 1432/1432/1432 1433/1433/1433
f 1232/1232/1232 1231/1231/1231 1434/1434/1434
f 1435/1435/1435 1232/1232/1232 1434/1434/1434
f 1239/1239/1239 1237/1237/1237 1436/1436/1436
f 1236/1236/1236 1437/1437/1437 1237/1237/1237
f 1438/1438/1438 1435/1435/1435 1439/1439/1439
f 1239/1239/1239 1436/1436/1436 1440/1440/1440
f 1239/1239/1239 1440/1440/1440 1234/1234/1234
f 1441/1441/1441 1367/1367/1367 1442/1442/1442
f 1365/1365/1365 1367/1367/1367 1441/1441/1441
f 1443/1443/1443 1438/1438/1438 1439/1439/1439
f 1444/1444/1444 1437/1437/1437 1236/1236/1236
f 1445/1445/1445 1446/1446/1446 1447/1447/1447
f 1448/1448/1448 1445/1445/1445 1447/1447/1447
f 1449/1449/1449 1438/1438/1438 1443/1443/1443
f 1367/1367/1367 1437/1437/1437 1444/1444/1444
f 1448/1448/1448 1447/1447/1447 1327/1327/1327
f 1449/1449/1449 1435/1435/1435 1438/1438/1438
f 1442/1442/1442 1367/1367/1367 1444/1444/1444
f 1442/1442/1442 1444/1444/1444 1236/1236/1236
f 1450/1450/1450 1234/1234/1234 1233/1233/1233
f 1239/1239/1239 1234/1234/1234 1450/1450/1450
f 1382/1382/1382 1451/1451/1451 1383/1383/1383
f 1452/1452/1452 1453/1453/1453 1454/1454/1454
f 1453/1453/1453 1452/1452/1452 1244/1244/1244
f 1452/1452/1452 1245/1245/1245 1244/1244/1244
f 1453/1453/1453 1455/1455/1455 1456/1456/1456
f 1457/1457/1457 1458/1458/1458 1409/1409/1409
f 1459/1459/1459 1460/1460/1460 1461/1461/1461
f 1458/1458/1458 1281/1281/1281 1409/1409/1409
f 1462/1462/1462 1281/1281/1281 1458/1458/1458
f 1462/1462/1462 1458/1458/1458 1457/1457/1457
f 1463/1463/1463 1464/1464/1464 1465/1465/1465
f 1466/1466/1466 1409/1409/1409 1423/1423/1423
f 1457/1457/1457 1409/1409/1409 1466/1466/1466
f 1467/1467/1467 1405/1405/1405 1468/1468/1468
f 1355/1355/1355 1405/1405/1405 1467/1467/1467
f 1455/1455/1455 1469/1469/1469 1456/1456/1456
f 1469/1469/1469 1455/1455/1455 1470/1470/1470
f 1455/1455/1455 1453/1453/1453 1470/1470/1470
f 1405/1405/1405 1296/1296/1296 1471/1471/1471
f 1405/1405/1405 1471/1471/1471 1468/1468/1468
f 1468/1468/1468 1471/1471/1471 1472/1472/1472
f 1471/1471/1471 1296/1296/1296 1472/1472/1472
f 1258/1258/1258 1259/1259/1259 1473/1473/1473
f 1259/1259/1259 1474/1474/1474 1473/1473/1473
f 1475/1475/1475 1430/1430/1430 1429/1429/1429
f 1361/1361/1361 1364/1364/1364 1334/1334/1334
f 1364/1364/1364 1408/1408/1408 1334/1334/1334
f 1363/1363/1363 1408/1408/1408 1364/1364/1364
f 1283/1283/1283 1476/1476/1476 1477/1477/1477
f 1476/1476/1476 1478/1478/1478 1477/1477/1477
f 1282/1282/1282 1478/1478/1478 1476/1476/1476
f 1282/1282/1282 1476/1476/1476 1283/1283/1283
f 1479/1479/1479 1477/1477/1477 1338/1338/1338
f 1283/1283/1283 1477/1477/1477 1479/1479/1479
f 1337/1337/1337 1283/1283/1283 1479/1479/1479
f 1337/1337/1337 1479/1479/1479 1338/1338/1338
f 1271/1271/1271 1399/1399/1399 1342/1342/1342
f 1271/1271/1271 1342/1342/1342 1269/1269/1269
f 1342/1342/1342 1399/1399/1399 1344/1344/1344
f 1480/1480/1480 1481/1481/1481 1294/1294/1294
f 1356/1356/1356 1481/1481/1481 1480/1480/1480
f 1356/1356/1356 1480/1480/1480 1357/1357/1357
f 1480/1480/1480 1294/1294/1294 1357/1357/1357
f 1481/1481/1481 1478/1478/1478 1482/1482/1482
f 1481/1481/1481 1482/1482/1482 1294/1294/1294
f 1294/1294/1294 1482/1482/1482 1295/1295/1295
f 1482/1482/1482 1478/1478/1478 1295/1295/1295
f 1483/1483/1483 1404/1404/1404 1484/1484/1484
f 1485/1485/1485 1486/1486/1486 1487/1487/1487
f 1488/1488/1488 1454/1454/1454 1489/1489/1489
f 1380/1380/1380 1490/1490/1490 1491/1491/1491
f 1380/1380/1380 1379/1379/1379 1490/1490/1490
f 1492/1492/1492 1493/1493/1493 1494/1494/1494
f 1492/1492/1492 1494/1494/1494 1369/1369/1369
f 1494/1494/1494 1493/1493/1493 1495/1495/1495
f 1448/1448/1448 1327/1327/1327 1496/1496/1496
f 1448/1448/1448 1496/1496/1496 1497/1497/1497
f 1327/1327/1327 1498/1498/1498 1496/1496/1496
f 1336/1336/1336 1393/1393/1393 1499/1499/1499
f 1336/1336/1336 1499/1499/1499 1394/1394/1394
f 1500/1500/1500 1394/1394/1394 1499/1499/1499
f 1454/1454/1454 1501/1501/1501 1489/1489/1489
f 1485/1485/1485 1361/1361/1361 1334/1334/1334
f 1501/1501/1501 1502/1502/1502 1503/1503/1503
f 1299/1299/1299 1377/1377/1377 1300/1300/1300
f 1267/1267/1267 1300/1300/1300 1316/1316/1316
f 1504/1504/1504 1503/1503/1503 1505/1505/1505
f 1506/1506/1506 1358/1358/1358 1507/1507/1507
f 1508/1508/1508 1358/1358/1358 1506/1506/1506
f 1506/1506/1506 1509/1509/1509 1508/1508/1508
f 1507/1507/1507 1509/1509/1509 1506/1506/1506
f 1279/1279/1279 1510/1510/1510 1511/1511/1511
f 1510/1510/1510 1354/1354/1354 1358/1358/1358
f 1279/1279/1279 1284/1284/1284 1512/1512/1512
f 1279/1279/1279 1512/1512/1512 1352/1352/1352
f 1512/1512/1512 1513/1513/1513 1352/1352/1352
f 1284/1284/1284 1513/1513/1513 1512/1512/1512
f 1326/1326/1326 1328/1328/1328 1514/1514/1514
f 1515/1515/1515 1324/1324/1324 1326/1326/1326
f 1442/1442/1442 1236/1236/1236 1516/1516/1516
f 1266/1266/1266 1293/1293/1293 1517/1517/1517
f 1265/1265/1265 1293/1293/1293 1266/1266/1266
f 1517/1517/1517 1518/1518/1518 1519/1519/1519
f 1518/1518/1518 1292/1292/1292 1519/1519/1519
f 1293/1293/1293 1292/1292/1292 1518/1518/1518
f 1293/1293/1293 1518/1518/1518 1517/1517/1517
f 1519/1519/1519 1520/1520/1520 1521/1521/1521
f 1519/1519/1519 1521/1521/1521 1522/1522/1522
f 1433/1433/1433 1436/1436/1436 1523/1523/1523
f 1433/1433/1433 1523/1523/1523 1437/1437/1437
f 1524/1524/1524 1505/1505/1505 1410/1410/1410
f 1348/1348/1348 1524/1524/1524 1410/1410/1410
f 1524/1524/1524 1348/1348/1348 1347/1347/1347
f 1505/1505/1505 1524/1524/1524 1347/1347/1347
f 1237/1237/1237 1437/1437/1437 1523/1523/1523
f 1237/1237/1237 1523/1523/1523 1436/1436/1436
f 1525/1525/1525 1241/1241/1241 1234/1234/1234
f 1432/1432/1432 1525/1525/1525 1433/1433/1433
f 1402/1402/1402 1375/1375/1375 1403/1403/1403
f 1375/1375/1375 1377/1377/1377 1403/1403/1403
f 1375/1375/1375 1402/1402/1402 1376/1376/1376
f 1303/1303/1303 1526/1526/1526 1304/1304/1304
f 1526/1526/1526 1324/1324/1324 1515/1515/1515
f 1527/1527/1527 1483/1483/1483 1486/1486/1486
f 1528/1528/1528 1448/1448/1448 1497/1497/1497
f 1528/1528/1528 1445/1445/1445 1448/1448/1448
f 1505/1505/1505 1529/1529/1529 1530/1530/1530
f 1530/1530/1530 1529/1529/1529 1445/1445/1445
f 1528/1528/1528 1530/1530/1530 1445/1445/1445
f 1527/1527/1527 1531/1531/1531 1532/1532/1532
f 1531/1531/1531 1533/1533/1533 1534/1534/1534
f 1535/1535/1535 1527/1527/1527 1532/1532/1532
f 1527/1527/1527 1535/1535/1535 1483/1483/1483
f 1535/1535/1535 1402/1402/1402 1483/1483/1483
f 1536/1536/1536 1338/1338/1338 1537/1537/1537
f 1333/1333/1333 1536/1536/1536 1533/1533/1533
f 1538/1538/1538 1537/1537/1537 1231/1231/1231
f 1534/1534/1534 1533/1533/1533 1538/1538/1538
f 1539/1539/1539 1540/1540/1540 1541/1541/1541
f 1541/1541/1541 1540/1540/1540 1542/1542/1542
f 1539/1539/1539 1543/1543/1543 1540/1540/1540
f 1544/1544/1544 1545/1545/1545 1543/1543/1543
f 1546/1546/1546 1547/1547/1547 1548/1548/1548
f 1548/1548/1548 1545/1545/1545 1544/1544/1544
f 1549/1549/1549 1256/1256/1256 1550/1550/1550
f 1256/1256/1256 1549/1549/1549 1260/1260/1260
f 1474/1474/1474 1551/1551/1551 1552/1552/1552
f 1474/1474/1474 1552/1552/1552 1553/1553/1553
f 1553/1553/1553 1552/1552/1552 1554/1554/1554
f 1552/1552/1552 1551/1551/1551 1554/1554/1554
f 1454/1454/1454 1453/1453/1453 1456/1456/1456
f 1474/1474/1474 1555/1555/1555 1551/1551/1551
f 1456/1456/1456 1469/1469/1469 1502/1502/1502
f 1555/1555/1555 1549/1549/1549 1550/1550/1550
f 1547/1547/1547 1356/1356/1356 1556/1556/1556
f 1545/1545/1545 1556/1556/1556 1345/1345/1345
f 1474/1474/1474 1549/1549/1549 1555/1555/1555
f 1489/1489/1489 1557/1557/1557 1504/1504/1504
f 1557/1557/1557 1503/1503/1503 1504/1504/1504
f 1557/1557/1557 1501/1501/1501 1503/1503/1503
f 1489/1489/1489 1501/1501/1501 1557/1557/1557
f 1454/1454/1454 1558/1558/1558 1501/1501/1501
f 1558/1558/1558 1502/1502/1502 1501/1501/1501
f 1558/1558/1558 1456/1456/1456 1502/1502/1502
f 1454/1454/1454 1456/1456/1456 1558/1558/1558
f 1274/1274/1274 1391/1391/1391 1276/1276/1276
f 1245/1245/1245 1559/1559/1559 1488/1488/1488
f 1559/1559/1559 1454/1454/1454 1488/1488/1488
f 1559/1559/1559 1452/1452/1452 1454/1454/1454
f 1245/1245/1245 1452/1452/1452 1559/1559/1559
f 1445/1445/1445 1529/1529/1529 1446/1446/1446
f 1505/1505/1505 1464/1464/1464 1529/1529/1529
f 1560/1560/1560 1491/1491/1491 1561/1561/1561
f 1380/1380/1380 1491/1491/1491 1560/1560/1560
f 1380/1380/1380 1560/1560/1560 1418/1418/1418
f 1560/1560/1560 1561/1561/1561 1418/1418/1418
f 1414/1414/1414 1562/1562/1562 1297/1297/1297
f 1289/1289/1289 1414/1414/1414 1297/1297/1297
f 1416/1416/1416 1562/1562/1562 1414/1414/1414
f 1383/1383/1383 1451/1451/1451 1563/1563/1563
f 1563/1563/1563 1451/1451/1451 1564/1564/1564
f 1565/1565/1565 1563/1563/1563 1564/1564/1564
f 1566/1566/1566 1475/1475/1475 1429/1429/1429
f 1566/1566/1566 1429/1429/1429 1431/1431/1431
f 1567/1567/1567 1428/1428/1428 1568/1568/1568
f 1431/1431/1431 1428/1428/1428 1567/1567/1567
f 1431/1431/1431 1567/1567/1567 1569/1569/1569
f 1567/1567/1567 1568/1568/1568 1569/1569/1569
f 1570/1570/1570 1569/1569/1569 1571/1571/1571
f 1572/1572/1572 1569/1569/1569 1570/1570/1570
f 1573/1573/1573 1574/1574/1574 1575/1575/1575
f 1576/1576/1576 1574/1574/1574 1573/1573/1573
f 1577/1577/1577 1578/1578/1578 1576/1576/1576
f 1579/1579/1579 1578/1578/1578 1577/1577/1577
f 1580/1580/1580 1359/1359/1359 1581/1581/1581
f 1423/1423/1423 1359/1359/1359 1580/1580/1580
f 1582/1582/1582 1583/1583/1583 1584/1584/1584
f 1582/1582/1582 1584/1584/1584 1330/1330/1330
f 1330/1330/1330 1584/1584/1584 1585/1585/1585
f 1584/1584/1584 1583/1583/1583 1585/1585/1585
f 1511/1511/1511 1586/1586/1586 1587/1587/1587
f 1588/1588/1588 1589/1589/1589 1590/1590/1590
f 1588/1588/1588 1590/1590/1590 1591/1591/1591
f 1591/1591/1591 1590/1590/1590 1592/1592/1592
f 1590/1590/1590 1589/1589/1589 1592/1592/1592
f 1318/1318/1318 1309/1309/1309 1593/1593/1593
f 1511/1511/1511 1587/1587/1587 1594/1594/1594
f 1318/1318/1318 1593/1593/1593 1313/1313/1313
f 1593/1593/1593 1290/1290/1290 1313/1313/1313
f 1309/1309/1309 1290/1290/1290 1593/1593/1593
f 1595/1595/1595 1596/1596/1596 1507/1507/1507
f 1415/1415/1415 1597/1597/1597 1307/1307/1307
f 1597/1597/1597 1591/1591/1591 1307/1307/1307
f 1585/1585/1585 1591/1591/1591 1597/1597/1597
f 1585/1585/1585 1597/1597/1597 1415/1415/1415
f 1595/1595/1595 1598/1598/1598 1596/1596/1596
f 1598/1598/1598 1599/1599/1599 1596/1596/1596
f 1529/1529/1529 1464/1464/1464 1600/1600/1600
f 1529/1529/1529 1600/1600/1600 1446/1446/1446
f 1463/1463/1463 1446/1446/1446 1600/1600/1600
f 1463/1463/1463 1600/1600/1600 1464/1464/1464
f 1596/1596/1596 1599/1599/1599 1507/1507/1507
f 1601/1601/1601 1370/1370/1370 1602/1602/1602
f 1599/1599/1599 1601/1601/1601 1602/1602/1602
f 1598/1598/1598 1601/1601/1601 1599/1599/1599
f 1598/1598/1598 1370/1370/1370 1601/1601/1601
f 1603/1603/1603 1475/1475/1475 1574/1574/1574
f 1517/1517/1517 1519/1519/1519 1522/1522/1522
f 1604/1604/1604 1603/1603/1603 1574/1574/1574
f 1519/1519/1519 1292/1292/1292 1520/1520/1520
f 1604/1604/1604 1605/1605/1605 1603/1603/1603
f 1603/1603/1603 1605/1605/1605 1475/1475/1475
f 1606/1606/1606 1427/1427/1427 1430/1430/1430
f 1607/1607/1607 1606/1606/1606 1430/1430/1430
f 1607/1607/1607 1608/1608/1608 1606/1606/1606
f 1606/1606/1606 1608/1608/1608 1427/1427/1427
f 1609/1609/1609 1586/1586/1586 1511/1511/1511
f 1508/1508/1508 1586/1586/1586 1609/1609/1609
f 1509/1509/1509 1586/1586/1586 1508/1508/1508
f 1507/1507/1507 1610/1610/1610 1509/1509/1509
f 1507/1507/1507 1602/1602/1602 1611/1611/1611
f 1507/1507/1507 1611/1611/1611 1610/1610/1610
f 1612/1612/1612 1613/1613/1613 1614/1614/1614
f 1612/1612/1612 1395/1395/1395 1613/1613/1613
f 1615/1615/1615 1613/1613/1613 1395/1395/1395
f 1615/1615/1615 1614/1614/1614 1613/1613/1613
f 1540/1540/1540 1616/1616/1616 1617/1617/1617
f 1617/1617/1617 1616/1616/1616 1271/1271/1271
f 1617/1617/1617 1271/1271/1271 1618/1618/1618
f 1540/1540/1540 1617/1617/1617 1618/1618/1618
f 1619/1619/1619 1620/1620/1620 1621/1621/1621
f 1621/1621/1621 1620/1620/1620 1622/1622/1622
f 1623/1623/1623 1327/1327/1327 1624/1624/1624
f 1625/1625/1625 1623/1623/1623 1624/1624/1624
f 1623/1623/1623 1625/1625/1625 1498/1498/1498
f 1327/1327/1327 1623/1623/1623 1498/1498/1498
f 1626/1626/1626 1604/1604/1604 1578/1578/1578
f 1627/1627/1627 1626/1626/1626 1578/1578/1578
f 1628/1628/1628 1626/1626/1626 1627/1627/1627
f 1628/1628/1628 1604/1604/1604 1626/1626/1626
f 1629/1629/1629 1630/1630/1630 1628/1628/1628
f 1631/1631/1631 1629/1629/1629 1628/1628/1628
f 1632/1632/1632 1629/1629/1629 1631/1631/1631
f 1632/1632/1632 1630/1630/1630 1629/1629/1629
f 1633/1633/1633 1634/1634/1634 1632/1632/1632
f 1635/1635/1635 1633/1633/1633 1632/1632/1632
f 1636/1636/1636 1633/1633/1633 1635/1635/1635
f 1636/1636/1636 1634/1634/1634 1633/1633/1633
f 1637/1637/1637 1306/1306/1306 1638/1638/1638
f 1638/1638/1638 1306/1306/1306 1312/1312/1312
f 1638/1638/1638 1312/1312/1312 1636/1636/1636
f 1637/1637/1637 1638/1638/1638 1636/1636/1636
f 1639/1639/1639 1640/1640/1640 1641/1641/1641
f 1639/1639/1639 1422/1422/1422 1640/1640/1640
f 1640/1640/1640 1422/1422/1422 1608/1608/1608
f 1641/1641/1641 1640/1640/1640 1608/1608/1608
f 1642/1642/1642 1607/1607/1607 1605/1605/1605
f 1630/1630/1630 1642/1642/1642 1605/1605/1605
f 1643/1643/1643 1642/1642/1642 1630/1630/1630
f 1347/1347/1347 1418/1418/1418 1644/1644/1644
f 1347/1347/1347 1644/1644/1644 1505/1505/1505
f 1644/1644/1644 1561/1561/1561 1505/1505/1505
f 1418/1418/1418 1561/1561/1561 1644/1644/1644
f 1643/1643/1643 1607/1607/1607 1642/1642/1642
f 1312/1312/1312 1302/1302/1302 1645/1645/1645
f 1645/1645/1645 1302/1302/1302 1304/1304/1304
f 1645/1645/1645 1304/1304/1304 1646/1646/1646
f 1312/1312/1312 1645/1645/1645 1646/1646/1646
f 1647/1647/1647 1641/1641/1641 1643/1643/1643
f 1634/1634/1634 1647/1647/1647 1643/1643/1643
f 1634/1634/1634 1646/1646/1646 1647/1647/1647
f 1647/1647/1647 1646/1646/1646 1641/1641/1641
f 1544/1544/1544 1648/1648/1648 1649/1649/1649
f 1649/1649/1649 1648/1648/1648 1650/1650/1650
f 1649/1649/1649 1650/1650/1650 1651/1651/1651
f 1544/1544/1544 1649/1649/1649 1651/1651/1651
f 1539/1539/1539 1652/1652/1652 1653/1653/1653
f 1653/1653/1653 1652/1652/1652 1654/1654/1654
f 1653/1653/1653 1654/1654/1654 1655/1655/1655
f 1539/1539/1539 1653/1653/1653 1655/1655/1655
f 1654/1654/1654 1648/1648/1648 1656/1656/1656
f 1656/1656/1656 1648/1648/1648 1544/1544/1544
f 1655/1655/1655 1656/1656/1656 1544/1544/1544
f 1655/1655/1655 1654/1654/1654 1656/1656/1656
f 1657/1657/1657 1658/1658/1658 1659/1659/1659
f 1659/1659/1659 1658/1658/1658 1660/1660/1660
f 1453/1453/1453 1244/1244/1244 1263/1263/1263
f 1661/1661/1661 1659/1659/1659 1660/1660/1660
f 1661/1661/1661 1657/1657/1657 1659/1659/1659
f 1662/1662/1662 1660/1660/1660 1663/1663/1663
f 1469/1469/1469 1297/1297/1297 1562/1562/1562
f 1664/1664/1664 1662/1662/1662 1663/1663/1663
f 1664/1664/1664 1661/1661/1661 1662/1662/1662
f 1662/1662/1662 1661/1661/1661 1660/1660/1660
f 1665/1665/1665 1666/1666/1666 1650/1650/1650
f 1665/1665/1665 1546/1546/1546 1666/1666/1666
f 1651/1651/1651 1666/1666/1666 1546/1546/1546
f 1651/1651/1651 1650/1650/1650 1666/1666/1666
f 1667/1667/1667 1668/1668/1668 1664/1664/1664
f 1667/1667/1667 1669/1669/1669 1668/1668/1668
f 1669/1669/1669 1661/1661/1661 1668/1668/1668
f 1668/1668/1668 1661/1661/1661 1664/1664/1664
f 1369/1369/1369 1258/1258/1258 1473/1473/1473
f 1246/1246/1246 1336/1336/1336 1394/1394/1394
f 1670/1670/1670 1472/1472/1472 1671/1671/1671
f 1468/1468/1468 1472/1472/1472 1670/1670/1670
f 1284/1284/1284 1493/1493/1493 1492/1492/1492
f 1672/1672/1672 1673/1673/1673 1674/1674/1674
f 1550/1550/1550 1674/1674/1674 1675/1675/1675
f 1498/1498/1498 1443/1443/1443 1676/1676/1676
f 1497/1497/1497 1676/1676/1676 1500/1500/1500
f 1497/1497/1497 1500/1500/1500 1677/1677/1677
f 1411/1411/1411 1497/1497/1497 1677/1677/1677
f 1411/1411/1411 1677/1677/1677 1393/1393/1393
f 1678/1678/1678 1394/1394/1394 1500/1500/1500
f 1443/1443/1443 1439/1439/1439 1678/1678/1678
f 1439/1439/1439 1384/1384/1384 1679/1679/1679
f 1251/1251/1251 1394/1394/1394 1679/1679/1679
f 1251/1251/1251 1679/1679/1679 1384/1384/1384
f 1635/1635/1635 1680/1680/1680 1637/1637/1637
f 1681/1681/1681 1680/1680/1680 1682/1682/1682
f 1483/1483/1483 1402/1402/1402 1404/1404/1404
f 1631/1631/1631 1683/1683/1683 1635/1635/1635
f 1683/1683/1683 1684/1684/1684 1682/1682/1682
f 1685/1685/1685 1686/1686/1686 1687/1687/1687
f 1579/1579/1579 1685/1685/1685 1627/1627/1627
f 1686/1686/1686 1688/1688/1688 1687/1687/1687
f 1688/1688/1688 1689/1689/1689 1690/1690/1690
f 1495/1495/1495 1493/1493/1493 1691/1691/1691
f 1691/1691/1691 1383/1383/1383 1565/1565/1565
f 1692/1692/1692 1495/1495/1495 1362/1362/1362
f 1369/1369/1369 1692/1692/1692 1368/1368/1368
f 1692/1692/1692 1362/1362/1362 1368/1368/1368
f 1495/1495/1495 1693/1693/1693 1362/1362/1362
f 1693/1693/1693 1565/1565/1565 1615/1615/1615
f 1694/1694/1694 1288/1288/1288 1383/1383/1383
f 1280/1280/1280 1288/1288/1288 1694/1694/1694
f 1280/1280/1280 1694/1694/1694 1493/1493/1493
f 1695/1695/1695 1615/1615/1615 1395/1395/1395
f 1362/1362/1362 1695/1695/1695 1253/1253/1253
f 1695/1695/1695 1395/1395/1395 1253/1253/1253
f 1696/1696/1696 1697/1697/1697 1698/1698/1698
f 1699/1699/1699 1700/1700/1700 1697/1697/1697
f 1701/1701/1701 1702/1702/1702 1696/1696/1696
f 1702/1702/1702 1703/1703/1703 1699/1699/1699
f 1704/1704/1704 1705/1705/1705 1706/1706/1706
f 1707/1707/1707 1705/1705/1705 1708/1708/1708
f 1698/1698/1698 1709/1709/1709 1704/1704/1704
f 1709/1709/1709 1700/1700/1700 1708/1708/1708
f 1664/1664/1664 1710/1710/1710 1667/1667/1667
f 1646/1646/1646 1304/1304/1304 1641/1641/1641
f 1312/1312/1312 1646/1646/1646 1634/1634/1634
f 1643/1643/1643 1641/1641/1641 1607/1607/1607
f 1634/1634/1634 1643/1643/1643 1630/1630/1630
f 1641/1641/1641 1608/1608/1608 1607/1607/1607
f 1608/1608/1608 1422/1422/1422 1427/1427/1427
f 1304/1304/1304 1639/1639/1639 1641/1641/1641
f 1636/1636/1636 1312/1312/1312 1634/1634/1634
f 1637/1637/1637 1636/1636/1636 1635/1635/1635
f 1635/1635/1635 1632/1632/1632 1631/1631/1631
f 1634/1634/1634 1630/1630/1630 1632/1632/1632
f 1628/1628/1628 1630/1630/1630 1604/1604/1604
f 1631/1631/1631 1628/1628/1628 1627/1627/1627
f 1630/1630/1630 1605/1605/1605 1604/1604/1604
f 1605/1605/1605 1607/1607/1607 1475/1475/1475
f 1515/1515/1515 1420/1420/1420 1422/1422/1422
f 1420/1420/1420 1514/1514/1514 1421/1421/1421
f 1334/1334/1334 1711/1711/1711 1485/1485/1485
f 1333/1333/1333 1711/1711/1711 1334/1334/1334
f 1498/1498/1498 1712/1712/1712 1443/1443/1443
f 1712/1712/1712 1449/1449/1449 1443/1443/1443
f 1625/1625/1625 1712/1712/1712 1498/1498/1498
f 1622/1622/1622 1710/1710/1710 1713/1713/1713
f 1713/1713/1713 1542/1542/1542 1339/1339/1339
f 1620/1620/1620 1710/1710/1710 1622/1622/1622
f 1667/1667/1667 1710/1710/1710 1620/1620/1620
f 1667/1667/1667 1620/1620/1620 1619/1619/1619
f 1542/1542/1542 1272/1272/1272 1339/1339/1339
f 1272/1272/1272 1270/1270/1270 1339/1339/1339
f 1540/1540/1540 1618/1618/1618 1542/1542/1542
f 1542/1542/1542 1618/1618/1618 1272/1272/1272
f 1618/1618/1618 1271/1271/1271 1272/1272/1272
f 1616/1616/1616 1345/1345/1345 1271/1271/1271
f 1545/1545/1545 1345/1345/1345 1616/1616/1616
f 1565/1565/1565 1564/1564/1564 1714/1714/1714
f 1565/1565/1565 1714/1714/1714 1615/1615/1615
f 1615/1615/1615 1714/1714/1714 1614/1614/1614
f 1592/1592/1592 1589/1589/1589 1715/1715/1715
f 1592/1592/1592 1715/1715/1715 1716/1716/1716
f 1717/1717/1717 1716/1716/1716 1718/1718/1718
f 1717/1717/1717 1718/1718/1718 1520/1520/1520
f 1427/1427/1427 1422/1422/1422 1424/1424/1424
f 1424/1424/1424 1421/1421/1421 1426/1426/1426
f 1430/1430/1430 1427/1427/1427 1431/1431/1431
f 1475/1475/1475 1607/1607/1607 1430/1430/1430
f 1427/1427/1427 1428/1428/1428 1431/1431/1431
f 1428/1428/1428 1426/1426/1426 1568/1568/1568
f 1572/1572/1572 1431/1431/1431 1569/1569/1569
f 1569/1569/1569 1568/1568/1568 1571/1571/1571
f 1566/1566/1566 1431/1431/1431 1572/1572/1572
f 1575/1575/1575 1475/1475/1475 1566/1566/1566
f 1576/1576/1576 1604/1604/1604 1574/1574/1574
f 1574/1574/1574 1475/1475/1475 1575/1575/1575
f 1578/1578/1578 1604/1604/1604 1576/1576/1576
f 1627/1627/1627 1578/1578/1578 1579/1579/1579
f 1719/1719/1719 1720/1720/1720 1446/1446/1446
f 1460/1460/1460 1720/1720/1720 1719/1719/1719
f 1460/1460/1460 1719/1719/1719 1463/1463/1463
f 1719/1719/1719 1446/1446/1446 1463/1463/1463
f 1720/1720/1720 1327/1327/1327 1721/1721/1721
f 1720/1720/1720 1721/1721/1721 1446/1446/1446
f 1447/1447/1447 1446/1446/1446 1721/1721/1721
f 1447/1447/1447 1721/1721/1721 1327/1327/1327
f 1583/1583/1583 1582/1582/1582 1720/1720/1720
f 1582/1582/1582 1327/1327/1327 1720/1720/1720
f 1327/1327/1327 1582/1582/1582 1330/1330/1330
f 1722/1722/1722 1720/1720/1720 1460/1460/1460
f 1583/1583/1583 1720/1720/1720 1722/1722/1722
f 1459/1459/1459 1583/1583/1583 1722/1722/1722
f 1459/1459/1459 1722/1722/1722 1460/1460/1460
f 1589/1589/1589 1588/1588/1588 1459/1459/1459
f 1588/1588/1588 1583/1583/1583 1459/1459/1459
f 1583/1583/1583 1588/1588/1588 1591/1591/1591
f 1723/1723/1723 1329/1329/1329 1724/1724/1724
f 1303/1303/1303 1723/1723/1723 1724/1724/1724
f 1725/1725/1725 1657/1657/1657 1661/1661/1661
f 1669/1669/1669 1725/1725/1725 1661/1661/1661
f 1726/1726/1726 1328/1328/1328 1325/1325/1325
f 1329/1329/1329 1726/1726/1726 1325/1325/1325
f 1727/1727/1727 1669/1669/1669 1667/1667/1667
f 1619/1619/1619 1727/1727/1727 1667/1667/1667
f 1376/1376/1376 1728/1728/1728 1729/1729/1729
f 1729/1729/1729 1728/1728/1728 1321/1321/1321
f 1729/1729/1729 1321/1321/1321 1374/1374/1374
f 1376/1376/1376 1729/1729/1729 1374/1374/1374
f 1730/1730/1730 1731/1731/1731 1321/1321/1321
f 1730/1730/1730 1377/1377/1377 1731/1731/1731
f 1374/1374/1374 1731/1731/1731 1377/1377/1377
f 1374/1374/1374 1321/1321/1321 1731/1731/1731
f 1516/1516/1516 1238/1238/1238 1239/1239/1239
f 1516/1516/1516 1236/1236/1236 1238/1238/1238
f 1639/1639/1639 1515/1515/1515 1422/1422/1422
f 1319/1319/1319 1732/1732/1732 1322/1322/1322
f 1732/1732/1732 1314/1314/1314 1322/1322/1322
f 1315/1315/1315 1314/1314/1314 1732/1732/1732
f 1315/1315/1315 1732/1732/1732 1319/1319/1319
f 1317/1317/1317 1316/1316/1316 1733/1733/1733
f 1317/1317/1317 1733/1733/1733 1313/1313/1313
f 1313/1313/1313 1733/1733/1733 1320/1320/1320
f 1733/1733/1733 1316/1316/1316 1320/1320/1320
f 1412/1412/1412 1411/1411/1411 1393/1393/1393
f 1348/1348/1348 1412/1412/1412 1393/1393/1393
f 1348/1348/1348 1410/1410/1410 1412/1412/1412
f 1410/1410/1410 1528/1528/1528 1411/1411/1411
f 1734/1734/1734 1372/1372/1372 1735/1735/1735
f 1611/1611/1611 1734/1734/1734 1735/1735/1735
f 1602/1602/1602 1734/1734/1734 1611/1611/1611
f 1602/1602/1602 1372/1372/1372 1734/1734/1734
f 1610/1610/1610 1735/1735/1735 1736/1736/1736
f 1611/1611/1611 1735/1735/1735 1610/1610/1610
f 1610/1610/1610 1737/1737/1737 1738/1738/1738
f 1738/1738/1738 1737/1737/1737 1586/1586/1586
f 1509/1509/1509 1738/1738/1738 1586/1586/1586
f 1509/1509/1509 1610/1610/1610 1738/1738/1738
f 1287/1287/1287 1279/1279/1279 1739/1739/1739
f 1739/1739/1739 1279/1279/1279 1511/1511/1511
f 1511/1511/1511 1594/1594/1594 1739/1739/1739
f 1739/1739/1739 1594/1594/1594 1287/1287/1287
f 1528/1528/1528 1497/1497/1497 1411/1411/1411
f 1287/1287/1287 1594/1594/1594 1740/1740/1740
f 1610/1610/1610 1736/1736/1736 1737/1737/1737
f 1510/1510/1510 1358/1358/1358 1741/1741/1741
f 1510/1510/1510 1741/1741/1741 1511/1511/1511
f 1511/1511/1511 1741/1741/1741 1609/1609/1609
f 1609/1609/1609 1742/1742/1742 1508/1508/1508
f 1742/1742/1742 1358/1358/1358 1508/1508/1508
f 1741/1741/1741 1358/1358/1358 1742/1742/1742
f 1741/1741/1741 1742/1742/1742 1609/1609/1609
f 1743/1743/1743 1352/1352/1352 1354/1354/1354
f 1279/1279/1279 1352/1352/1352 1743/1743/1743
f 1279/1279/1279 1743/1743/1743 1510/1510/1510
f 1743/1743/1743 1354/1354/1354 1510/1510/1510
f 1353/1353/1353 1513/1513/1513 1744/1744/1744
f 1249/1249/1249 1241/1241/1241 1745/1745/1745
f 1249/1249/1249 1745/1745/1745 1432/1432/1432
f 1432/1432/1432 1745/1745/1745 1525/1525/1525
f 1745/1745/1745 1241/1241/1241 1525/1525/1525
f 1249/1249/1249 1746/1746/1746 1241/1241/1241
f 1746/1746/1746 1252/1252/1252 1241/1241/1241
f 1247/1247/1247 1252/1252/1252 1746/1746/1746
f 1247/1247/1247 1746/1746/1746 1249/1249/1249
f 1252/1252/1252 1386/1386/1386 1241/1241/1241
f 1241/1241/1241 1386/1386/1386 1240/1240/1240
f 1251/1251/1251 1384/1384/1384 1747/1747/1747
f 1251/1251/1251 1747/1747/1747 1252/1252/1252
f 1252/1252/1252 1747/1747/1747 1386/1386/1386
f 1747/1747/1747 1384/1384/1384 1386/1386/1386
f 1546/1546/1546 1548/1548/1548 1651/1651/1651
f 1651/1651/1651 1548/1548/1548 1544/1544/1544
f 1547/1547/1547 1556/1556/1556 1748/1748/1748
f 1748/1748/1748 1556/1556/1556 1545/1545/1545
f 1548/1548/1548 1748/1748/1748 1545/1545/1545
f 1245/1245/1245 1749/1749/1749 1388/1388/1388
f 1548/1548/1548 1547/1547/1547 1748/1748/1748
f 1749/1749/1749 1389/1389/1389 1388/1388/1388
f 1544/1544/1544 1543/1543/1543 1655/1655/1655
f 1602/1602/1602 1370/1370/1370 1372/1372/1372
f 1655/1655/1655 1543/1543/1543 1539/1539/1539
f 1545/1545/1545 1616/1616/1616 1750/1750/1750
f 1750/1750/1750 1616/1616/1616 1540/1540/1540
f 1751/1751/1751 1752/1752/1752 1437/1437/1437
f 1366/1366/1366 1752/1752/1752 1751/1751/1751
f 1367/1367/1367 1366/1366/1366 1751/1751/1751
f 1367/1367/1367 1751/1751/1751 1437/1437/1437
f 1543/1543/1543 1750/1750/1750 1540/1540/1540
f 1543/1543/1543 1545/1545/1545 1750/1750/1750
f 1539/1539/1539 1541/1541/1541 1753/1753/1753
f 1753/1753/1753 1541/1541/1541 1710/1710/1710
f 1753/1753/1753 1710/1710/1710 1664/1664/1664
f 1534/1534/1534 1538/1538/1538 1754/1754/1754
f 1507/1507/1507 1599/1599/1599 1602/1602/1602
f 1754/1754/1754 1538/1538/1538 1231/1231/1231
f 1755/1755/1755 1537/1537/1537 1538/1538/1538
f 1533/1533/1533 1755/1755/1755 1538/1538/1538
f 1533/1533/1533 1536/1536/1536 1755/1755/1755
f 1755/1755/1755 1536/1536/1536 1537/1537/1537
f 1532/1532/1532 1531/1531/1531 1756/1756/1756
f 1756/1756/1756 1531/1531/1531 1534/1534/1534
f 1527/1527/1527 1757/1757/1757 1758/1758/1758
f 1758/1758/1758 1757/1757/1757 1533/1533/1533
f 1758/1758/1758 1533/1533/1533 1531/1531/1531
f 1527/1527/1527 1758/1758/1758 1531/1531/1531
f 1757/1757/1757 1527/1527/1527 1711/1711/1711
f 1759/1759/1759 1234/1234/1234 1440/1440/1440
f 1759/1759/1759 1525/1525/1525 1234/1234/1234
f 1433/1433/1433 1525/1525/1525 1759/1759/1759
f 1433/1433/1433 1760/1760/1760 1436/1436/1436
f 1333/1333/1333 1757/1757/1757 1711/1711/1711
f 1760/1760/1760 1440/1440/1440 1436/1436/1436
f 1760/1760/1760 1759/1759/1759 1440/1440/1440
f 1757/1757/1757 1333/1333/1333 1533/1533/1533
f 1433/1433/1433 1759/1759/1759 1760/1760/1760
f 1402/1402/1402 1535/1535/1535 1761/1761/1761
f 1260/1260/1260 1762/1762/1762 1259/1259/1259
f 1762/1762/1762 1474/1474/1474 1259/1259/1259
f 1761/1761/1761 1535/1535/1535 1532/1532/1532
f 1549/1549/1549 1474/1474/1474 1762/1762/1762
f 1376/1376/1376 1402/1402/1402 1761/1761/1761
f 1549/1549/1549 1762/1762/1762 1260/1260/1260
f 1763/1763/1763 1566/1566/1566 1572/1572/1572
f 1575/1575/1575 1566/1566/1566 1763/1763/1763
f 1288/1288/1288 1277/1277/1277 1764/1764/1764
f 1764/1764/1764 1277/1277/1277 1287/1287/1287
f 1287/1287/1287 1740/1740/1740 1764/1764/1764
f 1764/1764/1764 1740/1740/1740 1288/1288/1288
f 1765/1765/1765 1713/1713/1713 1339/1339/1339
f 1622/1622/1622 1713/1713/1713 1765/1765/1765
f 1735/1735/1735 1766/1766/1766 1736/1736/1736
f 1735/1735/1735 1372/1372/1372 1766/1766/1766
f 1300/1300/1300 1377/1377/1377 1730/1730/1730
f 1300/1300/1300 1730/1730/1730 1316/1316/1316
f 1316/1316/1316 1730/1730/1730 1321/1321/1321
f 1767/1767/1767 1326/1326/1326 1514/1514/1514
f 1515/1515/1515 1326/1326/1326 1767/1767/1767
f 1515/1515/1515 1767/1767/1767 1420/1420/1420
f 1767/1767/1767 1514/1514/1514 1420/1420/1420
f 1303/1303/1303 1724/1724/1724 1526/1526/1526
f 1724/1724/1724 1324/1324/1324 1526/1526/1526
f 1724/1724/1724 1329/1329/1329 1324/1324/1324
f 1768/1768/1768 1526/1526/1526 1515/1515/1515
f 1304/1304/1304 1526/1526/1526 1768/1768/1768
f 1304/1304/1304 1768/1768/1768 1639/1639/1639
f 1768/1768/1768 1515/1515/1515 1639/1639/1639
f 1769/1769/1769 1502/1502/1502 1469/1469/1469
f 1770/1770/1770 1469/1469/1469 1562/1562/1562
f 1665/1665/1665 1650/1650/1650 1771/1771/1771
f 1451/1451/1451 1771/1771/1771 1564/1564/1564
f 1744/1744/1744 1513/1513/1513 1492/1492/1492
f 1744/1744/1744 1492/1492/1492 1369/1369/1369
f 1353/1353/1353 1744/1744/1744 1369/1369/1369
f 1451/1451/1451 1665/1665/1665 1771/1771/1771
f 1772/1772/1772 1542/1542/1542 1713/1713/1713
f 1256/1256/1256 1397/1397/1397 1672/1672/1672
f 1710/1710/1710 1772/1772/1772 1713/1713/1713
f 1710/1710/1710 1541/1541/1541 1772/1772/1772
f 1772/1772/1772 1541/1541/1541 1542/1542/1542
f 1397/1397/1397 1395/1395/1395 1672/1672/1672
f 1556/1556/1556 1773/1773/1773 1345/1345/1345
f 1556/1556/1556 1356/1356/1356 1773/1773/1773
f 1773/1773/1773 1356/1356/1356 1346/1346/1346
f 1397/1397/1397 1256/1256/1256 1254/1254/1254
f 1256/1256/1256 1672/1672/1672 1774/1774/1774
f 1345/1345/1345 1773/1773/1773 1346/1346/1346
f 1256/1256/1256 1774/1774/1774 1550/1550/1550
f 1550/1550/1550 1774/1774/1774 1674/1674/1674
f 1774/1774/1774 1672/1672/1672 1674/1674/1674
f 1555/1555/1555 1550/1550/1550 1775/1775/1775
f 1776/1776/1776 1777/1777/1777 1232/1232/1232
f 1555/1555/1555 1775/1775/1775 1551/1551/1551
f 1551/1551/1551 1775/1775/1775 1554/1554/1554
f 1775/1775/1775 1550/1550/1550 1554/1554/1554
f 1776/1776/1776 1232/1232/1232 1435/1435/1435
f 1449/1449/1449 1776/1776/1776 1435/1435/1435
f 1778/1778/1778 1779/1779/1779 1487/1487/1487
f 1581/1581/1581 1779/1779/1779 1778/1778/1778
f 1711/1711/1711 1780/1780/1780 1485/1485/1485
f 1711/1711/1711 1527/1527/1527 1780/1780/1780
f 1780/1780/1780 1527/1527/1527 1486/1486/1486
f 1513/1513/1513 1353/1353/1353 1352/1352/1352
f 1513/1513/1513 1284/1284/1284 1492/1492/1492
f 1485/1485/1485 1780/1780/1780 1486/1486/1486
f 1483/1483/1483 1484/1484/1484 1781/1781/1781
f 1781/1781/1781 1484/1484/1484 1487/1487/1487
f 1486/1486/1486 1781/1781/1781 1487/1487/1487
f 1486/1486/1486 1483/1483/1483 1781/1781/1781
f 1782/1782/1782 1338/1338/1338 1536/1536/1536
f 1333/1333/1333 1782/1782/1782 1536/1536/1536
f 1782/1782/1782 1333/1333/1333 1332/1332/1332
f 1338/1338/1338 1782/1782/1782 1332/1332/1332
f 1449/1449/1449 1783/1783/1783 1776/1776/1776
f 1783/1783/1783 1777/1777/1777 1776/1776/1776
f 1777/1777/1777 1783/1783/1783 1784/1784/1784
f 1783/1783/1783 1449/1449/1449 1784/1784/1784
f 1503/1503/1503 1464/1464/1464 1505/1505/1505
f 1502/1502/1502 1464/1464/1464 1503/1503/1503
f 1771/1771/1771 1650/1650/1650 1785/1785/1785
f 1284/1284/1284 1280/1280/1280 1493/1493/1493
f 1786/1786/1786 1434/1434/1434 1384/1384/1384
f 1435/1435/1435 1434/1434/1434 1786/1786/1786
f 1787/1787/1787 1505/1505/1505 1530/1530/1530
f 1461/1461/1461 1460/1460/1460 1788/1788/1788
f 1528/1528/1528 1787/1787/1787 1530/1530/1530
f 1771/1771/1771 1785/1785/1785 1564/1564/1564
f 1648/1648/1648 1564/1564/1564 1785/1785/1785
f 1648/1648/1648 1785/1785/1785 1650/1650/1650
f 1788/1788/1788 1465/1465/1465 1789/1789/1789
f 1554/1554/1554 1790/1790/1790 1791/1791/1791
f 1554/1554/1554 1791/1791/1791 1553/1553/1553
f 1470/1470/1470 1453/1453/1453 1263/1263/1263
f 1410/1410/1410 1787/1787/1787 1528/1528/1528
f 1469/1469/1469 1470/1470/1470 1297/1297/1297
f 1792/1792/1792 1598/1598/1598 1595/1595/1595
f 1470/1470/1470 1263/1263/1263 1297/1297/1297
f 1292/1292/1292 1311/1311/1311 1520/1520/1520
f 1793/1793/1793 1690/1690/1690 1794/1794/1794
f 1687/1687/1687 1793/1793/1793 1684/1684/1684
f 1793/1793/1793 1794/1794/1794 1684/1684/1684
f 1690/1690/1690 1708/1708/1708 1795/1795/1795
f 1690/1690/1690 1795/1795/1795 1794/1794/1794
f 1700/1700/1700 1794/1794/1794 1795/1795/1795
f 1700/1700/1700 1795/1795/1795 1708/1708/1708
f 1689/1689/1689 1796/1796/1796 1690/1690/1690
f 1796/1796/1796 1708/1708/1708 1690/1690/1690
f 1796/1796/1796 1707/1707/1707 1708/1708/1708
f 1689/1689/1689 1707/1707/1707 1796/1796/1796
f 1627/1627/1627 1797/1797/1797 1631/1631/1631
f 1687/1687/1687 1684/1684/1684 1797/1797/1797
f 1684/1684/1684 1794/1794/1794 1798/1798/1798
f 1684/1684/1684 1798/1798/1798 1682/1682/1682
f 1799/1799/1799 1682/1682/1682 1798/1798/1798
f 1799/1799/1799 1798/1798/1798 1794/1794/1794
f 1699/1699/1699 1800/1800/1800 1700/1700/1700
f 1800/1800/1800 1794/1794/1794 1700/1700/1700
f 1800/1800/1800 1799/1799/1799 1794/1794/1794
f 1699/1699/1699 1799/1799/1799 1800/1800/1800
f 1801/1801/1801 1681/1681/1681 1682/1682/1682
f 1802/1802/1802 1681/1681/1681 1801/1801/1801
f 1802/1802/1802 1801/1801/1801 1799/1799/1799
f 1801/1801/1801 1682/1682/1682 1799/1799/1799
f 1699/1699/1699 1803/1803/1803 1799/1799/1799
f 1803/1803/1803 1802/1802/1802 1799/1799/1799
f 1703/1703/1703 1802/1802/1802 1803/1803/1803
f 1703/1703/1703 1803/1803/1803 1699/1699/1699
f 1804/1804/1804 1805/1805/1805 1806/1806/1806
f 1804/1804/1804 1806/1806/1806 1314/1314/1314
f 1806/1806/1806 1322/1322/1322 1314/1314/1314
f 1805/1805/1805 1322/1322/1322 1806/1806/1806
f 1532/1532/1532 1807/1807/1807 1804/1804/1804
f 1807/1807/1807 1805/1805/1805 1804/1804/1804
f 1808/1808/1808 1805/1805/1805 1807/1807/1807
f 1809/1809/1809 1804/1804/1804 1376/1376/1376
f 1532/1532/1532 1804/1804/1804 1809/1809/1809
f 1809/1809/1809 1761/1761/1761 1532/1532/1532
f 1376/1376/1376 1761/1761/1761 1809/1809/1809
f 1804/1804/1804 1314/1314/1314 1728/1728/1728
f 1804/1804/1804 1728/1728/1728 1376/1376/1376
f 1728/1728/1728 1314/1314/1314 1321/1321/1321
f 1805/1805/1805 1624/1624/1624 1322/1322/1322
f 1624/1624/1624 1327/1327/1327 1322/1322/1322
f 1625/1625/1625 1624/1624/1624 1805/1805/1805
f 1810/1810/1810 1625/1625/1625 1805/1805/1805
f 1449/1449/1449 1810/1810/1810 1808/1808/1808
f 1810/1810/1810 1805/1805/1805 1808/1808/1808
f 1784/1784/1784 1449/1449/1449 1808/1808/1808
f 1658/1658/1658 1811/1811/1811 1812/1812/1812
f 1657/1657/1657 1811/1811/1811 1658/1658/1658
f 1658/1658/1658 1812/1812/1812 1660/1660/1660
f 1811/1811/1811 1395/1395/1395 1612/1612/1612
f 1811/1811/1811 1612/1612/1612 1812/1812/1812
f 1812/1812/1812 1612/1612/1612 1614/1614/1614
f 1660/1660/1660 1812/1812/1812 1652/1652/1652
f 1660/1660/1660 1652/1652/1652 1539/1539/1539
f 1652/1652/1652 1812/1812/1812 1654/1654/1654
f 1654/1654/1654 1564/1564/1564 1648/1648/1648
f 1663/1663/1663 1660/1660/1660 1539/1539/1539
f 1663/1663/1663 1753/1753/1753 1664/1664/1664
f 1539/1539/1539 1753/1753/1753 1663/1663/1663
f 1654/1654/1654 1812/1812/1812 1813/1813/1813
f 1654/1654/1654 1813/1813/1813 1564/1564/1564
f 1812/1812/1812 1614/1614/1614 1813/1813/1813
f 1676/1676/1676 1443/1443/1443 1814/1814/1814
f 1676/1676/1676 1814/1814/1814 1500/1500/1500
f 1814/1814/1814 1678/1678/1678 1500/1500/1500
f 1443/1443/1443 1678/1678/1678 1814/1814/1814
f 1678/1678/1678 1439/1439/1439 1815/1815/1815
f 1678/1678/1678 1815/1815/1815 1394/1394/1394
f 1815/1815/1815 1679/1679/1679 1394/1394/1394
f 1439/1439/1439 1679/1679/1679 1815/1815/1815
f 1635/1635/1635 1816/1816/1816 1680/1680/1680
f 1816/1816/1816 1682/1682/1682 1680/1680/1680
f 1683/1683/1683 1682/1682/1682 1816/1816/1816
f 1683/1683/1683 1816/1816/1816 1635/1635/1635
f 1631/1631/1631 1817/1817/1817 1683/1683/1683
f 1817/1817/1817 1684/1684/1684 1683/1683/1683
f 1797/1797/1797 1684/1684/1684 1817/1817/1817
f 1797/1797/1797 1817/1817/1817 1631/1631/1631
f 1579/1579/1579 1818/1818/1818 1685/1685/1685
f 1818/1818/1818 1686/1686/1686 1685/1685/1685
f 1685/1685/1685 1687/1687/1687 1819/1819/1819
f 1685/1685/1685 1819/1819/1819 1627/1627/1627
f 1627/1627/1627 1819/1819/1819 1797/1797/1797
f 1819/1819/1819 1687/1687/1687 1797/1797/1797
f 1686/1686/1686 1820/1820/1820 1688/1688/1688
f 1820/1820/1820 1689/1689/1689 1688/1688/1688
f 1821/1821/1821 1688/1688/1688 1690/1690/1690
f 1687/1687/1687 1688/1688/1688 1821/1821/1821
f 1687/1687/1687 1821/1821/1821 1793/1793/1793
f 1821/1821/1821 1690/1690/1690 1793/1793/1793
f 1410/1410/1410 1505/1505/1505 1787/1787/1787
f 1439/1439/1439 1435/1435/1435 1786/1786/1786
f 1309/1309/1309 1311/1311/1311 1292/1292/1292
f 1439/1439/1439 1786/1786/1786 1384/1384/1384
f 1398/1398/1398 1546/1546/1546 1665/1665/1665
f 1707/1707/1707 1822/1822/1822 1705/1705/1705
f 1398/1398/1398 1665/1665/1665 1451/1451/1451
f 1822/1822/1822 1706/1706/1706 1705/1705/1705
f 1823/1823/1823 1824/1824/1824 1825/1825/1825
f 1382/1382/1382 1398/1398/1398 1451/1451/1451
f 1517/1517/1517 1522/1522/1522 1824/1824/1824
f 1826/1826/1826 1691/1691/1691 1565/1565/1565
f 1299/1299/1299 1385/1385/1385 1823/1823/1823
f 1495/1495/1495 1691/1691/1691 1826/1826/1826
f 1495/1495/1495 1826/1826/1826 1693/1693/1693
f 1824/1824/1824 1827/1827/1827 1825/1825/1825
f 1824/1824/1824 1522/1522/1522 1827/1827/1827
f 1385/1385/1385 1828/1828/1828 1823/1823/1823
f 1385/1385/1385 1517/1517/1517 1828/1828/1828
f 1828/1828/1828 1517/1517/1517 1824/1824/1824
f 1823/1823/1823 1828/1828/1828 1824/1824/1824
f 1310/1310/1310 1716/1716/1716 1717/1717/1717
f 1311/1311/1311 1717/1717/1717 1520/1520/1520
f 1311/1311/1311 1310/1310/1310 1717/1717/1717
f 1461/1461/1461 1788/1788/1788 1829/1829/1829
f 1829/1829/1829 1788/1788/1788 1789/1789/1789
f 1589/1589/1589 1459/1459/1459 1830/1830/1830
f 1830/1830/1830 1459/1459/1459 1461/1461/1461
f 1831/1831/1831 1465/1465/1465 1788/1788/1788
f 1460/1460/1460 1831/1831/1831 1788/1788/1788
f 1460/1460/1460 1463/1463/1463 1831/1831/1831
f 1831/1831/1831 1463/1463/1463 1465/1465/1465
f 1826/1826/1826 1565/1565/1565 1693/1693/1693
f 1493/1493/1493 1832/1832/1832 1691/1691/1691
f 1832/1832/1832 1383/1383/1383 1691/1691/1691
f 1832/1832/1832 1694/1694/1694 1383/1383/1383
f 1493/1493/1493 1694/1694/1694 1832/1832/1832
f 1833/1833/1833 1693/1693/1693 1615/1615/1615
f 1362/1362/1362 1693/1693/1693 1833/1833/1833
f 1362/1362/1362 1833/1833/1833 1695/1695/1695
f 1833/1833/1833 1615/1615/1615 1695/1695/1695
f 1681/1681/1681 1834/1834/1834 1680/1680/1680
f 1834/1834/1834 1637/1637/1637 1680/1680/1680
f 1672/1672/1672 1395/1395/1395 1835/1835/1835
f 1672/1672/1672 1835/1835/1835 1673/1673/1673
f 1696/1696/1696 1836/1836/1836 1697/1697/1697
f 1836/1836/1836 1699/1699/1699 1697/1697/1697
f 1702/1702/1702 1699/1699/1699 1836/1836/1836
f 1702/1702/1702 1836/1836/1836 1696/1696/1696
f 1697/1697/1697 1700/1700/1700 1837/1837/1837
f 1697/1697/1697 1837/1837/1837 1698/1698/1698
f 1698/1698/1698 1837/1837/1837 1709/1709/1709
f 1837/1837/1837 1700/1700/1700 1709/1709/1709
f 1701/1701/1701 1838/1838/1838 1702/1702/1702
f 1838/1838/1838 1703/1703/1703 1702/1702/1702
f 1550/1550/1550 1675/1675/1675 1839/1839/1839
f 1550/1550/1550 1839/1839/1839 1554/1554/1554
f 1704/1704/1704 1840/1840/1840 1705/1705/1705
f 1383/1383/1383 1563/1563/1563 1565/1565/1565
f 1840/1840/1840 1708/1708/1708 1705/1705/1705
f 1385/1385/1385 1266/1266/1266 1517/1517/1517
f 1709/1709/1709 1708/1708/1708 1840/1840/1840
f 1709/1709/1709 1840/1840/1840 1704/1704/1704
f 1756/1756/1756 1808/1808/1808 1841/1841/1841
f 1756/1756/1756 1841/1841/1841 1532/1532/1532
f 1813/1813/1813 1842/1842/1842 1564/1564/1564
f 1813/1813/1813 1614/1614/1614 1842/1842/1842
f 1714/1714/1714 1842/1842/1842 1614/1614/1614
f 1714/1714/1714 1564/1564/1564 1842/1842/1842
f 1843/1843/1843 1625/1625/1625 1810/1810/1810
f 1449/1449/1449 1843/1843/1843 1810/1810/1810
f 1843/1843/1843 1449/1449/1449 1712/1712/1712
f 1841/1841/1841 1807/1807/1807 1532/1532/1532
f 1808/1808/1808 1807/1807/1807 1841/1841/1841
f 1534/1534/1534 1844/1844/1844 1756/1756/1756
f 1844/1844/1844 1808/1808/1808 1756/1756/1756
f 1844/1844/1844 1784/1784/1784 1808/1808/1808
f 1534/1534/1534 1784/1784/1784 1844/1844/1844
f 1754/1754/1754 1777/1777/1777 1845/1845/1845
f 1754/1754/1754 1845/1845/1845 1534/1534/1534
f 1845/1845/1845 1784/1784/1784 1534/1534/1534
f 1357/1357/1357 1846/1846/1846 1346/1346/1346
f 1357/1357/1357 1399/1399/1399 1846/1846/1846
f 1846/1846/1846 1399/1399/1399 1271/1271/1271
f 1346/1346/1346 1846/1846/1846 1271/1271/1271
f 1847/1847/1847 1408/1408/1408 1337/1337/1337
f 1332/1332/1332 1847/1847/1847 1337/1337/1337
f 1334/1334/1334 1847/1847/1847 1332/1332/1332
f 1334/1334/1334 1408/1408/1408 1847/1847/1847
f 1848/1848/1848 1849/1849/1849 1472/1472/1472
f 1296/1296/1296 1848/1848/1848 1472/1472/1472
f 1296/1296/1296 1295/1295/1295 1848/1848/1848
f 1848/1848/1848 1295/1295/1295 1849/1849/1849
f 1295/1295/1295 1850/1850/1850 1849/1849/1849
f 1295/1295/1295 1478/1478/1478 1850/1850/1850
f 1850/1850/1850 1478/1478/1478 1282/1282/1282
f 1849/1849/1849 1850/1850/1850 1282/1282/1282
f 1671/1671/1671 1462/1462/1462 1851/1851/1851
f 1851/1851/1851 1462/1462/1462 1457/1457/1457
f 1472/1472/1472 1852/1852/1852 1671/1671/1671
f 1472/1472/1472 1849/1849/1849 1852/1852/1852
f 1852/1852/1852 1849/1849/1849 1462/1462/1462
f 1671/1671/1671 1852/1852/1852 1462/1462/1462
f 1849/1849/1849 1282/1282/1282 1853/1853/1853
f 1853/1853/1853 1282/1282/1282 1281/1281/1281
f 1462/1462/1462 1853/1853/1853 1281/1281/1281
f 1462/1462/1462 1849/1849/1849 1853/1853/1853
f 1854/1854/1854 1495/1495/1495 1692/1692/1692
f 1369/1369/1369 1854/1854/1854 1692/1692/1692
f 1369/1369/1369 1494/1494/1494 1854/1854/1854
f 1854/1854/1854 1494/1494/1494 1495/1495/1495
f 1677/1677/1677 1855/1855/1855 1393/1393/1393
f 1677/1677/1677 1500/1500/1500 1855/1855/1855
f 1500/1500/1500 1499/1499/1499 1855/1855/1855
f 1855/1855/1855 1499/1499/1499 1393/1393/1393
f 1498/1498/1498 1676/1676/1676 1856/1856/1856
f 1856/1856/1856 1676/1676/1676 1497/1497/1497
f 1496/1496/1496 1856/1856/1856 1497/1497/1497
f 1496/1496/1496 1498/1498/1498 1856/1856/1856
f 1310/1310/1310 1592/1592/1592 1716/1716/1716
f 1591/1591/1591 1592/1592/1592 1310/1310/1310
f 1583/1583/1583 1591/1591/1591 1585/1585/1585
f 1330/1330/1330 1585/1585/1585 1415/1415/1415
f 1307/1307/1307 1591/1591/1591 1310/1310/1310
f 1415/1415/1415 1307/1307/1307 1309/1309/1309
f 1313/1313/1313 1290/1290/1290 1265/1265/1265
f 1309/1309/1309 1292/1292/1292 1290/1290/1290
f 1415/1415/1415 1309/1309/1309 1318/1318/1318
f 1319/1319/1319 1415/1415/1415 1318/1318/1318
f 1779/1779/1779 1361/1361/1361 1485/1485/1485
f 1487/1487/1487 1779/1779/1779 1485/1485/1485
f 1581/1581/1581 1361/1361/1361 1779/1779/1779
f 1359/1359/1359 1361/1361/1361 1581/1581/1581
f 1423/1423/1423 1363/1363/1363 1359/1359/1359
f 1625/1625/1625 1843/1843/1843 1712/1712/1712
f 1777/1777/1777 1784/1784/1784 1845/1845/1845
f 1231/1231/1231 1230/1230/1230 1754/1754/1754
f 1230/1230/1230 1777/1777/1777 1754/1754/1754
f 1777/1777/1777 1230/1230/1230 1232/1232/1232
g Canal10i7
s 1
f 1857/1857/1857 1858/1858/1858 1859/1859/1859
f 1860/1860/1860 1861/1861/1861 1862/1862/1862
f 1863/1863/1863 1864/1864/1864 1865/1865/1865
f 1865/1865/1865 1864/1864/1864 1866/1866/1866
f 1867/1867/1867 1868/1868/1868 1869/1869/1869
f 1870/1870/1870 1871/1871/1871 1872/1872/1872
f 1873/1873/1873 1869/1869/1869 1868/1868/1868
f 1874/1874/1874 1875/1875/1875 1876/1876/1876
f 1877/1877/1877 1878/1878/1878 1879/1879/1879
f 1880/1880/1880 1881/1881/1881 1882/1882/1882
f 1883/1883/1883 1884/1884/1884 1885/1885/1885
f 1885/1885/1885 1884/1884/1884 1886/1886/1886
f 1884/1884/1884 1887/1887/1887 1888/1888/1888
f 1888/1888/1888 1887/1887/1887 1889/1889/1889
f 1890/1890/1890 1891/1891/1891 1892/1892/1892
f 1893/1893/1893 1894/1894/1894 1895/1895/1895
f 1896/1896/1896 1897/1897/1897 1898/1898/1898
f 1899/1899/1899 1900/1900/1900 1901/1901/1901
f 1902/1902/1902 1903/1903/1903 1904/1904/1904
f 1905/1905/1905 1906/1906/1906 1907/1907/1907
f 1908/1908/1908 1906/1906/1906 1905/1905/1905
f 1909/1909/1909 1892/1892/1892 1891/1891/1891
f 1910/1910/1910 1911/1911/1911 1912/1912/1912
f 1890/1890/1890 1912/1912/1912 1911/1911/1911
f 1913/1913/1913 1914/1914/1914 1915/1915/1915
f 1916/1916/1916 1915/1915/1915 1914/1914/1914
f 1917/1917/1917 1918/1918/1918 1919/1919/1919
f 1917/1917/1917 1898/1898/1898 1918/1918/1918
f 1920/1920/1920 1921/1921/1921 1922/1922/1922
f 1923/1923/1923 1922/1922/1922 1921/1921/1921
f 1924/1924/1924 1925/1925/1925 1926/1926/1926
f 1927/1927/1927 1926/1926/1926 1925/1925/1925
f 1902/1902/1902 1909/1909/1909 1903/1903/1903
f 1898/1898/1898 1928/1928/1928 1918/1918/1918
f 1918/1918/1918 1928/1928/1928 1919/1919/1919
f 1910/1910/1910 1872/1872/1872 1871/1871/1871
f 1929/1929/1929 1930/1930/1930 1931/1931/1931
f 1864/1864/1864 1932/1932/1932 1861/1861/1861
f 1915/1915/1915 1931/1931/1931 1890/1890/1890
f 1933/1933/1933 1934/1934/1934 1935/1935/1935
f 1936/1936/1936 1937/1937/1937 1938/1938/1938
f 1939/1939/1939 1935/1935/1935 1934/1934/1934
f 1940/1940/1940 1941/1941/1941 1930/1930/1930
f 1942/1942/1942 1943/1943/1943 1944/1944/1944
f 1939/1939/1939 1870/1870/1870 1935/1935/1935
f 1945/1945/1945 1944/1944/1944 1943/1943/1943
f 1880/1880/1880 1912/1912/1912 1946/1946/1946
f 1919/1919/1919 1947/1947/1947 1948/1948/1948
f 1864/1864/1864 1949/1949/1949 1932/1932/1932
f 1950/1950/1950 1861/1861/1861 1948/1948/1948
f 1941/1941/1941 1946/1946/1946 1951/1951/1951
f 1946/1946/1946 1941/1941/1941 1880/1880/1880
f 1952/1952/1952 1953/1953/1953 1922/1922/1922
f 1950/1950/1950 1948/1948/1948 1947/1947/1947
f 1927/1927/1927 1954/1954/1954 1926/1926/1926
f 1955/1955/1955 1897/1897/1897 1956/1956/1956
f 1957/1957/1957 1935/1935/1935 1870/1870/1870
f 1953/1953/1953 1958/1958/1958 1922/1922/1922
f 1952/1952/1952 1922/1922/1922 1959/1959/1959
f 1890/1890/1890 1946/1946/1946 1912/1912/1912
f 1960/1960/1960 1945/1945/1945 1961/1961/1961
f 1962/1962/1962 1897/1897/1897 1896/1896/1896
f 1963/1963/1963 1964/1964/1964 1965/1965/1965
f 1873/1873/1873 1903/1903/1903 1909/1909/1909
f 1862/1862/1862 1962/1962/1962 1896/1896/1896
f 1960/1960/1960 1882/1882/1882 1881/1881/1881
f 1910/1910/1910 1912/1912/1912 1966/1966/1966
f 1949/1949/1949 1967/1967/1967 1968/1968/1968
f 1862/1862/1862 1896/1896/1896 1898/1898/1898
f 1883/1883/1883 1969/1969/1969 1884/1884/1884
f 1970/1970/1970 1961/1961/1961 1945/1945/1945
f 1862/1862/1862 1898/1898/1898 1917/1917/1917
f 1870/1870/1870 1872/1872/1872 1957/1957/1957
f 1880/1880/1880 1966/1966/1966 1912/1912/1912
f 1866/1866/1866 1861/1861/1861 1971/1971/1971
f 1907/1907/1907 1972/1972/1972 1973/1973/1973
f 1973/1973/1973 1972/1972/1972 1974/1974/1974
f 1923/1923/1923 1959/1959/1959 1922/1922/1922
f 1975/1975/1975 1976/1976/1976 1977/1977/1977
f 1978/1978/1978 1977/1977/1977 1976/1976/1976
f 1978/1978/1978 1976/1976/1976 1979/1979/1979
f 1904/1904/1904 1979/1979/1979 1976/1976/1976
f 1904/1904/1904 1976/1976/1976 1902/1902/1902
f 1975/1975/1975 1902/1902/1902 1976/1976/1976
f 1977/1977/1977 1978/1978/1978 1980/1980/1980
f 1981/1981/1981 1980/1980/1980 1978/1978/1978
f 1971/1971/1971 1861/1861/1861 1950/1950/1950
f 1982/1982/1982 1983/1983/1983 1889/1889/1889
f 1919/1919/1919 1860/1860/1860 1917/1917/1917
f 1949/1949/1949 1968/1968/1968 1962/1962/1962
f 1917/1917/1917 1860/1860/1860 1862/1862/1862
f 1915/1915/1915 1892/1892/1892 1913/1913/1913
f 1984/1984/1984 1985/1985/1985 1863/1863/1863
f 1986/1986/1986 1984/1984/1984 1863/1863/1863
f 1881/1881/1881 1880/1880/1880 1944/1944/1944
f 1986/1986/1986 1949/1949/1949 1984/1984/1984
f 1857/1857/1857 1987/1987/1987 1988/1988/1988
f 1926/1926/1926 1988/1988/1988 1987/1987/1987
f 1926/1926/1926 1987/1987/1987 1924/1924/1924
f 1989/1989/1989 1924/1924/1924 1987/1987/1987
f 1858/1858/1858 1857/1857/1857 1988/1988/1988
f 1990/1990/1990 1887/1887/1887 1991/1991/1991
f 1989/1989/1989 1992/1992/1992 1924/1924/1924
f 1884/1884/1884 1969/1969/1969 1991/1991/1991
f 1884/1884/1884 1991/1991/1991 1887/1887/1887
f 1993/1993/1993 1994/1994/1994 1987/1987/1987
f 1995/1995/1995 1887/1887/1887 1990/1990/1990
f 1995/1995/1995 1889/1889/1889 1887/1887/1887
f 1982/1982/1982 1889/1889/1889 1995/1995/1995
f 1907/1907/1907 1996/1996/1996 1972/1972/1972
f 1870/1870/1870 1939/1939/1939 1871/1871/1871
f 1997/1997/1997 1998/1998/1998 1982/1982/1982
f 1906/1906/1906 1996/1996/1996 1907/1907/1907
f 1999/1999/1999 1922/1922/1922 1958/1958/1958
f 1906/1906/1906 1982/1982/1982 1998/1998/1998
f 1987/1987/1987 1857/1857/1857 1993/1993/1993
f 1859/1859/1859 1993/1993/1993 1857/1857/1857
f 1886/1886/1886 2000/2000/2000 2001/2001/2001
f 1994/1994/1994 2002/2002/2002 1987/1987/1987
f 1962/1962/1962 1968/1968/1968 2003/2003/2003
f 2001/2001/2001 2000/2000/2000 1983/1983/1983
f 1956/1956/1956 2003/2003/2003 2004/2004/2004
f 2004/2004/2004 2003/2003/2003 1967/1967/1967
f 1862/1862/1862 1932/1932/1932 2005/2005/2005
f 2005/2005/2005 1932/1932/1932 1949/1949/1949
f 1949/1949/1949 1962/1962/1962 2005/2005/2005
f 2006/2006/2006 1992/1992/1992 1989/1989/1989
f 2005/2005/2005 1962/1962/1962 1862/1862/1862
f 2006/2006/2006 1989/1989/1989 2002/2002/2002
f 1987/1987/1987 2002/2002/2002 1989/1989/1989
f 1884/1884/1884 1888/1888/1888 2007/2007/2007
f 1923/1923/1923 1921/1921/1921 2008/2008/2008
f 2007/2007/2007 1888/1888/1888 2000/2000/2000
f 2009/2009/2009 2008/2008/2008 1921/1921/1921
f 1886/1886/1886 2007/2007/2007 2000/2000/2000
f 1959/1959/1959 1923/1923/1923 2010/2010/2010
f 2008/2008/2008 2010/2010/2010 1923/1923/1923
f 1988/1988/1988 1926/1926/1926 1954/1954/1954
f 1909/1909/1909 1913/1913/1913 1892/1892/1892
f 1886/1886/1886 1884/1884/1884 2007/2007/2007
f 1909/1909/1909 1902/1902/1902 1913/1913/1913
f 2000/2000/2000 2011/2011/2011 1983/1983/1983
f 2000/2000/2000 1888/1888/1888 2011/2011/2011
f 2012/2012/2012 1913/1913/1913 1902/1902/1902
f 1888/1888/1888 1889/1889/1889 2011/2011/2011
f 1984/1984/1984 1949/1949/1949 1985/1985/1985
f 2013/2013/2013 2014/2014/2014 1990/1990/1990
f 2011/2011/2011 1889/1889/1889 1983/1983/1983
f 2015/2015/2015 1960/1960/1960 2016/2016/2016
f 1968/1968/1968 1967/1967/1967 2003/2003/2003
f 1944/1944/1944 1945/1945/1945 1881/1881/1881
f 2013/2013/2013 2017/2017/2017 2014/2014/2014
f 1961/1961/1961 2016/2016/2016 1960/1960/1960
f 2017/2017/2017 2018/2018/2018 2014/2014/2014
f 1951/1951/1951 1931/1931/1931 1930/1930/1930
f 2019/2019/2019 2020/2020/2020 2021/2021/2021
f 2015/2015/2015 2022/2022/2022 2023/2023/2023
f 1915/1915/1915 1890/1890/1890 1892/1892/1892
f 1931/1931/1931 1915/1915/1915 1929/1929/1929
f 2014/2014/2014 2018/2018/2018 1990/1990/1990
f 1981/1981/1981 1871/1871/1871 1939/1939/1939
f 1868/1868/1868 1903/1903/1903 1873/1873/1873
f 1955/1955/1955 1928/1928/1928 1897/1897/1897
f 1868/1868/1868 1904/1904/1904 1903/1903/1903
f 1944/1944/1944 1880/1880/1880 1941/1941/1941
f 1898/1898/1898 1897/1897/1897 1928/1928/1928
f 2024/2024/2024 1974/1974/1974 2018/2018/2018
f 1957/1957/1957 1961/1961/1961 1935/1935/1935
f 1990/1990/1990 1996/1996/1996 1997/1997/1997
f 2025/2025/2025 1919/1919/1919 2026/2026/2026
f 1997/1997/1997 1995/1995/1995 1990/1990/1990
f 2025/2025/2025 2026/2026/2026 1955/1955/1955
f 1872/1872/1872 2023/2023/2023 2022/2022/2022
f 1866/1866/1866 1864/1864/1864 1861/1861/1861
f 1862/1862/1862 1861/1861/1861 1932/1932/1932
f 1985/1985/1985 1949/1949/1949 1864/1864/1864
f 2022/2022/2022 2016/2016/2016 1957/1957/1957
f 1955/1955/1955 2026/2026/2026 1928/1928/1928
f 1872/1872/1872 1910/1910/1910 2023/2023/2023
f 1982/1982/1982 1995/1995/1995 1997/1997/1997
f 1863/1863/1863 1985/1985/1985 1864/1864/1864
f 1920/1920/1920 1922/1922/1922 1999/1999/1999
f 1933/1933/1933 1935/1935/1935 1961/1961/1961
f 1966/1966/1966 2023/2023/2023 1910/1910/1910
f 1956/1956/1956 1897/1897/1897 2003/2003/2003
f 1961/1961/1961 1957/1957/1957 2016/2016/2016
f 2022/2022/2022 2015/2015/2015 2016/2016/2016
f 1941/1941/1941 1940/1940/1940 1944/1944/1944
f 1981/1981/1981 1978/1978/1978 1871/1871/1871
f 1979/1979/1979 1871/1871/1871 1978/1978/1978
f 1910/1910/1910 1871/1871/1871 1867/1867/1867
f 1979/1979/1979 1867/1867/1867 1871/1871/1871
f 1942/1942/1942 1944/1944/1944 1940/1940/1940
f 1969/1969/1969 2017/2017/2017 2013/2013/2013
f 1990/1990/1990 1991/1991/1991 2013/2013/2013
f 1868/1868/1868 1867/1867/1867 1904/1904/1904
f 1979/1979/1979 1904/1904/1904 1867/1867/1867
f 1911/1911/1911 1910/1910/1910 1869/1869/1869
f 1867/1867/1867 1869/1869/1869 1910/1910/1910
f 2027/2027/2027 2028/2028/2028 2029/2029/2029
f 1960/1960/1960 1881/1881/1881 1945/1945/1945
f 1962/1962/1962 2003/2003/2003 1897/1897/1897
f 1951/1951/1951 1930/1930/1930 1941/1941/1941
f 2026/2026/2026 1919/1919/1919 1928/1928/1928
f 2013/2013/2013 1991/1991/1991 1969/1969/1969
f 1916/1916/1916 1929/1929/1929 1915/1915/1915
f 1990/1990/1990 2018/2018/2018 1996/1996/1996
f 2017/2017/2017 2024/2024/2024 2018/2018/2018
f 1934/1934/1934 1980/1980/1980 1939/1939/1939
f 1981/1981/1981 1939/1939/1939 1980/1980/1980
f 1969/1969/1969 2024/2024/2024 2017/2017/2017
f 1969/1969/1969 1974/1974/1974 2024/2024/2024
f 1919/1919/1919 1948/1948/1948 1860/1860/1860
f 2030/2030/2030 1955/1955/1955 1956/1956/1956
f 2018/2018/2018 1972/1972/1972 1996/1996/1996
f 2025/2025/2025 1955/1955/1955 2030/2030/2030
f 1860/1860/1860 1948/1948/1948 1861/1861/1861
f 2018/2018/2018 1974/1974/1974 1972/1972/1972
f 1931/1931/1931 1951/1951/1951 1946/1946/1946
f 2022/2022/2022 1957/1957/1957 1872/1872/1872
f 1946/1946/1946 1890/1890/1890 1931/1931/1931
f 1908/1908/1908 1982/1982/1982 1906/1906/1906
f 1906/1906/1906 1998/1998/1998 1996/1996/1996
f 1997/1997/1997 1996/1996/1996 1998/1998/1998
g Canal10i8
s 1
f 2031/2031/2031 2032/2032/2032 2033/2033/2033
f 2034/2034/2034 2035/2035/2035 2036/2036/2036
f 2036/2036/2036 2035/2035/2035 2037/2037/2037
f 2038/2038/2038 2039/2039/2039 2040/2040/2040
f 2038/2038/2038 2041/2041/2041 2039/2039/2039
f 2042/2042/2042 2043/2043/2043 2044/2044/2044
f 2045/2045/2045 2046/2046/2046 2047/2047/2047
f 2048/2048/2048 2049/2049/2049 2046/2046/2046
f 2050/2050/2050 2048/2048/2048 2051/2051/2051
f 2050/2050/2050 2051/2051/2051 2045/2045/2045
f 2051/2051/2051 2046/2046/2046 2045/2045/2045
f 2052/2052/2052 2053/2053/2053 2054/2054/2054
f 2053/2053/2053 2055/2055/2055 2054/2054/2054
f 2048/2048/2048 2046/2046/2046 2051/2051/2051
f 2056/2056/2056 2057/2057/2057 2058/2058/2058
f 2059/2059/2059 2060/2060/2060 2061/2061/2061
f 2058/2058/2058 2057/2057/2057 2062/2062/2062
f 2063/2063/2063 2039/2039/2039 2041/2041/2041
f 2064/2064/2064 2065/2065/2065 2066/2066/2066
f 2067/2067/2067 2065/2065/2065 2064/2064/2064
f 2068/2068/2068 2069/2069/2069 2070/2070/2070
f 2067/2067/2067 2064/2064/2064 2071/2071/2071
f 2072/2072/2072 2069/2069/2069 2068/2068/2068
f 2073/2073/2073 2074/2074/2074 2075/2075/2075
f 2064/2064/2064 2066/2066/2066 2071/2071/2071
f 2068/2068/2068 2070/2070/2070 2076/2076/2076
f 2031/2031/2031 2077/2077/2077 2032/2032/2032
f 2078/2078/2078 2079/2079/2079 2080/2080/2080
f 2078/2078/2078 2080/2080/2080 2081/2081/2081
f 2082/2082/2082 2083/2083/2083 2084/2084/2084
f 2082/2082/2082 2084/2084/2084 2078/2078/2078
f 2085/2085/2085 2086/2086/2086 2087/2087/2087
f 2088/2088/2088 2089/2089/2089 2090/2090/2090
f 2085/2085/2085 2087/2087/2087 2091/2091/2091
f 2091/2091/2091 2092/2092/2092 2093/2093/2093
f 2091/2091/2091 2093/2093/2093 2073/2073/2073
f 2094/2094/2094 2078/2078/2078 2081/2081/2081
f 2095/2095/2095 2096/2096/2096 2097/2097/2097
f 2082/2082/2082 2078/2078/2078 2094/2094/2094
f 2098/2098/2098 2099/2099/2099 2077/2077/2077
f 2100/2100/2100 2101/2101/2101 2102/2102/2102
f 2101/2101/2101 2090/2090/2090 2102/2102/2102
f 2101/2101/2101 2088/2088/2088 2090/2090/2090
f 2100/2100/2100 2088/2088/2088 2101/2101/2101
f 2103/2103/2103 2104/2104/2104 2105/2105/2105
f 2106/2106/2106 2048/2048/2048 2050/2050/2050
f 2107/2107/2107 2108/2108/2108 2109/2109/2109
f 2059/2059/2059 2061/2061/2061 2106/2106/2106
f 2106/2106/2106 2061/2061/2061 2048/2048/2048
f 2061/2061/2061 2049/2049/2049 2048/2048/2048
f 2110/2110/2110 2108/2108/2108 2107/2107/2107
f 2111/2111/2111 2112/2112/2112 2113/2113/2113
f 2112/2112/2112 2114/2114/2114 2113/2113/2113
f 2059/2059/2059 2115/2115/2115 2116/2116/2116
f 2115/2115/2115 2111/2111/2111 2116/2116/2116
f 2084/2084/2084 2079/2079/2079 2078/2078/2078
f 2117/2117/2117 2118/2118/2118 2119/2119/2119
f 2083/2083/2083 2079/2079/2079 2084/2084/2084
f 2120/2120/2120 2121/2121/2121 2122/2122/2122
f 2109/2109/2109 2121/2121/2121 2120/2120/2120
f 2123/2123/2123 2109/2109/2109 2120/2120/2120
f 2123/2123/2123 2120/2120/2120 2122/2122/2122
f 2124/2124/2124 2125/2125/2125 2126/2126/2126
f 2124/2124/2124 2126/2126/2126 2127/2127/2127
f 2126/2126/2126 2128/2128/2128 2127/2127/2127
f 2129/2129/2129 2130/2130/2130 2131/2131/2131
f 2132/2132/2132 2133/2133/2133 2134/2134/2134
f 2134/2134/2134 2133/2133/2133 2135/2135/2135
f 2131/2131/2131 2130/2130/2130 2136/2136/2136
f 2136/2136/2136 2130/2130/2130 2137/2137/2137
f 2125/2125/2125 2128/2128/2128 2126/2126/2126
f 2138/2138/2138 2139/2139/2139 2140/2140/2140
f 2139/2139/2139 2141/2141/2141 2140/2140/2140
f 2142/2142/2142 2125/2125/2125 2124/2124/2124
f 2142/2142/2142 2143/2143/2143 2144/2144/2144
f 2145/2145/2145 2146/2146/2146 2147/2147/2147
f 2124/2124/2124 2143/2143/2143 2142/2142/2142
f 2148/2148/2148 2149/2149/2149 2150/2150/2150
f 2125/2125/2125 2149/2149/2149 2148/2148/2148
f 2125/2125/2125 2148/2148/2148 2128/2128/2128
f 2148/2148/2148 2150/2150/2150 2128/2128/2128
f 2151/2151/2151 2152/2152/2152 2125/2125/2125
f 2153/2153/2153 2154/2154/2154 2155/2155/2155
f 2144/2144/2144 2152/2152/2152 2151/2151/2151
f 2156/2156/2156 2157/2157/2157 2154/2154/2154
f 2144/2144/2144 2151/2151/2151 2142/2142/2142
f 2151/2151/2151 2125/2125/2125 2142/2142/2142
f 2158/2158/2158 2150/2150/2150 2149/2149/2149
f 2130/2130/2130 2159/2159/2159 2160/2160/2160
f 2099/2099/2099 2032/2032/2032 2077/2077/2077
f 2138/2138/2138 2140/2140/2140 2161/2161/2161
f 2096/2096/2096 2162/2162/2162 2163/2163/2163
f 2095/2095/2095 2162/2162/2162 2096/2096/2096
f 2100/2100/2100 2164/2164/2164 2165/2165/2165
f 2100/2100/2100 2102/2102/2102 2164/2164/2164
f 2166/2166/2166 2038/2038/2038 2040/2040/2040
f 2167/2167/2167 2168/2168/2168 2169/2169/2169
f 2170/2170/2170 2171/2171/2171 2172/2172/2172
f 2171/2171/2171 2066/2066/2066 2172/2172/2172
f 2171/2171/2171 2071/2071/2071 2066/2066/2066
f 2170/2170/2170 2071/2071/2071 2171/2171/2171
f 2167/2167/2167 2169/2169/2169 2173/2173/2173
f 2174/2174/2174 2173/2173/2173 2169/2169/2169
f 2174/2174/2174 2169/2169/2169 2168/2168/2168
f 2175/2175/2175 2176/2176/2176 2167/2167/2167
f 2176/2176/2176 2168/2168/2168 2167/2167/2167
f 2176/2176/2176 2177/2177/2177 2168/2168/2168
f 2178/2178/2178 2179/2179/2179 2180/2180/2180
f 2181/2181/2181 2150/2150/2150 2158/2158/2158
f 2182/2182/2182 2140/2140/2140 2141/2141/2141
f 2175/2175/2175 2177/2177/2177 2176/2176/2176
f 2177/2177/2177 2183/2183/2183 2184/2184/2184
f 2177/2177/2177 2184/2184/2184 2168/2168/2168
f 2185/2185/2185 2168/2168/2168 2184/2184/2184
f 2185/2185/2185 2184/2184/2184 2183/2183/2183
f 2186/2186/2186 2187/2187/2187 2188/2188/2188
f 2062/2062/2062 2187/2187/2187 2186/2186/2186
f 2128/2128/2128 2150/2150/2150 2189/2189/2189
f 2190/2190/2190 2191/2191/2191 2192/2192/2192
f 2190/2190/2190 2192/2192/2192 2069/2069/2069
f 2070/2070/2070 2069/2069/2069 2192/2192/2192
f 2070/2070/2070 2192/2192/2192 2191/2191/2191
f 2193/2193/2193 2194/2194/2194 2195/2195/2195
f 2195/2195/2195 2194/2194/2194 2196/2196/2196
f 2197/2197/2197 2170/2170/2170 2172/2172/2172
f 2188/2188/2188 2170/2170/2170 2197/2197/2197
f 2181/2181/2181 2158/2158/2158 2198/2198/2198
f 2158/2158/2158 2149/2149/2149 2198/2198/2198
f 2199/2199/2199 2110/2110/2110 2107/2107/2107
f 2200/2200/2200 2127/2127/2127 2201/2201/2201
f 2200/2200/2200 2201/2201/2201 2189/2189/2189
f 2128/2128/2128 2189/2189/2189 2201/2201/2201
f 2202/2202/2202 2191/2191/2191 2203/2203/2203
f 2202/2202/2202 2203/2203/2203 2204/2204/2204
f 2205/2205/2205 2204/2204/2204 2203/2203/2203
f 2205/2205/2205 2203/2203/2203 2191/2191/2191
f 2206/2206/2206 2065/2065/2065 2207/2207/2207
f 2085/2085/2085 2208/2208/2208 2209/2209/2209
f 2210/2210/2210 2209/2209/2209 2211/2211/2211
f 2212/2212/2212 2213/2213/2213 2214/2214/2214
f 2215/2215/2215 2213/2213/2213 2212/2212/2212
f 2216/2216/2216 2217/2217/2217 2049/2049/2049
f 2218/2218/2218 2217/2217/2217 2216/2216/2216
f 2219/2219/2219 2220/2220/2220 2221/2221/2221
f 2222/2222/2222 2220/2220/2220 2219/2219/2219
f 2223/2223/2223 2065/2065/2065 2206/2206/2206
f 2224/2224/2224 2225/2225/2225 2226/2226/2226
f 2227/2227/2227 2225/2225/2225 2224/2224/2224
f 2228/2228/2228 2196/2196/2196 2194/2194/2194
f 2229/2229/2229 2230/2230/2230 2231/2231/2231
f 2232/2232/2232 2230/2230/2230 2229/2229/2229
f 2233/2233/2233 2234/2234/2234 2235/2235/2235
f 2234/2234/2234 2236/2236/2236 2235/2235/2235
f 2237/2237/2237 2037/2037/2037 2238/2238/2238
f 2237/2237/2237 2238/2238/2238 2239/2239/2239
f 2035/2035/2035 2239/2239/2239 2238/2238/2238
f 2035/2035/2035 2238/2238/2238 2037/2037/2037
f 2240/2240/2240 2241/2241/2241 2242/2242/2242
f 2241/2241/2241 2243/2243/2243 2242/2242/2242
f 2241/2241/2241 2244/2244/2244 2243/2243/2243
f 2240/2240/2240 2244/2244/2244 2241/2241/2241
f 2242/2242/2242 2243/2243/2243 2245/2245/2245
f 2242/2242/2242 2245/2245/2245 2246/2246/2246
f 2245/2245/2245 2247/2247/2247 2246/2246/2246
f 2248/2248/2248 2240/2240/2240 2242/2242/2242
f 2249/2249/2249 2250/2250/2250 2251/2251/2251
f 2252/2252/2252 2251/2251/2251 2250/2250/2250
f 2252/2252/2252 2250/2250/2250 2253/2253/2253
f 2254/2254/2254 2253/2253/2253 2255/2255/2255
f 2254/2254/2254 2255/2255/2255 2249/2249/2249
f 2249/2249/2249 2255/2255/2255 2250/2250/2250
f 2255/2255/2255 2253/2253/2253 2250/2250/2250
f 2256/2256/2256 2249/2249/2249 2257/2257/2257
f 2254/2254/2254 2249/2249/2249 2256/2256/2256
f 2063/2063/2063 2258/2258/2258 2039/2039/2039
f 2258/2258/2258 2040/2040/2040 2039/2039/2039
f 2259/2259/2259 2260/2260/2260 2252/2252/2252
f 2260/2260/2260 2251/2251/2251 2252/2252/2252
f 2260/2260/2260 2261/2261/2261 2251/2251/2251
f 2259/2259/2259 2261/2261/2261 2260/2260/2260
f 2193/2193/2193 2262/2262/2262 2194/2194/2194
f 2263/2263/2263 2264/2264/2264 2236/2236/2236
f 2265/2265/2265 2264/2264/2264 2263/2263/2263
f 2199/2199/2199 2107/2107/2107 2109/2109/2109
f 2264/2264/2264 2178/2178/2178 2266/2266/2266
f 2128/2128/2128 2201/2201/2201 2127/2127/2127
f 2267/2267/2267 2189/2189/2189 2150/2150/2150
f 2200/2200/2200 2189/2189/2189 2267/2267/2267
f 2268/2268/2268 2200/2200/2200 2267/2267/2267
f 2269/2269/2269 2268/2268/2268 2181/2181/2181
f 2264/2264/2264 2266/2266/2266 2236/2236/2236
f 2266/2266/2266 2180/2180/2180 2236/2236/2236
f 2270/2270/2270 2268/2268/2268 2269/2269/2269
f 2178/2178/2178 2180/2180/2180 2266/2266/2266
f 2268/2268/2268 2271/2271/2271 2181/2181/2181
f 2271/2271/2271 2150/2150/2150 2181/2181/2181
f 2271/2271/2271 2267/2267/2267 2150/2150/2150
f 2268/2268/2268 2267/2267/2267 2271/2271/2271
f 2272/2272/2272 2083/2083/2083 2082/2082/2082
f 2273/2273/2273 2274/2274/2274 2275/2275/2275
f 2273/2273/2273 2275/2275/2275 2276/2276/2276
f 2276/2276/2276 2275/2275/2275 2277/2277/2277
f 2278/2278/2278 2274/2274/2274 2054/2054/2054
f 2279/2279/2279 2280/2280/2280 2281/2281/2281
f 2277/2277/2277 2278/2278/2278 2054/2054/2054
f 2110/2110/2110 2282/2282/2282 2108/2108/2108
f 2283/2283/2283 2081/2081/2081 2284/2284/2284
f 2275/2275/2275 2278/2278/2278 2277/2277/2277
f 2283/2283/2283 2284/2284/2284 2110/2110/2110
f 2275/2275/2275 2274/2274/2274 2278/2278/2278
f 2110/2110/2110 2284/2284/2284 2282/2282/2282
f 2284/2284/2284 2081/2081/2081 2282/2282/2282
f 2285/2285/2285 2138/2138/2138 2286/2286/2286
f 2083/2083/2083 2121/2121/2121 2108/2108/2108
f 2279/2279/2279 2285/2285/2285 2286/2286/2286
f 2109/2109/2109 2108/2108/2108 2121/2121/2121
f 2287/2287/2287 2288/2288/2288 2273/2273/2273
f 2288/2288/2288 2274/2274/2274 2273/2273/2273
f 2289/2289/2289 2122/2122/2122 2290/2290/2290
f 2289/2289/2289 2290/2290/2290 2083/2083/2083
f 2083/2083/2083 2290/2290/2290 2121/2121/2121
f 2290/2290/2290 2122/2122/2122 2121/2121/2121
f 2291/2291/2291 2066/2066/2066 2065/2065/2065
f 2277/2277/2277 2054/2054/2054 2055/2055/2055
f 2172/2172/2172 2066/2066/2066 2291/2291/2291
f 2172/2172/2172 2291/2291/2291 2223/2223/2223
f 2292/2292/2292 2205/2205/2205 2191/2191/2191
f 2144/2144/2144 2205/2205/2205 2292/2292/2292
f 2144/2144/2144 2292/2292/2292 2293/2293/2293
f 2205/2205/2205 2062/2062/2062 2057/2057/2057
f 2294/2294/2294 2295/2295/2295 2296/2296/2296
f 2205/2205/2205 2057/2057/2057 2204/2204/2204
f 2056/2056/2056 2204/2204/2204 2057/2057/2057
f 2293/2293/2293 2297/2297/2297 2190/2190/2190
f 2296/2296/2296 2298/2298/2298 2299/2299/2299
f 2299/2299/2299 2298/2298/2298 2222/2222/2222
f 2297/2297/2297 2191/2191/2191 2190/2190/2190
f 2292/2292/2292 2191/2191/2191 2297/2297/2297
f 2300/2300/2300 2301/2301/2301 2302/2302/2302
f 2221/2221/2221 2301/2301/2301 2300/2300/2300
f 2292/2292/2292 2297/2297/2297 2293/2293/2293
f 2303/2303/2303 2208/2208/2208 2227/2227/2227
f 2304/2304/2304 2305/2305/2305 2157/2157/2157
f 2104/2104/2104 2305/2305/2305 2304/2304/2304
f 2105/2105/2105 2104/2104/2104 2304/2304/2304
f 2105/2105/2105 2304/2304/2304 2157/2157/2157
f 2306/2306/2306 2191/2191/2191 2202/2202/2202
f 2076/2076/2076 2191/2191/2191 2306/2306/2306
f 2147/2147/2147 2146/2146/2146 2307/2307/2307
f 2147/2147/2147 2307/2307/2307 2155/2155/2155
f 2308/2308/2308 2155/2155/2155 2307/2307/2307
f 2308/2308/2308 2307/2307/2307 2146/2146/2146
f 2291/2291/2291 2065/2065/2065 2223/2223/2223
f 2147/2147/2147 2155/2155/2155 2309/2309/2309
f 2079/2079/2079 2282/2282/2282 2080/2080/2080
f 2202/2202/2202 2204/2204/2204 2310/2310/2310
f 2310/2310/2310 2204/2204/2204 2056/2056/2056
f 2080/2080/2080 2282/2282/2282 2081/2081/2081
f 2072/2072/2072 2068/2068/2068 2311/2311/2311
f 2311/2311/2311 2068/2068/2068 2076/2076/2076
f 2283/2283/2283 2110/2110/2110 2312/2312/2312
f 2312/2312/2312 2110/2110/2110 2199/2199/2199
f 2098/2098/2098 2033/2033/2033 2099/2099/2099
f 2313/2313/2313 2314/2314/2314 2315/2315/2315
f 2210/2210/2210 2086/2086/2086 2209/2209/2209
f 2083/2083/2083 2108/2108/2108 2079/2079/2079
f 2086/2086/2086 2085/2085/2085 2209/2209/2209
f 2060/2060/2060 2049/2049/2049 2061/2061/2061
f 2060/2060/2060 2116/2116/2116 2049/2049/2049
f 2316/2316/2316 2162/2162/2162 2317/2317/2317
f 2315/2315/2315 2316/2316/2316 2317/2317/2317
f 2059/2059/2059 2116/2116/2116 2060/2060/2060
f 2315/2315/2315 2163/2163/2163 2316/2316/2316
f 2086/2086/2086 2210/2210/2210 2318/2318/2318
f 2316/2316/2316 2163/2163/2163 2162/2162/2162
f 2319/2319/2319 2210/2210/2210 2320/2320/2320
f 2199/2199/2199 2109/2109/2109 2123/2123/2123
f 2095/2095/2095 2321/2321/2321 2162/2162/2162
f 2322/2322/2322 2315/2315/2315 2317/2317/2317
f 2317/2317/2317 2162/2162/2162 2321/2321/2321
f 2145/2145/2145 2147/2147/2147 2323/2323/2323
f 2324/2324/2324 2325/2325/2325 2326/2326/2326
f 2326/2326/2326 2325/2325/2325 2327/2327/2327
f 2328/2328/2328 2113/2113/2113 2049/2049/2049
f 2329/2329/2329 2243/2243/2243 2330/2330/2330
f 2331/2331/2331 2329/2329/2329 2330/2330/2330
f 2330/2330/2330 2332/2332/2332 2331/2331/2331
f 2242/2242/2242 2246/2246/2246 2333/2333/2333
f 2331/2331/2331 2333/2333/2333 2246/2246/2246
f 2111/2111/2111 2113/2113/2113 2328/2328/2328
f 2116/2116/2116 2111/2111/2111 2328/2328/2328
f 2116/2116/2116 2328/2328/2328 2049/2049/2049
f 2042/2042/2042 2239/2239/2239 2043/2043/2043
f 2334/2334/2334 2281/2281/2281 2043/2043/2043
f 2044/2044/2044 2043/2043/2043 2281/2281/2281
f 2335/2335/2335 2053/2053/2053 2336/2336/2336
f 2334/2334/2334 2043/2043/2043 2239/2239/2239
f 2182/2182/2182 2337/2337/2337 2140/2140/2140
f 2337/2337/2337 2161/2161/2161 2140/2140/2140
f 2338/2338/2338 2339/2339/2339 2340/2340/2340
f 2339/2339/2339 2341/2341/2341 2340/2340/2340
f 2097/2097/2097 2342/2342/2342 2314/2314/2314
f 2245/2245/2245 2343/2343/2343 2247/2247/2247
f 2245/2245/2245 2243/2243/2243 2343/2343/2343
f 2329/2329/2329 2343/2343/2343 2243/2243/2243
f 2329/2329/2329 2247/2247/2247 2343/2343/2343
f 2344/2344/2344 2144/2144/2144 2244/2244/2244
f 2240/2240/2240 2344/2344/2344 2244/2244/2244
f 2198/2198/2198 2144/2144/2144 2344/2344/2344
f 2293/2293/2293 2244/2244/2244 2144/2144/2144
f 2034/2034/2034 2334/2334/2334 2035/2035/2035
f 2334/2334/2334 2239/2239/2239 2035/2035/2035
f 2190/2190/2190 2332/2332/2332 2345/2345/2345
f 2346/2346/2346 2347/2347/2347 2348/2348/2348
f 2345/2345/2345 2332/2332/2332 2330/2330/2330
f 2346/2346/2346 2349/2349/2349 2347/2347/2347
f 2350/2350/2350 2348/2348/2348 2347/2347/2347
f 2351/2351/2351 2348/2348/2348 2350/2350/2350
f 2302/2302/2302 2230/2230/2230 2351/2351/2351
f 2351/2351/2351 2230/2230/2230 2348/2348/2348
f 2330/2330/2330 2243/2243/2243 2345/2345/2345
f 2075/2075/2075 2091/2091/2091 2073/2073/2073
f 2345/2345/2345 2243/2243/2243 2190/2190/2190
f 2352/2352/2352 2243/2243/2243 2244/2244/2244
f 2293/2293/2293 2352/2352/2352 2244/2244/2244
f 2190/2190/2190 2352/2352/2352 2293/2293/2293
f 2190/2190/2190 2243/2243/2243 2352/2352/2352
f 2353/2353/2353 2247/2247/2247 2329/2329/2329
f 2313/2313/2313 2315/2315/2315 2354/2354/2354
f 2354/2354/2354 2315/2315/2315 2322/2322/2322
f 2091/2091/2091 2319/2319/2319 2320/2320/2320
f 2087/2087/2087 2319/2319/2319 2091/2091/2091
f 2336/2336/2336 2053/2053/2053 2052/2052/2052
f 2331/2331/2331 2353/2353/2353 2329/2329/2329
f 2320/2320/2320 2210/2210/2210 2355/2355/2355
f 2320/2320/2320 2355/2355/2355 2092/2092/2092
f 2331/2331/2331 2246/2246/2246 2353/2353/2353
f 2091/2091/2091 2320/2320/2320 2092/2092/2092
f 2097/2097/2097 2163/2163/2163 2342/2342/2342
f 2315/2315/2315 2342/2342/2342 2163/2163/2163
f 2323/2323/2323 2147/2147/2147 2103/2103/2103
f 2113/2113/2113 2114/2114/2114 2356/2356/2356
f 2113/2113/2113 2356/2356/2356 2049/2049/2049
f 2103/2103/2103 2309/2309/2309 2104/2104/2104
f 2353/2353/2353 2246/2246/2246 2247/2247/2247
f 2055/2055/2055 2357/2357/2357 2129/2129/2129
f 2357/2357/2357 2130/2130/2130 2129/2129/2129
f 2103/2103/2103 2147/2147/2147 2309/2309/2309
f 2358/2358/2358 2240/2240/2240 2248/2248/2248
f 2198/2198/2198 2358/2358/2358 2248/2248/2248
f 2198/2198/2198 2344/2344/2344 2358/2358/2358
f 2359/2359/2359 2360/2360/2360 2361/2361/2361
f 2231/2231/2231 2359/2359/2359 2361/2361/2361
f 2231/2231/2231 2301/2301/2301 2359/2359/2359
f 2359/2359/2359 2301/2301/2301 2360/2360/2360
f 2228/2228/2228 2194/2194/2194 2362/2362/2362
f 2363/2363/2363 2364/2364/2364 2215/2215/2215
f 2365/2365/2365 2356/2356/2356 2114/2114/2114
f 2362/2362/2362 2194/2194/2194 2262/2262/2262
f 2363/2363/2363 2360/2360/2360 2364/2364/2364
f 2366/2366/2366 2119/2119/2119 2118/2118/2118
f 2099/2099/2099 2033/2033/2033 2032/2032/2032
f 2358/2358/2358 2344/2344/2344 2240/2240/2240
f 2220/2220/2220 2364/2364/2364 2360/2360/2360
f 2220/2220/2220 2215/2215/2215 2364/2364/2364
f 2340/2340/2340 2367/2367/2367 2368/2368/2368
f 2368/2368/2368 2367/2367/2367 2369/2369/2369
f 2370/2370/2370 2360/2360/2360 2363/2363/2363
f 2371/2371/2371 2049/2049/2049 2356/2356/2356
f 2143/2143/2143 2071/2071/2071 2144/2144/2144
f 2372/2372/2372 2373/2373/2373 2132/2132/2132
f 2349/2349/2349 2373/2373/2373 2372/2372/2372
f 2067/2067/2067 2071/2071/2071 2143/2143/2143
f 2124/2124/2124 2067/2067/2067 2143/2143/2143
f 2374/2374/2374 2375/2375/2375 2376/2376/2376
f 2377/2377/2377 2375/2375/2375 2374/2374/2374
f 2374/2374/2374 2376/2376/2376 2378/2378/2378
f 2379/2379/2379 2377/2377/2377 2380/2380/2380
f 2098/2098/2098 2327/2327/2327 2381/2381/2381
f 2379/2379/2379 2380/2380/2380 2378/2378/2378
f 2098/2098/2098 2381/2381/2381 2033/2033/2033
f 2325/2325/2325 2033/2033/2033 2381/2381/2381
f 2325/2325/2325 2381/2381/2381 2327/2327/2327
f 2380/2380/2380 2374/2374/2374 2378/2378/2378
f 2187/2187/2187 2382/2382/2382 2170/2170/2170
f 2383/2383/2383 2237/2237/2237 2384/2384/2384
f 2384/2384/2384 2237/2237/2237 2042/2042/2042
f 2052/2052/2052 2054/2054/2054 2385/2385/2385
f 2385/2385/2385 2054/2054/2054 2274/2274/2274
f 2377/2377/2377 2374/2374/2374 2380/2380/2380
f 2386/2386/2386 2377/2377/2377 2379/2379/2379
f 2387/2387/2387 2154/2154/2154 2153/2153/2153
f 2388/2388/2388 2377/2377/2377 2386/2386/2386
f 2389/2389/2389 2390/2390/2390 2391/2391/2391
f 2392/2392/2392 2390/2390/2390 2389/2389/2389
f 2127/2127/2127 2207/2207/2207 2393/2393/2393
f 2067/2067/2067 2393/2393/2393 2065/2065/2065
f 2393/2393/2393 2207/2207/2207 2065/2065/2065
f 2062/2062/2062 2144/2144/2144 2382/2382/2382
f 2279/2279/2279 2281/2281/2281 2334/2334/2334
f 2170/2170/2170 2382/2382/2382 2071/2071/2071
f 2382/2382/2382 2144/2144/2144 2071/2071/2071
f 2042/2042/2042 2237/2237/2237 2239/2239/2239
f 2062/2062/2062 2382/2382/2382 2187/2187/2187
f 2383/2383/2383 2037/2037/2037 2237/2237/2237
f 2187/2187/2187 2170/2170/2170 2188/2188/2188
f 2394/2394/2394 2393/2393/2393 2067/2067/2067
f 2127/2127/2127 2393/2393/2393 2394/2394/2394
f 2127/2127/2127 2394/2394/2394 2124/2124/2124
f 2232/2232/2232 2348/2348/2348 2230/2230/2230
f 2302/2302/2302 2231/2231/2231 2230/2230/2230
f 2232/2232/2232 2346/2346/2346 2348/2348/2348
f 2394/2394/2394 2067/2067/2067 2124/2124/2124
f 2378/2378/2378 2349/2349/2349 2346/2346/2346
f 2289/2289/2289 2083/2083/2083 2272/2272/2272
f 2350/2350/2350 2347/2347/2347 2395/2395/2395
f 2395/2395/2395 2347/2347/2347 2349/2349/2349
f 2396/2396/2396 2075/2075/2075 2397/2397/2397
f 2396/2396/2396 2397/2397/2397 2208/2208/2208
f 2086/2086/2086 2318/2318/2318 2087/2087/2087
f 2208/2208/2208 2397/2397/2397 2225/2225/2225
f 2227/2227/2227 2208/2208/2208 2225/2225/2225
f 2397/2397/2397 2075/2075/2075 2225/2225/2225
f 2225/2225/2225 2075/2075/2075 2226/2226/2226
f 2209/2209/2209 2208/2208/2208 2398/2398/2398
f 2209/2209/2209 2398/2398/2398 2211/2211/2211
f 2211/2211/2211 2398/2398/2398 2303/2303/2303
f 2398/2398/2398 2208/2208/2208 2303/2303/2303
f 2221/2221/2221 2360/2360/2360 2301/2301/2301
f 2231/2231/2231 2302/2302/2302 2301/2301/2301
f 2220/2220/2220 2360/2360/2360 2221/2221/2221
f 2222/2222/2222 2215/2215/2215 2220/2220/2220
f 2399/2399/2399 2365/2365/2365 2114/2114/2114
f 2236/2236/2236 2399/2399/2399 2263/2263/2263
f 2112/2112/2112 2400/2400/2400 2114/2114/2114
f 2112/2112/2112 2265/2265/2265 2400/2400/2400
f 2263/2263/2263 2400/2400/2400 2265/2265/2265
f 2213/2213/2213 2295/2295/2295 2214/2214/2214
f 2215/2215/2215 2222/2222/2222 2213/2213/2213
f 2401/2401/2401 2031/2031/2031 2324/2324/2324
f 2214/2214/2214 2295/2295/2295 2402/2402/2402
f 2037/2037/2037 2383/2383/2383 2402/2402/2402
f 2218/2218/2218 2047/2047/2047 2217/2217/2217
f 2046/2046/2046 2049/2049/2049 2217/2217/2217
f 2046/2046/2046 2217/2217/2217 2047/2047/2047
f 2144/2144/2144 2198/2198/2198 2152/2152/2152
f 2125/2125/2125 2152/2152/2152 2149/2149/2149
f 2152/2152/2152 2198/2198/2198 2149/2149/2149
f 2045/2045/2045 2403/2403/2403 2287/2287/2287
f 2045/2045/2045 2047/2047/2047 2403/2403/2403
f 2270/2270/2270 2127/2127/2127 2200/2200/2200
f 2288/2288/2288 2287/2287/2287 2403/2403/2403
f 2404/2404/2404 2047/2047/2047 2218/2218/2218
f 2270/2270/2270 2200/2200/2200 2268/2268/2268
f 2274/2274/2274 2288/2288/2288 2404/2404/2404
f 2405/2405/2405 2031/2031/2031 2401/2401/2401
f 2406/2406/2406 2317/2317/2317 2321/2321/2321
f 2087/2087/2087 2318/2318/2318 2319/2319/2319
f 2318/2318/2318 2210/2210/2210 2319/2319/2319
f 2322/2322/2322 2317/2317/2317 2406/2406/2406
f 2407/2407/2407 2369/2369/2369 2408/2408/2408
f 2368/2368/2368 2369/2369/2369 2407/2407/2407
f 2388/2388/2388 2135/2135/2135 2377/2377/2377
f 2340/2340/2340 2341/2341/2341 2409/2409/2409
f 2340/2340/2340 2409/2409/2409 2367/2367/2367
f 2410/2410/2410 2098/2098/2098 2411/2411/2411
f 2349/2349/2349 2378/2378/2378 2373/2373/2373
f 2412/2412/2412 2368/2368/2368 2407/2407/2407
f 2412/2412/2412 2407/2407/2407 2408/2408/2408
f 2413/2413/2413 2098/2098/2098 2410/2410/2410
f 2414/2414/2414 2340/2340/2340 2412/2412/2412
f 2415/2415/2415 2367/2367/2367 2409/2409/2409
f 2415/2415/2415 2409/2409/2409 2341/2341/2341
f 2416/2416/2416 2174/2174/2174 2168/2168/2168
f 2417/2417/2417 2174/2174/2174 2416/2416/2416
f 2417/2417/2417 2416/2416/2416 2185/2185/2185
f 2416/2416/2416 2168/2168/2168 2185/2185/2185
f 2340/2340/2340 2368/2368/2368 2412/2412/2412
f 2418/2418/2418 2340/2340/2340 2414/2414/2414
f 2166/2166/2166 2040/2040/2040 2419/2419/2419
f 2166/2166/2166 2419/2419/2419 2420/2420/2420
f 2154/2154/2154 2157/2157/2157 2305/2305/2305
f 2154/2154/2154 2305/2305/2305 2155/2155/2155
f 2104/2104/2104 2155/2155/2155 2305/2305/2305
f 2144/2144/2144 2062/2062/2062 2205/2205/2205
f 2118/2118/2118 2420/2420/2420 2419/2419/2419
f 2421/2421/2421 2412/2412/2412 2408/2408/2408
f 2338/2338/2338 2340/2340/2340 2418/2418/2418
f 2422/2422/2422 2089/2089/2089 2423/2423/2423
f 2180/2180/2180 2422/2422/2422 2423/2423/2423
f 2179/2179/2179 2422/2422/2422 2180/2180/2180
f 2179/2179/2179 2089/2089/2089 2422/2422/2422
f 2072/2072/2072 2331/2331/2331 2332/2332/2332
f 2072/2072/2072 2332/2332/2332 2069/2069/2069
f 2286/2286/2286 2161/2161/2161 2280/2280/2280
f 2279/2279/2279 2286/2286/2286 2280/2280/2280
f 2190/2190/2190 2069/2069/2069 2332/2332/2332
f 2286/2286/2286 2138/2138/2138 2161/2161/2161
f 2070/2070/2070 2191/2191/2191 2076/2076/2076
f 2373/2373/2373 2378/2378/2378 2376/2376/2376
f 2153/2153/2153 2155/2155/2155 2308/2308/2308
f 2373/2373/2373 2376/2376/2376 2375/2375/2375
f 2373/2373/2373 2375/2375/2375 2133/2133/2133
f 2132/2132/2132 2373/2373/2373 2133/2133/2133
f 2377/2377/2377 2135/2135/2135 2424/2424/2424
f 2377/2377/2377 2424/2424/2424 2375/2375/2375
f 2133/2133/2133 2375/2375/2375 2424/2424/2424
f 2133/2133/2133 2424/2424/2424 2135/2135/2135
f 2425/2425/2425 2390/2390/2390 2392/2392/2392
f 2390/2390/2390 2426/2426/2426 2391/2391/2391
f 2302/2302/2302 2351/2351/2351 2427/2427/2427
f 2428/2428/2428 2429/2429/2429 2415/2415/2415
f 2429/2429/2429 2367/2367/2367 2415/2415/2415
f 2404/2404/2404 2288/2288/2288 2430/2430/2430
f 2431/2431/2431 2055/2055/2055 2053/2053/2053
f 2335/2335/2335 2431/2431/2431 2053/2053/2053
f 2335/2335/2335 2357/2357/2357 2431/2431/2431
f 2431/2431/2431 2357/2357/2357 2055/2055/2055
f 2432/2432/2432 2335/2335/2335 2159/2159/2159
f 2130/2130/2130 2432/2432/2432 2159/2159/2159
f 2432/2432/2432 2130/2130/2130 2357/2357/2357
f 2335/2335/2335 2432/2432/2432 2357/2357/2357
f 2404/2404/2404 2430/2430/2430 2047/2047/2047
f 2430/2430/2430 2403/2403/2403 2047/2047/2047
f 2429/2429/2429 2369/2369/2369 2367/2367/2367
f 2428/2428/2428 2369/2369/2369 2429/2429/2429
f 2428/2428/2428 2433/2433/2433 2369/2369/2369
f 2433/2433/2433 2408/2408/2408 2369/2369/2369
f 2425/2425/2425 2434/2434/2434 2435/2435/2435
f 2434/2434/2434 2233/2233/2233 2435/2435/2435
f 2436/2436/2436 2346/2346/2346 2232/2232/2232
f 2378/2378/2378 2346/2346/2346 2436/2436/2436
f 2288/2288/2288 2403/2403/2403 2430/2430/2430
f 2437/2437/2437 2404/2404/2404 2218/2218/2218
f 2233/2233/2233 2235/2235/2235 2435/2435/2435
f 2274/2274/2274 2404/2404/2404 2437/2437/2437
f 2438/2438/2438 2402/2402/2402 2383/2383/2383
f 2214/2214/2214 2402/2402/2402 2438/2438/2438
f 2396/2396/2396 2085/2085/2085 2091/2091/2091
f 2075/2075/2075 2396/2396/2396 2091/2091/2091
f 2085/2085/2085 2396/2396/2396 2208/2208/2208
f 2435/2435/2435 2235/2235/2235 2423/2423/2423
f 2235/2235/2235 2236/2236/2236 2423/2423/2423
f 2435/2435/2435 2423/2423/2423 2089/2089/2089
f 2390/2390/2390 2439/2439/2439 2100/2100/2100
f 2390/2390/2390 2425/2425/2425 2439/2439/2439
f 2088/2088/2088 2439/2439/2439 2425/2425/2425
f 2088/2088/2088 2100/2100/2100 2439/2439/2439
f 2425/2425/2425 2435/2435/2435 2440/2440/2440
f 2440/2440/2440 2435/2435/2435 2089/2089/2089
f 2089/2089/2089 2088/2088/2088 2440/2440/2440
f 2440/2440/2440 2088/2088/2088 2425/2425/2425
f 2180/2180/2180 2423/2423/2423 2236/2236/2236
f 2249/2249/2249 2261/2261/2261 2257/2257/2257
f 2249/2249/2249 2251/2251/2251 2261/2261/2261
f 2259/2259/2259 2257/2257/2257 2261/2261/2261
f 2315/2315/2315 2314/2314/2314 2342/2342/2342
f 2441/2441/2441 2098/2098/2098 2077/2077/2077
f 2156/2156/2156 2154/2154/2154 2387/2387/2387
f 2427/2427/2427 2351/2351/2351 2350/2350/2350
f 2411/2411/2411 2098/2098/2098 2441/2441/2441
f 2414/2414/2414 2412/2412/2412 2421/2421/2421
f 2309/2309/2309 2155/2155/2155 2104/2104/2104
f 2442/2442/2442 2334/2334/2334 2034/2034/2034
f 2279/2279/2279 2334/2334/2334 2442/2442/2442
f 2426/2426/2426 2390/2390/2390 2100/2100/2100
f 2096/2096/2096 2163/2163/2163 2097/2097/2097
f 2079/2079/2079 2108/2108/2108 2282/2282/2282
f 2118/2118/2118 2419/2419/2419 2443/2443/2443
f 2443/2443/2443 2419/2419/2419 2040/2040/2040
f 2040/2040/2040 2366/2366/2366 2443/2443/2443
f 2413/2413/2413 2327/2327/2327 2098/2098/2098
f 2443/2443/2443 2366/2366/2366 2118/2118/2118
f 2405/2405/2405 2077/2077/2077 2031/2031/2031
f 2213/2213/2213 2222/2222/2222 2298/2298/2298
f 2213/2213/2213 2298/2298/2298 2295/2295/2295
f 2296/2296/2296 2295/2295/2295 2298/2298/2298
f 2444/2444/2444 2402/2402/2402 2295/2295/2295
f 2037/2037/2037 2402/2402/2402 2444/2444/2444
f 2037/2037/2037 2444/2444/2444 2294/2294/2294
f 2444/2444/2444 2295/2295/2295 2294/2294/2294
f 2263/2263/2263 2445/2445/2445 2400/2400/2400
f 2445/2445/2445 2114/2114/2114 2400/2400/2400
f 2399/2399/2399 2114/2114/2114 2445/2445/2445
f 2399/2399/2399 2445/2445/2445 2263/2263/2263
f 2236/2236/2236 2446/2446/2446 2399/2399/2399
f 2446/2446/2446 2365/2365/2365 2399/2399/2399
f 2361/2361/2361 2360/2360/2360 2370/2370/2370
f 2365/2365/2365 2371/2371/2371 2356/2356/2356
f 2031/2031/2031 2033/2033/2033 2325/2325/2325
f 2324/2324/2324 2031/2031/2031 2325/2325/2325
g Canal10i9
s 1
f 2447/2447/2447 2448/2448/2448 2449/2449/2449
f 2450/2450/2450 2451/2451/2451 2452/2452/2452
f 2453/2453/2453 2454/2454/2454 2455/2455/2455
f 2452/2452/2452 2456/2456/2456 2450/2450/2450
f 2457/2457/2457 2458/2458/2458 2459/2459/2459
f 2460/2460/2460 2461/2461/2461 2462/2462/2462
f 2463/2463/2463 2464/2464/2464 2465/2465/2465
f 2462/2462/2462 2466/2466/2466 2460/2460/2460
f 2453/2453/2453 2455/2455/2455 2467/2467/2467
f 2468/2468/2468 2467/2467/2467 2455/2455/2455
f 2455/2455/2455 2469/2469/2469 2468/2468/2468
f 2470/2470/2470 2468/2468/2468 2469/2469/2469
f 2471/2471/2471 2472/2472/2472 2453/2453/2453
f 2451/2451/2451 2460/2460/2460 2466/2466/2466
f 2457/2457/2457 2473/2473/2473 2458/2458/2458
f 2466/2466/2466 2474/2474/2474 2451/2451/2451
f 2451/2451/2451 2474/2474/2474 2475/2475/2475
f 2475/2475/2475 2452/2452/2452 2451/2451/2451
f 2476/2476/2476 2477/2477/2477 2478/2478/2478
f 2479/2479/2479 2465/2465/2465 2464/2464/2464
f 2480/2480/2480 2481/2481/2481 2482/2482/2482
f 2483/2483/2483 2482/2482/2482 2481/2481/2481
f 2484/2484/2484 2485/2485/2485 2486/2486/2486
f 2487/2487/2487 2485/2485/2485 2484/2484/2484
f 2473/2473/2473 2488/2488/2488 2489/2489/2489
f 2490/2490/2490 2489/2489/2489 2488/2488/2488
f 2484/2484/2484 2491/2491/2491 2487/2487/2487
f 2489/2489/2489 2458/2458/2458 2473/2473/2473
f 2492/2492/2492 2493/2493/2493 2494/2494/2494
f 2495/2495/2495 2496/2496/2496 2497/2497/2497
f 2494/2494/2494 2498/2498/2498 2492/2492/2492
f 2458/2458/2458 2497/2497/2497 2496/2496/2496
f 2499/2499/2499 2500/2500/2500 2494/2494/2494
f 2484/2484/2484 2501/2501/2501 2494/2494/2494
f 2494/2494/2494 2500/2500/2500 2484/2484/2484
f 2491/2491/2491 2484/2484/2484 2500/2500/2500
f 2500/2500/2500 2502/2502/2502 2491/2491/2491
f 2503/2503/2503 2504/2504/2504 2501/2501/2501
f 2478/2478/2478 2505/2505/2505 2476/2476/2476
f 2476/2476/2476 2450/2450/2450 2506/2506/2506
f 2506/2506/2506 2477/2477/2477 2476/2476/2476
f 2456/2456/2456 2506/2506/2506 2450/2450/2450
f 2501/2501/2501 2486/2486/2486 2503/2503/2503
f 2507/2507/2507 2465/2465/2465 2508/2508/2508
f 2494/2494/2494 2493/2493/2493 2499/2499/2499
f 2502/2502/2502 2500/2500/2500 2499/2499/2499
f 2509/2509/2509 2510/2510/2510 2511/2511/2511
f 2511/2511/2511 2510/2510/2510 2512/2512/2512
f 2486/2486/2486 2501/2501/2501 2484/2484/2484
f 2512/2512/2512 2513/2513/2513 2511/2511/2511
f 2513/2513/2513 2512/2512/2512 2514/2514/2514
f 2514/2514/2514 2515/2515/2515 2513/2513/2513
f 2449/2449/2449 2516/2516/2516 2447/2447/2447
f 2451/2451/2451 2450/2450/2450 2476/2476/2476
f 2476/2476/2476 2460/2460/2460 2451/2451/2451
f 2460/2460/2460 2476/2476/2476 2505/2505/2505
f 2482/2482/2482 2483/2483/2483 2517/2517/2517
f 2505/2505/2505 2461/2461/2461 2460/2460/2460
f 2489/2489/2489 2518/2518/2518 2458/2458/2458
f 2518/2518/2518 2489/2489/2489 2519/2519/2519
f 2520/2520/2520 2517/2517/2517 2483/2483/2483
f 2490/2490/2490 2519/2519/2519 2489/2489/2489
f 2463/2463/2463 2507/2507/2507 2521/2521/2521
f 2519/2519/2519 2522/2522/2522 2523/2523/2523
f 2488/2488/2488 2524/2524/2524 2490/2490/2490
f 2490/2490/2490 2524/2524/2524 2519/2519/2519
f 2522/2522/2522 2519/2519/2519 2524/2524/2524
f 2525/2525/2525 2511/2511/2511 2526/2526/2526
f 2527/2527/2527 2526/2526/2526 2511/2511/2511
f 2511/2511/2511 2513/2513/2513 2527/2527/2527
f 2467/2467/2467 2528/2528/2528 2453/2453/2453
f 2529/2529/2529 2527/2527/2527 2513/2513/2513
f 2471/2471/2471 2453/2453/2453 2528/2528/2528
f 2530/2530/2530 2522/2522/2522 2528/2528/2528
f 2513/2513/2513 2515/2515/2515 2529/2529/2529
f 2531/2531/2531 2532/2532/2532 2498/2498/2498
f 2471/2471/2471 2524/2524/2524 2472/2472/2472
f 2471/2471/2471 2528/2528/2528 2524/2524/2524
f 2522/2522/2522 2524/2524/2524 2528/2528/2528
f 2498/2498/2498 2504/2504/2504 2531/2531/2531
f 2531/2531/2531 2504/2504/2504 2503/2503/2503
f 2532/2532/2532 2492/2492/2492 2498/2498/2498
f 2501/2501/2501 2504/2504/2504 2498/2498/2498
f 2498/2498/2498 2494/2494/2494 2501/2501/2501
f 2520/2520/2520 2533/2533/2533 2517/2517/2517
f 2468/2468/2468 2470/2470/2470 2534/2534/2534
f 2535/2535/2535 2467/2467/2467 2534/2534/2534
f 2468/2468/2468 2534/2534/2534 2467/2467/2467
f 2528/2528/2528 2467/2467/2467 2530/2530/2530
f 2454/2454/2454 2453/2453/2453 2472/2472/2472
f 2535/2535/2535 2530/2530/2530 2467/2467/2467
f 2480/2480/2480 2482/2482/2482 2536/2536/2536
f 2469/2469/2469 2455/2455/2455 2537/2537/2537
f 2538/2538/2538 2536/2536/2536 2482/2482/2482
f 2539/2539/2539 2537/2537/2537 2455/2455/2455
f 2540/2540/2540 2541/2541/2541 2542/2542/2542
f 2482/2482/2482 2517/2517/2517 2538/2538/2538
f 2543/2543/2543 2542/2542/2542 2541/2541/2541
f 2544/2544/2544 2538/2538/2538 2517/2517/2517
f 2517/2517/2517 2545/2545/2545 2544/2544/2544
f 2546/2546/2546 2495/2495/2495 2497/2497/2497
f 2547/2547/2547 2546/2546/2546 2518/2518/2518
f 2497/2497/2497 2518/2518/2518 2546/2546/2546
f 2519/2519/2519 2523/2523/2523 2518/2518/2518
f 2547/2547/2547 2518/2518/2518 2523/2523/2523
f 2496/2496/2496 2459/2459/2459 2458/2458/2458
f 2539/2539/2539 2455/2455/2455 2454/2454/2454
f 2505/2505/2505 2532/2532/2532 2531/2531/2531
f 2531/2531/2531 2461/2461/2461 2505/2505/2505
f 2531/2531/2531 2462/2462/2462 2461/2461/2461
f 2507/2507/2507 2463/2463/2463 2465/2465/2465
f 2532/2532/2532 2505/2505/2505 2478/2478/2478
f 2497/2497/2497 2458/2458/2458 2518/2518/2518
g Canal10i10
s 1
f 2548/2548/2548 2549/2549/2549 2550/2550/2550
f 2548/2548/2548 2550/2550/2550 2551/2551/2551
f 2552/2552/2552 2553/2553/2553 2554/2554/2554
f 2555/2555/2555 2556/2556/2556 2557/2557/2557
f 2558/2558/2558 2556/2556/2556 2555/2555/2555
f 2559/2559/2559 2560/2560/2560 2561/2561/2561
f 2559/2559/2559 2561/2561/2561 2562/2562/2562
f 2563/2563/2563 2562/2562/2562 2561/2561/2561
f 2563/2563/2563 2561/2561/2561 2560/2560/2560
f 2559/2559/2559 2562/2562/2562 2564/2564/2564
f 2565/2565/2565 2566/2566/2566 2567/2567/2567
f 2565/2565/2565 2567/2567/2567 2562/2562/2562
f 2564/2564/2564 2562/2562/2562 2567/2567/2567
f 2564/2564/2564 2567/2567/2567 2566/2566/2566
f 2565/2565/2565 2568/2568/2568 2566/2566/2566
f 2568/2568/2568 2569/2569/2569 2566/2566/2566
f 2570/2570/2570 2569/2569/2569 2568/2568/2568
f 2570/2570/2570 2568/2568/2568 2565/2565/2565
f 2571/2571/2571 2572/2572/2572 2573/2573/2573
f 2574/2574/2574 2572/2572/2572 2571/2571/2571
f 2571/2571/2571 2573/2573/2573 2575/2575/2575
f 2576/2576/2576 2577/2577/2577 2578/2578/2578
f 2579/2579/2579 2577/2577/2577 2576/2576/2576
f 2576/2576/2576 2578/2578/2578 2573/2573/2573
f 2580/2580/2580 2581/2581/2581 2582/2582/2582
f 2580/2580/2580 2582/2582/2582 2577/2577/2577
f 2577/2577/2577 2582/2582/2582 2583/2583/2583
f 2584/2584/2584 2571/2571/2571 2585/2585/2585
f 2585/2585/2585 2575/2575/2575 2586/2586/2586
f 2571/2571/2571 2575/2575/2575 2585/2585/2585
f 2587/2587/2587 2571/2571/2571 2584/2584/2584
f 2587/2587/2587 2574/2574/2574 2571/2571/2571
f 2560/2560/2560 2574/2574/2574 2587/2587/2587
f 2588/2588/2588 2579/2579/2579 2589/2589/2589
f 2588/2588/2588 2589/2589/2589 2574/2574/2574
f 2574/2574/2574 2589/2589/2589 2572/2572/2572
f 2589/2589/2589 2579/2579/2579 2572/2572/2572
f 2590/2590/2590 2591/2591/2591 2592/2592/2592
f 2591/2591/2591 2593/2593/2593 2592/2592/2592
f 2591/2591/2591 2594/2594/2594 2593/2593/2593
f 2590/2590/2590 2594/2594/2594 2591/2591/2591
f 2595/2595/2595 2596/2596/2596 2597/2597/2597
f 2592/2592/2592 2596/2596/2596 2595/2595/2595
f 2598/2598/2598 2592/2592/2592 2595/2595/2595
f 2598/2598/2598 2595/2595/2595 2597/2597/2597
f 2599/2599/2599 2600/2600/2600 2601/2601/2601
f 2600/2600/2600 2602/2602/2602 2601/2601/2601
f 2603/2603/2603 2601/2601/2601 2604/2604/2604
f 2599/2599/2599 2601/2601/2601 2603/2603/2603
f 2603/2603/2603 2604/2604/2604 2605/2605/2605
f 2602/2602/2602 2606/2606/2606 2601/2601/2601
f 2601/2601/2601 2606/2606/2606 2607/2607/2607
f 2605/2605/2605 2604/2604/2604 2608/2608/2608
f 2604/2604/2604 2609/2609/2609 2608/2608/2608
f 2610/2610/2610 2611/2611/2611 2612/2612/2612
f 2610/2610/2610 2612/2612/2612 2613/2613/2613
f 2614/2614/2614 2612/2612/2612 2611/2611/2611
f 2615/2615/2615 2616/2616/2616 2617/2617/2617
f 2616/2616/2616 2610/2610/2610 2617/2617/2617
f 2618/2618/2618 2610/2610/2610 2616/2616/2616
f 2618/2618/2618 2616/2616/2616 2615/2615/2615
f 2619/2619/2619 2620/2620/2620 2621/2621/2621
f 2622/2622/2622 2619/2619/2619 2623/2623/2623
f 2624/2624/2624 2625/2625/2625 2626/2626/2626
f 2627/2627/2627 2624/2624/2624 2628/2628/2628
f 2624/2624/2624 2626/2626/2626 2628/2628/2628
f 2625/2625/2625 2629/2629/2629 2626/2626/2626
f 2626/2626/2626 2629/2629/2629 2630/2630/2630
f 2629/2629/2629 2631/2631/2631 2630/2630/2630
f 2632/2632/2632 2633/2633/2633 2634/2634/2634
f 2633/2633/2633 2635/2635/2635 2634/2634/2634
f 2633/2633/2633 2636/2636/2636 2635/2635/2635
f 2637/2637/2637 2638/2638/2638 2639/2639/2639
f 2638/2638/2638 2640/2640/2640 2639/2639/2639
f 2638/2638/2638 2628/2628/2628 2640/2640/2640
f 2637/2637/2637 2628/2628/2628 2638/2638/2638
f 2641/2641/2641 2639/2639/2639 2642/2642/2642
f 2641/2641/2641 2642/2642/2642 2632/2632/2632
f 2640/2640/2640 2643/2643/2643 2644/2644/2644
f 2642/2642/2642 2644/2644/2644 2632/2632/2632
f 2614/2614/2614 2611/2611/2611 2645/2645/2645
f 2614/2614/2614 2645/2645/2645 2627/2627/2627
f 2646/2646/2646 2627/2627/2627 2645/2645/2645
f 2646/2646/2646 2645/2645/2645 2611/2611/2611
f 2552/2552/2552 2647/2647/2647 2553/2553/2553
f 2647/2647/2647 2557/2557/2557 2553/2553/2553
f 2555/2555/2555 2557/2557/2557 2647/2647/2647
f 2555/2555/2555 2647/2647/2647 2552/2552/2552
f 2557/2557/2557 2648/2648/2648 2553/2553/2553
f 2649/2649/2649 2553/2553/2553 2648/2648/2648
f 2649/2649/2649 2648/2648/2648 2650/2650/2650
f 2556/2556/2556 2650/2650/2650 2651/2651/2651
f 2556/2556/2556 2651/2651/2651 2557/2557/2557
f 2557/2557/2557 2651/2651/2651 2648/2648/2648
f 2651/2651/2651 2650/2650/2650 2648/2648/2648
f 2652/2652/2652 2653/2653/2653 2654/2654/2654
f 2653/2653/2653 2655/2655/2655 2654/2654/2654
f 2653/2653/2653 2656/2656/2656 2655/2655/2655
f 2652/2652/2652 2656/2656/2656 2653/2653/2653
f 2657/2657/2657 2654/2654/2654 2658/2658/2658
f 2657/2657/2657 2658/2658/2658 2659/2659/2659
f 2655/2655/2655 2660/2660/2660 2661/2661/2661
f 2658/2658/2658 2661/2661/2661 2659/2659/2659
f 2662/2662/2662 2660/2660/2660 2663/2663/2663
f 2661/2661/2661 2660/2660/2660 2662/2662/2662
f 2661/2661/2661 2662/2662/2662 2659/2659/2659
f 2660/2660/2660 2664/2664/2664 2663/2663/2663
f 2663/2663/2663 2664/2664/2664 2665/2665/2665
f 2666/2666/2666 2667/2667/2667 2668/2668/2668
f 2668/2668/2668 2667/2667/2667 2669/2669/2669
f 2667/2667/2667 2670/2670/2670 2669/2669/2669
f 2671/2671/2671 2672/2672/2672 2673/2673/2673
f 2672/2672/2672 2674/2674/2674 2675/2675/2675
f 2671/2671/2671 2673/2673/2673 2676/2676/2676
f 2671/2671/2671 2676/2676/2676 2677/2677/2677
f 2677/2677/2677 2676/2676/2676 2649/2649/2649
f 2678/2678/2678 2679/2679/2679 2674/2674/2674
f 2679/2679/2679 2680/2680/2680 2681/2681/2681
f 2678/2678/2678 2680/2680/2680 2679/2679/2679
f 2678/2678/2678 2674/2674/2674 2682/2682/2682
f 2678/2678/2678 2682/2682/2682 2671/2671/2671
f 2671/2671/2671 2682/2682/2682 2672/2672/2672
f 2682/2682/2682 2674/2674/2674 2672/2672/2672
f 2659/2659/2659 2683/2683/2683 2680/2680/2680
f 2683/2683/2683 2663/2663/2663 2680/2680/2680
f 2683/2683/2683 2662/2662/2662 2663/2663/2663
f 2659/2659/2659 2662/2662/2662 2683/2683/2683
f 2666/2666/2666 2684/2684/2684 2685/2685/2685
f 2684/2684/2684 2686/2686/2686 2685/2685/2685
f 2687/2687/2687 2684/2684/2684 2666/2666/2666
f 2687/2687/2687 2688/2688/2688 2684/2684/2684
f 2689/2689/2689 2688/2688/2688 2687/2687/2687
f 2690/2690/2690 2691/2691/2691 2692/2692/2692
f 2693/2693/2693 2691/2691/2691 2690/2690/2690
f 2690/2690/2690 2692/2692/2692 2686/2686/2686
f 2694/2694/2694 2695/2695/2695 2696/2696/2696
f 2694/2694/2694 2696/2696/2696 2691/2691/2691
f 2691/2691/2691 2696/2696/2696 2697/2697/2697
f 2696/2696/2696 2695/2695/2695 2697/2697/2697
f 2686/2686/2686 2692/2692/2692 2698/2698/2698
f 2684/2684/2684 2699/2699/2699 2686/2686/2686
f 2688/2688/2688 2699/2699/2699 2684/2684/2684
f 2700/2700/2700 2701/2701/2701 2670/2670/2670
f 2702/2702/2702 2703/2703/2703 2704/2704/2704
f 2697/2697/2697 2695/2695/2695 2702/2702/2702
f 2697/2697/2697 2702/2702/2702 2704/2704/2704
f 2705/2705/2705 2693/2693/2693 2706/2706/2706
f 2705/2705/2705 2706/2706/2706 2688/2688/2688
f 2688/2688/2688 2706/2706/2706 2699/2699/2699
f 2706/2706/2706 2693/2693/2693 2699/2699/2699
f 2695/2695/2695 2707/2707/2707 2708/2708/2708
f 2695/2695/2695 2708/2708/2708 2709/2709/2709
f 2707/2707/2707 2559/2559/2559 2708/2708/2708
f 2695/2695/2695 2709/2709/2709 2710/2710/2710
f 2695/2695/2695 2710/2710/2710 2702/2702/2702
f 2710/2710/2710 2703/2703/2703 2702/2702/2702
f 2711/2711/2711 2712/2712/2712 2605/2605/2605
f 2713/2713/2713 2712/2712/2712 2711/2711/2711
f 2711/2711/2711 2605/2605/2605 2714/2714/2714
f 2714/2714/2714 2608/2608/2608 2715/2715/2715
f 2605/2605/2605 2608/2608/2608 2714/2714/2714
f 2716/2716/2716 2713/2713/2713 2711/2711/2711
f 2717/2717/2717 2713/2713/2713 2716/2716/2716
f 2716/2716/2716 2711/2711/2711 2718/2718/2718
f 2719/2719/2719 2599/2599/2599 2720/2720/2720
f 2719/2719/2719 2720/2720/2720 2713/2713/2713
f 2713/2713/2713 2720/2720/2720 2712/2712/2712
f 2720/2720/2720 2599/2599/2599 2712/2712/2712
f 2718/2718/2718 2711/2711/2711 2721/2721/2721
f 2721/2721/2721 2714/2714/2714 2715/2715/2715
f 2711/2711/2711 2714/2714/2714 2721/2721/2721
f 2722/2722/2722 2718/2718/2718 2723/2723/2723
f 2723/2723/2723 2721/2721/2721 2715/2715/2715
f 2718/2718/2718 2721/2721/2721 2723/2723/2723
f 2724/2724/2724 2725/2725/2725 2726/2726/2726
f 2724/2724/2724 2726/2726/2726 2722/2722/2722
f 2726/2726/2726 2727/2727/2727 2722/2722/2722
f 2725/2725/2725 2727/2727/2727 2726/2726/2726
f 2724/2724/2724 2722/2722/2722 2728/2728/2728
f 2729/2729/2729 2724/2724/2724 2728/2728/2728
f 2643/2643/2643 2730/2730/2730 2731/2731/2731
f 2730/2730/2730 2631/2631/2631 2731/2731/2731
f 2630/2630/2630 2631/2631/2631 2730/2730/2730
f 2630/2630/2630 2730/2730/2730 2643/2643/2643
f 2732/2732/2732 2733/2733/2733 2734/2734/2734
f 2735/2735/2735 2733/2733/2733 2732/2732/2732
f 2732/2732/2732 2734/2734/2734 2736/2736/2736
f 2732/2732/2732 2736/2736/2736 2613/2613/2613
f 2737/2737/2737 2613/2613/2613 2736/2736/2736
f 2737/2737/2737 2736/2736/2736 2734/2734/2734
f 2738/2738/2738 2739/2739/2739 2740/2740/2740
f 2739/2739/2739 2741/2741/2741 2740/2740/2740
f 2739/2739/2739 2742/2742/2742 2741/2741/2741
f 2738/2738/2738 2742/2742/2742 2739/2739/2739
f 2743/2743/2743 2740/2740/2740 2744/2744/2744
f 2743/2743/2743 2744/2744/2744 2745/2745/2745
f 2741/2741/2741 2735/2735/2735 2746/2746/2746
f 2744/2744/2744 2746/2746/2746 2745/2745/2745
f 2747/2747/2747 2735/2735/2735 2732/2732/2732
f 2746/2746/2746 2735/2735/2735 2747/2747/2747
f 2746/2746/2746 2747/2747/2747 2745/2745/2745
f 2748/2748/2748 2749/2749/2749 2742/2742/2742
f 2749/2749/2749 2750/2750/2750 2742/2742/2742
f 2749/2749/2749 2751/2751/2751 2750/2750/2750
f 2748/2748/2748 2751/2751/2751 2749/2749/2749
f 2745/2745/2745 2752/2752/2752 2753/2753/2753
f 2752/2752/2752 2732/2732/2732 2753/2753/2753
f 2752/2752/2752 2747/2747/2747 2732/2732/2732
f 2745/2745/2745 2747/2747/2747 2752/2752/2752
f 2754/2754/2754 2753/2753/2753 2613/2613/2613
f 2614/2614/2614 2753/2753/2753 2754/2754/2754
f 2614/2614/2614 2754/2754/2754 2612/2612/2612
f 2754/2754/2754 2613/2613/2613 2612/2612/2612
f 2755/2755/2755 2756/2756/2756 2751/2751/2751
f 2756/2756/2756 2757/2757/2757 2751/2751/2751
f 2756/2756/2756 2758/2758/2758 2757/2757/2757
f 2755/2755/2755 2758/2758/2758 2756/2756/2756
f 2759/2759/2759 2729/2729/2729 2760/2760/2760
f 2761/2761/2761 2759/2759/2759 2758/2758/2758
f 2759/2759/2759 2760/2760/2760 2758/2758/2758
f 2729/2729/2729 2762/2762/2762 2760/2760/2760
f 2760/2760/2760 2762/2762/2762 2763/2763/2763
f 2762/2762/2762 2715/2715/2715 2763/2763/2763
f 2689/2689/2689 2764/2764/2764 2765/2765/2765
f 2764/2764/2764 2666/2666/2666 2765/2765/2765
f 2764/2764/2764 2687/2687/2687 2666/2666/2666
f 2689/2689/2689 2687/2687/2687 2764/2764/2764
f 2674/2674/2674 2766/2766/2766 2675/2675/2675
f 2766/2766/2766 2681/2681/2681 2675/2675/2675
f 2679/2679/2679 2681/2681/2681 2766/2766/2766
f 2679/2679/2679 2766/2766/2766 2674/2674/2674
f 2669/2669/2669 2670/2670/2670 2767/2767/2767
f 2669/2669/2669 2767/2767/2767 2660/2660/2660
f 2660/2660/2660 2767/2767/2767 2664/2664/2664
f 2767/2767/2767 2670/2670/2670 2664/2664/2664
f 2681/2681/2681 2768/2768/2768 2769/2769/2769
f 2681/2681/2681 2769/2769/2769 2675/2675/2675
f 2675/2675/2675 2769/2769/2769 2770/2770/2770
f 2663/2663/2663 2665/2665/2665 2771/2771/2771
f 2663/2663/2663 2771/2771/2771 2681/2681/2681
f 2681/2681/2681 2771/2771/2771 2768/2768/2768
f 2771/2771/2771 2665/2665/2665 2768/2768/2768
f 2727/2727/2727 2717/2717/2717 2772/2772/2772
f 2727/2727/2727 2772/2772/2772 2718/2718/2718
f 2772/2772/2772 2716/2716/2716 2718/2718/2718
f 2717/2717/2717 2716/2716/2716 2772/2772/2772
f 2773/2773/2773 2724/2724/2724 2729/2729/2729
f 2761/2761/2761 2724/2724/2724 2773/2773/2773
f 2761/2761/2761 2773/2773/2773 2759/2759/2759
f 2773/2773/2773 2729/2729/2729 2759/2759/2759
f 2774/2774/2774 2715/2715/2715 2775/2775/2775
f 2774/2774/2774 2775/2775/2775 2735/2735/2735
f 2735/2735/2735 2775/2775/2775 2733/2733/2733
f 2775/2775/2775 2715/2715/2715 2733/2733/2733
f 2665/2665/2665 2776/2776/2776 2768/2768/2768
f 2768/2768/2768 2776/2776/2776 2777/2777/2777
f 2776/2776/2776 2670/2670/2670 2777/2777/2777
f 2778/2778/2778 2548/2548/2548 2779/2779/2779
f 2779/2779/2779 2780/2780/2780 2781/2781/2781
f 2548/2548/2548 2551/2551/2551 2782/2782/2782
f 2781/2781/2781 2780/2780/2780 2783/2783/2783
f 2777/2777/2777 2670/2670/2670 2783/2783/2783
f 2777/2777/2777 2783/2783/2783 2780/2780/2780
f 2784/2784/2784 2785/2785/2785 2786/2786/2786
f 2787/2787/2787 2785/2785/2785 2784/2784/2784
f 2788/2788/2788 2789/2789/2789 2570/2570/2570
f 2586/2586/2586 2789/2789/2789 2788/2788/2788
f 2586/2586/2586 2788/2788/2788 2790/2790/2790
f 2788/2788/2788 2570/2570/2570 2790/2790/2790
f 2791/2791/2791 2790/2790/2790 2584/2584/2584
f 2586/2586/2586 2790/2790/2790 2791/2791/2791
f 2791/2791/2791 2585/2585/2585 2586/2586/2586
f 2584/2584/2584 2585/2585/2585 2791/2791/2791
f 2792/2792/2792 2793/2793/2793 2794/2794/2794
f 2792/2792/2792 2794/2794/2794 2795/2795/2795
f 2792/2792/2792 2795/2795/2795 2570/2570/2570
f 2570/2570/2570 2795/2795/2795 2569/2569/2569
f 2795/2795/2795 2794/2794/2794 2569/2569/2569
f 2796/2796/2796 2563/2563/2563 2560/2560/2560
f 2584/2584/2584 2563/2563/2563 2796/2796/2796
f 2796/2796/2796 2587/2587/2587 2584/2584/2584
f 2560/2560/2560 2587/2587/2587 2796/2796/2796
f 2797/2797/2797 2798/2798/2798 2581/2581/2581
f 2593/2593/2593 2798/2798/2798 2797/2797/2797
f 2593/2593/2593 2797/2797/2797 2799/2799/2799
f 2797/2797/2797 2581/2581/2581 2799/2799/2799
f 2800/2800/2800 2801/2801/2801 2802/2802/2802
f 2800/2800/2800 2802/2802/2802 2798/2798/2798
f 2798/2798/2798 2802/2802/2802 2803/2803/2803
f 2590/2590/2590 2804/2804/2804 2594/2594/2594
f 2804/2804/2804 2805/2805/2805 2594/2594/2594
f 2804/2804/2804 2806/2806/2806 2805/2805/2805
f 2590/2590/2590 2806/2806/2806 2804/2804/2804
f 2807/2807/2807 2808/2808/2808 2731/2731/2731
f 2597/2597/2597 2808/2808/2808 2807/2807/2807
f 2597/2597/2597 2807/2807/2807 2809/2809/2809
f 2807/2807/2807 2731/2731/2731 2809/2809/2809
f 2805/2805/2805 2810/2810/2810 2811/2811/2811
f 2805/2805/2805 2811/2811/2811 2800/2800/2800
f 2800/2800/2800 2811/2811/2811 2801/2801/2801
f 2811/2811/2811 2810/2810/2810 2801/2801/2801
f 2812/2812/2812 2813/2813/2813 2814/2814/2814
f 2812/2812/2812 2814/2814/2814 2815/2815/2815
f 2812/2812/2812 2815/2815/2815 2805/2805/2805
f 2805/2805/2805 2815/2815/2815 2810/2810/2810
f 2815/2815/2815 2814/2814/2814 2810/2810/2810
f 2816/2816/2816 2737/2737/2737 2734/2734/2734
f 2817/2817/2817 2737/2737/2737 2816/2816/2816
f 2817/2817/2817 2816/2816/2816 2818/2818/2818
f 2816/2816/2816 2734/2734/2734 2818/2818/2818
f 2625/2625/2625 2819/2819/2819 2646/2646/2646
f 2819/2819/2819 2627/2627/2627 2646/2646/2646
f 2627/2627/2627 2819/2819/2819 2624/2624/2624
f 2819/2819/2819 2625/2625/2625 2624/2624/2624
f 2818/2818/2818 2734/2734/2734 2820/2820/2820
f 2818/2818/2818 2820/2820/2820 2715/2715/2715
f 2733/2733/2733 2715/2715/2715 2820/2820/2820
f 2733/2733/2733 2820/2820/2820 2734/2734/2734
f 2631/2631/2631 2821/2821/2821 2618/2618/2618
f 2821/2821/2821 2625/2625/2625 2618/2618/2618
f 2625/2625/2625 2821/2821/2821 2629/2629/2629
f 2821/2821/2821 2631/2631/2631 2629/2629/2629
f 2822/2822/2822 2823/2823/2823 2824/2824/2824
f 2823/2823/2823 2825/2825/2825 2824/2824/2824
f 2824/2824/2824 2623/2623/2623 2826/2826/2826
f 2824/2824/2824 2826/2826/2826 2827/2827/2827
f 2827/2827/2827 2826/2826/2826 2828/2828/2828
f 2826/2826/2826 2623/2623/2623 2828/2828/2828
f 2825/2825/2825 2829/2829/2829 2622/2622/2622
f 2829/2829/2829 2830/2830/2830 2622/2622/2622
f 2830/2830/2830 2620/2620/2620 2831/2831/2831
f 2830/2830/2830 2831/2831/2831 2622/2622/2622
f 2622/2622/2622 2831/2831/2831 2619/2619/2619
f 2831/2831/2831 2620/2620/2620 2619/2619/2619
f 2623/2623/2623 2832/2832/2832 2828/2828/2828
f 2828/2828/2828 2832/2832/2832 2833/2833/2833
f 2830/2830/2830 2834/2834/2834 2620/2620/2620
f 2834/2834/2834 2835/2835/2835 2620/2620/2620
f 2835/2835/2835 2836/2836/2836 2620/2620/2620
f 2620/2620/2620 2836/2836/2836 2609/2609/2609
f 2778/2778/2778 2837/2837/2837 2548/2548/2548
f 2837/2837/2837 2549/2549/2549 2548/2548/2548
f 2838/2838/2838 2549/2549/2549 2837/2837/2837
f 2838/2838/2838 2837/2837/2837 2778/2778/2778
f 2839/2839/2839 2558/2558/2558 2840/2840/2840
f 2839/2839/2839 2840/2840/2840 2552/2552/2552
f 2840/2840/2840 2555/2555/2555 2552/2552/2552
f 2558/2558/2558 2555/2555/2555 2840/2840/2840
f 2786/2786/2786 2841/2841/2841 2839/2839/2839
f 2841/2841/2841 2558/2558/2558 2839/2839/2839
f 2785/2785/2785 2558/2558/2558 2841/2841/2841
f 2785/2785/2785 2841/2841/2841 2786/2786/2786
f 2842/2842/2842 2839/2839/2839 2549/2549/2549
f 2786/2786/2786 2839/2839/2839 2842/2842/2842
f 2786/2786/2786 2842/2842/2842 2838/2838/2838
f 2842/2842/2842 2549/2549/2549 2838/2838/2838
f 2839/2839/2839 2552/2552/2552 2843/2843/2843
f 2839/2839/2839 2843/2843/2843 2549/2549/2549
f 2549/2549/2549 2843/2843/2843 2550/2550/2550
f 2843/2843/2843 2552/2552/2552 2550/2550/2550
f 2550/2550/2550 2552/2552/2552 2844/2844/2844
f 2550/2550/2550 2844/2844/2844 2551/2551/2551
f 2844/2844/2844 2554/2554/2554 2551/2551/2551
f 2552/2552/2552 2554/2554/2554 2844/2844/2844
f 2845/2845/2845 2846/2846/2846 2838/2838/2838
f 2846/2846/2846 2786/2786/2786 2838/2838/2838
f 2784/2784/2784 2786/2786/2786 2846/2846/2846
f 2784/2784/2784 2846/2846/2846 2845/2845/2845
f 2847/2847/2847 2838/2838/2838 2778/2778/2778
f 2845/2845/2845 2838/2838/2838 2847/2847/2847
f 2848/2848/2848 2849/2849/2849 2850/2850/2850
f 2851/2851/2851 2566/2566/2566 2850/2850/2850
f 2564/2564/2564 2566/2566/2566 2851/2851/2851
f 2849/2849/2849 2564/2564/2564 2851/2851/2851
f 2849/2849/2849 2851/2851/2851 2850/2850/2850
f 2850/2850/2850 2566/2566/2566 2852/2852/2852
f 2850/2850/2850 2852/2852/2852 2853/2853/2853
f 2569/2569/2569 2853/2853/2853 2852/2852/2852
f 2569/2569/2569 2852/2852/2852 2566/2566/2566
f 2794/2794/2794 2854/2854/2854 2569/2569/2569
f 2569/2569/2569 2854/2854/2854 2853/2853/2853
f 2578/2578/2578 2855/2855/2855 2801/2801/2801
f 2855/2855/2855 2583/2583/2583 2801/2801/2801
f 2577/2577/2577 2583/2583/2583 2855/2855/2855
f 2577/2577/2577 2855/2855/2855 2578/2578/2578
f 2578/2578/2578 2801/2801/2801 2856/2856/2856
f 2578/2578/2578 2856/2856/2856 2857/2857/2857
f 2810/2810/2810 2857/2857/2857 2856/2856/2856
f 2810/2810/2810 2856/2856/2856 2801/2801/2801
f 2578/2578/2578 2857/2857/2857 2858/2858/2858
f 2575/2575/2575 2858/2858/2858 2586/2586/2586
f 2572/2572/2572 2579/2579/2579 2859/2859/2859
f 2572/2572/2572 2859/2859/2859 2573/2573/2573
f 2859/2859/2859 2576/2576/2576 2573/2573/2573
f 2579/2579/2579 2576/2576/2576 2859/2859/2859
f 2573/2573/2573 2578/2578/2578 2860/2860/2860
f 2573/2573/2573 2860/2860/2860 2575/2575/2575
f 2575/2575/2575 2860/2860/2860 2858/2858/2858
f 2860/2860/2860 2578/2578/2578 2858/2858/2858
f 2814/2814/2814 2861/2861/2861 2810/2810/2810
f 2810/2810/2810 2861/2861/2861 2857/2857/2857
f 2604/2604/2604 2862/2862/2862 2621/2621/2621
f 2862/2862/2862 2607/2607/2607 2621/2621/2621
f 2601/2601/2601 2607/2607/2607 2862/2862/2862
f 2601/2601/2601 2862/2862/2862 2604/2604/2604
f 2604/2604/2604 2621/2621/2621 2863/2863/2863
f 2604/2604/2604 2863/2863/2863 2609/2609/2609
f 2620/2620/2620 2609/2609/2609 2863/2863/2863
f 2620/2620/2620 2863/2863/2863 2621/2621/2621
f 2864/2864/2864 2603/2603/2603 2605/2605/2605
f 2599/2599/2599 2603/2603/2603 2864/2864/2864
f 2712/2712/2712 2599/2599/2599 2864/2864/2864
f 2712/2712/2712 2864/2864/2864 2605/2605/2605
f 2602/2602/2602 2865/2865/2865 2606/2606/2606
f 2865/2865/2865 2866/2866/2866 2606/2606/2606
f 2867/2867/2867 2619/2619/2619 2621/2621/2621
f 2623/2623/2623 2619/2619/2619 2867/2867/2867
f 2623/2623/2623 2867/2867/2867 2832/2832/2832
f 2867/2867/2867 2621/2621/2621 2832/2832/2832
f 2636/2636/2636 2868/2868/2868 2635/2635/2635
f 2868/2868/2868 2731/2731/2731 2635/2635/2635
f 2868/2868/2868 2643/2643/2643 2731/2731/2731
f 2636/2636/2636 2643/2643/2643 2868/2868/2868
f 2639/2639/2639 2640/2640/2640 2869/2869/2869
f 2639/2639/2639 2869/2869/2869 2642/2642/2642
f 2642/2642/2642 2869/2869/2869 2644/2644/2644
f 2869/2869/2869 2640/2640/2640 2644/2644/2644
f 2644/2644/2644 2643/2643/2643 2870/2870/2870
f 2644/2644/2644 2870/2870/2870 2632/2632/2632
f 2870/2870/2870 2643/2643/2643 2636/2636/2636
f 2649/2649/2649 2871/2871/2871 2553/2553/2553
f 2871/2871/2871 2554/2554/2554 2553/2553/2553
f 2871/2871/2871 2872/2872/2872 2554/2554/2554
f 2649/2649/2649 2872/2872/2872 2871/2871/2871
f 2654/2654/2654 2655/2655/2655 2873/2873/2873
f 2654/2654/2654 2873/2873/2873 2658/2658/2658
f 2658/2658/2658 2873/2873/2873 2661/2661/2661
f 2873/2873/2873 2655/2655/2655 2661/2661/2661
f 2666/2666/2666 2874/2874/2874 2667/2667/2667
f 2874/2874/2874 2670/2670/2670 2667/2667/2667
f 2874/2874/2874 2685/2685/2685 2670/2670/2670
f 2666/2666/2666 2685/2685/2685 2874/2874/2874
f 2672/2672/2672 2675/2675/2675 2875/2875/2875
f 2672/2672/2672 2875/2875/2875 2673/2673/2673
f 2673/2673/2673 2875/2875/2875 2876/2876/2876
f 2676/2676/2676 2673/2673/2673 2877/2877/2877
f 2676/2676/2676 2877/2877/2877 2649/2649/2649
f 2673/2673/2673 2876/2876/2876 2877/2877/2877
f 2675/2675/2675 2770/2770/2770 2878/2878/2878
f 2875/2875/2875 2675/2675/2675 2878/2878/2878
f 2875/2875/2875 2878/2878/2878 2876/2876/2876
f 2703/2703/2703 2879/2879/2879 2850/2850/2850
f 2879/2879/2879 2848/2848/2848 2850/2850/2850
f 2709/2709/2709 2848/2848/2848 2879/2879/2879
f 2709/2709/2709 2880/2880/2880 2848/2848/2848
f 2880/2880/2880 2559/2559/2559 2848/2848/2848
f 2708/2708/2708 2559/2559/2559 2880/2880/2880
f 2708/2708/2708 2880/2880/2880 2709/2709/2709
f 2703/2703/2703 2850/2850/2850 2881/2881/2881
f 2703/2703/2703 2881/2881/2881 2701/2701/2701
f 2881/2881/2881 2853/2853/2853 2701/2701/2701
f 2850/2850/2850 2853/2853/2853 2881/2881/2881
f 2701/2701/2701 2882/2882/2882 2670/2670/2670
f 2854/2854/2854 2670/2670/2670 2882/2882/2882
f 2854/2854/2854 2882/2882/2882 2853/2853/2853
f 2685/2685/2685 2686/2686/2686 2883/2883/2883
f 2685/2685/2685 2883/2883/2883 2670/2670/2670
f 2883/2883/2883 2698/2698/2698 2670/2670/2670
f 2686/2686/2686 2698/2698/2698 2883/2883/2883
f 2884/2884/2884 2690/2690/2690 2686/2686/2686
f 2693/2693/2693 2690/2690/2690 2884/2884/2884
f 2699/2699/2699 2693/2693/2693 2884/2884/2884
f 2699/2699/2699 2884/2884/2884 2686/2686/2686
f 2691/2691/2691 2697/2697/2697 2885/2885/2885
f 2691/2691/2691 2885/2885/2885 2692/2692/2692
f 2692/2692/2692 2885/2885/2885 2704/2704/2704
f 2885/2885/2885 2697/2697/2697 2704/2704/2704
f 2698/2698/2698 2886/2886/2886 2670/2670/2670
f 2886/2886/2886 2700/2700/2700 2670/2670/2670
f 2704/2704/2704 2700/2700/2700 2886/2886/2886
f 2692/2692/2692 2704/2704/2704 2887/2887/2887
f 2692/2692/2692 2887/2887/2887 2698/2698/2698
f 2698/2698/2698 2887/2887/2887 2886/2886/2886
f 2887/2887/2887 2704/2704/2704 2886/2886/2886
f 2704/2704/2704 2703/2703/2703 2888/2888/2888
f 2704/2704/2704 2888/2888/2888 2700/2700/2700
f 2888/2888/2888 2701/2701/2701 2700/2700/2700
f 2703/2703/2703 2701/2701/2701 2888/2888/2888
f 2710/2710/2710 2709/2709/2709 2889/2889/2889
f 2710/2710/2710 2889/2889/2889 2703/2703/2703
f 2889/2889/2889 2879/2879/2879 2703/2703/2703
f 2709/2709/2709 2879/2879/2879 2889/2889/2889
f 2582/2582/2582 2581/2581/2581 2890/2890/2890
f 2582/2582/2582 2890/2890/2890 2583/2583/2583
f 2583/2583/2583 2890/2890/2890 2803/2803/2803
f 2606/2606/2606 2866/2866/2866 2891/2891/2891
f 2606/2606/2606 2891/2891/2891 2607/2607/2607
f 2607/2607/2607 2891/2891/2891 2833/2833/2833
f 2892/2892/2892 2723/2723/2723 2715/2715/2715
f 2722/2722/2722 2723/2723/2723 2892/2892/2892
f 2728/2728/2728 2722/2722/2722 2892/2892/2892
f 2728/2728/2728 2892/2892/2892 2715/2715/2715
f 2608/2608/2608 2609/2609/2609 2893/2893/2893
f 2608/2608/2608 2893/2893/2893 2715/2715/2715
f 2836/2836/2836 2715/2715/2715 2893/2893/2893
f 2836/2836/2836 2893/2893/2893 2609/2609/2609
f 2632/2632/2632 2894/2894/2894 2633/2633/2633
f 2894/2894/2894 2636/2636/2636 2633/2633/2633
f 2894/2894/2894 2870/2870/2870 2636/2636/2636
f 2632/2632/2632 2870/2870/2870 2894/2894/2894
f 2740/2740/2740 2741/2741/2741 2895/2895/2895
f 2740/2740/2740 2895/2895/2895 2744/2744/2744
f 2744/2744/2744 2895/2895/2895 2746/2746/2746
f 2895/2895/2895 2741/2741/2741 2746/2746/2746
f 2729/2729/2729 2896/2896/2896 2762/2762/2762
f 2896/2896/2896 2715/2715/2715 2762/2762/2762
f 2896/2896/2896 2728/2728/2728 2715/2715/2715
f 2729/2729/2729 2728/2728/2728 2896/2896/2896
f 2897/2897/2897 2770/2770/2770 2780/2780/2780
f 2898/2898/2898 2770/2770/2770 2897/2897/2897
f 2897/2897/2897 2780/2780/2780 2782/2782/2782
f 2664/2664/2664 2670/2670/2670 2899/2899/2899
f 2664/2664/2664 2899/2899/2899 2665/2665/2665
f 2665/2665/2665 2899/2899/2899 2776/2776/2776
f 2899/2899/2899 2670/2670/2670 2776/2776/2776
f 2770/2770/2770 2900/2900/2900 2780/2780/2780
f 2900/2900/2900 2777/2777/2777 2780/2780/2780
f 2768/2768/2768 2777/2777/2777 2900/2900/2900
f 2769/2769/2769 2768/2768/2768 2901/2901/2901
f 2769/2769/2769 2901/2901/2901 2770/2770/2770
f 2901/2901/2901 2900/2900/2900 2770/2770/2770
f 2768/2768/2768 2900/2900/2900 2901/2901/2901
f 2779/2779/2779 2548/2548/2548 2902/2902/2902
f 2779/2779/2779 2902/2902/2902 2780/2780/2780
f 2902/2902/2902 2782/2782/2782 2780/2780/2780
f 2548/2548/2548 2782/2782/2782 2902/2902/2902
f 2903/2903/2903 2779/2779/2779 2781/2781/2781
f 2778/2778/2778 2779/2779/2779 2903/2903/2903
f 2904/2904/2904 2783/2783/2783 2670/2670/2670
f 2781/2781/2781 2783/2783/2783 2904/2904/2904
f 2905/2905/2905 2784/2784/2784 2845/2845/2845
f 2787/2787/2787 2784/2784/2784 2905/2905/2905
f 2793/2793/2793 2670/2670/2670 2906/2906/2906
f 2793/2793/2793 2906/2906/2906 2794/2794/2794
f 2794/2794/2794 2906/2906/2906 2854/2854/2854
f 2906/2906/2906 2670/2670/2670 2854/2854/2854
f 2798/2798/2798 2803/2803/2803 2907/2907/2907
f 2798/2798/2798 2907/2907/2907 2581/2581/2581
f 2890/2890/2890 2581/2581/2581 2907/2907/2907
f 2890/2890/2890 2907/2907/2907 2803/2803/2803
f 2813/2813/2813 2586/2586/2586 2908/2908/2908
f 2813/2813/2813 2908/2908/2908 2814/2814/2814
f 2814/2814/2814 2908/2908/2908 2861/2861/2861
f 2908/2908/2908 2586/2586/2586 2861/2861/2861
f 2828/2828/2828 2833/2833/2833 2909/2909/2909
f 2828/2828/2828 2909/2909/2909 2866/2866/2866
f 2891/2891/2891 2866/2866/2866 2909/2909/2909
f 2891/2891/2891 2909/2909/2909 2833/2833/2833
f 2835/2835/2835 2910/2910/2910 2836/2836/2836
f 2910/2910/2910 2715/2715/2715 2836/2836/2836
f 2911/2911/2911 2564/2564/2564 2849/2849/2849
f 2559/2559/2559 2564/2564/2564 2911/2911/2911
f 2848/2848/2848 2559/2559/2559 2911/2911/2911
f 2848/2848/2848 2911/2911/2911 2849/2849/2849
f 2583/2583/2583 2803/2803/2803 2912/2912/2912
f 2583/2583/2583 2912/2912/2912 2801/2801/2801
f 2802/2802/2802 2801/2801/2801 2912/2912/2912
f 2802/2802/2802 2912/2912/2912 2803/2803/2803
f 2858/2858/2858 2857/2857/2857 2913/2913/2913
f 2858/2858/2858 2913/2913/2913 2586/2586/2586
f 2861/2861/2861 2586/2586/2586 2913/2913/2913
f 2861/2861/2861 2913/2913/2913 2857/2857/2857
f 2607/2607/2607 2833/2833/2833 2914/2914/2914
f 2607/2607/2607 2914/2914/2914 2621/2621/2621
f 2832/2832/2832 2621/2621/2621 2914/2914/2914
f 2832/2832/2832 2914/2914/2914 2833/2833/2833
f 2898/2898/2898 2915/2915/2915 2551/2551/2551
f 2915/2915/2915 2782/2782/2782 2551/2551/2551
f 2915/2915/2915 2897/2897/2897 2782/2782/2782
f 2898/2898/2898 2897/2897/2897 2915/2915/2915
f 2872/2872/2872 2916/2916/2916 2554/2554/2554
f 2916/2916/2916 2551/2551/2551 2554/2554/2554
f 2916/2916/2916 2898/2898/2898 2551/2551/2551
f 2872/2872/2872 2898/2898/2898 2916/2916/2916
f 2649/2649/2649 2917/2917/2917 2872/2872/2872
f 2917/2917/2917 2898/2898/2898 2872/2872/2872
f 2917/2917/2917 2918/2918/2918 2898/2898/2898
f 2649/2649/2649 2918/2918/2918 2917/2917/2917
f 2877/2877/2877 2876/2876/2876 2919/2919/2919
f 2877/2877/2877 2919/2919/2919 2649/2649/2649
f 2919/2919/2919 2918/2918/2918 2649/2649/2649
f 2876/2876/2876 2918/2918/2918 2919/2919/2919
f 2876/2876/2876 2920/2920/2920 2918/2918/2918
f 2918/2918/2918 2920/2920/2920 2898/2898/2898
f 2920/2920/2920 2770/2770/2770 2898/2898/2898
f 2878/2878/2878 2770/2770/2770 2921/2921/2921
f 2878/2878/2878 2921/2921/2921 2876/2876/2876
f 2876/2876/2876 2921/2921/2921 2920/2920/2920
f 2921/2921/2921 2770/2770/2770 2920/2920/2920
f 2701/2701/2701 2853/2853/2853 2882/2882/2882
f 2592/2592/2592 2593/2593/2593 2922/2922/2922
f 2579/2579/2579 2580/2580/2580 2577/2577/2577
f 2560/2560/2560 2588/2588/2588 2574/2574/2574
f 2596/2596/2596 2922/2922/2922 2635/2635/2635
f 2592/2592/2592 2922/2922/2922 2596/2596/2596
f 2922/2922/2922 2634/2634/2634 2635/2635/2635
f 2632/2632/2632 2634/2634/2634 2581/2581/2581
f 2617/2617/2617 2610/2610/2610 2613/2613/2613
f 2615/2615/2615 2617/2617/2617 2817/2817/2817
f 2637/2637/2637 2639/2639/2639 2641/2641/2641
f 2627/2627/2627 2628/2628/2628 2637/2637/2637
f 2628/2628/2628 2626/2626/2626 2640/2640/2640
f 2652/2652/2652 2654/2654/2654 2657/2657/2657
f 2689/2689/2689 2765/2765/2765 2652/2652/2652
f 2765/2765/2765 2666/2666/2666 2668/2668/2668
f 2659/2659/2659 2680/2680/2680 2678/2678/2678
f 2680/2680/2680 2663/2663/2663 2681/2681/2681
f 2693/2693/2693 2694/2694/2694 2691/2691/2691
f 2689/2689/2689 2705/2705/2705 2688/2688/2688
f 2717/2717/2717 2719/2719/2719 2713/2713/2713
f 2761/2761/2761 2725/2725/2725 2724/2724/2724
f 2725/2725/2725 2717/2717/2717 2727/2727/2727
f 2722/2722/2722 2727/2727/2727 2718/2718/2718
f 2626/2626/2626 2630/2630/2630 2640/2640/2640
f 2640/2640/2640 2630/2630/2630 2643/2643/2643
f 2738/2738/2738 2740/2740/2740 2743/2743/2743
f 2748/2748/2748 2742/2742/2742 2738/2738/2738
f 2742/2742/2742 2750/2750/2750 2741/2741/2741
f 2745/2745/2745 2753/2753/2753 2614/2614/2614
f 2753/2753/2753 2732/2732/2732 2613/2613/2613
f 2755/2755/2755 2751/2751/2751 2748/2748/2748
f 2751/2751/2751 2757/2757/2757 2750/2750/2750
f 2761/2761/2761 2758/2758/2758 2755/2755/2755
f 2758/2758/2758 2760/2760/2760 2757/2757/2757
f 2656/2656/2656 2668/2668/2668 2655/2655/2655
f 2765/2765/2765 2668/2668/2668 2656/2656/2656
f 2765/2765/2765 2656/2656/2656 2652/2652/2652
f 2668/2668/2668 2669/2669/2669 2655/2655/2655
f 2655/2655/2655 2669/2669/2669 2660/2660/2660
f 2750/2750/2750 2774/2774/2774 2741/2741/2741
f 2741/2741/2741 2774/2774/2774 2735/2735/2735
f 2757/2757/2757 2923/2923/2923 2750/2750/2750
f 2750/2750/2750 2923/2923/2923 2774/2774/2774
f 2923/2923/2923 2715/2715/2715 2774/2774/2774
f 2760/2760/2760 2763/2763/2763 2757/2757/2757
f 2757/2757/2757 2763/2763/2763 2923/2923/2923
f 2763/2763/2763 2715/2715/2715 2923/2923/2923
f 2789/2789/2789 2792/2792/2792 2570/2570/2570
f 2790/2790/2790 2570/2570/2570 2565/2565/2565
f 2790/2790/2790 2565/2565/2565 2584/2584/2584
f 2584/2584/2584 2565/2565/2565 2563/2563/2563
f 2565/2565/2565 2562/2562/2562 2563/2563/2563
f 2593/2593/2593 2800/2800/2800 2798/2798/2798
f 2594/2594/2594 2800/2800/2800 2593/2593/2593
f 2594/2594/2594 2805/2805/2805 2800/2800/2800
f 2808/2808/2808 2635/2635/2635 2731/2731/2731
f 2808/2808/2808 2596/2596/2596 2635/2635/2635
f 2597/2597/2597 2596/2596/2596 2808/2808/2808
f 2809/2809/2809 2731/2731/2731 2631/2631/2631
f 2593/2593/2593 2799/2799/2799 2922/2922/2922
f 2922/2922/2922 2799/2799/2799 2634/2634/2634
f 2799/2799/2799 2581/2581/2581 2634/2634/2634
f 2590/2590/2590 2592/2592/2592 2598/2598/2598
f 2806/2806/2806 2812/2812/2812 2805/2805/2805
f 2737/2737/2737 2617/2617/2617 2613/2613/2613
f 2817/2817/2817 2617/2617/2617 2737/2737/2737
f 2618/2618/2618 2625/2625/2625 2610/2610/2610
f 2631/2631/2631 2618/2618/2618 2615/2615/2615
f 2625/2625/2625 2646/2646/2646 2610/2610/2610
f 2610/2610/2610 2646/2646/2646 2611/2611/2611
f 2824/2824/2824 2825/2825/2825 2623/2623/2623
f 2822/2822/2822 2824/2824/2824 2827/2827/2827
f 2825/2825/2825 2622/2622/2622 2623/2623/2623
f 2827/2827/2827 2828/2828/2828 2866/2866/2866
