ModelFile;PositionX;PositionY;PositionZ;RotationX;RotationY;RotationZ;RotationW;ScaleFactor;ModelId;Type;FileDataID;DoodadSetIndexes;DoodadSetNames
..\..\world\kalimdor\azshara\passivedoodads\trees\azr_tree01.m2;22382.23828125;122.0029067993164;12725.71484375;0;0;0;;1;295058;m2;201332;0;
..\..\world\kalimdor\azshara\passivedoodads\trees\azr_tree01.m2;22619.21875;119.60648345947266;12771.818359375;0;0;0;;1;295077;m2;201332;0;
..\..\world\kalimdor\azshara\passivedoodads\trees\azr_tree01.m2;22715.853515625;114.4057388305664;12823.0078125;0;0;0;;1;295401;m2;201332;0;
..\..\world\kalimdor\azshara\passivedoodads\trees\azr_tree01.m2;22621.50390625;107.38471221923828;12560.1484375;0;0;0;;1;295578;m2;201332;0;
..\..\world\kalimdor\azshara\passivedoodads\trees\azr_tree01.m2;22929.138671875;98.028076171875;12677.6982421875;0;0;0;;1;296388;m2;201332;0;
..\..\world\kalimdor\azshara\passivedoodads\trees\azr_tree01.m2;22372.857421875;129.79869079589844;12811.2998046875;0;314.5;0;;0.9091796875;295059;m2;201332;0;
..\..\world\kalimdor\azshara\passivedoodads\trees\azr_tree03.m2;22948.8984375;99.57933044433594;12664.5400390625;0;0;0;;1.51953125;296389;m2;201334;0;
..\..\world\kalimdor\azshara\passivedoodads\trees\azr_tree01.m2;22414.228515625;135.31874084472656;12505.3935546875;0;0;0;;0.7998046875;295073;m2;201332;0;
..\..\world\kalimdor\azshara\passivedoodads\trees\azr_tree01.m2;22603.541015625;106.24479675292969;12702.6025390625;0;304;0;;0.7392578125;295076;m2;201332;0;
..\..\world\kalimdor\darkshore\passivedoodads\trees\darkshorefallentree01.m2;22936.30078125;105.75540924072266;12385.189453125;12.499998092651367;154;73.99999237060547;;2.109375;296601;m2;201571;0;
..\..\world\kalimdor\azshara\passivedoodads\trees\azr_tree02.m2;22606.884765625;109.0215835571289;12337.65625;0;0;0;;1.19921875;295374;m2;201333;0;
..\..\world\kalimdor\azshara\passivedoodads\trees\azr_tree01.m2;22812.306640625;103.59523010253906;12412.884765625;0;281.5;0;;0.69921875;294599;m2;201332;0;
..\..\world\kalimdor\azshara\passivedoodads\trees\azr_tree05.m2;22830.23828125;103.054931640625;12454.294921875;0;190;0;;1.8896484375;296582;m2;201336;0;
..\..\world\kalimdor\azshara\passivedoodads\trees\azr_tree01.m2;22431.841796875;116.50515747070312;12584.6748046875;0;0;0;;0.6298828125;295074;m2;201332;0;
..\..\world\kalimdor\azshara\passivedoodads\trees\azr_tree01.m2;22950.6875;103.8089370727539;12308.70703125;0;0;0;;0.619140625;296807;m2;201332;0;
..\..\world\kalimdor\azshara\passivedoodads\trees\azr_tree02.m2;22716.03515625;103.337890625;12348.451171875;0;0;0;;1;295613;m2;201333;0;
..\..\world\kalimdor\azshara\passivedoodads\trees\azr_tree02.m2;22835.63671875;105.4175796508789;12756.54296875;0;0;0;;1;295498;m2;201333;0;
..\..\world\kalimdor\azshara\passivedoodads\trees\azr_tree02.m2;22405.951171875;111.88005828857422;12365.6796875;0;0;0;;1;70052572;m2;201333;0;
..\..\world\kalimdor\azshara\passivedoodads\trees\azr_tree02.m2;22380.2421875;161.93260192871094;12463.9140625;0;0;0;;1;295264;m2;201333;0;
..\..\world\kalimdor\azshara\passivedoodads\trees\azr_tree02.m2;22734.30078125;105.33534240722656;12652.95703125;0;0;0;;1;295481;m2;201333;0;
..\..\world\kalimdor\azshara\passivedoodads\trees\azr_tree02.m2;22873.357421875;109.21357727050781;12626.779296875;0;0;0;;1;295713;m2;201333;0;
..\..\world\kalimdor\darkshore\passivedoodads\darkshoretrees\darkshoretree08.m2;22575.875;81.28636932373047;12733.9921875;0;0;0;;1;295101;m2;201519;0;
..\..\world\kalimdor\darkshore\passivedoodads\darkshoretrees\darkshoretree08.m2;22606.91015625;105.3518295288086;12555.7060546875;0;0;0;;1;295579;m2;201519;0;
..\..\world\kalimdor\azshara\passivedoodads\trees\azr_tree01.m2;22505.96875;106.67257690429688;12653.021484375;0;0;0;;0.5693359375;295075;m2;201332;0;
..\..\world\kalimdor\azshara\passivedoodads\trees\azr_tree03.m2;22911.916015625;98.99496459960938;12663.615234375;0;0;0;;1;296392;m2;201334;0;
..\..\world\kalimdor\azshara\passivedoodads\trees\azr_tree03.m2;22892.28125;111.7344970703125;12526.416015625;0;0;0;;1;296504;m2;201334;0;
..\..\world\kalimdor\azshara\passivedoodads\trees\azr_tree03.m2;22943.5078125;103.337646484375;12294.51171875;0;0;0;;1;296802;m2;201334;0;
..\..\world\kalimdor\azshara\passivedoodads\trees\azr_tree03.m2;22712.64453125;113.5787124633789;12807.5078125;0;0;0;;1;295443;m2;201334;0;
..\..\world\kalimdor\azshara\passivedoodads\trees\azr_tree03.m2;22876.1328125;101.90804290771484;12512.390625;0;0;0;;1;296502;m2;201334;0;
..\..\world\kalimdor\azshara\passivedoodads\trees\azr_tree03.m2;22815.619140625;101.42780303955078;12259.125;0;0;0;;1;296567;m2;201334;0;
..\..\world\kalimdor\azshara\passivedoodads\trees\azr_tree03.m2;22624.6328125;111.87843322753906;12575.810546875;0;0;0;;1;295583;m2;201334;0;
..\..\world\kalimdor\azshara\passivedoodads\trees\azr_tree03.m2;22404.509765625;141.73805236816406;12506.1796875;0;0;0;;1;295333;m2;201334;0;
..\..\world\kalimdor\azshara\passivedoodads\trees\azr_tree02.m2;22937.15625;100.83540344238281;12698.416015625;0;0;0;;0.8994140625;295714;m2;201333;0;
..\..\world\kalimdor\azshara\passivedoodads\trees\azr_tree01.m2;22826.859375;99.8824462890625;12258.30078125;0;0;0;;0.51953125;295702;m2;201332;0;
..\..\world\kalimdor\azshara\passivedoodads\trees\azr_tree05.m2;22898.099609375;106.75636291503906;12272.5244140625;0;216;0;;1.25;297048;m2;201336;0;
..\..\world\kalimdor\azshara\passivedoodads\trees\azr_tree06.m2;22731.5390625;105.7868423461914;12658.154296875;0;326;0;;2.259765625;295483;m2;201337;0;
..\..\world\kalimdor\azshara\passivedoodads\trees\azr_tree03.m2;22402.015625;168.2757110595703;12541.47265625;0;0;0;;0.8798828125;295259;m2;201334;0;
..\..\world\kalimdor\azshara\passivedoodads\trees\azr_tree02.m2;22661.91015625;110.2801284790039;12641.259765625;0;0;0;;0.8291015625;296257;m2;201333;0;
..\..\world\kalimdor\azshara\passivedoodads\trees\azr_tree03.m2;22493.34375;102.58999633789062;12806.76953125;0;0;0;;0.859375;295169;m2;201334;0;
..\..\world\kalimdor\azshara\passivedoodads\trees\azr_tree02.m2;22459.5625;107.517822265625;12434.7353515625;0;0;0;;0.8095703125;295267;m2;201333;0;
..\..\world\kalimdor\azshara\passivedoodads\trees\azr_tree02.m2;22623.375;122.72683715820312;12787.0869140625;0;0;0;;0.7998046875;295246;m2;201333;0;
..\..\world\kalimdor\azshara\passivedoodads\trees\azr_tree03.m2;22647.203125;100.22196197509766;12534.36328125;0;0;0;;0.8291015625;295585;m2;201334;0;
..\..\world\kalimdor\azshara\passivedoodads\trees\azr_tree02.m2;22462.203125;109.87203979492188;12530.984375;0;0;0;;0.7890625;295263;m2;201333;0;
..\..\world\kalimdor\azshara\passivedoodads\trees\azr_tree06.m2;22835.44140625;101.5935287475586;12371.333984375;12.499999046325684;352;0;;1.869140625;295670;m2;201337;0;
..\..\world\kalimdor\azshara\passivedoodads\trees\azr_tree02.m2;22798.162109375;107.50843048095703;12675.96484375;0;0;0;;0.759765625;296268;m2;201333;0;
..\..\world\kalimdor\azshara\passivedoodads\trees\azr_tree02.m2;22490.509765625;110.19309997558594;12704.470703125;0;0;0;;0.759765625;295271;m2;201333;0;
..\..\world\kalimdor\azshara\passivedoodads\trees\azr_tree03.m2;22890.98046875;114.44985961914062;12472.2587890625;0;0;0;;0.76953125;296450;m2;201334;0;
..\..\world\kalimdor\azshara\passivedoodads\trees\azr_tree02.m2;22726.306640625;104.04786682128906;12710.7216796875;0;0;0;;0.7294921875;295494;m2;201333;0;
..\..\world\kalimdor\azshara\passivedoodads\trees\azr_tree02.m2;22878.818359375;108.16217803955078;12521.021484375;0;0;0;;0.7099609375;295708;m2;201333;0;
..\..\world\kalimdor\azshara\passivedoodads\trees\azr_tree05.m2;22815.8515625;103.32888793945312;12582.015625;-1.499999761581421;120;9.499998092651367;;1;295710;m2;201336;0;
..\..\world\kalimdor\azshara\passivedoodads\trees\azr_tree03.m2;22585.560546875;107.2969970703125;12803.7216796875;0;297.5;0;;0.7294921875;295165;m2;201334;0;
..\..\world\kalimdor\azshara\passivedoodads\trees\azr_tree02.m2;22599.08203125;107.37004852294922;12333.88671875;0;0;0;;0.689453125;295373;m2;201333;0;
..\..\world\kalimdor\azshara\passivedoodads\trees\azr_tree05.m2;22402.76953125;120.75852966308594;12414.359375;0;230.00001525878906;0;;1;296105;m2;201336;0;
..\..\world\kalimdor\azshara\passivedoodads\trees\azr_tree05.m2;22725.921875;102.18205261230469;12398.966796875;0;138.5;0;;1;295610;m2;201336;0;
..\..\world\kalimdor\azshara\passivedoodads\trees\azr_tree05.m2;22826.9375;102.57711791992188;12582.025390625;0;302;0;;1;295709;m2;201336;0;
..\..\world\kalimdor\azshara\passivedoodads\trees\azr_tree05.m2;22493.03125;106.00460815429688;12747.146484375;0;135.5;0;;1;295272;m2;201336;0;
..\..\world\kalimdor\azshara\passivedoodads\trees\azr_tree03.m2;22890.6875;108.50324249267578;12531.291015625;0;0;0;;0.69921875;296503;m2;201334;0;
..\..\world\kalimdor\azshara\passivedoodads\trees\azr_tree05.m2;22863.6953125;113.55194854736328;12463.0341796875;0;119;0;;1;295688;m2;201336;0;
..\..\world\kalimdor\azshara\passivedoodads\trees\azr_tree05.m2;22551.697265625;102.3205337524414;12312.33203125;5.500000476837158;254.5;1.9999994039535522;;1;295370;m2;201336;0;
..\..\world\kalimdor\azshara\passivedoodads\trees\azr_tree05.m2;22513.634765625;109.08262634277344;12324.9375;0;156.5;0;;1;296283;m2;201336;0;
..\..\world\kalimdor\azshara\passivedoodads\trees\azr_tree02.m2;22452.74609375;109.06510162353516;12358.8359375;0;0;0;;0.6591796875;295266;m2;201333;0;
..\..\world\kalimdor\azshara\passivedoodads\trees\azr_tree03.m2;22643.013671875;105.92011260986328;12383.6875;0;0;0;;0.6796875;295377;m2;201334;0;
..\..\world\kalimdor\darkshore\passivedoodads\darkshoretrees\darkshoretree08.m2;22940.951171875;100.98245239257812;12274.5625;0;0;0;;0.6494140625;296805;m2;201519;0;
..\..\world\kalimdor\azshara\passivedoodads\trees\azr_tree03.m2;22478.89453125;103.4112777709961;12491.6669921875;0;0;0;;0.669921875;295258;m2;201334;0;
..\..\world\kalimdor\azshara\passivedoodads\trees\azr_tree02.m2;22603.49609375;118.28713989257812;12773.3623046875;0;261;0;;0.6396484375;295247;m2;201333;0;
..\..\world\kalimdor\azshara\passivedoodads\trees\azr_tree02.m2;22419.208984375;120.6063232421875;12608.69140625;0;0;0;;0.6396484375;295262;m2;201333;0;
..\..\world\kalimdor\azshara\passivedoodads\trees\azr_tree03.m2;22753.556640625;106.5450210571289;12541.68359375;0;329.5;0;;0.6591796875;348565;m2;201334;0;
..\..\world\kalimdor\azshara\passivedoodads\trees\azr_tree03.m2;22446.99609375;106.86036682128906;12418.07421875;0;0;0;;0.6591796875;295355;m2;201334;0;
..\..\world\kalimdor\azshara\passivedoodads\trees\azr_tree03.m2;22655.0546875;105.16256713867188;12561.9169921875;0;0;0;;0.6494140625;295582;m2;201334;0;
..\..\world\kalimdor\azshara\passivedoodads\trees\azr_tree06.m2;22629.099609375;120.27268981933594;12763.826171875;0;320.5;0;;1.6591796875;295248;m2;201337;0;
..\..\world\kalimdor\azshara\passivedoodads\trees\azr_tree05.m2;22696.322265625;108.8488998413086;12618.119140625;0;257.5;0;;1;295476;m2;201336;0;
..\..\world\kalimdor\azshara\passivedoodads\trees\azr_tree02.m2;22492.8125;103.13762664794922;12338.0625;0;12.5;0;;0.609375;296292;m2;201333;0;
..\..\world\kalimdor\darkshore\passivedoodads\darkshoretrees\darkshoretree08.m2;22609.1796875;114.89350128173828;12362.283203125;0;0;0;;0.609375;295375;m2;201519;0;
..\..\world\kalimdor\azshara\passivedoodads\trees\azr_tree05.m2;22583.58203125;101.34049224853516;12657.6796875;0;80.5;0;;1;295199;m2;201336;0;
..\..\world\kalimdor\azshara\passivedoodads\trees\azr_tree03.m2;22405.103515625;111.22615814208984;12375.416015625;0;352.5;0;;0.609375;295356;m2;201334;0;
..\..\world\kalimdor\azshara\passivedoodads\trees\azr_tree03.m2;22427.04296875;141.59225463867188;12510.927734375;0;0;0;;0.609375;295334;m2;201334;0;
..\..\world\kalimdor\darkshore\passivedoodads\darkshoretrees\darkshoretree08.m2;22555.05078125;73.90605163574219;12799.8623046875;0;0;0;;0.58984375;295180;m2;201519;0;
..\..\world\kalimdor\azshara\passivedoodads\trees\azr_tree02.m2;22933.537109375;128.24371337890625;12475.052734375;0;268.5;0;;0.5791015625;296508;m2;201333;0;
..\..\world\kalimdor\darkshore\passivedoodads\darkshoretrees\darkshoretree08.m2;22625.228515625;110.03294372558594;12582.359375;0;0;0;;0.5791015625;295580;m2;201519;0;
..\..\world\kalimdor\azshara\passivedoodads\trees\azr_tree05.m2;22629.130859375;99.06818389892578;12435.564453125;-0.49999988079071045;86.5;3.000000238418579;;1;295601;m2;201336;0;
..\..\world\kalimdor\azshara\passivedoodads\trees\azr_tree03.m2;22588.015625;103.22561645507812;12758.3603515625;0;0;0;;0.58984375;295167;m2;201334;0;
..\..\world\kalimdor\azshara\passivedoodads\trees\azr_tree03.m2;22825.984375;97.98145294189453;12267.4697265625;0;0;0;;0.5791015625;296566;m2;201334;0;
..\..\world\kalimdor\darkshore\passivedoodads\darkshoretrees\darkshoretree08.m2;22528.72265625;68.80416870117188;12732.9951171875;0;0;0;;0.5595703125;295181;m2;201519;0;
..\..\world\kalimdor\azshara\passivedoodads\trees\azr_tree05.m2;22533.46875;104.46231079101562;12547.4306640625;0;89;0;;1;295392;m2;201336;0;
..\..\world\kalimdor\azshara\passivedoodads\trees\azr_tree05.m2;22834.75390625;107.44918823242188;12458.58984375;0;58.5;0;;0.7998046875;296583;m2;201336;0;
..\..\world\kalimdor\azshara\passivedoodads\trees\azr_tree02.m2;22863.99609375;104.15463256835938;12722.18359375;0;0;0;;0.5390625;295499;m2;201333;0;
..\..\world\kalimdor\azshara\passivedoodads\trees\azr_tree06.m2;22674.3828125;120.64349365234375;12327.52734375;0;187;0;;1.419921875;295615;m2;201337;0;
..\..\world\kalimdor\darkshore\passivedoodads\trees\darkshorefallentree01.m2;22733.076171875;102.19280242919922;12410.28515625;4.500000953674316;35.5;90;;1;295609;m2;201571;0;
..\..\world\kalimdor\azshara\passivedoodads\trees\azr_tree02.m2;22917.0625;108.38947296142578;12565.6513671875;0;0;0;;0.529296875;295707;m2;201333;0;
..\..\world\kalimdor\azshara\passivedoodads\trees\azr_tree03.m2;22614.130859375;114.52996063232422;12359.2265625;0;0;0;;0.5498046875;295376;m2;201334;0;
..\..\world\kalimdor\azshara\passivedoodads\trees\azr_tree03.m2;22644.21484375;100.01864624023438;12530.43359375;0;313.5;0;;0.5498046875;295586;m2;201334;0;
..\..\world\kalimdor\azshara\passivedoodads\trees\azr_tree03.m2;22866.01953125;124.07373046875;12419.96484375;0;0;0;;0.5390625;296456;m2;201334;0;
..\..\world\kalimdor\darkshore\passivedoodads\darkshoretrees\darkshoretree08.m2;22572.103515625;90.4548568725586;12684.619140625;0;0;0;;0.51953125;295103;m2;201519;0;
..\..\world\kalimdor\azshara\passivedoodads\trees\azr_tree03.m2;22503.091796875;97.50569152832031;12771.0810546875;0;0;0;;0.529296875;295168;m2;201334;0;
..\..\world\kalimdor\azshara\passivedoodads\trees\azr_tree06.m2;22522.6171875;102.45426177978516;12299.5419921875;16.999998092651367;196.49998474121094;-5.000000476837158;;1.1396484375;295368;m2;201337;0;
..\..\world\kalimdor\darkshore\passivedoodads\darkshoretrees\darkshoretree08.m2;22870.84765625;124.72450256347656;12417.712890625;0;0;0;;0.509765625;296454;m2;201519;0;
..\..\world\kalimdor\darkshore\passivedoodads\darkshoretrees\darkshoretree08.m2;22652.75;100.71353912353516;12439.3828125;0;0;0;;0.509765625;295600;m2;201519;0;
..\..\world\kalimdor\darkshore\passivedoodads\darkshoretrees\darkshoretree08.m2;22519.39453125;74.11275482177734;12770.1103515625;0;0;0;;0.4990234375;295098;m2;201519;0;
..\..\world\kalimdor\azshara\passivedoodads\trees\azr_tree04.m2;22897.9140625;114.38614654541016;12468.736328125;0;0;0;;1.779296875;296448;m2;201335;0;
..\..\world\kalimdor\azshara\passivedoodads\trees\azr_tree03.m2;22804.91015625;105.52385711669922;12420.130859375;0;0;0;;0.509765625;294605;m2;201334;0;
..\..\world\kalimdor\azshara\passivedoodads\trees\azr_tree03.m2;22502.39453125;108.3169174194336;12645.24609375;0;0;0;;0.509765625;295315;m2;201334;0;
..\..\world\kalimdor\azshara\passivedoodads\trees\azr_tree03.m2;22595.81640625;106.46510314941406;12553.98046875;0;0;0;;0.509765625;295584;m2;201334;0;
..\..\world\kalimdor\darkshore\passivedoodads\darkshoretrees\darkshoretree08.m2;22649.80078125;104.99031829833984;12566.6591796875;0;0;0;;0.4892578125;295581;m2;201519;0;
..\..\world\kalimdor\azshara\passivedoodads\trees\azr_tree03.m2;22753.36328125;99.5090103149414;12440.53515625;0;0.5;0;;0.5;348564;m2;201334;0;
..\..\world\kalimdor\darkshore\passivedoodads\darkshoretrees\darkshoretree08.m2;22520.865234375;69.02784729003906;12800.0078125;0;0;0;;0.4697265625;295102;m2;201519;0;
..\..\world\kalimdor\azshara\passivedoodads\trees\azr_tree03.m2;22750.697265625;107.52057647705078;12546.005859375;0;0;0;;0.4794921875;296339;m2;201334;0;
..\..\world\kalimdor\azshara\passivedoodads\trees\azr_tree06.m2;22825.326171875;108.79557037353516;12741.953125;7.500000476837158;0;15.500000953674316;;1;295497;m2;201337;0;
..\..\world\kalimdor\azshara\passivedoodads\trees\azr_tree03.m2;22801.572265625;104.23738098144531;12408.306640625;0;281.5;0;;0.4697265625;294606;m2;201334;0;
..\..\world\kalimdor\azshara\passivedoodads\trees\azr_tree03.m2;22801.123046875;106.95797729492188;12666.52734375;0;0;0;;0.4697265625;296273;m2;201334;0;
..\..\world\kalimdor\darkshore\passivedoodads\darkshoretrees\darkshoretree08.m2;22811.759765625;106.08357238769531;12404;0;0;0;;0.44921875;294601;m2;201519;0;
..\..\world\kalimdor\darkshore\passivedoodads\darkshoretrees\darkshoretree08.m2;22525.77734375;83.56820678710938;12690.076171875;0;0;0;;0.44921875;295097;m2;201519;0;
..\..\world\kalimdor\azshara\passivedoodads\trees\azr_tree02.m2;22724.34765625;101.55269622802734;12351.576171875;0;0;0;;0.439453125;295614;m2;201333;0;
..\..\world\kalimdor\azshara\passivedoodads\trees\azr_tree02.m2;22438.65625;120.90419006347656;12580.3310546875;0;0;0;;0.439453125;295275;m2;201333;0;
..\..\world\kalimdor\darkshore\passivedoodads\darkshoretrees\darkshoretree08.m2;22823.248046875;106.58167266845703;12419.787109375;0;315;0;;0.4296875;294602;m2;201519;0;
..\..\world\kalimdor\azshara\passivedoodads\trees\azr_tree06.m2;22438.390625;125.3607177734375;12718.591796875;14.499998092651367;62;-1.5000008344650269;;1;295294;m2;201337;0;
..\..\world\kalimdor\azshara\passivedoodads\trees\azr_tree03.m2;22581.80078125;106.50729370117188;12805.962890625;0;0;0;;0.4296875;295166;m2;201334;0;
..\..\world\kalimdor\darkshore\passivedoodads\darkshoretrees\darkshoretree08.m2;22571.12890625;89.72364044189453;12688.904296875;0;357;0;;0.3994140625;295182;m2;201519;0;
..\..\world\kalimdor\azshara\passivedoodads\trees\azr_tree04.m2;22468.93359375;116.25643157958984;12732.36328125;0;282;0;;1.419921875;295188;m2;201335;0;
..\..\world\kalimdor\azshara\passivedoodads\trees\azr_tree06.m2;22674.130859375;118.12357330322266;12332.58203125;0;0;0;;1.0498046875;295616;m2;201337;0;
..\..\world\kalimdor\azshara\passivedoodads\trees\azr_tree06.m2;22530.22265625;100.72197723388672;12529.390625;3.000000238418579;273;1.0000001192092896;;1;295394;m2;201337;0;
..\..\world\kalimdor\darkshore\passivedoodads\darkshoretrees\darkshoretree08.m2;22901.09375;106.96539306640625;12266.5947265625;0;0;0;;0.3798828125;297049;m2;201519;0;
..\..\world\kalimdor\azshara\passivedoodads\trees\azr_tree06.m2;22459.1796875;109.81474304199219;12355.9296875;0;301;0;;1;295360;m2;201337;0;
..\..\world\kalimdor\azshara\passivedoodads\trees\azr_tree06.m2;22740.462890625;106.13902282714844;12645.3134765625;0;338;0;;1;295482;m2;201337;0;
..\..\world\kalimdor\azshara\passivedoodads\trees\azr_tree06.m2;22804.244140625;106.75559997558594;12679.5078125;0;250.49998474121094;0;;1;296269;m2;201337;0;
..\..\world\kalimdor\azshara\passivedoodads\trees\azr_tree06.m2;22733.203125;103.88651275634766;12708.09375;0;323;0;;1;295495;m2;201337;0;
..\..\world\kalimdor\azshara\passivedoodads\trees\azr_tree06.m2;22825.728515625;107.4159164428711;12750.16015625;0;224.5;0;;1;295496;m2;201337;0;
..\..\world\kalimdor\azshara\passivedoodads\trees\azr_tree06.m2;22860.6484375;104.62787628173828;12715.833984375;0;67;0;;1;295500;m2;201337;0;
..\..\world\kalimdor\azshara\passivedoodads\trees\azr_tree06.m2;22722.25;88.47891998291016;12299.828125;0;59.5;0;;1;296576;m2;201337;0;
..\..\world\kalimdor\azshara\passivedoodads\trees\azr_tree03.m2;22495.8125;102.5397720336914;12805.04296875;0;327.5;0;;0.3896484375;295170;m2;201334;0;
..\..\world\kalimdor\darkshore\passivedoodads\darkshoretrees\darkshoretree08.m2;22605;108.8855972290039;12725.0732421875;0;0;0;;0.3291015625;295254;m2;201519;0;
..\..\world\kalimdor\azshara\passivedoodads\trees\azr_tree05.m2;22797.11328125;99.66346740722656;12807.4404296875;0;0;0;;0.5390625;295433;m2;201336;0;
..\..\world\kalimdor\azshara\passivedoodads\trees\azr_tree04.m2;22419.07421875;130.8710174560547;12494.7607421875;0;0;0;;1;295332;m2;201335;0;
..\..\world\kalimdor\azshara\passivedoodads\trees\azr_tree04.m2;22802.4140625;96.02305603027344;12432.953125;0;352.5;0;;1;294600;m2;201335;0;
..\..\world\kalimdor\azshara\passivedoodads\trees\azr_tree04.m2;22792.646484375;99.3096694946289;12404.2822265625;0;0;0;;1;294603;m2;201335;0;
..\..\world\kalimdor\azshara\passivedoodads\trees\azr_tree04.m2;22525.572265625;85.46034240722656;12687.1435546875;0;0;0;;1;295184;m2;201335;0;
..\..\world\kalimdor\azshara\passivedoodads\trees\azr_tree04.m2;22509.31640625;100.32850646972656;12744.400390625;0;0;0;;1;295185;m2;201335;0;
..\..\world\kalimdor\azshara\passivedoodads\trees\azr_tree04.m2;22456.154296875;113.93814086914062;12795.826171875;0;0;0;;1;295186;m2;201335;0;
..\..\world\kalimdor\azshara\passivedoodads\trees\azr_tree04.m2;22465.83203125;114.59414672851562;12737.216796875;0;0;0;;1;295187;m2;201335;0;
..\..\world\kalimdor\azshara\passivedoodads\trees\azr_tree04.m2;22513.17578125;106.45606994628906;12649.7978515625;0;0;0;;1;295313;m2;201335;0;
..\..\world\kalimdor\azshara\passivedoodads\trees\azr_tree04.m2;22482.06640625;104.4876708984375;12488.7578125;0;0;0;;1;295323;m2;201335;0;
..\..\world\kalimdor\azshara\passivedoodads\trees\azr_tree04.m2;22457.3125;107.62954711914062;12429.345703125;0;0;0;;1;295329;m2;201335;0;
..\..\world\kalimdor\azshara\passivedoodads\trees\azr_tree04.m2;22836.701171875;104.83770751953125;12763.7509765625;0;0;0;;1;295510;m2;201335;0;
..\..\world\kalimdor\azshara\passivedoodads\trees\azr_tree04.m2;22637.171875;99.41776275634766;12445.5712890625;0;0;0;;1;295599;m2;201335;0;
..\..\world\kalimdor\azshara\passivedoodads\trees\azr_tree04.m2;22652.513671875;102.14701843261719;12436.001953125;0;0;0;;1;295607;m2;201335;0;
..\..\world\kalimdor\azshara\passivedoodads\trees\azr_tree04.m2;22639.416015625;105.95034790039062;12383.5546875;0;0;0;;1;295608;m2;201335;0;
..\..\world\kalimdor\azshara\passivedoodads\trees\azr_tree04.m2;22862.244140625;113.95497131347656;12460.529296875;0;0;0;;1;295690;m2;201335;0;
..\..\world\kalimdor\azshara\passivedoodads\trees\azr_tree04.m2;22840.228515625;108.68052673339844;12404.123046875;0;0;0;;1;295695;m2;201335;0;
..\..\world\kalimdor\azshara\passivedoodads\trees\azr_tree04.m2;22668.47265625;112.47308349609375;12642.88671875;0;291;0;;1;296262;m2;201335;0;
..\..\world\kalimdor\azshara\passivedoodads\trees\azr_tree04.m2;22908.125;99.8553466796875;12658.576171875;0;0;0;;1;296393;m2;201335;0;
..\..\world\kalimdor\azshara\passivedoodads\trees\azr_tree04.m2;22932.349609375;100.25016021728516;12704.3759765625;0;0;0;;1;296395;m2;201335;0;
..\..\world\kalimdor\azshara\passivedoodads\trees\azr_tree04.m2;22899.537109375;118.99128723144531;12399.734375;0;0;0;;1;296460;m2;201335;0;
..\..\world\kalimdor\azshara\passivedoodads\trees\azr_tree04.m2;22596.5859375;105.65937042236328;12694.6279296875;0;0;0;;1;295253;m2;201335;0;
..\..\world\kalimdor\azshara\passivedoodads\trees\azr_tree04.m2;22632.951171875;111.4515609741211;12712.2578125;0;0;0;;1;295256;m2;201335;0;
..\..\world\kalimdor\azshara\passivedoodads\trees\azr_tree04.m2;22468.5546875;108.49713897705078;12532.779296875;0;0;0;;1;295277;m2;201335;0;
..\..\world\kalimdor\azshara\passivedoodads\trees\azr_tree04.m2;22468.81640625;107.66243743896484;12580.021484375;0;0;0;;1;295278;m2;201335;0;
..\..\world\kalimdor\azshara\passivedoodads\trees\azr_tree04.m2;22498.39453125;108.53865814208984;12654.544921875;0;0;0;;1;295312;m2;201335;0;
..\..\world\kalimdor\azshara\passivedoodads\trees\azr_tree04.m2;22475.50390625;108.91085052490234;12448.8310546875;0;0;0;;1;295324;m2;201335;0;
..\..\world\kalimdor\azshara\passivedoodads\trees\azr_tree04.m2;22443.86328125;107.94084930419922;12416.537109375;0;0;0;;1;295352;m2;201335;0;
..\..\world\kalimdor\azshara\passivedoodads\trees\azr_tree04.m2;22478.37890625;105.29837799072266;12353.767578125;0;0;0;;1;295353;m2;201335;0;
..\..\world\kalimdor\azshara\passivedoodads\trees\azr_tree04.m2;22884.65234375;102.57205963134766;12737.947265625;0;0;0;;1;295511;m2;201335;0;
..\..\world\kalimdor\azshara\passivedoodads\trees\azr_tree04.m2;22748.78515625;101.0624771118164;12763.478515625;0;0;0;;1;295514;m2;201335;0;
..\..\world\kalimdor\azshara\passivedoodads\trees\azr_tree04.m2;22687.353515625;112.1080093383789;12673.3291015625;0;0;0;;1;296263;m2;201335;0;
..\..\world\kalimdor\azshara\passivedoodads\trees\azr_tree04.m2;22793.505859375;107.80110931396484;12672.2060546875;0;0;0;;1;296272;m2;201335;0;
..\..\world\kalimdor\azshara\passivedoodads\trees\azr_tree04.m2;22613.74609375;115.64543914794922;12363.6953125;0;0;0;;1;296297;m2;201335;0;
..\..\world\kalimdor\azshara\passivedoodads\trees\azr_tree04.m2;22931.474609375;114.8584976196289;12546.6015625;0;0;0;;1;296447;m2;201335;0;
..\..\world\kalimdor\azshara\passivedoodads\trees\azr_tree04.m2;22871.951171875;125.62947845458984;12430.8466796875;0;0;0;;1;296457;m2;201335;0;
..\..\world\kalimdor\azshara\passivedoodads\trees\azr_tree04.m2;22857.884765625;120.14498138427734;12415.875;0;0;0;;1;296459;m2;201335;0;
..\..\world\kalimdor\azshara\passivedoodads\trees\azr_tree04.m2;22926.919921875;126.10576629638672;12474.80859375;0;0;0;;1;296514;m2;201335;0;
..\..\world\kalimdor\azshara\passivedoodads\trees\azr_tree04.m2;22900.60546875;113.39232635498047;12471.4384765625;0;0;0;;0.9892578125;296449;m2;201335;0;
..\..\world\kalimdor\azshara\passivedoodads\trees\azr_tree06.m2;22650.046875;100.31987762451172;12493.271484375;0;64.9522705078125;0;;0.7294921875;312544;m2;201337;0;
..\..\world\kalimdor\azshara\passivedoodads\rocks\azshararock03.m2;22406.494140625;137.79132080078125;12500.326171875;22.999996185302734;213.5;-17.499998092651367;;3.4296875;295336;m2;201307;0;
..\..\world\generic\nightelf\passivedoodads\ruins\azrelfruin09.m2;22733.765625;105.29192352294922;12518.220703125;4.5;209;0.49999988079071045;;1;296337;m2;198816;0;
..\..\world\kalimdor\darkshore\passivedoodads\darkshoretrees\darkshoretree08.m2;22868.796875;126.30254364013672;12424.43359375;0;0;0;;0.2294921875;296455;m2;201519;0;
..\..\world\generic\nightelf\passivedoodads\ruins\azrelfruin09.m2;22745.70703125;105.29090118408203;12541.546875;0;28;0;;1;296319;m2;198816;0;
..\..\world\kalimdor\azshara\passivedoodads\trees\azr_tree07.m2;22439.0546875;119.37129974365234;12587.3857421875;0;261.9999694824219;0;;1.849609375;295282;m2;201338;0;
..\..\world\kalimdor\azshara\passivedoodads\rocks\azshararock03.m2;22523.568359375;74.51541900634766;12752.357421875;0;122.5;0;;3.5390625;295091;m2;201307;0;
..\..\world\kalimdor\darkshore\passivedoodads\fallentreeroots\darkshorefallentreeroots01.m2;22806.599609375;96.6574935913086;12476.12890625;12.500000953674316;137;-17.5;;1;296581;m2;201528;0;
..\..\world\kalimdor\azshara\passivedoodads\trees\azr_tree07.m2;22915.431640625;97.71329498291016;12684.146484375;0;225.5;0;;1.7294921875;296398;m2;201338;0;
..\..\world\kalimdor\azshara\passivedoodads\trees\azr_tree04.m2;22688.927734375;111.72879791259766;12677.876953125;0;308;0;;0.7392578125;296264;m2;201335;0;
..\..\world\kalimdor\darkshore\passivedoodads\fallentreeroots\darkshorefallentreeroots01.m2;22557.09765625;65.57476043701172;12750.984375;-10.5;57.5;28.499998092651367;;1;295198;m2;201528;0;
..\..\world\kalimdor\azshara\passivedoodads\trees\azr_tree04.m2;22844.6875;108.76936340332031;12400.578125;0;328;0;;0.7294921875;295696;m2;201335;0;
..\..\world\kalimdor\azshara\passivedoodads\trees\azr_tree04.m2;22875.30859375;124.33109283447266;12436.7109375;0;0;0;;0.689453125;296458;m2;201335;0;
..\..\world\kalimdor\azshara\passivedoodads\trees\azr_tree07.m2;22929.33984375;108.23600006103516;12400.1181640625;0;0;0;;1.5693359375;296607;m2;201338;0;
..\..\world\kalimdor\azshara\passivedoodads\rocks\azshararock03.m2;22563.009765625;76.50035095214844;12771.259765625;0;206;0;;2.9892578125;295090;m2;201307;0;
..\..\world\kalimdor\darkshore\passivedoodads\darkshorelogs\darkshorelog01.m2;22546.40625;104.08040618896484;12439.2666015625;17;0;43.000003814697266;;2.6396484375;295363;m2;201503;0;
..\..\world\kalimdor\darkshore\passivedoodads\darkshorelogs\darkshorelog01.m2;22510.81640625;111.0168228149414;12334.78515625;0;318.5;-171.5;;2.9296875;296281;m2;201503;0;
..\..\world\kalimdor\azshara\passivedoodads\rocks\azshararock02.m2;22544.890625;98.20826721191406;12384.958984375;0;22;0;;3.01953125;295380;m2;201306;0;
..\..\world\kalimdor\darkshore\passivedoodads\bushes\darkshorebush02.m2;22825.16015625;101.43903350830078;12446.12890625;0;31;0;;1.4091796875;296586;m2;201495;0;
..\..\world\kalimdor\darkshore\passivedoodads\fallentreeroots\darkshorefallentreeroots01.m2;22485.2734375;101.49632263183594;12338.544921875;32;87.5;1.0000005960464478;;1;296282;m2;201528;0;
..\..\world\kalimdor\azshara\passivedoodads\trees\azr_tree07.m2;22542.296875;105.9554672241211;12440.857421875;0;47;0;;1.509765625;295365;m2;201338;0;
..\..\world\kalimdor\azshara\passivedoodads\rocks\azshararock01.m2;22413.02734375;105.74732971191406;12369.224609375;0;0;0;;2.9091796875;295357;m2;201305;0;
..\..\world\kalimdor\azshara\passivedoodads\trees\azr_tree07.m2;22868.443359375;95.22069549560547;12292.318359375;0;0;0;;1.4794921875;297044;m2;201338;0;
..\..\world\kalimdor\darkshore\passivedoodads\darkshorelogs\darkshorelog01.m2;22419.078125;107.30122375488281;12383.0634765625;-6.000000953674316;231.5;-14.000001907348633;;2.779296875;296104;m2;201503;0;
..\..\world\kalimdor\darkshore\passivedoodads\bushes\darkshorebush02.m2;22720.1875;108.63056945800781;12735.654296875;0;233.5;0;;1.349609375;295490;m2;201495;0;
..\..\world\kalimdor\azshara\passivedoodads\trees\azr_tree07.m2;22922.912109375;97.56997680664062;12794.6748046875;0;0;0;;1.4296875;296403;m2;201338;0;
..\..\world\kalimdor\azshara\passivedoodads\rocks\azshararock01.m2;22547.859375;105.65669250488281;12398.6669921875;0;0;0;;2.76953125;295378;m2;201305;0;
..\..\world\kalimdor\azshara\passivedoodads\trees\azr_tree07.m2;22589.92578125;102.2322769165039;12654.7421875;0;237;0;;1.419921875;295204;m2;201338;0;
..\..\world\kalimdor\azshara\passivedoodads\rocks\azshararock03.m2;22813.69140625;99.25694274902344;12374.390625;0;166;0;;2.7392578125;295666;m2;201307;0;
..\..\world\kalimdor\darkshore\passivedoodads\bushes\darkshorebush02.m2;22916.8125;97.46804809570312;12678.0478515625;0;278.5;0;;1.3291015625;296408;m2;201495;0;
..\..\world\kalimdor\azshara\passivedoodads\rocks\azshararock02.m2;22733.37109375;91.09426879882812;12713.69921875;0;0;0;;2.69921875;295492;m2;201306;0;
..\..\world\kalimdor\azshara\passivedoodads\trees\azr_tree04.m2;22885.92578125;101.85076904296875;12741.7685546875;0;0;0;;0.5791015625;295512;m2;201335;0;
..\..\world\kalimdor\azshara\passivedoodads\trees\azr_tree04.m2;22634.5;110.4693603515625;12708.296875;0;0;0;;0.5693359375;295257;m2;201335;0;
..\..\world\kalimdor\azshara\passivedoodads\trees\azr_tree04.m2;22478.505859375;108.35955810546875;12449.73046875;0;0;0;;0.5693359375;295325;m2;201335;0;
..\..\world\kalimdor\azshara\passivedoodads\trees\azr_tree04.m2;22747.822265625;102.13020324707031;12758.865234375;0;352;0;;0.5693359375;295515;m2;201335;0;
..\..\world\kalimdor\azshara\passivedoodads\trees\azr_tree07.m2;22917.603515625;109.6679916381836;12560.791015625;0;103.5;0;;1.3095703125;296416;m2;201338;0;
..\..\world\kalimdor\darkshore\passivedoodads\bushes\darkshorebush02.m2;22513.572265625;106.17790222167969;12656.216796875;0;83;0;;1.26953125;295318;m2;201495;0;
..\..\world\kalimdor\azshara\passivedoodads\rocks\azshararock01.m2;22811.2734375;98.2090072631836;12381.9072265625;0;11.5;0;;2.1796875;295665;m2;201305;0;
..\..\world\kalimdor\azshara\passivedoodads\rocks\azshararock02.m2;22814.412109375;90.92611694335938;12389.2607421875;0;0;0;;2.51953125;295668;m2;201306;0;
..\..\world\kalimdor\azshara\passivedoodads\rocks\azshararock01.m2;22538.509765625;84.91436004638672;12672.869140625;0;23;0;;1.9697265625;295465;m2;201305;0;
..\..\world\kalimdor\kalidar\passivedoodads\furbolgtent\furbolgtent.m2;22791.14453125;101.2797622680664;12767.681640625;-3.500000238418579;144;-5.5;;1;311315;m2;202016;0;
..\..\world\kalimdor\azshara\passivedoodads\trees\azr_tree04.m2;22507.515625;107.80343627929688;12644.880859375;0;320.5;0;;0.529296875;295314;m2;201335;0;
..\..\world\kalimdor\kalidar\passivedoodads\furbolgtent\furbolgtent.m2;22653.544921875;97.8510513305664;12463.982421875;-0.49999988079071045;324;2;;1;296148;m2;202016;0;
..\..\world\kalimdor\azshara\passivedoodads\rocks\azshararock03.m2;22524.544921875;64.70238494873047;12796.833984375;0;210;0;;2.33984375;295092;m2;201307;0;
..\..\world\kalimdor\azshara\passivedoodads\rocks\azshararock03.m2;22655.71484375;100.21012115478516;12439.4091796875;26;162.5;6.500000476837158;;1.8193359375;295606;m2;201307;0;
..\..\world\kalimdor\azshara\passivedoodads\rocks\azshararock01.m2;22742.98828125;102.69268798828125;12649.65625;0;38;0;;1.7890625;295484;m2;201305;0;
..\..\world\kalimdor\darkshore\passivedoodads\darkshorelogs\darkshorelog01.m2;22455.59375;107.48841857910156;12361.537109375;0;328;0;;2.1796875;295362;m2;201503;0;
..\..\world\kalimdor\darkshore\passivedoodads\darkshorelogs\darkshorelog02.m2;22531.45703125;64.98579406738281;12767.498046875;-7.000001430511475;339.5;-7;;2.599609375;295195;m2;201504;0;
..\..\world\kalimdor\azshara\passivedoodads\rocks\azshararock01.m2;22422.61328125;119.53265380859375;12746.2373046875;0;0;0;;2.259765625;295298;m2;201305;0;
..\..\world\kalimdor\azshara\passivedoodads\rocks\azshararock01.m2;22407.93359375;114.5456314086914;12414.732421875;-18.999998092651367;39.5;-12.500000953674316;;1.51953125;296101;m2;201305;0;
..\..\world\kalimdor\darkshore\passivedoodads\darkshorelogs\darkshorelog01.m2;22408.08203125;116.98648834228516;12416.4794921875;0;47.5;0;;2.2490234375;296103;m2;201503;0;
..\..\world\kalimdor\azshara\passivedoodads\trees\azr_tree07.m2;22540.8984375;104.51190948486328;12546.806640625;0;286;0;;1.1298828125;295397;m2;201338;0;
..\..\world\kalimdor\azshara\passivedoodads\rocks\azshararock02.m2;22835.755859375;99.85679626464844;12452.4326171875;0;49;0;;2.2294921875;296584;m2;201306;0;
..\..\world\kalimdor\ashenvale\passivedoodads\satyrtotem\ashensatyrtotem05.m2;22936.693359375;111.29216766357422;12354.779296875;0;358.5;0;;1;396449;m2;201256;0;
..\..\world\kalimdor\darkshore\passivedoodads\bushes\darkshorebush02.m2;22723.22265625;102.68016815185547;12410.724609375;1.9999995231628418;308;-9.5;;1;295612;m2;201495;0;
..\..\world\kalimdor\azshara\passivedoodads\rocks\azshararock03.m2;22554.05078125;109.90091705322266;12394.541015625;-48.50000762939453;188;77.50001525878906;;1.94921875;295384;m2;201307;0;
..\..\world\kalimdor\azshara\passivedoodads\rocks\azshararock01.m2;22407.171875;128.76844787597656;12438.373046875;-29.499998092651367;0;-13.499999046325684;;1.6591796875;295337;m2;201305;0;
..\..\world\kalimdor\darkshore\passivedoodads\bushes\darkshorebush02.m2;22529.08984375;77.22868347167969;12704.78125;0.5000026822090149;98;16.99999237060547;;1;295193;m2;201495;0;
..\..\world\kalimdor\darkshore\passivedoodads\bushes\darkshorebush02.m2;22746.50390625;87.94132995605469;12287.9169921875;4.999999523162842;11.5;9.500000953674316;;1;297042;m2;201495;0;
..\..\world\kalimdor\darkshore\passivedoodads\bushes\darkshorebush02.m2;22432.76953125;125.82749938964844;12678.0390625;0;117;0;;1;295274;m2;201495;0;
..\..\world\kalimdor\darkshore\passivedoodads\bushes\darkshorebush02.m2;22610.33203125;115.15779876708984;12358.77734375;0;24.5;0;;1;296295;m2;201495;0;
..\..\world\kalimdor\darkshore\passivedoodads\bushes\darkshorebush02.m2;22452.3828125;119.67545318603516;12639.787109375;0;114;0;;1;295319;m2;201495;0;
..\..\world\kalimdor\darkshore\passivedoodads\bushes\darkshorebush02.m2;22625.34375;111.30972290039062;12572.0009765625;0;30.5;0;;1;295590;m2;201495;0;
..\..\world\kalimdor\darkshore\passivedoodads\bushes\darkshorebush02.m2;22396.234375;127.86985778808594;12698.109375;0;337.5;0;;1;295303;m2;201495;0;
..\..\world\kalimdor\darkshore\passivedoodads\bushes\darkshorebush02.m2;22510.21484375;109.1187973022461;12340.5966796875;0;59;0;;1;296287;m2;201495;0;
..\..\world\kalimdor\darkshore\passivedoodads\bushes\darkshorebush02.m2;22600.740234375;105.2200927734375;12555.35546875;0;32;0;;1;295588;m2;201495;0;
..\..\world\kalimdor\darkshore\passivedoodads\bushes\darkshorebush02.m2;22427.80078125;121.8434829711914;12752.7529296875;0;32.5;0;;1;295302;m2;201495;0;
..\..\world\kalimdor\darkshore\passivedoodads\bushes\darkshorebush02.m2;22727.390625;108.37200164794922;12741.6982421875;0;290.5;0;;1;295488;m2;201495;0;
..\..\world\kalimdor\darkshore\passivedoodads\bushes\darkshorebush02.m2;22527.3671875;82.59925079345703;12692.505859375;0;33.5;0;;1;295194;m2;201495;0;
..\..\world\kalimdor\darkshore\passivedoodads\bushes\darkshorebush02.m2;22800.44921875;107.1114730834961;12671.5703125;0;160.5;0;;1;296277;m2;201495;0;
..\..\world\kalimdor\azshara\passivedoodads\rocks\azshararock02.m2;22808.39453125;94.4649658203125;12374.2216796875;-13.000000953674316;0;5.000000476837158;;1.7890625;295667;m2;201306;0;
..\..\world\kalimdor\darkshore\passivedoodads\bushes\darkshorebush02.m2;22657.052734375;107.50264739990234;12637.828125;0;251.5;0;;1;296259;m2;201495;0;
..\..\world\kalimdor\darkshore\passivedoodads\bushes\darkshorebush02.m2;22901.10546875;105.1968002319336;12276.419921875;0;218;0;;1;297051;m2;201495;0;
..\..\world\kalimdor\darkshore\passivedoodads\bushes\darkshorebush02.m2;22930.716796875;109.20086669921875;12419.38671875;0;52;0;;1;296605;m2;201495;0;
..\..\world\kalimdor\darkshore\passivedoodads\bushes\darkshorebush02.m2;22619.44921875;97.4581298828125;12464.046875;-4.000000476837158;351;-4.000000476837158;;1;296308;m2;201495;0;
..\..\world\kalimdor\kalidar\passivedoodads\furbolgtent\furbolgtent2.m2;22787.521484375;101.38572692871094;12748.8515625;-7.999999046325684;64;-0.5000001192092896;;1;311314;m2;202017;0;
..\..\world\kalimdor\darkshore\passivedoodads\bushes\darkshorebush02.m2;22730.64453125;107.14639282226562;12517.1328125;0;309.5;0;;1;296338;m2;201495;0;
..\..\world\kalimdor\darkshore\passivedoodads\bushes\darkshorebush02.m2;22653.00390625;103.9265365600586;12566.4794921875;0;103.5;0;;1;295591;m2;201495;0;
..\..\world\kalimdor\darkshore\passivedoodads\bushes\darkshorebush02.m2;22615.947265625;101.9163589477539;12531.994140625;0;310.5;0;;1;296311;m2;201495;0;
..\..\world\kalimdor\darkshore\passivedoodads\bushes\darkshorebush02.m2;22740.03125;106.96965026855469;12537.3125;0;319;0;;1;348566;m2;201495;0;
..\..\world\kalimdor\kalidar\passivedoodads\furbolgtent\furbolgtent.m2;22438.02734375;108.7042007446289;12411.234375;0;173;0;;1;296108;m2;202016;0;
..\..\world\kalimdor\azshara\passivedoodads\rocks\azshararock03.m2;22537.21875;107.99571228027344;12383.9296875;0;218.5;0;;2.0693359375;295383;m2;201307;0;
..\..\world\kalimdor\darkshore\passivedoodads\bushes\darkshorebush02.m2;22763.412109375;96.34819030761719;12798.4296875;-4.000000476837158;1.5;-18.500001907348633;;1;295520;m2;201495;0;
..\..\world\kalimdor\darkshore\passivedoodads\bushes\darkshorebush02.m2;22594.552734375;107.2043228149414;12337.5322265625;0;79;0;;1;296294;m2;201495;0;
..\..\world\kalimdor\kalidar\passivedoodads\furbolgtent\furbolgtent2.m2;22453.28515625;112.11334991455078;12374.6416015625;0;52;0;;1;296109;m2;202017;0;
..\..\world\kalimdor\kalidar\passivedoodads\furbolgtent\furbolgtent2.m2;22633.412109375;96.6124038696289;12466.287109375;0;38.5;0;;1;296147;m2;202017;0;
..\..\world\kalimdor\darkshore\passivedoodads\bushes\darkshorebush02.m2;22607.73828125;105.79081726074219;12561.98828125;0;137;0;;1;295589;m2;201495;0;
..\..\world\kalimdor\kalidar\passivedoodads\furbolgtent\furbolgtent.m2;22532.701171875;108.7322998046875;12329.279296875;-7.499999523162842;359.5;-10.5;;1;311317;m2;202016;0;
..\..\world\kalimdor\darkshore\passivedoodads\ruins\darkshoreruinpillar02.m2;22929.890625;110.97857666015625;12385;-18;36;85.49999237060547;;1.369140625;296331;m2;201554;0;
..\..\world\kalimdor\darkshore\passivedoodads\bushes\darkshorebush02.m2;22560.71875;76.18846130371094;12769.916015625;0;260.5;0;;1;295192;m2;201495;0;
..\..\world\kalimdor\darkshore\passivedoodads\bushes\darkshorebush02.m2;22760.638671875;101.0550537109375;12321.00390625;0;44.5;0;;1;297040;m2;201495;0;
..\..\world\kalimdor\darkshore\passivedoodads\bushes\darkshorebush02.m2;22646.68359375;100.0207290649414;12530.99609375;0;278.5;0;;1;295587;m2;201495;0;
..\..\world\kalimdor\darkshore\passivedoodads\bushes\darkshorebush02.m2;22932.01953125;127.5821533203125;12478.349609375;7.500000476837158;0;13.500001907348633;;1;296511;m2;201495;0;
..\..\world\kalimdor\darkshore\passivedoodads\bushes\darkshorebush02.m2;22610.1875;106.51870727539062;12409.37109375;14.999999046325684;0;-9.5;;1;296307;m2;201495;0;
..\..\world\kalimdor\darkshore\passivedoodads\bushes\darkshorebush02.m2;22555.634765625;101.68377685546875;12314.8857421875;0;84.5;0;;1;295371;m2;201495;0;
..\..\world\kalimdor\darkshore\passivedoodads\bushes\darkshorebush02.m2;22727.96484375;102.19313049316406;12394.4140625;-1.5000001192092896;179;4.500000953674316;;1;295676;m2;201495;0;
..\..\world\kalimdor\darkshore\passivedoodads\darkshoretrees\darkshoretree08.m2;22752.578125;109.04505157470703;12547.8310546875;0;0;0;;0.119140625;296340;m2;201519;0;
..\..\world\kalimdor\azshara\passivedoodads\trees\azr_tree07.m2;22789.6484375;100.04007720947266;12410.29296875;0;0;0;;1;294604;m2;201338;0;
..\..\world\kalimdor\azshara\passivedoodads\trees\azr_tree07.m2;22569.64453125;88.43045806884766;12686.9541015625;0;0;0;;1;295183;m2;201338;0;
..\..\world\kalimdor\azshara\passivedoodads\trees\azr_tree07.m2;22462.53125;115.82772064208984;12734.5966796875;0;124;0;;1;295189;m2;201338;0;
..\..\world\kalimdor\azshara\passivedoodads\trees\azr_tree07.m2;22580.9296875;100.76596069335938;12657.7353515625;0;0;0;;1;295203;m2;201338;0;
..\..\world\kalimdor\azshara\passivedoodads\trees\azr_tree07.m2;22464.009765625;110.24530792236328;12536.2822265625;0;0;0;;1;295276;m2;201338;0;
..\..\world\kalimdor\azshara\passivedoodads\trees\azr_tree07.m2;22468.77734375;107.1846694946289;12585.875;0;0;0;;1;295280;m2;201338;0;
..\..\world\kalimdor\azshara\passivedoodads\trees\azr_tree07.m2;22441.17578125;119.106689453125;12591.787109375;0;0;0;;1;295281;m2;201338;0;
..\..\world\kalimdor\azshara\passivedoodads\trees\azr_tree07.m2;22431.4375;126.58885192871094;12675.76953125;0;0;0;;1;295308;m2;201338;0;
..\..\world\kalimdor\azshara\passivedoodads\trees\azr_tree07.m2;22487.115234375;110.77678680419922;12701.4716796875;0;0;0;;1;295309;m2;201338;0;
..\..\world\kalimdor\azshara\passivedoodads\trees\azr_tree07.m2;22490.076171875;110.53810119628906;12708.748046875;0;0;0;;1;295311;m2;201338;0;
..\..\world\kalimdor\azshara\passivedoodads\trees\azr_tree07.m2;22509.677734375;108.42508697509766;12640.9765625;0;0;0;;1;295316;m2;201338;0;
..\..\world\kalimdor\azshara\passivedoodads\trees\azr_tree07.m2;22477.72265625;108.2078628540039;12446.1904296875;0;0;0;;1;295326;m2;201338;0;
..\..\world\kalimdor\azshara\passivedoodads\trees\azr_tree07.m2;22481.083984375;106.59098052978516;12452.515625;0;0;0;;1;295327;m2;201338;0;
..\..\world\kalimdor\azshara\passivedoodads\trees\azr_tree07.m2;22465.54296875;107.91153717041016;12433.978515625;0;0;0;;1;295330;m2;201338;0;
..\..\world\kalimdor\azshara\passivedoodads\trees\azr_tree07.m2;22410.068359375;135.34913635253906;12494.69921875;0;0;0;;1;295331;m2;201338;0;
..\..\world\kalimdor\azshara\passivedoodads\trees\azr_tree07.m2;22481.515625;104.61051940917969;12350.5556640625;0;0;0;;1;295354;m2;201338;0;
..\..\world\kalimdor\azshara\passivedoodads\trees\azr_tree07.m2;22541.65625;105.30803680419922;12444.0390625;0;281;0;;1;295364;m2;201338;0;
..\..\world\kalimdor\azshara\passivedoodads\trees\azr_tree07.m2;22549.34765625;111.8289566040039;12390.439453125;0;0;0;;1;295389;m2;201338;0;
..\..\world\kalimdor\azshara\passivedoodads\trees\azr_tree07.m2;22532.58203125;104.90292358398438;12546.3046875;0;96.5;0;;1;295396;m2;201338;0;
..\..\world\kalimdor\azshara\passivedoodads\trees\azr_tree07.m2;22478.24609375;103.18197631835938;12495.583984375;0;0;0;;1;295398;m2;201338;0;
..\..\world\kalimdor\azshara\passivedoodads\trees\azr_tree07.m2;22460.544921875;113.51248168945312;12525.421875;0;0;0;;1;295399;m2;201338;0;
..\..\world\kalimdor\azshara\passivedoodads\trees\azr_tree07.m2;22466.763671875;110.70588684082031;12577.23046875;0;0;0;;1;295400;m2;201338;0;
..\..\world\kalimdor\azshara\passivedoodads\trees\azr_tree07.m2;22698.5390625;108.35160064697266;12618.28125;0;0;0;;1;295479;m2;201338;0;
..\..\world\kalimdor\azshara\passivedoodads\trees\azr_tree07.m2;22725.95703125;109.5236587524414;12655.59765625;0;0;0;;1;295487;m2;201338;0;
..\..\world\kalimdor\azshara\passivedoodads\trees\azr_tree07.m2;22826.08984375;108.91676330566406;12743.326171875;0;0;0;;1;295509;m2;201338;0;
..\..\world\kalimdor\azshara\passivedoodads\trees\azr_tree07.m2;22763.068359375;97.22521209716797;12799.205078125;0;0;0;;1;295524;m2;201338;0;
..\..\world\kalimdor\azshara\passivedoodads\trees\azr_tree07.m2;22627.962890625;110.57434844970703;12582.0791015625;0;0;0;;1;295595;m2;201338;0;
..\..\world\kalimdor\azshara\passivedoodads\trees\azr_tree07.m2;22649.7421875;104.71185302734375;12563.4716796875;0;0;0;;1;295596;m2;201338;0;
..\..\world\kalimdor\azshara\passivedoodads\trees\azr_tree07.m2;22647.943359375;99.9578628540039;12530.263671875;0;0;0;;1;295597;m2;201338;0;
..\..\world\kalimdor\azshara\passivedoodads\trees\azr_tree07.m2;22620.634765625;107.56136322021484;12547.90625;0;0;0;;1;295598;m2;201338;0;
..\..\world\kalimdor\azshara\passivedoodads\trees\azr_tree07.m2;22625.779296875;97.9814224243164;12436.5966796875;0;0;0;;1;295602;m2;201338;0;
..\..\world\kalimdor\azshara\passivedoodads\trees\azr_tree07.m2;22651.19140625;102.18282318115234;12437.4404296875;0;0;0;;1;295605;m2;201338;0;
..\..\world\kalimdor\azshara\passivedoodads\trees\azr_tree07.m2;22725.462890625;101.45993041992188;12348.564453125;0;0;0;;1;295621;m2;201338;0;
..\..\world\kalimdor\azshara\passivedoodads\trees\azr_tree07.m2;22710.873046875;104.3047866821289;12350.7216796875;0;129;0;;1;295625;m2;201338;0;
..\..\world\kalimdor\azshara\passivedoodads\trees\azr_tree07.m2;22836.26171875;103.10639190673828;12371.4560546875;0;0;0;;1;295672;m2;201338;0;
..\..\world\kalimdor\azshara\passivedoodads\trees\azr_tree07.m2;22724.875;102.51786041259766;12394.7041015625;0;349;0;;1;295675;m2;201338;0;
..\..\world\kalimdor\azshara\passivedoodads\trees\azr_tree07.m2;22863.107421875;110.9469223022461;12467.3837890625;0;0;0;;1;295691;m2;201338;0;
..\..\world\kalimdor\azshara\passivedoodads\trees\azr_tree07.m2;22866.87109375;117.43312072753906;12458.0576171875;0;34.5;0;;1;295692;m2;201338;0;
..\..\world\kalimdor\azshara\passivedoodads\trees\azr_tree07.m2;22818.0859375;104.98491668701172;12421.771484375;0;0;0;;1;295693;m2;201338;0;
..\..\world\kalimdor\azshara\passivedoodads\trees\azr_tree07.m2;22843.0859375;111.75052642822266;12396.3359375;0;0;0;;1;295697;m2;201338;0;
..\..\world\kalimdor\azshara\passivedoodads\trees\azr_tree07.m2;22878.26171875;113.91985321044922;12386.623046875;0;0;0;;1;295698;m2;201338;0;
..\..\world\kalimdor\azshara\passivedoodads\trees\azr_tree07.m2;22660.849609375;109.19612884521484;12635.373046875;0;0;0;;1;296260;m2;201338;0;
..\..\world\kalimdor\azshara\passivedoodads\trees\azr_tree07.m2;22691.8984375;112.47006225585938;12676.693359375;0;0;0;;1;296266;m2;201338;0;
..\..\world\kalimdor\azshara\passivedoodads\trees\azr_tree07.m2;22683.943359375;111.64488983154297;12672.1650390625;0;57;0;;1;296267;m2;201338;0;
..\..\world\kalimdor\azshara\passivedoodads\trees\azr_tree07.m2;22795.201171875;107.8088607788086;12667.330078125;0;0;0;;1;296274;m2;201338;0;
..\..\world\kalimdor\azshara\passivedoodads\trees\azr_tree07.m2;22802.39453125;106.69669342041016;12664.833984375;0;0;0;;1;296275;m2;201338;0;
..\..\world\kalimdor\azshara\passivedoodads\trees\azr_tree07.m2;22802.638671875;106.4902572631836;12681.15234375;0;298.5;0;;1;296276;m2;201338;0;
..\..\world\kalimdor\azshara\passivedoodads\trees\azr_tree07.m2;22819.654296875;104.28765869140625;12588.357421875;0;235;0;;1;296278;m2;201338;0;
..\..\world\kalimdor\azshara\passivedoodads\trees\azr_tree07.m2;22513.65234375;109.0531234741211;12328.474609375;0;0;0;;1;296289;m2;201338;0;
..\..\world\kalimdor\azshara\passivedoodads\trees\azr_tree07.m2;22613.04296875;115.06417083740234;12357.96484375;0;0;0;;1;296298;m2;201338;0;
..\..\world\kalimdor\azshara\passivedoodads\trees\azr_tree07.m2;22599.1875;108.3057632446289;12338.59375;0;0;0;;1;296299;m2;201338;0;
..\..\world\kalimdor\azshara\passivedoodads\trees\azr_tree07.m2;22611.88671875;115.45010375976562;12341.59765625;0;0;0;;1;296300;m2;201338;0;
..\..\world\kalimdor\azshara\passivedoodads\trees\azr_tree07.m2;22670.369140625;119.433349609375;12335.2666015625;0;0;0;;1;296302;m2;201338;0;
..\..\world\kalimdor\azshara\passivedoodads\trees\azr_tree07.m2;22645.18359375;107.90213775634766;12384.779296875;0;0;0;;1;296304;m2;201338;0;
..\..\world\kalimdor\azshara\passivedoodads\trees\azr_tree07.m2;22653.67578125;97.99405670166016;12459.34765625;0;0;0;;1;296314;m2;201338;0;
..\..\world\kalimdor\azshara\passivedoodads\trees\azr_tree07.m2;22748.296875;99.97779846191406;12440.8525390625;0;0;0;;1;296325;m2;201338;0;
..\..\world\kalimdor\azshara\passivedoodads\trees\azr_tree07.m2;22928.388671875;99.75346374511719;12699.6171875;0;0;0;;1;296396;m2;201338;0;
..\..\world\kalimdor\azshara\passivedoodads\trees\azr_tree07.m2;22913.041015625;98.07343292236328;12679.79296875;0;79.5;0;;1;296397;m2;201338;0;
..\..\world\kalimdor\azshara\passivedoodads\trees\azr_tree07.m2;22905.880859375;99.94501495361328;12662.3779296875;0;0;0;;1;296399;m2;201338;0;
..\..\world\kalimdor\azshara\passivedoodads\trees\azr_tree07.m2;22927.36328125;96.20489501953125;12793.0810546875;0;0;0;;1;296404;m2;201338;0;
..\..\world\kalimdor\azshara\passivedoodads\trees\azr_tree07.m2;22920.578125;106.89362335205078;12566.7529296875;0;0;0;;1;296415;m2;201338;0;
..\..\world\kalimdor\azshara\passivedoodads\trees\azr_tree07.m2;22877.6171875;108.32437133789062;12525.0625;0;0;0;;1;296500;m2;201338;0;
..\..\world\kalimdor\azshara\passivedoodads\trees\azr_tree07.m2;22882.384765625;111.00140380859375;12518.4462890625;0;0;0;;1;296501;m2;201338;0;
..\..\world\kalimdor\azshara\passivedoodads\trees\azr_tree07.m2;22892.654296875;112.43048858642578;12531.5859375;0;0;0;;1;296505;m2;201338;0;
..\..\world\kalimdor\azshara\passivedoodads\trees\azr_tree07.m2;22932.3046875;128.54714965820312;12468.412109375;0;0;0;;1;296516;m2;201338;0;
..\..\world\kalimdor\azshara\passivedoodads\trees\azr_tree07.m2;22814.349609375;102.00533294677734;12263.5498046875;0;230.00001525878906;0;;1;296568;m2;201338;0;
..\..\world\kalimdor\azshara\passivedoodads\trees\azr_tree07.m2;22721.86328125;89.1739730834961;12300.416015625;0;344;0;;1;296580;m2;201338;0;
..\..\world\kalimdor\azshara\passivedoodads\trees\azr_tree07.m2;22840.2421875;109.60328674316406;12455.646484375;0;0;0;;1;296588;m2;201338;0;
..\..\world\kalimdor\azshara\passivedoodads\trees\azr_tree07.m2;22827.33984375;102.863037109375;12443.083984375;0;0;0;;1;296589;m2;201338;0;
..\..\world\kalimdor\azshara\passivedoodads\trees\azr_tree07.m2;22821.6484375;107.67150115966797;12458.30859375;0;0;0;;1;296590;m2;201338;0;
..\..\world\kalimdor\azshara\passivedoodads\trees\azr_tree07.m2;22810.474609375;100.0429916381836;12471.15625;0;0;0;;1;296591;m2;201338;0;
..\..\world\kalimdor\azshara\passivedoodads\trees\azr_tree07.m2;22818.21875;106.72415924072266;12408.6591796875;0;0;0;;1;296600;m2;201338;0;
..\..\world\kalimdor\azshara\passivedoodads\trees\azr_tree07.m2;22864.884765625;94.84449768066406;12291.2294921875;0;290.5;0;;1;297045;m2;201338;0;
..\..\world\kalimdor\azshara\passivedoodads\trees\azr_tree07.m2;22904.203125;106.92627716064453;12267.341796875;0;351;0;;1;297053;m2;201338;0;
..\..\world\kalimdor\azshara\passivedoodads\trees\azr_tree07.m2;22789.94140625;100.4400405883789;12769.357421875;0;14.396636962890625;0;;1;312536;m2;201338;0;
..\..\world\kalimdor\azshara\passivedoodads\trees\azr_tree07.m2;22585.203125;108.85965728759766;12613.318359375;0;0;0;;1;312588;m2;201338;0;
..\..\world\kalimdor\azshara\passivedoodads\trees\azr_tree07.m2;22624.833984375;118.14102935791016;12759.75;0;0;0;;1;295250;m2;201338;0;
..\..\world\kalimdor\azshara\passivedoodads\trees\azr_tree07.m2;22631.17578125;124.12252044677734;12775.638671875;0;0;0;;1;295252;m2;201338;0;
..\..\world\kalimdor\azshara\passivedoodads\trees\azr_tree07.m2;22421.3984375;121.67337799072266;12612.474609375;0;0;0;;1;295283;m2;201338;0;
..\..\world\kalimdor\azshara\passivedoodads\trees\azr_tree07.m2;22924.474609375;124.67436981201172;12472.5576171875;0;102;0;;1;296515;m2;201338;0;
..\..\world\kalimdor\darkshore\passivedoodads\bushes\darkshorebush02.m2;22477.603515625;104.15081024169922;12492.765625;0;2;0;;1;295322;m2;201495;0;
..\..\world\kalimdor\darkshore\passivedoodads\bushes\darkshorebush02.m2;22924.88671875;98.43693542480469;12690.419921875;0;2;0;;1;296407;m2;201495;0;
..\..\world\kalimdor\darkshore\passivedoodads\bushes\darkshorebush02.m2;22801.826171875;95.5277099609375;12312.8828125;0;358;0;;1;297043;m2;201495;0;
..\..\world\kalimdor\darkshore\passivedoodads\bushes\darkshorebush02.m2;22821.072265625;103.18415069580078;12587.03125;0;359.5;0;;1;295711;m2;201495;0;
..\..\world\kalimdor\azshara\passivedoodads\rocks\azshararock03.m2;22512.12890625;106.2812271118164;12328.638671875;0;252.5;0;;1.859375;296285;m2;201307;0;
..\..\world\kalimdor\azshara\passivedoodads\rocks\azshararock01.m2;22850.28515625;116.48766326904297;12440.01953125;0;0;0;;1.8896484375;295687;m2;201305;0;
..\..\world\kalimdor\darkshore\passivedoodads\bushes\darkshorebush02.m2;22470.841796875;110.54395294189453;12767.607421875;0;0;0;;1;295191;m2;201495;0;
..\..\world\kalimdor\darkshore\passivedoodads\bushes\darkshorebush02.m2;22582.12109375;100.3341064453125;12660.796875;0;0;0;;1;295200;m2;201495;0;
..\..\world\kalimdor\darkshore\passivedoodads\bushes\darkshorebush02.m2;22492.671875;106.7771987915039;12748.4453125;0;0;0;;1;295273;m2;201495;0;
..\..\world\kalimdor\darkshore\passivedoodads\bushes\darkshorebush02.m2;22417.685546875;122.57266235351562;12604.537109375;0;0;0;;1;295285;m2;201495;0;
..\..\world\kalimdor\darkshore\passivedoodads\bushes\darkshorebush02.m2;22504.603515625;108.11077117919922;12644.5498046875;0;0;0;;1;295317;m2;201495;0;
..\..\world\kalimdor\darkshore\passivedoodads\bushes\darkshorebush02.m2;22462.546875;112.76335144042969;12526.38671875;0;0;0;;1;295321;m2;201495;0;
..\..\world\kalimdor\darkshore\passivedoodads\bushes\darkshorebush02.m2;22534.140625;106.62724304199219;12310.6328125;0;0;0;;1;295372;m2;201495;0;
..\..\world\kalimdor\darkshore\passivedoodads\bushes\darkshorebush02.m2;22535.216796875;103.33003234863281;12544.548828125;0;0;0;;1;295393;m2;201495;0;
..\..\world\kalimdor\darkshore\passivedoodads\bushes\darkshorebush02.m2;22528.966796875;100.6830825805664;12527.43359375;0;0;0;;1;295395;m2;201495;0;
..\..\world\kalimdor\darkshore\passivedoodads\bushes\darkshorebush02.m2;22700.265625;107.37931060791016;12617.158203125;0;0;0;;1;295477;m2;201495;0;
..\..\world\kalimdor\darkshore\passivedoodads\bushes\darkshorebush02.m2;22821.33984375;102.0833969116211;12578.763671875;0;0;0;;1;295712;m2;201495;0;
..\..\world\kalimdor\darkshore\passivedoodads\bushes\darkshorebush02.m2;22908.310546875;99.6026611328125;12661.388671875;0;0;0;;1;296409;m2;201495;0;
..\..\world\kalimdor\darkshore\passivedoodads\bushes\darkshorebush02.m2;22836.49609375;106.95509338378906;12463.58203125;0;0;0;;1;296587;m2;201495;0;
..\..\world\kalimdor\darkshore\passivedoodads\bushes\darkshorebush02.m2;22747.72265625;99.64868927001953;12442.46875;0;0;0;;1;348563;m2;201495;0;
..\..\world\kalimdor\kalidar\passivedoodads\furbolgtent\furbolgtent.m2;22601.693359375;109.88871002197266;12604.6572265625;9.5;0;-0.5;;1;311288;m2;202016;0;
..\..\world\kalimdor\darkshore\passivedoodads\darkshorelogs\darkshorelog01.m2;22531.484375;68.44388580322266;12733.06640625;0;0;0;;1.759765625;295470;m2;201503;0;
..\..\world\kalimdor\azshara\passivedoodads\rocks\azshararock01.m2;22537.6171875;105.71159362792969;12398.2763671875;16.000001907348633;0;-40.5;;1.439453125;295381;m2;201305;0;
..\..\world\kalimdor\azshara\passivedoodads\rocks\azshararock02.m2;22630.76171875;117.33006286621094;12780.671875;0;0;0;;1.869140625;295251;m2;201306;0;
..\..\world\kalimdor\kalidar\passivedoodads\furbolgtent\furbolgtent2.m2;22588.3359375;109.44468688964844;12614.697265625;4.5;96;5.500000476837158;;1;311302;m2;202017;0;
..\..\world\kalimdor\kalidar\passivedoodads\furbolgtotem\furbolgtotem02.m2;22472.12109375;107.01756286621094;12362.138671875;0;84;0;;1.83984375;296123;m2;202019;0;
..\..\world\kalimdor\azshara\passivedoodads\rocks\azshararock01.m2;22412.71875;130.70948791503906;12493.845703125;-18.000001907348633;0;-18.000001907348633;;1.4794921875;295335;m2;201305;0;
..\..\world\kalimdor\azshara\passivedoodads\rocks\azshararock02.m2;22540.404296875;101.13984680175781;12434.5791015625;-29.5;239;11;;1.3798828125;295367;m2;201306;0;
..\..\world\kalimdor\azshara\passivedoodads\rocks\azshararock03.m2;22715.06640625;86.8079605102539;12299.34375;0;276.5;0;;1.8291015625;296573;m2;201307;0;
..\..\world\kalimdor\azshara\passivedoodads\rocks\azshararock01.m2;22537.4375;105.67141723632812;12391.1103515625;0;0;0;;1.759765625;295379;m2;201305;0;
..\..\world\generic\nightelf\passivedoodads\ruins\azrelfruin04.m2;22925.65625;110.73716735839844;12355.662109375;8.000000953674316;352.5;104.5000228881836;;0.689453125;296318;m2;198811;0;
..\..\world\kalimdor\azshara\passivedoodads\trees\azr_tree07.m2;22617.65234375;97.0683364868164;12461.650390625;0;0;0;;0.8896484375;296309;m2;201338;0;
..\..\world\kalimdor\azshara\passivedoodads\rocks\azshararock01.m2;22722.8828125;106.48798370361328;12737.57421875;0;20;0;;1.3994140625;295489;m2;201305;0;
..\..\world\kalimdor\kalidar\passivedoodads\furbolgtent\furbolgtent2.m2;22647.724609375;100.07763671875;12491.65625;8.999999046325684;183.5;0.4999999403953552;;1;296156;m2;202017;0;
..\..\world\kalimdor\kalidar\passivedoodads\furbolgtotem\furbolgtotem01.m2;22610.044921875;110.8531265258789;12591.9306640625;0;348;0;;1.859375;311286;m2;202018;0;
..\..\world\kalimdor\kalidar\passivedoodads\furbolgtotem\furbolgtotem01.m2;22811.638671875;102.2462387084961;12750.771484375;-1.5000005960464478;292.30413818359375;7.500000476837158;;1.7490234375;312522;m2;202018;0;
..\..\world\kalimdor\azshara\passivedoodads\rocks\azshararock02.m2;22930.37890625;120.55657196044922;12472.140625;0;0;0;;1.7197265625;296509;m2;201306;0;
..\..\world\kalimdor\darkshore\passivedoodads\bushes\darkshorebush02.m2;22648.701171875;100.13773345947266;12493.734375;0;198;0;;0.8095703125;296312;m2;201495;0;
..\..\world\kalimdor\kalidar\passivedoodads\furbolgtotem\furbolgtotem01.m2;22585.515625;108.2753677368164;12616.216796875;-1.9999995231628418;22.5;9.999998092651367;;1.7099609375;312581;m2;202018;0;
..\..\world\kalimdor\azshara\passivedoodads\rocks\azshararock01.m2;22677.826171875;116.38773345947266;12334.794921875;0;0;0;;1.6796875;295617;m2;201305;0;
..\..\world\kalimdor\darkshore\passivedoodads\bushes\darkshorebush03.m2;22452.2109375;109.78294372558594;12363.779296875;0;65;0;;1.2392578125;295361;m2;201496;0;
..\..\world\kalimdor\kalidar\passivedoodads\furbolgtotem\furbolgtotem02.m2;22599.380859375;107.00183868408203;12584.958984375;0;263.5;0;;1.609375;311287;m2;202019;0;
..\..\world\kalimdor\azshara\passivedoodads\trees\azr_tree07.m2;22534.46875;108.6527328491211;12395.8076171875;0;0;0;;0.8193359375;295391;m2;201338;0;
..\..\world\kalimdor\azshara\passivedoodads\trees\azr_tree07.m2;22825.96875;101.9265365600586;12578.56640625;0;0;0;;0.8095703125;296279;m2;201338;0;
..\..\world\kalimdor\azshara\passivedoodads\rocks\azshararock01.m2;22719.822265625;85.80826568603516;12300.0185546875;0;0;0;;1.529296875;296572;m2;201305;0;
..\..\world\kalimdor\azshara\passivedoodads\rocks\azshararock02.m2;22403.193359375;112.37120056152344;12409.4482421875;0;244.5;0;;1.5498046875;296102;m2;201306;0;
..\..\world\kalimdor\azshara\passivedoodads\trees\azr_tree07.m2;22505.48828125;108.61741638183594;12341.74609375;0;112.5;0;;0.779296875;296290;m2;201338;0;
..\..\world\kalimdor\azshara\passivedoodads\rocks\azshararock01.m2;22552.927734375;108.10867309570312;12387.6748046875;0;0;0;;1.51953125;295382;m2;201305;0;
..\..\world\kalimdor\azshara\passivedoodads\rocks\azshararock01.m2;22520.228515625;106.27345275878906;12328.16015625;0;0;0;;1.51953125;296284;m2;201305;0;
..\..\world\kalimdor\kalidar\passivedoodads\furbolgtotem\furbolgtotem02.m2;22649.9296875;97.2757339477539;12456.4453125;0;353;0;;1.51953125;311306;m2;202019;0;
..\..\world\kalimdor\azshara\passivedoodads\rocks\azshararock03.m2;22672.0546875;119.44290924072266;12328.26171875;0;215.5;0;;1.509765625;295620;m2;201307;0;
..\..\world\kalimdor\azshara\passivedoodads\trees\azr_tree07.m2;22558.55078125;68.78465270996094;12722.1513671875;0;358.5;0;;0.76953125;295464;m2;201338;0;
..\..\world\kalimdor\azshara\passivedoodads\trees\azr_tree07.m2;22658.078125;109.59501647949219;12646.19140625;0;206.5;0;;0.759765625;296261;m2;201338;0;
..\..\world\kalimdor\azshara\passivedoodads\rocks\azshararock02.m2;22874.697265625;100.5837631225586;12526.87890625;0;146.5;0;;1.4892578125;296497;m2;201306;0;
..\..\world\kalimdor\azshara\passivedoodads\rocks\azshararock01.m2;22719.365234375;89.70086669921875;12302.076171875;12.999998092651367;312.5;32.999996185302734;;1;296575;m2;201305;0;
..\..\world\kalimdor\kalidar\passivedoodads\furbolgtotem\furbolgtotem02.m2;22655.9765625;100.0921630859375;12492.9541015625;-1.999999761581421;122.04873657226562;4.499999523162842;;1.2392578125;312558;m2;202019;0;
..\..\world\kalimdor\darkshore\passivedoodads\bushes\darkshorebush03.m2;22746.28515625;106.6564712524414;12537.8544921875;0;312;0;;1;296320;m2;201496;0;
..\..\world\kalimdor\darkshore\passivedoodads\bushes\darkshorebush03.m2;22824.46875;105.87085723876953;12750.33203125;0;308;0;;1;295506;m2;201496;0;
..\..\world\kalimdor\darkshore\passivedoodads\bushes\darkshorebush03.m2;22737.451171875;102.10801696777344;12709.78125;0;307;0;;1;295493;m2;201496;0;
..\..\world\kalimdor\azshara\passivedoodads\rocks\azshararock03.m2;22559.775390625;68.99552917480469;12730.685546875;0;245;0;;1.33984375;295460;m2;201307;0;
..\..\world\kalimdor\darkshore\passivedoodads\bushes\darkshorebush03.m2;22553.900390625;67.90164947509766;12725.05859375;0;299;0;;1;295463;m2;201496;0;
..\..\world\kalimdor\azshara\passivedoodads\trees\azr_tree07.m2;22539.458984375;110.16870880126953;12382.99609375;0;103.5;0;;0.689453125;295390;m2;201338;0;
..\..\world\kalimdor\azshara\passivedoodads\trees\azr_tree07.m2;22836.65234375;102.12013244628906;12369.734375;0;299;0;;0.689453125;295674;m2;201338;0;
..\..\world\kalimdor\azshara\passivedoodads\rocks\azshararock02.m2;22718.419921875;82.42266082763672;12294.056640625;0;86;0;;1.359375;296574;m2;201306;0;
..\..\world\kalimdor\kalidar\passivedoodads\furbolgtotem\furbolgtotem01.m2;22808.55078125;102.32038116455078;12757.060546875;-0.49999627470970154;256.861572265625;-7.999997615814209;;1.3798828125;312523;m2;202018;0;
..\..\world\kalimdor\azshara\passivedoodads\rocks\azshararock01.m2;22936.091796875;129.1176300048828;12471.27734375;0;49;0;;1;296510;m2;201305;0;
..\..\world\kalimdor\azshara\passivedoodads\rocks\azshararock01.m2;22817.013671875;102.58519744873047;12754.326171875;0;47.846923828125;0;;1;312541;m2;201305;0;
..\..\world\kalimdor\kalidar\passivedoodads\furbolgtotem\furbolgtotem01.m2;22455.326171875;106.9928970336914;12422.255859375;0;142;0;;1.439453125;296122;m2;202018;0;
..\..\world\kalimdor\azshara\passivedoodads\trees\azr_tree07.m2;22634.921875;106.44397735595703;12384.453125;0;198.49998474121094;0;;0.669921875;296305;m2;201338;0;
..\..\world\kalimdor\darkshore\passivedoodads\bushes\darkshorebush01.m2;22932.583984375;111.25684356689453;12365.0732421875;0;327;0;;1;296323;m2;201494;0;
..\..\world\kalimdor\azshara\passivedoodads\rocks\azshararock01.m2;22633.390625;120.31675720214844;12767.296875;0;0;0;;1.26953125;295249;m2;201305;0;
..\..\world\kalimdor\azshara\passivedoodads\rocks\azshararock01.m2;22865.140625;103.60153198242188;12716.8310546875;0;112.5;0;;1;295501;m2;201305;0;
..\..\world\kalimdor\azshara\passivedoodads\trees\azr_tree07.m2;22696.51953125;107.90897369384766;12613.91015625;0;97.5;0;;0.6298828125;295480;m2;201338;0;
..\..\world\kalimdor\darkshore\passivedoodads\bushes\darkshorebush01.m2;22934.271484375;108.4027328491211;12393.9296875;0;0;0;;1.26953125;296602;m2;201494;0;
..\..\world\kalimdor\darkshore\passivedoodads\bushes\darkshorebush03.m2;22888.12109375;109.84233856201172;12533.8046875;7.500000476837158;0;17.999998092651367;;1;296507;m2;201496;0;
..\..\world\kalimdor\darkshore\passivedoodads\bushes\darkshorebush02.m2;22784.32421875;100.92218017578125;12748.38671875;-1.0000001192092896;78.6524658203125;-7;;0.5693359375;312538;m2;201495;0;
..\..\world\kalimdor\darkshore\passivedoodads\bushes\darkshorebush03.m2;22762.228515625;100.22856903076172;12316.591796875;0;261;0;;1;297041;m2;201496;0;
..\..\world\kalimdor\azshara\passivedoodads\rocks\azshararock01.m2;22903.453125;103.979248046875;12270.9453125;0;0;0;;1.169921875;297050;m2;201305;0;
..\..\world\kalimdor\azshara\passivedoodads\rocks\azshararock01.m2;22631.076171875;97.0296401977539;12481.271484375;0;167.025390625;0;;1;312542;m2;201305;0;
..\..\world\kalimdor\azshara\passivedoodads\rocks\azshararock01.m2;22750.912109375;97.7568130493164;12438.95703125;0;352;0;;1;296330;m2;201305;0;
..\..\world\kalimdor\darkshore\passivedoodads\darkshorelogs\darkshorelog02.m2;22763.953125;99.47904205322266;12437.10546875;0;113.5;0;;1.26953125;296329;m2;201504;0;
..\..\world\kalimdor\azshara\passivedoodads\rocks\azshararock02.m2;22441.3828125;120.05133819580078;12718.607421875;0;298.5;0;;1.109375;295295;m2;201306;0;
..\..\world\kalimdor\azshara\passivedoodads\trees\azr_tree07.m2;22508.169921875;109.20706939697266;12342.8828125;0;0;0;;0.5595703125;296291;m2;201338;0;
..\..\world\kalimdor\darkshore\passivedoodads\bushes\darkshorebush03.m2;22889.666015625;112.28404998779297;12529.673828125;14.5;0;0;;1;296506;m2;201496;0;
..\..\world\kalimdor\darkshore\passivedoodads\bushes\darkshorebush03.m2;22406.130859375;118.74727630615234;12416.177734375;0;271;0;;1;296106;m2;201496;0;
..\..\world\kalimdor\darkshore\passivedoodads\bushes\darkshorebush03.m2;22467.46875;114.10022735595703;12739.0625;0;0;0;;1;295190;m2;201496;0;
..\..\world\kalimdor\darkshore\passivedoodads\bushes\darkshorebush03.m2;22608.556640625;105.8449478149414;12693.3984375;0;0;0;;1;295255;m2;201496;0;
..\..\world\kalimdor\darkshore\passivedoodads\bushes\darkshorebush03.m2;22469.947265625;106.98861694335938;12583.04296875;0;0;0;;1;295279;m2;201496;0;
..\..\world\kalimdor\darkshore\passivedoodads\bushes\darkshorebush03.m2;22425.107421875;122.1984634399414;12609.8916015625;0;0;0;;1;295284;m2;201496;0;
..\..\world\kalimdor\darkshore\passivedoodads\bushes\darkshorebush03.m2;22399.544921875;123.75344848632812;12759.11328125;0;0;0;;1;295301;m2;201496;0;
..\..\world\kalimdor\darkshore\passivedoodads\bushes\darkshorebush03.m2;22494.30078125;109.45124053955078;12701.0478515625;0;0;0;;1;295310;m2;201496;0;
..\..\world\kalimdor\darkshore\passivedoodads\bushes\darkshorebush03.m2;22477.591796875;108.52557373046875;12445.8984375;0;0;0;;1;295328;m2;201496;0;
..\..\world\kalimdor\darkshore\passivedoodads\bushes\darkshorebush03.m2;22406.380859375;113.10189056396484;12374.857421875;0;0;0;;1;295358;m2;201496;0;
..\..\world\kalimdor\darkshore\passivedoodads\bushes\darkshorebush03.m2;22457.693359375;109.73401641845703;12358.0654296875;0;0;0;;1;295359;m2;201496;0;
..\..\world\kalimdor\darkshore\passivedoodads\bushes\darkshorebush03.m2;22541.34375;104.60063171386719;12444.97265625;0;0;0;;1;295366;m2;201496;0;
..\..\world\kalimdor\darkshore\passivedoodads\bushes\darkshorebush03.m2;22551.48828125;111.86522674560547;12391.37890625;0;0;0;;1;295385;m2;201496;0;
..\..\world\kalimdor\darkshore\passivedoodads\bushes\darkshorebush03.m2;22540.03515625;89.89566802978516;12667.685546875;0;0;0;;1;295466;m2;201496;0;
..\..\world\kalimdor\darkshore\passivedoodads\bushes\darkshorebush03.m2;22533.416015625;90.33563232421875;12673.0078125;0;0;0;;1;295467;m2;201496;0;
..\..\world\kalimdor\darkshore\passivedoodads\bushes\darkshorebush03.m2;22697.291015625;107.3514633178711;12612.427734375;0;0;0;;1;295478;m2;201496;0;
..\..\world\kalimdor\darkshore\passivedoodads\bushes\darkshorebush03.m2;22741.755859375;105.70169830322266;12643.744140625;0;0;0;;1;295485;m2;201496;0;
..\..\world\kalimdor\darkshore\passivedoodads\bushes\darkshorebush03.m2;22738.087890625;105.67594909667969;12656.5185546875;0;0;0;;1;295486;m2;201496;0;
..\..\world\kalimdor\darkshore\passivedoodads\bushes\darkshorebush03.m2;22861.28125;104.75350189208984;12715.55859375;0;0;0;;1;295504;m2;201496;0;
..\..\world\kalimdor\darkshore\passivedoodads\bushes\darkshorebush03.m2;22833.025390625;104.2505874633789;12762.5185546875;0;0;0;;1;295505;m2;201496;0;
..\..\world\kalimdor\darkshore\passivedoodads\bushes\darkshorebush03.m2;22825.109375;108.02987670898438;12744.6796875;0;0;0;;1;295507;m2;201496;0;
..\..\world\kalimdor\darkshore\passivedoodads\bushes\darkshorebush03.m2;22887.576171875;101.72653198242188;12738.58203125;0;0;0;;1;295513;m2;201496;0;
..\..\world\kalimdor\darkshore\passivedoodads\bushes\darkshorebush03.m2;22627.859375;98.43733978271484;12439.400390625;0;0;0;;1;295603;m2;201496;0;
..\..\world\kalimdor\darkshore\passivedoodads\bushes\darkshorebush03.m2;22653.20703125;102.69071960449219;12442.130859375;0;0;0;;1;295604;m2;201496;0;
..\..\world\kalimdor\darkshore\passivedoodads\bushes\darkshorebush03.m2;22681.87890625;116.43309020996094;12336.236328125;0;0;0;;1;295618;m2;201496;0;
..\..\world\kalimdor\darkshore\passivedoodads\bushes\darkshorebush03.m2;22671.0859375;118.93305206298828;12331.9453125;0;0;0;;1;295619;m2;201496;0;
..\..\world\kalimdor\darkshore\passivedoodads\bushes\darkshorebush03.m2;22722.666015625;101.38538360595703;12355.46875;0;0;0;;1;295622;m2;201496;0;
..\..\world\kalimdor\darkshore\passivedoodads\bushes\darkshorebush03.m2;22836.87109375;101.3411636352539;12368.095703125;0;0;0;;1;295671;m2;201496;0;
..\..\world\kalimdor\darkshore\passivedoodads\bushes\darkshorebush03.m2;22816.06640625;105.51927947998047;12422.1279296875;0;0;0;;1;295694;m2;201496;0;
..\..\world\kalimdor\darkshore\passivedoodads\bushes\darkshorebush03.m2;22407.05078125;115.9970474243164;12408.279296875;0;0;0;;1;296107;m2;201496;0;
..\..\world\kalimdor\darkshore\passivedoodads\bushes\darkshorebush03.m2;22514.36328125;108.53080749511719;12327.564453125;0;0;0;;1;296286;m2;201496;0;
..\..\world\kalimdor\darkshore\passivedoodads\bushes\darkshorebush03.m2;22643.478515625;106.12457275390625;12385.529296875;0;0;0;;1;296303;m2;201496;0;
..\..\world\kalimdor\darkshore\passivedoodads\bushes\darkshorebush03.m2;22925.5546875;96.37673950195312;12793.84765625;0;0;0;;1;296405;m2;201496;0;
..\..\world\kalimdor\darkshore\passivedoodads\bushes\darkshorebush03.m2;22763.8984375;99.38475036621094;12490.818359375;0;0;0;;1;296452;m2;201496;0;
..\..\world\kalimdor\darkshore\passivedoodads\bushes\darkshorebush03.m2;22899.884765625;117.94273376464844;12397.716796875;0;0;0;;1;296463;m2;201496;0;
..\..\world\kalimdor\darkshore\passivedoodads\bushes\darkshorebush03.m2;22867.97265625;124.91813659667969;12419.7763671875;0;0;0;;1;296464;m2;201496;0;
..\..\world\kalimdor\darkshore\passivedoodads\bushes\darkshorebush03.m2;22876.265625;107.97238159179688;12525.25;0;0;0;;1;296499;m2;201496;0;
..\..\world\kalimdor\darkshore\passivedoodads\bushes\darkshorebush03.m2;22715.0390625;86.37428283691406;12296.76171875;0;0;0;;1;296578;m2;201496;0;
..\..\world\kalimdor\darkshore\passivedoodads\bushes\darkshorebush03.m2;22722.384765625;87.24238586425781;12294.8671875;0;0;0;;1;296579;m2;201496;0;
..\..\world\kalimdor\darkshore\passivedoodads\bushes\darkshorebush03.m2;22809.34765625;99.07762145996094;12471.888671875;0;0;0;;1;296592;m2;201496;0;
..\..\world\kalimdor\darkshore\passivedoodads\bushes\darkshorebush03.m2;22789.466796875;98.53775024414062;12407.8154296875;0;0;0;;1;296593;m2;201496;0;
..\..\world\kalimdor\darkshore\passivedoodads\bushes\darkshorebush03.m2;22809.66015625;105.5884780883789;12405.3466796875;0;0;0;;1;296597;m2;201496;0;
..\..\world\kalimdor\darkshore\passivedoodads\bushes\darkshorebush03.m2;22817.076171875;106.09709930419922;12407.74609375;0;0;0;;1;296598;m2;201496;0;
..\..\world\kalimdor\darkshore\passivedoodads\bushes\darkshorebush03.m2;22930.40625;108.64483642578125;12398.42578125;0;0;0;;1;296603;m2;201496;0;
..\..\world\kalimdor\darkshore\passivedoodads\bushes\darkshorebush03.m2;22910.6015625;109.43549346923828;12357.9697265625;0;0;0;;1;296839;m2;201496;0;
..\..\world\kalimdor\darkshore\passivedoodads\bushes\darkshorebush03.m2;22869.228515625;94.96759796142578;12293.6279296875;0;0;0;;1;297047;m2;201496;0;
..\..\world\kalimdor\darkshore\passivedoodads\bushes\darkshorebush03.m2;22892.568359375;105.02100372314453;12270.349609375;0;0;0;;1;297054;m2;201496;0;
..\..\world\kalimdor\darkshore\passivedoodads\bushes\darkshorebush03.m2;22585.357421875;108.8353271484375;12613.599609375;0;0;0;;1;312585;m2;201496;0;
..\..\world\kalimdor\darkshore\passivedoodads\bushes\darkshorebush03.m2;22603.109375;111.0294189453125;12601.5185546875;0;0;0;;1;312586;m2;201496;0;
..\..\world\kalimdor\darkshore\passivedoodads\bushes\darkshorebush01.m2;22810.53125;102.90763854980469;12757.291015625;0;223.875244140625;0;;0.759765625;312539;m2;201494;0;
..\..\world\kalimdor\azshara\passivedoodads\rocks\azshararock01.m2;22524.466796875;66.010009765625;12801.83203125;-0.5000000596046448;0;-2.500000238418579;;1;295093;m2;201305;0;
..\..\world\kalimdor\azshara\passivedoodads\rocks\azshararock01.m2;22581.177734375;99.51752471923828;12654.57421875;0;0;0;;1;295202;m2;201305;0;
..\..\world\kalimdor\azshara\passivedoodads\rocks\azshararock01.m2;22440.265625;121.53836059570312;12723.0703125;0;0;0;;1;295297;m2;201305;0;
..\..\world\kalimdor\azshara\passivedoodads\rocks\azshararock01.m2;22429.66015625;121.243408203125;12748.994140625;0;0;0;;1;295299;m2;201305;0;
..\..\world\kalimdor\azshara\passivedoodads\rocks\azshararock01.m2;22400.69140625;122.34768676757812;12756.8310546875;0;0;0;;1;295300;m2;201305;0;
..\..\world\kalimdor\azshara\passivedoodads\rocks\azshararock01.m2;22521.427734375;102.12713623046875;12302.443359375;0;0;0;;1;295369;m2;201305;0;
..\..\world\kalimdor\azshara\passivedoodads\rocks\azshararock01.m2;22556.5625;68.09256744384766;12728.0810546875;0;0;0;;1;295458;m2;201305;0;
..\..\world\kalimdor\azshara\passivedoodads\rocks\azshararock01.m2;22555.30078125;67.1998291015625;12722.958984375;0;0;0;;1;295461;m2;201305;0;
..\..\world\kalimdor\azshara\passivedoodads\rocks\azshararock01.m2;22750.72265625;99.57019805908203;12759.982421875;0;0;0;;1;295516;m2;201305;0;
..\..\world\kalimdor\azshara\passivedoodads\rocks\azshararock01.m2;22630.109375;103.26595306396484;12596.630859375;0;0;0;;1;295594;m2;201305;0;
..\..\world\kalimdor\azshara\passivedoodads\rocks\azshararock01.m2;22728.259765625;99.82366943359375;12349.07421875;0;0;0;;1;295623;m2;201305;0;
..\..\world\kalimdor\azshara\passivedoodads\rocks\azshararock01.m2;22711.869140625;102.12248992919922;12355.27734375;0;0;0;;1;295624;m2;201305;0;
..\..\world\kalimdor\azshara\passivedoodads\rocks\azshararock01.m2;22807.1875;98.4927978515625;12389.21875;0;0;0;;1;295669;m2;201305;0;
..\..\world\kalimdor\azshara\passivedoodads\rocks\azshararock01.m2;22830.66015625;100.67696380615234;12368.115234375;0;0;0;;1;295673;m2;201305;0;
..\..\world\kalimdor\azshara\passivedoodads\rocks\azshararock01.m2;22605.45703125;113.40091705322266;12362.6806640625;0;0;0;;1;296296;m2;201305;0;
..\..\world\kalimdor\azshara\passivedoodads\rocks\azshararock01.m2;22830.556640625;105.14080047607422;12455.904296875;0;0;0;;1;296585;m2;201305;0;
..\..\world\azeroth\theblastedlands\passivedoodads\bones\blastedlandsblastedcow.m2;22446.9609375;107.28401184082031;12415.474609375;9.499999046325684;83;16;;1;296134;m2;190434;0;
..\..\world\azeroth\theblastedlands\passivedoodads\bones\blastedlandsblastedmule.m2;22608.0078125;108.30259704589844;12609.5390625;4.5;350.5;-27.499998092651367;;1;311285;m2;190435;0;
..\..\world\kalimdor\darkshore\passivedoodads\bushes\darkshorebush03.m2;22629.6015625;99.6753921508789;12483.2421875;0;130.92807006835938;0;;0.69921875;312543;m2;201496;0;
..\..\world\kalimdor\azshara\passivedoodads\rocks\azshararock02.m2;22557.373046875;66.38206481933594;12724.80859375;0;0;0;;1;295462;m2;201306;0;
..\..\world\kalimdor\azshara\passivedoodads\rocks\azshararock02.m2;22722.623046875;104.65380096435547;12730.11328125;0;44;0;;1;295491;m2;201306;0;
..\..\world\kalimdor\azshara\passivedoodads\rocks\azshararock02.m2;22825.255859375;106.2493896484375;12740.55859375;0;0;0;;1;295508;m2;201306;0;
..\..\world\kalimdor\azshara\passivedoodads\rocks\azshararock02.m2;22878.12109375;109.56466674804688;12386.4169921875;0;0;0;;1;295699;m2;201306;0;
..\..\world\kalimdor\azshara\passivedoodads\rocks\azshararock02.m2;22793.052734375;103.86392211914062;12680.0966796875;0;289;0;;1;296270;m2;201306;0;
..\..\world\kalimdor\azshara\passivedoodads\rocks\azshararock02.m2;22801.31640625;98.0741195678711;12743.3359375;0;98.2777099609375;0;;1;312540;m2;201306;0;
..\..\world\kalimdor\darkshore\passivedoodads\darkshorelogs\darkshorelog01.m2;22531.92578125;109.14328002929688;12341.765625;0;279.5;0;;0.8798828125;311318;m2;201503;0;
..\..\world\kalimdor\darkshore\passivedoodads\bushes\darkshorebush01.m2;22585.41015625;101.71222686767578;12653.32421875;0;0;0;;1;295201;m2;201494;0;
..\..\world\kalimdor\darkshore\passivedoodads\bushes\darkshorebush01.m2;22436.91015625;125.09439086914062;12721.359375;0;0;0;;1;295296;m2;201494;0;
..\..\world\kalimdor\darkshore\passivedoodads\bushes\darkshorebush01.m2;22534.537109375;108.32225036621094;12396.5166015625;0;0;0;;1;295386;m2;201494;0;
..\..\world\kalimdor\darkshore\passivedoodads\bushes\darkshorebush01.m2;22539.19140625;110.3994369506836;12382.1279296875;0;0;0;;1;295387;m2;201494;0;
..\..\world\kalimdor\darkshore\passivedoodads\bushes\darkshorebush01.m2;22555.978515625;110.44817352294922;12397.1904296875;0;0;0;;1;295388;m2;201494;0;
..\..\world\kalimdor\darkshore\passivedoodads\bushes\darkshorebush01.m2;22867.734375;103.81202697753906;12720.5625;0;0;0;;1;295502;m2;201494;0;
..\..\world\kalimdor\darkshore\passivedoodads\bushes\darkshorebush01.m2;22861.03125;105.29534912109375;12722.6796875;0;0;0;;1;295503;m2;201494;0;
..\..\world\kalimdor\darkshore\passivedoodads\bushes\darkshorebush01.m2;22654.787109375;105.5908203125;12559.953125;0;0;0;;1;295592;m2;201494;0;
..\..\world\kalimdor\darkshore\passivedoodads\bushes\darkshorebush01.m2;22623.326171875;111.24463653564453;12585.125;0;0;0;;1;295593;m2;201494;0;
..\..\world\kalimdor\darkshore\passivedoodads\bushes\darkshorebush01.m2;22728.140625;101.59683990478516;12402.166015625;0;0;0;;1;295611;m2;201494;0;
..\..\world\kalimdor\darkshore\passivedoodads\bushes\darkshorebush01.m2;22860.703125;112.27169799804688;12464.05859375;0;0;0;;1;295689;m2;201494;0;
..\..\world\kalimdor\darkshore\passivedoodads\bushes\darkshorebush01.m2;22657.5234375;108.6922378540039;12645.697265625;0;0;0;;1;296258;m2;201494;0;
..\..\world\kalimdor\darkshore\passivedoodads\bushes\darkshorebush01.m2;22685.87890625;111.103759765625;12675.98828125;0;0;0;;1;296265;m2;201494;0;
..\..\world\kalimdor\darkshore\passivedoodads\bushes\darkshorebush01.m2;22793.138671875;107.84471893310547;12676.521484375;0;0;0;;1;296271;m2;201494;0;
..\..\world\kalimdor\darkshore\passivedoodads\bushes\darkshorebush01.m2;22827.359375;101.93028259277344;12578.5029296875;0;0;0;;1;296280;m2;201494;0;
..\..\world\kalimdor\darkshore\passivedoodads\bushes\darkshorebush01.m2;22512.09375;107.60189056396484;12320.544921875;0;0;0;;1;296288;m2;201494;0;
..\..\world\kalimdor\darkshore\passivedoodads\bushes\darkshorebush01.m2;22598.24609375;107.57364654541016;12339.701171875;0;0;0;;1;296293;m2;201494;0;
..\..\world\kalimdor\darkshore\passivedoodads\bushes\darkshorebush01.m2;22607.828125;113.75985717773438;12343.9375;0;0;0;;1;296301;m2;201494;0;
..\..\world\kalimdor\darkshore\passivedoodads\bushes\darkshorebush01.m2;22637.490234375;104.9628677368164;12386.6103515625;0;0;0;;1;296306;m2;201494;0;
..\..\world\kalimdor\darkshore\passivedoodads\bushes\darkshorebush01.m2;22743.41015625;107.55400085449219;12541.86328125;0;0;0;;1;296321;m2;201494;0;
..\..\world\kalimdor\darkshore\passivedoodads\bushes\darkshorebush01.m2;22920.0234375;108.72515869140625;12563.853515625;0;0;0;;1;296413;m2;201494;0;
..\..\world\kalimdor\darkshore\passivedoodads\bushes\darkshorebush01.m2;22918.27734375;107.71871185302734;12569.306640625;0;0;0;;1;296414;m2;201494;0;
..\..\world\kalimdor\darkshore\passivedoodads\bushes\darkshorebush01.m2;22759.66015625;99.25224304199219;12491.6181640625;0;0;0;;1;296453;m2;201494;0;
..\..\world\kalimdor\darkshore\passivedoodads\bushes\darkshorebush01.m2;22857.716796875;119.88815307617188;12412.53125;0;0;0;;1;296465;m2;201494;0;
..\..\world\kalimdor\darkshore\passivedoodads\bushes\darkshorebush01.m2;22873.458984375;124.93818664550781;12417.9921875;0;0;0;;1;296466;m2;201494;0;
..\..\world\kalimdor\darkshore\passivedoodads\bushes\darkshorebush01.m2;22874.728515625;125.20465850830078;12434.90625;0;0;0;;1;296467;m2;201494;0;
..\..\world\kalimdor\darkshore\passivedoodads\bushes\darkshorebush01.m2;22876.232421875;108.56768035888672;12516.623046875;0;0;0;;1;296498;m2;201494;0;
..\..\world\kalimdor\darkshore\passivedoodads\bushes\darkshorebush01.m2;22932.19921875;129.23316955566406;12470.634765625;0;0;0;;1;296513;m2;201494;0;
..\..\world\kalimdor\darkshore\passivedoodads\bushes\darkshorebush01.m2;22823.974609375;99.00455474853516;12266.18359375;0;0;0;;1;296570;m2;201494;0;
..\..\world\kalimdor\darkshore\passivedoodads\bushes\darkshorebush01.m2;22827.39453125;97.680908203125;12267.7900390625;0;0;0;;1;296571;m2;201494;0;
..\..\world\kalimdor\darkshore\passivedoodads\bushes\darkshorebush01.m2;22723.84765625;87.32280731201172;12297.427734375;0;0;0;;1;296577;m2;201494;0;
..\..\world\kalimdor\darkshore\passivedoodads\bushes\darkshorebush01.m2;22791.662109375;98.33207702636719;12401.2529296875;0;0;0;;1;296594;m2;201494;0;
..\..\world\kalimdor\darkshore\passivedoodads\bushes\darkshorebush01.m2;22788.609375;98.86102294921875;12411.345703125;0;0;0;;1;296595;m2;201494;0;
..\..\world\kalimdor\darkshore\passivedoodads\bushes\darkshorebush01.m2;22805.30078125;106.16486358642578;12419.0654296875;0;0;0;;1;296596;m2;201494;0;
..\..\world\kalimdor\darkshore\passivedoodads\bushes\darkshorebush01.m2;22888.15625;116.40543365478516;12472.4951171875;0;0;0;;1;297039;m2;201494;0;
..\..\world\kalimdor\darkshore\passivedoodads\bushes\darkshorebush01.m2;22863.43359375;94.1153793334961;12290.068359375;0;0;0;;1;297046;m2;201494;0;
..\..\world\kalimdor\darkshore\passivedoodads\bushes\darkshorebush01.m2;22898.8515625;106.6043472290039;12264.35546875;0;0;0;;1;297052;m2;201494;0;
..\..\world\kalimdor\darkshore\passivedoodads\bushes\darkshorebush03.m2;22818.88671875;106.71270751953125;12410.1171875;0;282.5;0;;0.75;296599;m2;201496;0;
..\..\world\kalimdor\darkshore\passivedoodads\darkshorelogs\darkshorelog02.m2;22595.197265625;108.52615356445312;12615.2841796875;5.5;19;-4.500000476837158;;1;311290;m2;201504;0;
..\..\world\kalimdor\darkshore\passivedoodads\darkshorelogs\darkshorelog02.m2;22631.619140625;98.3420639038086;12477.01953125;-3.499999523162842;57.705718994140625;-7.000000476837158;;1;312548;m2;201504;0;
..\..\world\generic\tauren\passivedoodads\drums\taurendrumgiant01.m2;22606.607421875;107.56363677978516;12620.57421875;0;63;0;;1;311300;m2;200401;0;
..\..\world\kalimdor\azshara\passivedoodads\rocks\azshararock01.m2;22600.134765625;106.56759643554688;12628.271484375;0;0;0;;0.849609375;312587;m2;201305;0;
..\..\world\kalimdor\darkshore\passivedoodads\bushes\darkshorebush01.m2;22790.109375;100.2725830078125;12770.578125;0;57.163604736328125;0;;0.6494140625;312537;m2;201494;0;
..\..\world\generic\tauren\passivedoodads\drums\taurendrumgiant01.m2;22811.193359375;102.3224868774414;12754.759765625;0;70.27069091796875;0;;1;312533;m2;200401;0;
..\..\world\generic\tauren\passivedoodads\drums\taurendrumgiant01.m2;22453.91015625;110.64578247070312;12367.6953125;0;105;0;;1;296111;m2;200401;0;
..\..\world\generic\tauren\passivedoodads\drums\taurendrumgiant01.m2;22656.515625;98.30769348144531;12471.92578125;0;283.5;0;;1;311313;m2;200401;0;
..\..\world\kalimdor\darkshore\passivedoodads\bushes\darkshorebush01.m2;22655.037109375;98.1247329711914;12459.8779296875;0;0;0;;0.8193359375;296315;m2;201494;0;
..\..\world\generic\nightelf\passivedoodads\ruins\nightelfruins03.m2;22609.94140625;107.13067626953125;12613.353515625;0;29;0;;1.6796875;311270;m2;198836;0;
..\..\world\azeroth\theblastedlands\passivedoodads\bones\blastedlandsblastedmule.m2;22448.880859375;107.1222915649414;12417.607421875;0;232.5;0;;0.779296875;296135;m2;190435;0;
..\..\world\azeroth\bootybay\passivedoodad\deadfish\fishrack.m2;22799.03125;102.11746978759766;12767.640625;-0.5;194;-9;;1;312510;m2;189091;0;
..\..\world\kalimdor\darkshore\passivedoodads\bushes\darkshorebush01.m2;22630.3359375;97.2507553100586;12463.81640625;0;0;0;;0.7099609375;296310;m2;201494;0;
..\..\world\azeroth\bootybay\passivedoodad\deadfish\fishrack.m2;22606.63671875;107.68705749511719;12614.4921875;-6.403302563739999e-7;263.4999084472656;-3.0000011920928955;;1;311267;m2;189091;0;
..\..\world\kalimdor\darkshore\passivedoodads\bushes\darkshorebush01.m2;22654.099609375;99.8169937133789;12490.04296875;0;357;0;;0.6591796875;296313;m2;201494;0;
..\..\world\azeroth\stranglethorn\activedoodads\cages\cage02.m2;22934.91015625;111.0359115600586;12357.775390625;-2.500000238418579;158.5;3.500000476837158;;1;396450;m2;190142;0;
..\..\world\kalimdor\darkshore\passivedoodads\bushes\darkshorebush01.m2;22586.513671875;108.41249084472656;12618.537109375;0;351;0;;0.509765625;312584;m2;201494;0;
..\..\world\generic\tauren\passivedoodads\dreamcatchers\dreamcatcher02.m2;22469.33203125;110.8469009399414;12366.4716796875;0;4;0;;0.689453125;296124;m2;200398;0;
..\..\world\kalimdor\darkshore\passivedoodads\ruins\darkshoreruinpillar05.m2;22620.59375;96.83578491210938;12466.4638671875;0;0;0;;1;312574;m2;201557;0;
..\..\world\kalimdor\azshara\passivedoodads\rocks\azshararock01.m2;22554.728515625;68.03575897216797;12730.287109375;7.999999046325684;262;-22.5;;0.4296875;295459;m2;201305;0;
..\..\world\generic\tauren\passivedoodads\baskets\flatbasket01.m2;22644.82421875;97.26996612548828;12465.9931640625;24.5;290;-16.999998092651367;;1;311311;m2;200371;0;
..\..\world\generic\tauren\passivedoodads\baskets\largebasket01.m2;22788.65234375;101.66787719726562;12760.8466796875;0;336.7412414550781;0;;1;312530;m2;200372;0;
..\..\world\generic\tauren\passivedoodads\animalcages\animalcage04.m2;22435.203125;108.492919921875;12404.966796875;18.499998092651367;353;-3;;1;296119;m2;200360;0;
..\..\world\generic\tauren\passivedoodads\baskets\flatbasket01.m2;22790.388671875;101.890380859375;12762.150390625;-21.000001907348633;283.6976318359375;10.500000953674316;;1;312529;m2;200371;0;
..\..\world\generic\tauren\passivedoodads\baskets\largebasket01.m2;22633.3984375;99.68017578125;12484.31640625;0;163.7452392578125;0;;1;312550;m2;200372;0;
..\..\world\generic\tauren\passivedoodads\baskets\flatbasket01.m2;22643.48828125;100.36163330078125;12486.9853515625;-8.000000953674316;344.5527648925781;-179.5;;1;312553;m2;200371;0;
..\..\world\generic\tauren\passivedoodads\animalcages\animalcage02.m2;22652.412109375;98.66632843017578;12469.958984375;-84.99986267089844;243.5489044189453;-12.499846458435059;;1;312565;m2;200358;0;
..\..\world\generic\tauren\passivedoodads\baskets\largebasket01.m2;22447.724609375;112.88539123535156;12378.1171875;0;0;0;;1;296115;m2;200372;0;
..\..\world\generic\tauren\passivedoodads\baskets\largebasket01.m2;22438.841796875;108.7733383178711;12414.197265625;0;0;0;;1;296129;m2;200372;0;
..\..\world\generic\tauren\passivedoodads\baskets\largebasket01.m2;22453.4609375;107.1465072631836;12420.4140625;0;0;0;;1;296130;m2;200372;0;
..\..\world\generic\tauren\passivedoodads\baskets\largebasket01.m2;22606.068359375;108.68673706054688;12608.1103515625;0;0;0;;1;311293;m2;200372;0;
..\..\world\generic\tauren\passivedoodads\baskets\largebasket01.m2;22629.46875;96.9774169921875;12464.734375;0;0;0;;1;311309;m2;200372;0;
..\..\world\generic\tauren\passivedoodads\baskets\largebasket01.m2;22639.37890625;96.14643859863281;12466.490234375;0;0;0;;1;311310;m2;200372;0;
..\..\world\generic\tauren\passivedoodads\baskets\largebasket01.m2;22651.3125;99.60828399658203;12487.8515625;0;11.6348876953125;0;;1;312555;m2;200372;0;
..\..\world\generic\tauren\passivedoodads\animalcages\animalcage02.m2;22432.85546875;109.08007049560547;12407.4541015625;-37.499996185302734;269.5000305175781;7.499995231628418;;1;296120;m2;200358;0;
..\..\world\generic\tauren\passivedoodads\animalcages\animalcage02.m2;22656.609375;98.89073944091797;12474.494140625;-20.5;7.43682861328125;2.500000238418579;;1;312557;m2;200358;0;
..\..\world\generic\tauren\passivedoodads\animalcages\animalcage04.m2;22811.41015625;103.25614929199219;12747.87109375;0;230.93035888671875;0;;1;312526;m2;200360;0;
..\..\world\generic\tauren\passivedoodads\animalcages\animalcage04.m2;22653.375;100.01609802246094;12488.224609375;0;5.141754150390625;0;;1;312556;m2;200360;0;
..\..\world\generic\tauren\passivedoodads\animalcages\animalcage04.m2;22788.0625;101.64798736572266;12753.18359375;0;31.147186279296875;0;;1;312527;m2;200360;0;
..\..\world\generic\tauren\passivedoodads\animalcages\animalcage04.m2;22653.08984375;99.4388198852539;12470.56640625;0;176.960205078125;0;;1;312566;m2;200360;0;
..\..\world\generic\tauren\passivedoodads\dreamcatchers\dreamcatcher02.m2;22790.66015625;102.86087036132812;12751.423828125;0;153.3553466796875;0;;0.529296875;312521;m2;200398;0;
..\..\world\generic\tauren\passivedoodads\animalcages\animalcage02.m2;22631.6640625;97.29108428955078;12471.251953125;-10.500000953674316;39.84246826171875;-6.000000476837158;;1;312560;m2;200358;0;
..\..\world\generic\tauren\passivedoodads\animalcages\animalcage02.m2;22656.787109375;100.68224334716797;12494.6171875;-10.5;35.09075927734375;-5.499999046325684;;1;312559;m2;200358;0;
..\..\world\generic\tauren\passivedoodads\animalcages\animalcage03.m2;22628.708984375;97.58919525146484;12471.2529296875;3.999999523162842;66.2220458984375;-8.5;;1;312561;m2;200359;0;
..\..\world\generic\tauren\passivedoodads\baskets\flatbasket01.m2;22443.453125;108.2464370727539;12414.125;-26.5;0;-18;;1;296128;m2;200371;0;
..\..\world\generic\tauren\passivedoodads\chimes\taurenchimeswood.m2;22458.79296875;114.09098052978516;12375.208984375;0;0;0;;1;296112;m2;200396;0;
..\..\world\generic\tauren\passivedoodads\chimes\taurenchimeswood.m2;22536.0234375;110.7554931640625;12335.0185546875;0;0;0;;1;311319;m2;200396;0;
..\..\world\generic\tauren\passivedoodads\chimes\taurenchimesbells.m2;22440.357421875;109.91867065429688;12406.357421875;0;0;0;;1;296113;m2;200395;0;
..\..\world\generic\tauren\passivedoodads\chimes\taurenchimesbells.m2;22601.09765625;110.95321655273438;12587.5654296875;0;338.5;0;;1;311301;m2;200395;0;
..\..\world\generic\tauren\passivedoodads\animalcages\animalcage02.m2;22808.47265625;102.63436126708984;12749.787109375;0;312.1158447265625;4.999999523162842;;1;312524;m2;200358;0;
..\..\world\generic\tauren\passivedoodads\animalcages\animalcage03.m2;22808.916015625;102.81989288330078;12747.203125;5.500000953674316;284.0052490234375;-0.5000019073486328;;1;312525;m2;200359;0;
..\..\world\generic\tauren\passivedoodads\drums\taurendrummed01.m2;22529.67578125;109.5298080444336;12333.7294921875;8.537736562175269e-7;30;75.5;;1;311316;m2;200402;0;
..\..\world\generic\tauren\passivedoodads\animalcages\animalcage02.m2;22627.765625;97.06069946289062;12466.60546875;0;353.5;0;;1;311307;m2;200358;0;
..\..\world\generic\tauren\passivedoodads\animalcages\animalcage02.m2;22591.755859375;108.67366790771484;12618.396484375;0;70;0;;1;312580;m2;200358;0;
..\..\world\generic\tauren\passivedoodads\chimes\taurenchimeswood.m2;22795.765625;103.43363189697266;12764.2998046875;0;16.54876708984375;0;;0.8994140625;312535;m2;200396;0;
..\..\world\generic\tauren\passivedoodads\chimes\taurenchimeswood.m2;22598.92578125;110.6712417602539;12611.13671875;0;352;0;;0.8798828125;311289;m2;200396;0;
..\..\world\generic\nightelf\passivedoodads\steppingstones\steppingstone01.m2;22796.515625;101.20349884033203;12771.212890625;6.5;29.88372802734375;9.499999046325684;;0.83984375;312517;m2;198947;0;
..\..\world\generic\tauren\passivedoodads\baskets\smallbasket01.m2;22634.78515625;99.5938491821289;12482.8984375;-2.500000238418579;68.3150634765625;-6;;1;312549;m2;200375;0;
..\..\world\generic\tauren\passivedoodads\baskets\smallbasket01.m2;22453.95703125;112.48194122314453;12379.1962890625;0;152.5;0;;1;296114;m2;200375;0;
..\..\world\generic\tauren\passivedoodads\drums\taurendrummed01.m2;22595.5625;109.67442321777344;12602.93359375;-73.00000762939453;0;59;;1;311295;m2;200402;0;
..\..\world\generic\nightelf\passivedoodads\steppingstones\steppingstone01.m2;22595.90625;108.94928741455078;12604.7275390625;7.999999046325684;0;-3.5;;1;311303;m2;198947;0;
..\..\world\generic\tauren\passivedoodads\animalcages\animalcage03.m2;22434.87109375;108.75296783447266;12407.044921875;-9.500000953674316;0;-6.5;;1;296118;m2;200359;0;
..\..\world\generic\nightelf\passivedoodads\steppingstones\steppingstone01.m2;22458.873046875;110.97601318359375;12368.88671875;0;0;0;;1;296126;m2;198947;0;
..\..\world\generic\tauren\passivedoodads\sacks\taurensack03.m2;22792.962890625;101.15290832519531;12745.6953125;-6.500000476837158;0;3.999999523162842;;1;312509;m2;200443;0;
..\..\world\generic\nightelf\passivedoodads\steppingstones\steppingstone02.m2;22456.65625;111.31202697753906;12370.1025390625;-14;0;0;;1;296125;m2;198948;0;
..\..\world\generic\tauren\passivedoodads\sacks\taurensack01.m2;22792.33984375;100.873046875;12747.177734375;0;82;0;;1;312508;m2;200441;0;
..\..\world\generic\tauren\passivedoodads\sacks\taurensack01.m2;22637.412109375;96.43871307373047;12466.82421875;0;0;0;;1;312575;m2;200441;0;
..\..\world\generic\nightelf\passivedoodads\steppingstones\steppingstone02.m2;22587.974609375;109.34355926513672;12608.521484375;1.0000001192092896;357.5;-12;;0.9091796875;312582;m2;198948;0;
..\..\world\generic\tauren\passivedoodads\drums\taurendrummed01.m2;22458.583984375;111.85006713867188;12374.357421875;0;0;0;;1;296110;m2;200402;0;
..\..\world\generic\tauren\passivedoodads\drums\taurendrummed01.m2;22609.7265625;107.29379272460938;12615.81640625;0;0;0;;1;311291;m2;200402;0;
..\..\world\generic\tauren\passivedoodads\drums\taurendrummed01.m2;22596.818359375;109.64933013916016;12602.3388671875;0;0;0;;1;311294;m2;200402;0;
..\..\world\generic\tauren\passivedoodads\drums\taurendrummed01.m2;22808.787109375;103.04070281982422;12759.341796875;0;87.31103515625;0;;1;312534;m2;200402;0;
..\..\world\generic\tauren\passivedoodads\drums\taurendrummed01.m2;22649.015625;97.38529968261719;12464.328125;0;182.21380615234375;0;;1;312545;m2;200402;0;
..\..\world\generic\tauren\passivedoodads\drums\taurendrummed01.m2;22590.99609375;108.85617065429688;12611.26953125;0;0;0;;1;312590;m2;200402;0;
..\..\world\generic\tauren\passivedoodads\drums\taurendrumsmall01.m2;22642.560546875;100.05872344970703;12488.3544921875;79;198.7597198486328;-27.000003814697266;;1;312554;m2;200403;0;
..\..\world\generic\tauren\passivedoodads\animalcages\animalcage03.m2;22596.5703125;108.5927505493164;12618.7998046875;0;0;0;;1;311297;m2;200359;0;
..\..\world\generic\tauren\passivedoodads\chimes\taurenchimesbells.m2;22648.912109375;99.5705337524414;12467.060546875;0;0;0;;0.75;311312;m2;200395;0;
..\..\world\generic\tauren\passivedoodads\baskets\flatbasket01.m2;22446.78125;113.06095123291016;12379.43359375;28.5;356;3.500000238418579;;0.7392578125;296117;m2;200371;0;
..\..\world\generic\nightelf\passivedoodads\steppingstones\steppingstone01.m2;22649.109375;97.04418182373047;12460.50390625;0.5;0;3.5;;0.859375;312576;m2;198947;0;
..\..\world\generic\tauren\passivedoodads\carvingtools\carvinghatchet01.m2;22434.384765625;108.57315826416016;12405.23828125;68.00000762939453;0;46.50000762939453;;1;296121;m2;200391;0;
..\..\world\generic\tauren\passivedoodads\chimes\taurenchimeswood.m2;22634.53125;99.29703521728516;12470.712890625;0;79.75726318359375;0;;0.7099609375;312547;m2;200396;0;
..\..\world\generic\tauren\passivedoodads\carvingtools\carvinghatchet01.m2;22594.576171875;110.02115631103516;12617.1435546875;16.5;190.5;118.5;;0.939453125;311299;m2;200391;0;
..\..\world\generic\tauren\passivedoodads\drums\taurendrumsmall01.m2;22448.841796875;113.22160339355469;12378.484375;83.50001525878906;201;-142;;1;296116;m2;200403;0;
..\..\world\generic\tauren\passivedoodads\chimes\taurenchimeswood.m2;22637.53125;98.85140991210938;12468.8515625;0;258.15362548828125;0;;0.689453125;312546;m2;200396;0;
..\..\world\generic\nightelf\passivedoodads\steppingstones\steppingstone02.m2;22638.17578125;96.1002426147461;12462.9609375;6.499999046325684;0;3;;0.8798828125;312578;m2;198948;0;
..\..\world\generic\tauren\passivedoodads\baskets\smallbasket01.m2;22604.138671875;108.84699249267578;12608.75390625;8.5;0;-4.500000476837158;;1;311292;m2;200375;0;
..\..\world\generic\tauren\passivedoodads\baskets\flatbasket01.m2;22594.30078125;109.42996215820312;12602.994140625;55.99999237060547;354;19.999990463256836;;0.6494140625;311296;m2;200371;0;
..\..\world\generic\tauren\passivedoodads\drums\taurendrumsmall01.m2;22628.166015625;97.32147979736328;12469.39453125;21.999998092651367;82.38900756835938;-0.49999839067459106;;1;312562;m2;200403;0;
..\..\world\generic\tauren\passivedoodads\baskets\smallbasket01.m2;22592.46875;109.05323028564453;12610.69140625;0;0;0;;1;312591;m2;200375;0;
..\..\world\generic\tauren\passivedoodads\dreamcatchers\dreamcatcher02.m2;22645.125;101.44795227050781;12486.494140625;0;209.80133056640625;0;;0.3193359375;312564;m2;200398;0;
..\..\world\generic\nightelf\passivedoodads\steppingstones\steppingstone01.m2;22588.8671875;109.42032623291016;12606.8046875;0;0;0;;0.7392578125;312583;m2;198947;0;
..\..\world\generic\tauren\passivedoodads\carvingtools\carvinghatchet01.m2;22807.87890625;103.10746002197266;12758.9560546875;36;183.0365753173828;-10.999999046325684;;1;312532;m2;200391;0;
..\..\world\generic\nightelf\passivedoodads\steppingstones\steppingstone01.m2;22640.79296875;96.61346435546875;12463.849609375;3;0;8;;0.7099609375;312579;m2;198947;0;
..\..\world\generic\nightelf\passivedoodads\steppingstones\steppingstone01.m2;22792.4609375;100.7009506225586;12742.458984375;0;310.7687683105469;0;;0.5791015625;312520;m2;198947;0;
..\..\world\azeroth\theblastedlands\passivedoodads\bones\blastedlandsbonepile02.m2;22800.794921875;102.59622192382812;12767.185546875;0;49.614288330078125;0;;1;312515;m2;190437;0;
..\..\world\generic\tauren\passivedoodads\drums\taurendrumsmall01.m2;22627.693359375;97.27686309814453;12468.7587890625;0;51.2637939453125;0;;1;312563;m2;200403;0;
..\..\world\generic\tauren\passivedoodads\drums\taurendrumsmall01.m2;22635.25390625;99.5649642944336;12484.01953125;0;37.266754150390625;0;;1;312551;m2;200403;0;
..\..\world\generic\tauren\passivedoodads\drums\taurendrumsmall01.m2;22795.87109375;101.8740005493164;12767.400390625;0;144.287841796875;0;;1;312531;m2;200403;0;
..\..\world\generic\nightelf\passivedoodads\steppingstones\steppingstone02.m2;22790.86328125;100.65264892578125;12743.58984375;4.500000476837158;264.8445129394531;2.5;;0.6796875;312519;m2;198948;0;
..\..\world\generic\nightelf\passivedoodads\steppingstones\steppingstone01.m2;22592.39453125;109.07627868652344;12607.560546875;0;247;0;;0.5693359375;311305;m2;198947;0;
..\..\world\generic\tauren\passivedoodads\drums\taurendrumsmall01.m2;22443.0859375;108.1447525024414;12412.55078125;0;0;0;;1;296127;m2;200403;0;
..\..\world\generic\tauren\passivedoodads\drums\taurendrumsmall01.m2;22596.05859375;108.61946105957031;12620.30859375;0;0;0;;1;311298;m2;200403;0;
..\..\world\generic\tauren\passivedoodads\drums\taurendrumsmall01.m2;22627.29296875;97.02283477783203;12465.2353515625;0;0;0;;1;311308;m2;200403;0;
..\..\world\generic\tauren\passivedoodads\drums\taurendrumsmall01.m2;22787.49609375;101.73396301269531;12754.2666015625;0;16.315185546875;0;;1;312528;m2;200403;0;
..\..\world\generic\tauren\passivedoodads\drums\taurendrumsmall01.m2;22643.828125;99.88675689697266;12488.87890625;0;79.06002807617188;0;;1;312552;m2;200403;0;
..\..\world\generic\tauren\passivedoodads\drums\taurendrumsmall01.m2;22590.716796875;109.12580871582031;12610.3984375;0;0;0;;1;312589;m2;200403;0;
..\..\world\generic\nightelf\passivedoodads\steppingstones\steppingstone02.m2;22593.8046875;108.93757629394531;12606.1171875;0;0;0;;0.7099609375;311304;m2;198948;0;
..\..\world\generic\tauren\passivedoodads\sacks\taurensack02.m2;22791.6484375;101.0389404296875;12746.2373046875;0;132;0;;1;312507;m2;200442;0;
..\..\world\azeroth\theblastedlands\passivedoodads\bones\blastedlandsbonepile02.m2;22645.927734375;98.12469482421875;12475.4453125;0;78.857421875;0;;1;312570;m2;190437;0;
..\..\world\generic\nightelf\passivedoodads\steppingstones\steppingstone02.m2;22798.478515625;101.4952392578125;12772.8515625;-9;93.51849365234375;6.5;;0.6298828125;312518;m2;198948;0;
..\..\world\generic\nightelf\passivedoodads\steppingstones\steppingstone02.m2;22646.880859375;97.17513275146484;12462.4228515625;0;0;0;;0.669921875;312577;m2;198948;0;
..\..\world\azeroth\theblastedlands\passivedoodads\bones\blastedlandsspine01.m2;22645.615234375;98.30146789550781;12476.296875;0;112.28359985351562;0;;1;312569;m2;190441;0;
..\..\world\azeroth\theblastedlands\passivedoodads\bones\blastedlandsbonepile02.m2;22606.31640625;107.96663665771484;12616.259765625;0;180.5;0;;1;311275;m2;190437;0;
..\..\world\azeroth\theblastedlands\passivedoodads\bones\blastedlandsbonepile02.m2;22448.13671875;107.46598815917969;12414.623046875;0;0;0;;1;296136;m2;190437;0;
..\..\world\azeroth\theblastedlands\passivedoodads\bones\blastedlandsbonepile02.m2;22645.25;97.3182373046875;12466.7353515625;0;0;0;;1;296153;m2;190437;0;
..\..\world\azeroth\theblastedlands\passivedoodads\bones\blastedlandsbonepile02.m2;22606.41796875;107.96785736083984;12615.9013671875;0;0;0;;1;311274;m2;190437;0;
..\..\world\azeroth\theblastedlands\passivedoodads\bones\blastedlandsbonepile02.m2;22797.453125;101.7218017578125;12753.34765625;0;0;0;;1;311679;m2;190437;0;
..\..\world\azeroth\elwynn\passivedoodads\battlegladesword\battlegladesword.m2;22443.412109375;108.16429901123047;12411.267578125;0;238.99998474121094;0;;1;296133;m2;189687;0;
..\..\world\azeroth\elwynn\passivedoodads\battlegladesword\battlegladesword.m2;22644.30859375;97.25408172607422;12467.04296875;0;143.5;0;;1;312573;m2;189687;0;
..\..\world\azeroth\theblastedlands\passivedoodads\bones\blastedlandsbonepile03.m2;22448.447265625;107.384033203125;12416.43359375;0;0;0;;1.4892578125;296137;m2;190438;0;
..\..\world\azeroth\theblastedlands\passivedoodads\bones\blastedlandsspine01.m2;22642.8359375;97.99638366699219;12474.779296875;0;183.46629333496094;0;;1;312568;m2;190441;0;
..\..\world\azeroth\theblastedlands\passivedoodads\bones\blastedlandsspine01.m2;22459.62109375;112.09092712402344;12378.076171875;0;271.5;0;;1;296144;m2;190441;0;
..\..\world\azeroth\theblastedlands\passivedoodads\bones\blastedlandsspine01.m2;22443.583984375;108.15664672851562;12410.97265625;0;0;0;;1;296131;m2;190441;0;
..\..\world\azeroth\theblastedlands\passivedoodads\bones\blastedlandsspine01.m2;22458.11328125;111.55403137207031;12372.248046875;0;0;0;;1;296146;m2;190441;0;
..\..\world\azeroth\theblastedlands\passivedoodads\bones\blastedlandsbonepile03.m2;22604.916015625;108.20404052734375;12615.607421875;0;318;0;;1;311273;m2;190438;0;
..\..\world\azeroth\theblastedlands\passivedoodads\bones\blastedlandsbonepile03.m2;22606.662109375;108.2055435180664;12615.966796875;0;307.5;0;;1;311276;m2;190438;0;
..\..\world\generic\orc\passivedoodads\animalskulls\tallstriderskull.m2;22454.59765625;107.3289566040039;12420.43359375;13.999999046325684;165.5;1.0000001192092896;;1;296141;m2;199052;0;
..\..\world\azeroth\theblastedlands\passivedoodads\bones\blastedlandsbonepile03.m2;22607.056640625;108.1061782836914;12612.859375;0;296;0;;1;311278;m2;190438;0;
..\..\world\azeroth\theblastedlands\passivedoodads\bones\blastedlandsbonepile03.m2;22607.087890625;108.16703796386719;12612.25390625;0;24.5;0;;1;311279;m2;190438;0;
..\..\world\azeroth\theblastedlands\passivedoodads\bones\blastedlandsbonepile03.m2;22645.4296875;97.97908782958984;12473.453125;0;65.62335205078125;0;;1;312572;m2;190438;0;
..\..\world\generic\orc\passivedoodads\animalskulls\boarskull.m2;22645.978515625;97.40021514892578;12466.9091796875;0;307;0;;1;296152;m2;199049;0;
..\..\world\generic\human\passivedoodads\meat\bloodymeat02.m2;22644.48828125;97.29954528808594;12467.34375;0;240;0;;1;296151;m2;198344;0;
..\..\world\azeroth\bootybay\passivedoodad\deadfish\fishdeadblue.m2;22604.95703125;108.2468032836914;12613.966796875;0;84.5;0;;1.26953125;311269;m2;189085;0;
..\..\world\azeroth\theblastedlands\passivedoodads\bones\blastedlandsbonepile03.m2;22800.412109375;102.55609893798828;12767.078125;0;105.44461059570312;0;;1;312514;m2;190438;0;
..\..\world\generic\orc\passivedoodads\animalskulls\tigerskull.m2;22455.044921875;107.28666687011719;12420.326171875;0;213.5;0;;1;296140;m2;199054;0;
..\..\world\azeroth\theblastedlands\passivedoodads\bones\blastedlandsbonepile03.m2;22606.56640625;108.16026306152344;12612.732421875;0;188.5;0;;1;311281;m2;190438;0;
..\..\world\generic\human\passivedoodads\meat\bloodymeat02.m2;22798.76953125;101.87258911132812;12756.8916015625;-5;0;3.999999523162842;;1;311675;m2;198344;0;
..\..\world\generic\human\passivedoodads\meat\bloodymeat02.m2;22644.3671875;97.17707824707031;12466.748046875;0.9999998807907104;0;3;;1;296149;m2;198344;0;
..\..\world\azeroth\theblastedlands\passivedoodads\bones\blastedlandsbonepile03.m2;22606.5625;108.19994354248047;12612.353515625;0;0;0;;1;311277;m2;190438;0;
..\..\world\azeroth\theblastedlands\passivedoodads\bones\blastedlandsbonepile03.m2;22607.046875;108.20327758789062;12612.404296875;0;0;0;;1;311280;m2;190438;0;
..\..\world\azeroth\theblastedlands\passivedoodads\bones\blastedlandsbonepile03.m2;22605.53515625;108.30526733398438;12612.2822265625;0;0;0;;1;311282;m2;190438;0;
..\..\world\azeroth\theblastedlands\passivedoodads\bones\blastedlandsbonepile03.m2;22799.380859375;101.77371215820312;12754.888671875;0;0;0;;1;311678;m2;190438;0;
..\..\world\azeroth\theblastedlands\passivedoodads\bones\blastedlandsbonepile03.m2;22796.46875;101.77224731445312;12755.18359375;0;0;0;;1;311680;m2;190438;0;
..\..\world\azeroth\bootybay\passivedoodad\deadfish\fishdeadblue.m2;22799;102.3935317993164;12766.5390625;0;284.4556884765625;0;;1;312511;m2;189085;0;
..\..\world\generic\human\passivedoodads\meat\bloodymeat01.m2;22645.91015625;97.3003158569336;12467.1123046875;0;0;0;;1;296150;m2;198343;0;
..\..\world\generic\human\passivedoodads\meat\bloodymeat01.m2;22798.86328125;101.7123794555664;12754.119140625;0;0;0;;1;311677;m2;198343;0;
..\..\world\azeroth\bootybay\passivedoodad\deadfish\fishdeadgreen.m2;22797.6796875;102.20284271240234;12766.8134765625;5.000000476837158;301.4300537109375;1.5000003576278687;;1;312512;m2;189086;0;
..\..\world\azeroth\bootybay\passivedoodad\deadfish\fishdeadgreen.m2;22604.849609375;108.28849029541016;12613.1279296875;0;0;0;;1;311268;m2;189086;0;
..\..\world\azeroth\theblastedlands\passivedoodads\bones\blastedlandsskull02.m2;22643.3828125;98.26126861572266;12475.732421875;-3.0000011920928955;254.0340576171875;-39.49999237060547;;1;312567;m2;190440;0;
..\..\world\azeroth\theblastedlands\passivedoodads\bones\blastedlandsskull02.m2;22443.1796875;108.20066833496094;12410.533203125;0;145;0;;1;296132;m2;190440;0;
..\..\world\generic\human\passivedoodads\meat\bloodymeat01.m2;22604.291015625;108.27723693847656;12615.9873046875;3.499999523162842;345;-5.5;;0.6298828125;311271;m2;198343;0;
..\..\world\azeroth\theblastedlands\passivedoodads\bones\blastedlandsskull01.m2;22605.076171875;108.13626098632812;12616.763671875;0;283.5;0;;1;311272;m2;190439;0;
..\..\world\generic\human\passivedoodads\meat\bloodymeat01.m2;22797.1171875;101.7332534790039;12756.435546875;0;10;0;;0.669921875;311676;m2;198343;0;
..\..\world\azeroth\theblastedlands\passivedoodads\bones\blastedlandsskull01.m2;22445.9375;107.70475769042969;12414.6796875;0;168.5;0;;1;296139;m2;190439;0;
..\..\world\azeroth\theblastedlands\passivedoodads\bones\blastedlandsskull01.m2;22800.9453125;102.62449645996094;12766.9453125;0;92.15689086914062;0;;1;312513;m2;190439;0;
..\..\world\azeroth\theblastedlands\passivedoodads\bones\blastedlandsskull02.m2;22458.56640625;112.15277862548828;12379.7734375;0;0;0;;1;296145;m2;190440;0;
..\..\world\azeroth\theblastedlands\passivedoodads\bones\blastedlandsbone01.m2;22644.947265625;98.43453979492188;12476.81640625;0;47.197509765625;0;;1;312571;m2;190436;0;
..\..\world\azeroth\theblastedlands\passivedoodads\bones\blastedlandsbone01.m2;22797.0625;102.00409698486328;12767.8203125;0;242.25592041015625;0;;1;312516;m2;190436;0;
..\..\world\azeroth\theblastedlands\passivedoodads\bones\blastedlandsbone01.m2;22448.0703125;107.42816162109375;12416.228515625;0;87;0;;1;296138;m2;190436;0;
..\..\world\azeroth\theblastedlands\passivedoodads\bones\blastedlandsbone01.m2;22644.046875;97.21539306640625;12466.90234375;0;0;0;;1;296154;m2;190436;0;
..\..\world\azeroth\theblastedlands\passivedoodads\bones\blastedlandsbone01.m2;22606.400390625;108.12616729736328;12613.4072265625;0;5.5;0;;1;311283;m2;190436;0;
..\..\world\azeroth\theblastedlands\passivedoodads\bones\blastedlandsbone01.m2;22604.12890625;108.31195068359375;12615.453125;0;0;0;;1;311284;m2;190436;0;
..\..\world\azeroth\theblastedlands\passivedoodads\bones\blastedlandsbone01.m2;22436.322265625;108.4388198852539;12405.2666015625;0;0;0;;1;311691;m2;190436;0;
..\..\world\wmo\kalimdor\buildings\classicalelfruins\azrclassicalelfruin01.wmo;22948.734375;101.90998840332031;12358.58984375;0;352.5;0;0;1;296316;wmo;112690;0;Set_$DefaultGlobal
