ModelFile;PositionX;PositionY;PositionZ;RotationX;RotationY;RotationZ;RotationW;ScaleFactor;ModelId;Type;FileDataID;DoodadSetIndexes;DoodadSetNames
..\..\world\kalimdor\stonetalon\passivedoodads\trees\stonetree05.m2;17432.291015625;13.012249946594238;15773.8427734375;0;163.6761474609375;0;;1.51953125;70613146;m2;202624;0;
..\..\world\kalimdor\stonetalon\passivedoodads\trees\stonetree01.m2;17455.904296875;27.364574432373047;15558.7216796875;3.000006675720215;342.6411437988281;2.4999866485595703;;1.1767578125;70612810;m2;202620;0;
..\..\world\kalimdor\stonetalon\passivedoodads\trees\stonetree02.m2;17427.5859375;9.451950073242188;15628.865234375;0;329.43499755859375;0;;1.1845703125;70612999;m2;202621;0;
..\..\world\kalimdor\stonetalon\passivedoodads\trees\stonetree01.m2;17273.521484375;1.591477394104004;15679.912109375;-0.5000202655792236;40.848388671875;-0.5000203251838684;;1.171875;70614355;m2;202620;0;
..\..\world\kalimdor\stonetalon\passivedoodads\trees\stonetree01.m2;17456.001953125;10.751402854919434;15663.591796875;0;22.127105712890625;0;;1.1650390625;70613303;m2;202620;0;
..\..\world\kalimdor\stonetalon\passivedoodads\trees\stonetree01.m2;17495.65625;40.511817932128906;15538.02734375;0.5000203251838684;276.6441955566406;1.5000035762786865;;1.1337890625;70613029;m2;202620;0;
..\..\world\kalimdor\stonetalon\passivedoodads\trees\stonetree02.m2;17254.71484375;5.576597690582275;15702.900390625;3.999990940093994;38.32147216796875;3.500028133392334;;1.0693359375;70613314;m2;202621;0;
..\..\world\kalimdor\stonetalon\passivedoodads\trees\stonetree01.m2;17516.12109375;21.03168487548828;15802.2958984375;4.5000104904174805;232.433837890625;-3.999990701675415;;1.0771484375;70612604;m2;202620;0;
..\..\world\kalimdor\stonetalon\passivedoodads\trees\stonetree01.m2;17485.240234375;18.43584632873535;15705.681640625;-3.999990940093994;151.28305053710938;2.4999871253967285;;1.0693359375;70613749;m2;202620;0;
..\..\world\kalimdor\stonetalon\passivedoodads\trees\stonetree02.m2;17126.626953125;13.154996871948242;15658.134765625;0;355.59808349609375;0;;1.0927734375;70613676;m2;202621;0;
..\..\world\kalimdor\stonetalon\passivedoodads\trees\stonetree01.m2;17154.0703125;7.866811275482178;15727.5771484375;0;318.3605041503906;0;;1.0810546875;70614237;m2;202620;0;
..\..\world\kalimdor\stonetalon\passivedoodads\trees\stonetree02.m2;17457.953125;26.594404220581055;15575.576171875;0;135.992919921875;0;;1.0615234375;70612535;m2;202621;0;
..\..\world\kalimdor\stonetalon\passivedoodads\trees\stonetree02.m2;17544.828125;36.6668586730957;15573.6796875;1.5000039339065552;21.54486083984375;-0.5000203847885132;;1.041015625;70614340;m2;202621;0;
..\..\world\kalimdor\stonetalon\passivedoodads\trees\stonetree01.m2;17514.044921875;18.526636123657227;15874.43359375;0;248.0019989013672;-2.000023603439331;;1.0439453125;70613309;m2;202620;0;
..\..\world\kalimdor\stonetalon\passivedoodads\trees\stonetree01.m2;17403.666015625;8.397621154785156;15628.197265625;0;127.89581298828125;-2.4999866485595703;;1.029296875;70612862;m2;202620;0;
..\..\world\kalimdor\stonetalon\passivedoodads\trees\stonetree01.m2;17446.509765625;13.422675132751465;15740.4208984375;-3.999990940093994;31.500030517578125;3.500028133392334;;1;70612910;m2;202620;0;
..\..\world\kalimdor\stonetalon\passivedoodads\trees\stonetree05.m2;17331.978515625;0.13636547327041626;15729.166015625;0;269.3297119140625;0;;1.3388671875;70612498;m2;202624;0;
..\..\world\kalimdor\stonetalon\passivedoodads\trees\stonetree01.m2;17543.041015625;13.016997337341309;15857.9580078125;0;88.87115478515625;0;;1.0234375;70614243;m2;202620;0;
..\..\world\kalimdor\stonetalon\passivedoodads\trees\stonetree01.m2;17517.572265625;23.88168716430664;15651.8896484375;1.500003457069397;226.4790496826172;-0.9999832510948181;;1.0068359375;70614098;m2;202620;0;
..\..\world\kalimdor\stonetalon\passivedoodads\trees\stonetree02.m2;17490.59375;21.059228897094727;15697.5185546875;-0.9999834895133972;0;-0.5000203847885132;;1;70613162;m2;202621;0;
..\..\world\kalimdor\stonetalon\passivedoodads\trees\stonetree02.m2;17328.66015625;58.01971435546875;15445.6552734375;0.500020444393158;0;0.999983549118042;;1;70613610;m2;202621;0;
..\..\world\kalimdor\stonetalon\passivedoodads\trees\stonetree01.m2;17600.21875;57.86566925048828;15698.2216796875;0;346.04693603515625;0;;1.0048828125;220663;m2;202620;0;
..\..\world\kalimdor\stonetalon\passivedoodads\trees\stonetree01.m2;17175.486328125;3.5079736709594727;15774.240234375;0;0;-0.5000203251838684;;1;70613769;m2;202620;0;
..\..\world\kalimdor\stonetalon\passivedoodads\trees\stonetree01.m2;17365.615234375;6.875574111938477;15771.630859375;0;0;0;;1;70612945;m2;202620;0;
..\..\world\kalimdor\stonetalon\passivedoodads\trees\stonetree01.m2;17393;24.7491455078125;15558.8955078125;0;0;0;;1;70613539;m2;202620;0;
..\..\world\kalimdor\stonetalon\passivedoodads\trees\stonetree01.m2;17103.068359375;10.933968544006348;15694.271484375;0;0;0;;1;70613964;m2;202620;0;
..\..\world\kalimdor\stonetalon\passivedoodads\trees\stonetree01.m2;17243.37109375;28.215349197387695;15610.90234375;0;359;0;;1;70612871;m2;202620;0;
..\..\world\kalimdor\stonetalon\passivedoodads\trees\stonetree01.m2;17395.5390625;4.798671245574951;15673.107421875;0;173.49041748046875;0.9999832510948181;;0.990234375;70612673;m2;202620;0;
..\..\world\kalimdor\stonetalon\passivedoodads\trees\stonetree01.m2;17489.32421875;19.275211334228516;15660.6416015625;0;288.2460632324219;0.9999832510948181;;0.916015625;70614421;m2;202620;0;
..\..\world\kalimdor\stonetalon\passivedoodads\trees\stonetree07.m2;17500.90625;19.95386505126953;15833.154296875;0;283.0164794921875;0;;1.224609375;70613262;m2;202626;0;
..\..\world\kalimdor\stonetalon\passivedoodads\trees\stonetree02.m2;17544.240234375;49.09602737426758;15546.447265625;0;232.433837890625;0;;0.9169921875;70613510;m2;202621;0;
..\..\world\kalimdor\stonetalon\passivedoodads\trees\stonetree01.m2;17488.072265625;23.474199295043945;15798.58984375;0;174.43524169921875;0;;0.91015625;70614233;m2;202620;0;
..\..\world\kalimdor\stonetalon\passivedoodads\trees\stonetree01.m2;17556.35546875;12.147063255310059;16015.212890625;0;6.37933349609375;0;;0.9072265625;212461;m2;202620;0;
..\..\world\kalimdor\stonetalon\passivedoodads\trees\stonetree01.m2;17271.8046875;7.530981540679932;15669.74609375;2.4999871253967285;267.5692138671875;-0.9999837875366211;;0.8818359375;70613978;m2;202620;0;
..\..\world\kalimdor\stonetalon\passivedoodads\trees\stonetree01.m2;17151.921875;11.432417869567871;15672.6435546875;0;20.5560302734375;-0.9999834895133972;;0.880859375;70612675;m2;202620;0;
..\..\world\kalimdor\stonetalon\passivedoodads\trees\stonetree02.m2;17531.4375;24.691072463989258;15648.65234375;0;252.83616638183594;1.5000033378601074;;0.85546875;70613575;m2;202621;0;
..\..\world\kalimdor\stonetalon\passivedoodads\trees\stonetree07.m2;17461.158203125;12.670881271362305;15859.541015625;3.0000076293945312;31.366943359375;-2.4999873638153076;;1.1259765625;70612563;m2;202626;0;
..\..\world\kalimdor\stonetalon\passivedoodads\trees\stonetree02.m2;17374.73046875;3.4040684700012207;15654.107421875;0;234.5762481689453;0.9999833703041077;;0.8564453125;70613004;m2;202621;0;
..\..\world\kalimdor\stonetalon\passivedoodads\trees\stonetree01.m2;17210.0546875;28.081050872802734;15600.23046875;0;196.25477600097656;-3.5000271797180176;;0.841796875;70613524;m2;202620;0;
..\..\world\kalimdor\stonetalon\passivedoodads\trees\stonetree07.m2;17578.40234375;34.95036697387695;15648.7197265625;-1.500003695487976;9.40972900390625;9.499985694885254;;1.091796875;70614209;m2;202626;0;
..\..\world\kalimdor\stonetalon\passivedoodads\trees\stonetree01.m2;17543.73828125;12.153485298156738;15919.853515625;0;143.408935546875;-3.0000076293945312;;0.83984375;70612927;m2;202620;0;
..\..\world\kalimdor\stonetalon\passivedoodads\trees\stonetree01.m2;17300.986328125;45.706783294677734;15497.822265625;0;115.23914337158203;0;;0.84765625;70612595;m2;202620;0;
..\..\world\kalimdor\stonetalon\passivedoodads\trees\stonetree01.m2;17589.697265625;22.675649642944336;15791.451171875;0;42.858978271484375;1.500003695487976;;0.83984375;70613805;m2;202620;0;
..\..\world\kalimdor\stonetalon\passivedoodads\trees\stonetree07.m2;17395.345703125;10.872027397155762;15755.060546875;0;0;5.49999475479126;;1.099609375;70614264;m2;202626;0;
..\..\world\kalimdor\stonetalon\passivedoodads\trees\stonetree01.m2;17459.576171875;32.967987060546875;15539.5927734375;0;348.0000305175781;0;;0.83984375;70613158;m2;202620;0;
..\..\world\kalimdor\stonetalon\passivedoodads\trees\stonetree01.m2;17600.31640625;60.80342483520508;15531.521484375;0;143.408935546875;0;;0.83984375;220669;m2;202620;0;
..\..\world\kalimdor\stonetalon\passivedoodads\trees\stonetree07.m2;17551.037109375;12.054365158081055;15823.466796875;0.5000202655792236;332.03143310546875;-3.5000271797180176;;1.0947265625;70613804;m2;202626;0;
..\..\world\kalimdor\stonetalon\passivedoodads\trees\stonetree02.m2;17280.58203125;6.929663181304932;15670.3359375;0;307.6925048828125;0;;0.8359375;70612918;m2;202621;0;
..\..\world\kalimdor\stonetalon\passivedoodads\trees\stonetree07.m2;17230.7890625;15.53246784210205;15656.6591796875;0;43.8587646484375;0;;1.1103515625;70614359;m2;202626;0;
..\..\world\kalimdor\stonetalon\passivedoodads\trees\stonetree02.m2;17347.404296875;3.46879243850708;15658.138671875;0;200.22096252441406;0;;0.830078125;70613936;m2;202621;0;
..\..\world\kalimdor\stonetalon\passivedoodads\trees\stonetree07.m2;17580.037109375;11.219314575195312;15959.5927734375;0;112.74514770507812;0;;1.1064453125;70613482;m2;202626;0;
..\..\world\kalimdor\stonetalon\passivedoodads\trees\stonetree06.m2;17434.33984375;9.518258094787598;15701.712890625;3.000007152557373;273.9963684082031;3.5000271797180176;;1.1142578125;70612628;m2;202625;0;
..\..\world\kalimdor\stonetalon\passivedoodads\trees\stonetree07.m2;17588.388671875;18.89484214782715;15799.4736328125;0.9999832510948181;312.14208984375;3.5000274181365967;;1.0703125;70614345;m2;202626;0;
..\..\world\kalimdor\stonetalon\passivedoodads\trees\stonetree05.m2;17512.783203125;13.2589111328125;15948.1298828125;0;277.49993896484375;0;;1;70613976;m2;202624;0;
..\..\world\kalimdor\stonetalon\passivedoodads\trees\stonetree01.m2;17239.1640625;12.610981941223145;15661.451171875;0.9999832510948181;189.33316040039062;-0.5000202059745789;;0.8056640625;70614401;m2;202620;0;
..\..\world\kalimdor\stonetalon\passivedoodads\trees\stonetree07.m2;17551.5859375;10.352560043334961;15895.62109375;0;182.51043701171875;0;;1.080078125;70612586;m2;202626;0;
..\..\world\kalimdor\stonetalon\passivedoodads\trees\stonetree07.m2;17590.578125;52.415828704833984;15560.560546875;0;182.51043701171875;0;;1.080078125;70613087;m2;202626;0;
..\..\world\kalimdor\stonetalon\passivedoodads\trees\stonetree02.m2;17506.697265625;21.35506820678711;15676.6728515625;0;126.61029052734375;1.5000038146972656;;0.7958984375;70613982;m2;202621;0;
..\..\world\kalimdor\stonetalon\passivedoodads\trees\stonetree01.m2;17333.96875;34.04648208618164;15534.505859375;0;49.57183837890625;0;;0.7998046875;70612853;m2;202620;0;
..\..\world\kalimdor\stonetalon\passivedoodads\trees\stonetree01.m2;17541.59375;30.388051986694336;15589.7490234375;-1.500003695487976;188.46519470214844;-3.500027894973755;;0.775390625;70613154;m2;202620;0;
..\..\world\kalimdor\stonetalon\passivedoodads\trees\stonetree07.m2;17533.916015625;26.22001075744629;15760.869140625;0;222.9303741455078;0;;1.0615234375;70612813;m2;202626;0;
..\..\world\kalimdor\stonetalon\passivedoodads\trees\stonetree05.m2;17254.662109375;37.138675689697266;15539.107421875;-2.4999868869781494;0;-1.5000039339065552;;1;70613977;m2;202624;0;
..\..\world\kalimdor\stonetalon\passivedoodads\trees\stonetree01.m2;17509.376953125;20.681930541992188;15833.3603515625;1.5000039339065552;188.46519470214844;-0.9999832510948181;;0.775390625;70612710;m2;202620;0;
..\..\world\kalimdor\stonetalon\passivedoodads\trees\stonetree01.m2;17540.111328125;28.772464752197266;15676.3740234375;0;36.321929931640625;-0.5000203847885132;;0.77734375;70613862;m2;202620;0;
..\..\world\kalimdor\stonetalon\passivedoodads\trees\stonetree04.m2;17361.814453125;-4.248196125030518;15901.71484375;16.499980926513672;327.68865966796875;4.452211328498379e-7;;1.083984375;70613483;m2;202623;0;
..\..\world\kalimdor\stonetalon\passivedoodads\trees\stonetree06.m2;17584.318359375;11.299579620361328;15978.630859375;6.4999775886535645;257.12591552734375;-3.500028133392334;;1.009765625;70613654;m2;202625;0;
..\..\world\kalimdor\stonetalon\passivedoodads\trees\stonetree01.m2;17258.86328125;39.62359619140625;15522.2978515625;0;60.778228759765625;0;;0.7666015625;70613562;m2;202620;0;
..\..\world\kalimdor\stonetalon\passivedoodads\trees\stonetree01.m2;17554.986328125;29.217634201049805;15666.966796875;0;170.34820556640625;-0.9999834895133972;;0.7548828125;70613628;m2;202620;0;
..\..\world\kalimdor\stonetalon\passivedoodads\trees\stonetree07.m2;17594.4609375;10.705456733703613;15825.5771484375;1.5000038146972656;0;1.500003695487976;;1;70613605;m2;202626;0;
..\..\world\kalimdor\stonetalon\passivedoodads\trees\stonetree01.m2;17587.5234375;11.257304191589355;15961.541015625;2.499986410140991;167.44775390625;2.499986410140991;;0.736328125;70612719;m2;202620;0;
..\..\world\kalimdor\stonetalon\passivedoodads\trees\stonetree07.m2;17405.689453125;12.626202583312988;15788.4990234375;0;0;0;;1;70614377;m2;202626;0;
..\..\world\kalimdor\stonetalon\passivedoodads\trees\stonetree07.m2;17461.728515625;14.315614700317383;15725.498046875;0;0;0;;1;70613992;m2;202626;0;
..\..\world\kalimdor\stonetalon\passivedoodads\trees\stonetree01.m2;17484.787109375;24.563831329345703;15594.927734375;0.9999834895133972;180.1593017578125;-1.5000035762786865;;0.728515625;70612608;m2;202620;0;
..\..\world\kalimdor\stonetalon\passivedoodads\trees\stonetree06.m2;17484.587890625;15.792951583862305;15870.115234375;-0.5000205039978027;276.6441955566406;3.000007390975952;;1.0146484375;70613709;m2;202625;0;
..\..\world\kalimdor\stonetalon\passivedoodads\trees\stonetree02.m2;17265.111328125;23.705429077148438;15627.779296875;0;19.852935791015625;1.500003695487976;;0.7265625;70613294;m2;202621;0;
..\..\world\kalimdor\stonetalon\passivedoodads\trees\stonetree02.m2;17507.916015625;46.16386795043945;15537.2109375;0;289.2459411621094;0;;0.7353515625;70614447;m2;202621;0;
..\..\world\kalimdor\stonetalon\passivedoodads\trees\stonetree01.m2;17451.30859375;23.054079055786133;15587.57421875;0;359.45062255859375;0;;0.7333984375;70613968;m2;202620;0;
..\..\world\kalimdor\stonetalon\passivedoodads\trees\stonetree01.m2;17162.076171875;34.6361083984375;15595.650390625;0;146.26776123046875;2.000023603439331;;0.7236328125;70614064;m2;202620;0;
..\..\world\kalimdor\stonetalon\passivedoodads\trees\stonetree01.m2;17548.515625;10.987622261047363;15886.8916015625;0;350.7053527832031;0;;0.73046875;70613970;m2;202620;0;
..\..\world\kalimdor\stonetalon\passivedoodads\trees\stonetree02.m2;17456.798828125;23.903697967529297;15591.7578125;0;98.7591552734375;0;;0.7294921875;70612708;m2;202621;0;
..\..\world\kalimdor\stonetalon\passivedoodads\trees\stonetree07.m2;17538.517578125;7.842629432678223;15979.8955078125;0;177.8740234375;0;;0.96875;70612711;m2;202626;0;
..\..\world\kalimdor\stonetalon\passivedoodads\trees\stonetree06.m2;17392.189453125;10.062705039978027;15743.60546875;0;0;-1.500003695487976;;1;70614166;m2;202625;0;
..\..\world\kalimdor\stonetalon\passivedoodads\trees\stonetree03.m2;17405.005859375;2.088791847229004;15906.728515625;0;321.6726989746094;0;;1.1533203125;70613101;m2;202622;0;
..\..\world\kalimdor\stonetalon\passivedoodads\trees\stonetree03.m2;17083.40625;7.338722229003906;15715.216796875;-0.9999834895133972;235.72076416015625;-3.500027894973755;;1.1103515625;70613255;m2;202622;0;
..\..\world\kalimdor\stonetalon\passivedoodads\trees\stonetree01.m2;17148.201171875;20.95155906677246;15631.7197265625;0;248.81494140625;-0.9999833703041077;;0.701171875;70613993;m2;202620;0;
..\..\world\kalimdor\stonetalon\passivedoodads\trees\stonetree06.m2;17456.353515625;13.932194709777832;15717.6298828125;0;0;0;;1;70613307;m2;202625;0;
..\..\world\kalimdor\stonetalon\passivedoodads\trees\stonetree01.m2;17598.626953125;6.244166374206543;15898.701171875;0.5000203251838684;348.7606506347656;-1.500003695487976;;0.6923828125;70613300;m2;202620;0;
..\..\world\kalimdor\stonetalon\passivedoodads\trees\stonetree01.m2;17451.775390625;14.80260944366455;15736.51171875;0;0;-2.4999868869781494;;0.689453125;70613443;m2;202620;0;
..\..\world\kalimdor\stonetalon\passivedoodads\trees\stonetree02.m2;17401.861328125;25.779664993286133;15558.076171875;0;140.6072998046875;0;;0.6982421875;70613203;m2;202621;0;
..\..\world\kalimdor\stonetalon\passivedoodads\trees\stonetree01.m2;17525.12109375;23.40945816040039;15639.83984375;2.00002384185791;255.14328002929688;0;;0.6865234375;70613860;m2;202620;0;
..\..\world\kalimdor\stonetalon\passivedoodads\trees\stonetree04.m2;17271.412109375;21.85484504699707;15632.3623046875;-4.500011444091797;16.5;-4.999974727630615;;1;70613897;m2;202623;0;
..\..\world\kalimdor\stonetalon\passivedoodads\trees\stonetree02.m2;17461.673828125;17.605792999267578;15627.2509765625;-3.000006675720215;76.2474365234375;0;;0.6689453125;70613281;m2;202621;0;
..\..\world\kalimdor\stonetalon\passivedoodads\trees\stonetree07.m2;17523.443359375;25.140581130981445;15696.9423828125;-0.9999834895133972;181.8402557373047;-0.5000203251838684;;0.9013671875;70613345;m2;202626;0;
..\..\world\kalimdor\stonetalon\passivedoodads\trees\stonetree07.m2;17403.560546875;34.82283401489258;15539.3330078125;0;305.55010986328125;-0.9999831318855286;;0.890625;70614303;m2;202626;0;
..\..\world\kalimdor\stonetalon\passivedoodads\trees\stonetree07.m2;17221.71875;0.27068158984184265;15765.591796875;4.999974727630615;311.3510437011719;3.999990701675415;;0.8642578125;70613145;m2;202626;0;
..\..\world\kalimdor\stonetalon\passivedoodads\trees\stonetree05.m2;17479.33984375;17.064287185668945;15905.6015625;0;223.7580108642578;0;;0.794921875;70612897;m2;202624;0;
..\..\world\kalimdor\stonetalon\passivedoodads\trees\stonetree07.m2;17220.685546875;1.902856469154358;15716.380859375;0;225.14967346191406;0.9999833703041077;;0.88671875;70612714;m2;202626;0;
..\..\world\kalimdor\stonetalon\passivedoodads\trees\stonetree07.m2;17199.84765625;0.9996975660324097;15737.3291015625;0;0;0;;0.8798828125;70613849;m2;202626;0;
..\..\world\kalimdor\stonetalon\passivedoodads\trees\stonetree07.m2;17587.474609375;11.613507270812988;15970.5478515625;-5.499993801116943;108.1746826171875;0.5000203847885132;;0.8603515625;70613338;m2;202626;0;
..\..\world\kalimdor\stonetalon\passivedoodads\trees\stonetree01.m2;17246.2109375;31.63892936706543;15586.24609375;0.500020444393158;353.83642578125;3.500028371810913;;0.642578125;70613063;m2;202620;0;
..\..\world\kalimdor\stonetalon\passivedoodads\trees\stonetree01.m2;17257.892578125;23.880136489868164;15628.935546875;0;146.8587646484375;-2.000023603439331;;0.6396484375;70613493;m2;202620;0;
..\..\world\kalimdor\stonetalon\passivedoodads\trees\stonetree07.m2;17129.947265625;2.623248338699341;15788.9580078125;0;313.06500244140625;0;;0.8642578125;70612518;m2;202626;0;
..\..\world\kalimdor\stonetalon\passivedoodads\trees\stonetree07.m2;17501.470703125;18.93260383605957;15918.958984375;0;82.08135986328125;0;;0.8603515625;70613498;m2;202626;0;
..\..\world\kalimdor\stonetalon\passivedoodads\trees\stonetree07.m2;17511.095703125;22.896177291870117;15806.4892578125;0;5.91082763671875;0;;0.849609375;70614106;m2;202626;0;
..\..\world\kalimdor\stonetalon\passivedoodads\trees\stonetree04.m2;17408.26953125;10.685186386108398;15802.8310546875;0;91.5;0;;1;70612729;m2;202623;0;
..\..\world\kalimdor\stonetalon\passivedoodads\trees\stonetree04.m2;17114.5859375;7.117971897125244;15729.3427734375;0;284;0;;1;70614026;m2;202623;0;
..\..\world\kalimdor\stonetalon\passivedoodads\trees\stonetree01.m2;17260.734375;44.57738494873047;15464.3642578125;0.500020444393158;0;0.999983549118042;;0.6298828125;70613683;m2;202620;0;
..\..\world\kalimdor\stonetalon\passivedoodads\trees\stonetree02.m2;17489.970703125;20.629980087280273;15669.4921875;0;320.667724609375;2.0000240802764893;;0.6259765625;70613405;m2;202621;0;
..\..\world\kalimdor\stonetalon\passivedoodads\trees\stonetree07.m2;17231.822265625;31.23657989501953;15582.259765625;0;0;-3.0000078678131104;;0.8291015625;70613348;m2;202626;0;
..\..\world\kalimdor\stonetalon\passivedoodads\trees\stonetree03.m2;17066.130859375;1.0740457773208618;15591.3017578125;-3.9999897480010986;176;19.499988555908203;;1;70613321;m2;202622;0;
..\..\world\kalimdor\stonetalon\passivedoodads\trees\stonetree01.m2;17451.697265625;30.787256240844727;15542.7392578125;0;337.26861572265625;2.4999866485595703;;0.6142578125;70613019;m2;202620;0;
..\..\world\kalimdor\stonetalon\passivedoodads\trees\stonetree07.m2;17443.35546875;42.506568908691406;15518.6748046875;0.9999831318855286;175.489990234375;3.000006914138794;;0.814453125;70614252;m2;202626;0;
..\..\world\kalimdor\stonetalon\passivedoodads\trees\stonetree01.m2;17211.404296875;43.42970657348633;15542.541015625;0;229.37957763671875;0.9999832510948181;;0.6162109375;70612866;m2;202620;0;
..\..\world\kalimdor\stonetalon\passivedoodads\trees\stonetree01.m2;17233.90625;26.37088966369629;15620.3984375;-3.000006914138794;326.12811279296875;-1.500003695487976;;0.6015625;70613070;m2;202620;0;
..\..\world\kalimdor\stonetalon\passivedoodads\trees\stonetree01.m2;17172.787109375;37.17592239379883;15464.2734375;1.5000038146972656;350.7053527832031;-1.5000038146972656;;0.6044921875;70613724;m2;202620;0;
..\..\world\kalimdor\stonetalon\passivedoodads\trees\stonetree04.m2;17483.884765625;14.46896743774414;15938.341796875;0;45.0244140625;0;;0.9638671875;70612855;m2;202623;0;
..\..\world\kalimdor\stonetalon\passivedoodads\trees\stonetree01.m2;17123.69921875;11.979735374450684;15668.6748046875;1.5000038146972656;0;-2.00002384185791;;0.599609375;70613026;m2;202620;0;
..\..\world\kalimdor\stonetalon\passivedoodads\trees\stonetree01.m2;17373.6640625;28.237932205200195;15548.279296875;2.4999871253967285;259.32916259765625;-0.999983549118042;;0.5927734375;70614149;m2;202620;0;
..\..\world\kalimdor\stonetalon\passivedoodads\trees\stonetree07.m2;17153.63671875;6.782156467437744;15738.33984375;0;316.8883056640625;0.9999833703041077;;0.8037109375;70613659;m2;202626;0;
..\..\world\kalimdor\stonetalon\passivedoodads\trees\stonetree01.m2;17361.4375;7.086432456970215;15639.255859375;0;223.6005401611328;3.0000078678131104;;0.58984375;70612953;m2;202620;0;
..\..\world\kalimdor\stonetalon\passivedoodads\trees\stonetree07.m2;17598.83203125;6.366511821746826;15893.5029296875;0;192.04685974121094;0;;0.794921875;70613729;m2;202626;0;
..\..\world\kalimdor\stonetalon\passivedoodads\rock\stonetalonrockoutcrop01.m2;17489.80859375;14.157835006713867;15885.7978515625;14.500015258789062;87.13314819335938;7.999981880187988;;0.578125;70614022;m2;202614;0;
..\..\world\kalimdor\stonetalon\passivedoodads\trees\stonetree03.m2;17054.5390625;-13.21965503692627;15938.3828125;8.500001907348633;103.50006103515625;3.999990701675415;;1;70613534;m2;202622;0;
..\..\world\kalimdor\stonetalon\passivedoodads\trees\stonetree07.m2;17599.17578125;7.401460647583008;15860.880859375;0.5000203847885132;33.322601318359375;-0.5000203847885132;;0.7841796875;70613517;m2;202626;0;
..\..\world\kalimdor\stonetalon\passivedoodads\trees\stonetree03.m2;17499.71484375;14.707844734191895;15945.572265625;0;105.5;0;;1;70612736;m2;202622;0;
..\..\world\kalimdor\stonetalon\passivedoodads\trees\stonetree07.m2;17541.041015625;31.33930778503418;15687.3955078125;0.5000201463699341;74.40167236328125;3.000006914138794;;0.765625;70613107;m2;202626;0;
..\..\world\kalimdor\stonetalon\passivedoodads\trees\stonetree07.m2;17456.0703125;12.845075607299805;15856.169921875;0;226.34719848632812;0;;0.7763671875;70612461;m2;202626;0;
..\..\world\kalimdor\stonetalon\passivedoodads\trees\stonetree07.m2;17394.537109375;43.779598236083984;15526.3427734375;-1.500003695487976;94.08984375;2.4999873638153076;;0.7607421875;70612485;m2;202626;0;
..\..\world\kalimdor\stonetalon\passivedoodads\trees\stonetree07.m2;17473.70703125;19.759204864501953;15791.185546875;0;218.81039428710938;0;;0.7734375;70613624;m2;202626;0;
..\..\world\kalimdor\stonetalon\passivedoodads\trees\stonetree03.m2;17222.748046875;5.106894493103027;15956.0009765625;0;238.099365234375;0;;0.9306640625;70613660;m2;202622;0;
..\..\world\kalimdor\stonetalon\passivedoodads\trees\stonetree03.m2;17305.31640625;34.065853118896484;15520.2890625;-0.9999836683273315;139.4661865234375;10.500025749206543;;0.8642578125;70614325;m2;202622;0;
..\..\world\kalimdor\stonetalon\passivedoodads\trees\stonetree08.m2;17113.033203125;6.429529666900635;15710.947265625;0;290.2456359863281;0;;1.1748046875;70614188;m2;202627;0;
..\..\world\kalimdor\stonetalon\passivedoodads\trees\stonetree06.m2;17483.396484375;22.843217849731445;15789.6591796875;0;21.17132568359375;0;;0.7998046875;70613059;m2;202625;0;
..\..\world\kalimdor\stonetalon\passivedoodads\trees\stonetree06.m2;17266.380859375;20.86691665649414;15638.5048828125;0;0;0;;0.7998046875;70613230;m2;202625;0;
..\..\world\kalimdor\stonetalon\passivedoodads\trees\stonetree08.m2;17494.185546875;23.666236877441406;15812.599609375;0;22.127105712890625;0;;1.1650390625;70613797;m2;202627;0;
..\..\world\kalimdor\stonetalon\passivedoodads\trees\stonetree02.m2;17508.29296875;41.22745895385742;15547.232421875;1.5000039339065552;5.91082763671875;-1.5000035762786865;;0.548828125;70612936;m2;202621;0;
..\..\world\kalimdor\stonetalon\passivedoodads\trees\stonetree07.m2;17495.685546875;22.652198791503906;15826.0029296875;0.9999832510948181;180.1593017578125;-5.499992847442627;;0.728515625;70613879;m2;202626;0;
..\..\world\kalimdor\stonetalon\passivedoodads\trees\stonetree01.m2;17459.35546875;15.08188533782959;15640.794921875;-4.999973297119141;131.8179931640625;0.500020444393158;;0.5439453125;70612589;m2;202620;0;
..\..\world\kalimdor\stonetalon\passivedoodads\trees\stonetree07.m2;17457.962890625;13.272658348083496;15688.166015625;-0.9999834895133972;23.599395751953125;-1.500003457069397;;0.7412109375;70614452;m2;202626;0;
..\..\world\kalimdor\stonetalon\passivedoodads\trees\stonetree07.m2;17548.419921875;13.514683723449707;15810.1953125;0;0;0;;0.75;70613536;m2;202626;0;
..\..\world\kalimdor\stonetalon\passivedoodads\trees\stonetree01.m2;17587.962890625;58.23052215576172;15542.7734375;0;350.7053527832031;0;;0.560546875;70613798;m2;202620;0;
..\..\world\kalimdor\stonetalon\passivedoodads\trees\stonetree07.m2;17161.296875;6.835498809814453;15732.076171875;0;43.4083251953125;-0.9999833703041077;;0.740234375;70612969;m2;202626;0;
..\..\world\kalimdor\stonetalon\passivedoodads\trees\stonetree01.m2;17591.314453125;6.626882076263428;15903.3916015625;0;266.1408996582031;0;;0.556640625;70612887;m2;202620;0;
..\..\world\kalimdor\stonetalon\passivedoodads\trees\stonetree07.m2;17261.51171875;2.042041063308716;15709.1298828125;0.9999834895133972;334.0054931640625;0.9999833703041077;;0.7333984375;70613235;m2;202626;0;
..\..\world\kalimdor\stonetalon\passivedoodads\trees\stonetree01.m2;17519.86328125;36.36268615722656;15563.4267578125;-0.9999834895133972;256.6374816894531;-3.500027894973755;;0.5390625;70614419;m2;202620;0;
..\..\world\kalimdor\stonetalon\passivedoodads\trees\stonetree01.m2;17577.90234375;9.066637992858887;15936.3134765625;0.5000205039978027;334.68670654296875;-0.999983549118042;;0.546875;70613283;m2;202620;0;
..\..\world\kalimdor\stonetalon\passivedoodads\trees\stonetree03.m2;17174.365234375;35.89965057373047;15454.818359375;-23.000017166137695;318.2258605957031;-16.499980926513672;;0.77734375;70613699;m2;202622;0;
..\..\world\kalimdor\stonetalon\passivedoodads\trees\stonetree07.m2;17534.923828125;29.435523986816406;15585.6328125;-0.5000202655792236;334.7417297363281;1.500003457069397;;0.7294921875;70612669;m2;202626;0;
..\..\world\kalimdor\stonetalon\passivedoodads\trees\stonetree07.m2;17182.755859375;33.641082763671875;15466.806640625;-3.5000274181365967;161.69073486328125;0.5000202655792236;;0.7236328125;70612832;m2;202626;0;
..\..\world\kalimdor\stonetalon\passivedoodads\trees\stonetree01.m2;17283.857421875;7.461336135864258;15666.1279296875;4.5000104904174805;16.7880859375;-5.499993324279785;;0.51953125;70613487;m2;202620;0;
..\..\world\kalimdor\stonetalon\passivedoodads\trees\stonetree07.m2;17519.787109375;52.26927947998047;15524.525390625;1.5000035762786865;336.422607421875;-0.5000202655792236;;0.7216796875;70614373;m2;202626;0;
..\..\world\kalimdor\stonetalon\passivedoodads\trees\stonetree07.m2;17480.07421875;20.334400177001953;15613.654296875;-0.5000205039978027;62.85443115234375;2.0000243186950684;;0.7158203125;70612574;m2;202626;0;
..\..\world\kalimdor\stonetalon\passivedoodads\trees\stonetree01.m2;17201.67578125;0.3848136365413666;15748.4248046875;-0.5000202059745789;208.548828125;2.4999866485595703;;0.5322265625;70613150;m2;202620;0;
..\..\world\kalimdor\stonetalon\passivedoodads\trees\stonetree01.m2;17519.947265625;22.74930763244629;15611.1103515625;-0.5000201463699341;144.815185546875;3.5000274181365967;;0.52734375;70613336;m2;202620;0;
..\..\world\kalimdor\stonetalon\passivedoodads\trees\stonetree07.m2;17580.4375;6.018538475036621;15877.5810546875;0;345.069091796875;0;;0.71875;70612812;m2;202626;0;
..\..\world\kalimdor\stonetalon\passivedoodads\trees\stonetree01.m2;17458.857421875;45.52024459838867;15512.8798828125;0.5000203251838684;218.85435485839844;-1.500003457069397;;0.5263671875;70613641;m2;202620;0;
..\..\world\kalimdor\stonetalon\passivedoodads\trees\stonetree07.m2;17596.93359375;19.53530502319336;15797.5810546875;0;6.602996826171875;0;;0.708984375;70614403;m2;202626;0;
..\..\world\kalimdor\stonetalon\passivedoodads\trees\stonetree07.m2;17202.080078125;27.468202590942383;15603.7421875;0.9999834895133972;1.91168212890625;0.5000203847885132;;0.6884765625;70614254;m2;202626;0;
..\..\world\kalimdor\stonetalon\passivedoodads\trees\stonetree01.m2;17430.765625;8.514652252197266;15636.1298828125;2.000023603439331;353.05633544921875;-0.5000201463699341;;0.5107421875;70612720;m2;202620;0;
..\..\world\kalimdor\stonetalon\passivedoodads\trees\stonetree01.m2;17324.40234375;51.68867874145508;15461.2177734375;0;0;-2.4999868869781494;;0.509765625;70612578;m2;202620;0;
..\..\world\kalimdor\stonetalon\passivedoodads\trees\stonetree08.m2;17248.080078125;22.129207611083984;15637.775390625;0;93.10101318359375;0;;1.0693359375;70612792;m2;202627;0;
..\..\world\kalimdor\stonetalon\passivedoodads\trees\stonetree02.m2;17478.7265625;17.199901580810547;15649.4140625;-4.500011444091797;59.15216064453125;0.5000205039978027;;0.4970703125;70613331;m2;202621;0;
..\..\world\kalimdor\stonetalon\passivedoodads\trees\stonetree06.m2;17582.548828125;6.289031028747559;15871.2578125;0.500020444393158;208.845458984375;2.4999871253967285;;0.712890625;70613934;m2;202625;0;
..\..\world\kalimdor\stonetalon\passivedoodads\trees\stonetree06.m2;17109.603515625;28.41719627380371;15612.6884765625;0;284.4227294921875;-0.9999832510948181;;0.7236328125;70612540;m2;202625;0;
..\..\world\kalimdor\stonetalon\passivedoodads\trees\stonetree06.m2;17525.591796875;14.830058097839355;15833.0927734375;0;105.96636962890625;0;;0.7255859375;70613160;m2;202625;0;
..\..\world\kalimdor\stonetalon\passivedoodads\trees\stonetree07.m2;17196.009765625;27.9929141998291;15496.728515625;0;312.09814453125;0;;0.677734375;70614086;m2;202626;0;
..\..\world\kalimdor\stonetalon\passivedoodads\trees\stonetree01.m2;17548.455078125;46.438499450683594;15551.521484375;3.5000271797180176;283.0164489746094;-3.999990224838257;;0.484375;70612799;m2;202620;0;
..\..\world\kalimdor\stonetalon\passivedoodads\trees\stonetree07.m2;17490.64453125;31.112592697143555;15564.873046875;1.500003695487976;42.67218017578125;0;;0.6650390625;70612759;m2;202626;0;
..\..\world\kalimdor\stonetalon\passivedoodads\trees\stonetree01.m2;17546.05078125;12.57158374786377;15897.1748046875;0.5000201463699341;309.8129577636719;-4.999973297119141;;0.4853515625;70612680;m2;202620;0;
..\..\world\kalimdor\stonetalon\passivedoodads\trees\stonetree01.m2;17361.783203125;3.647023916244507;15655.3017578125;0.5000202655792236;274.04034423828125;2.00002384185791;;0.4921875;70613410;m2;202620;0;
..\..\world\kalimdor\stonetalon\passivedoodads\trees\stonetree07.m2;17452.044921875;87.23841094970703;15471.02734375;0.5000201463699341;137.42123413085938;-2.0000243186950684;;0.654296875;70613236;m2;202626;0;
..\..\world\kalimdor\stonetalon\passivedoodads\trees\stonetree01.m2;17537.583984375;81.5406723022461;15485.9140625;0;248.0019989013672;0;;0.494140625;70613479;m2;202620;0;
..\..\world\kalimdor\stonetalon\passivedoodads\trees\stonetree01.m2;17487.048828125;24.17121696472168;15599.755859375;-2.4999866485595703;234.91537475585938;3.0000076293945312;;0.4775390625;70612503;m2;202620;0;
..\..\world\kalimdor\stonetalon\passivedoodads\trees\stonetreelog03.m2;17312.65234375;-10.321497917175293;15855.5478515625;2.4999866485595703;64.37432861328125;4.5000104904174805;;1.2265625;70613673;m2;202635;0;
..\..\world\kalimdor\stonetalon\passivedoodads\trees\stonetree07.m2;17263.830078125;37.57219314575195;15528.5078125;-1.500003695487976;174.22650146484375;2.00002384185791;;0.642578125;70612506;m2;202626;0;
..\..\world\kalimdor\stonetalon\passivedoodads\trees\stonetree07.m2;17415.638671875;6.381079196929932;15672.357421875;0.5000202655792236;347.95855712890625;2.4999868869781494;;0.6396484375;70612507;m2;202626;0;
..\..\world\kalimdor\stonetalon\passivedoodads\trees\stonetree07.m2;17501.220703125;18.80890655517578;15913.8134765625;0.9999832510948181;138.71990966796875;-3.0000076293945312;;0.6337890625;70613121;m2;202626;0;
..\..\world\kalimdor\stonetalon\passivedoodads\trees\stonetree08.m2;17413.658203125;12.316476821899414;15791.9716796875;0;0;0;;1;70612943;m2;202627;0;
..\..\world\kalimdor\stonetalon\passivedoodads\trees\stonetree08.m2;17069.25;-5.803241729736328;15786.138671875;0;0;0;;1;70613385;m2;202627;0;
..\..\world\kalimdor\stonetalon\passivedoodads\trees\stonetree07.m2;17110.10546875;34.34675216674805;15605.83984375;-3.0000076293945312;339.61865234375;-0.5000203847885132;;0.634765625;70613481;m2;202626;0;
..\..\world\kalimdor\stonetalon\passivedoodads\trees\stonetree07.m2;17286.53125;-0.8537672758102417;15681.021484375;0.9999834895133972;16.930450439453125;1.5000038146972656;;0.6337890625;70613830;m2;202626;0;
..\..\world\kalimdor\stonetalon\passivedoodads\trees\stonetree06.m2;17366.25390625;3.4149057865142822;15696.7509765625;0.5000203251838684;296.51904296875;-2.0000245571136475;;0.6591796875;70613883;m2;202625;0;
..\..\world\kalimdor\stonetalon\passivedoodads\trees\stonetree01.m2;17517.0859375;19.01552391052246;15878.7177734375;0.5000201463699341;266.0530090332031;-4.999973297119141;;0.458984375;70612880;m2;202620;0;
..\..\world\kalimdor\stonetalon\passivedoodads\trees\stonetree07.m2;17534.03515625;24.02850341796875;15771.2216796875;-6.499977111816406;139.7174072265625;-3.000006675720215;;0.603515625;70613427;m2;202626;0;
..\..\world\kalimdor\stonetalon\passivedoodads\trees\stonetree01.m2;17484.048828125;18.581771850585938;15689.6572265625;0;350.4416198730469;2.499986410140991;;0.4580078125;70613263;m2;202620;0;
..\..\world\kalimdor\stonetalon\passivedoodads\trees\stonetree07.m2;17211.244140625;41.14392852783203;15548.6953125;0;0;0;;0.619140625;70613320;m2;202626;0;
..\..\world\kalimdor\stonetalon\passivedoodads\trees\stonetree01.m2;17366.548828125;2.454312324523926;15663.103515625;0;264.536865234375;0.9999832510948181;;0.4599609375;70613086;m2;202620;0;
..\..\world\kalimdor\stonetalon\passivedoodads\trees\stonetree07.m2;17293.412109375;47.727027893066406;15484.6083984375;0;345.05810546875;0;;0.6142578125;70614220;m2;202626;0;
..\..\world\kalimdor\stonetalon\passivedoodads\trees\stonetree06.m2;17237.685546875;10.526638984680176;15666.0830078125;0;309.6810607910156;0;;0.6455078125;70613740;m2;202625;0;
..\..\world\kalimdor\stonetalon\passivedoodads\trees\stonetree08.m2;17493.21484375;25.017244338989258;15777.693359375;0;171.9522705078125;0;;0.9423828125;70613224;m2;202627;0;
..\..\world\kalimdor\stonetalon\passivedoodads\trees\stonetree01.m2;17118.556640625;14.84074592590332;15665.2666015625;-3.5000271797180176;155.4832763671875;1.5000035762786865;;0.4375;70613334;m2;202620;0;
..\..\world\kalimdor\stonetalon\passivedoodads\trees\stonetree07.m2;17308.197265625;44.64436340332031;15502.681640625;-3.500027894973755;249.9905548095703;-1.500003457069397;;0.5888671875;70613988;m2;202626;0;
..\..\world\kalimdor\stonetalon\passivedoodads\trees\stonetree07.m2;17143.263671875;10.495823860168457;15672.212890625;-0.9999831318855286;0;2.000023603439331;;0.58984375;70614116;m2;202626;0;
..\..\world\kalimdor\stonetalon\passivedoodads\trees\stonetree06.m2;17541.333984375;11.189756393432617;15958.162109375;0;15.09564208984375;-0.9999831318855286;;0.626953125;70613266;m2;202625;0;
..\..\world\kalimdor\stonetalon\passivedoodads\trees\stonetree07.m2;17476.4609375;16.619104385375977;15811.3583984375;0;239.49639892578125;0;;0.59375;70612472;m2;202626;0;
..\..\world\kalimdor\stonetalon\passivedoodads\trees\stonetree01.m2;17354.126953125;56.07571792602539;15493.8291015625;0;211.55921936035156;0;;0.4375;70612977;m2;202620;0;
..\..\world\kalimdor\stonetalon\passivedoodads\trees\stonetree07.m2;17487.80859375;24.096635818481445;15778.0205078125;2.000023603439331;349.0622863769531;-2.000023603439331;;0.57421875;70612877;m2;202626;0;
..\..\world\generic\human\passivedoodads\logmachines\logmachine03.m2;17095.6484375;-3.1851401329040527;15858.404296875;0;238.23020935058594;0;;1.0986328125;70612849;m2;198333;0;
..\..\world\kalimdor\stonetalon\passivedoodads\trees\stonetree07.m2;17550.349609375;27.49277687072754;15664.669921875;0.5000203847885132;261.81219482421875;0.5000203251838684;;0.5732421875;70612755;m2;202626;0;
..\..\world\kalimdor\stonetalon\passivedoodads\trees\stonetree08.m2;17514.552734375;17.425411224365234;15903.3603515625;-13.49997615814209;69.90972900390625;5.499994277954102;;0.7919921875;70614241;m2;202627;0;
..\..\world\generic\human\passivedoodads\logmachines\logmachine03.m2;17094.794921875;26.89457130432129;15631.7392578125;3.999990940093994;157.6964111328125;0.5000202655792236;;1.015625;70612865;m2;198333;0;
..\..\world\kalimdor\stonetalon\passivedoodads\trees\stonetree01.m2;17424.384765625;50.4355354309082;15517.9765625;2.00002384185791;111.27294921875;-1.500003457069397;;0.416015625;70613710;m2;202620;0;
..\..\world\kalimdor\stonetalon\passivedoodads\trees\stonetree08.m2;17139.486328125;2.323040723800659;15787.8134765625;4.5000104904174805;0.439453125;-5.499993801116943;;0.8125;70613514;m2;202627;0;
..\..\world\kalimdor\stonetalon\passivedoodads\trees\stonetree04.m2;17179.755859375;27.8061466217041;15604.6484375;-9.00002384185791;278.5856018066406;10.999990463256836;;0.57421875;70613225;m2;202623;0;
..\..\world\kalimdor\stonetalon\passivedoodads\trees\stonetree07.m2;17527.798828125;16.26987648010254;15907.8916015625;0;243.28872680664062;1.5000035762786865;;0.5576171875;70614228;m2;202626;0;
..\..\world\kalimdor\stonetalon\passivedoodads\trees\stonetree02.m2;17400.95703125;21.457998275756836;15569.7978515625;-0.5000201463699341;229.37957763671875;-4.999974250793457;;0.40234375;70614261;m2;202621;0;
..\..\world\kalimdor\stonetalon\passivedoodads\trees\stonetree01.m2;17155.728515625;52.435150146484375;15529.16796875;0;309.01092529296875;2.4999866485595703;;0.412109375;70612670;m2;202620;0;
..\..\world\kalimdor\stonetalon\passivedoodads\trees\stonetree07.m2;17584.548828125;38.55550003051758;15653.115234375;0;243.28866577148438;0;;0.5576171875;70613144;m2;202626;0;
..\..\world\kalimdor\stonetalon\passivedoodads\trees\stonetree07.m2;17528.251953125;25.36573028564453;15757.37109375;0;36.157135009765625;0;;0.5517578125;70613771;m2;202626;0;
..\..\world\kalimdor\stonetalon\passivedoodads\trees\stonetree01.m2;17154.095703125;26.239999771118164;15617.3134765625;0.5000202655792236;277.23748779296875;-0.9999833703041077;;0.408203125;70613404;m2;202620;0;
..\..\world\kalimdor\stonetalon\passivedoodads\trees\stonetree07.m2;17417.83984375;8.787055969238281;15722.5966796875;-1.5000039339065552;8.5146484375;0.9999832510948181;;0.54296875;70613813;m2;202626;0;
..\..\world\kalimdor\stonetalon\passivedoodads\trees\stonetree07.m2;17599.48046875;10.78549861907959;15824.771484375;-0.9999832510948181;206.86790466308594;4.5000104904174805;;0.5341796875;70613177;m2;202626;0;
..\..\world\kalimdor\stonetalon\passivedoodads\trees\stonetree07.m2;17206.408203125;26.739892959594727;15605.1728515625;0;273.8205871582031;0;;0.5458984375;70613900;m2;202626;0;
..\..\world\kalimdor\stonetalon\passivedoodads\trees\stonetree07.m2;17509.802734375;34.08767318725586;15564.0546875;0;145.58428955078125;-0.9999834895133972;;0.5390625;70612802;m2;202626;0;
..\..\world\kalimdor\stonetalon\passivedoodads\trees\stonetree07.m2;17207.99609375;30.55015754699707;15487.5048828125;0.9999834895133972;301.82666015625;3.999990224838257;;0.529296875;70614005;m2;202626;0;
..\..\world\kalimdor\stonetalon\passivedoodads\trees\stonetree07.m2;17253.767578125;15.786707878112793;15654.240234375;0;225.02882385253906;0;;0.53515625;70613960;m2;202626;0;
..\..\world\kalimdor\stonetalon\passivedoodads\trees\stonetree07.m2;17346.134765625;40.210914611816406;15524.8935546875;0;46.22088623046875;0;;0.533203125;70612494;m2;202626;0;
..\..\world\kalimdor\stonetalon\passivedoodads\trees\stonetreelog03.m2;17251.3203125;4.311295509338379;15978.80859375;0;204.5039520263672;0;;1.0078125;70613302;m2;202635;0;
..\..\world\kalimdor\stonetalon\passivedoodads\trees\stonetree08.m2;17471.017578125;-1.9062892198562622;16003.888671875;0;114.9974136352539;0;;0.8173828125;212458;m2;202627;0;
..\..\world\kalimdor\stonetalon\passivedoodads\trees\stonetreelog03.m2;17205.779296875;1.556247353553772;15698.525390625;-0.5000208020210266;239.00001525878906;-8.5;;1;70612845;m2;202635;0;
..\..\world\kalimdor\stonetalon\passivedoodads\trees\stonetree07.m2;17189.716796875;39.19947052001953;15558.69921875;0;297.85943603515625;0;;0.525390625;70614153;m2;202626;0;
..\..\world\kalimdor\stonetalon\passivedoodads\trees\stonetree07.m2;17120.443359375;21.260509490966797;15634.3310546875;0;313.1748046875;0;;0.5244140625;70613996;m2;202626;0;
..\..\world\kalimdor\stonetalon\passivedoodads\trees\stonetree08.m2;17531.205078125;28.266775131225586;15694.8359375;4.500011444091797;229.34645080566406;0;;0.7861328125;70613906;m2;202627;0;
..\..\world\kalimdor\stonetalon\passivedoodads\trees\stonetree07.m2;17464.40234375;41.925071716308594;15519.02734375;-3.2016512818699994e-7;79.2822265625;-3.5000267028808594;;0.509765625;70613856;m2;202626;0;
..\..\world\kalimdor\stonetalon\passivedoodads\trees\stonetreelog03.m2;17432.466796875;5.765161991119385;15886.630859375;-7.500018119812012;185.50001525878906;-13.999996185302734;;1;70613164;m2;202635;0;
..\..\world\kalimdor\stonetalon\passivedoodads\trees\stonetree02.m2;17553.837890625;12.620771408081055;15812.447265625;0;109.85568237304688;0;;0.3876953125;70613088;m2;202621;0;
..\..\world\kalimdor\stonetalon\passivedoodads\trees\stonetree07.m2;17474.173828125;14.926212310791016;15700.0205078125;0;275.27081298828125;-0.5000202655792236;;0.51171875;70613168;m2;202626;0;
..\..\world\kalimdor\stonetalon\passivedoodads\trees\stonetree01.m2;17581.265625;31.14503288269043;15638.01171875;-0.5000203251838684;139.8272705078125;-3.500027656555176;;0.3740234375;70613297;m2;202620;0;
..\..\world\kalimdor\stonetalon\passivedoodads\trees\stonetreelog03.m2;17051.517578125;-5.395083904266357;15797.1083984375;-3.999990224838257;225.27822875976562;3.2094692414830206e-7;;1.0390625;70613484;m2;202635;0;
..\..\world\kalimdor\stonetalon\passivedoodads\trees\stonetreelog03.m2;17323.158203125;-15.20059585571289;15868.5830078125;0;324.9635009765625;0;;0.986328125;70614060;m2;202635;0;
..\..\world\kalimdor\stonetalon\passivedoodads\trees\stonetree07.m2;17421.423828125;-4.058729648590088;15965.6484375;0;321.48077392578125;0;;0.5;70612968;m2;202626;0;
..\..\world\kalimdor\stonetalon\passivedoodads\trees\stonetree07.m2;17466.9375;91.3821792602539;15469.2958984375;1.500003695487976;254.7367401123047;2.4999868869781494;;0.4833984375;70614347;m2;202626;0;
..\..\world\kalimdor\stonetalon\passivedoodads\trees\stonetree07.m2;17230.591796875;39.99007797241211;15482.38671875;2.00002384185791;284.6205139160156;6.999997615814209;;0.47265625;70612923;m2;202626;0;
..\..\world\kalimdor\stonetalon\passivedoodads\trees\stonetree08.m2;17444.888671875;11.7858247756958;15852.3515625;0;66;0;;0.759765625;70613923;m2;202627;0;
..\..\world\kalimdor\stonetalon\passivedoodads\trees\stonetree07.m2;17097.9609375;27.318225860595703;15610.302734375;0;104.90070343017578;0;;0.4892578125;70612643;m2;202626;0;
..\..\world\kalimdor\stonetalon\passivedoodads\treestumps\stonetreestump02.m2;17078.076171875;23.24422836303711;15611.275390625;2.000023603439331;316.8334045410156;21.50001335144043;;1.046875;70613537;m2;202642;0;
..\..\world\kalimdor\stonetalon\passivedoodads\trees\stonetree07.m2;17455.650390625;16.22272300720215;15628.07421875;-9.000021934509277;143.980224609375;-1.5000038146972656;;0.47265625;70613349;m2;202626;0;
..\..\world\kalimdor\stonetalon\passivedoodads\trees\stonetree07.m2;17599.55078125;59.32439422607422;15540.525390625;0;309.8129577636719;0;;0.4853515625;70614302;m2;202626;0;
..\..\world\kalimdor\stonetalon\passivedoodads\trees\stonetree08.m2;17499.5859375;22.02022933959961;15716.568359375;0;276.24169921875;-0.9999833703041077;;0.7294921875;70612679;m2;202627;0;
..\..\world\kalimdor\stonetalon\passivedoodads\trees\stonetree01.m2;17202.978515625;28.328454971313477;15484.9990234375;-4.500011444091797;93.24563598632812;3.999990224838257;;0.333984375;70612575;m2;202620;0;
..\..\world\kalimdor\stonetalon\passivedoodads\trees\stonetree07.m2;17524.013671875;45.263397216796875;15546.5390625;-1.500003457069397;244.3653564453125;-2.4999868869781494;;0.455078125;70613180;m2;202626;0;
..\..\world\kalimdor\stonetalon\passivedoodads\trees\stonetree03.m2;17227.625;23.107402801513672;15627.8466796875;2.0000240802764893;301.04400634765625;-5.499993801116943;;0.529296875;70613124;m2;202622;0;
..\..\world\kalimdor\stonetalon\passivedoodads\trees\stonetree07.m2;17195.455078125;1.2533832788467407;15754.19921875;0.5000202059745789;171.5787353515625;0.9999833703041077;;0.4580078125;70613376;m2;202626;0;
..\..\world\kalimdor\stonetalon\passivedoodads\trees\stonetree01.m2;17192.2109375;43.59469985961914;15518.6484375;6.000014305114746;276.3309631347656;-0.9999833703041077;;0.3251953125;70612593;m2;202620;0;
..\..\world\kalimdor\stonetalon\passivedoodads\trees\stonetree07.m2;17342.837890625;-2.989837169647217;15817.2109375;-0.5000201463699341;227.3470001220703;2.4999866485595703;;0.4404296875;70613402;m2;202626;0;
..\..\world\kalimdor\stonetalon\passivedoodads\treestumps\stonetreestump02.m2;17460.19140625;-3.2873878479003906;16005.701171875;0;139.87234497070312;0;;1.119140625;212459;m2;202642;0;
..\..\world\kalimdor\stonetalon\passivedoodads\trees\stonetree07.m2;17098.033203125;38.957576751708984;15593.544921875;0;13.931060791015625;0;;0.443359375;70612690;m2;202626;0;
..\..\world\kalimdor\stonetalon\passivedoodads\trees\stonetree08.m2;17232.681640625;-0.06955761462450027;15733.5009765625;10.000006675720215;343.2357482910156;-7.500019073486328;;0.6015625;70614312;m2;202627;0;
..\..\world\kalimdor\stonetalon\passivedoodads\trees\stonetree08.m2;17330.01171875;41.70524978637695;15510.3759765625;-13.000014305114746;190.60427856445312;-9.499987602233887;;0.587890625;70614081;m2;202627;0;
..\..\world\kalimdor\stonetalon\passivedoodads\treestumps\stonetreestump02.m2;17458.787109375;12.796778678894043;15821.2080078125;0;226.5999298095703;0;;1.091796875;70613696;m2;202642;0;
..\..\world\kalimdor\stonetalon\passivedoodads\trees\stonetree07.m2;17164.939453125;30.28192138671875;15608.1455078125;0;179.5989990234375;0;;0.431640625;70614245;m2;202626;0;
..\..\world\kalimdor\stonetalon\passivedoodads\trees\stonetree07.m2;17584.365234375;35.84358215332031;15645.130859375;0;118.68890380859375;0;;0.427734375;70612555;m2;202626;0;
..\..\world\kalimdor\stonetalon\passivedoodads\trees\stonetree07.m2;17529.892578125;16.110977172851562;15894.806640625;0;118.68890380859375;0;;0.427734375;70613620;m2;202626;0;
..\..\world\kalimdor\stonetalon\passivedoodads\trees\stonetree07.m2;17225.896484375;30.73182487487793;15586.654296875;0;194.7715606689453;0;;0.4208984375;70612990;m2;202626;0;
..\..\world\kalimdor\stonetalon\passivedoodads\treestumps\stonetreestump02.m2;17088.357421875;7.0664825439453125;15761.240234375;0;231.8515625;0;;1.041015625;70612688;m2;202642;0;
..\..\world\kalimdor\stonetalon\passivedoodads\trees\stonetree06.m2;17254.189453125;32.45211410522461;15570.4521484375;0;0;0;;0.439453125;70613437;m2;202625;0;
..\..\world\kalimdor\stonetalon\passivedoodads\trees\stonetree08.m2;17446.787109375;12.7326021194458;15727.6142578125;11.500008583068848;236.9999542236328;-14.500017166137695;;0.5390625;70612672;m2;202627;0;
..\..\world\kalimdor\stonetalon\passivedoodads\trees\stonetree07.m2;17309.08203125;40.48091125488281;15515.7802734375;0;141.54119873046875;0;;0.4072265625;70613947;m2;202626;0;
..\..\world\kalimdor\stonetalon\passivedoodads\trees\stonetree08.m2;17316.501953125;-0.461076945066452;15943.8330078125;0.5000202655792236;69.93572998046875;0;;0.62109375;70613840;m2;202627;0;
..\..\world\kalimdor\stonetalon\passivedoodads\trees\stonetree07.m2;17132.9296875;35.842124938964844;15604.873046875;0;280.3136901855469;-2.000023603439331;;0.3974609375;70614382;m2;202626;0;
..\..\world\kalimdor\stonetalon\passivedoodads\trees\stonetree01.m2;17519.34375;22.23904037475586;15615.8828125;-0.5000202655792236;75.36846923828125;3.500028133392334;;0.29296875;70612483;m2;202620;0;
..\..\world\kalimdor\stonetalon\passivedoodads\treestumps\stonetreestump02.m2;17339.2734375;-0.22764736413955688;15681.3486328125;0.5000205039978027;125.18331909179688;-3.9999892711639404;;0.9619140625;70613375;m2;202642;0;
..\..\world\kalimdor\stonetalon\passivedoodads\trees\stonetree01.m2;17548.51953125;11.49272632598877;15956.9609375;0;330.2700500488281;-1.5000035762786865;;0.2958984375;70612754;m2;202620;0;
..\..\world\kalimdor\stonetalon\passivedoodads\trees\stonetree07.m2;17231.361328125;53.2075309753418;15497.93359375;0;125.6983871459961;0;;0.3984375;70612739;m2;202626;0;
..\..\world\kalimdor\stonetalon\passivedoodads\treestumps\stonetreestump02.m2;17354.892578125;-3.3988590240478516;15871.1484375;0;0;0;;1;70612823;m2;202642;0;
..\..\world\kalimdor\stonetalon\passivedoodads\treestumps\stonetreestump02.m2;17391.095703125;8.18419361114502;15798.5615234375;0;308;0;;1;70614184;m2;202642;0;
..\..\world\kalimdor\stonetalon\passivedoodads\trees\stonetree07.m2;17354.095703125;58.23379898071289;15483.98046875;0;90.1729736328125;0;;0.3955078125;70612716;m2;202626;0;
..\..\world\kalimdor\stonetalon\passivedoodads\trees\stonetreelog03.m2;17282.40234375;24.808422088623047;15580.16796875;5.499994277954102;351.1119689941406;-10.000004768371582;;0.744140625;70613212;m2;202635;0;
..\..\world\kalimdor\stonetalon\passivedoodads\trees\stonetreelog02.m2;17326.771484375;-2.302700996398926;15980.5615234375;1.5000039339065552;301.0404968261719;-4.500011444091797;;1.2783203125;70612732;m2;202634;0;
..\..\world\kalimdor\stonetalon\passivedoodads\trees\stonetree07.m2;17135.369140625;1.5729438066482544;15790.4248046875;-1.500003695487976;313.19677734375;2.000023603439331;;0.3681640625;70613603;m2;202626;0;
..\..\world\kalimdor\stonetalon\passivedoodads\treestumps\stonetreestump02.m2;17064.978515625;-2.4281625747680664;15878.8642578125;13.000011444091797;299.74908447265625;10.999987602233887;;0.7822265625;70613515;m2;202642;0;
..\..\world\kalimdor\stonetalon\passivedoodads\trees\stonetree07.m2;17130.880859375;27.34293556213379;15619.0205078125;0;89.28866577148438;1.5000035762786865;;0.3623046875;70612572;m2;202626;0;
..\..\world\kalimdor\stonetalon\passivedoodads\treestumps\stonetreestump02.m2;17174.814453125;-5.43536376953125;15835.0029296875;21.500019073486328;201.45223999023438;-0.9999831318855286;;0.7880859375;70613494;m2;202642;0;
..\..\world\kalimdor\stonetalon\passivedoodads\treestumps\stonetreestump02.m2;17230.0625;4.300779819488525;15958.5791015625;0;49.78057861328125;0;;0.90625;70613811;m2;202642;0;
..\..\world\kalimdor\stonetalon\passivedoodads\treestumps\stonetreestump02.m2;17541.93359375;13.276570320129395;15816.7109375;0;109.14324951171875;0;;0.90625;70612767;m2;202642;0;
..\..\world\kalimdor\stonetalon\passivedoodads\trees\stonetree07.m2;17512.578125;19.770748138427734;15835.087890625;1.5000030994415283;8.5146484375;-2.4999866485595703;;0.353515625;70612544;m2;202626;0;
..\..\world\kalimdor\stonetalon\passivedoodads\trees\stonetree07.m2;17160.64453125;3.4139153957366943;15786.7333984375;0;0;0;;0.359375;70614218;m2;202626;0;
..\..\world\kalimdor\stonetalon\passivedoodads\treestumps\stonetreestump02.m2;17368.87890625;-8.609302520751953;15978.2822265625;-6.499977111816406;358.9000244140625;-19.499988555908203;;0.7470703125;70612875;m2;202642;0;
..\..\world\kalimdor\stonetalon\passivedoodads\trees\stonetree07.m2;17481.611328125;27.00213050842285;15581.0927734375;0;96.791748046875;1.5000033378601074;;0.353515625;70613433;m2;202626;0;
..\..\world\kalimdor\stonetalon\passivedoodads\trees\stonetree07.m2;17146.9296875;9.713818550109863;15678.275390625;0;0;0;;0.349609375;70613298;m2;202626;0;
..\..\world\kalimdor\stonetalon\passivedoodads\treestumps\stonetreestump02.m2;17277.19140625;10.295355796813965;15659.9765625;0;357.95648193359375;0;;0.8720703125;70613195;m2;202642;0;
..\..\world\kalimdor\stonetalon\passivedoodads\trees\stonetree07.m2;17502.93359375;41.47600173950195;15547.27734375;0;138.2174072265625;-2.0000240802764893;;0.34375;70613409;m2;202626;0;
..\..\world\kalimdor\stonetalon\passivedoodads\treestumps\stonetreestump02.m2;17428.857421875;-1.7682723999023438;15958.005859375;0;227.31040954589844;0;;0.859375;70613712;m2;202642;0;
..\..\world\kalimdor\stonetalon\passivedoodads\trees\stonetreelog02.m2;17312.86328125;-0.5467770099639893;15690.4609375;1.500004529953003;307.75469970703125;-5.49999475479126;;1.173828125;70613456;m2;202634;0;
..\..\world\kalimdor\stonetalon\passivedoodads\trees\stonetreelog02.m2;17216.263671875;-6.207925319671631;15886.23046875;9.499983787536621;273.968994140625;12.000028610229492;;1.025390625;70614143;m2;202634;0;
..\..\world\kalimdor\stonetalon\passivedoodads\trees\stonetree08.m2;17491.1875;13.607881546020508;15946.9365234375;0;26.18121337890625;0;;0.5263671875;70613941;m2;202627;0;
..\..\world\kalimdor\stonetalon\passivedoodads\treestumps\stonetreestump02.m2;17107.470703125;-7.615453243255615;15884.9853515625;6.999997138977051;140.6072998046875;23.00001335144043;;0.6982421875;70614038;m2;202642;0;
..\..\world\kalimdor\stonetalon\passivedoodads\trees\stonetree07.m2;17476.04296875;34.17669677734375;15548.0029296875;-0.5000200867652893;223.501708984375;3.000007152557373;;0.33203125;70614402;m2;202626;0;
..\..\world\kalimdor\stonetalon\passivedoodads\trees\stonetree08.m2;17507.095703125;21.206817626953125;15621.6865234375;0;180.14830017089844;0;;0.5224609375;70614123;m2;202627;0;
..\..\world\kalimdor\stonetalon\passivedoodads\trees\stonetreelog01.m2;17469.193359375;13.357091903686523;15849.1572265625;0;104.98076629638672;0;;1.7802734375;70613766;m2;202633;0;
..\..\world\kalimdor\stonetalon\passivedoodads\trees\stonetree07.m2;17104.6171875;51.14281463623047;15563.255859375;0;24.895751953125;0;;0.3212890625;70614177;m2;202626;0;
..\..\world\kalimdor\stonetalon\passivedoodads\trees\stonetreelog02.m2;17302.0234375;-8.4755859375;15914.0986328125;-6.000014781951904;64.49996948242188;-20.00000762939453;;1;70614306;m2;202634;0;
..\..\world\kalimdor\stonetalon\passivedoodads\trees\stonetree08.m2;17165.8125;24.847578048706055;15508.697265625;16.499980926513672;186.90187072753906;-0.5000203847885132;;0.4462890625;70614015;m2;202627;0;
..\..\world\kalimdor\stonetalon\passivedoodads\treestumps\stonetreestump02.m2;17137.669921875;5.015882968902588;15780.166015625;3.5000295639038086;297.06842041015625;-13.999998092651367;;0.6787109375;70612667;m2;202642;0;
..\..\world\kalimdor\stonetalon\passivedoodads\trees\stonetree08.m2;17598.548828125;9.758874893188477;15831.5615234375;0;342.17962646484375;0;;0.4697265625;70613807;m2;202627;0;
..\..\world\kalimdor\stonetalon\passivedoodads\treestumps\stonetreestump02.m2;17253.615234375;27.606103897094727;15606.9208984375;0;0;0;;0.759765625;70612905;m2;202642;0;
..\..\world\kalimdor\stonetalon\passivedoodads\trees\stonetree07.m2;17435.33984375;48.45771789550781;15516.9208984375;0;344.26708984375;0.5000202059745789;;0.298828125;70612879;m2;202626;0;
..\..\world\kalimdor\stonetalon\passivedoodads\trees\stonetree07.m2;17480.408203125;16.16437339782715;15847.7802734375;2.4999866485595703;324.6449279785156;-3.5000274181365967;;0.2919921875;70614227;m2;202626;0;
..\..\world\kalimdor\stonetalon\passivedoodads\trees\stonetree03.m2;17126.818359375;6.0444817543029785;15994.435546875;-2.000023603439331;136.50003051757812;-0.5000202059745789;;0.359375;70612942;m2;202622;0;
..\..\world\kalimdor\stonetalon\passivedoodads\trees\stonetreelog02.m2;17398.162109375;-8.526033401489258;15956.021484375;-10.000003814697266;291.37933349609375;7.500017166137695;;0.9169921875;70613925;m2;202634;0;
..\..\world\kalimdor\stonetalon\passivedoodads\trees\stonetreelog02.m2;17066.14453125;-5.97078800201416;15841.5546875;0;55.999969482421875;0;;1;70614066;m2;202634;0;
..\..\world\kalimdor\stonetalon\passivedoodads\trees\stonetreelog01.m2;17187.666015625;0.9270454049110413;15931.27734375;0.5000202655792236;320.0448303222656;-3.000007152557373;;1.810546875;70614307;m2;202633;0;
..\..\world\kalimdor\stonetalon\passivedoodads\treestumps\stonetreestump02.m2;17261.701171875;4.092484951019287;15701.3955078125;-7.500017166137695;318.26373291015625;-6.999998092651367;;0.6376953125;70612496;m2;202642;0;
..\..\world\kalimdor\stonetalon\passivedoodads\treestumps\stonetreestump02.m2;17460.078125;7.430023193359375;15920.5927734375;5.499993801116943;97.2918701171875;13.999995231628418;;0.607421875;70613763;m2;202642;0;
..\..\world\kalimdor\stonetalon\passivedoodads\trees\stonetree07.m2;17329.826171875;2.295241594314575;15768.8603515625;0;135.80618286132812;0;;0.275390625;70613473;m2;202626;0;
..\..\world\kalimdor\stonetalon\passivedoodads\treestumps\stonetreestump02.m2;17520.439453125;29.47683334350586;15580.615234375;-6.499978542327881;214.899169921875;1.500003695487976;;0.640625;70614387;m2;202642;0;
..\..\world\kalimdor\stonetalon\passivedoodads\trees\stonetreelog02.m2;17070.166015625;-5.190420627593994;15850.1640625;0;251.51351928710938;0;;0.8525390625;70613186;m2;202634;0;
..\..\world\kalimdor\stonetalon\passivedoodads\treestumps\stonetreestump02.m2;17382.439453125;10.190396308898926;15611.5166015625;0;216.40431213378906;0;;0.6669921875;70613985;m2;202642;0;
..\..\world\kalimdor\stonetalon\passivedoodads\trees\stonetreelog02.m2;17359.111328125;-10.897746086120605;15926.6279296875;0;295.3471374511719;0;;0.861328125;70614105;m2;202634;0;
..\..\world\kalimdor\stonetalon\passivedoodads\treestumps\stonetreestump02.m2;17313.90234375;45.68221664428711;15497.123046875;-0.9999834895133972;317.86346435546875;-12.000027656555176;;0.5869140625;70612665;m2;202642;0;
..\..\world\kalimdor\stonetalon\passivedoodads\trees\stonetree07.m2;17489.14453125;24.02777862548828;15773.2685546875;0;230.37933349609375;0;;0.255859375;70613044;m2;202626;0;
..\..\world\kalimdor\stonetalon\passivedoodads\trees\stonetreelog02.m2;17128.251953125;1.4456039667129517;15959.38671875;-7.999980449676514;59.15216064453125;-10.999987602233887;;0.806640625;70613861;m2;202634;0;
..\..\world\kalimdor\stonetalon\passivedoodads\trees\stonetree08.m2;17172.095703125;52.61236572265625;15570.228515625;-0.500020444393158;145.56231689453125;-1.5000038146972656;;0.3798828125;70612476;m2;202627;0;
..\..\world\kalimdor\stonetalon\passivedoodads\treestumps\stonetreestump02.m2;17527.76953125;16.60500144958496;15866.8046875;17.500024795532227;176.566650390625;12.499993324279785;;0.5048828125;70612898;m2;202642;0;
..\..\world\kalimdor\stonetalon\passivedoodads\tools\stonetalontools_saw01.m2;17457.17578125;-2.3393173217773438;16006.1708984375;0;189.78346252441406;0;;0.900390625;212468;m2;202616;0;
..\..\world\kalimdor\stonetalon\passivedoodads\treestumps\stonetreestump01.m2;17235.095703125;-9.784098625183105;15861.951171875;-1.5000041723251343;313.32861328125;27.000003814697266;;1.0966796875;70614136;m2;202641;0;
..\..\world\kalimdor\stonetalon\passivedoodads\trees\stonetreelog01.m2;17114.5546875;-3.048020601272583;15941.646484375;2.0000226497650146;267;24;;1.3291015625;70613175;m2;202633;0;
..\..\world\kalimdor\stonetalon\passivedoodads\trees\stonetreelog01.m2;17132.18359375;2.539289712905884;15967.833984375;28.99997901916504;3.24609375;-2.0000240802764893;;1.255859375;70614120;m2;202633;0;
..\..\world\kalimdor\stonetalon\passivedoodads\treestumps\stonetreestump01.m2;17334.98828125;-2.1806302070617676;15958.384765625;0;112.87216186523438;0;;1.16015625;70613762;m2;202641;0;
..\..\world\kalimdor\stonetalon\passivedoodads\treestumps\stonetreestump01.m2;17099.701171875;-3.442322254180908;15891.6123046875;7.500019073486328;77.00006103515625;-12.000031471252441;;1;70612775;m2;202641;0;
..\..\world\kalimdor\stonetalon\passivedoodads\treestumps\stonetreestump02.m2;17281.193359375;39.914676666259766;15496.4296875;0;247.16696166992188;0;;0.5546875;70613108;m2;202642;0;
..\..\world\kalimdor\stonetalon\passivedoodads\treestumps\stonetreestump01.m2;17121.2578125;-5.6537041664123535;15859.1904296875;3.500028133392334;135.992919921875;-3.500028133392334;;1.0615234375;70612522;m2;202641;0;
..\..\world\kalimdor\stonetalon\passivedoodads\treestumps\stonetreestump01.m2;17268.720703125;-6.543859958648682;15893.9765625;0;83.8721923828125;0;;1.12109375;70612577;m2;202641;0;
..\..\world\kalimdor\stonetalon\passivedoodads\treestumps\stonetreestump02.m2;17433.09375;10.336031913757324;15714.9873046875;0;36.157135009765625;0;;0.5517578125;70614393;m2;202642;0;
..\..\world\kalimdor\stonetalon\passivedoodads\treestumps\stonetreestump01.m2;17313.26171875;31.337318420410156;15544.8330078125;3.500028133392334;0;10.500024795532227;;1;70614317;m2;202641;0;
..\..\world\kalimdor\stonetalon\passivedoodads\treestumps\stonetreestump03.m2;17123.6171875;1.1678539514541626;15952.5458984375;-15.499999046325684;338.40020751953125;15.500000953674316;;1.189453125;70613040;m2;202643;0;
..\..\world\kalimdor\stonetalon\passivedoodads\treestumps\stonetreestump01.m2;17103.83203125;-1.9768205881118774;15836.4765625;0.5000202059745789;0;-14.999978065490723;;1;70613138;m2;202641;0;
..\..\world\generic\dwarf\passivedoodads\gyrocopter\gyrocopter.m2;17068.662109375;38.70088577270508;15630.5986328125;0;245;0;;1;70613457;m2;197408;0;
..\..\world\kalimdor\stonetalon\passivedoodads\trees\stonetreelog02.m2;17292.13671875;25.367469787597656;15579.3642578125;-89.49993133544922;216.5675506591797;137.49864196777344;;0.6611328125;70613414;m2;202634;0;
..\..\world\kalimdor\stonetalon\passivedoodads\treestumps\stonetreestump03.m2;17592.52734375;47.37173843383789;15585.6767578125;2.4999876022338867;15.75146484375;4.500011920928955;;1.380859375;70613765;m2;202643;0;
..\..\world\generic\human\passivedoodads\miningtroughs\miningtroughlarge.m2;17402.41796875;-8.481818199157715;16004.638671875;0;253.49996948242188;0;;1;210751;m2;198355;0;
..\..\world\kalimdor\stonetalon\passivedoodads\treestumps\stonetreestump01.m2;17075.482421875;6.62816047668457;15741.1328125;0;35.729766845703125;0;;1.068359375;70613595;m2;202641;0;
..\..\world\kalimdor\stonetalon\passivedoodads\treestumps\stonetreestump03.m2;17311.197265625;24.84920310974121;15577.9384765625;13.000009536743164;92.1011962890625;13.499971389770508;;1.17578125;70612938;m2;202643;0;
..\..\world\kalimdor\stonetalon\passivedoodads\treestumps\stonetreestump01.m2;17307.603515625;-7.399313926696777;15833.5390625;-17.000003814697266;86.27828979492188;17.999984741210938;;0.8798828125;70613542;m2;202641;0;
..\..\world\kalimdor\stonetalon\passivedoodads\treestumps\stonetreestump02.m2;17275.5546875;31.953399658203125;15555.1259765625;-6.999999046325684;65.61233520507812;3.999990701675415;;0.462890625;70612956;m2;202642;0;
..\..\world\kalimdor\stonetalon\passivedoodads\treestumps\stonetreestump01.m2;17069.140625;4.487980842590332;15973.322265625;0;74.81918334960938;0;;1.0283203125;70613099;m2;202641;0;
..\..\world\kalimdor\stonetalon\passivedoodads\treestumps\stonetreestump03.m2;17243.529296875;-3.783726692199707;15884.888671875;11.500011444091797;253.08880615234375;20.999996185302734;;1.0966796875;70612640;m2;202643;0;
..\..\world\kalimdor\kalidar\passivedoodads\kalidarharpynest\kalidarnest02.m2;17105.599609375;50.612056732177734;15578.9677734375;0;200.26771545410156;0;;1.275390625;70613422;m2;202030;0;
..\..\world\kalimdor\stonetalon\passivedoodads\treestumps\stonetreestump01.m2;17167.76171875;-5.13489294052124;15914.755859375;0;226.4790496826172;0;;1.0068359375;70613446;m2;202641;0;
..\..\world\kalimdor\stonetalon\passivedoodads\treestumps\stonetreestump01.m2;17290.314453125;17.41804313659668;15626.1748046875;0;0;0;;1;70613190;m2;202641;0;
..\..\world\kalimdor\stonetalon\passivedoodads\treestumps\stonetreestump01.m2;17412.455078125;6.9335808753967285;15848.2109375;0;0;0;;1;70613231;m2;202641;0;
..\..\world\kalimdor\stonetalon\passivedoodads\treestumps\stonetreestump01.m2;17115.28515625;0.692783772945404;15803.099609375;0;0;0;;1;70613995;m2;202641;0;
..\..\world\kalimdor\stonetalon\passivedoodads\treestumps\stonetreestump03.m2;17082.24609375;-2.5804455280303955;15867.9990234375;0.9999845027923584;67.85260009765625;-18.500003814697266;;1.1669921875;70614332;m2;202643;0;
..\..\world\kalimdor\stonetalon\passivedoodads\treestumps\stonetreestump01.m2;17416.751953125;-4.320835590362549;15955.1728515625;0;171.9522705078125;0;;0.994140625;70614450;m2;202641;0;
..\..\world\kalimdor\stonetalon\passivedoodads\trees\stonetreelog01.m2;17274.41796875;36.85854721069336;15518.1279296875;-6.499976634979248;284.1091613769531;-4.999974250793457;;1.052734375;70613471;m2;202633;0;
..\..\world\kalimdor\stonetalon\passivedoodads\treestumps\stonetreestump01.m2;17535.076171875;6.885412693023682;15984.29296875;0;257.93389892578125;0;;0.9736328125;70613105;m2;202641;0;
..\..\world\kalimdor\stonetalon\passivedoodads\treestumps\stonetreestump03.m2;17276.623046875;-10.238263130187988;15870.037109375;-0.9999831318855286;2.153411865234375;20.499967575073242;;1.115234375;70614115;m2;202643;0;
..\..\world\kalimdor\stonetalon\passivedoodads\treestumps\stonetreestump04.m2;17269.541015625;-3.554492712020874;15791.599609375;0;26.961273193359375;-16.000015258789062;;1.1904296875;70614310;m2;202644;0;
..\..\world\kalimdor\stonetalon\passivedoodads\treestumps\stonetreestump04.m2;17227.318359375;9.20723819732666;15668.6748046875;-20.99999237060547;118.765869140625;10.99998664855957;;1.1435546875;70614075;m2;202644;0;
..\..\world\kalimdor\stonetalon\passivedoodads\trees\stonetreelog01.m2;17314.25;-9.798023223876953;15882.5654296875;0;340.98931884765625;0;;1.0361328125;70613984;m2;202633;0;
..\..\world\kalimdor\stonetalon\passivedoodads\treestumps\stonetreestump03.m2;17068.66015625;-3.8934166431427;15872.15234375;-4.999974727630615;9.006378173828125;24.0000057220459;;1.03515625;70612685;m2;202643;0;
..\..\world\kalimdor\stonetalon\passivedoodads\treestumps\stonetreestump01.m2;17459.642578125;12.008782386779785;15842.552734375;0;284.96356201171875;0;;0.93359375;70614440;m2;202641;0;
..\..\world\kalimdor\stonetalon\passivedoodads\trees\stonetreelog01.m2;17091.65625;5.7089338302612305;15989.5048828125;8.50000286102295;259;23.000022888183594;;1;70612833;m2;202633;0;
..\..\world\kalimdor\stonetalon\passivedoodads\treestumps\stonetreestump04.m2;17199.451171875;21.98968505859375;15627.166015625;14.999978065490723;303.1111145019531;-4.999973773956299;;1.140625;70613460;m2;202644;0;
..\..\world\kalimdor\stonetalon\passivedoodads\trees\stonetreelog01.m2;17309.494140625;-10.185290336608887;15910.7666015625;-8.537736562175269e-7;64.5;-14.999981880187988;;1;70613408;m2;202633;0;
..\..\world\kalimdor\stonetalon\passivedoodads\treestumps\stonetreestump04.m2;17292.7265625;10.094545364379883;15650.419921875;28.500019073486328;55.36181640625;16.499984741210938;;1.033203125;70612689;m2;202644;0;
..\..\world\kalimdor\stonetalon\passivedoodads\treestumps\stonetreestump01.m2;17501.107421875;2.6489131450653076;16002.865234375;0;130.80722045898438;0;;0.9052734375;212453;m2;202641;0;
..\..\world\kalimdor\stonetalon\passivedoodads\treestumps\stonetreestump03.m2;17380.986328125;-4.023980617523193;15914.9853515625;2.4999876022338867;20.54132080078125;21.99997901916504;;1.0283203125;70612590;m2;202643;0;
..\..\world\kalimdor\stonetalon\passivedoodads\treestumps\stonetreestump03.m2;17159.56640625;0.7336069941520691;15931.537109375;-3.499971628189087;317.4999694824219;28.999982833862305;;1;70613488;m2;202643;0;
..\..\world\kalimdor\stonetalon\passivedoodads\treestumps\stonetreestump03.m2;17077.75;-4.527750492095947;15902.431640625;33.00002670288086;0;-5.499994277954102;;1;70614244;m2;202643;0;
..\..\world\kalimdor\stonetalon\passivedoodads\treestumps\stonetreestump03.m2;17148.783203125;-7.900079727172852;15896.0341796875;10.999990463256836;268.5;13.999996185302734;;1;70614044;m2;202643;0;
..\..\world\kalimdor\stonetalon\passivedoodads\treestumps\stonetreestump03.m2;17152.048828125;17.709787368774414;15640.947265625;-21.500009536743164;251.75135803222656;-0.9999803900718689;;1.0517578125;70613703;m2;202643;0;
..\..\world\kalimdor\stonetalon\passivedoodads\treestumps\stonetreestump03.m2;17436.306640625;-7.541233539581299;15994.3466796875;7.500018119812012;358.6842956542969;10.999988555908203;;1.033203125;70613928;m2;202643;0;
..\..\world\kalimdor\stonetalon\passivedoodads\treestumps\stonetreestump04.m2;17169.10546875;4.786142826080322;15733.388671875;16.000019073486328;101.87935638427734;13.000011444091797;;1.181640625;70612892;m2;202644;0;
..\..\world\kalimdor\stonetalon\passivedoodads\treestumps\stonetreestump01.m2;17192.33984375;1.7153511047363281;15895.666015625;0;321.48077392578125;0;;0.880859375;70613000;m2;202641;0;
..\..\world\kalimdor\stonetalon\passivedoodads\treestumps\stonetreestump01.m2;17138.427734375;3.8991775512695312;15978.341796875;16.499982833862305;126.61026000976562;0.5000194907188416;;0.7958984375;70613693;m2;202641;0;
..\..\world\kalimdor\stonetalon\passivedoodads\treestumps\stonetreestump04.m2;17316.384765625;-4.908819675445557;15818.154296875;20.49997329711914;212.62222290039062;-3.5000271797180176;;1.0830078125;70614448;m2;202644;0;
..\..\world\kalimdor\stonetalon\passivedoodads\treestumps\stonetreestump04.m2;17281.70703125;23.09284019470215;15604.9228515625;9.499985694885254;75.5772705078125;16.499980926513672;;1.109375;70614391;m2;202644;0;
..\..\world\kalimdor\stonetalon\passivedoodads\treestumps\stonetreestump04.m2;17166.501953125;5.644731521606445;15739.6240234375;-6.0000152587890625;189.4320526123047;22.5;;1.10546875;70614415;m2;202644;0;
..\..\world\kalimdor\stonetalon\passivedoodads\treestumps\stonetreestump04.m2;17396.45703125;-0.30847254395484924;15916.478515625;0;24.3780517578125;0;;1.263671875;70612484;m2;202644;0;
..\..\world\kalimdor\stonetalon\passivedoodads\treestumps\stonetreestump04.m2;17195.54296875;0.33161360025405884;15930.91796875;3.999990224838257;139.5855712890625;-3.000006914138794;;1.16796875;70613791;m2;202644;0;
..\..\world\kalimdor\stonetalon\passivedoodads\treestumps\stonetreestump03.m2;17394.826171875;2.953979969024658;15862.037109375;-9.000020980834961;164.6131591796875;0.5000202655792236;;1.083984375;70613046;m2;202643;0;
..\..\world\kalimdor\stonetalon\passivedoodads\treestumps\stonetreestump04.m2;17299.6328125;-7.547737121582031;15780.5458984375;9.00002384185791;223.62908935546875;-4.999975204467773;;1.0908203125;70613495;m2;202644;0;
..\..\world\kalimdor\stonetalon\passivedoodads\treestumps\stonetreestump03.m2;17461.685546875;2.9801504611968994;15962.44921875;24.500022888183594;1.6083984375;14.500017166137695;;0.9052734375;70614394;m2;202643;0;
..\..\world\kalimdor\stonetalon\passivedoodads\treestumps\stonetreestump04.m2;17289.1484375;-10.554326057434082;15880.052734375;0;147.25421142578125;4.500011444091797;;1.162109375;70614383;m2;202644;0;
..\..\world\kalimdor\stonetalon\passivedoodads\treestumps\stonetreestump03.m2;17292.505859375;29.944345474243164;15555.49609375;-26.00002098083496;189.53094482421875;15.499998092651367;;0.896484375;70613340;m2;202643;0;
..\..\world\kalimdor\stonetalon\passivedoodads\treestumps\stonetreestump03.m2;17354.712890625;-4.198375225067139;15997.01171875;0;150.98974609375;0;;1.173828125;70613454;m2;202643;0;
..\..\world\kalimdor\stonetalon\passivedoodads\treestumps\stonetreestump03.m2;17302.375;13.965877532958984;15635.810546875;-3.0000076293945312;330.73150634765625;-12.499992370605469;;1.013671875;70614400;m2;202643;0;
..\..\world\kalimdor\stonetalon\passivedoodads\treestumps\stonetreestump03.m2;17105.201171875;-3.0283963680267334;15808.490234375;8.537736562175269e-7;272.5;-18.5000057220459;;1;70612487;m2;202643;0;
..\..\world\kalimdor\stonetalon\passivedoodads\trees\stonetreelog01.m2;17069.375;-5.654082775115967;15841.287109375;0;55;0;;1;70614301;m2;202633;0;
..\..\world\kalimdor\kalidar\passivedoodads\kalidarharpynest\kalidarnest02.m2;17116.59765625;78.76551818847656;15575.7978515625;0;193.6895294189453;0;;1.0625;70613691;m2;202030;0;
..\..\world\kalimdor\stonetalon\passivedoodads\treestumps\stonetreestump03.m2;17277.931640625;-1.3189680576324463;15934.12109375;0;5.89984130859375;0;;1.16015625;70612994;m2;202643;0;
..\..\world\kalimdor\stonetalon\passivedoodads\treestumps\stonetreestump02.m2;17334.828125;16.19817543029785;15598.2666015625;0;163.5145263671875;0;;0.4150390625;70613423;m2;202642;0;
..\..\world\kalimdor\stonetalon\passivedoodads\treestumps\stonetreestump03.m2;17079.767578125;21.653894424438477;15655.1552734375;0;326.15008544921875;0;;1.1455078125;70612541;m2;202643;0;
..\..\world\kalimdor\stonetalon\passivedoodads\treestumps\stonetreestump03.m2;17274.92578125;3.4771859645843506;15974.5302734375;-16.00002098083496;297.8263854980469;17.999984741210938;;0.8828125;70613315;m2;202643;0;
..\..\world\kalimdor\stonetalon\passivedoodads\treestumps\stonetreestump01.m2;17448.732421875;4.346780776977539;15920.654296875;12.499990463256836;336.422607421875;21.999975204467773;;0.69140625;70614113;m2;202641;0;
..\..\world\kalimdor\stonetalon\passivedoodads\trees\stonetreelog01.m2;17354.06640625;-10.940688133239746;15920.9990234375;1.500003695487976;114.5999526977539;-2.000023603439331;;0.9033203125;70612958;m2;202633;0;
..\..\world\kalimdor\stonetalon\passivedoodads\treestumps\stonetreestump03.m2;17317.6484375;-4.57672643661499;15919.197265625;2.000023603439331;316;10.000004768371582;;1;70614029;m2;202643;0;
..\..\world\kalimdor\stonetalon\passivedoodads\treestumps\stonetreestump03.m2;17356.353515625;4.629721164703369;15772.076171875;-0.9999836683273315;67.53253173828125;22.499996185302734;;0.9384765625;70613914;m2;202643;0;
..\..\world\kalimdor\stonetalon\passivedoodads\treestumps\stonetreestump04.m2;17453.697265625;10.756900787353516;15894.748046875;6.999997615814209;8.261932373046875;16.499982833862305;;1.1181640625;70613322;m2;202644;0;
..\..\world\kalimdor\stonetalon\passivedoodads\treestumps\stonetreestump04.m2;17099.33203125;3.1056015491485596;15964.6484375;-13.000009536743164;85.97064208984375;10.000003814697266;;1.140625;70613649;m2;202644;0;
..\..\world\kalimdor\stonetalon\passivedoodads\treestumps\stonetreestump04.m2;17341.65234375;-1.8642204999923706;15795.40234375;-0.5000201463699341;314.08673095703125;-4.500010967254639;;1.109375;70613451;m2;202644;0;
..\..\world\kalimdor\stonetalon\passivedoodads\treestumps\stonetreestump04.m2;17223.763671875;-2.9157185554504395;15813.326171875;11.500008583068848;192.29959106445312;-13.999994277954102;;1.0556640625;70613768;m2;202644;0;
..\..\world\kalimdor\stonetalon\passivedoodads\treestumps\stonetreestump03.m2;17341.720703125;9.516654968261719;15631.2041015625;9.000021934509277;273.97943115234375;2.00002384185791;;0.990234375;70613616;m2;202643;0;
..\..\world\kalimdor\stonetalon\passivedoodads\treestumps\stonetreestump04.m2;17305.798828125;21.60266876220703;15595.0634765625;0;127.7529296875;0;;1.1298828125;70613042;m2;202644;0;
..\..\world\kalimdor\stonetalon\passivedoodads\treestumps\stonetreestump04.m2;17195.064453125;0.8240459561347961;15744.8447265625;-6.999998092651367;213.7675018310547;2.4999873638153076;;1.0546875;70613386;m2;202644;0;
..\..\world\kalimdor\stonetalon\passivedoodads\treestumps\stonetreestump03.m2;17160.330078125;4.829664707183838;15964.5927734375;1.5000035762786865;0;7.500017166137695;;1;70613430;m2;202643;0;
..\..\world\kalimdor\stonetalon\passivedoodads\treestumps\stonetreestump01.m2;17281.08203125;-5.063867568969727;15710.66796875;-1.5000035762786865;315.6688232421875;4.999973773956299;;0.7509765625;70612622;m2;202641;0;
..\..\world\kalimdor\stonetalon\passivedoodads\treestumps\stonetreestump04.m2;17321.642578125;-2.49176025390625;15704.6796875;0;26.604095458984375;0;;1.146484375;70614239;m2;202644;0;
..\..\world\kalimdor\stonetalon\passivedoodads\treestumps\stonetreestump04.m2;17198.88671875;8.614727973937988;15668.4404296875;15.50000286102295;37.420562744140625;7.500019073486328;;0.9638671875;70612696;m2;202644;0;
..\..\world\kalimdor\stonetalon\passivedoodads\treestumps\stonetreestump03.m2;17076.943359375;-5.806865215301514;15925.771484375;-16.000017166137695;308.3956298828125;22.499996185302734;;0.8193359375;70612931;m2;202643;0;
..\..\world\generic\human\passivedoodads\valvesteam\deadminevalvesteam02.m2;17406.158203125;-8.03901481628418;16000.0927734375;0;143.5;0;;1;210753;m2;198618;0;
..\..\world\kalimdor\stonetalon\passivedoodads\treestumps\stonetreestump04.m2;17372.3046875;3.3705084323883057;15820.7080078125;20.999998092651367;0;14.999981880187988;;1;70612765;m2;202644;0;
..\..\world\kalimdor\stonetalon\passivedoodads\treestumps\stonetreestump03.m2;17321.708984375;28.55770492553711;15558.4365234375;6.000014305114746;115.3819580078125;12.499991416931152;;0.8994140625;70613401;m2;202643;0;
..\..\world\kalimdor\stonetalon\passivedoodads\treestumps\stonetreestump01.m2;17169.66015625;1.8509221076965332;15932.212890625;5.499993801116943;184.143310546875;11.500007629394531;;0.6865234375;70612666;m2;202641;0;
..\..\world\kalimdor\stonetalon\passivedoodads\treestumps\stonetreestump01.m2;17135.232421875;-2.851139783859253;15806.6123046875;-17.000001907348633;323.8977966308594;12.499990463256836;;0.64453125;70613060;m2;202641;0;
..\..\world\kalimdor\stonetalon\passivedoodads\treestumps\stonetreestump04.m2;17255.8046875;-3.043036699295044;15756.1298828125;-3.000006675720215;192.29959106445312;7.500017166137695;;1.0927734375;70614246;m2;202644;0;
..\..\world\kalimdor\stonetalon\passivedoodads\treestumps\stonetreestump01.m2;17228.41796875;5.458662986755371;15979.0478515625;0;31.366973876953125;0;;0.7626953125;70612737;m2;202641;0;
..\..\world\kalimdor\stonetalon\passivedoodads\treestumps\stonetreestump03.m2;17274.93359375;24.792062759399414;15598.6484375;0;258.8128356933594;0;;1.048828125;70613885;m2;202643;0;
..\..\world\generic\dwarf\passivedoodads\excavationbarrierplank\excavationbarrierplank.m2;17080.724609375;-3.318294048309326;15798.896484375;89.00025177001953;235.99949645996094;178.49990844726562;;0.869140625;70612499;m2;197337;0;
..\..\world\kalimdor\stonetalon\passivedoodads\treestumps\stonetreestump03.m2;17227.515625;-2.9445502758026123;15891.560546875;23.499982833862305;222.23822021484375;-6.000015735626221;;0.8486328125;70613551;m2;202643;0;
..\..\world\kalimdor\stonetalon\passivedoodads\treestumps\stonetreestump04.m2;17146.2109375;-6.030468940734863;15913.5234375;17.000003814697266;293.4999694824219;0;;1;70612568;m2;202644;0;
..\..\world\kalimdor\stonetalon\passivedoodads\treestumps\stonetreestump04.m2;17263.08203125;-7.367828369140625;15823.193359375;-16.00002098083496;219.99996948242188;-12.000028610229492;;0.8994140625;70612816;m2;202644;0;
..\..\world\kalimdor\stonetalon\passivedoodads\treestumps\stonetreestump03.m2;17176.98828125;-3.5938076972961426;15898.19921875;22.499996185302734;324.9635009765625;20.000009536743164;;0.7734375;70614206;m2;202643;0;
..\..\world\kalimdor\stonetalon\passivedoodads\treestumps\stonetreestump04.m2;17451.984375;-1.4462238550186157;15970.0302734375;-25.500001907348633;139.8272705078125;-6.4999799728393555;;0.8740234375;70613937;m2;202644;0;
..\..\world\kalimdor\stonetalon\passivedoodads\treestumps\stonetreestump04.m2;17113.533203125;4.71519660949707;15967.8291015625;6.999997138977051;164.5252685546875;5.499993324279785;;1.0478515625;70613057;m2;202644;0;
..\..\world\kalimdor\stonetalon\passivedoodads\treestumps\stonetreestump04.m2;17357.09375;-6.1767144203186035;15957.4365234375;19.499990463256836;129.42291259765625;6.000012397766113;;0.8935546875;70612757;m2;202644;0;
..\..\world\kalimdor\stonetalon\passivedoodads\treestumps\stonetreestump04.m2;17285.99609375;33.140342712402344;15541.9521484375;2.000023603439331;187.6070098876953;7.999982833862305;;1.1083984375;70612913;m2;202644;0;
..\..\world\kalimdor\stonetalon\passivedoodads\treestumps\stonetreestump04.m2;17261.556640625;0.5328543782234192;15912.6455078125;-16.00002098083496;0;-12.000029563903809;;1;70613697;m2;202644;0;
..\..\world\kalimdor\stonetalon\passivedoodads\treestumps\stonetreestump03.m2;17377.43359375;15.189285278320312;15593.2529296875;6.999997615814209;323.7769470214844;-7.500017166137695;;0.8857421875;70612683;m2;202643;0;
..\..\world\kalimdor\stonetalon\passivedoodads\treestumps\stonetreestump04.m2;17310.326171875;2.5491421222686768;15677.30859375;17.500022888183594;275.6883239746094;-6.000013828277588;;1.0517578125;70613619;m2;202644;0;
..\..\world\kalimdor\stonetalon\passivedoodads\treestumps\stonetreestump04.m2;17225.51171875;0.6965145468711853;15925.490234375;-17;349.5736999511719;27.999990463256836;;0.884765625;70612867;m2;202644;0;
..\..\world\kalimdor\stonetalon\passivedoodads\treestumps\stonetreestump04.m2;17167.626953125;0.7179964184761047;15804.19921875;6.0000152587890625;109.69088745117188;27.9999942779541;;0.8798828125;70613783;m2;202644;0;
..\..\world\kalimdor\stonetalon\passivedoodads\treestumps\stonetreestump01.m2;17064.96484375;16.73516273498535;15598.2861328125;-16.000019073486328;0;13.499975204467773;;0.619140625;70614117;m2;202641;0;
..\..\world\generic\human\passivedoodads\caveminepump\minepump01.m2;17405.634765625;-8.61694049835205;16000.8447265625;0;232.5;0;;1.4697265625;210752;m2;198109;0;
..\..\world\kalimdor\stonetalon\passivedoodads\trees\stonetreelog01.m2;17248.099609375;-7.877055644989014;15869.8916015625;-0.999983012676239;340.84002685546875;-2.4999868869781494;;0.7822265625;70613895;m2;202633;0;
..\..\world\kalimdor\stonetalon\passivedoodads\treestumps\stonetreestump03.m2;17315.751953125;3.1022415161132812;16000.9111328125;0;0;0;;1;213310;m2;202643;0;
..\..\world\kalimdor\stonetalon\passivedoodads\treestumps\stonetreestump03.m2;17099.345703125;7.493692398071289;15734.763671875;0;0;0;;1;70613072;m2;202643;0;
..\..\world\kalimdor\stonetalon\passivedoodads\treestumps\stonetreestump04.m2;17233.87109375;5.328516483306885;15972.810546875;0;226.5998992919922;0;;1.02734375;70614396;m2;202644;0;
..\..\world\kalimdor\stonetalon\passivedoodads\treestumps\stonetreestump04.m2;17338.28515625;24.9276065826416;15566.5517578125;-13.499977111816406;195.74937438964844;-10.500027656555176;;0.9921875;70613223;m2;202644;0;
..\..\world\kalimdor\stonetalon\passivedoodads\treestumps\stonetreestump04.m2;17318.783203125;-2.043456792831421;15753.154296875;3.5000269412994385;168.10693359375;-16.999998092651367;;0.9404296875;70612998;m2;202644;0;
..\..\world\kalimdor\stonetalon\passivedoodads\treestumps\stonetreestump04.m2;17206.041015625;11.015787124633789;15661.7109375;19.00002670288086;323.6231689453125;-13.000011444091797;;0.845703125;70612756;m2;202644;0;
..\..\world\kalimdor\stonetalon\passivedoodads\treestumps\stonetreestump03.m2;17229.27734375;-2.565762758255005;15793.990234375;9.000021934509277;315.19635009765625;7.500018119812012;;0.83203125;70612536;m2;202643;0;
..\..\world\kalimdor\stonetalon\passivedoodads\treestumps\stonetreestump04.m2;17411.8125;0.0646565854549408;15895.2109375;0;54;0;;1;70613453;m2;202644;0;
..\..\world\kalimdor\stonetalon\passivedoodads\treestumps\stonetreestump04.m2;17238.625;0.0300462506711483;15905.998046875;1.500003695487976;278.297119140625;-8.5;;1.0322265625;70613253;m2;202644;0;
..\..\world\kalimdor\stonetalon\passivedoodads\treestumps\stonetreestump04.m2;17314.03515625;36.14241409301758;15526.1953125;43.00001525878906;19.540435791015625;2.499985933303833;;0.83984375;70613680;m2;202644;0;
..\..\world\kalimdor\stonetalon\passivedoodads\treestumps\stonetreestump03.m2;17098.89453125;1.800437331199646;15794.0791015625;25.500001907348633;337.4999694824219;29.499998092651367;;0.69921875;70612699;m2;202643;0;
..\..\world\kalimdor\stonetalon\passivedoodads\treestumps\stonetreestump03.m2;17363.142578125;6.716529846191406;15762.74609375;0;119.12844848632812;0;;0.9482421875;70613733;m2;202643;0;
..\..\world\kalimdor\stonetalon\passivedoodads\treestumps\stonetreestump03.m2;17341.322265625;12.967283248901367;15615.73046875;-0.5000197291374207;103.53826904296875;7.500018119812012;;0.87109375;70613963;m2;202643;0;
..\..\world\kalimdor\stonetalon\passivedoodads\treestumps\stonetreestump01.m2;17232.4609375;4.69259786605835;15951.904296875;-4.500011444091797;341.8829345703125;-13.99999713897705;;0.6064453125;70612569;m2;202641;0;
..\..\world\kalimdor\stonetalon\passivedoodads\treestumps\stonetreestump03.m2;17427.05078125;-4.604376316070557;15971.0654296875;3.5000274181365967;330.1712646484375;-3.000007390975952;;0.8798828125;70613406;m2;202643;0;
..\..\world\kalimdor\stonetalon\passivedoodads\treestumps\stonetreestump04.m2;17571.822265625;7.771859169006348;15894.1796875;0;13.34881591796875;0;;1.0703125;70612545;m2;202644;0;
..\..\world\kalimdor\stonetalon\passivedoodads\tools\stonetalontools_crank01.m2;17373.84765625;7.996496677398682;15759.4677734375;0;341.7088623046875;0;;1.095703125;70613980;m2;202615;0;
..\..\world\kalimdor\stonetalon\passivedoodads\treestumps\stonetreestump04.m2;17207.41796875;18.106088638305664;15641.935546875;0;175.17138671875;0;;1.16015625;70612858;m2;202644;0;
..\..\world\kalimdor\stonetalon\passivedoodads\treestumps\stonetreestump04.m2;17069.283203125;19.874385833740234;15657.744140625;-2.499985933303833;252.62742614746094;-24.000001907348633;;0.8173828125;70612531;m2;202644;0;
..\..\world\kalimdor\stonetalon\passivedoodads\treestumps\stonetreestump04.m2;17327.353515625;-4.382566928863525;15917.7998046875;24.500022888183594;108.00003051757812;-14.500015258789062;;0.8291015625;70613747;m2;202644;0;
..\..\world\kalimdor\stonetalon\passivedoodads\treestumps\stonetreestump04.m2;17286.486328125;4.294623851776123;15982.912109375;3.999990701675415;243.99276733398438;13.499974250793457;;0.8369140625;70613306;m2;202644;0;
..\..\world\kalimdor\stonetalon\passivedoodads\treestumps\stonetreestump04.m2;17109.037109375;3.612330198287964;15790.6796875;6.0000128746032715;0;-9.499984741210938;;1;70612734;m2;202644;0;
..\..\world\kalimdor\stonetalon\passivedoodads\treestumps\stonetreestump04.m2;17322.291015625;20.686634063720703;15590.1904296875;-12.499990463256836;281.90679931640625;4.999973297119141;;0.9599609375;70614296;m2;202644;0;
..\..\world\kalimdor\stonetalon\passivedoodads\treestumps\stonetreestump04.m2;17083.30078125;16.09365463256836;15667.294921875;28.999975204467773;16.94146728515625;-3.500028133392334;;0.8349609375;70613931;m2;202644;0;
..\..\world\kalimdor\stonetalon\passivedoodads\treestumps\stonetreestump03.m2;17187.435546875;0.17211103439331055;15922.8935546875;-10.999988555908203;292.6297912597656;38.50001907348633;;0.6767578125;70612932;m2;202643;0;
..\..\world\kalimdor\stonetalon\passivedoodads\treestumps\stonetreestump04.m2;17340.98828125;-1.3155733346939087;15976.005859375;6.499978542327881;0;-7.5000200271606445;;1;70613469;m2;202644;0;
..\..\world\kalimdor\stonetalon\passivedoodads\treestumps\stonetreestump03.m2;17479.9140625;9.192479133605957;15947.5146484375;-24.999980926513672;159.815185546875;-9.000020980834961;;0.7080078125;70613129;m2;202643;0;
..\..\world\kalimdor\stonetalon\passivedoodads\treestumps\stonetreestump03.m2;17224.322265625;3.844266653060913;15941.9052734375;-3.999990224838257;74.40167236328125;-11.500006675720215;;0.765625;70613194;m2;202643;0;
..\..\world\kalimdor\stonetalon\passivedoodads\treestumps\stonetreestump03.m2;17166.861328125;10.001953125;16003.19921875;0.5000026822090149;125.1600570678711;-16.99999237060547;;0.7626953125;219290;m2;202643;0;
..\..\world\kalimdor\stonetalon\passivedoodads\treestumps\stonetreestump03.m2;17168.83984375;-6.654594898223877;15899.5517578125;3.999990224838257;4;34.99998474121094;;0.69921875;70614162;m2;202643;0;
..\..\world\generic\human\passivedoodads\miningtroughs\miningtroughsmall.m2;17395.857421875;-8.40509033203125;16001.244140625;0;213.5;0;;1;210750;m2;198356;0;
..\..\world\kalimdor\stonetalon\passivedoodads\treestumps\stonetreestump04.m2;17378.826171875;1.610373616218567;15872.48046875;3.999990224838257;138.05841064453125;2.499986410140991;;0.8505859375;70613184;m2;202644;0;
..\..\world\kalimdor\stonetalon\passivedoodads\treestumps\stonetreestump03.m2;17338.8125;-4.534842014312744;15817.677734375;-26.000024795532227;81.82867431640625;-12.499992370605469;;0.671875;70613639;m2;202643;0;
..\..\world\kalimdor\stonetalon\passivedoodads\treestumps\stonetreestump04.m2;17279.078125;38.221221923828125;15499.8916015625;16.00002098083496;269.1630859375;-6.999998092651367;;0.8916015625;70613687;m2;202644;0;
..\..\world\kalimdor\stonetalon\passivedoodads\treestumps\stonetreestump04.m2;17349.732421875;-3.714351177215576;15976.9765625;46.00003433227539;47.68865966796875;7.99997615814209;;0.705078125;70614219;m2;202644;0;
..\..\world\kalimdor\stonetalon\passivedoodads\treestumps\stonetreestump04.m2;17087.5;5.995087146759033;15770.9833984375;5.499995231628418;0;4.500011920928955;;1;70612788;m2;202644;0;
..\..\world\kalimdor\stonetalon\passivedoodads\treestumps\stonetreestump04.m2;17171.662109375;11.830281257629395;15658.669921875;19.00002670288086;295.60089111328125;-14.999978065490723;;0.7314453125;70614193;m2;202644;0;
..\..\world\kalimdor\stonetalon\passivedoodads\treestumps\stonetreestump04.m2;17325.65625;-5.381941318511963;15852.916015625;4.2688682810876344e-7;38.09075927734375;14.500017166137695;;0.7646484375;70613191;m2;202644;0;
..\..\world\kalimdor\stonetalon\passivedoodads\treestumps\stonetreestump01.m2;17487.666015625;0.8718046545982361;15976.10546875;0;11.7337646484375;0;;0.609375;70614096;m2;202641;0;
..\..\world\kalimdor\stonetalon\passivedoodads\treestumps\stonetreestump03.m2;17434.18359375;4.255850315093994;15893.2802734375;0;22;0;;0.83984375;70613311;m2;202643;0;
..\..\world\kalimdor\stonetalon\passivedoodads\treestumps\stonetreestump04.m2;17141.09375;8.032971382141113;15986.2529296875;19.499990463256836;155.9813232421875;6.999999046325684;;0.76953125;70612947;m2;202644;0;
..\..\world\kalimdor\stonetalon\passivedoodads\tools\stonetalontools_crank01.m2;17401.31640625;12.01679515838623;15740.8271484375;0;297.5376892089844;0;;0.978515625;70613974;m2;202615;0;
..\..\world\generic\human\passivedoodads\dredge\cavekobolddredge.m2;17393.576171875;-8.982131958007812;15996.5830078125;14.000089645385742;177;0.5000200271606445;;1;70613022;m2;198189;0;
..\..\world\kalimdor\stonetalon\passivedoodads\treestumps\stonetreestump04.m2;17136.673828125;9.93209171295166;15998.169921875;0;305.440185546875;0;;0.8583984375;70614045;m2;202644;0;
..\..\world\kalimdor\stonetalon\passivedoodads\tools\stonetalontools_crank01.m2;17310.65234375;-5.103031158447266;15766.6259765625;0;229.99996948242188;0;;1;70614432;m2;202615;0;
..\..\world\generic\goblin\passivedoodads\goblinshreddersuit\goblinshreddersuit02.m2;17235.5546875;5.07436990737915;15963.853515625;0;115.2830810546875;0;;1.0693359375;70612726;m2;197790;0;
..\..\world\kalimdor\stonetalon\passivedoodads\treestumps\stonetreestump04.m2;17285.142578125;-0.3901504874229431;15959.3017578125;15.499999046325684;204.1761474609375;6.499977111816406;;0.794921875;70613426;m2;202644;0;
..\..\world\kalimdor\stonetalon\passivedoodads\treestumps\stonetreestump03.m2;17104.970703125;1.343875765800476;15950.7216796875;11.500007629394531;161.29522705078125;-6.000013828277588;;0.7021484375;70613823;m2;202643;0;
..\..\world\kalimdor\stonetalon\passivedoodads\treestumps\stonetreestump04.m2;17075.041015625;4.254345893859863;15974.0234375;-4.500010967254639;3.8782958984375;-9.499985694885254;;0.908203125;70613380;m2;202644;0;
..\..\world\kalimdor\stonetalon\passivedoodads\treestumps\stonetreestump03.m2;17105.259765625;-4.021528720855713;15930.712890625;-13.999996185302734;9.217803955078125;-14.50001335144043;;0.65234375;70612478;m2;202643;0;
..\..\world\kalimdor\stonetalon\passivedoodads\treestumps\stonetreestump04.m2;17172.505859375;20.122594833374023;15629.693359375;12.000031471252441;359.483642578125;9.00002384185791;;0.8515625;70613918;m2;202644;0;
..\..\world\kalimdor\stonetalon\passivedoodads\treestumps\stonetreestump04.m2;17289.638671875;-5.283487319946289;15717.2705078125;11.500009536743164;126.59932708740234;3.500028133392334;;0.765625;70613305;m2;202644;0;
..\..\world\kalimdor\stonetalon\passivedoodads\treestumps\stonetreestump01.m2;17258.017578125;31.24167823791504;15573.966796875;0;134.60858154296875;0;;0.591796875;70614275;m2;202641;0;
..\..\world\kalimdor\stonetalon\passivedoodads\treestumps\stonetreestump04.m2;17139.884765625;10.758437156677246;15703.1279296875;-7.999982833862305;182.57632446289062;4.999974250793457;;0.91796875;70614439;m2;202644;0;
..\..\world\kalimdor\stonetalon\passivedoodads\treestumps\stonetreestump04.m2;17191.45703125;1.1662718057632446;15739.3291015625;12.000031471252441;203.93447875976562;-2.4999866485595703;;0.78515625;70614082;m2;202644;0;
..\..\world\kalimdor\stonetalon\passivedoodads\treestumps\stonetreestump01.m2;17359.55078125;25.065305709838867;15565.37109375;8.500000953674316;15.697905540466309;-23.49997901916504;;0.4912109375;70614445;m2;202641;0;
..\..\world\kalimdor\stonetalon\passivedoodads\treestumps\stonetreestump03.m2;17088.478515625;-2.542646884918213;15937.5546875;-1.500004529953003;130.82919311523438;-17.0000057220459;;0.6787109375;70613790;m2;202643;0;
..\..\world\kalimdor\stonetalon\passivedoodads\tools\stonetalontools_crank01.m2;17496.595703125;0.33661407232284546;15982.466796875;0;67.85202026367188;0;;0.923828125;70613608;m2;202615;0;
..\..\world\kalimdor\stonetalon\passivedoodads\tools\stonetalontools_crank01.m2;17333.380859375;-2.5865185260772705;15780.6767578125;0;93;0;;1;70613774;m2;202615;0;
..\..\world\kalimdor\stonetalon\passivedoodads\treestumps\stonetreestump04.m2;17166.103515625;3.830277442932129;15954.3642578125;6.499977111816406;252.83607482910156;-3.500028371810913;;0.85546875;70614272;m2;202644;0;
..\..\world\kalimdor\stonetalon\passivedoodads\treestumps\stonetreestump03.m2;17318.71875;-7.0077290534973145;15812.7802734375;-3.9999914169311523;245.05633544921875;20.000015258789062;;0.642578125;70613591;m2;202643;0;
..\..\world\kalimdor\stonetalon\passivedoodads\treestumps\stonetreestump04.m2;17177.78515625;19.047212600708008;15635.568359375;32.5;18.1544189453125;10.000003814697266;;0.7265625;70613972;m2;202644;0;
..\..\world\kalimdor\stonetalon\passivedoodads\treestumps\stonetreestump04.m2;17192.423828125;4.6387810707092285;15973.103515625;0;179.2913818359375;-3.9999897480010986;;0.9580078125;70614269;m2;202644;0;
..\..\world\kalimdor\stonetalon\passivedoodads\treestumps\stonetreestump04.m2;17133.7109375;10.590325355529785;15689.4228515625;0;279.149169921875;-5.499993801116943;;0.8544921875;70612455;m2;202644;0;
..\..\world\kalimdor\stonetalon\passivedoodads\treestumps\stonetreestump01.m2;17264.34375;-1.8871781826019287;15795.193359375;3.500028133392334;134.56158447265625;6.999999046325684;;0.5205078125;70614316;m2;202641;0;
..\..\world\kalimdor\stonetalon\passivedoodads\treestumps\stonetreestump03.m2;17328.697265625;38.130619049072266;15522.5546875;23.499984741210938;319.076171875;13.99999713897705;;0.595703125;70613388;m2;202643;0;
..\..\world\kalimdor\stonetalon\passivedoodads\treestumps\stonetreestump04.m2;17250.708984375;-8.528082847595215;15868.80859375;9.000022888183594;70.51239013671875;-16.499984741210938;;0.7294921875;70614033;m2;202644;0;
..\..\world\kalimdor\stonetalon\passivedoodads\treestumps\stonetreestump04.m2;17439.11328125;-6.576271057128906;16000.40234375;0;282.6021728515625;0;;0.875;212531;m2;202644;0;
..\..\world\kalimdor\stonetalon\passivedoodads\treestumps\stonetreestump04.m2;17331.80078125;-1.4686357975006104;15939.24609375;0;0;0;;1;70612634;m2;202644;0;
..\..\world\kalimdor\stonetalon\passivedoodads\treestumps\stonetreestump04.m2;17367.048828125;6.063648223876953;15804.4091796875;0;0;0;;1;70613756;m2;202644;0;
..\..\world\kalimdor\stonetalon\passivedoodads\treestumps\stonetreestump04.m2;17099.943359375;-1.30239737033844;15842.9853515625;0;0;0;;1;70614020;m2;202644;0;
..\..\world\kalimdor\stonetalon\passivedoodads\treestumps\stonetreestump04.m2;17102.861328125;7.391144752502441;15742.8671875;0;0;0;;1;70614182;m2;202644;0;
..\..\world\kalimdor\stonetalon\passivedoodads\treestumps\stonetreestump04.m2;17281.2109375;32.959720611572266;15546.146484375;-19.00002098083496;116.3048095703125;2.4999849796295166;;0.7060546875;70612841;m2;202644;0;
..\..\world\kalimdor\stonetalon\passivedoodads\treestumps\stonetreestump01.m2;17594.6328125;6.208788871765137;15906.447265625;0;317.95404052734375;0;;0.5400390625;70613518;m2;202641;0;
..\..\world\kalimdor\stonetalon\passivedoodads\treestumps\stonetreestump03.m2;17262.0546875;1.3765630722045898;15916.1767578125;6.000014305114746;230.3793182373047;10.999990463256836;;0.6337890625;70613316;m2;202643;0;
..\..\world\kalimdor\stonetalon\passivedoodads\treestumps\stonetreestump04.m2;17160.84375;0.17369544506072998;15805.9677734375;-14.999979972839355;221.15052795410156;-20.000011444091797;;0.6357421875;70614438;m2;202644;0;
..\..\world\kalimdor\stonetalon\passivedoodads\treestumps\stonetreestump03.m2;17172.251953125;-2.4911422729492188;15839.4140625;0;174.43524169921875;0;;0.736328125;70614048;m2;202643;0;
..\..\world\kalimdor\stonetalon\passivedoodads\treestumps\stonetreestump04.m2;17361.439453125;-4.982061862945557;15996.6171875;0;281.70904541015625;0;;0.8515625;70612654;m2;202644;0;
..\..\world\kalimdor\stonetalon\passivedoodads\treestumps\stonetreestump04.m2;17069.751953125;6.376153945922852;15749.8203125;7.999980449676514;23.654266357421875;11.500005722045898;;0.712890625;70613930;m2;202644;0;
..\..\world\kalimdor\stonetalon\passivedoodads\treestumps\stonetreestump04.m2;17452.185546875;3.195343255996704;15957.1728515625;6.999999046325684;230.73089599609375;0.5000205039978027;;0.7041015625;70612645;m2;202644;0;
..\..\world\kalimdor\stonetalon\passivedoodads\treestumps\stonetreestump04.m2;17321.982421875;1.6879074573516846;15998.0615234375;-6.000014781951904;249.50006103515625;16.499980926513672;;0.669921875;70612868;m2;202644;0;
..\..\world\kalimdor\stonetalon\passivedoodads\treestumps\stonetreestump03.m2;17173.955078125;7.537569046020508;15699.85546875;-14.999979972839355;106.6585693359375;37.99999237060547;;0.53515625;70614017;m2;202643;0;
..\..\world\kalimdor\stonetalon\passivedoodads\treestumps\stonetreestump03.m2;17195.80078125;4.247623443603516;15968.4296875;8.500001907348633;193.3982391357422;15.499998092651367;;0.580078125;70612984;m2;202643;0;
..\..\world\kalimdor\stonetalon\passivedoodads\treestumps\stonetreestump03.m2;17081.0625;24.686235427856445;15637.583984375;2.4999876022338867;84.36663818359375;-3.500028133392334;;0.666015625;70613512;m2;202643;0;
..\..\world\kalimdor\stonetalon\passivedoodads\treestumps\stonetreestump03.m2;17287.70703125;-0.6947843432426453;15962.916015625;10.500027656555176;49.78057861328125;4.999975204467773;;0.61328125;70614100;m2;202643;0;
..\..\world\kalimdor\stonetalon\passivedoodads\treestumps\stonetreestump04.m2;17074.712890625;1.0680581331253052;15954.177734375;10.50002670288086;267.7010498046875;30.499977111816406;;0.62890625;70613719;m2;202644;0;
..\..\world\kalimdor\stonetalon\passivedoodads\treestumps\stonetreestump04.m2;17455.91796875;11.471444129943848;15887.6552734375;10.000006675720215;194.86851501464844;3.500027894973755;;0.7734375;70613950;m2;202644;0;
..\..\world\kalimdor\stonetalon\passivedoodads\treestumps\stonetreestump04.m2;17069.36328125;23.383174896240234;15611.1796875;-17.000001907348633;36.733306884765625;-2.0000240802764893;;0.6259765625;70613452;m2;202644;0;
..\..\world\kalimdor\stonetalon\passivedoodads\treestumps\stonetreestump04.m2;17081.880859375;16.20712661743164;15589.3740234375;3.5000274181365967;147.30923461914062;-14.500015258789062;;0.634765625;70614024;m2;202644;0;
..\..\world\kalimdor\stonetalon\passivedoodads\treestumps\stonetreestump04.m2;17358.689453125;5.76931619644165;15762.3603515625;0;154.69219970703125;0;;0.728515625;70614204;m2;202644;0;
..\..\world\kalimdor\stonetalon\passivedoodads\treestumps\stonetreestump04.m2;17350.724609375;10.010261535644531;15631.552734375;9.49998664855957;32.641357421875;-8.500001907348633;;0.62109375;70614388;m2;202644;0;
..\..\world\generic\orc\passivedoodads\wyvernnests\wyvernnest01.m2;17110.83203125;53.37397766113281;15590.0166015625;20.000009536743164;347.6400146484375;2.4999876022338867;;1.15625;70612955;m2;199451;0;
..\..\world\kalimdor\stonetalon\passivedoodads\treestumps\stonetreestump04.m2;17206.21484375;22.36110496520996;15626.103515625;14.999978065490723;37.43157958984375;-8.499999046325684;;0.599609375;70612500;m2;202644;0;
..\..\world\kalimdor\stonetalon\passivedoodads\treestumps\stonetreestump04.m2;17109.357421875;-2.8815760612487793;15810.5986328125;16.499982833862305;69.5;9.499984741210938;;0.6298828125;70612480;m2;202644;0;
..\..\world\kalimdor\stonetalon\passivedoodads\treestumps\stonetreestump03.m2;17283.283203125;-5.299529552459717;15722.7216796875;6.499977111816406;70.7789306640625;18.500009536743164;;0.548828125;70613450;m2;202643;0;
..\..\world\kalimdor\stonetalon\passivedoodads\treestumps\stonetreestump04.m2;17454.064453125;2.889178514480591;15961.4521484375;34.999996185302734;346.0469665527344;7.999982833862305;;0.5947265625;70613372;m2;202644;0;
..\..\world\kalimdor\stonetalon\passivedoodads\treestumps\stonetreestump01.m2;17183.421875;22.583322525024414;15625.255859375;-1.5000038146972656;209.08718872070312;10.999990463256836;;0.4384765625;70612525;m2;202641;0;
..\..\world\kalimdor\stonetalon\passivedoodads\treestumps\stonetreestump04.m2;17276.98828125;22.717329025268555;15609.77734375;-3.000006914138794;149.70428466796875;12.00002670288086;;0.6181640625;70613678;m2;202644;0;
..\..\world\kalimdor\stonetalon\passivedoodads\treestumps\stonetreestump04.m2;17133.900390625;4.641001224517822;15977.6171875;-26.000022888183594;343.667724609375;3.999990224838257;;0.6259765625;70612835;m2;202644;0;
..\..\world\kalimdor\stonetalon\passivedoodads\treestumps\stonetreestump04.m2;17315.423828125;24.31008529663086;15579.400390625;-13.49997615814209;298.8153076171875;-9.000021934509277;;0.615234375;70612529;m2;202644;0;
..\..\world\kalimdor\stonetalon\passivedoodads\treestumps\stonetreestump04.m2;17298.595703125;-1.654329538345337;15941.2060546875;10.999990463256836;294.68426513671875;13.00001335144043;;0.63671875;70613444;m2;202644;0;
..\..\world\kalimdor\stonetalon\passivedoodads\treestumps\stonetreestump04.m2;17126.623046875;8.98437213897705;15989.826171875;0.9999832510948181;191.72830200195312;-6.49997615814209;;0.69140625;70613530;m2;202644;0;
..\..\world\kalimdor\stonetalon\passivedoodads\treestumps\stonetreestump03.m2;17072.908203125;-5.513154029846191;15926.3291015625;6.499978542327881;286.72857666015625;44.00000762939453;;0.49609375;70613873;m2;202643;0;
..\..\world\kalimdor\stonetalon\passivedoodads\treestumps\stonetreestump04.m2;17262.75390625;39.43989181518555;15504.4892578125;-12.499991416931152;250.90647888183594;-3.5000269412994385;;0.6435546875;70613568;m2;202644;0;
..\..\world\kalimdor\stonetalon\passivedoodads\treestumps\stonetreestump03.m2;17147.634765625;9.510233879089355;15700.1171875;4.500010967254639;113.87045288085938;16.499980926513672;;0.533203125;70613750;m2;202643;0;
..\..\world\kalimdor\stonetalon\passivedoodads\treestumps\stonetreestump03.m2;17372.271484375;5.496354103088379;15807.3115234375;-6.000014305114746;126;15.499996185302734;;0.529296875;70614049;m2;202643;0;
..\..\world\kalimdor\stonetalon\passivedoodads\tools\stonetalontools_crank01.m2;17447.875;3.977660655975342;15912.0966796875;0;172.34228515625;0;;0.78125;70612922;m2;202615;0;
..\..\world\kalimdor\stonetalon\passivedoodads\tools\stonetalontools_crank01.m2;17450.6015625;3.214085817337036;15935.6279296875;0;46.671630859375;0;;0.7744140625;70613290;m2;202615;0;
..\..\world\kalimdor\stonetalon\passivedoodads\treestumps\stonetreestump04.m2;17187.205078125;13.876479148864746;15655.646484375;24.999984741210938;10.920745849609375;6.000014781951904;;0.626953125;70614167;m2;202644;0;
..\..\world\kalimdor\stonetalon\passivedoodads\treestumps\stonetreestump03.m2;17260.587890625;-6.735069274902344;15821.2509765625;6.000015735626221;90.37933349609375;10.999990463256836;;0.5341796875;70613814;m2;202643;0;
..\..\world\kalimdor\stonetalon\passivedoodads\treestumps\stonetreestump04.m2;17199.21875;0.7079823613166809;15881.8642578125;11.500009536743164;21.17132568359375;-14.999983787536621;;0.560546875;70612600;m2;202644;0;
..\..\world\kalimdor\stonetalon\passivedoodads\treestumps\stonetreestump03.m2;17115.8125;12.913128852844238;15670.880859375;28.500019073486328;344.5197448730469;-7.500019073486328;;0.49609375;70614146;m2;202643;0;
..\..\world\kalimdor\stonetalon\passivedoodads\treestumps\stonetreestump03.m2;17320.291015625;-2.472486734390259;15768.21484375;20.499977111816406;216.82177734375;-12.499991416931152;;0.4833984375;70614051;m2;202643;0;
..\..\world\kalimdor\stonetalon\passivedoodads\treestumps\stonetreestump03.m2;17384.142578125;16.92168617248535;15585.6455078125;0.9999834895133972;129.203125;-7.500018119812012;;0.5546875;70612844;m2;202643;0;
..\..\world\kalimdor\stonetalon\passivedoodads\treestumps\stonetreestump04.m2;17277.576171875;35.7955207824707;15522.5498046875;-12.000029563903809;58.18634033203125;0.999983549118042;;0.57421875;70612872;m2;202644;0;
..\..\world\generic\goblin\passivedoodads\goblinshreddersuit\goblinshreddersuit01.m2;17064.61328125;24.736377716064453;15635.5322265625;0;355.5615539550781;0;;0.859375;70614163;m2;197789;0;
..\..\world\kalimdor\stonetalon\passivedoodads\treestumps\stonetreestump04.m2;17289.634765625;-6.653753757476807;15906.9765625;0;7.317138671875;0;;0.7216796875;70613547;m2;202644;0;
..\..\world\kalimdor\stonetalon\passivedoodads\treestumps\stonetreestump04.m2;17202.05859375;-1.7051773071289062;15878.6865234375;3.5000274181365967;218.81033325195312;24.50002670288086;;0.5185546875;70612979;m2;202644;0;
..\..\world\kalimdor\stonetalon\passivedoodads\treestumps\stonetreestump04.m2;17358.953125;18.261444091796875;15581.494140625;30.499977111816406;29.5;8.500001907348633;;0.509765625;70613005;m2;202644;0;
..\..\world\kalimdor\stonetalon\passivedoodads\treestumps\stonetreestump03.m2;17207.130859375;17.133440017700195;15648.2998046875;-9.49998664855957;246.50775146484375;-20.999996185302734;;0.46484375;70613428;m2;202643;0;
..\..\world\kalimdor\stonetalon\passivedoodads\treestumps\stonetreestump01.m2;17514.072265625;32.737144470214844;15569.3896484375;0;33.16876220703125;0;;0.4267578125;70613685;m2;202641;0;
..\..\world\kalimdor\stonetalon\passivedoodads\treestumps\stonetreestump04.m2;17233.470703125;-6.126623630523682;15881.482421875;12.000031471252441;337.35498046875;36.499996185302734;;0.4814453125;70612454;m2;202644;0;
..\..\world\kalimdor\stonetalon\passivedoodads\treestumps\stonetreestump04.m2;17282.28125;-9.472970962524414;15872.0810546875;11.500007629394531;165.98651123046875;7.500017166137695;;0.5830078125;70613364;m2;202644;0;
..\..\world\kalimdor\stonetalon\passivedoodads\treestumps\stonetreestump04.m2;17313.55078125;9.854077339172363;15634.755859375;0.5000188946723938;303.9126281738281;-23.000019073486328;;0.49609375;70613440;m2;202644;0;
..\..\world\kalimdor\stonetalon\passivedoodads\treestumps\stonetreestump01.m2;17166.52734375;-1.370613932609558;15808.275390625;15.499999046325684;260.1861267089844;-2.0000245571136475;;0.375;70614230;m2;202641;0;
..\..\world\kalimdor\stonetalon\passivedoodads\treestumps\stonetreestump03.m2;17309.646484375;20.411706924438477;15600.6259765625;-1.5000041723251343;119.01824951171875;18.500003814697266;;0.486328125;70614446;m2;202643;0;
..\..\world\kalimdor\stonetalon\passivedoodads\treestumps\stonetreestump04.m2;17170.923828125;4.204995632171631;15955.0546875;18.500003814697266;36.3218994140625;-2.4999868869781494;;0.5166015625;70614449;m2;202644;0;
..\..\world\kalimdor\stonetalon\passivedoodads\treestumps\stonetreestump03.m2;17199.88671875;11.622754096984863;15663.3427734375;23.000017166137695;354.72637939453125;-0.5000201463699341;;0.4892578125;70612748;m2;202643;0;
..\..\world\kalimdor\stonetalon\passivedoodads\treestumps\stonetreestump04.m2;17311.283203125;-6.215353965759277;15822.044921875;27.500030517578125;241.680419921875;-24.50002098083496;;0.494140625;70612917;m2;202644;0;
..\..\world\kalimdor\stonetalon\passivedoodads\treestumps\stonetreestump03.m2;17296.982421875;32.05756759643555;15546.900390625;45.999977111816406;101.94597625732422;32.499996185302734;;0.4365234375;70612463;m2;202643;0;
..\..\world\kalimdor\stonetalon\passivedoodads\treestumps\stonetreestump04.m2;17153.568359375;6.254779815673828;15746.2021484375;-0.5000203847885132;222.20523071289062;-6.499978065490723;;0.5537109375;70613139;m2;202644;0;
..\..\world\kalimdor\stonetalon\passivedoodads\treestumps\stonetreestump04.m2;17304.8671875;37.614585876464844;15525.634765625;23.00002098083496;336.7522277832031;-14.500017166137695;;0.5234375;70613942;m2;202644;0;
..\..\world\kalimdor\stonetalon\passivedoodads\treestumps\stonetreestump04.m2;17159.037109375;6.671923637390137;15738.7705078125;15.499998092651367;331.12701416015625;-10.99998664855957;;0.521484375;70613519;m2;202644;0;
..\..\world\kalimdor\stonetalon\passivedoodads\treestumps\stonetreestump03.m2;17600.794921875;47.90251922607422;15587.005859375;1.9999995231628418;147.27716064453125;10;;0.5;220844;m2;202643;0;
..\..\world\kalimdor\stonetalon\passivedoodads\treestumps\stonetreestump04.m2;17391.517578125;4.414482116699219;15844.603515625;0;77.54388427734375;0;;0.6416015625;70613948;m2;202644;0;
..\..\world\kalimdor\stonetalon\passivedoodads\treestumps\stonetreestump04.m2;17245.365234375;-8.28515338897705;15867.3759765625;4.5000104904174805;322.0740661621094;21.500011444091797;;0.474609375;70613204;m2;202644;0;
..\..\world\kalimdor\stonetalon\passivedoodads\treestumps\stonetreestump04.m2;17103.638671875;4.569275856018066;15967.771484375;0;89.541259765625;0;;0.71875;70612889;m2;202644;0;
..\..\world\kalimdor\stonetalon\passivedoodads\treestumps\stonetreestump03.m2;17155.392578125;7.527608394622803;15710.2265625;10.500025749206543;341.5604248046875;7.99998140335083;;0.4560546875;70614225;m2;202643;0;
..\..\world\kalimdor\stonetalon\passivedoodads\treestumps\stonetreestump03.m2;17318.826171875;4.290066719055176;15672.6796875;4.2688682810876344e-7;32.179931640625;12.000028610229492;;0.4814453125;70613148;m2;202643;0;
..\..\world\kalimdor\stonetalon\passivedoodads\treestumps\stonetreestump04.m2;17162.833984375;3.1506011486053467;15795.1767578125;-3.0000081062316895;230.36834716796875;6.999999046325684;;0.5185546875;70613845;m2;202644;0;
..\..\world\kalimdor\stonetalon\passivedoodads\treestumps\stonetreestump03.m2;17144.013671875;10.272830963134766;15702.7734375;-2.000023603439331;123.5340576171875;6.999997615814209;;0.4853515625;70613210;m2;202643;0;
..\..\world\kalimdor\stonetalon\passivedoodads\treestumps\stonetreestump04.m2;17465.791015625;-3.6143105030059814;15994.7353515625;0;5.78997802734375;0;;0.654296875;70612653;m2;202644;0;
..\..\world\kalimdor\stonetalon\passivedoodads\treestumps\stonetreestump04.m2;17093.794921875;8.0864839553833;15994.763671875;-20.9999942779541;0;0.9999834895133972;;0.5693359375;70613973;m2;202644;0;
..\..\world\kalimdor\stonetalon\passivedoodads\treestumps\stonetreestump04.m2;17323.55859375;5.52982234954834;15649.8427734375;0;6.921630859375;0;;0.642578125;70613292;m2;202644;0;
..\..\world\kalimdor\stonetalon\passivedoodads\treestumps\stonetreestump04.m2;17331.71484375;2.06380033493042;15758.919921875;0;256.8572082519531;0;;0.603515625;70612893;m2;202644;0;
..\..\world\kalimdor\stonetalon\passivedoodads\treestumps\stonetreestump04.m2;17253.4921875;-7.523584842681885;15828.162109375;1.500003695487976;237.062255859375;-13.999996185302734;;0.482421875;70613382;m2;202644;0;
..\..\world\kalimdor\stonetalon\passivedoodads\treestumps\stonetreestump04.m2;17273.916015625;-1.4650404453277588;15915.3154296875;0;17.062286376953125;0;;0.58203125;70614173;m2;202644;0;
..\..\world\kalimdor\stonetalon\passivedoodads\treestumps\stonetreestump03.m2;17257.193359375;40.80632400512695;15502.5654296875;12.499990463256836;38.17864990234375;-7.500018119812012;;0.4306640625;70613540;m2;202643;0;
..\..\world\kalimdor\stonetalon\passivedoodads\treestumps\stonetreestump04.m2;17159.974609375;1.3700528144836426;15937.904296875;3.999990940093994;0;-5.49999475479126;;0.599609375;70613368;m2;202644;0;
..\..\world\kalimdor\stonetalon\passivedoodads\treestumps\stonetreestump04.m2;17094.447265625;23.53046226501465;15648.755859375;16.49998664855957;79.730224609375;4.999974727630615;;0.53515625;70613383;m2;202644;0;
..\..\world\kalimdor\stonetalon\passivedoodads\treestumps\stonetreestump04.m2;17098.80078125;22.432344436645508;15648.2265625;36.500003814697266;89.53033447265625;34.50003433227539;;0.4208984375;70613050;m2;202644;0;
..\..\world\kalimdor\stonetalon\passivedoodads\treestumps\stonetreestump03.m2;17303.564453125;-6.726904392242432;15780.0078125;-3.999990940093994;160.430419921875;12.000028610229492;;0.4326171875;70613558;m2;202643;0;
..\..\world\kalimdor\stonetalon\passivedoodads\treestumps\stonetreestump04.m2;17336;-3.940995931625366;15799.462890625;-15.499999046325684;94.36444091796875;-3.000006914138794;;0.5439453125;70613246;m2;202644;0;
..\..\world\kalimdor\stonetalon\passivedoodads\treestumps\stonetreestump04.m2;17389.78125;3.8044023513793945;15858.435546875;-6.499976634979248;180.21424865722656;-0.5000202655792236;;0.609375;70613503;m2;202644;0;
..\..\world\kalimdor\stonetalon\passivedoodads\treestumps\stonetreestump04.m2;17219.33984375;3.991851329803467;15949.7802734375;3.500028133392334;350.4416198730469;24.0000057220459;;0.4580078125;70613398;m2;202644;0;
..\..\world\kalimdor\stonetalon\passivedoodads\treestumps\stonetreestump03.m2;17172.412109375;18.77562141418457;15634.1728515625;0.99998539686203;61.01995849609375;22.5;;0.4111328125;70613100;m2;202643;0;
..\..\world\kalimdor\stonetalon\passivedoodads\treestumps\stonetreestump04.m2;17240.408203125;3.173253059387207;15935.3984375;13.999995231628418;101.77084350585938;6.999998569488525;;0.51171875;70614336;m2;202644;0;
..\..\world\kalimdor\stonetalon\passivedoodads\treestumps\stonetreestump03.m2;17135.283203125;10.958738327026367;15703.5478515625;6.4999775886535645;317.3112487792969;5.499993801116943;;0.431640625;70613149;m2;202643;0;
..\..\world\kalimdor\stonetalon\passivedoodads\treestumps\stonetreestump04.m2;17235.357421875;-0.49184975028038025;15754.380859375;13.000009536743164;332.0498962402344;-1.5000033378601074;;0.466796875;70614339;m2;202644;0;
..\..\world\kalimdor\stonetalon\passivedoodads\treestumps\stonetreestump04.m2;17163.9296875;10.154573440551758;15695.8427734375;14.500020027160645;22.775360107421875;6.000016212463379;;0.4638671875;70612588;m2;202644;0;
..\..\world\kalimdor\stonetalon\passivedoodads\treestumps\stonetreestump04.m2;17282.767578125;0.6161314249038696;15963.2998046875;0;326.545654296875;0;;0.486328125;70613181;m2;202644;0;
..\..\world\kalimdor\stonetalon\passivedoodads\treestumps\stonetreestump03.m2;17313.1484375;22.780733108520508;15590.8017578125;3.500028133392334;223.2489776611328;7.999981880187988;;0.4189453125;70613599;m2;202643;0;
..\..\world\kalimdor\stonetalon\passivedoodads\tools\stonetalontools_crank01.m2;17521.15625;3.961106300354004;15992.2705078125;0;91.56954956054688;0;;0.6015625;70614318;m2;202615;0;
..\..\world\kalimdor\stonetalon\passivedoodads\treestumps\stonetreestump04.m2;17265.103515625;-2.0892999172210693;15744.912109375;6.000014305114746;94.63909912109375;2.4999873638153076;;0.55859375;70613692;m2;202644;0;
..\..\world\kalimdor\stonetalon\passivedoodads\tools\stonetalontools_crank01.m2;17293.43359375;34.0133171081543;15536.5927734375;0;2.98492431640625;0;;0.578125;70613872;m2;202615;0;
..\..\world\kalimdor\stonetalon\passivedoodads\treestumps\stonetreestump03.m2;17130.103515625;-2.6916344165802;15843.416015625;0;235.6968994140625;0;;0.453125;70614451;m2;202643;0;
..\..\world\kalimdor\stonetalon\passivedoodads\treestumps\stonetreestump04.m2;17289.259765625;17.38799476623535;15630.990234375;0.9999832510948181;116.21688842773438;7.999981880187988;;0.4375;70612988;m2;202644;0;
..\..\world\kalimdor\stonetalon\passivedoodads\tools\stonetalontools_crank01.m2;17282.77734375;31.619781494140625;15556.6904296875;0;125.27496337890625;0;;0.5166015625;70612794;m2;202615;0;
..\..\world\kalimdor\stonetalon\passivedoodads\treestumps\stonetreestump04.m2;17234.94140625;-6.189699649810791;15879.044921875;-13.000011444091797;72.14657592773438;-6.499977111816406;;0.4248046875;70614019;m2;202644;0;
..\..\world\kalimdor\stonetalon\passivedoodads\treestumps\stonetreestump04.m2;17195.25;10.086981773376465;15666.01171875;0;224.25973510742188;0;;0.4267578125;70612749;m2;202644;0;
..\..\world\kalimdor\stonetalon\passivedoodads\treestumps\stonetreestump04.m2;17231.123046875;-1.2677298784255981;15894.2685546875;0;92.9471435546875;0;;0.52734375;70613602;m2;202644;0;
..\..\world\kalimdor\stonetalon\passivedoodads\treestumps\stonetreestump04.m2;17169.9375;11.320509910583496;15688.43359375;0;206.07687377929688;0;;0.4296875;70613909;m2;202644;0;
..\..\world\kalimdor\stonetalon\passivedoodads\treestumps\stonetreestump04.m2;17278.46484375;24.47774314880371;15594.8798828125;0;70.28170776367188;0;;0.4423828125;70613055;m2;202644;0;
..\..\world\kalimdor\stonetalon\passivedoodads\treestumps\stonetreestump04.m2;17319.3671875;-2.3792173862457275;15924.787109375;0;20.68865966796875;0;;0.4384765625;70612852;m2;202644;0;
..\..\world\kalimdor\stonetalon\passivedoodads\treestumps\stonetreestump04.m2;17392.294921875;14.301166534423828;15595.865234375;4.999974250793457;356.3634033203125;-4.999973773956299;;0.443359375;70614176;m2;202644;0;
..\..\world\kalimdor\stonetalon\passivedoodads\treestumps\stonetreestump04.m2;17288.134765625;-6.692162036895752;15902.525390625;20.9999942779541;179.0264892578125;-3.000007152557373;;0.3974609375;70614366;m2;202644;0;
..\..\world\kalimdor\stonetalon\passivedoodads\treestumps\stonetreestump04.m2;17129.630859375;8.801859855651855;15987.150390625;9.499983787536621;278.8067626953125;3.5000269412994385;;0.416015625;70612878;m2;202644;0;
..\..\world\generic\passivedoodads\misc\wheelbarrow\caveminewheelbarrow01.m2;17390.470703125;-8.541783332824707;15998.701171875;6.999997138977051;173.5;-0.9999831318855286;;1;70612847;m2;199886;0;
..\..\world\kalimdor\stonetalon\passivedoodads\treestumps\stonetreestump03.m2;17162.7578125;10.37765884399414;15692.27734375;-3.000007152557373;313.55938720703125;6.999997615814209;;0.2724609375;70612831;m2;202643;0;
..\..\world\azeroth\elwynn\passivedoodads\shovel\shovel.m2;17396.80078125;-9.162373542785645;15997.1240234375;17.50002098083496;201.99998474121094;2.499985933303833;;1;70613635;m2;189854;0;
..\..\world\generic\human\passivedoodads\miningsifters\miningsifter01.m2;17398.15234375;-8.906140327453613;15997.521484375;0;0;0;;1;70612829;m2;198351;0;
..\..\world\generic\human\passivedoodads\buckets\bucket.m2;17400.126953125;-8.824323654174805;15997.87109375;0;0;0;;1;70612605;m2;198068;0;
..\..\world\generic\human\passivedoodads\buckets\cavekoboldbucket.m2;17395.21484375;-8.904275894165039;15997.35546875;0;0;0;;1;70614215;m2;198069;0;
..\..\world\wmo\kalimdor\collidabledoodads\stonetalon\landingpad\landingpad01.wmo;17069.18359375;24.55682945251465;15630.7373046875;0;222.99996948242188;0;0;1;70612532;wmo;113329;0;Set_$DefaultGlobal
..\..\world\wmo\azeroth\buildings\duskwood_lumbermill\duskwood_lumbermill.wmo;17070.876953125;-5.7415452003479;15811.916015625;0;147;0;0;1;70613826;wmo;106759;0;Set_$DefaultGlobal
