ModelFile;PositionX;PositionY;PositionZ;RotationX;RotationY;RotationZ;RotationW;ScaleFactor;ModelId;Type;FileDataID;DoodadSetIndexes;DoodadSetNames
..\..\world\kalimdor\kalidar\passivedoodads\kalidartrees\kalidartree01.m2;20528.365234375;52.26011276245117;14729.02734375;0;136.5;0;;1.099609375;274003;m2;202050;0;
..\..\world\kalimdor\kalidar\passivedoodads\kalidartrees\kalidartree01.m2;20554.48046875;58.96583938598633;14533.30078125;0;41;0;;1;573876;m2;202050;0;
..\..\world\kalimdor\kalidar\passivedoodads\kalidartrees\kalidartree01.m2;20621.8828125;108.16069030761719;14245.1640625;0;216.5;0;;1;274007;m2;202050;0;
..\..\world\kalimdor\kalidar\passivedoodads\kalidartrees\kalidartree01.m2;20604.87890625;109.95298767089844;15099.544921875;0;329;0;;1;274029;m2;202050;0;
..\..\world\kalimdor\kalidar\passivedoodads\kalidartrees\kalidartree01.m2;20106.638671875;120.93289184570312;14607.13671875;0;64.5;0;;1;273990;m2;202050;0;
..\..\world\kalimdor\kalidar\passivedoodads\kalidartrees\kalidartree01.m2;20284.8125;153.24525451660156;14276.3916015625;0;15;0;;1;273999;m2;202050;0;
..\..\world\kalimdor\kalidar\passivedoodads\kalidartrees\kalidartree01.m2;20743.822265625;89.7442398071289;14280.7294921875;0;273.5;0;;1;274009;m2;202050;0;
..\..\world\kalimdor\kalidar\passivedoodads\kalidartrees\kalidartree01.m2;20122.177734375;126.90509796142578;14685.99609375;0;0;0;;1;273991;m2;202050;0;
..\..\world\kalimdor\kalidar\passivedoodads\kalidartrees\kalidartree01.m2;20698.34375;44.55638122558594;14598.0458984375;0;0;0;;1;274006;m2;202050;0;
..\..\world\kalimdor\kalidar\passivedoodads\kalidartrees\kalidartree01.m2;20421.822265625;101.90499877929688;14940.90234375;0;0;0;;1;274027;m2;202050;0;
..\..\world\kalimdor\kalidar\passivedoodads\kalidartrees\kalidartree01.m2;20522.9375;82.27279663085938;14973.40234375;0;0;0;;1;274030;m2;202050;0;
..\..\world\kalimdor\kalidar\passivedoodads\kalidartrees\kalidartree07.m2;20225.619140625;159.0632781982422;14385.708984375;0;41;0;;1;275339;m2;202056;0;
..\..\world\kalimdor\kalidar\passivedoodads\kalidartrees\kalidartree07.m2;20335.216796875;92.32592010498047;14981.26171875;0;33.5;0;;1;275681;m2;202056;0;
..\..\world\kalimdor\kalidar\passivedoodads\kalidartrees\kalidartree07.m2;20677.14453125;50.68310546875;14559.8134765625;0;0;0;;1;275332;m2;202056;0;
..\..\world\kalimdor\kalidar\passivedoodads\kalidartrees\kalidartree07.m2;20407.89453125;106.3994369506836;14925.8427734375;0;359.5;0;;1;275668;m2;202056;0;
..\..\world\kalimdor\kalidar\passivedoodads\kalidartrees\kalidartree02.m2;20593.69140625;110.0736083984375;14356.9384765625;0;56.5;0;;1;275252;m2;202051;0;
..\..\world\kalimdor\kalidar\passivedoodads\kalidartrees\kalidartree02.m2;20617.728515625;39.96077346801758;14890.333984375;0;219;0;;1;275709;m2;202051;0;
..\..\world\kalimdor\kalidar\passivedoodads\kalidartrees\kalidartree07.m2;20575.892578125;46.64830780029297;14863.181640625;0;0;0;;0.859375;275338;m2;202056;0;
..\..\world\kalimdor\kalidar\passivedoodads\kalidartrees\kalidartree04.m2;20536.03515625;79.4349136352539;14530.990234375;0;324;0;;1.2294921875;275780;m2;202053;0;
..\..\world\kalimdor\kalidar\passivedoodads\kalidartrees\kalidartree03.m2;20714.70703125;45.717613220214844;14625.431640625;-0.5000001192092896;180.5;-6.000001430511475;;1;275333;m2;202052;0;
..\..\world\kalimdor\azshara\passivedoodads\trees\azr_tree03.m2;20806.791015625;60.96310806274414;14828.2861328125;0;0;0;;1;332794;m2;201334;0;
..\..\world\critter\birds\bird02.m2;20754.958984375;81.40672302246094;14542.9208984375;0;282.22998046875;0;;1.26171875;572768;m2;190720;0;
..\..\world\kalimdor\stonetalon\passivedoodads\trees\stonetreelog03.m2;20493.51171875;91.35383605957031;14847.51171875;6.000000476837158;160;-6.500000476837158;;2.51953125;561840;m2;202635;0;
..\..\world\kalimdor\kalidar\passivedoodads\kalidartrees\kalidartree04.m2;20575.53515625;52.620216369628906;14768.7548828125;0;0;0;;1;275707;m2;202053;0;
..\..\world\kalimdor\kalidar\passivedoodads\kalidartrees\kalidartree04.m2;20610.767578125;120.8837890625;14404.0478515625;0;0;0;;1;275272;m2;202053;0;
..\..\world\kalimdor\kalidar\passivedoodads\kalidartrees\kalidartree04.m2;20341.8515625;109.58506774902344;14915.8642578125;0;0;0;;1;275683;m2;202053;0;
..\..\world\kalimdor\kalidar\passivedoodads\kalidartrees\kalidartree04.m2;20546.6875;83.27297973632812;14955.990234375;0;0;0;;1;275688;m2;202053;0;
..\..\world\kalimdor\kalidar\passivedoodads\kalidartrees\kalidartree04.m2;20573.8671875;56.80887985229492;14854.388671875;0;0;0;;1;275703;m2;202053;0;
..\..\world\kalimdor\kalidar\passivedoodads\kalidartrees\kalidartree04.m2;20594.037109375;53.51923751831055;14808.419921875;0;0;0;;1;275706;m2;202053;0;
..\..\world\kalimdor\kalidar\passivedoodads\kalidartrees\kalidartree04.m2;20569.923828125;61.63811492919922;14504.2685546875;0;89.5;0;;1;275331;m2;202053;0;
..\..\world\kalimdor\kalidar\passivedoodads\kalidartrees\kalidartree04.m2;20652.5703125;45.27789306640625;14720.3359375;0;0;0;;1;275334;m2;202053;0;
..\..\world\kalimdor\kalidar\passivedoodads\kalidartrees\kalidartree04.m2;20550.697265625;49.83067321777344;14744.7490234375;0;0;0;;1;275336;m2;202053;0;
..\..\world\kalimdor\kalidar\passivedoodads\kalidartrees\kalidartree04.m2;20566.8046875;58.25994873046875;14928.30859375;0;0;0;;1;275704;m2;202053;0;
..\..\world\kalimdor\kalidar\passivedoodads\kalidartrees\kalidartree04.m2;20623.5859375;40.504764556884766;14875.1484375;0;0;0;;1;275710;m2;202053;0;
..\..\world\kalimdor\stonetalon\passivedoodads\trees\stonetreelog03.m2;20508.083984375;103.17505645751953;14833.4921875;43.5;342;5;;2.51953125;561841;m2;202635;0;
..\..\world\critter\birds\bird02.m2;20762.015625;69.87417602539062;14750.7509765625;0;242.9778594970703;0;;1.2099609375;572766;m2;190720;0;
..\..\world\kalimdor\stonetalon\passivedoodads\trees\stonetreelog03.m2;20524.98046875;104.00955963134766;14849.748046875;45;356.5;8.5;;2.51953125;561850;m2;202635;0;
..\..\world\kalimdor\ashenvale\passivedoodads\ashenvalestumps\ashenvaletreestump04.m2;20231.673828125;164.96546936035156;14472.271484375;11.500000953674316;56.5;-0.5000007152557373;;0.8798828125;562324;m2;201214;0;
..\..\world\kalimdor\azshara\passivedoodads\trees\azr_tree02.m2;20804.044921875;51.264366149902344;14705.5498046875;0;0;0;;0.76953125;332797;m2;201333;0;
..\..\world\kalimdor\azshara\passivedoodads\trees\azr_tree03.m2;20807.060546875;62.67782211303711;14622.8203125;0;0;0;;0.7890625;332775;m2;201334;0;
..\..\world\kalimdor\ashenvale\passivedoodads\ashenvalestumps\ashenvaletreestump04.m2;20432.22265625;99.36888885498047;14699.5615234375;0;349.5;0;;1;573961;m2;201214;0;
..\..\world\kalimdor\kalidar\passivedoodads\kalidartrees\kalidartree02.m2;20534.205078125;67.88763427734375;14697.62109375;0;11.5;0;;0.58984375;345294;m2;202051;0;
..\..\world\kalimdor\azshara\passivedoodads\trees\azr_tree01.m2;20812.154296875;67.93673706054688;14932.4091796875;0;0;0;;0.4091796875;332786;m2;201332;0;
..\..\world\critter\birds\bird02.m2;20552.20703125;114.46932220458984;14658.9853515625;0;16.5;0;;1;278747;m2;190720;0;
..\..\world\kalimdor\ashenvale\passivedoodads\ashenvalestumps\ashenvaletreestump04.m2;20582.7734375;108.63760375976562;14386.576171875;0;4;0;;1;464993;m2;201214;0;
..\..\world\kalimdor\ashenvale\passivedoodads\ashenvalestumps\ashenvaletreestump04.m2;20281.099609375;137.81321716308594;14495.5830078125;0;3;0;;1.009765625;561749;m2;201214;0;
..\..\world\kalimdor\ashenvale\passivedoodads\ashenvalestumps\ashenvaletreestump04.m2;20318.884765625;135.10218811035156;14383.0771484375;0;3;0;;1.009765625;561757;m2;201214;0;
..\..\world\kalimdor\ashenvale\passivedoodads\ashenvalestumps\ashenvaletreestump04.m2;20455.6015625;113.69680786132812;14384.2685546875;0;4;0;;0.9892578125;574171;m2;201214;0;
..\..\world\critter\birds\bird02.m2;20559.34765625;108.89885711669922;14674.0966796875;0;27.5;0;;1;277304;m2;190720;0;
..\..\world\critter\birds\bird02.m2;20599.44140625;124.48615264892578;14565.27734375;0;92;0;;1;277305;m2;190720;0;
..\..\world\kalimdor\ashenvale\passivedoodads\ashenvalestumps\ashenvaletreestump04.m2;20267.41015625;105.8403091430664;14617.5966796875;0;3;0;;1;464992;m2;201214;0;
..\..\world\critter\birds\bird02.m2;20592.75390625;132.52737426757812;14573.8779296875;0;0;0;;1;277306;m2;190720;0;
..\..\world\critter\birds\bird02.m2;20455.658203125;128.27931213378906;14520.2265625;0;0;0;;1;277308;m2;190720;0;
..\..\world\critter\birds\bird02.m2;20551.201171875;112.5189437866211;14600.498046875;0;149.5;0;;1;278748;m2;190720;0;
..\..\world\kalimdor\ashenvale\passivedoodads\ashenvalestumps\ashenvaletreestump04.m2;20402.162109375;108.87248992919922;14553.611328125;0;1.5;0;;1;573959;m2;201214;0;
..\..\world\critter\birds\bird02.m2;20633.5078125;125.921630859375;14700.775390625;0;146.5;0;;1;277307;m2;190720;0;
..\..\world\critter\birds\bird02.m2;20796.130859375;48.16661071777344;14541.123046875;0;178.508544921875;0;;0.93359375;572767;m2;190720;0;
..\..\world\critter\birds\bird02.m2;20499.18359375;130.55007934570312;14565.623046875;0;47.5;0;;1;277309;m2;190720;0;
..\..\world\kalimdor\kalidar\passivedoodads\kalidartrees\kalidartree04.m2;20559.98828125;47.762386322021484;14740.5703125;0;0;0;;0.6796875;275337;m2;202053;0;
..\..\world\kalimdor\kalidar\passivedoodads\kalidartrees\kalidartree04.m2;20596.201171875;53.51344680786133;14801.310546875;0;0;0;;0.6796875;275708;m2;202053;0;
..\..\world\kalimdor\stonetalon\passivedoodads\trees\stonetreelog01.m2;20521.173828125;106.3258285522461;14858.181640625;-18.5;31;13.499999046325684;;5.259765625;561853;m2;202633;0;
..\..\world\kalimdor\stonetalon\passivedoodads\trees\stonetreelog01.m2;20529.318359375;98.16374969482422;14863.8671875;63.499996185302734;13;-12.99999713897705;;4.939453125;561851;m2;202633;0;
..\..\world\kalimdor\kalidar\passivedoodads\kalidarroots\kalidarroots01.m2;20562.796875;34.922935485839844;14726.724609375;37.5;48;-34.500003814697266;;2.44921875;274967;m2;202038;0;
..\..\world\kalimdor\stonetalon\passivedoodads\trees\stonetreelog01.m2;20495.990234375;91.3459243774414;14875.1767578125;-17.500003814697266;181.5;0.4999999403953552;;4.7890625;561854;m2;202633;0;
..\..\world\critter\birds\bird02.m2;20693.66796875;59.38221740722656;14879.2705078125;0;297.6789855957031;0;;0.8076171875;572765;m2;190720;0;
..\..\world\critter\birds\bird02.m2;20758.1015625;77.32962799072266;14944.5498046875;0;156.2633056640625;0;;0.7802734375;572763;m2;190720;0;
..\..\world\generic\orc\passivedoodads\wagons\orcwagon06.m2;20393.724609375;105.53485870361328;14757.1083984375;1.5;98.5;1.5;;1.0693359375;574558;m2;199419;0;
..\..\world\kalimdor\kalidar\passivedoodads\kalidartrees\kalidartree04.m2;20656.45703125;48.45985794067383;14713.7861328125;0;304;0;;0.609375;275335;m2;202053;0;
..\..\world\kalimdor\stonetalon\passivedoodads\trees\stonetreelog01.m2;20514.0859375;94.89737701416016;14862.6240234375;33.5;314.4999694824219;-27.500003814697266;;4.939453125;561849;m2;202633;0;
..\..\world\kalimdor\stonetalon\passivedoodads\trees\stonetreelog01.m2;20504.1171875;103.79292297363281;14847.1484375;10.00000286102295;315.4999694824219;-27.4999942779541;;5.259765625;561852;m2;202633;0;
..\..\world\kalimdor\ashenvale\passivedoodads\ashenvalestumps\ashenvaletreestump04.m2;20251.876953125;106.9220962524414;14845.1455078125;0;85.5;0;;0.7392578125;561771;m2;201214;0;
..\..\world\kalimdor\kalidar\passivedoodads\kalidartrees\kalidartree04.m2;20567.896484375;57.51348114013672;14936.646484375;0;0;0;;0.58984375;275705;m2;202053;0;
..\..\world\kalimdor\kalidar\passivedoodads\kalidarroots\kalidarroots02.m2;20269.58984375;112.57145690917969;14845.8515625;55.49999237060547;85.5;-9.499999046325684;;2.5693359375;274965;m2;202039;0;
..\..\world\kalimdor\stonetalon\passivedoodads\trees\stonetreelog01.m2;20515.26953125;110.22966003417969;14834.728515625;3.500000476837158;346.5;4.999998569488525;;4.0390625;561845;m2;202633;0;
..\..\world\kalimdor\stonetalon\passivedoodads\trees\stonetreelog01.m2;20464.4375;93.03871154785156;14842.447265625;1.000000238418579;163;-10.000001907348633;;4.0390625;561846;m2;202633;0;
..\..\world\kalimdor\stonetalon\passivedoodads\trees\stonetreelog01.m2;20493.904296875;94.3263931274414;14859.1640625;-1.9999994039535522;147.5;5.500000476837158;;4.349609375;561848;m2;202633;0;
..\..\world\kalimdor\kalidar\passivedoodads\kalidarroots\kalidarroots01.m2;20341.732421875;133.4928741455078;14386.873046875;28;52;-25.499998092651367;;2.01953125;274983;m2;202038;0;
..\..\world\kalimdor\stonetalon\passivedoodads\trees\stonetreelog01.m2;20479.72265625;99.79879760742188;14826.5048828125;5.499999523162842;288;1.999999761581421;;4.0390625;561844;m2;202633;0;
..\..\world\kalimdor\azshara\passivedoodads\trees\azr_tree06.m2;20806.966796875;67.3401870727539;14939.0654296875;12.5;28;-9;;1;332785;m2;201337;0;
..\..\world\kalimdor\stonetalon\passivedoodads\trees\stonetreelog03.m2;20403.65625;97.27191162109375;14849.791015625;4.999999523162842;338;-0.5000002980232239;;1.359375;552468;m2;202635;0;
..\..\world\generic\human\passivedoodads\logmachines\logmachine02.m2;20336.033203125;104.0252914428711;14868.431640625;0;331.5;3.999999523162842;;1.7294921875;561838;m2;198332;0;
..\..\world\kalimdor\kalidar\passivedoodads\kalidarroots\kalidarroots01.m2;20439.138671875;93.59781646728516;14918.54296875;20.5;110.5;-17;;1.939453125;274956;m2;202038;0;
..\..\world\kalimdor\stonetalon\passivedoodads\trees\stonetreelog01.m2;20481.984375;92.87431335449219;14851.7841796875;10;166.5;-9;;3.689453125;561842;m2;202633;0;
..\..\world\kalimdor\azshara\passivedoodads\trees\azr_tree04.m2;20796.30078125;51.22726821899414;14702.1796875;0;319.5;0;;1.4794921875;332799;m2;201335;0;
..\..\world\generic\human\passivedoodads\logmachines\logmachine01.m2;20318.630859375;110.56163787841797;14771.0517578125;0;257;0;;1.4697265625;573883;m2;198331;0;
..\..\world\kalimdor\kalidar\passivedoodads\kalidarroots\kalidarroots01.m2;20637.080078125;101.27413940429688;14410.755859375;23.999996185302734;143.5;-18.999996185302734;;1.759765625;274980;m2;202038;0;
..\..\world\kalimdor\stonetalon\passivedoodads\trees\stonetreelog01.m2;20505.564453125;98.93155670166016;14845.0478515625;13.499998092651367;141.5;15.000001907348633;;4.0390625;561843;m2;202633;0;
..\..\world\kalimdor\kalidar\passivedoodads\kalidarroots\kalidarroots01.m2;20703.556640625;37.78242111206055;14630.6435546875;0;341;0;;1.9892578125;274971;m2;202038;0;
..\..\world\kalimdor\kalidar\passivedoodads\kalidarroots\kalidarroots01.m2;20461.9921875;94.50431823730469;14706.072265625;0;14;0;;1.9599609375;274632;m2;202038;0;
..\..\world\kalimdor\stonetalon\passivedoodads\trees\stonetreelog03.m2;20349.30859375;101.89373016357422;14661.18359375;16.499998092651367;40.2880859375;-4.500000476837158;;1.234375;574064;m2;202635;0;
..\..\world\kalimdor\stonetalon\passivedoodads\trees\stonetreelog01.m2;20482.4609375;90.93814849853516;14861.2490234375;0.9999990463256836;147.5;-10.000000953674316;;3.599609375;561847;m2;202633;0;
..\..\world\kalimdor\stonetalon\passivedoodads\trees\stonetreelog01.m2;20380.2890625;96.73808288574219;14836.107421875;0;172.5;3.500000238418579;;3.2294921875;561810;m2;202633;0;
..\..\world\kalimdor\stonetalon\passivedoodads\trees\stonetreelog01.m2;20322.953125;100.73330688476562;14847.912109375;6.999999523162842;67;-8.000001907348633;;3.2294921875;561811;m2;202633;0;
..\..\world\kalimdor\ashenvale\passivedoodads\ashenvalestumps\ashenvaletreestump01.m2;20317.76171875;97.04264068603516;14764.05859375;-7.000000476837158;14;-0.5000002980232239;;1.26953125;574175;m2;201211;0;
..\..\world\kalimdor\kalidar\passivedoodads\kalidarroots\kalidarroots01.m2;20617.681640625;108.8934326171875;14440.82421875;22.500003814697266;328.5;-7;;1.5390625;274981;m2;202038;0;
..\..\world\azeroth\elwynn\passivedoodads\cliffrocks\elwynncliffrock02.m2;20730.02734375;29.957773208618164;14878.8447265625;2;4.5625;24.499998092651367;;1.623046875;571935;m2;189716;0;
..\..\world\kalimdor\kalidar\passivedoodads\kalidarroots\kalidarroots01.m2;20632.919921875;65.61876678466797;14497.708984375;33.499996185302734;312;-27.499996185302734;;1.5791015625;274978;m2;202038;0;
..\..\world\generic\passivedoodads\particleemitters\ashenvalewisps.m2;20290.501953125;107.75546264648438;14818.2841796875;0;0;0;;1;279784;m2;199904;0;
..\..\world\kalimdor\kalidar\passivedoodads\kalidarroots\kalidarroots02.m2;20559.369140625;116.54991149902344;14405.0625;44.5;288;-10.500000953674316;;1.8291015625;274620;m2;202039;0;
..\..\world\kalimdor\stonetalon\passivedoodads\trees\stonetreelog01.m2;20322.734375;110.95011138916016;14636.822265625;-0.4999997913837433;33.5;-3.0000007152557373;;3.2294921875;552457;m2;202633;0;
..\..\world\kalimdor\kalidar\passivedoodads\kalidarroots\kalidarroots01.m2;20702.8359375;79.54660034179688;14499.8642578125;15.50000286102295;0;4;;1.6298828125;274977;m2;202038;0;
..\..\world\kalimdor\kalidar\passivedoodads\kalidarroots\kalidarroots01.m2;20447.857421875;118.82813262939453;14478.53515625;12;18;10;;1.509765625;275298;m2;202038;0;
..\..\world\kalimdor\stonetalon\passivedoodads\trees\stonetreelog01.m2;20424.5625;94.25924682617188;14866.1416015625;0;344;0;;2.9296875;552470;m2;202633;0;
..\..\world\khazmodan\wetlands\passivedoodads\bushes\wetlandshrub08.m2;20717.51953125;25.956392288208008;14923.041015625;0;90.18075561523438;0;;1.48828125;572389;m2;203491;0;
..\..\world\khazmodan\wetlands\passivedoodads\bushes\wetlandshrub08.m2;20806.212890625;15.037663459777832;14484.037109375;0;103.966796875;0;;1.4453125;572057;m2;203491;0;
..\..\world\kalimdor\stonetalon\passivedoodads\trees\stonetreelog03.m2;20538.44140625;108.53642272949219;14439.0888671875;6;263.3407897949219;-7.499998569488525;;1;573901;m2;202635;0;
..\..\world\kalimdor\kalidar\passivedoodads\kalidarroots\kalidarroots01.m2;20422.03515625;106.40592193603516;14538.2353515625;0;103;0;;1.6298828125;274627;m2;202038;0;
..\..\world\azeroth\elwynn\passivedoodads\cliffrocks\elwynncliffrock01.m2;20694.017578125;26.97831153869629;14745.0302734375;0;308.0400695800781;0;;1.3095703125;572026;m2;189715;0;
..\..\world\khazmodan\wetlands\passivedoodads\bushes\wetlandshrub08.m2;20741.51953125;22.22869873046875;14696.30859375;0;351.6155090332031;0;;1.4140625;572062;m2;203491;0;
..\..\world\kalimdor\stonetalon\passivedoodads\trees\stonetreelog03.m2;20374.55859375;127.200439453125;14493.701171875;8.000000953674316;94;10.50000286102295;;1;552459;m2;202635;0;
..\..\world\khazmodan\wetlands\passivedoodads\bushes\wetlandshrub08.m2;20762.724609375;23.734189987182617;14621.08984375;0;107.2652587890625;0;;1.40625;572086;m2;203491;0;
..\..\world\azeroth\redridge\passivedoodads\trees\redridgefallentree02moss.m2;20718.08203125;23.44862174987793;14740.994140625;1.5000001192092896;26.201934814453125;-9.000001907348633;;2.4443359375;571933;m2;190117;0;
..\..\world\kalimdor\kalidar\passivedoodads\kalidarroots\kalidarroots03.m2;20382.765625;118.11882781982422;14548.4921875;80.50000762939453;289.9999694824219;55.5000114440918;;3.9990234375;274629;m2;202040;0;
..\..\world\kalimdor\kalidar\passivedoodads\kalidarroots\kalidarroots01.m2;20301.96484375;139.7223663330078;14411.974609375;0;305.5;0;;1.5595703125;274982;m2;202038;0;
..\..\world\khazmodan\wetlands\passivedoodads\bushes\wetlandshrub08.m2;20665.51953125;36.60493087768555;14758.4072265625;0;63.90155029296875;0;;1.404296875;572074;m2;203491;0;
..\..\world\kalimdor\ashenvale\passivedoodads\ashenvalestumps\ashenvaletreestump02.m2;20306.7734375;139.28701782226562;14479.44921875;0;38;0;;1.01953125;561750;m2;201212;0;
..\..\world\kalimdor\ashenvale\passivedoodads\ashenvalestumps\ashenvaletreestump02.m2;20263.87890625;151.90264892578125;14472.341796875;0;38;0;;1.01953125;561761;m2;201212;0;
..\..\world\kalimdor\ashenvale\passivedoodads\ashenvalestumps\ashenvaletreestump01.m2;20395.62109375;120.9354019165039;14529.0146484375;0;332;0;;1;464716;m2;201211;0;
..\..\world\kalimdor\kalidar\passivedoodads\kalidartrees\kalidartree05.m2;20601.81640625;47.12457275390625;14734.0791015625;0;0;0;;1.5498046875;276254;m2;202054;0;
..\..\world\kalimdor\kalidar\passivedoodads\kalidarroots\kalidarroots01.m2;20639.6953125;31.19715118408203;14894.73046875;26.9999942779541;121.50003051757812;-14.999995231628418;;1.3994140625;276164;m2;202038;0;
..\..\world\khazmodan\wetlands\passivedoodads\bushes\wetlandshrub08.m2;20647.712890625;35.36124801635742;14813.3310546875;0;81.14111328125;0;;1.33984375;572079;m2;203491;0;
..\..\world\kalimdor\kalidar\passivedoodads\kalidarroots\kalidarroots01.m2;20290.25;142.15603637695312;14446.962890625;9;92.5;-10.999998092651367;;1.4892578125;275302;m2;202038;0;
..\..\world\azeroth\elwynn\passivedoodads\cliffrocks\elwynncliffrock01.m2;20754.25390625;20.850502014160156;14683.9052734375;0;338.9328308105469;0;;1.291015625;572025;m2;189715;0;
..\..\world\kalimdor\kalidar\passivedoodads\kalidartrees\kalidartree05.m2;20667.314453125;57.53164291381836;14554.9716796875;0;28;0;;1.4892578125;276207;m2;202054;0;
..\..\world\kalimdor\kalidar\passivedoodads\kalidarroots\kalidarroots01.m2;20726.6875;41.8797607421875;14618.9521484375;9.50000286102295;33.5;-50.5;;1.2998046875;274970;m2;202038;0;
..\..\world\kalimdor\kalidar\passivedoodads\kalidarroots\kalidarroots01.m2;20753.255859375;66.05741882324219;14458.2646484375;10.5;73.5;-31.000001907348633;;1.359375;276231;m2;202038;0;
..\..\world\kalimdor\ashenvale\passivedoodads\ashenvalestumps\ashenvaletreestump02.m2;20451.416015625;118.1373062133789;14417.5517578125;0;38;0;;0.9599609375;561753;m2;201212;0;
..\..\world\kalimdor\kalidar\passivedoodads\kalidarroots\kalidarroots01.m2;20695.537109375;89.52377319335938;14402.1748046875;21.000001907348633;130;-0.9999988079071045;;1.33984375;276230;m2;202038;0;
..\..\world\kalimdor\kalidar\passivedoodads\kalidarroots\kalidarroots01.m2;20711.65625;79.84586334228516;14454.6767578125;29.499998092651367;134.5;-2.999998092651367;;1.33984375;274979;m2;202038;0;
..\..\world\kalimdor\kalidar\passivedoodads\kalidarroots\kalidarroots02.m2;20571.22265625;50.10675048828125;14902.5029296875;45;109;28.999990463256836;;1.5390625;276175;m2;202039;0;
..\..\world\kalimdor\kalidar\passivedoodads\kalidarbushes\kalidarbush02.m2;20521.72265625;96.51444244384766;14876.3017578125;0;279;0;;1.869140625;275795;m2;202022;0;
..\..\world\khazmodan\wetlands\passivedoodads\bushes\wetlandshrub08.m2;20718.228515625;26.740625381469727;14863.322265625;0;36.51025390625;0;;1.36328125;572070;m2;203491;0;
..\..\world\kalimdor\kalidar\passivedoodads\kalidarroots\kalidarroots01.m2;20281.830078125;110.53604888916016;14594.193359375;3.500000238418579;96;-0.5000001788139343;;1.439453125;275004;m2;202038;0;
..\..\world\kalimdor\kalidar\passivedoodads\kalidartrees\kalidartree05.m2;20577.41015625;47.27504348754883;14905.208984375;0;0;0;;1.419921875;276184;m2;202054;0;
..\..\world\kalimdor\ashenvale\passivedoodads\ashenvalestumps\ashenvaletreestump02.m2;20254.388671875;110.55171966552734;14820.2802734375;0;290;0;;0.9892578125;574172;m2;201212;0;
..\..\world\kalimdor\stonetalon\passivedoodads\trees\stonetreelog01.m2;20331.009765625;100.9440689086914;14841.9072265625;77.50001525878906;58.5;-4.000006198883057;;2.4892578125;561812;m2;202633;0;
..\..\world\kalimdor\azshara\passivedoodads\trees\azr_tree04.m2;20769.82421875;58.98888397216797;14885.5048828125;0;0;0;;1;332784;m2;201335;0;
..\..\world\kalimdor\ashenvale\passivedoodads\ashenvalestumps\ashenvaletreestump01.m2;20397.55859375;109.9988784790039;14584.2041015625;0;77.5;0;;1;464717;m2;201211;0;
..\..\world\kalimdor\kalidar\passivedoodads\kalidarbushes\kalidarbush02.m2;20527.76953125;97.30435943603516;14842.02734375;0;0;0;;1.7998046875;275796;m2;202022;0;
..\..\world\kalimdor\kalidar\passivedoodads\kalidarroots\kalidarroots01.m2;20713.0859375;59.25325012207031;14523.513671875;0;258;0;;1.3994140625;276232;m2;202038;0;
..\..\world\khazmodan\wetlands\passivedoodads\bushes\wetlandshrub08.m2;20798.87890625;16.971939086914062;14450.0732421875;0;59.7203369140625;0;;1.263671875;572088;m2;203491;0;
..\..\world\azeroth\redridge\passivedoodads\trees\redridgefallentree02moss.m2;20672.158203125;33.00187683105469;14913.974609375;3.0000009536743164;73.34011840820312;-8.5;;2.0478515625;572645;m2;190117;0;
..\..\world\kalimdor\kalidar\passivedoodads\kalidarroots\kalidarroots03.m2;20409.4140625;99.38053131103516;14714.6796875;61.000003814697266;348.5;38.5000114440918;;3.26953125;274631;m2;202040;0;
..\..\world\khazmodan\wetlands\passivedoodads\bushes\wetlandshrub08.m2;20680.5078125;35.17298126220703;14736.8642578125;0;74.23541259765625;0;;1.208984375;572076;m2;203491;0;
..\..\world\kalimdor\kalidar\passivedoodads\kalidartrees\kalidartree05.m2;20618.53125;92.76539611816406;14690.9736328125;0;0;0;;1.3798828125;276489;m2;202054;0;
..\..\world\kalimdor\ashenvale\passivedoodads\ashenvalestumps\ashenvaletreestump02.m2;20590.005859375;90.33975982666016;14696.8896484375;0;15;0;;1;464733;m2;201212;0;
..\..\world\khazmodan\wetlands\passivedoodads\bushes\wetlandshrub08.m2;20660.86328125;35.09476852416992;14786.537109375;0;61.83953857421875;0;;1.2412109375;572077;m2;203491;0;
..\..\world\kalimdor\kalidar\passivedoodads\kalidarroots\kalidarroots01.m2;20621.64453125;43.18152618408203;14728.5830078125;8.499998092651367;259.5;6;;1.2998046875;276178;m2;202038;0;
..\..\world\kalimdor\kalidar\passivedoodads\kalidarroots\kalidarroots02.m2;20601.357421875;48.40004348754883;14798.259765625;39.500003814697266;102;-16.500003814697266;;1.419921875;276176;m2;202039;0;
..\..\world\khazmodan\wetlands\passivedoodads\bushes\wetlandshrub08.m2;20707.375;26.547143936157227;14813.076171875;0;15.81982421875;0;;1.1845703125;572068;m2;203491;0;
..\..\world\kalimdor\ashenvale\passivedoodads\ashenvalestumps\ashenvaletreestump02.m2;20254.1328125;103.11463165283203;14870.6416015625;0;35.5;0;;0.8798828125;561776;m2;201212;0;
..\..\world\kalimdor\kalidar\passivedoodads\kalidarroots\kalidarroots03.m2;20691.40625;47.51536560058594;14576.2998046875;81.9999771118164;206.49989318847656;47.99992370605469;;3.4990234375;274972;m2;202040;0;
..\..\world\kalimdor\kalidar\passivedoodads\kalidarroots\kalidarroots01.m2;20279.455078125;105.78650665283203;14668.4541015625;0;104;0;;1.33984375;275007;m2;202038;0;
..\..\world\khazmodan\wetlands\passivedoodads\bushes\wetlandshrub08.m2;20730.603515625;26.258630752563477;14826.7978515625;0;228.9143524169922;0;;1.3154296875;572069;m2;203491;0;
..\..\world\kalimdor\kalidar\passivedoodads\kalidarroots\kalidarroots03.m2;20289.669921875;144.07569885253906;14479.869140625;88.00011444091797;320.9998779296875;-163.00009155273438;;3.6591796875;274988;m2;202040;0;
..\..\world\kalimdor\ashenvale\passivedoodads\ashenvalestumps\ashenvaletreestump01.m2;20279.001953125;148.9034423828125;14391.318359375;0;172;0;;1;562326;m2;201211;0;
..\..\world\kalimdor\stonetalon\passivedoodads\trees\stonetreelog02.m2;20494.044921875;104.02250671386719;14498.4833984375;20.500001907348633;51.80218505859375;1.0000015497207642;;1.404296875;574066;m2;202634;0;
..\..\world\kalimdor\ashenvale\passivedoodads\ashenvalestumps\ashenvaletreestump02.m2;20277.47265625;103.93382263183594;14847.2490234375;0;30;0;;0.869140625;561773;m2;201212;0;
..\..\world\kalimdor\stonetalon\passivedoodads\trees\stonetreelog01.m2;20428.416015625;109.24331665039062;14516.1279296875;-28.000001907348633;24.5;-61.000003814697266;;2.4697265625;552466;m2;202633;0;
..\..\world\kalimdor\stonetalon\passivedoodads\trees\stonetreelog01.m2;20431.166015625;110.50543212890625;14510.4560546875;-28.0000057220459;45.5;-61.000003814697266;;2.4697265625;552467;m2;202633;0;
..\..\world\kalimdor\ashenvale\passivedoodads\ashenvalestumps\ashenvaletreestump02.m2;20315.775390625;100.84889221191406;14776.5478515625;-1.499998927116394;113.5;-12.000000953674316;;0.859375;552403;m2;201212;0;
..\..\world\kalimdor\ashenvale\passivedoodads\ashenvalestumps\ashenvaletreestump01.m2;20373.69921875;113.13892364501953;14570.6748046875;0;152;0;;0.83984375;561754;m2;201211;0;
..\..\world\kalimdor\kalidar\passivedoodads\kalidarbushes\kalidarbush02.m2;20443.259765625;103.26448822021484;14921.681640625;0;0;0;;1.689453125;278438;m2;202022;0;
..\..\world\kalimdor\kalidar\passivedoodads\kalidarroots\kalidarroots03.m2;20445.17578125;102.47547912597656;14721.5390625;85.00000762939453;174.5;146.00001525878906;;3.4296875;274959;m2;202040;0;
..\..\world\khazmodan\wetlands\passivedoodads\bushes\wetlandshrub08.m2;20729.146484375;25.853723526000977;14659.0361328125;0;52.08465576171875;0;;1.2431640625;572085;m2;203491;0;
..\..\world\kalimdor\kalidar\passivedoodads\kalidarroots\kalidarroots01.m2;20323.974609375;106.613037109375;14938.9580078125;0;316;0;;1.3193359375;278569;m2;202038;0;
..\..\world\kalimdor\kalidar\passivedoodads\kalidarroots\kalidarroots01.m2;20475.291015625;114.40370178222656;14479.7607421875;0;71.5;0;;1.26953125;275300;m2;202038;0;
..\..\world\kalimdor\kalidar\passivedoodads\kalidarroots\kalidarroots03.m2;20420.669921875;111.28280639648438;14575.025390625;90;17.5;0;;3.69921875;274628;m2;202040;0;
..\..\world\kalimdor\ashenvale\passivedoodads\ashenvalestumps\ashenvaletreestump02.m2;20277.638671875;109.1405029296875;14743.8134765625;0;335.5;0;;0.869140625;552405;m2;201212;0;
..\..\world\kalimdor\kalidar\passivedoodads\kalidarbushes\kalidarbush02.m2;20588.86328125;92.07041931152344;14680.19921875;0;0;0;;1.6591796875;276477;m2;202022;0;
..\..\world\khazmodan\wetlands\passivedoodads\bushes\wetlandshrub08.m2;20641.533203125;35.2131233215332;14847.521484375;0;82.25558471679688;0;;1.109375;572072;m2;203491;0;
..\..\world\khazmodan\wetlands\passivedoodads\bushes\wetlandshrub08.m2;20786.7578125;18.98210906982422;14550.681640625;0;268.0775146484375;0;;1.1259765625;572058;m2;203491;0;
..\..\world\khazmodan\wetlands\passivedoodads\bushes\wetlandshrub08.m2;20690.87890625;35.45558547973633;14716.0458984375;0;56.12548828125;0;;1.1748046875;572075;m2;203491;0;
..\..\world\kalimdor\kalidar\passivedoodads\kalidarbushes\kalidarbush02.m2;20658.5859375;49.41397476196289;14711.3291015625;0;0;0;;1.6298828125;276196;m2;202022;0;
..\..\world\kalimdor\kalidar\passivedoodads\kalidarroots\kalidarroots02.m2;20419.953125;119.085693359375;14387.763671875;12.000000953674316;341;-3.000000238418579;;1.3193359375;274625;m2;202039;0;
..\..\world\kalimdor\ashenvale\passivedoodads\ashenvalestumps\ashenvaletreestump02.m2;20428.255859375;119.98716735839844;14406.9755859375;0;56;0;;0.8095703125;464767;m2;201212;0;
..\..\world\khazmodan\wetlands\passivedoodads\bushes\wetlandshrub08.m2;20752.427734375;20.602903366088867;14652.6396484375;0;44.3043212890625;0;;1.2548828125;572061;m2;203491;0;
..\..\world\khazmodan\wetlands\passivedoodads\bushes\wetlandshrub08.m2;20653.1171875;35.916812896728516;14788.0322265625;0;246.71298217773438;0;;1.091796875;572078;m2;203491;0;
..\..\world\kalimdor\kalidar\passivedoodads\kalidarroots\kalidarroots03.m2;20301.83203125;135.75393676757812;14512.5419921875;81.49998474121094;100.99993896484375;56.999961853027344;;3.19921875;274989;m2;202040;0;
..\..\world\kalimdor\kalidar\passivedoodads\kalidarroots\kalidarroots02.m2;20308.87109375;140.24520874023438;14457.5205078125;0;95.5;0;;1.4599609375;274991;m2;202039;0;
..\..\world\kalimdor\ashenvale\passivedoodads\ashenvalestumps\ashenvaletreestump02.m2;20384.244140625;100.36296081542969;14736.5673828125;0;254.5;0;;0.869140625;552446;m2;201212;0;
..\..\world\azeroth\elwynn\passivedoodads\cliffrocks\elwynncliffrock02.m2;20695.072265625;25.68018913269043;14840.8603515625;0;153.63751220703125;0;;0.97265625;571934;m2;189716;0;
..\..\world\kalimdor\kalidar\passivedoodads\kalidarroots\kalidarroots03.m2;20248.482421875;161.86647033691406;14467.8642578125;81.99999237060547;280.5;-151;;3.1396484375;274987;m2;202040;0;
..\..\world\kalimdor\ashenvale\passivedoodads\ashenvalestumps\ashenvaletreestump02.m2;20564.626953125;117.29988861083984;14411.0390625;0;325;0;;0.779296875;464772;m2;201212;0;
..\..\world\kalimdor\kalidar\passivedoodads\kalidarbushes\kalidarbush02.m2;20565.24609375;48.4903564453125;14720.8583984375;0;256.5;0;;1.5390625;276252;m2;202022;0;
..\..\world\kalimdor\darkshore\passivedoodads\ruins\darkshoreruinpillar01.m2;20785.53515625;26.386926651000977;14639.544921875;0;0;0;;1.6494140625;571585;m2;201553;0;
..\..\world\kalimdor\ashenvale\passivedoodads\ashenvalestumps\ashenvaletreestump01.m2;20471.27734375;104.22791290283203;14721.2109375;0;0;0;;1;464702;m2;201211;0;
..\..\world\kalimdor\ashenvale\passivedoodads\ashenvalestumps\ashenvaletreestump01.m2;20577.595703125;92.25586700439453;14564.666015625;0;0;0;;1;464720;m2;201211;0;
..\..\world\kalimdor\ashenvale\passivedoodads\ashenvalestumps\ashenvaletreestump01.m2;20591.173828125;112.33680725097656;14433.763671875;0;0;0;;1;464722;m2;201211;0;
..\..\world\kalimdor\kalidar\passivedoodads\kalidarroots\kalidarroots03.m2;20572.294921875;59.25540542602539;14513.583984375;83.50001525878906;149.00003051757812;35.500022888183594;;3.1796875;274974;m2;202040;0;
..\..\world\kalimdor\ashenvale\passivedoodads\ashenvalestumps\ashenvalestump01.m2;20559.71484375;106.88703155517578;14436.203125;0;74;0;;1;464696;m2;201208;0;
..\..\world\kalimdor\kalidar\passivedoodads\kalidarbushes\kalidarbush02.m2;20612.9609375;121.0911865234375;14397.494140625;0;0;0;;1.509765625;276300;m2;202022;0;
..\..\world\kalimdor\kalidar\passivedoodads\kalidarroots\kalidarroots03.m2;20321.9140625;141.28042602539062;14410.4248046875;81.99994659423828;55.49993896484375;50.49994659423828;;3.419921875;274986;m2;202040;0;
..\..\world\kalimdor\kalidar\passivedoodads\kalidarroots\kalidarroots03.m2;20274.853515625;147.90533447265625;14518.5302734375;69.00000762939453;359.5;38.500003814697266;;2.7197265625;274990;m2;202040;0;
..\..\world\kalimdor\kalidar\passivedoodads\kalidarroots\kalidarroots03.m2;20582.14453125;61.52128219604492;14531.478515625;83.00005340576172;88.5001220703125;14.00007152557373;;3.109375;274976;m2;202040;0;
..\..\world\kalimdor\kalidar\passivedoodads\kalidarbushes\kalidarbush02.m2;20654.103515625;62.14389419555664;14520.3759765625;0;0;0;;1.4990234375;276213;m2;202022;0;
..\..\world\kalimdor\ashenvale\passivedoodads\ashenvalestumps\ashenvaletreestump02.m2;20430.955078125;107.20054626464844;14668.2109375;0;0;0;;1;464698;m2;201212;0;
..\..\world\kalimdor\ashenvale\passivedoodads\ashenvalestumps\ashenvaletreestump02.m2;20454.98828125;105.68678283691406;14686.19921875;0;0;0;;1;464707;m2;201212;0;
..\..\world\kalimdor\ashenvale\passivedoodads\ashenvalestumps\ashenvaletreestump02.m2;20438.73828125;122.90110778808594;14465.66796875;0;0;0;;1;464715;m2;201212;0;
..\..\world\kalimdor\ashenvale\passivedoodads\ashenvalestumps\ashenvaletreestump02.m2;20552.47265625;92.18863677978516;14569.3427734375;0;0;0;;1;464719;m2;201212;0;
..\..\world\kalimdor\ashenvale\passivedoodads\ashenvalestumps\ashenvaletreestump02.m2;20462.6640625;117.63188934326172;14474.1357421875;0;0;0;;1;464724;m2;201212;0;
..\..\world\kalimdor\ashenvale\passivedoodads\ashenvalestumps\ashenvaletreestump02.m2;20289.07421875;108.25582122802734;14658.9921875;0;0;0;;1;464753;m2;201212;0;
..\..\world\kalimdor\ashenvale\passivedoodads\ashenvalestumps\ashenvaletreestump02.m2;20300.181640625;110.29566955566406;14627.013671875;0;0;0;;1;552418;m2;201212;0;
..\..\world\kalimdor\ashenvale\passivedoodads\ashenvalestumps\ashenvaletreestump02.m2;20341.181640625;140.22865295410156;14406.61328125;0;0;0;;1;561758;m2;201212;0;
..\..\world\kalimdor\kalidar\passivedoodads\kalidartrees\kalidartree05.m2;20560.9296875;46.340030670166016;14736.3017578125;0;233.5;0;;1.1494140625;276253;m2;202054;0;
..\..\world\kalimdor\kalidar\passivedoodads\kalidarroots\kalidarroots03.m2;20721.42578125;49.319114685058594;14585.3984375;56.99999237060547;146;40.99999237060547;;2.759765625;274973;m2;202040;0;
..\..\world\khazmodan\wetlands\passivedoodads\bushes\wetlandshrub08.m2;20765.578125;25.614744186401367;14599.791015625;0;348.4869079589844;0;;1;572060;m2;203491;0;
..\..\world\kalimdor\ashenvale\passivedoodads\ashenvalestumps\ashenvalestump01.m2;20534.14453125;91.1578598022461;14671.427734375;0;347.5;0;;1;464731;m2;201208;0;
..\..\world\khazmodan\wetlands\passivedoodads\bushes\wetlandshrub08.m2;20693.81640625;28.02250099182129;14901.291015625;9.5;42.55133056640625;-5.000000476837158;;1.1103515625;572080;m2;203491;0;
..\..\world\kalimdor\kalidar\passivedoodads\kalidarroots\kalidarroots01.m2;20407.9765625;126.26786041259766;14465.5009765625;0;88.5;0;;1.2099609375;275297;m2;202038;0;
..\..\world\kalimdor\kalidar\passivedoodads\kalidartrees\kalidartree06.m2;20336.5234375;110.27570343017578;14919.1103515625;0;0;0;;2.1494140625;278429;m2;202055;0;
..\..\world\kalimdor\kalidar\passivedoodads\kalidarroots\kalidarroots03.m2;20285.48828125;114.74951171875;14635.853515625;66.49999237060547;88;41.5;;2.5791015625;275003;m2;202040;0;
..\..\world\kalimdor\darkshore\passivedoodads\ruins\darkshoreruinwall01.m2;20735.8359375;24.249492645263672;14660.2841796875;0;169.626220703125;0;;1.2001953125;571932;m2;201558;0;
..\..\world\kalimdor\kalidar\passivedoodads\kalidarbushes\kalidarbush02.m2;20616.5078125;58.63899612426758;14532.5185546875;0;193;0;;1.4296875;276226;m2;202022;0;
..\..\world\kalimdor\ashenvale\passivedoodads\ashenvalestumps\ashenvaletreestump01.m2;20398.650390625;104.92268371582031;14704.447265625;0;283.5;0;;0.779296875;464699;m2;201211;0;
..\..\world\kalimdor\kalidar\passivedoodads\kalidarbushes\kalidarbush02.m2;20558.185546875;91.5837631225586;14573.1953125;0;359.5;0;;1.419921875;276481;m2;202022;0;
..\..\world\khazmodan\wetlands\passivedoodads\bushes\wetlandshrub08.m2;20652.478515625;35.199432373046875;14805.0546875;0;69.50323486328125;0;;0.9599609375;572073;m2;203491;0;
..\..\world\khazmodan\wetlands\passivedoodads\bushes\wetlandshrub08.m2;20675.41796875;29.48505973815918;14874.80859375;0.5;181.95376586914062;4.999999523162842;;0.9541015625;572082;m2;203491;0;
..\..\world\kalimdor\kalidar\passivedoodads\kalidarroots\kalidarroots03.m2;20471.6171875;120.26847076416016;14403.302734375;89.49954223632812;308.00018310546875;-81.0000228881836;;2.9794921875;274623;m2;202040;0;
..\..\world\khazmodan\wetlands\passivedoodads\bushes\wetlandshrub08.m2;20778.50390625;25.492801666259766;14519.6796875;0;74.71826171875;0;;0.9345703125;572087;m2;203491;0;
..\..\world\kalimdor\ashenvale\passivedoodads\ashenvalestumps\ashenvaletreestump02.m2;20431.177734375;101.56912994384766;14731.447265625;0;315;0;;0.689453125;464703;m2;201212;0;
..\..\world\generic\nightelf\passivedoodads\ruins\nightelfruins05.m2;20655.853515625;28.37704849243164;14877.2177734375;0;178.1827392578125;0;;1.70703125;571937;m2;198838;0;
..\..\world\khazmodan\wetlands\passivedoodads\bushes\wetlandshrub08.m2;20709.38671875;25.032093048095703;14771.458984375;0;281.93328857421875;0;;0.923828125;572065;m2;203491;0;
..\..\world\khazmodan\wetlands\passivedoodads\bushes\wetlandshrub08.m2;20736.8828125;24.278785705566406;14752.8291015625;0;236.03244018554688;0;;0.984375;572064;m2;203491;0;
..\..\world\kalimdor\stonetalon\passivedoodads\trees\stonetreelog02.m2;20495.890625;107.62937927246094;14490.130859375;-38.49999237060547;68.92874145507812;172.5;;1.01953125;574067;m2;202634;0;
..\..\world\kalimdor\kalidar\passivedoodads\kalidarroots\kalidarroots03.m2;20413.009765625;104.96543884277344;14919.7890625;87.00003814697266;217.0001983642578;27.000181198120117;;3.0595703125;274957;m2;202040;0;
..\..\world\kalimdor\ashenvale\passivedoodads\ashenvalestumps\ashenvaletreestump01.m2;20302.45703125;132.2709503173828;14526.9248046875;0;0;0;;0.8798828125;561748;m2;201211;0;
..\..\world\kalimdor\kalidar\passivedoodads\kalidarroots\kalidarroots03.m2;20260.427734375;106.26849365234375;14864.603515625;82.99999237060547;180;178.5;;3.0498046875;274966;m2;202040;0;
..\..\world\kalimdor\kalidar\passivedoodads\kalidarbushes\kalidarbush02.m2;20335.513671875;107.52194213867188;14911.9072265625;0;0;0;;1.33984375;278431;m2;202022;0;
..\..\world\kalimdor\ashenvale\passivedoodads\ashenvalestumps\ashenvaletreestump02.m2;20450.208984375;102.6845474243164;14934.2958984375;0;11.5;0;;0.76953125;464747;m2;201212;0;
..\..\world\kalimdor\ashenvale\passivedoodads\ashenvalestumps\ashenvaletreestump02.m2;20274.59765625;102.40812683105469;14856.6748046875;0;35.5;0;;0.669921875;561775;m2;201212;0;
..\..\world\kalimdor\kalidar\passivedoodads\kalidarroots\kalidarroots01.m2;20425.25;124.29733276367188;14497.966796875;0;301.5;0;;1;275299;m2;202038;0;
..\..\world\kalimdor\kalidar\passivedoodads\kalidarroots\kalidarroots01.m2;20394.142578125;118.71832275390625;14513.80859375;7.000000476837158;167.5;20.500003814697266;;1;275301;m2;202038;0;
..\..\world\khazmodan\wetlands\passivedoodads\bushes\wetlandshrub08.m2;20693.875;26.517709732055664;14859.943359375;0;71.9931640625;0;;0.8916015625;572071;m2;203491;0;
..\..\world\khazmodan\wetlands\passivedoodads\bushes\wetlandshrub08.m2;20673.580078125;29.604042053222656;14827.3740234375;-0.49999967217445374;146.74884033203125;8.5;;0.9296875;572083;m2;203491;0;
..\..\world\kalimdor\stonetalon\passivedoodads\trees\stonetreelog02.m2;20380.955078125;127.65009307861328;14486.5048828125;-0.5000001192092896;94.5;3.9999990463256836;;1;552460;m2;202634;0;
..\..\world\kalimdor\kalidar\passivedoodads\kalidartreestumps\kalidartreestump01.m2;20625.474609375;115.91896057128906;14426.05859375;0;240.5;0;;2.419921875;275277;m2;202059;0;
..\..\world\kalimdor\kalidar\passivedoodads\kalidarroots\kalidarroots01.m2;20365.16796875;118.19168853759766;14906.779296875;0;72;0;;1;278568;m2;202038;0;
..\..\world\kalimdor\stonetalon\passivedoodads\trees\stonetreelog02.m2;20398.119140625;106.20250701904297;14754.052734375;-6.500000953674316;8.5;-3.500000238418579;;1;574559;m2;202634;0;
..\..\world\kalimdor\stonetalon\passivedoodads\trees\stonetreelog02.m2;20453.763671875;102.27942657470703;14575.373046875;-82.49998474121094;112.91049194335938;-55.49994659423828;;1.0146484375;574062;m2;202634;0;
..\..\world\khazmodan\wetlands\passivedoodads\bushes\wetlandshrub08.m2;20727.171875;25.662471771240234;14711.94921875;-3;206.51853942871094;16.999998092651367;;0.900390625;572063;m2;203491;0;
..\..\world\khazmodan\wetlands\passivedoodads\bushes\wetlandshrub08.m2;20693.501953125;27.109573364257812;14789.9765625;0;154.59332275390625;0;;0.896484375;572067;m2;203491;0;
..\..\world\kalimdor\kalidar\passivedoodads\kalidarbushes\kalidarbush02.m2;20582.888671875;46.50233840942383;14866.5791015625;0;0;0;;1.2998046875;276237;m2;202022;0;
..\..\world\kalimdor\kalidar\passivedoodads\kalidarbushes\kalidarbush02.m2;20561.572265625;92.41262817382812;14685.3642578125;0;0;0;;1.2998046875;276487;m2;202022;0;
..\..\world\kalimdor\kalidar\passivedoodads\kalidartrees\kalidartree05.m2;20678.06640625;104.77644348144531;14434.638671875;0;0;0;;1;276265;m2;202054;0;
..\..\world\kalimdor\kalidar\passivedoodads\kalidartrees\kalidartree05.m2;20570.638671875;92.48855590820312;14602.1591796875;0;341;0;;1;276472;m2;202054;0;
..\..\world\kalimdor\kalidar\passivedoodads\kalidartrees\kalidartree05.m2;20571.25390625;92.23130798339844;14652.060546875;0;0;0;;1;276473;m2;202054;0;
..\..\world\kalimdor\kalidar\passivedoodads\kalidartrees\kalidartree05.m2;20585.8515625;92.08787536621094;14679.431640625;0;0;0;;1;276478;m2;202054;0;
..\..\world\kalimdor\kalidar\passivedoodads\kalidartrees\kalidartree05.m2;20598.84765625;92.07041931152344;14583.4296875;0;0;0;;1;276479;m2;202054;0;
..\..\world\kalimdor\kalidar\passivedoodads\kalidartrees\kalidartree05.m2;20405.232421875;104.5177993774414;14914.4921875;0;0;0;;1;278436;m2;202054;0;
..\..\world\kalimdor\kalidar\passivedoodads\kalidartrees\kalidartree05.m2;20625.0234375;40.837684631347656;14868.287109375;0;179.5;0;;1;276183;m2;202054;0;
..\..\world\kalimdor\kalidar\passivedoodads\kalidartrees\kalidartree05.m2;20644.998046875;49.677711486816406;14721.2841796875;0;0;0;;1;276194;m2;202054;0;
..\..\world\kalimdor\kalidar\passivedoodads\kalidartrees\kalidartree05.m2;20721.884765625;51.64624786376953;14580.744140625;0;0;0;;1;276206;m2;202054;0;
..\..\world\kalimdor\kalidar\passivedoodads\kalidartrees\kalidartree05.m2;20650.26953125;58.83251953125;14541.9658203125;0;0;0;;1;276211;m2;202054;0;
..\..\world\kalimdor\kalidar\passivedoodads\kalidartrees\kalidartree05.m2;20627.384765625;62.02955627441406;14504.8271484375;0;0;0;;1;276215;m2;202054;0;
..\..\world\kalimdor\kalidar\passivedoodads\kalidartrees\kalidartree05.m2;20578.263671875;61.75269317626953;14503.6904296875;0;0;0;;1;276220;m2;202054;0;
..\..\world\kalimdor\kalidar\passivedoodads\kalidartrees\kalidartree05.m2;20601.796875;61.69835662841797;14534.123046875;0;0;0;;1;276224;m2;202054;0;
..\..\world\kalimdor\kalidar\passivedoodads\kalidartrees\kalidartree05.m2;20575.955078125;58.25305938720703;14849.384765625;0;0;0;;1;276235;m2;202054;0;
..\..\world\kalimdor\kalidar\passivedoodads\kalidartrees\kalidartree05.m2;20600.333984375;50.54041290283203;14798.6240234375;0;0;0;;1;276241;m2;202054;0;
..\..\world\kalimdor\kalidar\passivedoodads\kalidartrees\kalidartree05.m2;20605.052734375;47.448333740234375;14735.3017578125;0;0;0;;1;276255;m2;202054;0;
..\..\world\kalimdor\kalidar\passivedoodads\kalidartrees\kalidartree05.m2;20618.052734375;43.082889556884766;14877.7978515625;0;0;0;;1;276180;m2;202054;0;
..\..\world\kalimdor\kalidar\passivedoodads\kalidartrees\kalidartree05.m2;20657.7734375;41.64168167114258;14724.58984375;0;0;0;;1;276197;m2;202054;0;
..\..\world\kalimdor\kalidar\passivedoodads\kalidartrees\kalidartree05.m2;20645.53125;110.071533203125;14453.857421875;0;0;0;;1;276290;m2;202054;0;
..\..\world\kalimdor\kalidar\passivedoodads\kalidartrees\kalidartree05.m2;20614.890625;121.98304748535156;14409.0673828125;0;0;0;;1;276301;m2;202054;0;
..\..\world\kalimdor\kalidar\passivedoodads\kalidartrees\kalidartree05.m2;20398.01953125;115.35032653808594;14924.130859375;0;0;0;;1;278435;m2;202054;0;
..\..\world\kalimdor\kalidar\passivedoodads\kalidartrees\kalidartree05.m2;20290.91015625;150.4195556640625;14441.291015625;0;0;0;;1;278361;m2;202054;0;
..\..\world\kalimdor\kalidar\passivedoodads\kalidartreestumps\kalidartreestump02.m2;20674.0546875;103.9482192993164;14431.666015625;0;26;0;;1;275275;m2;202060;0;
..\..\world\kalimdor\ashenvale\passivedoodads\ashenvalestumps\ashenvaletreestump02.m2;20274.03125;105.83444213867188;14834.802734375;0;116.5;0;;0.669921875;561774;m2;201212;0;
..\..\world\kalimdor\darkshore\passivedoodads\ruins\darkshoreruinpillar03.m2;20810.703125;13.43248462677002;14442.4892578125;4.500000953674316;209.22659301757812;-63.00000762939453;;2.4287109375;571825;m2;201555;0;
..\..\world\kalimdor\kalidar\passivedoodads\kalidarbushes\kalidarbush02.m2;20573.55078125;92.538818359375;14605.5341796875;0;0;0;;1.26953125;276471;m2;202022;0;
..\..\world\khazmodan\wetlands\passivedoodads\bushes\wetlandshrub08.m2;20775.27734375;20.882450103759766;14580.150390625;1;179.0826416015625;17.999998092651367;;0.8642578125;572059;m2;203491;0;
..\..\world\khazmodan\wetlands\passivedoodads\bushes\wetlandshrub08.m2;20721.400390625;25.958993911743164;14782.697265625;0;346.74481201171875;0;;0.833984375;572066;m2;203491;0;
..\..\world\khazmodan\wetlands\passivedoodads\bushes\wetlandshrub08.m2;20706.912109375;30.62562370300293;14720.998046875;0;228.2833709716797;0;;0.9443359375;572084;m2;203491;0;
..\..\world\kalimdor\stonetalon\passivedoodads\trees\stonetreelog01.m2;20419.84765625;95.92804718017578;14853.697265625;0;317.5;0;;1.9794921875;552469;m2;202633;0;
..\..\world\generic\human\passivedoodads\outposts\generaloutpost07.m2;20479.36328125;100.07711791992188;14618.763671875;0;345.5;0;;1;278736;m2;198386;0;
..\..\world\kalimdor\kalidar\passivedoodads\kalidarbushes\kalidarbush03.m2;20584.34765625;45.69615173339844;14861.6435546875;-1.9999995231628418;244;13.500000953674316;;1.3994140625;276233;m2;202023;0;
..\..\world\kalimdor\ashenvale\passivedoodads\ashenvalestumps\ashenvaletreestump02.m2;20347.7578125;107.13388061523438;14883.02734375;0;0;0;;0.8193359375;464746;m2;201212;0;
..\..\world\kalimdor\ashenvale\passivedoodads\ashenvalestumps\ashenvaletreestump02.m2;20271.271484375;118.33997344970703;14591.6865234375;0;0;0;;0.8193359375;464757;m2;201212;0;
..\..\world\kalimdor\darkshore\passivedoodads\ruins\darkshoreruinwall03.m2;20714.39453125;24.465036392211914;14904.2578125;0;256.4010009765625;0;;1.1357421875;571928;m2;201560;0;
..\..\world\kalimdor\ashenvale\passivedoodads\ashenvalestumps\ashenvaletreestump02.m2;20265.84765625;131.90826416015625;14544.6572265625;0;38;0;;0.609375;464760;m2;201212;0;
..\..\world\kalimdor\darkshore\passivedoodads\ruins\darkshoreruinpillar01.m2;20668.64453125;26.5523681640625;14870.63671875;0;187.8170166015625;0;;1.275390625;571938;m2;201553;0;
..\..\world\kalimdor\ashenvale\passivedoodads\ashenvalestumps\ashenvaletreestump01.m2;20301.1875;116.05165100097656;14616.560546875;0;2.5;0;;0.7392578125;561762;m2;201211;0;
..\..\world\generic\nightelf\passivedoodads\ruins\nightelfruins05.m2;20780.33203125;26.17892074584961;14472.728515625;0;54.5;0;;1.4599609375;571586;m2;198838;0;
..\..\world\kalimdor\ashenvale\passivedoodads\ashenvalestumps\ashenvaletreestump01.m2;20454.73828125;94.3996810913086;14897.228515625;0;0;0;;0.759765625;464748;m2;201211;0;
..\..\world\kalimdor\kalidar\passivedoodads\kalidarroots\kalidarroots03.m2;20587.22265625;121.80484771728516;14411.73046875;90;356;0;;2.83984375;274619;m2;202040;0;
..\..\world\kalimdor\stonetalon\passivedoodads\trees\stonetreelog02.m2;20460.361328125;108.35655975341797;14679.107421875;9;130.5;-2.000000476837158;;1;552454;m2;202634;0;
..\..\world\kalimdor\ashenvale\passivedoodads\ashenvalestumps\ashenvaletreestump02.m2;20295.759765625;116.67656707763672;14602.0947265625;0;106.5;0;;0.6298828125;464758;m2;201212;0;
..\..\world\kalimdor\kalidar\passivedoodads\kalidarbushes\kalidarbush02.m2;20628.46484375;41.54767608642578;14891.474609375;0;0;0;;1.1396484375;276179;m2;202022;0;
..\..\world\kalimdor\ashenvale\passivedoodads\ashenvalestumps\ashenvaletreestump02.m2;20281.73828125;113.99844360351562;14648.826171875;0;41;0;;0.5693359375;464759;m2;201212;0;
..\..\world\kalimdor\ashenvale\passivedoodads\ashenvalestumps\ashenvaletreestump02.m2;20278.19140625;109.41153717041016;14736.4140625;0;41;0;;0.5693359375;552404;m2;201212;0;
..\..\world\kalimdor\ashenvale\passivedoodads\ashenvalestumps\ashenvaletreestump01.m2;20365.921875;97.80760192871094;14847.1708984375;0;0;0;;0.7392578125;464744;m2;201211;0;
..\..\world\kalimdor\ashenvale\passivedoodads\ashenvalestumps\ashenvaletreestump01.m2;20343.73046875;106.24835205078125;14904.3466796875;0;0;0;;0.7392578125;552450;m2;201211;0;
..\..\world\kalimdor\ashenvale\passivedoodads\ashenvalestumps\ashenvaletreestump02.m2;20535.6875;104.03872680664062;14489.13671875;0;0;0;;0.75;464734;m2;201212;0;
..\..\world\kalimdor\ashenvale\passivedoodads\ashenvalestumps\ashenvaletreestump01.m2;20464.80078125;100.21188354492188;14775.8017578125;0;0;0;;0.7294921875;464774;m2;201211;0;
..\..\world\kalimdor\ashenvale\passivedoodads\ashenvalestumps\ashenvaletreestump01.m2;20434.033203125;109.40239715576172;14561.884765625;0;15.5;0;;0.599609375;552472;m2;201211;0;
..\..\world\kalimdor\ashenvale\passivedoodads\ashenvalestumps\ashenvaletreestump02.m2;20391.638671875;101.76130676269531;14735.9560546875;-6;337;-9.499999046325684;;0.5693359375;552448;m2;201212;0;
..\..\world\kalimdor\ashenvale\passivedoodads\ashenvalestumps\ashenvalestump02.m2;20565.345703125;92.36905670166016;14647.8427734375;0;45;0;;0.83984375;464718;m2;201209;0;
..\..\world\kalimdor\ashenvale\passivedoodads\ashenvalestumps\ashenvalestump02.m2;20477.974609375;93.22132873535156;14829.021484375;0;125;0;;0.83984375;464751;m2;201209;0;
..\..\world\khazmodan\wetlands\passivedoodads\bushes\wetlandshrub08.m2;20663.9453125;33.265018463134766;14895.302734375;0;312.0766906738281;0;;0.841796875;572081;m2;203491;0;
..\..\world\kalimdor\ashenvale\passivedoodads\ashenvalestumps\ashenvaletreestump02.m2;20550.294921875;110.15715026855469;14432.93359375;0;54;0;;0.5498046875;464721;m2;201212;0;
..\..\world\kalimdor\ashenvale\passivedoodads\ashenvalestumps\ashenvaletreestump02.m2;20552.80078125;114.18142700195312;14401.3515625;0;0;0;;0.7197265625;464714;m2;201212;0;
..\..\world\kalimdor\ashenvale\passivedoodads\ashenvalestumps\ashenvaletreestump02.m2;20458.98828125;101.70501708984375;14764.3642578125;0;0;0;;0.7197265625;464776;m2;201212;0;
..\..\world\kalimdor\kalidar\passivedoodads\kalidarbushes\kalidarbush03.m2;20594.689453125;91.45931243896484;14584.5185546875;0;0;0;;1.4296875;276459;m2;202023;0;
..\..\world\kalimdor\stonetalon\passivedoodads\trees\stonetreelog01.m2;20509.56640625;103.00636291503906;14520.96875;-6;216.47711181640625;1.5000001192092896;;1.591796875;574068;m2;202633;0;
..\..\world\critter\fish\fish01.m2;20756.361328125;32.231258392333984;14668.3984375;0;306.31915283203125;0;;1.466796875;572739;m2;190733;0;
..\..\world\critter\fish\fish01.m2;20785.103515625;28.081602096557617;14538.775390625;0;145.32061767578125;0;;1.46875;572324;m2;190733;0;
..\..\world\kalimdor\kalidar\passivedoodads\kalidarbushes\kalidarbush04.m2;20590.99609375;91.95931243896484;14677.560546875;0;26;0;;2.5595703125;276454;m2;202024;0;
..\..\world\kalimdor\ashenvale\passivedoodads\ashenvalestumps\ashenvaletreestump01.m2;20471.30859375;93.32105255126953;14825.185546875;0;0;0;;0.689453125;464750;m2;201211;0;
..\..\world\critter\fish\fish01.m2;20741.28515625;34.9422607421875;14740.1328125;0;230.4232940673828;0;;1.44921875;572728;m2;190733;0;
..\..\world\kalimdor\ashenvale\passivedoodads\ashenvalestumps\ashenvaletreestump02.m2;20377.201171875;101.14537048339844;14730.9384765625;0;199;0;;0.5693359375;552447;m2;201212;0;
..\..\world\critter\fish\fish01.m2;20799.259765625;27.013103485107422;14518.1982421875;0;196.0570068359375;0;;1.5625;572320;m2;190733;0;
..\..\world\kalimdor\darkshore\passivedoodads\ruins\darkshoreruinpillar01.m2;20705.59765625;24.569910049438477;14838.599609375;-2.500000238418579;134.75527954101562;-7.499999523162842;;1.0703125;571939;m2;201553;0;
..\..\world\critter\fish\fish01.m2;20721.171875;32.744136810302734;14708.1484375;0;334.18133544921875;0;;1.466796875;572730;m2;190733;0;
..\..\world\kalimdor\stonetalon\passivedoodads\trees\stonetreelog01.m2;20372.419921875;101.99933624267578;14650.1591796875;-23.5;200.75567626953125;-0.5000000596046448;;1.396484375;574065;m2;202633;0;
..\..\world\kalimdor\kalidar\passivedoodads\kalidartrees\kalidartree05.m2;20582.46484375;51.80046081542969;14770.005859375;0;267.4999694824219;0;;0.7998046875;276247;m2;202054;0;
..\..\world\kalimdor\ashenvale\passivedoodads\ashenvalestumps\ashenvaletreestump02.m2;20342.125;107.87136840820312;14895.8779296875;0;111;0;;0.5498046875;552451;m2;201212;0;
..\..\world\kalimdor\ashenvale\passivedoodads\ashenvalestumps\ashenvaletreestump01.m2;20437.0859375;119.02542877197266;14417.14453125;0;247;0;;0.51953125;464768;m2;201211;0;
..\..\world\generic\nightelf\passivedoodads\stonerunes\kalidarstonerune01.m2;20681.923828125;28.928558349609375;14918.599609375;0;132.1146240234375;0;;2.4638671875;571945;m2;198949;0;
..\..\world\generic\human\passivedoodads\outposts\generaloutpost02.m2;20480.765625;99.70692443847656;14642.123046875;0;297.5;0;;1;278738;m2;198381;0;
..\..\world\critter\fish\fish01.m2;20752.369140625;33.38478469848633;14623.9267578125;0;322.08502197265625;0;;1.384765625;572740;m2;190733;0;
..\..\world\kalimdor\ashenvale\passivedoodads\ashenvalestumps\ashenvalestump02.m2;20576.72265625;92.42800903320312;14693.40234375;0;0;0;;1;464732;m2;201209;0;
..\..\world\kalimdor\ashenvale\passivedoodads\ashenvalestumps\ashenvalestump02.m2;20316.212890625;140.5251922607422;14428.896484375;0;0;0;;1;464742;m2;201209;0;
..\..\world\kalimdor\kalidar\passivedoodads\kalidarbushes\kalidarbush02.m2;20578.78125;47.261287689208984;14906.958984375;0;359.5;0;;1;276185;m2;202022;0;
..\..\world\kalimdor\kalidar\passivedoodads\kalidarbushes\kalidarbush02.m2;20698.361328125;53.38181686401367;14628.5517578125;0;0;0;;1;276205;m2;202022;0;
..\..\world\kalimdor\kalidar\passivedoodads\kalidarbushes\kalidarbush02.m2;20673.263671875;55.0659065246582;14551.4853515625;0;0;0;;1;276208;m2;202022;0;
..\..\world\kalimdor\kalidar\passivedoodads\kalidarbushes\kalidarbush02.m2;20580.0546875;59.0530891418457;14511.9267578125;0;0;0;;1;276221;m2;202022;0;
..\..\world\kalimdor\kalidar\passivedoodads\kalidarbushes\kalidarbush02.m2;20614.634765625;58.87260055541992;14533.306640625;0;0;0;;1;276225;m2;202022;0;
..\..\world\kalimdor\kalidar\passivedoodads\kalidarbushes\kalidarbush02.m2;20563.771484375;60.1891975402832;14866.55859375;0;0;0;;1;276236;m2;202022;0;
..\..\world\kalimdor\kalidar\passivedoodads\kalidarbushes\kalidarbush02.m2;20608.01953125;44.13784408569336;14797.412109375;0;0;0;;1;276244;m2;202022;0;
..\..\world\kalimdor\kalidar\passivedoodads\kalidarbushes\kalidarbush02.m2;20577.30078125;52.15193557739258;14761.740234375;0;0;0;;1;276246;m2;202022;0;
..\..\world\kalimdor\kalidar\passivedoodads\kalidarbushes\kalidarbush02.m2;20399.294921875;114.13333129882812;14922.5791015625;0;0;0;;1;278434;m2;202022;0;
..\..\world\kalimdor\kalidar\passivedoodads\kalidarbushes\kalidarbush02.m2;20617.087890625;43.394432067871094;14875.7509765625;0;305;0;;1;276181;m2;202022;0;
..\..\world\kalimdor\kalidar\passivedoodads\kalidarbushes\kalidarbush02.m2;20656.5703125;44.88001251220703;14718.1484375;0;0;0;;1;276195;m2;202022;0;
..\..\world\kalimdor\kalidar\passivedoodads\kalidarbushes\kalidarbush02.m2;20725.775390625;48.04924774169922;14609.1796875;0;0;0;;1;276204;m2;202022;0;
..\..\world\kalimdor\kalidar\passivedoodads\kalidarbushes\kalidarbush02.m2;20658.03515625;59.69794464111328;14547.505859375;0;0;0;;1;276212;m2;202022;0;
..\..\world\kalimdor\kalidar\passivedoodads\kalidarbushes\kalidarbush02.m2;20589.03515625;60.85175323486328;14526.9345703125;0;298;0;;1;276222;m2;202022;0;
..\..\world\kalimdor\kalidar\passivedoodads\kalidarbushes\kalidarbush02.m2;20586.830078125;45.734031677246094;14857.8134765625;0;0;0;;1;276234;m2;202022;0;
..\..\world\kalimdor\kalidar\passivedoodads\kalidarbushes\kalidarbush02.m2;20610.26953125;45.99298858642578;14885.4677734375;0;0;0;;1;276239;m2;202022;0;
..\..\world\kalimdor\kalidar\passivedoodads\kalidarbushes\kalidarbush02.m2;20601.05078125;49.712074279785156;14810.8896484375;0;0;0;;1;276242;m2;202022;0;
..\..\world\kalimdor\kalidar\passivedoodads\kalidarbushes\kalidarbush02.m2;20602.650390625;46.520843505859375;14737.2802734375;0;0;0;;1;276256;m2;202022;0;
..\..\world\kalimdor\kalidar\passivedoodads\kalidarbushes\kalidarbush02.m2;20519.884765625;96.18826293945312;14878.130859375;0;0;0;;1;275794;m2;202022;0;
..\..\world\kalimdor\kalidar\passivedoodads\kalidarbushes\kalidarbush02.m2;20528.8203125;96.5514907836914;14844.669921875;0;0;0;;1;275797;m2;202022;0;
..\..\world\kalimdor\kalidar\passivedoodads\kalidarbushes\kalidarbush02.m2;20725.05859375;72.67093658447266;14493.716796875;0;0;0;;1;276262;m2;202022;0;
..\..\world\kalimdor\kalidar\passivedoodads\kalidarbushes\kalidarbush02.m2;20579.69140625;104.83828735351562;14468.9931640625;0;0;0;;1;276288;m2;202022;0;
..\..\world\kalimdor\kalidar\passivedoodads\kalidarbushes\kalidarbush02.m2;20657.412109375;105.52364349365234;14488.7802734375;0;0;0;;1;276289;m2;202022;0;
..\..\world\kalimdor\kalidar\passivedoodads\kalidarbushes\kalidarbush02.m2;20600.51953125;94.78640747070312;14562.9404296875;0;0;0;;1;276480;m2;202022;0;
..\..\world\kalimdor\kalidar\passivedoodads\kalidarbushes\kalidarbush02.m2;20529.5078125;93.45660400390625;14673.7646484375;0;0;0;;1;276486;m2;202022;0;
..\..\world\kalimdor\kalidar\passivedoodads\kalidarbushes\kalidarbush02.m2;20495.861328125;108.99458312988281;14714.5458984375;0;0;0;;1;276523;m2;202022;0;
..\..\world\kalimdor\kalidar\passivedoodads\kalidarbushes\kalidarbush02.m2;20335.0859375;109.3493423461914;14917.4892578125;0;0;0;;1;278430;m2;202022;0;
..\..\world\kalimdor\kalidar\passivedoodads\kalidarbushes\kalidarbush02.m2;20434.5234375;103.43115234375;14914.2197265625;0;0;0;;1;278437;m2;202022;0;
..\..\world\kalimdor\kalidar\passivedoodads\kalidarbushes\kalidarbush02.m2;20386.13671875;104.85173797607422;14891.7734375;0;0;0;;1;278462;m2;202022;0;
..\..\world\kalimdor\ashenvale\passivedoodads\ashenvalestumps\ashenvaletreestump01.m2;20326.03515625;103.79488372802734;14767.943359375;0;348.5;0;;0.5595703125;574174;m2;201211;0;
..\..\world\critter\fish\fish01.m2;20765.23046875;33.76057434082031;14631.0341796875;0;66.75494384765625;0;;1.4228515625;572741;m2;190733;0;
..\..\world\kalimdor\stonetalon\passivedoodads\trees\stonetreelog02.m2;20396.96484375;107.2322769165039;14751.669921875;0;185.5;0;;0.76953125;574560;m2;202634;0;
..\..\world\kalimdor\stonetalon\passivedoodads\trees\stonetreelog01.m2;20461.20703125;108.74553680419922;14684.248046875;0;314;0;;1.619140625;552453;m2;202633;0;
..\..\world\kalimdor\kalidar\passivedoodads\kalidarbushes\kalidarbush03.m2;20441.47265625;102.80140686035156;14730.193359375;0;42;0;;1.19921875;276499;m2;202023;0;
..\..\world\critter\fish\fish01.m2;20751.19140625;32.76611328125;14659.9560546875;0;70.97384643554688;0;;1.4150390625;572737;m2;190733;0;
..\..\world\kalimdor\stonetalon\passivedoodads\trees\stonetreelog01.m2;20389;125.12255859375;14504.14453125;18.5000057220459;54;21.500003814697266;;1.509765625;552461;m2;202633;0;
..\..\world\critter\fish\fish01.m2;20700.64453125;29.411376953125;14856.5478515625;0;116.3707275390625;0;;1.3466796875;572710;m2;190733;0;
..\..\world\critter\fish\fish01.m2;20775.74609375;24.218904495239258;14572.306640625;0;50.65948486328125;0;;1.314453125;572328;m2;190733;0;
..\..\world\critter\fish\fish01.m2;20716.884765625;30.17041778564453;14843.099609375;0;74.54449462890625;0;;1.4248046875;572713;m2;190733;0;
..\..\world\generic\orc\passivedoodads\hordebanners\hordebanner01.m2;20574.90625;106.36976623535156;14649.1171875;0;297;0;;2.6796875;464852;m2;199173;0;
..\..\world\generic\orc\passivedoodads\hordebanners\hordebanner01.m2;20575.62890625;105.79753112792969;14606.8173828125;0;239.5;0;;2.6796875;464853;m2;199173;0;
..\..\world\critter\fish\fish01.m2;20776.13671875;31.978593826293945;14583.1328125;0;306.5608825683594;0;;1.3046875;572743;m2;190733;0;
..\..\world\kalimdor\ashenvale\passivedoodads\ashenvalestumps\ashenvaletreestump02.m2;20364.01953125;105.2955093383789;14874.9423828125;0;88.5;0;;0.619140625;464777;m2;201212;0;
..\..\world\critter\fish\fish01.m2;20720.61328125;34.70052719116211;14918.9052734375;0;114.3711929321289;0;;1.3369140625;572651;m2;190733;0;
..\..\world\critter\fish\fish01.m2;20722.818359375;31.240442276000977;14766.416015625;0;202.48419189453125;0;;1.3349609375;572722;m2;190733;0;
..\..\world\kalimdor\kalidar\passivedoodads\kalidartrees\kalidartree05.m2;20562.3671875;91.90291595458984;14684.7548828125;0;0;0;;0.7099609375;276488;m2;202054;0;
..\..\world\critter\fish\fish01.m2;20691.19921875;30.37160301208496;14902.380859375;0;191.58543395996094;0;;1.4228515625;572654;m2;190733;0;
..\..\world\azeroth\burningsteppes\passivedoodads\trees\burningmidtree01.m2;20332.72265625;140.3069305419922;14428.7578125;0;282.5;0;;1.599609375;565473;m2;189258;0;
..\..\world\critter\fish\fish01.m2;20793.14453125;31.79343032836914;14455.0361328125;0;67.3922119140625;0;;1.296875;572317;m2;190733;0;
..\..\world\kalimdor\kalidar\passivedoodads\kalidarroots\kalidarroots01.m2;20394.20703125;127.72518157958984;14482.0009765625;0;0;0;;0.759765625;275296;m2;202038;0;
..\..\world\generic\human\passivedoodads\outposts\generaloutpost02.m2;20490.66015625;100.52298736572266;14599.869140625;0;41;0;;1;278737;m2;198381;0;
..\..\world\critter\fish\fish01.m2;20782.03125;33.886940002441406;14546.935546875;0;304.165771484375;0;;1.22265625;572325;m2;190733;0;
..\..\world\kalimdor\stonetalon\passivedoodads\trees\stonetreelog01.m2;20456.05078125;101.58260345458984;14564.822265625;0;233.22198486328125;0;;1.341796875;574061;m2;202633;0;
..\..\world\kalimdor\kalidar\passivedoodads\kalidartrees\kalidartree05.m2;20334.2734375;106.46788024902344;14909.6171875;0;0;0;;0.6796875;278432;m2;202054;0;
..\..\world\kalimdor\ashenvale\passivedoodads\ashenvalestumps\ashenvaletreestump02.m2;20372.99609375;97.330810546875;14846.7998046875;0;0;0;;0.58984375;464745;m2;201212;0;
..\..\world\kalimdor\ashenvale\passivedoodads\ashenvalestumps\ashenvaletreestump02.m2;20386.76953125;98.04013061523438;14790.68359375;0;0;0;;0.58984375;552436;m2;201212;0;
..\..\world\kalimdor\ashenvale\passivedoodads\ashenvalestumps\ashenvaletreestump02.m2;20445.556640625;90.48815155029297;14812.0234375;0;0;0;;0.58984375;552437;m2;201212;0;
..\..\world\critter\fish\fish01.m2;20735.32421875;28.9820556640625;14817.166015625;0;166.6175537109375;0;;1.333984375;572720;m2;190733;0;
..\..\world\critter\fish\fish01.m2;20731.107421875;28.004610061645508;14782.02734375;0;85.52017211914062;0;;1.4521484375;572721;m2;190733;0;
..\..\world\kalimdor\kalidar\passivedoodads\kalidarbushes\kalidarbush03.m2;20313.8046875;138.78811645507812;14477.36328125;0.5000001192092896;291;-7.500000476837158;;1;278355;m2;202023;0;
..\..\world\kalimdor\kalidar\passivedoodads\kalidartreestumps\kalidartreestump01.m2;20680.98828125;106.80290222167969;14446.208984375;0;41.5;0;;1.5390625;275276;m2;202059;0;
..\..\world\khazmodan\wetlands\passivedoodads\bushes\wetlandshrub03.m2;20799.404296875;18.384153366088867;14463.75;0;127.961669921875;0;;1.33984375;572174;m2;203486;0;
..\..\world\kalimdor\kalidar\passivedoodads\kalidarbushes\kalidarbush03.m2;20618.326171875;43.11145782470703;14870.556640625;-11.500001907348633;240;1.4999991655349731;;1;275725;m2;202023;0;
..\..\world\kalimdor\kalidar\passivedoodads\kalidarbushes\kalidarbush03.m2;20627.462890625;42.26731872558594;14895.3486328125;0;245.5;4;;1;275724;m2;202023;0;
..\..\world\kalimdor\kalidar\passivedoodads\kalidarbushes\kalidarbush03.m2;20539.525390625;94.23921203613281;14666.0654296875;-1.0000005960464478;286;7.000000476837158;;1;276450;m2;202023;0;
..\..\world\kalimdor\kalidar\passivedoodads\kalidarbushes\kalidarbush02.m2;20584.86328125;46.44207763671875;14865.37109375;0;85;0;;0.849609375;276238;m2;202022;0;
..\..\world\critter\fish\fish01.m2;20695.6875;32.68117141723633;14818.193359375;0;358.48382568359375;0;;1.4638671875;572716;m2;190733;0;
..\..\world\critter\fish\fish01.m2;20798.7109375;24.984466552734375;14514.1728515625;0;197.15567016601562;0;;1.2529296875;572321;m2;190733;0;
..\..\world\critter\fish\fish01.m2;20687.962890625;34.982337951660156;14753.013671875;0;111.85767364501953;0;;1.216796875;572724;m2;190733;0;
..\..\world\kalimdor\kalidar\passivedoodads\kalidarbushes\kalidarbush03.m2;20484.654296875;99.93141174316406;14643.7216796875;0;335;0;;1;276449;m2;202023;0;
..\..\world\azeroth\elwynn\passivedoodads\catapult\catapult.m2;20288.81640625;102.2277603149414;14895.0078125;-1.999999761581421;296.5;3;;1;574149;m2;189709;0;
..\..\world\kalimdor\ashenvale\passivedoodads\ashenvalestumps\ashenvalestump01.m2;20481.802734375;103.95110321044922;14720.822265625;0;85;0;;0.619140625;464752;m2;201208;0;
..\..\world\kalimdor\kalidar\passivedoodads\kalidarbushes\kalidarbush03.m2;20390.169921875;103.60254669189453;14897.8115234375;0;149;0;;1;276534;m2;202023;0;
..\..\world\kalimdor\kalidar\passivedoodads\kalidarbushes\kalidarbush03.m2;20471.095703125;99.70862579345703;14768.5771484375;0;148.5;0;;1;276525;m2;202023;0;
..\..\world\khazmodan\wetlands\passivedoodads\bushes\wetlandshrub03.m2;20774.7890625;22.447101593017578;14563.0166015625;0;52.3843994140625;0;;1.30078125;572169;m2;203486;0;
..\..\world\kalimdor\kalidar\passivedoodads\kalidarbushes\kalidarbush03.m2;20489.87890625;100.1436767578125;14744.853515625;0;325.5;0;;1;276531;m2;202023;0;
..\..\world\kalimdor\kalidar\passivedoodads\kalidarbushes\kalidarbush03.m2;20460.99609375;107.59913635253906;14695.8486328125;0;304.5;0;;1;276498;m2;202023;0;
..\..\world\critter\fish\fish01.m2;20726.421875;34.37581253051758;14807.29296875;0;91.6837158203125;0;;1.4287109375;572718;m2;190733;0;
..\..\world\kalimdor\kalidar\passivedoodads\kalidarbushes\kalidarbush03.m2;20446.224609375;92.5675277709961;14813.1865234375;0;342.5;0;;1;275792;m2;202023;0;
..\..\world\generic\orc\passivedoodads\tents\durotarorctent01.m2;20509.072265625;95.62496948242188;14609.5205078125;0;6.5;0;;1;274481;m2;199384;0;
..\..\world\critter\fish\fish01.m2;20790.642578125;32.7827033996582;14567.9423828125;0;270.46966552734375;0;;1.4462890625;572327;m2;190733;0;
..\..\world\kalimdor\kalidar\passivedoodads\kalidarbushes\kalidarbush03.m2;20654.42578125;59.25069046020508;14544.9794921875;0;343.5;0;;1;276210;m2;202023;0;
..\..\world\kalimdor\kalidar\passivedoodads\kalidarbushes\kalidarbush03.m2;20518.02734375;95.21349334716797;14876.1865234375;-1;227;-4;;1;275793;m2;202023;0;
..\..\world\azeroth\elwynn\passivedoodads\catapult\catapult.m2;20274.4140625;102.74613189697266;14882.5986328125;-2.500000238418579;340.5;-8.5;;1;574148;m2;189709;0;
..\..\world\kalimdor\kalidar\passivedoodads\kalidarbushes\kalidarbush03.m2;20332.56640625;105.98995971679688;14902.5947265625;0;40.5;0;;1;278427;m2;202023;0;
..\..\world\kalimdor\kalidar\passivedoodads\kalidarbushes\kalidarbush03.m2;20445.3984375;103.15337371826172;14923.1767578125;0;319.5;0;;1;278443;m2;202023;0;
..\..\world\khazmodan\wetlands\passivedoodads\bushes\wetlandshrub03.m2;20715.775390625;25.18865394592285;14848.716796875;0;292.7176818847656;0;;1.345703125;572534;m2;203486;0;
..\..\world\kalimdor\ashenvale\passivedoodads\ashenvalestumps\ashenvaletreestump01.m2;20316.099609375;133.97657775878906;14507.943359375;0;0;0;;0.529296875;464761;m2;201211;0;
..\..\world\critter\fish\fish01.m2;20766.28515625;30.120582580566406;14589.6259765625;0;271.711181640625;0;;1.396484375;572745;m2;190733;0;
..\..\world\khazmodan\wetlands\passivedoodads\bushes\wetlandshrub03.m2;20701.224609375;27.274084091186523;14896.990234375;0;165.2503662109375;0;;1.4228515625;572530;m2;203486;0;
..\..\world\kalimdor\kalidar\passivedoodads\kalidarbushes\kalidarbush03.m2;20611.43359375;43.924705505371094;14796.009765625;0;47.5;0;;1;276245;m2;202023;0;
..\..\world\kalimdor\kalidar\passivedoodads\kalidartrees\kalidartree05.m2;20483.578125;100.71888732910156;14644.08984375;0;0;0;;0.619140625;276484;m2;202054;0;
..\..\world\kalimdor\ashenvale\passivedoodads\ashenvalestumps\ashenvaletreestump01.m2;20330.404296875;141.41905212402344;14414.78515625;0;124;0;;0.3896484375;561760;m2;201211;0;
..\..\world\kalimdor\kalidar\passivedoodads\kalidarbushes\kalidarbush03.m2;20499.8359375;97.79149627685547;14600.9833984375;-2.000000238418579;0;-18.000001907348633;;1;276466;m2;202023;0;
..\..\world\kalimdor\kalidar\passivedoodads\kalidarbushes\kalidarbush02.m2;20499.052734375;98.54039001464844;14600.326171875;0;0;0;;0.7998046875;276467;m2;202022;0;
..\..\world\kalimdor\kalidar\passivedoodads\kalidarbushes\kalidarbush03.m2;20520.75390625;94.28621673583984;14849.2802734375;0;8.5;0;;1;276533;m2;202023;0;
..\..\world\critter\fish\fish01.m2;20682.681640625;33.58919143676758;14864.1796875;0;277.64398193359375;0;;1.2744140625;572711;m2;190733;0;
..\..\world\khazmodan\wetlands\passivedoodads\bushes\wetlandshrub03.m2;20733.61328125;25.610347747802734;14784.1298828125;0;288.6306457519531;0;;1.349609375;572540;m2;203486;0;
..\..\world\critter\fish\fish01.m2;20755.64453125;33.266937255859375;14698.08984375;0;318.07489013671875;0;;1.0888671875;572732;m2;190733;0;
..\..\world\critter\fish\fish01.m2;20788.51953125;34.12322998046875;14522.310546875;0;282.9710693359375;0;;1.201171875;572329;m2;190733;0;
..\..\world\critter\fish\fish01.m2;20761.400390625;32.31957244873047;14608.5009765625;0;174.73187255859375;0;;1.2958984375;572742;m2;190733;0;
..\..\world\kalimdor\ashenvale\passivedoodads\ashenvalestumps\ashenvaletreestump02.m2;20318.146484375;106.59187316894531;14779.9990234375;3.5;41;1.9999994039535522;;0.3798828125;552412;m2;201212;0;
..\..\world\kalimdor\stonetalon\passivedoodads\tools\stonetalontools_saw01.m2;20391.30078125;111.07711791992188;14699.666015625;-11.499998092651367;155.5;14.499998092651367;;0.7197265625;464784;m2;202616;0;
..\..\world\khazmodan\wetlands\passivedoodads\bushes\wetlandshrub03.m2;20726.162109375;26.852380752563477;14760.568359375;0;31.158203125;0;;1.22265625;572542;m2;203486;0;
..\..\world\kalimdor\kalidar\passivedoodads\kalidarbushes\kalidarbush03.m2;20553.03125;114.33431243896484;14403.646484375;0;87.5;0;;1;276292;m2;202023;0;
..\..\world\khazmodan\wetlands\passivedoodads\bushes\wetlandshrub03.m2;20798.23828125;22.747705459594727;14538.8779296875;0;226.1165008544922;0;;1.19140625;572171;m2;203486;0;
..\..\world\kalimdor\kalidar\passivedoodads\kalidarbushes\kalidarbush03.m2;20570.515625;92.17484283447266;14604.0341796875;0;92;0;;1;276458;m2;202023;0;
..\..\world\kalimdor\kalidar\passivedoodads\kalidarbushes\kalidarbush03.m2;20519.998046875;98.90812683105469;14752.974609375;0;2;0;;1;276530;m2;202023;0;
..\..\world\kalimdor\ashenvale\passivedoodads\ashenvalestumps\ashenvaletreestump01.m2;20383.677734375;112.53079223632812;14590.1328125;0;251.5;0;;0.3994140625;552431;m2;201211;0;
..\..\world\generic\human\passivedoodads\outposts\generaloutpost03.m2;20483.587890625;100.935302734375;14604.701171875;6.499999046325684;0;-3;;1;278732;m2;198382;0;
..\..\world\khazmodan\wetlands\passivedoodads\bushes\wetlandshrub03.m2;20784.09765625;23.450550079345703;14525.4384765625;0;242.11309814453125;0;;1.2138671875;572173;m2;203486;0;
..\..\world\critter\fish\fish01.m2;20717.41015625;27.915979385375977;14918.162109375;0;93.14492797851562;0;;1.2724609375;572708;m2;190733;0;
..\..\world\khazmodan\wetlands\passivedoodads\bushes\wetlandshrub03.m2;20681.4453125;30.82894515991211;14889.6240234375;0;108.6031494140625;0;;1.2802734375;572531;m2;203486;0;
..\..\world\kalimdor\ashenvale\passivedoodads\ashenvalestumps\ashenvaletreestump01.m2;20334.732421875;140.064208984375;14423.6142578125;0;0;0;;0.4892578125;464762;m2;201211;0;
..\..\world\kalimdor\stonetalon\passivedoodads\trees\stonetreelog01.m2;20377.48828125;128.13270568847656;14495.861328125;9.499999046325684;93.5;10.499994277954102;;1;552463;m2;202633;0;
..\..\world\kalimdor\kalidar\passivedoodads\kalidarbushes\kalidarbush03.m2;20530.759765625;104.87374877929688;14785.8427734375;0;0;0;;1;276529;m2;202023;0;
..\..\world\kalimdor\kalidar\passivedoodads\kalidarbushes\kalidarbush03.m2;20404.294921875;103.78549194335938;14905.466796875;0;0;0;;1;278444;m2;202023;0;
..\..\world\kalimdor\kalidar\passivedoodads\kalidarbushes\kalidarbush03.m2;20540.349609375;105.00183868408203;14812.1953125;0;0;0;;1;278575;m2;202023;0;
..\..\world\critter\fish\fish01.m2;20702.56640625;35.54188919067383;14919.091796875;0;183.34544372558594;0;;1.2646484375;572649;m2;190733;0;
..\..\world\kalimdor\kalidar\passivedoodads\kalidarbushes\kalidarbush02.m2;20623.408203125;41.66414260864258;14868.306640625;0;219;0;;0.75;276182;m2;202022;0;
..\..\world\kalimdor\darkshore\passivedoodads\ruins\darkshoreruinpillar05.m2;20786.375;23.496234893798828;14498.5234375;23.999998092651367;223.25999450683594;-48.99999237060547;;2.1689453125;571824;m2;201557;0;
..\..\world\kalimdor\ashenvale\passivedoodads\ashenvalestumps\ashenvaletreestump01.m2;20479.73828125;120.5379409790039;14403.927734375;0;247;0;;0.3798828125;552425;m2;201211;0;
..\..\world\generic\human\passivedoodads\outposts\generaloutpost03.m2;20477.927734375;99.48564910888672;14633.65234375;-2.499999761581421;0;1.5;;1;278733;m2;198382;0;
..\..\world\kalimdor\stonetalon\passivedoodads\trees\stonetreelog01.m2;20395.294921875;106.64240264892578;14756.43359375;0;9.5;0;;1;574561;m2;202633;0;
..\..\world\critter\fish\fish01.m2;20724.11328125;30.42388916015625;14732.7861328125;0;103.362548828125;0;;1.1220703125;572726;m2;190733;0;
..\..\world\critter\fish\fish01.m2;20797.810546875;30.58646583557129;14532.724609375;0;315.4600524902344;0;;1.0166015625;572323;m2;190733;0;
..\..\world\khazmodan\wetlands\passivedoodads\bushes\wetlandshrub03.m2;20725.0859375;26.329029083251953;14687.400390625;0;2.43902587890625;0;;1.4931640625;572545;m2;203486;0;
..\..\world\kalimdor\stonetalon\passivedoodads\trees\stonetreelog01.m2;20371.255859375;129.2579803466797;14484.572265625;-0.5000001192092896;67.5;5.499999046325684;;1;552462;m2;202633;0;
..\..\world\kalimdor\kalidar\passivedoodads\kalidarbushes\kalidarbush02.m2;20654.71484375;61.87785720825195;14521.603515625;0;303;0;;0.7294921875;276214;m2;202022;0;
..\..\world\kalimdor\kalidar\passivedoodads\kalidartrees\kalidartree05.m2;20656.603515625;42.43304443359375;14726.3916015625;0;174;0;;0.5595703125;276198;m2;202054;0;
..\..\world\azeroth\westfall\passivedoodads\wreckedrowboat\wreckedrowboat.m2;20719.33984375;28.87627601623535;14821.4990234375;-6.500000476837158;190.2560577392578;79.5;;1.0771484375;572556;m2;190677;0;
..\..\world\kalimdor\darkshore\passivedoodads\darkshorelogs\darkshorelog01.m2;20784.634765625;17.923723220825195;14568.2421875;18.999998092651367;145.99078369140625;-7.499999523162842;;1.650390625;572031;m2;201503;0;
..\..\world\azeroth\westfall\passivedoodads\wreckedrowboat\wreckedrowboat.m2;20725.705078125;27.314054489135742;14928.0302734375;0.000010458727047080174;2.15380859375;135.5;;1.1591796875;571936;m2;190677;0;
..\..\world\kalimdor\stonetalon\passivedoodads\trees\stonetreelog01.m2;20396.052734375;108.73493957519531;14752.787109375;75.9999771118164;30.5;0.000010587374163151253;;1;574562;m2;202633;0;
..\..\world\kalimdor\kalidar\passivedoodads\kalidarbushes\kalidarbush02.m2;20485.822265625;100.16515350341797;14643.958984375;0;0;0;;0.7197265625;276485;m2;202022;0;
..\..\world\kalimdor\kalidar\passivedoodads\kalidarbushes\kalidarbush02.m2;20444.603515625;103.20211791992188;14919.5791015625;0;0;0;;0.7197265625;278439;m2;202022;0;
..\..\world\khazmodan\wetlands\passivedoodads\bushes\wetlandshrub03.m2;20776.482421875;20.903453826904297;14588.107421875;0;13.008209228515625;0;;1.2802734375;572199;m2;203486;0;
..\..\world\khazmodan\wetlands\passivedoodads\bushes\wetlandshrub03.m2;20733.486328125;26.253753662109375;14806.3173828125;0;351.3534851074219;0;;1.3369140625;572536;m2;203486;0;
..\..\world\kalimdor\stonetalon\passivedoodads\trees\stonetreelog01.m2;20440.849609375;102.36921691894531;14635.2177734375;0;171.9962158203125;0;;0.9609375;574063;m2;202633;0;
..\..\world\generic\human\passivedoodads\outposts\generaloutpost04.m2;20269.912109375;103.1657485961914;14887.693359375;0;39;0;;1.08984375;574145;m2;198383;0;
..\..\world\critter\fish\fish01.m2;20697.462890625;34.71869659423828;14909.5966796875;0;326.8312683105469;0;;0.97265625;572652;m2;190733;0;
..\..\world\kalimdor\ashenvale\passivedoodads\ashenvalestumps\ashenvaletreestump03.m2;20278.72265625;137.1521759033203;14532.3486328125;0;210.99998474121094;0;;5.8896484375;561798;m2;201213;0;
..\..\world\critter\fish\fish01.m2;20710.626953125;34.036590576171875;14723.5185546875;0;259.8016357421875;0;;1.083984375;572725;m2;190733;0;
..\..\world\kalimdor\kalidar\passivedoodads\kalidarbushes\kalidarbush02.m2;20491.447265625;109.76790618896484;14666.630859375;0;0;0;;0.689453125;276522;m2;202022;0;
..\..\world\kalimdor\ashenvale\passivedoodads\ashenvalestumps\ashenvaletreestump01.m2;20493.580078125;119.4818115234375;14400.595703125;0;13;0;;0.3798828125;552426;m2;201211;0;
..\..\world\critter\fish\fish01.m2;20784.619140625;20.7784481048584;14556.3486328125;0;42.48541259765625;0;;0.943359375;572326;m2;190733;0;
..\..\world\khazmodan\wetlands\passivedoodads\bushes\wetlandshrub03.m2;20740.775390625;23.18716049194336;14678.537109375;0;262.3724670410156;0;;1.30078125;572546;m2;203486;0;
..\..\world\critter\fish\fish01.m2;20732.169921875;32.50666427612305;14853.041015625;0;52.2305908203125;0;;0.9365234375;572714;m2;190733;0;
..\..\world\kalimdor\kalidar\passivedoodads\kalidarbushes\kalidarbush04.m2;20582.068359375;92.17091369628906;14691.904296875;0;0;0;;2.0498046875;276453;m2;202024;0;
..\..\world\critter\fish\fish01.m2;20677.357421875;32.19914627075195;14869.0185546875;0;138.16827392578125;0;;0.93359375;572712;m2;190733;0;
..\..\world\kalimdor\darkshore\passivedoodads\darkshorelogs\darkshorelog01.m2;20754.552734375;20.668493270874023;14637.69921875;-22.499998092651367;240.24632263183594;5;;1.525390625;572030;m2;201503;0;
..\..\world\critter\fish\fish01.m2;20719.2421875;31.04269790649414;14824.1611328125;0;310.5270690917969;0;;0.9267578125;572719;m2;190733;0;
..\..\world\kalimdor\ashenvale\passivedoodads\ashenvalestumps\ashenvaletreestump03.m2;20420.427734375;99.64540100097656;14737.521484375;0;269.5;0;;5.6591796875;464701;m2;201213;0;
..\..\world\kalimdor\kalidar\passivedoodads\kalidarroots\kalidarroots03.m2;20600.154296875;65.4111099243164;14499.306640625;0;328;0;;1.5791015625;274975;m2;202040;0;
..\..\world\kalimdor\kalidar\passivedoodads\kalidarbushes\kalidarbush04.m2;20600.26953125;94.56217193603516;14564.6455078125;0;324;0;;1.5595703125;276462;m2;202024;0;
..\..\world\kalimdor\kalidar\passivedoodads\kalidarbushes\kalidarbush02.m2;20518.388671875;95.45135498046875;14604.1640625;0;0;0;;0.6591796875;276470;m2;202022;0;
..\..\world\generic\human\passivedoodads\outposts\generaloutpost04.m2;20282.251953125;102.89642333984375;14899.5859375;3.000000476837158;54.5;-13.500000953674316;;0.94921875;574147;m2;198383;0;
..\..\world\kalimdor\kalidar\passivedoodads\kalidarbushes\kalidarbush04.m2;20595.673828125;92.07041931152344;14677.87109375;0;0;0;;1.9794921875;276455;m2;202024;0;
..\..\world\generic\human\passivedoodads\outposts\generaloutpost04.m2;20619.19140625;92.0704116821289;14570.4716796875;0;301;0;;1;278718;m2;198383;0;
..\..\world\azeroth\elwynn\passivedoodads\catapult\catapult.m2;20526.873046875;93.9625015258789;14607.419921875;1.999999761581421;0;-8.5;;1;280064;m2;189709;0;
..\..\world\generic\human\passivedoodads\outposts\generaloutpost04.m2;20543.03125;105.1456527709961;14811.587890625;0;147;0;;1;278697;m2;198383;0;
..\..\world\generic\human\passivedoodads\outposts\generaloutpost04.m2;20504.28515625;105.18094635009766;14583.638671875;0;61;0;;1;278707;m2;198383;0;
..\..\world\generic\human\passivedoodads\outposts\generaloutpost04.m2;20519.93359375;105.9462890625;14551.9189453125;0;236.5;0;;1;278708;m2;198383;0;
..\..\world\generic\human\passivedoodads\outposts\generaloutpost04.m2;20688.4453125;108.94970703125;14473.982421875;0;207.5;0;;1;278722;m2;198383;0;
..\..\world\khazmodan\wetlands\passivedoodads\bushes\wetlandsshurb09.m2;20267.59765625;90.734619140625;14931.0322265625;-0.49999988079071045;142.89007568359375;7.000000953674316;;0.474609375;319303;m2;203499;0;
..\..\world\critter\fish\fish01.m2;20704.62109375;31.22580909729004;14771.93359375;0;292.8275451660156;0;;0.9345703125;572723;m2;190733;0;
..\..\world\generic\human\passivedoodads\outposts\generaloutpost04.m2;20508.052734375;111.07102966308594;14695.759765625;0;154;0;;1;278704;m2;198383;0;
..\..\world\generic\human\passivedoodads\outposts\generaloutpost04.m2;20407.7421875;103.8236083984375;14877.5185546875;0;154.5;0;;1;278729;m2;198383;0;
..\..\world\generic\human\passivedoodads\outposts\generaloutpost04.m2;20503.15625;109.46205139160156;14666.9228515625;0;245;0;;1;278700;m2;198383;0;
..\..\world\generic\human\passivedoodads\outposts\generaloutpost04.m2;20566.642578125;93.1021499633789;14662.3046875;0;335.5;0;;1;278710;m2;198383;0;
..\..\world\generic\human\passivedoodads\outposts\generaloutpost04.m2;20569.763671875;92.55010223388672;14587.7392578125;0;322;0;;1;278716;m2;198383;0;
..\..\world\generic\human\passivedoodads\outposts\generaloutpost04.m2;20545.224609375;105.13670349121094;14790.7080078125;0;218.5;0;;1;278696;m2;198383;0;
..\..\world\generic\human\passivedoodads\outposts\generaloutpost04.m2;20527.169921875;105.98197174072266;14575.9072265625;0;157;0;;1;278706;m2;198383;0;
..\..\world\generic\human\passivedoodads\outposts\generaloutpost04.m2;20528.48046875;104.98486328125;14785.919921875;0;292.5;0;;1;278695;m2;198383;0;
..\..\world\generic\human\passivedoodads\outposts\generaloutpost04.m2;20481.154296875;101.51123809814453;14604.40234375;0;320.5;0;;1;278740;m2;198383;0;
..\..\world\generic\human\passivedoodads\outposts\generaloutpost04.m2;20482.11328125;109.74556732177734;14694.2373046875;0;40;0;;1;278705;m2;198383;0;
..\..\world\critter\fish\fish01.m2;20735.69140625;31.3305606842041;14730.83984375;0;102.98898315429688;0;;0.986328125;572727;m2;190733;0;
..\..\world\generic\human\passivedoodads\outposts\generaloutpost04.m2;20674.900390625;109.83219909667969;14462.3544921875;0;250;0;;1;278723;m2;198383;0;
..\..\world\generic\human\passivedoodads\outposts\generaloutpost04.m2;20567.61328125;92.34761047363281;14670.166015625;0;19.5;0;;1;278709;m2;198383;0;
..\..\world\azeroth\elwynn\passivedoodads\catapult\catapult.m2;20562.58984375;92.26284790039062;14583.763671875;0.5;0;3.5;;1;280084;m2;189709;0;
..\..\world\generic\human\passivedoodads\outposts\generaloutpost04.m2;20488.134765625;109.82848358154297;14666.2978515625;0;289;0;;1;278699;m2;198383;0;
..\..\world\generic\human\passivedoodads\outposts\generaloutpost04.m2;20474.78515625;99.94418334960938;14634.5634765625;0;18;0;;1;278741;m2;198383;0;
..\..\world\khazmodan\wetlands\passivedoodads\bushes\wetlandshrub03.m2;20713.919921875;27.949626922607422;14883.0205078125;0;261.68035888671875;0;;1.193359375;572532;m2;203486;0;
..\..\world\kalimdor\kalidar\passivedoodads\kalidarbushes\kalidarbush04.m2;20710.6953125;46.58346939086914;14638.134765625;0;40;0;;1.4794921875;276203;m2;202024;0;
..\..\world\azeroth\elwynn\passivedoodads\catapult\catapult.m2;20534.830078125;92.52819061279297;14651.3642578125;0;0;0;;1;280065;m2;189709;0;
..\..\world\critter\fish\fish01.m2;20693.4140625;34.88579177856445;14857.755859375;0;35.8055419921875;0;;0.8642578125;572709;m2;190733;0;
..\..\world\kalimdor\kalidar\passivedoodads\kalidarbushes\kalidarbush04.m2;20560.193359375;92.1358413696289;14637.794921875;0;320.5;0;;1.4697265625;276474;m2;202024;0;
..\..\world\generic\human\passivedoodads\outposts\generaloutpost04.m2;20513.263671875;110.0067367553711;14683.5302734375;0;166.5;0;;1;278703;m2;198383;0;
..\..\world\generic\human\passivedoodads\outposts\generaloutpost04.m2;20584.291015625;92.07041931152344;14580.24609375;0;257;0;;1;278717;m2;198383;0;
..\..\world\generic\human\passivedoodads\outposts\generaloutpost04.m2;20659.416015625;109.83965301513672;14479.544921875;0;13;0;;1;278724;m2;198383;0;
..\..\world\critter\fish\fish01.m2;20732.712890625;33.29645538330078;14689.6484375;0;311.0434265136719;0;;0.8564453125;572734;m2;190733;0;
..\..\world\kalimdor\stonetalon\passivedoodads\tools\stonetalontools_saw01.m2;20432.166015625;111.80506134033203;14663.716796875;9.500000953674316;96.5;9.000001907348633;;0.5595703125;464789;m2;202616;0;
..\..\world\kalimdor\kalidar\passivedoodads\kalidarbushes\kalidarbush04.m2;20658.580078125;41.860050201416016;14724.537109375;0;0;0;;1.869140625;276199;m2;202024;0;
..\..\world\critter\fish\fish01.m2;20727.4296875;33.15073776245117;14665.9296875;0;304.143798828125;0;;0.8544921875;572735;m2;190733;0;
..\..\world\kalimdor\kalidar\passivedoodads\kalidarbushes\kalidarbush02.m2;20500.490234375;98.6969985961914;14600.8623046875;0;308;0;;0.619140625;276468;m2;202022;0;
..\..\world\kalimdor\kalidar\passivedoodads\kalidarbushes\kalidarbush03.m2;20493.62890625;110.08881378173828;14713.201171875;6;13.5;3.000000238418579;;0.7490234375;276497;m2;202023;0;
..\..\world\kalimdor\kalidar\passivedoodads\kalidarbushes\kalidarbush04.m2;20582.701171875;59.47719192504883;14509.9453125;0;35;0;;1.44921875;276219;m2;202024;0;
..\..\world\critter\fish\fish01.m2;20711.927734375;35.55249786376953;14816.087890625;0;357.83563232421875;0;;1.056640625;572717;m2;190733;0;
..\..\world\generic\human\passivedoodads\outposts\generaloutpost04.m2;20582.0703125;92.51976013183594;14679.7353515625;0;100.5;0;;1;278720;m2;198383;0;
..\..\world\kalimdor\ashenvale\passivedoodads\ashenvalestumps\ashenvaletreestump03.m2;20272.939453125;104.61547088623047;14859.748046875;6.999999523162842;39;7.999999046325684;;4.44921875;561783;m2;201213;0;
..\..\world\kalimdor\ashenvale\passivedoodads\ashenvalestumps\ashenvaletreestump03.m2;20422.8359375;108.21160888671875;14662.3583984375;0;104.5;0;;5.189453125;464708;m2;201213;0;
..\..\world\kalimdor\kalidar\passivedoodads\kalidarbushes\kalidarbush04.m2;20452.17578125;109.5774917602539;14680.07421875;0;36;0;;1.4296875;276505;m2;202024;0;
..\..\world\kalimdor\kalidar\passivedoodads\kalidarbushes\kalidarbush02.m2;20341.232421875;139.5550079345703;14415.8642578125;0;0;0;;0.609375;278364;m2;202022;0;
..\..\world\generic\human\passivedoodads\outposts\generaloutpost04.m2;20552.435546875;92.17101287841797;14609.728515625;0;261;0;;1;278714;m2;198383;0;
..\..\world\generic\orc\passivedoodads\hordebanners\hordebanner02.m2;20481.25390625;99.78313446044922;14611.6455078125;0;241.00001525878906;0;;1;464854;m2;199174;0;
..\..\world\generic\orc\passivedoodads\hordebanners\hordebanner02.m2;20477.12890625;99.10579681396484;14626.1953125;0;269.5;0;;1;464855;m2;199174;0;
..\..\world\generic\orc\passivedoodads\hordebanners\hordebanner02.m2;20265.74609375;102.57376861572266;14887.771484375;0;339.5;0;;1;574150;m2;199174;0;
..\..\world\generic\orc\passivedoodads\hordebanners\hordebanner02.m2;20446.24609375;102.10285186767578;14540.130859375;0;59.999176025390625;0;;1;574295;m2;199174;0;
..\..\world\generic\human\passivedoodads\outposts\generaloutpost04.m2;20408.875;104.00208282470703;14892.525390625;0;171.5;0;;1;278728;m2;198383;0;
..\..\world\kalimdor\ashenvale\passivedoodads\ashenvalestumps\ashenvaletreestump03.m2;20532.2109375;105.42064666748047;14480.3193359375;0;73;0;;5.1298828125;464736;m2;201213;0;
..\..\world\generic\human\passivedoodads\outposts\generaloutpost04.m2;20525.767578125;104.98486328125;14808.806640625;0;98;0;;1;278694;m2;198383;0;
..\..\world\generic\human\passivedoodads\outposts\generaloutpost04.m2;20478.33984375;110.26216888427734;14684.33984375;0;7.5;0;;1;278698;m2;198383;0;
..\..\world\critter\fish\fish01.m2;20795.83984375;29.002174377441406;14473.1435546875;0;67.7767333984375;0;;0.861328125;572318;m2;190733;0;
..\..\world\kalimdor\stonetalon\passivedoodads\tools\stonetalontools_saw01.m2;20366.62890625;100.44080352783203;14840.162109375;-15.000000953674316;74;22;;0.5498046875;464790;m2;202616;0;
..\..\world\critter\fish\fish01.m2;20731.048828125;26.61492156982422;14709.005859375;0;244.07969665527344;0;;0.845703125;572729;m2;190733;0;
..\..\world\kalimdor\kalidar\passivedoodads\kalidarbushes\kalidarbush02.m2;20602.111328125;49.807743072509766;14811.873046875;0;280;0;;0.599609375;276243;m2;202022;0;
..\..\world\kalimdor\kalidar\passivedoodads\kalidarbushes\kalidarbush04.m2;20572.76953125;92.2183609008789;14653.244140625;0;0;0;;1.7998046875;276456;m2;202024;0;
..\..\world\generic\human\passivedoodads\outposts\generaloutpost04.m2;20675.548828125;109.83965301513672;14491.921875;0;84;0;;1;278721;m2;198383;0;
..\..\world\critter\fish\fish01.m2;20714.83203125;33.02662658691406;14893.4892578125;0;246.3759307861328;0;;0.8408203125;572707;m2;190733;0;
..\..\world\generic\human\passivedoodads\outposts\generaloutpost04.m2;20630.837890625;92.77655792236328;14680.3359375;0;85;0;;1;278719;m2;198383;0;
..\..\world\kalimdor\kalidar\passivedoodads\kalidarroots\kalidarroots03.m2;20474.46484375;103.89965057373047;14718.447265625;0;241.5;0;;1.3994140625;274633;m2;202040;0;
..\..\world\kalimdor\darkshore\passivedoodads\ruins\darkshoreruinpillar05.m2;20754.5625;18.884599685668945;14666.9580078125;0;11.277618408203125;0;;2.404296875;571930;m2;201557;0;
..\..\world\kalimdor\kalidar\passivedoodads\kalidarbushes\kalidarbush04.m2;20615.34375;92.0704116821289;14581.7958984375;0;53.5;0;;1.359375;276460;m2;202024;0;
..\..\world\khazmodan\wetlands\passivedoodads\bushes\wetlandshrub03.m2;20790.802734375;25.269084930419922;14455.7734375;0;231.39012145996094;0;;0.9013671875;572175;m2;203486;0;
..\..\world\kalimdor\kalidar\passivedoodads\kalidarbushes\kalidarbush04.m2;20530.47265625;94.4041748046875;14593.037109375;0;62.5;0;;1.3798828125;276465;m2;202024;0;
..\..\world\generic\human\passivedoodads\outposts\generaloutpost04.m2;20551.849609375;92.32219696044922;14640.1767578125;0;92;0;;1;278711;m2;198383;0;
..\..\world\critter\fish\fish01.m2;20754.376953125;25.383737564086914;14642.380859375;0;181.20303344726562;0;;0.9931640625;572731;m2;190733;0;
..\..\world\critter\fish\fish01.m2;20736.9375;35.20088577270508;14700.056640625;0;306.9454040527344;0;;0.78125;572733;m2;190733;0;
..\..\world\khazmodan\wetlands\passivedoodads\bushes\wetlandshrub03.m2;20698.265625;29.02829360961914;14775.6728515625;0;278.39105224609375;0;;1.06640625;572538;m2;203486;0;
..\..\world\kalimdor\ashenvale\passivedoodads\ashenvalestumps\ashenvaletreestump03.m2;20269.1484375;112.8905029296875;14753.244140625;0;165.5;0;;4.8095703125;561790;m2;201213;0;
..\..\world\kalimdor\ashenvale\passivedoodads\ashenvalestumps\ashenvaletreestump03.m2;20285.662109375;115.42253875732422;14646.9404296875;0;246.5;0;;4.8095703125;561791;m2;201213;0;
..\..\world\critter\fish\fish01.m2;20773.17578125;30.45876693725586;14598.1884765625;0;296.7497863769531;0;;0.7919921875;572744;m2;190733;0;
..\..\world\kalimdor\kalidar\passivedoodads\kalidarbushes\kalidarbush04.m2;20649.353515625;92.94779205322266;14586.4072265625;0;301.5;0;;1.3291015625;276461;m2;202024;0;
..\..\world\generic\human\passivedoodads\outposts\generaloutpost04.m2;20567.90625;92.08185577392578;14594.35546875;0;0;0;;1;278715;m2;198383;0;
..\..\world\khazmodan\wetlands\passivedoodads\bushes\wetlandshrub03.m2;20711.10546875;30.625736236572266;14720.8330078125;0;275.2928161621094;0;;1.095703125;572543;m2;203486;0;
..\..\world\generic\human\passivedoodads\outposts\generaloutpost01.m2;20482.927734375;100.07482147216797;14609.2216796875;-0.5000001192092896;87.5;8.499999046325684;;1;278735;m2;198380;0;
..\..\world\kalimdor\kalidar\passivedoodads\kalidarbushes\kalidarbush04.m2;20423.19921875;109.81694793701172;14673.6015625;0;0;0;;1.669921875;276503;m2;202024;0;
..\..\world\kalimdor\darkshore\passivedoodads\darkshorelogs\darkshorelog02.m2;20741.74609375;23.3507022857666;14670.490234375;-17.5;283.1263122558594;8.5;;1.564453125;572554;m2;201504;0;
..\..\world\khazmodan\wetlands\passivedoodads\bushes\wetlandshrub03.m2;20712.125;25.12481117248535;14756.947265625;0;20.2154541015625;0;;0.9169921875;572541;m2;203486;0;
..\..\world\khazmodan\wetlands\passivedoodads\bushes\wetlandshrub03.m2;20747.75390625;24.931169509887695;14629.974609375;0;252.42958068847656;0;;0.9345703125;572548;m2;203486;0;
..\..\world\kalimdor\kalidar\passivedoodads\kalidarbushes\kalidarbush04.m2;20580.03515625;105.4139633178711;14466.9345703125;0;0;0;;1.619140625;276286;m2;202024;0;
..\..\world\kalimdor\darkshore\passivedoodads\ruins\darkshoreruinwall06.m2;20741.783203125;25.397537231445312;14810.9111328125;0;61.37957763671875;0;;1.375;571947;m2;201563;0;
..\..\world\kalimdor\kalidar\passivedoodads\kalidarbushes\kalidarbush04.m2;20558.3203125;92.11871337890625;14573.91796875;0;70.5;0;;1.3291015625;276464;m2;202024;0;
..\..\world\kalimdor\kalidar\passivedoodads\kalidarbushes\kalidarbush04.m2;20314.125;141.3304443359375;14451.537109375;0;0;0;;1.609375;278370;m2;202024;0;
..\..\world\khazmodan\wetlands\passivedoodads\bushes\wetlandshrub03.m2;20738.97265625;23.87686538696289;14721.4052734375;0;55.098114013671875;0;;0.8359375;572544;m2;203486;0;
..\..\world\critter\fish\fish01.m2;20709.25390625;33.27880859375;14827.197265625;0;355.9569091796875;0;;0.8896484375;572715;m2;190733;0;
..\..\world\kalimdor\ashenvale\passivedoodads\ashenvalestumps\ashenvaletreestump03.m2;20443.599609375;95.32896423339844;14890.134765625;0;86;0;;4.5;464749;m2;201213;0;
..\..\world\kalimdor\ashenvale\passivedoodads\ashenvalestumps\ashenvaletreestump01.m2;20530.689453125;103.68913269042969;14498.806640625;0;1;0;;0.33984375;464735;m2;201211;0;
..\..\world\kalimdor\ashenvale\passivedoodads\ashenvalestumps\ashenvaletreestump01.m2;20515.693359375;104.7200698852539;14536.5654296875;0;1;0;;0.33984375;552427;m2;201211;0;
..\..\world\kalimdor\ashenvale\passivedoodads\ashenvalestumps\ashenvaletreestump03.m2;20428.296875;120.0507583618164;14421.263671875;0;229.5;0;;4.4697265625;464769;m2;201213;0;
..\..\world\kalimdor\kalidar\passivedoodads\kalidarbushes\kalidarbush04.m2;20694.30078125;45.96533203125;14679.6865234375;0;0;0;;1.58984375;276201;m2;202024;0;
..\..\world\kalimdor\kalidar\passivedoodads\kalidarbushes\kalidarbush04.m2;20334.193359375;107.0235366821289;14910.1142578125;0;327;0;;1.2392578125;278433;m2;202024;0;
..\..\world\khazmodan\wetlands\passivedoodads\bushes\wetlandshrub03.m2;20757.3828125;27.25625991821289;14606.74609375;0;31.718505859375;0;;0.833984375;572550;m2;203486;0;
..\..\world\kalimdor\kalidar\passivedoodads\kalidarbushes\kalidarbush04.m2;20555.771484375;115.72461700439453;14416.5341796875;0;52;0;;1.2294921875;276306;m2;202024;0;
..\..\world\kalimdor\ashenvale\passivedoodads\ashenvalestumps\ashenvaletreestump03.m2;20284.7734375;108.59456634521484;14829.087890625;0;91.5;0;;4.44921875;561782;m2;201213;0;
..\..\world\khazmodan\wetlands\passivedoodads\bushes\wetlandshrub03.m2;20681.29296875;30.55576515197754;14782.9990234375;0;183.60911560058594;0;;1.0419921875;572539;m2;203486;0;
..\..\world\kalimdor\kalidar\passivedoodads\kalidarbushes\kalidarbush04.m2;20561.693359375;45.805416107177734;14736.3359375;0;0;0;;1.5693359375;276249;m2;202024;0;
..\..\world\generic\human\passivedoodads\outposts\generaloutpost01.m2;20479.0078125;99.02593231201172;14629.40234375;-0.49999988079071045;255.5;3.000000476837158;;1;278734;m2;198380;0;
..\..\world\khazmodan\wetlands\passivedoodads\bushes\wetlandshrub03.m2;20709.7578125;27.19185447692871;14926.0078125;0;190.4867706298828;0;;0.9541015625;572527;m2;203486;0;
..\..\world\critter\fish\fish01.m2;20709.560546875;29.76182746887207;14912.833984375;0;193.3872528076172;0;;0.7890625;572650;m2;190733;0;
..\..\world\kalimdor\kalidar\passivedoodads\kalidarbushes\kalidarbush04.m2;20573.431640625;92.12918853759766;14650.677734375;0;267;0;;1.5;276457;m2;202024;0;
..\..\world\khazmodan\wetlands\passivedoodads\bushes\wetlandshrub03.m2;20762.083984375;22.854951858520508;14633.35546875;0;157.50482177734375;0;;0.8515625;572549;m2;203486;0;
..\..\world\kalimdor\ashenvale\passivedoodads\ashenvalestumps\ashenvaletreestump03.m2;20455.42578125;101.1044692993164;14786.5791015625;0;222;0;;4.3291015625;464775;m2;201213;0;
..\..\world\kalimdor\ashenvale\passivedoodads\ashenvalestumps\ashenvaletreestump03.m2;20481.708984375;100.4206771850586;14817.630859375;0;222;0;;4.3291015625;552439;m2;201213;0;
..\..\world\kalimdor\kalidar\passivedoodads\kalidarbushes\kalidarbush04.m2;20749.38671875;78.54647827148438;14424.552734375;0;0;0;;1.5390625;276278;m2;202024;0;
..\..\world\kalimdor\kalidar\passivedoodads\kalidarbushes\kalidarbush04.m2;20562.66015625;92.2516860961914;14683.94921875;0;0;0;;1.5390625;276451;m2;202024;0;
..\..\world\kalimdor\kalidar\passivedoodads\kalidarbushes\kalidarbush04.m2;20601.271484375;61.4368782043457;14533.095703125;0;25.5;0;;1.2294921875;276223;m2;202024;0;
..\..\world\critter\fish\fish01.m2;20781.72265625;31.210046768188477;14516.2197265625;0;13.746063232421875;0;;0.7734375;572322;m2;190733;0;
..\..\world\kalimdor\kalidar\passivedoodads\kalidarbushes\kalidarbush04.m2;20724.4375;77.52678680419922;14466.677734375;0;0;0;;1.529296875;276259;m2;202024;0;
..\..\world\kalimdor\ashenvale\passivedoodads\ashenvalestumps\ashenvaletreestump03.m2;20356.71875;105.88392639160156;14871.0546875;0;138.5;0;;4.2392578125;464778;m2;201213;0;
..\..\world\khazmodan\wetlands\passivedoodads\bushes\wetlandshrub03.m2;20709.76953125;28.44929313659668;14830.388671875;0;24.33544921875;0;;0.8173828125;572535;m2;203486;0;
..\..\world\generic\orc\passivedoodads\tents\durotarorctent02.m2;20491.45703125;99.55377197265625;14634.0966796875;0;266;0;;1;274482;m2;199385;0;
..\..\world\khazmodan\wetlands\passivedoodads\bushes\wetlandshrub03.m2;20687.34765625;28.847904205322266;14852.76171875;0;199.07833862304688;0;;0.84375;572533;m2;203486;0;
..\..\world\kalimdor\ashenvale\passivedoodads\ashenvalestumps\ashenvaletreestump03.m2;20384.505859375;100.4985122680664;14787.927734375;0;154.5;0;;4.2099609375;552435;m2;201213;0;
..\..\world\kalimdor\kalidar\passivedoodads\kalidarbushes\kalidarbush04.m2;20657.56640625;105.72367095947266;14486.3779296875;0;0;0;;1.4794921875;276281;m2;202024;0;
..\..\world\critter\fish\fish01.m2;20752.33984375;21.795913696289062;14659.505859375;0;172.51629638671875;0;;0.787109375;572738;m2;190733;0;
..\..\world\kalimdor\kalidar\passivedoodads\kalidarbushes\kalidarbush04.m2;20329.7265625;141.1034393310547;14419.4111328125;0;29;0;;1.1591796875;278368;m2;202024;0;
..\..\world\kalimdor\kalidar\passivedoodads\kalidarbushes\kalidarbush04.m2;20415.30078125;130.08340454101562;14465.1923828125;0;0;0;;1.4599609375;276419;m2;202024;0;
..\..\world\kalimdor\kalidar\passivedoodads\kalidarbushes\kalidarbush04.m2;20614.025390625;107.25454711914062;14450.4013671875;0;307;0;;1.1298828125;276283;m2;202024;0;
..\..\world\kalimdor\kalidar\passivedoodads\kalidarbushes\kalidarbush04.m2;20726.36328125;72.07096099853516;14493.8603515625;0;0;0;;1.44921875;276261;m2;202024;0;
..\..\world\kalimdor\kalidar\passivedoodads\kalidarbushes\kalidarbush04.m2;20339.73046875;139.52386474609375;14416.93359375;0;0;0;;1.44921875;278366;m2;202024;0;
..\..\world\kalimdor\ashenvale\passivedoodads\ashenvalestumps\ashenvaletreestump03.m2;20556.505859375;116.90284729003906;14417.388671875;0;112.5;0;;4.0498046875;464771;m2;201213;0;
..\..\world\critter\fish\fish01.m2;20686.32421875;36.278141021728516;14903.80859375;0;185.94927978515625;0;;0.7705078125;572653;m2;190733;0;
..\..\world\khazmodan\wetlands\passivedoodads\bushes\wetlandshrub03.m2;20689.37890625;31.669485092163086;14930.4072265625;0;154.9669189453125;0;;0.767578125;572528;m2;203486;0;
..\..\world\kalimdor\kalidar\passivedoodads\kalidarbushes\kalidarbush04.m2;20578.958984375;47.784786224365234;14905.646484375;0;0;0;;1.4091796875;276186;m2;202024;0;
..\..\world\kalimdor\kalidar\passivedoodads\kalidarbushes\kalidarbush04.m2;20311.30078125;132.06507873535156;14524.583984375;0;0;0;;1.3896484375;278351;m2;202024;0;
..\..\world\critter\fish\fish01.m2;20750.3671875;29.229183197021484;14647.005859375;0;0.32958984375;0;;0.8076171875;572736;m2;190733;0;
..\..\world\kalimdor\kalidar\passivedoodads\kalidarbushes\kalidarbush04.m2;20704.36328125;59.25313949584961;14531.9345703125;0;0;0;;1.3798828125;276258;m2;202024;0;
..\..\world\kalimdor\ashenvale\passivedoodads\ashenvalestumps\ashenvaletreestump01.m2;20517.91015625;103.9242172241211;14533.7705078125;0;251.5;0;;0.2392578125;552428;m2;201211;0;
..\..\world\kalimdor\ashenvale\passivedoodads\ashenvalestumps\ashenvaletreestump01.m2;20420.62109375;110.60975646972656;14593.1455078125;0;251.5;0;;0.2392578125;552430;m2;201211;0;
..\..\world\kalimdor\kalidar\passivedoodads\kalidarbushes\kalidarbush04.m2;20627.5546875;60.68210220336914;14505.74609375;0;0;0;;1.369140625;276216;m2;202024;0;
..\..\world\kalimdor\kalidar\passivedoodads\kalidarbushes\kalidarbush04.m2;20655.64453125;41.81046676635742;14727.3955078125;0;0;0;;1.359375;276200;m2;202024;0;
..\..\world\generic\goblin\passivedoodads\goblinshreddersuit\goblinshreddersuit01.m2;20452.4375;104.71687316894531;14505.60546875;-70.99999237060547;0;-0.49999988079071045;;1;574059;m2;197789;0;
..\..\world\kalimdor\kalidar\passivedoodads\kalidarbushes\kalidarbush04.m2;20580.029296875;109.7452163696289;14444.771484375;0;0;0;;1.349609375;276284;m2;202024;0;
..\..\world\generic\goblin\passivedoodads\goblinshreddersuit\goblinshreddersuit02.m2;20469.173828125;104.59191131591797;14504.8125;0;55;0;;1;574060;m2;197790;0;
..\..\world\generic\goblin\passivedoodads\goblinshreddersuit\goblinshreddersuit01.m2;20542.0546875;92.76510620117188;14593.103515625;-2.5;7.5;-6.5;;1;464798;m2;197789;0;
..\..\world\khazmodan\wetlands\passivedoodads\bushes\wetlandshrub03.m2;20799.537109375;21.19139289855957;14568.427734375;0;161.70172119140625;0;;0.755859375;572170;m2;203486;0;
..\..\world\azeroth\elwynn\passivedoodads\detail\elwynnseaweed01\elwynnseaweed01.m2;20771.8359375;24.253564834594727;14653.6904296875;0;324.7409973144531;0;;1.4951171875;571829;m2;189772;0;
..\..\world\kalimdor\kalidar\passivedoodads\kalidartreestumps\kalidartreestump01.m2;20536.71484375;92.74801635742188;14662.326171875;0;276.5;0;;1;275785;m2;202059;0;
..\..\world\kalimdor\kalidar\passivedoodads\kalidarbushes\kalidarbush04.m2;20611.37890625;61.08602523803711;14501.048828125;0;0;0;;1.3291015625;276217;m2;202024;0;
..\..\world\kalimdor\kalidar\passivedoodads\kalidarbushes\kalidarbush04.m2;20299.20703125;115.91851043701172;14625.7177734375;0;0;0;;1.3291015625;278346;m2;202024;0;
..\..\world\azeroth\elwynn\passivedoodads\detail\elwynnseaweed01\elwynnseaweed01.m2;20800.205078125;17.981210708618164;14399.1318359375;0;155.0548095703125;0;;1.4794921875;571882;m2;189772;0;
..\..\world\kalimdor\kalidar\passivedoodads\kalidarbushes\kalidarbush04.m2;20675.21484375;55.0383415222168;14550.6357421875;0;0;0;;1.3193359375;276209;m2;202024;0;
..\..\world\kalimdor\kalidar\passivedoodads\kalidarbushes\kalidarbush04.m2;20615.25;120.51895904541016;14407.8740234375;0;0;0;;1.3193359375;276302;m2;202024;0;
..\..\world\kalimdor\kalidar\passivedoodads\kalidarbushes\kalidarbush04.m2;20505.20703125;105.03945922851562;14581.4580078125;0;0;0;;1.3193359375;276411;m2;202024;0;
..\..\world\khazmodan\wetlands\passivedoodads\bushes\wetlandshrub03.m2;20744.513671875;23.702966690063477;14646.5361328125;0;270.03021240234375;0;;0.919921875;572547;m2;203486;0;
..\..\world\azeroth\elwynn\passivedoodads\detail\elwynnseaweed01\elwynnseaweed01.m2;20796.75390625;19.900419235229492;14445.345703125;0;285.2247619628906;0;;1.470703125;571874;m2;189772;0;
..\..\world\azeroth\elwynn\passivedoodads\detail\elwynnseaweed01\elwynnseaweed01.m2;20712.00390625;24.684417724609375;14774.0302734375;0;321.2280578613281;0;;1.470703125;572402;m2;189772;0;
..\..\world\azeroth\elwynn\passivedoodads\detail\elwynnseaweed01\elwynnseaweed01.m2;20739.45703125;23.364322662353516;14726.982421875;0;149.56146240234375;0;;1.4697265625;572397;m2;189772;0;
..\..\world\azeroth\elwynn\passivedoodads\detail\elwynnseaweed01\elwynnseaweed01.m2;20796.150390625;19.126001358032227;14565.3515625;0;43.3533935546875;0;;1.4609375;571847;m2;189772;0;
..\..\world\azeroth\elwynn\passivedoodads\detail\elwynnseaweed01\elwynnseaweed01.m2;20730.76171875;29.0889892578125;14924.7529296875;0;174.44622802734375;0;;1.453125;572432;m2;189772;0;
..\..\world\azeroth\elwynn\passivedoodads\detail\elwynnseaweed01\elwynnseaweed01.m2;20785.04296875;20.516450881958008;14545.447265625;0;294.36566162109375;0;;1.4501953125;571853;m2;189772;0;
..\..\world\azeroth\elwynn\passivedoodads\detail\elwynnseaweed01\elwynnseaweed01.m2;20755.95703125;27.250179290771484;14704.369140625;0;194.03546142578125;0;;1.443359375;572395;m2;189772;0;
..\..\world\azeroth\elwynn\passivedoodads\detail\elwynnseaweed01\elwynnseaweed01.m2;20787.03515625;27.09687614440918;14473.3359375;0;320.821533203125;0;;1.4423828125;571870;m2;189772;0;
..\..\world\kalimdor\kalidar\passivedoodads\kalidarbushes\kalidarbush04.m2;20507.677734375;110.40084838867188;14693.5673828125;0;52;0;;1;276491;m2;202024;0;
..\..\world\kalimdor\kalidar\passivedoodads\kalidarbushes\kalidarbush04.m2;20484.90234375;100.21337127685547;14788.55859375;0;307;0;;1;276527;m2;202024;0;
..\..\world\kalimdor\kalidar\passivedoodads\kalidarbushes\kalidarbush04.m2;20610.17578125;45.996177673339844;14887.1328125;0;306;0;;1;276240;m2;202024;0;
..\..\world\kalimdor\kalidar\passivedoodads\kalidarbushes\kalidarbush04.m2;20678.81640625;105.35701751708984;14435.2021484375;0;324.5;0;;1;276267;m2;202024;0;
..\..\world\kalimdor\darkshore\passivedoodads\ruins\darkshoreruinwall06.m2;20729.025390625;26.780738830566406;14655.630859375;0;304.439208984375;0;;1.08984375;571948;m2;201563;0;
..\..\world\azeroth\elwynn\passivedoodads\detail\elwynnseaweed01\elwynnseaweed01.m2;20677.48046875;31.021570205688477;14839.60546875;0;223.10617065429688;0;;1.4365234375;572412;m2;189772;0;
..\..\world\kalimdor\kalidar\passivedoodads\kalidarbushes\kalidarbush04.m2;20585.517578125;121.12444305419922;14419.908203125;0;315;0;;1;276305;m2;202024;0;
..\..\world\kalimdor\kalidar\passivedoodads\kalidarbushes\kalidarbush04.m2;20555.39453125;111.92768096923828;14464.5986328125;0;0;0;;1.279296875;276307;m2;202024;0;
..\..\world\kalimdor\kalidar\passivedoodads\kalidarbushes\kalidarbush04.m2;20654.755859375;105.23596954345703;14486.8759765625;0;302.5;0;;1;276282;m2;202024;0;
..\..\world\azeroth\elwynn\passivedoodads\detail\elwynnseaweed01\elwynnseaweed01.m2;20733.62890625;27.700416564941406;14643.15234375;0;282.34259033203125;0;;1.4228515625;571828;m2;189772;0;
..\..\world\generic\orc\passivedoodads\lanterns\orchanginglantern.m2;20667.318359375;119.81517028808594;14469.62890625;0;336;0;;1;565474;m2;199201;0;
..\..\world\kalimdor\ashenvale\passivedoodads\ashenvalestumps\ashenvaletreestump03.m2;20289.03515625;112.65831756591797;14671.7021484375;0;276.5;0;;3.5595703125;464755;m2;201213;0;
..\..\world\kalimdor\ashenvale\passivedoodads\ashenvalestumps\ashenvaletreestump03.m2;20277.90625;112.8546371459961;14750.091796875;0;64;0;;3.5595703125;552409;m2;201213;0;
..\..\world\kalimdor\ashenvale\passivedoodads\ashenvalestumps\ashenvaletreestump03.m2;20285.6875;111.75704956054688;14740.0341796875;0;16.5;0;;3.5595703125;552410;m2;201213;0;
..\..\world\generic\orc\passivedoodads\banners\clanbanner.m2;20493.91015625;105.43560791015625;14579.404296875;0;287;0;;1;274440;m2;199056;0;
..\..\world\generic\orc\passivedoodads\banners\clanbanner.m2;20504.00390625;110.2657470703125;14699.08984375;0;2;0;;1;274469;m2;199056;0;
..\..\world\generic\orc\passivedoodads\banners\clanbanner.m2;20547.009765625;92.55384826660156;14613.4697265625;0;270;0;;1;274470;m2;199056;0;
..\..\world\generic\orc\passivedoodads\banners\clanbanner.m2;20545.98828125;92.86312866210938;14636.5634765625;0;265;0;;1;274471;m2;199056;0;
..\..\world\generic\orc\passivedoodads\banners\clanbanner.m2;20500.958984375;97.32855987548828;14611.7890625;0;0;0;;1;274486;m2;199056;0;
..\..\world\generic\orc\passivedoodads\banners\clanbanner.m2;20497.048828125;99.1221923828125;14635.185546875;0;158.5;0;;1;274487;m2;199056;0;
..\..\world\generic\orc\passivedoodads\banners\clanbanner.m2;20525.265625;104.98486328125;14787.9365234375;0;272.5;0;;1;278524;m2;199056;0;
..\..\world\generic\orc\passivedoodads\banners\clanbanner.m2;20520.822265625;104.98486328125;14804.3154296875;0;267;0;;1;278525;m2;199056;0;
..\..\world\generic\orc\passivedoodads\banners\clanbanner.m2;20659.20703125;109.78556823730469;14475.849609375;0;229.5;0;;1;278526;m2;199056;0;
..\..\world\generic\orc\passivedoodads\banners\clanbanner.m2;20670.55078125;109.84010314941406;14462.5166015625;0;229.5;0;;1;278527;m2;199056;0;
..\..\world\generic\orc\passivedoodads\banners\clanbanner.m2;20485.263671875;109.99800872802734;14698.69921875;0;8.5;0;;1;278528;m2;199056;0;
..\..\world\generic\orc\passivedoodads\banners\clanbanner.m2;20388.02734375;104.55650329589844;14872.5048828125;0;183.5;0;;1;278529;m2;199056;0;
..\..\world\generic\orc\passivedoodads\banners\clanbanner.m2;20405.19140625;103.79972839355469;14871.7421875;0;181.5;0;;1;278530;m2;199056;0;
..\..\world\azeroth\elwynn\passivedoodads\detail\elwynnseaweed01\elwynnseaweed01.m2;20740.380859375;22.458843231201172;14702.7509765625;0;21.70965576171875;0;;1.3955078125;571839;m2;189772;0;
..\..\world\azeroth\elwynn\passivedoodads\detail\elwynnseaweed01\elwynnseaweed01.m2;20794.44921875;21.01935577392578;14458.416015625;0;75.5003662109375;0;;1.3935546875;571873;m2;189772;0;
..\..\world\khazmodan\wetlands\passivedoodads\bushes\wetlandshrub03.m2;20796.888671875;21.605112075805664;14529.65625;0;176.7314453125;0;;0.8271484375;572172;m2;203486;0;
..\..\world\azeroth\elwynn\passivedoodads\detail\elwynnseaweed01\elwynnseaweed01.m2;20722.3671875;27.431379318237305;14687.6552734375;0;220.2825927734375;0;;1.390625;571924;m2;189772;0;
..\..\world\kalimdor\kalidar\passivedoodads\kalidarbushes\kalidarbush04.m2;20582.896484375;52.4334602355957;14769.3671875;0;293.5;0;;1;276248;m2;202024;0;
..\..\world\azeroth\elwynn\passivedoodads\detail\elwynnseaweed01\elwynnseaweed01.m2;20741.666015625;22.78311538696289;14677.2490234375;0;353.53985595703125;0;;1.388671875;571923;m2;189772;0;
..\..\world\kalimdor\kalidar\passivedoodads\kalidarbushes\kalidarbush04.m2;20613.431640625;58.80329132080078;14532.1474609375;0;337.5;0;;1;276228;m2;202024;0;
..\..\world\generic\human\passivedoodads\outposts\generaloutpost05.m2;20521.951171875;104.9860610961914;14807.1904296875;0;54;0;;1;278693;m2;198384;0;
..\..\world\generic\human\passivedoodads\outposts\generaloutpost05.m2;20386.39453125;105.19429016113281;14880.8203125;0;53.5;0;;1;278730;m2;198384;0;
..\..\world\azeroth\elwynn\passivedoodads\detail\elwynnseaweed01\elwynnseaweed01.m2;20747.701171875;25.05379867553711;14628.646484375;0;227.61070251464844;0;;1.380859375;571831;m2;189772;0;
..\..\world\kalimdor\kalidar\passivedoodads\kalidarbushes\kalidarbush04.m2;20695.8828125;46.82630920410156;14677.4208984375;0;292;0;;1;276202;m2;202024;0;
..\..\world\kalimdor\kalidar\passivedoodads\kalidarbushes\kalidarbush04.m2;20616.34765625;58.70919418334961;14531.5615234375;0;0;0;;1.2294921875;276227;m2;202024;0;
..\..\world\kalimdor\kalidar\passivedoodads\kalidarbushes\kalidarbush04.m2;20602.80078125;46.01972961425781;14737.666015625;0;0;0;;1.2294921875;276257;m2;202024;0;
..\..\world\kalimdor\kalidar\passivedoodads\kalidarbushes\kalidarbush04.m2;20571.5625;91.6764907836914;14559.6435546875;0;0;0;;1.2294921875;276463;m2;202024;0;
..\..\world\generic\human\passivedoodads\outposts\generaloutpost05.m2;20547.90234375;92.83317565917969;14638.7890625;0;28;0;;1;278712;m2;198384;0;
..\..\world\azeroth\elwynn\passivedoodads\detail\elwynnseaweed01\elwynnseaweed01.m2;20800.283203125;21.42982292175293;14573.310546875;0;352.5510559082031;0;;1.37109375;571848;m2;189772;0;
..\..\world\kalimdor\kalidar\passivedoodads\kalidarbushes\kalidarbush04.m2;20698.263671875;93.68264770507812;14409.4755859375;0;69;0;;1;276270;m2;202024;0;
..\..\world\khazmodan\wetlands\passivedoodads\bushes\wetlandshrub03.m2;20688.34765625;31.47664451599121;14935.1767578125;0;9.63531494140625;0;;0.7509765625;572529;m2;203486;0;
..\..\world\generic\human\passivedoodads\outposts\generaloutpost05.m2;20548.1640625;92.46508026123047;14610.6396484375;0;316;0;;1;278713;m2;198384;0;
..\..\world\generic\human\passivedoodads\outposts\generaloutpost05.m2;20407.56640625;104.11995697021484;14888.5703125;0;226;0;;1;278727;m2;198384;0;
..\..\world\generic\human\passivedoodads\outposts\generaloutpost05.m2;20275.26953125;102.49021911621094;14892.87109375;0;45.5;0;;1;574146;m2;198384;0;
..\..\world\kalimdor\kalidar\passivedoodads\kalidarbushes\kalidarbush04.m2;20621.90625;117.67134857177734;14430.9892578125;0;0;0;;1.2099609375;276271;m2;202024;0;
..\..\world\azeroth\elwynn\passivedoodads\detail\elwynnseaweed01\elwynnseaweed01.m2;20683.6640625;30.68592643737793;14777.7041015625;0;296.6289367675781;0;;1.353515625;572408;m2;189772;0;
..\..\world\azeroth\elwynn\passivedoodads\detail\elwynnseaweed01\elwynnseaweed01.m2;20779.685546875;20.68458366394043;14587.005859375;0;280.8301086425781;0;;1.353515625;571845;m2;189772;0;
..\..\world\khazmodan\wetlands\passivedoodads\bushes\wetlandshrub03.m2;20691.4609375;28.749568939208984;14809.9208984375;0;93.99090576171875;0;;0.7958984375;572537;m2;203486;0;
..\..\world\generic\goblin\passivedoodads\goblinshreddersuit\goblinshreddersuit01.m2;20480.45703125;99.72935485839844;14636.900390625;0;102.5;0;;1;464796;m2;197789;0;
..\..\world\generic\goblin\passivedoodads\goblinshreddersuit\goblinshreddersuit01.m2;20487.080078125;100.0454330444336;14608.0986328125;0;25.5;0;;1;464797;m2;197789;0;
..\..\world\generic\goblin\passivedoodads\goblinshreddersuit\goblinshreddersuit01.m2;20521.080078125;106.20696258544922;14579.2998046875;0;0;0;;1;464799;m2;197789;0;
..\..\world\generic\goblin\passivedoodads\goblinshreddersuit\goblinshreddersuit01.m2;20508.181640625;110.50408935546875;14703.7490234375;0;276;0;;1;464802;m2;197789;0;
..\..\world\generic\goblin\passivedoodads\goblinshreddersuit\goblinshreddersuit01.m2;20464.251953125;104.59113311767578;14504.142578125;0;8.5;0;;1;574057;m2;197789;0;
..\..\world\generic\goblin\passivedoodads\goblinshreddersuit\goblinshreddersuit01.m2;20458.73828125;104.73184967041016;14504.2490234375;0;48.5;0;;1;574058;m2;197789;0;
..\..\world\azeroth\elwynn\passivedoodads\detail\elwynnseaweed01\elwynnseaweed01.m2;20712.3828125;26.023496627807617;14901.0517578125;0;139.4317626953125;0;;1.3486328125;572434;m2;189772;0;
..\..\world\azeroth\elwynn\passivedoodads\detail\elwynnseaweed01\elwynnseaweed01.m2;20792.81640625;20.312108993530273;14499.7333984375;0;6.49310302734375;0;;1.3486328125;571861;m2;189772;0;
..\..\world\generic\human\passivedoodads\outposts\generaloutpost05.m2;20676.671875;109.83965301513672;14465.248046875;0;158.5;0;;1;278725;m2;198384;0;
..\..\world\kalimdor\kalidar\passivedoodads\kalidarbushes\kalidarbush04.m2;20406.533203125;104.15392303466797;14877.7236328125;0;32.5;0;;0.939453125;278465;m2;202024;0;
..\..\world\azeroth\elwynn\passivedoodads\detail\elwynnseaweed01\elwynnseaweed01.m2;20753.419921875;25.18492317199707;14691.544921875;0;63.1513671875;0;;1.3447265625;571837;m2;189772;0;
..\..\world\azeroth\elwynn\passivedoodads\detail\elwynnseaweed01\elwynnseaweed01.m2;20708.708984375;29.02992057800293;14873.724609375;0;24.280517578125;0;;1.330078125;572416;m2;189772;0;
..\..\world\azeroth\elwynn\passivedoodads\detail\elwynnseaweed01\elwynnseaweed01.m2;20703.869140625;27.114032745361328;14751.3134765625;0;243.8929443359375;0;;1.326171875;572405;m2;189772;0;
..\..\world\generic\human\passivedoodads\outposts\generaloutpost05.m2;20498.98828125;110.15706634521484;14665.880859375;0;287.5;0;;1;278701;m2;198384;0;
..\..\world\generic\human\passivedoodads\outposts\generaloutpost05.m2;20480.0625;99.9041748046875;14612.7216796875;0;342.5;0;;1;278739;m2;198384;0;
..\..\world\kalimdor\kalidar\passivedoodads\kalidarbushes\kalidarbush04.m2;20613.390625;60.56629180908203;14502.2119140625;0;74.5;0;;1;276218;m2;202024;0;
..\..\world\kalimdor\kalidar\passivedoodads\kalidarbushes\kalidarbush04.m2;20423.552734375;110.65731048583984;14669.9228515625;0;254.5;0;;1;276504;m2;202024;0;
..\..\world\kalimdor\kalidar\passivedoodads\kalidarbushes\kalidarbush04.m2;20617.673828125;92.95510864257812;14691.40234375;0;0;0;;1.1796875;276490;m2;202024;0;
..\..\world\azeroth\elwynn\passivedoodads\detail\elwynnseaweed01\elwynnseaweed01.m2;20683.7265625;30.01016616821289;14883.2197265625;0;61.98675537109375;0;;1.3212890625;572428;m2;189772;0;
..\..\world\azeroth\elwynn\passivedoodads\detail\elwynnseaweed01\elwynnseaweed01.m2;20739.091796875;25.663232803344727;14775.8740234375;0;138.67364501953125;0;;1.3212890625;572400;m2;189772;0;
..\..\world\azeroth\elwynn\passivedoodads\detail\elwynnseaweed01\elwynnseaweed01.m2;20701.466796875;27.24151039123535;14861.275390625;0;35.6737060546875;0;;1.3134765625;572424;m2;189772;0;
..\..\world\azeroth\elwynn\passivedoodads\detail\elwynnseaweed01\elwynnseaweed01.m2;20701.05078125;27.75324821472168;14764.3447265625;0;19.8968505859375;0;;1.310546875;572404;m2;189772;0;
..\..\world\kalimdor\kalidar\passivedoodads\kalidarbushes\kalidarbush04.m2;20323.97265625;140.31332397460938;14425.064453125;0;0;0;;1.169921875;278369;m2;202024;0;
..\..\world\kalimdor\kalidar\passivedoodads\kalidarbushes\kalidarbush04.m2;20577.2890625;106.08999633789062;14467.919921875;0;346;0;;1;276287;m2;202024;0;
..\..\world\azeroth\elwynn\passivedoodads\detail\elwynnseaweed01\elwynnseaweed01.m2;20741.21875;27.26532554626465;14815.103515625;0;202.86874389648438;0;;1.3037109375;572419;m2;189772;0;
..\..\world\azeroth\elwynn\passivedoodads\detail\elwynnseaweed01\elwynnseaweed01.m2;20775.693359375;25.490283966064453;14649.822265625;0;9.56939697265625;0;;1.302734375;571922;m2;189772;0;
..\..\world\azeroth\elwynn\passivedoodads\detail\elwynnseaweed01\elwynnseaweed01.m2;20800.98046875;16.56064796447754;14494.2021484375;0;129.01638793945312;0;;1.302734375;571864;m2;189772;0;
..\..\world\kalimdor\kalidar\passivedoodads\kalidarbushes\kalidarbush04.m2;20408.25390625;103.52176666259766;14876.099609375;0;87.5;0;;1.119140625;278464;m2;202024;0;
..\..\world\azeroth\elwynn\passivedoodads\detail\elwynnseaweed01\elwynnseaweed01.m2;20779.583984375;28.52286148071289;14478.365234375;0;72.95144653320312;0;;1.294921875;571869;m2;189772;0;
..\..\world\azeroth\elwynn\passivedoodads\detail\elwynnseaweed01\elwynnseaweed01.m2;20733.95703125;25.580551147460938;14765.7373046875;0;326.40277099609375;0;;1.28515625;572401;m2;189772;0;
..\..\world\kalimdor\darkshore\passivedoodads\ruins\darkshoreruinpillar05.m2;20699.80859375;26.130558013916016;14903.9228515625;0;158.9111328125;0;;1.453125;571929;m2;201557;0;
..\..\world\kalimdor\kalidar\passivedoodads\kalidarbushes\kalidarbush04.m2;20496.634765625;109.55741119384766;14714.6728515625;0;10.5;0;;1;276524;m2;202024;0;
..\..\world\azeroth\elwynn\passivedoodads\detail\elwynnseaweed01\elwynnseaweed01.m2;20744.98828125;22.57872772216797;14699.927734375;0;345.68438720703125;0;;1.2646484375;571838;m2;189772;0;
..\..\world\generic\nightelf\passivedoodads\stonerunes\kalidarstonerune02.m2;20734.416015625;25.811208724975586;14796.3486328125;0;67.6558837890625;0;;1.2734375;571946;m2;198950;0;
..\..\world\azeroth\elwynn\passivedoodads\detail\elwynnseaweed01\elwynnseaweed01.m2;20723.4921875;26.93433952331543;14804.32421875;0;266.1739196777344;0;;1.2548828125;572421;m2;189772;0;
..\..\world\azeroth\elwynn\passivedoodads\detail\elwynnseaweed01\elwynnseaweed01.m2;20776.16015625;26.977947235107422;14525.17578125;0;281.92877197265625;0;;1.2470703125;571860;m2;189772;0;
..\..\world\generic\human\passivedoodads\outposts\generaloutpost05.m2;20476.33203125;99.3249740600586;14624.9716796875;0;351.5;0;;1;278742;m2;198384;0;
..\..\world\azeroth\elwynn\passivedoodads\detail\elwynnseaweed01\elwynnseaweed01.m2;20762.798828125;25.16199493408203;14585.93359375;0;250.03448486328125;0;;1.23828125;571843;m2;189772;0;
..\..\world\kalimdor\ashenvale\passivedoodads\ashenvalestumps\ashenvaletreestump03.m2;20307.068359375;108.90762329101562;14770.9453125;0;98;0;;3.109375;574176;m2;201213;0;
..\..\world\azeroth\elwynn\passivedoodads\detail\elwynnseaweed01\elwynnseaweed01.m2;20757.125;21.877948760986328;14634.2353515625;0;241.88238525390625;0;;1.236328125;571832;m2;189772;0;
..\..\world\kalimdor\kalidar\passivedoodads\kalidarbushes\kalidarbush04.m2;20517.423828125;95.74967956542969;14605.916015625;0;352;0;;1;276469;m2;202024;0;
..\..\world\kalimdor\kalidar\passivedoodads\kalidarbushes\kalidarbush04.m2;20490.00390625;109.9207992553711;14666.4990234375;0;8;0;;1;276492;m2;202024;0;
..\..\world\generic\human\passivedoodads\outposts\generaloutpost05.m2;20512.33203125;110.15763854980469;14678.810546875;0;187.5;0;;1;278702;m2;198384;0;
..\..\world\kalimdor\ashenvale\passivedoodads\ashenvalestumps\ashenvaletreestump03.m2;20285.39453125;102.46890258789062;14854.4921875;0;54;0;;3.0791015625;561784;m2;201213;0;
..\..\world\azeroth\elwynn\passivedoodads\detail\elwynnseaweed01\elwynnseaweed01.m2;20688.443359375;26.97199058532715;14833.748046875;0;47.94580078125;0;;1.216796875;572423;m2;189772;0;
..\..\world\azeroth\elwynn\passivedoodads\detail\elwynnseaweed01\elwynnseaweed01.m2;20688.53515625;27.9044189453125;14869.357421875;0;223.51268005371094;0;;1.2080078125;572415;m2;189772;0;
..\..\world\generic\human\passivedoodads\outposts\generaloutpost05.m2;20661.84375;109.7621078491211;14481.2958984375;0;95;0;;1;278726;m2;198384;0;
..\..\world\azeroth\elwynn\passivedoodads\detail\elwynnseaweed01\elwynnseaweed01.m2;20754.208984375;27.76171875;14606.1767578125;0;312.8013000488281;0;;1.2021484375;571842;m2;189772;0;
..\..\world\kalimdor\darkshore\passivedoodads\darkshorelogs\darkshorelog01.m2;20754.73046875;20.73502540588379;14641.0078125;0;288.147216796875;0;;0.80859375;572029;m2;201503;0;
..\..\world\azeroth\elwynn\passivedoodads\detail\elwynnseaweed01\elwynnseaweed01.m2;20775.00390625;23.89127540588379;14548.1533203125;0;23.269744873046875;0;;1.197265625;571850;m2;189772;0;
..\..\world\azeroth\elwynn\passivedoodads\detail\elwynnseaweed01\elwynnseaweed01.m2;20797.314453125;20.025012969970703;14480.3916015625;0;352.4521484375;0;;1.197265625;571868;m2;189772;0;
..\..\world\azeroth\elwynn\passivedoodads\detail\elwynnseaweed01\elwynnseaweed01.m2;20756.32421875;20.12185287475586;14657.6923828125;0;7.295166015625;0;;1.1962890625;571833;m2;189772;0;
..\..\world\kalimdor\kalidar\passivedoodads\kalidarbushes\kalidarbush04.m2;20450.927734375;94.49613189697266;14913.0791015625;0;329;0;;0.8291015625;276540;m2;202024;0;
..\..\world\generic\nightelf\passivedoodads\stonerunes\kalidarstonerune01.m2;20690.953125;28.855493545532227;14885.044921875;0;285.1698303222656;0;;0.9306640625;572561;m2;198949;0;
..\..\world\generic\human\passivedoodads\outposts\generaloutpost05.m2;20390.080078125;104.54398345947266;14895.32421875;0;93;0;;1;278731;m2;198384;0;
..\..\world\azeroth\elwynn\passivedoodads\detail\elwynnseaweed01\elwynnseaweed01.m2;20708.134765625;27.333328247070312;14787.1103515625;0;346.80499267578125;0;;1.181640625;572422;m2;189772;0;
..\..\world\azeroth\elwynn\passivedoodads\detail\elwynnseaweed01\elwynnseaweed01.m2;20800.1015625;23.001604080200195;14527.982421875;0;64.458740234375;0;;1.177734375;571857;m2;189772;0;
..\..\world\azeroth\elwynn\passivedoodads\detail\elwynnseaweed01\elwynnseaweed01.m2;20718.083984375;26.101612091064453;14845.4990234375;0;70.06195068359375;0;;1.166015625;572427;m2;189772;0;
..\..\world\khazmodan\wetlands\passivedoodads\bushes\wetlandshrub06.m2;20732.65625;24.4239559173584;14681.0009765625;0;229.31362915039062;0;;1.470703125;572604;m2;203489;0;
..\..\world\azeroth\elwynn\passivedoodads\detail\elwynnseaweed01\elwynnseaweed01.m2;20731;28.559051513671875;14856.2578125;0;300.0018310546875;0;;1.14453125;572417;m2;189772;0;
..\..\world\azeroth\elwynn\passivedoodads\detail\elwynnseaweed01\elwynnseaweed01.m2;20728.509765625;25.613306045532227;14705.666015625;0;130.43365478515625;0;;1.1318359375;572393;m2;189772;0;
..\..\world\azeroth\elwynn\passivedoodads\detail\elwynnseaweed01\elwynnseaweed01.m2;20779.7578125;19.52046775817871;14581.2236328125;0;140.6402587890625;0;;1.130859375;571844;m2;189772;0;
..\..\world\khazmodan\wetlands\passivedoodads\bushes\wetlandshrub06.m2;20718.298828125;25.67782974243164;14849.787109375;0;29.60906982421875;0;;1.4248046875;572586;m2;203489;0;
..\..\world\azeroth\elwynn\passivedoodads\detail\elwynnseaweed01\elwynnseaweed01.m2;20789.169921875;19.454059600830078;14558.9404296875;0;17.095245361328125;0;;1.12109375;571846;m2;189772;0;
..\..\world\kalimdor\kalidar\passivedoodads\kalidarbushes\kalidarbush04.m2;20564.5859375;46.13446807861328;14738.69921875;0;0;0;;1;276250;m2;202024;0;
..\..\world\kalimdor\kalidar\passivedoodads\kalidarbushes\kalidarbush04.m2;20566.423828125;46.03266525268555;14728.8583984375;0;0;0;;1;276251;m2;202024;0;
..\..\world\kalimdor\kalidar\passivedoodads\kalidarbushes\kalidarbush04.m2;20726.568359375;76.80531311035156;14466.2060546875;0;0;0;;1;276260;m2;202024;0;
..\..\world\kalimdor\kalidar\passivedoodads\kalidarbushes\kalidarbush04.m2;20684.169921875;106.37272644042969;14450.0068359375;0;0;0;;1;276268;m2;202024;0;
..\..\world\kalimdor\kalidar\passivedoodads\kalidarbushes\kalidarbush04.m2;20676.919921875;105.97026824951172;14449.365234375;0;0;0;;1;276269;m2;202024;0;
..\..\world\kalimdor\kalidar\passivedoodads\kalidarbushes\kalidarbush04.m2;20686.458984375;109.45075988769531;14479.072265625;0;0;0;;1;276279;m2;202024;0;
..\..\world\kalimdor\kalidar\passivedoodads\kalidarbushes\kalidarbush04.m2;20660.171875;109.11741638183594;14480.568359375;0;0;0;;1;276280;m2;202024;0;
..\..\world\kalimdor\kalidar\passivedoodads\kalidarbushes\kalidarbush04.m2;20576.501953125;109.55689239501953;14445.8681640625;0;0;0;;1;276285;m2;202024;0;
..\..\world\kalimdor\kalidar\passivedoodads\kalidarbushes\kalidarbush04.m2;20519.974609375;105.470947265625;14553.15234375;0;0;0;;1;276408;m2;202024;0;
..\..\world\kalimdor\kalidar\passivedoodads\kalidarbushes\kalidarbush04.m2;20524.9140625;105.79118347167969;14575.638671875;0;0;0;;1;276409;m2;202024;0;
..\..\world\kalimdor\kalidar\passivedoodads\kalidarbushes\kalidarbush04.m2;20571.658203125;92.93234252929688;14687.166015625;0;0;0;;1;276452;m2;202024;0;
..\..\world\kalimdor\kalidar\passivedoodads\kalidarbushes\kalidarbush04.m2;20548.46875;92.0530014038086;14611.322265625;0;0;0;;1;276475;m2;202024;0;
..\..\world\kalimdor\kalidar\passivedoodads\kalidarbushes\kalidarbush04.m2;20482.59765625;109.69024658203125;14693.3916015625;0;0;0;;1;276496;m2;202024;0;
..\..\world\kalimdor\kalidar\passivedoodads\kalidarbushes\kalidarbush04.m2;20455.134765625;109.45404052734375;14680.9052734375;0;0;0;;1;276506;m2;202024;0;
..\..\world\kalimdor\kalidar\passivedoodads\kalidarbushes\kalidarbush04.m2;20460.91015625;100.17809295654297;14768.9521484375;0;0;0;;1;276526;m2;202024;0;
..\..\world\kalimdor\kalidar\passivedoodads\kalidarbushes\kalidarbush04.m2;20485.9921875;100.11476135253906;14791.162109375;0;0;0;;1;276528;m2;202024;0;
..\..\world\kalimdor\kalidar\passivedoodads\kalidarbushes\kalidarbush04.m2;20409.470703125;104.40831756591797;14889.9736328125;0;0;0;;1;276535;m2;202024;0;
..\..\world\kalimdor\kalidar\passivedoodads\kalidarbushes\kalidarbush04.m2;20449.90234375;94.40313720703125;14911.26171875;0;0;0;;1;276539;m2;202024;0;
..\..\world\kalimdor\kalidar\passivedoodads\kalidarbushes\kalidarbush04.m2;20343.15625;139.0458526611328;14416.099609375;0;0;0;;1;278367;m2;202024;0;
..\..\world\kalimdor\kalidar\passivedoodads\kalidarbushes\kalidarbush04.m2;20385.94140625;104.39530944824219;14890.337890625;0;0;0;;1;278463;m2;202024;0;
..\..\world\azeroth\elwynn\passivedoodads\detail\elwynnseaweed01\elwynnseaweed01.m2;20776.5703125;26.806198120117188;14517.1884765625;0;202.89071655273438;0;;1.1201171875;571859;m2;189772;0;
..\..\world\kalimdor\kalidar\passivedoodads\kalidarbushes\kalidarbush04.m2;20409.0703125;104.2223892211914;14892.0927734375;0;338;0;;0.8095703125;276536;m2;202024;0;
..\..\world\azeroth\elwynn\passivedoodads\detail\elwynnseaweed01\elwynnseaweed01.m2;20739.935546875;26.361318588256836;14805.8642578125;0;271.7001953125;0;;1.1142578125;572420;m2;189772;0;
..\..\world\kalimdor\ashenvale\passivedoodads\ashenvalestumps\ashenvaletreestump03.m2;20314.494140625;108.58828735351562;14773.1298828125;0;42.5;0;;2.779296875;552415;m2;201213;0;
..\..\world\azeroth\elwynn\passivedoodads\detail\elwynnseaweed01\elwynnseaweed01.m2;20763.115234375;25.485233306884766;14674.134765625;0;14.886932373046875;0;;1.107421875;571836;m2;189772;0;
..\..\world\kalimdor\ashenvale\passivedoodads\ashenvalestumps\ashenvaletreestump03.m2;20282.232421875;111.18704986572266;14732.3515625;0;16.5;0;;2.779296875;552411;m2;201213;0;
..\..\world\kalimdor\ashenvale\passivedoodads\ashenvalestumps\ashenvaletreestump03.m2;20317.328125;107.63493347167969;14779.607421875;0;13.5;0;;2.779296875;552413;m2;201213;0;
..\..\world\kalimdor\ashenvale\passivedoodads\ashenvalestumps\ashenvaletreestump03.m2;20316.009765625;106.29051208496094;14784.4921875;0;298.5;0;;2.779296875;552414;m2;201213;0;
..\..\world\khazmodan\wetlands\passivedoodads\bushes\wetlandshrub06.m2;20782.19140625;23.877649307250977;14522.5556640625;0;56.877960205078125;0;;1.3935546875;572166;m2;203489;0;
..\..\world\azeroth\elwynn\passivedoodads\detail\elwynnseaweed01\elwynnseaweed01.m2;20695.41015625;30.859371185302734;14736.0390625;0;47.956787109375;0;;1.0927734375;572406;m2;189772;0;
..\..\world\azeroth\elwynn\passivedoodads\detail\elwynnseaweed01\elwynnseaweed01.m2;20746;25.001951217651367;14727.591796875;0;239.17965698242188;0;;1.091796875;572396;m2;189772;0;
..\..\world\azeroth\elwynn\passivedoodads\detail\elwynnseaweed01\elwynnseaweed01.m2;20784.404296875;22.077556610107422;14533.154296875;0;326.69940185546875;0;;1.0888671875;571854;m2;189772;0;
..\..\world\azeroth\elwynn\passivedoodads\detail\elwynnseaweed01\elwynnseaweed01.m2;20772.701171875;24.473529815673828;14551.365234375;0;159.482421875;0;;1.0810546875;571851;m2;189772;0;
..\..\world\azeroth\elwynn\passivedoodads\detail\elwynnseaweed01\elwynnseaweed01.m2;20783.763671875;24.234708786010742;14516.89453125;0;76.4012451171875;0;;1.0703125;571858;m2;189772;0;
..\..\world\azeroth\elwynn\passivedoodads\detail\elwynnseaweed01\elwynnseaweed01.m2;20734.60546875;25.228652954101562;14662.1904296875;0;207.01071166992188;0;;1.0693359375;571835;m2;189772;0;
..\..\world\azeroth\elwynn\passivedoodads\detail\elwynnseaweed01\elwynnseaweed01.m2;20666.271484375;30.531715393066406;14873.5810546875;0;172.4796142578125;0;;1.0615234375;572414;m2;189772;0;
..\..\world\azeroth\elwynn\passivedoodads\detail\elwynnseaweed01\elwynnseaweed01.m2;20687.90625;30.573068618774414;14917.919921875;0;149.53948974609375;0;;1.0537109375;572429;m2;189772;0;
..\..\world\khazmodan\wetlands\passivedoodads\bushes\wetlandshrub06.m2;20797.30078125;17.915817260742188;14493.8330078125;0;167.71142578125;0;;1.44140625;572154;m2;203489;0;
..\..\world\kalimdor\kalidar\passivedoodads\kalidarbushes\kalidarbush04.m2;20550.25;92.35621643066406;14610.4580078125;0;47.5;0;;0.7294921875;276476;m2;202024;0;
..\..\world\azeroth\elwynn\passivedoodads\detail\elwynnseaweed01\elwynnseaweed01.m2;20672.482421875;30.132728576660156;14864.87109375;0;128.4560546875;0;;1.0390625;572413;m2;189772;0;
..\..\world\khazmodan\wetlands\passivedoodads\bushes\wetlandshrub06.m2;20745.619140625;27.309539794921875;14744.7333984375;0;258.5601501464844;0;;1.41796875;572607;m2;203489;0;
..\..\world\khazmodan\wetlands\passivedoodads\bushes\wetlandshrub06.m2;20655.9296875;32.779937744140625;14882.853515625;0;322.09600830078125;0;;1.294921875;572582;m2;203489;0;
..\..\world\khazmodan\wetlands\passivedoodads\bushes\wetlandshrub06.m2;20716.90234375;28.89395523071289;14821.091796875;0;121.20490264892578;0;;1.296875;572588;m2;203489;0;
..\..\world\azeroth\elwynn\passivedoodads\detail\elwynnseaweed01\elwynnseaweed01.m2;20782.509765625;26.493450164794922;14492.20703125;0;45.62762451171875;0;;1.0126953125;571871;m2;189772;0;
..\..\world\khazmodan\wetlands\passivedoodads\bushes\wetlandshrub06.m2;20730.607421875;26.292236328125;14767.0791015625;0;143.562744140625;0;;1.275390625;572598;m2;203489;0;
..\..\world\azeroth\elwynn\passivedoodads\detail\elwynnseaweed01\elwynnseaweed01.m2;20801.837890625;26.608171463012695;14580.357421875;0;141.94769287109375;0;;1.005859375;571849;m2;189772;0;
..\..\world\azeroth\elwynn\passivedoodads\detail\elwynnseaweed01\elwynnseaweed01.m2;20726.044921875;26.389406204223633;14755.87109375;0;70.95187377929688;0;;1.0048828125;572403;m2;189772;0;
..\..\world\kalimdor\ashenvale\passivedoodads\ashenvalestumps\ashenvaletreestump03.m2;20380.962890625;115.30699157714844;14580.3046875;0;249.5;0;;2.51953125;464782;m2;201213;0;
..\..\world\azeroth\elwynn\passivedoodads\detail\elwynnseaweed01\elwynnseaweed01.m2;20796.884765625;21.881847381591797;14541.4833984375;0;210.8780059814453;0;;0.9990234375;571855;m2;189772;0;
..\..\world\azeroth\elwynn\passivedoodads\detail\elwynnseaweed01\elwynnseaweed01.m2;20714.755859375;31.890872955322266;14691.322265625;0;354.30889892578125;0;;0.9931640625;572392;m2;189772;0;
..\..\world\azeroth\elwynn\passivedoodads\detail\elwynnseaweed01\elwynnseaweed01.m2;20712.33203125;32.24715805053711;14709.1328125;0;88.67337036132812;0;;0.9921875;572391;m2;189772;0;
..\..\world\khazmodan\wetlands\passivedoodads\bushes\wetlandshrub06.m2;20785.66796875;23.926128387451172;14502.6865234375;0;25.99444580078125;0;;1.2685546875;572157;m2;203489;0;
..\..\world\azeroth\elwynn\passivedoodads\detail\elwynnseaweed01\elwynnseaweed01.m2;20770.900390625;26.437761306762695;14624.3740234375;0;176.31396484375;0;;0.9892578125;571840;m2;189772;0;
..\..\world\generic\nightelf\passivedoodads\stonerunes\kalidarstonerune02.m2;20674.01953125;109.2285385131836;14468.5234375;0;31.5;0;;1;277283;m2;198950;0;
..\..\world\azeroth\elwynn\passivedoodads\detail\elwynnseaweed01\elwynnseaweed01.m2;20680.474609375;31.410255432128906;14901.677734375;0;310.05462646484375;0;;0.9833984375;572647;m2;189772;0;
..\..\world\kalimdor\kalidar\passivedoodads\kalidarbushes\kalidarbush04.m2;20475.4140625;110.34053039550781;14680.04296875;0;16;0;;0.7392578125;276495;m2;202024;0;
..\..\world\generic\orc\passivedoodads\braziers\tallbrazier01.m2;20401.791015625;104.19683837890625;14872.7080078125;0;22;0;;1;275805;m2;199141;0;
..\..\world\azeroth\elwynn\passivedoodads\detail\elwynnseaweed01\elwynnseaweed01.m2;20747.73046875;28.431570053100586;14754.3115234375;0;0.692138671875;0;;0.9716796875;572399;m2;189772;0;
..\..\world\kalimdor\ashenvale\passivedoodads\ashenvalestumps\ashenvaletreestump03.m2;20459.353515625;103.87737274169922;14730.2734375;0;181.5;0;;2.4296875;464704;m2;201213;0;
..\..\world\khazmodan\wetlands\passivedoodads\bushes\wetlandshrub06.m2;20681.130859375;31.244964599609375;14791.1904296875;0;216.58009338378906;0;;1.21484375;572591;m2;203489;0;
..\..\world\khazmodan\wetlands\passivedoodads\bushes\wetlandshrub06.m2;20777.9921875;27.422996520996094;14488.669921875;0;337.85089111328125;0;;1.2275390625;572158;m2;203489;0;
..\..\world\khazmodan\wetlands\passivedoodads\bushes\wetlandshrub06.m2;20790.8359375;20.74543571472168;14513.982421875;0;287.91650390625;0;;1.2529296875;572162;m2;203489;0;
..\..\world\khazmodan\wetlands\passivedoodads\bushes\wetlandshrub06.m2;20707.26171875;25.56768798828125;14841.15234375;0;275.7542724609375;0;;1.373046875;572585;m2;203489;0;
..\..\world\khazmodan\wetlands\passivedoodads\bushes\wetlandshrub06.m2;20777.1015625;22.913768768310547;14546.9638671875;0;79.34567260742188;0;;1.30859375;572168;m2;203489;0;
..\..\world\azeroth\elwynn\passivedoodads\detail\elwynnseaweed01\elwynnseaweed01.m2;20734.958984375;28.735233306884766;14840.7529296875;0;110.45989990234375;0;;0.9384765625;572418;m2;189772;0;
..\..\world\azeroth\elwynn\passivedoodads\detail\elwynnseaweed01\elwynnseaweed01.m2;20689.455078125;32.765167236328125;14756.4736328125;0;310.922607421875;0;;0.92578125;572407;m2;189772;0;
..\..\world\kalimdor\ashenvale\passivedoodads\ashenvalestumps\ashenvaletreestump03.m2;20502.6953125;110.56849670410156;14708.3330078125;0;355;0;;2.3193359375;464705;m2;201213;0;
..\..\world\khazmodan\wetlands\passivedoodads\bushes\wetlandshrub06.m2;20692.86328125;30.196359634399414;14777.521484375;0;285.0489807128906;0;;1.2421875;572590;m2;203489;0;
..\..\world\khazmodan\wetlands\passivedoodads\bushes\wetlandshrub06.m2;20725.1484375;24.71354866027832;14734.349609375;0;249.79275512695312;0;;1.2021484375;572600;m2;203489;0;
..\..\world\khazmodan\wetlands\passivedoodads\bushes\wetlandshrub06.m2;20661.298828125;34.21530532836914;14857.712890625;0;154.32965087890625;0;;1.171875;572596;m2;203489;0;
..\..\world\azeroth\elwynn\passivedoodads\detail\elwynnseaweed01\elwynnseaweed01.m2;20756.427734375;27.93280029296875;14715.02734375;0;293.8398132324219;0;;0.9140625;572394;m2;189772;0;
..\..\world\kalimdor\darkshore\passivedoodads\ruins\darkshoreruinpillar04.m2;20761.17578125;23.855052947998047;14622.541015625;-79.99999237060547;302.01788330078125;136.50001525878906;;0.9013671875;571931;m2;201556;0;
..\..\world\azeroth\elwynn\passivedoodads\detail\elwynnseaweed01\elwynnseaweed01.m2;20735.111328125;26.2465763092041;14650.138671875;0;109.07559204101562;0;;0.908203125;571834;m2;189772;0;
..\..\world\azeroth\elwynn\passivedoodads\detail\elwynnseaweed01\elwynnseaweed01.m2;20722.875;27.79640769958496;14691.9990234375;0;140.2667236328125;0;;0.9052734375;572390;m2;189772;0;
..\..\world\azeroth\elwynn\passivedoodads\detail\elwynnseaweed01\elwynnseaweed01.m2;20690.9453125;28.406694412231445;14806.4716796875;0;321.76641845703125;0;;0.9052734375;572410;m2;189772;0;
..\..\world\azeroth\elwynn\passivedoodads\detail\elwynnseaweed01\elwynnseaweed01.m2;20738.76953125;24.516559600830078;14749.04296875;0;106.85629272460938;0;;0.9052734375;572398;m2;189772;0;
..\..\world\khazmodan\wetlands\passivedoodads\bushes\wetlandshrub06.m2;20732.205078125;26.547285079956055;14796.837890625;0;270.8542175292969;0;;1.3125;572589;m2;203489;0;
..\..\world\generic\nightelf\passivedoodads\pottery\elvenpottery01.m2;20698.919921875;27.90192413330078;14822.10546875;-82.00001525878906;230.6539764404297;84.50004577636719;;1.42578125;572558;m2;198801;0;
..\..\world\khazmodan\wetlands\passivedoodads\bushes\wetlandshrub06.m2;20784.1015625;26.106861114501953;14495.39453125;0;291.16851806640625;0;;1.1708984375;572156;m2;203489;0;
..\..\world\azeroth\elwynn\passivedoodads\detail\elwynnseaweed01\elwynnseaweed01.m2;20763.662109375;27.077922821044922;14610.4208984375;0;356.6051330566406;0;;0.8984375;571830;m2;189772;0;
..\..\world\azeroth\elwynn\passivedoodads\detail\elwynnseaweed01\elwynnseaweed01.m2;20665.880859375;31.62554931640625;14819.15234375;0;211.16366577148438;0;;0.8935546875;572409;m2;189772;0;
..\..\world\kalimdor\stonetalon\passivedoodads\tools\stonetalontools_saw01.m2;20386.341796875;106.90728759765625;14873.62109375;-41.50000762939453;35;171.5;;0.2998046875;464791;m2;202616;0;
..\..\world\kalimdor\kalidar\passivedoodads\kalidarbushes\kalidarbush04.m2;20492.24609375;109.55767822265625;14666.978515625;0;0;0;;0.76953125;276493;m2;202024;0;
..\..\world\khazmodan\wetlands\passivedoodads\bushes\wetlandshrub06.m2;20668.15625;34.47561264038086;14847.7373046875;0;227.8743896484375;0;;1.0849609375;572594;m2;203489;0;
..\..\world\azeroth\elwynn\passivedoodads\detail\elwynnseaweed01\elwynnseaweed01.m2;20774.61328125;25.242490768432617;14628.7021484375;0;207.878662109375;0;;0.8505859375;571826;m2;189772;0;
..\..\world\azeroth\elwynn\passivedoodads\detail\elwynnseaweed01\elwynnseaweed01.m2;20774.52734375;27.983436584472656;14516.9267578125;0;76.85171508789062;0;;0.849609375;571872;m2;189772;0;
..\..\world\azeroth\elwynn\passivedoodads\detail\elwynnseaweed01\elwynnseaweed01.m2;20775.33984375;22.41472816467285;14566.8203125;0;103.296630859375;0;;0.841796875;571852;m2;189772;0;
..\..\world\khazmodan\wetlands\passivedoodads\bushes\wetlandshrub06.m2;20698.28515625;30.039974212646484;14736.58984375;0;13.66741943359375;0;;1.126953125;572602;m2;203489;0;
..\..\world\khazmodan\wetlands\passivedoodads\bushes\wetlandshrub06.m2;20703.26953125;25.245004653930664;14846.0302734375;0;87.607666015625;0;;1.20703125;572584;m2;203489;0;
..\..\world\khazmodan\wetlands\passivedoodads\bushes\wetlandshrub06.m2;20675.984375;32.96274185180664;14893.380859375;0;224.57838439941406;0;;1.0556640625;572581;m2;203489;0;
..\..\world\azeroth\elwynn\passivedoodads\detail\elwynnseaweed01\elwynnseaweed01.m2;20685.3125;29.51554298400879;14822.5361328125;0;54.735565185546875;0;;0.814453125;572411;m2;189772;0;
..\..\world\azeroth\burningsteppes\passivedoodads\orcsleepmats\orcsleepmat01.m2;20512.232421875;95.80657196044922;14609.4833984375;-2.5;0;-4.500000476837158;;1.51953125;277300;m2;189196;0;
..\..\world\azeroth\elwynn\passivedoodads\detail\elwynnseaweed01\elwynnseaweed01.m2;20756.8359375;27.666784286499023;14601.8828125;0;280.5884094238281;0;;0.8037109375;571841;m2;189772;0;
..\..\world\azeroth\elwynn\passivedoodads\detail\elwynnseaweed01\elwynnseaweed01.m2;20769.263671875;25.211545944213867;14631.443359375;0;182.98287963867188;0;;0.7978515625;571827;m2;189772;0;
..\..\world\generic\passivedoodads\lights\generaltorch01.m2;20470.291015625;109.57108306884766;14694.8603515625;-3.499999761581421;69;7.500000953674316;;1.2392578125;464885;m2;199820;0;
..\..\world\azeroth\elwynn\passivedoodads\detail\elwynnseaweed01\elwynnseaweed01.m2;20799.72265625;24.556190490722656;14537.1220703125;0;351.48529052734375;0;;0.794921875;571856;m2;189772;0;
..\..\world\azeroth\elwynn\passivedoodads\detail\elwynnseaweed01\elwynnseaweed01.m2;20715.791015625;26.40807342529297;14921.60546875;0;28.0599365234375;0;;0.78515625;572431;m2;189772;0;
..\..\world\kalimdor\kalidar\passivedoodads\kalidarbushes\kalidarbush04.m2;20525.806640625;105.48681640625;14573.904296875;0;0;0;;0.69921875;276410;m2;202024;0;
..\..\world\azeroth\elwynn\passivedoodads\detail\elwynnseaweed01\elwynnseaweed01.m2;20799.765625;18.504562377929688;14469.435546875;0;118.75482177734375;0;;0.77734375;571878;m2;189772;0;
..\..\world\khazmodan\wetlands\passivedoodads\bushes\wetlandshrub06.m2;20708.06640625;28.668901443481445;14794.7109375;0;261.1200256347656;0;;1.09375;572608;m2;203489;0;
..\..\world\azeroth\elwynn\passivedoodads\detail\elwynnseaweed01\elwynnseaweed01.m2;20699.07421875;30.225337982177734;14926.646484375;0;344.79443359375;0;;0.775390625;572435;m2;189772;0;
..\..\world\azeroth\elwynn\passivedoodads\detail\elwynnseaweed01\elwynnseaweed01.m2;20719.28515625;26.295534133911133;14853.3896484375;0;217.01956176757812;0;;0.7724609375;572426;m2;189772;0;
..\..\world\khazmodan\wetlands\passivedoodads\bushes\wetlandshrub06.m2;20655.31640625;35.2133674621582;14847.6435546875;0;357.5060119628906;0;;1.109375;572609;m2;203489;0;
..\..\world\azeroth\elwynn\passivedoodads\detail\elwynnseaweed01\elwynnseaweed01.m2;20702.109375;27.861480712890625;14827.35546875;0;66.56817626953125;0;;0.76171875;572425;m2;189772;0;
..\..\world\kalimdor\ashenvale\passivedoodads\ashenvalestumps\ashenvaletreestump03.m2;20329.359375;141.0354766845703;14429.5146484375;0;242.5;0;;1.9091796875;464763;m2;201213;0;
..\..\world\critter\fireflies\fireflies01.m2;20659.78125;37.89875793457031;14772.88671875;0;342.19061279296875;0;;1.35546875;572752;m2;190731;0;
..\..\world\khazmodan\wetlands\passivedoodads\bushes\wetlandshrub06.m2;20669.66015625;30.10670280456543;14868.7392578125;0;30.57586669921875;0;;0.951171875;572583;m2;203489;0;
..\..\world\khazmodan\wetlands\passivedoodads\bushes\wetlandshrub06.m2;20666.134765625;33.26128005981445;14810.404296875;0;327.951904296875;0;;0.9501953125;572592;m2;203489;0;
..\..\world\azeroth\elwynn\passivedoodads\detail\elwynnseaweed01\elwynnseaweed01.m2;20722.849609375;26.722990036010742;14897.01171875;0;316.0863037109375;0;;0.75;572433;m2;189772;0;
..\..\world\generic\orc\passivedoodads\feedingtroughs\feedtroph01.m2;20521.296875;105.72759246826172;14573.9892578125;0;13;0;;1.4091796875;274451;m2;199153;0;
..\..\world\khazmodan\wetlands\passivedoodads\bushes\wetlandshrub06.m2;20794.294921875;19.300851821899414;14509.8837890625;0;251.4532928466797;0;;0.9775390625;572161;m2;203489;0;
..\..\world\generic\nightelf\passivedoodads\pottery\elvenpottery01.m2;20707.916015625;29.11570930480957;14884.7021484375;-83.50001525878906;73.81942749023438;-0.9999952912330627;;1.1279296875;572640;m2;198801;0;
..\..\world\generic\tauren\passivedoodads\hitchingposts\taurenhitchingpost.m2;20565.21875;92.9101791381836;14606.7109375;0;238;0;;1;552509;m2;200406;0;
..\..\world\generic\tauren\passivedoodads\hitchingposts\taurenhitchingpost.m2;20560.125;92.28062438964844;14609.0771484375;0;49.5;0;;1;552510;m2;200406;0;
..\..\world\khazmodan\wetlands\passivedoodads\bushes\wetlandshrub06.m2;20754.548828125;26.95379066467285;14712.912109375;0;105.27420043945312;0;;0.9873046875;572605;m2;203489;0;
..\..\world\khazmodan\wetlands\passivedoodads\bushes\wetlandshrub06.m2;20734.76953125;24.372907638549805;14715.365234375;0;91.02450561523438;0;;1.0478515625;572606;m2;203489;0;
..\..\world\khazmodan\wetlands\passivedoodads\bushes\wetlandshrub06.m2;20718.572265625;26.626070022583008;14901.1591796875;0;125.88519287109375;0;;0.904296875;572580;m2;203489;0;
..\..\world\khazmodan\wetlands\passivedoodads\bushes\wetlandshrub06.m2;20644.9453125;33.87316131591797;14874.7177734375;0;124.37999725341797;0;;0.8984375;572595;m2;203489;0;
..\..\world\generic\orc\passivedoodads\feedingtroughs\feedtroph01.m2;20516.068359375;105.75554656982422;14575.2578125;0;14.5;0;;1.33984375;274452;m2;199153;0;
..\..\world\khazmodan\wetlands\passivedoodads\bushes\wetlandshrub06.m2;20646.044921875;33.612369537353516;14876.4228515625;0;259.9224853515625;0;;0.982421875;572610;m2;203489;0;
..\..\world\azeroth\westfall\passivedoodads\westfallskeleton\westfallskeleton.m2;20677.0703125;32.657535552978516;14909.462890625;8;155.0438232421875;21.5;;1.443359375;572648;m2;190671;0;
..\..\world\generic\orc\passivedoodads\feedingtroughs\feedtroph01.m2;20516.90234375;105.6725082397461;14556.33203125;0;11;0;;1.3193359375;274453;m2;199153;0;
..\..\world\khazmodan\wetlands\passivedoodads\bushes\wetlandshrub06.m2;20731;23.03762435913086;14739.9384765625;0;334.96136474609375;0;;0.8896484375;572599;m2;203489;0;
..\..\world\generic\human\passivedoodads\catapultruins\catapultwheel01.m2;20540.978515625;92.9559097290039;14652.2373046875;0;0;0;;1;280067;m2;198099;0;
..\..\world\generic\human\passivedoodads\catapultruins\catapultbeam.m2;20544.01953125;92.47566223144531;14654.208984375;2.5;0;-8.5;;1;280068;m2;198096;0;
..\..\world\khazmodan\wetlands\passivedoodads\bushes\wetlandshrub06.m2;20787.3359375;22.60162353515625;14518.99609375;0;202.04473876953125;0;;0.8681640625;572165;m2;203489;0;
..\..\world\generic\orc\passivedoodads\barrelsandcrates\orccrate03.m2;20490.353515625;99.1641616821289;14639.7529296875;0;283.5;0;;1.2099609375;274489;m2;199096;0;
..\..\world\generic\passivedoodads\lights\generaltorch01.m2;20390.78515625;121.88021087646484;14873.802734375;12;287;9;;1;280091;m2;199820;0;
..\..\world\generic\passivedoodads\lights\generaltorch01.m2;20402.205078125;121.88072204589844;14873.2705078125;12;203.5;9.000000953674316;;1;280092;m2;199820;0;
..\..\world\generic\passivedoodads\lights\generaltorch01.m2;20385.4375;121.88140106201172;14883.896484375;12.000001907348633;294.5;9.000001907348633;;1;280093;m2;199820;0;
..\..\world\generic\passivedoodads\lights\generaltorch01.m2;20523.59765625;122.68878936767578;14802.2509765625;12.000000953674316;315.5;9.000001907348633;;1;280094;m2;199820;0;
..\..\world\generic\passivedoodads\lights\generaltorch01.m2;20526.6484375;122.68878936767578;14791.0810546875;12.000001907348633;269.9999694824219;9.000001907348633;;1;280095;m2;199820;0;
..\..\world\generic\passivedoodads\lights\generaltorch01.m2;20666.662109375;127.59781646728516;14485.8603515625;12;22;9.000000953674316;;1;280096;m2;199820;0;
..\..\world\generic\passivedoodads\lights\generaltorch01.m2;20669.912109375;127.59854888916016;14466.2509765625;12.000000953674316;233;9.000000953674316;;1;280098;m2;199820;0;
..\..\world\generic\passivedoodads\lights\generaltorch01.m2;20662.62109375;127.59780883789062;14475.275390625;12;304.5;9.000001907348633;;1;280097;m2;199820;0;
..\..\world\khazmodan\wetlands\passivedoodads\bushes\wetlandshrub06.m2;20719.70703125;30.42685890197754;14702.841796875;0;223.97412109375;0;;0.8388671875;572603;m2;203489;0;
..\..\world\generic\passivedoodads\lights\generaltorch01.m2;20470.36328125;109.82826232910156;14694.681640625;-16;21.5;-8.5;;1;464886;m2;199820;0;
..\..\world\generic\passivedoodads\lights\generaltorch01.m2;20470.615234375;109.87663269042969;14695.8603515625;-15.999998092651367;240.5;-8.499998092651367;;1;464887;m2;199820;0;
..\..\world\khazmodan\wetlands\passivedoodads\bushes\wetlandshrub06.m2;20704.2421875;28.047277450561523;14743.2333984375;0;343.4430847167969;0;;0.8603515625;572601;m2;203489;0;
..\..\world\khazmodan\wetlands\passivedoodads\bushes\wetlandshrub06.m2;20798.2578125;18.546794891357422;14517.53515625;0;2.16436767578125;0;;0.9345703125;572160;m2;203489;0;
..\..\world\critter\fireflies\fireflies01.m2;20641.5;37.4594612121582;14853.96484375;0;248.95779418945312;0;;1.1201171875;572748;m2;190731;0;
..\..\world\khazmodan\wetlands\passivedoodads\bushes\wetlandshrub06.m2;20723.431640625;27.959970474243164;14827.7578125;0;30.960418701171875;0;;0.8076171875;572587;m2;203489;0;
..\..\world\khazmodan\wetlands\passivedoodads\bushes\wetlandshrub06.m2;20712.6953125;26.133670806884766;14932.099609375;0;163.8111572265625;0;;0.8388671875;572578;m2;203489;0;
..\..\world\generic\passivedoodads\lights\generaltorch01.m2;20497.666015625;110.23827362060547;14708.853515625;8.000000953674316;240.5;-2;;1;464888;m2;199820;0;
..\..\world\khazmodan\wetlands\passivedoodads\bushes\wetlandshrub06.m2;20666.255859375;33.20882034301758;14833.9892578125;0;77.68670654296875;0;;0.85546875;572593;m2;203489;0;
..\..\world\khazmodan\wetlands\passivedoodads\bushes\wetlandshrub06.m2;20701.97265625;29.63197898864746;14921.9296875;0;198.7047882080078;0;;0.8212890625;572611;m2;203489;0;
..\..\world\khazmodan\wetlands\passivedoodads\bushes\wetlandshrub06.m2;20798.97265625;22.605791091918945;14543.416015625;0;131.5872802734375;0;;0.791015625;572167;m2;203489;0;
..\..\world\khazmodan\wetlands\passivedoodads\bushes\wetlandshrub06.m2;20688.61328125;33.84042739868164;14766.708984375;0;241.42092895507812;0;;0.791015625;572597;m2;203489;0;
..\..\world\khazmodan\wetlands\passivedoodads\bushes\wetlandshrub06.m2;20775.72265625;26.970809936523438;14517.5634765625;0;357.2532958984375;0;;0.896484375;572159;m2;203489;0;
..\..\world\khazmodan\wetlands\passivedoodads\bushes\wetlandshrub06.m2;20793.650390625;20.197742462158203;14527.857421875;0;355.0120544433594;0;;0.8798828125;572164;m2;203489;0;
..\..\world\generic\passivedoodads\lights\generaltorch01.m2;20464.404296875;102.61766052246094;14536.16015625;0;8.71240234375;0;;1;574304;m2;199820;0;
..\..\world\generic\passivedoodads\lights\generaltorch01.m2;20473.029296875;103.61003112792969;14515.904296875;0;163.8551025390625;0;;1;574305;m2;199820;0;
..\..\world\generic\passivedoodads\lights\generaltorch01.m2;20473.2734375;103.69947814941406;14515.625;0;287.4001159667969;0;;1;574306;m2;199820;0;
..\..\world\generic\passivedoodads\lights\generaltorch01.m2;20448.1171875;102.2603988647461;14542.681640625;0;339.7515869140625;0;;1;574307;m2;199820;0;
..\..\world\khazmodan\wetlands\passivedoodads\bushes\wetlandshrub06.m2;20710.505859375;26.02899932861328;14900.2421875;0;235.76280212402344;0;;0.7607421875;572579;m2;203489;0;
..\..\world\generic\orc\passivedoodads\barrelsandcrates\orcbarrel03.m2;20464.3203125;103.3946533203125;14534.2607421875;83.50004577636719;211.2372283935547;171;;1;574294;m2;199091;0;
..\..\world\generic\human\passivedoodads\catapultruins\catapultball01.m2;20276.91015625;102.7629165649414;14878.0166015625;-65;4.9879150390625;-47;;0.6494140625;574169;m2;198095;0;
..\..\world\critter\fireflies\fireflies01.m2;20682.5703125;36.94422912597656;14732.4853515625;0;261.54852294921875;0;;1.1728515625;572753;m2;190731;0;
..\..\world\generic\tauren\passivedoodads\baskets\largebasket01.m2;20495.22265625;98.8308334350586;14633.7197265625;0;0;0;;1;277291;m2;200372;0;
..\..\world\khazmodan\wetlands\passivedoodads\bushes\wetlandshrub06.m2;20779.5703125;28.49969482421875;14478.7080078125;0;75.5113525390625;0;;0.798828125;572155;m2;203489;0;
..\..\world\kalimdor\darkshore\passivedoodads\ruins\darkshorerock01.m2;20532.453125;92.89269256591797;14607.8017578125;0;0;0;;0.439453125;280090;m2;201551;0;
..\..\world\critter\fireflies\fireflies01.m2;20649.759765625;37.85520553588867;14809.4921875;0;314.02081298828125;0;;0.94921875;572749;m2;190731;0;
..\..\world\generic\orc\passivedoodads\barrelsandcrates\orccrate09.m2;20467.125;102.82473754882812;14531.21875;0;224.79812622070312;0;;1;574297;m2;199101;0;
..\..\world\generic\orc\passivedoodads\barrelsandcrates\orccrate09.m2;20468.529296875;103.19798278808594;14514.94921875;0;48.550048828125;0;;1;574261;m2;199101;0;
..\..\world\generic\orc\passivedoodads\tables\orctable01.m2;20513.447265625;95.70759582519531;14613.193359375;0;355;0;;1;277294;m2;199357;0;
..\..\world\kalimdor\darkshore\passivedoodads\ruins\darkshorerock01.m2;20528.072265625;92.08125305175781;14653.4052734375;0;292;0;;0.3291015625;280089;m2;201551;0;
..\..\world\critter\fireflies\fireflies01.m2;20664.6484375;37.47412872314453;14766.5615234375;0;91.35409545898438;0;;1.2001953125;572751;m2;190731;0;
..\..\world\kalimdor\ashenvale\passivedoodads\ashenvalestumps\ashenvaletreestump03.m2;20500.41015625;110.12522888183594;14710.982421875;0;241.49998474121094;0;;1.369140625;464706;m2;201213;0;
..\..\world\generic\orc\passivedoodads\barrelsandcrates\orccrate09.m2;20466.982421875;103.0371322631836;14516.435546875;0;204.0333251953125;0;;1;574260;m2;199101;0;
..\..\world\generic\orc\passivedoodads\barrelsandcrates\orcbarrel03.m2;20297.298828125;101.85272979736328;14896.7734375;0;127.478271484375;0;;1;574165;m2;199091;0;
..\..\world\generic\orc\passivedoodads\barrelsandcrates\orcbarrel04.m2;20270.056640625;103.79559326171875;14875.2421875;0;233.21389770507812;0;;1;574153;m2;199092;0;
..\..\world\generic\orc\passivedoodads\barrelsandcrates\orccrate08.m2;20272.42578125;103.44523620605469;14876.3427734375;6.5;36.5196533203125;-3.9999990463256836;;1;574151;m2;199100;0;
..\..\world\generic\tauren\passivedoodads\sacks\taurensack03.m2;20295.08203125;102.3060073852539;14895.1328125;-9.5;321.60162353515625;-3;;1;574162;m2;200443;0;
..\..\world\generic\orc\passivedoodads\barrelsandcrates\orcbarrel04.m2;20469.91015625;103.57377624511719;14512.919921875;0;331.5994873046875;0;;1;574269;m2;199092;0;
..\..\world\generic\human\passivedoodads\catapultruins\catapultball01.m2;20294.89453125;101.94397735595703;14891.5390625;15.000000953674316;54.10931396484375;123.99999237060547;;0.5390625;574167;m2;198095;0;
..\..\world\azeroth\westfall\passivedoodads\westfallskeleton\westfallskeleton.m2;20788.466796875;18.5395450592041;14567.927734375;0;149.33074951171875;0;;1.02734375;572032;m2;190671;0;
..\..\world\generic\tauren\passivedoodads\sacks\taurensack03.m2;20451.4140625;102.07534790039062;14539.2119140625;0;304.7480773925781;0;;1;574291;m2;200443;0;
..\..\world\generic\tauren\passivedoodads\sacks\taurensack03.m2;20501.90234375;104.70469665527344;14560.8623046875;0;27;0;;1;274056;m2;200443;0;
..\..\world\generic\tauren\passivedoodads\sacks\taurensack03.m2;20449.66796875;102.3885726928711;14541.576171875;0;317.83319091796875;0;;1;574290;m2;200443;0;
..\..\world\generic\tauren\passivedoodads\sacks\taurensack03.m2;20273.568359375;103.5802001953125;14873.1240234375;6;69.55657958984375;4.500000476837158;;1;574161;m2;200443;0;
..\..\world\generic\human\passivedoodads\catapultruins\catapultball01.m2;20293.708984375;102.0911636352539;14892.232421875;-27.000001907348633;82.58673095703125;-72.49999237060547;;0.5791015625;574168;m2;198095;0;
..\..\world\generic\human\passivedoodads\catapultruins\catapultball01.m2;20275.1328125;103.0726089477539;14878.099609375;4.999999523162842;291.3003845214844;-99.99999237060547;;0.619140625;574170;m2;198095;0;
..\..\world\generic\tauren\passivedoodads\animalcages\animalcage01.m2;20502.12109375;104.73103332519531;14560.0517578125;0;0;0;;1;274055;m2;200357;0;
..\..\world\critter\fireflies\fireflies01.m2;20663.615234375;37.646446228027344;14769.1416015625;0;299.8260498046875;0;;0.8095703125;572750;m2;190731;0;
..\..\world\generic\orc\passivedoodads\barrelsandcrates\orccrate03.m2;20495.724609375;104.24918365478516;14564.1728515625;0;0;3.499999761581421;;1;274441;m2;199096;0;
..\..\world\generic\orc\passivedoodads\barrelsandcrates\orccrate07.m2;20470.98828125;103.5605697631836;14514.51953125;0;16.643768310546875;0;;1;574262;m2;199099;0;
..\..\world\kalimdor\darkshore\passivedoodads\ruins\darkshorerock01.m2;20529.67578125;92.31883239746094;14652.6328125;0;315.5;0;;0.26953125;280086;m2;201551;0;
..\..\world\generic\orc\passivedoodads\barrelsandcrates\orccrate03.m2;20480.71484375;109.7214126586914;14672.1416015625;-4.000000476837158;0;2;;1;274467;m2;199096;0;
..\..\world\generic\tauren\passivedoodads\sacks\taurensack03.m2;20273.791015625;103.42965698242188;14874.6572265625;-7.999999046325684;193.09059143066406;10.500000953674316;;1;574160;m2;200443;0;
..\..\world\generic\tauren\passivedoodads\baskets\smallbasket01.m2;20500.03125;104.7294692993164;14563.9072265625;0;151;0;;1;274058;m2;200375;0;
..\..\world\generic\orc\passivedoodads\barrelsandcrates\orcbarrel03.m2;20463.357421875;102.66661071777344;14535.5908203125;0;342.9267272949219;0;;1;574293;m2;199091;0;
..\..\world\azeroth\westfall\passivedoodads\westfallskeleton\westfallskeleton.m2;20755.876953125;20.1837215423584;14650.2041015625;0;94.44134521484375;0;;1.1650390625;571950;m2;190671;0;
..\..\world\azeroth\theblastedlands\passivedoodads\bones\blastedlandsbonepile02.m2;20754.974609375;20.629600524902344;14658.5810546875;0;150.55023193359375;0;;1.486328125;571951;m2;190437;0;
..\..\world\generic\orc\passivedoodads\barrelsandcrates\orccrate03.m2;20514.81640625;95.50462341308594;14607.51171875;0;0;0;;1;274485;m2;199096;0;
..\..\world\generic\orc\passivedoodads\barrelsandcrates\orccrate03.m2;20493.2265625;99.16703033447266;14640.1396484375;0;0;0;;1;274488;m2;199096;0;
..\..\world\generic\orc\passivedoodads\barrelsandcrates\orccrate03.m2;20506.3671875;110.15145874023438;14700.6240234375;0;0;0;;1;464803;m2;199096;0;
..\..\world\generic\tauren\passivedoodads\sacks\taurensack01.m2;20501.01953125;105.19111633300781;14578.357421875;0;304;0;;1;274053;m2;200441;0;
..\..\world\generic\tauren\passivedoodads\sacks\taurensack03.m2;20449.798828125;102.1202621459961;14541.2978515625;0;174.0865478515625;0.5000000596046448;;1;574289;m2;200443;0;
..\..\world\generic\human\passivedoodads\catapultruins\catapultball01.m2;20293.22265625;102.08589172363281;14891.1171875;-79.99996948242188;59.38836669921875;178.50001525878906;;0.5390625;574166;m2;198095;0;
..\..\world\generic\orc\passivedoodads\barrelsandcrates\orcbarrel01.m2;20495.826171875;104.17894744873047;14562.1455078125;0;279.5;0;;1.529296875;274445;m2;199090;0;
..\..\world\generic\orc\passivedoodads\barrelsandcrates\orccrate10.m2;20465.73046875;103.93919372558594;14533.1201171875;0;311.7685546875;0;;1;574298;m2;199102;0;
..\..\world\generic\orc\passivedoodads\signposts\orcsignpostpointer03.m2;20504.84375;96.6205825805664;14612.263671875;-87.49986267089844;53;20.499900817871094;;1;277301;m2;199262;0;
..\..\world\generic\orc\passivedoodads\barrelsandcrates\orccrate10.m2;20470.96875;104.67112731933594;14514.69921875;0;146.91845703125;0;;1;574263;m2;199102;0;
..\..\world\generic\tauren\passivedoodads\animalcages\animalcage03.m2;20499.6875;105.28816986083984;14576.5771484375;2;0;3.500000476837158;;1;274054;m2;200359;0;
..\..\world\generic\orc\passivedoodads\barrelsandcrates\orccrate10.m2;20448.072265625;102.00205993652344;14540.3642578125;0;151.242431640625;0;;1;574283;m2;199102;0;
..\..\world\generic\orc\passivedoodads\barrelsandcrates\orcbarrel01.m2;20502.779296875;99.47866821289062;14738.0810546875;46.49999237060547;19.5;72;;1;345291;m2;199090;0;
..\..\world\generic\tauren\passivedoodads\sacks\taurensack01.m2;20488.52734375;98.89468383789062;14636.1171875;0;0;0;;1;277290;m2;200441;0;
..\..\world\kalimdor\darkshore\passivedoodads\ruins\darkshorerock01.m2;20530.326171875;92.41600036621094;14651.021484375;0;311.5;0;;0.2294921875;280088;m2;201551;0;
..\..\world\kalimdor\darkshore\passivedoodads\ruins\darkshorerock01.m2;20534.916015625;95.24142456054688;14648.353515625;0;313.5;0;;0.2294921875;280085;m2;201551;0;
..\..\world\generic\orc\passivedoodads\barrelsandcrates\orcbarrel01.m2;20447.3671875;102.34545135498047;14541.908203125;-71.49999237060547;73.324951171875;-29.99998664855957;;1;574286;m2;199090;0;
..\..\world\generic\tauren\passivedoodads\drums\taurendrummed01.m2;20537.31640625;92.5177230834961;14657.951171875;0;0;0;;1;280083;m2;200402;0;
..\..\world\generic\tauren\passivedoodads\animalcages\animalcage03.m2;20488.009765625;99.47762298583984;14638.1728515625;0;0;0;;1;277288;m2;200359;0;
..\..\world\kalimdor\ashenvale\passivedoodads\ashenvalestumps\ashenvaletreestump03.m2;20294.984375;114.41570281982422;14658.62109375;0;0;0;;1;464754;m2;201213;0;
..\..\world\kalimdor\ashenvale\passivedoodads\ashenvalestumps\ashenvaletreestump03.m2;20368.53125;116.4840087890625;14575.603515625;0;168.5;0;;1;464780;m2;201213;0;
..\..\world\kalimdor\ashenvale\passivedoodads\ashenvalestumps\ashenvaletreestump03.m2;20377.25390625;115.5867919921875;14580.6767578125;0;0;0;;1;464781;m2;201213;0;
..\..\world\generic\orc\passivedoodads\barrelsandcrates\orccrate02.m2;20495.31640625;105.79313659667969;14564.2841796875;0;337.5;3.499999523162842;;1;274444;m2;199095;0;
..\..\world\generic\orc\passivedoodads\barrelsandcrates\orccrate02.m2;20467.025390625;104.70841979980469;14516.447265625;0;114.0627670288086;0;;1;574276;m2;199095;0;
..\..\world\generic\orc\passivedoodads\barrelsandcrates\orccrate07.m2;20465.68359375;102.82839965820312;14533.125;0;269.86541748046875;0;;1;574296;m2;199099;0;
..\..\world\generic\orc\passivedoodads\jugs\orcjug02.m2;20469.1796875;103.33609771728516;14517.208984375;0;147.5838623046875;0;;1;574270;m2;199192;0;
..\..\world\generic\tauren\passivedoodads\sacks\taurensack02.m2;20501.478515625;105.28751373291016;14579.74609375;0;64;0;;1.369140625;274052;m2;200442;0;
..\..\world\generic\passivedoodads\furniture\containers\crate03.m2;20337.302734375;140.21102905273438;14427.7412109375;10;72.5;-1.5;;1;565471;m2;199739;0;
..\..\world\generic\orc\passivedoodads\barrelsandcrates\orccrate01.m2;20482.6484375;109.81973266601562;14669.458984375;-1.5;113.5;-1;;1;274468;m2;199094;0;
..\..\world\generic\orc\passivedoodads\barrelsandcrates\orccrate01.m2;20272.10546875;104.8056869506836;14874.7021484375;0;53.378936767578125;0;;1;574156;m2;199094;0;
..\..\world\generic\orc\passivedoodads\barrelsandcrates\orccrate01.m2;20450.431640625;102.08477783203125;14539.892578125;1.9999995231628418;105.50491333007812;-1.500000238418579;;1;574284;m2;199094;0;
..\..\world\azeroth\westfall\passivedoodads\barrel\westfallbarrel01.m2;20741.052734375;24.528345108032227;14653.9580078125;6;180.0604248046875;-79;;1.3759765625;571949;m2;190535;0;
..\..\world\azeroth\elwynn\passivedoodads\detail\elwynnmushroom01\elwynnmushroom01.m2;20532.974609375;92.83161163330078;14661.3427734375;0;0;0;;1.44921875;275786;m2;189761;0;
..\..\world\generic\orc\passivedoodads\barrelsandcrates\orccrate08.m2;20448.64453125;102.0189437866211;14538.587890625;0;265.9541320800781;0;;1;574281;m2;199100;0;
..\..\world\generic\orc\passivedoodads\barrelsandcrates\orccrate01.m2;20467.162109375;104.49530792236328;14531.2451171875;0;283.68658447265625;0;;1;574299;m2;199094;0;
..\..\world\generic\orc\passivedoodads\barrelsandcrates\orccrate01.m2;20470.265625;103.55265045166016;14516.419921875;-4.5;171.1392822265625;-3.000000476837158;;1;574265;m2;199094;0;
..\..\world\generic\orc\passivedoodads\weapons\orcaxe02.m2;20466.177734375;105.30220031738281;14533.513671875;90;231.99998474121094;0;;1;274041;m2;199432;0;
..\..\world\azeroth\theblastedlands\passivedoodads\bones\blastedlandsspine01.m2;20695.951171875;28.125816345214844;14822.0615234375;0;113.84378051757812;0;;1.361328125;572559;m2;190441;0;
..\..\world\generic\orc\passivedoodads\barrelsandcrates\orcbarrel01.m2;20531.013671875;92.57473754882812;14658.5205078125;0;347.5;0;;1.2099609375;280072;m2;199090;0;
..\..\world\azeroth\theblastedlands\passivedoodads\bones\blastedlandsspine01.m2;20739.07421875;22.754718780517578;14699.4208984375;0;28.4664306640625;0;;1.3203125;572027;m2;190441;0;
..\..\world\generic\orc\passivedoodads\barrelsandcrates\orcbarrel01.m2;20494.84765625;99.09242248535156;14640.310546875;0;0;0;;1.3896484375;274491;m2;199090;0;
..\..\world\generic\orc\passivedoodads\barrelsandcrates\orccrate10.m2;20448.75390625;102.98680877685547;14538.7431640625;0;277.3363342285156;0;;1;574282;m2;199102;0;
..\..\world\generic\orc\passivedoodads\barrelsandcrates\orccrate01.m2;20506.107421875;96.16608428955078;14606.6259765625;-1.999999761581421;0;-12;;1;277292;m2;199094;0;
..\..\world\generic\orc\passivedoodads\barrelsandcrates\orcbarrel01.m2;20511.712890625;95.51283264160156;14605.3017578125;0;0;0;;1.3798828125;274494;m2;199090;0;
..\..\world\generic\orc\passivedoodads\barrelsandcrates\orccrate01.m2;20472.0234375;103.67540740966797;14516.0908203125;0.9999998807907104;268.8326721191406;-6;;1;574266;m2;199094;0;
..\..\world\kalimdor\darkshore\passivedoodads\ruins\darkshorerock01.m2;20528.982421875;92.41728210449219;14651.0859375;0;348.5;0;;0.2197265625;280087;m2;201551;0;
..\..\world\generic\orc\passivedoodads\weapons\orcaxe01.m2;20422.57421875;110.61319732666016;14663.4580078125;-68.99998474121094;235;24.500001907348633;;1;464804;m2;199430;0;
..\..\world\azeroth\theblastedlands\passivedoodads\bones\blastedlandsbonepile02.m2;20723.45703125;27.304149627685547;14688.259765625;23.999998092651367;65.5089111328125;-9.999999046325684;;1.0966796875;572028;m2;190437;0;
..\..\world\generic\orc\passivedoodads\barrelsandcrates\orccrate01.m2;20492.90234375;99.1641616821289;14638.3740234375;0;0;0;;1;274490;m2;199094;0;
..\..\world\generic\orc\passivedoodads\barrelsandcrates\orcbarrel01.m2;20468.45703125;102.803466796875;14530.2431640625;0;232.192138671875;0;;1;574301;m2;199090;0;
..\..\world\azeroth\elwynn\passivedoodads\detail\elwynnmushroom01\elwynnmushroom01.m2;20531.517578125;92.94804382324219;14661.3642578125;0;311;0;;1;275787;m2;189761;0;
..\..\world\generic\passivedoodads\lights\torch.m2;20480.875;102.22276306152344;14614.2646484375;0;264.5;0;;1;278745;m2;199823;0;
..\..\world\generic\passivedoodads\lights\torch.m2;20478.265625;102.1202163696289;14624.646484375;0;260;0;;1;278746;m2;199823;0;
..\..\world\generic\passivedoodads\lights\torch.m2;20498.44140625;106.36022186279297;14567.134765625;0;1.5;0;;1;280099;m2;199823;0;
..\..\world\generic\passivedoodads\lights\torch.m2;20499.888671875;106.70490264892578;14573.6103515625;0;218;0;;1;280100;m2;199823;0;
..\..\world\generic\orc\passivedoodads\weapons\orcaxe01.m2;20431.37109375;109.03273010253906;14590.8759765625;-69.00000762939453;78;24.500001907348633;;1;464805;m2;199430;0;
..\..\world\generic\orc\passivedoodads\barrelsandcrates\orccrate02.m2;20481.08984375;109.79293060302734;14670.1142578125;-0.5000000596046448;0;3.000000476837158;;1;274465;m2;199095;0;
..\..\world\generic\orc\passivedoodads\barrelsandcrates\orccrate02.m2;20506.291015625;99.27975463867188;14737.9521484375;3.5;0;-2.499999761581421;;1;345293;m2;199095;0;
..\..\world\generic\orc\passivedoodads\barrelsandcrates\orccrate10.m2;20272.125;103.45899963378906;14874.7080078125;0;357.3851623535156;0;;1;574152;m2;199102;0;
..\..\world\generic\orc\passivedoodads\barrelsandcrates\orccrate02.m2;20495.947265625;104.4829330444336;14565.958984375;0;0;2;;1;274442;m2;199095;0;
..\..\world\generic\orc\passivedoodads\barrelsandcrates\orcbarrel01.m2;20472.73046875;103.77178955078125;14514.76171875;0;150.57220458984375;0;;1;574267;m2;199090;0;
..\..\world\generic\orc\passivedoodads\barrelsandcrates\orcbarrel01.m2;20270.8203125;103.76117706298828;14873.6103515625;0;299.0240173339844;0;;1;574154;m2;199090;0;
..\..\world\generic\orc\passivedoodads\barrelsandcrates\orcbarrel01.m2;20494.212890625;103.80964660644531;14561.9970703125;0;333.5;0;;1;274446;m2;199090;0;
..\..\world\generic\orc\passivedoodads\weapons\orcaxe01.m2;20504.81640625;96.42450714111328;14607.6708984375;-15.499999046325684;9.5;-2.500000238418579;;1;277302;m2;199430;0;
..\..\world\generic\orc\passivedoodads\jugs\orcjug01.m2;20471.212890625;106.02105712890625;14514.8603515625;0;200.36378479003906;0;;1;574279;m2;199191;0;
..\..\world\generic\orc\passivedoodads\barrelsandcrates\orccrate02.m2;20512.849609375;95.63602447509766;14607.662109375;0;0;0;;1;277297;m2;199095;0;
..\..\world\generic\orc\passivedoodads\barrelsandcrates\orccrate02.m2;20530.625;94.48605346679688;14599.490234375;0;0;0;;1;280080;m2;199095;0;
..\..\world\generic\orc\passivedoodads\barrelsandcrates\orccrate01.m2;20494.89453125;104.71808624267578;14565.9580078125;0.5;0;42;;1;274443;m2;199094;0;
..\..\world\generic\orc\passivedoodads\weapons\orcsword02.m2;20455.232421875;111.9229965209961;14672.2958984375;-1.5000005960464478;224.5;162.5;;1;552519;m2;199446;0;
..\..\world\generic\orc\passivedoodads\barrelsandcrates\orcbarrel01.m2;20499.662109375;104.7398910522461;14560.162109375;0;0;0;;1.2392578125;274447;m2;199090;0;
..\..\world\azeroth\theblastedlands\passivedoodads\bones\blastedlandsspine01.m2;20710.39453125;27.596118927001953;14860.482421875;0;346.32159423828125;0;;1.2314453125;572560;m2;190441;0;
..\..\world\generic\orc\passivedoodads\weapons\orcaxe02.m2;20505.6953125;96.26201629638672;14607.4541015625;-27.000001907348633;59;-3.9999990463256836;;1;277293;m2;199432;0;
..\..\world\generic\orc\passivedoodads\weapons\orcsword02.m2;20662.94140625;109.63488006591797;14462.2041015625;-18.999998092651367;202.5;9.499999046325684;;1;277279;m2;199446;0;
..\..\world\generic\orc\passivedoodads\weapons\orcsword02.m2;20663.4921875;109.69407653808594;14462.7490234375;-9;10.5;1.5;;1;277280;m2;199446;0;
..\..\world\generic\orc\passivedoodads\barrelsandcrates\orcbarrel01.m2;20272.02734375;103.6866226196289;14872.9052734375;0;106.38388061523438;0;;1;574155;m2;199090;0;
..\..\world\generic\orc\passivedoodads\barrelsandcrates\orcbarrel01.m2;20450.357421875;102.03978729248047;14538.0673828125;0;163.7232666015625;0;;1;574280;m2;199090;0;
..\..\world\generic\orc\passivedoodads\barrelsandcrates\orcbarrel01.m2;20482.69140625;109.81670379638672;14671.7421875;0;0;0;;1.189453125;274466;m2;199090;0;
..\..\world\azeroth\elwynn\passivedoodads\detail\elwynnmushroom01\elwynnmushroom01.m2;20532.22265625;92.61136627197266;14660.4423828125;0;0;0;;1.169921875;275788;m2;189761;0;
..\..\world\generic\orc\passivedoodads\weapons\orcsword02.m2;20663.67578125;109.7656021118164;14462.060546875;27.5;311.5;-2.999999761581421;;1;277278;m2;199446;0;
..\..\world\generic\tauren\passivedoodads\sacks\taurensack02.m2;20449.234375;102.24918365478516;14542.31640625;0;139.2779541015625;0;;1;574292;m2;200442;0;
..\..\world\generic\tauren\passivedoodads\sacks\taurensack02.m2;20296.421875;102.02718353271484;14895.712890625;0;142.04656982421875;0;;1;574164;m2;200442;0;
..\..\world\generic\orc\passivedoodads\barrelsandcrates\orcbarrel01.m2;20528.451171875;94.25752258300781;14602.5185546875;0;0;0;;1.1298828125;280075;m2;199090;0;
..\..\world\generic\orc\passivedoodads\barrelsandcrates\orcbarrel01.m2;20502.1796875;99.3184814453125;14737.0966796875;0;0;0;;1.1298828125;345290;m2;199090;0;
..\..\world\generic\human\passivedoodads\buckets\bucket.m2;20694.005859375;28.64072036743164;14820.904296875;8.00000286102295;238.27877807617188;-81.5;;0.87890625;572557;m2;198068;0;
..\..\world\generic\orc\passivedoodads\barrelsandcrates\orcbarrel01.m2;20449.5546875;102.01600646972656;14536.8818359375;0;7.339111328125;0;;1;574285;m2;199090;0;
..\..\world\generic\orc\passivedoodads\barrelsandcrates\orcbarrel01.m2;20472.892578125;103.62674713134766;14513.416015625;0;353.68267822265625;0;;1;574268;m2;199090;0;
..\..\world\azeroth\elwynn\passivedoodads\detail\elwynnmushroom01\elwynnmushroom01.m2;20532.09765625;92.96550750732422;14662.3291015625;0;275;0;;1;275789;m2;189761;0;
..\..\world\generic\orc\passivedoodads\barrelsandcrates\orccrate08.m2;20468.64453125;104.87090301513672;14514.970703125;0;92.184814453125;0;;0.75;574264;m2;199100;0;
..\..\world\generic\tauren\passivedoodads\sacks\taurensack02.m2;20487.70703125;99.02409362792969;14635.7978515625;0;0;0;;1;277289;m2;200442;0;
..\..\world\generic\tauren\passivedoodads\sacks\taurensack02.m2;20295.89453125;102.24833679199219;14896.3466796875;0;280.1928405761719;0;;1;574163;m2;200442;0;
..\..\world\azeroth\elwynn\passivedoodads\detail\elwynnmushroom01\elwynnmushroom01.m2;20673.5859375;103.38268280029297;14424.8271484375;-7.500000476837158;0;0;;1;276266;m2;189761;0;
..\..\world\generic\orc\passivedoodads\barrelsandcrates\orcbarrel01.m2;20466.33984375;102.7428970336914;14534.4150390625;0;266.65728759765625;0;;1;574300;m2;199090;0;
..\..\world\generic\human\passivedoodads\crates\replacecrate03.m2;20503.609375;99.31484985351562;14737.9541015625;0;0;0;;1;345287;m2;198167;0;
..\..\world\generic\orc\passivedoodads\barrelsandcrates\orcbarrel01.m2;20511.798828125;95.58355712890625;14606.896484375;0;270.5;0;;1;274495;m2;199090;0;
..\..\world\generic\orc\passivedoodads\shields\orcshield03.m2;20506.326171875;96.50382232666016;14608.4111328125;-78.0000228881836;109.50006103515625;-30.500015258789062;;1;277303;m2;199254;0;
..\..\world\generic\orc\passivedoodads\barrelsandcrates\orcbarrel01.m2;20498.95703125;104.64945220947266;14561.1376953125;0;0;0;;1;274448;m2;199090;0;
..\..\world\generic\orc\passivedoodads\barrelsandcrates\orcbarrel01.m2;20494.76171875;99.1641616821289;14637.24609375;0;0;0;;1;274492;m2;199090;0;
..\..\world\generic\orc\passivedoodads\barrelsandcrates\orcbarrel01.m2;20513.173828125;95.58662414550781;14606.771484375;0;0;0;;1;274493;m2;199090;0;
..\..\world\generic\orc\passivedoodads\barrelsandcrates\orcbarrel01.m2;20514.8359375;95.59683990478516;14613.2666015625;0;0;0;;1;277295;m2;199090;0;
..\..\world\generic\orc\passivedoodads\barrelsandcrates\orcbarrel01.m2;20532.009765625;92.65015411376953;14657.4296875;0;0;0;;1;280071;m2;199090;0;
..\..\world\generic\orc\passivedoodads\barrelsandcrates\orcbarrel01.m2;20530.83203125;92.57109832763672;14656.6240234375;0;0;0;;1;280073;m2;199090;0;
..\..\world\generic\orc\passivedoodads\barrelsandcrates\orcbarrel01.m2;20528.099609375;94.27408599853516;14601.478515625;0;0;0;;1;280074;m2;199090;0;
..\..\world\generic\orc\passivedoodads\barrelsandcrates\orcbarrel01.m2;20529.234375;94.1442642211914;14601.8427734375;0;0;0;;1;280076;m2;199090;0;
..\..\world\azeroth\theblastedlands\passivedoodads\bones\blastedlandsspine01.m2;20513.611328125;109.82157135009766;14424.705078125;6.000000953674316;0;6.000000476837158;;1;464878;m2;190441;0;
..\..\world\azeroth\theblastedlands\passivedoodads\bones\blastedlandsbonepile02.m2;20693.0234375;29.080318450927734;14883.7216796875;0;274.41387939453125;0;;0.8857421875;572562;m2;190437;0;
..\..\world\generic\human\passivedoodads\buckets\bucket.m2;20706.54296875;29.59324073791504;14878.1708984375;10.50000286102295;78.52166748046875;-85.49998474121094;;0.8271484375;572641;m2;198068;0;
..\..\world\generic\human\passivedoodads\buckets\bucket.m2;20529.00390625;94.5718765258789;14599.49609375;0;0;0;;1;280081;m2;198068;0;
..\..\world\azeroth\theblastedlands\passivedoodads\bones\blastedlandsbonepile03.m2;20766.078125;24.212160110473633;14593.333984375;-4.000000476837158;232.30201721191406;21.5;;1.017578125;572551;m2;190438;0;
..\..\world\azeroth\theblastedlands\passivedoodads\bones\blastedlandsspine01.m2;20663.09765625;109.98661804199219;14462.7353515625;0;0;0;;1;277282;m2;190441;0;
..\..\world\generic\orc\passivedoodads\shields\orcshield03.m2;20503.81640625;99.254150390625;14739.0185546875;-37.499996185302734;0;1.9999995231628418;;1;345292;m2;199254;0;
..\..\world\generic\human\passivedoodads\buckets\cavekoboldbucket.m2;20389.458984375;106.06281280517578;14701.3583984375;0;314.5;0;;1;565501;m2;198069;0;
..\..\world\generic\human\passivedoodads\crates\replacecrate02.m2;20504.49609375;99.34188079833984;14737.2998046875;0;314.5;0;;1;345288;m2;198166;0;
..\..\world\azeroth\theblastedlands\passivedoodads\bones\blastedlandsbonepile03.m2;20705.234375;29.732839584350586;14877.697265625;0;14.53533935546875;0;;1.130859375;572642;m2;190438;0;
..\..\world\generic\human\passivedoodads\bottles\bottle01.m2;20337.0703125;140.2576141357422;14428.068359375;-3.5;337;-15.000000953674316;;1.1591796875;565472;m2;198057;0;
..\..\world\generic\orc\passivedoodads\jars\jarorc05.m2;20518.798828125;105.6823501586914;14555.8916015625;0;327.5;0;;1.1796875;274454;m2;199183;0;
..\..\world\generic\orc\passivedoodads\jars\jarorc03.m2;20508.15625;105.54739379882812;14577.916015625;0;335;0;;1.369140625;274457;m2;199181;0;
..\..\world\generic\orc\passivedoodads\bowls\bowlwood02.m2;20470.21875;103.51834869384766;14517.3154296875;0;348.1563720703125;0;;1;574273;m2;199122;0;
..\..\world\generic\orc\passivedoodads\jars\jarorc06.m2;20467.072265625;104.51786041259766;14531.05078125;0;305.56109619140625;0;;1;574302;m2;199184;0;
..\..\world\azeroth\theblastedlands\passivedoodads\bones\blastedlandsskull02.m2;20678.86328125;32.279510498046875;14903.7216796875;0;53.81365966796875;0;;1.189453125;572646;m2;190440;0;
..\..\world\generic\orc\passivedoodads\jars\jarorc05.m2;20467.16015625;104.72248840332031;14516.697265625;0;247.46359252929688;0;;1;574278;m2;199183;0;
..\..\world\generic\orc\passivedoodads\jars\jarorc06.m2;20472.03515625;103.67027282714844;14516.3447265625;0;248.716064453125;0;;1;574272;m2;199184;0;
..\..\world\azeroth\theblastedlands\passivedoodads\bones\blastedlandsskull02.m2;20663.46875;110.96177673339844;14462.4716796875;43.49999237060547;265;-4.000001430511475;;1.099609375;277281;m2;190440;0;
..\..\world\generic\orc\passivedoodads\jars\jarorc06.m2;20450.341796875;102.09906005859375;14539.6083984375;0;286.7079772949219;0;;1;574287;m2;199184;0;
..\..\world\azeroth\elwynn\passivedoodads\jugs\jug01.m2;20389.556640625;106.13736724853516;14702.05859375;0;267.5;0;;1;565500;m2;189820;0;
..\..\world\generic\orc\passivedoodads\jars\jarorc05.m2;20508.458984375;105.6274185180664;14578.537109375;0;0;0;;1;274455;m2;199183;0;
..\..\world\generic\orc\passivedoodads\jars\jarorc05.m2;20513.1796875;96.41917419433594;14612.744140625;0;0;0;;1;277298;m2;199183;0;
..\..\world\generic\orc\passivedoodads\jars\jarorc06.m2;20538.517578125;93.43428802490234;14648.5771484375;0;0;0;;1;280066;m2;199184;0;
..\..\world\generic\orc\passivedoodads\jars\jarorc05.m2;20522.53125;94.74178314208984;14611.162109375;0;0;0;;1;280079;m2;199183;0;
..\..\world\generic\orc\passivedoodads\jars\jarorc06.m2;20479.375;109.8110122680664;14673.2978515625;0;0;0;;1;552521;m2;199184;0;
..\..\world\generic\orc\passivedoodads\jars\jarorc06.m2;20450.513671875;102.10899353027344;14540.05859375;0;173.61126708984375;0;;1;574288;m2;199184;0;
..\..\world\azeroth\theblastedlands\passivedoodads\bones\blastedlandsskull02.m2;20768.28515625;25.03927993774414;14597.380859375;0;228.63246154785156;0;;1.072265625;572553;m2;190440;0;
..\..\world\azeroth\westfall\passivedoodads\westfallchair\westfallchair.m2;20388.64453125;106.13662719726562;14702.7392578125;0;0;0;;1;565499;m2;190658;0;
..\..\world\azeroth\theblastedlands\passivedoodads\bones\blastedlandsskull02.m2;20731.896484375;25.140201568603516;14718.93359375;0;214.11907958984375;0;;1.021484375;572555;m2;190440;0;
..\..\world\generic\orc\passivedoodads\jars\jarorc01.m2;20271.908203125;104.8262710571289;14874.974609375;0;133.64178466796875;0;;1;574157;m2;199179;0;
..\..\world\generic\orc\passivedoodads\jars\jarorc01.m2;20472.060546875;103.71707916259766;14515.908203125;0;216.61305236816406;0;;1;574271;m2;199179;0;
..\..\world\generic\orc\passivedoodads\jars\jarorc04.m2;20272.806640625;104.37914276123047;14876.2685546875;0;153.28594970703125;0;;1;574159;m2;199182;0;
..\..\world\azeroth\theblastedlands\passivedoodads\bones\blastedlandsskull01.m2;20791.90625;20.66672706604004;14534.3857421875;0;79.35665893554688;0;;1.1201171875;572034;m2;190439;0;
..\..\world\azeroth\theblastedlands\passivedoodads\bones\blastedlandsbone01.m2;20707.408203125;29.40426254272461;14881.5673828125;0;63.8984375;0;;1.357421875;572643;m2;190436;0;
..\..\world\generic\orc\passivedoodads\jars\jarorc01.m2;20272.20703125;104.82581329345703;14874.6015625;0;163.2508544921875;0;;1;574158;m2;199179;0;
..\..\world\generic\tauren\passivedoodads\bowls\taurenbowl07.m2;20512.94140625;96.4174575805664;14613.7060546875;0;0;0;;0.509765625;277299;m2;200384;0;
..\..\world\azeroth\theblastedlands\passivedoodads\bones\blastedlandsbone01.m2;20792.755859375;20.885595321655273;14535.298828125;0;41.19635009765625;0;;1.2666015625;572035;m2;190436;0;
..\..\world\generic\orc\passivedoodads\jars\jarorc02.m2;20466.94140625;104.72268676757812;14516.259765625;0;103.63720703125;0;;1;574277;m2;199180;0;
..\..\world\generic\orc\passivedoodads\jars\jarorc01.m2;20500.64453125;104.72112274169922;14560.8447265625;0;0;0;;1;274449;m2;199179;0;
..\..\world\generic\orc\passivedoodads\jars\jarorc02.m2;20538.087890625;93.37335205078125;14648.8740234375;0;0;0;;1;280070;m2;199180;0;
..\..\world\generic\orc\passivedoodads\jars\jarorc02.m2;20523.384765625;94.70046997070312;14610.9560546875;0;0;0;;1;280078;m2;199180;0;
..\..\world\generic\orc\passivedoodads\jars\jarorc01.m2;20504.66015625;99.29662322998047;14738.2353515625;0;0;0;;1;345289;m2;199179;0;
..\..\world\generic\orc\passivedoodads\jars\jarorc01.m2;20467.28515625;104.51850891113281;14531.4697265625;0;273.1174621582031;0;;1;574303;m2;199179;0;
..\..\world\generic\orc\passivedoodads\jars\jarorc03.m2;20500.232421875;104.71610260009766;14561.2333984375;0;351.5;0;;1;274450;m2;199181;0;
..\..\world\azeroth\theblastedlands\passivedoodads\bones\blastedlandsbone01.m2;20764.53515625;24.28252601623535;14593.12109375;0;16.831573486328125;0;;1.263671875;572552;m2;190436;0;
..\..\world\generic\orc\passivedoodads\jars\jarorc04.m2;20470.482421875;103.5809097290039;14516.509765625;0;354.24298095703125;0;;1;574275;m2;199182;0;
..\..\world\generic\orc\passivedoodads\jars\jarorc03.m2;20470.013671875;103.56053161621094;14516.3759765625;0;274.6995544433594;0;;1;574274;m2;199181;0;
..\..\world\azeroth\theblastedlands\passivedoodads\bones\blastedlandsskull01.m2;20786.98046875;18.879072189331055;14569.7646484375;0;50.57159423828125;0;;0.828125;572033;m2;190439;0;
..\..\world\generic\orc\passivedoodads\jars\jarorc04.m2;20508.93359375;105.65151977539062;14578.2060546875;0;0;0;;1;274456;m2;199182;0;
..\..\world\generic\orc\passivedoodads\jars\jarorc04.m2;20538.0078125;93.3892593383789;14648.181640625;0;0;0;;1;280069;m2;199182;0;
..\..\world\generic\orc\passivedoodads\jars\jarorc04.m2;20523.40234375;94.62661743164062;14611.4296875;0;0;0;;1;280077;m2;199182;0;
..\..\world\generic\orc\passivedoodads\jars\jarorc03.m2;20513.697265625;96.41780090332031;14613.2373046875;0;0;0;;1;277296;m2;199181;0;
..\..\world\azeroth\theblastedlands\passivedoodads\bones\blastedlandsskull02.m2;20707.84375;29.30474281311035;14882.13671875;0;4.72357177734375;0;;0.91796875;572644;m2;190440;0;
..\..\world\wmo\kalimdor\buildings\orcfortress\orcfortress.wmo;20552.888671875;101.67823028564453;14625.2822265625;0;267;0;0;1;247606;wmo;112949;0;Set_$DefaultGlobal
..\..\world\wmo\kalimdor\buildings\orckennel\orckennel.wmo;20512.388671875;107.7859878540039;14567.2333984375;0;104;0;0;1;247607;wmo;113029;0;Set_$DefaultGlobal
..\..\world\wmo\kalimdor\buildings\orctower\orctower.wmo;20673.943359375;112.33965301513672;14476.9501953125;0;51;0;0;1;247609;wmo;113091;0;Set_$DefaultGlobal
..\..\world\wmo\kalimdor\buildings\orctower\orctower.wmo;20534.662109375;107.4292984008789;14799.2216796875;0;75;0;0;1;272674;wmo;113091;0;Set_$DefaultGlobal
..\..\world\wmo\kalimdor\buildings\trollburrow\trollburrow.wmo;20495.4296875;111.80106353759766;14682.7734375;0;0;0;0;1;272675;wmo;113192;0;Set_$DefaultGlobal
..\..\world\wmo\kalimdor\buildings\orctower\orctower.wmo;20396.95703125;106.62229919433594;14883.44921875;0;2.5;0;0;1;274802;wmo;113091;0;Set_$DefaultGlobal
..\..\world\wmo\kalimdor\buildings\classicalelfruins\azrclassicalelfruin01.wmo;20799.46484375;9.38851261138916;14513.505859375;-9.5;124.436279296875;3;0;1.1259765625;571823;wmo;112690;0;Set_$DefaultGlobal
..\..\world\wmo\kalimdor\buildings\orcblacksmith\orcblacksmith.wmo;20456.05859375;102.52942657470703;14524.7353515625;0;41;0;0;1;573960;wmo;112923;0;Set_$DefaultGlobal
..\..\world\wmo\kalimdor\collidabledoodads\mulgore\crossroadsbridge\crossroadsbridge.wmo;20252.267578125;103.3814468383789;14917.494140625;0;45.5;0;0;1;573962;wmo;113299;0;Set_$DefaultGlobal
