ModelFile;PositionX;PositionY;PositionZ;RotationX;RotationY;RotationZ;RotationW;ScaleFactor;ModelId;Type;FileDataID;DoodadSetIndexes;DoodadSetNames
..\..\world\critter\birds\bird01.m2;20385.412109375;33.58857727050781;20299.310546875;0;22.5;0;;6.8994140625;93434;m2;190719;0;
..\..\world\critter\birds\bird01.m2;19926.18359375;34.5094108581543;20176.017578125;0;152.5;0;;2.8291015625;97459;m2;190719;0;
..\..\world\critter\birds\bird01.m2;19933.080078125;34.88621520996094;20186.62109375;0;149;0;;2.8291015625;88654;m2;190719;0;
..\..\world\critter\birds\bird01.m2;19957.69921875;34.30460739135742;20206.3125;0;23.5;0;;2.58984375;83948;m2;190719;0;
..\..\world\critter\birds\bird01.m2;19946.52734375;35.041656494140625;20181.8203125;0;149;0;;2.6494140625;97460;m2;190719;0;
..\..\world\kalimdor\dustwallow\passivedoodads\trees\dustwallowtree04.m2;19893.857421875;33.954952239990234;20429.56640625;0;0;0;;1.7294921875;87714;m2;201829;0;
..\..\world\kalimdor\dustwallow\passivedoodads\trees\dustwallowtree04.m2;20267.396484375;32.94255447387695;20663.111328125;0;13.5;0;;1.529296875;94460;m2;201829;0;
..\..\world\kalimdor\dustwallow\passivedoodads\trees\dustwallowtree01.m2;20297.32421875;31.074588775634766;20701.935546875;0;56;0;;1.2890625;94480;m2;201826;0;
..\..\world\kalimdor\dustwallow\passivedoodads\trees\dustwallowtree04.m2;20203.107421875;33.2760124206543;20613.93359375;0;0;0;;1.4296875;94465;m2;201829;0;
..\..\world\kalimdor\dustwallow\passivedoodads\trees\dustwallowtree04.m2;20174.017578125;36.14198684692383;20689.36328125;0;352.5;0;;1.4091796875;94483;m2;201829;0;
..\..\world\kalimdor\dustwallow\passivedoodads\trees\dustwallowtree01.m2;20015.44921875;33.45111846923828;20757.55859375;-6.999999046325684;0;2.5;;1.529296875;94452;m2;201826;0;
..\..\world\kalimdor\dustwallow\passivedoodads\trees\dustwallowtree04.m2;20264.97265625;37.623687744140625;20737.21875;0;71;0;;1.3896484375;94550;m2;201829;0;
..\..\world\kalimdor\dustwallow\passivedoodads\trees\dustwallowtree04.m2;20259.943359375;39.815547943115234;20589.90234375;-2.000000238418579;147;-4.499999523162842;;1.279296875;94461;m2;201829;0;
..\..\world\kalimdor\dustwallow\passivedoodads\trees\dustwallowtree02.m2;20185.4140625;33.50346374511719;20647.296875;0;336;0;;1.509765625;94466;m2;201827;0;
..\..\world\kalimdor\dustwallow\passivedoodads\trees\dustwallowtree04.m2;19793.533203125;34.07258987426758;20440.435546875;0;341.5;-1.5;;1.2998046875;87710;m2;201829;0;
..\..\world\kalimdor\dustwallow\passivedoodads\trees\dustwallowtree04.m2;19832.857421875;33.83152770996094;20363.568359375;0;0;0;;1.2890625;87705;m2;201829;0;
..\..\world\kalimdor\dustwallow\passivedoodads\trees\dustwallowtree01.m2;19936.158203125;41.375370025634766;20264.39453125;7.500000476837158;65;3.0000009536743164;;1.0791015625;84455;m2;201826;0;
..\..\world\kalimdor\dustwallow\passivedoodads\trees\dustwallowtree02.m2;20017.162109375;37.499080657958984;20384.880859375;0;319;0;;1.359375;84499;m2;201827;0;
..\..\world\kalimdor\dustwallow\passivedoodads\trees\dustwallowtree01.m2;20027.76953125;37.25634765625;20427.23828125;-5.000000476837158;135.5;-7.500000476837158;;1;84497;m2;201826;0;
..\..\world\kalimdor\dustwallow\passivedoodads\trees\dustwallowtree01.m2;20031.86328125;40.79851531982422;20301.322265625;0;30.5;5.500000476837158;;1;83962;m2;201826;0;
..\..\world\kalimdor\dustwallow\passivedoodads\trees\dustwallowtree01.m2;19779.919921875;35.658729553222656;20747.150390625;3.5000007152557373;324;-2.5;;1;82018;m2;201826;0;
..\..\world\kalimdor\dustwallow\passivedoodads\trees\dustwallowtree01.m2;19997.5546875;46.16675567626953;20244.546875;0;220.5;0;;1;84453;m2;201826;0;
..\..\world\kalimdor\dustwallow\passivedoodads\trees\dustwallowtree01.m2;19887.025390625;34.86215591430664;20786.982421875;0;140;0;;1;94404;m2;201826;0;
..\..\world\kalimdor\dustwallow\passivedoodads\trees\dustwallowtree02.m2;20217.125;43.337100982666016;20491.744140625;9.500003814697266;20.5;-3.499999761581421;;1.259765625;84515;m2;201827;0;
..\..\world\kalimdor\dustwallow\passivedoodads\trees\dustwallowtree01.m2;19871.83984375;35.266361236572266;20327.517578125;0;306.4999694824219;0;;1;87694;m2;201826;0;
..\..\world\kalimdor\dustwallow\passivedoodads\trees\dustwallowtree02.m2;20164.130859375;34.55074691772461;20284.333984375;0;36;0;;1.279296875;84475;m2;201827;0;
..\..\world\kalimdor\dustwallow\passivedoodads\trees\dustwallowtree01.m2;20049.05859375;36.30075454711914;20364.427734375;-2.5;235;2;;1;84500;m2;201826;0;
..\..\world\kalimdor\dustwallow\passivedoodads\trees\dustwallowtree01.m2;20231.98828125;40.13728713989258;20323.306640625;0;305.5;0;;1;81830;m2;201826;0;
..\..\world\kalimdor\dustwallow\passivedoodads\trees\dustwallowtree01.m2;19785.173828125;36.27086639404297;20674.66015625;-2.5;330;3.499999523162842;;1;82019;m2;201826;0;
..\..\world\kalimdor\dustwallow\passivedoodads\trees\dustwallowtree01.m2;20156.51953125;39.53057098388672;20524.111328125;-4.5;31.5;-2.499999761581421;;1;84512;m2;201826;0;
..\..\world\kalimdor\dustwallow\passivedoodads\trees\dustwallowtree02.m2;20178.31640625;33.316436767578125;20386.505859375;2.5;310.5;1.5000007152557373;;1.2099609375;84483;m2;201827;0;
..\..\world\kalimdor\dustwallow\passivedoodads\trees\dustwallowtree01.m2;19986.30078125;35.66374206542969;20461.05078125;0;244.00003051757812;0;;1;84507;m2;201826;0;
..\..\world\kalimdor\dustwallow\passivedoodads\trees\dustwallowtree02.m2;20238.662109375;47.33836364746094;20623.45703125;0;301.5;0;;1.25;94454;m2;201827;0;
..\..\world\kalimdor\dustwallow\passivedoodads\trees\dustwallowtree02.m2;19968.357421875;36.92560577392578;20794.970703125;0;337;0;;1.279296875;95604;m2;201827;0;
..\..\world\kalimdor\dustwallow\passivedoodads\trees\dustwallowtree04.m2;19803.12890625;34.24431228637695;20817.505859375;-11.499999046325684;354;3.500000238418579;;1;81992;m2;201829;0;
..\..\world\kalimdor\dustwallow\passivedoodads\trees\dustwallowtree04.m2;19844.80078125;34.42510223388672;20698.46484375;3.0000007152557373;22;0.5;;1.0693359375;81991;m2;201829;0;
..\..\world\kalimdor\dustwallow\passivedoodads\trees\dustwallowtree01.m2;19846.53125;33.6740608215332;20443.978515625;0;0;0;;1.2294921875;87422;m2;201826;0;
..\..\world\kalimdor\dustwallow\passivedoodads\trees\dustwallowtree04.m2;19930.357421875;32.723182678222656;20478.359375;6.999998569488525;0;-5.499999046325684;;1;84519;m2;201829;0;
..\..\world\kalimdor\dustwallow\passivedoodads\trees\dustwallowtree04.m2;20119.587890625;34.86955642700195;20462.8984375;0;0;0;;1.0791015625;84513;m2;201829;0;
..\..\world\kalimdor\dustwallow\passivedoodads\trees\dustwallowtree04.m2;19926.880859375;35.05069351196289;20345.22265625;5.499999046325684;0;3.499999761581421;;1;84470;m2;201829;0;
..\..\world\kalimdor\dustwallow\passivedoodads\trees\dustwallowtree01.m2;19909.6328125;35.19355773925781;20540.408203125;0;20;0;;0.9697265625;87437;m2;201826;0;
..\..\world\kalimdor\dustwallow\passivedoodads\trees\dustwallowtree02.m2;20110.8671875;33.12594223022461;20410.017578125;0;37;0;;1.1494140625;84501;m2;201827;0;
..\..\world\kalimdor\dustwallow\passivedoodads\trees\dustwallowtree04.m2;20210.77734375;39.47136688232422;20515.236328125;5.5;0;-3.000000476837158;;0.9892578125;84514;m2;201829;0;
..\..\world\kalimdor\dustwallow\passivedoodads\trees\dustwallowtree01.m2;20262.73828125;32.76205825805664;20362.8046875;0;348;0;;1;84480;m2;201826;0;
..\..\world\kalimdor\dustwallow\passivedoodads\trees\dustwallowtree04.m2;19769.095703125;35.27780532836914;20527.666015625;3.000000476837158;336;0.9999998807907104;;1;81993;m2;201829;0;
..\..\world\kalimdor\dustwallow\passivedoodads\trees\dustwallowtree02.m2;19986.37890625;35.24570083618164;20519.451171875;-1.5000001192092896;346;1.5;;1.2294921875;84509;m2;201827;0;
..\..\world\kalimdor\dustwallow\passivedoodads\trees\dustwallowtree04.m2;20237.9921875;33.65941619873047;20282.95703125;2.500000476837158;0;-0.5000001192092896;;1;84485;m2;201829;0;
..\..\world\kalimdor\dustwallow\passivedoodads\trees\dustwallowtree04.m2;20155.439453125;34.892391204833984;20351.01953125;-1.0000001192092896;333;0;;1;84484;m2;201829;0;
..\..\world\kalimdor\dustwallow\passivedoodads\trees\dustwallowtree04.m2;19996.0546875;34.424800872802734;20437.5234375;0;19;0;;1;84505;m2;201829;0;
..\..\world\kalimdor\dustwallow\passivedoodads\trees\dustwallowtree04.m2;19835.767578125;36.59298324584961;20281.681640625;0;0;0;;1;88598;m2;201829;0;
..\..\world\kalimdor\dustwallow\passivedoodads\trees\dustwallowtree04.m2;19915.55859375;33.80221176147461;20665.4453125;0;0;0;;1;94388;m2;201829;0;
..\..\world\kalimdor\dustwallow\passivedoodads\trees\dustwallowtree04.m2;19902.048828125;36.972591400146484;20701.8125;0;0;0;;1;94400;m2;201829;0;
..\..\world\kalimdor\dustwallow\passivedoodads\trees\dustwallowtree04.m2;20043.40234375;33.75439453125;20458.455078125;0;351.5;0;;1;84504;m2;201829;0;
..\..\world\kalimdor\dustwallow\passivedoodads\trees\dustwallowtree04.m2;20054.86328125;34.66756057739258;20540.01953125;0;0;0;;1;84518;m2;201829;0;
..\..\world\kalimdor\dustwallow\passivedoodads\trees\dustwallowtree04.m2;20143.412109375;37.57838821411133;20750.861328125;0;305.5;0;;1;94517;m2;201829;0;
..\..\world\kalimdor\dustwallow\passivedoodads\trees\dustwallowtree02.m2;20157.84765625;34.63112258911133;20473.951171875;1.4999992847442627;44.5;-4.499999523162842;;1;84516;m2;201827;0;
..\..\world\kalimdor\dustwallow\passivedoodads\trees\dustwallowtree02.m2;20071.818359375;36.2554817199707;20733.1171875;0;45;0;;1.0498046875;94514;m2;201827;0;
..\..\world\kalimdor\dustwallow\passivedoodads\trees\dustwallowtree02.m2;19905.419921875;32.52617263793945;20385.240234375;0;0;0;;1.369140625;87706;m2;201827;0;
..\..\world\kalimdor\dustwallow\passivedoodads\trees\dustwallowtree02.m2;19924.95703125;33.19133377075195;20758.11328125;0;0;0;;1.369140625;94403;m2;201827;0;
..\..\world\kalimdor\dustwallow\passivedoodads\trees\dustwallowtree01.m2;20020.388671875;36.787960052490234;20532.802734375;0;0;7.000001430511475;;1;84508;m2;201826;0;
..\..\world\kalimdor\dustwallow\passivedoodads\trees\dustwallowtree02.m2;19769.759765625;35.33275604248047;20269.466796875;0;0;0;;1.33984375;87695;m2;201827;0;
..\..\world\kalimdor\dustwallow\passivedoodads\trees\dustwallowtree02.m2;20051.740234375;43.20918655395508;20274.26171875;0;43;0;;1;83963;m2;201827;0;
..\..\world\kalimdor\dustwallow\passivedoodads\trees\dustwallowtree02.m2;20088.328125;37.04441833496094;20654.548828125;0;281.5;0;;1.1298828125;94394;m2;201827;0;
..\..\world\kalimdor\dustwallow\passivedoodads\trees\dustwallowtree04.m2;20018.19921875;32.78026580810547;20488.33203125;17.000001907348633;340.5;1.4999992847442627;;0.8193359375;84506;m2;201829;0;
..\..\world\kalimdor\dustwallow\passivedoodads\trees\dustwallowtree06.m2;20193.0078125;36.902523040771484;20584.271484375;0;81;0;;3.8095703125;94464;m2;201831;0;
..\..\world\kalimdor\dustwallow\passivedoodads\trees\dustwallowtree01.m2;19957.69140625;33.482948303222656;20710.896484375;0;359.5;0;;1;94402;m2;201826;0;
..\..\world\kalimdor\dustwallow\passivedoodads\trees\dustwallowtree01.m2;19948.505859375;34.64581298828125;20334.6171875;-2.000000238418579;0;0.5;;1;84468;m2;201826;0;
..\..\world\kalimdor\dustwallow\passivedoodads\trees\dustwallowtree04.m2;19986.615234375;36.55696487426758;20325.353515625;-6;4.5;0;;0.859375;84471;m2;201829;0;
..\..\world\kalimdor\dustwallow\passivedoodads\trees\dustwallowtree06.m2;19737.1796875;34.42924118041992;20565.67578125;0;0;0;;3.76953125;87420;m2;201831;0;
..\..\world\kalimdor\dustwallow\passivedoodads\trees\dustwallowtree02.m2;20234.29296875;39.02603530883789;20777.3828125;0;334;0;;1;94529;m2;201827;0;
..\..\world\kalimdor\dustwallow\passivedoodads\trees\dustwallowtree01.m2;20117.7109375;33.864418029785156;20553.416015625;0;0;0;;1;84511;m2;201826;0;
..\..\world\kalimdor\dustwallow\passivedoodads\trees\dustwallowtree01.m2;20049.125;34.42110824584961;20622.974609375;0;0;0;;1;94384;m2;201826;0;
..\..\world\kalimdor\dustwallow\passivedoodads\trees\dustwallowtree01.m2;20122.87890625;33.53226852416992;20605.318359375;0;0;0;;1;94385;m2;201826;0;
..\..\world\kalimdor\dustwallow\passivedoodads\trees\dustwallowtree01.m2;19989.6484375;39.30530548095703;20681.13671875;0;0;0;;1;94398;m2;201826;0;
..\..\world\kalimdor\dustwallow\passivedoodads\trees\dustwallowtree01.m2;20288.646484375;35.22550964355469;20561.236328125;0;0;0;;1;94457;m2;201826;0;
..\..\world\kalimdor\dustwallow\passivedoodads\trees\dustwallowtree01.m2;20132.25390625;36.71559524536133;20705.53515625;0;0;0;;1;94516;m2;201826;0;
..\..\world\kalimdor\dustwallow\passivedoodads\trees\dustwallowtree01.m2;20222.8671875;36.73552703857422;20722.69140625;0;0;0;;1;94551;m2;201826;0;
..\..\world\kalimdor\dustwallow\passivedoodads\trees\dustwallowtree04.m2;19761.08984375;45.75115966796875;20760.08203125;3.5000007152557373;352;-5.5;;0.8291015625;81989;m2;201829;0;
..\..\world\kalimdor\dustwallow\passivedoodads\trees\dustwallowtree02.m2;20117.392578125;33.03567886352539;20367.94140625;0;24;0;;1;84502;m2;201827;0;
..\..\world\kalimdor\dustwallow\passivedoodads\trees\dustwallowtree01.m2;20265.40234375;35.554962158203125;20448.005859375;-4;16;4.5;;0.7890625;90852;m2;201826;0;
..\..\world\kalimdor\dustwallow\passivedoodads\trees\dustwallowtree02.m2;19908.3984375;33.06907653808594;20598.572265625;0;0;0;;1.2490234375;87438;m2;201827;0;
..\..\world\kalimdor\dustwallow\passivedoodads\trees\dustwallowtree02.m2;19740.15234375;34.71269226074219;20630.23828125;0;0;0;;1.2392578125;87432;m2;201827;0;
..\..\world\kalimdor\dustwallow\passivedoodads\trees\dustwallowtree04.m2;19774.701171875;36.53265380859375;20487.046875;-4.5;330.5;-4.500000953674316;;0.7998046875;81994;m2;201829;0;
..\..\world\kalimdor\dustwallow\passivedoodads\trees\dustwallowtree02.m2;20098.9296875;34.33297348022461;20317.783203125;0;198;0;;1;83964;m2;201827;0;
..\..\world\kalimdor\dustwallow\passivedoodads\trees\dustwallowtree03.m2;20004.078125;29.753726959228516;20713.576171875;0;0;0;;1.2890625;94451;m2;201828;0;
..\..\world\kalimdor\dustwallow\passivedoodads\trees\dustwallowtree06.m2;20188.888671875;40.372642517089844;20486.544921875;-4.500000953674316;320;5.500000953674316;;2.7890625;86901;m2;201831;0;
..\..\world\kalimdor\dustwallow\passivedoodads\trees\dustwallowtree02.m2;19737.9609375;41.537715911865234;20717.626953125;0;329;-4.499999523162842;;0.869140625;82017;m2;201827;0;
..\..\world\kalimdor\dustwallow\passivedoodads\trees\dustwallowtree04.m2;19752.048828125;33.89784622192383;20665.099609375;-2;0;4;;0.7890625;81981;m2;201829;0;
..\..\world\kalimdor\dustwallow\passivedoodads\trees\dustwallowtree02.m2;20225.953125;34.902626037597656;20390.849609375;0;345.5;0;;1;84481;m2;201827;0;
..\..\world\kalimdor\dustwallow\passivedoodads\trees\dustwallowtree05.m2;19812.6953125;32.901153564453125;20461.837890625;0;66.5;0;;1.5595703125;94251;m2;201830;0;
..\..\world\kalimdor\dustwallow\passivedoodads\trees\dustwallowtree05.m2;19774.408203125;44.53105163574219;20412.369140625;0;66.5;0;;1.5595703125;437928;m2;201830;0;
..\..\world\kalimdor\dustwallow\passivedoodads\trees\dustwallowtree03.m2;20186.57421875;30.514841079711914;20750.31640625;0;0;0;;1.2294921875;94528;m2;201828;0;
..\..\world\kalimdor\dustwallow\passivedoodads\trees\dustwallowtree08.m2;19806.416015625;34.48210525512695;20427.927734375;0;311;0;;4.2998046875;87709;m2;201833;0;
..\..\world\kalimdor\dustwallow\passivedoodads\trees\dustwallowtree06.m2;19924.576171875;31.10941505432129;20636;0;253.49996948242188;0;;3.119140625;94389;m2;201831;0;
..\..\world\kalimdor\dustwallow\passivedoodads\trees\dustwallowtree02.m2;19886.96875;34.097259521484375;20260.662109375;0;0;1.500000238418579;;1.099609375;84465;m2;201827;0;
..\..\world\kalimdor\dustwallow\passivedoodads\trees\dustwallowtree06.m2;19835.78125;34.75639724731445;20719.45703125;0;300;0;;2.8994140625;87428;m2;201831;0;
..\..\world\kalimdor\dustwallow\passivedoodads\trees\dustwallowtree06.m2;19849.416015625;35.20817947387695;20399.765625;0.49999988079071045;148;3.5;;2.7490234375;87717;m2;201831;0;
..\..\world\kalimdor\dustwallow\passivedoodads\trees\dustwallowtree06.m2;20122.087890625;38.33988952636719;20515.546875;-10.5;0;2.5;;2.859375;86900;m2;201831;0;
..\..\world\kalimdor\dustwallow\passivedoodads\trees\dustwallowtree05.m2;20208.45703125;32.68399429321289;20294.205078125;0;68;0;;1.509765625;104983;m2;201830;0;
..\..\world\kalimdor\dustwallow\passivedoodads\trees\dustwallowtree02.m2;19838.068359375;33.812931060791016;20800.46875;0;0;0;;1.109375;87435;m2;201827;0;
..\..\world\kalimdor\dustwallow\passivedoodads\trees\dustwallowtree07.m2;19901.125;29.841102600097656;20632.830078125;0;7;0;;1.5791015625;87439;m2;201832;0;
..\..\world\kalimdor\dustwallow\passivedoodads\trees\dustwallowtree06.m2;19818.802734375;34.395233154296875;20306.01171875;0;0;0;;3.1591796875;87701;m2;201831;0;
..\..\world\kalimdor\dustwallow\passivedoodads\trees\dustwallowtree06.m2;20080.318359375;34.336116790771484;20400.580078125;0;330.5;0;;2.76953125;86897;m2;201831;0;
..\..\world\kalimdor\dustwallow\passivedoodads\trees\dustwallowtree03.m2;19843.6015625;31.258975982666016;20602.91015625;0;0;0;;1.1396484375;87440;m2;201828;0;
..\..\world\kalimdor\dustwallow\passivedoodads\trees\dustwallowtree02.m2;19963.97265625;35.6196174621582;20366.88671875;4.499999523162842;0;-1.999999761581421;;1;84469;m2;201827;0;
..\..\world\kalimdor\dustwallow\passivedoodads\trees\dustwallowtree07.m2;19788.07421875;29.913551330566406;20573.162109375;0;50.5;0;;1.5498046875;87426;m2;201832;0;
..\..\world\kalimdor\dustwallow\passivedoodads\trees\dustwallowtree03.m2;19760.46875;31.2170352935791;20616.201171875;3.5;0;-9.5;;1;81982;m2;201828;0;
..\..\world\kalimdor\dustwallow\passivedoodads\trees\dustwallowtree04.m2;19939.76953125;33.113346099853516;20427.27734375;0;353.5;0;;0.7392578125;84472;m2;201829;0;
..\..\world\kalimdor\dustwallow\passivedoodads\trees\dustwallowtree06.m2;20226.025390625;34.5844612121582;20587.888671875;0;0;0;;3.0498046875;94462;m2;201831;0;
..\..\world\kalimdor\dustwallow\passivedoodads\trees\dustwallowtree06.m2;19865.658203125;38.17768096923828;20374.78125;0;0;0;;3.0498046875;87716;m2;201831;0;
..\..\world\kalimdor\dustwallow\passivedoodads\trees\dustwallowtree06.m2;20158.44140625;34.09086608886719;20789.125;0;307;0;;2.609375;95439;m2;201831;0;
..\..\world\kalimdor\dustwallow\passivedoodads\trees\dustwallowtree05.m2;19838.80078125;33.37239456176758;20349.736328125;0;357.5;0;;1.4892578125;88600;m2;201830;0;
..\..\world\kalimdor\dustwallow\passivedoodads\trees\dustwallowtree02.m2;19813.66015625;33.83995819091797;20597.4921875;-2.499999761581421;0;1;;1;82013;m2;201827;0;
..\..\world\kalimdor\dustwallow\passivedoodads\trees\dustwallowtree02.m2;20188.34375;35.338134765625;20259.41015625;-1.5;0;1.5;;1;84474;m2;201827;0;
..\..\world\kalimdor\dustwallow\passivedoodads\trees\dustwallowtree02.m2;20059.6640625;34.9272346496582;20428.23046875;-3.499999523162842;0;0;;1;84498;m2;201827;0;
..\..\world\kalimdor\dustwallow\passivedoodads\trees\dustwallowtree06.m2;20173.330078125;34.72307205200195;20722.365234375;0;313;0;;2.5693359375;94482;m2;201831;0;
..\..\world\kalimdor\dustwallow\passivedoodads\trees\dustwallowtree02.m2;20182.169921875;38.331886291503906;20332.67578125;-2.000000238418579;0;0.5;;1;84482;m2;201827;0;
..\..\world\kalimdor\dustwallow\passivedoodads\trees\dustwallowtree03.m2;19949.634765625;34.49916076660156;20287.46875;-2;0;4.5;;1;84434;m2;201828;0;
..\..\world\kalimdor\dustwallow\passivedoodads\trees\dustwallowtree08.m2;19916.353515625;33.92970275878906;20687.419921875;0;320.5;0;;3.76953125;94396;m2;201833;0;
..\..\world\kalimdor\dustwallow\passivedoodads\trees\dustwallowtree03.m2;20019.724609375;29.562795639038086;20258.130859375;5.000000476837158;238.49993896484375;-1.5000009536743164;;1;84435;m2;201828;0;
..\..\world\kalimdor\dustwallow\passivedoodads\trees\dustwallowtree02.m2;19938.568359375;34.23610305786133;20451.74609375;0;0;0;;1;84473;m2;201827;0;
..\..\world\kalimdor\dustwallow\passivedoodads\trees\dustwallowtree02.m2;20081.984375;35.66324996948242;20568.205078125;0;0;0;;1;84510;m2;201827;0;
..\..\world\kalimdor\dustwallow\passivedoodads\trees\dustwallowtree02.m2;20091.021484375;43.13675308227539;20479.640625;0;0;0;;1;84517;m2;201827;0;
..\..\world\kalimdor\dustwallow\passivedoodads\trees\dustwallowtree02.m2;19786.37890625;36.60792541503906;20513.193359375;0;0;0;;1;87421;m2;201827;0;
..\..\world\kalimdor\dustwallow\passivedoodads\trees\dustwallowtree02.m2;19857.486328125;38.69877624511719;20505.259765625;0;0;0;;1;87423;m2;201827;0;
..\..\world\kalimdor\dustwallow\passivedoodads\trees\dustwallowtree02.m2;19864.515625;36.679542541503906;20571.193359375;0;0;0;;1;87436;m2;201827;0;
..\..\world\kalimdor\dustwallow\passivedoodads\trees\dustwallowtree02.m2;20271.578125;36.099674224853516;20414.28515625;0;0;0;;1;90853;m2;201827;0;
..\..\world\kalimdor\dustwallow\passivedoodads\trees\dustwallowtree02.m2;20204.822265625;35.79138946533203;20438.76171875;0;0;0;;1;90856;m2;201827;0;
..\..\world\kalimdor\dustwallow\passivedoodads\trees\dustwallowtree02.m2;20015.5703125;37.64967346191406;20596.5078125;0;0;0;;1;94381;m2;201827;0;
..\..\world\kalimdor\dustwallow\passivedoodads\trees\dustwallowtree02.m2;19884.017578125;34.038692474365234;20681.4296875;0;0;0;;1;94395;m2;201827;0;
..\..\world\kalimdor\dustwallow\passivedoodads\trees\dustwallowtree02.m2;20025.23046875;34.68090057373047;20686.8984375;0;0;0;;1;94399;m2;201827;0;
..\..\world\kalimdor\dustwallow\passivedoodads\trees\dustwallowtree02.m2;20108.177734375;34.5999641418457;20789.03125;0;0;0;;1;94523;m2;201827;0;
..\..\world\kalimdor\dustwallow\passivedoodads\trees\dustwallowtree02.m2;20194.669921875;42.08281326293945;20783.39453125;0;0;0;;1;94526;m2;201827;0;
..\..\world\kalimdor\dustwallow\passivedoodads\trees\dustwallowtree03.m2;20088.28515625;31.91533088684082;20752.11328125;0;230.50001525878906;0;;1.0595703125;95607;m2;201828;0;
..\..\world\kalimdor\dustwallow\passivedoodads\trees\dustwallowtree03.m2;19974.603515625;29.436553955078125;20577.06640625;0;325.5;0;;1.0595703125;93336;m2;201828;0;
..\..\world\kalimdor\dustwallow\passivedoodads\trees\dustwallowtree06.m2;19739.689453125;37.791873931884766;20520.12109375;0;0;0;;2.919921875;438686;m2;201831;0;
..\..\world\kalimdor\dustwallow\passivedoodads\trees\dustwallowtree06.m2;19752.478515625;73.7357177734375;20312.125;0;0;0;;2.919921875;438684;m2;201831;0;
..\..\world\kalimdor\dustwallow\passivedoodads\trees\dustwallowtree06.m2;19805.26953125;43.251739501953125;20379.984375;0;0;0;;2.919921875;438685;m2;201831;0;
..\..\world\kalimdor\dustwallow\passivedoodads\trees\dustwallowtree06.m2;20228.06640625;33.92203140258789;20250.18359375;-0.5000001192092896;18.5;7.500000476837158;;2.419921875;86891;m2;201831;0;
..\..\world\kalimdor\dustwallow\passivedoodads\trees\dustwallowtree06.m2;19780.849609375;39.385711669921875;20795.82421875;0;314.5;0;;2.4697265625;95434;m2;201831;0;
..\..\world\kalimdor\dustwallow\passivedoodads\trees\dustwallowtree06.m2;20207.31640625;37.460235595703125;20751.990234375;0;0;0;;2.83984375;94520;m2;201831;0;
..\..\world\kalimdor\dustwallow\passivedoodads\trees\dustwallowtree05.m2;20026.798828125;32.80147171020508;20793.041015625;0;359.5;0;;1.3994140625;95605;m2;201830;0;
..\..\world\kalimdor\dustwallow\passivedoodads\trees\dustwallowtree05.m2;19782.4375;34.84880447387695;20776.55859375;0;37;0;;1.26953125;87434;m2;201830;0;
..\..\world\kalimdor\dustwallow\passivedoodads\trees\dustwallowtree08.m2;20171.70703125;35.49342727661133;20768.845703125;0;233.5;0;;3.609375;94519;m2;201833;0;
..\..\world\kalimdor\dustwallow\passivedoodads\trees\dustwallowtree07.m2;19977.072265625;29.0573673248291;20610.46484375;0;348.5;0;;1.3896484375;94453;m2;201832;0;
..\..\world\kalimdor\dustwallow\passivedoodads\trees\dustwallowtree06.m2;20214.23828125;33.145565032958984;20346.56640625;0;0;0;;2.8193359375;86896;m2;201831;0;
..\..\world\kalimdor\dustwallow\passivedoodads\trees\dustwallowtree05.m2;19807.142578125;33.62102508544922;20261.56640625;-0.9999998807907104;310;3.9999990463256836;;1.19921875;87696;m2;201830;0;
..\..\world\kalimdor\dustwallow\passivedoodads\trees\dustwallowtree02.m2;19732.931640625;50.71485900878906;20759.5703125;0;0;0;;0.94921875;87433;m2;201827;0;
..\..\world\kalimdor\dustwallow\passivedoodads\trees\dustwallowtree06.m2;19817.787109375;33.20414352416992;20480.28515625;-1;0;-3.9999990463256836;;2.58984375;87707;m2;201831;0;
..\..\world\kalimdor\dustwallow\passivedoodads\trees\dustwallowtree05.m2;19717.478515625;37.41847610473633;20656.013671875;0.9999998807907104;314.5;2.5;;1.2197265625;88635;m2;201830;0;
..\..\world\kalimdor\dustwallow\passivedoodads\trees\dustwallowtree03.m2;19800.73046875;30.33626937866211;20649.82421875;0;0;0;;1;81983;m2;201828;0;
..\..\world\kalimdor\dustwallow\passivedoodads\trees\dustwallowtree03.m2;19855.388671875;30.835567474365234;20480.107421875;0;0;0;;1;87424;m2;201828;0;
..\..\world\kalimdor\dustwallow\passivedoodads\trees\dustwallowtree03.m2;19828.458984375;32.259220123291016;20260.6640625;0;11;0;;1;87697;m2;201828;0;
..\..\world\kalimdor\dustwallow\passivedoodads\trees\dustwallowtree03.m2;19815.7109375;29.875911712646484;20767.919921875;0;0;0;;1;90849;m2;201828;0;
..\..\world\kalimdor\dustwallow\passivedoodads\trees\dustwallowtree03.m2;19756.853515625;30.67505645751953;20590.599609375;0;0;0;;1;94238;m2;201828;0;
..\..\world\kalimdor\dustwallow\passivedoodads\trees\dustwallowtree03.m2;20276.4296875;30.24315071105957;20489.05078125;0;21.5;0;;1;94377;m2;201828;0;
..\..\world\kalimdor\dustwallow\passivedoodads\trees\dustwallowtree03.m2;20134.4609375;29.71616554260254;20617.8671875;0;0;0;;1;94386;m2;201828;0;
..\..\world\kalimdor\dustwallow\passivedoodads\trees\dustwallowtree03.m2;19916.103515625;29.95029640197754;20708.65234375;0;33.5;0;;1;94401;m2;201828;0;
..\..\world\kalimdor\dustwallow\passivedoodads\trees\dustwallowtree03.m2;20038.390625;29.757930755615234;20790.208984375;0;359.5;0;;1;95606;m2;201828;0;
..\..\world\kalimdor\dustwallow\passivedoodads\trees\dustwallowtree03.m2;20139.189453125;31.04677391052246;20427.8203125;0;0;0;;1;84524;m2;201828;0;
..\..\world\kalimdor\dustwallow\passivedoodads\trees\dustwallowtree03.m2;19845.376953125;33.321533203125;20562.3671875;0;0;0;;1;84521;m2;201828;0;
..\..\world\kalimdor\dustwallow\passivedoodads\trees\dustwallowtree03.m2;20186.896484375;30.347808837890625;20463.927734375;0;0;0;;1;90850;m2;201828;0;
..\..\world\kalimdor\dustwallow\passivedoodads\trees\dustwallowtree03.m2;19831.759765625;29.703857421875;20329.3125;0;296.5;0;;1;91896;m2;201828;0;
..\..\world\kalimdor\dustwallow\passivedoodads\trees\dustwallowtree08.m2;20068.240234375;34.179649353027344;20501.314453125;-4;26.5;0;;3.4296875;86902;m2;201833;0;
..\..\world\kalimdor\dustwallow\passivedoodads\trees\dustwallowtree07.m2;20109.896484375;30.099979400634766;20698.62890625;0;25;0;;1.2998046875;94515;m2;201832;0;
..\..\world\kalimdor\dustwallow\passivedoodads\trees\dustwallowtree08.m2;20164.9609375;33.356441497802734;20603.98046875;0;337.5;0;;3.51953125;94474;m2;201833;0;
..\..\world\kalimdor\dustwallow\passivedoodads\trees\dustwallowtree06.m2;19772.05859375;34.180564880371094;20598.25390625;0;0;0;;2.6298828125;87427;m2;201831;0;
..\..\world\kalimdor\dustwallow\passivedoodads\trees\dustwallowtree06.m2;20072.939453125;33.369842529296875;20525;4.5;0;0;;2.4892578125;86898;m2;201831;0;
..\..\world\kalimdor\dustwallow\passivedoodads\trees\dustwallowtree06.m2;19884.8203125;34.46015930175781;20726.51171875;0;0;0;;2.619140625;95431;m2;201831;0;
..\..\world\kalimdor\dustwallow\passivedoodads\trees\dustwallowtree06.m2;20025.888671875;33.49949264526367;20472.080078125;0;0;0;;2.609375;86899;m2;201831;0;
..\..\world\kalimdor\dustwallow\passivedoodads\trees\dustwallowtree07.m2;20149.546875;28.632572174072266;20587.607421875;0;0;0;;1.279296875;94467;m2;201832;0;
..\..\world\kalimdor\dustwallow\passivedoodads\trees\dustwallowtree08.m2;20085.00390625;32.770721435546875;20289.48828125;5.5;22.5;3.9999990463256836;;3.3896484375;83968;m2;201833;0;
..\..\world\azeroth\duskwood\passivedoodads\trees\duskwoodbrowntree.m2;19744.96875;61.04238510131836;20800.880859375;0;136.87185668945312;0;;1.6162109375;404571;m2;189544;0;
..\..\world\kalimdor\dustwallow\passivedoodads\trees\dustwallowtree08.m2;19790.951171875;35.380958557128906;20798.521484375;0;35.5;0;;3.259765625;95433;m2;201833;0;
..\..\world\kalimdor\dustwallow\passivedoodads\trees\dustwallowtree06.m2;20133.990234375;31.64492416381836;20407.349609375;0;319.5;0;;2.19921875;87305;m2;201831;0;
..\..\world\kalimdor\dustwallow\passivedoodads\trees\dustwallowtree05.m2;20099.39453125;33.26654052734375;20363.50390625;-12;333.5;10.00000286102295;;1;84503;m2;201830;0;
..\..\world\kalimdor\dustwallow\passivedoodads\trees\dustwallowtree08.m2;19941.255859375;32.21009063720703;20635.724609375;0;310.5;0;;3.1494140625;94391;m2;201833;0;
..\..\world\kalimdor\dustwallow\passivedoodads\trees\dustwallowtree06.m2;20122.92578125;38.760589599609375;20748.228515625;0;289;0;;2.2490234375;94490;m2;201831;0;
..\..\world\kalimdor\dustwallow\passivedoodads\trees\dustwallowtree06.m2;19987.791015625;54.44743347167969;20273.01171875;0;332;0;;2.119140625;90935;m2;201831;0;
..\..\world\kalimdor\dustwallow\passivedoodads\trees\dustwallowtree06.m2;19792.607421875;31.357357025146484;20621.255859375;-8.500000953674316;336.5;-3.5000011920928955;;1.9697265625;81988;m2;201831;0;
..\..\world\kalimdor\dustwallow\passivedoodads\trees\dustwallowtree05.m2;20095.529296875;32.498043060302734;20284.765625;-2.500000476837158;286;7.500000953674316;;1;83967;m2;201830;0;
..\..\world\kalimdor\dustwallow\passivedoodads\trees\dustwallowtree08.m2;19803.634765625;34.175357818603516;20545.8984375;3.5000009536743164;0;-1.5000003576278687;;3.8798828125;81995;m2;201833;0;
..\..\world\kalimdor\dustwallow\passivedoodads\trees\dustwallowtree08.m2;19772.359375;34.60881423950195;20449.39453125;0;0;0;;3.9091796875;87708;m2;201833;0;
..\..\world\kalimdor\dustwallow\passivedoodads\trees\dustwallowtree08.m2;19750.3125;39.944976806640625;20468.705078125;0;0;0;;3.9091796875;437915;m2;201833;0;
..\..\world\kalimdor\dustwallow\passivedoodads\trees\dustwallowtree08.m2;19738.94921875;82.48811340332031;20427.984375;0;0;0;;3.9091796875;437916;m2;201833;0;
..\..\world\kalimdor\dustwallow\passivedoodads\trees\dustwallowtree05.m2;20153.3125;32.899532318115234;20624.86328125;0;57;0;;1.0390625;94468;m2;201830;0;
..\..\world\kalimdor\dustwallow\passivedoodads\trees\dustwallowtree06.m2;19911.568359375;33.32573699951172;20282.130859375;-2;0;4.5;;2.099609375;87188;m2;201831;0;
..\..\world\kalimdor\dustwallow\passivedoodads\trees\dustwallowtree05.m2;19723.03125;36.210166931152344;20602.33203125;-2;352.5;3.5;;1.0498046875;88636;m2;201830;0;
..\..\world\kalimdor\dustwallow\passivedoodads\trees\dustwallowtree07.m2;19886.447265625;30.22187042236328;20361.87890625;-3.499999761581421;0;-10.000001907348633;;1;87698;m2;201832;0;
..\..\world\kalimdor\dustwallow\passivedoodads\trees\dustwallowtree06.m2;20231.39453125;35.96788024902344;20439.8046875;0;304.5;0;;1.9794921875;90857;m2;201831;0;
..\..\world\kalimdor\dustwallow\passivedoodads\trees\dustwallowtree06.m2;19950.2734375;36.16721725463867;20576.263671875;0;75.5;0;;2.1796875;87451;m2;201831;0;
..\..\world\generic\ogre\passivedoodads\ogremoundrocks\ogremoundrock01.m2;19745.0625;38.56046676635742;20252.673828125;0;31;0;;1.2890625;299356;m2;199010;0;
..\..\world\kalimdor\dustwallow\passivedoodads\trees\dustwallowtree05.m2;19802.443359375;51.15919876098633;20370.43359375;0;237.5;0;;1;437913;m2;201830;0;
..\..\world\kalimdor\dustwallow\passivedoodads\trees\dustwallowtree05.m2;19770.310546875;82.66132354736328;20373.458984375;0;237.5;0;;1;437914;m2;201830;0;
..\..\world\kalimdor\dustwallow\passivedoodads\trees\dustwallowtree05.m2;19793.01171875;37.75692367553711;20299.197265625;0;331;0;;1;88599;m2;201830;0;
..\..\world\kalimdor\dustwallow\passivedoodads\trees\dustwallowtree05.m2;19781.955078125;82.07129669189453;20339.517578125;0;331;0;;1;437912;m2;201830;0;
..\..\world\kalimdor\dustwallow\passivedoodads\trees\dustwallowtree05.m2;19771.390625;36.719539642333984;20702.892578125;0;39;0;;1;88633;m2;201830;0;
..\..\world\kalimdor\dustwallow\passivedoodads\trees\dustwallowtree05.m2;20100.298828125;37.88511276245117;20719.478515625;0;331.5;0;;1;94524;m2;201830;0;
..\..\world\kalimdor\dustwallow\passivedoodads\trees\dustwallowtree05.m2;19733.51953125;35.0911979675293;20693.3359375;0;336;0;;1;88634;m2;201830;0;
..\..\world\azeroth\duskwood\passivedoodads\trees\duskwoodbrowntree.m2;19768.59375;34.32380676269531;20578.66015625;0;324;0;;1.3798828125;88613;m2;189544;0;
..\..\world\kalimdor\dustwallow\passivedoodads\trees\dustwallowtree07.m2;20240.6484375;32.783058166503906;20426.42578125;-1.9999991655349731;102.5;-6.000001430511475;;1;90855;m2;201832;0;
..\..\world\kalimdor\dustwallow\passivedoodads\trees\dustwallowtree06.m2;19914.95703125;31.478755950927734;20778.544921875;0;141;0;;1.8798828125;95430;m2;201831;0;
..\..\world\kalimdor\dustwallow\passivedoodads\trees\dustwallowtree05.m2;19939.16015625;31.7628116607666;20656.3203125;0;339;0;;1;94393;m2;201830;0;
..\..\world\kalimdor\dustwallow\passivedoodads\trees\dustwallowtree06.m2;19832.482421875;34.32819747924805;20666.130859375;0;0;0;;2.1591796875;87429;m2;201831;0;
..\..\world\kalimdor\dustwallow\passivedoodads\trees\dustwallowtree06.m2;19934.986328125;33.1601448059082;20597.45703125;0;310.5;0;;1.7998046875;87453;m2;201831;0;
..\..\world\kalimdor\dustwallow\passivedoodads\trees\dustwallowtree07.m2;19847.87109375;31.51737403869629;20672.34375;-1.5;262;0;;1;81984;m2;201832;0;
..\..\world\kalimdor\dustwallow\passivedoodads\trees\dustwallowtree05.m2;19813.623046875;35.91516876220703;20701.67578125;0;10;0;;1;88632;m2;201830;0;
..\..\world\kalimdor\dustwallow\passivedoodads\trees\dustwallowtree07.m2;19904.404296875;30.74748420715332;20296.2734375;0;193.5;0;;1;84433;m2;201832;0;
..\..\world\kalimdor\dustwallow\passivedoodads\trees\dustwallowtree07.m2;19825.20703125;29.831682205200195;20638.75;0;45.5;0;;1;93080;m2;201832;0;
..\..\world\kalimdor\dustwallow\passivedoodads\trees\dustwallowtree07.m2;20122.6015625;30.8504638671875;20317.62890625;0;0;0;;1;83965;m2;201832;0;
..\..\world\kalimdor\dustwallow\passivedoodads\trees\dustwallowtree07.m2;20028.701171875;32.4716682434082;20556.21484375;0;338.5;0;;1;84522;m2;201832;0;
..\..\world\kalimdor\dustwallow\passivedoodads\trees\dustwallowtree07.m2;20179.76171875;34.484195709228516;20537.27734375;0;277.5;0;;1;84523;m2;201832;0;
..\..\world\kalimdor\dustwallow\passivedoodads\trees\dustwallowtree07.m2;19811.45703125;30.282958984375;20499.9609375;0;0;0;;1;87425;m2;201832;0;
..\..\world\kalimdor\dustwallow\passivedoodads\trees\dustwallowtree07.m2;20120.669921875;29.77589225769043;20580.255859375;0;0;0;;1;94382;m2;201832;0;
..\..\world\kalimdor\dustwallow\passivedoodads\trees\dustwallowtree07.m2;20189.955078125;30.214345932006836;20705.41015625;0;0;0;;1;94484;m2;201832;0;
..\..\world\kalimdor\dustwallow\passivedoodads\trees\dustwallowtree05.m2;20120.6171875;33.47970199584961;20290.037109375;0;0;0;;1;83966;m2;201830;0;
..\..\world\kalimdor\dustwallow\passivedoodads\trees\dustwallowtree05.m2;20168.44140625;34.84115219116211;20713.95703125;0;0;0;;1;94485;m2;201830;0;
..\..\world\kalimdor\dustwallow\passivedoodads\trees\dustwallowtree05.m2;20139.69140625;34.64085388183594;20775.41015625;0;0;0;;1;94525;m2;201830;0;
..\..\world\kalimdor\dustwallow\passivedoodads\trees\dustwallowtree08.m2;20238.341796875;38.03826904296875;20647.56640625;0;0;0;;3.33984375;94481;m2;201833;0;
..\..\world\kalimdor\dustwallow\passivedoodads\trees\dustwallowtree08.m2;19920.45703125;32.87350845336914;20291.72265625;-1.000000238418579;120;3.000000476837158;;2.4892578125;87189;m2;201833;0;
..\..\world\kalimdor\dustwallow\passivedoodads\trees\dustwallowtree08.m2;20102.64453125;35.64387893676758;20759.34765625;0;0;0;;3.2392578125;94518;m2;201833;0;
..\..\world\kalimdor\dustwallow\passivedoodads\trees\dustwallowtree08.m2;19753.9609375;34.09185791015625;20540.28515625;-3.000000476837158;0;4.000000476837158;;3.0390625;81998;m2;201833;0;
..\..\world\azeroth\duskwood\passivedoodads\trees\duskwoodbrowntree.m2;19729.62890625;41.78572463989258;20738.40625;0;343.5;0;;1.2099609375;88693;m2;189544;0;
..\..\world\azeroth\swamposorrow\passivedoodads\treelogs\swamptreelog01.m2;19879.76953125;31.89788246154785;20653.267578125;-20;109;32.999996185302734;;1;87449;m2;190411;0;
..\..\world\azeroth\swamposorrow\passivedoodads\treelogs\swamptreelog01.m2;19780.607421875;30.67420768737793;20621.017578125;-13;279.5;16.999998092651367;;1;81985;m2;190411;0;
..\..\world\azeroth\swamposorrow\passivedoodads\treelogs\swamptreelog03.m2;20131.30859375;32.49708938598633;20418.4140625;4.500000476837158;111.00003051757812;-5.500000476837158;;1.9599609375;93277;m2;190413;0;
..\..\world\azeroth\duskwood\passivedoodads\trees\duskwoodbrowntree.m2;19855.330078125;34.3380012512207;20347.3046875;0;54.5;0;;1.1494140625;88606;m2;189544;0;
..\..\world\azeroth\duskwood\passivedoodads\trees\duskwoodbrowntree.m2;20099.67578125;32.70735168457031;20373.1171875;7.500000476837158;354.5;9.000000953674316;;1;88645;m2;189544;0;
..\..\world\azeroth\duskwood\passivedoodads\trees\duskwoodbrowntree.m2;20110.0625;36.84452438354492;20452.06640625;0;329;0;;1.1298828125;88644;m2;189544;0;
..\..\world\azeroth\swamposorrow\passivedoodads\treelogs\swamptreelog01.m2;19937.423828125;30.134952545166016;20520.568359375;-7;0;-27.499996185302734;;1;87307;m2;190411;0;
..\..\world\azeroth\swamposorrow\passivedoodads\treelogs\swamptreelog01.m2;19922.83984375;31.063005447387695;20452.962890625;9;4.5;14.000000953674316;;1;84520;m2;190411;0;
..\..\world\kalimdor\dustwallow\passivedoodads\trees\dustwallowtree08.m2;19934.0078125;31.098196029663086;20545.3125;0;232.5;0;;2.259765625;87454;m2;201833;0;
..\..\world\azeroth\swamposorrow\passivedoodads\treelogs\swamptreelog01.m2;19790.15625;38.66030502319336;20640.1796875;-12.999996185302734;32.5;-85.49999237060547;;1;81986;m2;190411;0;
..\..\world\kalimdor\dustwallow\passivedoodads\trees\dustwallowtree06.m2;19884.3671875;33.77484893798828;20632.52734375;0;0;0;;1.7392578125;87452;m2;201831;0;
..\..\world\azeroth\duskwood\passivedoodads\trees\duskwoodbrowntree.m2;19971.005859375;33.908538818359375;20488.37890625;0;0;0;;1.0791015625;88641;m2;189544;0;
..\..\world\azeroth\duskwood\passivedoodads\trees\duskwoodbrowntree.m2;19872.87109375;35.50081253051758;20394.412109375;0;341;0;;1.0693359375;88608;m2;189544;0;
..\..\world\azeroth\duskwood\passivedoodads\trees\duskwoodbrowntree.m2;19826.26953125;35.27790832519531;20675.705078125;0;0;0;;1.0693359375;88638;m2;189544;0;
..\..\world\azeroth\duskwood\passivedoodads\trees\duskwoodbrowntree.m2;19943.154296875;33.162841796875;20561.7109375;0;0;0;;1.0693359375;88640;m2;189544;0;
..\..\world\kalimdor\dustwallow\passivedoodads\trees\dustwallowtree08.m2;19798.138671875;33.79616165161133;20488.19921875;0;0;0;;2.8193359375;87711;m2;201833;0;
..\..\world\azeroth\duskwood\passivedoodads\trees\duskwoodbrowntree.m2;19816.40625;35.06726837158203;20784.927734375;-6.5;280;-0.499999463558197;;1;110365;m2;189544;0;
..\..\world\azeroth\duskwood\passivedoodads\trees\duskwoodbrowntree.m2;19730.53515625;34.95249938964844;20582.19921875;-4.999999523162842;351;0.9999997019767761;;1;88615;m2;189544;0;
..\..\world\kalimdor\dustwallow\passivedoodads\trees\dustwallowtree08.m2;19794.76953125;34.07003402709961;20528.931640625;5.5;337.5;-1.999999761581421;;2.2197265625;81996;m2;201833;0;
..\..\world\kalimdor\dustwallow\passivedoodads\trees\dustwallowtree08.m2;19927.544921875;35.7484016418457;20660.259765625;0;0;0;;2.7490234375;94390;m2;201833;0;
..\..\world\kalimdor\dustwallow\passivedoodads\bushes\dustwallowshrub03.m2;20042.119140625;27.83978271484375;20788.09375;0;216.70094299316406;0;;1.857421875;108882;m2;201815;0;
..\..\world\azeroth\duskwood\passivedoodads\trees\duskwoodbrowntree.m2;19892.65625;34.120750427246094;20615.115234375;0;0;0;;1.01953125;88639;m2;189544;0;
..\..\world\kalimdor\dustwallow\passivedoodads\bushes\dustwallowshrub04.m2;20114.439453125;28.531524658203125;20691.23828125;0;279.3274841308594;0;;1.8623046875;109746;m2;201816;0;
..\..\world\kalimdor\dustwallow\passivedoodads\trees\dustwallowtree08.m2;19730.544921875;64.26415252685547;20284.201171875;0;0;0;;2.6591796875;437910;m2;201833;0;
..\..\world\azeroth\duskwood\passivedoodads\trees\duskwoodbrowntree.m2;19777.91796875;52.8759651184082;20308.65625;0;0;0;;1;437929;m2;189544;0;
..\..\world\azeroth\duskwood\passivedoodads\trees\duskwoodbrowntree.m2;19804.83203125;51.9732551574707;20335.39453125;0;0;0;;1;437930;m2;189544;0;
..\..\world\azeroth\duskwood\passivedoodads\trees\duskwoodbrowntree.m2;19741.560546875;46.77214431762695;20510.50390625;0;0;0;;1;437932;m2;189544;0;
..\..\world\azeroth\duskwood\passivedoodads\trees\duskwoodbrowntree.m2;19809.642578125;36.042789459228516;20285.703125;0;0;0;;1;88604;m2;189544;0;
..\..\world\azeroth\duskwood\passivedoodads\trees\duskwoodbrowntree.m2;19861.47265625;34.20039749145508;20354.5625;0;0;0;;1;88605;m2;189544;0;
..\..\world\azeroth\duskwood\passivedoodads\trees\duskwoodbrowntree.m2;19887.1484375;33.416683197021484;20411.44140625;0;0;0;;1;88607;m2;189544;0;
..\..\world\azeroth\duskwood\passivedoodads\trees\duskwoodbrowntree.m2;19776.47265625;35.17095947265625;20464.95703125;0;0;0;;1;88609;m2;189544;0;
..\..\world\azeroth\duskwood\passivedoodads\trees\duskwoodbrowntree.m2;19806.953125;34.8627815246582;20478.3046875;0;345.5;0;;1;88610;m2;189544;0;
..\..\world\azeroth\duskwood\passivedoodads\trees\duskwoodbrowntree.m2;19810.796875;34.02677917480469;20435.279296875;0;331.5;0;;1;88611;m2;189544;0;
..\..\world\azeroth\duskwood\passivedoodads\trees\duskwoodbrowntree.m2;19788.919921875;33.8152961730957;20549.025390625;0;0;0;;1;88612;m2;189544;0;
..\..\world\azeroth\duskwood\passivedoodads\trees\duskwoodbrowntree.m2;19748.34375;34.1749153137207;20559.0625;0;353.5;0;;1;88614;m2;189544;0;
..\..\world\azeroth\duskwood\passivedoodads\trees\duskwoodbrowntree.m2;19821.361328125;35.7537956237793;20722.029296875;0;0;0;;1;88637;m2;189544;0;
..\..\world\azeroth\duskwood\passivedoodads\trees\duskwoodbrowntree.m2;20046.13671875;35.09880828857422;20510.962890625;0;0;0;;1;88642;m2;189544;0;
..\..\world\azeroth\duskwood\passivedoodads\trees\duskwoodbrowntree.m2;20089.486328125;34.83915328979492;20450.095703125;0;0;0;;1;88643;m2;189544;0;
..\..\world\azeroth\duskwood\passivedoodads\trees\duskwoodbrowntree.m2;20204.9921875;39.01974868774414;20589.46484375;0;0;0;;1;95311;m2;189544;0;
..\..\world\azeroth\duskwood\passivedoodads\trees\duskwoodbrowntree.m2;20166.357421875;34.77396774291992;20610.21875;0;0;0;;1;95312;m2;189544;0;
..\..\world\azeroth\duskwood\passivedoodads\trees\duskwoodbrowntree.m2;20173.951171875;34.98640060424805;20636.15234375;0;0;0;;1;95313;m2;189544;0;
..\..\world\azeroth\duskwood\passivedoodads\trees\duskwoodbrowntree.m2;20201.77734375;41.63081741333008;20505.54296875;0;0;0;;1;95314;m2;189544;0;
..\..\world\azeroth\duskwood\passivedoodads\trees\duskwoodbrowntree.m2;20098.568359375;39.405914306640625;20493.02734375;0;0;0;;1;95315;m2;189544;0;
..\..\world\azeroth\duskwood\passivedoodads\trees\duskwoodbrowntree.m2;20075.71484375;36.0187873840332;20505.357421875;0;0;0;;1;95316;m2;189544;0;
..\..\world\azeroth\duskwood\passivedoodads\trees\duskwoodbrowntree.m2;20031.08203125;38.0308723449707;20447.298828125;0;0;0;;1;95317;m2;189544;0;
..\..\world\azeroth\duskwood\passivedoodads\trees\duskwoodbrowntree.m2;20254.478515625;40.75966262817383;20745.66015625;0;0;0;;1;95323;m2;189544;0;
..\..\world\azeroth\duskwood\passivedoodads\trees\duskwoodbrowntree.m2;19805.2890625;34.349761962890625;20755.51953125;0;356;0;;1;95678;m2;189544;0;
..\..\world\azeroth\duskwood\passivedoodads\trees\duskwoodbrowntree.m2;19746.384765625;51.02014923095703;20771.451171875;0;0;0;;1;95679;m2;189544;0;
..\..\world\azeroth\duskwood\passivedoodads\trees\duskwoodbrowntree.m2;19751.1640625;31.100244522094727;20639.732421875;0;0;0;;1;110362;m2;189544;0;
..\..\world\azeroth\duskwood\passivedoodads\trees\duskwoodbrowntree.m2;19813.990234375;36.638946533203125;20410.822265625;0;0;0;;1;437931;m2;189544;0;
..\..\world\kalimdor\dustwallow\passivedoodads\bushes\dustwallowshrub03.m2;20092.0546875;28.8359375;20757.384765625;0;82.88873291015625;0;;1.8427734375;108696;m2;201815;0;
..\..\world\kalimdor\dustwallow\passivedoodads\bushes\dustwallowshrub03.m2;20010.708984375;28.683401107788086;20712.525390625;0;178.888427734375;0;;1.8720703125;108681;m2;201815;0;
..\..\world\kalimdor\dustwallow\passivedoodads\bushes\dustwallowshrub04.m2;19916.0390625;30.394487380981445;20701.25;0;19.1307373046875;0;;1.720703125;108643;m2;201816;0;
..\..\world\generic\ogre\passivedoodads\ogremoundrocks\ogremoundrock04.m2;19799.037109375;41.63869094848633;20306.92578125;0;233;0;;0.75;299355;m2;199013;0;
..\..\world\azeroth\swamposorrow\passivedoodads\treelogs\swamptreelog02.m2;19863.71484375;32.317317962646484;20596.99609375;0;330.5;0;;1.69921875;87441;m2;190412;0;
..\..\world\kalimdor\dustwallow\passivedoodads\trees\dustwallowtree08.m2;19898.943359375;33.38209915161133;20731.822265625;0;0;0;;2.419921875;95432;m2;201833;0;
..\..\world\azeroth\swamposorrow\passivedoodads\treelogs\swamptreelog02.m2;19850.42578125;30.62342071533203;20288.138671875;4;0;-15.500000953674316;;1.4794921875;87702;m2;190412;0;
..\..\world\kalimdor\dustwallow\passivedoodads\bushes\dustwallowshrub03.m2;20000.3125;28.992366790771484;20715.353515625;0;95.21023559570312;0;;1.64453125;108683;m2;201815;0;
..\..\world\kalimdor\dustwallow\passivedoodads\bushes\dustwallowshrub04.m2;19818.173828125;28.597890853881836;20768.53125;0;198.64010620117188;0;;1.564453125;105021;m2;201816;0;
..\..\world\kalimdor\dustwallow\passivedoodads\bushes\dustwallowshrub04.m2;19814.1171875;29.25723648071289;20759.71484375;0;199.57342529296875;0;;1.544921875;105022;m2;201816;0;
..\..\world\kalimdor\dustwallow\passivedoodads\bushes\dustwallowshrub04.m2;19812.455078125;29.511444091796875;20767.41015625;0;318.0766906738281;0;;1.62109375;105023;m2;201816;0;
..\..\world\azeroth\swamposorrow\passivedoodads\treelogs\swamptreelog02.m2;20160.2578125;27.133548736572266;20652.349609375;0;0;0;;1.5498046875;94470;m2;190412;0;
..\..\world\kalimdor\dustwallow\passivedoodads\bushes\dustwallowshrub04.m2;20248.943359375;30.20427131652832;20806.607421875;0;228.19219970703125;0;;1.5322265625;109318;m2;201816;0;
..\..\world\kalimdor\dustwallow\passivedoodads\bushes\dustwallowshrub04.m2;20109.33203125;28.44321060180664;20695.935546875;0;265.50958251953125;0;;1.5283203125;109747;m2;201816;0;
..\..\world\kalimdor\dustwallow\passivedoodads\trees\dustwallowtree06.m2;20203.53515625;36.95541000366211;20384.435546875;0;0;0;;1.279296875;92149;m2;201831;0;
..\..\world\kalimdor\dustwallow\passivedoodads\bushes\dustwallowshrub04.m2;19917.501953125;28.4121036529541;20704.2421875;0;204.388916015625;0;;1.4033203125;108640;m2;201816;0;
..\..\world\kalimdor\dustwallow\passivedoodads\bushes\dustwallowshrub04.m2;20187.25390625;29.40785026550293;20750.41015625;0;44.994873046875;0;;1.4921875;109291;m2;201816;0;
..\..\world\kalimdor\dustwallow\passivedoodads\bushes\dustwallowshrub04.m2;20182.62109375;29.10113525390625;20752.357421875;0;294.150390625;0;;1.3876953125;109289;m2;201816;0;
..\..\world\kalimdor\dustwallow\passivedoodads\bushes\dustwallowshrub04.m2;20108.455078125;28.361270904541016;20698.466796875;0;172.55096435546875;0;;1.4404296875;109745;m2;201816;0;
..\..\world\kalimdor\dustwallow\passivedoodads\bushes\dustwallowshrub03.m2;19812.951171875;29.520708084106445;20762.67578125;0;126.80996704101562;0;;1.404296875;105020;m2;201815;0;
..\..\world\kalimdor\dustwallow\passivedoodads\bushes\dustwallowshrub04.m2;20188.5;29.84880256652832;20745.17578125;0;307.0003662109375;0;;1.4052734375;109290;m2;201816;0;
..\..\world\azeroth\swamposorrow\passivedoodads\treelogs\swamptreelog02.m2;19961.71484375;30.209354400634766;20530.564453125;5.500001430511475;322;-12.999999046325684;;1.2490234375;87306;m2;190412;0;
..\..\world\kalimdor\dustwallow\passivedoodads\bushes\dustwallowshrub03.m2;20035.8984375;29.9156436920166;20787.86328125;0;266.09698486328125;0;;1.42578125;108881;m2;201815;0;
..\..\world\kalimdor\dustwallow\passivedoodads\bushes\dustwallowshrub04.m2;19790.6484375;30.197303771972656;20569.25;0;315.3979187011719;0;;1.4287109375;108663;m2;201816;0;
..\..\world\kalimdor\dustwallow\passivedoodads\bushes\dustwallowshrub03.m2;20091.439453125;29.521432876586914;20756.125;0;210.7241973876953;0;;1.3427734375;108697;m2;201815;0;
..\..\world\kalimdor\dustwallow\passivedoodads\bushes\dustwallowshrub04.m2;20187.052734375;29.974029541015625;20748.775390625;0;145.284423828125;0;;1.3486328125;109292;m2;201816;0;
..\..\world\kalimdor\dustwallow\passivedoodads\bushes\dustwallowshrub03.m2;19818.205078125;28.919755935668945;20495.59375;0;10.76214599609375;0;;1.34375;107897;m2;201815;0;
..\..\world\kalimdor\dustwallow\passivedoodads\trees\dustwallowtree08.m2;19905.947265625;34.5308723449707;20271.291015625;0;0;0;;1.94921875;87190;m2;201833;0;
..\..\world\kalimdor\dustwallow\passivedoodads\bushes\dustwallowshrub03.m2;20084.75;28.372095108032227;20751.83984375;0;269.13055419921875;0;;1.4111328125;108698;m2;201815;0;
..\..\world\kalimdor\dustwallow\passivedoodads\bushes\dustwallowshrub04.m2;19791.06640625;32.062808990478516;20565.603515625;0;342.04449462890625;0;;1.2978515625;108667;m2;201816;0;
..\..\world\kalimdor\dustwallow\passivedoodads\bushes\dustwallowshrub04.m2;19918.69140625;27.77206802368164;20720.24609375;0;180.9734649658203;0;;1.3994140625;108644;m2;201816;0;
..\..\world\azeroth\swamposorrow\passivedoodads\treelogs\swamptreelog02.m2;19877.291015625;32.48069763183594;20644.11328125;0.49999988079071045;0;-15.499999046325684;;1.19921875;87450;m2;190412;0;
..\..\world\azeroth\swamposorrow\passivedoodads\treelogs\swamptreelog02.m2;19832.767578125;36.8030891418457;20687.02734375;3;0;4.5;;1.19921875;87430;m2;190412;0;
..\..\world\kalimdor\dustwallow\passivedoodads\trees\dustwallowtree06.m2;19727.81640625;43.5030403137207;20718.91796875;3.499999761581421;15.5;-0.9999998807907104;;1;81974;m2;201831;0;
..\..\world\kalimdor\dustwallow\passivedoodads\bushes\dustwallowshrub04.m2;19784.703125;30.1801700592041;20571.6796875;0;74.15963745117188;0;;1.1904296875;108665;m2;201816;0;
..\..\world\kalimdor\dustwallow\passivedoodads\bushes\dustwallowshrub03.m2;20038.763671875;28.29605484008789;20787.08984375;0;171.0843505859375;0;;1.2177734375;108883;m2;201815;0;
..\..\world\kalimdor\dustwallow\passivedoodads\bushes\dustwallowshrub04.m2;19916.375;29.262102127075195;20710.892578125;0;66.6239013671875;0;;1.1630859375;108641;m2;201816;0;
..\..\world\kalimdor\dustwallow\passivedoodads\bushes\dustwallowshrub04.m2;19786.5078125;29.619028091430664;20571.6328125;0;76.88970947265625;0;;1.1826171875;108664;m2;201816;0;
..\..\world\kalimdor\dustwallow\passivedoodads\trees\dustwallowtree06.m2;19963.12890625;46.447113037109375;20259.482421875;-1.0000003576278687;235.5;4.499999523162842;;0.859375;301422;m2;201831;0;
..\..\world\azeroth\swamposorrow\passivedoodads\treelogs\swamptreelog04.m2;20152.173828125;26.69746971130371;20639.78515625;0;100;0;;1.7099609375;94469;m2;190414;0;
..\..\world\kalimdor\dustwallow\passivedoodads\bushes\dustwallowshrub04.m2;19923.88671875;28.77302360534668;20706.201171875;0;219.5115203857422;0;;1.173828125;108642;m2;201816;0;
..\..\world\azeroth\swamposorrow\passivedoodads\treelogs\swamptreelog04.m2;20089.228515625;34.298152923583984;20407.8046875;0;156;0;;1.6396484375;92180;m2;190414;0;
..\..\world\azeroth\swamposorrow\passivedoodads\treelogs\swamptreelog04.m2;20102.892578125;35.26029586791992;20410.236328125;0;0;0;;1.7490234375;92179;m2;190414;0;
..\..\world\kalimdor\dustwallow\passivedoodads\bushes\dustwallowshrub03.m2;20018.8203125;30.862430572509766;20264.185546875;-8.772748947143555;334.5958557128906;-21.827465057373047;;1;90908;m2;201815;0;
..\..\world\kalimdor\dustwallow\passivedoodads\bushes\dustwallowshrub04.m2;20012.46875;36.58268356323242;20265.294921875;-1.0402121543884277;31.3828125;-27.871984481811523;;1;90911;m2;201816;0;
..\..\world\azeroth\swamposorrow\passivedoodads\treelogs\swamptreelog02.m2;19752.92578125;32.34852981567383;20697.703125;-12.5;0;6;;1;81973;m2;190412;0;
..\..\world\kalimdor\dustwallow\passivedoodads\bushes\dustwallowshrub03.m2;20130.3125;29.62563133239746;20314.267578125;-3.000002145767212;290;-15.500000953674316;;1;91950;m2;201815;0;
..\..\world\kalimdor\dustwallow\passivedoodads\bushes\dustwallowshrub03.m2;19903.28125;29.385414123535156;20637.49609375;-9.999998092651367;332.5;-9.999999046325684;;1;92660;m2;201815;0;
..\..\world\kalimdor\dustwallow\passivedoodads\bushes\dustwallowshrub03.m2;20083.47265625;30.39124870300293;20527.69140625;22.5;60.5;2.4999988079071045;;1;92110;m2;201815;0;
..\..\world\kalimdor\dustwallow\passivedoodads\bushes\dustwallowshrub03.m2;20005.408203125;29.086023330688477;20716.98046875;0;232.485595703125;0;;1.107421875;108682;m2;201815;0;
..\..\world\kalimdor\dustwallow\passivedoodads\bushes\dustwallowshrub04.m2;19840.8984375;29.114418029785156;20607.99609375;-1.9999995231628418;13;15.999998092651367;;1;92690;m2;201816;0;
..\..\world\kalimdor\dustwallow\passivedoodads\bushes\dustwallowshrub04.m2;19852.70703125;29.889692306518555;20480.908203125;4.000000476837158;286;15.500000953674316;;1;93037;m2;201816;0;
..\..\world\kalimdor\dustwallow\passivedoodads\bushes\dustwallowshrub03.m2;19809.171875;28.84046173095703;20502.25;0;58.013641357421875;0;;1.08203125;107898;m2;201815;0;
..\..\world\kalimdor\dustwallow\passivedoodads\bushes\dustwallowshrub03.m2;19847.642578125;30.957902908325195;20612.162109375;20.5;302.5;-2.499999761581421;;1;92875;m2;201815;0;
..\..\world\kalimdor\dustwallow\passivedoodads\bushes\dustwallowshrub04.m2;19796.748046875;29.51441764831543;20647.02734375;9.500000953674316;57;11.500000953674316;;1;92900;m2;201816;0;
..\..\world\azeroth\swamposorrow\passivedoodads\treelogs\swamptreelog04.m2;19944.380859375;28.766754150390625;20525.369140625;-14.499998092651367;225;-39.500003814697266;;1.279296875;87310;m2;190414;0;
..\..\world\kalimdor\dustwallow\passivedoodads\bushes\dustwallowshrub03.m2;20084.826171875;30.05877113342285;20751.642578125;0;166.8902587890625;0;;1.0849609375;108695;m2;201815;0;
..\..\world\kalimdor\dustwallow\passivedoodads\bushes\dustwallowshrub03.m2;20144.78515625;29.50997543334961;20425.13671875;-3.5000016689300537;289;-12.500000953674316;;1;92170;m2;201815;0;
..\..\world\kalimdor\dustwallow\passivedoodads\bushes\dustwallowshrub04.m2;19817.0234375;27.33157730102539;20500.455078125;0;224.80770874023438;0;;1.1396484375;107900;m2;201816;0;
..\..\world\kalimdor\dustwallow\passivedoodads\bushes\dustwallowshrub04.m2;19833.755859375;30.86831283569336;20260.853515625;-14.5;289.5;5.499998569488525;;1;94149;m2;201816;0;
..\..\world\kalimdor\dustwallow\passivedoodads\bushes\dustwallowshrub03.m2;19848.234375;31.511505126953125;20549.896484375;-12;70;-6.000000476837158;;1;92873;m2;201815;0;
..\..\world\azeroth\swamposorrow\passivedoodads\treelogs\swamptreelog03.m2;19885.857421875;28.995073318481445;20353.759765625;-3.5;0;-15.500000953674316;;1;87715;m2;190413;0;
..\..\world\azeroth\swamposorrow\passivedoodads\treelogs\swamptreelog02.m2;19948.3046875;29.026668548583984;20660.548828125;4.500000476837158;0;-8.5;;1;94392;m2;190412;0;
..\..\world\kalimdor\dustwallow\passivedoodads\bushes\dustwallowshrub03.m2;20031.875;30.03911018371582;20558.689453125;6.000000476837158;308;-16;;1;92085;m2;201815;0;
..\..\world\kalimdor\dustwallow\passivedoodads\bushes\dustwallowshrub04.m2;20103.28125;31.35334014892578;20324.8515625;-9.5;238.5;-4.999999046325684;;1;91953;m2;201816;0;
..\..\world\kalimdor\dustwallow\passivedoodads\bushes\dustwallowshrub04.m2;19857.0234375;31.298744201660156;20481.31640625;-18.999998092651367;38.5;1.0000001192092896;;1;93038;m2;201816;0;
..\..\world\kalimdor\dustwallow\passivedoodads\bushes\dustwallowshrub03.m2;19941.75390625;30.242679595947266;20287.552734375;-10.000000953674316;203.5;3.499999761581421;;1;89954;m2;201815;0;
..\..\world\kalimdor\dustwallow\passivedoodads\bushes\dustwallowshrub03.m2;20144.984375;30.56043243408203;20419.82421875;-1.0000001192092896;67.5;8;;1;92174;m2;201815;0;
..\..\world\kalimdor\dustwallow\passivedoodads\bushes\dustwallowshrub04.m2;19957.525390625;30.94140625;20296.322265625;-0.9999998807907104;164;9;;1;89951;m2;201816;0;
..\..\world\kalimdor\dustwallow\passivedoodads\bushes\dustwallowshrub04.m2;20238.22265625;31.04063606262207;20424.267578125;5;350.5;12.000000953674316;;1;92798;m2;201816;0;
..\..\world\kalimdor\dustwallow\passivedoodads\bushes\dustwallowshrub04.m2;20170.42578125;31.89512062072754;20539.025390625;6.499999523162842;14;11.000000953674316;;1;92759;m2;201816;0;
..\..\world\kalimdor\dustwallow\passivedoodads\bushes\dustwallowshrub04.m2;20181.744140625;29.699262619018555;20463.6953125;-6.5;51;-13.5;;1;92856;m2;201816;0;
..\..\world\kalimdor\dustwallow\passivedoodads\bushes\dustwallowshrub03.m2;20234.7734375;29.479665756225586;20419.369140625;-2.9999990463256836;54;-11.000001907348633;;1;92796;m2;201815;0;
..\..\world\kalimdor\dustwallow\passivedoodads\bushes\dustwallowshrub04.m2;19801.798828125;31.831050872802734;20653.486328125;-17.5;49;-3.5000007152557373;;1;92899;m2;201816;0;
..\..\world\kalimdor\dustwallow\passivedoodads\bushes\dustwallowshrub04.m2;20234.06640625;30.57790184020996;20423.09375;-3.499999761581421;50.5;-16.5;;1;92794;m2;201816;0;
..\..\world\kalimdor\dustwallow\passivedoodads\bushes\dustwallowshrub03.m2;20106.42578125;30.81485366821289;20542.388671875;-18;37.5;-1.4999995231628418;;1;92116;m2;201815;0;
..\..\world\kalimdor\dustwallow\passivedoodads\bushes\dustwallowshrub04.m2;19850.76953125;30.449222564697266;20294.92578125;-5.500000476837158;343;-5.499999523162842;;1;94141;m2;201816;0;
..\..\world\kalimdor\dustwallow\passivedoodads\bushes\dustwallowshrub03.m2;20098.50390625;30.32375144958496;20523.61328125;-16.000001907348633;166;-3.9999990463256836;;1;92114;m2;201815;0;
..\..\world\kalimdor\dustwallow\passivedoodads\bushes\dustwallowshrub04.m2;19856.001953125;29.2181339263916;20474.634765625;7.000000476837158;356;16.500001907348633;;1;93036;m2;201816;0;
..\..\world\kalimdor\dustwallow\passivedoodads\bushes\dustwallowshrub04.m2;20195.21484375;29.761226654052734;20461.5078125;-4.999999523162842;310;13.5;;1;92857;m2;201816;0;
..\..\world\kalimdor\dustwallow\passivedoodads\bushes\dustwallowshrub03.m2;19836.626953125;30.792036056518555;20264.30859375;-12.5;323.5;-0.9999997615814209;;1;94152;m2;201815;0;
..\..\world\kalimdor\dustwallow\passivedoodads\bushes\dustwallowshrub03.m2;20240.697265625;29.507028579711914;20419.533203125;-2;348.5;8.499999046325684;;1;92795;m2;201815;0;
..\..\world\kalimdor\dustwallow\passivedoodads\bushes\dustwallowshrub04.m2;19843.634765625;30.40193748474121;20666.4609375;-13.000000953674316;304;-0.9999998807907104;;1;93091;m2;201816;0;
..\..\world\kalimdor\dustwallow\passivedoodads\bushes\dustwallowshrub03.m2;20120.72265625;30.04850959777832;20324.259765625;3.500000238418579;78.5;-8.499999046325684;;1;91952;m2;201815;0;
..\..\world\kalimdor\dustwallow\passivedoodads\bushes\dustwallowshrub03.m2;20098.37109375;30.09630012512207;20552.21484375;-10.999999046325684;83.5;-9.999999046325684;;1;92112;m2;201815;0;
..\..\world\kalimdor\dustwallow\passivedoodads\bushes\dustwallowshrub04.m2;19852.5546875;30.887516021728516;20683.650390625;-14.000001907348633;295;-2.499998092651367;;1;93120;m2;201816;0;
..\..\world\kalimdor\dustwallow\passivedoodads\bushes\dustwallowshrub04.m2;19949.27734375;33.82878112792969;20286.25;0.49999988079071045;27.5;4.499999523162842;;1;89953;m2;201816;0;
..\..\world\kalimdor\dustwallow\passivedoodads\bushes\dustwallowshrub04.m2;19847.404296875;32.92911148071289;20558.05078125;-13.500000953674316;74.5;-1.500001072883606;;1;92869;m2;201816;0;
..\..\world\kalimdor\dustwallow\passivedoodads\bushes\dustwallowshrub03.m2;20044.95703125;30.326440811157227;20798.654296875;0;26.252685546875;0;;1.0244140625;108884;m2;201815;0;
..\..\world\kalimdor\dustwallow\passivedoodads\trees\dustwallowtree08.m2;20129.8984375;32.818763732910156;20297.388671875;-2.5;0;-5.5;;1.4091796875;83970;m2;201833;0;
..\..\world\kalimdor\dustwallow\passivedoodads\bushes\dustwallowshrub04.m2;19790.06640625;28.87837028503418;20574.470703125;0;125.07996368408203;0;;1.0400390625;108666;m2;201816;0;
..\..\world\kalimdor\dustwallow\passivedoodads\bushes\dustwallowshrub03.m2;20174.701171875;31.258216857910156;20467.376953125;-12.000000953674316;9;-9.499999046325684;;1;92859;m2;201815;0;
..\..\world\kalimdor\dustwallow\passivedoodads\bushes\dustwallowshrub04.m2;19952.55078125;28.84912872314453;20514.67578125;-12;24;-3;;1;87828;m2;201816;0;
..\..\world\kalimdor\dustwallow\passivedoodads\bushes\dustwallowshrub03.m2;20144.412109375;29.880353927612305;20432.513671875;0;4.5;-11;;1;92173;m2;201815;0;
..\..\world\kalimdor\dustwallow\passivedoodads\bushes\dustwallowshrub04.m2;20178.28515625;33.44673538208008;20537.38671875;18.5;33;8;;1;92756;m2;201816;0;
..\..\world\kalimdor\dustwallow\passivedoodads\bushes\dustwallowshrub04.m2;20184.169921875;31.718631744384766;20538.68359375;-3;41;10;;1;92757;m2;201816;0;
..\..\world\kalimdor\dustwallow\passivedoodads\bushes\dustwallowshrub04.m2;20189.90234375;31.85108757019043;20538.59765625;12;22.5;7;;1;92758;m2;201816;0;
..\..\world\kalimdor\dustwallow\passivedoodads\bushes\dustwallowshrub04.m2;19790.595703125;30.62700843811035;20655.6875;-15.50000286102295;16.5;-1.500000238418579;;1;92901;m2;201816;0;
..\..\world\azeroth\swamposorrow\passivedoodads\treelogs\swamptreelog04.m2;20108.728515625;40.666080474853516;20731.50390625;0;86;0;;1.5595703125;94492;m2;190414;0;
..\..\world\kalimdor\dustwallow\passivedoodads\bushes\dustwallowshrub03.m2;20188.744140625;30.374935150146484;20464.373046875;-21.5;22.5;-7.500000953674316;;1;92858;m2;201815;0;
..\..\world\kalimdor\dustwallow\passivedoodads\bushes\dustwallowshrub04.m2;19845.451171875;32.402915954589844;20562.8515625;13.999999046325684;260.5;2.5000007152557373;;1;92868;m2;201816;0;
..\..\world\kalimdor\dustwallow\passivedoodads\bushes\dustwallowshrub03.m2;19902.783203125;29.656734466552734;20289.166015625;-5.5;78;-1.9999991655349731;;1;89973;m2;201815;0;
..\..\world\kalimdor\dustwallow\passivedoodads\bushes\dustwallowshrub04.m2;19851.708984375;30.16263771057129;20673.3046875;9.5;29;6;;1;93119;m2;201816;0;
..\..\world\kalimdor\dustwallow\passivedoodads\bushes\dustwallowshrub04.m2;20177.90625;30.812814712524414;20543.09765625;6.500000476837158;319.5;2.5;;1;92755;m2;201816;0;
..\..\world\azeroth\swamposorrow\passivedoodads\treelogs\swamptreelog03.m2;20236.25390625;30.102922439575195;20456.78515625;-2;0;4;;1;90858;m2;190413;0;
..\..\world\kalimdor\dustwallow\passivedoodads\bushes\dustwallowshrub04.m2;19799.78515625;31.123966217041016;20652.419921875;-6.000000476837158;357.5;10.5;;1;92898;m2;201816;0;
..\..\world\kalimdor\dustwallow\passivedoodads\bushes\dustwallowshrub04.m2;19760.861328125;30.335731506347656;20614.75;0;24;0;;1;108654;m2;201816;0;
..\..\world\kalimdor\dustwallow\passivedoodads\bushes\dustwallowshrub04.m2;19903.47265625;29.391931533813477;20300.2578125;0;22;0;;1;89964;m2;201816;0;
..\..\world\kalimdor\dustwallow\passivedoodads\bushes\dustwallowshrub04.m2;19841.580078125;30.625;20562.86328125;-12.500001907348633;105.5;-2.0000007152557373;;1;92866;m2;201816;0;
..\..\world\kalimdor\dustwallow\passivedoodads\bushes\dustwallowshrub04.m2;19767.634765625;29.293806076049805;20613.70703125;0;25;0;;1;108651;m2;201816;0;
..\..\world\kalimdor\dustwallow\passivedoodads\bushes\dustwallowshrub04.m2;19931.62109375;30.966028213500977;20290.064453125;7.500000953674316;16;1.0000001192092896;;1;89950;m2;201816;0;
..\..\world\kalimdor\dustwallow\passivedoodads\bushes\dustwallowshrub04.m2;19904.55078125;28.95737075805664;20631.958984375;0;64.5;0;;1;92661;m2;201816;0;
..\..\world\kalimdor\dustwallow\passivedoodads\bushes\dustwallowshrub03.m2;20033.673828125;29.856889724731445;20560.12109375;0;26;0;;1;92084;m2;201815;0;
..\..\world\kalimdor\dustwallow\passivedoodads\bushes\dustwallowshrub03.m2;20140.478515625;31.40683937072754;20426.56640625;-13.499999046325684;260;-1.500001072883606;;1;92172;m2;201815;0;
..\..\world\kalimdor\dustwallow\passivedoodads\bushes\dustwallowshrub03.m2;20129.3125;28.392717361450195;20319.22265625;0;63;0;;1;91949;m2;201815;0;
..\..\world\kalimdor\dustwallow\passivedoodads\bushes\dustwallowshrub04.m2;20184.017578125;30.176042556762695;20541.861328125;0;70;0;;1;92754;m2;201816;0;
..\..\world\kalimdor\dustwallow\passivedoodads\bushes\dustwallowshrub03.m2;19913.193359375;29.820024490356445;20302.205078125;0;332;0;;1;89967;m2;201815;0;
..\..\world\kalimdor\dustwallow\passivedoodads\bushes\dustwallowshrub04.m2;20090.212890625;29.40564727783203;20327.75;0;332;0;;1;91954;m2;201816;0;
..\..\world\kalimdor\dustwallow\passivedoodads\bushes\dustwallowshrub04.m2;19848.130859375;31.58094024658203;20676.34375;0;298;0;;1;93118;m2;201816;0;
..\..\world\kalimdor\dustwallow\passivedoodads\bushes\dustwallowshrub04.m2;19900.48828125;29.201955795288086;20631.20703125;-2;257.5;2.5;;1;92662;m2;201816;0;
..\..\world\kalimdor\dustwallow\passivedoodads\bushes\dustwallowshrub04.m2;19841.33203125;29.934326171875;20599.015625;0;61.5;0;;1;92689;m2;201816;0;
..\..\world\kalimdor\dustwallow\passivedoodads\bushes\dustwallowshrub04.m2;19805.595703125;30.067813873291016;20644.947265625;0.5000001192092896;86;-8;;1;92897;m2;201816;0;
..\..\world\kalimdor\dustwallow\passivedoodads\bushes\dustwallowshrub04.m2;19852.318359375;30.94290542602539;20676.462890625;0;251.5;0;;1;93117;m2;201816;0;
..\..\world\kalimdor\dustwallow\passivedoodads\bushes\dustwallowshrub04.m2;20081.744140625;29.35056495666504;20326.91796875;0;29;0;;1;91955;m2;201816;0;
..\..\world\kalimdor\dustwallow\passivedoodads\bushes\dustwallowshrub03.m2;19840.83203125;31.18284797668457;20570.525390625;-13.500000953674316;71.5;4.499999523162842;;1;92874;m2;201815;0;
..\..\world\azeroth\swamposorrow\passivedoodads\treelogs\swamptreelog03.m2;19754.431640625;34.123779296875;20706.4765625;-8.000001907348633;1.5;-2.5000014305114746;;1;81975;m2;190413;0;
..\..\world\kalimdor\dustwallow\passivedoodads\bushes\dustwallowshrub03.m2;20028.228515625;31.067590713500977;20557.8046875;0;72;0;;1;92086;m2;201815;0;
..\..\world\kalimdor\dustwallow\passivedoodads\bushes\dustwallowshrub03.m2;19840.548828125;30.62703514099121;20587.330078125;14.499998092651367;278;-2.4999988079071045;;1;92876;m2;201815;0;
..\..\world\kalimdor\dustwallow\passivedoodads\bushes\dustwallowshrub03.m2;20044.734375;31.31150245666504;20559.12890625;0;343;0;;1;92088;m2;201815;0;
..\..\world\kalimdor\dustwallow\passivedoodads\bushes\dustwallowshrub04.m2;19862.0234375;30.127954483032227;20472.169921875;-2.999999523162842;49;9.499999046325684;;1;93040;m2;201816;0;
..\..\world\kalimdor\dustwallow\passivedoodads\bushes\dustwallowshrub03.m2;19911.416015625;28.831960678100586;20626.267578125;0;106.5;0;;1;92658;m2;201815;0;
..\..\world\kalimdor\dustwallow\passivedoodads\bushes\dustwallowshrub03.m2;20028.962890625;32.6129035949707;20554.291015625;0;31;0;;1;92082;m2;201815;0;
..\..\world\kalimdor\dustwallow\passivedoodads\bushes\dustwallowshrub03.m2;20138.06640625;32.202781677246094;20423.669921875;0;59;0;;1;92175;m2;201815;0;
..\..\world\kalimdor\dustwallow\passivedoodads\bushes\dustwallowshrub04.m2;19846.55859375;31.41657829284668;20603.26953125;0;238;0;;1;92691;m2;201816;0;
..\..\world\kalimdor\dustwallow\passivedoodads\bushes\dustwallowshrub03.m2;20123.259765625;29.81376838684082;20317.009765625;0;57.5;0;;1;91951;m2;201815;0;
..\..\world\kalimdor\dustwallow\passivedoodads\bushes\dustwallowshrub04.m2;19914.17578125;29.385223388671875;20625.958984375;0;284.5;0;;1;92664;m2;201816;0;
..\..\world\kalimdor\dustwallow\passivedoodads\bushes\dustwallowshrub04.m2;19886.0546875;29.065555572509766;20358.853515625;0;284.5;0;;1;94213;m2;201816;0;
..\..\world\kalimdor\dustwallow\passivedoodads\bushes\dustwallowshrub04.m2;19892.185546875;28.794599533081055;20360.5859375;0;255.49998474121094;0;;1;94216;m2;201816;0;
..\..\world\kalimdor\dustwallow\passivedoodads\bushes\dustwallowshrub04.m2;19848.9921875;32.14639663696289;20485.8046875;-12.5;34.5;-8.5;;1;93039;m2;201816;0;
..\..\world\kalimdor\dustwallow\passivedoodads\bushes\dustwallowshrub03.m2;19906.78515625;33.52192687988281;20272.3671875;7;0;10.5;;1;89969;m2;201815;0;
..\..\world\kalimdor\dustwallow\passivedoodads\bushes\dustwallowshrub04.m2;19847.8671875;31.41269874572754;20672.375;0;13.5;0;;1;93116;m2;201816;0;
..\..\world\kalimdor\dustwallow\passivedoodads\bushes\dustwallowshrub03.m2;19973.81640625;29.60698890686035;20580.19140625;0;283;0;;1;114155;m2;201815;0;
..\..\world\kalimdor\dustwallow\passivedoodads\bushes\dustwallowshrub03.m2;19973.7890625;29.99943733215332;20574.748046875;0;13;0;;1;114156;m2;201815;0;
..\..\world\kalimdor\dustwallow\passivedoodads\bushes\dustwallowshrub04.m2;19982.1484375;30.89811134338379;20606.580078125;0;124.5;0;;1;114150;m2;201816;0;
..\..\world\kalimdor\dustwallow\passivedoodads\bushes\dustwallowshrub03.m2;19979.052734375;29.125648498535156;20578.7578125;0;235.5;0;;1;114158;m2;201815;0;
..\..\world\kalimdor\dustwallow\passivedoodads\bushes\dustwallowshrub04.m2;19901.482421875;29.39710235595703;20298.1875;0;348;0;;1;89966;m2;201816;0;
..\..\world\kalimdor\dustwallow\passivedoodads\bushes\dustwallowshrub04.m2;19759.638671875;28.965906143188477;20618.927734375;0;78;0;;1;108652;m2;201816;0;
..\..\world\kalimdor\dustwallow\passivedoodads\bushes\dustwallowshrub04.m2;19975.61328125;29.10704231262207;20610.5;0;11.5;0;;1;114149;m2;201816;0;
..\..\world\kalimdor\dustwallow\passivedoodads\bushes\dustwallowshrub04.m2;19817.783203125;30.053239822387695;20493.513671875;0;353.579833984375;0;;1.0224609375;107901;m2;201816;0;
..\..\world\kalimdor\dustwallow\passivedoodads\bushes\dustwallowshrub04.m2;19979.55078125;29.891937255859375;20577.791015625;0;307;0;;1;114154;m2;201816;0;
..\..\world\kalimdor\dustwallow\passivedoodads\bushes\dustwallowshrub04.m2;19839.533203125;29.46402931213379;20601.6015625;0;280;0;;1;92692;m2;201816;0;
..\..\world\kalimdor\dustwallow\passivedoodads\bushes\dustwallowshrub04.m2;19888.96875;28.78068733215332;20358.642578125;0;350;0;;1;94215;m2;201816;0;
..\..\world\kalimdor\dustwallow\passivedoodads\bushes\dustwallowshrub04.m2;19948.61328125;32.01795959472656;20289.140625;0;322;0;;1;89952;m2;201816;0;
..\..\world\kalimdor\dustwallow\passivedoodads\bushes\dustwallowshrub04.m2;19844.03515625;30.98029899597168;20556.46875;-3.500000238418579;46.5;-1.5;;1;92867;m2;201816;0;
..\..\world\kalimdor\dustwallow\passivedoodads\bushes\dustwallowshrub04.m2;19963.09765625;29.553274154663086;20528.158203125;0;51.5;0;;1;87829;m2;201816;0;
..\..\world\kalimdor\dustwallow\passivedoodads\bushes\dustwallowshrub03.m2;20142.89453125;30.026588439941406;20429.634765625;0;38.5;0;;1;92171;m2;201815;0;
..\..\world\kalimdor\dustwallow\passivedoodads\bushes\dustwallowshrub04.m2;19845.79296875;32.65150833129883;20289.84375;-12.499999046325684;277.5;-1.000001072883606;;1;94142;m2;201816;0;
..\..\world\kalimdor\dustwallow\passivedoodads\bushes\dustwallowbush01.m2;19839.19921875;34.4493293762207;20445.84375;0;219.72227478027344;0;;2.3232421875;107932;m2;201811;0;
..\..\world\kalimdor\dustwallow\passivedoodads\bushes\dustwallowshrub04.m2;19977.37890625;29.88382911682129;20608.19140625;0;82.5;0;;1;114148;m2;201816;0;
..\..\world\kalimdor\dustwallow\passivedoodads\bushes\dustwallowshrub03.m2;19924.994140625;29.78317642211914;20300.12890625;0;50;0;;1;89968;m2;201815;0;
..\..\world\kalimdor\dustwallow\passivedoodads\bushes\dustwallowshrub04.m2;19847.48828125;31.332990646362305;20281.541015625;11.500000953674316;83.5;-1.999999761581421;;1;94140;m2;201816;0;
..\..\world\kalimdor\dustwallow\passivedoodads\bushes\dustwallowshrub04.m2;19898.05859375;29.175004959106445;20297.060546875;0;40.5;0;;1;89965;m2;201816;0;
..\..\world\kalimdor\dustwallow\passivedoodads\bushes\dustwallowshrub04.m2;20185.81640625;28.514591217041016;20461.037109375;0;49;0;;1;92855;m2;201816;0;
..\..\world\azeroth\swamposorrow\passivedoodads\treelogs\swamptreelog02.m2;19876.048828125;27.403499603271484;20343.505859375;0;0;0;;1;94200;m2;190412;0;
..\..\world\kalimdor\dustwallow\passivedoodads\bushes\dustwallowshrub04.m2;19904.880859375;29.62551498413086;20624.24609375;0;48;0;;1;92663;m2;201816;0;
..\..\world\kalimdor\dustwallow\passivedoodads\bushes\dustwallowshrub03.m2;20199.697265625;30.428998947143555;20463.845703125;-11.500000953674316;0;4.500000953674316;;1;92860;m2;201815;0;
..\..\world\kalimdor\dustwallow\passivedoodads\bushes\dustwallowshrub04.m2;19844.291015625;31.829750061035156;20597.20703125;0;317.5;0;;1;92688;m2;201816;0;
..\..\world\kalimdor\dustwallow\passivedoodads\bushes\dustwallowshrub04.m2;19764.94921875;28.574785232543945;20617.76953125;0;223;0;;1;108653;m2;201816;0;
..\..\world\kalimdor\dustwallow\passivedoodads\bushes\dustwallowshrub04.m2;19850.08984375;29.917476654052734;20282.72265625;0;86;0;;1;94138;m2;201816;0;
..\..\world\kalimdor\dustwallow\passivedoodads\bushes\dustwallowshrub03.m2;20021.142578125;31.18391990661621;20552.51953125;0;313.5;0;;1;92087;m2;201815;0;
..\..\world\kalimdor\dustwallow\passivedoodads\bushes\dustwallowshrub03.m2;20244.396484375;32.18904113769531;20423.802734375;0;43.5;0;;1;92797;m2;201815;0;
..\..\world\kalimdor\dustwallow\passivedoodads\bushes\dustwallowbush01.m2;19840.08984375;34.23402786254883;20437.236328125;0;134.91622924804688;0;;2.2578125;107931;m2;201811;0;
..\..\world\kalimdor\dustwallow\passivedoodads\bushes\dustwallowshrub03.m2;20035.1796875;32.13676834106445;20555.263671875;0;136;0;;1;92083;m2;201815;0;
..\..\world\kalimdor\dustwallow\passivedoodads\bushes\dustwallowshrub03.m2;20106.51953125;30.36023712158203;20527.580078125;0;316;0;;1;92115;m2;201815;0;
..\..\world\kalimdor\dustwallow\passivedoodads\bushes\dustwallowshrub03.m2;19983.201171875;29.822669982910156;20581.251953125;0;314;0;;1;114157;m2;201815;0;
..\..\world\kalimdor\dustwallow\passivedoodads\bushes\dustwallowshrub03.m2;20091.087890625;32.10121536254883;20558.3515625;-18;0;-2.500000238418579;;1;92113;m2;201815;0;
..\..\world\kalimdor\dustwallow\passivedoodads\bushes\dustwallowshrub04.m2;19854.791015625;29.05426788330078;20275.587890625;0;45.5;0;;1;94139;m2;201816;0;
..\..\world\kalimdor\dustwallow\passivedoodads\bushes\dustwallowshrub04.m2;19799.421875;29.3748722076416;20644.64453125;0;45;0;;1;92896;m2;201816;0;
..\..\world\kalimdor\dustwallow\passivedoodads\bushes\dustwallowbush01.m2;19799.044921875;33.964176177978516;20438.22265625;0;201.1201934814453;0;;2.4169921875;107915;m2;201811;0;
..\..\world\kalimdor\dustwallow\passivedoodads\bushes\dustwallowshrub03.m2;19909.205078125;28.54092025756836;20635.005859375;0;88;0;;1;92659;m2;201815;0;
..\..\world\kalimdor\dustwallow\passivedoodads\bushes\dustwallowshrub04.m2;19942.5625;28.99835205078125;20526.548828125;0;90.5;0;;1;87827;m2;201816;0;
..\..\world\kalimdor\dustwallow\passivedoodads\bushes\dustwallowshrub03.m2;20082.521484375;31.758989334106445;20549.8125;0;269.5;0;;1;92111;m2;201815;0;
..\..\world\kalimdor\dustwallow\passivedoodads\bushes\dustwallowshrub04.m2;20125.568359375;28.37906265258789;20320.62890625;0;0;0;;1;91948;m2;201816;0;
..\..\world\kalimdor\dustwallow\passivedoodads\bushes\dustwallowshrub04.m2;19891.052734375;29.37236976623535;20365.287109375;0;0;0;;1;94214;m2;201816;0;
..\..\world\kalimdor\dustwallow\passivedoodads\bushes\dustwallowbush01.m2;19848.505859375;33.671531677246094;20448.916015625;0;41.3114013671875;0;;2.1640625;107930;m2;201811;0;
..\..\world\kalimdor\dustwallow\passivedoodads\bushes\dustwallowshrub04.m2;19813.88671875;28.2683048248291;20500.48828125;0;29.99200439453125;0;;0.90234375;107899;m2;201816;0;
..\..\world\kalimdor\dustwallow\passivedoodads\trees\dustwallowtree08.m2;20127.751953125;32.56968688964844;20292.076171875;0;307;0;;1;83971;m2;201833;0;
..\..\world\generic\orc\passivedoodads\wagons\orcwagon04.m2;19898.361328125;33.55897903442383;20443.4375;8.5;278;-3.499999761581421;;1;94248;m2;199417;0;
..\..\world\kalimdor\dustwallow\passivedoodads\bushes\dustwallowbush01.m2;19796.4609375;34.08121871948242;20446.322265625;0;283.4904479980469;0;;2.4052734375;107917;m2;201811;0;
..\..\world\azeroth\duskwood\passivedoodads\webs\webdangle02.m2;20095.533203125;34.34955978393555;20409.42578125;0;0.5;0;;1.509765625;92181;m2;189596;0;
..\..\world\kalimdor\dustwallow\passivedoodads\bushes\dustwallowbush01.m2;19841.33984375;33.00666427612305;20798.791015625;0;131.4774169921875;0;;2.0576171875;105015;m2;201811;0;
..\..\world\azeroth\swamposorrow\passivedoodads\treelogs\swamptreelog04.m2;19942.50390625;31.45973014831543;20516.81640625;-21;65;-51;;1;87308;m2;190414;0;
..\..\world\kalimdor\dustwallow\passivedoodads\bushes\dustwallowbush01.m2;20198.236328125;33.191654205322266;20612.20703125;0;51.8350830078125;0;;2.044921875;102270;m2;201811;0;
..\..\world\azeroth\swamposorrow\passivedoodads\treelogs\swamptreelog04.m2;19862.380859375;33.03950119018555;20613.673828125;-12.500005722045898;253;-26.5;;1;87444;m2;190414;0;
..\..\world\azeroth\swamposorrow\passivedoodads\treelogs\swamptreelog04.m2;19851.28515625;35.245361328125;20590.17578125;3.999999523162842;11.5;49.500003814697266;;1;87447;m2;190414;0;
..\..\world\azeroth\swamposorrow\passivedoodads\treelogs\swamptreelog04.m2;19959.26171875;30.762563705444336;20532.669921875;6.000000953674316;345;-28.500003814697266;;1;87309;m2;190414;0;
..\..\world\generic\orc\passivedoodads\wagons\orcwagon04.m2;20101.130859375;34.95049285888672;20297.296875;-2.499999523162842;275.4999694824219;5.000000953674316;;1;92511;m2;199417;0;
..\..\world\azeroth\swamposorrow\passivedoodads\treelogs\swamptreelog04.m2;19799.03515625;32.63739013671875;20632.712890625;-5.500000953674316;336.5;-25.000003814697266;;1;81987;m2;190414;0;
..\..\world\kalimdor\dustwallow\passivedoodads\bushes\dustwallowbush01.m2;19735.53515625;34.97382354736328;20568.568359375;0;257.6254577636719;0;;2.3134765625;107825;m2;201811;0;
..\..\world\azeroth\swamposorrow\passivedoodads\treelogs\swamptreelog04.m2;20125.001953125;32.45134353637695;20407.392578125;-13.000000953674316;84.5;-28.999990463256836;;1;99015;m2;190414;0;
..\..\world\kalimdor\dustwallow\passivedoodads\bushes\dustwallowbush01.m2;19763.875;45.125797271728516;20759.8125;0;54.625701904296875;0;;1.998046875;104418;m2;201811;0;
..\..\world\kalimdor\dustwallow\passivedoodads\bushes\dustwallowbush01.m2;20229.71484375;37.54789352416992;20587.55859375;0;315.7677001953125;0;;1.978515625;102244;m2;201811;0;
..\..\world\kalimdor\dustwallow\passivedoodads\bushes\dustwallowbush01.m2;20253.978515625;40.843589782714844;20745.69921875;0;315.7677001953125;0;;1.978515625;109307;m2;201811;0;
..\..\world\azeroth\swamposorrow\passivedoodads\treelogs\swamptreelog04.m2;20160.072265625;29.91132354736328;20655.3046875;-39.5;225.49998474121094;-7.500000476837158;;1;94471;m2;190414;0;
..\..\world\kalimdor\dustwallow\passivedoodads\bushes\dustwallowbush01.m2;19925.66796875;33.9688606262207;20762.31640625;0;133.40008544921875;0;;1.96875;108610;m2;201811;0;
..\..\world\azeroth\swamposorrow\passivedoodads\treelogs\swamptreelog04.m2;20116.208984375;38.0162353515625;20751.26953125;0;319;0;;1.26953125;94493;m2;190414;0;
..\..\world\kalimdor\dustwallow\passivedoodads\bushes\dustwallowbush01.m2;19799.0859375;34.053951263427734;20489.75390625;0;300.4083251953125;0;;2.0107421875;107884;m2;201811;0;
..\..\world\kalimdor\dustwallow\passivedoodads\bushes\dustwallowbush01.m2;19807.884765625;34.4001579284668;20430.734375;0;63.052459716796875;0;;2.0390625;107921;m2;201811;0;
..\..\world\kalimdor\dustwallow\passivedoodads\bushes\dustwallowbush01.m2;19905.828125;33.72504806518555;20381.474609375;0;245.67279052734375;0;;2.064453125;107943;m2;201811;0;
..\..\world\azeroth\swamposorrow\passivedoodads\treelogs\swamptreelog04.m2;20157.716796875;32.33069610595703;20380.2265625;-5.499999523162842;177;-28.000001907348633;;1;92780;m2;190414;0;
..\..\world\kalimdor\dustwallow\passivedoodads\bushes\dustwallowshrub01.m2;20023.8671875;34.01824951171875;20748.818359375;13.000000953674316;124.46489715576172;-9.500000953674316;;2.119140625;108688;m2;201813;0;
..\..\world\kalimdor\dustwallow\passivedoodads\bushes\dustwallowbush01.m2;20203.6171875;33.434425354003906;20606.92578125;0;46.78118896484375;0;;1.9296875;102267;m2;201811;0;
..\..\world\azeroth\swamposorrow\passivedoodads\treelogs\swamptreelog04.m2;19879.3046875;34.627994537353516;20592.20703125;-13.499999046325684;312;-30.999996185302734;;1;87445;m2;190414;0;
..\..\world\kalimdor\dustwallow\passivedoodads\bushes\dustwallowbush01.m2;19769.4296875;34.29880142211914;20579.048828125;0;330.07232666015625;0;;1.974609375;107841;m2;201811;0;
..\..\world\kalimdor\dustwallow\passivedoodads\bushes\dustwallowbush01.m2;20181.9921875;35.18818283081055;20644.87890625;0;237.83929443359375;0;;1.9580078125;102286;m2;201811;0;
..\..\world\kalimdor\dustwallow\passivedoodads\bushes\dustwallowbush01.m2;19739.65625;34.679893493652344;20634.2734375;0;62.11859130859375;0;;1.9921875;107851;m2;201811;0;
..\..\world\kalimdor\dustwallow\passivedoodads\bushes\dustwallowbush01.m2;20178.431640625;36.328338623046875;20695.41015625;0;45.49578857421875;0;;1.916015625;108749;m2;201811;0;
..\..\world\kalimdor\dustwallow\passivedoodads\bushes\dustwallowbush01.m2;19818.236328125;34.977638244628906;20785.0390625;0;117.13369750976562;0;;1.984375;110364;m2;201811;0;
..\..\world\kalimdor\dustwallow\passivedoodads\bushes\dustwallowbush01.m2;19768.73828125;34.31948471069336;20578.7265625;0;33.69610595703125;0;;1.9287109375;107840;m2;201811;0;
..\..\world\kalimdor\dustwallow\passivedoodads\bushes\dustwallowbush01.m2;20139.0234375;34.67708206176758;20777.220703125;0;26.08233642578125;0;;1.990234375;109275;m2;201811;0;
..\..\world\kalimdor\dustwallow\passivedoodads\bushes\dustwallowbush01.m2;20131.259765625;38.72394561767578;20708.166015625;0;236.2681884765625;0;;1.9248046875;108725;m2;201811;0;
..\..\world\kalimdor\dustwallow\passivedoodads\bushes\dustwallowbush01.m2;20188.33203125;38.14484405517578;20581.6171875;0;133.13638305664062;0;;1.896484375;102262;m2;201811;0;
..\..\world\kalimdor\dustwallow\passivedoodads\bushes\dustwallowbush01.m2;20261.880859375;42.64873123168945;20593.10546875;0;335.7744140625;0;;1.994140625;102238;m2;201811;0;
..\..\world\kalimdor\dustwallow\passivedoodads\bushes\dustwallowbush01.m2;20271.392578125;37.331790924072266;20740.03515625;0;335.7744140625;0;;1.994140625;109301;m2;201811;0;
..\..\world\kalimdor\dustwallow\passivedoodads\bushes\dustwallowbush01.m2;19771.783203125;35.79250717163086;20531.3984375;0;301.4960021972656;0;;1.92578125;107870;m2;201811;0;
..\..\world\kalimdor\dustwallow\passivedoodads\bushes\dustwallowbush01.m2;20235.84765625;48.706321716308594;20625.4375;0;246.33197021484375;0;;1.9990234375;102300;m2;201811;0;
..\..\world\kalimdor\dustwallow\passivedoodads\bushes\dustwallowbush01.m2;19901.11328125;34.82414627075195;20383.7890625;0;295.651123046875;0;;1.9697265625;107945;m2;201811;0;
..\..\world\kalimdor\dustwallow\passivedoodads\bushes\dustwallowbush01.m2;20022.50390625;36.50802993774414;20688.205078125;0;131.4774169921875;0;;1.8779296875;114184;m2;201811;0;
..\..\world\kalimdor\dustwallow\passivedoodads\bushes\dustwallowbush01.m2;20171.53515625;35.54386520385742;20696.44140625;0;307.9451904296875;0;;1.8818359375;108743;m2;201811;0;
..\..\world\kalimdor\dustwallow\passivedoodads\bushes\dustwallowbush01.m2;20025.11328125;33.23008728027344;20791.955078125;0;295.85986328125;0;;1.962890625;108877;m2;201811;0;
..\..\world\kalimdor\dustwallow\passivedoodads\bushes\dustwallowbush01.m2;19776.64453125;36.96331024169922;20491.25;0;241.7944793701172;0;;1.93359375;107881;m2;201811;0;
..\..\world\kalimdor\dustwallow\passivedoodads\bushes\dustwallowbush01.m2;19884.013671875;34.85445785522461;20678.46875;0;327.4794616699219;0;;1.896484375;104539;m2;201811;0;
..\..\world\kalimdor\dustwallow\passivedoodads\bushes\dustwallowbush01.m2;20255.80859375;42.87382888793945;20588.30078125;0;150.91281127929688;0;;1.91796875;102241;m2;201811;0;
..\..\world\kalimdor\dustwallow\passivedoodads\bushes\dustwallowbush01.m2;20263.267578125;39.09068298339844;20744.20703125;0;150.91281127929688;0;;1.91796875;109304;m2;201811;0;
..\..\world\generic\orc\passivedoodads\wagons\orcwagon05.m2;19833.17578125;36.959754943847656;20284.95703125;3.5;38.5;2.5;;1.009765625;93034;m2;199418;0;
..\..\world\kalimdor\dustwallow\passivedoodads\bushes\dustwallowbush01.m2;19785.759765625;36.58479690551758;20516.857421875;0;325.1942443847656;0;;1.86328125;107873;m2;201811;0;
..\..\world\kalimdor\dustwallow\passivedoodads\bushes\dustwallowbush01.m2;19915.0859375;31.675048828125;20779.759765625;0;247.419677734375;0;;1.9658203125;108608;m2;201811;0;
..\..\world\kalimdor\dustwallow\passivedoodads\bushes\dustwallowbush01.m2;19792.68359375;35.86153030395508;20798.22265625;0;29.68597412109375;0;;1.8828125;104413;m2;201811;0;
..\..\world\kalimdor\dustwallow\passivedoodads\bushes\dustwallowbush01.m2;19921.0703125;32.2781982421875;20634.763671875;0;226.0725555419922;0;;1.8291015625;108627;m2;201811;0;
..\..\world\kalimdor\dustwallow\passivedoodads\bushes\dustwallowbush01.m2;19784.6953125;36.64101028442383;20509.2734375;0;238.53143310546875;0;;1.8681640625;107876;m2;201811;0;
..\..\world\kalimdor\dustwallow\passivedoodads\bushes\dustwallowbush01.m2;20184.345703125;34.192474365234375;20651.548828125;0;239.54220581054688;0;;1.8720703125;102289;m2;201811;0;
..\..\world\azeroth\swamposorrow\passivedoodads\treelogs\swamptreelog04.m2;19853.005859375;34.50785446166992;20601.4609375;-10.5;181;-55;;0.8994140625;87446;m2;190414;0;
..\..\world\kalimdor\dustwallow\passivedoodads\bushes\dustwallowbush01.m2;20179.078125;36.61484909057617;20686.3203125;0;201.69927978515625;0;;1.9609375;108748;m2;201811;0;
..\..\world\kalimdor\dustwallow\passivedoodads\bushes\dustwallowbush01.m2;19941.634765625;32.011783599853516;20634.125;0;340.0042724609375;0;;1.9736328125;108632;m2;201811;0;
..\..\world\kalimdor\dustwallow\passivedoodads\bushes\dustwallowbush01.m2;19966.345703125;37.45790481567383;20792.060546875;0;236.0045166015625;0;;1.8271484375;108872;m2;201811;0;
..\..\world\kalimdor\dustwallow\passivedoodads\bushes\dustwallowbush01.m2;19736.31640625;42.40097427368164;20719.61328125;0;227.9403076171875;0;;1.802734375;105008;m2;201811;0;
..\..\world\kalimdor\dustwallow\passivedoodads\bushes\dustwallowbush01.m2;20091.611328125;38.77370834350586;20653.86328125;0;227.9403076171875;0;;1.802734375;114177;m2;201811;0;
..\..\world\kalimdor\dustwallow\passivedoodads\bushes\dustwallowbush01.m2;19967.28125;38.2615966796875;20798.2265625;0;156.2083740234375;0;;1.91015625;108876;m2;201811;0;
..\..\world\kalimdor\dustwallow\passivedoodads\bushes\dustwallowbush01.m2;19734.455078125;35.63832473754883;20563.625;0;271.2619934082031;0;;2.4228515625;107828;m2;201811;0;
..\..\world\kalimdor\dustwallow\passivedoodads\bushes\dustwallowbush01.m2;19783.23046875;38.52382278442383;20794.72265625;0;307;0;;1.8095703125;121466;m2;201811;0;
..\..\world\kalimdor\dustwallow\passivedoodads\bushes\dustwallowbush01.m2;20029.02734375;32.98859405517578;20469.103515625;0;318.5;0;;1.7890625;92054;m2;201811;0;
..\..\world\kalimdor\dustwallow\passivedoodads\bushes\dustwallowbush01.m2;19845.43359375;35.53417205810547;20398.447265625;0;144;0;;1.7998046875;94209;m2;201811;0;
..\..\world\kalimdor\dustwallow\passivedoodads\bushes\dustwallowbush01.m2;19921.025390625;35.70680236816406;20759.42578125;0;292.2342529296875;0;;1.9091796875;108615;m2;201811;0;
..\..\world\kalimdor\dustwallow\passivedoodads\bushes\dustwallowbush01.m2;20269.765625;32.68962860107422;20670.623046875;0;197.13369750976562;0;;1.984375;102198;m2;201811;0;
..\..\world\kalimdor\dustwallow\passivedoodads\bushes\dustwallowbush01.m2;19751.591796875;31.7342472076416;20637.94921875;0;197.13369750976562;0;;1.984375;110361;m2;201811;0;
..\..\world\generic\orc\passivedoodads\wagons\orcwagon05.m2;19889.6796875;33.67708969116211;20436.767578125;0;49.5;-1.5;;1;94240;m2;199418;0;
..\..\world\kalimdor\dustwallow\passivedoodads\bushes\dustwallowbush01.m2;19940.1015625;32.43365478515625;20655.6484375;0;114.05255126953125;0;;1.880859375;108638;m2;201811;0;
..\..\world\kalimdor\dustwallow\passivedoodads\bushes\dustwallowbush01.m2;19935.580078125;36.301029205322266;20597.15625;0;160.11962890625;0;;1.9345703125;104536;m2;201811;0;
..\..\world\kalimdor\dustwallow\passivedoodads\bushes\dustwallowbush01.m2;19886.205078125;37.539005279541016;20724.259765625;0;335.8623046875;0;;1.876953125;104543;m2;201811;0;
..\..\world\kalimdor\dustwallow\passivedoodads\bushes\dustwallowbush01.m2;19790.455078125;34.16618728637695;20445.12109375;0;254.8905792236328;0;;2.0107421875;107918;m2;201811;0;
..\..\world\kalimdor\dustwallow\passivedoodads\bushes\dustwallowbush01.m2;20198.64453125;35.066139221191406;20618.8203125;0;169.44732666015625;0;;2.107421875;102263;m2;201811;0;
..\..\world\kalimdor\dustwallow\passivedoodads\bushes\dustwallowbush01.m2;19772.7734375;34.58964920043945;20452.30078125;0;285.64227294921875;0;;1.9951171875;107911;m2;201811;0;
..\..\world\kalimdor\dustwallow\passivedoodads\bushes\dustwallowbush01.m2;19792.96484375;34.83734130859375;20436.71484375;0;113.41531372070312;0;;1.875;107919;m2;201811;0;
..\..\world\kalimdor\dustwallow\passivedoodads\bushes\dustwallowbush01.m2;20100.72265625;37.93986511230469;20718.45703125;0;320.9424133300781;0;;1.7666015625;109744;m2;201811;0;
..\..\world\kalimdor\dustwallow\passivedoodads\bushes\dustwallowbush01.m2;20193.263671875;38.6689453125;20579.25390625;0;214.71234130859375;0;;1.775390625;102256;m2;201811;0;
..\..\world\kalimdor\dustwallow\passivedoodads\bushes\dustwallowbush01.m2;19775.013671875;36.21221923828125;20484.30078125;0;326.11712646484375;0;;1.771484375;107879;m2;201811;0;
..\..\world\khazmodan\wetlands\passivedoodads\trees\wetlandsnest01.m2;20161.380859375;37.41132354736328;20656.1640625;0;312.5;0;;1;94473;m2;203531;0;
..\..\world\kalimdor\dustwallow\passivedoodads\bushes\dustwallowbush01.m2;19820.45703125;32.88841247558594;20484.064453125;0;219.1512451171875;0;;1.75;107893;m2;201811;0;
..\..\world\kalimdor\dustwallow\passivedoodads\bushes\dustwallowbush01.m2;19909.544921875;32.654998779296875;20382.798828125;0;206.05487060546875;0;;1.828125;107944;m2;201811;0;
..\..\world\kalimdor\dustwallow\passivedoodads\bushes\dustwallowbush01.m2;19799.455078125;34.13551712036133;20487.515625;0;60.800201416015625;0;;1.798828125;107883;m2;201811;0;
..\..\world\kalimdor\dustwallow\passivedoodads\bushes\dustwallowbush01.m2;20165.59375;34.70419692993164;20610.638671875;0;321.1731262207031;0;;1.7470703125;102278;m2;201811;0;
..\..\world\kalimdor\dustwallow\passivedoodads\bushes\dustwallowbush01.m2;20105.888671875;35.12276840209961;20791.267578125;0;27.8072509765625;0;;1.8046875;109279;m2;201811;0;
..\..\world\kalimdor\dustwallow\passivedoodads\bushes\dustwallowbush01.m2;20052.349609375;35.62272262573242;20623.255859375;0;138.82748413085938;0;;1.7353515625;114172;m2;201811;0;
..\..\world\kalimdor\dustwallow\passivedoodads\bushes\dustwallowbush01.m2;20242.447265625;34.040138244628906;20281.439453125;0;244.5;0;;1.8193359375;91176;m2;201811;0;
..\..\world\kalimdor\dustwallow\passivedoodads\bushes\dustwallowbush01.m2;20165.54296875;34.445072174072266;20604.8984375;0;226.85263061523438;0;;1.732421875;102276;m2;201811;0;
..\..\world\kalimdor\dustwallow\passivedoodads\bushes\dustwallowbush01.m2;19888.26171875;35.40216827392578;20784.0234375;0;304.0009765625;0;;1.75390625;108600;m2;201811;0;
..\..\world\azeroth\swamposorrow\passivedoodads\treelogs\swamptreelog04.m2;19872.40625;34.504756927490234;20595.490234375;-4.500000953674316;22.5;-4.999999523162842;;1.01953125;87442;m2;190414;0;
..\..\world\kalimdor\dustwallow\passivedoodads\bushes\dustwallowbush01.m2;20166.955078125;34.27853775024414;20287.5;0;247.5;0;;1.849609375;91229;m2;201811;0;
..\..\world\kalimdor\dustwallow\passivedoodads\bushes\dustwallowbush01.m2;19926.51953125;33.19581985473633;20635.388671875;0;322.34869384765625;0;;1.736328125;108630;m2;201811;0;
..\..\world\kalimdor\dustwallow\passivedoodads\bushes\dustwallowbush01.m2;20196.529296875;34.27415084838867;20616.3125;0;114.87653350830078;0;;1.8212890625;102264;m2;201811;0;
..\..\world\kalimdor\dustwallow\passivedoodads\bushes\dustwallowbush01.m2;19805.666015625;34.33774185180664;20755.65234375;0;108.34445190429688;0;;1.9013671875;104396;m2;201811;0;
..\..\world\kalimdor\dustwallow\passivedoodads\bushes\dustwallowbush01.m2;20173.7109375;34.9276237487793;20636.767578125;0;210.92196655273438;0;;1.759765625;102282;m2;201811;0;
..\..\world\kalimdor\dustwallow\passivedoodads\bushes\dustwallowbush01.m2;20069.94140625;36.11038589477539;20500.849609375;0;210.92196655273438;0;;1.759765625;109346;m2;201811;0;
..\..\world\kalimdor\dustwallow\passivedoodads\bushes\dustwallowbush01.m2;19940.001953125;32.45085525512695;20634.9609375;0;298.7603454589844;0;;1.765625;108631;m2;201811;0;
..\..\world\kalimdor\dustwallow\passivedoodads\bushes\dustwallowbush01.m2;19772.52734375;36.0766487121582;20524.154296875;0;71.75390625;0;;1.884765625;107869;m2;201811;0;
..\..\world\kalimdor\dustwallow\passivedoodads\bushes\dustwallowbush01.m2;19772.845703125;39.06904602050781;20490.255859375;0;221.07363891601562;0;;1.708984375;107880;m2;201811;0;
..\..\world\kalimdor\dustwallow\passivedoodads\bushes\dustwallowbush01.m2;19755.44921875;34.46860885620117;20585.642578125;0;257.24169921875;0;;1.98046875;107845;m2;201811;0;
..\..\world\kalimdor\dustwallow\passivedoodads\bushes\dustwallowbush01.m2;20163.744140625;34.094764709472656;20603.259765625;0;324.8426818847656;0;;1.72265625;102274;m2;201811;0;
..\..\world\kalimdor\dustwallow\passivedoodads\bushes\dustwallowbush01.m2;19785.2890625;37.01157760620117;20740.076171875;0;152.011474609375;0;;1.765625;104390;m2;201811;0;
..\..\world\kalimdor\dustwallow\passivedoodads\bushes\dustwallowbush01.m2;20208.828125;35.85749816894531;20296.595703125;0;17;0;;1.8994140625;104986;m2;201811;0;
..\..\world\kalimdor\dustwallow\passivedoodads\bushes\dustwallowbush01.m2;19811.646484375;34.358009338378906;20464.875;0;121.10598754882812;0;;1.7421875;107906;m2;201811;0;
..\..\world\kalimdor\dustwallow\passivedoodads\bushes\dustwallowbush01.m2;20143.5234375;37.52998733520508;20747.53515625;0;300.5621643066406;0;;1.7431640625;108723;m2;201811;0;
..\..\world\kalimdor\dustwallow\passivedoodads\bushes\dustwallowbush01.m2;19790.140625;36.806427001953125;20797.2734375;0;111.44873046875;0;;1.8291015625;104412;m2;201811;0;
..\..\world\kalimdor\dustwallow\passivedoodads\bushes\dustwallowbush01.m2;20090.58203125;38.11306381225586;20657.51953125;0;54.19720458984375;0;;1.7080078125;114178;m2;201811;0;
..\..\world\kalimdor\dustwallow\passivedoodads\bushes\dustwallowbush01.m2;19915.734375;32.99904251098633;20776.33203125;0;78.69747924804688;0;;1.9921875;108609;m2;201811;0;
..\..\world\kalimdor\dustwallow\passivedoodads\bushes\dustwallowbush01.m2;19915.36328125;34.13158416748047;20689.919921875;0;113.39334106445312;0;;1.796875;108618;m2;201811;0;
..\..\world\kalimdor\dustwallow\passivedoodads\bushes\dustwallowshrub01.m2;19847.447265625;34.21962356567383;20434.333984375;-3;23.18658447265625;-12.999999046325684;;1.953125;107928;m2;201813;0;
..\..\world\kalimdor\dustwallow\passivedoodads\bushes\dustwallowbush01.m2;19887.00390625;34.814117431640625;20680.61328125;0;108.3394775390625;0;;1.8583984375;104538;m2;201811;0;
..\..\world\kalimdor\dustwallow\passivedoodads\bushes\dustwallowbush01.m2;20263.84375;41.34241485595703;20585.986328125;0;22.57757568359375;0;;1.80078125;102235;m2;201811;0;
..\..\world\kalimdor\dustwallow\passivedoodads\bushes\dustwallowbush01.m2;19796.1640625;33.99679946899414;20530.099609375;0;205.80218505859375;0;;1.763671875;107863;m2;201811;0;
..\..\world\kalimdor\dustwallow\passivedoodads\bushes\dustwallowbush01.m2;19799.2265625;33.9382438659668;20442.259765625;0;295.7711486816406;0;;1.7607421875;107916;m2;201811;0;
..\..\world\kalimdor\dustwallow\passivedoodads\bushes\dustwallowbush01.m2;19751.44140625;30.861610412597656;20640.20703125;0;146.58404541015625;0;;1.69921875;110360;m2;201811;0;
..\..\world\kalimdor\dustwallow\passivedoodads\bushes\dustwallowbush01.m2;20018.162109375;38.28853225708008;20594.650390625;0;15.348388671875;0;;1.8916015625;114163;m2;201811;0;
..\..\world\kalimdor\dustwallow\passivedoodads\bushes\dustwallowbush01.m2;19886.95703125;33.405094146728516;20411.54296875;0;46.12200927734375;0;;1.66796875;107933;m2;201811;0;
..\..\world\kalimdor\dustwallow\passivedoodads\bushes\dustwallowbush01.m2;19802.03125;34.175357818603516;20546.13671875;0;336.5764465332031;0;;1.7724609375;107866;m2;201811;0;
..\..\world\kalimdor\dustwallow\passivedoodads\bushes\dustwallowbush01.m2;20146.27734375;38.146331787109375;20753.22265625;0;115.0963134765625;0;;1.7529296875;108721;m2;201811;0;
..\..\world\kalimdor\dustwallow\passivedoodads\bushes\dustwallowbush01.m2;19815.986328125;35.122901916503906;20785.283203125;5.499999523162842;66.58407592773438;-0.4999995827674866;;1.69921875;110363;m2;201811;0;
..\..\world\kalimdor\dustwallow\passivedoodads\bushes\dustwallowbush01.m2;19784.37890625;35.216285705566406;20776.857421875;0;37.46453857421875;0;;1.6689453125;104399;m2;201811;0;
..\..\world\kalimdor\dustwallow\passivedoodads\bushes\dustwallowbush01.m2;19748.826171875;34.171295166015625;20559.806640625;0;12.4698486328125;0;;1.927734375;107833;m2;201811;0;
..\..\world\kalimdor\dustwallow\passivedoodads\bushes\dustwallowbush01.m2;20180.833984375;34.014488220214844;20649.361328125;0;120.71044921875;0;;1.693359375;102288;m2;201811;0;
..\..\world\kalimdor\dustwallow\passivedoodads\bushes\dustwallowbush01.m2;19741.603515625;34.38191223144531;20563.97265625;0;342.76190185546875;0;;1.837890625;107829;m2;201811;0;
..\..\world\kalimdor\dustwallow\passivedoodads\bushes\dustwallowbush01.m2;20265.5234375;41.535301208496094;20590.216796875;0;130.41168212890625;0;;1.65234375;102237;m2;201811;0;
..\..\world\kalimdor\dustwallow\passivedoodads\bushes\dustwallowbush01.m2;20015.783203125;39.22854232788086;20527.8984375;0;132;0;;1.6494140625;92077;m2;201811;0;
..\..\world\kalimdor\dustwallow\passivedoodads\bushes\dustwallowbush01.m2;20155.93359375;34.4322395324707;20789.412109375;0;147.02352905273438;0;;1.6748046875;109282;m2;201811;0;
..\..\world\kalimdor\dustwallow\passivedoodads\bushes\dustwallowbush01.m2;20072.078125;37.70827102661133;20730.654296875;0;59.152191162109375;0;;1.6865234375;109740;m2;201811;0;
..\..\world\kalimdor\dustwallow\passivedoodads\bushes\dustwallowbush01.m2;19808.5;34.46511459350586;20427.5234375;0;32.784210205078125;0;;1.66015625;107922;m2;201811;0;
..\..\world\kalimdor\dustwallow\passivedoodads\bushes\dustwallowbush01.m2;20128.28515625;38.91103744506836;20706.23828125;0;40.980255126953125;0;;1.6259765625;108735;m2;201811;0;
..\..\world\kalimdor\dustwallow\passivedoodads\bushes\dustwallowbush01.m2;19851.89453125;34.91118621826172;20398.462890625;0;298.5;0;;1.6796875;94207;m2;201811;0;
..\..\world\kalimdor\dustwallow\passivedoodads\bushes\dustwallowbush01.m2;19810.400390625;34.60820388793945;20462.62890625;0;171.1942138671875;0;;1.9658203125;107907;m2;201811;0;
..\..\world\kalimdor\dustwallow\passivedoodads\bushes\dustwallowbush01.m2;19759.40234375;34.64021682739258;20588.0859375;0;39.661865234375;0;;1.6220703125;107843;m2;201811;0;
..\..\world\kalimdor\dustwallow\passivedoodads\bushes\dustwallowbush01.m2;19884.005859375;37.01953887939453;20725.5;0;64.173095703125;0;;1.693359375;104544;m2;201811;0;
..\..\world\kalimdor\dustwallow\passivedoodads\bushes\dustwallowbush01.m2;19804.37890625;34.474517822265625;20425.27734375;0;80.48828125;0;;1.9404296875;107923;m2;201811;0;
..\..\world\kalimdor\dustwallow\passivedoodads\bushes\dustwallowbush01.m2;19885.955078125;34.786563873291016;20687.91796875;0;308.4395751953125;0;;1.6162109375;104541;m2;201811;0;
..\..\world\kalimdor\dustwallow\passivedoodads\bushes\dustwallowbush01.m2;20027.39453125;42.59637451171875;20303.341796875;0;310;0;;1.609375;89940;m2;201811;0;
..\..\world\azeroth\swamposorrow\passivedoodads\treelogs\swamptreelog04.m2;20098.09765625;41.57522964477539;20739.52734375;0;169;0;;1;94491;m2;190414;0;
..\..\world\kalimdor\dustwallow\passivedoodads\bushes\dustwallowshrub02.m2;20163.25390625;28.596073150634766;20650.126953125;-7.499999523162842;320.469970703125;-6.499999523162842;;1.9638671875;108740;m2;201814;0;
..\..\world\kalimdor\dustwallow\passivedoodads\bushes\dustwallowbush01.m2;19899.21875;38.7056770324707;20703.388671875;0;99.6929931640625;0;;1.916015625;104553;m2;201811;0;
..\..\world\kalimdor\dustwallow\passivedoodads\bushes\dustwallowbush01.m2;19887.83203125;37.327980041503906;20727.541015625;0;171.0074462890625;0;;1.9306640625;104546;m2;201811;0;
..\..\world\kalimdor\dustwallow\passivedoodads\bushes\dustwallowbush01.m2;20046.83984375;33.79127883911133;20464.22265625;0;0;0;;2.189453125;92051;m2;201811;0;
..\..\world\kalimdor\dustwallow\passivedoodads\bushes\dustwallowbush01.m2;19776.044921875;35.268272399902344;20465.462890625;0;231.57687377929688;0;;1.5986328125;107910;m2;201811;0;
..\..\world\kalimdor\dustwallow\passivedoodads\bushes\dustwallowbush01.m2;19738.09765625;34.49095916748047;20570.134765625;0;321.66754150390625;0;;1.5966796875;107824;m2;201811;0;
..\..\world\azeroth\swamposorrow\passivedoodads\treelogs\swamptreelog04.m2;20129.154296875;34.65645217895508;20427.86328125;0;324.5;0;;1;99017;m2;190414;0;
..\..\world\kalimdor\dustwallow\passivedoodads\bushes\dustwallowbush01.m2;20073.697265625;38.33598709106445;20731.00390625;0;22.30291748046875;0;;1.6953125;109741;m2;201811;0;
..\..\world\kalimdor\dustwallow\passivedoodads\bushes\dustwallowbush01.m2;19742.1796875;34.03202819824219;20569.58203125;0;25.771087646484375;0;;1.6572265625;107831;m2;201811;0;
..\..\world\kalimdor\dustwallow\passivedoodads\bushes\dustwallowbush01.m2;19781.4765625;36.43686294555664;20774.3671875;0;202.02276611328125;0;;1.69140625;104402;m2;201811;0;
..\..\world\kalimdor\dustwallow\passivedoodads\bushes\dustwallowshrub01.m2;20227.87109375;36.734336853027344;20715.533203125;-16.499998092651367;309.07757568359375;0.4999972879886627;;1.80078125;109298;m2;201813;0;
..\..\world\kalimdor\dustwallow\passivedoodads\bushes\dustwallowbush01.m2;19941.4375;32.355159759521484;20637.845703125;0;115.7115478515625;0;;1.6474609375;108634;m2;201811;0;
..\..\world\kalimdor\dustwallow\passivedoodads\bushes\dustwallowshrub01.m2;20195.564453125;42.072391510009766;20786.94140625;-11.000000953674316;223.84268188476562;-12.500000953674316;;1.72265625;109337;m2;201813;0;
..\..\world\kalimdor\dustwallow\passivedoodads\bushes\dustwallowbush01.m2;20257.447265625;43.304718017578125;20593.322265625;0;105.2632064819336;0;;1.7744140625;102239;m2;201811;0;
..\..\world\kalimdor\dustwallow\passivedoodads\bushes\dustwallowbush01.m2;20269.51171875;37.76025390625;20741.318359375;0;105.2632064819336;0;;1.7744140625;109302;m2;201811;0;
..\..\world\kalimdor\dustwallow\passivedoodads\bushes\dustwallowbush01.m2;19804.158203125;34.48479461669922;20429.31640625;0;67.8975830078125;0;;1.677734375;107924;m2;201811;0;
..\..\world\kalimdor\dustwallow\passivedoodads\bushes\dustwallowbush01.m2;19884.037109375;33.996334075927734;20263.3046875;0;17;0;;1.7392578125;89980;m2;201811;0;
..\..\world\kalimdor\dustwallow\passivedoodads\bushes\dustwallowbush01.m2;20023.859375;33.27251052856445;20791.65625;0;15.53515625;0;;1.76171875;108879;m2;201811;0;
..\..\world\kalimdor\dustwallow\passivedoodads\bushes\dustwallowbush01.m2;20205.291015625;39.07245635986328;20588.564453125;0;120.62255859375;0;;1.595703125;102251;m2;201811;0;
..\..\world\kalimdor\dustwallow\passivedoodads\bushes\dustwallowbush01.m2;19917.58203125;34.33015823364258;20672.7109375;0;49.31915283203125;0;;1.55859375;108621;m2;201811;0;
..\..\world\kalimdor\dustwallow\passivedoodads\bushes\dustwallowbush01.m2;20233.56640625;40.956626892089844;20774.626953125;0;120.62255859375;0;;1.595703125;109314;m2;201811;0;
..\..\world\kalimdor\dustwallow\passivedoodads\bushes\dustwallowbush01.m2;20137.19921875;32.62053298950195;20407.7421875;0;301.5;0;;1.58984375;92162;m2;201811;0;
..\..\world\kalimdor\dustwallow\passivedoodads\bushes\dustwallowbush01.m2;19765.357421875;35.83928298950195;20526.525390625;0;323.7879638671875;0;;1.5673828125;107872;m2;201811;0;
..\..\world\kalimdor\dustwallow\passivedoodads\bushes\dustwallowbush01.m2;19989.71875;42.8725471496582;20672.775390625;0;353.3860168457031;0;;1.9384765625;108676;m2;201811;0;
..\..\world\kalimdor\dustwallow\passivedoodads\bushes\dustwallowbush01.m2;20264.744140625;35.35188674926758;20658.576171875;0;44.5618896484375;0;;1.5517578125;102203;m2;201811;0;
..\..\world\kalimdor\dustwallow\passivedoodads\bushes\dustwallowbush01.m2;19938.138671875;33.50020217895508;20654.841796875;0;201.16580200195312;0;;1.6748046875;108635;m2;201811;0;
..\..\world\kalimdor\dustwallow\passivedoodads\bushes\dustwallowbush01.m2;19853.171875;34.1351203918457;20444.169921875;0;349.62890625;0;;1.8466796875;107929;m2;201811;0;
..\..\world\kalimdor\dustwallow\passivedoodads\bushes\dustwallowbush01.m2;19814.072265625;34.215633392333984;20461.369140625;0;116.8321762084961;0;;1.611328125;107905;m2;201811;0;
..\..\world\kalimdor\dustwallow\passivedoodads\bushes\dustwallowshrub02.m2;19948.791015625;29.9207706451416;20657.73828125;-14.500001907348633;53.21685791015625;1.499998688697815;;1.91796875;108649;m2;201814;0;
..\..\world\kalimdor\dustwallow\passivedoodads\bushes\dustwallowbush01.m2;20131.80078125;37.971065521240234;20696.697265625;0;189.12442016601562;0;;1.8623046875;108732;m2;201811;0;
..\..\world\kalimdor\dustwallow\passivedoodads\bushes\dustwallowbush01.m2;19805.923828125;33.943763732910156;20546.8359375;0;164.8658447265625;0;;1.7470703125;107867;m2;201811;0;
..\..\world\kalimdor\dustwallow\passivedoodads\bushes\dustwallowbush01.m2;19985.453125;41.94276428222656;20674.6484375;0;141.72796630859375;0;;1.544921875;108675;m2;201811;0;
..\..\world\kalimdor\dustwallow\passivedoodads\bushes\dustwallowbush01.m2;19920.484375;35.18076705932617;20756.8359375;0;295.3984069824219;0;;1.6162109375;108614;m2;201811;0;
..\..\world\kalimdor\dustwallow\passivedoodads\bushes\dustwallowbush01.m2;19730.9609375;51.83049392700195;20759.50390625;0;59.4158935546875;0;;1.576171875;105014;m2;201811;0;
..\..\world\kalimdor\dustwallow\passivedoodads\bushes\dustwallowbush01.m2;20028.294921875;35.224117279052734;20688.640625;0;59.4158935546875;0;;1.576171875;114183;m2;201811;0;
..\..\world\kalimdor\dustwallow\passivedoodads\bushes\dustwallowbush01.m2;20152.36328125;33.0969123840332;20623.87109375;0;155.8677978515625;0;;1.6201171875;102279;m2;201811;0;
..\..\world\kalimdor\dustwallow\passivedoodads\bushes\dustwallowbush01.m2;20099.08984375;39.09181594848633;20493.447265625;0;155.8677978515625;0;;1.6201171875;109343;m2;201811;0;
..\..\world\kalimdor\dustwallow\passivedoodads\bushes\dustwallowbush01.m2;20204.39453125;38.954898834228516;20590.142578125;0;128.576904296875;0;;1.53125;102252;m2;201811;0;
..\..\world\kalimdor\dustwallow\passivedoodads\bushes\dustwallowbush01.m2;20235.70703125;40.36817169189453;20774.857421875;0;128.576904296875;0;;1.53125;109315;m2;201811;0;
..\..\world\kalimdor\dustwallow\passivedoodads\bushes\dustwallowbush01.m2;20263.4609375;40.921138763427734;20584.66015625;0;224.74317932128906;0;;1.5244140625;102234;m2;201811;0;
..\..\world\kalimdor\dustwallow\passivedoodads\bushes\dustwallowbush01.m2;20187.193359375;35.538631439208984;20643.787109375;0;240.1025390625;0;;1.564453125;102292;m2;201811;0;
..\..\world\kalimdor\dustwallow\passivedoodads\bushes\dustwallowbush01.m2;20239.73046875;37.18141555786133;20650.09765625;0;251.19906616210938;0;;1.671875;102296;m2;201811;0;
..\..\world\kalimdor\dustwallow\passivedoodads\bushes\dustwallowbush01.m2;19850.173828125;35.247467041015625;20402.201171875;0;314;0;;1.51953125;94204;m2;201811;0;
..\..\world\kalimdor\dustwallow\passivedoodads\bushes\dustwallowbush01.m2;19752.861328125;34.04922866821289;20542.091796875;0;220.54071044921875;0;;1.5205078125;107837;m2;201811;0;
..\..\world\azeroth\swamposorrow\passivedoodads\treelogs\swamptreelog04.m2;19847.669921875;32.037513732910156;20283.470703125;0;90;0;;1;87703;m2;190414;0;
..\..\world\kalimdor\dustwallow\passivedoodads\bushes\dustwallowbush01.m2;20195.6875;38.9041633605957;20585.998046875;0;227.47886657714844;0;;1.515625;102259;m2;201811;0;
..\..\world\kalimdor\dustwallow\passivedoodads\bushes\dustwallowbush01.m2;19821.25;33.22331619262695;20480.1328125;0;74.28082275390625;0;;1.70703125;107895;m2;201811;0;
..\..\world\kalimdor\dustwallow\passivedoodads\bushes\dustwallowbush01.m2;20071.15625;36.844573974609375;20736.076171875;0;330.57769775390625;0;;1.5556640625;109737;m2;201811;0;
..\..\world\kalimdor\dustwallow\passivedoodads\bushes\dustwallowbush01.m2;20168.943359375;35.83708572387695;20693.173828125;0;2.812591552734375;0;;1.984375;108744;m2;201811;0;
..\..\world\kalimdor\dustwallow\passivedoodads\bushes\dustwallowbush01.m2;19761.1015625;46.81669998168945;20764.31640625;0;280.5334777832031;0;;1.7939453125;104420;m2;201811;0;
..\..\world\kalimdor\dustwallow\passivedoodads\bushes\dustwallowbush01.m2;19730.154296875;34.92921829223633;20582.265625;0;249.47415161132812;0;;1.6357421875;107815;m2;201811;0;
..\..\world\kalimdor\dustwallow\passivedoodads\bushes\dustwallowshrub01.m2;19886.6484375;34.821285247802734;20427.453125;11.500000953674316;228.5635986328125;-12.499999046325684;;1.66015625;107936;m2;201813;0;
..\..\world\kalimdor\dustwallow\passivedoodads\bushes\dustwallowbush01.m2;19778.767578125;35.653385162353516;20489.328125;0;321.4258117675781;0;;1.51171875;107882;m2;201811;0;
..\..\world\kalimdor\dustwallow\passivedoodads\bushes\dustwallowbush01.m2;19816.830078125;34.416324615478516;20477.607421875;0;43.265472412109375;0;;1.50390625;107891;m2;201811;0;
..\..\world\kalimdor\dustwallow\passivedoodads\bushes\dustwallowshrub01.m2;20121.005859375;39.14827346801758;20751.521484375;-9.5;129.2783203125;0;;1.8212890625;108710;m2;201813;0;
..\..\world\kalimdor\dustwallow\passivedoodads\bushes\dustwallowbush01.m2;20128.20703125;38.233768463134766;20699.30859375;0;346.6951599121094;0;;1.7255859375;108733;m2;201811;0;
..\..\world\kalimdor\dustwallow\passivedoodads\bushes\dustwallowbush01.m2;20207.537109375;33.6119384765625;20610.345703125;0;66.27154541015625;0;;1.5859375;102272;m2;201811;0;
..\..\world\kalimdor\dustwallow\passivedoodads\bushes\dustwallowbush01.m2;20169.638671875;35.82647705078125;20770.474609375;0;3.9552001953125;0;;1.931640625;109285;m2;201811;0;
..\..\world\kalimdor\dustwallow\passivedoodads\bushes\dustwallowbush01.m2;20052.953125;35.78444290161133;20622.728515625;0;297.1672668457031;0;;1.5546875;114171;m2;201811;0;
..\..\world\kalimdor\dustwallow\passivedoodads\bushes\dustwallowshrub01.m2;20008.68359375;35.63031005859375;20756.591796875;17.999998092651367;276.02471923828125;4.000000476837158;;1.734375;108691;m2;201813;0;
..\..\world\kalimdor\dustwallow\passivedoodads\bushes\dustwallowbush01.m2;20058.64453125;35.094940185546875;20538.47265625;0;0;0;;2.0498046875;92095;m2;201811;0;
..\..\world\kalimdor\dustwallow\passivedoodads\bushes\dustwallowbush01.m2;20241.56640625;49.37543487548828;20622.095703125;0;317.98699951171875;0;;1.4912109375;102297;m2;201811;0;
..\..\world\kalimdor\dustwallow\passivedoodads\bushes\dustwallowbush01.m2;20024.9921875;42.086917877197266;20300.66015625;0;316.5;0;;1.4892578125;89943;m2;201811;0;
..\..\world\kalimdor\dustwallow\passivedoodads\bushes\dustwallowbush01.m2;20042.322265625;33.42066955566406;20464.328125;0;229;0;;1.4892578125;92047;m2;201811;0;
..\..\world\kalimdor\dustwallow\passivedoodads\bushes\dustwallowbush01.m2;20170.328125;36.17876052856445;20685.4296875;0;61.041900634765625;0;;1.53515625;108745;m2;201811;0;
..\..\world\kalimdor\dustwallow\passivedoodads\bushes\dustwallowbush01.m2;19911.181640625;34.566627502441406;20666.8359375;0;101.41790771484375;0;;1.7451171875;108622;m2;201811;0;
..\..\world\kalimdor\dustwallow\passivedoodads\bushes\dustwallowbush01.m2;19736.2734375;35.20561599731445;20632.181640625;0;254.45010375976562;0;;1.6708984375;107852;m2;201811;0;
..\..\world\kalimdor\dustwallow\passivedoodads\bushes\dustwallowbush01.m2;19911.93359375;33.70124053955078;20279.5546875;0;0;0;;2.029296875;89978;m2;201811;0;
..\..\world\azeroth\swamposorrow\passivedoodads\treelogs\swamptreelog04.m2;20128.623046875;32.200191497802734;20404.953125;9.000001907348633;185;26.0000057220459;;0.759765625;99016;m2;190414;0;
..\..\world\kalimdor\dustwallow\passivedoodads\bushes\dustwallowbush01.m2;19934.00390625;34.969966888427734;20477.8359375;0;327;0;;1.4990234375;92007;m2;201811;0;
..\..\world\kalimdor\dustwallow\passivedoodads\bushes\dustwallowbush02.m2;19796.228515625;34.28115463256836;20488.830078125;0;350.50750732421875;0;;1.7578125;107885;m2;201812;0;
..\..\world\kalimdor\dustwallow\passivedoodads\bushes\dustwallowbush01.m2;20029.009765625;32.85472869873047;20792.8359375;0;150.24261474609375;0;;1.5166015625;108880;m2;201811;0;
..\..\world\kalimdor\dustwallow\passivedoodads\bushes\dustwallowbush01.m2;20068.298828125;36.42708969116211;20733.392578125;0;189.5309295654297;0;;1.7734375;109738;m2;201811;0;
..\..\world\kalimdor\dustwallow\passivedoodads\bushes\dustwallowbush01.m2;19880.259765625;35.61439895629883;20787.724609375;0;71.25949096679688;0;;1.619140625;108598;m2;201811;0;
..\..\world\kalimdor\dustwallow\passivedoodads\bushes\dustwallowbush01.m2;19994.1171875;42.670562744140625;20675.853515625;0;231.8076171875;0;;1.4765625;108677;m2;201811;0;
..\..\world\kalimdor\dustwallow\passivedoodads\bushes\dustwallowbush01.m2;19779.44140625;38.219207763671875;20739.943359375;0;221.5680389404297;0;;1.470703125;104388;m2;201811;0;
..\..\world\kalimdor\dustwallow\passivedoodads\bushes\dustwallowbush02.m2;19929.4140625;43.39781951904297;20267.037109375;6.499999046325684;40.5;13.5;;1.4091796875;87875;m2;201812;0;
..\..\world\kalimdor\dustwallow\passivedoodads\bushes\dustwallowbush01.m2;19788.91015625;36.38988494873047;20511.583984375;0;235.83969116210938;0;;1.48828125;107875;m2;201811;0;
..\..\world\kalimdor\dustwallow\passivedoodads\bushes\dustwallowbush01.m2;20238.505859375;41.992652893066406;20319.71875;0;282.5;0;;1.7099609375;91196;m2;201811;0;
..\..\world\kalimdor\dustwallow\passivedoodads\bushes\dustwallowbush01.m2;19898.64453125;35.68996810913086;20732.232421875;0;35.388031005859375;0;;1.4833984375;104548;m2;201811;0;
..\..\world\kalimdor\dustwallow\passivedoodads\bushes\dustwallowbush01.m2;19872.791015625;35.45866012573242;20394.7421875;0;13;0;;1.69921875;94211;m2;201811;0;
..\..\world\kalimdor\dustwallow\passivedoodads\bushes\dustwallowbush01.m2;19741.251953125;34.748802185058594;20626.27734375;0;96.276123046875;0;;1.8359375;107848;m2;201811;0;
..\..\world\kalimdor\dustwallow\passivedoodads\bushes\dustwallowbush01.m2;19989.55078125;41.80348587036133;20683.462890625;0;287.4330749511719;0;;1.62890625;108679;m2;201811;0;
..\..\world\kalimdor\dustwallow\passivedoodads\bushes\dustwallowbush01.m2;19902.982421875;38.517581939697266;20707.22265625;0;223.69944763183594;0;;1.46484375;104551;m2;201811;0;
..\..\world\kalimdor\dustwallow\passivedoodads\bushes\dustwallowbush01.m2;20189.15234375;35.00282669067383;20646.599609375;0;8.71240234375;0;;1.7783203125;102293;m2;201811;0;
..\..\world\kalimdor\dustwallow\passivedoodads\bushes\dustwallowbush01.m2;19905.8984375;33.38144302368164;20389.31640625;0;0.692138671875;0;;1.9892578125;107941;m2;201811;0;
..\..\world\kalimdor\dustwallow\passivedoodads\bushes\dustwallowbush01.m2;20227.8359375;34.603233337402344;20347.3046875;0;232.5;0;;1.4697265625;91222;m2;201811;0;
..\..\world\kalimdor\dustwallow\passivedoodads\bushes\dustwallowbush01.m2;20264.28125;34.83024597167969;20660.375;0;309.71405029296875;0;;1.46484375;102204;m2;201811;0;
..\..\world\kalimdor\dustwallow\passivedoodads\bushes\dustwallowbush01.m2;20225.357421875;38.89936447143555;20589.875;0;61.65716552734375;0;;1.51171875;102247;m2;201811;0;
..\..\world\kalimdor\dustwallow\passivedoodads\bushes\dustwallowbush01.m2;19755.564453125;33.750186920166016;20542.06640625;0;59.7674560546875;0;;1.4990234375;107836;m2;201811;0;
..\..\world\kalimdor\dustwallow\passivedoodads\bushes\dustwallowbush01.m2;20208.70703125;38.849788665771484;20748.93359375;0;61.65716552734375;0;;1.51171875;109310;m2;201811;0;
..\..\world\kalimdor\dustwallow\passivedoodads\bushes\dustwallowbush01.m2;19754.29296875;34.21773147583008;20538.6953125;0;113.22855377197266;0;;1.5537109375;107834;m2;201811;0;
..\..\world\kalimdor\dustwallow\passivedoodads\bushes\dustwallowbush01.m2;19754.0234375;35.690792083740234;20589.71875;0;331.6654052734375;0;;1.509765625;107846;m2;201811;0;
..\..\world\azeroth\swamposorrow\passivedoodads\treelogs\swamptreelog04.m2;19861.775390625;35.06557083129883;20606.416015625;-4.999999046325684;241.00001525878906;16.499998092651367;;0.7890625;87443;m2;190414;0;
..\..\world\kalimdor\dustwallow\passivedoodads\bushes\dustwallowbush01.m2;19899.724609375;38.45653533935547;20700.271484375;0;245.47503662109375;0;;1.5361328125;104556;m2;201811;0;
..\..\world\kalimdor\dustwallow\passivedoodads\bushes\dustwallowbush01.m2;19782.505859375;36.8879508972168;20513.27734375;0;257.4944152832031;0;;1.6923828125;107877;m2;201811;0;
..\..\world\kalimdor\dustwallow\passivedoodads\bushes\dustwallowshrub02.m2;19900.5859375;33.22124099731445;20426.845703125;21.999996185302734;108.38961791992188;-15.999998092651367;;1.6796875;107939;m2;201814;0;
..\..\world\kalimdor\dustwallow\passivedoodads\bushes\dustwallowbush01.m2;19901.423828125;38.13397216796875;20698.337890625;0;1.32940673828125;0;;1.951171875;104555;m2;201811;0;
..\..\world\kalimdor\dustwallow\passivedoodads\bushes\dustwallowbush01.m2;19929.408203125;33.47065353393555;20760.30859375;0;182.86203002929688;0;;1.90234375;108611;m2;201811;0;
..\..\world\generic\orc\passivedoodads\banners\orcbanner3.m2;19763.27734375;33.902503967285156;20546.044921875;-0.49999967217445374;298.5;-3.999999523162842;;1;122347;m2;199083;0;
..\..\world\kalimdor\dustwallow\passivedoodads\bushes\dustwallowbush01.m2;19770.244140625;35.36708450317383;20447.83203125;0;264.83355712890625;0;;1.833984375;107914;m2;201811;0;
..\..\world\kalimdor\dustwallow\passivedoodads\bushes\dustwallowbush01.m2;19734.078125;52.260894775390625;20760.861328125;0;24.796905517578125;0;;1.521484375;105013;m2;201811;0;
..\..\world\kalimdor\dustwallow\passivedoodads\bushes\dustwallowbush01.m2;20025.45703125;35.64374923706055;20690.0703125;0;24.796905517578125;0;;1.521484375;114182;m2;201811;0;
..\..\world\kalimdor\dustwallow\passivedoodads\bushes\dustwallowbush01.m2;20224.21875;38.34600830078125;20587.890625;0;313.0539855957031;0;;1.44140625;102248;m2;201811;0;
..\..\world\kalimdor\dustwallow\passivedoodads\bushes\dustwallowbush01.m2;20210.548828125;39.6407585144043;20750.4375;0;313.0539855957031;0;;1.44140625;109311;m2;201811;0;
..\..\world\kalimdor\dustwallow\passivedoodads\bushes\dustwallowbush01.m2;19793.984375;33.98221969604492;20530.318359375;0;309.67919921875;0;;1.4423828125;107862;m2;201811;0;
..\..\world\kalimdor\dustwallow\passivedoodads\bushes\dustwallowbush01.m2;19910.69921875;33.51893997192383;20280.8046875;0;338.5;0;;1.5498046875;89979;m2;201811;0;
..\..\world\kalimdor\dustwallow\passivedoodads\bushes\dustwallowbush01.m2;19740.30078125;42.09273147583008;20718.60546875;0;342.6520690917969;0;;1.58984375;105006;m2;201811;0;
..\..\world\kalimdor\dustwallow\passivedoodads\bushes\dustwallowbush01.m2;20165.888671875;34.34701156616211;20602.755859375;0;27.3787841796875;0;;1.4814453125;102275;m2;201811;0;
..\..\world\kalimdor\dustwallow\passivedoodads\bushes\dustwallowshrub01.m2;20150.4921875;28.367069244384766;20638.89453125;12.5;171.3326416015625;-1.5;;1.7470703125;108737;m2;201813;0;
..\..\world\kalimdor\dustwallow\passivedoodads\bushes\dustwallowbush01.m2;19911.5234375;34.59669876098633;20664.654296875;0;271.1178894042969;0;;1.921875;108623;m2;201811;0;
..\..\world\kalimdor\dustwallow\passivedoodads\bushes\dustwallowbush01.m2;20022.078125;40.90443801879883;20430.943359375;0;26;0;;1.4892578125;92039;m2;201811;0;
..\..\world\kalimdor\dustwallow\passivedoodads\bushes\dustwallowbush01.m2;19840.53515625;33.74794387817383;20803.029296875;0;4.933013916015625;0;;1.8125;105019;m2;201811;0;
..\..\world\kalimdor\dustwallow\passivedoodads\bushes\dustwallowbush01.m2;20168.173828125;35.45809555053711;20712.7578125;0;322.7881774902344;0;;1.4296875;108751;m2;201811;0;
..\..\world\kalimdor\dustwallow\passivedoodads\bushes\dustwallowshrub02.m2;19816.94140625;29.06022834777832;20504.20703125;0;212.49305725097656;0;;1.947265625;107902;m2;201814;0;
..\..\world\kalimdor\dustwallow\passivedoodads\bushes\dustwallowbush01.m2;20111.0546875;35.10202407836914;20790.705078125;0;46.93499755859375;0;;1.416015625;109277;m2;201811;0;
..\..\world\kalimdor\dustwallow\passivedoodads\bushes\dustwallowbush01.m2;20169.00390625;34.36134719848633;20767.74609375;0;43.3314208984375;0;;1.412109375;109286;m2;201811;0;
..\..\world\kalimdor\dustwallow\passivedoodads\bushes\dustwallowbush01.m2;20182.9296875;35.33502197265625;20644.447265625;0;51.9010009765625;0;;1.4111328125;102285;m2;201811;0;
..\..\world\kalimdor\dustwallow\passivedoodads\bushes\dustwallowbush01.m2;19766.365234375;35.55619812011719;20531.62890625;0;268.3262023925781;0;;1.880859375;107871;m2;201811;0;
..\..\world\kalimdor\dustwallow\passivedoodads\bushes\dustwallowbush01.m2;20046.1171875;34.86024856567383;20510.5;0;51.9010009765625;0;;1.4111328125;109349;m2;201811;0;
..\..\world\kalimdor\dustwallow\passivedoodads\bushes\dustwallowbush01.m2;19925.15625;34.56203079223633;20754.13671875;0;284.8182678222656;0;;1.5947265625;108613;m2;201811;0;
..\..\world\kalimdor\dustwallow\passivedoodads\bushes\dustwallowbush01.m2;19963.880859375;37.76171112060547;20795.72265625;0;64.93118286132812;0;;1.474609375;108871;m2;201811;0;
..\..\world\kalimdor\dustwallow\passivedoodads\bushes\dustwallowbush01.m2;20116.73828125;36.37499237060547;20461.068359375;0;312;0;;1.3994140625;92721;m2;201811;0;
..\..\world\kalimdor\dustwallow\passivedoodads\bushes\dustwallowbush01.m2;20097.37890625;33.24274444580078;20364.298828125;0;308;0;;1.3994140625;92571;m2;201811;0;
..\..\world\kalimdor\dustwallow\passivedoodads\bushes\dustwallowbush01.m2;20041.71484375;34.286197662353516;20620.888671875;0;342.6520690917969;0;;1.5498046875;114175;m2;201811;0;
..\..\world\kalimdor\dustwallow\passivedoodads\bushes\dustwallowshrub01.m2;20163.58203125;28.522438049316406;20654.142578125;0;46.87115478515625;0;;1.86328125;108741;m2;201813;0;
..\..\world\kalimdor\dustwallow\passivedoodads\bushes\dustwallowbush01.m2;19891.486328125;34.771141052246094;20789.234375;0;48.923614501953125;0;;1.388671875;108601;m2;201811;0;
..\..\world\kalimdor\dustwallow\passivedoodads\bushes\dustwallowbush01.m2;19775.650390625;38.90217208862305;20745.00390625;0;27.170013427734375;0;;1.4404296875;104387;m2;201811;0;
..\..\world\kalimdor\dustwallow\passivedoodads\bushes\dustwallowshrub01.m2;20191.5859375;42.3026123046875;20781.619140625;-12.499999046325684;48.27154541015625;-3.500000238418579;;1.5859375;109335;m2;201813;0;
..\..\world\kalimdor\dustwallow\passivedoodads\bushes\dustwallowbush01.m2;19778.294921875;35.586666107177734;20486.599609375;0;174.63299560546875;0;;1.7529296875;107878;m2;201811;0;
..\..\world\kalimdor\dustwallow\passivedoodads\bushes\dustwallowbush01.m2;19971.125;38.307308197021484;20798.08203125;0;224.47950744628906;0;;1.3818359375;108875;m2;201811;0;
..\..\world\kalimdor\dustwallow\passivedoodads\bushes\dustwallowbush01.m2;19937.16796875;33.705318450927734;20657.513671875;0;180.44496154785156;0;;1.8818359375;108639;m2;201811;0;
..\..\world\kalimdor\dustwallow\passivedoodads\bushes\dustwallowbush01.m2;20171.41015625;35.78651428222656;20724.251953125;0;273.97442626953125;0;;1.7822265625;108754;m2;201811;0;
..\..\world\kalimdor\dustwallow\passivedoodads\bushes\dustwallowbush01.m2;20151.96875;35.54774475097656;20348.37109375;0;340;0;;1.5;92159;m2;201811;0;
..\..\world\kalimdor\dustwallow\passivedoodads\bushes\dustwallowbush01.m2;19759.966796875;46.90867614746094;20758.068359375;0;46.20989990234375;0;;1.375;104415;m2;201811;0;
..\..\world\kalimdor\dustwallow\passivedoodads\bushes\dustwallowbush01.m2;19882.3046875;34.950897216796875;20680.509765625;0;253.62710571289062;0;;1.53515625;104542;m2;201811;0;
..\..\world\kalimdor\dustwallow\passivedoodads\bushes\dustwallowbush01.m2;19936.61328125;35.78794479370117;20598.52734375;0;106.74642944335938;0;;1.52734375;104537;m2;201811;0;
..\..\world\kalimdor\dustwallow\passivedoodads\bushes\dustwallowbush01.m2;19787.234375;36.65394973754883;20743.638671875;0;202.5940704345703;0;;1.4599609375;104391;m2;201811;0;
..\..\world\kalimdor\dustwallow\passivedoodads\bushes\dustwallowbush01.m2;20191.53125;38.53038024902344;20579.568359375;0;215.578857421875;0;;1.3779296875;102253;m2;201811;0;
..\..\world\kalimdor\dustwallow\passivedoodads\bushes\dustwallowshrub01.m2;20218.99609375;37.66767120361328;20716.00390625;-12.500000953674316;84.17083740234375;-1.5000005960464478;;1.673828125;109295;m2;201813;0;
..\..\world\kalimdor\dustwallow\passivedoodads\bushes\dustwallowbush01.m2;20138.326171875;37.80881881713867;20704.53125;0;105.13137817382812;0;;1.5458984375;108728;m2;201811;0;
..\..\world\kalimdor\dustwallow\passivedoodads\bushes\dustwallowbush01.m2;20015.17578125;38.8310432434082;20388.33203125;0;346.5;0;;1.5693359375;92556;m2;201811;0;
..\..\world\kalimdor\dustwallow\passivedoodads\bushes\dustwallowbush01.m2;20069.564453125;36.554466247558594;20730.033203125;0;321.1621398925781;0;;1.365234375;109739;m2;201811;0;
..\..\world\kalimdor\dustwallow\passivedoodads\bushes\dustwallowbush01.m2;20162.0859375;35.60667037963867;20788.796875;0;81.59796142578125;0;;1.658203125;109284;m2;201811;0;
..\..\world\kalimdor\dustwallow\passivedoodads\bushes\dustwallowbush01.m2;20079.40625;36.230403900146484;20570.068359375;0;314;0;;1.359375;92097;m2;201811;0;
..\..\world\kalimdor\dustwallow\passivedoodads\bushes\dustwallowbush01.m2;19924.603515625;34.022979736328125;20639.830078125;0;159.306640625;0;;1.4716796875;108626;m2;201811;0;
..\..\world\kalimdor\dustwallow\passivedoodads\bushes\dustwallowshrub01.m2;20188.40234375;32.05577850341797;20754.52734375;0;184.68580627441406;0;;1.8740234375;109294;m2;201813;0;
..\..\world\kalimdor\dustwallow\passivedoodads\bushes\dustwallowbush01.m2;20174.90625;35.06377029418945;20634.875;0;2.933441162109375;0;;1.771484375;102283;m2;201811;0;
..\..\world\kalimdor\dustwallow\passivedoodads\bushes\dustwallowbush01.m2;20075.73828125;36.04739761352539;20505.1875;0;2.933441162109375;0;;1.771484375;109347;m2;201811;0;
..\..\world\kalimdor\dustwallow\passivedoodads\bushes\dustwallowbush01.m2;19731.119140625;34.99001693725586;20582.052734375;0;183.15866088867188;0;;1.765625;107816;m2;201811;0;
..\..\world\kalimdor\dustwallow\passivedoodads\bushes\dustwallowbush01.m2;19804.154296875;34.14738464355469;20548.05859375;0;36.926177978515625;0;;1.3564453125;107865;m2;201811;0;
..\..\world\kalimdor\dustwallow\passivedoodads\bushes\dustwallowbush01.m2;20235.1640625;49.062965393066406;20622.212890625;0;99.6380615234375;0;;1.6181640625;102301;m2;201811;0;
..\..\world\kalimdor\dustwallow\passivedoodads\bushes\dustwallowshrub02.m2;19955.56640625;36.81181716918945;20703.708984375;0;220.63429260253906;0;;1.857421875;108673;m2;201814;0;
..\..\world\kalimdor\dustwallow\passivedoodads\bushes\dustwallowshrub02.m2;20109.166015625;35.81190872192383;20745.392578125;0;339.0632629394531;0;;1.9052734375;108713;m2;201814;0;
..\..\world\kalimdor\dustwallow\passivedoodads\bushes\dustwallowbush01.m2;19789.513671875;37.6540641784668;20799.25390625;0;242.95907592773438;0;;1.3994140625;104411;m2;201811;0;
..\..\world\kalimdor\dustwallow\passivedoodads\bushes\dustwallowbush01.m2;19820.08203125;33.73786544799805;20476.6171875;0;237.0043182373047;0;;1.365234375;107890;m2;201811;0;
..\..\world\kalimdor\dustwallow\passivedoodads\bushes\dustwallowbush01.m2;19788.326171875;33.770111083984375;20548.205078125;0;185.3889617919922;0;;1.701171875;107839;m2;201811;0;
..\..\world\azeroth\swamposorrow\passivedoodads\treelogs\swamptreelog04.m2;19863.9140625;37.497276306152344;20584.31640625;29;41.5;17.0000057220459;;0.7197265625;87448;m2;190414;0;
..\..\world\kalimdor\dustwallow\passivedoodads\bushes\dustwallowbush01.m2;20016.384765625;38.64323425292969;20380.80078125;0;317.5;0;;1.33984375;92553;m2;201811;0;
..\..\world\kalimdor\dustwallow\passivedoodads\bushes\dustwallowbush01.m2;20040.76953125;33.40448760986328;20462.794921875;0;0;0;;1.83984375;92048;m2;201811;0;
..\..\world\kalimdor\dustwallow\passivedoodads\bushes\dustwallowbush01.m2;20099.05859375;37.228824615478516;20717.82421875;0;341.67425537109375;0;;1.4765625;109743;m2;201811;0;
..\..\world\kalimdor\dustwallow\passivedoodads\bushes\dustwallowbush01.m2;20261.8828125;34.23423767089844;20662.259765625;0;306.8904724121094;0;;1.3466796875;102200;m2;201811;0;
..\..\world\kalimdor\dustwallow\passivedoodads\bushes\dustwallowbush01.m2;19743.78125;34.57819747924805;20627.65234375;0;248.34254455566406;0;;1.439453125;107847;m2;201811;0;
..\..\world\kalimdor\dustwallow\passivedoodads\bushes\dustwallowbush01.m2;19836.634765625;34.96364212036133;20359.587890625;0;319.5;0;;1.33984375;94189;m2;201811;0;
..\..\world\kalimdor\dustwallow\passivedoodads\bushes\dustwallowshrub02.m2;20100.994140625;34.47477722167969;20760.041015625;0;118.27130126953125;0;;1.8447265625;108716;m2;201814;0;
..\..\world\kalimdor\dustwallow\passivedoodads\bushes\dustwallowbush01.m2;20177.009765625;35.89284133911133;20723.529296875;0;300.4302978515625;0;;1.365234375;108755;m2;201811;0;
..\..\world\kalimdor\dustwallow\passivedoodads\bushes\dustwallowbush01.m2;19929.16796875;33.707462310791016;20754.935546875;0;233.23587036132812;0;;1.3388671875;108612;m2;201811;0;
..\..\world\kalimdor\dustwallow\passivedoodads\bushes\dustwallowbush01.m2;20025.15234375;42.37299728393555;20298.2109375;0;326.5;0;;1.349609375;89942;m2;201811;0;
..\..\world\kalimdor\dustwallow\passivedoodads\bushes\dustwallowshrub01.m2;20150.376953125;28.758142471313477;20641.98046875;0;244.0467529296875;0;;1.791015625;108736;m2;201813;0;
..\..\world\kalimdor\dustwallow\passivedoodads\bushes\dustwallowbush01.m2;19742.380859375;34.298828125;20565.3203125;0;222.93038940429688;0;;1.3291015625;107830;m2;201811;0;
..\..\world\kalimdor\dustwallow\passivedoodads\bushes\dustwallowbush01.m2;20175.697265625;35.55833435058594;20725.111328125;0;29.35638427734375;0;;1.3671875;108756;m2;201811;0;
..\..\world\kalimdor\dustwallow\passivedoodads\bushes\dustwallowbush01.m2;20237.2578125;37.441673278808594;20649.23828125;0;264.998291015625;0;;1.69140625;102295;m2;201811;0;
..\..\world\kalimdor\dustwallow\passivedoodads\bushes\dustwallowbush01.m2;19914.162109375;36.56779098510742;20539.01171875;0;0;0;;1.8193359375;93058;m2;201811;0;
..\..\world\kalimdor\dustwallow\passivedoodads\bushes\dustwallowbush01.m2;19791.31640625;36.17805099487305;20796.900390625;0;211.8668212890625;0;;1.34765625;104414;m2;201811;0;
..\..\world\kalimdor\dustwallow\passivedoodads\bushes\dustwallowbush01.m2;19773.513671875;34.48489761352539;20448.134765625;0;261.4715576171875;0;;1.6083984375;107913;m2;201811;0;
..\..\world\kalimdor\dustwallow\passivedoodads\bushes\dustwallowbush01.m2;19748.787109375;34.17451095581055;20559.2734375;0;144.95803833007812;0;;1.333984375;107832;m2;201811;0;
..\..\world\kalimdor\dustwallow\passivedoodads\bushes\dustwallowbush01.m2;20124.67578125;35.146610260009766;20465.759765625;0;105;0;;1.4990234375;92724;m2;201811;0;
..\..\world\kalimdor\dustwallow\passivedoodads\bushes\dustwallowbush02.m2;19807.103515625;34.875057220458984;20478.6875;0;338.43316650390625;0;;1.4287109375;107887;m2;201812;0;
..\..\world\kalimdor\dustwallow\passivedoodads\bushes\dustwallowshrub01.m2;20003.986328125;35.405696868896484;20706.408203125;0;28.127685546875;0;;1.7607421875;108686;m2;201813;0;
..\..\world\kalimdor\dustwallow\passivedoodads\bushes\dustwallowbush01.m2;20264.533203125;41.78500747680664;20588.8046875;0;92.1121826171875;0;;1.74609375;102236;m2;201811;0;
..\..\world\kalimdor\dustwallow\passivedoodads\bushes\dustwallowbush01.m2;20189.966796875;38.426605224609375;20583.19140625;0;257.69219970703125;0;;1.5322265625;102255;m2;201811;0;
..\..\world\kalimdor\dustwallow\passivedoodads\bushes\dustwallowshrub01.m2;20092.431640625;34.53224563598633;20750.76953125;0;307.9671630859375;0;;1.7470703125;108700;m2;201813;0;
..\..\world\kalimdor\dustwallow\passivedoodads\bushes\dustwallowbush01.m2;20270.3515625;38.405609130859375;20731.669921875;0;92.1121826171875;0;;1.74609375;109299;m2;201811;0;
..\..\world\kalimdor\dustwallow\passivedoodads\bushes\dustwallowbush01.m2;19887.982421875;34.46002960205078;20794.322265625;0;268.5690002441406;0;;1.7626953125;108602;m2;201811;0;
..\..\world\kalimdor\dustwallow\passivedoodads\bushes\dustwallowshrub01.m2;20126.064453125;38.81717300415039;20513.904296875;0;321.1731262207031;0;;1.7470703125;109341;m2;201813;0;
..\..\world\kalimdor\dustwallow\passivedoodads\bushes\dustwallowbush01.m2;20153.42578125;36.00320053100586;20348.197265625;0;0;0;;1.7998046875;92158;m2;201811;0;
..\..\world\kalimdor\dustwallow\passivedoodads\bushes\dustwallowbush01.m2;19846.662109375;35.52041244506836;20401.52734375;0;335;0;;1.3798828125;94205;m2;201811;0;
..\..\world\kalimdor\dustwallow\passivedoodads\bushes\dustwallowbush01.m2;20051.658203125;43.70716094970703;20277.94140625;0;318;0;;1.3095703125;89937;m2;201811;0;
..\..\world\kalimdor\dustwallow\passivedoodads\bushes\dustwallowbush01.m2;20207.32421875;35.2337532043457;20293.603515625;0;334;0;;1.369140625;104988;m2;201811;0;
..\..\world\kalimdor\dustwallow\passivedoodads\bushes\dustwallowshrub01.m2;20007.041015625;28.793304443359375;20719.744140625;0;340.7623291015625;0;;1.8056640625;108684;m2;201813;0;
..\..\world\kalimdor\dustwallow\passivedoodads\bushes\dustwallowshrub01.m2;20096.619140625;41.94643020629883;20739.34765625;0;326.6115417480469;0;;1.7353515625;108701;m2;201813;0;
..\..\world\kalimdor\dustwallow\passivedoodads\bushes\dustwallowbush01.m2;20239.125;48.587806701660156;20627.265625;0;67.22738647460938;0;;1.3916015625;102299;m2;201811;0;
..\..\world\kalimdor\dustwallow\passivedoodads\bushes\dustwallowbush01.m2;19733.994140625;35.25920867919922;20568.05078125;0;182.5104522705078;0;;1.7197265625;107826;m2;201811;0;
..\..\world\kalimdor\dustwallow\passivedoodads\bushes\dustwallowbush01.m2;19838.201171875;33.44624328613281;20796.419921875;0;229.6981658935547;0;;1.302734375;105017;m2;201811;0;
..\..\world\kalimdor\dustwallow\passivedoodads\bushes\dustwallowbush01.m2;19987.96484375;41.63632583618164;20684.109375;0;229.6981658935547;0;;1.302734375;114186;m2;201811;0;
..\..\world\kalimdor\dustwallow\passivedoodads\bushes\dustwallowshrub01.m2;20118.572265625;36.522361755371094;20516.076171875;0;239.85263061523438;0;;1.732421875;109339;m2;201813;0;
..\..\world\kalimdor\dustwallow\passivedoodads\bushes\dustwallowbush01.m2;20209.99609375;35.23088455200195;20293.45703125;0;273.5;0;;1.689453125;104985;m2;201811;0;
..\..\world\kalimdor\dustwallow\passivedoodads\bushes\dustwallowbush01.m2;19933.751953125;35.153987884521484;20476.736328125;0;0;0;;1.779296875;92006;m2;201811;0;
..\..\world\kalimdor\dustwallow\passivedoodads\bushes\dustwallowbush01.m2;20140.48828125;35.60118865966797;20774.896484375;0;306.14337158203125;0;;1.3037109375;109273;m2;201811;0;
..\..\world\kalimdor\dustwallow\passivedoodads\bushes\dustwallowbush01.m2;20213.56640625;40.41611862182617;20510.9609375;0;301.5;0;;1.3193359375;92747;m2;201811;0;
..\..\world\kalimdor\dustwallow\passivedoodads\bushes\dustwallowbush01.m2;19887.478515625;33.929229736328125;20264.40625;0;330.5;0;;1.3291015625;89984;m2;201811;0;
..\..\world\kalimdor\dustwallow\passivedoodads\bushes\dustwallowbush01.m2;20199.99609375;32.98445129394531;20610.59765625;0;171.0184326171875;0;;1.5615234375;102269;m2;201811;0;
..\..\world\kalimdor\dustwallow\passivedoodads\bushes\dustwallowbush01.m2;19836.009765625;34.09941101074219;20798.19140625;0;205.99993896484375;0;;1.3505859375;105016;m2;201811;0;
..\..\world\kalimdor\dustwallow\passivedoodads\bushes\dustwallowbush01.m2;20022.849609375;36.09754943847656;20690.0625;0;205.99993896484375;0;;1.3505859375;114185;m2;201811;0;
..\..\world\kalimdor\dustwallow\passivedoodads\bushes\dustwallowbush01.m2;19860.12109375;40.015384674072266;20503.84375;0;49;0;;1.2890625;93046;m2;201811;0;
..\..\world\kalimdor\dustwallow\passivedoodads\bushes\dustwallowbush01.m2;20226.90625;36.25608825683594;20584.458984375;0;68.57876586914062;0;;1.38671875;102250;m2;201811;0;
..\..\world\kalimdor\dustwallow\passivedoodads\bushes\dustwallowbush01.m2;20209.71484375;40.34723663330078;20755.240234375;0;68.57876586914062;0;;1.38671875;109313;m2;201811;0;
..\..\world\kalimdor\dustwallow\passivedoodads\bushes\dustwallowshrub02.m2;19852.748046875;34.62696075439453;20437.25;0;322.58233642578125;0;;1.765625;107927;m2;201814;0;
..\..\world\kalimdor\dustwallow\passivedoodads\bushes\dustwallowshrub01.m2;19891.271484375;34.581886291503906;20423.390625;-7.000000476837158;38.807403564453125;-0.9999998807907104;;1.611328125;107935;m2;201813;0;
..\..\world\kalimdor\dustwallow\passivedoodads\bushes\dustwallowbush01.m2;20099.568359375;33.675811767578125;20361.4296875;0;321.5;0;;1.2890625;92573;m2;201811;0;
..\..\world\kalimdor\dustwallow\passivedoodads\bushes\dustwallowbush01.m2;19849.59375;34.62150573730469;20696.435546875;0;304.5;0;;1.2998046875;93126;m2;201811;0;
..\..\world\kalimdor\dustwallow\passivedoodads\bushes\dustwallowbush01.m2;20254.869140625;43.0482177734375;20590.111328125;0;227.56674194335938;0;;1.2822265625;102242;m2;201811;0;
..\..\world\kalimdor\dustwallow\passivedoodads\bushes\dustwallowbush01.m2;20139.6484375;38.7184944152832;20750.0234375;0;267.3604431152344;0;;1.6904296875;108720;m2;201811;0;
..\..\world\kalimdor\dustwallow\passivedoodads\bushes\dustwallowbush01.m2;20260.197265625;40.55734634399414;20735.205078125;0;227.56674194335938;0;;1.2822265625;109305;m2;201811;0;
..\..\world\kalimdor\dustwallow\passivedoodads\bushes\dustwallowbush01.m2;19909.04296875;35.76128005981445;20601.99609375;0;166;0;;1.4697265625;92673;m2;201811;0;
..\..\world\kalimdor\dustwallow\passivedoodads\bushes\dustwallowbush01.m2;19783.53125;37.49412536621094;20749.271484375;0;268.9445495605469;0;;1.7294921875;104393;m2;201811;0;
..\..\world\kalimdor\dustwallow\passivedoodads\bushes\dustwallowbush01.m2;20194.408203125;38.25520324707031;20586.9453125;0;98.1036376953125;0;;1.5654296875;102260;m2;201811;0;
..\..\world\kalimdor\dustwallow\passivedoodads\bushes\dustwallowbush01.m2;20241.556640625;48.84708786010742;20624.986328125;0;180.53285217285156;0;;1.7421875;102298;m2;201811;0;
..\..\world\kalimdor\dustwallow\passivedoodads\bushes\dustwallowbush01.m2;19829.05859375;37.31656265258789;20687.1875;0;331.5;0;;1.3193359375;93113;m2;201811;0;
..\..\world\kalimdor\dustwallow\passivedoodads\bushes\dustwallowbush01.m2;20240.7578125;34.28905487060547;20279.017578125;0;295;0;;1.33984375;91178;m2;201811;0;
..\..\world\kalimdor\dustwallow\passivedoodads\bushes\dustwallowbush01.m2;19918.201171875;33.76008605957031;20687.33984375;0;313.3396301269531;0;;1.271484375;108616;m2;201811;0;
..\..\world\kalimdor\dustwallow\passivedoodads\bushes\dustwallowbush02.m2;20079.23046875;36.400936126708984;20567.009765625;0;318;0;;1.3193359375;92099;m2;201812;0;
..\..\world\kalimdor\dustwallow\passivedoodads\bushes\dustwallowbush01.m2;19783.40234375;36.00298309326172;20779.025390625;0;113.34942626953125;0;;1.3515625;104401;m2;201811;0;
..\..\world\kalimdor\dustwallow\passivedoodads\bushes\dustwallowbush01.m2;20079.0859375;35.14836502075195;20403.931640625;0;305.5;0;;1.279296875;92538;m2;201811;0;
..\..\world\kalimdor\dustwallow\passivedoodads\bushes\dustwallowshrub01.m2;20000.259765625;34.874629974365234;20709.119140625;0;223.67189025878906;0;;1.701171875;108685;m2;201813;0;
..\..\world\kalimdor\dustwallow\passivedoodads\bushes\dustwallowbush01.m2;20148.85546875;33.64622116088867;20274.361328125;0;0;0;;1.7392578125;91233;m2;201811;0;
..\..\world\kalimdor\dustwallow\passivedoodads\bushes\dustwallowbush01.m2;20133.263671875;38.65116500854492;20708.203125;0;74.67636108398438;0;;1.4306640625;108726;m2;201811;0;
..\..\world\kalimdor\dustwallow\passivedoodads\bushes\dustwallowbush01.m2;19759.01953125;47.79719543457031;20762.267578125;0;9.228790283203125;0;;1.5244140625;104419;m2;201811;0;
..\..\world\kalimdor\dustwallow\passivedoodads\bushes\dustwallowbush01.m2;19901.568359375;38.669883728027344;20705.21484375;0;7.251190185546875;0;;1.5625;104554;m2;201811;0;
..\..\world\kalimdor\dustwallow\passivedoodads\bushes\dustwallowshrub02.m2;19899.75390625;33.06968688964844;20420.75;0;322.19085693359375;0;;1.732421875;107940;m2;201814;0;
..\..\world\kalimdor\dustwallow\passivedoodads\bushes\dustwallowbush01.m2;19775.095703125;34.30404281616211;20451.3359375;0;106.50469970703125;0;;1.4111328125;107912;m2;201811;0;
..\..\world\kalimdor\dustwallow\passivedoodads\bushes\dustwallowshrub01.m2;20219.6953125;38.39008712768555;20722.31640625;0;138.3004150390625;0;;1.68359375;109296;m2;201813;0;
..\..\world\kalimdor\dustwallow\passivedoodads\bushes\dustwallowbush02.m2;19770.189453125;35.95323181152344;20273.984375;0;0;0;;1.6796875;94106;m2;201812;0;
..\..\world\kalimdor\dustwallow\passivedoodads\bushes\dustwallowbush01.m2;19732.884765625;51.42469024658203;20757.064453125;0;45.61663818359375;0;;1.2587890625;105011;m2;201811;0;
..\..\world\kalimdor\dustwallow\passivedoodads\bushes\dustwallowbush01.m2;20025.888671875;36.685386657714844;20683.857421875;0;45.61663818359375;0;;1.2587890625;114180;m2;201811;0;
..\..\world\kalimdor\dustwallow\passivedoodads\bushes\dustwallowbush01.m2;20028.794921875;42.661338806152344;20304.642578125;0;0;0;;1.7294921875;89939;m2;201811;0;
..\..\world\kalimdor\dustwallow\passivedoodads\bushes\dustwallowbush01.m2;19918.724609375;34.78440475463867;20670.712890625;0;349.56268310546875;0;;1.49609375;108620;m2;201811;0;
..\..\world\kalimdor\dustwallow\passivedoodads\bushes\dustwallowbush01.m2;19887.0703125;37.00634765625;20729.08984375;0;207.17550659179688;0;;1.3076171875;104547;m2;201811;0;
..\..\world\kalimdor\dustwallow\passivedoodads\bushes\dustwallowbush01.m2;20030.05078125;40.82746124267578;20429.861328125;0;0;0;;1.7197265625;92034;m2;201811;0;
..\..\world\kalimdor\dustwallow\passivedoodads\bushes\dustwallowbush01.m2;19745.80078125;51.22230911254883;20771.162109375;0;346.5852966308594;0;;1.4423828125;104423;m2;201811;0;
..\..\world\kalimdor\dustwallow\passivedoodads\bushes\dustwallowbush01.m2;20240.576171875;38.67311477661133;20648.4609375;0;277.68792724609375;0;;1.537109375;102294;m2;201811;0;
..\..\world\kalimdor\dustwallow\passivedoodads\bushes\dustwallowbush01.m2;19924.197265625;35.53577423095703;20348.65625;0;266;0;;1.609375;90959;m2;201811;0;
..\..\world\kalimdor\dustwallow\passivedoodads\bushes\dustwallowbush01.m2;20016.240234375;33.95043182373047;20487.3046875;0;114;0;;1.3193359375;92066;m2;201811;0;
..\..\world\kalimdor\dustwallow\passivedoodads\bushes\dustwallowbush01.m2;19901.126953125;38.669639587402344;20704.35546875;0;13.40374755859375;0;;1.435546875;104552;m2;201811;0;
..\..\world\kalimdor\dustwallow\passivedoodads\bushes\dustwallowbush01.m2;19737.75390625;35.03602981567383;20561.25390625;0;305.374267578125;0;;1.2568359375;107827;m2;201811;0;
..\..\world\kalimdor\dustwallow\passivedoodads\bushes\dustwallowbush01.m2;20229.197265625;42.082252502441406;20319.75;0;0;0;;1.7099609375;91193;m2;201811;0;
..\..\world\kalimdor\dustwallow\passivedoodads\bushes\dustwallowbush01.m2;20048.298828125;33.711700439453125;20462.705078125;0;0;0;;1.7099609375;92052;m2;201811;0;
..\..\world\kalimdor\dustwallow\passivedoodads\bushes\dustwallowbush01.m2;19910.12890625;35.81201934814453;20543.1015625;0;0;0;;1.7099609375;93060;m2;201811;0;
..\..\world\kalimdor\dustwallow\passivedoodads\bushes\dustwallowbush01.m2;20225.28515625;37.366416931152344;20586.11328125;0;13.82122802734375;0;;1.4287109375;102249;m2;201811;0;
..\..\world\kalimdor\dustwallow\passivedoodads\bushes\dustwallowbush01.m2;20206.3671875;38.818809509277344;20754.08203125;0;13.82122802734375;0;;1.4287109375;109312;m2;201811;0;
..\..\world\kalimdor\dustwallow\passivedoodads\bushes\dustwallowbush01.m2;20138.830078125;38.790130615234375;20753.099609375;0;229.54434204101562;0;;1.2451171875;108719;m2;201811;0;
..\..\world\kalimdor\dustwallow\passivedoodads\bushes\dustwallowbush01.m2;19821.22265625;32.896114349365234;20482.8046875;0;63.56884765625;0;;1.2939453125;107894;m2;201811;0;
..\..\world\kalimdor\dustwallow\passivedoodads\bushes\dustwallowshrub01.m2;20122.4765625;37.844703674316406;20519.087890625;10.499999046325684;345.8787841796875;-4.499999523162842;;1.4814453125;109338;m2;201813;0;
..\..\world\kalimdor\dustwallow\passivedoodads\bushes\dustwallowbush01.m2;20029.15625;33.55318069458008;20476.037109375;0;0;0;;1.69921875;92055;m2;201811;0;
..\..\world\kalimdor\dustwallow\passivedoodads\bushes\dustwallowbush01.m2;20123.76953125;35.79149627685547;20468.384765625;0;0;0;;1.69921875;92723;m2;201811;0;
..\..\world\kalimdor\dustwallow\passivedoodads\bushes\dustwallowbush01.m2;19783.875;39.44950866699219;20797.361328125;0;350;0;;1.4794921875;121467;m2;201811;0;
..\..\world\kalimdor\dustwallow\passivedoodads\bushes\dustwallowbush01.m2;19909.80078125;32.977359771728516;20388.005859375;0;262.310791015625;0;;1.51953125;107942;m2;201811;0;
..\..\world\kalimdor\dustwallow\passivedoodads\bushes\dustwallowbush01.m2;20166.3359375;34.771873474121094;20609.98828125;0;332.7970275878906;0;;1.28515625;102277;m2;201811;0;
..\..\world\kalimdor\dustwallow\passivedoodads\bushes\dustwallowbush01.m2;20168.703125;35.79237747192383;20715.484375;0;271.5244140625;0;;1.654296875;108750;m2;201811;0;
..\..\world\kalimdor\dustwallow\passivedoodads\bushes\dustwallowbush01.m2;19869.67578125;37.53960037231445;20322.90234375;0;326.5;0;;1.2490234375;94163;m2;201811;0;
..\..\world\kalimdor\dustwallow\passivedoodads\bushes\dustwallowshrub02.m2;19960.416015625;35.5982666015625;20712.509765625;0;129.4002685546875;0;;1.6923828125;108671;m2;201814;0;
..\..\world\kalimdor\dustwallow\passivedoodads\bushes\dustwallowbush01.m2;20174.76171875;36.51865768432617;20720.353515625;0;249.1555633544922;0;;1.330078125;108758;m2;201811;0;
..\..\world\kalimdor\dustwallow\passivedoodads\bushes\dustwallowbush01.m2;20173.35546875;35.340728759765625;20768.12890625;0;152.41796875;0;;1.275390625;109287;m2;201811;0;
..\..\world\kalimdor\dustwallow\passivedoodads\bushes\dustwallowbush01.m2;20266.7265625;35.75065994262695;20657.587890625;0;30.828582763671875;0;;1.2548828125;102202;m2;201811;0;
..\..\world\kalimdor\dustwallow\passivedoodads\bushes\dustwallowbush01.m2;20212.7109375;33.75136184692383;20348.431640625;0;0;0;;1.6796875;91224;m2;201811;0;
..\..\world\kalimdor\dustwallow\passivedoodads\bushes\dustwallowbush01.m2;20013.259765625;38.292850494384766;20384.3515625;0;0;0;;1.6796875;92554;m2;201811;0;
..\..\world\kalimdor\dustwallow\passivedoodads\bushes\dustwallowbush01.m2;20136.330078125;32.883949279785156;20409.990234375;0;341;0;;1.33984375;92163;m2;201811;0;
..\..\world\kalimdor\dustwallow\passivedoodads\bushes\dustwallowshrub01.m2;19932;31.88212013244629;20522.984375;8.5;0;-21.999998092651367;;1.279296875;92010;m2;201813;0;
..\..\world\kalimdor\dustwallow\passivedoodads\bushes\dustwallowbush01.m2;19887.65625;33.36418914794922;20412.037109375;0;341.2677307128906;0;;1.33984375;107934;m2;201811;0;
..\..\world\kalimdor\dustwallow\passivedoodads\bushes\dustwallowbush01.m2;20243.28515625;34.11763000488281;20283.509765625;0;96;0;;1.529296875;91177;m2;201811;0;
..\..\world\kalimdor\dustwallow\passivedoodads\bushes\dustwallowbush01.m2;19816.8828125;34.479801177978516;20595.67578125;0;0;0;;1.669921875;92682;m2;201811;0;
..\..\world\kalimdor\dustwallow\passivedoodads\bushes\dustwallowbush01.m2;19781.78125;36.55731201171875;20779.16796875;0;323.5682373046875;0;;1.2236328125;104400;m2;201811;0;
..\..\world\kalimdor\dustwallow\passivedoodads\bushes\dustwallowbush01.m2;20020.96484375;39.624603271484375;20385.126953125;0;322;0;;1.2197265625;92551;m2;201811;0;
..\..\world\kalimdor\dustwallow\passivedoodads\bushes\dustwallowbush01.m2;19795.525390625;34.10931396484375;20528.44140625;0;231.93943786621094;0;;1.2197265625;107861;m2;201811;0;
..\..\world\kalimdor\dustwallow\passivedoodads\bushes\dustwallowbush01.m2;20179.681640625;36.942108154296875;20688.81640625;0;152.9013671875;0;;1.26171875;108747;m2;201811;0;
..\..\world\kalimdor\dustwallow\passivedoodads\bushes\dustwallowbush01.m2;20166.388671875;35.174983978271484;20714.64453125;0;242.13507080078125;0;;1.255859375;108752;m2;201811;0;
..\..\world\kalimdor\dustwallow\passivedoodads\bushes\dustwallowbush01.m2;20263.4140625;32.982810974121094;20667.986328125;0;113.10769653320312;0;;1.2900390625;102199;m2;201811;0;
..\..\world\kalimdor\dustwallow\passivedoodads\bushes\dustwallowbush01.m2;19938.5859375;34.55035400390625;20424.326171875;0;0;0;;1.6591796875;91912;m2;201811;0;
..\..\world\khazmodan\wetlands\passivedoodads\trees\wetlandsnest02.m2;20155.861328125;36.52243423461914;20652.83203125;0;187;0;;1;94472;m2;203532;0;
..\..\world\kalimdor\dustwallow\passivedoodads\bushes\dustwallowbush02.m2;19766.0234375;36.05876541137695;20267.791015625;0;0;0;;1.609375;94108;m2;201812;0;
..\..\world\kalimdor\dustwallow\passivedoodads\bushes\dustwallowshrub02.m2;19812.21875;31.119808197021484;20764.759765625;0;5.28460693359375;0;;1.9072265625;105025;m2;201814;0;
..\..\world\kalimdor\dustwallow\passivedoodads\bushes\dustwallowbush01.m2;19805.21875;34.17534637451172;20544.677734375;0;139.5306396484375;0;;1.2041015625;107864;m2;201811;0;
..\..\world\kalimdor\dustwallow\passivedoodads\bushes\dustwallowshrub01.m2;19838.1796875;34.31480407714844;20368.037109375;-8.999999046325684;330.5;-19.5;;1.2490234375;94203;m2;201813;0;
..\..\world\kalimdor\dustwallow\passivedoodads\bushes\dustwallowbush01.m2;19881.576171875;34.95420837402344;20793.2578125;0;239.344482421875;0;;1.2294921875;108599;m2;201811;0;
..\..\world\kalimdor\dustwallow\passivedoodads\bushes\dustwallowbush01.m2;20052.607421875;35.18586349487305;20544.2734375;0;313.5;0;;1.19921875;92092;m2;201811;0;
..\..\world\kalimdor\dustwallow\passivedoodads\bushes\dustwallowbush01.m2;20044.732421875;34.73712158203125;20624.45703125;0;245.28823852539062;0;;1.2607421875;114167;m2;201811;0;
..\..\world\kalimdor\dustwallow\passivedoodads\bushes\dustwallowbush02.m2;19775.849609375;34.86880874633789;20270.728515625;0;323;0;;1.2392578125;94105;m2;201812;0;
..\..\world\kalimdor\dustwallow\passivedoodads\bushes\dustwallowbush01.m2;20078.16796875;35.00413131713867;20401.80859375;0;0;0;;1.6396484375;92539;m2;201811;0;
..\..\world\kalimdor\dustwallow\passivedoodads\bushes\dustwallowbush01.m2;19864.32421875;38.21781921386719;20574.25390625;0;0;0;;1.6396484375;92674;m2;201811;0;
..\..\world\kalimdor\dustwallow\passivedoodads\bushes\dustwallowbush01.m2;20157.884765625;39.526756286621094;20516.80078125;0;0;0;;1.6396484375;92748;m2;201811;0;
..\..\world\kalimdor\dustwallow\passivedoodads\bushes\dustwallowbush01.m2;20151.400390625;41.23140335083008;20527.705078125;0;0;0;;1.6396484375;92752;m2;201811;0;
..\..\world\kalimdor\dustwallow\passivedoodads\bushes\dustwallowbush01.m2;19882.37109375;35.1671028137207;20683.779296875;0;65.43658447265625;0;;1.2578125;104540;m2;201811;0;
..\..\world\kalimdor\dustwallow\passivedoodads\bushes\dustwallowbush01.m2;19738.27734375;42.55004119873047;20714.0625;0;306.96734619140625;0;;1.1982421875;105005;m2;201811;0;
..\..\world\kalimdor\dustwallow\passivedoodads\bushes\dustwallowbush01.m2;20049.849609375;35.278141021728516;20625.615234375;0;306.96734619140625;0;;1.1982421875;114174;m2;201811;0;
..\..\world\kalimdor\dustwallow\passivedoodads\bushes\dustwallowbush01.m2;20187.701171875;34.737796783447266;20650.9765625;0;327.0509948730469;0;;1.2080078125;102290;m2;201811;0;
..\..\world\kalimdor\dustwallow\passivedoodads\bushes\dustwallowshrub02.m2;20110.35546875;32.101043701171875;20700.603515625;0;76.1265869140625;0;;1.7509765625;109748;m2;201814;0;
..\..\world\kalimdor\dustwallow\passivedoodads\bushes\dustwallowshrub02.m2;19773.236328125;33.731563568115234;20594.638671875;0;9.031036376953125;0;;1.8115234375;108660;m2;201814;0;
..\..\world\kalimdor\dustwallow\passivedoodads\bushes\dustwallowbush01.m2;19898.66015625;35.321563720703125;20733.18359375;0;253.11074829101562;0;;1.3203125;104549;m2;201811;0;
..\..\world\kalimdor\dustwallow\passivedoodads\bushes\dustwallowbush01.m2;19789.26171875;33.84029006958008;20549.45703125;0;297.2551574707031;0;;1.228515625;107838;m2;201811;0;
..\..\world\kalimdor\dustwallow\passivedoodads\bushes\dustwallowbush01.m2;20097.81640625;35.7100715637207;20315.20703125;0;329.5;0;;1.2099609375;91957;m2;201811;0;
..\..\world\kalimdor\dustwallow\passivedoodads\bushes\dustwallowbush01.m2;20154.15625;33.240135192871094;20626.857421875;0;149.69326782226562;0;;1.208984375;102281;m2;201811;0;
..\..\world\kalimdor\dustwallow\passivedoodads\bushes\dustwallowbush01.m2;20067.296875;35.6732292175293;20499.287109375;0;149.69326782226562;0;;1.208984375;109345;m2;201811;0;
..\..\world\kalimdor\dustwallow\passivedoodads\bushes\dustwallowbush01.m2;20207.892578125;33.790061950683594;20612.02734375;0;30.30120849609375;0;;1.2060546875;102271;m2;201811;0;
..\..\world\kalimdor\dustwallow\passivedoodads\bushes\dustwallowbush01.m2;19773.408203125;36.16924285888672;20526.34765625;0;204.4398193359375;0;;1.2412109375;107868;m2;201811;0;
..\..\world\kalimdor\dustwallow\passivedoodads\bushes\dustwallowbush01.m2;19815.00390625;33.944149017333984;20464.0625;0;104.373291015625;0;;1.3408203125;107908;m2;201811;0;
..\..\world\kalimdor\dustwallow\passivedoodads\bushes\dustwallowshrub01.m2;20156.283203125;28.662065505981445;20651.8671875;-5.000000476837158;77.63983154296875;-0.500000536441803;;1.5380859375;108738;m2;201813;0;
..\..\world\kalimdor\dustwallow\passivedoodads\bushes\dustwallowbush01.m2;19935.625;35.312644958496094;20599.828125;0;263.679931640625;0;;1.4677734375;104534;m2;201811;0;
..\..\world\kalimdor\dustwallow\passivedoodads\bushes\dustwallowbush01.m2;19972.21875;38.073280334472656;20795.166015625;0;339.27911376953125;0;;1.26953125;108874;m2;201811;0;
..\..\world\kalimdor\dustwallow\passivedoodads\bushes\dustwallowshrub02.m2;19899.4296875;33.85954666137695;20438.552734375;21.9999942779541;36.52423095703125;0.4999993145465851;;1.3876953125;107938;m2;201814;0;
..\..\world\kalimdor\dustwallow\passivedoodads\bushes\dustwallowbush01.m2;19911.359375;35.53899002075195;20597.529296875;0;0;0;;1.609375;92671;m2;201811;0;
..\..\world\kalimdor\dustwallow\passivedoodads\bushes\dustwallowbush01.m2;19927.091796875;34.10845184326172;20637.33984375;0;341.0040588378906;0;;1.2841796875;108629;m2;201811;0;
..\..\world\kalimdor\dustwallow\passivedoodads\bushes\dustwallowshrub02.m2;19793.66015625;32.725433349609375;20564.10546875;0;96.451904296875;0;;1.833984375;108668;m2;201814;0;
..\..\world\kalimdor\dustwallow\passivedoodads\bushes\dustwallowbush01.m2;19960.080078125;37.00038528442383;20365.873046875;0;297;0;;1.2197265625;90944;m2;201811;0;
..\..\world\kalimdor\dustwallow\passivedoodads\bushes\dustwallowbush01.m2;19778.61328125;38.36733627319336;20748.5859375;0;195.39781188964844;0;;1.3232421875;104394;m2;201811;0;
..\..\world\kalimdor\dustwallow\passivedoodads\bushes\dustwallowbush01.m2;20223.822265625;39.04570388793945;20589.880859375;0;66.45831298828125;0;;1.2412109375;102246;m2;201811;0;
..\..\world\kalimdor\dustwallow\passivedoodads\bushes\dustwallowbush01.m2;20205.638671875;38.01774597167969;20750.806640625;0;66.45831298828125;0;;1.2412109375;109309;m2;201811;0;
..\..\world\kalimdor\dustwallow\passivedoodads\bushes\dustwallowbush01.m2;20108.365234375;34.99300003051758;20792.287109375;0;350.09002685546875;0;;1.396484375;109278;m2;201811;0;
..\..\world\kalimdor\dustwallow\passivedoodads\bushes\dustwallowbush01.m2;20263.724609375;34.180423736572266;20364.732421875;0;0;0;;1.599609375;91216;m2;201811;0;
..\..\world\kalimdor\dustwallow\passivedoodads\bushes\dustwallowshrub02.m2;19963.666015625;35.76823043823242;20709.67578125;11.500000953674316;50.427886962890625;-2.499999761581421;;1.4599609375;108670;m2;201814;0;
..\..\world\kalimdor\dustwallow\passivedoodads\bushes\dustwallowbush01.m2;19939.78515625;32.218631744384766;20657.345703125;0;63.535888671875;0;;1.2138671875;108637;m2;201811;0;
..\..\world\kalimdor\dustwallow\passivedoodads\bushes\dustwallowbush01.m2;20191.61328125;37.97563552856445;20587.3046875;0;217.22830200195312;0;;1.1689453125;102261;m2;201811;0;
..\..\world\kalimdor\dustwallow\passivedoodads\bushes\dustwallowbush01.m2;20095.611328125;35.630699157714844;20317.044921875;0;342.5;0;;1.2890625;91956;m2;201811;0;
..\..\world\kalimdor\dustwallow\passivedoodads\bushes\dustwallowbush01.m2;20052.7890625;44.1856689453125;20271.34765625;0;329.5;0;;1.189453125;89933;m2;201811;0;
..\..\world\kalimdor\dustwallow\passivedoodads\bushes\dustwallowbush01.m2;20079.875;34.20243453979492;20398.537109375;0;73.5;0;;1.2998046875;92541;m2;201811;0;
..\..\world\kalimdor\dustwallow\passivedoodads\bushes\dustwallowbush01.m2;19782.50390625;34.57655715942383;20708.81640625;0;316;0;;1.1591796875;120967;m2;201811;0;
..\..\world\kalimdor\dustwallow\passivedoodads\bushes\dustwallowbush01.m2;20013.00390625;38.28754806518555;20594.841796875;0;129.20315551757812;0;;1.1611328125;114160;m2;201811;0;
..\..\world\kalimdor\dustwallow\passivedoodads\bushes\dustwallowshrub02.m2;19920.509765625;28.709415435791016;20711.763671875;0;303.7373046875;0;;1.58984375;108646;m2;201814;0;
..\..\world\kalimdor\dustwallow\passivedoodads\bushes\dustwallowbush01.m2;19818.17578125;34.50861740112305;20303.9609375;0;0;0;;1.58984375;94126;m2;201811;0;
..\..\world\kalimdor\dustwallow\passivedoodads\bushes\dustwallowbush02.m2;19771.57421875;35.67306900024414;20273.625;0;35;0;;1.19921875;94107;m2;201812;0;
..\..\world\kalimdor\dustwallow\passivedoodads\bushes\dustwallowbush01.m2;19886.177734375;33.92063903808594;20631.26171875;0;346.5;0;;1.3291015625;92654;m2;201811;0;
..\..\world\kalimdor\dustwallow\passivedoodads\bushes\dustwallowshrub02.m2;20239.73828125;31.245317459106445;20458.251953125;18.000003814697266;298.5;-1.0000004768371582;;1.4296875;92829;m2;201814;0;
..\..\world\kalimdor\dustwallow\passivedoodads\bushes\dustwallowshrub02.m2;19912.599609375;33.31736373901367;20708.1875;0;146.34234619140625;0;;1.580078125;108645;m2;201814;0;
..\..\world\kalimdor\dustwallow\passivedoodads\bushes\dustwallowbush01.m2;20024.37109375;33.81069564819336;20794.50390625;0;331.0501403808594;0;;1.1875;108878;m2;201811;0;
..\..\world\kalimdor\dustwallow\passivedoodads\bushes\dustwallowbush01.m2;20016.50390625;39.32378387451172;20526.31640625;0;0;0;;1.5791015625;92076;m2;201811;0;
..\..\world\kalimdor\dustwallow\passivedoodads\bushes\dustwallowbush01.m2;19884.58203125;36.20712661743164;20730.232421875;0;107.8450927734375;0;;1.2724609375;104545;m2;201811;0;
..\..\world\kalimdor\dustwallow\passivedoodads\bushes\dustwallowbush01.m2;19838.447265625;34.42873001098633;20362.89453125;0;353.5;0;;1.4296875;94190;m2;201811;0;
..\..\world\kalimdor\dustwallow\passivedoodads\bushes\dustwallowshrub01.m2;20110.25390625;40.8614501953125;20732.513671875;-18.500001907348633;262.53466796875;-4.999999046325684;;1.3125;108705;m2;201813;0;
..\..\world\kalimdor\dustwallow\passivedoodads\bushes\dustwallowbush01.m2;20178.81640625;34.67790222167969;20390.591796875;0;0;0;;1.5693359375;92144;m2;201811;0;
..\..\world\kalimdor\dustwallow\passivedoodads\bushes\dustwallowbush01.m2;20229.208984375;35.88875961303711;20584.41015625;0;57.097686767578125;0;;1.16015625;102243;m2;201811;0;
..\..\world\kalimdor\dustwallow\passivedoodads\bushes\dustwallowbush01.m2;20259.83984375;40.4501838684082;20733.67578125;0;57.097686767578125;0;;1.16015625;109306;m2;201811;0;
..\..\world\kalimdor\dustwallow\passivedoodads\bushes\dustwallowshrub01.m2;20124.912109375;38.983917236328125;20750.4296875;-21.5;232.73785400390625;-3.0000011920928955;;1.23828125;108709;m2;201813;0;
..\..\world\kalimdor\dustwallow\passivedoodads\bushes\dustwallowbush01.m2;19809.17578125;34.02878189086914;20435.37890625;0;15.4912109375;0;;1.283203125;107926;m2;201811;0;
..\..\world\kalimdor\dustwallow\passivedoodads\bushes\dustwallowbush01.m2;19924.412109375;32.22746276855469;20632.638671875;0;284.5655822753906;0;;1.2939453125;108628;m2;201811;0;
..\..\world\kalimdor\dustwallow\passivedoodads\bushes\dustwallowshrub01.m2;20193.34765625;32.268943786621094;20749.359375;0;260.2740478515625;0;;1.5693359375;109293;m2;201813;0;
..\..\world\kalimdor\dustwallow\passivedoodads\bushes\dustwallowbush01.m2;19836.6484375;36.9362907409668;20687.265625;0;342.5;0;;1.259765625;93123;m2;201811;0;
..\..\world\kalimdor\dustwallow\passivedoodads\bushes\dustwallowshrub01.m2;20229.66015625;37.633544921875;20721.568359375;0;224.74317932128906;0;;1.5244140625;109297;m2;201813;0;
..\..\world\kalimdor\dustwallow\passivedoodads\bushes\dustwallowshrub02.m2;20124.2421875;40.30964279174805;20746.884765625;-8;352.2657470703125;-2.000000238418579;;1.669921875;108711;m2;201814;0;
..\..\world\kalimdor\dustwallow\passivedoodads\bushes\dustwallowbush01.m2;20136.06640625;32.34583282470703;20405.8984375;0;0;0;;1.5498046875;92161;m2;201811;0;
..\..\world\kalimdor\dustwallow\passivedoodads\bushes\dustwallowbush01.m2;20015.81640625;38.21728515625;20593.48046875;0;255.41793823242188;0;;1.28125;114161;m2;201811;0;
..\..\world\kalimdor\dustwallow\passivedoodads\bushes\dustwallowbush01.m2;19777.146484375;35.06100082397461;20464.73828125;0;37.81610107421875;0;;1.1259765625;107909;m2;201811;0;
..\..\world\kalimdor\dustwallow\passivedoodads\bushes\dustwallowbush01.m2;19961.01171875;37.07255172729492;20365.177734375;0;0;0;;1.5390625;90943;m2;201811;0;
..\..\world\kalimdor\dustwallow\passivedoodads\bushes\dustwallowbush01.m2;19992.82421875;38.12067794799805;20459.45703125;0;0;0;;1.5390625;92022;m2;201811;0;
..\..\world\kalimdor\dustwallow\passivedoodads\bushes\dustwallowbush01.m2;20182.021484375;35.18710708618164;20388.572265625;0;0;0;;1.5390625;92145;m2;201811;0;
..\..\world\kalimdor\dustwallow\passivedoodads\bushes\dustwallowbush01.m2;19850.259765625;34.66109085083008;20700.205078125;0;0;0;;1.5390625;93153;m2;201811;0;
..\..\world\kalimdor\dustwallow\passivedoodads\bushes\dustwallowbush01.m2;19987.55078125;37.22262191772461;20329.83203125;0;287;0;;1.2490234375;90965;m2;201811;0;
..\..\world\kalimdor\dustwallow\passivedoodads\bushes\dustwallowbush01.m2;19937.357421875;36.16788101196289;20597.33984375;0;308.0550537109375;0;;1.1201171875;104533;m2;201811;0;
..\..\world\kalimdor\dustwallow\passivedoodads\bushes\dustwallowbush01.m2;19804.625;34.214847564697266;20757.00390625;0;18.24798583984375;0;;1.2294921875;104397;m2;201811;0;
..\..\world\kalimdor\dustwallow\passivedoodads\bushes\dustwallowshrub02.m2;19923.611328125;32.8253173828125;20456.16015625;15.499999046325684;0;24.999998092651367;;1.2890625;91995;m2;201814;0;
..\..\world\kalimdor\dustwallow\passivedoodads\bushes\dustwallowbush01.m2;20172.1796875;34.521522521972656;20767.0625;0;282.81866455078125;0;;1.29296875;109288;m2;201811;0;
..\..\world\kalimdor\dustwallow\passivedoodads\bushes\dustwallowbush01.m2;20018.138671875;34.09312057495117;20486.34375;0;0;0;;1.529296875;92065;m2;201811;0;
..\..\world\kalimdor\dustwallow\passivedoodads\bushes\dustwallowbush01.m2;19905.916015625;34.71196365356445;20596.802734375;0;0;0;;1.529296875;92669;m2;201811;0;
..\..\world\kalimdor\dustwallow\passivedoodads\bushes\dustwallowbush01.m2;20191.97265625;43.021785736083984;20487.962890625;0;0;0;;1.529296875;92735;m2;201811;0;
..\..\world\kalimdor\dustwallow\passivedoodads\bushes\dustwallowbush01.m2;20138.51953125;37.683685302734375;20699.818359375;0;250.037841796875;0;;1.212890625;108730;m2;201811;0;
..\..\world\kalimdor\dustwallow\passivedoodads\bushes\dustwallowbush01.m2;19761.916015625;45.69823455810547;20756.529296875;0;41.44842529296875;0;;1.11328125;104416;m2;201811;0;
..\..\world\kalimdor\dustwallow\passivedoodads\bushes\dustwallowbush01.m2;19933.69140625;35.53839111328125;20599.267578125;0;267.0528259277344;0;;1.458984375;104535;m2;201811;0;
..\..\world\kalimdor\dustwallow\passivedoodads\bushes\dustwallowbush01.m2;19735.353515625;51.866050720214844;20758.80078125;0;313.61431884765625;0;;1.111328125;105012;m2;201811;0;
..\..\world\kalimdor\dustwallow\passivedoodads\bushes\dustwallowbush01.m2;20027.802734375;36.09074401855469;20685.037109375;0;313.61431884765625;0;;1.111328125;114181;m2;201811;0;
..\..\world\kalimdor\dustwallow\passivedoodads\bushes\dustwallowbush01.m2;19835.763671875;34.435123443603516;20802.787109375;0;4.1309814453125;0;;1.431640625;105018;m2;201811;0;
..\..\world\kalimdor\dustwallow\passivedoodads\bushes\dustwallowbush01.m2;20152.83984375;41.144168853759766;20528.4375;0;58;0;;1.1298828125;92753;m2;201811;0;
..\..\world\kalimdor\dustwallow\passivedoodads\bushes\dustwallowshrub02.m2;20104.361328125;37.14286422729492;20760.060546875;0;287.971435546875;0;;1.591796875;108717;m2;201814;0;
..\..\world\kalimdor\dustwallow\passivedoodads\bushes\dustwallowbush01.m2;19943.775390625;35.9604377746582;20329.6875;0;0;0;;1.51953125;90961;m2;201811;0;
..\..\world\kalimdor\dustwallow\passivedoodads\bushes\dustwallowbush01.m2;20169.4375;34.34962463378906;20284.361328125;0;0;0;;1.51953125;91228;m2;201811;0;
..\..\world\kalimdor\dustwallow\passivedoodads\bushes\dustwallowbush01.m2;19833.15625;35.56166458129883;20718.81640625;0;0;0;;1.51953125;93141;m2;201811;0;
..\..\world\kalimdor\dustwallow\passivedoodads\bushes\dustwallowshrub02.m2;19949.234375;29.1502628326416;20662.853515625;0;3.4168701171875;0;;1.7841796875;108647;m2;201814;0;
..\..\world\kalimdor\dustwallow\passivedoodads\bushes\dustwallowbush01.m2;19912.650390625;33.65610122680664;20779.8203125;0;253.76995849609375;0;;1.236328125;108607;m2;201811;0;
..\..\world\kalimdor\dustwallow\passivedoodads\bushes\dustwallowbush01.m2;20205.302734375;36.26750564575195;20620.17578125;0;158.25189208984375;0;;1.1826171875;102265;m2;201811;0;
..\..\world\kalimdor\dustwallow\passivedoodads\bushes\dustwallowbush01.m2;20023.421875;40.88115310668945;20425.3515625;0;0;0;;1.509765625;92041;m2;201811;0;
..\..\world\kalimdor\dustwallow\passivedoodads\bushes\dustwallowbush01.m2;20046.84375;34.80752944946289;20457.40625;0;0;0;;1.509765625;92049;m2;201811;0;
..\..\world\kalimdor\dustwallow\passivedoodads\bushes\dustwallowbush01.m2;20149.24609375;40.614070892333984;20521.7890625;0;0;0;;1.509765625;92751;m2;201811;0;
..\..\world\kalimdor\dustwallow\passivedoodads\bushes\dustwallowbush01.m2;19820.162109375;35.24559783935547;20309.763671875;0;0;0;;1.509765625;94130;m2;201811;0;
..\..\world\kalimdor\dustwallow\passivedoodads\bushes\dustwallowshrub02.m2;19952.048828125;36.40324783325195;20710.8125;25.00000762939453;308.7620849609375;-1.0000040531158447;;1.2744140625;108674;m2;201814;0;
..\..\world\kalimdor\dustwallow\passivedoodads\bushes\dustwallowbush01.m2;20173.150390625;36.23275375366211;20684.09765625;0;311.098388671875;0;;1.0986328125;108746;m2;201811;0;
..\..\world\kalimdor\dustwallow\passivedoodads\bushes\dustwallowbush01.m2;20237.587890625;39.68406295776367;20777.11328125;0;248.07887268066406;0;;1.177734375;109316;m2;201811;0;
..\..\world\kalimdor\dustwallow\passivedoodads\bushes\dustwallowshrub01.m2;20016.05078125;34.0421257019043;20744.138671875;-1.5;195.39109802246094;-7.000000476837158;;1.365234375;108689;m2;201813;0;
..\..\world\kalimdor\dustwallow\passivedoodads\bushes\dustwallowbush01.m2;20257.66015625;34.24370193481445;20364.818359375;0;1.5;0;;1.4697265625;91218;m2;201811;0;
..\..\world\kalimdor\dustwallow\passivedoodads\bushes\dustwallowbush01.m2;19786.90234375;36.76146697998047;20744.982421875;0;175.74267578125;0;;1.41015625;104392;m2;201811;0;
..\..\world\kalimdor\dustwallow\passivedoodads\bushes\dustwallowbush01.m2;19737.0390625;35.357093811035156;20628;0;290.5972595214844;0;;1.1875;107849;m2;201811;0;
..\..\world\kalimdor\dustwallow\passivedoodads\bushes\dustwallowbush01.m2;20228.8359375;38.95889663696289;20590.810546875;0;201.24269104003906;0;;1.1787109375;102245;m2;201811;0;
..\..\world\kalimdor\dustwallow\passivedoodads\bushes\dustwallowbush01.m2;20255.14453125;40.559059143066406;20745.857421875;0;201.24269104003906;0;;1.1787109375;109308;m2;201811;0;
..\..\world\kalimdor\dustwallow\passivedoodads\bushes\dustwallowshrub01.m2;19790.01953125;35.47914505004883;20667.630859375;0;19.5;0;;1.509765625;92905;m2;201813;0;
..\..\world\kalimdor\dustwallow\passivedoodads\bushes\dustwallowbush01.m2;19916.90625;33.831756591796875;20689.888671875;0;181.20303344726562;0;;1.47265625;108619;m2;201811;0;
..\..\world\kalimdor\dustwallow\passivedoodads\bushes\dustwallowbush01.m2;20016.26171875;32.840850830078125;20492.80859375;0;0;0;;1.4990234375;92063;m2;201811;0;
..\..\world\kalimdor\dustwallow\passivedoodads\bushes\dustwallowbush01.m2;20189.98046875;38.324676513671875;20579.37890625;0;242.48666381835938;0;;1.1328125;102254;m2;201811;0;
..\..\world\kalimdor\dustwallow\passivedoodads\bushes\dustwallowbush01.m2;20236.298828125;39.42991638183594;20779.576171875;0;242.48666381835938;0;;1.1328125;109317;m2;201811;0;
..\..\world\kalimdor\dustwallow\passivedoodads\bushes\dustwallowshrub01.m2;20123.498046875;38.005924224853516;20511.92578125;-12.999998092651367;37.297027587890625;-1.5;;1.28515625;109340;m2;201813;0;
..\..\world\kalimdor\dustwallow\passivedoodads\bushes\dustwallowbush01.m2;20043.630859375;34.543094635009766;20622.69140625;0;304.7920227050781;0;;1.1015625;114169;m2;201811;0;
..\..\world\kalimdor\dustwallow\passivedoodads\bushes\dustwallowbush01.m2;19910.798828125;33.300533294677734;20284.34375;0;312;0;;1.08984375;89975;m2;201811;0;
..\..\world\kalimdor\dustwallow\passivedoodads\bushes\dustwallowbush01.m2;20260.83203125;33.78145217895508;20664;0;167.766357421875;0;;1.271484375;102201;m2;201811;0;
..\..\world\kalimdor\dustwallow\passivedoodads\bushes\dustwallowshrub01.m2;20014.07421875;35.313602447509766;20761.95703125;22.500001907348633;13.99700927734375;-2.000000238418579;;1.2705078125;108692;m2;201813;0;
..\..\world\kalimdor\dustwallow\passivedoodads\bushes\dustwallowbush01.m2;20268.068359375;34.19655227661133;20356.759765625;0;0;0;;1.4892578125;91214;m2;201811;0;
..\..\world\kalimdor\dustwallow\passivedoodads\bushes\dustwallowbush01.m2;20218.134765625;33.847835540771484;20345.66015625;0;0;0;;1.4892578125;91226;m2;201811;0;
..\..\world\kalimdor\dustwallow\passivedoodads\bushes\dustwallowbush01.m2;20132.669921875;32.96485900878906;20410.525390625;0;0;0;;1.4892578125;92164;m2;201811;0;
..\..\world\kalimdor\dustwallow\passivedoodads\bushes\dustwallowbush01.m2;20127.1875;33.11227035522461;20408.373046875;0;333;0;;1.1298828125;93281;m2;201811;0;
..\..\world\kalimdor\dustwallow\passivedoodads\bushes\dustwallowbush01.m2;20013.33984375;38.41258239746094;20598.755859375;0;186.4766387939453;0;;1.3525390625;114165;m2;201811;0;
..\..\world\kalimdor\dustwallow\passivedoodads\bushes\dustwallowbush01.m2;20136.611328125;38.27448654174805;20699.96875;0;282.03863525390625;0;;1.2646484375;108729;m2;201811;0;
..\..\world\generic\passivedoodads\directionalmarker\directionalmarker02.m2;19797.083984375;33.87053298950195;20709.619140625;-2;354.5;16.500001907348633;;1;122353;m2;199684;0;
..\..\world\kalimdor\dustwallow\passivedoodads\bushes\dustwallowbush01.m2;20145.634765625;37.1685676574707;20747.6796875;0;199.60569763183594;0;;1.1787109375;108724;m2;201811;0;
..\..\world\kalimdor\dustwallow\passivedoodads\bushes\dustwallowbush01.m2;20051.30078125;35.35410690307617;20543.419921875;0;0;0;;1.4794921875;92091;m2;201811;0;
..\..\world\kalimdor\dustwallow\passivedoodads\bushes\dustwallowbush01.m2;19744.384765625;34.48420333862305;20631.66015625;0;103.57125854492188;0;;1.2373046875;107850;m2;201811;0;
..\..\world\kalimdor\dustwallow\passivedoodads\bushes\dustwallowbush01.m2;19789.103515625;34.18107986450195;20698.541015625;0;21;0;;1.1591796875;120969;m2;201811;0;
..\..\world\kalimdor\dustwallow\passivedoodads\bushes\dustwallowbush01.m2;19811.21875;33.99364471435547;20435.5703125;0;270.42572021484375;0;;1.462890625;107925;m2;201811;0;
..\..\world\kalimdor\dustwallow\passivedoodads\bushes\dustwallowbush01.m2;20203.498046875;36.01884078979492;20620.310546875;0;23.148895263671875;0;;1.1416015625;102266;m2;201811;0;
..\..\world\kalimdor\dustwallow\passivedoodads\bushes\dustwallowbush01.m2;19875.037109375;36.23457336425781;20331.3125;0;332;0;;1.109375;94159;m2;201811;0;
..\..\world\kalimdor\dustwallow\passivedoodads\bushes\dustwallowbush01.m2;20026.33984375;34.10158157348633;20475.607421875;0;0;0;;1.4697265625;92057;m2;201811;0;
..\..\world\kalimdor\dustwallow\passivedoodads\bushes\dustwallowbush01.m2;20084.181640625;34.39413070678711;20401.076171875;0;0;0;;1.4697265625;92542;m2;201811;0;
..\..\world\kalimdor\dustwallow\passivedoodads\bushes\dustwallowbush01.m2;20190.228515625;42.29693603515625;20484.001953125;0;0;0;;1.4697265625;92738;m2;201811;0;
..\..\world\kalimdor\dustwallow\passivedoodads\bushes\dustwallowbush01.m2;19790.841796875;38.6149787902832;20298.33203125;0;255.49998474121094;0;;1.2197265625;94123;m2;201811;0;
..\..\world\kalimdor\dustwallow\passivedoodads\bushes\dustwallowbush01.m2;20025.931640625;41.8648681640625;20303.626953125;0;355;0;;1.359375;89941;m2;201811;0;
..\..\world\kalimdor\dustwallow\passivedoodads\bushes\dustwallowbush01.m2;19873.685546875;36.112274169921875;20331.326171875;0;341;0;;1.169921875;94160;m2;201811;0;
..\..\world\kalimdor\dustwallow\passivedoodads\bushes\dustwallowbush01.m2;20054.3125;43.70256042480469;20275.8203125;9.5;0;-13;;1.2998046875;89935;m2;201811;0;
..\..\world\kalimdor\dustwallow\passivedoodads\bushes\dustwallowshrub02.m2;19783.1015625;32.430240631103516;20566.232421875;0;39.44561767578125;0;;1.462890625;108669;m2;201814;0;
..\..\world\kalimdor\dustwallow\passivedoodads\bushes\dustwallowbush01.m2;20234.96875;35.53560256958008;20282.482421875;0;0;0;;1.4599609375;91175;m2;201811;0;
..\..\world\kalimdor\dustwallow\passivedoodads\bushes\dustwallowbush01.m2;19780.125;40.11292266845703;20794.359375;0;0;0;;1.4599609375;121465;m2;201811;0;
..\..\world\kalimdor\dustwallow\passivedoodads\bushes\dustwallowshrub01.m2;20009.71875;34.22926330566406;20706.08984375;0;162.48175048828125;0;;1.4658203125;108687;m2;201813;0;
..\..\world\kalimdor\dustwallow\passivedoodads\bushes\dustwallowbush01.m2;20157.19140625;34.91082000732422;20787.630859375;0;155.4722900390625;0;;1.1162109375;109281;m2;201811;0;
..\..\world\kalimdor\dustwallow\passivedoodads\bushes\dustwallowbush01.m2;20238.755859375;41.98751449584961;20318.22265625;0;0;0;;1.44921875;91195;m2;201811;0;
..\..\world\kalimdor\dustwallow\passivedoodads\bushes\dustwallowbush01.m2;20042.349609375;34.614994049072266;20455.33203125;0;0;0;;1.44921875;92045;m2;201811;0;
..\..\world\kalimdor\dustwallow\passivedoodads\bushes\dustwallowbush01.m2;20178.1875;34.446346282958984;20383.1640625;0;0;0;;1.44921875;92140;m2;201811;0;
..\..\world\kalimdor\dustwallow\passivedoodads\bushes\dustwallowbush01.m2;20155.1953125;36.643245697021484;20473.353515625;0;0;0;;1.44921875;92727;m2;201811;0;
..\..\world\kalimdor\dustwallow\passivedoodads\bushes\dustwallowbush01.m2;20212.431640625;40.623382568359375;20509.8359375;0;0;0;;1.44921875;92745;m2;201811;0;
..\..\world\kalimdor\dustwallow\passivedoodads\bushes\dustwallowbush01.m2;19783.658203125;35.5822639465332;20775.61328125;0;14.18377685546875;0;;1.20703125;104398;m2;201811;0;
..\..\world\kalimdor\dustwallow\passivedoodads\bushes\dustwallowbush01.m2;19817.392578125;33.83066177368164;20483.53515625;0;174.21551513671875;0;;1.328125;107892;m2;201811;0;
..\..\world\kalimdor\dustwallow\passivedoodads\bushes\dustwallowbush01.m2;20127.39453125;38.951961517333984;20704.75390625;0;87.48681640625;0;;1.3876953125;108734;m2;201811;0;
..\..\world\kalimdor\dustwallow\passivedoodads\bushes\dustwallowbush01.m2;19938.96875;32.97720718383789;20655.51171875;0;93.93597412109375;0;;1.3564453125;108636;m2;201811;0;
..\..\world\kalimdor\dustwallow\passivedoodads\bushes\dustwallowbush01.m2;20029.451171875;40.950443267822266;20426.80078125;0;0;0;;1.439453125;92043;m2;201811;0;
..\..\world\kalimdor\dustwallow\passivedoodads\bushes\dustwallowbush01.m2;20156.93359375;35.091793060302734;20356.66015625;0;0;0;;1.439453125;92154;m2;201811;0;
..\..\world\kalimdor\dustwallow\passivedoodads\bushes\dustwallowbush01.m2;19847.669921875;35.08383560180664;20394.994140625;0;0;0;;1.439453125;94208;m2;201811;0;
..\..\world\kalimdor\dustwallow\passivedoodads\bushes\dustwallowshrub02.m2;20103.173828125;36.17378616333008;20761.412109375;12.999998092651367;23.36956787109375;22.500001907348633;;1.2412109375;108715;m2;201814;0;
..\..\world\kalimdor\dustwallow\passivedoodads\bushes\dustwallowbush01.m2;20136.96875;38.187164306640625;20705.087890625;0;328.7868957519531;0;;1.0712890625;108727;m2;201811;0;
..\..\world\kalimdor\dustwallow\passivedoodads\bushes\dustwallowbush01.m2;20048.478515625;44.24082565307617;20275.25;0;339;0;;1.1298828125;89938;m2;201811;0;
..\..\world\kalimdor\dustwallow\passivedoodads\bushes\dustwallowbush01.m2;20151.375;32.757957458496094;20625.642578125;0;142.03558349609375;0;;1.0498046875;102280;m2;201811;0;
..\..\world\kalimdor\dustwallow\passivedoodads\bushes\dustwallowbush01.m2;20067.298828125;35.4201545715332;20501.53515625;0;142.03558349609375;0;;1.0498046875;109344;m2;201811;0;
..\..\world\kalimdor\dustwallow\passivedoodads\bushes\dustwallowbush01.m2;20143.96875;38.198856353759766;20755.919921875;0;349.93621826171875;0;;1.248046875;108718;m2;201811;0;
..\..\world\kalimdor\dustwallow\passivedoodads\bushes\dustwallowbush02.m2;19770.650390625;35.22843933105469;20265.1171875;0;0;0;;1.3896484375;94100;m2;201812;0;
..\..\world\kalimdor\dustwallow\passivedoodads\bushes\dustwallowbush01.m2;19951.92578125;37.55534744262695;20577.759765625;2.5;0;2.000000238418579;;1.3896484375;91908;m2;201811;0;
..\..\world\kalimdor\dustwallow\passivedoodads\bushes\dustwallowbush01.m2;20059.384765625;34.69207763671875;20543.95703125;0;0;0;;1.4296875;92093;m2;201811;0;
..\..\world\kalimdor\dustwallow\passivedoodads\bushes\dustwallowbush01.m2;20230.17578125;36.43171310424805;20389.83984375;0;0;0;;1.4296875;92128;m2;201811;0;
..\..\world\kalimdor\dustwallow\passivedoodads\bushes\dustwallowbush01.m2;19911.896484375;35.6907844543457;20600.353515625;0;0;0;;1.4296875;92672;m2;201811;0;
..\..\world\kalimdor\dustwallow\passivedoodads\bushes\dustwallowbush01.m2;20206.45703125;40.44806671142578;20514.40234375;0;0;0;;1.4296875;92743;m2;201811;0;
..\..\world\kalimdor\dustwallow\passivedoodads\bushes\dustwallowbush01.m2;20088.357421875;43.954830169677734;20478.0390625;0;0;0;;1.4296875;92777;m2;201811;0;
..\..\world\kalimdor\dustwallow\passivedoodads\bushes\dustwallowbush01.m2;19831.34765625;37.147727966308594;20683.291015625;0;0;0;;1.4296875;93114;m2;201811;0;
..\..\world\kalimdor\dustwallow\passivedoodads\bushes\dustwallowbush01.m2;20197.572265625;38.89999771118164;20581.00390625;0;286.7189636230469;0;;1.1611328125;102257;m2;201811;0;
..\..\world\kalimdor\dustwallow\passivedoodads\bushes\dustwallowbush01.m2;19985.376953125;41.98716354370117;20681.544921875;0;306.8355407714844;0;;1.0439453125;108680;m2;201811;0;
..\..\world\kalimdor\dustwallow\passivedoodads\bushes\dustwallowbush01.m2;19789.794921875;36.22587585449219;20514.619140625;0;332.0609130859375;0;;1.0751953125;107874;m2;201811;0;
..\..\world\kalimdor\dustwallow\passivedoodads\bushes\dustwallowbush01.m2;19828.84765625;38.09689712524414;20283.97265625;0;350;0;;1.2392578125;94134;m2;201811;0;
..\..\world\kalimdor\dustwallow\passivedoodads\bushes\dustwallowbush01.m2;20163.111328125;34.1458625793457;20605.380859375;0;35.6737060546875;0;;1.044921875;102273;m2;201811;0;
..\..\world\kalimdor\dustwallow\passivedoodads\bushes\dustwallowshrub02.m2;20114.44140625;37.9874267578125;20738.93359375;0;141.45535278320312;0;;1.423828125;108712;m2;201814;0;
..\..\world\kalimdor\dustwallow\passivedoodads\bushes\dustwallowbush01.m2;19739.947265625;42.427799224853516;20716.23828125;0;182.81808471679688;0;;1.359375;105007;m2;201811;0;
..\..\world\kalimdor\dustwallow\passivedoodads\bushes\dustwallowbush01.m2;20089.396484375;39.21422576904297;20651.6640625;0;182.81808471679688;0;;1.359375;114176;m2;201811;0;
..\..\world\kalimdor\dustwallow\passivedoodads\bushes\dustwallowbush01.m2;19918.50390625;35.27452087402344;20660.869140625;0;303.10003662109375;0;;1.05078125;108625;m2;201811;0;
..\..\world\kalimdor\dustwallow\passivedoodads\bushes\dustwallowbush01.m2;20118.82421875;34.32037353515625;20291.267578125;0;0;0;;1.419921875;91985;m2;201811;0;
..\..\world\kalimdor\dustwallow\passivedoodads\bushes\dustwallowbush01.m2;20012.50390625;38.16191101074219;20385.5;0;0;0;;1.419921875;92555;m2;201811;0;
..\..\world\kalimdor\dustwallow\passivedoodads\bushes\dustwallowbush01.m2;20121.29296875;36.62058639526367;20468.935546875;0;0;0;;1.419921875;92726;m2;201811;0;
..\..\world\kalimdor\dustwallow\passivedoodads\bushes\dustwallowbush01.m2;20238.5625;49.38888931274414;20619.607421875;0;340.7184143066406;0;;1.1298828125;102302;m2;201811;0;
..\..\world\kalimdor\dustwallow\passivedoodads\bushes\dustwallowshrub01.m2;19926.89453125;30.99785041809082;20449.978515625;-32;0;34;;1;91998;m2;201813;0;
..\..\world\kalimdor\dustwallow\passivedoodads\bushes\dustwallowbush01.m2;20188.91015625;34.77342987060547;20650.70703125;0;316.8334045410156;0;;1.0283203125;102291;m2;201811;0;
..\..\world\kalimdor\dustwallow\passivedoodads\bushes\dustwallowshrub01.m2;19837.73046875;34.47618103027344;20347.109375;-8.5;8.5;0;;1.3193359375;94179;m2;201813;0;
..\..\world\kalimdor\dustwallow\passivedoodads\bushes\dustwallowshrub01.m2;19880.42578125;34.189491271972656;20591.33203125;-47.5;301.5;1.499996304512024;;1;92628;m2;201813;0;
..\..\world\kalimdor\dustwallow\passivedoodads\bushes\dustwallowbush01.m2;20159.44140625;37.456764221191406;20477.064453125;0;0;0;;1.4091796875;92732;m2;201811;0;
..\..\world\kalimdor\dustwallow\passivedoodads\bushes\dustwallowbush01.m2;19906.09765625;36.08762741088867;20543.357421875;0;0;0;;1.4091796875;93062;m2;201811;0;
..\..\world\kalimdor\dustwallow\passivedoodads\bushes\dustwallowshrub02.m2;19775.09765625;33.287757873535156;20601.30078125;0;258.0351867675781;0;;1.53125;108662;m2;201814;0;
..\..\world\kalimdor\dustwallow\passivedoodads\bushes\dustwallowbush01.m2;20183.646484375;35.555877685546875;20643.28125;0;205.6044158935547;0;;1.07421875;102284;m2;201811;0;
..\..\world\kalimdor\dustwallow\passivedoodads\bushes\dustwallowbush01.m2;20046.447265625;34.89723587036133;20511.00390625;0;205.6044158935547;0;;1.07421875;109348;m2;201811;0;
..\..\world\kalimdor\dustwallow\passivedoodads\bushes\dustwallowbush01.m2;19775.072265625;39.10672378540039;20745.974609375;0;92.6395263671875;0;;1.3486328125;104395;m2;201811;0;
..\..\world\kalimdor\dustwallow\passivedoodads\bushes\dustwallowbush01.m2;19914.013671875;34.883052825927734;20660.8984375;0;131.6861572265625;0;;1.0224609375;108624;m2;201811;0;
..\..\world\kalimdor\dustwallow\passivedoodads\bushes\dustwallowshrub01.m2;19920.27734375;33.29753494262695;20290.646484375;-6.499999523162842;0;6.499999523162842;;1.2294921875;89961;m2;201813;0;
..\..\world\kalimdor\dustwallow\passivedoodads\bushes\dustwallowbush01.m2;19756.32421875;35.469940185546875;20591.466796875;0;92.1121826171875;0;;1.3583984375;107842;m2;201811;0;
..\..\world\kalimdor\dustwallow\passivedoodads\bushes\dustwallowshrub01.m2;20107.076171875;41.45439529418945;20733.75390625;-23.5000057220459;168.05853271484375;-8.500000953674316;;1.119140625;108706;m2;201813;0;
..\..\world\kalimdor\dustwallow\passivedoodads\bushes\dustwallowbush01.m2;20259.041015625;43.029632568359375;20593.5234375;0;332.5333557128906;0;;1.0615234375;102240;m2;201811;0;
..\..\world\kalimdor\dustwallow\passivedoodads\bushes\dustwallowbush01.m2;20201.76953125;32.9355583190918;20608.603515625;0;340.7623291015625;0;;1.1181640625;102268;m2;201811;0;
..\..\world\kalimdor\dustwallow\passivedoodads\bushes\dustwallowbush01.m2;20262.83984375;39.74702072143555;20742.322265625;0;332.5333557128906;0;;1.0615234375;109303;m2;201811;0;
..\..\world\kalimdor\dustwallow\passivedoodads\bushes\dustwallowshrub01.m2;20117.849609375;39.111366271972656;20750.6015625;13.500000953674316;118.47393798828125;-4.999999523162842;;1.1748046875;108708;m2;201813;0;
..\..\world\kalimdor\dustwallow\passivedoodads\bushes\dustwallowbush01.m2;19994.513671875;42.26271438598633;20680.689453125;0;161.053466796875;0;;1.1201171875;108678;m2;201811;0;
..\..\world\kalimdor\dustwallow\passivedoodads\bushes\dustwallowbush01.m2;19867.142578125;38.48588943481445;20569.99609375;0;0;0;;1.3994140625;92676;m2;201811;0;
..\..\world\kalimdor\dustwallow\passivedoodads\bushes\dustwallowbush01.m2;20029.318359375;40.918235778808594;20430.87890625;0;334.5;0;;1.0693359375;92035;m2;201811;0;
..\..\world\kalimdor\dustwallow\passivedoodads\bushes\dustwallowbush01.m2;19806.291015625;34.41150665283203;20430.7734375;0;79.862060546875;0;;1.21484375;107920;m2;201811;0;
..\..\world\kalimdor\dustwallow\passivedoodads\bushes\dustwallowshrub01.m2;20027.255859375;42.57810974121094;20295.00390625;-9.000001907348633;319.5;5;;1.19921875;89944;m2;201813;0;
..\..\world\kalimdor\dustwallow\passivedoodads\bushes\dustwallowbush01.m2;20137.755859375;35.11123275756836;20775.912109375;0;269.2061767578125;0;;1.3740234375;109274;m2;201811;0;
..\..\world\kalimdor\dustwallow\passivedoodads\bushes\dustwallowbush01.m2;20081.28515625;32.48888397216797;20429.826171875;0;73;0;;1.1298828125;104384;m2;201811;0;
..\..\world\kalimdor\dustwallow\passivedoodads\bushes\dustwallowbush01.m2;19816.91796875;34.163047790527344;20481.966796875;0;25.99444580078125;0;;1.0595703125;107896;m2;201811;0;
..\..\world\kalimdor\dustwallow\passivedoodads\bushes\dustwallowbush01.m2;19944.33203125;36.07356643676758;20336.255859375;0;0;0;;1.3896484375;90963;m2;201811;0;
..\..\world\kalimdor\dustwallow\passivedoodads\bushes\dustwallowbush01.m2;20162.80078125;34.40605163574219;20288.21875;0;0;0;;1.3896484375;91230;m2;201811;0;
..\..\world\kalimdor\dustwallow\passivedoodads\bushes\dustwallowbush01.m2;20151.8828125;34.2570915222168;20355.375;0;0;0;;1.3896484375;92156;m2;201811;0;
..\..\world\kalimdor\dustwallow\passivedoodads\bushes\dustwallowbush01.m2;19813.40625;36.15034866333008;20700.154296875;0;0;0;;1.3896484375;93149;m2;201811;0;
..\..\world\kalimdor\dustwallow\passivedoodads\bushes\dustwallowbush01.m2;19837.537109375;35.37836456298828;20717.76953125;0;0;0;;1.3896484375;93160;m2;201811;0;
..\..\world\kalimdor\dustwallow\passivedoodads\bushes\dustwallowbush01.m2;19851.603515625;34.739768981933594;20396.71484375;0;0;0;;1.3896484375;94206;m2;201811;0;
..\..\world\kalimdor\dustwallow\passivedoodads\bushes\dustwallowbush02.m2;19806.111328125;34.8568000793457;20478.853515625;0;72.2373046875;0;;1.1240234375;107888;m2;201812;0;
..\..\world\kalimdor\dustwallow\passivedoodads\bushes\dustwallowshrub02.m2;20115.173828125;32.694053649902344;20698.462890625;0;265.76739501953125;0;;1.6171875;109749;m2;201814;0;
..\..\world\generic\passivedoodads\directionalmarker\directionalmarker02.m2;19785.14453125;33.67005157470703;20706.64453125;0.5;338.5;-7.500000476837158;;1;122354;m2;199684;0;
..\..\world\kalimdor\dustwallow\passivedoodads\bushes\dustwallowbush01.m2;19823.68359375;34.700748443603516;20305.9609375;0;344.5;0;;1.1396484375;94129;m2;201811;0;
..\..\world\kalimdor\dustwallow\passivedoodads\bushes\dustwallowshrub02.m2;20157.25;40.81254959106445;20526.388671875;0;54.5;0;;1.3798828125;92762;m2;201814;0;
..\..\world\kalimdor\dustwallow\passivedoodads\bushes\dustwallowshrub01.m2;20027.099609375;34.48585891723633;20754.994140625;-12;264.5664978027344;-1.0000001192092896;;1.2431640625;108694;m2;201813;0;
..\..\world\kalimdor\dustwallow\passivedoodads\bushes\dustwallowbush01.m2;20175.3125;34.11264419555664;20389.177734375;0;0;0;;1.3798828125;92143;m2;201811;0;
..\..\world\kalimdor\dustwallow\passivedoodads\bushes\dustwallowbush01.m2;20158.392578125;37.4409065246582;20348.064453125;0;0;0;;1.3798828125;92160;m2;201811;0;
..\..\world\kalimdor\dustwallow\passivedoodads\bushes\dustwallowbush01.m2;19751.099609375;34.34893798828125;20662.01953125;0;0;0;;1.3798828125;93076;m2;201811;0;
..\..\world\kalimdor\dustwallow\passivedoodads\bushes\dustwallowbush01.m2;19794.080078125;38.64485549926758;20300.146484375;0;0;0;;1.3798828125;94124;m2;201811;0;
..\..\world\kalimdor\dustwallow\passivedoodads\bushes\dustwallowbush01.m2;20110.857421875;35.822505950927734;20787.794921875;0;279.962158203125;0;;1.2001953125;109276;m2;201811;0;
..\..\world\kalimdor\dustwallow\passivedoodads\bushes\dustwallowshrub01.m2;19853.11328125;34.64455032348633;20603.01953125;-16.499998092651367;83;25.5;;1;92620;m2;201813;0;
..\..\world\azeroth\swamposorrow\passivedoodads\rocks\swampsorrowrock01.m2;20049.767578125;44.020755767822266;20271.28515625;0;217.5;0;;2.0390625;89931;m2;190388;0;
..\..\world\kalimdor\dustwallow\passivedoodads\bushes\dustwallowshrub01.m2;20219.6015625;45.02927780151367;20495.197265625;0;338.5;0;;1.369140625;92771;m2;201813;0;
..\..\world\kalimdor\dustwallow\passivedoodads\bushes\dustwallowbush01.m2;19940.576171875;32.711158752441406;20638.294921875;0;69.96307373046875;0;;1.0888671875;108633;m2;201811;0;
..\..\world\kalimdor\dustwallow\passivedoodads\bushes\dustwallowbush01.m2;20261.72265625;34.273902893066406;20365.537109375;0;312.5;0;;1;91217;m2;201811;0;
..\..\world\kalimdor\dustwallow\passivedoodads\bushes\dustwallowbush01.m2;20130.37890625;32.809749603271484;20296.236328125;0;43.5;0;;1;91978;m2;201811;0;
..\..\world\kalimdor\dustwallow\passivedoodads\bushes\dustwallowbush01.m2;19904.8828125;34.7938117980957;20599.16015625;0;317.5;0;;1;92668;m2;201811;0;
..\..\world\kalimdor\dustwallow\passivedoodads\bushes\dustwallowbush01.m2;19832.203125;35.68904495239258;20720;0;223.5;0;;1;93142;m2;201811;0;
..\..\world\kalimdor\dustwallow\passivedoodads\bushes\dustwallowbush01.m2;19942.3046875;32.93937683105469;20561.84765625;0;318.5;0;;1;91902;m2;201811;0;
..\..\world\kalimdor\dustwallow\passivedoodads\bushes\dustwallowbush01.m2;19911.478515625;35.881874084472656;20542.564453125;0;318.5;0;;1;93061;m2;201811;0;
..\..\world\kalimdor\dustwallow\passivedoodads\bushes\dustwallowbush01.m2;19878.486328125;36.394657135009766;20323.93359375;0;314.5;0;;1;94168;m2;201811;0;
..\..\world\kalimdor\dustwallow\passivedoodads\bushes\dustwallowbush01.m2;20171.5;36.09480285644531;20722.79296875;0;252.78115844726562;0;;1.1123046875;108753;m2;201811;0;
..\..\world\kalimdor\dustwallow\passivedoodads\bushes\dustwallowbush01.m2;19816.41015625;34.33701705932617;20600.96875;0;40.5;0;;1;92685;m2;201811;0;
..\..\world\kalimdor\dustwallow\passivedoodads\bushes\dustwallowbush01.m2;20209.638671875;39.69438934326172;20520.302734375;0;49;0;;1;92742;m2;201811;0;
..\..\world\generic\human\passivedoodads\signposts\humansignpost04.m2;19796.447265625;33.551536560058594;20716.490234375;0;0;0;;1;319568;m2;198466;0;
..\..\world\kalimdor\dustwallow\passivedoodads\bushes\dustwallowbush01.m2;20176.4375;33.920509338378906;20382.8671875;0;140;0;;1;92141;m2;201811;0;
..\..\world\kalimdor\dustwallow\passivedoodads\bushes\dustwallowshrub01.m2;20009.302734375;34.1061897277832;20747.09375;0;284.7413330078125;0;;1.380859375;108690;m2;201813;0;
..\..\world\kalimdor\dustwallow\passivedoodads\bushes\dustwallowbush01.m2;19878.12890625;36.5866813659668;20328.4375;0;219.5;0;;1;94170;m2;201811;0;
..\..\world\kalimdor\dustwallow\passivedoodads\bushes\dustwallowbush01.m2;19966.51953125;36.21755599975586;20368.81640625;0;0;0;;1.369140625;90945;m2;201811;0;
..\..\world\kalimdor\dustwallow\passivedoodads\bushes\dustwallowbush01.m2;19944.5546875;35.79942321777344;20327.80078125;0;0;0;;1.369140625;90962;m2;201811;0;
..\..\world\kalimdor\dustwallow\passivedoodads\bushes\dustwallowbush01.m2;19950.037109375;37.7109489440918;20573.65234375;0;321;0;;1;91905;m2;201811;0;
..\..\world\kalimdor\dustwallow\passivedoodads\bushes\dustwallowbush01.m2;20159.1484375;35.910438537597656;20471.041015625;0;0;0;;1.369140625;92729;m2;201811;0;
..\..\world\kalimdor\dustwallow\passivedoodads\bushes\dustwallowbush01.m2;19731.646484375;42.28341293334961;20738.80859375;0;7.273162841796875;0;;1.232421875;105010;m2;201811;0;
..\..\world\kalimdor\dustwallow\passivedoodads\bushes\dustwallowbush01.m2;20085.267578125;38.71359634399414;20655.841796875;0;7.273162841796875;0;;1.232421875;114179;m2;201811;0;
..\..\world\kalimdor\dustwallow\passivedoodads\bushes\dustwallowbush01.m2;20156.04296875;34.71226119995117;20357.783203125;0;308.5;0;;1;92155;m2;201811;0;
..\..\world\kalimdor\dustwallow\passivedoodads\bushes\dustwallowbush01.m2;20161.58984375;35.89265060424805;20472.12109375;0;308.5;0;;1;92731;m2;201811;0;
..\..\world\kalimdor\dustwallow\passivedoodads\bushes\dustwallowbush01.m2;20025.42578125;41.067684173583984;20424.919921875;0;308;0;;1;92042;m2;201811;0;
..\..\world\kalimdor\dustwallow\passivedoodads\bushes\dustwallowbush01.m2;20028.23046875;41.04403305053711;20426.0390625;0;38;0;;1;92044;m2;201811;0;
..\..\world\kalimdor\dustwallow\passivedoodads\bushes\dustwallowbush01.m2;19870.435546875;36.120121002197266;20329.845703125;0;322.5;0;;1;94162;m2;201811;0;
..\..\world\kalimdor\dustwallow\passivedoodads\bushes\dustwallowbush01.m2;20043.4140625;34.77061462402344;20617.5859375;0;194.3101348876953;0;;1.13671875;114166;m2;201811;0;
..\..\world\kalimdor\dustwallow\passivedoodads\bushes\dustwallowbush01.m2;20044.59375;35.19013214111328;20616.482421875;0;21.77557373046875;0;;1.0673828125;114170;m2;201811;0;
..\..\world\kalimdor\dustwallow\passivedoodads\bushes\dustwallowbush01.m2;20096.8984375;33.564491271972656;20284.7421875;0;54;0;;1;91962;m2;201811;0;
..\..\world\kalimdor\dustwallow\passivedoodads\bushes\dustwallowbush01.m2;20214.2421875;38.743892669677734;20520.09765625;0;306;0;;1;92740;m2;201811;0;
..\..\world\kalimdor\dustwallow\passivedoodads\bushes\dustwallowbush01.m2;20233.287109375;35.9922981262207;20442.603515625;0;324.5;0;;1;92793;m2;201811;0;
..\..\world\kalimdor\dustwallow\passivedoodads\bushes\dustwallowbush01.m2;20240.4609375;35.646480560302734;20287.8515625;0;0;0;;1.359375;91179;m2;201811;0;
..\..\world\kalimdor\dustwallow\passivedoodads\bushes\dustwallowbush01.m2;20098.361328125;33.530216217041016;20364.966796875;0;0;0;;1.359375;92570;m2;201811;0;
..\..\world\kalimdor\dustwallow\passivedoodads\bushes\dustwallowbush01.m2;20215.12890625;38.93097686767578;20518.642578125;0;0;0;;1.359375;92739;m2;201811;0;
..\..\world\kalimdor\dustwallow\passivedoodads\bushes\dustwallowbush01.m2;20152.599609375;39.004085540771484;20516.357421875;0;0;0;;1.359375;92750;m2;201811;0;
..\..\world\kalimdor\dustwallow\passivedoodads\bushes\dustwallowbush01.m2;19912.12890625;37.21196746826172;20534.83984375;0;0;0;;1.359375;93056;m2;201811;0;
..\..\world\kalimdor\dustwallow\passivedoodads\bushes\dustwallowbush01.m2;19835.439453125;34.17074966430664;20724.84375;0;0;0;;1.359375;93159;m2;201811;0;
..\..\world\kalimdor\dustwallow\passivedoodads\bushes\dustwallowbush01.m2;20208.1875;36.17205810546875;20440.134765625;0;34.5;0;;1;92788;m2;201811;0;
..\..\world\kalimdor\dustwallow\passivedoodads\bushes\dustwallowbush01.m2;20147.75390625;37.437660217285156;20751.91015625;0;206.88986206054688;0;;1.02734375;108722;m2;201811;0;
..\..\world\kalimdor\dustwallow\passivedoodads\bushes\dustwallowbush01.m2;20174.2109375;35.3617057800293;20725.916015625;0;287.3781433105469;0;;1.0947265625;108757;m2;201811;0;
..\..\world\kalimdor\dustwallow\passivedoodads\bushes\dustwallowbush01.m2;20241.041015625;35.26955032348633;20286.849609375;0;327.5;0;;1;91180;m2;201811;0;
..\..\world\kalimdor\dustwallow\passivedoodads\bushes\dustwallowbush01.m2;20238.07421875;41.502742767333984;20323.68359375;0;0;0;;1.349609375;91197;m2;201811;0;
..\..\world\kalimdor\dustwallow\passivedoodads\bushes\dustwallowbush01.m2;20160.009765625;35.121700286865234;20284.513671875;0;0;0;;1.349609375;91231;m2;201811;0;
..\..\world\kalimdor\dustwallow\passivedoodads\bushes\dustwallowbush01.m2;19857.8984375;40.10463333129883;20502.1953125;0;0;0;;1.349609375;93045;m2;201811;0;
..\..\world\kalimdor\dustwallow\passivedoodads\bushes\dustwallowbush01.m2;19750.70703125;34.83127975463867;20668.423828125;0;327.5;0;;1;93102;m2;201811;0;
..\..\world\kalimdor\dustwallow\passivedoodads\bushes\dustwallowbush01.m2;20121.421875;33.0245361328125;20288.99609375;0;328;0;;1;91983;m2;201811;0;
..\..\world\kalimdor\dustwallow\passivedoodads\bushes\dustwallowbush01.m2;19987.8359375;39.01754379272461;20457.65234375;0;302;0;;1;92021;m2;201811;0;
..\..\world\kalimdor\dustwallow\passivedoodads\bushes\dustwallowshrub01.m2;20106.076171875;42.64805603027344;20731.306640625;-9.5;75.32403564453125;-0.49999967217445374;;1.23828125;108703;m2;201813;0;
..\..\world\kalimdor\dustwallow\passivedoodads\bushes\dustwallowbush01.m2;19985.9375;38.19606018066406;20321.94140625;0;0;0;;1.33984375;90948;m2;201811;0;
..\..\world\kalimdor\dustwallow\passivedoodads\bushes\dustwallowbush01.m2;20019.98828125;39.498416900634766;20381.880859375;0;0;0;;1.33984375;92552;m2;201811;0;
..\..\world\kalimdor\dustwallow\passivedoodads\bushes\dustwallowbush01.m2;19838.75390625;34.6041145324707;20722.40625;0;0;0;;1.33984375;93157;m2;201811;0;
..\..\world\kalimdor\dustwallow\passivedoodads\bushes\dustwallowbush01.m2;19822.30078125;34.46126174926758;20304.71875;0;0;0;;1.33984375;94128;m2;201811;0;
..\..\world\kalimdor\dustwallow\passivedoodads\bushes\dustwallowbush01.m2;19871.880859375;37.615234375;20321.236328125;0;30.5;0;;1;94166;m2;201811;0;
..\..\world\kalimdor\dustwallow\passivedoodads\bushes\dustwallowshrub01.m2;19817.326171875;33.17662048339844;20709.228515625;-10.99999713897705;99;0.000003044137429242255;;1.2294921875;93152;m2;201813;0;
..\..\world\kalimdor\dustwallow\passivedoodads\bushes\dustwallowbush01.m2;19777.962890625;38.45974349975586;20740.404296875;0;151.264404296875;0;;1.0048828125;104389;m2;201811;0;
..\..\world\kalimdor\dustwallow\passivedoodads\bushes\dustwallowshrub01.m2;19792.125;30.925153732299805;20619.61328125;-13;0;8.499998092651367;;1.099609375;92879;m2;201813;0;
..\..\world\generic\orc\passivedoodads\signposts\orcsignpost03.m2;20098.103515625;31.80842399597168;20434.07421875;0;6;0;;1;319575;m2;199259;0;
..\..\world\kalimdor\dustwallow\passivedoodads\bushes\dustwallowbush01.m2;20111.380859375;36.72084045410156;20452.142578125;0;331;0;;1;92125;m2;201811;0;
..\..\world\kalimdor\dustwallow\passivedoodads\bushes\dustwallowbush01.m2;19867.42578125;34.540130615234375;20600.666015625;0;241.00001525878906;0;;1;92642;m2;201811;0;
..\..\world\kalimdor\dustwallow\passivedoodads\bushes\dustwallowbush01.m2;19915.732421875;34.01688003540039;20685.5859375;0;6.08660888671875;0;;1.2158203125;108617;m2;201811;0;
..\..\world\kalimdor\dustwallow\passivedoodads\bushes\dustwallowbush01.m2;19943.08203125;33.15473937988281;20561.748046875;0;0;0;;1.3291015625;91901;m2;201811;0;
..\..\world\kalimdor\dustwallow\passivedoodads\bushes\dustwallowbush01.m2;19736.56640625;43.07471466064453;20716.919921875;0;189.3441619873047;0;;1.1640625;105004;m2;201811;0;
..\..\world\kalimdor\dustwallow\passivedoodads\bushes\dustwallowbush01.m2;20048.95703125;35.20516586303711;20626.04296875;0;189.3441619873047;0;;1.1640625;114173;m2;201811;0;
..\..\world\kalimdor\dustwallow\passivedoodads\bushes\dustwallowbush01.m2;19902.16796875;34.64098358154297;20387.537109375;0;61.77801513671875;0;;1;107946;m2;201811;0;
..\..\world\kalimdor\dustwallow\passivedoodads\bushes\dustwallowbush01.m2;19763.33984375;45.627357482910156;20763.318359375;0;11.019622802734375;0;;1.1416015625;104421;m2;201811;0;
..\..\world\kalimdor\dustwallow\passivedoodads\bushes\dustwallowbush02.m2;19929.00390625;42.450538635253906;20268.337890625;0;319.5;0;;1;87877;m2;201812;0;
..\..\world\kalimdor\dustwallow\passivedoodads\bushes\dustwallowbush02.m2;19774.177734375;35.09561538696289;20271.794921875;0;322.5;0;;1;94104;m2;201812;0;
..\..\world\kalimdor\dustwallow\passivedoodads\bushes\dustwallowshrub01.m2;20099.625;32.66004943847656;20373.25;8.000000953674316;0;24.5;;1;92568;m2;201813;0;
..\..\world\kalimdor\dustwallow\passivedoodads\bushes\dustwallowbush02.m2;19774.095703125;34.948883056640625;20266.794921875;0;312;0;;1;94103;m2;201812;0;
..\..\world\kalimdor\dustwallow\passivedoodads\bushes\dustwallowbush01.m2;20127.130859375;33.08986282348633;20291.755859375;0;332.5;0;;1;91981;m2;201811;0;
..\..\world\kalimdor\dustwallow\passivedoodads\bushes\dustwallowbush01.m2;19892.037109375;33.996421813964844;20615.18359375;0;332.5;0;;1;92645;m2;201811;0;
..\..\world\kalimdor\dustwallow\passivedoodads\bushes\dustwallowbush01.m2;19869.068359375;37.31889724731445;20324.12890625;0;332.5;0;;1;94164;m2;201811;0;
..\..\world\kalimdor\dustwallow\passivedoodads\bushes\dustwallowshrub01.m2;20098.671875;42.387718200683594;20738.423828125;-6.999999523162842;314.51519775390625;1.999999761581421;;1.173828125;108702;m2;201813;0;
..\..\world\kalimdor\dustwallow\passivedoodads\bushes\dustwallowbush01.m2;19990.005859375;37.67201614379883;20323.05859375;0;0;0;;1.3193359375;90947;m2;201811;0;
..\..\world\kalimdor\dustwallow\passivedoodads\bushes\dustwallowbush01.m2;19952.732421875;36.520320892333984;20330.125;0;0;0;;1.3193359375;90954;m2;201811;0;
..\..\world\kalimdor\dustwallow\passivedoodads\bushes\dustwallowbush01.m2;20156.21484375;36.255558013916016;20471.853515625;0;0;0;;1.3193359375;92728;m2;201811;0;
..\..\world\kalimdor\dustwallow\passivedoodads\bushes\dustwallowbush01.m2;20205.6953125;35.586219787597656;20295.18359375;0;0;0;;1.3193359375;104984;m2;201811;0;
..\..\world\kalimdor\dustwallow\passivedoodads\bushes\dustwallowbush01.m2;19820.037109375;33.650733947753906;20479.42578125;0;86.71771240234375;0;;1.2529296875;107889;m2;201811;0;
..\..\world\kalimdor\dustwallow\passivedoodads\bushes\dustwallowbush01.m2;20051.3828125;44.240867614746094;20271.037109375;0;27;0;;1;89934;m2;201811;0;
..\..\world\kalimdor\dustwallow\passivedoodads\bushes\dustwallowbush01.m2;19820.6796875;35.91758346557617;20721.755859375;0;63;0;;1;93144;m2;201811;0;
..\..\world\kalimdor\dustwallow\passivedoodads\bushes\dustwallowbush01.m2;19811.572265625;36.04854965209961;20703.078125;0;296.5;0;;1;93147;m2;201811;0;
..\..\world\kalimdor\dustwallow\passivedoodads\bushes\dustwallowbush02.m2;19766.263671875;36.480899810791016;20272.236328125;0;329.5;0;;1;94110;m2;201812;0;
..\..\world\kalimdor\dustwallow\passivedoodads\bushes\dustwallowshrub02.m2;19962.28515625;36.18693923950195;20705.912109375;-3.5000011920928955;147.99774169921875;21;;1.109375;108672;m2;201814;0;
..\..\world\kalimdor\dustwallow\passivedoodads\bushes\dustwallowshrub01.m2;20084.76953125;35.62897491455078;20569.841796875;21.500001907348633;26.5;14.500001907348633;;1;92101;m2;201813;0;
..\..\world\kalimdor\dustwallow\passivedoodads\bushes\dustwallowbush01.m2;19926.1171875;35.580936431884766;20350.27734375;0;0;0;;1.3095703125;90958;m2;201811;0;
..\..\world\kalimdor\dustwallow\passivedoodads\bushes\dustwallowbush01.m2;20019.939453125;39.88451385498047;20525.431640625;0;0;0;;1.3095703125;92078;m2;201811;0;
..\..\world\kalimdor\dustwallow\passivedoodads\bushes\dustwallowbush01.m2;20081.712890625;34.00999450683594;20398.498046875;0;0;0;;1.3095703125;92540;m2;201811;0;
..\..\world\kalimdor\dustwallow\passivedoodads\bushes\dustwallowbush01.m2;20059.80859375;36.575565338134766;20425.154296875;0;0;0;;1.3095703125;92545;m2;201811;0;
..\..\world\kalimdor\dustwallow\passivedoodads\bushes\dustwallowbush01.m2;20208.431640625;39.97577667236328;20519.150390625;0;0;0;;1.3095703125;92741;m2;201811;0;
..\..\world\kalimdor\dustwallow\passivedoodads\bushes\dustwallowbush01.m2;19780.541015625;37.34897232055664;20673.634765625;0;0;0;;1.3095703125;93107;m2;201811;0;
..\..\world\kalimdor\dustwallow\passivedoodads\bushes\dustwallowbush01.m2;19832.490234375;35.17923355102539;20722.142578125;0;0;0;;1.3095703125;93140;m2;201811;0;
..\..\world\kalimdor\dustwallow\passivedoodads\bushes\dustwallowbush01.m2;19791.005859375;35.13801574707031;20735.697265625;0;334.5;0;;1;120975;m2;201811;0;
..\..\world\kalimdor\dustwallow\passivedoodads\bushes\dustwallowbush01.m2;19763.70703125;44.94886779785156;20757.064453125;0;3.9354248046875;0;;1.2294921875;104417;m2;201811;0;
..\..\world\kalimdor\dustwallow\passivedoodads\bushes\dustwallowbush01.m2;19860.96484375;34.10881423950195;20353.962890625;0;22;0;;1.01953125;94172;m2;201811;0;
..\..\world\kalimdor\dustwallow\passivedoodads\bushes\dustwallowbush01.m2;19830.91796875;38.53376770019531;20281.876953125;0;335;0;;1;94133;m2;201811;0;
..\..\world\kalimdor\dustwallow\passivedoodads\bushes\dustwallowshrub01.m2;19778.20703125;31.78623390197754;20623.2421875;17.499998092651367;319.5;10.999998092651367;;1;92882;m2;201813;0;
..\..\world\kalimdor\dustwallow\passivedoodads\bushes\dustwallowbush02.m2;19774.13671875;34.955196380615234;20267.2421875;0;331.5;0;;1;94102;m2;201812;0;
..\..\world\kalimdor\dustwallow\passivedoodads\bushes\dustwallowshrub02.m2;19775.818359375;33.93967056274414;20597.388671875;0;110.49376678466797;0;;1.3466796875;108661;m2;201814;0;
..\..\world\kalimdor\dustwallow\passivedoodads\bushes\dustwallowshrub01.m2;20160.73828125;29.730302810668945;20648.623046875;0;290.48736572265625;0;;1.3037109375;108742;m2;201813;0;
..\..\world\kalimdor\dustwallow\passivedoodads\bushes\dustwallowbush01.m2;19952.8671875;37.8316650390625;20576.42578125;-20;0;-28.5;;1;91907;m2;201811;0;
..\..\world\kalimdor\dustwallow\passivedoodads\bushes\dustwallowbush01.m2;20098.30859375;37.613582611083984;20719.25;0;248.15577697753906;0;;1.015625;109742;m2;201811;0;
..\..\world\kalimdor\dustwallow\passivedoodads\bushes\dustwallowbush01.m2;19911.859375;33.38374328613281;20285.2421875;0;0;0;;1.2998046875;89974;m2;201811;0;
..\..\world\kalimdor\dustwallow\passivedoodads\bushes\dustwallowbush01.m2;19915.09375;33.72924041748047;20282.666015625;0;0;0;;1.2998046875;89976;m2;201811;0;
..\..\world\kalimdor\dustwallow\passivedoodads\bushes\dustwallowbush01.m2;20186.21484375;42.31975555419922;20488.74609375;0;0;0;;1.2998046875;92736;m2;201811;0;
..\..\world\kalimdor\dustwallow\passivedoodads\bushes\dustwallowbush01.m2;19830.16796875;37.06120681762695;20688.990234375;0;0;0;;1.2998046875;93112;m2;201811;0;
..\..\world\kalimdor\dustwallow\passivedoodads\bushes\dustwallowbush01.m2;20130.98046875;32.56733322143555;20296.869140625;0;66;0;;1;91979;m2;201811;0;
..\..\world\kalimdor\dustwallow\passivedoodads\bushes\dustwallowbush01.m2;20030.43359375;33.3397216796875;20474.470703125;0;294;0;;1;92056;m2;201811;0;
..\..\world\kalimdor\dustwallow\passivedoodads\bushes\dustwallowbush01.m2;20156.48828125;39.0543212890625;20515.890625;0;24;0;;1;92749;m2;201811;0;
..\..\world\kalimdor\dustwallow\passivedoodads\bushes\dustwallowshrub01.m2;20111.61328125;34.58103561401367;20406.5859375;-13;4;-16.5;;1;92193;m2;201813;0;
..\..\world\kalimdor\dustwallow\passivedoodads\bushes\dustwallowbush01.m2;19961.068359375;36.68600082397461;20368.28125;0;0;0;;1.2890625;90942;m2;201811;0;
..\..\world\kalimdor\dustwallow\passivedoodads\bushes\dustwallowbush01.m2;19905.37109375;35.18609619140625;20600.9375;0;0;0;;1.2890625;92667;m2;201811;0;
..\..\world\kalimdor\dustwallow\passivedoodads\bushes\dustwallowbush01.m2;20119.2734375;36.80722427368164;20467.76953125;0;0;0;;1.2890625;92725;m2;201811;0;
..\..\world\kalimdor\dustwallow\passivedoodads\bushes\dustwallowbush01.m2;19926.94140625;35.3151741027832;20476.94140625;0;0;0;;1.2890625;93043;m2;201811;0;
..\..\world\kalimdor\dustwallow\passivedoodads\bushes\dustwallowshrub02.m2;19869.3359375;38.07633590698242;20373.2265625;-12.5;299.5;-3;;1.2197265625;94196;m2;201814;0;
..\..\world\kalimdor\dustwallow\passivedoodads\bushes\dustwallowbush01.m2;19897.849609375;35.9368782043457;20731.9375;0;82.79550170898438;0;;1.158203125;104550;m2;201811;0;
..\..\world\kalimdor\dustwallow\passivedoodads\bushes\dustwallowshrub01.m2;20197.14453125;43.43492889404297;20780.73828125;-25.499998092651367;334.1737060546875;-4.000000476837158;;1.044921875;109336;m2;201813;0;
..\..\world\kalimdor\dustwallow\passivedoodads\bushes\dustwallowshrub02.m2;19811.294921875;29.74528694152832;20501.353515625;0;261.55950927734375;0;;1.4384765625;107904;m2;201814;0;
..\..\world\kalimdor\dustwallow\passivedoodads\bushes\dustwallowbush01.m2;20021.576171875;40.80425262451172;20429.630859375;0;337.5;0;;1;92040;m2;201811;0;
..\..\world\kalimdor\dustwallow\passivedoodads\bushes\dustwallowshrub01.m2;20024.34375;40.16454315185547;20528.447265625;-24.5;326.5;5.499999523162842;;1;92079;m2;201813;0;
..\..\world\kalimdor\dustwallow\passivedoodads\bushes\dustwallowshrub01.m2;19935.56640625;30.92070198059082;20523.25;4.499999523162842;0;-22.5;;1;92009;m2;201813;0;
..\..\world\kalimdor\dustwallow\passivedoodads\bushes\dustwallowbush02.m2;19958.09765625;32.09423065185547;20531.111328125;0;11.5;0;;1.08984375;87831;m2;201812;0;
..\..\world\kalimdor\dustwallow\passivedoodads\bushes\dustwallowbush01.m2;20196.95703125;38.89457702636719;20580.638671875;0;356.8688049316406;0;;1.21875;102258;m2;201811;0;
..\..\world\kalimdor\dustwallow\passivedoodads\bushes\dustwallowbush01.m2;20264.34765625;34.11758804321289;20353.337890625;0;0;0;;1.279296875;91213;m2;201811;0;
..\..\world\kalimdor\dustwallow\passivedoodads\bushes\dustwallowbush01.m2;20062.673828125;36.064579010009766;20426.353515625;0;0;0;;1.279296875;92544;m2;201811;0;
..\..\world\kalimdor\dustwallow\passivedoodads\bushes\dustwallowbush01.m2;20114.64453125;34.37491989135742;20367.59765625;0;0;0;;1.279296875;92577;m2;201811;0;
..\..\world\kalimdor\dustwallow\passivedoodads\bushes\dustwallowbush01.m2;19831.462890625;34.56911849975586;20664.787109375;0;0;0;;1.279296875;93079;m2;201811;0;
..\..\world\kalimdor\dustwallow\passivedoodads\bushes\dustwallowbush01.m2;19870.880859375;38.31203079223633;20374.625;0;0;0;;1.279296875;94197;m2;201811;0;
..\..\world\generic\orc\passivedoodads\braziers\tallbrazier01.m2;20101.81640625;35.04676055908203;20301.017578125;0;46;0;;1;92510;m2;199141;0;
..\..\world\kalimdor\dustwallow\passivedoodads\bushes\dustwallowshrub01.m2;19878.86328125;35.162025451660156;20589.95703125;-9.500000953674316;47;-16.000001907348633;;1;92629;m2;201813;0;
..\..\world\generic\orc\passivedoodads\braziers\tallbrazier01.m2;19803.302734375;34.63069152832031;20462.04296875;0;315;0;;1;119136;m2;199141;0;
..\..\world\kalimdor\dustwallow\passivedoodads\bushes\dustwallowbush01.m2;19759.25390625;34.89791488647461;20590.86328125;0;258.19757080078125;0;;1.087890625;107844;m2;201811;0;
..\..\world\kalimdor\dustwallow\passivedoodads\bushes\dustwallowshrub02.m2;20101.951171875;36.241214752197266;20757.40234375;-12;44.065826416015625;-1.0000003576278687;;1.1572265625;108714;m2;201814;0;
..\..\world\kalimdor\dustwallow\passivedoodads\bushes\dustwallowbush01.m2;19755.78515625;33.89952850341797;20539.751953125;0;76.57705688476562;0;;1.0693359375;107835;m2;201811;0;
..\..\world\kalimdor\dustwallow\passivedoodads\bushes\dustwallowshrub02.m2;20032.53125;43.22183609008789;20302.67578125;13.499999046325684;17.5;4.999999523162842;;1.2998046875;89949;m2;201814;0;
..\..\world\kalimdor\dustwallow\passivedoodads\bushes\dustwallowshrub01.m2;19863.552734375;33.2674560546875;20615.572265625;19.999998092651367;30.5;-7.999998092651367;;1;92615;m2;201813;0;
..\..\world\kalimdor\dustwallow\passivedoodads\bushes\dustwallowshrub02.m2;19900.966796875;34.21125793457031;20436.83984375;-15.499999046325684;238.90554809570312;0.49999791383743286;;1.1650390625;107937;m2;201814;0;
..\..\world\kalimdor\dustwallow\passivedoodads\bushes\dustwallowshrub01.m2;20108.8515625;42.169090270996094;20729.876953125;18.000001907348633;153.0909423828125;-8.5;;1.0283203125;108704;m2;201813;0;
..\..\world\kalimdor\dustwallow\passivedoodads\bushes\dustwallowbush01.m2;20149.56640625;33.918453216552734;20272.24609375;0;0;0;;1.26953125;91232;m2;201811;0;
..\..\world\kalimdor\dustwallow\passivedoodads\bushes\dustwallowbush01.m2;19904.86328125;37.38796615600586;20535.455078125;0;0;0;;1.26953125;93064;m2;201811;0;
..\..\world\kalimdor\dustwallow\passivedoodads\bushes\dustwallowbush01.m2;20018.845703125;38.339324951171875;20597.857421875;0;189.5419158935547;0;;1.111328125;114162;m2;201811;0;
..\..\world\kalimdor\dustwallow\passivedoodads\bushes\dustwallowshrub01.m2;20202.14453125;35.76036834716797;20436.92578125;17.5;228.5;6.5;;1;92785;m2;201813;0;
..\..\world\kalimdor\dustwallow\passivedoodads\bushes\dustwallowshrub01.m2;19863.423828125;38.49966049194336;20373.10546875;-21.5;44.5;-2.500000476837158;;1;94194;m2;201813;0;
..\..\world\kalimdor\dustwallow\passivedoodads\bushes\dustwallowbush01.m2;20044.5625;34.982765197753906;20626.259765625;0;164.6021728515625;0;;1.04296875;114168;m2;201811;0;
..\..\world\kalimdor\dustwallow\passivedoodads\bushes\dustwallowbush01.m2;19746.828125;50.866539001464844;20771.669921875;0;276.4354248046875;0;;1.15234375;104422;m2;201811;0;
..\..\world\kalimdor\dustwallow\passivedoodads\bushes\dustwallowshrub01.m2;20219.517578125;44.5345458984375;20488.91015625;-25;327.5;0.0000018840700022337842;;1;92769;m2;201813;0;
..\..\world\kalimdor\dustwallow\passivedoodads\bushes\dustwallowshrub02.m2;20040.4921875;30.659162521362305;20793.392578125;0;130.85116577148438;0;;1.26953125;108886;m2;201814;0;
..\..\world\kalimdor\dustwallow\passivedoodads\bushes\dustwallowshrub01.m2;20115.529296875;39.50027084350586;20751.869140625;-25.000003814697266;116.99030303955078;1.4999994039535522;;1.0224609375;108707;m2;201813;0;
..\..\world\azeroth\westfall\passivedoodads\lamppost\westfalllamppost.m2;19950.17578125;32.25819778442383;20524.59765625;-6;0;10.5;;1;398891;m2;190612;0;
..\..\world\kalimdor\dustwallow\passivedoodads\bushes\dustwallowbush01.m2;20132.666015625;38.09858322143555;20697.173828125;0;274.22711181640625;0;;1.1826171875;108731;m2;201811;0;
..\..\world\generic\orc\passivedoodads\braziers\tallbrazier01.m2;19861.7109375;34.5959587097168;20417.220703125;0;27;0;;1;119137;m2;199141;0;
..\..\world\kalimdor\dustwallow\passivedoodads\bushes\dustwallowbush01.m2;19835.28125;34.69437026977539;20665.072265625;0;0;0;;1.259765625;93089;m2;201811;0;
..\..\world\kalimdor\dustwallow\passivedoodads\bushes\dustwallowbush01.m2;19814.96875;36.152862548828125;20701.46875;0;0;0;;1.259765625;93150;m2;201811;0;
..\..\world\kalimdor\dustwallow\passivedoodads\bushes\dustwallowbush01.m2;19842.73828125;35.89783477783203;20701.90625;0;0;0;;1.259765625;93155;m2;201811;0;
..\..\world\kalimdor\dustwallow\passivedoodads\bushes\dustwallowshrub01.m2;19957.15625;31.40047836303711;20532.701171875;2.499999523162842;77.5;3.5;;1.1796875;87826;m2;201813;0;
..\..\world\kalimdor\dustwallow\passivedoodads\bushes\dustwallowbush01.m2;20257.482421875;33.97795486450195;20362.771484375;0;340.5;0;;1;91219;m2;201811;0;
..\..\world\kalimdor\dustwallow\passivedoodads\bushes\dustwallowbush01.m2;19938.40234375;34.581443786621094;20455.685546875;0;250.49998474121094;0;;1;91993;m2;201811;0;
..\..\world\kalimdor\dustwallow\passivedoodads\bushes\dustwallowbush01.m2;20022.11328125;33.50896072387695;20489.48828125;0;250.49998474121094;0;;1;92062;m2;201811;0;
..\..\world\kalimdor\dustwallow\passivedoodads\bushes\dustwallowshrub01.m2;20087.9453125;33.869972229003906;20748.517578125;0;22.54461669921875;0;;1.2412109375;108699;m2;201813;0;
..\..\world\kalimdor\dustwallow\passivedoodads\bushes\dustwallowbush01.m2;19990.6015625;53.94425582885742;20273.75;0;0;0;;1.2490234375;90936;m2;201811;0;
..\..\world\kalimdor\dustwallow\passivedoodads\bushes\dustwallowbush01.m2;20020.9921875;39.55424499511719;20386.486328125;0;0;0;;1.2490234375;92558;m2;201811;0;
..\..\world\kalimdor\dustwallow\passivedoodads\bushes\dustwallowbush01.m2;19884.775390625;34.469444274902344;20635.08203125;0;0;0;;1.2490234375;92656;m2;201811;0;
..\..\world\kalimdor\dustwallow\passivedoodads\bushes\dustwallowbush01.m2;19836.09765625;36.58195495605469;20688.73828125;0;0;0;;1.2490234375;93124;m2;201811;0;
..\..\world\kalimdor\dustwallow\passivedoodads\bushes\dustwallowbush01.m2;19772.080078125;37.40347671508789;20705.47265625;0;0;0;;1.25;93138;m2;201811;0;
..\..\world\kalimdor\dustwallow\passivedoodads\bushes\dustwallowbush01.m2;19878.4140625;36.54575729370117;20327.41015625;0;0;0;;1.2490234375;94169;m2;201811;0;
..\..\world\kalimdor\dustwallow\passivedoodads\bushes\dustwallowbush01.m2;19855.53515625;34.22727584838867;20347.78125;0;0;0;;1.2490234375;94173;m2;201811;0;
..\..\world\azeroth\westfall\passivedoodads\lamppost\westfalllamppost02.m2;19957.197265625;32.13163757324219;20529.6796875;6.500000476837158;0.5;-10.500001907348633;;1;117305;m2;190614;0;
..\..\world\kalimdor\dustwallow\passivedoodads\bushes\dustwallowshrub02.m2;20213.33203125;45.436309814453125;20492.42578125;21.000001907348633;220.5;-16.499998092651367;;1;92767;m2;201814;0;
..\..\world\kalimdor\dustwallow\passivedoodads\bushes\dustwallowbush01.m2;20058.40234375;34.69914627075195;20545.1796875;0;288;0;;1;92094;m2;201811;0;
..\..\world\kalimdor\dustwallow\passivedoodads\bushes\dustwallowshrub01.m2;19839.09765625;35.938629150390625;20289.865234375;16;0;-9.499999046325684;;1;94137;m2;201813;0;
..\..\world\kalimdor\dustwallow\passivedoodads\bushes\dustwallowbush01.m2;19988.0546875;37.815330505371094;20467.017578125;0;0;0;;1.2392578125;92018;m2;201811;0;
..\..\world\kalimdor\dustwallow\passivedoodads\bushes\dustwallowbush01.m2;20024.943359375;34.015159606933594;20469.712890625;0;0;0;;1.2392578125;92059;m2;201811;0;
..\..\world\kalimdor\dustwallow\passivedoodads\bushes\dustwallowbush01.m2;20021.517578125;33.787227630615234;20488.66015625;0;0;0;;1.2392578125;92061;m2;201811;0;
..\..\world\kalimdor\dustwallow\passivedoodads\bushes\dustwallowbush01.m2;19814.41015625;34.34209442138672;20600.638671875;0;0;0;;1.2392578125;92684;m2;201811;0;
..\..\world\kalimdor\dustwallow\passivedoodads\bushes\dustwallowbush01.m2;19811.4765625;34.21311950683594;20599.544921875;0;0;0;;1.2392578125;92686;m2;201811;0;
..\..\world\kalimdor\dustwallow\passivedoodads\bushes\dustwallowbush01.m2;20190.36328125;42.667083740234375;20490.228515625;0;0;0;;1.2392578125;92734;m2;201811;0;
..\..\world\kalimdor\dustwallow\passivedoodads\bushes\dustwallowbush01.m2;20092.09375;43.52070999145508;20483.349609375;0;0;0;;1.2392578125;92776;m2;201811;0;
..\..\world\kalimdor\dustwallow\passivedoodads\bushes\dustwallowbush01.m2;20233.041015625;36.43226623535156;20438.37109375;0;0;0;;1.2392578125;92789;m2;201811;0;
..\..\world\kalimdor\dustwallow\passivedoodads\bushes\dustwallowbush01.m2;19858.013671875;39.6053352355957;20508.111328125;0;0;0;;1.2392578125;93047;m2;201811;0;
..\..\world\kalimdor\dustwallow\passivedoodads\bushes\dustwallowbush01.m2;19847.791015625;35.1100959777832;20694.982421875;0;0;0;;1.2392578125;93125;m2;201811;0;
..\..\world\kalimdor\dustwallow\passivedoodads\bushes\dustwallowshrub01.m2;20202.87109375;37.5847282409668;20384.5859375;-18.499998092651367;80;8.500000953674316;;1;92151;m2;201813;0;
..\..\world\kalimdor\dustwallow\passivedoodads\bushes\dustwallowbush01.m2;20159.322265625;34.81385803222656;20792.80859375;0;0.63720703125;0;;1.2255859375;109283;m2;201811;0;
..\..\world\kalimdor\dustwallow\passivedoodads\bushes\dustwallowbush01.m2;19905.572265625;34.77354049682617;20597.7265625;0;342.5;0;;1;92670;m2;201811;0;
..\..\world\kalimdor\dustwallow\passivedoodads\bushes\dustwallowshrub01.m2;20113.68359375;35.26685333251953;20547.91015625;14;261.5;10.000000953674316;;1;92774;m2;201813;0;
..\..\world\kalimdor\dustwallow\passivedoodads\bushes\dustwallowshrub01.m2;19777.830078125;31.02549171447754;20621.03125;30.000001907348633;290;4.999998092651367;;1;92883;m2;201813;0;
..\..\world\kalimdor\dustwallow\passivedoodads\bushes\dustwallowshrub02.m2;19945.40625;29.449684143066406;20660.87109375;0;61.013671875;0;;1.240234375;108648;m2;201814;0;
..\..\world\kalimdor\dustwallow\passivedoodads\bushes\dustwallowshrub02.m2;20158.130859375;28.52243423461914;20655.794921875;9.5;313.89794921875;1.0000001192092896;;1.1416015625;108739;m2;201814;0;
..\..\world\kalimdor\dustwallow\passivedoodads\bushes\dustwallowbush01.m2;19972.27734375;37.95460510253906;20793.763671875;0;1.97760009765625;0;;1.1953125;108873;m2;201811;0;
..\..\world\kalimdor\dustwallow\passivedoodads\bushes\dustwallowshrub01.m2;19874.00390625;33.16749954223633;20650.02734375;-2;0;18.999998092651367;;1;92652;m2;201813;0;
..\..\world\kalimdor\dustwallow\passivedoodads\bushes\dustwallowbush02.m2;19765.62890625;36.49539566040039;20271.634765625;0;342.5;0;;1;94111;m2;201812;0;
..\..\world\kalimdor\dustwallow\passivedoodads\bushes\dustwallowshrub01.m2;20091.83203125;33.74368667602539;20406.724609375;1.5000005960464478;311;-16.999998092651367;;1;92187;m2;201813;0;
..\..\world\kalimdor\dustwallow\passivedoodads\bushes\dustwallowshrub01.m2;20112.91015625;34.500919342041016;20412.6171875;-1.5;0;-19.500001907348633;;1;92195;m2;201813;0;
..\..\world\kalimdor\dustwallow\passivedoodads\bushes\dustwallowshrub01.m2;19875.853515625;31.54185676574707;20654.73828125;26;294;-1.499998927116394;;1;92651;m2;201813;0;
..\..\world\kalimdor\dustwallow\passivedoodads\bushes\dustwallowbush01.m2;19929.849609375;33.73508071899414;20483.185546875;0;0;0;;1.2294921875;92002;m2;201811;0;
..\..\world\kalimdor\dustwallow\passivedoodads\bushes\dustwallowbush01.m2;20174.205078125;33.65422439575195;20385.67578125;0;0;0;;1.2294921875;92142;m2;201811;0;
..\..\world\kalimdor\dustwallow\passivedoodads\bushes\dustwallowbush01.m2;20098.029296875;33.243160247802734;20361.591796875;0;0;0;;1.2294921875;92572;m2;201811;0;
..\..\world\kalimdor\dustwallow\passivedoodads\bushes\dustwallowbush01.m2;19892.728515625;34.14916229248047;20615.283203125;0;0;0;;1.2294921875;92644;m2;201811;0;
..\..\world\kalimdor\dustwallow\passivedoodads\bushes\dustwallowbush01.m2;19814.36328125;34.35708236694336;20594.2734375;0;0;0;;1.2294921875;92681;m2;201811;0;
..\..\world\kalimdor\dustwallow\passivedoodads\bushes\dustwallowbush01.m2;19860.166015625;39.6261100769043;20506.990234375;0;0;0;;1.2294921875;93048;m2;201811;0;
..\..\world\kalimdor\dustwallow\passivedoodads\bushes\dustwallowbush01.m2;19816.423828125;34.8529052734375;20305.228515625;0;0;0;;1.2294921875;94127;m2;201811;0;
..\..\world\kalimdor\dustwallow\passivedoodads\bushes\dustwallowbush01.m2;19872.580078125;35.312294006347656;20396.080078125;0;0;0;;1.2294921875;94212;m2;201811;0;
..\..\world\kalimdor\dustwallow\passivedoodads\bushes\dustwallowshrub01.m2;19867.939453125;34.238040924072266;20598.05859375;12;95.5;-10.5;;1;92633;m2;201813;0;
..\..\world\kalimdor\dustwallow\passivedoodads\bushes\dustwallowbush02.m2;19934.82421875;43.19077682495117;20268.7109375;30.500001907348633;0;4.500000953674316;;1;87874;m2;201812;0;
..\..\world\kalimdor\dustwallow\passivedoodads\bushes\dustwallowbush01.m2;19993.908203125;38.03937911987305;20460.7578125;0;343.5;0;;1;92023;m2;201811;0;
..\..\world\kalimdor\dustwallow\passivedoodads\bushes\dustwallowbush01.m2;19887.265625;34.0624885559082;20632.78515625;0;343.5;0;;1;92655;m2;201811;0;
..\..\world\kalimdor\dustwallow\passivedoodads\bushes\dustwallowbush01.m2;19914.548828125;37.015602111816406;20533.67578125;0;286.5;0;;1;93057;m2;201811;0;
..\..\world\kalimdor\dustwallow\passivedoodads\bushes\dustwallowbush01.m2;19811.876953125;36.1939811706543;20700.45703125;0;343.5;0;;1;93148;m2;201811;0;
..\..\world\kalimdor\dustwallow\passivedoodads\bushes\dustwallowbush01.m2;20083.662109375;32.66728210449219;20448.6484375;0;343.5;0;;1;104383;m2;201811;0;
..\..\world\kalimdor\dustwallow\passivedoodads\bushes\dustwallowshrub01.m2;20023.267578125;40.16605758666992;20527.138671875;-21.500003814697266;290.5;-6.500000476837158;;1;92080;m2;201813;0;
..\..\world\kalimdor\dustwallow\passivedoodads\bushes\dustwallowshrub01.m2;19751.2109375;33.49198532104492;20700.0859375;0;336.5;0;;1.2099609375;93128;m2;201813;0;
..\..\world\kalimdor\dustwallow\passivedoodads\bushes\dustwallowshrub01.m2;19835.51953125;34.879180908203125;20349.9375;17.500001907348633;286.5;7.499999523162842;;1;94183;m2;201813;0;
..\..\world\kalimdor\dustwallow\passivedoodads\bushes\dustwallowbush01.m2;20016.443359375;38.373348236083984;20599.88671875;0;6.10858154296875;0;;1.1162109375;114164;m2;201811;0;
..\..\world\kalimdor\dustwallow\passivedoodads\bushes\dustwallowshrub01.m2;19864.216796875;33.344017028808594;20613.615234375;0.5000007748603821;25.5;-14.5;;1;92613;m2;201813;0;
..\..\world\kalimdor\dustwallow\passivedoodads\bushes\dustwallowbush01.m2;20048.216796875;44.0765495300293;20272.16015625;0;0;0;;1.2197265625;89932;m2;201811;0;
..\..\world\kalimdor\dustwallow\passivedoodads\bushes\dustwallowbush01.m2;19931.080078125;35.9249153137207;20344.16796875;0;0;0;;1.2197265625;90956;m2;201811;0;
..\..\world\kalimdor\dustwallow\passivedoodads\bushes\dustwallowbush01.m2;19993.84765625;37.02003860473633;20435.078125;0;0;0;;1.2197265625;92027;m2;201811;0;
..\..\world\kalimdor\dustwallow\passivedoodads\bushes\dustwallowbush01.m2;19993.197265625;38.09187698364258;20440.099609375;0;0;0;;1.2197265625;92028;m2;201811;0;
..\..\world\kalimdor\dustwallow\passivedoodads\bushes\dustwallowbush01.m2;19751.955078125;34.85223388671875;20668.6015625;0;0;0;;1.2197265625;93101;m2;201811;0;
..\..\world\kalimdor\dustwallow\passivedoodads\bushes\dustwallowbush01.m2;19826.42578125;35.1335563659668;20675.048828125;0;0;0;;1.2197265625;93110;m2;201811;0;
..\..\world\kalimdor\dustwallow\passivedoodads\bushes\dustwallowbush01.m2;19822.064453125;35.614532470703125;20721.91015625;0;0;0;;1.2197265625;93143;m2;201811;0;
..\..\world\kalimdor\dustwallow\passivedoodads\bushes\dustwallowshrub01.m2;19904.224609375;30.92431640625;20293.86328125;12.499999046325684;0;-4.500000476837158;;1.0498046875;89962;m2;201813;0;
..\..\world\kalimdor\dustwallow\passivedoodads\bushes\dustwallowbush01.m2;19930.919921875;33.46135330200195;20484.205078125;0;344.5;0;;1;92003;m2;201811;0;
..\..\world\kalimdor\dustwallow\passivedoodads\bushes\dustwallowshrub01.m2;19793.7265625;37.62477493286133;20298.33984375;-15.000000953674316;305;4;;1;94121;m2;201813;0;
..\..\world\kalimdor\dustwallow\passivedoodads\bushes\dustwallowshrub02.m2;20085.25;35.542659759521484;20566.759765625;0;314.5;0;;1.2294921875;92103;m2;201814;0;
..\..\world\generic\human\passivedoodads\cargoboxes\deadminecargoboxes.m2;19892.625;33.64653778076172;20439.833984375;0;234;0;;1.2998046875;94242;m2;198085;0;
..\..\world\kalimdor\dustwallow\passivedoodads\bushes\dustwallowshrub01.m2;19941.232421875;30.957950592041016;20515.1875;0;0;0;;1.2197265625;92011;m2;201813;0;
..\..\world\kalimdor\dustwallow\passivedoodads\bushes\dustwallowbush01.m2;19942.541015625;34.38628387451172;20426.537109375;0;0;0;;1.2099609375;91909;m2;201811;0;
..\..\world\kalimdor\dustwallow\passivedoodads\bushes\dustwallowbush01.m2;20099.447265625;35.079463958740234;20320.72265625;0;15;0;;1;91959;m2;201811;0;
..\..\world\kalimdor\dustwallow\passivedoodads\bushes\dustwallowbush01.m2;20094.189453125;32.65890121459961;20283.17578125;0;0;0;;1.2099609375;91963;m2;201811;0;
..\..\world\kalimdor\dustwallow\passivedoodads\bushes\dustwallowbush01.m2;19939.787109375;34.390201568603516;20455.568359375;0;0;0;;1.2099609375;91992;m2;201811;0;
..\..\world\kalimdor\dustwallow\passivedoodads\bushes\dustwallowbush01.m2;19995.62890625;37.60554122924805;20441.5234375;0;0;0;;1.2099609375;92030;m2;201811;0;
..\..\world\kalimdor\dustwallow\passivedoodads\bushes\dustwallowbush01.m2;20017.546875;39.44308853149414;20388.3984375;0;0;0;;1.2099609375;92557;m2;201811;0;
..\..\world\kalimdor\dustwallow\passivedoodads\bushes\dustwallowbush01.m2;19862.203125;38.049076080322266;20572.59375;0;0;0;;1.2099609375;92679;m2;201811;0;
..\..\world\kalimdor\dustwallow\passivedoodads\bushes\dustwallowshrub01.m2;19837.38671875;34.55959701538086;20361.490234375;-16.500001907348633;296;6.000000476837158;;1;94184;m2;201813;0;
..\..\world\kalimdor\dustwallow\passivedoodads\bushes\dustwallowshrub01.m2;19784.505859375;35.16188430786133;20666.443359375;-1;0;-17.500003814697266;;1;92906;m2;201813;0;
..\..\world\kalimdor\dustwallow\passivedoodads\bushes\dustwallowshrub01.m2;19862.08203125;34.561824798583984;20607.32421875;14;53;-6.5;;1;92616;m2;201813;0;
..\..\world\kalimdor\dustwallow\passivedoodads\bushes\dustwallowshrub01.m2;19837.615234375;34.469398498535156;20369.287109375;-14.5;230.99998474121094;-3.000000476837158;;1;94185;m2;201813;0;
..\..\world\kalimdor\dustwallow\passivedoodads\bushes\dustwallowshrub01.m2;20130.21484375;34.65321350097656;20427.47265625;13.5;121.5;-4.999999523162842;;1;99020;m2;201813;0;
..\..\world\kalimdor\dustwallow\passivedoodads\bushes\dustwallowshrub01.m2;19863.986328125;38.45248794555664;20376.78515625;16.499998092651367;331.5;-5.999999523162842;;1;94193;m2;201813;0;
..\..\world\kalimdor\dustwallow\passivedoodads\bushes\dustwallowbush01.m2;20230.060546875;41.62150192260742;20324.91015625;0;0;0;;1.19921875;91191;m2;201811;0;
..\..\world\kalimdor\dustwallow\passivedoodads\bushes\dustwallowbush01.m2;19985.65625;38.281578063964844;20465.80078125;0;0;0;;1.19921875;92017;m2;201811;0;
..\..\world\kalimdor\dustwallow\passivedoodads\bushes\dustwallowbush01.m2;19864.466796875;38.255332946777344;20568.416015625;0;0;0;;1.19921875;92677;m2;201811;0;
..\..\world\kalimdor\dustwallow\passivedoodads\bushes\dustwallowbush01.m2;19812.65234375;35.96028518676758;20703.90625;0;0;0;;1.19921875;93146;m2;201811;0;
..\..\world\kalimdor\dustwallow\passivedoodads\bushes\dustwallowshrub02.m2;20084.51171875;32.56840896606445;20292.044921875;4.500000953674316;331;18.500001907348633;;1;91970;m2;201814;0;
..\..\world\kalimdor\dustwallow\passivedoodads\bushes\dustwallowbush01.m2;20228.87109375;41.66291046142578;20324.04296875;0;284;0;;1;91192;m2;201811;0;
..\..\world\kalimdor\dustwallow\passivedoodads\bushes\dustwallowshrub01.m2;20191.912109375;42.13950729370117;20785.08984375;0;272.80120849609375;0;;1.2060546875;109334;m2;201813;0;
..\..\world\kalimdor\dustwallow\passivedoodads\bushes\dustwallowshrub01.m2;20055.87109375;36.83089065551758;20427.728515625;1.5000001192092896;92.5;-15.499999046325684;;1;92549;m2;201813;0;
..\..\world\kalimdor\dustwallow\passivedoodads\bushes\dustwallowshrub01.m2;19837.666015625;33.57911682128906;20328.49609375;-21.5;272;3.9999983310699463;;1;94176;m2;201813;0;
..\..\world\kalimdor\dustwallow\passivedoodads\bushes\dustwallowshrub02.m2;20082.513671875;35.91969299316406;20571.380859375;15.999998092651367;24;25.999998092651367;;1;92102;m2;201814;0;
..\..\world\kalimdor\dustwallow\passivedoodads\bushes\dustwallowshrub01.m2;20056.416015625;37.70526885986328;20364.2734375;-0.49999988079071045;329.5;-11.999999046325684;;1;92566;m2;201813;0;
..\..\world\kalimdor\dustwallow\passivedoodads\bushes\dustwallowshrub01.m2;19948.857421875;32.10515594482422;20527.61328125;-9.000000953674316;0;-9.000000953674316;;1;87824;m2;201813;0;
..\..\world\kalimdor\dustwallow\passivedoodads\bushes\dustwallowbush01.m2;19914.462890625;33.65681838989258;20283.744140625;0;346.5;0;;1;89977;m2;201811;0;
..\..\world\kalimdor\dustwallow\passivedoodads\bushes\dustwallowshrub01.m2;19835.58984375;34.16227722167969;20331.55078125;17.000001907348633;35;-0.5000002980232239;;1;94177;m2;201813;0;
..\..\world\kalimdor\dustwallow\passivedoodads\bushes\dustwallowshrub01.m2;19863.140625;35.015018463134766;20606.251953125;1;0;-15.499999046325684;;1;92618;m2;201813;0;
..\..\world\kalimdor\dustwallow\passivedoodads\bushes\dustwallowshrub01.m2;19880.0703125;32.215911865234375;20645.48828125;-22.500001907348633;247;1;;1;92649;m2;201813;0;
..\..\world\kalimdor\dustwallow\passivedoodads\bushes\dustwallowshrub02.m2;20231.380859375;29.19832992553711;20457.1484375;0;305.5;0;;1.189453125;92830;m2;201814;0;
..\..\world\kalimdor\dustwallow\passivedoodads\bushes\dustwallowshrub01.m2;19824.09765625;32.15485382080078;20634.705078125;-21.999998092651367;0;3.5;;1;93087;m2;201813;0;
..\..\world\kalimdor\dustwallow\passivedoodads\bushes\dustwallowbush01.m2;19953.06640625;36.586517333984375;20333.76171875;0;0;0;;1.189453125;90955;m2;201811;0;
..\..\world\kalimdor\dustwallow\passivedoodads\bushes\dustwallowbush01.m2;19932.318359375;31.827919006347656;20546.3359375;0;0;0;;1.189453125;91900;m2;201811;0;
..\..\world\kalimdor\dustwallow\passivedoodads\bushes\dustwallowbush01.m2;19941.83984375;33.81120300292969;20431.34765625;0;0;0;;1.189453125;91911;m2;201811;0;
..\..\world\kalimdor\dustwallow\passivedoodads\bushes\dustwallowbush01.m2;20116.3125;34.446407318115234;20365.263671875;0;0;0;;1.189453125;92578;m2;201811;0;
..\..\world\kalimdor\dustwallow\passivedoodads\bushes\dustwallowbush01.m2;19930.451171875;35.58274841308594;20475.5625;0;0;0;;1.189453125;93044;m2;201811;0;
..\..\world\kalimdor\dustwallow\passivedoodads\bushes\dustwallowshrub02.m2;19839.40625;37.5752067565918;20279.65234375;-22.500003814697266;312;-4.000000476837158;;1;94143;m2;201814;0;
..\..\world\kalimdor\dustwallow\passivedoodads\bushes\dustwallowbush01.m2;19878.080078125;36.32028579711914;20322.673828125;0;0;0;;1.189453125;94167;m2;201811;0;
..\..\world\kalimdor\dustwallow\passivedoodads\bushes\dustwallowshrub01.m2;19883.7109375;30.98672103881836;20655.119140625;12.5;142.5;-5.5;;1;92650;m2;201813;0;
..\..\world\kalimdor\dustwallow\passivedoodads\bushes\dustwallowshrub02.m2;20109.431640625;34.9030647277832;20413.40625;24.5;324;-5.000000476837158;;1;92196;m2;201814;0;
..\..\world\kalimdor\dustwallow\passivedoodads\bushes\dustwallowshrub01.m2;19935.912109375;42.86247253417969;20268.935546875;23;0;-3;;1;87872;m2;201813;0;
..\..\world\kalimdor\dustwallow\passivedoodads\bushes\dustwallowbush02.m2;19949.013671875;31.62222671508789;20523.357421875;0;347.5;0;;1;87830;m2;201812;0;
..\..\world\kalimdor\dustwallow\passivedoodads\bushes\dustwallowbush01.m2;19940.96875;34.67433547973633;20424.265625;0;347;0;;1;91913;m2;201811;0;
..\..\world\kalimdor\dustwallow\passivedoodads\bushes\dustwallowbush02.m2;19765.4765625;36.18909454345703;20268.3046875;0;282;0;;1;94109;m2;201812;0;
..\..\world\kalimdor\dustwallow\passivedoodads\bushes\dustwallowbush01.m2;19934.51953125;31.846078872680664;20543.9921875;0;77.5;0;;1;91899;m2;201811;0;
..\..\world\kalimdor\dustwallow\passivedoodads\bushes\dustwallowbush01.m2;19948.318359375;38.07065963745117;20574.58984375;0;0;0;;1.1796875;91904;m2;201811;0;
..\..\world\kalimdor\dustwallow\passivedoodads\bushes\dustwallowbush01.m2;20000.671875;36.84871292114258;20439.37109375;0;0;0;;1.1796875;92031;m2;201811;0;
..\..\world\kalimdor\dustwallow\passivedoodads\bushes\dustwallowbush01.m2;20223.97265625;36.754356384277344;20388.546875;0;0;0;;1.1796875;92126;m2;201811;0;
..\..\world\kalimdor\dustwallow\passivedoodads\bushes\dustwallowbush01.m2;20118.349609375;34.32014846801758;20370.517578125;0;0;0;;1.1796875;92576;m2;201811;0;
..\..\world\kalimdor\dustwallow\passivedoodads\bushes\dustwallowbush01.m2;20118.46484375;36.11707305908203;20458.7421875;0;347.5;0;;1;92720;m2;201811;0;
..\..\world\kalimdor\dustwallow\passivedoodads\bushes\dustwallowbush01.m2;19833.318359375;37.287689208984375;20682.970703125;0;0;0;;1.1796875;93115;m2;201811;0;
..\..\world\kalimdor\dustwallow\passivedoodads\bushes\dustwallowbush01.m2;19832.611328125;38.61700439453125;20281.015625;0;0;0;;1.1796875;94132;m2;201811;0;
..\..\world\kalimdor\dustwallow\passivedoodads\bushes\dustwallowshrub02.m2;19996.99609375;35.23100662231445;20430.90234375;-12.500001907348633;316;13.000000953674316;;1;92026;m2;201814;0;
..\..\world\kalimdor\dustwallow\passivedoodads\bushes\dustwallowshrub02.m2;19985.29296875;55.11131286621094;20271.875;0;338.5;0;;1.2099609375;90939;m2;201814;0;
..\..\world\kalimdor\dustwallow\passivedoodads\bushes\dustwallowshrub01.m2;19879.599609375;33.72450637817383;20593.6875;-1.5000001192092896;29;-11.499999046325684;;1;92626;m2;201813;0;
..\..\world\kalimdor\dustwallow\passivedoodads\bushes\dustwallowshrub02.m2;20035.87109375;31.334028244018555;20792.61328125;0;40.39794921875;0;;1.177734375;108888;m2;201814;0;
..\..\world\kalimdor\dustwallow\passivedoodads\bushes\dustwallowshrub01.m2;19934.125;31.211585998535156;20516.52734375;-17.5;0;-3.499999761581421;;1;92008;m2;201813;0;
..\..\world\kalimdor\dustwallow\passivedoodads\bushes\dustwallowbush01.m2;19844.0859375;35.70591354370117;20702.87890625;0;12;0;;1;93156;m2;201811;0;
..\..\world\kalimdor\dustwallow\passivedoodads\bushes\dustwallowshrub01.m2;20123.39453125;32.933349609375;20407.40234375;14.500001907348633;284;4.499999523162842;;1;99022;m2;201813;0;
..\..\world\kalimdor\dustwallow\passivedoodads\bushes\dustwallowshrub02.m2;19734.36328125;35.03618240356445;20692.630859375;-22.000001907348633;311;1.0000027418136597;;1;93104;m2;201814;0;
..\..\world\kalimdor\dustwallow\passivedoodads\bushes\dustwallowbush01.m2;19986.642578125;54.49580383300781;20275.27734375;0;0;0;;1.169921875;90937;m2;201811;0;
..\..\world\kalimdor\dustwallow\passivedoodads\bushes\dustwallowbush01.m2;20096.98828125;35.25321578979492;20320.1796875;0;0;0;;1.169921875;91958;m2;201811;0;
..\..\world\kalimdor\dustwallow\passivedoodads\bushes\dustwallowbush01.m2;19939.958984375;33.65484619140625;20448.01171875;0;0;0;;1.169921875;91991;m2;201811;0;
..\..\world\kalimdor\dustwallow\passivedoodads\bushes\dustwallowbush01.m2;19868.2578125;34.47972106933594;20599.52734375;0;0;0;;1.169921875;92641;m2;201811;0;
..\..\world\kalimdor\dustwallow\passivedoodads\bushes\dustwallowbush01.m2;19754.64453125;34.19740676879883;20663.64453125;0;0;0;;1.169921875;93078;m2;201811;0;
..\..\world\kalimdor\dustwallow\passivedoodads\bushes\dustwallowbush01.m2;19873.201171875;37.3756103515625;20321.1171875;0;0;0;;1.169921875;94165;m2;201811;0;
..\..\world\azeroth\westfall\passivedoodads\lamppost\westfalllamppost02.m2;19859.595703125;30.52091407775879;20629.046875;0;27;0;;1;117306;m2;190614;0;
..\..\world\azeroth\westfall\passivedoodads\lamppost\westfalllamppost02.m2;19837.0625;30.74269676208496;20646.361328125;0;290.5;0;;1;117307;m2;190614;0;
..\..\world\azeroth\westfall\passivedoodads\lamppost\westfalllamppost02.m2;20013.509765625;31.88643455505371;20506.5234375;0;3;0;;1;122479;m2;190614;0;
..\..\world\azeroth\westfall\passivedoodads\lamppost\westfalllamppost02.m2;20146.69140625;32.4998779296875;20409.78515625;0;315;0;;1;117288;m2;190614;0;
..\..\world\azeroth\westfall\passivedoodads\lamppost\westfalllamppost02.m2;20162.5;32.33296203613281;20385.3984375;0;316;0;;1;117289;m2;190614;0;
..\..\world\azeroth\westfall\passivedoodads\lamppost\westfalllamppost02.m2;20084.23828125;32.527252197265625;20448.68359375;0;3;0;;1;117303;m2;190614;0;
..\..\world\azeroth\westfall\passivedoodads\lamppost\westfalllamppost02.m2;19801.34375;33.88862991333008;20700.8671875;0;313;0;;1;117308;m2;190614;0;
..\..\world\azeroth\westfall\passivedoodads\lamppost\westfalllamppost02.m2;19791.76953125;34.68989944458008;20736.28515625;0;1.5;0;;1;117309;m2;190614;0;
..\..\world\azeroth\westfall\passivedoodads\lamppost\westfalllamppost02.m2;20241.294921875;32.77220153808594;20348.974609375;0;304.5;0;;1;121833;m2;190614;0;
..\..\world\azeroth\westfall\passivedoodads\lamppost\westfalllamppost02.m2;19902.66015625;32.57210159301758;20593.8125;0;349.5;0;;1;122478;m2;190614;0;
..\..\world\azeroth\westfall\passivedoodads\lamppost\westfalllamppost02.m2;20049.904296875;31.639469146728516;20469.873046875;0;343;0;;1;122480;m2;190614;0;
..\..\world\kalimdor\dustwallow\passivedoodads\bushes\dustwallowbush01.m2;19854.6875;40.10026168823242;20504.92578125;0;348.5;0;;1;93050;m2;201811;0;
..\..\world\kalimdor\dustwallow\passivedoodads\bushes\dustwallowshrub02.m2;20044.193359375;29.33170509338379;20789.47265625;0;195.45274353027344;0;;1.2373046875;108887;m2;201814;0;
..\..\world\kalimdor\dustwallow\passivedoodads\bushes\dustwallowshrub01.m2;20203.7421875;37.68326950073242;20386.232421875;15.499999046325684;1;3.499999761581421;;1;92152;m2;201813;0;
..\..\world\kalimdor\dustwallow\passivedoodads\bushes\dustwallowbush01.m2;20083.671875;34.76523208618164;20403.23828125;0;349;0;;1;92543;m2;201811;0;
..\..\world\kalimdor\dustwallow\passivedoodads\bushes\dustwallowbush01.m2;20130.333984375;32.941978454589844;20408.005859375;0;281;0;;1;93283;m2;201811;0;
..\..\world\kalimdor\dustwallow\passivedoodads\bushes\dustwallowshrub02.m2;19948.966796875;37.64020538330078;20281.1171875;0;0;0;;1.419921875;89957;m2;201814;0;
..\..\world\kalimdor\dustwallow\passivedoodads\bushes\dustwallowbush01.m2;20237.62890625;35.033790588378906;20279.318359375;0;0;0;;1.1591796875;91174;m2;201811;0;
..\..\world\kalimdor\dustwallow\passivedoodads\bushes\dustwallowbush01.m2;19934.896484375;34.219749450683594;20480.8046875;0;0;0;;1.1591796875;92004;m2;201811;0;
..\..\world\kalimdor\dustwallow\passivedoodads\bushes\dustwallowbush01.m2;20029.68359375;32.99544143676758;20471.0390625;0;0;0;;1.1591796875;92053;m2;201811;0;
..\..\world\kalimdor\dustwallow\passivedoodads\bushes\dustwallowbush01.m2;20119.26953125;34.03238296508789;20365.09765625;0;0;0;;1.1591796875;92579;m2;201811;0;
..\..\world\kalimdor\dustwallow\passivedoodads\bushes\dustwallowbush01.m2;20208.447265625;40.25838851928711;20513.15625;0;0;0;;1.1591796875;92744;m2;201811;0;
..\..\world\kalimdor\dustwallow\passivedoodads\bushes\dustwallowshrub02.m2;19821.216796875;28.731977462768555;20762.478515625;0;86.15740966796875;0;;1.357421875;105024;m2;201814;0;
..\..\world\kalimdor\dustwallow\passivedoodads\bushes\dustwallowbush02.m2;19927.6328125;43.92095947265625;20265.34375;14;0;3.500000238418579;;1;87876;m2;201812;0;
..\..\world\azeroth\westfall\passivedoodads\lamppost\westfalllamppost.m2;20182.138671875;33.12253189086914;20372.234375;0;35;0;;1;398890;m2;190612;0;
..\..\world\azeroth\westfall\passivedoodads\lamppost\westfalllamppost.m2;19774.66015625;35.28825759887695;20716.47265625;0;25.5;0;;1;398892;m2;190612;0;
..\..\world\kalimdor\dustwallow\passivedoodads\bushes\dustwallowshrub01.m2;19851.673828125;35.3741340637207;20589.830078125;-20;275;-1.5000009536743164;;1;92623;m2;201813;0;
..\..\world\kalimdor\dustwallow\passivedoodads\bushes\dustwallowshrub01.m2;20024.630859375;35.152828216552734;20757.712890625;0;168.6964111328125;0;;1.166015625;108693;m2;201813;0;
..\..\world\kalimdor\dustwallow\passivedoodads\bushes\dustwallowshrub01.m2;20024.955078125;39.94560241699219;20532.333984375;-19.5;248.5;1.5000007152557373;;1;92081;m2;201813;0;
..\..\world\kalimdor\dustwallow\passivedoodads\bushes\dustwallowshrub01.m2;19905.572265625;30.390527725219727;20298.1640625;0;340;0;;1.1591796875;89963;m2;201813;0;
..\..\world\kalimdor\dustwallow\passivedoodads\bushes\dustwallowshrub01.m2;20097.1640625;32.674163818359375;20283.076171875;-18.999996185302734;0;1.5;;1;91965;m2;201813;0;
..\..\world\kalimdor\dustwallow\passivedoodads\bushes\dustwallowshrub01.m2;20034.61328125;43.98134994506836;20299.330078125;5;0;-8.5;;1;89947;m2;201813;0;
..\..\world\kalimdor\dustwallow\passivedoodads\bushes\dustwallowshrub01.m2;20127.955078125;31.935083389282227;20405.20703125;13;349.5;3.499999761581421;;1;99025;m2;201813;0;
..\..\world\kalimdor\dustwallow\passivedoodads\bushes\dustwallowbush01.m2;20096.1953125;34.119869232177734;20285.794921875;0;0;0;;1.1494140625;91961;m2;201811;0;
..\..\world\kalimdor\dustwallow\passivedoodads\bushes\dustwallowbush01.m2;20119.68359375;32.976158142089844;20288.51953125;0;0;0;;1.1494140625;91982;m2;201811;0;
..\..\world\kalimdor\dustwallow\passivedoodads\bushes\dustwallowshrub02.m2;20179.1484375;38.94975662231445;20334.818359375;0;306.5;0;;1.1494140625;92136;m2;201814;0;
..\..\world\kalimdor\dustwallow\passivedoodads\bushes\dustwallowbush01.m2;19865.890625;38.35744094848633;20573.68359375;0;0;0;;1.1494140625;92675;m2;201811;0;
..\..\world\kalimdor\dustwallow\passivedoodads\bushes\dustwallowbush01.m2;20233.333984375;36.306034088134766;20441.818359375;0;0;0;;1.1494140625;92792;m2;201811;0;
..\..\world\kalimdor\dustwallow\passivedoodads\bushes\dustwallowshrub01.m2;20204.59375;37.32414627075195;20382.841796875;-16.5;348.5;-2;;1;92153;m2;201813;0;
..\..\world\kalimdor\dustwallow\passivedoodads\bushes\dustwallowshrub02.m2;20076.68359375;32.56277847290039;20527.205078125;-18.500001907348633;214.99998474121094;-6.500000476837158;;1;92106;m2;201814;0;
..\..\world\kalimdor\dustwallow\passivedoodads\bushes\dustwallowshrub01.m2;19876.662109375;33.5652961730957;20344.216796875;9;29.5;-3.5000009536743164;;1;94201;m2;201813;0;
..\..\world\kalimdor\dustwallow\passivedoodads\bushes\dustwallowshrub02.m2;19984.158203125;35.04558181762695;20516.853515625;-11.5;36.5;6.500000953674316;;1;92068;m2;201814;0;
..\..\world\kalimdor\dustwallow\passivedoodads\bushes\dustwallowshrub02.m2;20072.91796875;33.04327392578125;20522.36328125;0;40.5;0;;1.1494140625;92108;m2;201814;0;
..\..\world\kalimdor\dustwallow\passivedoodads\bushes\dustwallowshrub02.m2;19950.474609375;29.70420265197754;20658.884765625;-14;317.4376525878906;-0.4999997913837433;;1.0244140625;108650;m2;201814;0;
..\..\world\generic\orc\passivedoodads\braziers\tallbrazier01.m2;19767.16796875;33.44228744506836;20544.62890625;0;349;0;;1;119135;m2;199141;0;
..\..\world\kalimdor\dustwallow\passivedoodads\bushes\dustwallowshrub02.m2;19988.90234375;37.48200225830078;20521.978515625;18.000003814697266;20.5;-9.499999046325684;;1;92071;m2;201814;0;
..\..\world\kalimdor\dustwallow\passivedoodads\bushes\dustwallowshrub01.m2;20114.673828125;34.58146286010742;20409.326171875;13.499999046325684;76.5;2.4999988079071045;;1;92194;m2;201813;0;
..\..\world\kalimdor\dustwallow\passivedoodads\bushes\dustwallowbush01.m2;20116.265625;34.51287841796875;20370.859375;0;0;0;;1.1396484375;92575;m2;201811;0;
..\..\world\kalimdor\dustwallow\passivedoodads\bushes\dustwallowbush01.m2;20268.81640625;36.22918701171875;20416.173828125;0;0;0;;1.1396484375;92809;m2;201811;0;
..\..\world\kalimdor\dustwallow\passivedoodads\bushes\dustwallowbush01.m2;19868.64453125;38.163612365722656;20378.40234375;0;0;0;;1.1396484375;94191;m2;201811;0;
..\..\world\kalimdor\dustwallow\passivedoodads\bushes\dustwallowbush01.m2;19799.3046875;34.97105026245117;20715.451171875;0;0;0;;1.1396484375;120971;m2;201811;0;
..\..\world\kalimdor\dustwallow\passivedoodads\bushes\dustwallowshrub01.m2;19860.98828125;34.840152740478516;20606.95703125;-16.5;70;1.0000005960464478;;1;92617;m2;201813;0;
..\..\world\kalimdor\dustwallow\passivedoodads\bushes\dustwallowshrub01.m2;19784.048828125;30.96822166442871;20619.37109375;0.5;0;-10.5;;1;92880;m2;201813;0;
..\..\world\kalimdor\dustwallow\passivedoodads\bushes\dustwallowshrub02.m2;20089.513671875;34.440155029296875;20450.04296875;0;341;0;;1.1796875;92550;m2;201814;0;
..\..\world\kalimdor\dustwallow\passivedoodads\bushes\dustwallowshrub01.m2;19863.587890625;37.03239440917969;20585.0234375;14.5;7.5;-1.4999998807907104;;1;92625;m2;201813;0;
..\..\world\kalimdor\dustwallow\passivedoodads\bushes\dustwallowshrub01.m2;20124.921875;32.834693908691406;20407.984375;6.000000953674316;14;-6.000000476837158;;1;99021;m2;201813;0;
..\..\world\kalimdor\dustwallow\passivedoodads\bushes\dustwallowshrub02.m2;19835.21875;38.06778335571289;20278.16796875;-15.499999046325684;53.5;5.499999523162842;;1;94144;m2;201814;0;
..\..\world\kalimdor\dustwallow\passivedoodads\bushes\dustwallowbush01.m2;19990.294921875;38.589656829833984;20456.759765625;0;0;0;;1.1298828125;92020;m2;201811;0;
..\..\world\kalimdor\dustwallow\passivedoodads\bushes\dustwallowbush01.m2;20091.162109375;44.06645584106445;20476.69140625;0;0;0;;1.1298828125;92779;m2;201811;0;
..\..\world\kalimdor\dustwallow\passivedoodads\bushes\dustwallowbush01.m2;19855.77734375;40.150638580322266;20503.375;0;0;0;;1.1298828125;93049;m2;201811;0;
..\..\world\kalimdor\dustwallow\passivedoodads\bushes\dustwallowbush01.m2;19833.27734375;35.006553649902344;20668.888671875;0;0;0;;1.1298828125;93109;m2;201811;0;
..\..\world\kalimdor\dustwallow\passivedoodads\bushes\dustwallowshrub02.m2;19758.662109375;34.459224700927734;20704.55078125;-13.500000953674316;348.5;-8;;1.0791015625;93130;m2;201814;0;
..\..\world\kalimdor\dustwallow\passivedoodads\bushes\dustwallowshrub02.m2;19987.673828125;35.97216033935547;20515.998046875;-16;324.5;-1.4999995231628418;;1;92069;m2;201814;0;
..\..\world\kalimdor\dustwallow\passivedoodads\bushes\dustwallowshrub01.m2;19837.59765625;34.73078918457031;20352.45703125;-14.000001907348633;164.5;1.5000003576278687;;1;94182;m2;201813;0;
..\..\world\kalimdor\dustwallow\passivedoodads\bushes\dustwallowbush01.m2;19964.36328125;37.05859375;20363.705078125;0;359.5;0;;1.119140625;90941;m2;201811;0;
..\..\world\kalimdor\dustwallow\passivedoodads\bushes\dustwallowshrub01.m2;20046.876953125;39.20148849487305;20368.076171875;5.5;306.5;6;;1;92562;m2;201813;0;
..\..\world\kalimdor\dustwallow\passivedoodads\bushes\dustwallowshrub01.m2;19793.513671875;35.83478927612305;20673.8828125;0;313.5;0;;1.099609375;93105;m2;201813;0;
..\..\world\kalimdor\dustwallow\passivedoodads\bushes\dustwallowshrub01.m2;19861.857421875;33.16228103637695;20615.14453125;12.000001907348633;295;1.999999761581421;;1;92614;m2;201813;0;
..\..\world\kalimdor\dustwallow\passivedoodads\bushes\dustwallowshrub02.m2;19892.349609375;34.24586486816406;20551.134765625;21.999996185302734;286.5;13.999999046325684;;1;93054;m2;201814;0;
..\..\world\kalimdor\dustwallow\passivedoodads\bushes\dustwallowshrub02.m2;20015.6015625;38.31087112426758;20532.98828125;23.999998092651367;295;2.500000476837158;;1;92075;m2;201814;0;
..\..\world\kalimdor\dustwallow\passivedoodads\bushes\dustwallowbush01.m2;19970.19140625;33.72726821899414;20488.705078125;0;0;0;;1.119140625;92016;m2;201811;0;
..\..\world\kalimdor\dustwallow\passivedoodads\bushes\dustwallowbush01.m2;19993.353515625;37.92656326293945;20464.31640625;0;0;0;;1.119140625;92019;m2;201811;0;
..\..\world\kalimdor\dustwallow\passivedoodads\bushes\dustwallowshrub02.m2;20141.578125;34.26374435424805;20477.466796875;0;0;0;;1.369140625;92121;m2;201814;0;
..\..\world\kalimdor\dustwallow\passivedoodads\bushes\dustwallowbush01.m2;20123.2421875;35.20724868774414;20460.80078125;0;0;0;;1.119140625;92719;m2;201811;0;
..\..\world\kalimdor\dustwallow\passivedoodads\bushes\dustwallowbush01.m2;20206.08203125;35.93233108520508;20441.6484375;0;0;0;;1.119140625;92787;m2;201811;0;
..\..\world\kalimdor\dustwallow\passivedoodads\bushes\dustwallowshrub02.m2;20132.318359375;32.147865295410156;20407.650390625;8.500000953674316;297;16;;1;92165;m2;201814;0;
..\..\world\kalimdor\dustwallow\passivedoodads\bushes\dustwallowshrub02.m2;19887.96484375;35.94926071166992;20554.75;-21.999998092651367;340;-6.000000953674316;;1;93055;m2;201814;0;
..\..\world\kalimdor\dustwallow\passivedoodads\bushes\dustwallowshrub02.m2;19839.9921875;34.450042724609375;20348.37890625;-15.000000953674316;311;-0.4999990463256836;;1;94180;m2;201814;0;
..\..\world\kalimdor\dustwallow\passivedoodads\bushes\dustwallowshrub01.m2;20101.828125;34.573997497558594;20407.224609375;-3.5;0;6.5;;1;92191;m2;201813;0;
..\..\world\kalimdor\dustwallow\passivedoodads\bushes\dustwallowshrub01.m2;20055.474609375;37.78346252441406;20362.447265625;0.49999967217445374;316;-8.000000953674316;;1;92567;m2;201813;0;
..\..\world\kalimdor\dustwallow\passivedoodads\bushes\dustwallowbush01.m2;20181.119140625;34.44094467163086;20647.923828125;0;269.05242919921875;0;;1.09375;102287;m2;201811;0;
..\..\world\kalimdor\dustwallow\passivedoodads\bushes\dustwallowbush01.m2;19869.62890625;36.32546615600586;20328.69140625;0;0;0;;1.109375;94161;m2;201811;0;
..\..\world\kalimdor\dustwallow\passivedoodads\bushes\dustwallowshrub02.m2;20083.64453125;31.284645080566406;20287.6875;-16.5;16.5;9.499999046325684;;1;91969;m2;201814;0;
..\..\world\kalimdor\dustwallow\passivedoodads\bushes\dustwallowshrub01.m2;20128.5234375;34.413330078125;20426.677734375;8;235;0;;1;99019;m2;201813;0;
..\..\world\kalimdor\dustwallow\passivedoodads\bushes\dustwallowshrub02.m2;19771.966796875;33.99635696411133;20596.314453125;-13.000001907348633;32.5;-10.999999046325684;;1;108658;m2;201814;0;
..\..\world\kalimdor\dustwallow\passivedoodads\bushes\dustwallowbush01.m2;19816.015625;34.365447998046875;20594.322265625;0;97;0;;1;92683;m2;201811;0;
..\..\world\kalimdor\dustwallow\passivedoodads\bushes\dustwallowbush01.m2;19773.404296875;37.15690994262695;20702.83984375;0;353;0;;1;93137;m2;201811;0;
..\..\world\generic\orc\passivedoodads\braziers\tallbrazier01.m2;19834.583984375;36.475341796875;20289.3125;7.999999046325684;0;-0.5;;1;93035;m2;199141;0;
..\..\world\kalimdor\dustwallow\passivedoodads\bushes\dustwallowshrub02.m2;19960.953125;30.646108627319336;20527.193359375;-14;0;-16.000001907348633;;1;92013;m2;201814;0;
..\..\world\kalimdor\dustwallow\passivedoodads\bushes\dustwallowshrub02.m2;19795.765625;31.356971740722656;20620.66796875;0;112.5;0;;1.1298828125;92878;m2;201814;0;
..\..\world\kalimdor\dustwallow\passivedoodads\bushes\dustwallowshrub02.m2;20131.34765625;32.765350341796875;20412.046875;-13.5;232.5;8.780338021097123e-7;;1;93284;m2;201814;0;
..\..\world\kalimdor\dustwallow\passivedoodads\bushes\dustwallowshrub01.m2;19782.59765625;35.63343048095703;20667.486328125;10.999999046325684;23.5;0.9999995827674866;;1;92907;m2;201813;0;
..\..\world\kalimdor\dustwallow\passivedoodads\bushes\dustwallowshrub01.m2;19937.20703125;30.916744232177734;20516.826171875;0;0;0;;1.109375;92012;m2;201813;0;
..\..\world\kalimdor\dustwallow\passivedoodads\bushes\dustwallowshrub01.m2;19874.66015625;33.889408111572266;20343.193359375;-5.5;71;-3.999999523162842;;1;94202;m2;201813;0;
..\..\world\kalimdor\dustwallow\passivedoodads\bushes\dustwallowshrub02.m2;19789.99609375;37.50081253051758;20676.94921875;22.500001907348633;66;-1.9999995231628418;;1;92903;m2;201814;0;
..\..\world\kalimdor\dustwallow\passivedoodads\bushes\dustwallowbush01.m2;19932.80859375;32.21223068237305;20543.953125;0;0;0;;1.099609375;91898;m2;201811;0;
..\..\world\kalimdor\dustwallow\passivedoodads\bushes\dustwallowbush01.m2;19935.6015625;34.44314193725586;20454.353515625;0;0;0;;1.099609375;91994;m2;201811;0;
..\..\world\kalimdor\dustwallow\passivedoodads\bushes\dustwallowbush01.m2;19933.98828125;34.00732421875;20482.123046875;0;83.5;0;;1;92005;m2;201811;0;
..\..\world\kalimdor\dustwallow\passivedoodads\bushes\dustwallowshrub02.m2;19920.255859375;32.97061538696289;20292.353515625;6.5;0;7;;1.1494140625;89959;m2;201814;0;
..\..\world\kalimdor\dustwallow\passivedoodads\bushes\dustwallowshrub01.m2;20104.94921875;34.875675201416016;20407.78515625;0.9999998807907104;313;6.500000476837158;;1;92192;m2;201813;0;
..\..\world\kalimdor\dustwallow\passivedoodads\bushes\dustwallowbush01.m2;19796.50390625;33.929386138916016;20717.41015625;0;1;0;;1.0791015625;319573;m2;201811;0;
..\..\world\kalimdor\dustwallow\passivedoodads\bushes\dustwallowbush01.m2;19749.666015625;34.559852600097656;20663.48828125;0;354;0;;1;93077;m2;201811;0;
..\..\world\kalimdor\dustwallow\passivedoodads\bushes\dustwallowbush01.m2;20058.36328125;35.24349594116211;20535.611328125;0;0;0;;1.08984375;92096;m2;201811;0;
..\..\world\kalimdor\dustwallow\passivedoodads\bushes\dustwallowbush01.m2;19861.734375;34.246280670166016;20354.837890625;0;0;0;;1.08984375;94171;m2;201811;0;
..\..\world\kalimdor\dustwallow\passivedoodads\bushes\dustwallowshrub02.m2;20076.046875;33.12466812133789;20523.53515625;12.499999046325684;122;-0.5000002980232239;;1;92105;m2;201814;0;
..\..\world\kalimdor\dustwallow\passivedoodads\bushes\dustwallowshrub02.m2;20267.64453125;35.63779830932617;20442.53515625;-1.499999761581421;352;17.5;;1;92814;m2;201814;0;
..\..\world\kalimdor\dustwallow\passivedoodads\bushes\dustwallowbush02.m2;19807.5703125;34.86247634887695;20478.08984375;0;88.222900390625;0;;1.0322265625;107886;m2;201812;0;
..\..\world\kalimdor\dustwallow\passivedoodads\bushes\dustwallowshrub01.m2;19865.380859375;34.42366409301758;20602.138671875;0;30;3.9999990463256836;;1;92634;m2;201813;0;
..\..\world\kalimdor\dustwallow\passivedoodads\bushes\dustwallowshrub02.m2;20232.322265625;29.531585693359375;20457.728515625;16.500001907348633;0;-11.5;;1.009765625;92831;m2;201814;0;
..\..\world\kalimdor\dustwallow\passivedoodads\bushes\dustwallowshrub01.m2;19866.388671875;38.084171295166016;20370.62109375;-8;11.5;-1;;1;94195;m2;201813;0;
..\..\world\kalimdor\dustwallow\passivedoodads\bushes\dustwallowbush01.m2;20128.130859375;32.847652435302734;20292.171875;0;0;0;;1.0791015625;91980;m2;201811;0;
..\..\world\kalimdor\dustwallow\passivedoodads\bushes\dustwallowbush01.m2;19953.240234375;37.4944953918457;20574.41015625;0;355;0;;1;91906;m2;201811;0;
..\..\world\kalimdor\dustwallow\passivedoodads\bushes\dustwallowshrub02.m2;19982.69140625;35.438575744628906;20521.09765625;13.000000953674316;303;2;;1;92073;m2;201814;0;
..\..\world\kalimdor\dustwallow\passivedoodads\bushes\dustwallowbush01.m2;20186.509765625;42.233089447021484;20486.74609375;0;265;0;;1;92737;m2;201811;0;
..\..\world\kalimdor\dustwallow\passivedoodads\bushes\dustwallowbush01.m2;19835.91015625;35.5010871887207;20717.45703125;0;85;0;;1;93161;m2;201811;0;
..\..\world\kalimdor\dustwallow\passivedoodads\bushes\dustwallowshrub02.m2;19783.671875;36.90817642211914;20677.140625;15.50000286102295;0;12.000000953674316;;1;92902;m2;201814;0;
..\..\world\kalimdor\dustwallow\passivedoodads\bushes\dustwallowshrub02.m2;20264.142578125;35.650474548339844;20441.626953125;-10.999999046325684;0;14.5;;1;92813;m2;201814;0;
..\..\world\kalimdor\dustwallow\passivedoodads\bushes\dustwallowbush01.m2;19914.81640625;36.23290252685547;20540.37109375;0;85.5;0;;1;93059;m2;201811;0;
..\..\world\kalimdor\dustwallow\passivedoodads\bushes\dustwallowbush01.m2;19826.013671875;35.379417419433594;20676.328125;0;94.5;0;;1;93111;m2;201811;0;
..\..\world\kalimdor\dustwallow\passivedoodads\bushes\dustwallowbush01.m2;19861.861328125;34.637962341308594;20600.919921875;0;0;0;;1.0693359375;92643;m2;201811;0;
..\..\world\kalimdor\dustwallow\passivedoodads\bushes\dustwallowshrub02.m2;20214.3203125;34.71247863769531;20343.34375;0;23.5;0;;1.08984375;92137;m2;201814;0;
..\..\world\kalimdor\dustwallow\passivedoodads\bushes\dustwallowshrub02.m2;20134.9921875;33.44538879394531;20423.54296875;-15.000001907348633;298;-1.5;;1;93285;m2;201814;0;
..\..\world\kalimdor\dustwallow\passivedoodads\bushes\dustwallowbush01.m2;19821.359375;35.25998306274414;20310.111328125;0;4;0;;1;94131;m2;201811;0;
..\..\world\kalimdor\dustwallow\passivedoodads\bushes\dustwallowshrub02.m2;19953.12109375;32.53645324707031;20294.462890625;0;0;0;;1.2998046875;89955;m2;201814;0;
..\..\world\kalimdor\dustwallow\passivedoodads\bushes\dustwallowbush01.m2;19934.767578125;31.42877960205078;20546.16015625;0;0;0;;1.0595703125;91897;m2;201811;0;
..\..\world\kalimdor\dustwallow\passivedoodads\bushes\dustwallowbush01.m2;20207.673828125;36.38069152832031;20437.22265625;0;0;0;;1.0595703125;92786;m2;201811;0;
..\..\world\kalimdor\dustwallow\passivedoodads\bushes\dustwallowbush01.m2;20127.21875;33.07538986206055;20412.583984375;0;0;0;;1.0595703125;93279;m2;201811;0;
..\..\world\kalimdor\dustwallow\passivedoodads\bushes\dustwallowshrub02.m2;19952.447265625;32.135475158691406;20521.958984375;-14;0;11.499999046325684;;1;87822;m2;201814;0;
..\..\world\kalimdor\dustwallow\passivedoodads\bushes\dustwallowshrub02.m2;20089.736328125;34.25453186035156;20405.44140625;-4.5;0;-18;;1;92186;m2;201814;0;
..\..\world\kalimdor\dustwallow\passivedoodads\bushes\dustwallowbush01.m2;20152.232421875;34.15679931640625;20356.822265625;0;356.5;0;;1;92157;m2;201811;0;
..\..\world\kalimdor\dustwallow\passivedoodads\bushes\dustwallowshrub01.m2;19795.892578125;32.46309280395508;20636.203125;0;0;-4.5;;1;92891;m2;201813;0;
..\..\world\kalimdor\dustwallow\passivedoodads\bushes\dustwallowshrub02.m2;20267.310546875;36.55808639526367;20449.826171875;10.5;345;-11.999999046325684;;1;92817;m2;201814;0;
..\..\world\kalimdor\dustwallow\passivedoodads\bushes\dustwallowshrub02.m2;19790.34375;34.263954162597656;20635.740234375;-9;0;13.5;;1;92894;m2;201814;0;
..\..\world\kalimdor\dustwallow\passivedoodads\bushes\dustwallowshrub02.m2;19905.525390625;34.406288146972656;20271.3984375;4.000000476837158;0;17;;1;89970;m2;201814;0;
..\..\world\kalimdor\dustwallow\passivedoodads\bushes\dustwallowbush01.m2;19776.69140625;37.44669723510742;20731.330078125;0;2.5;0;;1;120976;m2;201811;0;
..\..\world\kalimdor\dustwallow\passivedoodads\bushes\dustwallowshrub01.m2;20052.087890625;37.775577545166016;20360.30859375;0;325;0;;1;92565;m2;201813;0;
..\..\world\kalimdor\dustwallow\passivedoodads\bushes\dustwallowshrub01.m2;19877.86328125;34.287113189697266;20592.490234375;0;304;0;;1;92627;m2;201813;0;
..\..\world\kalimdor\dustwallow\passivedoodads\bushes\dustwallowshrub02.m2;20160.017578125;40.90879821777344;20522.58984375;0;91;0;;1.2490234375;92761;m2;201814;0;
..\..\world\kalimdor\dustwallow\passivedoodads\bushes\dustwallowshrub01.m2;19832.296875;34.56345748901367;20331.96484375;0;325;0;;1;94178;m2;201813;0;
..\..\world\kalimdor\dustwallow\passivedoodads\bushes\dustwallowshrub01.m2;19883.103515625;33.78856658935547;20631.6328125;0;34.5;0;;1;92653;m2;201813;0;
..\..\world\kalimdor\dustwallow\passivedoodads\bushes\dustwallowshrub01.m2;20228.68359375;35.385765075683594;20392.65234375;0;57;0;;1;92131;m2;201813;0;
..\..\world\kalimdor\dustwallow\passivedoodads\bushes\dustwallowshrub01.m2;19873.5234375;34.67054748535156;20596.30078125;0;218.5;0;;1;92630;m2;201813;0;
..\..\world\kalimdor\dustwallow\passivedoodads\bushes\dustwallowshrub01.m2;20124.107421875;35.31612014770508;20441.599609375;0;302;0;;1;92168;m2;201813;0;
..\..\world\kalimdor\dustwallow\passivedoodads\bushes\dustwallowshrub01.m2;19832.12109375;35.5464973449707;20358.482421875;0;31.5;0;;1;94188;m2;201813;0;
..\..\world\kalimdor\dustwallow\passivedoodads\bushes\dustwallowshrub01.m2;19916.4921875;30.666852951049805;20451.763671875;0;219.5;0;;1;92000;m2;201813;0;
..\..\world\kalimdor\dustwallow\passivedoodads\bushes\dustwallowshrub01.m2;20118.140625;35.803321838378906;20441.65234375;0;59;0;;1;92169;m2;201813;0;
..\..\world\kalimdor\dustwallow\passivedoodads\bushes\dustwallowshrub01.m2;20100.0546875;34.49611282348633;20410.58984375;0;310.5;0;;1;92190;m2;201813;0;
..\..\world\kalimdor\dustwallow\passivedoodads\bushes\dustwallowbush02.m2;19938.265625;44.35420608520508;20265.25390625;0;0;0;;1;87870;m2;201812;0;
..\..\world\kalimdor\dustwallow\passivedoodads\bushes\dustwallowbush02.m2;20080.505859375;36.3975715637207;20566.806640625;0;0;0;;1;92098;m2;201812;0;
..\..\world\kalimdor\dustwallow\passivedoodads\bushes\dustwallowbush02.m2;20079.212890625;36.36556625366211;20565.626953125;0;0;0;;1;92100;m2;201812;0;
..\..\world\kalimdor\dustwallow\passivedoodads\bushes\dustwallowshrub02.m2;20213.89453125;45.138397216796875;20490.017578125;11.500000953674316;296;6.500000953674316;;1;92766;m2;201814;0;
..\..\world\kalimdor\dustwallow\passivedoodads\bushes\dustwallowshrub01.m2;20222.3828125;35.75765609741211;20391.826171875;0;239.5;0;;1;92132;m2;201813;0;
..\..\world\kalimdor\dustwallow\passivedoodads\bushes\dustwallowshrub01.m2;20136.11328125;33.07009506225586;20424.8984375;0;41;0;;1;92177;m2;201813;0;
..\..\world\kalimdor\dustwallow\passivedoodads\bushes\dustwallowshrub01.m2;19832.76953125;35.06947708129883;20369.880859375;0;319;0;;1;94187;m2;201813;0;
..\..\world\kalimdor\dustwallow\passivedoodads\bushes\dustwallowshrub01.m2;19755.14453125;31.6534366607666;20695.09765625;0;41.5;0;;1;93099;m2;201813;0;
..\..\world\kalimdor\dustwallow\passivedoodads\bushes\dustwallowshrub01.m2;19754.61328125;33.382171630859375;20700.248046875;0;29;0;;1;93127;m2;201813;0;
..\..\world\kalimdor\dustwallow\passivedoodads\bushes\dustwallowshrub01.m2;19825.26953125;33.4358024597168;20639.474609375;0;312;0;;1;93081;m2;201813;0;
..\..\world\kalimdor\dustwallow\passivedoodads\bushes\dustwallowshrub01.m2;20056.9453125;36.312591552734375;20429.89453125;0;298.5;0;;1;92548;m2;201813;0;
..\..\world\kalimdor\dustwallow\passivedoodads\bushes\dustwallowshrub02.m2;19751.828125;35.37343978881836;20706.47265625;1;319.5;2.000000238418579;;1;93132;m2;201814;0;
..\..\world\kalimdor\dustwallow\passivedoodads\bushes\dustwallowshrub01.m2;19885.841796875;30.560869216918945;20359.455078125;0;317.5;0;;1;94219;m2;201813;0;
..\..\world\kalimdor\dustwallow\passivedoodads\bushes\dustwallowshrub01.m2;20185.576171875;38.377723693847656;20334.255859375;0;226.5;0;;1;92133;m2;201813;0;
..\..\world\kalimdor\dustwallow\passivedoodads\bushes\dustwallowbush01.m2;20267.912109375;34.32065200805664;20354.98828125;0;268.5;0;;1;91215;m2;201811;0;
..\..\world\kalimdor\dustwallow\passivedoodads\bushes\dustwallowbush01.m2;19992.6640625;37.90706253051758;20438.580078125;0;268.5;0;;1;92029;m2;201811;0;
..\..\world\kalimdor\dustwallow\passivedoodads\bushes\dustwallowbush01.m2;20228.884765625;36.504722595214844;20389.146484375;0;271.5;0;;1;92129;m2;201811;0;
..\..\world\kalimdor\dustwallow\passivedoodads\bushes\dustwallowbush01.m2;20099.322265625;32.76130676269531;20420.021484375;0;1.5;0;;1;104385;m2;201811;0;
..\..\world\kalimdor\dustwallow\passivedoodads\bushes\dustwallowshrub01.m2;20046.98828125;38.5921516418457;20363.919921875;0;46;0;;1;92564;m2;201813;0;
..\..\world\kalimdor\dustwallow\passivedoodads\bushes\dustwallowbush01.m2;19799.447265625;35.39017868041992;20716.1171875;0;276.5;0;;0.9296875;120972;m2;201811;0;
..\..\world\kalimdor\dustwallow\passivedoodads\bushes\dustwallowshrub02.m2;19788.90625;33.9687614440918;20638.6796875;10;0;10.5;;1;92893;m2;201814;0;
..\..\world\kalimdor\dustwallow\passivedoodads\bushes\dustwallowshrub02.m2;20131.435546875;33.519954681396484;20425.361328125;6;336;-6;;1;93286;m2;201814;0;
..\..\world\kalimdor\dustwallow\passivedoodads\bushes\dustwallowshrub01.m2;20110.080078125;36.31243896484375;20451.951171875;0;0;0;;1.029296875;92123;m2;201813;0;
..\..\world\kalimdor\dustwallow\passivedoodads\bushes\dustwallowshrub02.m2;19769.478515625;36.67222595214844;20703.83984375;16.5;8.5;-7;;1;93134;m2;201814;0;
..\..\world\kalimdor\dustwallow\passivedoodads\bushes\dustwallowshrub02.m2;20020.134765625;39.114402770996094;20535.2265625;22.999998092651367;0;4.5;;1;92074;m2;201814;0;
..\..\world\kalimdor\dustwallow\passivedoodads\bushes\dustwallowbush01.m2;20156.30078125;37.16160583496094;20475.58203125;0;0;0;;1.01953125;92733;m2;201811;0;
..\..\world\kalimdor\dustwallow\passivedoodads\bushes\dustwallowbush01.m2;20132.498046875;34.53120803833008;20426.95703125;0;0;0;;1.01953125;93288;m2;201811;0;
..\..\world\kalimdor\dustwallow\passivedoodads\bushes\dustwallowshrub02.m2;19839.17578125;34.55302429199219;20351.72265625;14.5;22;3.499999761581421;;1;94181;m2;201814;0;
..\..\world\kalimdor\dustwallow\passivedoodads\bushes\dustwallowbush01.m2;20047.984375;34.55014419555664;20458.5546875;0;89;0;;1;92050;m2;201811;0;
..\..\world\kalimdor\dustwallow\passivedoodads\bushes\dustwallowshrub01.m2;20023.482421875;40.522518157958984;20433.212890625;0;294.5;0;;1;92037;m2;201813;0;
..\..\world\kalimdor\dustwallow\passivedoodads\bushes\dustwallowshrub01.m2;19873.55078125;34.86603927612305;20594.19140625;0;156;0;;1;92631;m2;201813;0;
..\..\world\kalimdor\dustwallow\passivedoodads\bushes\dustwallowshrub01.m2;19847.005859375;33.3762092590332;20282.28515625;0;24;0;;1;94155;m2;201813;0;
..\..\world\kalimdor\dustwallow\passivedoodads\bushes\dustwallowshrub01.m2;20124.099609375;32.33201599121094;20406.080078125;0;24;0;;1;99023;m2;201813;0;
..\..\world\kalimdor\dustwallow\passivedoodads\bushes\dustwallowshrub02.m2;19980.77734375;30.91263771057129;20603.580078125;0;0;0;;1.2392578125;114153;m2;201814;0;
..\..\world\critter\fireflies\fireflies01.m2;19950.689453125;31.89297103881836;20522.98046875;-10.5;191;3.999999523162842;;1.4892578125;104381;m2;190731;0;
..\..\world\kalimdor\dustwallow\passivedoodads\bushes\dustwallowshrub02.m2;20158.77734375;32.624412536621094;20381.400390625;14;14;-3.000000238418579;;1;92781;m2;201814;0;
..\..\world\generic\orc\passivedoodads\braziers\tallbrazier01.m2;20103.951171875;32.91911697387695;20355.8203125;0;0;0;;1;92505;m2;199141;0;
..\..\world\generic\orc\passivedoodads\braziers\tallbrazier01.m2;20114.544921875;33.0040397644043;20356.68359375;0;0;0;;1;92506;m2;199141;0;
..\..\world\generic\orc\passivedoodads\braziers\tallbrazier01.m2;20114.494140625;35.4488410949707;20299.705078125;0;0;0;;1;92509;m2;199141;0;
..\..\world\generic\orc\passivedoodads\braziers\tallbrazier01.m2;19884.330078125;34.170936584472656;20434.068359375;0;0;0;;1;94241;m2;199141;0;
..\..\world\generic\orc\passivedoodads\braziers\tallbrazier01.m2;19839.587890625;34.480411529541016;20340.099609375;0;0;0;;1;119138;m2;199141;0;
..\..\world\kalimdor\dustwallow\passivedoodads\bushes\dustwallowshrub02.m2;19958.634765625;32.27762222290039;20527.6796875;2;0;-15.499999046325684;;1;87823;m2;201814;0;
..\..\world\kalimdor\dustwallow\passivedoodads\bushes\dustwallowbush01.m2;19904.462890625;37.23599624633789;20536.59375;0;90.5;0;;1;93065;m2;201811;0;
..\..\world\kalimdor\dustwallow\passivedoodads\bushes\dustwallowshrub01.m2;19866.7265625;38.06319046020508;20378.69921875;0;338;0;;1;94192;m2;201813;0;
..\..\world\kalimdor\dustwallow\passivedoodads\bushes\dustwallowshrub02.m2;19898.162109375;29.559030532836914;20293.048828125;4.999999523162842;0;-12.5;;1;89972;m2;201814;0;
..\..\world\kalimdor\dustwallow\passivedoodads\bushes\dustwallowshrub02.m2;20156.84765625;32.57801055908203;20382.306640625;20.5;0;4;;1;92783;m2;201814;0;
..\..\world\kalimdor\dustwallow\passivedoodads\bushes\dustwallowshrub01.m2;20070.623046875;33.28898620605469;20524.13671875;0;21.5;0;;1;92109;m2;201813;0;
..\..\world\kalimdor\dustwallow\passivedoodads\bushes\dustwallowshrub01.m2;20087.232421875;35.00799560546875;20409.4453125;0;291.5;0;;1;92185;m2;201813;0;
..\..\world\kalimdor\dustwallow\passivedoodads\bushes\dustwallowshrub02.m2;19979.650390625;35.47987365722656;20334.732421875;0;305.5;0;;1;90952;m2;201814;0;
..\..\world\kalimdor\dustwallow\passivedoodads\bushes\dustwallowshrub02.m2;19866.51953125;34.199615478515625;20594.14453125;0;323;0;;1;92640;m2;201814;0;
..\..\world\kalimdor\dustwallow\passivedoodads\bushes\dustwallowbush01.m2;20050.65625;43.98768997192383;20277.357421875;0;0;0;;1;89936;m2;201811;0;
..\..\world\kalimdor\dustwallow\passivedoodads\bushes\dustwallowbush01.m2;19965.56640625;36.14213180541992;20369.873046875;0;0;0;;1;90946;m2;201811;0;
..\..\world\kalimdor\dustwallow\passivedoodads\bushes\dustwallowbush01.m2;19984.4453125;38.30757522583008;20322.865234375;0;0;0;;1;90949;m2;201811;0;
..\..\world\kalimdor\dustwallow\passivedoodads\bushes\dustwallowbush01.m2;19948.69140625;35.93938064575195;20326.1875;0;0;0;;1;90953;m2;201811;0;
..\..\world\kalimdor\dustwallow\passivedoodads\bushes\dustwallowbush01.m2;19931.51953125;35.95089340209961;20345.283203125;0;0;0;;1;90957;m2;201811;0;
..\..\world\kalimdor\dustwallow\passivedoodads\bushes\dustwallowbush01.m2;19922.92578125;35.424922943115234;20348.0390625;0;0;0;;1;90960;m2;201811;0;
..\..\world\kalimdor\dustwallow\passivedoodads\bushes\dustwallowbush01.m2;19943.744140625;35.844444274902344;20337.7109375;0;0;0;;1;90964;m2;201811;0;
..\..\world\kalimdor\dustwallow\passivedoodads\bushes\dustwallowbush01.m2;20227.8671875;41.95481872558594;20320.849609375;0;0;0;;1;91194;m2;201811;0;
..\..\world\kalimdor\dustwallow\passivedoodads\bushes\dustwallowbush01.m2;20239.09375;40.95817565917969;20325.48828125;0;0;0;;1;91198;m2;201811;0;
..\..\world\kalimdor\dustwallow\passivedoodads\bushes\dustwallowbush01.m2;20258.181640625;33.2230110168457;20357.458984375;0;0;0;;1;91220;m2;201811;0;
..\..\world\kalimdor\dustwallow\passivedoodads\bushes\dustwallowbush01.m2;20225.740234375;34.72125244140625;20345.58984375;0;0;0;;1;91221;m2;201811;0;
..\..\world\kalimdor\dustwallow\passivedoodads\bushes\dustwallowbush01.m2;20229.6796875;34.6634635925293;20347.298828125;0;0;0;;1;91223;m2;201811;0;
..\..\world\kalimdor\dustwallow\passivedoodads\bushes\dustwallowbush01.m2;20213.8125;33.28108215332031;20349.935546875;0;0;0;;1;91225;m2;201811;0;
..\..\world\kalimdor\dustwallow\passivedoodads\bushes\dustwallowbush01.m2;20219.17578125;33.59733581542969;20348.03125;0;0;0;;1;91227;m2;201811;0;
..\..\world\kalimdor\dustwallow\passivedoodads\bushes\dustwallowbush01.m2;20147.02734375;33.594974517822266;20273.76953125;0;0;0;;1;91234;m2;201811;0;
..\..\world\kalimdor\dustwallow\passivedoodads\bushes\dustwallowbush01.m2;20236.48828125;35.25307083129883;20280.33203125;0;0;0;;1;91242;m2;201811;0;
..\..\world\kalimdor\dustwallow\passivedoodads\bushes\dustwallowbush01.m2;19942.30859375;33.94389724731445;20430.322265625;0;0;0;;1;91910;m2;201811;0;
..\..\world\kalimdor\dustwallow\passivedoodads\bushes\dustwallowbush01.m2;20101.50390625;35.23884963989258;20318.638671875;0;0;0;;1;91960;m2;201811;0;
..\..\world\kalimdor\dustwallow\passivedoodads\bushes\dustwallowbush01.m2;20094.044921875;33.46156692504883;20284.701171875;0;0;0;;1;91964;m2;201811;0;
..\..\world\kalimdor\dustwallow\passivedoodads\bushes\dustwallowbush01.m2;20129.826171875;33.11552810668945;20298.431640625;0;0;0;;1;91976;m2;201811;0;
..\..\world\kalimdor\dustwallow\passivedoodads\bushes\dustwallowbush01.m2;20130.84765625;32.65080642700195;20298.169921875;0;0;0;;1;91977;m2;201811;0;
..\..\world\kalimdor\dustwallow\passivedoodads\bushes\dustwallowbush01.m2;20118.478515625;33.45948028564453;20289.30078125;0;0;0;;1;91984;m2;201811;0;
..\..\world\kalimdor\dustwallow\passivedoodads\bushes\dustwallowbush01.m2;20118.5546875;33.78791809082031;20290.060546875;0;0;0;;1;91986;m2;201811;0;
..\..\world\kalimdor\dustwallow\passivedoodads\bushes\dustwallowbush01.m2;19999.69140625;36.88861846923828;20439.912109375;0;0;0;;1;92032;m2;201811;0;
..\..\world\kalimdor\dustwallow\passivedoodads\bushes\dustwallowbush01.m2;19997.93359375;36.4032096862793;20433.66796875;0;0;0;;1;92033;m2;201811;0;
..\..\world\kalimdor\dustwallow\passivedoodads\bushes\dustwallowbush01.m2;20044.26953125;34.685508728027344;20454.619140625;0;0;0;;1;92046;m2;201811;0;
..\..\world\kalimdor\dustwallow\passivedoodads\bushes\dustwallowbush01.m2;20025.005859375;34.33634567260742;20474.416015625;0;0;0;;1;92058;m2;201811;0;
..\..\world\kalimdor\dustwallow\passivedoodads\bushes\dustwallowbush01.m2;20024.294921875;34.30964660644531;20470.861328125;0;0;0;;1;92060;m2;201811;0;
..\..\world\kalimdor\dustwallow\passivedoodads\bushes\dustwallowbush01.m2;20015.416015625;33.34950637817383;20491.033203125;0;0;0;;1;92064;m2;201811;0;
..\..\world\kalimdor\dustwallow\passivedoodads\bushes\dustwallowbush01.m2;20014.654296875;33.748958587646484;20488.330078125;0;0;0;;1;92067;m2;201811;0;
..\..\world\kalimdor\dustwallow\passivedoodads\bushes\dustwallowbush01.m2;20108.888671875;36.918426513671875;20451.603515625;0;0;0;;1;92124;m2;201811;0;
..\..\world\kalimdor\dustwallow\passivedoodads\bushes\dustwallowbush01.m2;20222.775390625;36.68669509887695;20389.671875;0;0;0;;1;92127;m2;201811;0;
..\..\world\kalimdor\dustwallow\passivedoodads\bushes\dustwallowshrub02.m2;20190.06640625;32.848087310791016;20383.091796875;0;57.5;0;;1;92148;m2;201814;0;
..\..\world\kalimdor\dustwallow\passivedoodads\bushes\dustwallowbush01.m2;20100.544921875;33.97078323364258;20362.95703125;0;0;0;;1;92574;m2;201811;0;
..\..\world\kalimdor\dustwallow\passivedoodads\bushes\dustwallowbush01.m2;20120.794921875;33.87384796142578;20368.3046875;0;0;0;;1;92580;m2;201811;0;
..\..\world\kalimdor\dustwallow\passivedoodads\bushes\dustwallowbush01.m2;19886.31640625;34.332271575927734;20634.54296875;0;0;0;;1;92657;m2;201811;0;
..\..\world\kalimdor\dustwallow\passivedoodads\bushes\dustwallowbush01.m2;19865.947265625;38.3804931640625;20568.591796875;0;0;0;;1;92678;m2;201811;0;
..\..\world\kalimdor\dustwallow\passivedoodads\bushes\dustwallowbush01.m2;19861.462890625;37.969207763671875;20571.662109375;0;0;0;;1;92680;m2;201811;0;
..\..\world\kalimdor\dustwallow\passivedoodads\bushes\dustwallowbush01.m2;19811.00390625;33.97850036621094;20601.056640625;0;0;0;;1;92687;m2;201811;0;
..\..\world\kalimdor\dustwallow\passivedoodads\bushes\dustwallowbush01.m2;20117.38671875;36.24597930908203;20460.193359375;0;0;0;;1;92722;m2;201811;0;
..\..\world\kalimdor\dustwallow\passivedoodads\bushes\dustwallowbush01.m2;20160.935546875;36.38142776489258;20473.357421875;0;0;0;;1;92730;m2;201811;0;
..\..\world\kalimdor\dustwallow\passivedoodads\bushes\dustwallowbush01.m2;20211.287109375;40.50756072998047;20510.40625;0;0;0;;1;92746;m2;201811;0;
..\..\world\kalimdor\dustwallow\passivedoodads\bushes\dustwallowbush01.m2;20088.21484375;43.78207015991211;20481.142578125;0;0;0;;1;92778;m2;201811;0;
..\..\world\kalimdor\dustwallow\passivedoodads\bushes\dustwallowbush01.m2;20231.623046875;36.389854431152344;20438.224609375;0;0;0;;1;92790;m2;201811;0;
..\..\world\kalimdor\dustwallow\passivedoodads\bushes\dustwallowbush01.m2;20229.43359375;35.86981201171875;20441.47265625;0;0;0;;1;92791;m2;201811;0;
..\..\world\kalimdor\dustwallow\passivedoodads\bushes\dustwallowbush01.m2;19855.30078125;39.890079498291016;20507.025390625;0;0;0;;1;93051;m2;201811;0;
..\..\world\kalimdor\dustwallow\passivedoodads\bushes\dustwallowshrub02.m2;19887.33203125;33.910526275634766;20550.279296875;0;32.5;0;;1;93053;m2;201814;0;
..\..\world\kalimdor\dustwallow\passivedoodads\bushes\dustwallowbush01.m2;19906.869140625;36.09657669067383;20546.244140625;0;0;0;;1;93063;m2;201811;0;
..\..\world\kalimdor\dustwallow\passivedoodads\bushes\dustwallowbush01.m2;19834.662109375;34.5088996887207;20663.01953125;0;0;0;;1;93090;m2;201811;0;
..\..\world\kalimdor\dustwallow\passivedoodads\bushes\dustwallowbush01.m2;19749.673828125;34.866111755371094;20667.232421875;0;0;0;;1;93103;m2;201811;0;
..\..\world\kalimdor\dustwallow\passivedoodads\bushes\dustwallowbush01.m2;19830.47265625;34.60468292236328;20666.998046875;0;0;0;;1;93108;m2;201811;0;
..\..\world\kalimdor\dustwallow\passivedoodads\bushes\dustwallowbush01.m2;19773.45703125;37.321170806884766;20703.87890625;0;0;0;;1;93139;m2;201811;0;
..\..\world\kalimdor\dustwallow\passivedoodads\bushes\dustwallowbush01.m2;19849.40234375;34.880340576171875;20701.1875;0;0;0;;1;93154;m2;201811;0;
..\..\world\kalimdor\dustwallow\passivedoodads\bushes\dustwallowbush01.m2;19840.236328125;34.80584716796875;20720.361328125;0;0;0;;1;93158;m2;201811;0;
..\..\world\kalimdor\dustwallow\passivedoodads\bushes\dustwallowbush01.m2;20126.412109375;33.09098815917969;20410.931640625;0;0;0;;1;93280;m2;201811;0;
..\..\world\kalimdor\dustwallow\passivedoodads\bushes\dustwallowbush01.m2;20128.625;32.44789123535156;20407.845703125;0;0;0;;1;93282;m2;201811;0;
..\..\world\kalimdor\dustwallow\passivedoodads\bushes\dustwallowbush01.m2;19791.6953125;38.01150894165039;20297.36328125;0;0;0;;1;94122;m2;201811;0;
..\..\world\kalimdor\dustwallow\passivedoodads\bushes\dustwallowbush01.m2;19794.478515625;38.0914306640625;20299.201171875;0;0;0;;1;94125;m2;201811;0;
..\..\world\kalimdor\dustwallow\passivedoodads\bushes\dustwallowbush01.m2;19828.591796875;37.82912826538086;20284.970703125;0;0;0;;1;94135;m2;201811;0;
..\..\world\kalimdor\dustwallow\passivedoodads\bushes\dustwallowbush01.m2;19838.62890625;36.3680305480957;20289.3203125;0;0;0;;1;94136;m2;201811;0;
..\..\world\kalimdor\dustwallow\passivedoodads\bushes\dustwallowbush01.m2;19855.505859375;34.42103958129883;20346.384765625;0;0;0;;1;94174;m2;201811;0;
..\..\world\kalimdor\dustwallow\passivedoodads\bushes\dustwallowbush01.m2;19845.81640625;35.466407775878906;20395.470703125;0;0;0;;1;94210;m2;201811;0;
..\..\world\kalimdor\dustwallow\passivedoodads\bushes\dustwallowbush01.m2;20207.099609375;35.015716552734375;20292.62890625;0;0;0;;1;104987;m2;201811;0;
..\..\world\kalimdor\dustwallow\passivedoodads\bushes\dustwallowbush01.m2;20156.57421875;34.23927688598633;20791.56640625;0;0;0;;1;109280;m2;201811;0;
..\..\world\kalimdor\dustwallow\passivedoodads\bushes\dustwallowbush01.m2;20098.7421875;39.36003494262695;20493.064453125;0;0;0;;1;109342;m2;201811;0;
..\..\world\kalimdor\dustwallow\passivedoodads\bushes\dustwallowbush01.m2;19775.5546875;35.47688674926758;20716.1875;0;0;0;;1;120966;m2;201811;0;
..\..\world\kalimdor\dustwallow\passivedoodads\bushes\dustwallowbush01.m2;19789.03515625;34.086570739746094;20699.609375;0;0;0;;1;120970;m2;201811;0;
..\..\world\kalimdor\dustwallow\passivedoodads\bushes\dustwallowbush01.m2;19790.361328125;35.10200119018555;20730.666015625;0;0;0;;1;120974;m2;201811;0;
..\..\world\kalimdor\dustwallow\passivedoodads\bushes\dustwallowbush01.m2;19781.490234375;39.41340255737305;20794.20703125;0;0;0;;1;121468;m2;201811;0;
..\..\world\kalimdor\dustwallow\passivedoodads\bushes\dustwallowbush01.m2;19779.12890625;41.53550338745117;20797.439453125;0;0;0;;1;121469;m2;201811;0;
..\..\world\kalimdor\dustwallow\passivedoodads\bushes\dustwallowshrub02.m2;20157.48828125;33.14183044433594;20379.826171875;-18;0;4.500000476837158;;1;92782;m2;201814;0;
..\..\world\kalimdor\dustwallow\passivedoodads\bushes\dustwallowshrub02.m2;20034.70703125;44.39739990234375;20297.953125;0;232.00001525878906;0;;1;89948;m2;201814;0;
..\..\world\kalimdor\dustwallow\passivedoodads\bushes\dustwallowshrub02.m2;20214.71484375;45.33904266357422;20494.443359375;0;31;0;;1;92765;m2;201814;0;
..\..\world\kalimdor\dustwallow\passivedoodads\bushes\dustwallowshrub02.m2;19917.51953125;31.33885383605957;20454.849609375;0;0;0;;1.2197265625;91996;m2;201814;0;
..\..\world\kalimdor\dustwallow\passivedoodads\bushes\dustwallowshrub02.m2;19759.59375;35.6716423034668;20706.568359375;0;40;0;;1;93129;m2;201814;0;
..\..\world\kalimdor\dustwallow\passivedoodads\bushes\dustwallowshrub02.m2;19986.216796875;36.740875244140625;20523.279296875;0;29.5;0;;1;92072;m2;201814;0;
..\..\world\kalimdor\dustwallow\passivedoodads\bushes\dustwallowshrub02.m2;20216.486328125;44.673221588134766;20488;-18;16.5;-1.5000004768371582;;1;92768;m2;201814;0;
..\..\world\kalimdor\dustwallow\passivedoodads\bushes\dustwallowshrub01.m2;20261.95703125;35.86460494995117;20449.87890625;0;289.5;0;;1;92818;m2;201813;0;
..\..\world\kalimdor\dustwallow\passivedoodads\bushes\dustwallowshrub02.m2;20102.89453125;35.17560577392578;20412.2734375;4.5;12.5;6.5;;1;92189;m2;201814;0;
..\..\world\kalimdor\dustwallow\passivedoodads\bushes\dustwallowshrub02.m2;19863.095703125;34.31148910522461;20601.64453125;0;61.5;0;;1;92638;m2;201814;0;
..\..\world\kalimdor\dustwallow\passivedoodads\bushes\dustwallowshrub01.m2;20032.08203125;43.67974090576172;20295.755859375;0;195;0;;1;89945;m2;201813;0;
..\..\world\kalimdor\dustwallow\passivedoodads\bushes\dustwallowshrub01.m2;20036.294921875;43.745140075683594;20297.72265625;0;0;0;;1;89946;m2;201813;0;
..\..\world\kalimdor\dustwallow\passivedoodads\bushes\dustwallowshrub01.m2;20094.3671875;33.684532165527344;20285.513671875;0;0;0;;1;91966;m2;201813;0;
..\..\world\kalimdor\dustwallow\passivedoodads\bushes\dustwallowshrub01.m2;19941.740234375;32.749629974365234;20449.609375;0;0;0;;1;91990;m2;201813;0;
..\..\world\kalimdor\dustwallow\passivedoodads\bushes\dustwallowshrub01.m2;19918.99609375;30.049097061157227;20450.671875;0;0;0;;1;91997;m2;201813;0;
..\..\world\kalimdor\dustwallow\passivedoodads\bushes\dustwallowshrub01.m2;19929.5234375;32.765663146972656;20451.685546875;0;0;0;;1;91999;m2;201813;0;
..\..\world\kalimdor\dustwallow\passivedoodads\bushes\dustwallowshrub01.m2;19937.09765625;33.687374114990234;20429.36328125;0;0;0;;1;92001;m2;201813;0;
..\..\world\kalimdor\dustwallow\passivedoodads\bushes\dustwallowshrub01.m2;20024.673828125;40.7375373840332;20433.830078125;0;355.5;0;;1;92036;m2;201813;0;
..\..\world\kalimdor\dustwallow\passivedoodads\bushes\dustwallowshrub01.m2;20021.853515625;39.809757232666016;20427.34375;0;275.5;0;;1;92038;m2;201813;0;
..\..\world\kalimdor\dustwallow\passivedoodads\bushes\dustwallowshrub01.m2;20032.99609375;33.901554107666016;20551.31640625;0;0;0;;1;92089;m2;201813;0;
..\..\world\kalimdor\dustwallow\passivedoodads\bushes\dustwallowshrub01.m2;20144.296875;34.72975540161133;20481.455078125;0;82;0;;1;92122;m2;201813;0;
..\..\world\kalimdor\dustwallow\passivedoodads\bushes\dustwallowshrub01.m2;20225.662109375;34.93039321899414;20393.787109375;0;0;0;;1;92130;m2;201813;0;
..\..\world\kalimdor\dustwallow\passivedoodads\bushes\dustwallowshrub01.m2;20136.1484375;33.776973724365234;20430.03125;0;347.5;0;;1;92178;m2;201813;0;
..\..\world\kalimdor\dustwallow\passivedoodads\bushes\dustwallowshrub01.m2;20090.21875;34.40913391113281;20410.7265625;0;0;0;;1;92184;m2;201813;0;
..\..\world\kalimdor\dustwallow\passivedoodads\bushes\dustwallowshrub01.m2;20062.8359375;35.164337158203125;20429.7109375;0;345;0;;1;92546;m2;201813;0;
..\..\world\kalimdor\dustwallow\passivedoodads\bushes\dustwallowshrub01.m2;20059.91796875;35.63813400268555;20431.138671875;0;0;0;;1;92547;m2;201813;0;
..\..\world\kalimdor\dustwallow\passivedoodads\bushes\dustwallowshrub01.m2;20047.732421875;38.55778884887695;20362.482421875;0;280;0;;1;92563;m2;201813;0;
..\..\world\kalimdor\dustwallow\passivedoodads\bushes\dustwallowshrub01.m2;20099.81640625;32.86664962768555;20372.64453125;0;358;0;;1;92569;m2;201813;0;
..\..\world\kalimdor\dustwallow\passivedoodads\bushes\dustwallowshrub01.m2;19854.091796875;34.52347946166992;20602.47265625;0;268.5;0;;1;92619;m2;201813;0;
..\..\world\kalimdor\dustwallow\passivedoodads\bushes\dustwallowshrub01.m2;19850.1015625;35.368507385253906;20588.455078125;0;0;0;;1;92621;m2;201813;0;
..\..\world\kalimdor\dustwallow\passivedoodads\bushes\dustwallowshrub01.m2;19851.166015625;35.220943450927734;20591.306640625;0;0;0;;1;92622;m2;201813;0;
..\..\world\kalimdor\dustwallow\passivedoodads\bushes\dustwallowshrub01.m2;19863.42578125;37.16042709350586;20583.55859375;0;6;0;;1;92624;m2;201813;0;
..\..\world\kalimdor\dustwallow\passivedoodads\bushes\dustwallowshrub01.m2;19870.892578125;34.41181564331055;20595.71484375;0;75.5;0;;1;92632;m2;201813;0;
..\..\world\kalimdor\dustwallow\passivedoodads\bushes\dustwallowshrub01.m2;19860.1875;34.41521072387695;20599.564453125;0;3.5;0;;1;92635;m2;201813;0;
..\..\world\kalimdor\dustwallow\passivedoodads\bushes\dustwallowshrub01.m2;19880.005859375;33.086769104003906;20641.3984375;0;280;0;;1;92648;m2;201813;0;
..\..\world\kalimdor\dustwallow\passivedoodads\bushes\dustwallowshrub01.m2;19899.791015625;30.569299697875977;20629.767578125;0;0;0;;1;92665;m2;201813;0;
..\..\world\kalimdor\dustwallow\passivedoodads\bushes\dustwallowshrub01.m2;20221.333984375;44.34209060668945;20492.62890625;0;255;0;;1;92770;m2;201813;0;
..\..\world\kalimdor\dustwallow\passivedoodads\bushes\dustwallowshrub01.m2;20123.4375;35.7094612121582;20552.58203125;0;0;0;;1;92772;m2;201813;0;
..\..\world\kalimdor\dustwallow\passivedoodads\bushes\dustwallowshrub01.m2;20118.533203125;35.57613754272461;20545.357421875;0;0;0;;1;92773;m2;201813;0;
..\..\world\kalimdor\dustwallow\passivedoodads\bushes\dustwallowshrub01.m2;20093.77734375;43.5733528137207;20481.607421875;0;0;0;;1;92775;m2;201813;0;
..\..\world\kalimdor\dustwallow\passivedoodads\bushes\dustwallowshrub01.m2;20202.283203125;35.68742752075195;20440.84765625;0;86;0;;1;92784;m2;201813;0;
..\..\world\kalimdor\dustwallow\passivedoodads\bushes\dustwallowshrub01.m2;20242.787109375;33.09273147583008;20425.69140625;0;0;0;;1;92800;m2;201813;0;
..\..\world\kalimdor\dustwallow\passivedoodads\bushes\dustwallowshrub01.m2;20238.68359375;33.219669342041016;20427.25;0;267;0;;1;92801;m2;201813;0;
..\..\world\kalimdor\dustwallow\passivedoodads\bushes\dustwallowshrub01.m2;20234.37109375;32.49485778808594;20425.939453125;0;0;0;;1;92802;m2;201813;0;
..\..\world\kalimdor\dustwallow\passivedoodads\bushes\dustwallowshrub01.m2;20260.666015625;35.658870697021484;20444.666015625;0;270;0;;1;92819;m2;201813;0;
..\..\world\kalimdor\dustwallow\passivedoodads\bushes\dustwallowshrub01.m2;20184.044921875;31.931230545043945;20466.4921875;0;0;0;;1;92862;m2;201813;0;
..\..\world\kalimdor\dustwallow\passivedoodads\bushes\dustwallowshrub01.m2;20180.923828125;31.35869026184082;20545.998046875;0;5;0;;1;92864;m2;201813;0;
..\..\world\kalimdor\dustwallow\passivedoodads\bushes\dustwallowshrub01.m2;20174.935546875;32.20911407470703;20541.119140625;0;0;0;;1;92865;m2;201813;0;
..\..\world\kalimdor\dustwallow\passivedoodads\bushes\dustwallowshrub01.m2;19850.064453125;34.60747146606445;20557.048828125;0;0;0;;1;92871;m2;201813;0;
..\..\world\kalimdor\dustwallow\passivedoodads\bushes\dustwallowshrub01.m2;19850.1171875;35.128746032714844;20561.10546875;0;287.5;0;;1;92872;m2;201813;0;
..\..\world\kalimdor\dustwallow\passivedoodads\bushes\dustwallowshrub01.m2;19781.47265625;30.066972732543945;20611.958984375;0;343;0;;1;92881;m2;201813;0;
..\..\world\kalimdor\dustwallow\passivedoodads\bushes\dustwallowshrub01.m2;19781.669921875;33.75729751586914;20629.248046875;0;14.5;0;;1;92884;m2;201813;0;
..\..\world\kalimdor\dustwallow\passivedoodads\bushes\dustwallowshrub01.m2;19784.31640625;33.57162857055664;20624.947265625;0;0;0;;1;92885;m2;201813;0;
..\..\world\kalimdor\dustwallow\passivedoodads\bushes\dustwallowshrub01.m2;19791.9375;32.61052703857422;20623.287109375;0;0;0;;1;92886;m2;201813;0;
..\..\world\kalimdor\dustwallow\passivedoodads\bushes\dustwallowshrub01.m2;19798.017578125;31.988473892211914;20631.80859375;0;0;0;;1;92887;m2;201813;0;
..\..\world\kalimdor\dustwallow\passivedoodads\bushes\dustwallowshrub01.m2;19799.244140625;32.3546028137207;20631.134765625;0;0;0;;1;92888;m2;201813;0;
..\..\world\kalimdor\dustwallow\passivedoodads\bushes\dustwallowshrub01.m2;19781.037109375;36.88391876220703;20672.734375;0;0;0;;1;92908;m2;201813;0;
..\..\world\kalimdor\dustwallow\passivedoodads\bushes\dustwallowshrub01.m2;19826.015625;33.15814971923828;20638.26171875;0;0;0;;1;93088;m2;201813;0;
..\..\world\kalimdor\dustwallow\passivedoodads\bushes\dustwallowshrub01.m2;19755.36328125;32.47697830200195;20698.41015625;0;0;0;;1;93098;m2;201813;0;
..\..\world\kalimdor\dustwallow\passivedoodads\bushes\dustwallowshrub01.m2;19845.03515625;32.84738540649414;20675.337890625;0;0;0;;1;93122;m2;201813;0;
..\..\world\kalimdor\dustwallow\passivedoodads\bushes\dustwallowshrub01.m2;19813.630859375;33.64727783203125;20712.724609375;0;0;0;;1;93151;m2;201813;0;
..\..\world\kalimdor\dustwallow\passivedoodads\bushes\dustwallowshrub01.m2;20128.87890625;32.68943405151367;20413.05078125;0;0;0;;1;93278;m2;201813;0;
..\..\world\kalimdor\dustwallow\passivedoodads\bushes\dustwallowshrub01.m2;19809.7421875;36.01852798461914;20285.33984375;0;0;0;;1;94120;m2;201813;0;
..\..\world\kalimdor\dustwallow\passivedoodads\bushes\dustwallowshrub01.m2;19834.92578125;34.42330551147461;20325.96484375;0;10.5;0;;1;94175;m2;201813;0;
..\..\world\kalimdor\dustwallow\passivedoodads\bushes\dustwallowshrub01.m2;19838.59375;33.97974395751953;20366.2109375;0;71.5;0;;1;94186;m2;201813;0;
..\..\world\kalimdor\dustwallow\passivedoodads\bushes\dustwallowshrub01.m2;19877.693359375;34.74904251098633;20382.044921875;0;87;0;;1;94198;m2;201813;0;
..\..\world\kalimdor\dustwallow\passivedoodads\bushes\dustwallowshrub01.m2;19894.03515625;28.974416732788086;20361.634765625;0;0;0;;1;94217;m2;201813;0;
..\..\world\kalimdor\dustwallow\passivedoodads\bushes\dustwallowshrub01.m2;19885.876953125;31.828325271606445;20364.2421875;0;0;0;;1;94218;m2;201813;0;
..\..\world\kalimdor\dustwallow\passivedoodads\bushes\dustwallowshrub01.m2;19881.876953125;30.71541404724121;20353.91015625;0;0;0;;1;94220;m2;201813;0;
..\..\world\kalimdor\dustwallow\passivedoodads\bushes\dustwallowshrub01.m2;19891.447265625;28.522424697875977;20353.828125;0;0;0;;1;94221;m2;201813;0;
..\..\world\kalimdor\dustwallow\passivedoodads\bushes\dustwallowshrub01.m2;20128.580078125;34.72591781616211;20427.841796875;0;354;0;;1;99018;m2;201813;0;
..\..\world\kalimdor\dustwallow\passivedoodads\bushes\dustwallowshrub01.m2;19757.111328125;32.835792541503906;20614.12109375;0;0;0;;1;108655;m2;201813;0;
..\..\world\kalimdor\dustwallow\passivedoodads\bushes\dustwallowshrub01.m2;19760.625;33.26008605957031;20610.03515625;0;0;0;;1;108656;m2;201813;0;
..\..\world\kalimdor\dustwallow\passivedoodads\bushes\dustwallowshrub01.m2;19771.6796875;33.99555587768555;20601.5390625;0;162.5;0;;1;108657;m2;201813;0;
..\..\world\kalimdor\dustwallow\passivedoodads\bushes\dustwallowshrub01.m2;19955.150390625;31.72937774658203;20532.33984375;0;0;0;;1;87825;m2;201813;0;
..\..\world\kalimdor\dustwallow\passivedoodads\bushes\dustwallowshrub01.m2;20185.109375;30.955810546875;20543.669921875;0;0;0;;1;92863;m2;201813;0;
..\..\world\kalimdor\dustwallow\passivedoodads\bushes\dustwallowshrub01.m2;19800.048828125;31.87881088256836;20633;0;0;0;;1;92889;m2;201813;0;
..\..\world\kalimdor\dustwallow\passivedoodads\bushes\dustwallowshrub01.m2;19798.76953125;32.042789459228516;20633.62109375;0;0;0;;1;92890;m2;201813;0;
..\..\world\kalimdor\dustwallow\passivedoodads\bushes\dustwallowshrub01.m2;20128.017578125;31.828060150146484;20404.314453125;0;73.5;0;;1;99024;m2;201813;0;
..\..\world\kalimdor\dustwallow\passivedoodads\bushes\dustwallowshrub02.m2;19990.03515625;36.80835723876953;20517.94921875;-14.5;285;-5.499999046325684;;1;92070;m2;201814;0;
..\..\world\kalimdor\dustwallow\passivedoodads\bushes\dustwallowshrub02.m2;19856.912109375;32.96607208251953;20483.25390625;0;332.5;0;;1;93042;m2;201814;0;
..\..\world\kalimdor\dustwallow\passivedoodads\bushes\dustwallowshrub02.m2;19838.892578125;37.52264404296875;20277.705078125;0;313;0;;1;94145;m2;201814;0;
..\..\world\kalimdor\dustwallow\passivedoodads\bushes\dustwallowshrub02.m2;20240.1328125;31.693824768066406;20456.91015625;-13.999999046325684;0;5.5;;1;92828;m2;201814;0;
..\..\world\kalimdor\dustwallow\passivedoodads\bushes\dustwallowshrub02.m2;19769.2734375;36.27207565307617;20702.4921875;7.500000953674316;282.5;-3.500000476837158;;1;93135;m2;201814;0;
..\..\world\kalimdor\dustwallow\passivedoodads\bushes\dustwallowshrub02.m2;19977.94140625;31.067041397094727;20570.99609375;0;2;0;;1.1796875;114159;m2;201814;0;
..\..\world\kalimdor\dustwallow\passivedoodads\bushes\dustwallowshrub02.m2;19873.1796875;33.40708923339844;20644.1796875;0;25.5;0;;1;92646;m2;201814;0;
..\..\world\kalimdor\dustwallow\passivedoodads\bushes\dustwallowshrub02.m2;20265.6875;36.28203582763672;20450.2734375;0;64.5;0;;1;92816;m2;201814;0;
..\..\world\kalimdor\dustwallow\passivedoodads\bushes\dustwallowshrub02.m2;19874.216796875;33.10512161254883;20642.6171875;0;65;0;;1;92647;m2;201814;0;
..\..\world\kalimdor\dustwallow\passivedoodads\bushes\dustwallowshrub02.m2;20158.5625;41.07064437866211;20525.64453125;0;245.5;0;;1;92763;m2;201814;0;
..\..\world\critter\fireflies\fireflies01.m2;19957.09375;32.63291931152344;20528.81640625;0;80.5;0;;1.51953125;104379;m2;190731;0;
..\..\world\kalimdor\dustwallow\passivedoodads\bushes\dustwallowshrub02.m2;20234.259765625;40.77688980102539;20326.857421875;0;0;0;;1.19921875;92139;m2;201814;0;
..\..\world\kalimdor\dustwallow\passivedoodads\bushes\dustwallowbush01.m2;19802.53125;35.35002517700195;20723.236328125;0;0;0;;0.9794921875;120973;m2;201811;0;
..\..\world\kalimdor\dustwallow\passivedoodads\bushes\dustwallowshrub02.m2;20179.57421875;38.122196197509766;20330.58203125;0;83;0;;1.109375;92135;m2;201814;0;
..\..\world\kalimdor\dustwallow\passivedoodads\bushes\dustwallowshrub02.m2;19795.244140625;31.956085205078125;20623;15.000000953674316;16;4;;1;92877;m2;201814;0;
..\..\world\kalimdor\dustwallow\passivedoodads\bushes\dustwallowshrub02.m2;19813.630859375;31.773088455200195;20494.296875;0;183.960693359375;0;;1.1416015625;107903;m2;201814;0;
..\..\world\kalimdor\dustwallow\passivedoodads\bushes\dustwallowshrub02.m2;20054.509765625;39.06516647338867;20368.71875;-3.5;0;-11.000000953674316;;1;92560;m2;201814;0;
..\..\world\kalimdor\dustwallow\passivedoodads\bushes\dustwallowshrub02.m2;19860.0859375;34.12616729736328;20594.943359375;0;338;0;;1;92636;m2;201814;0;
..\..\world\kalimdor\dustwallow\passivedoodads\bushes\dustwallowshrub02.m2;19985.642578125;32.11870193481445;20606.03515625;0;0;0;;1.189453125;114152;m2;201814;0;
..\..\world\kalimdor\dustwallow\passivedoodads\bushes\dustwallowshrub02.m2;19946.005859375;34.841346740722656;20417.662109375;0;68.5;0;;1;91914;m2;201814;0;
..\..\world\kalimdor\dustwallow\passivedoodads\bushes\dustwallowshrub02.m2;20134.388671875;38.218013763427734;20520.39453125;0;21.5;0;;1;92119;m2;201814;0;
..\..\world\kalimdor\dustwallow\passivedoodads\bushes\dustwallowshrub02.m2;20262.478515625;32.73654556274414;20425.474609375;0;338.5;0;;1;92812;m2;201814;0;
..\..\world\kalimdor\dustwallow\passivedoodads\bushes\dustwallowshrub02.m2;19769.47265625;34.27357482910156;20597.4140625;0;76;0;;1.0390625;108659;m2;201814;0;
..\..\world\kalimdor\dustwallow\passivedoodads\bushes\dustwallowshrub02.m2;19829.83984375;31.753610610961914;20633.603515625;0;20;0;;1;93082;m2;201814;0;
..\..\world\critter\fireflies\fireflies01.m2;19956.71484375;35.02992248535156;20530.349609375;0.000005976415650366107;267;-165;;1.4990234375;104380;m2;190731;0;
..\..\world\kalimdor\dustwallow\passivedoodads\bushes\dustwallowshrub02.m2;19921.78515625;33.10885238647461;20291.658203125;0;19;0;;1;89960;m2;201814;0;
..\..\world\kalimdor\dustwallow\passivedoodads\bushes\dustwallowshrub02.m2;19792.42578125;36.04636001586914;20672.669921875;0;288.5;0;;1;92904;m2;201814;0;
..\..\world\kalimdor\dustwallow\passivedoodads\bushes\dustwallowshrub02.m2;19946.37890625;33.91658401489258;20284.91015625;0;0;0;;1.169921875;89956;m2;201814;0;
..\..\world\kalimdor\dustwallow\passivedoodads\bushes\dustwallowshrub02.m2;20130.376953125;38.178443908691406;20518.203125;0;73.5;0;;1;92118;m2;201814;0;
..\..\world\kalimdor\dustwallow\passivedoodads\bushes\dustwallowshrub02.m2;20205.216796875;37.315670013427734;20385.30078125;0;0;-10.000000953674316;;1;92150;m2;201814;0;
..\..\world\kalimdor\dustwallow\passivedoodads\bushes\dustwallowshrub02.m2;19981.91015625;35.16810989379883;20329.9296875;14.999999046325684;0;0.9999998807907104;;1;90950;m2;201814;0;
..\..\world\kalimdor\dustwallow\passivedoodads\bushes\dustwallowshrub02.m2;20082.9453125;31.25531768798828;20289.919921875;0;284.5;0;;1;91968;m2;201814;0;
..\..\world\kalimdor\dustwallow\passivedoodads\bushes\dustwallowshrub02.m2;20231.5390625;29.62494659423828;20455.53515625;-15.499999046325684;0;-0.4999999403953552;;1;92832;m2;201814;0;
..\..\world\kalimdor\dustwallow\passivedoodads\bushes\dustwallowshrub02.m2;19750.751953125;35.26128387451172;20705.20703125;0;14;0;;1;93133;m2;201814;0;
..\..\world\kalimdor\dustwallow\passivedoodads\bushes\dustwallowshrub02.m2;20050.97265625;39.412384033203125;20370.37890625;8.000000953674316;6;3.999999523162842;;1;92561;m2;201814;0;
..\..\world\kalimdor\dustwallow\passivedoodads\bushes\dustwallowshrub02.m2;19859.76171875;34.07756042480469;20596.30078125;0;258;0;;1;92637;m2;201814;0;
..\..\world\kalimdor\dustwallow\passivedoodads\bushes\dustwallowshrub02.m2;19772.1796875;36.7156982421875;20701.599609375;-12.000001907348633;0;-1.0000001192092896;;1;93136;m2;201814;0;
..\..\world\kalimdor\dustwallow\passivedoodads\bushes\dustwallowshrub02.m2;19971.19140625;33.18491744995117;20488.234375;0;0;0;;1.119140625;92015;m2;201814;0;
..\..\world\kalimdor\dustwallow\passivedoodads\bushes\dustwallowshrub02.m2;19749.91015625;32.29264831542969;20697.01953125;0;79;0;;1;93100;m2;201814;0;
..\..\world\kalimdor\dustwallow\passivedoodads\bushes\dustwallowbush01.m2;19781.853515625;34.38924789428711;20709.443359375;0;0;0;;0.9091796875;120968;m2;201811;0;
..\..\world\kalimdor\dustwallow\passivedoodads\bushes\dustwallowshrub02.m2;20085.9609375;32.052886962890625;20287.49609375;-8.000000953674316;0;2.500000238418579;;1;91967;m2;201814;0;
..\..\world\kalimdor\dustwallow\passivedoodads\bushes\dustwallowshrub02.m2;19863.05859375;33.46419143676758;20612.28125;-12.5;0;0;;1;92612;m2;201814;0;
..\..\world\kalimdor\dustwallow\passivedoodads\bushes\dustwallowshrub02.m2;19829.7265625;32.278446197509766;20638.40625;0;10;0;;1;93084;m2;201814;0;
..\..\world\kalimdor\dustwallow\passivedoodads\bushes\dustwallowshrub02.m2;19933.33984375;41.80931091308594;20269.4765625;12.000000953674316;0;0;;1;87873;m2;201814;0;
..\..\world\kalimdor\dustwallow\passivedoodads\bushes\dustwallowshrub02.m2;19906.572265625;34.233097076416016;20272.681640625;3;0;-4.999999523162842;;1;89971;m2;201814;0;
..\..\world\kalimdor\dustwallow\passivedoodads\bushes\dustwallowshrub02.m2;20087.8359375;34.04690933227539;20290.697265625;-9.499999046325684;359.5;-0.4999999403953552;;1;91972;m2;201814;0;
..\..\world\generic\human\passivedoodads\cargoboxes\deadminecargoboxes.m2;19898.576171875;34.2396125793457;20443.44921875;10.499999046325684;281.5;-5.499999046325684;;1;94249;m2;198085;0;
..\..\world\generic\passivedoodads\furniture\containers\barrel02.m2;20113.97265625;36.055381774902344;20297.75390625;-78;333.5;-15.499990463256836;;2.08984375;92512;m2;199737;0;
..\..\world\kalimdor\dustwallow\passivedoodads\outposts\dustwallowoutpost06.m2;20101.783203125;39.23757553100586;20410.34375;3.999999523162842;45;26.999998092651367;;0.4892578125;92535;m2;201822;0;
..\..\world\kalimdor\dustwallow\passivedoodads\bushes\dustwallowshrub02.m2;20086.826171875;33.42416000366211;20291.8046875;-8;0;0;;1;91971;m2;201814;0;
..\..\world\kalimdor\dustwallow\passivedoodads\bushes\dustwallowshrub02.m2;20071.66796875;33.046268463134766;20527.353515625;0;3;0;;1;92107;m2;201814;0;
..\..\world\kalimdor\dustwallow\passivedoodads\bushes\dustwallowshrub02.m2;19987.37109375;54.78529357910156;20271.669921875;0;0;0;;1.029296875;90938;m2;201814;0;
..\..\world\kalimdor\dustwallow\passivedoodads\bushes\dustwallowshrub02.m2;19965.57421875;28.857540130615234;20530.591796875;0;0;0;;1.029296875;92014;m2;201814;0;
..\..\world\azeroth\westfall\passivedoodads\barrel\westfallbarrel01.m2;20113.6875;35.3514404296875;20296.08984375;-73.99999237060547;358;11.49999713897705;;2.2998046875;92514;m2;190535;0;
..\..\world\kalimdor\dustwallow\passivedoodads\bushes\dustwallowshrub02.m2;19828.271484375;32.58441925048828;20636.58203125;0;1.5;0;;1;93083;m2;201814;0;
..\..\world\kalimdor\dustwallow\passivedoodads\bushes\dustwallowshrub02.m2;19989.73828125;53.1566276550293;20276.501953125;0;0;0;;1;90940;m2;201814;0;
..\..\world\kalimdor\dustwallow\passivedoodads\bushes\dustwallowshrub02.m2;19982.201171875;34.70170593261719;20335.4453125;0;0;0;;1;90951;m2;201814;0;
..\..\world\kalimdor\dustwallow\passivedoodads\bushes\dustwallowshrub02.m2;20121.328125;32.14144515991211;20315.47265625;0;0;0;;1;91973;m2;201814;0;
..\..\world\kalimdor\dustwallow\passivedoodads\bushes\dustwallowshrub02.m2;20122.697265625;32.65154266357422;20312.4140625;0;0;0;;1;91974;m2;201814;0;
..\..\world\kalimdor\dustwallow\passivedoodads\bushes\dustwallowshrub02.m2;20124.69140625;32.29903030395508;20303.572265625;0;0;0;;1;91987;m2;201814;0;
..\..\world\kalimdor\dustwallow\passivedoodads\bushes\dustwallowshrub02.m2;20121.01953125;32.817874908447266;20308.10546875;0;0;0;;1;91988;m2;201814;0;
..\..\world\kalimdor\dustwallow\passivedoodads\bushes\dustwallowshrub02.m2;20090.787109375;33.21357727050781;20301.9765625;0;0;0;;1;91989;m2;201814;0;
..\..\world\kalimdor\dustwallow\passivedoodads\bushes\dustwallowshrub02.m2;19998.892578125;36.01711654663086;20435.37890625;0;0;0;;1;92024;m2;201814;0;
..\..\world\kalimdor\dustwallow\passivedoodads\bushes\dustwallowshrub02.m2;19994.91796875;35.415252685546875;20432.681640625;0;0;0;;1;92025;m2;201814;0;
..\..\world\kalimdor\dustwallow\passivedoodads\bushes\dustwallowshrub02.m2;20037.150390625;33.40961456298828;20553.841796875;0;0;0;;1;92090;m2;201814;0;
..\..\world\kalimdor\dustwallow\passivedoodads\bushes\dustwallowshrub02.m2;20116.8671875;35.44804763793945;20556.5859375;0;0;0;;1;92104;m2;201814;0;
..\..\world\kalimdor\dustwallow\passivedoodads\bushes\dustwallowshrub02.m2;20139.78125;34.669578552246094;20485.732421875;0;0;0;;1;92120;m2;201814;0;
..\..\world\kalimdor\dustwallow\passivedoodads\bushes\dustwallowshrub02.m2;20183.447265625;37.81105422973633;20328.966796875;0;0;0;;1;92134;m2;201814;0;
..\..\world\kalimdor\dustwallow\passivedoodads\bushes\dustwallowshrub02.m2;20216.642578125;32.731746673583984;20350.962890625;0;0;0;;1;92138;m2;201814;0;
..\..\world\kalimdor\dustwallow\passivedoodads\bushes\dustwallowshrub02.m2;20194.306640625;33.49197006225586;20383.533203125;0;0;0;;1;92147;m2;201814;0;
..\..\world\kalimdor\dustwallow\passivedoodads\bushes\dustwallowshrub02.m2;20121.30078125;34.67103576660156;20445.888671875;0;0;0;;1;92167;m2;201814;0;
..\..\world\kalimdor\dustwallow\passivedoodads\bushes\dustwallowshrub02.m2;20138.66015625;32.86088943481445;20421.00390625;0;0;0;;1;92176;m2;201814;0;
..\..\world\kalimdor\dustwallow\passivedoodads\bushes\dustwallowshrub02.m2;19863.634765625;34.14028549194336;20593.224609375;0;0;0;;1;92639;m2;201814;0;
..\..\world\kalimdor\dustwallow\passivedoodads\bushes\dustwallowshrub02.m2;19902.44921875;31.20689582824707;20623.166015625;0;0;0;;1;92666;m2;201814;0;
..\..\world\kalimdor\dustwallow\passivedoodads\bushes\dustwallowshrub02.m2;19848.068359375;33.703948974609375;20596.95703125;0;0;0;;1;92693;m2;201814;0;
..\..\world\kalimdor\dustwallow\passivedoodads\bushes\dustwallowshrub02.m2;19843.693359375;32.161582946777344;20594.8984375;0;0;0;;1;92694;m2;201814;0;
..\..\world\kalimdor\dustwallow\passivedoodads\bushes\dustwallowshrub02.m2;19849.46875;33.586830139160156;20602.0234375;0;0;0;;1;92695;m2;201814;0;
..\..\world\kalimdor\dustwallow\passivedoodads\bushes\dustwallowshrub02.m2;19853.09765625;35.0148811340332;20600.380859375;0;0;0;;1;92696;m2;201814;0;
..\..\world\kalimdor\dustwallow\passivedoodads\bushes\dustwallowshrub02.m2;20182.58203125;34.8312873840332;20536.30859375;0;0;0;;1;92760;m2;201814;0;
..\..\world\kalimdor\dustwallow\passivedoodads\bushes\dustwallowshrub02.m2;20184.763671875;38.59860610961914;20500.435546875;0;0;0;;1;92764;m2;201814;0;
..\..\world\kalimdor\dustwallow\passivedoodads\bushes\dustwallowshrub02.m2;20243.77734375;31.79698371887207;20420.134765625;0;0;0;;1;92799;m2;201814;0;
..\..\world\kalimdor\dustwallow\passivedoodads\bushes\dustwallowshrub02.m2;20262.05078125;32.699649810791016;20421.49609375;0;0;0;;1;92811;m2;201814;0;
..\..\world\kalimdor\dustwallow\passivedoodads\bushes\dustwallowshrub02.m2;20241.00390625;31.48003578186035;20457.640625;0;0;0;;1;92827;m2;201814;0;
..\..\world\kalimdor\dustwallow\passivedoodads\bushes\dustwallowshrub02.m2;20188.76953125;32.86445999145508;20467.220703125;0;0;0;;1;92861;m2;201814;0;
..\..\world\kalimdor\dustwallow\passivedoodads\bushes\dustwallowshrub02.m2;19846.796875;34.47738265991211;20565.994140625;0;0;0;;1;92870;m2;201814;0;
..\..\world\kalimdor\dustwallow\passivedoodads\bushes\dustwallowshrub02.m2;19790.21875;33.076534271240234;20641.853515625;0;0;0;;1;92892;m2;201814;0;
..\..\world\kalimdor\dustwallow\passivedoodads\bushes\dustwallowshrub02.m2;19796.513671875;29.852813720703125;20647.845703125;0;0;0;;1;92895;m2;201814;0;
..\..\world\kalimdor\dustwallow\passivedoodads\bushes\dustwallowshrub02.m2;19860.40625;33.06553268432617;20480.103515625;0;0;0;;1;93041;m2;201814;0;
..\..\world\kalimdor\dustwallow\passivedoodads\bushes\dustwallowshrub02.m2;19826.244140625;31.336029052734375;20631.2734375;0;0;0;;1;93066;m2;201814;0;
..\..\world\kalimdor\dustwallow\passivedoodads\bushes\dustwallowshrub02.m2;19822.64453125;32.246070861816406;20633.828125;0;0;0;;1;93085;m2;201814;0;
..\..\world\kalimdor\dustwallow\passivedoodads\bushes\dustwallowshrub02.m2;19822.279296875;33.53385925292969;20637.326171875;0;0;0;;1;93086;m2;201814;0;
..\..\world\kalimdor\dustwallow\passivedoodads\bushes\dustwallowshrub02.m2;19733.068359375;35.871463775634766;20694.9375;0;0;0;;1;93092;m2;201814;0;
..\..\world\kalimdor\dustwallow\passivedoodads\bushes\dustwallowshrub02.m2;19847.03515625;33.0322151184082;20679.5859375;0;0;0;;1;93121;m2;201814;0;
..\..\world\kalimdor\dustwallow\passivedoodads\bushes\dustwallowshrub02.m2;19750.3671875;35.102542877197266;20705.87109375;0;0;0;;1;93131;m2;201814;0;
..\..\world\kalimdor\dustwallow\passivedoodads\bushes\dustwallowshrub02.m2;19984.51953125;32.712162017822266;20610.361328125;0;0;0;;1;114151;m2;201814;0;
..\..\world\generic\passivedoodads\furniture\containers\barrel02.m2;20100.44921875;36.153202056884766;20296.6484375;74.5;0;-45.999996185302734;;1.8291015625;92513;m2;199737;0;
..\..\world\azeroth\westfall\passivedoodads\barrel\westfallbarrel01.m2;20112.505859375;35.17405319213867;20296.91015625;-7;358;-16.5;;2.1591796875;92515;m2;190535;0;
..\..\world\kalimdor\dustwallow\passivedoodads\bushes\dustwallowbush01.m2;20132.009765625;33.698585510253906;20423.54296875;0;263.5;0;;0.6796875;93287;m2;201811;0;
..\..\world\azeroth\swamposorrow\passivedoodads\rocks\swampsorrowrock01.m2;20106.546875;33.08682632446289;20356.27734375;-2;350;-9.000000953674316;;1.1396484375;88646;m2;190388;0;
..\..\world\azeroth\swamposorrow\passivedoodads\rocks\swampsorrowrock01.m2;20101.06640625;33.36229705810547;20419.822265625;8;10;1.5;;1.08984375;88647;m2;190388;0;
..\..\world\kalimdor\dustwallow\passivedoodads\walls\dustwallowwall02.m2;19787.099609375;35.16815948486328;20727.36328125;-13.499998092651367;351.5;-11.499999046325684;;1;127651;m2;201842;0;
..\..\world\kalimdor\dustwallow\passivedoodads\walls\dustwallowwall01.m2;19782.70703125;35.84839630126953;20727.3203125;-16.5;12.5;-12.500000953674316;;1;127654;m2;201841;0;
..\..\world\kalimdor\dustwallow\passivedoodads\walls\dustwallowwall01.m2;20090.83984375;32.647125244140625;20422.533203125;-3.499999523162842;77.5;8.499998092651367;;1;128335;m2;201841;0;
..\..\world\kalimdor\dustwallow\passivedoodads\walls\dustwallowwall02.m2;20264.33203125;32.735416412353516;20310.455078125;-2.000000476837158;275;10.999999046325684;;1;128404;m2;201842;0;
..\..\world\kalimdor\dustwallow\passivedoodads\walls\dustwallowwall02.m2;19761.861328125;38.11918640136719;20722.3046875;0;195.5;9;;1;127644;m2;201842;0;
..\..\world\kalimdor\dustwallow\passivedoodads\walls\dustwallowwall02.m2;20097.50390625;33.40150833129883;20417.94140625;-5.500000476837158;279.5;-9.000001907348633;;1;128354;m2;201842;0;
..\..\world\generic\orc\passivedoodads\weapons\orcaxe01.m2;20091.67578125;35.67646408081055;20409.40234375;-34;11.5;28;;1.6796875;92183;m2;199430;0;
..\..\world\azeroth\swamposorrow\passivedoodads\rocks\swampsorrowrock01.m2;20111.92578125;34.94025802612305;20297.11328125;-4.000000953674316;80.5;-13.5;;1.0693359375;88649;m2;190388;0;
..\..\world\kalimdor\dustwallow\passivedoodads\walls\dustwallowwall02.m2;19749.791015625;40.19626235961914;20736.390625;-3.999999523162842;189;6;;1;127641;m2;201842;0;
..\..\world\kalimdor\dustwallow\passivedoodads\walls\dustwallowwall02.m2;19797.578125;34.32167434692383;20716.857421875;-7.500000476837158;98;-8.000001907348633;;1;127660;m2;201842;0;
..\..\world\kalimdor\dustwallow\passivedoodads\walls\dustwallowwall02.m2;19759.66796875;38.408756256103516;20722.75390625;0.5;7;-6;;1;127645;m2;201842;0;
..\..\world\kalimdor\dustwallow\passivedoodads\walls\dustwallowwall02.m2;19797.58984375;34.43000030517578;20714.81640625;8.499998092651367;260;3.500000476837158;;1;127661;m2;201842;0;
..\..\world\kalimdor\dustwallow\passivedoodads\walls\dustwallowwall02.m2;20018.935546875;32.25612258911133;20506.294921875;-2;184;7.000001430511475;;1;128294;m2;201842;0;
..\..\world\kalimdor\dustwallow\passivedoodads\walls\dustwallowwall01.m2;20043.212890625;32.479713439941406;20504.189453125;-1.999999761581421;355;5.499999046325684;;1;128302;m2;201841;0;
..\..\world\kalimdor\dustwallow\passivedoodads\walls\dustwallowwall01.m2;19798.12109375;34.44458770751953;20719.12890625;-15.499999046325684;107;-8.499998092651367;;1;127663;m2;201841;0;
..\..\world\kalimdor\dustwallow\passivedoodads\walls\dustwallowwall01.m2;20025.330078125;32.00836181640625;20491.962890625;-0.9999998807907104;17;-3.9999990463256836;;1;128296;m2;201841;0;
..\..\world\kalimdor\dustwallow\passivedoodads\walls\dustwallowwall01.m2;19868.4921875;31.196191787719727;20632.337890625;-0.5000000596046448;24;5.5;;1;127912;m2;201841;0;
..\..\world\kalimdor\dustwallow\passivedoodads\walls\dustwallowwall02.m2;20041.05078125;32.4522590637207;20504.025390625;-1.999999761581421;0;8.5;;1;128306;m2;201842;0;
..\..\world\kalimdor\dustwallow\passivedoodads\walls\dustwallowwall01.m2;19801.822265625;33.84323501586914;20761.46484375;-3;80.5;3.5;;1;127779;m2;201841;0;
..\..\world\kalimdor\dustwallow\passivedoodads\walls\dustwallowwall01.m2;19994.19140625;32.40158462524414;20504.673828125;-4.5;355;3.999999523162842;;1;128286;m2;201841;0;
..\..\world\kalimdor\dustwallow\passivedoodads\walls\dustwallowwall01.m2;19868.490234375;32.31416320800781;20617.9921875;-1.9999995231628418;66;5.5;;1;127920;m2;201841;0;
..\..\world\kalimdor\dustwallow\passivedoodads\walls\dustwallowwall01.m2;20099.75;32.73828887939453;20421.103515625;5.500000476837158;350.5;-3.000000238418579;;1;128351;m2;201841;0;
..\..\world\kalimdor\dustwallow\passivedoodads\walls\dustwallowwall02.m2;19791.94140625;34.71343994140625;20739.26171875;-1.0000001192092896;92.5;5;;1;127777;m2;201842;0;
..\..\world\kalimdor\dustwallow\passivedoodads\walls\dustwallowwall03.m2;19791.107421875;34.99451446533203;20732.953125;-8.999999046325684;284.5;0;;1;127658;m2;201843;0;
..\..\world\kalimdor\dustwallow\passivedoodads\walls\dustwallowwall03.m2;19801.58984375;33.5468864440918;20763.78515625;-1.0000003576278687;89.5;7.500000476837158;;1;127781;m2;201843;0;
..\..\world\kalimdor\dustwallow\passivedoodads\walls\dustwallowwall01.m2;19742.298828125;34.747554779052734;20602.416015625;-3;61.5;-5;;1;127609;m2;201841;0;
..\..\world\kalimdor\dustwallow\passivedoodads\walls\dustwallowwall02.m2;19744.95703125;40.7977180480957;20736.8125;-10.999999046325684;3.5;-3.999999523162842;;1;127642;m2;201842;0;
..\..\world\kalimdor\dustwallow\passivedoodads\walls\dustwallowwall03.m2;19821.033203125;33.04804229736328;20675.49609375;-2.500000476837158;60;-10;;1;127903;m2;201843;0;
..\..\world\kalimdor\dustwallow\passivedoodads\walls\dustwallowwall03.m2;19820.80078125;32.274742126464844;20652.525390625;-2.500000476837158;60;-10;;1;127906;m2;201843;0;
..\..\world\kalimdor\dustwallow\passivedoodads\walls\dustwallowwall01.m2;19980.25390625;31.389713287353516;20496.978515625;-3.499999523162842;22.5;-3.499999523162842;;1;128280;m2;201841;0;
..\..\world\kalimdor\dustwallow\passivedoodads\walls\dustwallowwall01.m2;19747.41015625;40.55220413208008;20736.728515625;-11.000000953674316;6;-2.500000238418579;;1;127639;m2;201841;0;
..\..\world\kalimdor\dustwallow\passivedoodads\walls\dustwallowwall01.m2;19787.705078125;33.308197021484375;20782.091796875;0;103.5;0;;1;127788;m2;201841;0;
..\..\world\kalimdor\dustwallow\passivedoodads\walls\dustwallowwall01.m2;20188.642578125;32.83297348022461;20358.45703125;0;12.5;0;;1;128372;m2;201841;0;
..\..\world\kalimdor\dustwallow\passivedoodads\walls\dustwallowwall02.m2;19780.41015625;36.3638801574707;20727.955078125;-17.999998092651367;25;-11.000000953674316;;1;127656;m2;201842;0;
..\..\world\kalimdor\dustwallow\passivedoodads\walls\dustwallowwall01.m2;20239.548828125;32.15628433227539;20363.236328125;0;16;0;;1;128386;m2;201841;0;
..\..\world\kalimdor\dustwallow\passivedoodads\walls\dustwallowwall02.m2;19788.95703125;34.71803665161133;20728.193359375;11;145;7.500000476837158;;1;127652;m2;201842;0;
..\..\world\kalimdor\dustwallow\passivedoodads\walls\dustwallowwall01.m2;19805.3671875;34.539390563964844;20732.431640625;0;100.5;0;;1;127667;m2;201841;0;
..\..\world\kalimdor\dustwallow\passivedoodads\walls\dustwallowwall02.m2;20180.328125;33.10199737548828;20373.36328125;-3.5000007152557373;34;12.000000953674316;;1;128369;m2;201842;0;
..\..\world\kalimdor\dustwallow\passivedoodads\walls\dustwallowwall01.m2;20263.041015625;32.629520416259766;20293.65234375;0;99.5;0;;1;128415;m2;201841;0;
..\..\world\kalimdor\dustwallow\passivedoodads\walls\dustwallowwall01.m2;20262.47265625;32.65271759033203;20291.37890625;0;108;0;;1;128417;m2;201841;0;
..\..\world\kalimdor\dustwallow\passivedoodads\walls\dustwallowwall02.m2;20216.56640625;33.0550651550293;20365.8984375;0;192;0;;1;128382;m2;201842;0;
..\..\world\kalimdor\dustwallow\passivedoodads\walls\dustwallowwall02.m2;20029.544921875;31.81032371520996;20490.76953125;0;194.5;0;;1;128300;m2;201842;0;
..\..\world\kalimdor\dustwallow\passivedoodads\walls\dustwallowwall02.m2;20264.0234375;32.83882141113281;20314.8828125;0;74.5;0;;1;128413;m2;201842;0;
..\..\world\kalimdor\dustwallow\passivedoodads\walls\dustwallowwall01.m2;20045.65234375;32.53633499145508;20504.7421875;0;340.5;0;;1;128303;m2;201841;0;
..\..\world\kalimdor\dustwallow\passivedoodads\walls\dustwallowwall01.m2;20072.73046875;31.94105339050293;20460.318359375;0;250;0;;1;128325;m2;201841;0;
..\..\world\kalimdor\dustwallow\passivedoodads\walls\dustwallowwall01.m2;20120.857421875;33.092098236083984;20415.99609375;0;20.5;0;;1;128361;m2;201841;0;
..\..\world\kalimdor\dustwallow\passivedoodads\walls\dustwallowwall03.m2;20027.28515625;32.007972717285156;20491.4609375;0;19;0;;1;128298;m2;201843;0;
..\..\world\kalimdor\dustwallow\passivedoodads\walls\dustwallowwall02.m2;20118.642578125;33.11663055419922;20416.783203125;0;19;0;;1;128363;m2;201842;0;
..\..\world\kalimdor\dustwallow\passivedoodads\walls\dustwallowwall01.m2;20118.732421875;33.278446197509766;20426.86328125;-3.000000238418579;26;0.5;;1;128358;m2;201841;0;
..\..\world\kalimdor\dustwallow\passivedoodads\walls\dustwallowwall02.m2;19982.3515625;31.393245697021484;20496.103515625;0;199.5;0;;1;128282;m2;201842;0;
..\..\world\kalimdor\dustwallow\passivedoodads\walls\dustwallowwall01.m2;20241.912109375;32.27548599243164;20362.462890625;0;22;0;;1;128387;m2;201841;0;
..\..\world\kalimdor\dustwallow\passivedoodads\walls\dustwallowwall02.m2;20069.583984375;32.5706672668457;20468.1015625;0;249.5;0;;1;128322;m2;201842;0;
..\..\world\kalimdor\dustwallow\passivedoodads\walls\dustwallowwall03.m2;20090.923828125;34.29582595825195;20413.986328125;0;83.5;0;;1;128356;m2;201843;0;
..\..\world\kalimdor\dustwallow\passivedoodads\walls\dustwallowwall02.m2;20100.89453125;32.34050369262695;20434.630859375;0;201;0;;1;128345;m2;201842;0;
..\..\world\kalimdor\dustwallow\passivedoodads\walls\dustwallowwall01.m2;20264.4375;33.077640533447266;20312.67578125;0;85.5;0;;1;128402;m2;201841;0;
..\..\world\kalimdor\dustwallow\passivedoodads\walls\dustwallowwall02.m2;19869.255859375;32.340641021728516;20615.912109375;0;248.5;0;;1;127922;m2;201842;0;
..\..\world\kalimdor\dustwallow\passivedoodads\walls\dustwallowwall02.m2;19881.623046875;33.1045036315918;20593.36328125;0;248.5;0;;1;127932;m2;201842;0;
..\..\world\kalimdor\dustwallow\passivedoodads\walls\dustwallowwall01.m2;19996.69921875;32.52949905395508;20505.03515625;0;356;0;;1;128287;m2;201841;0;
..\..\world\kalimdor\dustwallow\passivedoodads\walls\dustwallowwall01.m2;20016.689453125;32.4295539855957;20506.44140625;0;4;0;;1;128292;m2;201841;0;
..\..\world\kalimdor\dustwallow\passivedoodads\walls\dustwallowwall02.m2;19801.64453125;33.17827224731445;20766.046875;0;95.5;0;;1;127783;m2;201842;0;
..\..\world\kalimdor\dustwallow\passivedoodads\walls\dustwallowwall02.m2;20103.2109375;32.28642654418945;20434.015625;0;185.5;0;;1;128347;m2;201842;0;
..\..\world\kalimdor\dustwallow\passivedoodads\walls\dustwallowwall03.m2;19805.607421875;34.64173126220703;20734.720703125;0;85;0;;1;127669;m2;201843;0;
..\..\world\kalimdor\dustwallow\passivedoodads\walls\dustwallowwall01.m2;20098.68359375;31.90402603149414;20435.70703125;0;24;0;;1;128342;m2;201841;0;
..\..\world\kalimdor\dustwallow\passivedoodads\walls\dustwallowwall03.m2;20266.18359375;32.74618911743164;20340.669921875;0;67;0;;1;128400;m2;201843;0;
..\..\world\kalimdor\dustwallow\passivedoodads\walls\dustwallowwall02.m2;19788.548828125;33.3815803527832;20784.375;0;113;0;;1;127785;m2;201842;0;
..\..\world\kalimdor\dustwallow\passivedoodads\walls\dustwallowwall01.m2;20055.291015625;32.12680435180664;20496.451171875;0;65.5;0;;1;128310;m2;201841;0;
..\..\world\kalimdor\dustwallow\passivedoodads\walls\dustwallowwall02.m2;19743.203125;34.68257522583008;20600.595703125;-1.5;245;0;;1;127612;m2;201842;0;
..\..\world\kalimdor\dustwallow\passivedoodads\walls\dustwallowwall03.m2;19867.46875;32.26837921142578;20620.15625;-0.49999988079071045;60.5;5;;1;127918;m2;201843;0;
..\..\world\kalimdor\dustwallow\passivedoodads\walls\dustwallowwall01.m2;19881.400390625;32.372371673583984;20617.689453125;0;65;0;;1;127924;m2;201841;0;
..\..\world\kalimdor\dustwallow\passivedoodads\walls\dustwallowwall01.m2;20214.267578125;32.83137130737305;20366.25;0;2.5;0;;1;128380;m2;201841;0;
..\..\world\kalimdor\dustwallow\passivedoodads\walls\dustwallowwall02.m2;20068.65234375;32.6141242980957;20470.216796875;0;66;0;;1;128321;m2;201842;0;
..\..\world\kalimdor\dustwallow\passivedoodads\walls\dustwallowwall01.m2;20265.173828125;32.84097671508789;20342.630859375;0;64.5;0;;1;128399;m2;201841;0;
..\..\world\kalimdor\dustwallow\passivedoodads\walls\dustwallowwall02.m2;19999.12109375;32.635372161865234;20505.22265625;0;177;0;;1;128288;m2;201842;0;
..\..\world\kalimdor\dustwallow\passivedoodads\walls\dustwallowwall02.m2;20190.86328125;32.77342224121094;20358.146484375;0;182.5;0;;1;128374;m2;201842;0;
..\..\world\kalimdor\dustwallow\passivedoodads\walls\dustwallowwall02.m2;20225.224609375;32.73626708984375;20353.78125;0;183;0;;1;128384;m2;201842;0;
..\..\world\kalimdor\dustwallow\passivedoodads\walls\dustwallowwall02.m2;20222.96484375;32.63994216918945;20353.84765625;0;2;0;;1;128383;m2;201842;0;
..\..\world\kalimdor\dustwallow\passivedoodads\walls\dustwallowwall02.m2;19744.92578125;33.64884948730469;20574.693359375;-5.499999523162842;239;7;;1;127410;m2;201842;0;
..\..\world\kalimdor\dustwallow\passivedoodads\walls\dustwallowwall03.m2;19798.85546875;34.43820571899414;20721.298828125;0;116;0;;1;127665;m2;201843;0;
..\..\world\kalimdor\dustwallow\passivedoodads\walls\dustwallowwall01.m2;20209.32421875;33.10637664794922;20366.279296875;0;0;0;;1;128378;m2;201841;0;
..\..\world\generic\orc\passivedoodads\weapons\orcsword03.m2;19886.625;33.60139846801758;20437.36328125;-6.500000476837158;81.5;-10.5;;1.099609375;94243;m2;199448;0;
..\..\world\kalimdor\dustwallow\passivedoodads\walls\dustwallowwall02.m2;20046.056640625;31.285980224609375;20480.39453125;0;243.5;0;;1;128318;m2;201842;0;
..\..\world\kalimdor\dustwallow\passivedoodads\walls\dustwallowwall03.m2;20011.701171875;32.3571662902832;20506.53125;0;0.5;0;;1;128290;m2;201843;0;
..\..\world\kalimdor\dustwallow\passivedoodads\walls\dustwallowwall03.m2;20054.767578125;32.31711196899414;20498.986328125;0;89.5;0;;1;128308;m2;201843;0;
..\..\world\kalimdor\dustwallow\passivedoodads\walls\dustwallowwall03.m2;20098.1640625;33.01260757446289;20419.87109375;0;297;0;;1;128349;m2;201843;0;
..\..\world\kalimdor\dustwallow\passivedoodads\walls\dustwallowwall03.m2;19787.0234375;33.68651580810547;20703.21484375;0;62.5;0;;1;127771;m2;201843;0;
..\..\world\kalimdor\dustwallow\passivedoodads\walls\dustwallowwall02.m2;20102.162109375;32.43560791015625;20421.2109375;0;180;0;;1;128353;m2;201842;0;
..\..\world\kalimdor\dustwallow\passivedoodads\walls\dustwallowwall03.m2;20211.84375;33.069664001464844;20366.27734375;0;0;0;;1;128379;m2;201843;0;
..\..\world\kalimdor\dustwallow\passivedoodads\walls\dustwallowwall01.m2;20265.412109375;33.23246383666992;20270.505859375;0;298.5;0;;1;128420;m2;201841;0;
..\..\world\kalimdor\dustwallow\passivedoodads\walls\dustwallowwall02.m2;19752.61328125;33.394187927246094;20578.62890625;0;242;0;;1;127409;m2;201842;0;
..\..\world\kalimdor\dustwallow\passivedoodads\walls\dustwallowwall02.m2;20261.611328125;32.648433685302734;20289.3515625;0;298;0;;1;128419;m2;201842;0;
..\..\world\generic\passivedoodads\furniture\containers\barrel02.m2;19894.77734375;33.68972396850586;20440.744140625;0;347;0;;1.869140625;94250;m2;199737;0;
..\..\world\kalimdor\dustwallow\passivedoodads\walls\dustwallowwall02.m2;19741.03515625;34.695552825927734;20604.349609375;-0.5000007748603821;56.5;-3.999999523162842;;1;127611;m2;201842;0;
..\..\world\kalimdor\dustwallow\passivedoodads\walls\dustwallowwall01.m2;20264.3125;33.29875564575195;20268.55859375;0;300.5;0;;1;128424;m2;201841;0;
..\..\world\kalimdor\dustwallow\passivedoodads\walls\dustwallowwall03.m2;19773.12109375;35.81108474731445;20717.28125;-0.9999997019767761;35;-6.000000953674316;;1;127647;m2;201843;0;
..\..\world\kalimdor\dustwallow\passivedoodads\walls\dustwallowwall01.m2;19978.275390625;31.379329681396484;20498.19140625;0;31.5;0;;1;128278;m2;201841;0;
..\..\world\kalimdor\dustwallow\passivedoodads\walls\dustwallowwall01.m2;20243.900390625;32.34410858154297;20361.45703125;0;31.5;0;;1;128388;m2;201841;0;
..\..\world\kalimdor\dustwallow\passivedoodads\walls\dustwallowwall02.m2;19880.646484375;33.18723678588867;20595.322265625;0;59;0;;1;127930;m2;201842;0;
..\..\world\kalimdor\dustwallow\passivedoodads\walls\dustwallowwall02.m2;19926.5234375;31.596216201782227;20552.83203125;0;210.99998474121094;0;;1;127954;m2;201842;0;
..\..\world\kalimdor\dustwallow\passivedoodads\walls\dustwallowwall02.m2;20239.501953125;32.6404914855957;20350.283203125;0;31;0;;1;128396;m2;201842;0;
..\..\world\kalimdor\dustwallow\passivedoodads\walls\dustwallowwall02.m2;20263.1484375;33.30592727661133;20266.642578125;0;301;0;;1;128426;m2;201842;0;
..\..\world\kalimdor\dustwallow\passivedoodads\walls\dustwallowwall02.m2;19882.431640625;32.53628158569336;20615.630859375;0;238.5;0;;1;127926;m2;201842;0;
..\..\world\kalimdor\dustwallow\passivedoodads\walls\dustwallowwall01.m2;19905.9609375;33.05091094970703;20588.44140625;-0.5000001192092896;36.5;-4.5;;1;127936;m2;201841;0;
..\..\world\kalimdor\dustwallow\passivedoodads\outposts\dustwallowoutpost06.m2;20088.884765625;38.892005920410156;20410.08984375;0;66;0;;0.419921875;92536;m2;201822;0;
..\..\world\kalimdor\dustwallow\passivedoodads\walls\dustwallowwall03.m2;20073.66015625;32.06926345825195;20458.46875;0;237.5;0;;1;128323;m2;201843;0;
..\..\world\kalimdor\dustwallow\passivedoodads\walls\dustwallowwall02.m2;20075.529296875;32.337623596191406;20434.47265625;0;212.49998474121094;0;;1;128333;m2;201842;0;
..\..\world\kalimdor\dustwallow\passivedoodads\walls\dustwallowwall02.m2;20245.875;32.45509719848633;20360.283203125;0;212.49998474121094;0;;1;128392;m2;201842;0;
..\..\world\kalimdor\dustwallow\passivedoodads\walls\dustwallowwall01.m2;19936.642578125;31.621700286865234;20562.97265625;0;33.5;0;;1;127946;m2;201841;0;
..\..\world\kalimdor\dustwallow\passivedoodads\walls\dustwallowwall02.m2;19799.705078125;34.06362533569336;20702.90234375;0;57;0;;1;127773;m2;201842;0;
..\..\world\kalimdor\dustwallow\passivedoodads\walls\dustwallowwall02.m2;19905.859375;32.560691833496094;20567.876953125;0;33;0;;1;127940;m2;201842;0;
..\..\world\kalimdor\dustwallow\passivedoodads\walls\dustwallowwall02.m2;19819.69140625;33.13698959350586;20677.49609375;0;56.5;0;;1;127902;m2;201842;0;
..\..\world\kalimdor\dustwallow\passivedoodads\walls\dustwallowwall02.m2;19819.45703125;32.18983840942383;20654.52734375;0;56.5;0;;1;127908;m2;201842;0;
..\..\world\kalimdor\dustwallow\passivedoodads\walls\dustwallowwall02.m2;19870.224609375;31.51214027404785;20631.33203125;0;213.5;0;;1;127914;m2;201842;0;
..\..\world\kalimdor\dustwallow\passivedoodads\walls\dustwallowwall01.m2;19907.73046875;32.56945037841797;20566.47265625;0;34.5;0;;1;127942;m2;201841;0;
..\..\world\kalimdor\dustwallow\passivedoodads\walls\dustwallowwall02.m2;19789.67578125;33.395423889160156;20786.25;0;124.5;0;;1;127787;m2;201842;0;
..\..\world\azeroth\swamposorrow\passivedoodads\rocks\swampsorrowrock01.m2;20114.40625;33.21676254272461;20316.89453125;0;0;0;;1.08984375;88648;m2;190388;0;
..\..\world\kalimdor\dustwallow\passivedoodads\walls\dustwallowwall02.m2;19777.9921875;34.940303802490234;20713.861328125;-0.500000536441803;221;9.000000953674316;;1;127649;m2;201842;0;
..\..\world\kalimdor\dustwallow\passivedoodads\walls\dustwallowwall01.m2;19879.22265625;33.0570182800293;20597.5234375;0;54.5;0;;1;127929;m2;201841;0;
..\..\world\kalimdor\dustwallow\passivedoodads\walls\dustwallowwall01.m2;20072.037109375;32.57549285888672;20437.58203125;-1;50;-5.000000476837158;;1;128329;m2;201841;0;
..\..\world\kalimdor\dustwallow\passivedoodads\walls\dustwallowwall02.m2;20266.716796875;33.18968200683594;20272.65625;0;125.5;0;;1;128423;m2;201842;0;
..\..\world\kalimdor\dustwallow\passivedoodads\walls\dustwallowwall01.m2;20056.5859375;32.18041229248047;20494.423828125;0;53.5;0;;1;128312;m2;201841;0;
..\..\world\kalimdor\dustwallow\passivedoodads\walls\dustwallowwall02.m2;19938.25390625;31.64625358581543;20561.3359375;0;234;0;;1;127948;m2;201842;0;
..\..\world\kalimdor\dustwallow\passivedoodads\walls\dustwallowwall01.m2;20073.78125;32.603485107421875;20435.93359375;-0.9999998807907104;39;-3.500000238418579;;1;128331;m2;201841;0;
..\..\world\kalimdor\dustwallow\passivedoodads\walls\dustwallowwall02.m2;19907.740234375;32.9608154296875;20587.033203125;0;217;0;;1;127938;m2;201842;0;
..\..\world\kalimdor\dustwallow\passivedoodads\walls\dustwallowwall01.m2;20044.787109375;31.34926414489746;20482.349609375;0;52;0;;1;128315;m2;201841;0;
..\..\world\kalimdor\dustwallow\passivedoodads\walls\dustwallowwall02.m2;20057.87890625;32.23204803466797;20492.576171875;0;232.5;0;;1;128319;m2;201842;0;
..\..\world\kalimdor\dustwallow\passivedoodads\walls\dustwallowwall01.m2;19924.814453125;31.71807861328125;20554.107421875;0;38.5;0;;1;127950;m2;201841;0;
..\..\world\kalimdor\dustwallow\passivedoodads\walls\dustwallowwall02.m2;20096.56640625;31.90066146850586;20436.8125;0;38;0;;1;128344;m2;201842;0;
..\..\world\kalimdor\dustwallow\passivedoodads\walls\dustwallowwall01.m2;20089.7734375;32.534812927246094;20424.37890625;0;51;0;;1;128336;m2;201841;0;
..\..\world\kalimdor\dustwallow\passivedoodads\walls\dustwallowwall03.m2;19794.576171875;33.46908187866211;20689.044921875;0;39;0;;1;127897;m2;201843;0;
..\..\world\kalimdor\dustwallow\passivedoodads\walls\dustwallowwall03.m2;20088.08203125;32.46156692504883;20426.099609375;1.500000238418579;41.5;5.5;;1;128339;m2;201843;0;
..\..\world\kalimdor\dustwallow\passivedoodads\walls\dustwallowwall02.m2;20168.3515625;32.1322135925293;20368.044921875;0;219;0;;1;128367;m2;201842;0;
..\..\world\generic\human\passivedoodads\signs\cavekobolddangersign.m2;20099.9609375;34.80583953857422;20412.21875;0;308.5;0;;1.2890625;92197;m2;198493;0;
..\..\world\kalimdor\dustwallow\passivedoodads\walls\dustwallowwall02.m2;19798.048828125;33.57539367675781;20685.669921875;0;220.5;0;;1;127900;m2;201842;0;
..\..\world\kalimdor\dustwallow\passivedoodads\walls\dustwallowwall02.m2;20043.298828125;31.31834602355957;20484.16015625;0;40.5;0;;1;128317;m2;201842;0;
..\..\world\kalimdor\dustwallow\passivedoodads\walls\dustwallowwall02.m2;20242.953125;32.77051544189453;20348.11328125;0;220.5;0;;1;128395;m2;201842;0;
..\..\world\kalimdor\dustwallow\passivedoodads\walls\dustwallowwall03.m2;19923.052734375;31.749597549438477;20555.625;0;42;0;;1;127952;m2;201843;0;
..\..\world\kalimdor\dustwallow\passivedoodads\walls\dustwallowwall02.m2;19803.310546875;34.172794342041016;20698.91015625;0;222.5;0;;1;127775;m2;201842;0;
..\..\world\kalimdor\dustwallow\passivedoodads\walls\dustwallowwall02.m2;19909.375;32.588218688964844;20565.232421875;0;222.49998474121094;0;;1;127944;m2;201842;0;
..\..\world\kalimdor\dustwallow\passivedoodads\walls\dustwallowwall01.m2;19796.345703125;33.51410675048828;20687.365234375;0;47;0;;1;127898;m2;201841;0;
..\..\world\kalimdor\dustwallow\passivedoodads\walls\dustwallowwall01.m2;19904.158203125;33.01365661621094;20589.9453125;0;43;0;;1;127934;m2;201841;0;
..\..\world\kalimdor\dustwallow\passivedoodads\walls\dustwallowwall02.m2;20166.859375;32.23058319091797;20369.466796875;0;46.5;0;;1;128364;m2;201842;0;
..\..\world\kalimdor\dustwallow\passivedoodads\walls\dustwallowwall01.m2;19822.08203125;31.92595100402832;20650.951171875;0;44.5;0;;1;127909;m2;201841;0;
..\..\world\azeroth\swamposorrow\passivedoodads\rocks\swampsorrowrock01.m2;19877.306640625;35.32316589355469;20396.95703125;0;0;0;;1;87699;m2;190388;0;
..\..\world\azeroth\swamposorrow\passivedoodads\rocks\swampsorrowrock01.m2;19798.69140625;35.853641510009766;20286.79296875;0;0;0;;1;87700;m2;190388;0;
..\..\world\azeroth\swamposorrow\passivedoodads\rocks\swampsorrowrock01.m2;19802.185546875;34.57173538208008;20473.263671875;0;0;0;;1;94252;m2;190388;0;
..\..\world\azeroth\swamposorrow\passivedoodads\rocks\swampsorrowrock01.m2;19929.0234375;35.1307258605957;20675.76171875;0;0;0;;1;94397;m2;190388;0;
..\..\world\generic\human\passivedoodads\signposts\humansignpostpointer04.m2;19793.109375;32.898006439208984;20716.919921875;-73.99999237060547;247.50003051757812;19.499990463256836;;1;319572;m2;198471;0;
..\..\world\azeroth\elwynn\passivedoodads\shovel\shovel.m2;20115.443359375;33.53657913208008;20358.97265625;-27.499998092651367;347.5;8.999999046325684;;1;92508;m2;189854;0;
..\..\world\kalimdor\dustwallow\passivedoodads\walls\dustwallowwallpost.m2;20098.671875;32.6894416809082;20420.83984375;4.999999523162842;59.5;9.000000953674316;;1.0693359375;128348;m2;201844;0;
..\..\world\generic\human\passivedoodads\lanterns\generallantern01.m2;20099.322265625;34.90264892578125;20412.666015625;8;0;-55.00000762939453;;0.9091796875;92198;m2;198327;0;
..\..\world\kalimdor\dustwallow\passivedoodads\walls\dustwallowwallpost.m2;19867.34765625;30.96228790283203;20632.76953125;7.500000953674316;297.5;-12.999999046325684;;1;127911;m2;201844;0;
..\..\world\generic\human\passivedoodads\lanterns\generallantern01.m2;20088.201171875;38.6573600769043;20411.267578125;0;329.5;0;;1;92537;m2;198327;0;
..\..\world\kalimdor\dustwallow\passivedoodads\walls\dustwallowwallpost.m2;19791.0859375;35.054752349853516;20732.978515625;-4.500000476837158;13;-14.999999046325684;;1;127657;m2;201844;0;
..\..\world\kalimdor\dustwallow\passivedoodads\walls\dustwallowwallpost.m2;20091.109375;33.037025451660156;20421.455078125;8.5;347.5;8.499999046325684;;1;128337;m2;201844;0;
..\..\world\kalimdor\dustwallow\passivedoodads\walls\dustwallowwallpost.m2;19788.13671875;34.90174102783203;20727.62890625;7.499999523162842;65;-9.499999046325684;;1;127650;m2;201844;0;
..\..\world\kalimdor\dustwallow\passivedoodads\walls\dustwallowwallpost.m2;19784.021484375;35.60921859741211;20727.1171875;-10.5;11;-6;;1;127653;m2;201844;0;
..\..\world\kalimdor\dustwallow\passivedoodads\walls\dustwallowwallpost.m2;19746.19921875;40.70283889770508;20736.771484375;-12;7.5;-4;;1;127638;m2;201844;0;
..\..\world\kalimdor\dustwallow\passivedoodads\walls\dustwallowwallpost.m2;19781.58984375;35.98583221435547;20727.544921875;-14;22.5;-2.499999761581421;;1;127655;m2;201844;0;
..\..\world\kalimdor\dustwallow\passivedoodads\walls\dustwallowwallpost.m2;19760.8671875;38.2402458190918;20722.5546875;8.500000953674316;6;-4.5;;1;127643;m2;201844;0;
..\..\world\kalimdor\dustwallow\passivedoodads\walls\dustwallowwallpost.m2;19797.517578125;34.3690299987793;20715.72265625;-4.500000476837158;180;-7.500000953674316;;1;127659;m2;201844;0;
..\..\world\generic\human\passivedoodads\ropes\cavekoboldropecoil.m2;20103.55078125;35.03435134887695;20300.076171875;-8;0;-5;;1;92516;m2;198422;0;
..\..\world\kalimdor\dustwallow\passivedoodads\walls\dustwallowwallpost.m2;19748.603515625;40.31403732299805;20736.625;-4.999999523162842;8.5;-4.999999523162842;;1;127640;m2;201844;0;
..\..\world\kalimdor\dustwallow\passivedoodads\walls\dustwallowwallpost.m2;20264.423828125;32.930538177490234;20311.505859375;-5.499999523162842;4;-4.5;;1;128403;m2;201844;0;
..\..\world\kalimdor\dustwallow\passivedoodads\walls\dustwallowwallpost.m2;19741.66015625;34.71271514892578;20603.55078125;1.999999761581421;240.5;7.500000476837158;;1;127610;m2;201844;0;
..\..\world\kalimdor\dustwallow\passivedoodads\walls\dustwallowwallpost.m2;20097.814453125;33.169593811035156;20419.1015625;6.999999523162842;7;-1.999999761581421;;1;128350;m2;201844;0;
..\..\world\kalimdor\dustwallow\passivedoodads\walls\dustwallowwallpost.m2;19742.736328125;34.630191802978516;20601.31640625;-1.500000238418579;331;-5.500000476837158;;1;127608;m2;201844;0;
..\..\world\kalimdor\dustwallow\passivedoodads\walls\dustwallowwallpost.m2;19869.404296875;31.59307861328125;20631.97265625;-4.499999523162842;33;1.5000003576278687;;1;127913;m2;201844;0;
..\..\world\kalimdor\dustwallow\passivedoodads\walls\dustwallowwallpost.m2;20074.22265625;32.05662155151367;20457.72265625;4.5;141;-0.9999997615814209;;1;128324;m2;201844;0;
..\..\world\kalimdor\dustwallow\passivedoodads\walls\dustwallowwallpost.m2;19995.423828125;32.49079895019531;20504.86328125;-2;356;3.5;;1;128284;m2;201844;0;
..\..\world\kalimdor\dustwallow\passivedoodads\walls\dustwallowwallpost.m2;20089.041015625;32.4451789855957;20425.33984375;0;319;0;;1.0498046875;128338;m2;201844;0;
..\..\world\kalimdor\dustwallow\passivedoodads\walls\dustwallowwallpost.m2;19777.20703125;34.98963165283203;20714.58984375;0;43;0;;1;127648;m2;201844;0;
..\..\world\kalimdor\dustwallow\passivedoodads\walls\dustwallowwallpost.m2;19802.568359375;34.09773254394531;20699.666015625;0;43;0;;1;127774;m2;201844;0;
..\..\world\kalimdor\dustwallow\passivedoodads\walls\dustwallowwallpost.m2;19795.48828125;33.45328903198242;20688.22265625;0;46;0;;1;127896;m2;201844;0;
..\..\world\kalimdor\dustwallow\passivedoodads\walls\dustwallowwallpost.m2;19822.82421875;32.03977966308594;20650.162109375;0;45;0;;1;127910;m2;201844;0;
..\..\world\kalimdor\dustwallow\passivedoodads\walls\dustwallowwallpost.m2;19905.005859375;33.02315139770508;20589.109375;0;43;0;;1;127935;m2;201844;0;
..\..\world\kalimdor\dustwallow\passivedoodads\walls\dustwallowwallpost.m2;19905.076171875;32.53098678588867;20568.4453125;0;42.5;0;;1;127939;m2;201844;0;
..\..\world\kalimdor\dustwallow\passivedoodads\walls\dustwallowwallpost.m2;19937.544921875;31.72584342956543;20562.23046875;0;47.5;0;;1;127945;m2;201844;0;
..\..\world\kalimdor\dustwallow\passivedoodads\walls\dustwallowwallpost.m2;19922.21484375;31.675214767456055;20556.482421875;0;46;0;;1;127953;m2;201844;0;
..\..\world\kalimdor\dustwallow\passivedoodads\walls\dustwallowwallpost.m2;20044.12890625;31.35828971862793;20483.265625;0;47.5;0;;1;128314;m2;201844;0;
..\..\world\kalimdor\dustwallow\passivedoodads\walls\dustwallowwallpost.m2;20071.28515625;32.476627349853516;20438.4609375;0;317.5;0;;1;128328;m2;201844;0;
..\..\world\kalimdor\dustwallow\passivedoodads\walls\dustwallowwallpost.m2;20167.5859375;32.24538040161133;20368.69140625;0;45;0;;1;128366;m2;201844;0;
..\..\world\kalimdor\dustwallow\passivedoodads\walls\dustwallowwallpost.m2;20242.197265625;32.7193489074707;20348.75390625;0;44;0;;1;128393;m2;201844;0;
..\..\world\kalimdor\dustwallow\passivedoodads\walls\dustwallowwallpost.m2;19797.232421875;33.51583480834961;20686.486328125;0;48.5;0;;1;127899;m2;201844;0;
..\..\world\kalimdor\dustwallow\passivedoodads\walls\dustwallowwallpost.m2;19906.904296875;32.94970703125;20587.73828125;0;314.5;0;;1;127937;m2;201844;0;
..\..\world\kalimdor\dustwallow\passivedoodads\walls\dustwallowwallpost.m2;19935.8125;31.62875747680664;20563.58984375;0;42;0;;1;127947;m2;201844;0;
..\..\world\kalimdor\dustwallow\passivedoodads\walls\dustwallowwallpost.m2;19923.92578125;31.70270538330078;20554.896484375;0;42;0;;1;127949;m2;201844;0;
..\..\world\kalimdor\dustwallow\passivedoodads\walls\dustwallowwallpost.m2;19956.48828125;32.101844787597656;20530.537109375;0;48;0;;1;127957;m2;201844;0;
..\..\world\kalimdor\dustwallow\passivedoodads\walls\dustwallowwallpost.m2;20087.09375;32.22365951538086;20426.98828125;0;44.5;0;;1;128340;m2;201844;0;
..\..\world\kalimdor\dustwallow\passivedoodads\walls\dustwallowwallpost.m2;19903.1875;33.126075744628906;20590.701171875;0;311;0;;1;127933;m2;201844;0;
..\..\world\kalimdor\dustwallow\passivedoodads\walls\dustwallowwallpost.m2;19800.345703125;34.0354118347168;20701.982421875;0;320;0;;1;127772;m2;201844;0;
..\..\world\kalimdor\dustwallow\passivedoodads\walls\dustwallowwallpost.m2;20074.669921875;32.45229721069336;20435.134765625;0;39;0;;1;128332;m2;201844;0;
..\..\world\kalimdor\dustwallow\passivedoodads\walls\dustwallowwallpost.m2;20166.11328125;32.3733024597168;20370.056640625;0;50;0;;1;128365;m2;201844;0;
..\..\world\kalimdor\dustwallow\passivedoodads\walls\dustwallowwallpost.m2;20183.013671875;33.23927688598633;20371.54296875;0;39.5;0;;1;128370;m2;201844;0;
..\..\world\kalimdor\dustwallow\passivedoodads\walls\dustwallowwallpost.m2;19925.740234375;31.664873123168945;20553.32421875;0;37;0;;1;127951;m2;201844;0;
..\..\world\kalimdor\dustwallow\passivedoodads\walls\dustwallowwallpost.m2;19979.232421875;31.462053298950195;20497.48828125;0;32;0;;1;128279;m2;201844;0;
..\..\world\kalimdor\dustwallow\passivedoodads\walls\dustwallowwallpost.m2;20024.271484375;31.991052627563477;20492.265625;0;10.5;0;;1;128295;m2;201844;0;
..\..\world\kalimdor\dustwallow\passivedoodads\walls\dustwallowwallpost.m2;20045.55078125;31.273157119750977;20481.41015625;0;57.5;0;;1;128316;m2;201844;0;
..\..\world\kalimdor\dustwallow\passivedoodads\walls\dustwallowwallpost.m2;19752.05078125;33.4782600402832;20579.732421875;0;326;0;;1;127408;m2;201844;0;
..\..\world\kalimdor\dustwallow\passivedoodads\walls\dustwallowwallpost.m2;19744.451171875;33.73903274536133;20575.69140625;0;326;0;;1;127411;m2;201844;0;
..\..\world\kalimdor\dustwallow\passivedoodads\walls\dustwallowwallpost.m2;19773.08984375;35.71416091918945;20717.224609375;0;34;0;;1;127646;m2;201844;0;
..\..\world\kalimdor\dustwallow\passivedoodads\walls\dustwallowwallpost.m2;19797.68359375;34.2651252746582;20717.99609375;0;7.5;0;;1;127662;m2;201844;0;
..\..\world\kalimdor\dustwallow\passivedoodads\walls\dustwallowwallpost.m2;19798.30078125;34.399349212646484;20720.220703125;0;16.5;0;;1;127664;m2;201844;0;
..\..\world\kalimdor\dustwallow\passivedoodads\walls\dustwallowwallpost.m2;19805.142578125;34.514041900634766;20731.29296875;0;10.5;0;;1;127666;m2;201844;0;
..\..\world\kalimdor\dustwallow\passivedoodads\walls\dustwallowwallpost.m2;19805.646484375;34.562904357910156;20733.62109375;0;6.5;0;;1;127668;m2;201844;0;
..\..\world\kalimdor\dustwallow\passivedoodads\walls\dustwallowwallpost.m2;19787.0078125;33.650245666503906;20703.19140625;0;334;0;;1;127770;m2;201844;0;
..\..\world\kalimdor\dustwallow\passivedoodads\walls\dustwallowwallpost.m2;19791.892578125;34.6395149230957;20738.1328125;0;2.5;0;;1;127776;m2;201844;0;
..\..\world\kalimdor\dustwallow\passivedoodads\walls\dustwallowwallpost.m2;19801.974609375;34.04316711425781;20760.26171875;0;350;0;;1;127778;m2;201844;0;
..\..\world\kalimdor\dustwallow\passivedoodads\walls\dustwallowwallpost.m2;19801.62890625;33.73454284667969;20762.65625;0;352.5;0;;1;127780;m2;201844;0;
..\..\world\kalimdor\dustwallow\passivedoodads\walls\dustwallowwallpost.m2;19801.58203125;33.345767974853516;20764.951171875;0;2.5;0;;1;127782;m2;201844;0;
..\..\world\kalimdor\dustwallow\passivedoodads\walls\dustwallowwallpost.m2;19788.013671875;33.1912956237793;20783.28125;0;25;0;;1;127784;m2;201844;0;
..\..\world\kalimdor\dustwallow\passivedoodads\walls\dustwallowwallpost.m2;19789.03125;33.3782844543457;20785.296875;0;33;0;;1;127786;m2;201844;0;
..\..\world\kalimdor\dustwallow\passivedoodads\walls\dustwallowwallpost.m2;19787.423828125;33.296504974365234;20781.03515625;0;6;0;;1;127789;m2;201844;0;
..\..\world\kalimdor\dustwallow\passivedoodads\walls\dustwallowwallpost.m2;19793.80859375;33.391815185546875;20689.9375;0;327.5;0;;1;127895;m2;201844;0;
..\..\world\kalimdor\dustwallow\passivedoodads\walls\dustwallowwallpost.m2;19820.365234375;33.094627380371094;20676.55859375;0;58;0;;1;127901;m2;201844;0;
..\..\world\kalimdor\dustwallow\passivedoodads\walls\dustwallowwallpost.m2;19821.701171875;32.99892044067383;20674.259765625;0;341;0;;1;127904;m2;201844;0;
..\..\world\kalimdor\dustwallow\passivedoodads\walls\dustwallowwallpost.m2;19821.328125;32.072181701660156;20651.78125;0;329;0;;1;127905;m2;201844;0;
..\..\world\kalimdor\dustwallow\passivedoodads\walls\dustwallowwallpost.m2;19820.130859375;32.08872604370117;20653.58984375;0;58;0;;1;127907;m2;201844;0;
..\..\world\kalimdor\dustwallow\passivedoodads\walls\dustwallowwallpost.m2;19867.96875;32.26258087158203;20619.15625;0;336.5;0;;1;127919;m2;201844;0;
..\..\world\kalimdor\dustwallow\passivedoodads\walls\dustwallowwallpost.m2;19868.978515625;32.34990310668945;20616.93359375;0;339.5;0;;1;127921;m2;201844;0;
..\..\world\kalimdor\dustwallow\passivedoodads\walls\dustwallowwallpost.m2;19880.876953125;32.40156173706055;20618.787109375;0;340.5;0;;1;127923;m2;201844;0;
..\..\world\kalimdor\dustwallow\passivedoodads\walls\dustwallowwallpost.m2;19881.939453125;32.3850212097168;20616.5546875;0;333.5;0;;1;127925;m2;201844;0;
..\..\world\kalimdor\dustwallow\passivedoodads\walls\dustwallowwallpost.m2;19878.724609375;33.132789611816406;20598.34765625;0;322.5;0;;1;127927;m2;201844;0;
..\..\world\kalimdor\dustwallow\passivedoodads\walls\dustwallowwallpost.m2;19880.064453125;33.16164779663086;20596.232421875;0;325;0;;1;127928;m2;201844;0;
..\..\world\kalimdor\dustwallow\passivedoodads\walls\dustwallowwallpost.m2;19881.26953125;33.09416961669922;20594.263671875;0;330;0;;1;127931;m2;201844;0;
..\..\world\kalimdor\dustwallow\passivedoodads\walls\dustwallowwallpost.m2;19906.626953125;32.54895782470703;20567.240234375;0;37.5;0;;1;127941;m2;201844;0;
..\..\world\kalimdor\dustwallow\passivedoodads\walls\dustwallowwallpost.m2;19908.70703125;32.55244445800781;20565.80078125;0;36.5;0;;1;127943;m2;201844;0;
..\..\world\kalimdor\dustwallow\passivedoodads\walls\dustwallowwallpost.m2;19951.01953125;32.180503845214844;20523.583984375;0;323;0;;1;127955;m2;201844;0;
..\..\world\kalimdor\dustwallow\passivedoodads\walls\dustwallowwallpost.m2;19949.357421875;32.025108337402344;20525.447265625;0;342.5;0;;1;127956;m2;201844;0;
..\..\world\kalimdor\dustwallow\passivedoodads\walls\dustwallowwallpost.m2;19957.859375;32.428924560546875;20528.71484375;0;333.5;0;;1;127958;m2;201844;0;
..\..\world\kalimdor\dustwallow\passivedoodads\walls\dustwallowwallpost.m2;19977.298828125;31.49917984008789;20498.8359375;0;33.5;0;;1;128277;m2;201844;0;
..\..\world\kalimdor\dustwallow\passivedoodads\walls\dustwallowwallpost.m2;19981.30078125;31.467350006103516;20496.470703125;0;20;0;;1;128281;m2;201844;0;
..\..\world\kalimdor\dustwallow\passivedoodads\walls\dustwallowwallpost.m2;19992.94140625;32.30939865112305;20504.58203125;0;356;0;;1;128283;m2;201844;0;
..\..\world\kalimdor\dustwallow\passivedoodads\walls\dustwallowwallpost.m2;19997.939453125;32.62306594848633;20505.16015625;0;356.5;0;;1;128285;m2;201844;0;
..\..\world\kalimdor\dustwallow\passivedoodads\walls\dustwallowwallpost.m2;20012.45703125;32.417869567871094;20506.4921875;0;355;0;;1;128289;m2;201844;0;
..\..\world\kalimdor\dustwallow\passivedoodads\walls\dustwallowwallpost.m2;20015.453125;32.417808532714844;20506.5;0;4.5;0;;1;128291;m2;201844;0;
..\..\world\kalimdor\dustwallow\passivedoodads\walls\dustwallowwallpost.m2;20017.87890625;32.30681228637695;20506.349609375;0;9;0;;1;128293;m2;201844;0;
..\..\world\kalimdor\dustwallow\passivedoodads\walls\dustwallowwallpost.m2;20026.345703125;31.95050811767578;20491.701171875;0;16.5;0;;1;128297;m2;201844;0;
..\..\world\kalimdor\dustwallow\passivedoodads\walls\dustwallowwallpost.m2;20028.4921875;31.82107925415039;20491.0234375;0;14.5;0;;1;128299;m2;201844;0;
..\..\world\kalimdor\dustwallow\passivedoodads\walls\dustwallowwallpost.m2;20044.46484375;32.587135314941406;20504.298828125;0;350.5;0;;1;128301;m2;201844;0;
..\..\world\kalimdor\dustwallow\passivedoodads\walls\dustwallowwallpost.m2;20046.830078125;32.54684829711914;20505.134765625;0;340.5;0;;1;128304;m2;201844;0;
..\..\world\kalimdor\dustwallow\passivedoodads\walls\dustwallowwallpost.m2;20042.080078125;32.5439338684082;20504.03515625;0;5.5;0;;1;128305;m2;201844;0;
..\..\world\kalimdor\dustwallow\passivedoodads\walls\dustwallowwallpost.m2;20054.595703125;32.25373458862305;20500.38671875;0;0;0;;1;128307;m2;201844;0;
..\..\world\kalimdor\dustwallow\passivedoodads\walls\dustwallowwallpost.m2;20054.787109375;32.120765686035156;20497.55859375;0;346;0;;1;128309;m2;201844;0;
..\..\world\kalimdor\dustwallow\passivedoodads\walls\dustwallowwallpost.m2;20055.88671875;32.16781234741211;20495.34375;0;328;0;;1;128311;m2;201844;0;
..\..\world\kalimdor\dustwallow\passivedoodads\walls\dustwallowwallpost.m2;20057.2421875;32.19659423828125;20493.44140625;0;329.5;0;;1;128313;m2;201844;0;
..\..\world\kalimdor\dustwallow\passivedoodads\walls\dustwallowwallpost.m2;20069.1796875;32.49977111816406;20469.166015625;0;338;0;;1;128320;m2;201844;0;
..\..\world\kalimdor\dustwallow\passivedoodads\walls\dustwallowwallpost.m2;20073.16796875;32.13322448730469;20459.220703125;0;237;0;;1;128326;m2;201844;0;
..\..\world\kalimdor\dustwallow\passivedoodads\walls\dustwallowwallpost.m2;20072.310546875;32.0195426940918;20461.427734375;0;251.5;0;;1;128327;m2;201844;0;
..\..\world\kalimdor\dustwallow\passivedoodads\walls\dustwallowwallpost.m2;20072.888671875;32.61262130737305;20436.68359375;0;34.5;0;;1;128330;m2;201844;0;
..\..\world\kalimdor\dustwallow\passivedoodads\walls\dustwallowwallpost.m2;20090.548828125;32.61345672607422;20423.51953125;0;333.5;0;;1;128334;m2;201844;0;
..\..\world\kalimdor\dustwallow\passivedoodads\walls\dustwallowwallpost.m2;20097.46484375;31.85639190673828;20436.17578125;0;35.5;0;;1;128341;m2;201844;0;
..\..\world\kalimdor\dustwallow\passivedoodads\walls\dustwallowwallpost.m2;20099.8125;32.107513427734375;20435.14453125;0;29;0;;1;128343;m2;201844;0;
..\..\world\kalimdor\dustwallow\passivedoodads\walls\dustwallowwallpost.m2;20102;32.30949020385742;20434.259765625;0;21;0;;1;128346;m2;201844;0;
..\..\world\kalimdor\dustwallow\passivedoodads\walls\dustwallowwallpost.m2;20101.078125;32.4899787902832;20421.26953125;0;353;0;;1;128352;m2;201844;0;
..\..\world\kalimdor\dustwallow\passivedoodads\walls\dustwallowwallpost.m2;20090.962890625;34.33970260620117;20414.029296875;0;349.5;0;;1;128355;m2;201844;0;
..\..\world\kalimdor\dustwallow\passivedoodads\walls\dustwallowwallpost.m2;20119.8046875;33.4102783203125;20426.271484375;0;26.5;0;;1;128357;m2;201844;0;
..\..\world\kalimdor\dustwallow\passivedoodads\walls\dustwallowwallpost.m2;20117.654296875;33.29570388793945;20427.390625;0;23;0;;1;128359;m2;201844;0;
..\..\world\kalimdor\dustwallow\passivedoodads\walls\dustwallowwallpost.m2;20121.884765625;32.9642448425293;20415.611328125;0;25.5;0;;1;128360;m2;201844;0;
..\..\world\kalimdor\dustwallow\passivedoodads\walls\dustwallowwallpost.m2;20119.76953125;33.12331008911133;20416.376953125;0;24;0;;1;128362;m2;201844;0;
..\..\world\kalimdor\dustwallow\passivedoodads\walls\dustwallowwallpost.m2;20181.0234375;33.26342010498047;20372.8671875;0;34;0;;1;128368;m2;201844;0;
..\..\world\kalimdor\dustwallow\passivedoodads\walls\dustwallowwallpost.m2;20187.4609375;32.729461669921875;20358.74609375;0;8;0;;1;128371;m2;201844;0;
..\..\world\kalimdor\dustwallow\passivedoodads\walls\dustwallowwallpost.m2;20189.837890625;32.725425720214844;20358.212890625;0;11.5;0;;1;128373;m2;201844;0;
..\..\world\kalimdor\dustwallow\passivedoodads\walls\dustwallowwallpost.m2;20208.18359375;33.01435470581055;20366.2578125;0;3.5;0;;1;128375;m2;201844;0;
..\..\world\kalimdor\dustwallow\passivedoodads\walls\dustwallowwallpost.m2;20210.6171875;32.979122161865234;20366.291015625;0;0;0;;1;128376;m2;201844;0;
..\..\world\kalimdor\dustwallow\passivedoodads\walls\dustwallowwallpost.m2;20213.166015625;32.86479568481445;20366.29296875;0;0;0;;1;128377;m2;201844;0;
..\..\world\kalimdor\dustwallow\passivedoodads\walls\dustwallowwallpost.m2;20215.47265625;33.063133239746094;20366.12890625;0;7;0;;1;128381;m2;201844;0;
..\..\world\kalimdor\dustwallow\passivedoodads\walls\dustwallowwallpost.m2;20224.091796875;32.73107147216797;20353.8828125;0;7.5;0;;1;128385;m2;201844;0;
..\..\world\kalimdor\dustwallow\passivedoodads\walls\dustwallowwallpost.m2;20240.728515625;32.23008728027344;20362.806640625;0;19;0;;1;128389;m2;201844;0;
..\..\world\kalimdor\dustwallow\passivedoodads\walls\dustwallowwallpost.m2;20242.880859375;32.21097183227539;20362.046875;0;26;0;;1;128390;m2;201844;0;
..\..\world\kalimdor\dustwallow\passivedoodads\walls\dustwallowwallpost.m2;20244.927734375;32.50914764404297;20360.8984375;0;303.5;0;;1;128391;m2;201844;0;
..\..\world\kalimdor\dustwallow\passivedoodads\walls\dustwallowwallpost.m2;20240.357421875;32.58092498779297;20349.69140625;0;28;0;;1;128394;m2;201844;0;
..\..\world\kalimdor\dustwallow\passivedoodads\walls\dustwallowwallpost.m2;20264.60546875;32.76115798950195;20343.7578125;0;328.5;0;;1;128397;m2;201844;0;
..\..\world\kalimdor\dustwallow\passivedoodads\walls\dustwallowwallpost.m2;20265.78515625;32.74152374267578;20341.49609375;0;340;0;;1;128398;m2;201844;0;
..\..\world\kalimdor\dustwallow\passivedoodads\walls\dustwallowwallpost.m2;20264.34375;32.897178649902344;20313.759765625;0;355.5;0;;1;128401;m2;201844;0;
..\..\world\kalimdor\dustwallow\passivedoodads\walls\dustwallowwallpost.m2;20263.2578125;32.6302375793457;20294.7421875;0;12;0;;1;128414;m2;201844;0;
..\..\world\kalimdor\dustwallow\passivedoodads\walls\dustwallowwallpost.m2;20262.73828125;32.59096145629883;20292.517578125;0;13.5;0;;1;128416;m2;201844;0;
..\..\world\kalimdor\dustwallow\passivedoodads\walls\dustwallowwallpost.m2;20262.00390625;32.67049026489258;20290.224609375;0;24.5;0;;1;128418;m2;201844;0;
..\..\world\kalimdor\dustwallow\passivedoodads\walls\dustwallowwallpost.m2;20266.044921875;33.27592849731445;20271.61328125;0;26.5;0;;1;128421;m2;201844;0;
..\..\world\kalimdor\dustwallow\passivedoodads\walls\dustwallowwallpost.m2;20264.943359375;33.25954055786133;20269.52734375;0;36;0;;1;128422;m2;201844;0;
..\..\world\kalimdor\dustwallow\passivedoodads\walls\dustwallowwallpost.m2;20263.75390625;33.3449592590332;20267.572265625;0;30;0;;1;128425;m2;201844;0;
..\..\world\generic\passivedoodads\furniture\containers\barrel02.m2;20115.43359375;33.394554138183594;20358.17578125;0;0;0;;1;92507;m2;199737;0;
..\..\world\azeroth\elwynn\passivedoodads\skeleton\battlegladeskullhumandark.m2;20091.81640625;34.38932800292969;20409.638671875;0;20;0;;2.259765625;92182;m2;189896;0;
..\..\world\generic\orc\passivedoodads\jars\jarorc01.m2;19892.291015625;33.564334869384766;20440.1875;0;0;0;;1.359375;94245;m2;199179;0;
..\..\world\generic\orc\passivedoodads\jars\jarorc02.m2;19891.3984375;33.518672943115234;20439.955078125;0;0;0;;1.2998046875;94244;m2;199180;0;
..\..\world\generic\orc\passivedoodads\jars\jarorc01.m2;19891.609375;33.47328186035156;20440.388671875;0;295;0;;1.099609375;94246;m2;199179;0;
..\..\world\wmo\kalimdor\collidabledoodads\dustwallowmarsh\dustwallowfootbridge\dustwallowfootbridge.wmo;20154.517578125;30.755706787109375;20398.130859375;0;315;0;0;1;48256;wmo;113269;0;Set_$DefaultGlobal
..\..\world\wmo\kalimdor\collidabledoodads\dustwallowmarsh\dustwallowfootbridge\dustwallowfootbridge.wmo;19963.837890625;29.709489822387695;20515.7109375;-4.5;317.5;-0.9999997019767761;0;1;82010;wmo;113269;0;Set_$DefaultGlobal
..\..\world\wmo\kalimdor\collidabledoodads\dustwallowmarsh\dustwallowfootbridge\dustwallowfootbridge.wmo;19945.130859375;30.056331634521484;20541.498046875;2.5;329;3.000000238418579;0;1;82011;wmo;113269;0;Set_$DefaultGlobal
..\..\world\wmo\kalimdor\collidabledoodads\dustwallowmarsh\dustwallowfootbridge\dustwallowfootbridge.wmo;19847.837890625;29.281152725219727;20638.125;0;295;-0.5;0;1;82012;wmo;113269;0;Set_$DefaultGlobal
..\..\world\wmo\azeroth\collidabledoodads\swampofsorrows\swampbridge01\swampbridge01.wmo;20103.423828125;30.524288177490234;20386.193359375;-2.499999761581421;69.5;0.5;0;1;92581;wmo;108183;0;Set_$DefaultGlobal
..\..\world\wmo\azeroth\collidabledoodads\swampofsorrows\swampbridge01\swampbridge01.wmo;20110.634765625;30.308650970458984;20337.04296875;-3.9999990463256836;268.5;-8.558584454476659e-7;0;1;92582;wmo;108183;0;Set_$DefaultGlobal
..\..\world\wmo\azeroth\collidabledoodads\swampofsorrows\swampbridge01\swampbridge01.wmo;20110.845703125;29.7502384185791;20269.943359375;0;90;0;0;1;92583;wmo;108183;0;Set_$DefaultGlobal
..\..\world\wmo\dungeon\md_ogremound\md_ogremound1room.wmo;19974.125;35.39739227294922;20226.31640625;0;201.5;0;0;1;299348;wmo;111366;2;set_Ogre01
