ModelFile;PositionX;PositionY;PositionZ;RotationX;RotationY;RotationZ;RotationW;ScaleFactor;ModelId;Type;FileDataID;DoodadSetIndexes;DoodadSetNames
..\..\world\kalimdor\felwood\passivedoodads\tree\felwoodtree03.m2;19258.5;199.16378784179688;14433.458984375;0;24.5;0;;1.189453125;275386;m2;201902;0;
..\..\world\kalimdor\kalidar\passivedoodads\kalidartrees\kalidartree01.m2;19345.06640625;216.2373504638672;14223.8955078125;0;217;0;;1.109375;256952;m2;202050;0;
..\..\world\kalimdor\kalidar\passivedoodads\kalidartrees\kalidartree01.m2;19257.619140625;113.8307876586914;14732.7509765625;0;316.5;0;;1;273196;m2;202050;0;
..\..\world\kalimdor\kalidar\passivedoodads\kalidartrees\kalidartree01.m2;19223.76953125;123.24668884277344;14941.9697265625;0;310.5;0;;1;238406;m2;202050;0;
..\..\world\kalimdor\kalidar\passivedoodads\kalidartrees\kalidartree01.m2;19304.859375;104.39901733398438;14953.2333984375;0;51.5;0;;1;242714;m2;202050;0;
..\..\world\kalimdor\kalidar\passivedoodads\kalidartrees\kalidartree01.m2;19138.912109375;95.04277801513672;15006.9521484375;0;232;0;;1;239645;m2;202050;0;
..\..\world\kalimdor\kalidar\passivedoodads\kalidartrees\kalidartree01.m2;19098.234375;152.0420684814453;14440.9541015625;0;234.50001525878906;0;;1;256943;m2;202050;0;
..\..\world\kalimdor\kalidar\passivedoodads\kalidartrees\kalidartree01.m2;19151.78515625;169.2991485595703;14298.2412109375;0;234.50001525878906;0;;1;256948;m2;202050;0;
..\..\world\kalimdor\kalidar\passivedoodads\kalidartrees\kalidartree01.m2;18539.314453125;89.9953842163086;14864.982421875;0;35;0;;1;248910;m2;202050;0;
..\..\world\kalimdor\kalidar\passivedoodads\kalidartrees\kalidartree01.m2;18854.384765625;80.69942474365234;14975.056640625;0;302;0;;1;246976;m2;202050;0;
..\..\world\kalimdor\kalidar\passivedoodads\kalidartrees\kalidartree01.m2;18739.3984375;57.56067657470703;15057.177734375;0;298.5;0;;1;246981;m2;202050;0;
..\..\world\kalimdor\kalidar\passivedoodads\kalidartrees\kalidartree01.m2;18873.2265625;152.3834991455078;14479.310546875;0;27.5;0;;1;256600;m2;202050;0;
..\..\world\kalimdor\kalidar\passivedoodads\kalidartrees\kalidartree01.m2;18553.95703125;90.47772979736328;14929.228515625;0;296;0;;1;248900;m2;202050;0;
..\..\world\kalimdor\kalidar\passivedoodads\kalidartrees\kalidartree01.m2;19325.56640625;147.75120544433594;14559.4833984375;0;22.5;0;;1;273197;m2;202050;0;
..\..\world\kalimdor\kalidar\passivedoodads\kalidartrees\kalidartree01.m2;18834.669921875;207.622314453125;14273.904296875;0;70;0;;1;256597;m2;202050;0;
..\..\world\kalimdor\kalidar\passivedoodads\kalidartrees\kalidartree01.m2;18500.84765625;94.14033508300781;14997.935546875;0;340.5;0;;1;248901;m2;202050;0;
..\..\world\kalimdor\kalidar\passivedoodads\kalidartrees\kalidartree01.m2;19112.533203125;109.84928131103516;14797.3515625;0;19.5;0;;1;256602;m2;202050;0;
..\..\world\kalimdor\kalidar\passivedoodads\kalidartrees\kalidartree01.m2;18853.767578125;72.75093841552734;14812.380859375;0;167;0;;1;247172;m2;202050;0;
..\..\world\kalimdor\kalidar\passivedoodads\kalidartrees\kalidartree01.m2;18931.23046875;76.4004898071289;14924.1279296875;0;77.5;0;;1;247173;m2;202050;0;
..\..\world\kalimdor\kalidar\passivedoodads\kalidartrees\kalidartree01.m2;18817.330078125;210.64195251464844;14330.822265625;0;282;0;;1;258269;m2;202050;0;
..\..\world\kalimdor\kalidar\passivedoodads\kalidartrees\kalidartree01.m2;18540.6796875;90.22402954101562;14719.9384765625;0;281.5;0;;1;246979;m2;202050;0;
..\..\world\kalimdor\kalidar\passivedoodads\kalidartrees\kalidartree01.m2;18575.439453125;152.39035034179688;14579.6142578125;0;354;0;;1;246980;m2;202050;0;
..\..\world\kalimdor\kalidar\passivedoodads\kalidartrees\kalidartree01.m2;18993.45703125;100.3658218383789;14964.01171875;0;0;0;;1.0791015625;242711;m2;202050;0;
..\..\world\kalimdor\kalidar\passivedoodads\kalidartrees\kalidartree01.m2;19016.08984375;143.1522216796875;14629.85546875;0;91;0;;1;256601;m2;202050;0;
..\..\world\kalimdor\kalidar\passivedoodads\kalidartrees\kalidartree01.m2;18755.068359375;90.85629272460938;14833.3115234375;0;0;0;;1;246977;m2;202050;0;
..\..\world\kalimdor\kalidar\passivedoodads\kalidartrees\kalidartree01.m2;18646.111328125;71.89900207519531;14959.1142578125;0;0;0;;1;248904;m2;202050;0;
..\..\world\kalimdor\kalidar\passivedoodads\kalidartrees\kalidartree01.m2;18730.86328125;188.66781616210938;14388.216796875;0;0;0;;1;256599;m2;202050;0;
..\..\world\kalimdor\kalidar\passivedoodads\kalidartrees\kalidartree01.m2;19104.171875;151.09010314941406;14431.2744140625;0;0;0;;1;256603;m2;202050;0;
..\..\world\kalimdor\kalidar\passivedoodads\kalidartrees\kalidartree01.m2;18682.8671875;149.54725646972656;14492.966796875;0;0;0;;1;258270;m2;202050;0;
..\..\world\kalimdor\kalidar\passivedoodads\kalidartrees\kalidartree01.m2;18835.814453125;64.62464904785156;15059.23046875;0;234.50001525878906;0;;0.689453125;242713;m2;202050;0;
..\..\world\kalimdor\kalidar\passivedoodads\kalidartrees\kalidartree01.m2;18702.8359375;137.17945861816406;14642.927734375;0;88;0;;0.849609375;248427;m2;202050;0;
..\..\world\kalimdor\kalidar\passivedoodads\kalidartrees\kalidartree01.m2;18824.4609375;143.4676513671875;14618.26171875;0;255.5;0;;0.619140625;572896;m2;202050;0;
..\..\world\kalimdor\kalidar\passivedoodads\kalidartrees\kalidartree02.m2;19018.84375;70.5461196899414;14801.27734375;0;0;0;;1.6591796875;260070;m2;202051;0;
..\..\world\kalimdor\kalidar\passivedoodads\kalidartrees\kalidartree07.m2;19105.193359375;149.02783203125;14589.2978515625;0;0;0;;1.439453125;275613;m2;202056;0;
..\..\world\kalimdor\kalidar\passivedoodads\kalidartrees\kalidartree07.m2;18708.37109375;228.59144592285156;14334.8466796875;0;339;0;;1.369140625;258934;m2;202056;0;
..\..\world\kalimdor\kalidar\passivedoodads\kalidartrees\kalidartree07.m2;19112.326171875;162.162109375;14393.90234375;0;0;0;;1.2099609375;275618;m2;202056;0;
..\..\world\kalimdor\felwood\passivedoodads\tree\felwoodtree01.m2;19256.83984375;196.78977966308594;14571.66796875;0;288;0;;1.58984375;275397;m2;201900;0;
..\..\world\kalimdor\kalidar\passivedoodads\kalidartrees\kalidartree08.m2;18680.13671875;143.01402282714844;14664.880859375;0;241;0;;0.3896484375;250248;m2;202057;0;
..\..\world\kalimdor\kalidar\passivedoodads\kalidartrees\kalidartree03.m2;19149.951171875;106.27300262451172;14977.306640625;0;316.5;0;;1.2099609375;245621;m2;202052;0;
..\..\world\kalimdor\kalidar\passivedoodads\kalidartrees\kalidartree02.m2;18611.935546875;190.57925415039062;14408.2490234375;0;243.5;0;;1.2197265625;258936;m2;202051;0;
..\..\world\kalimdor\kalidar\passivedoodads\kalidartrees\kalidartree07.m2;18912.982421875;124.57823181152344;14681.9296875;0;316.5;0;;1;258947;m2;202056;0;
..\..\world\kalimdor\kalidar\passivedoodads\kalidartrees\kalidartree07.m2;18604.953125;77.2876968383789;14985.65234375;0;312.5;0;;1;252094;m2;202056;0;
..\..\world\kalimdor\kalidar\passivedoodads\kalidartrees\kalidartree07.m2;18857.890625;133.47198486328125;14588.3984375;0;322;0;;1;258990;m2;202056;0;
..\..\world\kalimdor\kalidar\passivedoodads\kalidartrees\kalidartree07.m2;19117.509765625;128.114990234375;14734.6591796875;0;54;0;;1;275634;m2;202056;0;
..\..\world\kalimdor\kalidar\passivedoodads\kalidartrees\kalidartree07.m2;18603.83203125;92.88645935058594;14753.169921875;0;54.5;0;;1;252085;m2;202056;0;
..\..\world\kalimdor\kalidar\passivedoodads\kalidartrees\kalidartree02.m2;19099.275390625;141.6075897216797;14517.966796875;0;0;0;;1.1796875;275615;m2;202051;0;
..\..\world\kalimdor\kalidar\passivedoodads\kalidartrees\kalidartree07.m2;19201.3359375;127.34446716308594;14990.9609375;0;150.5;0;;1;245611;m2;202056;0;
..\..\world\kalimdor\kalidar\passivedoodads\kalidartrees\kalidartree07.m2;18994.134765625;74.55445861816406;14859.294921875;0;0;0;;1;250435;m2;202056;0;
..\..\world\kalimdor\kalidar\passivedoodads\kalidartrees\kalidartree07.m2;18740.71484375;84.29105377197266;14872.9580078125;0;0;0;;1;252084;m2;202056;0;
..\..\world\kalimdor\kalidar\passivedoodads\kalidartrees\kalidartree07.m2;18650.45703125;186.08375549316406;14459.845703125;0;74.5;0;;1;258970;m2;202056;0;
..\..\world\kalimdor\kalidar\passivedoodads\kalidartrees\kalidartree07.m2;18793.9765625;146.16102600097656;14540.1513671875;0;0;0;;1;258994;m2;202056;0;
..\..\world\kalimdor\kalidar\passivedoodads\kalidartrees\kalidartree07.m2;18789.267578125;172.1271514892578;14438.4873046875;0;356;0;;1;258995;m2;202056;0;
..\..\world\kalimdor\kalidar\passivedoodads\kalidartrees\kalidartree07.m2;18830.443359375;191.14332580566406;14397.6708984375;0;0;0;;1;259007;m2;202056;0;
..\..\world\kalimdor\kalidar\passivedoodads\kalidartrees\kalidartree07.m2;18885.78515625;189.6338653564453;14421.1943359375;0;355;0;;1;259008;m2;202056;0;
..\..\world\kalimdor\kalidar\passivedoodads\kalidartrees\kalidartree07.m2;18761.880859375;194.4604034423828;14394.005859375;0;282;0;;1;260618;m2;202056;0;
..\..\world\kalimdor\kalidar\passivedoodads\kalidartrees\kalidartree07.m2;19215.34765625;133.3534393310547;14709.451171875;0;0;0;;1;275606;m2;202056;0;
..\..\world\kalimdor\kalidar\passivedoodads\kalidartrees\kalidartree07.m2;19088.736328125;142.2705841064453;14507.107421875;0;0;0;;1;275616;m2;202056;0;
..\..\world\kalimdor\kalidar\passivedoodads\kalidartrees\kalidartree07.m2;19039.689453125;137.3616485595703;14601.576171875;0;341.5;0;;1;275629;m2;202056;0;
..\..\world\kalimdor\kalidar\passivedoodads\kalidartrees\kalidartree07.m2;18994.009765625;147.48606872558594;14650.525390625;0;0;0;;1;275630;m2;202056;0;
..\..\world\kalimdor\kalidar\passivedoodads\kalidartrees\kalidartree07.m2;19061.318359375;136.8345489501953;14679.4052734375;0;0;0;;1;275632;m2;202056;0;
..\..\world\kalimdor\kalidar\passivedoodads\kalidartrees\kalidartree07.m2;19017.4609375;106.73523712158203;14932.3779296875;0;337.5;0;;1;275646;m2;202056;0;
..\..\world\kalimdor\kalidar\passivedoodads\kalidartrees\kalidartree07.m2;18690.75;143.10647583007812;14579.154296875;0;0;0;;1;258982;m2;202056;0;
..\..\world\kalimdor\kalidar\passivedoodads\kalidartrees\kalidartree07.m2;19001.431640625;145.28494262695312;14501.8056640625;0;0;0;;1;259025;m2;202056;0;
..\..\world\kalimdor\kalidar\passivedoodads\kalidartrees\kalidartree07.m2;19073.51171875;120.11849212646484;14843.71484375;0;355;0;;0.9892578125;275643;m2;202056;0;
..\..\world\critter\birds\bird02.m2;18709.501953125;88.53839111328125;14945.5966796875;0;3.9991455078125;0;;1.9873046875;320086;m2;190720;0;
..\..\world\critter\birds\bird02.m2;18730.9921875;142.75111389160156;14729.134765625;0;345.0251770019531;0;;1.9404296875;320079;m2;190720;0;
..\..\world\kalimdor\kalidar\passivedoodads\kalidartrees\kalidartree09.m2;18653.3671875;148.1884002685547;14617.6279296875;0;198.49998474121094;0;;0.3193359375;250249;m2;202058;0;
..\..\world\kalimdor\kalidar\passivedoodads\kalidartrees\kalidartree03.m2;18830.0859375;135.1011505126953;14575.123046875;0;309.5;0;;1;258986;m2;202052;0;
..\..\world\kalimdor\kalidar\passivedoodads\kalidartrees\kalidartree03.m2;19096.40234375;152.14622497558594;14555.1123046875;0;45;0;;1;275623;m2;202052;0;
..\..\world\kalimdor\kalidar\passivedoodads\kalidartrees\kalidartree03.m2;18962.474609375;152.05419921875;14474.103515625;0;145.5;0;;1;259024;m2;202052;0;
..\..\world\kalimdor\kalidar\passivedoodads\kalidartrees\kalidartree03.m2;18993.923828125;145.74691772460938;14516.0078125;0;33;0;;1;275626;m2;202052;0;
..\..\world\kalimdor\kalidar\passivedoodads\kalidartrees\kalidartree03.m2;19134.50390625;135.42860412597656;14671.5234375;0;151;0;;1;275609;m2;202052;0;
..\..\world\kalimdor\kalidar\passivedoodads\kalidartrees\kalidartree04.m2;19121.62890625;150.8902587890625;14634.716796875;0;0;0;;1.4599609375;275610;m2;202053;0;
..\..\world\kalimdor\kalidar\passivedoodads\kalidartrees\kalidartree03.m2;19031.912109375;156.1440887451172;14398.490234375;0;207;0;;1;259023;m2;202052;0;
..\..\world\kalimdor\kalidar\passivedoodads\kalidartrees\kalidartree03.m2;18777.0234375;97.3105239868164;14890.837890625;0;243.5;0;;1;259158;m2;202052;0;
..\..\world\kalimdor\kalidar\passivedoodads\kalidartrees\kalidartree03.m2;18842.607421875;191.36642456054688;14395.6103515625;0;244.00003051757812;0;;1;259009;m2;202052;0;
..\..\world\kalimdor\felwood\passivedoodads\tree\felwoodtree02.m2;19161.861328125;200.36886596679688;14409.974609375;0;74;0;;1.6591796875;275404;m2;201901;0;
..\..\world\kalimdor\felwood\passivedoodads\tree\felwoodtree04.m2;19227.98828125;206.3700408935547;14615.263671875;0;239.50001525878906;0;;1.75;275396;m2;201903;0;
..\..\world\kalimdor\kalidar\passivedoodads\kalidartrees\kalidartree02.m2;18940.9921875;63.33550262451172;14864.513671875;0;0;0;;1;250430;m2;202051;0;
..\..\world\kalimdor\kalidar\passivedoodads\kalidartrees\kalidartree02.m2;18654.79296875;143.2849578857422;14570.662109375;0;125;0;;1;258908;m2;202051;0;
..\..\world\kalimdor\kalidar\passivedoodads\kalidartrees\kalidartree02.m2;18687.474609375;182.8439178466797;14438.9208984375;0;296;0;;1;258976;m2;202051;0;
..\..\world\kalimdor\kalidar\passivedoodads\kalidartrees\kalidartree02.m2;18690.31640625;148.9507293701172;14523.85546875;0;268.5;0;;1;258981;m2;202051;0;
..\..\world\kalimdor\kalidar\passivedoodads\kalidartrees\kalidartree02.m2;18797.025390625;208.98399353027344;14374.634765625;0;273.5;0;;1;259002;m2;202051;0;
..\..\world\kalimdor\kalidar\passivedoodads\kalidartrees\kalidartree02.m2;19245.2890625;144.34027099609375;14946.193359375;0;8;0;;1;245623;m2;202051;0;
..\..\world\kalimdor\kalidar\passivedoodads\kalidartrees\kalidartree02.m2;18940.443359375;67.63166809082031;14738.2705078125;0;292;0;;1;250426;m2;202051;0;
..\..\world\kalimdor\kalidar\passivedoodads\kalidartrees\kalidartree02.m2;18802.349609375;90.35809326171875;14940.263671875;0;206.5;0;;1;252070;m2;202051;0;
..\..\world\kalimdor\kalidar\passivedoodads\kalidartrees\kalidartree02.m2;18851.267578125;133.4141082763672;14574.978515625;0;82.5;0;;1;258988;m2;202051;0;
..\..\world\kalimdor\kalidar\passivedoodads\kalidartrees\kalidartree02.m2;18868.603515625;131.9819793701172;14594.4697265625;0;355.5;0;;1;258989;m2;202051;0;
..\..\world\kalimdor\kalidar\passivedoodads\kalidartrees\kalidartree02.m2;18792.287109375;182.7034912109375;14415.82421875;0;0;0;;1;259003;m2;202051;0;
..\..\world\kalimdor\kalidar\passivedoodads\kalidartrees\kalidartree02.m2;18936.736328125;135.4147491455078;14605.98046875;0;178;0;;1;259027;m2;202051;0;
..\..\world\kalimdor\kalidar\passivedoodads\kalidartrees\kalidartree02.m2;19135.251953125;135.76712036132812;14667.9541015625;0;233.99998474121094;0;;1;275607;m2;202051;0;
..\..\world\kalimdor\kalidar\passivedoodads\kalidartrees\kalidartree02.m2;19131.525390625;129.8009490966797;14736.7021484375;0;357;0;;1;275635;m2;202051;0;
..\..\world\kalimdor\kalidar\passivedoodads\kalidartrees\kalidartree02.m2;19074.138671875;136.61044311523438;14715.8955078125;0;216.5;0;;1;275637;m2;202051;0;
..\..\world\kalimdor\kalidar\passivedoodads\kalidartrees\kalidartree02.m2;19164.05078125;115.5394287109375;14762.7822265625;0;173;0;;1;275640;m2;202051;0;
..\..\world\kalimdor\kalidar\passivedoodads\kalidartrees\kalidartree02.m2;19059.845703125;114.7529296875;14855.5546875;0;0;0;;1;275644;m2;202051;0;
..\..\world\kalimdor\kalidar\passivedoodads\kalidartrees\kalidartree02.m2;19048.255859375;109.10281372070312;14888.5771484375;0;285.5;0;;1;275645;m2;202051;0;
..\..\world\kalimdor\kalidar\passivedoodads\kalidartrees\kalidartree02.m2;19213.302734375;103.78233337402344;14827.732421875;0;0;0;;1;275649;m2;202051;0;
..\..\world\kalimdor\kalidar\passivedoodads\kalidartrees\kalidartree02.m2;19230.224609375;122.1003189086914;14911.16796875;0;77.5;0;;1;245624;m2;202051;0;
..\..\world\kalimdor\kalidar\passivedoodads\kalidartrees\kalidartree02.m2;18885.958984375;83.84558868408203;14847.9677734375;0;68;0;;1;250431;m2;202051;0;
..\..\world\kalimdor\kalidar\passivedoodads\kalidartrees\kalidartree02.m2;18645.3359375;92.36917877197266;14767.8916015625;0;275;0;;1;252090;m2;202051;0;
..\..\world\kalimdor\kalidar\passivedoodads\kalidartrees\kalidartree02.m2;18752.654296875;156.9224395751953;14469.10546875;0;266;0;;1;258975;m2;202051;0;
..\..\world\kalimdor\kalidar\passivedoodads\kalidartrees\kalidartree02.m2;18873.8828125;150.9677276611328;14517.9951171875;0;278.0000305175781;0;;1;259001;m2;202051;0;
..\..\world\kalimdor\kalidar\passivedoodads\kalidartrees\kalidartree02.m2;18963.73046875;154.54042053222656;14457.2197265625;0;0;0;;1;259026;m2;202051;0;
..\..\world\kalimdor\kalidar\passivedoodads\kalidartrees\kalidartree02.m2;19066.81640625;152.7052764892578;14430.3017578125;0;182;0;;1;275619;m2;202051;0;
..\..\world\kalimdor\kalidar\passivedoodads\kalidartrees\kalidartree03.m2;18651.8359375;154.2715606689453;14503.8427734375;0;114;0;;1;258980;m2;202052;0;
..\..\world\kalimdor\kalidar\passivedoodads\kalidartrees\kalidartree03.m2;19041.326171875;137.86383056640625;14550.90234375;0;248;0;;1;275627;m2;202052;0;
..\..\world\kalimdor\kalidar\passivedoodads\kalidartrees\kalidartree03.m2;18879.564453125;75.62528228759766;14827.099609375;0;159.5;0;;1;260073;m2;202052;0;
..\..\world\kalimdor\kalidar\passivedoodads\kalidartrees\kalidartree03.m2;18788.607421875;149.98077392578125;14521.0234375;0;20;0;;1;258996;m2;202052;0;
..\..\world\kalimdor\kalidar\passivedoodads\kalidartrees\kalidartree04.m2;19108.24609375;156.17477416992188;14479.3388671875;0;0;0;;1.3798828125;275620;m2;202053;0;
..\..\world\kalimdor\felwood\passivedoodads\tree\felwoodtree04.m2;19157.3984375;200.7168426513672;14481.537109375;0;0;0;;1.69921875;275400;m2;201903;0;
..\..\world\kalimdor\kalidar\passivedoodads\kalidartrees\kalidartree03.m2;18844.126953125;152.7069854736328;14494.779296875;0;72;0;;1;258993;m2;202052;0;
..\..\world\kalimdor\kalidar\passivedoodads\kalidartrees\kalidartree03.m2;18681.267578125;106.1150894165039;14763.4423828125;0;195.5;0;;1;496521;m2;202052;0;
..\..\world\kalimdor\kalidar\passivedoodads\kalidartrees\kalidartree03.m2;18652.66015625;136.169677734375;14643.0361328125;0;103.5;0;;1;258904;m2;202052;0;
..\..\world\kalimdor\kalidar\passivedoodads\kalidartrees\kalidartree07.m2;18686.095703125;150.03506469726562;14662.4716796875;0;20;0;;0.8095703125;258905;m2;202056;0;
..\..\world\kalimdor\kalidar\passivedoodads\kalidartrees\kalidartree04.m2;18685.724609375;199.98448181152344;14400.0341796875;0;238.99998474121094;0;;1.2890625;258935;m2;202053;0;
..\..\world\kalimdor\kalidar\passivedoodads\kalidartrees\kalidartree03.m2;18900.6484375;155.15447998046875;14491.4228515625;0;259.5;0;;1;258992;m2;202052;0;
..\..\world\kalimdor\kalidar\passivedoodads\kalidartrees\kalidartree03.m2;19176.68359375;132.3677520751953;14685.5966796875;0;349.5;0;;1;275608;m2;202052;0;
..\..\world\kalimdor\kalidar\passivedoodads\kalidartrees\kalidartree03.m2;18985.314453125;70.0491714477539;14756.279296875;0;98.5;0;;1;250425;m2;202052;0;
..\..\world\kalimdor\kalidar\passivedoodads\kalidartrees\kalidartree04.m2;18995.521484375;73.71463775634766;14759.8935546875;0;247.5;0;;1.25;260075;m2;202053;0;
..\..\world\kalimdor\kalidar\passivedoodads\kalidartrees\kalidartree03.m2;19026.337890625;101.32247924804688;14976.3984375;0;173.5;0;;1;275647;m2;202052;0;
..\..\world\kalimdor\felwood\passivedoodads\tree\felwoodtree01.m2;19166.4609375;198.530517578125;14543.42578125;0;0;0;;1;275401;m2;201900;0;
..\..\world\kalimdor\felwood\passivedoodads\tree\felwoodtree01.m2;19232.380859375;193.27879333496094;14411.310546875;0;189.5;0;;1;275393;m2;201900;0;
..\..\world\kalimdor\kalidar\passivedoodads\kalidartrees\kalidartree03.m2;18698.44140625;88.229736328125;14818.5634765625;0;5.5;0;;1;259157;m2;202052;0;
..\..\world\kalimdor\kalidar\passivedoodads\kalidartrees\kalidartree03.m2;18892.5390625;131.96519470214844;14608.68359375;0;111.5;0;;0.849609375;572885;m2;202052;0;
..\..\world\kalimdor\kalidar\passivedoodads\kalidartrees\kalidartree03.m2;18823.505859375;209.9730987548828;14358.341796875;0;183.5;0;;1;259010;m2;202052;0;
..\..\world\kalimdor\kalidar\passivedoodads\kalidartrees\kalidartree03.m2;18726.611328125;122.0591812133789;14786.0341796875;0;182.5;0;;1;259050;m2;202052;0;
..\..\world\critter\birds\bird02.m2;18891.58984375;114.4853286743164;14918.0859375;0;225.7209930419922;0;;1.6103515625;320082;m2;190720;0;
..\..\world\kalimdor\kalidar\passivedoodads\kalidartrees\kalidartree04.m2;18955.734375;65.68929290771484;14837.755859375;0;0;0;;1.1396484375;250429;m2;202053;0;
..\..\world\kalimdor\kalidar\passivedoodads\kalidartrees\kalidartree03.m2;18772.90234375;74.30303192138672;14944.7509765625;0;0;0;;1;252083;m2;202052;0;
..\..\world\kalimdor\kalidar\passivedoodads\kalidartrees\kalidartree03.m2;18670.36328125;77.30951690673828;14937.037109375;0;0;0;;1;252092;m2;202052;0;
..\..\world\kalimdor\kalidar\passivedoodads\kalidartrees\kalidartree03.m2;18659.740234375;146.27035522460938;14579.18359375;0;0;0;;1;258907;m2;202052;0;
..\..\world\kalimdor\kalidar\passivedoodads\kalidartrees\kalidartree03.m2;18902.455078125;122.75566864013672;14676.583984375;0;0;0;;1;258948;m2;202052;0;
..\..\world\kalimdor\kalidar\passivedoodads\kalidartrees\kalidartree03.m2;18694.658203125;163.48046875;14469.3857421875;0;0;0;;1;258978;m2;202052;0;
..\..\world\kalimdor\kalidar\passivedoodads\kalidartrees\kalidartree03.m2;19114.439453125;100.53545379638672;14910.1328125;0;0;0;;1;275648;m2;202052;0;
..\..\world\kalimdor\kalidar\passivedoodads\kalidartrees\kalidartree04.m2;18888.15234375;77.58979797363281;14738.8935546875;0;306.4999694824219;0;;1.099609375;250428;m2;202053;0;
..\..\world\kalimdor\kalidar\passivedoodads\kalidartrees\kalidartree02.m2;18861.611328125;132.87838745117188;14629.5302734375;0;280;0;;0.759765625;572895;m2;202051;0;
..\..\world\critter\birds\bird02.m2;18963.060546875;83.86943817138672;14773.529296875;0;4.900054931640625;0;;1.3427734375;320083;m2;190720;0;
..\..\world\kalimdor\felwood\passivedoodads\tree\felwoodtree02.m2;19182.724609375;205.19297790527344;14594.5966796875;0;0;0;;1.4296875;275402;m2;201901;0;
..\..\world\kalimdor\kalidar\passivedoodads\kalidartrees\kalidartree04.m2;18761.607421875;126.42559051513672;14733.9140625;0;158.92144775390625;0;;1.0166015625;572848;m2;202053;0;
..\..\world\critter\birds\bird02.m2;18826.740234375;132.11196899414062;14813.541015625;0;343.33770751953125;0;;1.2392578125;320080;m2;190720;0;
..\..\world\kalimdor\felwood\passivedoodads\tree\felwoodtree04.m2;19206.515625;208.264404296875;14620.478515625;0;293;0;;1.25;275409;m2;201903;0;
..\..\world\kalimdor\kalidar\passivedoodads\kalidartrees\kalidartree04.m2;18932.7578125;68.63593292236328;14746.3642578125;0;200;0;;1;250432;m2;202053;0;
..\..\world\kalimdor\kalidar\passivedoodads\kalidartrees\kalidartree04.m2;18710.798828125;124.36737823486328;14751.2646484375;0;63.5;0;;1;259049;m2;202053;0;
..\..\world\kalimdor\kalidar\passivedoodads\kalidartrees\kalidartree04.m2;18998.623046875;74.24344635009766;14846.1953125;0;53.5;0;;1;260067;m2;202053;0;
..\..\world\kalimdor\kalidar\passivedoodads\kalidartrees\kalidartree04.m2;18916.09375;77.28690338134766;14899.4921875;0;244.00003051757812;0;;1;260069;m2;202053;0;
..\..\world\kalimdor\kalidar\passivedoodads\kalidartrees\kalidartree04.m2;18882.267578125;70.1387710571289;14794.447265625;0;0;0;;1;260072;m2;202053;0;
..\..\world\kalimdor\kalidar\passivedoodads\kalidartrees\kalidartree04.m2;19174.509765625;115.4158706665039;14755.30859375;0;0;0;;1;275641;m2;202053;0;
..\..\world\kalimdor\kalidar\passivedoodads\kalidartrees\kalidartree04.m2;19088.013671875;115.0593032836914;14814.8310546875;0;0;0;;1;275642;m2;202053;0;
..\..\world\kalimdor\kalidar\passivedoodads\kalidartrees\kalidartree04.m2;18999.11328125;70.77268981933594;14792.4521484375;0;117;0;;1;260071;m2;202053;0;
..\..\world\kalimdor\kalidar\passivedoodads\kalidartrees\kalidartree04.m2;19200.6171875;104.798828125;14821.341796875;0;68;0;;1;275650;m2;202053;0;
..\..\world\kalimdor\kalidar\passivedoodads\kalidartrees\kalidartree04.m2;18794.01171875;133.4810791015625;14614.287109375;0;20;0;;1;250670;m2;202053;0;
..\..\world\kalimdor\kalidar\passivedoodads\kalidartrees\kalidartree04.m2;18649.892578125;138.9836883544922;14635.4296875;0;106;0;;1;258906;m2;202053;0;
..\..\world\kalimdor\kalidar\passivedoodads\kalidartrees\kalidartree04.m2;18710.18359375;158.79962158203125;14488.4150390625;0;0;0;;1;258979;m2;202053;0;
..\..\world\kalimdor\kalidar\passivedoodads\kalidartrees\kalidartree04.m2;18695.64453125;148.72093200683594;14588.005859375;0;0;0;;1;258983;m2;202053;0;
..\..\world\kalimdor\kalidar\passivedoodads\kalidartrees\kalidartree04.m2;18751.861328125;133.42559814453125;14644.30859375;0;0;0;;1;258984;m2;202053;0;
..\..\world\kalimdor\kalidar\passivedoodads\kalidartrees\kalidartree04.m2;18835.642578125;139.7505340576172;14576.1015625;0;0;0;;1;258987;m2;202053;0;
..\..\world\kalimdor\kalidar\passivedoodads\kalidartrees\kalidartree04.m2;18901.720703125;158.4285888671875;14472.0478515625;0;0;0;;1;258991;m2;202053;0;
..\..\world\kalimdor\kalidar\passivedoodads\kalidartrees\kalidartree04.m2;18804.69140625;150.77244567871094;14512.67578125;0;36;0;;1;258997;m2;202053;0;
..\..\world\kalimdor\kalidar\passivedoodads\kalidartrees\kalidartree04.m2;18805.05078125;147.5836639404297;14536.5498046875;0;32;0;;1;258998;m2;202053;0;
..\..\world\kalimdor\kalidar\passivedoodads\kalidartrees\kalidartree04.m2;18741.548828125;158.91465759277344;14470.5595703125;0;228;0;;1;258999;m2;202053;0;
..\..\world\kalimdor\kalidar\passivedoodads\kalidartrees\kalidartree04.m2;18848.390625;160.3000030517578;14470.5419921875;0;283;0;;1;259000;m2;202053;0;
..\..\world\kalimdor\kalidar\passivedoodads\kalidartrees\kalidartree04.m2;19022.908203125;159.7553253173828;14390.0546875;0;0;0;;1;259022;m2;202053;0;
..\..\world\kalimdor\kalidar\passivedoodads\kalidartrees\kalidartree04.m2;18970.044921875;81.68685150146484;14904.6435546875;0;0;0;;1;260068;m2;202053;0;
..\..\world\kalimdor\kalidar\passivedoodads\kalidartrees\kalidartree04.m2;18933.205078125;69.96251678466797;14854.306640625;0;0;0;;1;260074;m2;202053;0;
..\..\world\kalimdor\kalidar\passivedoodads\kalidartrees\kalidartree04.m2;19111.7421875;138.97218322753906;14641.052734375;0;0;0;;1;275612;m2;202053;0;
..\..\world\kalimdor\kalidar\passivedoodads\kalidartrees\kalidartree04.m2;19089.943359375;143.7013702392578;14587.4248046875;0;0;0;;1;275614;m2;202053;0;
..\..\world\kalimdor\kalidar\passivedoodads\kalidartrees\kalidartree04.m2;19098.697265625;164.3751220703125;14410.27734375;0;18.5;0;;1;275621;m2;202053;0;
..\..\world\kalimdor\kalidar\passivedoodads\kalidartrees\kalidartree04.m2;18956.720703125;144.22341918945312;14620.5458984375;0;0;0;;1;275624;m2;202053;0;
..\..\world\kalimdor\kalidar\passivedoodads\kalidartrees\kalidartree04.m2;18994.84375;148.4078826904297;14579.5146484375;0;0;0;;1;275625;m2;202053;0;
..\..\world\kalimdor\kalidar\passivedoodads\kalidartrees\kalidartree04.m2;19043.453125;139.8400421142578;14562.494140625;0;0;0;;1;275628;m2;202053;0;
..\..\world\kalimdor\kalidar\passivedoodads\kalidartrees\kalidartree04.m2;19039.318359375;146.5062255859375;14653.822265625;0;21.5;0;;1;275631;m2;202053;0;
..\..\world\kalimdor\kalidar\passivedoodads\kalidartrees\kalidartree04.m2;19061.28125;135.0015869140625;14665.5517578125;0;0;0;;1;275633;m2;202053;0;
..\..\world\kalimdor\kalidar\passivedoodads\kalidartrees\kalidartree04.m2;19145.626953125;107.5866928100586;14802.24609375;0;0;0;;1;275639;m2;202053;0;
..\..\world\kalimdor\kalidar\passivedoodads\kalidartrees\kalidartree07.m2;18700.791015625;189.1166229248047;14393.2919921875;0;0;0;;0.599609375;260617;m2;202056;0;
..\..\world\azeroth\deadwindpass\passivedoodads\trees\deadwindpassmidtree02.m2;19166.26171875;198.57444763183594;14525.294921875;0;137.5;0;;1.83984375;275511;m2;189337;0;
..\..\world\kalimdor\kalidar\passivedoodads\kalidartrees\kalidartree04.m2;18946.330078125;186.91114807128906;14388.33203125;0;0;0;;0.849609375;259013;m2;202053;0;
..\..\world\kalimdor\kalidar\passivedoodads\kalidartrees\kalidartree04.m2;18838.509765625;113.83045959472656;14775.6591796875;0;279.5;0;;0.83984375;259047;m2;202053;0;
..\..\world\kalimdor\kalidar\passivedoodads\kalidartrees\kalidartree04.m2;19083.517578125;141.08489990234375;14514.8828125;0;0;0;;0.83984375;275617;m2;202053;0;
..\..\world\kalimdor\kalidar\passivedoodads\kalidartrees\kalidartree03.m2;18632.001953125;172.43814086914062;14467.6962890625;0;0;0;;0.7392578125;258971;m2;202052;0;
..\..\world\kalimdor\kalidar\passivedoodads\kalidartrees\kalidartree03.m2;18687.392578125;191.91221618652344;14420.7041015625;0;0;0;;0.7392578125;258977;m2;202052;0;
..\..\world\kalimdor\kalidar\passivedoodads\kalidartrees\kalidartree04.m2;19087.0859375;136.1571807861328;14712.271484375;0;0;0;;0.8291015625;275638;m2;202053;0;
..\..\world\kalimdor\felwood\passivedoodads\tree\felwoodtree04.m2;19158.439453125;199.63404846191406;14497.130859375;0;0;0;;1;275411;m2;201903;0;
..\..\world\kalimdor\felwood\passivedoodads\tree\felwoodtree04.m2;19163.0625;202.2449951171875;14562.005859375;0;174.5;0;;1;275410;m2;201903;0;
..\..\world\kalimdor\kalidar\passivedoodads\kalidartrees\kalidartree04.m2;18835.2734375;124.97786712646484;14696.322265625;0;199.5;0;;0.7998046875;390932;m2;202053;0;
..\..\world\critter\birds\bird02.m2;18801.87890625;129.5370635986328;14855.8017578125;0;133.99334716796875;0;;1.09765625;320081;m2;190720;0;
..\..\world\azeroth\deadwindpass\passivedoodads\trees\deadwindpassmidtree02.m2;19223.341796875;194.6721649169922;14475.3271484375;0;340.5;0;;1.7197265625;275510;m2;189337;0;
..\..\world\kalimdor\kalidar\passivedoodads\kalidartrees\kalidartree04.m2;19125.78125;150.99630737304688;14641.6767578125;0;303.5;0;;0.7392578125;275611;m2;202053;0;
..\..\world\kalimdor\kalidar\passivedoodads\kalidarroots\kalidarroots01.m2;18668.361328125;98.65485382080078;14741.9423828125;10.999999046325684;246.49998474121094;-25.5000057220459;;2.6591796875;251691;m2;202038;0;
..\..\world\kalimdor\kalidar\passivedoodads\kalidarroots\kalidarroots01.m2;19025.98046875;136.90972900390625;14662.5703125;-20.000001907348633;309.5;13.5;;2.76953125;273619;m2;202038;0;
..\..\world\kalimdor\felwood\passivedoodads\roots\felwoodroots01.m2;19217.50390625;187.76268005371094;14431.4169921875;11.49999713897705;234.5;-25.499998092651367;;2.349609375;275391;m2;201881;0;
..\..\world\kalimdor\kalidar\passivedoodads\kalidartrees\kalidartree04.m2;19122.861328125;128.98016357421875;14726.43359375;0;0;0;;0.6494140625;275636;m2;202053;0;
..\..\world\kalimdor\kalidar\passivedoodads\kalidartrees\kalidartree07.m2;18788.048828125;137.5552215576172;14626.1435546875;0;29;0;;0.369140625;250669;m2;202056;0;
..\..\world\kalimdor\kalidar\passivedoodads\kalidarroots\kalidarroots01.m2;18729.646484375;77.86937713623047;14844.759765625;0;249;0;;2.4091796875;251728;m2;202038;0;
..\..\world\kalimdor\kalidar\passivedoodads\kalidarroots\kalidarroots01.m2;19086.166015625;138.47909545898438;14465.4521484375;48.499996185302734;320;-7.000002861022949;;2.2392578125;273620;m2;202038;0;
..\..\world\kalimdor\kalidar\passivedoodads\kalidartrees\kalidartree04.m2;18904.11328125;131.9271697998047;14607.8291015625;0;286.41131591796875;0;;0.560546875;572886;m2;202053;0;
..\..\world\kalimdor\kalidar\passivedoodads\kalidarroots\kalidarroots01.m2;19131.76953125;97.86967468261719;14826.8291015625;53.000003814697266;66.5;16.999998092651367;;1.9892578125;260358;m2;202038;0;
..\..\world\kalimdor\kalidar\passivedoodads\kalidartrees\kalidartree02.m2;18818.255859375;122.78604888916016;14735.072265625;0;274.29156494140625;0;;0.369140625;572844;m2;202051;0;
..\..\world\kalimdor\kalidar\passivedoodads\kalidarroots\kalidarroots01.m2;18713.376953125;171.46812438964844;14422.41796875;9;301.5;0.5000005960464478;;1.9892578125;260620;m2;202038;0;
..\..\world\kalimdor\kalidar\passivedoodads\kalidarroots\kalidarroots01.m2;19081.33203125;96.51993560791016;14868.1455078125;0;79;0;;2.1796875;260356;m2;202038;0;
..\..\world\kalimdor\kalidar\passivedoodads\kalidarroots\kalidarroots01.m2;18653.390625;91.3425064086914;14748.9453125;22.000001907348633;201.5;-37.5;;2.0390625;251690;m2;202038;0;
..\..\world\kalimdor\kalidar\passivedoodads\kalidarroots\kalidarroots01.m2;18730.33984375;94.78697204589844;14827.9833984375;0;251.5;0;;2.109375;251730;m2;202038;0;
..\..\world\kalimdor\kalidar\passivedoodads\kalidarroots\kalidarroots01.m2;18931.443359375;62.61764144897461;14892.232421875;0;165;0;;2.119140625;260340;m2;202038;0;
..\..\world\kalimdor\kalidar\passivedoodads\kalidartrees\kalidartree05.m2;18845.55078125;123.21391296386719;14677.9423828125;0;0;0;;2.119140625;260407;m2;202054;0;
..\..\world\kalimdor\kalidar\passivedoodads\kalidarroots\kalidarroots01.m2;19096.783203125;100.70095825195312;14829.94921875;31.000001907348633;290.5;-28.499998092651367;;1.849609375;260362;m2;202038;0;
..\..\world\kalimdor\kalidar\passivedoodads\kalidarroots\kalidarroots01.m2;19042.564453125;100.59371948242188;14903.3759765625;0;133.5;0;;2.01953125;260355;m2;202038;0;
..\..\world\critter\birds\bird02.m2;19112.7421875;114.39778900146484;14942.5205078125;0;343.2892761230469;0;;0.572265625;318468;m2;190720;0;
..\..\world\kalimdor\kalidar\passivedoodads\kalidarroots\kalidarroots01.m2;19136.1328125;116.43929290771484;14776.9609375;0;50.5;0;;1.9599609375;260363;m2;202038;0;
..\..\world\kalimdor\kalidar\passivedoodads\kalidarroots\kalidarroots02.m2;19144.3203125;109.60574340820312;14796.728515625;38.999996185302734;91;3.4999914169311523;;2.1591796875;260361;m2;202039;0;
..\..\world\kalimdor\kalidar\passivedoodads\kalidarbushes\kalidarbush02.m2;18877.275390625;71.94021606445312;14765.681640625;0;218;0;;2.4697265625;572879;m2;202022;0;
..\..\world\generic\passivedoodads\particleemitters\ashenvalewisps.m2;18777.560546875;153.88856506347656;14678.4140625;0;19;0;;0.94921875;390935;m2;199904;0;
..\..\world\kalimdor\kalidar\passivedoodads\kalidartrees\kalidartree04.m2;18789.759765625;153.14720153808594;14685.603515625;0;165.98175048828125;0;;0.443359375;572851;m2;202053;0;
..\..\world\kalimdor\kalidar\passivedoodads\kalidartrees\kalidartree04.m2;18792.521484375;123.21839904785156;14754.1884765625;0;59.16314697265625;0;;0.439453125;572842;m2;202053;0;
..\..\world\kalimdor\kalidar\passivedoodads\kalidartrees\kalidartree03.m2;18783.626953125;153.4414520263672;14685.2802734375;0;64.92718505859375;0;;0.2890625;572852;m2;202052;0;
..\..\world\kalimdor\kalidar\passivedoodads\kalidarroots\kalidarroots01.m2;18699.421875;143.17112731933594;14518.427734375;68.5000228881836;71.00006103515625;11.500042915344238;;1.599609375;260631;m2;202038;0;
..\..\world\generic\passivedoodads\particleemitters\ashenvalewisps.m2;18932.71875;188.4958953857422;14401.654296875;0;0;0;;1;279747;m2;199904;0;
..\..\world\generic\passivedoodads\particleemitters\ashenvalewisps.m2;18926.611328125;137.2530517578125;14636.1142578125;0;0;0;;1;279938;m2;199904;0;
..\..\world\generic\passivedoodads\particleemitters\ashenvalewisps.m2;18765.498046875;150.60885620117188;14522.0517578125;0;0;0;;1;390937;m2;199904;0;
..\..\world\generic\passivedoodads\particleemitters\ashenvalewisps.m2;18718.314453125;141.53138732910156;14562.396484375;0;0;0;;1;390938;m2;199904;0;
..\..\world\generic\passivedoodads\particleemitters\ashenvalewisps.m2;18885.7265625;133.998046875;14598.9892578125;0;0;0;;1;390974;m2;199904;0;
..\..\world\generic\passivedoodads\particleemitters\ashenvalewisps.m2;18920.345703125;147.92970275878906;14514.841796875;0;0;0;;1;390976;m2;199904;0;
..\..\world\generic\passivedoodads\particleemitters\ashenvalewisps.m2;18841.36328125;148.6392364501953;14526.318359375;0;0;0;;1;390977;m2;199904;0;
..\..\world\generic\passivedoodads\particleemitters\ashenvalewisps.m2;18763.69921875;134.59254455566406;14579.9765625;0;0;0;;1;390978;m2;199904;0;
..\..\world\generic\passivedoodads\particleemitters\ashenvalewisps.m2;18677.533203125;143.76705932617188;14560.732421875;0;0;0;;1;390979;m2;199904;0;
..\..\world\generic\passivedoodads\particleemitters\ashenvalewisps.m2;18758.767578125;152.9917755126953;14509.74609375;0;0;0;;1;390981;m2;199904;0;
..\..\world\generic\passivedoodads\particleemitters\ashenvalewisps.m2;18968.947265625;140.4886474609375;14545.560546875;0;0;0;;1;390982;m2;199904;0;
..\..\world\generic\passivedoodads\particleemitters\ashenvalewisps.m2;18937.095703125;151.31329345703125;14490.310546875;0;0;0;;1;390983;m2;199904;0;
..\..\world\generic\passivedoodads\particleemitters\ashenvalewisps.m2;18800.9609375;112.55239868164062;14805.7216796875;0;0;0;;1;279741;m2;199904;0;
..\..\world\generic\passivedoodads\particleemitters\ashenvalewisps.m2;18945.5703125;68.65475463867188;14741.5302734375;0;0;0;;1;279743;m2;199904;0;
..\..\world\generic\passivedoodads\particleemitters\ashenvalewisps.m2;18700.89453125;125.41319274902344;14723.5703125;0;0;0;;1;390966;m2;199904;0;
..\..\world\generic\passivedoodads\particleemitters\ashenvalewisps.m2;18894.767578125;126.63894653320312;14659.544921875;0;0;0;;1;390975;m2;199904;0;
..\..\world\generic\passivedoodads\particleemitters\ashenvalewisps.m2;18809.40234375;110.13672637939453;14823.5615234375;0;0;0;;1;279742;m2;199904;0;
..\..\world\generic\passivedoodads\particleemitters\ashenvalewisps.m2;18983.333984375;71.7450942993164;14753.8115234375;0;0;0;;1;279744;m2;199904;0;
..\..\world\generic\passivedoodads\particleemitters\ashenvalewisps.m2;19001.27734375;74.50225067138672;14769.48046875;0;0;0;;1;279745;m2;199904;0;
..\..\world\generic\passivedoodads\particleemitters\ashenvalewisps.m2;18747.541015625;122.88065338134766;14750.1103515625;0;0;0;;1;390965;m2;199904;0;
..\..\world\generic\passivedoodads\particleemitters\ashenvalewisps.m2;18837.5546875;116.18953704833984;14755.607421875;0;0;0;;1;390972;m2;199904;0;
..\..\world\generic\passivedoodads\particleemitters\ashenvalewisps.m2;18876.30859375;125.1933364868164;14658.431640625;0;0;0;;1;390973;m2;199904;0;
..\..\world\kalimdor\kalidar\passivedoodads\kalidarbushes\kalidarbush02.m2;18994.9375;68.69164276123047;14809.8779296875;0;0;0;;2.2197265625;260092;m2;202022;0;
..\..\world\kalimdor\kalidar\passivedoodads\kalidarroots\kalidarroots01.m2;18992.3515625;144.88455200195312;14592.2333984375;0;152.5;0;;1.669921875;260593;m2;202038;0;
..\..\world\kalimdor\kalidar\passivedoodads\kalidarroots\kalidarroots03.m2;19042.169921875;138.666015625;14640.1142578125;82.99996948242188;260.50006103515625;-164.4999542236328;;4.3994140625;273618;m2;202040;0;
..\..\world\kalimdor\kalidar\passivedoodads\kalidartrees\kalidartree03.m2;18797.7421875;121.14041137695312;14759.0458984375;0;289.9198303222656;0;;0.2890625;572843;m2;202052;0;
..\..\world\generic\passivedoodads\particleemitters\ashenvalewisps.m2;18819.2734375;166.2042694091797;14637.7197265625;0;345;0;;0.8896484375;390934;m2;199904;0;
..\..\world\kalimdor\kalidar\passivedoodads\kalidarroots\kalidarroots01.m2;18740.576171875;116.5331802368164;14795.7265625;0;168;0;;1.689453125;251736;m2;202038;0;
..\..\world\critter\fish\fish01.m2;19162.822265625;92.1303939819336;14900.1455078125;0;218.78842163085938;0;;2.97265625;318680;m2;190733;0;
..\..\world\kalimdor\kalidar\passivedoodads\kalidarroots\kalidarroots01.m2;18867.294921875;127.10053253173828;14588.607421875;0;72;0;;1.609375;260418;m2;202038;0;
..\..\world\kalimdor\kalidar\passivedoodads\kalidartrees\kalidartree02.m2;18815.0859375;157.46780395507812;14653.5029296875;0;37.5;0;;0.26953125;572868;m2;202051;0;
..\..\world\khazmodan\wetlands\passivedoodads\bushes\wetlandsshurb09.m2;19156.548828125;91.03449249267578;14904.591796875;0;264.5918273925781;0;;1.41796875;318432;m2;203499;0;
..\..\world\kalimdor\kalidar\passivedoodads\kalidarroots\kalidarroots01.m2;18998.283203125;61.79155731201172;14792.5986328125;30.000001907348633;208.5;-10.499998092651367;;1.4091796875;260345;m2;202038;0;
..\..\world\kalimdor\kalidar\passivedoodads\kalidarroots\kalidarroots01.m2;18969.33203125;142.6896209716797;14593.841796875;0;222.49998474121094;0;;1.619140625;260595;m2;202038;0;
..\..\world\kalimdor\kalidar\passivedoodads\kalidarroots\kalidarroots01.m2;18798.935546875;135.2014923095703;14548.314453125;0;18;0;;1.5595703125;260439;m2;202038;0;
..\..\world\kalimdor\kalidar\passivedoodads\kalidarroots\kalidarroots01.m2;18889.783203125;61.72450256347656;14786.7548828125;0;18.5;0;;1.4892578125;260344;m2;202038;0;
..\..\world\kalimdor\kalidar\passivedoodads\kalidarroots\kalidarroots01.m2;18864.724609375;124.74971771240234;14631.4384765625;0;347;0;;1.4990234375;260416;m2;202038;0;
..\..\world\kalimdor\kalidar\passivedoodads\kalidartrees\kalidartree05.m2;19079.330078125;135.7039337158203;14702.759765625;0;0;0;;1.4794921875;279215;m2;202054;0;
..\..\world\kalimdor\ashenvale\passivedoodads\satyrruins\ruinssatyrarch.m2;19194.001953125;200.42649841308594;14596.7978515625;0;209;0;;1;277310;m2;201236;0;
..\..\world\kalimdor\kalidar\passivedoodads\kalidarroots\kalidarroots01.m2;18912.3984375;91.82872772216797;14935.591796875;0;266;0;;1.5498046875;260346;m2;202038;0;
..\..\world\kalimdor\kalidar\passivedoodads\kalidarroots\kalidarroots03.m2;19086.734375;154.9833526611328;14417.1083984375;78.9999771118164;254.00001525878906;54.49999237060547;;3.9892578125;273623;m2;202040;0;
..\..\world\kalimdor\kalidar\passivedoodads\kalidarroots\kalidarroots01.m2;18790.5078125;106.63020324707031;14862.794921875;0;329.5;0;;1.419921875;260163;m2;202038;0;
..\..\world\generic\passivedoodads\particleemitters\ashenvalewisps.m2;18773.587890625;132.66766357421875;14602.919921875;0;3;0;;0.83984375;390936;m2;199904;0;
..\..\world\kalimdor\kalidar\passivedoodads\kalidarroots\kalidarroots01.m2;18867.66015625;78.9078369140625;14780.544921875;12.499999046325684;116.226806640625;-13.5;;1.3583984375;572883;m2;202038;0;
..\..\world\kalimdor\kalidar\passivedoodads\kalidarroots\kalidarroots01.m2;18990.7265625;142.55795288085938;14548.666015625;0;189;0;;1.4697265625;260594;m2;202038;0;
..\..\world\kalimdor\kalidar\passivedoodads\kalidarroots\kalidarroots01.m2;18715.96875;153.1906280517578;14490.2275390625;35;53.5;-9.49999713897705;;1.25;260630;m2;202038;0;
..\..\world\kalimdor\kalidar\passivedoodads\kalidarroots\kalidarroots01.m2;18820.271484375;142.54690551757812;14596.4267578125;-22.500003814697266;340;23.000001907348633;;1.259765625;572897;m2;202038;0;
..\..\world\kalimdor\kalidar\passivedoodads\kalidarbushes\kalidarbush02.m2;18765.03125;97.5177230834961;14889.4833984375;0;0;0;;1.8193359375;259390;m2;202022;0;
..\..\world\kalimdor\kalidar\passivedoodads\kalidarroots\kalidarroots03.m2;19039.158203125;138.5225067138672;14612.3583984375;85.49998474121094;0;-100.9999771118164;;4.119140625;273617;m2;202040;0;
..\..\world\kalimdor\kalidar\passivedoodads\kalidarroots\kalidarroots01.m2;18787.98828125;139.09735107421875;14546.83984375;36.5;320.5;3.999999523162842;;1.25;260440;m2;202038;0;
..\..\world\kalimdor\kalidar\passivedoodads\kalidarbushes\kalidarbush02.m2;19025.830078125;155.90811157226562;14403.5361328125;0;0;0;;1.779296875;269293;m2;202022;0;
..\..\world\kalimdor\kalidar\passivedoodads\kalidartrees\kalidartree06.m2;19120.001953125;128.87350463867188;14722.5390625;0;283.5;0;;2.6396484375;279214;m2;202055;0;
..\..\world\kalimdor\kalidar\passivedoodads\kalidarroots\kalidarroots03.m2;18909.888671875;184.61573791503906;14380.056640625;76;342;7.500003814697266;;3.3095703125;250672;m2;202040;0;
..\..\world\kalimdor\felwood\passivedoodads\roots\felwoodroots01.m2;19175.37890625;189.7711944580078;14506.529296875;0;336.5;0;;1.3193359375;275552;m2;201881;0;
..\..\world\kalimdor\kalidar\passivedoodads\kalidartrees\kalidartree05.m2;18810.2421875;151.93521118164062;14515.6318359375;0;60.5;0;;1.33984375;260568;m2;202054;0;
..\..\world\critter\fish\fish01.m2;19177.58203125;95.50184631347656;14884.8623046875;0;299.1888122558594;0;;2.419921875;318681;m2;190733;0;
..\..\world\kalimdor\kalidar\passivedoodads\kalidarroots\kalidarroots01.m2;18948.169921875;60.08516311645508;14859.388671875;0;64.5;0;;1.3095703125;260341;m2;202038;0;
..\..\world\kalimdor\kalidar\passivedoodads\kalidarroots\kalidarroots01.m2;18869.92578125;126.7666015625;14599.494140625;0;26;0;;1.2998046875;260420;m2;202038;0;
..\..\world\kalimdor\kalidar\passivedoodads\kalidarroots\kalidarroots01.m2;18813.03125;102.70468139648438;14891.0166015625;0;282;0;;1.33984375;260162;m2;202038;0;
..\..\world\kalimdor\kalidar\passivedoodads\kalidarroots\kalidarroots01.m2;18899.56640625;117.09185028076172;14673.6015625;0;164.5;0;;1.3095703125;260586;m2;202038;0;
..\..\world\kalimdor\kalidar\passivedoodads\kalidarroots\kalidarroots01.m2;18967.955078125;147.3650665283203;14447.8759765625;0;87.5;0;;1.3994140625;269165;m2;202038;0;
..\..\world\kalimdor\kalidar\passivedoodads\kalidarroots\kalidarroots03.m2;18675.345703125;151.04478454589844;14520.6064453125;79.99999237060547;171.5;-162;;3.2890625;260633;m2;202040;0;
..\..\world\kalimdor\kalidar\passivedoodads\kalidartreestumps\kalidartreestump02.m2;18880.189453125;70.61530303955078;14759.119140625;0;253.49996948242188;0;;1.369140625;572881;m2;202060;0;
..\..\world\kalimdor\kalidar\passivedoodads\kalidarroots\kalidarroots01.m2;18700.05078125;163.2359619140625;14465.5390625;12.000003814697266;93.5;-72.99999237060547;;1.2890625;260629;m2;202038;0;
..\..\world\critter\fish\fish01.m2;19140.63671875;90.51882934570312;14915.634765625;0;61.79998779296875;0;;2.306640625;318679;m2;190733;0;
..\..\world\kalimdor\kalidar\passivedoodads\kalidarroots\kalidarroots01.m2;18944.826171875;136.82266235351562;14592.4111328125;-10.5;145;-113.99999237060547;;1.1494140625;260591;m2;202038;0;
..\..\world\kalimdor\kalidar\passivedoodads\kalidartreestumps\kalidartreestump02.m2;18730.998046875;139.90447998046875;14658.693359375;0;135.5;0;;1.19921875;248428;m2;202060;0;
..\..\world\kalimdor\kalidar\passivedoodads\kalidarroots\kalidarroots03.m2;19140.697265625;107.75762939453125;14808.2646484375;78;324.5000305175781;-86.4999771118164;;3.2294921875;260360;m2;202040;0;
..\..\world\kalimdor\kalidar\passivedoodads\kalidarroots\kalidarroots02.m2;19112.3515625;103.06385040283203;14853.51171875;0;12.5;0;;1.419921875;260365;m2;202039;0;
..\..\world\kalimdor\kalidar\passivedoodads\kalidarroots\kalidarroots01.m2;18931.064453125;126.75737762451172;14608.7060546875;0;269.5;0;;1.3291015625;260590;m2;202038;0;
..\..\world\critter\fish\fish01.m2;19202.6328125;94.86204528808594;14883.369140625;0;187.06991577148438;0;;2.5537109375;318682;m2;190733;0;
..\..\world\kalimdor\kalidar\passivedoodads\kalidarroots\kalidarroots01.m2;18727.541015625;174.74252319335938;14425.53515625;7.500000476837158;318;6;;1.1796875;260621;m2;202038;0;
..\..\world\kalimdor\kalidar\passivedoodads\kalidarroots\kalidarroots02.m2;18665.73828125;136.31874084472656;14668.568359375;38.5;262;-2.9999983310699463;;1.3095703125;252039;m2;202039;0;
..\..\world\kalimdor\kalidar\passivedoodads\kalidarroots\kalidarroots01.m2;18861.28125;131.930419921875;14575.79296875;10.5;129.5;-5;;1.1591796875;260419;m2;202038;0;
..\..\world\kalimdor\kalidar\passivedoodads\kalidartreelogs\kalidartreelog02.m2;18869.62890625;101.13746643066406;14873.072265625;16;14;-9.000000953674316;;0.6591796875;258955;m2;202045;0;
..\..\world\kalimdor\kalidar\passivedoodads\kalidarroots\kalidarroots02.m2;18720.6796875;130.38267517089844;14695.69921875;70.00001525878906;328;53.000003814697266;;1.26953125;252035;m2;202039;0;
..\..\world\kalimdor\kalidar\passivedoodads\kalidarroots\kalidarroots01.m2;18840.603515625;100.73834991455078;14842.3916015625;0;0;0;;1.2998046875;260164;m2;202038;0;
..\..\world\generic\passivedoodads\particleemitters\ashenvalewisps.m2;18799.326171875;196.40365600585938;14658.2890625;0;82;0;;0.669921875;391491;m2;199904;0;
..\..\world\kalimdor\kalidar\passivedoodads\kalidarbushes\kalidarbush02.m2;18768.037109375;125.5936279296875;14738.0517578125;0;3.6419677734375;0;;1.525390625;572874;m2;202022;0;
..\..\world\kalimdor\kalidar\passivedoodads\kalidartrees\kalidartree05.m2;18983.306640625;73.0650405883789;14749.607421875;0;0;0;;1.169921875;260100;m2;202054;0;
..\..\world\kalimdor\kalidar\passivedoodads\kalidarroots\kalidarroots02.m2;18953.3984375;155.22219848632812;14465.310546875;16.5;281;-52.5;;1.3193359375;269164;m2;202039;0;
..\..\world\kalimdor\kalidar\passivedoodads\kalidarbushes\kalidarbush02.m2;18844.05859375;142.3656768798828;14579.216796875;0;75.5;0;;1.509765625;260450;m2;202022;0;
..\..\world\kalimdor\kalidar\passivedoodads\kalidartrees\kalidartree06.m2;18898.9609375;155.149658203125;14501.87109375;0;310;0;;2.2490234375;269302;m2;202055;0;
..\..\world\kalimdor\kalidar\passivedoodads\kalidarroots\kalidarroots03.m2;18826.73828125;191.7965850830078;14399.384765625;67;163.5;-154;;2.7294921875;269067;m2;202040;0;
..\..\world\kalimdor\kalidar\passivedoodads\kalidarroots\kalidarroots03.m2;18856.2421875;151.40060424804688;14500.9375;77.50001525878906;180;-117.0000228881836;;3.2392578125;269306;m2;202040;0;
..\..\world\kalimdor\kalidar\passivedoodads\kalidarbushes\kalidarbush02.m2;18836.1171875;189.74954223632812;14404.8115234375;0;0;0;;1.4990234375;269309;m2;202022;0;
..\..\world\kalimdor\kalidar\passivedoodads\kalidarroots\kalidarroots01.m2;18847.931640625;130.8741912841797;14569.478515625;57.000003814697266;237.99996948242188;47.499996185302734;;1;260421;m2;202038;0;
..\..\world\kalimdor\kalidar\passivedoodads\kalidarroots\kalidarroots03.m2;19113.126953125;107.04971313476562;14827.771484375;86.0000228881836;209.50001525878906;-140.00003051757812;;3.2998046875;260359;m2;202040;0;
..\..\world\kalimdor\kalidar\passivedoodads\kalidarbushes\kalidarbush02.m2;18835.78515625;112.77764129638672;14816.044921875;0;0;0;;1.4892578125;260392;m2;202022;0;
..\..\world\kalimdor\kalidar\passivedoodads\kalidarroots\kalidarroots03.m2;18688.15625;89.50047302246094;14808.7021484375;86.99996948242188;180;-167.5;;3.259765625;251686;m2;202040;0;
..\..\world\kalimdor\kalidar\passivedoodads\kalidarroots\kalidarroots01.m2;18809.8671875;136.6106414794922;14601.5234375;4.499999523162842;197.5362548828125;-53.999996185302734;;1.0380859375;572898;m2;202038;0;
..\..\world\kalimdor\kalidar\passivedoodads\kalidarbushes\kalidarbush02.m2;18730.185546875;140.46917724609375;14652.0166015625;0;305.5;0;;1.4599609375;260430;m2;202022;0;
..\..\world\kalimdor\kalidar\passivedoodads\kalidarbushes\kalidarbush02.m2;18805.720703125;153.103515625;14642.1796875;0;314;0;;1.4599609375;260578;m2;202022;0;
..\..\world\kalimdor\kalidar\passivedoodads\kalidarbushes\kalidarbush02.m2;18662.1015625;79.8790283203125;14934.7705078125;0;0;0;;1.44921875;259375;m2;202022;0;
..\..\world\kalimdor\kalidar\passivedoodads\kalidartrees\kalidartree05.m2;18870.443359375;102.43434143066406;14871.5302734375;0;338.5;0;;1.109375;258957;m2;202054;0;
..\..\world\kalimdor\kalidar\passivedoodads\kalidarroots\kalidarroots03.m2;18879.541015625;192.94273376464844;14419.998046875;63.50001525878906;95.50003051757812;-134;;2.529296875;269068;m2;202040;0;
..\..\world\kalimdor\kalidar\passivedoodads\kalidarroots\kalidarroots03.m2;19000.072265625;113.05267333984375;14944.216796875;87.99983215332031;154.49993896484375;-8.500040054321289;;3.109375;260354;m2;202040;0;
..\..\world\kalimdor\kalidar\passivedoodads\kalidartrees\kalidartree06.m2;19107.38671875;96.47285461425781;14935.244140625;0;140.04360961914062;0;;2.1298828125;318491;m2;202055;0;
..\..\world\kalimdor\kalidar\passivedoodads\kalidarbushes\kalidarbush02.m2;18803.412109375;137.99269104003906;14609.3115234375;0;296.07958984375;0;;1.4169921875;572901;m2;202022;0;
..\..\world\kalimdor\kalidar\passivedoodads\kalidarroots\kalidarroots03.m2;18968.30859375;152.74649047851562;14469.2880859375;79.50004577636719;348.5;-128.5;;2.939453125;269166;m2;202040;0;
..\..\world\kalimdor\kalidar\passivedoodads\kalidarbushes\kalidarbush02.m2;18766.84375;152.5003204345703;14703.43359375;0;187.8389892578125;0;;1.3876953125;572854;m2;202022;0;
..\..\world\kalimdor\kalidar\passivedoodads\kalidarbushes\kalidarbush02.m2;18816.408203125;155.76638793945312;14658.427734375;0;0;0;;1.3798828125;572870;m2;202022;0;
..\..\world\kalimdor\kalidar\passivedoodads\kalidarroots\kalidarroots03.m2;19070.595703125;151.88487243652344;14441.9765625;89.50071716308594;268.5;0.0011748321121558547;;3.419921875;273621;m2;202040;0;
..\..\world\kalimdor\kalidar\passivedoodads\kalidarroots\kalidarroots01.m2;18961.4375;61.19865798950195;14833.40234375;0;95;0;;1.109375;260342;m2;202038;0;
..\..\world\kalimdor\kalidar\passivedoodads\kalidartreelogs\kalidartreelog01.m2;19178.498046875;196.73001098632812;14438.630859375;-1.9999994039535522;63.5;-6.000000953674316;;1.8291015625;277348;m2;202044;0;
..\..\world\kalimdor\kalidar\passivedoodads\kalidarbushes\kalidarbush02.m2;18850.654296875;124.04409790039062;14676.5166015625;0;0;0;;1.359375;260405;m2;202022;0;
..\..\world\kalimdor\kalidar\passivedoodads\kalidartrees\kalidartree05.m2;18940.0078125;154.31240844726562;14468.9482421875;0;106.5;0;;1.0390625;269298;m2;202054;0;
..\..\world\kalimdor\kalidar\passivedoodads\kalidarroots\kalidarroots03.m2;18737.91796875;97.03074645996094;14853.5048828125;69.5;49.5;95;;2.529296875;251729;m2;202040;0;
..\..\world\kalimdor\kalidar\passivedoodads\kalidarroots\kalidarroots03.m2;18766.3671875;114.21282196044922;14815.8359375;64;197;69.9999771118164;;2.44921875;251735;m2;202040;0;
..\..\world\kalimdor\kalidar\passivedoodads\kalidartrees\kalidartree06.m2;18991.517578125;146.20965576171875;14507.6552734375;0;0;0;;1.9794921875;279237;m2;202055;0;
..\..\world\kalimdor\kalidar\passivedoodads\kalidarroots\kalidarroots01.m2;18797.970703125;107.82000732421875;14849.63671875;0;65;0;;1;260161;m2;202038;0;
..\..\world\kalimdor\kalidar\passivedoodads\kalidarroots\kalidarroots01.m2;18749.626953125;117.19538116455078;14788.103515625;0;30;0;;1;260160;m2;202038;0;
..\..\world\kalimdor\kalidar\passivedoodads\kalidarroots\kalidarroots03.m2;18835.021484375;192.17630004882812;14400.12890625;66.00000762939453;244.49996948242188;-145.50003051757812;;2.5498046875;269066;m2;202040;0;
..\..\world\kalimdor\kalidar\passivedoodads\kalidarbushes\kalidarbush02.m2;18901.673828125;157.7022247314453;14477.0537109375;0;0;0;;1.3193359375;269300;m2;202022;0;
..\..\world\kalimdor\kalidar\passivedoodads\kalidarroots\kalidarroots01.m2;18899.056640625;120.89771270751953;14685.0009765625;0;327.5;0;;1;260587;m2;202038;0;
..\..\world\kalimdor\kalidar\passivedoodads\kalidarroots\kalidarroots01.m2;18794.76953125;131.04019165039062;14610.6953125;0;123;0;;1;260425;m2;202038;0;
..\..\world\kalimdor\kalidar\passivedoodads\kalidarroots\kalidarroots01.m2;18885.953125;69.80458068847656;14808.8955078125;0;71;0;;1;260343;m2;202038;0;
..\..\world\kalimdor\kalidar\passivedoodads\kalidarroots\kalidarroots02.m2;18783.943359375;150.3595733642578;14520.3583984375;32.999996185302734;199.5;39.499996185302734;;1.109375;260442;m2;202039;0;
..\..\world\kalimdor\kalidar\passivedoodads\kalidarroots\kalidarroots03.m2;18787.63671875;148.9210968017578;14537.615234375;69.49998474121094;101.5;-144.5;;2.3896484375;260441;m2;202040;0;
..\..\world\kalimdor\kalidar\passivedoodads\kalidarroots\kalidarroots03.m2;18756.796875;103.39337921142578;14854.599609375;75;181.5;-168;;2.58984375;251732;m2;202040;0;
..\..\world\kalimdor\kalidar\passivedoodads\kalidarroots\kalidarroots01.m2;19076.5234375;117.35072326660156;14834.966796875;0;342.5;0;;1;260357;m2;202038;0;
..\..\world\kalimdor\kalidar\passivedoodads\kalidartrees\kalidartree06.m2;18733.57421875;137.17874145507812;14588.3916015625;0;216;0;;1.94921875;390960;m2;202055;0;
..\..\world\kalimdor\kalidar\passivedoodads\kalidarroots\kalidarroots03.m2;18944.27734375;76.72930908203125;14899.2646484375;80.49999237060547;322.0000305175781;-167.99998474121094;;2.6396484375;260339;m2;202040;0;
..\..\world\kalimdor\kalidar\passivedoodads\kalidartrees\kalidartree05.m2;18665.330078125;79.70975494384766;14933.294921875;0;0;0;;1;259376;m2;202054;0;
..\..\world\kalimdor\kalidar\passivedoodads\kalidartrees\kalidartree05.m2;18720.876953125;93.55831146240234;14840.5986328125;0;0;0;;1;259391;m2;202054;0;
..\..\world\kalimdor\kalidar\passivedoodads\kalidartrees\kalidartree05.m2;18691.39453125;91.46597290039062;14829.10546875;0;0;0;;1;259392;m2;202054;0;
..\..\world\kalimdor\kalidar\passivedoodads\kalidartrees\kalidartree05.m2;18694.42578125;93.31324768066406;14813.5546875;0;0;0;;1;259393;m2;202054;0;
..\..\world\kalimdor\kalidar\passivedoodads\kalidartrees\kalidartree05.m2;18702.5390625;91.12743377685547;14852.71484375;0;0;0;;1;259394;m2;202054;0;
..\..\world\kalimdor\kalidar\passivedoodads\kalidartrees\kalidartree05.m2;18714.6796875;126.24373626708984;14756.388671875;0;0;0;;1;259738;m2;202054;0;
..\..\world\kalimdor\kalidar\passivedoodads\kalidartrees\kalidartree05.m2;18682.1953125;125.9103775024414;14730.259765625;0;0;0;;1;259781;m2;202054;0;
..\..\world\kalimdor\kalidar\passivedoodads\kalidartrees\kalidartree05.m2;18993.3125;73.69776916503906;14846.9111328125;0;0;0;;1;260089;m2;202054;0;
..\..\world\kalimdor\kalidar\passivedoodads\kalidartrees\kalidartree05.m2;18939.876953125;68.0641860961914;14746.0146484375;0;0;0;;1;260104;m2;202054;0;
..\..\world\kalimdor\kalidar\passivedoodads\kalidartrees\kalidartree05.m2;18888.86328125;74.29640197753906;14746.21484375;0;359;0;;1;260109;m2;202054;0;
..\..\world\kalimdor\kalidar\passivedoodads\kalidartrees\kalidartree05.m2;18887.62109375;69.16911315917969;14791.724609375;0;0;0;;1;260117;m2;202054;0;
..\..\world\kalimdor\kalidar\passivedoodads\kalidartrees\kalidartree05.m2;18896.93359375;89.51274108886719;14850.58984375;0;0;0;;1;260123;m2;202054;0;
..\..\world\kalimdor\kalidar\passivedoodads\kalidartrees\kalidartree05.m2;18938.447265625;68.27920532226562;14876.8583984375;0;0;0;;1;260131;m2;202054;0;
..\..\world\kalimdor\kalidar\passivedoodads\kalidartrees\kalidartree05.m2;18951.265625;71.59996032714844;14816.927734375;0;0;0;;1;260143;m2;202054;0;
..\..\world\kalimdor\kalidar\passivedoodads\kalidartrees\kalidartree05.m2;18958.755859375;67.18599700927734;14842.5791015625;0;103.5;0;;1;260150;m2;202054;0;
..\..\world\kalimdor\kalidar\passivedoodads\kalidartrees\kalidartree05.m2;18951.91015625;67.03644561767578;14831.9697265625;0;0;0;;1;260151;m2;202054;0;
..\..\world\kalimdor\kalidar\passivedoodads\kalidartrees\kalidartree05.m2;18822.73828125;122.82769012451172;14734.2861328125;0;267.4999694824219;0;;1;260402;m2;202054;0;
..\..\world\kalimdor\kalidar\passivedoodads\kalidartrees\kalidartree05.m2;19198.189453125;105.15116119384766;14827.591796875;0;0;0;;1;279156;m2;202054;0;
..\..\world\kalimdor\kalidar\passivedoodads\kalidartrees\kalidartree05.m2;19054.349609375;106.30159759521484;14893.9248046875;0;0;0;;1;279172;m2;202054;0;
..\..\world\kalimdor\kalidar\passivedoodads\kalidartrees\kalidartree05.m2;19112.322265625;103.00462341308594;14904.21484375;0;0;0;;1;279179;m2;202054;0;
..\..\world\kalimdor\kalidar\passivedoodads\kalidartrees\kalidartree05.m2;19109.0625;101.4991683959961;14919.978515625;0;0;0;;1;279182;m2;202054;0;
..\..\world\kalimdor\kalidar\passivedoodads\kalidartrees\kalidartree05.m2;19071.345703125;106.22991943359375;14876.43359375;0;0;0;;1;279183;m2;202054;0;
..\..\world\kalimdor\kalidar\passivedoodads\kalidartrees\kalidartree05.m2;19082.171875;120.06905364990234;14845.21484375;0;0;0;;1;279188;m2;202054;0;
..\..\world\kalimdor\kalidar\passivedoodads\kalidartrees\kalidartree05.m2;19107.576171875;107.6969985961914;14831.326171875;0;0;0;;1;279192;m2;202054;0;
..\..\world\kalimdor\kalidar\passivedoodads\kalidartrees\kalidartree05.m2;19143.234375;108.1939468383789;14816.0546875;0;0;0;;1;279193;m2;202054;0;
..\..\world\kalimdor\kalidar\passivedoodads\kalidartrees\kalidartree05.m2;19144;110.78128814697266;14792.7529296875;0;0;0;;1;279196;m2;202054;0;
..\..\world\kalimdor\kalidar\passivedoodads\kalidartrees\kalidartree05.m2;19151.76953125;107.6224136352539;14807.119140625;0;0;0;;1;279197;m2;202054;0;
..\..\world\kalimdor\kalidar\passivedoodads\kalidartrees\kalidartree05.m2;19179.92578125;111.18582916259766;14781.9580078125;0;0;0;;1;279201;m2;202054;0;
..\..\world\kalimdor\kalidar\passivedoodads\kalidartrees\kalidartree05.m2;19179.048828125;114.1550064086914;14759.1484375;0;0;0;;1;279202;m2;202054;0;
..\..\world\kalimdor\kalidar\passivedoodads\kalidartrees\kalidartree05.m2;19176.607421875;115.16191864013672;14767.2236328125;0;0;0;;1;279205;m2;202054;0;
..\..\world\kalimdor\kalidar\passivedoodads\kalidartrees\kalidartree05.m2;19169.509765625;121.14264678955078;14752.337890625;0;0;0;;1;279206;m2;202054;0;
..\..\world\kalimdor\kalidar\passivedoodads\kalidartrees\kalidartree05.m2;18673.44921875;105.87895965576172;14764.01171875;0;0;0;;1;496523;m2;202054;0;
..\..\world\kalimdor\kalidar\passivedoodads\kalidartrees\kalidartree05.m2;18781.82421875;113.72752380371094;14826.0361328125;0;0;0;;1;259706;m2;202054;0;
..\..\world\kalimdor\kalidar\passivedoodads\kalidartrees\kalidartree05.m2;18735.505859375;124.65480041503906;14784.19921875;0;0;0;;1;259711;m2;202054;0;
..\..\world\kalimdor\kalidar\passivedoodads\kalidartrees\kalidartree05.m2;18833.232421875;112.6397705078125;14805.6298828125;0;0;0;;1;260394;m2;202054;0;
..\..\world\kalimdor\kalidar\passivedoodads\kalidartrees\kalidartree05.m2;18831.3046875;124.755126953125;14701.7734375;0;347;0;;1;260411;m2;202054;0;
..\..\world\kalimdor\kalidar\passivedoodads\kalidartrees\kalidartree05.m2;18896.46875;125.16969299316406;14683.787109375;0;0;0;;1;260607;m2;202054;0;
..\..\world\kalimdor\kalidar\passivedoodads\kalidartrees\kalidartree05.m2;18835.544921875;114.01171875;14780.9052734375;0;330;0;;1;260612;m2;202054;0;
..\..\world\kalimdor\kalidar\passivedoodads\kalidartrees\kalidartree05.m2;19080.1796875;121.60252380371094;14836.1953125;0;0;0;;1;279187;m2;202054;0;
..\..\world\kalimdor\kalidar\passivedoodads\kalidartrees\kalidartree05.m2;18912.298828125;128.24168395996094;14645.2490234375;0;350.5;0;;1;279937;m2;202054;0;
..\..\world\kalimdor\kalidar\passivedoodads\kalidartrees\kalidartree05.m2;18710.517578125;137.23336791992188;14692.740234375;0;0;0;;1;259782;m2;202054;0;
..\..\world\kalimdor\kalidar\passivedoodads\kalidartrees\kalidartree05.m2;18752.18359375;133.4298553466797;14638.576171875;0;0;0;;1;260434;m2;202054;0;
..\..\world\kalimdor\kalidar\passivedoodads\kalidartrees\kalidartree05.m2;18866.537109375;136.9124755859375;14584.6884765625;0;0;0;;1;260445;m2;202054;0;
..\..\world\kalimdor\kalidar\passivedoodads\kalidartrees\kalidartree05.m2;18866.494140625;135.73208618164062;14619.185546875;0;0;0;;1;260456;m2;202054;0;
..\..\world\kalimdor\kalidar\passivedoodads\kalidartrees\kalidartree05.m2;18774.998046875;141.43899536132812;14631.060546875;0;332.5;0;;1;260506;m2;202054;0;
..\..\world\kalimdor\kalidar\passivedoodads\kalidartrees\kalidartree05.m2;18681.9453125;142.63125610351562;14566.44921875;0;0;0;;1;260511;m2;202054;0;
..\..\world\kalimdor\kalidar\passivedoodads\kalidartrees\kalidartree05.m2;18783.349609375;149.07334899902344;14531.904296875;0;0;0;;1;260561;m2;202054;0;
..\..\world\kalimdor\kalidar\passivedoodads\kalidartrees\kalidartree05.m2;18804.720703125;152.5974884033203;14506.3037109375;0;0;0;;1;260567;m2;202054;0;
..\..\world\kalimdor\kalidar\passivedoodads\kalidartrees\kalidartree05.m2;18932.470703125;135.17388916015625;14615.10546875;0;0;0;;1;260596;m2;202054;0;
..\..\world\kalimdor\kalidar\passivedoodads\kalidartrees\kalidartree05.m2;18715.041015625;177.784423828125;14429.48046875;0;0;0;;1;260622;m2;202054;0;
..\..\world\kalimdor\kalidar\passivedoodads\kalidartrees\kalidartree05.m2;18681.455078125;148.7379150390625;14527.544921875;0;0;0;;1;260653;m2;202054;0;
..\..\world\kalimdor\kalidar\passivedoodads\kalidartrees\kalidartree05.m2;18669.33984375;148.2914581298828;14523.904296875;0;0;0;;1;260654;m2;202054;0;
..\..\world\kalimdor\kalidar\passivedoodads\kalidartrees\kalidartree05.m2;18699.287109375;165.89013671875;14464.181640625;0;0;0;;1;260663;m2;202054;0;
..\..\world\kalimdor\kalidar\passivedoodads\kalidartrees\kalidartree05.m2;18736.158203125;160.13844299316406;14469.4853515625;0;0;0;;1;269055;m2;202054;0;
..\..\world\kalimdor\kalidar\passivedoodads\kalidartrees\kalidartree05.m2;18797.826171875;183.0146942138672;14421.4462890625;0;0;0;;1;269064;m2;202054;0;
..\..\world\kalimdor\kalidar\passivedoodads\kalidartrees\kalidartree05.m2;18971.82421875;153.70120239257812;14458.6357421875;0;0;0;;1;269296;m2;202054;0;
..\..\world\kalimdor\kalidar\passivedoodads\kalidartrees\kalidartree05.m2;18954.908203125;151.97947692871094;14473.2421875;0;0;0;;1;269297;m2;202054;0;
..\..\world\kalimdor\kalidar\passivedoodads\kalidartrees\kalidartree05.m2;18900.771484375;157.0983123779297;14478.130859375;0;0;0;;1;269301;m2;202054;0;
..\..\world\kalimdor\kalidar\passivedoodads\kalidartrees\kalidartree05.m2;18820.75;190.63259887695312;14403.123046875;0;0;0;;1;269311;m2;202054;0;
..\..\world\kalimdor\kalidar\passivedoodads\kalidartrees\kalidartree05.m2;19063.974609375;154.7174835205078;14421.380859375;0;0;0;;1;279052;m2;202054;0;
..\..\world\kalimdor\kalidar\passivedoodads\kalidartrees\kalidartree05.m2;19087.15234375;148.021728515625;14473.4775390625;0;0;0;;1;279056;m2;202054;0;
..\..\world\kalimdor\kalidar\passivedoodads\kalidartrees\kalidartree05.m2;19100.33984375;156.5530548095703;14482.8271484375;0;0;0;;1;279057;m2;202054;0;
..\..\world\kalimdor\kalidar\passivedoodads\kalidartrees\kalidartree05.m2;19077.974609375;143.14195251464844;14506.2333984375;0;0;0;;1;279060;m2;202054;0;
..\..\world\kalimdor\kalidar\passivedoodads\kalidartrees\kalidartree05.m2;19089.95703125;148.0052032470703;14527.7578125;0;0;0;;1;279062;m2;202054;0;
..\..\world\kalimdor\kalidar\passivedoodads\kalidartrees\kalidartree05.m2;19086.912109375;142.14944458007812;14593.587890625;0;0;0;;1;279070;m2;202054;0;
..\..\world\kalimdor\kalidar\passivedoodads\kalidartrees\kalidartree05.m2;19066.548828125;134.33529663085938;14669.2734375;0;0;0;;1;279221;m2;202054;0;
..\..\world\kalimdor\kalidar\passivedoodads\kalidartrees\kalidartree05.m2;19051.142578125;138.22030639648438;14634.0615234375;0;0;0;;1;279222;m2;202054;0;
..\..\world\kalimdor\kalidar\passivedoodads\kalidartrees\kalidartree05.m2;19040.814453125;140.90545654296875;14556.8583984375;0;0;0;;1;279228;m2;202054;0;
..\..\world\kalimdor\kalidar\passivedoodads\kalidartrees\kalidartree05.m2;19046.099609375;139.95184326171875;14567.8115234375;0;0;0;;1;279231;m2;202054;0;
..\..\world\kalimdor\kalidar\passivedoodads\kalidartrees\kalidartree05.m2;19007.1796875;145.59539794921875;14508.92578125;0;0;0;;1;279232;m2;202054;0;
..\..\world\kalimdor\kalidar\passivedoodads\kalidartrees\kalidartree05.m2;18993.43359375;145.7457275390625;14508.2490234375;0;0;0;;1;279238;m2;202054;0;
..\..\world\kalimdor\kalidar\passivedoodads\kalidarbushes\kalidarbush02.m2;18915.30859375;88.7820816040039;14861.951171875;0;0;0;;1.2890625;260138;m2;202022;0;
..\..\world\kalimdor\kalidar\passivedoodads\kalidarbushes\kalidarbush02.m2;18934.18359375;134.2728271484375;14593.6953125;0;120.5;0;;1.2890625;260598;m2;202022;0;
..\..\world\kalimdor\kalidar\passivedoodads\kalidarroots\kalidarroots01.m2;18778.923828125;135.45562744140625;14628.2685546875;0;257.5;0;;1;260426;m2;202038;0;
..\..\world\kalimdor\kalidar\passivedoodads\kalidartreestumps\kalidartreestump01.m2;18719.751953125;177.41375732421875;14424.8388671875;0;127.5;0;;2.26953125;260619;m2;202059;0;
..\..\world\kalimdor\kalidar\passivedoodads\kalidarroots\kalidarroots01.m2;18701.55859375;149.34146118164062;14592.7060546875;0;44;0;;1;260517;m2;202038;0;
..\..\world\kalimdor\kalidar\passivedoodads\kalidarbushes\kalidarbush03.m2;19087.55859375;145.8328857421875;14474.904296875;0;317.5;0;;1.5595703125;279054;m2;202023;0;
..\..\world\kalimdor\kalidar\passivedoodads\kalidarbushes\kalidarbush02.m2;18824.380859375;133.24147033691406;14565.9404296875;0;0;0;;1.25;260452;m2;202022;0;
..\..\world\kalimdor\kalidar\passivedoodads\kalidarroots\kalidarroots03.m2;18943.318359375;137.9463348388672;14599.8798828125;76.5;175.5;29.50000762939453;;2.33984375;260592;m2;202040;0;
..\..\world\kalimdor\kalidar\passivedoodads\kalidarroots\kalidarroots03.m2;18772.5625;111.16773986816406;14830.8427734375;67.99998474121094;144.5;59.500003814697266;;2.599609375;251734;m2;202040;0;
..\..\world\kalimdor\kalidar\passivedoodads\kalidarroots\kalidarroots01.m2;18777.52734375;111.87062072753906;14800.9267578125;0;355.5;0;;1;260165;m2;202038;0;
..\..\world\kalimdor\kalidar\passivedoodads\kalidarbushes\kalidarbush02.m2;18840.287109375;164.4043731689453;14477.3740234375;0;269.5;0;;1.2197265625;269308;m2;202022;0;
..\..\world\kalimdor\kalidar\passivedoodads\kalidarroots\kalidarroots02.m2;18808.896484375;150.4437713623047;14513.21875;0.49999669194221497;64.5;-24;;1;260443;m2;202039;0;
..\..\world\kalimdor\kalidar\passivedoodads\kalidarroots\kalidarroots01.m2;18857.798828125;130.0113067626953;14632.85546875;0;273;0;;1;260417;m2;202038;0;
..\..\world\kalimdor\kalidar\passivedoodads\kalidarbushes\kalidarbush02.m2;18889.150390625;133.4986114501953;14602.18359375;0;111.08615112304688;0;;1.208984375;572889;m2;202022;0;
..\..\world\kalimdor\kalidar\passivedoodads\kalidarroots\kalidarroots01.m2;18822.96484375;137.3311767578125;14581.5673828125;0;269.5;0;;1;260423;m2;202038;0;
..\..\world\kalimdor\kalidar\passivedoodads\kalidarroots\kalidarroots01.m2;18840.47265625;135.77818298339844;14573.666015625;0;90.5;0;;1;260424;m2;202038;0;
..\..\world\kalimdor\kalidar\passivedoodads\kalidarbushes\kalidarbush02.m2;18871.443359375;134.63108825683594;14603.8916015625;0;0;0;;1.189453125;260447;m2;202022;0;
..\..\world\kalimdor\kalidar\passivedoodads\kalidarroots\kalidarroots03.m2;18662.37109375;84.99162292480469;14812.2958984375;-8;270.5;-9.000000953674316;;2.51953125;251689;m2;202040;0;
..\..\world\kalimdor\kalidar\passivedoodads\kalidarroots\kalidarroots03.m2;18683.072265625;133.33973693847656;14681.4228515625;81.99999237060547;19;28.499998092651367;;2.419921875;252038;m2;202040;0;
..\..\world\azeroth\duskwood\passivedoodads\bush\duskwoodbush01.m2;19177.78125;200.26339721679688;14539.9677734375;0.49999988079071045;287.5;6;;1;275485;m2;189395;0;
..\..\world\kalimdor\kalidar\passivedoodads\kalidartreelogs\kalidartreelog02.m2;18692.283203125;107.88744354248047;14791.8828125;23.500003814697266;301.5;13.5;;0.5;496541;m2;202045;0;
..\..\world\kalimdor\kalidar\passivedoodads\kalidarroots\kalidarroots02.m2;18732.955078125;86.14456939697266;14875.9697265625;0;349;0;;1;251733;m2;202039;0;
..\..\world\kalimdor\kalidar\passivedoodads\kalidarroots\kalidarroots03.m2;18721.7578125;138.127197265625;14629.5791015625;79.00001525878906;308.4999694824219;-163.00001525878906;;2.2099609375;260428;m2;202040;0;
..\..\world\kalimdor\kalidar\passivedoodads\kalidarbushes\kalidarbush02.m2;18804.3671875;137.31210327148438;14607.1015625;0;147.9573974609375;0;;1.1123046875;572900;m2;202022;0;
..\..\world\khazmodan\wetlands\passivedoodads\bushes\wetlandsshurb09.m2;19139.111328125;89.39787292480469;14920.6708984375;0;63.96051025390625;0;;0.7646484375;318431;m2;203499;0;
..\..\world\kalimdor\kalidar\passivedoodads\kalidarbushes\kalidarbush03.m2;18803.037109375;137.1903839111328;14606.6640625;3.500000238418579;297.0666809082031;19.5;;1.24609375;572902;m2;202023;0;
..\..\world\kalimdor\kalidar\passivedoodads\kalidarroots\kalidarroots02.m2;18741.111328125;123.10196685791016;14777.23046875;0;172.5;0;;1;251737;m2;202039;0;
..\..\world\kalimdor\kalidar\passivedoodads\kalidarbushes\kalidarbush02.m2;18843.251953125;142.27078247070312;14577.6865234375;0.4999999403953552;0;3.999999523162842;;1.0595703125;260449;m2;202022;0;
..\..\world\kalimdor\kalidar\passivedoodads\kalidarroots\kalidarroots03.m2;18988.130859375;74.07071685791016;14854.4521484375;59.9999885559082;60;-179.50001525878906;;1.919921875;260338;m2;202040;0;
..\..\world\kalimdor\kalidar\passivedoodads\kalidartrees\kalidartree06.m2;19006.10546875;147.65383911132812;14491.912109375;0;0;0;;1.609375;279236;m2;202055;0;
..\..\world\kalimdor\kalidar\passivedoodads\kalidarbushes\kalidarbush02.m2;18898.630859375;131.02584838867188;14616.6171875;0;55.186004638671875;0;;1.078125;572887;m2;202022;0;
..\..\world\azeroth\duskwood\passivedoodads\bush\duskwoodbush01.m2;19171.50390625;202.29888916015625;14403.7666015625;0;307;0;;1;275488;m2;189395;0;
..\..\world\kalimdor\ashenvale\passivedoodads\satyrtotem\ashensatyrtotem02.m2;19200.494140625;195.29229736328125;14460.6005859375;0;40;0;;1;275499;m2;201253;0;
..\..\world\kalimdor\kalidar\passivedoodads\kalidarroots\kalidarroots03.m2;18938.837890625;136.53187561035156;14613.388671875;74.99996948242188;217.5;-150.5;;2.169921875;260589;m2;202040;0;
..\..\world\kalimdor\kalidar\passivedoodads\kalidartrees\kalidartree06.m2;19046.521484375;140.5984344482422;14547.18359375;0;203;0;;1.5498046875;279230;m2;202055;0;
..\..\world\generic\passivedoodads\deadtreelogs\deadtreelog02.m2;18911.12109375;137.5761260986328;14563.8798828125;12.999998092651367;1;4.500000476837158;;0.4697265625;279865;m2;199653;0;
..\..\world\azeroth\duskwood\passivedoodads\bush\duskwoodbush01.m2;19207.525390625;202.60366821289062;14594.322265625;0;0;0;;1;275486;m2;189395;0;
..\..\world\kalimdor\kalidar\passivedoodads\kalidarroots\kalidarroots03.m2;19028.201171875;157.55697631835938;14399.005859375;85.49993896484375;164.5;-120.9999008178711;;2.2392578125;269167;m2;202040;0;
..\..\world\kalimdor\kalidar\passivedoodads\kalidarroots\kalidarroots03.m2;18888.6484375;190.749267578125;14417.6298828125;84.00001525878906;161.5;53.5;;2.1796875;269069;m2;202040;0;
..\..\world\kalimdor\kalidar\passivedoodads\kalidartrees\kalidartree05.m2;18981.251953125;72.0334243774414;14750.1611328125;0;328;0;;0.76953125;260101;m2;202054;0;
..\..\world\kalimdor\kalidar\passivedoodads\kalidarbushes\kalidarbush02.m2;18730.51171875;125.32058715820312;14776.3779296875;0;0;0;;1;259713;m2;202022;0;
..\..\world\kalimdor\kalidar\passivedoodads\kalidarbushes\kalidarbush02.m2;18738.892578125;124.85304260253906;14769.7841796875;0;0;0;;1;259714;m2;202022;0;
..\..\world\kalimdor\kalidar\passivedoodads\kalidarbushes\kalidarbush02.m2;18754.07421875;122.16459655761719;14771.6083984375;0;0;0;;1;259728;m2;202022;0;
..\..\world\kalimdor\kalidar\passivedoodads\kalidarbushes\kalidarbush02.m2;18686.6015625;137.12985229492188;14685.4833984375;0;0;0;;1;259743;m2;202022;0;
..\..\world\kalimdor\kalidar\passivedoodads\kalidarbushes\kalidarbush02.m2;18680.02734375;125.84828186035156;14728.5302734375;0;0;0;;1;259779;m2;202022;0;
..\..\world\kalimdor\kalidar\passivedoodads\kalidarbushes\kalidarbush02.m2;18822.40234375;124.01625061035156;14731.6103515625;0;0;0;;1;260401;m2;202022;0;
..\..\world\kalimdor\kalidar\passivedoodads\kalidarbushes\kalidarbush02.m2;18850.283203125;123.76853942871094;14679.7490234375;0;99.5;0;;1;260406;m2;202022;0;
..\..\world\kalimdor\kalidar\passivedoodads\kalidarbushes\kalidarbush02.m2;18729.7109375;139.7010040283203;14649.7685546875;0;0;0;;1;260429;m2;202022;0;
..\..\world\kalimdor\kalidar\passivedoodads\kalidarbushes\kalidarbush02.m2;18746.798828125;135.4701690673828;14648.9208984375;0;0;0;;1;260433;m2;202022;0;
..\..\world\kalimdor\kalidar\passivedoodads\kalidarbushes\kalidarbush02.m2;18858.404296875;132.45443725585938;14570.87109375;0;0;0;;1;260448;m2;202022;0;
..\..\world\kalimdor\kalidar\passivedoodads\kalidarbushes\kalidarbush02.m2;18868.986328125;132.93890380859375;14617.7578125;0;0;0;;1;260457;m2;202022;0;
..\..\world\kalimdor\kalidar\passivedoodads\kalidarbushes\kalidarbush02.m2;18862.126953125;130.77796936035156;14637.556640625;0;0;0;;1;260458;m2;202022;0;
..\..\world\kalimdor\kalidar\passivedoodads\kalidarbushes\kalidarbush02.m2;18796.908203125;136.32887268066406;14611.072265625;0;0;0;;1;260505;m2;202022;0;
..\..\world\kalimdor\kalidar\passivedoodads\kalidarbushes\kalidarbush02.m2;18680.3828125;151.7467803955078;14580.37109375;0;0;0;;1;260512;m2;202022;0;
..\..\world\kalimdor\kalidar\passivedoodads\kalidarbushes\kalidarbush02.m2;18698.626953125;140.75186157226562;14569.5205078125;0;0;0;;1;260513;m2;202022;0;
..\..\world\kalimdor\kalidar\passivedoodads\kalidarbushes\kalidarbush02.m2;18782.447265625;147.6182403564453;14540.794921875;0;0;0;;1;260559;m2;202022;0;
..\..\world\kalimdor\kalidar\passivedoodads\kalidarbushes\kalidarbush02.m2;18781.466796875;149.09181213378906;14533.162109375;0;0;0;;1;260562;m2;202022;0;
..\..\world\kalimdor\kalidar\passivedoodads\kalidarbushes\kalidarbush02.m2;18790.7734375;151.5892333984375;14514.1064453125;0;0;0;;1;260566;m2;202022;0;
..\..\world\kalimdor\kalidar\passivedoodads\kalidarbushes\kalidarbush02.m2;18811.70703125;151.0176544189453;14516.498046875;0;0;0;;1;260569;m2;202022;0;
..\..\world\kalimdor\kalidar\passivedoodads\kalidarbushes\kalidarbush02.m2;18802.982421875;152.4022674560547;14641.0673828125;0;0;0;;1;260576;m2;202022;0;
..\..\world\kalimdor\kalidar\passivedoodads\kalidarbushes\kalidarbush02.m2;18931.681640625;134.5692901611328;14612.7861328125;0;0;0;;1;260597;m2;202022;0;
..\..\world\kalimdor\kalidar\passivedoodads\kalidarbushes\kalidarbush02.m2;18705.9765625;182.5395965576172;14426.767578125;0;0;0;;1;260623;m2;202022;0;
..\..\world\kalimdor\kalidar\passivedoodads\kalidarbushes\kalidarbush02.m2;18677.185546875;202.53390502929688;14404.4404296875;0;0;0;;1;260624;m2;202022;0;
..\..\world\kalimdor\kalidar\passivedoodads\kalidarbushes\kalidarbush02.m2;18688.673828125;192.74905395507812;14412.3955078125;0;0;0;;1;260625;m2;202022;0;
..\..\world\kalimdor\kalidar\passivedoodads\kalidarbushes\kalidarbush02.m2;18679.478515625;149.35513305664062;14526.6142578125;0;0;0;;1;260652;m2;202022;0;
..\..\world\kalimdor\kalidar\passivedoodads\kalidarbushes\kalidarbush02.m2;18712.009765625;154.31753540039062;14502.3798828125;0;25.5;0;;1;260661;m2;202022;0;
..\..\world\kalimdor\kalidar\passivedoodads\kalidarbushes\kalidarbush02.m2;18714.513671875;159.88961791992188;14484.1494140625;0;0;0;;1;260662;m2;202022;0;
..\..\world\kalimdor\kalidar\passivedoodads\kalidarbushes\kalidarbush02.m2;18746.33984375;156.03515625;14475.86328125;0;0;0;;1;269054;m2;202022;0;
..\..\world\kalimdor\kalidar\passivedoodads\kalidarbushes\kalidarbush02.m2;18762.443359375;155.2613067626953;14470.7333984375;0;0;0;;1;269057;m2;202022;0;
..\..\world\kalimdor\kalidar\passivedoodads\kalidarbushes\kalidarbush02.m2;18797.626953125;176.51055908203125;14437.083984375;0;0;0;;1;269058;m2;202022;0;
..\..\world\kalimdor\kalidar\passivedoodads\kalidarbushes\kalidarbush02.m2;18794.546875;189.63453674316406;14409.3369140625;0;0;0;;1;269063;m2;202022;0;
..\..\world\kalimdor\kalidar\passivedoodads\kalidarbushes\kalidarbush02.m2;18972.392578125;154.23377990722656;14457.443359375;0;0;0;;1;269295;m2;202022;0;
..\..\world\kalimdor\kalidar\passivedoodads\kalidarbushes\kalidarbush02.m2;18943.21484375;155.43893432617188;14469.3359375;0;0;0;;1;269299;m2;202022;0;
..\..\world\kalimdor\kalidar\passivedoodads\kalidarbushes\kalidarbush02.m2;18905.826171875;156.5923614501953;14498.994140625;0;0;0;;1;269303;m2;202022;0;
..\..\world\kalimdor\kalidar\passivedoodads\kalidarbushes\kalidarbush02.m2;18896.306640625;155.63986206054688;14506.611328125;0;0;0;;1;269304;m2;202022;0;
..\..\world\kalimdor\kalidar\passivedoodads\kalidarbushes\kalidarbush02.m2;18863.6796875;148.36447143554688;14523.5947265625;0;0;0;;1;269305;m2;202022;0;
..\..\world\kalimdor\kalidar\passivedoodads\kalidarbushes\kalidarbush02.m2;18837.14453125;154.20004272460938;14490.2177734375;0;0;0;;1;269307;m2;202022;0;
..\..\world\kalimdor\kalidar\passivedoodads\kalidarbushes\kalidarbush02.m2;18836.40234375;189.4741668701172;14407.5576171875;0;0;0;;1;269310;m2;202022;0;
..\..\world\kalimdor\felwood\passivedoodads\bush\felwoodbush02.m2;19160.962890625;200.63612365722656;14487.8525390625;0;0;0;;1;275403;m2;201849;0;
..\..\world\kalimdor\felwood\passivedoodads\bush\felwoodbush02.m2;19192.103515625;202.12838745117188;14571.4990234375;0;0;0;;1;275524;m2;201849;0;
..\..\world\kalimdor\felwood\passivedoodads\bush\felwoodbush02.m2;19194.04296875;202.8284454345703;14592.8984375;0;0;0;;1;275525;m2;201849;0;
..\..\world\kalimdor\felwood\passivedoodads\bush\felwoodbush02.m2;19168.572265625;203.0177459716797;14400.6943359375;0;0;0;;1;275548;m2;201849;0;
..\..\world\kalimdor\kalidar\passivedoodads\kalidarbushes\kalidarbush02.m2;19064.607421875;152.48507690429688;14440.134765625;0;0;0;;1;279051;m2;202022;0;
..\..\world\kalimdor\kalidar\passivedoodads\kalidarbushes\kalidarbush02.m2;19062.107421875;154.85137939453125;14422.884765625;0;0;0;;1;279053;m2;202022;0;
..\..\world\kalimdor\kalidar\passivedoodads\kalidarbushes\kalidarbush02.m2;19086.431640625;149.2396240234375;14470.986328125;0;0;0;;1;279055;m2;202022;0;
..\..\world\kalimdor\kalidar\passivedoodads\kalidarbushes\kalidarbush02.m2;19098.505859375;155.3049774169922;14480.4765625;0;0;0;;1;279058;m2;202022;0;
..\..\world\kalimdor\kalidar\passivedoodads\kalidarbushes\kalidarbush02.m2;19076.9765625;142.31912231445312;14512.6611328125;0;0;0;;1;279059;m2;202022;0;
..\..\world\kalimdor\kalidar\passivedoodads\kalidarbushes\kalidarbush02.m2;19089.455078125;153.48793029785156;14559.31640625;0;0;0;;1;279066;m2;202022;0;
..\..\world\kalimdor\kalidar\passivedoodads\kalidarbushes\kalidarbush02.m2;19101.484375;152.56138610839844;14603.2333984375;0;0;0;;1;279069;m2;202022;0;
..\..\world\kalimdor\kalidar\passivedoodads\kalidarbushes\kalidarbush02.m2;19085.375;141.49847412109375;14591.779296875;0;0;0;;1;279071;m2;202022;0;
..\..\world\kalimdor\kalidar\passivedoodads\kalidarbushes\kalidarbush02.m2;19084.236328125;144.6887969970703;14583.4853515625;0;0;0;;1;279072;m2;202022;0;
..\..\world\kalimdor\kalidar\passivedoodads\kalidarbushes\kalidarbush02.m2;19126.28125;128.09193420410156;14724.9921875;0;0;0;;1;279213;m2;202022;0;
..\..\world\kalimdor\kalidar\passivedoodads\kalidarbushes\kalidarbush02.m2;19086.291015625;134.38661193847656;14708.005859375;0;0;0;;1;279216;m2;202022;0;
..\..\world\kalimdor\kalidar\passivedoodads\kalidarbushes\kalidarbush02.m2;19062.314453125;134.6316680908203;14660.0234375;0;0;0;;1;279220;m2;202022;0;
..\..\world\kalimdor\kalidar\passivedoodads\kalidarbushes\kalidarbush02.m2;19037.6875;147.8436279296875;14592.529296875;0;0;0;;1;279223;m2;202022;0;
..\..\world\kalimdor\kalidar\passivedoodads\kalidarbushes\kalidarbush02.m2;19049.84765625;137.85105895996094;14601.826171875;0;0;0;;1;279224;m2;202022;0;
..\..\world\kalimdor\kalidar\passivedoodads\kalidarbushes\kalidarbush02.m2;19044.923828125;138.57647705078125;14556.2431640625;0;0;0;;1;279229;m2;202022;0;
..\..\world\kalimdor\kalidar\passivedoodads\kalidarbushes\kalidarbush02.m2;19008.14453125;145.5495147705078;14506.6982421875;0;0;0;;1;279233;m2;202022;0;
..\..\world\kalimdor\kalidar\passivedoodads\kalidarbushes\kalidarbush02.m2;19008.18359375;148.25062561035156;14493.2685546875;0;0;0;;1;279234;m2;202022;0;
..\..\world\kalimdor\kalidar\passivedoodads\kalidarbushes\kalidarbush02.m2;18992.01953125;148.9619140625;14498.6611328125;0;0;0;;1;279239;m2;202022;0;
..\..\world\kalimdor\kalidar\passivedoodads\kalidarbushes\kalidarbush02.m2;18986.357421875;144.9860076904297;14522.1572265625;0;0;0;;1;279240;m2;202022;0;
..\..\world\kalimdor\kalidar\passivedoodads\kalidarbushes\kalidarbush02.m2;18808.859375;155.8607635498047;14677.3740234375;0;0;0;;1;572871;m2;202022;0;
..\..\world\kalimdor\kalidar\passivedoodads\kalidarbushes\kalidarbush02.m2;18868.640625;102.72216033935547;14872.400390625;0;357;0;;1;258956;m2;202022;0;
..\..\world\kalimdor\kalidar\passivedoodads\kalidarbushes\kalidarbush02.m2;18722.361328125;92.4891586303711;14842.27734375;0;0;0;;1;259387;m2;202022;0;
..\..\world\kalimdor\kalidar\passivedoodads\kalidarbushes\kalidarbush02.m2;18747.59765625;94.48851013183594;14871.9853515625;0;0;0;;1;259388;m2;202022;0;
..\..\world\kalimdor\kalidar\passivedoodads\kalidarbushes\kalidarbush02.m2;18766.544921875;97.54668426513672;14891.1708984375;0;0;0;;1;259389;m2;202022;0;
..\..\world\kalimdor\kalidar\passivedoodads\kalidarbushes\kalidarbush02.m2;18704.96875;91.77533721923828;14853.6455078125;0;330.5;0;;1;259395;m2;202022;0;
..\..\world\kalimdor\kalidar\passivedoodads\kalidarbushes\kalidarbush02.m2;18663.54296875;88.9759750366211;14807.65234375;0;33.5;0;;1;259399;m2;202022;0;
..\..\world\kalimdor\kalidar\passivedoodads\kalidarbushes\kalidarbush02.m2;18846.6875;104.09671020507812;14868.724609375;0;0;0;;1;259696;m2;202022;0;
..\..\world\kalimdor\kalidar\passivedoodads\kalidarbushes\kalidarbush02.m2;18764.09375;117.09024810791016;14813.826171875;0;0;0;;1;259707;m2;202022;0;
..\..\world\kalimdor\kalidar\passivedoodads\kalidarbushes\kalidarbush02.m2;18750.70703125;121.22232818603516;14814.6572265625;0;0;0;;1;259708;m2;202022;0;
..\..\world\kalimdor\kalidar\passivedoodads\kalidarbushes\kalidarbush02.m2;18711.376953125;126.88066864013672;14746.2041015625;0;0;0;;1;259737;m2;202022;0;
..\..\world\kalimdor\kalidar\passivedoodads\kalidarbushes\kalidarbush02.m2;18708.41015625;125.93778228759766;14758.3603515625;0;105;0;;1;259741;m2;202022;0;
..\..\world\kalimdor\kalidar\passivedoodads\kalidarbushes\kalidarbush02.m2;18985.34375;73.89385986328125;14857.5546875;0;0;0;;1;260088;m2;202022;0;
..\..\world\kalimdor\kalidar\passivedoodads\kalidarbushes\kalidarbush02.m2;18990.388671875;72.0892105102539;14846.912109375;0;0;0;;1;260090;m2;202022;0;
..\..\world\kalimdor\kalidar\passivedoodads\kalidarbushes\kalidarbush02.m2;19005.294921875;75.27909851074219;14841.5517578125;0;0;0;;1;260091;m2;202022;0;
..\..\world\kalimdor\kalidar\passivedoodads\kalidarbushes\kalidarbush02.m2;18994.908203125;69.20150756835938;14812.193359375;0;0;0;;1;260093;m2;202022;0;
..\..\world\kalimdor\kalidar\passivedoodads\kalidarbushes\kalidarbush02.m2;18999.087890625;71.16677856445312;14785.8017578125;0;0;0;;1;260095;m2;202022;0;
..\..\world\kalimdor\kalidar\passivedoodads\kalidarbushes\kalidarbush02.m2;18983.056640625;67.93878173828125;14766.5458984375;0;0;0;;1;260096;m2;202022;0;
..\..\world\kalimdor\kalidar\passivedoodads\kalidarbushes\kalidarbush02.m2;18978.0703125;70.76031494140625;14750.787109375;0;0;0;;1;260099;m2;202022;0;
..\..\world\kalimdor\kalidar\passivedoodads\kalidarbushes\kalidarbush02.m2;18946.8046875;67.94190216064453;14740.7373046875;0;0;0;;1;260102;m2;202022;0;
..\..\world\kalimdor\kalidar\passivedoodads\kalidarbushes\kalidarbush02.m2;18930.04296875;72.42894744873047;14750.1015625;0;0;0;;1;260103;m2;202022;0;
..\..\world\kalimdor\kalidar\passivedoodads\kalidarbushes\kalidarbush02.m2;18938.822265625;68.38175964355469;14746.041015625;0;0;0;;1;260105;m2;202022;0;
..\..\world\kalimdor\kalidar\passivedoodads\kalidarbushes\kalidarbush02.m2;18888.095703125;72.86383819580078;14747.7177734375;0;359;0;;1;260110;m2;202022;0;
..\..\world\kalimdor\kalidar\passivedoodads\kalidarbushes\kalidarbush02.m2;18889.423828125;73.96704864501953;14830.537109375;0;0;0;;1;260116;m2;202022;0;
..\..\world\kalimdor\kalidar\passivedoodads\kalidarbushes\kalidarbush02.m2;18885.99609375;70.01025390625;14800.208984375;0;0;0;;1;260118;m2;202022;0;
..\..\world\kalimdor\kalidar\passivedoodads\kalidarbushes\kalidarbush02.m2;18901.283203125;83.14727020263672;14834.1552734375;0;0;0;;1;260121;m2;202022;0;
..\..\world\kalimdor\kalidar\passivedoodads\kalidarbushes\kalidarbush02.m2;18881.830078125;95.5074691772461;14859.271484375;0;0;0;;1;260124;m2;202022;0;
..\..\world\kalimdor\kalidar\passivedoodads\kalidarbushes\kalidarbush02.m2;18893.171875;90.42070770263672;14847.55859375;0;0;0;;1;260125;m2;202022;0;
..\..\world\kalimdor\kalidar\passivedoodads\kalidarbushes\kalidarbush02.m2;18947.041015625;66.97996520996094;14864.4111328125;0;0;0;;1;260130;m2;202022;0;
..\..\world\kalimdor\kalidar\passivedoodads\kalidarbushes\kalidarbush02.m2;18940.546875;67.14605712890625;14876.1748046875;0;0;0;;1;260132;m2;202022;0;
..\..\world\kalimdor\kalidar\passivedoodads\kalidarbushes\kalidarbush02.m2;18992.517578125;83.5322265625;14875.44921875;0;0;0;;1;260136;m2;202022;0;
..\..\world\kalimdor\kalidar\passivedoodads\kalidarbushes\kalidarbush02.m2;18912.4296875;78.83393859863281;14811.5703125;0;0;0;;1;260141;m2;202022;0;
..\..\world\kalimdor\kalidar\passivedoodads\kalidarbushes\kalidarbush02.m2;18956.5546875;66.86460876464844;14844.5302734375;0;0;0;;1;260149;m2;202022;0;
..\..\world\kalimdor\kalidar\passivedoodads\kalidarbushes\kalidarbush02.m2;18893.9921875;102.28579711914062;14925.197265625;0;0;0;;1;260153;m2;202022;0;
..\..\world\kalimdor\kalidar\passivedoodads\kalidarbushes\kalidarbush02.m2;18904.984375;125.74495697021484;14670.357421875;0;0;0;;1;260608;m2;202022;0;
..\..\world\kalimdor\kalidar\passivedoodads\kalidarbushes\kalidarbush02.m2;18838.2734375;114.09806060791016;14769.208984375;0;41.5;0;;1;260613;m2;202022;0;
..\..\world\kalimdor\kalidar\passivedoodads\kalidarbushes\kalidarbush02.m2;19198.939453125;105.10456848144531;14828.5390625;0;0;0;;1;279157;m2;202022;0;
..\..\world\kalimdor\kalidar\passivedoodads\kalidarbushes\kalidarbush02.m2;19054.724609375;114.7695083618164;14880.5234375;0;0;0;;1;279171;m2;202022;0;
..\..\world\kalimdor\kalidar\passivedoodads\kalidarbushes\kalidarbush02.m2;19056.439453125;105.6255111694336;14892.6455078125;0;0;0;;1;279173;m2;202022;0;
..\..\world\kalimdor\kalidar\passivedoodads\kalidarbushes\kalidarbush02.m2;19029.759765625;104.11549377441406;14932.1572265625;0;0;0;;1;279174;m2;202022;0;
..\..\world\kalimdor\kalidar\passivedoodads\kalidarbushes\kalidarbush02.m2;19121.884765625;101.64888763427734;14910.3740234375;0;0;0;;1;279178;m2;202022;0;
..\..\world\kalimdor\kalidar\passivedoodads\kalidarbushes\kalidarbush02.m2;19114.990234375;102.0389633178711;14902.6171875;0;0;0;;1;279180;m2;202022;0;
..\..\world\kalimdor\kalidar\passivedoodads\kalidarbushes\kalidarbush02.m2;19107.734375;102.33683776855469;14918.291015625;0;0;0;;1;279181;m2;202022;0;
..\..\world\kalimdor\kalidar\passivedoodads\kalidarbushes\kalidarbush02.m2;19065.283203125;114.61653900146484;14862.94921875;0;0;0;;1;279185;m2;202022;0;
..\..\world\kalimdor\kalidar\passivedoodads\kalidarbushes\kalidarbush02.m2;19083.142578125;119.08939361572266;14843.4921875;0;0;0;;1;279186;m2;202022;0;
..\..\world\kalimdor\kalidar\passivedoodads\kalidarbushes\kalidarbush02.m2;19118.958984375;106.24539947509766;14833.169921875;0;0;0;;1;279191;m2;202022;0;
..\..\world\kalimdor\kalidar\passivedoodads\kalidarbushes\kalidarbush02.m2;19151.193359375;108.94815826416016;14799.794921875;0;0;0;;1;279195;m2;202022;0;
..\..\world\kalimdor\kalidar\passivedoodads\kalidarbushes\kalidarbush02.m2;19178.57421875;111.24130249023438;14784.3466796875;0;0;0;;1;279200;m2;202022;0;
..\..\world\kalimdor\kalidar\passivedoodads\kalidarbushes\kalidarbush02.m2;19174.91015625;115.47368621826172;14769.748046875;0;0;0;;1;279203;m2;202022;0;
..\..\world\kalimdor\kalidar\passivedoodads\kalidarbushes\kalidarbush02.m2;18685.638671875;109.18641662597656;14767.353515625;0;33.5;0;;1;496522;m2;202022;0;
..\..\world\kalimdor\kalidar\passivedoodads\kalidarbushes\kalidarbush02.m2;18880.533203125;72.40534973144531;14766.8759765625;0;0;0;;1;572880;m2;202022;0;
..\..\world\kalimdor\kalidar\passivedoodads\kalidarbushes\kalidarbush02.m2;18756.12890625;125.2818832397461;14736.162109375;0;206.1811065673828;0;;0.9951171875;572876;m2;202022;0;
..\..\world\kalimdor\ashenvale\passivedoodads\satyrtotem\ashensatyrtotem01.m2;19178.14453125;197.80091857910156;14454.5791015625;0;119.5;0;;1.1591796875;275498;m2;201252;0;
..\..\world\kalimdor\kalidar\passivedoodads\kalidarroots\kalidarroots03.m2;18865.89453125;134.7948760986328;14625.0078125;81.50005340576172;314.4999694824219;-166.50001525878906;;1.9892578125;260415;m2;202040;0;
..\..\world\kalimdor\kalidar\passivedoodads\kalidarbushes\kalidarbush02.m2;18790.603515625;121.38961029052734;14759.138671875;0;336.158935546875;0;;0.990234375;572845;m2;202022;0;
..\..\world\kalimdor\darkshore\passivedoodads\ruins\darkshoreruinwall02.m2;18911.15625;125.76618194580078;14647.80859375;0;20.5;0;;1.349609375;279935;m2;201559;0;
..\..\world\kalimdor\kalidar\passivedoodads\kalidarbushes\kalidarbush03.m2;19052.505859375;106.8041763305664;14894.1552734375;0;43.5;0;;1.2197265625;279169;m2;202023;0;
..\..\world\kalimdor\kalidar\passivedoodads\kalidarbushes\kalidarbush04.m2;19088.533203125;152.28489685058594;14558.2548828125;0;322;0;;2.2392578125;279064;m2;202024;0;
..\..\world\kalimdor\kalidar\passivedoodads\kalidarbushes\kalidarbush02.m2;18834.39453125;113.71833801269531;14812.6416015625;0;241.00001525878906;0;;0.94921875;260393;m2;202022;0;
..\..\world\kalimdor\kalidar\passivedoodads\kalidarbushes\kalidarbush03.m2;19077.244140625;142.6448516845703;14509.166015625;0;271.5;0;;1.2392578125;279061;m2;202023;0;
..\..\world\kalimdor\kalidar\passivedoodads\kalidarbushes\kalidarbush02.m2;18889.251953125;70.9541015625;14756.2548828125;0;38.15667724609375;0;;0.939453125;572882;m2;202022;0;
..\..\world\kalimdor\kalidar\passivedoodads\kalidarbushes\kalidarbush03.m2;18781.14453125;112.44979858398438;14832.587890625;0;237;0;;1.119140625;259697;m2;202023;0;
..\..\world\kalimdor\kalidar\passivedoodads\kalidartrees\kalidartree06.m2;18872.705078125;134.60032653808594;14605.083984375;0;90.5;0;;1.3896484375;260444;m2;202055;0;
..\..\world\kalimdor\kalidar\passivedoodads\kalidarbushes\kalidarbush02.m2;18765.595703125;125.16956329345703;14738.9140625;0;286.00482177734375;0;;0.923828125;572875;m2;202022;0;
..\..\world\kalimdor\kalidar\passivedoodads\kalidartrees\kalidartree05.m2;18988.505859375;148.42420959472656;14489.28125;0;0;0;;0.7099609375;279869;m2;202054;0;
..\..\world\kalimdor\kalidar\passivedoodads\kalidarbushes\kalidarbush03.m2;18897.90625;130.8511505126953;14617.2734375;-4.999999523162842;209.51214599609375;-6.000000476837158;;1.076171875;572891;m2;202023;0;
..\..\world\khazmodan\wetlands\passivedoodads\bushes\wetlandsshurb09.m2;19129.91796875;90.24890899658203;14928.3310546875;0;255.72129821777344;0;;0.611328125;318430;m2;203499;0;
..\..\world\kalimdor\kalidar\passivedoodads\kalidarroots\kalidarroots03.m2;19080.576171875;143.5921173095703;14491.060546875;0;208.5;0;;2.1494140625;273622;m2;202040;0;
..\..\world\kalimdor\kalidar\passivedoodads\kalidartrees\kalidartree05.m2;18717.201171875;126.67208099365234;14750.99609375;0;216;0;;0.6796875;259739;m2;202054;0;
..\..\world\kalimdor\kalidar\passivedoodads\kalidarroots\kalidarroots03.m2;18896.423828125;126.60518646240234;14679.9521484375;64.99999237060547;108;-146;;1.619140625;260588;m2;202040;0;
..\..\world\kalimdor\kalidar\passivedoodads\kalidarbushes\kalidarbush02.m2;18907.119140625;132.33267211914062;14605.5927734375;0;316.6026611328125;0;;0.876953125;572890;m2;202022;0;
..\..\world\kalimdor\kalidar\passivedoodads\kalidarbushes\kalidarbush03.m2;18910.30859375;130.5525360107422;14629.357421875;1.5000009536743164;238;-10.000000953674316;;1;279243;m2;202023;0;
..\..\world\kalimdor\kalidar\passivedoodads\kalidarbushes\kalidarbush03.m2;18991.91015625;72.78337097167969;14846.3115234375;-11.499999046325684;58.5;-0.5000002980232239;;1;260085;m2;202023;0;
..\..\world\kalimdor\kalidar\passivedoodads\kalidarbushes\kalidarbush02.m2;18736.171875;159.35389709472656;14471.3662109375;0;0;0;;0.859375;269056;m2;202022;0;
..\..\world\kalimdor\kalidar\passivedoodads\kalidarbushes\kalidarbush03.m2;18711.978515625;154.84820556640625;14499.51171875;1.5000015497207642;78.5;16.5;;1;260660;m2;202023;0;
..\..\world\kalimdor\kalidar\passivedoodads\kalidarbushes\kalidarbush03.m2;18691.361328125;149.54685974121094;14529.748046875;11.000001907348633;25;8.000000953674316;;1;260651;m2;202023;0;
..\..\world\kalimdor\kalidar\passivedoodads\kalidarbushes\kalidarbush03.m2;19152.794921875;107.29070281982422;14806.3291015625;11;286;-3.5;;1;279198;m2;202023;0;
..\..\world\kalimdor\kalidar\passivedoodads\kalidarbushes\kalidarbush02.m2;18716.1875;126.71639251708984;14749.5927734375;0;0;0;;0.849609375;259740;m2;202022;0;
..\..\world\kalimdor\kalidar\passivedoodads\kalidarroots\kalidarroots03.m2;18699.189453125;89.62882232666016;14852.1142578125;0;140.5;0;;2.009765625;251731;m2;202040;0;
..\..\world\kalimdor\kalidar\passivedoodads\kalidarbushes\kalidarbush03.m2;19081.78125;120.78961944580078;14846.4580078125;18.5;53;-9.5;;1;279189;m2;202023;0;
..\..\world\kalimdor\kalidar\passivedoodads\kalidarbushes\kalidarbush03.m2;18838.830078125;152.28428649902344;14501.095703125;0;324;-3.9999983310699463;;1;269193;m2;202023;0;
..\..\world\kalimdor\kalidar\passivedoodads\kalidarbushes\kalidarbush03.m2;18863.83203125;147.53579711914062;14523.0341796875;0;334.5;0;;1;269192;m2;202023;0;
..\..\world\kalimdor\kalidar\passivedoodads\kalidarbushes\kalidarbush03.m2;19108.41015625;101.88224029541016;14918.3017578125;0;332.5;0;;1;279175;m2;202023;0;
..\..\world\kalimdor\kalidar\passivedoodads\kalidarbushes\kalidarbush03.m2;19085.701171875;140.51878356933594;14592.65234375;0;332;0;;1;279067;m2;202023;0;
..\..\world\kalimdor\kalidar\passivedoodads\kalidarbushes\kalidarbush03.m2;18939.908203125;68.06172943115234;14876.80859375;0;28.5;0;;1;260133;m2;202023;0;
..\..\world\kalimdor\kalidar\passivedoodads\kalidarbushes\kalidarbush03.m2;18973.146484375;154.28736877441406;14456.052734375;0;120;0;;1;269183;m2;202023;0;
..\..\world\kalimdor\kalidar\passivedoodads\kalidarbushes\kalidarbush03.m2;19062.111328125;153.2733917236328;14438.9541015625;0;60;0;;1;279050;m2;202023;0;
..\..\world\kalimdor\kalidar\passivedoodads\kalidarbushes\kalidarbush03.m2;18875.12109375;132.4033966064453;14594.154296875;0;113;0;;1;260446;m2;202023;0;
..\..\world\kalimdor\kalidar\passivedoodads\kalidarbushes\kalidarbush03.m2;18797.52734375;135.7672119140625;14610.6923828125;0;68;0;;1;260508;m2;202023;0;
..\..\world\kalimdor\kalidar\passivedoodads\kalidarbushes\kalidarbush02.m2;18768.0078125;152.4453582763672;14702.201171875;0;170.9085693359375;0;;0.8359375;572855;m2;202022;0;
..\..\world\kalimdor\kalidar\passivedoodads\kalidarbushes\kalidarbush03.m2;18870.52734375;131.8453826904297;14625.3330078125;0;58;0;;1;260455;m2;202023;0;
..\..\world\kalimdor\kalidar\passivedoodads\kalidarbushes\kalidarbush03.m2;19180.37890625;110.06465148925781;14787.8515625;0;21;0;;1;279199;m2;202023;0;
..\..\world\kalimdor\kalidar\passivedoodads\kalidarbushes\kalidarbush03.m2;18971.40625;76.84064483642578;14892.0234375;0;57.5;0;;1;260146;m2;202023;0;
..\..\world\kalimdor\kalidar\passivedoodads\kalidarbushes\kalidarbush03.m2;18807.8671875;155.89772033691406;14678.013671875;4.499999523162842;36;4.999999523162842;;1;572872;m2;202023;0;
..\..\world\kalimdor\kalidar\passivedoodads\kalidarbushes\kalidarbush03.m2;18749.47265625;132.2527618408203;14637.572265625;0;69.5;0;;1;260432;m2;202023;0;
..\..\world\kalimdor\kalidar\passivedoodads\kalidarbushes\kalidarbush03.m2;19052.533203125;138.5507354736328;14600.6240234375;0;33;0;;1;279226;m2;202023;0;
..\..\world\kalimdor\kalidar\passivedoodads\kalidarbushes\kalidarbush03.m2;18859.3984375;131.3341064453125;14569.5546875;0;20;0;;1;260454;m2;202023;0;
..\..\world\kalimdor\kalidar\passivedoodads\kalidarbushes\kalidarbush03.m2;19061.78125;154.58460998535156;14421.623046875;0;236.5;0;;1;279049;m2;202023;0;
..\..\world\kalimdor\kalidar\passivedoodads\kalidarbushes\kalidarbush03.m2;19105.333984375;96.110107421875;14937.130859375;0;56.5;0;;1;318414;m2;202023;0;
..\..\world\kalimdor\kalidar\passivedoodads\kalidarbushes\kalidarbush03.m2;19112.126953125;102.1789779663086;14905.12109375;0;33.5;0;;1;279176;m2;202023;0;
..\..\world\kalimdor\kalidar\passivedoodads\kalidarbushes\kalidarbush03.m2;18662.513671875;125.36637115478516;14687.94921875;1;10;7.000000953674316;;1;259760;m2;202023;0;
..\..\world\kalimdor\kalidar\passivedoodads\kalidarbushes\kalidarbush03.m2;18790.177734375;152.35931396484375;14664.1240234375;0;37;0;;1;260574;m2;202023;0;
..\..\world\kalimdor\kalidar\passivedoodads\kalidarbushes\kalidarbush03.m2;19197.619140625;104.75335693359375;14829.01171875;0;322.5;0;;1;279152;m2;202023;0;
..\..\world\kalimdor\kalidar\passivedoodads\kalidarroots\kalidarroots03.m2;18697.74609375;182.81602478027344;14432.326171875;0;137.5;0;;1.9599609375;260628;m2;202040;0;
..\..\world\kalimdor\kalidar\passivedoodads\kalidarbushes\kalidarbush03.m2;18812.96484375;109.20673370361328;14873.5009765625;-3.999999523162842;309.5;-4.5;;1;259705;m2;202023;0;
..\..\world\kalimdor\kalidar\passivedoodads\kalidarbushes\kalidarbush03.m2;18802.080078125;151.87771606445312;14642.865234375;0;308;0;;1;260577;m2;202023;0;
..\..\world\kalimdor\kalidar\passivedoodads\kalidarbushes\kalidarbush03.m2;19066.27734375;134.59182739257812;14663.021484375;0;256.5;0;;1;279219;m2;202023;0;
..\..\world\kalimdor\kalidar\passivedoodads\kalidarbushes\kalidarbush03.m2;18891.853515625;100.93079376220703;14925.451171875;0;318.5;0;;1;260152;m2;202023;0;
..\..\world\kalimdor\kalidar\passivedoodads\kalidarbushes\kalidarbush03.m2;18764.2265625;123.91970825195312;14741.5947265625;14.5;27.59228515625;11.499999046325684;;0.9482421875;572877;m2;202023;0;
..\..\world\kalimdor\kalidar\passivedoodads\kalidarbushes\kalidarbush03.m2;19120.44140625;105.62779235839844;14835.732421875;0;318;0;;1;279190;m2;202023;0;
..\..\world\kalimdor\kalidar\passivedoodads\kalidarroots\kalidarroots03.m2;18709.375;126.47088623046875;14749.2666015625;72.99998474121094;226.5;16.499990463256836;;1.5390625;259687;m2;202040;0;
..\..\world\kalimdor\kalidar\passivedoodads\kalidarbushes\kalidarbush03.m2;18833.2734375;121.94481658935547;14721.9404296875;0;47.5;0;;1;260400;m2;202023;0;
..\..\world\kalimdor\kalidar\passivedoodads\kalidarbushes\kalidarbush04.m2;19030.681640625;104.8267822265625;14931.29296875;0;312.5;0;;1.8896484375;279166;m2;202024;0;
..\..\world\kalimdor\kalidar\passivedoodads\kalidarbushes\kalidarbush03.m2;18941.94921875;154.1000518798828;14471.8896484375;0;226.5;0;;1;269186;m2;202023;0;
..\..\world\kalimdor\kalidar\passivedoodads\kalidarbushes\kalidarbush03.m2;19180.125;113.86241149902344;14758.7109375;0;279.5;0;;1;279204;m2;202023;0;
..\..\world\kalimdor\kalidar\passivedoodads\kalidarbushes\kalidarbush03.m2;18993.578125;68.7558364868164;14812.7802734375;19.999998092651367;279.5;3.000002145767212;;1;260094;m2;202023;0;
..\..\world\kalimdor\kalidar\passivedoodads\kalidarbushes\kalidarbush03.m2;19055.236328125;113.97115325927734;14881.513671875;0;44.5;0;;1;279170;m2;202023;0;
..\..\world\kalimdor\kalidar\passivedoodads\kalidarroots\kalidarroots03.m2;18784.2578125;138.223876953125;14620.5859375;81.00003051757812;0.5;-174.5;;1.7197265625;260427;m2;202040;0;
..\..\world\kalimdor\kalidar\passivedoodads\kalidarbushes\kalidarbush02.m2;18896.560546875;131.194091796875;14616.818359375;0;159.713134765625;0;;0.7958984375;572888;m2;202022;0;
..\..\world\kalimdor\kalidar\passivedoodads\kalidarbushes\kalidarbush03.m2;18746.7734375;155.60379028320312;14476.474609375;-1.5;359;-10;;1;269053;m2;202023;0;
..\..\world\kalimdor\kalidar\passivedoodads\kalidarbushes\kalidarbush03.m2;19122.005859375;101.50029754638672;14910.240234375;0;277.5;0;;1;279177;m2;202023;0;
..\..\world\kalimdor\kalidar\passivedoodads\kalidarbushes\kalidarbush03.m2;19047.33203125;139.5747528076172;14557.056640625;0;276;0;;1;279227;m2;202023;0;
..\..\world\kalimdor\kalidar\passivedoodads\kalidarbushes\kalidarbush02.m2;18818.720703125;155.5353240966797;14656.9228515625;0;0;0;;0.779296875;572869;m2;202022;0;
..\..\world\kalimdor\kalidar\passivedoodads\kalidarbushes\kalidarbush03.m2;19081.419921875;157.59478759765625;14402.5703125;0;273.5;0;;1;279048;m2;202023;0;
..\..\world\kalimdor\kalidar\passivedoodads\kalidarbushes\kalidarbush03.m2;18929.068359375;132.93048095703125;14603.404296875;-1.9999995231628418;269.5;-3.499999761581421;;1;260601;m2;202023;0;
..\..\world\kalimdor\kalidar\passivedoodads\kalidarbushes\kalidarbush02.m2;18914.34765625;88.91822052001953;14860.37109375;0;0;0;;0.76953125;260139;m2;202022;0;
..\..\world\kalimdor\kalidar\passivedoodads\kalidarbushes\kalidarbush03.m2;18838.509765625;102.35450744628906;14916.654296875;-9.500000953674316;0;-2.500000476837158;;1;259704;m2;202023;0;
..\..\world\kalimdor\kalidar\passivedoodads\kalidarbushes\kalidarbush03.m2;18851.27734375;123.57035064697266;14677.87109375;0;271.5;0;;1;260408;m2;202023;0;
..\..\world\kalimdor\kalidar\passivedoodads\kalidarbushes\kalidarbush03.m2;19027.5859375;156.585693359375;14405.8427734375;0;0.5;0;;1;269182;m2;202023;0;
..\..\world\kalimdor\felwood\passivedoodads\roots\felwoodroots01.m2;19201.453125;201.47003173828125;14591.6767578125;7.500000953674316;296;37.5;;0.509765625;275550;m2;201881;0;
..\..\world\kalimdor\kalidar\passivedoodads\kalidarbushes\kalidarbush02.m2;18799.9375;120.51614379882812;14761.5185546875;0;13.54656982421875;0;;0.7509765625;572846;m2;202022;0;
..\..\world\kalimdor\kalidar\passivedoodads\kalidarbushes\kalidarbush03.m2;18804.748046875;152.3099822998047;14507.224609375;0;0;0;;1;260570;m2;202023;0;
..\..\world\kalimdor\kalidar\passivedoodads\kalidarbushes\kalidarbush03.m2;19126.2421875;128.4892120361328;14724.1416015625;0;0;0;;1;279212;m2;202023;0;
..\..\world\kalimdor\kalidar\passivedoodads\kalidarbushes\kalidarbush03.m2;19087.24609375;133.93223571777344;14705.2822265625;0;0;0;;1;279217;m2;202023;0;
..\..\world\kalimdor\kalidar\passivedoodads\kalidarbushes\kalidarbush03.m2;19075.376953125;134.32000732421875;14672.7421875;0;0;0;;1;279218;m2;202023;0;
..\..\world\kalimdor\kalidar\passivedoodads\kalidarbushes\kalidarbush03.m2;19054.345703125;137.2235107421875;14635.216796875;0;0;0;;1;279225;m2;202023;0;
..\..\world\kalimdor\kalidar\passivedoodads\kalidarbushes\kalidarbush03.m2;19006.8125;147.46302795410156;14492.05078125;0;0;0;;1;279235;m2;202023;0;
..\..\world\kalimdor\kalidar\passivedoodads\kalidarbushes\kalidarbush03.m2;18985.205078125;145.6961669921875;14521.5498046875;0;0;0;;1;279241;m2;202023;0;
..\..\world\kalimdor\kalidar\passivedoodads\kalidarbushes\kalidarbush03.m2;18973.255859375;138.0640411376953;14553.583984375;0;0;0;;1;279242;m2;202023;0;
..\..\world\kalimdor\kalidar\passivedoodads\kalidarbushes\kalidarbush03.m2;18766.26953125;118.21186065673828;14791.552734375;0;0;0;;1;279244;m2;202023;0;
..\..\world\kalimdor\kalidar\passivedoodads\kalidarbushes\kalidarbush03.m2;18904.474609375;157.79708862304688;14481.8818359375;0;270;0;;1;269187;m2;202023;0;
..\..\world\azeroth\duskwood\passivedoodads\bush\duskwoodbush04.m2;19164.697265625;199.18128967285156;14494.1572265625;0;63.5;0;;1;278908;m2;189398;0;
..\..\world\kalimdor\kalidar\passivedoodads\kalidarroots\kalidarroots03.m2;19146.908203125;105.56404113769531;14817.7109375;10.99999713897705;88;-13.999999046325684;;1.4990234375;260364;m2;202040;0;
..\..\world\kalimdor\kalidar\passivedoodads\kalidartrees\kalidartree05.m2;18947.87890625;72.78319549560547;14818.3515625;0;101;0;;0.5693359375;260144;m2;202054;0;
..\..\world\azeroth\duskwood\passivedoodads\bush\duskwoodbush05.m2;19182.7578125;197.5361785888672;14434.025390625;0;252.5;0;;1;277351;m2;189399;0;
..\..\world\kalimdor\kalidar\passivedoodads\kalidarroots\kalidarroots03.m2;18730.787109375;124.59915924072266;14781.1240234375;88.5001449584961;38.9998779296875;-94.99996185302734;;1.5595703125;259689;m2;202040;0;
..\..\world\azeroth\duskwood\passivedoodads\bush\duskwoodbush04.m2;19171.12109375;198.5889434814453;14524.5283203125;0;279;0;;1;278909;m2;189398;0;
..\..\world\kalimdor\kalidar\passivedoodads\kalidarroots\kalidarroots03.m2;18824.216796875;134.45880126953125;14568.85546875;78;359;155.99998474121094;;1.369140625;260422;m2;202040;0;
..\..\world\kalimdor\kalidar\passivedoodads\kalidarbushes\kalidarbush03.m2;18724.03515625;126.71076202392578;14750.04296875;0;147.5;0;;0.849609375;496529;m2;202023;0;
..\..\world\kalimdor\kalidar\passivedoodads\kalidarbushes\kalidarbush02.m2;18886.85546875;70.05106353759766;14797.884765625;0;249.5;0;;0.7099609375;260119;m2;202022;0;
..\..\world\kalimdor\kalidar\passivedoodads\kalidarroots\kalidarroots03.m2;19180.515625;109.35098266601562;14785.541015625;0;0;0;;1.7998046875;260366;m2;202040;0;
..\..\world\kalimdor\kalidar\passivedoodads\kalidarbushes\kalidarbush02.m2;18786.529296875;152.7069854736328;14688.419921875;0;103.41744995117188;0;;0.70703125;572853;m2;202022;0;
..\..\world\kalimdor\kalidar\passivedoodads\kalidarbushes\kalidarbush03.m2;18767.755859375;152.4154815673828;14701.6748046875;6.499999523162842;94.7109375;-6.000000476837158;;0.8740234375;572856;m2;202023;0;
..\..\world\kalimdor\kalidar\passivedoodads\kalidarroots\kalidarroots03.m2;18834.74609375;124.9014892578125;14698.583984375;89.49993133544922;26.00067138671875;53.50050354003906;;1.509765625;260334;m2;202040;0;
..\..\world\azeroth\duskwood\passivedoodads\bush\duskwoodbush05.m2;19177.595703125;197.99899291992188;14452.4453125;0;310.5;0;;1;275504;m2;189399;0;
..\..\world\kalimdor\kalidar\passivedoodads\kalidarroots\kalidarroots03.m2;18716.189453125;149.8582305908203;14516.33984375;0;30.5;0;;1.6494140625;260632;m2;202040;0;
..\..\world\azeroth\duskwood\passivedoodads\bush\duskwoodbush04.m2;19160.47265625;200.37350463867188;14490.076171875;0;0;0;;1;278907;m2;189398;0;
..\..\world\kalimdor\kalidar\passivedoodads\kalidarbushes\kalidarbush04.m2;19079.60546875;142.65460205078125;14501.5419921875;0;289.5;0;;1.6591796875;279063;m2;202024;0;
..\..\world\kalimdor\kalidar\passivedoodads\kalidarbushes\kalidarbush04.m2;18703.7734375;140.31295776367188;14571.396484375;0;296.5;0;;1.599609375;260510;m2;202024;0;
..\..\world\kalimdor\kalidar\passivedoodads\kalidarbushes\kalidarbush04.m2;18781.55859375;149.07810974121094;14531.7568359375;0;38.5;0;;1.5390625;260563;m2;202024;0;
..\..\world\khazmodan\wetlands\passivedoodads\bushes\wetlandsshrub04.m2;19199.4921875;92.51300811767578;14876.2109375;0;40.947296142578125;0;;0.7666015625;318434;m2;203493;0;
..\..\world\kalimdor\kalidar\passivedoodads\kalidarroots\kalidarroots03.m2;18875.728515625;75.68143463134766;14772.7080078125;45.499996185302734;121.87185668945312;3.499997615814209;;1.13671875;572884;m2;202040;0;
..\..\world\kalimdor\kalidar\passivedoodads\kalidarbushes\kalidarbush04.m2;18684.689453125;85.60672760009766;14819.556640625;0;252.5;0;;1.6396484375;259396;m2;202024;0;
..\..\world\kalimdor\kalidar\passivedoodads\kalidarbushes\kalidarbush02.m2;18901.646484375;125.65289306640625;14666.7509765625;0;0;0;;0.6494140625;260609;m2;202022;0;
..\..\world\kalimdor\kalidar\passivedoodads\kalidarbushes\kalidarbush03.m2;18907.6484375;132.53744506835938;14605.7802734375;3.500000238418579;120.44476318359375;4;;0.76171875;572894;m2;202023;0;
..\..\world\kalimdor\kalidar\passivedoodads\kalidarbushes\kalidarbush04.m2;19090.849609375;153.53245544433594;14551.1337890625;0;336;0;;1.5595703125;279065;m2;202024;0;
..\..\world\kalimdor\kalidar\passivedoodads\kalidarbushes\kalidarbush02.m2;18836.501953125;115.29634857177734;14769.3359375;0;0;0;;0.6396484375;260614;m2;202022;0;
..\..\world\kalimdor\kalidar\passivedoodads\kalidarroots\kalidarroots03.m2;18897.947265625;68.84042358398438;14791.759765625;6.999999046325684;120.5;24.499998092651367;;1.2294921875;260147;m2;202040;0;
..\..\world\khazmodan\wetlands\passivedoodads\bushes\wetlandsshrub04.m2;19173.72265625;92.53963470458984;14893.8291015625;0;161.82257080078125;0;;0.7451171875;318433;m2;203493;0;
..\..\world\kalimdor\kalidar\passivedoodads\kalidartreestumps\kalidartreestump01.m2;19180.259765625;197.99969482421875;14422.7265625;0;195;0;;1.259765625;277349;m2;202059;0;
..\..\world\generic\nightelf\passivedoodads\lanterns\nightelfhanginglantern.m2;18665.625;144.1656951904297;14685.9296875;0;358.5;0;;1.3095703125;293659;m2;198779;0;
..\..\world\kalimdor\kalidar\passivedoodads\kalidarbushes\kalidarbush04.m2;19004.228515625;75.38452911376953;14844.2353515625;0;56;0;;1.4296875;260086;m2;202024;0;
..\..\world\kalimdor\kalidar\passivedoodads\kalidarbushes\kalidarbush03.m2;18867.02734375;102.9877700805664;14877.185546875;12.500000953674316;27.5;-10.000000953674316;;0.689453125;260140;m2;202023;0;
..\..\world\generic\satyr\passivedoodads\tents\satyrtent01.m2;19201.857421875;201.84051513671875;14582.6123046875;0;131.5;0;;1.33984375;276064;m2;200353;0;
..\..\world\kalimdor\kalidar\passivedoodads\kalidarbushes\kalidarbush04.m2;18841.111328125;164.5877227783203;14476.4873046875;0;23;0;;1.4697265625;269194;m2;202024;0;
..\..\world\kalimdor\kalidar\passivedoodads\kalidarroots\kalidarroots03.m2;18753.20703125;118.32763671875;14818.44921875;84.50003814697266;214.99996948242188;36.50001907348633;;1.4091796875;259690;m2;202040;0;
..\..\world\kalimdor\kalidar\passivedoodads\kalidarbushes\kalidarbush04.m2;18890.16015625;190.44140625;14411.12109375;0;61;0;;1.419921875;269198;m2;202024;0;
..\..\world\kalimdor\kalidar\passivedoodads\kalidarbushes\kalidarbush04.m2;18881.412109375;150.32630920410156;14520.28515625;0;73;0;;1.5;269190;m2;202024;0;
..\..\world\kalimdor\kalidar\passivedoodads\kalidarbushes\kalidarbush04.m2;18787.658203125;134.23312377929688;14612.0546875;0;330;0;;1.3994140625;260507;m2;202024;0;
..\..\world\kalimdor\kalidar\passivedoodads\kalidarbushes\kalidarbush02.m2;18800.640625;121.03700256347656;14760.166015625;0;270.41473388671875;0;;0.58984375;572847;m2;202022;0;
..\..\world\kalimdor\kalidar\passivedoodads\kalidarbushes\kalidarbush04.m2;18810.615234375;148.01243591308594;14534.6279296875;0;313.5;0;;1.369140625;260571;m2;202024;0;
..\..\world\kalimdor\kalidar\passivedoodads\kalidarroots\kalidarroots03.m2;18713.470703125;126.1983413696289;14753.38671875;87.50017547607422;118.50021362304688;62.50028991699219;;1.19921875;259688;m2;202040;0;
..\..\world\kalimdor\kalidar\passivedoodads\kalidarbushes\kalidarbush04.m2;18672.677734375;105.61515045166016;14763.5927734375;0;325.5;0;;1.33984375;496524;m2;202024;0;
..\..\world\kalimdor\kalidar\passivedoodads\kalidarbushes\kalidarbush04.m2;18684.9453125;107.54450225830078;14768.5498046875;0;325.5;0;;1.33984375;496525;m2;202024;0;
..\..\world\kalimdor\kalidar\passivedoodads\kalidarbushes\kalidarbush04.m2;18692.853515625;107.75740814208984;14788.3447265625;0;325.5;0;;1.33984375;496526;m2;202024;0;
..\..\world\generic\nightelf\passivedoodads\ruins\nightelfruins03.m2;19195.51953125;198.8468780517578;14575.177734375;-2.9999985694885254;77;-26.5;;2.9697265625;275453;m2;198836;0;
..\..\world\kalimdor\kalidar\passivedoodads\kalidartreelogs\kalidartreelog01.m2;19135.130859375;89.20653533935547;14928.0361328125;-2.500000238418579;60.145782470703125;4;;0.7802734375;318490;m2;202044;0;
..\..\world\kalimdor\kalidar\passivedoodads\kalidarbushes\kalidarbush04.m2;18886.837890625;72.61478424072266;14749.9423828125;6.499999523162842;32.5;2.499999761581421;;1.3095703125;260108;m2;202024;0;
..\..\world\kalimdor\kalidar\passivedoodads\kalidarbushes\kalidarbush04.m2;18797.486328125;182.0902099609375;14422.7373046875;0;0;0;;1.669921875;269061;m2;202024;0;
..\..\world\kalimdor\kalidar\passivedoodads\kalidartreestumps\kalidartreestump01.m2;18947.451171875;67.49168395996094;14748.6240234375;0;145.5;0;;1;250433;m2;202059;0;
..\..\world\kalimdor\kalidar\passivedoodads\kalidarbushes\kalidarbush04.m2;18835.52734375;113.71296691894531;14812.419921875;0;325;0;;1.279296875;260395;m2;202024;0;
..\..\world\kalimdor\kalidar\passivedoodads\kalidarroots\kalidarroots03.m2;18804.533203125;134.67349243164062;14595.6328125;37.000003814697266;208.8666534423828;-21.000003814697266;;0.9501953125;572899;m2;202040;0;
..\..\world\kalimdor\kalidar\passivedoodads\kalidarbushes\kalidarbush04.m2;18794.509765625;188.1490478515625;14410.3212890625;0;0;0;;1.619140625;269062;m2;202024;0;
..\..\world\generic\nightelf\passivedoodads\lamps\kalidarstreetlamp01.m2;18741.880859375;131.9279327392578;14613.7646484375;0;173.5;0;;1.1298828125;390939;m2;198776;0;
..\..\world\generic\nightelf\passivedoodads\lamps\kalidarstreetlamp01.m2;18749.33203125;131.1105194091797;14627.150390625;0;271;0;;1.1298828125;390940;m2;198776;0;
..\..\world\kalimdor\kalidar\passivedoodads\kalidarbushes\kalidarbush04.m2;18792.48046875;172.64236450195312;14445.5302734375;0;0;5;;1.4794921875;269059;m2;202024;0;
..\..\world\kalimdor\kalidar\passivedoodads\kalidarroots\kalidarroots03.m2;18729.580078125;174.50604248046875;14437.6328125;18.999998092651367;0;7.500000953674316;;1;260627;m2;202040;0;
..\..\world\kalimdor\kalidar\passivedoodads\kalidarbushes\kalidarbush04.m2;18782.83984375;153.1674346923828;14640.4384765625;0;352;0;;1.3896484375;260579;m2;202024;0;
..\..\world\kalimdor\kalidar\passivedoodads\kalidarbushes\kalidarbush04.m2;18890.783203125;72.96690368652344;14827.9609375;0;0;0;;1.529296875;260115;m2;202024;0;
..\..\world\kalimdor\kalidar\passivedoodads\kalidarbushes\kalidarbush04.m2;18837.048828125;124.27285766601562;14702.154296875;0;11.5;0;;1.33984375;260409;m2;202024;0;
..\..\world\kalimdor\kalidar\passivedoodads\kalidarbushes\kalidarbush04.m2;19184.72265625;118.23658752441406;14725.822265625;0;0;0;;1.529296875;279209;m2;202024;0;
..\..\world\kalimdor\kalidar\passivedoodads\kalidarbushes\kalidarbush04.m2;18730.80859375;139.66055297851562;14649.884765625;0;26.5;0;;1.2099609375;260431;m2;202024;0;
..\..\world\kalimdor\kalidar\passivedoodads\kalidarbushes\kalidarbush04.m2;18875.90625;190.521240234375;14414.41796875;0;0;0;;1.51953125;269195;m2;202024;0;
..\..\world\kalimdor\kalidar\passivedoodads\kalidarbushes\kalidarbush04.m2;18744.46875;125.18567657470703;14792.7548828125;0;350;0;;1.2998046875;258951;m2;202024;0;
..\..\world\kalimdor\kalidar\passivedoodads\kalidarbushes\kalidarbush04.m2;18727.908203125;134.97242736816406;14629.931640625;0;0;0;;1.44921875;260509;m2;202024;0;
..\..\world\kalimdor\kalidar\passivedoodads\kalidarbushes\kalidarbush04.m2;18755.849609375;125.57524871826172;14736.912109375;6.499997615814209;80.224609375;19.5;;1.119140625;572878;m2;202024;0;
..\..\world\kalimdor\kalidar\passivedoodads\kalidarbushes\kalidarbush04.m2;18947.591796875;67.28128814697266;14866.068359375;0;27;0;;1.1298828125;260129;m2;202024;0;
..\..\world\kalimdor\kalidar\passivedoodads\kalidarbushes\kalidarbush04.m2;18932.580078125;134.40081787109375;14594.3623046875;0;0;0;;1.419921875;260599;m2;202024;0;
..\..\world\kalimdor\kalidar\passivedoodads\kalidarbushes\kalidarbush04.m2;18679.548828125;148.4335479736328;14528.212890625;0;0;0;;1.4091796875;260655;m2;202024;0;
..\..\world\kalimdor\kalidar\passivedoodads\kalidarbushes\kalidarbush04.m2;18835.25390625;189.66836547851562;14406.2236328125;0;0;0;;1.4091796875;269206;m2;202024;0;
..\..\world\kalimdor\kalidar\passivedoodads\kalidarbushes\kalidarbush04.m2;18900.18359375;155.7101593017578;14498.810546875;0;0;0;;1.3994140625;269188;m2;202024;0;
..\..\world\azeroth\duskwood\passivedoodads\bush\duskwoodbush06.m2;19177.556640625;197.71401977539062;14471.1611328125;0;0;0;;1.3896484375;275496;m2;189400;0;
..\..\world\generic\nightelf\passivedoodads\lamps\kalidarstreetlamp01.m2;18681.21875;125.11920928955078;14728.0927734375;0;258;0;;1;250317;m2;198776;0;
..\..\world\generic\nightelf\passivedoodads\lamps\kalidarstreetlamp01.m2;18886.310546875;125.58698272705078;14653.62109375;0;319.5;0;;1;273563;m2;198776;0;
..\..\world\generic\nightelf\passivedoodads\lamps\kalidarstreetlamp01.m2;18847.806640625;103.10948944091797;14874.7392578125;0;20;0;;1;250313;m2;198776;0;
..\..\world\generic\nightelf\passivedoodads\lamps\kalidarstreetlamp01.m2;18795.8046875;112.8676528930664;14817.0498046875;0;211;0;;1;250314;m2;198776;0;
..\..\world\generic\nightelf\passivedoodads\lamps\kalidarstreetlamp01.m2;18910.798828125;189.14312744140625;14406.14453125;0;315.5;0;;1;250675;m2;198776;0;
..\..\world\generic\nightelf\passivedoodads\lamps\kalidarstreetlamp01.m2;18908.4453125;189.32989501953125;14397.099609375;0;82;0;;1;250676;m2;198776;0;
..\..\world\generic\nightelf\passivedoodads\lamps\kalidarstreetlamp01.m2;18836.818359375;119.20237731933594;14733.1484375;0;161;0;;1;273562;m2;198776;0;
..\..\world\generic\nightelf\passivedoodads\lamps\kalidarstreetlamp01.m2;18912.7265625;137.75096130371094;14564.166015625;0;155;0;;1;273564;m2;198776;0;
..\..\world\generic\nightelf\passivedoodads\lamps\kalidarstreetlamp01.m2;18985.015625;148.01515197753906;14490.029296875;0;331;0;;1;273565;m2;198776;0;
..\..\world\generic\nightelf\passivedoodads\lamps\kalidarstreetlamp01.m2;19042.28515625;156.27008056640625;14398.7998046875;0;148.5;0;;1;273566;m2;198776;0;
..\..\world\kalimdor\kalidar\passivedoodads\kalidarbushes\kalidarbush04.m2;18824.033203125;122.29251098632812;14732.2646484375;0;9.5;0;;1.2294921875;260404;m2;202024;0;
..\..\world\kalimdor\kalidar\passivedoodads\kalidarbushes\kalidarbush04.m2;18889.392578125;68.85783386230469;14793.0830078125;0;0;0;;1.369140625;260112;m2;202024;0;
..\..\world\kalimdor\kalidar\passivedoodads\kalidarbushes\kalidarbush04.m2;18953.89453125;152.18588256835938;14473.85546875;0;0;0;;1.3193359375;269184;m2;202024;0;
..\..\world\kalimdor\kalidar\passivedoodads\kalidarbushes\kalidarbush04.m2;18985.18359375;73.6156234741211;14857.912109375;0;0;0;;1.3095703125;260087;m2;202024;0;
..\..\world\kalimdor\kalidar\passivedoodads\kalidarbushes\kalidarbush04.m2;19000.544921875;74.54885864257812;14766.91796875;0;0;0;;1.3095703125;260097;m2;202024;0;
..\..\world\kalimdor\kalidar\passivedoodads\kalidarbushes\kalidarbush04.m2;18797.666015625;177.2724609375;14436.984375;0;0;0;;1.3095703125;269060;m2;202024;0;
..\..\world\kalimdor\kalidar\passivedoodads\kalidarbushes\kalidarbush04.m2;18887.21875;133.539306640625;14607.912109375;0;4.150482177734375;0;;1.2353515625;572893;m2;202024;0;
..\..\world\kalimdor\kalidar\passivedoodads\kalidarbushes\kalidarbush04.m2;18819.205078125;156.8141326904297;14656.8740234375;10.5;19;-7.000000476837158;;1;572873;m2;202024;0;
..\..\world\kalimdor\kalidar\passivedoodads\kalidarbushes\kalidarbush04.m2;18958.908203125;67.08316802978516;14843.509765625;0;0;0;;1.2998046875;260148;m2;202024;0;
..\..\world\kalimdor\kalidar\passivedoodads\kalidarbushes\kalidarbush04.m2;18903.509765625;125.10743713378906;14668.818359375;0;0;0;;1.2998046875;260610;m2;202024;0;
..\..\world\kalimdor\kalidar\passivedoodads\kalidarbushes\kalidarbush04.m2;18750.673828125;120.189453125;14815.197265625;0;308.5;0;;1;259709;m2;202024;0;
..\..\world\kalimdor\kalidar\passivedoodads\kalidarbushes\kalidarbush04.m2;18836.853515625;114.46382904052734;14769.0146484375;0;41.5;0;;1;260615;m2;202024;0;
..\..\world\kalimdor\kalidar\passivedoodads\kalidarbushes\kalidarbush04.m2;18716.474609375;126.71671295166016;14749.8271484375;0;324.5;0;;1;259742;m2;202024;0;
..\..\world\kalimdor\kalidar\passivedoodads\kalidarbushes\kalidarbush04.m2;18994.25;69.8298110961914;14796.02734375;0;305;0;;1;260083;m2;202024;0;
..\..\world\kalimdor\kalidar\passivedoodads\kalidarbushes\kalidarbush04.m2;18788.638671875;145.51222229003906;14547.3544921875;0;325;0;;1;260573;m2;202024;0;
..\..\world\kalimdor\kalidar\passivedoodads\kalidarbushes\kalidarbush04.m2;18933.80859375;134.3800506591797;14592.1572265625;0;46.5;0;;1;260600;m2;202024;0;
..\..\world\kalimdor\kalidar\passivedoodads\kalidarbushes\kalidarbush04.m2;18701.5;164.9464874267578;14464.521484375;0;0;0;;1.279296875;260664;m2;202024;0;
..\..\world\kalimdor\kalidar\passivedoodads\kalidarbushes\kalidarbush04.m2;18834.322265625;114.28999328613281;14780.7734375;0;330;0;;1;260616;m2;202024;0;
..\..\world\kalimdor\kalidar\passivedoodads\kalidarbushes\kalidarbush04.m2;18890.52734375;70.1266098022461;14780.6083984375;0;0;0;;1.26953125;260114;m2;202024;0;
..\..\world\kalimdor\kalidar\passivedoodads\kalidarroots\kalidarroots03.m2;18910.162109375;189.5539093017578;14409.427734375;0;319;0;;1;250673;m2;202040;0;
..\..\world\kalimdor\kalidar\passivedoodads\kalidarbushes\kalidarbush04.m2;18746.095703125;125.79759216308594;14795.23046875;0;298.5;0;;1;258950;m2;202024;0;
..\..\world\generic\nightelf\passivedoodads\signposts\nightelfsignpost01.m2;18806.0859375;112.45874786376953;14796.498046875;0;12.5;0;;1;286260;m2;198845;0;
..\..\world\kalimdor\kalidar\passivedoodads\kalidarbushes\kalidarbush04.m2;18781.001953125;153.73512268066406;14686.654296875;0;97.871337890625;0;;1.1455078125;572858;m2;202024;0;
..\..\world\kalimdor\kalidar\passivedoodads\kalidarbushes\kalidarbush04.m2;18810.625;147.613037109375;14538.08984375;0;297.5;0;;1;260572;m2;202024;0;
..\..\world\generic\nightelf\passivedoodads\lamps\kalidarstreetlamp02.m2;18740.416015625;123.5680923461914;14759.525390625;0;333;0;;1;496527;m2;198777;0;
..\..\world\generic\nightelf\passivedoodads\lamps\kalidarstreetlamp02.m2;18688.77734375;106.92754364013672;14783.6298828125;0;290.5;0;;1;496532;m2;198777;0;
..\..\world\generic\nightelf\passivedoodads\lamps\kalidarstreetlamp02.m2;18729.9921875;136.091064453125;14631.2353515625;0;0;0;;1;390941;m2;198777;0;
..\..\world\generic\nightelf\passivedoodads\lamps\kalidarstreetlamp02.m2;18737.513671875;144.16574096679688;14659.6796875;0;0;0;;1;390942;m2;198777;0;
..\..\world\generic\nightelf\passivedoodads\lamps\kalidarstreetlamp02.m2;18769.623046875;151.44094848632812;14683.193359375;0;18;0;;1;390944;m2;198777;0;
..\..\world\generic\nightelf\passivedoodads\lamps\kalidarstreetlamp02.m2;18777.470703125;152.58438110351562;14659.9521484375;0;275.5;0;;1;390945;m2;198777;0;
..\..\world\generic\nightelf\passivedoodads\lamps\kalidarstreetlamp02.m2;18727.498046875;125.643798828125;14751.8359375;0;334;0;;1;496530;m2;198777;0;
..\..\world\generic\nightelf\passivedoodads\lamps\kalidarstreetlamp02.m2;18684.44921875;107.64869689941406;14769.232421875;0;291.5;0;;1;496531;m2;198777;0;
..\..\world\generic\nightelf\passivedoodads\lamps\kalidarstreetlamp02.m2;18728.033203125;138.13717651367188;14697.0986328125;0;339.5;0;;1;572849;m2;198777;0;
..\..\world\generic\nightelf\passivedoodads\lamps\kalidarstreetlamp02.m2;18728.982421875;128.2352752685547;14721.177734375;0;279.5;0;;1;572850;m2;198777;0;
..\..\world\kalimdor\kalidar\passivedoodads\kalidarbushes\kalidarbush04.m2;18887.193359375;133.915283203125;14604.6484375;0;237.41079711914062;0;;0.9814453125;572892;m2;202024;0;
..\..\world\kalimdor\kalidar\passivedoodads\kalidarbushes\kalidarbush04.m2;18938.171875;68.6491470336914;14748.8935546875;0;66;0;;1;260077;m2;202024;0;
..\..\world\kalimdor\kalidar\passivedoodads\kalidarbushes\kalidarbush04.m2;18886.80859375;68.99102783203125;14791.0185546875;0;337.5;0;;1;260113;m2;202024;0;
..\..\world\kalimdor\kalidar\passivedoodads\kalidarbushes\kalidarbush04.m2;18837.12890625;107.9732437133789;14844.6015625;0;338;0;;1;260398;m2;202024;0;
..\..\world\kalimdor\kalidar\passivedoodads\kalidarbushes\kalidarbush04.m2;18748.759765625;131.2194061279297;14629.037109375;0;7.5;0;;1.119140625;390958;m2;202024;0;
..\..\world\kalimdor\kalidar\passivedoodads\kalidarbushes\kalidarbush04.m2;18742.52734375;131.14047241210938;14613.228515625;0;7.5;0;;1.119140625;390959;m2;202024;0;
..\..\world\kalimdor\kalidar\passivedoodads\kalidarbushes\kalidarbush04.m2;18896.408203125;89.92303466796875;14852.005859375;0;338.5;0;;1;260128;m2;202024;0;
..\..\world\kalimdor\kalidar\passivedoodads\kalidarbushes\kalidarbush04.m2;18939.166015625;68.25;14746.669921875;0;0;0;;1.2099609375;260076;m2;202024;0;
..\..\world\kalimdor\kalidar\passivedoodads\kalidarbushes\kalidarbush04.m2;18788.30078125;151.48117065429688;14512.0615234375;0;0;0;;1.2099609375;260565;m2;202024;0;
..\..\world\kalimdor\kalidar\passivedoodads\kalidarbushes\kalidarbush04.m2;18966.56640625;79.76954650878906;14897.826171875;0;108;0;;1;260135;m2;202024;0;
..\..\world\kalimdor\kalidar\passivedoodads\kalidarbushes\kalidarbush04.m2;18995.568359375;69.8501968383789;14798.8740234375;0;0;0;;1.19921875;260082;m2;202024;0;
..\..\world\kalimdor\kalidar\passivedoodads\kalidarbushes\kalidarbush04.m2;18968.052734375;80.12088012695312;14898.884765625;0;0;0;;1.189453125;260134;m2;202024;0;
..\..\world\azeroth\elwynn\passivedoodads\detail\elwynnseaweed01\elwynnseaweed01.m2;19138.419921875;90.05709838867188;14918.201171875;0;25.93951416015625;0;;1.32421875;318579;m2;189772;0;
..\..\world\kalimdor\kalidar\passivedoodads\kalidarbushes\kalidarbush04.m2;18982.939453125;67.98760986328125;14765.615234375;0;0;0;;1.1796875;260080;m2;202024;0;
..\..\world\kalimdor\kalidar\passivedoodads\kalidarbushes\kalidarbush04.m2;18843.54296875;140.8523406982422;14577.083984375;0;0;0;;1.1796875;260451;m2;202024;0;
..\..\world\kalimdor\kalidar\passivedoodads\kalidarbushes\kalidarbush04.m2;18908.5234375;128.2480010986328;14649.638671875;0;345.5;0;;1;279936;m2;202024;0;
..\..\world\kalimdor\kalidar\passivedoodads\kalidarbushes\kalidarbush04.m2;18898.123046875;88.55961608886719;14850.2177734375;0;0;0;;1.1494140625;260127;m2;202024;0;
..\..\world\kalimdor\kalidar\passivedoodads\kalidarbushes\kalidarbush04.m2;18789.76953125;114.76830291748047;14854.607421875;0;12;0;;1;260399;m2;202024;0;
..\..\world\azeroth\elwynn\passivedoodads\detail\elwynnseaweed01\elwynnseaweed01.m2;19170.5625;92.90312194824219;14900.2392578125;0;347.7828369140625;0;;1.263671875;318577;m2;189772;0;
..\..\world\kalimdor\kalidar\passivedoodads\kalidarbushes\kalidarbush04.m2;18907.720703125;189.02670288085938;14397.591796875;0;54;0;;0.869140625;250677;m2;202024;0;
..\..\world\kalimdor\kalidar\passivedoodads\kalidarbushes\kalidarbush04.m2;18900.470703125;125.41899871826172;14667.26171875;0;81;0;;1;260611;m2;202024;0;
..\..\world\kalimdor\kalidar\passivedoodads\kalidarbushes\kalidarbush04.m2;18839.720703125;124.00789642333984;14701.6484375;0;7;0;;1;260410;m2;202024;0;
..\..\world\kalimdor\kalidar\passivedoodads\kalidarbushes\kalidarbush04.m2;18715.23046875;160.36029052734375;14484.0048828125;0;0;0;;1.0791015625;260665;m2;202024;0;
..\..\world\azeroth\elwynn\passivedoodads\detail\elwynnseaweed01\elwynnseaweed01.m2;19196.619140625;92.60091400146484;14874.3447265625;0;96.254150390625;0;;1.2001953125;318575;m2;189772;0;
..\..\world\kalimdor\kalidar\passivedoodads\kalidarbushes\kalidarbush04.m2;18807.220703125;112.09024810791016;14796.712890625;0;41;0;;0.8193359375;286265;m2;202024;0;
..\..\world\kalimdor\kalidar\passivedoodads\kalidarbushes\kalidarbush04.m2;18779.6484375;153.8331756591797;14641.951171875;0;34.5;0;;0.8193359375;260580;m2;202024;0;
..\..\world\kalimdor\kalidar\passivedoodads\kalidarbushes\kalidarbush04.m2;18795;112.98681640625;14816.3984375;-5.499999046325684;0;-12.999999046325684;;0.939453125;260155;m2;202024;0;
..\..\world\kalimdor\kalidar\passivedoodads\kalidarbushes\kalidarbush04.m2;18890.310546875;73.16778564453125;14748.0205078125;14.999999046325684;359;-3.000000238418579;;1;260106;m2;202024;0;
..\..\world\kalimdor\kalidar\passivedoodads\kalidarbushes\kalidarbush04.m2;18737.142578125;143.09483337402344;14658.9892578125;0;358.5;0;;1.01953125;390955;m2;202024;0;
..\..\world\kalimdor\kalidar\passivedoodads\kalidarbushes\kalidarbush04.m2;18730.55078125;135.59315490722656;14631.775390625;0;358.5;0;;1.01953125;390956;m2;202024;0;
..\..\world\kalimdor\kalidar\passivedoodads\kalidarbushes\kalidarbush04.m2;18750.32421875;130.3426971435547;14627.1728515625;0;358.5;0;;1.01953125;390957;m2;202024;0;
..\..\world\kalimdor\kalidar\passivedoodads\kalidarbushes\kalidarbush04.m2;19041.306640625;156.4215545654297;14400.263671875;0;320.5;0;;0.7998046875;279872;m2;202024;0;
..\..\world\kalimdor\kalidar\passivedoodads\kalidarbushes\kalidarbush04.m2;18667.31640625;80.1048355102539;14931.4423828125;0;0;0;;1;259377;m2;202024;0;
..\..\world\kalimdor\kalidar\passivedoodads\kalidarbushes\kalidarbush04.m2;18721.494140625;87.80668640136719;14852.0927734375;0;0;0;;1;259386;m2;202024;0;
..\..\world\kalimdor\kalidar\passivedoodads\kalidarbushes\kalidarbush04.m2;18686.20703125;85.64451599121094;14822.0673828125;0;0;0;;1;259397;m2;202024;0;
..\..\world\kalimdor\kalidar\passivedoodads\kalidarbushes\kalidarbush04.m2;18735.673828125;124.0625228881836;14783.1572265625;0;0;0;;1;259710;m2;202024;0;
..\..\world\kalimdor\kalidar\passivedoodads\kalidarbushes\kalidarbush04.m2;18734.361328125;125.3399429321289;14786.1611328125;0;0;0;;1;259712;m2;202024;0;
..\..\world\kalimdor\kalidar\passivedoodads\kalidarbushes\kalidarbush04.m2;18738.197265625;124.7340087890625;14768.6552734375;0;0;0;;1;259715;m2;202024;0;
..\..\world\kalimdor\kalidar\passivedoodads\kalidarbushes\kalidarbush04.m2;18686.626953125;137.19586181640625;14684.728515625;0;0;0;;1;259744;m2;202024;0;
..\..\world\kalimdor\kalidar\passivedoodads\kalidarbushes\kalidarbush04.m2;18948.0234375;67.95950317382812;14745.5498046875;0;0;0;;1;260078;m2;202024;0;
..\..\world\kalimdor\kalidar\passivedoodads\kalidarbushes\kalidarbush04.m2;18974.830078125;70.86573791503906;14752.7978515625;0;0;0;;1;260079;m2;202024;0;
..\..\world\kalimdor\kalidar\passivedoodads\kalidarbushes\kalidarbush04.m2;18996.603515625;75.00350189208984;14766.7890625;0;0;0;;1;260081;m2;202024;0;
..\..\world\kalimdor\kalidar\passivedoodads\kalidarbushes\kalidarbush04.m2;18997.986328125;70.75621032714844;14786.7802734375;0;0;0;;1;260084;m2;202024;0;
..\..\world\kalimdor\kalidar\passivedoodads\kalidarbushes\kalidarbush04.m2;18979.109375;71.36597442626953;14751.6572265625;0;0;0;;1;260098;m2;202024;0;
..\..\world\kalimdor\kalidar\passivedoodads\kalidarbushes\kalidarbush04.m2;18887.912109375;70.05661010742188;14799.1748046875;0;0;0;;1;260120;m2;202024;0;
..\..\world\kalimdor\kalidar\passivedoodads\kalidarbushes\kalidarbush04.m2;18894.423828125;90.25823974609375;14847.4990234375;0;0;0;;1;260126;m2;202024;0;
..\..\world\kalimdor\kalidar\passivedoodads\kalidarbushes\kalidarbush04.m2;18914.26171875;88.93283081054688;14860.3330078125;0;0;0;;1;260137;m2;202024;0;
..\..\world\kalimdor\kalidar\passivedoodads\kalidarbushes\kalidarbush04.m2;18912.8359375;78.69981384277344;14812.0302734375;0;0;0;;1;260142;m2;202024;0;
..\..\world\kalimdor\kalidar\passivedoodads\kalidarbushes\kalidarbush04.m2;18950.173828125;71.76907348632812;14816.80859375;0;0;0;;1;260145;m2;202024;0;
..\..\world\kalimdor\kalidar\passivedoodads\kalidarbushes\kalidarbush04.m2;18834.650390625;113.46576690673828;14816.2373046875;0;0;0;;1;260396;m2;202024;0;
..\..\world\kalimdor\kalidar\passivedoodads\kalidarbushes\kalidarbush04.m2;18833.251953125;113.11105346679688;14806.1123046875;0;0;0;;1;260397;m2;202024;0;
..\..\world\kalimdor\kalidar\passivedoodads\kalidarbushes\kalidarbush04.m2;18823.265625;122.1376724243164;14734.9208984375;0;0;0;;1;260403;m2;202024;0;
..\..\world\kalimdor\kalidar\passivedoodads\kalidarbushes\kalidarbush04.m2;18823.8828125;133.18698120117188;14564.599609375;0;0;0;;1;260453;m2;202024;0;
..\..\world\kalimdor\kalidar\passivedoodads\kalidarbushes\kalidarbush04.m2;18782.8125;147.5181427001953;14542.1357421875;0;0;0;;1;260560;m2;202024;0;
..\..\world\kalimdor\kalidar\passivedoodads\kalidarbushes\kalidarbush04.m2;18779.244140625;148.99786376953125;14534.44921875;0;0;0;;1;260564;m2;202024;0;
..\..\world\kalimdor\kalidar\passivedoodads\kalidarbushes\kalidarbush04.m2;18679.138671875;201.8910675048828;14406.681640625;0;0;0;;1;260626;m2;202024;0;
..\..\world\kalimdor\kalidar\passivedoodads\kalidarbushes\kalidarbush04.m2;18799.337890625;183.0543975830078;14420.6474609375;0;0;0;;1;269065;m2;202024;0;
..\..\world\kalimdor\kalidar\passivedoodads\kalidarbushes\kalidarbush04.m2;18955.564453125;152.0657958984375;14475.7998046875;0;0;0;;1;269185;m2;202024;0;
..\..\world\kalimdor\kalidar\passivedoodads\kalidarbushes\kalidarbush04.m2;18897.888671875;155.72357177734375;14501.0625;0;0;0;;1;269189;m2;202024;0;
..\..\world\kalimdor\kalidar\passivedoodads\kalidarbushes\kalidarbush04.m2;18879.880859375;149.65916442871094;14522.77734375;0;0;0;;1;269191;m2;202024;0;
..\..\world\kalimdor\kalidar\passivedoodads\kalidarbushes\kalidarbush04.m2;18876.33984375;191.24456787109375;14412.2265625;0;0;0;;1;269196;m2;202024;0;
..\..\world\kalimdor\kalidar\passivedoodads\kalidarbushes\kalidarbush04.m2;18883.21875;191.30262756347656;14410.994140625;0;0;0;;1;269197;m2;202024;0;
..\..\world\kalimdor\kalidar\passivedoodads\kalidarbushes\kalidarbush04.m2;18826.21875;187.7423858642578;14409.7861328125;0;0;0;;1;269207;m2;202024;0;
..\..\world\azeroth\duskwood\passivedoodads\bush\duskwoodbush06.m2;19178.408203125;197.2766876220703;14468.49609375;0;0;0;;1;275497;m2;189400;0;
..\..\world\kalimdor\kalidar\passivedoodads\kalidarbushes\kalidarbush04.m2;19083.7734375;143.10025024414062;14584.6904296875;0;0;0;;1;279068;m2;202024;0;
..\..\world\kalimdor\kalidar\passivedoodads\kalidarbushes\kalidarbush04.m2;19072.205078125;106.35932922363281;14876.9609375;0;0;0;;1;279184;m2;202024;0;
..\..\world\kalimdor\kalidar\passivedoodads\kalidarbushes\kalidarbush04.m2;19143.244140625;107.75700378417969;14815.1171875;0;0;0;;1;279194;m2;202024;0;
..\..\world\kalimdor\kalidar\passivedoodads\kalidarbushes\kalidarbush04.m2;19170.669921875;120.1095962524414;14750.7685546875;0;0;0;;1;279207;m2;202024;0;
..\..\world\kalimdor\kalidar\passivedoodads\kalidarbushes\kalidarbush04.m2;19176.30859375;115.31941986083984;14768.8896484375;0;0;0;;1;279208;m2;202024;0;
..\..\world\kalimdor\kalidar\passivedoodads\kalidarbushes\kalidarbush04.m2;18886.916015625;125.71135711669922;14652.8984375;0;0;0;;1;279861;m2;202024;0;
..\..\world\kalimdor\kalidar\passivedoodads\kalidarbushes\kalidarbush04.m2;18914.001953125;137.46881103515625;14563.755859375;0;0;0;;1;279864;m2;202024;0;
..\..\world\kalimdor\kalidar\passivedoodads\kalidarbushes\kalidarbush04.m2;18908.171875;138.3172149658203;14561.87109375;0;0;0;;1;279866;m2;202024;0;
..\..\world\kalimdor\kalidar\passivedoodads\kalidarbushes\kalidarbush04.m2;18885.392578125;125.67941284179688;14654.1728515625;0;301;0;;0.76953125;279862;m2;202024;0;
..\..\world\kalimdor\kalidar\passivedoodads\kalidarbushes\kalidarbush04.m2;18786.068359375;153.76516723632812;14688.3203125;0;274.60455322265625;0;;0.9208984375;572857;m2;202024;0;
..\..\world\generic\nightelf\passivedoodads\stonerunes\kalidarstonerune02.m2;18943.310546875;66.99047088623047;14747.9365234375;11;50.5;3.000000238418579;;1;250434;m2;198950;0;
..\..\world\kalimdor\kalidar\passivedoodads\kalidarbushes\kalidarbush04.m2;18909.158203125;190.2287139892578;14409.1982421875;-2;323.5;8.500000953674316;;0.689453125;250682;m2;202024;0;
..\..\world\kalimdor\kalidar\passivedoodads\kalidarbushes\kalidarbush04.m2;18709.173828125;136.79400634765625;14693.9267578125;0;356.5;0;;0.8798828125;565186;m2;202024;0;
..\..\world\kalimdor\kalidar\passivedoodads\kalidarbushes\kalidarbush04.m2;18776.689453125;152.919677734375;14659.318359375;0;310;0;;0.69921875;390951;m2;202024;0;
..\..\world\kalimdor\kalidar\passivedoodads\kalidarbushes\kalidarbush04.m2;18754.548828125;122.0898666381836;14772.259765625;0;0;0;;0.8994140625;259729;m2;202024;0;
..\..\world\kalimdor\kalidar\passivedoodads\kalidarbushes\kalidarbush04.m2;18902.580078125;82.84113311767578;14833.1015625;0;0;0;;0.8994140625;260122;m2;202024;0;
..\..\world\kalimdor\kalidar\passivedoodads\kalidarbushes\kalidarbush04.m2;18770.62890625;151.65020751953125;14683.380859375;0;34.5;0;;0.69921875;390952;m2;202024;0;
..\..\world\generic\satyr\passivedoodads\tents\satyrtent02.m2;19189.517578125;201.2147979736328;14564.1240234375;0;95;0;;1;276065;m2;200355;0;
..\..\world\generic\nightelf\passivedoodads\stonerunes\kalidarstonerune02.m2;19180.79296875;197.88986206054688;14428.9013671875;0;131;0;;1;277350;m2;198950;0;
..\..\world\kalimdor\kalidar\passivedoodads\kalidarbushes\kalidarbush04.m2;18753.34375;122.49461364746094;14770.5703125;0;0;0;;0.8798828125;259730;m2;202024;0;
..\..\world\azeroth\elwynn\passivedoodads\detail\elwynnseaweed01\elwynnseaweed01.m2;19133.892578125;90.63674926757812;14934.404296875;0;193.20046997070312;0;;0.982421875;318580;m2;189772;0;
..\..\world\kalimdor\kalidar\passivedoodads\kalidarbushes\kalidarbush04.m2;18711.529296875;137.6854248046875;14692.7666015625;0;356.5;0;;0.8291015625;565185;m2;202024;0;
..\..\world\kalimdor\kalidar\passivedoodads\kalidarbushes\kalidarbush04.m2;18848.982421875;103.53044128417969;14874.869140625;0;0;0;;0.849609375;259694;m2;202024;0;
..\..\world\kalimdor\kalidar\passivedoodads\kalidarbushes\kalidarbush04.m2;18911.802734375;189.1354217529297;14405.220703125;0;0;0;;0.83984375;250679;m2;202024;0;
..\..\world\kalimdor\kalidar\passivedoodads\kalidarbushes\kalidarbush04.m2;18680.482421875;125.2529067993164;14727.5078125;0.0000029882078251830535;264;11.00000286102295;;0.7099609375;259780;m2;202024;0;
..\..\world\azeroth\elwynn\passivedoodads\detail\elwynnseaweed01\elwynnseaweed01.m2;19171.63671875;92.71163940429688;14891.5478515625;0;35.9373779296875;0;;0.9208984375;318578;m2;189772;0;
..\..\world\kalimdor\kalidar\passivedoodads\kalidarbushes\kalidarbush04.m2;18796.091796875;112.57657623291016;14817.8642578125;0;0;0;;0.8193359375;260154;m2;202024;0;
..\..\world\kalimdor\kalidar\passivedoodads\kalidarbushes\kalidarbush04.m2;18837.2734375;119.12222290039062;14732.7578125;0;0;0;;0.8193359375;279859;m2;202024;0;
..\..\world\azeroth\burningsteppes\passivedoodads\orctoolrackburningsteppes\orctoolrackburningsteppes.m2;19198.15234375;201.78976440429688;14579.0029296875;0;111;0;;1;276094;m2;189204;0;
..\..\world\kalimdor\felwood\passivedoodads\felwoodmushrooms\felwoodmushroom02.m2;19176.544921875;200.42654418945312;14560.384765625;0;0;0;;1.6591796875;275469;m2;201860;0;
..\..\world\kalimdor\kalidar\passivedoodads\kalidarbushes\kalidarbush04.m2;18682.345703125;125.30264282226562;14728.3134765625;0;0;0;;0.779296875;259778;m2;202024;0;
..\..\world\kalimdor\kalidar\passivedoodads\kalidarbushes\kalidarbush04.m2;18739.416015625;123.98712921142578;14759.8935546875;0;0;0;;0.779296875;496528;m2;202024;0;
..\..\world\kalimdor\kalidar\passivedoodads\kalidarbushes\kalidarbush04.m2;18984.185546875;148.4380340576172;14490.04296875;0;0;0;;0.75;279868;m2;202024;0;
..\..\world\kalimdor\kalidar\passivedoodads\kalidarbushes\kalidarbush04.m2;18909.95703125;189.40087890625;14405.36328125;0;318.5;0;;0.5791015625;250681;m2;202024;0;
..\..\world\kalimdor\kalidar\passivedoodads\kalidarbushes\kalidarbush04.m2;18836.7578125;119.00013732910156;14734.509765625;0;309.5;0;;0.5693359375;279860;m2;202024;0;
..\..\world\kalimdor\kalidar\passivedoodads\kalidarbushes\kalidarbush04.m2;18847.65625;103.438232421875;14875.7109375;0;72;0;;0.58984375;259695;m2;202024;0;
..\..\world\kalimdor\kalidar\passivedoodads\kalidarbushes\kalidarbush04.m2;18910.361328125;189.55709838867188;14406.4677734375;0;15;0;;0.5791015625;250680;m2;202024;0;
..\..\world\kalimdor\kalidar\passivedoodads\kalidarbushes\kalidarbush04.m2;18985.53125;148.50732421875;14490.51953125;0;0;0;;0.6591796875;279867;m2;202024;0;
..\..\world\generic\nightelf\passivedoodads\furniture\stonebench01.m2;18776.083984375;152.7561492919922;14697.7490234375;0;229;0;;0.7197265625;572862;m2;198757;0;
..\..\world\generic\nightelf\passivedoodads\pottery\elvenpottery03.m2;18774.416015625;152.9669189453125;14700.068359375;-5.5;0;0;;1;572863;m2;198803;0;
..\..\world\kalimdor\felwood\passivedoodads\felwoodmushrooms\felwoodmushroom02.m2;19197.755859375;202.5207061767578;14589.5146484375;0;330.5;0;;1;275471;m2;201860;0;
..\..\world\kalimdor\felwood\passivedoodads\felwoodmushrooms\felwoodmushroom02.m2;19198.30859375;202.2218780517578;14588.3935546875;0;64;0;;1;275472;m2;201860;0;
..\..\world\kalimdor\felwood\passivedoodads\felwoodmushrooms\felwoodmushroom02.m2;19175.787109375;200.14564514160156;14558.599609375;0;114.5;0;;1;275470;m2;201860;0;
..\..\world\kalimdor\felwood\passivedoodads\felwoodmushrooms\felwoodmushroom02.m2;19198.75;201.52879333496094;14574.57421875;0;69;0;;1;275523;m2;201860;0;
..\..\world\generic\nightelf\passivedoodads\pottery\elvenpottery01.m2;18768.17578125;151.0264434814453;14683.49609375;0;0;0;;1;572860;m2;198801;0;
..\..\world\generic\nightelf\passivedoodads\pottery\elvenpottery01.m2;18689.63671875;107.46173858642578;14783.2333984375;0;0;0;;1;496540;m2;198801;0;
..\..\world\critter\fireflies\fireflies01.m2;19198.919921875;197.56881713867188;14458.46875;0;112;0;;1;277343;m2;190731;0;
..\..\world\generic\nightelf\passivedoodads\gardenbenches\gardenbench01.m2;18773.939453125;153.0865936279297;14655.212890625;0;331.5;0;;1;572866;m2;198758;0;
..\..\world\azeroth\elwynn\passivedoodads\detail\elwynnseaweed01\elwynnseaweed01.m2;19189.322265625;94.28089141845703;14889.5634765625;0;329.64385986328125;0;;0.5263671875;318576;m2;189772;0;
..\..\world\generic\nightelf\passivedoodads\pottery\elvenpottery04.m2;18766.68359375;150.6591033935547;14683.0830078125;0;0;0;;1;572859;m2;198804;0;
..\..\world\generic\nightelf\passivedoodads\tables\elvenwoodentable01.m2;18773.4375;153.0759735107422;14657.08984375;-0.9999998807907104;0;-3;;1.01953125;572864;m2;198952;0;
..\..\world\generic\nightelf\passivedoodads\gardenbenches\gardenbench01.m2;18773.37890625;152.99209594726562;14658.80859375;0;0;0;;1;572865;m2;198758;0;
..\..\world\critter\fireflies\fireflies01.m2;19180.458984375;200.00962829589844;14453.2333984375;0;0;0;;1;277342;m2;190731;0;
..\..\world\azeroth\elwynn\passivedoodads\detail\elwynnmushroom01\elwynnmushroom01.m2;19179.55078125;197.72610473632812;14450.6259765625;0;268;0;;1.689453125;277346;m2;189761;0;
..\..\world\kalimdor\barrens\passivedoodads\kodoeggs\kodoegg02.m2;19200.42578125;201.764404296875;14586.7373046875;0;155.5;0;;0.5791015625;276078;m2;201376;0;
..\..\world\generic\ogre\passivedoodads\torches\ogrewalltorchgreen.m2;19179.560546875;199.08200073242188;14453.2998046875;0;322;0;;1;275515;m2;199036;0;
..\..\world\generic\ogre\passivedoodads\torches\ogrewalltorchgreen.m2;19199.787109375;196.40496826171875;14459.3935546875;0;45;0;;1;275516;m2;199036;0;
..\..\world\generic\nightelf\passivedoodads\pottery\elvenpottery02.m2;18761.66015625;150.8975372314453;14661.9921875;0;0;0;;1;572861;m2;198802;0;
..\..\world\generic\nightelf\passivedoodads\pottery\elvenpottery02.m2;18689.388671875;107.37962341308594;14784.3271484375;0;0;0;;1;496539;m2;198802;0;
..\..\world\generic\nightelf\passivedoodads\magicalimplements\nemagicimplement04.m2;18773.4609375;154.9701690673828;14657.0498046875;0;273.5;0;;1;572867;m2;198788;0;
..\..\world\azeroth\elwynn\passivedoodads\detail\elwynnmushroom01\elwynnmushroom01.m2;18752.48046875;130.72569274902344;14625.5205078125;0;304;0;;1;390962;m2;189761;0;
..\..\world\generic\satyr\passivedoodads\container\satyrcontainer01.m2;19200.1171875;201.928466796875;14580.4365234375;3.999988555908203;97.5;-90.5000228881836;;1;276074;m2;200350;0;
..\..\world\generic\satyr\passivedoodads\container\satyrcontainer01.m2;19199.916015625;201.7262725830078;14581.3671875;0;0;0;;1;276073;m2;200350;0;
..\..\world\azeroth\elwynn\passivedoodads\detail\elwynnmushroom01\elwynnmushroom01.m2;18783.7265625;153.49290466308594;14644.5966796875;0;285.5;0;;1;390947;m2;189761;0;
..\..\world\generic\satyr\passivedoodads\container\satyrcontainer02.m2;19199.2421875;201.717041015625;14580.82421875;0;0;0;;1;276075;m2;200351;0;
..\..\world\azeroth\elwynn\passivedoodads\detail\elwynnmushroom01\elwynnmushroom01.m2;19180.310546875;197.79937744140625;14451.6640625;0;0;0;;1;277345;m2;189761;0;
..\..\world\azeroth\elwynn\passivedoodads\detail\elwynnmushroom01\elwynnmushroom01.m2;19180.7265625;197.6849822998047;14450.6484375;0;0;0;;1;277347;m2;189761;0;
..\..\world\azeroth\elwynn\passivedoodads\detail\elwynnmushroom01\elwynnmushroom01.m2;18784.42578125;153.537353515625;14645.0458984375;0;0;0;;1;390946;m2;189761;0;
..\..\world\azeroth\elwynn\passivedoodads\detail\elwynnmushroom01\elwynnmushroom01.m2;18782.98828125;153.6026153564453;14645.5205078125;0;0;0;;1;390948;m2;189761;0;
..\..\world\azeroth\elwynn\passivedoodads\detail\elwynnmushroom01\elwynnmushroom01.m2;18784.58984375;153.5921173095703;14646.931640625;0;0;0;;1;390949;m2;189761;0;
..\..\world\azeroth\elwynn\passivedoodads\detail\elwynnmushroom01\elwynnmushroom01.m2;18778.3515625;153.7250518798828;14643.197265625;0;0;0;;1;390950;m2;189761;0;
..\..\world\azeroth\elwynn\passivedoodads\detail\elwynnmushroom01\elwynnmushroom01.m2;18752.5859375;130.6791534423828;14624.2353515625;0;0;0;;1;390961;m2;189761;0;
..\..\world\azeroth\elwynn\passivedoodads\detail\elwynnmushroom01\elwynnmushroom01.m2;18753.283203125;130.69000244140625;14624.810546875;0;0;0;;1;390963;m2;189761;0;
..\..\world\generic\nightelf\passivedoodads\bowls\nightelfbowl.m2;18804.580078125;112.61070251464844;14797.6123046875;5.500000476837158;299.5;-11.000000953674316;;0.1591796875;293657;m2;198741;0;
..\..\world\azeroth\theblastedlands\passivedoodads\bones\blastedlandsspine01.m2;19199.630859375;201.6787567138672;14577.134765625;0;0;0;;1;276099;m2;190441;0;
..\..\world\azeroth\theblastedlands\passivedoodads\bones\blastedlandsbonepile03.m2;19198.560546875;201.6721954345703;14576.9541015625;0;93;0;;1;276097;m2;190438;0;
..\..\world\azeroth\theblastedlands\passivedoodads\bones\blastedlandsbonepile03.m2;19199.068359375;201.76284790039062;14577.77734375;0;0;0;;1;276096;m2;190438;0;
..\..\world\generic\orc\passivedoodads\jars\jarorc06.m2;19198.748046875;201.69168090820312;14577.4091796875;0;0;0;;1;276095;m2;199184;0;
..\..\world\generic\orc\passivedoodads\animalskulls\tigerskull.m2;18886.7265625;125.88819885253906;14655.2421875;0;0;0;;1;279863;m2;199054;0;
..\..\world\azeroth\elwynn\passivedoodads\battlegladeskullhuman2\battlegladeskullhuman2.m2;18751.654296875;130.61692810058594;14624.8427734375;-36.5;200.5;47.5;;1.4697265625;390964;m2;189684;0;
..\..\world\azeroth\theblastedlands\passivedoodads\bones\blastedlandsbone01.m2;19198.4921875;201.8264617919922;14577.9228515625;0;97.5;0;;1;276098;m2;190436;0;
..\..\world\wmo\dungeon\md_caveden\md_mushroomden.wmo;18961.8671875;71.3767318725586;14747.2109375;0;341;0;0;1;250424;wmo;110497;0;Set_$DefaultGlobal
..\..\world\wmo\kalimdor\buildings\nightelfdruidtower\nightelfdruidtower.wmo;18953.943359375;188.3627471923828;14358.7099609375;0;332.5;0;0;1;250674;wmo;112848;0;Set_$DefaultGlobal
..\..\world\wmo\kalimdor\buildings\nightelfguardtower\nightelfguardtower.wmo;18793.505859375;150.03707885742188;14664.447265625;0;104.50003051757812;0;0;1;390931;wmo;112854;0;Set_$DefaultGlobal
..\..\world\wmo\kalimdor\buildings\nightelfmoonwell\nightelfmoonwellornate.wmo;18786.1484375;154.46182250976562;14696.3291015625;0;243;0;0;1;572841;wmo;112877;0;Set_$DefaultGlobal
