ModelFile;PositionX;PositionY;PositionZ;RotationX;RotationY;RotationZ;RotationW;ScaleFactor;ModelId;Type;FileDataID;DoodadSetIndexes;DoodadSetNames
..\..\world\kalimdor\winterspring\passivedoodads\trees\newwinterspringtree02.m2;21675.48046875;717.67041015625;10595.96875;0;324.8426818847656;0;;1;354745;m2;202858;0;
..\..\world\kalimdor\winterspring\passivedoodads\trees\newwinterspringtree02.m2;21783.703125;700.219482421875;10091.203125;0;324.8426818847656;0;;1;481865;m2;202858;0;
..\..\world\kalimdor\winterspring\passivedoodads\trees\newwinterspringtree02.m2;21930.880859375;708.6433715820312;10678.517578125;0;239.54220581054688;0;;1;354750;m2;202858;0;
..\..\world\khazmodan\ironforge\passivedoodads\trees\wintermidtree03.m2;21436.796875;723.3977661132812;10192.0244140625;0;152.5;0;;1;351530;m2;203278;0;
..\..\world\critter\birds\bird02.m2;21396.84765625;738.4146728515625;10250.2373046875;0;24;0;;1.4599609375;351553;m2;190720;0;
..\..\world\khazmodan\ironforge\passivedoodads\trees\wintertree05.m2;21384.328125;716.6824340820312;10307.962890625;0;341;0;;1;343967;m2;203290;0;
..\..\world\khazmodan\ironforge\passivedoodads\trees\wintertree05.m2;21576.53515625;707.5499877929688;10535.3828125;0;0;0;;1;357268;m2;203290;0;
..\..\world\kalimdor\winterspring\passivedoodads\winterspringtrees\winterspringtree03.m2;21391.615234375;713.837890625;10356.36328125;0;344;0;;1;343969;m2;202878;0;
..\..\world\kalimdor\winterspring\passivedoodads\winterspringtrees\winterspringtree03.m2;21616.794921875;718.927490234375;10328.3447265625;0;0;0;;1;351540;m2;202878;0;
..\..\world\kalimdor\winterspring\passivedoodads\winterspringtrees\winterspringtree03.m2;21568.416015625;736.3674926757812;10218.279296875;0;0;0;;1;351541;m2;202878;0;
..\..\world\kalimdor\winterspring\passivedoodads\winterspringtrees\winterspringtree03.m2;21687.265625;702.3883666992188;10180.712890625;0;0;0;;1;355501;m2;202878;0;
..\..\world\kalimdor\winterspring\passivedoodads\winterspringtrees\winterspringtree03.m2;21555.638671875;711.4681396484375;10550.01171875;0;359.5;0;;1;357269;m2;202878;0;
..\..\world\kalimdor\winterspring\passivedoodads\winterspringtrees\winterspringtree02.m2;21488.818359375;716.8348388671875;10387.357421875;0;307;0;;1;351536;m2;202877;0;
..\..\world\kalimdor\winterspring\passivedoodads\winterspringtrees\winterspringtree02.m2;21332.890625;708.2892456054688;10339.275390625;0;0;0;;1;343971;m2;202877;0;
..\..\world\khazmodan\ironforge\passivedoodads\trees\wintermidtree03.m2;21424.505859375;710.9983520507812;10438.462890625;0;0;0;;1;344026;m2;203278;0;
..\..\world\critter\birds\bird01.m2;21473.162109375;751.3968505859375;10267.734375;0;323.5;0;;1.19921875;348490;m2;190719;0;
..\..\world\kalimdor\winterspring\passivedoodads\winterspringtrees\winterspringtree03.m2;21861.9765625;697.0333251953125;10205.9140625;0;342.5;0;;0.8291015625;355482;m2;202878;0;
..\..\world\kalimdor\winterspring\passivedoodads\winterspringtrees\winterspringtree03.m2;21524.744140625;740.0889282226562;10662.015625;0;307.5;0;;0.7998046875;344038;m2;202878;0;
..\..\world\kalimdor\winterspring\passivedoodads\winterspringtrees\winterspringtree02.m2;21595.068359375;722.7405395507812;10333.16796875;0;333.5;0;;0.7998046875;351537;m2;202877;0;
..\..\world\critter\birds\bird02.m2;21727.78515625;742.8138427734375;10342.2607421875;0;15.5;0;;1;474659;m2;190720;0;
..\..\world\khazmodan\ironforge\passivedoodads\trees\wintertree04.m2;21416.328125;709.9734497070312;10437.013671875;-1;29;0;;1.369140625;344025;m2;203288;0;
..\..\world\khazmodan\ironforge\passivedoodads\trees\ironforgetree02.m2;21671.150390625;706.7604370117188;10184.138671875;0;0;0;;1.669921875;355497;m2;203260;0;
..\..\world\khazmodan\ironforge\passivedoodads\trees\wintertree01.m2;21427.521484375;704.6340942382812;10398.669921875;0;0;0;;1;344108;m2;203285;0;
..\..\world\critter\birds\bird01.m2;21345.89453125;767.9026489257812;10111.15234375;0;3.5;0;;1;353130;m2;190719;0;
..\..\world\critter\birds\bird01.m2;21360.0546875;779.9631958007812;10102.115234375;0;179;0;;1;348489;m2;190719;0;
..\..\world\critter\birds\bird02.m2;21770.990234375;733.10302734375;10356.4091796875;0;150;0;;1;474660;m2;190720;0;
..\..\world\khazmodan\ironforge\passivedoodads\trees\wintertree01.m2;21492.47265625;733.6331176757812;10669.080078125;0;235;0;;0.9697265625;344035;m2;203285;0;
..\..\world\khazmodan\ironforge\passivedoodads\trees\ironforgetree02.m2;21377.3359375;674.646728515625;10428.791015625;0;0;0;;1.5390625;347649;m2;203260;0;
..\..\world\kalimdor\winterspring\passivedoodads\winterspringtrees\winterspringtree03.m2;21770.3046875;696.40234375;10514.4853515625;0;45.17584228515625;0;;0.6796875;355955;m2;202878;0;
..\..\world\khazmodan\ironforge\passivedoodads\trees\ironforgetree02.m2;21582.328125;701.1161499023438;10466.267578125;0;316.5;0;;1.4697265625;357262;m2;203260;0;
..\..\world\khazmodan\ironforge\passivedoodads\trees\ironforgetree04.m2;21353.87890625;661.9224853515625;10547.86328125;0;16;0;;1.189453125;347621;m2;203262;0;
..\..\world\khazmodan\ironforge\passivedoodads\trees\ironforgetree02.m2;21488.05078125;734.9293823242188;10682.5087890625;0;336.5;0;;1.44921875;344042;m2;203260;0;
..\..\world\khazmodan\ironforge\passivedoodads\trees\ironforgetree02.m2;21811.373046875;700.760986328125;10541.611328125;0;33.65216064453125;0;;1.4296875;358549;m2;203260;0;
..\..\world\khazmodan\ironforge\passivedoodads\trees\ironforgetree02.m2;21557.08203125;732.0867919921875;10205.25;0;0;0;;1.4296875;351531;m2;203260;0;
..\..\world\khazmodan\ironforge\passivedoodads\trees\wintertree04.m2;21407.703125;665.8543090820312;10603.931640625;0;289.5;0;;1.1591796875;347629;m2;203288;0;
..\..\world\kalimdor\winterspring\passivedoodads\winterspringtrees\winterspringtree03.m2;21413.0859375;667.1553955078125;10610.12890625;0;343.5;0;;0.6494140625;348099;m2;202878;0;
..\..\world\khazmodan\ironforge\passivedoodads\trees\wintertree04.m2;21655.919921875;722.3690795898438;10582.888671875;0;359.5;0;;1.1494140625;358551;m2;203288;0;
..\..\world\kalimdor\winterspring\passivedoodads\winterspringfallentrees\winterspringfallentree01.m2;21366.373046875;717.4380493164062;10285.525390625;5;293;-5.500000953674316;;1;355940;m2;202873;0;
..\..\world\kalimdor\winterspring\passivedoodads\winterspringtrees\winterspringtree03.m2;21580.859375;735.6820678710938;10272.01953125;0;0;0;;0.6396484375;351542;m2;202878;0;
..\..\world\kalimdor\winterspring\passivedoodads\winterspringtrees\winterspringtree02.m2;21699.009765625;697.4068603515625;10473.830078125;0;2.509765625;0;;0.6396484375;355952;m2;202877;0;
..\..\world\khazmodan\ironforge\passivedoodads\trees\ironforgetree02.m2;21826.30078125;721.5636596679688;10607.541015625;0;252.23182678222656;0;;1.369140625;358550;m2;203260;0;
..\..\world\khazmodan\ironforge\passivedoodads\trees\wintertree01.m2;21663.884765625;709.60595703125;10168.65625;0;176;0;;0.8193359375;355498;m2;203285;0;
..\..\world\kalimdor\winterspring\passivedoodads\winterspringtrees\winterspringtree03.m2;21384.634765625;666.4332885742188;10667.927734375;0;5.5;0;;0.619140625;348097;m2;202878;0;
..\..\world\kalimdor\winterspring\passivedoodads\winterspringtrees\winterspringtree03.m2;21827.46875;721.0211181640625;10598.9873046875;0;155.66552734375;0;;0.609375;358833;m2;202878;0;
..\..\world\khazmodan\ironforge\passivedoodads\trees\ironforgetree02.m2;21445.609375;707.5487060546875;10397.2509765625;0;345;0;;1.2998046875;347663;m2;203260;0;
..\..\world\kalimdor\winterspring\passivedoodads\winterspringfallentrees\winterspringfallentree01.m2;21613.263671875;710.0833129882812;10132.6953125;-0.5000000596046448;3.230072021484375;3.999999523162842;;1;356000;m2;202873;0;
..\..\world\khazmodan\ironforge\passivedoodads\trees\ironforgetree02.m2;21405.0078125;664.7496337890625;10613.1171875;0;0;0;;1.2890625;347624;m2;203260;0;
..\..\world\khazmodan\ironforge\passivedoodads\trees\ironforgetree02.m2;21811.984375;699.1264038085938;10420.732421875;0;36.60418701171875;0;;1.2890625;358639;m2;203260;0;
..\..\world\khazmodan\ironforge\passivedoodads\trees\ironforgetree02.m2;21423.796875;675.9832153320312;10535.046875;0;0;0;;1.26953125;347662;m2;203260;0;
..\..\world\kalimdor\winterspring\passivedoodads\winterspringtrees\winterspringtree03.m2;21323.59375;705.9021606445312;10348.5;0;344;0;;0.5791015625;348100;m2;202878;0;
..\..\world\khazmodan\ironforge\passivedoodads\trees\ironforgetree04.m2;21846.8984375;697.5557250976562;10207.4453125;2.000000238418579;0;0.5;;1;355483;m2;203262;0;
..\..\world\khazmodan\ironforge\passivedoodads\trees\ironforgetree04.m2;21601.919921875;720.8521118164062;10340.8134765625;0;0;0;;1;351539;m2;203262;0;
..\..\world\khazmodan\ironforge\passivedoodads\trees\ironforgetree04.m2;21599.078125;722.1657104492188;10255.9453125;0;323.5;0;;1;351544;m2;203262;0;
..\..\world\khazmodan\ironforge\passivedoodads\trees\ironforgetree04.m2;21729.765625;705.8489990234375;10157.3369140625;0;0;0;;1;355496;m2;203262;0;
..\..\world\khazmodan\ironforge\passivedoodads\trees\ironforgetree04.m2;21857.55078125;709.5765991210938;10264.880859375;0;176.302978515625;0;;1;358602;m2;203262;0;
..\..\world\khazmodan\ironforge\passivedoodads\trees\ironforgetree02.m2;21692.671875;716.5924682617188;10565.3125;0;346.6220703125;0;;1.2294921875;358541;m2;203260;0;
..\..\world\khazmodan\ironforge\passivedoodads\trees\wintertree04.m2;21496.6875;728.4035034179688;10370.4775390625;0;326;0;;1.009765625;351533;m2;203288;0;
..\..\world\khazmodan\ironforge\passivedoodads\trees\wintertree04.m2;21424.890625;675.28662109375;10541.9296875;0;338;0;;1;343978;m2;203288;0;
..\..\world\khazmodan\ironforge\passivedoodads\trees\wintertree04.m2;21344.380859375;671.12890625;10400.7109375;0;0;0;;1;347654;m2;203288;0;
..\..\world\khazmodan\ironforge\passivedoodads\trees\wintertree04.m2;21574.17578125;702.4892578125;10493.947265625;0;0;0;;1;357267;m2;203288;0;
..\..\world\khazmodan\ironforge\passivedoodads\trees\wintertree04.m2;21419.693359375;667.7966918945312;10651.607421875;0;0;0;;1;347628;m2;203288;0;
..\..\world\khazmodan\ironforge\passivedoodads\trees\wintertree04.m2;21367.841796875;676.8704223632812;10421.1279296875;0;0;0;;1;347653;m2;203288;0;
..\..\world\khazmodan\ironforge\passivedoodads\trees\wintertree04.m2;21552.28125;746.5490112304688;10217.64453125;0;0;0;;1;351532;m2;203288;0;
..\..\world\khazmodan\ironforge\passivedoodads\trees\wintertree04.m2;21574.509765625;718.0001831054688;10583.138671875;0;38;0;;1;357271;m2;203288;0;
..\..\world\khazmodan\ironforge\passivedoodads\trees\wintertree04.m2;21482.86328125;702.2844848632812;10472.1796875;0;0;0;;1;357272;m2;203288;0;
..\..\world\khazmodan\ironforge\passivedoodads\trees\wintertree04.m2;21594.88671875;709.9497680664062;10186.234375;0;359.527587890625;0;;1;358570;m2;203288;0;
..\..\world\khazmodan\ironforge\passivedoodads\trees\wintertree04.m2;21825.087890625;700.7487182617188;10540.81640625;0;267.30035400390625;0;;1;358672;m2;203288;0;
..\..\world\khazmodan\ironforge\passivedoodads\trees\wintertree04.m2;21681.25390625;761.0977172851562;10642.5166015625;0;18;0;;1;358734;m2;203288;0;
..\..\world\khazmodan\ironforge\passivedoodads\trees\ironforgetree04.m2;21837.42578125;718.0156860351562;10597.9228515625;0;34.16851806640625;0;;0.9091796875;358834;m2;203262;0;
..\..\world\khazmodan\ironforge\passivedoodads\trees\wintertree01.m2;21583.51171875;737.412841796875;10279.921875;0;0;0;;0.669921875;351543;m2;203285;0;
..\..\world\khazmodan\ironforge\passivedoodads\trees\ironforgetree04.m2;21771.474609375;699.4379272460938;10203.8984375;0;162.6734619140625;0;;0.8994140625;358601;m2;203262;0;
..\..\world\kalimdor\winterspring\passivedoodads\winterspringtrees\winterspringtree03.m2;21848.08984375;710.5081176757812;10328.6416015625;0;144.79251098632812;0;;0.5;358618;m2;202878;0;
..\..\world\kalimdor\winterspring\passivedoodads\winterspringtrees\winterspringtree03.m2;21768.72265625;721.5040893554688;10371.4013671875;0;324;0;;0.4892578125;592984;m2;202878;0;
..\..\world\kalimdor\winterspring\passivedoodads\winterspringtrees\winterspringtree02.m2;21775.109375;695.9973754882812;10511.47265625;0;327.0839538574219;0;;0.4892578125;355954;m2;202877;0;
..\..\world\kalimdor\winterspring\passivedoodads\winterspringtrees\winterspringtree03.m2;21384.5625;666.0780639648438;10660.8994140625;0;340.5;0;;0.4794921875;348098;m2;202878;0;
..\..\world\khazmodan\ironforge\passivedoodads\trees\ironforgetree02.m2;21375.787109375;709.3142700195312;10368.982421875;0;0;0;;1;344044;m2;203260;0;
..\..\world\khazmodan\ironforge\passivedoodads\trees\ironforgetree02.m2;21359.337890625;717.6404418945312;10283.162109375;0;39;0;;1;346544;m2;203260;0;
..\..\world\khazmodan\ironforge\passivedoodads\trees\ironforgetree02.m2;21405.7109375;667.864990234375;10662.728515625;0;315;0;;1;347625;m2;203260;0;
..\..\world\khazmodan\ironforge\passivedoodads\trees\ironforgetree02.m2;21374.61328125;666.0706176757812;10669.2578125;0;0;0;;1;347661;m2;203260;0;
..\..\world\khazmodan\ironforge\passivedoodads\trees\ironforgetree02.m2;21655.73046875;696.7379760742188;10464.138671875;0;96.40798950195312;0;;1;355946;m2;203260;0;
..\..\world\khazmodan\ironforge\passivedoodads\trees\ironforgetree02.m2;21544.599609375;714.0925903320312;10425.45703125;0;213.26214599609375;0;;1;355947;m2;203260;0;
..\..\world\khazmodan\ironforge\passivedoodads\trees\ironforgetree02.m2;21867.4609375;697.47119140625;10419.927734375;0;61.17376708984375;0;;1;355956;m2;203260;0;
..\..\world\khazmodan\ironforge\passivedoodads\trees\ironforgetree02.m2;21544.185546875;715.10693359375;10549.6884765625;0;0;0;;1;357270;m2;203260;0;
..\..\world\khazmodan\ironforge\passivedoodads\trees\ironforgetree02.m2;21644.287109375;712.9239501953125;10274.4560546875;0;119.776611328125;0;;1;358565;m2;203260;0;
..\..\world\khazmodan\ironforge\passivedoodads\trees\ironforgetree02.m2;21842.55078125;705.791015625;10330.998046875;0;268.7667236328125;0;;1;358619;m2;203260;0;
..\..\world\khazmodan\ironforge\passivedoodads\trees\ironforgetree02.m2;21861.125;701.0563354492188;10393.103515625;0;359.73681640625;0;;1;358633;m2;203260;0;
..\..\world\khazmodan\ironforge\passivedoodads\trees\wintermidtree02.m2;21727.4375;707.3900146484375;10148.90234375;0;0;0;;1.1494140625;355507;m2;203277;0;
..\..\world\khazmodan\ironforge\passivedoodads\trees\ironforgesnowtree01.m2;21396.771484375;716.6171875;10355.51171875;0;337.5;0;;2.4091796875;348102;m2;203257;0;
..\..\world\khazmodan\ironforge\passivedoodads\trees\ironforgetree02.m2;21847.40234375;693.3845825195312;10124.853515625;0;313.5;0;;0.94921875;355476;m2;203260;0;
..\..\world\generic\goblin\passivedoodads\goblinmachinery\goblinweathervane.m2;21771.17578125;733.0489501953125;10359.912109375;0;73.5;0;;1.7998046875;481479;m2;197768;0;
..\..\world\khazmodan\ironforge\passivedoodads\trees\wintermidtree02.m2;21533.98828125;727.0831909179688;10374.08203125;0;0;0;;1.08984375;355508;m2;203277;0;
..\..\world\khazmodan\ironforge\passivedoodads\trees\ironforgetree04.m2;21534.109375;714.4724731445312;10433.91796875;0;257.60430908203125;0;;0.759765625;355950;m2;203262;0;
..\..\world\khazmodan\ironforge\passivedoodads\trees\ironforgetree02.m2;21692.998046875;693.4574584960938;10476.451171875;0;86.01458740234375;0;;0.9296875;355953;m2;203260;0;
..\..\world\kalimdor\winterspring\passivedoodads\winterspringtrees\winterspringtree03.m2;21487.154296875;726.5650634765625;10131.9306640625;0;16.2109375;0;;0.4296875;355985;m2;202878;0;
..\..\world\khazmodan\ironforge\passivedoodads\trees\ironforgetree04.m2;21688.115234375;762.1419067382812;10640.5732421875;0;0;0;;0.7392578125;358735;m2;203262;0;
..\..\world\kalimdor\winterspring\passivedoodads\winterspringtrees\winterspringtree03.m2;21607.888671875;734.481689453125;10635.455078125;0;0;0;;0.419921875;358733;m2;202878;0;
..\..\world\khazmodan\ironforge\passivedoodads\trees\ironforgetree04.m2;21652.8828125;720.3189697265625;10574.90625;0;0;0;;0.7294921875;358552;m2;203262;0;
..\..\world\khazmodan\ironforge\passivedoodads\trees\wintertree04.m2;21864.646484375;699.0641479492188;10414.171875;0;272.812744140625;0;;0.7392578125;355957;m2;203288;0;
..\..\world\kalimdor\winterspring\passivedoodads\winterspringtrees\winterspringtree03.m2;21759.40625;721.9142456054688;10308.783203125;0;313.5;0;;0.4091796875;592937;m2;202878;0;
..\..\world\khazmodan\ironforge\passivedoodads\trees\ironforgetree04.m2;21646.546875;696.197265625;10458.69921875;0;102.78021240234375;0;;0.7099609375;355951;m2;203262;0;
..\..\world\khazmodan\ironforge\passivedoodads\trees\ironforgesnowtree01.m2;21800.99609375;704.8910522460938;10539.3935546875;0;191.87109375;0;;2.1796875;358677;m2;203257;0;
..\..\world\kalimdor\winterspring\passivedoodads\winterspringtrees\winterspringtree03.m2;21688.84375;721.1179809570312;10325.9013671875;0;267.9999694824219;0;;0.3994140625;592910;m2;202878;0;
..\..\world\kalimdor\winterspring\passivedoodads\winterspringtrees\winterspringtree03.m2;21721.341796875;721.8312377929688;10363.9541015625;0;313.5;0;;0.3994140625;592948;m2;202878;0;
..\..\world\khazmodan\ironforge\passivedoodads\trees\wintermidtree02.m2;21412.5625;696.342529296875;10459.3828125;0;7;0;;1;344028;m2;203277;0;
..\..\world\khazmodan\ironforge\passivedoodads\trees\wintermidtree02.m2;21450.97265625;699.6871337890625;10525.7216796875;0;0;0;;1;344029;m2;203277;0;
..\..\world\khazmodan\ironforge\passivedoodads\trees\wintermidtree02.m2;21337.90234375;670.9210815429688;10399.5703125;0;0;0;;1;347638;m2;203277;0;
..\..\world\khazmodan\ironforge\passivedoodads\trees\wintermidtree02.m2;21470.634765625;725.1547241210938;10179.435546875;0;131.14141845703125;0;;1;355989;m2;203277;0;
..\..\world\khazmodan\ironforge\passivedoodads\trees\ironforgetree02.m2;21601.40625;708.4700317382812;10186.35546875;0;326.46868896484375;0;;0.859375;358569;m2;203260;0;
..\..\world\khazmodan\ironforge\passivedoodads\trees\ironforgetree02.m2;21838.974609375;705.4072875976562;10263.318359375;0;323.6341552734375;0;;0.859375;358603;m2;203260;0;
..\..\world\khazmodan\ironforge\passivedoodads\trees\ironforgesnowtree01.m2;21330.4375;712.5657348632812;10329.3046875;0;322;0;;2.109375;357166;m2;203257;0;
..\..\world\khazmodan\ironforge\passivedoodads\trees\wintertree04.m2;21868.0546875;703.2322387695312;10398.45703125;0;146.52236938476562;0;;0.689453125;358636;m2;203288;0;
..\..\world\khazmodan\ironforge\passivedoodads\trees\ironforgetree02.m2;21608.603515625;732.5859375;10630.533203125;0;20.5;0;;0.8291015625;358728;m2;203260;0;
..\..\world\khazmodan\ironforge\passivedoodads\trees\wintertree04.m2;21806.130859375;748.6058349609375;10633.953125;0;0;0;;0.6494140625;359138;m2;203288;0;
..\..\world\khazmodan\ironforge\passivedoodads\trees\ironforgesnowtree01.m2;21817.40625;700.4282836914062;10431.044921875;0;18.831146240234375;0;;1.9599609375;358640;m2;203257;0;
..\..\world\kalimdor\winterspring\passivedoodads\winterspringtrees\winterspringtree03.m2;21762.47265625;721.6965942382812;10370.0234375;0;45;0;;0.359375;592981;m2;202878;0;
..\..\world\khazmodan\ironforge\passivedoodads\trees\wintermidtree02.m2;21824.130859375;700.1781005859375;10416.7265625;0;286.31243896484375;0;;0.8994140625;358643;m2;203277;0;
..\..\world\khazmodan\ironforge\passivedoodads\trees\ironforgesnowtree01.m2;21487.1171875;728.6127319335938;10370.7275390625;0;68;0;;1.8994140625;351535;m2;203257;0;
..\..\world\khazmodan\ironforge\passivedoodads\trees\ironforgesnowtree01.m2;21662.552734375;752.0779418945312;10608.833984375;0;35.5;0;;1.8896484375;358557;m2;203257;0;
..\..\world\khazmodan\ironforge\passivedoodads\trees\ironforgesnowtree01.m2;21866.90625;705.1853637695312;10395.234375;0;110.30609130859375;0;;1.849609375;358637;m2;203257;0;
..\..\world\khazmodan\ironforge\passivedoodads\trees\ironforgetree02.m2;21434.919921875;726.6699829101562;10143.6826171875;0;164.76934814453125;0;;0.7294921875;355986;m2;203260;0;
..\..\world\khazmodan\ironforge\passivedoodads\trees\ironforgesnowtree01.m2;21594.53125;701.0191040039062;10469.380859375;0;338.5;0;;1.8193359375;357263;m2;203257;0;
..\..\world\khazmodan\ironforge\passivedoodads\trees\ironforgesnowtree01.m2;21636.89453125;717.9213256835938;10280.658203125;0;290.15777587890625;0;;1.8193359375;358566;m2;203257;0;
..\..\world\khazmodan\ironforge\passivedoodads\trees\ironforgesnowtree01.m2;21341.560546875;663.1263427734375;10479.2578125;0;0;0;;1.8095703125;347691;m2;203257;0;
..\..\world\khazmodan\ironforge\passivedoodads\trees\ironforgesnowtree01.m2;21379.97265625;675.6448364257812;10442.154296875;0;0;0;;1.779296875;347650;m2;203257;0;
..\..\world\khazmodan\ironforge\passivedoodads\trees\ironforgesnowtree01.m2;21412.763671875;669.1127319335938;10661.0341796875;0;0;0;;1.7099609375;355466;m2;203257;0;
..\..\world\khazmodan\ironforge\passivedoodads\trees\wintermidtree02.m2;21648.365234375;721.0545654296875;10131.0654296875;0;209.02618408203125;0;;0.7890625;355999;m2;203277;0;
..\..\world\khazmodan\ironforge\passivedoodads\trees\ironforgesnowtree01.m2;21722.17578125;765.7092895507812;10616.0390625;0;0;0;;1.6796875;358740;m2;203257;0;
..\..\world\khazmodan\ironforge\passivedoodads\trees\ironforgesnowtree01.m2;21755.474609375;703.2080688476562;10456.9404296875;0;0;0;;1.669921875;355435;m2;203257;0;
..\..\world\khazmodan\ironforge\passivedoodads\trees\ironforgetree04.m2;21769.40234375;775.3746948242188;10634.416015625;0;0;0;;0.5390625;358742;m2;203262;0;
..\..\world\khazmodan\ironforge\passivedoodads\trees\ironforgesnowtree01.m2;21551.90234375;734.3489379882812;10195.240234375;0;0;0;;1.6494140625;351550;m2;203257;0;
..\..\world\khazmodan\ironforge\passivedoodads\trees\ironforgesnowtree01.m2;21650.041015625;721.8231811523438;10351.912109375;0;349;0;;1.6494140625;355943;m2;203257;0;
..\..\world\khazmodan\ironforge\passivedoodads\trees\ironforgesnowtree01.m2;21701.56640625;720.986328125;10387.166015625;0;83;0;;1.6494140625;474651;m2;203257;0;
..\..\world\khazmodan\ironforge\passivedoodads\trees\wintermidtree02.m2;21719.8203125;707.3582763671875;10157.904296875;0;0;0;;0.759765625;355506;m2;203277;0;
..\..\world\khazmodan\ironforge\passivedoodads\trees\ironforgesnowtree01.m2;21386.384765625;721.6517944335938;10240.08203125;0;338.5;0;;1.6298828125;357173;m2;203257;0;
..\..\world\khazmodan\ironforge\passivedoodads\trees\ironforgesnowtree01.m2;21597.302734375;724.8964233398438;10328.4404296875;0;0;0;;1.619140625;351538;m2;203257;0;
..\..\world\khazmodan\ironforge\passivedoodads\trees\ironforgesnowtree01.m2;21769.51953125;699.1524658203125;10195.89453125;0;333.84075927734375;0;;1.619140625;358599;m2;203257;0;
..\..\world\khazmodan\ironforge\passivedoodads\trees\ironforgesnowtree01.m2;21472.7421875;701.9813232421875;10472.47265625;0;312.5;0;;1.599609375;357273;m2;203257;0;
..\..\world\khazmodan\ironforge\passivedoodads\trees\ironforgesnowtree01.m2;21523.119140625;720.1848754882812;10566.572265625;0;0;0;;1.599609375;357288;m2;203257;0;
..\..\world\kalimdor\winterspring\passivedoodads\trees\newwinterspringtree05.m2;21351.61328125;662.2720336914062;10543.2841796875;0;0;0;;2.109375;347619;m2;202859;0;
..\..\world\khazmodan\ironforge\passivedoodads\trees\wintermidtree02.m2;21357.443359375;721.160400390625;10210.78125;0;0;0;;0.7197265625;355935;m2;203277;0;
..\..\world\khazmodan\ironforge\passivedoodads\trees\wintermidtree02.m2;21633.37890625;750.4349975585938;10648.2734375;0;0;0;;0.7197265625;358747;m2;203277;0;
..\..\world\khazmodan\ironforge\passivedoodads\trees\ironforgesnowtree01.m2;21814.984375;698.3421630859375;10525.1435546875;0;231.98199462890625;0;;1.5390625;358673;m2;203257;0;
..\..\world\khazmodan\ironforge\passivedoodads\trees\ironforgesnowtree01.m2;21604.55859375;724.4447021484375;10358.623046875;0;0;0;;1.529296875;355941;m2;203257;0;
..\..\world\khazmodan\ironforge\passivedoodads\trees\ironforgesnowtree01.m2;21483.30078125;731.3007202148438;10668.7060546875;0;0;0;;1.5;355675;m2;203257;0;
..\..\world\khazmodan\ironforge\passivedoodads\trees\ironforgesnowtree01.m2;21503.9296875;709.3114013671875;10526.896484375;0;0;0;;1.5;357278;m2;203257;0;
..\..\world\khazmodan\ironforge\passivedoodads\trees\ironforgesnowtree01.m2;21763.203125;695.9530029296875;10148.57421875;0;256.4287109375;0;;1.4892578125;358610;m2;203257;0;
..\..\world\khazmodan\ironforge\passivedoodads\trees\ironforgesnowtree01.m2;21682.4921875;717.1630249023438;10557.53125;0;56.10888671875;0;;1.4794921875;358542;m2;203257;0;
..\..\world\khazmodan\ironforge\passivedoodads\trees\ironforgesnowtree01.m2;21834.982421875;705.3196411132812;10323.056640625;0;284.2579345703125;0;;1.4794921875;358620;m2;203257;0;
..\..\world\khazmodan\ironforge\passivedoodads\trees\ironforgesnowtree01.m2;21710.6953125;765.8435668945312;10631.9404296875;0;0;0;;1.4599609375;358738;m2;203257;0;
..\..\world\khazmodan\ironforge\passivedoodads\trees\wintermidtree02.m2;21367.244140625;719.3328857421875;10270.75;0;0;0;;0.6591796875;355938;m2;203277;0;
..\..\world\khazmodan\ironforge\passivedoodads\trees\ironforgesnowtree01.m2;21371.74609375;715.21533203125;10326.34375;0;308.5;0;;1.3994140625;347681;m2;203257;0;
..\..\world\khazmodan\ironforge\passivedoodads\trees\ironforgesnowtree01.m2;21579.578125;707.7714233398438;10546.154296875;0;92.44180297851562;0;;1.3994140625;358681;m2;203257;0;
..\..\world\khazmodan\ironforge\passivedoodads\trees\ironforgesnowtree01.m2;21848.2109375;697.767822265625;10204.822265625;0;0;0;;1.3896484375;355484;m2;203257;0;
..\..\world\khazmodan\ironforge\passivedoodads\trees\ironforgesnowtree01.m2;21362.39453125;672.6380615234375;10438.0498046875;0;358;0;;1.369140625;347651;m2;203257;0;
..\..\world\khazmodan\ironforge\passivedoodads\trees\ironforgesnowtree01.m2;21410.201171875;670.6770629882812;10560.841796875;0;0;0;;1.369140625;355470;m2;203257;0;
..\..\world\khazmodan\ironforge\passivedoodads\trees\ironforgesnowtree01.m2;21552.53515625;715.8045043945312;10423.685546875;0;244.2445068359375;0;;1.369140625;355948;m2;203257;0;
..\..\world\khazmodan\ironforge\passivedoodads\trees\ironforgesnowtree01.m2;21661.8671875;721.1307983398438;10568.935546875;0;0;0;;1.369140625;358554;m2;203257;0;
..\..\world\khazmodan\ironforge\passivedoodads\trees\ironforgesnowtree01.m2;21405.259765625;666.37548828125;10593.1259765625;0;353.5;0;;1.359375;355469;m2;203257;0;
..\..\world\khazmodan\ironforge\passivedoodads\trees\ironforgetree04.m2;21719.146484375;720.7626342773438;10366.708984375;0;225.62738037109375;0;;0.439453125;592977;m2;203262;0;
..\..\world\khazmodan\ironforge\passivedoodads\trees\ironforgesnowtree01.m2;21723.921875;724.3290405273438;10564.8603515625;0;18.787200927734375;0;;1.349609375;358544;m2;203257;0;
..\..\world\khazmodan\ironforge\passivedoodads\trees\ironforgesnowtree01.m2;21593.24609375;736.2778930664062;10275.203125;0;0;0;;1.33984375;351546;m2;203257;0;
..\..\world\kalimdor\winterspring\passivedoodads\winterspringfallentrees\winterspringfallentree02.m2;21692.140625;709.2421875;10405.654296875;0;351.5;0;;1.6494140625;355440;m2;202874;0;
..\..\world\khazmodan\ironforge\passivedoodads\trees\ironforgesnowtree01.m2;21576.73828125;707.7833862304688;10521.578125;-1.500001072883606;309.4503479003906;-5.000000953674316;;1.2392578125;358679;m2;203257;0;
..\..\world\khazmodan\ironforge\passivedoodads\trees\ironforgesnowtree01.m2;21577.2578125;703.1499633789062;10497.3857421875;0;0;0;;1.2998046875;357266;m2;203257;0;
..\..\world\khazmodan\ironforge\passivedoodads\trees\ironforgesnowtree01.m2;21858.896484375;697.8132934570312;10198.400390625;0;356;0;;1.2890625;355485;m2;203257;0;
..\..\world\khazmodan\ironforge\passivedoodads\trees\ironforgesnowtree01.m2;21706.4921875;698.384033203125;10515.26171875;0;24;0;;1.2890625;358726;m2;203257;0;
..\..\world\khazmodan\ironforge\passivedoodads\trees\ironforgesnowtree01.m2;21371.552734375;709.892822265625;10362.060546875;0;0;0;;1.279296875;347677;m2;203257;0;
..\..\world\khazmodan\ironforge\passivedoodads\trees\ironforgesnowtree01.m2;21818.19140625;697.7326049804688;10464.3447265625;0;214.5145721435547;0;;1.26953125;355961;m2;203257;0;
..\..\world\khazmodan\ironforge\passivedoodads\trees\ironforgesnowtree01.m2;21554.615234375;717.753173828125;10576.2265625;0;0;0;;1.26953125;357287;m2;203257;0;
..\..\world\khazmodan\ironforge\passivedoodads\trees\ironforgesnowtree01.m2;21827.4140625;702.2686157226562;10543.01953125;0;282.19244384765625;0;;1.26953125;358675;m2;203257;0;
..\..\world\khazmodan\ironforge\passivedoodads\trees\wintersmalltree01.m2;21685.6484375;712.6196899414062;10401.78125;0;359.5;0;;1.7890625;355443;m2;203279;0;
..\..\world\generic\nightelf\passivedoodads\ruins\newelfruin03.m2;21705.619140625;698.2830200195312;10193.47265625;-61.000003814697266;52;-63.00001907348633;;1;571281;m2;198826;0;
..\..\world\generic\nightelf\passivedoodads\ruins\newelfruin03.m2;21332.275390625;661.5447998046875;10641.7353515625;-38.5;97;66.5;;1;343560;m2;198826;0;
..\..\world\kalimdor\winterspring\passivedoodads\trees\newwinterspringtree05.m2;21434.828125;706.06884765625;10405.484375;0;0;0;;1.6796875;347664;m2;202859;0;
..\..\world\generic\nightelf\passivedoodads\ruins\newelfruin03.m2;21759.318359375;698.9228515625;10188.814453125;6.500001907348633;300;32;;1;571282;m2;198826;0;
..\..\world\generic\nightelf\passivedoodads\ruins\newelfruin03.m2;21703.00390625;701.0031127929688;10225.826171875;-7;0;-10.5;;1;571280;m2;198826;0;
..\..\world\generic\nightelf\passivedoodads\ruins\newelfruin03.m2;21761.56640625;699.6493530273438;10222.654296875;-12;0;3.499999761581421;;1;571279;m2;198826;0;
..\..\world\khazmodan\ironforge\passivedoodads\trees\ironforgesnowtree01.m2;21807.115234375;725.2651977539062;10573.3212890625;0;33;0;;1.2197265625;359144;m2;203257;0;
..\..\world\khazmodan\ironforge\passivedoodads\trees\ironforgesnowtree01.m2;21683.44140625;760.6575317382812;10639.23046875;0;0;0;;1.2099609375;358736;m2;203257;0;
..\..\world\generic\passivedoodads\windblown\snowdunmorogh.m2;21573.140625;732.2415771484375;10323.044921875;0;43.5;0;;1;481787;m2;200256;0;
..\..\world\khazmodan\ironforge\passivedoodads\trees\ironforgesnowtree01.m2;21376.3515625;717.6497192382812;10297.9560546875;0;0;0;;1.19921875;357167;m2;203257;0;
..\..\world\khazmodan\ironforge\passivedoodads\trees\wintersmalltree01.m2;21489.15625;728.0610961914062;10130.513671875;0;296.85516357421875;0;;1.689453125;355995;m2;203279;0;
..\..\world\khazmodan\ironforge\passivedoodads\trees\ironforgesnowtree01.m2;21385.20703125;720.7445068359375;10238.2060546875;-1.5000001192092896;358;3.0000007152557373;;1.1494140625;357172;m2;203257;0;
..\..\world\generic\passivedoodads\windblown\snowdunmorogh.m2;21509.89453125;734.0830688476562;10379.693359375;0;36.5;0;;1;481788;m2;200256;0;
..\..\world\kalimdor\winterspring\passivedoodads\trees\newwinterspringtree05.m2;21483.97265625;703.6336059570312;10475.24609375;0;224;0;;1.599609375;357275;m2;202859;0;
..\..\world\khazmodan\ironforge\passivedoodads\trees\ironforgesnowtree01.m2;21361.4609375;664.7254638671875;10602.15625;0;0;0;;1.169921875;347617;m2;203257;0;
..\..\world\khazmodan\ironforge\passivedoodads\trees\ironforgesnowtree01.m2;21650.9765625;721.6253662109375;10579.728515625;0;0;0;;1.1591796875;358553;m2;203257;0;
..\..\world\generic\passivedoodads\windblown\snowdunmorogh.m2;21549.263671875;731.4154052734375;10181.91796875;0;242;0;;1;358374;m2;200256;0;
..\..\world\kalimdor\winterspring\passivedoodads\trees\newwinterspringtree05.m2;21687.466796875;695.0935668945312;10469.466796875;0;86.202880859375;0;;1.529296875;358683;m2;202859;0;
..\..\world\generic\passivedoodads\windblown\snowdunmorogh.m2;21790.328125;702.375732421875;10421.9951171875;0;65;0;;1;481785;m2;200256;0;
..\..\world\generic\passivedoodads\windblown\snowdunmorogh.m2;21530.03515625;767.2105712890625;10249.96875;0;67;0;;1;481786;m2;200256;0;
..\..\world\kalimdor\winterspring\passivedoodads\trees\newwinterspringtree05.m2;21576.353515625;719.2371826171875;10587.18359375;0;253.49996948242188;0;;1.4794921875;357285;m2;202859;0;
..\..\world\kalimdor\winterspring\passivedoodads\rocks\winterspringrock04.m2;21769.640625;690.1043090820312;10141.13671875;-3;160.96630859375;11;;1;358611;m2;202848;0;
..\..\world\khazmodan\ironforge\passivedoodads\trees\wintersmalltree01.m2;21613.40625;721.4107666015625;10333.6591796875;0;57.5;0;;1.4794921875;355511;m2;203279;0;
..\..\world\generic\passivedoodads\particleemitters\druidwisp01.m2;21717.94140625;700.4609985351562;10218.1328125;0;89.5;0;;0.6396484375;571257;m2;199938;0;
..\..\world\generic\passivedoodads\particleemitters\druidwisp01.m2;21727.154296875;700.326416015625;10199.6044921875;0;195.5;0;;0.6396484375;571264;m2;199938;0;
..\..\world\kalimdor\winterspring\passivedoodads\trees\newwinterspringtree05.m2;21536.009765625;711.2484130859375;10497.4150390625;0;0;0;;1.4091796875;357284;m2;202859;0;
..\..\world\generic\passivedoodads\windblown\snowdunmorogh.m2;21796.197265625;722.0228881835938;10365.138671875;0;166;0;;1;481783;m2;200256;0;
..\..\world\kalimdor\winterspring\passivedoodads\trees\newwinterspringtree05.m2;21652.84765625;732.3093872070312;10594.2431640625;0;0;0;;1.3896484375;358559;m2;202859;0;
..\..\world\khazmodan\ironforge\passivedoodads\trees\wintersmalltree01.m2;21349.296875;662.8045043945312;10549.6279296875;0;196;0;;1.419921875;347637;m2;203279;0;
..\..\world\khazmodan\ironforge\passivedoodads\trees\ironforgesnowtree01.m2;21391.5;707.4138793945312;10409.8056640625;0;0;0;;1;344107;m2;203257;0;
..\..\world\khazmodan\ironforge\passivedoodads\trees\ironforgesnowtree01.m2;21357.92578125;670.4620361328125;10444.396484375;0;336;0;;1;347652;m2;203257;0;
..\..\world\khazmodan\ironforge\passivedoodads\trees\ironforgesnowtree01.m2;21415.234375;674.3499755859375;10541.68359375;0;0;0;;1;347674;m2;203257;0;
..\..\world\khazmodan\ironforge\passivedoodads\trees\ironforgesnowtree01.m2;21407.353515625;691.90185546875;10462.38671875;0;0;0;;1;347675;m2;203257;0;
..\..\world\khazmodan\ironforge\passivedoodads\trees\ironforgesnowtree01.m2;21414.53515625;710.8267211914062;10442.455078125;0;0;0;;1;347676;m2;203257;0;
..\..\world\khazmodan\ironforge\passivedoodads\trees\ironforgesnowtree01.m2;21369.3125;707.7994384765625;10366.37109375;0;0;0;;1;347678;m2;203257;0;
..\..\world\khazmodan\ironforge\passivedoodads\trees\ironforgesnowtree01.m2;21335.80078125;708.893798828125;10343.2509765625;0;0;0;;1;347679;m2;203257;0;
..\..\world\khazmodan\ironforge\passivedoodads\trees\ironforgesnowtree01.m2;21367.26953125;716.462158203125;10320.5634765625;0;0;0;;1;347680;m2;203257;0;
..\..\world\khazmodan\ironforge\passivedoodads\trees\ironforgesnowtree01.m2;21337.49609375;663.5526733398438;10476.3857421875;0;0;0;;1;347692;m2;203257;0;
..\..\world\khazmodan\ironforge\passivedoodads\trees\ironforgesnowtree01.m2;21602.24609375;721.1858520507812;10250.90625;0;338;0;;1;351545;m2;203257;0;
..\..\world\khazmodan\ironforge\passivedoodads\trees\ironforgesnowtree01.m2;21623.89453125;721.0411987304688;10324.1484375;0;282.5;0;;1;351547;m2;203257;0;
..\..\world\khazmodan\ironforge\passivedoodads\trees\ironforgesnowtree01.m2;21575.47265625;734.0442504882812;10215.5009765625;0;0;0;;1;351549;m2;203257;0;
..\..\world\khazmodan\ironforge\passivedoodads\trees\ironforgesnowtree01.m2;21549.01953125;733.3081665039062;10191.701171875;0;0;0;;1;351551;m2;203257;0;
..\..\world\khazmodan\ironforge\passivedoodads\trees\ironforgesnowtree01.m2;21594.42578125;722.713623046875;10252.4169921875;0;0;0;;1;351552;m2;203257;0;
..\..\world\khazmodan\ironforge\passivedoodads\trees\ironforgesnowtree01.m2;21762.138671875;701.1979370117188;10457.666015625;0;0;0;;1;355436;m2;203257;0;
..\..\world\khazmodan\ironforge\passivedoodads\trees\ironforgesnowtree01.m2;21417.93359375;669.3753662109375;10655.908203125;0;43;0;;1;355467;m2;203257;0;
..\..\world\khazmodan\ironforge\passivedoodads\trees\ironforgesnowtree01.m2;21411.685546875;665.9356079101562;10619.173828125;0;0;0;;1;355468;m2;203257;0;
..\..\world\khazmodan\ironforge\passivedoodads\trees\ironforgesnowtree01.m2;21391.171875;667.7573852539062;10563.259765625;0;0;0;;1;355472;m2;203257;0;
..\..\world\khazmodan\ironforge\passivedoodads\trees\ironforgesnowtree01.m2;21856.763671875;696.623779296875;10196.35546875;0;0;0;;1;355486;m2;203257;0;
..\..\world\khazmodan\ironforge\passivedoodads\trees\ironforgesnowtree01.m2;21492.8203125;731.8432006835938;10659.873046875;0;0;0;;1;355679;m2;203257;0;
..\..\world\khazmodan\ironforge\passivedoodads\trees\ironforgesnowtree01.m2;21598.21875;724.420654296875;10361.0546875;0;0;0;;1;355942;m2;203257;0;
..\..\world\khazmodan\ironforge\passivedoodads\trees\ironforgesnowtree01.m2;21644.791015625;722.8713989257812;10360.2197265625;0;287.5;0;;1;355944;m2;203257;0;
..\..\world\khazmodan\ironforge\passivedoodads\trees\ironforgesnowtree01.m2;21551.6875;714.4361572265625;10433.96484375;0;68.4688720703125;0;;1;355949;m2;203257;0;
..\..\world\khazmodan\ironforge\passivedoodads\trees\ironforgesnowtree01.m2;21859.9296875;698.23291015625;10415.2578125;0;172.4466552734375;0;;1;355959;m2;203257;0;
..\..\world\khazmodan\ironforge\passivedoodads\trees\ironforgesnowtree01.m2;21859.400390625;698.0635986328125;10446.427734375;0;205.80218505859375;0;;1;355960;m2;203257;0;
..\..\world\khazmodan\ironforge\passivedoodads\trees\ironforgesnowtree01.m2;21825.66796875;696.66455078125;10471.8984375;0;347.9586181640625;0;;1;355962;m2;203257;0;
..\..\world\khazmodan\ironforge\passivedoodads\trees\ironforgesnowtree01.m2;21479.71875;714.1525268554688;10546.6181640625;0;312;0;;1;357280;m2;203257;0;
..\..\world\khazmodan\ironforge\passivedoodads\trees\ironforgesnowtree01.m2;21447.791015625;699.0388793945312;10534.177734375;0;0;0;;1;357281;m2;203257;0;
..\..\world\khazmodan\ironforge\passivedoodads\trees\ironforgesnowtree01.m2;21577.64453125;716.0467529296875;10576.875;0;342.5;0;;1;357286;m2;203257;0;
..\..\world\khazmodan\ironforge\passivedoodads\trees\ironforgesnowtree01.m2;21528.634765625;743.384765625;10652.263671875;0;228.4676513671875;0;;1;358539;m2;203257;0;
..\..\world\khazmodan\ironforge\passivedoodads\trees\ironforgesnowtree01.m2;21720.962890625;723.1668090820312;10562.296875;0;346.01397705078125;0;;1;358545;m2;203257;0;
..\..\world\khazmodan\ironforge\passivedoodads\trees\ironforgesnowtree01.m2;21771.009765625;696.1112670898438;10508.59375;0;320.7776184082031;0;;1;358546;m2;203257;0;
..\..\world\khazmodan\ironforge\passivedoodads\trees\ironforgesnowtree01.m2;21783.244140625;696.6707153320312;10519.255859375;0;285.85101318359375;0;;1;358548;m2;203257;0;
..\..\world\khazmodan\ironforge\passivedoodads\trees\ironforgesnowtree01.m2;21659.96484375;719.2153930664062;10563.517578125;0;0;0;;1;358555;m2;203257;0;
..\..\world\khazmodan\ironforge\passivedoodads\trees\ironforgesnowtree01.m2;21655.58203125;749.4559326171875;10605.9228515625;0;0;0;;1;358556;m2;203257;0;
..\..\world\khazmodan\ironforge\passivedoodads\trees\ironforgesnowtree01.m2;21643.984375;717.2599487304688;10290.931640625;0;32.179931640625;0;;1;358567;m2;203257;0;
..\..\world\khazmodan\ironforge\passivedoodads\trees\ironforgesnowtree01.m2;21727.708984375;704.5444946289062;10162.54296875;0;75.01693725585938;0;;1;358584;m2;203257;0;
..\..\world\khazmodan\ironforge\passivedoodads\trees\ironforgesnowtree01.m2;21741.537109375;720.2643432617188;10260.224609375;0;178.15972900390625;0;;1;358595;m2;203257;0;
..\..\world\khazmodan\ironforge\passivedoodads\trees\ironforgesnowtree01.m2;21726.375;716.009033203125;10252.52734375;0;177.32366943359375;0;;1;358597;m2;203257;0;
..\..\world\khazmodan\ironforge\passivedoodads\trees\ironforgesnowtree01.m2;21765.42578125;699.9383544921875;10201.7841796875;0;190.40985107421875;0;;1;358600;m2;203257;0;
..\..\world\khazmodan\ironforge\passivedoodads\trees\ironforgesnowtree01.m2;21848.669921875;709.12060546875;10255.8046875;0;123.27039337158203;0;;1;358604;m2;203257;0;
..\..\world\khazmodan\ironforge\passivedoodads\trees\ironforgesnowtree01.m2;21862.513671875;704.23828125;10213.50390625;0;230.91769409179688;0;;1;358608;m2;203257;0;
..\..\world\khazmodan\ironforge\passivedoodads\trees\ironforgesnowtree01.m2;21763.87109375;695.99462890625;10151.390625;0;116.2828369140625;0;;1;358609;m2;203257;0;
..\..\world\khazmodan\ironforge\passivedoodads\trees\ironforgesnowtree01.m2;21832.94140625;706.8623657226562;10337.2431640625;0;329.2373352050781;0;;1;358622;m2;203257;0;
..\..\world\khazmodan\ironforge\passivedoodads\trees\ironforgesnowtree01.m2;21855.375;714.6585083007812;10328.294921875;0;147.19931030273438;0;;1;358623;m2;203257;0;
..\..\world\khazmodan\ironforge\passivedoodads\trees\ironforgesnowtree01.m2;21849.41015625;702.75390625;10386.1796875;0;134.60858154296875;0;;1;358634;m2;203257;0;
..\..\world\khazmodan\ironforge\passivedoodads\trees\ironforgesnowtree01.m2;21811.609375;700.5428466796875;10436.3828125;0;217.63482666015625;0;;1;358641;m2;203257;0;
..\..\world\khazmodan\ironforge\passivedoodads\trees\ironforgesnowtree01.m2;21585.947265625;706.6011962890625;10545.572265625;0;187.7730712890625;0;;1;358678;m2;203257;0;
..\..\world\khazmodan\ironforge\passivedoodads\trees\ironforgesnowtree01.m2;21699.06640625;716.6619262695312;10556.7373046875;0;0;0;;1;358727;m2;203257;0;
..\..\world\khazmodan\ironforge\passivedoodads\trees\ironforgesnowtree01.m2;21601.94921875;734.0678100585938;10631.576171875;0;0;0;;1;358729;m2;203257;0;
..\..\world\khazmodan\ironforge\passivedoodads\trees\ironforgesnowtree01.m2;21603.00390625;730.6121826171875;10624.927734375;0;0;0;;1;358731;m2;203257;0;
..\..\world\khazmodan\ironforge\passivedoodads\trees\ironforgesnowtree01.m2;21844.34375;722.5880126953125;10609.4296875;0;345.72833251953125;0;;1;358835;m2;203257;0;
..\..\world\khazmodan\ironforge\passivedoodads\trees\ironforgesnowtree01.m2;21853.99609375;725.0347290039062;10632.4609375;0;68.2930908203125;0;;1;358837;m2;203257;0;
..\..\world\khazmodan\ironforge\passivedoodads\trees\ironforgesnowtree01.m2;21706.15625;721.2504272460938;10384.52734375;0;21.5;0;;1;474652;m2;203257;0;
..\..\world\kalimdor\winterspring\passivedoodads\trees\newwinterspringtree05.m2;21504.01953125;708.7047729492188;10524.404296875;0;0;0;;1.33984375;357277;m2;202859;0;
..\..\world\kalimdor\winterspring\passivedoodads\rocks\winterspringrock04.m2;21355.599609375;664.9109497070312;10671.2060546875;0;0;0;;1;347630;m2;202848;0;
..\..\world\kalimdor\winterspring\passivedoodads\rocks\winterspringrock04.m2;21391.375;666.081298828125;10552.9453125;0;0;0;;1;347631;m2;202848;0;
..\..\world\kalimdor\winterspring\passivedoodads\rocks\winterspringrock04.m2;21750.859375;702.9307250976562;10460.05078125;0;0;0;;1;355439;m2;202848;0;
..\..\world\kalimdor\winterspring\passivedoodads\rocks\winterspringrock04.m2;21662.15625;704.8733520507812;10177.818359375;0;297.5;0;;1;355505;m2;202848;0;
..\..\world\generic\passivedoodads\windblown\snowdunmorogh.m2;21801.513671875;771.0101928710938;10594.369140625;0;170.5;0;;1;358756;m2;200256;0;
..\..\world\kalimdor\winterspring\passivedoodads\trees\newwinterspringtree05.m2;21854.322265625;727.2557373046875;10641.068359375;0;267.9999694824219;0;;1.3095703125;359140;m2;202859;0;
..\..\world\kalimdor\winterspring\passivedoodads\trees\newwinterspringtree05.m2;21679.64453125;704.6981811523438;10190.26171875;0;0;0;;1.2890625;355502;m2;202859;0;
..\..\world\khazmodan\ironforge\passivedoodads\trees\ironforgesnowtree01.m2;21703.525390625;722.1814575195312;10370.8076171875;0;84.0809326171875;0;;0.9462890625;592976;m2;203257;0;
..\..\world\generic\passivedoodads\particleemitters\blacksmith_smoke.m2;21691.14453125;730.9718627929688;10322.96875;0;13.5;0;;0.359375;492822;m2;199929;0;
..\..\world\generic\passivedoodads\particleemitters\blacksmith_smoke.m2;21703.359375;732.6090087890625;10318.986328125;0;13.5;0;;0.359375;492823;m2;199929;0;
..\..\world\generic\passivedoodads\particleemitters\blacksmith_smoke.m2;21745.56640625;732.7115478515625;10380.515625;0;13.5;0;;0.359375;492824;m2;199929;0;
..\..\world\generic\passivedoodads\particleemitters\blacksmith_smoke.m2;21705.255859375;733.0618286132812;10360.6875;0;13.5;0;;0.359375;492826;m2;199929;0;
..\..\world\generic\passivedoodads\particleemitters\blacksmith_smoke.m2;21744.95703125;737.9481201171875;10280.3203125;0;57.5;0;;0.359375;496618;m2;199929;0;
..\..\world\generic\passivedoodads\particleemitters\blacksmith_smoke.m2;21718.07421875;735.7835693359375;10304.1171875;0;230;0;;0.359375;496620;m2;199929;0;
..\..\world\khazmodan\ironforge\passivedoodads\trees\wintersmalltree01.m2;21801.55078125;702.6409301757812;10426.296875;0;120.75125122070312;0;;1.3095703125;358644;m2;203279;0;
..\..\world\khazmodan\ironforge\passivedoodads\trees\wintersmalltree01.m2;21645.94140625;712.7568359375;10267.23046875;0;291.15753173828125;0;;1.2998046875;358564;m2;203279;0;
..\..\world\kalimdor\winterspring\passivedoodads\trees\newwinterspringtree05.m2;21757.94140625;702.4686279296875;10453;0;31;0;;1.2392578125;355437;m2;202859;0;
..\..\world\kalimdor\winterspring\passivedoodads\trees\newwinterspringtree05.m2;21493.712890625;718.9429931640625;10388.7890625;0;0;0;;1.2392578125;357276;m2;202859;0;
..\..\world\kalimdor\winterspring\passivedoodads\rocks\winterspringrock01.m2;21539.921875;720.4800415039062;10353.337890625;0;259;0;;1;346547;m2;202845;0;
..\..\world\kalimdor\winterspring\passivedoodads\trees\newwinterspringtree05.m2;21692.9375;705.4952392578125;10179.49609375;0;0;0;;1.2294921875;355504;m2;202859;0;
..\..\world\khazmodan\ironforge\passivedoodads\trees\ironstump04.m2;21431.666015625;708.8905639648438;10445.55859375;0;142.5;0;;1;344027;m2;203269;0;
..\..\world\khazmodan\ironforge\passivedoodads\trees\ironstump04.m2;21630.01953125;749.7429809570312;10654.96875;0;36;0;;1;358746;m2;203269;0;
..\..\world\khazmodan\ironforge\passivedoodads\trees\ironstump04.m2;21605.390625;697.6109008789062;10465.83203125;0;234.5;0;;1;357261;m2;203269;0;
..\..\world\kalimdor\winterspring\passivedoodads\trees\newwinterspringtree05.m2;21383.98828125;719.7193603515625;10242.490234375;0;204.5;0;;1.169921875;357174;m2;202859;0;
..\..\world\khazmodan\ironforge\passivedoodads\trees\ironforgesnowtree01.m2;21358.06640625;664.5171508789062;10599.32421875;0;48;0;;0.859375;347618;m2;203257;0;
..\..\world\khazmodan\ironforge\passivedoodads\trees\ironforgesnowtree01.m2;21527.0625;719.2954711914062;10567.7587890625;0;0;0;;0.859375;357289;m2;203257;0;
..\..\world\generic\passivedoodads\windblown\snowdunmorogh.m2;21776.578125;700.5239868164062;10436.611328125;0;0;0;;1;481784;m2;200256;0;
..\..\world\khazmodan\ironforge\passivedoodads\trees\ironforgesnowtree01.m2;21426.482421875;739.8280029296875;10296.2373046875;0;0;0;;0.849609375;357168;m2;203257;0;
..\..\world\khazmodan\ironforge\passivedoodads\trees\ironforgesnowtree01.m2;21790.63671875;691.8598022460938;10128.556640625;0;332.5;0;;0.83984375;355481;m2;203257;0;
..\..\world\khazmodan\ironforge\passivedoodads\trees\ironforgesnowtree01.m2;21445.515625;738.5467529296875;10218.7998046875;0;0;0;;0.83984375;357169;m2;203257;0;
..\..\world\generic\nightelf\passivedoodads\stonerunes\kalidarstonerune01.m2;21744.353515625;699.77197265625;10221.732421875;0;211.5;0;;2.169921875;571274;m2;198949;0;
..\..\world\khazmodan\ironforge\passivedoodads\trees\ironforgesnowtree01.m2;21774.1796875;721.7283325195312;10370.4326171875;0;208.471923828125;0;;0.8310546875;592986;m2;203257;0;
..\..\world\khazmodan\ironforge\passivedoodads\trees\ironforgesnowtree01.m2;21492.203125;730.0285034179688;10655.349609375;0;327.5;0;;0.8291015625;355680;m2;203257;0;
..\..\world\khazmodan\ironforge\passivedoodads\trees\ironforgesnowtree01.m2;21653.56640625;710.26806640625;10173.130859375;0;0;0;;0.8193359375;355499;m2;203257;0;
..\..\world\khazmodan\ironforge\passivedoodads\trees\ironforgesnowtree01.m2;21525.044921875;741.9280395507812;10654.9765625;0;152.406982421875;0;;0.8095703125;358540;m2;203257;0;
..\..\world\khazmodan\ironforge\passivedoodads\trees\ironforgesnowtree01.m2;21680.01953125;716.0050048828125;10551.373046875;0;153.59356689453125;0;;0.8095703125;358543;m2;203257;0;
..\..\world\khazmodan\ironforge\passivedoodads\trees\ironforgesnowtree01.m2;21718.93359375;765.0143432617188;10612.9541015625;0;0;0;;0.8095703125;358741;m2;203257;0;
..\..\world\khazmodan\ironforge\passivedoodads\trees\wintersmalltree01.m2;21688.62109375;711.6599731445312;10404.4638671875;0;86;0;;1.1396484375;355442;m2;203279;0;
..\..\world\kalimdor\winterspring\passivedoodads\rocks\winterspringrock01.m2;21565.82421875;720.192626953125;10337.7763671875;0;0;0;;1;346545;m2;202845;0;
..\..\world\kalimdor\winterspring\passivedoodads\rocks\winterspringrock01.m2;21756.6796875;698.217041015625;10462.33984375;0;0;0;;1;355438;m2;202845;0;
..\..\world\generic\nightelf\passivedoodads\stonerunes\kalidarstonerune01.m2;21728.30078125;699.9402465820312;10200.1640625;0;201;0;;2.169921875;571278;m2;198949;0;
..\..\world\khazmodan\ironforge\passivedoodads\trees\ironforgesnowtree01.m2;21479.47265625;712.9017944335938;10543.7841796875;0;0;0;;0.7998046875;357279;m2;203257;0;
..\..\world\khazmodan\ironforge\passivedoodads\trees\ironforgesnowtree01.m2;21831.2734375;703.239990234375;10268.49609375;0;149.81414794921875;0;;0.7998046875;358605;m2;203257;0;
..\..\world\khazmodan\ironforge\passivedoodads\trees\ironforgesnowtree01.m2;21771.44140625;775.1961059570312;10631.048828125;0;0;0;;0.7998046875;358743;m2;203257;0;
..\..\world\khazmodan\ironforge\passivedoodads\trees\ironforgesnowtree01.m2;21854.826171875;726.0860595703125;10635.6953125;0;336.345703125;0;;0.7890625;358838;m2;203257;0;
..\..\world\khazmodan\ironforge\passivedoodads\trees\ironforgesnowtree01.m2;21707.03515625;764.0187377929688;10629.7041015625;0;22.5;0;;0.779296875;358739;m2;203257;0;
..\..\world\khazmodan\ironforge\passivedoodads\trees\ironforgesnowtree01.m2;21831.20703125;704.0076293945312;10323.69140625;0;185.93829345703125;0;;0.76953125;358621;m2;203257;0;
..\..\world\khazmodan\ironforge\passivedoodads\trees\ironforgesnowtree01.m2;21484.982421875;725.3405151367188;10135.654296875;0;323.9482116699219;0;;0.7490234375;355984;m2;203257;0;
..\..\world\khazmodan\ironforge\passivedoodads\trees\ironforgesnowtree01.m2;21706.4140625;721.0164184570312;10285.056640625;0;295.914794921875;0;;0.75;358586;m2;203257;0;
..\..\world\khazmodan\ironforge\passivedoodads\trees\ironforgesnowtree01.m2;21805.23828125;750.5325317382812;10642.220703125;0;123.19345092773438;0;;0.75;358839;m2;203257;0;
..\..\world\khazmodan\ironforge\passivedoodads\trees\ironforgesnowtree01.m2;21811.74609375;723.2919921875;10572.1357421875;0;0;0;;0.75;359145;m2;203257;0;
..\..\world\khazmodan\ironforge\passivedoodads\trees\ironforgesnowtree01.m2;21762.083984375;721.7250366210938;10373.099609375;0;184.768798828125;0;;0.7451171875;592982;m2;203257;0;
..\..\world\kalimdor\winterspring\passivedoodads\rocks\winterspringrock01.m2;21534.484375;722.1470947265625;10344.888671875;-1.5;0;-18;;0.8291015625;346546;m2;202845;0;
..\..\world\kalimdor\winterspring\passivedoodads\trees\newwinterspringtree05.m2;21378.73828125;707.6725463867188;10377.6806640625;0;0;0;;1;344045;m2;202859;0;
..\..\world\kalimdor\winterspring\passivedoodads\trees\newwinterspringtree05.m2;21348.484375;662.7714233398438;10545.9248046875;0;335.5;0;;1;347620;m2;202859;0;
..\..\world\kalimdor\winterspring\passivedoodads\trees\newwinterspringtree05.m2;21437.86328125;705.9630737304688;10406.826171875;0;137.5;0;;1;347665;m2;202859;0;
..\..\world\kalimdor\winterspring\passivedoodads\trees\newwinterspringtree05.m2;21437.763671875;708.8086547851562;10393.9091796875;0;0;0;;1;347666;m2;202859;0;
..\..\world\kalimdor\winterspring\passivedoodads\trees\newwinterspringtree05.m2;21676.67578125;704.5828247070312;10196.916015625;0;64;0;;1;355503;m2;202859;0;
..\..\world\kalimdor\winterspring\passivedoodads\trees\newwinterspringtree05.m2;21639.51171875;723.9310913085938;10360.6904296875;0;156.97509765625;0;;1;355945;m2;202859;0;
..\..\world\kalimdor\winterspring\passivedoodads\trees\newwinterspringtree05.m2;21855.8984375;697.4153442382812;10423.439453125;0;186.65240478515625;0;;1;355958;m2;202859;0;
..\..\world\kalimdor\winterspring\passivedoodads\trees\newwinterspringtree05.m2;21829.232421875;697.4273681640625;10469.7529296875;0;234.42245483398438;0;;1;355963;m2;202859;0;
..\..\world\kalimdor\winterspring\passivedoodads\trees\newwinterspringtree05.m2;21646.697265625;722.1677856445312;10132.6357421875;0;56.5703125;0;;1;356009;m2;202859;0;
..\..\world\kalimdor\winterspring\passivedoodads\trees\newwinterspringtree05.m2;21475.46875;702.3475952148438;10467.333984375;0;18.5;0;;1;357274;m2;202859;0;
..\..\world\kalimdor\winterspring\passivedoodads\trees\newwinterspringtree05.m2;21650.875;749.1458129882812;10605.5654296875;0;69.5;0;;1;358558;m2;202859;0;
..\..\world\kalimdor\winterspring\passivedoodads\trees\newwinterspringtree05.m2;21588.857421875;712.1228637695312;10184.8056640625;0;82.5921630859375;0;;1;358571;m2;202859;0;
..\..\world\kalimdor\winterspring\passivedoodads\trees\newwinterspringtree05.m2;21590.623046875;712.0231323242188;10185.9541015625;0;188.92666625976562;0;;1;358572;m2;202859;0;
..\..\world\kalimdor\winterspring\passivedoodads\trees\newwinterspringtree05.m2;21611.12890625;708.5179443359375;10190.2734375;0;297.5755615234375;0;;1;358573;m2;202859;0;
..\..\world\kalimdor\winterspring\passivedoodads\trees\newwinterspringtree05.m2;21660.552734375;697.9408569335938;10464.6875;0;214.04217529296875;0;;1;358682;m2;202859;0;
..\..\world\kalimdor\winterspring\passivedoodads\trees\newwinterspringtree05.m2;21704.7421875;698.49072265625;10514.55859375;0;0;0;;1;358725;m2;202859;0;
..\..\world\kalimdor\winterspring\passivedoodads\trees\newwinterspringtree05.m2;21811.80078125;747.2009887695312;10631.4296875;0;0;0;;1;359139;m2;202859;0;
..\..\world\kalimdor\winterspring\passivedoodads\trees\newwinterspringtree05.m2;21836.68359375;719.4634399414062;10596.0810546875;0;0;0;;1;359142;m2;202859;0;
..\..\world\kalimdor\winterspring\passivedoodads\trees\newwinterspringtree05.m2;21805.75;725.8582763671875;10572.5791015625;0;0;0;;1;359143;m2;202859;0;
..\..\world\kalimdor\winterspring\passivedoodads\trees\newwinterspringtree05.m2;21706.994140625;721.6493530273438;10389.76171875;0;250.97503662109375;0;;1;474653;m2;202859;0;
..\..\world\khazmodan\ironforge\passivedoodads\trees\ironforgesnowtree01.m2;21445.365234375;697.731689453125;10522.4404296875;0;0;0;;0.7392578125;357282;m2;203257;0;
..\..\world\khazmodan\ironforge\passivedoodads\trees\ironforgesnowtree01.m2;21730.275390625;721.1370239257812;10331.107421875;0;53.81268310546875;0;;0.734375;592918;m2;203257;0;
..\..\world\khazmodan\ironforge\passivedoodads\trees\ironforgesnowtree01.m2;21381.279296875;763.3362426757812;10137.8515625;0;211.05380249023438;0;;0.7294921875;355979;m2;203257;0;
..\..\world\khazmodan\ironforge\passivedoodads\trees\ironforgesnowtree01.m2;21819.947265625;698.4784545898438;10522.630859375;0;122.07280731201172;0;;0.7294921875;358674;m2;203257;0;
..\..\world\khazmodan\ironforge\passivedoodads\trees\ironforgesnowtree01.m2;21577.013671875;701.9795532226562;10472.650390625;0;0;0;;0.7197265625;357265;m2;203257;0;
..\..\world\khazmodan\ironforge\passivedoodads\trees\ironforgesnowtree01.m2;21532.83984375;710.7195434570312;10497.91015625;0;0;0;;0.7197265625;357283;m2;203257;0;
..\..\world\khazmodan\ironforge\passivedoodads\trees\ironforgesnowtree01.m2;21850.86328125;709.782958984375;10253.244140625;0;74.68731689453125;0;;0.7197265625;358607;m2;203257;0;
..\..\world\khazmodan\ironforge\passivedoodads\trees\ironforgesnowtree01.m2;21640.107421875;719.396484375;10129.8857421875;0;121.33673095703125;0;;0.7099609375;356010;m2;203257;0;
..\..\world\khazmodan\ironforge\passivedoodads\trees\wintersmalltree01.m2;21363.22265625;666.814697265625;10668.74609375;0;0;0;;1;347635;m2;203279;0;
..\..\world\khazmodan\ironforge\passivedoodads\trees\wintersmalltree01.m2;21391.306640625;667.5101928710938;10564.5185546875;0;0;0;;1;347636;m2;203279;0;
..\..\world\khazmodan\ironforge\passivedoodads\trees\wintersmalltree01.m2;21335.884765625;669.189208984375;10407.1328125;0;240.5;0;;1;347639;m2;203279;0;
..\..\world\khazmodan\ironforge\passivedoodads\trees\wintersmalltree01.m2;21492.625;727.8565063476562;10373.4873046875;0;0;0;;1;351534;m2;203279;0;
..\..\world\khazmodan\ironforge\passivedoodads\trees\wintersmalltree01.m2;21683.5625;713.083251953125;10403.142578125;0;115;0;;1;355444;m2;203279;0;
..\..\world\khazmodan\ironforge\passivedoodads\trees\wintersmalltree01.m2;21686.84375;713.6150512695312;10399.150390625;0;0;0;;1;355445;m2;203279;0;
..\..\world\khazmodan\ironforge\passivedoodads\trees\wintersmalltree01.m2;21539.654296875;725.933349609375;10374.392578125;0;0;0;;1;355509;m2;203279;0;
..\..\world\khazmodan\ironforge\passivedoodads\trees\wintersmalltree01.m2;21597.88671875;723.133544921875;10338.4013671875;0;0;0;;1;355510;m2;203279;0;
..\..\world\khazmodan\ironforge\passivedoodads\trees\wintersmalltree01.m2;21615.787109375;720.987060546875;10336.318359375;0;0;0;;1;355512;m2;203279;0;
..\..\world\khazmodan\ironforge\passivedoodads\trees\wintersmalltree01.m2;21359.87109375;722.4622802734375;10208.138671875;0;0;0;;1;355936;m2;203279;0;
..\..\world\khazmodan\ironforge\passivedoodads\trees\wintersmalltree01.m2;21471;724.2889404296875;10173.4716796875;0;251.51779174804688;0;;1;355990;m2;203279;0;
..\..\world\khazmodan\ironforge\passivedoodads\trees\wintersmalltree01.m2;21737.197265625;721.2551879882812;10259.484375;0;314.50836181640625;0;;1;358590;m2;203279;0;
..\..\world\khazmodan\ironforge\passivedoodads\trees\wintersmalltree01.m2;21806.404296875;702.5673217773438;10416.494140625;0;132.86172485351562;0;;1;358642;m2;203279;0;
..\..\world\khazmodan\ironforge\passivedoodads\trees\wintersmalltree01.m2;21630.94140625;751.5543823242188;10659.201171875;0;251.5;0;;1;358748;m2;203279;0;
..\..\world\khazmodan\ironforge\passivedoodads\trees\wintersmalltree01.m2;21636.7421875;751.3153686523438;10646.259765625;0;0;0;;1;358749;m2;203279;0;
..\..\world\khazmodan\ironforge\passivedoodads\trees\wintersmalltree01.m2;21562.103515625;726.67626953125;10320.6416015625;0;0;0;;1;358750;m2;203279;0;
..\..\world\khazmodan\ironforge\passivedoodads\trees\wintersmalltree01.m2;21688.509765625;720.7832641601562;10306.451171875;0;348;0;;1;481569;m2;203279;0;
..\..\world\khazmodan\ironforge\passivedoodads\trees\ironforgesnowtree01.m2;21781.951171875;696.5095825195312;10516.1904296875;0;54.08734130859375;0;;0.69921875;358547;m2;203257;0;
..\..\world\khazmodan\ironforge\passivedoodads\trees\ironforgesnowtree01.m2;21592.21875;701.1062622070312;10473.40625;0;0;0;;0.689453125;357264;m2;203257;0;
..\..\world\khazmodan\ironforge\passivedoodads\trees\ironforgesnowtree01.m2;21849.43359375;702.7715454101562;10387.80078125;0;344.62969970703125;0;;0.689453125;358635;m2;203257;0;
..\..\world\khazmodan\ironforge\passivedoodads\trees\ironforgesnowtree01.m2;21581.64453125;707.2318115234375;10519.58984375;0;217.12942504882812;0;;0.689453125;358680;m2;203257;0;
..\..\world\khazmodan\ironforge\passivedoodads\trees\ironforgesnowtree01.m2;21642.810546875;718.4661254882812;10295.849609375;0;259.6258544921875;0;;0.6796875;358568;m2;203257;0;
..\..\world\khazmodan\ironforge\passivedoodads\trees\ironforgesnowtree01.m2;21730.072265625;720.3557739257812;10254.8232421875;0;284.3447570800781;0;;0.669921875;358598;m2;203257;0;
..\..\world\khazmodan\ironforge\passivedoodads\trees\ironforgesnowtree01.m2;21831.33984375;701.24609375;10532.6640625;0;2.801605224609375;0;;0.6591796875;358676;m2;203257;0;
..\..\world\kalimdor\winterspring\passivedoodads\rocks\winterspringrock04.m2;21536.0546875;723.4417114257812;10350.109375;0;160.5;0;;0.669921875;346548;m2;202848;0;
..\..\world\khazmodan\ironforge\passivedoodads\trees\ironforgesnowtree01.m2;21843.08984375;725.91357421875;10613.9150390625;0;76.84072875976562;0;;0.6494140625;358836;m2;203257;0;
..\..\world\kalimdor\winterspring\passivedoodads\rocks\winterspringrock06.m2;21439.5703125;725.6793823242188;10143.5869140625;-6;140.2447509765625;11.000000953674316;;1.4697265625;355987;m2;202850;0;
..\..\world\khazmodan\ironforge\passivedoodads\trees\ironforgesnowtree01.m2;21405.875;671.3148193359375;10557.935546875;0;318.5;0;;0.6396484375;355471;m2;203257;0;
..\..\world\khazmodan\ironforge\passivedoodads\trees\ironforgesnowtree01.m2;21443.55078125;737.1791381835938;10215.5341796875;0;323;0;;0.6396484375;357170;m2;203257;0;
..\..\world\khazmodan\ironforge\passivedoodads\trees\ironforgesnowtree01.m2;21706.419921875;721.3651733398438;10322.859375;0;30.85491943359375;0;;0.6298828125;592914;m2;203257;0;
..\..\world\khazmodan\ironforge\passivedoodads\trees\ironforgesnowtree01.m2;21426.759765625;737.9774169921875;10292.80859375;0;355.5;0;;0.6298828125;357171;m2;203257;0;
..\..\world\khazmodan\ironforge\passivedoodads\trees\ironstump02.m2;21543.62890625;722.19140625;10363.173828125;0;359.5;0;;0.7099609375;355447;m2;203266;0;
..\..\world\khazmodan\ironforge\passivedoodads\trees\ironforgesnowtree01.m2;21626.40625;721.4337768554688;10328.5;0;318;0;;0.619140625;351548;m2;203257;0;
..\..\world\khazmodan\ironforge\passivedoodads\trees\ironforgesnowtree01.m2;21614.08984375;734.9983520507812;10624.546875;0;0;0;;0.619140625;358732;m2;203257;0;
..\..\world\khazmodan\ironforge\passivedoodads\trees\ironforgesnowtree01.m2;21678.61328125;760.216796875;10639.1171875;0;0;0;;0.619140625;358737;m2;203257;0;
..\..\world\kalimdor\winterspring\passivedoodads\winterspringfallentrees\winterspringfallentree02.m2;21716.650390625;720.7928466796875;10357.46484375;-3.5000007152557373;106.98464965820312;4.500000476837158;;0.7548828125;592950;m2;202874;0;
..\..\world\khazmodan\ironforge\passivedoodads\trees\ironforgesnowtree01.m2;21771.32421875;721.6514282226562;10369.7998046875;0;284.0601806640625;0;;0.59765625;592985;m2;203257;0;
..\..\world\generic\human\passivedoodads\valvesteam\deadminevalvesteam02.m2;21756.98828125;723.16455078125;10344.3203125;0;0;0;;1;481747;m2;198618;0;
..\..\world\khazmodan\ironforge\passivedoodads\trees\ironforgesnowtree01.m2;21599.384765625;733.9505615234375;10632.3291015625;0;0;0;;0.5791015625;358730;m2;203257;0;
..\..\world\khazmodan\ironforge\passivedoodads\trees\ironforgesnowtree01.m2;21805.55078125;750.3934936523438;10639.287109375;0;41.386749267578125;0;;0.5791015625;358840;m2;203257;0;
..\..\world\generic\nightelf\passivedoodads\stonerunes\kalidarstonerune02.m2;21739.73828125;698.8042602539062;10198.46484375;-4.500000476837158;219.5;8.000000953674316;;1.859375;571266;m2;198950;0;
..\..\world\generic\nightelf\passivedoodads\stonerunes\kalidarstonerune02.m2;21717.2265625;699.2626953125;10216.86328125;-4.5;178;8.000001907348633;;1.859375;571277;m2;198950;0;
..\..\world\kalimdor\winterspring\passivedoodads\rocks\winterspringrock01.m2;21774.302734375;696.7536010742188;10198.365234375;0;143.52252197265625;0;;0.5498046875;358612;m2;202845;0;
..\..\world\generic\nightelf\passivedoodads\taxiflags\taxiflagnightelf.m2;21814.4921875;701.7676391601562;10277.97265625;0;1.5;0;;1;559196;m2;198955;0;
..\..\world\generic\nightelf\passivedoodads\taxiflags\taxiflagnightelf.m2;21781.6875;698.3905029296875;10444.609375;0;330.5;0;;1;559291;m2;198955;0;
..\..\world\generic\orc\passivedoodads\tents\durotarorctent02.m2;21674.86328125;710.669189453125;10245.6748046875;0;294.5;0;;1;559359;m2;199385;0;
..\..\world\khazmodan\ironforge\passivedoodads\trees\wintersmalltree01.m2;21475.947265625;724.8721923828125;10176.21484375;0;206.06585693359375;0;;0.7998046875;355991;m2;203279;0;
..\..\world\khazmodan\ironforge\passivedoodads\trees\ironforgesnowtree01.m2;21831.23828125;702.3810424804688;10272.8916015625;0;348.0684814453125;0;;0.5595703125;358606;m2;203257;0;
..\..\world\khazmodan\ironforge\passivedoodads\trees\ironforgesnowtree01.m2;21378.99609375;768.3167114257812;10134.1748046875;0;222.64471435546875;0;;0.5498046875;355980;m2;203257;0;
..\..\world\kalimdor\winterspring\passivedoodads\trees\newwinterspringtree05.m2;21603.53125;708.6423950195312;10179.875;0;10.28350830078125;0;;0.7392578125;358574;m2;202859;0;
..\..\world\generic\gnome\passivedoodads\gnomemachine\gnomemachine05.m2;21763.22265625;732.76708984375;10329.5234375;0;341;0;;1.4697265625;481693;m2;197682;0;
..\..\world\khazmodan\ironforge\passivedoodads\trees\ironforgesnowtree01.m2;21759.412109375;722.13916015625;10312.009765625;0;113.32335662841797;0;;0.5380859375;592938;m2;203257;0;
..\..\world\generic\orc\passivedoodads\taxiflags\orctaxiflag.m2;21677.58203125;710.138671875;10263.427734375;0;356;0;;1;559345;m2;199383;0;
..\..\world\generic\goblin\passivedoodads\goblintents\goblintent02.m2;21677;720.421875;10326.2734375;0;274;0;;1.619140625;593148;m2;197792;0;
..\..\world\khazmodan\ironforge\passivedoodads\trees\ironforgesnowtree01.m2;21655.15625;710.1138305664062;10174.537109375;0;44;0;;0.529296875;355500;m2;203257;0;
..\..\world\kalimdor\winterspring\passivedoodads\winterspringbushes\winterspringbush01.m2;21420.26953125;668.6774291992188;10649.2109375;0;288.5;0;;2.359375;351561;m2;202868;0;
..\..\world\generic\nightelf\passivedoodads\hippogryphroost\hippogryphroost.m2;21802.15234375;701.5584106445312;10273.875;0;100.5;0;;1;559186;m2;198768;0;
..\..\world\khazmodan\ironforge\passivedoodads\trees\ironforgesnowtree01.m2;21356.3984375;747.6754150390625;10166.1640625;0;185.65264892578125;0;;0.51953125;355981;m2;203257;0;
..\..\world\generic\gnome\passivedoodads\gnomemachine\gnomemachine03.m2;21787.541015625;721.029052734375;10325.5234375;0;312;0;;0.779296875;481499;m2;197680;0;
..\..\world\kalimdor\winterspring\passivedoodads\rocks\winterspringrock05.m2;21691.193359375;711.12890625;10403.2734375;0;0;0;;1;355441;m2;202849;0;
..\..\world\kalimdor\winterspring\passivedoodads\rocks\winterspringrock05.m2;21734.87890625;720.4224853515625;10259.4951171875;0;82.98370361328125;0;;1;358591;m2;202849;0;
..\..\world\generic\nightelf\passivedoodads\stonerunes\kalidarstonerune03.m2;21730.544921875;699.4960327148438;10218.57421875;0;187;0;;3.169921875;571272;m2;198951;0;
..\..\world\generic\goblin\passivedoodads\goblintents\goblintent02.m2;21731.005859375;724.0175170898438;10309.076171875;0;37;0;;1.2197265625;592925;m2;197792;0;
..\..\world\kalimdor\winterspring\passivedoodads\rocks\winterspringrock06.m2;21370.0234375;719.7215576171875;10276.169921875;0;0;0;;1.7392578125;355939;m2;202850;0;
..\..\world\generic\gnome\passivedoodads\gnomewalladdons\gnomewalladdon01.m2;21743.248046875;721.5169067382812;10365.3994140625;89.4987564086914;294.0032958984375;-70.99671936035156;;3.919921875;481759;m2;197708;0;
..\..\world\generic\nightelf\passivedoodads\stonerunes\kalidarstonerune01.m2;21737.6484375;699.8944702148438;10196.720703125;0;38;0;;1.3095703125;571265;m2;198949;0;
..\..\world\khazmodan\ironforge\passivedoodads\trees\ironforgesnowtree01.m2;21705.08203125;721.5841064453125;10369.9248046875;0;201.15640258789062;0;;0.5087890625;592979;m2;203257;0;
..\..\world\kalimdor\winterspring\passivedoodads\winterspringfallentrees\winterspringfallentree02.m2;21720.53515625;720.9588623046875;10329.8984375;0;155.8677978515625;2.500000476837158;;0.6298828125;592922;m2;202874;0;
..\..\world\khazmodan\ironforge\passivedoodads\trees\ironstump02.m2;21361.11328125;718.3358764648438;10223.212890625;0;221;0;;0.5693359375;355937;m2;203266;0;
..\..\world\generic\gnome\passivedoodads\lights\gnomestructuralspotlight02.m2;21776.984375;726.9161376953125;10362.435546875;0;338.5;0;;1;481529;m2;197719;0;
..\..\world\generic\nightelf\passivedoodads\stonerunes\kalidarstonerune02.m2;21715.228515625;699.4381713867188;10200.765625;1;192;-10.5;;1.599609375;571258;m2;198950;0;
..\..\world\generic\gnome\passivedoodads\lights\gnomestructuralspotlight02.m2;21777.984375;726.7234497070312;10358.6201171875;0;19.5;0;;1;481528;m2;197719;0;
..\..\world\khazmodan\ironforge\passivedoodads\trees\ironforgesnowtree01.m2;21773.291015625;774.3889770507812;10634.140625;0;0;0;;0.4892578125;358744;m2;203257;0;
..\..\world\kalimdor\winterspring\passivedoodads\rocks\winterspringrock06.m2;21362.919921875;664.2940063476562;10577.416015625;0;0;0;;1.6494140625;347616;m2;202850;0;
..\..\world\generic\nightelf\passivedoodads\hippogryphroost\hippogryphroost.m2;21814.71484375;701.498046875;10270.099609375;0;267.5;0;;1;559188;m2;198768;0;
..\..\world\khazmodan\ironforge\passivedoodads\trees\wintersmalltree01.m2;21731.890625;721.7938232421875;10259.603515625;0;97;0;;0.6796875;481570;m2;203279;0;
..\..\world\kalimdor\winterspring\passivedoodads\winterspringbushes\winterspringbush01.m2;21794.58203125;721.4929809570312;10323.642578125;0;304.6492004394531;0;;1.9658203125;481817;m2;202868;0;
..\..\world\khazmodan\ironforge\passivedoodads\trees\ironforgesnowtree01.m2;21687.6328125;721.4230346679688;10321.3388671875;0;262.35308837890625;0;;0.478515625;592911;m2;203257;0;
..\..\world\khazmodan\ironforge\passivedoodads\trees\ironforgesnowtree01.m2;21723.61328125;722.2290649414062;10361.689453125;0;280.5774230957031;0;;0.4775390625;592947;m2;203257;0;
..\..\world\kalimdor\winterspring\passivedoodads\winterspringbushes\winterspringbush01.m2;21767.513671875;721.166259765625;10285.65625;0;33.63018798828125;0;;1.95703125;481813;m2;202868;0;
..\..\world\generic\nightelf\passivedoodads\hippogryphroost\hippogryphroost.m2;21801.263671875;701.5086059570312;10267.048828125;0;89.5;0;;1;559187;m2;198768;0;
..\..\world\khazmodan\ironforge\passivedoodads\trees\ironforgesnowtree01.m2;21730.509765625;720.8991088867188;10341.5166015625;0;4.5;0;;0.4697265625;592956;m2;203257;0;
..\..\world\kalimdor\winterspring\passivedoodads\rocks\winterspringrock06.m2;21333.5;666.2792358398438;10452.1416015625;0;0;0;;1.5595703125;347867;m2;202850;0;
..\..\world\khazmodan\ironforge\passivedoodads\trees\ironforgesnowtree01.m2;21743.029296875;723.8345947265625;10306.052734375;0;27.137481689453125;0;;0.4560546875;592939;m2;203257;0;
..\..\world\khazmodan\ironforge\passivedoodads\trees\ironforgesnowtree01.m2;21719.12890625;721.1544189453125;10369.263671875;0;293.0485534667969;0;;0.455078125;592978;m2;203257;0;
..\..\world\generic\nightelf\passivedoodads\lamps\darnassusstreetlamp01.m2;21705.060546875;699.9310302734375;10219.40625;0;237.50003051757812;0;;1;571254;m2;198770;0;
..\..\world\generic\nightelf\passivedoodads\lamps\darnassusstreetlamp01.m2;21752.35546875;699.8252563476562;10219.033203125;0;348.5;0;;1;571275;m2;198770;0;
..\..\world\kalimdor\winterspring\passivedoodads\winterspringbushes\winterspringbush01.m2;21793.787109375;721.9378051757812;10349.75390625;0;149.37469482421875;0;;1.8818359375;481818;m2;202868;0;
..\..\world\kalimdor\winterspring\passivedoodads\winterspringbushes\winterspringbush01.m2;21767.56640625;721.1197509765625;10287.95703125;0;144.507568359375;0;;1.841796875;481812;m2;202868;0;
..\..\world\kalimdor\winterspring\passivedoodads\winterspringbushes\winterspringbush01.m2;21715.76953125;721.4514770507812;10264.66796875;0;49.286163330078125;0;;1.8046875;481836;m2;202868;0;
..\..\world\kalimdor\winterspring\passivedoodads\winterspringbushes\winterspringbush01.m2;21794.78125;721.663818359375;10324.705078125;0;336.093017578125;0;;1.9091796875;481816;m2;202868;0;
..\..\world\kalimdor\winterspring\passivedoodads\winterspringbushes\winterspringbush01.m2;21405.728515625;665.1586303710938;10618.5390625;0;14;0;;2.0595703125;351564;m2;202868;0;
..\..\world\generic\goblin\passivedoodads\goblintents\goblintent02.m2;21759.107421875;721.6605224609375;10344.23828125;0;350;0;;1.2294921875;592962;m2;197792;0;
..\..\world\generic\orc\passivedoodads\orcfence\orcfence.m2;21670.005859375;710.0580444335938;10241.744140625;0;208.02117919921875;0;;1;559366;m2;199209;0;
..\..\world\generic\orc\passivedoodads\wyvernroost\wyvernroost01.m2;21686.8203125;710.5580444335938;10249.875;0;299;0;;1;559343;m2;199454;0;
..\..\world\kalimdor\winterspring\passivedoodads\winterspringbushes\winterspringbush01.m2;21357.810546875;665.903564453125;10666.572265625;0;47.5;0;;1.7294921875;351558;m2;202868;0;
..\..\world\generic\orc\passivedoodads\orcfence\orcfence.m2;21675.572265625;710.169189453125;10240.353515625;0;174.2193603515625;0;;1;559365;m2;199209;0;
..\..\world\generic\goblin\passivedoodads\goblinshreddersuit\goblinshreddersuit02.m2;21711.98046875;721.947021484375;10310.0322265625;0;28;0;;1;480042;m2;197790;0;
..\..\world\kalimdor\winterspring\passivedoodads\winterspringfallentrees\winterspringfallentree02.m2;21750.98828125;722.85205078125;10309.658203125;3.499999761581421;177.9310302734375;10.499999046325684;;0.5185546875;592942;m2;202874;0;
..\..\world\goober\g_goblinteleporter.m2;21724.748046875;724.1386108398438;10311.3212890625;0;31.60797119140625;0;;0.80078125;592917;m2;201026;0;
..\..\world\kalimdor\winterspring\passivedoodads\winterspringbushes\winterspringbush01.m2;21707.951171875;721.5652465820312;10286.2197265625;0;217.7446746826172;0;;1.6875;481835;m2;202868;0;
..\..\world\generic\orc\passivedoodads\orcfence\orcfence.m2;21680.76953125;710.2242431640625;10242.732421875;0;131.18017578125;0;;1;559363;m2;199209;0;
..\..\world\kalimdor\winterspring\passivedoodads\rocks\winterspringrock05.m2;21732.2421875;720.4989013671875;10342.9453125;0;87.5;0;;0.76953125;592955;m2;202849;0;
..\..\world\generic\nightelf\passivedoodads\signposts\nightelfsignpost02.m2;21624.55078125;717.5276489257812;10413.69921875;0;85;0;;1;573935;m2;198846;0;
..\..\world\kalimdor\winterspring\passivedoodads\winterspringbushes\winterspringbush01.m2;21386.97265625;666.8408203125;10569.4072265625;0;0;0;;2.2099609375;351567;m2;202868;0;
..\..\world\generic\goblin\passivedoodads\goblintents\goblintent02.m2;21749.78125;720.9734497070312;10364.55859375;0;178;0;;1.2294921875;592963;m2;197792;0;
..\..\world\generic\goblin\passivedoodads\goblintents\goblintent02.m2;21785.224609375;720.9533081054688;10336.66015625;0;268;0;;1.2294921875;592974;m2;197792;0;
..\..\world\generic\goblin\passivedoodads\goblintents\goblintent02.m2;21760.244140625;721.19873046875;10361.7685546875;0;289.5;0;;1;481682;m2;197792;0;
..\..\world\kalimdor\winterspring\passivedoodads\winterspringbushes\winterspringbush01.m2;21681.03515625;721.337646484375;10360.07421875;0;163.5914306640625;0;;1.7548828125;481829;m2;202868;0;
..\..\world\khazmodan\ironforge\passivedoodads\trees\ironstump02.m2;21433.697265625;726.1254272460938;10149.248046875;0;235.43310546875;0;;0.439453125;355988;m2;203266;0;
..\..\world\khazmodan\ironforge\passivedoodads\trees\ironforgesnowtree01.m2;21727.791015625;721.41552734375;10331.125;0;183.2943115234375;0;;0.3779296875;592919;m2;203257;0;
..\..\world\generic\nightelf\passivedoodads\fountains\elvenfountain.m2;21751.869140625;699.4295043945312;10212.1953125;0;144;0;;1.4892578125;571251;m2;198754;0;
..\..\world\kalimdor\winterspring\passivedoodads\winterspringbushes\winterspringbush01.m2;21710.62109375;721.21435546875;10397.9775390625;0;212.40516662597656;0;;1.5146484375;481825;m2;202868;0;
..\..\world\kalimdor\winterspring\passivedoodads\winterspringbushes\winterspringbush01.m2;21681.44140625;722.2977294921875;10368.1728515625;0;34.14654541015625;0;;1.50390625;481830;m2;202868;0;
..\..\world\kalimdor\winterspring\passivedoodads\winterspringbushes\winterspringbush01.m2;21403.697265625;665.50439453125;10605.21484375;0;0;0;;2.0390625;351565;m2;202868;0;
..\..\world\kalimdor\winterspring\passivedoodads\winterspringbushes\winterspringbush01.m2;21416.58984375;668.1891479492188;10651.630859375;0;0;0;;1.9892578125;351560;m2;202868;0;
..\..\world\generic\orc\passivedoodads\wyvernroost\wyvernroost01.m2;21685.58203125;710.6135864257812;10256.810546875;0;267;0;;1;559344;m2;199454;0;
..\..\world\kalimdor\winterspring\passivedoodads\winterspringbushes\winterspringbush01.m2;21407.103515625;668.2532958984375;10657.794921875;0;0;0;;1.9599609375;351562;m2;202868;0;
..\..\world\generic\gnome\passivedoodads\steamwhistles\gnomewhistle04.m2;21744.67578125;737.281494140625;10280.7685546875;0;44.5;0;;3.279296875;496619;m2;197749;0;
..\..\world\generic\goblin\passivedoodads\goblintents\goblintent02.m2;21706.47265625;721.4386596679688;10311.34765625;0;1.5;0;;1.099609375;592913;m2;197792;0;
..\..\world\generic\goblin\passivedoodads\goblintents\goblintent02.m2;21690.009765625;721.1926879882812;10349.056640625;0;82.5;0;;1;480079;m2;197792;0;
..\..\world\kalimdor\winterspring\passivedoodads\winterspringbushes\winterspringbush01.m2;21399.5234375;666.2445068359375;10587.08203125;0;0;0;;1.869140625;351566;m2;202868;0;
..\..\world\kalimdor\winterspring\passivedoodads\winterspringbushes\winterspringbush01.m2;21699.640625;722.1865234375;10379.234375;0;29.38934326171875;0;;1.384765625;481827;m2;202868;0;
..\..\world\kalimdor\winterspring\passivedoodads\winterspringbushes\winterspringbush01.m2;21706.791015625;721.6836547851562;10303.203125;0;177.44561767578125;0;;1.7548828125;481833;m2;202868;0;
..\..\world\kalimdor\winterspring\passivedoodads\rocks\winterspringrock06.m2;21774.990234375;773.2919921875;10631.001953125;-6.499999523162842;178.5;3;;1;358745;m2;202850;0;
..\..\world\kalimdor\winterspring\passivedoodads\winterspringbushes\winterspringbush01.m2;21739.2734375;723.6096801757812;10258.015625;0;273.56793212890625;0;;1.6416015625;481809;m2;202868;0;
..\..\world\kalimdor\winterspring\passivedoodads\winterspringbushes\winterspringbush01.m2;21361.71875;664.6780395507812;10580.80859375;0;0;0;;1.7294921875;351568;m2;202868;0;
..\..\world\kalimdor\winterspring\passivedoodads\winterspringbushes\winterspringbush01.m2;21359.921875;664.9081420898438;10600.6103515625;0;2;0;;1.6396484375;351569;m2;202868;0;
..\..\world\khazmodan\ironforge\passivedoodads\trees\ironstump05.m2;21718.078125;720.69970703125;10351.1953125;0;323.3033752441406;0;;0.3095703125;592951;m2;203270;0;
..\..\world\kalimdor\winterspring\passivedoodads\winterspringbushes\winterspringbush01.m2;21774.505859375;698.875244140625;10203.31640625;0;356.0997314453125;0;;1.5791015625;358613;m2;202868;0;
..\..\world\generic\orc\passivedoodads\orcfence\orcfencepost.m2;21683.140625;710.2796020507812;10245.0234375;0;129.82662963867188;0;;1;559364;m2;199210;0;
..\..\world\kalimdor\winterspring\passivedoodads\winterspringbushes\winterspringbush01.m2;21743.48828125;703.9269409179688;10421.4619140625;0;334.47796630859375;0;;1.2392578125;481823;m2;202868;0;
..\..\world\kalimdor\winterspring\passivedoodads\winterspringbushes\winterspringbush01.m2;21344.8203125;663.694580078125;10549.4482421875;0;0;0;;1.609375;351571;m2;202868;0;
..\..\world\khazmodan\ironforge\passivedoodads\bush\ironforgesnowybush02.m2;21720.33203125;721.9661865234375;10360.943359375;0;104.73784637451172;0;;1.501953125;592952;m2;203151;0;
..\..\world\generic\nightelf\passivedoodads\furniture\stonebench01.m2;21710.4765625;700.1062622070312;10220.1748046875;0;114;0;;1;571255;m2;198757;0;
..\..\world\generic\nightelf\passivedoodads\furniture\stonebench01.m2;21749.41015625;699.9302368164062;10215.7587890625;0;93;0;;1;571276;m2;198757;0;
..\..\world\kalimdor\winterspring\passivedoodads\winterspringbushes\winterspringbush01.m2;21745.5546875;703.7944946289062;10421.7607421875;0;177.51153564453125;0;;1.47265625;481824;m2;202868;0;
..\..\world\kalimdor\winterspring\passivedoodads\winterspringbushes\winterspringbush01.m2;21781.03125;698.4378051757812;10443.703125;0;177.51153564453125;0;;1.47265625;559281;m2;202868;0;
..\..\world\kalimdor\winterspring\passivedoodads\winterspringbushes\winterspringbush01.m2;21697.93359375;722.1633911132812;10378.8212890625;0;104.15355682373047;0;;1.267578125;481828;m2;202868;0;
..\..\world\generic\dwarf\passivedoodads\excavationbarrierplank\excavationbarrierplank02.m2;21675.78515625;711.6680297851562;10248.4794921875;0;30.5;0;;0.4091796875;559347;m2;197338;0;
..\..\world\generic\nightelf\passivedoodads\furniture\stonebench01.m2;21815.537109375;701.4945068359375;10258.63671875;0.49999985098838806;139.7288818359375;3.500000238418579;;1;559282;m2;198757;0;
..\..\world\generic\human\passivedoodads\cargonetboxes\deadminecargonetboxes.m2;21690.09375;721.8355712890625;10349.6171875;-4.999999523162842;354.5;3.500000238418579;;1;481705;m2;198086;0;
..\..\world\azeroth\duskwood\passivedoodads\fence\duskwoodfencetop.m2;21678.69140625;720.9514770507812;10325.0888671875;0;5.5;0;;1;593144;m2;189471;0;
..\..\world\azeroth\duskwood\passivedoodads\fence\duskwoodfencetop.m2;21678.48828125;720.9860229492188;10327.3994140625;0;181.5;0;;1;593145;m2;189471;0;
..\..\world\kalimdor\winterspring\passivedoodads\winterspringbushes\winterspringbush01.m2;21687.974609375;721.2359008789062;10306.498046875;0;231.48899841308594;0;;1.0517578125;481831;m2;202868;0;
..\..\world\kalimdor\winterspring\passivedoodads\winterspringbushes\winterspringbush01.m2;21708.15625;721.4805908203125;10284.42578125;0;146.18853759765625;0;;1.056640625;481834;m2;202868;0;
..\..\world\kalimdor\winterspring\passivedoodads\winterspringbushes\winterspringbush01.m2;21763.728515625;721.172607421875;10268.3212890625;0;46.35272216796875;0;;1.0302734375;481811;m2;202868;0;
..\..\world\generic\gnome\passivedoodads\steamwhistles\gnomewhistle04.m2;21704.7421875;732.6624755859375;10360.8134765625;0;2;0;;2.3994140625;492827;m2;197749;0;
..\..\world\generic\gnome\passivedoodads\steamwhistles\gnomewhistle04.m2;21718.4140625;735.49560546875;10303.708984375;0;218.5;0;;2.3994140625;496621;m2;197749;0;
..\..\world\azeroth\stranglethorn\activedoodads\cages\cage03.m2;21782.96875;721.6187133789062;10346.046875;-3.500000238418579;168;1.5;;1.0693359375;481476;m2;190143;0;
..\..\world\kalimdor\winterspring\passivedoodads\winterspringbushes\winterspringbush01.m2;21744.84375;721.1996459960938;10260.5263671875;0;52.812896728515625;0;;1.0341796875;481810;m2;202868;0;
..\..\world\kalimdor\winterspring\passivedoodads\winterspringbushes\winterspringbush01.m2;21732.541015625;722.002685546875;10259.2734375;0;354.6824645996094;0;;1.3017578125;481808;m2;202868;0;
..\..\world\kalimdor\winterspring\passivedoodads\winterspringbushes\winterspringbush01.m2;21735.873046875;700.0526123046875;10199.1982421875;0;96.5;0;;1.26953125;571267;m2;202868;0;
..\..\world\kalimdor\winterspring\passivedoodads\winterspringbushes\winterspringbush01.m2;21705.96484375;721.9805908203125;10389.20703125;0;5.37249755859375;0;;1.271484375;481826;m2;202868;0;
..\..\world\azeroth\stranglethorn\activedoodads\cages\cage02.m2;21785.625;721.2926025390625;10341.71875;0.9999998807907104;181.5;10.000000953674316;;1.169921875;481475;m2;190142;0;
..\..\world\generic\gnome\passivedoodads\gnomemachine\gnomemachinebroken04.m2;21760.99609375;720.9765014648438;10361.076171875;0;292;0;;0.94921875;481680;m2;197685;0;
..\..\world\kalimdor\winterspring\passivedoodads\winterspringbushes\winterspringbush01.m2;21708.025390625;722.11767578125;10302.095703125;0;66.50225830078125;0;;1.037109375;481832;m2;202868;0;
..\..\world\azeroth\burningsteppes\passivedoodads\orcsleepmats\orcsleepmat03.m2;21676.703125;710.669189453125;10251.8125;0;112;0;;1;559357;m2;189198;0;
..\..\world\khazmodan\ironforge\passivedoodads\bush\ironforgesnowybush02.m2;21718.185546875;721.2501831054688;10368.12109375;0;186.40054321289062;0;;1.3212890625;592980;m2;203151;0;
..\..\world\khazmodan\ironforge\passivedoodads\trees\ironstump03.m2;21726.70703125;720.784912109375;10332.115234375;0;41.56134033203125;0;;0.4296875;592923;m2;203268;0;
..\..\world\kalimdor\winterspring\passivedoodads\winterspringbushes\winterspringbush01.m2;21402.50390625;666.4762573242188;10633.712890625;0;0;0;;1.279296875;351563;m2;202868;0;
..\..\world\generic\gnome\passivedoodads\steamwhistles\gnomewhistle04.m2;21702.84375;731.9573364257812;10319.1123046875;0;11;0;;2.109375;480077;m2;197749;0;
..\..\world\generic\gnome\passivedoodads\steamwhistles\gnomewhistle04.m2;21745.05078125;732.2115478515625;10380.640625;0;11;0;;2.109375;492825;m2;197749;0;
..\..\world\generic\gnome\passivedoodads\gnomemachine\gnomemachine04.m2;21786.07421875;721.0088500976562;10338.68359375;0;182;0;;1;481509;m2;197681;0;
..\..\world\generic\tauren\passivedoodads\watertroughs\watertroughsmall01.m2;21686.744140625;710.669921875;10253.30078125;0;253.5;0;;1;559379;m2;200602;0;
..\..\world\khazmodan\ironforge\passivedoodads\bush\ironforgesnowybush02.m2;21690.482421875;721.8078002929688;10328.052734375;0;330.7735290527344;0;;1.0888671875;592912;m2;203151;0;
..\..\world\generic\gnome\passivedoodads\furniture\gnometable04.m2;21731.20703125;724.1842041015625;10307.8203125;0;251;0;;1;592926;m2;197664;0;
..\..\world\kalimdor\winterspring\passivedoodads\winterspringbushes\winterspringbush01.m2;21765.52734375;700.6743774414062;10203.18359375;0;104.505126953125;0;;1;358615;m2;202868;0;
..\..\world\khazmodan\ironforge\passivedoodads\trees\ironstump04.m2;21718.552734375;721.2431640625;10364.404296875;0;336.720947265625;0;;0.2548828125;592949;m2;203269;0;
..\..\world\generic\orc\passivedoodads\barrelsandcrates\orccratebroken03.m2;21787.734375;721.2545776367188;10322.0732421875;6.5;12.5;-9.000000953674316;;1.3193359375;481504;m2;199105;0;
..\..\world\generic\gnome\passivedoodads\steamwhistles\gnomewhistle03.m2;21691.326171875;730.34130859375;10322.9609375;0;197.5;0;;2.0693359375;480078;m2;197748;0;
..\..\world\generic\human\passivedoodads\oildrums\oildrum01.m2;21745.90234375;721.0833129882812;10332.7529296875;3.5;0;-18;;1;481633;m2;198372;0;
..\..\world\kalimdor\winterspring\passivedoodads\winterspringbushes\winterspringbush01.m2;21735.36328125;721.78125;10407.390625;0;259.9774169921875;0;;1.0263671875;481822;m2;202868;0;
..\..\world\kalimdor\winterspring\passivedoodads\winterspringbushes\winterspringbush01.m2;21763.84765625;713.5148315429688;10259.591796875;0;87.08029174804688;0;;1.109375;358616;m2;202868;0;
..\..\world\kalimdor\winterspring\passivedoodads\winterspringbushes\winterspringbush01.m2;21732.384765625;721.604248046875;10407.1748046875;0;177.91802978515625;0;;1.1103515625;481821;m2;202868;0;
..\..\world\generic\human\passivedoodads\oildrums\oildrum01.m2;21748.087890625;720.93017578125;10331.349609375;-16.5;348.5;-3.5000007152557373;;1;481632;m2;198372;0;
..\..\world\khazmodan\ironforge\passivedoodads\bush\ironforgesnowybush02.m2;21743.72265625;723.95654296875;10306.85546875;0;249.41717529296875;0;;1.0302734375;592943;m2;203151;0;
..\..\world\azeroth\burningsteppes\passivedoodads\orcsleepmats\orcsleepmat01.m2;21674.94921875;710.6680297851562;10247.681640625;0;129.9779052734375;0;;1;559360;m2;189196;0;
..\..\world\generic\orc\passivedoodads\hammocks\hammock04.m2;21676.666015625;710.6818237304688;10241.927734375;0;135.4779052734375;0;;1;559349;m2;199163;0;
..\..\world\khazmodan\ironforge\passivedoodads\bush\ironforgesnowybush02.m2;21731.4140625;721.0852661132812;10330.990234375;0;2.801513671875;0;;1.1611328125;592920;m2;203151;0;
..\..\world\generic\nightelf\passivedoodads\pottery\elvenpottery03.m2;21732.654296875;700.71826171875;10214.9248046875;6.000000476837158;96.5;-3.499999761581421;;1;571271;m2;198803;0;
..\..\world\generic\nightelf\passivedoodads\pottery\elvenpottery03.m2;21734.421875;700.0598754882812;10196.78515625;0;96.5;0;;1;571268;m2;198803;0;
..\..\world\khazmodan\ironforge\passivedoodads\bush\ironforgesnowybush02.m2;21707.0546875;721.3641967773438;10323.318359375;0;283.9610900878906;0;;0.998046875;592916;m2;203151;0;
..\..\world\generic\orc\passivedoodads\barrelsandcrates\orccratebroken01.m2;21782.912109375;722.10498046875;10320.34765625;-12.999996185302734;231.5;-153;;1;481505;m2;199103;0;
..\..\world\khazmodan\ironforge\passivedoodads\trees\ironstump02.m2;21765.88671875;721.6214599609375;10369.501953125;0;43.539459228515625;0;;0.21484375;592983;m2;203266;0;
..\..\world\generic\orc\passivedoodads\barrelsandcrates\orcbarrel04.m2;21784.02734375;720.5546264648438;10318.79296875;-44.999996185302734;327.5;16.000001907348633;;1;481506;m2;199092;0;
..\..\world\kalimdor\winterspring\passivedoodads\winterspringbushes\winterspringbush01.m2;21770.67578125;698.6790161132812;10195.1669921875;0;178.21466064453125;0;;1;358614;m2;202868;0;
..\..\world\generic\orc\passivedoodads\barrelsandcrates\orccratebroken01.m2;21785.1171875;721.3018798828125;10320.671875;-6;330;14.5;;1;481503;m2;199103;0;
..\..\world\generic\human\passivedoodads\oildrums\oildrum01.m2;21757.98828125;722.1245727539062;10343.65234375;-32.999996185302734;0;-88.49999237060547;;1;481744;m2;198372;0;
..\..\world\kalimdor\winterspring\passivedoodads\winterspringbushes\winterspringbush01.m2;21372.51953125;665.9407348632812;10664.3603515625;0;0;0;;1;351559;m2;202868;0;
..\..\world\khazmodan\ironforge\passivedoodads\trees\ironstump01.m2;21756.63671875;722.3912963867188;10310.064453125;0;144.61529541015625;0;;0.2001953125;592941;m2;203265;0;
..\..\world\generic\gnome\passivedoodads\furniture\gnometable03.m2;21749.521484375;721.1002197265625;10363.2509765625;0;2;0;;1;481726;m2;197663;0;
..\..\world\khazmodan\ironforge\passivedoodads\bush\ironforgesnowybush02.m2;21730.67578125;720.9846801757812;10331.791015625;0;284.8015441894531;0;;0.9208984375;592924;m2;203151;0;
..\..\world\generic\passivedoodads\lights\generaltorch01.m2;21659.546875;718.766357421875;10328.3134765625;6.000000476837158;0;3.000000238418579;;1;592907;m2;199820;0;
..\..\world\generic\human\passivedoodads\oildrums\oildrum01.m2;21708.619140625;721.75927734375;10357.27734375;59.5;293;-75;;0.859375;481777;m2;198372;0;
..\..\world\generic\human\passivedoodads\cargoboxes\deadminecargoboxes.m2;21700.58984375;721.4610595703125;10329.6171875;0;8.5;0;;1;481661;m2;198085;0;
..\..\world\generic\passivedoodads\lights\generaltorch01.m2;21784.255859375;721.6780395507812;10343.8232421875;4.499999523162842;35.5;-2.000000238418579;;1;481480;m2;199820;0;
..\..\world\generic\passivedoodads\lights\generaltorch01.m2;21677.0078125;710.311767578125;10263.44921875;4.500000476837158;341.5;0.9999998807907104;;1;559346;m2;199820;0;
..\..\world\generic\human\passivedoodads\oildrums\oildrum01.m2;21686.75390625;721.7222900390625;10329.7685546875;0;0;0;;1;481622;m2;198372;0;
..\..\world\generic\human\passivedoodads\oildrums\oildrum01.m2;21686.84765625;721.6990356445312;10327.6748046875;0;243.5;0;;1;481623;m2;198372;0;
..\..\world\generic\orc\passivedoodads\barrelsandcrates\orcbarrel04.m2;21787.05078125;721.0157470703125;10332.6953125;4.499999523162842;148.5;-23.000003814697266;;1;481481;m2;199092;0;
..\..\world\generic\passivedoodads\lights\generaltorch01.m2;21672.34375;710.669189453125;10249.974609375;2.500000238418579;305;-1.5000003576278687;;1;559348;m2;199820;0;
..\..\world\generic\nightelf\passivedoodads\furniture\elvenstonestool01.m2;21712.763671875;699.8031005859375;10223.154296875;0;96.5;0;;1.5693359375;571256;m2;198755;0;
..\..\world\generic\passivedoodads\lights\generaltorch01.m2;21806.90234375;701.3572998046875;10279.638671875;0;0;0;;1;559286;m2;199820;0;
..\..\world\generic\passivedoodads\lights\generaltorch01.m2;21820.822265625;702.441650390625;10316.119140625;0;0;0;;1;559287;m2;199820;0;
..\..\world\generic\passivedoodads\lights\generaltorch01.m2;21815.9921875;707.0012817382812;10359.04296875;0;0;0;;1;559288;m2;199820;0;
..\..\world\generic\passivedoodads\lights\generaltorch01.m2;21797.44140625;702.909912109375;10404.1015625;0;0;0;;1;559289;m2;199820;0;
..\..\world\generic\passivedoodads\lights\generaltorch01.m2;21787.240234375;697.9963989257812;10447.744140625;0;0;0;;1;559290;m2;199820;0;
..\..\world\generic\passivedoodads\lights\generaltorch01.m2;21675.328125;710.1812744140625;10264.74609375;0;0;0;;1;559390;m2;199820;0;
..\..\world\generic\passivedoodads\lights\generaltorch01.m2;21668.671875;710.4138793945312;10262.21484375;0;0;0;;1;559391;m2;199820;0;
..\..\world\generic\passivedoodads\lights\generaltorch01.m2;21703.54296875;721.4732055664062;10327.37109375;0;321;0;;1;592936;m2;199820;0;
..\..\world\generic\passivedoodads\lights\generaltorch01.m2;21740.841796875;723.9681396484375;10305.1279296875;0;0;0;;1;592945;m2;199820;0;
..\..\world\generic\passivedoodads\lights\generaltorch01.m2;21734.927734375;723.9918823242188;10305.23828125;0;302;0;;1;592946;m2;199820;0;
..\..\world\generic\passivedoodads\lights\generaltorch01.m2;21704.42578125;721.3016357421875;10353.203125;0;261.5;0;;1;592954;m2;199820;0;
..\..\world\generic\passivedoodads\lights\generaltorch01.m2;21745.16015625;721.1563110351562;10335.818359375;0;0;0;;1;592964;m2;199820;0;
..\..\world\generic\passivedoodads\lights\generaltorch01.m2;21748.171875;721.0892944335938;10340.927734375;0;0;0;;1;592965;m2;199820;0;
..\..\world\generic\passivedoodads\lights\generaltorch01.m2;21762.09765625;721.087646484375;10357.3369140625;0;0;0;;1;592966;m2;199820;0;
..\..\world\generic\passivedoodads\lights\generaltorch01.m2;21740.015625;721.6475219726562;10362.2998046875;0;308.5;0;;1;592967;m2;199820;0;
..\..\world\generic\human\passivedoodads\cargoboxes\deadminecargoboxes.m2;21755.5078125;721.8026733398438;10342.8134765625;0;354.5;0;;1;481752;m2;198085;0;
..\..\world\generic\orc\passivedoodads\barrelsandcrates\orccratebroken03.m2;21785.72265625;721.5183715820312;10322.779296875;0;25;0;;1;481502;m2;199105;0;
..\..\world\generic\orc\passivedoodads\barrelsandcrates\orccrate09.m2;21689.01953125;721.5635986328125;10351.4404296875;-13.999998092651367;218.5;-17.000001907348633;;0.8798828125;481707;m2;199101;0;
..\..\world\generic\nightelf\passivedoodads\pottery\elvenpottery04.m2;21712.61328125;699.9775390625;10199.908203125;0;96.5;0;;1.1396484375;571260;m2;198804;0;
..\..\world\khazmodan\ironforge\passivedoodads\steamtank\ruinedsteamtankaxle01.m2;21758.99609375;721.19873046875;10359.6748046875;-6;0;1;;0.509765625;481681;m2;203232;0;
..\..\world\generic\gnome\passivedoodads\furniture\gnometable01.m2;21751.09375;721.7650756835938;10342.3447265625;0;203;0;;0.6591796875;480058;m2;197661;0;
..\..\world\generic\orc\passivedoodads\weapons\orcspear03.m2;21787.681640625;721.3555297851562;10331.263671875;-18.999998092651367;322;-28;;1;481495;m2;199439;0;
..\..\world\khazmodan\ironforge\passivedoodads\bush\ironforgesnowybush02.m2;21707.357421875;721.3902587890625;10322.8759765625;0;21.98760986328125;0;;0.8095703125;592915;m2;203151;0;
..\..\world\generic\human\passivedoodads\cargoboxes\deadminecargoboxes.m2;21705.73828125;721.5756225585938;10311.568359375;0;1.5;0;;1;481629;m2;198085;0;
..\..\world\generic\tauren\passivedoodads\watertroughs\watertroughsmall01.m2;21678.203125;720.9109497070312;10323.0810546875;0;224.99998474121094;0;;0.6396484375;593143;m2;200602;0;
..\..\world\khazmodan\ironforge\passivedoodads\bush\ironforgesnowybush02.m2;21721.8203125;722.2221069335938;10360.85546875;0;65.126953125;0;;0.7939453125;592953;m2;203151;0;
..\..\world\generic\ogre\passivedoodads\torches\ogrewalltorch.m2;21683.865234375;722.7920532226562;10347.27734375;0;5;0;;1;474655;m2;199034;0;
..\..\world\generic\human\passivedoodads\oildrums\oildrum01.m2;21756.947265625;721.6964111328125;10343.521484375;0;0;0;;0.8994140625;481743;m2;198372;0;
..\..\world\generic\gnome\passivedoodads\furniture\gnometable03.m2;21704.029296875;721.5380249023438;10314.490234375;0;42.5;0;;0.6396484375;480059;m2;197663;0;
..\..\world\generic\ogre\passivedoodads\torches\ogrewalltorch.m2;21680.578125;722.6224365234375;10333.056640625;0;93.49996948242188;0;;1;474657;m2;199034;0;
..\..\world\generic\human\passivedoodads\oildrums\oildrum01.m2;21708.8671875;721.3084716796875;10360.7509765625;0;0;0;;0.8798828125;481776;m2;198372;0;
..\..\world\generic\orc\passivedoodads\barrelsandcrates\orccrate07.m2;21787.013671875;721.3739013671875;10330.45703125;0;312;0;;1;481482;m2;199099;0;
..\..\world\generic\ogre\passivedoodads\torches\ogrewalltorch.m2;21683.654296875;722.7498779296875;10335.97265625;0;178.5;0;;1;474654;m2;199034;0;
..\..\world\generic\ogre\passivedoodads\torches\ogrewalltorch.m2;21681.6015625;723.338134765625;10350.01171875;0;91.5;0;;1;474656;m2;199034;0;
..\..\world\azeroth\westfall\passivedoodads\westfallfence\westfallfencepost.m2;21678.6328125;720.9029541015625;10331.5556640625;0;1.5;0;;1;593146;m2;190661;0;
..\..\world\azeroth\westfall\passivedoodads\westfallfence\westfallfencepost.m2;21678.310546875;721.03857421875;10320.92578125;0;4.5;0;;1;593147;m2;190661;0;
..\..\world\generic\tauren\passivedoodads\watertroughs\watertroughsmall01.m2;21678.30859375;720.9668579101562;10329.873046875;0;18.5;0;;0.6591796875;593142;m2;200602;0;
..\..\world\generic\orc\passivedoodads\barrelsandcrates\orccrate08.m2;21785.05859375;720.9959106445312;10331.861328125;-4.000000476837158;42;-18.999998092651367;;1;481487;m2;199100;0;
..\..\world\generic\orc\passivedoodads\barrelsandcrates\orcbarrel04.m2;21669.65625;710.5025024414062;10243.7998046875;0;51.87078857421875;0;;1;559370;m2;199092;0;
..\..\world\generic\orc\passivedoodads\barrelsandcrates\orccratebroken02.m2;21784.140625;721.4387817382812;10324.9697265625;2.5;0;-2.000000238418579;;0.9794921875;481501;m2;199104;0;
..\..\world\generic\nightelf\passivedoodads\pottery\elvenpottery04.m2;21817.7421875;701.40478515625;10260.751953125;0;0;0;;1;559280;m2;198804;0;
..\..\world\generic\nightelf\passivedoodads\pottery\elvenpottery04.m2;21813.25;701.1221923828125;10256.6953125;0;150.22332763671875;0;;1;559284;m2;198804;0;
..\..\world\generic\nightelf\passivedoodads\pottery\elvenpottery04.m2;21711.240234375;699.8347778320312;10199.8671875;0;96.5;0;;1;571259;m2;198804;0;
..\..\world\generic\nightelf\passivedoodads\pottery\elvenpottery04.m2;21719.41796875;700.0803833007812;10198.4296875;0;96.5;0;;1;571263;m2;198804;0;
..\..\world\generic\nightelf\passivedoodads\pottery\elvenpottery04.m2;21740.7109375;700.317138671875;10194.787109375;0;96.5;0;;1;571269;m2;198804;0;
..\..\world\generic\nightelf\passivedoodads\pottery\elvenpottery04.m2;21739.83984375;700.134765625;10217.16015625;0;96.5;0;;1;571273;m2;198804;0;
..\..\world\generic\orc\passivedoodads\barrelsandcrates\orcbarrel03.m2;21733.546875;720.9133911132812;10344.78125;0;31.94921875;0;;1;592969;m2;199091;0;
..\..\world\generic\goblin\passivedoodads\controlpanel\goblincontrolpanel.m2;21787.12890625;721.1199340820312;10335.9609375;0;268.5;0;;1.08984375;481478;m2;197760;0;
..\..\world\khazmodan\ironforge\passivedoodads\bush\ironforgesnowybush02.m2;21728.498046875;721.1585083007812;10332.455078125;0;279.5680236816406;0;;0.7646484375;592921;m2;203151;0;
..\..\world\generic\orc\passivedoodads\barrelsandcrates\orccratebroken01.m2;21783.123046875;721.4417114257812;10323.1484375;-8;0;3.000000238418579;;1;481500;m2;199103;0;
..\..\world\generic\tauren\passivedoodads\sacks\taurensack03.m2;21673.38671875;710.66796875;10243.052734375;1.5;292;-4.500000476837158;;1;559358;m2;200443;0;
..\..\world\generic\orc\passivedoodads\barrelsandcrates\orcbarrel04.m2;21761.66796875;721.3518676757812;10343.7109375;-6.999999523162842;0;-3.999999523162842;;1;481748;m2;199092;0;
..\..\world\generic\orc\passivedoodads\barrelsandcrates\orccratebroken03.m2;21688.802734375;721.7449340820312;10329.16015625;0;0;0;;1;481667;m2;199105;0;
..\..\world\generic\gnome\passivedoodads\gnomewalladdons\gnomewalladdon01.m2;21786.609375;721.6358032226562;10326.54296875;86.49993133544922;264;-4.500113487243652;;1;481510;m2;197708;0;
..\..\world\generic\orc\passivedoodads\barrelsandcrates\orccratebroken01.m2;21698.748046875;721.7044067382812;10330.208984375;0;20;0;;0.83984375;481666;m2;199103;0;
..\..\world\generic\gnome\passivedoodads\parts\gnomescrew01.m2;21760.912109375;732.4724731445312;10329.1953125;0;359.5;0;;1;481694;m2;197722;0;
..\..\world\generic\gnome\passivedoodads\parts\gnomescrew01.m2;21761.779296875;732.362548828125;10330.9853515625;0;80.5;0;;1;481695;m2;197722;0;
..\..\world\generic\gnome\passivedoodads\parts\gnomescrew01.m2;21763.576171875;732.3987426757812;10331.505859375;0;101.5;0;;1;481696;m2;197722;0;
..\..\world\generic\gnome\passivedoodads\parts\gnomescrew01.m2;21763.2265625;732.4969482421875;10326.9482421875;0;219;0;;1;481697;m2;197722;0;
..\..\world\generic\gnome\passivedoodads\parts\gnomescrew01.m2;21761.55859375;732.4950561523438;10327.287109375;0;212;0;;1;481698;m2;197722;0;
..\..\world\generic\gnome\passivedoodads\parts\gnomescrew01.m2;21764.96875;732.4071655273438;10327.5166015625;0;142;0;;1;481699;m2;197722;0;
..\..\world\generic\gnome\passivedoodads\parts\gnomescrew01.m2;21765.68359375;732.3389282226562;10329.09375;0;53.5;0;;1;481700;m2;197722;0;
..\..\world\generic\gnome\passivedoodads\parts\gnomescrew01.m2;21765;732.305908203125;10330.673828125;0;0;0;;1;481701;m2;197722;0;
..\..\world\generic\orc\passivedoodads\barrelsandcrates\orccratebroken01.m2;21759.58984375;721.5560302734375;10346.0244140625;3.500000476837158;0;-1.5000001192092896;;1;481751;m2;199103;0;
..\..\world\generic\orc\passivedoodads\barrelsandcrates\orccrate08.m2;21757.80078125;721.5299072265625;10345.7373046875;0;33;0;;1;481750;m2;199100;0;
..\..\world\khazmodan\ironforge\passivedoodads\bush\ironforgesnowybush02.m2;21731.119140625;720.8338012695312;10341.0078125;0;76.06802368164062;0;;0.6953125;592957;m2;203151;0;
..\..\world\generic\orc\passivedoodads\barrelsandcrates\orcbarrel04.m2;21687.90234375;721.3218994140625;10331.708984375;0;287;0;;1;481620;m2;199092;0;
..\..\world\generic\passivedoodads\barrel\barrel01.m2;21746.341796875;721.4703369140625;10331.1181640625;-32;356.5;-3.499999761581421;;1.5791015625;481634;m2;199563;0;
..\..\world\generic\gnome\passivedoodads\gears&levers\gnomebiggear.m2;21744.96875;721.5070190429688;10366.9716796875;-27;176.5;-0.5000000596046448;;0.5693359375;481758;m2;197671;0;
..\..\world\khazmodan\ironforge\passivedoodads\trees\ironstump01.m2;21756.59765625;722.5081176757812;10308.783203125;0;90.61529541015625;0;;0.140625;592940;m2;203265;0;
..\..\world\generic\tauren\passivedoodads\sacks\taurensack01.m2;21671.91015625;710.6686401367188;10243.35546875;0;212.53170776367188;0;;1;559350;m2;200441;0;
..\..\world\generic\orc\passivedoodads\barrelsandcrates\orccrate10.m2;21674.59765625;710.3914184570312;10242.123046875;0;326.54681396484375;0;;1;559373;m2;199102;0;
..\..\world\generic\nightelf\passivedoodads\pottery\elvenpottery02.m2;21814.6953125;701.1853637695312;10256.404296875;0;12.0880126953125;0;;1;559283;m2;198802;0;
..\..\world\generic\nightelf\passivedoodads\pottery\elvenpottery02.m2;21731.541015625;700.7198486328125;10215.3359375;0;96.5;0;;1;571270;m2;198802;0;
..\..\world\generic\orc\passivedoodads\barrelsandcrates\orcbarrel04.m2;21687.224609375;721.3862915039062;10333.33984375;0;0;0;;1;481619;m2;199092;0;
..\..\world\generic\gnome\passivedoodads\gears&levers\gnomebiggear.m2;21787.43359375;721.4817504882812;10324.615234375;-1.4999998807907104;11.5;1.5;;0.529296875;481507;m2;197671;0;
..\..\world\generic\orc\passivedoodads\weapons\orcsword03.m2;21784.5390625;722.22998046875;10331.08984375;-82.99999237060547;18;-8;;0.9599609375;481490;m2;199448;0;
..\..\world\generic\orc\passivedoodads\barrelsandcrates\orccrate08.m2;21764.296875;721.2351684570312;10343.6044921875;5.5;0;-18;;1;481753;m2;199100;0;
..\..\world\generic\gnome\passivedoodads\furniture\gnomechair01.m2;21730.130859375;724.12890625;10308.9716796875;0;123.58319091796875;0;;1.17578125;592935;m2;197658;0;
..\..\world\generic\orc\passivedoodads\barrelsandcrates\orccrate08.m2;21689.64453125;720.9309692382812;10347.060546875;-15.000000953674316;0;5;;1;481706;m2;199100;0;
..\..\world\generic\orc\passivedoodads\barrelsandcrates\orccrate09.m2;21787.044921875;721.1473388671875;10328.025390625;-7.500001907348633;352.5;-3.5000007152557373;;0.779296875;481488;m2;199101;0;
..\..\world\generic\orc\passivedoodads\barrelsandcrates\orccrate10.m2;21733.068359375;723.4716796875;10302.1416015625;0;342;0;;1;592931;m2;199102;0;
..\..\world\generic\gnome\passivedoodads\parts\gnomescrew03.m2;21786.59375;722.2168579101562;10344.3759765625;0;3.5;0;;1;480067;m2;197724;0;
..\..\world\generic\orc\passivedoodads\barrelsandcrates\orccrate10.m2;21784.697265625;721.2564086914062;10329.626953125;-3.9999988079071045;265;-8;;1;481489;m2;199102;0;
..\..\world\generic\orc\passivedoodads\weapons\orcsword02.m2;21784.62890625;723.0493774414062;10329.19921875;-22.000009536743164;149.5;-158.5;;1.2392578125;481493;m2;199446;0;
..\..\world\generic\gnome\passivedoodads\tools\gnometool01.m2;21747.791015625;721.5736083984375;10362.724609375;-28.499996185302734;242.5;-4.500000476837158;;1.1298828125;481732;m2;197754;0;
..\..\world\generic\orc\passivedoodads\weapons\orcaxe02.m2;21785.763671875;722.3960571289062;10330.349609375;-82.50003814697266;34;2.0000052452087402;;1;481492;m2;199432;0;
..\..\world\generic\orc\passivedoodads\barrelsandcrates\orcbarrel01.m2;21668.263671875;710.7247314453125;10244.619140625;59.5;95.2093505859375;-78;;1;559372;m2;199090;0;
..\..\world\generic\orc\passivedoodads\barrelsandcrates\orccrate01.m2;21674.53125;711.7506713867188;10242.2109375;0;273.967529296875;0;;1;559374;m2;199094;0;
..\..\world\generic\orc\passivedoodads\barrelsandcrates\orccrate01.m2;21675.81640625;711.05859375;10243.1650390625;-87.50001525878906;318.20660400390625;-137.99981689453125;;1;559353;m2;199094;0;
..\..\world\generic\gnome\passivedoodads\furniture\gnomechair01.m2;21703.740234375;721.5335083007812;10312.890625;0;29;0;;1;480057;m2;197658;0;
..\..\world\generic\gnome\passivedoodads\furniture\gnomechair01.m2;21751.365234375;721.282470703125;10364.8125;0;235;0;;1;481731;m2;197658;0;
..\..\world\generic\orc\passivedoodads\barrelsandcrates\orccrate07.m2;21761.240234375;721.5237426757812;10345.5400390625;0;0;0;;0.869140625;481749;m2;199099;0;
..\..\world\generic\gnome\passivedoodads\furniture\gnomechair02.m2;21785.6953125;721.2310791015625;10336.087890625;0;127;0;;1;481498;m2;197659;0;
..\..\world\generic\orc\passivedoodads\barrelsandcrates\orccrate10.m2;21734.09375;720.9900512695312;10341.6640625;0;170.01177978515625;0;;0.919921875;592970;m2;199102;0;
..\..\world\generic\orc\passivedoodads\barrelsandcrates\orcbarrel01.m2;21677.015625;710.5025024414062;10247.55859375;0;301;0;;1.009765625;559362;m2;199090;0;
..\..\world\generic\gnome\passivedoodads\parts\gnomescrew03.m2;21704.09765625;721.9892578125;10310.638671875;0;311.5;0;;0.6591796875;481774;m2;197724;0;
..\..\world\generic\passivedoodads\barrel\barrel01.m2;21688.64453125;721.5194091796875;10332.912109375;0;0;0;;1.509765625;481624;m2;199563;0;
..\..\world\generic\orc\passivedoodads\jugs\orcjug01.m2;21677.11328125;710.5577392578125;10243.08984375;0;348.0111389160156;0;;1;559376;m2;199191;0;
..\..\world\generic\orc\passivedoodads\jugs\orcjug02.m2;21734.0625;722.2130737304688;10341.65234375;0;277.8868713378906;0;;1;592968;m2;199192;0;
..\..\world\generic\orc\passivedoodads\barrelsandcrates\orccrate07.m2;21669.07421875;710.557861328125;10245.154296875;0;58.20440673828125;0;;0.599609375;559377;m2;199099;0;
..\..\world\generic\gnome\passivedoodads\tools\gnometool06.m2;21782.52734375;721.813720703125;10343.068359375;-5.000000476837158;49;12.000000953674316;;1.5498046875;480071;m2;197759;0;
..\..\world\generic\gnome\passivedoodads\gears&levers\gnomesmallgear.m2;21751.890625;721.901611328125;10341.310546875;-82.49998474121094;157;-38.5;;1;480056;m2;197675;0;
..\..\world\generic\human\passivedoodads\crates\replacecrate03.m2;21735.103515625;720.9835815429688;10343.98046875;0;209.10916137695312;0;;1;592972;m2;198167;0;
..\..\world\generic\gnome\passivedoodads\lights\gnomemaintenancelight01.m2;21782.97265625;721.8743896484375;10343.990234375;-17;283;8;;1;481512;m2;197716;0;
..\..\world\generic\orc\passivedoodads\barrelsandcrates\orcbarrel01.m2;21674.263671875;710.6135864257812;10249.1796875;-0.4999999403953552;344.5;1;;1;559361;m2;199090;0;
..\..\world\generic\orc\passivedoodads\weapons\orcaxe02.m2;21755.375;721.8125610351562;10345.02734375;-54.999996185302734;0;8.499999046325684;;1;481755;m2;199432;0;
..\..\world\generic\gnome\passivedoodads\gears&levers\gnomemcwheel.m2;21754.03125;721.953369140625;10341.11328125;-67.49999237060547;213.5;76.99999237060547;;0.3798828125;480060;m2;197674;0;
..\..\world\generic\orc\passivedoodads\barrelsandcrates\orcbarrel01.m2;21733.34375;724.8009033203125;10302.14453125;0;246.79342651367188;0;;0.908203125;592944;m2;199090;0;
..\..\world\generic\passivedoodads\barrel\barrel01.m2;21687.224609375;721.445068359375;10352.978515625;6;0;0;;1.2294921875;481709;m2;199563;0;
..\..\world\generic\gnome\passivedoodads\buckets\gnomebucket02.m2;21749.33984375;720.9600219726562;10366.6875;0;184;0;;1;481725;m2;197641;0;
..\..\world\generic\gnome\passivedoodads\buckets\gnomebucket03.m2;21748.228515625;720.9009399414062;10366.607421875;0;40.5;0;;1;481764;m2;197642;0;
..\..\world\generic\gnome\passivedoodads\buckets\gnomebucket03.m2;21726.390625;724.2400512695312;10309.349609375;0;41;0;;1;592928;m2;197642;0;
..\..\world\generic\gnome\passivedoodads\gears&levers\gnomelever.m2;21706.92578125;721.6447143554688;10311.453125;0;9;0;;1;480061;m2;197673;0;
..\..\world\generic\gnome\passivedoodads\lights\gnomemaintenancelight02.m2;21761.12890625;720.976318359375;10359.20703125;-19.500001907348633;228;7.500000476837158;;1.3291015625;481677;m2;197717;0;
..\..\world\generic\tauren\passivedoodads\sacks\taurensack02.m2;21672.07421875;710.6697387695312;10244.71484375;0;68.48876953125;0;;1;559371;m2;200442;0;
..\..\world\generic\human\passivedoodads\ropes\cavekoboldropecoil.m2;21687.97265625;723.276123046875;10331.638671875;0;0;0;;1;481621;m2;198422;0;
..\..\world\generic\passivedoodads\barrel\barrel01.m2;21687.4609375;721.7108154296875;10352.076171875;-24.5;0;0;;1;481708;m2;199563;0;
..\..\world\generic\gnome\passivedoodads\steamwhistles\gnomewhistle03.m2;21788.43359375;723.28662109375;10336.060546875;0;173;0;;0.7392578125;480070;m2;197748;0;
..\..\world\generic\passivedoodads\furniture\containers\barrel02.m2;21729.94140625;720.8935546875;10343.53125;0;195.5;0;;1;592960;m2;199737;0;
..\..\world\generic\tauren\passivedoodads\bowls\taurenbowl09.m2;21677.150390625;711.83154296875;10247.7109375;0;146.86318969726562;0;;0.7392578125;559367;m2;200386;0;
..\..\world\generic\passivedoodads\furniture\containers\barrel02.m2;21734.5;720.9620971679688;10343.068359375;0;168.50244140625;0;;1;592971;m2;199737;0;
..\..\world\generic\orc\passivedoodads\shields\orcshield03.m2;21757.822265625;722.6127319335938;10345.9921875;-88.0000228881836;0;10.000020980834961;;1;481754;m2;199254;0;
..\..\world\generic\orc\passivedoodads\shields\orcshield03.m2;21786.263671875;721.1632080078125;10333.646484375;-25.499998092651367;333;-1.9999995231628418;;1;481494;m2;199254;0;
..\..\world\generic\human\passivedoodads\books\bookmediumopen04.m2;21730.95703125;725.4403076171875;10308.240234375;0;335;0;;1;592927;m2;198032;0;
..\..\world\generic\human\passivedoodads\books\bookmediumopen04.m2;21675.474609375;711.8358154296875;10248.6103515625;0;203.83547973632812;0;;1;559369;m2;198032;0;
..\..\world\generic\gnome\passivedoodads\tools\gnometool04.m2;21726.40625;724.2400512695312;10308.740234375;0;32.5;0;;1;592930;m2;197757;0;
..\..\world\generic\gnome\passivedoodads\steamwhistles\gnomewhistle04.m2;21707.64453125;721.7420043945312;10311.17578125;-87.49993896484375;18.99993896484375;160.5;;0.5791015625;481771;m2;197749;0;
..\..\world\generic\human\passivedoodads\crates\replacecrate02.m2;21730.046875;720.842529296875;10342.560546875;0;41.127349853515625;0;;1;592958;m2;198166;0;
..\..\world\generic\gnome\passivedoodads\tools\gnometool03.m2;21706.51953125;721.615966796875;10312.06640625;0;41;0;;1;481768;m2;197756;0;
..\..\world\generic\gnome\passivedoodads\tools\gnometool03.m2;21741.546875;721.3961791992188;10365.162109375;0;226;0;;1;481761;m2;197756;0;
..\..\world\generic\human\passivedoodads\buckets\cavekoboldbucket.m2;21735;721.6038818359375;10344.0234375;0;324.9625549316406;0;;1;592973;m2;198069;0;
..\..\world\generic\gnome\passivedoodads\buckets\gnomebucket02.m2;21751.275390625;722.4387817382812;10342.81640625;0;157.5;0;;0.6494140625;480054;m2;197641;0;
..\..\world\generic\passivedoodads\barrel\barrel01.m2;21688.275390625;721.7523193359375;10330.48828125;0;0;0;;1;481625;m2;199563;0;
..\..\world\generic\passivedoodads\barrel\barrel01.m2;21689.041015625;721.6622924804688;10330.96484375;0;0;0;;1;481626;m2;199563;0;
..\..\world\generic\passivedoodads\furniture\containers\barrel02.m2;21714.59375;720.94970703125;10370.1796875;0;0;0;;1;593026;m2;199737;0;
..\..\world\generic\gnome\passivedoodads\lights\gnomemaintenancelight02.m2;21746.263671875;720.8453979492188;10366.34375;2.499999523162842;137.5;10.5;;1.1494140625;481760;m2;197717;0;
..\..\world\generic\gnome\passivedoodads\buckets\gnomebucket03.m2;21748.701171875;722.2205810546875;10362.61328125;0;6.5;0;;0.869140625;481766;m2;197642;0;
..\..\world\generic\gnome\passivedoodads\buckets\gnomebucket05.m2;21741.49609375;721.2337646484375;10366.3515625;0;246;0;;1;481757;m2;197644;0;
..\..\world\generic\human\passivedoodads\bookstacks\generalbookstackshort01.m2;21749.107421875;722.265869140625;10363.8671875;0;42.5;0;;1;481727;m2;198055;0;
..\..\world\generic\orc\passivedoodads\shields\orcshield02.m2;21784.64453125;721.3050537109375;10330.85546875;-20.5;355.5;-8.499999046325684;;1;481491;m2;199252;0;
..\..\world\generic\human\passivedoodads\bottles\bottlesmoke.m2;21749.78515625;722.3226318359375;10364.099609375;0;290.5;0;;0.8798828125;481728;m2;198058;0;
..\..\world\generic\gnome\passivedoodads\buckets\gnomebucket05.m2;21727.9609375;724.1844482421875;10308.39453125;0;0;0;;1;592932;m2;197644;0;
..\..\world\generic\nightelf\passivedoodads\candles\ne_candle01.m2;21716.826171875;700.593994140625;10198.8671875;0;96.5;0;;1.279296875;571262;m2;198743;0;
..\..\world\generic\gnome\passivedoodads\tools\gnometool04.m2;21750.41015625;721.478515625;10361.078125;9.999998092651367;4.5;7.999999046325684;;1;481762;m2;197757;0;
..\..\world\generic\gnome\passivedoodads\buckets\gnomebucket01.m2;21710.138671875;721.8419189453125;10311.8984375;0;223;0;;0.7998046875;480055;m2;197640;0;
..\..\world\generic\passivedoodads\lights\candle01.m2;21674.06640625;711.7799682617188;10249.65625;0;337.42706298828125;0;;1;559380;m2;199806;0;
..\..\world\generic\gnome\passivedoodads\tools\gnometool06.m2;21705.478515625;722.3076171875;10312.451171875;0;239.5;0;;1;481770;m2;197759;0;
..\..\world\generic\gnome\passivedoodads\lights\gnomemaintenancelight02.m2;21786.45703125;721.4126586914062;10325.203125;-10.5;253;10.999999046325684;;1;481511;m2;197717;0;
..\..\world\generic\nightelf\passivedoodads\candles\ne_candle01.m2;21750.92578125;702.5283203125;10211.650390625;0;341.5;0;;1.1396484375;571252;m2;198743;0;
..\..\world\generic\gnome\passivedoodads\buckets\gnomebucket04.m2;21709.3984375;721.8958129882812;10311.2109375;0;285.5;0;;0.7197265625;480053;m2;197643;0;
..\..\world\generic\gnome\passivedoodads\parts\gnomescrew01.m2;21707.326171875;721.6466064453125;10310.138671875;2.500002145767212;55.5;-84.50001525878906;;0.3291015625;481769;m2;197722;0;
..\..\world\generic\human\passivedoodads\lanterns\generallantern02.m2;21730.146484375;721.5308227539062;10342.55859375;0;260.27490234375;0;;0.6396484375;592959;m2;198328;0;
..\..\world\generic\tauren\passivedoodads\bowls\taurenbowl01.m2;21732.30078125;721.0222778320312;10345.052734375;0;0;0;;1;592961;m2;200378;0;
..\..\world\generic\gnome\passivedoodads\tools\gnometool06.m2;21707.46875;721.7116088867188;10312.419921875;0;0;0;;1;481772;m2;197759;0;
..\..\world\generic\nightelf\passivedoodads\candles\ne_candle01.m2;21752.853515625;702.5276489257812;10212.451171875;0;106;0;;1;571253;m2;198743;0;
..\..\world\generic\gnome\passivedoodads\tools\gnometool03.m2;21750.216796875;722.3740844726562;10363.7529296875;0;129;0;;0.75;481767;m2;197756;0;
..\..\world\generic\orc\passivedoodads\jars\jarorc05.m2;21669.578125;712.396484375;10243.5078125;0;307.72991943359375;0;;1;559375;m2;199183;0;
..\..\world\generic\nightelf\passivedoodads\candles\ne_candle01.m2;21716.33203125;700.61669921875;10198.96875;0;96.5;0;;1;571261;m2;198743;0;
..\..\world\generic\gnome\passivedoodads\lights\gnomemaintenancelight02.m2;21730.865234375;725.4403076171875;10307.357421875;0;22;0;;1;592933;m2;197717;0;
..\..\world\generic\orc\passivedoodads\jars\jarorc06.m2;21676.05078125;711.4696655273438;10243.4072265625;2.500000238418579;254.127197265625;-1.500000238418579;;1;559355;m2;199184;0;
..\..\world\generic\gnome\passivedoodads\gears&levers\gnomesmallgear.m2;21749.416015625;722.4042358398438;10362.6513671875;-83.50001525878906;165;173.5;;0.51953125;481729;m2;197675;0;
..\..\world\generic\gnome\passivedoodads\tools\gnometool05.m2;21727.177734375;724.2400512695312;10309.259765625;0;304;0;;1;592929;m2;197758;0;
..\..\world\generic\orc\passivedoodads\jars\jarorc02.m2;21788.5859375;721.1199340820312;10333.0859375;-19.999998092651367;0;-0.5;;1;481496;m2;199180;0;
..\..\world\generic\human\passivedoodads\steamgauges\deadminesteamgauge03.m2;21757.109375;724.1227416992188;10343.734375;0;0;0;;1;481746;m2;198575;0;
..\..\world\generic\orc\passivedoodads\jars\jarorc03.m2;21674.5390625;711.7998046875;10242.37109375;0;138.85687255859375;0;;1;559351;m2;199181;0;
..\..\world\generic\gnome\passivedoodads\tools\gnometool05.m2;21745.818359375;721.06884765625;10366.005859375;-50.99999237060547;78.99996948242188;-4.499995231628418;;1;481763;m2;197758;0;
..\..\world\azeroth\theblastedlands\passivedoodads\bones\blastedlandsskull02.m2;21676.921875;711.8198852539062;10247.5546875;2;150.5;-0.5000000596046448;;1;559381;m2;190440;0;
..\..\world\generic\orc\passivedoodads\barrelsandcrates\orccrate10.m2;21669.009765625;711.2228393554688;10245.138671875;0;188.61813354492188;0;;0.3798828125;559378;m2;199102;0;
..\..\world\generic\human\passivedoodads\steamgauges\deadminesteamgauge01.m2;21758.279296875;722.8856201171875;10343.599609375;0;9.5;0;;1;481745;m2;198573;0;
..\..\world\generic\orc\passivedoodads\jars\jarorc03.m2;21671.1875;710.7097778320312;10244.8671875;-4.5;193.64117431640625;5.500000476837158;;1;559356;m2;199181;0;
..\..\world\generic\orc\passivedoodads\mugs\orcmug01.m2;21676.478515625;711.8318481445312;10248.103515625;3;7.269439697265625;-1.5000001192092896;;0.6494140625;559368;m2;199207;0;
..\..\world\generic\orc\passivedoodads\jars\jarorc02.m2;21671.15625;710.7154541015625;10245.3046875;-1.5;182.78636169433594;3.000000238418579;;1;559354;m2;199180;0;
..\..\world\generic\gnome\passivedoodads\gears&levers\gnomemcwheel.m2;21749.9375;722.4559936523438;10362.947265625;-80.50000762939453;183.5;171;;0.189453125;481730;m2;197674;0;
..\..\world\generic\orc\passivedoodads\jars\jarorc01.m2;21732.572265625;724.8689575195312;10302.17578125;0;302.8583679199219;0;;0.908203125;592934;m2;199179;0;
..\..\world\generic\orc\passivedoodads\jars\jarorc02.m2;21755.55078125;721.88330078125;10344.333984375;0;0;0;;1;481756;m2;199180;0;
..\..\world\generic\orc\passivedoodads\jars\jarorc01.m2;21674.55078125;711.7186889648438;10241.904296875;0;348.552001953125;0;;1;559352;m2;199179;0;
..\..\world\generic\orc\passivedoodads\jars\jarorc03.m2;21788.1875;721.175537109375;10333.458984375;4.500000476837158;0;-13.499999046325684;;1;481497;m2;199181;0;
..\..\world\generic\gnome\passivedoodads\parts\gnomescrew08.m2;21787.388671875;721.437255859375;10324.44921875;9.50000286102295;105;-86.99999237060547;;0.3291015625;481508;m2;197729;0;
..\..\world\generic\orc\passivedoodads\jars\jarorc03.m2;21689.22265625;721.6536254882812;10332.21875;0;0;0;;1;481668;m2;199181;0;
..\..\world\generic\gnome\passivedoodads\parts\gnomescrew08.m2;21706.294921875;721.7528686523438;10312.6572265625;-15.499999046325684;0;-0.4999999403953552;;0.279296875;481773;m2;197729;0;
..\..\world\generic\gnome\passivedoodads\parts\gnomescrew08.m2;21786.072265625;722.4280395507812;10330.412109375;0;133.5;0;;0.189453125;481484;m2;197729;0;
..\..\world\generic\gnome\passivedoodads\parts\gnomescrew08.m2;21788.01953125;722.6589965820312;10330.50390625;0;133.5;0;;0.189453125;481486;m2;197729;0;
..\..\world\generic\gnome\passivedoodads\parts\gnomescrew08.m2;21787.076171875;722.6022338867188;10329.474609375;0;59;0;;0.189453125;481483;m2;197729;0;
..\..\world\generic\gnome\passivedoodads\parts\gnomescrew08.m2;21786.98046875;722.5138549804688;10331.4384765625;0;347.5;0;;0.189453125;481485;m2;197729;0;
..\..\world\wmo\kalimdor\buildings\classicalelfruins\snowclassicalelfruin03.wmo;21362.818359375;654.1126708984375;10625.26171875;0;44.5;0;0;1;343561;wmo;112742;0;Set_$DefaultGlobal
..\..\world\wmo\kalimdor\buildings\classicalelfruins\snowclassicalelfruin05.wmo;21399.572265625;665.624267578125;10578.326171875;0;310.5;0;0;1;343562;wmo;112744;0;Set_$DefaultGlobal
..\..\world\wmo\kalimdor\buildings\goblinhut\kl_goblin_igloo_c.wmo;21696.65234375;719.5599365234375;10317.8203125;0;130;0;0;1;474621;wmo;112796;1;set_GoblinAlchemist
..\..\world\wmo\kalimdor\buildings\goblinhut\kl_goblin_igloo_c.wmo;21772.060546875;719.5550537109375;10362.380859375;0;319.5;0;0;1;474623;wmo;112796;3;set_GoblinMiner
..\..\world\wmo\kalimdor\buildings\goblinhut\kl_goblin_igloo_a.wmo;21764.73828125;721.8782348632812;10330.240234375;0;29.5;0;0;1;474624;wmo;112790;1;set_BIGgoblinHut01
..\..\world\wmo\autogen-names\unknown\21073.wmo;21736.1796875;725.6703491210938;10281.517578125;0;90;0;0;1;496617;wmo;7952346;0;Set_$DefaultGlobal
..\..\world\wmo\kalimdor\buildings\goblinhut\kl_goblin_igloo_c.wmo;21696.984375;719.7218627929688;10361.3154296875;0;214.5;0;0;1;496622;wmo;112796;2;set_GoblinEngineer
..\..\world\wmo\kalimdor\collidabledoodads\winterspring\everlookwall\everlookwall.wmo;21736.822265625;719.5460815429688;10334.244140625;0;0;0;0;1;554300;wmo;113355;0;Set_$DefaultGlobal
..\..\world\wmo\kalimdor\buildings\goblinhut\kl_goblin_igloo_b.wmo;21737.8984375;723.4893188476562;10386.345703125;0;267.5;0;0;1;592908;wmo;112793;0;Set_$DefaultGlobal
