# Exported using wow.export v0.2.19
o 20884_Interior_I23.obj
v -180.56967163085938 -4.836677074432373 -186.10731506347656
v -182.56715393066406 -4.836677551269531 -187.5059814453125
v -181.7892608642578 -4.836677551269531 -184.32272338867188
v -175.22552490234375 1.8291411399841309 -179.69859313964844
v -174.2882080078125 1.8291412591934204 -180.44784545898438
v -176.4059600830078 1.8291407823562622 -180.3223114013672
v -174.04507446289062 1.82914137840271 -179.0748748779297
v -176.162841796875 1.8291409015655518 -178.9493408203125
v -182.0736541748047 1.8291397094726562 -191.64120483398438
v -180.64361572265625 1.8291399478912354 -189.7982940673828
v -180.24139404296875 1.8291401863098145 -190.2945556640625
v -183.3143768310547 1.829139232635498 -190.9014892578125
v -183.50369262695312 1.8291394710540771 -193.48411560058594
v -181.87254333496094 1.8291398286819458 -191.88934326171875
v -181.47030639648438 1.829140067100525 -192.38558959960938
v -178.57217407226562 -4.836676597595215 -184.70864868164062
v -179.35006713867188 -4.836676597595215 -187.89190673828125
v -175.61236572265625 -4.836676597595215 -175.3602294921875
v -175.2679901123047 -4.836676597595215 -179.26954650878906
v -178.48448181152344 -4.836677551269531 -177.37130737304688
v -184.9845733642578 -4.836678504943848 -182.4805450439453
v -184.9622039794922 -4.836678504943848 -179.511962890625
v -181.74571228027344 -4.8366780281066895 -181.41021728515625
v -180.11509704589844 -4.836677551269531 -179.39076232910156
v -178.50685119628906 -4.836677551269531 -180.33987426757812
v -175.051025390625 -4.836676597595215 -179.1176300048828
v -175.07638549804688 -4.836676120758057 -182.52976989746094
v -175.02883911132812 -4.836676597595215 -179.61106872558594
v -174.7976837158203 -4.836676120758057 -179.96495056152344
v -188.80938720703125 1.8291382789611816 -188.14698791503906
v -186.26748657226562 1.8291387557983398 -190.82986450195312
v -186.69927978515625 1.8291387557983398 -191.1605224609375
v -191.10943603515625 -4.836650848388672 -185.57168579101562
v -189.63893127441406 -4.836663246154785 -188.49974060058594
v -190.2587890625 -4.836658477783203 -187.61448669433594
v -173.66067504882812 -4.836672306060791 -176.3233642578125
v -171.8174591064453 -4.836668014526367 -177.36245727539062
v -189.40814208984375 -4.836666107177734 -189.65728759765625
v -190.64785766601562 -4.836657524108887 -187.8867950439453
v -174.8118896484375 -4.836668014526367 -179.4591827392578
v -189.75892639160156 -4.836679935455322 -184.6260528564453
v -188.06817626953125 -4.8366804122924805 -187.39999389648438
v -188.85684204101562 -4.836681365966797 -186.63296508789062
v -187.2794952392578 -4.836678504943848 -188.16705322265625
v -186.37741088867188 -4.8366804122924805 -190.1739501953125
v -188.6300048828125 -4.836668014526367 -189.1126708984375
v -189.86972045898438 -4.8366594314575195 -187.34217834472656
v -189.53208923339844 -4.836667060852051 -187.10577392578125
v -175.50389099121094 -4.836676597595215 -175.28427124023438
v -188.2234344482422 -4.836679458618164 -183.55087280273438
v -184.92477416992188 -4.836678504943848 -182.56591796875
v -186.03977966308594 -4.8366780281066895 -189.93756103515625
v -184.80006408691406 -4.836677551269531 -191.7080535888672
v -180.26499938964844 1.8291395902633667 -184.63302612304688
v -177.78355407714844 1.829140543937683 -186.1124725341797
v -180.45431518554688 1.8291397094726562 -187.21566772460938
v -178.3699188232422 1.8291401863098145 -183.30606079101562
v -178.15362548828125 1.8291404247283936 -183.15463256835938
v -178.0767364501953 1.8291404247283936 -184.70925903320312
v -180.00631713867188 1.8291395902633667 -184.45187377929688
v -178.95628356933594 1.8291397094726562 -180.49966430664062
v -178.52371215820312 1.829140305519104 -180.19677734375
v -178.66310119628906 1.8291399478912354 -181.90286254882812
v -180.59268188476562 1.829139232635498 -181.64547729492188
v -180.29949951171875 1.8291394710540771 -183.04867553710938
v -182.22906494140625 1.8291386365890503 -182.79129028320312
v -185.34613037109375 1.8291385173797607 -185.31961059570312
v -182.93576049804688 1.8291387557983398 -185.7362060546875
v -183.12506103515625 1.829138994216919 -188.31884765625
v -169.6227569580078 -1.7811189889907837 -180.9140625
v -169.8682861328125 -1.7819548845291138 -183.54141235351562
v -172.18405151367188 -1.7819445133209229 -183.21205139160156
v -182.74644470214844 1.8291386365890503 -183.153564453125
v -178.91329956054688 1.8291511535644531 -191.82569885253906
v -180.00164794921875 1.8291404247283936 -190.63694763183594
v -177.56451416015625 1.8291513919830322 -189.90585327148438
v -184.5891876220703 1.8291393518447876 -194.17405700683594
v -185.4283447265625 1.829138994216919 -192.501953125
v -184.88558959960938 1.8291391134262085 -192.156982421875
v -189.54312133789062 -4.836679935455322 -184.4749298095703
v -177.0203399658203 1.8291566371917725 -190.500244140625
v -175.12738037109375 1.8291622400283813 -189.17477416992188
v -182.69921875 1.8291399478912354 -194.47662353515625
v -181.35043334960938 1.8291401863098145 -192.55679321289062
v -180.80625915527344 1.8291455507278442 -193.15115356445312
v -187.05699157714844 -1.279720664024353 -192.96726989746094
v -187.05699157714844 -1.8266838788986206 -192.96726989746094
v -186.60894775390625 -1.8266836404800415 -192.65353393554688
v -186.60894775390625 -1.2797207832336426 -192.65353393554688
v -186.9061279296875 -1.2797213792800903 -193.18272399902344
v -186.90567016601562 -1.8266851902008057 -193.18240356445312
v -187.05699157714844 -1.8266838788986206 -192.96726989746094
v -187.05699157714844 -1.279720664024353 -192.96726989746094
v -186.90567016601562 -1.8266851902008057 -193.18240356445312
v -186.4580841064453 -1.8266847133636475 -192.86898803710938
v -186.60894775390625 -1.8266836404800415 -192.65353393554688
v -186.4580841064453 -1.8266847133636475 -192.86898803710938
v -186.4580841064453 -1.279725432395935 -192.86900329589844
v -186.60894775390625 -1.2797207832336426 -192.65353393554688
v -187.05702209472656 -3.9658071994781494 -192.9672393798828
v -187.05702209472656 -4.512770652770996 -192.9672393798828
v -186.6088409423828 -4.512770175933838 -192.65367126464844
v -186.6089630126953 -3.965806722640991 -192.6535186767578
v -187.05702209472656 -4.512770652770996 -192.9672393798828
v -186.90615844726562 -3.965806722640991 -193.1826934814453
v -186.90615844726562 -4.5127716064453125 -193.1826934814453
v -186.90615844726562 -4.5127716064453125 -193.1826934814453
v -186.45806884765625 -4.51277494430542 -192.86900329589844
v -186.6088409423828 -4.512770175933838 -192.65367126464844
v -187.05702209472656 -4.512770652770996 -192.9672393798828
v -186.6088409423828 -4.512770175933838 -192.65367126464844
v -186.45806884765625 -4.51277494430542 -192.86900329589844
v -186.45809936523438 -3.9658071994781494 -192.86895751953125
v -186.45809936523438 -3.9658071994781494 -192.86895751953125
v -186.90615844726562 -3.965806722640991 -193.1826934814453
v -187.05702209472656 -3.9658071994781494 -192.9672393798828
v -186.6089630126953 -3.965806722640991 -192.6535186767578
v -187.05699157714844 -1.279720664024353 -192.96726989746094
v -186.60894775390625 -1.2797207832336426 -192.65353393554688
v -188.53419494628906 -1.2797212600708008 -194.00161743164062
v -188.53419494628906 -1.8266851902008057 -194.00161743164062
v -188.0861358642578 -1.8266847133636475 -193.68789672851562
v -188.0861358642578 -1.2797211408615112 -193.68789672851562
v -189.30755615234375 -4.836679458618164 -182.00259399414062
v -190.3916778564453 -4.836679935455322 -180.4542999267578
v -189.8837432861328 -4.836679935455322 -180.09861755371094
v -188.38333129882812 -1.2797257900238037 -194.21707153320312
v -188.38333129882812 -1.8266855478286743 -194.21707153320312
v -188.53419494628906 -1.8266851902008057 -194.00161743164062
v -188.0861358642578 -1.8266847133636475 -193.68789672851562
v -187.93528747558594 -1.8266855478286743 -193.90335083007812
v -187.93528747558594 -1.2797216176986694 -193.90335083007812
v -188.5342254638672 -3.9658076763153076 -194.0015869140625
v -188.53421020507812 -4.512770652770996 -194.00160217285156
v -188.08616638183594 -4.512770652770996 -193.68785095214844
v -188.08616638183594 -3.9658071994781494 -193.68785095214844
v -188.53421020507812 -4.512770652770996 -194.00160217285156
v -188.38336181640625 -3.965808153152466 -194.21702575683594
v -188.38336181640625 -4.512775897979736 -194.217041015625
v -188.38336181640625 -4.512775897979736 -194.217041015625
v -187.93531799316406 -4.5127716064453125 -193.90330505371094
v -188.08616638183594 -4.512770652770996 -193.68785095214844
v -188.53421020507812 -4.512770652770996 -194.00160217285156
v -188.08616638183594 -4.512770652770996 -193.68785095214844
v -187.93531799316406 -4.5127716064453125 -193.90330505371094
v -187.935302734375 -3.9658076763153076 -193.90330505371094
v -187.935302734375 -3.9658076763153076 -193.90330505371094
v -188.38336181640625 -3.965808153152466 -194.21702575683594
v -188.5342254638672 -3.9658076763153076 -194.0015869140625
v -188.08616638183594 -3.9658071994781494 -193.68785095214844
v -187.93528747558594 -1.2797216176986694 -193.90335083007812
v -188.38333129882812 -1.2797257900238037 -194.21707153320312
v -188.53419494628906 -1.2797212600708008 -194.00161743164062
v -188.0861358642578 -1.2797211408615112 -193.68789672851562
v -175.78456115722656 -4.836676597595215 -173.40557861328125
v -177.22061157226562 -4.836677074432373 -174.41110229492188
v -178.828857421875 -4.836677551269531 -173.4619903564453
v -178.65667724609375 -4.836677551269531 -175.41664123535156
v -176.03587341308594 1.8291409015655518 -183.28016662597656
v -173.91812133789062 1.82914137840271 -183.40570068359375
v -175.850830078125 1.8291409015655518 -184.75909423828125
v -187.61712646484375 -4.836680889129639 -188.40345764160156
v -187.95474243164062 -4.8366827964782715 -188.63986206054688
v -176.22091674804688 1.8291409015655518 -181.80123901367188
v -174.10316467285156 1.82914137840271 -181.92677307128906
v -171.98541259765625 1.8291418552398682 -182.05230712890625
v -184.42489624023438 1.829138994216919 -189.40187072753906
v -185.72474670410156 1.8291388750076294 -190.48489379882812
v -185.53543090820312 1.8291386365890503 -187.90225219726562
v -176.4974822998047 1.8291407823562622 -178.46994018554688
v -176.6422119140625 1.8291404247283936 -178.26324462890625
v -174.47125244140625 1.8291412591934204 -176.7431182861328
v -178.8131866455078 1.8291397094726562 -179.7833709716797
v -175.95675659179688 -4.836676597595215 -171.450927734375
v -173.88711547851562 -4.836672306060791 -174.4066925048828
v -174.8087158203125 -4.836674690246582 -173.88714599609375
v -184.965576171875 -4.836678504943848 -183.25135803222656
v -185.00634765625 -4.836678504943848 -183.93679809570312
v -181.70770263671875 -4.836677551269531 -182.95184326171875
v -183.31625366210938 -4.836678504943848 -182.75888061523438
v -181.69503784179688 1.829139232635498 -186.47593688964844
v -181.78968811035156 1.8291393518447876 -187.7672576904297
v -179.17254638671875 -4.836677551269531 -181.18496704101562
v -178.4090576171875 -4.836677074432373 -181.96688842773438
v -181.62612915039062 -4.8366780281066895 -181.58096313476562
v -176.7189483642578 -4.836676597595215 -180.78897094726562
v -179.21359252929688 1.8291401863098145 -187.95538330078125
v -180.8369140625 1.829139232635498 -181.29666137695312
v -180.86265563964844 -4.836677551269531 -182.36288452148438
v -178.89260864257812 1.8291404247283936 -188.3747100830078
v -178.65286254882812 1.8291406631469727 -188.71710205078125
v -177.3040771484375 1.8291407823562622 -186.79727172851562
v -188.18722534179688 -4.836679458618164 -178.9107208251953
v -189.28639221191406 -4.836679458618164 -179.1463165283203
v -188.6890411376953 -4.836679458618164 -178.1940155029297
v -185.78424072265625 -4.836678504943848 -187.12005615234375
v -187.00384521484375 -4.836678981781006 -185.33546447753906
v -187.31362915039062 -4.836678981781006 -185.55239868164062
v -175.19195556640625 -4.836676597595215 -182.3528289794922
v -184.61422729492188 1.829139232635498 -191.9844970703125
v -177.96859741210938 1.8291404247283936 -184.633544921875
v -176.882080078125 -4.836676597595215 -183.53073120117188
v -175.35508728027344 -4.836676120758057 -185.09458923339844
v -192.66546630859375 -4.836665630340576 -186.66123962402344
v -190.38558959960938 -4.836679935455322 -179.38194274902344
v -188.16842651367188 -4.83667516708374 -191.42779541015625
v -186.15057373046875 -4.836685657501221 -192.65367126464844
v -187.70684814453125 -4.836682319641113 -193.74288940429688
v -190.186279296875 -4.83666467666626 -190.201904296875
v -189.72470092773438 -4.836671829223633 -192.51699829101562
v -188.7157745361328 -4.836676597595215 -193.12994384765625
v -189.26312255859375 -4.836678504943848 -194.8321075439453
v -192.20388793945312 -4.836672782897949 -188.97634887695312
v -194.2215118408203 -4.8366804122924805 -187.75079345703125
v -192.4346923828125 -4.836668968200684 -187.81878662109375
v -190.50271606445312 -4.836678981781006 -193.061767578125
v -191.7423095703125 -4.836679458618164 -191.29144287109375
v -187.94580078125 1.8291382789611816 -187.4856719970703
v -177.35256958007812 -4.836676597595215 -186.49325561523438
v -178.38726806640625 -4.836677551269531 -180.51065063476562
v -187.69839477539062 -4.836679458618164 -181.4278564453125
v -187.17333984375 -4.836678981781006 -179.30484008789062
v -192.98190307617188 -4.836679935455322 -189.5211181640625
v -173.13681030273438 1.829141616821289 -181.2500762939453
v -172.1704559326172 1.8291417360305786 -180.57337951660156
v -181.34756469726562 -4.836677074432373 -189.2905731201172
v -183.3450469970703 -4.836677551269531 -190.68923950195312
v -181.7233428955078 -4.8366780281066895 -178.44163513183594
v -181.7009735107422 -4.8366780281066895 -175.47305297851562
v -188.42822265625 1.8291380405426025 -186.51589965820312
v -185.73207092285156 1.8291382789611816 -184.62803649902344
v -185.58734130859375 1.8291382789611816 -184.83473205566406
v -183.03591918945312 1.8291383981704712 -182.74017333984375
v -187.84133911132812 -4.836676597595215 -189.87973022460938
v -176.9604949951172 1.8291488885879517 -186.5566864013672
v -176.95924377441406 1.5522129535675049 -186.5585174560547
v -175.12738037109375 1.8291622400283813 -189.17477416992188
v -175.1273956298828 1.5513705015182495 -189.1747589111328
v -183.7867431640625 -4.8366780281066895 -185.7213897705078
v -184.56463623046875 -4.8366780281066895 -188.90464782714844
v -186.40383911132812 -4.836678504943848 -187.5539093017578
v -184.87445068359375 -4.8366780281066895 -189.12158203125
v -185.49404907226562 -4.836678504943848 -189.555419921875
v -187.06369018554688 -4.836678981781006 -188.01593017578125
v -187.97348022460938 -4.836679458618164 -186.01441955566406
v -184.43716430664062 -4.836678504943848 -177.38894653320312
v -172.42115783691406 -1.7811199426651 -182.87351989746094
v -172.86431884765625 -1.7819366455078125 -183.68833923339844
v -171.03111267089844 -1.7819515466690063 -186.3065185546875
v -184.58425903320312 -4.8366780281066895 -191.55694580078125
v -169.29180908203125 -1.7819583415985107 -185.08865356445312
v -167.55252075195312 -1.7819652557373047 -183.8707733154297
v -187.6920928955078 -4.836679458618164 -178.56402587890625
v -182.71755981445312 1.8291386365890503 -182.09365844726562
v -172.5709228515625 -4.83667516708374 -183.1450958251953
v -173.9630126953125 -4.836675643920898 -184.11984252929688
v -179.4447784423828 1.8291397094726562 -179.80203247070312
v -173.68429565429688 -4.836675643920898 -181.55502319335938
v -176.9604949951172 1.8291488885879517 -186.5566864013672
v -179.48129272460938 1.8291397094726562 -182.47576904296875
v -187.39028930664062 -4.836676597595215 -190.8831787109375
v -173.8019561767578 1.82914137840271 -177.701904296875
v -171.92733764648438 1.8291418552398682 -179.20040893554688
v -170.05270385742188 1.8291422128677368 -180.69891357421875
v -172.42115783691406 -1.7811199426651 -182.87351989746094
v -172.421142578125 -2.0588998794555664 -182.87350463867188
v -169.6227569580078 -1.7811189889907837 -180.9140625
v -169.6049346923828 -2.0588977336883545 -180.9015655517578
v -176.80050659179688 -4.836676597595215 -182.15985107421875
v -188.52853393554688 -4.836679458618164 -179.70172119140625
v -172.63160705566406 1.829141616821289 -177.01583862304688
v -183.3315887451172 -4.836678504943848 -177.4925079345703
v -186.5928192138672 -4.836678981781006 -181.5314178466797
v -171.3421630859375 1.8291418552398682 -178.8573760986328
v -187.0526580810547 -4.836684226989746 -190.64675903320312
v -180.37713623046875 -3.630845069885254 -190.1370391845703
v -181.88217163085938 -3.6064257621765137 -191.6995391845703
v -178.39410400390625 -3.655261993408203 -189.25717163085938
v -178.87210083007812 -3.655264139175415 -188.5745391845703
v -185.05914306640625 7.271951198577881 -189.7362060546875
v -185.13375854492188 6.876430511474609 -190.2006378173828
v -183.0321807861328 7.667471885681152 -192.0600128173828
v -186.16427612304688 7.667449951171875 -187.5869140625
v -187.0861053466797 6.876430511474609 -187.41241455078125
v -169.48721313476562 6.876432418823242 -182.39773559570312
v -169.884521484375 6.8764328956604 -183.67828369140625
v -168.05322265625 6.8764328956604 -183.8297119140625
v -170.92120361328125 6.876432418823242 -180.9657745361328
v -173.8019561767578 1.82914137840271 -177.701904296875
v -174.47125244140625 1.8291412591934204 -176.7431182861328
v -173.9857940673828 4.352787017822266 -177.29891967773438
v -170.41763305664062 6.8764328956604 -180.45297241210938
v -190.61312866210938 0.3545541763305664 -187.57571411132812
v -192.8395538330078 0.3542758524417877 -189.72438049316406
v -193.3936767578125 0.3548314869403839 -188.93301391601562
v -182.87554931640625 6.876431465148926 -194.2084197998047
v -183.47442626953125 6.876431941986084 -193.4090576171875
v -183.1896209716797 4.352785587310791 -193.8462677001953
v -183.50369262695312 1.8291394710540771 -193.48411560058594
v -182.69921875 1.8291399478912354 -194.47662353515625
v -187.460693359375 -0.13294591009616852 -188.16172790527344
v -187.45220947265625 -0.13294638693332672 -187.81744384765625
v -189.6925048828125 -0.13316726684570312 -184.97434997558594
v -184.3428497314453 6.876431941986084 -193.97869873046875
v -184.03179931640625 4.352785587310791 -193.79156494140625
v -185.22886657714844 -0.1327245533466339 -191.34910583496094
v -184.5891876220703 1.8291393518447876 -194.17405700683594
v -176.99273681640625 7.27195405960083 -188.24331665039062
v -176.53297424316406 6.876431941986084 -188.3335723876953
v -173.89840698242188 7.469715595245361 -185.87054443359375
v -176.91812133789062 7.667474746704102 -187.77890014648438
v -184.58546447753906 -0.13456270098686218 -191.55519104003906
v -184.58566284179688 0.7709377408027649 -191.55532836914062
v -185.86444091796875 0.0922044962644577 -189.72877502441406
v -172.63160705566406 1.829141616821289 -177.01583862304688
v -173.14541625976562 4.352787017822266 -177.30796813964844
v -187.14340209960938 0.3189716935157776 -187.90235900878906
v -187.13050842285156 -0.13386546075344086 -187.9204864501953
v -189.7013397216797 0.772506058216095 -184.24952697753906
v -189.67555236816406 -0.13316822052001953 -184.28578186035156
v -188.42236328125 0.5457388758659363 -186.07594299316406
v -185.9932861328125 6.876431465148926 -190.7166748046875
v -183.18142700195312 6.876430988311768 -192.98886108398438
v -185.8468017578125 6.876430988311768 -190.50657653808594
v -187.14349365234375 0.7717218995094299 -187.90243530273438
v -171.83685302734375 6.876432418823242 -180.8900604248047
v -173.7891845703125 6.876432418823242 -178.10183715820312
v -173.93612670898438 7.668399333953857 -179.02476501464844
v -184.3428497314453 6.876431941986084 -193.97869873046875
v -183.47442626953125 6.876431941986084 -193.4090576171875
v -184.73385620117188 6.876431465148926 -192.0628662109375
v -187.74212646484375 6.876430034637451 -187.4334716796875
v -177.66015625 6.876431941986084 -179.34002685546875
v -175.72467041015625 6.876432418823242 -178.72093200683594
v -175.91488647460938 6.876432418823242 -178.11798095703125
v -173.7891845703125 6.876432418823242 -178.10183715820312
v -185.46177673339844 6.876430511474609 -190.21116638183594
v -188.5121612548828 6.876430988311768 -188.0242919921875
v -187.17947387695312 6.876430988311768 -189.26544189453125
v -173.7305908203125 4.352787017822266 -177.6510009765625
v -167.7164764404297 0.7717168927192688 -183.98558044433594
v -170.9097137451172 0.8837679624557495 -186.2215118408203
v -170.73904418945312 0.7448796033859253 -186.10202026367188
v -173.76161193847656 0.718042254447937 -188.2184600830078
v -180.76565551757812 6.876431465148926 -182.7676544189453
v -184.54612731933594 6.876430511474609 -184.52969360351562
v -184.44871520996094 6.876430511474609 -184.719970703125
v -188.13177490234375 6.876430034637451 -186.67230224609375
v -180.43765258789062 6.876431465148926 -182.7571258544922
v -185.99801635742188 6.876430511474609 -186.2670135498047
v -187.74212646484375 6.876430034637451 -187.4334716796875
v -184.25389099121094 6.876430511474609 -185.10055541992188
v -184.6412353515625 6.876430511474609 -184.22821044921875
v -177.2774200439453 6.876431941986084 -180.43475341796875
v -176.9931640625 7.6681623458862305 -181.16531372070312
v -176.9564208984375 7.470170021057129 -180.9345703125
v -179.9767303466797 7.271941184997559 -182.84437561035156
v -173.93612670898438 7.668399333953857 -179.02476501464844
v -176.88296508789062 7.0741868019104 -180.47311401367188
v -180.05020141601562 7.667924880981445 -183.30584716796875
v -175.33607482910156 6.975309371948242 -179.2874755859375
v -179.97515869140625 7.667473316192627 -189.91946411132812
v -180.012451171875 7.46971321105957 -190.15167236328125
v -183.0321807861328 7.667471885681152 -192.0600128173828
v -180.0870819091797 7.074192523956299 -190.6160888671875
v -174.1027374267578 1.4831990003585815 -188.45729064941406
v -174.1027374267578 1.1195160150527954 -188.45729064941406
v -173.7021026611328 1.1191110610961914 -188.5279541015625
v -173.70211791992188 1.482794165611267 -188.52798461914062
v -182.87554931640625 6.876431465148926 -194.2084197998047
v -179.62779235839844 6.876431941986084 -191.57589721679688
v -181.40139770507812 6.876431941986084 -192.69232177734375
v -179.92723083496094 6.876432418823242 -191.17620849609375
v -183.47442626953125 6.876431941986084 -193.4090576171875
v -179.1699676513672 6.876431941986084 -191.61373901367188
v -176.38003540039062 6.876432418823242 -188.943359375
v -183.07049560546875 7.469695568084717 -185.21563720703125
v -183.30096435546875 7.2719407081604 -185.17202758789062
v -173.66851806640625 7.271954536437988 -185.91567993164062
v -170.80406188964844 7.667477130889893 -183.49778747558594
v -173.208740234375 6.876432418823242 -186.00592041015625
v -183.4890594482422 4.352786064147949 -193.44659423828125
v -174.1696319580078 6.876432418823242 -176.8959197998047
v -168.05322265625 6.8764328956604 -183.8297119140625
v -169.884521484375 6.8764328956604 -183.67828369140625
v -169.906005859375 6.876432418823242 -185.12704467773438
v -171.75880432128906 6.876432418823242 -186.4243927001953
v -172.67445373535156 6.876432418823242 -186.3486785888672
v -173.1322784423828 6.876432418823242 -186.31082153320312
v -175.46438598632812 6.876432418823242 -189.01907348632812
v -180.0769500732422 6.876432418823242 -190.9763641357422
v -181.70083618164062 6.876432418823242 -192.29263305664062
v -182.78738403320312 4.352786064147949 -194.342529296875
v -177.46994018554688 6.876431941986084 -179.94297790527344
v -187.93978881835938 0.35455480217933655 -191.39364624023438
v -186.82659912109375 0.354694128036499 -190.31924438476562
v -185.1592254638672 0.35427746176719666 -190.0363311767578
v -185.7134246826172 0.3548334538936615 -189.24485778808594
v -190.7203369140625 0.35483214259147644 -192.75094604492188
v -189.49993896484375 0.35469353199005127 -186.50132751464844
v -187.8325653076172 0.3542768955230713 -186.21841430664062
v -188.3867645263672 0.35483288764953613 -185.42694091796875
v -190.3360595703125 0.3542763590812683 -187.97140502929688
v -189.05300903320312 0.3544156551361084 -192.46798706054688
v -190.1662139892578 0.35427653789520264 -193.5423126220703
v -172.10340881347656 6.876432418823242 -179.27740478515625
v -171.599853515625 6.8764328956604 -178.76458740234375
v -184.59823608398438 7.667460918426514 -189.82345581054688
v -172.37008666992188 7.667938232421875 -181.2612762451172
v -171.9103240966797 7.272416114807129 -181.35153198242188
v -170.80406188964844 7.667477130889893 -183.49778747558594
v -188.08517456054688 4.352784156799316 -186.9746856689453
v -187.94580078125 1.8291382789611816 -187.4856719970703
v -187.84396362304688 4.352784156799316 -187.45956420898438
v -187.74212646484375 6.876430034637451 -187.4334716796875
v -188.22897338867188 4.352784633636475 -187.75497436523438
v -187.6627197265625 0.35427701473236084 -191.78932189941406
v -190.89022827148438 0.35483217239379883 -187.1799774169922
v -170.90960693359375 0.9456164836883545 -186.221435546875
v -174.1029510498047 0.995819091796875 -188.4574432373047
v -178.9755859375 -1.9281394481658936 -187.6296844482422
v -175.8620147705078 -2.239539623260498 -185.4495391845703
v -177.04429626464844 -1.7724387645721436 -186.27737426757812
v -177.23184204101562 -1.5605452060699463 -186.40870666503906
v -175.11300659179688 -1.616737961769104 -184.92507934570312
v -179.35008239746094 -2.2395403385162354 -187.89190673828125
v -190.2942657470703 -0.493291437625885 -193.3594512939453
v -187.8564453125 -0.49384745955467224 -191.6524658203125
v -188.00567626953125 -0.49363258481025696 -191.4393310546875
v -185.41860961914062 -0.4944034814834595 -189.9454803466797
v -185.71707153320312 -0.4939737319946289 -189.51922607421875
v -188.15484619140625 -0.49341827630996704 -191.22628784179688
v -190.5926055908203 -0.49286285042762756 -192.933349609375
v -173.40231323242188 5.614609718322754 -177.45404052734375
v -172.7820587158203 6.8764328956604 -177.0762176513672
v -173.65921020507812 6.876432418823242 -177.60009765625
v -170.91799926757812 1.6557750701904297 -186.22731018066406
v -167.73985290527344 1.8291429281234741 -184.001953125
v -170.9213104248047 1.8291423320770264 -186.22964477539062
v -174.10276794433594 1.829141616821289 -188.4573211669922
v -179.40542602539062 6.876431465148926 -180.56207275390625
v -181.15069580078125 6.876431465148926 -181.78411865234375
v -179.60353088378906 -4.66055154800415 -188.06939697265625
v -179.35006713867188 -4.836676597595215 -187.89190673828125
v -175.8620147705078 -4.4844255447387695 -185.4495391845703
v -182.83815002441406 -4.488664150238037 -190.33428955078125
v -183.3450469970703 -4.836677551269531 -190.68923950195312
v -174.1696319580078 6.876432418823242 -176.8959197998047
v -173.822509765625 5.614609718322754 -177.4495086669922
v -179.35067749023438 -1.504352331161499 -187.892333984375
v -180.9068603515625 -2.0838403701782227 -188.98199462890625
v -182.83815002441406 -2.2395410537719727 -190.33428955078125
v -183.18142700195312 6.876430988311768 -192.98886108398438
v -188.80938720703125 1.8291382789611816 -188.14698791503906
v -188.6607666015625 4.352784633636475 -188.08563232421875
v -174.1027374267578 1.1195160150527954 -188.45729064941406
v -170.9179229736328 1.1191203594207764 -186.22726440429688
v -177.3748321533203 6.876431941986084 -180.24444580078125
v -167.7331085205078 1.1187248229980469 -183.9972381591797
v -173.7021026611328 1.1191110610961914 -188.5279541015625
v -170.9179229736328 1.1191203594207764 -186.22726440429688
v -167.7331085205078 1.1187248229980469 -183.9972381591797
v -174.1027374267578 1.1195160150527954 -188.45729064941406
v -188.40948486328125 0.09290173649787903 -186.0940704345703
v -170.51730346679688 1.3007105588912964 -186.2979736328125
v -170.5172882080078 1.1188690662384033 -186.29794311523438
v -167.3324737548828 1.1186269521713257 -184.0679473876953
v -173.7021026611328 1.1191110610961914 -188.5279541015625
v -170.5172882080078 1.1188690662384033 -186.29794311523438
v -167.3324737548828 1.1186269521713257 -184.0679473876953
v -174.1027374267578 1.4831990003585815 -188.45729064941406
v -173.70211791992188 1.482794165611267 -188.52798461914062
v -170.71766662597656 1.4827544689178467 -186.26266479492188
v -167.3325958251953 1.4823098182678223 -184.06802368164062
v -167.7332305908203 1.4824085235595703 -183.99729919433594
v -169.80487060546875 1.1197631359100342 -181.03871154785156
v -171.23062133789062 0.7723366022109985 -182.037109375
v -172.67306518554688 0.7722196578979492 -183.04722595214844
v -169.7881622314453 0.7724536061286926 -181.02700805664062
v -172.68142700195312 0.9458744525909424 -183.05307006835938
v -174.11550903320312 0.7721027135848999 -184.05734252929688
v -175.55796813964844 0.7719857096672058 -185.06744384765625
v -175.4430694580078 1.4825561046600342 -184.6309356689453
v -175.4430694580078 1.1188733577728271 -184.6309356689453
v -175.55807495117188 1.1189712285995483 -185.06752014160156
v -179.2152099609375 6.876431465148926 -181.16502380371094
v -175.55807495117188 1.4826551675796509 -185.06752014160156
v -180.96047973632812 6.876431465148926 -182.38706970214844
v -172.68484497070312 1.6558986902236938 -183.05538940429688
v -175.55801391601562 1.8291410207748413 -185.0672607421875
v -169.81161499023438 1.8291422128677368 -181.04324340820312
v -175.55807495117188 1.4826551675796509 -185.06752014160156
v -173.70211791992188 1.482794165611267 -188.52798461914062
v -169.80490112304688 1.4832226037979126 -181.0387420654297
v -184.4660186767578 4.352785587310791 -194.07638549804688
v -167.3325958251953 1.4823098182678223 -184.06802368164062
v -184.7326202392578 7.469695091247559 -186.3794708251953
v -183.76187133789062 6.876430988311768 -185.08477783203125
v -186.16427612304688 7.667449951171875 -187.5869140625
v -182.09976196289062 6.876431465148926 -183.92095947265625
v -186.42750549316406 6.876431465148926 -191.00149536132812
v -184.58546447753906 -0.13456270098686218 -191.55519104003906
v -185.8579864501953 -0.13421407341957092 -189.7378387451172
v -185.8579864501953 -0.13421407341957092 -189.7378387451172
v -188.5121612548828 6.876430988311768 -188.0242919921875
v -177.35256958007812 -4.836676597595215 -186.49325561523438
v -175.35508728027344 -4.836676120758057 -185.09458923339844
v -181.34756469726562 -4.836677074432373 -189.2905731201172
v -173.861083984375 7.667475700378418 -185.63833618164062
v -175.55807495117188 1.1189712285995483 -185.06752014160156
v -188.13177490234375 6.876430034637451 -186.67230224609375
v -188.27999877929688 4.352784156799316 -186.59410095214844
v -188.42822265625 1.8291380405426025 -186.51589965820312
v -172.58981323242188 1.3011014461517334 -182.63290405273438
v -172.58981323242188 1.482942819595337 -182.63290405273438
v -169.73654174804688 1.48332941532135 -180.63487243652344
v -175.4430694580078 1.4825561046600342 -184.6309356689453
v -174.3204345703125 4.352787017822266 -176.81951904296875
v -172.58981323242188 1.482942819595337 -182.63290405273438
v -175.4430694580078 1.4825561046600342 -184.6309356689453
v -169.73651123046875 1.1198705434799194 -180.6348419189453
v -175.4430694580078 1.1188733577728271 -184.6309356689453
v -169.73654174804688 1.48332941532135 -180.63487243652344
v -175.4430694580078 1.1188733577728271 -184.6309356689453
v -172.6472930908203 1.1194208860397339 -182.85118103027344
v -188.39041137695312 -0.4939742684364319 -185.7012939453125
v -193.26596069335938 -0.49286356568336487 -189.1154327392578
v -190.67901611328125 -0.49363312125205994 -187.6214141845703
v -192.9676055908203 -0.493291974067688 -189.54153442382812
v -188.09194946289062 -0.49440404772758484 -186.12753295898438
v -169.73651123046875 1.1198705434799194 -180.6348419189453
v -189.67555236816406 -0.13316822052001953 -184.28578186035156
v -181.02276611328125 6.876431465148926 -192.91107177734375
v -174.1027374267578 1.4831990003585815 -188.45729064941406
v -167.7332305908203 1.4824085235595703 -183.99729919433594
v -172.7068328857422 4.352787017822266 -177.0460205078125
v -173.61160278320312 6.876432418823242 -187.72174072265625
v -185.16806030273438 6.876431465148926 -192.34768676757812
v -183.10723876953125 7.66768741607666 -185.44638061523438
v -185.86453247070312 0.5449547171592712 -189.72885131835938
v -172.68148803710938 1.4829388856887817 -183.05313110351562
v -169.80487060546875 1.1197631359100342 -181.03871154785156
v -167.7331085205078 1.1187248229980469 -183.9972381591797
v -167.7164764404297 0.7717168927192688 -183.98558044433594
v -173.28199768066406 6.876432418823242 -186.11097717285156
v -176.67947387695312 6.876432418823242 -188.54367065429688
v -178.15362548828125 6.876432418823242 -190.05978393554688
v -181.52362060546875 7.370818138122559 -184.02999877929688
v -178.66030883789062 6.975309371948242 -181.6151123046875
v -178.31002807617188 6.975312232971191 -189.47482299804688
v -169.7881622314453 0.7724536061286926 -181.02700805664062
v -167.3324737548828 1.1186269521713257 -184.0679473876953
v -167.7331085205078 1.1187248229980469 -183.9972381591797
v -169.80487060546875 1.1197631359100342 -181.03871154785156
v -182.5289306640625 -1.4200630187988281 -190.1177978515625
v -183.58836364746094 -1.391966700553894 -190.85960388183594
v -181.46951293945312 -1.4481594562530518 -189.3759765625
v -181.09442138671875 -1.8719466924667358 -189.11331176757812
v -169.73651123046875 1.1198705434799194 -180.6348419189453
v -169.73651123046875 1.1198705434799194 -180.6348419189453
v -169.73654174804688 1.48332941532135 -180.63487243652344
v -167.3325958251953 1.4823098182678223 -184.06802368164062
v -167.3324737548828 1.1186269521713257 -184.0679473876953
v -167.7332305908203 1.4824085235595703 -183.99729919433594
v -167.3325958251953 1.4823098182678223 -184.06802368164062
v -169.73654174804688 1.48332941532135 -180.63487243652344
v -169.80490112304688 1.4832226037979126 -181.0387420654297
v -167.73985290527344 1.8291429281234741 -184.001953125
v -167.7332305908203 1.4824085235595703 -183.99729919433594
v -169.80490112304688 1.4832226037979126 -181.0387420654297
v -169.81161499023438 1.8291422128677368 -181.04324340820312
v -175.8620147705078 -3.2878644466400146 -185.4495391845703
v -175.11300659179688 -1.616737961769104 -184.92507934570312
v -175.8620147705078 -2.239539623260498 -185.4495391845703
v -175.8620147705078 -3.7041027545928955 -185.4495391845703
v -182.83815002441406 -3.6064300537109375 -190.33428955078125
v -183.3450469970703 -4.836677551269531 -190.68923950195312
v -182.83815002441406 -4.488664150238037 -190.33428955078125
v -182.83815002441406 -3.1901915073394775 -190.33428955078125
v -182.83815002441406 -2.2395410537719727 -190.33428955078125
v -183.58836364746094 -1.391966700553894 -190.85960388183594
v -175.8620147705078 -4.4844255447387695 -185.4495391845703
v -175.35508728027344 -4.836676120758057 -185.09458923339844
v -173.65921020507812 6.876432418823242 -177.60009765625
v -173.65921020507812 6.876432418823242 -177.60009765625
v -172.7820587158203 6.8764328956604 -177.0762176513672
v -186.19284057617188 6.876430511474609 -185.8864288330078
v -182.89596557617188 6.876430988311768 -183.00616455078125
v -174.75616455078125 6.876432418823242 -187.62709045410156
v -177.31716918945312 6.876432418823242 -190.31640625
v -187.0861053466797 6.876430511474609 -187.41241455078125
v -184.9191131591797 -0.13272519409656525 -191.79147338867188
v -182.83815002441406 -3.6064300537109375 -190.33428955078125
v -180.85513305664062 -3.6308469772338867 -189.45440673828125
v -174.9060516357422 -3.7040982246398926 -186.81478881835938
v -175.8620147705078 -3.7041027545928955 -185.4495391845703
v -176.88906860351562 -3.6796813011169434 -187.69467163085938
v -181.88217163085938 -3.1901872158050537 -191.6995391845703
v -182.83815002441406 -3.1901915073394775 -190.33428955078125
v -180.85513305664062 -3.214608669281006 -189.45440673828125
v -178.87210083007812 -3.239025831222534 -188.5745391845703
v -179.35008239746094 -3.239027976989746 -187.89190673828125
v -182.509765625 6.876430988311768 -183.93411254882812
v -175.8620147705078 -3.2878644466400146 -185.4495391845703
v -174.9060516357422 -3.2878596782684326 -186.81478881835938
v -176.88906860351562 -3.2634427547454834 -187.69467163085938
v -178.39410400390625 -3.239023447036743 -189.25717163085938
v -182.7532958984375 6.876430988311768 -183.4583740234375
v -179.02154541015625 6.876431465148926 -181.6011962890625
v -178.42984008789062 7.173064231872559 -181.65875244140625
v -190.0104522705078 -0.1331678032875061 -184.52029418945312
v -183.46670532226562 -3.1143221855163574 -190.7744140625
v -180.37713623046875 -3.214606523513794 -190.1370391845703
v -177.3670654296875 -3.2634451389312744 -187.0120391845703
v -177.3670654296875 -3.6796834468841553 -187.0120391845703
v -178.35858154296875 -3.6674747467041016 -187.45196533203125
v -174.10293579101562 0.7180395126342773 -188.45742797851562
v -170.7285919189453 -3.1700053215026855 -179.14511108398438
v -172.29150390625 -2.3927531242370605 -177.01922607421875
v -173.63323974609375 -1.3377225399017334 -175.2471466064453
v -172.0550537109375 -0.9486229419708252 -187.02349853515625
v -171.71372985839844 -0.9486206769943237 -186.7845001220703
v -172.0550537109375 -0.670844316482544 -187.02349853515625
v -173.07899475097656 -0.11529133468866348 -187.74044799804688
v -172.73768615722656 -0.11528941243886948 -187.50146484375
v -173.07899475097656 0.1624877005815506 -187.74044799804688
v -171.71372985839844 -1.2263997793197632 -186.7845001220703
v -171.3724365234375 -1.2263975143432617 -186.54550170898438
v -173.30148315429688 -0.9210562705993652 -175.77783203125
v -174.68458557128906 0.7723673582077026 -174.0339813232422
v -173.0524444580078 0.7723960876464844 -176.364990234375
v -172.73768615722656 -0.39306870102882385 -187.50146484375
v -172.3963623046875 -0.3930661678314209 -187.26248168945312
v -173.9652099609375 -1.754387617111206 -174.71615600585938
v -171.6136932373047 -4.281113624572754 -177.7293243408203
v -175.1963653564453 -0.560468852519989 -173.1209716796875
v -171.37242126464844 -1.5041767358779907 -186.54550170898438
v -171.03111267089844 -1.5041744709014893 -186.3065185546875
v -183.2635955810547 6.297650337219238 -183.21670532226562
v -180.82949829101562 6.008260726928711 -181.4888916015625
v -182.97125244140625 5.5773234367370605 -182.9651336669922
v -173.76162719726562 0.44026270508766174 -188.21844482421875
v -173.42030334472656 0.4402649700641632 -187.9794464111328
v -173.76161193847656 0.718042254447937 -188.2184600830078
v -172.6232452392578 -2.809418201446533 -176.488525390625
v -173.85440063476562 -1.6154992580413818 -174.89334106445312
v -171.39208984375 -4.003337383270264 -178.08370971679688
v -169.81173706054688 2.1071419715881348 -181.0435333251953
v -170.05284118652344 2.106995105743408 -180.69920349121094
v -168.93247985839844 4.491787433624268 -182.43661499023438
v -171.1709442138672 -3.725559711456299 -178.43753051757812
v -167.73985290527344 1.8291429281234741 -184.001953125
v -173.3588409423828 3.090980052947998 -187.8385009765625
v -171.59030151367188 4.352797508239746 -186.5022430419922
v -173.52734375 5.614614963531494 -187.76065063476562
v -173.10269165039062 3.0909745693206787 -187.65914916992188
v -185.69973754882812 3.703230857849121 -184.74050903320312
v -188.27999877929688 4.352784156799316 -186.59410095214844
v -186.91575622558594 5.289830207824707 -185.70640563964844
v -188.13177490234375 6.876430034637451 -186.67230224609375
v -181.15069580078125 6.876431465148926 -181.78411865234375
v -185.551513671875 6.226876735687256 -184.8187255859375
v -186.55067443847656 4.352785110473633 -191.09918212890625
v -186.4890899658203 5.614608287811279 -191.0503387451172
v -187.5314178466797 5.614607810974121 -189.56173706054688
v -175.12738037109375 1.8291622400283813 -189.17477416992188
v -184.4660186767578 4.352785587310791 -194.07638549804688
v -185.44676208496094 5.6146087646484375 -192.5389404296875
v -185.5083465576172 4.352785110473633 -192.58778381347656
v -171.75880432128906 6.876432418823242 -186.4243927001953
v -173.61160278320312 6.876432418823242 -187.72174072265625
v -186.42750549316406 6.876431465148926 -191.00149536132812
v -175.46438598632812 6.876432418823242 -189.01907348632812
v -185.56993103027344 3.0909624099731445 -192.63662719726562
v -172.8448486328125 -3.0871949195861816 -176.13414001464844
v -171.8352813720703 -4.558891296386719 -177.37493896484375
v -170.41763305664062 6.8764328956604 -180.45297241210938
v -171.41744995117188 4.491714000701904 -178.88771057128906
v -171.599853515625 6.8764328956604 -178.76458740234375
v -172.7820587158203 6.8764328956604 -177.0762176513672
v -171.15310668945312 -4.0033392906188965 -178.42503356933594
v -170.22708129882812 0.32821375131607056 -185.7435302734375
v -173.41207885742188 -1.0599448680877686 -175.60093688964844
v -174.80911254882812 -0.07435882091522217 -173.7404022216797
v -176.3167266845703 0.7723385691642761 -171.70297241210938
v -169.8439178466797 -2.05889630317688 -180.5602569580078
v -170.06507873535156 -2.336674213409424 -180.20648193359375
v -169.7881622314453 0.7724536061286926 -181.02700805664062
v -169.8260955810547 -2.3366758823394775 -180.54779052734375
v -170.28623962402344 -2.6144511699676514 -179.85269165039062
v -170.04725646972656 -2.6144533157348633 -180.19398498535156
v -170.50741577148438 -2.892228126525879 -179.4989013671875
v -170.26841735839844 -2.892230272293091 -179.84019470214844
v -180.93850708007812 5.614614486694336 -192.95001220703125
v -179.1699676513672 6.876431941986084 -191.61373901367188
v -181.02276611328125 6.876431465148926 -192.91107177734375
v -170.48959350585938 -3.1700069904327393 -179.4864044189453
v -182.87554931640625 6.876431465148926 -194.2084197998047
v -167.7164764404297 0.7717168927192688 -183.98558044433594
v -170.94976806640625 -3.4477837085723877 -178.79132080078125
v -170.7107696533203 -3.4477853775024414 -179.13262939453125
v -174.0760040283203 -1.8932762145996094 -174.53895568847656
v -184.3428497314453 6.876431941986084 -193.97869873046875
v -170.93194580078125 -3.7255618572235107 -178.77883911132812
v -169.6227569580078 -1.7811189889907837 -180.9140625
v -169.6049346923828 -2.0588977336883545 -180.9015655517578
v -171.5958709716797 -4.558892726898193 -177.71685791015625
v -171.374267578125 -4.281115531921387 -178.0712432861328
v -188.5121612548828 6.876430988311768 -188.0242919921875
v -188.6607666015625 4.352784633636475 -188.08563232421875
v -171.79385375976562 -1.7677537202835083 -177.8152618408203
v -170.56838989257812 0.6059909462928772 -185.98251342773438
v -169.29180908203125 -1.7819583415985107 -185.08865356445312
v -167.55252075195312 -1.7819652557373047 -183.8707733154297
v -169.37379455566406 -0.5051173567771912 -185.14605712890625
v -171.03111267089844 -1.7819515466690063 -186.3065185546875
v -170.73904418945312 0.7448796033859253 -186.10202026367188
v -169.54446411132812 -0.22734028100967407 -185.26553344726562
v -169.88577270507812 0.050436317920684814 -185.50454711914062
v -171.34222412109375 1.9680683612823486 -178.85751342773438
v -172.63160705566406 1.829141616821289 -177.01583862304688
v -168.05322265625 6.8764328956604 -183.8297119140625
v -169.05303955078125 4.491714000701904 -182.26446533203125
v -182.78738403320312 4.352785587310791 -194.342529296875
v -182.69921875 1.8291399478912354 -194.47662353515625
v -180.850341796875 3.090968608856201 -193.0841064453125
v -174.10276794433594 1.829141616821289 -188.4573211669922
v -171.0780029296875 4.352787017822266 -186.14352416992188
v -173.74383544921875 -1.4766104221343994 -175.07025146484375
v -172.7068328857422 4.352787017822266 -177.0460205078125
v -171.3421630859375 1.8291418552398682 -178.8573760986328
v -170.05270385742188 1.8291422128677368 -180.69891357421875
v -171.8174591064453 -4.836668014526367 -177.36245727539062
v -173.89602661132812 -4.697783946990967 -174.41293334960938
v -179.00146484375 4.352797031402588 -191.69158935546875
v -178.91329956054688 1.8291511535644531 -191.82569885253906
v -177.06442260742188 3.09097957611084 -190.4331817626953
v -184.5891876220703 1.8291393518447876 -194.17405700683594
v -186.69927978515625 1.8291387557983398 -191.1605224609375
v -168.67034912109375 -0.5047558546066284 -182.44888305664062
v -167.55252075195312 -1.7819652557373047 -183.8707733154297
v -167.7164764404297 0.7717168927192688 -183.98558044433594
v -176.264404296875 4.983705997467041 -189.72613525390625
v -177.23292541503906 5.614614486694336 -190.35533142089844
v -183.03591918945312 1.8291383981704712 -182.74017333984375
v -185.73207092285156 1.8291382789611816 -184.62803649902344
v -184.36782836914062 2.7661845684051514 -183.74034118652344
v -171.66934204101562 -0.9210275411605835 -178.1088409423828
v -174.32736206054688 3.721888542175293 -188.46771240234375
v -187.68002319335938 3.0909616947174072 -189.62307739257812
v -175.29588317871094 4.352797508239746 -189.096923828125
v -172.3963623046875 -0.6708467602729797 -187.26248168945312
v -173.42030334472656 0.16248555481433868 -187.9794464111328
v -173.5226593017578 -1.1988334655761719 -175.42404174804688
v -170.2352294921875 4.491714000701904 -180.57608032226562
v -180.80625915527344 1.8291455507278442 -193.15115356445312
v -179.40542602539062 6.876431465148926 -180.56207275390625
v -178.71661376953125 6.58704137802124 -180.05630493164062
v -177.66015625 6.876431941986084 -179.34002685546875
v -176.43333435058594 3.774005889892578 -178.25210571289062
v -178.8131866455078 1.8291397094726562 -179.7833709716797
v -178.39541625976562 5.718870639801025 -179.76109313964844
v -172.9556427001953 -3.226083755493164 -175.95693969726562
v -171.42030334472656 0.7724248170852661 -178.6959991455078
v -169.82176208496094 5.614615440368652 -185.16598510742188
v -176.13674926757812 -2.0321691036224365 -171.5769500732422
v -169.81161499023438 1.8291422128677368 -181.04324340820312
v -180.68333435058594 5.648097038269043 -181.3631134033203
v -175.01638793945312 -3.364976406097412 -172.99493408203125
v -175.95675659179688 -4.836676597595215 -171.450927734375
v -177.31716918945312 6.876432418823242 -190.31640625
v -171.95974731445312 -1.9760864973068237 -177.5499267578125
v -176.28253173828125 6.297651290893555 -178.32850646972656
v -182.89596557617188 6.876430988311768 -183.00616455078125
v -184.6412353515625 6.876430511474609 -184.22821044921875
v -174.1696319580078 6.876432418823242 -176.8959197998047
v -175.91488647460938 6.876432418823242 -178.11798095703125
v -179.77305603027344 6.297651290893555 -180.77261352539062
v -188.80938720703125 1.8291382789611816 -188.14698791503906
v -185.69769287109375 6.587039947509766 -184.9445037841797
v -169.906005859375 6.876432418823242 -185.12704467773438
v -168.05322265625 6.8764328956604 -183.8297119140625
v -181.86294555664062 4.983699798583984 -193.64627075195312
v -177.0203399658203 1.8291566371917725 -190.500244140625
v -172.59039306640625 3.0909643173217773 -187.3004150390625
v -174.3204345703125 4.352787017822266 -176.81951904296875
v -174.47125244140625 1.8291412591934204 -176.7431182861328
v -170.9213104248047 1.8291423320770264 -186.22964477539062
v -169.56561279296875 5.614609718322754 -184.9866180419922
v -167.89654541015625 4.352787971496582 -183.91583251953125
v -188.42822265625 1.8291380405426025 -186.51589965820312
v -167.89654541015625 4.352787971496582 -183.91583251953125
v -169.408935546875 3.0909650325775146 -185.07273864746094
v -167.73985290527344 1.8291429281234741 -184.001953125
v -173.88711547851562 -4.836672306060791 -174.4066925048828
v -176.6422119140625 1.8291404247283936 -178.26324462890625
v -175.30148315429688 5.32521915435791 -177.57400512695312
v -180.50070190429688 -0.21650007367134094 -173.8529052734375
v -180.16940307617188 -0.21649996936321259 -173.6209259033203
v -180.1280059814453 -3.38065505027771 -173.59193420410156
v -185.59536743164062 -3.380657196044922 -177.4202423095703
v -186.00949096679688 -3.380655527114868 -177.710205078125
v -185.96807861328125 -0.21650293469429016 -177.6811981201172
v -185.63677978515625 -0.2165028303861618 -177.44921875
v -180.5421142578125 -3.380652666091919 -173.8819122314453
v -181.9120635986328 -3.380655527114868 -174.84115600585938
v -182.4090118408203 -3.3806538581848145 -175.1891326904297
v -182.36761474609375 -0.21650102734565735 -175.1601104736328
v -181.9534912109375 -0.21650059521198273 -174.8701629638672
v -183.79161071777344 -3.3806567192077637 -176.1572265625
v -184.20574951171875 -3.38065505027771 -176.44720458984375
v -184.16433715820312 -0.21650250256061554 -176.41819763183594
v -183.83303833007812 -0.21650239825248718 -176.1862335205078
v -188.51217651367188 0.772419810295105 -180.24234008789062
v -186.79676818847656 0.7724074125289917 -179.0411834716797
v -188.5122833251953 0.47274136543273926 -180.24240112304688
v -190.22760009765625 0.7724321484565735 -181.4434814453125
v -190.18971252441406 0.173043891787529 -181.4169464111328
v -188.49334716796875 0.1730472296476364 -180.2291259765625
v -189.8837432861328 0.17296229302883148 -180.0986328125
v -186.79696655273438 0.17305056750774384 -179.04132080078125
v -188.49334716796875 0.1730472296476364 -180.2291259765625
v -186.79696655273438 0.17305056750774384 -179.04132080078125
v -190.18971252441406 0.173043891787529 -181.4169464111328
v -188.1872100830078 0.1729632467031479 -178.9107208251953
v -187.3157196044922 0.1729600727558136 -178.30047607421875
v -190.7084503173828 0.17295826971530914 -180.6761016845703
v -188.642578125 0.17296430468559265 -179.1102294921875
v -188.1872100830078 0.1729632467031479 -178.9107208251953
v -188.39788818359375 0.172964945435524 -178.6098175048828
v -189.57167053222656 0.17296430468559265 -179.7607879638672
v -190.0944366455078 0.1729619801044464 -179.79774475097656
v -189.8837432861328 0.17296229302883148 -180.0986328125
v -188.7971954345703 0.17296409606933594 -178.889404296875
v -189.7262725830078 0.17296409606933594 -179.53997802734375
v -173.2042694091797 -1.2255566120147705 -183.92926025390625
v -172.8642578125 -1.22639000415802 -183.68832397460938
v -172.8643035888672 -1.504225254058838 -183.68833923339844
v -171.9202880859375 2.7089052200317383 -182.13497924804688
v -175.7890625 2.708904504776001 -184.84408569335938
v -177.78350830078125 2.7089037895202637 -186.1126251220703
v -173.7946319580078 2.7089052200317383 -183.57554626464844
v -177.1982421875 2.708904504776001 -186.21714782714844
v -169.80575561523438 2.708906888961792 -181.03846740722656
v -169.80487060546875 2.4485831260681152 -181.0387420654297
v -173.5019989013672 2.7089056968688965 -183.6278076171875
v -177.1982421875 2.708904504776001 -186.21714782714844
v -173.5019989013672 2.7089056968688965 -183.6278076171875
v -169.80575561523438 2.708906888961792 -181.03846740722656
v -170.04595947265625 2.7089054584503174 -180.6944122314453
v -170.05270385742188 1.8291422128677368 -180.69891357421875
v -175.85079956054688 2.1069936752319336 -184.75926208496094
v -177.783447265625 2.1069934368133545 -186.11260986328125
v -173.91815185546875 2.106994152069092 -183.40591430664062
v -177.19879150390625 2.1071407794952393 -186.21636962890625
v -175.85079956054688 2.1069936752319336 -184.75926208496094
v -173.91815185546875 2.106994152069092 -183.40591430664062
v -177.783447265625 2.1069934368133545 -186.11260986328125
v -173.9147491455078 2.448582172393799 -183.4035186767578
v -170.04595947265625 2.7089054584503174 -180.6944122314453
v -175.84913635253906 2.4485816955566406 -184.75807189941406
v -177.7835235595703 2.4485812187194824 -186.1126251220703
v -177.7835235595703 2.4485812187194824 -186.1126251220703
v -177.1988067626953 2.4485814571380615 -186.2163848876953
v -175.84913635253906 2.4485816955566406 -184.75807189941406
v -173.9147491455078 2.448582172393799 -183.4035186767578
v -172.8642578125 -1.22639000415802 -183.68832397460938
v -174.330322265625 -0.22720128297805786 -184.2076416015625
v -173.1026611328125 -1.2263883352279663 -183.3478546142578
v -175.55796813964844 0.7719857096672058 -185.06744384765625
v -176.9604034423828 2.107140064239502 -186.55682373046875
v -177.19879150390625 2.1071407794952393 -186.21636962890625
v -176.85751342773438 1.8291407823562622 -185.97718811035156
v -172.7403106689453 -1.5041552782058716 -183.1156768798828
v -172.5259552001953 -1.5041570663452148 -183.45144653320312
v -172.5259552001953 -1.5041570663452148 -183.45144653320312
v -172.18405151367188 -1.504163384437561 -183.21202087402344
v -172.18405151367188 -1.7819445133209229 -183.21205139160156
v -172.42245483398438 -1.5041617155075073 -182.87155151367188
v -172.18405151367188 -1.504163384437561 -183.21202087402344
v -172.5259552001953 -1.5041570663452148 -183.45144653320312
v -172.7403106689453 -1.5041552782058716 -183.1156768798828
v -172.42245483398438 -1.5041617155075073 -182.87155151367188
v -172.42115783691406 -1.7811199426651 -182.87351989746094
v -172.18405151367188 -1.7819445133209229 -183.21205139160156
v -172.18405151367188 -1.504163384437561 -183.21202087402344
v -172.86431884765625 -1.7819366455078125 -183.68833923339844
v -173.8542022705078 -3.447783946990967 -180.82691955566406
v -173.6154327392578 -3.17000675201416 -181.1679229736328
v -174.81187438964844 -4.2819414138793945 -179.4591522216797
v -174.81057739257812 -4.558893203735352 -179.46104431152344
v -174.57115173339844 -4.2811150550842285 -179.802978515625
v -177.30398559570312 2.10714054107666 -186.79739379882812
v -176.9604034423828 2.107140064239502 -186.55682373046875
v -176.9604949951172 1.8291488885879517 -186.5566864013672
v -177.3040771484375 1.8291407823562622 -186.79727172851562
v -177.19879150390625 2.1071407794952393 -186.21636962890625
v -176.9604034423828 2.107140064239502 -186.55682373046875
v -177.30398559570312 2.10714054107666 -186.79739379882812
v -179.35008239746094 -2.2395403385162354 -187.89190673828125
v -182.83815002441406 -2.2395410537719727 -190.33428955078125
v -180.85513305664062 -2.239539384841919 -189.45440673828125
v -187.50390625 -2.331859588623047 -178.4322509765625
v -187.3157196044922 0.1729600727558136 -178.30047607421875
v -187.24453735351562 -2.3318142890930176 -178.80267333984375
v -187.6920928955078 -4.836679458618164 -178.56402587890625
v -175.051025390625 -4.836676597595215 -179.1176300048828
v -175.15377807617188 -4.281941890716553 -179.6985626220703
v -175.39291381835938 -4.281942844390869 -179.3570098876953
v -175.051025390625 -4.281942844390869 -179.1176300048828
v -174.81187438964844 -4.2819414138793945 -179.4591522216797
v -175.051025390625 -4.281942844390869 -179.1176300048828
v -175.051025390625 -4.836676597595215 -179.1176300048828
v -175.051025390625 -4.281942844390869 -179.1176300048828
v -175.39291381835938 -4.281942844390869 -179.3570098876953
v -175.2679901123047 -4.836676597595215 -179.26954650878906
v -176.61740112304688 1.5522150993347168 -186.3191680908203
v -176.95924377441406 1.5522129535675049 -186.5585174560547
v -172.421142578125 -2.0588998794555664 -182.87350463867188
v -172.42115783691406 -1.7811199426651 -182.87351989746094
v -172.65924072265625 -2.0588977336883545 -182.53347778320312
v -186.9851531982422 -2.3318140506744385 -179.17308044433594
v -187.17333984375 -4.836678981781006 -179.30484008789062
v -186.79696655273438 0.17305056750774384 -179.04132080078125
v -178.39410400390625 -2.239535331726074 -189.25717163085938
v -176.88906860351562 -2.2395362854003906 -187.69467163085938
v -178.87210083007812 -2.2395377159118652 -188.5745391845703
v -174.9060516357422 -2.239534616470337 -186.81478881835938
v -175.8620147705078 -2.239539623260498 -185.4495391845703
v -174.9060516357422 -4.4886579513549805 -186.81478881835938
v -178.39410400390625 -4.488658905029297 -189.25717163085938
v -176.88906860351562 -4.488659381866455 -187.69467163085938
v -178.87210083007812 -4.48866081237793 -188.5745391845703
v -175.8620147705078 -4.4844255447387695 -185.4495391845703
v -180.85513305664062 -4.4886627197265625 -189.45440673828125
v -181.88217163085938 -4.488659858703613 -191.6995391845703
v -182.83815002441406 -4.488664150238037 -190.33428955078125
v -170.0459747314453 2.448582887649536 -180.6944122314453
v -170.05284118652344 2.106995105743408 -180.69920349121094
v -173.6223907470703 2.448582172393799 -183.4553985595703
v -173.62582397460938 2.1070680618286133 -183.45779418945312
v -183.83303833007812 -0.21650239825248718 -176.1862335205078
v -183.1253662109375 0.1732838898897171 -176.47044372558594
v -183.07052612304688 -1.8927630186080933 -176.43203735351562
v -171.98541259765625 1.8291418552398682 -182.05230712890625
v -173.91812133789062 1.82914137840271 -183.40570068359375
v -185.99789428710938 -1.7985800504684448 -178.4818115234375
v -185.94305419921875 0.17328210175037384 -178.4434051513672
v -185.96807861328125 -0.21650293469429016 -177.6811981201172
v -182.39739990234375 -1.798578143119812 -175.96072387695312
v -182.3425750732422 0.173284113407135 -175.9223175048828
v -182.36761474609375 -0.21650102734565735 -175.1601104736328
v -181.9534912109375 -0.21650059521198273 -174.8701629638672
v -181.24581909179688 0.1732855886220932 -175.1543731689453
v -181.19097900390625 -1.7985773086547852 -175.115966796875
v -178.7267608642578 -1.7985771894454956 -173.3905029296875
v -178.6719207763672 0.1732848435640335 -173.35211181640625
v -178.69696044921875 -0.21649964153766632 -172.58990478515625
v -178.36566162109375 -0.21649964153766632 -172.35792541503906
v -177.65798950195312 0.17328591644763947 -172.64215087890625
v -177.6031494140625 -1.798576831817627 -172.603759765625
v -185.63677978515625 -0.2165028303861618 -177.44921875
v -184.9291229248047 0.17328357696533203 -177.7334442138672
v -184.87428283691406 -1.7985790967941284 -177.69503784179688
v -184.1941375732422 -1.798579454421997 -177.2187957763672
v -184.13929748535156 0.17328283190727234 -177.18038940429688
v -184.16433715820312 -0.21650250256061554 -176.41819763183594
v -180.530517578125 -1.7985775470733643 -174.65350341796875
v -180.4756622314453 0.1732846349477768 -174.61509704589844
v -180.50070190429688 -0.21650007367134094 -173.8529052734375
v -180.16940307617188 -0.21649996936321259 -173.6209259033203
v -179.4617462158203 0.17328506708145142 -173.90513610839844
v -179.4069061279297 -1.7985775470733643 -173.86672973632812
v -177.78355407714844 1.829140543937683 -186.1124725341797
v -177.783447265625 2.1069934368133545 -186.11260986328125
v -177.30398559570312 2.10714054107666 -186.79739379882812
v -175.153076171875 -3.940500020980835 -179.69947814941406
v -173.78762817382812 -2.5516083240509033 -181.28573608398438
v -174.81158447265625 -3.9404993057250977 -179.45953369140625
v -172.76365661621094 -1.162717342376709 -183.1119384765625
v -172.4217529296875 -1.1627197265625 -182.87252807617188
v -174.8117218017578 -3.680177927017212 -179.45936584472656
v -173.78713989257812 -2.2910878658294678 -181.28509521484375
v -175.15223693847656 -3.6801788806915283 -179.6981964111328
v -172.4220428466797 -0.9019967317581177 -182.87200927734375
v -172.7639923095703 -0.9023959040641785 -183.11146545410156
v -172.42245483398438 -1.5041617155075073 -182.87155151367188
v -173.77609252929688 -2.8930482864379883 -181.28741455078125
v -172.7403106689453 -1.5041552782058716 -183.1156768798828
v -174.9108428955078 0.16332896053791046 -185.1241912841797
v -174.91232299804688 0.44037508964538574 -185.12257385253906
v -174.91232299804688 0.4403749704360962 -185.12257385253906
v -173.50526428222656 2.1071414947509766 -183.62994384765625
v -169.81173706054688 2.1071419715881348 -181.0435333251953
v -175.55801391601562 1.8291410207748413 -185.0672607421875
v -173.50526428222656 2.1071414947509766 -183.62994384765625
v -169.81173706054688 2.1071419715881348 -181.0435333251953
v -177.19879150390625 2.1071407794952393 -186.21636962890625
v -183.42437744140625 -2.087656021118164 -176.28994750976562
v -183.0157012939453 -3.9588098526000977 -176.39364624023438
v -183.79161071777344 -3.3806567192077637 -176.1572265625
v -180.58535766601562 -3.770439624786377 -174.69189453125
v -180.54302978515625 -1.9934698343276978 -174.27239990234375
v -180.5421142578125 -3.380652666091919 -173.8819122314453
v -181.54483032226562 -1.993470549583435 -174.973876953125
v -181.1361541748047 -3.7704403400421143 -175.07757568359375
v -181.9120635986328 -3.380655527114868 -174.84115600585938
v -182.45223999023438 -3.7704403400421143 -175.99911499023438
v -182.40992736816406 -1.9934706687927246 -175.57962036132812
v -182.4090118408203 -3.3806538581848145 -175.1891326904297
v -185.22811889648438 -1.9934722185134888 -177.5529327392578
v -184.81944274902344 -3.770441770553589 -177.65664672851562
v -185.59536743164062 -3.380657196044922 -177.4202423095703
v -184.2489776611328 -3.770441770553589 -177.2572021484375
v -184.2066650390625 -1.9934720993041992 -176.83770751953125
v -184.20574951171875 -3.38065505027771 -176.44720458984375
v -186.05271911621094 -3.770442247390747 -178.52020263671875
v -186.01040649414062 -1.9934725761413574 -178.1007080078125
v -186.00949096679688 -3.380655527114868 -177.710205078125
v -177.9569854736328 -1.9934697151184082 -172.46163940429688
v -177.54830932617188 -3.770439624786377 -172.5653533935547
v -178.32424926757812 -3.3806545734405518 -172.3289337158203
v -178.78160095214844 -3.7704391479492188 -173.4289093017578
v -178.73928833007812 -1.9934693574905396 -173.0093994140625
v -178.73837280273438 -3.3806521892547607 -172.618896484375
v -179.7607421875 -1.9934699535369873 -173.72463989257812
v -179.35206604003906 -3.770440101623535 -173.82833862304688
v -180.1280059814453 -3.38065505027771 -173.59193420410156
v -172.52593994140625 -0.9023948311805725 -183.45144653320312
v -174.862060546875 0.903253972530365 -184.83432006835938
v -172.7639923095703 -0.9023959040641785 -183.11146545410156
v -176.9601287841797 2.7089037895202637 -186.55718994140625
v -177.1982421875 2.708904504776001 -186.21714782714844
v -172.76365661621094 -1.162717342376709 -183.1119384765625
v -174.86236572265625 0.6429320573806763 -184.83392333984375
v -172.52593994140625 -1.1627172231674194 -183.45144653320312
v -177.1988067626953 2.4485814571380615 -186.2163848876953
v -176.95986938476562 2.4485809803009033 -186.55755615234375
v -169.81161499023438 1.8291422128677368 -181.04324340820312
v -185.96807861328125 -0.21650293469429016 -177.6811981201172
v -185.94305419921875 0.17328210175037384 -178.4434051513672
v -184.9291229248047 0.17328357696533203 -177.7334442138672
v -186.00949096679688 -3.380655527114868 -177.710205078125
v -185.59536743164062 -3.380657196044922 -177.4202423095703
v -184.81944274902344 -3.770441770553589 -177.65664672851562
v -186.05271911621094 -3.770442247390747 -178.52020263671875
v -183.83303833007812 -0.21650239825248718 -176.1862335205078
v -184.16433715820312 -0.21650250256061554 -176.41819763183594
v -184.13929748535156 0.17328283190727234 -177.18038940429688
v -183.1253662109375 0.1732838898897171 -176.47044372558594
v -184.20574951171875 -3.38065505027771 -176.44720458984375
v -183.79161071777344 -3.3806567192077637 -176.1572265625
v -183.0157012939453 -3.9588098526000977 -176.39364624023438
v -184.2489776611328 -3.770441770553589 -177.2572021484375
v -181.9534912109375 -0.21650059521198273 -174.8701629638672
v -182.36761474609375 -0.21650102734565735 -175.1601104736328
v -182.3425750732422 0.173284113407135 -175.9223175048828
v -181.24581909179688 0.1732855886220932 -175.1543731689453
v -182.4090118408203 -3.3806538581848145 -175.1891326904297
v -181.9120635986328 -3.380655527114868 -174.84115600585938
v -181.1361541748047 -3.7704403400421143 -175.07757568359375
v -182.45223999023438 -3.7704403400421143 -175.99911499023438
v -180.16940307617188 -0.21649996936321259 -173.6209259033203
v -180.50070190429688 -0.21650007367134094 -173.8529052734375
v -180.4756622314453 0.1732846349477768 -174.61509704589844
v -179.4617462158203 0.17328506708145142 -173.90513610839844
v -180.5421142578125 -3.380652666091919 -173.8819122314453
v -180.1280059814453 -3.38065505027771 -173.59193420410156
v -179.35206604003906 -3.770440101623535 -173.82833862304688
v -180.58535766601562 -3.770439624786377 -174.69189453125
v -178.36566162109375 -0.21649964153766632 -172.35792541503906
v -178.69696044921875 -0.21649964153766632 -172.58990478515625
v -178.6719207763672 0.1732848435640335 -173.35211181640625
v -177.65798950195312 0.17328591644763947 -172.64215087890625
v -178.73837280273438 -3.3806521892547607 -172.618896484375
v -178.32424926757812 -3.3806545734405518 -172.3289337158203
v -177.54830932617188 -3.770439624786377 -172.5653533935547
v -178.78160095214844 -3.7704391479492188 -173.4289093017578
v -189.46681213378906 -1.028452754020691 -179.68736267089844
v -188.74742126464844 -1.0284525156021118 -179.18365478515625
v -189.1931915283203 -1.0284515619277954 -178.54702758789062
v -189.91258239746094 -1.028451681137085 -179.0507354736328
v -189.46681213378906 -1.028452754020691 -179.68736267089844
v -189.57167053222656 0.17296430468559265 -179.7607879638672
v -188.642578125 0.17296430468559265 -179.1102294921875
v -188.74742126464844 -1.0284525156021118 -179.18365478515625
v -188.74742126464844 -1.0284525156021118 -179.18365478515625
v -189.1780548095703 -0.8550177812576294 -178.5364227294922
v -189.1931915283203 -1.0284515619277954 -178.54702758789062
v -188.7971954345703 0.17296409606933594 -178.889404296875
v -189.63656616210938 -0.8550156354904175 -179.47715759277344
v -189.57167053222656 0.17296430468559265 -179.7607879638672
v -189.46681213378906 -1.028452754020691 -179.68736267089844
v -189.7262725830078 0.17296409606933594 -179.53997802734375
v -189.91258239746094 -1.028451681137085 -179.0507354736328
v -189.927734375 -0.8550188541412354 -179.0613555908203
v -188.88690185546875 -0.8550156354904175 -178.9522247314453
v -189.1931915283203 -1.0284515619277954 -178.54702758789062
v -188.68905639648438 -0.8550146222114563 -178.1940155029297
v -188.6890411376953 -1.31077241897583 -178.1940155029297
v -189.91258239746094 -1.028451681137085 -179.0507354736328
v -190.3855743408203 -1.3107719421386719 -179.38192749023438
v -190.38558959960938 -0.8550167083740234 -179.38194274902344
v -189.1780548095703 -0.8550177812576294 -178.5364227294922
v -189.927734375 -0.8550188541412354 -179.0613555908203
v -177.19879150390625 2.1071407794952393 -186.21636962890625
v -177.3040771484375 1.8291407823562622 -186.79727172851562
v -180.37713623046875 -2.239536762237549 -190.1370391845703
v -181.36865234375 -2.2395377159118652 -190.57696533203125
v -181.88217163085938 -2.2395360469818115 -191.6995391845703
v -178.35858154296875 -2.239539623260498 -187.45196533203125
v -177.3670654296875 -2.2395386695861816 -187.0120391845703
v -169.80487060546875 2.4485831260681152 -181.0387420654297
v -171.8341827392578 2.448582649230957 -182.0749053955078
v -170.0459747314453 2.448582887649536 -180.6944122314453
v -173.5018310546875 2.448582172393799 -183.6275634765625
v -173.5018310546875 2.448582172393799 -183.6275634765625
v -177.1988067626953 2.4485814571380615 -186.2163848876953
v -171.83932495117188 2.1070315837860107 -182.0784912109375
v -170.05284118652344 2.106995105743408 -180.69920349121094
v -177.5757293701172 -2.784508228302002 -172.58456420898438
v -177.78355407714844 1.829140543937683 -186.1124725341797
v -175.850830078125 1.8291409015655518 -184.75909423828125
v -176.85751342773438 1.8291407823562622 -185.97718811035156
v -174.9060516357422 -3.7040982246398926 -186.81478881835938
v -174.9060516357422 -4.4886579513549805 -186.81478881835938
v -175.8620147705078 -4.4844255447387695 -185.4495391845703
v -175.8620147705078 -3.7041027545928955 -185.4495391845703
v -175.8620147705078 -3.2878644466400146 -185.4495391845703
v -175.8620147705078 -2.239539623260498 -185.4495391845703
v -174.9060516357422 -2.239534616470337 -186.81478881835938
v -174.9060516357422 -3.2878596782684326 -186.81478881835938
v -181.88217163085938 -3.1901872158050537 -191.6995391845703
v -181.88217163085938 -2.2395360469818115 -191.6995391845703
v -182.83815002441406 -2.2395410537719727 -190.33428955078125
v -182.83815002441406 -3.1901915073394775 -190.33428955078125
v -182.83815002441406 -3.6064300537109375 -190.33428955078125
v -181.88217163085938 -3.6064257621765137 -191.6995391845703
v -177.78350830078125 2.7089037895202637 -186.1126251220703
v -177.30343627929688 2.70890474319458 -186.79818725585938
v -177.3029022216797 2.448582887649536 -186.79898071289062
v -177.78350830078125 2.7089037895202637 -186.1126251220703
v -177.7835235595703 2.4485812187194824 -186.1126251220703
v -177.3029022216797 2.448582887649536 -186.79898071289062
v -177.1988067626953 2.4485814571380615 -186.2163848876953
v -177.7835235595703 2.4485812187194824 -186.1126251220703
v -177.78350830078125 2.7089037895202637 -186.1126251220703
v -177.1982421875 2.708904504776001 -186.21714782714844
v -177.30343627929688 2.70890474319458 -186.79818725585938
v -176.9601287841797 2.7089037895202637 -186.55718994140625
v -176.95986938476562 2.4485809803009033 -186.55755615234375
v -177.30343627929688 2.70890474319458 -186.79818725585938
v -177.3029022216797 2.448582887649536 -186.79898071289062
v -177.1988067626953 2.4485814571380615 -186.2163848876953
v -177.3029022216797 2.448582887649536 -186.79898071289062
v -176.95986938476562 2.4485809803009033 -186.55755615234375
v -169.80487060546875 2.4485831260681152 -181.0387420654297
v -169.80575561523438 2.708906888961792 -181.03846740722656
v -170.0459747314453 2.448582887649536 -180.6944122314453
v -170.04595947265625 2.7089054584503174 -180.6944122314453
v -177.1982421875 2.708904504776001 -186.21714782714844
v -172.7639923095703 -0.9023959040641785 -183.11146545410156
v -172.52593994140625 -1.1627172231674194 -183.45144653320312
v -176.95986938476562 2.4485809803009033 -186.55755615234375
v -172.52593994140625 -0.9023948311805725 -183.45144653320312
v -175.39224243164062 -3.940497875213623 -179.3579559326172
v -175.39266967773438 -3.679375171661377 -179.35736083984375
v -175.153076171875 -3.940500020980835 -179.69947814941406
v -175.15223693847656 -3.6801788806915283 -179.6981964111328
v -175.05067443847656 -3.6801791191101074 -179.11810302734375
v -175.0503387451172 -3.940500497817993 -179.11854553222656
v -174.8117218017578 -3.680177927017212 -179.45936584472656
v -174.81158447265625 -3.9404993057250977 -179.45953369140625
v -174.81158447265625 -3.9404993057250977 -179.45953369140625
v -175.0503387451172 -3.940500497817993 -179.11854553222656
v -175.153076171875 -3.940500020980835 -179.69947814941406
v -175.39224243164062 -3.940497875213623 -179.3579559326172
v -175.0503387451172 -3.940500497817993 -179.11854553222656
v -175.05067443847656 -3.6801791191101074 -179.11810302734375
v -175.39224243164062 -3.940497875213623 -179.3579559326172
v -175.39266967773438 -3.679375171661377 -179.35736083984375
v -175.15223693847656 -3.6801788806915283 -179.6981964111328
v -172.76365661621094 -1.162717342376709 -183.1119384765625
v -174.81158447265625 -3.9404993057250977 -179.45953369140625
v -172.4217529296875 -1.1627197265625 -182.87252807617188
v -172.1840362548828 -0.9023975729942322 -183.21205139160156
v -172.4220428466797 -0.9019967317581177 -182.87200927734375
v -172.1840362548828 -1.1627197265625 -183.2120361328125
v -172.4217529296875 -1.1627197265625 -182.87252807617188
v -172.4217529296875 -1.1627197265625 -182.87252807617188
v -172.76365661621094 -1.162717342376709 -183.1119384765625
v -172.1840362548828 -1.1627197265625 -183.2120361328125
v -172.52593994140625 -1.1627172231674194 -183.45144653320312
v -172.52593994140625 -1.1627172231674194 -183.45144653320312
v -172.52593994140625 -0.9023948311805725 -183.45144653320312
v -172.7639923095703 -0.9023959040641785 -183.11146545410156
v -173.70843505859375 -2.6244490146636963 -181.0941925048828
v -173.70843505859375 -2.966337203979492 -181.0941925048828
v -173.5102996826172 -2.7359931468963623 -181.3771514892578
v -173.5102996826172 -2.39414381980896 -181.3771514892578
v -173.9914093017578 -2.624447822570801 -181.2923126220703
v -173.79327392578125 -2.3941421508789062 -181.57530212402344
v -173.79327392578125 -2.7363319396972656 -181.57530212402344
v -173.9914093017578 -2.9666764736175537 -181.2923126220703
v -174.8942108154297 -3.6738765239715576 -180.00299072265625
v -174.69606018066406 -3.443570852279663 -180.2859649658203
v -174.69606018066406 -3.7858657836914062 -180.2859649658203
v -174.8942108154297 -4.016210079193115 -180.00299072265625
v -173.115234375 -1.6059753894805908 -182.54364013671875
v -172.91708374023438 -1.3756697177886963 -182.8266143798828
v -172.91708374023438 -1.71775484085083 -182.8266143798828
v -173.115234375 -1.94809889793396 -182.54364013671875
v -174.61123657226562 -3.673877716064453 -179.80484008789062
v -174.61123657226562 -4.015871524810791 -179.80484008789062
v -174.4130859375 -3.785526752471924 -180.08782958984375
v -174.4130859375 -3.4435722827911377 -180.08782958984375
v -172.83226013183594 -1.6059765815734863 -182.34548950195312
v -172.83226013183594 -1.9477602243423462 -182.34548950195312
v -172.6341094970703 -1.717415690422058 -182.6284637451172
v -172.6341094970703 -1.37567138671875 -182.6284637451172
v -174.8942108154297 -3.6738765239715576 -180.00299072265625
v -174.8942108154297 -4.016210079193115 -180.00299072265625
v -174.61123657226562 -4.015871524810791 -179.80484008789062
v -174.61123657226562 -3.673877716064453 -179.80484008789062
v -173.9914093017578 -2.624447822570801 -181.2923126220703
v -173.9914093017578 -2.9666764736175537 -181.2923126220703
v -173.70843505859375 -2.966337203979492 -181.0941925048828
v -173.70843505859375 -2.6244490146636963 -181.0941925048828
v -173.115234375 -1.6059753894805908 -182.54364013671875
v -173.115234375 -1.94809889793396 -182.54364013671875
v -172.83226013183594 -1.9477602243423462 -182.34548950195312
v -172.83226013183594 -1.6059765815734863 -182.34548950195312
v -174.69606018066406 -3.7858657836914062 -180.2859649658203
v -174.69606018066406 -3.443570852279663 -180.2859649658203
v -174.4130859375 -3.4435722827911377 -180.08782958984375
v -174.4130859375 -3.785526752471924 -180.08782958984375
v -173.79327392578125 -2.7363319396972656 -181.57530212402344
v -173.79327392578125 -2.3941421508789062 -181.57530212402344
v -173.5102996826172 -2.39414381980896 -181.3771514892578
v -173.5102996826172 -2.7359931468963623 -181.3771514892578
v -172.91708374023438 -1.71775484085083 -182.8266143798828
v -172.91708374023438 -1.3756697177886963 -182.8266143798828
v -172.6341094970703 -1.37567138671875 -182.6284637451172
v -172.6341094970703 -1.717415690422058 -182.6284637451172
v -176.01736450195312 1.4993863105773926 -185.42320251464844
v -176.30035400390625 1.7298249006271362 -185.621337890625
v -176.30035400390625 1.388842225074768 -185.621337890625
v -176.01736450195312 1.1585613489151 -185.42320251464844
v -176.10220336914062 1.3888413906097412 -185.90431213378906
v -176.10220336914062 1.7298245429992676 -185.90431213378906
v -175.81922912597656 1.4993858337402344 -185.7061767578125
v -175.81922912597656 1.158560037612915 -185.7061767578125
v -174.7660675048828 0.48039403557777405 -184.54702758789062
v -175.0490264892578 0.7108321785926819 -184.74517822265625
v -175.0490264892578 0.3705459237098694 -184.74517822265625
v -174.7660675048828 0.14026440680027008 -184.54702758789062
v -174.8509063720703 0.37054476141929626 -185.0281524658203
v -174.8509063720703 0.710831880569458 -185.0281524658203
v -174.56793212890625 0.4803932011127472 -184.8300018310547
v -174.56793212890625 0.1402629166841507 -184.8300018310547
v -173.4767303466797 -0.5695693492889404 -183.64422607421875
v -173.75970458984375 -0.3391309380531311 -183.8423614501953
v -173.75970458984375 -0.6787012815475464 -183.8423614501953
v -173.4767303466797 -0.9089822769165039 -183.64422607421875
v -173.5615692138672 -0.6787023544311523 -184.12533569335938
v -173.5615692138672 -0.33913129568099976 -184.12533569335938
v -173.27859497070312 -0.5695698857307434 -183.9272003173828
v -173.27859497070312 -0.9089833498001099 -183.9272003173828
v -176.30035400390625 1.388842225074768 -185.621337890625
v -176.30035400390625 1.7298249006271362 -185.621337890625
v -176.10220336914062 1.7298245429992676 -185.90431213378906
v -176.10220336914062 1.3888413906097412 -185.90431213378906
v -176.01736450195312 1.1585613489151 -185.42320251464844
v -175.81922912597656 1.158560037612915 -185.7061767578125
v -175.81922912597656 1.4993858337402344 -185.7061767578125
v -176.01736450195312 1.4993863105773926 -185.42320251464844
v -175.0490264892578 0.3705459237098694 -184.74517822265625
v -175.0490264892578 0.7108321785926819 -184.74517822265625
v -174.8509063720703 0.710831880569458 -185.0281524658203
v -174.8509063720703 0.37054476141929626 -185.0281524658203
v -174.7660675048828 0.14026440680027008 -184.54702758789062
v -174.56793212890625 0.1402629166841507 -184.8300018310547
v -174.56793212890625 0.4803932011127472 -184.8300018310547
v -174.7660675048828 0.48039403557777405 -184.54702758789062
v -173.75970458984375 -0.6787012815475464 -183.8423614501953
v -173.75970458984375 -0.3391309380531311 -183.8423614501953
v -173.5615692138672 -0.33913129568099976 -184.12533569335938
v -173.5615692138672 -0.6787023544311523 -184.12533569335938
v -173.4767303466797 -0.9089822769165039 -183.64422607421875
v -173.27859497070312 -0.9089833498001099 -183.9272003173828
v -173.27859497070312 -0.5695698857307434 -183.9272003173828
v -173.4767303466797 -0.5695693492889404 -183.64422607421875
v -172.7403106689453 -1.5041552782058716 -183.1156768798828
v -172.4333038330078 -1.5041495561599731 -182.92225646972656
v -172.4333038330078 -1.1627188920974731 -182.92225646972656
v -172.71627807617188 -1.1627188920974731 -183.12039184570312
v -172.5181427001953 -1.1627188920974731 -183.4033660888672
v -172.23516845703125 -1.1627187728881836 -183.20523071289062
v -172.23516845703125 -1.5041494369506836 -183.20523071289062
v -172.5181427001953 -1.5041495561599731 -183.4033660888672
v -172.5181427001953 -1.1627188920974731 -183.4033660888672
v -172.5181427001953 -1.5041495561599731 -183.4033660888672
v -172.7403106689453 -1.5041552782058716 -183.1156768798828
v -172.71627807617188 -1.1627188920974731 -183.12039184570312
v -172.23516845703125 -1.1627187728881836 -183.20523071289062
v -172.4333038330078 -1.1627188920974731 -182.92225646972656
v -172.4333038330078 -1.5041495561599731 -182.92225646972656
v -172.23516845703125 -1.5041494369506836 -183.20523071289062
v -176.3806915283203 2.1070735454559326 -185.17568969726562
v -176.1825408935547 2.1070735454559326 -185.4586639404297
v -176.1825408935547 2.44850754737854 -185.4586639404297
v -176.3806915283203 2.44850754737854 -185.17568969726562
v -176.6636505126953 2.44850754737854 -185.3738250732422
v -176.46551513671875 2.44850754737854 -185.6568145751953
v -176.46551513671875 2.1070735454559326 -185.6568145751953
v -176.6636505126953 2.1070735454559326 -185.3738250732422
v -176.6636505126953 2.44850754737854 -185.3738250732422
v -176.6636505126953 2.1070735454559326 -185.3738250732422
v -176.3806915283203 2.1070735454559326 -185.17568969726562
v -176.3806915283203 2.44850754737854 -185.17568969726562
v -176.46551513671875 2.44850754737854 -185.6568145751953
v -176.1825408935547 2.44850754737854 -185.4586639404297
v -176.1825408935547 2.1070735454559326 -185.4586639404297
v -176.46551513671875 2.1070735454559326 -185.6568145751953
v -174.55215454101562 2.107074022293091 -183.8953399658203
v -174.35400390625 2.107074022293091 -184.1782989501953
v -174.35400390625 2.4485080242156982 -184.1782989501953
v -174.55215454101562 2.4485080242156982 -183.8953399658203
v -174.8351287841797 2.448507785797119 -184.09347534179688
v -174.63697814941406 2.4485080242156982 -184.37644958496094
v -174.63697814941406 2.107074022293091 -184.37644958496094
v -174.8351287841797 2.1070737838745117 -184.09347534179688
v -174.8351287841797 2.448507785797119 -184.09347534179688
v -174.8351287841797 2.1070737838745117 -184.09347534179688
v -174.55215454101562 2.107074022293091 -183.8953399658203
v -174.55215454101562 2.4485080242156982 -183.8953399658203
v -174.63697814941406 2.4485080242156982 -184.37644958496094
v -174.35400390625 2.4485080242156982 -184.1782989501953
v -174.35400390625 2.107074022293091 -184.1782989501953
v -174.63697814941406 2.107074022293091 -184.37644958496094
v -172.72361755371094 2.107074022293091 -182.614990234375
v -172.52548217773438 2.10707426071167 -182.89796447753906
v -172.52548217773438 2.4485085010528564 -182.89796447753906
v -172.72361755371094 2.4485082626342773 -182.614990234375
v -173.006591796875 2.4485082626342773 -182.81312561035156
v -172.80845642089844 2.4485082626342773 -183.09609985351562
v -172.80845642089844 2.107074022293091 -183.09609985351562
v -173.006591796875 2.107074022293091 -182.81312561035156
v -173.006591796875 2.4485082626342773 -182.81312561035156
v -173.006591796875 2.107074022293091 -182.81312561035156
v -172.72361755371094 2.107074022293091 -182.614990234375
v -172.72361755371094 2.4485082626342773 -182.614990234375
v -172.80845642089844 2.4485082626342773 -183.09609985351562
v -172.52548217773438 2.4485085010528564 -182.89796447753906
v -172.52548217773438 2.10707426071167 -182.89796447753906
v -172.80845642089844 2.107074022293091 -183.09609985351562
v -170.8950958251953 2.107074499130249 -181.33465576171875
v -170.6969757080078 2.107074499130249 -181.6176300048828
v -170.6969757080078 2.4485085010528564 -181.6176300048828
v -170.8950958251953 2.4485085010528564 -181.33465576171875
v -171.17807006835938 2.4485085010528564 -181.5327911376953
v -170.9799346923828 2.4485085010528564 -181.8157501220703
v -170.9799346923828 2.107074499130249 -181.8157501220703
v -171.17807006835938 2.107074499130249 -181.5327911376953
v -171.17807006835938 2.4485085010528564 -181.5327911376953
v -171.17807006835938 2.107074499130249 -181.5327911376953
v -170.8950958251953 2.107074499130249 -181.33465576171875
v -170.8950958251953 2.4485085010528564 -181.33465576171875
v -170.9799346923828 2.4485085010528564 -181.8157501220703
v -170.6969757080078 2.4485085010528564 -181.6176300048828
v -170.6969757080078 2.107074499130249 -181.6176300048828
v -170.9799346923828 2.107074499130249 -181.8157501220703
v -177.6130828857422 2.1071462631225586 -186.29141235351562
v -177.33010864257812 2.1071462631225586 -186.09327697753906
v -177.33010864257812 2.448580265045166 -186.09327697753906
v -177.6130828857422 2.448580265045166 -186.29141235351562
v -177.41494750976562 2.448580265045166 -186.5743865966797
v -177.13197326660156 2.448580265045166 -186.37625122070312
v -177.13197326660156 2.1071462631225586 -186.37625122070312
v -177.41494750976562 2.1071462631225586 -186.5743865966797
v -177.41494750976562 2.448580265045166 -186.5743865966797
v -177.41494750976562 2.1071462631225586 -186.5743865966797
v -177.6130828857422 2.1071462631225586 -186.29141235351562
v -177.6130828857422 2.448580265045166 -186.29141235351562
v -177.13197326660156 2.448580265045166 -186.37625122070312
v -177.33010864257812 2.448580265045166 -186.09327697753906
v -177.33010864257812 2.1071462631225586 -186.09327697753906
v -177.13197326660156 2.1071462631225586 -186.37625122070312
v -175.34156799316406 -4.28212308883667 -179.3640899658203
v -175.05859375 -4.28212308883667 -179.16595458984375
v -175.05859375 -3.9404993057250977 -179.16595458984375
v -175.34156799316406 -3.9404993057250977 -179.3640899658203
v -175.1434326171875 -3.9404993057250977 -179.6470489501953
v -174.86044311523438 -3.9404993057250977 -179.4489288330078
v -174.86044311523438 -4.28212308883667 -179.4489288330078
v -175.1434326171875 -4.28212308883667 -179.6470489501953
v -175.1434326171875 -3.9404993057250977 -179.6470489501953
v -175.1434326171875 -4.28212308883667 -179.6470489501953
v -175.34156799316406 -4.28212308883667 -179.3640899658203
v -175.34156799316406 -3.9404993057250977 -179.3640899658203
v -174.86044311523438 -3.9404993057250977 -179.4489288330078
v -175.05859375 -3.9404993057250977 -179.16595458984375
v -175.05859375 -4.28212308883667 -179.16595458984375
v -174.86044311523438 -4.28212308883667 -179.4489288330078
v -176.95924377441406 1.5522129535675049 -186.5585174560547
v -176.61740112304688 1.5522150993347168 -186.3191680908203
v -175.1273956298828 1.5513705015182495 -189.1747589111328
v -174.7855682373047 1.551372766494751 -188.93540954589844
v -176.61740112304688 1.5522150993347168 -186.3191680908203
v -176.61740112304688 1.2744358777999878 -186.31915283203125
v -174.7855682373047 1.551372766494751 -188.93540954589844
v -174.78555297851562 1.2735936641693115 -188.93540954589844
v -176.61740112304688 1.2744358777999878 -186.31915283203125
v -176.27609252929688 1.2744377851486206 -186.0801544189453
v -174.78555297851562 1.2735936641693115 -188.93540954589844
v -174.4442596435547 1.2735960483551025 -188.69644165039062
v -172.8643035888672 -1.504225254058838 -183.68833923339844
v -172.86431884765625 -1.7819366455078125 -183.68833923339844
v -171.03111267089844 -1.5041744709014893 -186.3065185546875
v -171.03111267089844 -1.7819515466690063 -186.3065185546875
v -173.8869171142578 -0.6700024008750916 -184.4072265625
v -173.88690185546875 -0.9477813839912415 -184.4072265625
v -172.0550537109375 -0.670844316482544 -187.02349853515625
v -172.0550537109375 -0.9486229419708252 -187.02349853515625
v -173.88690185546875 -0.9477813839912415 -184.4072265625
v -173.5456085205078 -0.94777911901474 -184.16824340820312
v -172.0550537109375 -0.9486229419708252 -187.02349853515625
v -171.71372985839844 -0.9486206769943237 -186.7845001220703
v -175.5934600830078 0.7188836336135864 -185.60218811035156
v -175.5934600830078 0.44110456109046936 -185.60218811035156
v -173.76161193847656 0.718042254447937 -188.2184600830078
v -173.76162719726562 0.44026270508766174 -188.21844482421875
v -175.5934600830078 0.44110456109046936 -185.60218811035156
v -175.2521514892578 0.44110673666000366 -185.3632049560547
v -173.76162719726562 0.44026270508766174 -188.21844482421875
v -173.42030334472656 0.4402649700641632 -187.9794464111328
v -176.27609252929688 1.2744377851486206 -186.0801544189453
v -176.27609252929688 0.9966587424278259 -186.0801544189453
v -174.4442596435547 1.2735960483551025 -188.69644165039062
v -174.44424438476562 0.9958165287971497 -188.69642639160156
v -176.27609252929688 0.9966587424278259 -186.0801544189453
v -175.9347686767578 0.9966608881950378 -185.8411865234375
v -174.44424438476562 0.9958165287971497 -188.69642639160156
v -174.1029510498047 0.995819091796875 -188.4574432373047
v -175.9347686767578 0.9966608881950378 -185.8411865234375
v -175.9347686767578 0.7188813090324402 -185.84117126464844
v -174.1029510498047 0.995819091796875 -188.4574432373047
v -174.10293579101562 0.7180395126342773 -188.45742797851562
v -175.9347686767578 0.7188813090324402 -185.84117126464844
v -175.5934600830078 0.7188836336135864 -185.60218811035156
v -174.10293579101562 0.7180395126342773 -188.45742797851562
v -173.76161193847656 0.718042254447937 -188.2184600830078
v -175.2521514892578 0.44110673666000366 -185.3632049560547
v -175.2521514892578 0.16332700848579407 -185.36318969726562
v -173.42030334472656 0.4402649700641632 -187.9794464111328
v -173.42030334472656 0.16248555481433868 -187.9794464111328
v -175.2521514892578 0.16332700848579407 -185.36318969726562
v -174.9108428955078 0.16332896053791046 -185.1241912841797
v -173.42030334472656 0.16248555481433868 -187.9794464111328
v -173.07899475097656 0.1624877005815506 -187.74044799804688
v -174.9108428955078 0.16332896053791046 -185.1241912841797
v -174.9108428955078 -0.1144498735666275 -185.1241912841797
v -173.07899475097656 0.1624877005815506 -187.74044799804688
v -173.07899475097656 -0.11529133468866348 -187.74044799804688
v -174.9108428955078 -0.1144498735666275 -185.1241912841797
v -174.5695343017578 -0.11444837599992752 -184.8852081298828
v -173.07899475097656 -0.11529133468866348 -187.74044799804688
v -172.73768615722656 -0.11528941243886948 -187.50146484375
v -174.5695343017578 -0.11444837599992752 -184.8852081298828
v -174.5695343017578 -0.39222702383995056 -184.8852081298828
v -172.73768615722656 -0.11528941243886948 -187.50146484375
v -172.73768615722656 -0.39306870102882385 -187.50146484375
v -174.5695343017578 -0.39222702383995056 -184.8852081298828
v -174.2282257080078 -0.3922255337238312 -184.64620971679688
v -172.73768615722656 -0.39306870102882385 -187.50146484375
v -172.3963623046875 -0.3930661678314209 -187.26248168945312
v -174.2282257080078 -0.3922255337238312 -184.64620971679688
v -174.2282257080078 -0.6700041890144348 -184.64620971679688
v -172.3963623046875 -0.3930661678314209 -187.26248168945312
v -172.3963623046875 -0.6708467602729797 -187.26248168945312
v -174.2282257080078 -0.6700041890144348 -184.64620971679688
v -173.8869171142578 -0.6700024008750916 -184.4072265625
v -172.3963623046875 -0.6708467602729797 -187.26248168945312
v -172.0550537109375 -0.670844316482544 -187.02349853515625
v -173.5456085205078 -0.94777911901474 -184.16824340820312
v -173.54559326171875 -1.225558876991272 -184.16824340820312
v -171.71372985839844 -0.9486206769943237 -186.7845001220703
v -171.71372985839844 -1.2263997793197632 -186.7845001220703
v -173.54559326171875 -1.225558876991272 -184.16824340820312
v -173.2042694091797 -1.2255566120147705 -183.92926025390625
v -171.71372985839844 -1.2263997793197632 -186.7845001220703
v -171.3724365234375 -1.2263975143432617 -186.54550170898438
v -173.2042694091797 -1.2255566120147705 -183.92926025390625
v -173.2042694091797 -1.503335952758789 -183.9292449951172
v -171.3724365234375 -1.2263975143432617 -186.54550170898438
v -171.37242126464844 -1.5041767358779907 -186.54550170898438
v -173.2042694091797 -1.503335952758789 -183.9292449951172
v -172.8643035888672 -1.504225254058838 -183.68833923339844
v -171.37242126464844 -1.5041767358779907 -186.54550170898438
v -171.03111267089844 -1.5041744709014893 -186.3065185546875
v -174.81057739257812 -4.558893203735352 -179.46104431152344
v -174.8118896484375 -4.836668014526367 -179.4591827392578
v -171.8352813720703 -4.558891296386719 -177.37493896484375
v -171.8174591064453 -4.836668014526367 -177.36245727539062
v -174.0931854248047 -3.7255613803863525 -180.48561096191406
v -174.09317016601562 -4.003340244293213 -180.485595703125
v -171.1709442138672 -3.725559711456299 -178.43753051757812
v -171.15310668945312 -4.0033392906188965 -178.42503356933594
v -174.09317016601562 -4.003340244293213 -180.485595703125
v -174.33218383789062 -4.00333833694458 -180.144287109375
v -171.15310668945312 -4.0033392906188965 -178.42503356933594
v -171.39208984375 -4.003337383270264 -178.08370971679688
v -172.89822387695312 -2.336674690246582 -182.19216918945312
v -172.89822387695312 -2.6144542694091797 -182.19216918945312
v -170.06507873535156 -2.336674213409424 -180.20648193359375
v -170.04725646972656 -2.6144533157348633 -180.19398498535156
v -172.89822387695312 -2.6144542694091797 -182.19216918945312
v -173.13720703125 -2.6144516468048096 -181.85084533691406
v -170.04725646972656 -2.6144533157348633 -180.19398498535156
v -170.28623962402344 -2.6144511699676514 -179.85269165039062
v -172.421142578125 -2.0588998794555664 -182.87350463867188
v -172.65924072265625 -2.0588977336883545 -182.53347778320312
v -169.6049346923828 -2.0588977336883545 -180.9015655517578
v -169.8439178466797 -2.05889630317688 -180.5602569580078
v -172.65924072265625 -2.0588977336883545 -182.53347778320312
v -172.65924072265625 -2.336676836013794 -182.53347778320312
v -169.8439178466797 -2.05889630317688 -180.5602569580078
v -169.8260955810547 -2.3366758823394775 -180.54779052734375
v -172.65924072265625 -2.336676836013794 -182.53347778320312
v -169.8260955810547 -2.3366758823394775 -180.54779052734375
v -173.13720703125 -2.8922317028045654 -181.85084533691406
v -170.26841735839844 -2.892230272293091 -179.84019470214844
v -173.13720703125 -2.8922317028045654 -181.85084533691406
v -173.376220703125 -2.8922295570373535 -181.50953674316406
v -170.26841735839844 -2.892230272293091 -179.84019470214844
v -170.50741577148438 -2.892228126525879 -179.4989013671875
v -173.376220703125 -2.8922295570373535 -181.50953674316406
v -173.37620544433594 -3.170008897781372 -181.509521484375
v -170.50741577148438 -2.892228126525879 -179.4989013671875
v -170.48959350585938 -3.1700069904327393 -179.4864044189453
v -173.37620544433594 -3.170008897781372 -181.509521484375
v -173.6154327392578 -3.17000675201416 -181.1679229736328
v -170.48959350585938 -3.1700069904327393 -179.4864044189453
v -170.7285919189453 -3.1700053215026855 -179.14511108398438
v -173.6151885986328 -3.4477853775024414 -181.168212890625
v -170.7107696533203 -3.4477853775024414 -179.13262939453125
v -173.6151885986328 -3.4477853775024414 -181.168212890625
v -173.8542022705078 -3.447783946990967 -180.82691955566406
v -170.7107696533203 -3.4477853775024414 -179.13262939453125
v -170.94976806640625 -3.4477837085723877 -178.79132080078125
v -173.8542022705078 -3.447783946990967 -180.82691955566406
v -173.85418701171875 -3.7255630493164062 -180.826904296875
v -170.94976806640625 -3.4477837085723877 -178.79132080078125
v -170.93194580078125 -3.7255618572235107 -178.77883911132812
v -173.85418701171875 -3.7255630493164062 -180.826904296875
v -170.93194580078125 -3.7255618572235107 -178.77883911132812
v -174.33216857910156 -4.2811174392700195 -180.144287109375
v -171.374267578125 -4.281115531921387 -178.0712432861328
v -174.33216857910156 -4.2811174392700195 -180.144287109375
v -174.57115173339844 -4.2811150550842285 -179.802978515625
v -171.374267578125 -4.281115531921387 -178.0712432861328
v -171.6136932373047 -4.281113624572754 -177.7293243408203
v -174.57115173339844 -4.2811150550842285 -179.802978515625
v -174.57115173339844 -4.558894634246826 -179.80296325683594
v -171.6136932373047 -4.281113624572754 -177.7293243408203
v -171.5958709716797 -4.558892726898193 -177.71685791015625
v -174.57115173339844 -4.558894634246826 -179.80296325683594
v -171.5958709716797 -4.558892726898193 -177.71685791015625
v -176.27609252929688 1.2744377851486206 -186.0801544189453
v -174.2282257080078 -0.3922255337238312 -184.64620971679688
v -174.5695343017578 -0.39222702383995056 -184.8852081298828
v -174.5695343017578 -0.11444837599992752 -184.8852081298828
v -175.9347686767578 0.9966608881950378 -185.8411865234375
v -175.5934600830078 0.7188836336135864 -185.60218811035156
v -174.2282257080078 -0.6700041890144348 -184.64620971679688
v -173.8869171142578 -0.6700024008750916 -184.4072265625
v -175.2521514892578 0.44110673666000366 -185.3632049560547
v -173.5456085205078 -0.94777911901474 -184.16824340820312
v -173.88690185546875 -0.9477813839912415 -184.4072265625
v -173.54559326171875 -1.225558876991272 -184.16824340820312
v -173.2042694091797 -1.503335952758789 -183.9292449951172
v -174.9108428955078 -0.1144498735666275 -185.1241912841797
v -176.61740112304688 1.2744358777999878 -186.31915283203125
v -176.27609252929688 0.9966587424278259 -186.0801544189453
v -175.9347686767578 0.7188813090324402 -185.84117126464844
v -175.5934600830078 0.44110456109046936 -185.60218811035156
v -175.2521514892578 0.16332700848579407 -185.36318969726562
v -174.33218383789062 -4.00333833694458 -180.144287109375
v -174.0931854248047 -3.7255613803863525 -180.48561096191406
v -174.57115173339844 -4.558894634246826 -179.80296325683594
v -174.33216857910156 -4.2811174392700195 -180.144287109375
v -174.09317016601562 -4.003340244293213 -180.485595703125
v -173.376220703125 -2.8922295570373535 -181.50953674316406
v -172.42245483398438 -1.5041617155075073 -182.87155151367188
v -173.85418701171875 -3.7255630493164062 -180.826904296875
v -173.13720703125 -2.6144516468048096 -181.85084533691406
v -173.6151885986328 -3.4477853775024414 -181.168212890625
v -173.37620544433594 -3.170008897781372 -181.509521484375
v -172.89822387695312 -2.336674690246582 -182.19216918945312
v -173.13720703125 -2.8922317028045654 -181.85084533691406
v -172.89822387695312 -2.6144542694091797 -182.19216918945312
v -172.65924072265625 -2.336676836013794 -182.53347778320312
v -180.37713623046875 -4.4886603355407715 -190.1370391845703
v -174.8118896484375 -4.836668014526367 -179.4591827392578
v -178.35858154296875 -4.486544132232666 -187.45196533203125
v -177.3670654296875 -4.48654317855835 -187.0120391845703
v -190.0944366455078 -0.855017364025116 -179.79776000976562
v -189.63656616210938 -0.8550156354904175 -179.47715759277344
v -189.927734375 -0.8550188541412354 -179.0613555908203
v -189.1163330078125 0.14238467812538147 -187.0491943359375
v -190.3360595703125 0.3542763590812683 -187.97140502929688
v -187.8325653076172 0.3542768955230713 -186.21841430664062
v -188.09194946289062 -0.49440404772758484 -186.12753295898438
v -190.40008544921875 -0.06950753927230835 -187.87997436523438
v -178.39541625976562 5.718870639801025 -179.76109313964844
v -178.10594177246094 5.718869686126709 -180.17449951171875
v -180.53860473632812 5.648096561431885 -181.56980895996094
v -182.68179321289062 5.577322483062744 -183.37852478027344
v -182.97125244140625 5.5773234367370605 -182.9651336669922
v -178.10594177246094 5.718869686126709 -180.17449951171875
v -178.39541625976562 5.718870639801025 -179.76109313964844
v -178.45956420898438 3.7740046977996826 -179.97894287109375
v -178.3148193359375 3.7740049362182617 -180.18563842773438
v -178.8131866455078 1.8291397094726562 -179.7833709716797
v -178.52371215820312 1.829140305519104 -180.19677734375
v -178.95628356933594 1.8291397094726562 -180.49966430664062
v -178.95623779296875 5.160671234130859 -180.49964904785156
v -178.95623779296875 5.160671234130859 -180.49964904785156
v -178.95628356933594 1.8291397094726562 -180.49966430664062
v -179.4447784423828 1.8291397094726562 -179.80203247070312
v -179.44473266601562 5.160670757293701 -179.802001953125
v -179.35008239746094 -3.4471471309661865 -187.89190673828125
v -179.35008239746094 -3.239027976989746 -187.89190673828125
v -182.83815002441406 -3.1901915073394775 -190.33428955078125
v -175.8620147705078 -3.2878644466400146 -185.4495391845703
v -180.11106872558594 5.4397687911987305 -181.56346130371094
v -178.95623779296875 5.160671234130859 -180.49964904785156
v -182.11619567871094 5.16066837310791 -182.95242309570312
v -178.10594177246094 5.718869686126709 -180.17449951171875
v -190.89022827148438 0.35483217239379883 -187.1799774169922
v -193.3936767578125 0.3548314869403839 -188.93301391601562
v -190.82635498046875 -0.06901535391807556 -187.27117919921875
v -193.26596069335938 -0.49286356568336487 -189.1154327392578
v -188.39041137695312 -0.4939742684364319 -185.7012939453125
v -192.04615783691406 -0.2809394598007202 -188.19329833984375
v -185.7134246826172 0.3548334538936615 -189.24485778808594
v -190.7203369140625 0.35483214259147644 -192.75094604492188
v -189.43667602539062 0.1429087221622467 -191.92002868652344
v -190.5926055908203 -0.49286285042762756 -192.933349609375
v -188.15301513671875 -0.06901469826698303 -191.089111328125
v -191.683837890625 -0.28139975666999817 -188.71075439453125
v -192.9676055908203 -0.493291974067688 -189.54153442382812
v -192.8395538330078 0.3542758524417877 -189.72438049316406
v -182.83815002441406 -3.6064300537109375 -190.33428955078125
v -175.8620147705078 -3.7041027545928955 -185.4495391845703
v -187.72674560546875 -0.06950697302818298 -191.69789123535156
v -190.1662139892578 0.35427653789520264 -193.5423126220703
v -187.6627197265625 0.35427701473236084 -191.78932189941406
v -182.68179321289062 5.577322483062744 -183.37852478027344
v -180.78045654296875 5.160669326782227 -181.37721252441406
v -182.71751403808594 5.16066837310791 -182.0936279296875
v -182.11619567871094 5.16066837310791 -182.95242309570312
v -179.44473266601562 5.160670757293701 -179.802001953125
v -178.95623779296875 5.160671234130859 -180.49964904785156
v -190.2942657470703 -0.493291437625885 -193.3594512939453
v -182.47329711914062 3.494903564453125 -182.4424591064453
v -182.11619567871094 5.16066837310791 -182.95242309570312
v -182.71751403808594 5.16066837310791 -182.0936279296875
v -182.22906494140625 1.8291386365890503 -182.79129028320312
v -182.71755981445312 1.8291386365890503 -182.09365844726562
v -188.3979034423828 -0.8550143837928772 -178.6098175048828
v -188.88690185546875 -0.8550156354904175 -178.9522247314453
v -188.7971954345703 0.17296409606933594 -178.889404296875
v -187.8564453125 -0.49384745955467224 -191.6524658203125
v -190.0944366455078 0.1729619801044464 -179.79774475097656
v -189.7262725830078 0.17296409606933594 -179.53997802734375
v -189.63656616210938 -0.8550156354904175 -179.47715759277344
v -190.0944366455078 -0.855017364025116 -179.79776000976562
v -190.38558959960938 -0.8550167083740234 -179.38194274902344
v -185.41860961914062 -0.4944034814834595 -189.9454803466797
v -188.39788818359375 0.172964945435524 -178.6098175048828
v -182.85885620117188 3.7032310962677 -183.05935668945312
v -183.03591918945312 1.8291383981704712 -182.74017333984375
v -182.97125244140625 5.5773234367370605 -182.9651336669922
v -186.4429931640625 0.14238524436950684 -190.8671112060547
v -185.1592254638672 0.35427746176719666 -190.0363311767578
v -186.9332275390625 0.14290937781333923 -190.1669921875
v -185.71707153320312 -0.4939737319946289 -189.51922607421875
v -188.15484619140625 -0.49341827630996704 -191.22628784179688
v -182.74644470214844 1.8291386365890503 -183.153564453125
v -182.68179321289062 5.577322483062744 -183.37852478027344
v -189.6065673828125 0.14290876686573029 -186.34906005859375
v -188.3867645263672 0.35483288764953613 -185.42694091796875
v -178.52371215820312 1.829140305519104 -180.19677734375
v -178.3148193359375 3.7740049362182617 -180.18563842773438
v -185.1592254638672 0.35427746176719666 -190.0363311767578
v -185.7134246826172 0.3548334538936615 -189.24485778808594
v -185.71707153320312 -0.4939737319946289 -189.51922607421875
v -185.41860961914062 -0.4944034814834595 -189.9454803466797
v -187.8325653076172 0.3542768955230713 -186.21841430664062
v -188.3867645263672 0.35483288764953613 -185.42694091796875
v -188.39041137695312 -0.4939742684364319 -185.7012939453125
v -188.09194946289062 -0.49440404772758484 -186.12753295898438
v -178.10594177246094 5.718869686126709 -180.17449951171875
v -182.68179321289062 5.577322483062744 -183.37852478027344
v -182.11619567871094 5.16066837310791 -182.95242309570312
v -182.45542907714844 3.703230619430542 -183.08489990234375
v -182.22906494140625 1.8291386365890503 -182.79129028320312
v -182.74644470214844 1.8291386365890503 -183.153564453125
v -188.88690185546875 -0.8550156354904175 -178.9522247314453
v -188.3979034423828 -0.8550143837928772 -178.6098175048828
v -188.68905639648438 -0.8550146222114563 -178.1940155029297
v -189.1780548095703 -0.8550177812576294 -178.5364227294922
v -180.68333435058594 5.648097038269043 -181.3631134033203
v -188.1872100830078 0.1729632467031479 -178.9107208251953
v -188.18722534179688 -2.3318581581115723 -178.9107208251953
v -188.3979034423828 -0.8550143837928772 -178.6098175048828
v -187.9396514892578 -2.3318581581115723 -178.73736572265625
v -187.50390625 -2.331859827041626 -178.4322509765625
v -187.6920928955078 -4.836679458618164 -178.56402587890625
v -190.3916778564453 -4.836679935455322 -180.4542999267578
v -190.55006408691406 -2.3318607807159424 -180.56520080566406
v -190.13771057128906 -2.3318588733673096 -180.27645874023438
v -188.18722534179688 -4.836679458618164 -178.9107208251953
v -188.18722534179688 -2.3318581581115723 -178.9107208251953
v -188.1872100830078 0.1729632467031479 -178.9107208251953
v -188.6890411376953 -1.31077241897583 -178.1940155029297
v -188.43814086914062 -3.073725938796997 -178.5523681640625
v -188.18722534179688 -4.836679458618164 -178.9107208251953
v -188.6890411376953 -4.836679458618164 -178.1940155029297
v -190.0944366455078 -0.855017364025116 -179.79776000976562
v -189.8837432861328 -4.836679935455322 -180.09861755371094
v -189.8837432861328 -2.3318588733673096 -180.0986328125
v -190.38558959960938 -0.8550167083740234 -179.38194274902344
v -190.3855743408203 -1.3107719421386719 -179.38192749023438
v -190.24002075195312 -2.845848560333252 -179.58984375
v -190.38558959960938 -4.836679935455322 -179.38194274902344
v -190.0944366455078 0.1729619801044464 -179.79774475097656
v -189.8837432861328 0.17296229302883148 -180.0986328125
v -189.8837432861328 -2.3318588733673096 -180.0986328125
v -189.8837432861328 -4.836679935455322 -180.09861755371094
v -189.8837432861328 0.17296229302883148 -180.0986328125
v -188.68905639648438 -0.8550146222114563 -178.1940155029297
v -187.3157196044922 0.1729600727558136 -178.30047607421875
v -188.39788818359375 0.172964945435524 -178.6098175048828
v -190.7084503173828 0.17295826971530914 -180.6761016845703
v -180.35374450683594 -0.31018394231796265 -188.59486389160156
v -179.35067749023438 -1.504352331161499 -187.892333984375
v -177.11912536621094 0.771598756313324 -186.3301239013672
v -177.23184204101562 -1.5605452060699463 -186.40870666503906
v -175.11300659179688 -1.616737961769104 -184.92507934570312
v -189.20657348632812 -2.331817865371704 -182.48391723632812
v -189.30755615234375 -4.836679458618164 -182.00259399414062
v -188.2234344482422 -4.836679458618164 -183.55087280273438
v -191.77999877929688 -2.937013626098633 -191.23760986328125
v -190.09800720214844 -1.5261998176574707 -193.63975524902344
v -191.77999877929688 -1.5262000560760498 -191.23760986328125
v -192.22596740722656 -0.8301131129264832 -190.6007080078125
v -191.77999877929688 -4.347826957702637 -191.23760986328125
v -193.46200561523438 -4.347826957702637 -188.83546447753906
v -190.09799194335938 -4.3478264808654785 -193.63975524902344
v -191.36256408691406 -4.592252731323242 -191.8337860107422
v -192.56378173828125 -2.48492431640625 -186.4490966796875
v -191.02000427246094 -2.049715280532837 -185.342041015625
v -191.13394165039062 -3.9662623405456543 -185.53668212890625
v -190.88157653808594 -3.966262102127075 -185.35995483398438
v -178.39410400390625 -4.047541618347168 -189.25717163085938
v -174.9060516357422 -3.7040982246398926 -186.81478881835938
v -178.39410400390625 -3.655261993408203 -189.25717163085938
v -175.35508728027344 -4.836676120758057 -185.09458923339844
v -173.9630126953125 -4.836675643920898 -184.11984252929688
v -173.8419647216797 -3.2267065048217773 -184.03509521484375
v -172.5709228515625 -4.83667516708374 -183.1450958251953
v -172.7403106689453 -1.5041552782058716 -183.1156768798828
v -173.1026611328125 -1.2263883352279663 -183.3478546142578
v -172.65560913085938 -3.170415163040161 -183.13038635253906
v -184.58546447753906 -0.13456270098686218 -191.55519104003906
v -183.58836364746094 -1.391966700553894 -190.85960388183594
v -182.7188720703125 0.09197767078876495 -190.24893188476562
v -184.58566284179688 0.7709377408027649 -191.55532836914062
v -189.26309204101562 -0.13542069494724274 -194.8321075439453
v -190.53579711914062 -0.13507212698459625 -193.01449584960938
v -191.80850219726562 -0.13472355902194977 -191.19686889648438
v -193.39263916015625 -3.6608023643493652 -187.09994506835938
v -194.2215118408203 -4.8366804122924805 -187.75079345703125
v -194.2877197265625 -2.485353469848633 -187.65621948242188
v -193.4588623046875 -1.309475302696228 -187.00537109375
v -194.3539276123047 -0.1340264230966568 -187.5616455078125
v -190.2906951904297 -2.331818103790283 -180.9356231689453
v -190.3916778564453 -4.836679935455322 -180.4542999267578
v -189.79913330078125 -3.5842490196228027 -181.4691162109375
v -174.1078338623047 -1.4215631484985352 -184.136474609375
v -175.11090087890625 -0.22739481925964355 -184.8389892578125
v -172.8367919921875 -3.031531810760498 -183.24647521972656
v -174.9060516357422 -3.2878596782684326 -186.81478881835938
v -174.9060516357422 -2.239534616470337 -186.81478881835938
v -176.65008544921875 -2.5016162395477295 -188.03598022460938
v -178.39410400390625 -2.763697862625122 -189.25717163085938
v -178.39410400390625 -2.239535331726074 -189.25717163085938
v -181.46951293945312 -1.4481594562530518 -189.3759765625
v -193.28994750976562 -0.4820697605609894 -189.0811767578125
v -181.88217163085938 -2.2395360469818115 -191.6995391845703
v -181.88217163085938 -3.1901872158050537 -191.6995391845703
v -180.1381378173828 -2.501616954803467 -190.47836303710938
v -181.88217163085938 -3.6064257621765137 -191.6995391845703
v -181.88217163085938 -4.488659858703613 -191.6995391845703
v -180.1381378173828 -4.268100738525391 -190.47836303710938
v -178.39410400390625 -4.488658905029297 -189.25717163085938
v -177.6544189453125 -4.303558349609375 -172.63963317871094
v -178.828857421875 -4.836677551269531 -173.4619903564453
v -179.35206604003906 -3.770440101623535 -173.82833862304688
v -175.95675659179688 -4.836676597595215 -171.450927734375
v -178.78160095214844 -3.7704391479492188 -173.4289093017578
v -176.65008544921875 -4.268099784851074 -188.03598022460938
v -174.9060516357422 -4.4886579513549805 -186.81478881835938
v -184.87741088867188 -2.049271821975708 -191.76223754882812
v -184.83570861816406 -3.9658186435699463 -191.73300170898438
v -184.2120361328125 -2.6788926124572754 -191.29629516601562
v -184.58425903320312 -3.9658186435699463 -191.55694580078125
v -190.55006408691406 -2.3318607807159424 -180.56520080566406
v -190.7084503173828 0.17295826971530914 -180.6761016845703
v -190.0104522705078 -0.1331678032875061 -184.52029418945312
v -189.91476440429688 -2.049715042114258 -184.56814575195312
v -190.44601440429688 -2.049715042114258 -184.94012451171875
v -189.819091796875 -3.966262102127075 -184.61599731445312
v -189.567626953125 -3.9662623405456543 -184.43992614746094
v -184.0863037109375 -2.6788926124572754 -191.20828247070312
v -183.46670532226562 -3.1143221855163574 -190.7744140625
v -176.89736938476562 -0.929441511631012 -172.10955810546875
v -176.13674926757812 -2.0321688652038574 -171.5769500732422
v -176.807373046875 -2.331695318222046 -172.04653930664062
v -176.3167266845703 0.7723385691642761 -171.70297241210938
v -177.65798950195312 0.17328591644763947 -172.64215087890625
v -192.98190307617188 -4.836679935455322 -189.5211181640625
v -191.7423095703125 -4.836679458618164 -191.29144287109375
v -190.89382934570312 -2.049715042114258 -185.25369262695312
v -190.90606689453125 -0.13316811621189117 -185.1474151611328
v -174.330322265625 -0.22720134258270264 -184.2076416015625
v -175.55796813964844 0.7719857096672058 -185.06744384765625
v -184.4793701171875 -1.798579454421997 -177.41851806640625
v -184.70425415039062 -0.8126479387283325 -177.57598876953125
v -184.13929748535156 0.17328283190727234 -177.18038940429688
v -184.9291229248047 0.17328357696533203 -177.7334442138672
v -184.87428283691406 -1.7985790967941284 -177.69503784179688
v -179.01199340820312 -1.7985775470733643 -173.59022521972656
v -179.23687744140625 -0.8126462697982788 -173.7476806640625
v -178.6719207763672 0.1732848435640335 -173.35211181640625
v -179.4069061279297 -1.7985775470733643 -173.86672973632812
v -179.4617462158203 0.17328506708145142 -173.90513610839844
v -177.6031494140625 -1.798576831817627 -172.603759765625
v -177.23268127441406 -1.0792046785354614 -172.34434509277344
v -177.54830932617188 -3.770439624786377 -172.5653533935547
v -177.5757293701172 -2.784508228302002 -172.58456420898438
v -180.805908203125 -1.7985777854919434 -174.84634399414062
v -181.02586364746094 -0.8126460909843445 -175.0003662109375
v -180.4756622314453 0.1732846349477768 -174.61509704589844
v -181.24581909179688 0.1732855886220932 -175.1543731689453
v -181.19097900390625 -1.7985774278640747 -175.115966796875
v -180.852294921875 0.3185180425643921 -188.94265747070312
v -180.85238647460938 0.7712682485580444 -188.94271850585938
v -182.71902465820312 0.771103024482727 -190.2490234375
v -178.98574829101562 0.7714334726333618 -187.63641357421875
v -189.26312255859375 -4.836678504943848 -194.8321075439453
v -187.70684814453125 -4.836682319641113 -193.74288940429688
v -186.45806884765625 -4.51277494430542 -192.86900329589844
v -186.15057373046875 -4.836685657501221 -192.65367126464844
v -192.66546630859375 -4.836665630340576 -186.66123962402344
v -191.10943603515625 -4.836650848388672 -185.57168579101562
v -191.73492431640625 -1.3090461492538452 -185.79824829101562
v -192.6300048828125 -0.133597269654274 -186.35452270507812
v -193.08120727539062 -0.13437499105930328 -189.37925720214844
v -194.3539276123047 -0.1340264230966568 -187.5616455078125
v -190.50271606445312 -4.836678981781006 -193.061767578125
v -189.26312255859375 -4.836678504943848 -194.8321075439453
v -174.7976837158203 -4.836676120758057 -179.96495056152344
v -174.28334045410156 -4.003545761108398 -180.75262451171875
v -173.68429565429688 -4.836675643920898 -181.55502319335938
v -173.7689971923828 -3.1704156398773193 -181.54031372070312
v -173.7689971923828 -3.1704158782958984 -181.54031372070312
v -175.02883911132812 -4.836676597595215 -179.61106872558594
v -173.25465393066406 -2.3372855186462402 -182.3280029296875
v -172.65560913085938 -3.1704154014587402 -183.13038635253906
v -172.7403106689453 -1.5041552782058716 -183.1156768798828
v -172.7403106689453 -1.5041552782058716 -183.1156768798828
v -173.25465393066406 -2.3372855186462402 -182.3280029296875
v -173.88458251953125 -3.1704158782958984 -181.36337280273438
v -173.16995239257812 -4.00354528427124 -182.34271240234375
v -172.5709228515625 -4.83667516708374 -183.1450958251953
v -181.97105407714844 -0.851075291633606 -189.72723388671875
v -178.9857177734375 0.5450583696365356 -187.63638305664062
v -182.2203369140625 -0.536724328994751 -189.901123046875
v -193.42575073242188 -2.4851388931274414 -187.0526580810547
v -192.59689331054688 -1.3092607259750366 -186.4018096923828
v -193.49197387695312 -0.1338118463754654 -186.9580841064453
v -173.47232055664062 -2.2265474796295166 -183.69146728515625
v -176.65008544921875 -3.0257787704467773 -188.03598022460938
v -178.39410400390625 -3.239023447036743 -189.25717163085938
v -182.5289306640625 -1.4200630187988281 -190.1177978515625
v -182.71897888183594 0.5447279214859009 -190.24899291992188
v -192.62100219726562 -1.526200294494629 -190.03652954101562
v -193.46200561523438 -1.5262004137039185 -188.83546447753906
v -192.843994140625 -1.1781567335128784 -189.71807861328125
v -193.907958984375 -0.830113410949707 -188.19854736328125
v -193.907958984375 -2.240926742553711 -188.19854736328125
v -180.1381378173828 -2.976942539215088 -190.47836303710938
v -180.1381378173828 -3.826983690261841 -190.47836303710938
v -174.4442596435547 1.2735960483551025 -188.69644165039062
v -174.1027374267578 1.4831990003585815 -188.45729064941406
v -174.7855682373047 1.551372766494751 -188.93540954589844
v -175.12738037109375 1.8291622400283813 -189.17477416992188
v -174.10276794433594 1.829141616821289 -188.4573211669922
v -175.55807495117188 1.1189712285995483 -185.06752014160156
v -175.55796813964844 0.7719857096672058 -185.06744384765625
v -176.85751342773438 1.8291407823562622 -185.97718811035156
v -175.55801391601562 1.8291410207748413 -185.0672607421875
v -175.55807495117188 1.4826551675796509 -185.06752014160156
v -175.2679901123047 -4.836676597595215 -179.26954650878906
v -175.39291381835938 -4.281942844390869 -179.3570098876953
v -175.15377807617188 -4.281941890716553 -179.6985626220703
v -184.9191131591797 -0.13272519409656525 -191.79147338867188
v -188.38336181640625 -4.512775897979736 -194.217041015625
v -188.38333129882812 -1.2797257900238037 -194.21707153320312
v -189.67555236816406 -0.13316822052001953 -184.28578186035156
v -189.7013397216797 0.772506058216095 -184.24952697753906
v -188.75172424316406 0.7724992632865906 -183.5845489501953
v -190.22760009765625 0.7724321484565735 -181.4434814453125
v -190.18971252441406 0.173043891787529 -181.4169464111328
v -188.75172424316406 0.7724992632865906 -183.5845489501953
v -185.94305419921875 0.17328210175037384 -178.4434051513672
v -186.79696655273438 0.17305056750774384 -179.04132080078125
v -186.79676818847656 0.7724074125289917 -179.0411834716797
v -186.05271911621094 -3.770442247390747 -178.52020263671875
v -184.81944274902344 -3.770441770553589 -177.65664672851562
v -187.17333984375 -4.836678981781006 -179.30484008789062
v -184.2489776611328 -3.770441770553589 -177.2572021484375
v -183.0157012939453 -3.9588098526000977 -176.39364624023438
v -181.7009735107422 -4.8366780281066895 -175.47305297851562
v -182.45223999023438 -3.7704403400421143 -175.99911499023438
v -181.1361541748047 -3.7704403400421143 -175.07757568359375
v -180.58535766601562 -3.770439624786377 -174.69189453125
v -181.7009735107422 0.7723701596260071 -175.47305297851562
v -182.3425750732422 0.173284113407135 -175.9223175048828
v -183.1253662109375 0.1732838898897171 -176.47044372558594
v -189.26309204101562 -0.13542069494724274 -194.8321075439453
v -186.4580841064453 -1.279725432395935 -192.86900329589844
v -186.1505584716797 -3.9658191204071045 -192.65367126464844
v -185.898193359375 -3.9658191204071045 -192.4769744873047
v -187.98831176757812 -3.9658126831054688 -193.94046020507812
v -187.98828125 -1.826690673828125 -193.9404754638672
v -189.54312133789062 -4.836679935455322 -184.4749298095703
v -189.75892639160156 -4.836679935455322 -184.6260528564453
v -184.80006408691406 -4.836677551269531 -191.7080535888672
v -184.58425903320312 -4.8366780281066895 -191.55694580078125
v -186.85311889648438 -1.8266890048980713 -193.1455841064453
v -186.8531036376953 -3.965811014175415 -193.14559936523438
v -183.3450469970703 -4.836677551269531 -190.68923950195312
v -185.81472778320312 -0.1327252984046936 -192.41859436035156
v -174.78555297851562 1.2735936641693115 -188.93540954589844
v -174.1027374267578 1.1195160150527954 -188.45729064941406
v -174.1029510498047 0.995819091796875 -188.4574432373047
v -175.1273956298828 1.5513705015182495 -189.1747589111328
v -174.44424438476562 0.9958165287971497 -188.69642639160156
v -186.73309326171875 -3.0728981494903564 -193.3169708251953
v -186.73309326171875 -2.7593517303466797 -193.3169708251953
v -187.86827087402344 -2.759351968765259 -194.11184692382812
v -187.86827087402344 -3.072896957397461 -194.11184692382812
v -186.14002990722656 -3.072899103164673 -194.16395568847656
v -187.2752227783203 -3.072896957397461 -194.9588165283203
v -187.2752227783203 -2.759351968765259 -194.9588165283203
v -187.86827087402344 -2.759351968765259 -194.11184692382812
v -186.73309326171875 -2.7593517303466797 -193.3169708251953
v -186.14002990722656 -2.7593514919281006 -194.16395568847656
v -188.38333129882812 -1.8266855478286743 -194.21707153320312
v -187.93528747558594 -1.8266855478286743 -193.90335083007812
v -188.0861358642578 -1.8266847133636475 -193.68789672851562
v -188.53419494628906 -1.8266851902008057 -194.00161743164062
v -186.94268798828125 -3.965806722640991 -193.01766967773438
v -186.6006622314453 -3.965806722640991 -192.7781982421875
v -186.60064697265625 -1.8266851902008057 -192.7782440185547
v -186.94265747070312 -1.8266849517822266 -193.01771545410156
v -186.6006622314453 -3.965806722640991 -192.7781982421875
v -186.51112365722656 -3.965806722640991 -192.9060821533203
v -186.51109313964844 -1.8266851902008057 -192.90611267089844
v -186.60064697265625 -1.8266851902008057 -192.7782440185547
v -186.85311889648438 -1.8266890048980713 -193.1455841064453
v -186.8531036376953 -3.965811014175415 -193.14559936523438
v -188.41989135742188 -3.9658076763153076 -194.052001953125
v -188.077880859375 -3.9658076763153076 -193.81253051757812
v -188.07785034179688 -1.8266860246658325 -193.8125762939453
v -188.4198760986328 -1.8266855478286743 -194.0520477294922
v -188.077880859375 -3.9658076763153076 -193.81253051757812
v -187.98831176757812 -3.9658126831054688 -193.94046020507812
v -187.98828125 -1.826690673828125 -193.9404754638672
v -188.07785034179688 -1.8266860246658325 -193.8125762939453
v -188.33030700683594 -1.8266855478286743 -194.17994689941406
v -188.33033752441406 -3.9658076763153076 -194.17990112304688
v -186.99473571777344 -1.8266851902008057 -193.05418395996094
v -186.99473571777344 -1.4091557264328003 -193.05418395996094
v -188.0248565673828 -1.4091565608978271 -193.77545166015625
v -188.0248565673828 -1.8266862630844116 -193.77545166015625
v -186.9051971435547 -1.4091557264328003 -193.1820831298828
v -187.93528747558594 -1.4091565608978271 -193.90335083007812
v -188.0248565673828 -1.4091565608978271 -193.77545166015625
v -186.99473571777344 -1.4091557264328003 -193.05418395996094
v -187.93528747558594 -1.8266855478286743 -193.90335083007812
v -186.90567016601562 -1.8266851902008057 -193.18240356445312
v -186.99473571777344 -1.8266851902008057 -193.05418395996094
v -188.0248565673828 -1.8266862630844116 -193.77545166015625
v -186.99569702148438 -4.383336544036865 -193.05479431152344
v -186.99569702148438 -3.965806722640991 -193.05479431152344
v -188.0248565673828 -3.9658076763153076 -193.77540588378906
v -188.0248565673828 -4.383337497711182 -193.77540588378906
v -186.90615844726562 -3.965806722640991 -193.1826934814453
v -187.935302734375 -3.9658076763153076 -193.90330505371094
v -188.0248565673828 -3.9658076763153076 -193.77540588378906
v -186.99569702148438 -3.965806722640991 -193.05479431152344
v -187.935302734375 -4.383336544036865 -193.90330505371094
v -186.90615844726562 -4.383336067199707 -193.1826934814453
v -186.99569702148438 -4.383336544036865 -193.05479431152344
v -188.0248565673828 -4.383337497711182 -193.77540588378906
v -186.1400604248047 -3.9658043384552 -194.16392517089844
v -187.27523803710938 -3.965806007385254 -194.95880126953125
v -187.98831176757812 -3.9658126831054688 -193.94046020507812
v -186.8531036376953 -3.965811014175415 -193.14559936523438
v -186.1400604248047 -1.826681137084961 -194.16392517089844
v -186.1400604248047 -3.9658043384552 -194.16392517089844
v -186.8531036376953 -3.965811014175415 -193.14559936523438
v -186.85311889648438 -1.8266890048980713 -193.1455841064453
v -187.2752227783203 -1.82668137550354 -194.95880126953125
v -186.1400604248047 -1.826681137084961 -194.16392517089844
v -187.98828125 -1.826690673828125 -193.9404754638672
v -187.2752227783203 -1.82668137550354 -194.95880126953125
v -187.98828125 -1.826690673828125 -193.9404754638672
v -187.98831176757812 -3.9658126831054688 -193.94046020507812
v -188.48757934570312 -2.032089948654175 -183.56771850585938
v -184.43716430664062 -4.836678504943848 -177.38894653320312
v -189.2631072998047 -2.4860496520996094 -194.8321075439453
v -189.2631072998047 -2.4860496520996094 -194.8321075439453
v -186.9851531982422 -2.3318142890930176 -179.17308044433594
v -194.2877197265625 -2.485353469848633 -187.65621948242188
v -187.53890991210938 -0.13407298922538757 -193.62535095214844
v -189.15966796875 -1.59688138961792 -184.01223754882812
v -186.42483520507812 -1.7986958026885986 -178.78076171875
v -182.67913818359375 -1.8927628993988037 -176.15798950195312
v -179.00885009765625 0.7723543643951416 -173.5880126953125
v -184.24887084960938 0.7723888158798218 -177.25711059570312
v -183.07052612304688 -1.8927628993988037 -176.43203735351562
v -185.99789428710938 -1.7985800504684448 -178.4818115234375
v -182.39739990234375 -1.7985780239105225 -175.96072387695312
v -178.7267608642578 -1.798577070236206 -173.3905029296875
v -184.1941375732422 -1.798579454421997 -177.2187957763672
v -180.530517578125 -1.7985774278640747 -174.65350341796875
v -186.7076416015625 -2.8962435722351074 -194.56137084960938
v -187.2752227783203 -1.82668137550354 -194.95880126953125
v -187.27523803710938 -3.965806007385254 -194.95880126953125
v -186.1400604248047 -1.826681137084961 -194.16392517089844
v -186.1400604248047 -3.9658043384552 -194.16392517089844
v -185.5349578857422 0.7723544239997864 -181.89987182617188
v -186.98904418945312 0.7724670171737671 -181.55667114257812
v -185.84356689453125 0.7722741365432739 -184.27093505859375
v -179.41004943847656 0.7719844579696655 -180.90158081054688
v -178.26458740234375 0.7717915773391724 -183.6158447265625
v -177.4840087890625 0.7719850540161133 -182.98451232910156
v -175.55796813964844 0.7719857096672058 -185.06744384765625
v -183.34799194335938 0.7717711925506592 -186.60684204101562
v -181.89390563964844 0.7716586589813232 -186.9500274658203
v -182.9354248046875 0.7720490097999573 -184.95733642578125
v -187.94952392578125 -0.1330505758523941 -191.204345703125
v -187.53890991210938 -0.13407298922538757 -193.62535095214844
v -185.81472778320312 -0.1327252984046936 -192.41859436035156
v -181.7009735107422 0.7723701596260071 -175.47305297851562
v -180.16522216796875 0.7722740173339844 -177.87164306640625
v -178.7227783203125 0.7723910212516785 -176.86154174804688
v -175.74456787109375 0.7724118828773499 -178.25003051757812
v -175.65127563476562 0.7721987962722778 -181.6587371826172
v -174.2088165283203 0.7723157405853271 -180.64862060546875
v -172.766357421875 0.7724327445030212 -179.63851928710938
v -184.24424743652344 7.667453289031982 -187.07577514648438
v -183.10723876953125 7.66768741607666 -185.44638061523438
v -186.16427612304688 7.667449951171875 -187.5869140625
v -186.1244659423828 -0.1327245533466339 -191.97622680664062
v -190.08432006835938 -0.1333758533000946 -189.9901123046875
v -172.67306518554688 0.7722196578979492 -183.04722595214844
v -184.9191131591797 -0.13272519409656525 -191.79147338867188
v -187.9084930419922 -0.1329459547996521 -188.47528076171875
v -190.58811950683594 -0.13316737115383148 -185.60147094726562
v -189.79139709472656 -0.13337549567222595 -189.45538330078125
v -192.4710235595703 -0.13359689712524414 -186.58155822753906
v -192.07266235351562 -0.13370096683502197 -188.50851440429688
v -185.22886657714844 -0.1327245533466339 -191.34910583496094
v -189.6925048828125 -0.13316726684570312 -184.97434997558594
v -178.6294708251953 0.7721779346466064 -180.27024841308594
v -182.147216796875 7.667689323425293 -185.19081115722656
v -180.05020141601562 7.667924880981445 -183.30584716796875
v -184.59823608398438 7.667460918426514 -189.82345581054688
v -182.67819213867188 7.667464256286621 -189.31231689453125
v -183.4612274169922 7.667458534240723 -188.1940460205078
v -184.24887084960938 0.7723888158798218 -177.25711059570312
v -186.79676818847656 0.7724074125289917 -179.0411834716797
v -185.22634887695312 0.7724347114562988 -179.52880859375
v -189.6737060546875 -0.13439828157424927 -192.41110229492188
v -189.26309204101562 -0.13542069494724274 -194.8321075439453
v -183.7605438232422 0.7714933753013611 -188.25633239746094
v -194.3539276123047 -0.1340264230966568 -187.5616455078125
v -193.21328735351562 -0.1338636875152588 -188.0350799560547
v -179.00885009765625 0.7723543643951416 -173.5880126953125
v -176.3167266845703 0.7723385691642761 -171.70297241210938
v -176.0306396484375 0.772375226020813 -174.97650146484375
v -177.09371948242188 0.7720818519592285 -182.66885375976562
v -178.48416137695312 7.667463302612305 -185.5423583984375
v -178.1301727294922 7.6679277420043945 -182.79470825195312
v -180.22720336914062 7.667692184448242 -184.67967224121094
v -184.80206298828125 0.7718837261199951 -186.26364135742188
v -178.98574829101562 0.7714334726333618 -187.63641357421875
v -177.11912536621094 0.771598756313324 -186.3301239013672
v -180.02728271484375 0.7718238830566406 -185.64373779296875
v -182.32421875 7.66745662689209 -186.56463623046875
v -180.85238647460938 0.7712682485580444 -188.94271850585938
v -182.31820678710938 0.7722095847129822 -180.21519470214844
v -184.0808868408203 0.7722418308258057 -182.24307250976562
v -182.62681579589844 0.7721292972564697 -182.58627319335938
v -181.1727294921875 0.7720167636871338 -182.92945861816406
v -173.0524444580078 0.7723960876464844 -176.364990234375
v -191.80850219726562 -0.13472355902194977 -191.19686889648438
v -180.55551147460938 0.7721773386001587 -178.18731689453125
v -174.68458557128906 0.7723673582077026 -174.0339813232422
v -192.6300048828125 -0.133597269654274 -186.35452270507812
v -190.90606689453125 -0.13316811621189117 -185.1474151611328
v -176.21014404296875 7.66793155670166 -182.2835693359375
v -176.03314208984375 7.668163299560547 -180.90972900390625
v -193.08120727539062 -0.13437499105930328 -189.37925720214844
v -192.2191162109375 -0.1337011456489563 -188.77587890625
v -176.91812133789062 7.667474746704102 -187.77890014648438
v -174.64410400390625 7.6674699783325195 -184.52008056640625
v -175.07313537597656 7.66816520690918 -180.6541748046875
v -173.93612670898438 7.668399333953857 -179.02476501464844
v -188.81161499023438 -0.1337244212627411 -191.8077392578125
v -185.62718200683594 0.7713280916213989 -189.56263732910156
v -186.668701171875 0.7717185020446777 -187.5699462890625
v -187.14349365234375 0.7717218995094299 -187.90243530273438
v -184.58566284179688 0.7709377408027649 -191.55532836914062
v -176.9931640625 7.6681623458862305 -181.16531372070312
v -175.6046142578125 0.7720922231674194 -183.36309814453125
v -174.11550903320312 0.7721027135848999 -184.05734252929688
v -187.7742462158203 0.7724533081054688 -181.3128662109375
v -190.22760009765625 0.7724321484565735 -181.4434814453125
v -188.75172424316406 0.7724992632865906 -183.5845489501953
v -179.71865844726562 0.7719041705131531 -183.2726593017578
v -180.7581787109375 7.6674675941467285 -188.80117797851562
v -179.97515869140625 7.667473316192627 -189.91946411132812
v -182.00958251953125 0.7722898721694946 -177.8441162109375
v -183.46365356445312 0.7724024057388306 -177.5009307861328
v -186.5686798095703 -0.132835254073143 -189.91220092773438
v -187.5101318359375 -0.13305002450942993 -190.40225219726562
v -187.460693359375 -0.13294591009616852 -188.16172790527344
v -184.173095703125 0.771215558052063 -189.90582275390625
v -174.16217041015625 0.7722092270851135 -182.3529815673828
v -182.71902465820312 0.771103024482727 -190.2490234375
v -171.42030334472656 0.7724248170852661 -178.6959991455078
v -171.23062133789062 0.7723366022109985 -182.037109375
v -169.7881622314453 0.7724536061286926 -181.02700805664062
v -190.53579711914062 -0.13507212698459625 -193.01449584960938
v -177.376708984375 0.7723830938339233 -175.9190216064453
v -174.2901153564453 7.667934417724609 -181.77243041992188
v -172.37008666992188 7.667938232421875 -181.2612762451172
v -188.18502807617188 0.772112250328064 -185.90972900390625
v -187.710205078125 0.7721089124679565 -185.57723999023438
v -189.7013397216797 0.772506058216095 -184.24952697753906
v -182.30645751953125 0.7713807821273804 -188.59951782226562
v -188.51217651367188 0.772419810295105 -180.24234008789062
v -173.861083984375 7.667475700378418 -185.63833618164062
v -170.80406188964844 7.667477130889893 -183.49778747558594
v -183.0321807861328 7.667471885681152 -192.0600128173828
v -190.0104522705078 -0.1331678032875061 -184.52029418945312
v -193.49197387695312 -0.1338118463754654 -186.9580841064453
v -187.9579315185547 -0.13305002450942993 -190.71580505371094
v -178.32424926757812 -3.3806545734405518 -172.3289337158203
v -178.73837280273438 -3.3806521892547607 -172.618896484375
v -178.69696044921875 -0.21649964153766632 -172.58990478515625
v -178.36566162109375 -0.21649964153766632 -172.35792541503906
vn -3.420842062951124e-7 1 8.06949103093757e-8
vn -3.0804068273937446e-7 1 6.502378369077633e-8
vn -3.600833338168741e-7 1 6.748891934194035e-8
vn -5.821283366458374e-7 1 4.457598947738006e-7
vn -5.882727691641776e-7 1 4.395641042265197e-7
vn -7.70056658438989e-7 1 6.554910214617848e-7
vn -3.9420001485268585e-7 1 2.3602872545325226e-7
vn -5.759838472840784e-7 1 4.519556568993721e-7
vn -2.0007024659207673e-7 1 9.672398704196894e-8
vn -2.40498252424004e-7 1 9.96874121028668e-8
vn -3.103365884271625e-7 1 1.0275647355229012e-7
vn -1.5964224076014943e-7 1 9.376056198107108e-8
vn -1.5964224076014943e-7 1 9.376056198107108e-8
vn -2.3498941459365597e-7 1 9.82585177666806e-8
vn -3.04827722175105e-7 1 1.0132757211067656e-7
vn -3.7612775827255973e-7 1 9.636603692797507e-8
vn -3.240850787733507e-7 1 9.390090127681106e-8
vn -2.2157558987601078e-7 1 -1.3811053634071868e-8
vn -1.967883207498744e-7 1 1.4828749339557135e-9
vn -1.967883207498744e-7 1 1.4828749339557135e-9
vn -2.9519296163016406e-7 1 7.67173702342916e-9
vn -2.6239140993311594e-7 1 5.608783215649282e-9
vn -2.6239140993311594e-7 1 5.608783215649282e-9
vn -2.295898582360678e-7 1 3.5458289637801954e-9
vn -2.295898582360678e-7 1 3.5458289637801954e-9
vn -6.780924763916119e-7 1 7.662649181838788e-7
vn -3.921721827282454e-7 1 1.2524314740858244e-7
vn -0.0000014636999594586086 1 2.416782081127167e-7
vn -3.921721827282454e-7 1 1.2524314740858244e-7
vn -8.764059344912312e-8 1 1.1444667080695581e-7
vn -1.236414135519226e-7 1 1.0410361994672712e-7
vn -8.764059344912312e-8 1 1.1444667080695581e-7
vn 0.000003858769105136162 1 -0.0000022057392925489694
vn 0.000003858769105136162 1 -0.0000022057392925489694
vn 0.000003858769105136162 1 -0.0000022057392925489694
vn -5.70160068491532e-7 1 5.674224325957766e-7
vn -6.780924763916119e-7 1 7.662649181838788e-7
vn 0.000003858769105136162 1 -0.0000022057392925489694
vn 0.000003858769105136162 1 -0.0000022057392925489694
vn -6.780924763916119e-7 1 7.662649181838788e-7
vn -1.4060070441246353e-7 1 2.0079865237221384e-7
vn 3.5932052355747146e-7 1 -1.0001858896657723e-7
vn 8.592417657382612e-7 1 -4.008358303053683e-7
vn -1.4060070441246353e-7 1 2.0079865237221384e-7
vn 8.592417657382612e-7 1 -4.008358303053683e-7
vn 0.000003858769105136162 1 -0.0000022057392925489694
vn 0.000003858769105136162 1 -0.0000022057392925489694
vn 0.0000028589265639311634 1 -0.0000016041047956605325
vn -4.6222766059145215e-7 1 3.685799754293839e-7
vn -3.279945133272122e-7 1 9.734691275298246e-9
vn -6.119208819654887e-7 1 6.772057048465285e-8
vn -1.4060070441246353e-7 1 2.0079865237221384e-7
vn -1.4060070441246353e-7 1 2.0079865237221384e-7
vn -2.40498252424004e-7 1 9.96874121028668e-8
vn -3.2135429250956804e-7 1 1.0561426222466253e-7
vn -2.40498252424004e-7 1 9.96874121028668e-8
vn -3.4803093740265467e-7 1 8.917751870285429e-8
vn -6.365974059008295e-7 1 4.885160933554289e-7
vn -3.3469262916696607e-7 1 9.73958904637584e-8
vn -2.644653136485431e-7 1 2.0103266251680907e-7
vn -3.747075822957413e-7 1 7.274077518104605e-8
vn -9.518404908703815e-7 1 8.714179671187594e-7
vn -3.6136924563834327e-7 1 8.095914694195017e-8
vn -2.9114198696333915e-7 1 1.8459593320585554e-7
vn -2.778036503059411e-7 1 1.928142978613323e-7
vn -2.0757636320922757e-7 1 2.9645107701981033e-7
vn -1.5964224076014943e-7 1 9.376056198107108e-8
vn -1.5964224076014943e-7 1 9.376056198107108e-8
vn -1.5964224076014943e-7 1 9.376056198107108e-8
vn 0.0011328008258715272 0.9999980330467224 -0.0016180295497179031
vn 0.00000397403209717595 1 -0.0000035873106298822677
vn 0.00000397403209717595 1 -0.0000035873106298822677
vn -1.5964224076014943e-7 1 9.376056198107108e-8
vn -2.0671063793997746e-7 1 1.3142533816790092e-7
vn -2.993188559230475e-7 1 9.989867777449035e-8
vn -2.0671063793997746e-7 1 1.3142533816790092e-7
vn -8.764059344912312e-8 1 1.1444667080695581e-7
vn -1.0564100705323654e-7 1 1.0927514892955514e-7
vn -1.4164183426146337e-7 1 9.89320909638991e-8
vn -3.279945133272122e-7 1 9.734691275298246e-9
vn -1.6040652894844243e-7 1 1.4718867191731988e-7
vn -1.1410243416776211e-7 1 1.6295200566673884e-7
vn -2.993188559230475e-7 1 9.989867777449035e-8
vn -2.993188559230475e-7 1 9.989867777449035e-8
vn -2.530147469315125e-7 1 1.1566200441848196e-7
vn -0.8040929436683655 0.5773510932922363 0.14177557826042175
vn -0.8036797642707825 -0.578160285949707 0.14081735908985138
vn 0.1417757123708725 -0.577349066734314 0.8040943741798401
vn 0.14177796244621277 0.5773505568504333 0.8040928840637207
vn -0.5786499977111816 0.7067417502403259 -0.40703845024108887
vn -0.5780556201934814 -0.7074718475341797 -0.40661442279815674
vn -0.8036797642707825 -0.578160285949707 0.14081735908985138
vn -0.8040929436683655 0.5773510932922363 0.14177557826042175
vn -0.5780556201934814 -0.7074718475341797 -0.40661442279815674
vn 0.579223096370697 -0.7071065306663513 0.40558725595474243
vn 0.1417757123708725 -0.577349066734314 0.8040943741798401
vn 0.579223096370697 -0.7071065306663513 0.40558725595474243
vn 0.5792255401611328 0.70710688829422 0.40558308362960815
vn 0.14177796244621277 0.5773505568504333 0.8040928840637207
vn -0.804088830947876 0.577354371547699 0.14178550243377686
vn -0.8040887713432312 -0.5773541927337646 0.14178648591041565
vn 0.14177384972572327 -0.5773394703865051 0.8041015863418579
vn 0.14177468419075012 0.5773407816886902 0.8041004538536072
vn -0.8040887713432312 -0.5773541927337646 0.14178648591041565
vn -0.5792248845100403 0.7071070671081543 -0.4055836796760559
vn -0.5792253613471985 -0.7071073055267334 -0.40558260679244995
vn -0.5792253613471985 -0.7071073055267334 -0.40558260679244995
vn 0.5792116522789001 -0.7071062326431274 0.4056040644645691
vn 0.14177384972572327 -0.5773394703865051 0.8041015863418579
vn -0.8040887713432312 -0.5773541927337646 0.14178648591041565
vn 0.14177384972572327 -0.5773394703865051 0.8041015863418579
vn 0.5792116522789001 -0.7071062326431274 0.4056040644645691
vn 0.5792120695114136 0.7071064710617065 0.40560299158096313
vn 0.5792120695114136 0.7071064710617065 0.40560299158096313
vn -0.5792248845100403 0.7071070671081543 -0.4055836796760559
vn -0.804088830947876 0.577354371547699 0.14178550243377686
vn 0.14177468419075012 0.5773407816886902 0.8041004538536072
vn -0.8040929436683655 0.5773510932922363 0.14177557826042175
vn 0.14177796244621277 0.5773505568504333 0.8040928840637207
vn -0.8040888905525208 0.5773547291755676 0.14178362488746643
vn -0.804088830947876 -0.577354371547699 0.14178550243377686
vn 0.14180037379264832 -0.5773535966873169 0.8040867447853088
vn 0.14180195331573486 0.5773546099662781 0.8040857315063477
vn -1.9615332291778032e-7 1 5.079056819567995e-8
vn -6.431213250834844e-8 1 9.184644511606166e-8
vn -3.0566684472432826e-7 1 -2.4229098727346354e-8
vn -0.5792239904403687 0.7071065902709961 -0.4055858254432678
vn -0.5792257785797119 -0.7071067690849304 -0.40558290481567383
vn -0.804088830947876 -0.577354371547699 0.14178550243377686
vn 0.14180037379264832 -0.5773535966873169 0.8040867447853088
vn 0.5792403221130371 -0.7071067690849304 0.4055621325969696
vn 0.5792421102523804 0.7071070075035095 0.4055592119693756
vn -0.8040912747383118 0.5773563981056213 0.14176329970359802
vn -0.8040910959243774 -0.5773561000823975 0.14176525175571442
vn 0.1417907327413559 -0.5773652791976929 0.804080069065094
vn 0.1417771875858307 0.5773504376411438 0.8040931224822998
vn -0.8040910959243774 -0.5773561000823975 0.14176525175571442
vn -0.5792120695114136 0.7071064710617065 -0.40560299158096313
vn -0.5792137980461121 -0.7071067690849304 -0.40560001134872437
vn -0.5792137980461121 -0.7071067690849304 -0.40560001134872437
vn 0.5792344808578491 -0.7071139216423035 0.4055580198764801
vn 0.1417907327413559 -0.5773652791976929 0.804080069065094
vn -0.8040910959243774 -0.5773561000823975 0.14176525175571442
vn 0.1417907327413559 -0.5773652791976929 0.804080069065094
vn 0.5792344808578491 -0.7071139216423035 0.4055580198764801
vn 0.5792479515075684 0.7070998549461365 0.4055632948875427
vn 0.5792479515075684 0.7070998549461365 0.4055632948875427
vn -0.5792120695114136 0.7071064710617065 -0.40560299158096313
vn -0.8040912747383118 0.5773563981056213 0.14176329970359802
vn 0.1417771875858307 0.5773504376411438 0.8040931224822998
vn 0.5792421102523804 0.7071070075035095 0.4055592119693756
vn -0.5792239904403687 0.7071065902709961 -0.4055858254432678
vn -0.8040888905525208 0.5773547291755676 0.14178362488746643
vn 0.14180195331573486 0.5773546099662781 0.8040857315063477
vn -2.3396923154450633e-7 1 -2.145801758501875e-8
vn -2.2157558987601078e-7 1 -1.3811053634071868e-8
vn -2.2157558987601078e-7 1 -1.3811053634071868e-8
vn -2.0918196241836995e-7 1 -6.164089239035775e-9
vn -4.5481354504772753e-7 1 2.7258917612016376e-7
vn -2.730296841946256e-7 1 5.666225888489862e-8
vn -2.9719200256295153e-7 1 8.113826055478057e-8
vn 8.592417657382612e-7 1 -4.008358303053683e-7
vn 0.0000018590842500998406 1 -0.0000010024702987720957
vn -6.124350875325035e-7 1 4.64040113001829e-7
vn -4.306512266794016e-7 1 2.4811316734485445e-7
vn -2.4886736582629965e-7 1 3.218625721501667e-8
vn -1.5964224076014943e-7 1 9.376056198107108e-8
vn -1.5964224076014943e-7 1 9.376056198107108e-8
vn -1.5964224076014943e-7 1 9.376056198107108e-8
vn -9.518404908703815e-7 1 8.714179671187594e-7
vn -9.518404908703815e-7 1 8.714179671187594e-7
vn -9.518404908703815e-7 1 8.714179671187594e-7
vn -9.518404908703815e-7 1 8.714179671187594e-7
vn -2.463628732130019e-7 1 -2.9104981535965635e-8
vn -4.6222766059145215e-7 1 3.685799754293839e-7
vn -4.0826148506312165e-7 1 2.6915873263533285e-7
vn -4.779798814524838e-7 1 5.3166186120279235e-8
vn -3.4403893778289785e-7 1 3.8611805308619296e-8
vn -6.279652779994649e-7 1 9.659768096526022e-8
vn -6.199430799824768e-7 1 8.215912572495654e-8
vn -2.0007024659207673e-7 1 9.672398704196894e-8
vn -2.0007024659207673e-7 1 9.672398704196894e-8
vn -0.0000010418215197205427 1 1.6191867757697764e-7
vn -9.118916750594508e-7 1 1.5458356017461483e-7
vn -8.958472221820557e-7 1 1.2570644969400746e-7
vn -0.0000011877957604156109 1 1.981308912490931e-7
vn -2.809262582559313e-7 1 1.0265083716376466e-7
vn 0.31347694993019104 0.9238781929016113 0.2195022851228714
vn -7.659173775209638e-7 1 1.1837134650249936e-7
vn -3.103365884271625e-7 1 1.0275647355229012e-7
vn -2.993188559230475e-7 1 9.989867777449035e-8
vn -2.993188559230475e-7 1 9.989867777449035e-8
vn -2.688117035631876e-7 1 3.839145392703358e-7
vn -0.31348076462745667 0.9238795042037964 -0.2194916009902954
vn -0.579236626625061 0.7071067094802856 -0.40556755661964417
vn -2.919962582836888e-7 1 3.6146673210168956e-8
vn -3.099953858054505e-7 1 2.29406822427336e-8
vn -3.279945133272122e-7 1 9.734691275298246e-9
vn -9.27936071093427e-7 1 1.8346068486607692e-7
vn -1.5964224076014943e-7 1 9.376056198107108e-8
vn -4.78975834994344e-7 1 2.9706518489547307e-7
vn -6.520319288938481e-7 1 1.3991335379159864e-7
vn -3.921721827282454e-7 1 1.2524314740858244e-7
vn -0.0000013395570022112224 1 -0.0000032421639843960293
vn 0.5792123675346375 0.7071086764335632 0.40559881925582886
vn 0.000003858769105136162 1 -0.0000022057392925489694
vn 0.000003858769105136162 1 -0.0000022057392925489694
vn 0.000003858769105136162 1 -0.0000022057392925489694
vn 0.000003858769105136162 1 -0.0000022057392925489694
vn 0.000003858769105136162 1 -0.0000022057392925489694
vn 0.000003858769105136162 1 -0.0000022057392925489694
vn 0.000003858769105136162 1 -0.0000022057392925489694
vn -0.0000013395570022112224 1 -0.0000032421639843960293
vn -0.0000065378831095586065 1 -0.000004278588676243089
vn -0.0000013395570022112224 1 -0.0000032421639843960293
vn 0.0000012596060514624696 1 -0.0000027239516384724993
vn -0.0000013395570022112224 1 -0.0000032421639843960293
vn -1.5964224076014943e-7 1 9.376056198107108e-8
vn -3.5812863075079804e-7 1 1.0957202789541043e-7
vn -8.630456704850076e-7 1 1.2364350254756573e-7
vn -3.168306648149155e-7 1 -7.247203726024054e-9
vn -3.0566684472432826e-7 1 -2.4229098727346354e-8
vn -0.0000039387200558849145 1 -0.000003760376330319559
vn -4.185700674952386e-7 1 2.358751771680545e-7
vn -4.064889367327851e-7 1 2.2363718699125457e-7
vn -2.9004155521761277e-7 1 7.822977465821168e-8
vn -2.559980032401654e-7 1 6.255865514503967e-8
vn -2.295898582360678e-7 1 3.5458289637801954e-9
vn -1.967883207498744e-7 1 1.4828749339557135e-9
vn -2.9360791131693986e-7 1 3.070581442443654e-7
vn -2.9360791131693986e-7 1 3.070581442443654e-7
vn -2.2662507603854465e-7 1 2.0040934600729088e-7
vn -2.9360791131693986e-7 1 3.070581442443654e-7
vn 0.0000033588478345336625 1 -0.0000019049221009481698
vn 0.8191685080528259 -0.0000731024265405722 0.5735529065132141
vn 0.5793440341949463 0.7071067690849304 0.40541407465934753
vn 0.8191648721694946 0 0.5735580921173096
vn 0.5793440341949463 0.7071067690849304 0.40541407465934753
vn -3.2603981026113615e-7 1 5.181779627605465e-8
vn -2.739971307619271e-7 1 4.935266417760431e-8
vn -3.279945133272122e-7 1 9.734691275298246e-9
vn -2.919962582836888e-7 1 3.6146673210168956e-8
vn -3.279945133272122e-7 1 9.734691275298246e-9
vn -3.279945133272122e-7 1 9.734691275298246e-9
vn -3.279945133272122e-7 1 9.734691275298246e-9
vn -2.512275898425287e-7 1 -1.1373112229762228e-8
vn 0.0011328008258715272 0.9999980330467224 -0.0016180295497179031
vn 0.000002073000359814614 1 -0.000004295599410397699
vn 0.00000397403209717595 1 -0.0000035873106298822677
vn -3.279945133272122e-7 1 9.734691275298246e-9
vn 0.00000397403209717595 1 -0.0000035873106298822677
vn 0.00000397403209717595 1 -0.0000035873106298822677
vn -2.688117035631876e-7 1 3.839145392703358e-7
vn 0.5792293548583984 0.7071017026901245 0.4055866599082947
vn -3.921721827282454e-7 1 1.2524314740858244e-7
vn -3.921721827282454e-7 1 1.2524314740858244e-7
vn -0.5792247653007507 0.7071118354797363 -0.40557554364204407
vn -3.921721827282454e-7 1 1.2524314740858244e-7
vn -1.1410243416776211e-7 1 1.6295200566673884e-7
vn -3.195864621829969e-7 1 1.3688672595435492e-7
vn 0.000003858769105136162 1 -0.0000022057392925489694
vn -2.001272321194847e-7 1 3.249335378541218e-8
vn -2.124161539995839e-7 1 2.0101804665273448e-8
vn -2.2470507587968314e-7 1 7.710256433313134e-9
vn -0.5735723972320557 0 0.8191549181938171
vn -0.4055733382701874 0.7071157097816467 0.5792215466499329
vn -0.5735740661621094 0.00002532322469050996 0.8191536664962769
vn -0.40557363629341125 0.7071149945259094 0.5792222023010254
vn -9.199138730764389e-7 1 1.6902211541491852e-7
vn -3.0566684472432826e-7 1 -2.4229098727346354e-8
vn -2.001272321194847e-7 1 3.249335378541218e-8
vn -2.295898582360678e-7 1 3.5458289637801954e-9
vn -2.9519296163016406e-7 1 7.67173702342916e-9
vn -2.124161539995839e-7 1 2.0101804665273448e-8
vn 0.0000028589265639311634 1 -0.0000016041047956605325
vn -0.14329738914966583 -0.6750147342681885 0.7237547636032104
vn 0.13688431680202484 -0.5795328617095947 0.8033705949783325
vn -0.4100155830383301 -0.7070741057395935 0.5761367082595825
vn -0.4100152850151062 -0.7070741057395935 0.5761368870735168
vn 0.2617948651313782 -0.9476571083068848 0.18278272449970245
vn 0.26179513335227966 -0.9476571083068848 0.18278205394744873
vn 0.076943539083004 -0.9038718938827515 0.42082688212394714
vn 0.4223462641239166 -0.9035584926605225 -0.07215049862861633
vn 0.42236411571502686 -0.9035450220108032 -0.07221494615077972
vn -0.6514207124710083 -0.7586032152175903 -0.01312235277146101
vn -0.42308059334754944 -0.9033030271530151 0.07103859633207321
vn -0.7784969806671143 -0.612590491771698 0.13665771484375
vn -0.4853229522705078 -0.8591740727424622 -0.16211636364459991
vn -0.20488563179969788 0.025530792772769928 -0.9784528613090515
vn -0.17488455772399902 -0.017824439331889153 -0.9844275712966919
vn -0.18598777055740356 0.004277619533240795 -0.9825427532196045
vn -0.5725674033164978 -0.7154164910316467 -0.4004317820072174
vn 0.3842483460903168 0.8254152536392212 0.4135732054710388
vn 0.4544033408164978 0.6102308034896851 -0.648949921131134
vn -0.4541052281856537 0.6109378337860107 0.6484931707382202
vn 0.13970623910427094 -0.04767506942152977 0.9890446066856384
vn 0.17978575825691223 -0.015669703483581543 0.983581006526947
vn 0.15040472149848938 -0.029121743515133858 0.9881954789161682
vn 0.16103410720825195 -0.010555040091276169 0.9868924021720886
vn 0.13970625400543213 -0.047675129026174545 0.9890446066856384
vn 0.0000901386738405563 -1 0.000044977095967624336
vn 0.4624379575252533 -0.8828369975090027 -0.08215785771608353
vn -3.0097655212557584e-7 -1 -0.0000013775933211945812
vn 0.18744291365146637 -0.047125715762376785 0.981144368648529
vn 0.1871665120124817 -0.03256753459572792 0.9817882180213928
vn 0.0001805783249437809 -1 0.00009133178537013009
vn 0.19448302686214447 -0.04945418983697891 0.9796584248542786
vn -0.18164822459220886 -0.9488247632980347 0.25833210349082947
vn -0.18173399567604065 -0.9488316774368286 0.25824636220932007
vn -0.30595582723617554 -0.9373244047164917 0.16677497327327728
vn -0.18164855241775513 -0.9488245248794556 0.2583326995372772
vn 0.14001666009426117 -0.5779880881309509 0.8039434552192688
vn 0.17377328872680664 0.00018655360327102244 0.9847856760025024
vn 0.5118514895439148 -0.5240662097930908 0.6807073950767517
vn -0.2089577317237854 -0.01792394183576107 -0.977760374546051
vn -0.2049666792154312 0.004502044524997473 -0.9787585735321045
vn 0.8036553263664246 -0.38820359110832214 0.45103883743286133
vn 0.5884889364242554 -0.699553370475769 0.40534672141075134
vn 0.984316349029541 0.034881990402936935 -0.1729293316602707
vn 0.816404402256012 -0.558936595916748 -0.14516781270503998
vn 0.9698030352592468 -0.19164305925369263 0.15084770321846008
vn 0.5692951083183289 -0.7098407745361328 0.4147638976573944
vn 0.07694417983293533 -0.9038723707199097 0.420825719833374
vn 0.4931248128414154 -0.8533485531806946 0.16918633878231049
vn 0.8185836672782898 0.024787837639451027 0.5738522410392761
vn -0.2625397741794586 -0.9471452236175537 -0.18436026573181152
vn -0.07760274410247803 -0.9029749035835266 -0.42262765765190125
vn -0.07753533869981766 -0.9029324054718018 -0.42273080348968506
vn 0.15051917731761932 -0.597161591053009 0.7878718376159668
vn 0.14750243723392487 -0.5719010829925537 0.8069524168968201
vn 0.3752274513244629 -0.6709631681442261 0.6395411491394043
vn 0.8037002086639404 -0.5651531219482422 -0.1861933320760727
vn 0.13221824169158936 -0.6713413596153259 -0.7292593717575073
vn 0.027986617758870125 -0.8067268133163452 -0.5902614593505859
vn -0.0017000701045617461 -0.6341919898986816 -0.7731736898422241
vn -0.07760274410247803 -0.9029749035835266 -0.42262765765190125
vn 0.509407103061676 -0.849755048751831 0.13572266697883606
vn 0.7914085388183594 -0.5988050699234009 -0.12290231883525848
vn 0.6623666286468506 -0.7487996220588684 0.02386624552309513
vn -0.20287781953811646 0.02622830495238304 -0.9788527488708496
vn -0.9830368757247925 -0.05525090917944908 0.174888014793396
vn -0.8424327969551086 -0.029910026118159294 0.5379705429077148
vn -0.8424326777458191 -0.02991730347275734 0.537970244884491
vn -0.5735766291618347 -0.000029089378585922532 0.8191519379615784
vn 0.4155387878417969 -0.840195894241333 -0.3484225571155548
vn 0.6113155484199524 -0.7399030327796936 -0.2807791233062744
vn 0.6175348162651062 -0.7352661490440369 -0.2793465256690979
vn 0.7845881581306458 -0.5887318849563599 -0.19446389377117157
vn 0.1810215413570404 -0.948537290096283 -0.25982367992401123
vn 0.7225881814956665 -0.6508066654205322 -0.23305997252464294
vn 0.8037002086639404 -0.5651531219482422 -0.1861933320760727
vn 0.6298337578773499 -0.7259743213653564 -0.2761715352535248
vn 0.6126043796539307 -0.6740357279777527 -0.41278529167175293
vn 0.17457079887390137 -0.9004860520362854 -0.3983086347579956
vn 0.05238548666238785 -0.9369792342185974 -0.3454355001449585
vn 0.05236751586198807 -0.9369903206825256 -0.34540802240371704
vn 0.1810128390789032 -0.9485478401184082 -0.2597908079624176
vn -0.07753533869981766 -0.9029324054718018 -0.42273080348968506
vn 0.05233338475227356 -0.9370114803314209 -0.34535571932792664
vn 0.18104836344718933 -0.9485262036323547 -0.25984513759613037
vn -0.012672776356339455 -0.9227672219276428 -0.3851495385169983
vn -0.05298749357461929 -0.9375839233398438 0.3436985909938812
vn -0.05298732966184616 -0.9375840425491333 0.34369826316833496
vn 0.076943539083004 -0.9038718938827515 0.42082688212394714
vn -0.052987001836299896 -0.9375843405723572 0.3436976969242096
vn -0.1906224936246872 -0.475717157125473 0.8586944937705994
vn -0.19002468883991241 0.476193904876709 0.8585627675056458
vn -0.1900198608636856 0.47621381282806396 0.8585527539253235
vn -0.19059178233146667 -0.4757033586502075 0.8587089776992798
vn 0.11286308616399765 -0.590632975101471 0.7990084886550903
vn -0.0328945629298687 -0.7435862421989441 0.6678303480148315
vn 0.049212746322155 -0.6685261726379395 0.7420584559440613
vn -0.015095176175236702 -0.7374865412712097 0.6751930713653564
vn 0.14750243723392487 -0.5719010829925537 0.8069524168968201
vn -0.1501321941614151 -0.6865713000297546 0.7113931775093079
vn -0.17661775648593903 -0.8505504131317139 0.4953484535217285
vn 0.30534565448760986 -0.9373068809509277 -0.16798758506774902
vn 0.30535030364990234 -0.93730229139328 -0.1680043488740921
vn -0.3059963583946228 -0.9373192191123962 0.16673004627227783
vn -0.4229304790496826 -0.9033589959144592 0.07122074067592621
vn -0.3060780465602875 -0.9373084306716919 0.1666409969329834
vn 0.17041821777820587 -0.013113009743392467 0.9852846264839172
vn -0.13558226823806763 -0.5835707783699036 -0.8006638288497925
vn -0.7784969806671143 -0.612590491771698 0.13665771484375
vn -0.42308059334754944 -0.9033030271530151 0.07103859633207321
vn -0.7047948837280273 -0.6624813675880432 0.25373730063438416
vn -0.6158490180969238 -0.6980436444282532 0.36532890796661377
vn -0.4265391528606415 -0.8427971601486206 0.3282642662525177
vn -0.30941757559776306 -0.9049100279808044 0.29223042726516724
vn -0.4002090096473694 -0.7234320044517517 0.5625645518302917
vn -0.005686507560312748 -0.7345789074897766 0.6784994602203369
vn 0.06680096685886383 -0.6606009602546692 0.7477592825889587
vn 0.13970625400543213 -0.04767509922385216 0.9890446066856384
vn 0.1615435928106308 -0.8332234025001526 -0.5288122296333313
vn 0.38424399495124817 0.8254194259643555 0.4135688841342926
vn 0.29515278339385986 0.6420696377754211 0.7075531482696533
vn 0.9136536717414856 0.37624531984329224 -0.15387165546417236
vn 0.16828753054141998 0.3765470087528229 0.9109838604927063
vn -0.45410582423210144 0.6109392046928406 0.6484914422035217
vn 0.2951556444168091 0.6420658230781555 0.70755535364151
vn 0.9136567711830139 0.37623849511146545 -0.15386979281902313
vn 0.1682889312505722 0.37654486298561096 0.9109845161437988
vn 0.732386589050293 0.5281031727790833 -0.4297869801521301
vn 0.4994227886199951 0.8549438118934631 -0.14017176628112793
vn 0.4544033408164978 0.6102307438850403 -0.6489499807357788
vn -0.3371275067329407 -0.8391714692115784 -0.42677441239356995
vn -0.38881760835647583 -0.6741046905517578 -0.6280157566070557
vn 0.26178276538848877 -0.9476542472839355 0.1828145980834961
vn -0.26243385672569275 -0.9471815824508667 -0.18432456254959106
vn -0.262509822845459 -0.9471422433853149 -0.18441812694072723
vn -0.4229304790496826 -0.9033589959144592 0.07122074067592621
vn 0.9704822897911072 -0.05133235082030296 -0.23564621806144714
vn 0.97342449426651 -0.03706042468547821 -0.22598953545093536
vn 0.9734789133071899 -0.03700705245137215 -0.22576409578323364
vn 0.9735331535339355 -0.03695366904139519 -0.22553861141204834
vn 0.9807666540145874 -0.045752495527267456 -0.18974579870700836
vn 0.7323841452598572 0.5281062126159668 -0.4297875165939331
vn -0.15302063524723053 0.5286794900894165 0.8349147439002991
vn -0.8424327969551086 -0.029910026118159294 0.5379705429077148
vn -0.5735763311386108 -0.000015624882507836446 0.8191521167755127
vn -0.5926652550697327 -0.02283431775867939 0.8051251173019409
vn -0.5735877752304077 0 0.8191441297531128
vn -0.6019704937934875 -0.034233808517456055 0.7977840900421143
vn -0.6018856167793274 -0.034556128084659576 0.7978342771530151
vn -0.6111129522323608 -0.04562404751777649 0.7902274131774902
vn -0.5735821723937988 -0.000009944607882061973 0.819148063659668
vn 0.3499153256416321 -0.792194664478302 -0.4999869167804718
vn 0.5337666869163513 -0.783628523349762 -0.31783559918403625
vn 0.2973920702934265 -0.9480441808700562 0.11300493031740189
vn 0.6818269491195679 -0.7225171327590942 -0.11437225341796875
vn 0.1250772327184677 -0.7220151424407959 0.6804776191711426
vn -0.11666320264339447 -0.7830398082733154 0.610932469367981
vn -0.35058730840682983 -0.7916014790534973 0.500455379486084
vn -0.20293106138706207 0.015714887529611588 -0.9790669083595276
vn -0.20895670354366302 -0.017922472208738327 -0.9777606725692749
vn -0.20086906850337982 0.026925690472126007 -0.9792479872703552
vn -0.8427755832672119 -0.043268583714962006 0.5365233421325684
vn -0.9827359318733215 -0.06687949597835541 0.17250286042690277
vn -0.8414734601974487 -0.07051264494657516 0.5356775522232056
vn -0.5724213123321533 -0.06343745440244675 0.8175020217895508
vn 0.26332786679267883 -0.6942294836044312 -0.6698535680770874
vn 0.38884374499320984 -0.7023705244064331 -0.5962183475494385
vn -0.5735765099525452 -0.000014250564163376112 0.8191519975662231
vn -0.5735774040222168 -0.000008220458767027594 0.8191514015197754
vn -0.5735765099525452 -0.000014250564163376112 0.8191519975662231
vn -0.5735765099525452 -0.000014250564163376112 0.8191519975662231
vn -0.5735765099525452 -0.000014250564163376112 0.8191519975662231
vn -0.16693635284900665 -0.01697908528149128 -0.9858214855194092
vn -0.19344645738601685 0.015603110194206238 -0.9809868335723877
vn -0.5924984216690063 -0.023479025810956955 0.8052293062210083
vn -0.5831997990608215 -0.0114286495372653 0.8122484683990479
vn -0.5735765099525452 -0.000019889215764123946 0.8191519975662231
vn 0.07694417983293533 -0.9038723707199097 0.420825719833374
vn 0.9866935014724731 -0.05437744781374931 -0.1532287448644638
vn 0.9866935014724731 -0.05437799543142319 -0.1532284915447235
vn -0.5735763311386108 -0.000015624882507836446 0.8191521167755127
vn -0.8428592681884766 -0.022355778142809868 0.5376694798469543
vn 0.16681240499019623 -0.9019112586975098 -0.3984090983867645
vn -0.9838212132453918 -0.041292380541563034 0.17432938516139984
vn -0.1900198608636856 0.47621381282806396 0.8585527539253235
vn -0.5743392705917358 0.5865223407745361 0.5710744261741638
vn -0.8193653225898743 0.554607629776001 0.1450892984867096
vn -0.19002468883991241 0.476193904876709 0.8585627675056458
vn 0.8520466089248657 -0.49813446402549744 0.16086836159229279
vn -0.7032871246337891 0.07180213183164597 0.7072705626487732
vn -0.5647797584533691 0.5984593033790588 0.5682166814804077
vn -0.8041710257530212 0.5772637128829956 0.14168821275234222
vn -0.1900198608636856 0.47621381282806396 0.8585527539253235
vn -0.5647797584533691 0.5984593033790588 0.5682166814804077
vn -0.8041710257530212 0.5772637128829956 0.14168821275234222
vn -0.1906224936246872 -0.475717157125473 0.8586944937705994
vn -0.19059178233146667 -0.4757033586502075 0.8587089776992798
vn -0.5650076866149902 -0.5981501936912537 0.5683156251907349
vn -0.8040882349014282 -0.5773417949676514 0.1418398767709732
vn -0.7978169322013855 -0.5862178802490234 0.140843003988266
vn -0.14364168047904968 0.5544832944869995 -0.8197044134140015
vn 0.05578122287988663 0.3840480446815491 -0.921626627445221
vn 0.2695494294166565 0.7278639674186707 -0.6305213570594788
vn -0.17185690999031067 -0.05526087433099747 -0.9835707545280457
vn 0.20913630723953247 0.9179760217666626 -0.3370194137096405
vn 0.4162946045398712 0.8906976580619812 -0.18263792991638184
vn 0.45952868461608887 0.8320606350898743 0.31065815687179565
vn 0.7241450548171997 -0.4700525403022766 -0.5046429634094238
vn 0.7240766286849976 0.47011494636535645 -0.5046830773353577
vn 0.7240793108940125 0.46996843814849854 -0.5048155784606934
vn 0.2845558524131775 -0.8493884205818176 -0.44448551535606384
vn 0.7242087125778198 -0.46974554657936096 -0.5048373937606812
vn 0.40116432309150696 -0.8464383482933044 -0.35015588998794556
vn 0.3313333988189697 -0.2960669696331024 -0.8958585262298584
vn 0.5736101269721985 -0.0005699321045540273 -0.8191282153129578
vn -0.17333808541297913 -0.02249160036444664 -0.9846055507659912
vn 0.7242087125778198 -0.46974554657936096 -0.5048373937606812
vn -0.19059178233146667 -0.4757033586502075 0.8587089776992798
vn -0.14058782160282135 -0.5861890912055969 -0.7978830933570862
vn 0.19096435606479645 -0.04829030483961105 0.9804085493087769
vn -0.8040882349014282 -0.5773417949676514 0.1418398767709732
vn 0.3649454116821289 -0.9232059121131897 -0.12043950706720352
vn 0.3053588271141052 -0.9372937679290771 -0.16803668439388275
vn 0.4223462641239166 -0.9035584926605225 -0.07215049862861633
vn 0.2439233809709549 -0.9457584023475647 -0.2145751714706421
vn 0.5669997334480286 -0.7199202179908752 0.4002828598022461
vn 0.14001666009426117 -0.5779880881309509 0.8039434552192688
vn 0.3826185464859009 -0.6709777116775513 0.6351314783096313
vn 0.3826185464859009 -0.6709777116775513 0.6351314783096313
vn 0.9866935014724731 -0.05437853932380676 -0.15322823822498322
vn -0.573577880859375 -0.0000052054056141059846 0.8191510438919067
vn -0.5735782980918884 -0.000002190352461184375 0.8191507458686829
vn -0.5735769271850586 -0.000011235511919949204 0.8191516995429993
vn -0.3059559762477875 -0.9373242855072021 0.16677528619766235
vn 0.7240793108940125 0.46996843814849854 -0.5048155784606934
vn 0.9686198830604553 -0.06433144956827164 -0.24007707834243774
vn 0.9678756594657898 -0.06501336395740509 -0.24287906289100647
vn 0.9671226143836975 -0.06569468975067139 -0.2456788420677185
vn 0.40531814098358154 -0.07471653819084167 -0.9111172556877136
vn 0.32812321186065674 -0.5903024077415466 -0.7374810576438904
vn -0.14189264178276062 -0.5774350166320801 -0.8040120005607605
vn 0.7241450548171997 -0.4700525403022766 -0.5046429634094238
vn -0.17091187834739685 -0.017401907593011856 -0.9851327538490295
vn 0.32812321186065674 -0.5903024077415466 -0.7374810576438904
vn 0.7241450548171997 -0.4700525403022766 -0.5046429634094238
vn -0.14168918132781982 0.5772340297698975 -0.8041921854019165
vn 0.7240766286849976 0.47011494636535645 -0.5046830773353577
vn -0.14189264178276062 -0.5774350166320801 -0.8040120005607605
vn 0.7240766286849976 0.47011494636535645 -0.5046830773353577
vn 0.32817548513412476 0.590096116065979 -0.7376227974891663
vn 0.12507766485214233 -0.7220149040222168 0.6804777979850769
vn -0.3505854606628418 -0.7916027307510376 0.5004547834396362
vn 0.2973904609680176 -0.94804447889328 0.11300776898860931
vn 0.3499133586883545 -0.7921984791755676 -0.49998217821121216
vn 0.6818258166313171 -0.7225194573402405 -0.11436409503221512
vn -0.14168918132781982 0.5772340297698975 -0.8041921854019165
vn 0.816404402256012 -0.558936595916748 -0.14516781270503998
vn -0.018838277086615562 -0.6455836892127991 0.7634571194648743
vn -0.5735765695571899 0.000019256540326750837 0.8191519379615784
vn -0.9846509695053101 -0.01650353893637657 0.17375312745571136
vn -0.2089572250843048 -0.017923206090927124 -0.9777605533599854
vn -0.5135830640792847 -0.7185080051422119 0.4690188467502594
vn 0.37560081481933594 -0.6819968819618225 0.6275382041931152
vn 0.3053637146949768 -0.9372960925102234 -0.16801512241363525
vn 0.549193799495697 -0.21801750361919403 0.8067554831504822
vn 0.3286926746368408 -0.5946976542472839 -0.7336863875389099
vn -0.8177391886711121 -0.05841219797730446 -0.5726174116134644
vn -0.9838212132453918 -0.041292380541563034 0.17432938516139984
vn -0.9830368757247925 -0.05525090917944908 0.174888014793396
vn -0.30077964067459106 -0.9059727787971497 0.2979007661342621
vn -0.15849769115447998 -0.8484578728675842 0.5049731135368347
vn -0.0967213585972786 -0.8011828064918518 0.5905515551567078
vn 0.2439125031232834 -0.9457705616950989 -0.21453413367271423
vn 0.11702921241521835 -0.945616602897644 -0.3035019338130951
vn -0.11771423369646072 -0.9460508823394775 0.3018791973590851
vn -0.8166482448577881 -0.07814046740531921 -0.5718214511871338
vn -0.8041710257530212 0.5772637128829956 0.14168821275234222
vn -0.8193653225898743 0.554607629776001 0.1450892984867096
vn -0.14364168047904968 0.5544832944869995 -0.8197044134140015
vn -0.5781235098838806 -0.006852613762021065 0.8159204721450806
vn -0.5732547044754028 -0.0013090751599520445 0.8193761706352234
vn -0.5829540491104126 -0.012395697645843029 0.8124106526374817
vn -0.5831178426742554 -0.011751077137887478 0.8123025894165039
vn -0.14168918132781982 0.5772340297698975 -0.8041921854019165
vn -0.14168918132781982 0.5772340297698975 -0.8041921854019165
vn -0.14189264178276062 -0.5774350166320801 -0.8040120005607605
vn -0.8040882349014282 -0.5773417949676514 0.1418398767709732
vn -0.8041710257530212 0.5772637128829956 0.14168821275234222
vn -0.7978169322013855 -0.5862178802490234 0.140843003988266
vn -0.8040882349014282 -0.5773417949676514 0.1418398767709732
vn -0.14189264178276062 -0.5774350166320801 -0.8040120005607605
vn -0.14058782160282135 -0.5861890912055969 -0.7978830933570862
vn -0.9827359318733215 -0.06687949597835541 0.17250286042690277
vn -0.9846509695053101 -0.01650353893637657 0.17375312745571136
vn -0.8189219832420349 -0.02335856668651104 -0.5734293460845947
vn -0.8187457323074341 -0.031237805262207985 -0.5733059048652649
vn -0.5735877752304077 0 0.8191441297531128
vn -0.6111129522323608 -0.04562404751777649 0.7902274131774902
vn -0.5735877752304077 0 0.8191441297531128
vn -0.5735877156257629 0 0.8191441297531128
vn -0.5735829472541809 0 0.8191474676132202
vn -0.5735765099525452 -0.000014250564163376112 0.8191519975662231
vn -0.5735765099525452 -0.000014250564163376112 0.8191519975662231
vn -0.5735806226730347 0 0.8191491365432739
vn -0.5735765099525452 -0.000019889215764123946 0.8191519975662231
vn -0.5732547044754028 -0.0013090751599520445 0.8193761706352234
vn -0.5735765099525452 -0.000014250564163376112 0.8191519975662231
vn -0.5735782980918884 -0.000002190352461184375 0.8191507458686829
vn -0.16840414702892303 -0.5455570220947266 -0.820979654788971
vn -0.16840414702892303 -0.5455570220947266 -0.820979654788971
vn -0.1711374819278717 -0.5739669799804688 -0.8007957935333252
vn 0.7116243243217468 -0.6614553332328796 -0.23678620159626007
vn 0.5060994625091553 -0.695591151714325 -0.5099177956581116
vn -0.24491851031780243 -0.8845956921577454 0.39686957001686096
vn -0.2781789004802704 -0.7127091288566589 0.643942654132843
vn 0.42236411571502686 -0.9035450220108032 -0.07221494615077972
vn -0.4098671078681946 -0.7095202803611755 0.5732276439666748
vn 0.1368849128484726 -0.5795326232910156 0.8033707141876221
vn -0.14329709112644196 -0.6750146746635437 0.7237548232078552
vn -0.8064391613006592 -0.5751180052757263 0.13745982944965363
vn -0.8064388632774353 -0.5751183032989502 0.13746018707752228
vn -0.6382095217704773 -0.6726985573768616 0.3743865489959717
vn 0.14664801955223083 0.575118899345398 0.8048183917999268
vn 0.1466486006975174 0.5751186013221741 0.8048184514045715
vn -0.13352780044078827 0.6726988554000854 0.7277681231498718
vn -0.40115827322006226 0.7070740461349487 0.5823386311531067
vn -0.40115803480148315 0.7070741057395935 0.582338809967041
vn 0.5269312262535095 -0.7894449234008789 -0.3148333728313446
vn -0.8017390370368958 0.579532265663147 0.1461399793624878
vn -0.8017393946647644 0.5795319080352783 0.14613956212997437
vn -0.6310970187187195 0.675014317035675 0.3821941018104553
vn -0.4011586010456085 0.707073986530304 0.5823385119438171
vn 0.5101010799407959 -0.7992203235626221 -0.31787362694740295
vn 0.29745110869407654 -0.8774095177650452 -0.37639790773391724
vn 0.11702491343021393 -0.9456223845481873 -0.30348560214042664
vn 0.415422648191452 -0.689552903175354 -0.5932459831237793
vn -0.5734157562255859 -0.0006616630125790834 0.8192642331123352
vn -0.13352809846401215 0.672698974609375 0.727768063545227
vn -0.6310967206954956 0.6750144362449646 0.38219428062438965
vn -0.6382092833518982 -0.6726987361907959 0.374386727809906
vn -0.5303783416748047 -0.6981345415115356 0.4809439480304718
vn -0.5735606551170349 0 0.8191630840301514
vn -0.8166467547416687 -0.07808376848697662 -0.5718312859535217
vn -0.6890719532966614 -0.07657779008150101 -0.7206356525421143
vn -0.5349985361099243 -0.07215600460767746 -0.8417660593986511
vn -0.5735824704170227 0 0.8191478252410889
vn -0.5735783576965332 0.000007635875590494834 0.8191506862640381
vn -0.5735764503479004 -9.090413186640944e-7 0.8191520571708679
vn -0.5735759735107422 0 0.8191524147987366
vn -0.5735606551170349 0 0.8191630840301514
vn -0.5735759735107422 0 0.8191523551940918
vn -0.5735759735107422 0 0.8191523551940918
vn -0.5735759735107422 0 0.8191523551940918
vn -0.5349921584129333 -0.07221326977014542 -0.8417651653289795
vn -0.3603591322898865 -0.06498415768146515 -0.9305473566055298
vn -0.5349881649017334 -0.07220111787319183 -0.8417688012123108
vn -0.5735606551170349 0 0.8191630840301514
vn -0.5735606551170349 0 0.8191630840301514
vn -0.5349883437156677 -0.07218287140130997 -0.8417701125144958
vn -0.8166491389274597 -0.0781068429350853 -0.5718247294425964
vn -0.3603615164756775 -0.06494677066802979 -0.9305490255355835
vn -0.5735759735107422 0 0.8191523551940918
vn -0.573576033115387 0 0.8191523551940918
vn 0.8227446675300598 -0.06467248499393463 -0.564720094203949
vn 0.7090142369270325 -0.0617322139441967 -0.7024869918823242
vn 0.5725782513618469 -0.05895821750164032 -0.8177273869514465
vn -0.5735606551170349 0.00002800591209961567 0.8191630840301514
vn -0.573576807975769 -0.0000015453686046384973 0.819151759147644
vn -0.5735766291618347 -0.000029089378585922532 0.8191519379615784
vn -0.6890605092048645 -0.0765991061925888 -0.7206444144248962
vn -0.5349897146224976 -0.07217054814100266 -0.8417704105377197
vn -0.8166513442993164 -0.07808402925729752 -0.5718246698379517
vn -0.8187524676322937 -0.03126147761940956 -0.5732949376106262
vn -0.8187524676322937 -0.03126147761940956 -0.5732949376106262
vn -0.9747570157051086 -0.053111445158720016 -0.21685899794101715
vn -0.8166513442993164 -0.07808402925729752 -0.5718246698379517
vn -0.9827359318733215 -0.06687949597835541 0.17250286042690277
vn -0.7207604646682739 -0.0682881698012352 0.689812421798706
vn -0.8414708971977234 -0.07052132487297058 0.53568035364151
vn -0.7262299656867981 -0.07638736069202423 0.6831946969032288
vn -0.7207605242729187 -0.06828819960355759 0.6898123621940613
vn 0.8210074305534363 -0.06646808236837387 -0.5670350790023804
vn 0.9678756594657898 -0.06501336395740509 -0.24287906289100647
vn 0.9095653891563416 -0.066477932035923 -0.4102090299129486
vn 0.9686198830604553 -0.06433144956827164 -0.24007707834243774
vn 0.546472430229187 -0.05542581155896187 -0.835641086101532
vn 0.8226960897445679 -0.06581238657236099 -0.5646591186523438
vn 0.8172429203987122 -0.07184071093797684 0.5717978477478027
vn 0.8162361979484558 -0.07115869969129562 0.5733193755149841
vn 0.9718663692474365 -0.06800030916929245 0.2255033552646637
vn -0.5724212527275085 -0.06343735009431839 0.8175020813941956
vn 0.19096435606479645 -0.04829030483961105 0.9804085493087769
vn 0.5420705080032349 -0.0641874149441719 0.8378779888153076
vn 0.5435685515403748 -0.06476786732673645 0.8368622064590454
vn -0.845568060874939 -0.07897355407476425 0.5279942154884338
vn -0.7289060354232788 -0.08075438439846039 0.6798341870307922
vn 0.815226137638092 -0.07047641277313232 0.5748385787010193
vn -0.5855162143707275 -0.07957407087087631 0.8067457675933838
vn 0.5450649261474609 -0.0653473362326622 0.8358433246612549
vn -0.6890607476234436 -0.07658892124891281 -0.7206451296806335
vn -0.8166568875312805 -0.07800500094890594 -0.5718275308609009
vn -0.8271341919898987 -0.05887109786272049 -0.5589126944541931
vn -0.5521506071090698 -0.026424741372466087 -0.8333256244659424
vn -0.5585620999336243 -0.041399821639060974 -0.8284288048744202
vn -0.20895670354366302 -0.017922472208738327 -0.9777606725692749
vn -0.8166513442993164 -0.07808402925729752 -0.5718246698379517
vn -0.8424278497695923 -0.029901696369051933 0.5379787087440491
vn -0.5349897146224976 -0.07217060029506683 -0.8417704105377197
vn -0.36036139726638794 -0.06499038636684418 -0.9305460453033447
vn -0.17188183963298798 -0.05526990815997124 -0.9835658669471741
vn -0.8165860772132874 -0.07819543778896332 -0.5719026327133179
vn -0.8166620135307312 -0.07808416336774826 -0.5718094706535339
vn -0.8166482448577881 -0.07814046740531921 -0.5718214511871338
vn -0.8166512846946716 -0.07808399200439453 -0.5718247294425964
vn -0.8166533708572388 -0.07816262543201447 -0.5718110799789429
vn -0.8166620135307312 -0.07808416336774826 -0.5718094706535339
vn -0.8166513442993164 -0.07808411121368408 -0.5718246698379517
vn -0.8166360855102539 -0.07808417826890945 -0.5718464851379395
vn -0.04723582789301872 -0.05464908853173256 0.9973876476287842
vn -0.24037154018878937 -0.06861010938882828 0.9682531952857971
vn -0.051272694021463394 -0.05922849476337433 0.9969267845153809
vn -0.8166513442993164 -0.07808411121368408 -0.5718246698379517
vn 0.13970623910427094 -0.04767506942152977 0.9890446066856384
vn -0.9830368757247925 -0.05525090917944908 0.174888014793396
vn -0.8166638016700745 -0.07805664092302322 -0.5718106627464294
vn -0.8166467547416687 -0.07808376848697662 -0.5718312859535217
vn -0.5349928140640259 -0.07212778925895691 -0.8417720794677734
vn 0.18744291365146637 -0.047125715762376785 0.981144368648529
vn -0.8166638016700745 -0.07805664092302322 -0.5718106627464294
vn -0.8166671991348267 -0.07819557189941406 -0.5717868208885193
vn -0.8166537880897522 -0.07804468274116516 -0.5718265771865845
vn -0.8166590332984924 -0.07808414846658707 -0.571813702583313
vn -0.8166438341140747 -0.07808429002761841 -0.5718353390693665
vn 0.9866935014724731 -0.05437853932380676 -0.15322823822498322
vn 0.9866935014724731 -0.05437799543142319 -0.1532284915447235
vn -0.6890631914138794 -0.07666099816560745 -0.7206352353096008
vn -0.8424331545829773 -0.02990240976214409 0.5379704236984253
vn -0.8424336314201355 -0.029899537563323975 0.5379697680473328
vn -0.9830368757247925 -0.05525090917944908 0.174888014793396
vn -0.8424336314201355 -0.029899537563323975 0.5379697680473328
vn -0.5735780596733093 0.000003752164275283576 0.8191508650779724
vn -0.8424326777458191 -0.02991730347275734 0.537970244884491
vn -0.8424329161643982 -0.02990158088505268 0.5379708409309387
vn -0.8424330949783325 -0.02990206889808178 0.5379706025123596
vn -0.552151083946228 -0.026425523683428764 -0.8333252668380737
vn -0.2089577317237854 -0.01792394183576107 -0.977760374546051
vn -0.9827336668968201 -0.06689583510160446 0.17250943183898926
vn -0.9747570157051086 -0.053111445158720016 -0.21685899794101715
vn 0.13970625400543213 -0.04767509922385216 0.9890446066856384
vn 0.13970625400543213 -0.047675129026174545 0.9890446066856384
vn -0.047235820442438126 -0.05464911833405495 0.9973876476287842
vn -0.5724213123321533 -0.06343745440244675 0.8175020217895508
vn -0.8414709568023682 -0.07052138447761536 0.5356802940368652
vn -0.5349897146224976 -0.07217054814100266 -0.8417704105377197
vn -0.2089572250843048 -0.017923206090927124 -0.9777605533599854
vn -0.5521511435508728 -0.02643679454922676 -0.8333249092102051
vn -0.8187523484230042 -0.031282443553209305 -0.5732939839363098
vn -0.8166568875312805 -0.07800500094890594 -0.5718275308609009
vn -0.5349952578544617 -0.07207058370113373 -0.8417755365371704
vn -0.23252154886722565 -0.059706807136535645 0.9707567691802979
vn -0.23252154886722565 -0.05970683693885803 0.9707567691802979
vn -0.40965378284454346 -0.06267087906599045 0.9100857973098755
vn 0.19448302686214447 -0.04945418983697891 0.9796584248542786
vn 0.8172431588172913 -0.07183997333049774 0.5717976689338684
vn -0.9739822745323181 -0.07219087332487106 -0.21481876075267792
vn -0.9830368757247925 -0.05525090917944908 0.174888014793396
vn -0.9830368757247925 -0.05525090917944908 0.174888014793396
vn -0.500211238861084 -0.0714978575706482 0.8629465103149414
vn -0.4170135259628296 -0.07100162655115128 0.9061227440834045
vn 0.5725782513618469 -0.05895821750164032 -0.8177273869514465
vn 0.8210074305534363 -0.06646808236837387 -0.5670350790023804
vn 0.707907497882843 -0.06371349096298218 -0.7034255266189575
vn -0.6890614628791809 -0.0766548365354538 -0.7206374406814575
vn -0.6527503728866577 -0.07028109580278397 0.7543059587478638
vn 0.9718664884567261 -0.06799972802400589 0.2255031019449234
vn -0.5790084004402161 -0.07151060551404953 0.812179446220398
vn -0.5735759139060974 0 0.8191524147987366
vn -0.57359778881073 0 0.8191370964050293
vn -0.5349863767623901 -0.07217029482126236 -0.8417725563049316
vn -0.8230502605438232 -0.04507214576005936 -0.5661773681640625
vn -0.047235820442438126 -0.05464913323521614 0.9973876476287842
vn 0.3817969858646393 -0.047990910708904266 -0.9229993224143982
vn 0.3890877366065979 -0.04842991754412651 -0.9199268817901611
vn 0.20383329689502716 -0.03888570889830589 -0.9782330393791199
vn 0.21534156799316406 -0.0404115654528141 -0.9757022261619568
vn 0.5726500153541565 -0.056821271777153015 -0.8178284168243408
vn 0.5726500153541565 -0.056821271777153015 -0.8178284168243408
vn -0.6890649199485779 -0.07653702050447464 -0.7206466794013977
vn -0.6890581250190735 -0.0766434594988823 -0.7206419110298157
vn -0.9299255609512329 -0.07005120813846588 0.3610142171382904
vn -0.1718837320804596 -0.05521700531244278 -0.983568549156189
vn -0.8187457323074341 -0.031237805262207985 -0.5733059048652649
vn 0.5726144909858704 -0.057889778167009354 -0.8177783489227295
vn -0.36036351323127747 -0.06489284336566925 -0.9305519461631775
vn -0.1718856245279312 -0.05516409873962402 -0.9835711717605591
vn -0.4206562638282776 -0.07547587901353836 0.9040749669075012
vn -0.6890604496002197 -0.07659916579723358 -0.7206442952156067
vn 0.21928216516971588 -0.039887987077236176 -0.9748457670211792
vn 0.6921278834342957 -0.06093161925673485 -0.7191983461380005
vn 0.8136941194534302 -0.06431672722101212 -0.5777242183685303
vn -0.16693635284900665 -0.01697908528149128 -0.9858214855194092
vn 0.018775204196572304 -0.02842709608376026 -0.9994195699691772
vn 0.5596314668655396 -0.056130584329366684 -0.8268385529518127
vn 0.9866935014724731 -0.05437744781374931 -0.1532287448644638
vn 0.9102105498313904 -0.06554821133613586 -0.4089256227016449
vn -0.9312242269515991 -0.07429687678813934 0.3567934036254883
vn -0.9827336668968201 -0.06689583510160446 0.17250943183898926
vn 0.046439215540885925 -0.051387835294008255 0.9975985288619995
vn -0.40965378284454346 -0.06267089396715164 0.9100857973098755
vn -0.7207605242729187 -0.06828825920820236 0.6898123621940613
vn -0.17091187834739685 -0.017401907593011856 -0.9851327538490295
vn -0.17488455772399902 -0.017824439331889153 -0.9844275712966919
vn -0.8414734601974487 -0.07051264494657516 0.5356775522232056
vn -0.9299255609512329 -0.07005123049020767 0.36101415753364563
vn -0.9827347993850708 -0.06688766181468964 0.1725061535835266
vn 0.9671226143836975 -0.06569468975067139 -0.2456788420677185
vn -0.9827347993850708 -0.06688766181468964 0.1725061535835266
vn -0.929927408695221 -0.07004296034574509 0.3610111176967621
vn -0.9827359318733215 -0.06687949597835541 0.17250286042690277
vn -0.5349952578544617 -0.07207058370113373 -0.8417755365371704
vn 0.21534156799316406 -0.0404115654528141 -0.9757022261619568
vn 0.0246592964977026 -0.029236789792776108 -0.9992682933807373
vn 0.7780431509017944 -0.3665199279785156 -0.5102078318595886
vn 0.2133270800113678 -0.36651691794395447 -0.9056251645088196
vn 0.23716896772384644 0.3467906415462494 -0.907461941242218
vn 0.23716577887535095 0.34678980708122253 -0.9074630737304688
vn 0.7716176509857178 0.34678852558135986 -0.5332390666007996
vn 0.7780413031578064 -0.3665165603160858 -0.5102130174636841
vn 0.21331912279129028 -0.36651819944381714 -0.9056265354156494
vn 0.7716196179389954 0.34679046273231506 -0.5332349538803101
vn 0.23716339468955994 0.3467883765697479 -0.9074642658233643
vn 0.7716204524040222 0.34679093956947327 -0.5332334637641907
vn 0.7780408263206482 -0.3665215075016022 -0.5102102160453796
vn 0.21332083642482758 -0.3665182292461395 -0.9056260585784912
vn 0.2610875070095062 0.28896385431289673 -0.9210500717163086
vn 0.7039875984191895 0.45756685733795166 -0.5431703925132751
vn 0.7780441641807556 -0.36651772260665894 -0.5102078914642334
vn 0.21313339471817017 -0.36610767245292664 -0.905836284160614
vn 0.8414797186851501 0.02930043824017048 -0.53949373960495
vn 0.5735706090927124 -0.00000934672607399989 -0.8191561102867126
vn 0.5997191667556763 -0.3485359847545624 -0.7203190326690674
vn 0.9824553728103638 0.05419038236141205 -0.17845118045806885
vn 0.8241085410118103 -0.5471285581588745 -0.1466132253408432
vn 0.4218448996543884 -0.6753591299057007 -0.6049271821975708
vn 0.804095983505249 -0.5773401260375977 -0.14180269837379456
vn -0.14422567188739777 -0.5413404107093811 -0.8283414244651794
vn 0.4218448996543884 -0.6753591299057007 -0.6049271821975708
vn -0.14422567188739777 -0.5413404107093811 -0.8283414244651794
vn 0.8241085410118103 -0.5471285581588745 -0.1466132253408432
vn -0.14175964891910553 -0.577331006526947 -0.8041101694107056
vn -0.144229456782341 -0.5413421988487244 -0.8283395767211914
vn 0.8241142630577087 -0.5471198558807373 -0.14661356806755066
vn -0.0000036699680094898213 -1 0.0000030650464850623393
vn -0.14175964891910553 -0.577331006526947 -0.8041101694107056
vn -0.579261302947998 -0.7070998549461365 -0.4055442214012146
vn 0.000004320244897826342 -1 0.000001968484639292001
vn 0.5792292952537537 -0.707111656665802 0.4055694341659546
vn 0.804095983505249 -0.5773401260375977 -0.14180269837379456
vn 0.0000018755033579509472 -1 3.534096038038115e-7
vn 0.0000043137297325301915 -1 0.0000020606389625754673
vn 0.5781364440917969 -0.00005643888653139584 -0.8159400820732117
vn 0.7289870977401733 0.5873489379882812 -0.3515665531158447
vn 0.5781364440917969 -0.00005643888653139584 -0.8159400820732117
vn -0.0000030493361009575892 1 0.000004041722149850102
vn -0.0000030493361009575892 1 0.000004041722149850102
vn -0.0000030493361009575892 1 0.000004041722149850102
vn -0.0000030493361009575892 1 0.000004041722149850102
vn -0.0000029260784231155412 1 0.000003847964308079099
vn 0.5738980174064636 0.005628086160868406 -0.8189074397087097
vn 0.5738980174064636 0.005628086160868406 -0.8189074397087097
vn 0.5738980174064636 0.005628086160868406 -0.8189074397087097
vn 0.5738980174064636 0.005628086160868406 -0.8189074397087097
vn -0.000002987707375723403 1 0.000003944843228964601
vn -0.0000030493361009575892 1 0.000004041722149850102
vn -0.0000030493361009575892 1 0.000004041722149850102
vn -0.9845361113548279 -0.021688159555196762 0.17383401095867157
vn -0.8060439825057983 0.5744898915290833 0.14231841266155243
vn -0.8039585947990417 0.5775071978569031 0.14190150797367096
vn -0.8081183433532715 0.5714647769927979 0.1427333801984787
vn 0.4761040508747101 0.8482810854911804 -0.23182785511016846
vn -0.8060439825057983 0.5744898915290833 0.14231841266155243
vn -0.8081183433532715 0.5714647769927979 0.1427333801984787
vn -0.8039585947990417 0.5775071978569031 0.14190150797367096
vn -0.5736003518104553 0 0.819135308265686
vn -0.5736003518104553 0 0.819135308265686
vn -0.5736003518104553 0 0.819135308265686
vn -0.5736003518104553 0 0.819135308265686
vn 3.3346987038385123e-7 -1 -1.6330407959230797e-7
vn 4.430504532138002e-7 -1 -3.05248164522709e-7
vn 3.608650160913385e-7 -1 -1.987901043776219e-7
vn 3.882601617988257e-7 -1 -2.3427611495208112e-7
vn 0.7289870977401733 0.5873489379882812 -0.3515665531158447
vn 0.07112440466880798 0.6938899755477905 0.7165597677230835
vn -0.3410855829715729 0.323470801115036 0.8826252222061157
vn 0.45952868461608887 0.8320606350898743 0.31065815687179565
vn 0.47624626755714417 0.8487575650215149 -0.2297825962305069
vn 0.4761040508747101 0.8482810854911804 -0.23182785511016846
vn 0.7271847128868103 0.5879759788513184 -0.35424095392227173
vn -0.6289955377578735 0.7687854766845703 0.11547084897756577
vn 0.48134079575538635 0.8432996869087219 -0.2390746772289276
vn 0.48134079575538635 0.8432996869087219 -0.2390746772289276
vn 0.8040962815284729 0.5773489475250244 -0.1417653113603592
vn 0.9848163723945618 -0.00006094092896091752 -0.17359933257102966
vn 0.22391517460346222 0.8526771664619446 0.4720207750797272
vn 0.8040962815284729 0.5773489475250244 -0.1417653113603592
vn 0.48134079575538635 0.8432996869087219 -0.2390746772289276
vn -0.6289955377578735 0.7687854766845703 0.11547084897756577
vn 0.22391517460346222 0.8526771664619446 0.4720207750797272
vn 0.8191084265708923 -0.00012619292829185724 0.5736387372016907
vn 0.9848163723945618 -0.00006094092896091752 -0.17359933257102966
vn 0.8040962815284729 0.5773489475250244 -0.1417653113603592
vn 0.5735521912574768 -0.00003914784610969946 -0.8191689848899841
vn 0.8191294074058533 0.00008719516335986555 0.5736087560653687
vn 0.8191294074058533 0.00008719516335986555 0.5736087560653687
vn 0.23231475055217743 0.8486032485961914 0.4752918779850006
vn 0.8191651105880737 -0.000013002932973904535 0.5735577940940857
vn 0.8191651105880737 -0.000013002932973904535 0.5735577940940857
vn -0.14195747673511505 0.5771275758743286 -0.8042212724685669
vn 0.47624626755714417 0.8487575650215149 -0.2297825962305069
vn 0.5735837817192078 -0.0005955389351584017 -0.8191466927528381
vn -0.1736554056406021 -0.000421165197622031 -0.9848064184188843
vn 0.4761040508747101 0.8482810854911804 -0.23182785511016846
vn 0.47624626755714417 0.8487575650215149 -0.2297825962305069
vn -0.14195747673511505 0.5771275758743286 -0.8042212724685669
vn 0.0000016015802657420863 -0.9999999403953552 -0.000002191635985582252
vn 0.579229474067688 -0.7071067094802856 0.405577689409256
vn 0.1519639641046524 -0.9094716906547546 0.3869989812374115
vn -0.16607128083705902 -0.25099217891693115 -0.9536368250846863
vn -0.144229456782341 -0.5413421988487244 -0.8283395767211914
vn -0.16606925427913666 -0.25099116563796997 -0.9536374807357788
vn -0.1712263524532318 0.0645773857831955 -0.9831130504608154
vn 0.173648402094841 -0.00002350857357669156 0.9848077297210693
vn -0.7595272064208984 0.556821882724762 -0.3362555205821991
vn -0.8675609827041626 0.46761971712112427 0.16932141780853271
vn 0.14178474247455597 0.5773357152938843 0.80410236120224
vn 0.23231475055217743 0.8486032485961914 0.4752918779850006
vn 0.14178474247455597 0.5773357152938843 0.80410236120224
vn 0.173648402094841 -0.00002350857357669156 0.9848077297210693
vn 0.14178474247455597 0.5773357152938843 0.80410236120224
vn -0.8675609827041626 0.46761971712112427 0.16932141780853271
vn -0.9640819430351257 -0.18745361268520355 0.18816784024238586
vn 0.5735726356506348 0.008000330999493599 -0.8191156387329102
vn 0.5735726356506348 0.008000330999493599 -0.8191156387329102
vn 0.8191551566123962 0 0.5735719799995422
vn 0.8191084265708923 -0.00012619292829185724 0.5736387372016907
vn 0.8191551566123962 0 0.5735719799995422
vn -0.16606922447681427 -0.25099098682403564 -0.9536374807357788
vn -0.17122629284858704 0.06457774341106415 -0.9831130504608154
vn -0.14422567188739777 -0.5413404107093811 -0.8283414244651794
vn -0.405579537153244 -0.7071077823638916 0.5792270302772522
vn -0.5847033262252808 -0.7801563143730164 0.22243674099445343
vn -0.30931907892227173 -0.9082490801811218 0.28178954124450684
vn -0.804092288017273 -0.577350378036499 0.14178189635276794
vn -0.5792272090911865 -0.7071068286895752 -0.4055807888507843
vn -0.8040924072265625 0.5773501992225647 0.14178192615509033
vn -0.40557974576950073 0.707107663154602 0.5792269706726074
vn -0.5212233066558838 0.804000735282898 0.28619760274887085
vn -0.159002423286438 0.9082491397857666 0.38704219460487366
vn -0.5783407092094421 0.706928551197052 -0.4071536064147949
vn 0.22742515802383423 0.8742245435714722 0.42896297574043274
vn 0.1417836844921112 0.5773512125015259 0.8040913939476013
vn 0.5792292356491089 0.70710688829422 0.4055778682231903
vn -0.5736003518104553 0 0.819135308265686
vn -0.8122340440750122 0.5653911232948303 0.14355747401714325
vn 4.430504532138002e-7 -1 -3.05248164522709e-7
vn -0.23089618980884552 0.9710872173309326 -0.06063515692949295
vn 0.21313339471817017 -0.36610767245292664 -0.905836284160614
vn 0.21313752233982086 -0.3661007583141327 -0.9058380722999573
vn 0.287762850522995 0.05515103042125702 -0.9561124444007874
vn -0.9846493005752563 -0.016161369159817696 0.17379453778266907
vn -0.984732449054718 -0.010634086094796658 0.17374975979328156
vn 0.8361833691596985 -0.010982977226376534 -0.5483400225639343
vn 0.7780399918556213 -0.36652082204818726 -0.5102120041847229
vn 0.7780413031578064 -0.3665165603160858 -0.5102130174636841
vn 0.8361892700195312 -0.010981322266161442 -0.548331081867218
vn 0.7780476212501526 -0.3665129542350769 -0.5102059841156006
vn 0.7780408263206482 -0.3665215075016022 -0.5102102160453796
vn 0.21332083642482758 -0.3665182292461395 -0.9056260585784912
vn 0.21333260834217072 -0.36651092767715454 -0.9056262969970703
vn 0.22927576303482056 -0.010979804210364819 -0.9732995629310608
vn 0.836187481880188 -0.010978343896567822 -0.5483338236808777
vn 0.7780468463897705 -0.3665110766887665 -0.5102084875106812
vn 0.7780432105064392 -0.36652106046676636 -0.5102068781852722
vn 0.21332021057605743 -0.3665194809436798 -0.9056257009506226
vn 0.21332576870918274 -0.36651962995529175 -0.9056243896484375
vn 0.2292649894952774 -0.010984878055751324 -0.9733020663261414
vn 0.21331912279129028 -0.36651819944381714 -0.9056265354156494
vn 0.2133273184299469 -0.36650916934013367 -0.9056282043457031
vn 0.2292671501636505 -0.010980765335261822 -0.9733016490936279
vn 0.8446988463401794 -0.025224948301911354 -0.5346469879150391
vn 0.7780463099479675 -0.3665168285369873 -0.5102052092552185
vn 0.7780441641807556 -0.36651772260665894 -0.5102078914642334
vn 0.8361883163452148 -0.010981637984514236 -0.5483325719833374
vn 0.7780472040176392 -0.366512268781662 -0.5102071166038513
vn 0.7780431509017944 -0.3665199279785156 -0.5102078318595886
vn 0.2133270800113678 -0.36651691794395447 -0.9056251645088196
vn 0.21333129703998566 -0.3665124475955963 -0.9056259393692017
vn 0.22927361726760864 -0.0109773650765419 -0.973300039768219
vn -0.9848083853721619 0.00042128784116357565 0.17364424467086792
vn -0.8039585947990417 0.5775071978569031 0.14190150797367096
vn -0.14195747673511505 0.5771275758743286 -0.8042212724685669
vn -0.23166480660438538 -0.8484575748443604 -0.475868821144104
vn 0.02103891223669052 -0.997565507888794 -0.06648622453212738
vn 0.5266241431236267 -0.8483051657676697 0.05518518015742302
vn -0.49070438742637634 -0.8548394441604614 -0.16869717836380005
vn 0.526621401309967 -0.8483068943023682 0.05518442019820213
vn 0.23167195916175842 0.8484721183776855 0.4758394658565521
vn -0.16573038697242737 0.9567333459854126 0.2391543686389923
vn -0.5259617567062378 0.8489313721656799 -0.05176622048020363
vn 0.23195983469486237 0.84829181432724 0.4760206341743469
vn -0.4032011926174164 0.8547911643981934 0.3267427384853363
vn 0.22391517460346222 0.8526771664619446 0.4720207750797272
vn -0.22449345886707306 0.9153284430503845 0.3343302309513092
vn -0.6289955377578735 0.7687854766845703 0.11547084897756577
vn 0.577913761138916 0.007906286045908928 -0.8160595297813416
vn 0.6140080690383911 0.7316267490386963 -0.296169251203537
vn 0.6140080690383911 0.7316267490386963 -0.296169251203537
vn 0.18612946569919586 0.7902044653892517 -0.5838943719863892
vn -0.1431945562362671 0.5650715231895447 -0.812520444393158
vn 0.5736101269721985 -0.0005699321045540273 -0.8191282153129578
vn 0.18612946569919586 0.7902044653892517 -0.5838943719863892
vn -0.1431945562362671 0.5650715231895447 -0.812520444393158
vn 0.4761040508747101 0.8482810854911804 -0.23182785511016846
vn 0.2877611219882965 0.05514732003211975 -0.9561132192611694
vn 0.308993935585022 0.4661695659160614 -0.8289805054664612
vn 0.2610875070095062 0.28896385431289673 -0.9210500717163086
vn 0.7845913767814636 0.3459901809692383 -0.5144969820976257
vn 0.8361873626708984 -0.010985752567648888 -0.5483337640762329
vn 0.7716196179389954 0.34679046273231506 -0.5332349538803101
vn 0.2292698174715042 -0.010983727872371674 -0.9733009338378906
vn 0.21512964367866516 0.3459922671318054 -0.9132407307624817
vn 0.23716339468955994 0.3467883765697479 -0.9074642658233643
vn 0.7845920920372009 0.34599146246910095 -0.5144950151443481
vn 0.8361870050430298 -0.01098591834306717 -0.5483342409133911
vn 0.7716204524040222 0.34679093956947327 -0.5332334637641907
vn 0.22926318645477295 -0.010985617525875568 -0.9733024835586548
vn 0.21511928737163544 0.3459886908531189 -0.9132444858551025
vn 0.23716577887535095 0.34678980708122253 -0.9074630737304688
vn 0.808703601360321 0.3191322684288025 -0.49411845207214355
vn 0.8446980118751526 -0.025225432589650154 -0.534648597240448
vn 0.7039875984191895 0.45756685733795166 -0.5431703925132751
vn 0.7845847010612488 0.34599629044532776 -0.5145030617713928
vn 0.8361833095550537 -0.010980687104165554 -0.5483401417732239
vn 0.7716176509857178 0.34678852558135986 -0.5332390666007996
vn 0.22926197946071625 -0.010984797030687332 -0.9733027219772339
vn 0.21511562168598175 0.3459915220737457 -0.9132443070411682
vn 0.23716403543949127 0.3467884659767151 -0.9074640274047852
vn 0.7845889925956726 0.345995157957077 -0.5144972801208496
vn 0.8361871838569641 -0.010983708314597607 -0.5483341217041016
vn 0.7716107964515686 0.34678834676742554 -0.5332490801811218
vn 0.22927157580852509 -0.010979766957461834 -0.9733005166053772
vn 0.21512629091739655 0.3459983766078949 -0.9132391810417175
vn 0.23716896772384644 0.3467906415462494 -0.907461941242218
vn 0.47609108686447144 0.8482638597488403 -0.23191747069358826
vn 0.04272842034697533 0.9975390434265137 0.055588431656360626
vn -0.4032011926174164 0.8547911643981934 0.3267427384853363
vn 0.4761490821838379 0.8482525944709778 -0.23183965682983398
vn -0.053023625165224075 0.8486955165863037 0.5262171030044556
vn -0.49070438742637634 -0.8548394441604614 -0.16869717836380005
vn -0.2374396026134491 -0.9572547674179077 -0.16518382728099823
vn 0.055114228278398514 -0.84825599193573 -0.5267107486724854
vn -0.4758168160915375 -0.8478365540504456 0.23403312265872955
vn 0.05519632250070572 -0.8482779264450073 -0.5266668200492859
vn -0.17333808541297913 -0.02249160036444664 -0.9846055507659912
vn 0.7780413031578064 -0.3665165603160858 -0.5102130174636841
vn 0.7780399918556213 -0.36652082204818726 -0.5102120041847229
vn 0.2133273184299469 -0.36650916934013367 -0.9056282043457031
vn 0.7716176509857178 0.34678852558135986 -0.5332390666007996
vn 0.23716577887535095 0.34678980708122253 -0.9074630737304688
vn 0.21511928737163544 0.3459886908531189 -0.9132444858551025
vn 0.7845847010612488 0.34599629044532776 -0.5145030617713928
vn 0.21313339471817017 -0.36610767245292664 -0.905836284160614
vn 0.7780441641807556 -0.36651772260665894 -0.5102078914642334
vn 0.7780463099479675 -0.3665168285369873 -0.5102052092552185
vn 0.21313752233982086 -0.3661007583141327 -0.9058380722999573
vn 0.7039875984191895 0.45756685733795166 -0.5431703925132751
vn 0.2610875070095062 0.28896385431289673 -0.9210500717163086
vn 0.308993935585022 0.4661695659160614 -0.8289805054664612
vn 0.808703601360321 0.3191322684288025 -0.49411845207214355
vn 0.21332083642482758 -0.3665182292461395 -0.9056260585784912
vn 0.7780408263206482 -0.3665215075016022 -0.5102102160453796
vn 0.7780476212501526 -0.3665129542350769 -0.5102059841156006
vn 0.21333260834217072 -0.36651092767715454 -0.9056262969970703
vn 0.7716204524040222 0.34679093956947327 -0.5332334637641907
vn 0.23716339468955994 0.3467883765697479 -0.9074642658233643
vn 0.21512964367866516 0.3459922671318054 -0.9132407307624817
vn 0.7845920920372009 0.34599146246910095 -0.5144950151443481
vn 0.2133270800113678 -0.36651691794395447 -0.9056251645088196
vn 0.7780431509017944 -0.3665199279785156 -0.5102078318595886
vn 0.7780472040176392 -0.366512268781662 -0.5102071166038513
vn 0.21333129703998566 -0.3665124475955963 -0.9056259393692017
vn 0.7716196179389954 0.34679046273231506 -0.5332349538803101
vn 0.23716896772384644 0.3467906415462494 -0.907461941242218
vn 0.21512629091739655 0.3459983766078949 -0.9132391810417175
vn 0.7845913767814636 0.3459901809692383 -0.5144969820976257
vn 0.21332021057605743 -0.3665194809436798 -0.9056257009506226
vn 0.7780432105064392 -0.36652106046676636 -0.5102068781852722
vn 0.7780468463897705 -0.3665110766887665 -0.5102084875106812
vn 0.21332576870918274 -0.36651962995529175 -0.9056243896484375
vn 0.7716107964515686 0.34678834676742554 -0.5332490801811218
vn 0.23716403543949127 0.3467884659767151 -0.9074640274047852
vn 0.21511562168598175 0.3459915220737457 -0.9132443070411682
vn 0.7845889925956726 0.345995157957077 -0.5144972801208496
vn -0.13444100320339203 -0.6170884370803833 -0.7753241062164307
vn 0.7745558023452759 -0.617080807685852 -0.13883283734321594
vn 0.7745656967163086 -0.6170706748962402 -0.1388227492570877
vn -0.13444137573242188 -0.6171282529830933 -0.7752923369407654
vn -0.13444100320339203 -0.6170884370803833 -0.7753241062164307
vn -0.13443836569786072 -0.6170888543128967 -0.7753242254257202
vn 0.7745494246482849 -0.6170859336853027 -0.13884565234184265
vn 0.7745558023452759 -0.617080807685852 -0.13883283734321594
vn 0.7745558023452759 -0.617080807685852 -0.13883283734321594
vn 0.7745802402496338 -0.6170501708984375 -0.13883273303508759
vn 0.7745656967163086 -0.6170706748962402 -0.1388227492570877
vn 0.7745505571365356 -0.6170842051506042 -0.1388469636440277
vn -0.13444122672080994 -0.6170853972434998 -0.7753264904022217
vn -0.13443836569786072 -0.6170888543128967 -0.7753242254257202
vn -0.13444100320339203 -0.6170884370803833 -0.7753241062164307
vn -0.1344662606716156 -0.6170921325683594 -0.7753167748451233
vn -0.13444137573242188 -0.6171282529830933 -0.7752923369407654
vn -0.13443619012832642 -0.6171227693557739 -0.7752975821495056
vn 0.7745537757873535 -0.617081880569458 -0.13883954286575317
vn 0.5735974311828613 0.00001708405397948809 -0.8191373348236084
vn -0.1736275851726532 -0.000005157424766366603 -0.9848113656044006
vn -0.4346781373023987 -0.4082437753677368 -0.8027402758598328
vn 0.5735740065574646 -0.000007292422651516972 -0.8191537261009216
vn 0.9030012488365173 -0.4082373082637787 0.13390664756298065
vn 0.984807014465332 0.000024172299163183197 -0.17365245521068573
vn 0.5735827684402466 0.00008039968815864995 -0.8191476464271545
vn 0.5735779404640198 0.000008623323992651422 -0.819150984287262
vn 0.4761040508747101 0.8482810854911804 -0.23182785511016846
vn -0.1736554056406021 -0.000421165197622031 -0.9848064184188843
vn -0.09066933393478394 -0.8040010929107666 0.5876744985580444
vn 0.15239082276821136 -0.771335244178772 0.6179149150848389
vn 0.14178399741649628 -0.5773512125015259 0.8040913343429565
vn -0.25551092624664307 -0.9667422771453857 -0.011112246662378311
vn -0.4808777868747711 -0.8742243647575378 -0.06699534505605698
vn 4.430504532138002e-7 -1 -3.05248164522709e-7
vn 4.430504532138002e-7 -1 -3.05248164522709e-7
vn 4.430504532138002e-7 -1 -3.05248164522709e-7
vn 4.430504532138002e-7 -1 -3.05248164522709e-7
vn 0.5737546682357788 -0.0008203730685636401 -0.8190268874168396
vn 0.5735873579978943 -0.007268798071891069 -0.8191121220588684
vn -0.5611339807510376 0.8265221118927002 0.044606633484363556
vn -0.8122340440750122 0.5653911232948303 0.14355747401714325
vn 0.22592753171920776 0.17032071948051453 -0.9591389894485474
vn -0.9848083853721619 0.00042128784116357565 0.17364424467086792
vn -0.9847855567932129 -0.005106477998197079 0.17369966208934784
vn 0.7271847128868103 0.5879759788513184 -0.35424095392227173
vn -0.8064391613006592 -0.5751180052757263 0.13745982944965363
vn -0.8040924072265625 0.5773501992225647 0.14178192615509033
vn -0.5783407092094421 0.706928551197052 -0.4071536064147949
vn -0.8064388632774353 -0.5751183032989502 0.13746018707752228
vn -0.8017390370368958 0.579532265663147 0.1461399793624878
vn -0.5792272090911865 -0.7071068286895752 -0.4055807888507843
vn -0.804092288017273 -0.577350378036499 0.14178189635276794
vn -0.8017393946647644 0.5795319080352783 0.14613956212997437
vn 0.14664801955223083 0.575118899345398 0.8048183917999268
vn 0.14178399741649628 -0.5773512125015259 0.8040913343429565
vn 0.579229474067688 -0.7071067094802856 0.405577689409256
vn 0.1466486006975174 0.5751186013221741 0.8048184514045715
vn 0.1368849128484726 -0.5795326232910156 0.8033707141876221
vn 0.13688431680202484 -0.5795328617095947 0.8033705949783325
vn -0.5736003518104553 0 0.819135308265686
vn -0.8191338181495667 0 -0.5736024975776672
vn -0.8191338181495667 0 -0.5736024975776672
vn -0.8191338181495667 0 -0.5736024975776672
vn -0.8191338181495667 0 -0.5736024975776672
vn -2.4045343494094595e-8 -1 -0.000002178270960939699
vn -2.4045343494094595e-8 -1 -0.000002178270960939699
vn -2.4045343494094595e-8 -1 -0.000002178270960939699
vn -0.000003694315864777309 1 -4.2552986201371823e-7
vn -0.000003694315864777309 1 -4.2552986201371823e-7
vn -0.000003694315864777309 1 -4.2552986201371823e-7
vn 0.4761490821838379 0.8482525944709778 -0.23183965682983398
vn 0.05519632250070572 -0.8482779264450073 -0.5266668200492859
vn 0.4069790244102478 0.7071048021316528 -0.578248143196106
vn 0.40697258710861206 -0.7071073055267334 -0.5782495737075806
vn -0.4758168160915375 -0.8478365540504456 0.23403312265872955
vn 0.40697258710861206 -0.7071073055267334 -0.5782495737075806
vn 0.05519632250070572 -0.8482779264450073 -0.5266668200492859
vn 0.8191459774971008 0.004583402071148157 0.573566734790802
vn 0.8207851052284241 0 0.5712371468544006
vn 0.8207851052284241 0 0.5712371468544006
vn 0.8207851052284241 0 0.5712371468544006
vn -0.053023625165224075 0.8486955165863037 0.5262171030044556
vn -0.4032011926174164 0.8547911643981934 0.3267427384853363
vn 0.055114228278398514 -0.84825599193573 -0.5267107486724854
vn 0.05519632250070572 -0.8482779264450073 -0.5266668200492859
vn 0.47609108686447144 0.8482638597488403 -0.23191747069358826
vn -0.8040916919708252 -0.5773563385009766 0.1417611688375473
vn -0.8006153106689453 0.5830016136169434 0.13829044997692108
vn -0.23166480660438538 -0.8484575748443604 -0.475868821144104
vn -0.5259617567062378 0.8489313721656799 -0.05176622048020363
vn 0.14178484678268433 0.5773504972457886 0.8040916919708252
vn 0.1417788863182068 -0.5773524045944214 0.8040913343429565
vn 0.23167195916175842 0.8484721183776855 0.4758394658565521
vn 0.5266241431236267 -0.8483051657676697 0.05518518015742302
vn 0.5266241431236267 -0.8483051657676697 0.05518518015742302
vn 0.1417788863182068 -0.5773524045944214 0.8040913343429565
vn -0.23166480660438538 -0.8484575748443604 -0.475868821144104
vn -0.8040916919708252 -0.5773563385009766 0.1417611688375473
vn 0.1417788863182068 -0.5773524045944214 0.8040913343429565
vn 0.14178484678268433 0.5773504972457886 0.8040916919708252
vn -0.8040916919708252 -0.5773563385009766 0.1417611688375473
vn -0.8006153106689453 0.5830016136169434 0.13829044997692108
vn -0.5259617567062378 0.8489313721656799 -0.05176622048020363
vn -0.49070438742637634 -0.8548394441604614 -0.16869717836380005
vn 0.5266241431236267 -0.8483051657676697 0.05518518015742302
vn 0.526621401309967 -0.8483068943023682 0.05518442019820213
vn 0.8040940761566162 0.5773491263389587 -0.14177697896957397
vn 0.23195983469486237 0.84829181432724 0.4760206341743469
vn 0.8040916919708252 -0.5773510932922363 -0.14178268611431122
vn 0.526621401309967 -0.8483068943023682 0.05518442019820213
vn 0.526621401309967 -0.8483068943023682 0.05518442019820213
vn -0.49070438742637634 -0.8548394441604614 -0.16869717836380005
vn 0.8040916919708252 -0.5773510932922363 -0.14178268611431122
vn 0.055114228278398514 -0.84825599193573 -0.5267107486724854
vn 0.055114228278398514 -0.84825599193573 -0.5267107486724854
vn 0.47609108686447144 0.8482638597488403 -0.23191747069358826
vn -0.4032011926174164 0.8547911643981934 0.3267427384853363
vn 0.17366178333759308 0 0.9848053455352783
vn 0.17366178333759308 0 0.9848053455352783
vn 0.9848081469535828 0 -0.1736459732055664
vn 0.9848081469535828 0 -0.1736459732055664
vn -0.9848033785820007 0 0.1736728847026825
vn -0.17365705966949463 0 -0.9848061800003052
vn -0.17365708947181702 0 -0.9848061800003052
vn -0.9848033785820007 0 0.1736728847026825
vn -0.9848109483718872 0 0.17363010346889496
vn -0.17364592850208282 0 -0.9848081469535828
vn -0.17364592850208282 0 -0.9848081469535828
vn -0.9848109483718872 0 0.17363010346889496
vn -0.9848109483718872 0 0.17363011837005615
vn -0.17363010346889496 0 -0.9848109483718872
vn -0.17363014817237854 0 -0.9848109483718872
vn -0.9848109483718872 0 0.17363017797470093
vn 0.17364120483398438 0 0.9848089814186096
vn 0.17364120483398438 0 0.9848089814186096
vn 0.9848061800003052 0 -0.17365707457065582
vn 0.9848061800003052 0 -0.17365707457065582
vn 0.17363010346889496 0 0.9848109483718872
vn 0.17363010346889496 0 0.9848109483718872
vn 0.9848109483718872 0 -0.17363010346889496
vn 0.9848109483718872 0 -0.17363010346889496
vn -0.9848109483718872 0 0.17363010346889496
vn -0.9848109483718872 0 0.17363010346889496
vn 0.17364120483398438 0 0.9848089814186096
vn 0.17364120483398438 0 0.9848089814186096
vn -0.9848033785820007 0 0.1736728847026825
vn -0.9848033785820007 0 0.1736728847026825
vn 0.17366178333759308 0 0.9848053455352783
vn 0.17366178333759308 0 0.9848053455352783
vn -0.9848109483718872 0 0.17363011837005615
vn -0.9848109483718872 0 0.17363017797470093
vn 0.17363010346889496 0 0.9848109483718872
vn 0.17363010346889496 0 0.9848109483718872
vn -0.17364592850208282 0 -0.9848081469535828
vn -0.17364592850208282 0 -0.9848081469535828
vn 0.9848061800003052 0 -0.17365707457065582
vn 0.9848061800003052 0 -0.17365707457065582
vn -0.17365708947181702 0 -0.9848061800003052
vn -0.17365705966949463 0 -0.9848061800003052
vn 0.9848081469535828 0 -0.1736459732055664
vn 0.9848081469535828 0 -0.1736459732055664
vn -0.17363014817237854 0 -0.9848109483718872
vn -0.17363010346889496 0 -0.9848109483718872
vn 0.9848109483718872 0 -0.17363010346889496
vn 0.9848109483718872 0 -0.17363010346889496
vn 0.1736728996038437 0 0.9848033785820007
vn -0.9848061800003052 0 0.17365700006484985
vn -0.9848061800003052 0 0.17365701496601105
vn 0.1736728996038437 0 0.9848033785820007
vn -0.1736459732055664 0 -0.9848081469535828
vn -0.17364592850208282 0 -0.9848081469535828
vn 0.9848053455352783 0 -0.17366179823875427
vn 0.9848053455352783 0 -0.17366179823875427
vn 0.1736459583044052 0 0.9848081469535828
vn -0.9848081469535828 0 0.1736459732055664
vn -0.9848081469535828 0 0.17364592850208282
vn 0.1736459583044052 0 0.9848081469535828
vn -0.1736459583044052 0 -0.9848081469535828
vn -0.1736459583044052 0 -0.9848081469535828
vn 0.9848081469535828 0 -0.17364592850208282
vn 0.9848081469535828 0 -0.17364592850208282
vn 0.1736459583044052 0 0.9848081469535828
vn -0.9848081469535828 0 0.17364592850208282
vn -0.9848081469535828 0 0.17364592850208282
vn 0.1736459583044052 0 0.9848081469535828
vn -0.1736459583044052 0 -0.9848081469535828
vn -0.1736459583044052 0 -0.9848081469535828
vn 0.9848081469535828 0 -0.17364592850208282
vn 0.9848081469535828 0 -0.17364592850208282
vn -0.9848061800003052 0 0.17365701496601105
vn -0.9848061800003052 0 0.17365700006484985
vn -0.17364592850208282 0 -0.9848081469535828
vn -0.1736459732055664 0 -0.9848081469535828
vn 0.1736728996038437 0 0.9848033785820007
vn 0.9848053455352783 0 -0.17366179823875427
vn 0.9848053455352783 0 -0.17366179823875427
vn 0.1736728996038437 0 0.9848033785820007
vn -0.9848081469535828 0 0.17364592850208282
vn -0.9848081469535828 0 0.1736459732055664
vn -0.1736459583044052 0 -0.9848081469535828
vn -0.1736459583044052 0 -0.9848081469535828
vn 0.1736459583044052 0 0.9848081469535828
vn 0.9848081469535828 0 -0.17364592850208282
vn 0.9848081469535828 0 -0.17364592850208282
vn 0.1736459583044052 0 0.9848081469535828
vn -0.9848081469535828 0 0.17364592850208282
vn -0.9848081469535828 0 0.17364592850208282
vn -0.1736459583044052 0 -0.9848081469535828
vn -0.1736459583044052 0 -0.9848081469535828
vn 0.1736459583044052 0 0.9848081469535828
vn 0.9848081469535828 0 -0.17364592850208282
vn 0.9848081469535828 0 -0.17364592850208282
vn 0.1736459583044052 0 0.9848081469535828
vn -0.9848061800003052 -0.00003910387749783695 0.17365705966949463
vn 0.17366178333759308 0 0.9848053455352783
vn 0.1736728847026825 -0.00001609303399163764 0.9848033785820007
vn -0.9848061800003052 -0.00003910387749783695 0.17365705966949463
vn -0.17364592850208282 -0.00002300922278664075 -0.9848081469535828
vn 0.9848053455352783 0 -0.17366178333759308
vn 0.9848053455352783 0 -0.17366178333759308
vn -0.17366178333759308 0 -0.9848053455352783
vn -0.17364592850208282 -0.00002300922278664075 -0.9848081469535828
vn -0.17366178333759308 0 -0.9848053455352783
vn -0.9848061800003052 -0.00003910387749783695 0.17365705966949463
vn -0.9848061800003052 -0.00003910387749783695 0.17365705966949463
vn 0.9848053455352783 0 -0.17366178333759308
vn 0.1736728847026825 -0.00001609303399163764 0.9848033785820007
vn 0.17366178333759308 0 0.9848053455352783
vn 0.9848053455352783 0 -0.17366178333759308
vn 0.17364592850208282 0 0.9848081469535828
vn 0.9848109483718872 0 -0.17363010346889496
vn 0.9848109483718872 0 -0.17363010346889496
vn 0.17364592850208282 0 0.9848081469535828
vn -0.9848061800003052 0 0.17365707457065582
vn -0.17364120483398438 0 -0.9848089814186096
vn -0.17364120483398438 0 -0.9848089814186096
vn -0.9848061800003052 0 0.17365707457065582
vn -0.9848061800003052 0 0.17365707457065582
vn -0.9848061800003052 0 0.17365707457065582
vn 0.17364592850208282 0 0.9848081469535828
vn 0.17364592850208282 0 0.9848081469535828
vn -0.17364120483398438 0 -0.9848089814186096
vn 0.9848109483718872 0 -0.17363010346889496
vn 0.9848109483718872 0 -0.17363010346889496
vn -0.17364120483398438 0 -0.9848089814186096
vn 0.17363010346889496 0 0.9848109483718872
vn 0.9848109483718872 0 -0.17363010346889496
vn 0.9848109483718872 0 -0.17363010346889496
vn 0.17363010346889496 0 0.9848109483718872
vn -0.9848109483718872 0 0.17363010346889496
vn -0.17363010346889496 0 -0.9848109483718872
vn -0.17363010346889496 0 -0.9848109483718872
vn -0.9848109483718872 0 0.17363010346889496
vn -0.9848109483718872 0 0.17363010346889496
vn -0.9848109483718872 0 0.17363010346889496
vn 0.17363010346889496 0 0.9848109483718872
vn 0.17363010346889496 0 0.9848109483718872
vn -0.17363010346889496 0 -0.9848109483718872
vn 0.9848109483718872 0 -0.17363010346889496
vn 0.9848109483718872 0 -0.17363010346889496
vn -0.17363010346889496 0 -0.9848109483718872
vn 0.17366178333759308 0 0.9848053455352783
vn 0.9848053455352783 0 -0.17366178333759308
vn 0.9848053455352783 0 -0.17366178333759308
vn 0.17366178333759308 0 0.9848053455352783
vn -0.9848053455352783 0 0.17366178333759308
vn -0.17366178333759308 0 -0.9848053455352783
vn -0.17366178333759308 0 -0.9848053455352783
vn -0.9848053455352783 0 0.17366178333759308
vn -0.9848053455352783 0 0.17366178333759308
vn -0.9848053455352783 0 0.17366178333759308
vn 0.17366178333759308 0 0.9848053455352783
vn 0.17366178333759308 0 0.9848053455352783
vn -0.17366178333759308 0 -0.9848053455352783
vn 0.9848053455352783 0 -0.17366178333759308
vn 0.9848053455352783 0 -0.17366178333759308
vn -0.17366178333759308 0 -0.9848053455352783
vn 0.17366178333759308 0 0.9848053455352783
vn 0.9848053455352783 0 -0.17366178333759308
vn 0.9848053455352783 0 -0.17366178333759308
vn 0.17366178333759308 0 0.9848053455352783
vn -0.9848053455352783 0 0.17366178333759308
vn -0.17366178333759308 0 -0.9848053455352783
vn -0.17366178333759308 0 -0.9848053455352783
vn -0.9848053455352783 0 0.17366178333759308
vn -0.9848053455352783 0 0.17366178333759308
vn -0.9848053455352783 0 0.17366178333759308
vn 0.17366178333759308 0 0.9848053455352783
vn 0.17366178333759308 0 0.9848053455352783
vn -0.17366178333759308 0 -0.9848053455352783
vn 0.9848053455352783 0 -0.17366178333759308
vn 0.9848053455352783 0 -0.17366178333759308
vn -0.17366178333759308 0 -0.9848053455352783
vn -0.9848053455352783 0 0.17366178333759308
vn 0.17366178333759308 0 0.9848053455352783
vn 0.17366178333759308 0 0.9848053455352783
vn -0.9848053455352783 0 0.17366178333759308
vn -0.17366178333759308 0 -0.9848053455352783
vn 0.9848053455352783 0 -0.17366178333759308
vn 0.9848053455352783 0 -0.17366178333759308
vn -0.17366178333759308 0 -0.9848053455352783
vn -0.17366178333759308 0 -0.9848053455352783
vn -0.17366178333759308 0 -0.9848053455352783
vn -0.9848053455352783 0 0.17366178333759308
vn -0.9848053455352783 0 0.17366178333759308
vn 0.9848053455352783 0 -0.17366178333759308
vn 0.17366178333759308 0 0.9848053455352783
vn 0.17366178333759308 0 0.9848053455352783
vn 0.9848053455352783 0 -0.17366178333759308
vn -0.9848101139068604 0 0.1736348569393158
vn 0.17363010346889496 0 0.9848109483718872
vn 0.17363010346889496 0 0.9848109483718872
vn -0.9848101139068604 0 0.1736348569393158
vn -0.17366179823875427 0 -0.9848053455352783
vn 0.9848061800003052 0 -0.17365701496601105
vn 0.9848061800003052 0 -0.17365701496601105
vn -0.17366179823875427 0 -0.9848053455352783
vn -0.17366179823875427 0 -0.9848053455352783
vn -0.17366179823875427 0 -0.9848053455352783
vn -0.9848101139068604 0 0.1736348569393158
vn -0.9848101139068604 0 0.1736348569393158
vn 0.9848061800003052 0 -0.17365701496601105
vn 0.17363010346889496 0 0.9848109483718872
vn 0.17363010346889496 0 0.9848109483718872
vn 0.9848061800003052 0 -0.17365701496601105
vn 0.5793440341949463 0.7071067690849304 0.40541407465934753
vn 0.5793415904045105 0.7071067690849304 0.4054175019264221
vn 0.5793440341949463 0.7071067690849304 0.40541407465934753
vn 0.5793415904045105 0.7071067690849304 0.4054175019264221
vn 0.5793415904045105 0.7071067690849304 0.4054175019264221
vn 0.5793417692184448 0.7071065902709961 0.4054175913333893
vn 0.5793415904045105 0.7071067690849304 0.4054175019264221
vn 0.5793414115905762 0.7071069478988647 0.40541747212409973
vn 0.5793417692184448 0.7071065902709961 0.4054175913333893
vn 0.5793414115905762 0.7071069478988647 0.40541747212409973
vn 0.5793414115905762 0.7071069478988647 0.40541747212409973
vn 0.5793413519859314 0.7071069478988647 0.4054175019264221
vn 0.5792557001113892 0.7070785760879517 0.40558934211730957
vn 0.8191637396812439 0 0.5735597610473633
vn 0.5792297124862671 0.70710688829422 0.4055771231651306
vn 0.8191637396812439 0 0.5735597610473633
vn 0.579342782497406 0.7071069478988647 0.40541547536849976
vn 0.5793428421020508 0.7071068286895752 0.4054155647754669
vn 0.579342782497406 0.7071069478988647 0.40541547536849976
vn 0.5793429613113403 0.7071067690849304 0.4054155945777893
vn 0.5793428421020508 0.7071068286895752 0.4054155647754669
vn 0.5793439149856567 0.7071067690849304 0.4054141938686371
vn 0.5793429613113403 0.7071067690849304 0.4054155945777893
vn 0.5793439149856567 0.7071067690849304 0.4054141640663147
vn 0.5793436169624329 0.7071071267127991 0.40541404485702515
vn 0.5793437957763672 0.7071069478988647 0.4054141044616699
vn 0.5793435573577881 0.7071070671081543 0.40541407465934753
vn 0.5793437957763672 0.7071069478988647 0.4054141044616699
vn 0.5793437957763672 0.7071069478988647 0.4054141044616699
vn 0.579342782497406 0.7071069478988647 0.40541547536849976
vn 0.5793437957763672 0.7071069478988647 0.4054141044616699
vn 0.579342782497406 0.7071069478988647 0.40541550517082214
vn 0.5793414115905762 0.7071069478988647 0.40541747212409973
vn 0.5793415904045105 0.7071067094802856 0.4054175317287445
vn 0.5793413519859314 0.7071069478988647 0.4054175019264221
vn 0.5793412327766418 0.7071071267127991 0.40541741251945496
vn 0.5793415904045105 0.7071067094802856 0.4054175317287445
vn 0.5793436169624329 0.7071071267127991 0.40541398525238037
vn 0.5793412327766418 0.7071071267127991 0.40541741251945496
vn 0.5793436169624329 0.7071071267127991 0.40541398525238037
vn 0.5793436169624329 0.7071071267127991 0.40541398525238037
vn 0.5793439149856567 0.7071067690849304 0.4054141938686371
vn 0.5793436169624329 0.7071071267127991 0.40541398525238037
vn 0.5793435573577881 0.7071070671081543 0.40541407465934753
vn 0.5793439149856567 0.7071067690849304 0.4054141938686371
vn 0.5793436169624329 0.7071071267127991 0.40541404485702515
vn 0.5793435573577881 0.7071070671081543 0.40541407465934753
vn 0.5793435573577881 0.7071070671081543 0.40541407465934753
vn 0.579342782497406 0.7071069478988647 0.40541547536849976
vn 0.5793429613113403 0.7071066498756409 0.40541568398475647
vn 0.579342782497406 0.7071069478988647 0.40541550517082214
vn 0.5793428421020508 0.7071068286895752 0.4054155945777893
vn 0.5793429613113403 0.7071066498756409 0.40541568398475647
vn 0.579343855381012 0.7071068286895752 0.4054141640663147
vn 0.5793428421020508 0.7071068286895752 0.4054155945777893
vn 0.579343855381012 0.7071068286895752 0.4054141640663147
vn 0.579343855381012 0.7071068286895752 0.4054141640663147
vn 0.5793442726135254 0.7071062922477722 0.4054144620895386
vn 0.579343855381012 0.7071068286895752 0.4054141640663147
vn 0.5793440341949463 0.7071065902709961 0.405414342880249
vn 0.5793442726135254 0.7071062922477722 0.4054144620895386
vn 0.5793440341949463 0.7071065902709961 0.405414342880249
vn 0.5793440341949463 0.7071065902709961 0.405414342880249
vn 0.5793440341949463 0.7071065902709961 0.405414342880249
vn 0.5793440341949463 0.7071065902709961 0.405414342880249
vn 0.5793442130088806 0.7071064114570618 0.4054143726825714
vn 0.5793440341949463 0.7071065902709961 0.405414342880249
vn 0.5793436169624329 0.7071070075035095 0.4054141640663147
vn 0.5793442130088806 0.7071064114570618 0.4054143726825714
vn 0.5793421864509583 0.7071070075035095 0.40541619062423706
vn 0.5793436169624329 0.7071070075035095 0.4054141640663147
vn 0.5793421864509583 0.7071070075035095 0.4054161608219147
vn 0.5793421864509583 0.7071070075035095 0.40541619062423706
vn 0.5793429017066956 0.7071064114570618 0.40541622042655945
vn 0.5793421864509583 0.7071070075035095 0.4054161608219147
vn 0.5793423652648926 0.7071069478988647 0.4054160416126251
vn 0.5793429017066956 0.7071064114570618 0.40541622042655945
vn 0.579342782497406 0.7071069478988647 0.40541547536849976
vn 0.5793423652648926 0.7071069478988647 0.4054160416126251
vn 0.579342782497406 0.7071069478988647 0.40541547536849976
vn 0.5793439149856567 0.7071067690849304 0.4054141938686371
vn 0.5793437957763672 0.7071068286895752 0.40541425347328186
vn 0.5793439149856567 0.7071067690849304 0.4054141640663147
vn 0.5793437361717224 0.7071068286895752 0.40541425347328186
vn 0.5793437957763672 0.7071068286895752 0.40541425347328186
vn 0.5793423652648926 0.7071068286895752 0.4054162800312042
vn 0.5793437361717224 0.7071068286895752 0.40541425347328186
vn 0.5793423652648926 0.7071068286895752 0.4054162800312042
vn 0.5793423652648926 0.7071068286895752 0.4054162800312042
vn 0.5799620151519775 0.7063494324684143 0.4058504104614258
vn 0.5793423652648926 0.7071068286895752 0.4054162800312042
vn 0.5792291164398193 0.70710688829422 0.40557795763015747
vn 0.5799620151519775 0.7063494324684143 0.4058504104614258
vn 0.5792557001113892 0.7070785760879517 0.40558934211730957
vn 0.5792291164398193 0.70710688829422 0.40557795763015747
vn 0.5792297124862671 0.70710688829422 0.4055771231651306
vn -0.4042561948299408 0.7100363373756409 0.5765634179115295
vn -0.5735741257667542 0.00002531772042857483 0.8191536664962769
vn -0.4055735766887665 0.7071153521537781 0.5792218446731567
vn -0.5735741257667542 0.00002531772042857483 0.8191536664962769
vn -0.4058317542076111 0.7071067690849304 0.5790514349937439
vn -0.4058374762535095 0.7070937752723694 0.5790632963180542
vn -0.4058375656604767 0.7070937752723694 0.5790632367134094
vn -0.4058375954627991 0.7070934176445007 0.5790636539459229
vn -0.4058374762535095 0.7070937752723694 0.5790632963180542
vn -0.4058319330215454 0.7071064114570618 0.5790517926216125
vn -0.4058375954627991 0.7070934176445007 0.5790636539459229
vn -0.4058377742767334 0.7070934176445007 0.5790635347366333
vn -0.4058409631252289 0.7071062326431274 0.5790456533432007
vn -0.405846506357193 0.7070937156677246 0.5790570974349976
vn -0.4058469235897064 0.707092821598053 0.5790578722953796
vn -0.40584665536880493 0.707093358039856 0.5790574550628662
vn -0.405846506357193 0.7070937156677246 0.5790570974349976
vn -0.40583765506744385 0.7071067690849304 0.5790473222732544
vn -0.40584665536880493 0.707093358039856 0.5790574550628662
vn -0.4058391749858856 0.7071033716201782 0.5790504217147827
vn -0.4055733382701874 0.7071157097816467 0.5792215466499329
vn -0.4058411717414856 0.7071060538291931 0.5790457129478455
vn -0.40557363629341125 0.7071149945259094 0.5792222023010254
vn -0.40584710240364075 0.7070926427841187 0.5790579319000244
vn -0.4058411717414856 0.7071060538291931 0.5790457129478455
vn -0.405846506357193 0.7070935964584351 0.5790572166442871
vn -0.40584710240364075 0.7070926427841187 0.5790579319000244
vn -0.40584680438041687 0.707092821598053 0.5790579319000244
vn -0.405846506357193 0.7070935964584351 0.5790572166442871
vn -0.40584680438041687 0.707092821598053 0.5790579319000244
vn -0.405839204788208 0.7071035504341125 0.5790501832962036
vn -0.4058392643928528 0.7071033716201782 0.5790503621101379
vn -0.405839204788208 0.7071035504341125 0.5790501832962036
vn -0.40583541989326477 0.7071067690849304 0.5790488719940186
vn -0.4058392643928528 0.7071033716201782 0.5790503621101379
vn -0.40584129095077515 0.7070935964584351 0.5790608525276184
vn -0.40583541989326477 0.7071067690849304 0.5790488719940186
vn -0.4058416187763214 0.7070932984352112 0.5790610313415527
vn -0.40584129095077515 0.7070935964584351 0.5790608525276184
vn -0.4058416187763214 0.7070932984352112 0.5790610313415527
vn -0.4058416187763214 0.7070932984352112 0.5790610313415527
vn -0.4058358371257782 0.7071064114570618 0.5790490508079529
vn -0.4058416187763214 0.7070932984352112 0.5790610313415527
vn -0.4058417081832886 0.7070932388305664 0.579060971736908
vn -0.4058414697647095 0.7070932388305664 0.5790612101554871
vn -0.40584132075309753 0.7070935964584351 0.5790608525276184
vn -0.4058414697647095 0.7070932388305664 0.5790612101554871
vn -0.4058350622653961 0.7071067690849304 0.5790491104125977
vn -0.40584132075309753 0.7070935964584351 0.5790608525276184
vn -0.4058409035205841 0.7070935964584351 0.5790611505508423
vn -0.4058350622653961 0.7071067690849304 0.5790491104125977
vn -0.40584123134613037 0.7070932388305664 0.5790613293647766
vn -0.4058409035205841 0.7070935964584351 0.5790611505508423
vn -0.4058411121368408 0.7070935964584351 0.579060971736908
vn -0.40584123134613037 0.7070932388305664 0.5790613293647766
vn -0.4058411121368408 0.7070935964584351 0.579060971736908
vn -0.40583768486976624 0.7070938348770142 0.5790631175041199
vn -0.40583768486976624 0.7070938348770142 0.5790631175041199
vn -0.40583768486976624 0.7070938348770142 0.5790631175041199
vn -0.40594905614852905 0.7071067690849304 0.5789691805839539
vn -0.40583768486976624 0.7070938348770142 0.5790631175041199
vn -0.4059636890888214 0.7070741653442383 0.5789988040924072
vn -0.40594905614852905 0.7071067690849304 0.5789691805839539
vn -0.40596386790275574 0.7070741653442383 0.5789986848831177
vn -0.4059636890888214 0.7070741653442383 0.5789988040924072
vn -0.4059639871120453 0.7070738077163696 0.5789990425109863
vn -0.40596386790275574 0.7070741653442383 0.5789986848831177
vn -0.4059639871120453 0.7070738077163696 0.5789990425109863
vn 0.5735606551170349 0 -0.8191630840301514
vn 0.5781663656234741 0.008488593623042107 -0.8158747553825378
vn 0.57359778881073 0 -0.8191370964050293
vn 0.5735759139060974 0 -0.8191524147987366
vn 0.5735759139060974 0 -0.8191524147987366
vn 0.5735824704170227 0 -0.8191478252410889
vn 0.5735606551170349 0 -0.8191630840301514
vn 0.5781360268592834 0.008403885178267956 -0.8158971071243286
vn 0.5735759139060974 0 -0.8191524147987366
vn 0.5781298279762268 0.008380360901355743 -0.8159017562866211
vn 0.5735759139060974 0 -0.8191524147987366
vn 0.5735825300216675 0 -0.8191477656364441
vn 0.5781672596931458 0 -0.8159182667732239
vn 0.5735759139060974 0 -0.8191524147987366
vn 0.5735759139060974 0 -0.8191524147987366
vn 0.5735606551170349 0 -0.8191630840301514
vn 0.5735759139060974 0 -0.8191524147987366
vn 0.5735824704170227 0 -0.8191478252410889
vn 0.5735759139060974 0 -0.8191524147987366
vn 0.8191478252410889 0 0.5735824704170227
vn 0.8191523551940918 0 0.5735759735107422
vn 0.8191601634025574 0 0.573564887046814
vn 0.8191630840301514 -0.000028005933927488513 0.5735606551170349
vn 0.8191478252410889 0 0.5735824704170227
vn 0.8191370964050293 0 0.57359778881073
vn 0.22391517460346222 0.8526771664619446 0.4720207750797272
vn 0.8191523551940918 0 0.5735759735107422
vn 0.8191630840301514 0 0.5735606551170349
vn 0.8191630840301514 -5.00674389058986e-7 0.5735606551170349
vn 0.8191525936126709 0 0.5735756754875183
vn 0.8191523551940918 0 0.5735759735107422
vn 0.8191370964050293 0 0.57359778881073
vn 0.8191630840301514 0 0.5735606551170349
vn 0.8191523551940918 0 0.5735759735107422
vn -0.00904234778136015 0.7801567316055298 0.625518798828125
vn 0.8191554546356201 -0.000026894736947724596 0.573571503162384
vn -0.21664497256278992 0.976157546043396 0.01346446480602026
vn -0.415256142616272 0.9096340537071228 -0.011326324194669724
vn 0.8040894269943237 -0.5773576498031616 -0.14176836609840393
vn -0.13444122672080994 -0.6170853972434998 -0.7753264904022217
vn -0.13443619012832642 -0.6171227693557739 -0.7752975821495056
vn 0.9464226961135864 0.05123918876051903 -0.3188394010066986
vn 0.732386589050293 0.5281031727790833 -0.4297869801521301
vn 0.9136567711830139 0.37623849511146545 -0.15386979281902313
vn 0.6818258166313171 -0.7225194573402405 -0.11436409503221512
vn 0.8524502515792847 -0.2806217074394226 -0.4411122798919678
vn 0.5979306101799011 0.6835096478462219 0.41868075728416443
vn 0.7645353078842163 0.12923535704612732 -0.6314934492111206
vn 0.323302298784256 0.897873044013977 -0.2988301217556
vn -0.1570090651512146 0.5410149097442627 -0.8262270092964172
vn -0.5922948718070984 0.6907932162284851 -0.4147185981273651
vn 0.7645353078842163 0.12923535704612732 -0.6314934492111206
vn 0.5979306101799011 0.6835096478462219 0.41868075728416443
vn 0.9989791512489319 0.024241425096988678 -0.038116369396448135
vn 0.8026610016822815 0.0351460836827755 -0.5953990817070007
vn 0.8157658576965332 -0.09088745713233948 0.5711965560913086
vn 0.8314684629440308 -0.059351202100515366 -0.5523926615715027
vn -0.17365866899490356 0.000006839057277829852 -0.9848058819770813
vn 0.19952481985092163 -0.42591628432273865 -0.8824880719184875
vn 0.19952481985092163 -0.42591628432273865 -0.8824880719184875
vn -0.17365866899490356 0.000006839057277829852 -0.9848058819770813
vn -0.5792247653007507 0.7071118354797363 -0.40557554364204407
vn -0.5792327523231506 -0.7071018815040588 -0.405581533908844
vn -0.5735762119293213 2.590808776403719e-7 0.8191521167755127
vn -0.40115803480148315 0.7070741057395935 0.582338809967041
vn 0.1466486006975174 0.5751186013221741 0.8048184514045715
vn -0.8017390370368958 0.579532265663147 0.1461399793624878
vn 0.8105269074440002 -0.23503968119621277 -0.5364723801612854
vn 0.19952481985092163 -0.42591628432273865 -0.8824880719184875
vn 0.7399318218231201 -0.5655064582824707 -0.3642847537994385
vn 0.7645353078842163 0.12923535704612732 -0.6314934492111206
vn -0.15302063524723053 0.5286794900894165 0.8349147439002991
vn -0.4541052281856537 0.6109378337860107 0.6484931707382202
vn -0.12296953797340393 -0.27998051047325134 0.9520972967147827
vn -0.3505854606628418 -0.7916027307510376 0.5004547834396362
vn 0.12507766485214233 -0.7220149040222168 0.6804777979850769
vn -0.25376272201538086 -0.5742266178131104 0.7783753871917725
vn 0.16828753054141998 0.3765470087528229 0.9109838604927063
vn -0.45410582423210144 0.6109392046928406 0.6484914422035217
vn -0.33292970061302185 0.19093912839889526 0.9234176874160767
vn -0.35058730840682983 -0.7916014790534973 0.500455379486084
vn -0.1229717954993248 -0.27997836470603943 0.9520977139472961
vn 0.6443235278129578 -0.574903666973114 -0.5043144226074219
vn 0.3499133586883545 -0.7921984791755676 -0.49998217821121216
vn 0.4544033408164978 0.6102308034896851 -0.648949921131134
vn 0.1368849128484726 -0.5795326232910156 0.8033707141876221
vn -0.8064388632774353 -0.5751183032989502 0.13746018707752228
vn 0.8524500727653503 -0.2806147038936615 -0.44111698865890503
vn 0.4544033408164978 0.6102307438850403 -0.6489499807357788
vn 0.7323841452598572 0.5281062126159668 -0.4297875165939331
vn -0.1570090651512146 0.5410149097442627 -0.8262270092964172
vn 0.10741833597421646 -0.850667417049408 -0.5146125555038452
vn 0.5792312622070312 -0.707109808921814 0.40556976199150085
vn 0.7399318218231201 -0.5655064582824707 -0.3642847537994385
vn -0.5792327523231506 -0.7071018815040588 -0.405581533908844
vn 0.19952481985092163 -0.42591628432273865 -0.8824880719184875
vn 0.3499153256416321 -0.792194664478302 -0.4999869167804718
vn 0.8938487768173218 -0.4281301498413086 0.13318754732608795
vn 0.7399318218231201 -0.5655064582824707 -0.3642847537994385
vn 0.5792312622070312 -0.707109808921814 0.40556976199150085
vn 0.9841049909591675 -0.04168729856610298 -0.17262551188468933
vn 0.5792293548583984 0.7071017026901245 0.4055866599082947
vn -0.14177604019641876 -0.577355146408081 -0.8040899038314819
vn 0.7745537757873535 -0.617081880569458 -0.13883954286575317
vn 0.7745505571365356 -0.6170842051506042 -0.1388469636440277
vn 0.5337666869163513 -0.783628523349762 -0.31783559918403625
vn 0.8040874600410461 -0.5773549675941467 -0.14179076254367828
vn -0.1344662606716156 -0.6170921325683594 -0.7753167748451233
vn -0.13444122672080994 -0.6170853972434998 -0.7753264904022217
vn 0.8040894269943237 -0.5773576498031616 -0.14176836609840393
vn 0.8041002154350281 -0.5773375630378723 -0.14178921282291412
vn 0.6818269491195679 -0.7225171327590942 -0.11437225341796875
vn -0.14181160926818848 -0.577354371547699 -0.8040841817855835
vn -0.4466622471809387 0.3699437975883484 -0.8146376013755798
vn -0.8189786672592163 -0.02028832584619522 -0.5734651684761047
vn -0.5922948718070984 0.6907932162284851 -0.4147185981273651
vn 0.9464210867881775 0.051246609538793564 -0.3188430070877075
vn 0.9136536717414856 0.37624531984329224 -0.15387165546417236
vn 0.024283230304718018 0.05174800008535385 0.9983648657798767
vn 0.1250772327184677 -0.7220151424407959 0.6804776191711426
vn -0.11666320264339447 -0.7830398082733154 0.610932469367981
vn -0.17413808405399323 -0.056002359837293625 -0.9831274747848511
vn -0.1570090651512146 0.5410149097442627 -0.8262270092964172
vn 0.02428518980741501 0.0517456978559494 0.998365044593811
vn 0.1682889312505722 0.37654486298561096 0.9109845161437988
vn 0.8314684629440308 -0.059351202100515366 -0.5523926615715027
vn 0.8026610016822815 0.0351460836827755 -0.5953990817070007
vn 0.9136536717414856 0.37624531984329224 -0.15387165546417236
vn 0.16828753054141998 0.3765470087528229 0.9109838604927063
vn 0.1250772327184677 -0.7220151424407959 0.6804776191711426
vn 0.6818269491195679 -0.7225171327590942 -0.11437225341796875
vn 0.9136567711830139 0.37623849511146545 -0.15386979281902313
vn 0.1682889312505722 0.37654486298561096 0.9109845161437988
vn 0.12507766485214233 -0.7220149040222168 0.6804777979850769
vn 0.6818258166313171 -0.7225194573402405 -0.11436409503221512
vn 0.7645353078842163 0.12923535704612732 -0.6314934492111206
vn -0.1570090651512146 0.5410149097442627 -0.8262270092964172
vn 0.7399318218231201 -0.5655064582824707 -0.3642847537994385
vn 0.5951837301254272 0.35931944847106934 -0.7187808752059937
vn 0.9841049909591675 -0.04168729856610298 -0.17262551188468933
vn -0.17413808405399323 -0.056002359837293625 -0.9831274747848511
vn 0.7745537757873535 -0.617081880569458 -0.13883954286575317
vn -0.14177604019641876 -0.577355146408081 -0.8040899038314819
vn -0.1417619287967682 -0.5773550868034363 -0.8040924072265625
vn 0.7745802402496338 -0.6170501708984375 -0.13883273303508759
vn 0.004100746475160122 0.9999874830245972 0.0028829958755522966
vn -0.14175964891910553 -0.577331006526947 -0.8041101694107056
vn -0.16548649966716766 -0.3028947114944458 -0.9385462999343872
vn -0.819142758846283 -0.000024377719455515034 -0.5735896825790405
vn -0.16599784791469574 -0.2719482481479645 -0.9478864669799805
vn -0.16607128083705902 -0.25099217891693115 -0.9536368250846863
vn -0.1712263524532318 0.0645773857831955 -0.9831130504608154
vn 0.9830893874168396 0.05442085117101669 -0.17485322058200836
vn 0.9508861303329468 -0.25924065709114075 -0.1691443771123886
vn 0.9461773633956909 -0.2768456041812897 -0.16764499247074127
vn -0.17366568744182587 -0.0000010969954473694088 -0.9848046898841858
vn -0.16548649966716766 -0.3028947114944458 -0.9385462999343872
vn -0.14175964891910553 -0.577331006526947 -0.8041101694107056
vn -0.4346781373023987 -0.4082437753677368 -0.8027402758598328
vn -0.3149014413356781 -0.21132275462150574 -0.925299882888794
vn -0.17366568744182587 -0.0000010969954473694088 -0.9848046898841858
vn -0.579236626625061 0.7071067094802856 -0.40556755661964417
vn 0.8191235065460205 0.0000037686797895730706 0.573617160320282
vn 0.9848124384880066 0.0000021947757886664476 -0.17362166941165924
vn 0.9385450482368469 -0.30289846658706665 -0.1654863804578781
vn 0.984807014465332 0.000024172299163183197 -0.17365245521068573
vn 0.9030012488365173 -0.4082373082637787 0.13390664756298065
vn 0.7567737698554993 0.38268640637397766 0.5299477577209473
vn 0.5792123675346375 0.7071086764335632 0.40559881925582886
vn 0.5792292952537537 -0.707111656665802 0.4055694341659546
vn 0.804095983505249 -0.5773401260375977 -0.14180269837379456
vn 0.9385450482368469 -0.30289846658706665 -0.1654863804578781
vn 0.9848124384880066 0.0000021947757886664476 -0.17362166941165924
vn 0.804095983505249 -0.5773401260375977 -0.14180269837379456
vn -0.1736275851726532 -0.000005157424766366603 -0.9848113656044006
vn -0.144229456782341 -0.5413421988487244 -0.8283395767211914
vn -0.579261302947998 -0.7070998549461365 -0.4055442214012146
vn 0.8241142630577087 -0.5471198558807373 -0.14661356806755066
vn -0.5871977210044861 -0.026476053521037102 0.8090103268623352
vn -0.5924984216690063 -0.023479025810956955 0.8052293062210083
vn -0.6005916595458984 -0.05161827430129051 0.7978879809379578
vn -0.6018856167793274 -0.034556128084659576 0.7978342771530151
vn -0.6111129522323608 -0.04562404751777649 0.7902274131774902
vn 0.9552140831947327 -0.24249809980392456 -0.16958948969841003
vn 0.9820682406425476 0.07168732583522797 -0.17436440289020538
vn 0.9807530045509338 0.0889323353767395 -0.17382337152957916
vn 0.819152295589447 0.00000393760956285405 0.5735760927200317
vn 0.819152295589447 0.00000393760956285405 0.5735760927200317
vn 0.819152295589447 0.00000393760956285405 0.5735760927200317
vn 0.9760323762893677 0.018761126324534416 0.21681512892246246
vn 0.8191533088684082 4.088394121026795e-7 0.5735748410224915
vn 0.8191541433334351 -0.0000031199308523355285 0.5735734701156616
vn 0.819152295589447 0.00000393760956285405 0.5735760927200317
vn 0.5374500155448914 0.000005731112651119474 0.8432955741882324
vn 0.8427549004554749 0.04529666528105736 -0.5363883972167969
vn 0.5728890299797058 0.04903014749288559 -0.8181651830673218
vn 0.5728890299797058 0.04903014749288559 -0.8181651830673218
vn 0.5729139447212219 0.049038417637348175 -0.8181471824645996
vn -0.5767061710357666 -0.0018866002792492509 0.8169494867324829
vn -0.8064391613006592 -0.5751180052757263 0.13745982944965363
vn -0.4100155830383301 -0.7070741057395935 0.5761367082595825
vn -0.5735782980918884 -0.000002190352461184375 0.8191507458686829
vn -0.5661137700080872 -0.017853625118732452 0.8241337537765503
vn -0.5850871205329895 -0.04068317264318466 0.8099492788314819
vn -0.5584232211112976 -0.03569792956113815 0.8287877440452576
vn -0.5584232211112976 -0.03569792956113815 0.8287877440452576
vn -0.5928598046302795 -0.0694696307182312 0.802303671836853
vn -0.5584232807159424 -0.03569793328642845 0.8287878632545471
vn -0.573361337184906 -0.000006102303359512007 0.8193026185035706
vn -0.5732547044754028 -0.0013090751599520445 0.8193761706352234
vn -0.5803808569908142 -0.01291694212704897 0.8142426609992981
vn -0.573361337184906 -0.000006102303359512007 0.8193026185035706
vn 0.17401815950870514 -0.000012685894034802914 0.9847424626350403
vn 0.5371848344802856 0.013245100155472755 0.8433605432510376
vn 0.8186700344085693 0.0244889073073864 0.5737416744232178
vn 0.9314345121383667 0.04076523333787918 -0.3616184890270233
vn 0.9843199849128723 0.034667231142520905 -0.17295190691947937
vn 0.9843198657035828 0.034664660692214966 -0.17295300960540771
vn 0.9314342737197876 0.040762607008218765 -0.3616195619106293
vn 0.9843197464942932 0.03466209024190903 -0.17295411229133606
vn 0.9508847594261169 -0.2592456638813019 -0.16914446651935577
vn 0.9830893874168396 0.05442085117101669 -0.17485322058200836
vn 0.980112612247467 -0.09510217607021332 -0.1741691380739212
vn -0.6020652651786804 -0.05755437910556793 0.7963698506355286
vn -0.5967554450035095 -0.06054697185754776 0.8001356720924377
vn -0.575859546661377 -0.052603695541620255 0.815854549407959
vn -0.8017393946647644 0.5795319080352783 0.14613956212997437
vn -0.804092288017273 -0.577350378036499 0.14178189635276794
vn -0.7746940851211548 -0.3243362009525299 0.5428214073181152
vn -0.5704372525215149 0.0018849000334739685 0.8213390111923218
vn -0.405579537153244 -0.7071077823638916 0.5792270302772522
vn -0.5829540491104126 -0.012395697645843029 0.8124106526374817
vn 0.9993789196014404 0.027234921231865883 0.02236015349626541
vn 0.14178399741649628 -0.5773512125015259 0.8040913343429565
vn 0.14664801955223083 0.575118899345398 0.8048183917999268
vn -0.2412535548210144 -0.323882520198822 0.914820671081543
vn 0.13688431680202484 -0.5795328617095947 0.8033705949783325
vn 0.1417836844921112 0.5773512125015259 0.8040913939476013
vn -0.24512536823749542 0.32433590292930603 0.9136300086975098
vn -0.40557974576950073 0.707107663154602 0.5792269706726074
vn 0.022527465596795082 0.15151846408843994 -0.9881977438926697
vn 0.21739304065704346 -0.029865901917219162 -0.9756271243095398
vn 0.21512629091739655 0.3459983766078949 -0.9132391810417175
vn -0.1718856245279312 -0.05516409873962402 -0.9835711717605591
vn 0.7845889925956726 0.345995157957077 -0.5144972801208496
vn -0.7771376371383667 0.32388100028038025 0.5395908355712891
vn -0.8040924072265625 0.5773501992225647 0.14178192615509033
vn -0.5757717490196228 -0.0034426881466060877 0.8176032900810242
vn -0.5735763907432556 -0.0000018506428887121729 0.8191521167755127
vn -0.5734156370162964 -0.0006554630817845464 0.8192643523216248
vn -0.573577880859375 0 0.8191510438919067
vn 0.9508861303329468 -0.25924065709114075 -0.1691443771123886
vn 0.8241142630577087 -0.5471198558807373 -0.14661356806755066
vn 0.5729126930236816 0.04903258755803108 -0.8181484341621399
vn 0.5728871822357178 0.049029260873794556 -0.8181664943695068
vn 0.5729133486747742 0.049035511910915375 -0.8181478977203369
vn 0.5728616714477539 0.04902593418955803 -0.8181845545768738
vn 0.5729317665100098 0.04903259873390198 -0.8181350827217102
vn -0.5734164714813232 -0.0006545378128066659 0.8192638754844666
vn -0.5734157562255859 -0.0006616630125790834 0.8192642331123352
vn 0.021404488012194633 -0.21782366931438446 -0.9757533669471741
vn -0.1718837320804596 -0.05521700531244278 -0.983568549156189
vn 0.021403608843684196 -0.21779735386371613 -0.9757592678070068
vn -0.17188183963298798 -0.05526990815997124 -0.9835658669471741
vn 0.21332576870918274 -0.36651962995529175 -0.9056243896484375
vn 0.9756706953048706 0.03202410042285919 0.2168898582458496
vn 0.8186624646186829 0.024511434137821198 0.57375168800354
vn 0.5729014873504639 0.04903428256511688 -0.8181561827659607
vn 0.5728890299797058 0.04903014749288559 -0.8181651830673218
vn -0.6094112992286682 -0.08628297597169876 0.7881454229354858
vn -0.6255013346672058 -0.10303099453449249 0.7733903527259827
vn 0.572165310382843 -0.01182631403207779 -0.8200531005859375
vn 0.4062711298465729 -0.19568200409412384 -0.8925538063049316
vn 0.7780463099479675 -0.3665168285369873 -0.5102052092552185
vn 0.2133273184299469 -0.36650916934013367 -0.9056282043457031
vn 0.2292671501636505 -0.010980765335261822 -0.9733016490936279
vn 0.5721688270568848 -0.011817403137683868 -0.8200507164001465
vn 0.4062754511833191 -0.19567932188510895 -0.8925524353981018
vn 0.7780468463897705 -0.3665110766887665 -0.5102084875106812
vn 0.22927361726760864 -0.0109773650765419 -0.973300039768219
vn 0.21333129703998566 -0.3665124475955963 -0.9056259393692017
vn 0.2292649894952774 -0.010984878055751324 -0.9733020663261414
vn 0.11831309646368027 -0.2945193648338318 -0.9482933878898621
vn 0.21511562168598175 0.3459915220737457 -0.9132443070411682
vn 0.22592753171920776 0.17032071948051453 -0.9591389894485474
vn 0.5721701383590698 -0.011821593157947063 -0.8200497627258301
vn 0.40627655386924744 -0.19568058848381042 -0.8925516605377197
vn 0.7780472040176392 -0.366512268781662 -0.5102071166038513
vn 0.21333260834217072 -0.36651092767715454 -0.9056262969970703
vn 0.22927576303482056 -0.010979804210364819 -0.9732995629310608
vn -0.5872601866722107 -0.025824662297964096 0.8089860677719116
vn -0.5872601866722107 -0.025824662297964096 0.8089860677719116
vn -0.5803808569908142 -0.01291694212704897 0.8142426609992981
vn -0.5939977169036865 -0.03872614726424217 0.8035340905189514
vn 0.17399585247039795 0.000013710412531509064 0.9847463965415955
vn -0.21616299450397491 0.00005779421189799905 0.9763572812080383
vn -0.5735750198364258 0.0023523718118667603 0.8191496729850769
vn -0.5734014511108398 0.00009307628351962194 0.8192745447158813
vn 0.8427630066871643 0.04530085250735283 -0.5363752245903015
vn 0.5729139447212219 0.049038417637348175 -0.8181471824645996
vn 0.7216888666152954 0.048087380826473236 -0.6905453205108643
vn 0.8427544236183167 0.045293863862752914 -0.5363892912864685
vn 0.9756726622581482 0.0320090651512146 0.21688280999660492
vn 0.9843197464942932 0.03466209024190903 -0.17295411229133606
vn 0.5371696949005127 0.013271600008010864 0.843369722366333
vn 0.17399585247039795 0.000013710412531509064 0.9847463965415955
vn -0.8372266292572021 -0.0001524591789348051 -0.5468561053276062
vn -0.8795394897460938 0.23315855860710144 -0.414786159992218
vn -0.9801199436187744 -0.027839628979563713 -0.196443110704422
vn -0.8570592999458313 0.44929349422454834 -0.25216010212898254
vn -0.8570592999458313 0.44929349422454834 -0.25216010212898254
vn -0.7771012187004089 -0.17755764722824097 -0.6038104295730591
vn -0.7714422941207886 0.6323303580284119 -0.07095825672149658
vn -0.9007861614227295 0.4010835289955139 0.16648194193840027
vn -0.6289955377578735 0.7687854766845703 0.11547084897756577
vn -0.6289955377578735 0.7687854766845703 0.11547084897756577
vn -0.7714422941207886 0.6323303580284119 -0.07095825672149658
vn -0.8779307007789612 0.36914747953414917 -0.3049066960811615
vn -0.9767224788665771 0.21126918494701385 -0.037129782140254974
vn -0.9819011092185974 -0.05151861160993576 0.18225263059139252
vn -0.580294132232666 -0.013894190080463886 0.8142885565757751
vn -0.5939977169036865 -0.03872614726424217 0.8035340905189514
vn -0.5803231000900269 -0.01356840506196022 0.8142732977867126
vn 0.9314343333244324 0.04076392203569412 -0.3616189956665039
vn 0.8427546620368958 0.045295264571905136 -0.5363888740539551
vn 0.9314340353012085 0.040761176496744156 -0.3616200387477875
vn -0.5890432596206665 -0.05508292838931084 0.8062220215797424
vn -0.7722850441932678 0.3272315561771393 0.5445138812065125
vn -0.4011586010456085 0.707073986530304 0.5823385119438171
vn -0.5781235098838806 -0.006852613762021065 0.8159204721450806
vn -0.5803808569908142 -0.01291694212704897 0.8142426609992981
vn 0.819152295589447 0.00000393760956285405 0.5735760927200317
vn 0.819152295589447 0.00000393760956285405 0.5735760927200317
vn 0.9151773452758789 0.009566348046064377 0.40293800830841064
vn 0.9760323762893677 0.018761126324534416 0.21681512892246246
vn 0.9760328531265259 0.018757294863462448 0.2168135941028595
vn -0.23851637542247772 0.32474833726882935 0.9152313470840454
vn -0.24753940105438232 -0.3272330164909363 0.9119444489479065
vn -0.5735908150672913 -0.000027298265194986016 0.8191419839859009
vn -0.5735765695571899 0.000019256540326750837 0.8191519379615784
vn -0.5735908150672913 -0.000027298265194986016 0.8191419839859009
vn -0.5724212527275085 -0.06343735009431839 0.8175020813941956
vn -0.5724213123321533 -0.06343745440244675 0.8175020217895508
vn 0.7240793108940125 0.46996843814849854 -0.5048155784606934
vn 0.45952868461608887 0.8320606350898743 0.31065815687179565
vn 0.7271847128868103 0.5879759788513184 -0.35424095392227173
vn 0.5736101269721985 -0.0005699321045540273 -0.8191282153129578
vn 0.7242087125778198 -0.46974554657936096 -0.5048373937606812
vn -0.9640819430351257 -0.18745361268520355 0.18816784024238586
vn -0.8675609827041626 0.46761971712112427 0.16932141780853271
vn -0.7595272064208984 0.556821882724762 -0.3362555205821991
vn -0.5779561400413513 -0.006883460097014904 0.8160387873649597
vn -0.5729987025260925 0.000015116922440938652 0.8195562362670898
vn -0.5729987025260925 0.000015116922440938652 0.8195562362670898
vn 0.5729317665100098 0.04903259873390198 -0.8181350827217102
vn 0.5729123950004578 0.04906154423952103 -0.8181468844413757
vn 0.9799602627754211 0.09122177213430405 -0.17707759141921997
vn 0.9824553728103638 0.05419038236141205 -0.17845118045806885
vn 0.8241085410118103 -0.5471285581588745 -0.1466132253408432
vn 0.9799602627754211 0.09122177213430405 -0.17707759141921997
vn 0.7780399918556213 -0.36652082204818726 -0.5102120041847229
vn -0.14422567188739777 -0.5413404107093811 -0.8283414244651794
vn 0.5735706090927124 -0.00000934672607399989 -0.8191561102867126
vn 0.7845847010612488 0.34599629044532776 -0.5145030617713928
vn 0.21511928737163544 0.3459886908531189 -0.9132444858551025
vn -0.17122629284858704 0.06457774341106415 -0.9831130504608154
vn 0.808703601360321 0.3191322684288025 -0.49411845207214355
vn 0.308993935585022 0.4661695659160614 -0.8289805054664612
vn 0.5735755562782288 -0.000020892855900456198 -0.8191526532173157
vn 0.7845920920372009 0.34599146246910095 -0.5144950151443481
vn 0.21512964367866516 0.3459922671318054 -0.9132407307624817
vn 0.7845913767814636 0.3459901809692383 -0.5144969820976257
vn 0.5735744833946228 0.000008994021300168242 -0.819153368473053
vn 0.7780476212501526 -0.3665129542350769 -0.5102059841156006
vn 0.21313752233982086 -0.3661007583141327 -0.9058380722999573
vn 0.17401815950870514 -0.000012685894034802914 0.9847424626350403
vn -0.5735765099525452 -0.0007047057733871043 0.8191516995429993
vn -0.5735746622085571 -0.000003023422777914675 0.8191533088684082
vn -0.5735746622085571 -0.000003023422777914675 0.8191533088684082
vn -0.5734887719154358 0 0.8192134499549866
vn -0.5734887719154358 0 0.8192134499549866
vn 0.5728863477706909 0.04903680086135864 -0.8181666135787964
vn 0.5728863477706909 0.04903680086135864 -0.8181666135787964
vn -0.5735728144645691 0.000008134777999657672 0.8191546201705933
vn -0.5735763907432556 -0.0000018506428887121729 0.8191521167755127
vn -0.57355797290802 -0.000008822530617180746 0.8191649913787842
vn -0.57355797290802 -0.000008822530617180746 0.8191649913787842
vn -0.5735765099525452 -0.000014250564163376112 0.8191519975662231
vn -0.5735755562782288 0.000014687369912280701 0.8191526532173157
vn -0.5735759735107422 0 0.8191524147987366
vn -0.5735763311386108 -0.000015624882507836446 0.8191521167755127
vn -0.5735763311386108 -0.000015624882507836446 0.8191521167755127
vn -0.5735539793968201 0.000020032570319017395 0.8191677927970886
vn -0.57359778881073 0 0.8191370964050293
vn -0.4055810272693634 -0.7071064114570618 0.5792275667190552
vn -0.40558046102523804 0.7071067690849304 0.5792275071144104
vn -0.40558046102523804 0.7071067690849304 0.5792275071144104
vn -0.4055810272693634 -0.7071064114570618 0.5792275667190552
vn -0.0000012141712204538635 -1 4.009121994386078e-7
vn -0.0000012527077615231974 -1 -8.771522175266e-7
vn -1.252707733101488e-7 1 -8.771522175266e-8
vn -0.40558046102523804 0.7071067690849304 0.5792275071144104
vn -0.40558046102523804 0.7071067690849304 0.5792275071144104
vn -3.6810502024309244e-7 1 -7.532776180596557e-9
vn -0.5792257785797119 -0.7071067690849304 -0.40558290481567383
vn 0.5792403221130371 -0.7071067690849304 0.4055621325969696
vn 0.14180037379264832 -0.5773535966873169 0.8040867447853088
vn -0.804088830947876 -0.577354371547699 0.14178550243377686
vn -0.984805166721344 0.000015794283171999268 0.17366288602352142
vn 0.17363831400871277 0.000016534080714336596 0.9848095178604126
vn 0.17363831400871277 0.000016534080714336596 0.9848095178604126
vn -0.984805166721344 0.000015794283171999268 0.17366288602352142
vn 0.17363831400871277 0.000016534080714336596 0.9848095178604126
vn 0.8191339373588562 5.24450342709315e-7 0.5736022591590881
vn 0.8191339373588562 5.24450342709315e-7 0.5736022591590881
vn 0.17363831400871277 0.000016534080714336596 0.9848095178604126
vn -0.8191625475883484 -5.222096319812408e-7 -0.573561429977417
vn -0.8191625475883484 -5.222096319812408e-7 -0.573561429977417
vn -0.984807014465332 0.000015794106730027124 0.17365238070487976
vn 0.17365235090255737 0.00001653268736845348 0.984807014465332
vn 0.17365235090255737 0.00001653268736845348 0.984807014465332
vn -0.984807014465332 0.00001579410491103772 0.17365238070487976
vn 0.17365235090255737 0.00001653268736845348 0.984807014465332
vn 0.8191502690315247 5.221464220994676e-7 0.573578953742981
vn 0.8191502690315247 5.221464220994676e-7 0.573578953742981
vn 0.17365235090255737 0.00001653268736845348 0.984807014465332
vn -0.8191503286361694 -5.226970642979722e-7 -0.5735788941383362
vn -0.8191503286361694 -5.226970642979722e-7 -0.5735788941383362
vn -0.4055674970149994 -0.7071067690849304 0.5792365670204163
vn -0.40556806325912476 0.7071067690849304 0.5792362093925476
vn -0.40556806325912476 0.7071067690849304 0.5792362093925476
vn -0.40556636452674866 -0.707108199596405 0.5792356133460999
vn -5.522035735339159e-7 1 -3.8665962165396195e-7
vn -5.522035735339159e-7 1 -3.8665962165396195e-7
vn -0.40556806325912476 0.7071067690849304 0.5792362093925476
vn -0.40556806325912476 0.7071067690849304 0.5792362093925476
vn 2.7694545678969007e-7 -1 1.9239404025483964e-7
vn 2.7694545678969007e-7 -1 1.9239404025483964e-7
vn -0.4055674970149994 -0.7071067690849304 0.5792365670204163
vn -0.40556636452674866 -0.707108199596405 0.5792356133460999
vn -0.40557214617729187 -0.7071077227592468 0.5792321562767029
vn -0.4055732786655426 0.7071067690849304 0.5792325139045715
vn -0.4055732786655426 0.7071067690849304 0.5792325139045715
vn -0.4055713713169098 -0.707108736038208 0.5792315006256104
vn -5.527095936486148e-7 1 -3.870139551054308e-7
vn -5.527095936486148e-7 1 -3.870139551054308e-7
vn -0.4055732786655426 0.7071067690849304 0.5792325139045715
vn -0.4055732786655426 0.7071067690849304 0.5792325139045715
vn 0.0000018335707636651932 -1 -0.0000020304130430304212
vn 0.0000018335707636651932 -1 -0.0000020304130430304212
vn -0.40557214617729187 -0.7071077227592468 0.5792321562767029
vn -0.4055713713169098 -0.707108736038208 0.5792315006256104
vn -0.8040927052497864 0.5773496031761169 0.1417827159166336
vn 0.14177770912647247 0.5773500800132751 0.8040933012962341
vn 0.579228937625885 0.7071071863174438 0.405577689409256
vn -0.5792286992073059 0.7071062326431274 -0.40557971596717834
vn -0.8040942549705505 -0.5773483514785767 0.14177925884723663
vn -0.8040927052497864 0.5773496031761169 0.1417827159166336
vn -0.5792286992073059 0.7071062326431274 -0.40557971596717834
vn -0.5792248845100403 -0.7071073651313782 -0.4055831730365753
vn 0.14177991449832916 -0.5773519277572632 0.8040915727615356
vn -0.8040942549705505 -0.5773483514785767 0.14177925884723663
vn 0.5792269706726074 -0.7071081399917603 0.4055787920951843
vn 0.14177991449832916 -0.5773519277572632 0.8040915727615356
vn 0.5792269706726074 -0.7071081399917603 0.4055787920951843
vn 0.579228937625885 0.7071071863174438 0.405577689409256
vn 0.9803587198257446 0.09007725119590759 -0.17545084655284882
vn 0.21774983406066895 0.034937914460897446 -0.9753790497779846
vn 0.17400699853897095 5.122592483530752e-7 0.9847444295883179
vn 0.17400699853897095 5.122592483530752e-7 0.9847444295883179
vn -0.16606922447681427 -0.25099098682403564 -0.9536374807357788
vn 0.9843198657035828 0.034664660692214966 -0.17295300960540771
vn -0.21625567972660065 0.0000010832749239853001 0.9763367176055908
vn 0.839512288570404 0.07582322508096695 -0.5380240678787231
vn 0.4267684817314148 -0.13018745183944702 -0.8949412107467651
vn 0.6291775107383728 0.057681046426296234 -0.7751184105873108
vn 0.21739467978477478 -0.029907017946243286 -0.9756255149841309
vn 0.57357257604599 -1.7635240112667816e-7 -0.8191548585891724
vn 0.287762850522995 0.05515103042125702 -0.9561124444007874
vn 0.8361833691596985 -0.010982977226376534 -0.5483400225639343
vn 0.8361892700195312 -0.010981322266161442 -0.548331081867218
vn 0.836187481880188 -0.010978343896567822 -0.5483338236808777
vn 0.8446988463401794 -0.025224948301911354 -0.5346469879150391
vn 0.8361883163452148 -0.010981637984514236 -0.5483325719833374
vn -0.5735819339752197 0.0000014969522226238041 0.8191481828689575
vn 0.14177991449832916 -0.5773519277572632 0.8040915727615356
vn 0.14177770912647247 0.5773500800132751 0.8040933012962341
vn -0.8040942549705505 -0.5773483514785767 0.14177925884723663
vn -0.8040927052497864 0.5773496031761169 0.1417827159166336
vn 0.00003100222602370195 -1 0.0001599315437488258
vn 0.00000881556661624927 -1 0.00016572866297792643
vn 0.00000881556661624927 -1 0.00016572866297792643
vn 0.00014193552487995476 -1 0.00013094599125906825
vn 0.00014193552487995476 -1 0.00013094599125906825
vn 0.00014193552487995476 -1 0.00013094599125906825
vn 0.00014193552487995476 -1 0.00013094599125906825
vn 0.00003100222602370195 -1 0.0001599315437488258
vn 0.000053188887250144035 -1 0.00015413443907164037
vn 0.000053188887250144035 -1 0.00015413443907164037
vn -0.060360148549079895 -0.8735371828079224 0.4830004572868347
vn -0.1380363553762436 -0.6737735867500305 0.7259304523468018
vn -0.40540167689323425 -0.7071011066436768 0.5793595910072327
vn 0.00014193552487995476 -1 0.00013094599125906825
vn 0.00014193552487995476 -1 0.00013094599125906825
vn 0.0001156055077444762 -1 0.0001140876702265814
vn 0.00008927549060899764 -1 0.00009722934191813692
vn 0.0001156055077444762 -1 0.0001140876702265814
vn 0.00008927549060899764 -1 0.00009722934191813692
vn 0.00006294547347351909 -1 0.00008037101360969245
vn 0.32128992676734924 -0.9453803896903992 -0.05503369867801666
vn 0.3053637146949768 -0.9372960925102234 -0.16801512241363525
vn 0.4223462641239166 -0.9035584926605225 -0.07215049862861633
vn 0.00008957394311437383 -1 -0.00012792318011634052
vn 0.29409995675086975 -0.9036668539047241 0.31127408146858215
vn 0.00008927549060899764 -1 0.00009722934191813692
vn -0.4098671078681946 -0.7095202803611755 0.5732276439666748
vn 0.0001805783249437809 -1 0.00009133178537013009
vn 0.0001805783249437809 -1 0.00009133178537013009
vn 0.4629957973957062 -0.8826293349266052 -0.08124202489852905
vn 0.4629957973957062 -0.8826293349266052 -0.08124202489852905
vn 0.6597346663475037 -0.7425189018249512 -0.11582726240158081
vn 0.0001805783249437809 -1 0.00009133178537013009
vn -3.0097655212557584e-7 -1 -0.0000013775933211945812
vn 0.00014193552487995476 -1 0.00013094599125906825
vn 0.2531266212463379 -0.9543333053588867 -0.15866640210151672
vn 0.18104836344718933 -0.9485262036323547 -0.25984513759613037
vn 0.26178276538848877 -0.9476542472839355 0.1828145980834961
vn 0.15111437439918518 -0.9685508012771606 0.19767123460769653
vn 0.24058660864830017 -0.9678592085838318 0.07325710356235504
vn 0.00007593322516186163 -1 0.0000532318590558134
vn 0.000009930928172252607 -1 -0.00002448227496643085
vn 0.000053188887250144035 -1 0.00015413443907164037
vn 0.22914358973503113 -0.7774680852890015 0.5856932997703552
vn 0.14231514930725098 -0.5770588517189026 0.8042073249816895
vn 0.00000881556661624927 -1 0.00016572866297792643
vn 0.817197322845459 -0.5582037568092346 -0.1435169130563736
vn 0.7440235614776611 -0.6552557945251465 -0.13064797222614288
vn 0.0000718981827958487 -1 0.00005995633182465099
vn 0.0000018608436676004203 -1 -0.000011033329428755678
vn 0.00004556816566037014 -1 0.000043098007154185325
vn 0.00014193552487995476 -1 0.00013094599125906825
vn -0.00032332123373635113 -0.9999997615814209 -0.0005145546165294945
vn 0.07156267017126083 -0.9688163995742798 -0.23722006380558014
vn 0.14503945410251617 -0.979714035987854 -0.13828954100608826
vn 0.00000881556661624927 -1 0.00016572866297792643
vn 0.0000975622097030282 -1 0.0001425402151653543
vn 0.00014193552487995476 -1 0.00013094599125906825
vn 0.0000975622097030282 -1 0.0001425402151653543
vn 0.21629643440246582 -0.9756172895431519 -0.03724250569939613
vn 0.000053188887250144035 -1 0.00015413443907164037
vn 0.0000975622097030282 -1 0.0001425402151653543
vn 0.000053188887250144035 -1 0.00015413443907164037
vn 0.00007537554483860731 -1 0.00014833733439445496
vn 0.0000975622097030282 -1 0.0001425402151653543
vn 0.000019238148524891585 -1 0.000026239682483719662
vn 0.589869499206543 -0.6979135870933533 0.40616580843925476
vn 0.00014193552487995476 -1 0.00013094599125906825
vn 0.000010549496437306516 -1 0.000007603176527481992
vn 0.6479753851890564 -0.6558776497840881 -0.3872370421886444
vn 0.41552674770355225 -0.6895536780357361 -0.5931721925735474
vn -0.03990732133388519 -0.9753690958023071 -0.21693913638591766
vn -0.003009363543242216 -0.9430914521217346 -0.3325200378894806
vn 0.7388593554496765 -0.6595948338508606 0.13791851699352264
vn 0.6026687622070312 -0.792788565158844 0.09097655862569809
vn -0.18164855241775513 -0.9488245248794556 0.2583326995372772
vn -0.21692727506160736 -0.9755150079727173 0.036238543689250946
vn -0.05908443406224251 -0.944957971572876 -0.3218126893043518
vn -0.07753533869981766 -0.9029324054718018 -0.42273080348968506
vn 0.08238480240106583 -0.8327189683914185 0.5475324392318726
vn -0.00003555775401764549 -1 0.0001773228868842125
vn -0.00003555775401764549 -1 0.0001773228868842125
vn -0.00007060717325657606 -1 0.00015900371363386512
vn -0.00003555775401764549 -1 0.0001773228868842125
vn 0.05238548666238785 -0.9369792342185974 -0.3454355001449585
vn 0.00012877050903625786 -1 0.0001225168234668672
vn 0.0001156055077444762 -1 0.0001140876702265814
vn -0.000012813412467949092 -1 0.00007642030686838552
vn 0.000009930928172252607 -1 -0.00002448227496643085
vn -0.00003555775401764549 -1 0.0001773228868842125
vn 0.00011974886729149148 -1 0.00013674309593625367
vn 0.039267849177122116 -0.9757338762283325 0.21540997922420502
vn -0.05298749357461929 -0.9375839233398438 0.3436985909938812
vn 0.00011974886729149148 -1 0.00013674309593625367
vn 0.0000975622097030282 -1 0.0001425402151653543
vn 0.0001805783249437809 -1 0.00009133178537013009
vn 0.2386932671070099 -0.9701940417289734 -0.04182019084692001
vn 0.0000901386738405563 -1 0.000044977095967624336
vn -0.000013371093700698111 -1 0.00017152578220702708
vn 0.00010244049917673692 -1 0.00010565850243438035
vn 0.00000881556661624927 -1 0.00016572866297792643
vn 0.000027926800612476654 -1 0.000044876185711473227
vn 0.00006294547347351909 -1 0.00008037101360969245
vn 0.000036615452700061724 -1 0.0000635126925772056
vn 0.38447460532188416 -0.6694957613945007 0.6355742812156677
vn 0.00008058683306444436 -1 0.00007859283505240455
vn -0.1517636924982071 -0.9681369066238403 -0.1991950422525406
vn -0.26243385672569275 -0.9471815824508667 -0.18432456254959106
vn -0.00007060717325657606 -1 0.00015900371363386512
vn -0.00003555775401764549 -1 0.0001773228868842125
vn -0.00010565659613348544 -1 0.00014068454038351774
vn 0.00003100222602370195 -1 0.0001599315437488258
vn 0.000009930928172252607 -1 -0.00002448227496643085
vn -0.3059559762477875 -0.9373242855072021 0.16677528619766235
vn -0.4229304790496826 -0.9033589959144592 0.07122074067592621
vn 0.076943539083004 -0.9038718938827515 0.42082688212394714
vn 0.415422648191452 -0.689552903175354 -0.5932459831237793
vn 0.7416885495185852 -0.6145830154418945 -0.26867422461509705
vn 0.238647922873497 -0.9702003598213196 -0.04193345457315445
vn 0.23716403543949127 0.3467884659767151 -0.9074640274047852
vn 0.7716107964515686 0.34678834676742554 -0.5332490801811218
vn 0.7780432105064392 -0.36652106046676636 -0.5102068781852722
vn 0.21332021057605743 -0.3665194809436798 -0.9056257009506226
vt 2.4938721656799316 2.0929014682769775
vt 1.9928498268127441 2.0929019451141357
vt 2.4989194869995117 1.6870535016059875
vt 2.835996150970459 0.4605167508125305
vt 2.8961894512176514 0.687071681022644
vt 2.5951597690582275 0.4278234839439392
vt 3.0768327713012695 0.4932100772857666
vt 2.7758030891418457 0.233961820602417
vt 0.6273438930511475 1.6125805377960205
vt 1.0241451263427734 1.4769293069839478
vt 1.0321319103240967 1.6023139357566833
vt 0.5314913988113403 1.3533178865909576
vt 0.23054265975952148 1.7482317686080933
vt 0.6313372850418091 1.675272822380066
vt 0.6393241882324219 1.8006575107574463
vt 2.9948947429656982 2.0929009914398193
vt 2.4888250827789307 2.4987494945526123
vt 4.594755172729492 0.9737558364868164
vt 4.1920084953308105 1.6121541261672974
vt 3.874359607696533 0.9737550616264343
vt 2.1782288551330566 1.0595573782920837
vt 2.531839609146118 0.6053571999073029
vt 2.8494887351989746 1.2437562942504883
vt 3.361924171447754 1.1087556779384613
vt 3.5207486152648926 1.4279552102088928
vt 4.246426105499268 1.6121547222137451
vt 3.840039014816284 2.1342594623565674
vt 4.192008972167969 1.690443515777588
vt 4.189208030700684 1.7697703838348389
vt 0.001748412847518921 0.28915899991989136
vt 0.09849962592124939 1.008480429649353
vt 0.0017485693097114563 1.013043761253357
vt 0.7830870151519775 0.8753597736358643
vt 0.6855133175849915 1.4841123819351196
vt 0.6855133175849915 1.281188428401947
vt 4.809731483459473 1.332099825143814
vt 4.997498512268066 1.690443515777588
vt 0.5879396200180054 1.6870170831680298
vt 0.5879396796226501 1.2811692357063293
vt 4.246425628662109 1.690443515777588
vt 1.1218279600143433 0.8753600716590881
vt 1.0794851779937744 1.4841317534446716
vt 1.0371427536010742 1.2812078297138214
vt 1.1218276023864746 1.6870556473731995
vt 1.037142276763916 2.0929033756256104
vt 0.7830869555473328 1.6870554685592651
vt 0.7830870151519775 1.2812076210975647
vt 0.8677722215652466 1.2812076807022095
vt 4.621964454650879 0.9737561345100403
vt 1.5069687366485596 0.8753584623336792
vt 2.1782288551330566 1.0791297256946564
vt 1.1218273639678955 2.0929033756256104
vt 1.121827244758606 2.498751163482666
vt 1.6260426044464111 0.6871015429496765
vt 1.8177474737167358 1.2056268453598022
vt 1.3250937461853027 1.0820154249668121
vt 2.0188424587249756 0.6871010661125183
vt 2.055938720703125 0.6871010661125183
vt 1.918294906616211 0.9463639557361603
vt 1.6631379127502441 0.6871016025543213
vt 2.219937324523926 0.16857534646987915
vt 2.2941300868988037 0.16857528686523438
vt 2.1193900108337402 0.42783820629119873
vt 1.8642327785491943 0.16857582330703735
vt 1.7636853456497192 0.42783868312835693
vt 1.508528232574463 0.16857630014419556
vt 0.8147940635681152 0.22430431842803955
vt 1.133388876914978 0.5634901225566864
vt 0.8324401378631592 0.958404004573822
vt 3.9239630699157715 0.003843843936920166
vt 4.475254058837891 0.44183146953582764
vt 4.050891399383545 0.879916787147522
vt 1.4343376159667969 0.16857624053955078
vt 1.0694727897644043 1.9990007877349854
vt 1.0321305990219116 1.6845608949661255
vt 1.4622797966003418 1.8417807221412659
vt 0.0017487257719039917 1.7369284629821777
vt 0.05012417584657669 1.3727044463157654
vt 0.16452114284038544 1.3783560991287231
vt 1.1759576797485352 0.8753600716590881
vt 1.4809508323669434 1.9990006685256958
vt 1.892428994178772 1.9990005493164062
vt 0.24651651084423065 1.9990010261535645
vt 0.6393235325813293 1.841780960559845
vt 0.6579946279525757 1.999000906944275
vt 0.983504593372345 0.8063479661941528
vt 0.9835048317909241 0.9859218597412109
vt 0.7749464511871338 0.9859218001365662
vt 0.7749462127685547 0.8063480257987976
vt 0.9835059642791748 0.8063482046127319
vt 0.9835059642791748 0.9859221577644348
vt 0.7749463319778442 0.9859218597412109
vt 0.7749464511871338 0.8063479661941528
vt 0.7749463319778442 0.8063479661941528
vt 0.9835057258605957 0.8063479065895081
vt 0.9835058450698853 0.98592209815979
vt 0.7749462127685547 0.9859222173690796
vt 0.7749462127685547 0.8063482642173767
vt 0.9835056662559509 0.8063480257987976
vt 0.5265933871269226 0.9889993667602539
vt 0.5265932083129883 0.8199639916419983
vt 0.6956288814544678 0.8199641108512878
vt 0.6956288814544678 0.9889994859695435
vt 0.6956287026405334 0.9889994859695435
vt 0.5841125249862671 0.819963812828064
vt 0.6956288814544678 0.819963812828064
vt 0.5265932083129883 0.819963812828064
vt 0.6956286430358887 0.819963812828064
vt 0.6956288814544678 0.9889994859695435
vt 0.5265932083129883 0.9889994859695435
vt 0.5265935659408569 0.9889994859695435
vt 0.5265933275222778 0.819963812828064
vt 0.6381093859672546 0.819963812828064
vt 0.5265933275222778 0.819963812828064
vt 0.6956287026405334 0.819963812828064
vt 0.6956287622451782 0.9889993667602539
vt 0.5265932679176331 0.9889992475509644
vt 0.983504593372345 0.9859219193458557
vt 0.7749462127685547 0.9859218597412109
vt 0.7983782291412354 0.9890614748001099
vt 0.798378050327301 0.812870979309082
vt 0.9745685458183289 0.8128710985183716
vt 0.9745687246322632 0.9890614748001099
vt 1.5069682598114014 0.5204469859600067
vt 1.5069677829742432 0.16553550958633423
vt 1.6343750953674316 0.16553455591201782
vt 0.7983782291412354 0.8128709197044373
vt 0.9745686054229736 0.8128708600997925
vt 0.9745684862136841 0.9890613555908203
vt 0.7983782291412354 0.9890614748001099
vt 0.7983779907226562 0.8128708600997925
vt 0.9745684862136841 0.8128709197044373
vt 0.29470348358154297 0.9789403676986694
vt 0.29470330476760864 0.8243873715400696
vt 0.44925549626350403 0.8243874311447144
vt 0.44925567507743835 0.9789404273033142
vt 0.4492563307285309 0.9789403676986694
vt 0.34729284048080444 0.82438725233078
vt 0.4492564797401428 0.82438725233078
vt 0.29470330476760864 0.82438725233078
vt 0.44925549626350403 0.82438725233078
vt 0.44925549626350403 0.9789404273033142
vt 0.29470330476760864 0.9789403676986694
vt 0.2947034239768982 0.9789404273033142
vt 0.29470324516296387 0.82438725233078
vt 0.3966667056083679 0.82438725233078
vt 0.29470324516296387 0.8243873119354248
vt 0.4492563009262085 0.8243873119354248
vt 0.4492563009262085 0.9789403080940247
vt 0.2947041094303131 0.9789403080940247
vt 0.7983779311180115 0.8128709197044373
vt 0.9745684266090393 0.8128709197044373
vt 0.9745684266090393 0.9890613555908203
vt 0.7983779311180115 0.9890613555908203
vt 4.796128749847412 0.6545566916465759
vt 4.4359307289123535 0.6545562744140625
vt 4.277106285095215 0.3353567123413086
vt 4.075732707977295 0.6545558869838715
vt 2.356968402862549 0.9463492631912231
vt 2.6579980850219727 1.205597460269928
vt 2.237872838973999 1.2056121528148651
vt 1.0371425151824951 1.6870555877685547
vt 0.9524574279785156 1.6870555877685547
vt 2.4760642051696777 0.6870864033699036
vt 2.7770938873291016 0.946334570646286
vt 3.0781235694885254 1.2055827677249908
vt 0.5226683616638184 0.9862680435180664
vt 0.21289658546447754 1.0141320824623108
vt 0.5138453245162964 0.6192182004451752
vt 2.775954246520996 0.11892294883728027
vt 2.7759547233581543 0.0692712664604187
vt 3.2577786445617676 0.0692705512046814
vt 2.294130563735962 0.069271981716156
vt 4.997502326965332 0.33535754680633545
vt 4.997500419616699 1.0129005312919617
vt 4.903616905212402 0.8337286710739136
vt 2.0905864238739014 1.1801678538322449
vt 2.002943992614746 1.2812059819698334
vt 2.674204111099243 1.4849772453308105
vt 2.4262166023254395 1.2820534706115723
vt 1.2292413711547852 0.8227527737617493
vt 1.078766942024231 1.020209714770317
vt 3.309112548828125 1.48624849319458
vt 3.3454642295837402 1.6887484788894653
vt 2.8494887351989746 1.2829009890556335
vt 3.7687366008758545 1.6895959973335266
vt 1.4209463596343994 1.341278076171875
vt 1.8642328977584839 0.08478730916976929
vt 2.88584041595459 1.4854009747505188
vt 1.4249390363693237 1.4450938701629639
vt 1.4249377250671387 1.527340829372406
vt 1.8177447319030762 1.3701207637786865
vt 2.059903383255005 0.16553544998168945
vt 1.8471406698226929 0.08339178562164307
vt 2.059906244277954 0.001249074935913086
vt 1.4968743324279785 1.687054455280304
vt 1.501921534538269 1.2812064588069916
vt 1.4242160320281982 1.281206637620926
vt 3.8414394855499268 2.094596028327942
vt 0.2217196226119995 1.381181925535202
vt 1.9368431568145752 0.9463639557361603
vt 3.4181671142578125 2.0937485694885254
vt 3.4908699989318848 2.498748540878296
vt 0.3927927315235138 0.8753613233566284
vt 1.6343715190887451 0.0012487173080444336
vt 0.5879396200180054 2.092864990234375
vt 0.783086895942688 2.498751163482666
vt 0.3927922248840332 2.4986743927001953
vt 0.39279231429100037 1.6869786977767944
vt 0.19764494895935059 2.0927882194519043
vt 0.2952185869216919 2.29573130607605
vt 0.0024975836277008057 2.4985976219177246
vt 0.1976453959941864 1.2811707854270935
vt 0.0024984776973724365 0.8753628730773926
vt 0.2952190935611725 1.078266054391861
vt 0.0024978071451187134 2.0927889347076416
vt 0.002498030662536621 1.6869802474975586
vt 0.1952505260705948 0.2800323963165283
vt 2.9898476600646973 2.498749017715454
vt 3.5207488536834717 1.467099905014038
vt 1.845534086227417 0.6053560972213745
vt 2.1840994358062744 0.3353537321090698
vt 0.002498254179954529 1.2811715602874756
vt 2.987156391143799 0.9463272392749786
vt 3.197219133377075 0.9463198781013489
vt 1.987802505493164 2.4987499713897705
vt 1.486780047416687 2.4987504482269287
vt 3.2030997276306152 0.7895561158657074
vt 3.5567104816436768 0.3353559374809265
vt 0.22393004596233368 0.0692712664604187
vt 0.8291337490081787 0.0692717432975769
vt 0.8291338086128235 0.11892378330230713
vt 1.4343373775482178 0.06927222013473511
vt 0.8254295587539673 1.8899794220924377
vt 1 0.5665401816368103
vt 1 0.4582793712615967
vt 0 0.5665401816368103
vt 0 0.4582793712615967
vt 1.9978969097137451 1.6870539784431458
vt 1.4918272495269775 2.092902421951294
vt 1.3414632081985474 1.6870548129081726
vt 1.4141216278076172 2.092902660369873
vt 1.2587103843688965 2.0929030179977417
vt 1.1759576797485352 1.6870555877685547
vt 1.2587103843688965 1.2812074422836304
vt 2.8704049587249756 0.3353548049926758
vt 3.923964500427246 0.8799176812171936
vt 4.050883769989014 1.1417218446731567
vt 4.8996171951293945 1.141711950302124
vt 1.1759576797485352 2.498751163482666
vt 4.8996171951293945 0.5727290511131287
vt 4.899616718292236 0.0037461519241333008
vt 2.184098720550537 0.1655360460281372
vt 1.508528470993042 0.0009992718696594238
vt 4.189210414886475 2.498746871948242
vt 3.8400402069091797 2.498747706413269
vt 2.219938278198242 0.0009990930557250977
vt 4.189208984375 2.1342586278915405
vt 1.892430067062378 1.3701211214065552
vt 1.941537618637085 0.42783844470977783
vt 0.783086895942688 2.0929033756256104
vt 3.2574758529663086 0.2993484139442444
vt 3.3778624534606934 0.752458244562149
vt 3.498248815536499 1.2055680751800537
vt 1 0.815000057220459
vt 1 0.6817150115966797
vt 0 0.815000057220459
vt 0 0.6817150115966797
vt 3.593451976776123 1.8916722536087036
vt 1.909237265586853 0.2504441738128662
vt 3.4982516765594482 0.32085663080215454
vt 3.0442750453948975 0.4703565835952759
vt 2.019404172897339 0.7403578162193298
vt 3.4982502460479736 0.7632123529911041
vt 0.8677721619606018 2.0929033756256104
vt 0.5004997253417969 0.08033013343811035
vt 0.00099945068359375 0.00010484457015991211
vt 1.000000238418579 0.00010538101196289062
vt 1 0.16055548191070557
vt 0.4657405614852905 0.9012569189071655
vt 0.5102263689041138 0.802513837814331
vt 0.8843308687210083 1
vt 0.14142745733261108 1
vt 0.047150254249572754 0.802513837814331
vt 0.23999039828777313 0.7394311428070068
vt 0.13970255851745605 0.8069999814033508
vt 0.000499427318572998 0.7169082164764404
vt 0.47948136925697327 0.7619540989398956
vt 0.0004995167255401611 0.3333333134651184
vt 0.0004995167255401611 0.5130000114440918
vt 0.5 0.4231666326522827
vt 0.49629002809524536 0.7169082164764404
vt 0.5 0.6314110159873962
vt 0.9995004534721375 0.6891404390335083
vt 0.9991812705993652 0.5736815929412842
vt 0.9995002746582031 0.5120000243186951
vt 0.9995005130767822 0.33478260040283203
vt 0.49999988079071045 0.42339134216308594
vt 0.0004994869232177734 0.33478260040283203
vt 0.0004995167255401611 0.5120000243186951
vt 0.9975355863571167 0.504934161901474
vt 1.0616109371185303 0.5392056405544281
vt 1.8708502054214478 0.5049312114715576
vt 0.9995005130767822 0.5120000243186951
vt 0.5 0.42339134216308594
vt 0.12422100454568863 0.5049371123313904
vt 0.0004995167255401611 0.5120000243186951
vt 1.3692232370376587 0.8989267647266388
vt 1.4229344129562378 0.79835245013237
vt 2.0133206844329834 0.9492136389017105
vt 1.4233715534210205 0.9994999766349792
vt 1.998877763748169 0.5731050372123718
vt 1.998877763748169 0.6992419958114624
vt 1.4994081258773804 0.6046392917633057
vt 0.0004995167255401611 0.5130000114440918
vt 0.5 0.4231666326522827
vt 0.999938428401947 0.6361735165119171
vt 1.000171422958374 0.5734745860099792
vt 0.0009990930557250977 0.6992419958114624
vt 0.0009990334510803223 0.5731050372123718
vt 0.5004687309265137 0.6677077412605286
vt 0.5025941133499146 0.7297296226024628
vt 0.9733025431632996 0.802513837814331
vt 0.489495187997818 0.754840224981308
vt 0.999938428401947 0.6992419958114624
vt 0.5490829348564148 0.8069999814033508
vt 0.9584633111953735 0.8069999814033508
vt 0.8767294883728027 1
vt 0.9946094751358032 0.7071666121482849
vt 0.9995004534721375 0.7522926330566406
vt 0.7510472536087036 0.7410111427307129
vt 0.0004995167255401611 0.7522926330566406
vt 2.252511978149414 0.712117075920105
vt 2.5911107063293457 0.7553165853023529
vt 2.6242666244506836 0.712117075920105
vt 2.9297091960906982 0.7985160946846008
vt 0.48690104484558105 0.7774032354354858
vt 0.005687803030014038 0.7071666121482849
vt 0.24759149551391602 0.7310034036636353
vt 0.4999999701976776 0.3333333134651184
vt 2.899148464202881 0.6999999284744263
vt 1.4503446817398071 0.6613698899745941
vt 1.529011845588684 0.6999999284744263
vt 0.15887509286403656 0.6999999284744263
vt 1.4656039476394653 0.7808159291744232
vt 0.7489157915115356 0.7337168455123901
vt 0.743794322013855 0.7464665174484253
vt 0.021984636783599854 0.712117075920105
vt 1.513540267944336 0.7985111474990845
vt 0.3675248920917511 0.7675408124923706
vt 0.0014985501766204834 0.7631157636642456
vt 0.7335512638092041 0.7719658464193344
vt 0.7654937505722046 0.712117075920105
vt 2.1976566314697266 0.789666011929512
vt 2.1651697158813477 0.9994145035743713
vt 2.193512439727783 0.949168398976326
vt 1.5706861019134521 0.8988362848758698
vt 2.8163387775421143 0.9995005130767822
vt 2.250197649002075 0.8486761897802353
vt 1.5140008926391602 0.9993284940719604
vt 2.5899534225463867 0.8235961496829987
vt 0.8063482046127319 0.9994997084140778
vt 0.7792739868164062 0.9492131024599075
vt 0.18932479619979858 0.9994994401931763
vt 0.7251256704330444 0.8486398905515671
vt -0.0010720640420913696 0.5700908899307251
vt 0.44785982370376587 0.5700908899307251
vt 0.44854921102523804 0.5019468069076538
vt -0.00038098543882369995 0.5019569993019104
vt 0.006802350282669067 0.7062332034111023
vt 0.6963119506835938 0.7292628884315491
vt 0.35023120045661926 0.7343109548091888
vt 0.6936600804328918 0.7623886913061142
vt 0.0014985501766204834 0.7724848389625549
vt 0.7547271251678467 0.7062332034111023
vt 1.3858215808868408 0.7522925436496735
vt 0.8911744952201843 0.9489963799715042
vt 0.8626015782356262 0.8988338112831116
vt 2.0401763916015625 0.8989264816045761
vt 2.6574182510375977 0.9995005130767822
vt 2.0938875675201416 0.7983521670103073
vt 0.5 0.33478260040283203
vt 2.996021270751953 0.712117075920105
vt 2.9985015392303467 0.7062332034111023
vt 2.764840841293335 0.7983518838882446
vt 2.6245391368865967 0.7062332034111023
vt 2.2505767345428467 0.7062332034111023
vt 2.133746385574341 0.7522925436496735
vt 2.075331211090088 0.775322213768959
vt 1.5026519298553467 0.7062332034111023
vt 0.6923341155052185 0.7789516001939774
vt 0.34757930040359497 0.7674367725849152
vt 0.49999991059303284 0.5120000243186951
vt 2.219356060028076 0.7553165853023529
vt 0.5 0.6314110159873962
vt 0.2502497732639313 0.6025463044643402
vt 0.0008188188076019287 0.6891404390335083
vt 0.0004995465278625488 0.5736815929412842
vt 0.9991812705993652 0.5736815929412842
vt 0.2502497732639313 0.6025463044643402
vt 0.0008188188076019287 0.6891404390335083
vt 0.0004995465278625488 0.5736815929412842
vt 0.5001596212387085 0.6891404390335083
vt 0.7497502565383911 0.6602757275104523
vt 0.9995004534721375 0.6891404390335083
vt 0.7273766994476318 0.7619540989398956
vt 0.7441853284835815 0.7169082164764404
vt 0.5128791332244873 1
vt 0.5483530163764954 1
vt 0.5082160234451294 0.9034999907016754
vt 0.219976544380188 1
vt 0.4999999403953552 0.43203306198120117
vt 0.0004995763301849365 0.33183252811431885
vt 0.49999991059303284 0.33183252811431885
vt 0.9995002746582031 0.33183252811431885
vt 0.5000000596046448 0.43203306198120117
vt 0.5001596212387085 0.6891404390335083
vt 0.4998404085636139 0.5736815929412842
vt 1.4503564834594727 0.6399999260902405
vt 0.0015409485204145312 0.622739851474762
vt 1.0453810691833496 0.6226300001144409
vt 1.8998699188232422 0.544300377368927
vt 1.5201612710952759 0.6617948114871979
vt 1.4963934421539307 0.7009596228599548
vt 1.9949414730072021 0.7009596228599548
vt 0.9978453516960144 0.544300377368927
vt 0.9994267225265503 0.5753623843193054
vt 0.519562304019928 0.5753623843193054
vt 0.5194761753082275 0.6330918371677399
vt 0.03969787806272507 0.5753623843193054
vt 0.039525680243968964 0.6908212900161743
vt 0.5193902254104614 0.6908212900161743
vt 0.9992548227310181 0.6908212900161743
vt 0.7497502565383911 0.37825000286102295
vt 0.9995004534721375 0.5130000114440918
vt 0.9995004534721375 0.3333333134651184
vt 1.4465490579605103 0.6399999260902405
vt 2.888538360595703 0.6999999284744263
vt 1.4450435638427734 0.6999999284744263
vt 0.0015488862991333008 0.6999999284744263
vt 1.880757451057434 0.712117075920105
vt 1.509002923965454 0.712117075920105
vt 0.9503096342086792 0.6237326860427856
vt 0.9978454113006592 0.7005792856216431
vt 1.8998699188232422 0.5468860864639282
vt 0.09582079946994781 0.5468860864639282
vt 0.0007493197917938232 0.7005792856216431
vt 0.9995004534721375 0.5130000114440918
vt 0.7497502565383911 0.37825000286102295
vt 0.9978454113006592 0.7009596228599548
vt 0.5706009268760681 0.583465188741684
vt 0.09582079946994781 0.544300377368927
vt 0.08102810382843018 0.7983530163764954
vt 0.0004996061325073242 0.5322335362434387
vt 0.5000000596046448 0.5322335362434387
vt 0.0015643537044525146 0.5799999237060547
vt 1.4465821981430054 0.5799999237060547
vt 2.2027781009674072 0.7769163399934769
vt 2.8916001319885254 0.5799999237060547
vt 0.10847336053848267 0.4999999403953552
vt 1.446582317352295 0.5799999237060547
vt 2.8916001319885254 0.5799999237060547
vt 0.0015643537044525146 0.5799999237060547
vt 0.5004687309265137 0.6046392917633057
vt 1.0002497434616089 0.4198824167251587
vt 1.0002515316009521 0.33000004291534424
vt 2 0.33000004291534424
vt 0.0005029439926147461 0.33000004291534424
vt 1.5534874200820923 0.4999999403953552
vt 2.9985015392303467 0.4999999403953552
vt 0.0015643537044525146 0.5799999237060547
vt 0.10846343636512756 0.4999999403953552
vt 1.5000064373016357 0.539999932050705
vt 2.998448371887207 0.4999999403953552
vt 2.8915493488311768 0.5799999237060547
vt 2.8915464878082275 0.5799999237060547
vt 2.2446343898773193 0.6999999284744263
vt 1.5901435613632202 0.6999999284744263
vt 2.899125337600708 0.6999999284744263
vt 1.58635413646698 0.6399999260902405
vt 0.9356526732444763 0.6999999284744263
vt 0.28116175532341003 0.6999999284744263
vt -0.00038098543882369995 0.5019569993019104
vt 0.44854921102523804 0.5019468069076538
vt 0.44785982370376587 0.5700908899307251
vt 1.8476015329360962 0.7553165853023529
vt -0.0010720640420913696 0.5700908899307251
vt 1.4758470058441162 0.7553165853023529
vt 1.5848182439804077 0.6399999260902405
vt 0.28118786215782166 0.6999999284744263
vt 2.888524055480957 0.6999999284744263
vt 0.2811124920845032 0.5799999237060547
vt 0.0004994869232177734 0.5097647309303284
vt 2.891526699066162 0.5799999237060547
vt 0.5 0.5120000243186951
vt 2 0.5094985961914062
vt 0.5371322631835938 0.9489951431751251
vt 0.8054558634757996 0.7985086739063263
vt 0.21166294813156128 0.9991564750671387
vt 1.1594980955123901 0.7985099107027054
vt 0.5001486539840698 0.7071666121482849
vt 0.0013418793678283691 0.5734750032424927
vt 0.5007566213607788 0.573474794626236
vt 1.4995245933532715 0.5732898116111755
vt 0.9995005130767822 0.5322335362434387
vt 1.4963934421539307 0.7005792856216431
vt 1.9949414730072021 0.7005792856216431
vt 0.4992973506450653 0.7005792856216431
vt 2.0403947830200195 0.9995002448558807
vt 0.2811124920845032 0.5799999237060547
vt 0.9995002746582031 0.5322335362434387
vt 0.4999999403953552 0.5322335362434387
vt 0.0004995763301849365 0.5322335362434387
vt 1.0002610683441162 0.4200286865234375
vt 1.0002611875534058 0.5098459720611572
vt 0.000522315502166748 0.5100574493408203
vt 2 0.5096344947814941
vt 0.4999999701976776 0.5130000114440918
vt 1.7038153409957886 0.4999999403953552
vt 0.4091949462890625 0.4999999403953552
vt 0.0005165338516235352 0.32999998331069946
vt 2 0.32999998331069946
vt 2.9984357357025146 0.4999999403953552
vt 0.40919333696365356 0.4999999403953552
vt 1.639782428741455 0.539999932050705
vt 0.039525680243968964 0.6908212900161743
vt 0.9992548227310181 0.6908212900161743
vt 0.5194761753082275 0.6330918371677399
vt 0.9994267225265503 0.5753623843193054
vt 0.03969787806272507 0.5753623843193054
vt 2.9984521865844727 0.4999999403953552
vt 1.9990007877349854 0.5734741687774658
vt 0.38076475262641907 0.7062332034111023
vt 0.0015643537044525146 0.5799999237060547
vt 2.8915493488311768 0.5799999237060547
vt 0.5 0.5130000114440918
vt 1.8766143321990967 0.7062332034111023
vt 0.7486017942428589 0.7184481024742126
vt 0.8628318905830383 0.9992424845695496
vt 1.4994081258773804 0.6677077412605286
vt 1.5863196849822998 0.5799999237060547
vt 0.06505986303091049 0.5743706226348877
vt 1.0750598907470703 0.5753519535064697
vt 1.0750598907470703 0.6935496926307678
vt 2.074005126953125 0.7918851226568222
vt 1.3831696510314941 0.7854183614253998
vt 1.039740800857544 0.7573406100273132
vt 1.2309303283691406 0.923916332423687
vt 1.8818689584732056 0.8235936760902405
vt 1.0740300416946411 0.8234961628913879
vt 0.06505986303091049 0.6928532719612122
vt 1.0750598907470703 0.5079751014709473
vt 1.0750598907470703 0.5753519535064697
vt 0.06505986303091049 0.5743706226348877
vt 0.25002336502075195 0.7009596228599548
vt 0.0007493197917938232 0.7009596228599548
vt 0.4992973804473877 0.7009596228599548
vt 0.5468330979347229 0.6226300001144409
vt 0.06505986303091049 0.5067997574806213
vt 0.9995004534721375 0.33000004291534424
vt 0.9994998574256897 0.5100574493408203
vt 0.0004997551441192627 0.5094985961914062
vt 0.0004995465278625488 0.33000004291534424
vt 1.0750598907470703 0.5743052959442139
vt 1.0750598907470703 0.5067424774169922
vt 0.06505986303091049 0.5077062249183655
vt 0.06505986303091049 0.5750747919082642
vt 1.0750598907470703 0.6922444701194763
vt 1.0750598907470703 0.5743052959442139
vt 0.06505986303091049 0.5750747919082642
vt 0.06505986303091049 0.6922442317008972
vt 0.5028319954872131 0.5554429292678833
vt 0.9995003938674927 0.7033649682998657
vt 0.8428412675857544 0.5554429292678833
vt 0.4289255440235138 0.5554429292678833
vt 0.42892536520957947 0.5568923950195312
vt 0.0004994869232177734 0.7048145532608032
vt 0.09786421060562134 0.5568923950195312
vt 0.5028318166732788 0.5568923950195312
vt 0.8428410291671753 0.5568923950195312
vt 0.9995001554489136 0.7048145532608032
vt 0.09786435961723328 0.5554429292678833
vt 0.0004996955394744873 0.7033649682998657
vt 2.9985015392303467 0.7719941735267639
vt 0.9995006322860718 0.7795219421386719
vt 0.9920806288719177 0.7169082164764404
vt 0.377767950296402 0.7420414686203003
vt 1.1372482776641846 0.712117075920105
vt 1.7305763959884644 0.7638073861598969
vt 1.1286895275115967 0.7062332034111023
vt 0.0973714292049408 0.7985062003135681
vt 0.000999152660369873 0.5049375295639038
vt 0.0009990930557250977 0.32100510597229004
vt 0.5004995465278625 0.2407802939414978
vt 1.999000906944275 0.00010585784912109375
vt 1.9990006685256958 0.32100605964660645
vt 1.4995005130767822 0.08033066987991333
vt 0.00099945068359375 0.0001049041748046875
vt 0.0009990930557250977 0.32100510597229004
vt 0.5004995465278625 0.24078035354614258
vt 1 0.16055554151535034
vt 0.9999998807907104 0.321005642414093
vt 1.0995776653289795 0.7763908803462982
vt 1.9990006685256958 0.321006178855896
vt 1.999000906944275 0.00010591745376586914
vt 1.4995005130767822 0.0803307294845581
vt 1.000000238418579 0.00010538101196289062
vt 1.1123814582824707 0.7445167303085327
vt 1.8316302299499512 0.7852409780025482
vt 1.9104418754577637 0.8737562298774719
vt 1.9989981651306152 0.5049307942390442
vt 0.4999998211860657 0.7048145532608032
vt 0.5004997253417969 0.0803302526473999
vt 1.4995002746582031 0.24078083038330078
vt 1.4995002746582031 0.240780770778656
vt 1.2497501373291016 0.2808932065963745
vt 0.0014986395835876465 0.6999999284744263
vt 0.758743166923523 0.3012678623199463
vt 1.1108372211456299 0.43895018100738525
vt 1.4072248935699463 0.6259667873382568
vt 0.40697675943374634 0.6911340355873108
vt 0.45005694031715393 0.6931980848312378
vt 0.4056727886199951 0.7437905669212341
vt 0.2709865868091583 0.8456647992134094
vt 0.31561294198036194 0.8464476466178894
vt 0.27223554253578186 0.8958925604820251
vt 0.4506273567676544 0.6415322422981262
vt 0.49552008509635925 0.641375720500946
vt 1.3238909244537354 0.6997681856155396
vt 1.6208443641662598 1
vt 1.241688847541809 1
vt 0.31590336561203003 0.7946241497993469
vt 0.3610404133796692 0.7946659326553345
vt 1.4906423091888428 0.5520914196968079
vt 0.9812846183776855 0.10418283939361572
vt 1.7592495679855347 0.7637105584144592
vt 0.496366947889328 0.5895566344261169
vt 0.5407713055610657 0.589794933795929
vt 1.0685300827026367 0.6162720620632172
vt 1.58870267868042 0.5589935779571533
vt 1.1470736265182495 0.47369903326034546
vt 0.18114297091960907 0.9477574825286865
vt 0.22615869343280792 0.9484145045280457
vt 0.18135318160057068 0.9994872212409973
vt 1.1935062408447266 0.3657376766204834
vt 1.4623374938964844 0.5771584510803223
vt 0.9246750473976135 0.15431690216064453
vt 0.42218151688575745 0.03559577465057373
vt 0.4712645709514618 0.03571367263793945
vt 0.21109075844287872 0.3273025155067444
vt 0.870013952255249 0.20272529125213623
vt 0 0.0003597140312194824
vt 1.8897030353546143 0.18017995357513428
vt 2.2507240772247314 0.36000001430511475
vt 1.8744795322418213 0.5398201048374176
vt 1.9406647682189941 0.18017995357513428
vt 0.5742861032485962 0.237099289894104
vt 0.014841735363006592 0.3656643033027649
vt 0.30123546719551086 0.48396414518356323
vt 0.028184831142425537 0.7308290004730225
vt 1.513343095779419 0.7308289110660553
vt 0.5876292586326599 0.602264016866684
vt 0.5 0.41039466857910156
vt 0.5 0.56442990899086
vt 0.75 0.5650174915790558
vt 1.5286821126937866 0.0003598928451538086
vt 0 0.40921950340270996
vt 0.25 0.5638423264026642
vt 0.25 0.40980708599090576
vt 2.2355003356933594 0.7196401357650757
vt 1.8668676614761353 0.7196401655673981
vt 0.5 0.7184651494026184
vt 1.4982349872589111 0.7196401953697205
vt 0.25 0.25577181577682495
vt 1.2498918771743774 0.3158019781112671
vt 1.0369982719421387 0.054842233657836914
vt 0.5 0.6203421056270599
vt 0.7356323003768921 0.32869434356689453
vt 0.75 0.6210085153579712
vt 1 0.6216749548912048
vt 0.8688977360725403 0.15250635147094727
vt 0.6467452049255371 0.9228516519069672
vt 1.3517162799835205 0.6751257181167603
vt 1.6619454622268677 0.8498840928077698
vt 2 1
vt 0.5361140966415405 0.4984304904937744
vt 0.593065083026886 0.4479941129684448
vt 0.48337775468826294 1
vt 0.5370733141899109 0.44834136962890625
vt 0.6477818489074707 0.3995363712310791
vt 0.5923776030540466 0.39903533458709717
vt 0.7034326791763306 0.3502514362335205
vt 0.647681474685669 0.34972965717315674
vt 0.3999485373497009 0.5398202240467072
vt 0.7609695196151733 0.7196402549743652
vt 0.39233678579330444 0.7196402847766876
vt 0.7029855847358704 0.300423800945282
vt 0.02370402216911316 0.71964031457901
vt 0.9778774976730347 0.9992556571960449
vt 0.814449667930603 0.25193357467651367
vt 0.758289635181427 0.2511179447174072
vt 1.5184991359710693 0.5274211168289185
vt 0 0.7172899842262268
vt 0.8135935068130493 0.2018122673034668
vt 0.48192620277404785 0.5464198589324951
vt 0.4817691445350647 0.4976472854614258
vt 0.9795437455177307 0.05386090278625488
vt 0.9242016673088074 0.10320061445236206
vt 1 0.71964031457901
vt 1 0.4115840792655945
vt 0.985836386680603 0.5496522784233093
vt 0.6020181179046631 0.9738350808620453
vt 0.7701135873794556 0.5391480028629303
vt 0.9995005130767822 0.539146900177002
vt 0.759302020072937 0.7692023813724518
vt 0.5407266020774841 0.5391491055488586
vt 0.5796153545379639 0.9993714392185211
vt 0.7366988062858582 0.8203156888484955
vt 0.6917751431465149 0.8715231120586395
vt 0.7356323003768921 0.01941549777984619
vt 1 0.0031173229217529297
vt 0 0.619009256362915
vt 0.2356322854757309 0.32736146450042725
vt 0.02293802797794342 0.3600001335144043
vt 0.02217203378677368 0.0003598928451538086
vt 0.3991825580596924 0.18018001317977905
vt 1.7325292825698853 0.0003598928451538086
vt 2.352647542953491 0.36000001430511475
vt 1.4350069761276245 0.6013626456260681
vt 1 0.31239616870880127
vt 0.7356739044189453 0.0023905038833618164
vt 0.47134774923324585 0.0016636252403259277
vt 1.0348851680755615 0.004521846771240234
vt 1.5184991359710693 0.027670860290527344
vt 0.7761930823326111 0.3600001335144043
vt 0.7754270434379578 0.0003598928451538086
vt 1.1524375677108765 0.18018001317977905
vt 0 0.10114896297454834
vt 0.5 0.10233843326568604
vt 0.24218842387199402 0.7742139995098114
vt 0.0009990930557250977 0.5484279990196228
vt 0.0024506449699401855 1
vt 1.325336217880249 0.44991010427474976
vt 1.1372140645980835 0.5398201644420624
vt 1.160329818725586 0.0004994869232177734
vt 0.5809142589569092 0.0004995465278625488
vt 0.8673079609870911 0.11879938840866089
vt 0.9447353482246399 0.6997681856155396
vt 1.7015807628631592 0.2700899839401245
vt 0.75 0.25696122646331787
vt 1.513458490371704 0.36000001430511475
vt 0.3605981469154358 0.7438358068466187
vt 0.22630147635936737 0.896442174911499
vt 1.3793716430664062 0.6506339311599731
vt 0.4856323003768921 0.3280278444290161
vt 0.3987995386123657 0.0003598928451538086
vt 1.8846327066421509 0.7308288812637329
vt 2.033515691757202 0.6735504269599915
vt 2.255922317504883 0.7308288812637329
vt 2.53979754447937 0.251107394695282
vt 2.0470128059387207 0.0004995465278625488
vt 2.108875274658203 0.5017151236534119
vt 1.277748703956604 0.2911316752433777
vt 0.8625333309173584 1
vt 2.6117448806762695 0.5398200452327728
vt 2 0.5002497732639313
vt 0.4222646951675415 0.0015277266502380371
vt 1.627974510192871 0.48770707845687866
vt 1.7592495679855347 0.2639603614807129
vt 2 0.0004995465278625488
vt 1.1296021938323975 0.7196402251720428
vt 1.0275745391845703 0.5126885771751404
vt 2.5536882877349854 0.61627197265625
vt 1.142053484916687 0.7308289408683777
vt 0.7707639336585999 0.7308289408683777
vt 2.9985013008117676 0.7308288216590881
vt 2.627211809158325 0.7308288514614105
vt 1.811109185218811 0.6162720322608948
vt 1 0.10352784395217896
vt 0.5483574867248535 0.673550546169281
vt 2.604133129119873 0.7196401059627533
vt 2.9727659225463867 0.7196400761604309
vt 0.21144329011440277 0.44991016387939453
vt 1.1520545482635498 0.0003598928451538086
vt 2.042588472366333 0.18017995357513428
vt 2.9846105575561523 0.3656642436981201
vt 2.970719814300537 0.0004996657371520996
vt 2.3655154705047607 0.0003598928451538086
vt 2.6627068519592285 0.5398200452327728
vt 2.9856338500976562 0.36000001430511475
vt 0.0014986395835876465 0.0004996061325073242
vt 0 0.30968451499938965
vt 2.675574541091919 0.18017995357513428
vt 2.9985015392303467 0.0003598928451538086
vt 1.5174425840377808 0.002510666847229004
vt 2.508866310119629 0.0004996061325073242
vt 2.7691493034362793 0.49096810817718506
vt 0.2940096855163574 0.058451175689697266
vt 0.19468601047992706 0.058286964893341064
vt 0.19468601047992706 0.40728622674942017
vt 0.19468601047992706 0.4094530940055847
vt 0.2940096855163574 0.40961652994155884
vt 0.2940096855163574 0.060618042945861816
vt 0.19468601047992706 0.06045377254486084
vt 0.2940096855163574 0.4074496626853943
vt 0.19468601047992706 0.4080095887184143
vt 0.2940096855163574 0.4081730246543884
vt 0.2940096855163574 0.059174537658691406
vt 0.19468601047992706 0.059010326862335205
vt 0.19468601047992706 0.40873831510543823
vt 0.2940096855163574 0.40890175104141235
vt 0.2940096855163574 0.05990332365036011
vt 0.19468601047992706 0.05973905324935913
vt 0.4732562005519867 0.3167397975921631
vt 0.08902580291032791 0.3167397975921631
vt 0.4732564389705658 0.20233023166656494
vt 0.8574866056442261 0.3167397975921631
vt 0.8574879765510559 0.09130436182022095
vt 0.47325682640075684 0.09130436182022095
vt 0.6375422477722168 0
vt 0.08902627974748611 0.08792060613632202
vt 0.4732567369937897 0.0879206657409668
vt 0.08902570605278015 0.09130436182022095
vt 0.8574872016906738 0.0879206657409668
vt 0.30897051095962524 0
vt 0.08902570605278015 0
vt 0.8574877977371216 0
vt 0.5535470247268677 0.027743041515350342
vt 0.6375428438186646 0.0061307549476623535
vt 0.6375455856323242 0.12423646450042725
vt 0.3869348168373108 0.027742981910705566
vt 0.30897068977355957 0.1242363452911377
vt 0.308971107006073 0.006131172180175781
vt 0.5535470247268677 0.12423503398895264
vt 0.38693493604660034 0.12423449754714966
vt 1.389837622642517 0.50239497423172
vt 1.4928255081176758 0.6600000262260437
vt 1.4983559846878052 0.4949607253074646
vt 1.0011265277862549 0.580000102519989
vt 2.9991283416748047 0.580000102519989
vt 3.998002052307129 0.6600000858306885
vt 2.0002546310424805 0.5000000894069672
vt 3.820558786392212 0.34000009298324585
vt 0.002506852149963379 0.6600000858306885
vt 0.0019979476928710938 0.34000009298324585
vt 1.9115328788757324 0.6600000858306885
vt 3.820558786392212 0.6600000858306885
vt 1.9115327596664429 0.34000009298324585
vt 0.002506852149963379 0.34000009298324585
vt 0.001998305320739746 0.6600000858306885
vt 2.9985015392303467 0.3484835624694824
vt 0.7500592470169067 0.6679947376251221
vt 0.0014985501766204834 0.6679947376251221
vt 1.4986199140548706 0.6679947376251221
vt 0.13468614220619202 0.3461102843284607
vt 0.7500592470169067 0.6499999761581421
vt 1.4986200332641602 0.6499999761581421
vt 0.0014985501766204834 0.6499999761581421
vt 1.9999998807907104 0.34000009298324585
vt 3.9980015754699707 0.6600000858306885
vt 1.0009989738464355 0.34000009298324585
vt 0.0019980669021606445 0.34000009298324585
vt 0.0019980669021606445 0.6600000858306885
vt 0.17944908142089844 0.34000009298324585
vt 1.0009989738464355 0.6600000858306885
vt 1.999999761581421 0.6600000858306885
vt 1.501837968826294 0.6600000262260437
vt 1.0246107578277588 0.33000004291534424
vt 1.501837968826294 0.33000004291534424
vt 0.5473834276199341 0.33000004291534424
vt 0.199700266122818 0.6600000262260437
vt 0.199700266122818 0.33000004291534424
vt 0.27203884720802307 0.33000004291534424
vt 1.6749083995819092 0.33000004291534424
vt 1.6749083995819092 0.6600000262260437
vt 1.6737470626831055 0.6510000228881836
vt 1.755964994430542 0.6510000228881836
vt 1.7685987949371338 0.33000004291534424
vt 1.760736107826233 0.40533584356307983
vt 1.760736107826233 0.5703343152999878
vt 1.6749083995819092 0.5703343749046326
vt 1.6749083995819092 0.4053359031677246
vt 0.8294185996055603 0.5304303765296936
vt 0.8294190764427185 0.33085328340530396
vt 1.0642218589782715 0.33085399866104126
vt 1.0642204284667969 0.530428946018219
vt 1.5038838386535645 0.33000004291534424
vt 0.6333808898925781 0.5204435586929321
vt 0.7665650844573975 0.5228745341300964
vt 0.1135314330458641 0.666965663433075
vt 0.10527662187814713 0.5108042359352112
vt 0.24383363127708435 0.513333261013031
vt 0 0.652212917804718
vt 0.20000000298023224 0.649779200553894
vt 0.20000000298023224 0.5839067697525024
vt 0 0.5861338973045349
vt 0.199700266122818 0.4053364396095276
vt 0.199700266122818 0.5703349709510803
vt -0.05805700644850731 0.5718355178833008
vt 1.0002497434616089 0.6503381729125977
vt 0.0004995167255401611 0.6503381729125977
vt 0.5003746747970581 0.5702536404132843
vt 0.49999094009399414 0.33000004291534424
vt 0.9994824528694153 0.33000004291534424
vt 0.49999991059303284 0.4950000047683716
vt 0.000499427318572998 0.33000004291534424
vt 0.0007491856813430786 0.3458430767059326
vt 0.10935211181640625 0.6518283486366272
vt 0.0007494539022445679 0.6518304347991943
vt 0.0007494091987609863 0.3788841962814331
vt 0.10935220122337341 0.3788820505142212
vt 0.017283491790294647 0.6586308479309082
vt 0.6458677053451538 0.35951846837997437
vt 0.6458615064620972 0.6603586673736572
vt 0.3631957769393921 0.6603586673736572
vt 0.3632000684738159 0.35951775312423706
vt 0.3080785870552063 0.5765026807785034
vt 0.20000000298023224 0.33000004291534424
vt 1.4258018732070923 0.3637521266937256
vt 1.4151830673217773 0.5347135066986084
vt 1.2902077436447144 0.5324323773384094
vt 0.49999991059303284 0.6600000262260437
vt 0.000499427318572998 0.6600000262260437
vt 0.9995003938674927 0.6600000262260437
vt 1.0002498626708984 0.33000004291534424
vt 1.5001249313354492 0.41008460521698
vt 1.0002498626708984 0.49016910791397095
vt 2 0.33000004291534424
vt 2 0.6503381729125977
vt 2 0.33000004291534424
vt 1.0002498626708984 0.33000004291534424
vt 1.5001249313354492 0.41008460521698
vt 1.0002497434616089 0.49016910791397095
vt 2 0.6503381729125977
vt 0.5003746747970581 0.5702536404132843
vt 0.0004996955394744873 0.33000004291534424
vt 0.0004995167255401611 0.6503381729125977
vt 3.9980015754699707 0.34000009298324585
vt 2.995741367340088 0.6679947376251221
vt 2.0887253284454346 0.5000000894069672
vt 1.565213680267334 0.498055100440979
vt 0.5014887452125549 0.33000004291534424
vt 0.5619900822639465 0.6600000262260437
vt 0.2559237480163574 0.6600000262260437
vt 2.249250888824463 0.3484835624694824
vt 1.5000004768371582 0.3484835624694824
vt 0.2559238076210022 0.6600000262260437
vt 0.5619900226593018 0.6600000262260437
vt 0.5014888048171997 0.33000004291534424
vt 0.2559238076210022 0.6600000262260437
vt 0.5619900226593018 0.6600000262260437
vt 0.5014888048171997 0.33000004291534424
vt 0.5014888644218445 0.33000004291534424
vt 0.5619902014732361 0.6600000262260437
vt 0.2559238374233246 0.6600000262260437
vt 0.25592362880706787 0.6600000262260437
vt 0.5619898438453674 0.6600000262260437
vt 0.5014886856079102 0.33000004291534424
vt 0.5014886856079102 0.33000004291534424
vt 0.5619900226593018 0.6600000262260437
vt 0.25592365860939026 0.6600000262260437
vt 0.5031147599220276 0.33000004291534424
vt 0.5619902014732361 0.6600000262260437
vt 0.255923867225647 0.6600000262260437
vt 0.2559237480163574 0.6600000262260437
vt 0.561989963054657 0.6600000262260437
vt 0.5014886856079102 0.33000004291534424
vt 0.25592368841171265 0.6600000262260437
vt 0.561989963054657 0.6600000262260437
vt 0.5014887452125549 0.33000004291534424
vt 0.5014888048171997 0.33000004291534424
vt 0.5619900822639465 0.6600000262260437
vt 0.2559237480163574 0.6600000262260437
vt 0.00024981796741485596 0.33000004291534424
vt 0.00034806132316589355 0.6600000262260437
vt 0.4997503459453583 0.6600000262260437
vt 0 0.6684924364089966
vt 1 0.5031193792819977
vt 0 0.3377463221549988
vt 2 0.6684924364089966
vt 2 0.33996647596359253
vt 0 0.6707461476325989
vt 1 0.5042630136013031
vt 0 0.3400000333786011
vt 2 0.6685259938240051
vt 2 0.3400000333786011
vt 1.4002164602279663 0.3788793683052063
vt 0.754784345626831 0.5153538286685944
vt 1.4002165794372559 0.6518256068229675
vt 0.8489041328430176 0.5394525527954102
vt 0.8462629318237305 0.6600000262260437
vt 0.8507691025733948 0.6600000262260437
vt 1.5652135610580444 0.3462216854095459
vt 2.9957408905029297 0.3463330864906311
vt 2.229210376739502 0.3484835624694824
vt 1.4347864389419556 0.6681638658046722
vt 0.004259079694747925 0.6681638360023499
vt 2.865313768386841 0.6681638956069946
vt 0.22567307949066162 0.4950000047683716
vt -0.050142571330070496 0.6600000262260437
vt 0.010358527302742004 0.33000004291534424
vt -0.05014254152774811 0.6600000262260437
vt 0.22567309439182281 0.4950000047683716
vt 0.010358884930610657 0.33000004291534424
vt 0.22567316889762878 0.4950000047683716
vt -0.05014251172542572 0.6600000262260437
vt 0.010358616709709167 0.33000004291534424
vt -0.050142452120780945 0.6600000262260437
vt 0.22567318379878998 0.4950000047683716
vt 0.01035897433757782 0.33000004291534424
vt 0.22648614645004272 0.4950000047683716
vt -0.05014248192310333 0.6600000262260437
vt 0.01035858690738678 0.33000004291534424
vt -0.05014251172542572 0.6600000262260437
vt 0.22567309439182281 0.4950000047683716
vt 0.010358855128288269 0.33000004291534424
vt -0.05014242231845856 0.6600000262260437
vt 0.22567318379878998 0.4950000047683716
vt 0.010358944535255432 0.33000004291534424
vt 0.22567299008369446 0.4950000047683716
vt -0.050142690539360046 0.6600000262260437
vt 0.010358467698097229 0.33000004291534424
vt -0.05014263093471527 0.6600000262260437
vt 0.22567303478717804 0.4950000047683716
vt 0.010358825325965881 0.33000004291534424
vt 0.225673109292984 0.4950000047683716
vt -0.05014260113239288 0.6600000262260437
vt 0.010358527302742004 0.33000004291534424
vt 0 0.6648916006088257
vt 1.5 0.5982898473739624
vt 0 0.5348915457725525
vt 3 0.6616881489753723
vt 3 0.5316880941390991
vt 0 0.5299999713897705
vt 1.5 0.5949999988079071
vt 0 0.6600000262260437
vt 3 0.5299999713897705
vt 3 0.6600000262260437
vt 0.0014996230602264404 0.3484835624694824
vt 0.40423572063446045 0.33000004291534424
vt 0.32273948192596436 0.6600000262260437
vt 0.5846104025840759 0.6600000262260437
vt 0.4042339324951172 0.33000004291534424
vt 0.503114640712738 0.33000004291534424
vt 0.584609866142273 0.6600000262260437
vt 0.32273828983306885 0.6600000262260437
vt 0.4985315799713135 0.33000004291534424
vt 0.39965248107910156 0.33000004291534424
vt 0.31815624237060547 0.6600000262260437
vt 0.5800274610519409 0.6600000262260437
vt 0.3996506929397583 0.33000004291534424
vt 0.49853140115737915 0.33000004291534424
vt 0.5800266265869141 0.6600000262260437
vt 0.31815505027770996 0.6600000262260437
vt 0.9374232292175293 0.33000004291534424
vt 0.8385441899299622 0.33000004291534424
vt 0.7570482492446899 0.6600000262260437
vt 1.0189192295074463 0.6600000262260437
vt 0.8385424017906189 0.33000004291534424
vt 0.9374231100082397 0.33000004291534424
vt 1.0189183950424194 0.6600000262260437
vt 0.7570467591285706 0.6600000262260437
vt 1.486823320388794 0.900762140750885
vt 1.387944221496582 0.9007620811462402
vt 1.306447982788086 0.999500036239624
vt 1.5683186054229736 0.9995002746582031
vt 1.3879424333572388 0.9030358195304871
vt 1.4868230819702148 0.90303635597229
vt 1.5683183670043945 1.0017741918563843
vt 1.3064467906951904 1.0017740726470947
vt 1.4886410236358643 0.9007620215415955
vt 1.3897619247436523 0.9007619619369507
vt 1.3082654476165771 0.9994999170303345
vt 1.570136308670044 0.9995001554489136
vt 1.389760136604309 0.9030359387397766
vt 1.4886409044265747 0.9030364751815796
vt 1.5701360702514648 1.0017743110656738
vt 1.3082648515701294 1.0017743110656738
vt 0.029252421110868454 0.3066442012786865
vt 0.23157495260238647 0.3066442012786865
vt 0.2315751165151596 0.02444171905517578
vt 0.029252227395772934 0.02444171905517578
vt 0.029252421110868454 0.024440526962280273
vt -0.00023581788991577923 0.3000565767288208
vt 0.2610638439655304 0.3066442012786865
vt 0.23157495260238647 0.024440526962280273
vt -0.00023570751363877207 0.3066442012786865
vt 0.047809306532144547 0.024440467357635498
vt -0.00023534877982456237 0.02444171905517578
vt 0.26106390357017517 0.2087610960006714
vt 0.2130182534456253 0.2087622880935669
vt 0.0058638895861804485 0.3066437244415283
vt 0.2610638439655304 0.3066442012786865
vt 0.0058638895861804485 0.2087618112564087
vt 0.26106351613998413 0.02444171905517578
vt 0.21301908791065216 0.024440467357635498
vt 0.04780988395214081 0.2087622880935669
vt 0.6054739356040955 0.2725704312324524
vt 0.7116430401802063 0.3276060223579407
vt 0.711644172668457 0.18298327922821045
vt 0.3948782682418823 0.27257055044174194
vt 0.29633423686027527 0.18298375606536865
vt 0.29632920026779175 0.327605664730072
vt 0.6054719090461731 0.3276051878929138
vt 0.394876629114151 0.32760506868362427
vt 0.2272978574037552 0.33000004291534424
vt 0.4996531009674072 0.33000004291534424
vt 0.5003747940063477 0.41008460521698
vt 0.2504372000694275 0.4501268267631531
vt 0.0004996955394744873 0.33000004291534424
vt 1.2501873970031738 0.6102958917617798
vt 1.5001249313354492 0.5702536404132843
vt 3.998002052307129 0.34000009298324585
vt 3.043363571166992 0.580000102519989
vt 3.9980015754699707 0.6600000858306885
vt 2.0887255668640137 0.34000009298324585
vt 1.9112744331359863 0.34000009298324585
vt 3.8205509185791016 0.34000009298324585
vt 2.280477523803711 0.5740275382995605
vt 2.995741367340088 0.6499999761581421
vt 0.1028904914855957 0.6600000262260437
vt 0.0014993548393249512 0.3484835624694824
vt 0.7507498860359192 0.3484835624694824
vt 2.7329792976379395 0.3484835624694824
vt 0.25 0.33000004291534424
vt 0.0004998445510864258 0.33000004291534424
vt 0.0004996359348297119 0.6499999761581421
vt 0.25 0.6499999761581421
vt 0.25 0.6499999761581421
vt 0.5 0.6499999761581421
vt 0.5 0.33000004291534424
vt 0.25 0.33000004291534424
vt 0.25 0.33000004291534424
vt 0.5 0.33000004291534424
vt 0.5 0.6499999761581421
vt 0.25 0.6499999761581421
vt 0.25 0.6499999761581421
vt 0.25 0.33000004291534424
vt 0.0019980669021606445 0.6600000858306885
vt 0.8408692479133606 0.6609359979629517
vt 0.8408692479133606 0.3530077338218689
vt 0.16127672791481018 0.6609343886375427
vt 0.16127672791481018 0.35300612449645996
vt 0.8408692479133606 0.3530077338218689
vt 0.50222247838974 0.6380300521850586
vt 0.16127672791481018 0.35300612449645996
vt 0.16127672791481018 0.6609343886375427
vt 0.5136178135871887 0.36625099182128906
vt 0.8408692479133606 0.6609359979629517
vt 3 0.5316880941390991
vt 3 0.6632034778594971
vt 2.687000036239624 0.5299999713897705
vt 2.687000036239624 0.6600000262260437
vt 0.19200503826141357 0.6600000262260437
vt 0.7837198972702026 0.5299999713897705
vt 0.19200482964515686 0.5299999713897705
vt 0.19200482964515686 0.5299999713897705
vt 0.19200503826141357 0.6600000262260437
vt 0.7837198972702026 0.5299999713897705
vt 0.7837198972702026 0.6600000262260437
vt 3 0.6600000858306885
vt 0 0.6600000858306885
vt 0 0.3400000333786011
vt 3 0.3400000333786011
vt 0 0.6600000262260437
vt -0.1835748851299286 0.6699999570846558
vt -0.1835748851299286 0.3400000333786011
vt 0.006038576364517212 0.6699999570846558
vt 0.006038576364517212 0.3400000333786011
vt -0.1835748851299286 0.6699999570846558
vt -0.1835748851299286 0.3400000333786011
vt 0.006038576364517212 0.6699999570846558
vt 0.006038576364517212 0.3400000333786011
vt 0.0975702553987503 0.3941158652305603
vt 0.0042099496349692345 0.39411699771881104
vt 0.09772177040576935 0.6569979786872864
vt 0.004210188053548336 0.6570054888725281
vt 0.9995012283325195 0.4690976142883301
vt 0.99950110912323 0.661325991153717
vt 0.8193410634994507 0.46910691261291504
vt 0.8193409442901611 0.6613353490829468
vt 0 0.3377463221549988
vt 2 0.6753547787666321
vt 0 0.3400000333786011
vt 2 0.3331368565559387
vt 0.0925549864768982 0.6650601625442505
vt 0.39105433225631714 0.6702184677124023
vt 0.11967945098876953 0.34207814931869507
vt 0.39105433225631714 0.34207814931869507
vt 0.8271310925483704 0.41891878843307495
vt 1.0424320697784424 0.41891878843307495
vt 0.827131986618042 0.6656216979026794
vt 1.0424330234527588 0.6656214594841003
vt 0.39105433225631714 0.34207814931869507
vt 0.39105433225631714 0.6702184677124023
vt 0.39105433225631714 0.34207814931869507
vt 0.33547288179397583 0.11742806434631348
vt 0.3354736566543579 0.028039932250976562
vt 0.6645246148109436 0.09497213363647461
vt 0.6645236015319824 0.18435007333755493
vt 0.6645263433456421 0.11742854118347168
vt 0.33547553420066833 0.1843506097793579
vt 0.3354746103286743 0.09488368034362793
vt 0.66452556848526 0.027951538562774658
vt 0.6645262837409973 0.11507439613342285
vt 0.335475355386734 0.16792148351669312
vt 0.3354746103286743 0.09724938869476318
vt 0.6645256876945496 0.04439431428909302
vt 0.6645262837409973 0.11536610126495361
vt 0.3354753851890564 0.16994595527648926
vt 0.3354746103286743 0.09700143337249756
vt 0.6645256876945496 0.04241335391998291
vt 0.3354729413986206 0.11507391929626465
vt 0.33547353744506836 0.044464051723480225
vt 0.6645246148109436 0.09731918573379517
vt 0.6645238399505615 0.1679210662841797
vt 0.3354729115962982 0.11536562442779541
vt 0.33547353744506836 0.04248541593551636
vt 0.6645245552062988 0.09707355499267578
vt 0.6645237803459167 0.16994547843933105
vt 0.3354737162590027 0.11507439613342285
vt 0.3354737162590027 0.04439425468444824
vt 0.6645235419273376 0.044464170932769775
vt 0.664523720741272 0.11507397890090942
vt 0.3354737162590027 0.11742854118347168
vt 0.3354737162590027 0.027951538562774658
vt 0.6645234823226929 0.028040051460266113
vt 0.664523720741272 0.11742812395095825
vt 0.3354737162590027 0.11536610126495361
vt 0.3354737162590027 0.04241335391998291
vt 0.6645235419273376 0.04248553514480591
vt 0.664523720741272 0.11536568403244019
vt 0.6645245552062988 0.09724932909011841
vt 0.6645240783691406 0.16792148351669312
vt 0.3354739844799042 0.1679210662841797
vt 0.3354746401309967 0.09731918573379517
vt 0.6645245552062988 0.09488362073898315
vt 0.6645238995552063 0.1843506097793579
vt 0.33547383546829224 0.18435007333755493
vt 0.3354746699333191 0.09497213363647461
vt 0.6645245552062988 0.09700137376785278
vt 0.6645240783691406 0.16994589567184448
vt 0.3354739546775818 0.16994547843933105
vt 0.3354746103286743 0.09707355499267578
vt 0.6645238399505615 0.13287335634231567
vt 0.3354737162590027 0.17922580242156982
vt 0.3354737162590027 0.08218574523925781
vt 0.664523720741272 0.03587806224822998
vt 0.6645247936248779 0.08218520879745483
vt 0.6645239591598511 0.17922544479370117
vt 0.33547431230545044 0.13287293910980225
vt 0.33547520637512207 0.03587746620178223
vt 0.6645238399505615 0.1315746307373047
vt 0.3354739248752594 0.17792701721191406
vt 0.33547380566596985 0.08108490705490112
vt 0.6645238399505615 0.034777283668518066
vt 0.6645249128341675 0.08108431100845337
vt 0.6645240187644958 0.1779266595840454
vt 0.3354744613170624 0.13157421350479126
vt 0.33547523617744446 0.03477668762207031
vt 0.6645238995552063 0.13058733940124512
vt 0.3354738652706146 0.1769397258758545
vt 0.33547377586364746 0.08030152320861816
vt 0.6645238399505615 0.03399395942687988
vt 0.6645248532295227 0.08030092716217041
vt 0.6645239591598511 0.17693930864334106
vt 0.33547443151474 0.13058698177337646
vt 0.33547526597976685 0.03399336338043213
vt 0.664526104927063 0.08218574523925781
vt 0.664527177810669 0.1792258620262146
vt 0.33547547459602356 0.17922544479370117
vt 0.33547443151474 0.08218514919281006
vt 0.3354737460613251 0.035878121852874756
vt 0.6645233631134033 0.03587746620178223
vt 0.6645234823226929 0.13287293910980225
vt 0.3354738652706146 0.13287341594696045
vt 0.664526104927063 0.0810849666595459
vt 0.6645269989967346 0.17792707681655884
vt 0.33547547459602356 0.1779266595840454
vt 0.3354744613170624 0.08108431100845337
vt 0.33547356724739075 0.034777283668518066
vt 0.6645252704620361 0.03477668762207031
vt 0.6645241975784302 0.13157415390014648
vt 0.33547264337539673 0.1315746307373047
vt 0.6645259857177734 0.08030158281326294
vt 0.6645268797874451 0.17693978548049927
vt 0.33547547459602356 0.17693930864334106
vt 0.33547443151474 0.08030092716217041
vt 0.33547359704971313 0.03399395942687988
vt 0.6645252704620361 0.033993303775787354
vt 0.6645241975784302 0.1305869221687317
vt 0.33547264337539673 0.1305873990058899
vt 0.3354737162590027 0.01740795373916626
vt 0.6645238399505615 0.01740795373916626
vt 0.6645238995552063 0.1951526403427124
vt 0.3354737162590027 0.1951526403427124
vt 0.6645238399505615 0.1951524019241333
vt 0.3354737162590027 0.19515228271484375
vt 0.3354753851890564 0.017407655715942383
vt 0.6645254492759705 0.017407655715942383
vt 0.3354756534099579 0.1951524019241333
vt 0.33547377586364746 0.017407655715942383
vt 0.6645254492759705 0.01740795373916626
vt 0.6645252108573914 0.1951526403427124
vt 0.6645235419273376 0.19515228271484375
vt 0.3354739248752594 0.1951526403427124
vt 0.3354737460613251 0.01740795373916626
vt 0.6645254492759705 0.017407655715942383
vt 0.3354737162590027 0.01740795373916626
vt 0.6645238399505615 0.01740795373916626
vt 0.6645238995552063 0.1951526403427124
vt 0.3354737162590027 0.1951526403427124
vt 0.6645238399505615 0.1951524019241333
vt 0.3354737162590027 0.19515228271484375
vt 0.3354753851890564 0.017407655715942383
vt 0.6645254492759705 0.017407655715942383
vt 0.3354756534099579 0.1951524019241333
vt 0.33547377586364746 0.017407655715942383
vt 0.6645254492759705 0.01740795373916626
vt 0.6645252108573914 0.1951526403427124
vt 0.6645235419273376 0.19515228271484375
vt 0.3354739248752594 0.1951526403427124
vt 0.3354737460613251 0.01740795373916626
vt 0.6645254492759705 0.017407655715942383
vt 0.3354737162590027 0.01740795373916626
vt 0.6645238399505615 0.01740795373916626
vt 0.6645238995552063 0.1951526403427124
vt 0.3354737162590027 0.1951526403427124
vt 0.6645238399505615 0.1951524019241333
vt 0.3354737162590027 0.19515228271484375
vt 0.3354753851890564 0.017407655715942383
vt 0.6645254492759705 0.017407655715942383
vt 0.3354756534099579 0.1951524019241333
vt 0.33547377586364746 0.017407655715942383
vt 0.6645254492759705 0.01740795373916626
vt 0.6645252108573914 0.1951526403427124
vt 0.6645235419273376 0.19515228271484375
vt 0.3354739248752594 0.1951526403427124
vt 0.3354737460613251 0.01740795373916626
vt 0.6645254492759705 0.017407655715942383
vt 0.3354737162590027 0.01740795373916626
vt 0.6645238399505615 0.01740795373916626
vt 0.6645238995552063 0.1951526403427124
vt 0.3354737162590027 0.1951526403427124
vt 0.6645238399505615 0.1951524019241333
vt 0.3354737162590027 0.19515228271484375
vt 0.3354753851890564 0.017407655715942383
vt 0.6645254492759705 0.017407655715942383
vt 0.3354756534099579 0.1951524019241333
vt 0.33547377586364746 0.017407655715942383
vt 0.6645254492759705 0.01740795373916626
vt 0.6645252108573914 0.1951526403427124
vt 0.6645235419273376 0.19515228271484375
vt 0.3354739248752594 0.1951526403427124
vt 0.3354737460613251 0.01740795373916626
vt 0.6645254492759705 0.017407655715942383
vt 0.3354737162590027 0.01740795373916626
vt 0.6645238399505615 0.01740795373916626
vt 0.6645238995552063 0.1951526403427124
vt 0.3354737162590027 0.1951526403427124
vt 0.6645238399505615 0.1951524019241333
vt 0.3354737162590027 0.19515228271484375
vt 0.3354753851890564 0.017407655715942383
vt 0.6645254492759705 0.017407655715942383
vt 0.3354756534099579 0.1951524019241333
vt 0.33547377586364746 0.017407655715942383
vt 0.6645254492759705 0.01740795373916626
vt 0.6645252108573914 0.1951526403427124
vt 0.6645235419273376 0.19515228271484375
vt 0.3354739248752594 0.1951526403427124
vt 0.3354737460613251 0.01740795373916626
vt 0.6645254492759705 0.017407655715942383
vt 0.3354737162590027 0.01740795373916626
vt 0.6645238399505615 0.01740795373916626
vt 0.6645238995552063 0.1951526403427124
vt 0.3354737162590027 0.1951526403427124
vt 0.6645238399505615 0.1951524019241333
vt 0.3354737162590027 0.19515228271484375
vt 0.3354753851890564 0.017407655715942383
vt 0.6645254492759705 0.017407655715942383
vt 0.3354756534099579 0.1951524019241333
vt 0.33547377586364746 0.017407655715942383
vt 0.6645254492759705 0.01740795373916626
vt 0.6645252108573914 0.1951526403427124
vt 0.6645235419273376 0.19515228271484375
vt 0.3354739248752594 0.1951526403427124
vt 0.3354737460613251 0.01740795373916626
vt 0.6645254492759705 0.017407655715942383
vt 0.3354737162590027 0.01740795373916626
vt 0.6645238399505615 0.01740795373916626
vt 0.6645238995552063 0.1951526403427124
vt 0.3354737162590027 0.1951526403427124
vt 0.6645238399505615 0.1951524019241333
vt 0.3354737162590027 0.19515228271484375
vt 0.3354753851890564 0.017407655715942383
vt 0.6645254492759705 0.017407655715942383
vt 0.3354756534099579 0.1951524019241333
vt 0.33547377586364746 0.017407655715942383
vt 0.6645254492759705 0.01740795373916626
vt 0.6645252108573914 0.1951526403427124
vt 0.6645235419273376 0.19515228271484375
vt 0.3354739248752594 0.1951526403427124
vt 0.3354737460613251 0.01740795373916626
vt 0.6645254492759705 0.017407655715942383
vt 1 1
vt 1 0.8170396685600281
vt 0 1
vt 0 0.8170396685600281
vt 1 0.8121118545532227
vt 1 0.6792938709259033
vt 0 0.8121118545532227
vt 0 0.6792938709259033
vt 1 1
vt 1 0.817039430141449
vt 0 1
vt 0 0.817039430141449
vt 1 0.8121118545532227
vt 1 0.6792938709259033
vt 0 0.8121118545532227
vt 0 0.6792938709259033
vt 1 0.8121118545532227
vt 1 0.6792938709259033
vt 0 0.8121118545532227
vt 0 0.6792938709259033
vt 1 1
vt 1 0.8170396685600281
vt 0 1
vt 0 0.8170396685600281
vt 1 0.8121118545532227
vt 1 0.6792938709259033
vt 0 0.8121118545532227
vt 0 0.6792938709259033
vt 1 1
vt 1 0.8170396685600281
vt 0 1
vt 0 0.8170396685600281
vt 1 0.8121118545532227
vt 1 0.6792938709259033
vt 0 0.8121118545532227
vt 0 0.6792938709259033
vt 1 1
vt 1 0.8170396685600281
vt 0 1
vt 0 0.8170396685600281
vt 1 0.8121118545532227
vt 1 0.6792938709259033
vt 0 0.8121118545532227
vt 0 0.6792938709259033
vt 1 1
vt 1 0.817039430141449
vt 0 1
vt 0 0.817039430141449
vt 1 0.8121118545532227
vt 1 0.6792938709259033
vt 0 0.8121118545532227
vt 0 0.6792938709259033
vt 1 1
vt 1 0.8170396685600281
vt 0 1
vt 0 0.8170396685600281
vt 1 0.8121118545532227
vt 1 0.6792938709259033
vt 0 0.8121118545532227
vt 0 0.6792938709259033
vt 1 1
vt 1 0.8170396685600281
vt 0 1
vt 0 0.8170396685600281
vt 1 0.8121118545532227
vt 1 0.6792938709259033
vt 0 0.8121118545532227
vt 0 0.6792938709259033
vt 1 1
vt 1 0.8170396685600281
vt 0 1
vt 0 0.8170396685600281
vt 1 0.8121118545532227
vt 1 0.6792938709259033
vt 0 0.8121118545532227
vt 0 0.6792938709259033
vt 1 1
vt 1 0.817039430141449
vt 0 1
vt 0 0.817039430141449
vt 1 0.8121118545532227
vt 1 0.6792938709259033
vt 0 0.8121118545532227
vt 0 0.6792938709259033
vt 1 1
vt 1 0.8170395493507385
vt 0 1
vt 0 0.8170395493507385
vt 1 0.8121118545532227
vt 1 0.6792938709259033
vt 0 0.8121118545532227
vt 0 0.6792938709259033
vt 1 1
vt 1 0.8170396685600281
vt 0 1
vt 0 0.8170396685600281
vt 1 0.815338134765625
vt 1 0.6817150115966797
vt 0 0.815338134765625
vt 0 0.6817150115966797
vt 1 0.8153382539749146
vt 1 0.6817150115966797
vt 0 0.8153382539749146
vt 0 0.6817150115966797
vt 1 0.9974395632743835
vt 1 0.815000057220459
vt 0 0.9974395632743835
vt 0 0.815000057220459
vt 1 0.8153382539749146
vt 1 0.6817150115966797
vt 0 0.8153382539749146
vt 0 0.6817150115966797
vt 1 0.9974395632743835
vt 1 0.815000057220459
vt 0 0.9974395632743835
vt 0 0.815000057220459
vt 1 0.9974395632743835
vt 1 0.8185265064239502
vt 0 0.9974395632743835
vt 0 0.8185265064239502
vt 1 0.815000057220459
vt 1 0.6817150115966797
vt 0 0.815000057220459
vt 0 0.6817150115966797
vt 1 0.9974396824836731
vt 0 0.9974396824836731
vt 1 0.6817150115966797
vt 0 0.6817150115966797
vt 1 0.9974395632743835
vt 1 0.8185265064239502
vt 0 0.9974395632743835
vt 0 0.8185265064239502
vt 1 0.815000057220459
vt 1 0.6817150115966797
vt 0 0.815000057220459
vt 0 0.6817150115966797
vt 1 0.9974395632743835
vt 1 0.815000057220459
vt 0 0.9974395632743835
vt 0 0.815000057220459
vt 1 0.6817150115966797
vt 0 0.6817150115966797
vt 1 0.9974395632743835
vt 1 0.8185265064239502
vt 0 0.9974395632743835
vt 0 0.8185265064239502
vt 1 0.815000057220459
vt 1 0.6817150115966797
vt 0 0.815000057220459
vt 0 0.6817150115966797
vt 1 0.9974396824836731
vt 0 0.9974396824836731
vt 1 0.6817150115966797
vt 0 0.6817150115966797
vt 1 0.9974395632743835
vt 1 0.8185265064239502
vt 0 0.9974395632743835
vt 0 0.8185265064239502
vt 1 0.815000057220459
vt 1 0.6817150115966797
vt 0 0.815000057220459
vt 0 0.6817150115966797
vt 1 0.9974395632743835
vt 0 0.9974395632743835
vt 0.4161567986011505 0.5690985918045044
vt 1.0652772188186646 0.524629533290863
vt 0.9603288173675537 0.33000004291534424
vt 0.9570902585983276 0.532041072845459
vt 0.524343729019165 0.5616871118545532
vt 0.6325298547744751 0.554275631904602
vt 1.068975806236267 0.33000004291534424
vt 1.1734637022018433 0.5172180533409119
vt 0.7407175302505493 0.5468640327453613
vt 1.2816505432128906 0.5098065137863159
vt 1.1776232719421387 0.33000004291534424
vt 1.2862703800201416 0.33000004291534424
vt 1.394917607307434 0.33000004291534424
vt 0.8516822457313538 0.33000004291534424
vt 0.30854660272598267 0.33000004291534424
vt 0.41709327697753906 0.33000004291534424
vt 0.525740921497345 0.33000004291534424
vt 0.6343874931335449 0.33000004291534424
vt 0.743035078048706 0.33000004291534424
vt 0.3729758560657501 0.5156904458999634
vt 0.4954862594604492 0.5179265737533569
vt 0.23920337855815887 0.3552016019821167
vt 0.3767032027244568 0.356192409992218
vt 0.5094694495201111 0.3571491241455078
vt 0.8918532729148865 0.5251613855361938
vt 1.4092984199523926 0.6630666851997375
vt 0.6354728937149048 0.3580571413040161
vt 1.0254020690917969 0.5275989770889282
vt 0.7684599757194519 0.35901540517807007
vt 0.9003148674964905 0.35996556282043457
vt 1.1572633981704712 0.5300058126449585
vt 1.0230833292007446 0.3608502149581909
vt 1.1593916416168213 0.3618323802947998
vt 1.2935070991516113 0.362798810005188
vt 0.5003747344017029 0.41008460521698
vt 0.09699717164039612 0.3541768789291382
vt 1.2501873970031738 0.6102958917617798
vt 1.5001249313354492 0.5702536404132843
vt 0.3652340769767761 0.016194462776184082
vt 0.6022852063179016 0.016182899475097656
vt 0.6022806167602539 0.20204293727874756
vt 0.7497501969337463 0.14634275436401367
vt 0.4999999701976776 0.1942184567451477
vt 0.9995003938674927 0.1951236128807068
vt 0.9511598944664001 0
vt 0.5 0.09756183624267578
vt 0.9995004534721375 0.19999998807907104
vt 0.9995004534721375 0.312000036239624
vt 0.5000004172325134 0.2560000419616699
vt 0.0005003809928894043 0.312000036239624
vt 0.0004995167255401611 0.19999998807907104
vt 0.0004996657371520996 0.20000004768371582
vt 0.0004994869232177734 0.312000036239624
vt 0.49996891617774963 0.2560000419616699
vt 0.5000001192092896 0.20000004768371582
vt 0.9994381666183472 0.312000036239624
vt 0.9946933388710022 0.2024945616722107
vt 0.9946929812431335 0.31259864568710327
vt 0.10673884302377701 0.31256210803985596
vt 0.11154612898826599 0.312000036239624
vt 0.9995001554489136 0.312000036239624
vt 0.9994381666183472 0.19999998807907104
vt 0.1115460991859436 0.19999998807907104
vt 1.2224528789520264 0.261658251285553
vt 1.2224528789520264 0.3139830231666565
vt 0.22345203161239624 0.3139830231666565
vt 2.2214536666870117 0.3139830231666565
vt 0.5443096160888672 0.259202778339386
vt 0.9132969379425049 0.31534111499786377
vt 0.08911881595849991 0.3153420686721802
vt 0.9995004534721375 0.2030634880065918
vt 0.4999999701976776 0.19361412525177002
vt 0.9995003938674927 0.19270849227905273
vt 0.4999999403953552 0.09725987911224365
vt 0.9995003938674927 0
vt 0.04883959889411926 0
vt 0.7497501373291016 0.048629939556121826
vt 0.0004995167255401611 0.19451969861984253
vt 0.9995003938674927 0.19270849227905273
vt 0.7497501373291016 0.1449841856956482
vt 0.9995003938674927 0
vt 0.4999999403953552 0.09725987911224365
vt 0.25024980306625366 0.04878091812133789
vt 0.0004995763301849365 0
vt 0.0004995465278625488 0.19331330060958862
vt 0.22345203161239624 0.20933347940444946
vt 2.2214536666870117 0.20933347940444946
vt 0.5 0.09756183624267578
vt 0.0004995465278625488 0.19331330060958862
vt 0.4999999701976776 0.1942184567451477
vt 0.0005003809928894043 0.20306408405303955
vt 0.5012080669403076 0.2560000419616699
vt 0.08670353889465332 0.312000036239624
vt 0.08911881595849991 0.19999998807907104
vt 0.9132972955703735 0.312000036239624
vt 0.9132969379425049 0.19999998807907104
vt 0.0004995763301849365 0
vt 0.5555214881896973 0.2560000419616699
vt 0.11154669523239136 0.312000036239624
vt 0.11154663562774658 0.19999998807907104
vt 0.9994962811470032 0.312000036239624
vt 0.9994384050369263 0.19999998807907104
vt 0.6154333353042603 0.2008991837501526
vt 0.3600548207759857 0.20089858770370483
vt 0.36005493998527527 0.3175826072692871
vt 0.47582972049713135 0
vt 0.36524245142936707 0.3175814151763916
vt 0.6022833585739136 0.3175828456878662
vt 0.6022828221321106 0.20089882612228394
vt 0.36523374915122986 0.20089733600616455
vt 0.3652336299419403 0.2020481824874878
vt 0.9511598944664001 0
vt 0.6154425144195557 0.3175833225250244
vt 0.4999978840351105 0.2560000419616699
vt 0.9994384050369263 0.312000036239624
vt 0.0004999935626983643 0.312000036239624
vt 0.7497501969337463 0.14634275436401367
vt 0.9995003938674927 0.1951236128807068
vt 0.2502497434616089 0.1458897590637207
vt 0.04883959889411926 0
vt 0.5241699814796448 0
vt 0.999495804309845 0.20000004768371582
vt 0.0005002319812774658 0.20000004768371582
vt 0.2502497434616089 0.1458897590637207
vt 0.0004995167255401611 0.19451969861984253
vt 0.9995005130767822 0.20000004768371582
vt 0.49519282579421997 0.2024766206741333
vt 0.007128477096557617 0.1830463409423828
vt 0.3200661540031433 0.18395209312438965
vt 0.2535313367843628 0.005552470684051514
vt 0.08109796047210693 0.004852116107940674
vt 0.007128477096557617 0.1830463409423828
vt 0.3200661540031433 0.18395209312438965
vt 0.2535313367843628 0.005552470684051514
vt 0.08109796047210693 0.004852116107940674
vt -0.004307647235691547 0.20245873928070068
vt -0.004306931979954243 0.20196324586868286
vt 0.10673955827951431 0.31206607818603516
vt 0.49519115686416626 0.25699788331985474
vt 0.9946892857551575 0.3120325207710266
vt 0.9946888089179993 0.20193088054656982
vt 0.36006155610084534 0.016183197498321533
vt 0.6154422760009766 0.01619511842727661
vt 0.6154417991638184 0.20205122232437134
vt 0.360056608915329 0.20204323530197144
vt 0.4999999701976776 0.19999998807907104
vt 0.9205413460731506 0.9173745512962341
vt 0.9205417037010193 0.47705304622650146
vt 0.976895272731781 0.7268754243850708
vt 1.020787000656128 0.562807559967041
vt 1.1275193691253662 0.562807559967041
vt 1.1275190114974976 0.21307110786437988
vt 0.12700830399990082 0.04639357328414917
vt 0.12700816988945007 0.47946882247924805
vt 0.023898713290691376 0.47946876287460327
vt 0.914054811000824 0.046393752098083496
vt 0.9140549302101135 0.4794688820838928
vt 0.9140550494194031 0.9125440120697021
vt 1.1272368431091309 0.7036242485046387
vt 1.023889422416687 0.37017786502838135
vt 0.9205420613288879 0.03673148155212402
vt 1.1267006397247314 0.038647353649139404
vt 0.9768951535224915 0.7268754243850708
vt 0.9205419421195984 0.036731600761413574
vt 0.9205417037010193 0.47705328464508057
vt 1.09583580493927 0.7268755435943604
vt 1.0958356857299805 0.7036249041557312
vt 1.0363656282424927 0.3818035125732422
vt 1.0958361625671387 0.03673166036605835
vt 0.976895272731781 0.9173749089241028
vt 0.9205414652824402 0.9173749089241028
vt -0.07921066880226135 0.4794687032699585
vt -0.07921046018600464 0.046393513679504395
vt -0.07921087741851807 0.9125439524650574
vt 1.12723708152771 0.7268754243850708
vt 1.1275196075439453 0.9125440120697021
vt 0.9768953919410706 0.9173749089241028
vt 0.12700803577899933 0.9125440120697021
vt 1.6229217052459717 0.7742812037467957
vt 1.7813031673431396 0.5491306781768799
vt 2.1818408966064453 0.9994317293167114
vt 2.13995361328125 0.5491306781768799
vt 2.4986038208007812 0.5491306781768799
vt 0.623342752456665 0.4467809796333313
vt 0.4999999701976776 0.0024362802505493164
vt 0.9995005130767822 0.0004994869232177734
vt 0.7544020414352417 0.4039567708969116
vt 1.2533751726150513 0.7041205763816833
vt 0.7556047439575195 0.7040406763553619
vt 0.6266875863075256 0.8520602881908417
vt 0.7423892021179199 0.10395264625549316
vt 0.23380853235721588 0.10395258665084839
vt 1.2509698867797852 0.10395276546478271
vt 0.8665293455123901 0.05197632312774658
vt 0.28496283292770386 0.41933345794677734
vt 0.5441272258758545 0.4968447685241699
vt 0.518828272819519 0.15552222728729248
vt 0.559536337852478 0.15552222728729248
vt 0.75 0.22247302532196045
vt 1.4992506504058838 0.4444465637207031
vt 0.75 0.4444465637207031
vt 2.4986038208007812 0.0005074143409729004
vt 2.7485527992248535 0.0005074143409729004
vt 2.7485527992248535 0.274819016456604
vt 2.9985015392303467 0.0005074143409729004
vt 2.9830715656280518 0.5940817594528198
vt 2.9173316955566406 0.6435577869415283
vt 2.990786552429199 0.29729461669921875
vt 0.8415067195892334 0.8380299806594849
vt 1.064002513885498 0.5491306781768799
vt 1.1765902042388916 0.8783804178237915
vt 0.8414692282676697 0.9993142485618591
vt 1.4992506504058838 1
vt 1.1244380474090576 1
vt 0.7496253252029419 1
vt 0.1427311897277832 0.20991647243499756
vt 0.0004995465278625488 0.0004994869232177734
vt 0.0005006939172744751 0.4192729592323303
vt 0.14273233711719513 0.6286899447441101
vt 0.0005018413066864014 0.8380464315414429
vt 0.12384219467639923 0.44871777296066284
vt 0.0004994571208953857 0.004373073577880859
vt 0.311921089887619 0.2255769968032837
vt 2.707967758178711 0.5963442325592041
vt 2.549586296081543 0.8214947581291199
vt 2.957916736602783 0.3220325708389282
vt 1.4992506504058838 0.5435538291931152
vt 1.4992506504058838 0.9995005130767822
vt 1.124625325202942 0.8855138421058655
vt 0.75 0.7715271711349487
vt 0.75 0.9995005130767822
vt 1.4226528406143188 0.5491306781768799
vt 0.3133437931537628 0.9260301440954208
vt 0.0007493644952774048 0.9995005130767822
vt 0.0007493644952774048 0.5435538291931152
vt 0.3753746747970581 0.8855138421058655
vt 0.0007493644952774048 0.4444465637207031
vt 0.0007493644952774048 0.0004995465278625488
vt 0.3753746747970581 0.11148631572723389
vt 0.75 0.0004995465278625488
vt 1.6965982913970947 0.095450758934021
vt 1.4873952865600586 0.0004994869232177734
vt 1.3941956758499146 0.19040203094482422
vt 1.999000906944275 0.0004994869232177734
vt 1.4958133697509766 0.190402090549469
vt 1.124625325202942 0.11148631572723389
vt 1.4992506504058838 0.0004995465278625488
vt 0.7899478673934937 0.4920518398284912
vt 0.8037921190261841 0.14598709344863892
vt 0.9338973164558411 0.347558856010437
vt 0.8487749099731445 0.14481472969055176
vt 0.004338622093200684 0.44917356967926025
vt 0.008177787065505981 0.8939741253852844
vt 0.7190332412719727 0.8381991386413574
vt 0.7292597889900208 0.4968606233596802
vt 0.6392847895622253 0.49686068296432495
vt 0.7394863367080688 0.15552210807800293
vt 0.7799698114395142 0.15552210807800293
vt 0.9563887119293213 0.3469727039337158
vt 1.064002513885498 0.274819016456604
vt 1.8314509391784668 0.6963986754417419
vt 1.9669411182403564 0.499997079372406
vt 1.8474807739257812 0.4466499090194702
vt 1.9348814487457275 0.9994946718215942
vt 1.6959607601165771 0.8928002715110779
vt 0.3751872181892395 0.0003746151924133301
vt 0.7498748898506165 0.0002497434616088867
vt 0.564481258392334 0.4968447685241699
vt 0.5694261193275452 0.8381673693656921
vt 2.6968910694122314 0.8215291798114777
vt 2.4764504432678223 0.999500572681427
vt 0.4808732271194458 0.5416009426116943
vt 0.4408164322376251 0.717200517654419
vt 0.5414505004882812 0.892799973487854
vt 0.40075963735580444 0.8928000926971436
vt 0.4105277955532074 0.5416010022163391
vt 1.454773187637329 0.5416010618209839
vt 1.4147166013717651 0.7172006368637085
vt 1.5153508186340332 0.8928000926971436
vt 1.384427785873413 0.5416011214256287
vt 1.3746600151062012 0.8928002119064331
vt 1.7057287693023682 0.541601151227951
vt 1.7717207670211792 0.669725090265274
vt 1.7154966592788696 0.19040203094482422
vt 1.7106127738952637 0.36600160598754883
vt 1.1352243423461914 0.5416010916233063
vt 1.096043586730957 0.7172006964683533
vt 1.1940501928329468 0.8928001523017883
vt 1.056862711906433 0.8928003311157227
vt 1.0666306018829346 0.5416011810302734
vt 1.5116738080978394 0.9187308549880981
vt 1.5116550922393799 0.9993729889392853
vt 1.1765621900558472 0.9993436187505722
vt 1.8467479944229126 0.9994023591279984
vt 0.0014984607696533203 0.0005074143409729004
vt 0.28088605403900146 0.0005034208297729492
vt 0.5050628185272217 0.05820035934448242
vt 0.5602736473083496 0.0004994869232177734
vt 0.25966358184814453 0.0005021095275878906
vt 0.5188276171684265 0.0005046725273132324
vt 0.4271944761276245 0.6287504136562347
vt 0.284963995218277 0.8381069004535675
vt 0.37481266260147095 1
vt 0 1
vt 1.1245625019073486 0.00012487173080444336
vt 1.4992501735687256 0
vt 0.8219472765922546 0.014692246913909912
vt 0.6192589998245239 0.19838130474090576
vt 0.411223441362381 0.0075334906578063965
vt 0.41657066345214844 0.3820704221725464
vt 0.4203754961490631 0.3821587562561035
vt 0.9112799167633057 0.01623135805130005
vt 0.21388235688209534 0.565759539604187
vt 0.00584682822227478 0.37491166591644287
vt 0.011194050312042236 0.7494486570358276
vt 0.018803715705871582 0.7496253252029419
vt 0.21958960592746735 0.5658920407295227
vt 0.4650418162345886 0.38292837142944336
vt 0.20853513479232788 0.19122254848480225
vt 0.0004996061325073242 0.00037473440170288086
vt 1.3434621095657349 0.6617059409618378
vt 1.846757411956787 0.9590812921524048
vt 1.2878382205963135 0.733930766582489
vt 0.14273177087306976 0.41930317878723145
vt 0.2849634289741516 0.6287201642990112
vt 0.1427329182624817 0.8380766659975052
vt 2.832942247390747 0.45918840169906616
vt 1.124625325202942 0.657540500164032
vt 0.75 0.5435538291931152
vt 1.2433276176452637 0.5491306781768799
vt 1.1765714883804321 0.9590225517749786
vt 0.5067195296287537 0.70400071144104
vt 0.2578342854976654 0.7039607763290405
vt 0.4422609210014343 0.7780105322599411
vt 0.1289171427488327 0.8519803881645203
vt 0.11690426617860794 0.5519762933254242
vt 0.3753746747970581 0.657540500164032
vt 0.3753746747970581 0.3334597945213318
vt 0.1040928065776825 0.11872434616088867
vt 0.15607278048992157 0.16820871829986572
vt 0.052108898758888245 0.18429964780807495
vt 0.0001248493790626526 0.24987512826919556
vt 0.1560676097869873 0.24987512826919556
vt 0.24984979629516602 0.08222579956054688
vt 0.2498663365840912 0.00031322240829467773
vt 0.05208282917737961 0.24987506866455078
vt 0.24987509846687317 0.24987506866455078
vt 0.24984979629516602 0.16808044910430908
vt 0.9995005130767822 0.0177689790725708
vt 0.9981952905654907 0.14258325099945068
vt 0.9099750518798828 0.14104580879211426
vt 0.7761036157608032 0.8381166458129883
vt 0.15935033559799194 0.05817580223083496
vt 0.1593635529279709 0.6340438723564148
vt 0.7797039747238159 0.8381991386413574
vt 0.7796592712402344 0.9995005130767822
vt 0.9378244876861572 0.9994992613792419
vt 0.2481047511100769 0.9995005130767822
vt 0.24718493223190308 0.8930624723434448
vt 0.9356930255889893 0.9971082806587219
vt 0.22014975547790527 0.8927999138832092
vt 0.06804198026657104 0.8927587270736694
vt 0.06790387630462646 0.9994981288909912
vt 0.20061278343200684 0.19040191173553467
vt 0.42029595375061035 0.19040191173553467
vt 0.0009990334510803223 0.0004994869232177734
vt 0.5219129323959351 0.19040191173553467
vt 0.7415961027145386 0.19040191173553467
vt 0.9757897257804871 0.0004994869232177734
vt 0.8419623374938965 0.19040203094482422
vt 1.0763986110687256 0.19040203094482422
vt 1.1745123863220215 0.190402090549469
vt 0.9757895469665527 0.9995005130767822
vt 0.8615000247955322 0.8928000926971436
vt 0.7220602035522461 0.8928000926971436
vt 0.0015016794204711914 0.8378773927688599
vt 0.5050466656684875 0.6340467929840088
vt 0.562524676322937 0.15227514505386353
vt 0.6060344576835632 0.15114116668701172
vt 0.23031029105186462 0.15562117099761963
vt 0.23030966520309448 0.536633312702179
vt 0.7800519466400146 0.0004994869232177734
vt 0.7437586784362793 0.0004994869232177734
vt 0.8027558326721191 0.0005074143409729004
vt 0.8420774340629578 0.0005074143409729004
vt 0.4341324269771576 0.5366336107254028
vt 0.4341334104537964 0.15562140941619873
vt 1.064002513885498 0.0005074143409729004
vt 0.6141974925994873 0.8380666375160217
vt 0.051805607974529266 0.12335091829299927
vt 0.15607278048992157 0.08235430717468262
vt 0.1560649275779724 0.05316394567489624
vt 0.00012493348913267255 0.18430662155151367
vt 0.104709193110466 0.060952842235565186
vt 0.000500023365020752 0.9994965195655823
vt 0.000500023365020752 0.843490719795227
vt 0.9995000958442688 0.8434944152832031
vt 0.9995009899139404 0.9994965195655823
vt 0.0005000829696655273 0.0004985332489013672
vt 0.999500036239624 0.0004996061325073242
vt 0.9994990825653076 0.0004996061325073242
vt 0.9995001554489136 0.9994995594024658
vt 0.0005002319812774658 0.9994969964027405
vt 0.0005000829696655273 0.0004985332489013672
vt 0.0004996061325073242 0.2913662791252136
vt 0.08425521850585938 0.2913662791252136
vt 0.08425521850585938 0.9995002746582031
vt 0.0004996061325073242 0.9994997382164001
vt 0.9995002746582031 0.8410000205039978
vt 0.9995004534721375 0.9995003938674927
vt 0.0005005300045013428 0.9995005130767822
vt 0.0005002915859222412 0.8410000205039978
vt 0.9995003938674927 0.8399085402488708
vt 0.9995003938674927 0.8000227212905884
vt 0.0005006194114685059 0.8000231385231018
vt 0.0005006194114685059 0.8399109840393066
vt 0.0005004703998565674 0.8000224828720093
vt 0.9995002150535583 0.8000221252441406
vt 0.999499499797821 0.8410000205039978
vt 0.9994996786117554 1
vt 0.0004997849464416504 1
vt 0.0004995167255401611 0.8410000205039978
vt 0.9994996190071106 0.8400762677192688
vt 0.9994996786117554 0.8000168800354004
vt 0.0004998743534088135 0.8000166416168213
vt 0.0004998743534088135 0.8400780558586121
vt 0.0004996061325073242 0.8000160455703735
vt 0.9994994401931763 0.8000162839889526
vt 1 0.8592560291290283
vt 1 0.9995003342628479
vt 0.0004996061325073242 0.9995004534721375
vt 0.0004995167255401611 0.8592560291290283
vt 1 0.7565431594848633
vt 0.0004996061325073242 0.7565417289733887
vt 0.0004996061325073242 0.847326397895813
vt 1 0.8471542000770569
vt 0.0004996657371520996 0.7565418481826782
vt 1 0.7565425634384155
vt 1 0.8471543192863464
vt 0.0004995167255401611 0.84732586145401
vt 1 0.8579877018928528
vt 1 0.9982320666313171
vt 0.0005006790161132812 0.9982322454452515
vt 0.0005005896091461182 0.8579878211021423
vt 1 0.7565438747406006
vt 0.0005002319812774658 0.7565431594848633
vt 0.0005006790161132812 0.8473264575004578
vt 1 0.8471542000770569
vt 0.0005005896091461182 0.7565425634384155
vt 1 0.7565432786941528
vt 1 0.8471543192863464
vt 0.0005005896091461182 0.84732586145401
vt 0.00024953484535217285 0.00025010108947753906
vt 0.4997488260269165 0.0002498626708984375
vt 0.499750018119812 0.499748170375824
vt 0.00025044381618499756 0.49975037574768066
vt 0.499750018119812 0.4997502565383911
vt 0.499750018119812 0.0002505779266357422
vt 0.0002496987581253052 0.00025004148483276367
vt 0.0002496987581253052 0.49974942207336426
vt 0.49974775314331055 0.0002498626708984375
vt 0.00024953484535217285 0.00025010108947753906
vt 0.499750018119812 0.49975013732910156
vt 0.4997502267360687 0.4997502565383911
vt 0.00024990737438201904 0.49974918365478516
vt 0.0002518594264984131 0.0002497434616088867
vt 0.9686625003814697 0.49999940395355225
vt 0.4883943796157837 0.0004994869232177734
vt 1.4992504119873047 0.5
vt 0.0015000700950622559 0.41919243335723877
vt 0.034520506858825684 0.4466291069984436
vt 0.0002497732639312744 0.5002497434616089
vt 0.30784958600997925 0.8379720151424408
vt 0.8588971495628357 0.5775106847286224
vt 0.13432738184928894 0.541580319404602
vt 0.8015480637550354 0.5416010022163391
vt 1.4553354978561401 0.9994975924491882
vt 0.5218467116355896 0.9994993209838867
vt 0.7318281531333923 0.5416010022163391
vt 0.21038126945495605 0.541600912809372
vt 0.8517311811447144 0.5416010618209839
vt 1.5055820941925049 0.5416010916233063
vt 0.5316817164421082 0.5416009426116943
vt 1.184281349182129 0.5416011214256287
vt 0.1963372528553009 0.34999990463256836
vt 0.6958354711532593 0.699650228023529
vt 0.695837676525116 0.0003495216369628906
vt -0.30316317081451416 0.6996502876281738
vt -0.30316317081451416 0.00034993886947631836
vt 0.5247577428817749 0.2662953734397888
vt 0.41536998748779297 0.16960442066192627
vt 0.347319096326828 0.4193546772003174
vt 1.1397475004196167 0.5
vt 1.0716966390609741 0.7497502565383911
vt 1.181885004043579 0.7437289953231812
vt 1.2240225076675415 0.9874579906463623
vt 0.42482277750968933 0.7093757092952728
vt 0.5342105627059937 0.8060666769742966
vt 0.5660946369171143 0.6127366125583649
vt 0.37537941336631775 0.5931431353092194
vt 0.0007707412587478757 0.3955954313278198
vt 0.0007566681015305221 0.7906909584999084
vt 1.2758492231369019 0.0004994869232177734
vt 1.262892484664917 0.2472391128540039
vt 1.4566326141357422 0.24723267555236816
vt 1.637416124343872 0.4939658045768738
vt 1.4307193756103516 0.740711897611618
vt 1.6244595050811768 0.7407054305076599
vt 1.818199634552002 0.7406989634037018
vt 0.2507501542568207 0.12537455558776855
vt 0.5004996061325073 0.0005030632019042969
vt 0.001000046730041504 0.0004994869232177734
vt 0.09363473206758499 0.7922633290290833
vt 0.7500021457672119 0.3955953121185303
vt 1.6115028858184814 0.987445056438446
vt 0.0007492303848266602 0.9995005130767822
vt 0.7472558617591858 0.8961184620857239
vt 1.40134596824646 0.7927365899085999
vt 0.7962066531181335 0.5
vt 1.4502967596054077 0.396618127822876
vt 1.147727131843567 0.25024980306625366
vt 0.09316574782133102 0.9995003342628479
vt 1.4031394720077515 0.9994978308677673
vt 1.2499358654022217 0.49397873878479004
vt 0.6253746747970581 0.06294059753417969
vt 0.9999992251396179 0.0005065798759460449
vt 0.0009995102882385254 0.5
vt 0.2507496178150177 0.6248750388622284
vt 0.2507498860359192 0.37512481212615967
vt 0.9336426854133606 0.0004998445510864258
vt 0.5914361476898193 0.0005001425743103027
vt 0.7021964192390442 0.11323606967926025
vt 0.37539348006248474 0.19804757833480835
vt 0.0007848143577575684 0.0004998445510864258
vt 0.2835509181022644 0.8060147911310196
vt 1.4992475509643555 0.0004996061325073242
vt 1.3234872817993164 0.1253746747970581
vt 1.637425184249878 0.0004998445510864258
vt 1.9990010261535645 0.0005002021789550781
vt 1.8182085752487183 0.24723303318023682
vt 1.2369792461395264 0.7407183647155762
vt 1.0000004768371582 0.49999964237213135
vt 1.2497493028640747 0.12538158893585205
vt 0.8751248121261597 0.18781554698944092
vt 0.3154350221157074 0.6126847267150879
vt 0.7529861330986023 0.9994486272335052
vt 1.0036457777023315 0.9995005130767822
vt 0.7848702073097229 0.8061185628175735
vt 0.5005002617835999 0.25024956464767456
vt 0.502326488494873 0.9993967413902283
vt 0.9209719300270081 0.3066180348396301
vt 0.6341454982757568 0.36298632621765137
vt 0.7435332536697388 0.4596773386001587
vt 0.8529210686683655 0.5563682913780212
vt 1.9989920854568481 0.49396616220474243
vt 0.7500162124633789 0.000499725341796875
vt 1.2077983617782593 0.2502497434616089
vt 1.9989964962005615 0.24723315238952637
vt 1.499248743057251 0.3959968090057373
vt 1.499250054359436 0.7914939522743225
vt 1.4994994401931763 0.25025665760040283
vt 1.6243739128112793 0.06294763088226318
vt 1.1246318817138672 0.0004996657371520996
vt 1.1246248483657837 0.1980474591255188
vt 1 0.9995001554489136
vt 1.4995007514953613 0.7497497200965881
vt 1.74924898147583 0.12538516521453857
vt 1.9989984035491943 0.0005136728286743164
vt 0.37538644671440125 0.39559537172317505
vt 0.03289128839969635 0.8059629052877426
vt 0.06477537751197815 0.6126328408718109
vt 0.0010031163692474365 0.6126339137554169
vt 0.0010071992874145508 0.9992929697036743
vt 1.4994988441467285 0.000510096549987793
vt 1.3273708820343018 0.8640849441289902
vt 1.4177627563476562 0.9874515235424042
vt 0.35998985171318054 0.1132364273071289
vt 0.13064545392990112 0.0005005598068237305
vt 0.12854355573654175 0.2259727120399475
vt 0.9623088836669922 0.6530592739582062
vt 0.5004997253417969 0.7497500777244568
vt 0.5004994869232178 0.9995003342628479
vt 1.0984106063842773 0.15355873107910156
vt 0.9890228509902954 0.056867778301239014
vt 0.4202108085155487 0.9478093981742859
vt 0.4446862041950226 0.749750167131424
vt 0.7481526136398315 0.9994990825653076
vt 0.14227905869483948 0.902653880417347
vt 1.5211111307144165 0.864078477025032
vt 0.2516668438911438 0.9993448555469513
vt 1.9989876747131348 0.7406991422176361
vt 1.8052430152893066 0.9874385893344879
vt 1.9989831447601318 0.9874321222305298
vt 0.37540051341056824 0.0004997849464416504
vt 1.637420654296875 0.24723279476165771
vt 1.7492495775222778 0.3751317262649536
vt 1.9989997148513794 0.5000067353248596
vt 0.032887205481529236 0.419303834438324
vt 0.09665946662425995 0.419302761554718
vt 0.0009990334510803223 0.22597485780715942
vt 0.3929387032985687 0.9027057662606239
vt 0.36104080080986023 0.0005003213882446289
vt 1.4995005130767822 0.9994999766349792
vt 1.9990010261535645 0.9994997978210449
vt 0.0009989738464355469 0.9995005130767822
vt 1.4992506504058838 0.999497652053833
vt 1.4992481470108032 0.19824820756912231
vt 0.44492068886756897 0.6461316645145416
vt 0.19534918665885925 0.40657150745391846
vt 0.2940096855163574 0.4067349433898926
vt 0.2940096855163574 0.05773645639419556
vt 0.19569642841815948 0.057572245597839355
g Interior_I230
s 1
f 1/1/1 2/2/2 3/3/3
f 4/4/4 5/5/5 6/6/6
f 7/7/7 5/5/5 4/4/4
f 7/7/7 4/4/4 8/8/8
f 9/9/9 10/10/10 11/11/11
f 12/12/12 10/10/10 9/9/9
f 12/12/12 9/9/9 13/13/13
f 13/13/13 14/14/14 15/15/15
f 14/14/14 11/11/11 15/15/15
f 14/14/14 9/9/9 11/11/11
f 13/13/13 9/9/9 14/14/14
f 16/16/16 17/17/17 1/1/1
f 18/18/18 19/19/19 20/20/20
f 21/21/21 22/22/22 23/23/23
f 24/24/24 20/20/20 25/25/25
f 19/19/19 18/18/18 26/26/26
f 27/27/27 28/28/28 29/29/29
f 30/30/30 31/31/31 32/32/32
f 33/33/33 34/34/34 35/35/35
f 36/36/36 37/37/37 26/26/26
f 35/35/35 34/34/34 38/38/38
f 35/35/35 38/38/38 39/39/39
f 33/33/33 35/35/35 39/39/39
f 26/26/26 37/37/37 40/40/40
f 41/41/41 42/42/42 43/43/43
f 42/42/42 44/44/44 45/45/45
f 41/41/41 44/44/44 42/42/42
f 46/46/46 47/47/47 48/48/48
f 47/47/47 33/33/33 48/48/48
f 49/49/49 36/36/36 26/26/26
f 50/50/50 21/21/21 51/51/51
f 33/33/33 47/47/47 34/34/34
f 47/47/47 46/46/46 34/34/34
f 44/44/44 52/52/52 45/45/45
f 52/52/52 53/53/53 45/45/45
f 54/54/54 55/55/55 56/56/56
f 57/57/57 58/58/58 59/59/59
f 60/60/60 59/59/59 55/55/55
f 60/60/60 57/57/57 59/59/59
f 61/61/61 62/62/62 63/63/63
f 63/63/63 62/62/62 57/57/57
f 64/64/64 61/61/61 63/63/63
f 65/65/65 57/57/57 60/60/60
f 66/66/66 65/65/65 60/60/60
f 66/66/66 64/64/64 65/65/65
f 67/67/67 68/68/68 69/69/69
f 70/70/70 71/71/71 72/72/72
f 67/67/67 73/73/73 68/68/68
f 73/73/73 54/54/54 68/68/68
f 74/74/74 75/75/75 76/76/76
f 77/77/77 78/78/78 79/79/79
f 78/78/78 31/31/31 79/79/79
f 32/32/32 31/31/31 78/78/78
f 32/32/32 78/78/78 77/77/77
f 53/53/53 52/52/52 80/80/80
f 74/74/74 76/76/76 81/81/81
f 81/81/81 76/76/76 82/82/82
f 83/83/83 84/84/84 85/85/85
f 86/86/86 87/87/87 88/88/88
f 88/88/88 89/89/89 86/86/86
f 90/90/90 91/91/91 92/92/92
f 92/92/92 93/93/93 90/90/90
f 94/94/94 95/95/95 96/96/96
f 96/96/96 92/92/92 94/94/94
f 96/96/96 97/97/97 98/98/98
f 98/98/98 99/99/99 96/96/96
f 100/100/100 101/101/101 102/102/102
f 102/102/102 103/103/103 100/100/100
f 104/104/104 100/100/100 105/105/105
f 105/105/105 106/106/106 104/104/104
f 107/107/107 108/108/108 109/109/109
f 109/109/109 110/110/110 107/107/107
f 111/111/111 112/112/112 113/113/113
f 113/113/113 103/103/103 111/111/111
f 114/114/114 115/115/115 116/116/116
f 116/116/116 117/117/117 114/114/114
f 98/98/98 90/90/90 118/118/118
f 118/118/118 119/119/119 98/98/98
f 120/120/120 121/121/121 122/122/122
f 122/122/122 123/123/123 120/120/120
f 124/124/124 125/125/125 126/126/126
f 127/127/127 128/128/128 129/129/129
f 50/50/50 124/124/124 126/126/126
f 129/129/129 120/120/120 127/127/127
f 85/85/85 84/84/84 74/74/74
f 130/130/130 131/131/131 132/132/132
f 132/132/132 123/123/123 130/130/130
f 133/133/133 134/134/134 135/135/135
f 135/135/135 136/136/136 133/133/133
f 137/137/137 133/133/133 138/138/138
f 138/138/138 139/139/139 137/137/137
f 140/140/140 141/141/141 142/142/142
f 142/142/142 143/143/143 140/140/140
f 144/144/144 145/145/145 146/146/146
f 146/146/146 136/136/136 144/144/144
f 147/147/147 148/148/148 149/149/149
f 149/149/149 150/150/150 147/147/147
f 52/52/52 44/44/44 80/80/80
f 151/151/151 152/152/152 153/153/153
f 153/153/153 154/154/154 151/151/151
f 155/155/155 156/156/156 157/157/157
f 155/155/155 18/18/18 156/156/156
f 156/156/156 18/18/18 158/158/158
f 157/157/157 156/156/156 158/158/158
f 159/159/159 160/160/160 161/161/161
f 43/43/43 162/162/162 163/163/163
f 58/58/58 159/159/159 161/161/161
f 164/164/164 159/159/159 58/58/58
f 164/164/164 160/160/160 159/159/159
f 165/165/165 166/166/166 160/160/160
f 164/164/164 165/165/165 160/160/160
f 164/164/164 5/5/5 165/165/165
f 167/167/167 69/69/69 12/12/12
f 168/168/168 167/167/167 12/12/12
f 169/169/169 167/167/167 168/168/168
f 169/169/169 69/69/69 167/167/167
f 162/162/162 45/45/45 163/163/163
f 42/42/42 45/45/45 162/162/162
f 170/170/170 171/171/171 172/172/172
f 170/170/170 173/173/173 171/171/171
f 174/174/174 175/175/175 176/176/176
f 176/176/176 175/175/175 36/36/36
f 176/176/176 36/36/36 49/49/49
f 174/174/174 176/176/176 49/49/49
f 42/42/42 162/162/162 43/43/43
f 177/177/177 178/178/178 50/50/50
f 179/179/179 178/178/178 177/177/177
f 180/180/180 179/179/179 177/177/177
f 175/175/175 37/37/37 36/36/36
f 181/181/181 182/182/182 69/69/69
f 181/181/181 56/56/56 182/182/182
f 54/54/54 60/60/60 55/55/55
f 182/182/182 56/56/56 10/10/10
f 69/69/69 182/182/182 10/10/10
f 180/180/180 177/177/177 50/50/50
f 183/183/183 184/184/184 185/185/185
f 186/186/186 184/184/184 183/183/183
f 28/28/28 186/186/186 183/183/183
f 187/187/187 55/55/55 11/11/11
f 54/54/54 66/66/66 60/60/60
f 66/66/66 188/188/188 64/64/64
f 64/64/64 188/188/188 61/61/61
f 10/10/10 187/187/187 11/11/11
f 28/28/28 183/183/183 185/185/185
f 185/185/185 184/184/184 189/189/189
f 185/185/185 189/189/189 180/180/180
f 189/189/189 179/179/179 180/180/180
f 56/56/56 187/187/187 10/10/10
f 56/56/56 55/55/55 187/187/187
f 54/54/54 56/56/56 181/181/181
f 68/68/68 181/181/181 69/69/69
f 68/68/68 54/54/54 181/181/181
f 75/75/75 190/190/190 191/191/191
f 191/191/191 190/190/190 192/192/192
f 191/191/191 192/192/192 76/76/76
f 75/75/75 191/191/191 76/76/76
f 83/83/83 15/15/15 84/84/84
f 184/184/184 179/179/179 189/189/189
f 51/51/51 180/180/180 50/50/50
f 185/185/185 180/180/180 51/51/51
f 51/51/51 21/21/21 185/185/185
f 84/84/84 15/15/15 75/75/75
f 84/84/84 75/75/75 74/74/74
f 193/193/193 194/194/194 195/195/195
f 178/178/178 196/196/196 197/197/197
f 178/178/178 197/197/197 50/50/50
f 197/197/197 198/198/198 50/50/50
f 196/196/196 198/198/198 197/197/197
f 179/179/179 3/3/3 178/178/178
f 184/184/184 3/3/3 179/179/179
f 28/28/28 199/199/199 186/186/186
f 200/200/200 12/12/12 13/13/13
f 168/168/168 12/12/12 200/200/200
f 79/79/79 168/168/168 200/200/200
f 79/79/79 200/200/200 13/13/13
f 201/201/201 161/161/161 55/55/55
f 58/58/58 161/161/161 201/201/201
f 59/59/59 58/58/58 201/201/201
f 16/16/16 1/1/1 3/3/3
f 59/59/59 201/201/201 55/55/55
f 202/202/202 203/203/203 16/16/16
f 39/39/39 204/204/204 33/33/33
f 205/205/205 194/194/194 126/126/126
f 206/206/206 207/207/207 208/208/208
f 199/199/199 203/203/203 202/202/202
f 39/39/39 38/38/38 209/209/209
f 8/8/8 4/4/4 6/6/6
f 38/38/38 206/206/206 209/209/209
f 210/210/210 206/206/206 211/211/211
f 210/210/210 211/211/211 212/212/212
f 211/211/211 208/208/208 212/212/212
f 206/206/206 208/208/208 211/211/211
f 213/213/213 214/214/214 215/215/215
f 213/213/213 215/215/215 39/39/39
f 39/39/39 215/215/215 204/204/204
f 215/215/215 214/214/214 204/204/204
f 212/212/212 216/216/216 210/210/210
f 216/216/216 217/217/217 210/210/210
f 17/17/17 2/2/2 1/1/1
f 31/31/31 218/218/218 168/168/168
f 203/203/203 219/219/219 16/16/16
f 219/219/219 17/17/17 16/16/16
f 21/21/21 220/220/220 28/28/28
f 169/169/169 67/67/67 69/69/69
f 210/210/210 217/217/217 209/209/209
f 209/209/209 206/206/206 210/210/210
f 218/218/218 67/67/67 169/169/169
f 217/217/217 213/213/213 209/209/209
f 209/209/209 213/213/213 39/39/39
f 218/218/218 169/169/169 168/168/168
f 45/45/45 53/53/53 207/207/207
f 48/48/48 33/33/33 41/41/41
f 21/21/21 23/23/23 220/220/220
f 62/62/62 164/164/164 58/58/58
f 50/50/50 126/126/126 221/221/221
f 220/220/220 19/19/19 28/28/28
f 221/221/221 222/222/222 22/22/22
f 223/223/223 214/214/214 213/213/213
f 217/217/217 223/223/223 213/213/213
f 224/224/224 166/166/166 165/165/165
f 5/5/5 224/224/224 165/165/165
f 5/5/5 225/225/225 224/224/224
f 224/224/224 225/225/225 166/166/166
f 17/17/17 226/226/226 2/2/2
f 226/226/226 227/227/227 2/2/2
f 228/228/228 229/229/229 20/20/20
f 25/25/25 20/20/20 19/19/19
f 230/230/230 231/231/231 232/232/232
f 231/231/231 233/233/233 232/232/232
f 44/44/44 41/41/41 80/80/80
f 43/43/43 48/48/48 41/41/41
f 163/163/163 48/48/48 43/43/43
f 234/234/234 48/48/48 163/163/163
f 234/234/234 46/46/46 48/48/48
f 235/235/235 236/236/236 237/237/237
f 238/238/238 237/237/237 236/236/236
f 239/239/239 2/2/2 196/196/196
f 3/3/3 2/2/2 239/239/239
f 3/3/3 239/239/239 178/178/178
f 239/239/239 196/196/196 178/178/178
f 30/30/30 218/218/218 31/31/31
f 2/2/2 227/227/227 240/240/240
f 67/67/67 232/232/232 73/73/73
f 67/67/67 230/230/230 232/232/232
f 2/2/2 240/240/240 196/196/196
f 232/232/232 233/233/233 73/73/73
f 57/57/57 62/62/62 58/58/58
f 240/240/240 241/241/241 196/196/196
f 242/242/242 241/241/241 240/240/240
f 227/227/227 242/242/242 240/240/240
f 227/227/227 243/243/243 242/242/242
f 242/242/242 243/243/243 241/241/241
f 244/244/244 245/245/245 241/241/241
f 244/244/244 80/80/80 245/245/245
f 245/245/245 80/80/80 198/198/198
f 241/241/241 245/245/245 198/198/198
f 11/11/11 190/190/190 75/75/75
f 218/218/218 230/230/230 67/67/67
f 11/11/11 55/55/55 190/190/190
f 190/190/190 55/55/55 192/192/192
f 22/22/22 222/222/222 246/246/246
f 23/23/23 25/25/25 220/220/220
f 70/70/70 72/72/72 247/247/247
f 198/198/198 80/80/80 50/50/50
f 248/248/248 72/72/72 249/249/249
f 196/196/196 241/241/241 198/198/198
f 80/80/80 244/244/244 53/53/53
f 244/244/244 250/250/250 53/53/53
f 251/251/251 71/71/71 252/252/252
f 249/249/249 71/71/71 251/251/251
f 73/73/73 66/66/66 54/54/54
f 222/222/222 193/193/193 253/253/253
f 25/25/25 19/19/19 220/220/220
f 66/66/66 254/254/254 188/188/188
f 255/255/255 256/256/256 27/27/27
f 254/254/254 257/257/257 188/188/188
f 256/256/256 203/203/203 27/27/27
f 188/188/188 257/257/257 61/61/61
f 203/203/203 199/199/199 27/27/27
f 258/258/258 27/27/27 29/29/29
f 157/157/157 158/158/158 229/229/229
f 172/172/172 8/8/8 170/170/170
f 255/255/255 27/27/27 258/258/258
f 170/170/170 8/8/8 62/62/62
f 62/62/62 173/173/173 170/170/170
f 82/82/82 192/192/192 259/259/259
f 199/199/199 28/28/28 27/27/27
f 185/185/185 21/21/21 28/28/28
f 69/69/69 10/10/10 12/12/12
f 22/22/22 228/228/228 23/23/23
f 64/64/64 63/63/63 260/260/260
f 260/260/260 63/63/63 57/57/57
f 65/65/65 260/260/260 57/57/57
f 18/18/18 49/49/49 26/26/26
f 184/184/184 16/16/16 3/3/3
f 24/24/24 228/228/228 20/20/20
f 23/23/23 228/228/228 24/24/24
f 158/158/158 20/20/20 229/229/229
f 18/18/18 20/20/20 158/158/158
f 174/174/174 155/155/155 157/157/157
f 65/65/65 64/64/64 260/260/260
f 227/227/227 250/250/250 243/243/243
f 243/243/243 244/244/244 241/241/241
f 250/250/250 244/244/244 243/243/243
f 18/18/18 155/155/155 49/49/49
f 261/261/261 46/46/46 234/234/234
f 207/207/207 261/261/261 234/234/234
f 261/261/261 207/207/207 206/206/206
f 46/46/46 261/261/261 206/206/206
f 8/8/8 6/6/6 62/62/62
f 62/62/62 6/6/6 164/164/164
f 6/6/6 5/5/5 164/164/164
f 262/262/262 7/7/7 8/8/8
f 7/7/7 263/263/263 5/5/5
f 262/262/262 263/263/263 7/7/7
f 263/263/263 264/264/264 225/225/225
f 263/263/263 225/225/225 5/5/5
f 225/225/225 264/264/264 166/166/166
f 265/265/265 266/266/266 267/267/267
f 268/268/268 267/267/267 266/266/266
f 34/34/34 206/206/206 38/38/38
f 13/13/13 15/15/15 83/83/83
f 15/15/15 11/11/11 75/75/75
f 34/34/34 46/46/46 206/206/206
f 186/186/186 269/269/269 184/184/184
f 221/221/221 126/126/126 270/270/270
f 221/221/221 270/270/270 222/222/222
f 222/222/222 270/270/270 193/193/193
f 270/270/270 126/126/126 193/193/193
f 172/172/172 262/262/262 8/8/8
f 186/186/186 199/199/199 269/269/269
f 199/199/199 202/202/202 269/269/269
f 269/269/269 202/202/202 184/184/184
f 31/31/31 168/168/168 79/79/79
f 77/77/77 79/79/79 13/13/13
f 271/271/271 263/263/263 262/262/262
f 272/272/272 229/229/229 228/228/228
f 22/22/22 272/272/272 228/228/228
f 22/22/22 246/246/246 272/272/272
f 272/272/272 246/246/246 229/229/229
f 273/273/273 22/22/22 21/21/21
f 50/50/50 273/273/273 21/21/21
f 50/50/50 221/221/221 273/273/273
f 273/273/273 221/221/221 22/22/22
f 155/155/155 174/174/174 49/49/49
f 274/274/274 264/264/264 263/263/263
f 271/271/271 274/274/274 263/263/263
f 23/23/23 24/24/24 25/25/25
f 249/249/249 72/72/72 71/71/71
f 76/76/76 192/192/192 82/82/82
f 70/70/70 252/252/252 71/71/71
f 205/205/205 195/195/195 194/194/194
f 275/275/275 45/45/45 207/207/207
f 163/163/163 45/45/45 275/275/275
f 275/275/275 234/234/234 163/163/163
f 207/207/207 234/234/234 275/275/275
f 184/184/184 202/202/202 16/16/16
f 193/193/193 126/126/126 194/194/194
g Interior_I231
s 1
f 276/276/276 277/277/277 278/278/278
f 279/279/279 276/276/276 278/278/278
f 280/280/280 281/281/281 282/282/282
f 280/280/280 283/283/283 284/284/284
f 285/285/285 286/286/286 287/287/287
f 288/288/288 286/286/286 285/285/285
f 289/289/289 290/290/290 291/291/291
f 292/292/292 288/288/288 285/285/285
f 292/292/292 285/285/285 287/287/287
f 293/293/293 294/294/294 295/295/295
f 296/296/296 297/297/297 298/298/298
f 299/299/299 300/300/300 298/298/298
f 301/301/301 302/302/302 303/303/303
f 297/297/297 304/304/304 305/305/305
f 306/306/306 302/302/302 301/301/301
f 307/307/307 299/299/299 305/305/305
f 308/308/308 309/309/309 310/310/310
f 310/310/310 311/311/311 308/308/308
f 312/312/312 313/313/313 314/314/314
f 315/315/315 289/289/289 316/316/316
f 317/317/317 318/318/318 314/314/314
f 319/319/319 320/320/320 321/321/321
f 322/322/322 323/323/323 324/324/324
f 321/321/321 325/325/325 319/319/319
f 317/317/317 325/325/325 321/321/321
f 326/326/326 286/286/286 288/288/288
f 327/327/327 326/326/326 288/288/288
f 326/326/326 327/327/327 328/328/328
f 329/329/329 330/330/330 331/331/331
f 281/281/281 284/284/284 332/332/332
f 331/331/331 323/323/323 322/322/322
f 281/281/281 323/323/323 282/282/282
f 330/330/330 323/323/323 331/331/331
f 333/333/333 334/334/334 335/335/335
f 334/334/334 336/336/336 335/335/335
f 324/324/324 323/323/323 337/337/337
f 324/324/324 337/337/337 332/332/332
f 337/337/337 281/281/281 332/332/332
f 323/323/323 281/281/281 337/337/337
f 338/338/338 339/339/339 332/332/332
f 339/339/339 324/324/324 332/332/332
f 322/322/322 324/324/324 339/339/339
f 322/322/322 339/339/339 338/338/338
f 316/316/316 289/289/289 340/340/340
f 291/291/291 340/340/340 289/289/289
f 341/341/341 342/342/342 343/343/343
f 343/343/343 342/342/342 344/344/344
f 345/345/345 346/346/346 347/347/347
f 347/347/347 346/346/346 348/348/348
f 349/349/349 350/350/350 351/351/351
f 349/349/349 352/352/352 350/350/350
f 351/351/351 350/350/350 348/348/348
f 348/348/348 346/346/346 353/353/353
f 349/349/349 336/336/336 354/354/354
f 355/355/355 356/356/356 357/357/357
f 355/355/355 358/358/358 356/356/356
f 356/356/356 358/358/358 359/359/359
f 360/360/360 355/355/355 357/357/357
f 336/336/336 349/349/349 361/361/361
f 359/359/359 358/358/358 361/361/361
f 361/361/361 358/358/358 336/336/336
f 362/362/362 363/363/363 308/308/308
f 362/362/362 364/364/364 363/363/363
f 363/363/363 364/364/364 365/365/365
f 308/308/308 363/363/363 365/365/365
f 311/311/311 362/362/362 308/308/308
f 366/366/366 367/367/367 368/368/368
f 368/368/368 369/369/369 366/366/366
f 370/370/370 371/371/371 372/372/372
f 372/372/372 371/371/371 373/373/373
f 370/370/370 372/372/372 374/374/374
f 375/375/375 376/376/376 371/371/371
f 377/377/377 349/349/349 378/378/378
f 310/310/310 379/379/379 380/380/380
f 310/310/310 309/309/309 379/379/379
f 309/309/309 381/381/381 379/379/379
f 379/379/379 381/381/381 380/380/380
f 305/305/305 299/299/299 382/382/382
f 305/305/305 382/382/382 297/297/297
f 298/298/298 297/297/297 382/382/382
f 335/335/335 336/336/336 383/383/383
f 384/384/384 385/385/385 386/386/386
f 386/386/386 385/385/385 387/387/387
f 388/388/388 385/385/385 389/389/389
f 390/390/390 388/388/388 389/389/389
f 387/387/387 385/385/385 388/388/388
f 373/373/373 391/391/391 392/392/392
f 392/392/392 391/391/391 374/374/374
f 372/372/372 392/392/392 374/374/374
f 298/298/298 382/382/382 299/299/299
f 298/298/298 300/300/300 393/393/393
f 298/298/298 393/393/393 296/296/296
f 394/394/394 336/336/336 334/334/334
f 394/394/394 334/334/334 333/333/333
f 395/395/395 396/396/396 397/397/397
f 396/396/396 398/398/398 397/397/397
f 399/399/399 398/398/398 396/396/396
f 399/399/399 396/396/396 395/395/395
f 293/293/293 400/400/400 401/401/401
f 400/400/400 402/402/402 401/401/401
f 295/295/295 400/400/400 293/293/293
f 401/401/401 403/403/403 293/293/293
f 403/403/403 294/294/294 293/293/293
f 395/395/395 404/404/404 399/399/399
f 404/404/404 405/405/405 399/399/399
f 397/397/397 404/404/404 395/395/395
f 292/292/292 406/406/406 288/288/288
f 406/406/406 327/327/327 288/288/288
f 407/407/407 327/327/327 406/406/406
f 407/407/407 406/406/406 292/292/292
f 282/282/282 408/408/408 280/280/280
f 408/408/408 283/283/283 280/280/280
f 328/328/328 409/409/409 410/410/410
f 409/409/409 411/411/411 410/410/410
f 412/412/412 413/413/413 414/414/414
f 412/412/412 414/414/414 415/415/415
f 416/416/416 415/415/415 414/414/414
f 416/416/416 414/414/414 413/413/413
f 397/397/397 417/417/417 404/404/404
f 417/417/417 405/405/405 404/404/404
f 295/295/295 418/418/418 400/400/400
f 418/418/418 402/402/402 400/400/400
f 341/341/341 419/419/419 342/342/342
f 342/342/342 419/419/419 420/420/420
f 421/421/421 422/422/422 423/423/423
f 423/423/423 424/424/424 421/421/421
f 425/425/425 424/424/424 423/423/423
f 426/426/426 422/422/422 421/421/421
f 342/342/342 420/420/420 344/344/344
f 427/427/427 428/428/428 429/429/429
f 428/428/428 430/430/430 429/429/429
f 431/431/431 432/432/432 429/429/429
f 432/432/432 433/433/433 429/429/429
f 434/434/434 435/435/435 316/316/316
f 436/436/436 435/435/435 434/434/434
f 434/434/434 340/340/340 436/436/436
f 316/316/316 340/340/340 434/434/434
f 437/437/437 438/438/438 439/439/439
f 437/437/437 439/439/439 440/440/440
f 441/441/441 394/394/394 333/333/333
f 442/442/442 394/394/394 441/441/441
f 443/443/443 444/444/444 445/445/445
f 445/445/445 446/446/446 443/443/443
f 443/443/443 446/446/446 447/447/447
f 448/448/448 436/436/436 449/449/449
f 448/448/448 449/449/449 291/291/291
f 291/291/291 449/449/449 340/340/340
f 449/449/449 436/436/436 340/340/340
f 421/421/421 450/450/450 451/451/451
f 451/451/451 426/426/426 421/421/421
f 452/452/452 426/426/426 451/451/451
f 309/309/309 453/453/453 374/374/374
f 416/416/416 454/454/454 455/455/455
f 456/456/456 419/419/419 457/457/457
f 458/458/458 336/336/336 394/394/394
f 457/457/457 419/419/419 459/459/459
f 354/354/354 336/336/336 458/458/458
f 460/460/460 461/461/461 462/462/462
f 460/460/460 463/463/463 461/461/461
f 317/317/317 464/464/464 318/318/318
f 464/464/464 320/320/320 318/318/318
f 321/321/321 320/320/320 464/464/464
f 321/321/321 464/464/464 317/317/317
f 465/465/465 466/466/466 467/467/467
f 465/465/465 468/468/468 466/466/466
f 462/462/462 469/469/469 460/460/460
f 462/462/462 470/470/470 469/469/469
f 471/471/471 472/472/472 473/473/473
f 473/473/473 472/472/472 474/474/474
f 474/474/474 475/475/475 473/473/473
f 476/476/476 477/477/477 478/478/478
f 476/476/476 479/479/479 477/477/477
f 480/480/480 481/481/481 482/482/482
f 480/480/480 478/478/478 481/481/481
f 423/423/423 422/422/422 425/425/425
f 483/483/483 484/484/484 485/485/485
f 486/486/486 458/458/458 394/394/394
f 485/485/485 487/487/487 483/483/483
f 486/486/486 394/394/394 442/442/442
f 488/488/488 486/486/486 442/442/442
f 354/354/354 458/458/458 488/488/488
f 489/489/489 490/490/490 491/491/491
f 492/492/492 490/490/490 489/489/489
f 493/493/493 468/468/468 465/465/465
f 491/491/491 494/494/494 489/489/489
f 305/305/305 495/495/495 307/307/307
f 465/465/465 496/496/496 493/493/493
f 488/488/488 458/458/458 486/486/486
f 497/497/497 498/498/498 499/499/499
f 378/378/378 498/498/498 497/497/497
f 377/377/377 378/378/378 497/497/497
f 377/377/377 497/497/497 499/499/499
f 349/349/349 500/500/500 378/378/378
f 305/305/305 304/304/304 495/495/495
f 501/501/501 322/322/322 338/338/338
f 500/500/500 498/498/498 378/378/378
f 498/498/498 500/500/500 351/351/351
f 500/500/500 349/349/349 351/351/351
f 372/372/372 373/373/373 392/392/392
f 502/502/502 503/503/503 306/306/306
f 503/503/503 318/318/318 306/306/306
f 314/314/314 318/318/318 504/504/504
f 314/314/314 504/504/504 312/312/312
f 467/467/467 496/496/496 465/465/465
f 416/416/416 455/455/455 505/505/505
f 444/444/444 506/506/506 445/445/445
f 506/506/506 507/507/507 445/445/445
f 447/447/447 508/508/508 443/443/443
f 508/508/508 444/444/444 443/443/443
f 380/380/380 509/509/509 310/310/310
f 509/509/509 311/311/311 310/310/310
f 473/473/473 475/475/475 471/471/471
f 476/476/476 478/478/478 480/480/480
f 482/482/482 510/510/510 480/480/480
f 480/480/480 510/510/510 476/476/476
f 412/412/412 511/511/511 512/512/512
f 412/412/412 512/512/512 513/513/513
f 514/514/514 515/515/515 516/516/516
f 514/514/514 517/517/517 515/515/515
f 291/291/291 290/290/290 518/518/518
f 494/494/494 519/519/519 520/520/520
f 516/516/516 521/521/521 514/514/514
f 514/514/514 521/521/521 522/522/522
f 522/522/522 517/517/517 514/514/514
f 291/291/291 518/518/518 448/448/448
f 494/494/494 523/523/523 519/519/519
f 510/510/510 524/524/524 525/525/525
f 526/526/526 527/527/527 528/528/528
f 528/528/528 527/527/527 529/529/529
f 529/529/529 530/530/530 528/528/528
f 528/528/528 530/530/530 526/526/526
f 525/525/525 524/524/524 531/531/531
f 429/429/429 433/433/433 427/427/427
f 531/531/531 476/476/476 525/525/525
f 429/429/429 430/430/430 431/431/431
f 525/525/525 476/476/476 510/510/510
f 318/318/318 302/302/302 306/306/306
f 318/318/318 532/532/532 302/302/302
f 302/302/302 532/532/532 303/303/303
f 375/375/375 371/371/371 533/533/533
f 424/424/424 450/450/450 421/421/421
f 440/440/440 534/534/534 437/437/437
f 437/437/437 534/534/534 535/535/535
f 535/535/535 438/438/438 437/437/437
f 419/419/419 456/456/456 420/420/420
f 419/419/419 341/341/341 459/459/459
f 316/316/316 435/435/435 536/536/536
f 316/316/316 536/536/536 315/315/315
f 533/533/533 371/371/371 370/370/370
f 387/387/387 388/388/388 537/537/537
f 537/537/537 388/388/388 390/390/390
f 329/329/329 331/331/331 538/538/538
f 538/538/538 331/331/331 322/322/322
f 538/538/538 322/322/322 501/501/501
f 329/329/329 538/538/538 501/501/501
f 539/539/539 360/360/360 377/377/377
f 499/499/499 539/539/539 377/377/377
f 314/314/314 540/540/540 317/317/317
f 314/314/314 313/313/313 540/540/540
f 540/540/540 313/313/313 325/325/325
f 317/317/317 540/540/540 325/325/325
f 489/489/489 541/541/541 492/492/492
f 489/489/489 494/494/494 541/541/541
f 542/542/542 543/543/543 544/544/544
f 385/385/385 381/381/381 545/545/545
f 545/545/545 381/381/381 546/546/546
f 389/389/389 545/545/545 546/546/546
f 389/389/389 385/385/385 545/545/545
f 371/371/371 547/547/547 373/373/373
f 371/371/371 376/376/376 547/547/547
f 376/376/376 546/546/546 547/547/547
f 547/547/547 546/546/546 373/373/373
f 546/546/546 381/381/381 391/391/391
f 391/391/391 381/381/381 374/374/374
f 373/373/373 546/546/546 391/391/391
f 377/377/377 360/360/360 548/548/548
f 548/548/548 360/360/360 357/357/357
f 357/357/357 349/349/349 548/548/548
f 548/548/548 349/349/349 377/377/377
f 361/361/361 549/549/549 359/359/359
f 361/361/361 349/349/349 549/549/549
f 549/549/549 349/349/349 357/357/357
f 453/453/453 550/550/550 365/365/365
f 453/453/453 309/309/309 550/550/550
f 550/550/550 309/309/309 308/308/308
f 365/365/365 550/550/550 308/308/308
f 544/544/544 551/551/551 542/542/542
f 552/552/552 553/553/553 554/554/554
f 555/555/555 556/556/556 452/452/452
f 557/557/557 555/555/555 452/452/452
f 451/451/451 558/558/558 452/452/452
f 451/451/451 450/450/450 558/558/558
f 450/450/450 557/557/557 558/558/558
f 558/558/558 557/557/557 452/452/452
f 554/554/554 559/559/559 552/552/552
f 560/560/560 561/561/561 562/562/562
f 562/562/562 563/563/563 560/560/560
f 564/564/564 565/565/565 566/566/566
f 566/566/566 567/567/567 564/564/564
f 568/568/568 569/569/569 570/570/570
f 570/570/570 571/571/571 568/568/568
f 572/572/572 573/573/573 574/574/574
f 573/573/573 572/572/572 575/575/575
f 576/576/576 577/577/577 578/578/578
f 579/579/579 580/580/580 581/581/581
f 576/576/576 579/579/579 581/581/581
f 575/575/575 582/582/582 583/583/583
f 573/573/573 575/575/575 583/583/583
f 383/383/383 336/336/336 584/584/584
f 585/585/585 327/327/327 586/586/586
f 350/350/350 587/587/587 348/348/348
f 353/353/353 488/488/488 588/588/588
f 588/588/588 488/488/488 442/442/442
f 589/589/589 389/389/389 546/546/546
f 376/376/376 589/589/589 546/546/546
f 390/390/390 589/589/589 376/376/376
f 390/390/390 389/389/389 589/589/589
f 390/390/390 376/376/376 590/590/590
f 590/590/590 376/376/376 375/375/375
f 381/381/381 385/385/385 380/380/380
f 381/381/381 309/309/309 374/374/374
f 498/498/498 591/591/591 499/499/499
f 591/591/591 498/498/498 351/351/351
f 592/592/592 502/502/502 306/306/306
f 520/520/520 541/541/541 494/494/494
f 520/520/520 492/492/492 541/541/541
f 365/365/365 364/364/364 453/453/453
f 593/593/593 277/277/277 594/594/594
f 595/595/595 596/596/596 597/597/597
f 597/597/597 278/278/278 595/595/595
f 279/279/279 278/278/278 597/597/597
f 598/598/598 599/599/599 600/600/600
f 601/601/601 600/600/600 602/602/602
f 600/600/600 599/599/599 602/602/602
f 350/350/350 352/352/352 587/587/587
f 352/352/352 347/347/347 587/587/587
f 587/587/587 347/347/347 348/348/348
f 349/349/349 603/603/603 352/352/352
f 349/349/349 345/345/345 603/603/603
f 604/604/604 605/605/605 606/606/606
f 601/601/601 606/606/606 607/607/607
f 606/606/606 605/605/605 607/607/607
f 603/603/603 345/345/345 347/347/347
f 352/352/352 603/603/603 347/347/347
f 608/608/608 488/488/488 353/353/353
f 346/346/346 608/608/608 353/353/353
f 345/345/345 608/608/608 346/346/346
f 345/345/345 488/488/488 608/608/608
f 349/349/349 609/609/609 345/345/345
f 349/349/349 354/354/354 609/609/609
f 609/609/609 354/354/354 488/488/488
f 345/345/345 609/609/609 488/488/488
f 359/359/359 549/549/549 610/610/610
f 610/610/610 549/549/549 357/357/357
f 357/357/357 356/356/356 610/610/610
f 610/610/610 356/356/356 359/359/359
f 303/303/303 532/532/532 611/611/611
f 577/577/577 576/576/576 612/612/612
f 612/612/612 576/576/576 581/581/581
f 601/601/601 607/607/607 613/613/613
f 613/613/613 607/607/607 598/598/598
f 598/598/598 600/600/600 613/613/613
f 613/613/613 600/600/600 601/601/601
f 604/604/604 606/606/606 614/614/614
f 614/614/614 606/606/606 601/601/601
f 586/586/586 327/327/327 407/407/407
f 415/415/415 511/511/511 412/412/412
f 513/513/513 413/413/413 412/412/412
f 505/505/505 415/415/415 416/416/416
f 413/413/413 454/454/454 416/416/416
f 286/286/286 326/326/326 410/410/410
f 410/410/410 326/326/326 328/328/328
f 410/410/410 411/411/411 286/286/286
f 284/284/284 281/281/281 280/280/280
f 601/601/601 602/602/602 614/614/614
f 614/614/614 602/602/602 604/604/604
f 615/615/615 596/596/596 616/616/616
f 279/279/279 615/615/615 616/616/616
f 597/597/597 615/615/615 279/279/279
f 597/597/597 596/596/596 615/615/615
f 344/344/344 420/420/420 617/617/617
f 616/616/616 596/596/596 593/593/593
f 594/594/594 616/616/616 593/593/593
f 279/279/279 616/616/616 594/594/594
f 594/594/594 277/277/277 276/276/276
f 594/594/594 276/276/276 279/279/279
g Interior_I232
s 1
f 618/618/618 619/619/619 620/620/620
f 621/621/621 622/622/622 623/623/623
f 624/624/624 625/625/625 626/626/626
f 627/627/627 628/628/628 622/622/622
f 629/629/629 630/630/630 631/631/631
f 632/632/632 633/633/633 625/625/625
f 634/634/634 635/635/635 636/636/636
f 637/637/637 638/638/638 628/628/628
f 639/639/639 640/640/640 641/641/641
f 642/642/642 643/643/643 644/644/644
f 645/645/645 635/635/635 646/646/646
f 647/647/647 635/635/635 645/645/645
f 648/648/648 649/649/649 650/650/650
f 651/651/651 647/647/647 645/645/645
f 651/651/651 645/645/645 646/646/646
f 648/648/648 650/650/650 652/652/652
f 653/653/653 654/654/654 655/655/655
f 654/654/654 653/653/653 656/656/656
f 657/657/657 658/658/658 659/659/659
f 659/659/659 658/658/658 660/660/660
f 661/661/661 640/640/640 639/639/639
f 662/662/662 659/659/659 660/660/660
f 662/662/662 657/657/657 659/659/659
f 663/663/663 664/664/664 665/665/665
f 653/653/653 666/666/666 656/656/656
f 667/667/667 668/668/668 669/669/669
f 655/655/655 670/670/670 671/671/671
f 664/664/664 672/672/672 665/665/665
f 664/664/664 668/668/668 672/672/672
f 663/663/663 668/668/668 664/664/664
f 669/669/669 668/668/668 663/663/663
f 655/655/655 671/671/671 673/673/673
f 674/674/674 669/669/669 663/663/663
f 675/675/675 635/635/635 676/676/676
f 677/677/677 678/678/678 679/679/679
f 679/679/679 678/678/678 680/680/680
f 651/651/651 681/681/681 647/647/647
f 674/674/674 667/667/667 669/669/669
f 633/633/633 682/682/682 625/625/625
f 629/629/629 683/683/683 684/684/684
f 684/684/684 683/683/683 685/685/685
f 684/684/684 685/685/685 630/630/630
f 629/629/629 684/684/684 630/630/630
f 686/686/686 687/687/687 688/688/688
f 687/687/687 686/686/686 689/689/689
f 687/687/687 690/690/690 688/688/688
f 690/690/690 687/687/687 691/691/691
f 636/636/636 635/635/635 675/675/675
f 692/692/692 690/690/690 693/693/693
f 694/694/694 695/695/695 696/696/696
f 618/618/618 692/692/692 697/697/697
f 694/694/694 696/696/696 698/698/698
f 633/633/633 699/699/699 682/682/682
f 700/700/700 618/618/618 701/701/701
f 636/636/636 675/675/675 702/702/702
f 667/667/667 703/703/703 668/668/668
f 704/704/704 651/651/651 700/700/700
f 668/668/668 703/703/703 672/672/672
f 686/686/686 705/705/705 706/706/706
f 705/705/705 686/686/686 688/688/688
f 635/635/635 707/707/707 676/676/676
f 635/635/635 647/647/647 708/708/708
f 665/665/665 672/672/672 709/709/709
f 709/709/709 710/710/710 665/665/665
f 690/690/690 683/683/683 711/711/711
f 711/711/711 683/683/683 629/629/629
f 625/625/625 682/682/682 626/626/626
f 682/682/682 699/699/699 626/626/626
f 626/626/626 699/699/699 712/712/712
f 713/713/713 714/714/714 715/715/715
f 716/716/716 713/713/713 715/715/715
f 665/665/665 710/710/710 663/663/663
f 626/626/626 712/712/712 643/643/643
f 643/643/643 712/712/712 717/717/717
f 718/718/718 699/699/699 622/622/622
f 712/712/712 699/699/699 717/717/717
f 628/628/628 718/718/718 622/622/622
f 638/638/638 718/718/718 628/628/628
f 622/622/622 699/699/699 719/719/719
f 622/622/622 719/719/719 623/623/623
f 623/623/623 719/719/719 633/633/633
f 719/719/719 699/699/699 633/633/633
f 720/720/720 721/721/721 678/678/678
f 649/649/649 720/720/720 678/678/678
f 722/722/722 723/723/723 677/677/677
f 724/724/724 725/725/725 726/726/726
f 656/656/656 666/666/666 727/727/727
f 654/654/654 656/656/656 728/728/728
f 650/650/650 723/723/723 722/722/722
f 729/729/729 646/646/646 685/685/685
f 651/651/651 646/646/646 729/729/729
f 678/678/678 730/730/730 680/680/680
f 638/638/638 699/699/699 718/718/718
f 678/678/678 721/721/721 730/730/730
f 731/731/731 720/720/720 732/732/732
f 721/721/721 720/720/720 731/731/731
f 733/733/733 734/734/734 676/676/676
f 620/620/620 651/651/651 729/729/729
f 620/620/620 729/729/729 685/685/685
f 735/735/735 736/736/736 737/737/737
f 738/738/738 667/667/667 674/674/674
f 663/663/663 739/739/739 674/674/674
f 619/619/619 651/651/651 620/620/620
f 735/735/735 726/726/726 736/736/736
f 700/700/700 651/651/651 619/619/619
f 740/740/740 741/741/741 705/705/705
f 688/688/688 740/740/740 705/705/705
f 688/688/688 742/742/742 740/740/740
f 740/740/740 742/742/742 741/741/741
f 737/737/737 743/743/743 744/744/744
f 674/674/674 739/739/739 738/738/738
f 745/745/745 746/746/746 747/747/747
f 711/711/711 629/629/629 748/748/748
f 690/690/690 711/711/711 748/748/748
f 666/666/666 653/653/653 749/749/749
f 747/747/747 746/746/746 657/657/657
f 747/747/747 657/657/657 641/641/641
f 745/745/745 747/747/747 641/641/641
f 710/710/710 750/750/750 663/663/663
f 749/749/749 653/653/653 655/655/655
f 749/749/749 655/655/655 751/751/751
f 666/666/666 749/749/749 751/751/751
f 751/751/751 743/743/743 737/737/737
f 751/751/751 673/673/673 743/743/743
f 618/618/618 700/700/700 619/619/619
f 685/685/685 634/634/634 636/636/636
f 752/752/752 623/623/623 633/633/633
f 753/753/753 626/626/626 643/643/643
f 754/754/754 620/620/620 685/685/685
f 662/662/662 639/639/639 641/641/641
f 743/743/743 673/673/673 744/744/744
f 723/723/723 755/755/755 677/677/677
f 726/726/726 756/756/756 736/736/736
f 757/757/757 758/758/758 661/661/661
f 759/759/759 758/758/758 757/757/757
f 760/760/760 761/761/761 762/762/762
f 702/702/702 675/675/675 763/763/763
f 690/690/690 764/764/764 688/688/688
f 765/765/765 654/654/654 728/728/728
f 654/654/654 765/765/765 670/670/670
f 751/751/751 655/655/655 673/673/673
f 666/666/666 751/751/751 737/737/737
f 737/737/737 744/744/744 735/735/735
f 735/735/735 744/744/744 695/695/695
f 735/735/735 695/695/695 694/694/694
f 723/723/723 649/649/649 755/755/755
f 755/755/755 649/649/649 678/678/678
f 726/726/726 725/725/725 756/756/756
f 677/677/677 755/755/755 678/678/678
f 702/702/702 766/766/766 636/636/636
f 767/767/767 648/648/648 652/652/652
f 640/640/640 762/762/762 768/768/768
f 640/640/640 768/768/768 641/641/641
f 636/636/636 766/766/766 685/685/685
f 734/734/734 769/769/769 702/702/702
f 734/734/734 770/770/770 769/769/769
f 683/683/683 618/618/618 754/754/754
f 744/744/744 673/673/673 771/771/771
f 744/744/744 771/771/771 695/695/695
f 683/683/683 754/754/754 685/685/685
f 772/772/772 618/618/618 683/683/683
f 692/692/692 618/618/618 772/772/772
f 690/690/690 692/692/692 772/772/772
f 643/643/643 717/717/717 644/644/644
f 690/690/690 772/772/772 683/683/683
f 748/748/748 631/631/631 764/764/764
f 759/759/759 773/773/773 758/758/758
f 773/773/773 762/762/762 758/758/758
f 774/774/774 639/639/639 775/775/775
f 661/661/661 639/639/639 774/774/774
f 654/654/654 670/670/670 655/655/655
f 776/776/776 773/773/773 777/777/777
f 777/777/777 773/773/773 759/759/759
f 699/699/699 638/638/638 715/715/715
f 715/715/715 638/638/638 716/716/716
f 661/661/661 778/778/778 640/640/640
f 778/778/778 762/762/762 640/640/640
f 758/758/758 762/762/762 778/778/778
f 710/710/710 779/779/779 750/750/750
f 715/715/715 714/714/714 699/699/699
f 773/773/773 760/760/760 762/762/762
f 750/750/750 779/779/779 739/739/739
f 758/758/758 778/778/778 661/661/661
f 775/775/775 639/639/639 780/780/780
f 775/775/775 780/780/780 660/660/660
f 765/765/765 781/781/781 670/670/670
f 765/765/765 782/782/782 781/781/781
f 641/641/641 657/657/657 662/662/662
f 660/660/660 780/780/780 662/662/662
f 780/780/780 639/639/639 662/662/662
f 690/690/690 748/748/748 764/764/764
f 663/663/663 750/750/750 739/739/739
f 783/783/783 726/726/726 694/694/694
f 698/698/698 783/783/783 694/694/694
f 698/698/698 724/724/724 783/783/783
f 783/783/783 724/724/724 726/726/726
f 763/763/763 675/675/675 676/676/676
f 737/737/737 784/784/784 666/666/666
f 737/737/737 736/736/736 784/784/784
f 748/748/748 629/629/629 631/631/631
f 728/728/728 656/656/656 785/785/785
f 786/786/786 787/787/787 760/760/760
f 785/785/785 656/656/656 727/727/727
f 785/785/785 727/727/727 788/788/788
f 650/650/650 649/649/649 723/723/723
f 728/728/728 785/785/785 788/788/788
f 782/782/782 765/765/765 789/789/789
f 789/789/789 765/765/765 728/728/728
f 789/789/789 728/728/728 790/790/790
f 657/657/657 791/791/791 658/658/658
f 782/782/782 789/789/789 790/790/790
f 676/676/676 734/734/734 763/763/763
f 763/763/763 734/734/734 702/702/702
f 650/650/650 722/722/722 792/792/792
f 650/650/650 792/792/792 652/652/652
f 728/728/728 788/788/788 793/793/793
f 793/793/793 788/788/788 794/794/794
f 790/790/790 793/793/793 794/794/794
f 790/790/790 728/728/728 793/793/793
f 646/646/646 634/634/634 685/685/685
f 720/720/720 649/649/649 732/732/732
f 646/646/646 635/635/635 634/634/634
f 733/733/733 795/795/795 734/734/734
f 795/795/795 770/770/770 734/734/734
f 787/787/787 796/796/796 760/760/760
f 796/796/796 761/761/761 760/760/760
f 797/797/797 786/786/786 760/760/760
f 776/776/776 786/786/786 797/797/797
f 776/776/776 797/797/797 773/773/773
f 797/797/797 760/760/760 773/773/773
f 694/694/694 726/726/726 735/735/735
f 702/702/702 769/769/769 766/766/766
f 769/769/769 770/770/770 766/766/766
f 618/618/618 620/620/620 754/754/754
f 746/746/746 791/791/791 657/657/657
g Interior_I233
s 1
f 798/798/798 799/799/799 800/800/800
f 801/801/801 802/802/802 803/803/803
f 803/803/803 804/804/804 801/801/801
f 800/800/800 805/805/805 798/798/798
f 806/806/806 807/807/807 808/808/808
f 808/808/808 809/809/809 806/806/806
f 810/810/810 811/811/811 812/812/812
f 812/812/812 813/813/813 810/810/810
g Interior_I234
s 1
f 814/814/814 815/815/815 816/816/816
f 817/817/817 814/814/814 816/816/816
f 818/818/818 819/819/819 820/820/820
f 821/821/821 822/822/822 816/816/816
f 816/816/816 822/822/822 817/817/817
f 819/819/819 823/823/823 820/820/820
f 816/816/816 815/815/815 821/821/821
f 822/822/822 824/824/824 817/817/817
f 825/825/825 823/823/823 826/826/826
f 820/820/820 827/827/827 818/818/818
f 820/820/820 823/823/823 825/825/825
f 828/828/828 829/829/829 830/830/830
f 831/831/831 832/832/832 833/833/833
f 831/831/831 829/829/829 828/828/828
f 833/833/833 829/829/829 831/831/831
f 830/830/830 834/834/834 828/828/828
f 832/832/832 831/831/831 835/835/835
g Interior_I235
s 1
f 836/836/836 837/837/837 838/838/838
f 839/839/839 840/840/840 841/841/841
f 839/839/839 842/842/842 840/840/840
f 843/843/843 840/840/840 842/842/842
f 843/843/843 841/841/841 840/840/840
f 844/844/844 845/845/845 846/846/846
f 846/846/846 845/845/845 847/847/847
f 843/843/843 842/842/842 848/848/848
f 848/848/848 842/842/842 849/849/849
f 850/850/850 839/839/839 841/841/841
f 850/850/850 849/849/849 839/839/839
f 839/839/839 849/849/849 842/842/842
f 851/851/851 852/852/852 853/853/853
f 851/851/851 854/854/854 852/852/852
f 855/855/855 856/856/856 857/857/857
f 855/855/855 858/858/858 856/856/856
f 859/859/859 860/860/860 861/861/861
f 861/861/861 860/860/860 862/862/862
f 863/863/863 864/864/864 865/865/865
f 865/865/865 864/864/864 866/866/866
f 867/867/867 868/868/868 869/869/869
f 867/867/867 870/870/870 868/868/868
f 871/871/871 872/872/872 873/873/873
f 867/867/867 869/869/869 874/874/874
f 874/874/874 875/875/875 867/867/867
f 837/837/837 876/876/876 838/838/838
f 876/876/876 877/877/877 878/878/878
f 879/879/879 880/880/880 881/881/881
f 881/881/881 882/882/882 879/879/879
f 883/883/883 884/884/884 885/885/885
f 885/885/885 886/886/886 883/883/883
f 887/887/887 876/876/876 878/878/878
f 888/888/888 889/889/889 890/890/890
f 891/891/891 892/892/892 890/890/890
f 893/893/893 894/894/894 895/895/895
f 895/895/895 896/896/896 893/893/893
f 897/897/897 898/898/898 899/899/899
f 900/900/900 901/901/901 902/902/902
f 903/903/903 904/904/904 905/905/905
f 906/906/906 903/903/903 905/905/905
f 891/891/891 890/890/890 907/907/907
f 908/908/908 909/909/909 910/910/910
f 910/910/910 911/911/911 908/908/908
f 907/907/907 890/890/890 912/912/912
f 913/913/913 914/914/914 915/915/915
f 915/915/915 916/916/916 913/913/913
f 917/917/917 918/918/918 895/895/895
f 919/919/919 920/920/920 921/921/921
f 871/871/871 873/873/873 870/870/870
f 922/922/922 923/923/923 906/906/906
f 905/905/905 904/904/904 924/924/924
f 905/905/905 922/922/922 906/906/906
f 924/924/924 922/922/922 905/905/905
f 925/925/925 926/926/926 927/927/927
f 925/925/925 928/928/928 926/926/926
f 926/926/926 928/928/928 929/929/929
f 930/930/930 931/931/931 932/932/932
f 932/932/932 931/931/931 933/933/933
f 932/932/932 934/934/934 930/930/930
f 935/935/935 936/936/936 937/937/937
f 938/938/938 860/860/860 859/859/859
f 851/851/851 939/939/939 854/854/854
f 866/866/866 864/864/864 940/940/940
f 855/855/855 857/857/857 941/941/941
f 942/942/942 943/943/943 944/944/944
f 853/853/853 945/945/945 851/851/851
f 853/853/853 946/946/946 945/945/945
f 947/947/947 948/948/948 949/949/949
f 950/950/950 951/951/951 952/952/952
f 953/953/953 954/954/954 955/955/955
f 956/956/956 957/957/957 958/958/958
f 959/959/959 960/960/960 961/961/961
f 962/962/962 963/963/963 964/964/964
f 965/965/965 966/966/966 967/967/967
f 968/968/968 969/969/969 970/970/970
f 971/971/971 972/972/972 973/973/973
f 974/974/974 975/975/975 976/976/976
f 977/977/977 978/978/978 979/979/979
f 977/977/977 980/980/980 978/978/978
f 981/981/981 978/978/978 980/980/980
f 981/981/981 979/979/979 978/978/978
f 982/982/982 983/983/983 984/984/984
f 982/982/982 985/985/985 983/983/983
f 986/986/986 983/983/983 985/985/985
f 986/986/986 984/984/984 983/983/983
f 911/911/911 987/987/987 988/988/988
f 988/988/988 987/987/987 989/989/989
f 989/989/989 908/908/908 988/988/988
f 988/988/988 908/908/908 911/911/911
f 990/990/990 991/991/991 837/837/837
f 990/990/990 871/871/871 991/991/991
f 870/870/870 992/992/992 871/871/871
f 870/870/870 867/867/867 992/992/992
f 941/941/941 993/993/993 855/855/855
f 941/941/941 994/994/994 993/993/993
f 995/995/995 996/996/996 997/997/997
f 995/995/995 998/998/998 996/996/996
f 942/942/942 944/944/944 999/999/999
f 999/999/999 944/944/944 1000/1000/1000
f 1000/1000/1000 1001/1001/1001 999/999/999
f 999/999/999 1001/1001/1001 942/942/942
f 1002/1002/1002 968/968/968 1003/1003/1003
f 1003/1003/1003 968/968/968 970/970/970
f 970/970/970 1004/1004/1004 1003/1003/1003
f 1003/1003/1003 1004/1004/1004 1002/1002/1002
f 953/953/953 955/955/955 1005/1005/1005
f 1005/1005/1005 955/955/955 1006/1006/1006
f 1006/1006/1006 1007/1007/1007 1005/1005/1005
f 1005/1005/1005 1007/1007/1007 953/953/953
f 1008/1008/1008 950/950/950 1009/1009/1009
f 1009/1009/1009 950/950/950 952/952/952
f 952/952/952 1010/1010/1010 1009/1009/1009
f 1009/1009/1009 1010/1010/1010 1008/1008/1008
f 962/962/962 964/964/964 1011/1011/1011
f 1011/1011/1011 964/964/964 1012/1012/1012
f 1012/1012/1012 1013/1013/1013 1011/1011/1011
f 1011/1011/1011 1013/1013/1013 962/962/962
f 1014/1014/1014 965/965/965 1015/1015/1015
f 1015/1015/1015 965/965/965 967/967/967
f 967/967/967 1016/1016/1016 1015/1015/1015
f 1015/1015/1015 1016/1016/1016 1014/1014/1014
f 1017/1017/1017 947/947/947 1018/1018/1018
f 1018/1018/1018 947/947/947 949/949/949
f 949/949/949 1019/1019/1019 1018/1018/1018
f 1018/1018/1018 1019/1019/1019 1017/1017/1017
f 959/959/959 961/961/961 1020/1020/1020
f 1021/1021/1021 1022/1022/1022 1020/1020/1020
f 1020/1020/1020 1022/1022/1022 959/959/959
f 1023/1023/1023 956/956/956 1024/1024/1024
f 1024/1024/1024 956/956/956 958/958/958
f 958/958/958 1025/1025/1025 1024/1024/1024
f 1024/1024/1024 1025/1025/1025 1023/1023/1023
f 971/971/971 973/973/973 1026/1026/1026
f 1026/1026/1026 973/973/973 1027/1027/1027
f 1027/1027/1027 1028/1028/1028 1026/1026/1026
f 1026/1026/1026 1028/1028/1028 971/971/971
f 1029/1029/1029 1030/1030/1030 1031/1031/1031
f 1029/1029/1029 1032/1032/1032 1030/1030/1030
f 1033/1033/1033 1030/1030/1030 1032/1032/1032
f 1033/1033/1033 1031/1031/1031 1030/1030/1030
f 1034/1034/1034 1035/1035/1035 1036/1036/1036
f 1034/1034/1034 1037/1037/1037 1035/1035/1035
f 1038/1038/1038 1035/1035/1035 1037/1037/1037
f 1038/1038/1038 1036/1036/1036 1035/1035/1035
f 1039/1039/1039 995/995/995 997/997/997
f 962/962/962 1040/1040/1040 1041/1041/1041
f 1041/1041/1041 1042/1042/1042 962/962/962
f 1043/1043/1043 1044/1044/1044 1045/1045/1045
f 1045/1045/1045 1046/1046/1046 1043/1043/1043
f 1047/1047/1047 1048/1048/1048 1049/1049/1049
f 1049/1049/1049 1050/1050/1050 1047/1047/1047
f 1051/1051/1051 1052/1052/1052 1053/1053/1053
f 1053/1053/1053 1054/1054/1054 1051/1051/1051
f 1055/1055/1055 1056/1056/1056 1057/1057/1057
f 1057/1057/1057 1058/1058/1058 1055/1055/1055
f 1059/1059/1059 1060/1060/1060 1061/1061/1061
f 1061/1061/1061 1062/1062/1062 1059/1059/1059
f 1063/1063/1063 1064/1064/1064 1065/1065/1065
f 1065/1065/1065 1066/1066/1066 1063/1063/1063
f 1067/1067/1067 1068/1068/1068 1069/1069/1069
f 1069/1069/1069 1070/1070/1070 1067/1067/1067
f 1071/1071/1071 1072/1072/1072 1073/1073/1073
f 1073/1073/1073 1074/1074/1074 1071/1071/1071
f 1075/1075/1075 1076/1076/1076 1077/1077/1077
f 1077/1077/1077 1078/1078/1078 1075/1075/1075
f 1079/1079/1079 1080/1080/1080 1081/1081/1081
f 1081/1081/1081 1082/1082/1082 1079/1079/1079
f 1083/1083/1083 1084/1084/1084 1085/1085/1085
f 1085/1085/1085 1086/1086/1086 1083/1083/1083
f 1087/1087/1087 1088/1088/1088 1089/1089/1089
f 1090/1090/1090 1087/1087/1087 1085/1085/1085
f 1091/1091/1091 1092/1092/1092 1093/1093/1093
f 1092/1092/1092 1091/1091/1091 1094/1094/1094
f 1091/1091/1091 1095/1095/1095 1096/1096/1096
f 1095/1095/1095 1091/1091/1091 1093/1093/1093
f 1097/1097/1097 1087/1087/1087 1090/1090/1090
f 1087/1087/1087 1097/1097/1097 1088/1088/1088
f 1098/1098/1098 1099/1099/1099 1100/1100/1100
f 1101/1101/1101 1102/1102/1102 1103/1103/1103
f 1101/1101/1101 1098/1098/1098 1100/1100/1100
f 1102/1102/1102 1101/1101/1101 1100/1100/1100
f 1099/1099/1099 1098/1098/1098 1104/1104/1104
f 1103/1103/1103 1105/1105/1105 1101/1101/1101
f 1106/1106/1106 976/976/976 975/975/975
f 976/976/976 1107/1107/1107 974/974/974
f 1108/1108/1108 1109/1109/1109 1110/1110/1110
f 1108/1108/1108 902/902/902 1109/1109/1109
f 902/902/902 901/901/901 1109/1109/1109
f 1109/1109/1109 901/901/901 1110/1110/1110
f 929/929/929 1111/1111/1111 1112/1112/1112
f 1112/1112/1112 1111/1111/1111 927/927/927
f 927/927/927 926/926/926 1112/1112/1112
f 1112/1112/1112 926/926/926 929/929/929
f 1113/1113/1113 1114/1114/1114 940/940/940
f 866/866/866 940/940/940 1114/1114/1114
f 866/866/866 1114/1114/1114 1115/1115/1115
f 1116/1116/1116 940/940/940 864/864/864
f 1113/1113/1113 940/940/940 1116/1116/1116
f 1117/1117/1117 847/847/847 845/845/845
f 1118/1118/1118 847/847/847 1117/1117/1117
f 1119/1119/1119 994/994/994 941/941/941
f 1120/1120/1120 994/994/994 1119/1119/1119
f 1119/1119/1119 857/857/857 1120/1120/1120
f 941/941/941 857/857/857 1119/1119/1119
f 1020/1020/1020 961/961/961 1121/1121/1121
f 1020/1020/1020 1121/1121/1121 1021/1021/1021
f 853/853/853 1122/1122/1122 1123/1123/1123
f 853/853/853 1123/1123/1123 946/946/946
f 995/995/995 1124/1124/1124 998/998/998
f 1125/1125/1125 1126/1126/1126 1127/1127/1127
f 1127/1127/1127 1128/1128/1128 1125/1125/1125
f 1129/1129/1129 1130/1130/1130 1131/1131/1131
f 1131/1131/1131 1132/1132/1132 1129/1129/1129
f 1133/1133/1133 1134/1134/1134 1135/1135/1135
f 1135/1135/1135 1136/1136/1136 1133/1133/1133
f 1137/1137/1137 937/937/937 936/936/936
f 936/936/936 1138/1138/1138 1137/1137/1137
f 1139/1139/1139 862/862/862 860/860/860
f 1140/1140/1140 1141/1141/1141 1142/1142/1142
f 1143/1143/1143 1142/1142/1142 1141/1141/1141
f 1144/1144/1144 1145/1145/1145 1146/1146/1146
f 1147/1147/1147 1148/1148/1148 1149/1149/1149
f 1150/1150/1150 1151/1151/1151 1152/1152/1152
f 1153/1153/1153 1152/1152/1152 1151/1151/1151
f 1154/1154/1154 1155/1155/1155 1156/1156/1156
f 1157/1157/1157 1158/1158/1158 1159/1159/1159
f 1160/1160/1160 1159/1159/1159 1158/1158/1158
f 1150/1150/1150 1152/1152/1152 1161/1161/1161
f 1162/1162/1162 1161/1161/1161 1034/1034/1034
f 1037/1037/1037 1034/1034/1034 1161/1161/1161
f 1163/1163/1163 1164/1164/1164 1165/1165/1165
f 1032/1032/1032 1165/1165/1165 1164/1164/1164
f 1166/1166/1166 1167/1167/1167 1168/1168/1168
f 1169/1169/1169 1168/1168/1168 1167/1167/1167
f 1170/1170/1170 1171/1171/1171 1172/1172/1172
f 1173/1173/1173 1172/1172/1172 1171/1171/1171
f 1174/1174/1174 1175/1175/1175 1176/1176/1176
f 1177/1177/1177 1176/1176/1176 1175/1175/1175
f 1178/1178/1178 1179/1179/1179 1180/1180/1180
f 1181/1181/1181 1180/1180/1180 1179/1179/1179
f 1170/1170/1170 1172/1172/1172 1167/1167/1167
f 1169/1169/1169 1167/1167/1167 1172/1172/1172
f 1182/1182/1182 986/986/986 977/977/977
f 1183/1183/1183 977/977/977 986/986/986
f 1184/1184/1184 1185/1185/1185 982/982/982
f 985/985/985 982/982/982 1185/1185/1185
f 1186/1186/1186 1187/1187/1187 1188/1188/1188
f 1189/1189/1189 1188/1188/1188 1187/1187/1187
f 1190/1190/1190 1191/1191/1191 1192/1192/1192
f 1193/1193/1193 1192/1192/1192 1191/1191/1191
f 1188/1188/1188 1194/1194/1194 1186/1186/1186
f 1195/1195/1195 1186/1186/1186 1194/1194/1194
f 1187/1187/1187 1186/1186/1186 1196/1196/1196
f 1195/1195/1195 1196/1196/1196 1186/1186/1186
f 1197/1197/1197 1198/1198/1198 1199/1199/1199
f 1199/1199/1199 1200/1200/1200 1197/1197/1197
f 1201/1201/1201 1202/1202/1202 1203/1203/1203
f 1203/1203/1203 1204/1204/1204 1201/1201/1201
f 1205/1205/1205 1206/1206/1206 1207/1207/1207
f 1207/1207/1207 1208/1208/1208 1205/1205/1205
f 1209/1209/1209 1210/1210/1210 1211/1211/1211
f 1211/1211/1211 1212/1212/1212 1209/1209/1209
f 1213/1213/1213 1214/1214/1214 1215/1215/1215
f 1215/1215/1215 1216/1216/1216 1213/1213/1213
f 1217/1217/1217 1218/1218/1218 1219/1219/1219
f 1219/1219/1219 1220/1220/1220 1217/1217/1217
f 1221/1221/1221 1222/1222/1222 1223/1223/1223
f 1223/1223/1223 1224/1224/1224 1221/1221/1221
f 1225/1225/1225 1226/1226/1226 1227/1227/1227
f 1227/1227/1227 1228/1228/1228 1225/1225/1225
f 1229/1229/1229 1230/1230/1230 1231/1231/1231
f 1231/1231/1231 1232/1232/1232 1229/1229/1229
f 1233/1233/1233 1234/1234/1234 1235/1235/1235
f 1235/1235/1235 1236/1236/1236 1233/1233/1233
f 1237/1237/1237 1238/1238/1238 1239/1239/1239
f 1239/1239/1239 1240/1240/1240 1237/1237/1237
f 1241/1241/1241 1242/1242/1242 1243/1243/1243
f 1243/1243/1243 1244/1244/1244 1241/1241/1241
f 1245/1245/1245 1246/1246/1246 1247/1247/1247
f 1247/1247/1247 1248/1248/1248 1245/1245/1245
f 1249/1249/1249 1250/1250/1250 1251/1251/1251
f 1251/1251/1251 1252/1252/1252 1249/1249/1249
f 1253/1253/1253 1254/1254/1254 1255/1255/1255
f 1255/1255/1255 1256/1256/1256 1253/1253/1253
f 1257/1257/1257 1258/1258/1258 1259/1259/1259
f 1259/1259/1259 1260/1260/1260 1257/1257/1257
f 1261/1261/1261 1262/1262/1262 1263/1263/1263
f 1263/1263/1263 1264/1264/1264 1261/1261/1261
f 1265/1265/1265 1266/1266/1266 1267/1267/1267
f 1267/1267/1267 1268/1268/1268 1265/1265/1265
f 1269/1269/1269 1270/1270/1270 1271/1271/1271
f 1271/1271/1271 1272/1272/1272 1269/1269/1269
f 1273/1273/1273 1274/1274/1274 1275/1275/1275
f 1275/1275/1275 1276/1276/1276 1273/1273/1273
f 1277/1277/1277 1278/1278/1278 1279/1279/1279
f 1279/1279/1279 1280/1280/1280 1277/1277/1277
f 1281/1281/1281 1282/1282/1282 1283/1283/1283
f 1283/1283/1283 1284/1284/1284 1281/1281/1281
f 1285/1285/1285 1286/1286/1286 1287/1287/1287
f 1287/1287/1287 1288/1288/1288 1285/1285/1285
f 1289/1289/1289 1290/1290/1290 1291/1291/1291
f 1291/1291/1291 1292/1292/1292 1289/1289/1289
f 1293/1293/1293 1294/1294/1294 1295/1295/1295
f 1295/1295/1295 1296/1296/1296 1293/1293/1293
f 1297/1297/1297 1298/1298/1298 1299/1299/1299
f 1299/1299/1299 1300/1300/1300 1297/1297/1297
f 1301/1301/1301 1302/1302/1302 1303/1303/1303
f 1303/1303/1303 1304/1304/1304 1301/1301/1301
f 1305/1305/1305 1306/1306/1306 1307/1307/1307
f 1307/1307/1307 1308/1308/1308 1305/1305/1305
f 1309/1309/1309 1310/1310/1310 1311/1311/1311
f 1311/1311/1311 1312/1312/1312 1309/1309/1309
f 1313/1313/1313 1314/1314/1314 1315/1315/1315
f 1315/1315/1315 1316/1316/1316 1313/1313/1313
f 1317/1317/1317 1318/1318/1318 1319/1319/1319
f 1319/1319/1319 1320/1320/1320 1317/1317/1317
f 1321/1321/1321 1322/1322/1322 1323/1323/1323
f 1323/1323/1323 1324/1324/1324 1321/1321/1321
f 1325/1325/1325 1326/1326/1326 1327/1327/1327
f 1327/1327/1327 1328/1328/1328 1325/1325/1325
f 1329/1329/1329 1330/1330/1330 1331/1331/1331
f 1331/1331/1331 1332/1332/1332 1329/1329/1329
f 1333/1333/1333 1334/1334/1334 1335/1335/1335
f 1335/1335/1335 1336/1336/1336 1333/1333/1333
f 1337/1337/1337 1338/1338/1338 1339/1339/1339
f 1339/1339/1339 1340/1340/1340 1337/1337/1337
f 1341/1341/1341 1342/1342/1342 1343/1343/1343
f 1343/1343/1343 1344/1344/1344 1341/1341/1341
f 1345/1345/1345 1346/1346/1346 1347/1347/1347
f 1347/1347/1347 1348/1348/1348 1345/1345/1345
f 1349/1349/1349 1350/1350/1350 1351/1351/1351
f 1351/1351/1351 1352/1352/1352 1349/1349/1349
f 1353/1353/1353 1354/1354/1354 1355/1355/1355
f 1355/1355/1355 1356/1356/1356 1353/1353/1353
f 1357/1357/1357 1358/1358/1358 1359/1359/1359
f 1359/1359/1359 1360/1360/1360 1357/1357/1357
f 1361/1361/1361 1362/1362/1362 1363/1363/1363
f 1363/1363/1363 1364/1364/1364 1361/1361/1361
f 1365/1365/1365 1366/1366/1366 1367/1367/1367
f 1367/1367/1367 1368/1368/1368 1365/1365/1365
f 1369/1369/1369 1370/1370/1370 1371/1371/1371
f 1371/1371/1371 1372/1372/1372 1369/1369/1369
f 1373/1373/1373 1374/1374/1374 1375/1375/1375
f 1375/1375/1375 1376/1376/1376 1373/1373/1373
f 1377/1377/1377 1378/1378/1378 1379/1379/1379
f 1379/1379/1379 1380/1380/1380 1377/1377/1377
f 1381/1381/1381 1382/1382/1382 1383/1383/1383
f 1383/1383/1383 1384/1384/1384 1381/1381/1381
f 1385/1385/1385 1386/1386/1386 1387/1387/1387
f 1387/1387/1387 1388/1388/1388 1385/1385/1385
f 1389/1389/1389 1390/1390/1390 1391/1391/1391
f 1391/1391/1391 1392/1392/1392 1389/1389/1389
f 1393/1393/1393 1394/1394/1394 1395/1395/1395
f 1395/1395/1395 1396/1396/1396 1393/1393/1393
f 1397/1397/1397 1398/1398/1398 1399/1399/1399
f 1399/1399/1399 1400/1400/1400 1397/1397/1397
f 1401/1401/1401 1402/1402/1402 1403/1403/1403
f 1403/1403/1403 1404/1404/1404 1401/1401/1401
f 1405/1405/1405 1406/1406/1406 1407/1407/1407
f 1408/1408/1408 1407/1407/1407 1406/1406/1406
f 1409/1409/1409 1410/1410/1410 1411/1411/1411
f 1412/1412/1412 1411/1411/1411 1410/1410/1410
f 1413/1413/1413 1414/1414/1414 1415/1415/1415
f 1416/1416/1416 1415/1415/1415 1414/1414/1414
f 1417/1417/1417 1418/1418/1418 1419/1419/1419
f 1420/1420/1420 1419/1419/1419 1418/1418/1418
f 1421/1421/1421 1422/1422/1422 1423/1423/1423
f 1424/1424/1424 1423/1423/1423 1422/1422/1422
f 1425/1425/1425 1426/1426/1426 1427/1427/1427
f 1428/1428/1428 1427/1427/1427 1426/1426/1426
f 1429/1429/1429 1430/1430/1430 1431/1431/1431
f 1432/1432/1432 1431/1431/1431 1430/1430/1430
f 1433/1433/1433 1434/1434/1434 1435/1435/1435
f 1436/1436/1436 1435/1435/1435 1434/1434/1434
f 1437/1437/1437 1438/1438/1438 1439/1439/1439
f 1440/1440/1440 1439/1439/1439 1438/1438/1438
f 1441/1441/1441 1442/1442/1442 1443/1443/1443
f 1444/1444/1444 1443/1443/1443 1442/1442/1442
f 1445/1445/1445 1446/1446/1446 1447/1447/1447
f 1448/1448/1448 1447/1447/1447 1446/1446/1446
f 1449/1449/1449 1450/1450/1450 1451/1451/1451
f 1452/1452/1452 1451/1451/1451 1450/1450/1450
f 1453/1453/1453 1454/1454/1454 1455/1455/1455
f 1456/1456/1456 1455/1455/1455 1454/1454/1454
f 1457/1457/1457 1458/1458/1458 1459/1459/1459
f 1460/1460/1460 1459/1459/1459 1458/1458/1458
f 1461/1461/1461 1462/1462/1462 1463/1463/1463
f 1464/1464/1464 1463/1463/1463 1462/1462/1462
f 1465/1465/1465 1466/1466/1466 1467/1467/1467
f 1468/1468/1468 1467/1467/1467 1466/1466/1466
f 1469/1469/1469 1470/1470/1470 1471/1471/1471
f 1472/1472/1472 1471/1471/1471 1470/1470/1470
f 1473/1473/1473 1474/1474/1474 1475/1475/1475
f 1476/1476/1476 1475/1475/1475 1474/1474/1474
f 1477/1477/1477 1478/1478/1478 1479/1479/1479
f 1480/1480/1480 1479/1479/1479 1478/1478/1478
f 1481/1481/1481 1482/1482/1482 1483/1483/1483
f 1484/1484/1484 1483/1483/1483 1482/1482/1482
f 1485/1485/1485 1486/1486/1486 1487/1487/1487
f 1488/1488/1488 1487/1487/1487 1486/1486/1486
f 1489/1489/1489 1490/1490/1490 1491/1491/1491
f 1492/1492/1492 1491/1491/1491 1490/1490/1490
f 1493/1493/1493 1494/1494/1494 1495/1495/1495
f 1496/1496/1496 1495/1495/1495 1494/1494/1494
f 1497/1497/1497 1498/1498/1498 1499/1499/1499
f 1500/1500/1500 1499/1499/1499 1498/1498/1498
f 1501/1501/1501 1502/1502/1502 1503/1503/1503
f 1504/1504/1504 1503/1503/1503 1502/1502/1502
f 1505/1505/1505 1506/1506/1506 1507/1507/1507
f 1508/1508/1508 1507/1507/1507 1506/1506/1506
f 1509/1509/1509 1510/1510/1510 1511/1511/1511
f 1512/1512/1512 1511/1511/1511 1510/1510/1510
f 1513/1513/1513 1514/1514/1514 1515/1515/1515
f 1516/1516/1516 1515/1515/1515 1514/1514/1514
f 1517/1517/1517 1518/1518/1518 1519/1519/1519
f 1520/1520/1520 1519/1519/1519 1518/1518/1518
f 1521/1521/1521 1522/1522/1522 1523/1523/1523
f 1524/1524/1524 1523/1523/1523 1522/1522/1522
f 1525/1525/1525 1526/1526/1526 1527/1527/1527
f 1528/1528/1528 1527/1527/1527 1526/1526/1526
f 1529/1529/1529 1513/1513/1513 1530/1530/1530
f 1515/1515/1515 1530/1530/1530 1513/1513/1513
f 1518/1518/1518 1531/1531/1531 1520/1520/1520
f 1532/1532/1532 1520/1520/1520 1531/1531/1531
f 1533/1533/1533 1534/1534/1534 1535/1535/1535
f 1536/1536/1536 1535/1535/1535 1534/1534/1534
f 1537/1537/1537 1538/1538/1538 1539/1539/1539
f 1540/1540/1540 1539/1539/1539 1538/1538/1538
f 1541/1541/1541 1542/1542/1542 1543/1543/1543
f 1544/1544/1544 1543/1543/1543 1542/1542/1542
f 1542/1542/1542 1545/1545/1545 1544/1544/1544
f 1546/1546/1546 1544/1544/1544 1545/1545/1545
f 1547/1547/1547 1548/1548/1548 1549/1549/1549
f 1550/1550/1550 1549/1549/1549 1548/1548/1548
f 1551/1551/1551 1552/1552/1552 1553/1553/1553
f 1554/1554/1554 1553/1553/1553 1552/1552/1552
f 1555/1555/1555 1505/1505/1505 1556/1556/1556
f 1507/1507/1507 1556/1556/1556 1505/1505/1505
f 1510/1510/1510 1557/1557/1557 1512/1512/1512
f 1558/1558/1558 1512/1512/1512 1557/1557/1557
f 1559/1559/1559 1560/1560/1560 1561/1561/1561
f 1562/1562/1562 1561/1561/1561 1560/1560/1560
f 1563/1563/1563 1564/1564/1564 1565/1565/1565
f 1566/1566/1566 1565/1565/1565 1564/1564/1564
f 1567/1567/1567 1501/1501/1501 1568/1568/1568
f 1503/1503/1503 1568/1568/1568 1501/1501/1501
f 917/917/917 871/871/871 1569/1569/1569
f 1570/1570/1570 1571/1571/1571 1572/1572/1572
f 1569/1569/1569 871/871/871 1573/1573/1573
f 1573/1573/1573 871/871/871 1574/1574/1574
f 1575/1575/1575 1570/1570/1570 1576/1576/1576
f 1574/1574/1574 871/871/871 1577/1577/1577
f 1577/1577/1577 871/871/871 990/990/990
f 1576/1576/1576 1578/1578/1578 1579/1579/1579
f 990/990/990 837/837/837 1572/1572/1572
f 1572/1572/1572 837/837/837 1570/1570/1570
f 836/836/836 1580/1580/1580 1578/1578/1578
f 1570/1570/1570 837/837/837 1576/1576/1576
f 1576/1576/1576 837/837/837 1578/1578/1578
f 1581/1581/1581 836/836/836 838/838/838
f 1578/1578/1578 837/837/837 836/836/836
f 895/895/895 871/871/871 917/917/917
f 990/990/990 1572/1572/1572 1582/1582/1582
f 917/917/917 1569/1569/1569 1583/1583/1583
f 1584/1584/1584 1569/1569/1569 1573/1573/1573
f 1574/1574/1574 1585/1585/1585 1573/1573/1573
f 1574/1574/1574 1577/1577/1577 1586/1586/1586
f 1587/1587/1587 1577/1577/1577 990/990/990
f 838/838/838 876/876/876 887/887/887
f 1588/1588/1588 1589/1589/1589 890/890/890
f 891/891/891 1590/1590/1590 892/892/892
f 892/892/892 1588/1588/1588 890/890/890
f 1589/1589/1589 888/888/888 890/890/890
f 1588/1588/1588 892/892/892 1591/1591/1591
f 1589/1589/1589 1588/1588/1588 1592/1592/1592
f 1593/1593/1593 1594/1594/1594 890/890/890
f 1589/1589/1589 1595/1595/1595 888/888/888
f 889/889/889 1593/1593/1593 890/890/890
f 1596/1596/1596 1594/1594/1594 1593/1593/1593
f 889/889/889 888/888/888 1597/1597/1597
f 1593/1593/1593 889/889/889 1598/1598/1598
f 921/921/921 1594/1594/1594 1599/1599/1599
f 1593/1593/1593 1600/1600/1600 1596/1596/1596
f 1599/1599/1599 1594/1594/1594 1596/1596/1596
f 920/920/920 1594/1594/1594 921/921/921
f 1599/1599/1599 1596/1596/1596 1601/1601/1601
f 1599/1599/1599 1602/1602/1602 921/921/921
f 933/933/933 1603/1603/1603 935/935/935
f 1603/1603/1603 936/936/936 935/935/935
f 1604/1604/1604 891/891/891 907/907/907
f 931/931/931 936/936/936 1603/1603/1603
f 931/931/931 1603/1603/1603 933/933/933
f 935/935/935 1605/1605/1605 933/933/933
f 937/937/937 934/934/934 1605/1605/1605
f 937/937/937 1605/1605/1605 935/935/935
f 933/933/933 1606/1606/1606 932/932/932
f 1606/1606/1606 934/934/934 932/932/932
f 1605/1605/1605 934/934/934 1606/1606/1606
f 1605/1605/1605 1606/1606/1606 933/933/933
f 927/927/927 902/902/902 1108/1108/1108
f 1108/1108/1108 925/925/925 927/927/927
f 1110/1110/1110 925/925/925 1108/1108/1108
f 1111/1111/1111 902/902/902 927/927/927
f 1111/1111/1111 900/900/900 902/902/902
f 929/929/929 900/900/900 1111/1111/1111
f 1113/1113/1113 1115/1115/1115 1114/1114/1114
g Interior_I236
s 1
f 1607/1607/1607 1608/1608/1608 1609/1609/1609
f 1610/1610/1610 1611/1611/1611 1612/1612/1612
f 1612/1612/1612 1613/1613/1613 1610/1610/1610
f 1610/1610/1610 1613/1613/1613 1614/1614/1614
f 1615/1615/1615 1616/1616/1616 1617/1617/1617
f 1618/1618/1618 1619/1619/1619 1617/1617/1617
f 1620/1620/1620 1621/1621/1621 1622/1622/1622
f 1622/1622/1622 1623/1623/1623 1620/1620/1620
f 1617/1617/1617 1616/1616/1616 1618/1618/1618
f 1624/1624/1624 1623/1623/1623 1622/1622/1622
f 1625/1625/1625 1626/1626/1626 1627/1627/1627
f 1628/1628/1628 1629/1629/1629 1630/1630/1630
f 1630/1630/1630 1631/1631/1631 1628/1628/1628
f 1632/1632/1632 1633/1633/1633 1634/1634/1634
f 1632/1632/1632 1635/1635/1635 1633/1633/1633
f 1636/1636/1636 1637/1637/1637 1638/1638/1638
f 1639/1639/1639 1637/1637/1637 1636/1636/1636
f 1640/1640/1640 1641/1641/1641 1642/1642/1642
f 1643/1643/1643 1644/1644/1644 1645/1645/1645
f 1645/1645/1645 1644/1644/1644 1642/1642/1642
f 1642/1642/1642 1641/1641/1641 1645/1645/1645
f 1645/1645/1645 1641/1641/1641 1643/1643/1643
f 1646/1646/1646 1647/1647/1647 1648/1648/1648
f 1648/1648/1648 1647/1647/1647 1649/1649/1649
f 1650/1650/1650 1648/1648/1648 1649/1649/1649
f 1614/1614/1614 1613/1613/1613 1651/1651/1651
f 1651/1651/1651 1613/1613/1613 1652/1652/1652
f 1652/1652/1652 1653/1653/1653 1651/1651/1651
f 1651/1651/1651 1653/1653/1653 1614/1614/1614
f 1632/1632/1632 1654/1654/1654 1655/1655/1655
f 1634/1634/1634 1654/1654/1654 1632/1632/1632
f 1656/1656/1656 1657/1657/1657 1658/1658/1658
f 1636/1636/1636 1659/1659/1659 1639/1639/1639
f 1660/1660/1660 1661/1661/1661 1662/1662/1662
f 1663/1663/1663 1661/1661/1661 1660/1660/1660
f 1660/1660/1660 1664/1664/1664 1663/1663/1663
f 1665/1665/1665 1657/1657/1657 1656/1656/1656
f 1662/1662/1662 1664/1664/1664 1660/1660/1660
f 1655/1655/1655 1635/1635/1635 1632/1632/1632
f 1666/1666/1666 1667/1667/1667 1668/1668/1668
f 1669/1669/1669 1667/1667/1667 1666/1666/1666
f 1666/1666/1666 1670/1670/1670 1669/1669/1669
f 1668/1668/1668 1670/1670/1670 1666/1666/1666
f 1638/1638/1638 1659/1659/1659 1636/1636/1636
f 1671/1671/1671 1672/1672/1672 1673/1673/1673
f 1656/1656/1656 1674/1674/1674 1665/1665/1665
f 1675/1675/1675 1676/1676/1676 1677/1677/1677
f 1677/1677/1677 1678/1678/1678 1675/1675/1675
f 1609/1609/1609 1679/1679/1679 1607/1607/1607
f 1614/1614/1614 1611/1611/1611 1610/1610/1610
f 1656/1656/1656 1680/1680/1680 1674/1674/1674
f 1673/1673/1673 1681/1681/1681 1671/1671/1671
f 1622/1622/1622 1621/1621/1621 1624/1624/1624
f 1682/1682/1682 1683/1683/1683 1684/1684/1684
f 1685/1685/1685 1680/1680/1680 1656/1656/1656
f 1686/1686/1686 1680/1680/1680 1685/1685/1685
f 1685/1685/1685 1658/1658/1658 1686/1686/1686
f 1656/1656/1656 1658/1658/1658 1685/1685/1685
f 1687/1687/1687 1688/1688/1688 1646/1646/1646
f 1650/1650/1650 1688/1688/1688 1687/1687/1687
f 1687/1687/1687 1648/1648/1648 1650/1650/1650
f 1646/1646/1646 1648/1648/1648 1687/1687/1687
f 1649/1649/1649 1689/1689/1689 1650/1650/1650
f 1689/1689/1689 1688/1688/1688 1650/1650/1650
f 1690/1690/1690 1683/1683/1683 1682/1682/1682
f 1682/1682/1682 1691/1691/1691 1690/1690/1690
f 1692/1692/1692 1644/1644/1644 1693/1693/1693
f 1642/1642/1642 1644/1644/1644 1692/1692/1692
f 1692/1692/1692 1640/1640/1640 1642/1642/1642
f 1693/1693/1693 1640/1640/1640 1692/1692/1692
f 1684/1684/1684 1691/1691/1691 1682/1682/1682
f 1624/1624/1624 1694/1694/1694 1623/1623/1623
f 1627/1627/1627 1695/1695/1695 1625/1625/1625
f 1696/1696/1696 1697/1697/1697 1698/1698/1698
f 1698/1698/1698 1699/1699/1699 1696/1696/1696
f 1700/1700/1700 1701/1701/1701 1702/1702/1702
f 1702/1702/1702 1703/1703/1703 1700/1700/1700
f 1627/1627/1627 1704/1704/1704 1695/1695/1695
f 1705/1705/1705 1706/1706/1706 1707/1707/1707
f 1707/1707/1707 1706/1706/1706 1708/1708/1708
f 1708/1708/1708 1709/1709/1709 1707/1707/1707
f 1710/1710/1710 1711/1711/1711 1712/1712/1712
f 1712/1712/1712 1713/1713/1713 1710/1710/1710
f 1707/1707/1707 1709/1709/1709 1705/1705/1705
f 1617/1617/1617 1619/1619/1619 1714/1714/1714
f 1617/1617/1617 1714/1714/1714 1615/1615/1615
f 1614/1614/1614 1653/1653/1653 1611/1611/1611
g Interior_I237
s 1
f 1715/1715/1715 1716/1716/1716 1717/1717/1717
f 1718/1718/1718 1719/1719/1719 1720/1720/1720
f 1721/1721/1721 1722/1722/1722 1723/1723/1723
f 1718/1718/1718 1724/1724/1724 1725/1725/1725
f 1718/1718/1718 1725/1725/1725 1726/1726/1726
f 1727/1727/1727 1717/1717/1717 1728/1728/1728
f 1728/1728/1728 1717/1717/1717 1729/1729/1729
f 1730/1730/1730 1728/1728/1728 1729/1729/1729
f 1730/1730/1730 1727/1727/1727 1728/1728/1728
f 1731/1731/1731 1732/1732/1732 1733/1733/1733
f 1731/1731/1731 1734/1734/1734 1735/1735/1735
f 1736/1736/1736 1732/1732/1732 1731/1731/1731
f 1737/1737/1737 1732/1732/1732 1736/1736/1736
f 1736/1736/1736 1735/1735/1735 1737/1737/1737
f 1731/1731/1731 1735/1735/1735 1736/1736/1736
f 1738/1738/1738 1731/1731/1731 1739/1739/1739
f 1740/1740/1740 1741/1741/1741 1723/1723/1723
f 1742/1742/1742 1740/1740/1740 1723/1723/1723
f 1731/1731/1731 1733/1733/1733 1739/1739/1739
f 1743/1743/1743 1717/1717/1717 1727/1727/1727
f 1726/1726/1726 1744/1744/1744 1718/1718/1718
f 1715/1715/1715 1717/1717/1717 1745/1745/1745
f 1720/1720/1720 1724/1724/1724 1718/1718/1718
f 1716/1716/1716 1729/1729/1729 1717/1717/1717
f 1723/1723/1723 1741/1741/1741 1721/1721/1721
f 1722/1722/1722 1746/1746/1746 1723/1723/1723
f 1718/1718/1718 1744/1744/1744 1719/1719/1719
f 1723/1723/1723 1746/1746/1746 1742/1742/1742
g Interior_I238
s 1
f 1747/1747/1747 1748/1748/1748 1749/1749/1749
f 1748/1748/1748 1750/1750/1750 1749/1749/1749
f 1750/1750/1750 1751/1751/1751 1749/1749/1749
f 1752/1752/1752 1753/1753/1753 1754/1754/1754
f 1755/1755/1755 1756/1756/1756 1757/1757/1757
f 1756/1756/1756 1758/1758/1758 1757/1757/1757
f 1759/1759/1759 1755/1755/1755 1760/1760/1760
f 1761/1761/1761 1755/1755/1755 1759/1759/1759
f 1762/1762/1762 1761/1761/1761 1759/1759/1759
f 1762/1762/1762 1759/1759/1759 1760/1760/1760
f 1763/1763/1763 1764/1764/1764 1765/1765/1765
f 1765/1765/1765 1764/1764/1764 1766/1766/1766
f 1767/1767/1767 1768/1768/1768 1769/1769/1769
f 1770/1770/1770 1771/1771/1771 1772/1772/1772
f 1771/1771/1771 1773/1773/1773 1772/1772/1772
f 1774/1774/1774 1775/1775/1775 1776/1776/1776
f 1777/1777/1777 1778/1778/1778 1779/1779/1779
f 1777/1777/1777 1779/1779/1779 1780/1780/1780
f 1781/1781/1781 1782/1782/1782 1756/1756/1756
f 1782/1782/1782 1783/1783/1783 1756/1756/1756
f 1784/1784/1784 1785/1785/1785 1786/1786/1786
f 1785/1785/1785 1784/1784/1784 1765/1765/1765
f 1784/1784/1784 1763/1763/1763 1765/1765/1765
f 1787/1787/1787 1786/1786/1786 1788/1788/1788
f 1789/1789/1789 1790/1790/1790 1791/1791/1791
f 1789/1789/1789 1791/1791/1791 1752/1752/1752
f 1752/1752/1752 1791/1791/1791 1753/1753/1753
f 1791/1791/1791 1790/1790/1790 1753/1753/1753
f 1751/1751/1751 1772/1772/1772 1792/1792/1792
f 1751/1751/1751 1792/1792/1792 1793/1793/1793
f 1792/1792/1792 1775/1775/1775 1793/1793/1793
f 1772/1772/1772 1773/1773/1773 1794/1794/1794
f 1776/1776/1776 1775/1775/1775 1794/1794/1794
f 1776/1776/1776 1794/1794/1794 1773/1773/1773
f 1795/1795/1795 1796/1796/1796 1797/1797/1797
f 1798/1798/1798 1797/1797/1797 1799/1799/1799
f 1797/1797/1797 1796/1796/1796 1799/1799/1799
f 1800/1800/1800 1748/1748/1748 1747/1747/1747
f 1783/1783/1783 1801/1801/1801 1758/1758/1758
f 1802/1802/1802 1803/1803/1803 1804/1804/1804
f 1804/1804/1804 1799/1799/1799 1802/1802/1802
f 1798/1798/1798 1799/1799/1799 1804/1804/1804
f 1805/1805/1805 1806/1806/1806 1807/1807/1807
f 1767/1767/1767 1807/1807/1807 1808/1808/1808
f 1807/1807/1807 1806/1806/1806 1808/1808/1808
f 1809/1809/1809 1810/1810/1810 1811/1811/1811
f 1812/1812/1812 1810/1810/1810 1809/1809/1809
f 1813/1813/1813 1812/1812/1812 1809/1809/1809
f 1813/1813/1813 1809/1809/1809 1811/1811/1811
f 1814/1814/1814 1768/1768/1768 1767/1767/1767
f 1815/1815/1815 1768/1768/1768 1814/1814/1814
f 1814/1814/1814 1808/1808/1808 1815/1815/1815
f 1767/1767/1767 1808/1808/1808 1814/1814/1814
f 1816/1816/1816 1817/1817/1817 1818/1818/1818
f 1816/1816/1816 1818/1818/1818 1778/1778/1778
f 1817/1817/1817 1819/1819/1819 1818/1818/1818
f 1820/1820/1820 1789/1789/1789 1821/1821/1821
f 1790/1790/1790 1789/1789/1789 1820/1820/1820
f 1822/1822/1822 1823/1823/1823 1824/1824/1824
f 1823/1823/1823 1825/1825/1825 1824/1824/1824
f 1825/1825/1825 1823/1823/1823 1826/1826/1826
f 1823/1823/1823 1822/1822/1822 1826/1826/1826
f 1827/1827/1827 1828/1828/1828 1778/1778/1778
f 1819/1819/1819 1828/1828/1828 1827/1827/1827
f 1818/1818/1818 1819/1819/1819 1827/1827/1827
f 1818/1818/1818 1827/1827/1827 1778/1778/1778
f 1829/1829/1829 1830/1830/1830 1831/1831/1831
f 1829/1829/1829 1832/1832/1832 1830/1830/1830
f 1833/1833/1833 1832/1832/1832 1829/1829/1829
f 1834/1834/1834 1760/1760/1760 1785/1785/1785
f 1835/1835/1835 1760/1760/1760 1834/1834/1834
f 1766/1766/1766 1836/1836/1836 1824/1824/1824
f 1836/1836/1836 1837/1837/1837 1824/1824/1824
f 1764/1764/1764 1837/1837/1837 1836/1836/1836
f 1764/1764/1764 1836/1836/1836 1766/1766/1766
f 1793/1793/1793 1775/1775/1775 1838/1838/1838
f 1793/1793/1793 1838/1838/1838 1839/1839/1839
f 1840/1840/1840 1841/1841/1841 1842/1842/1842
f 1841/1841/1841 1843/1843/1843 1842/1842/1842
f 1844/1844/1844 1843/1843/1843 1841/1841/1841
f 1844/1844/1844 1841/1841/1841 1840/1840/1840
f 1845/1845/1845 1846/1846/1846 1847/1847/1847
f 1848/1848/1848 1849/1849/1849 1846/1846/1846
f 1848/1848/1848 1846/1846/1846 1845/1845/1845
f 1850/1850/1850 1833/1833/1833 1851/1851/1851
f 1850/1850/1850 1851/1851/1851 1831/1831/1831
f 1851/1851/1851 1829/1829/1829 1831/1831/1831
f 1833/1833/1833 1829/1829/1829 1851/1851/1851
f 1852/1852/1852 1853/1853/1853 1831/1831/1831
f 1853/1853/1853 1850/1850/1850 1831/1831/1831
f 1854/1854/1854 1855/1855/1855 1856/1856/1856
f 1855/1855/1855 1857/1857/1857 1856/1856/1856
f 1858/1858/1858 1857/1857/1857 1855/1855/1855
f 1858/1858/1858 1855/1855/1855 1854/1854/1854
f 1859/1859/1859 1860/1860/1860 1861/1861/1861
f 1859/1859/1859 1862/1862/1862 1860/1860/1860
f 1863/1863/1863 1864/1864/1864 1865/1865/1865
f 1864/1864/1864 1866/1866/1866 1865/1865/1865
f 1867/1867/1867 1765/1765/1765 1868/1868/1868
f 1785/1785/1785 1765/1765/1765 1867/1867/1867
f 1837/1837/1837 1869/1869/1869 1870/1870/1870
f 1763/1763/1763 1869/1869/1869 1764/1764/1764
f 1869/1869/1869 1837/1837/1837 1764/1764/1764
f 1783/1783/1783 1871/1871/1871 1801/1801/1801
f 1871/1871/1871 1872/1872/1872 1801/1801/1801
f 1873/1873/1873 1762/1762/1762 1835/1835/1835
f 1874/1874/1874 1762/1762/1762 1873/1873/1873
f 1875/1875/1875 1876/1876/1876 1877/1877/1877
f 1876/1876/1876 1878/1878/1878 1877/1877/1877
f 1879/1879/1879 1876/1876/1876 1880/1880/1880
f 1876/1876/1876 1875/1875/1875 1880/1880/1880
f 1878/1878/1878 1881/1881/1881 1882/1882/1882
f 1881/1881/1881 1883/1883/1883 1882/1882/1882
f 1884/1884/1884 1885/1885/1885 1886/1886/1886
f 1885/1885/1885 1879/1879/1879 1886/1886/1886
f 1887/1887/1887 1882/1882/1882 1888/1888/1888
f 1878/1878/1878 1882/1882/1882 1887/1887/1887
f 1877/1877/1877 1878/1878/1878 1887/1887/1887
f 1877/1877/1877 1887/1887/1887 1888/1888/1888
f 1859/1859/1859 1889/1889/1889 1747/1747/1747
f 1889/1889/1889 1800/1800/1800 1747/1747/1747
f 1890/1890/1890 1747/1747/1747 1749/1749/1749
f 1859/1859/1859 1747/1747/1747 1890/1890/1890
f 1859/1859/1859 1890/1890/1890 1862/1862/1862
f 1890/1890/1890 1749/1749/1749 1862/1862/1862
f 1779/1779/1779 1778/1778/1778 1891/1891/1891
f 1779/1779/1779 1891/1891/1891 1859/1859/1859
f 1859/1859/1859 1891/1891/1891 1889/1889/1889
f 1891/1891/1891 1778/1778/1778 1889/1889/1889
f 1892/1892/1892 1784/1784/1784 1786/1786/1786
f 1763/1763/1763 1784/1784/1784 1892/1892/1892
f 1763/1763/1763 1892/1892/1892 1787/1787/1787
f 1892/1892/1892 1786/1786/1786 1787/1787/1787
f 1870/1870/1870 1893/1893/1893 1787/1787/1787
f 1893/1893/1893 1763/1763/1763 1787/1787/1787
f 1869/1869/1869 1763/1763/1763 1893/1893/1893
f 1869/1869/1869 1893/1893/1893 1870/1870/1870
f 1894/1894/1894 1787/1787/1787 1788/1788/1788
f 1870/1870/1870 1787/1787/1787 1894/1894/1894
f 1792/1792/1792 1772/1772/1772 1895/1895/1895
f 1792/1792/1792 1895/1895/1895 1775/1775/1775
f 1895/1895/1895 1794/1794/1794 1775/1775/1775
f 1772/1772/1772 1794/1794/1794 1895/1895/1895
f 1896/1896/1896 1797/1797/1797 1798/1798/1798
f 1795/1795/1795 1797/1797/1797 1896/1896/1896
f 1896/1896/1896 1897/1897/1897 1795/1795/1795
f 1798/1798/1798 1897/1897/1897 1896/1896/1896
f 1778/1778/1778 1898/1898/1898 1889/1889/1889
f 1898/1898/1898 1800/1800/1800 1889/1889/1889
f 1779/1779/1779 1859/1859/1859 1899/1899/1899
f 1779/1779/1779 1899/1899/1899 1780/1780/1780
f 1899/1899/1899 1861/1861/1861 1780/1780/1780
f 1859/1859/1859 1861/1861/1861 1899/1899/1899
f 1757/1757/1757 1758/1758/1758 1900/1900/1900
f 1755/1755/1755 1757/1757/1757 1900/1900/1900
f 1755/1755/1755 1900/1900/1900 1901/1901/1901
f 1902/1902/1902 1801/1801/1801 1901/1901/1901
f 1758/1758/1758 1801/1801/1801 1902/1902/1902
f 1900/1900/1900 1758/1758/1758 1902/1902/1902
f 1900/1900/1900 1902/1902/1902 1901/1901/1901
f 1801/1801/1801 1872/1872/1872 1903/1903/1903
f 1801/1801/1801 1903/1903/1903 1901/1901/1901
f 1901/1901/1901 1903/1903/1903 1904/1904/1904
f 1903/1903/1903 1872/1872/1872 1904/1904/1904
f 1798/1798/1798 1905/1905/1905 1897/1897/1897
f 1905/1905/1905 1803/1803/1803 1897/1897/1897
f 1804/1804/1804 1803/1803/1803 1905/1905/1905
f 1804/1804/1804 1905/1905/1905 1798/1798/1798
f 1906/1906/1906 1807/1807/1807 1767/1767/1767
f 1805/1805/1805 1807/1807/1807 1906/1906/1906
f 1906/1906/1906 1769/1769/1769 1805/1805/1805
f 1767/1767/1767 1769/1769/1769 1906/1906/1906
f 1846/1846/1846 1849/1849/1849 1847/1847/1847
f 1907/1907/1907 1908/1908/1908 1909/1909/1909
f 1910/1910/1910 1909/1909/1909 1908/1908/1908
f 1908/1908/1908 1911/1911/1911 1910/1910/1910
f 1912/1912/1912 1913/1913/1913 1914/1914/1914
f 1915/1915/1915 1916/1916/1916 1914/1914/1914
f 1916/1916/1916 1912/1912/1912 1914/1914/1914
f 1917/1917/1917 1918/1918/1918 1919/1919/1919
f 1919/1919/1919 1880/1880/1880 1917/1917/1917
f 1777/1777/1777 1920/1920/1920 1778/1778/1778
f 1863/1863/1863 1921/1921/1921 1922/1922/1922
f 1923/1923/1923 1924/1924/1924 1925/1925/1925
f 1926/1926/1926 1927/1927/1927 1928/1928/1928
f 1813/1813/1813 1852/1852/1852 1812/1812/1812
f 1929/1929/1929 1930/1930/1930 1931/1931/1931
f 1932/1932/1932 1933/1933/1933 1934/1934/1934
f 1933/1933/1933 1935/1935/1935 1934/1934/1934
f 1936/1936/1936 1937/1937/1937 1935/1935/1935
f 1938/1938/1938 1937/1937/1937 1936/1936/1936
f 1939/1939/1939 1937/1937/1937 1938/1938/1938
f 1940/1940/1940 1937/1937/1937 1939/1939/1939
f 1811/1811/1811 1937/1937/1937 1940/1940/1940
f 1832/1832/1832 1847/1847/1847 1849/1849/1849
f 1941/1941/1941 1849/1849/1849 1856/1856/1856
f 1941/1941/1941 1856/1856/1856 1857/1857/1857
f 1941/1941/1941 1942/1942/1942 1943/1943/1943
f 1941/1941/1941 1943/1943/1943 1842/1842/1842
f 1842/1842/1842 1843/1843/1843 1931/1931/1931
f 1931/1931/1931 1843/1843/1843 1929/1929/1929
f 1847/1847/1847 1832/1832/1832 1833/1833/1833
f 1941/1941/1941 1857/1857/1857 1942/1942/1942
f 1944/1944/1944 1922/1922/1922 1945/1945/1945
f 1946/1946/1946 1947/1947/1947 1945/1945/1945
f 1863/1863/1863 1865/1865/1865 1921/1921/1921
f 1921/1921/1921 1948/1948/1948 1949/1949/1949
f 1949/1949/1949 1922/1922/1922 1921/1921/1921
f 1950/1950/1950 1951/1951/1951 1826/1826/1826
f 1866/1866/1866 1952/1952/1952 1947/1947/1947
f 1868/1868/1868 1765/1765/1765 1766/1766/1766
f 1952/1952/1952 1953/1953/1953 1817/1817/1817
f 1945/1945/1945 1954/1954/1954 1955/1955/1955
f 1955/1955/1955 1865/1865/1865 1945/1945/1945
f 1945/1945/1945 1865/1865/1865 1946/1946/1946
f 1953/1953/1953 1956/1956/1956 1819/1819/1819
f 1951/1951/1951 1868/1868/1868 1826/1826/1826
f 1817/1817/1817 1953/1953/1953 1819/1819/1819
f 1920/1920/1920 1957/1957/1957 1947/1947/1947
f 1826/1826/1826 1822/1822/1822 1923/1923/1923
f 1950/1950/1950 1826/1826/1826 1754/1754/1754
f 1761/1761/1761 1874/1874/1874 1756/1756/1756
f 1921/1921/1921 1955/1955/1955 1948/1948/1948
f 1865/1865/1865 1866/1866/1866 1946/1946/1946
f 1921/1921/1921 1865/1865/1865 1955/1955/1955
f 1922/1922/1922 1949/1949/1949 1954/1954/1954
f 1945/1945/1945 1922/1922/1922 1954/1954/1954
f 1946/1946/1946 1866/1866/1866 1947/1947/1947
f 1957/1957/1957 1945/1945/1945 1947/1947/1947
f 1947/1947/1947 1952/1952/1952 1817/1817/1817
f 1868/1868/1868 1825/1825/1825 1826/1826/1826
f 1868/1868/1868 1766/1766/1766 1825/1825/1825
f 1909/1909/1909 1958/1958/1958 1907/1907/1907
f 1959/1959/1959 1907/1907/1907 1960/1960/1960
f 1959/1959/1959 1908/1908/1908 1907/1907/1907
f 1961/1961/1961 1909/1909/1909 1910/1910/1910
f 1960/1960/1960 1907/1907/1907 1962/1962/1962
f 1963/1963/1963 1964/1964/1964 1965/1965/1965
f 1965/1965/1965 1966/1966/1966 1963/1963/1963
f 1967/1967/1967 1963/1963/1963 1966/1966/1966
f 1966/1966/1966 1968/1968/1968 1967/1967/1967
f 1969/1969/1969 1970/1970/1970 1971/1971/1971
f 1971/1971/1971 1972/1972/1972 1969/1969/1969
f 1973/1973/1973 1974/1974/1974 1975/1975/1975
f 1975/1975/1975 1976/1976/1976 1973/1973/1973
f 1977/1977/1977 1978/1978/1978 1979/1979/1979
f 1979/1979/1979 1980/1980/1980 1977/1977/1977
f 1981/1981/1981 1982/1982/1982 1983/1983/1983
f 1983/1983/1983 1984/1984/1984 1981/1981/1981
f 1985/1985/1985 1986/1986/1986 1977/1977/1977
f 1977/1977/1977 1980/1980/1980 1985/1985/1985
f 1987/1987/1987 1988/1988/1988 1989/1989/1989
f 1989/1989/1989 1990/1990/1990 1987/1987/1987
f 1991/1991/1991 1992/1992/1992 1993/1993/1993
f 1993/1993/1993 1994/1994/1994 1991/1991/1991
f 1995/1995/1995 1996/1996/1996 1987/1987/1987
f 1987/1987/1987 1990/1990/1990 1995/1995/1995
f 1997/1997/1997 1998/1998/1998 1999/1999/1999
f 1999/1999/1999 2000/2000/2000 1997/1997/1997
f 2001/2001/2001 2002/2002/2002 2003/2003/2003
f 2003/2003/2003 2004/2004/2004 2001/2001/2001
f 2005/2005/2005 2006/2006/2006 2007/2007/2007
f 2007/2007/2007 2008/2008/2008 2005/2005/2005
f 2009/2009/2009 2010/2010/2010 2011/2011/2011
f 2011/2011/2011 2012/2012/2012 2009/2009/2009
f 2013/2013/2013 2014/2014/2014 2015/2015/2015
f 2015/2015/2015 2016/2016/2016 2013/2013/2013
f 2017/2017/2017 2018/2018/2018 2019/2019/2019
f 2019/2019/2019 2020/2020/2020 2017/2017/2017
f 2021/2021/2021 2022/2022/2022 2023/2023/2023
f 2023/2023/2023 2024/2024/2024 2021/2021/2021
f 2025/2025/2025 2026/2026/2026 2027/2027/2027
f 2027/2027/2027 2028/2028/2028 2025/2025/2025
f 2029/2029/2029 2030/2030/2030 2028/2028/2028
f 2028/2028/2028 2031/2031/2031 2029/2029/2029
f 2022/2022/2022 2032/2032/2032 2033/2033/2033
f 2033/2033/2033 2034/2034/2034 2022/2022/2022
f 1752/1752/1752 1928/1928/1928 1927/1927/1927
f 1761/1761/1761 1756/1756/1756 1755/1755/1755
f 1755/1755/1755 1901/1901/1901 1760/1760/1760
f 1770/1770/1770 1772/1772/1772 1751/1751/1751
f 2035/2035/2035 1754/1754/1754 1826/1826/1826
f 1754/1754/1754 2035/2035/2035 1752/1752/1752
f 2035/2035/2035 1928/1928/1928 1752/1752/1752
f 1783/1783/1783 1758/1758/1758 1756/1756/1756
f 1852/1852/1852 1831/1831/1831 1812/1812/1812
f 1831/1831/1831 1830/1830/1830 1812/1812/1812
f 1810/1810/1810 1937/1937/1937 1811/1811/1811
f 1935/1935/1935 1937/1937/1937 2036/2036/2036
f 1935/1935/1935 2036/2036/2036 1934/1934/1934
f 1751/1751/1751 1793/1793/1793 1749/1749/1749
f 1749/1749/1749 1793/1793/1793 1839/1839/1839
f 2037/2037/2037 1756/1756/1756 1874/1874/1874
f 1781/1781/1781 1756/1756/1756 2037/2037/2037
f 1922/1922/1922 1944/1944/1944 2038/2038/2038
f 1922/1922/1922 2038/2038/2038 1863/1863/1863
f 2039/2039/2039 1932/1932/1932 1934/1934/1934
f 1760/1760/1760 2040/2040/2040 1785/1785/1785
f 1920/1920/1920 1816/1816/1816 1778/1778/1778
f 1816/1816/1816 1947/1947/1947 1817/1817/1817
f 1920/1920/1920 1947/1947/1947 1816/1816/1816
f 1824/1824/1824 1825/1825/1825 1766/1766/1766
f 1824/1824/1824 1837/1837/1837 1822/1822/1822
f 1819/1819/1819 1956/1956/1956 1828/1828/1828
f 2041/2041/2041 1945/1945/1945 1957/1957/1957
f 1944/1944/1944 1945/1945/1945 2041/2041/2041
f 1789/1789/1789 1927/1927/1927 1821/1821/1821
f 1927/1927/1927 1789/1789/1789 1752/1752/1752
f 1925/1925/1925 2042/2042/2042 1923/1923/1923
f 2042/2042/2042 1826/1826/1826 1923/1923/1923
f 2042/2042/2042 2035/2035/2035 1826/1826/1826
f 1925/1925/1925 2035/2035/2035 2042/2042/2042
f 1901/1901/1901 1904/1904/1904 1760/1760/1760
f 1760/1760/1760 1904/1904/1904 2040/2040/2040
f 1904/1904/1904 1872/1872/1872 2040/2040/2040
f 1930/1930/1930 1929/1929/1929 2043/2043/2043
f 1930/1930/1930 2043/2043/2043 2039/2039/2039
f 2043/2043/2043 1932/1932/1932 2039/2039/2039
f 2044/2044/2044 1943/1943/1943 1942/1942/1942
f 2044/2044/2044 1938/1938/1938 1936/1936/1936
f 1941/1941/1941 2045/2045/2045 1849/1849/1849
f 2045/2045/2045 1832/1832/1832 1849/1849/1849
f 1840/1840/1840 1935/1935/1935 1933/1933/1933
f 1845/1845/1845 1813/1813/1813 1811/1811/1811
f 2046/2046/2046 1842/1842/1842 1931/1931/1931
f 1941/1941/1941 1842/1842/1842 2046/2046/2046
f 1854/1854/1854 1940/1940/1940 1939/1939/1939
f 1936/1936/1936 2047/2047/2047 2044/2044/2044
f 2047/2047/2047 1943/1943/1943 2044/2044/2044
f 2043/2043/2043 1929/1929/1929 2048/2048/2048
f 2043/2043/2043 2048/2048/2048 1932/1932/1932
f 1942/1942/1942 2049/2049/2049 2044/2044/2044
f 2049/2049/2049 1938/1938/1938 2044/2044/2044
f 1939/1939/1939 1858/1858/1858 1854/1854/1854
f 1847/1847/1847 2050/2050/2050 1845/1845/1845
f 2050/2050/2050 1813/1813/1813 1845/1845/1845
f 1933/1933/1933 1844/1844/1844 1840/1840/1840
f 1842/1842/1842 2051/2051/2051 1840/1840/1840
f 2051/2051/2051 1935/1935/1935 1840/1840/1840
f 1856/1856/1856 2052/2052/2052 1854/1854/1854
f 2052/2052/2052 1940/1940/1940 1854/1854/1854
f 1811/1811/1811 1848/1848/1848 1845/1845/1845
f 2053/2053/2053 2054/2054/2054 2055/2055/2055
f 2056/2056/2056 2054/2054/2054 2053/2053/2053
f 2053/2053/2053 2057/2057/2057 2056/2056/2056
f 2055/2055/2055 2057/2057/2057 2053/2053/2053
f 1874/1874/1874 1761/1761/1761 1762/1762/1762
f 1762/1762/1762 1760/1760/1760 1835/1835/1835
f 1886/1886/1886 1919/1919/1919 1884/1884/1884
f 1880/1880/1880 1919/1919/1919 1886/1886/1886
f 1886/1886/1886 1879/1879/1879 1880/1880/1880
g Interior_I239
s 1
f 2058/2058/2058 2059/2059/2059 2060/2060/2060
f 2061/2061/2061 2062/2062/2062 2063/2063/2063
f 2063/2063/2063 2062/2062/2062 2064/2064/2064
f 2065/2065/2065 2066/2066/2066 2067/2067/2067
f 2068/2068/2068 2069/2069/2069 2070/2070/2070
f 2071/2071/2071 2072/2072/2072 2073/2073/2073
f 2074/2074/2074 2075/2075/2075 2076/2076/2076
f 2074/2074/2074 2076/2076/2076 2077/2077/2077
f 2078/2078/2078 2079/2079/2079 2080/2080/2080
f 2068/2068/2068 2081/2081/2081 2082/2082/2082
f 2070/2070/2070 2081/2081/2081 2068/2068/2068
f 2076/2076/2076 2083/2083/2083 2077/2077/2077
f 2070/2070/2070 2084/2084/2084 2081/2081/2081
f 2085/2085/2085 2086/2086/2086 2087/2087/2087
f 2087/2087/2087 2088/2088/2088 2089/2089/2089
f 2081/2081/2081 2084/2084/2084 2090/2090/2090
f 2086/2086/2086 2085/2085/2085 2091/2091/2091
f 2072/2072/2072 2092/2092/2092 2073/2073/2073
f 2078/2078/2078 2093/2093/2093 2079/2079/2079
f 2093/2093/2093 2094/2094/2094 2079/2079/2079
f 2095/2095/2095 2096/2096/2096 2097/2097/2097
f 2098/2098/2098 2099/2099/2099 2100/2100/2100
f 2073/2073/2073 2092/2092/2092 2074/2074/2074
f 2101/2101/2101 2102/2102/2102 2069/2069/2069
f 2103/2103/2103 2066/2066/2066 2065/2065/2065
f 2104/2104/2104 2081/2081/2081 2105/2105/2105
f 2106/2106/2106 2071/2071/2071 2073/2073/2073
f 2107/2107/2107 2106/2106/2106 2108/2108/2108
f 2092/2092/2092 2109/2109/2109 2075/2075/2075
f 2110/2110/2110 2111/2111/2111 2112/2112/2112
f 2065/2065/2065 2067/2067/2067 2113/2113/2113
f 2114/2114/2114 2115/2115/2115 2116/2116/2116
f 2110/2110/2110 2112/2112/2112 2117/2117/2117
f 2117/2117/2117 2112/2112/2112 2094/2094/2094
f 2112/2112/2112 2111/2111/2111 2094/2094/2094
f 2117/2117/2117 2093/2093/2093 2078/2078/2078
f 2118/2118/2118 2114/2114/2114 2116/2116/2116
f 2119/2119/2119 2120/2120/2120 2121/2121/2121
f 2121/2121/2121 2120/2120/2120 2067/2067/2067
f 2121/2121/2121 2067/2067/2067 2122/2122/2122
f 2108/2108/2108 2074/2074/2074 2123/2123/2123
f 2062/2062/2062 2116/2116/2116 2115/2115/2115
f 2062/2062/2062 2115/2115/2115 2064/2064/2064
f 2078/2078/2078 2097/2097/2097 2117/2117/2117
f 2124/2124/2124 2101/2101/2101 2082/2082/2082
f 2103/2103/2103 2065/2065/2065 2113/2113/2113
f 2071/2071/2071 2125/2125/2125 2072/2072/2072
f 2119/2119/2119 2121/2121/2121 2122/2122/2122
f 2126/2126/2126 2108/2108/2108 2123/2123/2123
f 2127/2127/2127 2088/2088/2088 2128/2128/2128
f 2107/2107/2107 2108/2108/2108 2126/2126/2126
f 2129/2129/2129 2130/2130/2130 2111/2111/2111
f 2118/2118/2118 2116/2116/2116 2066/2066/2066
f 2097/2097/2097 2096/2096/2096 2117/2117/2117
f 2066/2066/2066 2116/2116/2116 2067/2067/2067
f 2088/2088/2088 2086/2086/2086 2128/2128/2128
f 2104/2104/2104 2131/2131/2131 2132/2132/2132
f 2131/2131/2131 2124/2124/2124 2132/2132/2132
f 2110/2110/2110 2133/2133/2133 2134/2134/2134
f 2135/2135/2135 2136/2136/2136 2130/2130/2130
f 2082/2082/2082 2137/2137/2137 2068/2068/2068
f 2137/2137/2137 2069/2069/2069 2068/2068/2068
f 2137/2137/2137 2101/2101/2101 2069/2069/2069
f 2082/2082/2082 2101/2101/2101 2137/2137/2137
f 2129/2129/2129 2135/2135/2135 2130/2130/2130
f 2138/2138/2138 2139/2139/2139 2140/2140/2140
f 2141/2141/2141 2138/2138/2138 2140/2140/2140
f 2120/2120/2120 2060/2060/2060 2067/2067/2067
f 2130/2130/2130 2136/2136/2136 2142/2142/2142
f 2123/2123/2123 2074/2074/2074 2077/2077/2077
f 2119/2119/2119 2100/2100/2100 2120/2120/2120
f 2109/2109/2109 2143/2143/2143 2075/2075/2075
f 2109/2109/2109 2064/2064/2064 2143/2143/2143
f 2078/2078/2078 2095/2095/2095 2097/2097/2097
f 2132/2132/2132 2124/2124/2124 2082/2082/2082
f 2125/2125/2125 2061/2061/2061 2092/2092/2092
f 2117/2117/2117 2094/2094/2094 2093/2093/2093
f 2143/2143/2143 2064/2064/2064 2144/2144/2144
f 2092/2092/2092 2075/2075/2075 2074/2074/2074
f 2075/2075/2075 2143/2143/2143 2144/2144/2144
f 2145/2145/2145 2146/2146/2146 2147/2147/2147
f 2061/2061/2061 2148/2148/2148 2062/2062/2062
f 2125/2125/2125 2119/2119/2119 2061/2061/2061
f 2119/2119/2119 2122/2122/2122 2061/2061/2061
f 2087/2087/2087 2086/2086/2086 2088/2088/2088
f 2148/2148/2148 2116/2116/2116 2062/2062/2062
f 2122/2122/2122 2067/2067/2067 2116/2116/2116
f 2148/2148/2148 2122/2122/2122 2116/2116/2116
f 2092/2092/2092 2061/2061/2061 2109/2109/2109
f 2109/2109/2109 2061/2061/2061 2063/2063/2063
f 2109/2109/2109 2063/2063/2063 2064/2064/2064
f 2061/2061/2061 2122/2122/2122 2148/2148/2148
f 2132/2132/2132 2081/2081/2081 2104/2104/2104
f 2072/2072/2072 2125/2125/2125 2092/2092/2092
f 2149/2149/2149 2150/2150/2150 2133/2133/2133
f 2100/2100/2100 2058/2058/2058 2120/2120/2120
f 2058/2058/2058 2060/2060/2060 2120/2120/2120
f 2151/2151/2151 2152/2152/2152 2119/2119/2119
f 2071/2071/2071 2152/2152/2152 2151/2151/2151
f 2152/2152/2152 2100/2100/2100 2119/2119/2119
f 2071/2071/2071 2151/2151/2151 2125/2125/2125
f 2071/2071/2071 2098/2098/2098 2152/2152/2152
f 2152/2152/2152 2098/2098/2098 2100/2100/2100
f 2090/2090/2090 2153/2153/2153 2154/2154/2154
f 2153/2153/2153 2085/2085/2085 2154/2154/2154
f 2085/2085/2085 2153/2153/2153 2155/2155/2155
f 2153/2153/2153 2090/2090/2090 2155/2155/2155
f 2105/2105/2105 2088/2088/2088 2104/2104/2104
f 2089/2089/2089 2088/2088/2088 2105/2105/2105
f 2059/2059/2059 2147/2147/2147 2060/2060/2060
f 2154/2154/2154 2081/2081/2081 2090/2090/2090
f 2100/2100/2100 2145/2145/2145 2059/2059/2059
f 2059/2059/2059 2145/2145/2145 2147/2147/2147
f 2141/2141/2141 2156/2156/2156 2138/2138/2138
f 2151/2151/2151 2119/2119/2119 2125/2125/2125
f 2075/2075/2075 2144/2144/2144 2157/2157/2157
f 2156/2156/2156 2103/2103/2103 2138/2138/2138
f 2157/2157/2157 2144/2144/2144 2083/2083/2083
f 2138/2138/2138 2103/2103/2103 2139/2139/2139
f 2076/2076/2076 2157/2157/2157 2083/2083/2083
f 2100/2100/2100 2099/2099/2099 2145/2145/2145
f 2103/2103/2103 2113/2113/2113 2139/2139/2139
f 2156/2156/2156 2158/2158/2158 2103/2103/2103
f 2105/2105/2105 2081/2081/2081 2089/2089/2089
f 2123/2123/2123 2077/2077/2077 2159/2159/2159
f 2077/2077/2077 2160/2160/2160 2161/2161/2161
f 2110/2110/2110 2129/2129/2129 2111/2111/2111
f 2124/2124/2124 2162/2162/2162 2101/2101/2101
f 2162/2162/2162 2102/2102/2102 2101/2101/2101
f 2134/2134/2134 2129/2129/2129 2110/2110/2110
f 2113/2113/2113 2067/2067/2067 2060/2060/2060
f 2139/2139/2139 2113/2113/2113 2060/2060/2060
f 2108/2108/2108 2106/2106/2106 2163/2163/2163
f 2076/2076/2076 2075/2075/2075 2157/2157/2157
f 2134/2134/2134 2164/2164/2164 2129/2129/2129
f 2165/2165/2165 2164/2164/2164 2134/2134/2134
f 2117/2117/2117 2149/2149/2149 2110/2110/2110
f 2165/2165/2165 2136/2136/2136 2164/2164/2164
f 2085/2085/2085 2155/2155/2155 2091/2091/2091
f 2108/2108/2108 2163/2163/2163 2074/2074/2074
f 2166/2166/2166 2167/2167/2167 2168/2168/2168
f 2139/2139/2139 2167/2167/2167 2166/2166/2166
f 2140/2140/2140 2139/2139/2139 2166/2166/2166
f 2154/2154/2154 2085/2085/2085 2087/2087/2087
f 2140/2140/2140 2166/2166/2166 2168/2168/2168
f 2158/2158/2158 2169/2169/2169 2103/2103/2103
f 2110/2110/2110 2149/2149/2149 2133/2133/2133
f 2099/2099/2099 2170/2170/2170 2145/2145/2145
f 2170/2170/2170 2146/2146/2146 2145/2145/2145
f 2163/2163/2163 2073/2073/2073 2074/2074/2074
f 2134/2134/2134 2171/2171/2171 2172/2172/2172
f 2172/2172/2172 2165/2165/2165 2134/2134/2134
f 2158/2158/2158 2118/2118/2118 2169/2169/2169
f 2134/2134/2134 2133/2133/2133 2171/2171/2171
f 2096/2096/2096 2173/2173/2173 2149/2149/2149
f 2117/2117/2117 2096/2096/2096 2149/2149/2149
f 2106/2106/2106 2073/2073/2073 2163/2163/2163
f 2095/2095/2095 2173/2173/2173 2096/2096/2096
f 2077/2077/2077 2083/2083/2083 2160/2160/2160
f 2164/2164/2164 2135/2135/2135 2129/2129/2129
f 2167/2167/2167 2147/2147/2147 2168/2168/2168
f 2167/2167/2167 2060/2060/2060 2147/2147/2147
f 2139/2139/2139 2060/2060/2060 2167/2167/2167
f 2169/2169/2169 2118/2118/2118 2066/2066/2066
f 2080/2080/2080 2095/2095/2095 2078/2078/2078
f 2103/2103/2103 2169/2169/2169 2066/2066/2066
f 2141/2141/2141 2158/2158/2158 2156/2156/2156
f 2086/2086/2086 2091/2091/2091 2174/2174/2174
f 2174/2174/2174 2128/2128/2128 2086/2086/2086
f 2175/2175/2175 2088/2088/2088 2127/2127/2127
f 2104/2104/2104 2088/2088/2088 2175/2175/2175
f 2159/2159/2159 2077/2077/2077 2161/2161/2161
f 2082/2082/2082 2081/2081/2081 2132/2132/2132
f 2164/2164/2164 2136/2136/2136 2135/2135/2135
f 2089/2089/2089 2176/2176/2176 2087/2087/2087
f 2089/2089/2089 2081/2081/2081 2176/2176/2176
f 2176/2176/2176 2081/2081/2081 2154/2154/2154
f 2087/2087/2087 2176/2176/2176 2154/2154/2154
f 2111/2111/2111 2142/2142/2142 2094/2094/2094
f 2111/2111/2111 2130/2130/2130 2142/2142/2142
f 2149/2149/2149 2173/2173/2173 2150/2150/2150
f 2100/2100/2100 2059/2059/2059 2058/2058/2058
g Interior_I2310
s 1
f 2177/2177/2177 2178/2178/2178 2179/2179/2179
f 2179/2179/2179 2180/2180/2180 2177/2177/2177
