# Exported using wow.export v0.2.19
o 20884_Interior_H64.obj
v -172.56246948242188 -4.41520357131958 -24.342540740966797
v -172.62896728515625 -4.6604766845703125 -24.32901382446289
v -172.73268127441406 -4.6604766845703125 -24.4827880859375
v -177.07229614257812 -4.822160720825195 -31.593225479125977
v -177.1006317138672 -4.821974754333496 -29.12287139892578
v -176.60211181640625 -4.822347164154053 -34.15346145629883
v -178.97561645507812 -4.821788787841797 -31.206144332885742
v -177.54246520996094 -4.821974754333496 -29.032989501953125
v -175.7769775390625 -4.822347164154053 -34.30813980102539
v -174.07882690429688 -4.821974754333496 -36.7612419128418
v -175.83506774902344 -4.822347164154053 -34.59370422363281
v -178.7604217529297 1.8452361822128296 -35.323875427246094
v -180.5533447265625 1.84575617313385 -36.89504623413086
v -179.1861572265625 1.8454961776733398 -33.79536819458008
v -176.96749877929688 1.844716191291809 -33.75270462036133
v -177.72396850585938 1.8457558155059814 -37.470699310302734
v -175.33489990234375 1.8457558155059814 -20.69707679748535
v -174.82423400878906 1.8457558155059814 -23.217323303222656
v -177.7686767578125 1.8457558155059814 -20.38750457763672
v -172.90115356445312 1.8457555770874023 -21.006649017333984
v -175.8455810546875 1.845755696296692 -18.176830291748047
v -177.25799560546875 1.845755934715271 -22.907751083374023
v -176.747314453125 1.8457560539245605 -25.427997589111328
v -179.69175720214844 1.8457560539245605 -22.59817886352539
v -170.97805786132812 1.8457554578781128 -18.795974731445312
v -173.4118194580078 1.8457555770874023 -18.48640251159668
v -179.18109130859375 1.8457560539245605 -25.118427276611328
v -178.67041015625 1.84575617313385 -27.638673782348633
v -179.38587951660156 1.845179796218872 -25.07675552368164
v -183.70191955566406 -1.7663260698318481 -32.14600372314453
v -180.7354736328125 -1.7667944431304932 -33.59702682495117
v -182.6367950439453 -1.7668051719665527 -34.92680358886719
v -180.99888610839844 -1.766798496246338 -36.97649002075195
v -184.53811645507812 -1.7668160200119019 -36.25658416748047
v -169.97097778320312 -4.821602821350098 -20.269800186157227
v -171.4983367919922 -4.821602821350098 -20.792530059814453
v -172.252685546875 -4.8216023445129395 -19.805322647094727
v -170.74398803710938 -4.821602821350098 -21.779739379882812
v -177.81895446777344 1.8452361822128296 -30.695690155029297
v -179.61187744140625 1.84575617313385 -32.26686096191406
v -174.04978942871094 -4.821974754333496 -36.61846160888672
v -172.32260131835938 -4.821602821350098 -38.92877960205078
v -171.650390625 -4.821602821350098 -35.62480163574219
v -174.24118041992188 -4.822160720825195 -32.15932083129883
v -173.37759399414062 -4.821974754333496 -33.314483642578125
v -170.9781951904297 -4.821602821350098 -32.320823669433594
v -174.14947509765625 -4.8216023445129395 -24.624568939208984
v -174.1826171875 -4.8216023445129395 -24.787391662597656
v -177.59915161132812 -4.8216023445129395 -24.0922794342041
v -170.7660675048828 -4.8216023445129395 -25.482501983642578
v -173.27151489257812 -4.821974754333496 -29.895320892333984
v -172.12094116210938 -4.821788787841797 -27.66813087463379
v -173.47579956054688 -4.821974754333496 -29.853759765625
v -175.5374755859375 -4.821788787841797 -26.973018646240234
v -176.89234924316406 -4.821974754333496 -29.158649444580078
v -174.83067321777344 -4.822160720825195 -32.039390563964844
v -176.80712890625 1.8457558155059814 -19.282167434692383
v -172.49542236328125 1.8439958095550537 -30.79066276550293
v -173.3816375732422 1.843676209449768 -30.61036491394043
v -172.27456665039062 1.843995451927185 -29.70515251159668
v -178.2793426513672 1.8457558155059814 -17.86725616455078
v -176.185546875 -4.822347164154053 -34.22501754760742
v -179.2408905029297 1.8457558155059814 -18.97259521484375
v -180.71310424804688 1.845755934715271 -17.55768394470215
v -180.20242309570312 1.8457560539245605 -20.077930450439453
v -175.7857666015625 1.845755934715271 -24.322660446166992
v -171.6408233642578 1.8439958095550537 -26.590133666992188
v -171.8616485595703 1.843995451927185 -27.67565155029297
v -172.52703857421875 1.843676209449768 -26.40983009338379
v -169.6031494140625 -4.821602821350098 -22.011978149414062
v -168.58380126953125 -4.821602821350098 -20.552026748657227
v -168.9095458984375 -4.821602821350098 -22.153091430664062
v -169.2353057861328 -4.821602821350098 -23.7541561126709
v -175.59872436523438 1.844716191291809 -27.02425193786621
v -174.49017333984375 1.8441962003707886 -28.81730842590332
v -176.02603149414062 1.844716191291809 -29.12451934814453
v -176.04898071289062 -4.821602821350098 -20.70055389404297
v -176.29457092285156 -4.821602821350098 -18.98325538635254
v -174.01361083984375 -4.821602821350098 -19.44732666015625
v -178.08436584472656 -4.8216023445129395 -21.953781127929688
v -175.21148681640625 1.84523606300354 -25.12078857421875
v -180.56988525390625 -1.7667948007583618 -32.78328323364258
v -180.3281707763672 -1.766796350479126 -33.67978286743164
v -177.75814819335938 -4.8216023445129395 -20.35281753540039
v -177.43194580078125 -4.8216023445129395 -18.75185203552246
v -173.6598358154297 -4.821602821350098 -22.85396957397461
v -172.95626831054688 -4.821602821350098 -21.329647064208984
v -181.40328979492188 1.8446967601776123 -24.880313873291016
v -179.48960876464844 1.8434507846832275 -27.47199058532715
v -182.70521545410156 1.8447901010513306 -27.245792388916016
v -181.70916748046875 1.8452730178833008 -22.401737213134766
v -180.10134887695312 1.8446033000946045 -22.51483726501465
v -175.16851806640625 -4.8216023445129395 -20.87955093383789
v -172.70538330078125 -4.821974754333496 -30.010501861572266
v -179.92727661132812 -4.8216023445129395 -31.012603759765625
v -179.44580078125 -4.8216023445129395 -28.64590835571289
v -180.4087677001953 -4.8216023445129395 -33.37929916381836
v -177.24575805664062 -4.821788787841797 -26.625465393066406
v -179.14114379882812 1.84575617313385 -29.95276641845703
v -180.4072265625 1.845179557800293 -20.0362606048584
v -173.71368408203125 -4.821974754333496 -34.966468811035156
v -179.79547119140625 1.844027042388916 -24.9934139251709
v -178.50543212890625 -4.821974754333496 -33.766380310058594
v -175.87210083007812 -4.821602821350098 -22.40387535095215
v -175.6002960205078 1.8444561958312988 -30.653026580810547
v -177.39321899414062 1.8449761867523193 -32.22419738769531
v -173.67562866210938 1.8447160720825195 -24.813575744628906
v -171.75254821777344 1.8447158336639404 -22.602901458740234
v -172.13980102539062 1.844196081161499 -24.506366729736328
v -173.28839111328125 1.845235824584961 -22.910112380981445
v -181.2111358642578 1.8455145359039307 -19.97970962524414
v -182.20718383789062 1.845031499862671 -24.82376480102539
v -170.69979858398438 -4.8216023445129395 -25.156858444213867
v -177.53216552734375 -4.8216023445129395 -23.762149810791016
v -173.3890838623047 6.0074944496154785 -30.60885238647461
v -172.53445434570312 6.007540702819824 -26.4083194732666
v -172.69580078125 6.007541179656982 -26.375490188598633
v -173.55039978027344 6.007541179656982 -30.57602882385254
v -178.730224609375 1.845755934715271 -21.492841720581055
v -178.9855499267578 1.845755934715271 -20.232717514038086
v -174.24993896484375 1.8452359437942505 -24.01544952392578
v -176.29457092285156 -4.821602821350098 -18.98325538635254
v -176.04676818847656 -4.8216023445129395 -17.765039443969727
v -175.03030395507812 -4.821602821350098 -18.606159210205078
v -173.7660369873047 -4.8216023445129395 -18.229063034057617
v -174.01361083984375 -4.821602821350098 -19.44732666015625
v -172.252685546875 -4.8216023445129395 -19.805322647094727
v -172.00363159179688 -4.8216023445129395 -18.587627410888672
v -170.98788452148438 -4.8216023445129395 -19.428462982177734
v -169.7230987548828 -4.8216023445129395 -19.051605224609375
v -169.97097778320312 -4.821602821350098 -20.269800186157227
v -174.6367645263672 -4.821974754333496 -38.45782470703125
v -176.950927734375 -4.822346210479736 -37.98686599731445
v -176.39300537109375 -4.8223466873168945 -36.290283203125
v -176.24365234375 -4.822347164154053 -34.51057434082031
v -180.08261108398438 1.84575617313385 -34.580955505371094
v -176.07102966308594 1.8444561958312988 -32.96711730957031
v -175.174560546875 1.8441962003707886 -32.18153381347656
v -174.13812255859375 1.8447158336639404 -34.3283576965332
v -172.6952362060547 -4.41520357131958 -24.53937530517578
v -172.7213592529297 -4.176220417022705 -24.499916076660156
v -172.6088409423828 -4.176220417022705 -24.33310890197754
v -176.5683135986328 -4.821695327758789 -25.532649993896484
v -173.15176391601562 -4.821695327758789 -26.227760314941406
v -172.9282989501953 -4.41520357131958 -24.58467674255371
v -172.9188690185547 -4.176220417022705 -24.538307189941406
v -173.1251220703125 -4.41520357131958 -24.45191192626953
v -173.08566284179688 -4.176220417022705 -24.425792694091797
v -173.17042541503906 -4.41520357131958 -24.21885108947754
v -173.1240692138672 -4.176220417022705 -24.22828483581543
v -170.30599975585938 -4.821602821350098 -29.016845703125
v -172.954345703125 1.843676209449768 -28.51009750366211
v -172.91476440429688 -4.6604766845703125 -24.51818084716797
v -173.06854248046875 -4.6604766845703125 -24.414457321166992
v -173.10394287109375 -4.6604766845703125 -24.232379913330078
v -176.49676513671875 1.844716191291809 -31.43861198425293
v -184.12002563476562 -1.766571044921875 -34.2012939453125
v -173.7598876953125 1.844196081161499 -32.4693603515625
v -169.6337890625 -4.821602821350098 -25.712865829467773
v -171.16958618164062 -4.821788787841797 -27.861682891845703
v -170.86337280273438 -4.8216023445129395 -18.819616317749023
v -172.2417449951172 -2.0789151191711426 -20.075891494750977
v -172.77772521972656 -2.078915596008301 -19.96684455871582
v -172.77772521972656 -1.5313191413879395 -19.96682357788086
v -172.2417449951172 -1.5319520235061646 -20.075891494750977
v -172.77772521972656 -2.078915596008301 -19.96684455871582
v -172.7252960205078 -2.078918933868408 -19.709102630615234
v -172.7252960205078 -1.5313191413879395 -19.709083557128906
v -172.77772521972656 -1.5313191413879395 -19.96682357788086
v -172.2417449951172 -2.0789151191711426 -20.075891494750977
v -172.18931579589844 -2.0789172649383545 -19.818151473999023
v -172.7252960205078 -2.078918933868408 -19.709102630615234
v -172.18930053710938 -1.5319520235061646 -19.818153381347656
v -172.18931579589844 -2.0789172649383545 -19.818151473999023
v -179.5732421875 1.8443200588226318 -27.883005142211914
v -174.90640258789062 -4.8216023445129395 -17.997051239013672
v -169.5508575439453 -2.0754735469818115 -20.623620986938477
v -170.08685302734375 -2.0754735469818115 -20.514570236206055
v -170.08685302734375 -1.528510570526123 -20.514570236206055
v -169.5508575439453 -1.5278775691986084 -20.623577117919922
v -170.08685302734375 -2.0754735469818115 -20.514570236206055
v -170.03440856933594 -2.075476884841919 -20.2568302154541
v -170.03440856933594 -1.528510570526123 -20.2568302154541
v -170.08685302734375 -1.528510570526123 -20.514570236206055
v -169.5508575439453 -2.0754735469818115 -20.623620986938477
v -169.49842834472656 -2.075476884841919 -20.36587905883789
v -170.03440856933594 -2.075476884841919 -20.2568302154541
v -169.49842834472656 -1.5278775691986084 -20.3658390045166
v -169.49842834472656 -2.075476884841919 -20.36587905883789
v -178.48281860351562 -4.8216023445129395 -23.91251564025879
v -178.01263427734375 -4.821788787841797 -26.47275161743164
v -172.4008026123047 1.8438358306884766 -28.057491302490234
v -179.5732421875 1.8443200588226318 -27.883005142211914
v -179.5731658935547 1.5665291547775269 -27.882997512817383
v -182.70521545410156 1.8447901010513306 -27.245792388916016
v -172.7252960205078 -1.5313191413879395 -19.709083557128906
v -172.2417449951172 -1.5319520235061646 -20.075891494750977
v -170.03440856933594 -1.528510570526123 -20.2568302154541
v -169.5508575439453 -1.5278775691986084 -20.623577117919922
v -182.704833984375 1.5665143728256226 -27.24578094482422
v -180.3281707763672 -1.766796350479126 -33.67978286743164
v -180.3258514404297 -2.0445759296417236 -33.68003463745117
v -180.99888610839844 -1.766798496246338 -36.97649002075195
v -181.002197265625 -2.044574737548828 -36.992794036865234
v -172.50363159179688 -4.821881294250488 -28.820911407470703
v -176.28358459472656 -2.0849244594573975 -19.253833770751953
v -176.81956481933594 -2.0849249362945557 -19.144784927368164
v -176.819580078125 -1.5379630327224731 -19.144779205322266
v -176.28358459472656 -1.537961483001709 -19.25383186340332
v -176.81956481933594 -2.0849249362945557 -19.144784927368164
v -176.7671356201172 -2.084928274154663 -18.88704490661621
v -176.76715087890625 -1.5379630327224731 -18.88703727722168
v -176.819580078125 -1.5379630327224731 -19.144779205322266
v -176.28358459472656 -2.0849244594573975 -19.253833770751953
v -176.2311553955078 -2.0849266052246094 -18.996089935302734
v -176.7671356201172 -2.084928274154663 -18.88704490661621
v -176.2311553955078 -1.537961483001709 -18.996091842651367
v -176.2311553955078 -2.0849266052246094 -18.996089935302734
v -171.7357177734375 -4.821788787841797 -27.746501922607422
v -173.5934600830078 -2.0817134380340576 -19.8011474609375
v -174.12945556640625 -2.0817134380340576 -19.692100524902344
v -174.12945556640625 -1.5347503423690796 -19.692100524902344
v -173.59347534179688 -1.5347521305084229 -19.80112075805664
v -174.12945556640625 -2.0817134380340576 -19.692100524902344
v -174.07701110839844 -2.081716775894165 -19.43436050415039
v -174.07701110839844 -1.5347503423690796 -19.43436050415039
v -174.12945556640625 -1.5347503423690796 -19.692100524902344
v -173.5934600830078 -2.0817134380340576 -19.8011474609375
v -173.54103088378906 -2.081716775894165 -19.543407440185547
v -174.07701110839844 -2.081716775894165 -19.43436050415039
v -173.54104614257812 -1.5347521305084229 -19.54338264465332
v -173.54103088378906 -2.081716775894165 -19.543407440185547
v -174.27810668945312 1.8439362049102783 -31.395950317382812
v -175.93104553222656 1.845235824584961 -35.89952850341797
v -174.516357421875 1.8452355861663818 -36.187355041503906
v -174.89459228515625 1.8457554578781128 -38.04635238647461
v -176.76715087890625 -1.5379630327224731 -18.88703727722168
v -176.28358459472656 -1.537961483001709 -19.25383186340332
v -174.07701110839844 -1.5347503423690796 -19.43436050415039
v -173.59347534179688 -1.5347521305084229 -19.80112075805664
v -177.34988403320312 -4.821788787841797 -26.607574462890625
v -177.57080078125 -4.821788787841797 -26.562633514404297
v -178.9643096923828 -4.8216023445129395 -26.279212951660156
v -171.44757080078125 -4.821602821350098 -23.304061889648438
v -179.72320556640625 -2.0848922729492188 -31.329111099243164
v -179.7150115966797 -2.6318554878234863 -31.28883934020996
v -179.830810546875 -2.6318554878234863 -31.85799217224121
v -179.8409881591797 -2.0848915576934814 -31.90797996520996
v -179.98094177246094 -2.084893226623535 -31.276676177978516
v -179.97286987304688 -2.631856918334961 -31.23699378967285
v -179.7150115966797 -2.6318554878234863 -31.28883934020996
v -179.72320556640625 -2.0848922729492188 -31.329111099243164
v -179.97286987304688 -2.631856918334961 -31.23699378967285
v -180.0885467529297 -2.631856679916382 -31.80555534362793
v -179.830810546875 -2.6318554878234863 -31.85799217224121
v -180.0885467529297 -2.631856679916382 -31.80555534362793
v -180.09872436523438 -2.0848917961120605 -31.855539321899414
v -179.8409881591797 -2.0848915576934814 -31.90797996520996
v -179.69520568847656 -3.9523708820343018 -31.19162368774414
v -179.68701171875 -4.499334335327148 -31.15135383605957
v -179.7960968017578 -4.499332904815674 -31.687334060668945
v -179.8062286376953 -3.9523706436157227 -31.73732566833496
v -179.68701171875 -4.499334335327148 -31.15135383605957
v -179.9529571533203 -3.952368974685669 -31.139190673828125
v -179.94476318359375 -4.499334812164307 -31.09891700744629
v -179.94476318359375 -4.499334812164307 -31.09891700744629
v -180.05381774902344 -4.499332904815674 -31.63489532470703
v -179.7960968017578 -4.499332904815674 -31.687334060668945
v -179.68701171875 -4.499334335327148 -31.15135383605957
v -179.7960968017578 -4.499332904815674 -31.687334060668945
v -180.05381774902344 -4.499332904815674 -31.63489532470703
v -180.06396484375 -3.9523706436157227 -31.68488883972168
v -180.06396484375 -3.9523706436157227 -31.68488883972168
v -179.9529571533203 -3.952368974685669 -31.139190673828125
v -179.69520568847656 -3.9523708820343018 -31.19162368774414
v -179.8062286376953 -3.9523706436157227 -31.73732566833496
v -179.72320556640625 -2.0848922729492188 -31.329111099243164
v -179.8409881591797 -2.0848915576934814 -31.90797996520996
v -178.62892150878906 -2.084892749786377 -25.950456619262695
v -178.6390838623047 -2.631856679916382 -26.000442504882812
v -178.75486755371094 -2.6318562030792236 -26.56959342956543
v -178.74667358398438 -2.084892749786377 -26.529321670532227
v -178.8866729736328 -2.084893226623535 -25.898019790649414
v -178.8968048095703 -2.6318576335906982 -25.94800567626953
v -178.6390838623047 -2.631856679916382 -26.000442504882812
v -176.5389404296875 -4.822160720825195 -31.69183349609375
v -178.75486755371094 -2.6318562030792236 -26.56959342956543
v -179.0126190185547 -2.6318576335906982 -26.517154693603516
v -179.00442504882812 -2.0848937034606934 -26.476884841918945
v -178.66360473632812 -3.95237135887146 -26.12113380432129
v -178.67398071289062 -4.49933385848999 -26.17107582092285
v -178.78282165527344 -4.499334812164307 -26.707101821899414
v -178.77462768554688 -3.9523708820343018 -26.666831970214844
v -178.67398071289062 -4.49933385848999 -26.17107582092285
v -178.9213409423828 -3.95237135887146 -26.068695068359375
v -178.93161010742188 -4.499334335327148 -26.118656158447266
v -178.93161010742188 -4.499334335327148 -26.118656158447266
v -179.04055786132812 -4.499334812164307 -26.654666900634766
v -178.78282165527344 -4.499334812164307 -26.707101821899414
v -178.67398071289062 -4.49933385848999 -26.17107582092285
v -178.78282165527344 -4.499334812164307 -26.707101821899414
v -179.04055786132812 -4.499334812164307 -26.654666900634766
v -179.03236389160156 -3.9523706436157227 -26.61440086364746
v -179.03236389160156 -3.9523706436157227 -26.61440086364746
v -178.9213409423828 -3.95237135887146 -26.068695068359375
v -178.66360473632812 -3.95237135887146 -26.12113380432129
v -178.77462768554688 -3.9523708820343018 -26.666831970214844
v -179.00442504882812 -2.0848937034606934 -26.476884841918945
v -178.8866729736328 -2.084893226623535 -25.898019790649414
v -178.62892150878906 -2.084892749786377 -25.950456619262695
v -178.74667358398438 -2.084892749786377 -26.529321670532227
v -171.00428771972656 1.8443145751953125 -27.8501033782959
v -172.27456665039062 1.843995451927185 -29.70515251159668
v -171.8616485595703 1.843995451927185 -27.67565155029297
v -171.00428771972656 1.8443145751953125 -27.8501033782959
v -171.4171905517578 1.8443135023117065 -29.87959098815918
v -177.41354370117188 0.19555027782917023 -23.31622886657715
v -177.123779296875 0.194963276386261 -21.09478759765625
v -176.79751586914062 0.19484587013721466 -21.92129898071289
v -170.65362548828125 0.1951378583908081 -23.171356201171875
v -170.36386108398438 0.19455081224441528 -20.94991683959961
v -170.03759765625 0.19443342089653015 -21.776426315307617
v -170.6901092529297 0.19466818869113922 -20.1234073638916
v -169.4215545654297 0.1937289834022522 -20.38149642944336
v -176.50775146484375 0.19425886869430542 -19.699859619140625
v -176.18148803710938 0.1941414624452591 -20.526369094848633
v -176.83399963378906 0.19437626004219055 -18.873348236083984
v -175.56544494628906 0.19343705475330353 -19.131439208984375
v -170.94329833984375 0.19572487473487854 -25.3928165435791
v -171.2696533203125 0.19584229588508606 -24.566287994384766
v -170.61692810058594 0.19560745358467102 -26.219345092773438
v -171.88568115234375 0.19654671847820282 -25.961217880249023
v -177.08718872070312 0.1954328417778015 -24.142757415771484
v -176.7608184814453 0.195315420627594 -24.96928596496582
v -178.02957153320312 0.1962546855211258 -24.711158752441406
v -171.49746704101562 -3.9509530067443848 -23.70993423461914
v -171.41798400878906 -3.9509530067443848 -23.319297790527344
v -169.19583129882812 -3.951185464859009 -23.77446746826172
v -173.64013671875 -3.95072078704834 -22.86412811279297
v -173.77066040039062 -3.9509642124176025 -24.47093391418457
v -175.94674682617188 -3.9508469104766846 -23.77880859375
v -173.86590576171875 -3.950950860977173 -23.95276641845703
v -178.02757263183594 -3.9507429599761963 -23.6048526763916
v -176.0419921875 -3.950833559036255 -23.26064109802246
v -171.6898193359375 -3.951068162918091 -24.64488983154297
v -171.65640258789062 -3.9509530067443848 -24.491209030151367
v -169.51373291015625 -3.951185464859009 -25.33701515197754
v -180.01318359375 6.014560699462891 -22.838085174560547
v -180.13514709472656 5.935015678405762 -22.653823852539062
v -181.0522003173828 5.8621625900268555 -26.377593994140625
v -179.2180938720703 6.00786828994751 -18.930051803588867
v -180.37905883789062 5.775925636291504 -22.285297393798828
v -175.29661560058594 6.3466901779174805 -31.937297821044922
v -175.16673278808594 6.260171413421631 -32.1231689453125
v -174.24151611328125 6.16672420501709 -28.401050567626953
v -176.09194946289062 6.353618621826172 -35.84528350830078
v -174.90696716308594 6.087133407592773 -32.494903564453125
v -175.57241821289062 6.007543087005615 -36.58876037597656
v -174.7150115966797 6.007543087005615 -32.37450408935547
v -175.23968505859375 6.047338485717773 -34.541831970214844
v -181.725341796875 5.948400020599365 -30.469890594482422
v -181.90960693359375 5.862162113189697 -30.59185028076172
v -182.3984832763672 6.034637451171875 -34.56218719482422
v -181.42071533203125 5.6896867752075195 -26.62151336669922
v -176.74827575683594 -0.8400548696517944 -23.40683937072754
v -176.6880645751953 -3.2404980659484863 -23.500411987304688
v -177.43145751953125 -0.8393303155899048 -23.267873764038086
v -177.5252227783203 -3.239772319793701 -23.330106735229492
v -182.27810668945312 5.689685821533203 -30.83576774597168
v -178.197509765625 -3.239046812057495 -22.319185256958008
v -177.27935791015625 -0.8346601724624634 -22.58685302734375
v -178.21337890625 -0.8395216464996338 -22.397226333618164
v -178.21337890625 -0.10786671191453934 -22.397226333618164
v -177.27935791015625 -0.10928811132907867 -22.58685302734375
v -182.70681762695312 5.689685344696045 -32.942893981933594
v -182.459716796875 5.6896843910217285 -30.72847557067871
v -183.13551330566406 5.689684867858887 -35.05002212524414
v -169.52456665039062 -4.176249027252197 -25.334810256958008
v -178.02757263183594 -4.175806522369385 -23.6048526763916
v -178.02757263183594 -3.9507429599761963 -23.6048526763916
v -169.5451202392578 -4.660505294799805 -25.31659507751465
v -177.53216552734375 -4.8216023445129395 -23.762149810791016
v -178.0248260498047 -4.660062789916992 -23.59137725830078
v -178.03836059570312 -4.821601867675781 -23.65786361694336
v -170.69979858398438 -4.8216023445129395 -25.156858444213867
v -169.56639099121094 -4.821602821350098 -25.38150978088379
v -172.57150268554688 6.007543087005615 -21.8388671875
v -173.0001983642578 6.007543087005615 -23.945995330810547
v -172.84658813476562 6.007542133331299 -25.153884887695312
v -172.14279174804688 6.007543087005615 -19.731740951538086
v -172.9105987548828 6.325905799865723 -20.213340759277344
v -173.5760498046875 6.246315002441406 -24.30719566345215
v -173.38409423828125 6.16672420501709 -24.186796188354492
v -173.85760498046875 6.007543087005615 -28.16025161743164
v -174.28631591796875 6.007543087005615 -30.267377853393555
v -173.55039978027344 6.007541179656982 -30.57602882385254
v -180.56332397460938 5.689687728881836 -22.407257080078125
v -180.7449188232422 5.689685821533203 -22.299964904785156
v -181.78392028808594 5.68968391418457 -26.40692901611328
v -179.70591735839844 5.689688205718994 -18.193002700805664
v -181.10812377929688 5.68968391418457 -22.08538055419922
v -171.3737335205078 -3.23948335647583 -24.5816593170166
v -171.2816925048828 -0.8388493657112122 -24.519081115722656
v -170.5363311767578 -3.238757610321045 -24.75200080871582
v -170.59841918945312 -0.839765727519989 -24.658082962036133
v -180.77023315429688 5.68968391418457 -19.924606323242188
v -181.3388671875 5.6895751953125 -22.238109588623047
v -180.4323272705078 5.689683437347412 -17.76383399963379
v -171.2027130126953 -3.240208864212036 -23.742292404174805
v -170.50155639648438 -0.838579535484314 -23.966251373291016
v -171.14260864257812 -0.8388493657112122 -23.835834503173828
v -169.34239196777344 -0.8381243944168091 -24.20207405090332
v -170.50155639648438 -0.09014511108398438 -23.966251373291016
v -169.34239196777344 -0.09083090722560883 -24.20207405090332
v -183.60525512695312 5.689303398132324 -33.42380142211914
v -184.0585174560547 5.689249515533447 -35.66093826293945
v -183.1519775390625 5.689357757568359 -31.186662673950195
v -182.24542236328125 5.68946647644043 -26.712387084960938
v -182.69046020507812 5.689575672149658 -30.88120460510254
v -170.42611694335938 -3.9510693550109863 -24.13283920288086
v -181.78427124023438 5.76882266998291 -36.12364959716797
v -179.510009765625 5.848396301269531 -36.58635711669922
v -181.93698120117188 5.76882266998291 -35.89289093017578
v -184.0585174560547 5.689249515533447 -35.66093826293945
v -184.50462341308594 1.584635615348816 -36.09116744995117
v -183.72955322265625 1.845324993133545 -32.28131866455078
v -182.95448303222656 1.8454598188400269 -28.47144889831543
v -184.50462341308594 1.8451902866363525 -36.0911865234375
v -182.95437622070312 1.047556757926941 -28.47150993347168
v -182.9544219970703 0.7884604334831238 -28.47132682800293
v -183.7310791015625 0.7876633405685425 -32.28890609741211
v -184.50775146484375 0.786866307258606 -36.10648727416992
v -174.50128173828125 6.339762210845947 -28.029312133789062
v -180.80828857421875 6.021252632141113 -26.74612045288086
v -175.57241821289062 6.007543087005615 -36.58876037597656
v -179.35397338867188 5.848613739013672 -35.81938934326172
v -177.69393920898438 5.927969932556152 -36.35680389404297
v -179.81546020507812 5.848396301269531 -36.124847412109375
v -180.1510467529297 1.0474154949188232 -33.53992462158203
v -180.04249572753906 1.0473432540893555 -33.73784637451172
v -180.73683166503906 1.0480804443359375 -37.15125274658203
v -179.34815979003906 1.0466059446334839 -30.32443618774414
v -180.04251098632812 1.3163026571273804 -33.73783874511719
v -180.04249572753906 1.0473432540893555 -33.73784637451172
v -179.34815979003906 1.0466059446334839 -30.32443618774414
v -180.73683166503906 1.0480804443359375 -37.15125274658203
v -170.29637145996094 -0.8388519287109375 -23.162216186523438
v -170.17628479003906 -0.8386704921722412 -21.707298278808594
v -170.6378936767578 -0.8384910225868225 -23.09273338317871
v -169.7146759033203 -0.8388500213623047 -20.321863174438477
v -170.39772033691406 -0.8381282091140747 -20.18289566040039
v -176.4402618408203 -0.8391437530517578 -21.912158966064453
v -176.32017517089844 -0.8389623165130615 -20.45724105834961
v -176.7817840576172 -0.8387826681137085 -21.842674255371094
v -175.8585662841797 -0.8391419649124146 -19.071805953979492
v -176.54161071777344 -0.8384197950363159 -18.932836532592773
v -171.09962463378906 -0.838309645652771 -24.478145599365234
v -171.5613555908203 -0.8381282091140747 -25.863557815551758
v -170.87806701660156 -0.8388538360595703 -26.00257110595703
v -177.24351501464844 -0.8386012315750122 -23.228086471557617
v -177.7052459716797 -0.8384197950363159 -24.61349868774414
v -177.02195739746094 -0.8391454815864563 -24.752511978149414
v -176.51705932617188 -3.239772319793701 -22.661046981811523
v -177.40335083007812 -2.0391879081726074 -22.52138900756836
v -177.35728454589844 -3.2394094467163086 -22.490116119384766
v -175.46286010742188 5.848615646362305 -18.65692138671875
v -180.4323272705078 5.689683437347412 -17.76383399963379
v -179.70591735839844 5.689688205718994 -18.193002700805664
v -183.89906311035156 1.5850508213043213 -32.39359664916992
v -184.06869506835938 1.584848403930664 -32.50584411621094
v -184.8438262939453 1.5844885110855103 -36.3156623840332
v -183.29354858398438 1.5852081775665283 -28.69602394104004
v -184.06869506835938 1.315723180770874 -32.505897521972656
v -184.06869506835938 1.584848403930664 -32.50584411621094
v -183.29354858398438 1.5852081775665283 -28.69602394104004
v -171.21981811523438 6.007543087005615 -19.12084197998047
v -171.9578094482422 6.007542133331299 -22.748165130615234
v -184.8438262939453 1.5844885110855103 -36.3156623840332
v -173.74978637695312 -4.660284042358398 -24.28105926513672
v -173.71461486816406 -4.660284042358398 -24.108135223388672
v -169.47476196289062 -4.660505294799805 -24.970741271972656
v -177.9544677734375 -4.660062789916992 -23.245527267456055
v -176.09194946289062 6.353618621826172 -35.84528350830078
v -183.13551330566406 5.689684867858887 -35.05002212524414
v -175.92434692382812 5.848615646362305 -18.962371826171875
v -172.14279174804688 6.007543087005615 -19.731740951538086
v -175.68045043945312 6.0077056884765625 -19.330896377563477
v -172.9105987548828 6.325905799865723 -20.213340759277344
v -179.2180938720703 6.00786828994751 -18.930051803588867
v -169.32650756835938 -3.23948335647583 -24.12399673461914
v -170.27255249023438 -2.0391664505004883 -23.972183227539062
v -179.61373901367188 6.021651744842529 -35.447654724121094
v -182.3984832763672 6.034637451171875 -34.56218719482422
v -173.70297241210938 -4.176027774810791 -24.110504150390625
v -177.9544677734375 -4.175806522369385 -23.245525360107422
v -183.29354858398438 1.04695725440979 -28.696044921875
v -184.8438262939453 1.0462383031845093 -36.31576919555664
v -179.24520874023438 6.194128036499023 -35.2037353515625
v -176.60919189453125 -0.8393292427062988 -22.72359275817871
v -170.26461791992188 -3.2398462295532227 -23.933143615722656
v -177.81512451171875 5.76915168762207 -18.577686309814453
v -179.34815979003906 1.5849043130874634 -30.32444190979004
v -180.73684692382812 1.5859993696212769 -37.1512451171875
v -174.5614013671875 6.007542133331299 -33.582393646240234
v -174.25595092773438 6.007542133331299 -34.04389953613281
v -174.60873413085938 6.007542610168457 -35.777835845947266
v -173.73951721191406 -4.176027774810791 -24.2901668548584
v -169.4514617919922 -4.176249027252197 -24.975481033325195
v -174.9615020751953 6.007543087005615 -37.51177215576172
v -169.5451202392578 -4.660505294799805 -25.31659507751465
v -178.0248260498047 -4.660062789916992 -23.59137725830078
v -172.41929626464844 6.007542133331299 -23.05361557006836
v -172.69580078125 6.007541179656982 -26.375490188598633
v -182.7903289794922 1.316284418106079 -36.73345947265625
v -184.8438262939453 1.0462383031845093 -36.31576919555664
v -180.73683166503906 1.0480804443359375 -37.15125274658203
v -184.8438262939453 1.5844885110855103 -36.3156623840332
v -180.73684692382812 1.5859993696212769 -37.1512451171875
v -173.34133911132812 5.928079605102539 -18.88888168334961
v -175.82608032226562 5.848613262176514 -18.442337036132812
v -182.9542999267578 1.5856130123138428 -28.47153091430664
v -184.50462341308594 1.584635615348816 -36.09116744995117
v -184.504638671875 1.0463837385177612 -36.09126663208008
v -184.8438262939453 1.0462383031845093 -36.31576919555664
v -184.06869506835938 1.0465977191925049 -32.50590515136719
v -183.29354858398438 1.04695725440979 -28.696044921875
v -184.06869506835938 1.0465977191925049 -32.50590515136719
v -182.95437622070312 1.047556757926941 -28.47150993347168
v -183.72950744628906 1.046970248222351 -32.28138732910156
v -184.504638671875 1.0463837385177612 -36.09126663208008
v -183.72950744628906 1.046970248222351 -32.28138732910156
v -171.21981811523438 6.007543087005615 -19.12084197998047
v -171.2027130126953 -3.240208864212036 -23.742292404174805
v -171.14260864257812 -0.8388493657112122 -23.835834503173828
v -171.2581787109375 -2.0391664505004883 -24.20874786376953
v -171.3737335205078 -3.23948335647583 -24.5816593170166
v -171.2816925048828 -0.8388493657112122 -24.519081115722656
v -176.6880645751953 -3.2404980659484863 -23.500411987304688
v -176.74827575683594 -0.8400548696517944 -23.40683937072754
v -176.63265991210938 -2.0399136543273926 -23.03394317626953
v -176.51705932617188 -3.239772319793701 -22.661046981811523
v -176.60919189453125 -0.8393292427062988 -22.72359275817871
v -179.34815979003906 1.5849043130874634 -30.32444190979004
v -179.5652618408203 1.58500337600708 -29.92859649658203
v -180.2652587890625 1.5854220390319824 -33.36991882324219
v -180.9652557373047 1.5858408212661743 -36.81123733520508
v -180.9652557373047 1.8456840515136719 -36.81123733520508
v -180.9652557373047 1.04792058467865 -36.81124496459961
v -179.5652618408203 1.046750545501709 -29.92859649658203
v -180.73684692382812 1.5859993696212769 -37.1512451171875
v -180.04251098632812 1.5854518413543701 -33.73784255981445
v -180.04251098632812 1.5854518413543701 -33.73784255981445
v -171.28790283203125 0.19560745358467102 -23.042312622070312
v -180.26686096191406 0.7876118421554565 -33.377620697021484
v -179.56536865234375 0.7876207232475281 -29.9287109375
v -177.43179321289062 0.19531548023223877 -21.792253494262695
v -173.198486328125 6.007541656494141 -27.86495590209961
v -173.79908752441406 -3.95072078704834 -23.645402908325195
v -178.2180633544922 -3.950716257095337 -22.56851577758789
v -175.9417724609375 -3.950488567352295 -22.799596786499023
v -178.08444213867188 -3.95025634765625 -21.95379066467285
v -177.23574829101562 5.927969932556152 -37.04906463623047
v -174.9615020751953 6.007543087005615 -37.51177215576172
v -170.0192413330078 0.1946682184934616 -23.3004207611084
v -176.1631317138672 0.19437623023986816 -22.05036163330078
v -173.77066040039062 -3.9509642124176025 -24.47093391418457
v -169.51373291015625 -3.951185464859009 -25.33701515197754
v -180.9652557373047 1.04792058467865 -36.81124496459961
v -184.504638671875 1.0463837385177612 -36.09126663208008
v -184.50775146484375 0.786866307258606 -36.10648727416992
v -180.96835327148438 0.787602961063385 -36.82653045654297
v -184.8438262939453 1.0462383031845093 -36.31576919555664
v -184.504638671875 1.0463837385177612 -36.09126663208008
v -180.9652557373047 1.04792058467865 -36.81124496459961
v -180.73683166503906 1.0480804443359375 -37.15125274658203
v -184.50462341308594 1.584635615348816 -36.09116744995117
v -184.8438262939453 1.5844885110855103 -36.3156623840332
v -180.73684692382812 1.5859993696212769 -37.1512451171875
v -180.9652557373047 1.5858408212661743 -36.81123733520508
v -184.50462341308594 1.8451902866363525 -36.0911865234375
v -184.50462341308594 1.584635615348816 -36.09116744995117
v -180.9652557373047 1.5858408212661743 -36.81123733520508
v -180.9652557373047 1.8456840515136719 -36.81123733520508
v -178.12921142578125 5.769148349761963 -18.103084564208984
v -182.9542999267578 1.5856130123138428 -28.47153091430664
v -182.9542999267578 1.5856130123138428 -28.47153091430664
v -182.95437622070312 1.047556757926941 -28.47150993347168
v -183.29354858398438 1.04695725440979 -28.696044921875
v -183.29354858398438 1.5852081775665283 -28.69602394104004
v -179.5653076171875 1.8452602624893188 -29.92879295349121
v -179.34815979003906 1.5849043130874634 -30.32444190979004
v -179.34815979003906 1.0466059446334839 -30.32443618774414
v -179.5652618408203 1.046750545501709 -29.92859649658203
v -179.5652618408203 1.58500337600708 -29.92859649658203
v -173.7059326171875 6.332834243774414 -24.121326446533203
v -182.91299438476562 5.689630508422852 -32.965614318847656
v -169.3547821044922 -3.951185464859009 -24.555740356445312
v -170.58506774902344 -3.9510693550109863 -24.914112091064453
v -179.61563110351562 6.011214256286621 -20.88406753540039
v -180.88558959960938 5.689629554748535 -20.000972747802734
v -182.69869995117188 5.6894121170043945 -28.94952392578125
v -173.52294921875 5.9280781745910645 -18.78158950805664
v -177.64122009277344 6.087377548217773 -19.250873565673828
v -176.06434631347656 6.166887283325195 -19.571697235107422
v -174.4874725341797 6.246396541595459 -19.892518997192383
v -180.61761474609375 0.7876074314117432 -35.102073669433594
v -180.96835327148438 0.787602961063385 -36.82653045654297
v -181.6033935546875 6.027945041656494 -30.65415382385254
v -182.121826171875 5.68968391418457 -28.567703247070312
v -181.79214477539062 5.689520835876465 -24.475248336791992
v -172.72775268554688 -3.9508368968963623 -24.06830596923828
v -175.86228942871094 -3.950488567352295 -22.408958435058594
v -170.97988891601562 0.19525524973869324 -22.3448486328125
v -174.0525360107422 3.050339698791504 -33.70143127441406
v -173.7170867919922 2.447007894515991 -32.15589904785156
v -173.58816528320312 3.050339698791504 -31.41897964477539
v -172.32260131835938 -4.821602821350098 -38.92877960205078
v -172.41378784179688 -2.017058849334717 -38.738609313964844
v -174.48403930664062 -3.4193015098571777 -38.40321731567383
v -174.89459228515625 1.8457554578781128 -38.04635238647461
v -174.92803955078125 3.9266490936279297 -37.77906036376953
v -177.75741577148438 4.064840793609619 -37.203407287597656
v -174.9615020751953 6.007543087005615 -37.51177215576172
v -183.38186645507812 3.767019748687744 -31.453365325927734
v -183.10586547851562 2.806072473526001 -29.65599250793457
v -183.50650024414062 3.767354726791382 -32.066192626953125
v -182.70521545410156 1.8447901010513306 -27.245792388916016
v -182.95448303222656 1.8454598188400269 -28.47144889831543
v -174.89459228515625 1.8457554578781128 -38.04635238647461
v -174.53564453125 3.5510683059692383 -35.956336975097656
v -174.92803955078125 3.926649332046509 -37.77906036376953
v -177.72396850585938 1.9839468002319336 -37.470699310302734
v -180.5533447265625 2.122138261795044 -36.89504623413086
v -177.72396850585938 1.8457558155059814 -37.470699310302734
v -171.58084106445312 5.631961345672607 -21.00126838684082
v -171.70089721679688 4.40372371673584 -21.86026382446289
v -171.4599609375 3.551067590713501 -20.838834762573242
v -170.52938842773438 -1.293912410736084 -29.311756134033203
v -171.1271209716797 -2.4698092937469482 -32.51742935180664
v -170.64158630371094 -2.175835132598877 -30.064022064208984
v -170.1560516357422 -1.8818608522415161 -27.610614776611328
v -170.45492553710938 -2.4698092937469482 -29.213451385498047
v -183.70191955566406 -1.7663260698318481 -32.14600372314453
v -183.3281707763672 -0.48893284797668457 -30.308666229248047
v -183.41119384765625 -1.7658255100250244 -30.71638298034668
v -182.9544219970703 0.7884604334831238 -28.47132682800293
v -183.7310791015625 0.7876633405685425 -32.28890609741211
v -172.52703857421875 1.843676209449768 -26.40983009338379
v -172.48049926757812 5.256381511688232 -25.52933692932129
v -172.61141967773438 3.9256086349487305 -26.39266014099121
v -172.61141967773438 3.9256086349487305 -26.39266014099121
v -172.5150909423828 5.73294734954834 -26.412260055541992
v -172.52703857421875 1.843676209449768 -26.40983009338379
v -169.75253295898438 -2.4698092937469482 -25.688716888427734
v -169.87127685546875 -0.118015818297863 -25.664566040039062
v -169.78271484375 -2.4698092937469482 -25.909473419189453
v -169.6337890625 -4.821602821350098 -25.712865829467773
v -173.3816375732422 1.843676209449768 -30.61036491394043
v -172.49542236328125 1.8439958095550537 -30.79066276550293
v -172.93255615234375 3.7884716987609863 -30.70172882080078
v -173.3697052001953 5.73294734954834 -30.61279296875
v -172.64480590820312 5.73294734954834 -30.76027488708496
v -172.0779571533203 3.7884716987609863 -26.501197814941406
v -171.6408233642578 1.8439958095550537 -26.590133666992188
v -171.7902069091797 5.73294734954834 -26.55974578857422
v -173.3816375732422 1.843676209449768 -30.61036491394043
v -173.4660186767578 3.9256086349487305 -30.593196868896484
v -173.55039978027344 6.007541179656982 -30.57602882385254
v -173.4660186767578 3.9256086349487305 -30.593196868896484
v -171.9418487548828 5.2563796043396 -22.881694793701172
v -173.6380157470703 5.256380558013916 -31.21868896484375
v -174.2997589111328 5.631961822509766 -34.365230560302734
v -174.17669677734375 5.256381511688232 -33.86632537841797
v -171.8919677734375 3.0503387451171875 -23.081993103027344
v -171.75254821777344 1.8447158336639404 -22.602901458740234
v -171.4350128173828 2.448047161102295 -20.938983917236328
v -174.25595092773438 6.007542133331299 -34.04389953613281
v -172.31881713867188 5.631960391998291 -24.62859344482422
v -176.950927734375 -4.822346210479736 -37.98686599731445
v -176.64547729492188 -2.0169999599456787 -37.877655029296875
v -170.38046264648438 -3.6457061767578125 -29.11514663696289
v -170.30599975585938 -4.821602821350098 -29.016845703125
v -170.9781951904297 -4.821602821350098 -32.320823669433594
v -178.9596405029297 -2.017371654510498 -37.406700134277344
v -178.80691528320312 -0.6146985292434692 -37.35209274291992
v -184.0585174560547 5.689249515533447 -35.66093826293945
v -184.00555419921875 2.806272506713867 -34.07868957519531
v -184.50462341308594 1.8451902866363525 -36.0911865234375
v -180.96835327148438 0.787602961063385 -36.82653045654297
v -171.71551513671875 3.7884716987609863 -26.574939727783203
v -171.147216796875 -2.016972303390503 -32.5131721496582
v -169.931640625 -0.11801550537347794 -26.106081008911133
v -172.5701141357422 3.7884716987609863 -30.775468826293945
v -180.9652557373047 1.8456840515136719 -36.81123733520508
v -180.9652557373047 2.1222851276397705 -36.81124496459961
v -184.50462341308594 1.8451902866363525 -36.0911865234375
v -184.10482788085938 -0.4897298812866211 -34.126243591308594
v -184.12002563476562 -1.766571044921875 -34.2012939453125
v -177.0127410888672 5.328390121459961 -18.2469425201416
v -178.12921142578125 5.769148349761963 -18.103084564208984
v -175.82608032226562 5.848613262176514 -18.442337036132812
v -180.4323272705078 5.689683437347412 -17.76383399963379
v -174.9615020751953 6.007543087005615 -37.51177215576172
v -174.569091796875 5.631962299346924 -35.689048767089844
v -175.96646118164062 3.926649570465088 -18.339263916015625
v -175.89627075195312 4.887631416320801 -18.39080047607422
v -174.77980041503906 4.446872711181641 -18.534658432006836
v -181.00054931640625 4.728460311889648 -20.134323120117188
v -180.88558959960938 5.689629554748535 -20.000972747802734
v -180.4323272705078 5.689683437347412 -17.76383399963379
v -181.3388671875 5.6895751953125 -22.238109588623047
v -169.9718475341797 0.7876583933830261 -26.097566604614258
v -170.55953979492188 -0.6146569848060608 -29.305370330810547
v -171.09893798828125 3.926649332046509 -18.95840835571289
v -170.97805786132812 1.8457554578781128 -18.795974731445312
v -173.47225952148438 2.886202335357666 -18.56761932373047
v -182.8136444091797 4.728242874145508 -29.082876205444336
v -182.69869995117188 5.6894121170043945 -28.94952392578125
v -182.24542236328125 5.68946647644043 -26.712387084960938
v -181.5687713623047 3.7672367095947266 -22.50481414794922
v -181.70916748046875 1.8452730178833008 -22.401737213134766
v -182.13699340820312 2.806013345718384 -24.875303268432617
v -183.1519775390625 5.689357757568359 -31.186662673950195
v -174.35617065429688 4.403724670410156 -34.91133117675781
v -174.5523681640625 4.59151554107666 -35.82269287109375
v -178.19940185546875 4.80816650390625 -18.05154800415039
v -170.5394287109375 -1.0674939155578613 -29.309627532958984
v -174.6367645263672 -4.821974754333496 -38.45782470703125
v -178.99317932128906 -4.821974277496338 -37.571495056152344
v -178.9765625 -3.4334604740142822 -37.489830017089844
v -174.74856567382812 4.779305458068848 -36.73405456542969
v -177.96337890625 4.064914226531982 -37.16150665283203
v -179.15628051757812 3.5446200370788574 -36.98393249511719
v -177.3472900390625 4.966954708099365 -37.15662384033203
v -179.73306274414062 3.9263665676116943 -36.80147933959961
v -175.8455810546875 1.845755696296692 -18.176830291748047
v -178.33978271484375 2.886202812194824 -17.948474884033203
v -177.23574829101562 5.927969932556152 -37.04906463623047
v -179.510009765625 5.848396301269531 -36.58635711669922
v -171.82611083984375 -0.6147435903549194 -35.53080368041992
v -171.23841857910156 0.7875717878341675 -32.323001861572266
v -171.8717041015625 0.7875285148620605 -35.43571853637695
v -172.50498962402344 0.7874852418899536 -38.54843521118164
v -181.03543090820312 -4.8216023445129395 -37.1561279296875
v -182.11883544921875 2.8857784271240234 -36.44633483886719
v -184.0585174560547 5.689249515533447 -35.66093826293945
v -183.04354858398438 2.8059048652648926 -29.349578857421875
v -181.9071044921875 4.728351593017578 -24.608600616455078
v -181.79214477539062 5.689520835876465 -24.475248336791992
v -181.89578247070312 4.807807922363281 -36.23120880126953
v -174.516357421875 1.8452355861663818 -36.187355041503906
v -174.13812255859375 1.8447158336639404 -34.3283576965332
v -174.47357177734375 2.448047637939453 -35.87389373779297
v -181.14093017578125 2.8064963817596436 -20.03125
v -173.5931396484375 4.967096328735352 -18.730052947998047
v -180.5533447265625 1.84575617313385 -36.89504623413086
v -172.32260131835938 -4.821602821350098 -38.92877960205078
v -171.7349090576172 -3.41928768157959 -35.720977783203125
v -172.41378784179688 -2.017058849334717 -38.738609313964844
v -171.650390625 -4.821602821350098 -35.62480163574219
v -172.20950317382812 2.447007417678833 -24.74591064453125
v -172.35633850097656 3.0503387451171875 -25.364442825317383
v -173.7598876953125 1.844196081161499 -32.4693603515625
v -172.69580078125 6.007541179656982 -26.375490188598633
v -172.69580078125 6.007541179656982 -26.375490188598633
v -172.53445434570312 6.007540702819824 -26.4083194732666
v -171.91690063476562 4.153359413146973 -22.981843948364258
v -180.99888610839844 -1.766798496246338 -36.97649002075195
v -178.97491455078125 -3.294572353363037 -37.4816780090332
v -171.21981811523438 6.007543087005615 -19.12084197998047
v -171.21981811523438 6.007543087005615 -19.12084197998047
v -171.09893798828125 3.9266490936279297 -18.95840835571289
v -173.52294921875 5.9280781745910645 -18.78158950805664
v -173.3890838623047 6.0074944496154785 -30.60885238647461
v -179.38604736328125 4.287942886352539 -17.856155395507812
v -180.57272338867188 3.7677197456359863 -17.66075897216797
v -172.6536102294922 4.966574668884277 -26.384075164794922
v -172.6536102294922 4.966574668884277 -26.384075164794922
v -184.50775146484375 0.786866307258606 -36.10648727416992
v -182.75323486328125 -0.4896065592765808 -36.54155731201172
v -184.53811645507812 -1.7668160200119019 -36.25658416748047
v -184.50775146484375 0.786866307258606 -36.10648727416992
v -184.53811645507812 -1.7668160200119019 -36.25658416748047
v -181.002197265625 -2.044574737548828 -36.992794036865234
v -172.50498962402344 0.7874852418899536 -38.54843521118164
v -174.57522583007812 -0.6147574186325073 -38.213043212890625
v -171.9578094482422 6.007542133331299 -22.748165130615234
v -173.4118194580078 1.8457555770874023 -18.48640251159668
v -180.71310424804688 1.845755934715271 -17.55768394470215
v -180.57272338867188 3.7677197456359863 -17.66075897216797
v -180.71310424804688 1.845755934715271 -17.55768394470215
v -172.1199493408203 -1.315901279449463 -37.13470458984375
v -170.60513305664062 0.7876150608062744 -29.210285186767578
v -183.72018432617188 4.728134632110596 -33.557151794433594
v -171.724853515625 -3.6457061767578125 -35.723106384277344
v -174.62081909179688 0.7875146865844727 -38.117958068847656
v -176.73666381835938 0.7875441312789917 -37.68748474121094
v -183.72955322265625 1.845324993133545 -32.28131866455078
v -183.48001098632812 2.325866222381592 -31.275070190429688
v -174.52963256835938 -2.017029285430908 -38.30813217163086
v -178.85250854492188 0.7875735759735107 -37.25700759887695
v -176.69107055664062 -0.6147279739379883 -37.782569885253906
v -183.60525512695312 5.689303398132324 -33.42380142211914
v -183.05813598632812 -0.48925918340682983 -28.98110008239746
v -182.70509338378906 0.78730708360672 -27.245817184448242
v -172.13980102539062 1.844196081161499 -24.506366729736328
v -178.2793426513672 1.8457558155059814 -17.86725616455078
v -181.2111358642578 1.8455145359039307 -19.97970962524414
v -182.20718383789062 1.845031499862671 -24.82376480102539
v -174.60873413085938 6.007542610168457 -35.777835845947266
v -181.78427124023438 5.76882266998291 -36.12364959716797
v -171.44235229492188 4.690478324890137 -23.567829132080078
v -171.40187072753906 3.6162397861480713 -23.620506286621094
v -172.1461639404297 3.4350948333740234 -23.31224822998047
v -181.20462036132812 -2.6318583488464355 -31.05591583251953
v -181.1842803955078 -3.9523727893829346 -30.95591163635254
v -179.96607971191406 -3.9523723125457764 -31.20376205444336
v -179.98643493652344 -2.6318581104278564 -31.30376625061035
v -172.1907958984375 4.871622562408447 -23.21795082092285
v -180.2374267578125 -3.952371835708618 -26.301982879638672
v -180.2170867919922 -2.6318562030792236 -26.201988220214844
v -178.99888610839844 -2.631856918334961 -26.4498291015625
v -179.0192108154297 -3.952371835708618 -26.549829483032227
v -172.2742462158203 3.4350955486297607 -23.941722869873047
v -172.1461639404297 3.4350948333740234 -23.31224822998047
v -171.40187072753906 3.6162397861480713 -23.620506286621094
v -171.46865844726562 3.6162381172180176 -23.948793411254883
v -171.44235229492188 4.690478324890137 -23.567829132080078
v -172.1907958984375 4.871622562408447 -23.21795082092285
v -172.35215759277344 4.871622562408447 -24.011093139648438
v -171.52651977539062 4.690478324890137 -23.981468200683594
v -171.66847229003906 4.690478324890137 -24.679269790649414
v -172.4169158935547 4.871622562408447 -24.32938575744629
v -172.5782928466797 4.871622562408447 -25.122529983520508
v -171.7526397705078 4.690478324890137 -25.092906951904297
v -178.67042541503906 2.122138261795044 -27.638668060302734
v -178.67041015625 1.84575617313385 -27.638673782348633
v -179.14114379882812 1.84575617313385 -29.95276641845703
v -179.61187744140625 1.84575617313385 -32.26686096191406
v -171.8616485595703 1.843995451927185 -27.67565155029297
v -171.63487243652344 5.429819107055664 -27.721799850463867
v -171.00428771972656 4.974061012268066 -27.850086212158203
v -171.65110778808594 5.73294734954834 -27.718473434448242
v -172.0110626220703 5.73294734954834 -27.6452579498291
v -171.00428771972656 5.429819107055664 -27.8500919342041
v -179.61187744140625 2.4637205600738525 -32.266807556152344
v -180.20651245117188 2.4637205600738525 -34.662723541259766
v -180.55335998535156 2.4637205600738525 -36.89501953125
v -179.85964965820312 2.4637205600738525 -32.43042755126953
v -180.96527099609375 2.4637207984924316 -36.811214447021484
v -179.85964965820312 2.1222119331359863 -32.430458068847656
v -179.61187744140625 2.122138261795044 -32.2668571472168
v -180.2064971923828 2.1221752166748047 -34.662750244140625
v -180.5533447265625 2.122138261795044 -36.89504623413086
v -180.9652557373047 2.1222851276397705 -36.81124496459961
v -179.16595458984375 2.4637205600738525 -27.96583366394043
v -179.1671905517578 2.724043846130371 -27.9655818939209
v -180.06561279296875 2.4637207984924316 -32.38852310180664
v -180.96527099609375 2.4637207984924316 -36.811214447021484
v -180.06561279296875 2.4637207984924316 -32.38852310180664
v -179.16595458984375 2.4637205600738525 -27.96583366394043
v -180.18539428710938 2.7240428924560547 -34.55986022949219
v -179.24391174316406 2.7240428924560547 -29.931652069091797
v -178.67041015625 2.7240426540374756 -27.63860511779785
v -179.81741333007812 2.724043369293213 -32.22469711303711
v -179.1671905517578 2.724043846130371 -27.9655818939209
v -180.9644317626953 2.7240443229675293 -36.810787200927734
v -180.06581115722656 2.72404408454895 -32.38818359375
v -180.06581115722656 2.72404408454895 -32.38818359375
v -180.9644317626953 2.7240443229675293 -36.810787200927734
v -172.4239501953125 5.73294734954834 -29.67475700378418
v -172.04779052734375 5.429816246032715 -29.75131607055664
v -172.06402587890625 5.73294734954834 -29.74799346923828
v -171.4171905517578 4.974061965942383 -29.87958526611328
v -171.4171905517578 5.429817199707031 -29.87961196899414
v -171.00428771972656 1.8443145751953125 -27.8501033782959
v -180.55335998535156 2.7240426540374756 -36.89502716064453
v -180.5533447265625 1.84575617313385 -36.89504623413086
v -179.14114379882812 2.122138261795044 -29.952762603759766
v -179.16595458984375 2.1222856044769287 -27.965871810913086
v -179.61187744140625 2.4637205600738525 -32.266807556152344
v -180.55335998535156 2.7240426540374756 -36.89502716064453
v -179.14114379882812 2.4637205600738525 -29.952699661254883
v -178.67039489746094 2.4637205600738525 -27.638591766357422
v -178.67039489746094 2.4637205600738525 -27.638591766357422
v -179.14114379882812 2.4637205600738525 -29.952699661254883
v -171.32887268066406 5.429815769195557 -29.44547462463379
v -171.4171905517578 5.429817199707031 -29.87961196899414
v -171.31922912597656 5.2034912109375 -29.39802360534668
v -171.10984802246094 5.2034912109375 -28.368906021118164
v -171.00428771972656 5.429819107055664 -27.8500919342041
v -171.10018920898438 5.429816246032715 -28.321481704711914
v -171.4171905517578 4.974061965942383 -29.87958526611328
v -171.00428771972656 4.974061012268066 -27.850086212158203
v -171.7307891845703 5.429818630218506 -28.193178176879883
v -171.9970245361328 5.203490257263184 -28.18840980529785
v -171.10018920898438 5.429816246032715 -28.321481704711914
v -171.726318359375 5.73294734954834 -28.088088989257812
v -171.95945739746094 5.429818630218506 -29.31716537475586
v -171.31922912597656 5.2034912109375 -29.39802360534668
v -172.20639038085938 5.203490257263184 -29.217529296875
v -171.32887268066406 5.429815769195557 -29.44547462463379
v -172.35633850097656 5.73294734954834 -29.34242057800293
v -171.9964141845703 5.73294734954834 -29.4156494140625
v -172.08624267578125 5.73294734954834 -28.014860153198242
v -171.10984802246094 5.2034912109375 -28.368906021118164
v -172.20639038085938 5.203490257263184 -29.217529296875
v -171.9970245361328 5.203490257263184 -28.18840980529785
v -172.08624267578125 5.73294734954834 -28.014860153198242
v -172.35633850097656 5.73294734954834 -29.34242057800293
v -171.31922912597656 5.2034912109375 -29.39802360534668
v -171.10984802246094 5.2034912109375 -28.368906021118164
v -180.1017608642578 -2.63185715675354 -28.75287628173828
v -181.20462036132812 -2.6318583488464355 -31.05591583251953
v -179.98643493652344 -2.6318581104278564 -31.30376625061035
v -179.49266052246094 -2.631857395172119 -28.87679672241211
v -171.726318359375 5.73294734954834 -28.088088989257812
v -171.7307891845703 5.429818630218506 -28.193178176879883
v -171.63487243652344 5.429819107055664 -27.721799850463867
v -171.65110778808594 5.73294734954834 -27.718473434448242
v -171.95945739746094 5.429818630218506 -29.31716537475586
v -171.9964141845703 5.73294734954834 -29.4156494140625
v -172.06402587890625 5.73294734954834 -29.74799346923828
v -172.04779052734375 5.429816246032715 -29.75131607055664
v -171.4171905517578 5.429817199707031 -29.87961196899414
v -171.32887268066406 5.429815769195557 -29.44547462463379
v -171.00428771972656 5.429819107055664 -27.8500919342041
v -180.10174560546875 -3.9523723125457764 -28.752870559692383
v -180.2374267578125 -3.952371835708618 -26.301982879638672
v -179.0192108154297 -3.952371835708618 -26.549829483032227
v -171.10018920898438 5.429816246032715 -28.321481704711914
v -179.96607971191406 -3.9523723125457764 -31.20376205444336
v -181.1842803955078 -3.9523727893829346 -30.95591163635254
v -171.8616485595703 1.843995451927185 -27.67565155029297
v -171.6408233642578 1.8439958095550537 -26.590133666992188
v -171.825927734375 3.7884714603424072 -27.117698669433594
v -172.0110626220703 5.73294734954834 -27.6452579498291
v -171.7902069091797 5.73294734954834 -26.55974578857422
v -172.45968627929688 3.788471221923828 -30.23271369934082
v -172.49542236328125 1.8439958095550537 -30.79066276550293
v -172.27456665039062 1.843995451927185 -29.70515251159668
v -172.64480590820312 5.73294734954834 -30.76027488708496
v -172.34925842285156 3.788471221923828 -29.68995475769043
v -172.5701141357422 3.7884716987609863 -30.775468826293945
v -171.71551513671875 3.7884716987609863 -26.574939727783203
v -174.19654846191406 3.435096263885498 -33.39015197753906
v -173.39097595214844 3.616238832473755 -33.397216796875
v -173.44882202148438 4.690479278564453 -33.42989730834961
v -174.27447509765625 4.871623516082764 -33.45952224731445
v -170.9870147705078 -2.0802125930786133 -19.4298095703125
v -171.11126708984375 -2.079838991165161 -20.03858184814453
v -169.97096252441406 -2.0792648792266846 -20.27062225341797
v -172.25155639648438 -2.0804131031036377 -19.806543350219727
v -173.3646697998047 4.690479278564453 -33.01625442504883
v -173.3241729736328 3.6162407398223877 -33.06892776489258
v -174.0684814453125 3.43509578704834 -32.76067352294922
v -180.55335998535156 2.4637205600738525 -36.89501953125
v -174.1131134033203 4.871623516082764 -32.66637420654297
v -174.19654846191406 3.435096263885498 -33.39015197753906
v -174.0684814453125 3.43509578704834 -32.76067352294922
v -173.3241729736328 3.6162407398223877 -33.06892776489258
v -173.39097595214844 3.616238832473755 -33.397216796875
v -173.97042846679688 3.435096263885498 -32.27871322631836
v -173.16485595703125 3.616238832473755 -32.28578186035156
v -173.22271728515625 4.690479278564453 -32.31846237182617
v -174.04835510253906 4.871623516082764 -32.34808349609375
v -173.1385498046875 4.690479278564453 -31.90481948852539
v -173.0980682373047 3.6162407398223877 -31.95749282836914
v -173.8423614501953 3.43509578704834 -31.64923858642578
v -173.88699340820312 4.871623516082764 -31.55493927001953
v -173.97042846679688 3.435096263885498 -32.27871322631836
v -173.8423614501953 3.43509578704834 -31.64923858642578
v -173.0980682373047 3.6162407398223877 -31.95749282836914
v -173.16485595703125 3.616238832473755 -32.28578186035156
v -169.84703063964844 -3.451380729675293 -19.661331176757812
v -169.97096252441406 -2.0792648792266846 -20.27062225341797
v -169.97097778320312 -4.821602821350098 -20.269800186157227
v -169.72308349609375 -2.0811586380004883 -19.0528621673584
v -169.7230987548828 -4.8216023445129395 -19.051605224609375
v -172.12759399414062 -3.451007843017578 -19.197086334228516
v -172.252685546875 -4.8216023445129395 -19.805322647094727
v -172.00363159179688 -4.8216023445129395 -18.587627410888672
v -172.00306701660156 -2.081160068511963 -18.58899688720703
v -176.17071533203125 -3.4533190727233887 -18.374544143676758
v -176.29457092285156 -4.821602821350098 -18.98325538635254
v -176.294677734375 -2.085036039352417 -18.98404884338379
v -176.04676818847656 -4.8216023445129395 -17.765039443969727
v -176.046875 -2.085089921951294 -17.766277313232422
v -173.1385498046875 4.690479278564453 -31.90481948852539
v -173.88699340820312 4.871623516082764 -31.55493927001953
v -174.04835510253906 4.871623516082764 -32.34808349609375
v -173.22271728515625 4.690479278564453 -32.31846237182617
v -173.3646697998047 4.690479278564453 -33.01625442504883
v -174.1131134033203 4.871623516082764 -32.66637420654297
v -174.27447509765625 4.871623516082764 -33.45952224731445
v -173.44882202148438 4.690479278564453 -33.42989730834961
v -171.73248291015625 3.6370649337768555 -29.815452575683594
v -171.4171905517578 1.8443135023117065 -29.87959098815918
v -175.03042602539062 -2.084527015686035 -18.60717010498047
v -174.0139923095703 -2.0839638710021973 -19.44806480407715
v -173.76626586914062 -2.085087299346924 -18.230268478393555
v -169.72308349609375 -2.0811586380004883 -19.0528621673584
v -180.07156372070312 0.038762688636779785 -30.333145141601562
v -180.56991577148438 -1.2112396955490112 -32.78333282470703
v -180.56988525390625 -1.7667948007583618 -32.78328323364258
v -179.5732421875 1.8443200588226318 -27.883005142211914
v -179.5731658935547 1.5665291547775269 -27.882997512817383
v -179.49264526367188 -3.9523720741271973 -28.87679672241211
v -179.57411193847656 2.4637198448181152 -27.882829666137695
v -180.6522674560547 -1.1475791931152344 -33.18803787231445
v -179.90911865234375 0.6580706834793091 -30.576934814453125
v -179.16595458984375 2.4637205600738525 -27.96583366394043
v -180.24612426757812 -1.1475791931152344 -33.270668029785156
v -180.6522674560547 -0.8872572183609009 -33.18803405761719
v -179.5736846923828 2.7240421772003174 -27.882917404174805
v -179.9096221923828 0.9183920621871948 -30.576847076416016
v -180.2455596923828 -0.8872581124305725 -33.27077865600586
v -179.1671905517578 2.724043846130371 -27.9655818939209
v -179.5653076171875 1.8452602624893188 -29.92879295349121
v -179.16595458984375 2.1222856044769287 -27.965871810913086
v -180.06561279296875 2.1222853660583496 -32.38855743408203
v -180.9652557373047 2.1222851276397705 -36.81124496459961
v -180.06561279296875 2.1222853660583496 -32.38855743408203
v -179.56536865234375 0.7876207232475281 -29.9287109375
v -180.56991577148438 -1.2112396955490112 -32.78333282470703
v -180.07156372070312 0.45552265644073486 -30.333168029785156
v -179.57322692871094 2.1222848892211914 -27.883005142211914
v -179.57322692871094 2.1222848892211914 -27.883005142211914
v -180.07156372070312 0.4555225372314453 -30.333168029785156
v -176.24365234375 -4.822347164154053 -34.51057434082031
v -178.28591918945312 -3.1556825637817383 -34.095237731933594
v -176.24363708496094 -4.267541408538818 -34.51058578491211
v -180.3281707763672 -1.4890179634094238 -33.679901123046875
v -180.3281707763672 -1.766796350479126 -33.67978286743164
v -179.2490234375 1.845755696296692 -28.374231338500977
v -180.16262817382812 -1.2112377882003784 -32.86619186401367
v -178.26498413085938 -2.8782765865325928 -33.90386199951172
v -176.16043090820312 -4.267541408538818 -34.10158920288086
v -176.24363708496094 -4.267541408538818 -34.51058578491211
v -180.2863311767578 -1.4890117645263672 -33.29713821411133
v -180.3281707763672 -1.4890179634094238 -33.679901123046875
v -180.3258514404297 -2.0445759296417236 -33.68003463745117
v -175.75186157226562 -4.267542362213135 -34.18471145629883
v -175.7769775390625 -4.822347164154053 -34.30813980102539
v -175.83506774902344 -4.822347164154053 -34.59370422363281
v -180.32933044433594 -1.147581696510315 -33.67967224121094
v -176.2464599609375 -3.925360918045044 -34.51033401489258
v -178.2462921142578 -2.5364699363708496 -33.8905029296875
v -180.24612426757812 -1.1475791931152344 -33.270668029785156
v -176.16390991210938 -3.9253616333007812 -34.10120391845703
v -180.2455596923828 -0.8872581124305725 -33.27077865600586
v -176.1645050048828 -3.6650390625 -34.10405731201172
v -178.24664306640625 -2.275949001312256 -33.89196014404297
v -180.3287811279297 -0.8868590593338013 -33.679866790771484
v -176.2464599609375 -3.6650383472442627 -34.51033401489258
v -175.83506774902344 -4.267542362213135 -34.59370803833008
v -175.83506774902344 -4.267542362213135 -34.59370803833008
v -175.75186157226562 -4.267542362213135 -34.18471145629883
v -175.83506774902344 -4.822347164154053 -34.59370422363281
v -175.83506774902344 -4.267542362213135 -34.59370803833008
v -179.16595458984375 2.1222856044769287 -27.965871810913086
v -179.57322692871094 2.1222848892211914 -27.883005142211914
v -179.48960876464844 2.1222851276397705 -27.47199249267578
v -179.5732421875 1.8443200588226318 -27.883005142211914
v -179.48960876464844 1.8434507846832275 -27.47199058532715
v -179.48960876464844 2.1222851276397705 -27.47199249267578
v -179.57322692871094 2.1222848892211914 -27.883005142211914
v -180.65225219726562 -1.4890133142471313 -33.18803787231445
v -180.7354736328125 -1.7667944431304932 -33.59702682495117
v -180.7354736328125 -1.7667944431304932 -33.59702682495117
v -180.73545837402344 -1.4890196323394775 -33.59703826904297
v -180.3281707763672 -1.4890179634094238 -33.679901123046875
v -180.3281707763672 -1.766796350479126 -33.67978286743164
v -180.2863311767578 -1.4890117645263672 -33.29713821411133
v -180.3281707763672 -1.4890179634094238 -33.679901123046875
v -180.73545837402344 -1.4890196323394775 -33.59703826904297
v -180.65225219726562 -1.4890133142471313 -33.18803787231445
v -180.73545837402344 -1.4890196323394775 -33.59703826904297
v -180.2863311767578 -1.4890117645263672 -33.29713821411133
v -180.65225219726562 -1.4890133142471313 -33.18803787231445
v -179.16595458984375 2.1222856044769287 -27.965871810913086
v -180.71084594726562 -2.631857395172119 -28.628952026367188
v -180.2170867919922 -2.6318562030792236 -26.201988220214844
v -179.85487365722656 -2.631856918334961 -27.539392471313477
v -178.99888610839844 -2.631856918334961 -26.4498291015625
v -180.71084594726562 -3.9523723125457764 -28.628948211669922
v -179.2490234375 1.845755696296692 -28.374231338500977
v -179.48960876464844 2.1222851276397705 -27.47199249267578
v -179.48960876464844 1.8434507846832275 -27.47199058532715
v -178.67041015625 1.84575617313385 -27.638673782348633
v -178.67042541503906 2.122138261795044 -27.638668060302734
v -179.16595458984375 2.1222856044769287 -27.965871810913086
v -179.48960876464844 2.1222851276397705 -27.47199249267578
v -178.67042541503906 2.122138261795044 -27.638668060302734
v -180.08261108398438 1.84575617313385 -34.580955505371094
v -180.9652557373047 1.8456840515136719 -36.81123733520508
v -176.20370483398438 -4.266984462738037 -34.484371185302734
v -176.1348419189453 -4.266984939575195 -34.1458625793457
v -176.1348419189453 -3.9253604412078857 -34.1458625793457
v -176.94760131835938 -4.544569492340088 -37.970558166503906
v -177.35662841796875 -4.544569969177246 -37.88734436035156
v -176.24365234375 -4.544569969177246 -34.51057434082031
v -176.65267944335938 -4.5445709228515625 -34.4273567199707
v -177.35662841796875 -4.544569969177246 -37.88734436035156
v -177.35330200195312 -4.266793251037598 -37.871036529541016
v -176.65267944335938 -4.5445709228515625 -34.4273567199707
v -176.6526641845703 -4.266793727874756 -34.4273567199707
v -177.35330200195312 -4.266793251037598 -37.871036529541016
v -177.7623291015625 -4.266793251037598 -37.787818908691406
v -176.6526641845703 -4.266793727874756 -34.4273567199707
v -177.0609893798828 -4.266793727874756 -34.34428405761719
v -177.7623291015625 -4.266793251037598 -37.787818908691406
v -177.75901794433594 -3.9890170097351074 -37.77151107788086
v -177.0609893798828 -4.266793727874756 -34.34428405761719
v -177.0609893798828 -3.98901629447937 -34.34428405761719
v -178.16400146484375 -3.71124005317688 -37.67213439941406
v -178.5723114013672 -3.71124005317688 -37.58906555175781
v -177.4692840576172 -3.711239814758301 -34.26121520996094
v -177.87757873535156 -3.7112393379211426 -34.17814254760742
v -178.5723114013672 -3.71124005317688 -37.58906555175781
v -178.56898498535156 -3.4334633350372314 -37.57275390625
v -177.87757873535156 -3.7112393379211426 -34.17814254760742
v -177.87759399414062 -3.433462142944336 -34.17814254760742
v -178.56898498535156 -3.4334633350372314 -37.57275390625
v -178.97727966308594 -3.4334633350372314 -37.48968505859375
v -177.87759399414062 -3.433462142944336 -34.17814254760742
v -178.285888671875 -3.4334616661071777 -34.09507369995117
v -178.97727966308594 -3.4334633350372314 -37.48968505859375
v -178.97396850585938 -3.1556854248046875 -37.4733772277832
v -178.285888671875 -3.4334616661071777 -34.09507369995117
v -178.285888671875 -3.1556854248046875 -34.09507369995117
v -179.3822784423828 -3.1556854248046875 -37.39030838012695
v -178.69418334960938 -3.1556849479675293 -34.012001037597656
v -179.3822784423828 -3.1556854248046875 -37.39030838012695
v -179.3789520263672 -2.87790846824646 -37.374000549316406
v -178.69418334960938 -3.1556849479675293 -34.012001037597656
v -178.69418334960938 -2.8779077529907227 -34.012001037597656
v -179.3789520263672 -2.87790846824646 -37.374000549316406
v -179.78726196289062 -2.87790846824646 -37.290931701660156
v -178.69418334960938 -2.8779077529907227 -34.012001037597656
v -179.1024932861328 -2.8779079914093018 -33.928932189941406
v -179.78726196289062 -2.87790846824646 -37.290931701660156
v -179.783935546875 -2.6001315116882324 -37.27462387084961
v -179.1024932861328 -2.8779079914093018 -33.928932189941406
v -179.1024932861328 -2.6001298427581787 -33.928932189941406
v -180.1889190673828 -2.322354316711426 -37.17524719238281
v -180.59722900390625 -2.3223538398742676 -37.0921745300293
v -179.51080322265625 -2.3223531246185303 -33.84585952758789
v -179.91909790039062 -2.3223533630371094 -33.76279067993164
v -180.59722900390625 -2.3223538398742676 -37.0921745300293
v -180.59390258789062 -2.04457688331604 -37.07586669921875
v -179.91909790039062 -2.3223533630371094 -33.76279067993164
v -179.91909790039062 -2.0445761680603027 -33.76279067993164
v -180.59390258789062 -2.04457688331604 -37.07586669921875
v -181.002197265625 -2.044574737548828 -36.992794036865234
v -179.91909790039062 -2.0445761680603027 -33.76279067993164
v -180.3258514404297 -2.0445759296417236 -33.68003463745117
v -180.19223022460938 -2.6001315116882324 -37.191551208496094
v -179.51080322265625 -2.600130558013916 -33.84585952758789
v -180.19223022460938 -2.6001315116882324 -37.191551208496094
v -179.51080322265625 -2.600130558013916 -33.84585952758789
v -178.1673126220703 -3.9890170097351074 -37.688438415527344
v -177.4692840576172 -3.98901629447937 -34.26121520996094
v -178.1673126220703 -3.9890170097351074 -37.688438415527344
v -177.4692840576172 -3.98901629447937 -34.26121520996094
v -176.950927734375 -4.822346210479736 -37.98686599731445
v -176.24365234375 -4.822347164154053 -34.51057434082031
v -183.69728088378906 -1.4898536205291748 -32.146644592285156
v -183.61874389648438 -1.4890333414077759 -31.73773193359375
v -180.5702362060547 -1.4890327453613281 -32.78315734863281
v -180.4869842529297 -1.4890304803848267 -32.37493896484375
v -183.61874389648438 -1.4890333414077759 -31.73773193359375
v -183.61874389648438 -1.2112562656402588 -31.73773193359375
v -180.4869842529297 -1.4890304803848267 -32.37493896484375
v -180.4869842529297 -1.2112528085708618 -32.374942779541016
v -183.61874389648438 -1.2112562656402588 -31.73773193359375
v -183.53567504882812 -1.2112562656402588 -31.329431533813477
v -180.4869842529297 -1.2112528085708618 -32.374942779541016
v -180.40391540527344 -1.2112528085708618 -31.966638565063477
v -183.53567504882812 -1.2112562656402588 -31.329431533813477
v -183.53567504882812 -0.9334795475006104 -31.329431533813477
v -180.40391540527344 -1.2112528085708618 -31.966638565063477
v -180.40391540527344 -0.933475911617279 -31.966638565063477
v -183.45260620117188 -0.6557032465934753 -30.921125411987305
v -183.36953735351562 -0.6557034254074097 -30.51282501220703
v -180.3208465576172 -0.6556990146636963 -31.55833625793457
v -180.23777770996094 -0.6556981205940247 -31.15003204345703
v -183.36953735351562 -0.6557034254074097 -30.51282501220703
v -183.36953735351562 -0.3779248297214508 -30.51282501220703
v -180.23777770996094 -0.6556981205940247 -31.15003204345703
v -180.23777770996094 -0.37792184948921204 -31.15003204345703
v -183.36953735351562 -0.3779248297214508 -30.51282501220703
v -183.28646850585938 -0.37792545557022095 -30.104522705078125
v -180.23777770996094 -0.37792184948921204 -31.15003204345703
v -180.1547088623047 -0.3779210150241852 -30.741729736328125
v -183.28646850585938 -0.37792545557022095 -30.104522705078125
v -183.28646850585938 -0.10014788061380386 -30.104522705078125
v -180.1547088623047 -0.3779210150241852 -30.741729736328125
v -180.1547088623047 -0.10014470666646957 -30.741729736328125
v -183.28646850585938 -0.10014788061380386 -30.104522705078125
v -183.20339965820312 -0.10014809668064117 -29.69622230529785
v -180.1547088623047 -0.10014470666646957 -30.741729736328125
v -180.07164001464844 -0.10014406591653824 -30.333431243896484
v -183.20339965820312 -0.10014809668064117 -29.69622230529785
v -183.20339965820312 0.1776292622089386 -29.69622230529785
v -180.07164001464844 -0.10014406591653824 -30.333431243896484
v -180.07164001464844 0.17763307690620422 -30.333431243896484
v -183.20339965820312 0.1776292622089386 -29.69622230529785
v -183.1203155517578 0.1776292622089386 -29.28792381286621
v -180.07164001464844 0.17763307690620422 -30.333431243896484
v -179.9885711669922 0.1776328682899475 -29.92513084411621
v -183.1203155517578 0.1776292622089386 -29.28792381286621
v -183.1203155517578 0.45540618896484375 -29.28792381286621
v -179.9885711669922 0.1776328682899475 -29.92513084411621
v -179.9885711669922 0.4554104208946228 -29.92513084411621
v -183.03726196289062 0.7331835627555847 -28.87961769104004
v -182.9541778564453 0.7331831455230713 -28.471317291259766
v -179.90548706054688 0.7331877946853638 -29.51682472229004
v -179.8224334716797 0.7331873774528503 -29.10852813720703
v -182.9541778564453 0.7331831455230713 -28.471317291259766
v -182.9541778564453 1.0109604597091675 -28.471317291259766
v -179.8224334716797 0.7331873774528503 -29.10852813720703
v -179.8224334716797 1.0109647512435913 -29.10852813720703
v -182.9541778564453 1.0109604597091675 -28.471317291259766
v -182.87112426757812 1.0109604597091675 -28.06301498413086
v -179.8224334716797 1.0109647512435913 -29.10852813720703
v -179.73934936523438 1.0109647512435913 -28.700220108032227
v -182.87112426757812 1.0109604597091675 -28.06301498413086
v -182.87112426757812 1.2887378931045532 -28.063013076782227
v -179.73934936523438 1.0109647512435913 -28.700220108032227
v -179.73934936523438 1.2887420654296875 -28.70022201538086
v -183.1203155517578 0.45540618896484375 -29.28792381286621
v -183.03726196289062 0.45540618896484375 -28.879615783691406
v -179.9885711669922 0.4554104208946228 -29.92513084411621
v -179.90548706054688 0.4554104208946228 -29.51682472229004
v -183.03726196289062 0.45540618896484375 -28.879615783691406
v -183.03726196289062 0.7331835627555847 -28.87961769104004
v -179.90548706054688 0.4554104208946228 -29.51682472229004
v -179.90548706054688 0.7331877946853638 -29.51682472229004
v -183.53567504882812 -0.9334795475006104 -31.329431533813477
v -183.45260620117188 -0.9334795475006104 -30.921125411987305
v -180.40391540527344 -0.933475911617279 -31.966638565063477
v -180.3208465576172 -0.933475911617279 -31.55833625793457
v -183.45260620117188 -0.9334795475006104 -30.921125411987305
v -183.45260620117188 -0.6557032465934753 -30.921125411987305
v -180.3208465576172 -0.933475911617279 -31.55833625793457
v -180.3208465576172 -0.6556990146636963 -31.55833625793457
v -183.70191955566406 -1.7663260698318481 -32.14600372314453
v -183.69728088378906 -1.4898536205291748 -32.146644592285156
v -180.56988525390625 -1.7667948007583618 -32.78328323364258
v -180.5702362060547 -1.4890327453613281 -32.78315734863281
v -182.87112426757812 1.2887378931045532 -28.063013076782227
v -182.7880401611328 1.2887378931045532 -27.654714584350586
v -179.73934936523438 1.2887420654296875 -28.70022201538086
v -179.6562957763672 1.2887420654296875 -28.29192352294922
v -182.7880401611328 1.2887378931045532 -27.654714584350586
v -182.7880401611328 1.5665143728256226 -27.654714584350586
v -179.6562957763672 1.2887420654296875 -28.29192352294922
v -179.6562957763672 1.5665185451507568 -28.29192352294922
v -182.7880401611328 1.5665143728256226 -27.654714584350586
v -182.704833984375 1.5665143728256226 -27.24578094482422
v -179.6562957763672 1.5665185451507568 -28.29192352294922
v -179.5731658935547 1.5665291547775269 -27.882997512817383
v -180.6522674560547 -0.8872572183609009 -33.18803405761719
v -180.2455596923828 -0.8872581124305725 -33.27077865600586
v -180.7354736328125 -0.8872600793838501 -33.59703826904297
v -180.3287811279297 -0.8868590593338013 -33.679866790771484
v -180.6522674560547 -1.1475791931152344 -33.18803787231445
v -180.7354736328125 -1.147581696510315 -33.59703826904297
v -180.6522674560547 -1.1475791931152344 -33.18803787231445
v -180.7354736328125 -1.147581696510315 -33.59703826904297
v -180.24612426757812 -1.1475791931152344 -33.270668029785156
v -180.32933044433594 -1.147581696510315 -33.67967224121094
v -180.32933044433594 -1.147581696510315 -33.67967224121094
v -180.32933044433594 -1.147581696510315 -33.67967224121094
v -176.2464599609375 -3.925360918045044 -34.51033401489258
v -180.24612426757812 -1.1475791931152344 -33.270668029785156
v -176.1645050048828 -3.6650390625 -34.10405731201172
v -176.1645050048828 -3.6650390625 -34.10405731201172
v -175.75534057617188 -3.6650373935699463 -34.1843147277832
v -176.2464599609375 -3.6650383472442627 -34.51033401489258
v -175.83856201171875 -3.6650400161743164 -34.593318939208984
v -175.75534057617188 -3.6650373935699463 -34.1843147277832
v -175.75534057617188 -3.9253594875335693 -34.1843147277832
v -175.83856201171875 -3.6650400161743164 -34.593318939208984
v -175.83856201171875 -3.9253621101379395 -34.593318939208984
v -175.75534057617188 -3.9253594875335693 -34.1843147277832
v -176.16390991210938 -3.9253616333007812 -34.10120391845703
v -175.83856201171875 -3.9253621101379395 -34.593318939208984
v -176.2464599609375 -3.925360918045044 -34.51033401489258
v -176.2464599609375 -3.925360918045044 -34.51033401489258
v -175.83856201171875 -3.9253621101379395 -34.593318939208984
v -176.16390991210938 -3.9253616333007812 -34.10120391845703
v -175.75534057617188 -3.9253594875335693 -34.1843147277832
v -180.6522674560547 -0.8872572183609009 -33.18803405761719
v -179.57411193847656 2.4637198448181152 -27.882829666137695
v -180.6522674560547 -1.1475791931152344 -33.18803787231445
v -179.1671905517578 2.724043846130371 -27.9655818939209
v -180.2455596923828 -0.8872581124305725 -33.27077865600586
v -179.5736846923828 2.7240421772003174 -27.882917404174805
v -179.49053955078125 2.724043130874634 -27.471778869628906
v -180.55335998535156 2.7240426540374756 -36.89502716064453
v -180.55335998535156 2.4637205600738525 -36.89501953125
v -180.9644317626953 2.7240443229675293 -36.810787200927734
v -180.96527099609375 2.4637207984924316 -36.811214447021484
v -179.16595458984375 2.4637205600738525 -27.96583366394043
v -179.49147033691406 2.463721752166748 -27.471572875976562
v -179.57411193847656 2.4637198448181152 -27.882829666137695
v -179.49147033691406 2.463721752166748 -27.471572875976562
v -179.57411193847656 2.4637198448181152 -27.882829666137695
v -178.67041015625 2.7240426540374756 -27.63860511779785
v -179.1671905517578 2.724043846130371 -27.9655818939209
v -179.49053955078125 2.724043130874634 -27.471778869628906
v -179.49147033691406 2.463721752166748 -27.471572875976562
v -179.16595458984375 2.4637205600738525 -27.96583366394043
v -178.67039489746094 2.4637205600738525 -27.638591766357422
v -178.67039489746094 2.4637205600738525 -27.638591766357422
v -178.67041015625 2.7240426540374756 -27.63860511779785
v -179.49147033691406 2.463721752166748 -27.471572875976562
v -179.49053955078125 2.724043130874634 -27.471778869628906
v -178.67041015625 2.7240426540374756 -27.63860511779785
v -175.86505126953125 -4.266890525817871 -34.55122375488281
v -176.20370483398438 -4.266984462738037 -34.484371185302734
v -176.20370483398438 -3.9253604412078857 -34.484371185302734
v -175.86520385742188 -3.9253604412078857 -34.55324172973633
v -175.7963409423828 -4.266984939575195 -34.21472930908203
v -175.7963409423828 -3.9253604412078857 -34.21472930908203
v -176.1348419189453 -3.9253604412078857 -34.1458625793457
v -176.1348419189453 -4.266984939575195 -34.1458625793457
v -176.20370483398438 -3.9253604412078857 -34.484371185302734
v -175.86520385742188 -3.9253604412078857 -34.55324172973633
v -175.7963409423828 -3.9253604412078857 -34.21472930908203
v -175.7963409423828 -4.266984939575195 -34.21472930908203
v -175.86505126953125 -4.266890525817871 -34.55122375488281
v -178.9859619140625 2.1222851276397705 -27.964731216430664
v -179.32447814941406 2.1222851276397705 -27.89586067199707
v -179.32447814941406 2.463719367980957 -27.89586067199707
v -178.9859619140625 2.463719367980957 -27.964731216430664
v -178.91708374023438 2.1222851276397705 -27.626218795776367
v -178.91708374023438 2.463719367980957 -27.626218795776367
v -179.25559997558594 2.463719367980957 -27.557348251342773
v -179.25559997558594 2.1222851276397705 -27.557348251342773
v -179.32447814941406 2.1222851276397705 -27.89586067199707
v -179.25559997558594 2.1222851276397705 -27.557348251342773
v -179.25559997558594 2.463719367980957 -27.557348251342773
v -179.32447814941406 2.463719367980957 -27.89586067199707
v -178.9859619140625 2.463719367980957 -27.964731216430664
v -178.91708374023438 2.463719367980957 -27.626218795776367
v -178.91708374023438 2.1222851276397705 -27.626218795776367
v -178.9859619140625 2.1222851276397705 -27.964731216430664
v -180.7166290283203 2.1222124099731445 -35.7772102355957
v -180.64776611328125 2.1222124099731445 -35.43870162963867
v -180.64776611328125 2.463646411895752 -35.43870162963867
v -180.7166290283203 2.463646411895752 -35.7772102355957
v -180.3781280517578 2.1222124099731445 -35.84608459472656
v -180.3781280517578 2.463646411895752 -35.84608459472656
v -180.3092498779297 2.463646411895752 -35.507572174072266
v -180.3092498779297 2.1222124099731445 -35.507572174072266
v -180.64776611328125 2.1222124099731445 -35.43870162963867
v -180.3092498779297 2.1222124099731445 -35.507572174072266
v -180.3092498779297 2.463646411895752 -35.507572174072266
v -180.64776611328125 2.463646411895752 -35.43870162963867
v -180.7166290283203 2.463646411895752 -35.7772102355957
v -180.3781280517578 2.463646411895752 -35.84608459472656
v -180.3781280517578 2.1222124099731445 -35.84608459472656
v -180.7166290283203 2.1222124099731445 -35.7772102355957
v -180.2716064453125 2.1222124099731445 -33.58981704711914
v -180.20272827148438 2.1222124099731445 -33.251304626464844
v -180.20272827148438 2.463646411895752 -33.251304626464844
v -180.2716064453125 2.463646411895752 -33.58981704711914
v -179.93309020996094 2.1222124099731445 -33.65868377685547
v -179.93309020996094 2.463646411895752 -33.65868377685547
v -179.8642120361328 2.463646411895752 -33.3201789855957
v -179.8642120361328 2.1222124099731445 -33.3201789855957
v -180.20272827148438 2.1222124099731445 -33.251304626464844
v -179.8642120361328 2.1222124099731445 -33.3201789855957
v -179.8642120361328 2.463646411895752 -33.3201789855957
v -180.20272827148438 2.463646411895752 -33.251304626464844
v -180.2716064453125 2.463646411895752 -33.58981704711914
v -179.93309020996094 2.463646411895752 -33.65868377685547
v -179.93309020996094 2.1222124099731445 -33.65868377685547
v -180.2716064453125 2.1222124099731445 -33.58981704711914
v -179.82656860351562 2.1222124099731445 -31.402408599853516
v -179.75770568847656 2.1222124099731445 -31.06389808654785
v -179.75770568847656 2.463646411895752 -31.06389808654785
v -179.82656860351562 2.463646411895752 -31.402408599853516
v -179.48805236816406 2.1222124099731445 -31.47127914428711
v -179.48805236816406 2.463646411895752 -31.47127914428711
v -179.419189453125 2.463646411895752 -31.132768630981445
v -179.419189453125 2.1222124099731445 -31.132768630981445
v -179.75770568847656 2.1222124099731445 -31.06389808654785
v -179.419189453125 2.1222124099731445 -31.132768630981445
v -179.419189453125 2.463646411895752 -31.132768630981445
v -179.75770568847656 2.463646411895752 -31.06389808654785
v -179.82656860351562 2.463646411895752 -31.402408599853516
v -179.48805236816406 2.463646411895752 -31.47127914428711
v -179.48805236816406 2.1222124099731445 -31.47127914428711
v -179.82656860351562 2.1222124099731445 -31.402408599853516
v -179.3815460205078 2.1222124099731445 -29.214996337890625
v -179.3126678466797 2.1222124099731445 -28.87648582458496
v -179.3126678466797 2.463646411895752 -28.87648582458496
v -179.3815460205078 2.463646411895752 -29.214996337890625
v -179.04302978515625 2.1222124099731445 -29.28386878967285
v -179.04302978515625 2.463646411895752 -29.28386878967285
v -178.97415161132812 2.463646411895752 -28.945356369018555
v -178.97415161132812 2.1222124099731445 -28.945356369018555
v -179.3126678466797 2.1222124099731445 -28.87648582458496
v -178.97415161132812 2.1222124099731445 -28.945356369018555
v -178.97415161132812 2.463646411895752 -28.945356369018555
v -179.3126678466797 2.463646411895752 -28.87648582458496
v -179.3815460205078 2.463646411895752 -29.214996337890625
v -179.04302978515625 2.463646411895752 -29.28386878967285
v -179.04302978515625 2.1222124099731445 -29.28386878967285
v -179.3815460205078 2.1222124099731445 -29.214996337890625
v -180.3551788330078 -1.4890114068984985 -33.63564682006836
v -180.69369506835938 -1.4890114068984985 -33.566776275634766
v -180.69369506835938 -1.1475807428359985 -33.566776275634766
v -180.3551788330078 -1.1475807428359985 -33.63564682006836
v -180.2863311767578 -1.4890117645263672 -33.29713821411133
v -180.2863311767578 -1.1475807428359985 -33.29713439941406
v -180.6248321533203 -1.1475807428359985 -33.22826385498047
v -180.6248321533203 -1.4890114068984985 -33.22826385498047
v -180.69369506835938 -1.4890114068984985 -33.566776275634766
v -180.6248321533203 -1.4890114068984985 -33.22826385498047
v -180.6248321533203 -1.1475807428359985 -33.22826385498047
v -180.69369506835938 -1.1475807428359985 -33.566776275634766
v -180.3551788330078 -1.1475807428359985 -33.63564682006836
v -180.2863311767578 -1.1475807428359985 -33.29713439941406
v -180.2863311767578 -1.4890117645263672 -33.29713821411133
v -180.3551788330078 -1.4890114068984985 -33.63564682006836
v -180.4337921142578 -0.5544317364692688 -32.324825286865234
v -180.0952911376953 -0.5544310808181763 -32.39369583129883
v -180.0952911376953 -0.8938440680503845 -32.39369583129883
v -180.4337921142578 -0.8938451409339905 -32.324825286865234
v -180.36492919921875 -0.323993057012558 -31.98631477355957
v -180.36492919921875 -0.6635640263557434 -31.98631477355957
v -180.0264129638672 -0.6635630130767822 -32.0551872253418
v -180.0264129638672 -0.32399263978004456 -32.0551872253418
v -180.1199951171875 0.49553170800209045 -30.78243637084961
v -179.78147888183594 0.4955325722694397 -30.851308822631836
v -179.78147888183594 0.15540292859077454 -30.851308822631836
v -180.1199951171875 0.15540143847465515 -30.78243637084961
v -180.05111694335938 0.7259703874588013 -30.443925857543945
v -180.05111694335938 0.3856832683086395 -30.443925857543945
v -179.7126007080078 0.3856845498085022 -30.51279640197754
v -179.7126007080078 0.7259708046913147 -30.51279640197754
v -179.81544494628906 1.5145246982574463 -29.285547256469727
v -179.47694396972656 1.514525055885315 -29.35441780090332
v -179.47694396972656 1.1737000942230225 -29.35441780090332
v -179.81544494628906 1.173698902130127 -29.285547256469727
v -179.74658203125 1.74496328830719 -28.947031021118164
v -179.74658203125 1.4039802551269531 -28.947031021118164
v -179.40806579589844 1.40398108959198 -29.01590347290039
v -179.40806579589844 1.7449637651443481 -29.01590347290039
v -180.4337921142578 -0.5544317364692688 -32.324825286865234
v -180.4337921142578 -0.8938451409339905 -32.324825286865234
v -180.36492919921875 -0.6635640263557434 -31.98631477355957
v -180.36492919921875 -0.323993057012558 -31.98631477355957
v -180.0264129638672 -0.6635630130767822 -32.0551872253418
v -180.0952911376953 -0.8938440680503845 -32.39369583129883
v -180.0952911376953 -0.5544310808181763 -32.39369583129883
v -180.0264129638672 -0.32399263978004456 -32.0551872253418
v -180.1199951171875 0.49553170800209045 -30.78243637084961
v -180.1199951171875 0.15540143847465515 -30.78243637084961
v -180.05111694335938 0.3856832683086395 -30.443925857543945
v -180.05111694335938 0.7259703874588013 -30.443925857543945
v -179.7126007080078 0.3856845498085022 -30.51279640197754
v -179.78147888183594 0.15540292859077454 -30.851308822631836
v -179.78147888183594 0.4955325722694397 -30.851308822631836
v -179.7126007080078 0.7259708046913147 -30.51279640197754
v -179.81544494628906 1.5145246982574463 -29.285547256469727
v -179.81544494628906 1.173698902130127 -29.285547256469727
v -179.74658203125 1.4039802551269531 -28.947031021118164
v -179.74658203125 1.74496328830719 -28.947031021118164
v -179.40806579589844 1.40398108959198 -29.01590347290039
v -179.47694396972656 1.1737000942230225 -29.35441780090332
v -179.47694396972656 1.514525055885315 -29.35441780090332
v -179.40806579589844 1.7449637651443481 -29.01590347290039
v -180.0072784423828 -1.360533356666565 -33.71052169799805
v -180.0072784423828 -1.702277660369873 -33.71052169799805
v -179.9384307861328 -1.7026166915893555 -33.37200927734375
v -179.9384307861328 -1.3605315685272217 -33.37200927734375
v -178.51039123535156 -2.3790054321289062 -34.01506805419922
v -178.51039123535156 -2.7208549976348877 -34.01506805419922
v -178.4415283203125 -2.721193552017212 -33.67655563354492
v -178.4415283203125 -2.3790037631988525 -33.67655563354492
v -176.96800231933594 -3.428433656692505 -34.32887649536133
v -176.96800231933594 -3.77038836479187 -34.32887649536133
v -176.8991241455078 -3.7707273960113525 -33.99036407470703
v -176.8991241455078 -3.4284324645996094 -33.99036407470703
v -179.6687774658203 -1.9326223134994507 -33.779396057128906
v -179.6687774658203 -1.5908384323120117 -33.779396057128906
v -179.59991455078125 -1.5908371210098267 -33.440879821777344
v -179.59991455078125 -1.9329609870910645 -33.440879821777344
v -178.171875 -2.9511990547180176 -34.08394241333008
v -178.171875 -2.6093106269836426 -34.08394241333008
v -178.10301208496094 -2.609309434890747 -33.74542999267578
v -178.10301208496094 -2.9515380859375 -33.74542999267578
v -176.62948608398438 -4.000732898712158 -34.39775085449219
v -176.62948608398438 -3.6587393283843994 -34.39775466918945
v -176.5606231689453 -3.658738136291504 -34.05923843383789
v -176.5606231689453 -4.001071453094482 -34.05923843383789
v -180.0072784423828 -1.702277660369873 -33.71052169799805
v -180.0072784423828 -1.360533356666565 -33.71052169799805
v -179.6687774658203 -1.5908384323120117 -33.779396057128906
v -179.6687774658203 -1.9326223134994507 -33.779396057128906
v -176.96800231933594 -3.77038836479187 -34.32887649536133
v -176.96800231933594 -3.428433656692505 -34.32887649536133
v -176.62948608398438 -3.6587393283843994 -34.39775466918945
v -176.62948608398438 -4.000732898712158 -34.39775085449219
v -179.9384307861328 -1.7026166915893555 -33.37200927734375
v -179.59991455078125 -1.9329609870910645 -33.440879821777344
v -179.59991455078125 -1.5908371210098267 -33.440879821777344
v -179.9384307861328 -1.3605315685272217 -33.37200927734375
v -176.8991241455078 -3.7707273960113525 -33.99036407470703
v -176.5606231689453 -4.001071453094482 -34.05923843383789
v -176.5606231689453 -3.658738136291504 -34.05923843383789
v -176.8991241455078 -3.4284324645996094 -33.99036407470703
v -178.4415283203125 -2.721193552017212 -33.67655563354492
v -178.10301208496094 -2.9515380859375 -33.74542999267578
v -178.10301208496094 -2.609309434890747 -33.74542999267578
v -178.4415283203125 -2.3790037631988525 -33.67655563354492
v -178.51039123535156 -2.7208549976348877 -34.01506805419922
v -178.51039123535156 -2.3790054321289062 -34.01506805419922
v -178.171875 -2.6093106269836426 -34.08394241333008
v -178.171875 -2.9511990547180176 -34.08394241333008
v -176.71688842773438 -4.414981842041016 -23.72114372253418
v -176.66030883789062 -4.66028356552124 -23.683691024780273
v -176.69570922851562 -4.66028356552124 -23.501611709594727
v -176.76219177246094 -4.414981842041016 -23.488082885742188
v -176.5200653076172 -4.414981842041016 -23.85390853881836
v -176.5065460205078 -4.66028356552124 -23.787412643432617
v -176.28700256347656 -4.414981842041016 -23.808605194091797
v -176.324462890625 -4.66028356552124 -23.75202178955078
v -176.1542510986328 -4.414981842041016 -23.611774444580078
v -176.22073364257812 -4.66028356552124 -23.59824562072754
v -176.6774444580078 -4.176027774810791 -23.695026397705078
v -176.71583557128906 -4.176027774810791 -23.497516632080078
v -176.51063537597656 -4.176027774810791 -23.807538986206055
v -176.31312561035156 -4.176027774810791 -23.769145965576172
v -176.2006072998047 -4.176027774810791 -23.602338790893555
v -174.84788513183594 -4.415208339691162 -24.101398468017578
v -174.7913055419922 -4.660284042358398 -24.06394386291504
v -174.8267059326172 -4.660284042358398 -23.881864547729492
v -174.8931884765625 -4.415208339691162 -23.868337631225586
v -174.65106201171875 -4.415208339691162 -24.234163284301758
v -174.6375274658203 -4.660284042358398 -24.167667388916016
v -174.41799926757812 -4.415208339691162 -24.188859939575195
v -174.4554443359375 -4.660284042358398 -24.132272720336914
v -174.2852325439453 -4.415208339691162 -23.992029190063477
v -174.3517303466797 -4.660284042358398 -23.978498458862305
v -174.8084259033203 -4.176027774810791 -24.075281143188477
v -174.84681701660156 -4.176027774810791 -23.877771377563477
v -174.64163208007812 -4.176027774810791 -24.18779182434082
v -174.44412231445312 -4.176027774810791 -24.14940071105957
v -174.33160400390625 -4.176027774810791 -23.982593536376953
v -172.97886657714844 -4.41543436050415 -24.481653213500977
v -172.9222869873047 -4.660284042358398 -24.44420051574707
v -172.9576873779297 -4.660284042358398 -24.262121200561523
v -173.024169921875 -4.41543436050415 -24.248592376708984
v -172.78204345703125 -4.41543436050415 -24.61441993713379
v -172.7685089111328 -4.660284042358398 -24.547922134399414
v -172.54898071289062 -4.41543436050415 -24.569116592407227
v -172.58642578125 -4.660284042358398 -24.512529373168945
v -172.4162139892578 -4.41543436050415 -24.372283935546875
v -172.4827117919922 -4.660284042358398 -24.358755111694336
v -172.9394073486328 -4.176027774810791 -24.455535888671875
v -172.97781372070312 -4.176027774810791 -24.258026123046875
v -172.77261352539062 -4.176027774810791 -24.56804847717285
v -172.57510375976562 -4.176027774810791 -24.5296573638916
v -172.46258544921875 -4.176027774810791 -24.36284828186035
v -171.10984802246094 -4.415660381317139 -24.861909866333008
v -171.0532684326172 -4.660284042358398 -24.8244571685791
v -171.0886688232422 -4.660284042358398 -24.642375946044922
v -171.1551513671875 -4.415660381317139 -24.628849029541016
v -170.91302490234375 -4.415660381317139 -24.994674682617188
v -170.8994903564453 -4.660284042358398 -24.928178787231445
v -170.67996215820312 -4.415660381317139 -24.949371337890625
v -170.7174072265625 -4.660284042358398 -24.892786026000977
v -170.5471954345703 -4.415660381317139 -24.752540588378906
v -170.6136932373047 -4.660284042358398 -24.739009857177734
v -171.0703887939453 -4.176027774810791 -24.835792541503906
v -171.10879516601562 -4.176027774810791 -24.638282775878906
v -170.90359497070312 -4.176027774810791 -24.94830322265625
v -170.70608520507812 -4.176027774810791 -24.909912109375
v -170.59356689453125 -4.176027774810791 -24.743104934692383
v -169.7388916015625 -4.414688587188721 -25.14083480834961
v -169.6909942626953 -4.660505294799805 -25.10161590576172
v -169.7322540283203 -4.660505294799805 -24.91834259033203
v -169.79136657714844 -4.414688587188721 -24.906314849853516
v -169.52476501464844 -4.414688587188721 -25.277118682861328
v -169.5230712890625 -4.660505294799805 -25.208215713500977
v -169.6846466064453 -4.176249027252197 -25.117725372314453
v -169.7288360595703 -4.176249027252197 -24.919034957885742
v -169.5038604736328 -4.176249027252197 -25.233081817626953
v -177.78317260742188 -4.414762020111084 -23.50420570373535
v -177.8206329345703 -4.660062789916992 -23.447620391845703
v -178.00277709960938 -4.660062789916992 -23.48299789428711
v -178.0163116455078 -4.414762020111084 -23.54949378967285
v -177.65042114257812 -4.414762020111084 -23.307373046875
v -177.71690368652344 -4.660062789916992 -23.29384422302246
v -177.80929565429688 -4.175806522369385 -23.464746475219727
v -178.0068817138672 -4.175806522369385 -23.503124237060547
v -177.69677734375 -4.175806522369385 -23.29793930053711
v -172.50035095214844 3.4350955486297607 -25.053159713745117
v -171.6947784423828 3.6162381172180176 -25.060230255126953
v -171.7526397705078 4.690478324890137 -25.092906951904297
v -172.5782928466797 4.871622562408447 -25.122529983520508
v -171.66847229003906 4.690478324890137 -24.679269790649414
v -171.6280059814453 3.6162397861480713 -24.731943130493164
v -172.37228393554688 3.4350948333740234 -24.42368507385254
v -172.4169158935547 4.871622562408447 -24.32938575744629
v -172.50035095214844 3.4350955486297607 -25.053159713745117
v -172.37228393554688 3.4350948333740234 -24.42368507385254
v -171.6280059814453 3.6162397861480713 -24.731943130493164
v -171.6947784423828 3.6162381172180176 -25.060230255126953
v -172.2742462158203 3.4350955486297607 -23.941722869873047
v -171.46865844726562 3.6162381172180176 -23.948793411254883
v -171.52651977539062 4.690478324890137 -23.981468200683594
v -172.35215759277344 4.871622562408447 -24.011093139648438
v -173.76626586914062 -2.085087299346924 -18.230268478393555
v -174.0139923095703 -2.0839638710021973 -19.44806480407715
v -174.01361083984375 -4.821602821350098 -19.44732666015625
v -173.7660369873047 -4.8216023445129395 -18.229063034057617
v -176.55404663085938 -3.3885350227355957 -23.701250076293945
v -177.72679138183594 -3.3885350227355957 -23.4626522064209
v -176.6880645751953 -3.2404980659484863 -23.500411987304688
v -171.14169311523438 -0.32079070806503296 -23.07205581665039
v -170.6901092529297 0.19466818869113922 -20.1234073638916
v -171.28790283203125 0.19560745358467102 -23.042312622070312
v -170.0192413330078 0.1946682184934616 -23.3004207611084
v -169.79367065429688 -0.06394615769386292 -21.8260498046875
v -170.16580200195312 -0.321621298789978 -23.27060317993164
v -171.3737335205078 -3.23948335647583 -24.5816593170166
v -170.5363311767578 -3.238757610321045 -24.75200080871582
v -171.57534790039062 -3.3882458209991455 -24.714202880859375
v -169.4215545654297 0.1937289834022522 -20.38149642944336
v -171.3367462158203 -3.3882458209991455 -23.541454315185547
v -171.42161560058594 -3.959768056869507 -23.412099838256836
v -169.2926025390625 -3.3882458209991455 -23.957338333129883
v -169.27102661132812 -3.9715373516082764 -23.851242065429688
v -171.57534790039062 -3.3882458209991455 -24.714202880859375
v -171.3367462158203 -3.3882458209991455 -23.541454315185547
v -171.3737335205078 -3.23948335647583 -24.5816593170166
v -169.7146759033203 -0.8388500213623047 -20.321863174438477
v -171.2027130126953 -3.240208864212036 -23.742292404174805
v -177.28558349609375 -0.32108259201049805 -21.821998596191406
v -177.7052459716797 -0.8384197950363159 -24.61349868774414
v -176.91360473632812 -0.579751193523407 -20.377418518066406
v -170.26461791992188 -3.2398462295532227 -23.933143615722656
v -171.2027130126953 -3.240208864212036 -23.742292404174805
v -176.54161071777344 -0.8384197950363159 -18.932836532592773
v -176.83399963378906 0.19437626004219055 -18.873348236083984
v -169.32650756835938 -3.23948335647583 -24.12399673461914
v -170.402587890625 -3.3882458209991455 -24.952810287475586
v -170.3197479248047 -3.9715373516082764 -25.08016014099121
v -177.43179321289062 0.19531548023223877 -21.792253494262695
v -178.02957153320312 0.1962546855211258 -24.711158752441406
v -171.43771362304688 -4.386161804199219 -23.30914306640625
v -171.41798400878906 -3.9509530067443848 -23.319297790527344
v -173.64013671875 -3.95072078704834 -22.86412811279297
v -176.1631317138672 0.19437623023986816 -22.05036163330078
v -175.93756103515625 -0.06423810124397278 -20.575992584228516
v -176.3096923828125 -0.3219132423400879 -22.020545959472656
v -170.87806701660156 -0.8388538360595703 -26.00257110595703
v -170.61692810058594 0.19560745358467102 -26.219345092773438
v -174.76107788085938 -4.168209075927734 -22.631465911865234
v -173.65988159179688 -4.385929584503174 -22.853973388671875
v -171.88568115234375 0.19654671847820282 -25.961217880249023
v -171.5613555908203 -0.8381282091140747 -25.863557815551758
v -178.08444213867188 -3.95025634765625 -21.95379066467285
v -175.86228942871094 -3.950488567352295 -22.408958435058594
v -171.70138549804688 -3.9715378284454346 -24.799083709716797
v -169.2353057861328 -4.821602821350098 -23.7541561126709
v -169.19583129882812 -3.951185464859009 -23.77446746826172
v -170.3167724609375 -4.168673515319824 -23.541805267333984
v -178.16358947753906 -3.3885350227355957 -22.152484893798828
v -178.1420135498047 -3.9718263149261475 -22.0463809967041
v -176.31544494628906 -3.3885350227355957 -22.528501510620117
v -176.1857147216797 -3.9605586528778076 -22.44480323791504
v -170.87806701660156 -0.8388538360595703 -26.00257110595703
v -171.5613555908203 -0.8381282091140747 -25.863557815551758
v -171.88568115234375 0.19654671847820282 -25.961217880249023
v -170.29637145996094 -0.8388519287109375 -23.162216186523438
v -177.35728454589844 -3.2394094467163086 -22.490116119384766
v -178.197509765625 -3.239046812057495 -22.319185256958008
v -177.85276794433594 -3.9718263149261475 -23.547510147094727
v -176.4715576171875 -3.9718267917633057 -23.8284854888916
v -176.51705932617188 -3.239772319793701 -22.661046981811523
v -176.4402618408203 -0.8391437530517578 -21.912158966064453
v -177.02195739746094 -0.8391454815864563 -24.752511978149414
v -177.5252227783203 -3.239772319793701 -23.330106735229492
v -170.76971435546875 -0.5794594287872314 -21.62747573852539
v -176.4715576171875 -3.9718267917633057 -23.8284854888916
v -176.55404663085938 -3.3885350227355957 -23.701250076293945
v -176.1857147216797 -3.9605586528778076 -22.44480323791504
v -170.39772033691406 -0.8381282091140747 -20.18289566040039
v -173.3890838623047 6.0074944496154785 -30.60885238647461
v -172.94239807128906 5.73294734954834 -28.512527465820312
v -172.5150909423828 5.73294734954834 -26.412260055541992
v -176.7608184814453 0.195315420627594 -24.96928596496582
v -176.53524780273438 -0.06329891085624695 -23.494915008544922
v -176.31544494628906 -3.3885350227355957 -22.528501510620117
v -176.51705932617188 -3.239772319793701 -22.661046981811523
v -172.35633850097656 5.73294734954834 -29.34242057800293
v -172.4239501953125 5.73294734954834 -29.67475700378418
v -172.06402587890625 5.73294734954834 -29.74799346923828
v -171.9964141845703 5.73294734954834 -29.4156494140625
v -171.65110778808594 5.73294734954834 -27.718473434448242
v -172.0110626220703 5.73294734954834 -27.6452579498291
v -172.08624267578125 5.73294734954834 -28.014860153198242
v -171.726318359375 5.73294734954834 -28.088088989257812
v -172.5150909423828 5.73294734954834 -26.412260055541992
v -172.08624267578125 5.73294734954834 -28.014860153198242
v -172.0110626220703 5.73294734954834 -27.6452579498291
v -172.64480590820312 5.73294734954834 -30.76027488708496
v -172.4239501953125 5.73294734954834 -29.67475700378418
v -173.3697052001953 5.73294734954834 -30.61279296875
v -171.7902069091797 5.73294734954834 -26.55974578857422
v -172.53445434570312 6.007540702819824 -26.4083194732666
v -176.6880645751953 -3.2404980659484863 -23.500411987304688
v -170.61692810058594 0.19560745358467102 -26.219345092773438
v -171.42161560058594 -3.959768056869507 -23.412099838256836
v -171.70138549804688 -3.9715378284454346 -24.799083709716797
v -172.35633850097656 5.73294734954834 -29.34242057800293
v -175.56544494628906 0.19343705475330353 -19.131439208984375
v -175.87213134765625 -4.385929584503174 -22.403881072998047
v -175.87210083007812 -4.821602821350098 -22.40387535095215
v -173.6598358154297 -4.821602821350098 -22.85396957397461
v -175.8585662841797 -0.8391419649124146 -19.071805953979492
v -171.44757080078125 -4.821602821350098 -23.304061889648438
v -178.08436584472656 -4.8216023445129395 -21.953781127929688
v -177.02195739746094 -0.8391454815864563 -24.752511978149414
v -177.7052459716797 -0.8384197950363159 -24.61349868774414
v -178.02957153320312 0.1962546855211258 -24.711158752441406
v -176.7608184814453 0.195315420627594 -24.96928596496582
v -173.3697052001953 5.73294734954834 -30.61279296875
v -169.56118774414062 -0.1188727468252182 -24.285463333129883
v -169.17706298828125 -0.1188727468252182 -22.397476196289062
v -169.63864135742188 -0.11844412982463837 -22.303565979003906
v -180.2374267578125 -3.952371835708618 -26.301982879638672
v -180.71084594726562 -3.9523723125457764 -28.628948211669922
v -180.7210235595703 -3.2921152114868164 -28.6789493560791
v -181.20462036132812 -2.6318583488464355 -31.05591583251953
v -180.46905517578125 -2.9619855880737305 -27.440467834472656
v -180.96282958984375 -2.961986780166626 -29.867431640625
v -181.1842803955078 -3.9523727893829346 -30.95591163635254
v -179.5652618408203 1.58500337600708 -29.92859649658203
v -179.5652618408203 1.046750545501709 -29.92859649658203
v -179.2490234375 1.845755696296692 -28.374231338500977
v -179.5653076171875 1.8452602624893188 -29.92879295349121
v -179.56536865234375 0.7876207232475281 -29.9287109375
v -174.90652465820312 -3.4533448219299316 -17.99765396118164
v -174.90640258789062 -4.8216023445129395 -17.997051239013672
v -176.04676818847656 -4.8216023445129395 -17.765039443969727
v -173.7660369873047 -4.8216023445129395 -18.229063034057617
v -168.82815551757812 -3.6459202766418457 -21.48538589477539
v -168.99102783203125 -3.6459202766418457 -22.285919189453125
v -168.9095458984375 -4.821602821350098 -22.153091430664062
v -170.8633575439453 -3.451380491256714 -18.82024383544922
v -170.86337280273438 -4.8216023445129395 -18.819616317749023
v -172.00363159179688 -4.8216023445129395 -18.587627410888672
v -172.1212158203125 0.5608911514282227 -25.660356521606445
v -172.10110473632812 0.10805419832468033 -25.664613723754883
v -174.2705841064453 0.3341239094734192 -25.223146438598633
v -169.7230987548828 -4.8216023445129395 -19.051605224609375
v -176.41995239257812 0.10735663771629333 -24.78593635559082
v -176.409912109375 -0.11906184256076813 -24.78806495666504
v -178.56932067871094 -0.11941061913967133 -24.348726272583008
v -174.25048828125 -0.11871306598186493 -25.22740364074707
v -176.409912109375 -0.11906184256076813 -24.78806495666504
v -174.25048828125 -0.11871306598186493 -25.22740364074707
v -177.59991455078125 -0.11941061913967133 -24.092182159423828
v -178.56932067871094 -0.11941061913967133 -24.348726272583008
v -169.97097778320312 -4.821602821350098 -20.269800186157227
v -169.3819580078125 -2.4702377319335938 -20.389644622802734
v -168.58380126953125 -4.821602821350098 -20.552026748657227
v -169.97096252441406 -2.0792648792266846 -20.27062225341797
v -170.6251983642578 -2.46980881690979 -24.79007339477539
v -170.7660675048828 -4.8216023445129395 -25.482501983642578
v -170.69979858398438 -4.8216023445129395 -25.156858444213867
v -177.45864868164062 -2.470506429672241 -23.399784088134766
v -177.53216552734375 -4.8216023445129395 -23.762149810791016
v -177.59915161132812 -4.8216023445129395 -24.0922794342041
v -169.9718475341797 0.7876583933830261 -26.097566604614258
v -172.12120056152344 0.7872662544250488 -25.660293579101562
v -174.2705535888672 0.7868740558624268 -25.2230224609375
v -172.2838592529297 -2.078918933868408 -19.958255767822266
v -172.28382873535156 -4.8216023445129395 -19.958322525024414
v -172.69296264648438 -4.8216023445129395 -19.875080108642578
v -169.72308349609375 -2.0811586380004883 -19.0528621673584
v -172.00306701660156 -2.081160068511963 -18.58899688720703
v -172.6929931640625 -2.078915596008301 -19.87501335144043
v -173.76626586914062 -2.085087299346924 -18.230268478393555
v -176.046875 -2.085089921951294 -17.766277313232422
v -172.25155639648438 -2.0804131031036377 -19.806543350219727
v -172.252685546875 -4.8216023445129395 -19.805322647094727
v -172.28382873535156 -4.8216023445129395 -19.958322525024414
v -172.2838592529297 -2.078918933868408 -19.958255767822266
v -172.69296264648438 -4.8216023445129395 -19.875080108642578
v -172.66183471679688 -4.8216023445129395 -19.72207260131836
v -172.661865234375 -2.078915596008301 -19.722009658813477
v -172.6929931640625 -2.078915596008301 -19.87501335144043
v -172.22044372558594 -1.6613872051239014 -19.971155166625977
v -170.06553649902344 -1.6579457521438599 -20.40981101989746
v -170.06553649902344 -2.075476884841919 -20.40981101989746
v -172.22044372558594 -2.078918933868408 -19.971155166625977
v -171.37554931640625 -0.1190071702003479 -20.967121124267578
v -171.79840087890625 -0.11879285424947739 -21.864160537719727
v -176.86326599121094 -2.470935106277466 -18.86756134033203
v -176.294677734375 -2.085036039352417 -18.98404884338379
v -176.29457092285156 -4.821602821350098 -18.98325538635254
v -177.4319610595703 -0.12026765942573547 -18.75186538696289
v -170.31866455078125 -2.469809055328369 -25.57353401184082
v -169.6337890625 -4.821602821350098 -25.712865829467773
v -170.7660675048828 -4.8216023445129395 -25.482501983642578
v -170.7669219970703 -0.11801560968160629 -25.48233985900879
v -169.87127685546875 -0.118015818297863 -25.664566040039062
v -174.23876953125 3.0503392219543457 -33.66353988647461
v -174.0525360107422 3.050339698791504 -33.70143127441406
v -173.58816528320312 3.050339698791504 -31.41897964477539
v -173.77439880371094 3.0503392219543457 -31.38109016418457
v -170.48431396484375 -4.8216023445129395 -24.097631454467773
v -169.35205078125 -4.821602821350098 -24.32799530029297
v -170.0227508544922 -2.4702374935150146 -24.191547393798828
v -178.9643096923828 -4.8216023445129395 -26.279212951660156
v -179.44580078125 -4.8216023445129395 -28.64590835571289
v -179.22445678710938 -4.386987209320068 -27.55813980102539
v -169.56118774414062 -0.1188727468252182 -24.285463333129883
v -170.4843292236328 -0.11801550537347794 -24.097644805908203
v -178.48281860351562 -4.8216023445129395 -23.91251564025879
v -172.0782012939453 3.0503382682800293 -23.044099807739258
v -171.8919677734375 3.0503387451171875 -23.081993103027344
v -171.91690063476562 4.153359413146973 -22.981843948364258
v -173.63555908203125 -4.821602821350098 -19.683549880981445
v -173.6355743408203 -2.081716775894165 -19.683486938476562
v -173.6044464111328 -2.081716775894165 -19.530506134033203
v -173.6044464111328 -4.821602821350098 -19.53057098388672
v -174.04470825195312 -4.821602821350098 -19.60030746459961
v -174.0447235107422 -2.0817134380340576 -19.600244522094727
v -173.6355743408203 -2.081716775894165 -19.683486938476562
v -177.81607055664062 -0.12026765942573547 -20.639850616455078
v -178.2001953125 -0.12026765942573547 -22.5278377532959
v -177.31814575195312 -0.11941041052341461 -22.707286834716797
v -175.7769775390625 -4.822347164154053 -34.30813980102539
v -175.75186157226562 -4.267542362213135 -34.18471145629883
v -176.16043090820312 -4.267541408538818 -34.10158920288086
v -176.185546875 -4.822347164154053 -34.22501754760742
v -177.4319610595703 -0.12026765942573547 -18.75186538696289
v -177.4319610595703 -0.12026765942573547 -18.75186538696289
v -177.81607055664062 -2.470935106277466 -20.63984489440918
v -177.81607055664062 -0.12026765942573547 -20.639850616455078
v -178.2001953125 -0.12026765942573547 -22.5278377532959
v -177.43194580078125 -2.470935106277466 -18.75185775756836
v -177.43194580078125 -4.8216023445129395 -18.75185203552246
v -173.63555908203125 -4.821602821350098 -19.683549880981445
v -177.43194580078125 -2.4709348678588867 -18.75185775756836
v -168.68838500976562 -2.4702377319335938 -20.530757904052734
v -168.79295349121094 -0.1188727468252182 -20.509489059448242
v -176.32569885253906 -2.084928274154663 -19.136194229125977
v -176.32566833496094 -4.821602821350098 -19.136260986328125
v -176.7348175048828 -4.821602821350098 -19.053020477294922
v -169.97096252441406 -2.0792648792266846 -20.27062225341797
v -170.0021209716797 -2.0754735469818115 -20.422714233398438
v -170.00210571289062 -4.821602821350098 -20.422779083251953
v -176.2311553955078 -2.0849266052246094 -18.996089935302734
v -176.2622833251953 -2.084928274154663 -19.14909553527832
v -174.10813903808594 -2.081716775894165 -19.587339401245117
v -174.07701110839844 -2.081716775894165 -19.43436050415039
v -168.79295349121094 -0.1188727468252182 -20.509489059448242
v -178.93568420410156 0.33366966247558594 -26.14345359802246
v -178.93565368652344 0.7864198684692383 -26.143329620361328
v -178.5692596435547 0.7860897779464722 -24.348478317260742
v -179.98643493652344 -2.6318581104278564 -31.30376625061035
v -180.4087677001953 -4.8216023445129395 -33.37929916381836
v -180.16262817382812 -1.2112377882003784 -32.86619186401367
v -179.49266052246094 -2.631857395172119 -28.87679672241211
v -179.6442413330078 -0.9225540161132812 -29.620973587036133
v -179.3020477294922 0.7867499589920044 -27.938180923461914
v -179.73233032226562 -0.212243914604187 -30.40218734741211
v -174.04254150390625 -0.11871300637722015 -24.09481430053711
v -170.7669219970703 -0.11801560968160629 -25.48233985900879
v -170.4843292236328 -0.11801550537347794 -24.097644805908203
v -179.96607971191406 -3.9523723125457764 -31.20376205444336
v -179.56536865234375 0.7876207232475281 -29.9287109375
v -182.9542999267578 1.5856130123138428 -28.47153091430664
v -182.95448303222656 1.8454598188400269 -28.47144889831543
v -182.70521545410156 1.8447901010513306 -27.245792388916016
v -182.70509338378906 0.78730708360672 -27.245817184448242
v -182.95437622070312 1.047556757926941 -28.47150993347168
v -178.56932067871094 -0.11941061913967133 -24.348726272583008
v -176.41990661621094 0.7864819169044495 -24.785751342773438
v -182.9544219970703 0.7884604334831238 -28.47132682800293
v -180.71084594726562 -2.631857395172119 -28.628952026367188
v -178.4442138671875 -3.15567946434021 -33.72529983520508
v -176.60211181640625 -4.822347164154053 -34.15346145629883
v -176.185546875 -4.822347164154053 -34.22501754760742
v -180.34754943847656 -3.1553070545196533 -33.338218688964844
v -178.4442138671875 -3.15567946434021 -33.72529983520508
v -180.34754943847656 -3.1553070545196533 -33.338218688964844
v -180.4087677001953 -4.8216023445129395 -33.37929916381836
v -169.31683349609375 -1.2945551872253418 -23.35210418701172
v -169.12478637695312 -1.2945551872253418 -22.408111572265625
v -169.17706298828125 -0.1188727468252182 -22.397476196289062
v -179.79371643066406 -4.369899749755859 -31.139570236206055
v -179.33966064453125 -3.952371120452881 -28.907922744750977
v -179.33653259277344 -4.161135673522949 -28.89255142211914
v -178.8793487548828 -3.95237135887146 -26.645532608032227
v -178.88560485839844 -4.369901180267334 -26.676271438598633
v -174.0139923095703 -2.0839638710021973 -19.44806480407715
v -172.252685546875 -4.8216023445129395 -19.805322647094727
v -174.01361083984375 -4.821602821350098 -19.44732666015625
v -172.25155639648438 -2.0804131031036377 -19.806543350219727
v -179.33966064453125 -3.952371120452881 -28.907922744750977
v -179.7999725341797 -3.9523706436157227 -31.170312881469727
v -179.9529571533203 -3.952368974685669 -31.139190673828125
v -178.8793487548828 -3.95237135887146 -26.645532608032227
v -180.2170867919922 -2.6318562030792236 -26.201988220214844
v -179.7999725341797 -3.9523706436157227 -31.170312881469727
v -179.8200225830078 -2.631856918334961 -31.26871109008789
v -179.33981323242188 -2.2143282890319824 -28.908506393432617
v -179.33668518066406 -2.423092842102051 -28.89312744140625
v -178.8533477783203 -2.2143287658691406 -26.51754379272461
v -178.85960388183594 -2.6318581104278564 -26.54828643798828
v -169.07249450683594 -2.4702377319335938 -22.418745040893555
v -180.2863311767578 -1.4890117645263672 -33.29713821411133
v -168.93272399902344 -1.2945551872253418 -21.4641170501709
v -174.0139923095703 -2.0839638710021973 -19.44806480407715
v -174.0447235107422 -2.0817134380340576 -19.600244522094727
v -174.04470825195312 -4.821602821350098 -19.60030746459961
v -178.7841033935547 -1.375633716583252 -25.399276733398438
v -182.704833984375 1.5665143728256226 -27.24578094482422
v -172.54257202148438 3.0503382682800293 -25.326553344726562
v -172.35633850097656 3.0503387451171875 -25.364442825317383
v -171.8919677734375 3.0503387451171875 -23.081993103027344
v -172.0782012939453 3.0503382682800293 -23.044099807739258
v -172.66673278808594 5.256381034851074 -25.49144744873047
v -172.48049926757812 5.256381511688232 -25.52933692932129
v -172.35633850097656 3.0503387451171875 -25.364442825317383
v -172.54257202148438 3.0503382682800293 -25.326553344726562
v -172.1461639404297 3.4350948333740234 -23.31224822998047
v -172.0782012939453 3.0503382682800293 -23.044099807739258
v -172.1907958984375 4.871622562408447 -23.21795082092285
v -172.50035095214844 3.4350955486297607 -25.053159713745117
v -172.54257202148438 3.0503382682800293 -25.326553344726562
v -172.37228393554688 3.4350948333740234 -24.42368507385254
v -172.2742462158203 3.4350955486297607 -23.941722869873047
v -172.0782012939453 3.0503382682800293 -23.044099807739258
v -172.1461639404297 3.4350948333740234 -23.31224822998047
v -172.66673278808594 5.256381034851074 -25.49144744873047
v -172.5782928466797 4.871622562408447 -25.122529983520508
v -171.9418487548828 5.2563796043396 -22.881694793701172
v -172.12808227539062 5.256379127502441 -22.84380340576172
v -169.931640625 -0.11801550537347794 -26.106081008911133
v -169.87127685546875 -0.118015818297863 -25.664566040039062
v -178.48214721679688 -0.11892424523830414 -23.912670135498047
v -172.12808227539062 5.256379127502441 -22.84380340576172
v -171.9418487548828 5.2563796043396 -22.881694793701172
v -172.48049926757812 5.256381511688232 -25.52933692932129
v -172.66673278808594 5.256381034851074 -25.49144744873047
v -172.1907958984375 4.871622562408447 -23.21795082092285
v -172.12808227539062 5.256379127502441 -22.84380340576172
v -172.35215759277344 4.871622562408447 -24.011093139648438
v -172.4169158935547 4.871622562408447 -24.32938575744629
v -172.2212371826172 -0.11857853829860687 -22.761199951171875
v -173.9012451171875 -0.11871296167373657 -23.4024658203125
v -173.95814514160156 -0.1191415786743164 -21.424755096435547
v -170.95269775390625 -0.11922147870063782 -20.070083618164062
v -180.2863311767578 -1.4890117645263672 -33.29713821411133
v -174.01361083984375 -4.821602821350098 -19.44732666015625
v -179.33981323242188 -2.2143282890319824 -28.908506393432617
v -179.82626342773438 -2.214327812194824 -31.299468994140625
v -179.979248046875 -2.214327812194824 -31.26834487915039
v -178.8533477783203 -2.2143287658691406 -26.51754379272461
v -168.58380126953125 -4.821602821350098 -20.552026748657227
v -168.68838500976562 -2.4702377319335938 -20.530757904052734
v -168.79295349121094 -0.1188727468252182 -20.509489059448242
v -177.43194580078125 -4.8216023445129395 -18.75185203552246
v -177.62400817871094 -3.646268844604492 -19.69584846496582
v -177.75814819335938 -4.8216023445129395 -20.35281753540039
v -179.82626342773438 -2.214327812194824 -31.299468994140625
v -172.45542907714844 -0.11918152868747711 -20.747417449951172
v -173.11245727539062 -0.11957020312547684 -19.63067626953125
v -174.36293029785156 5.256381988525391 -33.82843780517578
v -174.17669677734375 5.256381511688232 -33.86632537841797
v -174.0525360107422 3.050339698791504 -33.70143127441406
v -170.59207153320312 -2.469809055328369 -24.62725067138672
v -170.48431396484375 -4.8216023445129395 -24.097631454467773
v -170.4843292236328 -0.11801550537347794 -24.097644805908203
v -177.42515563964844 -2.470506429672241 -23.234718322753906
v -177.31813049316406 -4.8216023445129395 -22.707273483276367
v -177.31814575195312 -0.11941041052341461 -22.707286834716797
v -178.14227294921875 -2.4709348678588867 -22.24081039428711
v -178.2001953125 -2.470935106277466 -22.527828216552734
v -174.23876953125 3.0503392219543457 -33.66353988647461
v -173.8423614501953 3.43509578704834 -31.64923858642578
v -173.77439880371094 3.0503392219543457 -31.38109016418457
v -173.88699340820312 4.871623516082764 -31.55493927001953
v -174.19654846191406 3.435096263885498 -33.39015197753906
v -174.23876953125 3.0503392219543457 -33.66353988647461
v -174.0684814453125 3.43509578704834 -32.76067352294922
v -173.97042846679688 3.435096263885498 -32.27871322631836
v -178.20018005371094 -4.8216023445129395 -22.527816772460938
v -173.77439880371094 3.0503392219543457 -31.38109016418457
v -173.8423614501953 3.43509578704834 -31.64923858642578
v -174.36293029785156 5.256381988525391 -33.82843780517578
v -178.2001953125 -2.4709348678588867 -22.527828216552734
v -178.20018005371094 -4.8216023445129395 -22.527816772460938
v -177.7591552734375 -2.4709348678588867 -22.617555618286133
v -174.27447509765625 4.871623516082764 -33.45952224731445
v -173.77439880371094 3.0503392219543457 -31.38109016418457
v -173.58816528320312 3.050339698791504 -31.41897964477539
v -173.6380157470703 5.256380558013916 -31.21868896484375
v -178.2001953125 -0.12026765942573547 -22.5278377532959
v -178.0406494140625 -2.4702632427215576 -24.00247573852539
v -178.48248291015625 -2.4702632427215576 -23.912593841552734
v -178.2613983154297 -1.2945936918258667 -23.95757293701172
v -178.48214721679688 -0.11892424523830414 -23.912670135498047
v -173.11245727539062 -0.11957020312547684 -19.63067626953125
v -170.52224731445312 -1.0996429920196533 -20.158016204833984
v -173.82427978515625 5.256380081176758 -31.18079376220703
v -177.59991455078125 -0.11941061913967133 -24.092182159423828
v -173.82427978515625 5.256380081176758 -31.18079376220703
v -173.6380157470703 5.256380558013916 -31.21868896484375
v -174.17669677734375 5.256381511688232 -33.86632537841797
v -174.36293029785156 5.256381988525391 -33.82843780517578
v -172.22044372558594 -1.6613872051239014 -19.971155166625977
v -172.18931579589844 -1.6613872051239014 -19.81814956665039
v -170.03440856933594 -1.6579457521438599 -20.2568302154541
v -177.52928161621094 -1.294958472251892 -23.745983123779297
v -177.5995330810547 -2.470506429672241 -24.09223175048828
v -177.59991455078125 -0.11941061913967133 -24.092182159423828
v -170.06553649902344 -1.6579457521438599 -20.40981101989746
v -177.5995330810547 -2.470506429672241 -24.09223175048828
v -177.59915161132812 -4.8216023445129395 -24.0922794342041
v -178.26173400878906 -3.645932674407959 -23.957496643066406
v -178.48281860351562 -4.8216023445129395 -23.91251564025879
v -177.31814575195312 -0.11941041052341461 -22.707286834716797
v -177.31813049316406 -4.8216023445129395 -22.707273483276367
v -178.48248291015625 -2.4702632427215576 -23.912593841552734
v -178.5044403076172 -3.646054267883301 -24.021568298339844
v -178.48214721679688 -0.11892424523830414 -23.912670135498047
v -173.88699340820312 4.871623516082764 -31.55493927001953
v -173.82427978515625 5.256380081176758 -31.18079376220703
v -174.04835510253906 4.871623516082764 -32.34808349609375
v -174.1131134033203 4.871623516082764 -32.66637420654297
v -179.0192108154297 -3.952371835708618 -26.549829483032227
v -178.5692596435547 0.7860897779464722 -24.348478317260742
v -176.419921875 0.5601068735122681 -24.785812377929688
v -170.76649475097656 -2.46980881690979 -25.482421875
v -170.69606018066406 -1.2939122915267944 -25.136207580566406
v -170.7669219970703 -0.11801560968160629 -25.48233985900879
v -169.3819580078125 -1.0990687608718872 -20.390056610107422
v -170.76649475097656 -2.469809055328369 -25.482421875
v -171.11126708984375 -2.079838991165161 -20.03858184814453
v -169.15390014648438 -3.6459202766418457 -23.086450576782227
v -177.31814575195312 -2.470506429672241 -22.707279205322266
v -177.31814575195312 -2.470506429672241 -22.707279205322266
v -170.48431396484375 -2.469809055328369 -24.097637176513672
v -170.48431396484375 -2.46980881690979 -24.097637176513672
v -169.39825439453125 -2.4702377319335938 -24.01980972290039
v -169.4566192626953 -2.4702377319335938 -24.30672836303711
v -169.56118774414062 -0.1188727468252182 -24.285463333129883
v -176.73483276367188 -2.0849249362945557 -19.052955627441406
v -176.294677734375 -2.085036039352417 -18.98404884338379
v -176.29457092285156 -4.821602821350098 -18.98325538635254
v -176.32566833496094 -4.821602821350098 -19.136260986328125
v -178.99888610839844 -2.631856918334961 -26.4498291015625
v -178.7408447265625 -3.72672963142395 -25.181171417236328
v -169.4566192626953 -2.4702377319335938 -24.30672836303711
v -178.52606201171875 -2.470506429672241 -24.1306209564209
v -169.75253295898438 -2.4698092937469482 -25.688716888427734
v -174.84176635742188 -1.1003403663635254 -19.279205322265625
v -169.2353057861328 -4.821602821350098 -23.7541561126709
v -179.1504669189453 -0.9225534200668335 -27.19400405883789
v -170.95269775390625 -0.11922147870063782 -20.070083618164062
v -178.08436584472656 -4.8216023445129395 -21.953781127929688
v -178.8968048095703 -2.6318576335906982 -25.94800567626953
v -179.0126190185547 -2.6318576335906982 -26.517154693603516
v -178.75486755371094 -2.6318562030792236 -26.56959342956543
v -178.6390838623047 -2.631856679916382 -26.000442504882812
v -179.81309509277344 -3.9523706436157227 -31.23488426208496
v -179.89785766601562 -3.9523706436157227 -31.651445388793945
v -179.92185974121094 -2.63185715675354 -31.769338607788086
v -178.50543212890625 -4.821974754333496 -33.766380310058594
v -179.79371643066406 -4.369899749755859 -31.139570236206055
v -178.88560485839844 -4.369901180267334 -26.676271438598633
v -179.0386199951172 -4.369900226593018 -26.6451416015625
v -179.9467010498047 -4.369899272918701 -31.10844612121582
v -179.83346557617188 -2.631856679916382 -31.33487319946289
v -179.03236389160156 -3.9523706436157227 -26.61440086364746
v -169.931640625 -0.11801550537347794 -26.106081008911133
v -173.76577758789062 -0.11871306598186493 -25.099132537841797
v -179.89785766601562 -3.9523706436157227 -31.651445388793945
v -180.05084228515625 -3.9523706436157227 -31.62032127380371
v -180.07484436035156 -2.63185715675354 -31.73821449279785
v -179.92185974121094 -2.63185715675354 -31.769338607788086
v -179.8200225830078 -2.631856918334961 -31.26871109008789
v -178.85960388183594 -2.6318581104278564 -26.54828643798828
v -179.0126190185547 -2.6318576335906982 -26.517154693603516
v -179.92727661132812 -4.8216023445129395 -31.012603759765625
v -175.69505310058594 -0.11970461905002594 -20.08831024169922
v -179.97286987304688 -2.631856918334961 -31.23699378967285
v -179.98643493652344 -2.6318581104278564 -31.30376625061035
v -179.96607971191406 -3.9523723125457764 -31.20376205444336
v -174.10813903808594 -2.081716775894165 -19.587339401245117
v -176.2622833251953 -2.084928274154663 -19.14909553527832
v -176.2622833251953 -1.6673966646194458 -19.14909553527832
v -169.97097778320312 -4.821602821350098 -20.269800186157227
v -178.54769897460938 -1.2949585914611816 -24.239673614501953
v -174.10813903808594 -1.6641855239868164 -19.587339401245117
v -171.00428771972656 1.8443145751953125 -27.8501033782959
v -171.4171905517578 1.8443135023117065 -29.87959098815918
v -172.27456665039062 1.843995451927185 -29.70515251159668
v -171.8616485595703 1.843995451927185 -27.67565155029297
v -176.70370483398438 -2.0849249362945557 -18.899948120117188
v -176.73483276367188 -2.0849249362945557 -19.052955627441406
v -176.7348175048828 -4.821602821350098 -19.053020477294922
v -178.96728515625 -1.1490936279296875 -26.296642303466797
v -176.7036895751953 -4.821602821350098 -18.900012969970703
v -174.18341064453125 -0.11871311068534851 -24.787261962890625
v -180.2863311767578 -1.4890117645263672 -33.29713821411133
v -178.23593139648438 -3.15567946434021 -33.761077880859375
v -176.16043090820312 -4.267541408538818 -34.10158920288086
v -175.272216796875 -0.11991892755031586 -19.19127082824707
v -175.272216796875 -0.11991892755031586 -19.19127082824707
v -176.32569885253906 -2.084928274154663 -19.136194229125977
v -178.86622619628906 -3.95237135887146 -26.58095932006836
v -179.0192108154297 -3.952371835708618 -26.549829483032227
v -178.99888610839844 -2.631856918334961 -26.4498291015625
v -178.8459014892578 -2.6318578720092773 -26.480945587158203
v -178.9105224609375 -2.6318576335906982 -26.015352249145508
v -178.93447875976562 -3.95237135887146 -26.13326644897461
v -178.78146362304688 -3.95237135887146 -26.164398193359375
v -178.7575225830078 -2.6318576335906982 -26.04648208618164
v -169.59295654296875 -4.821602821350098 -20.50602149963379
v -169.5929718017578 -2.075476884841919 -20.505958557128906
v -169.5618438720703 -2.075476884841919 -20.352977752685547
v -169.5618438720703 -4.821602821350098 -20.35304069519043
v -170.00210571289062 -4.821602821350098 -20.422779083251953
v -170.0021209716797 -2.0754735469818115 -20.422714233398438
v -169.5929718017578 -2.075476884841919 -20.505958557128906
v -179.49264526367188 -3.9523720741271973 -28.87679672241211
v -169.59295654296875 -4.821602821350098 -20.50602149963379
v -178.86622619628906 -3.95237135887146 -26.58095932006836
v -178.8459014892578 -2.6318578720092773 -26.480945587158203
v -172.18931579589844 -2.0789172649383545 -19.818151473999023
v -172.22044372558594 -2.078918933868408 -19.971155166625977
v -170.06553649902344 -2.075476884841919 -20.40981101989746
v -170.03440856933594 -2.075476884841919 -20.2568302154541
v -179.00636291503906 -2.2143287658691406 -26.486413955688477
v -174.07701110839844 -1.6641855239868164 -19.43436050415039
v -174.10813903808594 -1.6641855239868164 -19.587339401245117
v -176.2622833251953 -1.6673966646194458 -19.14909553527832
v -176.2311553955078 -1.6673966646194458 -18.9960880279541
v -173.38754272460938 0.7875021696090698 -37.470970153808594
v -174.20425415039062 0.7873014211654663 -35.8958740234375
v -174.27008056640625 0.787519097328186 -36.39350128173828
v -171.5888671875 -4.418266296386719 -24.54062271118164
v -169.4514617919922 -4.176249027252197 -24.975481033325195
v -169.47476196289062 -4.660505294799805 -24.970741271972656
v -178.93565368652344 0.7864198684692383 -26.143329620361328
v -179.3020477294922 0.7867499589920044 -27.938180923461914
v -177.81121826171875 0.786264181137085 -26.12347412109375
v -178.15103149414062 0.7875823974609375 -33.80809783935547
v -177.80027770996094 0.7875868082046509 -32.083641052246094
v -180.26686096191406 0.7876118421554565 -33.377620697021484
v -178.5692596435547 0.7860897779464722 -24.348478317260742
v -174.4874725341797 6.246396541595459 -19.892518997192383
v -175.868896484375 6.188437461853027 -20.628910064697266
v -175.6734619140625 6.209987640380859 -21.686124801635742
v -174.02105712890625 0.7871363759040833 -34.998443603515625
v -175.9035186767578 0.787117600440979 -33.243309020996094
v -178.50177001953125 0.7875779867172241 -35.53255081176758
v -175.53712463378906 0.7867875099182129 -31.448455810546875
v -176.73666381835938 0.7875441312789917 -37.68748474121094
v -177.6192169189453 0.7875610589981079 -36.610015869140625
v -178.85250854492188 0.7875735759735107 -37.25700759887695
v -176.73654174804688 0.786460280418396 -26.34210968017578
v -177.05319213867188 0.7864386439323425 -27.898468017578125
v -175.661865234375 0.786656379699707 -26.560745239257812
v -176.06434631347656 6.166887283325195 -19.571697235107422
v -173.70297241210938 -4.176027774810791 -24.110504150390625
v -177.25033569335938 6.130478858947754 -21.36530303955078
v -180.61761474609375 0.7876074314117432 -35.102073669433594
v -179.7350616455078 0.787590503692627 -36.179542541503906
v -172.75448608398438 0.7872229814529419 -28.77301025390625
v -171.23841857910156 0.7875717878341675 -32.323001861572266
v -170.60513305664062 0.7876150608062744 -29.210285186767578
v -174.09658813476562 6.289497375488281 -22.006946563720703
v -175.28256225585938 6.25308895111084 -23.800552368164062
v -173.90126037597656 6.311165809631348 -23.064136505126953
v -172.9105987548828 6.325905799865723 -20.213340759277344
v -173.7059326171875 6.332834243774414 -24.121326446533203
v -174.90383911132812 0.7868307828903198 -28.335739135742188
v -174.2705535888672 0.7868740558624268 -25.2230224609375
v -180.96835327148438 0.787602961063385 -36.82653045654297
v -169.9718475341797 0.7876583933830261 -26.097566604614258
v -173.71461486816406 -4.418155670166016 -24.10813331604004
v -181.21249389648438 6.071045875549316 -32.76858139038086
v -181.6033935546875 6.027945041656494 -30.65415382385254
v -182.3984832763672 6.034637451171875 -34.56218719482422
v -173.26303100585938 0.7873108386993408 -36.7734375
v -171.8717041015625 0.7875285148620605 -35.43571853637695
v -176.41990661621094 0.7864819169044495 -24.785751342773438
v -176.38592529296875 0.7875485420227051 -35.96302795410156
v -179.6358642578125 6.150791168212891 -33.08935546875
v -180.02651977539062 6.107454299926758 -30.9749755859375
v -175.83453369140625 -4.296980857849121 -23.676830291748047
v -177.9544677734375 -4.660062789916992 -23.245527267456055
v -177.9544677734375 -4.175806522369385 -23.245525360107422
v -176.03518676757812 0.7875529527664185 -34.23857116699219
v -179.24520874023438 6.194128036499023 -35.2037353515625
v -176.48260498046875 6.310281753540039 -33.73090362548828
v -178.05923461914062 6.230536460876465 -33.41012954711914
v -173.71461486816406 -4.660284042358398 -24.108135223388672
v -177.66860961914062 0.7871514558792114 -31.088375091552734
v -179.56536865234375 0.7876207232475281 -29.9287109375
v -177.64122009277344 6.087377548217773 -19.250873565673828
v -177.44577026367188 6.108928203582764 -20.308088302612305
v -176.8732452392578 6.266944885253906 -31.61652374267578
v -178.82720947265625 6.050969123840332 -21.044479370117188
v -177.26388549804688 6.223608016967773 -29.50214385986328
v -175.687255859375 6.303353309631348 -29.822917938232422
v -174.50128173828125 6.339762210845947 -28.029312133789062
v -175.29661560058594 6.3466901779174805 -31.937297821044922
v -174.62081909179688 0.7875146865844727 -38.117958068847656
v -177.654541015625 6.180271625518799 -27.38776397705078
v -180.4174041748047 6.0643534660339355 -28.86054801940918
v -178.8405303955078 6.143862724304199 -29.18136978149414
v -178.04542541503906 6.137170791625977 -25.27333641052246
v -180.80828857421875 6.021252632141113 -26.74612045288086
v -175.0867919921875 0.7873183488845825 -34.81840515136719
v -178.43630981445312 6.094069957733154 -23.15890884399414
v -180.01318359375 6.014560699462891 -22.838085174560547
v -174.8919219970703 6.296425819396973 -25.914932250976562
v -179.2180938720703 6.00786828994751 -18.930051803588867
v -179.61563110351562 6.011214256286621 -20.88406753540039
v -172.50498962402344 0.7874852418899536 -38.54843521118164
v -179.62229919433594 6.057661056518555 -24.9525146484375
v -172.12120056152344 0.7872662544250488 -25.660293579101562
v -173.3877716064453 0.7871796488761902 -31.88572883605957
v -176.09194946289062 6.353618621826172 -35.84528350830078
v -177.602783203125 0.7869337797164917 -30.590744018554688
v -177.41958618164062 0.7867687344551086 -29.693317413330078
v -176.4685516357422 6.216680526733398 -25.594158172607422
v -172.62973022460938 0.7873541116714478 -33.66072082519531
v -171.52651977539062 4.690478324890137 -23.981468200683594
v -171.46865844726562 3.6162381172180176 -23.948793411254883
v -171.40187072753906 3.6162397861480713 -23.620506286621094
v -173.22271728515625 4.690479278564453 -32.31846237182617
v -173.16485595703125 3.616238832473755 -32.28578186035156
v -173.0980682373047 3.6162407398223877 -31.95749282836914
v -171.6280059814453 3.6162397861480713 -24.731943130493164
v -171.66847229003906 4.690478324890137 -24.679269790649414
v -171.7526397705078 4.690478324890137 -25.092906951904297
v -171.6947784423828 3.6162381172180176 -25.060230255126953
v -171.44235229492188 4.690478324890137 -23.567829132080078
v -173.44882202148438 4.690479278564453 -33.42989730834961
v -173.39097595214844 3.616238832473755 -33.397216796875
v -173.3241729736328 3.6162407398223877 -33.06892776489258
v -173.3646697998047 4.690479278564453 -33.01625442504883
v -173.1385498046875 4.690479278564453 -31.90481948852539
vn 0.8285510540008545 -0.034653645008802414 -0.5588400959968567
vn 0.8032277822494507 -0.24761618673801422 -0.541766881942749
vn 0.5319575667381287 -0.26663264632225037 -0.8036965727806091
vn 0.000037264580896589905 1 -0.0000660299847368151
vn -0.000012934575352119282 1 -0.00007530028960900381
vn -0.000012934575352119282 1 -0.00007530028960900381
vn 0.00013766289339400828 1 -0.000047489382268395275
vn 0.00008746373350732028 1 -0.000056759683502605185
vn -0.0001693744125077501 1 0.00003445571201154962
vn -0.00015050584624987096 1 0.00004974383773515001
vn -0.00015050584624987096 1 0.00004974383773515001
vn 0.000054735974117647856 1 0.0002684793435037136
vn 0.00005473597047966905 0.9999999403953552 0.00026847931439988315
vn 0.00014351590652950108 1 0.00011224304034840316
vn 0.000054735977755626664 1 0.0002684793435037136
vn 0.000054735977755626664 1 0.0002684793435037136
vn 0.00030740362126380205 0.9999999403953552 -0.00026734170387499034
vn 0.00040985565283335745 0.9999998807907104 -0.0003564658109098673
vn 0.00020495157514233142 1 -0.0001782175968401134
vn 0.00040985565283335745 0.9999998807907104 -0.0003564658109098673
vn 0.00020495157514233142 1 -0.0001782175968401134
vn 0.00030740362126380205 0.9999999403953552 -0.00026734170387499034
vn 0.00040985565283335745 0.9999998807907104 -0.0003564658109098673
vn 0.00020495157514233142 1 -0.0001782175968401134
vn 0.00040985565283335745 0.9999998807907104 -0.0003564658109098673
vn 0.00030740362126380205 0.9999999403953552 -0.00026734170387499034
vn 0.00030740362126380205 0.9999999403953552 -0.00026734170387499034
vn 0.00040985565283335745 0.9999998807907104 -0.0003564658109098673
vn -0.0005288468673825264 0.9999998807907104 -0.00032690627267584205
vn 0.00009056871203938499 1 -0.00013762307935394347
vn 0.00009056871203938499 1 -0.00013762307935394347
vn 0.00009056871203938499 1 -0.00013762307935394347
vn 0.0000018102018657373264 1 -0.0000013325886811799137
vn 0.00009056871203938499 1 -0.00013762307935394347
vn 2.9340634455365944e-7 1 -5.969625505031217e-8
vn 5.394522872848029e-8 1 -1.1025541368780978e-7
vn -2.5875140252651363e-8 1 -1.2710846419849986e-7
vn 1.337655959332551e-7 1 -9.34023631771197e-8
vn 0.00023229584621731192 1 -0.000043993237341055647
vn 0.00023229584621731192 1 -0.000043993251892970875
vn -0.00015994012937881052 1 0.000042099774873349816
vn -0.00015050584624987096 1 0.00004974383773515001
vn -0.00015522193280048668 1 0.000045922592107672244
vn -0.00016937336476985365 1 0.000034456497814971954
vn -0.00016465623048134148 1 0.00003827852924587205
vn -0.00015993803390301764 1 0.000042101350118173286
vn -0.000006467287676059641 1 -0.000037650144804501906
vn -0.000014162025763653219 1 -0.00007547166023869067
vn -0.000012934575352119282 1 -0.00007530028960900381
vn -0.000015389476175187156 1 -0.00007564302359241992
vn -0.00009238194616045803 1 -0.00002059365579043515
vn -0.000015389476175187156 1 -0.00007564302359241992
vn -0.000015389476175187156 1 -0.00007564302359241992
vn -0.000014162025763653219 1 -0.00007547166023869067
vn -0.000014162025763653219 1 -0.00007547166023869067
vn -0.000015389476175187156 1 -0.00007564302359241992
vn 0.00020495157514233142 1 -0.0001782175968401134
vn -0.0003462093882262707 0.9999999403953552 0.00007082844967953861
vn 0.00005473597047966905 0.9999999403953552 0.00026847931439988315
vn -0.0003458208520896733 0.9999999403953552 0.00007035851740511134
vn 0.00010249950719298795 1 -0.00008909348252927884
vn -0.000015389476175187156 1 -0.00007564302359241992
vn 0.00010249950719298795 1 -0.00008909348252927884
vn 4.743574422150232e-8 1 3.063434306227464e-8
vn 0.00010249950719298795 1 -0.00008909348252927884
vn 0.00040985565283335745 0.9999998807907104 -0.0003564658109098673
vn -0.00034636235795915127 0.9999999403953552 0.00007007387466728687
vn -0.00034636235795915127 0.9999999403953552 0.00007007387466728687
vn 0.00040985565283335745 0.9999998807907104 -0.0003564658109098673
vn 2.9340634455365944e-7 1 -5.969625505031217e-8
vn 2.9340634455365944e-7 1 -5.969625505031217e-8
vn 2.9340634455365944e-7 1 -5.969625505031217e-8
vn 2.9340634455365944e-7 1 -5.969625505031217e-8
vn 0.00040985565283335745 0.9999998807907104 -0.0003564658109098673
vn 0.00023229584621731192 1 -0.000043993251892970875
vn 0.00023229584621731192 1 -0.000043993251892970875
vn 0 1 0
vn 0 1 0
vn 0 1 0
vn 0 1 0
vn 0.00040985565283335745 0.9999998807907104 -0.0003564658109098673
vn 0.0001438250474166125 1 -0.000028747323085553944
vn 0.0000018102018657373264 1 -0.0000013325886811799137
vn 0 1 0
vn 0 1 0
vn 1.4670317227682972e-7 1 -2.984812752515609e-8
vn 6.04140169002676e-8 1 -7.847829408547113e-8
vn -0.0005319362971931696 0.9999998807907104 -0.00024001806741580367
vn -0.0029351417906582355 0.9999955296516418 -0.000594722805544734
vn 0.00040367673500441015 0.9999998807907104 -0.00018268944404553622
vn 0.00020186211622785777 1 -0.00009132941340794787
vn -0.0014675488928332925 0.999998927116394 -0.00029734644340351224
vn -1.2937570126325681e-8 1 -6.355423209924993e-8
vn -0.0001693723170319572 1 0.00003445728725637309
vn 0.00018786203872878104 1 -0.00003821907739620656
vn 0.00018786203872878104 1 -0.00003821907739620656
vn 0.00018786203872878104 1 -0.00003821907739620656
vn -0.00001354830055788625 1 -0.00007538597856182605
vn 0.0003210757568012923 0.9999999403953552 -0.0002002295368583873
vn -0.000733751046936959 0.9999998211860657 -0.00014865795674268156
vn -0.000162298179930076 1 0.00004018915205961093
vn -0.0022013457491993904 0.9999974966049194 -0.00044603474088944495
vn 0.00008746373350732028 1 -0.000056759683502605185
vn 7.335158613841486e-8 1 -1.4924063762578044e-8
vn 0.00014351590652950108 1 0.00011224304034840316
vn 0.00014351590652950108 1 0.00011224305490031838
vn 0.00040985565283335745 0.9999998807907104 -0.0003564658109098673
vn 0.00040985565283335745 0.9999998807907104 -0.0003564658109098673
vn 0.00040985565283335745 0.9999998807907104 -0.0003564658109098673
vn 0.00040985565283335745 0.9999998807907104 -0.0003564658109098673
vn 0.00010095477773575112 1 -0.00004564939081319608
vn 0.00030276941834017634 0.9999999403953552 -0.00013700942508876324
vn 0 1 0
vn 0 1 0
vn -3.5382245755499753e-7 -1 0.000011171553524036426
vn -3.5382245755499753e-7 -1 0.000011171553524036426
vn -1.7875387925414543e-7 -1 2.7006930736206414e-7
vn -2.824903617693053e-7 -1 -1.8697366499509371e-7
vn 0.00020495157514233142 1 -0.0001782175968401134
vn 0.0001537255448056385 1 -0.00013365554332267493
vn 0.00040985565283335745 0.9999998807907104 -0.0003564658109098673
vn 0.6929289698600769 0.7070940732955933 -0.14095176756381989
vn 0.45073840022087097 0.5771691799163818 -0.6809630393981934
vn 0.00847860798239708 0.9081822037696838 -0.4184893071651459
vn -0.6809396743774414 0.5771337747573853 -0.4508189558982849
vn -0.6929476261138916 0.7070622444152832 0.14101962745189667
vn 0.6930260062217712 0.7068424820899963 -0.14173442125320435
vn 0.45056354999542236 0.5766934156417847 -0.6814815998077393
vn 0.008542320691049099 0.9079831838607788 -0.41891926527023315
vn -0.6809455156326294 0.5772210955619812 -0.4506983458995819
vn -0.6928732991218567 0.7071443796157837 0.14097286760807037
vn -0.00015050584624987096 1 0.00004974383773515001
vn -0.00015050584624987096 1 0.00004974383773515001
vn -0.00015050584624987096 1 0.00004974383773515001
vn 4.764383021438334e-8 1 2.341613907219653e-7
vn 0.00014351590652950108 1 0.00011224303307244554
vn 0.000054735974117647856 1 0.0002684793435037136
vn 0.000054735974117647856 1 0.0002684793435037136
vn 0.000054735977755626664 1 0.0002684793435037136
vn 0.5515574216842651 -0.03750387206673622 -0.8332933783531189
vn 0.5414081811904907 0.19424551725387573 -0.8180133700370789
vn 0.815524160861969 0.17991286516189575 -0.550046980381012
vn -0.00001354830055788625 1 -0.00007538597856182605
vn -0.000014775750969420187 1 -0.0000755573419155553
vn -0.19923509657382965 -0.03750237450003624 -0.9792338609695435
vn -0.19557492434978485 0.19422760605812073 -0.9612627625465393
vn -0.8332939147949219 -0.03751124441623688 -0.5515561103820801
vn -0.8180115818977356 0.19422326982021332 -0.5414188504219055
vn -0.9810386896133423 -0.03464128449559212 -0.19069109857082367
vn -0.9656055569648743 0.17990343272686005 -0.18772508203983307
vn -0.0001646541350055486 1 0.00003828010812867433
vn 0.00023229584621731192 1 -0.000043993251892970875
vn -0.1921667754650116 -0.2666381001472473 -0.9444448351860046
vn -0.8036899566650391 -0.26663917303085327 -0.5319643616676331
vn -0.9510417580604553 -0.24764785170555115 -0.18490560352802277
vn 0.00014351590652950108 1 0.00011224305490031838
vn 0.00009056871203938499 1 -0.00013762307935394347
vn 0.000054735974117647856 1 0.0002684793435037136
vn -0.00016937022155616432 1 0.00003445886250119656
vn -0.00016937126929406077 1 0.00003445807669777423
vn -0.1410859376192093 0.706657350063324 -0.693347156047821
vn 0.45065799355506897 -0.5773502588272095 -0.6808627247810364
vn -0.6808627843856812 -0.5773462057113647 -0.45066311955451965
vn -0.6808645129203796 0.577348530292511 -0.45065751671791077
vn 0.45065587759017944 0.5773517489433289 -0.6808628439903259
vn -0.6808627843856812 -0.5773462057113647 -0.45066311955451965
vn -0.6929105520248413 -0.7071089744567871 0.1409675031900406
vn -0.6929124593734741 0.7071067690849304 0.14096905291080475
vn -0.6808645129203796 0.577348530292511 -0.45065751671791077
vn 0.45065799355506897 -0.5773502588272095 -0.6808627247810364
vn 0.6929142475128174 -0.7071045637130737 -0.14097148180007935
vn -0.6929105520248413 -0.7071089744567871 0.1409675031900406
vn 0.6929123401641846 0.7071067690849304 -0.14096993207931519
vn 0.6929142475128174 -0.7071045637130737 -0.14097148180007935
vn 0.0005572602967731655 0.9999978542327881 0.002000655047595501
vn -0.14097759127616882 0.706906795501709 -0.6931148171424866
vn 0.45065152645111084 -0.5773500800132751 -0.6808671355247498
vn -0.6808642148971558 -0.5773457288742065 -0.4506615400314331
vn -0.6808656454086304 0.5773481726646423 -0.4506562054157257
vn 0.45065492391586304 0.5773525834083557 -0.6808627843856812
vn -0.6808642148971558 -0.5773457288742065 -0.4506615400314331
vn -0.6929141283035278 -0.7071067690849304 0.14096102118492126
vn -0.6929123401641846 0.7071067690849304 0.14096996188163757
vn -0.6808656454086304 0.5773481726646423 -0.4506562054157257
vn 0.45065152645111084 -0.5773500800132751 -0.6808671355247498
vn 0.6929106712341309 -0.7071067690849304 -0.14097799360752106
vn -0.6929141283035278 -0.7071067690849304 0.14096102118492126
vn 0.6929124593734741 0.7071067690849304 -0.14096906781196594
vn 0.6929106712341309 -0.7071067690849304 -0.14097799360752106
vn 0.00018786203872878104 1 -0.00003821907739620656
vn 0.00013766289339400828 1 -0.000047489382268395275
vn 0.000032017404009820893 1 -0.000143053664942272
vn -0.19937007129192352 -0.00016687910829205066 -0.9799242615699768
vn -0.14100578427314758 0.7070013284683228 -0.6930125951766968
vn -0.1993812620639801 -0.0002982068690471351 -0.9799219369888306
vn -0.6929124593734741 0.7071067690849304 0.14096905291080475
vn 0.45065587759017944 0.5773517489433289 -0.6808628439903259
vn -0.6929123401641846 0.7071067690849304 0.14096996188163757
vn 0.45065492391586304 0.5773525834083557 -0.6808627843856812
vn -0.14100578427314758 0.7070013284683228 -0.6930125951766968
vn 0.9798905849456787 0.008283814415335655 -0.19936366379261017
vn 0.692807137966156 0.707114577293396 -0.1414470225572586
vn 0.9797879457473755 0.000021911504518357106 -0.20003892481327057
vn 0.6928088665008545 0.707112729549408 -0.14144781231880188
vn -0.00009238142229150981 1 -0.000020593262888723984
vn 0.45065709948539734 -0.5773510932922363 -0.6808626055717468
vn -0.6808637976646423 -0.5773460865020752 -0.45066171884536743
vn -0.6808655261993408 0.5773479342460632 -0.4506567120552063
vn 0.4506553113460541 0.5773531794548035 -0.6808620095252991
vn -0.6808637976646423 -0.5773460865020752 -0.45066171884536743
vn -0.6929101943969727 -0.7071092128753662 0.14096833765506744
vn -0.6929125189781189 0.7071065902709961 0.14096997678279877
vn -0.6808655261993408 0.5773479342460632 -0.4506567120552063
vn 0.45065709948539734 -0.5773510932922363 -0.6808626055717468
vn 0.6929144263267517 -0.7071045637130737 -0.1409706175327301
vn -0.6929101943969727 -0.7071092128753662 0.14096833765506744
vn 0.6929124593734741 0.7071067690849304 -0.14096906781196594
vn 0.6929144263267517 -0.7071045637130737 -0.1409706175327301
vn -0.00009238089842256159 1 -0.000020592868168023415
vn 0.45065245032310486 -0.5773493051528931 -0.6808671951293945
vn -0.6808632016181946 -0.5773462653160095 -0.4506623446941376
vn -0.6808646321296692 0.5773487687110901 -0.4506569802761078
vn 0.45065587759017944 0.5773517489433289 -0.6808628439903259
vn -0.6808632016181946 -0.5773462653160095 -0.4506623446941376
vn -0.6929141283035278 -0.7071067690849304 0.14096102118492126
vn -0.6929123401641846 0.7071067690849304 0.14096996188163757
vn -0.6808646321296692 0.5773487687110901 -0.4506569802761078
vn 0.45065245032310486 -0.5773493051528931 -0.6808671951293945
vn 0.6929104924201965 -0.7071067690849304 -0.1409788727760315
vn -0.6929141283035278 -0.7071067690849304 0.14096102118492126
vn 0.6929123401641846 0.7071067690849304 -0.14096994698047638
vn 0.6929104924201965 -0.7071067690849304 -0.1409788727760315
vn 0.000054735974117647856 1 0.0002684793435037136
vn 0.000054735974117647856 1 0.0002684793435037136
vn 0.000054735974117647856 1 0.0002684793435037136
vn 0.00005473597047966905 0.9999999403953552 0.00026847931439988315
vn -0.6929125189781189 0.7071065902709961 0.14096997678279877
vn 0.4506553113460541 0.5773531794548035 -0.6808620095252991
vn -0.6929123401641846 0.7071067690849304 0.14096996188163757
vn 0.45065587759017944 0.5773517489433289 -0.6808628439903259
vn -0.000012934575352119282 1 -0.00007530028960900381
vn 0.000037264580896589905 1 -0.0000660299847368151
vn 0.00018786203872878104 1 -0.00003821907739620656
vn 2.2005475841524458e-7 1 -4.477219306409097e-8
vn 0.6641533374786377 0.6056709289550781 0.4382500648498535
vn 0.6982075572013855 -0.5479524731636047 0.46071067452430725
vn 0.43780258297920227 -0.6122909188270569 -0.6583530902862549
vn 0.4658011794090271 0.5407370328903198 -0.7004517912864685
vn 0.13558891415596008 0.7331210374832153 0.6664451956748962
vn 0.14616571366786957 -0.6800981760025024 0.7184024453163147
vn 0.6982075572013855 -0.5479524731636047 0.46071067452430725
vn 0.6641533374786377 0.6056709289550781 0.4382500648498535
vn 0.14616571366786957 -0.6800981760025024 0.7184024453163147
vn -0.13426631689071655 -0.7392075657844543 -0.6599581241607666
vn 0.43780258297920227 -0.6122909188270569 -0.6583530902862549
vn -0.13426631689071655 -0.7392075657844543 -0.6599581241607666
vn -0.14737626910209656 0.6734776496887207 -0.7243673205375671
vn 0.4658011794090271 0.5407370328903198 -0.7004517912864685
vn 0.6641508340835571 0.6056697964668274 0.4382553994655609
vn 0.6981905102729797 -0.5479620099067688 0.46072518825531006
vn 0.4377991259098053 -0.6122972369194031 -0.6583494544029236
vn 0.46579644083976746 0.5407447218894958 -0.7004490494728088
vn 0.6981905102729797 -0.5479620099067688 0.46072518825531006
vn 0.13557583093643188 0.7331187725067139 0.6664503812789917
vn 0.14615564048290253 -0.6800983548164368 0.7184042930603027
vn 0.14615564048290253 -0.6800983548164368 0.7184042930603027
vn -0.1342754065990448 -0.7392095327377319 -0.6599540710449219
vn 0.4377991259098053 -0.6122972369194031 -0.6583494544029236
vn 0.6981905102729797 -0.5479620099067688 0.46072518825531006
vn 0.4377991259098053 -0.6122972369194031 -0.6583494544029236
vn -0.1342754065990448 -0.7392095327377319 -0.6599540710449219
vn -0.14737457036972046 0.6734735369682312 -0.7243715524673462
vn -0.14737457036972046 0.6734735369682312 -0.7243715524673462
vn 0.13557583093643188 0.7331187725067139 0.6664503812789917
vn 0.6641508340835571 0.6056697964668274 0.4382553994655609
vn 0.46579644083976746 0.5407447218894958 -0.7004490494728088
vn 0.6641533374786377 0.6056709289550781 0.4382500648498535
vn 0.4658011794090271 0.5407370328903198 -0.7004517912864685
vn 0.7024577260017395 0.5407403111457825 0.46276673674583435
vn 0.6602405309677124 -0.6122916340827942 0.4349498748779297
vn 0.46268314123153687 -0.5479580163955688 -0.6968976259231567
vn 0.44012024998664856 0.6056666374206543 -0.6629193425178528
vn 0.1473771631717682 0.673478364944458 0.7243664860725403
vn 0.1342775523662567 -0.7392069101333618 0.6599565744400024
vn 0.6602405309677124 -0.6122916340827942 0.4349498748779297
vn -0.000014775750969420187 1 -0.0000755573419155553
vn 0.46268314123153687 -0.5479580163955688 -0.6968976259231567
vn -0.14615844190120697 -0.6801026463508606 -0.718399703502655
vn -0.13559405505657196 0.7331169247627258 -0.6664486527442932
vn 0.7024579048156738 0.5407423377037048 0.4627641439437866
vn 0.6602367162704468 -0.6122974157333374 0.43494755029678345
vn 0.4626786708831787 -0.5479576587677002 -0.6969009041786194
vn 0.44012731313705444 0.6056599617004395 -0.6629207730293274
vn 0.6602367162704468 -0.6122974157333374 0.43494755029678345
vn 0.1473717987537384 0.673475444316864 0.7243703603744507
vn 0.13427528738975525 -0.7392069101333618 0.6599570512771606
vn 0.13427528738975525 -0.7392069101333618 0.6599570512771606
vn -0.14615848660469055 -0.6801049113273621 -0.7183975577354431
vn 0.4626786708831787 -0.5479576587677002 -0.6969009041786194
vn 0.6602367162704468 -0.6122974157333374 0.43494755029678345
vn 0.4626786708831787 -0.5479576587677002 -0.6969009041786194
vn -0.14615848660469055 -0.6801049113273621 -0.7183975577354431
vn -0.13559095561504364 0.7331157922744751 -0.6664505004882812
vn -0.13559095561504364 0.7331157922744751 -0.6664505004882812
vn 0.1473717987537384 0.673475444316864 0.7243703603744507
vn 0.7024579048156738 0.5407423377037048 0.4627641439437866
vn 0.44012731313705444 0.6056599617004395 -0.6629207730293274
vn -0.13559405505657196 0.7331169247627258 -0.6664486527442932
vn 0.1473771631717682 0.673478364944458 0.7243664860725403
vn 0.7024577260017395 0.5407403111457825 0.46276673674583435
vn 0.44012024998664856 0.6056666374206543 -0.6629193425178528
vn -0.03924677520990372 0.9807851314544678 -0.19110271334648132
vn -0.00035637745168060064 0.9999999403953552 0.00007198466482805088
vn -0.00035746119101531804 0.9999999403953552 0.00007272679067682475
vn -0.07662785053253174 0.923879086971283 -0.3749341368675232
vn 0.07596742361783981 0.9238802194595337 0.37506571412086487
vn -0.41777104139328003 0.6738173961639404 -0.6094567179679871
vn -0.6640090346336365 0.7052847743034363 -0.2483249306678772
vn 0.016678305342793465 0.8220529556274414 -0.5691668391227722
vn 0.016678063198924065 0.8220527172088623 -0.5691670775413513
vn -0.22989073395729065 0.9582914710044861 -0.16978704929351807
vn 0.4475860297679901 0.7957309484481812 -0.4080182909965515
vn -0.7827311158180237 0.6013096570968628 0.1604950726032257
vn 0.7834520936012268 0.6004409193992615 -0.16022950410842896
vn -0.22989070415496826 0.9582915902137756 -0.1697869449853897
vn 0.44758614897727966 0.7957310080528259 -0.4080181121826172
vn -0.7827311754226685 0.6013096570968628 0.16049505770206451
vn 0.7834520936012268 0.6004409193992615 -0.16022953391075134
vn 0.04662368819117546 0.6045476198196411 -0.7952033281326294
vn -0.41777142882347107 0.6738169193267822 -0.6094569563865662
vn 0.4991315007209778 0.38114118576049805 -0.778202474117279
vn -0.7635098695755005 0.3825004994869232 -0.5203325748443604
vn 0.04662369564175606 0.6045482158660889 -0.7952029705047607
vn 0.49913114309310913 0.3811419904232025 -0.7782023549079895
vn -0.7635095715522766 0.3825012445449829 -0.5203325748443604
vn 0.07619917392730713 0.9251930117607117 0.37176811695098877
vn 0.14096607267856598 0.7107487320899963 0.6891769766807556
vn 0.14095169305801392 0.7119550704956055 0.6879335641860962
vn 0.14098002016544342 0.7095402479171753 0.6904182434082031
vn -0.1409408152103424 0.7071019411087036 -0.6929231882095337
vn -0.11072419583797455 0.831463634967804 -0.5444341897964478
vn -0.0762544721364975 0.9238718152046204 -0.3750282824039459
vn -0.14093925058841705 0.7071056962013245 -0.6929196715354919
vn -0.0388527475297451 0.9807805418968201 -0.1912066787481308
vn -0.11072590202093124 0.8314606547355652 -0.5444383025169373
vn -0.07625285536050797 0.9238746166229248 -0.37502148747444153
vn -0.14094236493110657 0.707098126411438 -0.6929267644882202
vn 0.17428253591060638 -0.9786157608032227 -0.1092555895447731
vn 0.1663195788860321 -0.9817445874214172 -0.09227807074785233
vn 0.1772826910018921 -0.9841592907905579 -0.0012114422861486673
vn 0.15395621955394745 -0.9710646271705627 -0.1825678050518036
vn 0.15045911073684692 -0.9868947863578796 -0.058315008878707886
vn -0.11256495863199234 -0.9866621494293213 0.1175880879163742
vn -0.11118289828300476 -0.9872621297836304 0.11380597203969955
vn -0.12440577149391174 -0.991981029510498 0.022289253771305084
vn -0.0970069169998169 -0.9740800261497498 0.20434708893299103
vn -0.10847467184066772 -0.9884052276611328 0.1062467098236084
vn -0.09175001829862595 -0.9775987863540649 0.18942691385746002
vn -0.11148089170455933 -0.9872775077819824 0.1133800819516182
vn -0.10020402818918228 -0.9839022159576416 0.14797218143939972
vn 0.20339927077293396 -0.9774988889694214 0.055896956473588943
vn 0.20303727686405182 -0.9774085879325867 0.058722496032714844
vn 0.2287047654390335 -0.9669406414031982 0.11278245598077774
vn 0.17662037909030914 -0.9842689633369446 0.004445792641490698
vn 0.5512596368789673 0.0462498776614666 -0.8330509066581726
vn 0.45683443546295166 0.5587704181671143 -0.692154586315155
vn -0.19919900596141815 0.03316449373960495 -0.979397714138031
vn -0.1798032820224762 0.4281131327152252 -0.8856579065322876
vn 0.20233029127120972 -0.9772000312805176 0.06436191499233246
vn 0.18029512465000153 0.4284568130970001 0.8853916525840759
vn 0.19923904538154602 0.03317132219672203 0.9793893098831177
vn 0.19923928380012512 0.03317122161388397 0.9793893098831177
vn 0.19937102496623993 0 0.9799240827560425
vn 0.19937102496623993 0 0.9799240827560425
vn 0.21486566960811615 -0.9720868468284607 0.0942322388291359
vn 0.176778644323349 -0.9788345694541931 0.10311288386583328
vn 0.22717000544071198 -0.965928316116333 0.12400121986865997
vn -0.14100989699363708 -0.7071053981781006 -0.692905604839325
vn -0.14100967347621918 -0.7071067690849304 -0.6929042339324951
vn -0.14093925058841705 0.7071056962013245 -0.6929196715354919
vn -0.10975054651498795 0.8347020745277405 -0.5396547317504883
vn -0.18326812982559204 0.3934551477432251 -0.9008917212486267
vn -0.10975054651498795 0.8347020745277405 -0.5396547317504883
vn -0.18603447079658508 0.3872561454772949 -0.903008222579956
vn -0.18156111240386963 0.41947638988494873 -0.8894240260124207
vn -0.17919376492500305 0.3879719078540802 -0.9040837287902832
vn -0.15749241411685944 -0.9843717813491821 -0.07879260182380676
vn -0.14872774481773376 -0.988054096698761 -0.04036395251750946
vn -0.08344143629074097 -0.9947730898857117 -0.058856625109910965
vn -0.1660103052854538 -0.9791468977928162 -0.11709778755903244
vn -0.1534278392791748 -0.9773892760276794 -0.14549943804740906
vn -0.1394267976284027 -0.9883001446723938 -0.06183125451207161
vn -0.14257551729679108 -0.988273024559021 -0.054670289158821106
vn -0.1305132359266281 -0.9907699823379517 0.03662281110882759
vn -0.12109194695949554 -0.9897993206977844 0.07506026327610016
vn -2.824903617693053e-7 -1 -1.8697366499509371e-7
vn 0.150150865316391 -0.9871047139167786 -0.05548945441842079
vn 0.12504255771636963 -0.9920104742050171 -0.016724178567528725
vn 0.12583181262016296 -0.9886651039123535 0.08190055191516876
vn 0.12303554266691208 -0.9856948852539062 -0.11518603563308716
vn 0.07448957115411758 -0.9953890442848206 0.060430869460105896
vn -0.6913096308708191 0.5584753155708313 -0.4584716856479645
vn -0.8330913186073303 0.04625476896762848 -0.5511981248855591
vn -0.18045884370803833 0.4285576343536377 -0.8853095173835754
vn -0.19920985400676727 0.03317413106560707 -0.9793951511383057
vn 0.04872056469321251 -0.9975790977478027 0.049620579928159714
vn 0.025254912674427032 -0.9995348453521729 0.017094770446419716
vn 0.02291327901184559 -0.9989853501319885 0.03877130523324013
vn -0.45682474970817566 0.5587744116783142 0.6921577453613281
vn 0.19923555850982666 0.0331638865172863 0.9793902635574341
vn -0.5512431263923645 0.046249888837337494 0.8330618143081665
vn 0.19923844933509827 0.03316154703497887 0.9793897867202759
vn 0.19935806095600128 0 0.9799267053604126
vn 0.19935807585716248 0 0.9799267053604126
vn 0.031054019927978516 -0.9988285899162292 -0.03710957244038582
vn 0.032203309237957 -0.99833083152771 -0.047942355275154114
vn 0.029901033267378807 -0.9992074966430664 -0.026272371411323547
vn 0.027584536001086235 -0.9996090531349182 -0.004589891526848078
vn 0.12830285727977753 -0.9899099469184875 0.06013951450586319
vn 0.03881748020648956 0.9814517498016357 0.18773843348026276
vn 0.03426790237426758 -0.9989835023880005 -0.029283003881573677
vn 0.03632040321826935 -0.9992838501930237 -0.010613324120640755
vn 0.0010813468834385276 -0.9999304413795471 0.011749938130378723
vn 0.032203309237957 -0.99833083152771 -0.047942355275154114
vn 0.8338803648948669 0.000043097883462905884 0.5519452095031738
vn 0.9797011017799377 -0.06725139915943146 0.18884679675102234
vn 0.978909432888031 -0.045572634786367416 -0.19914685189723969
vn 0.8325483202934265 -0.07877454906702042 0.5483227372169495
vn 0.8290585279464722 -0.00008234845881816 -0.5591618418693542
vn 0.9799243211746216 0.000002563135240052361 -0.19936996698379517
vn 0.9814906120300293 -0.022844942286610603 0.1901424378156662
vn 0.8336306214332581 -0.04221443831920624 0.5507067441940308
vn -0.12723062932491302 -0.9914225339889526 0.029896901920437813
vn 0.1935902088880539 -0.9804470539093018 -0.035304777324199677
vn -0.09175001829862595 -0.9775987863540649 0.18942691385746002
vn 0.06862650066614151 -0.9849171042442322 0.158835306763649
vn -0.06103614345192909 -0.9895408153533936 0.13070425391197205
vn -0.030045518651604652 -0.9969959855079651 0.07138895243406296
vn -0.7457700967788696 0.5901289582252502 0.3091517686843872
vn -0.7457407116889954 0.5902060866355896 0.3090754449367523
vn -0.4508218467235565 0.5772386789321899 0.6808488965034485
vn -0.8725988864898682 0.47016412019729614 -0.13235142827033997
vn -0.9211634397506714 -0.07466062903404236 0.38194742798805237
vn -0.7457407116889954 0.5902060866355896 0.3090754449367523
vn -0.8725988864898682 0.47016412019729614 -0.13235142827033997
vn -0.4508218467235565 0.5772386789321899 0.6808488965034485
vn 0.4979354441165924 -0.7867661118507385 -0.36477285623550415
vn 0.2450151890516281 -0.943926215171814 -0.22129341959953308
vn -0.1344958245754242 -0.9477695226669312 -0.28921234607696533
vn 0.588103175163269 -0.7997623085975647 -0.12047786265611649
vn -0.5894758701324463 -0.7987102270126343 0.12074840068817139
vn 0.4979355037212372 -0.7867660522460938 -0.36477312445640564
vn 0.2450151890516281 -0.943926215171814 -0.2212935835123062
vn -0.13449564576148987 -0.9477694034576416 -0.2892126142978668
vn 0.5881029963493347 -0.7997624278068542 -0.12047787755727768
vn -0.5894758105278015 -0.798710286617279 0.12074840813875198
vn -0.365981787443161 -0.8618260025978088 -0.35116007924079895
vn -0.5737486481666565 -0.72002774477005 -0.39034923911094666
vn 0.3739185333251953 -0.7202863097190857 -0.5842709541320801
vn -0.3659820854663849 -0.8618258833885193 -0.351159930229187
vn -0.573749303817749 -0.7200275659561157 -0.3903486430644989
vn 0.373918741941452 -0.7202858924865723 -0.5842713713645935
vn 0.6912550926208496 0.558452844619751 0.4585812985897064
vn 0.556492030620575 0.26068925857543945 0.7888966202735901
vn 0.4632332921028137 0.5245473980903625 0.7143282890319824
vn 0.08126804977655411 -0.9954127669334412 -0.050485529005527496
vn 0.02291327901184559 -0.9989853501319885 0.03877130523324013
vn 0.12303554266691208 -0.9856948852539062 -0.11518603563308716
vn 0.07714344561100006 -0.9238476157188416 0.37490585446357727
vn 0.07714344561100006 -0.9238476157188416 0.37490585446357727
vn 0.14123620092868805 -0.7070558667182922 0.6929100155830383
vn 0.0013068858534097672 -0.9999991059303284 -0.00017144059529528022
vn 0.9221883416175842 0.000020874602341791615 -0.38674110174179077
vn 0.9221883416175842 0.000020874602341791615 -0.38674110174179077
vn 0.8290033936500549 0.000025448058295296505 -0.5592436194419861
vn 0.039010923355817795 -0.999133288860321 0.014519154094159603
vn 0.01950959861278534 -0.9997832775115967 0.007261285558342934
vn 0.9799238443374634 0.0000154987137648277 -0.1993720680475235
vn -0.1259879320859909 0.7748609781265259 -0.6194493770599365
vn -0.14093860983848572 0.7071076035499573 -0.6929178237915039
vn -0.14093874394893646 0.7071071863174438 -0.6929182410240173
vn -0.14093846082687378 0.7071080207824707 -0.6929174065589905
vn -0.0970069169998169 -0.9740800261497498 0.20434708893299103
vn 0.22717000544071198 -0.965928316116333 0.12400121986865997
vn -0.021715490147471428 -0.9928502440452576 -0.11737487465143204
vn -0.1660103052854538 -0.9791468977928162 -0.11709778755903244
vn -0.0061090970411896706 -0.9883811473846436 -0.1518726646900177
vn -0.1534278392791748 -0.9773892760276794 -0.14549943804740906
vn 0.15395621955394745 -0.9710646271705627 -0.1825678050518036
vn 0.17998676002025604 0.42833730578422546 0.8855122327804565
vn -0.14375253021717072 0.3303447663784027 0.9328492283821106
vn 0.06600899249315262 -0.9838272333145142 0.16651372611522675
vn 0.2287047654390335 -0.9669406414031982 0.11278245598077774
vn -0.1410096287727356 -0.7071064114570618 -0.6929046511650085
vn -0.1410096287727356 -0.7071064114570618 -0.6929046511650085
vn 0.8290578126907349 -0.000058168261602986604 -0.5591629147529602
vn 0.9799238443374634 0.0000154987137648277 -0.1993720680475235
vn 0.06681231409311295 -0.9847092628479004 0.16088463366031647
vn 0.833087146282196 0.0462631992995739 0.551203727722168
vn -0.14713625609874725 0.5246386528015137 0.8385136723518372
vn 0.050793588161468506 -0.9918807744979858 -0.11658702045679092
vn -0.8726291656494141 -0.47007662057876587 -0.132462278008461
vn -0.450471967458725 -0.577399492263794 0.6809440851211548
vn -0.04613424465060234 -0.9943839311599731 0.095248281955719
vn 0.02019890397787094 -0.9997065663337708 0.013369172811508179
vn 0.030294794589281082 -0.9993398785591125 0.02005140110850334
vn -0.14100965857505798 -0.7071065902709961 -0.6929044723510742
vn -0.1410096287727356 -0.7071064114570618 -0.6929046511650085
vn 0.04038623720407486 -0.9988265037536621 0.02673068642616272
vn -0.10975054651498795 0.8347020745277405 -0.5396547317504883
vn -0.10975054651498795 0.8347020745277405 -0.5396547317504883
vn -0.08344138413667679 -0.9947730898857117 -0.05885639786720276
vn -1.7875387925414543e-7 -1 2.7006930736206414e-7
vn -0.21891506016254425 -0.09179669618606567 0.9714162349700928
vn 0.1406727135181427 0.7070634961128235 0.6930168867111206
vn -0.4508218467235565 0.5772386789321899 0.6808488965034485
vn 0.14123620092868805 -0.7070558667182922 0.6929100155830383
vn -0.450471967458725 -0.577399492263794 0.6809440851211548
vn 0.06018482893705368 -0.9980250000953674 -0.01799674704670906
vn 0.03096538409590721 -0.9991651773452759 0.026648053899407387
vn 0.0013068858534097672 -0.9999991059303284 -0.00017144059529528022
vn 0.00038342049811035395 -0.9999999403953552 0.00007630618347320706
vn -0.00043295795330777764 0.9999998807907104 0.000006093001502449624
vn 0.1406727135181427 0.7070634961128235 0.6930168867111206
vn 0.07509305328130722 0.9238958358764648 0.3752032518386841
vn -0.0019249828765168786 0.9999980926513672 0.00023770022380631417
vn 0.9222071170806885 -0.00002175265944970306 -0.3866962194442749
vn -0.0019249828765168786 0.9999980926513672 0.00023770022380631417
vn -0.0011789709096774459 0.9999993443489075 0.00012189665721962228
vn 0.8336315155029297 -0.04227036237716675 0.5507011413574219
vn 0.9996627569198608 -0.025463812053203583 -0.005086845252662897
vn 0.039010923355817795 -0.999133288860321 0.014519154094159603
vn -0.45682474970817566 0.5587744116783142 0.6921577453613281
vn -0.5512431263923645 0.046249888837337494 0.8330618143081665
vn -0.8678475022315979 0.4223637580871582 0.2616284191608429
vn -0.6913096308708191 0.5584753155708313 -0.4584716856479645
vn -0.8330913186073303 0.04625476896762848 -0.5511981248855591
vn 0.45683443546295166 0.5587704181671143 -0.692154586315155
vn 0.5512596368789673 0.0462498776614666 -0.8330509066581726
vn 0.8678658604621887 0.42236989736557007 -0.26155775785446167
vn 0.6912550926208496 0.558452844619751 0.4585812985897064
vn 0.833087146282196 0.0462631992995739 0.551203727722168
vn -0.8726291656494141 -0.47007662057876587 -0.132462278008461
vn -0.872735857963562 -0.46991869807243347 -0.13232000172138214
vn -0.7992647290229797 -0.6009635925292969 0.004315909463912249
vn -0.692831814289093 -0.7072247266769409 0.14077383279800415
vn -0.9799332022666931 -0.0000025834733605734073 0.1993260383605957
vn -0.6929824948310852 0.7070519328117371 0.14090006053447723
vn -0.8726818561553955 0.4700517952442169 -0.13220325112342834
vn -0.450471967458725 -0.577399492263794 0.6809440851211548
vn -0.7456446290016174 -0.5903137922286987 0.3091014623641968
vn -0.7456446290016174 -0.5903137922286987 0.3091014623641968
vn -0.8278942108154297 0.5267553329467773 -0.19266554713249207
vn -0.9477125406265259 0.31824687123298645 -0.023660914972424507
vn -0.7713944315910339 0.5881174802780151 -0.2430400401353836
vn -0.8278939723968506 0.526755690574646 -0.19266554713249207
vn -0.041775479912757874 -0.9986923336982727 -0.029466932639479637
vn 0.00004543425893643871 0.9999999403953552 -0.000022717129468219355
vn 0.000042004983697552234 1 -0.00003741469117812812
vn 0.0763368085026741 0.9238847494125366 0.37497949600219727
vn 0.14100661873817444 0.7071167826652527 0.6928946375846863
vn 0.03836009278893471 -0.9992315173149109 0.008060104213654995
vn 0.04038623720407486 -0.9988265037536621 0.02673068642616272
vn 0.6866320967674255 0.5254907011985779 -0.5023902654647827
vn 0.6866317987442017 0.5254910588264465 -0.5023901462554932
vn -0.1409408152103424 0.7071019411087036 -0.6929231882095337
vn -0.14094236493110657 0.707098126411438 -0.6929267644882202
vn 0.1990051120519638 -0.059741999953985214 0.9781757593154907
vn 0.8336315155029297 -0.04227036237716675 0.5507011413574219
vn 0.8336306214332581 -0.04221443831920624 0.5507067441940308
vn 0.19900932908058167 -0.059812888503074646 0.9781705737113953
vn 0.1406727135181427 0.7070634961128235 0.6930168867111206
vn -0.00043295795330777764 0.9999998807907104 0.000006093001502449624
vn -0.6929824948310852 0.7070519328117371 0.14090006053447723
vn -0.4508218467235565 0.5772386789321899 0.6808488965034485
vn 0.00038342049811035395 -0.9999999403953552 0.00007630618347320706
vn 0.14123620092868805 -0.7070558667182922 0.6929100155830383
vn -0.450471967458725 -0.577399492263794 0.6809440851211548
vn -0.692831814289093 -0.7072247266769409 0.14077383279800415
vn 0.8325483202934265 -0.07877454906702042 0.5483227372169495
vn 0.8338803648948669 0.000043097883462905884 0.5519452095031738
vn 0.19936220347881317 0.00007651616760995239 0.9799258708953857
vn 0.1993568241596222 0 0.9799269437789917
vn 0.02694004587829113 -0.9991017580032349 0.032710544764995575
vn 0.82905513048172 0.0003590866981539875 -0.5591667294502258
vn 0.82905513048172 0.0003590866981539875 -0.5591667294502258
vn 0.8290585279464722 -0.00008234845881816 -0.5591618418693542
vn 0.8290578126907349 -0.000058168261602986604 -0.5591629147529602
vn 0.8290033936500549 0.000025448058295296505 -0.5592436194419861
vn -0.9799332022666931 -0.0000025834733605734073 0.1993260383605957
vn -0.8726291656494141 -0.47007662057876587 -0.132462278008461
vn -0.8725988864898682 0.47016412019729614 -0.13235142827033997
vn -0.8726818561553955 0.4700517952442169 -0.13220325112342834
vn -0.872735857963562 -0.46991869807243347 -0.13232000172138214
vn -0.14088769257068634 -0.9883233904838562 -0.058031294494867325
vn 0.17805784940719604 -0.9796875715255737 0.09223686903715134
vn 0.00000657344526189263 0.9999937415122986 -0.003518662415444851
vn -0.11072514951229095 0.8314626216888428 -0.5444352626800537
vn 0.16423940658569336 -0.9755530953407288 -0.1460184007883072
vn 0.024085531011223793 -0.9993196129798889 0.02793470397591591
vn 0.028744494542479515 -0.999467670917511 -0.01543204952031374
vn 0.03498908504843712 -0.9991757869720459 0.02058415114879608
vn 0.0773453637957573 -0.9815559387207031 -0.17482982575893402
vn 0.0002674151910468936 -0.9861196279525757 -0.16603602468967438
vn -0.07681215554475784 -0.9847279191017151 -0.15623952448368073
vn -0.9826814532279968 0.16223080456256866 0.08954578638076782
vn -0.979935348033905 -0.000011653184628812596 0.19931574165821075
vn 0.21176636219024658 -0.9765477180480957 0.03885238245129585
vn 0.15136468410491943 -0.9841364026069641 0.09254306554794312
vn 0.02642129734158516 -0.999631404876709 0.006252811755985022
vn -0.03885020315647125 0.980782687664032 -0.19119586050510406
vn 0.14099355041980743 0.7083295583724976 0.691657543182373
vn -0.6640092134475708 0.7052844762802124 -0.24832503497600555
vn -0.9793546199798584 -0.034095749258995056 0.19925352931022644
vn -0.8285112380981445 -0.03150007501244545 0.5590856671333313
vn -0.9830966591835022 -0.038470782339572906 0.17899999022483826
vn -0.5507299304008484 -0.07428434491157532 0.8313713669776917
vn -0.5507302284240723 -0.07428305596113205 0.8313714265823364
vn -0.37774646282196045 -0.07485174387693405 0.9228785634040833
vn -0.2627522945404053 -0.06976820528507233 0.9623376131057739
vn -0.4108302891254425 -0.10268527269363403 0.9059107899665833
vn -0.1890009045600891 -0.10723830759525299 0.9761037230491638
vn -0.548146665096283 -0.1329125165939331 0.8257538676261902
vn 0.9766833186149597 -0.10794634371995926 0.18557296693325043
vn 0.996932864189148 -0.07796324044466019 -0.006821804214268923
vn 0.9766466617584229 -0.10863659530878067 0.18536333739757538
vn 0.9790491461753845 -0.04430488497018814 -0.1987457573413849
vn 0.978909432888031 -0.045572634786367416 -0.19914685189723969
vn -0.2627522945404053 -0.06976820528507233 0.9623376131057739
vn -0.7281772494316101 -0.07389028370380402 0.6813942193984985
vn -0.4108302891254425 -0.10268527269363403 0.9059107899665833
vn -0.03280306234955788 -0.06937869638204575 0.997050940990448
vn 0.19892022013664246 -0.06523706763982773 0.9778419733047485
vn -0.03259435296058655 -0.03587888926267624 0.9988244771957397
vn -0.9751690030097961 -0.07297142595052719 -0.20909473299980164
vn -0.9982663989067078 -0.05849824845790863 -0.0064930603839457035
vn -0.9751690030097961 -0.07297142595052719 -0.20909473299980164
vn -0.9382513761520386 -0.0615137442946434 0.3404414653778076
vn -0.8449841141700745 -0.06892376393079758 0.5303313732147217
vn -0.9512941837310791 -0.06474801898002625 0.3014085590839386
vn -0.9969830513000488 -0.05644620954990387 0.05327847599983215
vn -0.9853746891021729 -0.06267867237329483 0.1584552824497223
vn 0.9799265265464783 0.00004177536175120622 -0.19935892522335052
vn 0.9799255132675171 0.000022169249859871343 -0.19936448335647583
vn 0.9799243211746216 0.000002563135240052361 -0.19936996698379517
vn 0.9799243211746216 0.000002563135240052361 -0.19936996698379517
vn 0.9814906120300293 -0.022844942286610603 0.1901424378156662
vn -0.8368273377418518 -0.029409734532237053 -0.5466763377189636
vn -0.9783762693405151 -0.05621160566806793 0.19904807209968567
vn -0.8348280787467957 -0.03456771746277809 -0.5494245886802673
vn -0.8348280787467957 -0.03456771746277809 -0.5494245886802673
vn -0.6637122631072998 -0.6045018434524536 -0.4405265152454376
vn -0.8368273377418518 -0.029409734532237053 -0.5466763377189636
vn -0.8147003650665283 -0.035189803689718246 -0.5788136124610901
vn -0.8147007822990417 -0.03518954664468765 -0.578812837600708
vn -0.9700362086296082 -0.046527814120054245 -0.2384631484746933
vn -0.8146997690200806 -0.03519005700945854 -0.5788142085075378
vn -0.5515357255935669 -0.02410884201526642 0.8338028192520142
vn -0.5514064431190491 -0.02769671566784382 0.8337768316268921
vn -0.520013153553009 -0.3320000171661377 0.7869958281517029
vn -0.43881574273109436 -0.6045061349868774 0.6648406386375427
vn -0.44445592164993286 -0.5922800898551941 0.6720589399337769
vn -0.7861794829368591 -0.3319980204105377 -0.5212477445602417
vn -0.833352267742157 -0.027697930112481117 -0.552047848701477
vn -0.6717169880867004 -0.5922791957855225 -0.44497376680374146
vn -0.5515357255935669 -0.02410884201526642 0.8338028192520142
vn -0.5557616949081421 -0.02579837292432785 0.8309412598609924
vn -0.5599716305732727 -0.02748716063797474 0.8280556797981262
vn -0.5557616949081421 -0.02579837292432785 0.8309412598609924
vn -0.979645848274231 -0.041580408811569214 0.19637995958328247
vn -0.9783774018287659 -0.05617285519838333 0.1990535408258438
vn -0.8259015083312988 -0.10230161994695663 0.5544556975364685
vn -0.9783774018287659 -0.05617285519838333 0.1990535408258438
vn -0.97935551404953 -0.034080829471349716 0.19925180077552795
vn -0.8237050175666809 -0.06089509651064873 -0.5637391805648804
vn -0.9757627248764038 -0.06893666088581085 -0.20768938958644867
vn -0.554840624332428 -0.08031295984983444 0.828071117401123
vn -0.9803244471549988 -0.04397660121321678 -0.19243194162845612
vn 0.19907666742801666 -0.05975322052836418 0.978160560131073
vn -0.19029638171195984 -0.07255252450704575 0.979042112827301
vn -0.997614324092865 -0.06258144974708557 -0.02914239838719368
vn -0.974481999874115 -0.06177295744419098 -0.2157982438802719
vn -0.9802789688110352 -0.0785946398973465 0.18131762742996216
vn 0.19904300570487976 -0.05978305637836456 0.9781655669212341
vn 0.004441522527486086 -0.06747475266456604 0.9977111220359802
vn 0.8260992169380188 -0.15520621836185455 0.541729748249054
vn 0.9224580526351929 -0.09555570781230927 0.37408605217933655
vn 0.8325483202934265 -0.07877454906702042 0.5483227372169495
vn 0.19900932908058167 -0.059812888503074646 0.9781705737113953
vn -0.7884746193885803 -0.32479315996170044 -0.522318959236145
vn -0.8276068568229675 -0.06471972912549973 0.5575646758079529
vn -0.9894738793373108 -0.05134718120098114 0.1352957785129547
vn -0.5217118859291077 -0.32479315996170044 0.7888765335083008
vn 0.1993568241596222 0 0.9799269437789917
vn 0.20436756312847137 -0.07392699271440506 0.9760987162590027
vn 0.8325483202934265 -0.07877454906702042 0.5483227372169495
vn 0.9814900755882263 -0.022823680192232132 0.19014807045459747
vn 0.9814893007278442 -0.022860586643218994 0.19014769792556763
vn 0.027297213673591614 -0.12673106789588928 -0.9915614128112793
vn 0.21834427118301392 -0.11344636976718903 -0.969255268573761
vn -0.16688507795333862 -0.12453333288431168 -0.9780802130699158
vn 0.5711271166801453 -0.08550099283456802 -0.8163965940475464
vn -0.548146665096283 -0.1329125165939331 0.8257538676261902
vn -0.8259015083312988 -0.10230161994695663 0.5544556975364685
vn -0.1627068668603897 -0.14446914196014404 -0.9760405421257019
vn -0.1648045927286148 -0.13450826704502106 -0.9771115183830261
vn -0.35073384642601013 -0.13885638117790222 -0.9261234402656555
vn 0.7156935930252075 -0.07911268621683121 -0.6939192414283752
vn 0.7130638957023621 -0.11274165660142899 -0.6919748187065125
vn 0.5711271166801453 -0.08550099283456802 -0.8163965940475464
vn 0.8290673494338989 -0.13588201999664307 -0.5423867106437683
vn -0.9789171814918518 -0.04533567279577255 0.19916288554668427
vn -0.9208958745002747 -0.056101974099874496 0.38575035333633423
vn -0.8093844056129456 -0.09229186922311783 -0.5799819827079773
vn -0.8093844056129456 -0.09229186922311783 -0.5799819827079773
vn -0.5254759788513184 -0.12798409163951874 -0.8411272764205933
vn 0.9901677966117859 -0.1398644745349884 -0.0023515948560088873
vn 0.9848850965499878 -0.17320823669433594 -0.00039094057865440845
vn 0.9674952626228333 -0.16667528450489044 -0.19019028544425964
vn 0.8345372676849365 -0.06988098472356796 -0.5465018153190613
vn 0.836699903011322 -0.08462521433830261 -0.541083812713623
vn 0.9233869314193726 -0.058137696236371994 -0.37944257259368896
vn 0.9664558172225952 -0.1734417974948883 0.1894226223230362
vn -0.8866643905639648 -0.06757613271474838 0.4574489891529083
vn -0.7796233296394348 -0.08838889747858047 0.619979739189148
vn 0.22044512629508972 -0.12412653863430023 -0.9674691557884216
vn -0.9327185750007629 -0.05957785248756409 0.35564950108528137
vn -0.19026271998882294 -0.07252129912376404 0.9790509343147278
vn 0.19900724291801453 -0.059832535684108734 0.9781699180603027
vn 0.19900724291801453 -0.059832535684108734 0.9781699180603027
vn -0.6427364349365234 -0.10414259880781174 0.7589757442474365
vn -0.18623128533363342 -0.11204865574836731 0.9760957956314087
vn 0.008323070593178272 -0.11557909101247787 0.9932634234428406
vn -0.18805819749832153 -0.15255454182624817 0.9702377319335938
vn 0.20041297376155853 -0.14917224645614624 0.968288242816925
vn -0.1627068668603897 -0.14446914196014404 -0.9760405421257019
vn 0.22448045015335083 -0.139273002743721 -0.9644747376441956
vn -0.1907854527235031 -0.18108204007148743 0.9647850394248962
vn 0.19507092237472534 -0.20220568776130676 0.9597188234329224
vn -0.7026227712631226 -0.07085756212472916 0.7080256342887878
vn -0.8276070356369019 -0.0647183209657669 0.5575645565986633
vn -0.7026229500770569 -0.07085685431957245 0.7080255746841431
vn -0.5507304072380066 -0.07428175956010818 0.8313713073730469
vn 0.1989377737045288 -0.059911832213401794 0.9781790971755981
vn 0.5586367845535278 -0.12327612936496735 0.8201999068260193
vn 0.8260992169380188 -0.15520621836185455 0.541729748249054
vn 0.9969609975814819 -0.07761211693286896 -0.006715007591992617
vn 0.9188788533210754 -0.12062299251556396 -0.37564849853515625
vn 0.9149186015129089 -0.15408051013946533 -0.3730725944042206
vn 0.5545452237129211 -0.16443216800689697 0.8157460689544678
vn -0.33868274092674255 -0.05884754657745361 0.9390585422515869
vn -0.4124366044998169 -0.04754869267344475 0.9097445011138916
vn -0.7290244698524475 -0.060960423201322556 0.6817677021026611
vn 0.7185948491096497 -0.0931270569562912 -0.6891652941703796
vn -0.5254759788513184 -0.12798409163951874 -0.8411272764205933
vn 0.19937102496623993 0 0.9799240827560425
vn -0.5507299304008484 -0.07428434491157532 0.8313713669776917
vn -0.702622652053833 -0.07085888832807541 0.7080256938934326
vn -0.5507302284240723 -0.07428305596113205 0.8313714265823364
vn -0.8311746120452881 -0.08299698680639267 0.5497820973396301
vn -0.9816122651100159 -0.03431544080376625 -0.1877763569355011
vn -0.97935551404953 -0.034080829471349716 0.19925180077552795
vn -0.4835399091243744 -0.035944268107414246 0.8745839595794678
vn -0.8327967524528503 -0.03972437232732773 -0.5521517992019653
vn -0.8327967524528503 -0.03972437232732773 -0.5521517992019653
vn -0.8321070075035095 -0.05072685331106186 -0.5522904396057129
vn -0.9795085787773132 -0.03783092647790909 0.19781748950481415
vn 0.1989680528640747 -0.05980129912495613 0.9781796932220459
vn 0.1990223526954651 -0.059777259826660156 0.9781701564788818
vn -0.8093844056129456 -0.09229186922311783 -0.5799819827079773
vn -0.8093844056129456 -0.09229186922311783 -0.5799819827079773
vn -0.8093844056129456 -0.09229186922311783 -0.5799819827079773
vn -0.5273148417472839 -0.11711432784795761 -0.8415599465370178
vn -0.5501431226730347 -0.05077337101101875 0.8335254192352295
vn 0.40521520376205444 -0.1144808679819107 -0.9070252776145935
vn 0.5746163129806519 -0.09934919327497482 -0.8123705983161926
vn -0.833816409111023 -0.037146225571632385 -0.5507907867431641
vn -0.833816409111023 -0.037146225571632385 -0.5507907867431641
vn 0.8336306214332581 -0.04221443831920624 0.5507067441940308
vn 0.5588582158088684 -0.05525358021259308 0.8274204730987549
vn 0.8336278200149536 -0.042282599955797195 0.5507057905197144
vn 0.8336306214332581 -0.04221443831920624 0.5507067441940308
vn 0.8336278200149536 -0.042282599955797195 0.5507057905197144
vn 0.1989377737045288 -0.059911832213401794 0.9781790971755981
vn -0.5507304072380066 -0.07428175956010818 0.8313713073730469
vn -0.37774670124053955 -0.0748504251241684 0.9228785037994385
vn -0.8215103149414062 -0.06604186445474625 -0.5663562417030334
vn -0.5254759788513184 -0.12798409163951874 -0.8411272764205933
vn 0.5779789090156555 -0.11317551136016846 -0.8081656694412231
vn 0.5746163129806519 -0.09934919327497482 -0.8123705983161926
vn 0.5779789090156555 -0.11317551136016846 -0.8081656694412231
vn -0.6296982765197754 -0.07292024046182632 0.7734098434448242
vn -0.9208958745002747 -0.056101251393556595 0.38575026392936707
vn 0.9189926981925964 -0.1341455727815628 0.37075236439704895
vn -0.7138515710830688 -0.07324519008398056 0.6964561343193054
vn -0.3777468204498291 -0.07484970986843109 0.9228785037994385
vn -0.19029666483402252 -0.07255113869905472 0.9790422320365906
vn 0.9797011017799377 -0.06725139915943146 0.18884679675102234
vn 0.9930850267410278 -0.07371139526367188 0.09137082099914551
vn -0.37774658203125 -0.07485107332468033 0.9228785037994385
vn 0.0044413781724870205 -0.06747405230998993 0.997711181640625
vn -0.19029653072357178 -0.07255183160305023 0.9790421724319458
vn 0.9128776788711548 -0.16736748814582825 0.3723470866680145
vn 0.9799243211746216 0.000002563135240052361 -0.19936996698379517
vn 0.9799243211746216 0.000002563135240052361 -0.19936996698379517
vn -0.8304172158241272 -0.045160628855228424 -0.5553086996078491
vn 0.22448045015335083 -0.139273002743721 -0.9644747376441956
vn 0.7199671864509583 -0.10066598653793335 -0.6866685152053833
vn 0.9240823984146118 -0.06561591476202011 -0.37651869654655457
vn -0.5516878962516785 -0.10665030032396317 0.8272038102149963
vn 0.5517920255661011 -0.19312849640846252 0.8113118410110474
vn -0.8059705495834351 -0.48881345987319946 -0.33387547731399536
vn -0.8039193749427795 0.4857639968395233 -0.3431428074836731
vn -0.8047773838043213 0.48808878660202026 -0.33779090642929077
vn 0.69870525598526 -0.5471007823944092 0.4609682559967041
vn 0.6636908650398254 0.6064541339874268 0.4378673732280731
vn 0.13543649017810822 0.7338433265686035 0.6656807661056519
vn 0.14631079137325287 -0.6793169379234314 0.7191117405891418
vn -0.8085402250289917 -0.48391643166542053 -0.3347948491573334
vn 0.4398424029350281 0.6064532399177551 -0.6623844504356384
vn 0.4630458950996399 -0.5471040606498718 -0.6973274946212769
vn -0.1463046371936798 -0.6793209314346313 -0.7191091775894165
vn -0.1354333758354187 0.7338405847549438 -0.6656844615936279
vn -0.611946702003479 0.48927003145217896 0.6213985085487366
vn -0.8047773838043213 0.48808878660202026 -0.33779090642929077
vn -0.8039193749427795 0.4857639968395233 -0.3431428074836731
vn -0.6059384942054749 0.4857655167579651 0.6299765110015869
vn -0.8059705495834351 -0.48881345987319946 -0.33387547731399536
vn -0.8085402250289917 -0.48391643166542053 -0.3347948491573334
vn -0.611958920955658 -0.48757416009902954 0.6227179765701294
vn -0.6114383935928345 -0.48880723118782043 0.6222624778747559
vn -0.8059748411178589 -0.4888063669204712 -0.3338755965232849
vn -0.8066237568855286 -0.4875715374946594 -0.3341139256954193
vn -0.6134545207023621 -0.48389551043510437 0.6241143345832825
vn -0.611437976360321 -0.48880377411842346 0.6222655773162842
vn 0.6930371522903442 0.7069830298423767 -0.14097678661346436
vn 0.9799308180809021 0.00005053543281974271 -0.19933786988258362
vn 0.9799309968948364 0.00003790158007177524 -0.19933754205703735
vn 0.9799309968948364 0.000025267716409871355 -0.19933713972568512
vn -0.14124128222465515 0.7071086168289185 -0.692855179309845
vn -0.6679732203483582 -0.5980930924415588 -0.44282782077789307
vn -0.5628451704978943 -0.4082487225532532 -0.7187060117721558
vn -0.8328491449356079 -0.038547661155462265 -0.5521561503410339
vn -0.19938620924949646 -0.0000016785274965513963 -0.9799209833145142
vn -0.6808648705482483 -0.5773590803146362 -0.4506434500217438
vn -4.940403641739977e-7 -1 1.0049789977983892e-7
vn -4.940574740430748e-7 -1 1.0050055720967066e-7
vn -4.940574740430748e-7 -1 1.0050055720967066e-7
vn -4.940574740430748e-7 -1 1.0050055720967066e-7
vn -4.940574740430748e-7 -1 1.0050055720967066e-7
vn 0.11818263679742813 0.9750818610191345 -0.18774476647377014
vn 0.693037211894989 0.7069830894470215 -0.14097680151462555
vn 0.427819162607193 0.8870833516120911 -0.17336039245128632
vn 0.6930371522903442 0.7069830298423767 -0.14097678661346436
vn -0.6927945017814636 0.7072321772575378 0.1409197896718979
vn -0.9799050092697144 -0.0072969961911439896 0.19933107495307922
vn -0.9799898266792297 0.005654935259371996 0.19896714389324188
vn -0.9799681305885315 -0.000821047811768949 0.19915330410003662
vn -0.9799898266792297 0.005654935259371996 0.19896714389324188
vn -4.940574740430748e-7 -1 1.0050055720967066e-7
vn -4.940574740430748e-7 -1 1.0050055720967066e-7
vn 0.000004957930286764167 1 -0.0000010085524309033644
vn 0.000004957930286764167 1 -0.0000010085524309033644
vn 0.000004957930286764167 1 -0.0000010085524309033644
vn 0.000004957930286764167 1 -0.0000010085524309033644
vn 0.000004916546004096745 1 -9.982053370549693e-7
vn -0.9799898266792297 0.005654935259371996 0.19896714389324188
vn -0.9799898266792297 0.005654935259371996 0.19896714389324188
vn 0.000004937238372804131 1 -0.0000010033788839791669
vn 0.000004957930286764167 1 -0.0000010085524309033644
vn -0.4444260001182556 -0.5922940969467163 0.6720663905143738
vn 0.19943587481975555 0.000002114487415383337 0.9799108505249023
vn 0.14098213613033295 -0.707129180431366 0.6928869485855103
vn -0.30442413687705994 -0.33652830123901367 0.8911086320877075
vn 0.199369877576828 0.000058325462305219844 0.9799243211746216
vn -0.1412333995103836 0.7071056365966797 -0.6928598284721375
vn 0.000004957930286764167 1 -0.0000010085524309033644
vn 0.979931116104126 0 -0.19933640956878662
vn 0.6930371522903442 0.7069830894470215 -0.14097678661346436
vn -0.5044793486595154 0.8487387299537659 -0.15856589376926422
vn 0.979930579662323 0 -0.19933952391147614
vn 0.9799304604530334 0 -0.19933949410915375
vn 0.9799305200576782 0 -0.19933950901031494
vn 0.9799304604530334 0 -0.19933949410915375
vn -4.940233111483394e-7 -1 1.0049524945543453e-7
vn -4.940318376611685e-7 -1 1.004965781703504e-7
vn -0.6354687809944153 -0.6539989709854126 -0.41044455766677856
vn -0.6929181814193726 -0.7071030735969543 0.14095982909202576
vn -0.6354579329490662 -0.6540065407752991 -0.4104492962360382
vn -0.42456692457199097 -0.6539788842201233 0.6261426210403442
vn -0.6808648705482483 -0.5773590803146362 -0.4506434500217438
vn -0.42457568645477295 -0.653969407081604 0.6261465549468994
vn -0.30442413687705994 -0.33652830123901367 0.8911086320877075
vn -0.5628451704978943 -0.4082487225532532 -0.7187060117721558
vn -0.1880001723766327 -0.5978285074234009 0.7792669534683228
vn -0.1727445274591446 -0.6386023759841919 0.7498975396156311
vn -0.42457568645477295 -0.653969407081604 0.6261465549468994
vn -0.22727352380752563 -0.294435054063797 0.9282535910606384
vn -0.593232274055481 -0.6988414525985718 -0.3996199667453766
vn -0.6354579329490662 -0.6540065407752991 -0.4104492962360382
vn -0.5484322309494019 -0.7449758648872375 -0.37978020310401917
vn -0.6354687809944153 -0.6539989709854126 -0.41044455766677856
vn -0.7717607617378235 -0.34462857246398926 -0.534430980682373
vn -0.8180326223373413 -0.2654770314693451 -0.5102397203445435
vn -0.5237105488777161 -0.34375426173210144 0.7794615626335144
vn -0.42456692457199097 -0.6539788842201233 0.6261426210403442
vn -0.5484322309494019 -0.7449758648872375 -0.37978020310401917
vn -0.1727445274591446 -0.6386023759841919 0.7498975396156311
vn -0.5237105488777161 -0.34375426173210144 0.7794615626335144
vn -0.7717607617378235 -0.34462857246398926 -0.534430980682373
vn -0.6354579329490662 -0.6540065407752991 -0.4104492962360382
vn -0.42456692457199097 -0.6539788842201233 0.6261426210403442
vn 0.4449045956134796 -0.895436704158783 0.01590515300631523
vn 0.69870525598526 -0.5471007823944092 0.4609682559967041
vn 0.14631079137325287 -0.6793169379234314 0.7191117405891418
vn 0.000004529669240582734 -1 0.000001886448103505245
vn -0.22727352380752563 -0.294435054063797 0.9282535910606384
vn -0.1880001723766327 -0.5978285074234009 0.7792669534683228
vn -0.6679732203483582 -0.5980930924415588 -0.44282782077789307
vn -0.8328491449356079 -0.038547661155462265 -0.5521561503410339
vn -0.593232274055481 -0.6988414525985718 -0.3996199667453766
vn -0.8180326223373413 -0.2654770314693451 -0.5102397203445435
vn -0.9784653782844543 -0.05458765849471092 0.19906197488307953
vn -0.673736035823822 -0.7261484265327454 0.13707026839256287
vn -0.6929181814193726 -0.7071030735969543 0.14095982909202576
vn -0.6354687809944153 -0.6539989709854126 -0.41044455766677856
vn -0.6808648705482483 -0.5773590803146362 -0.4506434500217438
vn 0.36218172311782837 0.9189273715019226 -0.1561950147151947
vn 0.4398424029350281 0.6064532399177551 -0.6623844504356384
vn -0.1354333758354187 0.7338405847549438 -0.6656844615936279
vn -0.42457568645477295 -0.653969407081604 0.6261465549468994
vn 0.13543649017810822 0.7338433265686035 0.6656807661056519
vn 0.6636908650398254 0.6064541339874268 0.4378673732280731
vn -0.9791748523712158 -0.039169806987047195 0.19920440018177032
vn -0.833352267742157 -0.027697930112481117 -0.552047848701477
vn -0.9251089692115784 -0.3538445830345154 -0.13772159814834595
vn -0.6792037487030029 -0.7208236455917358 0.13818685710430145
vn -0.6717169880867004 -0.5922791957855225 -0.44497376680374146
vn -0.5216955542564392 -0.32479313015937805 0.7888873219490051
vn -0.5514064431190491 -0.02769671566784382 0.8337768316268921
vn -0.5513752698898315 -0.02769666723906994 0.8337974548339844
vn -0.44445592164993286 -0.5922800898551941 0.6720589399337769
vn -0.5216812491416931 -0.32480132579803467 0.7888933420181274
vn -0.5217118859291077 -0.32479315996170044 0.7888765335083008
vn -0.7884746193885803 -0.32479315996170044 -0.522318959236145
vn -0.6145250797271729 0.4902613162994385 0.618063747882843
vn -0.6059266328811646 0.4857654273509979 0.6299879550933838
vn -0.6114376187324524 -0.4888077676296234 0.6222627758979797
vn -0.6134518980979919 -0.483916312456131 0.6241008043289185
vn -0.17139136791229248 -0.9083025455474854 -0.3815907835960388
vn -0.0003099403693340719 -0.9999998807907104 -0.00045299544581212103
vn -0.6929468512535095 -0.7070693373680115 0.140987828373909
vn 0.6925084590911865 -0.7073707580566406 -0.14162856340408325
vn -0.805972158908844 -0.4888104796409607 -0.33387601375579834
vn -0.8039193153381348 0.4857644736766815 -0.34314221143722534
vn -0.8060979247093201 0.48926350474357605 -0.33290743827819824
vn 0.9799304604530334 0 -0.19933949410915375
vn -0.8066228628158569 -0.4875712990760803 -0.3341163992881775
vn -0.6145250797271729 0.4902613162994385 0.618063747882843
vn -0.8060979247093201 0.48926350474357605 -0.33290743827819824
vn -0.8039193153381348 0.4857644736766815 -0.34314221143722534
vn -0.6059266328811646 0.4857654273509979 0.6299879550933838
vn -0.6119454503059387 0.4892706573009491 0.6213992238044739
vn -0.6059392094612122 0.4857674837112427 0.6299743056297302
vn -0.6114376187324524 -0.4888077676296234 0.6222627758979797
vn -0.6119576692581177 -0.4875747859477997 0.6227187514305115
vn -0.8059715628623962 -0.4888118505477905 -0.333875447511673
vn -0.8039186596870422 0.48576366901397705 -0.3431449830532074
vn -0.8047777414321899 0.48808884620666504 -0.337789922952652
vn -0.8085417151451111 -0.48391416668891907 -0.3347945511341095
vn -0.6119454503059387 0.4892706573009491 0.6213992238044739
vn -0.8047777414321899 0.48808884620666504 -0.337789922952652
vn -0.8039186596870422 0.48576366901397705 -0.3431449830532074
vn -0.6059392094612122 0.4857674837112427 0.6299743056297302
vn -0.9714159965515137 0.09169255942106247 -0.21896018087863922
vn -0.6929468512535095 -0.7070693373680115 0.140987828373909
vn -0.6928732991218567 0.7071443796157837 0.14097286760807037
vn -0.6807877421379089 -0.5774836540222168 -0.45060035586357117
vn -0.6809455156326294 0.5772210955619812 -0.4506983458995819
vn 0.8080314993858337 -0.09237511456012726 -0.58185213804245
vn 0.6930260062217712 0.7068424820899963 -0.14173442125320435
vn 0.45056354999542236 0.5766934156417847 -0.6814815998077393
vn 0.4505314826965332 -0.5776306986808777 -0.6807085275650024
vn 0.8086085319519043 -0.09188061952590942 -0.5811283588409424
vn 0.6929289698600769 0.7070940732955933 -0.14095176756381989
vn 0.6929044723510742 -0.7071191072463989 -0.14094679057598114
vn 0.45073840022087097 0.5771691799163818 -0.6809630393981934
vn 0.4505809545516968 -0.5775436758995056 -0.6807496547698975
vn -0.8059715628623962 -0.4888118505477905 -0.333875447511673
vn -0.8085417151451111 -0.48391416668891907 -0.3347945511341095
vn -0.6119576692581177 -0.4875747859477997 0.6227187514305115
vn -0.6114376187324524 -0.4888077676296234 0.6222627758979797
vn -0.805972158908844 -0.4888104796409607 -0.33387601375579834
vn -0.8066228628158569 -0.4875712990760803 -0.3341163992881775
vn -0.6134518980979919 -0.483916312456131 0.6241008043289185
vn -0.6114376187324524 -0.4888077676296234 0.6222627758979797
vn 0.18409429490566254 0.38268592953681946 0.9053511619567871
vn 0.14072595536708832 0.7071091532707214 0.6929594874382019
vn -0.1712970733642578 -0.9083102941513062 -0.3816145956516266
vn -0.6928600072860718 -0.7071516513824463 0.14100179076194763
vn -0.680738627910614 -0.5775831937789917 -0.45054692029953003
vn -0.6807877421379089 -0.5774836540222168 -0.45060035586357117
vn -0.9799294471740723 -0.00005464993228088133 0.19934464991092682
vn -0.9799294471740723 -0.00005464993228088133 0.19934464991092682
vn -0.9799294471740723 -0.00005464993228088133 0.19934464991092682
vn -0.9799294471740723 -0.00005464993228088133 0.19934464991092682
vn -0.9799373149871826 0 0.19930604100227356
vn 0.0000021219439076958224 1 -0.0000025179047042911407
vn -0.40257444977760315 -0.8482765555381775 0.3440358340740204
vn -0.4025445282459259 -0.8482545614242554 0.3441251218318939
vn 0.058527715504169464 -0.9572553038597107 0.28326117992401123
vn 0.506245493888855 -0.8478359580039978 0.15776456892490387
vn 0.23982250690460205 -0.8548392653465271 0.4601467549800873
vn -0.5049867033958435 0.8482633829116821 -0.1594918817281723
vn -0.5049717426300049 0.8482537865638733 -0.15959012508392334
vn 0.007272535003721714 0.9975389838218689 -0.06973518431186676
vn 0.5173877477645874 0.8547905087471008 0.04053502157330513
vn 0.4006817042827606 0.848696231842041 -0.3452084958553314
vn -0.9799332022666931 -0.0000025834733605734073 0.1993260383605957
vn -0.5044793486595154 0.8487387299537659 -0.15856589376926422
vn -0.6098055243492126 0.7925001382827759 -0.008987661451101303
vn -0.6927945017814636 0.7072321772575378 0.1409197896718979
vn -0.6098055243492126 0.7925001382827759 -0.008987661451101303
vn -0.7713944315910339 0.5881174802780151 -0.2430400401353836
vn -0.11179028451442719 0.8320685625076294 -0.5432907342910767
vn -0.08602317422628403 0.9043350219726562 -0.4180648922920227
vn -0.0584007203578949 0.9570968151092529 -0.283822238445282
vn -0.9799361228942871 0 0.19931191205978394
vn -0.9799327850341797 -0.000027324966140440665 0.19932827353477478
vn -0.19930967688560486 -0.000023924267225083895 -0.9799365401268005
vn -0.19933930039405823 -0.00002392412170593161 -0.9799305200576782
vn -0.19930970668792725 -0.000023956563381943852 -0.9799365401268005
vn -0.1993689090013504 -0.000023923976186779328 -0.9799244999885559
vn -0.1993689090013504 -0.000023923976186779328 -0.9799244999885559
vn -0.7708507776260376 0.5891996622085571 -0.24214215576648712
vn -0.10523144900798798 0.8493406772613525 -0.5172492265701294
vn 0.22025491297245026 0.965068519115448 -0.14188215136528015
vn 0.28212639689445496 0.957658588886261 -0.05739925429224968
vn 0.28212639689445496 0.957658588886261 -0.05739925429224968
vn 0.15595613420009613 0.9618430137634277 -0.2248014509677887
vn 0.28896793723106384 0.9568166136741638 -0.031615033745765686
vn -0.2001388967037201 -0.001178519451059401 -0.979766845703125
vn 0.8303862810134888 -0.15655192732810974 0.534743070602417
vn 0.8303788900375366 -0.1565616875886917 0.5347516536712646
vn 0.5519382953643799 -0.000010189940439886414 -0.8338849544525146
vn -0.34401342272758484 -0.8483065366744995 -0.4025304615497589
vn -0.3440130352973938 -0.8483051657676697 -0.4025336503982544
vn -0.06102646514773369 -0.9975655674934387 0.033745139837265015
vn 0.23982250690460205 -0.8548392653465271 0.4601467549800873
vn -0.15952348709106445 -0.848456859588623 0.5046516060829163
vn 0.5173877477645874 0.8547905087471008 0.04053502157330513
vn 0.34588611125946045 0.8489320874214172 0.3995962142944336
vn 0.28483837842941284 0.9567336440086365 -0.05939633399248123
vn 0.15941080451011658 0.8482921719551086 -0.5049639940261841
vn 0.15949717164039612 0.8484715223312378 -0.5046352744102478
vn 0.5519382953643799 -0.000010189940439886414 -0.8338849544525146
vn 0.0000019923584204661893 1 -4.053497377753956e-7
vn 0.0000019923584204661893 1 -4.053497377753956e-7
vn 0.5519382953643799 -0.000010189940439886414 -0.8338849544525146
vn 0.5519382953643799 -0.000010189940439886414 -0.8338849544525146
vn -0.5044793486595154 0.8487387299537659 -0.15856589376926422
vn -0.0584007203578949 0.9570968151092529 -0.283822238445282
vn 0.0002071667549898848 0.9999999403953552 0.00013577188656199723
vn -0.9799294471740723 -0.00005464993228088133 0.19934464991092682
vn -0.5519336462020874 0 0.833888053894043
vn -0.5519339442253113 -0.0000015822294017198146 0.8338878154754639
vn -0.9799361228942871 0 0.19931191205978394
vn -0.9799154996871948 -0.00005473150304169394 0.19941310584545135
vn -0.8338860869407654 -0.000010041067071142606 -0.5519365668296814
vn -0.8338860869407654 -0.000010041067071142606 -0.5519365668296814
vn -0.833881676197052 -0.000026958496164297685 -0.5519432425498962
vn -0.1993689090013504 -0.000023923976186779328 -0.9799244999885559
vn -0.1993689090013504 -0.000023923976186779328 -0.9799244999885559
vn 0.15595613420009613 0.9618430137634277 -0.2248014509677887
vn 0.28896793723106384 0.9568166136741638 -0.031615033745765686
vn -0.000007645449841220398 1 -0.000013989460057928227
vn -0.08360543847084045 0.9562284350395203 -0.2804233431816101
vn -0.833881676197052 -0.000026958496164297685 -0.5519432425498962
vn 0.15595613420009613 0.9618430137634277 -0.2248014509677887
vn -0.08360543847084045 0.9562284350395203 -0.2804233431816101
vn -0.5044793486595154 0.8487387299537659 -0.15856589376926422
vn 0.7200976610183716 -0.6782299280166626 -0.1465044617652893
vn 0.4630458950996399 -0.5471040606498718 -0.6973274946212769
vn 0.2632409334182739 -0.8795178532600403 -0.39642471075057983
vn -0.1463046371936798 -0.6793209314346313 -0.7191091775894165
vn 0.6667494177818298 0.732832670211792 -0.13565212488174438
vn -0.7708507776260376 0.5891996622085571 -0.24214215576648712
vn -0.5519339442253113 -0.0000015822294017198146 0.8338878154754639
vn -0.5519336462020874 0 0.833888053894043
vn 0.1993849277496338 -0.0000022375795651896624 0.9799212217330933
vn 0.1993849277496338 -0.0000022375795651896624 0.9799212217330933
vn -0.5044793486595154 0.8487387299537659 -0.15856589376926422
vn 0.0002071667549898848 0.9999999403953552 0.00013577188656199723
vn 0.6930371522903442 0.7069830298423767 -0.14097678661346436
vn 0.9799310564994812 0.000012633858204935677 -0.19933676719665527
vn -0.9799332022666931 -0.0000025834733605734073 0.1993260383605957
vn -0.8338887691497803 0 -0.5519325733184814
vn -0.5519332885742188 0 0.8338882923126221
vn -0.5519332885742188 0 0.8338882923126221
vn 0.6929170489311218 0.7071004509925842 -0.14097848534584045
vn 0.6929178833961487 0.7071003317832947 -0.1409747302532196
vn 0.6929107308387756 0.7071071267127991 -0.14097613096237183
vn 0.6929182410240173 0.707099974155426 -0.14097487926483154
vn 0.6929178833961487 0.7071003317832947 -0.1409747302532196
vn 0.6929181814193726 0.707099974155426 -0.1409749686717987
vn 0.6929182410240173 0.707099974155426 -0.14097487926483154
vn 0.6929278373718262 0.707089900970459 -0.14097855985164642
vn 0.6929181814193726 0.707099974155426 -0.1409749686717987
vn 0.6928674578666687 0.7071214318275452 -0.1411168873310089
vn 0.6929278373718262 0.707089900970459 -0.14097855985164642
vn 0.6928674578666687 0.7071214318275452 -0.1411168873310089
vn 0.6928674578666687 0.7071214318275452 -0.1411168873310089
vn 0.6928673982620239 0.7071214318275452 -0.1411171406507492
vn 0.6928674578666687 0.7071214318275452 -0.1411168873310089
vn 0.6928812861442566 0.7071067690849304 -0.14112234115600586
vn 0.6928834915161133 0.7071045637130737 -0.14112283289432526
vn 0.6928821206092834 0.7071054577827454 -0.14112479984760284
vn 0.6928813457489014 0.7071067690849304 -0.1411220282316208
vn 0.6928824782371521 0.7071051001548767 -0.14112496376037598
vn 0.6928821206092834 0.7071054577827454 -0.14112479984760284
vn 0.6928821206092834 0.7071054577827454 -0.14112496376037598
vn 0.6928824782371521 0.7071051001548767 -0.14112496376037598
vn 0.6928648352622986 0.7071236968040466 -0.14111848175525665
vn 0.6928821206092834 0.7071054577827454 -0.14112496376037598
vn 0.6928670406341553 0.7071214318275452 -0.14111891388893127
vn 0.6928648352622986 0.7071236968040466 -0.14111848175525665
vn 0.6928673386573792 0.7071210741996765 -0.1411190778017044
vn 0.6928670406341553 0.7071214318275452 -0.14111891388893127
vn 0.6928671002388 0.7071214318275452 -0.14111866056919098
vn 0.6928673386573792 0.7071210741996765 -0.1411190778017044
vn 0.6928809881210327 0.7071067690849304 -0.1411239057779312
vn 0.6928831338882446 0.7071046233177185 -0.14112435281276703
vn 0.6928834319114685 0.7071042656898499 -0.14112450182437897
vn 0.6928831338882446 0.7071046233177185 -0.14112435281276703
vn 0.6928830742835999 0.7071046233177185 -0.14112451672554016
vn 0.6928834319114685 0.7071042656898499 -0.14112450182437897
vn 0.6928809881210327 0.7071067690849304 -0.1411237269639969
vn 0.6928830742835999 0.7071046233177185 -0.14112451672554016
vn 0.6928825378417969 0.7071046829223633 -0.1411268413066864
vn 0.6928809881210327 0.7071067690849304 -0.1411237269639969
vn 0.6928821802139282 0.7071050405502319 -0.14112667739391327
vn 0.6928825378417969 0.7071046829223633 -0.1411268413066864
vn 0.6928824782371521 0.7071046829223633 -0.14112702012062073
vn 0.6928821802139282 0.7071050405502319 -0.14112667739391327
vn 0.6928805112838745 0.7071067690849304 -0.14112626016139984
vn 0.6928836107254028 0.7071042060852051 -0.1411239355802536
vn 0.6928830146789551 0.7071042656898499 -0.14112642407417297
vn 0.6928814649581909 0.7071064114570618 -0.14112314581871033
vn 0.6928824782371521 0.7071048021316528 -0.14112618565559387
vn 0.6928830146789551 0.7071042656898499 -0.14112642407417297
vn 0.6928844451904297 0.7071028351783752 -0.1411266177892685
vn 0.6928824782371521 0.7071048021316528 -0.14112618565559387
vn 0.6928824186325073 0.7071049809455872 -0.1411258429288864
vn 0.6928844451904297 0.7071028351783752 -0.1411266177892685
vn 0.6928088665008545 0.707112729549408 -0.14144781231880188
vn 0.6928824186325073 0.7071049809455872 -0.1411258429288864
vn 0.692807137966156 0.707114577293396 -0.1414470225572586
vn 0.6928831934928894 0.7071045637130737 -0.14112399518489838
vn 0.6928827166557312 0.7071051001548767 -0.14112375676631927
vn 0.6928831934928894 0.7071045637130737 -0.14112399518489838
vn 0.6928827166557312 0.7071051001548767 -0.14112375676631927
vn 0.6928834319114685 0.7071045637130737 -0.14112292230129242
vn 0.6928834319114685 0.7071045637130737 -0.14112292230129242
vn 0.6928834319114685 0.7071045637130737 -0.14112292230129242
vn 0.6928834319114685 0.7071045637130737 -0.14112292230129242
vn 0.9799238443374634 -0.0000188502326636808 -0.19937226176261902
vn 0.9799238443374634 -0.0000188502326636808 -0.19937226176261902
vn -0.1412285566329956 0.7067888975143433 -0.693183958530426
vn -0.14130041003227234 0.7064089775085449 -0.6935564279556274
vn -0.141344353556633 0.7064751982688904 -0.6934800744056702
vn -0.14098429679870605 0.7071048021316528 -0.6929114460945129
vn -0.14130041003227234 0.7064089775085449 -0.6935564279556274
vn -0.14098399877548218 0.7071067690849304 -0.6929094791412354
vn -0.14098429679870605 0.7071048021316528 -0.6929114460945129
vn -0.14098556339740753 0.7071025371551514 -0.6929134726524353
vn -0.14098399877548218 0.7071067690849304 -0.6929094791412354
vn -0.14098457992076874 0.7071067690849304 -0.692909300327301
vn -0.14098556339740753 0.7071025371551514 -0.6929134726524353
vn -0.14098457992076874 0.7071067690849304 -0.692909300327301
vn -0.14098457992076874 0.7071067690849304 -0.692909300327301
vn -0.14098462462425232 0.7071067690849304 -0.692909300327301
vn -0.14098457992076874 0.7071067690849304 -0.692909300327301
vn -0.14098462462425232 0.7071067690849304 -0.692909300327301
vn -0.14098486304283142 0.7071069478988647 -0.6929090619087219
vn -0.14098472893238068 0.7071069478988647 -0.6929091215133667
vn -0.14098486304283142 0.7071069478988647 -0.6929090619087219
vn -0.1409851461648941 0.7071060538291931 -0.6929099559783936
vn -0.14098472893238068 0.7071069478988647 -0.6929091215133667
vn -0.14098438620567322 0.7071073055267334 -0.6929088234901428
vn -0.1409851461648941 0.7071060538291931 -0.6929099559783936
vn -0.14098438620567322 0.7071073055267334 -0.6929088234901428
vn -0.14098438620567322 0.7071073055267334 -0.6929088234901428
vn -0.14098380506038666 0.7071073055267334 -0.6929089426994324
vn -0.14098438620567322 0.7071073055267334 -0.6929088234901428
vn -0.14098437130451202 0.7071060538291931 -0.6929101347923279
vn -0.14098380506038666 0.7071073055267334 -0.6929089426994324
vn -0.1409839242696762 0.7071069478988647 -0.692909300327301
vn -0.14098437130451202 0.7071060538291931 -0.6929101347923279
vn -0.14098390936851501 0.7071069478988647 -0.692909300327301
vn -0.1409839242696762 0.7071069478988647 -0.692909300327301
vn -0.14098522067070007 0.7071069478988647 -0.6929090023040771
vn -0.14098390936851501 0.7071069478988647 -0.692909300327301
vn -0.14098553359508514 0.7071062326431274 -0.6929096579551697
vn -0.14098522067070007 0.7071069478988647 -0.6929090023040771
vn -0.1409853845834732 0.7071067690849304 -0.6929091811180115
vn -0.14098553359508514 0.7071062326431274 -0.6929096579551697
vn -0.1409853994846344 0.7071067690849304 -0.6929091811180115
vn -0.1409853845834732 0.7071067690849304 -0.6929091811180115
vn -0.1409846693277359 0.7071067690849304 -0.692909300327301
vn -0.1409853994846344 0.7071067690849304 -0.6929091811180115
vn -0.14098457992076874 0.7071069478988647 -0.6929091811180115
vn -0.1409846693277359 0.7071067690849304 -0.692909300327301
vn -0.14098475873470306 0.7071067690849304 -0.692909300327301
vn -0.14098457992076874 0.7071069478988647 -0.6929091811180115
vn -0.14098475873470306 0.7071067690849304 -0.692909300327301
vn -0.14098568260669708 0.70710289478302 -0.6929130554199219
vn -0.1409854143857956 0.7071071267127991 -0.692908763885498
vn -0.14098410308361053 0.7071071267127991 -0.6929090619087219
vn -0.1409854143857956 0.7071071267127991 -0.692908763885498
vn -0.1409854143857956 0.7071071267127991 -0.692908763885498
vn -0.14098547399044037 0.7071067690849304 -0.6929091811180115
vn -0.1409854143857956 0.7071071267127991 -0.692908763885498
vn -0.14098547399044037 0.7071067690849304 -0.6929091811180115
vn -0.14098547399044037 0.7071067690849304 -0.6929091811180115
vn -0.14098303020000458 0.7071088552474976 -0.6929075121879578
vn -0.14098547399044037 0.7071067690849304 -0.6929091811180115
vn -0.14098303020000458 0.7071088552474976 -0.6929075121879578
vn -0.14098303020000458 0.7071088552474976 -0.6929075121879578
vn -0.14098303020000458 0.7071088552474976 -0.6929075121879578
vn -0.14098303020000458 0.7071088552474976 -0.6929075121879578
vn -0.1409853845834732 0.7071025371551514 -0.6929135322570801
vn -0.14098475873470306 0.7071067690849304 -0.692909300327301
vn -0.14098574221134186 0.7071025371551514 -0.6929134130477905
vn -0.14098475873470306 0.7071067690849304 -0.692909300327301
vn -0.14098574221134186 0.7071025371551514 -0.6929134130477905
vn -0.14098574221134186 0.7071025371551514 -0.6929134130477905
vn -0.14098568260669708 0.70710289478302 -0.6929130554199219
vn -0.14098574221134186 0.7071025371551514 -0.6929134130477905
vn -0.14098410308361053 0.7071071267127991 -0.6929090619087219
vn -0.14098462462425232 0.7071067690849304 -0.692909300327301
vn -0.14098475873470306 0.7071067690849304 -0.692909300327301
vn -0.14098462462425232 0.7071067690849304 -0.692909300327301
vn -0.14098475873470306 0.7071067690849304 -0.692909300327301
vn -0.14098475873470306 0.7071067690849304 -0.692909300327301
vn -0.14098486304283142 0.7071069478988647 -0.6929090619087219
vn -0.14098475873470306 0.7071067690849304 -0.692909300327301
vn -0.14098486304283142 0.7071069478988647 -0.6929090619087219
vn -0.19938582181930542 0.0010738309938460588 -0.979920506477356
vn -0.1412285566329956 0.7067888975143433 -0.693183958530426
vn -0.19938582181930542 0.0010738309938460588 -0.979920506477356
vn -0.141344353556633 0.7064751982688904 -0.6934800744056702
vn -0.14098303020000458 0.7071088552474976 -0.6929075121879578
vn -0.14098511636257172 0.7071067690849304 -0.6929092407226562
vn -0.1409853845834732 0.7071025371551514 -0.6929135322570801
vn -0.14098511636257172 0.7071067690849304 -0.6929092407226562
vn -0.14098511636257172 0.7071067690849304 -0.6929092407226562
vn -0.14098511636257172 0.7071067690849304 -0.6929092407226562
vn -0.14098511636257172 0.7071067690849304 -0.6929092407226562
vn -0.14098511636257172 0.7071067690849304 -0.6929092407226562
vn -0.14098511636257172 0.7071067690849304 -0.6929092407226562
vn -0.14100578427314758 0.7070013284683228 -0.6930125951766968
vn -0.14098511636257172 0.7071067690849304 -0.6929092407226562
vn -0.14100578427314758 0.7070013284683228 -0.6930125951766968
vn -0.5049867033958435 0.8482633829116821 -0.1594918817281723
vn 0.5173877477645874 0.8547905087471008 0.04053502157330513
vn -0.6808639168739319 0.5773483514785767 -0.4506587088108063
vn 0.15941080451011658 0.8482921719551086 -0.5049639940261841
vn -0.4025445282459259 -0.8482545614242554 0.3441251218318939
vn -0.6808660626411438 -0.5773503184318542 -0.4506528377532959
vn -0.4025445282459259 -0.8482545614242554 0.3441251218318939
vn -0.6808660626411438 -0.5773503184318542 -0.4506528377532959
vn 0.23982250690460205 -0.8548392653465271 0.4601467549800873
vn -0.34401342272758484 -0.8483065366744995 -0.4025304615497589
vn -0.34401342272758484 -0.8483065366744995 -0.4025304615497589
vn -0.34401342272758484 -0.8483065366744995 -0.4025304615497589
vn -0.3440130352973938 -0.8483051657676697 -0.4025336503982544
vn 0.23982250690460205 -0.8548392653465271 0.4601467549800873
vn 0.34588611125946045 0.8489320874214172 0.3995962142944336
vn 0.34588611125946045 0.8489320874214172 0.3995962142944336
vn 0.6759403347969055 0.5830022096633911 0.4507915675640106
vn 0.15949717164039612 0.8484715223312378 -0.5046352744102478
vn 0.4506576955318451 0.5773484706878662 -0.6808644533157349
vn 0.6759403347969055 0.5830022096633911 0.4507915675640106
vn 0.6808536052703857 -0.5773538947105408 0.450667142868042
vn 0.4506576955318451 0.5773484706878662 -0.6808644533157349
vn 0.4506613612174988 -0.5773506760597229 -0.680860161781311
vn 0.6808536052703857 -0.5773538947105408 0.450667142868042
vn -0.15952348709106445 -0.848456859588623 0.5046516060829163
vn 0.4506613612174988 -0.5773506760597229 -0.680860161781311
vn -0.3440130352973938 -0.8483051657676697 -0.4025336503982544
vn -0.3440130352973938 -0.8483051657676697 -0.4025336503982544
vn 0.4506613612174988 -0.5773506760597229 -0.680860161781311
vn -0.15952348709106445 -0.848456859588623 0.5046516060829163
vn 0.6808536052703857 -0.5773538947105408 0.450667142868042
vn -0.5049867033958435 0.8482633829116821 -0.1594918817281723
vn -0.40257444977760315 -0.8482765555381775 0.3440358340740204
vn -0.4025445282459259 -0.8482545614242554 0.3441251218318939
vn 0.4006817042827606 0.848696231842041 -0.3452084958553314
vn 0.5173877477645874 0.8547905087471008 0.04053502157330513
vn -0.5049717426300049 0.8482537865638733 -0.15959012508392334
vn -0.6932507753372192 0.7071049809455872 0.13930512964725494
vn -0.20218370854854584 0 -0.9793475866317749
vn -0.20218370854854584 0 -0.9793475866317749
vn -0.20218370854854584 0 -0.9793475866317749
vn -0.19936911761760712 0.004619410261511803 -0.979913592338562
vn 0.506245493888855 -0.8478359580039978 0.15776456892490387
vn -0.6932474374771118 -0.7071071267127991 0.13931065797805786
vn -0.40257444977760315 -0.8482765555381775 0.3440358340740204
vn -0.6932474374771118 -0.7071071267127991 0.13931065797805786
vn -0.40257444977760315 -0.8482765555381775 0.3440358340740204
vn 0.000002189743554481538 1 0.000003151561031700112
vn 0.000002189743554481538 1 0.000003151561031700112
vn 0.000002189743554481538 1 0.000003151561031700112
vn -0.0000010832452517206548 -1 0.0000022880183223605854
vn -0.0000010832452517206548 -1 0.0000022880183223605854
vn -0.0000010832452517206548 -1 0.0000022880183223605854
vn 0.19933392107486725 0 0.979931652545929
vn 0.19933392107486725 0 0.979931652545929
vn 0.19933392107486725 0 0.979931652545929
vn 0.19933392107486725 0 0.979931652545929
vn 0.9799304604530334 0 -0.19933949410915375
vn 0.5519494414329529 0.000027504349418450147 -0.8338775634765625
vn -0.8338887691497803 0 -0.5519325733184814
vn -0.8338887691497803 0 -0.5519325733184814
vn 0.5519301295280457 -0.000005599732503469568 -0.8338903784751892
vn 0.8338876962661743 0 0.5519341230392456
vn 0.8338876962661743 0 0.5519341230392456
vn -0.5519332885742188 0 0.8338882923126221
vn -0.5519332885742188 0 0.8338882923126221
vn -0.8338887691497803 0 -0.5519325733184814
vn 0.5519301295280457 -0.000005599732503469568 -0.8338903784751892
vn 0.8338876962661743 0 0.5519341230392456
vn 0.8338876962661743 0 0.5519341230392456
vn 0.5519494414329529 0.000027504349418450147 -0.8338775634765625
vn 0.5519329905509949 0 -0.8338884711265564
vn -0.8338884711265564 0 -0.5519329905509949
vn -0.8338884711265564 0 -0.5519329905509949
vn 0.5519329905509949 0 -0.8338884711265564
vn 0.8338884711265564 0 0.5519329905509949
vn 0.8338884711265564 0 0.5519329905509949
vn -0.5519329905509949 0 0.8338884711265564
vn -0.5519329905509949 0 0.8338884711265564
vn -0.8338884711265564 0 -0.5519329905509949
vn -0.5519329905509949 0 0.8338884711265564
vn -0.5519329905509949 0 0.8338884711265564
vn -0.8338884711265564 0 -0.5519329905509949
vn 0.5519329905509949 0 -0.8338884711265564
vn 0.8338884711265564 0 0.5519329905509949
vn 0.8338884711265564 0 0.5519329905509949
vn 0.5519329905509949 0 -0.8338884711265564
vn -0.8338887691497803 0 -0.5519325733184814
vn -0.5519325137138367 0 0.8338887691497803
vn -0.5519325137138367 0 0.8338887691497803
vn -0.8338887691497803 0 -0.5519325733184814
vn 0.5519325137138367 0 -0.8338887691497803
vn 0.5519325137138367 0 -0.8338887691497803
vn 0.8338887691497803 0 0.5519325733184814
vn 0.8338887691497803 0 0.5519325733184814
vn -0.5519325137138367 0 0.8338887691497803
vn 0.8338887691497803 0 0.5519325733184814
vn 0.8338887691497803 0 0.5519325733184814
vn -0.5519325137138367 0 0.8338887691497803
vn -0.8338887691497803 0 -0.5519325733184814
vn 0.5519325137138367 0 -0.8338887691497803
vn 0.5519325137138367 0 -0.8338887691497803
vn -0.8338887691497803 0 -0.5519325733184814
vn -0.8338860869407654 0 -0.5519365668296814
vn -0.5519325137138367 0 0.8338887691497803
vn -0.5519325137138367 0 0.8338887691497803
vn -0.8338860869407654 0 -0.5519365668296814
vn 0.5519357323646545 0 -0.8338866233825684
vn 0.5519357323646545 0 -0.8338866233825684
vn 0.8338893055915833 0 0.5519317388534546
vn 0.8338893055915833 0 0.5519317388534546
vn -0.5519325137138367 0 0.8338887691497803
vn 0.8338893055915833 0 0.5519317388534546
vn 0.8338893055915833 0 0.5519317388534546
vn -0.5519325137138367 0 0.8338887691497803
vn -0.8338860869407654 0 -0.5519365668296814
vn 0.5519357323646545 0 -0.8338866233825684
vn 0.5519357323646545 0 -0.8338866233825684
vn -0.8338860869407654 0 -0.5519365668296814
vn -0.8338781595230103 0 -0.5519485473632812
vn -0.551948606967926 0 0.8338780999183655
vn -0.551948606967926 0 0.8338780999183655
vn -0.8338781595230103 0 -0.5519485473632812
vn 0.551948606967926 0 -0.8338780999183655
vn 0.551948606967926 0 -0.8338780999183655
vn 0.8338781595230103 0 0.5519485473632812
vn 0.8338781595230103 0 0.5519485473632812
vn -0.551948606967926 0 0.8338780999183655
vn 0.8338781595230103 0 0.5519485473632812
vn 0.8338781595230103 0 0.5519485473632812
vn -0.551948606967926 0 0.8338780999183655
vn -0.8338781595230103 0 -0.5519485473632812
vn 0.551948606967926 0 -0.8338780999183655
vn 0.551948606967926 0 -0.8338780999183655
vn -0.8338781595230103 0 -0.5519485473632812
vn -0.8338887691497803 0 -0.5519325733184814
vn -0.5519325137138367 0 0.8338887691497803
vn -0.5519325137138367 0 0.8338887691497803
vn -0.8338887691497803 0 -0.5519325733184814
vn 0.5519325137138367 0 -0.8338887691497803
vn 0.5519325137138367 0 -0.8338887691497803
vn 0.8338887691497803 0 0.5519325733184814
vn 0.8338887691497803 0 0.5519325733184814
vn -0.5519325137138367 0 0.8338887691497803
vn 0.8338887691497803 0 0.5519325733184814
vn 0.8338887691497803 0 0.5519325733184814
vn -0.5519325137138367 0 0.8338887691497803
vn -0.8338887691497803 0 -0.5519325733184814
vn 0.5519325137138367 0 -0.8338887691497803
vn 0.5519325137138367 0 -0.8338887691497803
vn -0.8338887691497803 0 -0.5519325733184814
vn 0.5519494414329529 0 -0.8338775634765625
vn -0.8338887691497803 0 -0.5519325733184814
vn -0.8338887691497803 0 -0.5519325733184814
vn 0.5519494414329529 0 -0.8338775634765625
vn 0.8338770866394043 0 0.5519501566886902
vn 0.8338770866394043 0 0.5519501566886902
vn -0.5519332885742188 0 0.8338882327079773
vn -0.5519332885742188 0 0.8338882327079773
vn -0.8338887691497803 0 -0.5519325733184814
vn -0.5519332885742188 0 0.8338882327079773
vn -0.5519332885742188 0 0.8338882327079773
vn -0.8338887691497803 0 -0.5519325733184814
vn 0.5519494414329529 0 -0.8338775634765625
vn 0.8338770866394043 0 0.5519501566886902
vn 0.8338770866394043 0 0.5519501566886902
vn 0.5519494414329529 0 -0.8338775634765625
vn -0.8338887691497803 0 -0.5519325733184814
vn 0.5519325137138367 0 -0.8338887691497803
vn 0.5519325137138367 0 -0.8338887691497803
vn -0.8338887691497803 0 -0.5519325733184814
vn -0.5519325137138367 0 0.8338887691497803
vn -0.5519325137138367 0 0.8338887691497803
vn 0.8338887691497803 0 0.5519325733184814
vn 0.8338887691497803 0 0.5519325733184814
vn -0.8338887691497803 0 -0.5519325733184814
vn 0.5519325137138367 0 -0.8338887691497803
vn 0.5519325137138367 0 -0.8338887691497803
vn -0.8338887691497803 0 -0.5519325733184814
vn -0.5519325137138367 0 0.8338887691497803
vn -0.5519325137138367 0 0.8338887691497803
vn 0.8338887691497803 0 0.5519325733184814
vn 0.8338887691497803 0 0.5519325733184814
vn -0.8338797688484192 0 -0.5519461631774902
vn 0.5519301295280457 0 -0.8338903784751892
vn 0.5519301295280457 0 -0.8338903784751892
vn -0.8338797688484192 0 -0.5519461631774902
vn -0.5519494414329529 0 0.8338775634765625
vn -0.5519494414329529 0 0.8338775634765625
vn 0.8338881731033325 0 0.5519334077835083
vn 0.8338882327079773 0 0.5519333481788635
vn -0.8338887691497803 0 -0.5519325733184814
vn -0.8338887691497803 0 -0.5519325733184814
vn -0.5519325137138367 0 0.8338887691497803
vn -0.5519325137138367 0 0.8338887691497803
vn 0.8338887691497803 0 0.5519325733184814
vn 0.5519325137138367 0 -0.8338887691497803
vn 0.5519325137138367 0 -0.8338887691497803
vn 0.8338887691497803 0 0.5519325733184814
vn -0.8338887691497803 0 -0.5519325733184814
vn -0.8338887691497803 0 -0.5519325733184814
vn -0.5519325137138367 0 0.8338887691497803
vn -0.5519325137138367 0 0.8338887691497803
vn 0.8338887691497803 0 0.5519325733184814
vn 0.5519325137138367 0 -0.8338887691497803
vn 0.5519325137138367 0 -0.8338887691497803
vn 0.8338887691497803 0 0.5519325733184814
vn -0.8338797688484192 0 -0.5519461631774902
vn -0.8338797688484192 0 -0.5519461631774902
vn -0.5519494414329529 0 0.8338775634765625
vn -0.5519494414329529 0 0.8338775634765625
vn 0.8338881731033325 0 0.5519334077835083
vn 0.5519301295280457 0 -0.8338903784751892
vn 0.5519301295280457 0 -0.8338903784751892
vn 0.8338882327079773 0 0.5519333481788635
vn -0.8338829278945923 0 -0.5519413352012634
vn -0.8338829278945923 0 -0.5519413352012634
vn -0.551948606967926 0 0.8338780999183655
vn -0.551948606967926 0 0.8338780999183655
vn -0.8338775634765625 0 -0.5519494414329529
vn -0.8338775634765625 0 -0.5519494414329529
vn -0.5519454479217529 0 0.8338802456855774
vn -0.5519454479217529 0 0.8338802456855774
vn -0.8338908553123474 0 -0.5519293546676636
vn -0.8338908553123474 0 -0.5519293546676636
vn -0.5519261360168457 0 0.8338930010795593
vn -0.5519261360168457 0 0.8338930010795593
vn 0.5519261360168457 0 -0.8338930010795593
vn 0.5519261360168457 0 -0.8338930010795593
vn 0.8338881731033325 0 0.5519334077835083
vn 0.8338881731033325 0 0.5519334077835083
vn 0.551948606967926 0 -0.8338781595230103
vn 0.551948606967926 0 -0.8338781595230103
vn 0.8338807821273804 0 0.5519446134567261
vn 0.8338807821273804 0 0.5519446134567261
vn 0.551946759223938 -0.000008267855264421087 -0.8338793516159058
vn 0.5519454479217529 -0.0000013975768524687737 -0.8338802456855774
vn 0.8338823914527893 -0.0000013975176216263208 0.5519421696662903
vn 0.8338829278945923 0 0.5519413352012634
vn -0.8338829278945923 0 -0.5519413352012634
vn -0.8338829278945923 0 -0.5519413352012634
vn 0.5519261360168457 0 -0.8338930010795593
vn 0.5519261360168457 0 -0.8338930010795593
vn -0.8338908553123474 0 -0.5519293546676636
vn -0.8338908553123474 0 -0.5519293546676636
vn 0.5519454479217529 -0.0000013975768524687737 -0.8338802456855774
vn 0.551946759223938 -0.000008267855264421087 -0.8338793516159058
vn -0.551948606967926 0 0.8338780999183655
vn 0.8338881731033325 0 0.5519334077835083
vn 0.8338881731033325 0 0.5519334077835083
vn -0.551948606967926 0 0.8338780999183655
vn -0.5519261360168457 0 0.8338930010795593
vn 0.8338829278945923 0 0.5519413352012634
vn 0.8338823914527893 -0.0000013975176216263208 0.5519421696662903
vn -0.5519261360168457 0 0.8338930010795593
vn -0.5519454479217529 0 0.8338802456855774
vn 0.8338807821273804 0 0.5519446134567261
vn 0.8338807821273804 0 0.5519446134567261
vn -0.5519454479217529 0 0.8338802456855774
vn -0.8338775634765625 0 -0.5519494414329529
vn -0.8338775634765625 0 -0.5519494414329529
vn 0.551948606967926 0 -0.8338781595230103
vn 0.551948606967926 0 -0.8338781595230103
vn -0.8332949876785278 -0.03748463839292526 -0.5515562891960144
vn -0.8036969900131226 -0.2666105031967163 -0.5319679975509644
vn -0.9510489106178284 -0.24762079119682312 -0.1849052608013153
vn -0.9810394644737244 -0.0346173457801342 -0.1906912624835968
vn -0.1992318481206894 -0.03747553750872612 -0.9792355298995972
vn -0.19216179847717285 -0.2666126489639282 -0.9444530606269836
vn 0.551559567451477 -0.0374881885945797 -0.8332926630973816
vn 0.5319458246231079 -0.2666019797325134 -0.8037145137786865
vn 0.828535258769989 -0.034626394510269165 -0.5588651895523071
vn 0.8032037615776062 -0.2475874423980713 -0.5418156385421753
vn -0.8180078864097595 0.1942458301782608 -0.541416347026825
vn -0.9656018018722534 0.1799258291721344 -0.18772272765636444
vn -0.19557005167007446 0.19425013661384583 -0.9612591862678528
vn 0.5414085984230042 0.19426806271076202 -0.8180077075958252
vn 0.8155182600021362 0.17993733286857605 -0.550047755241394
vn -0.8332884907722473 -0.03769325837492943 -0.551551878452301
vn -0.8036443591117859 -0.26683878898620605 -0.5319331288337708
vn -0.9509950876235962 -0.24783504009246826 -0.18489481508731842
vn -0.9810328483581543 -0.03481154516339302 -0.19068998098373413
vn -0.19923017919063568 -0.037684157490730286 -0.9792279005050659
vn -0.1921515315771103 -0.26683861017227173 -0.9443913102149963
vn 0.5515552163124084 -0.03768661618232727 -0.8332865834236145
vn 0.5319302082061768 -0.2668341100215912 -0.8036478161811829
vn 0.8285450339317322 -0.03482333570718765 -0.5588385462760925
vn 0.8031872510910034 -0.24780701100826263 -0.5417397022247314
vn -0.8180351257324219 0.19406892359256744 -0.5414385795593262
vn -0.9656334519386292 0.17981883883476257 -0.18766258656978607
vn -0.19558081030845642 0.19407978653907776 -0.9612914323806763
vn 0.5414279103279114 0.19409117102622986 -0.8180369734764099
vn 0.8155432939529419 0.17977257072925568 -0.5500645637512207
vn -0.8332818746566772 -0.03790327534079552 -0.5515474677085876
vn -0.8035914897918701 -0.26706743240356445 -0.5318982005119324
vn -0.9509412050247192 -0.24804964661598206 -0.18488433957099915
vn -0.9810262322425842 -0.03500562161207199 -0.19068868458271027
vn -0.19922861456871033 -0.03789417818188667 -0.9792200922966003
vn -0.1921388804912567 -0.26706722378730774 -0.9443292617797852
vn 0.5515508651733398 -0.037896543741226196 -0.8332799673080444
vn 0.5318952798843384 -0.2670627236366272 -0.8035950064659119
vn 0.8285394310951233 -0.035017263144254684 -0.5588347315788269
vn 0.8031417727470398 -0.24802160263061523 -0.5417089462280273
vn -0.8180642127990723 0.1938926875591278 -0.5414577722549438
vn -0.965660810470581 0.1795969158411026 -0.1877342164516449
vn -0.19558776915073395 0.19390353560447693 -0.9613255858421326
vn 0.5414473414421082 0.19391489028930664 -0.818065881729126
vn 0.8155680298805237 0.17960870265960693 -0.5500813126564026
vn -0.8332752585411072 -0.03811356797814369 -0.5515430569648743
vn -0.80353844165802 -0.2672969102859497 -0.5318630337715149
vn -0.9508870244026184 -0.24826501309871674 -0.1848737746477127
vn -0.9810194969177246 -0.035199932754039764 -0.1906874030828476
vn -0.199226975440979 -0.03810446336865425 -0.9792122840881348
vn -0.19212619960308075 -0.267296701669693 -0.9442669153213501
vn 0.5515463948249817 -0.03810688853263855 -0.8332732915878296
vn 0.5318601727485657 -0.26729220151901245 -0.8035419583320618
vn 0.8285337090492249 -0.03521174192428589 -0.5588309168815613
vn 0.8030959963798523 -0.24823695421218872 -0.5416781306266785
vn -0.8180931806564331 0.19371676445007324 -0.5414770245552063
vn -0.9656901359558105 0.17943306267261505 -0.18773995339870453
vn -0.1955946832895279 0.19372758269309998 -0.9613596200942993
vn 0.5414663553237915 0.19373895227909088 -0.8180949687957764
vn 0.815592885017395 0.17944452166557312 -0.5500980615615845
vn -0.8179423809051514 -0.004785790108144283 -0.5752802491188049
vn -0.7933847904205322 -0.24420596659183502 -0.5575876832008362
vn -0.9517542123794556 -0.21966826915740967 -0.21426555514335632
vn -0.9758278727531433 0.009067703038454056 -0.21835245192050934
vn -0.5363658666610718 -0.01785467192530632 -0.8437966704368591
vn -0.5211225152015686 -0.23368717730045319 -0.8208664059638977
vn -0.7948970198631287 0.23503780364990234 -0.5593710541725159
vn -0.9482407569885254 0.23741032183170319 -0.21089278161525726
vn -0.5262167453765869 0.19882310926914215 -0.8267800807952881
vn 0.5515068769454956 -0.037492092698812485 -0.8333273530006409
vn 0.531887948513031 -0.26660609245300293 -0.8037514686584473
vn 0.1847335249185562 -0.24761010706424713 -0.9510850310325623
vn 0.1905840039253235 -0.03463657945394516 -0.9810596704483032
vn 0.828536331653595 -0.03462888300418854 -0.5588634610176086
vn 0.8032035827636719 -0.24758823215961456 -0.5418155193328857
vn 0.5413603186607361 0.1942673921585083 -0.8180398344993591
vn 0.18756286799907684 0.17998193204402924 -0.9656224250793457
vn 0.8155210614204407 0.17993323504924774 -0.5500448942184448
vn -0.6145399808883667 0.49026402831077576 0.618046760559082
vn -0.6059375405311584 0.4857706129550934 0.6299734711647034
vn -0.611437976360321 -0.48880377411842346 0.6222655773162842
vn -0.6134545207023621 -0.48389551043510437 0.6241143345832825
vn -0.8059748411178589 -0.4888063669204712 -0.3338755965232849
vn -0.8039175271987915 0.4857686758041382 -0.34314054250717163
vn -0.8060995936393738 0.4892619550228119 -0.332905650138855
vn -0.8066237568855286 -0.4875715374946594 -0.3341139256954193
vn -0.6145399808883667 0.49026402831077576 0.618046760559082
vn -0.8060995936393738 0.4892619550228119 -0.332905650138855
vn -0.8039175271987915 0.4857686758041382 -0.34314054250717163
vn -0.6059375405311584 0.4857706129550934 0.6299734711647034
vn -0.611946702003479 0.48927003145217896 0.6213985085487366
vn -0.6059384942054749 0.4857655167579651 0.6299765110015869
vn -0.6114383935928345 -0.48880723118782043 0.6222624778747559
vn -0.611958920955658 -0.48757416009902954 0.6227179765701294
vn -0.680738627910614 -0.5775831937789917 -0.45054692029953003
vn -0.6928600072860718 -0.7071516513824463 0.14100179076194763
vn -0.6929476261138916 0.7070622444152832 0.14101962745189667
vn -0.6809396743774414 0.5771337747573853 -0.4508189558982849
vn 0.428498238325119 0.6287007331848145 -0.648941159248352
vn -0.1731114238500595 0.4960434138774872 -0.8508662581443787
vn 0.45683443546295166 0.5587704181671143 -0.692154586315155
vn -0.9198518991470337 -0.282967746257782 -0.271664559841156
vn -0.7827311158180237 0.6013096570968628 0.1604950726032257
vn -0.8278942108154297 0.5267553329467773 -0.19266554713249207
vn 0.6866320967674255 0.5254907011985779 -0.5023902654647827
vn 0.8772076368331909 0.18204255402088165 -0.4442603886127472
vn 0.7389234900474548 -0.2845098376274109 -0.6107751727104187
vn -0.6913096308708191 0.5584753155708313 -0.4584716856479645
vn -0.18045884370803833 0.4285576343536377 -0.8853095173835754
vn -0.6491625308990479 0.627504825592041 -0.42991358041763306
vn 0.7834520936012268 0.6004409193992615 -0.16022950410842896
vn -0.4284987151622772 0.6287007331848145 0.6489408612251282
vn -0.5343157649040222 0.25159499049186707 0.8069737553596497
vn 0.17311042547225952 0.49604377150535583 0.8508662581443787
vn 0.19600504636764526 0.1824990212917328 0.9634708762168884
vn -0.6491625308990479 0.627504825592041 -0.42991358041763306
vn -0.4284987151622772 0.6287007331848145 0.6489408612251282
vn -0.6913096308708191 0.5584753155708313 -0.4584716856479645
vn 0.588103175163269 -0.7997623085975647 -0.12047786265611649
vn -0.45682474970817566 0.5587744116783142 0.6921577453613281
vn -0.9198520183563232 -0.28296738862991333 -0.27166464924812317
vn -0.573749303817749 -0.7200275659561157 -0.3903486430644989
vn -0.810147762298584 -0.5806019902229309 -0.08100590109825134
vn -0.14713625609874725 0.5246386528015137 0.8385136723518372
vn -0.45682474970817566 0.5587744116783142 0.6921577453613281
vn -0.5894758105278015 -0.798710286617279 0.12074840813875198
vn -0.7827311754226685 0.6013096570968628 0.16049505770206451
vn 0.17998676002025604 0.42833730578422546 0.8855122327804565
vn -0.17334668338298798 0.49400749802589417 -0.8520020842552185
vn -0.19600175321102142 0.1825581043958664 -0.9634603261947632
vn -0.8278939723968506 0.526755690574646 -0.19266554713249207
vn -0.7635095715522766 0.3825012445449829 -0.5203325748443604
vn 0.18432725965976715 0.3842753469944 0.9046302437782288
vn 0.14096607267856598 0.7107487320899963 0.6891769766807556
vn 0.14098002016544342 0.7095402479171753 0.6904182434082031
vn 0.6866317987442017 0.5254910588264465 -0.5023901462554932
vn 0.8772075176239014 0.18204274773597717 -0.44426053762435913
vn 0.7389233708381653 -0.2845095098018646 -0.610775351524353
vn 0.3739185333251953 -0.7202863097190857 -0.5842709541320801
vn 0.4991315007209778 0.38114118576049805 -0.778202474117279
vn 0.16582565009593964 0.5562925338745117 0.8142729997634888
vn 0.18421030044555664 0.3826899826526642 0.9053258895874023
vn -0.7635098695755005 0.3825004994869232 -0.5203325748443604
vn -0.5737486481666565 -0.72002774477005 -0.39034923911094666
vn 0.14100661873817444 0.7071167826652527 0.6928946375846863
vn 0.14099355041980743 0.7083295583724976 0.691657543182373
vn -0.8070896863937378 0.25209930539131165 -0.5339027643203735
vn 0.1993686407804489 0 0.9799245595932007
vn 0.14095169305801392 0.7119550704956055 0.6879335641860962
vn 0.16591140627861023 0.5591420531272888 0.8123013377189636
vn 0.17334523797035217 0.49401000142097473 0.852000892162323
vn 0.196006178855896 0.18255890905857086 0.963459312915802
vn 0.6491103768348694 0.6274884939193726 0.4300162196159363
vn 0.8070909380912781 0.25209930539131165 0.5339008569717407
vn 0.3739185333251953 -0.7202863097190857 -0.5842709541320801
vn -0.5737486481666565 -0.72002774477005 -0.39034923911094666
vn -0.7635098695755005 0.3825004994869232 -0.5203325748443604
vn 0.4979354441165924 -0.7867661118507385 -0.36477285623550415
vn 0.4632332921028137 0.5245473980903625 0.7143282890319824
vn 0.18029512465000153 0.4284568130970001 0.8853916525840759
vn -0.19599594175815582 0.18249955773353577 -0.9634726047515869
vn 0.534315288066864 0.25159502029418945 -0.8069740533828735
vn 0.6912550926208496 0.558452844619751 0.4585812985897064
vn 0.4979355037212372 -0.7867660522460938 -0.36477312445640564
vn 0.373918741941452 -0.7202858924865723 -0.5842713713645935
vn -0.1798032820224762 0.4281131327152252 -0.8856579065322876
vn -0.8101477026939392 -0.5806021094322205 -0.08100584894418716
vn 0.534315288066864 0.25159502029418945 -0.8069740533828735
vn 0.428498238325119 0.6287007331848145 -0.648941159248352
vn 0.8070909380912781 0.25209930539131165 0.5339008569717407
vn -0.5894758701324463 -0.7987102270126343 0.12074840068817139
vn -0.5501431226730347 -0.05077337101101875 0.8335254192352295
vn -0.6675755977630615 -0.732048749923706 0.1358211636543274
vn -0.6637122631072998 -0.6045018434524536 -0.4405265152454376
vn 0.49913114309310913 0.3811419904232025 -0.7782023549079895
vn 0.6644907593727112 0.05186475068330765 -0.745494544506073
vn 0.6491103768348694 0.6274884939193726 0.4300162196159363
vn 0.6912550926208496 0.558452844619751 0.4585812985897064
vn 0 -1 0
vn -0.4444260001182556 -0.5922940969467163 0.6720663905143738
vn 0.14098213613033295 -0.707129180431366 0.6928869485855103
vn 0 -1 0
vn 0 -1 0
vn -0.6792037487030029 -0.7208236455917358 0.13818685710430145
vn 0 -1 0
vn 0 -1 0
vn -0.6637122631072998 -0.6045018434524536 -0.4405265152454376
vn 0 -1 0
vn -0.6792037487030029 -0.7208236455917358 0.13818685710430145
vn -0.44445592164993286 -0.5922800898551941 0.6720589399337769
vn -0.4444260001182556 -0.5922940969467163 0.6720663905143738
vn -0.43881574273109436 -0.6045061349868774 0.6648406386375427
vn -0.6717169880867004 -0.5922791957855225 -0.44497376680374146
vn -0.8321070075035095 -0.05072685331106186 -0.5522904396057129
vn 0.45683443546295166 0.5587704181671143 -0.692154586315155
vn 0.4991315007209778 0.38114118576049805 -0.778202474117279
vn -0.5343157649040222 0.25159499049186707 0.8069737553596497
vn -0.8070896863937378 0.25209930539131165 -0.5339027643203735
vn 0 -1 0
vn 0.7834520936012268 0.6004409193992615 -0.16022953391075134
vn 0.18421030044555664 0.3826899826526642 0.9053258895874023
vn 0.1993686407804489 0 0.9799245595932007
vn 0.1993686407804489 0 0.9799245595932007
vn 0.5881029963493347 -0.7997624278068542 -0.12047787755727768
vn 0.1993686407804489 0 0.9799245595932007
vn 0.1993686407804489 0 0.9799245595932007
vn 0.373918741941452 -0.7202858924865723 -0.5842713713645935
vn -0.573749303817749 -0.7200275659561157 -0.3903486430644989
vn -0.7635095715522766 0.3825012445449829 -0.5203325748443604
vn 0.49913114309310913 0.3811419904232025 -0.7782023549079895
vn -0.43881574273109436 -0.6045061349868774 0.6648406386375427
vn -0.0008917129598557949 -0.9999995827674866 0.00018142072076443583
vn -0.00039436505176126957 -1 -0.00005301660348777659
vn 0.00014948923490010202 -1 -0.00016368932847399265
vn 0.4398424029350281 0.6064532399177551 -0.6623844504356384
vn 0.6667494177818298 0.732832670211792 -0.13565212488174438
vn 0.9834152460098267 0.0512654073536396 -0.17397229373455048
vn 0.69870525598526 -0.5471007823944092 0.4609682559967041
vn 0.8218967318534851 -0.28174149990081787 -0.4950830936431885
vn 0.9466040134429932 -0.27902859449386597 0.16150537133216858
vn 0.6636908650398254 0.6064541339874268 0.4378673732280731
vn -0.872735857963562 -0.46991869807243347 -0.13232000172138214
vn -0.8726818561553955 0.4700517952442169 -0.13220325112342834
vn -0.7708507776260376 0.5891996622085571 -0.24214215576648712
vn -0.9799332022666931 -0.0000025834733605734073 0.1993260383605957
vn -0.7713944315910339 0.5881174802780151 -0.2430400401353836
vn -0.19919486343860626 -0.0003585624217521399 -0.9799598455429077
vn -0.14097759127616882 0.706906795501709 -0.6931148171424866
vn 0.45073840022087097 0.5771691799163818 -0.6809630393981934
vn -0.6809396743774414 0.5771337747573853 -0.4508189558982849
vn -0.9806972146034241 -0.04188498109579086 -0.1909940242767334
vn -0.9990022778511047 -0.0444641076028347 0.004167396575212479
vn -0.9806973338127136 -0.041884951293468475 -0.19099311530590057
vn -0.19928434491157532 -0.0006840382120572031 -0.9799414277076721
vn -0.1410859376192093 0.706657350063324 -0.693347156047821
vn 0.45056354999542236 0.5766934156417847 -0.6814815998077393
vn -0.1956367790699005 -0.19498145580291748 -0.9610975384712219
vn -0.16587460041046143 -0.5555199384689331 -0.8147902488708496
vn -0.18438246846199036 -0.3827396035194397 -0.9052698612213135
vn -0.6809455156326294 0.5772210955619812 -0.4506983458995819
vn -0.16603009402751923 -0.5557636022567749 -0.8145924210548401
vn -0.14121463894844055 -0.7072890996932983 -0.6926763653755188
vn -0.14128613471984863 -0.707392692565918 -0.6925560235977173
vn -0.14114314317703247 -0.7071855068206787 -0.6927967071533203
vn -0.14121463894844055 -0.7072890996932983 -0.6926763653755188
vn -0.14114314317703247 -0.7071855068206787 -0.6927967071533203
vn 0.00019607394642662257 -1 -0.00003973943603341468
vn -0.14128613471984863 -0.707392692565918 -0.6925560235977173
vn -0.19936902821063995 -0.0000034062861686834367 -0.9799244999885559
vn -0.5588078498840332 -0.01735408790409565 -0.8291155099868774
vn -0.833175539970398 -0.032058797776699066 -0.5520786046981812
vn -0.19766105711460114 -0.0004488782142288983 -0.9802703261375427
vn -0.9799229502677917 -0.0000064461692090844736 0.19937624037265778
vn -0.8338903784751892 -0.000006780868716305122 -0.5519300699234009
vn -0.9799221754074097 -0.000006703874532831833 0.19938021898269653
vn 0.9799237251281738 0.0001583036209922284 -0.1993727833032608
vn 0.9800311326980591 0.0000022533172341354657 -0.19884398579597473
vn 0.5519278049468994 0.0001065927863237448 -0.8338919281959534
vn -0.199359729886055 0.00028280779952183366 -0.979926347732544
vn -0.199359729886055 0.00028280779952183366 -0.979926347732544
vn -0.199359729886055 0.00028280779952183366 -0.979926347732544
vn 0.5519397854804993 0.000025562527298461646 -0.8338840007781982
vn 0.5519406795501709 0.000025475379516137764 -0.8338834047317505
vn -0.8338840007781982 0.000005145576778886607 -0.5519397854804993
vn -0.6807877421379089 -0.5774836540222168 -0.45060035586357117
vn 0.4505314826965332 -0.5776306986808777 -0.6807085275650024
vn -0.833884596824646 0.00000505858042743057 -0.5519388914108276
vn -0.680738627910614 -0.5775831937789917 -0.45054692029953003
vn 0.4505809545516968 -0.5775436758995056 -0.6807496547698975
vn 0.9799271821975708 0.000014374944839801174 -0.19935579597949982
vn 0.9799271821975708 0.000014374944839801174 -0.19935579597949982
vn 0.5519406795501709 0.000025475379516137764 -0.8338834047317505
vn 0.5519397854804993 0.000025562527298461646 -0.8338840007781982
vn -0.8338840007781982 0.000005145576778886607 -0.5519397854804993
vn -0.9799267649650574 -0.000014375402315636165 0.19935792684555054
vn -0.9799267649650574 -0.000014375402315636165 0.19935792684555054
vn -0.833884596824646 0.00000505858042743057 -0.5519388914108276
vn -0.14213095605373383 0.707105815410614 -0.6926760673522949
vn -0.14213095605373383 0.7071058750152588 -0.6926760673522949
vn -0.1399621069431305 -0.7071059346199036 -0.6931174397468567
vn -0.1399620920419693 -0.7071059942245483 -0.6931174397468567
vn 0.000333802483510226 -0.9999999403953552 -0.00020117597887292504
vn 0.000357055600034073 -0.9999999403953552 -0.00013929368287790567
vn 0.19080844521522522 0.00023781174968462437 -0.9816271662712097
vn -0.19936878979206085 0.0006176459137350321 -0.9799243211746216
vn -0.19936993718147278 -0.0000039774513425072655 -0.9799243211746216
vn 0.5519377589225769 0.00044339601299725473 -0.8338851928710938
vn -0.8245356678962708 -0.01760328933596611 -0.5655360817909241
vn -0.8146997690200806 -0.03519005700945854 -0.5788142085075378
vn -0.8338903784751892 -0.000006780868716305122 -0.5519300699234009
vn -0.8340566754341125 -0.000134836693177931 -0.5516787767410278
vn -0.8147007822990417 -0.03518954664468765 -0.578812837600708
vn -0.6535855531692505 -0.6244032979011536 -0.42772242426872253
vn -0.1349048763513565 -0.7362635135650635 -0.6631113886833191
vn 0.13490839302539825 -0.7362620830535889 0.663112223148346
vn -0.43080204725265503 -0.6220775246620178 0.6537806987762451
vn -0.5519378185272217 8.133674214150233e-7 0.8338852524757385
vn -0.551220178604126 -0.03205348923802376 0.8337438702583313
vn -0.5516497492790222 -0.016028590500354767 0.8339219093322754
vn 0.7804378867149353 -0.015403569675981998 -0.6250434517860413
vn 0.9339514970779419 -0.029320601373910904 -0.3561951220035553
vn 0.8290401101112366 -0.000006088560894568218 -0.5591890811920166
vn -0.5512198209762573 -0.0320538692176342 0.8337441086769104
vn -0.551929771900177 -0.000002335389126528753 0.8338906168937683
vn 0.5519715547561646 -0.0000071895642577146646 -0.8338629603385925
vn -0.43080389499664307 -0.622077226638794 0.6537797451019287
vn 0.1349199116230011 -0.7362624406814575 0.6631094813346863
vn 0.19920112192630768 -0.04211994633078575 0.9790529608726501
vn 0.5519635081291199 0.000018481012375559658 -0.8338682651519775
vn 0.5519289374351501 0.00002182444222853519 -0.8338911533355713
vn 0.9799367785453796 0.000004686561624112073 -0.19930844008922577
vn 0.9799367785453796 0.000004686561624112073 -0.19930844008922577
vn -0.8338676691055298 0.0000119394862849731 -0.5519644021987915
vn -0.833892822265625 0.00000885003373696236 -0.5519263744354248
vn 0.5519289374351501 0.00002182444222853519 -0.8338911533355713
vn 0.0009332484332844615 -0.9999996423721313 -0.00018987127987202257
vn 0.0009332483168691397 -0.9999995231628418 -0.0001898712507681921
vn 0.00019599543884396553 -1 -0.000039924758311826736
vn 0.8303788900375366 -0.1565616875886917 0.5347516536712646
vn 0.8303862810134888 -0.15655192732810974 0.534743070602417
vn 0.1189160943031311 -0.22074566781520844 0.9680548906326294
vn 0.13602319359779358 -0.16954384744167328 0.9760904312133789
vn 0.0009332483168691397 -0.9999995231628418 -0.0001898712507681921
vn 0.5519377589225769 0.00044339601299725473 -0.8338851928710938
vn 0.9798995852470398 -0.00020271258836146444 -0.19949081540107727
vn 0.9799124002456665 0.0002139907592209056 -0.19942787289619446
vn 0.8339539170265198 -0.0001407485397066921 0.5518340468406677
vn 0.5518842935562134 0.00014873311738483608 -0.8339207768440247
vn 0.5518307089805603 -0.00014592980733141303 -0.8339561223983765
vn 0.5519635081291199 0.000018481012375559658 -0.8338682651519775
vn 0.5518842935562134 0.00014873311738483608 -0.8339207768440247
vn -0.833174467086792 -0.032060787081718445 -0.5520800948143005
vn -0.833173394203186 -0.032062776386737823 -0.5520815849304199
vn 0.551941454410553 0.00002561864494055044 -0.8338828682899475
vn 0.551941454410553 0.00002561864494055044 -0.8338828682899475
vn -0.8338822722434998 0.000005157029136171332 -0.5519422888755798
vn -0.9799367785453796 -0.0000046756986193940975 0.19930844008922577
vn -0.8338928818702698 0.000008829926628095564 -0.55192631483078
vn -0.8338693380355835 0.000012253290151420515 -0.5519618391990662
vn 0.0014316095039248466 -0.999998927116394 -0.00029130070470273495
vn -0.1399553418159485 -0.7071059942245483 -0.6931187510490417
vn -0.1399553269147873 -0.7071059942245483 -0.6931187510490417
vn 0.0014316095039248466 -0.999998927116394 -0.00029130070470273495
vn 0.00010298303823219612 -0.9999999403953552 -0.00028745390591211617
vn 0.9827967882156372 -0.02579631097614765 -0.1828799694776535
vn 0.9827967882156372 -0.02579631097614765 -0.1828799694776535
vn 0.9797935485839844 -0.000018705013644648716 -0.20001137256622314
vn 0.9872065186500549 -0.04558740556240082 -0.1527908742427826
vn 0.9657607674598694 -0.047640711069107056 0.2550225257873535
vn 0.9785703420639038 -0.06617642194032669 -0.19498929381370544
vn 0.9840304255485535 -0.022908460348844528 -0.17651960253715515
vn 0.9860533475875854 -0.04856943339109421 -0.15918537974357605
vn 0.9848495721817017 -0.051548972725868225 -0.16557171940803528
vn 0.98184734582901 -0.05887093394994736 -0.18030573427677155
vn 0.00019599543884396553 -1 -0.000039924758311826736
vn 0.00019599543884396553 -1 -0.000039924758311826736
vn 0.00019599543884396553 -1 -0.000039924758311826736
vn 0.9799182415008545 -0.0000040608019844512455 -0.19939956068992615
vn 0.9860971570014954 -0.10287988930940628 -0.13049177825450897
vn 0.82905513048172 0.0003590866981539875 -0.5591667294502258
vn 0.978909432888031 -0.045572634786367416 -0.19914685189723969
vn 0.9790491461753845 -0.04430488497018814 -0.1987457573413849
vn 0.9799243211746216 0.000002563135240052361 -0.19936996698379517
vn 0.8290585279464722 -0.00008234845881816 -0.5591618418693542
vn 0.9797935485839844 -0.000018705013644648716 -0.20001137256622314
vn -0.199359729886055 0.00028280779952183366 -0.979926347732544
vn 0.9799243211746216 0.000002563135240052361 -0.19936996698379517
vn 0.7200976610183716 -0.6782299280166626 -0.1465044617652893
vn 0.37499532103538513 -0.11067704111337662 0.9203961491584778
vn 0.16892528533935547 -0.06593038886785507 0.983421266078949
vn 0.13602319359779358 -0.16954384744167328 0.9760904312133789
vn 0.8152298331260681 -0.10543445497751236 0.5694594383239746
vn 0.37499532103538513 -0.11067704111337662 0.9203961491584778
vn 0.8152298331260681 -0.10543445497751236 0.5694594383239746
vn 0.9657607674598694 -0.047640711069107056 0.2550225257873535
vn -0.8281038403511047 -0.041882313787937164 0.559008002281189
vn -0.9789164066314697 -0.04533598944544792 0.1991669237613678
vn -0.9789164662361145 -0.045337434858083725 0.19916601479053497
vn 0.6929077506065369 -0.7071093320846558 -0.14097942411899567
vn 0.6929123997688293 0.7071047425270081 -0.1409800797700882
vn 0.9799231290817261 -0.0000029502814413717715 -0.19937551021575928
vn 0.6929119229316711 0.7071051597595215 -0.14097993075847626
vn 0.6929095983505249 -0.7071073651313782 -0.14098040759563446
vn -0.19936640560626984 0.0006219780188985169 -0.9799247980117798
vn -0.19922469556331635 -0.000449847721029073 -0.9799537062644958
vn -0.19922469556331635 -0.000449847721029073 -0.9799537062644958
vn -0.19936640560626984 0.0006219780188985169 -0.9799247980117798
vn 0.6929123997688293 0.7071047425270081 -0.1409800797700882
vn 0.6929128170013428 0.7071042060852051 -0.14098018407821655
vn 5.490728582913107e-8 1 2.698509149468009e-7
vn 0.6929119229316711 0.7071051597595215 -0.14097993075847626
vn 0.4630458950996399 -0.5471040606498718 -0.6973274946212769
vn 0.6929128170013428 0.7071042060852051 -0.14098018407821655
vn 0.6929069757461548 -0.7071107029914856 -0.14097656309604645
vn 0.6929152011871338 0.7071024179458618 -0.14097797870635986
vn 0.9799238443374634 -0.000005900556516280631 -0.19937188923358917
vn 0.692915141582489 0.707102358341217 -0.14097796380519867
vn 0.6929111480712891 -0.7071061730384827 -0.14097857475280762
vn -0.9789161682128906 -0.04533453658223152 0.19916775822639465
vn 0.5629008412361145 -0.15006256103515625 0.8127877116203308
vn -0.9806966781616211 -0.04188716411590576 -0.19099575281143188
vn -0.9799372553825378 -0.000004563290531223174 0.19930632412433624
vn -0.833892822265625 0.00000885003373696236 -0.5519263744354248
vn -0.8338676691055298 0.0000119394862849731 -0.5519644021987915
vn 0.9797890782356262 -0.00011165726755280048 -0.20003391802310944
vn 0.9799118638038635 -0.0003145358641631901 -0.19943076372146606
vn -0.6535856127738953 -0.6244025230407715 -0.42772340774536133
vn -0.13490499556064606 -0.7362629771232605 -0.6631119847297668
vn 0.1349199116230011 -0.7362624406814575 0.6631094813346863
vn -0.43080389499664307 -0.622077226638794 0.6537797451019287
vn -0.7078956961631775 0.5298742651939392 -0.4670298993587494
vn -0.14678342640399933 0.6766958236694336 -0.7214827537536621
vn -0.13490499556064606 -0.7362629771232605 -0.6631119847297668
vn -0.6535856127738953 -0.6244025230407715 -0.42772340774536133
vn -0.9813708662986755 -0.04278850927948952 0.187297523021698
vn -0.9813708662986755 -0.04278850927948952 0.187297523021698
vn -0.9813708662986755 -0.04278850927948952 0.187297523021698
vn -0.6145399808883667 0.49026402831077576 0.618046760559082
vn -0.6535856127738953 -0.6244025230407715 -0.42772340774536133
vn -0.8060995936393738 0.4892619550228119 -0.332905650138855
vn -0.611946702003479 0.48927003145217896 0.6213985085487366
vn -0.43080389499664307 -0.622077226638794 0.6537797451019287
vn -0.8047773838043213 0.48808878660202026 -0.33779090642929077
vn -0.7078956961631775 0.5298742651939392 -0.4670298993587494
vn -0.6134545207023621 -0.48389551043510437 0.6241143345832825
vn 0.14679309725761414 0.6766958236694336 0.7214808464050293
vn -0.4691413640975952 0.5298517942428589 0.7065150141716003
vn -0.14100013673305511 -0.7069782614707947 -0.6930373311042786
vn -3.7273659359016165e-7 -1 -6.690356713079382e-7
vn -0.0003116641892120242 -0.9999992847442627 0.0011776982573792338
vn -0.4691413640975952 0.5298517942428589 0.7065150141716003
vn 0.14679309725761414 0.6766958236694336 0.7214808464050293
vn -0.14678342640399933 0.6766958236694336 -0.7214827537536621
vn -0.7078956961631775 0.5298742651939392 -0.4670298993587494
vn -0.8085402250289917 -0.48391643166542053 -0.3347948491573334
vn -0.4691413640975952 0.5298517942428589 0.7065150141716003
vn -0.611958920955658 -0.48757416009902954 0.6227179765701294
vn -0.8066237568855286 -0.4875715374946594 -0.3341139256954193
vn 0.0003803086874540895 -0.9999999403953552 -0.00007741138688288629
vn 0.00019599543884396553 -1 -0.000039924758311826736
vn 0.0005646219360642135 -0.9999998807907104 -0.00011489802272990346
vn 0.00031054942519403994 -1 -0.00026305828941985965
vn 0.5629008412361145 -0.15006256103515625 0.8127877116203308
vn -0.9799372553825378 -0.000004563290531223174 0.19930632412433624
vn 0.6929152011871338 0.7071024179458618 -0.14097797870635986
vn 0.692915141582489 0.707102358341217 -0.14097796380519867
vn 4.329336178443555e-8 1 2.1278397355217749e-7
vn 0.692915141582489 0.707102358341217 -0.14097796380519867
vn -0.833175539970398 -0.032058797776699066 -0.5520786046981812
vn -0.833174467086792 -0.032060787081718445 -0.5520800948143005
vn -0.833173394203186 -0.032062776386737823 -0.5520815849304199
vn 0.5518307089805603 -0.00014592980733141303 -0.8339561223983765
vn 0.8289668560028076 -0.00018868400366045535 -0.5592976808547974
vn 0.8289312124252319 -0.00018852301582228392 -0.5593504905700684
vn 0.692915141582489 0.707102358341217 -0.14097796380519867
vn 0.00043758569518104196 -0.9999998807907104 -0.00018897815607488155
vn 0.0005181157612241805 -0.9999998807907104 -0.0002386626147199422
vn -0.7079032063484192 0.5298498272895813 -0.467046320438385
vn -0.1467805802822113 0.6766952276229858 -0.7214838862419128
vn -0.1349048763513565 -0.7362635135650635 -0.6631113886833191
vn -0.8290317058563232 -0.000004892010565527016 0.559201717376709
vn -0.5519378185272217 8.133674214150233e-7 0.8338852524757385
vn -0.551929771900177 -0.000002335389126528753 0.8338906168937683
vn 0.9815760254859924 0.00006468434730777517 0.19107195734977722
vn 0.8337365984916687 0.000003997594831162132 0.5521624088287354
vn 0.8338851928710938 0.00011728097160812467 0.5519379377365112
vn 0.9816630482673645 -0.00018572878616396338 0.19062428176403046
vn 0.833728551864624 -0.00006797626701882109 0.5521745681762695
vn -0.6535855531692505 -0.6244032979011536 -0.42772242426872253
vn -0.9813709855079651 -0.04278891906142235 0.18729695677757263
vn -0.9813709855079651 -0.04278891906142235 0.18729695677757263
vn -0.9813709855079651 -0.04278891906142235 0.18729695677757263
vn -0.6145250797271729 0.4902613162994385 0.618063747882843
vn -0.6535855531692505 -0.6244032979011536 -0.42772242426872253
vn -0.8060979247093201 0.48926350474357605 -0.33290743827819824
vn -0.6119454503059387 0.4892706573009491 0.6213992238044739
vn 0.8335029482841492 0.000004796013399754884 0.5525149703025818
vn -0.43080204725265503 -0.6220775246620178 0.6537806987762451
vn -0.8047777414321899 0.48808884620666504 -0.337789922952652
vn -0.7079032063484192 0.5298498272895813 -0.467046320438385
vn 0.833728551864624 -0.00006797626701882109 0.5521745681762695
vn 0.8335029482841492 0.000004796013399754884 0.5525149703025818
vn 0.8338452577590942 -0.00006837546970928088 0.5519982576370239
vn -0.6134518980979919 -0.483916312456131 0.6241008043289185
vn -0.43080204725265503 -0.6220775246620178 0.6537806987762451
vn 0.13490839302539825 -0.7362620830535889 0.663112223148346
vn 0.14679540693759918 0.6766959428787231 0.7214801907539368
vn 0.8339539170265198 -0.0001407485397066921 0.5518340468406677
vn 0.5526379942893982 -0.0000022354588509188034 -0.8334214091300964
vn 0.5526599287986755 -0.00005912665437790565 -0.8334068655967712
vn 0.5529929995536804 -0.00005664958734996617 -0.8331859111785889
vn 0.5533478856086731 -0.00011106370220659301 -0.832950234413147
vn -0.19881406426429749 -0.022352706640958786 -0.9797822833061218
vn -0.5588100552558899 -0.017015744000673294 -0.8291211128234863
vn -0.46913811564445496 0.5298532843589783 0.7065160274505615
vn 0.5519278049468994 0.0001065927863237448 -0.8338919281959534
vn -0.46913811564445496 0.5298532843589783 0.7065160274505615
vn 0.14679540693759918 0.6766959428787231 0.7214801907539368
vn -0.1467805802822113 0.6766952276229858 -0.7214838862419128
vn -0.7079032063484192 0.5298498272895813 -0.467046320438385
vn -0.14213095605373383 0.707105815410614 -0.6926760673522949
vn -0.0015335353091359138 0.9999987483024597 0.00031198497163131833
vn -0.0015335353091359138 0.9999987483024597 0.00031198497163131833
vn 0.8290330767631531 0.00014336107415147126 -0.5591995716094971
vn 0.5519278049468994 0.0001065927863237448 -0.8338919281959534
vn 0.5519278049468994 0.0001065927863237448 -0.8338919281959534
vn -0.14213095605373383 0.7071058750152588 -0.6926760673522949
vn 0.5519278049468994 0.0001065927863237448 -0.8338919281959534
vn 0.5519278049468994 0.0001065927863237448 -0.8338919281959534
vn 0.5523048043251038 -0.000004712511781690409 -0.833642303943634
vn 0.5519715547561646 -0.0000071895642577146646 -0.8338629603385925
vn 0.8338851928710938 0.00011728097160812467 0.5519379377365112
vn 0.8337365984916687 0.000003997594831162132 0.5521624088287354
vn 0.5526599287986755 -0.00005912665437790565 -0.8334068655967712
vn 0.7039202451705933 -0.000010808099432324525 -0.7102790474891663
vn 0.5533478856086731 -0.00011106370220659301 -0.832950234413147
vn -0.8085417151451111 -0.48391416668891907 -0.3347945511341095
vn -0.46913811564445496 0.5298532843589783 0.7065160274505615
vn -0.6119576692581177 -0.4875747859477997 0.6227187514305115
vn -0.8066228628158569 -0.4875712990760803 -0.3341163992881775
vn 0.9799371957778931 -0.000005839018740516622 -0.19930647313594818
vn -0.199359729886055 0.00028280779952183366 -0.979926347732544
vn -0.1956367790699005 -0.19498145580291748 -0.9610975384712219
vn -0.8339736461639404 -0.00007080879004206508 -0.5518044829368591
vn -0.9816575050354004 -0.00007645696314284578 -0.19065287709236145
vn -0.8340566754341125 -0.000134836693177931 -0.5516787767410278
vn -0.5580825209617615 -0.017601456493139267 -0.8295986652374268
vn -0.8339736461639404 -0.00007080879004206508 -0.5518044829368591
vn -0.19851385056972504 0.0000865499532665126 -0.9800981283187866
vn -0.9789160490036011 -0.04533449560403824 0.19916865229606628
vn 0.8338109254837036 0.0000606392823101487 0.5520501732826233
vn 0.8338109254837036 0.0000606392823101487 0.5520501732826233
vn -0.5519338250160217 -7.610109378219931e-7 0.833888053894043
vn -0.5519338250160217 -7.610109378219931e-7 0.833888053894043
vn -0.8281033635139465 -0.04188225790858269 0.559008777141571
vn -0.5512199997901917 -0.03205367922782898 0.8337439894676208
vn -0.5512198209762573 -0.0320538692176342 0.8337441086769104
vn -0.8338829278945923 0.000005069843609817326 -0.5519413948059082
vn 0.9799267649650574 0.000014530059161188547 -0.19935792684555054
vn 0.9799267649650574 0.000014530059161188547 -0.19935792684555054
vn 0.551941454410553 0.00002561864494055044 -0.8338828682899475
vn 0.979784369468689 -0.00020460948871914297 -0.20005640387535095
vn 0.8288527131080627 -0.00011460717360023409 -0.5594669580459595
vn -0.5512199997901917 -0.03205367922782898 0.8337439894676208
vn 0.8288655281066895 -0.000014012020074005704 -0.5594478845596313
vn -0.8147003650665283 -0.035189803689718246 -0.5788136124610901
vn 0.1908102035522461 0.0005765761598013341 -0.9816266894340515
vn -0.9789158701896667 -0.045334458351135254 0.19916954636573792
vn 0.9827901721000671 -0.025889255106449127 -0.18290212750434875
vn -0.5584786534309387 -0.029447922483086586 -0.8289958834648132
vn 0.9798742532730103 -0.00020242434402462095 -0.1996157467365265
vn 0.1342775523662567 -0.7392069101333618 0.6599565744400024
vn -0.14615844190120697 -0.6801026463508606 -0.718399703502655
vn 0.46268314123153687 -0.5479580163955688 -0.6968976259231567
vn 0.6602405309677124 -0.6122916340827942 0.4349498748779297
vn 0.8334711194038391 0.05449031665921211 0.54986971616745
vn 0.5525116324424744 -0.0641482025384903 -0.8310330510139465
vn 0.5525116324424744 -0.0641482025384903 -0.8310330510139465
vn 0.6740062832832336 -0.0674615129828453 0.7356387376785278
vn 0.6929077506065369 -0.7071093320846558 -0.14097942411899567
vn 0.6929095983505249 -0.7071073651313782 -0.14098040759563446
vn -0.000002697614036151208 -1 3.589138088955224e-7
vn -0.000002697614036151208 -1 3.589138088955224e-7
vn 0.8334660530090332 0.05449488013982773 0.5498769283294678
vn 5.490728582913107e-8 1 2.698509149468009e-7
vn -0.14100013673305511 -0.7069782614707947 -0.6930373311042786
vn -0.07620548456907272 -0.9238448143005371 -0.37510475516319275
vn 0.5525116324424744 -0.0641482025384903 -0.8310330510139465
vn -0.19854651391506195 -0.09073443710803986 -0.9758824706077576
vn -0.19854651391506195 -0.09073443710803986 -0.9758824706077576
vn 0.5525116324424744 -0.0641482025384903 -0.8310330510139465
vn 0.6929069757461548 -0.7071107029914856 -0.14097656309604645
vn 0.6929111480712891 -0.7071061730384827 -0.14097857475280762
vn 0.0000013039498298894614 -1 -3.99978546283819e-7
vn 0.9977687001228333 -0.04042169079184532 -0.05313796550035477
vn 0.000748935155570507 -0.9999997019767761 -0.00015238462947309017
vn 0.0000013039498298894614 -1 -3.99978546283819e-7
vn 0.1987764984369278 0.07704586535692215 0.9770116806030273
vn 0.1987764984369278 0.07704586535692215 0.9770116806030273
vn -0.1399553269147873 -0.7071059942245483 -0.6931187510490417
vn -0.1399553418159485 -0.7071059942245483 -0.6931187510490417
vn -0.14197979867458344 0.7071060538291931 -0.692706823348999
vn -0.9799367785453796 -0.0000046756986193940975 0.19930844008922577
vn 0.9220144152641296 -0.000016678421161486767 -0.38715556263923645
vn -0.14197981357574463 0.7071060538291931 -0.692706823348999
vn -0.1412333995103836 0.7071056365966797 -0.6928598284721375
vn 0.14072595536708832 0.7071091532707214 0.6929594874382019
vn -0.0003458208520896733 0.9999999403953552 0.00007035851740511134
vn -0.00034636235795915127 0.9999999403953552 0.00007007387466728687
vn -0.9799271821975708 -0.000014406813534151297 0.199355810880661
vn -0.8338829278945923 0.000005069843609817326 -0.5519413948059082
vn -0.8338822722434998 0.000005157029136171332 -0.5519422888755798
vn 0.9814082384109497 -0.013002019375562668 -0.19149114191532135
vn -0.9799271821975708 -0.000014406813534151297 0.199355810880661
vn 0.00019603469991125166 -1 -0.00003983209899161011
vn 0.5629008412361145 -0.15006256103515625 0.8127877116203308
vn 0.3589786887168884 -0.1641550213098526 0.918796718120575
vn 0.1189160943031311 -0.22074566781520844 0.9680548906326294
vn 0.19109930098056793 -0.0118566220626235 -0.9814991354942322
vn 0.0007256820099428296 -0.9999997019767761 -0.00021426694002002478
vn 0.551941454410553 0.00002561864494055044 -0.8338828682899475
vn 0.5523495674133301 0.054503362625837326 -0.8318289518356323
vn -0.19877347350120544 0.07705643028020859 -0.9770114421844482
vn -0.19877347350120544 0.07705643028020859 -0.9770114421844482
vn 0.5523495674133301 0.054503362625837326 -0.8318289518356323
vn 0.198554128408432 -0.09074246883392334 0.9758801460266113
vn 0.198554128408432 -0.09074246883392334 0.9758801460266113
vn 0.8333120346069336 -0.06414813548326492 0.5490683317184448
vn 0.8333047032356262 -0.06414596736431122 0.5490797758102417
vn 0.5519627928733826 0.000018779812307911925 -0.8338687419891357
vn 0.5519263744354248 0.000022289716071099974 -0.833892822265625
vn 0.9799372553825378 0.000004552814516500803 -0.19930632412433624
vn 0.9799372553825378 0.000004552814516500803 -0.19930632412433624
vn -0.8338693380355835 0.000012253290151420515 -0.5519618391990662
vn -0.8338928818702698 0.000008829926628095564 -0.55192631483078
vn 0.5519263744354248 0.000022289716071099974 -0.833892822265625
vn 0.9799278378486633 -0.0000049499108172312845 -0.19935303926467896
vn 0.5519627928733826 0.000018779812307911925 -0.8338687419891357
vn 0.5523495674133301 0.054503362625837326 -0.8318289518356323
vn 0.5523495674133301 0.054503362625837326 -0.8318289518356323
vn 0.0015337133081629872 -0.9999987483024597 -0.0003120765322819352
vn -0.1399620920419693 -0.7071059942245483 -0.6931174397468567
vn -0.1399621069431305 -0.7071059346199036 -0.6931174397468567
vn 0.0015337133081629872 -0.9999987483024597 -0.0003120765322819352
vn 4.329336178443555e-8 1 2.1278397355217749e-7
vn -0.0014314060099422932 0.999998927116394 0.0002913344942498952
vn -0.14197981357574463 0.7071060538291931 -0.692706823348999
vn -0.14197979867458344 0.7071060538291931 -0.692706823348999
vn -0.0014314060099422932 0.999998927116394 0.0002913344942498952
vn -0.0004763251927215606 -0.9999998211860657 -0.00037443864857777953
vn -0.0004763251927215606 -0.9999998211860657 -0.00037443864857777953
vn -0.0004763251927215606 -0.9999998211860657 -0.00037443864857777953
vn -0.19936761260032654 5.47908996395563e-7 -0.979924738407135
vn -0.1410096287727356 -0.7071064114570618 -0.6929046511650085
vn -0.14093874394893646 0.7071071863174438 -0.6929182410240173
vn -0.0003059953742194921 -1 -0.0002653234114404768
vn -0.0004763251927215606 -0.9999998211860657 -0.00037443864857777953
vn -0.00017824795213527977 -1 -0.00018348696175962687
vn -0.0003604576049838215 -1 -0.00027953210519626737
vn -0.0004763251927215606 -0.9999998211860657 -0.00037443864857777953
vn -0.00024458992993459105 -1 -0.0001846255036070943
vn -0.0001356654684059322 -1 -0.00015620813064742833
vn -0.07681215554475784 -0.9847279191017151 -0.15623952448368073
vn -0.014138252474367619 -0.9893309473991394 -0.144997701048851
vn -0.028534581884741783 -0.9918888807296753 -0.12386360764503479
vn -0.00039116028347052634 -0.9999998807907104 -0.0003198810154572129
vn -0.0004763251927215606 -0.9999998211860657 -0.00037443864857777953
vn -0.00024458992993459105 -1 -0.0001846255036070943
vn -0.0003059953742194921 -1 -0.0002653234114404768
vn -0.00024458992993459105 -1 -0.0001846255036070943
vn -0.00024458992993459105 -1 -0.0001846255036070943
vn -0.0001287222548853606 -1 -0.00008971890201792121
vn -0.0001390505931340158 -1 -0.00016674725338816643
vn -0.00022083042131271213 -1 -0.00021076577831991017
vn -0.00009985324140870944 -1 -0.000150007545016706
vn 0.0002674151910468936 -0.9861196279525757 -0.16603602468967438
vn -0.1410096287727356 -0.7071064114570618 -0.6929046511650085
vn 0.04862846061587334 -0.989875078201294 -0.13335196673870087
vn -0.0001287222548853606 -1 -0.00008971890201792121
vn -0.0001287222548853606 -1 -0.00008971890201792121
vn -0.00006404101441148669 -1 -0.00014380695938598365
vn -0.00014920593821443617 -1 -0.00019836460705846548
vn 0.000014353703591041267 -1 -0.00011032754991902038
vn -0.1057749092578888 -0.9878573417663574 -0.11379656940698624
vn -0.057763874530792236 -0.9949809908866882 -0.08170844614505768
vn -0.12334532290697098 -0.9886366128921509 -0.08592747896909714
vn -0.1534278392791748 -0.9773892760276794 -0.14549943804740906
vn -0.14088769257068634 -0.9883233904838562 -0.058031294494867325
vn -0.0001424357178620994 -1 -0.0001772863615769893
vn 0.00002112393849529326 -1 -0.00008924931171350181
vn -0.000012854586202593055 -1 0.000005187704118725378
vn 0.0001779133453965187 -1 -0.0000222904982365435
vn -0.19936761260032654 5.47908996395563e-7 -0.979924738407135
vn 0.18196232616901398 -0.979989767074585 0.0806838646531105
vn 0.21176636219024658 -0.9765477180480957 0.03885238245129585
vn 0.2287047654390335 -0.9669406414031982 0.11278245598077774
vn -0.00043374273809604347 -0.9999998807907104 -0.00034715983201749623
vn -0.00031276559457182884 -1 -0.00028640165692195296
vn -0.000057270764955319464 -1 -0.0001227287284564227
vn -0.0003604576049838215 -1 -0.00027953210519626737
vn 0.10050035268068314 -0.9894266724586487 0.10456771403551102
vn 0.1346038430929184 -0.9897210001945496 0.048312123864889145
vn -0.18421083688735962 -0.3826829493045807 -0.9053287506103516
vn -0.14093846082687378 0.7071080207824707 -0.6929174065589905
vn -0.1410096287727356 -0.7071064114570618 -0.6929046511650085
vn -0.0004763251927215606 -0.9999998211860657 -0.00037443864857777953
vn 0.06681231409311295 -0.9847092628479004 0.16088463366031647
vn -0.06334544718265533 -0.986687958240509 0.14978045225143433
vn 0.018731651827692986 -0.9916037321090698 0.1279498040676117
vn -0.14093860983848572 0.7071076035499573 -0.6929178237915039
vn -0.0004763251927215606 -0.9999998211860657 -0.00037443864857777953
vn -0.0004763251927215606 -0.9999998211860657 -0.00037443864857777953
vn 0.0773453637957573 -0.9815559387207031 -0.17482982575893402
vn 0.06303898990154266 -0.9860391616821289 -0.15411968529224396
vn -0.02941352128982544 -0.9950831532478333 0.09457432478666306
vn 0.1255532205104828 -0.9819334149360657 -0.1415741741657257
vn 0.004643990658223629 -0.9992297887802124 0.038964394479990005
vn -0.07845717668533325 -0.9949662089347839 0.062342967838048935
vn -0.12723062932491302 -0.9914225339889526 0.029896901920437813
vn -0.11256495863199234 -0.9866621494293213 0.1175880879163742
vn -0.0003604576049838215 -1 -0.00027953210519626737
vn 0.038681674748659134 -0.9991101026535034 -0.01681189425289631
vn 0.16431400179862976 -0.9863865971565247 0.0065122731029987335
vn 0.08678968250751495 -0.9961017966270447 0.015776822343468666
vn 0.06784077733755112 -0.9959744215011597 -0.05858810618519783
vn 0.1935902088880539 -0.9804470539093018 -0.035304777324199677
vn -0.0004763251927215606 -0.9999998211860657 -0.00037443864857777953
vn 0.09682312607765198 -0.9902437925338745 -0.10021167248487473
vn 0.17428253591060638 -0.9786157608032227 -0.1092555895447731
vn -0.0926978588104248 -0.9953557848930359 -0.02596195600926876
vn 0.15395621955394745 -0.9710646271705627 -0.1825678050518036
vn 0.16423940658569336 -0.9755530953407288 -0.1460184007883072
vn -0.0004763251927215606 -0.9999998211860657 -0.00037443864857777953
vn 0.1454554796218872 -0.9870338439941406 -0.06787432730197906
vn 0.00009951864194590598 -1 -0.00005576990588451736
vn -0.00022760065621696413 -1 -0.00023184400924947113
vn -0.0970069169998169 -0.9740800261497498 0.20434708893299103
vn -0.0004763251927215606 -0.9999998211860657 -0.00037443864857777953
vn -0.00039116028347052634 -0.9999998807907104 -0.0003198810154572129
vn -0.009557277895510197 -0.9987361431121826 -0.04934369772672653
vn -0.00027018311084248126 -0.9999999403953552 -0.0002591228112578392
vn -0.6114383935928345 -0.48880723118782043 0.6222624778747559
vn -0.6059384942054749 0.4857655167579651 0.6299765110015869
vn -0.8039193749427795 0.4857639968395233 -0.3431428074836731
vn -0.6114376187324524 -0.4888077676296234 0.6222627758979797
vn -0.6059392094612122 0.4857674837112427 0.6299743056297302
vn -0.8039186596870422 0.48576366901397705 -0.3431449830532074
vn -0.8039175271987915 0.4857686758041382 -0.34314054250717163
vn -0.8059748411178589 -0.4888063669204712 -0.3338755965232849
vn -0.611437976360321 -0.48880377411842346 0.6222655773162842
vn -0.6059375405311584 0.4857706129550934 0.6299734711647034
vn -0.8059705495834351 -0.48881345987319946 -0.33387547731399536
vn -0.6114376187324524 -0.4888077676296234 0.6222627758979797
vn -0.6059266328811646 0.4857654273509979 0.6299879550933838
vn -0.8039193153381348 0.4857644736766815 -0.34314221143722534
vn -0.805972158908844 -0.4888104796409607 -0.33387601375579834
vn -0.8059715628623962 -0.4888118505477905 -0.333875447511673
vt 1.052454948425293 0.10134327411651611
vt 1.0855674743652344 0.00019288063049316406
vt 1.1328045129776 0.00019288063049316406
vt 1.041006326675415 0.48056817054748535
vt 0.6932305693626404 0.5554890632629395
vt 1.388780951499939 0.34071993827819824
vt 1.0410287380218506 0.7602578103542328
vt 0.6932318210601807 0.6204164028167725
vt 1.3869194984436035 0.21984624862670898
vt 1.6843221187591553 -0.090201735496521
vt 1.4288824796676636 0.2198467254638672
vt 1.6159005165100098 0.611676961183548
vt 1.8890804052352905 0.8195685744285583
vt 1.4124363660812378 0.7156335115432739
vt 1.3427207469940186 0.4037853479385376
vt 1.8890817165374756 0.40379059314727783
vt -0.572605311870575 0.5489616394042969
vt -0.20544898509979248 0.4038122892379761
vt -0.5726051926612854 0.9020106196403503
vt -0.5726054310798645 0.1959126591682434
vt -0.9397616386413574 0.6941109895706177
vt -0.20544883608818054 0.7568612992763519
vt 0.16170749068260193 0.6117119491100311
vt -0.2054486870765686 1.1099102795124054
vt -0.9397618770599365 -0.011986970901489258
vt -0.939761757850647 0.3410620093345642
vt 0.16170763969421387 0.9647609442472458
vt 0.5288639664649963 0.8196116089820862
vt 0.1617070734500885 0.9948559701442719
vt 1.3093396425247192 1.400181770324707
vt 1.4289283752441406 0.9399507641792297
vt 1.671157717704773 1.1700683534145355
vt 1.9133634567260742 0.8800986409187317
vt 1.9133870601654053 1.4001859426498413
vt -0.760703444480896 -0.19640564918518066
vt -0.6430928111076355 0.0041106343269348145
vt -0.7607403993606567 0.13889741897583008
vt -0.5254452228546143 -0.13067615032196045
vt 0.9357923269271851 0.6116984784603119
vt 1.2089722156524658 0.8195900917053223
vt 1.6633405685424805 -0.0902019739151001
vt 1.939761757850647 -0.4002501964569092
vt 1.4542419910430908 -0.40025031566619873
vt 1.0396102666854858 0.06482201814651489
vt 1.1778208017349243 -0.09020209312438965
vt 0.9687221646308899 -0.4002504348754883
vt -0.024723326787352562 0.26819658279418945
vt -0.00231894850730896 0.26819658279418945
vt -0.002319812774658203 0.7702581882476807
vt -0.002318084239959717 -0.23386502265930176
vt 0.6923007369041443 -0.007009387016296387
vt 0.34499138593673706 -0.10542750358581543
vt 0.6923008561134338 0.02301013469696045
vt 0.3449905216693878 0.39663416147232056
vt 0.6922999620437622 0.525071769952774
vt 1.0396102666854858 0.15144777297973633
vt -0.756183385848999 0.798060804605484
vt 0.796360969543457 -0.1422278881072998
vt 0.7963612079620361 -0.01199793815612793
vt 0.6368446350097656 -0.1422286033630371
vt -0.9397615194320679 1.0471599698066711
vt 1.3869197368621826 0.27988535165786743
vt -0.7561832666397095 1.1511097848415375
vt -0.9397614002227783 1.4002089500427246
vt -0.5726050138473511 1.2550595998764038
vt -0.021870747208595276 0.5077621340751648
vt 0.17909282445907593 -0.1422276496887207
vt 0.33860915899276733 -0.1422286033630371
vt 0.1790926158428192 -0.011997699737548828
vt -0.5254267454147339 -0.2983276844024658
vt -0.760703444480896 -0.4002518653869629
vt -0.5254267454147339 -0.40025079250335693
vt -0.2901500463485718 -0.400249719619751
vt 0.3539782762527466 0.4038069248199463
vt 0.5751697421073914 0.19590449333190918
vt 0.6626125574111938 0.40380680561065674
vt -0.5254267454147339 0.6488789021968842
vt -0.7607032060623169 0.7328453063964844
vt -0.7607027292251587 0.3976564407348633
vt -0.2901507019996643 0.900101363658905
vt 0.07426464557647705 0.4038096070289612
vt 1.30934739112854 0.9399471282958984
vt 1.4289278984069824 0.8800989389419556
vt -0.525426983833313 0.9000424444675446
vt -0.7607032060623169 0.8999835252761841
vt -0.29015037417411804 0.24992585182189941
vt -0.5254454016685486 0.19441163539886475
vt 0.19190502166748047 1.2851760387420654
vt 0.5288617014884949 0.9399917125701904
vt 0.5892598628997803 1.4002517461776733
vt -0.17525076866149902 1.400230348110199
vt -0.20544981956481934 1.1701003313064575
vt -0.5254455804824829 0.5194993913173676
vt 0.6923010349273682 -0.0902022123336792
vt 1.0410399436950684 0.9001026302576065
vt 0.6932541728019714 0.9001060426235199
vt 1.3888256549835205 0.9000992178916931
vt 0.344990074634552 0.6476649641990662
vt 0.8689180612564087 0.8196008503437042
vt -0.5726056098937988 1.285154640674591
vt 1.4205807447433472 -0.09020209312438965
vt 0.16170594096183777 1.055046021938324
vt 1.388803243637085 0.6204095780849457
vt -0.29015052318573 0.5750136077404022
vt 0.8660767674446106 0.2998502850532532
vt 1.139256477355957 0.5077419281005859
vt -0.013178184628486633 0.19590729475021362
vt -0.38033461570739746 -0.011992335319519043
vt -0.10062098503112793 -0.011995077133178711
vt -0.29289180040359497 0.19590997695922852
vt -0.5575060844421387 1.4002196490764618
vt 0.20700454711914062 1.4002410471439362
vt -0.04712684080004692 -0.23386502265930176
vt -0.049121443182229996 0.7702832818031311
vt 0.5536150932312012 1.0001031160354614
vt 0.88926762342453 1.000103235244751
vt 0.88926762342453 1.000103235244751
vt 0.5536150932312012 1.0001031160354614
vt -0.389026939868927 1.0059604495763779
vt -0.5726051330566406 1.078535109758377
vt -0.10931358486413956 0.29985976219177246
vt -0.7607032060623169 0.7328453063964844
vt -0.9397183656692505 0.7328536510467529
vt -0.8502105474472046 0.565272331237793
vt -0.9397178888320923 0.39769935607910156
vt -0.7607027292251587 0.3976564407348633
vt -0.7607403993606567 0.13889741897583008
vt -0.9397180080413818 0.13871419429779053
vt -0.8502295017242432 -0.02875673770904541
vt -0.9397186040878296 -0.1964108943939209
vt -0.760703444480896 -0.19640564918518066
vt 1.9397428035736084 -0.060181617736816406
vt 1.9397239685058594 0.27988696098327637
vt 1.6843032836914062 0.24986684322357178
vt 1.4288820028305054 0.27988535165786743
vt 1.5490262508392334 0.8195793330669403
vt 1.206130862236023 0.29983949661254883
vt 1.0695409774780273 0.19589370489120483
vt 1.3427221775054932 -0.011992692947387695
vt 1.1168773174285889 0.10134327411651611
vt 1.127984642982483 0.19989973306655884
vt 1.075545310974121 0.19989973306655884
vt 0.1713353544473648 0.5834461748600006
vt 0.17133621871471405 0.08138453960418701
vt 1.1896913051605225 0.10134327411651611
vt 1.1896913051605225 0.19989973306655884
vt 1.262505292892456 0.10134327411651611
vt 1.2513978481292725 0.19989973306655884
vt 1.355199933052063 0.10134327411651611
vt 1.3321093320846558 0.19989973306655884
vt 0.48320236802101135 -0.40025055408477783
vt 0.48772692680358887 -0.011997818946838379
vt 1.1896913051605225 0.00019288063049316406
vt 1.2465769052505493 0.00019288063049316406
vt 1.3220874071121216 0.00019288063049316406
vt 1.002666711807251 0.40379607677459717
vt 1.611363410949707 1.4001838564872742
vt 1.0695416927337646 -0.011995315551757812
vt -0.0023174285888671875 -0.4002506732940674
vt 0.3449918031692505 -0.24522638320922852
vt -0.9397183060646057 -0.02884840965270996
vt 0.9855072498321533 0.987922728061676
vt 0.9855072498321533 0.8091787695884705
vt 0.7753623127937317 0.8091787695884705
vt 0.7753623127937317 0.987922728061676
vt 0.7753623127937317 0.8091787695884705
vt 0.7753623127937317 0.987922728061676
vt 0.9855072498321533 0.987922728061676
vt 0.9855072498321533 0.8091787695884705
vt 0.7753623127937317 0.8091787695884705
vt 0.7753623127937317 0.987922728061676
vt 0.9855072498321533 0.987922728061676
vt 0.9855072498321533 0.987922728061676
vt 0.9855072498321533 0.8091787695884705
vt 0.5892606973648071 0.9399919509887695
vt -0.9397181272506714 0.5652765035629272
vt 0.9855072498321533 0.987922728061676
vt 0.9855072498321533 0.8091787695884705
vt 0.7753623127937317 0.8091787695884705
vt 0.7753623127937317 0.987922728061676
vt 0.7753623127937317 0.8091787695884705
vt 0.7753623127937317 0.987922728061676
vt 0.9855072498321533 0.987922728061676
vt 0.9855072498321533 0.8091787695884705
vt 0.7753623127937317 0.8091787695884705
vt 0.7753623127937317 0.987922728061676
vt 0.9855072498321533 0.987922728061676
vt 0.9855072498321533 0.987922728061676
vt 0.9855072498321533 0.8091787695884705
vt -0.0023173093795776367 0.9001128673553467
vt 0.3454572558403015 0.7602646350860596
vt 0.4079686403274536 -0.07711315155029297
vt 1 0.5665401816368103
vt 1 0.4582793712615967
vt 0 0.5665401816368103
vt 0.7753623127937317 0.987922728061676
vt 0.9855072498321533 0.8091787695884705
vt 0.7753623127937317 0.987922728061676
vt 0.9855072498321533 0.8091787695884705
vt 0 0.4582793712615967
vt 1 0.815000057220459
vt 1 0.6817150115966797
vt 0 0.815000057220459
vt 0 0.6817150115966797
vt 0.5186461210250854 -0.08452153205871582
vt 0.9855072498321533 0.987922728061676
vt 0.9855072498321533 0.8091787695884705
vt 0.7753623127937317 0.8091787695884705
vt 0.7753623127937317 0.987922728061676
vt 0.7753623127937317 0.8091787695884705
vt 0.7753623127937317 0.987922728061676
vt 0.9855072498321533 0.987922728061676
vt 0.9855072498321533 0.8091787695884705
vt 0.7753623127937317 0.8091787695884705
vt 0.7753623127937317 0.987922728061676
vt 0.9855072498321533 0.987922728061676
vt 0.9855072498321533 0.987922728061676
vt 0.9855072498321533 0.8091787695884705
vt 0.3449914753437042 -0.1620335578918457
vt 0.9855072498321533 0.987922728061676
vt 0.9855072498321533 0.8091787695884705
vt 0.7753623127937317 0.8091787695884705
vt 0.7753623127937317 0.987922728061676
vt 0.7753623127937317 0.8091787695884705
vt 0.7753623127937317 0.987922728061676
vt 0.9855072498321533 0.987922728061676
vt 0.9855072498321533 0.8091787695884705
vt 0.7753623127937317 0.8091787695884705
vt 0.7753623127937317 0.987922728061676
vt 0.9855072498321533 0.987922728061676
vt 0.9855072498321533 0.987922728061676
vt 0.9855072498321533 0.8091787695884705
vt 0.9329510927200317 0.09194791316986084
vt 1.6159019470214844 0.19589895009994507
vt 1.6159026622772217 -0.011990070343017578
vt 1.8890831470489502 -0.011987447738647461
vt 0.7753623127937317 0.987922728061676
vt 0.9855072498321533 0.8091787695884705
vt 0.7753623127937317 0.987922728061676
vt 0.9855072498321533 0.8091787695884705
vt 0.3454553782939911 0.6628736257553101
vt 0.34545600414276123 0.6953372955322266
vt 0.3454684317111969 0.9001094549894333
vt -0.2901502251625061 -0.07516193389892578
vt 0.983504593372345 0.8063479661941528
vt 0.9835048317909241 0.9859218597412109
vt 0.7749464511871338 0.9859218001365662
vt 0.7749462127685547 0.8063480257987976
vt 0.9835059642791748 0.8063482046127319
vt 0.9835059642791748 0.9859221577644348
vt 0.7749463319778442 0.9859218597412109
vt 0.7749464511871338 0.8063479661941528
vt 0.7749463319778442 0.8063479661941528
vt 0.9835057258605957 0.8063479065895081
vt 0.9835058450698853 0.98592209815979
vt 0.7749462127685547 0.9859222173690796
vt 0.7749462127685547 0.8063482642173767
vt 0.9835056662559509 0.8063480257987976
vt 0.5265933871269226 0.9889993667602539
vt 0.5265932083129883 0.8199639916419983
vt 0.6956288814544678 0.8199641108512878
vt 0.6956288814544678 0.9889994859695435
vt 0.6956287026405334 0.9889994859695435
vt 0.5841125249862671 0.819963812828064
vt 0.6956288814544678 0.819963812828064
vt 0.5265932083129883 0.819963812828064
vt 0.6956286430358887 0.819963812828064
vt 0.6956288814544678 0.9889994859695435
vt 0.5265932083129883 0.9889994859695435
vt 0.5265935659408569 0.9889994859695435
vt 0.5265933275222778 0.819963812828064
vt 0.6381093859672546 0.819963812828064
vt 0.5265933275222778 0.819963812828064
vt 0.6956287026405334 0.819963812828064
vt 0.6956287622451782 0.9889993667602539
vt 0.5265932679176331 0.9889992475509644
vt 0.983504593372345 0.9859219193458557
vt 0.7749462127685547 0.9859218597412109
vt 0.7983782291412354 0.9890614748001099
vt 0.798378050327301 0.812870979309082
vt 0.9745685458183289 0.8128710985183716
vt 0.9745687246322632 0.9890614748001099
vt 0.7983782291412354 0.8128709197044373
vt 0.9745686054229736 0.8128708600997925
vt 0.9745684862136841 0.9890613555908203
vt 1.0396099090576172 0.40247857570648193
vt 0.7983782291412354 0.9890614748001099
vt 0.7983779907226562 0.8128708600997925
vt 0.9745684862136841 0.8128709197044373
vt 0.29470348358154297 0.9789403676986694
vt 0.29470330476760864 0.8243873715400696
vt 0.44925549626350403 0.8243874311447144
vt 0.44925567507743835 0.9789404273033142
vt 0.4492563307285309 0.9789403676986694
vt 0.34729284048080444 0.82438725233078
vt 0.4492564797401428 0.82438725233078
vt 0.29470330476760864 0.82438725233078
vt 0.44925549626350403 0.82438725233078
vt 0.44925549626350403 0.9789404273033142
vt 0.29470330476760864 0.9789403676986694
vt 0.2947034239768982 0.9789404273033142
vt 0.29470324516296387 0.82438725233078
vt 0.3966667056083679 0.82438725233078
vt 0.29470324516296387 0.8243873119354248
vt 0.4492563009262085 0.8243873119354248
vt 0.4492563009262085 0.9789403080940247
vt 0.2947041094303131 0.9789403080940247
vt 0.7983779311180115 0.8128709197044373
vt 0.9745684266090393 0.8128709197044373
vt 0.9745684266090393 0.9890613555908203
vt 0.7983779311180115 0.9890613555908203
vt 1.3215123414993286 0.8204514980316162
vt 0.6784828305244446 0.5035548806190491
vt 1.3215123414993286 0.5035547018051147
vt 1.3215123414993286 0.8204514980316162
vt 0.6784809231758118 0.8204517364501953
vt 0.25040942430496216 0.6602757275104523
vt 0.6249549388885498 0.6747080683708191
vt 0.5 0.6314110159873962
vt 0.5 0.6314110159873962
vt 0.8745455741882324 0.6458433866500854
vt 0.7495906352996826 0.6025463044643402
vt 0.9995004534721375 0.6891404390335083
vt 0.9991812705993652 0.5736815929412842
vt 0.8745455741882324 0.6458433866500854
vt 0.7495906352996826 0.6025463044643402
vt 0.9995004534721375 0.6891404390335083
vt 0.9991812705993652 0.5736815929412842
vt 0.12545448541641235 0.616978645324707
vt 0.25040942430496216 0.6602757275104523
vt 0.0004995465278625488 0.5736815929412842
vt 0.0008188188076019287 0.6891404390335083
vt 0.12545448541641235 0.616978645324707
vt 0.0004995465278625488 0.5736815929412842
vt 0.0008188188076019287 0.6891404390335083
vt 1.4995003938674927 0.08112490177154541
vt 1.4995003938674927 0.0004997849464416504
vt 1.9990007877349854 0.0004994869232177734
vt 0.9999999403953552 0.0005000829696655273
vt 1 0.3230000138282776
vt 0.5004996061325073 0.2739427089691162
vt 1 0.2248854637145996
vt 0.0009992718696594238 0.3230000138282776
vt 0.5004996061325073 0.175828218460083
vt 1.4995003938674927 0.2739427089691162
vt 1.4995003938674927 0.24237513542175293
vt 1.9990007877349854 0.3230000138282776
vt 0.25 1
vt 0.25 0.9500000029802322
vt 0.5 0.9000000059604645
vt 0 1
vt 0.25 0.8500000089406967
vt 1.5 0.9900000095367432
vt 1.5 0.9425000101327896
vt 1 0.8950000107288361
vt 2 0.9900000095367432
vt 1.5 0.8475000113248825
vt 2 0.800000011920929
vt 1.5 0.800000011920929
vt 1.75 0.8237500190734863
vt 0.75 0.9500000029802322
vt 0.75 0.9000000059604645
vt 1 1
vt 0.5 0.800000011920929
vt 0.10209886729717255 0.6961353421211243
vt 0.5990338325500488 0.6961353421211243
vt 0.10209888219833374 0.5600000023841858
vt 0.5990338325500488 0.5600000023841858
vt 0.75 0.800000011920929
vt 0.5990338325500488 0.5600000023841858
vt 0.102098748087883 0.6396893262863159
vt 0.10209879279136658 0.5600000023841858
vt 0.2542726993560791 0.5600000023841858
vt 0.2542726397514343 0.6396893262863159
vt 0.875 0.800000011920929
vt 0.75 0.7775000035762787
vt 1 0.800000011920929
vt 1.9977302551269531 0.5729469060897827
vt 0.0022695064544677734 0.5729469060897827
vt 0.0022695064544677734 0.7028985619544983
vt 0 0.5815944075584412
vt 1.8806267976760864 0.7073581218719482
vt 2 0.5818530321121216
vt 2 0.707368791103363
vt 0.2681562006473541 0.7072138786315918
vt 0 0.7071898579597473
vt 0.25 0.800000011920929
vt 0.5 0.800000011920929
vt 0.6227489709854126 0.7529771029949188
vt 0 0.800000011920929
vt 0 0.9900000095367432
vt 0.5 0.9425000101327896
vt 0.5 0.8950000107288361
vt 1 0.800000011920929
vt 1.25 0.800000011920929
vt 1.2454979419708252 0.7059541940689087
vt 0.25 0.800000011920929
vt 0.25 0.7775000035762787
vt 0.5 0.7549999952316284
vt 0 0.800000011920929
vt 0.25 0.7324999868869781
vt 0.5990338325500488 0.6961353421211243
vt 0.10209871828556061 0.6961353421211243
vt 0.5990338325500488 0.5600000023841858
vt 0.10209879279136658 0.5600000023841858
vt 0.125 0.7212499976158142
vt 0.25 0.7099999785423279
vt 0 0.7099999785423279
vt 0.5990338325500488 0.6961353421211243
vt 0.10209887474775314 0.6479195952415466
vt 0.10209886729717255 0.6961353421211243
vt 0.10209888219833374 0.5600000023841858
vt 0.25427278876304626 0.6479195952415466
vt 0.25427278876304626 0.5600000023841858
vt 0.875 0.7099999785423279
vt 1 0.7099999785423279
vt 0.75 0.7099999785423279
vt 0.5 0.7099999785423279
vt 0.75 0.7549999952316284
vt 1.7492506504058838 0.12143731117248535
vt 0.25 0.7099999785423279
vt 0.5 0.7099999785423279
vt 0.25 0.7305264472961426
vt 0 0.7099999785423279
vt 2.8915493488311768 0.5799999237060547
vt 1.4450435638427734 0.6999999284744263
vt 0.0015488862991333008 0.6999999284744263
vt 2.888538360595703 0.6999999284744263
vt 0.0015643537044525146 0.5799999237060547
vt 0.0014986395835876465 0.6999999284744263
vt 1.4503235816955566 0.6999999284744263
vt 2.899148464202881 0.6999999284744263
vt 1 0.9900000095367432
vt 0.5 1
vt 1 0.7921057939529419
vt 0.5 0.7921057939529419
vt 0.75 0.7715793401002884
vt 0.5 0.7510528862476349
vt 1.639782428741455 0.539999932050705
vt 1.7038228511810303 0.4999999403953552
vt 2.9984521865844727 0.4999999403953552
vt 0.40919333696365356 0.4999999403953552
vt 1.0002610683441162 0.4200286865234375
vt 1.000258207321167 0.32999998331069946
vt 2 0.32999998331069946
vt 0.0005165338516235352 0.32999998331069946
vt 0.5193902254104614 0.6908212900161743
vt 0.7593654990196228 0.6619565486907959
vt 0.5194761753082275 0.6330918371677399
vt 0.9992548227310181 0.6908212900161743
vt 0.9994267225265503 0.5753623843193054
vt 0.5193902254104614 0.6908212900161743
vt 0.7593654990196228 0.6619565486907959
vt 0.5194761753082275 0.6330918371677399
vt 0.9992548227310181 0.6908212900161743
vt 0.9994267225265503 0.5753623843193054
vt 0.2795870304107666 0.6042271256446838
vt 0.03969787806272507 0.5753623843193054
vt 0.039525680243968964 0.6908212900161743
vt 0.2795870304107666 0.6042271256446838
vt 0.03969787806272507 0.5753623843193054
vt 0.039525680243968964 0.6908212900161743
vt 0.5990338325500488 0.6961353421211243
vt 0.3505662679672241 0.628067672252655
vt 0.5990338325500488 0.628067672252655
vt 0.5 0.7510528862476349
vt 1 0.7099999785423279
vt 1 0.7921057939529419
vt 1.5000063180923462 0.539999932050705
vt 1.5534558296203613 0.4999999403953552
vt 2.998448371887207 0.4999999403953552
vt 0.10846343636512756 0.4999999403953552
vt 1.0002497434616089 0.4198824167251587
vt 1.0002497434616089 0.5096316635608673
vt 0.0004994869232177734 0.5097647309303284
vt -0.11332876235246658 0.7059551477432251
vt 0.3379102051258087 0.7059546709060669
vt 2 0.5094985961914062
vt 0.9972624182701111 0.5324922502040863
vt 0.9972624182701111 0.48767971992492676
vt 1.993525743484497 0.48767971992492676
vt 0.0009990930557250977 0.48767971992492676
vt 1 1
vt 0 0.7921057939529419
vt 0.5 0.7921057939529419
vt 0 0.7921057939529419
vt 0.5 0.896052896976471
vt 0 1
vt 1 1
vt 0.5990338325500488 0.5600000023841858
vt 0.3505663573741913 0.628067672252655
vt 0.5 0.896052896976471
vt 0 1
vt 0.9999999403953552 0.5079227685928345
vt 0.0009990930557250977 0.5079227685928345
vt 0.0005029439926147461 0.33000004291534424
vt 2 0.33000004291534424
vt 0.5 1
vt 0.10209871828556061 0.6961353421211243
vt 0.5990338325500488 0.628067672252655
vt 0.75 0.7921057939529419
vt 2 0.5096344947814941
vt 0.000522315502166748 0.5100574493408203
vt 1.6227489709854126 0.7529771029949188
vt 1.6457489728927612 0.7059546709060669
vt 1.845874547958374 0.705954909324646
vt 1.0006351470947266 0.5404348373413086
vt 1.9990007877349854 0.5079227685928345
vt 2.0460000038146973 0.7059551477432251
vt 1.993525743484497 0.5773047804832458
vt 0.0009990930557250977 0.5773047804832458
vt 0.3945745825767517 0.7529771029949188
vt 0.7891491651535034 0.7059541940689087
vt 0.5000001192092896 0.41974931955337524
vt 0.0004995465278625488 0.33000004291534424
vt 0.9995004534721375 0.33000004291534424
vt 0.0004997551441192627 0.5094985961914062
vt 0.9994998574256897 0.5100574493408203
vt 0.25 0.7305264472961426
vt 0.5 0.7099999785423279
vt 0.0015643537044525146 0.5799999237060547
vt 2.8915493488311768 0.5799999237060547
vt 2.8916001319885254 0.5799999237060547
vt 2.9985015392303467 0.4999999403953552
vt 1.5534874200820923 0.4999999403953552
vt 0.10847336053848267 0.4999999403953552
vt 1.0002515316009521 0.33000004291534424
vt 0.0015643537044525146 0.5799999237060547
vt 1.446582317352295 0.5799999237060547
vt 2.8916001319885254 0.5799999237060547
vt 1.4465821981430054 0.5799999237060547
vt 0 0.7099999785423279
vt 0.5990338325500488 0.5
vt 0.10209889709949493 0.5
vt 0.35056638717651367 0.41449278593063354
vt 0.5990338325500488 0.3289855718612671
vt 0.10209868848323822 0.3289855718612671
vt 0.5990338325500488 0.5
vt 0.10209889709949493 0.5
vt 0.35056638717651367 0.41449278593063354
vt 0.5990338325500488 0.3289855718612671
vt 0.10209868848323822 0.3289855718612671
vt 0.4091949462890625 0.4999999403953552
vt 0.2811124920845032 0.5799999237060547
vt 1.5863196849822998 0.5799999237060547
vt 2.891526699066162 0.5799999237060547
vt 2.888524055480957 0.6999999284744263
vt 2.8915464878082275 0.5799999237060547
vt 0.2811124920845032 0.5799999237060547
vt 2.9984357357025146 0.4999999403953552
vt 1.7038153409957886 0.4999999403953552
vt 1.0002611875534058 0.5098459720611572
vt 0.5001596212387085 0.6891404390335083
vt 1.5901435613632202 0.6999999284744263
vt 0.28116175532341003 0.6999999284744263
vt 0.5001596212387085 0.6891404390335083
vt 0.9341234564781189 0.729465663433075
vt 1 0.16175031661987305
vt 0.0009991993429139256 0.12677091360092163
vt 0.5004996061325073 0.08112549781799316
vt 0.000999152660369873 0.0005006790161132812
vt 0.75 0.7099999785423279
vt 1 0.7099999785423279
vt 0.4998404085636139 0.5736815929412842
vt 0.4998404085636139 0.5736815929412842
vt 1.0012705326080322 0.7028985619544983
vt 2.0002715587615967 0.7028985619544983
vt 0.06505986303091049 0.5743706226348877
vt 1.0750598907470703 0.5753519535064697
vt 1.0750598907470703 0.6935496926307678
vt 0.06505986303091049 0.6928532719612122
vt 1.0750598907470703 0.5079751014709473
vt 1.0750598907470703 0.5753519535064697
vt 0.06505986303091049 0.5743706226348877
vt 0.06505986303091049 0.5067997574806213
vt 1.0750598907470703 0.5743052959442139
vt 1.0750598907470703 0.5067424774169922
vt 0.06505986303091049 0.5077062249183655
vt 0.06505986303091049 0.5750747919082642
vt 1.0750598907470703 0.6922444701194763
vt 1.0750598907470703 0.5743052959442139
vt 0.06505986303091049 0.5750747919082642
vt 0.06505986303091049 0.6922442317008972
vt 0.75 0.7099999785423279
vt 0.0015643537044525146 0.5799999237060547
vt -0.0010720640420913696 0.5700908899307251
vt 0.44785982370376587 0.5700908899307251
vt 0.44854921102523804 0.5019468069076538
vt -0.00038098543882369995 0.5019569993019104
vt 0.28118786215782166 0.6999999284744263
vt -0.00038098543882369995 0.5019569993019104
vt 0.44854921102523804 0.5019468069076538
vt 0.44785982370376587 0.5700908899307251
vt -0.0010720640420913696 0.5700908899307251
vt 0.5 0.9900000095367432
vt 0.875 0.7775000035762787
vt 1.9990007877349854 0.1617497205734253
vt 1.7492506504058838 0.28268754482269287
vt 0.125 1
vt 0.125 0.7099999785423279
vt 0.625 0.7099999785423279
vt 0.25 0.7099999785423279
vt 0.75 1
vt 0.5 1
vt 0.25 1
vt 2.2446343898773193 0.6999999284744263
vt 2.899125337600708 0.6999999284744263
vt 0.75 1
vt 0.625 0.7662499994039536
vt 0.375 0.7099999785423279
vt 1.2497501373291016 0.202062726020813
vt 0.5004995465278625 0.0005003809928894043
vt 0.6249549388885498 0.6747080683708191
vt 0.4168756902217865 0.2393043041229248
vt 0.20868751406669617 0.11990189552307129
vt 0.11023661494255066 0.2393043041229248
vt 0 0.0006319284439086914
vt 0 0.5000557005405426
vt 0.35545605421066284 0.2503490447998047
vt 0.0004995465278625488 0.000611424446105957
vt 0.009267717599868774 0.5000362992286682
vt 0.3033929765224457 0.5273922085762024
vt 0.018035888671875 0.9994611740112305
vt 2.3246617317199707 0.49995702505111694
vt 2.0404117107391357 0.2502945065498352
vt 2.43149995803833 0.5000895261764526
vt 1.6493234634399414 0.0004994869232177734
vt 1.8630000352859497 0.0007644891738891602
vt 0.9995002746582031 0.0009109973907470703
vt 0.7204535603523254 0.3776088356971741
vt 0.9658957719802856 0.5002057552337646
vt 0.29462480545043945 0.027967333793640137
vt 0.5887500643730164 0.055323243141174316
vt 0.29462480545043945 0.0006114840507507324
vt 0.29380297660827637 0.8769033849239349
vt 0.40510863065719604 0.5658825635910034
vt 0.27023905515670776 0.3774588108062744
vt 0.5501601696014404 0.6288262605667114
vt 1.033440113067627 0.4193887710571289
vt 0.6627449989318848 0.47174620628356934
vt 0.2920498847961426 0.5241036117076874
vt 0.5336898565292358 0.41938483715057373
vt 0.5407266020774841 0.5391491055488586
vt 0.33816730976104736 0.7693248093128204
vt 0.38311851024627686 0.5391556024551392
vt 0.13560804724693298 0.9995005130767822
vt 0.556742787361145 0.9993780851364136
vt 0.9995005130767822 0.0004994869232177734
vt 0.8873710632324219 0.7543067932128906
vt 0.9995002746582031 0.4999997615814209
vt 0.016081243753433228 0.5000000298023224
vt 0.03432302549481392 0.8847509622573853
vt 0.032062627375125885 0.0004995465278625488
vt 0.0010001063346862793 0.476015567779541
vt 0.001001119613647461 0.9515329599380493
vt 0.033939629793167114 0.41938096284866333
vt 0.0009990930557250977 0.0004981756210327148
vt 0.032062746584415436 0.0004996061325073242
vt 0.19990012049674988 0.0005628466606140137
vt 0.11711142957210541 0.442656934261322
vt 0.03432273864746094 0.88475102186203
vt 0.17160870134830475 0.88475102186203
vt 0.11711151897907257 0.44265687465667725
vt 0.19990001618862152 0.0005627870559692383
vt 0.1716078668832779 0.8847509622573853
vt 0.000499337911605835 0.0004995465278625488
vt 0.000499337911605835 0.49999988079071045
vt 0.000499337911605835 0.9995001554489136
vt 0.016281042248010635 0.49999988079071045
vt 0.5399782061576843 0.7543063163757324
vt 0.08570593595504761 0.754306435585022
vt 0.5089986324310303 0.8769034743309021
vt 0.44140684604644775 0.7543066740036011
vt 0.5639359354972839 0.2393040657043457
vt 0.5000002384185791 0.0005553960800170898
vt 0.28221791982650757 0.11995768547058105
vt 0.4663952887058258 0.9995003342628479
vt 0.7697391510009766 0.8769032061100006
vt 0.7557594180107117 0.0004994869232177734
vt 0.7109121084213257 0.5000662207603455
vt 0.517219603061676 0.2099434733390808
vt 0.5007492899894714 0.0005021095275878906
vt 1.0004994869232178 0.000505983829498291
vt 1.088791847229004 0.5
vt 1.0663681030273438 0.7497833669185638
vt 3 0.9994145631790161
vt 2.715749979019165 0.2503806948661804
vt 3 0.0006718635559082031
vt 1.4218242168426514 0.9995005130767822
vt 0.1857539415359497 0.44265687465667725
vt 1.0334157943725586 0.5000064373016357
vt 0.06688016653060913 0.838263750076294
vt 0.1857544183731079 0.442656934261322
vt 0.631568968296051 0.0005972981452941895
vt 0.631568968296051 0.05535233020782471
vt 0.9995001554489136 0.0004996061325073242
vt 0.759302020072937 0.7692023813724518
vt 0.7701135873794556 0.5391480028629303
vt 0.6135544776916504 0.8746244609355927
vt 0.727289080619812 0.9994905292987823
vt 0.49087148904800415 0.999480664730072
vt 0.9637067317962646 0.9995003938674927
vt 0.9322912693023682 0.9995005130767822
vt 0.686849057674408 0.8769035935401917
vt 0.5087683796882629 0.5000361204147339
vt 0.49981993436813354 0.749758392572403
vt 0.3860853612422943 0.6248923242092133
vt 0.41233086585998535 0.7497502267360687
vt 0.375 0.9994897171854973
vt 0 0.9995004534721375
vt 0.75 0.9994789808988571
vt 0.06683146953582764 0.9994990825653076
vt 0.5501236319541931 0.7497527599334717
vt 0.009268105030059814 0.5000361204147339
vt 0.0004999339580535889 0.0006113052368164062
vt 0.25463417172431946 0.25032371282577515
vt 1.9123308658599854 0.7497072815895081
vt 1.875 0.9994467720389366
vt 1.5 0.9994575083255768
vt 0.8246617317199707 0.5
vt 0.8246617317199707 0.0006415843963623047
vt 1.236992597579956 0.2502497434616089
vt 2.25 0.9994360357522964
vt 0.580930233001709 0.5659577548503876
vt 0.7036513090133667 0.6272562146186829
vt 0.7362375259399414 0.7497682571411133
vt 0.5501480102539062 0.6691350936889648
vt 0.37787970900535583 0.0005657076835632324
vt 1.0887925624847412 0.0005657076835632324
vt 1.088792324066162 0.2471843957901001
vt 0.8263723850250244 0.6885546743869781
vt 0.324802428483963 0.5274067521095276
vt 0.44748544692993164 0.4025365710258484
vt 0.26340195536613464 0.7497207820415497
vt 0.5087680220603943 0.4999803900718689
vt 0.5000002384185791 0.0006113052368164062
vt 0.7541344165802002 0.25032371282577515
vt 0.25445356965065 0.9994495511054993
vt 0.49087125062942505 0.9994379281997681
vt 1.5167078971862793 0.749744325876236
vt 1.0334157943725586 0.9994906485080719
vt 1.5167078971862793 0.999486431479454
vt 2 0.9994822144508362
vt 1.421825647354126 0.0006319284439086914
vt 0.7541340589523315 0.2502399682998657
vt 0.9637066125869751 0.9994146823883057
vt 1.986992597579956 0.25022828578948975
vt 1.1623308658599854 0.7497287392616272
vt 1.125 0.999468244612217
vt 0.7362372875213623 0.7496975362300873
vt 0.749750018119812 0.0008081197738647461
vt 0.4999998211860657 0.0007052421569824219
vt 0.708187997341156 0.12010765075683594
vt 0.41233086585998535 0.2503918409347534
vt 0.2634023427963257 0.7497485280036926
vt 0.5887500643730164 0.0006115436553955078
vt 2 0.0005137920379638672
vt 1.5167078971862793 0.2502601146697998
vt 2 0.49999797344207764
vt 1.5002497434616089 0.0005098581314086914
vt 0.7817182540893555 0.11990177631378174
vt 0.8634128570556641 0.2393040657043457
vt 0.25024956464767456 0.0006023645401000977
vt 0.9995000958442688 0.9995000958442688
vt 0.00009986162331188098 0.9995005130767822
vt 0.030657364055514336 0.9995003938674927
vt 0.5519570708274841 0.49680519104003906
vt 1.4218251705169678 0.5446212291717529
vt 1.088792324066162 0.27256035804748535
vt 0.01803627610206604 0.9994609355926514
vt 0.04762771725654602 0.9995004534721375
vt 0.024063825607299805 0.5000558793544769
vt 0.2544538974761963 0.9994708001613617
vt 0.03065338172018528 0.9994912147521973
vt 0.8589205741882324 0.6249120533466339
vt 0.9816036224365234 0.5000558495521545
vt 0.9995001554489136 0.7497499287128448
vt 0.008090552873909473 0.7497502565383911
vt 2 0.9993692636489868
vt 1.7109121084213257 0.7720592617988586
vt 2 0.5446180105209351
vt 0.9778774976730347 0.9992556571960449
vt 0.9995005130767822 0.539146900177002
vt 1.4218251705169678 0.4938693046569824
vt 0 0.9994794726371765
vt 0.35545605421066284 0.749772846698761
vt 0.5235638618469238 0.9995002746582031
vt 0.25025010108947754 0.0006113052368164062
vt 0.9995005130767822 0.0006113052368164062
vt 0 0.5001420676708221
vt 0 0.0007836818695068359
vt 1.7583539485931396 0.624871164560318
vt 0.5501236319541931 0.9994948655366898
vt 2.6623308658599854 0.7496857941150665
vt 1.5167200565338135 0.2099512815475464
vt 0.35545605421066284 0.9994847327470779
vt 0.7109121084213257 0.9994899928569794
vt 2.43149995803833 0.0007181763648986816
vt 2.289375066757202 0.1255725622177124
vt 0.35545605421066284 0.5000609755516052
vt 1.0663681030273438 0.9994952529668808
vt 0.7109121084213257 0.7497780919075012
vt 2.625 0.9994252994656563
vt 0.1918090283870697 0.7691025137901306
vt 0.0004995465278625488 0.9990494251251221
vt 0.7497503757476807 0.0005274415016174316
vt 0.7497503757476807 0.0006113052368164062
vt 0.41233086585998535 0.0007126331329345703
vt 1.236992597579956 0.0005705356597900391
vt 0.6993432641029358 0.9995004236698151
vt 0.7272889614105225 0.9994263052940369
vt 0.699999988079071 0.009999990463256836
vt 0.3700000047683716 0.009999990463256836
vt 0.3700000047683716 0.3200000524520874
vt 0.9994989633560181 0.3450073003768921
vt 0.0005003213882446289 0.34500765800476074
vt 0.0004996657371520996 0.6646868586540222
vt 0.9994989633560181 0.6646864414215088
vt 0.699999988079071 0.3200000524520874
vt 0.0005011260509490967 0.34500759840011597
vt 0.9995007514953613 0.3450074791908264
vt 0.9995007514953613 0.6646876335144043
vt 0.0005011260509490967 0.6646869778633118
vt 0.6931992173194885 0.3200000524520874
vt 0.38528382778167725 0.3200000524520874
vt 0.4397648274898529 0.009999990463256836
vt 0.6387180685997009 0.009999990463256836
vt 0.4397648274898529 0.009999990463256836
vt 0.38528382778167725 0.3200000524520874
vt 0.6931992173194885 0.3200000524520874
vt 0.6387180685997009 0.009999990463256836
vt 0.4397648274898529 0.009999990463256836
vt 0.38528382778167725 0.3200000524520874
vt 0.6931992173194885 0.3200000524520874
vt 0.6387180685997009 0.009999990463256836
vt 0.001997709274291992 0.6600000262260437
vt 0.0019991397857666016 0.3400000333786011
vt 1.0009994506835938 0.3400000333786011
vt 1.9999996423721313 0.3400000333786011
vt 0.0004995167255401611 0.6600000262260437
vt 0.8908992409706116 0.4683113098144531
vt 0.7889902591705322 0.3400000333786011
vt 0.9995005130767822 0.47173428535461426
vt 0.9995005130767822 0.6600000262260437
vt 0.8908993005752563 0.3400000333786011
vt 1.999999761581421 0.6600000858306885
vt 3.043363571166992 0.580000102519989
vt 3.9980015754699707 0.6600000858306885
vt 2.0887253284454346 0.5000000894069672
vt 3.998002052307129 0.34000009298324585
vt 2.088714599609375 0.5000000298023224
vt 1.999998927116394 0.6600000262260437
vt 3.0433573722839355 0.5800000429153442
vt 3.998000144958496 0.6600000262260437
vt 3.9980015754699707 0.3400000333786011
vt 3.8205509185791016 0.34000009298324585
vt 3.820558786392212 0.6600000858306885
vt 1.9112744331359863 0.34000009298324585
vt 0.0019979476928710938 0.34000009298324585
vt 2.0887255668640137 0.34000009298324585
vt 0.17944908142089844 0.34000009298324585
vt 1.0011265277862549 0.580000102519989
vt 2.9991283416748047 0.580000102519989
vt 3.998002052307129 0.6600000858306885
vt 2.0002546310424805 0.5000000894069672
vt 3.820558786392212 0.34000009298324585
vt 0.002506852149963379 0.6600000858306885
vt 1.9115328788757324 0.6600000858306885
vt 1.9115327596664429 0.34000009298324585
vt 0.002506852149963379 0.34000009298324585
vt 0.9995003938674927 0.655479371547699
vt 0.890898585319519 0.5703110098838806
vt 0.9995003938674927 0.5773525834083557
vt 0.7889904379844666 0.33000004291534424
vt 0.8908988237380981 0.33000004291534424
vt 0.0005708932876586914 0.3400000333786011
vt 0.001998305320739746 0.6600000858306885
vt 3.998000144958496 0.3400000333786011
vt 1.0009982585906982 0.6600000262260437
vt 0.17942869663238525 0.3400000333786011
vt 1.9999998807907104 0.34000009298324585
vt 3.9980015754699707 0.6600000858306885
vt 1.0009989738464355 0.34000009298324585
vt 0.0019980669021606445 0.34000009298324585
vt 0.0019980669021606445 0.6600000858306885
vt 1.0009989738464355 0.6600000858306885
vt 0.39911124110221863 0.9853291511535645
vt 0.304292768239975 0.9853296279907227
vt 0.3991136848926544 0.9482995867729187
vt 0.6017398834228516 0.9482995867729187
vt 0.7038918733596802 0.9853299856185913
vt 0.601738691329956 0.9853293299674988
vt 0.30429765582084656 0.8880215883255005
vt 0.7038931250572205 0.8880214095115662
vt 0.08738923072814941 0.061105310916900635
vt 0.0066201090812683105 0.02748847007751465
vt 0.23948708176612854 0.06110489368438721
vt 0.08739042282104492 0.2603558301925659
vt 0.15871742367744446 0.061105310916900635
vt 0.00662076473236084 0.02748870849609375
vt 0.23948463797569275 0.0274885892868042
vt 0.006619572639465332 0.06110471487045288
vt 0.2394861876964569 0.2603558301925659
vt 0.15871670842170715 0.2603558301925659
vt 0.006620496511459351 0.2603558301925659
vt 0.23948588967323303 0.02748870849609375
vt 0.006622105836868286 0.027488410472869873
vt 0.2394866645336151 0.027488410472869873
vt 0.2394866645336151 0.2603558301925659
vt 0.006622105836868286 0.2603558301925659
vt 0.23948463797569275 0.2603546380996704
vt 0.006620049476623535 0.2603546380996704
vt 0.7359246015548706 0.5095089673995972
vt 1.4851733446121216 0.35466432571411133
vt 1.485175371170044 0.6643534898757935
vt 0.7359250783920288 0.6643540561199188
vt 0.7441133856773376 0.9994999170303345
vt 0.7448336482048035 0.8434949517250061
vt 1.0002120733261108 0.8435087203979492
vt 0.9995009899139404 0.9995007514953613
vt 0.25517940521240234 0.8434954285621643
vt 0.25445911288261414 0.9994999170303345
vt 0.0005092024803161621 0.9994982481002808
vt 0.0012202858924865723 0.8435096740722656
vt 0.0012203454971313477 0.9994986057281494
vt 0.25517332553863525 0.9994921088218689
vt 1.0002121925354004 0.9995007514953613
vt 0.7359219789505005 0.5095093250274658
vt 0.017544329166412354 0.35466456413269043
vt 0.01754423975944519 0.6643540263175964
vt 0.7448306083679199 0.9994915723800659
vt 1.4543018341064453 0.6643538475036621
vt 1.454299807548523 0.3546646237373352
vt 0.0004995167255401611 0.6600000262260437
vt 0.0004996359348297119 0.3400000333786011
vt 0.5 0.5000000298023224
vt 0.9995005130767822 0.6600000262260437
vt 0.9995005130767822 0.3400000333786011
vt 0.4999999403953552 0.4927396774291992
vt 0.0004995763301849365 0.33000004291534424
vt 0.0004994869232177734 0.655479371547699
vt 0.9995003938674927 0.33000004291534424
vt 0.4999999403953552 0.655479371547699
vt 0.5 0.33000004291534424
vt 0.5000001192092896 0.3400000333786011
vt 0.699999988079071 0.3200000524520874
vt 0.699999988079071 0.009999990463256836
vt 0.3700000047683716 0.009999990463256836
vt 0.3700000047683716 0.3200000524520874
vt 0.5 0.4950000047683716
vt 0.5 0.6600000262260437
vt 0 0.6600000262260437
vt 1 0.6600000262260437
vt 0.699999988079071 0.009999990463256836
vt 0.3700000047683716 0.009999990463256836
vt 0.3700000047683716 0.3200000524520874
vt 3.9980015754699707 0.34000009298324585
vt 0.699999988079071 0.3200000524520874
vt 0.6931992173194885 0.3200000524520874
vt 0.38528382778167725 0.3200000524520874
vt 0.4397648274898529 0.009999990463256836
vt 0.6387180685997009 0.009999990463256836
vt 0.699999988079071 0.3200000524520874
vt 0.699999988079071 0.009999990463256836
vt 0.3700000047683716 0.009999990463256836
vt 0.3700000047683716 0.3200000524520874
vt 0.699999988079071 0.009999990463256836
vt 0.3700000047683716 0.009999990463256836
vt 0.3700000047683716 0.3200000524520874
vt 0.699999988079071 0.3200000524520874
vt 0.6931992173194885 0.3200000524520874
vt 0.38528382778167725 0.3200000524520874
vt 0.4397648274898529 0.009999990463256836
vt 0.6387180685997009 0.009999990463256836
vt 0.5 0.4950000047683716
vt 1 0.6600000262260437
vt 0 0.6600000262260437
vt 1 0.33000004291534424
vt 0 0.33000004291534424
vt 0.5 0.4950000047683716
vt 0 0.6600000262260437
vt 0 0.33000004291534424
vt 1 0.33000004291534424
vt 0.5 0.4950000047683716
vt 0 0.6600000262260437
vt 1 0.6600000262260437
vt 0 0.33000004291534424
vt 1 0.33000004291534424
vt 0.4397648274898529 0.009999990463256836
vt 0.38528382778167725 0.3200000524520874
vt 0.6931992173194885 0.3200000524520874
vt 0.6387180685997009 0.009999990463256836
vt 0.4397648274898529 0.009999990463256836
vt 0.38528382778167725 0.3200000524520874
vt 0.6931992173194885 0.3200000524520874
vt 0.6387180685997009 0.009999990463256836
vt 0.44573459029197693 0.45015549659729004
vt 0.0005705952644348145 0.33000004291534424
vt 0.5 0.4950000047683716
vt 0 0.6600000262260437
vt 0 0.33000004291534424
vt 0 0.33000004291534424
vt 0.22870266437530518 0.4465487599372864
vt 1.4463468790054321 0.6600000262260437
vt 1.4574052095413208 0.33000004291534424
vt -1 0.5630974769592285
vt -1 0.33000004291534424
vt 0.7359230518341064 0.6643539369106293
vt 3 0.6600000262260437
vt 0 0.6600000262260437
vt 1.5 0.5949999988079071
vt 3 0.5299999713897705
vt 0 0.5299999713897705
vt 0 0.6648916006088257
vt 3 0.6616881489753723
vt 1.5 0.5982898473739624
vt 0 0.5348915457725525
vt 3 0.5316880941390991
vt 0.6665843725204468 0.33952343463897705
vt 0.0014977455139160156 0.6691937446594238
vt 1.4999990463256836 0.6691937446594238
vt 2.998500347137451 0.6691937446594238
vt 2.088715076446533 0.3400000333786011
vt -0.08782458305358887 0.33000004291534424
vt 1.4522607326507568 0.6600000262260437
vt 0.22613036632537842 0.6600000262260437
vt -1 0.6600000262260437
vt -1 0.6600000262260437
vt 0.2231733798980713 0.6600000262260437
vt 0.09699717164039612 0.33000004291534424
vt 1.0484986305236816 0.4950000047683716
vt 0.1135314330458641 0.6600000262260437
vt 2 0.6600000262260437
vt 2 0.5628390312194824
vt -0.796999990940094 0.33000004291534424
vt 1.4553593397140503 0.33000004291534424
vt 1.0546760559082031 0.5000000298023224
vt 0.10935211181640625 0.3400000333786011
vt 0.10935220122337341 0.6600000262260437
vt 2 0.3400000333786011
vt 2 0.6600000262260437
vt 2 0.363750696182251
vt 0.3631957769393921 0.6603586673736572
vt 0.3632000684738159 0.35951775312423706
vt 0.6458677053451538 0.35951846837997437
vt 2 0.33996647596359253
vt 0 0.3377463221549988
vt 1 0.5031193792819977
vt 2 0.6684924364089966
vt 0 0.6684924364089966
vt 2 0.3400000333786011
vt 0 0.3400000333786011
vt 1 0.5042630136013031
vt 2 0.6685259938240051
vt 0 0.6707461476325989
vt 0.6458615064620972 0.6603586673736572
vt 0.0007494091987609863 0.6600000262260437
vt 0.0007494539022445679 0.3400000333786011
vt 0.0007491856813430786 0.33000004291534424
vt 0.017283491790294647 0.6600000262260437
vt 0.199700266122818 0.4053364396095276
vt 0.199700266122818 0.5703349709510803
vt -0.05805700644850731 0.5718355178833008
vt 0.20000000298023224 0.5839067697525024
vt 0 0.5861338973045349
vt 0 0.652212917804718
vt 0.20000000298023224 0.649779200553894
vt 1.6737470626831055 0.6600000262260437
vt 1.811978816986084 0.33000004291534424
vt 1.0642218589782715 0.45747482776641846
vt 1.0642204284667969 0.6600000262260437
vt 0.8488600850105286 0.6600000262260437
vt 0.8294190764427185 0.45747411251068115
vt 0.8180901408195496 0.33194035291671753
vt 0.8488600850105286 0.6600000262260437
vt 1.0709930658340454 0.6600000262260437
vt 1.0169672966003418 0.3028903007507324
vt 1.7993450164794922 0.6600000262260437
vt 1.6749083995819092 0.33000004291534424
vt 1.6718097925186157 0.6600000262260437
vt -1 0.33000004291534424
vt 0.7359235882759094 0.3546643853187561
vt -0.013326108455657959 0.3546644449234009
vt 0.3612994849681854 0.509509265422821
vt -0.013325214385986328 0.6643546223640442
vt 0.73592209815979 0.35466456413269043
vt 0.1398625373840332 0.34011310338974
vt 0.7617864012718201 0.6600000262260437
vt 0.7617864012718201 0.3400000333786011
vt 0.2387491762638092 0.3400000333786011
vt 0.23875023424625397 0.6600000262260437
vt 0.5017378926277161 0.3400000333786011
vt 0.7617864012718201 0.6600000262260437
vt 0.23875023424625397 0.6600000262260437
vt 2.998999834060669 0.3400000333786011
vt 2.9984984397888184 0.3400278687477112
vt 0.3354753851890564 0.017407655715942383
vt 0.6645254492759705 0.017407655715942383
vt 0.6645238399505615 0.1951524019241333
vt 0 0.815338134765625
vt 0 0.9974395632743835
vt 1 0.815338134765625
vt 1 0.9974395632743835
vt 0 0.6817150115966797
vt 0 0.815000057220459
vt 1 0.6817150115966797
vt 1 0.815000057220459
vt 0 0.8185265064239502
vt 0 0.9974395632743835
vt 1 0.8185265064239502
vt 1 0.9974395632743835
vt 0 0.6817150115966797
vt 0 0.815000057220459
vt 1 0.6817150115966797
vt 1 0.815000057220459
vt 0 0.8153382539749146
vt 0 0.9974396824836731
vt 1 0.8153382539749146
vt 1 0.9974396824836731
vt 0 0.6817150115966797
vt 0 0.815000057220459
vt 1 0.6817150115966797
vt 1 0.815000057220459
vt 0 0.8185265064239502
vt 0 0.9974395632743835
vt 1 0.8185265064239502
vt 1 0.9974395632743835
vt 0 0.6817150115966797
vt 0 0.815000057220459
vt 1 0.6817150115966797
vt 1 0.815000057220459
vt 0 0.9974395632743835
vt 1 0.9974395632743835
vt 0 0.6817150115966797
vt 0 0.815000057220459
vt 1 0.6817150115966797
vt 1 0.815000057220459
vt 0 0.8185265064239502
vt 0 0.9974395632743835
vt 1 0.8185265064239502
vt 1 0.9974395632743835
vt 0 0.6817150115966797
vt 0 0.815000057220459
vt 1 0.6817150115966797
vt 1 0.815000057220459
vt 0 0.8153382539749146
vt 0 0.9974396824836731
vt 1 0.8153382539749146
vt 1 0.9974396824836731
vt 0 0.6817150115966797
vt 0 0.815000057220459
vt 1 0.6817150115966797
vt 1 0.815000057220459
vt 0 0.8185265064239502
vt 0 0.9974395632743835
vt 1 0.8185265064239502
vt 1 0.9974395632743835
vt 0 0.9974395632743835
vt 1 0.9974395632743835
vt 0 0.6817150115966797
vt 1 0.6817150115966797
vt 0 0.9974395632743835
vt 1 0.9974395632743835
vt 0 0.6817150115966797
vt 1 0.6817150115966797
vt 0 0.6817150115966797
vt 1 0.6817150115966797
vt 0 0.8170396685600281
vt 0 1
vt 1 0.8170396685600281
vt 1 1
vt 0 0.6792938709259033
vt 0 0.8121118545532227
vt 1 0.6792938709259033
vt 1 0.8121118545532227
vt 0 0.8170395493507385
vt 0 1
vt 1 0.8170395493507385
vt 1 1
vt 0 0.6792938709259033
vt 0 0.8121118545532227
vt 1 0.6792938709259033
vt 1 0.8121118545532227
vt 0 0.817039430141449
vt 0 1
vt 1 0.817039430141449
vt 1 1
vt 0 0.6792938709259033
vt 0 0.8121118545532227
vt 1 0.6792938709259033
vt 1 0.8121118545532227
vt 0 0.8170396685600281
vt 0 1
vt 1 0.8170396685600281
vt 1 1
vt 0 0.6792938709259033
vt 0 0.8121118545532227
vt 1 0.6792938709259033
vt 1 0.8121118545532227
vt 0 0.8170396685600281
vt 0 1
vt 1 0.8170396685600281
vt 1 1
vt 0 0.6792938709259033
vt 0 0.8121118545532227
vt 1 0.6792938709259033
vt 1 0.8121118545532227
vt 0 0.8170396685600281
vt 0 1
vt 1 0.8170396685600281
vt 1 1
vt 0 0.6792938709259033
vt 0 0.8121118545532227
vt 1 0.6792938709259033
vt 1 0.8121118545532227
vt 0 0.817039430141449
vt 0 1
vt 1 0.817039430141449
vt 1 1
vt 0 0.6792938709259033
vt 0 0.8121118545532227
vt 1 0.6792938709259033
vt 1 0.8121118545532227
vt 0 0.8170396685600281
vt 0 1
vt 1 0.8170396685600281
vt 1 1
vt 0 0.6792938709259033
vt 0 0.8121118545532227
vt 1 0.6792938709259033
vt 1 0.8121118545532227
vt 0 0.8170396685600281
vt 0 1
vt 1 0.8170396685600281
vt 1 1
vt 0 0.6792938709259033
vt 0 0.8121118545532227
vt 1 0.6792938709259033
vt 1 0.8121118545532227
vt 0 0.8170396685600281
vt 0 1
vt 1 0.8170396685600281
vt 1 1
vt 0 0.6792938709259033
vt 0 0.8121118545532227
vt 1 0.6792938709259033
vt 1 0.8121118545532227
vt 0 0.6792938709259033
vt 0 0.8121118545532227
vt 1 0.6792938709259033
vt 1 0.8121118545532227
vt 0 0.817039430141449
vt 0 1
vt 1 0.817039430141449
vt 1 1
vt 0 0.6792938709259033
vt 0 0.8121118545532227
vt 1 0.6792938709259033
vt 1 0.8121118545532227
vt 0 0.8170396685600281
vt 0 1
vt 1 0.8170396685600281
vt 1 1
vt 0.39105433225631714 0.6702184677124023
vt 0.39105433225631714 0.34207814931869507
vt 0.0925549864768982 0.6650601625442505
vt 0.39105433225631714 0.6702184677124023
vt 0.39105433225631714 0.34207814931869507
vt 0.11967945098876953 0.34207814931869507
vt 1.0424330234527588 0.6656214594841003
vt 0.827131986618042 0.6656216979026794
vt 1.0424320697784424 0.41891878843307495
vt 0.8271310925483704 0.41891878843307495
vt 0.39105433225631714 0.34207814931869507
vt 2 0.3331368565559387
vt 0 0.3400000333786011
vt 2 0.6753547787666321
vt 0 0.3377463221549988
vt 0.006038576364517212 0.3400000333786011
vt -0.1835748851299286 0.3400000333786011
vt 0.006038576364517212 0.6699999570846558
vt -0.1835748851299286 0.6699999570846558
vt 0.8193409442901611 0.6613353490829468
vt 0.8193410634994507 0.46910691261291504
vt 0.99950110912323 0.661325991153717
vt 0.9995012283325195 0.4690976142883301
vt 0.004210188053548336 0.6570054888725281
vt 0.09772177040576935 0.6569979786872864
vt 0.0042099496349692345 0.39411699771881104
vt 0.0975702553987503 0.3941158652305603
vt 0.006038576364517212 0.3400000333786011
vt -0.1835748851299286 0.3400000333786011
vt 0.006038576364517212 0.6699999570846558
vt -0.1835748851299286 0.6699999570846558
vt 0 0.6600000262260437
vt 3 0.3400000333786011
vt 0 0.3400000333786011
vt 3 0.6600000858306885
vt 0 0.6600000858306885
vt 3 0.5316880941390991
vt 2.687000036239624 0.5299999713897705
vt 0.7837198972702026 0.6600000262260437
vt 0.7837198972702026 0.5299999713897705
vt 0.19200503826141357 0.6600000262260437
vt 0.19200482964515686 0.5299999713897705
vt 0.19200503826141357 0.6600000262260437
vt 0.7837198972702026 0.5299999713897705
vt 0.19200482964515686 0.5299999713897705
vt 2.687000036239624 0.6600000262260437
vt 3 0.6632034778594971
vt 0.16127672791481018 0.6609343886375427
vt 0.5136178135871887 0.36625099182128906
vt 0.8408692479133606 0.6609359979629517
vt 0.8408692479133606 0.3530077338218689
vt 0.50222247838974 0.6380300521850586
vt 0.16127672791481018 0.35300612449645996
vt 0.16127672791481018 0.35300612449645996
vt 0.16127672791481018 0.6609343886375427
vt 0.8408692479133606 0.3530077338218689
vt 0.8408692479133606 0.6609359979629517
vt 0.0019980669021606445 0.6600000858306885
vt 0.3354737460613251 0.01740795373916626
vt 0.6645254492759705 0.017407655715942383
vt 0.6645235419273376 0.19515228271484375
vt 0.3354739248752594 0.1951526403427124
vt 0.6645254492759705 0.01740795373916626
vt 0.6645252108573914 0.1951526403427124
vt 0.3354756534099579 0.1951524019241333
vt 0.33547377586364746 0.017407655715942383
vt 0.3354737162590027 0.19515228271484375
vt 0.6645238995552063 0.1951526403427124
vt 0.3354737162590027 0.1951526403427124
vt 0.3354737162590027 0.01740795373916626
vt 0.6645238399505615 0.01740795373916626
vt 0.3354737460613251 0.01740795373916626
vt 0.6645254492759705 0.017407655715942383
vt 0.6645235419273376 0.19515228271484375
vt 0.3354739248752594 0.1951526403427124
vt 0.6645254492759705 0.01740795373916626
vt 0.6645252108573914 0.1951526403427124
vt 0.3354756534099579 0.1951524019241333
vt 0.33547377586364746 0.017407655715942383
vt 0.3354753851890564 0.017407655715942383
vt 0.6645254492759705 0.017407655715942383
vt 0.6645238399505615 0.1951524019241333
vt 0.3354737162590027 0.19515228271484375
vt 0.6645238995552063 0.1951526403427124
vt 0.3354737162590027 0.1951526403427124
vt 0.3354737162590027 0.01740795373916626
vt 0.6645238399505615 0.01740795373916626
vt 0.3354737460613251 0.01740795373916626
vt 0.6645254492759705 0.017407655715942383
vt 0.6645235419273376 0.19515228271484375
vt 0.3354739248752594 0.1951526403427124
vt 0.6645254492759705 0.01740795373916626
vt 0.6645252108573914 0.1951526403427124
vt 0.3354756534099579 0.1951524019241333
vt 0.33547377586364746 0.017407655715942383
vt 0.3354753851890564 0.017407655715942383
vt 0.6645254492759705 0.017407655715942383
vt 0.6645238399505615 0.1951524019241333
vt 0.3354737162590027 0.19515228271484375
vt 0.6645238995552063 0.1951526403427124
vt 0.3354737162590027 0.1951526403427124
vt 0.3354737162590027 0.01740795373916626
vt 0.6645238399505615 0.01740795373916626
vt 0.3354737460613251 0.01740795373916626
vt 0.6645254492759705 0.017407655715942383
vt 0.6645235419273376 0.19515228271484375
vt 0.3354739248752594 0.1951526403427124
vt 0.6645254492759705 0.01740795373916626
vt 0.6645252108573914 0.1951526403427124
vt 0.3354756534099579 0.1951524019241333
vt 0.33547377586364746 0.017407655715942383
vt 0.3354753851890564 0.017407655715942383
vt 0.6645254492759705 0.017407655715942383
vt 0.6645238399505615 0.1951524019241333
vt 0.3354737162590027 0.19515228271484375
vt 0.6645238995552063 0.1951526403427124
vt 0.3354737162590027 0.1951526403427124
vt 0.3354737162590027 0.01740795373916626
vt 0.6645238399505615 0.01740795373916626
vt 0.3354737460613251 0.01740795373916626
vt 0.6645254492759705 0.017407655715942383
vt 0.6645235419273376 0.19515228271484375
vt 0.3354739248752594 0.1951526403427124
vt 0.6645254492759705 0.01740795373916626
vt 0.6645252108573914 0.1951526403427124
vt 0.3354756534099579 0.1951524019241333
vt 0.33547377586364746 0.017407655715942383
vt 0.3354753851890564 0.017407655715942383
vt 0.6645254492759705 0.017407655715942383
vt 0.6645238399505615 0.1951524019241333
vt 0.3354737162590027 0.19515228271484375
vt 0.6645238995552063 0.1951526403427124
vt 0.3354737162590027 0.1951526403427124
vt 0.3354737162590027 0.01740795373916626
vt 0.6645238399505615 0.01740795373916626
vt 0.3354737460613251 0.01740795373916626
vt 0.6645254492759705 0.017407655715942383
vt 0.6645235419273376 0.19515228271484375
vt 0.3354739248752594 0.1951526403427124
vt 0.6645254492759705 0.01740795373916626
vt 0.6645252108573914 0.1951526403427124
vt 0.3354756534099579 0.1951524019241333
vt 0.33547377586364746 0.017407655715942383
vt 0.3354753851890564 0.017407655715942383
vt 0.6645254492759705 0.017407655715942383
vt 0.6645238399505615 0.1951524019241333
vt 0.3354737162590027 0.19515228271484375
vt 0.6645238995552063 0.1951526403427124
vt 0.3354737162590027 0.1951526403427124
vt 0.3354737162590027 0.01740795373916626
vt 0.6645238399505615 0.01740795373916626
vt 0.3354737460613251 0.01740795373916626
vt 0.6645254492759705 0.017407655715942383
vt 0.6645235419273376 0.19515228271484375
vt 0.3354739248752594 0.1951526403427124
vt 0.6645254492759705 0.01740795373916626
vt 0.6645252108573914 0.1951526403427124
vt 0.3354756534099579 0.1951524019241333
vt 0.33547377586364746 0.017407655715942383
vt 0.3354753851890564 0.017407655715942383
vt 0.6645254492759705 0.017407655715942383
vt 0.6645238399505615 0.1951524019241333
vt 0.3354737162590027 0.19515228271484375
vt 0.6645238995552063 0.1951526403427124
vt 0.3354737162590027 0.1951526403427124
vt 0.3354737162590027 0.01740795373916626
vt 0.6645238399505615 0.01740795373916626
vt 0.6645241975784302 0.1305869221687317
vt 0.33547264337539673 0.1305873990058899
vt 0.33547359704971313 0.03399395942687988
vt 0.6645252704620361 0.033993303775787354
vt 0.33547547459602356 0.17693930864334106
vt 0.33547443151474 0.08030092716217041
vt 0.6645259857177734 0.08030158281326294
vt 0.6645268797874451 0.17693978548049927
vt 0.6645241975784302 0.13157415390014648
vt 0.33547264337539673 0.1315746307373047
vt 0.33547356724739075 0.034777283668518066
vt 0.6645252704620361 0.03477668762207031
vt 0.33547547459602356 0.1779266595840454
vt 0.3354744613170624 0.08108431100845337
vt 0.664526104927063 0.0810849666595459
vt 0.6645269989967346 0.17792707681655884
vt 0.6645234823226929 0.13287293910980225
vt 0.3354738652706146 0.13287341594696045
vt 0.3354737460613251 0.035878121852874756
vt 0.6645233631134033 0.03587746620178223
vt 0.33547547459602356 0.17922544479370117
vt 0.33547443151474 0.08218514919281006
vt 0.664526104927063 0.08218574523925781
vt 0.664527177810669 0.1792258620262146
vt 0.33547443151474 0.13058698177337646
vt 0.33547526597976685 0.03399336338043213
vt 0.6645248532295227 0.08030092716217041
vt 0.6645239591598511 0.17693930864334106
vt 0.33547377586364746 0.08030152320861816
vt 0.6645238399505615 0.03399395942687988
vt 0.6645238995552063 0.13058733940124512
vt 0.3354738652706146 0.1769397258758545
vt 0.3354744613170624 0.13157421350479126
vt 0.33547523617744446 0.03477668762207031
vt 0.6645249128341675 0.08108431100845337
vt 0.6645240187644958 0.1779266595840454
vt 0.33547380566596985 0.08108490705490112
vt 0.6645238399505615 0.034777283668518066
vt 0.6645238399505615 0.1315746307373047
vt 0.3354739248752594 0.17792701721191406
vt 0.33547431230545044 0.13287293910980225
vt 0.33547520637512207 0.03587746620178223
vt 0.6645247936248779 0.08218520879745483
vt 0.6645239591598511 0.17922544479370117
vt 0.3354737162590027 0.08218574523925781
vt 0.664523720741272 0.03587806224822998
vt 0.6645238399505615 0.13287335634231567
vt 0.3354737162590027 0.17922580242156982
vt 0.3354739546775818 0.16994547843933105
vt 0.3354746103286743 0.09707355499267578
vt 0.6645245552062988 0.09700137376785278
vt 0.6645240783691406 0.16994589567184448
vt 0.33547383546829224 0.18435007333755493
vt 0.3354746699333191 0.09497213363647461
vt 0.6645245552062988 0.09488362073898315
vt 0.6645238995552063 0.1843506097793579
vt 0.3354739844799042 0.1679210662841797
vt 0.3354746401309967 0.09731918573379517
vt 0.6645245552062988 0.09724932909011841
vt 0.6645240783691406 0.16792148351669312
vt 0.6645235419273376 0.04248553514480591
vt 0.664523720741272 0.11536568403244019
vt 0.3354737162590027 0.11536610126495361
vt 0.3354737162590027 0.04241335391998291
vt 0.6645234823226929 0.028040051460266113
vt 0.664523720741272 0.11742812395095825
vt 0.3354737162590027 0.11742854118347168
vt 0.3354737162590027 0.027951538562774658
vt 0.6645235419273376 0.044464170932769775
vt 0.664523720741272 0.11507397890090942
vt 0.3354737162590027 0.11507439613342285
vt 0.3354737162590027 0.04439425468444824
vt 0.6645245552062988 0.09707355499267578
vt 0.6645237803459167 0.16994547843933105
vt 0.3354729115962982 0.11536562442779541
vt 0.33547353744506836 0.04248541593551636
vt 0.6645246148109436 0.09731918573379517
vt 0.6645238399505615 0.1679210662841797
vt 0.3354729413986206 0.11507391929626465
vt 0.33547353744506836 0.044464051723480225
vt 0.3354746103286743 0.09700143337249756
vt 0.6645256876945496 0.04241335391998291
vt 0.6645262837409973 0.11536610126495361
vt 0.3354753851890564 0.16994595527648926
vt 0.3354746103286743 0.09724938869476318
vt 0.6645256876945496 0.04439431428909302
vt 0.6645262837409973 0.11507439613342285
vt 0.335475355386734 0.16792148351669312
vt 0.3354746103286743 0.09488368034362793
vt 0.66452556848526 0.027951538562774658
vt 0.6645263433456421 0.11742854118347168
vt 0.33547553420066833 0.1843506097793579
vt 0.6645246148109436 0.09497213363647461
vt 0.6645236015319824 0.18435007333755493
vt 0.33547288179397583 0.11742806434631348
vt 0.3354736566543579 0.028039932250976562
vt 0.20487475395202637 0.16289222240447998
vt 0.18687580525875092 0.06174182891845703
vt 0.23259304463863373 0.06174182891845703
vt 0.26339179277420044 0.16289222240447998
vt 0.12259494513273239 0.16289222240447998
vt 0.12259494513273239 0.06174182891845703
vt 0.040315140038728714 0.16289222240447998
vt 0.058314353227615356 0.06174182891845703
vt -0.018201902508735657 0.16289222240447998
vt 0.012597122229635715 0.06174182891845703
vt 0.19232361018657684 0.2614486813545227
vt 0.2419150024652481 0.2614486813545227
vt 0.12259494513273239 0.2614486813545227
vt 0.05286655202507973 0.2614486813545227
vt 0.003275163471698761 0.2614486813545227
vt 0.19534647464752197 0.16279888153076172
vt 0.17941820621490479 0.06164848804473877
vt 0.23435688018798828 0.06164848804473877
vt 0.2656673192977905 0.16279888153076172
vt 0.12253260612487793 0.16279888153076172
vt 0.12253260612487793 0.06164848804473877
vt 0.049718499183654785 0.16279888153076172
vt 0.06564688682556152 0.06164848804473877
vt -0.020601987838745117 0.16279888153076172
vt 0.010708451271057129 0.06164848804473877
vt 0.18423914909362793 0.26135534048080444
vt 0.24383366107940674 0.26135534048080444
vt 0.12253260612487793 0.26135534048080444
vt 0.06082594394683838 0.26135534048080444
vt 0.0012319087982177734 0.26135534048080444
vt 0.19534647464752197 0.16279888153076172
vt 0.17941820621490479 0.06164848804473877
vt 0.23435688018798828 0.06164848804473877
vt 0.2656673192977905 0.16279888153076172
vt 0.12253260612487793 0.16279888153076172
vt 0.12253260612487793 0.06164848804473877
vt 0.049718499183654785 0.16279888153076172
vt 0.06564688682556152 0.06164848804473877
vt -0.020601987838745117 0.16279888153076172
vt 0.010708451271057129 0.06164848804473877
vt 0.18423914909362793 0.26135534048080444
vt 0.24383366107940674 0.26135534048080444
vt 0.12253260612487793 0.26135534048080444
vt 0.06082594394683838 0.26135534048080444
vt 0.0012319087982177734 0.26135534048080444
vt 0.19534647464752197 0.16279888153076172
vt 0.17941820621490479 0.06164848804473877
vt 0.23435688018798828 0.06164848804473877
vt 0.2656673192977905 0.16279888153076172
vt 0.12253260612487793 0.16279888153076172
vt 0.12253260612487793 0.06164848804473877
vt 0.049718499183654785 0.16279888153076172
vt 0.06564688682556152 0.06164848804473877
vt -0.020601987838745117 0.16279888153076172
vt 0.010708451271057129 0.06164848804473877
vt 0.18423914909362793 0.26135534048080444
vt 0.24383366107940674 0.26135534048080444
vt 0.12253260612487793 0.26135534048080444
vt 0.06082594394683838 0.26135534048080444
vt 0.0012319087982177734 0.26135534048080444
vt 0.20487475395202637 0.16289222240447998
vt 0.18687580525875092 0.06174182891845703
vt 0.23259304463863373 0.06174182891845703
vt 0.26339179277420044 0.16289222240447998
vt 0.12259494513273239 0.16289222240447998
vt 0.12259494513273239 0.06174182891845703
vt 0.19232361018657684 0.2614486813545227
vt 0.2419150024652481 0.2614486813545227
vt 0.12259494513273239 0.2614486813545227
vt 0.040315140038728714 0.16289222240447998
vt 0.058314353227615356 0.06174182891845703
vt 0.12259494513273239 0.06174182891845703
vt 0.12259494513273239 0.16289222240447998
vt -0.018201902508735657 0.16289222240447998
vt 0.012597122229635715 0.06174182891845703
vt 0.05286655202507973 0.2614486813545227
vt 0.12259494513273239 0.2614486813545227
vt 0.003275163471698761 0.2614486813545227
vt 0.699999988079071 0.3200000524520874
vt 0.699999988079071 0.009999990463256836
vt 0.3700000047683716 0.009999990463256836
vt 0.3700000047683716 0.3200000524520874
vt 0.699999988079071 0.009999990463256836
vt 0.3700000047683716 0.009999990463256836
vt 0.3700000047683716 0.3200000524520874
vt 0.699999988079071 0.3200000524520874
vt 0.6931992173194885 0.3200000524520874
vt 0.38528382778167725 0.3200000524520874
vt 0.4397648274898529 0.009999990463256836
vt 0.6387180685997009 0.009999990463256836
vt 0.699999988079071 0.3200000524520874
vt 0.699999988079071 0.009999990463256836
vt 0.3700000047683716 0.009999990463256836
vt 0.3700000047683716 0.3200000524520874
vt 1 0.33000004291534424
vt 1 0.6600000262260437
vt 0 0.6600000262260437
vt 0 0.33000004291534424
vt 0.5473849177360535 0.20835554599761963
vt 0.6662628650665283 0.20835554599761963
vt 0.5844627022743225 0.10724639892578125
vt 0.5 0.09756183624267578
vt 0.0004995465278625488 0.19331330060958862
vt 0.4999999701976776 0.1942184567451477
vt 0.4999999701976776 0.19361412525177002
vt 0.7497501373291016 0.1449841856956482
vt 0.4999999403953552 0.09725987911224365
vt 0.5844614505767822 0.10724639892578125
vt 0.6617189049720764 0.10724639892578125
vt 0.5473836660385132 0.20835554599761963
vt 0.9995003938674927 0.19270849227905273
vt 0.5473849177360535 0.20835554599761963
vt 0.5428410768508911 0.3262765407562256
vt 0.6662628650665283 0.20835554599761963
vt 0.6617244482040405 0.32627665996551514
vt 0.6635799407958984 0.19700002670288086
vt 0.3146822154521942 0.19700002670288086
vt 0.6219583749771118 0.10724639892578125
vt 0.9995003938674927 0
vt 0.3563024699687958 0.10724639892578125
vt 0.5 0.09756183624267578
vt 0.9511598944664001 0
vt 0.25024980306625366 0.04878091812133789
vt 0.6230913400650024 0.10724639892578125
vt 0.5844627022743225 0.10724639892578125
vt 0.0004995763301849365 0
vt 0.0004995465278625488 0.19331330060958862
vt 0.6617200374603271 0.10724639892578125
vt 0.6662656664848328 0.20835554599761963
vt 0.6617200374603271 0.3262772560119629
vt 0.4999999701976776 0.1942184567451477
vt 0.9995003938674927 0.1951236128807068
vt 0.5054135918617249 0.1499750018119812
vt 0.5004994869232178 0.2997363805770874
vt 0.9999999403953552 0.2997743487358093
vt 0.4999999701976776 0.19361412525177002
vt 0.7497501373291016 0.1449841856956482
vt 0.4999999403953552 0.09725987911224365
vt 0.04883959889411926 0
vt 0.0004995167255401611 0.19451969861984253
vt 1.2522072792053223 0.2249126434326172
vt 1.0049140453338623 0.15001296997070312
vt 0.9995003938674927 0.1951236128807068
vt 0.9511598944664001 0
vt 1.999000906944275 0.2998502254486084
vt 1.4995003938674927 0.29981231689453125
vt 0.5428416728973389 0.3262760639190674
vt 0.010827243328094482 0.00017565488815307617
vt 0.0009990334510803223 0.29969847202301025
vt 0.2532063126564026 0.22483670711517334
vt 0.6662656664848328 0.20835554599761963
vt 0.6617200374603271 0.3262772560119629
vt 0.5473836660385132 0.20835554599761963
vt 0.5428416728973389 0.3262760639190674
vt 0.2535313367843628 0.005552470684051514
vt 0.08109796047210693 0.004852116107940674
vt 0.007128477096557617 0.1830463409423828
vt 0.5241699814796448 0
vt 0.6230901479721069 0.10724639892578125
vt 0.6617189049720764 0.10724639892578125
vt 0.6617244482040405 0.32627665996551514
vt 0.5428410768508911 0.3262765407562256
vt 0.5844614505767822 0.10724639892578125
vt 0.5241699814796448 0
vt 0.04883959889411926 0
vt 0.6617200374603271 0.10724639892578125
vt 0.25024980306625366 0.04878091812133789
vt 0.3146821856498718 0.3262779712677002
vt 0.3146822154521942 0.19700002670288086
vt 0.6635799407958984 0.3262777328491211
vt 0.0004995763301849365 0
vt 0.0004995763301849365 0.3066190481185913
vt 0.49999943375587463 0.19496631622314453
vt 0.9995005130767822 0.1968427300453186
vt 0.0004995167255401611 0.19451969861984253
vt 0.2502497434616089 0.1458897590637207
vt 0.6635799407958984 0.19700002670288086
vt 0.6219583749771118 0.10724639892578125
vt 0.584467887878418 0.07212328910827637
vt 0.6607566475868225 0.10711365938186646
vt 0.6607576012611389 0.024386882781982422
vt 0.584467887878418 0.02438884973526001
vt 0.3392412066459656 0.024387061595916748
vt 0.33924317359924316 0.09726977348327637
vt 0.4214353859424591 0.06227940320968628
vt 0.4214353859424591 0.024388432502746582
vt 0.0004994571208953857 0.19496560096740723
vt 0.326431006193161 0.30204224586486816
vt 0.2573416233062744 0.30204224586486816
vt 0.9994994401931763 0.30204248428344727
vt 0.7017074227333069 0.30204230546951294
vt 0.9994994401931763 0.19496703147888184
vt 0.000499427318572998 0.30204105377197266
vt 0.9995005130767822 0.30661988258361816
vt 0.3563024699687958 0.10724639892578125
vt 0.3200661540031433 0.18395209312438965
vt 0.3146821856498718 0.3262779712677002
vt 0.6635799407958984 0.3262777328491211
vt 0.6475557088851929 0.30204230546951294
vt 0.9995003938674927 0.19270849227905273
vt 1.5019574165344238 0.15000653266906738
vt 1.5019574165344238 0.0001563429832458496
vt 1.0049140453338623 0.0001627802848815918
vt 0.9995003938674927 0
vt 0.5078706741333008 0.00016921758651733398
vt 1.9990007877349854 0.00014990568161010742
vt 0.2535313367843628 0.005552470684051514
vt 0.08109796047210693 0.004852116107940674
vt 0.007128477096557617 0.1830463409423828
vt 0.3200661540031433 0.18395209312438965
vt 0.0005005598068237305 0.19684207439422607
vt 1.9990010261535645 0.6745152473449707
vt 1.999000906944275 0.33750730752944946
vt 1.8922536373138428 0.3375070095062256
vt 1.99900221824646 0.00034993886947631836
vt 1.0000022649765015 0.00034993886947631836
vt 1.000001311302185 0.34999996423721313
vt 0.0010003447532653809 0.69964998960495
vt 1.4995007514953613 0.5248252749443054
vt 0.5005007982254028 0.5248249769210815
vt 0.0010023117065429688 0.00034993886947631836
vt 0.24984318017959595 0.18835818767547607
vt 0.24984318017959595 0.061373233795166016
vt 0.00012443214654922485 0.24987512826919556
vt 0.24987468123435974 0.24975824356079102
vt 0.24986401200294495 0.00012487173080444336
vt 1.2237731218338013 0.3496767282485962
vt 1.2237730026245117 0.0005552172660827637
vt 1.4992507696151733 0.0003497004508972168
vt 0.9482952356338501 0.0007607340812683105
vt 0.7397720813751221 0.2502497434616089
vt 0.5393877029418945 0.2502497434616089
vt 0.5853475332260132 0.0004995465278625488
vt 0.27622348070144653 0.3503230810165405
vt 0.2762466371059418 0.0012015104293823242
vt 0.5516976118087769 0.000995934009552002
vt 0.5073971152305603 0.37487512826919556
vt 0.5027415156364441 0.12550902366638184
vt 1.004483938217163 0.25
vt 0.0007956326007843018 0.001407027244567871
vt 1.501570701599121 0.12512493133544922
vt 1.499242901802063 0.0004419088363647461
vt 1.9986575841903687 0.0002498030662536621
vt 0.9998282790184021 0.0006339550018310547
vt 0.500754177570343 0.9995004087686539
vt 1.0001659393310547 0.9995002448558807
vt 0.20503568649291992 0.9217206835746765
vt 0.0013424158096313477 0.999500572681427
vt 0.23251543939113617 0.0004996061325073242
vt 0.13410013914108276 0.5
vt 0.0007391965482383966 0.0004995465278625488
vt 0.23246565461158752 0.5826520919799805
vt 0.1649230271577835 0.2500993609428406
vt 0.3296812176704407 0.00044846534729003906
vt 0.25712743401527405 0.00040525197982788086
vt 0.1650029569864273 0.25010502338409424
vt 0.25400006771087646 0.0004132986068725586
vt 0.3297988176345825 0.0004621744155883789
vt 0.01031029224395752 0.4997502565383911
vt 0.5073968768119812 0.4995343089103699
vt 1.0044834613800049 0.49931836128234863
vt -4.371138828673793e-8 0.842995285987854
vt 0.9999999403953552 0.842995285987854
vt 0.9975845217704773 1
vt 0.0007493644952774048 0.6996502876281738
vt 0.551680326461792 0.6996498703956604
vt -0.002415458904579282 1.0000001192092896
vt 0.948295533657074 0.6990038156509399
vt 1.4992247819900513 0.6990031599998474
vt -4.371138828673793e-8 0.7751884460449219
vt 0.9999999403953552 0.7751884460449219
vt 1 0.8500000238418579
vt 0 0.8500000238418579
vt 0 0.8500000238418579
vt 0 0.7751884460449219
vt 1 0.7751884460449219
vt 1 0.8500000238418579
vt -4.371138828673793e-8 1
vt 0.9999999403953552 1
vt 0.9975845217704773 0.8429952263832092
vt -0.002415458904579282 0.8429951667785645
vt 1.4461381435394287 0.16900336742401123
vt 1.3927645683288574 0.3375072479248047
vt 1.3841084241867065 0.4998518228530884
vt 1.2890734672546387 0.5818169713020325
vt 1.2890880107879639 0.0004996061325073242
vt 1.4791288375854492 0.9992040395736694
vt 0.15563389658927917 0.5000000298023224
vt 0.0009990334510803223 0.0004994869232177734
vt 0.2566497325897217 0.0004996061325073242
vt 0.2568463683128357 0.9995005130767822
vt 0.05461806058883667 0.9995004534721375
vt 0.01734883338212967 0.21063750982284546
vt 0.01734883338212967 -0.47022390365600586
vt 0.2326509952545166 -0.4702112674713135
vt 0.2326509952545166 0.2106637954711914
vt 0.16326963901519775 0.00043392181396484375
vt 0.0009992122650146484 0.0006182193756103516
vt 0.08213430643081665 0.25009191036224365
vt 0.5004996657371521 0.000632166862487793
vt 1.0000001192092896 0.000632166862487793
vt 0.7704206109046936 0.07803326845169067
vt 0.0009989738464355469 0.49974995851516724
vt 0.1632695198059082 0.49974995851516724
vt 0.0009992122650146484 0.000632166862487793
vt 0.9995005130767822 0.07965326309204102
vt 0.9995003938674927 0.24986952543258667
vt 0.5000004172325134 0.2101055383682251
vt 1 0.8500000238418579
vt 0 0.8500000238418579
vt -4.371138828673793e-8 0.7751884460449219
vt 0.9999999403953552 0.7751884460449219
vt 0.9975845217704773 0.8429952263832092
vt -0.002415458904579282 0.8429951667785645
vt -4.371138828673793e-8 1
vt 0.0010450184345245361 0.337507963180542
vt 0.00104522705078125 0.6745159029960632
vt 0.20503652095794678 0.6745152473449707
vt 1.999000906944275 0.0004994869232177734
vt 1.9990010261535645 0.09930551052093506
vt 1.8226690292358398 0.09930562973022461
vt 1.8226680755615234 0.0004994869232177734
vt 0.0010448098182678223 0.0005000829696655273
vt 0.000845627801027149 0.9992040395736694
vt 0.49352750182151794 0.4998518228530884
vt 0.4935307204723358 0.9992040395736694
vt 0.9862158298492432 0.9992040395736694
vt 1.4791278839111328 0.4998518228530884
vt 1.4791268110275269 0.0004996061325073242
vt 0.9999999403953552 1
vt 0.0008423859253525734 0.4998518228530884
vt 0.018212027847766876 0.5
vt 0.03568485751748085 0.9995003938674927
vt -4.371138828673793e-8 0.842995285987854
vt 0.9999999403953552 0.842995285987854
vt 0.9975845217704773 1
vt 1 0.7751884460449219
vt 1 0.8500000238418579
vt 0 0.8500000238418579
vt 1 0.7751884460449219
vt 1 0.8500000238418579
vt 0 0.8500000238418579
vt 0 0.7751884460449219
vt 1.9990007877349854 0.0004993677139282227
vt 0.47180628776550293 0.9187419414520264
vt 0.4717799723148346 0.9993728697299957
vt 0.09291869401931763 0.9993140697479248
vt 1.5609486103057861 0.39060676097869873
vt 1.9990010261535645 0.000632166862487793
vt 1.8848634958267212 0.6436070799827576
vt 1.04872727394104 0.39060693979263306
vt 1.2057949304580688 0.6950192153453827
vt 0.8506412506103516 0.9994316697120667
vt 1.3677523136138916 0.8215193748474121
vt 0.9951726794242859 0.7981153130531311
vt 1.785308837890625 0.9217153787612915
vt 1.7855064868927002 0.6745147109031677
vt 1.5398420095443726 0.15543437004089355
vt 1.26491117477417 0.9995005130767822
vt 0.15607278048992157 0.16820871829986572
vt 0.1560676097869873 0.24987512826919556
vt 0.0001248493790626526 0.24987512826919556
vt 0.0001251697540283203 0.00012487173080444336
vt 0.15607278048992157 0.08235430717468262
vt 0.0929713249206543 0.8380522131919861
vt 1.5015699863433838 0.4991024136543274
vt 0.15605074167251587 0.00039714574813842773
vt 1.000000238418579 0.6996502876281738
vt 0.6200944781303406 0.2973184585571289
vt 1.1803278923034668 0.0004994869232177734
vt 1.2907044887542725 0.0004994869232177734
vt 1.9881510734558105 0.29738497734069824
vt 0.6126319169998169 0.297318696975708
vt 0.023028314113616943 0.29738497734069824
vt 0.0011206269264221191 0.000632166862487793
vt 0.24708372354507446 0.7497501969337463
vt 0.49342626333236694 0.7497501969337463
vt 0.493424654006958 0.9995003938674927
vt 1 0.8579877018928528
vt 0.5002503395080566 0.9982321560382843
vt 0.5002503395080566 0.9281099736690521
vt 0.0005006790161132812 0.9982322454452515
vt 0.0005005896091461182 0.8579878211021423
vt 0.908028781414032 0.5818175077438354
vt 0.6137601137161255 0.0004996061325073242
vt 0.9079731106758118 0.0004996061325073242
vt 0.6134243607521057 0.5826517343521118
vt 0.5002503395080566 0.8472403287887573
vt 1 0.8471542000770569
vt 1 0.7565438747406006
vt 0.0005006790161132812 0.8473264575004578
vt 1.9990003108978271 0.6996505856513977
vt 1 0.9982320666313171
vt 1 0.8592560291290283
vt 0.5002498030662537 0.9995003938674927
vt 0.5002498030662537 0.9293782413005829
vt 0.0004996061325073242 0.9995004534721375
vt 0.0004995167255401611 0.8592560291290283
vt 0.49342790246009827 0.5
vt 0.04493600130081177 0.5941378474235535
vt 0.7397688031196594 0.7497501969337463
vt 1 0.7751884460449219
vt 1 0.8500000238418579
vt 0 0.8500000238418579
vt 0.31473854184150696 0.6143296658992767
vt 0.00012493235408328474 0.18519079685211182
vt 0.9306027889251709 0.07965981960296631
vt 0.9306027889251709 0.24987518787384033
vt 0.0693940818309784 0.24986952543258667
vt 0.06939411163330078 0.07965326309204102
vt 0.9995001554489136 0.00013107061386108398
vt 0.9995003342628479 0.17034810781478882
vt 0.0004996061325073242 0.24987518787384033
vt 0.0004994571208953857 0.07965981960296631
vt 0.17155882716178894 0.14820575714111328
vt 0.06939411163330078 0.0004994869232177734
vt 0.14068299531936646 0.8517932891845703
vt 0.8284355401992798 0.14820599555969238
vt 0.9306027889251709 0.0004994869232177734
vt 0.5909234285354614 0.14820575714111328
vt 0.4090709984302521 0.14820599555969238
vt 0.06939411163330078 0.0004994869232177734
vt 0.17155882716178894 0.14820575714111328
vt 0.9994995594024658 0.9995003938674927
vt 0.8593139052391052 0.8517932891845703
vt 0.0005004703998565674 0.17034149169921875
vt 0.0005006194114685059 0.00012481212615966797
vt 1.9989895820617676 0.9994999170303345
vt 1.992448329925537 0.9217159152030945
vt 0.0009990334510803223 0.9217177629470825
vt 0.9995013475418091 0.00012481212615966797
vt 0.9995014071464539 0.17034149169921875
vt 0.0005004703998565674 0.17034810781478882
vt 0.0005004703998565674 0.00013107061386108398
vt 0.14068299531936646 0.8517932891845703
vt 0.0004986226558685303 0.9994995594024658
vt 0.4399493336677551 0.8517932891845703
vt 0.5600463151931763 0.8517932891845703
vt 1.3393909931182861 0.506011039018631
vt 0.9952715039253235 0.6745149791240692
vt 0.8932756185531616 0.33750736713409424
vt 1.49951171875 0.0004995465278625488
vt 1.9773012399673462 0.5941378474235535
vt 0 0.7751884460449219
vt 0.5002498030662537 0.8472402989864349
vt 1 0.8471542000770569
vt 1 0.7565431594848633
vt 0.0004996061325073242 0.847326397895813
vt 0.9861162900924683 0.0004995465278625488
vt 0.9861130118370056 0.5
vt 0.986109733581543 0.9995003938674927
vt 0.0008391439914703369 0.0004996061325073242
vt 0.24718332290649414 0.25017571449279785
vt 0.3811846077442169 0.0004996061325073242
vt 1 0.9995003342628479
vt 1.1963937282562256 0.16900348663330078
vt 1.0000227689743042 0.000499725341796875
vt 0.13218802213668823 0.9995003938674927
vt -0.038034334778785706 0.9995002746582031
vt -0.11755596101284027 0.0004996657371520996
vt 0.1286461502313614 0.2500777244567871
vt 0.00016511589637957513 0.0002522468566894531
vt 0.00016485036758240312 0.4997502565383911
vt 0.12710358202457428 0.25008058547973633
vt 0.0002073660580208525 0.00024968385696411133
vt 0.0002070906775770709 0.4997478127479553
vt 0.8738729357719421 0.4998518228530884
vt 0.986211895942688 0.4998518228530884
vt 0.052659377455711365 0.0004994869232177734
vt 0.8284412026405334 0.09336966276168823
vt 0.9306058883666992 0.0003147125244140625
vt 0.8593170642852783 0.5366297960281372
vt 0.17156445980072021 0.09336984157562256
vt 0.06939724087715149 0.0003147125244140625
vt 0.40907663106918335 0.09336966276168823
vt 0.5909290313720703 0.09336984157562256
vt 0.9862079620361328 0.0004996061325073242
vt 0.9306058883666992 0.0003147125244140625
vt 0.8284412026405334 0.09336966276168823
vt 0.0005004703998565674 0.6296852231025696
vt 1.999000906944275 0.24999994039535522
vt 1.9990007877349854 0.00024968385696411133
vt 1.9179346561431885 0.25009214878082275
vt 0.14068609476089478 0.5366297960281372
vt 0.19733405113220215 0.0004994869232177734
vt 0.36755281686782837 0.0004996657371520996
vt 0.28803032636642456 0.9994997978210449
vt 1.9990010261535645 0.49975019693374634
vt 1.8991649150848389 0.4999035596847534
vt 1.9989254474639893 0.4999035596847534
vt 1.9490073919296265 0.7496055364608765
vt 1.998849868774414 0.9993075132369995
vt 0.7574068307876587 0.999352216720581
vt 0.3245546221733093 0.7910760641098022
vt 0.11780569702386856 0.9994996190071106
vt 1.799651026725769 0.9992042183876038
vt 0.00012512505054473877 0.5287771821022034
vt 0.00012512505054473877 -0.15212130546569824
vt 0.24987535178661346 -0.15213727951049805
vt 0.24987536668777466 0.5287520885467529
vt 0 0.8500000238418579
vt 0 0.7751884460449219
vt 1 0.7751884460449219
vt 0.2474190592765808 0.37492644786834717
vt 0.329816997051239 0.25010502338409424
vt 0.3298351764678955 0.4997478127479553
vt 1 0.8500000238418579
vt 1.7995655536651611 0.49985194206237793
vt 1.7994799613952637 0.0004996061325073242
vt 1.9490829706192017 0.25020158290863037
vt 1.9990010261535645 0.0004996061325073242
vt 1.8368685245513916 0.49975019693374634
vt 1.8368682861328125 0.00043404102325439453
vt 0.0010013282299041748 0.41938549280166626
vt 0.02399224042892456 0.20998716354370117
vt 0.0010034441947937012 0.8381388187408447
vt 0.8593170642852783 0.5366297960281372
vt 0.9995014071464539 0.6296847462654114
vt 0.5600506663322449 0.5366297960281372
vt 0.4399537146091461 0.5366297960281372
vt 0.557609498500824 0.15543460845947266
vt 1.9986566305160522 0.49888646602630615
vt 1.501570224761963 0.3744432330131531
vt 0.3297375440597534 0.2500993609428406
vt 0.24735844135284424 0.37492477893829346
vt 0.32979387044906616 0.4997502565383911
vt 0.13407525420188904 0.7910762429237366
vt 0.2567480504512787 0.5000000596046448
vt 0.4229450225830078 0.5826519131660461
vt 0.339003324508667 0.2502497434616089
vt 1.836868405342102 0.25009214878082275
vt 0.0002072283677989617 0.24999874830245972
vt 0.16326957941055298 0.25009191036224365
vt 0.00016498312470503151 0.2500012516975403
vt 0.09265914559364319 0.5
vt 0.0008693808340467513 0.5000593066215515
vt 0.0007395494030788541 0.9995003938674927
vt -0.002415458904579282 1.0000001192092896
vt -4.371138828673793e-8 0.7751884460449219
vt 0.9999999403953552 0.7751884460449219
vt 1 0.8500000238418579
vt 0.5365057587623596 0.3906071186065674
vt 0.26875248551368713 0.1956196427345276
vt 0.0009990930557250977 0.2501840591430664
vt 0.04698526859283447 0.41934216022491455
vt 0.027808547019958496 0.5
vt 1.046276569366455 0.7909278869628906
vt 0.18457874655723572 0.0004995465278625488
vt 0.6935734748840332 0.695019394159317
vt 0.3965458571910858 0.9994263052940369
vt 0.7615300416946411 0.0004996061325073242
vt 0.0004996061325073242 0.2913662791252136
vt 0.08425521850585938 0.2913662791252136
vt 0.08425521850585938 0.9995002746582031
vt 0.0004996061325073242 0.9994997382164001
vt 0.9995002746582031 0.8410000205039978
vt 0.9995004534721375 0.9995003938674927
vt 0.0005005300045013428 0.9995005130767822
vt 0.5907242894172668 0.0005658268928527832
vt 1 0.8471543192863464
vt 0.0005005896091461182 0.84732586145401
vt 0.0005005896091461182 0.7565425634384155
vt 1 0.7565432786941528
vt 0.0005002915859222412 0.8410000205039978
vt 0.0005002319812774658 0.7565431594848633
vt 0.0009990334510803223 0.0010180473327636719
vt 1.1020126342773438 0.9606103003025055
vt 0.9995003938674927 0.8399085402488708
vt 0.9995003938674927 0.8000227212905884
vt 0.0005006194114685059 0.8000231385231018
vt 0.0005006194114685059 0.8399109840393066
vt 1 0.8471543192863464
vt 0.0004995167255401611 0.84732586145401
vt 0.0004996657371520996 0.7565418481826782
vt 1.4995005130767822 0.000632166862487793
vt 0.4471602141857147 0.16900372505187988
vt 1 0.7565425634384155
vt 0.0005004703998565674 0.8000224828720093
vt 0.9995002150535583 0.8000221252441406
vt 0.9975845217704773 0.8429952263832092
vt -0.002415458904579282 0.8429951667785645
vt -4.371138828673793e-8 1
vt 0 0.7751884460449219
vt 0.06997829675674438 0.6286971867084503
vt 0.9999999403953552 1
vt 2.3091392517089844 3.555474042892456
vt 2.634774923324585 3.5554749965667725
vt 2.6543145179748535 3.5554749965667725
vt 2.272368907928467 3.555474042892456
vt 1 0.7751884460449219
vt 1 0.8500000238418579
vt 0 0.8500000238418579
vt 0.5041559934616089 0.6546745300292969
vt 0 0.7751884460449219
vt 0.9951722621917725 0.921718031167984
vt 0.059861063957214355 0.59413743019104
vt 0.6752827763557434 0.2973184585571289
vt 1.2907054424285889 0.09930562973022461
vt 1.1182677745819092 0.9992781281471252
vt 0.5005338191986084 0.0004999041557312012
vt 0 0.8500000238418579
vt 0.9994996190071106 0.8400762677192688
vt 0.9994996786117554 0.8000168800354004
vt 0.0004998743534088135 0.8000166416168213
vt 0.0004998743534088135 0.8400780558586121
vt 0.0004996061325073242 0.8000160455703735
vt 0.9994994401931763 0.8000162839889526
vt 0.999499499797821 0.8410000205039978
vt 0.0004995167255401611 0.8410000205039978
vt 1 0.8500000238418579
vt 0 0.8500000238418579
vt -4.371138828673793e-8 0.7751884460449219
vt 0.9999999403953552 0.7751884460449219
vt 0.9975845217704773 0.8429952263832092
vt -0.002415458904579282 0.8429951667785645
vt -4.371138828673793e-8 1
vt 1.0487257242202759 0.1554344892501831
vt 0.9999999403953552 1
vt 0.9994996786117554 1
vt 0.0004997849464416504 1
vt 1 0.7751884460449219
vt 1 0.8500000238418579
vt 0 0.8500000238418579
vt 0 0.7751884460449219
vt 0.0004996061325073242 0.7565417289733887
vt 1 0.7751884460449219
vt 1 0.8500000238418579
vt 0 0.8500000238418579
vt 0 0.7751884460449219
vt 1.860640048980713 0.24679672718048096
vt 1.64353346824646 0.5004995167255402
vt 1.7222790718078613 0.4925944209098816
vt 1.062414526939392 0.15003597736358643
vt 0.7502195835113525 0.2998500466346741
vt 0.7502195835113525 0.0002913475036621094
vt 0.2890710234642029 1.9987283945083618
vt 0.5771306753158569 1.9990010261535645
vt 0.2507600784301758 1.7487736940383911
vt 1.4455565214157104 1.4757681787014008
vt 1.1688346862792969 1.4757851660251617
vt 1.4455561637878418 1.9673465490341187
vt 0.0010113716125488281 1.9984557628631592
vt 0.0010001957416534424 0.2502497434616089
vt 0.12587492167949677 0.43756234645843506
vt 0.25075003504753113 0.3751247525215149
vt 1.4995036125183105 0.5003632009029388
vt 1.2880659103393555 1
vt 1.722278356552124 1.4757511913776398
vt 1.0000061988830566 0.9997273683547974
vt 1.9990005493164062 0.9841557741165161
vt 1.8606394529342651 1.229953482747078
vt 1.9990001916885376 1.4757341742515564
vt 0.250758558511734 1.4990916848182678
vt 0.5005087852478027 1.4990915656089783
vt 0.25075703859329224 1.2494097352027893
vt 0.0009998083114624023 0.5
vt 1.3746094703674316 0.29978060722351074
vt 0.2507496476173401 0.624875009059906
vt 1.7222779989242554 1.9673295617103577
vt 1.8606390953063965 1.721531867980957
vt 0.5005027055740356 0.500363677740097
vt 1.000000238418579 0.0009995102882385254
vt 0.5004997253417969 0.000999748706817627
vt 0.25075045228004456 0.12537449598312378
vt 0.5005003213882446 0.2502495050430298
vt 0.3756255507469177 0.06295573711395264
vt 0.0010005831718444824 0.0004994869232177734
vt 0.5005006790161133 0.0005370378494262695
vt 0.5005057454109192 0.9997276365756989
vt 0.001005321741104126 0.9997279047966003
vt 1.998999834060669 1.9673125743865967
vt 0.0009992718696594238 0.0009999871253967285
vt 1.3746094703674316 0.15000122785568237
vt 1.7492494583129883 0.8746245950460434
vt 1.4994993209838867 0.9994998425245285
vt 1.9989993572235107 0.9994996190071106
vt 1.7492523193359375 0.2506811022758484
vt 1.4995007514953613 0.0009992718696594238
vt 0.001008346676826477 1.4990918338298798
vt 1.7222787141799927 0.9841727912425995
vt 1.7492499351501465 0.6249121129512787
vt 1.4994996786117554 0.7497495710849762
vt 1.6868044137954712 0.22485613822937012
vt 1.9989993572235107 0.00015234947204589844
vt 1.9989993572235107 0.29971110820770264
vt 1.445556879043579 0.9841898083686829
vt 1.999000072479248 0.5000746548175812
vt 1.7492506504058838 0.12548714876174927
vt 1.7492502927780151 0.3751996159553528
vt 1.3746094703674316 0.0002218484878540039
vt 1.0113437175750732 1.491595447063446
vt 0.8921126127243042 1.9673805236816406
vt 0.0009994208812713623 0.7497502565383911
vt 0.12587453424930573 0.6873126327991486
vt 1.4995005130767822 0.2503246068954468
vt 0.25074926018714905 0.8746252655982971
vt 1.2497502565383911 0.3751620650291443
vt 1.2497506141662598 0.12544959783554077
vt 1.0000007152557373 0.0005745887756347656
vt 1.4995007514953613 0.0006121397018432617
vt 1.9990007877349854 0.4925774335861206
vt 1 0.4999995231628418
vt 1.2497494220733643 0.8746248185634613
vt 1.2497498989105225 0.6248745322227478
vt 0.7502497434616089 0.6248747706413269
vt 0.9999992251396179 0.9995000660419464
vt 1.5051724910736084 0.7462972104549408
vt 0.5004994869232178 0.749750018119812
vt 0.5004991292953491 0.9995002895593643
vt 0.750250518321991 0.12541204690933228
vt 0.0009990334510803223 0.9995005130767822
vt 0.2507490813732147 0.9995004013180733
vt 1.999001145362854 0.0009990334510803223
vt 0.7502493858337402 0.8746250420808792
vt 0.001002296805381775 0.5003639459609985
vt 1.0000032186508179 0.5003634393215179
vt 1.999000906944275 0.0006496906280517578
vt 0.9325982928276062 1.4995005130767822
vt 0.7885684370994568 1.499364197254181
vt 0.7502501606941223 0.3751245141029358
vt 1.2497519254684448 0.2506813406944275
vt 0.29347825050354004 0.38838905096054077
vt 0.29347825050354004 0.06088745594024658
vt 0.20048309862613678 0.06088632345199585
vt 0.29347825050354004 0.38838905096054077
vt 0.29347825050354004 0.06088745594024658
vt 0.20048309862613678 0.06088632345199585
vt 0.20048309862613678 0.0608862042427063
vt 0.20048309862613678 0.3883889317512512
vt 0.29347825050354004 0.3883889317512512
vt 0.29347825050354004 0.060887277126312256
vt 0.20048309862613678 0.38838905096054077
vt 0.29347825050354004 0.3883889317512512
vt 0.29347825050354004 0.060887277126312256
vt 0.20048309862613678 0.0608862042427063
vt 0.20048309862613678 0.3883889317512512
vt 0.20048309862613678 0.38838905096054077
g Interior_H640
s 1
f 1/1/1 2/2/2 3/3/3
f 4/4/4 5/5/5 6/6/6
f 7/7/7 4/4/4 6/6/6
f 7/7/7 8/8/8 4/4/4
f 9/9/9 10/10/10 11/11/11
f 12/12/12 13/13/13 14/14/14
f 15/15/15 12/12/12 14/14/14
f 12/12/12 15/15/15 16/16/16
f 13/13/13 12/12/12 16/16/16
f 17/17/17 18/18/18 19/19/19
f 20/20/20 17/17/17 21/21/21
f 20/20/20 18/18/18 17/17/17
f 18/18/18 22/22/22 19/19/19
f 22/22/22 23/23/23 24/24/24
f 25/25/25 20/20/20 26/26/26
f 26/26/26 20/20/20 21/21/21
f 27/27/27 28/28/28 29/29/29
f 24/24/24 27/27/27 29/29/29
f 23/23/23 27/27/27 24/24/24
f 30/30/30 31/31/31 32/32/32
f 23/23/23 28/28/28 27/27/27
f 33/33/33 34/34/34 32/32/32
f 33/33/33 32/32/32 31/31/31
f 35/35/35 36/36/36 37/37/37
f 35/35/35 38/38/38 36/36/36
f 39/39/39 14/14/14 40/40/40
f 41/41/41 42/42/42 10/10/10
f 9/9/9 41/41/41 10/10/10
f 41/41/41 43/43/43 42/42/42
f 9/9/9 44/44/44 45/45/45
f 45/45/45 44/44/44 46/46/46
f 45/45/45 46/46/46 43/43/43
f 47/47/47 48/48/48 49/49/49
f 47/47/47 50/50/50 48/48/48
f 50/50/50 51/51/51 52/52/52
f 52/52/52 51/51/51 53/53/53
f 54/54/54 52/52/52 53/53/53
f 55/55/55 53/53/53 56/56/56
f 57/57/57 17/17/17 19/19/19
f 21/21/21 17/17/17 57/57/57
f 58/58/58 59/59/59 60/60/60
f 21/21/21 57/57/57 61/61/61
f 56/56/56 9/9/9 62/62/62
f 53/53/53 9/9/9 56/56/56
f 57/57/57 19/19/19 61/61/61
f 61/61/61 19/19/19 63/63/63
f 61/61/61 63/63/63 64/64/64
f 63/63/63 65/65/65 64/64/64
f 18/18/18 66/66/66 22/22/22
f 67/67/67 68/68/68 69/69/69
f 70/70/70 71/71/71 72/72/72
f 70/70/70 72/72/72 73/73/73
f 74/74/74 75/75/75 76/76/76
f 77/77/77 78/78/78 79/79/79
f 80/80/80 78/78/78 77/77/77
f 66/66/66 23/23/23 22/22/22
f 66/66/66 81/81/81 23/23/23
f 77/77/77 79/79/79 37/37/37
f 51/51/51 44/44/44 9/9/9
f 51/51/51 9/9/9 53/53/53
f 82/82/82 31/31/31 30/30/30
f 33/33/33 31/31/31 83/83/83
f 84/84/84 78/78/78 80/80/80
f 85/85/85 78/78/78 84/84/84
f 86/86/86 87/87/87 38/38/38
f 88/88/88 89/89/89 90/90/90
f 91/91/91 92/92/92 88/88/88
f 24/24/24 29/29/29 92/92/92
f 29/29/29 28/28/28 89/89/89
f 93/93/93 77/77/77 37/37/37
f 80/80/80 77/77/77 93/93/93
f 44/44/44 94/94/94 46/46/46
f 95/95/95 96/96/96 7/7/7
f 97/97/97 95/95/95 7/7/7
f 87/87/87 36/36/36 38/38/38
f 98/98/98 54/54/54 55/55/55
f 39/39/39 99/99/99 28/28/28
f 39/39/39 40/40/40 99/99/99
f 5/5/5 98/98/98 55/55/55
f 100/100/100 92/92/92 91/91/91
f 100/100/100 24/24/24 92/92/92
f 101/101/101 43/43/43 41/41/41
f 9/9/9 101/101/101 41/41/41
f 9/9/9 45/45/45 101/101/101
f 101/101/101 45/45/45 43/43/43
f 92/92/92 102/102/102 88/88/88
f 102/102/102 89/89/89 88/88/88
f 102/102/102 29/29/29 89/89/89
f 92/92/92 29/29/29 102/102/102
f 75/75/75 59/59/59 76/76/76
f 103/103/103 7/7/7 6/6/6
f 104/104/104 93/93/93 86/86/86
f 80/80/80 93/93/93 104/104/104
f 59/59/59 105/105/105 76/76/76
f 105/105/105 39/39/39 76/76/76
f 106/106/106 14/14/14 39/39/39
f 15/15/15 14/14/14 106/106/106
f 81/81/81 107/107/107 74/74/74
f 81/81/81 74/74/74 23/23/23
f 108/108/108 109/109/109 107/107/107
f 109/109/109 69/69/69 107/107/107
f 108/108/108 107/107/107 110/110/110
f 20/20/20 108/108/108 110/110/110
f 20/20/20 110/110/110 18/18/18
f 111/111/111 100/100/100 91/91/91
f 64/64/64 100/100/100 111/111/111
f 112/112/112 88/88/88 90/90/90
f 91/91/91 88/88/88 112/112/112
f 97/97/97 7/7/7 103/103/103
f 113/113/113 50/50/50 47/47/47
f 49/49/49 114/114/114 47/47/47
f 115/115/115 116/116/116 117/117/117
f 117/117/117 118/118/118 115/115/115
f 47/47/47 114/114/114 113/113/113
f 19/19/19 119/119/119 120/120/120
f 110/110/110 121/121/121 18/18/18
f 110/110/110 107/107/107 121/121/121
f 121/121/121 107/107/107 81/81/81
f 122/122/122 123/123/123 124/124/124
f 125/125/125 126/126/126 124/124/124
f 124/124/124 126/126/126 122/122/122
f 127/127/127 128/128/128 129/129/129
f 130/130/130 131/131/131 129/129/129
f 129/129/129 131/131/131 127/127/127
f 18/18/18 121/121/121 81/81/81
f 120/120/120 119/119/119 65/65/65
f 120/120/120 65/65/65 63/63/63
f 132/132/132 133/133/133 10/10/10
f 119/119/119 24/24/24 65/65/65
f 22/22/22 119/119/119 19/19/19
f 42/42/42 132/132/132 10/10/10
f 7/7/7 96/96/96 8/8/8
f 134/134/134 133/133/133 135/135/135
f 14/14/14 136/136/136 40/40/40
f 14/14/14 13/13/13 136/136/136
f 11/11/11 134/134/134 135/135/135
f 10/10/10 134/134/134 11/11/11
f 10/10/10 133/133/133 134/134/134
f 137/137/137 138/138/138 139/139/139
f 15/15/15 137/137/137 139/139/139
f 137/137/137 15/15/15 106/106/106
f 140/140/140 141/141/141 142/142/142
f 142/142/142 1/1/1 140/140/140
f 143/143/143 54/54/54 98/98/98
f 49/49/49 143/143/143 98/98/98
f 49/49/49 48/48/48 143/143/143
f 143/143/143 48/48/48 54/54/54
f 48/48/48 144/144/144 54/54/54
f 48/48/48 50/50/50 144/144/144
f 144/144/144 50/50/50 52/52/52
f 54/54/54 144/144/144 52/52/52
f 145/145/145 146/146/146 141/141/141
f 141/141/141 140/140/140 145/145/145
f 147/147/147 148/148/148 146/146/146
f 146/146/146 145/145/145 147/147/147
f 65/65/65 24/24/24 100/100/100
f 64/64/64 65/65/65 100/100/100
f 149/149/149 150/150/150 148/148/148
f 87/87/87 37/37/37 36/36/36
f 3/3/3 140/140/140 1/1/1
f 8/8/8 5/5/5 4/4/4
f 148/148/148 147/147/147 149/149/149
f 94/94/94 151/151/151 46/46/46
f 152/152/152 75/75/75 74/74/74
f 93/93/93 37/37/37 87/87/87
f 140/140/140 3/3/3 153/153/153
f 154/154/154 147/147/147 145/145/145
f 145/145/145 153/153/153 154/154/154
f 155/155/155 149/149/149 147/147/147
f 147/147/147 154/154/154 155/155/155
f 138/138/138 137/137/137 106/106/106
f 138/138/138 106/106/106 156/156/156
f 156/156/156 106/106/106 39/39/39
f 105/105/105 156/156/156 39/39/39
f 69/69/69 152/152/152 74/74/74
f 59/59/59 152/152/152 60/60/60
f 105/105/105 138/138/138 156/156/156
f 30/30/30 32/32/32 157/157/157
f 138/138/138 158/158/158 139/139/139
f 152/152/152 59/59/59 75/75/75
f 19/19/19 120/120/120 63/63/63
f 54/54/54 53/53/53 55/55/55
f 50/50/50 159/159/159 160/160/160
f 129/129/129 128/128/128 161/161/161
f 162/162/162 163/163/163 164/164/164
f 164/164/164 165/165/165 162/162/162
f 166/166/166 167/167/167 168/168/168
f 168/168/168 169/169/169 166/166/166
f 170/170/170 171/171/171 172/172/172
f 172/172/172 163/163/163 170/170/170
f 173/173/173 174/174/174 170/170/170
f 170/170/170 165/165/165 173/173/173
f 90/90/90 89/89/89 175/175/175
f 129/129/129 161/161/161 130/130/130
f 124/124/124 123/123/123 176/176/176
f 124/124/124 176/176/176 125/125/125
f 94/94/94 160/160/160 151/151/151
f 160/160/160 159/159/159 151/151/151
f 177/177/177 178/178/178 179/179/179
f 179/179/179 180/180/180 177/177/177
f 181/181/181 182/182/182 183/183/183
f 183/183/183 184/184/184 181/181/181
f 185/185/185 186/186/186 187/187/187
f 187/187/187 178/178/178 185/185/185
f 188/188/188 189/189/189 185/185/185
f 185/185/185 180/180/180 188/188/188
f 190/190/190 49/49/49 191/191/191
f 96/96/96 191/191/191 8/8/8
f 152/152/152 192/192/192 60/60/60
f 152/152/152 69/69/69 192/192/192
f 157/157/157 32/32/32 34/34/34
f 193/193/193 194/194/194 195/195/195
f 164/164/164 196/196/196 173/173/173
f 173/173/173 197/197/197 164/164/164
f 179/179/179 198/198/198 188/188/188
f 188/188/188 199/199/199 179/179/179
f 200/200/200 195/195/195 194/194/194
f 201/201/201 202/202/202 203/203/203
f 204/204/204 203/203/203 202/202/202
f 68/68/68 192/192/192 69/69/69
f 68/68/68 60/60/60 192/192/192
f 205/205/205 94/94/94 44/44/44
f 206/206/206 207/207/207 208/208/208
f 208/208/208 209/209/209 206/206/206
f 210/210/210 211/211/211 212/212/212
f 212/212/212 213/213/213 210/210/210
f 214/214/214 215/215/215 216/216/216
f 216/216/216 207/207/207 214/214/214
f 217/217/217 218/218/218 214/214/214
f 214/214/214 209/209/209 217/217/217
f 50/50/50 205/205/205 51/51/51
f 205/205/205 44/44/44 51/51/51
f 219/219/219 160/160/160 94/94/94
f 50/50/50 160/160/160 219/219/219
f 50/50/50 219/219/219 205/205/205
f 219/219/219 94/94/94 205/205/205
f 220/220/220 221/221/221 222/222/222
f 222/222/222 223/223/223 220/220/220
f 224/224/224 225/225/225 226/226/226
f 226/226/226 227/227/227 224/224/224
f 228/228/228 229/229/229 230/230/230
f 230/230/230 221/221/221 228/228/228
f 231/231/231 232/232/232 228/228/228
f 228/228/228 223/223/223 231/231/231
f 138/138/138 233/233/233 158/158/158
f 233/233/233 59/59/59 158/158/158
f 59/59/59 233/233/233 105/105/105
f 233/233/233 138/138/138 105/105/105
f 234/234/234 139/139/139 235/235/235
f 234/234/234 235/235/235 236/236/236
f 208/208/208 237/237/237 217/217/217
f 217/217/217 238/238/238 208/208/208
f 222/222/222 239/239/239 231/231/231
f 231/231/231 240/240/240 222/222/222
f 8/8/8 241/241/241 5/5/5
f 5/5/5 241/241/241 98/98/98
f 241/241/241 49/49/49 98/98/98
f 191/191/191 49/49/49 242/242/242
f 191/191/191 242/242/242 8/8/8
f 8/8/8 242/242/242 241/241/241
f 242/242/242 49/49/49 241/241/241
f 70/70/70 73/73/73 38/38/38
f 35/35/35 70/70/70 38/38/38
f 35/35/35 71/71/71 70/70/70
f 16/16/16 234/234/234 236/236/236
f 96/96/96 243/243/243 191/191/191
f 243/243/243 190/190/190 191/191/191
f 22/22/22 24/24/24 119/119/119
f 16/16/16 15/15/15 234/234/234
f 15/15/15 139/139/139 234/234/234
f 25/25/25 108/108/108 20/20/20
f 6/6/6 5/5/5 55/55/55
f 18/18/18 81/81/81 66/66/66
f 23/23/23 74/74/74 28/28/28
f 107/107/107 69/69/69 74/74/74
f 86/86/86 38/38/38 244/244/244
f 244/244/244 38/38/38 73/73/73
f 76/76/76 39/39/39 28/28/28
f 245/245/245 246/246/246 247/247/247
f 247/247/247 248/248/248 245/245/245
f 249/249/249 250/250/250 251/251/251
f 251/251/251 252/252/252 249/249/249
f 253/253/253 254/254/254 255/255/255
f 255/255/255 251/251/251 253/253/253
f 255/255/255 256/256/256 257/257/257
f 257/257/257 258/258/258 255/255/255
f 259/259/259 260/260/260 261/261/261
f 261/261/261 262/262/262 259/259/259
f 263/263/263 259/259/259 264/264/264
f 264/264/264 265/265/265 263/263/263
f 266/266/266 267/267/267 268/268/268
f 268/268/268 269/269/269 266/266/266
f 270/270/270 271/271/271 272/272/272
f 272/272/272 262/262/262 270/270/270
f 273/273/273 274/274/274 275/275/275
f 275/275/275 276/276/276 273/273/273
f 257/257/257 249/249/249 277/277/277
f 277/277/277 278/278/278 257/257/257
f 279/279/279 280/280/280 281/281/281
f 281/281/281 282/282/282 279/279/279
f 283/283/283 284/284/284 285/285/285
f 285/285/285 279/279/279 283/283/283
f 6/6/6 55/55/55 286/286/286
f 74/74/74 76/76/76 28/28/28
f 287/287/287 288/288/288 289/289/289
f 289/289/289 282/282/282 287/287/287
f 290/290/290 291/291/291 292/292/292
f 292/292/292 293/293/293 290/290/290
f 294/294/294 290/290/290 295/295/295
f 295/295/295 296/296/296 294/294/294
f 297/297/297 298/298/298 299/299/299
f 299/299/299 300/300/300 297/297/297
f 301/301/301 302/302/302 303/303/303
f 303/303/303 293/293/293 301/301/301
f 304/304/304 305/305/305 306/306/306
f 306/306/306 307/307/307 304/304/304
f 308/308/308 309/309/309 310/310/310
f 310/310/310 311/311/311 308/308/308
f 6/6/6 286/286/286 62/62/62
f 286/286/286 56/56/56 62/62/62
f 55/55/55 56/56/56 286/286/286
f 93/93/93 87/87/87 86/86/86
f 153/153/153 145/145/145 140/140/140
g Interior_H641
s 1
f 312/312/312 313/313/313 314/314/314
f 313/313/313 315/315/315 316/316/316
g Interior_H642
s 1
f 317/317/317 318/318/318 319/319/319
f 320/320/320 321/321/321 322/322/322
f 320/320/320 323/323/323 321/321/321
f 321/321/321 323/323/323 324/324/324
f 322/322/322 321/321/321 324/324/324
f 319/319/319 325/325/325 326/326/326
f 319/319/319 327/327/327 325/325/325
f 325/325/325 327/327/327 328/328/328
f 326/326/326 325/325/325 328/328/328
f 320/320/320 329/329/329 330/330/330
f 320/320/320 331/331/331 329/329/329
f 329/329/329 331/331/331 332/332/332
f 330/330/330 329/329/329 332/332/332
f 319/319/319 333/333/333 317/317/317
f 319/319/319 334/334/334 333/333/333
f 333/333/333 334/334/334 335/335/335
f 317/317/317 333/333/333 335/335/335
f 336/336/336 337/337/337 338/338/338
f 336/336/336 339/339/339 337/337/337
f 340/340/340 341/341/341 342/342/342
f 340/340/340 343/343/343 341/341/341
f 341/341/341 343/343/343 344/344/344
f 342/342/342 341/341/341 344/344/344
f 345/345/345 342/342/342 346/346/346
f 347/347/347 340/340/340 345/345/345
f 345/345/345 340/340/340 342/342/342
f 348/348/348 349/349/349 350/350/350
f 349/349/349 351/351/351 352/352/352
f 353/353/353 354/354/354 355/355/355
f 353/353/353 356/356/356 354/354/354
f 354/354/354 356/356/356 357/357/357
f 355/355/355 354/354/354 357/357/357
f 358/358/358 359/359/359 360/360/360
f 360/360/360 359/359/359 357/357/357
f 357/357/357 356/356/356 360/360/360
f 360/360/360 356/356/356 358/358/358
f 361/361/361 362/362/362 363/363/363
f 361/361/361 364/364/364 362/362/362
f 365/365/365 366/366/366 367/367/367
f 368/368/368 367/367/367 366/366/366
f 364/364/364 369/369/369 362/362/362
f 370/370/370 371/371/371 372/372/372
f 372/372/372 371/371/371 373/373/373
f 374/374/374 373/373/373 371/371/371
f 362/362/362 369/369/369 363/363/363
f 375/375/375 369/369/369 376/376/376
f 377/377/377 375/375/375 376/376/376
f 375/375/375 377/377/377 363/363/363
f 369/369/369 375/375/375 363/363/363
f 378/378/378 379/379/379 380/380/380
f 381/381/381 382/382/382 383/383/383
f 382/382/382 384/384/384 383/383/383
f 385/385/385 382/382/382 381/381/381
f 386/386/386 385/385/385 381/381/381
f 387/387/387 388/388/388 389/389/389
f 390/390/390 387/387/387 389/389/389
f 387/387/387 390/390/390 391/391/391
f 388/388/388 387/387/387 391/391/391
f 392/392/392 393/393/393 391/391/391
f 392/392/392 394/394/394 393/393/393
f 394/394/394 388/388/388 393/393/393
f 393/393/393 388/388/388 391/391/391
f 395/395/395 394/394/394 355/355/355
f 359/359/359 395/395/395 355/355/355
f 395/395/395 359/359/359 396/396/396
f 394/394/394 395/395/395 396/396/396
f 397/397/397 398/398/398 399/399/399
f 397/397/397 400/400/400 398/398/398
f 398/398/398 400/400/400 401/401/401
f 399/399/399 398/398/398 401/401/401
f 402/402/402 403/403/403 404/404/404
f 405/405/405 404/404/404 403/403/403
f 406/406/406 407/407/407 401/401/401
f 401/401/401 400/400/400 406/406/406
f 406/406/406 400/400/400 408/408/408
f 409/409/409 410/410/410 411/411/411
f 410/410/410 412/412/412 413/413/413
f 414/414/414 413/413/413 412/412/412
f 415/415/415 416/416/416 377/377/377
f 417/417/417 415/415/415 377/377/377
f 376/376/376 418/418/418 419/419/419
f 346/346/346 336/336/336 420/420/420
f 420/420/420 336/336/336 338/338/338
f 421/421/421 422/422/422 423/423/423
f 424/424/424 421/421/421 423/423/423
f 425/425/425 426/426/426 427/427/427
f 425/425/425 428/428/428 426/426/426
f 429/429/429 430/430/430 431/431/431
f 429/429/429 431/431/431 432/432/432
f 433/433/433 353/353/353 355/355/355
f 434/434/434 348/348/348 350/350/350
f 435/435/435 436/436/436 437/437/437
f 437/437/437 436/436/436 438/438/438
f 438/438/438 422/422/422 437/437/437
f 437/437/437 422/422/422 435/435/435
f 439/439/439 440/440/440 441/441/441
f 439/439/439 442/442/442 440/440/440
f 443/443/443 444/444/444 445/445/445
f 443/443/443 446/446/446 444/444/444
f 447/447/447 448/448/448 449/449/449
f 447/447/447 450/450/450 448/448/448
f 448/448/448 450/450/450 451/451/451
f 449/449/449 448/448/448 451/451/451
f 452/452/452 453/453/453 454/454/454
f 452/452/452 455/455/455 453/453/453
f 453/453/453 455/455/455 456/456/456
f 454/454/454 453/453/453 456/456/456
f 451/451/451 457/457/457 449/449/449
f 451/451/451 458/458/458 457/457/457
f 457/457/457 458/458/458 459/459/459
f 449/449/449 457/457/457 459/459/459
f 456/456/456 460/460/460 454/454/454
f 456/456/456 461/461/461 460/460/460
f 460/460/460 461/461/461 462/462/462
f 454/454/454 460/460/460 462/462/462
f 463/463/463 464/464/464 465/465/465
f 465/465/465 464/464/464 370/370/370
f 466/466/466 467/467/467 468/468/468
f 469/469/469 470/470/470 471/471/471
f 469/469/469 472/472/472 470/470/470
f 473/473/473 474/474/474 475/475/475
f 476/476/476 390/390/390 477/477/477
f 473/473/473 478/478/478 474/474/474
f 479/479/479 480/480/480 481/481/481
f 479/479/479 482/482/482 480/480/480
f 436/436/436 435/435/435 483/483/483
f 436/436/436 484/484/484 438/438/438
f 485/485/485 486/486/486 466/466/466
f 487/487/487 488/488/488 486/486/486
f 487/487/487 485/485/485 489/489/489
f 486/486/486 485/485/485 487/487/487
f 490/490/490 412/412/412 491/491/491
f 409/409/409 491/491/491 410/410/410
f 491/491/491 412/412/412 410/410/410
f 492/492/492 493/493/493 484/484/484
f 492/492/492 436/436/436 483/483/483
f 484/484/484 436/436/436 492/492/492
f 494/494/494 495/495/495 379/379/379
f 475/475/475 496/496/496 473/473/473
f 497/497/497 478/478/478 473/473/473
f 498/498/498 493/493/493 492/492/492
f 463/463/463 499/499/499 464/464/464
f 483/483/483 498/498/498 492/492/492
f 370/370/370 464/464/464 371/371/371
f 464/464/464 499/499/499 371/371/371
f 490/490/490 491/491/491 500/500/500
f 500/500/500 491/491/491 409/409/409
f 501/501/501 485/485/485 466/466/466
f 468/468/468 501/501/501 466/466/466
f 501/501/501 468/468/468 489/489/489
f 485/485/485 501/501/501 489/489/489
f 445/445/445 502/502/502 443/443/443
f 503/503/503 446/446/446 443/443/443
f 359/359/359 504/504/504 396/396/396
f 359/359/359 358/358/358 504/504/504
f 504/504/504 358/358/358 505/505/505
f 396/396/396 504/504/504 505/505/505
f 505/505/505 358/358/358 506/506/506
f 507/507/507 378/378/378 508/508/508
f 379/379/379 378/378/378 507/507/507
f 507/507/507 494/494/494 379/379/379
f 508/508/508 494/494/494 507/507/507
f 506/506/506 358/358/358 509/509/509
f 479/479/479 510/510/510 511/511/511
f 481/481/481 510/510/510 479/479/479
f 511/511/511 482/482/482 479/479/479
f 512/512/512 390/390/390 389/389/389
f 513/513/513 512/512/512 389/389/389
f 477/477/477 512/512/512 513/513/513
f 477/477/477 390/390/390 512/512/512
f 514/514/514 515/515/515 516/516/516
f 517/517/517 515/515/515 514/514/514
f 514/514/514 518/518/518 517/517/517
f 516/516/516 518/518/518 514/514/514
f 519/519/519 520/520/520 466/466/466
f 521/521/521 472/472/472 469/469/469
f 469/469/469 522/522/522 521/521/521
f 471/471/471 522/522/522 469/469/469
f 523/523/523 524/524/524 525/525/525
f 523/523/523 525/525/525 526/526/526
f 473/473/473 496/496/496 527/527/527
f 473/473/473 527/527/527 497/497/497
f 526/526/526 528/528/528 529/529/529
f 526/526/526 529/529/529 523/523/523
f 432/432/432 530/530/530 531/531/531
f 432/432/432 531/531/531 429/429/429
f 466/466/466 486/486/486 519/519/519
f 519/519/519 486/486/486 532/532/532
f 423/423/423 422/422/422 438/438/438
f 533/533/533 534/534/534 535/535/535
f 533/533/533 535/535/535 536/536/536
f 537/537/537 536/536/536 535/535/535
f 537/537/537 535/535/535 534/534/534
f 538/538/538 539/539/539 540/540/540
f 538/538/538 540/540/540 541/541/541
f 542/542/542 541/541/541 540/540/540
f 542/542/542 540/540/540 539/539/539
f 543/543/543 544/544/544 545/545/545
f 543/543/543 545/545/545 546/546/546
f 547/547/547 546/546/546 545/545/545
f 547/547/547 545/545/545 544/544/544
f 439/439/439 548/548/548 549/549/549
f 441/441/441 548/548/548 439/439/439
f 438/438/438 484/484/484 423/423/423
f 549/549/549 442/442/442 439/439/439
f 423/423/423 484/484/484 424/424/424
f 361/361/361 434/434/434 350/350/350
f 350/350/350 364/364/364 361/361/361
f 546/546/546 550/550/550 551/551/551
f 546/546/546 551/551/551 543/543/543
f 443/443/443 502/502/502 552/552/552
f 443/443/443 552/552/552 503/503/503
f 459/459/459 447/447/447 449/449/449
f 462/462/462 452/452/452 454/454/454
f 392/392/392 433/433/433 355/355/355
f 355/355/355 394/394/394 392/392/392
f 332/332/332 553/553/553 330/330/330
f 548/548/548 554/554/554 555/555/555
f 335/335/335 556/556/556 317/317/317
f 513/513/513 557/557/557 396/396/396
f 513/513/513 389/389/389 557/557/557
f 389/389/389 394/394/394 557/557/557
f 557/557/557 394/394/394 396/396/396
f 397/397/397 364/364/364 352/352/352
f 400/400/400 397/397/397 352/352/352
f 364/364/364 397/397/397 399/399/399
f 558/558/558 339/339/339 336/336/336
f 558/558/558 559/559/559 560/560/560
f 560/560/560 559/559/559 561/561/561
f 558/558/558 560/560/560 339/339/339
f 562/562/562 563/563/563 435/435/435
f 422/422/422 562/562/562 435/435/435
f 324/324/324 564/564/564 322/322/322
f 322/322/322 564/564/564 320/320/320
f 328/328/328 565/565/565 326/326/326
f 326/326/326 565/565/565 319/319/319
f 564/564/564 331/331/331 320/320/320
f 565/565/565 334/334/334 319/319/319
f 566/566/566 567/567/567 378/378/378
f 380/380/380 566/566/566 378/378/378
f 344/344/344 559/559/559 558/558/558
f 342/342/342 344/344/344 558/558/558
f 344/344/344 343/343/343 559/559/559
f 352/352/352 364/364/364 350/350/350
f 352/352/352 351/351/351 400/400/400
f 357/357/357 359/359/359 355/355/355
f 369/369/369 364/364/364 399/399/399
f 388/388/388 394/394/394 389/389/389
f 401/401/401 407/407/407 399/399/399
f 350/350/350 349/349/349 352/352/352
f 568/568/568 569/569/569 570/570/570
f 570/570/570 571/571/571 568/568/568
f 572/572/572 573/573/573 574/574/574
f 574/574/574 575/575/575 572/572/572
f 576/576/576 577/577/577 578/578/578
f 578/578/578 579/579/579 576/576/576
f 580/580/580 581/581/581 582/582/582
f 582/582/582 583/583/583 580/580/580
f 584/584/584 467/467/467 466/466/466
f 520/520/520 584/584/584 466/466/466
f 427/427/427 585/585/585 425/425/425
f 586/586/586 587/587/587 588/588/588
f 588/588/588 589/589/589 586/586/586
f 555/555/555 549/549/549 548/548/548
f 544/544/544 590/590/590 547/547/547
f 591/591/591 592/592/592 593/593/593
f 593/593/593 594/594/594 591/591/591
f 595/595/595 433/433/433 392/392/392
f 391/391/391 595/595/595 392/392/392
f 376/376/376 596/596/596 377/377/377
f 376/376/376 419/419/419 596/596/596
f 419/419/419 417/417/417 596/596/596
f 596/596/596 417/417/417 377/377/377
f 347/347/347 420/420/420 597/597/597
f 597/597/597 420/420/420 338/338/338
f 347/347/347 345/345/345 598/598/598
f 598/598/598 345/345/345 346/346/346
f 598/598/598 346/346/346 420/420/420
f 347/347/347 598/598/598 420/420/420
f 599/599/599 351/351/351 349/349/349
f 348/348/348 599/599/599 349/349/349
f 600/600/600 407/407/407 406/406/406
f 408/408/408 600/600/600 406/406/406
f 601/601/601 417/417/417 419/419/419
f 418/418/418 601/601/601 419/419/419
f 602/602/602 520/520/520 519/519/519
f 532/532/532 602/602/602 519/519/519
f 603/603/603 604/604/604 487/487/487
f 489/489/489 603/603/603 487/487/487
f 605/605/605 488/488/488 487/487/487
f 604/604/604 605/605/605 487/487/487
f 548/548/548 606/606/606 554/554/554
f 548/548/548 607/607/607 606/606/606
f 608/608/608 434/434/434 361/361/361
f 363/363/363 608/608/608 361/361/361
f 376/376/376 369/369/369 609/609/609
f 609/609/609 369/369/369 399/399/399
f 399/399/399 418/418/418 609/609/609
f 609/609/609 418/418/418 376/376/376
f 610/610/610 418/418/418 399/399/399
f 407/407/407 610/610/610 399/399/399
f 346/346/346 342/342/342 611/611/611
f 611/611/611 342/342/342 558/558/558
f 611/611/611 558/558/558 336/336/336
f 346/346/346 611/611/611 336/336/336
f 560/560/560 612/612/612 339/339/339
f 560/560/560 561/561/561 612/612/612
f 553/553/553 613/613/613 330/330/330
f 553/553/553 323/323/323 613/613/613
f 613/613/613 323/323/323 320/320/320
f 330/330/330 613/613/613 320/320/320
f 556/556/556 318/318/318 317/317/317
f 556/556/556 327/327/327 318/318/318
f 318/318/318 327/327/327 319/319/319
g Interior_H643
s 1
f 614/614/614 615/615/615 616/616/616
f 617/617/617 618/618/618 619/619/619
f 620/620/620 621/621/621 622/622/622
f 621/621/621 623/623/623 622/622/622
f 624/624/624 625/625/625 626/626/626
f 625/625/625 627/627/627 628/628/628
f 626/626/626 625/625/625 628/628/628
f 629/629/629 630/630/630 631/631/631
f 632/632/632 622/622/622 633/633/633
f 620/620/620 622/622/622 632/632/632
f 620/620/620 632/632/632 634/634/634
f 632/632/632 633/633/633 634/634/634
f 635/635/635 636/636/636 637/637/637
f 638/638/638 639/639/639 640/640/640
f 638/638/638 640/640/640 641/641/641
f 641/641/641 640/640/640 642/642/642
f 643/643/643 644/644/644 645/645/645
f 644/644/644 646/646/646 645/645/645
f 644/644/644 647/647/647 646/646/646
f 643/643/643 647/647/647 644/644/644
f 648/648/648 649/649/649 650/650/650
f 651/651/651 652/652/652 653/653/653
f 654/654/654 655/655/655 656/656/656
f 657/657/657 654/654/654 656/656/656
f 658/658/658 659/659/659 660/660/660
f 658/658/658 660/660/660 661/661/661
f 660/660/660 662/662/662 661/661/661
f 652/652/652 663/663/663 653/653/653
f 663/663/663 664/664/664 653/653/653
f 665/665/665 663/663/663 652/652/652
f 616/616/616 666/666/666 667/667/667
f 616/616/616 667/667/667 668/668/668
f 669/669/669 661/661/661 668/668/668
f 658/658/658 661/661/661 669/669/669
f 640/640/640 639/639/639 642/642/642
f 635/635/635 670/670/670 636/636/636
f 671/671/671 672/672/672 673/673/673
f 674/674/674 637/637/637 636/636/636
f 675/675/675 676/676/676 674/674/674
f 672/672/672 671/671/671 677/677/677
f 649/649/649 670/670/670 678/678/678
f 679/679/679 619/619/619 680/680/680
f 681/681/681 682/682/682 657/657/657
f 681/681/681 683/683/683 682/682/682
f 684/684/684 680/680/680 685/685/685
f 686/686/686 687/687/687 688/688/688
f 686/686/686 626/626/626 687/687/687
f 684/684/684 685/685/685 689/689/689
f 665/665/665 690/690/690 663/663/663
f 690/690/690 664/664/664 663/663/663
f 691/691/691 639/639/639 638/638/638
f 656/656/656 655/655/655 692/692/692
f 659/659/659 693/693/693 660/660/660
f 693/693/693 662/662/662 660/660/660
f 656/656/656 681/681/681 657/657/657
f 694/694/694 695/695/695 696/696/696
f 639/639/639 683/683/683 681/681/681
f 697/697/697 643/643/643 698/698/698
f 699/699/699 700/700/700 701/701/701
f 699/699/699 702/702/702 700/700/700
f 672/672/672 703/703/703 704/704/704
f 705/705/705 706/706/706 707/707/707
f 708/708/708 709/709/709 710/710/710
f 677/677/677 671/671/671 668/668/668
f 708/708/708 711/711/711 709/709/709
f 712/712/712 713/713/713 692/692/692
f 714/714/714 715/715/715 716/716/716
f 717/717/717 718/718/718 719/719/719
f 668/668/668 671/671/671 616/616/616
f 705/705/705 699/699/699 706/706/706
f 706/706/706 699/699/699 701/701/701
f 720/720/720 721/721/721 722/722/722
f 627/627/627 719/719/719 722/722/722
f 717/717/717 723/723/723 718/718/718
f 630/630/630 724/724/724 725/725/725
f 726/726/726 702/702/702 699/699/699
f 705/705/705 726/726/726 699/699/699
f 691/691/691 638/638/638 727/727/727
f 725/725/725 724/724/724 704/704/704
f 679/679/679 728/728/728 619/619/619
f 728/728/728 617/617/617 619/619/619
f 729/729/729 679/679/679 730/730/730
f 725/725/725 704/704/704 731/731/731
f 727/727/727 638/638/638 692/692/692
f 713/713/713 727/727/727 692/692/692
f 695/695/695 732/732/732 733/733/733
f 733/733/733 732/732/732 734/734/734
f 733/733/733 734/734/734 735/735/735
f 695/695/695 733/733/733 735/735/735
f 630/630/630 725/725/725 731/731/731
f 705/705/705 736/736/736 737/737/737
f 622/622/622 732/732/732 695/695/695
f 622/622/622 623/623/623 732/732/732
f 623/623/623 738/738/738 734/734/734
f 738/738/738 739/739/739 734/734/734
f 740/740/740 741/741/741 742/742/742
f 740/740/740 742/742/742 743/743/743
f 706/706/706 701/701/701 707/707/707
f 744/744/744 729/729/729 730/730/730
f 672/672/672 704/704/704 673/673/673
f 695/695/695 745/745/745 696/696/696
f 695/695/695 735/735/735 745/745/745
f 745/745/745 746/746/746 696/696/696
f 627/627/627 747/747/747 717/717/717
f 747/747/747 624/624/624 717/717/717
f 624/624/624 747/747/747 625/625/625
f 747/747/747 627/627/627 625/625/625
f 748/748/748 749/749/749 711/711/711
f 750/750/750 746/746/746 745/745/745
f 713/713/713 691/691/691 727/727/727
f 751/751/751 752/752/752 753/753/753
f 720/720/720 754/754/754 721/721/721
f 629/629/629 751/751/751 753/753/753
f 755/755/755 716/716/716 707/707/707
f 705/705/705 716/716/716 736/736/736
f 634/634/634 633/633/633 756/756/756
f 757/757/757 758/758/758 759/759/759
f 639/639/639 760/760/760 683/683/683
f 707/707/707 716/716/716 705/705/705
f 761/761/761 675/675/675 674/674/674
f 761/761/761 674/674/674 762/762/762
f 648/648/648 761/761/761 762/762/762
f 752/752/752 615/615/615 614/614/614
f 707/707/707 701/701/701 755/755/755
f 763/763/763 666/666/666 615/615/615
f 748/748/748 719/719/719 749/749/749
f 752/752/752 763/763/763 615/615/615
f 615/615/615 666/666/666 616/616/616
f 649/649/649 678/678/678 764/764/764
f 735/735/735 750/750/750 745/745/745
f 739/739/739 750/750/750 735/735/735
f 765/765/765 766/766/766 652/652/652
f 674/674/674 636/636/636 767/767/767
f 767/767/767 636/636/636 670/670/670
f 684/684/684 768/768/768 769/769/769
f 684/684/684 769/769/769 679/679/679
f 770/770/770 714/714/714 716/716/716
f 771/771/771 637/637/637 772/772/772
f 755/755/755 773/773/773 770/770/770
f 755/755/755 701/701/701 773/773/773
f 668/668/668 661/661/661 774/774/774
f 775/775/775 702/702/702 726/726/726
f 737/737/737 775/775/775 726/726/726
f 776/776/776 775/775/775 737/737/737
f 776/776/776 702/702/702 775/775/775
f 648/648/648 762/762/762 649/649/649
f 734/734/734 739/739/739 735/735/735
f 730/730/730 679/679/679 769/769/769
f 730/730/730 769/769/769 768/768/768
f 777/777/777 649/649/649 764/764/764
f 650/650/650 649/649/649 777/777/777
f 778/778/778 652/652/652 651/651/651
f 765/765/765 652/652/652 778/778/778
f 689/689/689 779/779/779 780/780/780
f 780/780/780 779/779/779 781/781/781
f 780/780/780 781/781/781 768/768/768
f 689/689/689 780/780/780 768/768/768
f 691/691/691 741/741/741 740/740/740
f 758/758/758 691/691/691 740/740/740
f 627/627/627 717/717/717 719/719/719
f 624/624/624 723/723/723 717/717/717
f 679/679/679 680/680/680 684/684/684
f 689/689/689 768/768/768 684/684/684
f 697/697/697 782/782/782 647/647/647
f 643/643/643 697/697/697 647/647/647
f 782/782/782 697/697/697 783/783/783
f 784/784/784 730/730/730 768/768/768
f 744/744/744 730/730/730 784/784/784
f 618/618/618 785/785/785 786/786/786
f 772/772/772 637/637/637 715/715/715
f 771/771/771 787/787/787 635/635/635
f 635/635/635 787/787/787 670/670/670
f 691/691/691 713/713/713 741/741/741
f 716/716/716 715/715/715 788/788/788
f 716/716/716 788/788/788 736/736/736
f 770/770/770 716/716/716 755/755/755
f 708/708/708 754/754/754 720/720/720
f 710/710/710 754/754/754 708/708/708
f 720/720/720 711/711/711 708/708/708
f 737/737/737 726/726/726 705/705/705
f 789/789/789 776/776/776 737/737/737
f 710/710/710 790/790/790 754/754/754
f 790/790/790 791/791/791 754/754/754
f 759/759/759 758/758/758 792/792/792
f 759/759/759 792/792/792 743/743/743
f 792/792/792 740/740/740 743/743/743
f 758/758/758 740/740/740 792/792/792
f 713/713/713 712/712/712 793/793/793
f 713/713/713 793/793/793 741/741/741
f 629/629/629 753/753/753 630/630/630
f 720/720/720 748/748/748 711/711/711
f 722/722/722 719/719/719 748/748/748
f 732/732/732 623/623/623 734/734/734
f 633/633/633 622/622/622 695/695/695
f 722/722/722 748/748/748 720/720/720
f 624/624/624 794/794/794 723/723/723
f 686/686/686 794/794/794 626/626/626
f 794/794/794 624/624/624 626/626/626
f 753/753/753 614/614/614 630/630/630
f 639/639/639 795/795/795 760/760/760
f 795/795/795 757/757/757 760/760/760
f 758/758/758 757/757/757 795/795/795
f 758/758/758 795/795/795 639/639/639
f 692/692/692 638/638/638 641/641/641
f 692/692/692 641/641/641 656/656/656
f 656/656/656 642/642/642 681/681/681
f 642/642/642 639/639/639 681/681/681
f 641/641/641 642/642/642 656/656/656
f 786/786/786 796/796/796 797/797/797
f 786/786/786 785/785/785 796/796/796
f 687/687/687 798/798/798 688/688/688
f 626/626/626 628/628/628 799/799/799
f 626/626/626 799/799/799 687/687/687
f 687/687/687 799/799/799 798/798/798
f 799/799/799 628/628/628 798/798/798
f 771/771/771 635/635/635 637/637/637
f 753/753/753 752/752/752 614/614/614
f 619/619/619 618/618/618 800/800/800
f 619/619/619 800/800/800 680/680/680
f 800/800/800 786/786/786 680/680/680
f 618/618/618 786/786/786 800/800/800
f 685/685/685 797/797/797 801/801/801
f 685/685/685 801/801/801 689/689/689
f 680/680/680 802/802/802 685/685/685
f 802/802/802 797/797/797 685/685/685
f 802/802/802 786/786/786 797/797/797
f 680/680/680 786/786/786 802/802/802
f 794/794/794 803/803/803 723/723/723
f 804/804/804 645/645/645 646/646/646
f 805/805/805 804/804/804 646/646/646
f 794/794/794 686/686/686 803/803/803
f 648/648/648 806/806/806 761/761/761
f 806/806/806 675/675/675 761/761/761
f 674/674/674 676/676/676 637/637/637
f 737/737/737 736/736/736 807/807/807
f 737/737/737 807/807/807 789/789/789
f 754/754/754 791/791/791 808/808/808
f 754/754/754 808/808/808 721/721/721
f 722/722/722 721/721/721 809/809/809
f 722/722/722 809/809/809 627/627/627
f 810/810/810 672/672/672 677/677/677
f 703/703/703 672/672/672 810/810/810
f 630/630/630 614/614/614 724/724/724
f 724/724/724 614/614/614 673/673/673
f 724/724/724 673/673/673 704/704/704
f 731/731/731 704/704/704 703/703/703
f 631/631/631 731/731/731 703/703/703
f 631/631/631 630/630/630 731/731/731
f 739/739/739 811/811/811 750/750/750
f 676/676/676 715/715/715 637/637/637
f 697/697/697 698/698/698 783/783/783
f 811/811/811 746/746/746 750/750/750
f 675/675/675 715/715/715 676/676/676
f 787/787/787 678/678/678 670/670/670
f 787/787/787 764/764/764 678/678/678
f 691/691/691 758/758/758 639/639/639
g Interior_H644
s 1
f 812/812/812 813/813/813 814/814/814
f 815/815/815 816/816/816 817/817/817
f 817/817/817 818/818/818 815/815/815
f 814/814/814 819/819/819 812/812/812
f 820/820/820 821/821/821 822/822/822
f 822/822/822 823/823/823 820/820/820
f 824/824/824 825/825/825 826/826/826
f 826/826/826 827/827/827 824/824/824
f 828/828/828 829/829/829 830/830/830
f 830/830/830 831/831/831 828/828/828
f 832/832/832 833/833/833 834/834/834
f 834/834/834 835/835/835 832/832/832
f 836/836/836 837/837/837 838/838/838
f 836/836/836 838/838/838 839/839/839
f 840/840/840 841/841/841 842/842/842
f 843/843/843 841/841/841 844/844/844
f 841/841/841 840/840/840 844/844/844
f 842/842/842 841/841/841 845/845/845
f 846/846/846 847/847/847 848/848/848
f 846/846/846 849/849/849 847/847/847
f 850/850/850 847/847/847 849/849/849
f 850/850/850 848/848/848 847/847/847
f 851/851/851 852/852/852 853/853/853
f 853/853/853 852/852/852 854/854/854
f 854/854/854 855/855/855 853/853/853
f 853/853/853 855/855/855 851/851/851
f 856/856/856 857/857/857 858/858/858
f 858/858/858 857/857/857 859/859/859
f 850/850/850 849/849/849 860/860/860
f 860/860/860 849/849/849 861/861/861
f 862/862/862 863/863/863 864/864/864
f 862/862/862 865/865/865 863/863/863
f 866/866/866 863/863/863 865/865/865
f 866/866/866 864/864/864 863/863/863
f 867/867/867 859/859/859 868/868/868
f 868/868/868 859/859/859 857/857/857
f 866/866/866 865/865/865 869/869/869
f 869/869/869 865/865/865 870/870/870
f 871/871/871 872/872/872 873/873/873
f 874/874/874 875/875/875 872/872/872
f 840/840/840 842/842/842 876/876/876
f 877/877/877 862/862/862 864/864/864
f 877/877/877 870/870/870 862/862/862
f 862/862/862 870/870/870 865/865/865
f 878/878/878 879/879/879 836/836/836
f 878/878/878 852/852/852 879/879/879
f 880/880/880 879/879/879 852/852/852
f 880/880/880 836/836/836 879/879/879
f 881/881/881 882/882/882 883/883/883
f 883/883/883 882/882/882 884/884/884
f 885/885/885 861/861/861 886/886/886
f 886/886/886 861/861/861 846/846/846
f 887/887/887 888/888/888 889/889/889
f 890/890/890 891/891/891 892/892/892
f 889/889/889 893/893/893 894/894/894
f 890/890/890 889/889/889 894/894/894
f 893/893/893 889/889/889 888/888/888
f 891/891/891 890/890/890 894/894/894
f 895/895/895 896/896/896 897/897/897
f 896/896/896 895/895/895 898/898/898
f 899/899/899 900/900/900 901/901/901
f 900/900/900 899/899/899 902/902/902
f 899/899/899 903/903/903 904/904/904
f 903/903/903 899/899/899 901/901/901
f 896/896/896 898/898/898 905/905/905
f 897/897/897 896/896/896 906/906/906
f 907/907/907 908/908/908 909/909/909
f 909/909/909 910/910/910 907/907/907
f 901/901/901 911/911/911 912/912/912
f 913/913/913 914/914/914 915/915/915
f 912/912/912 896/896/896 901/901/901
f 915/915/915 916/916/916 913/913/913
f 917/917/917 918/918/918 919/919/919
f 919/919/919 920/920/920 917/917/917
f 921/921/921 922/922/922 923/923/923
f 923/923/923 924/924/924 921/921/921
f 924/924/924 925/925/925 926/926/926
f 926/926/926 921/921/921 924/924/924
f 927/927/927 919/919/919 918/918/918
f 928/928/928 929/929/929 930/930/930
f 918/918/918 931/931/931 927/927/927
f 928/928/928 932/932/932 933/933/933
f 934/934/934 935/935/935 936/936/936
f 936/936/936 937/937/937 934/934/934
f 938/938/938 937/937/937 936/936/936
f 939/939/939 940/940/940 941/941/941
f 939/939/939 871/871/871 942/942/942
f 943/943/943 941/941/941 872/872/872
f 871/871/871 943/943/943 872/872/872
f 943/943/943 871/871/871 939/939/939
f 941/941/941 943/943/943 939/939/939
f 944/944/944 940/940/940 939/939/939
f 942/942/942 944/944/944 939/939/939
f 936/936/936 945/945/945 938/938/938
f 936/936/936 935/935/935 945/945/945
f 946/946/946 947/947/947 948/948/948
f 948/948/948 949/949/949 946/946/946
f 950/950/950 951/951/951 952/952/952
f 950/950/950 953/953/953 951/951/951
f 954/954/954 955/955/955 956/956/956
f 957/957/957 882/882/882 881/881/881
f 878/878/878 854/854/854 852/852/852
f 956/956/956 958/958/958 954/954/954
f 959/959/959 960/960/960 961/961/961
f 961/961/961 962/962/962 959/959/959
f 963/963/963 964/964/964 965/965/965
f 965/965/965 966/966/966 963/963/963
f 880/880/880 852/852/852 851/851/851
f 967/967/967 968/968/968 969/969/969
f 969/969/969 970/970/970 967/967/967
f 846/846/846 861/861/861 849/849/849
f 971/971/971 972/972/972 973/973/973
f 973/973/973 974/974/974 971/971/971
f 975/975/975 976/976/976 977/977/977
f 978/978/978 976/976/976 975/975/975
f 975/975/975 979/979/979 978/978/978
f 977/977/977 979/979/979 975/975/975
f 980/980/980 981/981/981 953/953/953
f 982/982/982 981/981/981 980/980/980
f 980/980/980 983/983/983 982/982/982
f 953/953/953 983/983/983 980/980/980
f 984/984/984 985/985/985 986/986/986
f 987/987/987 985/985/985 984/984/984
f 984/984/984 988/988/988 987/987/987
f 986/986/986 988/988/988 984/984/984
f 989/989/989 990/990/990 991/991/991
f 991/991/991 992/992/992 989/989/989
f 993/993/993 994/994/994 995/995/995
f 995/995/995 996/996/996 993/993/993
f 997/997/997 941/941/941 998/998/998
f 872/872/872 941/941/941 997/997/997
f 997/997/997 874/874/874 872/872/872
f 998/998/998 874/874/874 997/997/997
f 999/999/999 986/986/986 1000/1000/1000
f 988/988/988 986/986/986 999/999/999
f 999/999/999 1001/1001/1001 988/988/988
f 1000/1000/1000 1001/1001/1001 999/999/999
f 983/983/983 953/953/953 950/950/950
f 950/950/950 1002/1002/1002 983/983/983
f 952/952/952 1002/1002/1002 950/950/950
f 1003/1003/1003 1004/1004/1004 1005/1005/1005
f 1006/1006/1006 1004/1004/1004 1003/1003/1003
f 1003/1003/1003 1007/1007/1007 1006/1006/1006
f 1005/1005/1005 1007/1007/1007 1003/1003/1003
f 1008/1008/1008 932/932/932 928/928/928
f 1009/1009/1009 1010/1010/1010 1011/1011/1011
f 1009/1009/1009 1011/1011/1011 1012/1012/1012
f 1013/1013/1013 1012/1012/1012 1011/1011/1011
f 1013/1013/1013 1011/1011/1011 1010/1010/1010
f 1014/1014/1014 1015/1015/1015 1016/1016/1016
f 1014/1014/1014 1016/1016/1016 1017/1017/1017
f 1018/1018/1018 1017/1017/1017 1016/1016/1016
f 1018/1018/1018 1016/1016/1016 1015/1015/1015
f 1019/1019/1019 1020/1020/1020 1021/1021/1021
f 1019/1019/1019 1021/1021/1021 1022/1022/1022
f 851/851/851 855/855/855 1023/1023/1023
f 851/851/851 1023/1023/1023 880/880/880
f 1024/1024/1024 1025/1025/1025 1026/1026/1026
f 1024/1024/1024 1026/1026/1026 1027/1027/1027
f 1006/1006/1006 1028/1028/1028 1029/1029/1029
f 1006/1006/1006 1029/1029/1029 1004/1004/1004
f 930/930/930 1008/1008/1008 928/928/928
f 1030/1030/1030 1031/1031/1031 1032/1032/1032
f 1031/1031/1031 1033/1033/1033 1032/1032/1032
f 1034/1034/1034 1033/1033/1033 1031/1031/1031
f 1034/1034/1034 1031/1031/1031 1030/1030/1030
f 1027/1027/1027 1035/1035/1035 1024/1024/1024
f 1025/1025/1025 1024/1024/1024 1036/1036/1036
f 1037/1037/1037 1038/1038/1038 1039/1039/1039
f 1040/1040/1040 1038/1038/1038 1037/1037/1037
f 1037/1037/1037 1041/1041/1041 1040/1040/1040
f 1039/1039/1039 1041/1041/1041 1037/1037/1037
f 1042/1042/1042 1034/1034/1034 1030/1030/1030
f 1043/1043/1043 1044/1044/1044 1045/1045/1045
f 1046/1046/1046 1047/1047/1047 1048/1048/1048
f 1046/1046/1046 1048/1048/1048 1049/1049/1049
f 1050/1050/1050 1049/1049/1049 1048/1048/1048
f 1050/1050/1050 1048/1048/1048 1047/1047/1047
f 1051/1051/1051 1052/1052/1052 1053/1053/1053
f 1051/1051/1051 1053/1053/1053 1054/1054/1054
f 1055/1055/1055 1054/1054/1054 1053/1053/1053
f 1055/1055/1055 1053/1053/1053 1052/1052/1052
f 1045/1045/1045 1056/1056/1056 1043/1043/1043
f 1057/1057/1057 1039/1039/1039 1038/1038/1038
f 1038/1038/1038 1058/1058/1058 1057/1057/1057
f 1059/1059/1059 1030/1030/1030 1032/1032/1032
f 1032/1032/1032 1060/1060/1060 1059/1059/1059
f 1061/1061/1061 1062/1062/1062 1063/1063/1063
f 1064/1064/1064 1065/1065/1065 1066/1066/1066
f 1066/1066/1066 1067/1067/1067 1064/1064/1064
f 1005/1005/1005 1068/1068/1068 1069/1069/1069
f 1070/1070/1070 1071/1071/1071 1072/1072/1072
f 1072/1072/1072 1073/1073/1073 1070/1070/1070
f 1074/1074/1074 1075/1075/1075 1076/1076/1076
f 1076/1076/1076 1077/1077/1077 1074/1074/1074
f 1068/1068/1068 1078/1078/1078 1069/1069/1069
f 1004/1004/1004 1068/1068/1068 1005/1005/1005
f 1079/1079/1079 1080/1080/1080 1025/1025/1025
f 1025/1025/1025 1036/1036/1036 1079/1079/1079
f 1027/1027/1027 1081/1081/1081 1035/1035/1035
f 1082/1082/1082 914/914/914 913/913/913
f 1083/1083/1083 1082/1082/1082 913/913/913
f 913/913/913 1084/1084/1084 1083/1083/1083
f 913/913/913 916/916/916 1084/1084/1084
f 916/916/916 1085/1085/1085 1084/1084/1084
f 1084/1084/1084 1085/1085/1085 1083/1083/1083
f 1086/1086/1086 929/929/929 928/928/928
f 933/933/933 1086/1086/1086 928/928/928
f 1019/1019/1019 1087/1087/1087 1020/1020/1020
f 1088/1088/1088 1089/1089/1089 1090/1090/1090
f 1090/1090/1090 1091/1091/1091 1088/1088/1088
f 1092/1092/1092 1093/1093/1093 1094/1094/1094
f 836/836/836 839/839/839 1095/1095/1095
f 836/836/836 1095/1095/1095 878/878/878
f 1096/1096/1096 1019/1019/1019 1022/1022/1022
f 1097/1097/1097 1098/1098/1098 1099/1099/1099
f 1100/1100/1100 1101/1101/1101 1102/1102/1102
f 1103/1103/1103 1102/1102/1102 1101/1101/1101
f 1104/1104/1104 1105/1105/1105 1106/1106/1106
f 1107/1107/1107 1106/1106/1106 1105/1105/1105
f 1108/1108/1108 1109/1109/1109 1110/1110/1110
f 1111/1111/1111 1110/1110/1110 1109/1109/1109
f 1112/1112/1112 1113/1113/1113 1114/1114/1114
f 1115/1115/1115 1114/1114/1114 1113/1113/1113
f 1116/1116/1116 1117/1117/1117 1118/1118/1118
f 1119/1119/1119 1118/1118/1118 1117/1117/1117
f 1120/1120/1120 1121/1121/1121 1122/1122/1122
f 1123/1123/1123 1122/1122/1122 1121/1121/1121
f 1124/1124/1124 1125/1125/1125 1126/1126/1126
f 1127/1127/1127 1126/1126/1126 1125/1125/1125
f 1128/1128/1128 1129/1129/1129 1130/1130/1130
f 1131/1131/1131 1130/1130/1130 1129/1129/1129
f 1129/1129/1129 1132/1132/1132 1131/1131/1131
f 1133/1133/1133 1131/1131/1131 1132/1132/1132
f 1134/1134/1134 1135/1135/1135 1136/1136/1136
f 1137/1137/1137 1136/1136/1136 1135/1135/1135
f 1138/1138/1138 1139/1139/1139 1140/1140/1140
f 1141/1141/1141 1140/1140/1140 1139/1139/1139
f 1142/1142/1142 1143/1143/1143 1144/1144/1144
f 1145/1145/1145 1144/1144/1144 1143/1143/1143
f 1146/1146/1146 1147/1147/1147 1148/1148/1148
f 1149/1149/1149 1148/1148/1148 1147/1147/1147
f 1150/1150/1150 1151/1151/1151 1152/1152/1152
f 1153/1153/1153 1152/1152/1152 1151/1151/1151
f 1154/1154/1154 1155/1155/1155 1156/1156/1156
f 1157/1157/1157 1156/1156/1156 1155/1155/1155
f 1143/1143/1143 1158/1158/1158 1145/1145/1145
f 1159/1159/1159 1145/1145/1145 1158/1158/1158
f 1160/1160/1160 1146/1146/1146 1161/1161/1161
f 1148/1148/1148 1161/1161/1161 1146/1146/1146
f 1113/1113/1113 1162/1162/1162 1115/1115/1115
f 1163/1163/1163 1115/1115/1115 1162/1162/1162
f 1164/1164/1164 1116/1116/1116 1165/1165/1165
f 1118/1118/1118 1165/1165/1165 1116/1116/1116
f 1166/1166/1166 1100/1100/1100 1167/1167/1167
f 1102/1102/1102 1167/1167/1167 1100/1100/1100
f 1168/1168/1168 1169/1169/1169 1170/1170/1170
f 1171/1171/1171 1170/1170/1170 1169/1169/1169
f 1172/1172/1172 1173/1173/1173 1174/1174/1174
f 1175/1175/1175 1174/1174/1174 1173/1173/1173
f 1176/1176/1176 1177/1177/1177 1178/1178/1178
f 1179/1179/1179 1178/1178/1178 1177/1177/1177
f 1180/1180/1180 1181/1181/1181 1182/1182/1182
f 1183/1183/1183 1182/1182/1182 1181/1181/1181
f 1184/1184/1184 1185/1185/1185 1186/1186/1186
f 1187/1187/1187 1186/1186/1186 1185/1185/1185
f 1188/1188/1188 1189/1189/1189 1190/1190/1190
f 1191/1191/1191 1190/1190/1190 1189/1189/1189
f 1192/1192/1192 1193/1193/1193 1194/1194/1194
f 1195/1195/1195 1194/1194/1194 1193/1193/1193
f 1196/1196/1196 1197/1197/1197 1198/1198/1198
f 1199/1199/1199 1198/1198/1198 1197/1197/1197
f 1200/1200/1200 1201/1201/1201 1202/1202/1202
f 1203/1203/1203 1202/1202/1202 1201/1201/1201
f 1204/1204/1204 1205/1205/1205 1206/1206/1206
f 1207/1207/1207 1206/1206/1206 1205/1205/1205
f 1208/1208/1208 1209/1209/1209 1210/1210/1210
f 1211/1211/1211 1210/1210/1210 1209/1209/1209
f 1212/1212/1212 1213/1213/1213 1214/1214/1214
f 1215/1215/1215 1214/1214/1214 1213/1213/1213
f 1216/1216/1216 1217/1217/1217 1218/1218/1218
f 1219/1219/1219 1218/1218/1218 1217/1217/1217
f 1220/1220/1220 1221/1221/1221 1222/1222/1222
f 1223/1223/1223 1222/1222/1222 1221/1221/1221
f 1224/1224/1224 1225/1225/1225 1226/1226/1226
f 1227/1227/1227 1226/1226/1226 1225/1225/1225
f 1228/1228/1228 1229/1229/1229 1230/1230/1230
f 1231/1231/1231 1230/1230/1230 1229/1229/1229
f 1232/1232/1232 1233/1233/1233 1234/1234/1234
f 1235/1235/1235 1234/1234/1234 1233/1233/1233
f 1236/1236/1236 1237/1237/1237 1238/1238/1238
f 1239/1239/1239 1238/1238/1238 1237/1237/1237
f 1240/1240/1240 1241/1241/1241 1242/1242/1242
f 1243/1243/1243 1242/1242/1242 1241/1241/1241
f 1244/1244/1244 1245/1245/1245 1246/1246/1246
f 1247/1247/1247 1246/1246/1246 1245/1245/1245
f 1248/1248/1248 1249/1249/1249 1250/1250/1250
f 1251/1251/1251 1250/1250/1250 1249/1249/1249
f 1252/1252/1252 1253/1253/1253 1254/1254/1254
f 1255/1255/1255 1254/1254/1254 1253/1253/1253
f 1256/1256/1256 1257/1257/1257 1258/1258/1258
f 1259/1259/1259 1258/1258/1258 1257/1257/1257
f 1260/1260/1260 1261/1261/1261 1262/1262/1262
f 1263/1263/1263 1262/1262/1262 1261/1261/1261
f 1264/1264/1264 1265/1265/1265 1266/1266/1266
f 1267/1267/1267 1266/1266/1266 1265/1265/1265
f 1264/1264/1264 1266/1266/1266 1268/1268/1268
f 1269/1269/1269 1268/1268/1268 1266/1266/1266
f 1270/1270/1270 1271/1271/1271 1272/1272/1272
f 1273/1273/1273 1272/1272/1272 1271/1271/1271
f 1274/1274/1274 1269/1269/1269 1267/1267/1267
f 1266/1266/1266 1267/1267/1267 1269/1269/1269
f 1054/1054/1054 1055/1055/1055 1275/1275/1275
f 1276/1276/1276 1275/1275/1275 1055/1055/1055
f 1277/1277/1277 1050/1050/1050 1051/1051/1051
f 1278/1278/1278 1051/1051/1051 1050/1050/1050
f 1279/1279/1279 1280/1280/1280 1281/1281/1281
f 1282/1282/1282 1281/1281/1281 1280/1280/1280
f 1283/1283/1283 1284/1284/1284 1285/1285/1285
f 1286/1286/1286 1285/1285/1285 1284/1284/1284
f 1287/1287/1287 1288/1288/1288 1289/1289/1289
f 1290/1290/1290 1289/1289/1289 1288/1288/1288
f 1291/1291/1291 1281/1281/1281 1292/1292/1292
f 1282/1282/1282 1292/1292/1292 1281/1281/1281
f 1279/1279/1279 1293/1293/1293 1280/1280/1280
f 1294/1294/1294 1280/1280/1280 1293/1293/1293
f 1015/1015/1015 1295/1295/1295 1296/1296/1296
f 1297/1297/1297 1296/1296/1296 1295/1295/1295
f 1012/1012/1012 1013/1013/1013 1298/1298/1298
f 1299/1299/1299 1298/1298/1298 1013/1013/1013
f 1300/1300/1300 1301/1301/1301 1298/1298/1298
f 1302/1302/1302 1303/1303/1303 1304/1304/1304
f 1305/1305/1305 1304/1304/1304 1303/1303/1303
f 1306/1306/1306 1307/1307/1307 1308/1308/1308
f 1309/1309/1309 1301/1301/1301 1310/1310/1310
f 1300/1300/1300 1310/1310/1310 1301/1301/1301
f 1311/1311/1311 1312/1312/1312 1313/1313/1313
f 1314/1314/1314 1315/1315/1315 1316/1316/1316
f 1317/1317/1317 1318/1318/1318 1319/1319/1319
f 1320/1320/1320 1319/1319/1319 1318/1318/1318
f 1321/1321/1321 884/884/884 882/882/882
f 1322/1322/1322 1323/1323/1323 1324/1324/1324
f 1324/1324/1324 1325/1325/1325 1322/1322/1322
f 1326/1326/1326 1327/1327/1327 1328/1328/1328
f 1328/1328/1328 1329/1329/1329 1326/1326/1326
f 1099/1099/1099 1330/1330/1330 1097/1097/1097
f 1331/1331/1331 1332/1332/1332 1333/1333/1333
f 1333/1333/1333 1334/1334/1334 1331/1331/1331
f 1335/1335/1335 1336/1336/1336 1337/1337/1337
f 1337/1337/1337 1338/1338/1338 1335/1335/1335
f 1339/1339/1339 1340/1340/1340 1341/1341/1341
f 1341/1341/1341 1342/1342/1342 1339/1339/1339
f 1343/1343/1343 1344/1344/1344 1345/1345/1345
f 1345/1345/1345 1346/1346/1346 1343/1343/1343
f 1347/1347/1347 1348/1348/1348 1349/1349/1349
f 1349/1349/1349 1350/1350/1350 1347/1347/1347
f 1351/1351/1351 1352/1352/1352 1353/1353/1353
f 1353/1353/1353 1354/1354/1354 1351/1351/1351
f 1355/1355/1355 1356/1356/1356 1357/1357/1357
f 1357/1357/1357 1358/1358/1358 1355/1355/1355
f 1359/1359/1359 1360/1360/1360 1361/1361/1361
f 1361/1361/1361 1362/1362/1362 1359/1359/1359
f 1363/1363/1363 1364/1364/1364 1365/1365/1365
f 1365/1365/1365 1366/1366/1366 1363/1363/1363
f 1367/1367/1367 1368/1368/1368 1369/1369/1369
f 1369/1369/1369 1370/1370/1370 1367/1367/1367
f 1371/1371/1371 1372/1372/1372 1373/1373/1373
f 1373/1373/1373 1374/1374/1374 1371/1371/1371
f 1375/1375/1375 1376/1376/1376 1377/1377/1377
f 1377/1377/1377 1378/1378/1378 1375/1375/1375
f 1379/1379/1379 1380/1380/1380 1381/1381/1381
f 1381/1381/1381 1382/1382/1382 1379/1379/1379
f 1383/1383/1383 1384/1384/1384 1385/1385/1385
f 1385/1385/1385 1386/1386/1386 1383/1383/1383
f 1387/1387/1387 1388/1388/1388 1389/1389/1389
f 1389/1389/1389 1390/1390/1390 1387/1387/1387
f 1391/1391/1391 1392/1392/1392 1393/1393/1393
f 1393/1393/1393 1394/1394/1394 1391/1391/1391
f 1395/1395/1395 1396/1396/1396 1397/1397/1397
f 1397/1397/1397 1398/1398/1398 1395/1395/1395
f 1399/1399/1399 1400/1400/1400 1401/1401/1401
f 1401/1401/1401 1402/1402/1402 1399/1399/1399
f 1403/1403/1403 1404/1404/1404 1405/1405/1405
f 1405/1405/1405 1406/1406/1406 1403/1403/1403
f 1407/1407/1407 1408/1408/1408 1409/1409/1409
f 1409/1409/1409 1410/1410/1410 1407/1407/1407
f 1411/1411/1411 1412/1412/1412 1413/1413/1413
f 1413/1413/1413 1414/1414/1414 1411/1411/1411
f 1415/1415/1415 1416/1416/1416 1417/1417/1417
f 1417/1417/1417 1418/1418/1418 1415/1415/1415
f 1419/1419/1419 1420/1420/1420 1421/1421/1421
f 1421/1421/1421 1422/1422/1422 1419/1419/1419
f 1423/1423/1423 1424/1424/1424 1425/1425/1425
f 1425/1425/1425 1426/1426/1426 1423/1423/1423
f 1427/1427/1427 1428/1428/1428 1429/1429/1429
f 1429/1429/1429 1430/1430/1430 1427/1427/1427
f 1431/1431/1431 1432/1432/1432 1433/1433/1433
f 1433/1433/1433 1434/1434/1434 1431/1431/1431
f 1435/1435/1435 1436/1436/1436 1437/1437/1437
f 1437/1437/1437 1438/1438/1438 1435/1435/1435
f 1439/1439/1439 1440/1440/1440 1441/1441/1441
f 1441/1441/1441 1442/1442/1442 1439/1439/1439
f 1443/1443/1443 1444/1444/1444 1445/1445/1445
f 1445/1445/1445 1446/1446/1446 1443/1443/1443
f 1447/1447/1447 1448/1448/1448 1449/1449/1449
f 1449/1449/1449 1450/1450/1450 1447/1447/1447
f 1451/1451/1451 1452/1452/1452 1453/1453/1453
f 1453/1453/1453 1454/1454/1454 1451/1451/1451
f 1455/1455/1455 1456/1456/1456 1457/1457/1457
f 1457/1457/1457 1458/1458/1458 1455/1455/1455
f 1459/1459/1459 1460/1460/1460 1461/1461/1461
f 1461/1461/1461 1462/1462/1462 1459/1459/1459
f 1463/1463/1463 1464/1464/1464 1465/1465/1465
f 1465/1465/1465 1466/1466/1466 1463/1463/1463
f 1467/1467/1467 1468/1468/1468 1469/1469/1469
f 1469/1469/1469 1470/1470/1470 1467/1467/1467
f 1471/1471/1471 1472/1472/1472 1473/1473/1473
f 1473/1473/1473 1474/1474/1474 1471/1471/1471
f 1475/1475/1475 1476/1476/1476 1477/1477/1477
f 1477/1477/1477 1478/1478/1478 1475/1475/1475
f 1479/1479/1479 1480/1480/1480 1481/1481/1481
f 1481/1481/1481 1482/1482/1482 1479/1479/1479
f 1483/1483/1483 1484/1484/1484 1485/1485/1485
f 1485/1485/1485 1486/1486/1486 1483/1483/1483
f 1487/1487/1487 1488/1488/1488 1489/1489/1489
f 1489/1489/1489 1490/1490/1490 1487/1487/1487
f 1491/1491/1491 1492/1492/1492 1493/1493/1493
f 1493/1493/1493 1494/1494/1494 1491/1491/1491
f 1495/1495/1495 1496/1496/1496 1497/1497/1497
f 1497/1497/1497 1498/1498/1498 1495/1495/1495
f 1499/1499/1499 1500/1500/1500 1501/1501/1501
f 1501/1501/1501 1502/1502/1502 1499/1499/1499
f 1503/1503/1503 1504/1504/1504 1505/1505/1505
f 1505/1505/1505 1506/1506/1506 1503/1503/1503
f 1507/1507/1507 1508/1508/1508 1509/1509/1509
f 1509/1509/1509 1510/1510/1510 1507/1507/1507
f 1511/1511/1511 1512/1512/1512 1513/1513/1513
f 1513/1513/1513 1514/1514/1514 1511/1511/1511
f 1515/1515/1515 1516/1516/1516 1517/1517/1517
f 1517/1517/1517 1518/1518/1518 1515/1515/1515
f 1519/1519/1519 1520/1520/1520 1521/1521/1521
f 1521/1521/1521 1522/1522/1522 1519/1519/1519
f 1523/1523/1523 1524/1524/1524 1525/1525/1525
f 1525/1525/1525 1526/1526/1526 1523/1523/1523
f 1527/1527/1527 1528/1528/1528 1529/1529/1529
f 1529/1529/1529 1530/1530/1530 1527/1527/1527
f 1531/1531/1531 1532/1532/1532 1528/1528/1528
f 1528/1528/1528 1527/1527/1527 1531/1531/1531
f 1533/1533/1533 1534/1534/1534 1532/1532/1532
f 1532/1532/1532 1531/1531/1531 1533/1533/1533
f 1535/1535/1535 1536/1536/1536 1534/1534/1534
f 1534/1534/1534 1533/1533/1533 1535/1535/1535
f 1537/1537/1537 1527/1527/1527 1530/1530/1530
f 1530/1530/1530 1538/1538/1538 1537/1537/1537
f 1539/1539/1539 1531/1531/1531 1527/1527/1527
f 1527/1527/1527 1537/1537/1537 1539/1539/1539
f 1540/1540/1540 1533/1533/1533 1531/1531/1531
f 1531/1531/1531 1539/1539/1539 1540/1540/1540
f 1541/1541/1541 1535/1535/1535 1533/1533/1533
f 1533/1533/1533 1540/1540/1540 1541/1541/1541
f 1542/1542/1542 1543/1543/1543 1544/1544/1544
f 1544/1544/1544 1545/1545/1545 1542/1542/1542
f 1546/1546/1546 1547/1547/1547 1543/1543/1543
f 1543/1543/1543 1542/1542/1542 1546/1546/1546
f 1548/1548/1548 1549/1549/1549 1547/1547/1547
f 1547/1547/1547 1546/1546/1546 1548/1548/1548
f 1550/1550/1550 1551/1551/1551 1549/1549/1549
f 1549/1549/1549 1548/1548/1548 1550/1550/1550
f 1552/1552/1552 1542/1542/1542 1545/1545/1545
f 1545/1545/1545 1553/1553/1553 1552/1552/1552
f 1554/1554/1554 1546/1546/1546 1542/1542/1542
f 1542/1542/1542 1552/1552/1552 1554/1554/1554
f 1555/1555/1555 1548/1548/1548 1546/1546/1546
f 1546/1546/1546 1554/1554/1554 1555/1555/1555
f 1556/1556/1556 1550/1550/1550 1548/1548/1548
f 1548/1548/1548 1555/1555/1555 1556/1556/1556
f 1557/1557/1557 1558/1558/1558 1559/1559/1559
f 1559/1559/1559 1560/1560/1560 1557/1557/1557
f 1561/1561/1561 1562/1562/1562 1558/1558/1558
f 1558/1558/1558 1557/1557/1557 1561/1561/1561
f 1563/1563/1563 1564/1564/1564 1562/1562/1562
f 1562/1562/1562 1561/1561/1561 1563/1563/1563
f 1565/1565/1565 1566/1566/1566 1564/1564/1564
f 1564/1564/1564 1563/1563/1563 1565/1565/1565
f 1567/1567/1567 1557/1557/1557 1560/1560/1560
f 1560/1560/1560 1568/1568/1568 1567/1567/1567
f 1569/1569/1569 1561/1561/1561 1557/1557/1557
f 1557/1557/1557 1567/1567/1567 1569/1569/1569
f 1570/1570/1570 1563/1563/1563 1561/1561/1561
f 1561/1561/1561 1569/1569/1569 1570/1570/1570
f 1571/1571/1571 1565/1565/1565 1563/1563/1563
f 1563/1563/1563 1570/1570/1570 1571/1571/1571
f 1572/1572/1572 1573/1573/1573 1574/1574/1574
f 1574/1574/1574 1575/1575/1575 1572/1572/1572
f 1576/1576/1576 1577/1577/1577 1573/1573/1573
f 1573/1573/1573 1572/1572/1572 1576/1576/1576
f 1578/1578/1578 1579/1579/1579 1577/1577/1577
f 1577/1577/1577 1576/1576/1576 1578/1578/1578
f 1580/1580/1580 1581/1581/1581 1579/1579/1579
f 1579/1579/1579 1578/1578/1578 1580/1580/1580
f 1582/1582/1582 1572/1572/1572 1575/1575/1575
f 1575/1575/1575 1583/1583/1583 1582/1582/1582
f 1584/1584/1584 1576/1576/1576 1572/1572/1572
f 1572/1572/1572 1582/1582/1582 1584/1584/1584
f 1585/1585/1585 1578/1578/1578 1576/1576/1576
f 1576/1576/1576 1584/1584/1584 1585/1585/1585
f 1586/1586/1586 1580/1580/1580 1578/1578/1578
f 1578/1578/1578 1585/1585/1585 1586/1586/1586
f 1587/1587/1587 1588/1588/1588 1589/1589/1589
f 1589/1589/1589 1590/1590/1590 1587/1587/1587
f 1591/1591/1591 1592/1592/1592 1588/1588/1588
f 1588/1588/1588 1587/1587/1587 1591/1591/1591
f 1593/1593/1593 1587/1587/1587 1590/1590/1590
f 1590/1590/1590 1594/1594/1594 1593/1593/1593
f 1595/1595/1595 1591/1591/1591 1587/1587/1587
f 1587/1587/1587 1593/1593/1593 1595/1595/1595
f 1596/1596/1596 1597/1597/1597 1598/1598/1598
f 1598/1598/1598 1599/1599/1599 1596/1596/1596
f 1600/1600/1600 1601/1601/1601 1597/1597/1597
f 1597/1597/1597 1596/1596/1596 1600/1600/1600
f 1602/1602/1602 1596/1596/1596 1599/1599/1599
f 1599/1599/1599 1603/1603/1603 1602/1602/1602
f 1604/1604/1604 1600/1600/1600 1596/1596/1596
f 1596/1596/1596 1602/1602/1602 1604/1604/1604
f 1605/1605/1605 1606/1606/1606 1607/1607/1607
f 1607/1607/1607 1608/1608/1608 1605/1605/1605
f 1609/1609/1609 1610/1610/1610 1611/1611/1611
f 1611/1611/1611 1612/1612/1612 1609/1609/1609
f 1613/1613/1613 1614/1614/1614 1615/1615/1615
f 1615/1615/1615 1616/1616/1616 1613/1613/1613
f 1617/1617/1617 1618/1618/1618 1619/1619/1619
f 1619/1619/1619 1620/1620/1620 1617/1617/1617
f 1621/1621/1621 1622/1622/1622 1623/1623/1623
f 1623/1623/1623 1624/1624/1624 1621/1621/1621
g Interior_H645
s 1
f 1625/1625/1625 1626/1626/1626 1627/1627/1627
f 1628/1628/1628 1629/1629/1629 1630/1630/1630
f 1631/1631/1631 1632/1632/1632 1633/1633/1633
f 1634/1634/1634 1635/1635/1635 1636/1636/1636
f 1631/1631/1631 1637/1637/1637 1632/1632/1632
f 1638/1638/1638 1639/1639/1639 1640/1640/1640
f 1641/1641/1641 1640/1640/1640 1639/1639/1639
f 1642/1642/1642 1643/1643/1643 1644/1644/1644
f 1632/1632/1632 1637/1637/1637 1645/1645/1645
f 1646/1646/1646 1644/1644/1644 1643/1643/1643
f 1633/1633/1633 1632/1632/1632 1645/1645/1645
f 1647/1647/1647 1648/1648/1648 1649/1649/1649
f 1650/1650/1650 1651/1651/1651 1640/1640/1640
f 1649/1649/1649 1648/1648/1648 1652/1652/1652
f 1652/1652/1652 1653/1653/1653 1649/1649/1649
f 1654/1654/1654 1650/1650/1650 1640/1640/1640
f 1649/1649/1649 1653/1653/1653 1647/1647/1647
f 1655/1655/1655 1656/1656/1656 1636/1636/1636
f 1647/1647/1647 1657/1657/1657 1658/1658/1658
f 1659/1659/1659 1660/1660/1660 1661/1661/1661
f 1647/1647/1647 1653/1653/1653 1657/1657/1657
f 1662/1662/1662 1663/1663/1663 1664/1664/1664
f 1658/1658/1658 1648/1648/1648 1647/1647/1647
f 1633/1633/1633 1665/1665/1665 1666/1666/1666
f 1659/1659/1659 1661/1661/1661 1667/1667/1667
f 1668/1668/1668 1659/1659/1659 1667/1667/1667
f 1669/1669/1669 1670/1670/1670 1628/1628/1628
f 1668/1668/1668 1667/1667/1667 1671/1671/1671
f 1667/1667/1667 1672/1672/1672 1671/1671/1671
f 1667/1667/1667 1661/1661/1661 1672/1672/1672
f 1673/1673/1673 1636/1636/1636 1656/1656/1656
f 1638/1638/1638 1640/1640/1640 1651/1651/1651
f 1674/1674/1674 1675/1675/1675 1676/1676/1676
f 1677/1677/1677 1678/1678/1678 1679/1679/1679
f 1680/1680/1680 1679/1679/1679 1678/1678/1678
f 1681/1681/1681 1682/1682/1682 1683/1683/1683
f 1684/1684/1684 1665/1665/1665 1633/1633/1633
f 1685/1685/1685 1686/1686/1686 1679/1679/1679
f 1687/1687/1687 1626/1626/1626 1688/1688/1688
f 1689/1689/1689 1685/1685/1685 1679/1679/1679
f 1625/1625/1625 1688/1688/1688 1626/1626/1626
f 1645/1645/1645 1684/1684/1684 1633/1633/1633
f 1690/1690/1690 1691/1691/1691 1664/1664/1664
f 1692/1692/1692 1627/1627/1627 1626/1626/1626
f 1628/1628/1628 1630/1630/1630 1669/1669/1669
f 1693/1693/1693 1629/1629/1629 1628/1628/1628
f 1694/1694/1694 1695/1695/1695 1696/1696/1696
f 1697/1697/1697 1629/1629/1629 1693/1693/1693
f 1698/1698/1698 1699/1699/1699 1700/1700/1700
f 1701/1701/1701 1662/1662/1662 1702/1702/1702
f 1703/1703/1703 1695/1695/1695 1704/1704/1704
f 1705/1705/1705 1706/1706/1706 1707/1707/1707
f 1707/1707/1707 1708/1708/1708 1705/1705/1705
f 1709/1709/1709 1710/1710/1710 1711/1711/1711
f 1711/1711/1711 1712/1712/1712 1709/1709/1709
f 1713/1713/1713 1714/1714/1714 1715/1715/1715
f 1716/1716/1716 1717/1717/1717 1718/1718/1718
f 1713/1713/1713 1715/1715/1715 1719/1719/1719
f 1700/1700/1700 1720/1720/1720 1698/1698/1698
f 1721/1721/1721 1704/1704/1704 1695/1695/1695
f 1702/1702/1702 1662/1662/1662 1664/1664/1664
f 1664/1664/1664 1691/1691/1691 1702/1702/1702
f 1702/1702/1702 1691/1691/1691 1701/1701/1701
f 1683/1683/1683 1722/1722/1722 1681/1681/1681
f 1723/1723/1723 1643/1643/1643 1724/1724/1724
f 1674/1674/1674 1676/1676/1676 1659/1659/1659
f 1713/1713/1713 1725/1725/1725 1714/1714/1714
f 1718/1718/1718 1717/1717/1717 1725/1725/1725
f 1677/1677/1677 1679/1679/1679 1686/1686/1686
f 1642/1642/1642 1724/1724/1724 1643/1643/1643
f 1662/1662/1662 1726/1726/1726 1663/1663/1663
f 1727/1727/1727 1728/1728/1728 1729/1729/1729
f 1666/1666/1666 1631/1631/1631 1633/1633/1633
f 1663/1663/1663 1726/1726/1726 1730/1730/1730
f 1659/1659/1659 1676/1676/1676 1660/1660/1660
f 1676/1676/1676 1675/1675/1675 1660/1660/1660
f 1674/1674/1674 1659/1659/1659 1668/1668/1668
f 1727/1727/1727 1729/1729/1729 1731/1731/1731
f 1668/1668/1668 1731/1731/1731 1674/1674/1674
f 1671/1671/1671 1727/1727/1727 1731/1731/1731
f 1664/1664/1664 1663/1663/1663 1730/1730/1730
f 1671/1671/1671 1732/1732/1732 1727/1727/1727
f 1727/1727/1727 1732/1732/1732 1728/1728/1728
f 1733/1733/1733 1734/1734/1734 1735/1735/1735
f 1671/1671/1671 1731/1731/1731 1668/1668/1668
f 1735/1735/1735 1736/1736/1736 1733/1733/1733
f 1655/1655/1655 1636/1636/1636 1635/1635/1635
f 1628/1628/1628 1670/1670/1670 1693/1693/1693
f 1693/1693/1693 1670/1670/1670 1697/1697/1697
f 1713/1713/1713 1699/1699/1699 1725/1725/1725
f 1699/1699/1699 1718/1718/1718 1725/1725/1725
f 1698/1698/1698 1737/1737/1737 1699/1699/1699
f 1730/1730/1730 1690/1690/1690 1664/1664/1664
f 1703/1703/1703 1696/1696/1696 1695/1695/1695
g Interior_H646
s 1
f 1738/1738/1738 1739/1739/1739 1740/1740/1740
f 1741/1741/1741 1742/1742/1742 1743/1743/1743
f 1744/1744/1744 1745/1745/1745 1746/1746/1746
f 1746/1746/1746 1745/1745/1745 1743/1743/1743
f 1743/1743/1743 1747/1747/1747 1746/1746/1746
f 1746/1746/1746 1747/1747/1747 1744/1744/1744
f 1748/1748/1748 1749/1749/1749 1750/1750/1750
f 1751/1751/1751 1748/1748/1748 1750/1750/1750
f 1749/1749/1749 1752/1752/1752 1750/1750/1750
f 1753/1753/1753 1754/1754/1754 1755/1755/1755
f 1753/1753/1753 1756/1756/1756 1754/1754/1754
f 1757/1757/1757 1758/1758/1758 1759/1759/1759
f 1760/1760/1760 1761/1761/1761 1762/1762/1762
f 1763/1763/1763 1764/1764/1764 1765/1765/1765
f 1760/1760/1760 1766/1766/1766 1761/1761/1761
f 1767/1767/1767 1768/1768/1768 1769/1769/1769
f 1767/1767/1767 1770/1770/1770 1768/1768/1768
f 1771/1771/1771 1772/1772/1772 1773/1773/1773
f 1774/1774/1774 1771/1771/1771 1773/1773/1773
f 1775/1775/1775 1776/1776/1776 1777/1777/1777
f 1778/1778/1778 1776/1776/1776 1775/1775/1775
f 1779/1779/1779 1780/1780/1780 1781/1781/1781
f 1782/1782/1782 1783/1783/1783 1784/1784/1784
f 1785/1785/1785 1764/1764/1764 1763/1763/1763
f 1763/1763/1763 1786/1786/1786 1785/1785/1785
f 1763/1763/1763 1787/1787/1787 1786/1786/1786
f 1788/1788/1788 1789/1789/1789 1790/1790/1790
f 1791/1791/1791 1766/1766/1766 1760/1760/1760
f 1760/1760/1760 1792/1792/1792 1791/1791/1791
f 1762/1762/1762 1792/1792/1792 1760/1760/1760
f 1790/1790/1790 1793/1793/1793 1788/1788/1788
f 1794/1794/1794 1756/1756/1756 1753/1753/1753
f 1753/1753/1753 1795/1795/1795 1794/1794/1794
f 1755/1755/1755 1795/1795/1795 1753/1753/1753
f 1796/1796/1796 1797/1797/1797 1798/1798/1798
f 1798/1798/1798 1799/1799/1799 1796/1796/1796
f 1800/1800/1800 1801/1801/1801 1802/1802/1802
f 1802/1802/1802 1803/1803/1803 1800/1800/1800
f 1804/1804/1804 1805/1805/1805 1806/1806/1806
f 1806/1806/1806 1807/1807/1807 1804/1804/1804
f 1740/1740/1740 1808/1808/1808 1809/1809/1809
f 1810/1810/1810 1811/1811/1811 1812/1812/1812
f 1813/1813/1813 1811/1811/1811 1810/1810/1810
f 1814/1814/1814 1815/1815/1815 1816/1816/1816
f 1814/1814/1814 1817/1817/1817 1818/1818/1818
f 1819/1819/1819 1820/1820/1820 1821/1821/1821
f 1821/1821/1821 1822/1822/1822 1819/1819/1819
f 1823/1823/1823 1824/1824/1824 1825/1825/1825
f 1826/1826/1826 1827/1827/1827 1828/1828/1828
f 1829/1829/1829 1830/1830/1830 1825/1825/1825
f 1831/1831/1831 1826/1826/1826 1828/1828/1828
f 1832/1832/1832 1833/1833/1833 1834/1834/1834
f 1835/1835/1835 1836/1836/1836 1837/1837/1837
f 1837/1837/1837 1838/1838/1838 1835/1835/1835
f 1839/1839/1839 1840/1840/1840 1841/1841/1841
f 1842/1842/1842 1843/1843/1843 1844/1844/1844
f 1845/1845/1845 1846/1846/1846 1847/1847/1847
f 1847/1847/1847 1848/1848/1848 1845/1845/1845
f 1849/1849/1849 1842/1842/1842 1844/1844/1844
f 1850/1850/1850 1851/1851/1851 1852/1852/1852
f 1852/1852/1852 1851/1851/1851 1853/1853/1853
f 1813/1813/1813 1810/1810/1810 1854/1854/1854
f 1854/1854/1854 1810/1810/1810 1855/1855/1855
f 1841/1841/1841 1856/1856/1856 1839/1839/1839
f 1850/1850/1850 1857/1857/1857 1851/1851/1851
f 1776/1776/1776 1858/1858/1858 1777/1777/1777
f 1776/1776/1776 1859/1859/1859 1858/1858/1858
f 1860/1860/1860 1861/1861/1861 1862/1862/1862
f 1863/1863/1863 1864/1864/1864 1865/1865/1865
f 1866/1866/1866 1867/1867/1867 1868/1868/1868
f 1868/1868/1868 1869/1869/1869 1866/1866/1866
f 1739/1739/1739 1870/1870/1870 1740/1740/1740
f 1871/1871/1871 1872/1872/1872 1873/1873/1873
f 1742/1742/1742 1747/1747/1747 1743/1743/1743
f 1874/1874/1874 1875/1875/1875 1876/1876/1876
f 1877/1877/1877 1878/1878/1878 1879/1879/1879
f 1879/1879/1879 1878/1878/1878 1880/1880/1880
f 1844/1844/1844 1773/1773/1773 1881/1881/1881
f 1882/1882/1882 1883/1883/1883 1881/1881/1881
f 1884/1884/1884 1875/1875/1875 1874/1874/1874
f 1880/1880/1880 1876/1876/1876 1885/1885/1885
f 1879/1879/1879 1880/1880/1880 1885/1885/1885
f 1880/1880/1880 1874/1874/1874 1876/1876/1876
f 1878/1878/1878 1874/1874/1874 1880/1880/1880
f 1886/1886/1886 1887/1887/1887 1888/1888/1888
f 1889/1889/1889 1890/1890/1890 1886/1886/1886
f 1891/1891/1891 1871/1871/1871 1873/1873/1873
f 1765/1765/1765 1892/1892/1892 1787/1787/1787
f 1890/1890/1890 1889/1889/1889 1893/1893/1893
f 1744/1744/1744 1894/1894/1894 1745/1745/1745
f 1895/1895/1895 1896/1896/1896 1897/1897/1897
f 1898/1898/1898 1876/1876/1876 1875/1875/1875
f 1899/1899/1899 1900/1900/1900 1901/1901/1901
f 1902/1902/1902 1903/1903/1903 1904/1904/1904
f 1905/1905/1905 1906/1906/1906 1907/1907/1907
f 1907/1907/1907 1906/1906/1906 1908/1908/1908
f 1908/1908/1908 1909/1909/1909 1907/1907/1907
f 1813/1813/1813 1910/1910/1910 1811/1811/1811
f 1910/1910/1910 1911/1911/1911 1912/1912/1912
f 1910/1910/1910 1913/1913/1913 1911/1911/1911
f 1907/1907/1907 1909/1909/1909 1905/1905/1905
f 1914/1914/1914 1915/1915/1915 1916/1916/1916
f 1917/1917/1917 1914/1914/1914 1916/1916/1916
f 1894/1894/1894 1918/1918/1918 1745/1745/1745
f 1905/1905/1905 1919/1919/1919 1906/1906/1906
f 1920/1920/1920 1921/1921/1921 1922/1922/1922
f 1922/1922/1922 1921/1921/1921 1923/1923/1923
f 1923/1923/1923 1924/1924/1924 1922/1922/1922
f 1922/1922/1922 1924/1924/1924 1920/1920/1920
f 1902/1902/1902 1925/1925/1925 1903/1903/1903
f 1899/1899/1899 1926/1926/1926 1900/1900/1900
f 1903/1903/1903 1925/1925/1925 1927/1927/1927
f 1904/1904/1904 1903/1903/1903 1927/1927/1927
f 1928/1928/1928 1929/1929/1929 1930/1930/1930
f 1891/1891/1891 1931/1931/1931 1871/1871/1871
f 1932/1932/1932 1886/1886/1886 1888/1888/1888
f 1933/1933/1933 1934/1934/1934 1935/1935/1935
f 1935/1935/1935 1936/1936/1936 1933/1933/1933
f 1937/1937/1937 1938/1938/1938 1939/1939/1939
f 1939/1939/1939 1940/1940/1940 1937/1937/1937
f 1941/1941/1941 1942/1942/1942 1943/1943/1943
f 1944/1944/1944 1945/1945/1945 1946/1946/1946
f 1946/1946/1946 1945/1945/1945 1947/1947/1947
f 1947/1947/1947 1948/1948/1948 1949/1949/1949
f 1948/1948/1948 1947/1947/1947 1945/1945/1945
f 1950/1950/1950 1945/1945/1945 1944/1944/1944
f 1944/1944/1944 1951/1951/1951 1950/1950/1950
f 1952/1952/1952 1953/1953/1953 1832/1832/1832
f 1882/1882/1882 1954/1954/1954 1955/1955/1955
f 1773/1773/1773 1956/1956/1956 1774/1774/1774
f 1957/1957/1957 1958/1958/1958 1959/1959/1959
f 1959/1959/1959 1960/1960/1960 1957/1957/1957
f 1961/1961/1961 1949/1949/1949 1948/1948/1948
f 1948/1948/1948 1962/1962/1962 1961/1961/1961
f 1963/1963/1963 1962/1962/1962 1964/1964/1964
f 1965/1965/1965 1966/1966/1966 1883/1883/1883
f 1967/1967/1967 1966/1966/1966 1965/1965/1965
f 1809/1809/1809 1967/1967/1967 1965/1965/1965
f 1809/1809/1809 1965/1965/1965 1883/1883/1883
f 1961/1961/1961 1962/1962/1962 1963/1963/1963
f 1950/1950/1950 1964/1964/1964 1962/1962/1962
f 1964/1964/1964 1950/1950/1950 1951/1951/1951
f 1870/1870/1870 1968/1968/1968 1740/1740/1740
f 1740/1740/1740 1809/1809/1809 1883/1883/1883
f 1889/1889/1889 1886/1886/1886 1932/1932/1932
f 1969/1969/1969 1876/1876/1876 1898/1898/1898
f 1930/1930/1930 1970/1970/1970 1928/1928/1928
f 1971/1971/1971 1972/1972/1972 1973/1973/1973
f 1947/1947/1947 1963/1963/1963 1964/1964/1964
f 1964/1964/1964 1946/1946/1946 1947/1947/1947
f 1974/1974/1974 1971/1971/1971 1973/1973/1973
f 1757/1757/1757 1975/1975/1975 1976/1976/1976
f 1925/1925/1925 1757/1757/1757 1976/1976/1976
f 1975/1975/1975 1757/1757/1757 1759/1759/1759
f 1904/1904/1904 1927/1927/1927 1977/1977/1977
f 1927/1927/1927 1976/1976/1976 1977/1977/1977
f 1925/1925/1925 1976/1976/1976 1927/1927/1927
f 1857/1857/1857 1978/1978/1978 1979/1979/1979
f 1857/1857/1857 1979/1979/1979 1851/1851/1851
f 1979/1979/1979 1980/1980/1980 1851/1851/1851
f 1978/1978/1978 1980/1980/1980 1979/1979/1979
f 1832/1832/1832 1834/1834/1834 1952/1952/1952
f 1920/1920/1920 1981/1981/1981 1921/1921/1921
f 1808/1808/1808 1982/1982/1982 1809/1809/1809
f 1808/1808/1808 1983/1983/1983 1982/1982/1982
f 1983/1983/1983 1967/1967/1967 1982/1982/1982
f 1982/1982/1982 1967/1967/1967 1809/1809/1809
f 1968/1968/1968 1808/1808/1808 1740/1740/1740
f 1968/1968/1968 1983/1983/1983 1808/1808/1808
f 1810/1810/1810 1812/1812/1812 1855/1855/1855
f 1984/1984/1984 1985/1985/1985 1986/1986/1986
f 1987/1987/1987 1781/1781/1781 1988/1988/1988
f 1987/1987/1987 1779/1779/1779 1781/1781/1781
f 1989/1989/1989 1779/1779/1779 1987/1987/1987
f 1990/1990/1990 1991/1991/1991 1783/1783/1783
f 1992/1992/1992 1990/1990/1990 1782/1782/1782
f 1990/1990/1990 1783/1783/1783 1782/1782/1782
f 1993/1993/1993 1994/1994/1994 1853/1853/1853
f 1986/1986/1986 1995/1995/1995 1984/1984/1984
f 1996/1996/1996 1997/1997/1997 1998/1998/1998
f 1999/1999/1999 2000/2000/2000 2001/2001/2001
f 2001/2001/2001 2000/2000/2000 2002/2002/2002
f 1993/1993/1993 2003/2003/2003 1994/1994/1994
f 2002/2002/2002 2004/2004/2004 2005/2005/2005
f 2004/2004/2004 2002/2002/2002 2000/2000/2000
f 2006/2006/2006 2000/2000/2000 1999/1999/1999
f 2007/2007/2007 2008/2008/2008 2009/2009/2009
f 1999/1999/1999 2010/2010/2010 2006/2006/2006
f 2011/2011/2011 2012/2012/2012 2013/2013/2013
f 2014/2014/2014 2007/2007/2007 2009/2009/2009
f 2015/2015/2015 2016/2016/2016 2017/2017/2017
f 2017/2017/2017 2016/2016/2016 2018/2018/2018
f 2019/2019/2019 2020/2020/2020 1913/1913/1913
f 2013/2013/2013 2021/2021/2021 2011/2011/2011
f 2018/2018/2018 2022/2022/2022 2017/2017/2017
f 2023/2023/2023 2024/2024/2024 2025/2025/2025
f 2025/2025/2025 2026/2026/2026 2023/2023/2023
f 2017/2017/2017 2022/2022/2022 2015/2015/2015
f 2027/2027/2027 2028/2028/2028 2029/2029/2029
f 2030/2030/2030 2031/2031/2031 2032/2032/2032
f 2029/2029/2029 2033/2033/2033 2027/2027/2027
f 2030/2030/2030 1784/1784/1784 2031/2031/2031
f 2015/2015/2015 2034/2034/2034 2035/2035/2035
f 2015/2015/2015 2022/2022/2022 2034/2034/2034
f 2036/2036/2036 2037/2037/2037 2016/2016/2016
f 2015/2015/2015 2036/2036/2036 2016/2016/2016
f 2009/2009/2009 2038/2038/2038 2014/2014/2014
f 2035/2035/2035 2036/2036/2036 2015/2015/2015
f 2009/2009/2009 2008/2008/2008 2039/2039/2039
f 2035/2035/2035 2037/2037/2037 2036/2036/2036
f 2040/2040/2040 1831/1831/1831 2041/2041/2041
f 2042/2042/2042 2040/2040/2040 2041/2041/2041
f 2043/2043/2043 2005/2005/2005 2004/2004/2004
f 1745/1745/1745 1918/1918/1918 1741/1741/1741
f 1743/1743/1743 1745/1745/1745 1741/1741/1741
f 1765/1765/1765 1787/1787/1787 1763/1763/1763
f 2004/2004/2004 2044/2044/2044 2043/2043/2043
f 1782/1782/1782 1784/1784/1784 2030/2030/2030
f 2045/2045/2045 2044/2044/2044 2046/2046/2046
f 1831/1831/1831 1828/1828/1828 2047/2047/2047
f 1992/1992/1992 2030/2030/2030 2032/2032/2032
f 1828/1828/1828 1827/1827/1827 1884/1884/1884
f 1767/1767/1767 2048/2048/2048 2049/2049/2049
f 1992/1992/1992 1782/1782/1782 2030/2030/2030
f 2050/2050/2050 2051/2051/2051 2052/2052/2052
f 2050/2050/2050 1779/1779/1779 2051/2051/2051
f 2043/2043/2043 2044/2044/2044 2045/2045/2045
f 2006/2006/2006 2046/2046/2046 2044/2044/2044
f 2046/2046/2046 2006/2006/2006 2010/2010/2010
f 1767/1767/1767 2049/2049/2049 1765/1765/1765
f 1779/1779/1779 1989/1989/1989 2051/2051/2051
f 2053/2053/2053 1859/1859/1859 1776/1776/1776
f 1778/1778/1778 2053/2053/2053 1776/1776/1776
f 2020/2020/2020 2053/2053/2053 1778/1778/1778
f 2020/2020/2020 1859/1859/1859 2053/2053/2053
f 2051/2051/2051 1989/1989/1989 2052/2052/2052
f 2054/2054/2054 1817/1817/1817 1814/1814/1814
f 1913/1913/1913 2020/2020/2020 2055/2055/2055
f 2055/2055/2055 2020/2020/2020 1778/1778/1778
f 1816/1816/1816 2054/2054/2054 1814/1814/1814
f 1780/1780/1780 1779/1779/1779 2050/2050/2050
f 1765/1765/1765 2049/2049/2049 1892/1892/1892
f 2049/2049/2049 2048/2048/2048 1892/1892/1892
f 1757/1757/1757 1925/1925/1925 1758/1758/1758
f 1758/1758/1758 1925/1925/1925 2056/2056/2056
f 2057/2057/2057 2038/2038/2038 2009/2009/2009
f 2039/2039/2039 2057/2057/2057 2009/2009/2009
f 2058/2058/2058 1991/1991/1991 1990/1990/1990
f 1992/1992/1992 2058/2058/2058 1990/1990/1990
f 1825/1825/1825 2059/2059/2059 1823/1823/1823
f 1825/1825/1825 1830/1830/1830 2059/2059/2059
f 1989/1989/1989 1987/1987/1987 2060/2060/2060
f 2060/2060/2060 1987/1987/1987 1988/1988/1988
f 2061/2061/2061 2062/2062/2062 1824/1824/1824
f 2061/2061/2061 2063/2063/2063 2062/2062/2062
f 2046/2046/2046 2001/2001/2001 2002/2002/2002
f 1862/1862/1862 2064/2064/2064 1860/1860/1860
f 2065/2065/2065 2066/2066/2066 2067/2067/2067
f 2047/2047/2047 2068/2068/2068 2069/2069/2069
f 2047/2047/2047 2069/2069/2069 1831/1831/1831
f 1825/1825/1825 2070/2070/2070 1829/1829/1829
f 2071/2071/2071 2069/2069/2069 2068/2068/2068
f 1825/1825/1825 1824/1824/1824 2070/2070/2070
f 1759/1759/1759 1758/1758/1758 2056/2056/2056
f 1738/1738/1738 1740/1740/1740 1883/1883/1883
f 2072/2072/2072 1815/1815/1815 1814/1814/1814
f 1818/1818/1818 2072/2072/2072 1814/1814/1814
f 1813/1813/1813 2073/2073/2073 1910/1910/1910
f 2073/2073/2073 1913/1913/1913 1910/1910/1910
f 2073/2073/2073 2019/2019/2019 1913/1913/1913
f 2002/2002/2002 2045/2045/2045 2046/2046/2046
f 1877/1877/1877 1874/1874/1874 1878/1878/1878
f 1759/1759/1759 2056/2056/2056 2074/2074/2074
f 1871/1871/1871 2075/2075/2075 1879/1879/1879
f 1931/1931/1931 2071/2071/2071 2068/2068/2068
f 1925/1925/1925 2061/2061/2061 2056/2056/2056
f 2068/2068/2068 1877/1877/1877 2075/2075/2075
f 2075/2075/2075 1877/1877/1877 1879/1879/1879
f 2056/2056/2056 2061/2061/2061 2074/2074/2074
f 2063/2063/2063 1902/1902/1902 1904/1904/1904
f 1902/1902/1902 2063/2063/2063 2061/2061/2061
f 1925/1925/1925 1902/1902/1902 2061/2061/2061
f 2076/2076/2076 1859/1859/1859 2020/2020/2020
f 1980/1980/1980 2077/2077/2077 1851/1851/1851
f 2019/2019/2019 2076/2076/2076 2020/2020/2020
f 2078/2078/2078 2079/2079/2079 2080/2080/2080
f 2080/2080/2080 2081/2081/2081 2078/2078/2078
f 2082/2082/2082 2083/2083/2083 2084/2084/2084
f 1896/1896/1896 1899/1899/1899 2085/2085/2085
f 2086/2086/2086 2087/2087/2087 2088/2088/2088
f 2085/2085/2085 1899/1899/1899 1901/1901/1901
f 2088/2088/2088 2089/2089/2089 2086/2086/2086
f 2084/2084/2084 2090/2090/2090 2082/2082/2082
f 1916/1916/1916 2091/2091/2091 1917/1917/1917
f 1765/1765/1765 1770/1770/1770 1767/1767/1767
f 1769/1769/1769 2048/2048/2048 1767/1767/1767
f 1764/1764/1764 2092/2092/2092 1770/1770/1770
f 2093/2093/2093 1954/1954/1954 1882/1882/1882
f 1772/1772/1772 1954/1954/1954 2093/2093/2093
f 1772/1772/1772 2093/2093/2093 1773/1773/1773
f 1765/1765/1765 1764/1764/1764 1770/1770/1770
f 2042/2042/2042 2041/2041/2041 2071/2071/2071
f 1785/1785/1785 2092/2092/2092 1764/1764/1764
f 2094/2094/2094 2095/2095/2095 2096/2096/2096
f 2041/2041/2041 1831/1831/1831 2069/2069/2069
f 2096/2096/2096 2097/2097/2097 2094/2094/2094
f 2098/2098/2098 2099/2099/2099 2100/2100/2100
f 2071/2071/2071 2041/2041/2041 2069/2069/2069
f 1967/1967/1967 1844/1844/1844 1966/1966/1966
f 2101/2101/2101 1875/1875/1875 1884/1884/1884
f 1881/1881/1881 1883/1883/1883 1966/1966/1966
f 1881/1881/1881 1966/1966/1966 1844/1844/1844
f 2102/2102/2102 1844/1844/1844 1967/1967/1967
f 1849/1849/1849 1844/1844/1844 2102/2102/2102
f 1827/1827/1827 2101/2101/2101 1884/1884/1884
f 1983/1983/1983 2102/2102/2102 1967/1967/1967
f 2100/2100/2100 2103/2103/2103 2098/2098/2098
f 2104/2104/2104 2105/2105/2105 2082/2082/2082
f 2106/2106/2106 2107/2107/2107 2108/2108/2108
f 1865/1865/1865 2109/2109/2109 1863/1863/1863
f 1871/1871/1871 1879/1879/1879 1872/1872/1872
f 2042/2042/2042 2110/2110/2110 1891/1891/1891
f 2108/2108/2108 2111/2111/2111 2106/2106/2106
f 2042/2042/2042 2071/2071/2071 2110/2110/2110
f 2110/2110/2110 2071/2071/2071 1931/1931/1931
f 2112/2112/2112 2113/2113/2113 2114/2114/2114
f 2114/2114/2114 2115/2115/2115 2112/2112/2112
f 2116/2116/2116 2117/2117/2117 2118/2118/2118
f 1931/1931/1931 2119/2119/2119 1871/1871/1871
f 1931/1931/1931 2068/2068/2068 2119/2119/2119
f 2119/2119/2119 2068/2068/2068 2075/2075/2075
f 1871/1871/1871 2119/2119/2119 2075/2075/2075
f 2118/2118/2118 2120/2120/2120 2116/2116/2116
f 1881/1881/1881 1773/1773/1773 2121/2121/2121
f 1881/1881/1881 2121/2121/2121 1882/1882/1882
f 2121/2121/2121 2093/2093/2093 1882/1882/1882
f 1891/1891/1891 2110/2110/2110 1931/1931/1931
f 2122/2122/2122 1895/1895/1895 2123/2123/2123
f 2123/2123/2123 1895/1895/1895 1897/1897/1897
f 1897/1897/1897 2124/2124/2124 2123/2123/2123
f 2123/2123/2123 2124/2124/2124 2122/2122/2122
f 1773/1773/1773 2093/2093/2093 2121/2121/2121
f 1813/1813/1813 2125/2125/2125 2073/2073/2073
f 2125/2125/2125 2019/2019/2019 2073/2073/2073
f 1983/1983/1983 2126/2126/2126 2102/2102/2102
f 2126/2126/2126 1849/1849/1849 2102/2102/2102
f 2067/2067/2067 2127/2127/2127 2065/2065/2065
f 2128/2128/2128 2129/2129/2129 2130/2130/2130
f 2130/2130/2130 2131/2131/2131 2128/2128/2128
f 2132/2132/2132 2133/2133/2133 2134/2134/2134
f 2134/2134/2134 2135/2135/2135 2132/2132/2132
f 2136/2136/2136 2137/2137/2137 2138/2138/2138
f 2138/2138/2138 2139/2139/2139 2136/2136/2136
f 1851/1851/1851 1993/1993/1993 1853/1853/1853
f 1851/1851/1851 2077/2077/2077 1993/1993/1993
f 2077/2077/2077 2003/2003/2003 1993/1993/1993
f 2140/2140/2140 2141/2141/2141 2142/2142/2142
f 1828/1828/1828 1884/1884/1884 2143/2143/2143
f 1828/1828/1828 2143/2143/2143 2047/2047/2047
f 2142/2142/2142 2144/2144/2144 2140/2140/2140
f 2074/2074/2074 2061/2061/2061 1824/1824/1824
f 2134/2134/2134 2145/2145/2145 2146/2146/2146
f 2147/2147/2147 2148/2148/2148 2149/2149/2149
f 2149/2149/2149 2150/2150/2150 2147/2147/2147
f 2082/2082/2082 2090/2090/2090 2104/2104/2104
f 2146/2146/2146 2135/2135/2135 2134/2134/2134
f 1973/1973/1973 2151/2151/2151 1974/1974/1974
f 2152/2152/2152 2153/2153/2153 2154/2154/2154
f 2154/2154/2154 2155/2155/2155 2152/2152/2152
g Interior_H647
s 1
f 2156/2156/2156 2157/2157/2157 2158/2158/2158
f 2159/2159/2159 2160/2160/2160 2161/2161/2161
f 2162/2162/2162 2163/2163/2163 2164/2164/2164
f 2165/2165/2165 2166/2166/2166 2167/2167/2167
f 2168/2168/2168 2162/2162/2162 2164/2164/2164
f 2169/2169/2169 2170/2170/2170 2171/2171/2171
f 2172/2172/2172 2173/2173/2173 2157/2157/2157
f 2165/2165/2165 2167/2167/2167 2174/2174/2174
f 2175/2175/2175 2173/2173/2173 2172/2172/2172
f 2176/2176/2176 2177/2177/2177 2178/2178/2178
f 2179/2179/2179 2180/2180/2180 2181/2181/2181
f 2169/2169/2169 2182/2182/2182 2170/2170/2170
f 2183/2183/2183 2160/2160/2160 2159/2159/2159
f 2170/2170/2170 2182/2182/2182 2184/2184/2184
f 2174/2174/2174 2185/2185/2185 2186/2186/2186
f 2187/2187/2187 2188/2188/2188 2189/2189/2189
f 2190/2190/2190 2171/2171/2171 2191/2191/2191
f 2190/2190/2190 2192/2192/2192 2193/2193/2193
f 2192/2192/2192 2194/2194/2194 2193/2193/2193
f 2181/2181/2181 2195/2195/2195 2196/2196/2196
f 2178/2178/2178 2174/2174/2174 2186/2186/2186
f 2178/2178/2178 2186/2186/2186 2197/2197/2197
f 2187/2187/2187 2189/2189/2189 2198/2198/2198
f 2199/2199/2199 2159/2159/2159 2161/2161/2161
f 2200/2200/2200 2201/2201/2201 2202/2202/2202
f 2172/2172/2172 2203/2203/2203 2204/2204/2204
f 2205/2205/2205 2181/2181/2181 2196/2196/2196
f 2158/2158/2158 2206/2206/2206 2176/2176/2176
f 2202/2202/2202 2207/2207/2207 2200/2200/2200
f 2174/2174/2174 2167/2167/2167 2185/2185/2185
f 2200/2200/2200 2207/2207/2207 2208/2208/2208
f 2209/2209/2209 2210/2210/2210 2211/2211/2211
f 2212/2212/2212 2165/2165/2165 2174/2174/2174
f 2172/2172/2172 2157/2157/2157 2203/2203/2203
f 2213/2213/2213 2214/2214/2214 2215/2215/2215
f 2199/2199/2199 2210/2210/2210 2209/2209/2209
f 2209/2209/2209 2183/2183/2183 2199/2199/2199
f 2171/2171/2171 2170/2170/2170 2184/2184/2184
f 2211/2211/2211 2183/2183/2183 2209/2209/2209
f 2161/2161/2161 2216/2216/2216 2199/2199/2199
f 2173/2173/2173 2217/2217/2217 2212/2212/2212
f 2216/2216/2216 2210/2210/2210 2199/2199/2199
f 2166/2166/2166 2218/2218/2218 2167/2167/2167
f 2182/2182/2182 2219/2219/2219 2220/2220/2220
f 2166/2166/2166 2217/2217/2217 2218/2218/2218
f 2212/2212/2212 2217/2217/2217 2166/2166/2166
f 2215/2215/2215 2214/2214/2214 2221/2221/2221
f 2207/2207/2207 2215/2215/2215 2221/2221/2221
f 2207/2207/2207 2213/2213/2213 2215/2215/2215
f 2220/2220/2220 2219/2219/2219 2222/2222/2222
f 2223/2223/2223 2224/2224/2224 2225/2225/2225
f 2223/2223/2223 2221/2221/2221 2224/2224/2224
f 2221/2221/2221 2226/2226/2226 2224/2224/2224
f 2227/2227/2227 2158/2158/2158 2176/2176/2176
f 2180/2180/2180 2175/2175/2175 2195/2195/2195
f 2196/2196/2196 2195/2195/2195 2187/2187/2187
f 2195/2195/2195 2175/2175/2175 2187/2187/2187
f 2224/2224/2224 2226/2226/2226 2225/2225/2225
f 2228/2228/2228 2229/2229/2229 2230/2230/2230
f 2228/2228/2228 2231/2231/2231 2232/2232/2232
f 2157/2157/2157 2233/2233/2233 2158/2158/2158
f 2180/2180/2180 2195/2195/2195 2181/2181/2181
f 2191/2191/2191 2234/2234/2234 2231/2231/2231
f 2171/2171/2171 2234/2234/2234 2191/2191/2191
f 2220/2220/2220 2222/2222/2222 2184/2184/2184
f 2182/2182/2182 2220/2220/2220 2184/2184/2184
f 2234/2234/2234 2222/2222/2222 2235/2235/2235
f 2236/2236/2236 2194/2194/2194 2192/2192/2192
f 2190/2190/2190 2236/2236/2236 2192/2192/2192
f 2222/2222/2222 2237/2237/2237 2238/2238/2238
f 2239/2239/2239 2157/2157/2157 2156/2156/2156
f 2199/2199/2199 2183/2183/2183 2159/2159/2159
f 2208/2208/2208 2201/2201/2201 2200/2200/2200
f 2193/2193/2193 2171/2171/2171 2190/2190/2190
f 2191/2191/2191 2236/2236/2236 2190/2190/2190
f 2184/2184/2184 2222/2222/2222 2234/2234/2234
f 2171/2171/2171 2184/2184/2184 2234/2234/2234
f 2240/2240/2240 2235/2235/2235 2232/2232/2232
f 2203/2203/2203 2239/2239/2239 2204/2204/2204
f 2208/2208/2208 2221/2221/2221 2223/2223/2223
f 2230/2230/2230 2229/2229/2229 2208/2208/2208
f 2241/2241/2241 2187/2187/2187 2198/2198/2198
f 2196/2196/2196 2187/2187/2187 2241/2241/2241
f 2156/2156/2156 2158/2158/2158 2227/2227/2227
f 2202/2202/2202 2213/2213/2213 2207/2207/2207
f 2207/2207/2207 2221/2221/2221 2208/2208/2208
f 2175/2175/2175 2242/2242/2242 2187/2187/2187
f 2242/2242/2242 2188/2188/2188 2187/2187/2187
f 2213/2213/2213 2243/2243/2243 2214/2214/2214
f 2175/2175/2175 2172/2172/2172 2242/2242/2242
f 2217/2217/2217 2163/2163/2163 2218/2218/2218
f 2228/2228/2228 2232/2232/2232 2229/2229/2229
f 2208/2208/2208 2229/2229/2229 2201/2201/2201
f 2229/2229/2229 2232/2232/2232 2201/2201/2201
f 2228/2228/2228 2225/2225/2225 2236/2236/2236
f 2206/2206/2206 2212/2212/2212 2174/2174/2174
f 2158/2158/2158 2212/2212/2212 2206/2206/2206
f 2157/2157/2157 2173/2173/2173 2233/2233/2233
f 2221/2221/2221 2214/2214/2214 2226/2226/2226
f 2214/2214/2214 2243/2243/2243 2226/2226/2226
f 2175/2175/2175 2244/2244/2244 2173/2173/2173
f 2208/2208/2208 2223/2223/2223 2230/2230/2230
f 2205/2205/2205 2179/2179/2179 2181/2181/2181
f 2230/2230/2230 2223/2223/2223 2228/2228/2228
f 2186/2186/2186 2185/2185/2185 2197/2197/2197
f 2164/2164/2164 2179/2179/2179 2205/2205/2205
f 2173/2173/2173 2244/2244/2244 2217/2217/2217
f 2239/2239/2239 2156/2156/2156 2227/2227/2227
f 2219/2219/2219 2237/2237/2237 2222/2222/2222
f 2203/2203/2203 2157/2157/2157 2239/2239/2239
f 2244/2244/2244 2163/2163/2163 2217/2217/2217
f 2180/2180/2180 2163/2163/2163 2245/2245/2245
f 2193/2193/2193 2169/2169/2169 2171/2171/2171
f 2236/2236/2236 2225/2225/2225 2194/2194/2194
f 2228/2228/2228 2236/2236/2236 2246/2246/2246
f 2233/2233/2233 2173/2173/2173 2212/2212/2212
f 2158/2158/2158 2233/2233/2233 2212/2212/2212
f 2246/2246/2246 2236/2236/2236 2191/2191/2191
f 2172/2172/2172 2204/2204/2204 2247/2247/2247
f 2164/2164/2164 2180/2180/2180 2179/2179/2179
f 2247/2247/2247 2204/2204/2204 2188/2188/2188
f 2180/2180/2180 2245/2245/2245 2175/2175/2175
f 2176/2176/2176 2206/2206/2206 2177/2177/2177
f 2191/2191/2191 2231/2231/2231 2246/2246/2246
f 2246/2246/2246 2231/2231/2231 2228/2228/2228
f 2242/2242/2242 2247/2247/2247 2188/2188/2188
f 2231/2231/2231 2240/2240/2240 2232/2232/2232
f 2231/2231/2231 2234/2234/2234 2240/2240/2240
f 2177/2177/2177 2206/2206/2206 2174/2174/2174
f 2242/2242/2242 2172/2172/2172 2247/2247/2247
f 2175/2175/2175 2245/2245/2245 2244/2244/2244
f 2245/2245/2245 2163/2163/2163 2244/2244/2244
f 2177/2177/2177 2174/2174/2174 2178/2178/2178
f 2234/2234/2234 2235/2235/2235 2240/2240/2240
f 2222/2222/2222 2238/2238/2238 2235/2235/2235
f 2164/2164/2164 2163/2163/2163 2180/2180/2180
f 2168/2168/2168 2164/2164/2164 2205/2205/2205
f 2212/2212/2212 2166/2166/2166 2165/2165/2165
f 2228/2228/2228 2223/2223/2223 2225/2225/2225
g Interior_H648
s 1
f 2248/2248/2248 2249/2249/2249 2250/2250/2250
f 2251/2251/2251 2252/2252/2252 2253/2253/2253
f 2254/2254/2254 2255/2255/2255 2256/2256/2256
f 2256/2256/2256 2257/2257/2257 2254/2254/2254
f 2250/2250/2250 2258/2258/2258 2248/2248/2248
f 2259/2259/2259 2260/2260/2260 2261/2261/2261
f 2261/2261/2261 2262/2262/2262 2259/2259/2259
f 2253/2253/2253 2263/2263/2263 2251/2251/2251
