ModelFile;PositionX;PositionY;PositionZ;RotationX;RotationY;RotationZ;RotationW;ScaleFactor;ModelId;Type;FileDataID;DoodadSetIndexes;DoodadSetNames
..\..\world\expansion02\doodads\zuldrak\decorations\zuldrak_bats_lower_01.m2;16572.15625;308.3282165527344;19467.39453125;6.3288397789001465;337.756591796875;7.3117356300354;;2.259765625;66446955;m2;196677;0;
..\..\world\azeroth\deadwindpass\passivedoodads\trees\deadwindpassmidtree02.m2;16393.5703125;91.47380065917969;19759.34765625;6.356744289398193;214.9468231201172;-13.106405258178711;;2.7509765625;65972590;m2;189337;0;
..\..\world\azeroth\duskwood\passivedoodads\trees\duskwoodspookytree01.m2;16227.7861328125;78.33769989013672;19773.919921875;3.3719727993011475;139.86538696289062;-8.063386917114258;;1.009765625;66445657;m2;189547;0;
..\..\world\critter\bats\bats_01.m2;16008.525390625;160.38278198242188;19459.376953125;-8.024613380432129;332.114990234375;18.772817611694336;;1.4599609375;66447015;m2;346999;0;
..\..\world\azeroth\duskwood\passivedoodads\trees\duskwoodspookytree01.m2;16419.966796875;105.04205322265625;19759.8046875;11.803135871887207;5.36846923828125;-1.2833807468414307;;1.08984375;66624132;m2;189547;0;
..\..\world\kalimdor\mulgore\passivedoodads\thorns\mullgorethorn04.m2;16037.9453125;116.1485595703125;19217.99609375;-30.96807861328125;79.43368530273438;23.224220275878906;;1;66814783;m2;202308;0;
..\..\world\kalimdor\mulgore\passivedoodads\thorns\mullgorethorn04.m2;16508.73828125;174.39389038085938;19539.724609375;-11.784555435180664;323.8679504394531;19.47772216796875;;1;66592318;m2;202308;0;
..\..\world\kalimdor\mulgore\passivedoodads\thorns\mullgorethorn04.m2;16384.6875;176.0612335205078;19244.03125;-20.2462158203125;105.6024169921875;14.082711219787598;;1;66446993;m2;202308;0;
..\..\world\kalimdor\mulgore\passivedoodads\thorns\mullgorethorn01.m2;16011.9677734375;123.09290313720703;19266.30078125;-10.720669746398926;27.26324462890625;-37.61348342895508;;0.919921875;66814741;m2;202305;0;
..\..\world\kalimdor\mulgore\passivedoodads\thorns\mullgorethorn04.m2;16285.568359375;179.8448944091797;19216.37890625;14.848969459533691;150.55740356445312;2.9579081535339355;;1;66814714;m2;202308;0;
..\..\world\azeroth\deadwindpass\passivedoodads\trees\deadwindpassmidtree01.m2;16406.62109375;99.9152603149414;19738.53515625;21.34891700744629;286.09881591796875;23.6801815032959;;2.029296875;66803916;m2;189336;0;
..\..\world\azeroth\deadwindpass\passivedoodads\trees\deadwindpassmidtree01.m2;16267.3935546875;76.6784896850586;19670.97265625;10.957320213317871;324.34637451171875;15.688915252685547;;1.9296875;65972607;m2;189336;0;
..\..\world\kalimdor\mulgore\passivedoodads\thorns\mullgorethorn04.m2;16388.892578125;153.66163635253906;19316.44140625;-16.000001907348633;359.5;9.999994277954102;;0.9697265625;66592314;m2;202308;0;
..\..\world\azeroth\deadwindpass\passivedoodads\trees\deadwindpassmidtree02.m2;16200.9521484375;90.09124755859375;19661.8515625;1.6670948266983032;39.5816650390625;6.56581974029541;;1.7314453125;66406263;m2;189337;0;
..\..\world\kalimdor\dustwallow\passivedoodads\trees\dustwallowtree04.m2;16137.4921875;83.47723388671875;19703.48046875;0;39.000030517578125;0;;1.30859375;72287829;m2;201829;0;
..\..\world\azeroth\deadwindpass\passivedoodads\trees\deadwindpassmidtree02.m2;16174.837890625;112.32656860351562;19259.794921875;4.013674259185791;133.06890869140625;4.114768028259277;;1.6513671875;65972587;m2;189337;0;
..\..\world\azeroth\deadwindpass\passivedoodads\trees\deadwindpassmidtree02.m2;16335.6416015625;134.6974334716797;19590.306640625;-3.195014238357544;239.33682250976562;-24.35211944580078;;1.5009765625;65972592;m2;189337;0;
..\..\world\azeroth\deadwindpass\passivedoodads\trees\deadwindpassmidtree02.m2;16303.3046875;147.63787841796875;19331.822265625;-9.515044212341309;354.998291015625;9.857596397399902;;1.9814453125;65972584;m2;189337;0;
..\..\world\kalimdor\desolace\passivedoodads\kodogravebones\kodograve08.m2;16244.2646484375;112.7364273071289;19548.2578125;-42.37913513183594;319.0881042480469;-24.3855037689209;;5.029296875;65972598;m2;201600;0;
..\..\world\kalimdor\mulgore\passivedoodads\thorns\mullgorethorn04.m2;16352.7529296875;169.68045043945312;19321.70703125;-2.987393617630005;318.0687561035156;-3.0963850021362305;;1;66733198;m2;202308;0;
..\..\world\kalimdor\mulgore\passivedoodads\thorns\mullgorethorn03.m2;16407.474609375;158.2933807373047;19424.685546875;-0.020547769963741302;111.00570678710938;26.508525848388672;;1.4697265625;66733217;m2;202307;0;
..\..\world\kalimdor\mulgore\passivedoodads\thorns\mullgorethorn03.m2;16005.263671875;101.91217041015625;19316.005859375;-0.02054520882666111;75.50579833984375;26.508544921875;;1.4697265625;66814908;m2;202307;0;
..\..\world\kalimdor\mulgore\passivedoodads\thorns\mullgorethorn03.m2;16010.5947265625;123.61813354492188;19278.00390625;-0.10719987750053406;63.486083984375;-38.619712829589844;;1.4599609375;66814805;m2;202307;0;
..\..\world\azeroth\deadwindpass\passivedoodads\trees\deadwindpassmidtree02.m2;16276.1083984375;93.07975769042969;19644.11328125;5.00932502746582;346.8116760253906;9.689002990722656;;1.541015625;65972589;m2;189337;0;
..\..\world\kalimdor\mulgore\passivedoodads\thorns\mullgorethorn03.m2;16362.9541015625;158.6079864501953;19447.123046875;-0.0205486249178648;41.50567626953125;26.508522033691406;;1.4697265625;66733335;m2;202307;0;
..\..\world\azeroth\deadwindpass\passivedoodads\trees\deadwindpassmidtree01.m2;16215.337890625;94.16386413574219;19634.193359375;6.022963523864746;329.89013671875;-8.531278610229492;;1.609375;65974007;m2;189336;0;
..\..\world\kalimdor\mulgore\passivedoodads\thorns\mullgorethorn05.m2;16396.646484375;163.77529907226562;19222.16015625;-60.50002670288086;41.000030517578125;-14.00003433227539;;0.8291015625;66447012;m2;202309;0;
..\..\world\azeroth\deadwindpass\passivedoodads\trees\deadwindpassmidtree01.m2;16520.78515625;176.06463623046875;19339.11328125;23.675424575805664;303.5326843261719;20.168453216552734;;1.4091796875;66814719;m2;189336;0;
..\..\world\azeroth\deadwindpass\passivedoodads\trees\deadwindpassmidtree02.m2;16276.98046875;140.51878356933594;19342.333984375;0.7370566725730896;46.488555908203125;-5.589266777038574;;1.341796875;65972610;m2;189337;0;
..\..\world\azeroth\deadwindpass\passivedoodads\trees\deadwindpassmidtree02.m2;16328.9072265625;144.7569580078125;19218.453125;-6.615411758422852;118.58624267578125;15.680946350097656;;1.2412109375;66814711;m2;189337;0;
..\..\world\lordaeron\tirisfalglade\passivedoodads\trees\tirisfallgladecanopytree05.m2;16245.1171875;76.22538757324219;19745.833984375;0;230.3889923095703;0;;0.716796875;65972609;m2;204132;0;
..\..\world\kalimdor\dustwallow\passivedoodads\trees\dustwallowtree04.m2;16027.822265625;120.40318298339844;19606.71484375;0;0;0;;1;72287818;m2;201829;0;
..\..\world\kalimdor\dustwallow\passivedoodads\trees\dustwallowtree04.m2;16084.9423828125;94.09353637695312;19698.015625;0;96;0;;1;72287843;m2;201829;0;
..\..\world\kalimdor\mulgore\passivedoodads\thorns\mullgorethorn01.m2;16304.091796875;160.2152099609375;19263.36328125;9.78402328491211;337.61651611328125;-45.17329788208008;;0.609375;66814752;m2;202305;0;
..\..\world\kalimdor\mulgore\passivedoodads\thorns\mullgorethorn01.m2;16443.115234375;150.7395782470703;19445.34765625;5.502435207366943;333.01361083984375;-41.62282943725586;;0.599609375;66446767;m2;202305;0;
..\..\world\kalimdor\mulgore\passivedoodads\thorns\mullgorethorn01.m2;16105.64453125;119.25747680664062;19240.3203125;-2.761279582977295;321.02362060546875;-90.04767608642578;;0.8193359375;72348908;m2;202305;0;
..\..\world\kalimdor\mulgore\passivedoodads\thorns\mullgorethorn03.m2;16392.810546875;176.8433074951172;19368.853515625;-6.944530010223389;97.26931762695312;-26.97261619567871;;1.189453125;66733212;m2;202307;0;
..\..\world\azeroth\deadwindpass\passivedoodads\trees\deadwindpassmidtree02.m2;16253.0986328125;122.87471771240234;19510.126953125;-6.303710460662842;161.8033447265625;9.603432655334473;;1.26171875;66733279;m2;189337;0;
..\..\world\kalimdor\dustwallow\passivedoodads\trees\dustwallowtree05.m2;16337.9248046875;73.87844848632812;19715.0625;0;318.2931823730469;0;;1.7294921875;66803914;m2;201830;0;
..\..\world\kalimdor\mulgore\passivedoodads\thorns\mullgorethorn05.m2;16435.724609375;150.2774200439453;19269.607421875;-3.500000476837158;178.5;23.500246047973633;;0.7998046875;66446975;m2;202309;0;
..\..\world\kalimdor\desolace\passivedoodads\kodogravebones\kodograve08.m2;16297.02734375;141.94154357910156;19324.44921875;-23.816219329833984;50.772735595703125;14.459488868713379;;3.7392578125;65972611;m2;201600;0;
..\..\world\kalimdor\mulgore\passivedoodads\thorns\mullgorethorn01.m2;16390.34375;171.49803161621094;19341.037109375;-12.02008056640625;68.70663452148438;-7.018439292907715;;0.6494140625;66733323;m2;202305;0;
..\..\world\kalimdor\dustwallow\passivedoodads\trees\dustwallowtree05.m2;16257.1083984375;81.67849731445312;19753.25390625;0;160.293212890625;0;;1.7294921875;66143445;m2;201830;0;
..\..\world\kalimdor\stonetalon\passivedoodads\trees\stonetree07.m2;16192.119140625;119.08747100830078;19366.4609375;-2.694803476333618;187.15081787109375;8.916604995727539;;0.75;66592360;m2;202626;0;
..\..\world\kalimdor\stonetalon\passivedoodads\trees\stonetree07.m2;16301.7392578125;122.63178253173828;19492.234375;-2.6947810649871826;233.65081787109375;8.916534423828125;;0.75;66446747;m2;202626;0;
..\..\world\kalimdor\stonetalon\passivedoodads\trees\stonetree08.m2;16204.3515625;115.36579132080078;19373.8984375;-11.473814964294434;133.62362670898438;-5.7664055824279785;;1.0791015625;66592263;m2;202627;0;
..\..\world\kalimdor\stonetalon\passivedoodads\trees\stonetree08.m2;16315.552734375;117.59783172607422;19488.48046875;-11.473785400390625;180.12350463867188;-5.7664031982421875;;1.0791015625;66446999;m2;202627;0;
..\..\world\kalimdor\mulgore\passivedoodads\thorns\mullgorethorn01.m2;16299.7958984375;189.2135467529297;19190.685546875;1.9827454090118408;302.6192321777344;-55.1956672668457;;0.548828125;66814900;m2;202305;0;
..\..\world\kalimdor\dustwallow\passivedoodads\trees\dustwallowtree04.m2;16171.638671875;82.81204986572266;19704.869140625;0;180;0;;0.8369140625;66017929;m2;201829;0;
..\..\world\azeroth\deadwindpass\passivedoodads\trees\deadwindpassmidtree01.m2;16398.046875;97.46341705322266;19718.169921875;17.85308837890625;280.3507080078125;6.555764675140381;;1.33984375;66803895;m2;189336;0;
..\..\world\expansion04\doodads\valleyoffourwinds\fireflys\vfw_fireflys_01.m2;16019.873046875;108.30564880371094;19720.73828125;5.322483539581299;256.6559753417969;-14.696830749511719;;1.169921875;66664867;m2;532916;0;
..\..\world\azeroth\deadwindpass\passivedoodads\trees\deadwindpassmidtree01.m2;16331.24609375;114.23343658447266;19630.95703125;11.272418022155762;252.39755249023438;-1.6615015268325806;;1.2998046875;65972597;m2;189336;0;
..\..\world\azeroth\deadwindpass\passivedoodads\trees\deadwindpassmidtree02.m2;16316.5859375;122.44114685058594;19500.087890625;12.20803165435791;304.0333251953125;-0.4863710105419159;;1.01171875;65972588;m2;189337;0;
..\..\world\azeroth\deadwindpass\passivedoodads\trees\deadwindpassmidtree01.m2;16285.8916015625;94.07567596435547;19649.21484375;-13.397911071777344;159.25701904296875;3.1806373596191406;;1.1796875;66803920;m2;189336;0;
..\..\world\azeroth\deadwindpass\passivedoodads\trees\deadwindpassmidtree02.m2;16166.037109375;112.0137710571289;19312.94921875;14.058927536010742;182.51730346679688;-5.157141208648682;;1.19140625;65972595;m2;189337;0;
..\..\world\azeroth\deadwindpass\passivedoodads\trees\deadwindpassmidtree02.m2;16351.416015625;140.81211853027344;19476.16796875;3.8484299182891846;285.409423828125;-9.940893173217773;;1.0517578125;65972594;m2;189337;0;
..\..\world\expansion04\doodads\valleyoffourwinds\fireflys\vfw_fireflys_01.m2;16049.935546875;95.98381805419922;19752.162109375;-6.635685920715332;303.24505615234375;-3.137385129928589;;1;66446781;m2;532916;0;
..\..\world\azeroth\deadwindpass\passivedoodads\trees\deadwindpassmidtree02.m2;16017.55859375;101.47506713867188;19332.115234375;13.050346374511719;185.65020751953125;10.993414878845215;;1.12109375;66733167;m2;189337;0;
..\..\world\kalimdor\mulgore\passivedoodads\thorns\mullgorethorn07.m2;16537.9765625;162.1109619140625;19510.41015625;3.4769444465637207;136.7593994140625;-23.02245330810547;;0.8017578125;66592265;m2;202311;0;
..\..\world\kalimdor\dustwallow\passivedoodads\trees\dustwallowtree05.m2;16317.623046875;71.75879669189453;19724.23046875;0;90.80157470703125;0;;1.5595703125;66143410;m2;201830;0;
..\..\world\kalimdor\mulgore\passivedoodads\thorns\mullgorethorn07.m2;16319.8271484375;142.21365356445312;19473.634765625;3.4769411087036133;278.7594299316406;-23.0224552154541;;0.921875;66733291;m2;202311;0;
..\..\world\kalimdor\mulgore\passivedoodads\thorns\mullgorethorn03.m2;16417.376953125;154.68087768554688;19263.31640625;43.500179290771484;44.500244140625;48.0002326965332;;1;66446731;m2;202307;0;
..\..\world\kalimdor\mulgore\passivedoodads\thorns\mullgorethorn05.m2;16495.234375;137.66000366210938;19491.94921875;0;341;0;;0.58984375;66446759;m2;202309;0;
..\..\world\kalimdor\stonetalon\passivedoodads\trees\stonetree07.m2;16273.10546875;94.86742401123047;19607.158203125;0.627642035484314;233.63475036621094;9.799788475036621;;0.6396484375;66592260;m2;202626;0;
..\..\world\azeroth\deadwindpass\passivedoodads\trees\deadwindpassmidtree01.m2;16283.880859375;99.72086334228516;19631.919921875;8.501672744750977;160.95843505859375;-14.249780654907227;;1.1591796875;65972608;m2;189336;0;
..\..\world\kalimdor\mulgore\passivedoodads\thorns\mullgorethorn01.m2;16515.3828125;144.85476684570312;19489.705078125;-14.757412910461426;117.6519775390625;-36.69953155517578;;0.4599609375;66446776;m2;202305;0;
..\..\world\azeroth\deadwindpass\passivedoodads\trees\deadwindpassmidtree02.m2;16204.740234375;97.6747817993164;19638.232421875;9.278487205505371;3.227203369140625;-6.200848579406738;;1.1396484375;66017927;m2;189337;0;
..\..\world\kalimdor\mulgore\passivedoodads\thorns\mullgorethorn03.m2;16495.623046875;140.0551300048828;19509.98828125;-3.4716873168945312;20.94158935546875;2.3136701583862305;;0.9892578125;66446749;m2;202307;0;
..\..\world\azeroth\deadwindpass\passivedoodads\trees\deadwindpassmidtree02.m2;16255.6103515625;122.92333984375;19499.658203125;-7.184268951416016;237.04202270507812;3.3191428184509277;;0.880859375;66733348;m2;189337;0;
..\..\world\azeroth\deadwindpass\passivedoodads\trees\deadwindpassmidtree02.m2;16252.130859375;129.6056671142578;19352.189453125;14.988183975219727;286.2439270019531;7.140613079071045;;0.9208984375;66733262;m2;189337;0;
..\..\world\kalimdor\mulgore\passivedoodads\thorns\mullgorethorn03.m2;16378.5634765625;142.9052734375;19293.34765625;0;297;0;;1;66592246;m2;202307;0;
..\..\world\azeroth\deadwindpass\passivedoodads\trees\deadwindpassmidtree02.m2;16183.5361328125;113.13214874267578;19267.166015625;1.7827755212783813;161.054443359375;3.148733377456665;;0.9716796875;66733285;m2;189337;0;
..\..\world\azeroth\deadwindpass\passivedoodads\trees\deadwindpassmidtree02.m2;16373.5234375;144.61285400390625;19265.986328125;-1.7916431427001953;134.01641845703125;5.015539646148682;;0.8515625;66733344;m2;189337;0;
..\..\world\kalimdor\mulgore\passivedoodads\thorns\mullgorethorn03.m2;16064.3671875;88.29779052734375;19208.3046875;0;276.9999694824219;0;;1;66814684;m2;202307;0;
..\..\world\kalimdor\dustwallow\passivedoodads\trees\dustwallowtree05.m2;16196.6015625;95.33452606201172;19643.80078125;0;33.5;0;;1.2392578125;66017918;m2;201830;0;
..\..\world\kalimdor\mulgore\passivedoodads\thorns\mullgorethorn03.m2;16295.3134765625;151.92388916015625;19276.30078125;-5.94232177734375;75.25579833984375;54.22135925292969;;0.849609375;66814769;m2;202307;0;
..\..\world\azeroth\deadwindpass\passivedoodads\trees\deadwindpassmidtree02.m2;16504.66015625;142.0185089111328;19497.572265625;8.131444931030273;243.96170043945312;3.9825737476348877;;0.8515625;66733306;m2;189337;0;
..\..\world\kalimdor\dustwallow\passivedoodads\trees\dustwallowtree05.m2;16270.7421875;74.35820007324219;19677.09375;0;25.65582275390625;0;;1.189453125;65972603;m2;201830;0;
..\..\world\kalimdor\mulgore\passivedoodads\thorns\mullgorethorn01.m2;16330.3291015625;180.8417510986328;19339.966796875;31.223857879638672;89.572265625;-54.371238708496094;;0.3994140625;66733321;m2;202305;0;
..\..\world\kalimdor\stonetalon\passivedoodads\trees\stonetree07.m2;16299.7578125;123.02761840820312;19480.37890625;-8.774175643920898;193.61871337890625;10.197501182556152;;0.51953125;66592341;m2;202626;0;
..\..\world\kalimdor\stonetalon\passivedoodads\trees\stonetree07.m2;16199.35546875;121.35281372070312;19356.86328125;-8.774178504943848;147.11871337890625;10.197503089904785;;0.51953125;66592236;m2;202626;0;
..\..\world\kalimdor\mulgore\passivedoodads\thorns\mullgorethorn07.m2;16349.5517578125;155.04611206054688;19243.443359375;3.476938486099243;263.75933837890625;-23.022457122802734;;0.7119140625;66446782;m2;202311;0;
..\..\world\kalimdor\dustwallow\passivedoodads\trees\dustwallowtree05.m2;16324.1328125;75.6376724243164;19741.115234375;0;126.30164337158203;0;;1.1396484375;66803886;m2;201830;0;
..\..\world\azeroth\deadwindpass\passivedoodads\trees\deadwindpassmidtree02.m2;16214.9052734375;127.28175354003906;19378.107421875;15.195504188537598;170.87921142578125;8.123926162719727;;0.841796875;65972600;m2;189337;0;
..\..\world\azeroth\deadwindpass\passivedoodads\trees\deadwindpassmidtree02.m2;16250.4140625;106.22740936279297;19568.908203125;-2.98271107673645;91.19500732421875;11.379780769348145;;0.9208984375;65972601;m2;189337;0;
..\..\world\kalimdor\mulgore\passivedoodads\thorns\mullgorethorn01.m2;16486.46484375;187.38497924804688;19556.927734375;18.76408576965332;88.53530883789062;-77.1427230834961;;0.3994140625;66592346;m2;202305;0;
..\..\world\kalimdor\mulgore\passivedoodads\thorns\mullgorethorn07.m2;16446.0546875;163.71871948242188;19269.37890625;-3.2992637157440186;54.90594482421875;-1.1124213933944702;;0.669921875;66447008;m2;202311;0;
..\..\world\azeroth\deadwindpass\passivedoodads\trees\deadwindpassmidtree02.m2;16205.93359375;94.29486083984375;19648.98828125;-3.3954529762268066;260.15911865234375;-5.16732120513916;;0.8291015625;66017938;m2;189337;0;
..\..\world\azeroth\deadwindpass\passivedoodads\trees\deadwindpassmidtree01.m2;16308.2421875;145.5275421142578;19321.71875;-3.270371437072754;355.398681640625;11.042105674743652;;0.9794921875;65972586;m2;189336;0;
..\..\world\kalimdor\dustwallow\passivedoodads\trees\dustwallowtree05.m2;16076.5673828125;93.01463317871094;19702.1953125;0;324.2130126953125;0;;0.9697265625;65972593;m2;201830;0;
..\..\world\kalimdor\stonetalon\passivedoodads\trees\stonetree08.m2;16282.8203125;98.80252838134766;19606.859375;0.10041490942239761;180.62310791015625;-9.452879905700684;;0.6494140625;66592338;m2;202627;0;
..\..\world\azeroth\deadwindpass\passivedoodads\trees\deadwindpassmidtree02.m2;16019.9208984375;102.34980010986328;19319.66015625;2.91182017326355;173.443115234375;4.977444171905518;;0.78125;66733174;m2;189337;0;
..\..\world\kalimdor\mulgore\passivedoodads\thorns\mullgorethorn03.m2;16392.05078125;157.7156982421875;19251.1015625;-30.017101287841797;139.05841064453125;71.73282623291016;;0.6494140625;66446808;m2;202307;0;
..\..\world\kalimdor\mulgore\passivedoodads\thorns\mullgorethorn04.m2;16481.484375;140.64781188964844;19485.244140625;11.50007152557373;31.000091552734375;-4.000051975250244;;0.349609375;66446855;m2;202308;0;
..\..\world\azeroth\deadwindpass\passivedoodads\trees\deadwindpassmidtree02.m2;16357.958984375;140.2198486328125;19478.8671875;10.960741996765137;14.362548828125;-1.145472526550293;;0.681640625;66733216;m2;189337;0;
..\..\world\kalimdor\mulgore\passivedoodads\thorns\mullgorethorn01.m2;16418.57421875;189.636474609375;19237.5;19.67393684387207;278.6216125488281;-88.83935546875;;0.3994140625;66446989;m2;202305;0;
..\..\world\kalimdor\dustwallow\passivedoodads\trees\dustwallowtree05.m2;16020.859375;133.8159942626953;19490.5078125;0;0;0;;1;72287828;m2;201830;0;
..\..\world\generic\nightelf\passivedoodads\ruins\azrelfruin_white08.m2;16262.94921875;100.70030975341797;19595.162109375;0.537345290184021;341.2377624511719;1.3640466928482056;;1.01953125;65974029;m2;352437;0;
..\..\world\generic\nightelf\passivedoodads\ruins\azrelfruin_white08.m2;16243.865234375;132.19883728027344;19408.044921875;0.5373409986495972;24.23785400390625;1.3640363216400146;;1.01953125;65963969;m2;352437;0;
..\..\world\generic\quilboar\passivedoodads\huts\quillboar_hut01.m2;16478.751953125;140.2598876953125;19498.05859375;0;244.50003051757812;0;;0.9892578125;66446896;m2;200332;0;
..\..\world\generic\nightelf\passivedoodads\ruins\azrelfruin_white08.m2;16363.2373046875;133.85426330566406;19507.470703125;0.5373412370681763;274.73785400390625;1.3640352487564087;;1;65878998;m2;352437;0;
..\..\world\generic\nightelf\passivedoodads\ruins\azrelfruin_white08.m2;16320.8779296875;147.77740478515625;19289.2421875;0.5373405814170837;311.23785400390625;1.364035964012146;;1;65963966;m2;352437;0;
..\..\world\kalimdor\mulgore\passivedoodads\thorns\mullgorethorn01.m2;16068.53515625;118.74478912353516;19245.041015625;2.1439895629882812;171.95843505859375;-82.24437713623047;;0.349609375;72348905;m2;202305;0;
..\..\world\kalimdor\dustwallow\passivedoodads\trees\dustwallowtree06.m2;16018.732421875;126.18858337402344;19447.041015625;0;0;0;;1.859375;72287847;m2;201831;0;
..\..\world\kalimdor\dustwallow\passivedoodads\trees\dustwallowtree05.m2;16013.607421875;110.10193634033203;19653.58203125;0;180;0;;0.75;65937699;m2;201830;0;
..\..\world\kalimdor\desolace\passivedoodads\kodogravebones\bannercentaur01.m2;16263.494140625;74.56533813476562;19712.5078125;0;299.4999694824219;0;;1;65974014;m2;201581;0;
..\..\world\kalimdor\desolace\passivedoodads\kodogravebones\bannercentaur01.m2;16258.38671875;74.572265625;19703.755859375;0;299.4999694824219;0;;1;65974026;m2;201581;0;
..\..\world\kalimdor\dustwallow\passivedoodads\trees\dustwallowtree05.m2;16022.3828125;125.73330688476562;19440.666015625;0;310;0;;0.6396484375;72287816;m2;201830;0;
..\..\world\kalimdor\dustwallow\passivedoodads\trees\dustwallowtree08.m2;16023.9833984375;134.21395874023438;19578.203125;0;0;0;;2.1142578125;72287820;m2;201833;0;
..\..\world\azeroth\duskwood\passivedoodads\bush\duskwoodspookybush01.m2;16038.927734375;114.1421127319336;19644.263671875;-5.248818874359131;67.25982666015625;15.89423942565918;;1.08984375;66446939;m2;189405;0;
..\..\world\generic\quilboar\passivedoodads\huts\quillboar_small_hut01.m2;16492.626953125;176.05955505371094;19541.59765625;0;235.50003051757812;0;;1;66446835;m2;200333;0;
..\..\world\azeroth\duskwood\passivedoodads\bush\duskwoodspookybush01.m2;16131.5166015625;88.28888702392578;19700.19921875;-11.900117874145508;249.61770629882812;-12.14771556854248;;1.0693359375;66445651;m2;189405;0;
..\..\world\azeroth\duskwood\passivedoodads\bush\duskwoodspookybush01.m2;16021.0703125;99.55236053466797;19707.5078125;0.37765824794769287;10.00128173828125;-5.955650806427002;;1.119140625;66445605;m2;189405;0;
..\..\world\generic\quilboar\passivedoodads\huts\quillboar_small_hut01.m2;16525.021484375;173.72723388671875;19530.5625;0;247;0;;1;66592356;m2;200333;0;
..\..\world\azeroth\duskwood\passivedoodads\bush\duskwoodspookybush01.m2;16146.849609375;86.400390625;19705.875;4.545804977416992;299.5164794921875;-22.151165008544922;;1.01953125;66406274;m2;189405;0;
..\..\world\kalimdor\barrens\passivedoodads\wagon\barrenswagon03.m2;16302.8955078125;123.51995086669922;19505.025390625;8.09298324584961;62.608642578125;9.720305442810059;;1;66592330;m2;201418;0;
..\..\world\generic\quilboar\passivedoodads\huts\quillboar_small_hut01.m2;16465.498046875;154.71722412109375;19535.62890625;0;202;0;;1;66446978;m2;200333;0;
..\..\world\kalimdor\barrens\passivedoodads\wagon\barrenswagon03.m2;16212.310546875;124.8470230102539;19364.73828125;1.995011806488037;158.773681640625;-10.7901029586792;;1;66592286;m2;201418;0;
..\..\world\generic\quilboar\passivedoodads\huts\quillboar_small_hut01.m2;16477.13671875;190.05142211914062;19558.09375;0;200.50001525878906;0;;1;66592297;m2;200333;0;
..\..\world\kalimdor\barrens\passivedoodads\wagon\barrenswagon03.m2;16270.865234375;96.2864761352539;19615.15234375;12.1420316696167;192.45953369140625;-0.7090256810188293;;1;66592335;m2;201418;0;
..\..\world\azeroth\duskwood\passivedoodads\bush\duskwoodspookybush01.m2;16091.0791015625;89.78129577636719;19716.224609375;-2.656168222427368;314.73907470703125;-17.082048416137695;;1;66445623;m2;189405;0;
..\..\world\azeroth\duskwood\passivedoodads\bush\duskwoodspookybush01.m2;16078.947265625;96.04634857177734;19698.029296875;-13.55354118347168;137.4422607421875;16.864675521850586;;1;66160414;m2;189405;0;
..\..\world\generic\quilboar\passivedoodads\huts\quillboar_small_hut01.m2;16409.751953125;169.71749877929688;19258.56640625;0;345;0;;1;66446887;m2;200333;0;
..\..\world\generic\nightelf\passivedoodads\ruins\azrelfruin_white02.m2;16496.203125;165.38833618164062;19269.94140625;0;251;0;;1;65879072;m2;352431;0;
..\..\world\generic\quilboar\passivedoodads\huts\quillboar_small_hut01.m2;16433.109375;185.50167846679688;19256.025390625;0;14.00006103515625;0;;1;66447017;m2;200333;0;
..\..\world\azeroth\duskwood\passivedoodads\bush\duskwoodspookybush02.m2;16333.078125;143.3216094970703;19219.025390625;0;320;0;;1;72348912;m2;189406;0;
..\..\world\azeroth\duskwood\passivedoodads\bush\duskwoodspookybush01.m2;16170.521484375;83.22711944580078;19709.3515625;-7.60782527923584;200.43377685546875;-2.3518598079681396;;1;66160388;m2;189405;0;
..\..\world\generic\quilboar\passivedoodads\huts\quillboar_small_hut01.m2;16373.498046875;168.16629028320312;19241.439453125;0;356.00006103515625;0;;1;66446870;m2;200333;0;
..\..\world\generic\quilboar\passivedoodads\huts\quillboar_small_hut01.m2;16422.513671875;169.65640258789062;19262.02734375;0;354;0;;1;66446876;m2;200333;0;
..\..\world\generic\quilboar\passivedoodads\huts\quillboar_small_hut01.m2;16537.3828125;186.85289001464844;19327.21875;0;272.5000305175781;0;;1;66446963;m2;200333;0;
..\..\world\generic\quilboar\passivedoodads\huts\quillboar_small_hut01.m2;16517.927734375;163.34584045410156;19510.296875;0;258.4998779296875;0;;1;66733235;m2;200333;0;
..\..\world\kalimdor\dustwallow\passivedoodads\trees\dustwallowtree08.m2;16048.5166015625;120.9617919921875;19627.591796875;0;0;0;;1.7705078125;72287838;m2;201833;0;
..\..\world\azeroth\duskwood\passivedoodads\bush\duskwoodspookybush01.m2;16023.919921875;122.47894287109375;19605.353515625;16.008968353271484;94.22421264648438;23.926414489746094;;1;66445664;m2;189405;0;
..\..\world\azeroth\deadwindpass\passivedoodads\roots\deadwindpassroot01.m2;16171.537109375;91.44186401367188;19710.48828125;4.7100090980529785;326.50762939453125;103.68290710449219;;1.7099609375;66406272;m2;189335;0;
..\..\world\azeroth\duskwood\passivedoodads\bush\duskwoodbush01.m2;16509.564453125;144.00306701660156;19503.9921875;12.507366180419922;245.0257568359375;3.530834674835205;;0.7080078125;66446816;m2;189395;0;
..\..\world\azeroth\duskwood\passivedoodads\bush\duskwoodbush03.m2;16017.0625;133.49855041503906;19539.525390625;-25.71951675415039;71.38821411132812;-1.8386335372924805;;1;72287846;m2;189397;0;
..\..\world\generic\tauren\passivedoodads\kodohide\taurenkodohide.m2;16310.537109375;74.54613494873047;19709.330078125;6.000004291534424;104.65615844726562;-8.584764827901381e-7;;1;66143395;m2;200416;0;
..\..\world\azeroth\deadwindpass\passivedoodads\roots\deadwindpassroot01.m2;16028.4404296875;130.972412109375;19605.138671875;24.706954956054688;57.479400634765625;168.3516845703125;;1.369140625;65973834;m2;189335;0;
..\..\world\azeroth\deadwindpass\passivedoodads\roots\deadwindpassroot01.m2;16392.447265625;148.24078369140625;19473.62109375;-10.491841316223145;154.25018310546875;145.50216674804688;;1.2099609375;72348914;m2;189335;0;
..\..\world\azeroth\deadwindpass\passivedoodads\roots\deadwindpassroot01.m2;16388.98828125;151.8457794189453;19298.333984375;-13.333179473876953;325.8856201171875;149.57643127441406;;1.2099609375;66733270;m2;189335;0;
..\..\world\azeroth\deadwindpass\passivedoodads\roots\deadwindpassroot01.m2;16394.197265625;105.0792007446289;19715.68359375;-5.630619525909424;204.1881866455078;135.52407836914062;;1.1591796875;66891848;m2;189335;0;
..\..\world\azeroth\deadwindpass\passivedoodads\roots\deadwindpassroot01.m2;16479.435546875;146.6480255126953;19484.05859375;-10.491838455200195;184.75018310546875;145.50216674804688;;1.2099609375;66446888;m2;189335;0;
..\..\world\azeroth\deadwindpass\passivedoodads\roots\deadwindpassroot01.m2;16422.861328125;163.7803497314453;19434.607421875;-13.33316421508789;270.8856506347656;149.57643127441406;;1.2099609375;66733177;m2;189335;0;
..\..\world\azeroth\deadwindpass\passivedoodads\roots\deadwindpassroot01.m2;16436.2890625;154.1916046142578;19455.65625;-13.333171844482422;183.88565063476562;149.57643127441406;;1.2099609375;66733181;m2;189335;0;
..\..\world\azeroth\deadwindpass\passivedoodads\roots\deadwindpassroot01.m2;16407.83984375;155.06028747558594;19302.64453125;-6.71980619430542;122.64703369140625;112.57842254638672;;1.189453125;66803887;m2;189335;0;
..\..\world\azeroth\deadwindpass\passivedoodads\roots\deadwindpassroot01.m2;16202.787109375;100.28423309326172;19651.740234375;-3.5544183254241943;241.1824951171875;134.36154174804688;;1.1298828125;66017931;m2;189335;0;
..\..\world\azeroth\deadwindpass\passivedoodads\roots\deadwindpassroot01.m2;16492.001953125;172.35519409179688;19277.669921875;11.631555557250977;275.43243408203125;134.4381866455078;;1.1396484375;66592288;m2;189335;0;
..\..\world\azeroth\duskwood\passivedoodads\bush\duskwoodbush03.m2;16502.40625;142.1460723876953;19499.0390625;4.500044345855713;106.95443725585938;-6.000058174133301;;0.783203125;66446994;m2;189397;0;
..\..\world\generic\nightelf\passivedoodads\ruins\azrelfruin_white03.m2;16466.439453125;140.35549926757812;19507.01953125;0;327.45928955078125;0;;1;65879062;m2;352432;0;
..\..\world\generic\nightelf\passivedoodads\ruins\azrelfruin_burned03.m2;16017.4521484375;134.07603454589844;19511.521484375;0;115.20684814453125;0;;1;65945944;m2;352406;0;
..\..\world\generic\nightelf\passivedoodads\ruins\azrelfruin_white03.m2;16414.70703125;150.4640655517578;19304.6484375;0;327.45928955078125;0;;1;73074104;m2;352432;0;
..\..\world\azeroth\deadwindpass\passivedoodads\roots\deadwindpassroot01.m2;16253.58984375;125.10885620117188;19525.935546875;-30.780527114868164;215.43052673339844;148.51329040527344;;1.119140625;66803888;m2;189335;0;
..\..\world\azeroth\duskwood\passivedoodads\bush\duskwoodbush05.m2;16488.05078125;141.12014770507812;19506.138671875;1.6851941347122192;235.44287109375;3.421957492828369;;0.8486328125;66446841;m2;189399;0;
..\..\world\azeroth\deadwindpass\passivedoodads\roots\deadwindpassroot01.m2;16256.0029296875;128.22946166992188;19515.314453125;13.594963073730469;341.03338623046875;117.9881362915039;;1.119140625;66803904;m2;189335;0;
..\..\world\azeroth\deadwindpass\passivedoodads\roots\deadwindpassroot01.m2;16451.455078125;153.84645080566406;19361.0625;10.19175910949707;58.8162841796875;135.96070861816406;;1.08984375;66733320;m2;189335;0;
..\..\world\azeroth\theblastedlands\passivedoodads\bones\blastedlandsblastedmule.m2;16312.8173828125;123.2994384765625;19505.205078125;3.3932290077209473;63.3038330078125;-0.16525812447071075;;1.5654296875;66592223;m2;190435;0;
..\..\world\azeroth\duskwood\passivedoodads\bush\duskwoodbush03.m2;16393.9140625;142.83961486816406;19468.81640625;-3.01208758354187;224.5939483642578;-7.4042649269104;;0.783203125;72348907;m2;189397;0;
..\..\world\azeroth\duskwood\passivedoodads\bush\duskwoodspookybush04.m2;16011.87890625;109.63272857666016;19655.7890625;-1.9717872142791748;148.4998779296875;0.36624962091445923;;1.26953125;66445602;m2;189408;0;
..\..\world\azeroth\deadwindpass\passivedoodads\roots\deadwindpassroot01.m2;16216.29296875;100.68734741210938;19638.16796875;6.157415390014648;356.67376708984375;132.72872924804688;;1.1298828125;66017926;m2;189335;0;
..\..\world\azeroth\duskwood\passivedoodads\bush\duskwoodspookybush04.m2;16032.787109375;101.02388000488281;19690.154296875;6.00175666809082;199.87803649902344;-0.13609054684638977;;1.3095703125;66664782;m2;189408;0;
..\..\world\azeroth\theblastedlands\passivedoodads\bones\blastedlandsblastedmule.m2;16267.4267578125;97.00728607177734;19606.734375;-12.245587348937988;204.62100219726562;-8.119504928588867;;1.4814453125;66592351;m2;190435;0;
..\..\world\azeroth\duskwood\passivedoodads\bush\duskwoodspookybush01.m2;16149.3623046875;80.5640869140625;19724.603515625;-8.882396697998047;171.15118408203125;3.4109609127044678;;0.6591796875;66664808;m2;189405;0;
..\..\world\azeroth\deadwindpass\passivedoodads\roots\deadwindpassroot01.m2;16465.443359375;146.77279663085938;19509.541015625;0.03349151462316513;7.266265869140625;156.96408081054688;;1.1796875;66446973;m2;189335;0;
..\..\world\azeroth\theblastedlands\passivedoodads\bones\blastedlandsblastedmule.m2;16214.7216796875;124.32396697998047;19353.767578125;5.500026226043701;140.28582763671875;-7.000029563903809;;1.5654296875;66592295;m2;190435;0;
..\..\world\azeroth\deadwindpass\passivedoodads\roots\deadwindpassroot01.m2;16441.0703125;158.7232666015625;19275.201171875;-6.719815731048584;143.14703369140625;112.57843017578125;;1.1396484375;66592315;m2;189335;0;
..\..\world\azeroth\duskwood\passivedoodads\bush\duskwoodbush03.m2;16444.4375;141.61328125;19528.439453125;5.892831802368164;88.27972412109375;-10.534320831298828;;0.783203125;72348917;m2;189397;0;
..\..\world\azeroth\duskwood\passivedoodads\bush\duskwoodspookybush01.m2;16026.9052734375;94.97982025146484;19730.876953125;-7.144935607910156;128.62936401367188;10.675597190856934;;0.5791015625;66664875;m2;189405;0;
..\..\world\azeroth\theblastedlands\passivedoodads\bones\blastedlandsblastedmule.m2;16313.7802734375;123.0059814453125;19509.884765625;-0.5954822301864624;97.6080322265625;6.427255153656006;;1.4814453125;66592247;m2;190435;0;
..\..\world\azeroth\deadwindpass\passivedoodads\roots\deadwindpassroot01.m2;16204.1015625;130.9721221923828;19376.697265625;-10.671433448791504;355.4820556640625;139.3716278076172;;1.0498046875;66733326;m2;189335;0;
..\..\world\azeroth\deadwindpass\passivedoodads\roots\deadwindpassroot01.m2;16255.4716796875;114.25894165039062;19557.576171875;-12.802236557006836;139.053955078125;130.32984924316406;;1.0390625;66803897;m2;189335;0;
..\..\world\azeroth\deadwindpass\passivedoodads\roots\deadwindpassroot01.m2;16202.650390625;128.0855712890625;19356.076171875;-13.333159446716309;306.8856201171875;149.57643127441406;;1.0498046875;66733341;m2;189335;0;
..\..\world\azeroth\deadwindpass\passivedoodads\roots\deadwindpassroot01.m2;16331.3466796875;153.54531860351562;19295.705078125;-13.333183288574219;269.8856201171875;149.57643127441406;;1.0498046875;66733278;m2;189335;0;
..\..\world\azeroth\deadwindpass\passivedoodads\roots\deadwindpassroot01.m2;16020.703125;138.7979278564453;19487.115234375;-2.791459321975708;340.243408203125;154.94375610351562;;1.01953125;72287840;m2;189335;0;
..\..\world\azeroth\duskwood\passivedoodads\bush\duskwoodspookybush03.m2;16146.951171875;84.54549407958984;19710.810546875;5.791054725646973;324.41192626953125;-4.711899757385254;;1.25;66406282;m2;189407;0;
..\..\world\azeroth\deadwindpass\passivedoodads\roots\deadwindpassroot01.m2;16103.833984375;146.5130157470703;19584.96875;9.34622859954834;188.75100708007812;125.91062927246094;;0.9892578125;66733256;m2;189335;0;
..\..\world\azeroth\deadwindpass\passivedoodads\roots\deadwindpassroot01.m2;16063.837890625;143.41383361816406;19572.947265625;-4.514803409576416;252.78817749023438;115.31440734863281;;0.9892578125;66733318;m2;189335;0;
..\..\world\azeroth\deadwindpass\passivedoodads\roots\deadwindpassroot01.m2;16370.8046875;149.5535125732422;19264.435546875;3.3211748600006104;327.34228515625;162.29611206054688;;1.01953125;66733213;m2;189335;0;
..\..\world\azeroth\deadwindpass\passivedoodads\roots\deadwindpassroot01.m2;16262.3779296875;81.71923828125;19676.572265625;7.754000663757324;313.1380310058594;153.3650360107422;;0.9599609375;66017923;m2;189335;0;
..\..\world\azeroth\deadwindpass\passivedoodads\roots\deadwindpassroot01.m2;16322.91796875;147.95089721679688;19220.400390625;-10.671449661254883;161.9820556640625;139.3716278076172;;0.919921875;66814712;m2;189335;0;
..\..\world\azeroth\deadwindpass\passivedoodads\roots\deadwindpassroot01.m2;16517.298828125;178.46078491210938;19342.017578125;2.5042498111724854;33.95654296875;156.24929809570312;;0.94921875;66814728;m2;189335;0;
..\..\world\azeroth\duskwood\passivedoodads\bush\duskwoodspookybush04.m2;16010.208984375;112.12140655517578;19650.287109375;14.513407707214355;51.7177734375;1.5429043769836426;;0.9599609375;66446760;m2;189408;0;
..\..\world\azeroth\deadwindpass\passivedoodads\roots\deadwindpassroot01.m2;16309.337890625;151.0897979736328;19252.6640625;-10.671451568603516;94.9820556640625;139.3716278076172;;0.919921875;72348918;m2;189335;0;
..\..\world\generic\nightelf\passivedoodads\lamps\darnassusstreetlamp02.m2;16003.880859375;128.06732177734375;19573.501953125;0;42.500030517578125;0;;1;66664793;m2;198771;0;
..\..\world\generic\nightelf\passivedoodads\lamps\darnassusstreetlamp02.m2;15999.8828125;109.24246978759766;19651.736328125;0;38.500030517578125;0;;1;66664878;m2;198771;0;
..\..\world\generic\nightelf\passivedoodads\lamps\darnassusstreetlamp02.m2;16516.6484375;170.46310424804688;19415.318359375;0;169.5;0;;1;69527857;m2;198771;0;
..\..\world\generic\nightelf\passivedoodads\lamps\darnassusstreetlamp02.m2;16530.533203125;170.6002655029297;19421.408203125;0;164.99993896484375;0;;1;69527858;m2;198771;0;
..\..\world\azeroth\deadwindpass\passivedoodads\roots\deadwindpassroot01.m2;16049.4248046875;126.518798828125;19629.25390625;-4.213113307952881;58.061279296875;170.67372131347656;;0.9599609375;66446846;m2;189335;0;
..\..\world\azeroth\duskwood\passivedoodads\bush\duskwoodspookybush03.m2;16127.697265625;89.08759307861328;19703.46484375;20.741535186767578;312.74969482421875;-0.7002575993537903;;1;66445662;m2;189407;0;
..\..\world\azeroth\duskwood\passivedoodads\bush\duskwoodspookybush03.m2;16086.7998046875;89.94905090332031;19712.986328125;13.921968460083008;317.630126953125;-10.421515464782715;;1;66445612;m2;189407;0;
..\..\world\azeroth\deadwindpass\passivedoodads\roots\deadwindpassroot01.m2;16250.2060546875;135.6123809814453;19353.298828125;-5.72027063369751;120.4805908203125;136.88255310058594;;0.8193359375;66733264;m2;189335;0;
..\..\world\azeroth\deadwindpass\passivedoodads\roots\deadwindpassroot01.m2;16165.6533203125;116.35819244384766;19309.060546875;-12.782546043395996;350.0712890625;148.27395629882812;;0.859375;66733328;m2;189335;0;
..\..\world\azeroth\deadwindpass\passivedoodads\roots\deadwindpassroot01.m2;16092.5078125;92.96499633789062;19717.78515625;-10.516600608825684;344.31982421875;94.98816680908203;;1.0791015625;66445622;m2;189335;0;
..\..\world\azeroth\deadwindpass\passivedoodads\roots\deadwindpassroot01.m2;16018.619140625;103.28662872314453;19707.990234375;-8.764699935913086;281.27313232421875;108.335693359375;;0.919921875;66445625;m2;189335;0;
..\..\world\azeroth\duskwood\passivedoodads\bush\duskwoodspookybush03.m2;16023.802734375;135.06387329101562;19575.91015625;5.355827808380127;50;7.1250224113464355;;1;72287837;m2;189407;0;
..\..\world\generic\quilboar\passivedoodads\leantos\razorfenleanto03.m2;16523.47265625;171.35012817382812;19351.736328125;-2.5000641345977783;253.5003662109375;-3.50006365776062;;1;66814901;m2;200335;0;
..\..\world\azeroth\deadwindpass\passivedoodads\roots\deadwindpassroot01.m2;16018.666015625;107.41989135742188;19333.95703125;-2.791443109512329;67.74337768554688;154.94375610351562;;0.8193359375;66733351;m2;189335;0;
..\..\world\kalimdor\desolace\passivedoodads\spearwalls\centaurspearscone.m2;16259.85546875;74.58169555664062;19698.244140625;0;29.38299560546875;0;;1;65973873;m2;201616;0;
..\..\world\generic\quilboar\passivedoodads\leantos\razorfenleanto03.m2;16227.9072265625;153.1334686279297;19204.736328125;0;68.6934814453125;0;;1;66592221;m2;200335;0;
..\..\world\generic\tauren\passivedoodads\watertroughs\watertroughlarge01.m2;16397.88671875;145.31695556640625;19269.80859375;0;65.865234375;0;;1;66446892;m2;200601;0;
..\..\world\kalimdor\desolace\passivedoodads\spearwalls\centaurspears02.m2;16283.2861328125;74.52387237548828;19709.046875;0;150.5;0;;1;65973883;m2;201615;0;
..\..\world\kalimdor\desolace\passivedoodads\spearwalls\centaurspears02.m2;16284.9541015625;74.28870391845703;19686.841796875;0;359;0;;1;65974001;m2;201615;0;
..\..\world\azeroth\deadwindpass\passivedoodads\roots\deadwindpassroot01.m2;16216.2734375;130.23410034179688;19376.67578125;-10.671424865722656;127.48209381103516;139.3716278076172;;0.7890625;66733350;m2;189335;0;
..\..\world\azeroth\deadwindpass\passivedoodads\roots\deadwindpassroot01.m2;16184.0517578125;119.35154724121094;19265.92578125;-2.791452407836914;167.243408203125;154.94374084472656;;0.8193359375;66733254;m2;189335;0;
..\..\world\kalimdor\desolace\passivedoodads\spearwalls\centaurspears02.m2;16278.076171875;74.20365142822266;19690.138671875;6.5000481605529785;64.04043579101562;1.999985933303833;;0.919921875;65973984;m2;201615;0;
..\..\world\azeroth\duskwood\passivedoodads\bush\duskwoodspookybush04.m2;16071.6015625;95.58142852783203;19700.7578125;17.483842849731445;88.64239501953125;8.847708702087402;;1;66160382;m2;189408;0;
..\..\world\kalimdor\dustwallow\passivedoodads\bushes\dustwallowbush01.m2;16023.931640625;127.30789184570312;19440.001953125;0;55.000030517578125;0;;1.2958984375;72287817;m2;201811;0;
..\..\world\generic\quilboar\passivedoodads\leantos\razorfenleanto03.m2;16427.509765625;152.1043243408203;19276.416015625;-2.5000624656677246;7.0003662109375;-3.5000643730163574;;1;66446811;m2;200335;0;
..\..\world\azeroth\deadwindpass\passivedoodads\roots\deadwindpassroot01.m2;16029.353515625;97.84906768798828;19732.154296875;6.1572370529174805;294.1739807128906;132.72879028320312;;0.7197265625;66664780;m2;189335;0;
..\..\world\azeroth\theblastedlands\passivedoodads\bones\blastedlandsblastedmule.m2;16476.955078125;138.8119659423828;19478.234375;17.501497268676758;161.67779541015625;-8.359484672546387;;1;65974032;m2;190435;0;
..\..\world\azeroth\deadwindpass\passivedoodads\roots\deadwindpassroot01.m2;16515.240234375;148.69793701171875;19490.65234375;-10.491841316223145;187.25018310546875;145.50216674804688;;0.7392578125;66814804;m2;189335;0;
..\..\world\azeroth\theblastedlands\passivedoodads\bones\blastedlandsblastedmule.m2;16242.013671875;131.5076446533203;19422.8359375;9.727201461791992;20.08624267578125;-12.475193977355957;;1;65973960;m2;190435;0;
..\..\world\kalimdor\wailingcaverns\passivedoodads\cages\wc_cage01.m2;16288.4072265625;74.53013610839844;19710.404296875;0;30.18890380859375;0;;1;65973854;m2;202792;0;
..\..\world\azeroth\deadwindpass\passivedoodads\roots\deadwindpassroot01.m2;16253.3115234375;113.86477661132812;19551.41015625;-7.508581638336182;122.57745361328125;116.60337829589844;;0.7099609375;66803892;m2;189335;0;
..\..\world\azeroth\duskwood\passivedoodads\bush\duskwoodspookybush04.m2;16096.2265625;88.32595825195312;19719.392578125;8.268974304199219;4.68359375;2.4199135303497314;;1;66445678;m2;189408;0;
..\..\world\azeroth\duskwood\passivedoodads\bush\duskwoodspookybush03.m2;16018.84765625;133.8885040283203;19492.8828125;-3.57633113861084;0;25.11483383178711;;1;72287823;m2;189407;0;
..\..\world\azeroth\theblastedlands\passivedoodads\bones\blastedlandsblastedmule.m2;16242.12109375;131.88658142089844;19414.443359375;1.6342781782150269;277.073974609375;0.019612595438957214;;1;65973899;m2;190435;0;
..\..\world\azeroth\duskwood\passivedoodads\bush\duskwoodspookybush03.m2;16165.52734375;86.41667938232422;19697.6484375;5.00199556350708;7.35321044921875;-6.508667945861816;;1;66160426;m2;189407;0;
..\..\world\azeroth\theblastedlands\passivedoodads\bones\blastedlandsblastedmule.m2;16473.501953125;139.1751251220703;19484.01171875;-5.307078838348389;62.325469970703125;-9.569705963134766;;1;65973910;m2;190435;0;
..\..\world\azeroth\theblastedlands\passivedoodads\bones\blastedlandsblastedmule.m2;16259.240234375;76.92547607421875;19678.421875;17.035852432250977;2.20672607421875;8.338644027709961;;1;65973901;m2;190435;0;
..\..\world\azeroth\deadwindpass\passivedoodads\roots\deadwindpassroot01.m2;16021.068359375;138.62158203125;19492.611328125;-2.791443109512329;42.74334716796875;154.94374084472656;;0.7197265625;66733168;m2;189335;0;
..\..\world\azeroth\theblastedlands\passivedoodads\bones\blastedlandsblastedmule.m2;16259.1123046875;78.00531005859375;19674.458984375;-9.179537773132324;225.71827697753906;-32.763545989990234;;1;65973928;m2;190435;0;
..\..\world\kalimdor\desolace\passivedoodads\spearwalls\centaurspears02.m2;16284.6259765625;74.29910278320312;19701.4765625;0;175.39300537109375;0;;0.83984375;65973922;m2;201615;0;
..\..\world\kalimdor\desolace\passivedoodads\spearwalls\centaurspears02.m2;16291.603515625;74.50052642822266;19698.01953125;0;58.4404296875;0;;0.83984375;65973955;m2;201615;0;
..\..\world\azeroth\deadwindpass\passivedoodads\roots\deadwindpassroot01.m2;16247.7490234375;157.11973571777344;19199.85546875;-2.9782354831695557;185.83102416992188;142.90933227539062;;0.689453125;66733253;m2;189335;0;
..\..\world\azeroth\deadwindpass\passivedoodads\roots\deadwindpassroot01.m2;16237.1298828125;133.47438049316406;19271.779296875;-2.9782350063323975;185.83102416992188;142.90933227539062;;0.689453125;72348916;m2;189335;0;
..\..\world\azeroth\duskwood\passivedoodads\bush\duskwoodspookybush03.m2;16019.3671875;135.1270294189453;19538.185546875;-22.10955238342285;0;1.9365687370300293;;1;72287825;m2;189407;0;
..\..\world\azeroth\deadwindpass\passivedoodads\roots\deadwindpassroot01.m2;16000.732421875;112.90229034423828;19650.173828125;4.004086017608643;109.57827758789062;145.2796173095703;;0.58984375;66664854;m2;189335;0;
..\..\world\kalimdor\dustwallow\passivedoodads\bushes\dustwallowbush01.m2;16017.578125;127.66384887695312;19449.39453125;0;0;0;;1.3291015625;72287845;m2;201811;0;
..\..\world\lordaeron\plagueland\passivedoodads\trees\plaguelandmushroom04.m2;16403.66796875;100.83426666259766;19732.103515625;7.705596446990967;341.78094482421875;-8.983187675476074;;1.1611328125;73068823;m2;203791;0;
..\..\world\azeroth\deadwindpass\passivedoodads\roots\deadwindpassroot01.m2;16217.2197265625;128.32754516601562;19361.87890625;-10.625807762145996;315.61041259765625;137.28465270996094;;0.5498046875;66733332;m2;189335;0;
..\..\world\generic\tauren\passivedoodads\watertroughs\watertroughsmall01.m2;16292.1259765625;74.29395294189453;19692.310546875;0;32.478271484375;0;;1;65973995;m2;200602;0;
..\..\world\generic\tauren\passivedoodads\animalcages\animalcage01.m2;16378.197265625;145.00921630859375;19286.11328125;0.4297747015953064;57.9803466796875;-0.5922888517379761;;1.419921875;66592259;m2;200357;0;
..\..\world\azeroth\deadwindpass\passivedoodads\roots\deadwindpassroot01.m2;16521.974609375;173.47793579101562;19354.279296875;-0.33642417192459106;15.0911865234375;143.00938415527344;;0.4296875;66814715;m2;189335;0;
..\..\world\generic\passivedoodads\weapons\flintspear01.m2;16265.2353515625;74.26737213134766;19712.361328125;-7.500090599060059;171.25799560546875;7.500023365020752;;1;65973936;m2;200223;0;
..\..\world\generic\passivedoodads\weapons\flintspear01.m2;16264.6435546875;74.40850830078125;19710.59375;-0.5000203847885132;316.94085693359375;6.000035285949707;;1;65973872;m2;200223;0;
..\..\world\azeroth\deadwindpass\passivedoodads\roots\deadwindpassroot01.m2;16516.86328125;173.0818634033203;19388.083984375;-0.33640924096107483;80.5911865234375;143.00936889648438;;0.4296875;66814886;m2;189335;0;
..\..\world\generic\passivedoodads\weapons\flintspear01.m2;16258.76171875;74.86498260498047;19703.154296875;0;276.35601806640625;0;;1;65973881;m2;200223;0;
..\..\world\generic\tauren\passivedoodads\baskets\largebasket01.m2;16480.51953125;140.8854217529297;19496.064453125;-3.49999737739563;145.5;-8.00000286102295;;0.9892578125;66447013;m2;200372;0;
..\..\world\generic\tauren\passivedoodads\drums\taurendrumgiant01.m2;16371.9208984375;168.93284606933594;19242.109375;0;150.44873046875;0;;0.6396484375;66446923;m2;200401;0;
..\..\world\generic\tauren\passivedoodads\animalcages\animalcage01.m2;16379.9296875;145.0163116455078;19290.70703125;-0.27772364020347595;104.80914306640625;0.8036818504333496;;1.3896484375;66592317;m2;200357;0;
..\..\world\generic\passivedoodads\lights\generaltorch01.m2;16383.8466796875;144.98648071289062;19290.9140625;0;125.88784790039062;0;;1.193359375;66592264;m2;199820;0;
..\..\world\generic\passivedoodads\lights\generaltorch01.m2;16237.3486328125;132.28428649902344;19408.458984375;0;125.88784790039062;0;;1.193359375;66664864;m2;199820;0;
..\..\world\generic\passivedoodads\lights\generaltorch01.m2;16329.447265625;147.61288452148438;19292.41015625;0;125.88784790039062;0;;1.193359375;66814673;m2;199820;0;
..\..\world\generic\passivedoodads\lights\generaltorch01.m2;16314.333984375;147.94285583496094;19286.77734375;0;131.8878173828125;0;;1.193359375;66814770;m2;199820;0;
..\..\world\generic\passivedoodads\lights\generaltorch01.m2;16516.439453125;170.9427032470703;19387.8359375;0;125.88784790039062;0;;1.193359375;66814794;m2;199820;0;
..\..\world\generic\passivedoodads\lights\generaltorch01.m2;16519.251953125;170.6510772705078;19353.75;0;91.38787841796875;0;;1.193359375;66814907;m2;199820;0;
..\..\world\azeroth\karazahn\passivedoodads\grainsacks\kn_grainsack03.m2;16288.5234375;74.1496353149414;19688.98828125;0;280.05194091796875;0;;1;65974036;m2;190017;0;
..\..\world\generic\orc\passivedoodads\animalskulls\tigerskull.m2;16217.966796875;124.19135284423828;19345.625;-36.192237854003906;184.1148681640625;-8.154165267944336;;3.48046875;66592237;m2;199054;0;
..\..\world\generic\passivedoodads\weapons\skullspear01.m2;16293.0498046875;74.46060943603516;19694.927734375;3.000026226043701;322.49993896484375;-3.500023603439331;;1;65973889;m2;200234;0;
..\..\world\generic\tauren\passivedoodads\baskets\largebasket01.m2;16478.439453125;140.80381774902344;19494.599609375;-6.000009059906006;79.5;-3.5000219345092773;;0.9892578125;66446849;m2;200372;0;
..\..\world\generic\tauren\passivedoodads\baskets\flatbasket01.m2;16478.419921875;140.91079711914062;19496.55078125;-18.500011444091797;158;-20.500051498413086;;0.9892578125;66446873;m2;200371;0;
..\..\world\generic\passivedoodads\weapons\steelspear01.m2;16264.310546875;74.39636993408203;19711.396484375;0;16.93896484375;0;;1;65973914;m2;200237;0;
..\..\world\generic\passivedoodads\weapons\steelspear01.m2;16259.826171875;74.79781341552734;19703.6640625;0;282.0689697265625;0;;1;65973930;m2;200237;0;
..\..\world\generic\passivedoodads\weapons\steelspear01.m2;16264.337890625;74.35467529296875;19712.40234375;-11.000039100646973;165.53399658203125;-6;;1;65974005;m2;200237;0;
..\..\world\generic\passivedoodads\weapons\steelspear01.m2;16259.1923828125;74.32255554199219;19702.73828125;5.500001907348633;138.956787109375;-15.499992370605469;;1;65973841;m2;200237;0;
..\..\world\generic\tauren\passivedoodads\animalcages\animalcage01.m2;16065.6455078125;102.00420379638672;19269.818359375;0.000004482311851461418;32.764892578125;-3.5001020431518555;;1.0791015625;66814859;m2;200357;0;
..\..\world\generic\tauren\passivedoodads\animalcages\animalcage01.m2;16474.255859375;140.3779754638672;19489.025390625;-2.174987554550171;121.56041717529297;-3.7836899757385254;;1.08984375;66446997;m2;200357;0;
..\..\world\generic\passivedoodads\lights\generaltorch01.m2;16260.4697265625;74.72969818115234;19703.744140625;-0.000011312500646454282;65.50009155273438;-7.000058650970459;;1;65973876;m2;199820;0;
..\..\world\generic\tauren\passivedoodads\animalcages\animalcage01.m2;16384.92578125;145.1056671142578;19268.37890625;0.000013873822354071308;294.76483154296875;-3.5000555515289307;;1.0791015625;66446797;m2;200357;0;
..\..\world\generic\quilboar\passivedoodads\troughs\razorfentrough01.m2;16228.8203125;153.0928955078125;19206.30078125;-2.9164042472839355;276.10540771484375;-18.32076072692871;;1.1591796875;66592202;m2;200349;0;
..\..\world\generic\tauren\passivedoodads\animalcages\animalcage01.m2;16215.4111328125;124.02306365966797;19345.4765625;-4.6111955642700195;338.9969482421875;6.493502140045166;;1.0791015625;66733303;m2;200357;0;
..\..\world\generic\orc\passivedoodads\barrelsandcrates\orccrate03.m2;16290.4453125;74.27944946289062;19689.099609375;0;326.85076904296875;0;;1;65973948;m2;199096;0;
..\..\world\generic\orc\passivedoodads\weapons\orcspear03.m2;16296.255859375;73.79190063476562;19732.267578125;-85.00691986083984;246.7525634765625;31.505313873291016;;1;65973850;m2;199439;0;
..\..\world\generic\tauren\passivedoodads\animalcages\animalcage01.m2;16419.892578125;151.09201049804688;19306.25390625;0.000003735259724635398;157.764892578125;-3.500094413757324;;1.0791015625;66446901;m2;200357;0;
..\..\world\generic\tauren\passivedoodads\animalcages\animalcage04.m2;16515.669921875;172.67466735839844;19369.37890625;-4.836353778839111;301.5613098144531;6.3541178703308105;;1;72348904;m2;200360;0;
..\..\world\generic\orc\passivedoodads\barrelsandcrates\orccrate03.m2;16300.6728515625;74.41309356689453;19724.431640625;0;242.68441772460938;0;;1;65973869;m2;199096;0;
..\..\world\generic\passivedoodads\lights\generaltorch01.m2;16264.60546875;74.43629455566406;19711.01171875;-1.0000033378601074;261;-0.00000138759344281425;;1;65973949;m2;199820;0;
..\..\world\generic\passivedoodads\lights\generaltorch01.m2;16358.9990234375;133.99671936035156;19500.103515625;0;99.50006103515625;0;;1;66446733;m2;199820;0;
..\..\world\generic\passivedoodads\lights\generaltorch01.m2;16394.162109375;144.66217041015625;19269.56640625;0;161.5;0;;1;66446770;m2;199820;0;
..\..\world\generic\passivedoodads\lights\generaltorch01.m2;16384.193359375;145.0667724609375;19269.927734375;0;99.50015258789062;0;;1;66446777;m2;199820;0;
..\..\world\generic\passivedoodads\lights\generaltorch01.m2;16490.01171875;165.5396270751953;19276.564453125;0;102.50006103515625;0;;1;66446825;m2;199820;0;
..\..\world\generic\passivedoodads\lights\generaltorch01.m2;16248.6171875;132.41160583496094;19403.060546875;0;107.50006103515625;0;;1;66446902;m2;199820;0;
..\..\world\generic\passivedoodads\lights\generaltorch01.m2;16487.685546875;165.0355682373047;19285.880859375;0;99.50006103515625;0;;1;66446945;m2;199820;0;
..\..\world\generic\passivedoodads\lights\generaltorch01.m2;16424.26953125;151.153076171875;19275.36328125;0;162;0;;1;66446983;m2;199820;0;
..\..\world\generic\passivedoodads\lights\generaltorch01.m2;16417.814453125;150.54737854003906;19300.517578125;0;95.50021362304688;0;;1;66446995;m2;199820;0;
..\..\world\generic\passivedoodads\lights\generaltorch01.m2;16225.5703125;152.7225799560547;19207.96484375;0;249.45315551757812;0;;1;66592326;m2;199820;0;
..\..\world\generic\passivedoodads\lights\generaltorch01.m2;16267.10546875;101.00868225097656;19597.52734375;0;99.50006103515625;0;;1;66446971;m2;199820;0;
..\..\world\generic\passivedoodads\lights\generaltorch01.m2;16150.427734375;79.89080047607422;19727.318359375;0;118.50006103515625;0;;1;66664774;m2;199820;0;
..\..\world\generic\passivedoodads\lights\generaltorch01.m2;16296.599609375;74.55183410644531;19733.3125;0;107.50006103515625;0;;1;66664811;m2;199820;0;
..\..\world\generic\passivedoodads\lights\generaltorch01.m2;16026.4228515625;94.29961395263672;19733.146484375;0;92.00006103515625;0;;1;66664851;m2;199820;0;
..\..\world\generic\passivedoodads\lights\generaltorch01.m2;16296.82421875;74.18656158447266;19725.65625;0;107.50006103515625;0;;1;66664858;m2;199820;0;
..\..\world\generic\passivedoodads\lights\generaltorch01.m2;16308.4580078125;74.38883209228516;19704.173828125;0;107.50006103515625;0;;1;66664882;m2;199820;0;
..\..\world\generic\passivedoodads\lights\generaltorch01.m2;16218.166015625;123.66150665283203;19348.37890625;0;277.5002136230469;0;;1;66733223;m2;199820;0;
..\..\world\generic\passivedoodads\lights\generaltorch01.m2;16064.4892578125;101.6402816772461;19270.490234375;0;330.50018310546875;0;;1;66814865;m2;199820;0;
..\..\world\generic\passivedoodads\lights\generaltorch01.m2;16257.9833984375;101.22396087646484;19593.818359375;0;99.50006103515625;0;;1;69360584;m2;199820;0;
..\..\world\generic\passivedoodads\weapons\flint_spear02.m2;16258.771484375;74.88927459716797;19703.513671875;-3.0001060962677;201.53697204589844;-8.000271797180176;;1;65974037;m2;200220;0;
..\..\world\generic\passivedoodads\weapons\flint_spear02.m2;16265.263671875;74.33905792236328;19710.87890625;-3.500007152557373;330.520263671875;-8.499983787536621;;1;65974009;m2;200220;0;
..\..\world\generic\passivedoodads\weapons\flint_spear02.m2;16265.16796875;74.26959991455078;19710.580078125;-2.5000205039978027;210.9627685546875;8.500100135803223;;1;65973931;m2;200220;0;
..\..\world\generic\passivedoodads\weapons\flint_spear02.m2;16258.822265625;74.84966278076172;19702.75390625;4.500070571899414;147.3287353515625;1.500022530555725;;1;65973909;m2;200220;0;
..\..\world\generic\passivedoodads\lights\generaltorch01.m2;16469.158203125;139.8145294189453;19496.19140625;0;145.5;0;;0.9892578125;66446933;m2;199820;0;
..\..\world\generic\passivedoodads\weapons\flint_spear02.m2;16263.9365234375;74.29044342041016;19711.662109375;2.0000193119049072;57.8310546875;10.000007629394531;;1;65974039;m2;200220;0;
..\..\world\generic\tauren\passivedoodads\animalcages\animalcage04.m2;16378.9052734375;144.98110961914062;19283.078125;-4.916561126708984;164.2908935546875;0.3496716320514679;;1;66592211;m2;200360;0;
..\..\world\generic\tauren\passivedoodads\animalcages\animalcage04.m2;16388.841796875;147.0403594970703;19293.71875;0.8335027694702148;192.90838623046875;-2.173370599746704;;1;66592321;m2;200360;0;
..\..\world\generic\passivedoodads\barrel\brokenbarrel01.m2;16304.1708984375;74.33687591552734;19733.5859375;0;0.00042724609375;0;;1;65973836;m2;199566;0;
..\..\world\generic\tauren\passivedoodads\animalcages\animalcage03.m2;16273.333984375;74.44676971435547;19688.97265625;-2.0844669342041016;51.441650390625;0.7218343615531921;;1;65974030;m2;200359;0;
..\..\world\generic\tauren\passivedoodads\animalcages\animalcage03.m2;16385.994140625;145.2102813720703;19293.58984375;-0.40482914447784424;38.6849365234375;-1.504158854484558;;1;66592336;m2;200359;0;
..\..\world\generic\tauren\passivedoodads\animalcages\animalcage04.m2;16471.615234375;143.2029571533203;19489.4453125;0;145.5;0;;0.9892578125;66446751;m2;200360;0;
..\..\world\azeroth\karazahn\passivedoodads\grainsacks\kn_spilledsack01.m2;16289.5458984375;74.23602294921875;19690.533203125;0;151.11907958984375;0;;1;65973989;m2;190018;0;
..\..\world\generic\tauren\passivedoodads\animalcages\animalcage03.m2;16274.1611328125;75.99932861328125;19686.94140625;0;318.6351318359375;0;;1;65973945;m2;200359;0;
..\..\world\generic\activedoodads\chest01\chest01.m2;16208.2021484375;124.05985260009766;19361.931640625;12.3674955368042;233.86019897460938;-0.041734479367733;;1.259765625;66592347;m2;196976;0;
..\..\world\generic\tauren\passivedoodads\animalcages\animalcage03.m2;16516.365234375;170.98614501953125;19371.77734375;-0.4048300087451935;147.18499755859375;-1.5041600465774536;;1;72348923;m2;200359;0;
..\..\world\generic\tauren\passivedoodads\animalcages\animalcage02.m2;16369.4482421875;144.3246612548828;19265.98828125;7.382888317108154;319.16168212890625;4.7298150062561035;;1;66733345;m2;200358;0;
..\..\world\generic\tauren\passivedoodads\animalcages\animalcage03.m2;16418.611328125;150.79383850097656;19301.96875;-8.399133682250977;71.33880615234375;5.7487568855285645;;1;66446753;m2;200359;0;
..\..\world\generic\tauren\passivedoodads\animalcages\animalcage03.m2;16383.0673828125;145.0089111328125;19272.498046875;0.14768937230110168;209.24508666992188;-0.20993681252002716;;1;66446924;m2;200359;0;
..\..\world\generic\quilboar\passivedoodads\troughs\razorfentrough01.m2;16522.60546875;171.66192626953125;19351.615234375;0.000004909198651148472;80.00006103515625;3.0001447200775146;;1;66814768;m2;200349;0;
..\..\world\generic\tauren\passivedoodads\chimes\taurenchimeswood.m2;16472.271484375;146.515869140625;19494.521484375;0;145.5;0;;0.9892578125;66446774;m2;200396;0;
..\..\world\generic\tauren\passivedoodads\animalcages\animalcage02.m2;16216.009765625;125.832763671875;19347.66015625;-6.356062889099121;83.14996337890625;-3.2609832286834717;;1;66733292;m2;200358;0;
..\..\world\generic\quilboar\passivedoodads\troughs\razorfentrough01.m2;16427.744140625;152.31947326660156;19277.259765625;1.5662587881088257;185.8168182373047;-10.136159896850586;;1;66446739;m2;200349;0;
..\..\world\generic\activedoodads\chest01\chest01.m2;16297.0673828125;123.35179138183594;19500.736328125;6.3575286865234375;288.807373046875;-3.2391388416290283;;1.3291015625;66592220;m2;196976;0;
..\..\world\generic\tauren\passivedoodads\animalcages\animalcage03.m2;16216.5615234375;124.38255310058594;19347.85546875;4.6766581535339355;252.80426025390625;4.145831108093262;;1;66733207;m2;200359;0;
..\..\world\generic\tauren\passivedoodads\animalcages\animalcage02.m2;16471.9453125;139.85536193847656;19488.154296875;0.98385089635849;176.6326904296875;-6.921530723571777;;0.9892578125;66446885;m2;200358;0;
..\..\world\generic\tauren\passivedoodads\animalcages\animalcage03.m2;16274.216796875;74.39972686767578;19686.94140625;0;336.1809997558594;0;;1;65973933;m2;200359;0;
..\..\world\generic\tauren\passivedoodads\animalcages\animalcage02.m2;16377.255859375;144.92617797851562;19283.1484375;-1.715402364730835;192.678955078125;-2.5641462802886963;;1;66592291;m2;200358;0;
..\..\world\generic\tauren\passivedoodads\animalcages\animalcage03.m2;16388.732421875;145.42457580566406;19293.732421875;2.2874746322631836;251.26788330078125;-0.43075114488601685;;1;66592235;m2;200359;0;
..\..\world\generic\tauren\passivedoodads\animalcages\animalcage02.m2;16420.24609375;150.74923706054688;19303.896484375;-0.4999868869781494;174.8204345703125;-3.5000200271606445;;1;66446889;m2;200358;0;
..\..\world\generic\tauren\passivedoodads\animalcages\animalcage02.m2;16381.904296875;144.8336639404297;19269.8046875;-0.4999988377094269;336.3204345703125;-3.5000057220458984;;1;66447006;m2;200358;0;
..\..\world\generic\tauren\passivedoodads\animalcages\animalcage02.m2;16067.10546875;101.6697998046875;19268.14453125;-0.49998730421066284;56.820404052734375;-3.50002121925354;;1;66814744;m2;200358;0;
..\..\world\generic\tauren\passivedoodads\sacks\taurensack03.m2;16269.76171875;74.87520599365234;19688.22265625;-5.0000834465026855;115.92965698242188;-4.5001540184021;;1;65973916;m2;200443;0;
..\..\world\generic\tauren\passivedoodads\sacks\taurensack03.m2;16270.513671875;75.12631225585938;19684.478515625;-6.499999046325684;45.65411376953125;4.500001907348633;;1;65973938;m2;200443;0;
..\..\world\generic\tauren\passivedoodads\sacks\taurensack03.m2;16270.7646484375;75.05631256103516;19685.92578125;12.500032424926758;291.4759521484375;4.499999046325684;;1;65973994;m2;200443;0;
..\..\world\generic\tauren\passivedoodads\animalcages\animalcage03.m2;16471.689453125;140.09640502929688;19489.5078125;4.804232597351074;176.18902587890625;-7.326488494873047;;0.9892578125;66446974;m2;200359;0;
..\..\world\generic\tauren\passivedoodads\sacks\taurensack01.m2;16479.701171875;140.7465362548828;19501.59765625;0;145.5;0;;0.9892578125;66446958;m2;200441;0;
..\..\world\generic\tauren\passivedoodads\animalcages\animalcage03.m2;16471.677734375;141.61671447753906;19489.38671875;0;97;0;;0.9892578125;66446944;m2;200359;0;
..\..\world\generic\tauren\passivedoodads\sacks\taurensack01.m2;16478.349609375;140.69097900390625;19501.375;0;218.50003051757812;0;;0.9697265625;66446746;m2;200441;0;
..\..\world\generic\human\passivedoodads\crates\stormwindcrate01.m2;16303.490234375;122.31964874267578;19512.041015625;26.92804527282715;341.35418701171875;-75.3621826171875;;1;66733302;m2;198168;0;
..\..\world\generic\tauren\passivedoodads\animalcages\animalcage03.m2;16515.65625;171.0623016357422;19369.2265625;0.701328694820404;359.727783203125;4.614479064941406;;1;72348920;m2;200359;0;
..\..\world\generic\orc\passivedoodads\barrelsandcrates\orccrate02.m2;16225.5078125;152.91592407226562;19206.953125;31.9461612701416;130.80172729492188;11.926009178161621;;1;66592226;m2;199095;0;
..\..\world\generic\human\passivedoodads\crates\stormwindcrate01.m2;16208.9248046875;125.55728912353516;19369.896484375;-9.46280574798584;31.688629150390625;-81.26524353027344;;1;66592357;m2;198168;0;
..\..\world\generic\orc\passivedoodads\bones\wailingcavernshangingbones03.m2;16297.4091796875;75.71466827392578;19732.330078125;0;148.2650146484375;0;;0.4892578125;65973913;m2;199116;0;
..\..\world\generic\tauren\passivedoodads\sacks\taurensack03.m2;16300.8427734375;73.89937591552734;19733.80078125;1.5000417232513428;0;-0.999994695186615;;1;65973979;m2;200443;0;
..\..\world\generic\human\passivedoodads\crates\stormwindcrate01.m2;16298.6484375;124.34983825683594;19500.630859375;10.903855323791504;294.7092590332031;-99.04994201660156;;1;66592270;m2;198168;0;
..\..\world\generic\tauren\passivedoodads\animalcages\animalcage03.m2;16070.041015625;101.46864318847656;19269.498046875;-4.3479485511779785;180.03094482421875;-0.02067326009273529;;1;66814835;m2;200359;0;
..\..\world\generic\satyr\passivedoodads\container\satyrcontainer02.m2;16258.498046875;75.1820068359375;19701.6796875;0;123.97100830078125;0;;1;65973861;m2;200351;0;
..\..\world\generic\tauren\passivedoodads\sacks\taurensack01.m2;16424.279296875;151.2108154296875;19276.498046875;0;108.111328125;0;;1;66446826;m2;200441;0;
..\..\world\generic\tauren\passivedoodads\sacks\taurensack01.m2;16525.146484375;171.41493225097656;19349.8671875;0;9.1114501953125;0;;1;66814670;m2;200441;0;
..\..\world\generic\tauren\passivedoodads\sacks\taurensack01.m2;16509.89453125;166.1147918701172;19268.86328125;0;175.111328125;0;;1;66814807;m2;200441;0;
..\..\world\generic\tauren\passivedoodads\drums\taurendrummed01.m2;16464.43359375;155.5055694580078;19533.95703125;0;210.3953857421875;0;;1;66446728;m2;200402;0;
..\..\world\generic\tauren\passivedoodads\drums\taurendrummed01.m2;16433.9296875;186.3324737548828;19257.828125;0;22.39532470703125;0;;1;66446768;m2;200402;0;
..\..\world\generic\tauren\passivedoodads\drums\taurendrummed01.m2;16409.595703125;170.6138458251953;19260.5390625;0;353.39532470703125;0;;1;66446815;m2;200402;0;
..\..\world\generic\tauren\passivedoodads\drums\taurendrummed01.m2;16490.818359375;176.42274475097656;19540.794921875;0;243.89535522460938;0;;1;66446880;m2;200402;0;
..\..\world\generic\tauren\passivedoodads\drums\taurendrummed01.m2;16476.115234375;190.26876831054688;19556.39453125;0;208.89535522460938;0;;1;66592224;m2;200402;0;
..\..\world\generic\tauren\passivedoodads\drums\taurendrummed01.m2;16523.0859375;174.61402893066406;19530.134765625;0;255.39535522460938;0;;1;66592269;m2;200402;0;
..\..\world\generic\tauren\passivedoodads\drums\taurendrummed01.m2;16515.94921875;164.123291015625;19510.263671875;0;266.8953857421875;0;;1;66733293;m2;200402;0;
..\..\world\generic\orc\passivedoodads\barrelsandcrates\orcbarrel01.m2;16225.669921875;153.51998901367188;19205.72265625;-62.35740280151367;318.6827087402344;72.29776000976562;;1;66592327;m2;199090;0;
..\..\world\generic\orc\passivedoodads\jugs\orcjug02.m2;16276.76171875;74.58766174316406;19722.337890625;0;222.73997497558594;0;;1;65973965;m2;199192;0;
..\..\world\azeroth\theblastedlands\passivedoodads\bones\blastedlandsbonepile02.m2;16451.2109375;147.9751739501953;19362.37890625;-24.600173950195312;227.04083251953125;-7.908735752105713;;1.17578125;66814854;m2;190437;0;
..\..\world\generic\orc\passivedoodads\jugs\orcjug02.m2;16307.6396484375;74.65986633300781;19709.728515625;0;40.5889892578125;0;;1;66143378;m2;199192;0;
..\..\world\generic\orc\passivedoodads\jugs\orcjug02.m2;16264.58984375;74.44096374511719;19713.44140625;0;51.260986328125;0;;1;65973879;m2;199192;0;
..\..\world\generic\tauren\passivedoodads\sacks\taurensack02.m2;16508.310546875;166.1147918701172;19268.703125;0;227.28099060058594;0;;1.349609375;66814910;m2;200442;0;
..\..\world\azeroth\theblastedlands\passivedoodads\bones\blastedlandsbonepile02.m2;16253.9560546875;108.7951431274414;19567.455078125;3.261763095855713;114.81934356689453;27.30714988708496;;1.1611328125;66733310;m2;190437;0;
..\..\world\azeroth\theblastedlands\passivedoodads\bones\blastedlandsbonepile02.m2;16246.3935546875;129.7257080078125;19353.984375;-7.007307529449463;155.6522216796875;-22.334016799926758;;1.1611328125;66733331;m2;190437;0;
..\..\world\generic\tauren\passivedoodads\sacks\taurensack02.m2;16526.72265625;171.41493225097656;19349.642578125;0;61.281005859375;0;;1.349609375;66814863;m2;200442;0;
..\..\world\azeroth\theblastedlands\passivedoodads\bones\blastedlandsbonepile02.m2;16246.369140625;129.01022338867188;19349.126953125;-16.531579971313477;128.76531982421875;-16.731937408447266;;1.17578125;66733346;m2;190437;0;
..\..\world\azeroth\theblastedlands\passivedoodads\bones\blastedlandsbonepile02.m2;16423.982421875;151.0463409423828;19298.384765625;-5.2145538330078125;132.54080200195312;-5.102202892303467;;1.17578125;66446947;m2;190437;0;
..\..\world\azeroth\theblastedlands\passivedoodads\bones\blastedlandsbonepile02.m2;16515.962890625;170.9427032470703;19386.5390625;-7.997885227203369;229.8355712890625;0.7425262928009033;;1.17578125;66814824;m2;190437;0;
..\..\world\generic\orc\passivedoodads\barrelsandcrates\orccrate01.m2;16226.619140625;152.8368682861328;19208.38671875;8.445423126220703;78.86907958984375;9.59304141998291;;1;66592328;m2;199094;0;
..\..\world\generic\orc\passivedoodads\barrelsandcrates\orcbarrel01.m2;16226.05859375;153.86795043945312;19202.453125;-83.00260162353516;325.6214599609375;169.99974060058594;;1;66592331;m2;199090;0;
..\..\world\azeroth\theblastedlands\passivedoodads\bones\blastedlandsbonepile02.m2;16380.119140625;144.9635467529297;19269.478515625;5.690213680267334;219.37704467773438;-1.0240163803100586;;1.1611328125;66446968;m2;190437;0;
..\..\world\generic\orc\passivedoodads\bowls\bowlwood02.m2;16207.6279296875;124.96926879882812;19371.779296875;10.71584701538086;232.64181518554688;-6.478447914123535;;1.849609375;66592216;m2;199122;0;
..\..\world\azeroth\theblastedlands\passivedoodads\bones\blastedlandsbonepile02.m2;16453.431640625;147.4972686767578;19363.30859375;-1.4046732187271118;295.67462158203125;-25.72902488708496;;1.1181640625;66814817;m2;190437;0;
..\..\world\azeroth\theblastedlands\passivedoodads\bones\blastedlandsbonepile02.m2;16321.6767578125;142.93923950195312;19226.58203125;-3.1851890087127686;234.50396728515625;1.0401833057403564;;1.17578125;66814876;m2;190437;0;
..\..\world\azeroth\theblastedlands\passivedoodads\bones\blastedlandsbonepile02.m2;16381.1142578125;144.9871368408203;19286.873046875;0;294.55078125;0;;1.2109375;66592267;m2;190437;0;
..\..\world\azeroth\theblastedlands\passivedoodads\bones\blastedlandsbonepile02.m2;16512.96484375;170.87538146972656;19361.76953125;-2.792947292327881;232.88790893554688;-1.3464369773864746;;1.1611328125;66814853;m2;190437;0;
..\..\world\generic\human\passivedoodads\crates\stormwindcrate01.m2;16207.5673828125;124.72312927246094;19370.26953125;-4.386812210083008;5.26715087890625;13.195001602172852;;1.009765625;66592231;m2;198168;0;
..\..\world\azeroth\theblastedlands\passivedoodads\bones\blastedlandsbonepile02.m2;16497.81640625;166.22222900390625;19265.7578125;-1.8411775827407837;114.62301635742188;5.220956325531006;;1.1611328125;66592345;m2;190437;0;
..\..\world\azeroth\theblastedlands\passivedoodads\bones\blastedlandsbonepile02.m2;16254.650390625;109.31944274902344;19564.4375;-15.354124069213867;152.96356201171875;23.080394744873047;;1.1181640625;66733334;m2;190437;0;
..\..\world\azeroth\theblastedlands\passivedoodads\bones\blastedlandsbonepile02.m2;16517.119140625;170.9427032470703;19392.248046875;-17.062862396240234;32.30096435546875;-10.461193084716797;;1.1611328125;66814755;m2;190437;0;
..\..\world\azeroth\theblastedlands\passivedoodads\bones\blastedlandsbonepile02.m2;16455.953125;147.53895568847656;19361.39453125;-18.004329681396484;256.25970458984375;-18.74530792236328;;1.1611328125;66814808;m2;190437;0;
..\..\world\azeroth\theblastedlands\passivedoodads\bones\blastedlandsbonepile02.m2;16424.599609375;151.2592315673828;19303.216796875;-2.222135543823242;160.393310546875;-6.945431232452393;;1.1611328125;66446868;m2;190437;0;
..\..\world\azeroth\theblastedlands\passivedoodads\bones\blastedlandsbonepile02.m2;16518.1640625;170.9427032470703;19376.654296875;-24.802888870239258;97.33770751953125;-39.13726806640625;;1.17578125;66814906;m2;190437;0;
..\..\world\generic\human\passivedoodads\crates\stormwindcrate01.m2;16298.443359375;123.62732696533203;19499.69140625;6.471614837646484;277.751220703125;-7.832405090332031;;1.009765625;66592219;m2;198168;0;
..\..\world\azeroth\theblastedlands\passivedoodads\bones\blastedlandsbonepile02.m2;16064.732421875;102.35243225097656;19273.830078125;4.249269485473633;23.256103515625;-1.0590741634368896;;1.1611328125;66814869;m2;190437;0;
..\..\world\generic\satyr\passivedoodads\container\satyrcontainer02.m2;16276.1259765625;74.73143005371094;19724.056640625;0;345.8895263671875;0;;1;65973917;m2;200351;0;
..\..\world\generic\orc\passivedoodads\barrelsandcrates\orccrate01.m2;16230.3515625;153.9565887451172;19200.8828125;9.00012493133545;7.755035400390625;-1.000017523765564;;1;66592238;m2;199094;0;
..\..\world\generic\tauren\passivedoodads\sacks\taurensack02.m2;16422.728515625;150.7478790283203;19275.69921875;0;176.281005859375;0;;1.349609375;66446853;m2;200442;0;
..\..\world\azeroth\theblastedlands\passivedoodads\bones\blastedlandsbonepile02.m2;16319.732421875;148.84201049804688;19300.50390625;3.846646547317505;236.91995239257812;0.637175440788269;;1.1181640625;66733236;m2;190437;0;
..\..\world\generic\passivedoodads\weapons\bone_shield.m2;16474.740234375;140.04617309570312;19485.22265625;-14.819096565246582;339.7342224121094;-81.36226654052734;;1;65973961;m2;200215;0;
..\..\world\azeroth\theblastedlands\passivedoodads\bones\blastedlandsbonepile02.m2;16422.828125;150.992431640625;19300.59765625;2.9932618141174316;202.17437744140625;-6.650670051574707;;1.1181640625;66446745;m2;190437;0;
..\..\world\azeroth\theblastedlands\passivedoodads\bones\blastedlandsbonepile02.m2;16520.2734375;170.94097900390625;19392.462890625;-10.390853881835938;74.75759887695312;-17.750577926635742;;1.1181640625;66814888;m2;190437;0;
..\..\world\azeroth\theblastedlands\passivedoodads\bones\blastedlandsbonepile02.m2;16245.0078125;128.8205108642578;19351.20703125;9.33932113647461;194.58013916015625;-21.50149154663086;;1.1181640625;66733214;m2;190437;0;
..\..\world\azeroth\theblastedlands\passivedoodads\bones\blastedlandsbonepile02.m2;16501.00390625;170.2604217529297;19364.50390625;-6.647904396057129;300.30035400390625;-6.071911811828613;;1.1181640625;66814735;m2;190437;0;
..\..\world\azeroth\theblastedlands\passivedoodads\bones\blastedlandsbonepile02.m2;16324.091796875;142.82943725585938;19227.302734375;-2.0633418560028076;304.6202087402344;-2.6403253078460693;;1.1181640625;66814703;m2;190437;0;
..\..\world\generic\passivedoodads\weapons\bone_shield.m2;16240.4296875;132.63601684570312;19414.013671875;-6.629547119140625;193.53305053710938;-78.24828338623047;;1;65973929;m2;200215;0;
..\..\world\generic\tauren\passivedoodads\sacks\taurensack02.m2;16430.986328125;152.88101196289062;19278.0234375;8.81811237335205;212.72650146484375;-13.607356071472168;;1;66446732;m2;200442;0;
..\..\world\azeroth\theblastedlands\passivedoodads\bones\blastedlandsbonepile02.m2;16519.42578125;171.41319274902344;19355.107421875;-2.0825464725494385;221.12310791015625;-2.177959680557251;;1.1181640625;66814721;m2;190437;0;
..\..\world\azeroth\theblastedlands\passivedoodads\bones\blastedlandsbonepile02.m2;16067.8427734375;101.9826431274414;19274.458984375;3.861300230026245;65.45489501953125;2.0670623779296875;;1.1181640625;66814737;m2;190437;0;
..\..\world\generic\satyr\passivedoodads\container\satyrcontainer02.m2;16307.697265625;74.76949310302734;19710.95703125;0;78.59188842773438;0;;1;66143421;m2;200351;0;
..\..\world\generic\tauren\passivedoodads\baskets\smallbasket01.m2;16476.650390625;140.72569274902344;19493.87890625;0;90.00003051757812;0;;0.9892578125;66446786;m2;200375;0;
..\..\world\generic\tauren\passivedoodads\bowls\taurenbowl07.m2;16430.244140625;152.69444274902344;19279.529296875;0;134.51223754882812;0;;1;66446852;m2;200384;0;
..\..\world\generic\orc\passivedoodads\barrelsandcrates\orcbarrel01.m2;16391.3515625;146.12400817871094;19293.0625;-89.91606903076172;332.3266296386719;-31.726396560668945;;1;66592272;m2;199090;0;
..\..\world\generic\tauren\passivedoodads\bowls\taurenbowl08.m2;16520.375;171.40451049804688;19352.17578125;0;229.440185546875;0;;1;66814905;m2;200385;0;
..\..\world\azeroth\theblastedlands\passivedoodads\bones\blastedlandsbonepile02.m2;16319.4267578125;148.32167053222656;19298.05078125;1.9100022315979004;166.80194091796875;-3.399746894836426;;1.17578125;66733352;m2;190437;0;
..\..\world\azeroth\theblastedlands\passivedoodads\bones\blastedlandsbonepile02.m2;16322.6796875;148.9016571044922;19301.658203125;3.2803516387939453;194.748291015625;-2.10861873626709;;1.1611328125;66733299;m2;190437;0;
..\..\world\azeroth\theblastedlands\passivedoodads\bones\blastedlandsbonepile02.m2;16375.666015625;144.7589111328125;19267.53515625;4.5454277992248535;191.3359375;-3.5762598514556885;;1.17578125;66446766;m2;190437;0;
..\..\world\azeroth\theblastedlands\passivedoodads\bones\blastedlandsbonepile02.m2;16498.419921875;166.26910400390625;19262.625;-4.864833831787109;156.6845703125;2.643575429916382;;1.1181640625;66592300;m2;190437;0;
..\..\world\generic\tauren\passivedoodads\bowls\taurenbowl07.m2;16511.759765625;166.3645782470703;19268.439453125;0;144.51226806640625;0;;1;66814750;m2;200384;0;
..\..\world\azeroth\theblastedlands\passivedoodads\bones\blastedlandsspine01.m2;16242.68359375;127.99404907226562;19350.921875;20.001956939697266;229.6541748046875;-12.310291290283203;;1.1484375;66733257;m2;190441;0;
..\..\world\generic\human\passivedoodads\crates\stormwindcrate01.m2;16304.947265625;122.69271087646484;19510.859375;5.373102188110352;350.64410400390625;-84.78884887695312;;1;66592334;m2;198168;0;
..\..\world\azeroth\theblastedlands\passivedoodads\bones\blastedlandsspine01.m2;16453.46875;146.78939819335938;19365.654296875;13.409239768981934;328.1864013671875;-22.20683479309082;;1.1484375;66814826;m2;190441;0;
..\..\world\azeroth\theblastedlands\passivedoodads\bones\blastedlandsspine01.m2;16259.2216796875;77.10282135009766;19679.337890625;-6.561625957489014;61.862091064453125;11.01360034942627;;1.1796875;65973882;m2;190441;0;
..\..\world\generic\tauren\passivedoodads\bowls\taurenbowl08.m2;16473.919921875;140.56423950195312;19497.7109375;0;145.5;0;;0.9892578125;66446905;m2;200385;0;
..\..\world\generic\tauren\passivedoodads\bowls\taurenbowl08.m2;16477.76953125;140.6755828857422;19499.90234375;0;145.5;0;;0.9892578125;66446976;m2;200385;0;
..\..\world\generic\tauren\passivedoodads\bowls\taurenbowl09.m2;16478.751953125;140.73785400390625;19499.205078125;0;145.5;0;;0.9892578125;66446821;m2;200386;0;
..\..\world\generic\tauren\passivedoodads\bowls\taurenbowl07.m2;16474.21484375;140.5590362548828;19499.84765625;0;145.5;0;;0.9892578125;66446948;m2;200384;0;
..\..\world\azeroth\theblastedlands\passivedoodads\bones\blastedlandsbonepile02.m2;16516.486328125;167.21714782714844;19276.14453125;-2.08254337310791;198.6231231689453;-2.177957773208618;;1.1181640625;66814847;m2;190437;0;
..\..\world\generic\passivedoodads\weapons\bone_shield.m2;16258.544921875;76.9614028930664;19680.046875;3.216336250305176;277.7351989746094;-92.66758728027344;;1;65973895;m2;200215;0;
..\..\world\azeroth\theblastedlands\passivedoodads\bones\blastedlandsspine01.m2;16516.73828125;170.9427032470703;19377.58984375;16.22919273376465;229.56382751464844;-28.364118576049805;;1.125;66814838;m2;190441;0;
..\..\world\azeroth\theblastedlands\passivedoodads\bones\blastedlandsbonepile02.m2;16383.1728515625;145.06423950195312;19292.109375;0;71.80374145507812;0;;1.119140625;66592352;m2;190437;0;
..\..\world\azeroth\theblastedlands\passivedoodads\bones\blastedlandsbonepile02.m2;16257.0791015625;109.63715362548828;19563.78515625;15.363041877746582;89.23095703125;23.07461929321289;;1.17578125;66733231;m2;190437;0;
..\..\world\generic\orc\passivedoodads\weapons\orcaxe02.m2;16306.8466796875;74.79454040527344;19708.576171875;88.50093078613281;93.53469848632812;2.000176429748535;;1;66143451;m2;199432;0;
..\..\world\generic\tauren\passivedoodads\bowls\taurenbowl05.m2;16474.185546875;140.5677032470703;19498.796875;0;145.5;0;;0.9892578125;66446756;m2;200382;0;
..\..\world\generic\tauren\passivedoodads\bowls\taurenbowl03.m2;16394.015625;145.04116821289062;19271.01171875;3.000220775604248;137.847900390625;4.000304222106934;;1;66446795;m2;200380;0;
..\..\world\azeroth\theblastedlands\passivedoodads\bones\blastedlandsspine01.m2;16255.318359375;109.4201431274414;19564.466796875;-26.851613998413086;224.4288787841797;-6.104360103607178;;1.125;66733340;m2;190441;0;
..\..\world\azeroth\theblastedlands\passivedoodads\bones\blastedlandsspine01.m2;16520.341796875;170.9427032470703;19393.123046875;4.5326433181762695;140.0645751953125;-15.924588203430176;;1.125;66814925;m2;190441;0;
..\..\world\azeroth\theblastedlands\passivedoodads\bones\blastedlandsspine01.m2;16474.359375;139.7465362548828;19484.318359375;1.807625412940979;125.843017578125;-8.531049728393555;;1.1796875;65973951;m2;190441;0;
..\..\world\azeroth\theblastedlands\passivedoodads\bones\blastedlandsspine01.m2;16420.376953125;150.7498321533203;19300.55078125;6.294994831085205;237.62147521972656;-3.6848671436309814;;1.1484375;66446912;m2;190441;0;
..\..\world\generic\orc\passivedoodads\barrelsandcrates\orcbarrel01.m2;16391.06640625;145.66566467285156;19294.380859375;-2.6994168758392334;335.7685546875;2.6237754821777344;;1;66733240;m2;199090;0;
..\..\world\generic\orc\passivedoodads\barrelsandcrates\orcbarrel01.m2;16393.615234375;146.1824493408203;19293.6640625;-2.6994171142578125;335.7685546875;2.623774766921997;;1;66733283;m2;199090;0;
..\..\world\azeroth\theblastedlands\passivedoodads\bones\blastedlandsspine01.m2;16253.0185546875;109.70834350585938;19562.70703125;-25.786771774291992;189.33038330078125;9.859563827514648;;1.1484375;66733200;m2;190441;0;
..\..\world\azeroth\theblastedlands\passivedoodads\bones\blastedlandsbonepile02.m2;16382.521484375;145.00868225097656;19285.00390625;0;216.43557739257812;0;;1.03125;66592349;m2;190437;0;
..\..\world\azeroth\theblastedlands\passivedoodads\bones\blastedlandsspine01.m2;16477.046875;138.99305725097656;19477.275390625;-1.4351894855499268;298.36981201171875;8.601075172424316;;1.1796875;65973875;m2;190441;0;
..\..\world\azeroth\theblastedlands\passivedoodads\bones\blastedlandsspine01.m2;16242.55859375;131.4347686767578;19423.580078125;6.984367370605469;157.6353759765625;6.246004581451416;;1.1796875;65973863;m2;190441;0;
..\..\world\azeroth\theblastedlands\passivedoodads\bones\blastedlandsbonepile02.m2;16384.732421875;145.03298950195312;19273.3828125;0;29.43560791015625;0;;1.03125;66733180;m2;190437;0;
..\..\world\generic\orc\passivedoodads\jugs\orcjug02.m2;16300.650390625;74.33149719238281;19726.259765625;0;356.1217041015625;0;;1;65973864;m2;199192;0;
..\..\world\azeroth\theblastedlands\passivedoodads\bones\blastedlandsspine01.m2;16241.2490234375;132.42630004882812;19414.587890625;-6.705785274505615;340.13763427734375;-6.5442280769348145;;1.1796875;65973908;m2;190441;0;
..\..\world\azeroth\theblastedlands\passivedoodads\bones\blastedlandsbonepile02.m2;16326.26171875;143.49131774902344;19224.890625;-3.3007595539093018;262.4993591308594;-0.575721800327301;;1.1611328125;66814896;m2;190437;0;
..\..\world\azeroth\theblastedlands\passivedoodads\bones\blastedlandsbonepile02.m2;16500.833984375;166.2309112548828;19261.953125;0.816267192363739;86.79595947265625;5.474841117858887;;1.17578125;66592323;m2;190437;0;
..\..\world\azeroth\theblastedlands\passivedoodads\bones\blastedlandsbonepile02.m2;16068.51171875;101.66841125488281;19276.828125;3.256915807723999;355.261962890625;-2.928743362426758;;1.17578125;66814699;m2;190437;0;
..\..\world\azeroth\theblastedlands\passivedoodads\bones\blastedlandsspine01.m2;16375.6572265625;144.3148193359375;19271.837890625;2.2187724113464355;297.09722900390625;5.33991813659668;;1.1484375;66446926;m2;190441;0;
..\..\world\generic\tauren\passivedoodads\bowls\taurenbowl08.m2;16429.150390625;152.48419189453125;19279.08203125;6.376358509063721;343.59466552734375;12.317221641540527;;1;66446838;m2;200385;0;
..\..\world\generic\tauren\passivedoodads\bowls\taurenbowl07.m2;16519.529296875;171.39236450195312;19353.00390625;0;21.012298583984375;0;;1;66814745;m2;200384;0;
..\..\world\azeroth\theblastedlands\passivedoodads\bones\blastedlandsbonepile02.m2;16376.9609375;144.579833984375;19269.693359375;4.904729843139648;261.649169921875;3.064427137374878;;1.1181640625;66446936;m2;190437;0;
..\..\world\azeroth\theblastedlands\passivedoodads\bones\blastedlandsspine01.m2;16382.451171875;145.03543090820312;19290.869140625;0;107.8434829711914;0;;1.21875;66592350;m2;190441;0;
..\..\world\azeroth\theblastedlands\passivedoodads\bones\blastedlandsspine01.m2;16452.291015625;148.5098876953125;19360.60546875;-6.908742427825928;133.1259765625;24.882341384887695;;1.0693359375;66814898;m2;190441;0;
..\..\world\azeroth\theblastedlands\passivedoodads\bones\blastedlandsspine01.m2;16521.830078125;170.94097900390625;19390.54296875;-2.189603567123413;109.36553955078125;-18.958768844604492;;1.1484375;66814723;m2;190441;0;
..\..\world\azeroth\theblastedlands\passivedoodads\bones\blastedlandsbonepile02.m2;16521.306640625;170.94444274902344;19394.71875;-17.906084060668945;3.322723388671875;-3.695651054382324;;1.17578125;66814855;m2;190437;0;
..\..\world\azeroth\theblastedlands\passivedoodads\bones\blastedlandsspine01.m2;16376.8134765625;144.83506774902344;19269.03515625;-0.8805176615715027;328.32757568359375;5.714159965515137;;1.125;66446952;m2;190441;0;
..\..\world\generic\tauren\passivedoodads\drums\taurendrumsmall01.m2;16516.501953125;164.1944122314453;19511.26953125;0;130.99038696289062;0;;1;66733189;m2;200403;0;
..\..\world\azeroth\theblastedlands\passivedoodads\bones\blastedlandsspine01.m2;16499.091796875;166.2447967529297;19262.66015625;-4.335262775421143;223.7810516357422;-3.4447789192199707;;1.125;66592333;m2;190441;0;
..\..\world\azeroth\theblastedlands\passivedoodads\bones\blastedlandsbonepile02.m2;16518.056640625;170.9479522705078;19395.029296875;1.2351884841918945;124.02056884765625;-17.95918083190918;;0.9306640625;66814739;m2;190437;0;
..\..\world\azeroth\theblastedlands\passivedoodads\bones\blastedlandsspine01.m2;16319.8642578125;148.74826049804688;19299.859375;0.9264020323753357;303.7830505371094;3.7875051498413086;;1.125;66733219;m2;190441;0;
..\..\world\generic\tauren\passivedoodads\drums\taurendrumsmall01.m2;16410.634765625;170.54513549804688;19260.05078125;0;217.4903564453125;0;;1;66446891;m2;200403;0;
..\..\world\generic\orc\passivedoodads\weapons\orcsword02.m2;16302.7548828125;124.4826431274414;19499.228515625;-81.71869659423828;340.7677917480469;17.437957763671875;;1;66592204;m2;199446;0;
..\..\world\generic\tauren\passivedoodads\bowls\taurenbowl06.m2;16522.61328125;171.41319274902344;19349.4609375;0;248.29354858398438;0;;1;66814743;m2;200383;0;
..\..\world\azeroth\theblastedlands\passivedoodads\bones\blastedlandsbonepile02.m2;16515.330078125;170.9427032470703;19393.130859375;-13.073659896850586;61.4146728515625;-16.023435592651367;;0.92578125;66814762;m2;190437;0;
..\..\world\azeroth\theblastedlands\passivedoodads\bones\blastedlandsbonepile02.m2;16254.4921875;108.5193862915039;19569.3125;-9.769976615905762;140.43551635742188;25.818803787231445;;0.92578125;66733322;m2;190437;0;
..\..\world\generic\tauren\passivedoodads\bowls\taurenbowl02.m2;16420.330078125;170.1547088623047;19263.005859375;0;145.897216796875;0;;1;66446845;m2;200379;0;
..\..\world\azeroth\theblastedlands\passivedoodads\bones\blastedlandsspine01.m2;16067.80859375;101.96006774902344;19275.115234375;-0.3793080449104309;132.224609375;4.3626017570495605;;1.125;66814773;m2;190441;0;
..\..\world\generic\tauren\passivedoodads\bowls\taurenbowl08.m2;16511.1953125;166.36805725097656;19270.4453125;0;342.940185546875;0;;1;66814856;m2;200385;0;
..\..\world\azeroth\theblastedlands\passivedoodads\bones\blastedlandsspine01.m2;16512.525390625;170.9652862548828;19364.86328125;-3.3490304946899414;335.6971130371094;-7.671100616455078;;1.1484375;66814872;m2;190441;0;
..\..\world\generic\tauren\passivedoodads\bowls\taurenbowl03.m2;16473.25;140.53298950195312;19498.4765625;0;145.5;0;;0.9892578125;66446750;m2;200380;0;
..\..\world\generic\tauren\passivedoodads\bowls\taurenbowl04.m2;16474.76171875;140.57986450195312;19500.994140625;0;145.5;0;;0.9892578125;66446977;m2;200381;0;
..\..\world\generic\satyr\passivedoodads\container\satyrcontainer01.m2;16266.255859375;74.57067108154297;19712.822265625;0;227.35604858398438;0;;1;65973905;m2;200350;0;
..\..\world\azeroth\theblastedlands\passivedoodads\bones\blastedlandsspine01.m2;16380.337890625;144.94793701171875;19271.197265625;-21.89635467529297;108.41177368164062;28.61286163330078;;1.0693359375;66446831;m2;190441;0;
..\..\world\azeroth\theblastedlands\passivedoodads\bones\blastedlandsspine01.m2;16453.44921875;147.96823120117188;19361.751953125;-5.166487693786621;129.38385009765625;25.276094436645508;;1.0458984375;66814785;m2;190441;0;
..\..\world\azeroth\theblastedlands\passivedoodads\bones\blastedlandsspine01.m2;16245.5166015625;129.0590362548828;19350.796875;23.34978675842285;263.3018798828125;0.44020912051200867;;1.125;66733252;m2;190441;0;
..\..\world\azeroth\theblastedlands\passivedoodads\bones\blastedlandsspine01.m2;16324.583984375;142.6840362548828;19229.85546875;-0.14906097948551178;340.052978515625;-3.3472464084625244;;1.1484375;66814786;m2;190441;0;
..\..\world\azeroth\theblastedlands\passivedoodads\bones\blastedlandsbonepile02.m2;16256.8759765625;109.2170181274414;19566.953125;-27.3959903717041;206.07907104492188;2.3187520503997803;;0.9306640625;66733356;m2;190437;0;
..\..\world\generic\tauren\passivedoodads\drums\taurendrumsmall01.m2;16523.427734375;174.2650146484375;19531.232421875;0;119.49038696289062;0;;1;66592245;m2;200403;0;
..\..\world\azeroth\theblastedlands\passivedoodads\bones\blastedlandsbonepile02.m2;16518.41796875;170.9427032470703;19379.890625;14.418378829956055;212.14967346191406;-34.836055755615234;;0.9306640625;66814742;m2;190437;0;
..\..\world\azeroth\theblastedlands\passivedoodads\bones\blastedlandsspine01.m2;16258.2890625;78.54825592041016;19674.259765625;34.5244026184082;4.40386962890625;9.08803939819336;;1.1796875;65973982;m2;190441;0;
..\..\world\azeroth\theblastedlands\passivedoodads\bones\blastedlandsspine01.m2;16247.9052734375;129.72918701171875;19350.44140625;-15.824216842651367;33.21868896484375;17.400354385375977;;1.0693359375;66733298;m2;190441;0;
..\..\world\azeroth\theblastedlands\passivedoodads\bones\blastedlandsspine01.m2;16496.6953125;166.56076049804688;19260.783203125;-5.49353551864624;192.30535888671875;-0.6787983775138855;;1.1484375;66592266;m2;190441;0;
..\..\world\generic\tauren\passivedoodads\drums\taurendrumsmall01.m2;16490.93359375;176.62686157226562;19541.935546875;0;107.99041748046875;0;;1;66446775;m2;200403;0;
..\..\world\generic\tauren\passivedoodads\drums\taurendrumsmall01.m2;16463.8984375;155.41854858398438;19534.97265625;0;74.49038696289062;0;;1;66446910;m2;200403;0;
..\..\world\generic\tauren\passivedoodads\drums\taurendrumsmall01.m2;16434.599609375;186.3175811767578;19256.89453125;0;246.4903564453125;0;;1;66446917;m2;200403;0;
..\..\world\generic\tauren\passivedoodads\drums\taurendrumsmall01.m2;16475.5546875;190.58920288085938;19557.396484375;0;72.9903564453125;0;;1;66592292;m2;200403;0;
..\..\world\azeroth\theblastedlands\passivedoodads\bones\blastedlandsbonepile02.m2;16378.8427734375;144.9895782470703;19266.783203125;0.7583789825439453;312.0835266113281;5.731556415557861;;0.9306640625;66446848;m2;190437;0;
..\..\world\azeroth\theblastedlands\passivedoodads\bones\blastedlandsspine01.m2;16452.9609375;147.66787719726562;19362.888671875;22.918094635009766;359.745361328125;-12.103694915771484;;1.125;66814693;m2;190441;0;
..\..\world\azeroth\theblastedlands\passivedoodads\bones\blastedlandsbonepile02.m2;16062.8828125;102.57637786865234;19274.337890625;4.235745906829834;51.9896240234375;1.1120034456253052;;0.92578125;66814738;m2;190437;0;
..\..\world\azeroth\theblastedlands\passivedoodads\bones\blastedlandsspine01.m2;16425.74609375;151.37326049804688;19299.53515625;-5.020207405090332;41.41424560546875;5.293371677398682;;1.0693359375;66446836;m2;190441;0;
..\..\world\azeroth\theblastedlands\passivedoodads\bones\blastedlandsbonepile02.m2;16324.5634765625;149.05258178710938;19301.462890625;3.889254570007324;223.4525146484375;-0.2755124568939209;;0.92578125;66733232;m2;190437;0;
..\..\world\generic\orc\passivedoodads\shields\orcshield03.m2;16211.9052734375;125.68978118896484;19371.99609375;-83.98135375976562;266.7895202636719;123.29945373535156;;1;66592276;m2;199254;0;
..\..\world\azeroth\theblastedlands\passivedoodads\bones\blastedlandsspine01.m2;16499.5390625;169.4652862548828;19361.76171875;0.007661657873541117;139.34503173828125;3.783665657043457;;1.0693359375;66814771;m2;190441;0;
..\..\world\azeroth\theblastedlands\passivedoodads\bones\blastedlandsbonepile02.m2;16065.2421875;102.10417938232422;19276.673828125;0.8611800074577332;115.94515991210938;4.293682098388672;;0.9306640625;66814782;m2;190437;0;
..\..\world\generic\tauren\passivedoodads\bowls\taurenbowl04.m2;16395.181640625;145.10304260253906;19271.36328125;2.0000221729278564;69.2930908203125;-1.5000214576721191;;1;66446966;m2;200381;0;
..\..\world\azeroth\theblastedlands\passivedoodads\bones\blastedlandsbonepile02.m2;16498.380859375;166.22222900390625;19267.646484375;-4.117674827575684;143.22702026367188;3.7022252082824707;;0.92578125;66592322;m2;190437;0;
..\..\world\azeroth\theblastedlands\passivedoodads\bones\blastedlandsspine01.m2;16519.724609375;171.40972900390625;19354.517578125;1.1825064420700073;287.90875244140625;-2.7714881896972656;;1.125;66814815;m2;190441;0;
..\..\world\azeroth\theblastedlands\passivedoodads\bones\blastedlandsspine01.m2;16322.416015625;143.3038330078125;19224.55859375;1.075284719467163;143.900634765625;3.173494577407837;;1.0693359375;66814919;m2;190441;0;
..\..\world\azeroth\theblastedlands\passivedoodads\bones\blastedlandsbonepile02.m2;16453.486328125;148.50120544433594;19360.072265625;18.628021240234375;342.8842468261719;-18.125946044921875;;0.9306640625;66814909;m2;190437;0;
..\..\world\azeroth\theblastedlands\passivedoodads\bones\blastedlandsspine01.m2;16069.6728515625;101.86649322509766;19272.830078125;1.945810317993164;100.92780303955078;3.923753261566162;;1.1484375;66814787;m2;190441;0;
..\..\world\azeroth\theblastedlands\passivedoodads\bones\blastedlandsbonepile02.m2;16456.794921875;148.25294494628906;19359.73828125;-7.16273832321167;283.4948425292969;-24.814672470092773;;0.92578125;66814852;m2;190437;0;
..\..\world\generic\tauren\passivedoodads\sacks\taurensack02.m2;16509.599609375;166.1147918701172;19270.16015625;0;316.5458679199219;0;;1;66814871;m2;200442;0;
..\..\world\generic\tauren\passivedoodads\sacks\taurensack02.m2;16300.837890625;74.04515838623047;19732.8203125;0;320.99993896484375;0;;1;65974000;m2;200442;0;
..\..\world\azeroth\theblastedlands\passivedoodads\bones\blastedlandsspine01.m2;16253.1552734375;108.78472137451172;19567.74609375;-15.185750961303711;152.55511474609375;23.187944412231445;;1;66733211;m2;190441;0;
..\..\world\generic\tauren\passivedoodads\sacks\taurensack02.m2;16516.712890625;170.8999786376953;19387.19140625;0;45.281005859375;0;;1;66814716;m2;200442;0;
..\..\world\azeroth\theblastedlands\passivedoodads\bones\blastedlandsbonepile02.m2;16500.740234375;166.22222900390625;19265.2578125;-5.128293991088867;207.4179229736328;-2.085728645324707;;0.9306640625;66592210;m2;190437;0;
..\..\world\azeroth\theblastedlands\passivedoodads\bones\blastedlandsspine01.m2;16246.54296875;129.42762756347656;19351.4375;-14.558627128601074;29.16778564453125;18.462360382080078;;1.0458984375;66733260;m2;190441;0;
..\..\world\azeroth\theblastedlands\passivedoodads\bones\blastedlandsbonepile02.m2;16248.1953125;130.13888549804688;19351.6953125;22.479345321655273;245.59124755859375;-6.503079414367676;;0.9306640625;66733206;m2;190437;0;
..\..\world\azeroth\theblastedlands\passivedoodads\bones\blastedlandsbonepile02.m2;16516.783203125;170.9427032470703;19382.54296875;-5.530585289001465;150.524169921875;-47.80409622192383;;0.92578125;66814903;m2;190437;0;
..\..\world\azeroth\theblastedlands\passivedoodads\bones\blastedlandsbonepile03.m2;16453.80078125;148.80113220214844;19358.99609375;6.196783065795898;311.5870361328125;-25.05793571472168;;1.2470703125;66814818;m2;190438;0;
..\..\world\azeroth\theblastedlands\passivedoodads\bones\blastedlandsbonepile02.m2;16381.7490234375;145.0121612548828;19268.47265625;5.482111930847168;248.16917419433594;1.8385957479476929;;0.92578125;66446806;m2;190437;0;
..\..\world\generic\tauren\passivedoodads\sacks\taurensack02.m2;16479.162109375;140.734375;19500.513671875;0;145.5;0;;0.9892578125;66446956;m2;200442;0;
..\..\world\generic\orc\passivedoodads\weapons\orcsword02.m2;16210.3203125;125.57161712646484;19371.92578125;-86.50486755371094;182.50003051757812;-41.503639221191406;;1;66592308;m2;199446;0;
..\..\world\azeroth\theblastedlands\passivedoodads\bones\blastedlandsbonepile02.m2;16377.884765625;144.95660400390625;19279.67578125;0;45.5401611328125;0;;0.9169921875;66733185;m2;190437;0;
..\..\world\azeroth\theblastedlands\passivedoodads\bones\blastedlandsspine01.m2;16504.099609375;170.078125;19362.49609375;-6.680373191833496;299.8713073730469;-6.040667533874512;;1;66814849;m2;190441;0;
..\..\world\azeroth\theblastedlands\passivedoodads\bones\blastedlandsspine01.m2;16456.7265625;147.6470489501953;19361.65625;-1.5906275510787964;295.2884521484375;-25.71883773803711;;1;66814736;m2;190441;0;
..\..\world\generic\tauren\passivedoodads\sacks\taurensack02.m2;16525.12109375;171.41493225097656;19348.537109375;0;150.54592895507812;0;;1;66814748;m2;200442;0;
..\..\world\azeroth\theblastedlands\passivedoodads\bones\blastedlandsspine01.m2;16500.841796875;169.78298950195312;19362.87890625;0.3938102424144745;135.25393676757812;3.5910749435424805;;1.0458984375;66814791;m2;190441;0;
..\..\world\generic\orc\passivedoodads\bowls\bowlwood02.m2;16274.9208984375;74.68412017822266;19723.11328125;0;26.89166259765625;0;;1.44921875;65974028;m2;199122;0;
..\..\world\azeroth\theblastedlands\passivedoodads\bones\blastedlandsspine01.m2;16424.451171875;151.196044921875;19300.666015625;-4.628659248352051;37.30950927734375;5.638700008392334;;1.0458984375;66446829;m2;190441;0;
..\..\world\azeroth\theblastedlands\passivedoodads\bones\blastedlandsspine01.m2;16323.8046875;143.18923950195312;19225.611328125;1.299795150756836;139.796875;3.0883994102478027;;1.0458984375;66814732;m2;190441;0;
..\..\world\azeroth\theblastedlands\passivedoodads\bones\blastedlandsspine01.m2;16323.5322265625;142.91319274902344;19226.86328125;1.6148171424865723;11.385009765625;-2.936129331588745;;1.125;66814831;m2;190441;0;
..\..\world\generic\tauren\passivedoodads\sacks\taurensack02.m2;16386.337890625;144.87759399414062;19270.72265625;0;333.9981689453125;0;;1;66446862;m2;200442;0;
..\..\world\azeroth\theblastedlands\passivedoodads\bones\blastedlandsbonepile02.m2;16326.7822265625;143.32859802246094;19223.01953125;-2.6202850341796875;291.1837463378906;-2.0889198780059814;;0.92578125;66814788;m2;190437;0;
..\..\world\azeroth\theblastedlands\passivedoodads\bones\blastedlandsbonepile02.m2;16322.6083984375;148.5729217529297;19298.73828125;1.9531694650650024;287.4837646484375;3.3751754760742188;;0.9306640625;66733268;m2;190437;0;
..\..\world\generic\tauren\passivedoodads\sacks\taurensack02.m2;16516.939453125;167.3385467529297;19276.77734375;0;25.281005859375;0;;1;66814816;m2;200442;0;
..\..\world\azeroth\theblastedlands\passivedoodads\bones\blastedlandsbonepile03.m2;16249.1953125;130.5104217529297;19352.154296875;15.313600540161133;211.55003356933594;-17.84821891784668;;1.2470703125;66733267;m2;190438;0;
..\..\world\azeroth\theblastedlands\passivedoodads\bones\blastedlandsbonepile03.m2;16500.8828125;168.88888549804688;19359.99609375;-5.1346964836120605;317.9013671875;-7.124047756195068;;1.2470703125;66814825;m2;190438;0;
..\..\world\azeroth\theblastedlands\passivedoodads\bones\blastedlandsspine01.m2;16255.708984375;109.28125;19565.6171875;20.767765045166016;347.90228271484375;-18.419923782348633;;1.0458984375;66733333;m2;190441;0;
..\..\world\azeroth\theblastedlands\passivedoodads\bones\blastedlandsspine01.m2;16321.1083984375;148.71170043945312;19299.65234375;-3.5451419353485107;72.13800048828125;-1.6239908933639526;;1.0458984375;66733259;m2;190441;0;
..\..\world\azeroth\theblastedlands\passivedoodads\bones\blastedlandsspine01.m2;16321.5341796875;148.44619750976562;19298.00390625;-3.419705867767334;76.25262451171875;-1.873988389968872;;1.0693359375;66733296;m2;190441;0;
..\..\world\azeroth\theblastedlands\passivedoodads\bones\blastedlandsspine01.m2;16327.0927734375;143.5121612548828;19225.056640625;-2.082998275756836;304.19195556640625;-2.624952793121338;;1;66814695;m2;190441;0;
..\..\world\azeroth\theblastedlands\passivedoodads\bones\blastedlandsbonepile02.m2;16503.9296875;169.65972900390625;19360.462890625;-7.5473198890686035;286.82635498046875;-4.984158515930176;;0.92578125;66814704;m2;190437;0;
..\..\world\azeroth\theblastedlands\passivedoodads\bones\blastedlandsspine01.m2;16302.5302734375;124.4201431274414;19499.46484375;2.884537935256958;245.28848266601562;-6.725001335144043;;1;66592301;m2;190441;0;
..\..\world\azeroth\theblastedlands\passivedoodads\bones\blastedlandsspine01.m2;16322.837890625;149.1851806640625;19302.48828125;3.8513097763061523;236.49057006835938;0.608362078666687;;1;66733222;m2;190441;0;
..\..\world\generic\tauren\passivedoodads\sacks\taurensack02.m2;16385.529296875;144.7047882080078;19270.244140625;0;157.00396728515625;0;;1;66447001;m2;200442;0;
..\..\world\azeroth\theblastedlands\passivedoodads\bones\blastedlandsbonepile03.m2;16427.30859375;151.7102813720703;19301.107421875;4.862521648406982;219.72885131835938;-5.438622951507568;;1.2470703125;66446736;m2;190438;0;
..\..\world\azeroth\theblastedlands\passivedoodads\bones\blastedlandsspine01.m2;16497.015625;166.22222900390625;19266.046875;-4.84493350982666;156.2550048828125;2.679934024810791;;1;66592244;m2;190441;0;
..\..\world\azeroth\theblastedlands\passivedoodads\bones\blastedlandsbonepile02.m2;16384.939453125;145.0416717529297;19290.328125;0;20.0401611328125;0;;0.9169921875;66592203;m2;190437;0;
..\..\world\azeroth\theblastedlands\passivedoodads\bones\blastedlandsbonepile02.m2;16426.20703125;151.50048828125;19300.75390625;7.035003185272217;252.7581024169922;-1.917885184288025;;0.9306640625;66446737;m2;190437;0;
..\..\world\generic\tauren\passivedoodads\sacks\taurensack02.m2;16479.65625;140.77256774902344;19499.765625;0;246.50003051757812;0;;0.9892578125;66446914;m2;200442;0;
..\..\world\azeroth\theblastedlands\passivedoodads\bones\blastedlandsspine01.m2;16257.447265625;109.43576049804688;19565.796875;22.01438331604004;352.1072998046875;-16.8855037689209;;1.0693359375;66733176;m2;190441;0;
..\..\world\azeroth\theblastedlands\passivedoodads\bones\blastedlandsbonepile02.m2;16513.513671875;171.1371612548828;19359.75;-1.77346670627594;350.6668701171875;-7.6881422996521;;0.9306640625;66814713;m2;190437;0;
..\..\world\azeroth\theblastedlands\passivedoodads\bones\blastedlandsspine01.m2;16064.447265625;102.37325286865234;19273.048828125;3.8766353130340576;65.0257568359375;2.038115978240967;;1;66814700;m2;190441;0;
..\..\world\azeroth\theblastedlands\passivedoodads\bones\blastedlandsspine01.m2;16506.30859375;170.3177032470703;19361.86328125;-0.12286713719367981;6.90631103515625;-7.246363162994385;;1.125;66814668;m2;190441;0;
..\..\world\azeroth\theblastedlands\passivedoodads\bones\blastedlandsspine01.m2;16523.208984375;170.9427032470703;19393.91015625;-17.4329776763916;27.447967529296875;-9.370363235473633;;0.9228515625;66814763;m2;190441;0;
..\..\world\generic\passivedoodads\weapons\skullclub01.m2;16260.4990234375;77.25059509277344;19679.115234375;56.2305793762207;134.8275146484375;67.4588394165039;;1;65973919;m2;200233;0;
..\..\world\generic\passivedoodads\weapons\skullclub01.m2;16474.78515625;139.62673950195312;19483.064453125;77.21431732177734;206.46896362304688;76.5345687866211;;1;65973962;m2;200233;0;
..\..\world\azeroth\theblastedlands\passivedoodads\bones\blastedlandsspine01.m2;16210.65234375;125.51835632324219;19371.8671875;0.5000145435333252;28.500213623046875;0;;1;66592258;m2;190441;0;
..\..\world\azeroth\theblastedlands\passivedoodads\bones\blastedlandsspine01.m2;16317.6884765625;148.92535400390625;19301.837890625;2.762378215789795;272.44091796875;2.7527801990509033;;1.1484375;66733169;m2;190441;0;
..\..\world\azeroth\theblastedlands\passivedoodads\bones\blastedlandsspine01.m2;16423.3046875;151.04698181152344;19300.134765625;7.288971424102783;269.2115478515625;0.14744329452514648;;1.125;66446907;m2;190441;0;
..\..\world\azeroth\theblastedlands\passivedoodads\bones\blastedlandsspine01.m2;16384.99609375;144.00424194335938;19282.791015625;0;149.59274291992188;0;;0.9990234375;66592242;m2;190441;0;
..\..\world\azeroth\theblastedlands\passivedoodads\bones\blastedlandsspine01.m2;16518.7578125;170.9427032470703;19378.65234375;-19.41929817199707;2.21368408203125;-6.190664768218994;;1.0693359375;66814767;m2;190441;0;
..\..\world\azeroth\theblastedlands\passivedoodads\bones\blastedlandsbonepile03.m2;16323.6123046875;143.46377563476562;19222.6015625;-1.1681649684906006;322.21630859375;-3.1404783725738525;;1.2470703125;66814832;m2;190438;0;
..\..\world\azeroth\theblastedlands\passivedoodads\bones\blastedlandsspine01.m2;16516.68359375;170.9427032470703;19391.603515625;-10.482166290283203;74.3349609375;-17.705690383911133;;1;66814760;m2;190441;0;
..\..\world\azeroth\theblastedlands\passivedoodads\bones\blastedlandsbonepile02.m2;16426.263671875;151.57568359375;19304.119140625;1.3702712059020996;188.82586669921875;-7.161209583282471;;0.92578125;66446895;m2;190437;0;
..\..\world\azeroth\theblastedlands\passivedoodads\bones\blastedlandsspine01.m2;16516.98828125;167.1956329345703;19275.712890625;1.1825064420700073;265.4087829589844;-2.771489143371582;;1.125;66814884;m2;190441;0;
..\..\world\generic\tauren\passivedoodads\sacks\taurensack02.m2;16290.087890625;75.92655181884766;19689.490234375;0;8.53399658203125;0;;1;65973957;m2;200442;0;
..\..\world\generic\tauren\passivedoodads\sacks\taurensack02.m2;16386.314453125;144.909912109375;19269.80859375;0;102.2785873413086;0;;1;66446860;m2;200442;0;
..\..\world\generic\tauren\passivedoodads\sacks\taurensack02.m2;16424.033203125;151.14666748046875;19278.06640625;0;285.5458679199219;0;;1;66446951;m2;200442;0;
..\..\world\generic\tauren\passivedoodads\sacks\taurensack02.m2;16520.61328125;171.41493225097656;19354.283203125;0;100.28103637695312;0;;1;66814757;m2;200442;0;
..\..\world\generic\passivedoodads\weapons\boneclub01.m2;16258.7998046875;78.11206817626953;19675.85546875;52.51934814453125;165.9783935546875;-133.58010864257812;;1.3984375;65973942;m2;200217;0;
..\..\world\azeroth\theblastedlands\passivedoodads\bones\blastedlandsspine01.m2;16424.2578125;151.22991943359375;19303.994140625;2.943554639816284;201.74822998046875;-6.672722339630127;;1;66447004;m2;190441;0;
..\..\world\generic\passivedoodads\weapons\skullclub01.m2;16241.6083984375;132.52389526367188;19415.865234375;71.99434661865234;34.73846435546875;49.51411819458008;;1;65973907;m2;200233;0;
..\..\world\generic\passivedoodads\weapons\boneclub01.m2;16475.69921875;139.00173950195312;19478.421875;79.39256286621094;28.7833251953125;151.66845703125;;1.3984375;65973971;m2;200217;0;
..\..\world\azeroth\theblastedlands\passivedoodads\bones\blastedlandsspine01.m2;16499.533203125;166.22222900390625;19263.876953125;5.38707971572876;351.92608642578125;-1.273777723312378;;1.0458984375;66592329;m2;190441;0;
..\..\world\azeroth\theblastedlands\passivedoodads\bones\blastedlandsspine01.m2;16450.283203125;147.60494995117188;19364.185546875;-19.457246780395508;251.53707885742188;-17.227901458740234;;0.9228515625;66814675;m2;190441;0;
..\..\world\azeroth\theblastedlands\passivedoodads\bones\blastedlandsspine01.m2;16245.9833984375;129.6666717529297;19354.72265625;9.182134628295898;194.17633056640625;-21.566789627075195;;1;66733342;m2;190441;0;
..\..\world\azeroth\theblastedlands\passivedoodads\bones\blastedlandsspine01.m2;16382.919921875;145.0052032470703;19283.294921875;0;309.3828125;0;;0.978515625;66592232;m2;190441;0;
..\..\world\azeroth\theblastedlands\passivedoodads\bones\blastedlandsbonepile02.m2;16247.8623046875;130.31100463867188;19355.04296875;4.232142448425293;182.05950927734375;-22.988317489624023;;0.92578125;66733314;m2;190437;0;
..\..\world\generic\tauren\passivedoodads\sacks\taurensack02.m2;16480.10546875;140.78298950195312;19500.5625;0;91;0;;0.9892578125;66446820;m2;200442;0;
..\..\world\generic\tauren\passivedoodads\bowls\taurenbowl01.m2;16472.82421875;140.60427856445312;19497.640625;0;145.5;0;;0.9892578125;66446742;m2;200378;0;
..\..\world\azeroth\theblastedlands\passivedoodads\bones\blastedlandsspine01.m2;16066.6015625;102.0920181274414;19275.51953125;-3.1849775314331055;260.65802001953125;-3.0068461894989014;;1.0458984375;66814784;m2;190441;0;
..\..\world\azeroth\theblastedlands\passivedoodads\bones\blastedlandsspine01.m2;16501.28125;166.28074645996094;19264.064453125;5.4644622802734375;356.05279541015625;-0.8833914995193481;;1.0693359375;66592353;m2;190441;0;
..\..\world\generic\orc\passivedoodads\shields\orcshield03.m2;16301.4736328125;124.23597717285156;19500.09765625;-49.08540725708008;302.7809753417969;-9.884000778198242;;1;66592305;m2;199254;0;
..\..\world\azeroth\theblastedlands\passivedoodads\bones\blastedlandsspine01.m2;16066.4228515625;101.8576431274414;19277.21875;-2.9614737033843994;264.76678466796875;-3.2271852493286133;;1.0693359375;66814913;m2;190441;0;
..\..\world\azeroth\theblastedlands\passivedoodads\bones\blastedlandsspine01.m2;16377.8603515625;144.90625;19268.294921875;2.805232048034668;96.8692626953125;11.579933166503906;;1.0458984375;66446800;m2;190441;0;
..\..\world\azeroth\theblastedlands\passivedoodads\bones\blastedlandsspine01.m2;16256.568359375;109.72569274902344;19561.8671875;5.408324718475342;110.6234130859375;26.989778518676758;;0.9228515625;66733238;m2;190441;0;
..\..\world\azeroth\theblastedlands\passivedoodads\bones\blastedlandsspine01.m2;16373.8798828125;144.55242919921875;19268.64453125;5.587071895599365;214.653076171875;-1.488430380821228;;0.9228515625;66446779;m2;190441;0;
..\..\world\azeroth\theblastedlands\passivedoodads\bones\blastedlandsspine01.m2;16517.5234375;170.9427032470703;19374.74609375;-17.98529624938965;119.92794799804688;-44.95211410522461;;0.9228515625;66814830;m2;190441;0;
..\..\world\azeroth\theblastedlands\passivedoodads\bones\blastedlandsspine01.m2;16244.7666015625;128.33212280273438;19347.97265625;-8.772111892700195;151.2518310546875;-21.7296199798584;;0.9228515625;66733208;m2;190441;0;
..\..\world\azeroth\theblastedlands\passivedoodads\bones\blastedlandsspine01.m2;16380.60546875;144.95660400390625;19270.185546875;4.927488803863525;261.21966552734375;3.0275864601135254;;1;66446773;m2;190441;0;
..\..\world\azeroth\theblastedlands\passivedoodads\bones\blastedlandsbonepile03.m2;16384.9375;145.0518035888672;19289.640625;0;307.0205993652344;0;;1.1845703125;66592268;m2;190438;0;
..\..\world\azeroth\theblastedlands\passivedoodads\bones\blastedlandsbonepile02.m2;16323.505859375;143.4791717529297;19223.78125;0.7248314023017883;355.0796203613281;-3.271271228790283;;0.9306640625;66814754;m2;190437;0;
..\..\world\azeroth\theblastedlands\passivedoodads\bones\blastedlandsspine01.m2;16519.30078125;170.9479522705078;19395.421875;-2.470686912536621;272.63177490234375;8.24380111694336;;1.0693359375;66814686;m2;190441;0;
..\..\world\azeroth\theblastedlands\passivedoodads\bones\blastedlandsspine01.m2;16497.92578125;170.5121612548828;19365.62109375;-8.512022972106934;253.25003051757812;-1.644690752029419;;0.9228515625;66814844;m2;190441;0;
..\..\world\azeroth\theblastedlands\passivedoodads\bones\blastedlandsspine01.m2;16070.52734375;101.36184692382812;19276.2890625;4.148126125335693;18.54217529296875;-1.404415488243103;;0.9228515625;66814696;m2;190441;0;
..\..\world\generic\tauren\passivedoodads\bowls\taurenbowl01.m2;16421.177734375;170.31951904296875;19264.1796875;0;159.01519775390625;0;;1;66446784;m2;200378;0;
..\..\world\azeroth\theblastedlands\passivedoodads\bones\blastedlandsspine01.m2;16422.15625;150.73497009277344;19297.400390625;-2.782703161239624;155.7203369140625;-6.741138458251953;;0.9228515625;66446828;m2;190441;0;
..\..\world\azeroth\theblastedlands\passivedoodads\bones\blastedlandsbonepile03.m2;16323.716796875;148.511962890625;19298.41015625;3.4733591079711914;254.56396484375;1.7724570035934448;;1.2470703125;66733287;m2;190438;0;
..\..\world\generic\orc\passivedoodads\bowls\bowlwood02.m2;16376.794921875;144.96701049804688;19281.140625;14.500044822692871;82.5673828125;0.9999959468841553;;1.44921875;66592303;m2;199122;0;
..\..\world\generic\tauren\passivedoodads\bowls\taurenbowl06.m2;16425.767578125;151.62391662597656;19278.11328125;0;1.793548583984375;0;;1;66447005;m2;200383;0;
..\..\world\azeroth\theblastedlands\passivedoodads\bones\blastedlandsspine01.m2;16500.23046875;166.4600830078125;19259.91796875;-1.4076299667358398;109.93890380859375;5.3537373542785645;;0.9228515625;66592222;m2;190441;0;
..\..\world\generic\passivedoodads\lights\candle01.m2;16371.6103515625;168.9319305419922;19244.65625;0;77.70068359375;0;;1.2294921875;66446987;m2;199806;0;
..\..\world\generic\tauren\passivedoodads\sacks\taurensack02.m2;16515.876953125;170.8817138671875;19387.796875;0;217.54586791992188;0;;0.8291015625;66814692;m2;200442;0;
..\..\world\azeroth\theblastedlands\passivedoodads\bones\blastedlandsspine01.m2;16519.2109375;170.94444274902344;19393.70703125;-1.5090000629425049;268.6400451660156;8.077970504760742;;1.0458984375;66814726;m2;190441;0;
..\..\world\generic\passivedoodads\weapons\boneclub01.m2;16242.8740234375;131.5012969970703;19421.826171875;69.84839630126953;279.092041015625;-177.10891723632812;;1.3984375;65973934;m2;200217;0;
..\..\world\azeroth\theblastedlands\passivedoodads\bones\blastedlandsspine01.m2;16321.1103515625;142.78125;19228.65625;-3.3368420600891113;257.789306640625;-0.30292096734046936;;0.9228515625;66814685;m2;190441;0;
..\..\world\generic\satyr\passivedoodads\container\satyrcontainer03.m2;16259.056640625;75.18467712402344;19700.72265625;0;160.57861328125;0;;1;65973867;m2;200352;0;
..\..\world\azeroth\theblastedlands\passivedoodads\bones\blastedlandsbonepile03.m2;16257.396484375;109.09278869628906;19567.998046875;-21.51539421081543;170.3726806640625;17.52875518798828;;1.2470703125;66733227;m2;190438;0;
..\..\world\azeroth\theblastedlands\passivedoodads\bones\blastedlandsbonepile03.m2;16379.712890625;145.08680725097656;19265.990234375;3.7484304904937744;279.2737121582031;4.4046125411987305;;1.2470703125;66446893;m2;190438;0;
..\..\world\azeroth\theblastedlands\passivedoodads\bones\blastedlandsspine01.m2;16317.3583984375;148.3906707763672;19298.27734375;3.096492052078247;190.04232788085938;-2.37052845954895;;0.9228515625;66733359;m2;190441;0;
..\..\world\generic\orc\passivedoodads\bowls\bowlwood01.m2;16299.3046875;74.53114318847656;19725.38671875;0;301.67181396484375;0;;1.7099609375;65973846;m2;199121;0;
..\..\world\azeroth\theblastedlands\passivedoodads\bones\blastedlandsbonepile03.m2;16255.4091796875;108.90074157714844;19566.720703125;-25.387968063354492;235.2992706298828;-10.902029991149902;;0.998046875;66733224;m2;190438;0;
..\..\world\azeroth\theblastedlands\passivedoodads\bones\blastedlandsspine01.m2;16244.826171875;129.35763549804688;19355.443359375;18.3367977142334;302.0528564453125;14.718561172485352;;0.771484375;66733243;m2;190441;0;
..\..\world\azeroth\theblastedlands\passivedoodads\bones\blastedlandsspine01.m2;16382.708984375;144.9111328125;19268.703125;0;176.3828125;0;;0.978515625;66733229;m2;190441;0;
..\..\world\azeroth\theblastedlands\passivedoodads\bones\blastedlandsspine01.m2;16457.57421875;146.8527374267578;19362.654296875;25.339025497436523;39.7469482421875;4.8261494636535645;;0.771484375;66814795;m2;190441;0;
..\..\world\azeroth\theblastedlands\passivedoodads\bones\blastedlandsbonepile03.m2;16501.287109375;166.22222900390625;19266.33203125;-5.436085224151611;174.35894775390625;1.0442918539047241;;1.2470703125;66592294;m2;190438;0;
..\..\world\azeroth\theblastedlands\passivedoodads\bones\blastedlandsbonepile03.m2;16064.1865234375;102.16665649414062;19277.18359375;3.0551223754882812;83.08059692382812;3.138695478439331;;1.2470703125;66814864;m2;190438;0;
..\..\world\generic\passivedoodads\lights\candle01.m2;16371.884765625;169.01377868652344;19244.69140625;0;256.15673828125;0;;1.1396484375;66446985;m2;199806;0;
..\..\world\generic\orc\passivedoodads\shields\orcshield03.m2;16296.869140625;73.62781524658203;19732.759765625;-23.50003433227539;265.73046875;4.000012397766113;;1;65973848;m2;199254;0;
..\..\world\azeroth\theblastedlands\passivedoodads\bones\blastedlandsbonepile03.m2;16518.064453125;170.94444274902344;19393.56640625;6.20513916015625;149.86651611328125;-14.268322944641113;;0.998046875;66814674;m2;190438;0;
..\..\world\azeroth\theblastedlands\passivedoodads\bones\blastedlandsbonepile03.m2;16383.462890625;144.8806915283203;19269.494140625;0;334.72705078125;0;;1.0654296875;66733175;m2;190438;0;
..\..\world\azeroth\theblastedlands\passivedoodads\bones\blastedlandsbonepile03.m2;16519.01171875;170.9427032470703;19380.853515625;5.917815208435059;179.224609375;-44.436012268066406;;1.2470703125;66814866;m2;190438;0;
..\..\world\azeroth\theblastedlands\passivedoodads\bones\blastedlandsspine01.m2;16423.126953125;151.04173278808594;19304.830078125;5.769871234893799;305.8810119628906;4.463953018188477;;0.771484375;66446769;m2;190441;0;
..\..\world\azeroth\theblastedlands\passivedoodads\bones\blastedlandsbonepile03.m2;16065.4736328125;102.2638931274414;19275.240234375;-1.1205544471740723;142.06365966796875;4.233473300933838;;0.998046875;66814837;m2;190438;0;
..\..\world\generic\passivedoodads\lights\candle01.m2;16420.8203125;170.2650909423828;19265.21875;0;355.841064453125;0;;1.109375;66446865;m2;199806;0;
..\..\world\azeroth\theblastedlands\passivedoodads\bones\blastedlandsbonepile03.m2;16322.169921875;148.74765014648438;19300.123046875;0.2642209231853485;313.6274719238281;3.890016555786133;;0.998046875;66733353;m2;190438;0;
..\..\world\azeroth\theblastedlands\passivedoodads\bones\blastedlandsbonepile03.m2;16499.265625;166.22222900390625;19265.015625;-3.6814095973968506;233.64968872070312;-4.136322975158691;;0.998046875;66592249;m2;190438;0;
..\..\world\azeroth\theblastedlands\passivedoodads\bones\blastedlandsbonepile03.m2;16210.4052734375;125.55811309814453;19372.98046875;0;53.317657470703125;0;;1;66592214;m2;190438;0;
..\..\world\azeroth\theblastedlands\passivedoodads\bones\blastedlandsbonepile03.m2;16517.09765625;170.9496612548828;19395.6796875;-6.413824558258057;92.00579833984375;-18.978591918945312;;1.2470703125;66814874;m2;190438;0;
..\..\world\azeroth\theblastedlands\passivedoodads\bones\blastedlandsspine01.m2;16505.146484375;170.4114532470703;19363.6171875;2.707242727279663;43.28192138671875;-4.760122776031494;;0.771484375;66814751;m2;190441;0;
..\..\world\azeroth\theblastedlands\passivedoodads\bones\blastedlandsspine01.m2;16251.77734375;109.02603912353516;19567.5234375;-17.87442398071289;262.8012390136719;-21.23351287841797;;0.771484375;66733188;m2;190441;0;
..\..\world\azeroth\theblastedlands\passivedoodads\bones\blastedlandsspine01.m2;16328.1552734375;143.42535400390625;19226.029296875;3.043193817138672;47.84283447265625;-1.402382731437683;;0.771484375;66814902;m2;190441;0;
..\..\world\azeroth\theblastedlands\passivedoodads\bones\blastedlandsbonepile03.m2;16454.40234375;147.98367309570312;19361.091796875;24.629419326782227;10.365936279296875;-7.8115081787109375;;0.998046875;66814701;m2;190438;0;
..\..\world\azeroth\theblastedlands\passivedoodads\bones\blastedlandsbonepile03.m2;16379.0166015625;144.9705047607422;19268.26953125;-1.8451529741287231;338.14947509765625;5.479931354522705;;0.998046875;66446842;m2;190438;0;
..\..\world\generic\orc\passivedoodads\jars\jarorc01.m2;16208.482421875;125.1701431274414;19371.296875;-37.630775451660156;21.66217041015625;12.016898155212402;;1.189453125;66592217;m2;199179;0;
..\..\world\azeroth\theblastedlands\passivedoodads\bones\blastedlandsbonepile03.m2;16253.134765625;109.0831069946289;19565.4140625;26.33300018310547;49.05584716796875;8.17650032043457;;0.904296875;66733205;m2;190438;0;
..\..\world\azeroth\theblastedlands\passivedoodads\bones\blastedlandsspine01.m2;16322.3759765625;149.48263549804688;19303.810546875;-1.5035597085952759;340.158935546875;3.597801685333252;;0.771484375;66733301;m2;190441;0;
..\..\world\azeroth\theblastedlands\passivedoodads\bones\blastedlandsbonepile03.m2;16519.044921875;170.94097900390625;19391.16015625;-13.789238929748535;323.438232421875;4.630221843719482;;0.904296875;66814887;m2;190438;0;
..\..\world\azeroth\theblastedlands\passivedoodads\bones\blastedlandsbonepile03.m2;16324.634765625;143.40798950195312;19224.751953125;2.0938222408294678;21.24481201171875;-2.616349697113037;;0.998046875;66814749;m2;190438;0;
..\..\world\generic\orc\passivedoodads\bowls\bowlwood02.m2;16275.7373046875;74.68314361572266;19722.849609375;0;136.15399169921875;0;;1;65974038;m2;199122;0;
..\..\world\azeroth\theblastedlands\passivedoodads\bones\blastedlandsbonepile03.m2;16496.93359375;166.28472900390625;19263.640625;4.073500633239746;47.95367431640625;3.7508223056793213;;0.904296875;66592299;m2;190438;0;
..\..\world\azeroth\theblastedlands\passivedoodads\bones\blastedlandsbonepile03.m2;16066.8330078125;102.02082061767578;19272.998046875;0.6952211856842041;316.3824768066406;-4.323587417602539;;0.904296875;66814845;m2;190438;0;
..\..\world\azeroth\theblastedlands\passivedoodads\bones\blastedlandsbonepile03.m2;16320.5029296875;149.1371612548828;19302.126953125;-0.6487522721290588;127.94376373291016;-3.8447105884552;;0.904296875;66733281;m2;190438;0;
..\..\world\azeroth\theblastedlands\passivedoodads\bones\blastedlandsspine01.m2;16064.71484375;102.2986068725586;19271.658203125;-2.895897388458252;168.6097412109375;3.2861454486846924;;0.771484375;66814689;m2;190441;0;
..\..\world\generic\passivedoodads\lights\candle01.m2;16408.841796875;170.56875610351562;19262.17578125;0;21.828857421875;0;;1;66446780;m2;199806;0;
..\..\world\generic\passivedoodads\lights\candle01.m2;16422.876953125;170.62213134765625;19265.94140625;0;174.521728515625;0;;1;66446802;m2;199806;0;
..\..\world\generic\passivedoodads\lights\candle01.m2;16434.0625;186.399169921875;19259.625;0;50.828857421875;0;;1;66446854;m2;199806;0;
..\..\world\generic\passivedoodads\lights\candle01.m2;16464.05078125;155.54922485351562;19532.197265625;0;238.8288116455078;0;;1;66446864;m2;199806;0;
..\..\world\generic\passivedoodads\lights\candle01.m2;16489.529296875;177.2105255126953;19539.537109375;0;272.3288879394531;0;;1;66446929;m2;199806;0;
..\..\world\generic\passivedoodads\lights\candle01.m2;16475.78125;190.8794708251953;19554.626953125;0;237.32882690429688;0;;1;66592278;m2;199806;0;
..\..\world\generic\passivedoodads\lights\candle01.m2;16521.572265625;174.5260772705078;19529.16015625;0;283.82879638671875;0;;1;66592348;m2;199806;0;
..\..\world\generic\passivedoodads\lights\candle01.m2;16514.26953125;164.20895385742188;19509.609375;0;295.32879638671875;0;;1;66733277;m2;199806;0;
..\..\world\azeroth\theblastedlands\passivedoodads\bones\blastedlandsbonepile03.m2;16501.73828125;169.64756774902344;19362.15234375;0.7908596992492676;16.7315673828125;-6.760159969329834;;0.998046875;66814799;m2;190438;0;
..\..\world\azeroth\theblastedlands\passivedoodads\bones\blastedlandsbonepile03.m2;16378.3330078125;144.52053833007812;19270.875;1.2930320501327515;152.47796630859375;-5.635348320007324;;0.904296875;66446735;m2;190438;0;
..\..\world\azeroth\theblastedlands\passivedoodads\bones\blastedlandsskull01.m2;16519.0859375;170.9427032470703;19381.568359375;-9.396225929260254;141.48504638671875;-47.650794982910156;;1.2275390625;66814705;m2;190439;0;
..\..\world\azeroth\theblastedlands\passivedoodads\bones\blastedlandsspine01.m2;16495.60546875;166.2447967529297;19265.7890625;-1.444126009941101;260.1719055175781;-5.344013214111328;;0.771484375;66592284;m2;190441;0;
..\..\world\azeroth\theblastedlands\passivedoodads\bones\blastedlandsbonepile03.m2;16425.056640625;151.30642700195312;19301.654296875;7.155310153961182;279.15576171875;1.4006848335266113;;0.998046875;66446810;m2;190438;0;
..\..\world\azeroth\theblastedlands\passivedoodads\bones\blastedlandsskull01.m2;16257.3583984375;108.95755767822266;19568.712890625;-5.328159809112549;131.43475341796875;27.00459861755371;;1.2275390625;66733194;m2;190439;0;
..\..\world\azeroth\theblastedlands\passivedoodads\bones\blastedlandsbonepile03.m2;16254.9990234375;109.27168273925781;19564.994140625;0.05043753981590271;301.2050476074219;-27.486377716064453;;0.8388671875;66733336;m2;190438;0;
..\..\world\azeroth\theblastedlands\passivedoodads\bones\blastedlandsspine01.m2;16516.76953125;170.94097900390625;19390.09375;9.073781967163086;176.6802978515625;-8.61422061920166;;0.771484375;66814708;m2;190441;0;
..\..\world\generic\passivedoodads\lights\candle03.m2;16407.330078125;170.4697723388672;19261.384765625;0;320.90765380859375;0;;1.1298828125;66446738;m2;199808;0;
..\..\world\generic\passivedoodads\lights\candle03.m2;16465.734375;155.5543975830078;19531.921875;0;177.9075927734375;0;;1.1298828125;66446803;m2;199808;0;
..\..\world\generic\passivedoodads\lights\candle03.m2;16432.357421875;186.3331756591797;19259.6640625;0;349.9076843261719;0;;1.1298828125;66446932;m2;199808;0;
..\..\world\generic\passivedoodads\lights\candle03.m2;16490.779296875;177.0403594970703;19538.376953125;0;211.4076385498047;0;;1.1298828125;66446961;m2;199808;0;
..\..\world\generic\passivedoodads\lights\candle03.m2;16477.470703125;190.83602905273438;19554.39453125;0;176.40765380859375;0;;1.1298828125;66592215;m2;199808;0;
..\..\world\generic\passivedoodads\lights\candle03.m2;16522.56640625;174.5118408203125;19527.7734375;0;222.90765380859375;0;;1.1298828125;66592343;m2;199808;0;
..\..\world\generic\passivedoodads\lights\candle03.m2;16514.96875;164.17279052734375;19508.0546875;0;234.40762329101562;0;;1.1298828125;66733249;m2;199808;0;
..\..\world\azeroth\theblastedlands\passivedoodads\bones\blastedlandsbonepile03.m2;16519.75;170.9427032470703;19392.900390625;7.79553747177124;219.17816162109375;1.1892027854919434;;0.8388671875;66814850;m2;190438;0;
..\..\world\azeroth\theblastedlands\passivedoodads\bones\blastedlandsspine01.m2;16380.7353515625;144.56724548339844;19271.625;-4.100866317749023;4.679351806640625;4.078612327575684;;0.771484375;66446949;m2;190441;0;
..\..\world\generic\orc\passivedoodads\jars\jarorc01.m2;16295.8310546875;123.49373626708984;19499.203125;-85.26244354248047;295.13922119140625;-87.10193634033203;;1.189453125;66592280;m2;199179;0;
..\..\world\azeroth\theblastedlands\passivedoodads\bones\blastedlandsbonepile03.m2;16247.0048828125;129.803466796875;19352.4765625;22.909175872802734;274.02227783203125;4.661677360534668;;0.998046875;66733324;m2;190438;0;
..\..\world\azeroth\theblastedlands\passivedoodads\bones\blastedlandsbonepile03.m2;16377.427734375;144.86285400390625;19269.177734375;-5.773490905761719;46.603546142578125;0.3013421893119812;;0.8388671875;66446840;m2;190438;0;
..\..\world\azeroth\theblastedlands\passivedoodads\bones\blastedlandsskull01.m2;16516.380859375;170.9496612548828;19395.7421875;-14.767379760742188;51.3907470703125;-14.345243453979492;;1.2275390625;66814672;m2;190439;0;
..\..\world\azeroth\theblastedlands\passivedoodads\bones\blastedlandsbonepile03.m2;16519.900390625;171.1093292236328;19354.54296875;2.9539194107055664;50.6995849609375;0.5942028164863586;;0.8388671875;66814710;m2;190438;0;
..\..\world\azeroth\theblastedlands\passivedoodads\bones\blastedlandsbonepile03.m2;16067.255859375;102.06945037841797;19274.8125;-4.348351001739502;210.46627807617188;0.5178796648979187;;0.8388671875;66814727;m2;190438;0;
..\..\world\azeroth\theblastedlands\passivedoodads\bones\blastedlandsbonepile03.m2;16455.193359375;147.2442626953125;19363.439453125;-23.72998046875;184.19955444335938;10.339339256286621;;0.904296875;66814806;m2;190438;0;
..\..\world\azeroth\theblastedlands\passivedoodads\bones\blastedlandsbonepile03.m2;16380.5927734375;145.0052032470703;19283.990234375;0;86.72705078125;0;;1.0654296875;66592298;m2;190438;0;
..\..\world\azeroth\theblastedlands\passivedoodads\bones\blastedlandsbonepile03.m2;16498.794921875;166.23785400390625;19263.216796875;2.479418992996216;301.79034423828125;-4.950379371643066;;0.8388671875;66592339;m2;190438;0;
..\..\world\generic\passivedoodads\lights\candle02.m2;16464.591796875;155.56524658203125;19532.1640625;0;32.19134521484375;0;;1;66447009;m2;199807;0;
..\..\world\generic\passivedoodads\lights\candle02.m2;16476.322265625;190.8260498046875;19554.60546875;0;30.69134521484375;0;;1;66592324;m2;199807;0;
..\..\world\generic\orc\passivedoodads\bowls\bowlwood02.m2;16298.849609375;74.57281494140625;19724.7734375;0;102.84622192382812;0;;1;65974040;m2;199122;0;
..\..\world\azeroth\theblastedlands\passivedoodads\bones\blastedlandsskull01.m2;16256.4091796875;109.15583038330078;19568.88671875;9.652592658996582;320.189697265625;-25.860300064086914;;1.13671875;66733197;m2;190439;0;
..\..\world\azeroth\theblastedlands\passivedoodads\bones\blastedlandsbonepile03.m2;16325.8916015625;143.0989532470703;19227.1796875;-1.8239364624023438;195.55133056640625;2.8110742568969727;;0.904296875;66814878;m2;190438;0;
..\..\world\generic\passivedoodads\lights\candle02.m2;16489.958984375;177.11891174316406;19539.208984375;0;65.69134521484375;0;;1;66446796;m2;199807;0;
..\..\world\generic\passivedoodads\lights\candle02.m2;16433.5234375;186.3231964111328;19259.58203125;0;204.19134521484375;0;;1;66446898;m2;199807;0;
..\..\world\azeroth\theblastedlands\passivedoodads\bones\blastedlandsbonepile03.m2;16458.091796875;147.2742462158203;19361.0703125;25.76429557800293;28.25726318359375;-0.14321835339069366;;0.7734375;66814879;m2;190438;0;
..\..\world\azeroth\theblastedlands\passivedoodads\bones\blastedlandsskull01.m2;16245.79296875;128.81594848632812;19349.10546875;7.450674533843994;334.5606689453125;22.196603775024414;;1.2275390625;66733204;m2;190439;0;
..\..\world\azeroth\theblastedlands\passivedoodads\bones\blastedlandsskull01.m2;16256.6396484375;109.6388931274414;19563.388671875;-3.7979958057403564;293.77728271484375;-27.24300765991211;;1.2275390625;66733255;m2;190439;0;
..\..\world\azeroth\theblastedlands\passivedoodads\bones\blastedlandsskull01.m2;16252.5615234375;109.09549713134766;19566.798828125;13.739594459533691;329.14007568359375;-24.041147232055664;;1.138671875;66733196;m2;190439;0;
..\..\world\azeroth\theblastedlands\passivedoodads\bones\blastedlandsskull01.m2;16451.26953125;147.7859344482422;19362.94921875;18.376937866210938;75.09210205078125;18.380760192871094;;1.2275390625;66814718;m2;190439;0;
..\..\world\azeroth\theblastedlands\passivedoodads\bones\blastedlandsbonepile03.m2;16502.79296875;170.40798950195312;19364.515625;-5.240365505218506;190.82406616210938;3.66607928276062;;0.904296875;66814671;m2;190438;0;
..\..\world\azeroth\theblastedlands\passivedoodads\bones\blastedlandsskull01.m2;16521.6484375;170.94444274902344;19394.212890625;8.622370719909668;210.7264404296875;-0.6457477807998657;;1.2275390625;66814858;m2;190439;0;
..\..\world\azeroth\theblastedlands\passivedoodads\bones\blastedlandsbonepile03.m2;16320.3623046875;148.8180694580078;19300.248046875;-3.5184309482574463;21.947662353515625;1.681146502494812;;0.8388671875;66733202;m2;190438;0;
..\..\world\azeroth\theblastedlands\passivedoodads\bones\blastedlandsbonepile03.m2;16245.6279296875;129.16494750976562;19351.4140625;4.23383903503418;342.31903076171875;22.987600326538086;;0.8388671875;66733355;m2;190438;0;
..\..\world\generic\passivedoodads\lights\candle02.m2;16421.283203125;170.32257080078125;19265.3125;0;259.0337829589844;0;;1;66446764;m2;199807;0;
..\..\world\generic\passivedoodads\lights\candle02.m2;16408.392578125;170.5257568359375;19261.87890625;0;175.19134521484375;0;;1;66446928;m2;199807;0;
..\..\world\generic\passivedoodads\lights\candle02.m2;16521.9296875;174.50186157226562;19528.75390625;0;77.19134521484375;0;;1;66592354;m2;199807;0;
..\..\world\generic\passivedoodads\lights\candle02.m2;16514.541015625;164.2275390625;19509.142578125;0;88.69134521484375;0;;1;66733239;m2;199807;0;
..\..\world\generic\orc\passivedoodads\jars\jarorc06.m2;16230.1259765625;154.07296752929688;19200.97265625;1.000000238418579;24.773345947265625;6.500012397766113;;1;66592207;m2;199184;0;
..\..\world\azeroth\theblastedlands\passivedoodads\bones\blastedlandsbonepile03.m2;16244.52734375;128.97918701171875;19352.947265625;-23.252323150634766;87.8408203125;-2.236466884613037;;0.904296875;66733265;m2;190438;0;
..\..\world\azeroth\theblastedlands\passivedoodads\bones\blastedlandsbonepile03.m2;16252.48046875;108.6163330078125;19569.06640625;-21.344261169433594;252.42190551757812;-17.740083694458008;;0.7734375;66733325;m2;190438;0;
..\..\world\generic\orc\passivedoodads\bowls\bowlwood01.m2;16377.134765625;144.96875;19280.4296875;18.500015258789062;190.87400817871094;4.500003814697266;;1.419921875;66592213;m2;199121;0;
..\..\world\azeroth\theblastedlands\passivedoodads\bones\blastedlandsbonepile03.m2;16302.0498046875;124.50521087646484;19498.4375;4.985775947570801;270.0826110839844;-5.106258869171143;;1;66592309;m2;190438;0;
..\..\world\azeroth\theblastedlands\passivedoodads\bones\blastedlandsskull01.m2;16501.265625;166.22222900390625;19267.06640625;-3.415529727935791;133.26519775390625;4.358338832855225;;1.2275390625;66592325;m2;190439;0;
..\..\world\azeroth\theblastedlands\passivedoodads\bones\blastedlandsbonepile03.m2;16453.548828125;147.64877319335938;19362.658203125;15.569260597229004;83.32766723632812;20.789396286010742;;0.8388671875;66814676;m2;190438;0;
..\..\world\azeroth\theblastedlands\passivedoodads\bones\blastedlandsskull01.m2;16380.4140625;145.1041717529297;19265.830078125;5.717308521270752;238.15911865234375;0.8593725562095642;;1.2275390625;66446990;m2;190439;0;
..\..\world\azeroth\theblastedlands\passivedoodads\bones\blastedlandsskull01.m2;16375.388671875;144.7604217529297;19268.08203125;-5.668115139007568;38.201324462890625;1.1403701305389404;;1.2275390625;66446919;m2;190439;0;
..\..\world\generic\passivedoodads\lights\candle03.m2;16373.853515625;169.05181884765625;19245.27734375;0;50.99749755859375;0;;1;66447000;m2;199808;0;
..\..\world\azeroth\theblastedlands\passivedoodads\bones\blastedlandsbonepile03.m2;16424.736328125;151.28903198242188;19305.404296875;6.478489398956299;295.4742736816406;3.3506932258605957;;0.7734375;66446830;m2;190438;0;
..\..\world\azeroth\theblastedlands\passivedoodads\bones\blastedlandsbonepile03.m2;16328.3603515625;143.25767517089844;19224.244140625;2.7410523891448975;37.462738037109375;-1.9276924133300781;;0.7734375;66814756;m2;190438;0;
..\..\world\azeroth\theblastedlands\passivedoodads\bones\blastedlandsbonepile03.m2;16246.3017578125;129.8910675048828;19356.173828125;20.66349983215332;291.32830810546875;11.128500938415527;;0.7734375;66733203;m2;190438;0;
..\..\world\azeroth\theblastedlands\passivedoodads\bones\blastedlandsskull01.m2;16063.46484375;102.25521087646484;19277.146484375;4.364142417907715;41.997344970703125;0.36093848943710327;;1.2275390625;66814694;m2;190439;0;
..\..\world\azeroth\theblastedlands\passivedoodads\bones\blastedlandsbonepile03.m2;16324.02734375;149.02932739257812;19303.3828125;-0.831805408000946;329.80712890625;3.8093459606170654;;0.7734375;66733233;m2;190438;0;
..\..\world\azeroth\theblastedlands\passivedoodads\bones\blastedlandsbonepile03.m2;16505.470703125;170.2083282470703;19361.91015625;2.0720503330230713;32.91143798828125;-5.645058631896973;;0.7734375;66814904;m2;190438;0;
..\..\world\azeroth\theblastedlands\passivedoodads\bones\blastedlandsskull01.m2;16324.41796875;148.51736450195312;19298.56640625;3.7828235626220703;213.46571350097656;-0.9452922940254211;;1.2275390625;66733248;m2;190439;0;
..\..\world\azeroth\theblastedlands\passivedoodads\bones\blastedlandsbonepile03.m2;16382.5234375;145.17437744140625;19290.3515625;0;98.8123779296875;0;;0.9091796875;66592218;m2;190438;0;
..\..\world\azeroth\theblastedlands\passivedoodads\bones\blastedlandsskull01.m2;16243.46484375;128.19601440429688;19350.4375;20.740671157836914;233.4764404296875;-10.97925090789795;;1.0595703125;66733269;m2;190439;0;
..\..\world\kalimdor\wailingcaverns\passivedoodads\baskets\wc_basket01.m2;16300.365234375;76.0457534790039;19724.6171875;0;40.727569580078125;0;;1;65973871;m2;202790;0;
..\..\world\azeroth\theblastedlands\passivedoodads\bones\blastedlandsbonepile03.m2;16385.623046875;145.07638549804688;19289.05859375;0;350.45648193359375;0;;0.8935546875;66592261;m2;190438;0;
..\..\world\azeroth\theblastedlands\passivedoodads\bones\blastedlandsskull01.m2;16248.458984375;130.3628692626953;19353.322265625;11.609819412231445;323.7783203125;20.404964447021484;;1.0712890625;66733247;m2;190439;0;
..\..\world\azeroth\theblastedlands\passivedoodads\bones\blastedlandsskull01.m2;16517.716796875;170.9427032470703;19376.30859375;3.7618846893310547;302.74310302734375;-4.489093780517578;;1.2275390625;66814746;m2;190439;0;
..\..\world\azeroth\theblastedlands\passivedoodads\bones\blastedlandsbonepile03.m2;16422.53515625;150.97691345214844;19302.37890625;-7.258828163146973;93.41510009765625;-0.679889440536499;;0.904296875;66446794;m2;190438;0;
..\..\world\azeroth\theblastedlands\passivedoodads\bones\blastedlandsskull01.m2;16068.9248046875;101.64234924316406;19276.39453125;-4.226751327514648;202.08291625976562;1.1457680463790894;;1.2275390625;66814820;m2;190439;0;
..\..\world\azeroth\theblastedlands\passivedoodads\bones\blastedlandsbonepile03.m2;16063.1328125;102.58506774902344;19272.35546875;-2.257449150085449;158.2474365234375;3.7532646656036377;;0.7734375;66814882;m2;190438;0;
..\..\world\azeroth\theblastedlands\passivedoodads\bones\blastedlandsskull01.m2;16454.306640625;148.88662719726562;19358.48828125;-11.23678970336914;274.27996826171875;-23.33731460571289;;1.2275390625;66814734;m2;190439;0;
..\..\world\azeroth\theblastedlands\passivedoodads\bones\blastedlandsskull01.m2;16452.888671875;147.0272674560547;19364.98046875;14.767181396484375;331.689208984375;-21.353809356689453;;1.0595703125;66814857;m2;190439;0;
..\..\world\azeroth\theblastedlands\passivedoodads\bones\blastedlandsskull01.m2;16456.529296875;147.37620544433594;19362.73828125;3.153388500213623;112.032470703125;25.584064483642578;;1.138671875;66814802;m2;190439;0;
..\..\world\azeroth\theblastedlands\passivedoodads\bones\blastedlandsbonepile03.m2;16423.494140625;151.07310485839844;19300.73828125;1.3376671075820923;347.53277587890625;7.1672844886779785;;0.8388671875;66446916;m2;190438;0;
..\..\world\azeroth\theblastedlands\passivedoodads\bones\blastedlandsskull01.m2;16500.3125;166.22222900390625;19267.23828125;4.1002421379089355;322.95758056640625;-3.7215540409088135;;1.13671875;66592332;m2;190439;0;
..\..\world\azeroth\theblastedlands\passivedoodads\bones\blastedlandsskull01.m2;16253.9423828125;109.50521087646484;19562.8515625;-26.357791900634766;193.35372924804688;8.090655326843262;;1.0595703125;66733242;m2;190439;0;
..\..\world\kalimdor\wailingcaverns\passivedoodads\baskets\wc_basket01.m2;16306.669921875;74.68135070800781;19711.306640625;0;244.259765625;0;;1;66143448;m2;202790;0;
..\..\world\azeroth\theblastedlands\passivedoodads\bones\blastedlandsskull01.m2;16500.376953125;166.28472900390625;19261.53515625;1.7343231439590454;293.4571533203125;-5.25726318359375;;1.2275390625;66592234;m2;190439;0;
..\..\world\azeroth\theblastedlands\passivedoodads\bones\blastedlandsskull01.m2;16257.9404296875;78.29158782958984;19675.02734375;-36.70600509643555;147.19818115234375;10.791877746582031;;1;65974002;m2;190439;0;
..\..\world\kalimdor\wailingcaverns\passivedoodads\baskets\wc_basket01.m2;16306.744140625;74.7442398071289;19710.55078125;0;65.1771240234375;0;;1;66143450;m2;202790;0;
..\..\world\azeroth\theblastedlands\passivedoodads\bones\blastedlandsskull01.m2;16518.29296875;170.9427032470703;19381.87109375;-7.371971607208252;330.7248840332031;-2.1667404174804688;;1.13671875;66814669;m2;190439;0;
..\..\world\kalimdor\wailingcaverns\passivedoodads\baskets\wc_basket01.m2;16300.9111328125;76.07013702392578;19724.236328125;0;294.48095703125;0;;1;65974011;m2;202790;0;
..\..\world\azeroth\theblastedlands\passivedoodads\bones\blastedlandsskull02.m2;16384.37890625;145.03506469726562;19289.55078125;0;107.61724853515625;0;;1.244140625;66592311;m2;190440;0;
..\..\world\azeroth\theblastedlands\passivedoodads\bones\blastedlandsskull01.m2;16455.0390625;148.4525909423828;19359.490234375;21.60810661315918;63.43719482421875;14.382209777832031;;1.0712890625;66814709;m2;190439;0;
..\..\world\azeroth\theblastedlands\passivedoodads\bones\blastedlandsskull01.m2;16496.384765625;166.25694274902344;19265.0546875;4.666691780090332;332.6378173828125;-2.9799013137817383;;1.138671875;66592233;m2;190439;0;
..\..\world\azeroth\theblastedlands\passivedoodads\bones\blastedlandsbonepile03.m2;16496.353515625;166.05787658691406;19267.38671875;-2.381442070007324;249.83697509765625;-4.998144149780273;;0.7734375;66592304;m2;190438;0;
..\..\world\azeroth\theblastedlands\passivedoodads\bones\blastedlandsskull01.m2;16515.142578125;170.9427032470703;19376.11328125;12.11559009552002;200.39065551757812;-38.78416442871094;;1.0595703125;66814893;m2;190439;0;
..\..\world\azeroth\theblastedlands\passivedoodads\bones\blastedlandsskull01.m2;16423.3828125;150.96693420410156;19298.423828125;2.36314058303833;339.23077392578125;6.8987603187561035;;1.2275390625;66446967;m2;190439;0;
..\..\world\azeroth\theblastedlands\passivedoodads\bones\blastedlandsbonepile03.m2;16515.310546875;170.9427032470703;19391.041015625;8.269845008850098;166.1602783203125;-10.982604026794434;;0.7734375;66814810;m2;190438;0;
..\..\world\azeroth\theblastedlands\passivedoodads\bones\blastedlandsskull01.m2;16321.7861328125;149.2138671875;19302.91796875;-3.881955623626709;52.87347412109375;-0.3643389940261841;;1.138671875;66733221;m2;190439;0;
..\..\world\azeroth\theblastedlands\passivedoodads\bones\blastedlandsskull01.m2;16514.982421875;170.92535400390625;19366.75;3.531644344329834;76.79632568359375;-1.3882306814193726;;1.2275390625;66814812;m2;190439;0;
..\..\world\azeroth\theblastedlands\passivedoodads\bones\blastedlandsskull01.m2;16327.107421875;143.32814025878906;19226.25390625;2.2440357208251953;120.58397674560547;2.4888293743133545;;1.138671875;66814917;m2;190439;0;
..\..\world\azeroth\theblastedlands\passivedoodads\bones\blastedlandsskull01.m2;16063.29296875;102.38368225097656;19276.21875;-4.240921497344971;231.71969604492188;-1.0920685529708862;;1.13671875;66814814;m2;190439;0;
..\..\world\azeroth\theblastedlands\passivedoodads\bones\blastedlandsskull01.m2;16324.447265625;148.72743225097656;19299.51953125;-3.8879220485687256;43.18267822265625;0.2937923073768616;;1.13671875;66733272;m2;190439;0;
..\..\world\azeroth\theblastedlands\passivedoodads\bones\blastedlandsskull01.m2;16318.9560546875;148.484375;19298.41796875;-3.23661470413208;13.57708740234375;2.175187826156616;;1.2275390625;66733295;m2;190439;0;
..\..\world\azeroth\theblastedlands\passivedoodads\bones\blastedlandsskull01.m2;16065.43359375;102.18923950195312;19272.4453125;-3.997206449508667;241.41018676757812;-1.7897711992263794;;1.138671875;66814679;m2;190439;0;
..\..\world\azeroth\theblastedlands\passivedoodads\bones\blastedlandsskull01.m2;16501.333984375;168.78472900390625;19359.435546875;-8.037622451782227;276.8102722167969;-4.055428504943848;;1.2275390625;66814895;m2;190439;0;
..\..\world\azeroth\theblastedlands\passivedoodads\bones\blastedlandsskull01.m2;16380.8359375;145.02430725097656;19266.70703125;-5.490684986114502;67.8988037109375;-1.8127573728561401;;1.13671875;66447002;m2;190439;0;
..\..\world\azeroth\theblastedlands\passivedoodads\bones\blastedlandsskull01.m2;16504.02734375;170.28819274902344;19363.640625;1.9752265214920044;116.0789794921875;2.3490748405456543;;1.138671875;66814776;m2;190439;0;
..\..\world\azeroth\theblastedlands\passivedoodads\bones\blastedlandsbonepile03.m2;16514.724609375;170.9427032470703;19382.5859375;15.108138084411621;257.8743896484375;-17.51142692565918;;0.7734375;66814840;m2;190438;0;
..\..\world\azeroth\theblastedlands\passivedoodads\bones\blastedlandsskull01.m2;16324.0205078125;143.6840362548828;19222.005859375;-2.9421238899230957;281.2122497558594;-1.6037988662719727;;1.2275390625;66814883;m2;190439;0;
..\..\world\azeroth\theblastedlands\passivedoodads\bones\blastedlandsskull01.m2;16516.064453125;170.94618225097656;19394.84375;4.611145496368408;240.34640502929688;5.1024394035339355;;1.13671875;66814707;m2;190439;0;
..\..\world\azeroth\theblastedlands\passivedoodads\bones\blastedlandsskull01.m2;16455.115234375;148.57933044433594;19358.91796875;7.27567720413208;103.24849700927734;24.783653259277344;;1.13671875;66814688;m2;190439;0;
..\..\world\azeroth\theblastedlands\passivedoodads\bones\blastedlandsbonepile03.m2;16501.05078125;170.07118225097656;19363.82421875;3.4218006134033203;85.18280029296875;-0.5150293111801147;;0.8388671875;66814875;m2;190438;0;
..\..\world\azeroth\theblastedlands\passivedoodads\bones\blastedlandsskull01.m2;16324.9228515625;143.66668701171875;19222.36328125;2.6300766468048096;110.9144287109375;2.076511859893799;;1.13671875;66814753;m2;190439;0;
..\..\world\azeroth\theblastedlands\passivedoodads\bones\blastedlandsskull01.m2;16421.12890625;150.77081298828125;19299.98828125;6.517193794250488;241.2963409423828;-3.2747185230255127;;1.0595703125;66446922;m2;190439;0;
..\..\world\azeroth\theblastedlands\passivedoodads\bones\blastedlandsskull01.m2;16321.8466796875;142.86805725097656;19227.193359375;3.311847448348999;81.32733154296875;0.5081117749214172;;1.2275390625;66814682;m2;190439;0;
..\..\world\azeroth\theblastedlands\passivedoodads\bones\blastedlandsskull01.m2;16249.5947265625;130.6875;19352.72265625;0.302968829870224;172.8929443359375;-23.351810455322266;;1.2275390625;66733263;m2;190439;0;
..\..\world\generic\orc\passivedoodads\jars\jarorc05.m2;16230.603515625;154.0586395263672;19200.94140625;0;270.6261901855469;0;;1;66592358;m2;199183;0;
..\..\world\azeroth\theblastedlands\passivedoodads\bones\blastedlandsskull01.m2;16243.259765625;131.2386932373047;19422.966796875;-12.164673805236816;307.50775146484375;-3.418309450149536;;1;65973993;m2;190439;0;
..\..\world\generic\orc\passivedoodads\jars\jarorc04.m2;16375.9140625;144.9427032470703;19280.7578125;0;235.4578399658203;0;;1.0693359375;66592251;m2;199182;0;
..\..\world\azeroth\theblastedlands\passivedoodads\bones\blastedlandsskull01.m2;16521.810546875;170.94097900390625;19391.47265625;-1.335744857788086;112.92059326171875;-18.797073364257812;;1.0595703125;66814924;m2;190439;0;
..\..\world\azeroth\theblastedlands\passivedoodads\bones\blastedlandsskull01.m2;16516.501953125;170.94444274902344;19394.44921875;9.303115844726562;199.1221466064453;-3.316622257232666;;1.0712890625;66814759;m2;190439;0;
..\..\world\azeroth\theblastedlands\passivedoodads\bones\blastedlandsskull01.m2;16375.5634765625;144.3768768310547;19270.8828125;1.8740203380584717;300.741943359375;5.4701385498046875;;1.0595703125;66446818;m2;190439;0;
..\..\world\azeroth\theblastedlands\passivedoodads\bones\blastedlandsbonepile03.m2;16379.7890625;145.05381774902344;19288.517578125;0;165.58648681640625;0;;0.7578125;66592316;m2;190438;0;
..\..\world\generic\orc\passivedoodads\jars\jarorc02.m2;16377.466796875;144.3355255126953;19281.51171875;-10.500000953674316;22.30126953125;3.4999992847442627;;1;66592355;m2;199180;0;
..\..\world\azeroth\theblastedlands\passivedoodads\bones\blastedlandsskull01.m2;16259.7646484375;76.92486572265625;19679.96875;-2.6924047470092773;213.1342010498047;-14.311528205871582;;1;65973966;m2;190439;0;
..\..\world\azeroth\theblastedlands\passivedoodads\bones\blastedlandsskull01.m2;16502.201171875;168.9947967529297;19359.826171875;2.592190742492676;106.41412353515625;1.5424416065216064;;1.13671875;66814724;m2;190439;0;
..\..\world\azeroth\theblastedlands\passivedoodads\bones\blastedlandsskull01.m2;16380.447265625;145.01736450195312;19267.18359375;-5.330040454864502;26.738250732421875;2.2425193786621094;;1.0712890625;66446858;m2;190439;0;
..\..\world\azeroth\theblastedlands\passivedoodads\bones\blastedlandsbonepile03.m2;16378.654296875;144.9652862548828;19279.39453125;0;359.95648193359375;0;;0.8935546875;66733186;m2;190438;0;
..\..\world\azeroth\theblastedlands\passivedoodads\bones\blastedlandsbone01.m2;16253.7822265625;108.88365936279297;19566.283203125;-1.9076554775238037;124.7786865234375;27.425264358520508;;1.169921875;66733220;m2;190436;0;
..\..\world\azeroth\theblastedlands\passivedoodads\bones\blastedlandsskull01.m2;16517.560546875;170.94097900390625;19390.86328125;2.735389232635498;249.8747100830078;6.4351372718811035;;1.138671875;66814731;m2;190439;0;
..\..\world\azeroth\theblastedlands\passivedoodads\bones\blastedlandsskull01.m2;16502.177734375;169.02256774902344;19360.41015625;3.474550247192383;65.34454345703125;-2.587705135345459;;1.0712890625;66814766;m2;190439;0;
..\..\world\azeroth\theblastedlands\passivedoodads\bones\blastedlandsskull01.m2;16517.94140625;170.9427032470703;19381.423828125;7.5675578117370605;291.53521728515625;-6.870260715484619;;1.0712890625;66814813;m2;190439;0;
..\..\world\azeroth\theblastedlands\passivedoodads\bones\blastedlandsskull01.m2;16381.560546875;144.91197204589844;19272.32421875;-2.5656232833862305;345.8641357421875;5.182584285736084;;1.138671875;66446869;m2;190439;0;
..\..\world\azeroth\theblastedlands\passivedoodads\bones\blastedlandsskull01.m2;16244.9521484375;129.3021240234375;19354.37890625;-7.840371608734131;10.78857421875;22.068147659301758;;1.138671875;66733284;m2;190439;0;
..\..\world\azeroth\theblastedlands\passivedoodads\bones\blastedlandsbone01.m2;16455.298828125;147.5828094482422;19362.376953125;-14.106874465942383;267.2091064453125;-21.78380012512207;;1.169921875;66814801;m2;190436;0;
..\..\world\azeroth\theblastedlands\passivedoodads\bones\blastedlandsskull01.m2;16256.0498046875;109.09795379638672;19568.375;-8.935951232910156;283.5167236328125;-26.10097312927246;;1.0712890625;66733226;m2;190439;0;
..\..\world\azeroth\theblastedlands\passivedoodads\bones\blastedlandsskull01.m2;16426.681640625;151.607177734375;19302.345703125;3.679180145263672;327.87554931640625;6.298275470733643;;1.0712890625;66446809;m2;190439;0;
..\..\world\azeroth\theblastedlands\passivedoodads\bones\blastedlandsskull01.m2;16423.142578125;151.08128356933594;19303.7578125;-2.518697500228882;18.160186767578125;6.8437581062316895;;1.138671875;66446900;m2;190439;0;
..\..\world\azeroth\theblastedlands\passivedoodads\bones\blastedlandsbone01.m2;16518.244140625;170.9427032470703;19391.96484375;-15.834574699401855;43.802154541015625;-12.894070625305176;;1.169921875;66814827;m2;190436;0;
..\..\world\generic\orc\passivedoodads\jars\jarorc01.m2;16375.8173828125;144.9340362548828;19280.28125;8.500005722045898;171.95489501953125;-4.999997138977051;;1;66592256;m2;199179;0;
..\..\world\azeroth\theblastedlands\passivedoodads\bones\blastedlandsbonepile03.m2;16324.0810546875;143.0277862548828;19226.541015625;3.202732801437378;89.700927734375;0.9845542907714844;;0.8388671875;66814690;m2;190438;0;
..\..\world\azeroth\theblastedlands\passivedoodads\bones\blastedlandsskull01.m2;16324.958984375;143.6059112548828;19222.98046875;3.346773147583008;69.89288330078125;-0.1582433134317398;;1.0712890625;66814881;m2;190439;0;
..\..\world\azeroth\theblastedlands\passivedoodads\bones\blastedlandsbonepile03.m2;16382.060546875;144.73046875;19270.4921875;-3.300478219985962;354.317138671875;4.749264717102051;;0.7734375;66446741;m2;190438;0;
..\..\world\azeroth\theblastedlands\passivedoodads\bones\blastedlandsbone01.m2;16254.9267578125;109.60938262939453;19562.119140625;-16.178539276123047;267.21533203125;-22.526750564575195;;1.1201171875;66733300;m2;190436;0;
..\..\world\azeroth\theblastedlands\passivedoodads\bones\blastedlandsbone01.m2;16451.66796875;147.23558044433594;19364.986328125;24.87230110168457;44.74346923828125;6.947262287139893;;1.1201171875;66814891;m2;190436;0;
..\..\world\azeroth\theblastedlands\passivedoodads\bones\blastedlandsskull01.m2;16240.599609375;132.57302856445312;19415.23046875;6.077091693878174;129.81533813476562;0.784659206867218;;1;65973840;m2;190439;0;
..\..\world\azeroth\theblastedlands\passivedoodads\bones\blastedlandsskull01.m2;16497.63671875;166.44618225097656;19260.94921875;-5.438987731933594;195.98025512695312;-1.0289920568466187;;1.0595703125;66592281;m2;190439;0;
..\..\world\azeroth\theblastedlands\passivedoodads\bones\blastedlandsskull01.m2;16303.244140625;124.43228912353516;19500.072265625;-1.828409194946289;211.0974578857422;-6.894827842712402;;1;66592359;m2;190439;0;
..\..\world\azeroth\theblastedlands\passivedoodads\bones\blastedlandsbone01.m2;16243.7021484375;128.06887817382812;19349.2265625;17.12674331665039;306.65643310546875;16.121313095092773;;1.1201171875;66733173;m2;190436;0;
..\..\world\azeroth\theblastedlands\passivedoodads\bones\blastedlandsskull01.m2;16249.01171875;130.5572967529297;19353.474609375;-4.126956462860107;1.81097412109375;23.006237030029297;;1.13671875;66733261;m2;190439;0;
..\..\world\azeroth\theblastedlands\passivedoodads\bones\blastedlandsskull02.m2;16381.6279296875;144.9999542236328;19291.07421875;0;53.78753662109375;0;;1.001953125;66592283;m2;190440;0;
..\..\world\azeroth\theblastedlands\passivedoodads\bones\blastedlandsskull01.m2;16500.658203125;170.7135467529297;19366.298828125;-2.9673714637756348;339.3369140625;-7.71318244934082;;1.0595703125;66814921;m2;190439;0;
..\..\world\azeroth\theblastedlands\passivedoodads\bones\blastedlandsbone01.m2;16516.845703125;170.9427032470703;19374.181640625;-27.28030776977539;34.198516845703125;-15.865653991699219;;1.0439453125;66814834;m2;190436;0;
..\..\world\azeroth\theblastedlands\passivedoodads\bones\blastedlandsskull01.m2;16069.505859375;101.81217193603516;19273.744140625;1.691678524017334;104.57943725585938;4.0396528244018555;;1.0595703125;66814926;m2;190439;0;
..\..\world\azeroth\theblastedlands\passivedoodads\bones\blastedlandsskull01.m2;16063.7978515625;102.36978912353516;19275.876953125;-3.9163126945495605;190.64292907714844;1.9607181549072266;;1.0712890625;66814819;m2;190439;0;
..\..\world\azeroth\theblastedlands\passivedoodads\bones\blastedlandsskull01.m2;16427.27734375;151.7241973876953;19302.44140625;-1.3367043733596802;8.55859375;7.167562961578369;;1.13671875;66446765;m2;190439;0;
..\..\world\azeroth\theblastedlands\passivedoodads\bones\blastedlandsskull01.m2;16323.869140625;142.7135467529297;19229.197265625;0.06471411883831024;343.7052307128906;-3.3499176502227783;;1.0595703125;66814923;m2;190439;0;
..\..\world\azeroth\theblastedlands\passivedoodads\bones\blastedlandsbone01.m2;16258.3017578125;78.25052642822266;19675.189453125;-18.241744995117188;231.18417358398438;-31.064008712768555;;1;65973904;m2;190436;0;
..\..\world\azeroth\theblastedlands\passivedoodads\bones\blastedlandsbone01.m2;16245.556640625;129.35069274902344;19353.19921875;-2.6535427570343018;166.02978515625;-23.2108154296875;;1.169921875;66733210;m2;190436;0;
..\..\world\azeroth\theblastedlands\passivedoodads\bones\blastedlandsskull01.m2;16427.796875;151.8113555908203;19301.6328125;0.11384207010269165;178.939453125;-7.289510726928711;;1.2275390625;66446943;m2;190439;0;
..\..\world\azeroth\theblastedlands\passivedoodads\bones\blastedlandsbone01.m2;16257.2109375;78.3808364868164;19674.70703125;-27.44623565673828;125.2468032836914;23.547903060913086;;1;65973880;m2;190436;0;
..\..\world\azeroth\theblastedlands\passivedoodads\bones\blastedlandsbone01.m2;16450.310546875;147.36085510253906;19365.04296875;-18.616046905517578;162.845703125;18.138246536254883;;1.0439453125;66814916;m2;190436;0;
..\..\world\azeroth\theblastedlands\passivedoodads\bones\blastedlandsskull01.m2;16499.9453125;166.22222900390625;19266.71875;0.6611814498901367;282.08990478515625;-5.495665550231934;;1.0712890625;66592240;m2;190439;0;
..\..\world\azeroth\theblastedlands\passivedoodads\bones\blastedlandsbone01.m2;16515.98046875;170.9427032470703;19375.21484375;12.354816436767578;273.71246337890625;-11.986746788024902;;1.1201171875;66814780;m2;190436;0;
..\..\world\azeroth\theblastedlands\passivedoodads\bones\blastedlandsbone01.m2;16255.962890625;109.72570037841797;19561.25390625;27.394453048706055;26.035919189453125;-2.3386080265045166;;1.0439453125;66733311;m2;190436;0;
..\..\world\azeroth\theblastedlands\passivedoodads\bones\blastedlandsbone01.m2;16243.9140625;127.85440063476562;19347.8828125;-22.474592208862305;65.5499267578125;6.5184149742126465;;1.0439453125;66733317;m2;190436;0;
..\..\world\azeroth\theblastedlands\passivedoodads\bones\blastedlandsbone01.m2;16252.8486328125;109.39063262939453;19564.173828125;22.86789894104004;355.2681884765625;-15.678581237792969;;1;66733241;m2;190436;0;
..\..\world\azeroth\theblastedlands\passivedoodads\bones\blastedlandsskull01.m2;16317.9892578125;148.8298797607422;19300.95703125;2.581132411956787;276.0989990234375;2.9232888221740723;;1.0595703125;66733271;m2;190439;0;
..\..\world\azeroth\theblastedlands\passivedoodads\bones\blastedlandsbone01.m2;16454.5703125;146.9821319580078;19364.603515625;-8.180671691894531;135.91500854492188;24.515995025634766;;1;66814800;m2;190436;0;
..\..\world\azeroth\theblastedlands\passivedoodads\bones\blastedlandsbone01.m2;16243.5009765625;128.44847106933594;19352.166015625;-16.713001251220703;36.250885009765625;16.550596237182617;;1;66733315;m2;190436;0;
..\..\world\azeroth\theblastedlands\passivedoodads\bones\blastedlandsbone01.m2;16522.716796875;170.9427032470703;19392.3203125;9.288524627685547;181.3103485107422;-7.534477233886719;;1.1201171875;66814846;m2;190436;0;
..\..\world\azeroth\theblastedlands\passivedoodads\bones\blastedlandsskull01.m2;16248.568359375;130.5694580078125;19354.94140625;16.893232345581055;307.49462890625;16.36649513244629;;0.7783203125;66733218;m2;190439;0;
..\..\world\azeroth\theblastedlands\passivedoodads\bones\blastedlandsbone01.m2;16258.58984375;78.15992736816406;19675.50390625;2.654616355895996;74.92364501953125;35.47024917602539;;1;65973853;m2;190436;0;
..\..\world\azeroth\theblastedlands\passivedoodads\bones\blastedlandsbone01.m2;16379.0234375;144.93055725097656;19269.9765625;5.780367851257324;230.6507568359375;0.10620410740375519;;1.169921875;66447010;m2;190436;0;
..\..\world\azeroth\theblastedlands\passivedoodads\bones\blastedlandsbone01.m2;16502.763671875;170.15625;19363.37890625;-8.295797348022461;269.29058837890625;-3.3098349571228027;;1.169921875;66814740;m2;190436;0;
..\..\world\azeroth\theblastedlands\passivedoodads\bones\blastedlandsbone01.m2;16421.220703125;150.73196411132812;19298.759765625;5.398183345794678;310.435791015625;4.907311916351318;;1.1201171875;66446839;m2;190436;0;
..\..\world\azeroth\theblastedlands\passivedoodads\bones\blastedlandsbone01.m2;16497.615234375;166.2239532470703;19264.552734375;-2.820537805557251;125.80695343017578;4.764577865600586;;1.169921875;66592312;m2;190436;0;
..\..\world\azeroth\theblastedlands\passivedoodads\bones\blastedlandsskull01.m2;16323.90234375;148.78993225097656;19299.7734375;-2.742244243621826;2.156982421875;2.772716522216797;;1.0712890625;66733245;m2;190439;0;
..\..\world\azeroth\theblastedlands\passivedoodads\bones\blastedlandsskull01.m2;16456.60546875;148.25753784179688;19359.064453125;24.76841926574707;45.65643310546875;7.33051872253418;;0.7783203125;66814774;m2;190439;0;
..\..\world\azeroth\theblastedlands\passivedoodads\bones\blastedlandsbone01.m2;16245.2265625;129.23611450195312;19353.08203125;18.96558380126953;224.93212890625;-13.886138916015625;;0.955078125;66733329;m2;190436;0;
..\..\world\azeroth\theblastedlands\passivedoodads\bones\blastedlandsbone01.m2;16065.9248046875;102.19097137451172;19273.650390625;4.373857021331787;34.504669189453125;-0.21060843765735626;;1.169921875;66814809;m2;190436;0;
..\..\world\azeroth\theblastedlands\passivedoodads\bones\blastedlandsbone01.m2;16455.228515625;147.33441162109375;19362.72265625;11.646391868591309;323.8665771484375;-23.144285202026367;;0.955078125;66814733;m2;190436;0;
..\..\world\azeroth\theblastedlands\passivedoodads\bones\blastedlandsbone01.m2;16499.4140625;170.70138549804688;19366.36328125;2.9333853721618652;47.8350830078125;-4.33839750289917;;1.1201171875;66814839;m2;190436;0;
..\..\world\azeroth\theblastedlands\passivedoodads\bones\blastedlandsbone01.m2;16253.5947265625;108.94239807128906;19565.970703125;-24.92009162902832;184.36419677734375;11.987236022949219;;0.955078125;66733297;m2;190436;0;
..\..\world\azeroth\theblastedlands\passivedoodads\bones\blastedlandsskull01.m2;16476.111328125;138.875;19477.30859375;-6.011176109313965;89.12411499023438;-9.709031105041504;;1;65974010;m2;190439;0;
..\..\world\azeroth\theblastedlands\passivedoodads\bones\blastedlandsbone01.m2;16423.6328125;151.1013641357422;19302.521484375;-0.832504153251648;171.52850341796875;-7.242944240570068;;1.169921875;66446883;m2;190436;0;
..\..\world\azeroth\theblastedlands\passivedoodads\bones\blastedlandsbone01.m2;16517.35546875;170.9427032470703;19383.392578125;-25.457162857055664;94.47137451171875;-38.23068618774414;;0.87890625;66814873;m2;190436;0;
..\..\world\azeroth\theblastedlands\passivedoodads\bones\blastedlandsbone01.m2;16523.767578125;170.9427032470703;19393.203125;-9.72303295135498;303.0350341796875;7.297178745269775;;1.0439453125;66814790;m2;190436;0;
..\..\world\azeroth\theblastedlands\passivedoodads\bones\blastedlandsskull02.m2;16382.0546875;145.0052032470703;19283.55078125;0;151.010009765625;0;;0.859375;66592306;m2;190440;0;
..\..\world\azeroth\theblastedlands\passivedoodads\bones\blastedlandsbone01.m2;16321.4892578125;149.10418701171875;19301.630859375;3.627671957015991;205.98077392578125;-1.42963445186615;;1.169921875;66733294;m2;190436;0;
..\..\world\azeroth\theblastedlands\passivedoodads\bones\blastedlandsbone01.m2;16242.998046875;127.69972229003906;19348.75390625;13.051547050476074;319.7193603515625;19.53786849975586;;0.9189453125;66733313;m2;190436;0;
..\..\world\azeroth\theblastedlands\passivedoodads\bones\blastedlandsskull01.m2;16245.349609375;128.63087463378906;19348.951171875;7.255404472351074;335.04248046875;22.25827980041504;;0.7900390625;66733201;m2;190439;0;
..\..\world\azeroth\theblastedlands\passivedoodads\bones\blastedlandsbone01.m2;16322.6484375;142.29580688476562;19229.376953125;3.144843578338623;52.39691162109375;-1.1565066576004028;;1.1201171875;66814892;m2;190436;0;
..\..\world\azeroth\theblastedlands\passivedoodads\bones\blastedlandsskull01.m2;16256.3935546875;109.76970672607422;19562.984375;-3.561558723449707;294.2371520996094;-27.272485733032227;;0.7900390625;66733190;m2;190439;0;
..\..\world\azeroth\theblastedlands\passivedoodads\bones\blastedlandsskull01.m2;16475.275390625;139.88888549804688;19484.138671875;-0.2851799428462982;275.7396545410156;6.78983211517334;;1;65973972;m2;190439;0;
..\..\world\azeroth\theblastedlands\passivedoodads\bones\blastedlandsskull01.m2;16210.4423828125;125.32704162597656;19370.955078125;0;354;0;;1;66592344;m2;190439;0;
..\..\world\azeroth\theblastedlands\passivedoodads\bones\blastedlandsbone01.m2;16451.291015625;147.06446838378906;19365.7734375;22.597057342529297;59.01007080078125;12.715700149536133;;0.9189453125;66814698;m2;190436;0;
..\..\world\azeroth\theblastedlands\passivedoodads\bones\blastedlandsbone01.m2;16385.369140625;145.0902862548828;19288.5703125;0;26.256500244140625;0;;1.2041015625;66592293;m2;190436;0;
..\..\world\azeroth\theblastedlands\passivedoodads\bones\blastedlandsbone01.m2;16325.79296875;143.28298950195312;19226.01953125;-3.1258039474487305;273.73321533203125;-1.2073262929916382;;1.169921875;66814798;m2;190436;0;
..\..\world\azeroth\theblastedlands\passivedoodads\bones\blastedlandsskull02.m2;16385.64453125;143.92958068847656;19282.25390625;0;83.0465087890625;0;;0.97265625;66592252;m2;190440;0;
..\..\world\azeroth\theblastedlands\passivedoodads\bones\blastedlandsskull01.m2;16451.177734375;147.6522674560547;19363.416015625;18.213394165039062;75.607666015625;18.542640686035156;;0.7900390625;66814680;m2;190439;0;
..\..\world\azeroth\theblastedlands\passivedoodads\bones\blastedlandsbone01.m2;16374.560546875;144.40342712402344;19270.16796875;-4.411155700683594;9.229736328125;3.74074387550354;;1.1201171875;66446992;m2;190436;0;
..\..\world\azeroth\theblastedlands\passivedoodads\bones\blastedlandsbone01.m2;16260.1123046875;77.03998565673828;19679.666015625;12.123787879943848;320.4348449707031;4.134339809417725;;1;65973885;m2;190436;0;
..\..\world\azeroth\theblastedlands\passivedoodads\bones\blastedlandsskull01.m2;16522.03515625;170.94444274902344;19393.89453125;8.579133033752441;211.2496795654297;-0.5288854837417603;;0.7900390625;66814889;m2;190439;0;
..\..\world\azeroth\theblastedlands\passivedoodads\bones\blastedlandsbone01.m2;16254.681640625;109.72569274902344;19561.310546875;-10.770959854125977;279.6605224609375;-25.44076156616211;;0.9189453125;66733282;m2;190436;0;
..\..\world\azeroth\theblastedlands\passivedoodads\bones\blastedlandsskull01.m2;16426.990234375;151.71438598632812;19303.9453125;5.326074600219727;311.27130126953125;4.985497951507568;;0.7783203125;66446851;m2;190439;0;
..\..\world\azeroth\theblastedlands\passivedoodads\bones\blastedlandsbone01.m2;16259.0966796875;76.872314453125;19680.103515625;-11.848766326904297;144.00152587890625;-4.875196933746338;;1;65973980;m2;190436;0;
..\..\world\azeroth\theblastedlands\passivedoodads\bones\blastedlandsbone01.m2;16255.162109375;108.59770965576172;19570.296875;16.45941925048828;86.50628662109375;22.32750701904297;;0.87890625;66733182;m2;190436;0;
..\..\world\azeroth\theblastedlands\passivedoodads\bones\blastedlandsbone01.m2;16070.2802734375;101.71424102783203;19274.6875;-3.14725399017334;173.157470703125;3.0463132858276367;;1.1201171875;66814868;m2;190436;0;
..\..\world\azeroth\theblastedlands\passivedoodads\bones\blastedlandsbone01.m2;16498.583984375;166.49481201171875;19260.169921875;-1.0164374113082886;264.701171875;-5.441341876983643;;1.1201171875;66592340;m2;190436;0;
..\..\world\azeroth\theblastedlands\passivedoodads\bones\blastedlandsbone01.m2;16242.90234375;131.9228515625;19422.23828125;-3.808767080307007;229.46875;8.55575180053711;;1;65973915;m2;190436;0;
..\..\world\azeroth\theblastedlands\passivedoodads\bones\blastedlandsskull01.m2;16375.0478515625;144.62901306152344;19268.451171875;-5.678159713745117;38.72015380859375;1.0890841484069824;;0.7900390625;66446748;m2;190439;0;
..\..\world\azeroth\theblastedlands\passivedoodads\bones\blastedlandsbone01.m2;16456.953125;148.36386108398438;19358.66015625;-24.959121704101562;223.9374237060547;-6.607670307159424;;0.87890625;66814761;m2;190436;0;
..\..\world\azeroth\theblastedlands\passivedoodads\bones\blastedlandsbone01.m2;16248.8984375;130.72744750976562;19355.34375;-17.329797744750977;125.91552734375;-15.901928901672363;;0.87890625;66733357;m2;190436;0;
..\..\world\azeroth\theblastedlands\passivedoodads\bones\blastedlandsbone01.m2;16373.4140625;144.3900909423828;19269.439453125;-0.7622794508934021;132.04525756835938;-5.731014728546143;;1.0439453125;66446788;m2;190436;0;
..\..\world\azeroth\theblastedlands\passivedoodads\bones\blastedlandsbone01.m2;16243.7734375;131.08364868164062;19423.56640625;-11.523341178894043;285.9385986328125;4.8646931648254395;;1;65973897;m2;190436;0;
..\..\world\azeroth\theblastedlands\passivedoodads\bones\blastedlandsbone01.m2;16317.3642578125;148.62745666503906;19299.90625;-1.7839754819869995;344.7005615234375;3.4674930572509766;;1.1201171875;66733225;m2;190436;0;
..\..\world\azeroth\theblastedlands\passivedoodads\bones\blastedlandsskull01.m2;16503.708984375;169.4791717529297;19359.86328125;2.971194267272949;48.6712646484375;-4.259078025817871;;0.7783203125;66814765;m2;190439;0;
..\..\world\azeroth\theblastedlands\passivedoodads\bones\blastedlandsbone01.m2;16260.400390625;77.1370620727539;19679.419921875;-5.159168720245361;188.0255584716797;-11.729310035705566;;1;65973912;m2;190436;0;
..\..\world\azeroth\theblastedlands\passivedoodads\bones\blastedlandsbone01.m2;16240.962890625;132.56741333007812;19415.544921875;-4.889474391937256;236.91209411621094;7.990438461303711;;1;65973992;m2;190436;0;
..\..\world\azeroth\theblastedlands\passivedoodads\bones\blastedlandsbone01.m2;16421.376953125;150.8415069580078;19301.70703125;-5.2938055992126465;44.45758056640625;5.019737720489502;;1;66446874;m2;190436;0;
..\..\world\azeroth\theblastedlands\passivedoodads\bones\blastedlandsbone01.m2;16240.400390625;132.5587615966797;19414.56640625;5.366720676422119;60.39337158203125;-7.679171562194824;;1;65974020;m2;190436;0;
..\..\world\azeroth\theblastedlands\passivedoodads\bones\blastedlandsbone01.m2;16499.583984375;166.55555725097656;19259.25390625;5.129703044891357;27.379302978515625;2.082275867462158;;1.0439453125;66592262;m2;190436;0;
..\..\world\azeroth\theblastedlands\passivedoodads\bones\blastedlandsbone01.m2;16386.0625;145.109375;19288.34375;0;315.8099365234375;0;;1.0966796875;66592296;m2;190436;0;
..\..\world\azeroth\theblastedlands\passivedoodads\bones\blastedlandsskull01.m2;16255.138671875;108.75433349609375;19569.73828125;-15.85716724395752;268.01708984375;-22.747982025146484;;0.7783203125;66733312;m2;190439;0;
..\..\world\azeroth\theblastedlands\passivedoodads\bones\blastedlandsskull01.m2;16326.4541015625;143.2943878173828;19222.31640625;3.161343812942505;53.23291015625;-1.1105140447616577;;0.7783203125;66814861;m2;190439;0;
..\..\world\azeroth\theblastedlands\passivedoodads\bones\blastedlandsskull02.m2;16380.607421875;145.00868225097656;19288.01171875;0;29.95880126953125;0;;0.7900390625;66592208;m2;190440;0;
..\..\world\azeroth\theblastedlands\passivedoodads\bones\blastedlandsbone01.m2;16518.548828125;170.9427032470703;19391.681640625;-3.26731014251709;104.92706298828125;-19.08596420288086;;0.955078125;66814823;m2;190436;0;
..\..\world\azeroth\theblastedlands\passivedoodads\bones\blastedlandsbone01.m2;16475.06640625;139.9184112548828;19484.796875;8.707016944885254;207.0128631591797;0.461444228887558;;1;65973856;m2;190436;0;
..\..\world\generic\orc\passivedoodads\jars\jarorc03.m2;16376.3642578125;144.94618225097656;19280.38671875;0;359.8213195800781;0;;1;66592250;m2;199181;0;
..\..\world\azeroth\theblastedlands\passivedoodads\bones\blastedlandsbone01.m2;16421.251953125;150.637939453125;19297.400390625;-7.0336809158325195;72.7193603515625;1.9226163625717163;;1.0439453125;66446871;m2;190436;0;
..\..\world\azeroth\theblastedlands\passivedoodads\bones\blastedlandsskull01.m2;16069.349609375;101.59896087646484;19276.14453125;-4.236886978149414;202.60049438476562;1.1076200008392334;;0.7900390625;66814730;m2;190439;0;
..\..\world\azeroth\theblastedlands\passivedoodads\bones\blastedlandsskull01.m2;16517.44140625;170.9427032470703;19375.923828125;3.5801925659179688;303.2427978515625;-4.4005584716796875;;0.7900390625;66814833;m2;190439;0;
..\..\world\azeroth\theblastedlands\passivedoodads\bones\blastedlandsbone01.m2;16303.224609375;124.55034637451172;19499.15625;-0.3120777904987335;48.37359619140625;7.12522554397583;;1;66592201;m2;190436;0;
..\..\world\azeroth\theblastedlands\passivedoodads\bones\blastedlandsbone01.m2;16302.349609375;124.57998657226562;19499.80078125;7.127529621124268;317.92083740234375;0.2534922957420349;;1;66592277;m2;190436;0;
..\..\world\azeroth\theblastedlands\passivedoodads\bones\blastedlandsbone01.m2;16380.2861328125;144.47471618652344;19283.9453125;0;127.97100830078125;0;;1.08203125;66592290;m2;190436;0;
..\..\world\azeroth\theblastedlands\passivedoodads\bones\blastedlandsbone01.m2;16475.041015625;139.70138549804688;19483.30078125;5.932964324951172;251.309814453125;6.400753021240234;;1;65973886;m2;190436;0;
..\..\world\azeroth\theblastedlands\passivedoodads\bones\blastedlandsbone01.m2;16476.1171875;139.3367462158203;19477.69921875;7.045332908630371;162.66058349609375;-5.1496901512146;;1;65973978;m2;190436;0;
..\..\world\azeroth\theblastedlands\passivedoodads\bones\blastedlandsbone01.m2;16476.09375;138.8456268310547;19476.51953125;-5.706449508666992;68.30731201171875;-6.60326623916626;;1;65973999;m2;190436;0;
..\..\world\azeroth\theblastedlands\passivedoodads\bones\blastedlandsbone01.m2;16475.14453125;139.7916717529297;19483.681640625;-8.718755722045898;23.47210693359375;0.0751095563173294;;1;65973985;m2;190436;0;
..\..\world\azeroth\theblastedlands\passivedoodads\bones\blastedlandsbone01.m2;16498.05078125;170.51910400390625;19366.515625;-3.1881792545318604;170.368896484375;4.286585807800293;;1.0439453125;66814683;m2;190436;0;
..\..\world\azeroth\theblastedlands\passivedoodads\bones\blastedlandsbone01.m2;16520.294921875;170.94097900390625;19390.646484375;-3.188959836959839;275.58697509765625;8.323198318481445;;1;66814781;m2;190436;0;
..\..\world\azeroth\theblastedlands\passivedoodads\bones\blastedlandsbone01.m2;16241.263671875;132.5534210205078;19415.8046875;9.189330101013184;104.6104736328125;-1.7838679552078247;;1;65973887;m2;190436;0;
..\..\world\azeroth\theblastedlands\passivedoodads\bones\blastedlandsbone01.m2;16423.27734375;151.0576171875;19302.439453125;5.981568336486816;233.03555297851562;-4.175506114959717;;0.955078125;66446988;m2;190436;0;
..\..\world\azeroth\theblastedlands\passivedoodads\bones\blastedlandsskull01.m2;16500.109375;166.35243225097656;19261.1015625;1.7815548181533813;293.97149658203125;-5.24146842956543;;0.7900390625;66592209;m2;190439;0;
..\..\world\azeroth\theblastedlands\passivedoodads\bones\blastedlandsbone01.m2;16071.1904296875;101.4246597290039;19275.677734375;-0.8640492558479309;295.9068908691406;-4.293087482452393;;1.0439453125;66814691;m2;190436;0;
..\..\world\azeroth\theblastedlands\passivedoodads\bones\blastedlandsbone01.m2;16303.0205078125;124.57290649414062;19498.74609375;4.321375370025635;263.0302429199219;-5.679142475128174;;1;66592206;m2;190436;0;
..\..\world\azeroth\theblastedlands\passivedoodads\bones\blastedlandsbone01.m2;16475.927734375;139.37429809570312;19478.09375;-8.633798599243164;10.885650634765625;1.2211806774139404;;1;65973898;m2;190436;0;
..\..\world\azeroth\theblastedlands\passivedoodads\bones\blastedlandsskull02.m2;16386.86328125;145.15451049804688;19289.03125;0;199.439208984375;0;;0.7900390625;66592253;m2;190440;0;
..\..\world\azeroth\theblastedlands\passivedoodads\bones\blastedlandsbone01.m2;16316.6142578125;148.43353271484375;19298.78515625;-1.9554122686386108;107.44547271728516;-3.3738627433776855;;1.0439453125;66733289;m2;190436;0;
..\..\world\azeroth\theblastedlands\passivedoodads\bones\blastedlandsbone01.m2;16502.298828125;170.63368225097656;19365.771484375;-0.2866479158401489;142.37396240234375;3.9082062244415283;;1;66814841;m2;190436;0;
..\..\world\azeroth\theblastedlands\passivedoodads\bones\blastedlandsbone01.m2;16243.009765625;131.93923950195312;19422.662109375;-0.6324832439422607;21.8056640625;-9.338272094726562;;1;65973954;m2;190436;0;
..\..\world\azeroth\theblastedlands\passivedoodads\bones\blastedlandsskull01.m2;16422.904296875;150.89572143554688;19298.31640625;2.3010663986206055;339.74371337890625;6.919670104980469;;0.7900390625;66447007;m2;190439;0;
..\..\world\azeroth\theblastedlands\passivedoodads\bones\blastedlandsskull02.m2;16385.15234375;144.09625244140625;19284.2734375;0;76.99288940429688;0;;0.82421875;66592229;m2;190440;0;
..\..\world\azeroth\theblastedlands\passivedoodads\bones\blastedlandsbone01.m2;16502.765625;170.27256774902344;19363.80078125;-3.820767402648926;331.1483459472656;-7.584601402282715;;0.955078125;66814678;m2;190436;0;
..\..\world\azeroth\theblastedlands\passivedoodads\bones\blastedlandsskull01.m2;16517.2734375;170.9427032470703;19382.861328125;12.16102409362793;274.5833435058594;-11.70549201965332;;0.7783203125;66814880;m2;190439;0;
..\..\world\azeroth\theblastedlands\passivedoodads\bones\blastedlandsskull01.m2;16498.755859375;170.44618225097656;19364.7890625;3.528552770614624;77.31414794921875;-1.333918571472168;;0.7900390625;66814899;m2;190439;0;
..\..\world\azeroth\theblastedlands\passivedoodads\bones\blastedlandsbone01.m2;16515.62890625;170.9427032470703;19374.40234375;8.853448867797852;287.3077392578125;-7.950045585632324;;0.9189453125;66814772;m2;190436;0;
..\..\world\azeroth\theblastedlands\passivedoodads\bones\blastedlandsbone01.m2;16377.1611328125;144.40895080566406;19271.55078125;-3.372889280319214;103.99777221679688;-4.698173522949219;;1;66446984;m2;190436;0;
..\..\world\azeroth\theblastedlands\passivedoodads\bones\blastedlandsbone01.m2;16321.310546875;142.14263916015625;19229.6484375;-0.722632646560669;175.041259765625;3.2717745304107666;;1.0439453125;66814697;m2;190436;0;
..\..\world\azeroth\theblastedlands\passivedoodads\bones\blastedlandsskull01.m2;16318.4990234375;148.4947967529297;19298.59765625;-3.256067991256714;14.09381103515625;2.1459507942199707;;0.7900390625;66733338;m2;190439;0;
..\..\world\azeroth\theblastedlands\passivedoodads\bones\blastedlandsbone01.m2;16325.4921875;142.8402862548828;19228.5546875;0.9053564071655273;146.939697265625;3.225996732711792;;1;66814829;m2;190436;0;
..\..\world\azeroth\theblastedlands\passivedoodads\bones\blastedlandsbone01.m2;16514.509765625;170.94618225097656;19393.82421875;-17.806081771850586;0.375244140625;-3.0024187564849854;;0.87890625;66814725;m2;190436;0;
..\..\world\azeroth\theblastedlands\passivedoodads\bones\blastedlandsbone01.m2;16496.583984375;165.96322631835938;19262.322265625;5.50363302230835;359.110107421875;-0.5911146402359009;;1;66592257;m2;190436;0;
..\..\world\azeroth\theblastedlands\passivedoodads\bones\blastedlandsbone01.m2;16068.1484375;101.9045181274414;19272.681640625;-2.7860498428344727;267.8089599609375;-3.3797824382781982;;1;66814911;m2;190436;0;
..\..\world\azeroth\theblastedlands\passivedoodads\bones\blastedlandsbone01.m2;16420.416015625;150.61839294433594;19298.36328125;4.131791591644287;323.67108154296875;6.011813163757324;;0.9189453125;66446856;m2;190436;0;
..\..\world\azeroth\theblastedlands\passivedoodads\bones\blastedlandsskull01.m2;16325.0654296875;148.8256072998047;19300.91015625;-1.834290623664856;345.5343322753906;3.4411606788635254;;0.7783203125;66733319;m2;190439;0;
..\..\world\azeroth\theblastedlands\passivedoodads\bones\blastedlandsbone01.m2;16209.810546875;125.61460876464844;19372.150390625;0;46.25726318359375;0;;1;66592342;m2;190436;0;
..\..\world\azeroth\theblastedlands\passivedoodads\bones\blastedlandsbone01.m2;16523.525390625;170.94097900390625;19391.94921875;9.41790771484375;194.82150268554688;-4.332370758056641;;0.9189453125;66814843;m2;190436;0;
..\..\world\azeroth\theblastedlands\passivedoodads\bones\blastedlandsbone01.m2;16319.166015625;149.0798797607422;19302.224609375;-3.3154280185699463;79.2994384765625;-2.0529987812042236;;1;66733304;m2;190436;0;
..\..\world\azeroth\theblastedlands\passivedoodads\bones\blastedlandsskull01.m2;16381.9765625;145.0208282470703;19267.73828125;-4.465156555175781;10.06549072265625;3.676050901412964;;0.7783203125;66446941;m2;190439;0;
..\..\world\azeroth\theblastedlands\passivedoodads\bones\blastedlandsskull01.m2;16515.046875;170.94444274902344;19393.724609375;9.318541526794434;182.1610870361328;-7.334441661834717;;0.7783203125;66814836;m2;190439;0;
..\..\world\azeroth\theblastedlands\passivedoodads\bones\blastedlandsskull01.m2;16321.8447265625;142.82118225097656;19227.716796875;3.30711030960083;81.84442138671875;0.5379822254180908;;0.7900390625;66814667;m2;190439;0;
..\..\world\azeroth\theblastedlands\passivedoodads\bones\blastedlandsbone01.m2;16427.3828125;151.8001251220703;19304.3125;-5.460638523101807;129.6988525390625;-4.837699890136719;;0.87890625;66446827;m2;190436;0;
..\..\world\azeroth\theblastedlands\passivedoodads\bones\blastedlandsbone01.m2;16378.7685546875;144.90972900390625;19270.25;2.636667251586914;292.54180908203125;5.146886348724365;;0.955078125;66446982;m2;190436;0;
..\..\world\azeroth\theblastedlands\passivedoodads\bones\blastedlandsbone01.m2;16504.005859375;169.50694274902344;19359.40234375;-7.870099067687988;226.9792938232422;1.013816237449646;;0.87890625;66814922;m2;190436;0;
..\..\world\azeroth\theblastedlands\passivedoodads\bones\blastedlandsbone01.m2;16499.123046875;170.71180725097656;19367.203125;3.3932042121887207;61.1131591796875;-3.0245420932769775;;0.9189453125;66814720;m2;190436;0;
..\..\world\azeroth\theblastedlands\passivedoodads\bones\blastedlandsbone01.m2;16066.244140625;102.12847137451172;19273.462890625;2.2520694732666016;96.36456298828125;3.756486177444458;;0.955078125;66814793;m2;190436;0;
..\..\world\azeroth\theblastedlands\passivedoodads\bones\blastedlandsbone01.m2;16497.419921875;166.25;19264.228515625;-5.530097007751465;187.7137908935547;-0.23754368722438812;;0.955078125;66592302;m2;190436;0;
..\..\world\azeroth\theblastedlands\passivedoodads\bones\blastedlandsbone01.m2;16321.1484375;149.10763549804688;19301.76171875;2.9728198051452637;267.8695068359375;2.5239059925079346;;0.955078125;66733215;m2;190436;0;
..\..\world\azeroth\theblastedlands\passivedoodads\bones\blastedlandsskull02.m2;16384.455078125;145.01649475097656;19274.177734375;0;359.010009765625;0;;0.859375;66733170;m2;190440;0;
..\..\world\azeroth\theblastedlands\passivedoodads\bones\blastedlandsbone01.m2;16373.802734375;144.3086700439453;19270.671875;-5.1506476402282715;22.50543212890625;2.629303455352783;;0.9189453125;66446911;m2;190436;0;
..\..\world\azeroth\theblastedlands\passivedoodads\bones\blastedlandsskull01.m2;16062.466796875;102.62671661376953;19274.9609375;-3.1912903785705566;173.99249267578125;3.000143051147461;;0.7783203125;66814687;m2;190439;0;
..\..\world\azeroth\theblastedlands\passivedoodads\bones\blastedlandsbone01.m2;16209.8955078125;125.59306335449219;19371.69921875;0;191.40570068359375;0;;1;66592243;m2;190436;0;
..\..\world\azeroth\theblastedlands\passivedoodads\bones\blastedlandsbone01.m2;16210.99609375;125.51717376708984;19371.70703125;0;100.91768646240234;0;;1;66592287;m2;190436;0;
..\..\world\azeroth\theblastedlands\passivedoodads\bones\blastedlandsbone01.m2;16325.7890625;143.2205047607422;19226.40234375;-0.41515469551086426;335.490234375;-3.324770927429199;;0.955078125;66814897;m2;190436;0;
..\..\world\azeroth\theblastedlands\passivedoodads\bones\blastedlandsbone01.m2;16326.724609375;143.1975860595703;19221.8359375;-3.129716396331787;231.65969848632812;1.196850299835205;;0.87890625;66814870;m2;190436;0;
..\..\world\azeroth\theblastedlands\passivedoodads\bones\blastedlandsbone01.m2;16071.1435546875;101.66898345947266;19274.42578125;-3.761465072631836;186.417236328125;2.243756055831909;;0.9189453125;66814747;m2;190436;0;
..\..\world\azeroth\theblastedlands\passivedoodads\bones\blastedlandsbone01.m2;16322.435546875;142.06016540527344;19230.306640625;3.326124906539917;65.6666259765625;-0.40418991446495056;;0.9189453125;66814789;m2;190436;0;
..\..\world\azeroth\theblastedlands\passivedoodads\bones\blastedlandsbone01.m2;16316.4736328125;148.69224548339844;19300.03515625;-2.5309107303619385;357.9388732910156;2.966865062713623;;0.9189453125;66733337;m2;190436;0;
..\..\world\azeroth\theblastedlands\passivedoodads\bones\blastedlandsbone01.m2;16498.294921875;166.6458282470703;19259.302734375;0.25573188066482544;277.8902893066406;-5.529305458068848;;0.9189453125;66592289;m2;190436;0;
..\..\world\azeroth\theblastedlands\passivedoodads\bones\blastedlandsbone01.m2;16382.4921875;145.11346435546875;19267.580078125;4.3627495765686035;188.4927978515625;-3.7970993518829346;;0.87890625;66446991;m2;190436;0;
..\..\world\azeroth\theblastedlands\passivedoodads\bones\blastedlandsskull01.m2;16499.033203125;166.22222900390625;19268.08203125;-0.9371529817581177;265.53240966796875;-5.455508708953857;;0.7783203125;66592228;m2;190439;0;
..\..\world\azeroth\theblastedlands\passivedoodads\bones\blastedlandsbone01.m2;16061.9248046875;102.73438262939453;19274.97265625;3.1078715324401855;352.421142578125;-3.0864579677581787;;0.87890625;66814851;m2;190436;0;
..\..\world\azeroth\theblastedlands\passivedoodads\bones\blastedlandsbone01.m2;16499.05859375;166.22222900390625;19268.638671875;1.0861601829528809;83.96810913085938;5.427884578704834;;0.87890625;66592337;m2;190436;0;
..\..\world\azeroth\theblastedlands\passivedoodads\bones\blastedlandsskull02.m2;16378.7490234375;144.95660400390625;19278.880859375;0;91.95880126953125;0;;0.7900390625;66733199;m2;190440;0;
..\..\world\azeroth\theblastedlands\passivedoodads\bones\blastedlandsbone01.m2;16325.5966796875;149.05731201171875;19300.990234375;1.739316463470459;163.96527099609375;-3.490063190460205;;0.87890625;66733354;m2;190436;0;
..\..\world\azeroth\theblastedlands\passivedoodads\bones\blastedlandsskull02.m2;16380.04296875;145.0052032470703;19284.58203125;0;359.40484619140625;0;;0.78125;66592227;m2;190440;0;
..\..\world\azeroth\theblastedlands\passivedoodads\bones\blastedlandsbone01.m2;16381.654296875;145.00868225097656;19286.23828125;0;337.8712158203125;0;;0.8955078125;66592307;m2;190436;0;
..\..\world\azeroth\theblastedlands\passivedoodads\bones\blastedlandsbone01.m2;16380.7197265625;144.3896484375;19283.53515625;0;178.1031494140625;0;;0.8603515625;66592313;m2;190436;0;
..\..\world\wmo\kalimdor\buildings\classicalelfruins\azrclassicalelfruin_white05.wmo;16235.3330078125;155.615966796875;19181.330078125;0;6.50042724609375;0;0;1;359261;wmo;332625;0;Set_$DefaultGlobal
..\..\world\wmo\dungeon\md_mountaincave\md_mushroomcave06.wmo;16767.205078125;70.49099731445312;19472.9765625;0;75.5;0;0;1;398076;wmo;111221;0;Set_$DefaultGlobal
..\..\world\wmo\kalimdor\buildings\classicalelfruins\azrclassicalelfruin_white02.wmo;16193.482421875;133.99102783203125;19336.685546875;0;137.6524658203125;0;0;1;65879026;wmo;449991;0;Set_$DefaultGlobal
..\..\world\wmo\kalimdor\buildings\classicalelfruins\azrclassicalelfruin_white04.wmo;16523.236328125;153.455810546875;19281.56640625;0;269;0;0;1;65879057;wmo;448938;0;Set_$DefaultGlobal
..\..\world\wmo\kalimdor\buildings\classicalelfruins\azrclassicalelfruin_white05.wmo;16036.3427734375;136.85482788085938;19555.375;0;273.0000305175781;0;0;1;65913091;wmo;332625;0;Set_$DefaultGlobal
..\..\world\wmo\autogen-names\unknown\21654.wmo;15914.5615234375;110.83133697509766;19783.859375;0;341.499755859375;0;0;1;65973902;wmo;8293297;0;DefaultGlobal
..\..\world\wmo\kalimdor\collidabledoodads\mulgore\centaurtents\centaurtent03.wmo;16283.740234375;74.50457000732422;19694.087890625;0;299.4999694824219;0;0;1;65973903;wmo;113295;0;Set_$DefaultGlobal
..\..\world\wmo\kalimdor\collidabledoodads\mulgore\centaurtents\centaurtent02.wmo;16309.05859375;74.58675384521484;19729.587890625;0;268;0;0;1;65973964;wmo;113293;0;Set_$DefaultGlobal
..\..\world\wmo\kalimdor\buildings\classicalelfruins\azrclassicalelfruin_white02.wmo;16120.130859375;159.61680603027344;19597.18359375;0;329;0;0;1;66017916;wmo;449991;0;Set_$DefaultGlobal
..\..\world\wmo\kalimdor\buildings\classicalelfruins\azrclassicalelfruin_white10.wmo;16540.6484375;170.9427032470703;19369.296875;0;161;0;0;1;69527859;wmo;445936;0;Set_$DefaultGlobal
