ModelFile;PositionX;PositionY;PositionZ;RotationX;RotationY;RotationZ;RotationW;ScaleFactor;ModelId;Type;FileDataID;DoodadSetIndexes;DoodadSetNames
..\..\world\kalimdor\azshara\passivedoodads\trees\azr_tree01.m2;21466.197265625;106.38594818115234;13533.267578125;0;0;0;;1;290630;m2;201332;0;
..\..\world\kalimdor\azshara\passivedoodads\trees\azr_tree01.m2;21619.447265625;136.3685302734375;13312.8193359375;0;0;0;;1;290631;m2;201332;0;
..\..\world\kalimdor\azshara\passivedoodads\trees\azr_tree01.m2;21489.78125;92.59932708740234;13876.974609375;0;0;0;;1;293501;m2;201332;0;
..\..\world\kalimdor\azshara\passivedoodads\trees\azr_tree01.m2;21546.61328125;112.4554214477539;13656.1728515625;0;14.5;0;;0.7890625;290964;m2;201332;0;
..\..\world\kalimdor\azshara\passivedoodads\trees\azr_tree01.m2;21401.97265625;105.04788208007812;13430.880859375;0;0;0;;0.76953125;290625;m2;201332;0;
..\..\world\kalimdor\azshara\passivedoodads\trees\azr_tree01.m2;21455.75;108.5705795288086;13694.9052734375;0;0;0;;0.759765625;292497;m2;201332;0;
..\..\world\kalimdor\azshara\passivedoodads\trees\azr_tree01.m2;21315.98828125;121.69721221923828;13365.87890625;0;37;0;;0.75;290937;m2;201332;0;
..\..\world\kalimdor\azshara\passivedoodads\trees\azr_tree03.m2;21415.322265625;103.66911315917969;13494.2841796875;0;0;0;;1.2998046875;293396;m2;201334;0;
..\..\world\kalimdor\azshara\passivedoodads\trees\azr_tree01.m2;21742.80078125;103.33653259277344;13588.08984375;0;0;0;;0.7197265625;290624;m2;201332;0;
..\..\world\kalimdor\azshara\passivedoodads\trees\azr_tree01.m2;21568.0625;112.06211853027344;13521.3154296875;0;0;0;;0.689453125;292499;m2;201332;0;
..\..\world\kalimdor\azshara\passivedoodads\trees\azr_tree01.m2;21422.890625;101.6298828125;13632.7294921875;0;287.5;0;;0.669921875;294551;m2;201332;0;
..\..\world\kalimdor\azshara\passivedoodads\trees\azr_tree03.m2;21387.63671875;104.13226318359375;13433.2548828125;0;333;4.499999523162842;;1.1494140625;290957;m2;201334;0;
..\..\world\kalimdor\azshara\passivedoodads\trees\azr_tree01.m2;21624.416015625;107.09205627441406;13432.220703125;0;3;0;;0.6591796875;294298;m2;201332;0;
..\..\world\kalimdor\azshara\passivedoodads\trees\azr_tree01.m2;21851.48828125;120.5931167602539;13808.662109375;0;0;0;;0.6591796875;292501;m2;201332;0;
..\..\world\kalimdor\azshara\passivedoodads\trees\azr_tree01.m2;21623.2734375;126.55393981933594;13871.162109375;0;0;0;;0.6396484375;292961;m2;201332;0;
..\..\world\kalimdor\azshara\passivedoodads\trees\azr_tree01.m2;21537.87109375;98.04485321044922;13796.46875;0;299.5;0;;0.619140625;292502;m2;201332;0;
..\..\world\kalimdor\azshara\passivedoodads\trees\azr_tree02.m2;21834.78515625;117.85964965820312;13398.3427734375;0;17;0;;1;290623;m2;201333;0;
..\..\world\kalimdor\azshara\passivedoodads\trees\azr_tree02.m2;21425.185546875;106.7830810546875;13345.8232421875;0;0;0;;1;290959;m2;201333;0;
..\..\world\kalimdor\azshara\passivedoodads\trees\azr_tree02.m2;21528.203125;116.95120239257812;13381.01171875;0;0;0;;1;290960;m2;201333;0;
..\..\world\kalimdor\azshara\passivedoodads\trees\azr_tree02.m2;21599.044921875;104.96923828125;13877.8056640625;0;284.5;0;;1;292495;m2;201333;0;
..\..\world\kalimdor\azshara\passivedoodads\trees\azr_tree02.m2;21659.240234375;94.79293823242188;13714.419921875;0;28;0;;1;294583;m2;201333;0;
..\..\world\kalimdor\azshara\passivedoodads\trees\azr_tree02.m2;21624.25390625;105.15535736083984;13648.201171875;0;0;0;;1;290965;m2;201333;0;
..\..\world\kalimdor\darkshore\passivedoodads\darkshoretrees\darkshoretree08.m2;21756;104.87931060791016;13603.5380859375;0;0;0;;1;293360;m2;201519;0;
..\..\world\kalimdor\darkshore\passivedoodads\darkshoretrees\darkshoretree08.m2;21646.37890625;101.76477813720703;13543.294921875;0;0;0;;1;293368;m2;201519;0;
..\..\world\kalimdor\darkshore\passivedoodads\darkshoretrees\darkshoretree08.m2;21357.06640625;108.37097930908203;13382.0517578125;0;0;0;;1;293402;m2;201519;0;
..\..\world\kalimdor\azshara\passivedoodads\trees\azr_tree03.m2;21411.625;108.24105834960938;13445.4375;-0.9999998807907104;359.5;-4.999999046325684;;1;290956;m2;201334;0;
..\..\world\kalimdor\azshara\passivedoodads\trees\azr_tree03.m2;21541.68359375;101.544189453125;13788.1904296875;0;0;0;;1;293039;m2;201334;0;
..\..\world\kalimdor\azshara\passivedoodads\trees\azr_tree03.m2;21388.380859375;114.87124633789062;13590.771484375;0;0;0;;1;293393;m2;201334;0;
..\..\world\kalimdor\azshara\passivedoodads\trees\azr_tree03.m2;21688.5234375;115.0855712890625;13829.482421875;0;0;0;;1;294843;m2;201334;0;
..\..\world\kalimdor\azshara\passivedoodads\trees\azr_tree03.m2;21749.15625;107.55927276611328;13507.4365234375;0;0;0;;1;293365;m2;201334;0;
..\..\world\kalimdor\azshara\passivedoodads\trees\azr_tree03.m2;21876.103515625;108.77648162841797;13793.51171875;0;336.5;0;;1;294328;m2;201334;0;
..\..\world\kalimdor\azshara\passivedoodads\trees\azr_tree03.m2;21488.93359375;106.6020278930664;13544.6865234375;0;0;0;;1;294434;m2;201334;0;
..\..\world\kalimdor\azshara\passivedoodads\trees\azr_tree03.m2;21378.16015625;108.91441345214844;13535.0927734375;0;0;0;;1;293394;m2;201334;0;
..\..\world\kalimdor\azshara\passivedoodads\trees\azr_tree03.m2;21457.95703125;152.2012176513672;13319.1923828125;0;0;0;;1;290948;m2;201334;0;
..\..\world\kalimdor\darkshore\passivedoodads\darkshoretrees\darkshoretree08.m2;21458.78515625;112.21562194824219;13519.482421875;0;0;0;;0.9296875;294435;m2;201519;0;
..\..\world\kalimdor\azshara\passivedoodads\trees\azr_tree01.m2;21697.888671875;156.3701629638672;13320.443359375;0;270.5;0;;0.5390625;294897;m2;201332;0;
..\..\world\kalimdor\azshara\passivedoodads\trees\azr_tree01.m2;21723.1875;105.45626068115234;13774.8427734375;0;4.5;0;;0.5390625;292496;m2;201332;0;
..\..\world\kalimdor\azshara\passivedoodads\trees\azr_tree03.m2;21552.90625;129.75440979003906;13553.583984375;0;0;0;;0.919921875;294433;m2;201334;0;
..\..\world\kalimdor\azshara\passivedoodads\trees\azr_tree03.m2;21408.1875;102.1623764038086;13494.669921875;0;203.5;0;;0.9091796875;293397;m2;201334;0;
..\..\world\kalimdor\darkshore\passivedoodads\trees\darkshorefallentree01.m2;21879.5078125;119.32990264892578;13581.568359375;-8.999993324279785;102;-61.0000114440918;;1.51953125;298352;m2;201571;0;
..\..\world\kalimdor\azshara\passivedoodads\trees\azr_tree03.m2;21416.3984375;106.92185974121094;13416.1728515625;0;0;0;;0.83984375;293400;m2;201334;0;
..\..\world\kalimdor\azshara\passivedoodads\trees\azr_tree01.m2;21550.919921875;92.20115661621094;13866.68359375;0;10.5;0;;0.4697265625;298918;m2;201332;0;
..\..\world\kalimdor\azshara\passivedoodads\trees\azr_tree01.m2;21697.0703125;123.6214370727539;13380.1474609375;0;0;0;;0.4697265625;290962;m2;201332;0;
..\..\world\kalimdor\darkshore\passivedoodads\darkshoretrees\darkshoretree08.m2;21393.6796875;110.84957885742188;13596.890625;0;347.5;0;;0.7998046875;293392;m2;201519;0;
..\..\world\kalimdor\azshara\passivedoodads\trees\azr_tree05.m2;21821.70703125;171.33197021484375;13880.205078125;0;348;0;;1.2890625;568292;m2;201336;0;
..\..\world\kalimdor\azshara\passivedoodads\trees\azr_tree03.m2;21469.53515625;109.43546295166016;13560.5859375;0;0;0;;0.8095703125;294437;m2;201334;0;
..\..\world\kalimdor\azshara\passivedoodads\trees\azr_tree06.m2;21547.1015625;126.17720794677734;13548.44140625;0;52;0;;2.0595703125;292509;m2;201337;0;
..\..\world\kalimdor\azshara\passivedoodads\trees\azr_tree03.m2;21749.9921875;105.45355224609375;13606.068359375;0;0;0;;0.7998046875;293361;m2;201334;0;
..\..\world\kalimdor\azshara\passivedoodads\trees\azr_tree03.m2;21746.650390625;109.35150146484375;13501.9248046875;0;0;0;;0.7998046875;293364;m2;201334;0;
..\..\world\kalimdor\darkshore\passivedoodads\darkshoretrees\darkshoretree08.m2;21742.03515625;102.91825103759766;13576.66015625;0;0;0;;0.759765625;293359;m2;201519;0;
..\..\world\kalimdor\azshara\passivedoodads\trees\azr_tree02.m2;21399.662109375;100.94595336914062;13503.046875;3;319.5;-1.999999761581421;;0.7197265625;290958;m2;201333;0;
..\..\world\kalimdor\azshara\passivedoodads\trees\azr_tree02.m2;21479.458984375;98.69950866699219;13870.5986328125;0;0;0;;0.7392578125;293504;m2;201333;0;
..\..\world\kalimdor\azshara\passivedoodads\trees\azr_tree03.m2;21847.234375;110.32731628417969;13783.259765625;0;0;0;;0.759765625;294326;m2;201334;0;
..\..\world\kalimdor\azshara\passivedoodads\trees\azr_tree03.m2;21680.50390625;171.20875549316406;13876.8232421875;0;359.5;0;;0.759765625;294846;m2;201334;0;
..\..\world\kalimdor\azshara\passivedoodads\trees\azr_tree03.m2;21768.900390625;118.99427795410156;13784.984375;0;2.5;0;;0.7197265625;294340;m2;201334;0;
..\..\world\kalimdor\azshara\passivedoodads\trees\azr_tree02.m2;21792.357421875;104.26510620117188;13554.966796875;0;0;0;;0.6796875;293355;m2;201333;0;
..\..\world\kalimdor\azshara\passivedoodads\trees\azr_tree05.m2;21369.294921875;108.39956665039062;13539.0810546875;0;48;0;;1;292375;m2;201336;0;
..\..\world\kalimdor\darkshore\passivedoodads\darkshoretrees\darkshoretree08.m2;21505.216796875;92.68365478515625;13879.04296875;0;0;0;;0.6796875;293502;m2;201519;0;
..\..\world\kalimdor\azshara\passivedoodads\trees\azr_tree03.m2;21520.39453125;100.13638305664062;13797.56640625;0;0;0;;0.69921875;293037;m2;201334;0;
..\..\world\kalimdor\azshara\passivedoodads\trees\azr_tree03.m2;21781.9375;97.55107116699219;13720.44921875;0;342;0;;0.69921875;298505;m2;201334;0;
..\..\world\kalimdor\azshara\passivedoodads\trees\azr_tree06.m2;21753.2109375;129.12322998046875;13386.958984375;0;258.5;0;;1.7890625;292512;m2;201337;0;
..\..\world\kalimdor\azshara\passivedoodads\trees\azr_tree03.m2;21755.328125;107.31548309326172;13500.55859375;0;0;0;;0.689453125;293363;m2;201334;0;
..\..\world\kalimdor\azshara\passivedoodads\trees\azr_tree03.m2;21417.576171875;101.000732421875;13624.828125;0;0;0;;0.689453125;294553;m2;201334;0;
..\..\world\kalimdor\azshara\passivedoodads\trees\azr_tree03.m2;21469.380859375;111.64179229736328;13514.4970703125;0;0;0;;0.689453125;294436;m2;201334;0;
..\..\world\kalimdor\darkshore\passivedoodads\darkshoretrees\darkshoretree08.m2;21416.08203125;110.12935638427734;13437.5048828125;0;0;0;;0.6591796875;293401;m2;201519;0;
..\..\world\kalimdor\darkshore\passivedoodads\darkshoretrees\darkshoretree08.m2;21410.390625;105.81037139892578;13418.0859375;0;0;0;;0.6494140625;293399;m2;201519;0;
..\..\world\kalimdor\azshara\passivedoodads\trees\azr_tree03.m2;21402.451171875;101.33045196533203;13496.4365234375;0;0;0;;0.669921875;293395;m2;201334;0;
..\..\world\kalimdor\azshara\passivedoodads\trees\azr_tree02.m2;21840.654296875;161.81541442871094;13860.2841796875;0;34;0;;0.6298828125;568293;m2;201333;0;
..\..\world\kalimdor\darkshore\passivedoodads\darkshoretrees\darkshoretree08.m2;21558.51171875;114.79630279541016;13657.6064453125;0;0;0;;0.6298828125;293384;m2;201519;0;
..\..\world\kalimdor\darkshore\passivedoodads\darkshoretrees\darkshoretree08.m2;21737.962890625;109.07077026367188;13508.068359375;0;0;0;;0.609375;293367;m2;201519;0;
..\..\world\kalimdor\azshara\passivedoodads\trees\azr_tree03.m2;21750.328125;103.31954956054688;13572.6923828125;0;0;0;;0.6298828125;293362;m2;201334;0;
..\..\world\kalimdor\azshara\passivedoodads\trees\azr_tree03.m2;21555.93359375;108.14225006103516;13509.919921875;0;0;0;;0.6298828125;294432;m2;201334;0;
..\..\world\kalimdor\azshara\passivedoodads\trees\azr_tree05.m2;21824.73828125;108.86209869384766;13632.7265625;0;9;0;;1;293353;m2;201336;0;
..\..\world\kalimdor\azshara\passivedoodads\trees\azr_tree05.m2;21647.791015625;95.2734146118164;13721.158203125;0;189;0;;1;294584;m2;201336;0;
..\..\world\kalimdor\azshara\passivedoodads\trees\azr_tree03.m2;21329.44140625;97.6448974609375;13544.431640625;0;0;0;;0.619140625;294566;m2;201334;0;
..\..\world\kalimdor\azshara\passivedoodads\trees\azr_tree05.m2;21826.384765625;112.66645050048828;13451.787109375;1.5000001192092896;174.5;-6;;1;294687;m2;201336;0;
..\..\world\kalimdor\azshara\passivedoodads\trees\azr_tree03.m2;21700.513671875;104.3062515258789;13526.2705078125;0;0;0;;0.599609375;293521;m2;201334;0;
..\..\world\kalimdor\azshara\passivedoodads\trees\azr_tree03.m2;21628.796875;123.0030517578125;13863.177734375;0;0;0;;0.599609375;294845;m2;201334;0;
..\..\world\kalimdor\azshara\passivedoodads\trees\azr_tree02.m2;21462.41015625;111.09378814697266;13563.2734375;0;0;0;;0.5693359375;294438;m2;201333;0;
..\..\world\kalimdor\azshara\passivedoodads\trees\azr_tree06.m2;21808.54296875;107.1607437133789;13641.7626953125;0;88.5;0;;1.4892578125;292505;m2;201337;0;
..\..\world\kalimdor\azshara\passivedoodads\trees\azr_tree06.m2;21357.2109375;106.46253967285156;13389.171875;0;296;0;;1.4892578125;292508;m2;201337;0;
..\..\world\kalimdor\darkshore\passivedoodads\darkshoretrees\darkshoretree08.m2;21625.93359375;101.13932037353516;13656.8486328125;0;0;0;;0.5595703125;293375;m2;201519;0;
..\..\world\kalimdor\darkshore\passivedoodads\trees\darkshorefallentree01.m2;21548.37890625;104.4272689819336;13452.46484375;9.000001907348633;356.5;-70.50000762939453;;1;293525;m2;201571;0;
..\..\world\kalimdor\azshara\passivedoodads\trees\azr_tree02.m2;21845.794921875;123.34906768798828;13803.279296875;0;308;0;;0.5498046875;293325;m2;201333;0;
..\..\world\kalimdor\azshara\passivedoodads\trees\azr_tree02.m2;21680.962890625;120.66364288330078;13836.2392578125;0;317;0;;0.5498046875;568294;m2;201333;0;
..\..\world\kalimdor\darkshore\passivedoodads\trees\darkshorefallentree01.m2;21859.2265625;105.72354888916016;13630.048828125;0;210.49998474121094;0;;1;298353;m2;201571;0;
..\..\world\kalimdor\azshara\passivedoodads\trees\azr_tree02.m2;21698.1875;159.58737182617188;13329.5654296875;0;0;0;;0.5390625;294913;m2;201333;0;
..\..\world\kalimdor\azshara\passivedoodads\trees\azr_tree03.m2;21682.6015625;171.02975463867188;13874.3134765625;0;176.5;0;;0.5595703125;294847;m2;201334;0;
..\..\world\kalimdor\darkshore\passivedoodads\trees\darkshorefallentree01.m2;21665.466796875;94.58890533447266;13799.0576171875;-6.500000953674316;309;-0.9999991655349731;;1;292638;m2;201571;0;
..\..\world\kalimdor\darkshore\passivedoodads\darkshoretrees\darkshoretree08.m2;21615.37109375;136.4401092529297;13328.91796875;0;0;0;;0.529296875;294754;m2;201519;0;
..\..\world\kalimdor\azshara\passivedoodads\trees\azr_tree06.m2;21508.18359375;124.67426300048828;13639.693359375;0;0;0;;1.3994140625;292506;m2;201337;0;
..\..\world\kalimdor\azshara\passivedoodads\trees\azr_tree02.m2;21557.46484375;107.4449691772461;13438.6328125;0;2.5;0;;0.51953125;293531;m2;201333;0;
..\..\world\kalimdor\darkshore\passivedoodads\darkshoretrees\darkshoretree08.m2;21455.763671875;105.43602752685547;13706.9560546875;0;0;0;;0.509765625;293389;m2;201519;0;
..\..\world\kalimdor\azshara\passivedoodads\trees\azr_tree05.m2;21427.56640625;117.07076263427734;13856.515625;0;66.5;0;;0.759765625;292382;m2;201336;0;
..\..\world\kalimdor\azshara\passivedoodads\trees\azr_tree03.m2;21714.822265625;105.68730163574219;13782.7744140625;0;0;0;;0.51953125;294842;m2;201334;0;
..\..\world\kalimdor\azshara\passivedoodads\trees\azr_tree06.m2;21563.83984375;99.45445251464844;13696.7578125;0;0;0;;1.3193359375;292504;m2;201337;0;
..\..\world\kalimdor\azshara\passivedoodads\trees\azr_tree03.m2;21635.41015625;106.75190734863281;13436.763671875;0;0;0;;0.509765625;294297;m2;201334;0;
..\..\world\generic\nightelf\passivedoodads\ruins\nightelfruins07.m2;21738.1875;112.00906372070312;13420.720703125;-0.5000002384185791;91;-3.000000238418579;;1.5498046875;296094;m2;198839;0;
..\..\world\kalimdor\azshara\passivedoodads\trees\azr_tree03.m2;21684.6015625;117.49392700195312;13831.912109375;0;0;0;;0.5;294844;m2;201334;0;
..\..\world\kalimdor\azshara\passivedoodads\trees\azr_tree03.m2;21523.130859375;100.71566009521484;13800.91015625;0;0;0;;0.5;293038;m2;201334;0;
..\..\world\kalimdor\darkshore\passivedoodads\darkshoretrees\darkshoretree08.m2;21410.76171875;102.61792755126953;13490.998046875;0;0;0;;0.4794921875;293398;m2;201519;0;
..\..\world\kalimdor\azshara\passivedoodads\trees\azr_tree02.m2;21732.5546875;105.48712158203125;13592.8671875;0;355.5;0;;0.4697265625;293354;m2;201333;0;
..\..\world\kalimdor\darkshore\passivedoodads\darkshoretrees\darkshoretree08.m2;21337.69140625;104.21018981933594;13845.6103515625;0;0;0;;0.4697265625;293033;m2;201519;0;
..\..\world\kalimdor\azshara\passivedoodads\trees\azr_tree03.m2;21749.1484375;98.35242462158203;13719.4921875;0;0;0;;0.4794921875;298500;m2;201334;0;
..\..\world\kalimdor\azshara\passivedoodads\trees\azr_tree06.m2;21857.82421875;123.66709899902344;13802.87109375;12.500000953674316;125.5;-12.5;;1;293326;m2;201337;0;
..\..\world\kalimdor\azshara\passivedoodads\trees\azr_tree06.m2;21649.171875;101.87016296386719;13539.1552734375;0;224;0;;1.19921875;292511;m2;201337;0;
..\..\world\kalimdor\azshara\passivedoodads\trees\azr_tree02.m2;21613.578125;111.06120300292969;13440.6142578125;0;0;0;;0.44921875;294300;m2;201333;0;
..\..\world\kalimdor\darkshore\passivedoodads\darkshoretrees\darkshoretree08.m2;21526.13671875;99.40911865234375;13799.4365234375;0;0;0;;0.44921875;293036;m2;201519;0;
..\..\world\kalimdor\azshara\passivedoodads\trees\azr_tree06.m2;21564.375;99.18115997314453;13695.16796875;0;220.5;0;;1.1796875;293041;m2;201337;0;
..\..\world\kalimdor\azshara\passivedoodads\trees\azr_tree03.m2;21787.25390625;103.06397247314453;13677.232421875;0;0;0;;0.4599609375;294848;m2;201334;0;
..\..\world\kalimdor\darkshore\passivedoodads\darkshoretrees\darkshoretree08.m2;21766.0859375;138.50100708007812;13830.123046875;0;330.5;0;;0.439453125;294339;m2;201519;0;
..\..\world\kalimdor\azshara\passivedoodads\trees\azr_tree02.m2;21575.91796875;108.3611831665039;13505.6455078125;0;0;0;;0.4296875;294431;m2;201333;0;
..\..\world\kalimdor\azshara\passivedoodads\trees\azr_tree06.m2;21752.263671875;107.33097839355469;13509.2880859375;15.000000953674316;72;-0.9999982118606567;;1;293366;m2;201337;0;
..\..\world\kalimdor\azshara\passivedoodads\trees\azr_tree06.m2;21784.18359375;105.61141967773438;13554.927734375;10.999999046325684;254.5;-2.999999761581421;;1;293356;m2;201337;0;
..\..\world\kalimdor\azshara\passivedoodads\trees\azr_tree04.m2;21647.53515625;101.55769348144531;13549.8310546875;0;60;0;;1.4892578125;293370;m2;201335;0;
..\..\world\kalimdor\azshara\passivedoodads\trees\azr_tree03.m2;21672.01953125;97.43213653564453;13756.427734375;-1.5;0;4;;0.419921875;298937;m2;201334;0;
..\..\world\kalimdor\azshara\passivedoodads\trees\azr_tree05.m2;21353.603515625;107.57791900634766;13862.2978515625;-0.0000021344342258089455;222.5;-15.000000953674316;;0.5498046875;294498;m2;201336;0;
..\..\world\kalimdor\azshara\passivedoodads\trees\azr_tree06.m2;21784.966796875;98.83666229248047;13765.1103515625;7.499999523162842;301;-1.500000238418579;;1;294343;m2;201337;0;
..\..\world\kalimdor\azshara\passivedoodads\trees\azr_tree04.m2;21544.640625;98.0980453491211;13793.501953125;0;0;0;;1.44921875;293035;m2;201335;0;
..\..\world\kalimdor\azshara\passivedoodads\trees\azr_tree04.m2;21824.734375;132.34226989746094;13801.927734375;0;318;0;;1.439453125;294338;m2;201335;0;
..\..\world\generic\nightelf\passivedoodads\ruins\azrelfruin01.m2;21650.15625;102.01307678222656;13841.318359375;-27.000001907348633;167.5;12.500001907348633;;1;292629;m2;198808;0;
..\..\world\kalimdor\azshara\passivedoodads\trees\azr_tree04.m2;21547.921875;149.1945343017578;13328.951171875;0;0;0;;1.4296875;294760;m2;201335;0;
..\..\world\kalimdor\azshara\passivedoodads\trees\azr_tree03.m2;21741.294921875;114.18081665039062;13793.7841796875;0;0;0;;0.4091796875;294342;m2;201334;0;
..\..\world\kalimdor\azshara\passivedoodads\trees\azr_tree04.m2;21500.291015625;96.70682525634766;13861.3662109375;0;0;0;;1.4091796875;293509;m2;201335;0;
..\..\world\kalimdor\azshara\passivedoodads\trees\azr_tree06.m2;21556.8125;113.49147033691406;13523.302734375;0.9999997615814209;14;-3.000000476837158;;1;294430;m2;201337;0;
..\..\world\kalimdor\azshara\passivedoodads\trees\azr_tree06.m2;21380.109375;110.55622863769531;13593.466796875;0;137.5;0;;1;292507;m2;201337;0;
..\..\world\kalimdor\azshara\passivedoodads\trees\azr_tree06.m2;21651.20703125;105.19471740722656;13452.6396484375;0;174.5;0;;1;294301;m2;201337;0;
..\..\world\kalimdor\azshara\passivedoodads\trees\azr_tree06.m2;21832.453125;113.08888244628906;13448.474609375;0;129.5;0;;1;294689;m2;201337;0;
..\..\world\kalimdor\azshara\passivedoodads\trees\azr_tree06.m2;21332.86328125;109.27469635009766;13742.826171875;0;125.5;0;;1;292384;m2;201337;0;
..\..\world\kalimdor\azshara\passivedoodads\trees\azr_tree06.m2;21725.734375;100.0102767944336;13712.1455078125;0;106;0;;1;292510;m2;201337;0;
..\..\world\kalimdor\azshara\passivedoodads\trees\azr_tree06.m2;21795.412109375;106.5195083618164;13553.794921875;0;144.5;0;;1;293357;m2;201337;0;
..\..\world\kalimdor\azshara\passivedoodads\trees\azr_tree06.m2;21558.21484375;106.3010025024414;13443.5654296875;0;0;0;;1;293532;m2;201337;0;
..\..\world\kalimdor\azshara\passivedoodads\trees\azr_tree06.m2;21353.53125;111.58892059326172;13857.4521484375;0;0;0;;1;294499;m2;201337;0;
..\..\world\kalimdor\azshara\passivedoodads\trees\azr_tree06.m2;21615.15625;94.43255615234375;13790.037109375;0;213.5;0;;1;292503;m2;201337;0;
..\..\world\kalimdor\azshara\passivedoodads\trees\azr_tree06.m2;21533.765625;98.62014770507812;13805.34375;0;157.5;0;;1;293040;m2;201337;0;
..\..\world\kalimdor\azshara\passivedoodads\trees\azr_tree05.m2;21436.044921875;117.96016693115234;13751.5693359375;0;198.49998474121094;0;;0.5791015625;292383;m2;201336;0;
..\..\world\generic\nightelf\passivedoodads\ruins\nightelfruins07.m2;21822.607421875;94.46566009521484;13710.896484375;47.000003814697266;166;13.999996185302734;;1;293453;m2;198839;0;
..\..\world\kalimdor\azshara\passivedoodads\trees\azr_tree04.m2;21666.1796875;96.3302993774414;13710.1767578125;0;288;0;;1.3095703125;294590;m2;201335;0;
..\..\world\kalimdor\darkshore\passivedoodads\darkshoretrees\darkshoretree08.m2;21739.853515625;128.27761840820312;13830.7451171875;0;359.5;0;;0.359375;294840;m2;201519;0;
..\..\world\kalimdor\darkshore\passivedoodads\darkshoretrees\darkshoretree08.m2;21721.15234375;101.80937194824219;13763.5302734375;0;0;0;;0.359375;294841;m2;201519;0;
..\..\world\kalimdor\azshara\passivedoodads\trees\azr_tree06.m2;21702.732421875;100.31002807617188;13659.005859375;12.99999713897705;210;-6;;0.8095703125;294361;m2;201337;0;
..\..\world\kalimdor\azshara\passivedoodads\trees\azr_tree03.m2;21763.9296875;131.6140899658203;13826.9921875;0;0;0;;0.369140625;294341;m2;201334;0;
..\..\world\generic\nightelf\passivedoodads\ruins\azrelfruin07.m2;21815.03515625;102.93034362792969;13622.064453125;13.500000953674316;303;12;;1;293352;m2;198814;0;
..\..\world\generic\nightelf\passivedoodads\ruins\azrelfruin07.m2;21882.34765625;109.74359893798828;13483.7685546875;4.5;0;64.50000762939453;;1;293351;m2;198814;0;
..\..\world\kalimdor\azshara\passivedoodads\trees\azr_tree06.m2;21550.875;95.13510131835938;13861.6865234375;0;353;0;;0.8291015625;298920;m2;201337;0;
..\..\world\generic\nightelf\passivedoodads\ruins\nightelfruins01.m2;21625.640625;103.77348327636719;13458.6923828125;-85.5000228881836;310.9999694824219;105.00000762939453;;1;294290;m2;198834;0;
..\..\world\kalimdor\azshara\passivedoodads\trees\azr_tree03.m2;21702.568359375;103.7607421875;13535.1005859375;0;250;0;;0.3193359375;293522;m2;201334;0;
..\..\world\kalimdor\darkshore\passivedoodads\darkshoretrees\darkshoretree08.m2;21544.4765625;91.9869155883789;13868.607421875;0;0;0;;0.2998046875;298919;m2;201519;0;
..\..\world\kalimdor\darkshore\passivedoodads\ruins\darkshoreruinwall03.m2;21755.869140625;118.94483947753906;13398.791015625;11.49999713897705;245.00003051757812;15.499999046325684;;1.6591796875;298368;m2;201560;0;
..\..\world\kalimdor\darkshore\passivedoodads\fallentreeroots\darkshorefallentreeroots01.m2;21480.421875;103.18446350097656;13524.7275390625;-3.000000238418579;299;12.999998092651367;;1.51953125;294443;m2;201528;0;
..\..\world\kalimdor\darkshore\passivedoodads\darkshoretrees\darkshoretree08.m2;21668.638671875;97.87796020507812;13760.732421875;0;0;0;;0.2890625;298934;m2;201519;0;
..\..\world\generic\nightelf\passivedoodads\ruins\azrelfruin07.m2;21792.306640625;105.82736206054688;13521.9306640625;0;283;0;;1;292265;m2;198814;0;
..\..\world\kalimdor\azshara\passivedoodads\rocks\azshararock03.m2;21366.01953125;104.89334869384766;13540.0810546875;29.999998092651367;0;-26;;3.44921875;292376;m2;201307;0;
..\..\world\kalimdor\azshara\passivedoodads\trees\azr_tree04.m2;21578.287109375;136.3396453857422;13342.568359375;0;0;0;;1;294756;m2;201335;0;
..\..\world\kalimdor\azshara\passivedoodads\trees\azr_tree04.m2;21544.412109375;149.22679138183594;13330.8955078125;0;350.5;0;;1;294759;m2;201335;0;
..\..\world\kalimdor\azshara\passivedoodads\trees\azr_tree04.m2;21768.494140625;134.96206665039062;13344.62890625;0;0;0;;1;294918;m2;201335;0;
..\..\world\kalimdor\azshara\passivedoodads\trees\azr_tree04.m2;21652.57421875;100.2020034790039;13541.4853515625;0;0;0;;1;293369;m2;201335;0;
..\..\world\kalimdor\azshara\passivedoodads\trees\azr_tree04.m2;21646.33984375;108.28790283203125;13601.7080078125;0;0;0;;1;293371;m2;201335;0;
..\..\world\kalimdor\azshara\passivedoodads\trees\azr_tree04.m2;21555.107421875;98.14273834228516;13708.1630859375;0;0;0;;1;293381;m2;201335;0;
..\..\world\kalimdor\azshara\passivedoodads\trees\azr_tree04.m2;21539.40234375;118.71665954589844;13650.3818359375;0;0;0;;1;293382;m2;201335;0;
..\..\world\kalimdor\azshara\passivedoodads\trees\azr_tree04.m2;21549.25;112.77047729492188;13667.4580078125;0;0;0;;1;293385;m2;201335;0;
..\..\world\kalimdor\azshara\passivedoodads\trees\azr_tree04.m2;21505.76953125;127.78285217285156;13633.9736328125;0;0;0;;1;293386;m2;201335;0;
..\..\world\kalimdor\azshara\passivedoodads\trees\azr_tree04.m2;21465.55078125;105.93299865722656;13700.9736328125;0;0;0;;1;293387;m2;201335;0;
..\..\world\kalimdor\azshara\passivedoodads\trees\azr_tree04.m2;21358.375;105.66465759277344;13395.2021484375;0;0;0;;1;293403;m2;201335;0;
..\..\world\kalimdor\azshara\passivedoodads\trees\azr_tree04.m2;21504.482421875;96.10665893554688;13859.05078125;0;315.5;0;;1;293510;m2;201335;0;
..\..\world\kalimdor\azshara\passivedoodads\trees\azr_tree04.m2;21818.546875;101.72869873046875;13704.201171875;0;0;0;;1;293518;m2;201335;0;
..\..\world\kalimdor\azshara\passivedoodads\trees\azr_tree04.m2;21631.025390625;108.40582275390625;13442.60546875;0;338.5;0;;1;294296;m2;201335;0;
..\..\world\kalimdor\azshara\passivedoodads\trees\azr_tree04.m2;21388.359375;104.20881652832031;13427.783203125;0;0;0;;1;294303;m2;201335;0;
..\..\world\kalimdor\azshara\passivedoodads\trees\azr_tree04.m2;21825.51171875;124.86741638183594;13793.400390625;0;0;0;;1;294337;m2;201335;0;
..\..\world\kalimdor\azshara\passivedoodads\trees\azr_tree04.m2;21412.20703125;101.35714721679688;13635.0166015625;0;0;0;;1;294552;m2;201335;0;
..\..\world\kalimdor\azshara\passivedoodads\trees\azr_tree04.m2;21658.328125;96.68999481201172;13706.896484375;0;357;0;;1;294589;m2;201335;0;
..\..\world\kalimdor\azshara\passivedoodads\trees\azr_tree04.m2;21842.5234375;119.6697998046875;13394.6904296875;0;0;0;;1;294621;m2;201335;0;
..\..\world\kalimdor\azshara\passivedoodads\trees\azr_tree04.m2;21826.6484375;119.55581665039062;13397.326171875;0;0;0;;1;294622;m2;201335;0;
..\..\world\kalimdor\azshara\passivedoodads\trees\azr_tree04.m2;21676.791015625;98.560302734375;13793.1474609375;0;0;0;;1;294839;m2;201335;0;
..\..\world\kalimdor\azshara\passivedoodads\trees\azr_tree04.m2;21618.865234375;103.12906646728516;13656.236328125;0;0;0;;1;293374;m2;201335;0;
..\..\world\kalimdor\azshara\passivedoodads\trees\azr_tree04.m2;21736.859375;105.38553619384766;13598.626953125;0;0;0;;1;293519;m2;201335;0;
..\..\world\kalimdor\azshara\passivedoodads\trees\azr_tree04.m2;21705.46875;103.99234771728516;13527.1171875;0;0;0;;1;293520;m2;201335;0;
..\..\world\kalimdor\azshara\passivedoodads\trees\azr_tree04.m2;21414.400390625;107.00952911376953;13425.4619140625;0;0;0;;1;294304;m2;201335;0;
..\..\world\kalimdor\azshara\passivedoodads\trees\azr_tree04.m2;21557.6875;110.97611236572266;13520.177734375;0;0;0;;1;294717;m2;201335;0;
..\..\world\kalimdor\azshara\passivedoodads\trees\azr_tree04.m2;21460.23046875;104.9372329711914;13809.7958984375;0;0;0;;1;298320;m2;201335;0;
..\..\world\generic\nightelf\passivedoodads\ruins\azrelfruin08.m2;21588.70703125;94.7475357055664;13757.498046875;10;333.5;81.5;;1;294150;m2;198815;0;
..\..\world\kalimdor\azshara\passivedoodads\trees\azr_tree06.m2;21824.419921875;113.21195220947266;13448.6083984375;2.5000011920928955;218;-10.500000953674316;;0.6494140625;294690;m2;201337;0;
..\..\world\generic\nightelf\passivedoodads\ruins\azrelfruin07.m2;21385.744140625;101.87140655517578;13869.087890625;0;175;0;;1;292787;m2;198814;0;
..\..\world\generic\nightelf\passivedoodads\ruins\azrelfruin02.m2;21768.578125;144.60585021972656;13837.3896484375;0;0;0;;1;292628;m2;198809;0;
..\..\world\generic\nightelf\passivedoodads\ruins\azrelfruin02.m2;21811.48046875;107.9428482055664;13528.8759765625;8.5;0;-5.5;;0.9296875;292264;m2;198809;0;
..\..\world\kalimdor\azshara\passivedoodads\trees\azr_tree04.m2;21838.1640625;118.14170837402344;13405.9404296875;0;277.5;0;;0.869140625;294623;m2;201335;0;
..\..\world\kalimdor\azshara\passivedoodads\rocks\azshararock01.m2;21516;90.62945556640625;13844.2470703125;0;57.5;0;;2.939453125;298348;m2;201305;0;
..\..\world\generic\nightelf\passivedoodads\ruins\azrelfruin09.m2;21706.55078125;99.3486328125;13655.5654296875;0;340.5;0;;1;294262;m2;198816;0;
..\..\world\kalimdor\azshara\passivedoodads\trees\azr_tree04.m2;21488.6484375;105.24310302734375;13749.6083984375;0;0;0;;0.83984375;298946;m2;201335;0;
..\..\world\generic\nightelf\passivedoodads\ruins\azrelfruin09.m2;21704.078125;107.8891830444336;13403.498046875;0;291;0;;1;298373;m2;198816;0;
..\..\world\kalimdor\darkshore\passivedoodads\darkshoretrees\darkshoretree08.m2;21779.505859375;98.48522186279297;13721.400390625;0;0;0;;0.2294921875;298503;m2;201519;0;
..\..\world\kalimdor\azshara\passivedoodads\trees\azr_tree04.m2;21464.71875;103.29109191894531;13808.5927734375;0;0;0;;0.8193359375;298321;m2;201335;0;
..\..\world\generic\nightelf\passivedoodads\ruins\azrelfruin02.m2;21671.3125;94.78636169433594;13791.6328125;-12.000007629394531;279;-61.999996185302734;;0.859375;292633;m2;198809;0;
..\..\world\generic\nightelf\passivedoodads\ruins\azrelfruin08.m2;21774.11328125;101.74324798583984;13526.9833984375;-3.5;12.5;1.4999998807907104;;1;292267;m2;198815;0;
..\..\world\kalimdor\azshara\passivedoodads\trees\azr_tree07.m2;21644.80078125;110.01013946533203;13605.974609375;0;276.5;0;;1.849609375;293373;m2;201338;0;
..\..\world\azeroth\elwynn\passivedoodads\cliffrocks\elwynncliffrock01.m2;21810.30859375;146.75595092773438;13853.857421875;0;270;0;;1.1591796875;568307;m2;189715;0;
..\..\world\kalimdor\azshara\passivedoodads\trees\azr_tree04.m2;21555.453125;107.19872283935547;13507.5390625;0;269.5;0;;0.75;294718;m2;201335;0;
..\..\world\generic\orc\passivedoodads\wagons\orcwagon02.m2;21490.328125;111.57230377197266;13445.58984375;-2.000000238418579;165;3.999999523162842;;1;312270;m2;199415;0;
..\..\world\kalimdor\darkshore\passivedoodads\ruins\darkshoreruinpillar03.m2;21746.6875;128.4940643310547;13395.587890625;-8.500000953674316;83;-154;;2.689453125;298369;m2;201555;0;
..\..\world\kalimdor\darkshore\passivedoodads\ruins\darkshoreruinpillar01.m2;21726.6171875;115.6478271484375;13403.279296875;-2.000000476837158;275;17;;1.3291015625;298372;m2;201553;0;
..\..\world\generic\orc\passivedoodads\tents\orctent01.m2;21467.5546875;115.88115692138672;13463.9833984375;0;37.5;0;;1;312267;m2;199387;0;
..\..\world\kalimdor\azshara\passivedoodads\trees\azr_tree04.m2;21719.759765625;102.20266723632812;13766.70703125;0;307.5;0;;0.7197265625;298940;m2;201335;0;
..\..\world\generic\nightelf\passivedoodads\ruins\azrelfruin02.m2;21653.462890625;107.99365997314453;13836.177734375;14.499998092651367;343.5;-46.5;;0.8193359375;292630;m2;198809;0;
..\..\world\kalimdor\azshara\passivedoodads\trees\azr_tree07.m2;21820.94921875;131.4661102294922;13800.0869140625;0;193;0;;1.6396484375;294347;m2;201338;0;
..\..\world\kalimdor\azshara\passivedoodads\rocks\azshararock01.m2;21622.296875;92.17317962646484;13823.701171875;0;164.5;0;;2.6494140625;298351;m2;201305;0;
..\..\world\kalimdor\azshara\passivedoodads\trees\azr_tree04.m2;21692.890625;97.05986785888672;13730.552734375;0;350.5;0;;0.689453125;298942;m2;201335;0;
..\..\world\azeroth\elwynn\passivedoodads\cliffrocks\elwynncliffrock01.m2;21617.58203125;115.50418090820312;13389.119140625;0;0;0;;1;392836;m2;189715;0;
..\..\world\kalimdor\azshara\passivedoodads\rocks\azshararock03.m2;21751.15234375;98.49571228027344;13685.9443359375;0;258.5;0;;3.0791015625;298492;m2;201307;0;
..\..\world\azeroth\elwynn\passivedoodads\cliffrocks\elwynncliffrock02.m2;21332.01953125;104.55708312988281;13469.119140625;0;0;0;;1;392833;m2;189716;0;
..\..\world\kalimdor\darkshore\passivedoodads\fallentreeroots\darkshorefallentreeroots01.m2;21550.09765625;110.38052368164062;13433.3369140625;34.99999237060547;354;179.5;;1;293530;m2;201528;0;
..\..\world\generic\nightelf\passivedoodads\ruins\azrelfruin02.m2;21336.73828125;113.58672332763672;13823.0791015625;-31.99999237060547;261;-120.5;;0.7099609375;290643;m2;198809;0;
..\..\world\kalimdor\darkshore\passivedoodads\fallentreeroots\darkshorefallentreeroots01.m2;21358.61328125;105.65177154541016;13530.494140625;28.500003814697266;67;-4.999997615814209;;0.8798828125;292377;m2;201528;0;
..\..\world\kalimdor\darkshore\passivedoodads\darkshoretrees\darkshoretree08.m2;21506.140625;95.98072052001953;13863.1435546875;0;0;0;;0.1796875;293511;m2;201519;0;
..\..\world\generic\nightelf\passivedoodads\ruins\azrelfruin10.m2;21674.28125;99.38719940185547;13662.259765625;0;83;0;;1;294263;m2;198817;0;
..\..\world\generic\nightelf\passivedoodads\ruins\azrelfruin10.m2;21355.4609375;124.99549865722656;13813.7529296875;0;272;0;;1;290899;m2;198817;0;
..\..\world\generic\nightelf\passivedoodads\ruins\azrelfruin10.m2;21358.7734375;126.12003326416016;13794.396484375;0;89.5;0;;1;290900;m2;198817;0;
..\..\world\generic\nightelf\passivedoodads\ruins\azrelfruin10.m2;21714.4921875;99.42774963378906;13631.34375;0;341;0;;1;294261;m2;198817;0;
..\..\world\generic\orc\passivedoodads\wagons\orcwagon01.m2;21469.521484375;112.76500701904297;13446.0869140625;6.500000476837158;90.5;-8.5;;1;312269;m2;199414;0;
..\..\world\generic\ogre\passivedoodads\torches\ogrewalltorchblue.m2;21376.380859375;133.3437042236328;13759.591796875;0;70.15362548828125;0;;0.9873046875;396858;m2;199035;0;
..\..\world\kalimdor\darkshore\passivedoodads\ruins\darkshoreruinwall03.m2;21832.78125;109.4583511352539;13496.47265625;-6.999999523162842;316;-37.5;;1;294454;m2;201560;0;
..\..\world\generic\nightelf\passivedoodads\ruins\azrelfruin02.m2;21647.609375;95.71183013916016;13789.857421875;-86.49999237060547;196.4999542236328;136.00003051757812;;0.6396484375;292635;m2;198809;0;
..\..\world\kalimdor\darkshore\passivedoodads\ruins\darkshoreruinwall03.m2;21748.1484375;97.46842956542969;13752.0615234375;0;344.5;0;;1;294284;m2;201560;0;
..\..\world\kalimdor\azshara\passivedoodads\trees\azr_tree07.m2;21755.568359375;105.22421264648438;13609.916015625;0;238.5;0;;1.3994140625;294370;m2;201338;0;
..\..\world\kalimdor\azshara\passivedoodads\trees\azr_tree07.m2;21479.48828125;108.62801361083984;13535.42578125;0;272;0;;1.3994140625;294721;m2;201338;0;
..\..\world\kalimdor\azshara\passivedoodads\trees\azr_tree07.m2;21410.640625;101.71629333496094;13638.76953125;0;248.49998474121094;0;;1.3896484375;294555;m2;201338;0;
..\..\world\kalimdor\azshara\passivedoodads\trees\azr_tree07.m2;21566.931640625;99.2153549194336;13690.8779296875;0;0;0;;1.359375;293380;m2;201338;0;
..\..\world\kalimdor\azshara\passivedoodads\trees\azr_tree07.m2;21859.53125;121.13455963134766;13581.3515625;0;0;0;;1.359375;298360;m2;201338;0;
..\..\world\kalimdor\azshara\passivedoodads\trees\azr_tree07.m2;21628.880859375;101.06607818603516;13655.3671875;0;0;0;;1.349609375;293377;m2;201338;0;
..\..\world\kalimdor\darkshore\passivedoodads\ruins\darkshoreruinpillar01.m2;21560.134765625;96.3544921875;13748.0517578125;-3.499999761581421;76.5;80.5;;1;294154;m2;201553;0;
..\..\world\generic\nightelf\passivedoodads\ruins\azrelfruin04.m2;21870.8984375;103.04283905029297;13749.1533203125;-75.99998474121094;0;48.50000762939453;;1;293429;m2;198811;0;
..\..\world\generic\ogre\passivedoodads\torches\ogrewalltorchblue.m2;21397.484375;126.69998931884766;13812.4501953125;0;155.2525634765625;0;;0.8818359375;396860;m2;199035;0;
..\..\world\kalimdor\darkshore\passivedoodads\ruins\darkshoreruinpillar01.m2;21575.646484375;92.78768920898438;13846.115234375;-2.000000476837158;271.5;26.000003814697266;;1;298548;m2;201553;0;
..\..\world\kalimdor\azshara\passivedoodads\rocks\azshararock03.m2;21414.25;106.97062683105469;13432.470703125;-7.500000953674316;156.5;-79.49999237060547;;1.94921875;294312;m2;201307;0;
..\..\world\kalimdor\darkshore\passivedoodads\ruins\darkshoreruinpillar01.m2;21604.62109375;97.24873352050781;13706.9091796875;0;13;-12.500000953674316;;1;298561;m2;201553;0;
..\..\world\generic\nightelf\passivedoodads\ruins\nightelfruins05.m2;21571.287109375;92.67060089111328;13807.6591796875;-5.5;6;-32.5;;1;298336;m2;198838;0;
..\..\world\kalimdor\darkshore\passivedoodads\ruins\darkshoreruinpillar01.m2;21757.55859375;102.5634765625;13622.4267578125;-24.000001907348633;38;91.50001525878906;;1;294278;m2;201553;0;
..\..\world\kalimdor\darkshore\passivedoodads\ruins\darkshoreruinpillar01.m2;21867.171875;113.67951202392578;13535.2255859375;-21.5;0;97.99999237060547;;1;294453;m2;201553;0;
..\..\world\kalimdor\azshara\passivedoodads\trees\azr_tree07.m2;21601.7421875;96.56334686279297;13752.0126953125;0;353;0;;1.2392578125;298926;m2;201338;0;
..\..\world\kalimdor\darkshore\passivedoodads\ruins\darkshoreruinwall03.m2;21553.19140625;94.52873992919922;13719.091796875;0;0;0;;1;294155;m2;201560;0;
..\..\world\kalimdor\darkshore\passivedoodads\ruins\darkshoreruinwall03.m2;21599.87890625;96.97398376464844;13700.2958984375;0;0;0;;1;298560;m2;201560;0;
..\..\world\generic\ogre\passivedoodads\torches\ogrewalltorchblue.m2;21396.078125;133.39224243164062;13815.763671875;0;86.12667846679688;0;;0.8369140625;396859;m2;199035;0;
..\..\world\generic\ogre\passivedoodads\torches\ogrewalltorchblue.m2;21396.44140625;132.8709716796875;13805.8076171875;0;86.12667846679688;0;;0.8369140625;396861;m2;199035;0;
..\..\world\generic\ogre\passivedoodads\torches\ogrewalltorchblue.m2;21396.46875;132.8675079345703;13796.18359375;0;91.62667846679688;0;;0.8369140625;396862;m2;199035;0;
..\..\world\generic\ogre\passivedoodads\torches\ogrewalltorchblue.m2;21380.23828125;133.4641876220703;13815.443359375;0;269.626708984375;0;;0.8369140625;396863;m2;199035;0;
..\..\world\generic\ogre\passivedoodads\torches\ogrewalltorchblue.m2;21380.24609375;134.00198364257812;13824.9970703125;0;269.626708984375;0;;0.8369140625;396864;m2;199035;0;
..\..\world\generic\ogre\passivedoodads\torches\ogrewalltorchblue.m2;21380.197265625;132.95826721191406;13805.79296875;0;269.626708984375;0;;0.8369140625;396865;m2;199035;0;
..\..\world\generic\ogre\passivedoodads\torches\ogrewalltorchblue.m2;21380.09765625;132.6436309814453;13796.04296875;0;269.626708984375;0;;0.8369140625;396866;m2;199035;0;
..\..\world\generic\ogre\passivedoodads\torches\ogrewalltorchblue.m2;21379.951171875;132.36251831054688;13789.123046875;0;269.626708984375;0;;0.8369140625;396867;m2;199035;0;
..\..\world\generic\nightelf\passivedoodads\ruins\azrelfruin02.m2;21636.84765625;105.78124237060547;13454.259765625;41.499996185302734;102;-75.5;;0.5390625;294286;m2;198809;0;
..\..\world\kalimdor\darkshore\passivedoodads\ruins\darkshoreruinpillar01.m2;21785.326171875;103.04141235351562;13673.6220703125;-40;289.5;-13.00000286102295;;1;294279;m2;201553;0;
..\..\world\kalimdor\darkshore\passivedoodads\ruins\darkshoreruinpillar01.m2;21745.291015625;105.1966781616211;13778.7734375;0;0;0;;1;294281;m2;201553;0;
..\..\world\kalimdor\darkshore\passivedoodads\ruins\darkshoreruinpillar01.m2;21751.47265625;98.06584167480469;13759.7080078125;0;243.5;0;;1;294282;m2;201553;0;
..\..\world\kalimdor\azshara\passivedoodads\trees\azr_tree07.m2;21486.849609375;106.09850311279297;13751.8603515625;0;192;0;;1.19921875;298948;m2;201338;0;
..\..\world\kalimdor\azshara\passivedoodads\trees\azr_tree06.m2;21756.796875;100.83220672607422;13684.59375;0;0;0;;0.3798828125;298497;m2;201337;0;
..\..\world\kalimdor\azshara\passivedoodads\rocks\azshararock01.m2;21538.013671875;113.73568725585938;13655.6123046875;28.999996185302734;278;-1.5;;1.7392578125;293383;m2;201305;0;
..\..\world\kalimdor\azshara\passivedoodads\trees\azr_tree07.m2;21439.962890625;104.62610626220703;13710.6708984375;0;209.5;0;;1.169921875;293391;m2;201338;0;
..\..\world\kalimdor\ashenvale\passivedoodads\satyrtotem\ashensatyrtotem02.m2;21393.84375;132.2872314453125;13825.13671875;0;226.64891052246094;0;;0.8447265625;396871;m2;201253;0;
..\..\world\generic\nightelf\passivedoodads\ruins\azrelfruin05.m2;21353.759765625;123.08379364013672;13761.1904296875;25.5;291;49.999996185302734;;1;290641;m2;198812;0;
..\..\world\kalimdor\ashenvale\passivedoodads\satyrtotem\ashensatyrtotem02.m2;21382.01953125;132.28875732421875;13824.94921875;0;140.83834838867188;0;;0.828125;396872;m2;201253;0;
..\..\world\azeroth\elwynn\passivedoodads\catapult\catapult.m2;21504.42578125;109.95731353759766;13482.240234375;-3.999999523162842;55.5;-3.499999761581421;;1;312294;m2;189709;0;
..\..\world\kalimdor\darkshore\passivedoodads\bushes\darkshorebush02.m2;21684.53125;117.76557159423828;13829.3408203125;-21;307.5;10.999999046325684;;1;568295;m2;201495;0;
..\..\world\kalimdor\darkshore\passivedoodads\bushes\darkshorebush02.m2;21828.619140625;105.40870666503906;13768.9287109375;-7.500000476837158;336;10.500000953674316;;1;298945;m2;201495;0;
..\..\world\kalimdor\azshara\passivedoodads\rocks\azshararock02.m2;21652.3125;84.78370666503906;13722.8310546875;0;84.5;0;;2.2099609375;294585;m2;201306;0;
..\..\world\generic\nightelf\passivedoodads\ruins\azrelfruin05.m2;21423.419921875;123.68695831298828;13797.6171875;13.000000953674316;357.5;-39.5;;1;290640;m2;198812;0;
..\..\world\kalimdor\darkshore\passivedoodads\bushes\darkshorebush02.m2;21603.49609375;105.28825378417969;13502.3330078125;2.000000476837158;321;11.499999046325684;;1;294876;m2;201495;0;
..\..\world\kalimdor\azshara\passivedoodads\trees\azr_tree07.m2;21362.291015625;108.79086303710938;13534.1396484375;0;0;0;;1.099609375;292381;m2;201338;0;
..\..\world\kalimdor\darkshore\passivedoodads\bushes\darkshorebush02.m2;21546.01171875;92.03085327148438;13863.2490234375;6.000000953674316;239.99998474121094;-5.500001430511475;;1;298921;m2;201495;0;
..\..\world\kalimdor\darkshore\passivedoodads\bushes\darkshorebush02.m2;21390.232421875;97.60733795166016;13708.533203125;0;26.5;0;;1;294580;m2;201495;0;
..\..\world\kalimdor\darkshore\passivedoodads\bushes\darkshorebush02.m2;21547.87109375;148.14366149902344;13331.775390625;0;26;0;;1;294879;m2;201495;0;
..\..\world\kalimdor\darkshore\passivedoodads\bushes\darkshorebush02.m2;21831.568359375;146.30978393554688;13825.966796875;0;296.5;0;;1;568296;m2;201495;0;
..\..\world\kalimdor\darkshore\passivedoodads\bushes\darkshorebush02.m2;21570.27734375;95.92562103271484;13806.826171875;0;296;0;;1;298338;m2;201495;0;
..\..\world\kalimdor\darkshore\passivedoodads\bushes\darkshorebush02.m2;21399.1484375;105.69927978515625;13422.607421875;0;207.5;0;;1;294885;m2;201495;0;
..\..\world\kalimdor\darkshore\passivedoodads\bushes\darkshorebush02.m2;21354.927734375;100.73580932617188;13410.365234375;0;244.5;0;;1;294419;m2;201495;0;
..\..\world\kalimdor\darkshore\passivedoodads\bushes\darkshorebush02.m2;21464.609375;108.7985610961914;13558.4873046875;0;22.5;0;;1;294439;m2;201495;0;
..\..\world\kalimdor\darkshore\passivedoodads\bushes\darkshorebush02.m2;21737.326171875;94.84508514404297;13667.947265625;0;32.5;0;;1;298342;m2;201495;0;
..\..\world\kalimdor\darkshore\passivedoodads\bushes\darkshorebush02.m2;21713.22265625;94.24270629882812;13699.2021484375;0;213.5;0;;1;298341;m2;201495;0;
..\..\world\kalimdor\darkshore\passivedoodads\bushes\darkshorebush02.m2;21736.640625;103.96180725097656;13582.90234375;0;251;0;;1;294855;m2;201495;0;
..\..\world\kalimdor\darkshore\passivedoodads\bushes\darkshorebush02.m2;21595.24609375;93.44430541992188;13803.677734375;0;252.5;0;;1;298339;m2;201495;0;
..\..\world\kalimdor\darkshore\passivedoodads\bushes\darkshorebush02.m2;21359.849609375;105.97162628173828;13390.5498046875;-11.500000953674316;258;-1.5;;1;294769;m2;201495;0;
..\..\world\kalimdor\darkshore\passivedoodads\bushes\darkshorebush02.m2;21642.044921875;91.6727294921875;13738.3232421875;0;53;0;;1;298340;m2;201495;0;
..\..\world\kalimdor\darkshore\passivedoodads\bushes\darkshorebush02.m2;21873.546875;123.33724212646484;13580.212890625;-1.0000001192092896;224.5;-10;;1;298355;m2;201495;0;
..\..\world\kalimdor\darkshore\passivedoodads\bushes\darkshorebush02.m2;21871.953125;108.9245376586914;13642.0322265625;0;308;0;;1;294872;m2;201495;0;
..\..\world\kalimdor\darkshore\passivedoodads\bushes\darkshorebush02.m2;21745.82421875;105.7142105102539;13596.4951171875;0;38.5;0;;1;294854;m2;201495;0;
..\..\world\kalimdor\azshara\passivedoodads\rocks\azshararock02.m2;21504.912109375;88.2243423461914;13847.92578125;0;229;0;;2.099609375;298349;m2;201306;0;
..\..\world\kalimdor\darkshore\passivedoodads\bushes\darkshorebush02.m2;21749.44140625;102.75697326660156;13624.9892578125;0;14.5;0;;1;294367;m2;201495;0;
..\..\world\kalimdor\darkshore\passivedoodads\bushes\darkshorebush02.m2;21654.796875;116.9023208618164;13414.80078125;-0.5;259.5;-3.000000238418579;;1;294416;m2;201495;0;
..\..\world\kalimdor\darkshore\passivedoodads\bushes\darkshorebush02.m2;21403.810546875;100.99910736083984;13494.9560546875;0;50;0;;1;294313;m2;201495;0;
..\..\world\kalimdor\darkshore\passivedoodads\bushes\darkshorebush02.m2;21577.794921875;94.3531494140625;13846.98828125;0;49;0;;1;298559;m2;201495;0;
..\..\world\kalimdor\darkshore\passivedoodads\bushes\darkshorebush02.m2;21404.30078125;103.3610610961914;13664.1298828125;0;318.5;0;;1;294579;m2;201495;0;
..\..\world\kalimdor\darkshore\passivedoodads\bushes\darkshorebush02.m2;21465.1875;104.79283905029297;13768.0517578125;0;311.5;0;;1;294581;m2;201495;0;
..\..\world\kalimdor\darkshore\passivedoodads\bushes\darkshorebush02.m2;21783.84375;105.6052017211914;13516.576171875;0;11.5;0;;1;294382;m2;201495;0;
..\..\world\kalimdor\azshara\passivedoodads\trees\azr_tree07.m2;21489.669921875;106.13057708740234;13746.9521484375;-4.5;30;0.4999997913837433;;1;298947;m2;201338;0;
..\..\world\generic\nightelf\passivedoodads\ruins\nightelfruins05.m2;21647.73046875;99.86658477783203;13657.509765625;0;192;0;;1;294269;m2;198838;0;
..\..\world\generic\nightelf\passivedoodads\ruins\nightelfruins05.m2;21628.953125;104.98076629638672;13472.408203125;0;141.5;0;;1;294295;m2;198838;0;
..\..\world\generic\nightelf\passivedoodads\ruins\nightelfruins05.m2;21606.759765625;103.85521697998047;13503.6806640625;0;340.5;0;;1;294449;m2;198838;0;
..\..\world\kalimdor\darkshore\passivedoodads\bushes\darkshorebush02.m2;21660.037109375;104.17984008789062;13628.3935546875;0;80.5;0;;1;294365;m2;201495;0;
..\..\world\kalimdor\darkshore\passivedoodads\bushes\darkshorebush02.m2;21610.990234375;110.9770736694336;13439.341796875;-8.537736562175269e-7;271.5;-10.500001907348633;;1;294877;m2;201495;0;
..\..\world\kalimdor\darkshore\passivedoodads\bushes\darkshorebush02.m2;21340.625;96.78752136230469;13597.150390625;-3.500000238418579;90.5;-11.499999046325684;;1;294573;m2;201495;0;
..\..\world\kalimdor\darkshore\passivedoodads\bushes\darkshorebush02.m2;21415.58203125;104.0658187866211;13489.6748046875;3;0;11.5;;1;294314;m2;201495;0;
..\..\world\kalimdor\darkshore\passivedoodads\bushes\darkshorebush02.m2;21651.4296875;100.21145629882812;13547.357421875;0;265;0;;1;294874;m2;201495;0;
..\..\world\kalimdor\azshara\passivedoodads\trees\azr_tree07.m2;21371.92578125;109.20226287841797;13536.333984375;0;0;0;;1;292374;m2;201338;0;
..\..\world\kalimdor\azshara\passivedoodads\trees\azr_tree07.m2;21335.974609375;105.83879089355469;13842.904296875;0;60;0;;1;293034;m2;201338;0;
..\..\world\kalimdor\azshara\passivedoodads\trees\azr_tree07.m2;21646.15234375;108.48542785644531;13599.23828125;0;313;0;;1;293372;m2;201338;0;
..\..\world\kalimdor\azshara\passivedoodads\trees\azr_tree07.m2;21632.12109375;106.61686706542969;13647.107421875;0;0;0;;1;293376;m2;201338;0;
..\..\world\kalimdor\azshara\passivedoodads\trees\azr_tree07.m2;21617.763671875;106.22868347167969;13648.728515625;0;0;0;;1;293378;m2;201338;0;
..\..\world\kalimdor\azshara\passivedoodads\trees\azr_tree07.m2;21563.953125;99.63419342041016;13695.083984375;0;97;0;;1;293379;m2;201338;0;
..\..\world\kalimdor\azshara\passivedoodads\trees\azr_tree07.m2;21448.66015625;109.77686309814453;13702.138671875;0;0;0;;1;293388;m2;201338;0;
..\..\world\kalimdor\azshara\passivedoodads\trees\azr_tree07.m2;21459.294921875;105.9308090209961;13706.708984375;0;0;0;;1;293390;m2;201338;0;
..\..\world\kalimdor\azshara\passivedoodads\trees\azr_tree07.m2;21453.59375;114.7090072631836;13687.94140625;0;0;0;;1;293423;m2;201338;0;
..\..\world\kalimdor\azshara\passivedoodads\trees\azr_tree07.m2;21509.982421875;125.80020141601562;13638.0751953125;0;0;0;;1;293424;m2;201338;0;
..\..\world\kalimdor\azshara\passivedoodads\trees\azr_tree07.m2;21378.17578125;126.64012145996094;13845.279296875;0;0;0;;1;293498;m2;201338;0;
..\..\world\kalimdor\azshara\passivedoodads\trees\azr_tree07.m2;21357.640625;128.0796661376953;13816.1171875;0;0;0;;1;293499;m2;201338;0;
..\..\world\kalimdor\azshara\passivedoodads\trees\azr_tree07.m2;21494.775390625;97.65269470214844;13868.046875;0;0;0;;1;293508;m2;201338;0;
..\..\world\kalimdor\azshara\passivedoodads\trees\azr_tree07.m2;21705.09765625;103.13096618652344;13532.6572265625;0;0;0;;1;293523;m2;201338;0;
..\..\world\kalimdor\azshara\passivedoodads\trees\azr_tree07.m2;21562.36328125;108.26402282714844;13437.6015625;0;0;0;;1;293536;m2;201338;0;
..\..\world\kalimdor\azshara\passivedoodads\trees\azr_tree07.m2;21554.3671875;106.82901763916016;13441.990234375;0;142;0;;1;293537;m2;201338;0;
..\..\world\kalimdor\azshara\passivedoodads\trees\azr_tree07.m2;21555.630859375;105.41068267822266;13458.9560546875;0;0;0;;1;293538;m2;201338;0;
..\..\world\kalimdor\azshara\passivedoodads\trees\azr_tree07.m2;21730.232421875;98.69906616210938;13710.0751953125;0;23;0;;1;293914;m2;201338;0;
..\..\world\kalimdor\azshara\passivedoodads\trees\azr_tree07.m2;21627.083984375;109.79708862304688;13442.900390625;0;0;0;;1;294299;m2;201338;0;
..\..\world\kalimdor\azshara\passivedoodads\trees\azr_tree07.m2;21415.42578125;109.9118881225586;13446.396484375;0;0;0;;1;294307;m2;201338;0;
..\..\world\kalimdor\azshara\passivedoodads\trees\azr_tree07.m2;21391.91015625;105.03739166259766;13433.177734375;0;116.5;0;;1;294308;m2;201338;0;
..\..\world\kalimdor\azshara\passivedoodads\trees\azr_tree07.m2;21410.41015625;106.19933319091797;13422.111328125;0;0;0;;1;294310;m2;201338;0;
..\..\world\kalimdor\azshara\passivedoodads\trees\azr_tree07.m2;21415.4921875;105.56897735595703;13413.685546875;0;0;0;;1;294311;m2;201338;0;
..\..\world\kalimdor\azshara\passivedoodads\trees\azr_tree07.m2;21403.09765625;101.62998962402344;13498.2490234375;0;0;0;;1;294317;m2;201338;0;
..\..\world\kalimdor\azshara\passivedoodads\trees\azr_tree07.m2;21397.279296875;102.62444305419922;13507.1298828125;0;228.49998474121094;0;;1;294318;m2;201338;0;
..\..\world\kalimdor\azshara\passivedoodads\trees\azr_tree07.m2;21415.91796875;103.38813781738281;13490.560546875;0;0;0;;1;294319;m2;201338;0;
..\..\world\kalimdor\azshara\passivedoodads\trees\azr_tree07.m2;21848.98828125;109.68485260009766;13781.5810546875;0;0;0;;1;294330;m2;201338;0;
..\..\world\kalimdor\azshara\passivedoodads\trees\azr_tree07.m2;21846.71875;115.0313491821289;13790.4541015625;0;219;0;;1;294331;m2;201338;0;
..\..\world\kalimdor\azshara\passivedoodads\trees\azr_tree07.m2;21778.466796875;104.06926727294922;13763.0048828125;0;0;0;;1;294346;m2;201338;0;
..\..\world\kalimdor\azshara\passivedoodads\trees\azr_tree07.m2;21770.89453125;118.76708984375;13784.119140625;0;2.5;0;;1;294348;m2;201338;0;
..\..\world\kalimdor\azshara\passivedoodads\trees\azr_tree07.m2;21751.38671875;105.85885620117188;13584.4423828125;0;0;0;;1;294368;m2;201338;0;
..\..\world\kalimdor\azshara\passivedoodads\trees\azr_tree07.m2;21751.00390625;102.86701965332031;13570.54296875;0;0;0;;1;294369;m2;201338;0;
..\..\world\kalimdor\azshara\passivedoodads\trees\azr_tree07.m2;21759.87890625;104.3751220703125;13608.505859375;0;0;0;;1;294371;m2;201338;0;
..\..\world\kalimdor\azshara\passivedoodads\trees\azr_tree07.m2;21729.326171875;104.10275268554688;13591.3583984375;0;0;0;;1;294372;m2;201338;0;
..\..\world\kalimdor\azshara\passivedoodads\trees\azr_tree07.m2;21706.193359375;103.1217269897461;13592.4638671875;0;0;0;;1;294373;m2;201338;0;
..\..\world\kalimdor\azshara\passivedoodads\trees\azr_tree07.m2;21835.326171875;110.7610092163086;13527.369140625;0;0;0;;1;294396;m2;201338;0;
..\..\world\kalimdor\azshara\passivedoodads\trees\azr_tree07.m2;21786.58203125;104.92044830322266;13552.3017578125;0;0;0;;1;294398;m2;201338;0;
..\..\world\kalimdor\azshara\passivedoodads\trees\azr_tree07.m2;21651.00390625;101.39691162109375;13534.5087890625;0;0;0;;1;294401;m2;201338;0;
..\..\world\kalimdor\azshara\passivedoodads\trees\azr_tree07.m2;21644.953125;103.3369369506836;13555.921875;0;0;0;;1;294402;m2;201338;0;
..\..\world\kalimdor\azshara\passivedoodads\trees\azr_tree07.m2;21632.591796875;105.78716278076172;13476.2294921875;0;0;0;;1;294403;m2;201338;0;
..\..\world\kalimdor\azshara\passivedoodads\trees\azr_tree07.m2;21625.025390625;110.23741912841797;13424.6669921875;0;39.5;0;;1;294414;m2;201338;0;
..\..\world\kalimdor\azshara\passivedoodads\trees\azr_tree07.m2;21551.671875;128.25128173828125;13550.0693359375;0;0;0;;1;294426;m2;201338;0;
..\..\world\kalimdor\azshara\passivedoodads\trees\azr_tree07.m2;21353.056640625;107.72210693359375;13863.1142578125;0;0;0;;1;294501;m2;201338;0;
..\..\world\kalimdor\azshara\passivedoodads\trees\azr_tree07.m2;21350.7578125;111.564697265625;13856.80859375;0;96.5;0;;1;294502;m2;201338;0;
..\..\world\kalimdor\azshara\passivedoodads\trees\azr_tree07.m2;21415.853515625;101.17891693115234;13626.349609375;0;0;0;;1;294554;m2;201338;0;
..\..\world\kalimdor\azshara\passivedoodads\trees\azr_tree07.m2;21646.70703125;94.8676528930664;13724.2705078125;0;217;0;;1;294587;m2;201338;0;
..\..\world\kalimdor\azshara\passivedoodads\trees\azr_tree07.m2;21655.794921875;97.03824615478516;13707.8359375;0;0;0;;1;294588;m2;201338;0;
..\..\world\kalimdor\azshara\passivedoodads\trees\azr_tree07.m2;21666.21875;94.52467346191406;13714.236328125;0;0;0;;1;294591;m2;201338;0;
..\..\world\kalimdor\azshara\passivedoodads\trees\azr_tree07.m2;21661.05078125;97.65306854248047;13705.0693359375;0;0;0;;1;294592;m2;201338;0;
..\..\world\kalimdor\azshara\passivedoodads\trees\azr_tree07.m2;21841.619140625;119.11936950683594;13400.310546875;0;0;0;;1;294624;m2;201338;0;
..\..\world\kalimdor\azshara\passivedoodads\trees\azr_tree07.m2;21821.41015625;112.98580932617188;13451.630859375;0;166.5;0;;1;294693;m2;201338;0;
..\..\world\kalimdor\azshara\passivedoodads\trees\azr_tree07.m2;21824.021484375;111.26880645751953;13502.552734375;0;0;0;;1;294696;m2;201338;0;
..\..\world\kalimdor\azshara\passivedoodads\trees\azr_tree07.m2;21786.0625;107.25552368164062;13510.255859375;0;0;0;;1;294697;m2;201338;0;
..\..\world\kalimdor\azshara\passivedoodads\trees\azr_tree07.m2;21769.26953125;105.60951232910156;13520.037109375;0;0;0;;1;294698;m2;201338;0;
..\..\world\kalimdor\azshara\passivedoodads\trees\azr_tree07.m2;21741.775390625;110.28317260742188;13506.7109375;0;0;0;;1;294709;m2;201338;0;
..\..\world\kalimdor\azshara\passivedoodads\trees\azr_tree07.m2;21748.94921875;108.0130615234375;13499.6611328125;0;0;0;;1;294710;m2;201338;0;
..\..\world\kalimdor\azshara\passivedoodads\trees\azr_tree07.m2;21577.91796875;108.86511993408203;13502.763671875;0;0;0;;1;294713;m2;201338;0;
..\..\world\kalimdor\azshara\passivedoodads\trees\azr_tree07.m2;21559.14453125;111.57388305664062;13521.3056640625;0;0;0;;1;294716;m2;201338;0;
..\..\world\kalimdor\azshara\passivedoodads\trees\azr_tree07.m2;21552.125;107.1480484008789;13509.3193359375;0;109;0;;1;294719;m2;201338;0;
..\..\world\kalimdor\azshara\passivedoodads\trees\azr_tree07.m2;21492.193359375;107.36869049072266;13545.650390625;0;332.5;0;;1;294720;m2;201338;0;
..\..\world\kalimdor\azshara\passivedoodads\trees\azr_tree07.m2;21479.55859375;108.18353271484375;13536.83203125;0;0;0;;1;294722;m2;201338;0;
..\..\world\kalimdor\azshara\passivedoodads\trees\azr_tree07.m2;21549.71484375;148.12347412109375;13334.697265625;0;302.5;0;;1;294761;m2;201338;0;
..\..\world\kalimdor\azshara\passivedoodads\trees\azr_tree07.m2;21362.005859375;106.28984069824219;13379.525390625;0;0;0;;1;294768;m2;201338;0;
..\..\world\kalimdor\azshara\passivedoodads\trees\azr_tree07.m2;21337.119140625;107.23029327392578;13739.826171875;0;0;0;;1;294805;m2;201338;0;
..\..\world\kalimdor\azshara\passivedoodads\trees\azr_tree07.m2;21614.80078125;94.39956665039062;13791.91015625;0;265;0;;1;294836;m2;201338;0;
..\..\world\kalimdor\azshara\passivedoodads\trees\azr_tree07.m2;21669.625;98.31143951416016;13800.2587890625;0;0;0;;1;294838;m2;201338;0;
..\..\world\kalimdor\azshara\passivedoodads\trees\azr_tree07.m2;21582.025390625;136.4884033203125;13340.8984375;0;353.5;0;;1;294896;m2;201338;0;
..\..\world\kalimdor\azshara\passivedoodads\trees\azr_tree07.m2;21462.169921875;104.2688217163086;13810.8203125;0;273;0;;1;298322;m2;201338;0;
..\..\world\kalimdor\azshara\passivedoodads\trees\azr_tree07.m2;21524.509765625;118.9781494140625;13387.560546875;0;352;0;;1;298323;m2;201338;0;
..\..\world\kalimdor\azshara\passivedoodads\trees\azr_tree07.m2;21573.525390625;96.24431610107422;13803.1298828125;0;80.5;0;;1;298337;m2;201338;0;
..\..\world\kalimdor\azshara\passivedoodads\trees\azr_tree07.m2;21737.623046875;95.68428039550781;13666.896484375;0;0;0;;1;298343;m2;201338;0;
..\..\world\kalimdor\azshara\passivedoodads\trees\azr_tree07.m2;21860.912109375;121.20628356933594;13579.5205078125;0;0;0;;1;298361;m2;201338;0;
..\..\world\kalimdor\azshara\passivedoodads\trees\azr_tree07.m2;21749.740234375;97.77052307128906;13681.8984375;0;0;0;;1;298499;m2;201338;0;
..\..\world\kalimdor\azshara\passivedoodads\trees\azr_tree07.m2;21749.326171875;97.51593780517578;13717.3115234375;0;0;0;;1;298501;m2;201338;0;
..\..\world\kalimdor\azshara\passivedoodads\trees\azr_tree07.m2;21779.849609375;97.81912994384766;13719.7998046875;0;0;0;;1;298504;m2;201338;0;
..\..\world\kalimdor\azshara\passivedoodads\trees\azr_tree07.m2;21578.41796875;94.20484161376953;13843.4453125;0;0;0;;1;298554;m2;201338;0;
..\..\world\kalimdor\azshara\passivedoodads\trees\azr_tree07.m2;21667.890625;98.13912963867188;13763.240234375;0;236.5;0;;1;298935;m2;201338;0;
..\..\world\kalimdor\azshara\passivedoodads\trees\azr_tree07.m2;21693.55859375;97.66824340820312;13732.037109375;0;0;0;;1;298943;m2;201338;0;
..\..\world\kalimdor\azshara\passivedoodads\trees\azr_tree07.m2;21698.638671875;127.23210906982422;13385.02734375;0;0;0;;1;294915;m2;201338;0;
..\..\world\generic\nightelf\passivedoodads\ruins\azrelfruin05.m2;21870.140625;118.73795318603516;13485.587890625;-71.49999237060547;248.5;-54.99998474121094;;1;293350;m2;198812;0;
..\..\world\kalimdor\azshara\passivedoodads\trees\azr_tree07.m2;21653.15625;105.28597259521484;13479.740234375;0;194;0;;0.9892578125;294712;m2;201338;0;
..\..\world\generic\orc\passivedoodads\tents\orctent02.m2;21491.75390625;111.04934692382812;13467.5517578125;0;0;0;;1;312268;m2;199389;0;
..\..\world\kalimdor\azshara\passivedoodads\rocks\azshararock02.m2;21846.515625;109.38815307617188;13789.390625;-17;0;-13.500000953674316;;1.509765625;293327;m2;201306;0;
..\..\world\kalimdor\darkshore\passivedoodads\bushes\darkshorebush02.m2;21620.04296875;103.82624816894531;13496.732421875;0;359;0;;1;294875;m2;201495;0;
..\..\world\kalimdor\darkshore\passivedoodads\ruins\darkshoreruinwall02.m2;21610.021484375;96.60015106201172;13716.4501953125;0;205.5;0;;1;298564;m2;201559;0;
..\..\world\kalimdor\darkshore\passivedoodads\bushes\darkshorebush02.m2;21372.013671875;108.7708969116211;13537.0703125;0;0;0;;1;292379;m2;201495;0;
..\..\world\kalimdor\darkshore\passivedoodads\bushes\darkshorebush02.m2;21677.638671875;100.78357696533203;13664.5458984375;0;0;0;;1;294364;m2;201495;0;
..\..\world\kalimdor\darkshore\passivedoodads\bushes\darkshorebush02.m2;21696.890625;103.31226348876953;13611.1484375;0;0;0;;1;294366;m2;201495;0;
..\..\world\kalimdor\darkshore\passivedoodads\bushes\darkshorebush02.m2;21397.53515625;102.09696960449219;13362.22265625;0;0;0;;1;294421;m2;201495;0;
..\..\world\kalimdor\darkshore\passivedoodads\bushes\darkshorebush02.m2;21466.28515625;110.70240020751953;13520.6494140625;0;0;0;;1;294440;m2;201495;0;
..\..\world\kalimdor\darkshore\passivedoodads\bushes\darkshorebush02.m2;21818.216796875;110.9726333618164;13517.3359375;0;0;0;;1;294455;m2;201495;0;
..\..\world\kalimdor\darkshore\passivedoodads\bushes\darkshorebush02.m2;21829.150390625;112.83637237548828;13445.7529296875;0;0;0;;1;294688;m2;201495;0;
..\..\world\kalimdor\darkshore\passivedoodads\bushes\darkshorebush02.m2;21333.310546875;107.90677642822266;13741.341796875;0;0;0;;1;294803;m2;201495;0;
..\..\world\kalimdor\darkshore\passivedoodads\bushes\darkshorebush02.m2;21484.818359375;98.47516632080078;13866.7900390625;0;0;0;;1;294828;m2;201495;0;
..\..\world\kalimdor\darkshore\passivedoodads\bushes\darkshorebush02.m2;21577.09765625;136.0140838623047;13343.619140625;0;0;0;;1;294878;m2;201495;0;
..\..\world\kalimdor\darkshore\passivedoodads\bushes\darkshorebush02.m2;21409.00390625;106.27760314941406;13421.9052734375;0;0;0;;1;294886;m2;201495;0;
..\..\world\kalimdor\darkshore\passivedoodads\bushes\darkshorebush02.m2;21423.150390625;106.61051177978516;13352.787109375;0;0;0;;1;294887;m2;201495;0;
..\..\world\kalimdor\darkshore\passivedoodads\bushes\darkshorebush02.m2;21592.66015625;99.1548843383789;13696.5595703125;0;0;0;;1;298568;m2;201495;0;
..\..\world\kalimdor\darkshore\passivedoodads\bushes\darkshorebush02.m2;21477.953125;109.31273651123047;13427.4873046875;-11.499999046325684;0;0;;1;312349;m2;201495;0;
..\..\world\kalimdor\azshara\passivedoodads\rocks\azshararock02.m2;21553.03515625;88.47614288330078;13800.2822265625;0;266;0;;1.869140625;298350;m2;201306;0;
..\..\world\generic\nightelf\passivedoodads\ruins\azrelfruin04.m2;21393.5703125;125.69444274902344;13743.833984375;16.5;71;-112;;0.689453125;290893;m2;198811;0;
..\..\world\kalimdor\darkshore\passivedoodads\bushes\darkshorebush02.m2;21553.099609375;105.1130599975586;13457.892578125;0;94;0;;0.939453125;293526;m2;201495;0;
..\..\world\kalimdor\azshara\passivedoodads\trees\azr_tree04.m2;21715.541015625;100.65483856201172;13766.66796875;0;1;0;;0.3994140625;298941;m2;201335;0;
..\..\world\kalimdor\darkshore\passivedoodads\darkshorelogs\darkshorelog01.m2;21566.39453125;97.74532318115234;13698.1640625;0;0;0;;1.689453125;293042;m2;201503;0;
..\..\world\kalimdor\azshara\passivedoodads\rocks\azshararock03.m2;21634.037109375;107.95134735107422;13432.41796875;11.999999046325684;115.5;10.500000953674316;;1.4599609375;294415;m2;201307;0;
..\..\world\kalimdor\darkshore\passivedoodads\ruins\darkshoreruinwall02.m2;21664.421875;98.33756256103516;13563.5390625;0;162.5;0;;1;294271;m2;201559;0;
..\..\world\kalimdor\darkshore\passivedoodads\ruins\darkshoreruinwall02.m2;21623.078125;101.74638366699219;13497.2822265625;0;342.5;0;;1;294450;m2;201559;0;
..\..\world\kalimdor\azshara\passivedoodads\trees\azr_tree07.m2;21751.34765625;99.95364379882812;13690.80078125;-1.5000005960464478;262.4999694824219;-6;;0.849609375;298498;m2;201338;0;
..\..\world\kalimdor\azshara\passivedoodads\rocks\azshararock01.m2;21797.306640625;103.1048583984375;13557.306640625;3.5;0;-4.5;;1.6796875;293358;m2;201305;0;
..\..\world\generic\orc\passivedoodads\banners\clanbanner.m2;21814.7421875;144.5202178955078;13824.7890625;0;296;0;;1.6396484375;568278;m2;199056;0;
..\..\world\kalimdor\darkshore\passivedoodads\ruins\darkshoreruinpillar02.m2;21844.46875;115.5925064086914;13416.640625;0;45.5;0;;1.4697265625;298367;m2;201554;0;
..\..\world\kalimdor\darkshore\passivedoodads\ruins\darkshoreruinwall02.m2;21681.02734375;101.19447326660156;13567.9169921875;0;76.5;0;;1;294270;m2;201559;0;
..\..\world\kalimdor\darkshore\passivedoodads\bushes\darkshorebush02.m2;21749.24609375;99.19245147705078;13688.138671875;13.5;309;8.999999046325684;;0.8193359375;298493;m2;201495;0;
..\..\world\generic\nightelf\passivedoodads\ruins\azrelfruin04.m2;21807.349609375;112.25846099853516;13532.8154296875;12.500000953674316;348;-106.50000762939453;;0.6591796875;292266;m2;198811;0;
..\..\world\kalimdor\azshara\passivedoodads\trees\azr_tree07.m2;21658.65234375;104.13529205322266;13465.2734375;0;0;0;;0.859375;294408;m2;201338;0;
..\..\world\kalimdor\azshara\passivedoodads\trees\azr_tree07.m2;21830.859375;113.13847351074219;13443.7802734375;0;0;0;;0.859375;294694;m2;201338;0;
..\..\world\kalimdor\darkshore\passivedoodads\ruins\darkshoreruinwall02.m2;21559.58984375;94.39459991455078;13731.181640625;0;189.5;0;;1;294156;m2;201559;0;
..\..\world\kalimdor\darkshore\passivedoodads\ruins\darkshoreruinpillar02.m2;21653.546875;104.18929290771484;13640.904296875;0;174;0;;1.3896484375;294274;m2;201554;0;
..\..\world\kalimdor\azshara\passivedoodads\trees\azr_tree07.m2;21362.8203125;107.08059692382812;13535.1044921875;0;0;0;;0.8193359375;292380;m2;201338;0;
..\..\world\kalimdor\azshara\passivedoodads\trees\azr_tree07.m2;21653.99609375;95.08032989501953;13717.5078125;0;103;0;;0.8193359375;294593;m2;201338;0;
..\..\world\kalimdor\darkshore\passivedoodads\bushes\darkshorebush02.m2;21668.005859375;97.65174865722656;13762.4345703125;4.499999523162842;324.5;7.500000476837158;;0.7294921875;298939;m2;201495;0;
..\..\world\kalimdor\azshara\passivedoodads\trees\azr_tree07.m2;21698.41015625;105.81806182861328;13525.6708984375;0;91;0;;0.8095703125;294703;m2;201338;0;
..\..\world\kalimdor\azshara\passivedoodads\trees\azr_tree07.m2;21650.19921875;96.82037353515625;13791.107421875;0;0;0;;0.8095703125;294837;m2;201338;0;
..\..\world\kalimdor\azshara\passivedoodads\trees\azr_tree07.m2;21668.888671875;97.36128234863281;13758.8759765625;0;23.5;0;;0.8095703125;298936;m2;201338;0;
..\..\world\generic\orc\passivedoodads\wagons\orcwagon04.m2;21482.419921875;111.49236297607422;13484.4921875;9;0;-4.999999523162842;;1;312271;m2;199417;0;
..\..\world\generic\nightelf\passivedoodads\ruins\azrelfruin05.m2;21808.39453125;110.83570098876953;13506.8154296875;-14;3.5;7.000000476837158;;0.8095703125;292263;m2;198812;0;
..\..\world\kalimdor\darkshore\passivedoodads\ruins\darkshoreruinwall04.m2;21667.953125;98.87445068359375;13552.8212890625;0;344;0;;1;294272;m2;201561;0;
..\..\world\kalimdor\azshara\passivedoodads\rocks\azshararock02.m2;21754.640625;93.3114242553711;13681.2666015625;0;323;0;;1.5791015625;298496;m2;201306;0;
..\..\world\generic\orc\passivedoodads\banners\clanbanner.m2;21704.947265625;101.82274627685547;13785.4521484375;0;260;0;;1.4599609375;568123;m2;199056;0;
..\..\world\generic\orc\passivedoodads\banners\clanbanner.m2;21692.7421875;101.80075073242188;13796.509765625;0;195;0;;1.4599609375;568124;m2;199056;0;
..\..\world\kalimdor\darkshore\passivedoodads\ruins\darkshoreruinwall04.m2;21656.384765625;103.91845703125;13463.966796875;0;177;0;;1;294291;m2;201561;0;
..\..\world\kalimdor\darkshore\passivedoodads\ruins\darkshoreruinwall02.m2;21656.099609375;103.2970962524414;13450.3671875;0;274;0;;1;294288;m2;201559;0;
..\..\world\kalimdor\darkshore\passivedoodads\bushes\darkshorebush03.m2;21856.623046875;108.91079711914062;13629.3017578125;0;319;0;;1.08984375;298354;m2;201496;0;
..\..\world\kalimdor\darkshore\passivedoodads\ruins\darkshoreruinpillar02.m2;21535.162109375;99.85681915283203;13738.6025390625;16.000001907348633;297.5;16.500003814697266;;1;294159;m2;201554;0;
..\..\world\generic\nightelf\passivedoodads\ruins\azrelfruin05.m2;21638.185546875;101.08451843261719;13827.4775390625;-6.999999046325684;98.5;50.499996185302734;;0.7099609375;292631;m2;198812;0;
..\..\world\generic\nightelf\passivedoodads\ruins\azrelfruin04.m2;21636.140625;105.06330871582031;13478.603515625;9.499999046325684;338;-94.5;;0.599609375;294287;m2;198811;0;
..\..\world\kalimdor\azshara\passivedoodads\trees\azr_tree07.m2;21754.48046875;107.51596069335938;13510.365234375;0;241.99998474121094;0;;0.759765625;294711;m2;201338;0;
..\..\world\generic\nightelf\passivedoodads\ruins\azrelfruin04.m2;21334.853515625;99.11429595947266;13864.0302734375;0;0;0;;0.6796875;290886;m2;198811;0;
..\..\world\kalimdor\azshara\passivedoodads\rocks\azshararock01.m2;21590.60546875;93.0459976196289;13851.21484375;0;0;0;;1.4697265625;298556;m2;201305;0;
..\..\world\kalimdor\darkshore\passivedoodads\darkshorelogs\darkshorelog01.m2;21642.578125;104.12126922607422;13456.171875;0;73;0;;1.3193359375;294406;m2;201503;0;
..\..\world\kalimdor\darkshore\passivedoodads\ruins\darkshoreruinwall02.m2;21656.462890625;104.2729263305664;13477.251953125;0;180;0;;1;294289;m2;201559;0;
..\..\world\generic\nightelf\passivedoodads\ruins\azrelfruin04.m2;21710.359375;98.53205108642578;13660.1123046875;-6.000001430511475;250;67.50000762939453;;0.529296875;294265;m2;198811;0;
..\..\world\generic\nightelf\passivedoodads\ruins\azrelfruin04.m2;21336.630859375;116.39187622070312;13817.4697265625;0;0;0;;0.6591796875;290891;m2;198811;0;
..\..\world\generic\orc\passivedoodads\taxiflags\orctaxiflag.m2;21461.294921875;112.95867919921875;13408.9853515625;0;358;0;;1;395769;m2;199383;0;
..\..\world\kalimdor\darkshore\passivedoodads\bushes\darkshorebush03.m2;21667.53515625;94.0688705444336;13712.927734375;0;52;0;;1;294595;m2;201496;0;
..\..\world\kalimdor\azshara\passivedoodads\trees\azr_tree07.m2;21555.31640625;105.57869720458984;13461.0234375;0;0;0;;0.7099609375;293539;m2;201338;0;
..\..\world\kalimdor\azshara\passivedoodads\trees\azr_tree07.m2;21658.328125;104.60066986083984;13463.67578125;0;0;0;;0.7099609375;294409;m2;201338;0;
..\..\world\kalimdor\azshara\passivedoodads\trees\azr_tree07.m2;21543.34765625;126.5748291015625;13547.173828125;0;200.5;0;;0.7099609375;294427;m2;201338;0;
..\..\world\generic\nightelf\passivedoodads\ruins\azrelfruin05.m2;21772.076171875;125.4903335571289;13800.380859375;0;24.5;0;;0.869140625;568564;m2;198812;0;
..\..\world\generic\nightelf\passivedoodads\ruins\azrelfruin04.m2;21764.994140625;119.40994262695312;13397.7373046875;0;0;0;;0.619140625;298376;m2;198811;0;
..\..\world\kalimdor\azshara\passivedoodads\trees\azr_tree07.m2;21577.912109375;95.18560791015625;13835.349609375;0;0;0;;0.689453125;298555;m2;201338;0;
..\..\world\kalimdor\darkshore\passivedoodads\ruins\darkshoreruinpillar02.m2;21591.96484375;97.69816589355469;13699.775390625;-4.000000476837158;0;9.499999046325684;;1;298562;m2;201554;0;
..\..\world\generic\nightelf\passivedoodads\ruins\nightelfruins03.m2;21744.380859375;104.00769805908203;13769.6943359375;-8.537736562175269e-7;332;-32.5;;2.4892578125;294283;m2;198836;0;
..\..\world\azeroth\burningsteppes\passivedoodads\orctents\orctent.m2;21445.421875;109.73938751220703;13487.5966796875;0;282;0;;1;312272;m2;189200;0;
..\..\world\generic\nightelf\passivedoodads\ruins\nightelfruins02.m2;21745.46875;116.02272033691406;13441.0341796875;1.0000003576278687;13.5;-47.00000762939453;;2.689453125;296095;m2;198835;0;
..\..\world\kalimdor\azshara\passivedoodads\trees\azr_tree07.m2;21509.53515625;123.99732971191406;13640.28515625;0;0;0;;0.669921875;293425;m2;201338;0;
..\..\world\kalimdor\azshara\passivedoodads\rocks\azshararock03.m2;21805.453125;106.00641632080078;13643.8857421875;0;196;0;;1.279296875;294851;m2;201307;0;
..\..\world\generic\satyr\passivedoodads\tents\satyrtent01.m2;21388.12890625;132.39881896972656;13822.9541015625;0;160.77093505859375;0;;1.2265625;396870;m2;200353;0;
..\..\world\kalimdor\azshara\passivedoodads\rocks\azshararock01.m2;21786.388671875;97.7215805053711;13764.9033203125;-27;0;-14.500001907348633;;1;294344;m2;201305;0;
..\..\world\generic\nightelf\passivedoodads\ruins\azrelfruin05.m2;21837.978515625;107.28038787841797;13775.4072265625;67.99998474121094;342.5;-25.49999237060547;;0.6396484375;293427;m2;198812;0;
..\..\world\kalimdor\darkshore\passivedoodads\ruins\darkshoreruinpillar02.m2;21702.48046875;102.9661636352539;13592.6513671875;0;265;0;;1.08984375;294275;m2;201554;0;
..\..\world\kalimdor\darkshore\passivedoodads\ruins\darkshoreruinpillar03.m2;21665.212890625;108.8498306274414;13448.1904296875;-52.499996185302734;18;-74.49999237060547;;1;294293;m2;201555;0;
..\..\world\kalimdor\darkshore\passivedoodads\darkshorelogs\darkshorelog01.m2;21381.662109375;126.4422607421875;13845.736328125;0;90.5;0;;1.1796875;293497;m2;201503;0;
..\..\world\kalimdor\darkshore\passivedoodads\ruins\darkshoreruinpillar03.m2;21594.27734375;105.21597290039062;13493.826171875;-4.000000476837158;339;103.50000762939453;;1;294451;m2;201555;0;
..\..\world\kalimdor\azshara\passivedoodads\trees\azr_tree07.m2;21391.25390625;105.07858276367188;13437.490234375;0;0;0;;0.6396484375;294309;m2;201338;0;
..\..\world\kalimdor\darkshore\passivedoodads\ruins\darkshoreruinpillar03.m2;21733.40625;118.46898651123047;13447.3447265625;-5.500000476837158;30.5;94;;1;298370;m2;201555;0;
..\..\world\kalimdor\darkshore\passivedoodads\bushes\darkshorebush03.m2;21581.34375;95.70977783203125;13767.2197265625;0;242.5;0;;0.9091796875;298932;m2;201496;0;
..\..\world\kalimdor\darkshore\passivedoodads\ruins\darkshoreruinpillar03.m2;21540.609375;98.25212860107422;13720.67578125;-9.499999046325684;319;89;;1;294157;m2;201555;0;
..\..\world\kalimdor\darkshore\passivedoodads\ruins\darkshoreruinpillar03.m2;21583.27734375;100.20088958740234;13703.9189453125;34.499996185302734;24.5;113.99999237060547;;1;298565;m2;201555;0;
..\..\world\generic\nightelf\passivedoodads\ruins\azrelfruin05.m2;21835.21484375;117.60130310058594;13418.607421875;-18.999998092651367;0;87;;0.759765625;298365;m2;198812;0;
..\..\world\kalimdor\darkshore\passivedoodads\bushes\darkshorebush03.m2;21692.2734375;124.68962860107422;13382.7998046875;4;0;19.500003814697266;;1;294916;m2;201496;0;
..\..\world\kalimdor\azshara\passivedoodads\rocks\azshararock01.m2;21811.94140625;101.22152709960938;13698.0927734375;0;72.5;0;;1;294853;m2;201305;0;
..\..\world\kalimdor\azshara\passivedoodads\trees\azr_tree07.m2;21413.7265625;103.5170669555664;13490.61328125;0;38.5;0;;0.619140625;294320;m2;201338;0;
..\..\world\kalimdor\azshara\passivedoodads\rocks\azshararock02.m2;21615.3046875;105.86131286621094;13432.078125;0;187.5;0;;1.2197265625;294412;m2;201306;0;
..\..\world\kalimdor\darkshore\passivedoodads\bushes\darkshorebush03.m2;21730.5390625;100.04930877685547;13712.646484375;0;49.5;0;;0.849609375;293916;m2;201496;0;
..\..\world\kalimdor\azshara\passivedoodads\trees\azr_tree07.m2;21830.84375;112.81021118164062;13450.5244140625;0;336;0;;0.609375;294695;m2;201338;0;
..\..\world\kalimdor\azshara\passivedoodads\trees\azr_tree07.m2;21599.80078125;97.59883880615234;13750.3037109375;0;99;0;;0.609375;298927;m2;201338;0;
..\..\world\kalimdor\azshara\passivedoodads\rocks\azshararock03.m2;21483.12109375;109.5318832397461;13484.224609375;12.500000953674316;63.5;0.5000002980232239;;1;312358;m2;201307;0;
..\..\world\kalimdor\darkshore\passivedoodads\ruins\darkshoreruinpillar02.m2;21617.322265625;104.14830017089844;13473.52734375;0;0;0;;1;294452;m2;201554;0;
..\..\world\kalimdor\darkshore\passivedoodads\ruins\darkshoreruinpillar02.m2;21576.87109375;94.28298950195312;13840.2568359375;0;80.5;0;;1;298549;m2;201554;0;
..\..\world\kalimdor\azshara\passivedoodads\rocks\azshararock02.m2;21548.373046875;101.18144989013672;13448.349609375;0;0;0;;1.189453125;293533;m2;201306;0;
..\..\world\generic\orc\passivedoodads\wyvernroost\wyvernroost01.m2;21451.748046875;113.05455780029297;13399.318359375;0;37;0;;1;395761;m2;199454;0;
..\..\world\kalimdor\darkshore\passivedoodads\bushes\darkshorebush02.m2;21573.30078125;94.44699096679688;13843.6865234375;0;0;0;;0.609375;298557;m2;201495;0;
..\..\world\kalimdor\darkshore\passivedoodads\bushes\darkshorebush03.m2;21668.40234375;102.41886138916016;13636.8837890625;0;6.5;0;;1;298382;m2;201496;0;
..\..\world\generic\nightelf\passivedoodads\ruins\nightelfruins02.m2;21717.228515625;99.91487884521484;13628.646484375;35.500003814697266;70.5;6.500004768371582;;2.2294921875;294264;m2;198835;0;
..\..\world\kalimdor\darkshore\passivedoodads\bushes\darkshorebush01.m2;21833.28515625;145.29222106933594;13821.7197265625;0;318.5;0;;0.83984375;568276;m2;201494;0;
..\..\world\generic\orc\passivedoodads\hammocks\hammock01.m2;21469.75;115.8710708618164;13463.73046875;0;7;0;;1;312302;m2;199160;0;
..\..\world\kalimdor\darkshore\passivedoodads\bushes\darkshorebush01.m2;21834.39453125;146.0441436767578;13827.037109375;0;309;0;;0.83984375;568275;m2;201494;0;
..\..\world\generic\orc\passivedoodads\wyvernroost\wyvernroost01.m2;21462.8359375;113.05441284179688;13399.767578125;0;338.5;0;;1;395762;m2;199454;0;
..\..\world\kalimdor\darkshore\passivedoodads\bushes\darkshorebush03.m2;21405.740234375;107.43559265136719;13439.794921875;2.5;0;5.5;;1;294306;m2;201496;0;
..\..\world\kalimdor\darkshore\passivedoodads\bushes\darkshorebush03.m2;21559.896484375;108.35780334472656;13435.2158203125;0;320.5;0;;0.779296875;293534;m2;201496;0;
..\..\world\kalimdor\darkshore\passivedoodads\bushes\darkshorebush01.m2;21491.04296875;110.70340728759766;13436.205078125;-9;0;-4.999999523162842;;1;312348;m2;201494;0;
..\..\world\kalimdor\azshara\passivedoodads\rocks\azshararock01.m2;21469.82421875;109.58011627197266;13440.3349609375;0;6;0;;1;312352;m2;201305;0;
..\..\world\generic\nightelf\passivedoodads\ruins\azrelfruin05.m2;21332.275390625;122.33808135986328;13792.4052734375;0;0;0;;0.6796875;290889;m2;198812;0;
..\..\world\generic\orc\passivedoodads\banners\clanbanner.m2;21449.53515625;110.34369659423828;13490.80078125;0;66.5;0;;1;312281;m2;199056;0;
..\..\world\generic\orc\passivedoodads\banners\clanbanner.m2;21496.92578125;111.23893737792969;13445.5615234375;0;56.5;0;;1;312347;m2;199056;0;
..\..\world\kalimdor\darkshore\passivedoodads\bushes\darkshorebush03.m2;21671.375;97.76531982421875;13758.1572265625;0;330;0;;0.759765625;298938;m2;201496;0;
..\..\world\kalimdor\darkshore\passivedoodads\bushes\darkshorebush03.m2;21376.40234375;126.46563720703125;13846.16015625;0;0;0;;1;293496;m2;201496;0;
..\..\world\kalimdor\darkshore\passivedoodads\bushes\darkshorebush03.m2;21726.86328125;99.27567291259766;13710.3798828125;0;0;0;;1;293913;m2;201496;0;
..\..\world\kalimdor\darkshore\passivedoodads\bushes\darkshorebush03.m2;21824.62109375;109.11836242675781;13630.966796875;0;0;0;;1;293918;m2;201496;0;
..\..\world\kalimdor\darkshore\passivedoodads\bushes\darkshorebush03.m2;21411.765625;105.73164367675781;13414.6416015625;0;0;0;;1;294305;m2;201496;0;
..\..\world\kalimdor\darkshore\passivedoodads\bushes\darkshorebush03.m2;21848.18359375;109.24806213378906;13781.765625;0;0;0;;1;294334;m2;201496;0;
..\..\world\kalimdor\darkshore\passivedoodads\bushes\darkshorebush03.m2;21783.7890625;100.66056060791016;13766.0947265625;0;0;0;;1;294345;m2;201496;0;
..\..\world\kalimdor\darkshore\passivedoodads\bushes\darkshorebush03.m2;21815.203125;102.41771697998047;13696.6357421875;0;0;0;;1;294352;m2;201496;0;
..\..\world\kalimdor\darkshore\passivedoodads\bushes\darkshorebush03.m2;21815.91015625;108.79428100585938;13635.8232421875;0;0;0;;1;294353;m2;201496;0;
..\..\world\kalimdor\darkshore\passivedoodads\bushes\darkshorebush03.m2;21704.193359375;99.74303436279297;13658.958984375;0;0;0;;1;294362;m2;201496;0;
..\..\world\kalimdor\darkshore\passivedoodads\bushes\darkshorebush03.m2;21710.5390625;100.36372375488281;13650.9736328125;0;0;0;;1;294363;m2;201496;0;
..\..\world\kalimdor\darkshore\passivedoodads\bushes\darkshorebush03.m2;21788.81640625;104.7609634399414;13552.263671875;0;0;0;;1;294380;m2;201496;0;
..\..\world\kalimdor\darkshore\passivedoodads\bushes\darkshorebush03.m2;21775.69140625;103.95044708251953;13535.943359375;0;0;0;;1;294381;m2;201496;0;
..\..\world\kalimdor\darkshore\passivedoodads\bushes\darkshorebush03.m2;21834.2109375;110.29044342041016;13528.849609375;0;0;0;;1;294397;m2;201496;0;
..\..\world\kalimdor\darkshore\passivedoodads\bushes\darkshorebush03.m2;21650.18359375;100.94956970214844;13547.2197265625;0;0;0;;1;294400;m2;201496;0;
..\..\world\kalimdor\darkshore\passivedoodads\bushes\darkshorebush03.m2;21658.69140625;104.0739517211914;13464.2431640625;0;0;0;;1;294410;m2;201496;0;
..\..\world\kalimdor\darkshore\passivedoodads\bushes\darkshorebush03.m2;21618.005859375;110.3158187866211;13439.9267578125;0;0;0;;1;294411;m2;201496;0;
..\..\world\kalimdor\darkshore\passivedoodads\bushes\darkshorebush03.m2;21628.724609375;109.7028579711914;13427.2353515625;0;0;0;;1;294413;m2;201496;0;
..\..\world\kalimdor\darkshore\passivedoodads\bushes\darkshorebush03.m2;21391.52734375;104.22648620605469;13344.615234375;0;0;0;;1;294423;m2;201496;0;
..\..\world\kalimdor\darkshore\passivedoodads\bushes\darkshorebush03.m2;21470.4140625;125.98320770263672;13344.9541015625;0;0;0;;1;294424;m2;201496;0;
..\..\world\kalimdor\darkshore\passivedoodads\bushes\darkshorebush03.m2;21548.06640625;126.260986328125;13546.865234375;0;0;0;;1;294425;m2;201496;0;
..\..\world\kalimdor\darkshore\passivedoodads\bushes\darkshorebush03.m2;21413.015625;100.79734802246094;13627.6513671875;0;0;0;;1;294556;m2;201496;0;
..\..\world\kalimdor\darkshore\passivedoodads\bushes\darkshorebush03.m2;21410.8046875;100.71112823486328;13633.4599609375;0;0;0;;1;294557;m2;201496;0;
..\..\world\kalimdor\darkshore\passivedoodads\bushes\darkshorebush03.m2;21647.693359375;94.23560333251953;13725.0302734375;0;0;0;;1;294586;m2;201496;0;
..\..\world\kalimdor\darkshore\passivedoodads\bushes\darkshorebush03.m2;21658.509765625;92.56817626953125;13722.287109375;0;0;0;;1;294594;m2;201496;0;
..\..\world\kalimdor\darkshore\passivedoodads\bushes\darkshorebush03.m2;21834.91015625;118.54361724853516;13407.888671875;0;0;0;;1;294625;m2;201496;0;
..\..\world\kalimdor\darkshore\passivedoodads\bushes\darkshorebush03.m2;21757.640625;107.57524108886719;13501.349609375;0;0;0;;1;294701;m2;201496;0;
..\..\world\kalimdor\darkshore\passivedoodads\bushes\darkshorebush03.m2;21703.1796875;104.24136352539062;13528.4736328125;0;0;0;;1;294702;m2;201496;0;
..\..\world\kalimdor\darkshore\passivedoodads\bushes\darkshorebush03.m2;21576.08203125;107.50016021728516;13502.2724609375;0;0;0;;1;294714;m2;201496;0;
..\..\world\kalimdor\darkshore\passivedoodads\bushes\darkshorebush03.m2;21560.107421875;110.30011749267578;13517.5673828125;0;0;0;;1;294715;m2;201496;0;
..\..\world\kalimdor\darkshore\passivedoodads\bushes\darkshorebush03.m2;21471.515625;129.10585021972656;13335.5390625;0;0;0;;1;294765;m2;201496;0;
..\..\world\kalimdor\darkshore\passivedoodads\bushes\darkshorebush03.m2;21358.029296875;107.19078063964844;13387.8828125;0;0;0;;1;294766;m2;201496;0;
..\..\world\kalimdor\darkshore\passivedoodads\bushes\darkshorebush03.m2;21613.853515625;93.31197357177734;13787.8134765625;0;0;0;;1;294835;m2;201496;0;
..\..\world\kalimdor\darkshore\passivedoodads\bushes\darkshorebush03.m2;21785.7734375;103.0315170288086;13676.5419921875;0;0;0;;1;294849;m2;201496;0;
..\..\world\kalimdor\darkshore\passivedoodads\bushes\darkshorebush03.m2;21807.4375;106.54512023925781;13646.4072265625;0;0;0;;1;294850;m2;201496;0;
..\..\world\kalimdor\darkshore\passivedoodads\bushes\darkshorebush03.m2;21533.1171875;119.56168365478516;13384.2490234375;0;0;0;;1;294881;m2;201496;0;
..\..\world\kalimdor\darkshore\passivedoodads\bushes\darkshorebush03.m2;21414.83984375;107.04370880126953;13418.6728515625;0;0;0;;1;294882;m2;201496;0;
..\..\world\kalimdor\darkshore\passivedoodads\bushes\darkshorebush03.m2;21414.451171875;108.77522277832031;13434.037109375;0;0;0;;1;294883;m2;201496;0;
..\..\world\kalimdor\darkshore\passivedoodads\bushes\darkshorebush03.m2;21383.765625;103.37483978271484;13433.2626953125;0;0;0;;1;294884;m2;201496;0;
..\..\world\kalimdor\darkshore\passivedoodads\bushes\darkshorebush03.m2;21700.16796875;127.56160736083984;13383.94921875;0;0;0;;1;294917;m2;201496;0;
..\..\world\kalimdor\darkshore\passivedoodads\bushes\darkshorebush03.m2;21733.505859375;114.052490234375;13433.7373046875;0;0;0;;1;296096;m2;201496;0;
..\..\world\kalimdor\darkshore\passivedoodads\bushes\darkshorebush03.m2;21808.08984375;119.72843170166016;13403.369140625;0;0;0;;1;296098;m2;201496;0;
..\..\world\kalimdor\darkshore\passivedoodads\bushes\darkshorebush03.m2;21786.796875;121.04097747802734;13373.72265625;0;0;0;;1;296100;m2;201496;0;
..\..\world\kalimdor\darkshore\passivedoodads\bushes\darkshorebush03.m2;21859.53125;121.12914276123047;13582.5078125;0;0;0;;1;298359;m2;201496;0;
..\..\world\kalimdor\darkshore\passivedoodads\bushes\darkshorebush03.m2;21693.4921875;109.99117279052734;13403.38671875;0;0;0;;1;298378;m2;201496;0;
..\..\world\kalimdor\darkshore\passivedoodads\bushes\darkshorebush03.m2;21728.8671875;117.271728515625;13405.1591796875;0;0;0;;1;298379;m2;201496;0;
..\..\world\kalimdor\darkshore\passivedoodads\bushes\darkshorebush03.m2;21743.140625;120.5772933959961;13404.2763671875;0;0;0;;1;298380;m2;201496;0;
..\..\world\kalimdor\darkshore\passivedoodads\bushes\darkshorebush03.m2;21555.26953125;97.18055725097656;13868.6494140625;0;0;0;;1;298923;m2;201496;0;
..\..\world\kalimdor\darkshore\passivedoodads\bushes\darkshorebush03.m2;21573.041015625;96.62931060791016;13752.71484375;0;0;0;;1;298930;m2;201496;0;
..\..\world\kalimdor\darkshore\passivedoodads\bushes\darkshorebush03.m2;21802.802734375;108.4902572631836;13613.3779296875;0;43;0;;0.7392578125;293917;m2;201496;0;
..\..\world\kalimdor\darkshore\passivedoodads\bushes\darkshorebush01.m2;21750.23828125;98.3537368774414;13682.568359375;-11.5;0;10;;0.859375;298494;m2;201494;0;
..\..\world\kalimdor\darkshore\passivedoodads\ruins\darkshoreruinpillar02.m2;21551.337890625;96.36429595947266;13746.8095703125;0;194.5;0;;0.859375;294158;m2;201554;0;
..\..\world\kalimdor\darkshore\passivedoodads\bushes\darkshorebush01.m2;21369.484375;109.22728729248047;13544.107421875;0;343;0;;0.849609375;292378;m2;201494;0;
..\..\world\kalimdor\darkshore\passivedoodads\bushes\darkshorebush01.m2;21771.390625;148.9889678955078;13838.544921875;0;357;0;;1;568298;m2;201494;0;
..\..\world\kalimdor\azshara\passivedoodads\rocks\azshararock01.m2;21490.56640625;96.91779327392578;13865.537109375;0;0;0;;1;293507;m2;201305;0;
..\..\world\kalimdor\azshara\passivedoodads\rocks\azshararock01.m2;21409.2734375;108.2511215209961;13440.2529296875;0;0;0;;1;294302;m2;201305;0;
..\..\world\kalimdor\azshara\passivedoodads\rocks\azshararock01.m2;21707.234375;98.49867248535156;13663.4326171875;0;0;0;;1;294354;m2;201305;0;
..\..\world\kalimdor\azshara\passivedoodads\rocks\azshararock01.m2;21656.84765625;104.15569305419922;13639.974609375;0;0;0;;1;294356;m2;201305;0;
..\..\world\kalimdor\azshara\passivedoodads\rocks\azshararock01.m2;21752.72265625;106.57772827148438;13506.6357421875;0;0;0;;1;294700;m2;201305;0;
..\..\world\kalimdor\azshara\passivedoodads\rocks\azshararock01.m2;21356.837890625;108.05602264404297;13376.162109375;0;0;0;;1;294767;m2;201305;0;
..\..\world\kalimdor\azshara\passivedoodads\rocks\azshararock01.m2;21804.0078125;103.89679718017578;13647.8544921875;0;0;0;;1;294852;m2;201305;0;
..\..\world\kalimdor\azshara\passivedoodads\rocks\azshararock01.m2;21754.109375;99.13358306884766;13691.6708984375;0;0;0;;1;298495;m2;201305;0;
..\..\world\kalimdor\azshara\passivedoodads\rocks\azshararock01.m2;21598.44140625;95.15416717529297;13752.9765625;0;0;0;;1;298925;m2;201305;0;
..\..\world\kalimdor\azshara\passivedoodads\rocks\azshararock01.m2;21437.01171875;109.89116668701172;13446.2529296875;0;0;0;;1;312351;m2;201305;0;
..\..\world\kalimdor\darkshore\passivedoodads\ruins\darkshoreruinpillar03.m2;21822.48828125;116.77174377441406;13421.79296875;28.499996185302734;0;89.99999237060547;;1;298366;m2;201555;0;
..\..\world\kalimdor\darkshore\passivedoodads\darkshorelogs\darkshorelog01.m2;21395.8125;101.23515319824219;13364.2353515625;0;317.5;0;;1;294422;m2;201503;0;
..\..\world\kalimdor\azshara\passivedoodads\rocks\azshararock02.m2;21723.3203125;95.3203125;13711.341796875;0;0;0;;1;293915;m2;201306;0;
..\..\world\kalimdor\azshara\passivedoodads\rocks\azshararock02.m2;21672.271484375;97.97325134277344;13664.349609375;0;0;0;;1;294358;m2;201306;0;
..\..\world\kalimdor\azshara\passivedoodads\rocks\azshararock02.m2;21710.384765625;99.64095306396484;13609.8984375;0;0;0;;1;294359;m2;201306;0;
..\..\world\kalimdor\azshara\passivedoodads\rocks\azshararock02.m2;21747.37109375;99.7450180053711;13626.5595703125;0;0;0;;1;294360;m2;201306;0;
..\..\world\kalimdor\azshara\passivedoodads\rocks\azshararock02.m2;21354.515625;107.01258850097656;13859.7958984375;0;0;0;;1;294500;m2;201306;0;
..\..\world\kalimdor\azshara\passivedoodads\rocks\azshararock02.m2;21822.61328125;108.681396484375;13449.6728515625;0;195;0;;1;294691;m2;201306;0;
..\..\world\kalimdor\darkshore\passivedoodads\bushes\darkshorebush03.m2;21806.38671875;120.1135025024414;13401.744140625;0;266.5000305175781;0;;0.8896484375;296099;m2;201496;0;
..\..\world\kalimdor\darkshore\passivedoodads\bushes\darkshorebush01.m2;21818.3515625;146.0569610595703;13844.4677734375;0;0;0;;1.01953125;568274;m2;201494;0;
..\..\world\generic\nightelf\passivedoodads\ruins\nightelfruins03.m2;21584.83984375;93.79502868652344;13767.974609375;2.5;317.5;12.5;;1.8798828125;294152;m2;198836;0;
..\..\world\kalimdor\darkshore\passivedoodads\bushes\darkshorebush03.m2;21769.896484375;104.94075775146484;13521.0029296875;0;299.5;0;;0.69921875;294699;m2;201496;0;
..\..\world\kalimdor\darkshore\passivedoodads\bushes\darkshorebush01.m2;21550.65234375;106.95411682128906;13435.8798828125;0;0;0;;1;293527;m2;201494;0;
..\..\world\kalimdor\darkshore\passivedoodads\bushes\darkshorebush01.m2;21553.400390625;106.1129379272461;13440.0859375;0;0;0;;1;293529;m2;201494;0;
..\..\world\kalimdor\darkshore\passivedoodads\bushes\darkshorebush01.m2;21793.05078125;104.54178619384766;13559.083984375;0;0;0;;1;294379;m2;201494;0;
..\..\world\kalimdor\darkshore\passivedoodads\bushes\darkshorebush01.m2;21822.515625;110.49231719970703;13502.1923828125;0;0;0;;1;294385;m2;201494;0;
..\..\world\kalimdor\darkshore\passivedoodads\bushes\darkshorebush01.m2;21652.72265625;106.07322692871094;13453.3828125;0;0;0;;1;294405;m2;201494;0;
..\..\world\kalimdor\darkshore\passivedoodads\bushes\darkshorebush01.m2;21639.16015625;106.08489227294922;13452.8115234375;0;0;0;;1;294407;m2;201494;0;
..\..\world\kalimdor\darkshore\passivedoodads\bushes\darkshorebush01.m2;21542.734375;125.85452270507812;13546.615234375;0;0;0;;1;294428;m2;201494;0;
..\..\world\kalimdor\darkshore\passivedoodads\bushes\darkshorebush01.m2;21571.884765625;116.31414031982422;13515.9111328125;0;0;0;;1;294429;m2;201494;0;
..\..\world\kalimdor\darkshore\passivedoodads\bushes\darkshorebush01.m2;21485.732421875;108.03443908691406;13545.072265625;0;0;0;;1;294441;m2;201494;0;
..\..\world\kalimdor\darkshore\passivedoodads\bushes\darkshorebush01.m2;21349.4375;96.23362731933594;13574.14453125;0;0;0;;1;294572;m2;201494;0;
..\..\world\kalimdor\darkshore\passivedoodads\bushes\darkshorebush01.m2;21465.578125;104.95809936523438;13773.6787109375;0;0;0;;1;294582;m2;201494;0;
..\..\world\kalimdor\darkshore\passivedoodads\bushes\darkshorebush01.m2;21698.078125;105.9185562133789;13524.1484375;0;0;0;;1;294704;m2;201494;0;
..\..\world\kalimdor\darkshore\passivedoodads\bushes\darkshorebush01.m2;21734.39453125;109.0669937133789;13508.0517578125;0;0;0;;1;294705;m2;201494;0;
..\..\world\kalimdor\darkshore\passivedoodads\bushes\darkshorebush01.m2;21331.451171875;108.85037994384766;13744.4130859375;0;0;0;;1;294804;m2;201494;0;
..\..\world\kalimdor\darkshore\passivedoodads\bushes\darkshorebush01.m2;21748.27734375;102.70491027832031;13572.15234375;0;0;0;;1;294856;m2;201494;0;
..\..\world\kalimdor\darkshore\passivedoodads\bushes\darkshorebush01.m2;21744.49609375;104.46031188964844;13580.4833984375;0;0;0;;1;294857;m2;201494;0;
..\..\world\kalimdor\darkshore\passivedoodads\bushes\darkshorebush01.m2;21756.21875;105.56434631347656;13598.8505859375;0;0;0;;1;294858;m2;201494;0;
..\..\world\kalimdor\darkshore\passivedoodads\bushes\darkshorebush01.m2;21759.9453125;104.42108154296875;13607.4208984375;0;0;0;;1;294859;m2;201494;0;
..\..\world\kalimdor\darkshore\passivedoodads\bushes\darkshorebush01.m2;21704.765625;100.92015075683594;13654.8173828125;0;0;0;;1;294860;m2;201494;0;
..\..\world\kalimdor\darkshore\passivedoodads\bushes\darkshorebush01.m2;21658.671875;96.26327514648438;13708.8544921875;0;0;0;;1;294861;m2;201494;0;
..\..\world\kalimdor\darkshore\passivedoodads\bushes\darkshorebush01.m2;21743.58984375;107.0501480102539;13777.083984375;0;0;0;;1;294863;m2;201494;0;
..\..\world\kalimdor\darkshore\passivedoodads\bushes\darkshorebush01.m2;21864.93359375;105.49002838134766;13777.732421875;0;0;0;;1;294866;m2;201494;0;
..\..\world\kalimdor\darkshore\passivedoodads\bushes\darkshorebush01.m2;21522.15625;121.98297882080078;13380.15625;0;0;0;;1;294880;m2;201494;0;
..\..\world\kalimdor\darkshore\passivedoodads\bushes\darkshorebush01.m2;21697.12890625;109.51809692382812;13408.0146484375;0;0;0;;1;298377;m2;201494;0;
..\..\world\kalimdor\darkshore\passivedoodads\bushes\darkshorebush01.m2;21439.765625;110.93718719482422;13449.60546875;0;0;0;;1;312350;m2;201494;0;
..\..\world\kalimdor\darkshore\passivedoodads\bushes\darkshorebush01.m2;21762.1875;154.60118103027344;13867.017578125;0;0;0;;1;568299;m2;201494;0;
..\..\world\kalimdor\darkshore\passivedoodads\bushes\darkshorebush03.m2;21735.435546875;114.71856689453125;13432.0703125;0;52;0;;0.669921875;296097;m2;201496;0;
..\..\world\kalimdor\azshara\passivedoodads\rocks\azshararock01.m2;21655.5625;104.46629333496094;13644.146484375;0;335;0;;0.7392578125;294355;m2;201305;0;
..\..\world\kalimdor\darkshore\passivedoodads\bushes\darkshorebush03.m2;21554.87890625;96.38116455078125;13727.244140625;0;0;0;;0.8994140625;298931;m2;201496;0;
..\..\world\generic\nightelf\passivedoodads\ruins\azrelfruin04.m2;21691.37109375;110.8060302734375;13401.1171875;0;24;0;;0.4296875;298375;m2;198811;0;
..\..\world\kalimdor\darkshore\passivedoodads\bushes\darkshorebush03.m2;21731.107421875;118.25760650634766;13452.21484375;0;0;0;;0.8798828125;298381;m2;201496;0;
..\..\world\kalimdor\darkshore\passivedoodads\bushes\darkshorebush01.m2;21552.97265625;95.27708435058594;13861.6044921875;0;0;0;;0.939453125;298922;m2;201494;0;
..\..\world\kalimdor\darkshore\passivedoodads\bushes\darkshorebush03.m2;21553.66015625;96.28878784179688;13717.548828125;0;11;0;;0.7392578125;298933;m2;201496;0;
..\..\world\generic\nightelf\passivedoodads\ruins\azrelfruin05.m2;21677.64453125;97.8671646118164;13788.63671875;0;252;0;;0.5693359375;292634;m2;198812;0;
..\..\world\kalimdor\darkshore\passivedoodads\ruins\darkshoreruinpillar04.m2;21687.291015625;101.00570678710938;13664.5771484375;22.0000057220459;157.5;-156.5;;1;294267;m2;201556;0;
..\..\world\kalimdor\darkshore\passivedoodads\ruins\darkshoreruinpillar04.m2;21577.0234375;94.06731414794922;13835.28125;-8.500001907348633;318;30.5000057220459;;1;298551;m2;201556;0;
..\..\world\kalimdor\darkshore\passivedoodads\bushes\darkshorebush01.m2;21602.169921875;98.00637817382812;13706.7802734375;0;0;0;;0.8994140625;298567;m2;201494;0;
..\..\world\generic\nightelf\passivedoodads\ruins\nightelfruins03.m2;21701.55078125;99.10233306884766;13662.5009765625;-21.999998092651367;30;11;;1.6494140625;294277;m2;198836;0;
..\..\world\kalimdor\darkshore\passivedoodads\ruins\darkshoreruinpillar04.m2;21785.45703125;103.3376235961914;13679.8828125;-16.499998092651367;88;121.5;;1;294280;m2;201556;0;
..\..\world\kalimdor\azshara\passivedoodads\rocks\azshararock02.m2;21510.015625;107.21231842041016;13485.775390625;0;216;0;;0.849609375;312354;m2;201306;0;
..\..\world\kalimdor\darkshore\passivedoodads\bushes\darkshorebush01.m2;21815.33203125;144.50045776367188;13822.087890625;0;0;0;;0.869140625;568273;m2;201494;0;
..\..\world\kalimdor\darkshore\passivedoodads\bushes\darkshorebush01.m2;21781.6484375;105.84097290039062;13513.6982421875;0;0;0;;0.859375;294383;m2;201494;0;
..\..\world\kalimdor\darkshore\passivedoodads\bushes\darkshorebush01.m2;21751.140625;107.12035369873047;13512.08203125;0;0;0;;0.859375;294708;m2;201494;0;
..\..\world\kalimdor\darkshore\passivedoodads\bushes\darkshorebush01.m2;21745.53515625;109.80758666992188;13505.4404296875;0;0;0;;0.849609375;294706;m2;201494;0;
..\..\world\kalimdor\darkshore\passivedoodads\darkshorelogs\darkshorelog02.m2;21644.69140625;96.35601043701172;13787.904296875;-12.5;0;8.999999046325684;;1;292636;m2;201504;0;
..\..\world\kalimdor\darkshore\passivedoodads\ruins\darkshoreruinpillar05.m2;21572.328125;92.88282775878906;13841.5654296875;1.0000003576278687;335.5;21.000001907348633;;1;298550;m2;201557;0;
..\..\world\generic\nightelf\passivedoodads\ruins\nightelfruins02.m2;21593.47265625;95.89082336425781;13754.8896484375;-0.9999998807907104;351;-20.500001907348633;;1.83984375;294153;m2;198835;0;
..\..\world\kalimdor\azshara\passivedoodads\rocks\azshararock01.m2;21668.1328125;100.49038696289062;13664.8486328125;0;297;0;;0.619140625;294357;m2;201305;0;
..\..\world\kalimdor\darkshore\passivedoodads\bushes\darkshorebush01.m2;21700.09765625;103.61097717285156;13594.4326171875;0;0;0;;0.8291015625;294375;m2;201494;0;
..\..\world\kalimdor\darkshore\passivedoodads\bushes\darkshorebush03.m2;21702.046875;104.13511657714844;13536.2958984375;0;0;0;;0.759765625;294399;m2;201496;0;
..\..\world\kalimdor\darkshore\passivedoodads\bushes\darkshorebush01.m2;21716.787109375;102.05802154541016;13632.234375;0;0;0;;0.8193359375;294377;m2;201494;0;
..\..\world\kalimdor\darkshore\passivedoodads\bushes\darkshorebush03.m2;21630.31640625;106.12803649902344;13477.5654296875;0;0;0;;0.75;294404;m2;201496;0;
..\..\world\kalimdor\darkshore\passivedoodads\bushes\darkshorebush03.m2;21669.21875;95.54059600830078;13708.5888671875;0;0;0;;0.75;294596;m2;201496;0;
..\..\world\kalimdor\darkshore\passivedoodads\bushes\darkshorebush01.m2;21595.796875;97.05204010009766;13753.0126953125;0;50;0;;0.5791015625;298929;m2;201494;0;
..\..\world\kalimdor\darkshore\passivedoodads\bushes\darkshorebush01.m2;21609.279296875;98.31885528564453;13719.1201171875;0;0;0;;0.7998046875;298569;m2;201494;0;
..\..\world\kalimdor\darkshore\passivedoodads\ruins\darkshoreruinpillar04.m2;21682.21875;100.49762725830078;13665.37890625;3.500005006790161;74;83.50000762939453;;1;294266;m2;201556;0;
..\..\world\kalimdor\darkshore\passivedoodads\ruins\darkshoreruinpillar04.m2;21703.994140625;100.59819793701172;13667.1416015625;9.500000953674316;12.5;100.0000228881836;;1;294276;m2;201556;0;
..\..\world\kalimdor\darkshore\passivedoodads\bushes\darkshorebush01.m2;21764.0859375;153.8173370361328;13864.671875;0;0;0;;0.7890625;568300;m2;201494;0;
..\..\world\kalimdor\darkshore\passivedoodads\ruins\darkshoreruinpillar04.m2;21587.525390625;97.34456634521484;13743.0927734375;25.000001907348633;0;-101.00000762939453;;1;294151;m2;201556;0;
..\..\world\kalimdor\darkshore\passivedoodads\bushes\darkshorebush01.m2;21674.4296875;105.01831817626953;13609.138671875;0;0;0;;0.779296875;294378;m2;201494;0;
..\..\world\kalimdor\darkshore\passivedoodads\bushes\darkshorebush01.m2;21691.67578125;97.57404327392578;13729.650390625;0;0;0;;0.779296875;298944;m2;201494;0;
..\..\world\kalimdor\darkshore\passivedoodads\bushes\darkshorebush01.m2;21548.53125;106.6674575805664;13437.7578125;0;253.99998474121094;0;;0.6298828125;293528;m2;201494;0;
..\..\world\kalimdor\darkshore\passivedoodads\bushes\darkshorebush01.m2;21480.599609375;108.19880676269531;13533.5458984375;0;0;0;;0.76953125;294723;m2;201494;0;
..\..\world\kalimdor\darkshore\passivedoodads\ruins\darkshoreruinpillar04.m2;21726.15234375;115.41107940673828;13408.5732421875;8;0;109.5;;1;298371;m2;201556;0;
..\..\world\kalimdor\darkshore\passivedoodads\bushes\darkshorebush01.m2;21751.05859375;100.40972137451172;13758.3701171875;0;0;0;;0.759765625;294862;m2;201494;0;
..\..\world\kalimdor\darkshore\passivedoodads\bushes\darkshorebush01.m2;21778.201171875;97.90347290039062;13720.1337890625;0;0;0;;0.759765625;298506;m2;201494;0;
..\..\world\kalimdor\darkshore\passivedoodads\bushes\darkshorebush01.m2;21701.005859375;102.48841094970703;13614.96484375;0;0;0;;0.7392578125;294376;m2;201494;0;
..\..\world\kalimdor\darkshore\passivedoodads\bushes\darkshorebush01.m2;21806.36328125;111.31748962402344;13509.126953125;0;0;0;;0.7392578125;294384;m2;201494;0;
..\..\world\generic\tauren\passivedoodads\warharnasses\warharnesswall03.m2;21769.947265625;149.085693359375;13839.216796875;0;38;0;;1;568589;m2;200598;0;
..\..\world\kalimdor\darkshore\passivedoodads\bushes\darkshorebush01.m2;21600.884765625;97.010498046875;13750.58984375;0;0;0;;0.7294921875;298928;m2;201494;0;
..\..\world\kalimdor\darkshore\passivedoodads\bushes\darkshorebush01.m2;21746.638671875;109.40943145751953;13508.4228515625;0;290.5;0;;0.5693359375;294707;m2;201494;0;
..\..\world\kalimdor\darkshore\passivedoodads\bushes\darkshorebush03.m2;21705.765625;103.74468994140625;13593.9599609375;0;273.5;0;;0.6298828125;294374;m2;201496;0;
..\..\world\kalimdor\darkshore\passivedoodads\ruins\darkshoreruinpillar05.m2;21664.978515625;102.23932647705078;13639.30859375;0;317.5;0;;1;294273;m2;201557;0;
..\..\world\generic\tauren\passivedoodads\weapons\tauren_weaponlog02.m2;21698;101.61324310302734;13803.2724609375;0;196;0;;2.2294921875;568596;m2;200606;0;
..\..\world\azeroth\burningsteppes\passivedoodads\orctoolrackburningsteppes\orctoolrackburningsteppes.m2;21694.93359375;102.07019805908203;13798.431640625;0;175;0;;1;568557;m2;189204;0;
..\..\world\kalimdor\darkshore\passivedoodads\bushes\darkshorebush01.m2;21830.65625;113.10250854492188;13452.4599609375;0;0;0;;0.7099609375;294692;m2;201494;0;
..\..\world\kalimdor\darkshore\passivedoodads\ruins\darkshoreruinpillar05.m2;21691.275390625;98.04226684570312;13672.5986328125;0;332;0;;1;294268;m2;201557;0;
..\..\world\kalimdor\darkshore\passivedoodads\ruins\darkshoreruinpillar04.m2;21661.26953125;109.75713348388672;13446.83203125;-12.500000953674316;340.5;-96.5;;0.8291015625;294294;m2;201556;0;
..\..\world\kalimdor\darkshore\passivedoodads\ruins\darkshoreruinpillar05.m2;21660.609375;107.78883361816406;13447.9873046875;47.5;317;32.999996185302734;;0.8193359375;294292;m2;201557;0;
..\..\world\kalimdor\darkshore\passivedoodads\bushes\darkshorebush01.m2;21579.365234375;99.37710571289062;13703.7861328125;0;0;0;;0.69921875;298570;m2;201494;0;
..\..\world\kalimdor\darkshore\passivedoodads\bushes\darkshorebush01.m2;21819.349609375;111.17915344238281;13502.767578125;0;284;0;;0.5791015625;294386;m2;201494;0;
..\..\world\kalimdor\darkshore\passivedoodads\ruins\darkshoreruinpillar05.m2;21698.576171875;108.29969024658203;13409.4296875;0;66.5;0;;1;298374;m2;201557;0;
..\..\world\kalimdor\darkshore\passivedoodads\bushes\darkshorebush01.m2;21490.103515625;106.03794860839844;13750.041015625;0;0;0;;0.689453125;298949;m2;201494;0;
..\..\world\kalimdor\darkshore\passivedoodads\bushes\darkshorebush01.m2;21818.630859375;144.65090942382812;13826.3330078125;0;0;0;;0.689453125;568272;m2;201494;0;
..\..\world\kalimdor\darkshore\passivedoodads\bushes\darkshorebush03.m2;21559.36328125;107.04905700683594;13443.98046875;0;0;0;;0.6298828125;293535;m2;201496;0;
..\..\world\kalimdor\darkshore\passivedoodads\bushes\darkshorebush03.m2;21668.35546875;105.63610076904297;13609.412109375;0;0;0;;0.6298828125;298383;m2;201496;0;
..\..\world\azeroth\burningsteppes\passivedoodads\orctoolrackburningsteppes\orctoolrackburningsteppes.m2;21490.505859375;111.22865295410156;13462.310546875;0;37;0;;1;312291;m2;189204;0;
..\..\world\generic\passivedoodads\lights\generaltorch01.m2;21816.333984375;146.51187133789062;13820.1796875;6.000000476837158;0;-19.5;;1.2392578125;568291;m2;199820;0;
..\..\world\kalimdor\darkshore\passivedoodads\ruins\darkshoreruinpillar05.m2;21586.9375;98.7876968383789;13695.91015625;0;347.5;0;;1;298563;m2;201557;0;
..\..\world\generic\tauren\passivedoodads\warharnasses\warharnesstotem04.m2;21769.9609375;150.8213653564453;13842.16015625;0;88;0;;1.099609375;568590;m2;200595;0;
..\..\world\generic\passivedoodads\lights\generaltorch01.m2;21815.091796875;146.70791625976562;13841.6689453125;-3;126;8.5;;1.2197265625;568289;m2;199820;0;
..\..\world\kalimdor\darkshore\passivedoodads\bushes\darkshorebush03.m2;21748.125;98.54730224609375;13718.4912109375;0;0;0;;0.5595703125;298502;m2;201496;0;
..\..\world\generic\tauren\passivedoodads\weapons\tauren_weaponrackwrecked.m2;21708.953125;102.52130126953125;13786.740234375;-0.9999998807907104;318;6.499999523162842;;1;568594;m2;200610;0;
..\..\world\generic\orc\passivedoodads\hammocks\hammock02.m2;21470.98828125;115.8190689086914;13468.201171875;0;44.5;0;;1;312278;m2;199161;0;
..\..\world\generic\orc\passivedoodads\hammocks\hammock02.m2;21469.06640625;116.47847747802734;13458.94140625;0;201;0;;1;312343;m2;199161;0;
..\..\world\generic\orc\passivedoodads\hammocks\hammock02.m2;21772.375;127.50211334228516;13802.662109375;0;12.5;0;;1;568569;m2;199161;0;
..\..\world\generic\orc\passivedoodads\hammocks\hammock02.m2;21818.041015625;146.78237915039062;13826.3701171875;0;347.5;0;;1;568277;m2;199161;0;
..\..\world\kalimdor\azshara\passivedoodads\rocks\azshararock01.m2;21508.47265625;110.1658935546875;13487.380859375;0;193;0;;0.4599609375;312355;m2;201305;0;
..\..\world\generic\passivedoodads\lights\generaltorch01.m2;21816.333984375;146.5674285888672;13820.1796875;0;0;0;;1.189453125;568290;m2;199820;0;
..\..\world\azeroth\burningsteppes\passivedoodads\orcsleepmats\orcsleepmat01.m2;21456.916015625;113.08133697509766;13402.669921875;1;32.5;-0.4999999403953552;;1;395763;m2;189196;0;
..\..\world\kalimdor\azshara\passivedoodads\rocks\azshararock01.m2;21510.73828125;109.78160858154297;13483.1416015625;0;101.5;0;;0.4599609375;312353;m2;201305;0;
..\..\world\azeroth\burningsteppes\passivedoodads\orcsleepmats\orcsleepmat01.m2;21491.703125;111.4085693359375;13467.908203125;7.500000476837158;32.5;-6.999999523162842;;1;312286;m2;189196;0;
..\..\world\generic\orc\passivedoodads\bongs\hookahbong01.m2;21442.4609375;109.82662200927734;13482.162109375;0;72;-10.000000953674316;;1;312344;m2;199118;0;
..\..\world\generic\orc\passivedoodads\meatracks\rawmeatrack01.m2;21444.357421875;109.65239715576172;13482.466796875;0;0;0;;1;312277;m2;199203;0;
..\..\world\critter\fireflies\fireflies01.m2;21864.77734375;105.78605651855469;13775.4736328125;0;0;0;;1.509765625;293428;m2;190731;0;
..\..\world\kalimdor\darkshore\passivedoodads\bushes\darkshorebush01.m2;21649.759765625;96.75416564941406;13791.1962890625;0;0;0;;0.51953125;292637;m2;201494;0;
..\..\world\kalimdor\darkshore\passivedoodads\bushes\darkshorebush01.m2;21577.341796875;95.24008178710938;13837.873046875;0;0;0;;0.509765625;298558;m2;201494;0;
..\..\world\generic\passivedoodads\lights\generaltorch01.m2;21815.05078125;146.9457550048828;13841.544921875;-3;32.5;8.499999046325684;;1;568288;m2;199820;0;
..\..\world\kalimdor\azshara\passivedoodads\rocks\azshararock02.m2;21509.951171875;108.50984954833984;13481.365234375;0;357;0;;0.4794921875;312357;m2;201306;0;
..\..\world\generic\orc\passivedoodads\weapons\orcspear03.m2;21447.9765625;110.37454986572266;13490.9765625;-82.00001525878906;226.99996948242188;-141.50003051757812;;1;312315;m2;199439;0;
..\..\world\generic\orc\passivedoodads\weapons\orcspear03.m2;21707.056640625;101.86466217041016;13789.208984375;-15.000000953674316;247.5;1.9999985694885254;;1;568580;m2;199439;0;
..\..\world\generic\orc\passivedoodads\rugs\furrug01.m2;21446.38671875;109.99114990234375;13487.119140625;-2;0;-1.5;;2.119140625;312276;m2;199241;0;
..\..\world\generic\orc\passivedoodads\weapons\orcspear03.m2;21708.6875;101.9960708618164;13789.654296875;-20.500003814697266;54;5.500001430511475;;1;568578;m2;199439;0;
..\..\world\generic\orc\passivedoodads\weapons\orcspear03.m2;21708.00390625;102.00723266601562;13788.40625;-20.500001907348633;145;5.500001430511475;;1;568579;m2;199439;0;
..\..\world\generic\orc\passivedoodads\weapons\orcspear02.m2;21445.64453125;110.36372375488281;13492.43359375;-84.00004577636719;179;142.5000457763672;;1;312314;m2;199438;0;
..\..\world\generic\tauren\passivedoodads\baskets\largebasket01.m2;21461.390625;115.79107666015625;13464.6083984375;0;0;0;;1;312325;m2;200372;0;
..\..\world\generic\tauren\passivedoodads\baskets\largebasket01.m2;21700.421875;101.59993743896484;13804.42578125;0;0;0;;1;568585;m2;200372;0;
..\..\world\generic\tauren\passivedoodads\baskets\largebasket01.m2;21777.119140625;148.3629913330078;13838.5234375;0;0;0;;1;568286;m2;200372;0;
..\..\world\kalimdor\azshara\passivedoodads\rocks\azshararock01.m2;21506.185546875;110.50051879882812;13488.15625;0;263;0;;0.3896484375;312356;m2;201305;0;
..\..\world\generic\orc\passivedoodads\weapons\orcaxe03.m2;21447.53515625;110.41150665283203;13491.966796875;-88.49988555908203;180;-153.50003051757812;;1;312313;m2;199434;0;
..\..\world\generic\tauren\passivedoodads\sacks\taurensack01.m2;21501.00390625;110.19048309326172;13484.5693359375;8.500000953674316;0;-24.5;;1;312300;m2;200441;0;
..\..\world\generic\orc\passivedoodads\rugs\furrug01.m2;21388.40234375;132.31556701660156;13823.248046875;0;358.6156921386719;0;;1.8095703125;396882;m2;199241;0;
..\..\world\generic\orc\passivedoodads\barrelsandcrates\orccrate03.m2;21731.30859375;160.82876586914062;13853.3125;1.5000001192092896;0;12.000000953674316;;1;568622;m2;199096;0;
..\..\world\generic\tauren\passivedoodads\sacks\taurensack01.m2;21470.998046875;114.74021911621094;13444.654296875;-5;75;-18.5;;1;312331;m2;200441;0;
..\..\world\generic\orc\passivedoodads\barrelsandcrates\orcbarrel01.m2;21508.041015625;110.81413269042969;13486.11328125;-75.49996948242188;227.00006103515625;92.99996948242188;;1.3291015625;312296;m2;199090;0;
..\..\world\generic\orc\passivedoodads\tables\orctable01.m2;21446.240234375;109.92273712158203;13486.9990234375;0;0;0;;1;312273;m2;199357;0;
..\..\world\generic\orc\passivedoodads\barrelsandcrates\orcbarrel01.m2;21506.625;110.856201171875;13486.919921875;-34.500003814697266;0;-61.0000114440918;;1.2490234375;312295;m2;199090;0;
..\..\world\generic\orc\passivedoodads\barrelsandcrates\orcbarrel01.m2;21509.4375;110.50089263916016;13483.3046875;-34.500003814697266;247.5;-61.000003814697266;;1.2490234375;312297;m2;199090;0;
..\..\world\kalimdor\darkshore\passivedoodads\bushes\darkshorebush01.m2;21485.5;111.10421752929688;13484.359375;0;0;0;;0.3896484375;312359;m2;201494;0;
..\..\world\kalimdor\darkshore\passivedoodads\bushes\darkshorebush05.m2;21660.75390625;116.56005859375;13409.1552734375;0;0;0;;1;294417;m2;201498;0;
..\..\world\kalimdor\darkshore\passivedoodads\bushes\darkshorebush05.m2;21414.951171875;110.41629791259766;13445.5234375;0;0;0;;1;294418;m2;201498;0;
..\..\world\kalimdor\darkshore\passivedoodads\bushes\darkshorebush05.m2;21349.87890625;102.36741638183594;13413.9052734375;0;0;0;;1;294420;m2;201498;0;
..\..\world\kalimdor\darkshore\passivedoodads\bushes\darkshorebush05.m2;21488.78125;107.18475341796875;13542.1904296875;0;0;0;;1;294442;m2;201498;0;
..\..\world\kalimdor\darkshore\passivedoodads\bushes\darkshorebush05.m2;21593.03515625;98.46981048583984;13701.2705078125;0;0;0;;1;298566;m2;201498;0;
..\..\world\generic\orc\passivedoodads\barrelsandcrates\orcbarrel01.m2;21490.966796875;113.9776611328125;13447.083984375;0;12.5;0;;1.5693359375;312362;m2;199090;0;
..\..\world\generic\tauren\passivedoodads\sacks\taurensack03.m2;21461.326171875;113.05374908447266;13403.302734375;0;8;0;;1;395767;m2;200443;0;
..\..\world\generic\tauren\passivedoodads\animalcages\animalcage03.m2;21764.47265625;120.46015167236328;13417.8330078125;-1.999999761581421;0;8.5;;1;392883;m2;200359;0;
..\..\world\generic\tauren\passivedoodads\sacks\taurensack01.m2;21830.462890625;146.06871032714844;13828.865234375;0;147.5;0;;1;568582;m2;200441;0;
..\..\world\generic\nightelf\passivedoodads\steppingstones\steppingstone01.m2;21571.6484375;94.15604400634766;13836.7958984375;0;0;0;;1;298553;m2;198947;0;
..\..\world\generic\tauren\passivedoodads\animalcages\animalcage03.m2;21384.703125;132.31588745117188;13825.8896484375;0;103.1318130493164;0;;0.9091796875;396885;m2;200359;0;
..\..\world\generic\orc\passivedoodads\weapons\orcsword03.m2;21693.13671875;103.8548583984375;13798.630859375;-8.5;154.5;-163.5;;1;568558;m2;199448;0;
..\..\world\generic\tauren\passivedoodads\sacks\taurensack01.m2;21709.609375;102.06210327148438;13789.85546875;0;205.5;0;;1;568587;m2;200441;0;
..\..\world\generic\tauren\passivedoodads\baskets\smallbasket01.m2;21788.302734375;134.3620147705078;13794.828125;0;16;0;;1;568625;m2;200375;0;
..\..\world\generic\orc\passivedoodads\barrelsandcrates\orccrate10.m2;21774.2109375;148.7633056640625;13839.3681640625;0;33.5;0;;1;568597;m2;199102;0;
..\..\world\generic\orc\passivedoodads\barrelsandcrates\orcbarrel01.m2;21489.41015625;114.02498626708984;13446.509765625;1.0000001192092896;350.5;-30.999996185302734;;1.1298828125;312363;m2;199090;0;
..\..\world\generic\orc\passivedoodads\weapons\orcsword03.m2;21469.9921875;115.65702056884766;13458.6279296875;-86.9999008178711;0.00006103515625;-120.4999771118164;;1;312387;m2;199448;0;
..\..\world\generic\tauren\passivedoodads\sacks\taurensack03.m2;21499.755859375;110.13285827636719;13483.3544921875;0;0;0;;1;312299;m2;200443;0;
..\..\world\generic\nightelf\passivedoodads\steppingstones\steppingstone02.m2;21570.828125;94.35457611083984;13843.9912109375;0;0;0;;1;298552;m2;198948;0;
..\..\world\generic\tauren\passivedoodads\sacks\taurensack01.m2;21463.162109375;115.6633529663086;13465.8369140625;0;0;0;;1;312326;m2;200441;0;
..\..\world\generic\tauren\passivedoodads\sacks\taurensack01.m2;21465.28515625;113.5748291015625;13448.966796875;0;0;0;;1;312328;m2;200441;0;
..\..\world\generic\tauren\passivedoodads\sacks\taurensack01.m2;21469.10546875;115.10310363769531;13445.0302734375;0;0;0;;1;312329;m2;200441;0;
..\..\world\generic\tauren\passivedoodads\sacks\taurensack01.m2;21701.921875;101.8334732055664;13805.650390625;0;0;0;;1;568586;m2;200441;0;
..\..\world\generic\orc\passivedoodads\barrelsandcrates\orccrate02.m2;21445.125;109.98651123046875;13489.88671875;2.499999761581421;295;-6;;1;312284;m2;199095;0;
..\..\world\generic\human\passivedoodads\crates\stormwindcrate01.m2;21767.072265625;120.49759674072266;13415.130859375;-3;28;6;;1;392876;m2;198168;0;
..\..\world\generic\troll\passivedoodads\trollskullpile\trollskullpile.m2;21381.9921875;132.28761291503906;13823.2666015625;0;320.7226867675781;0;;0.841796875;396881;m2;200638;0;
..\..\world\generic\orc\passivedoodads\barrelsandcrates\orccrate01.m2;21496.08984375;110.57047271728516;13467.5185546875;23.5;31;-6.499999523162842;;1;312288;m2;199094;0;
..\..\world\generic\satyr\passivedoodads\container\satyrcontainer02.m2;21385.634765625;132.28697204589844;13822.1982421875;0;221.4032440185547;0;;0.935546875;396874;m2;200351;0;
..\..\world\generic\orc\passivedoodads\barrelsandcrates\orccrate01.m2;21490.046875;114.0006332397461;13444.9697265625;13.5;55;-4.999999523162842;;1;312365;m2;199094;0;
..\..\world\generic\human\passivedoodads\crates\stormwindcrate01.m2;21471.90234375;115.00498962402344;13446.275390625;-15.000000953674316;14.5;-12.500000953674316;;1;312332;m2;198168;0;
..\..\world\generic\tauren\passivedoodads\baskets\smallbasket01.m2;21731.81640625;160.8543701171875;13855.1396484375;1;0;10.5;;1;568624;m2;200375;0;
..\..\world\generic\human\passivedoodads\crates\stormwindcrate01.m2;21768.703125;120.60874938964844;13414.240234375;0;353.5;0;;1.19921875;392877;m2;198168;0;
..\..\world\generic\satyr\passivedoodads\container\satyrcontainer02.m2;21383.884765625;132.28663635253906;13824.44140625;0;232.37890625;0;;0.8916015625;396879;m2;200351;0;
..\..\world\generic\orc\passivedoodads\jugs\orcjug01.m2;21770.3046875;150.80276489257812;13842.8115234375;14.499996185302734;266.5;8.818631158646895e-7;;1;568591;m2;199191;0;
..\..\world\generic\orc\passivedoodads\barrelsandcrates\orccrate02.m2;21444.41015625;110.8994369506836;13489.646484375;8.499999046325684;0;-25.499998092651367;;1;312285;m2;199095;0;
..\..\world\generic\orc\passivedoodads\barrelsandcrates\orcbarrel01.m2;21481.943359375;111.92581939697266;13485.8466796875;0;281.5;0;;1.2392578125;312335;m2;199090;0;
..\..\world\generic\tauren\passivedoodads\sacks\taurensack02.m2;21479.599609375;111.5809326171875;13484.1904296875;0;129.5;0;;1.2294921875;312361;m2;200442;0;
..\..\world\generic\orc\passivedoodads\weapons\orcaxe02.m2;21446.53125;110.05803680419922;13489.771484375;-79.00001525878906;180;12.500007629394531;;1;312311;m2;199432;0;
..\..\world\generic\orc\passivedoodads\barrelsandcrates\orccrate01.m2;21496.904296875;110.5760269165039;13466.3740234375;-11.5;0;-20.500001907348633;;1;312289;m2;199094;0;
..\..\world\generic\orc\passivedoodads\barrelsandcrates\orccrate01.m2;21495.28125;110.84110260009766;13466.6875;5.000000476837158;0;-14.000000953674316;;1;312287;m2;199094;0;
..\..\world\generic\orc\passivedoodads\barrelsandcrates\orccrate01.m2;21705.130859375;102.03601837158203;13784.599609375;-2;0;13.500000953674316;;1;568555;m2;199094;0;
..\..\world\generic\orc\passivedoodads\barrelsandcrates\orccrate02.m2;21443.7421875;110.46885681152344;13489.412109375;1;0;-11;;1;312283;m2;199095;0;
..\..\world\generic\orc\passivedoodads\weapons\orcaxe01.m2;21447.359375;109.99884796142578;13489.80859375;70.99999237060547;315;-29.499998092651367;;1;312312;m2;199430;0;
..\..\world\generic\orc\passivedoodads\weapons\orcaxe02.m2;21470.640625;115.35466766357422;13457.275390625;-76.99998474121094;140.50006103515625;47.99995803833008;;1;312389;m2;199432;0;
..\..\world\generic\orc\passivedoodads\weapons\orcaxe02.m2;21706.8359375;101.88453674316406;13790.568359375;70.00001525878906;79.5;-1.0000004768371582;;1;568581;m2;199432;0;
..\..\world\generic\orc\passivedoodads\barrelsandcrates\orccrate02.m2;21491.359375;114.09120178222656;13445.7578125;-2.5;0;5.5;;1;312364;m2;199095;0;
..\..\world\generic\orc\passivedoodads\barrelsandcrates\orcbarrel01.m2;21696.76953125;101.88394165039062;13798.59375;0;318;0;;1;568560;m2;199090;0;
..\..\world\kalimdor\blackfathom\passivedoodads\pottery\blackfathom_pot03.m2;21766.443359375;120.43997955322266;13416.28125;-6;0;70.00000762939453;;1;392879;m2;201449;0;
..\..\world\generic\orc\passivedoodads\barrelsandcrates\orccrate02.m2;21473.041015625;114.82627868652344;13444.2236328125;17.000001907348633;0;-1.5;;1;312333;m2;199095;0;
..\..\world\generic\tauren\passivedoodads\sacks\taurensack01.m2;21775.62109375;148.47776794433594;13838.580078125;0;340;0;;0.779296875;568287;m2;200441;0;
..\..\world\generic\tauren\passivedoodads\weapons\tauren_weaponhatchet01.m2;21695.671875;102.15650177001953;13798.5615234375;0;176;0;;1;568595;m2;200604;0;
..\..\world\generic\orc\passivedoodads\barrelsandcrates\orcbarrel01.m2;21696.724609375;102.0695571899414;13799.9404296875;0;0;0;;1.2490234375;568559;m2;199090;0;
..\..\world\generic\orc\passivedoodads\barrelsandcrates\orcbarrel01.m2;21491.41015625;114.10938262939453;13444.2763671875;-16.5;0;1.5000001192092896;;1;312366;m2;199090;0;
..\..\world\generic\orc\passivedoodads\weapons\orcsword02.m2;21471.125;115.47579193115234;13458.5244140625;-88.50001525878906;146.99981689453125;57.5001335144043;;1;312388;m2;199446;0;
..\..\world\generic\tauren\passivedoodads\animalcages\animalcage03.m2;21395.919921875;132.31442260742188;13822.3544921875;0;26.293182373046875;0;;0.5625;396886;m2;200359;0;
..\..\world\generic\orc\passivedoodads\barrelsandcrates\orcbarrel01.m2;21490.6484375;114.00113677978516;13443.6484375;0;14;0;;1;312367;m2;199090;0;
..\..\world\generic\satyr\passivedoodads\container\satyrcontainer01.m2;21381.451171875;132.2870330810547;13822.5634765625;0;285.20281982421875;0;;0.97265625;396875;m2;200350;0;
..\..\world\generic\satyr\passivedoodads\container\satyrcontainer02.m2;21395.634765625;132.28684997558594;13826.9619140625;0;339.6197509765625;0;;0.7724609375;396868;m2;200351;0;
..\..\world\generic\orc\passivedoodads\shields\orcshield03.m2;21495.17578125;111.07774353027344;13453.51953125;-27.5;358;-29;;1;312386;m2;199254;0;
..\..\world\generic\orc\passivedoodads\barrelsandcrates\orcbarrel01.m2;21483.134765625;111.77564239501953;13486.0615234375;5.500000476837158;0;-4;;1;312334;m2;199090;0;
..\..\world\generic\tauren\passivedoodads\sacks\taurensack02.m2;21465.59375;114.05465698242188;13450.123046875;0;327;0;;1;312327;m2;200442;0;
..\..\world\generic\tauren\passivedoodads\sacks\taurensack02.m2;21502.328125;110.39643096923828;13484.72265625;0;120.5;0;;1;312301;m2;200442;0;
..\..\world\azeroth\theblastedlands\passivedoodads\bones\blastedlandsbonepile02.m2;21372.50390625;131.0834503173828;13761.099609375;0;139.02523803710938;0;;0.90625;396842;m2;190437;0;
..\..\world\azeroth\theblastedlands\passivedoodads\bones\blastedlandsbonepile02.m2;21392.4140625;132.2991943359375;13785.3671875;0;350.34271240234375;0;;0.9677734375;396844;m2;190437;0;
..\..\world\kalimdor\blackfathom\passivedoodads\pottery\bfd_brokenpottery01.m2;21394.08984375;132.28651428222656;13822.77734375;0;178.4608154296875;0;;0.9794921875;396883;m2;201445;0;
..\..\world\generic\tauren\passivedoodads\sacks\taurensack02.m2;21500.05078125;110.02626037597656;13481.884765625;0;0;0;;1;312298;m2;200442;0;
..\..\world\generic\tauren\passivedoodads\sacks\taurensack02.m2;21469.87890625;114.97136688232422;13445.80859375;0;0;0;;1;312330;m2;200442;0;
..\..\world\generic\tauren\passivedoodads\sacks\taurensack02.m2;21479.5390625;111.46576690673828;13485.01953125;0;0;0;;1;312360;m2;200442;0;
..\..\world\generic\tauren\passivedoodads\sacks\taurensack02.m2;21461.4140625;113.05509185791016;13401.806640625;0;8;0;;1;395768;m2;200442;0;
..\..\world\generic\tauren\passivedoodads\sacks\taurensack02.m2;21709.03125;102.16470336914062;13789.0361328125;0;0;0;;1;568588;m2;200442;0;
..\..\world\generic\tauren\passivedoodads\sacks\taurensack02.m2;21829.27734375;146.1736602783203;13828.2109375;0;257.5;0;;1;568583;m2;200442;0;
..\..\world\azeroth\theblastedlands\passivedoodads\bones\blastedlandsbonepile02.m2;21371.197265625;130.98439025878906;13832.099609375;0;302.7814636230469;0;;0.8427734375;396833;m2;190437;0;
..\..\world\azeroth\theblastedlands\passivedoodads\bones\blastedlandsspine01.m2;21384.505859375;132.28892517089844;13794.7177734375;0;314.5701599121094;0;;0.9765625;396849;m2;190441;0;
..\..\world\generic\orc\passivedoodads\shields\orcshield01.m2;21491.85546875;112.52777862548828;13471.611328125;11.5;347;-4;;1;312385;m2;199250;0;
..\..\world\generic\tauren\passivedoodads\bowls\taurenbowl07.m2;21787.0078125;134.2711639404297;13795.4853515625;6;0;3.500000238418579;;1;568626;m2;200384;0;
..\..\world\generic\orc\passivedoodads\barrelsandcrates\orcbarrel01.m2;21444.296875;110.23692321777344;13490.6484375;0;0;0;;1;312282;m2;199090;0;
..\..\world\generic\orc\passivedoodads\barrelsandcrates\orcbarrel01.m2;21494.916015625;110.6351318359375;13465.228515625;0;0;0;;1;312290;m2;199090;0;
..\..\world\generic\orc\passivedoodads\barrelsandcrates\orcbarrel01.m2;21482.822265625;111.98800659179688;13484.935546875;0;0;0;;1;312336;m2;199090;0;
..\..\world\generic\orc\passivedoodads\barrelsandcrates\orcbarrel01.m2;21697.744140625;101.8501968383789;13799.3154296875;0;0;0;;1;568561;m2;199090;0;
..\..\world\azeroth\theblastedlands\passivedoodads\bones\blastedlandsbonepile02.m2;21391.66015625;131.22854614257812;13745.7822265625;0;196.59535217285156;0;;0.853515625;396843;m2;190437;0;
..\..\world\generic\orc\passivedoodads\shields\orcshield01.m2;21704.828125;101.96087646484375;13785.9384765625;-18;312.5;1.999999761581421;;1;568125;m2;199250;0;
..\..\world\azeroth\theblastedlands\passivedoodads\bones\blastedlandsbonepile02.m2;21470.33203125;115.78424835205078;13460.80859375;0;0;0;;1;312324;m2;190437;0;
..\..\world\generic\passivedoodads\furniture\containers\sack01.m2;21776.12109375;148.72671508789062;13837.4326171875;0;22.5;0;;1;568284;m2;199745;0;
..\..\world\generic\passivedoodads\furniture\containers\sack01.m2;21775.697265625;148.78749084472656;13836.791015625;0;286.5;0;;1;568282;m2;199745;0;
..\..\world\azeroth\theblastedlands\passivedoodads\bones\blastedlandsbonepile02.m2;21370.08984375;131.01834106445312;13786.4423828125;0;66.63409423828125;0;;0.78515625;396839;m2;190437;0;
..\..\world\azeroth\theblastedlands\passivedoodads\bones\blastedlandsbonepile02.m2;21384.5234375;131.00645446777344;13835.810546875;0;338.91656494140625;0;;0.783203125;396832;m2;190437;0;
..\..\world\generic\orc\passivedoodads\mugs\orcmug01.m2;21778.29296875;148.47705078125;13837.708984375;0;322.5;0;;1;568592;m2;199207;0;
..\..\world\azeroth\theblastedlands\passivedoodads\bones\blastedlandsspine01.m2;21371.771484375;131.01681518554688;13799.8173828125;0;220.3814697265625;0;;0.865234375;396837;m2;190441;0;
..\..\world\azeroth\theblastedlands\passivedoodads\bones\blastedlandsspine01.m2;21381.86328125;132.28750610351562;13783.794921875;0;155.2855224609375;0;;0.865234375;396850;m2;190441;0;
..\..\world\azeroth\theblastedlands\passivedoodads\bones\blastedlandsspine01.m2;21420.3984375;131.0451202392578;13809.46875;0;55.504638671875;0;;0.84765625;396825;m2;190441;0;
..\..\world\generic\orc\passivedoodads\shields\orcshield03.m2;21703.81640625;101.73621368408203;13784.619140625;-32;268;-3.000002145767212;;1;568556;m2;199254;0;
..\..\world\azeroth\theblastedlands\passivedoodads\bones\blastedlandsspine01.m2;21370.458984375;131.0328369140625;13785.091796875;0;279.5007019042969;0;;0.9306640625;396838;m2;190441;0;
..\..\world\azeroth\theblastedlands\passivedoodads\bones\blastedlandsspine01.m2;21409.265625;131.00637817382812;13814.2470703125;0;248.07887268066406;0;;0.8603515625;396824;m2;190441;0;
..\..\world\azeroth\theblastedlands\passivedoodads\bones\blastedlandsspine01.m2;21427.880859375;131.12472534179688;13804.806640625;0;170.80816650390625;0;;0.9111328125;396826;m2;190441;0;
..\..\world\azeroth\theblastedlands\passivedoodads\bones\blastedlandsbonepile02.m2;21408.208984375;131.2747802734375;13756.048828125;0;171.9742431640625;0;;0.7958984375;396818;m2;190437;0;
..\..\world\generic\tauren\passivedoodads\sacks\taurensack01.m2;21768.22265625;120.67941284179688;13415.486328125;0;41.5;0;;0.4794921875;392878;m2;200441;0;
..\..\world\generic\passivedoodads\furniture\containers\sack01.m2;21775.84765625;148.9239959716797;13837.41796875;2.500000476837158;0;-9.500000953674316;;1;568285;m2;199745;0;
..\..\world\generic\passivedoodads\furniture\containers\sack01.m2;21707.646484375;101.90901947021484;13790.8115234375;4.000000476837158;0;9.499999046325684;;1;568575;m2;199745;0;
..\..\world\generic\passivedoodads\furniture\containers\sack01.m2;21768.1875;126.78360748291016;13800.302734375;9.000000953674316;0;-6;;1;568570;m2;199745;0;
..\..\world\generic\orc\passivedoodads\shields\orcshield03.m2;21449.349609375;111.19790649414062;13489.09765625;0;101.5;0;;1;312274;m2;199254;0;
..\..\world\generic\passivedoodads\furniture\containers\sack01.m2;21775.978515625;148.73129272460938;13837.849609375;0;0;0;;1;568281;m2;199745;0;
..\..\world\generic\passivedoodads\furniture\containers\sack01.m2;21775.326171875;148.81581115722656;13837.4111328125;0;0;0;;1;568283;m2;199745;0;
..\..\world\azeroth\theblastedlands\passivedoodads\bones\blastedlandsbonepile02.m2;21377.646484375;132.2873992919922;13821.5966796875;0;355.1768798828125;0;;0.787109375;396834;m2;190437;0;
..\..\world\azeroth\theblastedlands\passivedoodads\bones\blastedlandsspine01.m2;21390.953125;132.28677368164062;13812.2216796875;0;200.91311645507812;0;;0.7880859375;396851;m2;190441;0;
..\..\world\azeroth\theblastedlands\passivedoodads\bones\blastedlandsspine01.m2;21406.765625;131.26712036132812;13749.4970703125;0;113.48126220703125;0;;0.7568359375;396820;m2;190441;0;
..\..\world\azeroth\theblastedlands\passivedoodads\bones\blastedlandsbonepile03.m2;21769.17578125;126.57095336914062;13801.71484375;0;18;0;;1;568565;m2;190438;0;
..\..\world\generic\passivedoodads\lights\candle01.m2;21445.0625;110.6351089477539;13486.9873046875;0;0;0;;1;312293;m2;199806;0;
..\..\world\generic\orc\passivedoodads\bowls\bowlwood02.m2;21491.509765625;114.06220245361328;13443.2607421875;0;332;0;;1;312370;m2;199122;0;
..\..\world\generic\orc\passivedoodads\bowls\bowlwood02.m2;21491.5234375;114.13609313964844;13443.2998046875;0;332;0;;1;312372;m2;199122;0;
..\..\world\generic\satyr\passivedoodads\container\satyrcontainer03.m2;21386.18359375;132.28738403320312;13821.646484375;0;282.7527770996094;0;;0.8125;396873;m2;200352;0;
..\..\world\generic\orc\passivedoodads\bowls\bowlwood02.m2;21445.826171875;110.63539123535156;13486.4423828125;0;292.5;0;;1;312280;m2;199122;0;
..\..\world\azeroth\theblastedlands\passivedoodads\bones\blastedlandsbonepile03.m2;21395.619140625;132.28729248046875;13800.6240234375;0;325.1722717285156;0;;0.896484375;396845;m2;190438;0;
..\..\world\generic\satyr\passivedoodads\container\satyrcontainer03.m2;21395.34765625;132.2885284423828;13825.5244140625;0;236.63076782226562;0;;0.7880859375;396869;m2;200352;0;
..\..\world\generic\human\passivedoodads\meat\bloodymeat02.m2;21392.763671875;132.28761291503906;13793.75;0;307.8463134765625;0;;0.9296875;396852;m2;198344;0;
..\..\world\generic\orc\passivedoodads\shields\orcshield02.m2;21448.33203125;111.15220642089844;13484.15234375;0;105;0;;1;312275;m2;199252;0;
..\..\world\azeroth\theblastedlands\passivedoodads\bones\blastedlandsbonepile03.m2;21389.37109375;131.00711059570312;13838.6484375;0;204.1761474609375;0;;0.8857421875;396831;m2;190438;0;
..\..\world\generic\human\passivedoodads\meat\bloodymeat01.m2;21418.140625;131.03741455078125;13802.8125;0;44.858551025390625;0;;0.9033203125;396853;m2;198343;0;
..\..\world\generic\human\passivedoodads\meat\bloodymeat01.m2;21407.00390625;131.281982421875;13754.759765625;0;257.60345458984375;0;;0.9853515625;396855;m2;198343;0;
..\..\world\azeroth\elwynn\passivedoodads\jugs\jug02.m2;21769.12109375;126.5512466430664;13801.3115234375;-7;0;13.5;;1;568568;m2;189821;0;
..\..\world\generic\orc\passivedoodads\mugs\orcmug01.m2;21705.71484375;102.21469116210938;13785.9091796875;0;0;0;;1;568593;m2;199207;0;
..\..\world\generic\passivedoodads\lights\candle02.m2;21445.353515625;110.63318634033203;13487.298828125;0;0;0;;1;312292;m2;199807;0;
..\..\world\generic\orc\passivedoodads\utensils\serratedcleaver.m2;21446.67578125;110.63394927978516;13487.109375;1.0000001192092896;0;-101.49999237060547;;1;312310;m2;199396;0;
..\..\world\azeroth\theblastedlands\passivedoodads\bones\blastedlandsbonepile03.m2;21363.734375;131.2125701904297;13746.4208984375;0;153.61553955078125;0;;0.8203125;396815;m2;190438;0;
..\..\world\generic\orc\passivedoodads\jars\jarorc06.m2;21704.51171875;101.81009674072266;13785.36328125;-5.000000476837158;0;6.5;;1;568562;m2;199184;0;
..\..\world\generic\human\passivedoodads\meat\bloodymeat02.m2;21370.51171875;131.2132568359375;13746.2841796875;0;325.77655029296875;0;;0.8271484375;396856;m2;198344;0;
..\..\world\generic\orc\passivedoodads\bowls\bowlwood02.m2;21482.46875;112.25215148925781;13483.7490234375;0;273.5;0;;1;312340;m2;199122;0;
..\..\world\generic\orc\passivedoodads\utensils\ladlewood.m2;21446.515625;110.58328247070312;13486.7734375;-0.5000013709068298;297.5;-14.5;;1;312308;m2;199394;0;
..\..\world\generic\orc\passivedoodads\bowls\bowlwood02.m2;21481.73828125;112.45012664794922;13483.66796875;16;0;-18.999996185302734;;1;312339;m2;199122;0;
..\..\world\generic\orc\passivedoodads\bowls\bowlwood02.m2;21492.99609375;111.21768951416016;13465.3125;-4.500000476837158;0;-11.500000953674316;;1;312345;m2;199122;0;
..\..\world\generic\orc\passivedoodads\jars\jarorc05.m2;21385.919921875;132.28750610351562;13821.0673828125;0;42.13385009765625;0;;0.9453125;396876;m2;199183;0;
..\..\world\generic\orc\passivedoodads\bowls\bowlwood02.m2;21446.091796875;110.63480377197266;13487.568359375;0;0;0;;1;312279;m2;199122;0;
..\..\world\generic\orc\passivedoodads\bowls\bowlwood02.m2;21481.888671875;112.17283630371094;13484.451171875;0;0;0;;1;312337;m2;199122;0;
..\..\world\generic\orc\passivedoodads\bowls\bowlwood02.m2;21490.765625;114.11460876464844;13442.80859375;0;0;0;;1;312368;m2;199122;0;
..\..\world\generic\orc\passivedoodads\bowls\bowlwood02.m2;21491.5078125;114.09541320800781;13443.271484375;0;0;0;;1;312371;m2;199122;0;
..\..\world\generic\orc\passivedoodads\bowls\bowlwood02.m2;21490.951171875;115.777587890625;13446.74609375;0;0;0;;1;312375;m2;199122;0;
..\..\world\generic\orc\passivedoodads\bowls\bowlwood02.m2;21777.70703125;148.55874633789062;13837.03515625;0;0;0;;1;568297;m2;199122;0;
..\..\world\generic\orc\passivedoodads\bowls\bowlwood02.m2;21481.89453125;112.38440704345703;13484.189453125;-3.5;0;-29.500003814697266;;1;312338;m2;199122;0;
..\..\world\generic\human\passivedoodads\meat\bloodymeat01.m2;21411.732421875;131.0072784423828;13831.888671875;0;355.2207946777344;0;;0.900390625;396854;m2;198343;0;
..\..\world\generic\orc\passivedoodads\jars\jarorc05.m2;21469.75;115.9017105102539;13460.91796875;0;0;0;;1;312303;m2;199183;0;
..\..\world\generic\orc\passivedoodads\jars\jarorc05.m2;21443.41015625;109.96208190917969;13484.3876953125;0;0;0;;1;312306;m2;199183;0;
..\..\world\generic\orc\passivedoodads\jars\jarorc06.m2;21492.107421875;114.19397735595703;13443.572265625;0;0;0;;1;312376;m2;199184;0;
..\..\world\generic\orc\passivedoodads\jars\jarorc05.m2;21492.212890625;114.1423110961914;13444.76171875;0;0;0;;1;312377;m2;199183;0;
..\..\world\generic\orc\passivedoodads\jars\jarorc05.m2;21464.1171875;115.92012786865234;13466.30859375;0;0;0;;1;312380;m2;199183;0;
..\..\world\generic\orc\passivedoodads\jars\jarorc05.m2;21443.6484375;110.37258911132812;13486.7392578125;0;0;0;;1;312381;m2;199183;0;
..\..\world\generic\orc\passivedoodads\jars\jarorc05.m2;21490.75;111.5486831665039;13467.5810546875;0;0;0;;1;312383;m2;199183;0;
..\..\world\generic\orc\passivedoodads\jars\jarorc05.m2;21769.859375;120.79266357421875;13414.349609375;0;0;0;;1;392880;m2;199183;0;
..\..\world\generic\orc\passivedoodads\jars\jarorc05.m2;21455.947265625;113.05455780029297;13402.5361328125;0;0;0;;1;395765;m2;199183;0;
..\..\world\generic\passivedoodads\lights\candle02.m2;21380.337890625;133.28515625;13815.169921875;0;44.990386962890625;0;;0.83984375;396884;m2;199807;0;
..\..\world\azeroth\elwynn\passivedoodads\jugs\jug02.m2;21816.56640625;145.1085662841797;13826.052734375;0;0;0;;1;568279;m2;189821;0;
..\..\world\azeroth\elwynn\passivedoodads\jugs\jug02.m2;21708.59375;101.9217529296875;13790.5458984375;0;0;0;;1;568576;m2;189821;0;
..\..\world\azeroth\elwynn\passivedoodads\jugs\jug02.m2;21708.005859375;101.96318817138672;13790.212890625;0;0;0;;1;568577;m2;189821;0;
..\..\world\generic\human\passivedoodads\meat\bloodymeat02.m2;21369.9296875;131.10147094726562;13763.064453125;0;180.73060607910156;0;;0.8681640625;396857;m2;198344;0;
..\..\world\generic\orc\passivedoodads\jars\jarorc03.m2;21390.021484375;132.28729248046875;13821.4091796875;0;311.933349609375;0;;0.9677734375;396878;m2;199181;0;
..\..\world\generic\orc\passivedoodads\bowls\bowlwood01.m2;21491.48828125;114.178466796875;13443.310546875;0;341.5;0;;1;312373;m2;199121;0;
..\..\world\azeroth\theblastedlands\passivedoodads\bones\blastedlandsskull01.m2;21444.326171875;111.3846435546875;13490.5576171875;0;69.5;0;;1;312323;m2;190439;0;
..\..\world\generic\orc\passivedoodads\jars\jarorc06.m2;21491.078125;111.5036392211914;13467.1416015625;0;0;0;;0.849609375;312384;m2;199184;0;
..\..\world\generic\orc\passivedoodads\jars\jarorc06.m2;21456.162109375;113.05455780029297;13402.060546875;0;0;0;;0.849609375;395764;m2;199184;0;
..\..\world\azeroth\theblastedlands\passivedoodads\bones\blastedlandsskull01.m2;21372.83203125;131.18594360351562;13758.6015625;0;328.74298095703125;0;;0.935546875;396841;m2;190439;0;
..\..\world\azeroth\theblastedlands\passivedoodads\bones\blastedlandsskull01.m2;21362.044921875;131.21115112304688;13745.099609375;0;161.075439453125;0;;0.9755859375;396817;m2;190439;0;
..\..\world\azeroth\theblastedlands\passivedoodads\bones\blastedlandsskull01.m2;21382.85546875;132.2864990234375;13820.478515625;0;58.811614990234375;0;;0.927734375;396835;m2;190439;0;
..\..\world\generic\orc\passivedoodads\jars\jarorc02.m2;21468.9765625;116.03217315673828;13460.962890625;0;0;0;;1;312305;m2;199180;0;
..\..\world\generic\orc\passivedoodads\jars\jarorc02.m2;21829.2890625;146.1736602783203;13828.916015625;0;0;0;;1;568584;m2;199180;0;
..\..\world\generic\orc\passivedoodads\jars\jarorc01.m2;21730.931640625;160.64344787597656;13854.6259765625;0;0;0;;1;568623;m2;199179;0;
..\..\world\generic\orc\passivedoodads\jars\jarorc02.m2;21390.47265625;132.28761291503906;13822.0390625;0;215.81103515625;0;;0.869140625;396877;m2;199180;0;
..\..\world\azeroth\theblastedlands\passivedoodads\bones\blastedlandsskull02.m2;21409.212890625;131.40599060058594;13795.2880859375;0;235.6529541015625;0;;0.8818359375;396822;m2;190440;0;
..\..\world\azeroth\theblastedlands\passivedoodads\bones\blastedlandsskull02.m2;21402.4296875;131.00735473632812;13837.3798828125;0;141.05776977539062;0;;0.8603515625;396830;m2;190440;0;
..\..\world\azeroth\theblastedlands\passivedoodads\bones\blastedlandsskull01.m2;21406.41796875;131.0072021484375;13802.1728515625;0;345.77227783203125;0;;0.947265625;396823;m2;190439;0;
..\..\world\azeroth\theblastedlands\passivedoodads\bones\blastedlandsskull01.m2;21361.419921875;131.21133422851562;13747.30859375;0;251.60557556152344;0;;0.8955078125;396816;m2;190439;0;
..\..\world\azeroth\theblastedlands\passivedoodads\bones\blastedlandsskull01.m2;21395.09375;132.2867889404297;13818.2958984375;0;76.4342041015625;0;;0.9296875;396847;m2;190439;0;
..\..\world\azeroth\theblastedlands\passivedoodads\bones\blastedlandsskull02.m2;21404.091796875;131.006591796875;13819.751953125;0;343.146484375;0;;0.884765625;396829;m2;190440;0;
..\..\world\generic\orc\passivedoodads\jars\jarorc04.m2;21446.58984375;110.63411712646484;13486.7607421875;0;0;0;;1.0595703125;312309;m2;199182;0;
..\..\world\azeroth\theblastedlands\passivedoodads\bones\blastedlandsskull01.m2;21381.146484375;132.28631591796875;13793.2392578125;0;168.85400390625;0;;0.935546875;396846;m2;190439;0;
..\..\world\generic\orc\passivedoodads\jars\jarorc04.m2;21490.978515625;111.50055694580078;13467.9892578125;4.5;0;-3.5;;1;312382;m2;199182;0;
..\..\world\generic\orc\passivedoodads\jars\jarorc04.m2;21456.046875;113.05455780029297;13402.951171875;4.5;0;-3.5;;1;395766;m2;199182;0;
..\..\world\azeroth\theblastedlands\passivedoodads\bones\blastedlandsskull02.m2;21403.04296875;131.31124877929688;13755.2548828125;0;211.9217529296875;0;;0.8056640625;396821;m2;190440;0;
..\..\world\azeroth\theblastedlands\passivedoodads\bones\blastedlandsskull02.m2;21386.921875;132.28680419921875;13792.580078125;0;292.6737365722656;0;;0.8271484375;396848;m2;190440;0;
..\..\world\azeroth\theblastedlands\passivedoodads\bones\blastedlandsskull02.m2;21420.73828125;131.04835510253906;13809.0966796875;0;172.3587646484375;0;;0.92578125;396828;m2;190440;0;
..\..\world\azeroth\theblastedlands\passivedoodads\bones\blastedlandsskull01.m2;21412.40234375;131.2449188232422;13752.548828125;0;106.31796264648438;0;;0.8583984375;396819;m2;190439;0;
..\..\world\generic\orc\passivedoodads\bowls\bowlwood01.m2;21493.400390625;111.1568374633789;13464.8193359375;4;0;1.5000001192092896;;1;312346;m2;199121;0;
..\..\world\generic\orc\passivedoodads\jars\jarorc04.m2;21442.97265625;109.89781951904297;13483.6484375;0;0;0;;1;312307;m2;199182;0;
..\..\world\generic\orc\passivedoodads\jars\jarorc04.m2;21491.306640625;111.40339660644531;13460.5615234375;0;0;0;;1;312378;m2;199182;0;
..\..\world\generic\orc\passivedoodads\jars\jarorc04.m2;21464.18359375;116.03262329101562;13465.654296875;0;0;0;;1;312379;m2;199182;0;
..\..\world\generic\orc\passivedoodads\jars\jarorc04.m2;21769.73828125;120.8197021484375;13414.9951171875;0;0;0;;1;392881;m2;199182;0;
..\..\world\azeroth\theblastedlands\passivedoodads\bones\blastedlandsskull01.m2;21769.560546875;126.5805435180664;13802.212890625;0;0;0;;1;568566;m2;190439;0;
..\..\world\generic\orc\passivedoodads\jars\jarorc03.m2;21470.03125;115.81199645996094;13460.4091796875;0;0;0;;1;312304;m2;199181;0;
..\..\world\generic\orc\passivedoodads\jars\jarorc03.m2;21770.12109375;120.83164978027344;13414.8623046875;0;0;0;;1;392882;m2;199181;0;
..\..\world\generic\orc\passivedoodads\bowls\bowlwood01.m2;21482.19140625;112.44278717041016;13483.1591796875;0;0;0;;1;312341;m2;199121;0;
..\..\world\generic\orc\passivedoodads\bowls\bowlwood01.m2;21483.0078125;112.14219665527344;13484.04296875;0;0;0;;1;312342;m2;199121;0;
..\..\world\generic\orc\passivedoodads\bowls\bowlwood01.m2;21490.75390625;114.15225982666016;13442.822265625;0;0;0;;1;312369;m2;199121;0;
..\..\world\generic\orc\passivedoodads\bowls\bowlwood01.m2;21490.640625;115.14906311035156;13443.591796875;0;0;0;;1;312374;m2;199121;0;
..\..\world\azeroth\theblastedlands\passivedoodads\bones\blastedlandsskull01.m2;21367.28125;131.07662963867188;13809.8447265625;0;139.9371337890625;0;;0.755859375;396836;m2;190439;0;
..\..\world\azeroth\theblastedlands\passivedoodads\bones\blastedlandsskull01.m2;21369.865234375;131.02957153320312;13785.3037109375;0;70.82003784179688;0;;0.751953125;396840;m2;190439;0;
..\..\world\azeroth\theblastedlands\passivedoodads\bones\blastedlandsbone01.m2;21769.052734375;126.41502380371094;13802.548828125;0;85.5;0;;1;568567;m2;190436;0;
..\..\world\azeroth\theblastedlands\passivedoodads\bones\blastedlandsbone01.m2;21421.6171875;131.05758666992188;13809.111328125;0;300.0787353515625;0;;0.8447265625;396827;m2;190436;0;
..\..\world\generic\orc\passivedoodads\bowls\bowlwood01.m2;21385.41015625;132.28692626953125;13820.958984375;0;179.9395751953125;0;;0.7568359375;396880;m2;199121;0;
..\..\world\generic\human\passivedoodads\meat\bloodymeat02.m2;21445.826171875;110.70411682128906;13486.5322265625;0;352.5;0;;0.419921875;312321;m2;198344;0;
..\..\world\generic\human\passivedoodads\meat\bloodymeat01.m2;21446.02734375;110.75985717773438;13487.6318359375;0;87;0;;0.2392578125;312322;m2;198343;0;
..\..\world\wmo\kalimdor\buildings\classicalelfruins\azrclassicalelfruin08.wmo;21325.287109375;96.1752700805664;13859.3525390625;0;84.5;0;0;1;290892;wmo;112705;0;Set_$DefaultGlobal
..\..\world\wmo\kalimdor\buildings\classicalelfruins\azrclassicalelfruin02.wmo;21877.0078125;163.8211212158203;13874.935546875;-0.5000000596046448;147.5;1.5000001192092896;0;1;292212;wmo;112692;0;Set_$DefaultGlobal
..\..\world\wmo\kalimdor\buildings\classicalelfruins\azrclassicalelfruin01.wmo;21825.484375;102.06700897216797;13513.66796875;1.0000001192092896;54.5;-3.500000238418579;0;1;292262;wmo;112690;0;Set_$DefaultGlobal
..\..\world\wmo\kalimdor\buildings\classicalelfruins\azrclassicalelfruin08.wmo;21666.22265625;94.43423461914062;13795.642578125;0;8;0;0;1;292632;wmo;112705;0;Set_$DefaultGlobal
..\..\world\wmo\kalimdor\buildings\classicalelfruins\azrclassicalelfruin01.wmo;21859.708984375;97.24110412597656;13786.587890625;0;320;0;0;1;293426;wmo;112690;0;Set_$DefaultGlobal
..\..\world\wmo\kalimdor\buildings\classicalelfruins\azrclassicalelfruin03.wmo;21658.2421875;91.08010864257812;13611.888671875;0;75.5;0;0;1;294260;wmo;112694;0;Set_$DefaultGlobal
..\..\world\wmo\kalimdor\buildings\classicalelfruins\azrclassicalelfruin08.wmo;21647.318359375;101.55007934570312;13463.521484375;0;0;0;0;1;294285;wmo;112705;0;Set_$DefaultGlobal
..\..\world\wmo\kalimdor\buildings\classicalelfruins\azrclassicalelfruin07.wmo;21605.537109375;99.66154479980469;13507.81640625;0;351.5;0;0;1;294448;wmo;112703;0;Set_$DefaultGlobal
..\..\world\wmo\kalimdor\buildings\azsharaoutpost\azsharaoutpost.wmo;21385.400390625;125.58817291259766;13796.208984375;0;0;0;0;1;397768;wmo;112685;0;Set_$DefaultGlobal
..\..\world\wmo\kalimdor\buildings\orctower\orctower.wmo;21825.712890625;148.61819458007812;13832.7109375;0;90;0;0;1;568082;wmo;113091;0;Set_$DefaultGlobal
