ModelFile;PositionX;PositionY;PositionZ;RotationX;RotationY;RotationZ;RotationW;ScaleFactor;ModelId;Type;FileDataID;DoodadSetIndexes;DoodadSetNames
..\..\world\kalimdor\felwood\passivedoodads\tree\felwoodtree03.m2;17815.298828125;391.7850646972656;11071.5625;0;225.5;0;;1;260258;m2;201902;0;
..\..\world\kalimdor\felwood\passivedoodads\tree\felwoodtree03.m2;18282.302734375;403.22900390625;11367.140625;0;66.5;0;;1.01953125;260259;m2;201902;0;
..\..\world\kalimdor\felwood\passivedoodads\tree\felwoodtree03.m2;18002.173828125;414.00872802734375;11252.712890625;0;230.40670776367188;0;;0.9072265625;260247;m2;201902;0;
..\..\world\kalimdor\felwood\passivedoodads\tree\felwoodtree03.m2;17542.080078125;389.0333251953125;11076.8623046875;0;214.37176513671875;0;;0.900390625;260857;m2;201902;0;
..\..\world\kalimdor\felwood\passivedoodads\tree\felwoodtree03.m2;17624.69140625;361.9603576660156;11383.44921875;0;323.9471435546875;0;;0.8837890625;258062;m2;201902;0;
..\..\world\kalimdor\felwood\passivedoodads\tree\felwoodtree03.m2;18169.455078125;407.26873779296875;11317.703125;0;299.0065612792969;0;;0.8955078125;260250;m2;201902;0;
..\..\world\kalimdor\felwood\passivedoodads\tree\felwoodtree03.m2;18175.9296875;380.1970520019531;11493.115234375;0;162.8004150390625;0;;0.9462890625;260249;m2;201902;0;
..\..\world\kalimdor\felwood\passivedoodads\tree\felwoodtree03.m2;18006.84375;365.4479064941406;11613.484375;0;53.80169677734375;0;;0.8466796875;256849;m2;201902;0;
..\..\world\kalimdor\felwood\passivedoodads\tree\felwoodtree03.m2;17544.828125;393.98046875;11209.212890625;0;60.54541015625;0;;0.861328125;260856;m2;201902;0;
..\..\world\kalimdor\felwood\passivedoodads\tree\felwoodtree03.m2;17673.498046875;380.7832946777344;11214.15234375;0;41.42010498046875;0;;0.83984375;260252;m2;201902;0;
..\..\world\kalimdor\felwood\passivedoodads\tree\felwoodtree03.m2;17953.111328125;357.8758850097656;11534.4091796875;0;55.05206298828125;0;;0.830078125;257640;m2;201902;0;
..\..\world\kalimdor\felwood\passivedoodads\tree\felwoodtree03.m2;17510.65625;381.3751525878906;11497.232421875;0;147.56353759765625;0;;0.8310546875;258064;m2;201902;0;
..\..\world\kalimdor\felwood\passivedoodads\tree\felwoodtree03.m2;18121.84375;378.0921936035156;11560.177734375;0;300.94281005859375;0;;0.833984375;257641;m2;201902;0;
..\..\world\kalimdor\felwood\passivedoodads\tree\felwoodtree03.m2;17745.55859375;327.5601806640625;11834.65625;0;27.60791015625;0;;0.833984375;256842;m2;201902;0;
..\..\world\kalimdor\felwood\passivedoodads\tree\felwoodtree03.m2;18119.720703125;410.9183654785156;11151.9091796875;0;96;0;;1;260833;m2;201902;0;
..\..\world\kalimdor\felwood\passivedoodads\tree\felwoodtree03.m2;17489.59375;380.2767028808594;11374.94140625;0;36.518463134765625;0;;0.8095703125;258066;m2;201902;0;
..\..\world\kalimdor\felwood\passivedoodads\tree\felwoodtree03.m2;17535.80859375;388.4093322753906;11673.0703125;0;314.225830078125;0;;0.802734375;256974;m2;201902;0;
..\..\world\kalimdor\felwood\passivedoodads\tree\felwoodtree03.m2;17591.580078125;365.07666015625;11490.7265625;0;142.91452026367188;0;;0.8046875;258058;m2;201902;0;
..\..\world\kalimdor\felwood\passivedoodads\tree\felwoodtree03.m2;17637.30859375;353.9013366699219;11597.724609375;0;325.91937255859375;0;;0.8076171875;260216;m2;201902;0;
..\..\world\kalimdor\felwood\passivedoodads\tree\felwoodtree03.m2;17932.599609375;347.78948974609375;11741.037109375;0;61.4578857421875;0;;0.822265625;256848;m2;201902;0;
..\..\world\kalimdor\felwood\passivedoodads\tree\felwoodtree03.m2;17459.203125;378.6982116699219;11592.2041015625;0;160.548095703125;0;;0.8662109375;258065;m2;201902;0;
..\..\world\kalimdor\felwood\passivedoodads\tree\felwoodtree03.m2;18081.822265625;394.1318664550781;11311.638671875;0;95.78082275390625;0;;0.986328125;260246;m2;201902;0;
..\..\world\kalimdor\felwood\passivedoodads\tree\felwoodtree03.m2;17863.53515625;378.9415283203125;11334.22265625;0;228.13804626464844;0;;0.7900390625;258061;m2;201902;0;
..\..\world\kalimdor\felwood\passivedoodads\tree\felwoodtree03.m2;18123.15234375;378.3612365722656;11387.8310546875;0;58.619659423828125;0;;0.802734375;260248;m2;201902;0;
..\..\world\kalimdor\felwood\passivedoodads\tree\felwoodtree03.m2;17543.251953125;376.4237976074219;11414.2294921875;0;210.73800659179688;0;;0.8017578125;258063;m2;201902;0;
..\..\world\kalimdor\felwood\passivedoodads\tree\felwoodtree03.m2;17743.462890625;327.4271545410156;11741.6640625;0;241.05081176757812;0;;0.7978515625;256845;m2;201902;0;
..\..\world\kalimdor\felwood\passivedoodads\tree\felwoodtree03.m2;17629.103515625;398.39422607421875;11111.2216796875;0;230.40625;0;;0.7763671875;260855;m2;201902;0;
..\..\world\kalimdor\felwood\passivedoodads\tree\felwoodtree03.m2;17881.455078125;347.52667236328125;11826.912109375;0;102.728271484375;0;;0.87890625;256841;m2;201902;0;
..\..\world\kalimdor\felwood\passivedoodads\tree\felwoodtree03.m2;17763.701171875;353.5869445800781;11372.060546875;0;331.00469970703125;0;;0.7841796875;258060;m2;201902;0;
..\..\world\kalimdor\felwood\passivedoodads\tree\felwoodtree03.m2;17876.8125;347.5453186035156;11573.59375;0;193.76080322265625;0;;0.86328125;256850;m2;201902;0;
..\..\world\kalimdor\felwood\passivedoodads\tree\felwoodtree03.m2;17629.697265625;388.0515441894531;11299.1337890625;0;128.18417358398438;0;;0.75390625;260257;m2;201902;0;
..\..\world\kalimdor\felwood\passivedoodads\tree\felwoodtree03.m2;17979.705078125;358.67706298828125;11814.7529296875;0;161.946533203125;0;;0.810546875;256840;m2;201902;0;
..\..\world\kalimdor\felwood\passivedoodads\tree\felwoodtree03.m2;17846.455078125;393.7122497558594;11234.703125;0;69.57272338867188;0;;0.794921875;260254;m2;201902;0;
..\..\world\kalimdor\felwood\passivedoodads\tree\felwoodtree03.m2;17760.470703125;341.9485778808594;11643.91796875;0;336.64508056640625;0;;0.767578125;256846;m2;201902;0;
..\..\world\kalimdor\felwood\passivedoodads\tree\felwoodtree03.m2;18051.53515625;375.8179626464844;11713.0859375;0;14.81744384765625;0;;0.806640625;256847;m2;201902;0;
..\..\world\kalimdor\felwood\passivedoodads\tree\felwoodtree03.m2;17935.16015625;403.4291076660156;11178.0029296875;0;265.6002197265625;0;;0.8994140625;260813;m2;201902;0;
..\..\world\kalimdor\felwood\passivedoodads\tree\felwoodtree03.m2;17878.62890625;349.965087890625;11428.615234375;0;287.68206787109375;0;;0.7783203125;258012;m2;201902;0;
..\..\world\kalimdor\felwood\passivedoodads\tree\felwoodtree03.m2;17881.962890625;336.8246154785156;11672.546875;0;187.1673583984375;0;;0.86328125;256844;m2;201902;0;
..\..\world\kalimdor\felwood\passivedoodads\tree\felwoodtree03.m2;17745.955078125;371.52264404296875;11304.916015625;0;198.96847534179688;0;;0.765625;260253;m2;201902;0;
..\..\world\kalimdor\felwood\passivedoodads\tree\felwoodtree03.m2;17809.833984375;387.1327819824219;11184.56640625;0;342.92919921875;0;;0.775390625;260251;m2;201902;0;
..\..\world\kalimdor\felwood\passivedoodads\tree\felwoodtree03.m2;17715.73828125;381.8666076660156;11139.716796875;0;297.7493591308594;0;;0.7255859375;260255;m2;201902;0;
..\..\world\kalimdor\felwood\passivedoodads\tree\felwoodtree03.m2;17612.662109375;349.3649597167969;11699.400390625;0;191.420654296875;0;;0.8056640625;256853;m2;201902;0;
..\..\world\kalimdor\felwood\passivedoodads\tree\felwoodtree03.m2;18100.91015625;384.4059143066406;11690.580078125;0;353.97930908203125;0;;0.85546875;257633;m2;201902;0;
..\..\world\kalimdor\felwood\passivedoodads\tree\felwoodtree03.m2;17657.259765625;323.2185363769531;11759.052734375;0;287.7572021484375;0;;0.7529296875;256851;m2;201902;0;
..\..\world\kalimdor\felwood\passivedoodads\tree\felwoodtree03.m2;17991.544921875;380.45501708984375;11356.404296875;0;174.87799072265625;0;;0.8486328125;260245;m2;201902;0;
..\..\world\kalimdor\felwood\passivedoodads\tree\felwoodtree03.m2;17492.345703125;322.06378173828125;11777.1435546875;0;261.2781982421875;0;;0.8046875;256855;m2;201902;0;
..\..\world\kalimdor\felwood\passivedoodads\tree\felwoodtree03.m2;17703.298828125;344.5126953125;11445.5654296875;0;101.2750473022461;0;;0.7568359375;258059;m2;201902;0;
..\..\world\kalimdor\felwood\passivedoodads\tree\felwoodtree03.m2;18226.58984375;403.5255432128906;11271.998046875;0;85.38833618164062;0;;0.8125;261027;m2;201902;0;
..\..\world\kalimdor\felwood\passivedoodads\tree\felwoodtree03.m2;17570.505859375;326.8609619140625;11851.0859375;0;173.53973388671875;0;;0.7822265625;256852;m2;201902;0;
..\..\world\kalimdor\felwood\passivedoodads\tree\felwoodtree03.m2;17958.115234375;374.233154296875;11444.17578125;0;354.18206787109375;0;;0.73828125;258013;m2;201902;0;
..\..\world\kalimdor\felwood\passivedoodads\tree\felwoodtree03.m2;18127.580078125;388.7665100097656;11632.412109375;0;15.568115234375;0;;0.662109375;257632;m2;201902;0;
..\..\world\kalimdor\stonetalon\passivedoodads\trees\burntstonetree07.m2;17733.58984375;340.6931457519531;11477.51171875;10.5;156;-3.000000238418579;;3.009765625;258025;m2;202618;0;
..\..\world\kalimdor\felwood\passivedoodads\tree\felwoodtree03.m2;17676.98046875;346.38458251953125;11507.482421875;0;178.8548583984375;0;;0.6591796875;258057;m2;201902;0;
..\..\world\kalimdor\felwood\passivedoodads\tree\felwoodtree02.m2;17978.671875;361.17987060546875;11602.0400390625;0;60.858856201171875;0;;1.83203125;257637;m2;201901;0;
..\..\world\kalimdor\stonetalon\passivedoodads\trees\burntstonetree07.m2;17871.107421875;341.4082946777344;11458.48046875;8.000001907348633;255.37399291992188;2.000000238418579;;2.0830078125;258033;m2;202618;0;
..\..\world\kalimdor\felwood\passivedoodads\tree\felwoodtreeanim01.m2;17790.08203125;341.60498046875;11710.4150390625;0;299.9595642089844;0;;1.1337890625;257014;m2;201908;0;
..\..\world\kalimdor\felwood\passivedoodads\tree\felwoodtree01.m2;17701.533203125;348.7115173339844;11591.646484375;0;23.994873046875;0;;1.1826171875;258071;m2;201900;0;
..\..\world\kalimdor\stonetalon\passivedoodads\trees\burntstonetree07.m2;17773.763671875;339.46990966796875;11581.58984375;-12.500000953674316;88.19781494140625;0.4999985694885254;;1.751953125;258029;m2;202618;0;
..\..\world\kalimdor\felwood\passivedoodads\tree\felwoodtree01.m2;17945.005859375;356.5130920410156;11768.0888671875;0;246.053955078125;0;;1.1494140625;257630;m2;201900;0;
..\..\world\kalimdor\felwood\passivedoodads\tree\felwoodtree01.m2;17621.42578125;362.86737060546875;11416.91015625;0;201.88995361328125;0;;1.1318359375;258137;m2;201900;0;
..\..\world\kalimdor\felwood\passivedoodads\tree\felwoodtree03.m2;18015.486328125;397.382080078125;11767.349609375;0;90.63351440429688;0;;0.4033203125;257634;m2;201902;0;
..\..\world\kalimdor\felwood\passivedoodads\tree\felwoodtree02.m2;18180.140625;422.34039306640625;11554.2509765625;0;234.15057373046875;0;;1.4052734375;260827;m2;201901;0;
..\..\world\kalimdor\felwood\passivedoodads\tree\felwoodtree01.m2;17709.49609375;326.3832092285156;11740.9375;0;132.51385498046875;0;;1.060546875;257043;m2;201900;0;
..\..\world\kalimdor\felwood\passivedoodads\tree\felwoodtree01.m2;18055.421875;373.8874206542969;11582.4482421875;0;210.7288818359375;0;;1.0498046875;260817;m2;201900;0;
..\..\world\kalimdor\felwood\passivedoodads\tree\felwoodtree04.m2;17678.30859375;370.68585205078125;11308.5576171875;0;77.80780029296875;0;;1.5751953125;260802;m2;201903;0;
..\..\world\kalimdor\felwood\passivedoodads\tree\felwoodtree01.m2;17777.232421875;379.59033203125;11190.5078125;0;209.781494140625;0;;1.02734375;260814;m2;201900;0;
..\..\world\kalimdor\felwood\passivedoodads\tree\felwoodtree07.m2;17588.001953125;365.9210510253906;11559.830078125;0;81.5;0;;1;258127;m2;201906;0;
..\..\world\kalimdor\felwood\passivedoodads\tree\felwoodtree07.m2;17892.474609375;378.16168212890625;11351.59375;0;289.9832458496094;0;;0.96484375;260803;m2;201906;0;
..\..\world\kalimdor\felwood\passivedoodads\tree\felwoodtree01.m2;17928.029296875;375.8000793457031;11451.576171875;0;288.5;0;;1;258213;m2;201900;0;
..\..\world\kalimdor\felwood\passivedoodads\tree\felwoodtree01.m2;18055.1015625;417.2071838378906;11758.544921875;0;118.93106079101562;0;;0.9970703125;257635;m2;201900;0;
..\..\world\kalimdor\stonetalon\passivedoodads\trees\burntstonetree07.m2;17893.42578125;374.78778076171875;11389.24609375;-5.499998569488525;264.910400390625;-6;;1.4873046875;258037;m2;202618;0;
..\..\world\kalimdor\felwood\passivedoodads\tree\felwoodtree01.m2;17775.791015625;373.7978820800781;11303.771484375;0;5.1488037109375;0;;0.9853515625;260808;m2;201900;0;
..\..\world\kalimdor\felwood\passivedoodads\tree\felwoodtree07.m2;18018.275390625;392.35498046875;11748.8779296875;20.0000057220459;253.67225646972656;3.9999990463256836;;0.7685546875;257656;m2;201906;0;
..\..\world\kalimdor\felwood\passivedoodads\tree\felwoodtree02.m2;17875.3046875;407.68572998046875;11279.169921875;0;321.7340087890625;0;;1.244140625;260811;m2;201901;0;
..\..\world\kalimdor\felwood\passivedoodads\tree\felwoodtreeanim02.m2;17634.025390625;324.4103088378906;11780.083984375;0;251.50001525878906;0;;0.8291015625;257084;m2;201909;0;
..\..\world\kalimdor\felwood\passivedoodads\tree\felwoodtree01.m2;18110.4296875;376.5728454589844;11422.33984375;0;297.74957275390625;0;;0.95703125;260825;m2;201900;0;
..\..\world\kalimdor\stonetalon\passivedoodads\trees\burntstonetree07.m2;17826.3359375;381.0389709472656;11338.3671875;-7.000002861022949;349.2991943359375;10.499999046325684;;1.404296875;258035;m2;202618;0;
..\..\world\kalimdor\stonetalon\passivedoodads\trees\burntstonetree07.m2;17820.22265625;379.0187683105469;11342.41796875;-17.999998092651367;74.36553955078125;-8.000000953674316;;1.333984375;258036;m2;202618;0;
..\..\world\kalimdor\felwood\passivedoodads\tree\felwoodtree01.m2;18011.68359375;401.39093017578125;11315.50390625;0;47.39093017578125;0;;0.91796875;260832;m2;201900;0;
..\..\world\kalimdor\felwood\passivedoodads\tree\felwoodtree02.m2;17629.697265625;356.5058288574219;11666.427734375;0;308.3846435546875;0;;1.1591796875;256967;m2;201901;0;
..\..\world\kalimdor\felwood\passivedoodads\tree\felwoodtreeanim02.m2;17895.580078125;342.93316650390625;11758.12890625;0;103.5;0;;0.8095703125;257056;m2;201909;0;
..\..\world\kalimdor\felwood\passivedoodads\tree\felwoodtree01.m2;17615.50390625;361.15277099609375;11576.4462890625;0;4.558319091796875;0;;0.884765625;256955;m2;201900;0;
..\..\world\kalimdor\felwood\passivedoodads\tree\felwoodtree02.m2;17778.6328125;381.0254211425781;11170.078125;0;46.710113525390625;0;;1.1201171875;260816;m2;201901;0;
..\..\world\kalimdor\felwood\passivedoodads\tree\felwoodtree04.m2;17941.15234375;373.5650329589844;11675.39453125;0;134.259033203125;0;;1.2373046875;257639;m2;201903;0;
..\..\world\kalimdor\stonetalon\passivedoodads\trees\burntstonetree07.m2;17849.8046875;345.75244140625;11557.7119140625;0.5000001788139343;41.93609619140625;-3.499999761581421;;1.3310546875;258039;m2;202618;0;
..\..\world\kalimdor\felwood\passivedoodads\tree\felwoodtree02.m2;17694.513671875;368.4695739746094;11321.435546875;0;192.27090454101562;0;;1.2373046875;260801;m2;201901;0;
..\..\world\kalimdor\felwood\passivedoodads\tree\felwoodtree01.m2;17580.9921875;344.9810485839844;11732.609375;0;108.26909637451172;0;;0.822265625;257008;m2;201900;0;
..\..\world\kalimdor\felwood\passivedoodads\tree\felwoodtree04.m2;18023.796875;373.70806884765625;11683.765625;0;331.6763916015625;0;;1.228515625;257631;m2;201903;0;
..\..\world\kalimdor\stonetalon\passivedoodads\trees\burntstonetree08.m2;17748.705078125;340.0234680175781;11477.005859375;6.499997615814209;114;-5.499999046325684;;1.8798828125;258026;m2;202619;0;
..\..\world\kalimdor\felwood\passivedoodads\tree\felwoodtree01.m2;17891.33984375;357.5706481933594;11594.6875;0;152.14056396484375;0;;0.802734375;258212;m2;201900;0;
..\..\world\kalimdor\felwood\passivedoodads\tree\felwoodtree04.m2;17969.064453125;378.4520568847656;11382.83203125;0;337.3125;0;;1.1923828125;260823;m2;201903;0;
..\..\world\kalimdor\felwood\passivedoodads\tree\felwoodtree01.m2;17772.41796875;345.2748107910156;11408.67578125;0;343.36114501953125;0;;0.7861328125;258072;m2;201900;0;
..\..\world\kalimdor\felwood\passivedoodads\tree\felwoodtree04.m2;17599.595703125;358.46759033203125;11672.0654296875;0;238.08297729492188;0;;1.1376953125;256975;m2;201903;0;
..\..\world\kalimdor\stonetalon\passivedoodads\trees\burntstonetree08.m2;17879.240234375;346.1605529785156;11467.1015625;8.537736562175269e-7;239.94522094726562;-18.5;;1.69921875;258032;m2;202619;0;
..\..\world\kalimdor\felwood\passivedoodads\tree\felwoodtree04.m2;17711.90234375;349.2944030761719;11680.96484375;0;75.71063232421875;0;;1.1298828125;256983;m2;201903;0;
..\..\world\kalimdor\felwood\passivedoodads\tree\felwoodtree05.m2;17890.736328125;340.2547912597656;11699.6416015625;0;296;0;;1;257002;m2;201904;0;
..\..\world\kalimdor\stonetalon\passivedoodads\trees\burntstonetree07.m2;18031.18359375;375.791015625;11417.4375;-9.999999046325684;337.89483642578125;-0.9999992847442627;;1.1005859375;260887;m2;202618;0;
..\..\world\kalimdor\felwood\passivedoodads\tree\felwoodtree02.m2;18069.28125;387.77923583984375;11344.15625;0;19.5;0;;1;258214;m2;201901;0;
..\..\world\kalimdor\felwood\passivedoodads\tree\felwoodtree04.m2;17885.15625;424.7690734863281;11184.80859375;0;95.238525390625;0;;1.09765625;260810;m2;201903;0;
..\..\world\kalimdor\felwood\passivedoodads\tree\felwoodtree04.m2;18139.07421875;377.3835754394531;11477.212890625;0;261.4670715332031;0;;1.0849609375;260826;m2;201903;0;
..\..\world\kalimdor\stonetalon\passivedoodads\trees\burntstonetree01.m2;17720.201171875;344.94317626953125;11525.0966796875;11.000001907348633;0;11.499996185302734;;0.7998046875;258051;m2;202617;0;
..\..\world\kalimdor\stonetalon\passivedoodads\trees\burntstonetree08.m2;17826.46875;345.5218811035156;11626.0234375;0;345.6102294921875;0;;1.80078125;258031;m2;202619;0;
..\..\world\kalimdor\felwood\passivedoodads\tree\felwoodtree06.m2;18066.6953125;409.2998352050781;11269.419921875;0;323.2398681640625;0;;0.8818359375;260983;m2;201905;0;
..\..\world\kalimdor\stonetalon\passivedoodads\trees\burntstonetree07.m2;18031.798828125;376.04119873046875;11480.34375;-4.999999046325684;278.14935302734375;-14.500001907348633;;1.029296875;260889;m2;202618;0;
..\..\world\kalimdor\stonetalon\passivedoodads\trees\burntstonetree07.m2;17761.853515625;341.4328918457031;11586.404296875;0.9999998807907104;177.90704345703125;-5;;1.052734375;258034;m2;202618;0;
..\..\world\kalimdor\felwood\passivedoodads\tree\felwoodtree04.m2;18087.39453125;434.7230529785156;11723.8203125;0;317.404541015625;0;;0.9267578125;257636;m2;201903;0;
..\..\world\kalimdor\stonetalon\passivedoodads\trees\burntstonetree07.m2;17841.1484375;371.2386779785156;11408.357421875;-12;139.15707397460938;9.000001907348633;;0.9267578125;260884;m2;202618;0;
..\..\world\kalimdor\stonetalon\passivedoodads\trees\burntstonetree07.m2;17846.89453125;345.8807678222656;11552.6884765625;-9.999998092651367;346.10186767578125;-1.9999995231628418;;0.9541015625;258038;m2;202618;0;
..\..\world\kalimdor\felwood\passivedoodads\tree\felwoodtreeanim03.m2;17789.857421875;343.3121643066406;11730.66015625;0;19.26605224609375;0;;0.775390625;257015;m2;201910;0;
..\..\world\kalimdor\felwood\passivedoodads\tree\felwoodtree06.m2;17703.482421875;350.5360412597656;11664.240234375;0;94.4940185546875;0;;0.9921875;256969;m2;201905;0;
..\..\world\kalimdor\felwood\passivedoodads\tree\felwoodtree07.m2;17640.58203125;356.8681335449219;11571.990234375;0;222.56910705566406;0;;0.5263671875;256960;m2;201906;0;
..\..\world\kalimdor\felwood\passivedoodads\tree\felwoodtree04.m2;17692.048828125;352.3302307128906;11607.21875;0;266.7049255371094;0;;0.8740234375;258070;m2;201903;0;
..\..\world\kalimdor\felwood\passivedoodads\tree\felwoodtree04.m2;17692.673828125;348.5088195800781;11488.451171875;0;350.02288818359375;0;;0.865234375;258075;m2;201903;0;
..\..\world\kalimdor\felwood\passivedoodads\tree\felwoodtree04.m2;17643.056640625;342.01055908203125;11736.841796875;0;128.620849609375;0;;0.8232421875;257040;m2;201903;0;
..\..\world\kalimdor\felwood\passivedoodads\tree\felwoodtree04.m2;18095.517578125;402.07427978515625;11348.2685546875;0;25.99053955078125;0;;0.8095703125;260824;m2;201903;0;
..\..\world\kalimdor\felwood\passivedoodads\tree\felwoodtree04.m2;18031.169921875;424.2834777832031;11243.6123046875;0;247.7162628173828;0;;0.8076171875;260831;m2;201903;0;
..\..\world\kalimdor\stonetalon\passivedoodads\trees\burntstonetree08.m2;17789.494140625;340.1275939941406;11555.755859375;-20.0000057220459;15.7530517578125;8.500000953674316;;1.1416015625;258040;m2;202619;0;
..\..\world\kalimdor\felwood\passivedoodads\tree\felwoodtree04.m2;17826.642578125;393.02081298828125;11246.22265625;0;55.988037109375;0;;0.7578125;260809;m2;201903;0;
..\..\world\kalimdor\felwood\passivedoodads\tree\felwoodtree04.m2;17935.41796875;357.95660400390625;11555.7421875;0;26.90203857421875;0;;0.77734375;258205;m2;201903;0;
..\..\world\kalimdor\felwood\passivedoodads\tree\felwoodtree04.m2;17957.234375;370.5755920410156;11682.6044921875;0;29.193145751953125;0;;0.7646484375;257638;m2;201903;0;
..\..\world\kalimdor\felwood\passivedoodads\tree\felwoodtree04.m2;17625.728515625;362.2572326660156;11495.9609375;0;152.73016357421875;0;;0.7548828125;258073;m2;201903;0;
..\..\world\kalimdor\stonetalon\passivedoodads\trees\burntstonetree08.m2;17770.21875;339.7651062011719;11594.732421875;0;314.24053955078125;0;;1.2177734375;258030;m2;202619;0;
..\..\world\kalimdor\felwood\passivedoodads\tree\felwoodtree02.m2;17665.44140625;356.8825378417969;11532.306640625;0;88.9735107421875;0;;0.783203125;258074;m2;201901;0;
..\..\world\kalimdor\felwood\passivedoodads\tree\felwoodtree04.m2;18136.685546875;467.4840087890625;11717.9873046875;0;297.497314453125;0;;0.697265625;343726;m2;201903;0;
..\..\world\kalimdor\stonetalon\passivedoodads\trees\burntstonetree08.m2;18035.796875;377.8525695800781;11423.3603515625;9.5;111.93215942382812;8.000000953674316;;0.955078125;260888;m2;202619;0;
..\..\world\kalimdor\stonetalon\passivedoodads\trees\burntstonetree01.m2;17826.232421875;340.665283203125;11494.21484375;-7.999998092651367;194.5;-23.0000057220459;;0.4599609375;258054;m2;202617;0;
..\..\world\kalimdor\stonetalon\passivedoodads\trees\burntstonetree01.m2;17864.609375;343.75030517578125;11458.46484375;-16.999998092651367;14.5;-6;;0.4091796875;258048;m2;202617;0;
..\..\world\generic\passivedoodads\deadtreelogs\deadtreelog04.m2;17699.85546875;350.6556701660156;11623.1171875;-8.499995231628418;130.948486328125;-83.49999237060547;;0.7802734375;258067;m2;199655;0;
..\..\world\kalimdor\stonetalon\passivedoodads\trees\burntstonetree01.m2;17829.267578125;346.34735107421875;11619.29296875;-4.999999046325684;152.88671875;12.5;;0.408203125;258056;m2;202617;0;
..\..\world\kalimdor\felwood\passivedoodads\roots\felwoodroots05.m2;18137.552734375;387.43756103515625;11504.771484375;30.000001907348633;96.2724609375;-17.999998092651367;;0.818359375;260287;m2;201885;0;
..\..\world\kalimdor\stonetalon\passivedoodads\trees\burntstonetree01.m2;17888.443359375;379.3663635253906;11362.16796875;-1.9999995231628418;245;-4.999999523162842;;0.4091796875;260804;m2;202617;0;
..\..\world\kalimdor\stonetalon\passivedoodads\trees\burntstonetree01.m2;17870.2578125;343.04443359375;11461.384765625;-15.499998092651367;0;-19.99999237060547;;0.3798828125;258046;m2;202617;0;
..\..\world\kalimdor\felwood\passivedoodads\roots\felwoodroots04.m2;18015.978515625;373.3083801269531;11705.4716796875;8.499996185302734;31.84228515625;-39.499996185302734;;0.5859375;257029;m2;201884;0;
..\..\world\kalimdor\felwood\passivedoodads\roots\felwoodroots04.m2;17895.72265625;338.6850280761719;11740.16796875;19.5;75.1221923828125;-8.5;;0.544921875;257055;m2;201884;0;
..\..\world\generic\passivedoodads\deadtreelogs\deadtreelog01.m2;17958.876953125;366.21649169921875;11740.296875;0;80.61627197265625;0;;1.1552734375;257629;m2;199652;0;
..\..\world\kalimdor\felwood\passivedoodads\roots\felwoodroots05.m2;18023.16015625;383.8373107910156;11730.1875;12.499999046325684;105.2333984375;-5.500000953674316;;0.8681640625;257028;m2;201885;0;
..\..\world\generic\nightelf\passivedoodads\ruins\azrelfruin07.m2;17830.04296875;387.1162109375;11288.6123046875;0;290.784423828125;0;;1.0693359375;460899;m2;198814;0;
..\..\world\kalimdor\felwood\passivedoodads\roots\felwoodroots01.m2;17964.359375;385.0439453125;11366.5576171875;-4.499996662139893;251.5460968017578;-30.999998092651367;;1.509765625;260263;m2;201881;0;
..\..\world\kalimdor\felwood\passivedoodads\bush\felwoodbush02.m2;17701.80078125;364.6403503417969;11393.1328125;0;154.06597900390625;0;;2.0693359375;260928;m2;201849;0;
..\..\world\kalimdor\felwood\passivedoodads\bush\felwoodbush02.m2;17732.037109375;370.8460998535156;11324.2685546875;0;198.70477294921875;0;;1.984375;260851;m2;201849;0;
..\..\world\kalimdor\stonetalon\passivedoodads\trees\burntstonetree01.m2;17774.80859375;339.5538024902344;11577.3291015625;17;282.9176025390625;14.500001907348633;;0.328125;258042;m2;202617;0;
..\..\world\kalimdor\felwood\passivedoodads\roots\felwoodroots01.m2;17635.408203125;350.5574645996094;11679.720703125;-14.499998092651367;103.0032730102539;5.000001907348633;;1.3681640625;256979;m2;201881;0;
..\..\world\kalimdor\felwood\passivedoodads\roots\felwoodroots05.m2;18016.92578125;391.1121520996094;11340.724609375;8;299.24847412109375;-9.000000953674316;;0.810546875;260261;m2;201885;0;
..\..\world\kalimdor\felwood\passivedoodads\roots\felwoodroots01.m2;17636.787109375;349.1934814453125;11687.54296875;-32.999996185302734;260.6272888183594;-22.5;;1.2685546875;256980;m2;201881;0;
..\..\world\kalimdor\felwood\passivedoodads\roots\felwoodroots01.m2;18046.5078125;386.5793762207031;11692.66015625;4.5;198.51394653320312;10.999999046325684;;1.3564453125;257005;m2;201881;0;
..\..\world\kalimdor\felwood\passivedoodads\bush\felwoodbush02.m2;17758.638671875;346.2470703125;11668.5703125;0;204.5057373046875;0;;1.8857421875;258149;m2;201849;0;
..\..\world\kalimdor\stonetalon\passivedoodads\trees\burntstonetree01.m2;17842.189453125;344.99346923828125;11551.5341796875;-2.0000011920928955;261.9937744140625;23.999998092651367;;0.3271484375;258055;m2;202617;0;
..\..\world\kalimdor\stonetalon\passivedoodads\trees\burntstonetree01.m2;17884.423828125;351.2994689941406;11546.1650390625;3.500000238418579;261.9937744140625;3.500000238418579;;0.3271484375;258206;m2;202617;0;
..\..\world\kalimdor\felwood\passivedoodads\roots\felwoodroots05.m2;17853.544921875;342.2954406738281;11443.951171875;0;129.744140625;0;;0.896484375;258092;m2;201885;0;
..\..\world\generic\passivedoodads\deadtreelogs\deadtreelog03.m2;17730.705078125;369.9503479003906;11281.96875;-70.49999237060547;274.3600158691406;13.500004768371582;;0.89453125;260853;m2;199654;0;
..\..\world\kalimdor\stonetalon\passivedoodads\trees\burntstonetree01.m2;17856.017578125;349.212890625;11592.560546875;9.499999046325684;0;-19.5;;0.2998046875;258049;m2;202617;0;
..\..\world\kalimdor\felwood\passivedoodads\roots\felwoodroots01.m2;17853.580078125;353.6671447753906;11429.837890625;11.000000953674316;244.68197631835938;-27.499998092651367;;1.197265625;258093;m2;201881;0;
..\..\world\kalimdor\felwood\passivedoodads\roots\felwoodroots01.m2;17925.208984375;358.170654296875;11526.861328125;30.499998092651367;259.5000305175781;18;;1.1796875;258095;m2;201881;0;
..\..\world\kalimdor\felwood\passivedoodads\roots\felwoodroots01.m2;17682.15625;347.2604064941406;11455.98046875;34.999996185302734;110.20773315429688;30.000003814697266;;1.2265625;258088;m2;201881;0;
..\..\world\kalimdor\felwood\passivedoodads\roots\felwoodroots01.m2;18141.9140625;380.48822021484375;11491.595703125;10.500000953674316;234.32879638671875;-3.4999992847442627;;1.236328125;260288;m2;201881;0;
..\..\world\kalimdor\felwood\passivedoodads\roots\felwoodroots01.m2;17710.595703125;349.859619140625;11421.5634765625;-5.999998092651367;128.250244140625;-27.999998092651367;;1.1708984375;258086;m2;201881;0;
..\..\world\kalimdor\felwood\passivedoodads\roots\felwoodroots01.m2;17831.970703125;397.2225646972656;11253.11328125;-20.499996185302734;119.71148681640625;-14.5;;1.1552734375;260270;m2;201881;0;
..\..\world\generic\passivedoodads\deadtreelogs\deadtreelog02.m2;17704.24609375;375.19677734375;11238.021484375;15.000000953674316;162;-10.5;;0.779296875;260860;m2;199653;0;
..\..\world\kalimdor\stonetalon\passivedoodads\trees\burntstonetree01.m2;17816.029296875;342.8586120605469;11623.3203125;15.499998092651367;0;8.000004768371582;;0.2890625;258050;m2;202617;0;
..\..\world\kalimdor\felwood\passivedoodads\roots\felwoodroots01.m2;17860.44140625;389.187255859375;11311.0703125;24.499996185302734;226.8153839111328;28.500001907348633;;1.1708984375;260267;m2;201881;0;
..\..\world\kalimdor\felwood\passivedoodads\roots\felwoodroots01.m2;17861.830078125;341.8910217285156;11679.669921875;27.999998092651367;265.838134765625;7.500001907348633;;1.1787109375;256994;m2;201881;0;
..\..\world\kalimdor\felwood\passivedoodads\roots\felwoodroots01.m2;18094.232421875;378.61187744140625;11550.294921875;34.500003814697266;241.32858276367188;-18.000003814697266;;1.138671875;260284;m2;201881;0;
..\..\world\kalimdor\felwood\passivedoodads\roots\felwoodroots01.m2;18010.2734375;370.4330139160156;11645.8623046875;8.537736562175269e-7;27.68218994140625;54;;1.134765625;256972;m2;201881;0;
..\..\world\kalimdor\felwood\passivedoodads\roots\felwoodroots01.m2;17903.3359375;346.8967590332031;11691.0966796875;-5.999998569488525;38.113800048828125;38.999996185302734;;1.138671875;257003;m2;201881;0;
..\..\world\kalimdor\felwood\passivedoodads\bush\felwoodbush02.m2;18015.025390625;384.5299377441406;11365.287109375;0;209.78472900390625;0;;1.6650390625;260828;m2;201849;0;
..\..\world\kalimdor\felwood\passivedoodads\bush\felwoodbush02.m2;18091.6171875;377.6071472167969;11559.3544921875;0;282.7247619628906;0;;1.6591796875;260818;m2;201849;0;
..\..\world\kalimdor\felwood\passivedoodads\roots\felwoodroots01.m2;17678.3671875;356.2079772949219;11447.7685546875;-20.499998092651367;232.79641723632812;-15.500000953674316;;1.1748046875;258087;m2;201881;0;
..\..\world\kalimdor\felwood\passivedoodads\roots\felwoodroots01.m2;17785.986328125;380.6809387207031;11200.01171875;19.5;275.73828125;-15.499999046325684;;1.1376953125;260881;m2;201881;0;
..\..\world\kalimdor\felwood\passivedoodads\bush\felwoodbush02.m2;17836.908203125;342.8364562988281;11673.1171875;0;79.774169921875;0;;1.623046875;256997;m2;201849;0;
..\..\world\generic\nightelf\passivedoodads\ruins\azrelfruin08.m2;17841.767578125;391.2283630371094;11284.6123046875;0;203.28091430664062;0;;1.1591796875;460900;m2;198815;0;
..\..\world\kalimdor\felwood\passivedoodads\roots\felwoodroots01.m2;17658.017578125;352.6507873535156;11583.23046875;9.999998092651367;90.68099975585938;-14.500001907348633;;1.2236328125;256957;m2;201881;0;
..\..\world\kalimdor\felwood\passivedoodads\roots\felwoodroots04.m2;17738.66796875;344.1484069824219;11397.056640625;10;141.67709350585938;-0.500000536441803;;0.4716796875;258090;m2;201884;0;
..\..\world\kalimdor\felwood\passivedoodads\roots\felwoodroots04.m2;18035.076171875;411.8798522949219;11258.498046875;12;262.3754577636719;-0.49999865889549255;;0.4375;260276;m2;201884;0;
..\..\world\kalimdor\stonetalon\passivedoodads\trees\burntstonetree01.m2;17730.078125;340.7879943847656;11485.6650390625;3.000000476837158;0;9.00000286102295;;0.279296875;258027;m2;202617;0;
..\..\world\kalimdor\felwood\passivedoodads\bush\felwoodbush02.m2;18060.10546875;407.0461120605469;11293.826171875;0;81.00466918945312;0;;1.595703125;260984;m2;201849;0;
..\..\world\kalimdor\felwood\passivedoodads\roots\felwoodroots02.m2;18026.716796875;376.6168518066406;11609.5703125;-32.5;62.226837158203125;2;;1.2724609375;256966;m2;201882;0;
..\..\world\kalimdor\felwood\passivedoodads\roots\felwoodroots02.m2;18016.310546875;374.09912109375;11636.4716796875;-15.000000953674316;5.71990966796875;0.4999999403953552;;1.306640625;256971;m2;201882;0;
..\..\world\kalimdor\felwood\passivedoodads\roots\felwoodroots01.m2;17654.462890625;338.7972717285156;11737.095703125;-26.5;177.74127197265625;17.5;;1.08203125;257037;m2;201881;0;
..\..\world\kalimdor\felwood\passivedoodads\bush\felwoodbush02.m2;17782.2578125;342.6078796386719;11634.181640625;0;246.02438354492188;0;;1.5439453125;258192;m2;201849;0;
..\..\world\kalimdor\felwood\passivedoodads\bush\felwoodbush02.m2;17926.64453125;356.405029296875;11532.0791015625;0;184.92752075195312;0;;1.5322265625;258197;m2;201849;0;
..\..\world\kalimdor\felwood\passivedoodads\roots\felwoodroots01.m2;17686.361328125;348.25372314453125;11525.091796875;-19.999998092651367;338.089111328125;-34.000003814697266;;1.125;258082;m2;201881;0;
..\..\world\kalimdor\felwood\passivedoodads\roots\felwoodroots01.m2;17608.173828125;349.16754150390625;11726.248046875;18.499996185302734;356.98699951171875;7.999999046325684;;1.0927734375;257009;m2;201881;0;
..\..\world\kalimdor\felwood\passivedoodads\roots\felwoodroots01.m2;18054.443359375;397.5423889160156;11323.94921875;47.500003814697266;292.5;29.000003814697266;;1;260281;m2;201881;0;
..\..\world\kalimdor\felwood\passivedoodads\roots\felwoodroots01.m2;18060.580078125;395.41607666015625;11331.474609375;32.5;280.5;-36.5000114440918;;1;260282;m2;201881;0;
..\..\world\kalimdor\stonetalon\passivedoodads\trees\burntstonetree01.m2;17719.861328125;344.4559631347656;11528.14453125;11.00000286102295;0;12.000004768371582;;0.25;258052;m2;202617;0;
..\..\world\kalimdor\felwood\passivedoodads\roots\felwoodroots01.m2;17590.96875;363.5774230957031;11521.90625;17.999998092651367;173.6290283203125;35.49999237060547;;1.046875;258113;m2;201881;0;
..\..\world\kalimdor\stonetalon\passivedoodads\trees\burntstonetree01.m2;17784.658203125;339.4007873535156;11559.9248046875;-14.999999046325684;5.76800537109375;15.999998092651367;;0.2451171875;258044;m2;202617;0;
..\..\world\kalimdor\felwood\passivedoodads\roots\felwoodroots01.m2;18007.603515625;438.98907470703125;11232.31640625;23.499996185302734;97.4349365234375;-5.500000476837158;;1.01171875;260274;m2;201881;0;
..\..\world\generic\passivedoodads\deadtreelogs\deadtreelog01.m2;17716.212890625;373.09906005859375;11222.5478515625;-45.99998474121094;39;-57.499996185302734;;0.69921875;260861;m2;199652;0;
..\..\world\kalimdor\felwood\passivedoodads\bush\felwoodbush02.m2;17998.17578125;368.2613830566406;11640.7998046875;0;150.42877197265625;0;;1.45703125;257653;m2;201849;0;
..\..\world\kalimdor\felwood\passivedoodads\bush\felwoodbush02.m2;18006.541015625;365.2891845703125;11588.021484375;0;305.98956298828125;0;;1.455078125;261000;m2;201849;0;
..\..\world\kalimdor\felwood\passivedoodads\roots\felwoodroots01.m2;17975.892578125;372.60400390625;11541.4248046875;-11;70;17.5;;1;258099;m2;201881;0;
..\..\world\kalimdor\felwood\passivedoodads\roots\felwoodroots01.m2;18016.6640625;389.5641174316406;11356.00390625;22.500003814697266;73.17587280273438;16.000001907348633;;0.98046875;260260;m2;201881;0;
..\..\world\kalimdor\felwood\passivedoodads\roots\felwoodroots01.m2;17659.876953125;355.9700622558594;11589.9091796875;-49.00000762939453;315.20294189453125;-106.50005340576172;;1.0263671875;256958;m2;201881;0;
..\..\world\kalimdor\felwood\passivedoodads\roots\felwoodroots02.m2;17664.880859375;333.0983581542969;11741.0234375;-13.5;159.05938720703125;25;;1.1376953125;257038;m2;201882;0;
..\..\world\kalimdor\felwood\passivedoodads\bush\felwoodbush02.m2;17754.75;347.44696044921875;11729.296875;0;97.59454345703125;0;;1.4111328125;257012;m2;201849;0;
..\..\world\kalimdor\felwood\passivedoodads\roots\felwoodroots02.m2;17913.759765625;349.84210205078125;11717.541015625;25;194.43450927734375;-57.499996185302734;;1.2392578125;257026;m2;201882;0;
..\..\world\kalimdor\felwood\passivedoodads\bush\felwoodbush02.m2;17599.298828125;362.72308349609375;11516.7890625;0;54.977264404296875;0;;1.4033203125;258080;m2;201849;0;
..\..\world\kalimdor\felwood\passivedoodads\bush\felwoodbush02.m2;17635.67578125;364.4403381347656;11411.5400390625;0;3.8453369140625;0;;1.380859375;258143;m2;201849;0;
..\..\world\kalimdor\felwood\passivedoodads\roots\felwoodroots01.m2;18063.96875;408.39813232421875;11300.21875;11.49999713897705;215.514404296875;-10.499999046325684;;1.0283203125;260278;m2;201881;0;
..\..\world\kalimdor\felwood\passivedoodads\roots\felwoodroots02.m2;17977.49609375;393.8016052246094;11360.83203125;-44.999996185302734;213.66778564453125;1.4999971389770508;;1.1630859375;260262;m2;201882;0;
..\..\world\kalimdor\felwood\passivedoodads\bush\felwoodbush02.m2;17896.9921875;358.7185974121094;11584.52734375;0;346.09063720703125;0;;1.3642578125;258207;m2;201849;0;
..\..\world\kalimdor\felwood\passivedoodads\roots\felwoodroots01.m2;17882.126953125;388.0704040527344;11338.6201171875;-1.4999995231628418;12.924835205078125;-25.00000762939453;;1.00390625;260265;m2;201881;0;
..\..\world\kalimdor\felwood\passivedoodads\roots\felwoodroots05.m2;18007.513671875;426.09307861328125;11272.716796875;-7.500000953674316;190.89080810546875;-54.000003814697266;;0.56640625;260273;m2;201885;0;
..\..\world\kalimdor\felwood\passivedoodads\roots\felwoodroots02.m2;18031.326171875;382.4640808105469;11713.25;-12;263.72418212890625;17.999998092651367;;1.1650390625;257030;m2;201882;0;
..\..\world\kalimdor\felwood\passivedoodads\roots\felwoodroots01.m2;17764.751953125;375.4098205566406;11318.65234375;-17.500001907348633;26.03155517578125;-72.50000762939453;;0.9326171875;260876;m2;201881;0;
..\..\world\kalimdor\felwood\passivedoodads\bush\felwoodbush02.m2;17700.83984375;351.7374572753906;11579.529296875;0;17.85333251953125;0;;1.3408203125;258159;m2;201849;0;
..\..\world\kalimdor\felwood\passivedoodads\roots\felwoodroots01.m2;17846.015625;409.0368347167969;11254.21484375;12.999998092651367;328.2889404296875;15.999996185302734;;0.994140625;260268;m2;201881;0;
..\..\world\kalimdor\felwood\passivedoodads\bush\felwoodbush02.m2;17717.357421875;328.4007873535156;11739.193359375;0;31.20208740234375;0;;1.330078125;257045;m2;201849;0;
..\..\world\kalimdor\felwood\passivedoodads\bush\felwoodbush02.m2;17861.751953125;351.3009948730469;11673.3984375;0;253.55023193359375;0;;1.3251953125;256995;m2;201849;0;
..\..\world\kalimdor\felwood\passivedoodads\roots\felwoodroots01.m2;17942.89453125;371.1026306152344;11520.431640625;-9.500000953674316;164.5;-29;;1;258098;m2;201881;0;
..\..\world\kalimdor\stonetalon\passivedoodads\trees\burntstonetree01.m2;17838.1796875;371.2955322265625;11406.068359375;-9.999998092651367;111.76732635498047;12.999999046325684;;0.2197265625;260885;m2;202617;0;
..\..\world\kalimdor\felwood\passivedoodads\roots\felwoodroots01.m2;17746.478515625;376.096923828125;11329.6279296875;0;338.33050537109375;0;;0.9833984375;260872;m2;201881;0;
..\..\world\kalimdor\felwood\passivedoodads\roots\felwoodroots01.m2;18111.099609375;393.31219482421875;11368.27734375;-30.000001907348633;201.146484375;44.500003814697266;;0.931640625;260291;m2;201881;0;
..\..\world\kalimdor\felwood\passivedoodads\bush\felwoodbush02.m2;17759.986328125;351.4549865722656;11401.86328125;0;189.79461669921875;0;;1.29296875;258146;m2;201849;0;
..\..\world\kalimdor\felwood\passivedoodads\roots\felwoodroots05.m2;17754.228515625;349.21966552734375;11399.166015625;1.499998927116394;159.53875732421875;22.500001907348633;;0.5498046875;258089;m2;201885;0;
..\..\world\kalimdor\stonetalon\passivedoodads\trees\burntstonetree01.m2;17863.38671875;344.4493713378906;11457.34375;-21.500001907348633;0.5;-0.5;;0.2197265625;258047;m2;202617;0;
..\..\world\kalimdor\stonetalon\passivedoodads\trees\burntstonetree01.m2;17888.84375;379.2985534667969;11364.4140625;-21.499998092651367;231.00001525878906;-0.5000050663948059;;0.2197265625;260805;m2;202617;0;
..\..\world\kalimdor\stonetalon\passivedoodads\trees\burntstonetree01.m2;18026.373046875;375.3025207519531;11414.26953125;-13.000001907348633;9.34796142578125;2;;0.2197265625;260893;m2;202617;0;
..\..\world\kalimdor\felwood\passivedoodads\roots\felwoodroots01.m2;18094.865234375;412.83905029296875;11330.3310546875;7.999999046325684;8.916412353515625;18.4999942779541;;0.939453125;260279;m2;201881;0;
..\..\world\kalimdor\felwood\passivedoodads\roots\felwoodroots02.m2;17598.314453125;363.71380615234375;11512.21484375;13.999998092651367;10.3896484375;-42;;1.0869140625;258115;m2;201882;0;
..\..\world\kalimdor\stonetalon\passivedoodads\trees\burntstonetree01.m2;17721.65625;345.1254577636719;11528.978515625;17.499996185302734;2;13.50000286102295;;0.2099609375;258053;m2;202617;0;
..\..\world\kalimdor\felwood\passivedoodads\roots\felwoodroots02.m2;17892.755859375;343.79547119140625;11691.25390625;13.999999046325684;22.5362548828125;19.500001907348633;;1.009765625;257001;m2;201882;0;
..\..\world\kalimdor\felwood\passivedoodads\roots\felwoodroots01.m2;18107.10546875;386.3533020019531;11375.33984375;14.499998092651367;32.663330078125;4.500001430511475;;0.8623046875;260293;m2;201881;0;
..\..\world\kalimdor\felwood\passivedoodads\bush\felwoodbush02.m2;17789.939453125;342.74847412109375;11719.69921875;0;10.964691162109375;0;;1.2568359375;257017;m2;201849;0;
..\..\world\kalimdor\felwood\passivedoodads\roots\felwoodroots01.m2;17739.62109375;371.4421081542969;11328.1591796875;-49.49999237060547;140.09576416015625;-12.999995231628418;;0.865234375;260873;m2;201881;0;
..\..\world\kalimdor\felwood\passivedoodads\bush\felwoodbush02.m2;18054.42578125;375.4858703613281;11572.98828125;0;230.01678466796875;0;;1.2490234375;260820;m2;201849;0;
..\..\world\kalimdor\stonetalon\passivedoodads\trees\burntstonetree01.m2;18025.3671875;376.0672912597656;11481.67578125;26.5;46.57244873046875;14.500004768371582;;0.2080078125;260890;m2;202617;0;
..\..\world\kalimdor\felwood\passivedoodads\roots\felwoodroots02.m2;17969.4609375;362.98944091796875;11555.314453125;-5.499998569488525;61.5;26;;1;258101;m2;201882;0;
..\..\world\generic\passivedoodads\deadtreelogs\deadtreelog02.m2;17672.779296875;351.67999267578125;11646.0341796875;-26.500001907348633;312.729736328125;-13.000001907348633;;0.6357421875;258068;m2;199653;0;
..\..\world\kalimdor\felwood\passivedoodads\bush\felwoodbush02.m2;17636.568359375;358.0718688964844;11566.771484375;0;149.73724365234375;0;;1.224609375;256961;m2;201849;0;
..\..\world\kalimdor\felwood\passivedoodads\bush\felwoodbush02.m2;17740.490234375;349.277099609375;11659.65234375;0;171.3919677734375;0;;1.2216796875;258150;m2;201849;0;
..\..\world\generic\passivedoodads\deadtreelogs\deadtreelog01.m2;17671.89453125;352.7550354003906;11644.185546875;17;282.6327209472656;31.499996185302734;;0.541015625;258069;m2;199652;0;
..\..\world\kalimdor\felwood\passivedoodads\roots\felwoodroots02.m2;17878.93359375;390.7550354003906;11328.8046875;-1.9999995231628418;75.501953125;0.5000001788139343;;1.060546875;260266;m2;201882;0;
..\..\world\kalimdor\felwood\passivedoodads\bush\felwoodbush02.m2;17658.90234375;353.99609375;11613.162109375;0;37.78314208984375;0;;1.212890625;256964;m2;201849;0;
..\..\world\kalimdor\felwood\passivedoodads\bush\felwoodbush02.m2;17649.580078125;364.6390686035156;11391.0390625;0;61.65716552734375;0;;1.20703125;258144;m2;201849;0;
..\..\world\kalimdor\felwood\passivedoodads\bush\felwoodbush02.m2;17639.7109375;351.2691955566406;11696.341796875;0;127.97265625;0;;1.205078125;256982;m2;201849;0;
..\..\world\kalimdor\felwood\passivedoodads\roots\felwoodroots01.m2;17915.95703125;349.7318420410156;11721.9375;-16.499998092651367;1.21673583984375;21.9999942779541;;0.861328125;257025;m2;201881;0;
..\..\world\generic\passivedoodads\deadtreelogs\deadtreelog02.m2;17811.986328125;340.8659362792969;11493.443359375;9.000006675720215;290.5;16.000001907348633;;0.5390625;258230;m2;199653;0;
..\..\world\kalimdor\felwood\passivedoodads\bush\felwoodbush02.m2;17780.1171875;346.0382385253906;11694.259765625;0;237.50967407226562;0;;1.2021484375;256987;m2;201849;0;
..\..\world\kalimdor\felwood\passivedoodads\roots\felwoodroots01.m2;17680.564453125;353.9330139160156;11488.3935546875;17.0000057220459;104.35529327392578;-44.5;;0.888671875;258083;m2;201881;0;
..\..\world\kalimdor\felwood\passivedoodads\bush\felwoodbush02.m2;17731.466796875;371.2746887207031;11276.935546875;0;60.2508544921875;0;;1.1826171875;260854;m2;201849;0;
..\..\world\kalimdor\felwood\passivedoodads\roots\felwoodroots02.m2;17743.751953125;356.49530029296875;11384.0947265625;-16;257.4686584472656;-37.50000762939453;;1;258091;m2;201882;0;
..\..\world\kalimdor\felwood\passivedoodads\bush\felwoodbush02.m2;17798.564453125;341.1697692871094;11700.43359375;0;303.44061279296875;0;;1.150390625;257019;m2;201849;0;
..\..\world\kalimdor\felwood\passivedoodads\bush\felwoodbush02.m2;17631.53515625;362.2489929199219;11499.748046875;0;50.41778564453125;0;;1.142578125;258079;m2;201849;0;
..\..\world\kalimdor\felwood\passivedoodads\roots\felwoodroots01.m2;17692.162109375;346.3692932128906;11521.837890625;-9.999999046325684;11.95172119140625;-75;;0.8173828125;258084;m2;201881;0;
..\..\world\kalimdor\felwood\passivedoodads\roots\felwoodroots01.m2;18102.626953125;386.3312072753906;11544;6.5;165.35687255859375;-14;;0.8056640625;260285;m2;201881;0;
..\..\world\kalimdor\felwood\passivedoodads\bush\felwoodbush02.m2;17701.541015625;365.8847961425781;11389.326171875;0;206.59320068359375;0;;1.115234375;260929;m2;201849;0;
..\..\world\kalimdor\felwood\passivedoodads\roots\felwoodroots02.m2;17592.572265625;366.46844482421875;11527.4091796875;-14.000001907348633;339.90777587890625;-42.000003814697266;;0.953125;258114;m2;201882;0;
..\..\world\kalimdor\felwood\passivedoodads\bush\felwoodbush02.m2;17843.603515625;387.33062744140625;11316.978515625;0;85.21255493164062;0;;1.111328125;260798;m2;201849;0;
..\..\world\kalimdor\felwood\passivedoodads\bush\felwoodbush02.m2;17729.07421875;370.6869201660156;11324.8359375;0;12.2501220703125;0;;1.1064453125;260852;m2;201849;0;
..\..\world\kalimdor\felwood\passivedoodads\bush\felwoodbush02.m2;17931.947265625;357.2798156738281;11547.171875;0;155.6590576171875;0;;1.1025390625;258198;m2;201849;0;
..\..\world\kalimdor\stonetalon\passivedoodads\trees\burntstonetree01.m2;18039.455078125;377.6063537597656;11425.7421875;-2.499999761581421;6.91082763671875;-26.999996185302734;;0.193359375;260891;m2;202617;0;
..\..\world\kalimdor\felwood\passivedoodads\bush\felwoodbush02.m2;18060.521484375;386.2421569824219;11350.57421875;0;304.033935546875;0;;1.0966796875;260821;m2;201849;0;
..\..\world\kalimdor\felwood\passivedoodads\bush\felwoodbush02.m2;18134.08203125;379.4681701660156;11479.35546875;0;322.7222595214844;0;;1.09375;260838;m2;201849;0;
..\..\world\kalimdor\felwood\passivedoodads\bush\felwoodbush02.m2;17948.583984375;375.3692932128906;11667.240234375;0;340.9161376953125;0;;1.091796875;257651;m2;201849;0;
..\..\world\kalimdor\felwood\passivedoodads\bush\felwoodbush02.m2;17834.2734375;343.2430725097656;11672.74609375;0;60.234283447265625;0;;1.091796875;256996;m2;201849;0;
..\..\world\kalimdor\felwood\passivedoodads\bush\felwoodbush02.m2;17975.30078125;364.43560791015625;11614.373046875;0;182.26873779296875;0;;1.0859375;257673;m2;201849;0;
..\..\world\kalimdor\felwood\passivedoodads\bush\felwoodbush02.m2;17661.31640625;359.8248596191406;11503.3203125;0;342.99267578125;0;;1.0810546875;258077;m2;201849;0;
..\..\world\kalimdor\stonetalon\passivedoodads\trees\burntstonetree01.m2;17770.515625;340.1734313964844;11577.5185546875;-2.5;161.62481689453125;-8.5;;0.189453125;258041;m2;202617;0;
..\..\world\kalimdor\felwood\passivedoodads\bush\felwoodbush02.m2;18013.919921875;374.8744201660156;11680.591796875;0;159.130859375;0;;1.078125;257655;m2;201849;0;
..\..\world\kalimdor\stonetalon\passivedoodads\trees\burntstonetree01.m2;17755.5546875;341.5983581542969;11480.890625;-8.999999046325684;25.011474609375;-14.99999713897705;;0.1806640625;258045;m2;202617;0;
..\..\world\kalimdor\felwood\passivedoodads\bush\felwoodbush02.m2;17632.1640625;364.6188049316406;11412.888671875;0;335.73046875;0;;1.068359375;258142;m2;201849;0;
..\..\world\kalimdor\felwood\passivedoodads\bush\felwoodbush02.m2;18107.408203125;380.0434265136719;11409.1513671875;0;105.19732666015625;0;;1.0625;260835;m2;201849;0;
..\..\world\kalimdor\felwood\passivedoodads\bush\felwoodbush02.m2;17822.984375;393.94512939453125;11242.9560546875;0;309.61517333984375;0;;1.0498046875;260865;m2;201849;0;
..\..\world\kalimdor\felwood\passivedoodads\roots\felwoodroots02.m2;17663.544921875;355.2718811035156;11579.6669921875;22.500001907348633;66.454345703125;-40.49999237060547;;0.869140625;256959;m2;201882;0;
..\..\world\kalimdor\felwood\passivedoodads\roots\felwoodroots02.m2;17844.474609375;411.0160827636719;11258.2607421875;54.5;316.0705871582031;-44.500003814697266;;0.8291015625;260269;m2;201882;0;
..\..\world\kalimdor\felwood\passivedoodads\bush\felwoodbush02.m2;17701.859375;370.0103454589844;11317.943359375;0;322.10699462890625;0;;1.0283203125;260862;m2;201849;0;
..\..\world\kalimdor\felwood\passivedoodads\bush\felwoodbush02.m2;17961.28515625;370.3386535644531;11684.7265625;0;47.693115234375;0;;1.0263671875;257650;m2;201849;0;
..\..\world\kalimdor\felwood\passivedoodads\roots\felwoodroots01.m2;17641.49609375;354.28533935546875;11624.59375;0;315.74505615234375;0;;0.8125;256962;m2;201881;0;
..\..\world\kalimdor\felwood\passivedoodads\bush\felwoodbush02.m2;17710.7734375;351.9625549316406;11690.4072265625;0;232.97222900390625;0;;1.0224609375;256984;m2;201849;0;
..\..\world\kalimdor\felwood\passivedoodads\bush\felwoodbush02.m2;17783.669921875;346.2761535644531;11725.8232421875;0;150.23162841796875;0;;1.0224609375;257016;m2;201849;0;
..\..\world\kalimdor\felwood\passivedoodads\bush\felwoodbush02.m2;18109.482421875;377.9277648925781;11428.4560546875;0;5.196685791015625;0;;1.0126953125;261032;m2;201849;0;
..\..\world\kalimdor\felwood\passivedoodads\bush\felwoodbush02.m2;17620.65625;361.943359375;11581.5498046875;0;82.8555908203125;0;;1.009765625;256956;m2;201849;0;
..\..\world\kalimdor\stonetalon\passivedoodads\trees\burntstonetree01.m2;17733.119140625;340.9693603515625;11485.9921875;0;313;8.500001907348633;;0.1796875;258028;m2;202617;0;
..\..\world\kalimdor\felwood\passivedoodads\bush\felwoodbush02.m2;17931.705078125;357.6457214355469;11549.2978515625;0;192.63592529296875;0;;0.9951171875;258199;m2;201849;0;
..\..\world\kalimdor\felwood\passivedoodads\bush\felwoodbush02.m2;17771.673828125;375.3514099121094;11313.115234375;0;215.83299255371094;0;;0.9697265625;260850;m2;201849;0;
..\..\world\kalimdor\felwood\passivedoodads\bush\felwoodbush02.m2;17699.255859375;352.2662353515625;11600.123046875;0;71.35836791992188;0;;0.9638671875;258157;m2;201849;0;
..\..\world\kalimdor\felwood\passivedoodads\bush\felwoodbush02.m2;17673.93359375;373.2789306640625;11319.91015625;0;135.5205078125;0;;0.955078125;260863;m2;201849;0;
..\..\world\kalimdor\stonetalon\passivedoodads\trees\burntstonetree01.m2;17773.66015625;340.1703796386719;11598.453125;-13.499998092651367;121.28176879882812;4.5;;0.1630859375;258043;m2;202617;0;
..\..\world\kalimdor\felwood\passivedoodads\bush\felwoodbush02.m2;17699.455078125;378.6894836425781;11227.13671875;0;216.16259765625;0;;0.943359375;260904;m2;201849;0;
..\..\world\kalimdor\felwood\passivedoodads\bush\felwoodbush02.m2;17804.033203125;389.35394287109375;11210.00390625;0;261.82318115234375;0;;0.94140625;260868;m2;201849;0;
..\..\world\kalimdor\felwood\passivedoodads\bush\felwoodbush02.m2;17698.03125;352.2889099121094;11580.43359375;0;340.5316162109375;0;;0.9384765625;258158;m2;201849;0;
..\..\world\kalimdor\felwood\passivedoodads\bush\felwoodbush02.m2;17752.42578125;347.5924987792969;11727.4921875;0;263.14154052734375;0;;0.9375;257013;m2;201849;0;
..\..\world\kalimdor\felwood\passivedoodads\bush\felwoodbush02.m2;17949.76953125;373.91851806640625;11664.765625;0;309.60418701171875;0;;0.9365234375;257652;m2;201849;0;
..\..\world\kalimdor\felwood\passivedoodads\bush\felwoodbush02.m2;17761.041015625;351.3437805175781;11404.1796875;0;336.49951171875;0;;0.9365234375;258147;m2;201849;0;
..\..\world\kalimdor\felwood\passivedoodads\bush\felwoodbush02.m2;17972.044921875;379.3963317871094;11386.712890625;0;121.80914306640625;0;;0.923828125;260830;m2;201849;0;
..\..\world\kalimdor\felwood\passivedoodads\bush\felwoodbush02.m2;18130.39453125;378.56402587890625;11413.681640625;0;158.02117919921875;0;;0.9208984375;260836;m2;201849;0;
..\..\world\kalimdor\felwood\passivedoodads\bush\felwoodbush02.m2;18018.62109375;406.1748352050781;11310.2529296875;0;129.10427856445312;0;;0.9150390625;260977;m2;201849;0;
..\..\world\kalimdor\felwood\passivedoodads\bush\felwoodbush02.m2;18003.568359375;365.1527404785156;11587.6650390625;0;23.511474609375;0;;0.9150390625;260999;m2;201849;0;
..\..\world\kalimdor\felwood\passivedoodads\bush\felwoodbush02.m2;17700.25390625;351.5926818847656;11661.4873046875;0;23.41839599609375;0;;0.90625;256970;m2;201849;0;
..\..\world\kalimdor\felwood\passivedoodads\bush\felwoodbush02.m2;17638.9140625;357.7733459472656;11565.23046875;0;5.053863525390625;0;;0.90625;256954;m2;201849;0;
..\..\world\kalimdor\felwood\passivedoodads\roots\felwoodroots05.m2;18025.31640625;416.9293518066406;11264.4228515625;0;224.74765014648438;0;;0.4462890625;260277;m2;201885;0;
..\..\world\kalimdor\felwood\passivedoodads\bush\felwoodbush02.m2;18056.4609375;406.1441955566406;11295.365234375;0;253.1436767578125;0;;0.8935546875;260985;m2;201849;0;
..\..\world\kalimdor\felwood\passivedoodads\bush\felwoodbush02.m2;18014.970703125;383.1247863769531;11368.58984375;0;82.76254272460938;0;;0.890625;260829;m2;201849;0;
..\..\world\kalimdor\felwood\passivedoodads\bush\felwoodbush02.m2;17608.2421875;367.96826171875;11408.15234375;0;170.02960205078125;0;;0.888671875;258145;m2;201849;0;
..\..\world\kalimdor\felwood\passivedoodads\bush\felwoodbush02.m2;17671.552734375;357.43365478515625;11533.6904296875;0;158.44964599609375;0;;0.888671875;258076;m2;201849;0;
..\..\world\kalimdor\felwood\passivedoodads\bush\felwoodbush02.m2;17742.478515625;348.1049499511719;11661.9716796875;0;8.778564453125;0;;0.8876953125;258151;m2;201849;0;
..\..\world\kalimdor\felwood\passivedoodads\bush\felwoodbush02.m2;17898.001953125;358.4247131347656;11581.30859375;0;145.24368286132812;0;;0.880859375;258208;m2;201849;0;
..\..\world\kalimdor\felwood\passivedoodads\bush\felwoodbush02.m2;17661.33984375;359.76983642578125;11505.771484375;0;255.95626831054688;0;;0.8798828125;258078;m2;201849;0;
..\..\world\kalimdor\felwood\passivedoodads\bush\felwoodbush02.m2;17969.697265625;363.5685119628906;11603.443359375;0;78.11517333984375;0;;0.873046875;257674;m2;201849;0;
..\..\world\kalimdor\felwood\passivedoodads\roots\felwoodroots02.m2;17916.634765625;356.6503601074219;11529.0810546875;-11.500001907348633;266;-24.999998092651367;;0.7294921875;258096;m2;201882;0;
..\..\world\kalimdor\felwood\passivedoodads\bush\felwoodbush02.m2;18019.91015625;418.2872314453125;11269.927734375;0;285.66424560546875;0;;0.8466796875;260991;m2;201849;0;
..\..\world\kalimdor\felwood\passivedoodads\bush\felwoodbush02.m2;17600.703125;362.50592041015625;11518.5546875;0;355.7261962890625;0;;0.845703125;258081;m2;201849;0;
..\..\world\kalimdor\felwood\passivedoodads\roots\felwoodroots03.m2;17718.1953125;329.24847412109375;11734.734375;12.999998092651367;245.45947265625;-4.999998569488525;;1.6982421875;257042;m2;201883;0;
..\..\world\kalimdor\felwood\passivedoodads\bush\felwoodbush02.m2;17794.05859375;341.2817687988281;11732.916015625;0;201.31964111328125;0;;0.8359375;257018;m2;201849;0;
..\..\world\kalimdor\felwood\passivedoodads\bush\felwoodbush02.m2;17841.890625;386.4895935058594;11318.7216796875;0;286.9716796875;0;;0.8349609375;260799;m2;201849;0;
..\..\world\kalimdor\felwood\passivedoodads\bush\felwoodbush02.m2;17708.03125;351.6526794433594;11691.39453125;0;325.0733947753906;0;;0.8310546875;256985;m2;201849;0;
..\..\world\kalimdor\felwood\passivedoodads\bush\felwoodbush02.m2;17783.798828125;342.5653381347656;11636.69921875;0;59.3280029296875;0;;0.8291015625;258193;m2;201849;0;
..\..\world\kalimdor\felwood\passivedoodads\bush\felwoodbush02.m2;17878.701171875;357.21728515625;11595.4853515625;0;147.8365478515625;0;;0.826171875;260790;m2;201849;0;
..\..\world\kalimdor\felwood\passivedoodads\bush\felwoodbush02.m2;18108.15625;379.4837951660156;11412.37109375;0;250.07839965820312;0;;0.818359375;260834;m2;201849;0;
..\..\world\kalimdor\felwood\passivedoodads\roots\felwoodroots02.m2;17778.912109375;381.2226257324219;11204.693359375;25.5000057220459;321.697265625;-1.5000016689300537;;0.677734375;260883;m2;201882;0;
..\..\world\kalimdor\felwood\passivedoodads\bush\felwoodbush02.m2;17785.02734375;345.5765686035156;11694.4404296875;0;188.7178955078125;0;;0.8134765625;256986;m2;201849;0;
..\..\world\kalimdor\felwood\passivedoodads\bush\felwoodbush02.m2;17771.115234375;345.5866394042969;11417.42578125;0;10.17364501953125;0;;0.8046875;258148;m2;201849;0;
..\..\world\kalimdor\felwood\passivedoodads\bush\felwoodbush02.m2;18014.486328125;374.6644592285156;11678.060546875;0;166.11834716796875;0;;0.7861328125;257654;m2;201849;0;
..\..\world\kalimdor\felwood\passivedoodads\bush\felwoodbush02.m2;18061.216796875;386.17486572265625;11353.7890625;0;316.4927978515625;0;;0.7841796875;260822;m2;201849;0;
..\..\world\kalimdor\stonetalon\passivedoodads\trees\burntstonetree01.m2;17837.93359375;370.9300842285156;11407.6015625;-19.999988555908203;106.59259033203125;21.499996185302734;;0.1298828125;260886;m2;202617;0;
..\..\world\kalimdor\felwood\passivedoodads\bush\felwoodbush02.m2;18090.970703125;377.4884033203125;11562.662109375;0;5.29559326171875;0;;0.7734375;260819;m2;201849;0;
..\..\world\kalimdor\felwood\passivedoodads\bush\felwoodbush02.m2;17622.013671875;357.9766540527344;11669.240234375;0;50.27496337890625;0;;0.771484375;256978;m2;201849;0;
..\..\world\kalimdor\felwood\passivedoodads\bush\felwoodbush02.m2;17598.16796875;363.3140563964844;11554.064453125;0;306;0;;0.75;258129;m2;201849;0;
..\..\world\kalimdor\felwood\passivedoodads\roots\felwoodroots03.m2;17612.408203125;346.83868408203125;11735.244140625;19.5;70.1181640625;22.500003814697266;;1.34375;257035;m2;201883;0;
..\..\world\kalimdor\felwood\passivedoodads\roots\felwoodroots02.m2;17746.263671875;375.9920959472656;11339.1103515625;0;319.017578125;0;;0.6708984375;260874;m2;201882;0;
..\..\world\kalimdor\felwood\passivedoodads\bush\felwoodbush02.m2;18035.95703125;424.9666442871094;11246.82421875;0;175.819580078125;0;;0.7109375;260979;m2;201849;0;
..\..\world\kalimdor\felwood\passivedoodads\roots\felwoodroots03.m2;17929.650390625;356.8326721191406;11533.97265625;32.999996185302734;331.5;10;;1.259765625;258097;m2;201883;0;
..\..\world\kalimdor\felwood\passivedoodads\roots\felwoodroots03.m2;18038.197265625;387.8595275878906;11685.0947265625;29.4999942779541;264.83447265625;11.499998092651367;;1.240234375;257006;m2;201883;0;
..\..\world\kalimdor\felwood\passivedoodads\roots\felwoodroots02.m2;18106.78125;398.88116455078125;11364.248046875;-14.999999046325684;233.42813110351562;-7.500001907348633;;0.5849609375;260292;m2;201882;0;
..\..\world\kalimdor\felwood\passivedoodads\roots\felwoodroots03.m2;17842.923828125;350.5003356933594;11433.515625;28.999996185302734;323.182373046875;16.499998092651367;;1.1943359375;258094;m2;201883;0;
..\..\world\kalimdor\felwood\passivedoodads\roots\felwoodroots02.m2;18097.224609375;415.39202880859375;11335.12109375;8.499998092651367;8.5;18.5;;0.5693359375;260280;m2;201882;0;
..\..\world\kalimdor\felwood\passivedoodads\roots\felwoodroots03.m2;17736.201171875;372.4253234863281;11335.7841796875;18.999996185302734;10.96356201171875;48;;1.23828125;260875;m2;201883;0;
..\..\world\kalimdor\felwood\passivedoodads\roots\felwoodroots03.m2;17951.587890625;384.13934326171875;11367.7822265625;33.4999885559082;271.50787353515625;-11.999996185302734;;1.185546875;260264;m2;201883;0;
..\..\world\kalimdor\felwood\passivedoodads\roots\felwoodroots03.m2;17911.580078125;351.5047302246094;11696.630859375;-22.500001907348633;86.27438354492188;14.00000286102295;;1.205078125;257004;m2;201883;0;
..\..\world\kalimdor\felwood\passivedoodads\roots\felwoodroots03.m2;17654.0546875;355.2230529785156;11616.138671875;25.499998092651367;32.862548828125;-13.500001907348633;;1.17578125;256963;m2;201883;0;
..\..\world\kalimdor\felwood\passivedoodads\roots\felwoodroots03.m2;17792.646484375;385.8973693847656;11205.115234375;43.49999237060547;303.517578125;-4.5;;1.1328125;260882;m2;201883;0;
..\..\world\generic\undead\passivedoodads\undercityslimebubbles\undercityslimebubbles01.m2;17822.50390625;341.8596496582031;11720.24609375;0;222.35906982421875;0;;1.2490234375;260053;m2;200801;0;
..\..\world\kalimdor\felwood\passivedoodads\bush\felwoodbush02.m2;17676.330078125;373.4756164550781;11322.314453125;0;299.8480224609375;0;;0.625;260864;m2;201849;0;
..\..\world\kalimdor\felwood\passivedoodads\roots\felwoodroots03.m2;18058.951171875;402.5962219238281;11324.197265625;28.999996185302734;316.5;31.5000057220459;;1.0791015625;260283;m2;201883;0;
..\..\world\kalimdor\felwood\passivedoodads\roots\felwoodroots03.m2;17649.447265625;352.12335205078125;11687.58984375;11.499998092651367;123.7049331665039;9;;1.2060546875;256981;m2;201883;0;
..\..\world\kalimdor\felwood\passivedoodads\roots\felwoodroots03.m2;17847.541015625;416.1496276855469;11250.51171875;-28;51.11688232421875;25;;1.0546875;260271;m2;201883;0;
..\..\world\kalimdor\felwood\passivedoodads\roots\felwoodroots03.m2;17769.0078125;374.1241760253906;11323.1953125;48.000003814697266;352.5601806640625;-13.000000953674316;;1.08984375;260877;m2;201883;0;
..\..\world\kalimdor\felwood\passivedoodads\roots\felwoodroots03.m2;18015.9609375;374.0361328125;11653.9765625;-8.499998092651367;46.97503662109375;18.499996185302734;;1.1357421875;256973;m2;201883;0;
..\..\world\kalimdor\stonetalon\passivedoodads\trees\burntstonetree01.m2;18036.974609375;378.4104919433594;11427.375;-14.5;307.7747802734375;-23.999998092651367;;0.099609375;260892;m2;202617;0;
..\..\world\generic\passivedoodads\deadtreelogs\deadtreelog03.m2;17798.8515625;340.9359436035156;11498.189453125;-27.4999942779541;4;62.5;;0.3291015625;258231;m2;199654;0;
..\..\world\azeroth\burningsteppes\passivedoodads\rocks\burningsteppesboulders04.m2;17717.923828125;344.82220458984375;11557.1875;-25.9999942779541;102.49996948242188;-7.999996662139893;;2.119140625;260213;m2;189215;0;
..\..\world\azeroth\burningsteppes\passivedoodads\rocks\burningsteppesboulders04.m2;17827.03515625;345.59002685546875;11439.41796875;-27.999998092651367;60.4925537109375;21;;2;260201;m2;189215;0;
..\..\world\generic\undead\passivedoodads\undercityslimebubbles\undercityslimebubbles01.m2;17854.955078125;338.2377624511719;11476.888671875;0;118.46917724609375;0;;1.203125;274390;m2;200801;0;
..\..\world\kalimdor\felwood\passivedoodads\roots\felwoodroots03.m2;17696.4140625;345.9903869628906;11528.3125;22.999996185302734;29.932525634765625;-4.500001430511475;;1.109375;258085;m2;201883;0;
..\..\world\kalimdor\felwood\passivedoodads\roots\felwoodroots03.m2;17969.845703125;365.4625549316406;11552.279296875;-27.5;139.5;32.999996185302734;;1;258102;m2;201883;0;
..\..\world\kalimdor\felwood\passivedoodads\roots\felwoodroots03.m2;18015.765625;437.9259948730469;11228.0166015625;30.999996185302734;104.32192993164062;11.499996185302734;;1.0185546875;260275;m2;201883;0;
..\..\world\generic\undead\passivedoodads\undercityslimebubbles\undercityslimebubbles01.m2;17848.671875;338.2477722167969;11480.2109375;0;63.843505859375;0;;1.1513671875;274391;m2;200801;0;
..\..\world\kalimdor\felwood\passivedoodads\roots\felwoodroots03.m2;17983.966796875;376.048828125;11540.423828125;21.9999942779541;102.5;12.499996185302734;;1;258100;m2;201883;0;
..\..\world\azeroth\burningsteppes\passivedoodads\rocks\burningsteppesboulders04.m2;17703.8984375;342.97320556640625;11501.3310546875;32.999996185302734;359.5;-71.49999237060547;;2.029296875;260211;m2;189215;0;
..\..\world\azeroth\burningsteppes\passivedoodads\rocks\burningsteppesboulders04.m2;17854.376953125;347.3995666503906;11587.296875;26.499996185302734;244.04678344726562;-7.999996662139893;;1.8798828125;260221;m2;189215;0;
..\..\world\generic\undead\passivedoodads\undercityslimebubbles\undercityslimebubbles01.m2;17748.65625;335.6305847167969;11512.5654296875;0;248.08985900878906;0;;1.125;274379;m2;200801;0;
..\..\world\azeroth\burningsteppes\passivedoodads\rocks\burningsteppesboulders03.m2;17834.24609375;345.6264953613281;11438.28125;28;188.3883056640625;-17.5;;1.3291015625;260203;m2;189214;0;
..\..\world\generic\undead\passivedoodads\undercityslimebubbles\undercityslimebubbles01.m2;18016.033203125;369.7137756347656;11446.91796875;0;158.878173828125;0;;1.0966796875;274404;m2;200801;0;
..\..\world\generic\undead\passivedoodads\undercityslimebubbles\undercityslimebubbles01.m2;17851.375;341.8685607910156;11711.5166015625;0;68.88638305664062;0;;1.0927734375;260056;m2;200801;0;
..\..\world\kalimdor\felwood\passivedoodads\roots\felwoodroots03.m2;18132.32421875;383.303466796875;11489.7734375;13.000000953674316;260.26947021484375;35.000003814697266;;0.93359375;260289;m2;201883;0;
..\..\world\azeroth\burningsteppes\passivedoodads\rocks\burningsteppesboulders04.m2;17841.822265625;351.0000305175781;11626.87109375;11.999996185302734;316.57452392578125;-23.000001907348633;;1.7392578125;260226;m2;189215;0;
..\..\world\generic\undead\passivedoodads\undercityslimebubbles\undercityslimebubbles01.m2;17844.92578125;372.2471923828125;11387.34375;0;334.928466796875;0;;1.03515625;274784;m2;200801;0;
..\..\world\azeroth\burningsteppes\passivedoodads\rocks\burningsteppesboulders04.m2;17765.025390625;340.0838928222656;11567.451171875;-11.999999046325684;355.6051025390625;32.000003814697266;;1.69921875;260217;m2;189215;0;
..\..\world\azeroth\theblastedlands\passivedoodads\bones\blastedlandsblastedmule.m2;17634.169921875;364.4972839355469;11456.609375;6.999999523162842;129;1.0000001192092896;;1.2890625;285606;m2;190435;0;
..\..\world\azeroth\burningsteppes\passivedoodads\rocks\burningsteppesboulders04.m2;17818.908203125;343.3858947753906;11628.208984375;18.000003814697266;329.61090087890625;-12.500000953674316;;1.6796875;260225;m2;189215;0;
..\..\world\kalimdor\felwood\passivedoodads\roots\felwoodroots03.m2;18100.724609375;385.92510986328125;11536.9091796875;27.499998092651367;227.0877685546875;13.500003814697266;;0.8544921875;260286;m2;201883;0;
..\..\world\generic\undead\passivedoodads\undercityslimebubbles\undercityslimebubbles01.m2;17839.966796875;372.24615478515625;11393.09375;0;33.93780517578125;0;;0.9521484375;274785;m2;200801;0;
..\..\world\kalimdor\felwood\passivedoodads\roots\felwoodroots03.m2;18100.478515625;390.5521545410156;11373.076171875;9.500000953674316;244.47360229492188;-30.999998092651367;;0.908203125;260294;m2;201883;0;
..\..\world\azeroth\burningsteppes\passivedoodads\rocks\burningsteppesboulders04.m2;17810.857421875;339.3028869628906;11532.68359375;-34;332.4552001953125;4.500002861022949;;1.7099609375;260219;m2;189215;0;
..\..\world\generic\undead\passivedoodads\undercityslimebubbles\undercityslimebubbles01.m2;17851.4609375;341.86761474609375;11694.7421875;0;191.8271484375;0;;1.060546875;260054;m2;200801;0;
..\..\world\generic\undead\passivedoodads\undercityslimebubbles\undercityslimebubbles01.m2;17885.33984375;341.80035400390625;11717.0556640625;0;103.19772338867188;0;;1.013671875;260058;m2;200801;0;
..\..\world\generic\undead\passivedoodads\undercityslimebubbles\undercityslimebubbles01.m2;17752.078125;335.653564453125;11518.60546875;0;103.91182708740234;0;;1.0048828125;274380;m2;200801;0;
..\..\world\azeroth\burningsteppes\passivedoodads\rocks\burningsteppesboulders04.m2;17829.482421875;342.0377502441406;11527.697265625;4.5;219.9420166015625;38;;1.609375;260206;m2;189215;0;
..\..\world\generic\undead\passivedoodads\undercityslimebubbles\undercityslimebubbles01.m2;17812.220703125;335.2513732910156;11577.01953125;0;136.366455078125;0;;0.86328125;274386;m2;200801;0;
..\..\world\kalimdor\felwood\passivedoodads\lamp\felwoodlamp01.m2;17685.015625;353.5596618652344;11604.57421875;0;3.7603759765625;0;;1;256965;m2;201866;0;
..\..\world\kalimdor\felwood\passivedoodads\lamp\felwoodlamp01.m2;17718.251953125;351.7230529785156;11656.3916015625;0;15.702880859375;0;;1;256968;m2;201866;0;
..\..\world\kalimdor\felwood\passivedoodads\lamp\felwoodlamp01.m2;17753.650390625;348.96734619140625;11708.646484375;0;4.2603759765625;0;;1;257011;m2;201866;0;
..\..\world\kalimdor\felwood\passivedoodads\lamp\felwoodlamp01.m2;17656.61328125;362.32977294921875;11485.5625;0;341.7603759765625;0;;1;260944;m2;201866;0;
..\..\world\kalimdor\felwood\passivedoodads\lamp\felwoodlamp01.m2;17667.357421875;356.2117614746094;11547.537109375;0;353.702880859375;0;;1;260945;m2;201866;0;
..\..\world\kalimdor\felwood\passivedoodads\lamp\felwoodlamp01.m2;17665.041015625;363.9963684082031;11401.982421875;0;305.702880859375;0;;1;260949;m2;201866;0;
..\..\world\kalimdor\felwood\passivedoodads\lamp\felwoodlamp01.m2;17705.537109375;368.1637268066406;11353.0888671875;0;293.7603759765625;0;;1;260950;m2;201866;0;
..\..\world\kalimdor\felwood\passivedoodads\lamp\felwoodlamp01.m2;17722.630859375;371.000732421875;11292.03515625;0;334.702880859375;0;;1;260954;m2;201866;0;
..\..\world\kalimdor\felwood\passivedoodads\lamp\felwoodlamp01.m2;17734.345703125;374.0066833496094;11229.638671875;0;322.7603759765625;0;;1;260955;m2;201866;0;
..\..\world\kalimdor\felwood\passivedoodads\roots\felwoodroots03.m2;17916.630859375;352.1348876953125;11727.298828125;26.0000057220459;226.551513671875;6.500001430511475;;0.8017578125;257027;m2;201883;0;
..\..\world\azeroth\theblastedlands\passivedoodads\bones\blastedlandsblastedmule.m2;17732.345703125;373.0172424316406;11249.0703125;4.000000476837158;56.5;-0.49999964237213135;;1.08984375;285604;m2;190435;0;
..\..\world\generic\undead\passivedoodads\undercityslimebubbles\undercityslimebubbles01.m2;17835.8125;372.28515625;11390.9921875;0;304.4837646484375;0;;0.8232421875;274782;m2;200801;0;
..\..\world\kalimdor\felwood\passivedoodads\roots\felwoodroots03.m2;17650.541015625;344.5246276855469;11729.6748046875;0;223.82449340820312;0;;0.9677734375;257010;m2;201883;0;
..\..\world\generic\undead\passivedoodads\undercityslimebubbles\undercityslimebubbles01.m2;17878.080078125;341.8434753417969;11708.912109375;0;23.093963623046875;0;;0.861328125;260057;m2;200801;0;
..\..\world\azeroth\burningsteppes\passivedoodads\rocks\burningsteppesboulders04.m2;17864.29296875;348.26666259765625;11524.91796875;18.500001907348633;111.29531860351562;26.00000762939453;;1.3798828125;260204;m2;189215;0;
..\..\world\azeroth\burningsteppes\passivedoodads\rocks\burningsteppesboulders04.m2;17790.689453125;376.636474609375;11357.58984375;-11;337.5;47.000003814697266;;1.4296875;261404;m2;189215;0;
..\..\world\generic\undead\passivedoodads\undercityslimebubbles\undercityslimebubbles01.m2;17841.482421875;372.27154541015625;11380.328125;0;141.15664672851562;0;;0.798828125;274783;m2;200801;0;
..\..\world\generic\undead\passivedoodads\undercityslimebubbles\undercityslimebubbles01.m2;17808.888671875;335.21295166015625;11582.1171875;0;269.0413818359375;0;;1.0673828125;274385;m2;200801;0;
..\..\world\azeroth\theblastedlands\passivedoodads\bones\blastedlandsblastedcow.m2;17797.087890625;343.0440979003906;11665.056640625;-28.999996185302734;217;-10.499999046325684;;1;285616;m2;190434;0;
..\..\world\azeroth\burningsteppes\passivedoodads\rocks\burningsteppesboulders03.m2;17820.8203125;345.6877746582031;11630.650390625;24.5;111.03121948242188;28;;1;260224;m2;189214;0;
..\..\world\azeroth\burningsteppes\passivedoodads\rocks\burningsteppesboulders03.m2;17853.0234375;346.2118225097656;11583.6494140625;57;275.3807373046875;14.500003814697266;;1;260222;m2;189214;0;
..\..\world\generic\undead\passivedoodads\undercityslimebubbles\undercityslimebubbles01.m2;18013.1171875;369.7345275878906;11444.0634765625;0;117.0738525390625;0;;0.7744140625;274403;m2;200801;0;
..\..\world\azeroth\burningsteppes\passivedoodads\rocks\burningsteppesboulders04.m2;18058.13671875;375.047607421875;11468.8701171875;29.50000762939453;104.03073120117188;24;;1.259765625;461338;m2;189215;0;
..\..\world\azeroth\theblastedlands\passivedoodads\bones\blastedlandsblastedcow.m2;17789.349609375;344.5968933105469;11664.23046875;0;0;-6.499999046325684;;1;285615;m2;190434;0;
..\..\world\azeroth\burningsteppes\passivedoodads\rocks\burningsteppesboulders03.m2;17835.26953125;342.6192321777344;11544.400390625;-45;339.1234130859375;5.500002384185791;;1;260220;m2;189214;0;
..\..\world\azeroth\burningsteppes\passivedoodads\rocks\burningsteppesboulders04.m2;18062.287109375;375.8395080566406;11443.208984375;17;177.53076171875;20;;1.259765625;461339;m2;189215;0;
..\..\world\generic\undead\passivedoodads\undercityslimebubbles\undercityslimebubbles02.m2;18021.767578125;369.60784912109375;11449.3359375;0;151.396240234375;0;;1.2431640625;274402;m2;200802;0;
..\..\world\generic\undead\passivedoodads\undercityslimebubbles\undercityslimebubbles01.m2;17816.931640625;335.22637939453125;11581.88671875;0;268.7667236328125;0;;0.974609375;274384;m2;200801;0;
..\..\world\azeroth\burningsteppes\passivedoodads\rocks\burningsteppesboulders03.m2;17809.26953125;340.15277099609375;11464.951171875;-20.499998092651367;4.77197265625;48.5;;1;260200;m2;189214;0;
..\..\world\azeroth\burningsteppes\passivedoodads\rocks\burningsteppesboulders03.m2;17728.45703125;345.0062561035156;11559.515625;-43.4999885559082;34.904632568359375;-45;;1;260214;m2;189214;0;
..\..\world\generic\undead\passivedoodads\undercityslimebubbles\undercityslimebubbles02.m2;17839.947265625;372.2634582519531;11384.35546875;0;320.4150390625;0;;1.2275390625;274788;m2;200802;0;
..\..\world\generic\undead\passivedoodads\undercityslimebubbles\undercityslimebubbles02.m2;17834.005859375;372.2798156738281;11387.880859375;0;325.1612854003906;0;;1.1884765625;274786;m2;200802;0;
..\..\world\kalimdor\felwood\passivedoodads\felwoodmushrooms\felwoodmushroomanim.m2;17896.705078125;342.5077209472656;11701.9921875;0;30.960418701171875;0;;1.09375;257024;m2;201864;0;
..\..\world\azeroth\burningsteppes\passivedoodads\rocks\burningsteppesboulders03.m2;17884.166015625;375.3686218261719;11415.1796875;30.499998092651367;40.09033203125;9.99999713897705;;0.9091796875;261409;m2;189214;0;
..\..\world\generic\undead\passivedoodads\undercityslimebubbles\undercityslimebubbles02.m2;18021.34375;369.5680236816406;11444.630859375;0;37.156890869140625;0;;1.1884765625;274401;m2;200802;0;
..\..\world\azeroth\burningsteppes\passivedoodads\rocks\burningsteppesboulders04.m2;17808.18359375;378.120361328125;11338.65234375;-7.000004291534424;313.0869445800781;33.5;;1.2294921875;261406;m2;189215;0;
..\..\world\azeroth\burningsteppes\passivedoodads\rocks\burningsteppesboulders04.m2;17722.166015625;341.5520324707031;11478.31640625;-14.500001907348633;322.5245056152344;19.5;;1.1796875;260210;m2;189215;0;
..\..\world\azeroth\burningsteppes\passivedoodads\rocks\burningsteppesboulders04.m2;17783.9453125;339.9999084472656;11494.6279296875;64;139.13800048828125;9.49999713897705;;1.169921875;260209;m2;189215;0;
..\..\world\azeroth\burningsteppes\passivedoodads\rocks\burningsteppesboulders04.m2;18012.662109375;375.96490478515625;11488.1103515625;9.499999046325684;138.53073120117188;5.500000953674316;;1.259765625;461334;m2;189215;0;
..\..\world\azeroth\burningsteppes\passivedoodads\rocks\burningsteppesboulders04.m2;18001.32421875;377.4958801269531;11405.6806640625;9.499999046325684;138.53073120117188;5.500000953674316;;1.259765625;461335;m2;189215;0;
..\..\world\azeroth\burningsteppes\passivedoodads\rocks\burningsteppesboulders04.m2;17806.185546875;341.8705139160156;11630.125;-2.4999961853027344;245.40914916992188;-22.99999237060547;;1.2099609375;260223;m2;189215;0;
..\..\world\generic\undead\passivedoodads\undercityslimebubbles\undercityslimebubbles01.m2;17753.666015625;335.5973815917969;11510.40625;0;257.13189697265625;0;;0.7509765625;274378;m2;200801;0;
..\..\world\azeroth\burningsteppes\passivedoodads\rocks\burningsteppesboulders04.m2;17894.41796875;375.98663330078125;11406.5546875;-21.9999942779541;319.0307312011719;-41.49999237060547;;1.109375;261407;m2;189215;0;
..\..\world\azeroth\burningsteppes\passivedoodads\rocks\burningsteppesboulders04.m2;17780.326171875;339.232421875;11544.353515625;23.5;158.20794677734375;-23.500001907348633;;1.08984375;260215;m2;189215;0;
..\..\world\kalimdor\felwood\passivedoodads\felwoodmushrooms\felwoodmushroomanim.m2;17838.748046875;342.2541809082031;11675.109375;0;70.38702392578125;0;;1.05078125;257000;m2;201864;0;
..\..\world\kalimdor\felwood\passivedoodads\felwoodmushrooms\felwoodmushroomanim.m2;17796.8984375;342.4898376464844;11699.71484375;0;256.75836181640625;0;;1.08984375;256988;m2;201864;0;
..\..\world\generic\undead\passivedoodads\undercityslimebubbles\undercityslimebubbles02.m2;17819.564453125;335.26531982421875;11579.669921875;0;334.774658203125;0;;1.0732421875;274389;m2;200802;0;
..\..\world\azeroth\burningsteppes\passivedoodads\rocks\burningsteppesboulders04.m2;17973.8203125;377.56121826171875;11475.013671875;-13.000000953674316;209.03073120117188;-14.499998092651367;;1.109375;461332;m2;189215;0;
..\..\world\azeroth\burningsteppes\passivedoodads\rocks\burningsteppesboulders04.m2;18015.912109375;375.8793029785156;11489.578125;-13.000000953674316;209.03073120117188;-14.499998092651367;;1.109375;461333;m2;189215;0;
..\..\world\generic\undead\passivedoodads\undercityslimebubbles\undercityslimebubbles02.m2;17853.96875;338.2466125488281;11481.9013671875;0;270.52459716796875;0;;1.248046875;274393;m2;200802;0;
..\..\world\azeroth\burningsteppes\passivedoodads\rocks\burningsteppesboulders03.m2;17812.064453125;377.5765686035156;11343.1171875;48.999996185302734;162.03131103515625;3.999997854232788;;0.8291015625;261405;m2;189214;0;
..\..\world\generic\undead\passivedoodads\undercityslimebubbles\undercityslimebubbles02.m2;17875.669921875;341.84417724609375;11723.9091796875;0;227.8524169921875;0;;1.0615234375;260060;m2;200802;0;
..\..\world\azeroth\burningsteppes\passivedoodads\rocks\burningsteppesboulders04.m2;17704.259765625;344.4825744628906;11491.7197265625;-24.499998092651367;0;-28.0000057220459;;1;260212;m2;189215;0;
..\..\world\azeroth\burningsteppes\passivedoodads\rocks\burningsteppesboulders03.m2;17811.728515625;339.66094970703125;11536.447265625;5.500000476837158;89.78302001953125;18;;0.759765625;260218;m2;189214;0;
..\..\world\azeroth\burningsteppes\passivedoodads\rocks\burningsteppesboulders04.m2;17804.66796875;340.62701416015625;11484.9228515625;13;0;22.5;;1;260198;m2;189215;0;
..\..\world\azeroth\burningsteppes\passivedoodads\rocks\burningsteppesboulders04.m2;17836.447265625;345.7305603027344;11439.251953125;22.000001907348633;78.51068115234375;-12.999996185302734;;1;260202;m2;189215;0;
..\..\world\azeroth\burningsteppes\passivedoodads\rocks\burningsteppesboulders04.m2;17804;340.44952392578125;11482.791015625;11.500000953674316;168;-34.999996185302734;;1;260199;m2;189215;0;
..\..\world\generic\undead\passivedoodads\undercityslimebubbles\undercityslimebubbles02.m2;17884.7734375;341.7343444824219;11723.6748046875;0;92.3758544921875;0;;1.11328125;260059;m2;200802;0;
..\..\world\generic\undead\passivedoodads\undercityslimebubbles\undercityslimebubbles02.m2;17807.478515625;335.2701721191406;11577.4541015625;0;168.711181640625;0;;1.0244140625;274387;m2;200802;0;
..\..\world\kalimdor\felwood\passivedoodads\felwoodmushrooms\felwoodmushroomanim.m2;17851.720703125;342.1518859863281;11681.771484375;0;121.89703369140625;0;;0.8671875;256998;m2;201864;0;
..\..\world\generic\undead\passivedoodads\undercityslimebubbles\undercityslimebubbles02.m2;17846.544921875;372.2611389160156;11380.828125;0;107.06500244140625;0;;0.9677734375;274787;m2;200802;0;
..\..\world\kalimdor\felwood\passivedoodads\felwoodmushrooms\felwoodmushroomanim.m2;17790.93359375;342.6178283691406;11720.494140625;0;99.8468017578125;0;;0.9716796875;257020;m2;201864;0;
..\..\world\azeroth\burningsteppes\passivedoodads\rocks\burningsteppesboulders03.m2;17886.353515625;375.8436584472656;11416.3623046875;-38.5;262.98260498046875;-36.00000762939453;;0.7392578125;261408;m2;189214;0;
..\..\world\kalimdor\felwood\passivedoodads\felwoodmushrooms\felwoodmushroom02.m2;17802.51953125;389.30517578125;11209.583984375;-14;148.30899047851562;-20.500003814697266;;1.232421875;260913;m2;201860;0;
..\..\world\kalimdor\felwood\passivedoodads\felwoodmushrooms\felwoodmushroom02.m2;18052.064453125;374.9542541503906;11571.03515625;1.0000007152557373;341.80609130859375;24.5000057220459;;1.2353515625;261008;m2;201860;0;
..\..\world\kalimdor\felwood\passivedoodads\felwoodmushrooms\felwoodmushroom02.m2;17822.0859375;394.4261169433594;11240.97265625;-2;18.41363525390625;22.999998092651367;;1.2373046875;260925;m2;201860;0;
..\..\world\kalimdor\felwood\passivedoodads\felwoodmushrooms\felwoodmushroom02.m2;18040.2109375;372.8070373535156;11577.248046875;13.000000953674316;164.3824462890625;-30.999998092651367;;1.23046875;261005;m2;201860;0;
..\..\world\azeroth\burningsteppes\passivedoodads\rocks\burningsteppesboulders03.m2;17780.91796875;339.2861022949219;11487.474609375;-27.5;348.9473876953125;-18;;0.669921875;260208;m2;189214;0;
..\..\world\generic\undead\passivedoodads\undercityslimebubbles\undercityslimebubbles02.m2;17846.923828125;338.2027893066406;11472.74609375;0;29.081695556640625;0;;0.8896484375;274394;m2;200802;0;
..\..\world\kalimdor\felwood\passivedoodads\felwoodmushrooms\felwoodmushroom02.m2;18016.56640625;383.9750061035156;11369.2509765625;14.000001907348633;305.92364501953125;-16.5000057220459;;1.224609375;260969;m2;201860;0;
..\..\world\kalimdor\felwood\passivedoodads\felwoodmushrooms\felwoodmushroomanim.m2;17797.794921875;342.8161926269531;11695.8779296875;0;79.33468627929688;0;;0.919921875;256990;m2;201864;0;
..\..\world\generic\undead\passivedoodads\undercityslimebubbles\undercityslimebubbles02.m2;17746.037109375;335.751220703125;11516.4453125;0;222.62274169921875;0;;0.892578125;274381;m2;200802;0;
..\..\world\kalimdor\felwood\passivedoodads\felwoodmushrooms\felwoodmushroom02.m2;17630.541015625;362.42266845703125;11503.009765625;0;76.5;0;;1.4296875;258135;m2;201860;0;
..\..\world\kalimdor\felwood\passivedoodads\felwoodmushrooms\felwoodmushroom02.m2;18017.611328125;406.4161376953125;11311.431640625;12.499999046325684;349.033203125;-28.5;;1.2275390625;260978;m2;201860;0;
..\..\world\generic\undead\passivedoodads\undercityslimebubbles\undercityslimebubbles02.m2;17809.41015625;341.85809326171875;11716.6416015625;0;68.3919677734375;0;;0.8798828125;260052;m2;200802;0;
..\..\world\kalimdor\felwood\passivedoodads\felwoodmushrooms\felwoodmushroomanim.m2;17894.642578125;342.0106506347656;11708.068359375;0;149.37469482421875;0;;0.78515625;257023;m2;201864;0;
..\..\world\kalimdor\felwood\passivedoodads\felwoodmushrooms\felwoodmushroom02.m2;17677.689453125;373.6562805175781;11321.0185546875;-6.5;290.47637939453125;-12.500000953674316;;1.24609375;260894;m2;201860;0;
..\..\world\kalimdor\felwood\passivedoodads\felwoodmushrooms\felwoodmushroomanim.m2;17827.099609375;342.1524353027344;11676.5498046875;0;246.6615447998047;0;;0.8046875;256992;m2;201864;0;
..\..\world\kalimdor\felwood\passivedoodads\felwoodmushrooms\felwoodmushroom02.m2;18013.4296875;383.6844787597656;11370.18359375;-6.000002861022949;130.87112426757812;16.999996185302734;;1.1982421875;260968;m2;201860;0;
..\..\world\kalimdor\felwood\passivedoodads\felwoodmushrooms\felwoodmushroom02.m2;17889.375;381.21588134765625;11363.3984375;11.5;22.128814697265625;13.500001907348633;;1.234375;260965;m2;201860;0;
..\..\world\kalimdor\felwood\passivedoodads\felwoodmushrooms\felwoodmushroomanim.m2;17895.861328125;342.3668518066406;11705.349609375;0;353.122314453125;0;;0.9052734375;257022;m2;201864;0;
..\..\world\kalimdor\felwood\passivedoodads\felwoodmushrooms\felwoodmushroomanim.m2;17804.845703125;341.9774475097656;11690.15625;0;41.68341064453125;0;;0.7607421875;256993;m2;201864;0;
..\..\world\kalimdor\felwood\passivedoodads\felwoodmushrooms\felwoodmushroom02.m2;17727.21875;370.71148681640625;11325.4091796875;-15.50000286102295;30.276123046875;4.999998569488525;;1.1826171875;260902;m2;201860;0;
..\..\world\kalimdor\felwood\passivedoodads\felwoodmushrooms\felwoodmushroom02.m2;17699.791015625;365.780029296875;11391.482421875;-10.000001907348633;163.4486083984375;-6.500001430511475;;1.228515625;260930;m2;201860;0;
..\..\world\kalimdor\felwood\passivedoodads\felwoodmushrooms\felwoodmushroom02.m2;17804.732421875;390.25592041015625;11211.1513671875;-4.000001430511475;16.281982421875;21;;1.1455078125;260914;m2;201860;0;
..\..\world\generic\undead\passivedoodads\undercityslimebubbles\undercityslimebubbles02.m2;17847.822265625;338.1913146972656;11483.0107421875;0;31.257049560546875;0;;0.818359375;274392;m2;200802;0;
..\..\world\kalimdor\felwood\passivedoodads\felwoodmushrooms\felwoodmushroomanim.m2;17799.740234375;342.15997314453125;11698.044921875;0;192.497314453125;0;;0.833984375;256989;m2;201864;0;
..\..\world\kalimdor\felwood\passivedoodads\felwoodmushrooms\felwoodmushroom02.m2;17890.1796875;387.89093017578125;11345.69140625;0;346.21173095703125;0;;1.3193359375;260807;m2;201860;0;
..\..\world\kalimdor\felwood\passivedoodads\felwoodmushrooms\felwoodmushroomanim.m2;17788.380859375;344.1248474121094;11720.2587890625;0;355.7152099609375;0;;0.8994140625;257021;m2;201864;0;
..\..\world\kalimdor\felwood\passivedoodads\felwoodmushrooms\felwoodmushroom02.m2;17661.5390625;359.7664489746094;11507.21484375;1.5;324.4910888671875;-6.500001430511475;;1.2138671875;258215;m2;201860;0;
..\..\world\azeroth\burningsteppes\passivedoodads\rocks\burningsteppesboulders03.m2;17861.01171875;348.050048828125;11524.03125;-36.5;147.10491943359375;27.499998092651367;;0.619140625;260205;m2;189214;0;
..\..\world\kalimdor\felwood\passivedoodads\felwoodmushrooms\felwoodmushroomanim.m2;17834.869140625;342.4823303222656;11675.05078125;0;174.0830078125;0;;0.87109375;256999;m2;201864;0;
..\..\world\kalimdor\felwood\passivedoodads\felwoodmushrooms\felwoodmushroom02.m2;17727.529296875;370.6812438964844;11322.90625;0.499999463558197;316.62469482421875;9.499998092651367;;1.2099609375;260901;m2;201860;0;
..\..\world\kalimdor\felwood\passivedoodads\felwoodmushrooms\felwoodmushroom02.m2;17685.900390625;353.6897277832031;11603.828125;-2;319.1076354980469;-3;;1.2314453125;258165;m2;201860;0;
..\..\world\azeroth\burningsteppes\passivedoodads\rocks\burningsteppesboulders04.m2;17977.943359375;376.42901611328125;11415.9765625;-47.000003814697266;121.03076171875;-29.000009536743164;;0.8193359375;461337;m2;189215;0;
..\..\world\generic\undead\passivedoodads\undercityslimebubbles\undercityslimebubbles02.m2;17756.072265625;335.73187255859375;11511.7685546875;0;190.00335693359375;0;;0.8515625;274382;m2;200802;0;
..\..\world\azeroth\burningsteppes\passivedoodads\rocks\burningsteppesboulders04.m2;17787.599609375;340.38409423828125;11488.08984375;16.500003814697266;336.752197265625;4.999999046325684;;0.849609375;260207;m2;189215;0;
..\..\world\kalimdor\felwood\passivedoodads\felwoodmushrooms\felwoodmushroom02.m2;17696.0390625;382.3446960449219;11200.1171875;11.49999713897705;148.3089599609375;18.499998092651367;;1.076171875;260906;m2;201860;0;
..\..\world\kalimdor\felwood\passivedoodads\felwoodmushrooms\felwoodmushroom02.m2;17675.462890625;353.42144775390625;11650.068359375;0;57.2811279296875;0;;1.2373046875;258168;m2;201860;0;
..\..\world\kalimdor\felwood\passivedoodads\felwoodmushrooms\felwoodmushroom02.m2;17768.763671875;345.6214904785156;11417.6884765625;-10;96.04544067382812;21.5;;1.1357421875;258188;m2;201860;0;
..\..\world\generic\undead\passivedoodads\undercityslimebubbles\undercityslimebubbles02.m2;17755.658203125;335.7279357910156;11515.8291015625;0;0.922882080078125;0;;0.91796875;274383;m2;200802;0;
..\..\world\kalimdor\felwood\passivedoodads\felwoodmushrooms\felwoodmushroom02.m2;17638.189453125;351.0777587890625;11698.2841796875;0;20.51397705078125;0;;1.2421875;257490;m2;201860;0;
..\..\world\kalimdor\felwood\passivedoodads\felwoodmushrooms\felwoodmushroom02.m2;18026.705078125;423.2989501953125;11252.4140625;8.500001907348633;64.6015625;18.499998092651367;;1.0693359375;260982;m2;201860;0;
..\..\world\kalimdor\felwood\passivedoodads\felwoodmushrooms\felwoodmushroom02.m2;17635.6953125;356.7186584472656;11665.8076171875;0;205.91012573242188;0;;1.2158203125;257495;m2;201860;0;
..\..\world\kalimdor\felwood\passivedoodads\felwoodmushrooms\felwoodmushroom02.m2;17709.5;352.1915588378906;11691.3232421875;0;118.26043701171875;0;;1.203125;257501;m2;201860;0;
..\..\world\kalimdor\felwood\passivedoodads\felwoodmushrooms\felwoodmushroom02.m2;17737.517578125;373.875244140625;11232.091796875;0;153.4686279296875;0;;1.201171875;260963;m2;201860;0;
..\..\world\kalimdor\felwood\passivedoodads\felwoodmushrooms\felwoodmushroom02.m2;18055.935546875;406.6097106933594;11294.37109375;-9.500000953674316;37.32171630859375;28.000003814697266;;1.05078125;260986;m2;201860;0;
..\..\world\kalimdor\felwood\passivedoodads\felwoodmushrooms\felwoodmushroom02.m2;17999.517578125;364.9676818847656;11587.697265625;0.9999997615814209;30.38909912109375;-1.9999995231628418;;1.171875;261003;m2;201860;0;
..\..\world\generic\undead\passivedoodads\undercityslimebubbles\undercityslimebubbles02.m2;17858.84765625;341.859619140625;11700.8779296875;0;143.92529296875;0;;0.7607421875;260055;m2;200802;0;
..\..\world\kalimdor\felwood\passivedoodads\felwoodmushrooms\felwoodmushroom02.m2;17781.076171875;342.7498474121094;11633.099609375;0;229.88490295410156;0;;1.2177734375;258191;m2;201860;0;
..\..\world\kalimdor\felwood\passivedoodads\felwoodmushrooms\felwoodmushroom02.m2;17882.77734375;352.245849609375;11545.576171875;0;158.97705078125;0;;1.205078125;260797;m2;201860;0;
..\..\world\kalimdor\felwood\passivedoodads\felwoodmushrooms\felwoodmushroom02.m2;17700.5625;378.4364318847656;11225.6875;-9;301.58392333984375;-6.5;;1.1826171875;260905;m2;201860;0;
..\..\world\kalimdor\felwood\passivedoodads\felwoodmushrooms\felwoodmushroom02.m2;17722.78125;371.109619140625;11293.353515625;0;57.46026611328125;0;;1.1943359375;260958;m2;201860;0;
..\..\world\kalimdor\felwood\passivedoodads\felwoodmushrooms\felwoodmushroom02.m2;18107.734375;377.5870361328125;11429.525390625;0;132.1475830078125;0;;1.208984375;261034;m2;201860;0;
..\..\world\kalimdor\felwood\passivedoodads\felwoodmushrooms\felwoodmushroom02.m2;17671.376953125;358.2489318847656;11530.4541015625;0;197.41937255859375;0;;1.197265625;258221;m2;201860;0;
..\..\world\kalimdor\felwood\passivedoodads\felwoodmushrooms\felwoodmushroom02.m2;17735.568359375;373.7115783691406;11229.5009765625;0;303.80322265625;0;;1.177734375;260961;m2;201860;0;
..\..\world\kalimdor\felwood\passivedoodads\felwoodmushrooms\felwoodmushroom02.m2;17655.46484375;362.1330261230469;11485.634765625;0;243.5194091796875;0;;1.1728515625;260948;m2;201860;0;
..\..\world\kalimdor\felwood\passivedoodads\felwoodmushrooms\felwoodmushroom02.m2;17637.705078125;364.9388122558594;11412.46875;0;159.647216796875;0;;1.1796875;258172;m2;201860;0;
..\..\world\kalimdor\felwood\passivedoodads\felwoodmushrooms\felwoodmushroom02.m2;17980.32421875;364.9079895019531;11615.29296875;8.499998092651367;233.31280517578125;9.499999046325684;;1.0615234375;257669;m2;201860;0;
..\..\world\kalimdor\felwood\passivedoodads\felwoodmushrooms\felwoodmushroom02.m2;17702.814453125;366.35748291015625;11387.4326171875;0;44.0345458984375;0;;1.20703125;260933;m2;201860;0;
..\..\world\kalimdor\felwood\passivedoodads\felwoodmushrooms\felwoodmushroom02.m2;17707.80859375;351.6371154785156;11661.7060546875;0;300.236083984375;0;;1.162109375;257504;m2;201860;0;
..\..\world\kalimdor\felwood\passivedoodads\felwoodmushrooms\felwoodmushroom02.m2;17731.98046875;372.1658630371094;11274.609375;0;322.03009033203125;0;;1.1748046875;260907;m2;201860;0;
..\..\world\kalimdor\felwood\passivedoodads\felwoodmushrooms\felwoodmushroom02.m2;17706.751953125;368.3194580078125;11353.3603515625;0;296.48785400390625;0;;1.1591796875;260953;m2;201860;0;
..\..\world\kalimdor\felwood\passivedoodads\felwoodmushrooms\felwoodmushroom02.m2;17623.267578125;362.2044982910156;11576.900390625;0;296.5950012207031;0;;1.158203125;257644;m2;201860;0;
..\..\world\azeroth\burningsteppes\passivedoodads\rocks\burningsteppesboulders04.m2;17977.306640625;377.1730651855469;11408.2119140625;9.5;193.53073120117188;5.500001430511475;;0.8193359375;461336;m2;189215;0;
..\..\world\kalimdor\felwood\passivedoodads\felwoodmushrooms\felwoodmushroom02.m2;18088.818359375;377.6716613769531;11559.87890625;0;77.66473388671875;0;;1.2060546875;261009;m2;201860;0;
..\..\world\kalimdor\felwood\passivedoodads\felwoodmushrooms\felwoodmushroom02.m2;17623.564453125;358.69873046875;11668.4541015625;0;279.4237976074219;0;;1.220703125;257608;m2;201860;0;
..\..\world\kalimdor\felwood\passivedoodads\felwoodmushrooms\felwoodmushroom02.m2;18132.2421875;379.30120849609375;11477.4697265625;-3.999999523162842;356.9346923828125;5.5;;1.2041015625;261013;m2;201860;0;
..\..\world\kalimdor\felwood\passivedoodads\felwoodmushrooms\felwoodmushroom02.m2;17720.861328125;371.08477783203125;11303.779296875;0;6.44915771484375;0;;1.236328125;260960;m2;201860;0;
..\..\world\kalimdor\felwood\passivedoodads\felwoodmushrooms\felwoodmushroom02.m2;17635.71484375;358.3326416015625;11565.75;0;236.98751831054688;0;;1.142578125;257647;m2;201860;0;
..\..\world\kalimdor\felwood\passivedoodads\felwoodmushrooms\felwoodmushroom02.m2;18131.716796875;468.1903381347656;11716.1259765625;0;140.2337646484375;0;;1.16015625;343728;m2;201860;0;
..\..\world\kalimdor\felwood\passivedoodads\felwoodmushrooms\felwoodmushroom02.m2;17770.6171875;376.70751953125;11297.03125;0;324.7438049316406;0;;1.142578125;260920;m2;201860;0;
..\..\world\kalimdor\felwood\passivedoodads\felwoodmushrooms\felwoodmushroom02.m2;17673.736328125;354.09600830078125;11650.0390625;0;305.56109619140625;0;;1.1435546875;258167;m2;201860;0;
..\..\world\kalimdor\felwood\passivedoodads\felwoodmushrooms\felwoodmushroom02.m2;17636.744140625;364.7413024902344;11414.7529296875;0;4.5704345703125;0;;1.2451171875;258171;m2;201860;0;
..\..\world\kalimdor\felwood\passivedoodads\felwoodmushrooms\felwoodmushroom02.m2;18061.74609375;409.6863708496094;11273.81640625;0;163.7012939453125;0;;1.1591796875;260988;m2;201860;0;
..\..\world\kalimdor\felwood\passivedoodads\felwoodmushrooms\felwoodmushroom02.m2;17898.21875;354.7770080566406;11559.47265625;0;331.6104736328125;0;;1.12890625;260794;m2;201860;0;
..\..\world\kalimdor\felwood\passivedoodads\felwoodmushrooms\felwoodmushroom02.m2;17740.287109375;349.7686462402344;11662.55078125;0.5;19.9188232421875;-12;;1.03515625;258155;m2;201860;0;
..\..\world\kalimdor\felwood\passivedoodads\felwoodmushrooms\felwoodmushroom02.m2;17780.130859375;342.87078857421875;11631.0625;0;116.67833709716797;0;;1.12890625;258190;m2;201860;0;
..\..\world\kalimdor\felwood\passivedoodads\felwoodmushrooms\felwoodmushroom02.m2;18029.8828125;377.78936767578125;11702.00390625;12;254.1764678955078;-2.000000238418579;;1.138671875;257665;m2;201860;0;
..\..\world\kalimdor\felwood\passivedoodads\felwoodmushrooms\felwoodmushroom02.m2;17998.005859375;380.45465087890625;11380.291015625;8.499999046325684;12.51885986328125;3;;1.1572265625;260971;m2;201860;0;
..\..\world\kalimdor\felwood\passivedoodads\felwoodmushrooms\felwoodmushroom02.m2;17969.78125;379.6719665527344;11388.494140625;0;166.975341796875;0;;1.166015625;260966;m2;201860;0;
..\..\world\kalimdor\felwood\passivedoodads\felwoodmushrooms\felwoodmushroom02.m2;17602.123046875;363.5649719238281;11520.5625;0;213.56976318359375;0;;1.1240234375;258180;m2;201860;0;
..\..\world\kalimdor\felwood\passivedoodads\felwoodmushrooms\felwoodmushroom02.m2;18110.544921875;378.21484375;11429.537109375;9.999999046325684;263.52618408203125;-7.500000953674316;;1.13671875;261033;m2;201860;0;
..\..\world\kalimdor\felwood\passivedoodads\felwoodmushrooms\felwoodmushroom02.m2;17885.283203125;360.5235595703125;11599.291015625;-10.5;99.6929931640625;-13.500000953674316;;1.0703125;260793;m2;201860;0;
..\..\world\kalimdor\felwood\passivedoodads\felwoodmushrooms\felwoodmushroom02.m2;17756.072265625;346.8614196777344;11669.9296875;0;101.93427276611328;0;;1.1611328125;258152;m2;201860;0;
..\..\world\kalimdor\felwood\passivedoodads\felwoodmushrooms\felwoodmushroom02.m2;17646.732421875;344.4173889160156;11734.69921875;5.499999523162842;77.34613037109375;4.999998092651367;;1.083984375;257498;m2;201860;0;
..\..\world\kalimdor\felwood\passivedoodads\felwoodmushrooms\felwoodmushroom02.m2;17700.236328125;378.9363098144531;11228.8466796875;-2.000000476837158;347.7169189453125;-20.500003814697266;;0.9931640625;260903;m2;201860;0;
..\..\world\kalimdor\felwood\passivedoodads\felwoodmushrooms\felwoodmushroom02.m2;17599.65625;363.7814025878906;11519.8359375;0;130.48858642578125;0;;1.123046875;258179;m2;201860;0;
..\..\world\kalimdor\felwood\passivedoodads\felwoodmushrooms\felwoodmushroom02.m2;17701.19140625;377.56256103515625;11245.34765625;0;155.0767822265625;0;;1.0908203125;260922;m2;201860;0;
..\..\world\kalimdor\felwood\passivedoodads\felwoodmushrooms\felwoodmushroom02.m2;17641.03125;351.1171569824219;11697.646484375;0;242.15704345703125;0;;1.0859375;257491;m2;201860;0;
..\..\world\kalimdor\felwood\passivedoodads\felwoodmushrooms\felwoodmushroom02.m2;17666.904296875;356.47174072265625;11546.443359375;0;27.180999755859375;0;;1.08203125;260947;m2;201860;0;
..\..\world\kalimdor\felwood\passivedoodads\felwoodmushrooms\felwoodmushroom02.m2;17839.28125;386.8765869140625;11318.8681640625;-5;191.794189453125;-7.500000476837158;;1.0625;260800;m2;201860;0;
..\..\world\kalimdor\felwood\passivedoodads\felwoodmushrooms\felwoodmushroom02.m2;18018.65625;404.76568603515625;11315.24609375;-8.537736562175269e-7;328.325439453125;-33;;0.92578125;260975;m2;201860;0;
..\..\world\kalimdor\felwood\passivedoodads\felwoodmushrooms\felwoodmushroom02.m2;17729.7890625;372.07891845703125;11276.453125;0;65.74343872070312;0;;1.0732421875;260908;m2;201860;0;
..\..\world\kalimdor\felwood\passivedoodads\felwoodmushrooms\felwoodmushroom02.m2;17660.755859375;355.12640380859375;11602.3828125;0;27.7303466796875;0;;1.0634765625;257607;m2;201860;0;
..\..\world\kalimdor\felwood\passivedoodads\felwoodmushrooms\felwoodmushroom02.m2;17770.5078125;344.7623596191406;11418.791015625;0;6.21844482421875;0;;1.1513671875;258189;m2;201860;0;
..\..\world\kalimdor\felwood\passivedoodads\felwoodmushrooms\felwoodmushroom02.m2;17631.705078125;348.25335693359375;11713.3359375;0;69.331298828125;0;;1.0693359375;257493;m2;201860;0;
..\..\world\kalimdor\felwood\passivedoodads\felwoodmushrooms\felwoodmushroom02.m2;17640.314453125;350.6556701660156;11699.69921875;0;148.84732055664062;0;;1.0576171875;257492;m2;201860;0;
..\..\world\kalimdor\felwood\passivedoodads\felwoodmushrooms\felwoodmushroom02.m2;17704.57421875;351.3704528808594;11680.86328125;0;256.003173828125;0;;1.09375;257507;m2;201860;0;
..\..\world\kalimdor\felwood\passivedoodads\felwoodmushrooms\felwoodmushroom02.m2;17676.861328125;373.2053527832031;11323.30078125;2.999998092651367;325.84246826171875;-16.5;;0.9599609375;260895;m2;201860;0;
..\..\world\kalimdor\felwood\passivedoodads\felwoodmushrooms\felwoodmushroom02.m2;18013.052734375;375.072265625;11679.166015625;0;129.91729736328125;0;;1.0703125;257663;m2;201860;0;
..\..\world\kalimdor\felwood\passivedoodads\felwoodmushrooms\felwoodmushroom02.m2;17616.48046875;364.3394470214844;11498.2841796875;0;34.750823974609375;0;;1.0556640625;258176;m2;201860;0;
..\..\world\kalimdor\felwood\passivedoodads\felwoodmushrooms\felwoodmushroom02.m2;17702.30078125;370.6788330078125;11316.0087890625;7.500000953674316;15.831787109375;-8.499999046325684;;0.982421875;260899;m2;201860;0;
..\..\world\kalimdor\felwood\passivedoodads\felwoodmushrooms\felwoodmushroom02.m2;17706.400390625;376.91241455078125;11240.9765625;0;299.5294189453125;0;;1.0458984375;260924;m2;201860;0;
..\..\world\kalimdor\felwood\passivedoodads\felwoodmushrooms\felwoodmushroom02.m2;18017.482421875;384.48895263671875;11367.5244140625;11.500001907348633;54.72454833984375;12.999996185302734;;0.9296875;260970;m2;201860;0;
..\..\world\kalimdor\felwood\passivedoodads\felwoodmushrooms\felwoodmushroom02.m2;17900.404296875;356.9603576660156;11568.826171875;0;22.76434326171875;0;;1.044921875;260796;m2;201860;0;
..\..\world\kalimdor\felwood\passivedoodads\felwoodmushrooms\felwoodmushroom02.m2;17674.63671875;373.9841003417969;11322.224609375;8.999999046325684;42.17779541015625;-2.5;;0.9921875;260896;m2;201860;0;
..\..\world\kalimdor\felwood\passivedoodads\felwoodmushrooms\felwoodmushroom02.m2;17695.798828125;347.39447021484375;11489.4560546875;0;357.63787841796875;0;;1.15234375;258196;m2;201860;0;
..\..\world\kalimdor\felwood\passivedoodads\felwoodmushrooms\felwoodmushroom02.m2;17925.91796875;356.0016174316406;11537.12890625;0;166.28314208984375;0;;1.06640625;258203;m2;201860;0;
..\..\world\generic\undead\passivedoodads\undercityslimebubbles\undercityslimebubbles02.m2;17805.802734375;335.3173522949219;11580.17578125;0;0.824005126953125;0;;0.767578125;274388;m2;200802;0;
..\..\world\kalimdor\felwood\passivedoodads\felwoodmushrooms\felwoodmushroom02.m2;17999.751953125;369.34075927734375;11643.94140625;0;238.86105346679688;0;;1.0263671875;257677;m2;201860;0;
..\..\world\kalimdor\felwood\passivedoodads\felwoodmushrooms\felwoodmushroom02.m2;17997.861328125;368.7247009277344;11638.91015625;0.0000010672171129044727;130.16998291015625;-7;;0.9931640625;257675;m2;201860;0;
..\..\world\kalimdor\felwood\passivedoodads\felwoodmushrooms\felwoodmushroom02.m2;17961.4921875;370.77154541015625;11682.431640625;0;272.095703125;0;;1.1474609375;257666;m2;201860;0;
..\..\world\kalimdor\felwood\passivedoodads\felwoodmushrooms\felwoodmushroom02.m2;17700.453125;377.5690612792969;11246.880859375;0;111.18505859375;0;;1.0234375;260923;m2;201860;0;
..\..\world\kalimdor\felwood\passivedoodads\felwoodmushrooms\felwoodmushroom02.m2;17691.59765625;354.1186828613281;11591.787109375;5.499998569488525;48.64892578125;-5.499999523162842;;1;258161;m2;201860;0;
..\..\world\kalimdor\felwood\passivedoodads\felwoodmushrooms\felwoodmushroom02.m2;18057.7421875;407.5819396972656;11292.5009765625;16.499998092651367;260.44500732421875;-3.499997615814209;;1.0654296875;260987;m2;201860;0;
..\..\world\kalimdor\felwood\passivedoodads\felwoodmushrooms\felwoodmushroom02.m2;17721.916015625;371.2395935058594;11302.029296875;0;100.1324462890625;0;;1.064453125;260959;m2;201860;0;
..\..\world\kalimdor\felwood\passivedoodads\felwoodmushrooms\felwoodmushroom02.m2;17659.451171875;360.0157775878906;11504.5732421875;0;36.2230224609375;0;;1.0146484375;258216;m2;201860;0;
..\..\world\kalimdor\felwood\passivedoodads\felwoodmushrooms\felwoodmushroom02.m2;17963.7421875;361.6327819824219;11558.998046875;0;309.2965393066406;0;;1.0185546875;258204;m2;201860;0;
..\..\world\kalimdor\felwood\passivedoodads\felwoodmushrooms\felwoodmushroom02.m2;17888.3046875;387.5048828125;11345.919921875;32.5;320.9753723144531;-9.999998092651367;;0.9033203125;260806;m2;201860;0;
..\..\world\kalimdor\felwood\passivedoodads\felwoodmushrooms\felwoodmushroom02.m2;17929.11328125;357.7232971191406;11548.5390625;5.499998569488525;309.1866760253906;11;;0.962890625;258200;m2;201860;0;
..\..\world\kalimdor\felwood\passivedoodads\felwoodmushrooms\felwoodmushroom02.m2;18016.1875;375.5988464355469;11684.9072265625;-4.000000476837158;123.18250274658203;-5.499999523162842;;0.970703125;257662;m2;201860;0;
..\..\world\kalimdor\felwood\passivedoodads\felwoodmushrooms\felwoodmushroom02.m2;17879.251953125;358.5386657714844;11597.541015625;-18.000001907348633;79.664306640625;-6.000004291534424;;0.9619140625;260791;m2;201860;0;
..\..\world\kalimdor\felwood\passivedoodads\felwoodmushrooms\felwoodmushroom02.m2;17700.078125;370.26043701171875;11324.30859375;-13.499999046325684;249.28738403320312;-7.499999523162842;;0.904296875;260898;m2;201860;0;
..\..\world\kalimdor\felwood\passivedoodads\felwoodmushrooms\felwoodmushroom02.m2;17960.916015625;370.8185119628906;11686.7373046875;0;131.8179931640625;0;;1.01171875;257668;m2;201860;0;
..\..\world\kalimdor\felwood\passivedoodads\felwoodmushrooms\felwoodmushroom02.m2;17821.326171875;393.57061767578125;11243.23046875;0;342.67401123046875;0;;1.0048828125;260926;m2;201860;0;
..\..\world\kalimdor\felwood\passivedoodads\felwoodmushrooms\felwoodmushroom02.m2;17694.736328125;347.6875;11491.3232421875;0;91.5408935546875;0;;1.1044921875;258195;m2;201860;0;
..\..\world\kalimdor\felwood\passivedoodads\felwoodmushrooms\felwoodmushroom02.m2;17751.626953125;347.9330139160156;11725.9541015625;0;135.740234375;0;;1.0166015625;257514;m2;201860;0;
..\..\world\kalimdor\felwood\passivedoodads\felwoodmushrooms\felwoodmushroom02.m2;17925.408203125;356.3731994628906;11534.1796875;0;89.18975830078125;0;;1.1025390625;258201;m2;201860;0;
..\..\world\kalimdor\felwood\passivedoodads\felwoodmushrooms\felwoodmushroom02.m2;17972.90625;379.65875244140625;11387.1123046875;0.9999998807907104;94.901611328125;10.500001907348633;;0.9619140625;260967;m2;201860;0;
..\..\world\kalimdor\felwood\passivedoodads\felwoodmushrooms\felwoodmushroom02.m2;18131.44921875;379.36102294921875;11479.7509765625;0;102.16497802734375;0;;1.01171875;261014;m2;201860;0;
..\..\world\kalimdor\felwood\passivedoodads\felwoodmushrooms\felwoodmushroom02.m2;18037.03125;425.1145324707031;11246.14453125;0;182.20281982421875;0;;1.0771484375;260981;m2;201860;0;
..\..\world\kalimdor\felwood\passivedoodads\felwoodmushrooms\felwoodmushroom02.m2;17706.634765625;351.6214904785156;11669.154296875;0;39.683837890625;0;;0.974609375;257506;m2;201860;0;
..\..\world\kalimdor\felwood\passivedoodads\felwoodmushrooms\felwoodmushroom02.m2;17697.232421875;353.3885803222656;11581.302734375;0.5;14.09588623046875;-8.499999046325684;;0.912109375;258163;m2;201860;0;
..\..\world\kalimdor\felwood\passivedoodads\felwoodmushrooms\felwoodmushroom02.m2;18133.173828125;378.6620788574219;11414.802734375;0;313.66925048828125;0;;0.984375;260996;m2;201860;0;
..\..\world\kalimdor\felwood\passivedoodads\felwoodmushrooms\felwoodmushroom02.m2;17757.072265625;346.9226379394531;11671.748046875;0;60.0201416015625;0;;0.943359375;258153;m2;201860;0;
..\..\world\kalimdor\felwood\passivedoodads\felwoodmushrooms\felwoodmushroom02.m2;17675.357421875;354.0271911621094;11650.546875;0;255.2861328125;0;;0.9677734375;258169;m2;201860;0;
..\..\world\kalimdor\felwood\passivedoodads\felwoodmushrooms\felwoodmushroom02.m2;17658.30859375;354.4024963378906;11614.6171875;0;63.1513671875;0;;0.9365234375;257605;m2;201860;0;
..\..\world\kalimdor\felwood\passivedoodads\felwoodmushrooms\felwoodmushroom02.m2;17649.015625;365.1000061035156;11393.60546875;0;258.5711364746094;0;;0.9794921875;258174;m2;201860;0;
..\..\world\kalimdor\felwood\passivedoodads\felwoodmushrooms\felwoodmushroom02.m2;17996.533203125;368.5933532714844;11640.34765625;0;263.284423828125;0;;1.0068359375;257676;m2;201860;0;
..\..\world\kalimdor\felwood\passivedoodads\felwoodmushrooms\felwoodmushroom02.m2;17700.1171875;364.6056213378906;11395.265625;0;292.5309143066406;0;;0.9375;260931;m2;201860;0;
..\..\world\kalimdor\felwood\passivedoodads\felwoodmushrooms\felwoodmushroom02.m2;18018.533203125;405.4903259277344;11312.9609375;22.999998092651367;22.31390380859375;-14.99999713897705;;0.810546875;260976;m2;201860;0;
..\..\world\kalimdor\felwood\passivedoodads\felwoodmushrooms\felwoodmushroom02.m2;17703.06640625;352.1990051269531;11579.26953125;9;213.83343505859375;9.000000953674316;;0.9091796875;258160;m2;201860;0;
..\..\world\kalimdor\felwood\passivedoodads\felwoodmushrooms\felwoodmushroom02.m2;18090.138671875;378.0394592285156;11563.41015625;0;178.44537353515625;0;;1.046875;261010;m2;201860;0;
..\..\world\kalimdor\felwood\passivedoodads\felwoodmushrooms\felwoodmushroom02.m2;17671.767578125;357.4620361328125;11535.599609375;-8.49999713897705;268.1811218261719;-10.999998092651367;;0.9384765625;258220;m2;201860;0;
..\..\world\kalimdor\felwood\passivedoodads\felwoodmushrooms\felwoodmushroom02.m2;18060.666015625;386.9942321777344;11352.6103515625;-11.499998092651367;189.33319091796875;-14.499996185302734;;0.8837890625;260973;m2;201860;0;
..\..\world\kalimdor\felwood\passivedoodads\felwoodmushrooms\felwoodmushroom02.m2;17754.2890625;348.0174865722656;11727.0166015625;0;276.6441955566406;0;;0.9970703125;257513;m2;201860;0;
..\..\world\kalimdor\felwood\passivedoodads\felwoodmushrooms\felwoodmushroom02.m2;17977.626953125;364.64617919921875;11614.52734375;-1.5;326.18304443359375;10.5;;0.86328125;257670;m2;201860;0;
..\..\world\kalimdor\felwood\passivedoodads\felwoodmushrooms\felwoodmushroom02.m2;17684.767578125;353.3902893066406;11605.6884765625;0;65.68927001953125;0;;0.923828125;258166;m2;201860;0;
..\..\world\kalimdor\felwood\passivedoodads\felwoodmushrooms\felwoodmushroom02.m2;17696.0859375;353.68505859375;11580.3154296875;-8.49999713897705;259.12042236328125;0.9999991655349731;;0.958984375;258164;m2;201860;0;
..\..\world\kalimdor\felwood\passivedoodads\felwoodmushrooms\felwoodmushroom02.m2;17645.392578125;357.24615478515625;11567.671875;0;167.5576171875;0;;0.953125;257646;m2;201860;0;
..\..\world\kalimdor\felwood\passivedoodads\felwoodmushrooms\felwoodmushroom02.m2;18054.451171875;390.6539306640625;11337.240234375;-25.499996185302734;159.361572265625;-4.500000476837158;;0.828125;260974;m2;201860;0;
..\..\world\kalimdor\felwood\passivedoodads\felwoodmushrooms\felwoodmushroom02.m2;17784.794921875;342.8648986816406;11635.06640625;0;180.1922607421875;0;;1.029296875;258194;m2;201860;0;
..\..\world\kalimdor\felwood\passivedoodads\felwoodmushrooms\felwoodmushroom02.m2;17634.80859375;364.8760681152344;11413.78125;0;213.99822998046875;0;;0.9033203125;258170;m2;201860;0;
..\..\world\kalimdor\felwood\passivedoodads\felwoodmushrooms\felwoodmushroom02.m2;17924.490234375;356.18170166015625;11532.6826171875;0;293.0912170410156;0;;0.900390625;258202;m2;201860;0;
..\..\world\kalimdor\felwood\passivedoodads\felwoodmushrooms\felwoodmushroom02.m2;18106.392578125;380.0661315917969;11412.806640625;0;90.23345947265625;0;;1.017578125;260998;m2;201860;0;
..\..\world\kalimdor\felwood\passivedoodads\felwoodmushrooms\felwoodmushroom02.m2;17754.783203125;348.0433654785156;11731.4091796875;-8.5;132.7735595703125;-3.9999990463256836;;0.8662109375;257515;m2;201860;0;
..\..\world\kalimdor\felwood\passivedoodads\felwoodmushrooms\felwoodmushroom02.m2;17637.017578125;358.0697326660156;11563.587890625;0;184.444091796875;0;;0.9775390625;257645;m2;201860;0;
..\..\world\kalimdor\felwood\passivedoodads\felwoodmushrooms\felwoodmushroom02.m2;17820.423828125;393.2440490722656;11247.98046875;-21.500003814697266;144.4306640625;-21.999998092651367;;0.771484375;260927;m2;201860;0;
..\..\world\kalimdor\felwood\passivedoodads\felwoodmushrooms\felwoodmushroom02.m2;17714.009765625;351.2340393066406;11677.701171875;0;134.65252685546875;0;;0.921875;257503;m2;201860;0;
..\..\world\kalimdor\felwood\passivedoodads\felwoodmushrooms\felwoodmushroom02.m2;18001.79296875;365.11480712890625;11588.2109375;0;296.266357421875;0;;0.88671875;261002;m2;201860;0;
..\..\world\kalimdor\felwood\passivedoodads\felwoodmushrooms\felwoodmushroom02.m2;17719.14453125;351.71240234375;11654.822265625;0;3.3729248046875;0;;0.98046875;257628;m2;201860;0;
..\..\world\kalimdor\felwood\passivedoodads\felwoodmushrooms\felwoodmushroom02.m2;17636.251953125;356.2763366699219;11667.16796875;0;330.22613525390625;0;;0.8828125;257494;m2;201860;0;
..\..\world\kalimdor\felwood\passivedoodads\felwoodmushrooms\felwoodmushroom02.m2;17662.3671875;357.99713134765625;11534.4140625;0.49999967217445374;288.7744445800781;-8.5;;0.830078125;258218;m2;201860;0;
..\..\world\kalimdor\felwood\passivedoodads\felwoodmushrooms\felwoodmushroom02.m2;17898.791015625;358.70465087890625;11580.177734375;0;225.69903564453125;0;;0.9130859375;258210;m2;201860;0;
..\..\world\kalimdor\felwood\passivedoodads\felwoodmushrooms\felwoodmushroom02.m2;17772.4453125;377.29644775390625;11296.4609375;0;39.288330078125;0;;0.8935546875;260921;m2;201860;0;
..\..\world\kalimdor\felwood\passivedoodads\felwoodmushrooms\felwoodmushroom02.m2;18021.634765625;418.4060974121094;11268.7841796875;0;17.52374267578125;0;;0.8935546875;260992;m2;201860;0;
..\..\world\kalimdor\felwood\passivedoodads\felwoodmushrooms\felwoodmushroom02.m2;17754.462890625;348.6131896972656;11707.6484375;0;0;0;;1;257626;m2;201860;0;
..\..\world\kalimdor\felwood\passivedoodads\felwoodmushrooms\felwoodmushroom02.m2;17628.361328125;362.9026184082031;11502.458984375;0;0;0;;1;258134;m2;201860;0;
..\..\world\kalimdor\felwood\passivedoodads\felwoodmushrooms\felwoodmushroom02.m2;17647.931640625;364.9064025878906;11395.896484375;0;301.58392333984375;0;;0.8759765625;258173;m2;201860;0;
..\..\world\kalimdor\felwood\passivedoodads\felwoodmushrooms\felwoodmushroom02.m2;17742.98828125;348.4603576660156;11663.3935546875;0;227.20420837402344;0;;0.9013671875;258156;m2;201860;0;
..\..\world\kalimdor\felwood\passivedoodads\felwoodmushrooms\felwoodmushroom02.m2;17617.728515625;364.6457824707031;11494.337890625;0;101.45084381103516;0;;0.9091796875;258178;m2;201860;0;
..\..\world\kalimdor\felwood\passivedoodads\felwoodmushrooms\felwoodmushroom02.m2;17650.9921875;365.0574645996094;11386.7998046875;0;257.88995361328125;0;;0.904296875;258175;m2;201860;0;
..\..\world\kalimdor\felwood\passivedoodads\felwoodmushrooms\felwoodmushroom02.m2;18132.189453125;468.1217041015625;11717.5546875;0;132.3013916015625;0;;0.890625;343727;m2;201860;0;
..\..\world\kalimdor\felwood\passivedoodads\felwoodmushrooms\felwoodmushroom02.m2;18053.908203125;375.04290771484375;11570.884765625;0;281.3794250488281;0;;0.9072265625;261007;m2;201860;0;
..\..\world\kalimdor\felwood\passivedoodads\felwoodmushrooms\felwoodmushroom02.m2;17670.044921875;357.5433654785156;11535.52734375;0;207.28536987304688;0;;0.8564453125;258219;m2;201860;0;
..\..\world\kalimdor\felwood\passivedoodads\felwoodmushrooms\felwoodmushroom02.m2;18056.642578125;376.09698486328125;11571.806640625;0;190.57464599609375;0;;0.88671875;261006;m2;201860;0;
..\..\world\kalimdor\felwood\passivedoodads\felwoodmushrooms\felwoodmushroom02.m2;17604.783203125;363.5173034667969;11512.52734375;0;257.4394836425781;0;;0.876953125;258136;m2;201860;0;
..\..\world\kalimdor\felwood\passivedoodads\felwoodmushrooms\felwoodmushroom02.m2;18004.90234375;365.5697326660156;11586.6796875;4.499999523162842;148.6824951171875;-12;;0.7841796875;261001;m2;201860;0;
..\..\world\kalimdor\felwood\passivedoodads\felwoodmushrooms\felwoodmushroom02.m2;17631.697265625;357.37652587890625;11674.2685546875;0;259.99517822265625;0;;0.8857421875;257496;m2;201860;0;
..\..\world\kalimdor\felwood\passivedoodads\felwoodmushrooms\felwoodmushroom02.m2;18062.423828125;387.0239562988281;11353.896484375;-2.500000476837158;52.1297607421875;19.5;;0.7626953125;260972;m2;201860;0;
..\..\world\kalimdor\felwood\passivedoodads\felwoodmushrooms\felwoodmushroom02.m2;18064.052734375;409.796142578125;11274.82421875;0;65.6134033203125;0;;0.8310546875;260989;m2;201860;0;
..\..\world\kalimdor\felwood\passivedoodads\felwoodmushrooms\felwoodmushroom02.m2;17607.55078125;364.0976867675781;11577.423828125;0;145.13381958007812;0;;0.8330078125;257649;m2;201860;0;
..\..\world\kalimdor\felwood\passivedoodads\felwoodmushrooms\felwoodmushroom02.m2;17599.9296875;363.4364318847656;11553.9873046875;0;126.17083740234375;0;;0.8310546875;258223;m2;201860;0;
..\..\world\kalimdor\felwood\passivedoodads\felwoodmushrooms\felwoodmushroom02.m2;17775.947265625;381.7692565917969;11200.744140625;-12.499998092651367;69.73236083984375;8.499999046325684;;0.8046875;260912;m2;201860;0;
..\..\world\kalimdor\felwood\passivedoodads\felwoodmushrooms\felwoodmushroom02.m2;17877.85546875;357.7963562011719;11597.662109375;0;281.1816711425781;0;;0.86328125;260792;m2;201860;0;
..\..\world\kalimdor\felwood\passivedoodads\felwoodmushrooms\felwoodmushroom02.m2;17765.82421875;347.15093994140625;11667.8603515625;0;287.4111328125;0;;0.833984375;258154;m2;201860;0;
..\..\world\kalimdor\felwood\passivedoodads\felwoodmushrooms\felwoodmushroom02.m2;17959.30859375;370.8381652832031;11687.4560546875;0;49.76959228515625;0;;0.8330078125;257667;m2;201860;0;
..\..\world\kalimdor\felwood\passivedoodads\felwoodmushrooms\felwoodmushroom02.m2;17683.130859375;374.2982482910156;11313.232421875;0;9.87701416015625;0;;0.8623046875;260897;m2;201860;0;
..\..\world\kalimdor\felwood\passivedoodads\felwoodmushrooms\felwoodmushroom02.m2;18035.232421875;424.4861145019531;11247.9560546875;-12.99999713897705;172.19622802734375;10.5;;0.8046875;260980;m2;201860;0;
..\..\world\kalimdor\felwood\passivedoodads\felwoodmushrooms\felwoodmushroom02.m2;17660.375;359.5419006347656;11508.7216796875;0;5.70208740234375;0;;0.875;258217;m2;201860;0;
..\..\world\kalimdor\felwood\passivedoodads\felwoodmushrooms\felwoodmushroom02.m2;18088.236328125;377.8939514160156;11562.4765625;0;253.0009002685547;0;;0.8203125;261011;m2;201860;0;
..\..\world\kalimdor\felwood\passivedoodads\felwoodmushrooms\felwoodmushroom02.m2;17692.27734375;354.0830993652344;11590.6572265625;-3.5;326.30120849609375;-6.5;;0.7509765625;258162;m2;201860;0;
..\..\world\kalimdor\felwood\passivedoodads\felwoodmushrooms\felwoodmushroom02.m2;18021.5546875;418.0029296875;11270.482421875;0;41.4140625;0;;0.81640625;260993;m2;201860;0;
..\..\world\kalimdor\felwood\passivedoodads\felwoodmushrooms\felwoodmushroom02.m2;17970.830078125;363.5437927246094;11601.9609375;0;290.8389587402344;0;;0.8037109375;257672;m2;201860;0;
..\..\world\kalimdor\felwood\passivedoodads\felwoodmushrooms\felwoodmushroom02.m2;17668.4765625;356.2830505371094;11548.0859375;0;84.2237548828125;0;;0.859375;260946;m2;201860;0;
..\..\world\kalimdor\felwood\passivedoodads\felwoodmushrooms\felwoodmushroom02.m2;17707.625;351.81591796875;11692.109375;0;345.2193603515625;0;;0.8134765625;257502;m2;201860;0;
..\..\world\kalimdor\felwood\passivedoodads\felwoodmushrooms\felwoodmushroom02.m2;18129.59375;378.9464111328125;11415.3779296875;0;200.330810546875;0;;0.7939453125;260994;m2;201860;0;
..\..\world\kalimdor\felwood\passivedoodads\felwoodmushrooms\felwoodmushroom02.m2;17898.859375;359.620849609375;11582.568359375;-5.500000476837158;42.990814208984375;-7;;0.7587890625;258209;m2;201860;0;
..\..\world\kalimdor\felwood\passivedoodads\felwoodmushrooms\felwoodmushroom02.m2;17699.19921875;363.94757080078125;11397.416015625;0;199.96826171875;0;;0.78515625;260932;m2;201860;0;
..\..\world\kalimdor\felwood\passivedoodads\felwoodmushrooms\felwoodmushroom02.m2;17664.625;363.8883361816406;11403.1259765625;0;204.83535766601562;0;;0.7705078125;260951;m2;201860;0;
..\..\world\kalimdor\felwood\passivedoodads\felwoodmushrooms\felwoodmushroom02.m2;17623.166015625;362.1581115722656;11578.9609375;0;350.639404296875;0;;0.8125;257643;m2;201860;0;
..\..\world\kalimdor\felwood\passivedoodads\felwoodmushrooms\felwoodmushroom02.m2;17665.18359375;364.15789794921875;11401.078125;0;128.796630859375;0;;0.775390625;260952;m2;201860;0;
..\..\world\kalimdor\felwood\passivedoodads\felwoodmushrooms\felwoodmushroom02.m2;18061.013671875;410.1079406738281;11269.318359375;0;148.5836181640625;0;;0.7607421875;260990;m2;201860;0;
..\..\world\kalimdor\felwood\passivedoodads\felwoodmushrooms\felwoodmushroom02.m2;18131.45703125;378.9756774902344;11414.310546875;0;91.6781005859375;0;;0.853515625;260995;m2;201860;0;
..\..\world\kalimdor\felwood\passivedoodads\felwoodmushrooms\felwoodmushroom02.m2;18109.96875;380.3468017578125;11411.642578125;0;209.58160400390625;0;;0.7587890625;260997;m2;201860;0;
..\..\world\kalimdor\felwood\passivedoodads\felwoodmushrooms\felwoodmushroom02.m2;17703.611328125;370.13726806640625;11317.63671875;-1.4999996423721313;188.89370727539062;-0.49999988079071045;;0.8046875;260900;m2;201860;0;
..\..\world\kalimdor\felwood\passivedoodads\felwoodmushrooms\felwoodmushroom02.m2;17660.193359375;354.335205078125;11614.0791015625;0;2.64776611328125;0;;0.830078125;257606;m2;201860;0;
..\..\world\kalimdor\felwood\passivedoodads\felwoodmushrooms\felwoodmushroom02.m2;17639.68359375;357.9608459472656;11566.1435546875;0;312.95513916015625;0;;0.7666015625;257648;m2;201860;0;
..\..\world\kalimdor\felwood\passivedoodads\felwoodmushrooms\felwoodmushroom02.m2;17700.099609375;352.1191101074219;11662.5703125;0;14.70013427734375;0;;0.7607421875;257508;m2;201860;0;
..\..\world\kalimdor\felwood\passivedoodads\felwoodmushrooms\felwoodmushroom02.m2;18012.103515625;374.7707214355469;11680.796875;0;44.5618896484375;0;;0.7568359375;257664;m2;201860;0;
..\..\world\kalimdor\felwood\passivedoodads\felwoodmushrooms\felwoodmushroom02.m2;17986.8984375;364.297119140625;11593.466796875;0;352.529052734375;0;;0.763671875;261004;m2;201860;0;
..\..\world\kalimdor\felwood\passivedoodads\felwoodmushrooms\felwoodmushroom02.m2;17619.072265625;364.1830139160156;11497.86328125;0;265.52569580078125;0;;0.7724609375;258177;m2;201860;0;
..\..\world\kalimdor\felwood\passivedoodads\felwoodmushrooms\felwoodmushroom02.m2;17977.28125;364.8309631347656;11616.98046875;0;185.80645751953125;0;;0.7607421875;257671;m2;201860;0;
..\..\world\kalimdor\felwood\passivedoodads\felwoodmushrooms\felwoodmushroom02.m2;17707.970703125;351.6896057128906;11660.1640625;0;178.283935546875;0;;0.775390625;257505;m2;201860;0;
..\..\world\kalimdor\felwood\passivedoodads\felwoodmushrooms\felwoodmushroom02.m2;17897.333984375;354.49493408203125;11557.5859375;0;271.65625;0;;0.759765625;260795;m2;201860;0;
..\..\world\kalimdor\felwood\passivedoodads\felwoodmushrooms\felwoodmushroom02.m2;17754.314453125;348.8424072265625;11705.90234375;0;313;0;;0.619140625;257627;m2;201860;0;
..\..\world\kalimdor\felwood\passivedoodads\felwoodmushrooms\felwoodmushroom02.m2;17735.478515625;373.873779296875;11231.8359375;0;9.7178955078125;0;;0.62109375;260962;m2;201860;0;
..\..\world\kalimdor\felwood\passivedoodads\felwoodmushrooms\felwoodmushroom02.m2;17899.955078125;359.2279357910156;11580.89453125;0;167.3470458984375;0;;0.599609375;258211;m2;201860;0;
..\..\world\generic\orc\passivedoodads\animalskulls\tigerskull.m2;17733.974609375;373.57427978515625;11249.7529296875;0;87.5;0;;1.7294921875;285605;m2;199054;0;
..\..\world\azeroth\theblastedlands\passivedoodads\bones\blastedlandsbone01.m2;17730.15625;373.35150146484375;11244.388671875;0;239.794921875;0;;2.427734375;285614;m2;190436;0;
..\..\world\azeroth\theblastedlands\passivedoodads\bones\blastedlandsbone01.m2;17634.8515625;364.3004150390625;11453.296875;0;255.39599609375;0;;2.4443359375;285607;m2;190436;0;
..\..\world\azeroth\theblastedlands\passivedoodads\bones\blastedlandsbone01.m2;17787.673828125;345.0267028808594;11665.4306640625;0;352.682861328125;0;;2.353515625;285618;m2;190436;0;
..\..\world\azeroth\theblastedlands\passivedoodads\bones\blastedlandsbone01.m2;17795.134765625;343.8680725097656;11663.7216796875;0;261.3288269042969;0;;2.3330078125;285619;m2;190436;0;
..\..\world\azeroth\theblastedlands\passivedoodads\bones\blastedlandsbone01.m2;17786.654296875;345.22076416015625;11664.568359375;0;202.53912353515625;0;;2.25390625;285617;m2;190436;0;
..\..\world\azeroth\theblastedlands\passivedoodads\bones\blastedlandsbone01.m2;17730.9296875;373.3664855957031;11245.701171875;0;46.53948974609375;0;;2.099609375;285613;m2;190436;0;
..\..\world\azeroth\theblastedlands\passivedoodads\bones\blastedlandsbone01.m2;17633.203125;365.0146179199219;11459.880859375;0;326.10614013671875;0;;2.0927734375;285609;m2;190436;0;
..\..\world\azeroth\theblastedlands\passivedoodads\bones\blastedlandsbone01.m2;17632.193359375;365.2715759277344;11461.55859375;0;12.0413818359375;0;;2.21875;285611;m2;190436;0;
..\..\world\azeroth\theblastedlands\passivedoodads\bones\blastedlandsbone01.m2;17731.037109375;373.4225158691406;11250.48046875;0;204.6815185546875;0;;2.12890625;285612;m2;190436;0;
..\..\world\azeroth\theblastedlands\passivedoodads\bones\blastedlandsbone01.m2;17633.64453125;364.3346252441406;11453.3291015625;0;245.15640258789062;0;;2.1357421875;285608;m2;190436;0;
..\..\world\azeroth\theblastedlands\passivedoodads\bones\blastedlandsbone01.m2;17633.591796875;365.0113220214844;11460.09375;0;268.2613830566406;0;;2.1142578125;285610;m2;190436;0;
..\..\world\wmo\kalimdor\collidabledoodads\darkshore\darkshoredocks\darkshoredocks02.wmo;17819.267578125;329.98419189453125;11692.1513671875;5.500000953674316;35.5;-6;0;1;257687;wmo;113235;0;Set_$DefaultGlobal
..\..\world\wmo\dungeon\md_barrowdens\barrowdens_c.wmo;17457.48046875;355.746337890625;12170.3779296875;0;69.5;0;0;1;445701;wmo;110411;0;Set_$DefaultGlobal
