ModelFile;PositionX;PositionY;PositionZ;RotationX;RotationY;RotationZ;RotationW;ScaleFactor;ModelId;Type;FileDataID;DoodadSetIndexes;DoodadSetNames
..\..\world\kalimdor\barrens\passivedoodads\trees\barrenstree03.m2;19902.158203125;91.66666412353516;16136.1171875;0;120.83013916015625;0;;0.89453125;234097;m2;201398;0;
..\..\world\kalimdor\barrens\passivedoodads\trees\barrenstree03.m2;19857.080078125;91.6666488647461;16511.904296875;0;173.5108642578125;0;;0.919921875;363984;m2;201398;0;
..\..\world\kalimdor\barrens\passivedoodads\trees\barrenstree02.m2;20051.705078125;91.16666412353516;16276.24609375;0;14.0643310546875;0;;1.265625;231425;m2;201396;0;
..\..\world\kalimdor\barrens\passivedoodads\trees\barrenstree02.m2;20058.046875;91.69589233398438;16038.3466796875;0;109.95330810546875;0;;1.1123046875;234098;m2;201396;0;
..\..\world\critter\birds\bird02.m2;19920.626953125;91.66666412353516;16148.322265625;0;344.55059814453125;0;;0.9541015625;273417;m2;190720;0;
..\..\world\khazmodan\ironforge\passivedoodads\steamtank\ruinedsteamtankaxle01.m2;20202.1796875;67.20686340332031;15993.91796875;26.999998092651367;354.5;90.49999237060547;;10.5;252920;m2;203232;0;
..\..\world\khazmodan\ironforge\passivedoodads\steamtank\ruinedsteamtankaxle01.m2;20233.46484375;72.25141906738281;16008.3046875;27.000001907348633;220.5;90.5;;10.5;252922;m2;203232;0;
..\..\world\khazmodan\ironforge\passivedoodads\steamtank\ruinedsteamtankaxle01.m2;19748.43359375;91.66740417480469;16231.4091796875;27;93.5;90.5;;10.5;292079;m2;203232;0;
..\..\world\kalimdor\barrens\passivedoodads\trees\barrenstree01.m2;20208.423828125;91.6758804321289;16123.896484375;0;253.87982177734375;0;;0.9501953125;234099;m2;201394;0;
..\..\world\kalimdor\barrens\passivedoodads\trees\barrenstree04.m2;20200.515625;91.66666412353516;16493.001953125;0;235.70919799804688;0;;1.109375;231423;m2;201399;0;
..\..\world\kalimdor\barrens\passivedoodads\trees\barrenstree04.m2;20064.46484375;91.66666412353516;16266.708984375;0;316.21502685546875;0;;1.0556640625;231427;m2;201399;0;
..\..\world\kalimdor\barrens\passivedoodads\trees\barrenstree04.m2;19897.732421875;91.6767349243164;16383.416015625;0;340.86126708984375;0;;1.08203125;234094;m2;201399;0;
..\..\world\kalimdor\barrens\passivedoodads\trees\barrenstree05.m2;20218.53515625;91.92024993896484;16114.685546875;0;202.43260192871094;0;;1.2099609375;234108;m2;201400;0;
..\..\world\kalimdor\barrens\passivedoodads\trees\barrenstree04.m2;20045.1484375;91.80167388916016;16030.3017578125;0;105.53085327148438;0;;1.076171875;234104;m2;201399;0;
..\..\world\generic\passivedoodads\particleemitters\blacksmith_smoke.m2;20235.65625;103.82687377929688;16007.884765625;0;0;0;;1;293806;m2;199929;0;
..\..\world\generic\passivedoodads\particleemitters\blacksmith_smoke.m2;19748.294921875;125.71013641357422;16234.6904296875;0;358.5;0;;1;262740;m2;199929;0;
..\..\world\kalimdor\barrens\passivedoodads\trees\barrenstree05.m2;19904.2109375;91.94102478027344;16375.3779296875;0;274.7431335449219;0;;1.1640625;234096;m2;201400;0;
..\..\world\kalimdor\barrens\passivedoodads\trees\barrenstree04.m2;20182.095703125;91.46195983886719;16131.0830078125;0;333.1708984375;0;;0.8896484375;234110;m2;201399;0;
..\..\world\kalimdor\barrens\passivedoodads\trees\barrenstree04.m2;19906.12890625;91.58316802978516;16382.654296875;0;86.15283203125;0;;0.9638671875;234095;m2;201399;0;
..\..\world\generic\human\passivedoodads\logmachines\logmachine03.m2;20237.47265625;91.45875549316406;16061.634765625;0;31.5;0;;1;252581;m2;198333;0;
..\..\world\kalimdor\barrens\passivedoodads\trees\barrenstree05.m2;20198.75;91.66666412353516;16504.40234375;0;30.89666748046875;0;;0.82421875;231424;m2;201400;0;
..\..\world\generic\dwarf\passivedoodads\excavationbarriers\excavationbarrier01.m2;20234.501953125;69.15213775634766;16003.763671875;0;353;0;;1;253838;m2;197348;0;
..\..\world\generic\dwarf\passivedoodads\excavationbarriers\excavationbarrier01b.m2;20204.521484375;65.59947204589844;15994.4853515625;0;253;0;;1;253839;m2;197350;0;
..\..\world\kalimdor\barrens\passivedoodads\trees\barrenstree05.m2;19904.11328125;91.66666412353516;16142.384765625;0;92.65478515625;0;;0.8955078125;234115;m2;201400;0;
..\..\world\kalimdor\barrens\passivedoodads\trees\barrenstree05.m2;20053.8046875;91.66666412353516;16287.6884765625;0;345.6231689453125;0;;0.7900390625;231426;m2;201400;0;
..\..\world\kalimdor\barrens\passivedoodads\trees\barrenstree04.m2;20066.9296875;91.66666412353516;16281.853515625;0;215.82647705078125;0;;0.60546875;231428;m2;201399;0;
..\..\world\kalimdor\barrens\passivedoodads\trees\barrenstree05.m2;20207.12109375;92.708251953125;16107.201171875;0;219.85205078125;0;;0.681640625;234109;m2;201400;0;
..\..\world\kalimdor\barrens\passivedoodads\trees\barrenstree05.m2;19861.671875;91.88887023925781;16509.517578125;0;188.298095703125;0;;0.740234375;363982;m2;201400;0;
..\..\world\khazmodan\ironforge\passivedoodads\steamtank\ruinedsteamtankaxle01.m2;20198.455078125;67.90579986572266;16003.6298828125;-61.50000762939453;72;-143;;4.4990234375;252932;m2;203232;0;
..\..\world\khazmodan\ironforge\passivedoodads\steamtank\ruinedsteamtankaxle01.m2;19742.619140625;90.72222137451172;16223.8359375;-61.50000762939453;282.4999694824219;-143;;4.4990234375;262701;m2;203232;0;
..\..\world\khazmodan\ironforge\passivedoodads\steamtank\ruinedsteamtankaxle01.m2;20225.30078125;70.30205535888672;16006.9384765625;-61.500022888183594;343.5;-143;;4.4990234375;252933;m2;203232;0;
..\..\world\kalimdor\barrens\passivedoodads\trees\barrenstree05.m2;20175.103515625;91.6866226196289;16133.607421875;0;68.1842041015625;0;;0.6435546875;234111;m2;201400;0;
..\..\world\generic\goblin\passivedoodads\goblinmachinery\goblinmachinery.m2;19755.029296875;91.5;16237.052734375;0;136;0;;1;262700;m2;197767;0;
..\..\world\kalimdor\durotar\passivedoodads\trees\durotarpalm03.m2;20221.849609375;81.57379913330078;16037.80859375;0;54.43988037109375;0;;1.1123046875;252786;m2;201802;0;
..\..\world\kalimdor\durotar\passivedoodads\trees\durotarpalm03.m2;20256.42578125;80.91249084472656;16017.2421875;0;310.0948486328125;0;;1.109375;252773;m2;201802;0;
..\..\world\kalimdor\durotar\passivedoodads\trees\durotarpalm03.m2;20247.15625;81.29122924804688;16028.8798828125;0;125.74315643310547;0;;1.10546875;252780;m2;201802;0;
..\..\world\kalimdor\durotar\passivedoodads\trees\durotarpalm03.m2;20254.880859375;80.80855560302734;15994.056640625;0;141.66909790039062;0;;1.08203125;252790;m2;201802;0;
..\..\world\generic\dwarf\passivedoodads\excavationbarriers\excavationbarrier02.m2;20233.376953125;70.83909606933594;16013.2978515625;0;164;0;;1;253840;m2;197352;0;
..\..\world\generic\dwarf\passivedoodads\excavationbarriers\excavationbarrier02b.m2;20186.072265625;69.3153305053711;16022.5546875;0;288.5;0;;1;253836;m2;197354;0;
..\..\world\generic\dwarf\passivedoodads\excavationbarriers\excavationbarrier02.m2;20182.326171875;69.42935943603516;16010.888671875;0;289;0;;1;253837;m2;197352;0;
..\..\world\azeroth\duskwood\passivedoodads\bush\duskwoodbush02.m2;19906.49609375;91.66666412353516;16490.58984375;0;132.02496337890625;0;;1.2939453125;377299;m2;189396;0;
..\..\world\kalimdor\barrens\passivedoodads\trees\barrenstree05.m2;19846.916015625;91.66677856445312;16521.3125;0;5.35382080078125;0;;0.6337890625;363983;m2;201400;0;
..\..\world\azeroth\duskwood\passivedoodads\bush\duskwoodbush01.m2;19901.068359375;91.66666412353516;16143.888671875;0;195.18421936035156;0;;1.1689453125;234116;m2;189395;0;
..\..\world\azeroth\duskwood\passivedoodads\bush\duskwoodbush02.m2;19888.423828125;91.66666412353516;16135.353515625;0;285.1318664550781;0;;1.22265625;234117;m2;189396;0;
..\..\world\azeroth\duskwood\passivedoodads\bush\duskwoodbush02.m2;20217.53125;91.66663360595703;16132.30859375;0;79.20877075195312;0;;1.2275390625;234139;m2;189396;0;
..\..\world\kalimdor\durotar\passivedoodads\trees\durotarpalm03.m2;20245.580078125;82.13368225097656;16032.603515625;0;329.660400390625;0;;0.91796875;252781;m2;201802;0;
..\..\world\azeroth\duskwood\passivedoodads\bush\duskwoodbush01.m2;20045.021484375;91.69512176513672;16041.4248046875;0;129.09271240234375;0;;1.1357421875;234128;m2;189395;0;
..\..\world\azeroth\duskwood\passivedoodads\bush\duskwoodbush01.m2;19899.36328125;91.69058990478516;16388.04296875;0;182.35516357421875;0;;1.1640625;234112;m2;189395;0;
..\..\world\kalimdor\durotar\passivedoodads\trees\durotarpalm01.m2;20225.076171875;82.11511993408203;16038.294921875;0;293.37469482421875;0;;1.2431640625;252785;m2;201800;0;
..\..\world\kalimdor\durotar\passivedoodads\trees\durotarpalm02.m2;20255.216796875;80.51773071289062;16015.27734375;0;150.71902465820312;0;;1.2265625;252774;m2;201801;0;
..\..\world\azeroth\duskwood\passivedoodads\bush\duskwoodbush01.m2;19896.91796875;91.67901611328125;16499.267578125;0;185.78616333007812;0;;1.05859375;377297;m2;189395;0;
..\..\world\kalimdor\durotar\passivedoodads\trees\durotarpalm01.m2;20257.759765625;80.95726776123047;16013.9296875;0;87.82366943359375;0;;1.1181640625;252771;m2;201800;0;
..\..\world\azeroth\duskwood\passivedoodads\bush\duskwoodbush01.m2;20072.7421875;91.66666412353516;16465.97265625;0;230.7569580078125;0;;0.9892578125;377261;m2;189395;0;
..\..\world\kalimdor\durotar\passivedoodads\trees\durotarpalm01.m2;20243.75390625;81.42272186279297;16031.0166015625;0;206.9236602783203;0;;1.09375;252783;m2;201800;0;
..\..\world\kalimdor\durotar\passivedoodads\trees\durotarpalm01.m2;20259.71875;81.24958801269531;16014.607421875;0;41.8167724609375;0;;1.0927734375;252772;m2;201800;0;
..\..\world\azeroth\duskwood\passivedoodads\bush\duskwoodbush02.m2;20050.28125;91.66666412353516;16261.0927734375;0;17.2447509765625;0;;0.95703125;234121;m2;189396;0;
..\..\world\kalimdor\durotar\passivedoodads\trees\durotarpalm01.m2;20248.99609375;80.8851089477539;16026.615234375;0;66.48114013671875;0;;1.0439453125;252784;m2;201800;0;
..\..\world\azeroth\duskwood\passivedoodads\bush\duskwoodbush01.m2;19828.357421875;91.61109161376953;16479.978515625;0;290.81988525390625;0;;0.8984375;375065;m2;189395;0;
..\..\world\azeroth\duskwood\passivedoodads\bush\duskwoodbush02.m2;20065.044921875;91.66666412353516;16470.361328125;0;197.30873107910156;0;;0.9384765625;377263;m2;189396;0;
..\..\world\azeroth\duskwood\passivedoodads\bush\duskwoodbush05.m2;19906.408203125;91.69940948486328;16393.958984375;0;311.6221923828125;0;;1.416015625;375026;m2;189399;0;
..\..\world\kalimdor\durotar\passivedoodads\trees\durotarpalm01.m2;20219.19140625;81.2047119140625;16036.69921875;0;214.17608642578125;0;;1.0283203125;252789;m2;201800;0;
..\..\world\azeroth\duskwood\passivedoodads\bush\duskwoodbush05.m2;19919.349609375;91.66666412353516;16493.943359375;0;25.794342041015625;0;;1.33203125;377294;m2;189399;0;
..\..\world\azeroth\duskwood\passivedoodads\bush\duskwoodbush02.m2;19915.60546875;91.67008209228516;16398.408203125;0;336.5128173828125;0;;0.904296875;375025;m2;189396;0;
..\..\world\azeroth\duskwood\passivedoodads\bush\duskwoodbush03.m2;19909.748046875;91.67189025878906;16497.6875;0;23.29058837890625;0;;1.2421875;377295;m2;189397;0;
..\..\world\kalimdor\barrens\passivedoodads\bushes\barrensbush01.m2;20243.662109375;82.45372009277344;16036.8916015625;0;53.06640625;0;;1.109375;252804;m2;201370;0;
..\..\world\azeroth\duskwood\passivedoodads\bush\duskwoodbush02.m2;20078.4765625;91.66666412353516;16458.111328125;0;225.33697509765625;0;;0.8974609375;375169;m2;189396;0;
..\..\world\azeroth\duskwood\passivedoodads\bush\duskwoodbush04.m2;19927.2578125;91.66861724853516;16506.12109375;0;259.1692810058594;0;;1.30859375;375130;m2;189398;0;
..\..\world\azeroth\duskwood\passivedoodads\bush\duskwoodbush03.m2;20245.775390625;81.13017272949219;16030.26171875;5.499999523162842;317.0700378417969;7.500000953674316;;1.1923828125;252872;m2;189397;0;
..\..\world\azeroth\duskwood\passivedoodads\bush\duskwoodbush05.m2;19965.728515625;91.72489166259766;16421.080078125;0;248.0802001953125;0;;1.271484375;377379;m2;189399;0;
..\..\world\azeroth\duskwood\passivedoodads\bush\duskwoodbush05.m2;20060.794921875;91.93729400634766;16046.779296875;0;22.98223876953125;0;;1.2470703125;234129;m2;189399;0;
..\..\world\azeroth\duskwood\passivedoodads\bush\duskwoodbush01.m2;20086.28515625;91.66666412353516;16453.041015625;0;226.74307250976562;0;;0.888671875;375172;m2;189395;0;
..\..\world\azeroth\duskwood\passivedoodads\bush\duskwoodbush05.m2;20078.482421875;91.66666412353516;16536.6953125;0;277.50286865234375;0;;1.2880859375;375262;m2;189399;0;
..\..\world\azeroth\duskwood\passivedoodads\bush\duskwoodbush01.m2;20063.380859375;91.66666412353516;16280.4853515625;0;259.2745056152344;0;;0.8486328125;234125;m2;189395;0;
..\..\world\generic\goblin\passivedoodads\goblintents\goblintent07.m2;19754.0859375;91.55555725097656;16239.447265625;0;140;0;;1.8798828125;363837;m2;197797;0;
..\..\world\azeroth\duskwood\passivedoodads\bush\duskwoodbush01.m2;19879.734375;91.88195037841797;16376.0859375;0;139;0;;0.859375;377411;m2;189395;0;
..\..\world\azeroth\duskwood\passivedoodads\bush\duskwoodbush02.m2;20179.955078125;91.97013854980469;16128.49609375;0;190.84796142578125;0;;0.8876953125;234133;m2;189396;0;
..\..\world\azeroth\duskwood\passivedoodads\bush\duskwoodbush02.m2;20121.015625;82.75228118896484;16058.7734375;8.500000953674316;84.5;2.000000238418579;;0.9091796875;252889;m2;189396;0;
..\..\world\azeroth\duskwood\passivedoodads\bush\duskwoodbush05.m2;19973.064453125;91.66716003417969;16445.615234375;0;140.21661376953125;0;;1.26171875;375097;m2;189399;0;
..\..\world\azeroth\duskwood\passivedoodads\bush\duskwoodbush05.m2;20108.2109375;91.66741180419922;16536.05859375;0;23.82861328125;0;;1.205078125;377220;m2;189399;0;
..\..\world\azeroth\duskwood\passivedoodads\bush\duskwoodbush01.m2;19963.20703125;91.86859130859375;16435.068359375;0;102.98052978515625;0;;0.8115234375;375096;m2;189395;0;
..\..\world\kalimdor\barrens\passivedoodads\bushes\barrensbush01.m2;20219.072265625;82.38777160644531;16039.583984375;0;36.247100830078125;0;;1.017578125;252805;m2;201370;0;
..\..\world\azeroth\duskwood\passivedoodads\bush\duskwoodbush03.m2;20194.85546875;91.66666412353516;16494.357421875;0;305.258544921875;0;;1.125;231446;m2;189397;0;
..\..\world\azeroth\duskwood\passivedoodads\bush\duskwoodbush02.m2;20016.943359375;91.71700286865234;16466.548828125;0;345.711181640625;0;;0.8408203125;375215;m2;189396;0;
..\..\world\kalimdor\barrens\passivedoodads\bushes\barrensbush01.m2;20144.375;81.0102767944336;16074.5859375;0.9999998807907104;120;-1.999999761581421;;1;252884;m2;201370;0;
..\..\world\azeroth\duskwood\passivedoodads\bush\duskwoodbush01.m2;19999.9296875;91.67941284179688;16466.85546875;0;174.252685546875;0;;0.8203125;375218;m2;189395;0;
..\..\world\azeroth\duskwood\passivedoodads\bush\duskwoodbush02.m2;20066.1640625;91.67488861083984;16027.65234375;0;134.25155639648438;0;;0.8095703125;234131;m2;189396;0;
..\..\world\azeroth\duskwood\passivedoodads\bush\duskwoodbush02.m2;19834.62890625;91.6666488647461;16486.90234375;0;327.4268798828125;0;;0.7890625;375062;m2;189396;0;
..\..\world\azeroth\duskwood\passivedoodads\bush\duskwoodbush04.m2;19941.0078125;91.66712188720703;16483.07421875;0;213.2814483642578;0;;1.1552734375;377296;m2;189398;0;
..\..\world\azeroth\duskwood\passivedoodads\bush\duskwoodbush01.m2;20220.48046875;91.68492126464844;16120.57421875;0;298.522705078125;0;;0.77734375;234138;m2;189395;0;
..\..\world\kalimdor\barrens\passivedoodads\bushes\barrensbush02.m2;20126.771484375;81.4287338256836;16060.8017578125;0;230.3037109375;0;;1.119140625;252624;m2;201371;0;
..\..\world\kalimdor\barrens\passivedoodads\bushes\barrensbush02.m2;20260.267578125;81.46168518066406;16016.9453125;0;292.3231201171875;0;;1.2041015625;252797;m2;201371;0;
..\..\world\azeroth\duskwood\passivedoodads\bush\duskwoodbush03.m2;19929.41015625;91.66666412353516;16483.998046875;0;128.069091796875;0;;1.087890625;377298;m2;189397;0;
..\..\world\azeroth\duskwood\passivedoodads\bush\duskwoodbush05.m2;20042.875;91.66666412353516;16281.52734375;0;290.23638916015625;0;;1.1396484375;234123;m2;189399;0;
..\..\world\azeroth\duskwood\passivedoodads\bush\duskwoodbush04.m2;20041.337890625;91.66666412353516;16269.3671875;0;62.6444091796875;0;;1.115234375;234122;m2;189398;0;
..\..\world\azeroth\duskwood\passivedoodads\bush\duskwoodbush02.m2;20178.3828125;91.66950225830078;16135.7333984375;0;335.73046875;0;;0.775390625;234134;m2;189396;0;
..\..\world\generic\dwarf\passivedoodads\excavationbarriers\excavationbarrier02.m2;19759.4921875;91.27777862548828;16234.8779296875;89.00044250488281;303.4992980957031;-10.000507354736328;;0.529296875;262721;m2;197352;0;
..\..\world\azeroth\duskwood\passivedoodads\bush\duskwoodbush04.m2;19910.58984375;91.66963195800781;16392.05078125;0;38.406097412109375;0;;1.130859375;377412;m2;189398;0;
..\..\world\azeroth\duskwood\passivedoodads\bush\duskwoodbush03.m2;20068.07421875;91.66666412353516;16279.224609375;0;121.87728881835938;0;;1.046875;234126;m2;189397;0;
..\..\world\azeroth\duskwood\passivedoodads\bush\duskwoodbush05.m2;19908.076171875;91.66666412353516;16131.5810546875;0;271.65509033203125;0;;1.181640625;234119;m2;189399;0;
..\..\world\azeroth\duskwood\passivedoodads\bush\duskwoodbush05.m2;20197.97265625;92.2825698852539;16117.7353515625;0;213.89608764648438;0;;1.1142578125;234136;m2;189399;0;
..\..\world\azeroth\duskwood\passivedoodads\bush\duskwoodbush03.m2;20089.017578125;91.66666412353516;16445.103515625;0;269.7584228515625;0;;1.158203125;375170;m2;189397;0;
..\..\world\azeroth\duskwood\passivedoodads\bush\duskwoodbush03.m2;20048.892578125;91.6905288696289;16025.740234375;0;171.25665283203125;0;;1.0791015625;234132;m2;189397;0;
..\..\world\azeroth\duskwood\passivedoodads\bush\duskwoodbush02.m2;19934.3984375;91.66669464111328;16485.9921875;0;34.913055419921875;0;;0.728515625;375128;m2;189396;0;
..\..\world\azeroth\duskwood\passivedoodads\bush\duskwoodbush03.m2;19889.84375;91.7608413696289;16383.5341796875;0;333;0;;1;377410;m2;189397;0;
..\..\world\kalimdor\barrens\passivedoodads\bushes\barrensbush02.m2;20171.158203125;80.87054443359375;16063.193359375;0;140.93560791015625;0;;1.03125;252622;m2;201371;0;
..\..\world\kalimdor\barrens\passivedoodads\bushes\barrensbush02.m2;20247.96484375;80.10875701904297;16024.8603515625;0;251.40866088867188;0;;1.1357421875;252802;m2;201371;0;
..\..\world\kalimdor\barrens\passivedoodads\bushes\barrensbush01.m2;20099.02734375;82.45858001708984;15997.630859375;0;330.5401611328125;0;;0.9169921875;252625;m2;201370;0;
..\..\world\azeroth\duskwood\passivedoodads\bush\duskwoodbush03.m2;20206.6484375;92.38577270507812;16110.6748046875;0;358.28314208984375;0;;1.095703125;234137;m2;189397;0;
..\..\world\azeroth\duskwood\passivedoodads\bush\duskwoodbush05.m2;19993.9296875;91.67008209228516;16460.677734375;0;109.03079223632812;0;;1.0390625;375226;m2;189399;0;
..\..\world\kalimdor\durotar\passivedoodads\trees\durotarpalm02.m2;20220.13671875;81.19570922851562;16035.19921875;0;120.95953369140625;0;;0.8095703125;252787;m2;201801;0;
..\..\world\azeroth\duskwood\passivedoodads\bush\duskwoodbush03.m2;20042.412109375;91.94448852539062;16032.7490234375;0;313.1290283203125;0;;1.001953125;234127;m2;189397;0;
..\..\world\azeroth\duskwood\passivedoodads\bush\duskwoodbush01.m2;19927.294921875;91.66666412353516;16490.09375;0;64.00567626953125;0;;0.689453125;375131;m2;189395;0;
..\..\world\azeroth\duskwood\passivedoodads\bush\duskwoodbush04.m2;19894.205078125;91.99652862548828;16394.134765625;0;51.98779296875;0;;1.033203125;375024;m2;189398;0;
..\..\world\kalimdor\barrens\passivedoodads\bushes\barrensbush02.m2;20144.193359375;81.85657501220703;16079.1083984375;0;132;0;;1;252885;m2;201371;0;
..\..\world\azeroth\duskwood\passivedoodads\bush\duskwoodbush04.m2;19901.666015625;91.66666412353516;16124.310546875;0;346.57403564453125;0;;1.0322265625;234118;m2;189398;0;
..\..\world\azeroth\duskwood\passivedoodads\bush\duskwoodbush03.m2;19895.861328125;91.6781005859375;16378.3427734375;0;247.54933166503906;0;;0.9677734375;234113;m2;189397;0;
..\..\world\kalimdor\barrens\passivedoodads\bushes\barrensbush02.m2;20242.24609375;82.06849670410156;16034.458984375;0;315.18060302734375;0;;0.9921875;252803;m2;201371;0;
..\..\world\azeroth\duskwood\passivedoodads\bush\duskwoodbush02.m2;20209.833984375;82.49359130859375;16045.0341796875;-12.5;62.5;-2.5;;0.669921875;252880;m2;189396;0;
..\..\world\azeroth\duskwood\passivedoodads\bush\duskwoodbush01.m2;20074.322265625;91.66666412353516;16527.099609375;0;328.1565246582031;0;;0.6904296875;375259;m2;189395;0;
..\..\world\azeroth\duskwood\passivedoodads\bush\duskwoodbush04.m2;20091.82421875;91.66666412353516;16440.48046875;0;219.81619262695312;0;;1.02734375;375171;m2;189398;0;
..\..\world\azeroth\duskwood\passivedoodads\bush\duskwoodbush04.m2;20105.169921875;81.33012390136719;16000.896484375;0;287;0;;1;252881;m2;189398;0;
..\..\world\azeroth\duskwood\passivedoodads\bush\duskwoodbush04.m2;20222.17578125;83.08336639404297;16041.3134765625;0;320.88433837890625;0;;1.009765625;252871;m2;189398;0;
..\..\world\azeroth\duskwood\passivedoodads\bush\duskwoodbush02.m2;20005.39453125;91.6749038696289;16463.755859375;0;54.62774658203125;0;;0.677734375;375287;m2;189396;0;
..\..\world\azeroth\duskwood\passivedoodads\bush\duskwoodbush04.m2;20069.76953125;91.83246612548828;16037.3017578125;0;62.04498291015625;0;;0.974609375;234130;m2;189398;0;
..\..\world\kalimdor\durotar\passivedoodads\trees\durotarpalm02.m2;20243.322265625;80.784912109375;16029.068359375;0;185.58192443847656;0;;0.8447265625;252782;m2;201801;0;
..\..\world\azeroth\duskwood\passivedoodads\bush\duskwoodbush03.m2;20166.2109375;81.01154327392578;16071.6259765625;7.500000953674316;244.5;8;;0.8798828125;252891;m2;189397;0;
..\..\world\kalimdor\durotar\passivedoodads\trees\durotarpalm02.m2;20221.06640625;80.85479736328125;16034.291015625;0;67.9464111328125;0;;0.767578125;252788;m2;201801;0;
..\..\world\azeroth\duskwood\passivedoodads\bush\duskwoodbush04.m2;20195.736328125;91.66825103759766;16130.208984375;0;270.97039794921875;0;;1.0478515625;234135;m2;189398;0;
..\..\world\azeroth\duskwood\passivedoodads\bush\duskwoodbush05.m2;20172.77734375;81.68528747558594;16066.5498046875;-7.500000953674316;86.5;-5.500001430511475;;1;252892;m2;189399;0;
..\..\world\azeroth\duskwood\passivedoodads\bush\duskwoodbush04.m2;20087.078125;91.66666412353516;16457.59765625;0;273.3218994140625;0;;1.0263671875;377260;m2;189398;0;
..\..\world\azeroth\duskwood\passivedoodads\bush\duskwoodbush03.m2;20060.318359375;91.66666412353516;16261.7197265625;0;138.58245849609375;0;;0.916015625;234120;m2;189397;0;
..\..\world\azeroth\duskwood\passivedoodads\bush\duskwoodbush05.m2;19907.201171875;91.96469116210938;16378.1884765625;0;148.8515625;0;;0.958984375;234114;m2;189399;0;
..\..\world\kalimdor\barrens\passivedoodads\bushes\barrensbush01.m2;20254.01953125;80.62670135498047;15997.638671875;0;316.88421630859375;0;;0.8037109375;252808;m2;201370;0;
..\..\world\kalimdor\barrens\passivedoodads\bushes\barrensbush01.m2;20107.083984375;81.78003692626953;16021.6298828125;0;119.5;0;;0.8193359375;252893;m2;201370;0;
..\..\world\azeroth\duskwood\passivedoodads\bush\duskwoodbush03.m2;19862.408203125;91.66667175292969;16514.150390625;0;98.61483764648438;0;;0.93359375;363987;m2;189397;0;
..\..\world\azeroth\duskwood\passivedoodads\bush\duskwoodbush03.m2;19973.8359375;91.78463745117188;16425.041015625;0;211.04898071289062;0;;0.8740234375;377380;m2;189397;0;
..\..\world\generic\human\passivedoodads\woodenrails\rail_wooden02.m2;20166.017578125;80.10291290283203;16031.2529296875;0;291.5;0;;1;253861;m2;198669;0;
..\..\world\generic\human\passivedoodads\woodenrails\rail_wooden02.m2;20168.068359375;80.1584701538086;16030.8115234375;0;292;0;;1;253860;m2;198669;0;
..\..\world\azeroth\duskwood\passivedoodads\bush\duskwoodbush02.m2;19852.55078125;91.6666488647461;16524.794921875;0;184.6396484375;0;;0.7060546875;363986;m2;189396;0;
..\..\world\azeroth\duskwood\passivedoodads\bush\duskwoodbush05.m2;20259.861328125;81.68791198730469;16018.9384765625;0;202.80374145507812;0;;0.9208984375;252876;m2;189399;0;
..\..\world\azeroth\duskwood\passivedoodads\bush\duskwoodbush01.m2;19848.67578125;91.6666488647461;16503.990234375;0;42.784759521484375;0;;0.654296875;363989;m2;189395;0;
..\..\world\azeroth\duskwood\passivedoodads\bush\duskwoodbush05.m2;19901.4921875;91.66666412353516;16481.89453125;0;98.19390869140625;0;;0.9482421875;377300;m2;189399;0;
..\..\world\khazmodan\ironforge\passivedoodads\steamtank\ruinedsteamtankgastank01.m2;19752.05859375;92.44444274902344;16229.603515625;-57.499996185302734;120;-67.5;;2.599609375;262704;m2;203233;0;
..\..\world\azeroth\duskwood\passivedoodads\bush\duskwoodbush04.m2;19858.0703125;91.6666488647461;16504.599609375;0;134.50518798828125;0;;0.9404296875;363988;m2;189398;0;
..\..\world\azeroth\duskwood\passivedoodads\bush\duskwoodbush05.m2;20250.419921875;82.0225601196289;16029.2841796875;0;87.92117309570312;0;;0.9677734375;252873;m2;189399;0;
..\..\world\kalimdor\barrens\passivedoodads\bushes\barrensbush02.m2;20159.96484375;81.0964584350586;16072.8671875;0;287.1511535644531;0;;0.986328125;252623;m2;201371;0;
..\..\world\kalimdor\barrens\passivedoodads\bushes\barrensbush02.m2;20225.861328125;82.06355285644531;16037.0361328125;0;311.1815185546875;0;;0.8701171875;252806;m2;201371;0;
..\..\world\kalimdor\barrens\passivedoodads\bushes\barrensbush02.m2;20206.009765625;81.4711685180664;16040.8046875;0;342.8828125;0;;0.978515625;252627;m2;201371;0;
..\..\world\kalimdor\barrens\passivedoodads\bushes\barrensbush02.m2;20115.08203125;80.74258422851562;16029.369140625;0;103.5;0;;1;252895;m2;201371;0;
..\..\world\azeroth\duskwood\passivedoodads\bush\duskwoodbush02.m2;20009.3671875;91.68547058105469;16465.517578125;0;177.8167724609375;0;;0.6865234375;375225;m2;189396;0;
..\..\world\generic\human\passivedoodads\woodenrails\rail_wooden02.m2;20171.505859375;80.0851821899414;16042.240234375;0;121;0;;1.009765625;253863;m2;198669;0;
..\..\world\azeroth\duskwood\passivedoodads\bush\duskwoodbush03.m2;19825.677734375;91.5488052368164;16489.603515625;6.000000476837158;207.40028381347656;0.5;;0.80078125;375063;m2;189397;0;
..\..\world\kalimdor\barrens\passivedoodads\bushes\barrensbush01.m2;20167.056640625;80.21329498291016;16066.1552734375;0;177.05078125;0;;0.951171875;252621;m2;201370;0;
..\..\world\azeroth\duskwood\passivedoodads\bush\duskwoodbush03.m2;20024.15625;91.72132873535156;16468.3046875;0;147.50613403320312;0;;0.810546875;375216;m2;189397;0;
..\..\world\kalimdor\barrens\passivedoodads\bushes\barrensbush02.m2;20108.255859375;81.42496490478516;16018.853515625;0;119;0;;0.859375;252894;m2;201371;0;
..\..\world\azeroth\duskwood\passivedoodads\bush\duskwoodbush04.m2;20068.84765625;91.66666412353516;16463.884765625;0;135.90106201171875;0;;0.875;377262;m2;189398;0;
..\..\world\generic\human\passivedoodads\valvesteam\deadminevalvesteam02.m2;20234.095703125;80.59831237792969;16009.35546875;-0.9999998807907104;288.5;-0.5;;1;252928;m2;198618;0;
..\..\world\azeroth\elwynn\buildings\goldmine\goldminetracks.m2;19743.53515625;92.31864929199219;16215.1611328125;0;50;0;;1;262719;m2;189622;0;
..\..\world\azeroth\duskwood\passivedoodads\bush\duskwoodbush01.m2;19842.568359375;91.6666488647461;16493.107421875;0;164.4898681640625;0;;0.568359375;375064;m2;189395;0;
..\..\world\generic\human\passivedoodads\woodenrails\rail_wooden02.m2;20173.392578125;80.15459442138672;16041.05859375;0;303.5;0;;1;253862;m2;198669;0;
..\..\world\azeroth\duskwood\passivedoodads\bush\duskwoodbush03.m2;20146.705078125;80.5050048828125;16072.9453125;2;165.5;1;;0.8095703125;252886;m2;189397;0;
..\..\world\azeroth\duskwood\passivedoodads\bush\duskwoodbush04.m2;20259.0625;81.57844543457031;16012.4384765625;0;344.8493347167969;0;;0.8369140625;252877;m2;189398;0;
..\..\world\azeroth\duskwood\passivedoodads\bush\duskwoodbush03.m2;19928.859375;91.67422485351562;16514.04296875;0;318.7847900390625;0;;0.8056640625;375129;m2;189397;0;
..\..\world\azeroth\elwynn\buildings\goldmine\goldminetracks.m2;19752.28125;92.31864929199219;16222.255859375;0;49;0;;1;262718;m2;189622;0;
..\..\world\azeroth\duskwood\passivedoodads\bush\duskwoodbush03.m2;20110.796875;81.40086364746094;16026.193359375;8.000000953674316;93.5;-1.999999761581421;;0.8291015625;252896;m2;189397;0;
..\..\world\kalimdor\barrens\passivedoodads\bushes\barrensbush02.m2;20252.673828125;79.7821044921875;16016.4833984375;0;86.20513916015625;0;;1.03515625;252798;m2;201371;0;
..\..\world\generic\human\passivedoodads\woodenrails\rail_wooden02.m2;19743.947265625;91.44444274902344;16214.7041015625;0;321;0;;1;262716;m2;198669;0;
..\..\world\generic\human\passivedoodads\woodenrails\rail_wooden02.m2;19752.42578125;91.44444274902344;16223.193359375;0;140.5;0;;1;262714;m2;198669;0;
..\..\world\kalimdor\barrens\passivedoodads\bushes\barrensbush03.m2;19895.12109375;91.6666488647461;16496.4140625;0;61.10784912109375;0;;2.43359375;377354;m2;201372;0;
..\..\world\azeroth\duskwood\passivedoodads\bush\duskwoodbush03.m2;20204.78125;91.66666412353516;16503.875;0;107.01970672607422;0;;0.75;231447;m2;189397;0;
..\..\world\generic\human\passivedoodads\woodenrails\rail_wooden02.m2;19743.794921875;91.44444274902344;16216.005859375;0;140;0;;1;262717;m2;198669;0;
..\..\world\generic\human\passivedoodads\woodenrails\rail_wooden02.m2;19752.58984375;91.44444274902344;16221.8955078125;0;319.5;0;;1;262715;m2;198669;0;
..\..\world\azeroth\duskwood\passivedoodads\bush\duskwoodbush04.m2;20027.76953125;91.69087219238281;16469.9296875;0;296.55682373046875;0;;0.7568359375;375283;m2;189398;0;
..\..\world\azeroth\duskwood\passivedoodads\bush\duskwoodbush03.m2;20053.62890625;91.66666412353516;16288.3955078125;0;193.06863403320312;0;;0.751953125;234124;m2;189397;0;
..\..\world\kalimdor\barrens\passivedoodads\bushes\barrensbush02.m2;20225.724609375;82.46859741210938;16040.166015625;0;183.09274291992188;0;;0.9990234375;252626;m2;201371;0;
..\..\world\azeroth\duskwood\passivedoodads\bush\duskwoodbush03.m2;19923.37890625;91.66666412353516;16401.021484375;0;162.62774658203125;0;;0.7353515625;375023;m2;189397;0;
..\..\world\azeroth\duskwood\passivedoodads\bush\duskwoodbush03.m2;20126.486328125;81.12104797363281;16054.3486328125;-12.500000953674316;186.5;5.5;;0.75;252890;m2;189397;0;
..\..\world\khazmodan\ironforge\passivedoodads\steamtank\ruinedsteamtankgastank01.m2;19750.19921875;97;16228.1435546875;8;83;3.000000476837158;;2.599609375;262703;m2;203233;0;
..\..\world\azeroth\duskwood\passivedoodads\bush\duskwoodbush04.m2;20009.123046875;91.74686431884766;16458.021484375;0;231.44235229492188;0;;0.76171875;375217;m2;189398;0;
..\..\world\azeroth\duskwood\passivedoodads\bush\duskwoodbush02.m2;19967.474609375;91.7260513305664;16426.193359375;0;185.93206787109375;0;;0.568359375;375095;m2;189396;0;
..\..\world\azeroth\duskwood\passivedoodads\bush\duskwoodbush03.m2;19926.447265625;91.66668701171875;16500.025390625;0;280.92584228515625;0;;0.740234375;375137;m2;189397;0;
..\..\world\azeroth\duskwood\passivedoodads\bush\duskwoodbush03.m2;20093.865234375;91.66666412353516;16433.8671875;0;98.58746337890625;0;;0.74609375;375180;m2;189397;0;
..\..\world\azeroth\duskwood\passivedoodads\bush\duskwoodbush05.m2;19845.21875;91.66708374023438;16519.748046875;0;318.4678955078125;0;;0.7861328125;363985;m2;189399;0;
..\..\world\azeroth\duskwood\passivedoodads\bush\duskwoodbush04.m2;19963.998046875;91.86946105957031;16429.298828125;0;234.1453857421875;0;;0.7392578125;375294;m2;189398;0;
..\..\world\azeroth\duskwood\passivedoodads\bush\duskwoodbush05.m2;20145.76953125;81.65872955322266;16078.623046875;0;201.5;-2.5;;0.7294921875;252887;m2;189399;0;
..\..\world\kalimdor\barrens\passivedoodads\bushes\barrensbush03.m2;19912.431640625;91.66666412353516;16493.798828125;0;119.4132080078125;0;;2.21875;377330;m2;201372;0;
..\..\world\kalimdor\barrens\passivedoodads\bushes\barrensbush03.m2;19991.0859375;91.74768829345703;16465.8515625;0;255.0443878173828;0;;2.3974609375;377254;m2;201372;0;
..\..\world\kalimdor\barrens\passivedoodads\bushes\barrensbush03.m2;20088.185546875;91.66666412353516;16442.275390625;0;318.22845458984375;0;;2.154296875;375153;m2;201372;0;
..\..\world\azeroth\elwynn\passivedoodads\trees\stumps\elwynntreestump02.m2;20123.068359375;81.99188232421875;16061.240234375;0;326.777587890625;0;;1.2119140625;252593;m2;189940;0;
..\..\world\generic\goblin\passivedoodads\goblinshreddersuit\goblinshreddersuit02.m2;20201.0234375;79.91840362548828;16037.748046875;-86.50016784667969;294.4996032714844;88.50032043457031;;1;252586;m2;197790;0;
..\..\world\azeroth\elwynn\passivedoodads\trees\stumps\elwynntreestump02.m2;20206.77734375;82.1520004272461;16045.62109375;0;26.32403564453125;0;;1.2392578125;252592;m2;189940;0;
..\..\world\azeroth\duskwood\passivedoodads\bush\duskwoodbush02.m2;20199.994140625;91.66666412353516;16503.94140625;0;267.6276550292969;0;;0.5380859375;231448;m2;189396;0;
..\..\world\azeroth\elwynn\passivedoodads\trees\stumps\elwynntreestump01.m2;20101.62890625;82.04898834228516;16001.8896484375;0;295.6417541503906;0;;1.154296875;252587;m2;189939;0;
..\..\world\kalimdor\barrens\passivedoodads\bushes\barrensbush02.m2;20256.00390625;80.81444549560547;15997.6259765625;0;99.5867919921875;0;;0.7958984375;252807;m2;201371;0;
..\..\world\azeroth\elwynn\passivedoodads\trees\stumps\elwynntreestump01.m2;20101.51953125;81.8084945678711;15997.7197265625;0;326.47509765625;0;;1.080078125;252588;m2;189939;0;
..\..\world\azeroth\elwynn\passivedoodads\trees\stumps\elwynntreestump02.m2;20169.791015625;80.90801239013672;16067.4423828125;0;241.25721740722656;0;;1.177734375;252599;m2;189940;0;
..\..\world\azeroth\duskwood\passivedoodads\bush\duskwoodbush03.m2;19829.912109375;91.66685485839844;16485.744140625;0;73.16122436523438;0;;0.6376953125;375066;m2;189397;0;
..\..\world\kalimdor\barrens\passivedoodads\bushes\barrensbush03.m2;19938.11328125;91.66715240478516;16486.2421875;0;234.71957397460938;0;;1.9853515625;375126;m2;201372;0;
..\..\world\kalimdor\barrens\passivedoodads\bushes\barrensbush03.m2;20109.103515625;79.69845581054688;16005.6767578125;0;127.3134536743164;0;;1.97265625;252744;m2;201372;0;
..\..\world\kalimdor\barrens\passivedoodads\bushes\barrensbush03.m2;20128.828125;80.15603637695312;16054.962890625;0;324.7547912597656;0;;1.974609375;252761;m2;201372;0;
..\..\world\kalimdor\barrens\passivedoodads\bushes\barrensbush03.m2;20170.74609375;79.94017028808594;16059.013671875;0;213.86639404296875;0;;1.9775390625;252703;m2;201372;0;
..\..\world\kalimdor\barrens\passivedoodads\bushes\barrensbush03.m2;19892.197265625;91.6666488647461;16497.34765625;0;242.61288452148438;0;;2.0078125;377355;m2;201372;0;
..\..\world\kalimdor\barrens\passivedoodads\bushes\barrensbush03.m2;20078.34765625;91.66666412353516;16530.689453125;0;42.935882568359375;0;;1.9560546875;375276;m2;201372;0;
..\..\world\azeroth\duskwood\passivedoodads\bush\duskwoodbush04.m2;19839.580078125;91.6666488647461;16490.138671875;0;266.8095397949219;0;;0.6806640625;375074;m2;189398;0;
..\..\world\kalimdor\barrens\passivedoodads\bushes\barrensbush03.m2;20253.947265625;79.73837280273438;16010.4609375;0;37.34344482421875;0;;1.9384765625;252656;m2;201372;0;
..\..\world\kalimdor\barrens\passivedoodads\bushes\barrensbush03.m2;20223.80078125;79.925048828125;16032.2021484375;0;134.84344482421875;0;;1.9384765625;252686;m2;201372;0;
..\..\world\kalimdor\barrens\passivedoodads\bushes\barrensbush03.m2;19929.306640625;91.66864776611328;16509.53515625;0;230.1457977294922;0;;1.91796875;375117;m2;201372;0;
..\..\world\kalimdor\barrens\passivedoodads\bushes\barrensbush03.m2;20111.4375;79.94095611572266;16015.607421875;0;209.02127075195312;0;;1.947265625;252748;m2;201372;0;
..\..\world\azeroth\duskwood\passivedoodads\bush\duskwoodbush04.m2;20075.81640625;91.66666412353516;16525.5859375;0;314.5396728515625;0;;0.650390625;375279;m2;189398;0;
..\..\world\kalimdor\barrens\passivedoodads\bushes\barrensbush03.m2;20113.71484375;79.92737579345703;16021.9072265625;0;114.96444702148438;0;;1.96875;252749;m2;201372;0;
..\..\world\kalimdor\barrens\passivedoodads\bushes\barrensbush03.m2;20069.3359375;91.66666412353516;16466.400390625;0;325.10614013671875;0;;1.890625;375164;m2;201372;0;
..\..\world\kalimdor\barrens\passivedoodads\bushes\barrensbush03.m2;20250.9140625;79.73697662353516;16018.638671875;0;21.11724853515625;0;;1.9892578125;252660;m2;201372;0;
..\..\world\azeroth\elwynn\passivedoodads\trees\stumps\elwynntreestump01.m2;20127.599609375;80.69754028320312;16057.15234375;0;262.27490234375;0;;1.212890625;252595;m2;189939;0;
..\..\world\kalimdor\barrens\passivedoodads\bushes\barrensbush03.m2;20145.70703125;80.03193664550781;16071.68359375;0;112.470458984375;0;;1.962890625;252714;m2;201372;0;
..\..\world\kalimdor\barrens\passivedoodads\bushes\barrensbush03.m2;20093.169921875;91.66666412353516;16440.861328125;0;125.59912109375;0;;1.8623046875;377282;m2;201372;0;
..\..\world\kalimdor\barrens\passivedoodads\bushes\barrensbush03.m2;19842.26953125;91.6666488647461;16495.923828125;0;235.48812866210938;0;;1.86328125;375061;m2;201372;0;
..\..\world\kalimdor\barrens\passivedoodads\bushes\barrensbush03.m2;20237.634765625;80.02811431884766;16029.7705078125;0;129.97222900390625;0;;1.8447265625;252694;m2;201372;0;
..\..\world\kalimdor\barrens\passivedoodads\bushes\barrensbush03.m2;20195.654296875;79.81390380859375;16040.08984375;0;157.84344482421875;0;;1.9384765625;252678;m2;201372;0;
..\..\world\kalimdor\barrens\passivedoodads\bushes\barrensbush03.m2;20155.904296875;79.88679504394531;16070.7822265625;0;318.6901550292969;0;;1.8427734375;252710;m2;201372;0;
..\..\world\kalimdor\barrens\passivedoodads\bushes\barrensbush03.m2;20112.173828125;79.92257690429688;16018.638671875;0;146.96859741210938;0;;1.857421875;252747;m2;201372;0;
..\..\world\kalimdor\barrens\passivedoodads\bushes\barrensbush03.m2;20205.810546875;79.64732360839844;16035.365234375;0;162.11724853515625;0;;1.9892578125;252681;m2;201372;0;
..\..\world\kalimdor\barrens\passivedoodads\bushes\barrensbush03.m2;20163.87890625;79.96914672851562;16067.3740234375;0;20.5889892578125;0;;1.953125;252707;m2;201372;0;
..\..\world\kalimdor\barrens\passivedoodads\bushes\barrensbush03.m2;20130.705078125;80.15715789794922;16059.349609375;0;241.8713836669922;0;;1.861328125;252723;m2;201372;0;
..\..\world\kalimdor\barrens\passivedoodads\bushes\barrensbush03.m2;19965.64453125;91.72694396972656;16436.9140625;0;294.266357421875;0;;1.876953125;377389;m2;201372;0;
..\..\world\kalimdor\barrens\passivedoodads\bushes\barrensbush03.m2;20142.3359375;80.0755615234375;16070.400390625;0;337.68609619140625;0;;1.87890625;252715;m2;201372;0;
..\..\world\kalimdor\barrens\passivedoodads\bushes\barrensbush03.m2;20107.857421875;80.33871459960938;16002.927734375;0;73.52276611328125;0;;1.9501953125;252743;m2;201372;0;
..\..\world\azeroth\elwynn\passivedoodads\trees\stumps\elwynntreestump02.m2;20104.40625;81.26742553710938;15997.37109375;0;333.35748291015625;0;;1.0478515625;252589;m2;189940;0;
..\..\world\kalimdor\barrens\passivedoodads\bushes\barrensbush03.m2;19892.900390625;91.70462799072266;16383.2021484375;0;124.7425765991211;0;;1.7783203125;377452;m2;201372;0;
..\..\world\kalimdor\barrens\passivedoodads\bushes\barrensbush03.m2;20077.0078125;91.66666412353516;16535.720703125;0;185.7754669189453;0;;2.142578125;375254;m2;201372;0;
..\..\world\kalimdor\barrens\passivedoodads\bushes\barrensbush03.m2;19907.845703125;91.7645034790039;16397.943359375;0;77.89544677734375;0;;1.9873046875;377420;m2;201372;0;
..\..\world\kalimdor\barrens\passivedoodads\bushes\barrensbush03.m2;19899.8515625;91.72703552246094;16496.8203125;0;137.21286010742188;0;;1.7470703125;377352;m2;201372;0;
..\..\world\kalimdor\barrens\passivedoodads\bushes\barrensbush03.m2;19969.27734375;91.68614196777344;16415.478515625;0;292.5248718261719;0;;1.8291015625;377391;m2;201372;0;
..\..\world\kalimdor\barrens\passivedoodads\bushes\barrensbush03.m2;19877.0859375;92.07333374023438;16376.896484375;0;15.64501953125;0;;1.8994140625;377448;m2;201372;0;
..\..\world\kalimdor\barrens\passivedoodads\bushes\barrensbush03.m2;20003.69140625;91.66666412353516;16468.384765625;0;298.7273864746094;0;;1.7490234375;375181;m2;201372;0;
..\..\world\kalimdor\barrens\passivedoodads\bushes\barrensbush03.m2;20240.75390625;80.40276336669922;16028.4716796875;0;164.8878173828125;0;;1.88671875;252693;m2;201372;0;
..\..\world\kalimdor\barrens\passivedoodads\bushes\barrensbush03.m2;20095.30078125;91.66666412353516;16432.267578125;0;289.92144775390625;0;;1.8193359375;377286;m2;201372;0;
..\..\world\kalimdor\barrens\passivedoodads\bushes\barrensbush03.m2;19968.453125;91.69683837890625;16418.744140625;0;333.67034912109375;0;;1.755859375;377390;m2;201372;0;
..\..\world\kalimdor\barrens\passivedoodads\bushes\barrensbush03.m2;19971.5859375;91.6673812866211;16444.8515625;0;49.530029296875;0;;1.6982421875;375081;m2;201372;0;
..\..\world\kalimdor\barrens\passivedoodads\bushes\barrensbush03.m2;19880.9921875;91.7784194946289;16373.9697265625;0;121.61135864257812;0;;1.7158203125;377449;m2;201372;0;
..\..\world\kalimdor\barrens\passivedoodads\bushes\barrensbush03.m2;19919.181640625;91.6673355102539;16497.677734375;0;82.21319580078125;0;;2.00390625;377366;m2;201372;0;
..\..\world\kalimdor\barrens\passivedoodads\bushes\barrensbush03.m2;19875.509765625;91.8327407836914;16370.2734375;0;196.94692993164062;0;;1.8369140625;377446;m2;201372;0;
..\..\world\kalimdor\barrens\passivedoodads\bushes\barrensbush03.m2;19943.56640625;91.66755676269531;16481.474609375;0;135.38912963867188;0;;1.6884765625;375104;m2;201372;0;
..\..\world\kalimdor\barrens\passivedoodads\bushes\barrensbush03.m2;19931.82421875;91.66983032226562;16516.52734375;0;224.3719024658203;0;;1.68359375;375133;m2;201372;0;
..\..\world\kalimdor\barrens\passivedoodads\bushes\barrensbush03.m2;19821.71875;91.9839859008789;16490.80859375;0;153.45074462890625;0;;1.7197265625;377407;m2;201372;0;
..\..\world\kalimdor\barrens\passivedoodads\bushes\barrensbush03.m2;19893.06640625;92.42406463623047;16398.4375;0;44.0345458984375;0;;1.6728515625;377431;m2;201372;0;
..\..\world\kalimdor\barrens\passivedoodads\bushes\barrensbush03.m2;20119.224609375;80.08728790283203;16036.0341796875;0;128.401123046875;0;;1.6669921875;252754;m2;201372;0;
..\..\world\azeroth\elwynn\passivedoodads\trees\stumps\elwynntreestump02.m2;20112.369140625;81.49849700927734;16029.568359375;0;92.91766357421875;0;;1.2431640625;252601;m2;189940;0;
..\..\world\kalimdor\barrens\passivedoodads\bushes\barrensbush03.m2;20065.0546875;91.66666412353516;16469.091796875;0;83.00927734375;0;;1.9873046875;375159;m2;201372;0;
..\..\world\kalimdor\barrens\passivedoodads\bushes\barrensbush03.m2;19962.94140625;91.8527603149414;16423.6171875;0;352.9136047363281;0;;1.984375;377397;m2;201372;0;
..\..\world\kalimdor\barrens\passivedoodads\bushes\barrensbush03.m2;19902.677734375;91.73880767822266;16393.138671875;0;308.6593322753906;0;;1.658203125;377423;m2;201372;0;
..\..\world\kalimdor\barrens\passivedoodads\bushes\barrensbush03.m2;20153.681640625;79.87199401855469;16071.982421875;0;106.10919189453125;0;;1.814453125;252711;m2;201372;0;
..\..\world\kalimdor\barrens\passivedoodads\bushes\barrensbush03.m2;20064.09765625;91.66666412353516;16472.533203125;0;264.13409423828125;0;;2;377264;m2;201372;0;
..\..\world\generic\goblin\passivedoodads\goblinshreddersuit\goblinshreddersuit01.m2;20200.232421875;82.4949951171875;16048.568359375;0;227.49998474121094;0;;1;252585;m2;197789;0;
..\..\world\generic\goblin\passivedoodads\goblinshreddersuit\goblinshreddersuit01.m2;19815.41015625;99.62509155273438;16157.900390625;0;0;0;;1;363838;m2;197789;0;
..\..\world\khazmodan\ironforge\passivedoodads\steamtank\ruinedsteamtankaxle01.m2;19752.015625;94.27777862548828;16226.669921875;28.0000057220459;86.5;88.50000762939453;;1;262706;m2;203232;0;
..\..\world\generic\goblin\passivedoodads\goblinshreddersuit\goblinshreddersuit02.m2;20240.736328125;92.29178619384766;16066.3515625;0;89.5;0;;1;370950;m2;197790;0;
..\..\world\kalimdor\barrens\passivedoodads\bushes\barrensbush03.m2;19825.412109375;91.6666488647461;16478.767578125;0;127.5771484375;0;;1.6357421875;375054;m2;201372;0;
..\..\world\azeroth\elwynn\passivedoodads\trees\stumps\elwynntreestump01.m2;20108.5546875;81.78821563720703;16024.7353515625;0;116.95648193359375;0;;0.8935546875;252602;m2;189939;0;
..\..\world\kalimdor\barrens\passivedoodads\bushes\barrensbush03.m2;19893.103515625;91.75911712646484;16387.685546875;0;334.26922607421875;0;;1.6845703125;377434;m2;201372;0;
..\..\world\khazmodan\ironforge\passivedoodads\steamtank\ruinedsteamtankaxle01.m2;19750.048828125;94.27777862548828;16229.21484375;23.5000057220459;86.5;92.5;;1;262705;m2;203232;0;
..\..\world\kalimdor\barrens\passivedoodads\bushes\barrensbush03.m2;19928.2109375;91.66666412353516;16498.55859375;0;47.32769775390625;0;;1.6298828125;375109;m2;201372;0;
..\..\world\kalimdor\barrens\passivedoodads\bushes\barrensbush03.m2;19845.0625;91.6666488647461;16491.462890625;0;37.701446533203125;0;;1.6259765625;375042;m2;201372;0;
..\..\world\kalimdor\barrens\passivedoodads\bushes\barrensbush03.m2;19907.59375;91.66666412353516;16487.033203125;0;301.66552734375;0;;1.6376953125;377329;m2;201372;0;
..\..\world\kalimdor\barrens\passivedoodads\bushes\barrensbush03.m2;20092.8984375;91.66666412353516;16434.42578125;0;348.0352783203125;0;;1.8330078125;375156;m2;201372;0;
..\..\world\azeroth\duskwood\passivedoodads\bush\duskwoodbush04.m2;19967.609375;91.66678619384766;16442.291015625;0;152.075927734375;0;;0.521484375;375293;m2;189398;0;
..\..\world\kalimdor\barrens\passivedoodads\bushes\barrensbush03.m2;20086.578125;91.66666412353516;16443.6484375;0;301.3089904785156;0;;1.6318359375;375154;m2;201372;0;
..\..\world\kalimdor\barrens\passivedoodads\bushes\barrensbush03.m2;20078.736328125;91.66666412353516;16461.392578125;0;353.5168151855469;0;;1.9345703125;377268;m2;201372;0;
..\..\world\kalimdor\barrens\passivedoodads\bushes\barrensbush03.m2;20081.74609375;91.66666412353516;16533.88671875;0;60.2947998046875;0;;1.634765625;375239;m2;201372;0;
..\..\world\kalimdor\barrens\passivedoodads\bushes\barrensbush03.m2;19969.853515625;91.6672134399414;16443.3125;0;305.043212890625;0;;1.6123046875;375292;m2;201372;0;
..\..\world\kalimdor\barrens\passivedoodads\bushes\barrensbush03.m2;19889.568359375;91.6666488647461;16498.720703125;0;192.82693481445312;0;;1.8037109375;377356;m2;201372;0;
..\..\world\khazmodan\ironforge\passivedoodads\steamtank\ruinedsteamtankaxle01.m2;19745.17578125;91.66666412353516;16223.529296875;0;109;0;;1;262712;m2;203232;0;
..\..\world\kalimdor\barrens\passivedoodads\bushes\barrensbush03.m2;19829.701171875;91.6666488647461;16477.763671875;0;113.21759033203125;0;;1.671875;377403;m2;201372;0;
..\..\world\kalimdor\barrens\passivedoodads\bushes\barrensbush03.m2;19876.794921875;91.81168365478516;16370.94921875;0;46.704315185546875;0;;1.5986328125;377445;m2;201372;0;
..\..\world\kalimdor\barrens\passivedoodads\bushes\barrensbush03.m2;20015.111328125;91.73784637451172;16464.16796875;0;244.39874267578125;0;;1.6484375;375185;m2;201372;0;
..\..\world\kalimdor\barrens\passivedoodads\bushes\barrensbush03.m2;19887.419921875;91.80787658691406;16383.1748046875;0;210.22979736328125;0;;1.6171875;377439;m2;201372;0;
..\..\world\kalimdor\barrens\passivedoodads\bushes\barrensbush03.m2;19968.048828125;91.7244644165039;16428.1796875;0;321.1072082519531;0;;1.5927734375;377381;m2;201372;0;
..\..\world\kalimdor\barrens\passivedoodads\bushes\barrensbush03.m2;19887.630859375;91.7212142944336;16379.0185546875;0;206.86788940429688;0;;1.6318359375;377454;m2;201372;0;
..\..\world\kalimdor\barrens\passivedoodads\bushes\barrensbush03.m2;19882.64453125;91.78536987304688;16376.1328125;0;334.01654052734375;0;;1.634765625;377450;m2;201372;0;
..\..\world\kalimdor\barrens\passivedoodads\bushes\barrensbush03.m2;19911.169921875;91.69419860839844;16396.98828125;0;84.0704345703125;0;;1.9169921875;375021;m2;201372;0;
..\..\world\kalimdor\barrens\passivedoodads\bushes\barrensbush03.m2;19929.88671875;91.66946411132812;16511.669921875;0;129.1673583984375;0;;1.5830078125;375118;m2;201372;0;
..\..\world\kalimdor\barrens\passivedoodads\bushes\barrensbush03.m2;20172.15234375;80.06704711914062;16055.904296875;0;352.089599609375;0;;1.8701171875;252702;m2;201372;0;
..\..\world\kalimdor\barrens\passivedoodads\bushes\barrensbush03.m2;20018.630859375;91.75415802001953;16465.107421875;0;135.72323608398438;0;;1.5771484375;375281;m2;201372;0;
..\..\world\kalimdor\barrens\passivedoodads\bushes\barrensbush03.m2;20110.634765625;79.67662811279297;16012.7666015625;0;172.1171875;0;;1.857421875;252746;m2;201372;0;
..\..\world\kalimdor\barrens\passivedoodads\bushes\barrensbush03.m2;20027.283203125;91.67450714111328;16471.08203125;0;248.03277587890625;0;;1.65234375;375191;m2;201372;0;
..\..\world\kalimdor\barrens\passivedoodads\bushes\barrensbush03.m2;19900.462890625;91.77835845947266;16393.177734375;0;184.2353515625;0;;1.939453125;377428;m2;201372;0;
..\..\world\kalimdor\barrens\passivedoodads\bushes\barrensbush03.m2;19840.5;91.6666488647461;16489.283203125;0;255.69261169433594;0;;1.7431640625;375044;m2;201372;0;
..\..\world\kalimdor\barrens\passivedoodads\bushes\barrensbush03.m2;19847.6796875;91.6666488647461;16493.9140625;0;226.96249389648438;0;;1.5625;375043;m2;201372;0;
..\..\world\kalimdor\barrens\passivedoodads\bushes\barrensbush03.m2;19917.849609375;91.6819839477539;16401.361328125;0;316.8553771972656;0;;1.5595703125;377421;m2;201372;0;
..\..\world\kalimdor\barrens\passivedoodads\bushes\barrensbush03.m2;20169.5390625;79.81729888916016;16061.431640625;0;67.60092163085938;0;;1.6279296875;252704;m2;201372;0;
..\..\world\kalimdor\barrens\passivedoodads\bushes\barrensbush03.m2;20138.49609375;79.90911865234375;16067.958984375;0;229.67620849609375;0;;1.5478515625;252717;m2;201372;0;
..\..\world\kalimdor\barrens\passivedoodads\bushes\barrensbush03.m2;20082.41015625;91.66666412353516;16451.7421875;0;311.4032897949219;0;;1.541015625;375176;m2;201372;0;
..\..\world\kalimdor\barrens\passivedoodads\bushes\barrensbush03.m2;20231.28125;79.96867370605469;16031.5986328125;0;143.95138549804688;0;;1.5439453125;252689;m2;201372;0;
..\..\world\kalimdor\barrens\passivedoodads\bushes\barrensbush03.m2;19997.392578125;91.68934631347656;16465.400390625;0;325.4359436035156;0;;1.544921875;375221;m2;201372;0;
..\..\world\kalimdor\barrens\passivedoodads\bushes\barrensbush03.m2;19964.6875;91.80146026611328;16428.451171875;0;294.73919677734375;0;;1.5927734375;377383;m2;201372;0;
..\..\world\kalimdor\barrens\passivedoodads\bushes\barrensbush03.m2;19894.765625;91.74309539794922;16502.25390625;0;326.52362060546875;0;;1.5361328125;377374;m2;201372;0;
..\..\world\khazmodan\ironforge\passivedoodads\steamtank\ruinedsteamtankaxle01.m2;20179.240234375;80.01561737060547;16042.3115234375;70.49999237060547;180;117.99999237060547;;1;252910;m2;203232;0;
..\..\world\kalimdor\barrens\passivedoodads\bushes\barrensbush03.m2;19997.736328125;91.7393569946289;16468.3515625;0;206.43380737304688;0;;1.5625;375187;m2;201372;0;
..\..\world\khazmodan\ironforge\passivedoodads\steamtank\ruinedsteamtankaxle01.m2;20211.380859375;81.72474670410156;16037.6279296875;-80.50000762939453;0;77.0000228881836;;1;252912;m2;203232;0;
..\..\world\azeroth\elwynn\passivedoodads\trees\stumps\elwynntreestump02.m2;20160.43359375;80.25691986083984;16070.572265625;0;49.40570068359375;0;;0.8486328125;252598;m2;189940;0;
..\..\world\kalimdor\barrens\passivedoodads\bushes\barrensbush03.m2;19913.763671875;91.66692352294922;16391.494140625;0;80.191650390625;0;;1.7490234375;377460;m2;201372;0;
..\..\world\kalimdor\barrens\passivedoodads\bushes\barrensbush03.m2;19832.017578125;91.6666488647461;16483.9375;0;161.67974853515625;0;;1.625;375046;m2;201372;0;
..\..\world\kalimdor\barrens\passivedoodads\bushes\barrensbush03.m2;20021.16015625;91.80219268798828;16466.423828125;0;271.0807189941406;0;;1.9404296875;375280;m2;201372;0;
..\..\world\kalimdor\barrens\passivedoodads\bushes\barrensbush03.m2;20253.361328125;79.98856353759766;16013.384765625;0;226.78756713867188;0;;1.5048828125;252657;m2;201372;0;
..\..\world\khazmodan\ironforge\passivedoodads\steamtank\ruinedsteamtankaxle01.m2;20136.4140625;69.84473419189453;16006.8955078125;-28.500001907348633;257.5;55.50000762939453;;1;253856;m2;203232;0;
..\..\world\kalimdor\barrens\passivedoodads\bushes\barrensbush03.m2;20085.513671875;91.66666412353516;16450.41796875;0;135.677001953125;0;;1.5009765625;375174;m2;201372;0;
..\..\world\kalimdor\barrens\passivedoodads\bushes\barrensbush03.m2;20252.85546875;79.7828140258789;16015.462890625;0;25.95135498046875;0;;1.5439453125;252658;m2;201372;0;
..\..\world\kalimdor\barrens\passivedoodads\bushes\barrensbush03.m2;20009.986328125;91.67711639404297;16467.376953125;0;123.973388671875;0;;1.5029296875;375161;m2;201372;0;
..\..\world\kalimdor\barrens\passivedoodads\bushes\barrensbush03.m2;20185.861328125;80.33151245117188;16045.3828125;0;51.2857666015625;0;;1.4921875;252697;m2;201372;0;
..\..\world\kalimdor\barrens\passivedoodads\bushes\barrensbush03.m2;19886.1484375;91.787841796875;16380.416015625;0;68.4578857421875;0;;1.5732421875;377440;m2;201372;0;
..\..\world\kalimdor\barrens\passivedoodads\bushes\barrensbush03.m2;20116.9921875;80.06810760498047;16030.333984375;0;85.71795654296875;0;;1.8349609375;252752;m2;201372;0;
..\..\world\kalimdor\barrens\passivedoodads\bushes\barrensbush03.m2;19915.625;91.66947937011719;16498.4296875;0;125.50042724609375;0;;1.4873046875;377367;m2;201372;0;
..\..\world\kalimdor\barrens\passivedoodads\bushes\barrensbush03.m2;20173.1953125;80.2127914428711;16052.0966796875;0;312.75732421875;0;;1.4814453125;252701;m2;201372;0;
..\..\world\kalimdor\barrens\passivedoodads\bushes\barrensbush03.m2;20068.103515625;91.66666412353516;16471.625;0;306.5458984375;0;;1.4833984375;375142;m2;201372;0;
..\..\world\khazmodan\ironforge\passivedoodads\steamtank\ruinedsteamtankaxle01.m2;19748.544921875;95.5;16232.044921875;56.5;14.5;-44.499996185302734;;0.939453125;262707;m2;203232;0;
..\..\world\kalimdor\barrens\passivedoodads\bushes\barrensbush03.m2;19895.2734375;92.12411499023438;16396.40625;0;68.66665649414062;0;;1.5537109375;377430;m2;201372;0;
..\..\world\kalimdor\barrens\passivedoodads\bushes\barrensbush03.m2;20108.552734375;80.0475845336914;16008.9873046875;0;357.0665588378906;0;;1.83203125;252745;m2;201372;0;
..\..\world\kalimdor\barrens\passivedoodads\bushes\barrensbush03.m2;19963.525390625;91.83141326904297;16438.283203125;0;213.11697387695312;0;;1.4658203125;375098;m2;201372;0;
..\..\world\kalimdor\barrens\passivedoodads\bushes\barrensbush03.m2;19992.08203125;91.6671371459961;16456.38671875;0;140.0909423828125;0;;1.4501953125;375201;m2;201372;0;
..\..\world\kalimdor\barrens\passivedoodads\bushes\barrensbush03.m2;19925.46875;91.66669464111328;16499.70703125;0;340.7685241699219;0;;1.552734375;377314;m2;201372;0;
..\..\world\kalimdor\barrens\passivedoodads\bushes\barrensbush03.m2;19995.255859375;91.6690902709961;16460.3984375;0;199.21017456054688;0;;1.55078125;375205;m2;201372;0;
..\..\world\kalimdor\barrens\passivedoodads\bushes\barrensbush03.m2;19906.154296875;91.6709976196289;16388.802734375;0;67.42514038085938;0;;1.517578125;377455;m2;201372;0;
..\..\world\kalimdor\barrens\passivedoodads\bushes\barrensbush03.m2;20191.0078125;80.09598541259766;16042.732421875;0;133.0465087890625;0;;1.4462890625;252677;m2;201372;0;
..\..\world\kalimdor\barrens\passivedoodads\bushes\barrensbush03.m2;19922.169921875;91.66666412353516;16398.89453125;0;78.71945190429688;0;;1.650390625;377463;m2;201372;0;
..\..\world\azeroth\elwynn\passivedoodads\trees\stumps\elwynntreestump02.m2;20147.140625;81.17422485351562;16075.791015625;0;170.85986328125;0;;0.9912109375;252590;m2;189940;0;
..\..\world\kalimdor\barrens\passivedoodads\bushes\barrensbush03.m2;20059.318359375;91.66666412353516;16471.126953125;0;116.04083251953125;0;;1.48828125;375165;m2;201372;0;
..\..\world\kalimdor\barrens\passivedoodads\bushes\barrensbush03.m2;20124.76171875;80.0369873046875;16047.0634765625;0;54.19720458984375;0;;1.447265625;252759;m2;201372;0;
..\..\world\kalimdor\barrens\passivedoodads\bushes\barrensbush03.m2;19932.82421875;91.66670989990234;16488.998046875;0;258.68145751953125;0;;1.64453125;375114;m2;201372;0;
..\..\world\generic\dwarf\passivedoodads\tavernstuff\brewerytanks01.m2;19742.716796875;87.3888931274414;16221.130859375;0;67;0;;1.169921875;262709;m2;197604;0;
..\..\world\generic\dwarf\passivedoodads\tavernstuff\brewerytanks01.m2;19744.72265625;87.3888931274414;16222.451171875;0;185.5;0;;1.169921875;262710;m2;197604;0;
..\..\world\generic\dwarf\passivedoodads\tavernstuff\brewerytanks01.m2;19748.244140625;87.3888931274414;16225.3984375;0;78;0;;1.169921875;262711;m2;197604;0;
..\..\world\kalimdor\barrens\passivedoodads\bushes\barrensbush03.m2;19827.509765625;91.6666488647461;16475.849609375;0;45.78143310546875;0;;1.4365234375;377404;m2;201372;0;
..\..\world\kalimdor\barrens\passivedoodads\bushes\barrensbush03.m2;20006.35546875;91.69469451904297;16460.310546875;0;292.7726135253906;0;;1.498046875;375208;m2;201372;0;
..\..\world\kalimdor\barrens\passivedoodads\bushes\barrensbush03.m2;19827.576171875;91.67485809326172;16488.708984375;0;245.13418579101562;0;;1.4814453125;375053;m2;201372;0;
..\..\world\kalimdor\barrens\passivedoodads\bushes\barrensbush03.m2;20016.63671875;91.70828247070312;16467.142578125;0;194.77145385742188;0;;1.576171875;375166;m2;201372;0;
..\..\world\kalimdor\barrens\passivedoodads\bushes\barrensbush03.m2;19960.51953125;92.07865142822266;16424.119140625;0;249.21047973632812;0;;1.5087890625;377398;m2;201372;0;
..\..\world\kalimdor\barrens\passivedoodads\bushes\barrensbush03.m2;19924.73046875;91.6681900024414;16503.658203125;0;135.18606567382812;0;;1.419921875;377311;m2;201372;0;
..\..\world\kalimdor\barrens\passivedoodads\bushes\barrensbush03.m2;19900.904296875;91.66666412353516;16486.40625;0;144.68606567382812;0;;1.419921875;377318;m2;201372;0;
..\..\world\kalimdor\barrens\passivedoodads\bushes\barrensbush03.m2;19920.19140625;91.68976593017578;16401.583984375;0;42.67218017578125;0;;1.4140625;377413;m2;201372;0;
..\..\world\kalimdor\barrens\passivedoodads\bushes\barrensbush03.m2;20074.29296875;91.66666412353516;16460.568359375;0;300.4771728515625;0;;1.4296875;375144;m2;201372;0;
..\..\world\kalimdor\barrens\passivedoodads\bushes\barrensbush03.m2;19893.501953125;91.90601348876953;16392.228515625;0;296.002685546875;0;;1.453125;377437;m2;201372;0;
..\..\world\kalimdor\barrens\passivedoodads\bushes\barrensbush03.m2;19881.197265625;91.93753814697266;16379.052734375;0;78.76339721679688;0;;1.6083984375;377443;m2;201372;0;
..\..\world\kalimdor\barrens\passivedoodads\bushes\barrensbush03.m2;19840.876953125;91.6666488647461;16491.478515625;0;302.7594909667969;0;;1.4189453125;375073;m2;201372;0;
..\..\world\kalimdor\barrens\passivedoodads\bushes\barrensbush03.m2;20032.607421875;91.66708374023438;16472.244140625;0;224.08935546875;0;;1.40625;377249;m2;201372;0;
..\..\world\kalimdor\barrens\passivedoodads\bushes\barrensbush03.m2;19837.388671875;91.6666488647461;16485.6796875;0;77.96136474609375;0;;1.58984375;375045;m2;201372;0;
..\..\world\kalimdor\barrens\passivedoodads\bushes\barrensbush03.m2;19944.166015625;91.6671142578125;16479.71484375;0;231.7861328125;0;;1.400390625;375103;m2;201372;0;
..\..\world\kalimdor\barrens\passivedoodads\bushes\barrensbush03.m2;20000.00390625;91.82463836669922;16472.142578125;0;218.2720489501953;0;;1.3984375;375194;m2;201372;0;
..\..\world\kalimdor\barrens\passivedoodads\bushes\barrensbush03.m2;20131.94140625;80.03987121582031;16061.1884765625;0;272.68896484375;0;;1.755859375;252722;m2;201372;0;
..\..\world\kalimdor\barrens\passivedoodads\bushes\barrensbush03.m2;19891.154296875;91.70344543457031;16380.7353515625;0;332.6322326660156;0;;1.4169921875;377453;m2;201372;0;
..\..\world\kalimdor\barrens\passivedoodads\bushes\barrensbush03.m2;20127.7421875;80.0545883178711;16052.1865234375;0;192.02490234375;0;;1.5654296875;252762;m2;201372;0;
..\..\world\kalimdor\barrens\passivedoodads\bushes\barrensbush03.m2;20202.302734375;79.61321258544922;16036.6123046875;0;166.95135498046875;0;;1.5439453125;252680;m2;201372;0;
..\..\world\azeroth\elwynn\passivedoodads\trees\stumps\elwynntreestump01.m2;20165.220703125;80.50457763671875;16069.3046875;0;94.7696533203125;0;;0.921875;252596;m2;189939;0;
..\..\world\kalimdor\barrens\passivedoodads\bushes\barrensbush03.m2;19919.6796875;91.66666412353516;16495.830078125;0;65.18603515625;0;;1.419921875;377304;m2;201372;0;
..\..\world\kalimdor\barrens\passivedoodads\bushes\barrensbush03.m2;19976.880859375;91.66666412353516;16449.5234375;0;145.795166015625;0;;1.373046875;375078;m2;201372;0;
..\..\world\kalimdor\barrens\passivedoodads\bushes\barrensbush03.m2;20229.0078125;80.13536071777344;16031.599609375;0;344.7875671386719;0;;1.5048828125;252688;m2;201372;0;
..\..\world\kalimdor\barrens\passivedoodads\bushes\barrensbush03.m2;19841.083984375;91.6666488647461;16497.625;0;312.9221496582031;0;;1.3623046875;375059;m2;201372;0;
..\..\world\kalimdor\barrens\passivedoodads\bushes\barrensbush03.m2;19907.98828125;91.68802642822266;16500.0703125;0;150.21502685546875;0;;1.3818359375;377372;m2;201372;0;
..\..\world\kalimdor\barrens\passivedoodads\bushes\barrensbush03.m2;20218.490234375;80.06346130371094;16032.818359375;0;110.0465087890625;0;;1.4462890625;252685;m2;201372;0;
..\..\world\kalimdor\barrens\passivedoodads\bushes\barrensbush03.m2;19884.3359375;91.83238983154297;16380.255859375;0;203.01156616210938;0;;1.41796875;377441;m2;201372;0;
..\..\world\kalimdor\barrens\passivedoodads\bushes\barrensbush03.m2;19929.4296875;91.66666412353516;16481.24609375;0;223.941162109375;0;;1.3564453125;377342;m2;201372;0;
..\..\world\kalimdor\barrens\passivedoodads\bushes\barrensbush03.m2;20063.482421875;91.66666412353516;16470.455078125;0;21.983978271484375;0;;1.4189453125;375157;m2;201372;0;
..\..\world\kalimdor\barrens\passivedoodads\bushes\barrensbush03.m2;20126.296875;80.31485748291016;16049.8779296875;0;120.85330200195312;0;;1.3642578125;252763;m2;201372;0;
..\..\world\khazmodan\ironforge\passivedoodads\steamtank\ruinedsteamtankaxle01.m2;20176.07421875;79.22075653076172;16032.384765625;-74.00001525878906;138.5;-103.00000762939453;;1;253869;m2;203232;0;
..\..\world\kalimdor\barrens\passivedoodads\bushes\barrensbush03.m2;19937.28515625;91.66667938232422;16482.517578125;0;95.138916015625;0;;1.640625;377348;m2;201372;0;
..\..\world\kalimdor\barrens\passivedoodads\bushes\barrensbush03.m2;19838.24609375;91.6666488647461;16489.88671875;0;308.24053955078125;0;;1.3427734375;375075;m2;201372;0;
..\..\world\khazmodan\ironforge\passivedoodads\steamtank\ruinedsteamtankaxle01.m2;20173.73828125;80.34053802490234;16048.2529296875;-8.500000953674316;0;23.000003814697266;;1;252911;m2;203232;0;
..\..\world\kalimdor\barrens\passivedoodads\bushes\barrensbush03.m2;20108.919921875;79.87091827392578;15998.9296875;0;350.85906982421875;0;;1.5634765625;252742;m2;201372;0;
..\..\world\kalimdor\barrens\passivedoodads\bushes\barrensbush03.m2;20066.544921875;91.66666412353516;16467.255859375;0;102.16464233398438;0;;1.5166015625;375160;m2;201372;0;
..\..\world\kalimdor\barrens\passivedoodads\bushes\barrensbush03.m2;19900.978515625;91.66666412353516;16482.388671875;0;350.2685241699219;0;;1.552734375;377321;m2;201372;0;
..\..\world\kalimdor\barrens\passivedoodads\bushes\barrensbush03.m2;19912.568359375;91.66666412353516;16490.87890625;0;307.5716552734375;0;;1.3388671875;377332;m2;201372;0;
..\..\world\azeroth\elwynn\passivedoodads\trees\stumps\elwynntreestump02.m2;20110.080078125;80.89575958251953;16021.5029296875;0;305.58648681640625;0;;0.7578125;252603;m2;189940;0;
..\..\world\kalimdor\barrens\passivedoodads\bushes\barrensbush03.m2;20095.0859375;91.66666412353516;16435.533203125;0;224.68824768066406;0;;1.337890625;377285;m2;201372;0;
..\..\world\kalimdor\barrens\passivedoodads\bushes\barrensbush03.m2;19831.22265625;91.6666488647461;16478.935546875;0;277.984130859375;0;;1.578125;377402;m2;201372;0;
..\..\world\kalimdor\barrens\passivedoodads\bushes\barrensbush03.m2;20028.044921875;91.66954803466797;16473.287109375;0;303.2209167480469;0;;1.3447265625;377258;m2;201372;0;
..\..\world\kalimdor\barrens\passivedoodads\bushes\barrensbush03.m2;20243.17578125;80.1522216796875;16026.83984375;0;291.5640869140625;0;;1.40625;252692;m2;201372;0;
..\..\world\khazmodan\ironforge\passivedoodads\steamtank\ruinedsteamtankaxle01.m2;19748.912109375;91.94444274902344;16226.560546875;0;272;0;;0.9296875;262708;m2;203232;0;
..\..\world\azeroth\elwynn\passivedoodads\trees\stumps\elwynntreestump02.m2;20123.341796875;82.2817153930664;16056.974609375;0;297.4212341308594;0;;0.775390625;252594;m2;189940;0;
..\..\world\kalimdor\barrens\passivedoodads\bushes\barrensbush03.m2;19915.08203125;91.66666412353516;16491.42578125;0;286.0541687011719;0;;1.447265625;377334;m2;201372;0;
..\..\world\kalimdor\barrens\passivedoodads\bushes\barrensbush03.m2;19901.318359375;91.71107482910156;16391.24609375;0;71.742919921875;0;;1.421875;377422;m2;201372;0;
..\..\world\kalimdor\barrens\passivedoodads\bushes\barrensbush03.m2;20158.7734375;80.19796752929688;16070.326171875;0;243.28866577148438;0;;1.3544921875;252709;m2;201372;0;
..\..\world\kalimdor\barrens\passivedoodads\bushes\barrensbush03.m2;19823.650390625;91.6666488647461;16473.392578125;0;286.34539794921875;0;;1.4384765625;375056;m2;201372;0;
..\..\world\kalimdor\barrens\passivedoodads\bushes\barrensbush03.m2;20089.162109375;91.66666412353516;16453.95703125;0;252.4735107421875;0;;1.4248046875;377277;m2;201372;0;
..\..\world\kalimdor\barrens\passivedoodads\bushes\barrensbush03.m2;19929.57421875;91.66666412353516;16489.673828125;0;122.10626220703125;0;;1.3251953125;375115;m2;201372;0;
..\..\world\kalimdor\barrens\passivedoodads\bushes\barrensbush03.m2;19998.86328125;91.67208099365234;16464.10546875;0;296.61798095703125;0;;1.3466796875;375220;m2;201372;0;
..\..\world\kalimdor\barrens\passivedoodads\bushes\barrensbush03.m2;19930.93359375;91.66938781738281;16515.15234375;0;340.12738037109375;0;;1.39453125;375132;m2;201372;0;
..\..\world\kalimdor\barrens\passivedoodads\bushes\barrensbush03.m2;19897.22265625;91.7846450805664;16391.90625;0;251.34188842773438;0;;1.4033203125;377425;m2;201372;0;
..\..\world\kalimdor\barrens\passivedoodads\bushes\barrensbush03.m2;20011.619140625;91.6810073852539;16467.740234375;0;227.57763671875;0;;1.3037109375;375162;m2;201372;0;
..\..\world\kalimdor\barrens\passivedoodads\bushes\barrensbush03.m2;19834.42578125;91.6666488647461;16491.80859375;0;104.86123657226562;0;;1.44140625;375070;m2;201372;0;
..\..\world\kalimdor\barrens\passivedoodads\bushes\barrensbush03.m2;19835.970703125;91.6666488647461;16487.021484375;0;308.7911376953125;0;;1.298828125;375072;m2;201372;0;
..\..\world\kalimdor\barrens\passivedoodads\bushes\barrensbush03.m2;20118.3203125;80.12694549560547;16034.18359375;0;164.7230224609375;0;;1.4287109375;252753;m2;201372;0;
..\..\world\kalimdor\barrens\passivedoodads\bushes\barrensbush03.m2;19824.95703125;91.81622314453125;16492.359375;0;337.64215087890625;0;;1.3564453125;375050;m2;201372;0;
..\..\world\kalimdor\barrens\passivedoodads\bushes\barrensbush03.m2;20072.3125;91.66666412353516;16527.474609375;0;253.26455688476562;0;;1.4072265625;375245;m2;201372;0;
..\..\world\kalimdor\barrens\passivedoodads\bushes\barrensbush03.m2;20077.80078125;91.66666412353516;16456.3203125;0;7.891357421875;0;;1.525390625;375140;m2;201372;0;
..\..\world\kalimdor\barrens\passivedoodads\bushes\barrensbush03.m2;20000.1875;91.67161560058594;16465.296875;0;170.71075439453125;0;;1.4951171875;375219;m2;201372;0;
..\..\world\kalimdor\barrens\passivedoodads\bushes\barrensbush03.m2;19876.55078125;91.92351531982422;16373.2646484375;0;357.4290771484375;0;;1.619140625;377447;m2;201372;0;
..\..\world\kalimdor\barrens\passivedoodads\bushes\barrensbush03.m2;20254.02734375;79.8556137084961;16005.1171875;0;12.5465087890625;0;;1.4462890625;252655;m2;201372;0;
..\..\world\kalimdor\barrens\passivedoodads\bushes\barrensbush03.m2;20086.3359375;91.66666412353516;16449.10546875;0;215.75338745117188;0;;1.28125;375175;m2;201372;0;
..\..\world\kalimdor\barrens\passivedoodads\bushes\barrensbush03.m2;19983.443359375;91.67189025878906;16458.49609375;0;314.9164733886719;0;;1.28125;375086;m2;201372;0;
..\..\world\kalimdor\barrens\passivedoodads\bushes\barrensbush03.m2;19909.857421875;91.69579315185547;16500.568359375;0;262.9218444824219;0;;1.5224609375;377373;m2;201372;0;
..\..\world\kalimdor\barrens\passivedoodads\bushes\barrensbush03.m2;19904.248046875;91.68305206298828;16499.533203125;0;1.49420166015625;0;;1.6328125;377368;m2;201372;0;
..\..\world\kalimdor\barrens\passivedoodads\bushes\barrensbush03.m2;20086.876953125;91.66666412353516;16462.5546875;0;17.75445556640625;0;;1.3759765625;377290;m2;201372;0;
..\..\world\kalimdor\barrens\passivedoodads\bushes\barrensbush03.m2;20200.212890625;79.9163589477539;16037.5009765625;0;7.787567138671875;0;;1.5048828125;252679;m2;201372;0;
..\..\world\kalimdor\barrens\passivedoodads\bushes\barrensbush03.m2;20234.154296875;80.0820541381836;16031.103515625;0;161.38311767578125;0;;1.3642578125;252695;m2;201372;0;
..\..\world\azeroth\elwynn\passivedoodads\trees\stumps\elwynntreestump02.m2;20208.419921875;82.3589859008789;16043.134765625;0;289.98199462890625;0;;0.7802734375;252591;m2;189940;0;
..\..\world\kalimdor\barrens\passivedoodads\bushes\barrensbush03.m2;20105.1484375;91.66666412353516;16534.958984375;0;39.65087890625;0;;1.2666015625;377228;m2;201372;0;
..\..\world\kalimdor\barrens\passivedoodads\bushes\barrensbush03.m2;19825.36328125;91.6666488647461;16476.54296875;0;305.1435852050781;0;;1.2705078125;375055;m2;201372;0;
..\..\world\kalimdor\barrens\passivedoodads\bushes\barrensbush03.m2;19975.154296875;91.66698455810547;16447.763671875;0;125.86234283447266;0;;1.2685546875;375088;m2;201372;0;
..\..\world\kalimdor\barrens\passivedoodads\bushes\barrensbush03.m2;19915.064453125;91.66690063476562;16388.09765625;0;25.80767822265625;0;;1.302734375;377459;m2;201372;0;
..\..\world\kalimdor\barrens\passivedoodads\bushes\barrensbush03.m2;20096.58203125;91.66666412353516;16430.458984375;0;329.0285949707031;0;;1.2763671875;377287;m2;201372;0;
..\..\world\kalimdor\barrens\passivedoodads\bushes\barrensbush03.m2;19923.134765625;91.67216491699219;16402.544921875;0;281.4673156738281;0;;1.4375;377414;m2;201372;0;
..\..\world\kalimdor\barrens\passivedoodads\bushes\barrensbush03.m2;19992.58203125;91.68680572509766;16463.2578125;0;90.12359619140625;0;;1.6455078125;375195;m2;201372;0;
..\..\world\kalimdor\barrens\passivedoodads\bushes\barrensbush03.m2;19830.072265625;91.66703033447266;16487.673828125;0;201.7261199951172;0;;1.326171875;375048;m2;201372;0;
..\..\world\kalimdor\barrens\passivedoodads\bushes\barrensbush03.m2;19974.44921875;91.7991714477539;16423.044921875;0;254.18743896484375;0;;1.37890625;377400;m2;201372;0;
..\..\world\kalimdor\barrens\passivedoodads\bushes\barrensbush03.m2;20007.01953125;91.67144012451172;16467.134765625;0;243.8929443359375;0;;1.29296875;375183;m2;201372;0;
..\..\world\kalimdor\barrens\passivedoodads\bushes\barrensbush03.m2;19926.3828125;91.67401123046875;16403.486328125;0;0.52734375;0;;1.62890625;377415;m2;201372;0;
..\..\world\kalimdor\barrens\passivedoodads\bushes\barrensbush03.m2;19930.900390625;91.66869354248047;16513.486328125;0;75.31072998046875;0;;1.3876953125;375125;m2;201372;0;
..\..\world\kalimdor\barrens\passivedoodads\bushes\barrensbush03.m2;20021.05859375;91.70295715332031;16469.236328125;0;202.19845581054688;0;;1.3154296875;375147;m2;201372;0;
..\..\world\kalimdor\barrens\passivedoodads\bushes\barrensbush03.m2;19928.568359375;91.68318176269531;16403.482421875;0;20.7537841796875;0;;1.3232421875;377416;m2;201372;0;
..\..\world\kalimdor\barrens\passivedoodads\bushes\barrensbush03.m2;19885.767578125;91.6666488647461;16499.958984375;0;127.99918365478516;0;;1.2470703125;377360;m2;201372;0;
..\..\world\kalimdor\barrens\passivedoodads\bushes\barrensbush03.m2;19935.095703125;91.66667175292969;16483.236328125;0;200.001220703125;0;;1.328125;377347;m2;201372;0;
..\..\world\kalimdor\barrens\passivedoodads\bushes\barrensbush03.m2;20150.314453125;80.19864654541016;16072.1123046875;0;34.46514892578125;0;;1.2490234375;252712;m2;201372;0;
..\..\world\kalimdor\barrens\passivedoodads\bushes\barrensbush03.m2;19964.0390625;91.8065185546875;16430.537109375;0;50.74908447265625;0;;1.2431640625;375084;m2;201372;0;
..\..\world\kalimdor\barrens\passivedoodads\bushes\barrensbush03.m2;20088.0234375;91.66667175292969;16460.634765625;0;295.299560546875;0;;1.28515625;377289;m2;201372;0;
..\..\world\kalimdor\barrens\passivedoodads\bushes\barrensbush03.m2;20012.8671875;91.7111587524414;16464.74609375;0;26.29107666015625;0;;1.2783203125;375211;m2;201372;0;
..\..\world\kalimdor\barrens\passivedoodads\bushes\barrensbush03.m2;20076.12890625;91.77777862548828;16465.28125;0;138.70660400390625;0;;1.2392578125;377266;m2;201372;0;
..\..\world\kalimdor\barrens\passivedoodads\bushes\barrensbush03.m2;19968.734375;91.72494506835938;16424.64453125;0;129.09329223632812;0;;1.2392578125;377399;m2;201372;0;
..\..\world\kalimdor\barrens\passivedoodads\bushes\barrensbush03.m2;19991.978515625;91.6734390258789;16460.736328125;0;75.8739013671875;0;;1.37890625;375198;m2;201372;0;
..\..\world\kalimdor\barrens\passivedoodads\bushes\barrensbush03.m2;19926.400390625;91.66666412353516;16482.548828125;0;190.1845245361328;0;;1.427734375;377338;m2;201372;0;
..\..\world\kalimdor\barrens\passivedoodads\bushes\barrensbush03.m2;20110.31640625;91.66666412353516;16533.38671875;0;326.7323913574219;0;;1.2431640625;377230;m2;201372;0;
..\..\world\kalimdor\barrens\passivedoodads\bushes\barrensbush03.m2;19961.576171875;92.0467300415039;16429.623046875;0;226.54002380371094;0;;1.236328125;375099;m2;201372;0;
..\..\world\generic\gnome\passivedoodads\gears&levers\gnomebiggear.m2;20135.099609375;70.15471649169922;16005.9111328125;-47.5;227.5;75;;1;253855;m2;197671;0;
..\..\world\kalimdor\barrens\passivedoodads\bushes\barrensbush03.m2;20067.23828125;91.66666412353516;16525.06640625;0;218.34893798828125;0;;1.232421875;377237;m2;201372;0;
..\..\world\kalimdor\barrens\passivedoodads\bushes\barrensbush03.m2;20010.2109375;91.78153228759766;16457.09765625;0;263.1525573730469;0;;1.474609375;375290;m2;201372;0;
..\..\world\generic\dwarf\passivedoodads\tavernstuff\brewerytanks01.m2;20173.642578125;77.2457046508789;16034.025390625;0;24.5;0;;1;252918;m2;197604;0;
..\..\world\generic\dwarf\passivedoodads\tavernstuff\brewerytanks01.m2;20171.615234375;77.30474090576172;16030.71484375;0;343;0;;1;252919;m2;197604;0;
..\..\world\kalimdor\barrens\passivedoodads\bushes\barrensbush03.m2;20121.298828125;80.0719985961914;16040.712890625;0;169.53521728515625;0;;1.4169921875;252756;m2;201372;0;
..\..\world\kalimdor\barrens\passivedoodads\bushes\barrensbush03.m2;19912.96484375;91.69868469238281;16399.455078125;0;275.8970947265625;0;;1.4892578125;377417;m2;201372;0;
..\..\world\kalimdor\barrens\passivedoodads\bushes\barrensbush03.m2;20147.98046875;80.04886627197266;16072.037109375;0;321.3379211425781;0;;1.2294921875;252713;m2;201372;0;
..\..\world\generic\gnome\passivedoodads\gears&levers\gnomebiggear.m2;20215.90234375;82.20340728759766;16039.306640625;-53.5000114440918;293.5;4.000020503997803;;1;252916;m2;197671;0;
..\..\world\kalimdor\barrens\passivedoodads\bushes\barrensbush03.m2;20120.810546875;80.0998306274414;16038.474609375;0;226.4241485595703;0;;1.2255859375;252755;m2;201372;0;
..\..\world\kalimdor\barrens\passivedoodads\bushes\barrensbush03.m2;19927.6796875;91.66666412353516;16497.02734375;0;50.54840087890625;0;;1.2216796875;375123;m2;201372;0;
..\..\world\kalimdor\barrens\passivedoodads\bushes\barrensbush03.m2;19911.140625;91.66666412353516;16491.37109375;0;261.4606018066406;0;;1.4326171875;377331;m2;201372;0;
..\..\world\kalimdor\barrens\passivedoodads\bushes\barrensbush03.m2;19899.69140625;91.66666412353516;16476.74609375;0;236.4110107421875;0;;1.2275390625;377323;m2;201372;0;
..\..\world\kalimdor\barrens\passivedoodads\bushes\barrensbush03.m2;19897.244140625;91.6666488647461;16495.763671875;0;345.16241455078125;0;;1.3486328125;377353;m2;201372;0;
..\..\world\khazmodan\ironforge\passivedoodads\steamtank\ruinedsteamtankaxle01.m2;20172.15625;80.82788848876953;16031.5859375;0;269.5;0;;0.869140625;253868;m2;203232;0;
..\..\world\kalimdor\barrens\passivedoodads\bushes\barrensbush03.m2;20115.89453125;79.76679992675781;16027.7080078125;0;49.011505126953125;0;;1.216796875;252751;m2;201372;0;
..\..\world\kalimdor\barrens\passivedoodads\bushes\barrensbush03.m2;20075.31640625;91.66666412353516;16470.267578125;0;215.62425231933594;0;;1.2158203125;377275;m2;201372;0;
..\..\world\kalimdor\barrens\passivedoodads\bushes\barrensbush03.m2;19925.23046875;91.66666412353516;16400.015625;0;134.43280029296875;0;;1.2158203125;377465;m2;201372;0;
..\..\world\kalimdor\barrens\passivedoodads\bushes\barrensbush03.m2;19827.1640625;91.67291259765625;16487.17578125;0;137.77276611328125;0;;1.2119140625;377409;m2;201372;0;
..\..\world\kalimdor\barrens\passivedoodads\bushes\barrensbush03.m2;20007.89453125;91.6849594116211;16463.966796875;0;234.5432891845703;0;;1.2138671875;375210;m2;201372;0;
..\..\world\kalimdor\barrens\passivedoodads\bushes\barrensbush03.m2;20075.64453125;91.66666412353516;16466.7421875;0;238.21282958984375;0;;1.220703125;377267;m2;201372;0;
..\..\world\kalimdor\barrens\passivedoodads\bushes\barrensbush03.m2;20001.751953125;91.669921875;16468.517578125;0;209.88922119140625;0;;1.2216796875;375182;m2;201372;0;
..\..\world\kalimdor\barrens\passivedoodads\bushes\barrensbush03.m2;19913.41015625;91.66714477539062;16388.830078125;0;125.44573974609375;0;;1.205078125;377458;m2;201372;0;
..\..\world\kalimdor\barrens\passivedoodads\bushes\barrensbush03.m2;19929.86328125;91.66666412353516;16491.111328125;0;177.88385009765625;0;;1.5263671875;375119;m2;201372;0;
..\..\world\kalimdor\barrens\passivedoodads\bushes\barrensbush03.m2;19914.44140625;91.71054077148438;16400.919921875;0;132.6309814453125;0;;1.201171875;377418;m2;201372;0;
..\..\world\kalimdor\barrens\passivedoodads\bushes\barrensbush03.m2;19923.64453125;91.66666412353516;16495.171875;0;270.7685241699219;0;;1.552734375;377307;m2;201372;0;
..\..\world\kalimdor\barrens\passivedoodads\bushes\barrensbush03.m2;20087.96875;91.66666412353516;16446.123046875;0;262.25390625;0;;1.4208984375;375179;m2;201372;0;
..\..\world\kalimdor\barrens\passivedoodads\bushes\barrensbush03.m2;20008.5;91.69861602783203;16462.052734375;0;113.27227783203125;0;;1.251953125;377243;m2;201372;0;
..\..\world\kalimdor\barrens\passivedoodads\bushes\barrensbush03.m2;20079.794921875;91.66666412353516;16462.89453125;0;235.49913024902344;0;;1.2041015625;377270;m2;201372;0;
..\..\world\kalimdor\barrens\passivedoodads\bushes\barrensbush03.m2;19970.193359375;91.71503448486328;16428.345703125;0;196.55140686035156;0;;1.306640625;377382;m2;201372;0;
..\..\world\kalimdor\barrens\passivedoodads\bushes\barrensbush03.m2;19916.775390625;91.66814422607422;16497.38671875;0;125.17324829101562;0;;1.2001953125;377303;m2;201372;0;
..\..\world\kalimdor\barrens\passivedoodads\bushes\barrensbush03.m2;20073.70703125;91.66666412353516;16462.423828125;0;85.41323852539062;0;;1.46875;375145;m2;201372;0;
..\..\world\kalimdor\barrens\passivedoodads\bushes\barrensbush03.m2;19970.40625;91.68677520751953;16413.994140625;0;38.02484130859375;0;;1.193359375;377392;m2;201372;0;
..\..\world\kalimdor\barrens\passivedoodads\bushes\barrensbush03.m2;20090.78125;91.66666412353516;16451.673828125;0;125.69843292236328;0;;1.193359375;377279;m2;201372;0;
..\..\world\kalimdor\barrens\passivedoodads\bushes\barrensbush03.m2;19995.06640625;91.72172546386719;16466.361328125;0;241.02542114257812;0;;1.20703125;375189;m2;201372;0;
..\..\world\kalimdor\barrens\passivedoodads\bushes\barrensbush03.m2;19990.06640625;91.66796875;16457.71484375;0;196.17784118652344;0;;1.296875;375199;m2;201372;0;
..\..\world\kalimdor\barrens\passivedoodads\bushes\barrensbush03.m2;20023.40234375;91.77599334716797;16465.5859375;0;43.9906005859375;0;;1.1806640625;375284;m2;201372;0;
..\..\world\kalimdor\barrens\passivedoodads\bushes\barrensbush03.m2;20247.92578125;80.22051239013672;16023.294921875;0;30.971405029296875;0;;1.1904296875;252690;m2;201372;0;
..\..\world\kalimdor\barrens\passivedoodads\bushes\barrensbush03.m2;19963.68359375;91.81713104248047;16426.21875;0;214.00958251953125;0;;1.181640625;375082;m2;201372;0;
..\..\world\kalimdor\barrens\passivedoodads\bushes\barrensbush03.m2;19904.095703125;91.66666412353516;16484.880859375;0;268.1514892578125;0;;1.494140625;377326;m2;201372;0;
..\..\world\kalimdor\barrens\passivedoodads\bushes\barrensbush03.m2;20090.0546875;91.66666412353516;16441.306640625;0;105.7084732055664;0;;1.287109375;375151;m2;201372;0;
..\..\world\kalimdor\barrens\passivedoodads\bushes\barrensbush03.m2;19821.279296875;91.66798400878906;16469.763671875;0;208.208251953125;0;;1.1943359375;377405;m2;201372;0;
..\..\world\kalimdor\barrens\passivedoodads\bushes\barrensbush03.m2;19827.384765625;91.6676025390625;16482.8984375;0;192.13455200195312;0;;1.3232421875;375071;m2;201372;0;
..\..\world\kalimdor\barrens\passivedoodads\bushes\barrensbush03.m2;19824.48828125;91.66707611083984;16475.232421875;0;187.4158935546875;0;;1.3876953125;375058;m2;201372;0;
..\..\world\kalimdor\barrens\passivedoodads\bushes\barrensbush03.m2;20188.3046875;80.49028015136719;16044.6904296875;0;310.45013427734375;0;;1.1640625;252696;m2;201372;0;
..\..\world\kalimdor\barrens\passivedoodads\bushes\barrensbush03.m2;20027.6953125;91.66703033447266;16475.75390625;0;89.57965087890625;0;;1.513671875;377245;m2;201372;0;
..\..\world\kalimdor\barrens\passivedoodads\bushes\barrensbush03.m2;20134.44140625;80.06818389892578;16064.349609375;0;308.1319580078125;0;;1.1630859375;252720;m2;201372;0;
..\..\world\kalimdor\barrens\passivedoodads\bushes\barrensbush03.m2;19965.287109375;91.67435455322266;16439.189453125;0;311.02313232421875;0;;1.1591796875;375092;m2;201372;0;
..\..\world\kalimdor\barrens\passivedoodads\bushes\barrensbush03.m2;20091.013671875;91.66666412353516;16439.287109375;0;251.29769897460938;0;;1.2451171875;375152;m2;201372;0;
..\..\world\kalimdor\barrens\passivedoodads\bushes\barrensbush03.m2;19928.37109375;91.66680908203125;16503.26953125;0;4.67724609375;0;;1.4208984375;375108;m2;201372;0;
..\..\world\kalimdor\barrens\passivedoodads\bushes\barrensbush03.m2;19901.90625;91.66666412353516;16489.544921875;0;204.67324829101562;0;;1.2001953125;377317;m2;201372;0;
..\..\world\kalimdor\barrens\passivedoodads\bushes\barrensbush03.m2;19823.84375;91.7741928100586;16489.201171875;0;208.29055786132812;0;;1.1787109375;377406;m2;201372;0;
..\..\world\kalimdor\barrens\passivedoodads\bushes\barrensbush03.m2;19968.923828125;91.67352294921875;16411.537109375;0;8.888214111328125;0;;1.3486328125;377394;m2;201372;0;
..\..\world\kalimdor\barrens\passivedoodads\bushes\barrensbush03.m2;20165.76953125;79.96405029296875;16065.6240234375;0;164.7779541015625;0;;1.2705078125;252706;m2;201372;0;
..\..\world\kalimdor\barrens\passivedoodads\bushes\barrensbush03.m2;20079.83203125;91.66666412353516;16455.955078125;0;167.637451171875;0;;1.30078125;375138;m2;201372;0;
..\..\world\kalimdor\barrens\passivedoodads\bushes\barrensbush03.m2;20253.55078125;79.9559097290039;15998.96484375;0;46.992889404296875;0;;1.1494140625;252652;m2;201372;0;
..\..\world\kalimdor\barrens\passivedoodads\bushes\barrensbush03.m2;20072.974609375;91.66666412353516;16468.80078125;0;149.10000610351562;0;;1.162109375;377273;m2;201372;0;
..\..\world\kalimdor\barrens\passivedoodads\bushes\barrensbush03.m2;20209.25390625;79.93336486816406;16034.931640625;0;126.99285888671875;0;;1.1494140625;252682;m2;201372;0;
..\..\world\kalimdor\barrens\passivedoodads\bushes\barrensbush03.m2;19928.388671875;91.66666412353516;16492.763671875;0;186.37652587890625;0;;1.3798828125;375120;m2;201372;0;
..\..\world\kalimdor\barrens\passivedoodads\bushes\barrensbush03.m2;20080.03125;91.66666412353516;16533.533203125;0;19.259613037109375;0;;1.2265625;375240;m2;201372;0;
..\..\world\khazmodan\ironforge\passivedoodads\steamtank\ruinedsteamtankgastank01.m2;20186.53125;72.1756591796875;16006.4716796875;36.5;0;126;;1;252936;m2;203233;0;
..\..\world\kalimdor\barrens\passivedoodads\bushes\barrensbush03.m2;19926.701171875;91.66666412353516;16479.701171875;0;56.097900390625;0;;1.150390625;377343;m2;201372;0;
..\..\world\kalimdor\barrens\passivedoodads\bushes\barrensbush03.m2;20114.6484375;91.66666412353516;16533.095703125;0;97.75933837890625;0;;1.3486328125;377221;m2;201372;0;
..\..\world\kalimdor\barrens\passivedoodads\bushes\barrensbush03.m2;20122.87109375;80.04325103759766;16043.52734375;0;44.4849853515625;0;;1.1396484375;252758;m2;201372;0;
..\..\world\kalimdor\barrens\passivedoodads\bushes\barrensbush03.m2;19836.078125;91.6666488647461;16491.220703125;0;230.41229248046875;0;;1.13671875;375069;m2;201372;0;
..\..\world\kalimdor\barrens\passivedoodads\bushes\barrensbush03.m2;20002.7734375;91.66719818115234;16465.5546875;0;195.9910888671875;0;;1.24609375;375206;m2;201372;0;
..\..\world\kalimdor\barrens\passivedoodads\bushes\barrensbush03.m2;19901.248046875;91.70156860351562;16500.37109375;0;213.4598846435547;0;;1.1435546875;377370;m2;201372;0;
..\..\world\kalimdor\barrens\passivedoodads\bushes\barrensbush03.m2;20010.81640625;91.84516143798828;16454.70703125;0;119.51290893554688;0;;1.154296875;375288;m2;201372;0;
..\..\world\kalimdor\barrens\passivedoodads\bushes\barrensbush03.m2;19891.318359375;91.7687759399414;16386.10546875;0;56.295654296875;0;;1.138671875;377433;m2;201372;0;
..\..\world\kalimdor\barrens\passivedoodads\bushes\barrensbush03.m2;19925.72265625;91.67893981933594;16510.078125;0;8.768524169921875;0;;1.3232421875;375102;m2;201372;0;
..\..\world\kalimdor\barrens\passivedoodads\bushes\barrensbush03.m2;20254.361328125;79.93970489501953;16002.1611328125;0;170.71600341796875;0;;1.3134765625;252654;m2;201372;0;
..\..\world\kalimdor\barrens\passivedoodads\bushes\barrensbush03.m2;19937;91.66690826416016;16486.173828125;0;183.27999877929688;0;;1.4052734375;375112;m2;201372;0;
..\..\world\kalimdor\barrens\passivedoodads\bushes\barrensbush03.m2;20160.3984375;80.01077270507812;16069.076171875;0;110.62468719482422;0;;1.189453125;252708;m2;201372;0;
..\..\world\kalimdor\barrens\passivedoodads\bushes\barrensbush03.m2;19883.615234375;91.6666488647461;16500.439453125;0;26.17022705078125;0;;1.15625;377359;m2;201372;0;
..\..\world\kalimdor\barrens\passivedoodads\bushes\barrensbush03.m2;20091.478515625;91.66666412353516;16436.939453125;0;297.36480712890625;0;;1.1494140625;375150;m2;201372;0;
..\..\world\kalimdor\barrens\passivedoodads\bushes\barrensbush03.m2;19825.5;91.74882507324219;16490.7578125;0;132.94961547851562;0;;1.12109375;375051;m2;201372;0;
..\..\world\kalimdor\barrens\passivedoodads\bushes\barrensbush03.m2;19921.826171875;91.66666412353516;16494.390625;0;124.19542694091797;0;;1.1259765625;377305;m2;201372;0;
..\..\world\kalimdor\barrens\passivedoodads\bushes\barrensbush03.m2;19993.73046875;91.66676330566406;16456.603515625;0;149.31976318359375;0;;1.1328125;375203;m2;201372;0;
..\..\world\kalimdor\barrens\passivedoodads\bushes\barrensbush03.m2;19893.17578125;92.09041595458984;16394.76953125;0;251.23202514648438;0;;1.1953125;377438;m2;201372;0;
..\..\world\kalimdor\barrens\passivedoodads\bushes\barrensbush03.m2;20075.6953125;91.66666412353516;16529.18359375;0;171.1832275390625;0;;1.30078125;375277;m2;201372;0;
..\..\world\kalimdor\barrens\passivedoodads\bushes\barrensbush03.m2;20076.6015625;91.66666412353516;16457.380859375;0;340.2489013671875;0;;1.18359375;375141;m2;201372;0;
..\..\world\kalimdor\barrens\passivedoodads\bushes\barrensbush03.m2;20074.130859375;91.66666412353516;16468.65234375;0;252.40762329101562;0;;1.201171875;377274;m2;201372;0;
..\..\world\kalimdor\barrens\passivedoodads\bushes\barrensbush03.m2;19924.62890625;91.66666412353516;16477.33984375;0;160.09765625;0;;1.1728515625;377345;m2;201372;0;
..\..\world\kalimdor\barrens\passivedoodads\bushes\barrensbush03.m2;20077.306640625;91.66666412353516;16462.16015625;0;209.08718872070312;0;;1.115234375;377269;m2;201372;0;
..\..\world\kalimdor\barrens\passivedoodads\bushes\barrensbush03.m2;19993.37109375;91.66667175292969;16455.90625;0;109.20745849609375;0;;1.171875;375202;m2;201372;0;
..\..\world\kalimdor\barrens\passivedoodads\bushes\barrensbush03.m2;19925.1484375;91.66667175292969;16497.080078125;0;325.7715148925781;0;;1.099609375;377315;m2;201372;0;
..\..\world\kalimdor\barrens\passivedoodads\bushes\barrensbush03.m2;19926.7421875;91.6845703125;16513.322265625;0;163.18603515625;0;;1.189453125;375110;m2;201372;0;
..\..\world\kalimdor\barrens\passivedoodads\bushes\barrensbush03.m2;19942.201171875;91.6675033569336;16482.99609375;0;207.32980346679688;0;;1.119140625;375105;m2;201372;0;
..\..\world\kalimdor\barrens\passivedoodads\bushes\barrensbush03.m2;19989.33203125;91.82095336914062;16467.611328125;0;273.65582275390625;0;;1.3583984375;377255;m2;201372;0;
..\..\world\kalimdor\barrens\passivedoodads\bushes\barrensbush03.m2;19928.076171875;91.66666412353516;16486.62109375;0;213.5477752685547;0;;1.095703125;377340;m2;201372;0;
..\..\world\kalimdor\barrens\passivedoodads\bushes\barrensbush03.m2;19978.591796875;91.96818542480469;16424.50390625;0;317.2838439941406;0;;1.08984375;377387;m2;201372;0;
..\..\world\kalimdor\barrens\passivedoodads\bushes\barrensbush03.m2;20069.34765625;91.66666412353516;16526.046875;0;305.38983154296875;0;;1.091796875;375247;m2;201372;0;
..\..\world\kalimdor\barrens\passivedoodads\bushes\barrensbush03.m2;19925.201171875;91.67240142822266;16506.91796875;0;195.17324829101562;0;;1.2001953125;377310;m2;201372;0;
..\..\world\kalimdor\barrens\passivedoodads\bushes\barrensbush03.m2;20091.71484375;91.66666412353516;16446.59765625;0;151.703857421875;0;;1.1103515625;377280;m2;201372;0;
..\..\world\kalimdor\barrens\passivedoodads\bushes\barrensbush03.m2;19833.146484375;91.6666488647461;16483.544921875;0;309.4942932128906;0;;1.0849609375;375047;m2;201372;0;
..\..\world\kalimdor\barrens\passivedoodads\bushes\barrensbush03.m2;19822.93359375;91.66703033447266;16472.119140625;0;163.9649658203125;0;;1.1875;375057;m2;201372;0;
..\..\world\kalimdor\barrens\passivedoodads\bushes\barrensbush03.m2;20081.23828125;91.66666412353516;16462.517578125;0;41.386749267578125;0;;1.080078125;377271;m2;201372;0;
..\..\world\kalimdor\barrens\passivedoodads\bushes\barrensbush03.m2;19899.87890625;91.66666412353516;16484.033203125;0;203.6954345703125;0;;1.1259765625;377319;m2;201372;0;
..\..\world\kalimdor\barrens\passivedoodads\bushes\barrensbush03.m2;20135.376953125;80.11371612548828;16065.3291015625;0;194.2881622314453;0;;1.19921875;252719;m2;201372;0;
..\..\world\kalimdor\barrens\passivedoodads\bushes\barrensbush03.m2;20065.259765625;91.66666412353516;16524.15625;0;22.841278076171875;0;;1.126953125;377238;m2;201372;0;
..\..\world\kalimdor\barrens\passivedoodads\bushes\barrensbush03.m2;20090.279296875;91.66666412353516;16450.40625;0;159.801025390625;0;;1.14453125;377278;m2;201372;0;
..\..\world\generic\gnome\passivedoodads\gears&levers\gnomebiggear.m2;20163.5234375;80.5386734008789;16030.4052734375;-82.50001525878906;290.4999694824219;61.000038146972656;;1;252917;m2;197671;0;
..\..\world\kalimdor\barrens\passivedoodads\bushes\barrensbush03.m2;19887.849609375;91.6666488647461;16499.048828125;0;257.57135009765625;0;;1.2109375;377357;m2;201372;0;
..\..\world\kalimdor\barrens\passivedoodads\bushes\barrensbush03.m2;19892.6953125;91.6666488647461;16495.189453125;0;14.996795654296875;0;;1.1806640625;377363;m2;201372;0;
..\..\world\kalimdor\barrens\passivedoodads\bushes\barrensbush03.m2;19924.68359375;91.6711654663086;16505.328125;0;163.37786865234375;0;;1.1630859375;377309;m2;201372;0;
..\..\world\kalimdor\barrens\passivedoodads\bushes\barrensbush03.m2;19928.48828125;91.66666412353516;16494.29296875;0;271.0837097167969;0;;1.37109375;375122;m2;201372;0;
..\..\world\kalimdor\barrens\passivedoodads\bushes\barrensbush03.m2;19900.228515625;91.66666412353516;16479.84765625;0;335.2715148925781;0;;1.099609375;377322;m2;201372;0;
..\..\world\kalimdor\barrens\passivedoodads\bushes\barrensbush03.m2;20092.328125;91.66666412353516;16435.890625;0;77.12612915039062;0;;1.193359375;375149;m2;201372;0;
..\..\world\kalimdor\barrens\passivedoodads\bushes\barrensbush03.m2;19902.693359375;91.70980834960938;16500.66796875;0;291.1246032714844;0;;1.12109375;377369;m2;201372;0;
..\..\world\generic\human\passivedoodads\oildrums\oildrum01.m2;20188.16015625;79.24613952636719;16041.919921875;-59.00000762939453;180.8499755859375;25.500001907348633;;1;293801;m2;198372;0;
..\..\world\kalimdor\barrens\passivedoodads\bushes\barrensbush03.m2;20074.029296875;91.66666412353516;16464.044921875;0;215.51730346679688;0;;1.0576171875;375146;m2;201372;0;
..\..\world\kalimdor\barrens\passivedoodads\bushes\barrensbush03.m2;19967.66796875;91.66861724853516;16410.666015625;0;74.09405517578125;0;;1.1572265625;377395;m2;201372;0;
..\..\world\kalimdor\barrens\passivedoodads\bushes\barrensbush03.m2;19894.646484375;91.78568267822266;16390.115234375;0;131.3345947265625;0;;1.0537109375;377436;m2;201372;0;
..\..\world\kalimdor\barrens\passivedoodads\bushes\barrensbush03.m2;20017.90625;91.69886016845703;16468.259765625;0;177.25872802734375;0;;1.326171875;375167;m2;201372;0;
..\..\world\kalimdor\barrens\passivedoodads\bushes\barrensbush03.m2;19923.59765625;91.66666412353516;16476.625;0;65.97491455078125;0;;1.095703125;377346;m2;201372;0;
..\..\world\kalimdor\barrens\passivedoodads\bushes\barrensbush03.m2;19898.923828125;91.76896667480469;16392.18359375;0;52.6260986328125;0;;1.0517578125;377426;m2;201372;0;
..\..\world\kalimdor\barrens\passivedoodads\bushes\barrensbush03.m2;20253.86328125;79.89058685302734;16001.0146484375;0;26.45880126953125;0;;1.080078125;252653;m2;201372;0;
..\..\world\kalimdor\barrens\passivedoodads\bushes\barrensbush03.m2;20009.515625;91.79194641113281;16455.642578125;0;277.69891357421875;0;;1.240234375;375291;m2;201372;0;
..\..\world\kalimdor\barrens\passivedoodads\bushes\barrensbush03.m2;20139.994140625;80.1457290649414;16069.0654296875;0;256.09912109375;0;;1.1669921875;252716;m2;201372;0;
..\..\world\generic\human\passivedoodads\oildrums\oildrum01.m2;20188.0859375;79.90626525878906;16001.4873046875;22.999998092651367;136.26824951171875;74.49999237060547;;1;293802;m2;198372;0;
..\..\world\kalimdor\barrens\passivedoodads\bushes\barrensbush03.m2;19928.16015625;91.66668701171875;16500.39453125;0;75.7078857421875;0;;1.1611328125;375116;m2;201372;0;
..\..\world\kalimdor\barrens\passivedoodads\bushes\barrensbush03.m2;19999.53515625;91.73728942871094;16469.419921875;0;340.4107666015625;0;;1.1123046875;375190;m2;201372;0;
..\..\world\kalimdor\barrens\passivedoodads\bushes\barrensbush03.m2;19987.142578125;91.6693115234375;16458.05859375;0;173.52337646484375;0;;1.251953125;375196;m2;201372;0;
..\..\world\khazmodan\ironforge\passivedoodads\steamtank\ruinedsteamtankgastank01.m2;20167.955078125;80.06004333496094;16041.6796875;3.9999988079071045;144;112.5000228881836;;1;252907;m2;203233;0;
..\..\world\kalimdor\barrens\passivedoodads\bushes\barrensbush03.m2;20248.513671875;79.62351989746094;16021.1435546875;0;345.99285888671875;0;;1.1494140625;252659;m2;201372;0;
..\..\world\kalimdor\barrens\passivedoodads\bushes\barrensbush03.m2;20123.78125;80.225341796875;16045.4228515625;0;317.3058166503906;0;;1.0302734375;252760;m2;201372;0;
..\..\world\kalimdor\barrens\passivedoodads\bushes\barrensbush03.m2;20215.517578125;79.69074249267578;16032.8759765625;0;268.21600341796875;0;;1.3134765625;252684;m2;201372;0;
..\..\world\kalimdor\barrens\passivedoodads\bushes\barrensbush03.m2;20082.291015625;91.66666412353516;16456.955078125;0;35.6407470703125;0;;1.0322265625;377293;m2;201372;0;
..\..\world\kalimdor\barrens\passivedoodads\bushes\barrensbush03.m2;19965.783203125;91.7074203491211;16441.5703125;0;273.821044921875;0;;1.2734375;375087;m2;201372;0;
..\..\world\kalimdor\barrens\passivedoodads\bushes\barrensbush03.m2;20085.8671875;91.66666412353516;16445.4296875;0;91.0286865234375;0;;1.3203125;375178;m2;201372;0;
..\..\world\kalimdor\barrens\passivedoodads\bushes\barrensbush03.m2;20129.94140625;80.38834381103516;16057.5830078125;0;235.27938842773438;0;;1.025390625;252724;m2;201372;0;
..\..\world\kalimdor\barrens\passivedoodads\bushes\barrensbush03.m2;20097.724609375;91.66666412353516;16535.025390625;0;229.89529418945312;0;;1.01953125;375236;m2;201372;0;
..\..\world\khazmodan\ironforge\passivedoodads\steamtank\ruinedsteamtankgastank01.m2;20214.123046875;65.73077392578125;16000.240234375;-47.000003814697266;0;-22.500001907348633;;1;252934;m2;203233;0;
..\..\world\kalimdor\barrens\passivedoodads\bushes\barrensbush03.m2;19839.107421875;91.6666488647461;16493.30078125;0;41.419708251953125;0;;1.015625;375076;m2;201372;0;
..\..\world\kalimdor\barrens\passivedoodads\bushes\barrensbush03.m2;20083.90234375;91.66666412353516;16450.818359375;0;112.92318725585938;0;;1.060546875;375173;m2;201372;0;
..\..\world\kalimdor\barrens\passivedoodads\bushes\barrensbush03.m2;20076.474609375;91.66666412353516;16527.388671875;0;240.6298828125;0;;1.0302734375;375278;m2;201372;0;
..\..\world\kalimdor\barrens\passivedoodads\bushes\barrensbush03.m2;19924.11328125;91.66761779785156;16501.1484375;0;194.1954345703125;0;;1.1259765625;377312;m2;201372;0;
..\..\world\kalimdor\barrens\passivedoodads\bushes\barrensbush03.m2;20121.876953125;80.05831146240234;16041.900390625;0;179.3792724609375;0;;1.3125;252757;m2;201372;0;
..\..\world\kalimdor\barrens\passivedoodads\bushes\barrensbush03.m2;19928.98046875;91.667236328125;16505.19921875;0;275.20208740234375;0;;1.234375;375111;m2;201372;0;
..\..\world\kalimdor\barrens\passivedoodads\bushes\barrensbush03.m2;20092.04296875;91.66666412353516;16435.65625;0;343.5262145996094;0;;1.103515625;375155;m2;201372;0;
..\..\world\khazmodan\ironforge\passivedoodads\steamtank\ruinedsteamtankgastank01.m2;20210.115234375;66.57329559326172;16001.4423828125;-21;0;84.49999237060547;;1;252935;m2;203233;0;
..\..\world\kalimdor\barrens\passivedoodads\bushes\barrensbush03.m2;19973.326171875;91.77297973632812;16422.37890625;0;57.78985595703125;0;;1.0185546875;377401;m2;201372;0;
..\..\world\generic\human\passivedoodads\oildrums\oildrum01.m2;20087.205078125;91.06688690185547;16086.8466796875;-27;323.0408630371094;8.000000953674316;;1;293794;m2;198372;0;
..\..\world\kalimdor\barrens\passivedoodads\bushes\barrensbush03.m2;19925.37890625;91.667236328125;16501.8046875;0;60.13616943359375;0;;1.0244140625;377313;m2;201372;0;
..\..\world\kalimdor\barrens\passivedoodads\bushes\barrensbush03.m2;20246.06640625;80.06941223144531;16024.7705078125;0;275.1609802246094;0;;1.228515625;252691;m2;201372;0;
..\..\world\kalimdor\barrens\passivedoodads\bushes\barrensbush03.m2;19926.453125;91.66666412353516;16485.443359375;0;173.32562255859375;0;;1.2060546875;377339;m2;201372;0;
..\..\world\generic\human\passivedoodads\oildrums\oildrum01.m2;19760.701171875;99.43313598632812;16177.232421875;-22.999998092651367;98.64990234375;14.999999046325684;;1;340978;m2;198372;0;
..\..\world\generic\gnome\passivedoodads\gears&levers\gnomebiggear.m2;20143.466796875;70.02826690673828;16015.1796875;-89.49954223632812;180;176.00001525878906;;1;253854;m2;197671;0;
..\..\world\kalimdor\barrens\passivedoodads\bushes\barrensbush03.m2;20077.5;91.66666412353516;16533.546875;0;280.63238525390625;0;;1.15234375;375242;m2;201372;0;
..\..\world\kalimdor\barrens\passivedoodads\bushes\barrensbush03.m2;20068.97265625;91.66666412353516;16525.125;0;296.595947265625;0;;1.0302734375;377212;m2;201372;0;
..\..\world\kalimdor\barrens\passivedoodads\bushes\barrensbush03.m2;20061.849609375;91.66666412353516;16470.998046875;0;27.367431640625;0;;1.0263671875;375158;m2;201372;0;
..\..\world\generic\human\passivedoodads\oildrums\oildrum01.m2;20189.81640625;80.05821990966797;16039.9736328125;-80.49999237060547;274.48541259765625;151;;1;293800;m2;198372;0;
..\..\world\kalimdor\barrens\passivedoodads\bushes\barrensbush03.m2;20013.03515625;91.68421936035156;16467.796875;0;142.40902709960938;0;;0.9990234375;375163;m2;201372;0;
..\..\world\khazmodan\ironforge\passivedoodads\steamtank\ruinedsteamtankaxle01.m2;19748.61328125;91.66666412353516;16234.943359375;0;321;0;;0.609375;262713;m2;203232;0;
..\..\world\kalimdor\barrens\passivedoodads\bushes\barrensbush03.m2;20028.490234375;91.66828155517578;16474.232421875;0;75.23666381835938;0;;1.0986328125;377246;m2;201372;0;
..\..\world\kalimdor\barrens\passivedoodads\bushes\barrensbush03.m2;20070.044921875;91.66666412353516;16470.447265625;0;47.0958251953125;0;;0.9912109375;375143;m2;201372;0;
..\..\world\kalimdor\barrens\passivedoodads\bushes\barrensbush03.m2;20030.75390625;91.6690902709961;16472.203125;0;69.39224243164062;0;;1.0517578125;375192;m2;201372;0;
..\..\world\kalimdor\barrens\passivedoodads\bushes\barrensbush03.m2;20062.8515625;91.66666412353516;16522.359375;0;307.0003356933594;0;;0.9921875;377239;m2;201372;0;
..\..\world\kalimdor\barrens\passivedoodads\bushes\barrensbush03.m2;19925.7421875;91.66666412353516;16479.068359375;0;229.66519165039062;0;;0.990234375;377344;m2;201372;0;
..\..\world\kalimdor\barrens\passivedoodads\bushes\barrensbush03.m2;20212.412109375;80.13182067871094;16034.2822265625;0;106.45880126953125;0;;1.080078125;252683;m2;201372;0;
..\..\world\kalimdor\barrens\passivedoodads\bushes\barrensbush03.m2;19926.00390625;91.66666412353516;16493.970703125;0;255.7715301513672;0;;1.099609375;377308;m2;201372;0;
..\..\world\kalimdor\barrens\passivedoodads\bushes\barrensbush03.m2;19892.42578125;92.605712890625;16399.947265625;0;243.07992553710938;0;;1.015625;377432;m2;201372;0;
..\..\world\kalimdor\barrens\passivedoodads\bushes\barrensbush03.m2;19892.72265625;91.70112609863281;16501.189453125;0;312.18603515625;0;;0.9873046875;377376;m2;201372;0;
..\..\world\kalimdor\barrens\passivedoodads\bushes\barrensbush03.m2;20112.080078125;91.66666412353516;16532.087890625;0;321.1511535644531;0;;0.9853515625;377231;m2;201372;0;
..\..\world\kalimdor\barrens\passivedoodads\bushes\barrensbush03.m2;19985.65234375;91.67164611816406;16458.66796875;0;283.1482849121094;0;;1.099609375;375197;m2;201372;0;
..\..\world\kalimdor\barrens\passivedoodads\bushes\barrensbush03.m2;20226.474609375;80.25545501708984;16031.6865234375;0;176.510009765625;0;;1.2197265625;252687;m2;201372;0;
..\..\world\kalimdor\barrens\passivedoodads\bushes\barrensbush03.m2;19892.666015625;91.6666488647461;16493.9921875;0;54.57073974609375;0;;0.9794921875;377361;m2;201372;0;
..\..\world\generic\human\passivedoodads\oildrums\oildrum01.m2;20133.607421875;81.66075134277344;16068.384765625;84.5;224.69361877441406;163;;1;293804;m2;198372;0;
..\..\world\kalimdor\barrens\passivedoodads\bushes\barrensbush03.m2;19901.130859375;91.66666412353516;16488.060546875;0;172.87786865234375;0;;1.1630859375;377316;m2;201372;0;
..\..\world\generic\human\passivedoodads\oildrums\oildrum01.m2;20133.97265625;80.99172973632812;16071.318359375;-26.999998092651367;352.3429260253906;-9.499999046325684;;1;293805;m2;198372;0;
..\..\world\kalimdor\barrens\passivedoodads\bushes\barrensbush03.m2;20081.642578125;91.66666412353516;16454.62890625;0;97.80621337890625;0;;1.154296875;375139;m2;201372;0;
..\..\world\kalimdor\barrens\passivedoodads\bushes\barrensbush03.m2;20082.94140625;91.66666412353516;16453.3828125;0;128.96975708007812;0;;0.974609375;375177;m2;201372;0;
..\..\world\kalimdor\barrens\passivedoodads\bushes\barrensbush03.m2;19976.314453125;91.66666412353516;16451.0859375;0;3.56182861328125;0;;1.2119140625;375079;m2;201372;0;
..\..\world\kalimdor\barrens\passivedoodads\bushes\barrensbush03.m2;19928.302734375;91.678955078125;16515.43359375;0;223.17324829101562;0;;0.970703125;375135;m2;201372;0;
..\..\world\kalimdor\barrens\passivedoodads\bushes\barrensbush03.m2;20250.47265625;80.09867858886719;16021.1171875;0;345.95880126953125;0;;1.080078125;252661;m2;201372;0;
..\..\world\kalimdor\barrens\passivedoodads\bushes\barrensbush03.m2;19968.40625;91.66666412353516;16444.74609375;0;171.8525390625;0;;1.1435546875;375093;m2;201372;0;
..\..\world\kalimdor\barrens\passivedoodads\bushes\barrensbush03.m2;19979.7109375;92.03217315673828;16424.2265625;0;338.82867431640625;0;;1.025390625;377386;m2;201372;0;
..\..\world\kalimdor\barrens\passivedoodads\bushes\barrensbush03.m2;19975.912109375;91.83822631835938;16425.759765625;0;98.17681884765625;0;;1.138671875;377384;m2;201372;0;
..\..\world\khazmodan\ironforge\passivedoodads\steamtank\ruinedsteamtankgastank01.m2;20167.9375;80.42825317382812;16045.3955078125;-34.500003814697266;259;-163;;1;252906;m2;203233;0;
..\..\world\kalimdor\barrens\passivedoodads\bushes\barrensbush03.m2;20027.884765625;91.70234680175781;16469.3203125;0;128.6318359375;0;;0.96484375;375285;m2;201372;0;
..\..\world\kalimdor\barrens\passivedoodads\bushes\barrensbush03.m2;19901.23828125;91.66666412353516;16484.470703125;0;69.63616943359375;0;;1.0244140625;377320;m2;201372;0;
..\..\world\generic\human\passivedoodads\lumberpiles\deadminelumberpilelarge.m2;19808.47265625;99.75662994384766;16160.794921875;0;169.56640625;0;;1;262745;m2;198339;0;
..\..\world\kalimdor\barrens\passivedoodads\bushes\barrensbush03.m2;19849.19140625;91.6666488647461;16493.9140625;0;147.01254272460938;0;;0.9658203125;375040;m2;201372;0;
..\..\world\generic\human\passivedoodads\oildrums\oildrum01.m2;20090.728515625;91.7381362915039;16091.384765625;-88.50001525878906;135.68511962890625;-75.99981689453125;;1;293793;m2;198372;0;
..\..\world\kalimdor\barrens\passivedoodads\bushes\barrensbush03.m2;20063.0859375;91.66666412353516;16473.8984375;0;342.31146240234375;0;;1.0361328125;377265;m2;201372;0;
..\..\world\kalimdor\barrens\passivedoodads\bushes\barrensbush03.m2;20086.51171875;91.666748046875;16463.955078125;0;192.51930236816406;0;;1.076171875;377291;m2;201372;0;
..\..\world\khazmodan\ironforge\passivedoodads\steamtank\ruinedsteamtankgastank01.m2;20164.90625;79.88385772705078;16041.3271484375;-84.99993896484375;44.4998779296875;-1.4999440908432007;;1;252905;m2;203233;0;
..\..\world\kalimdor\barrens\passivedoodads\bushes\barrensbush03.m2;19977.177734375;91.66666412353516;16454.09375;0;38.31622314453125;0;;0.9501953125;375100;m2;201372;0;
..\..\world\kalimdor\barrens\passivedoodads\bushes\barrensbush03.m2;20167.982421875;80.27178192138672;16064.5078125;0;98.95687866210938;0;;1.1103515625;252705;m2;201372;0;
..\..\world\kalimdor\barrens\passivedoodads\bushes\barrensbush03.m2;19996.267578125;91.67771911621094;16463.435546875;0;123.6658935546875;0;;0.955078125;375223;m2;201372;0;
..\..\world\kalimdor\barrens\passivedoodads\bushes\barrensbush03.m2;19935.30078125;91.6668930053711;16487.798828125;0;25.137969970703125;0;;0.9794921875;375113;m2;201372;0;
..\..\world\kalimdor\barrens\passivedoodads\bushes\barrensbush03.m2;19965.0546875;91.7080307006836;16435.771484375;0;82.850830078125;0;;1.126953125;375080;m2;201372;0;
..\..\world\kalimdor\barrens\passivedoodads\bushes\barrensbush03.m2;19918.056640625;91.6667251586914;16396.90625;0;80.103759765625;0;;1.09375;377461;m2;201372;0;
..\..\world\kalimdor\barrens\passivedoodads\bushes\barrensbush03.m2;19925.134765625;91.66666412353516;16488.611328125;0;107.9989013671875;0;;1.0185546875;377337;m2;201372;0;
..\..\world\generic\human\passivedoodads\oildrums\oildrum01.m2;20121.0078125;94.15103149414062;16116.3583984375;-29.50000762939453;287.9219970703125;175;;1;293796;m2;198372;0;
..\..\world\generic\human\passivedoodads\oildrums\oildrum01.m2;19762.6171875;100.98396301269531;16172.7529296875;-89.49954223632812;121.66986083984375;173.50021362304688;;1;340977;m2;198372;0;
..\..\world\kalimdor\barrens\passivedoodads\bushes\barrensbush03.m2;19990.4921875;91.66666412353516;16452.34765625;0;301.60589599609375;0;;0.9482421875;377257;m2;201372;0;
..\..\world\kalimdor\barrens\passivedoodads\bushes\barrensbush03.m2;19999.51953125;91.72752380371094;16468.9296875;0;49.154327392578125;0;;0.931640625;375184;m2;201372;0;
..\..\world\kalimdor\barrens\passivedoodads\bushes\barrensbush03.m2;20029.65234375;91.67890930175781;16470.35546875;0;301.70477294921875;0;;0.94140625;375282;m2;201372;0;
..\..\world\kalimdor\barrens\passivedoodads\bushes\barrensbush03.m2;19918.09375;91.66686248779297;16496.357421875;0;93.37786865234375;0;;1.1630859375;377302;m2;201372;0;
..\..\world\kalimdor\barrens\passivedoodads\bushes\barrensbush03.m2;20117.6015625;91.66666412353516;16531.97265625;0;126.7751235961914;0;;0.9326171875;377235;m2;201372;0;
..\..\world\kalimdor\barrens\passivedoodads\bushes\barrensbush03.m2;19923.05859375;91.66666412353516;16497.806640625;0;327.1718444824219;0;;0.9384765625;377377;m2;201372;0;
..\..\world\kalimdor\barrens\passivedoodads\bushes\barrensbush03.m2;19991.330078125;91.66666412353516;16454.02734375;0;274.63360595703125;0;;1.140625;375204;m2;201372;0;
..\..\world\kalimdor\barrens\passivedoodads\bushes\barrensbush03.m2;19903.970703125;91.66666412353516;16483.40234375;0;102.945068359375;0;;1.041015625;377327;m2;201372;0;
..\..\world\kalimdor\barrens\passivedoodads\bushes\barrensbush03.m2;19977.83203125;91.66666412353516;16453.03125;0;300.01324462890625;0;;0.9365234375;375089;m2;201372;0;
..\..\world\kalimdor\barrens\passivedoodads\bushes\barrensbush03.m2;20075.244140625;91.66666412353516;16459.39453125;0;126.19573974609375;0;;0.921875;375148;m2;201372;0;
..\..\world\kalimdor\barrens\passivedoodads\bushes\barrensbush03.m2;20132.982421875;80.2935791015625;16063.2734375;0;276.0399169921875;0;;1.1123046875;252721;m2;201372;0;
..\..\world\kalimdor\barrens\passivedoodads\bushes\barrensbush03.m2;20118.34765625;91.66666412353516;16531.580078125;0;70.14984130859375;0;;0.9794921875;377234;m2;201372;0;
..\..\world\kalimdor\barrens\passivedoodads\bushes\barrensbush03.m2;19889.068359375;91.83267974853516;16385.66796875;0;120.17214965820312;0;;0.9296875;377442;m2;201372;0;
..\..\world\kalimdor\barrens\passivedoodads\bushes\barrensbush03.m2;20035.0234375;91.66666412353516;16472.7421875;0;90.99154663085938;0;;1.1796875;377248;m2;201372;0;
..\..\world\kalimdor\barrens\passivedoodads\bushes\barrensbush03.m2;19923.6484375;91.66666412353516;16489.068359375;0;4.1859130859375;0;;1.12890625;377336;m2;201372;0;
..\..\world\kalimdor\barrens\passivedoodads\bushes\barrensbush03.m2;20013.07421875;91.69325256347656;16466.666015625;0;174.03973388671875;0;;1.0986328125;375186;m2;201372;0;
..\..\world\kalimdor\barrens\passivedoodads\bushes\barrensbush03.m2;19919.1953125;91.66666412353516;16397.70703125;0;270.53564453125;0;;1.1806640625;377462;m2;201372;0;
..\..\world\khazmodan\ironforge\passivedoodads\steamtank\ruinedsteamtankgastank01.m2;20217.892578125;72.1602554321289;16012.3134765625;-7;0;-21;;1;252937;m2;203233;0;
..\..\world\kalimdor\barrens\passivedoodads\bushes\barrensbush03.m2;19896.248046875;91.76847076416016;16502.771484375;0;106.63095092773438;0;;0.98828125;377375;m2;201372;0;
..\..\world\kalimdor\barrens\passivedoodads\bushes\barrensbush03.m2;19899.935546875;91.71907806396484;16500.796875;0;45.078277587890625;0;;0.908203125;377371;m2;201372;0;
..\..\world\kalimdor\barrens\passivedoodads\bushes\barrensbush03.m2;20075.26953125;91.66666412353516;16530.919921875;0;224.79812622070312;0;;0.9072265625;375275;m2;201372;0;
..\..\world\kalimdor\barrens\passivedoodads\bushes\barrensbush03.m2;20069.92578125;91.66666412353516;16524.51953125;0;124.88540649414062;0;;0.9072265625;377240;m2;201372;0;
..\..\world\generic\human\passivedoodads\cargoboxes\deadminecargoboxes.m2;19755.68359375;91.72190856933594;16236.291015625;0;306.16973876953125;0;;1;262733;m2;198085;0;
..\..\world\kalimdor\barrens\passivedoodads\bushes\barrensbush03.m2;19945.82421875;91.6667251586914;16475.701171875;0;129.29107666015625;0;;0.9013671875;377350;m2;201372;0;
..\..\world\kalimdor\barrens\passivedoodads\bushes\barrensbush03.m2;19992.00390625;91.72965240478516;16465.212890625;0;242.00326538085938;0;;0.919921875;377251;m2;201372;0;
..\..\world\kalimdor\barrens\passivedoodads\bushes\barrensbush03.m2;20009.369140625;91.71843719482422;16460.865234375;0;357.5060119628906;0;;1.1357421875;375213;m2;201372;0;
..\..\world\kalimdor\barrens\passivedoodads\bushes\barrensbush03.m2;20115.94921875;91.66666412353516;16533.025390625;0;178.63214111328125;0;;1.1533203125;377222;m2;201372;0;
..\..\world\kalimdor\barrens\passivedoodads\bushes\barrensbush03.m2;19824.783203125;91.75534057617188;16490.107421875;0;281.4013977050781;0;;1.0244140625;375052;m2;201372;0;
..\..\world\kalimdor\barrens\passivedoodads\bushes\barrensbush03.m2;19925.349609375;91.68729400634766;16511.734375;0;222.1954345703125;0;;0.8955078125;375106;m2;201372;0;
..\..\world\generic\human\passivedoodads\oildrums\oildrum01.m2;20227.208984375;79.21450805664062;16004.46484375;12.5;30.75164794921875;5.499999523162842;;1;293797;m2;198372;0;
..\..\world\kalimdor\barrens\passivedoodads\bushes\barrensbush03.m2;19945.01953125;91.6668701171875;16477.712890625;0;137.67388916015625;0;;0.8955078125;377349;m2;201372;0;
..\..\world\kalimdor\barrens\passivedoodads\bushes\barrensbush03.m2;20008.66015625;91.72030639648438;16459.703125;0;347.7169189453125;0;;1.0078125;375214;m2;201372;0;
..\..\world\kalimdor\barrens\passivedoodads\bushes\barrensbush03.m2;20114.7109375;80.0802993774414;16025.52734375;0;264.9543762207031;0;;1.0859375;252750;m2;201372;0;
..\..\world\kalimdor\barrens\passivedoodads\bushes\barrensbush03.m2;20010.43359375;91.69976043701172;16464.001953125;0;69.18301391601562;0;;0.9384765625;375212;m2;201372;0;
..\..\world\kalimdor\barrens\passivedoodads\bushes\barrensbush03.m2;19921.642578125;91.66666412353516;16495.8046875;0;350.13616943359375;0;;1.0244140625;377306;m2;201372;0;
..\..\world\kalimdor\barrens\passivedoodads\bushes\barrensbush03.m2;19966.578125;91.66666412353516;16408.4140625;0;138.40997314453125;0;;0.87890625;377396;m2;201372;0;
..\..\world\kalimdor\barrens\passivedoodads\bushes\barrensbush03.m2;19994.671875;91.70647430419922;16465.2109375;0;342.03680419921875;0;;0.9453125;375224;m2;201372;0;
..\..\world\kalimdor\barrens\passivedoodads\bushes\barrensbush03.m2;19920.255859375;91.49999237060547;16491.783203125;0;269.14031982421875;0;;1.12890625;377341;m2;201372;0;
..\..\world\kalimdor\barrens\passivedoodads\bushes\barrensbush03.m2;20082.146484375;91.66666412353516;16463.4921875;0;51.7032470703125;0;;0.87109375;377272;m2;201372;0;
..\..\world\kalimdor\barrens\passivedoodads\bushes\barrensbush03.m2;19897.591796875;91.85636138916016;16393.611328125;0;326.41375732421875;0;;0.8759765625;377427;m2;201372;0;
..\..\world\kalimdor\barrens\passivedoodads\bushes\barrensbush03.m2;19836.28515625;91.6666488647461;16489.853515625;0;264.119384765625;0;;1.048828125;375067;m2;201372;0;
..\..\world\kalimdor\barrens\passivedoodads\bushes\barrensbush03.m2;19923.36328125;91.66666412353516;16397.66796875;0;40.980255126953125;0;;0.865234375;377464;m2;201372;0;
..\..\world\kalimdor\barrens\passivedoodads\bushes\barrensbush03.m2;19994.6875;91.6670150756836;16458.373046875;0;348.0465087890625;0;;0.9794921875;375207;m2;201372;0;
..\..\world\kalimdor\barrens\passivedoodads\bushes\barrensbush03.m2;19833.59375;91.6666488647461;16491.109375;0;129.51080322265625;0;;0.8603515625;375068;m2;201372;0;
..\..\world\kalimdor\barrens\passivedoodads\bushes\barrensbush03.m2;20094.4375;91.66666412353516;16438.970703125;0;302.42987060546875;0;;0.8681640625;377283;m2;201372;0;
..\..\world\kalimdor\barrens\passivedoodads\bushes\barrensbush03.m2;20015.314453125;91.69710540771484;16467.5;0;336.286376953125;0;;0.8955078125;375168;m2;201372;0;
..\..\world\kalimdor\barrens\passivedoodads\bushes\barrensbush03.m2;19966.39453125;91.72494506835938;16424.732421875;0;150.81427001953125;0;;0.8740234375;375083;m2;201372;0;
..\..\world\kalimdor\barrens\passivedoodads\bushes\barrensbush03.m2;20088.826171875;91.66666412353516;16452.400390625;0;113.66802978515625;0;;0.8955078125;377276;m2;201372;0;
..\..\world\kalimdor\barrens\passivedoodads\bushes\barrensbush03.m2;19900.09765625;91.66666412353516;16473.923828125;0;171.4359130859375;0;;1.0048828125;377325;m2;201372;0;
..\..\world\kalimdor\barrens\passivedoodads\bushes\barrensbush03.m2;19912.44140625;91.6674575805664;16388.490234375;0;5.108795166015625;0;;1.041015625;377457;m2;201372;0;
..\..\world\khazmodan\ironforge\passivedoodads\steamtank\ruinedsteamtankgastank01.m2;20175.806640625;79.61605834960938;16039.2978515625;29.999998092651367;180;1.9999972581863403;;1;252904;m2;203233;0;
..\..\world\kalimdor\barrens\passivedoodads\bushes\barrensbush03.m2;19882.458984375;91.91438293457031;16380.072265625;0;177.85211181640625;0;;1.07421875;377444;m2;201372;0;
..\..\world\kalimdor\barrens\passivedoodads\bushes\barrensbush03.m2;19988.65625;91.66869354248047;16457.892578125;0;93.50265502929688;0;;1.0439453125;375200;m2;201372;0;
..\..\world\kalimdor\barrens\passivedoodads\bushes\barrensbush03.m2;20032.830078125;91.66696166992188;16472.4609375;0;256.033203125;0;;0.9306640625;375193;m2;201372;0;
..\..\world\kalimdor\barrens\passivedoodads\bushes\barrensbush03.m2;19963.6328125;91.84274291992188;16432.345703125;0;268.844482421875;0;;1.072265625;375085;m2;201372;0;
..\..\world\kalimdor\barrens\passivedoodads\bushes\barrensbush03.m2;19966.96484375;91.67587280273438;16440.21875;0;293.3099365234375;0;;0.8701171875;375091;m2;201372;0;
..\..\world\kalimdor\barrens\passivedoodads\bushes\barrensbush03.m2;19987.4375;91.87824249267578;16468.314453125;0;180.0384521484375;0;;1.08984375;377256;m2;201372;0;
..\..\world\kalimdor\barrens\passivedoodads\bushes\barrensbush03.m2;20136.84375;80.02942657470703;16066.6923828125;0;271.711181640625;0;;1.0576171875;252718;m2;201372;0;
..\..\world\kalimdor\barrens\passivedoodads\bushes\barrensbush03.m2;20030.2578125;91.67035675048828;16471.4375;0;44.139190673828125;0;;0.8291015625;375289;m2;201372;0;
..\..\world\kalimdor\barrens\passivedoodads\bushes\barrensbush03.m2;19969.984375;91.72474670410156;16425.091796875;0;281.4786376953125;0;;0.9375;375077;m2;201372;0;
..\..\world\generic\human\passivedoodads\oildrums\oildrum01.m2;20197.76171875;80.0546646118164;16002.1884765625;85.49998474121094;29.462005615234375;-146.99998474121094;;1;293799;m2;198372;0;
..\..\world\kalimdor\barrens\passivedoodads\bushes\barrensbush03.m2;19927.322265625;91.68363952636719;16514.4765625;0;191.3778533935547;0;;0.93359375;375127;m2;201372;0;
..\..\world\kalimdor\barrens\passivedoodads\bushes\barrensbush03.m2;19903.146484375;91.66666412353516;16481.544921875;0;169.80987548828125;0;;0.9365234375;377328;m2;201372;0;
..\..\world\kalimdor\barrens\passivedoodads\bushes\barrensbush03.m2;19843.39453125;91.6666488647461;16493.40234375;0;178.25860595703125;0;;1.0322265625;375041;m2;201372;0;
..\..\world\kalimdor\barrens\passivedoodads\bushes\barrensbush03.m2;19963.275390625;91.81767272949219;16439.984375;0;57.488525390625;0;;0.8125;375101;m2;201372;0;
..\..\world\generic\orc\passivedoodads\barrelsandcrates\orccrate03.m2;19786.96484375;99.6452407836914;16200.24609375;-2.500000476837158;47.297576904296875;-70.5;;1;340981;m2;199096;0;
..\..\world\kalimdor\barrens\passivedoodads\bushes\barrensbush03.m2;19904.107421875;91.7486343383789;16394.71484375;0;335.32391357421875;0;;0.830078125;377424;m2;201372;0;
..\..\world\kalimdor\barrens\passivedoodads\bushes\barrensbush03.m2;19961.869140625;92.00944519042969;16434.767578125;0;185.67630004882812;0;;0.9697265625;375094;m2;201372;0;
..\..\world\kalimdor\barrens\passivedoodads\bushes\barrensbush03.m2;19933.107421875;91.66731262207031;16518.01953125;0;14.131134033203125;0;;0.888671875;375134;m2;201372;0;
..\..\world\kalimdor\barrens\passivedoodads\bushes\barrensbush03.m2;19889.09765625;91.72834014892578;16380.8466796875;0;92.4527587890625;0;;1.009765625;377451;m2;201372;0;
..\..\world\kalimdor\barrens\passivedoodads\bushes\barrensbush03.m2;20067.974609375;91.66666412353516;16524.5078125;0;156.5489501953125;0;;0.830078125;377213;m2;201372;0;
..\..\world\generic\orc\passivedoodads\barrelsandcrates\orccrate03.m2;20152.798828125;71.12593841552734;15999.900390625;-76;71.5;84.49999237060547;;1;281012;m2;199096;0;
..\..\world\kalimdor\barrens\passivedoodads\bushes\barrensbush03.m2;19970.912109375;91.72233581542969;16426.009765625;0;293.7055969238281;0;;0.826171875;375090;m2;201372;0;
..\..\world\kalimdor\barrens\passivedoodads\bushes\barrensbush03.m2;19999.23828125;91.76959991455078;16470.572265625;0;176.92364501953125;0;;0.994140625;375188;m2;201372;0;
..\..\world\kalimdor\barrens\passivedoodads\bushes\barrensbush03.m2;20007.78515625;91.72144317626953;16458.517578125;0;185.15823364257812;0;;0.96484375;375209;m2;201372;0;
..\..\world\kalimdor\barrens\passivedoodads\bushes\barrensbush03.m2;19819.646484375;92.26042175292969;16492.375;0;287.597900390625;0;;0.85546875;377408;m2;201372;0;
..\..\world\generic\orc\passivedoodads\barrelsandcrates\orccrate03.m2;20135.458984375;71.71442413330078;16027.4091796875;-47.5;0;-18.000001907348633;;1;281010;m2;199096;0;
..\..\world\kalimdor\barrens\passivedoodads\bushes\barrensbush03.m2;19890.37890625;91.6666488647461;16491.119140625;0;34.772796630859375;0;;0.7880859375;377365;m2;201372;0;
..\..\world\kalimdor\barrens\passivedoodads\bushes\barrensbush03.m2;19839.349609375;91.6666488647461;16498.275390625;0;90.00274658203125;0;;1.0234375;375060;m2;201372;0;
..\..\world\kalimdor\barrens\passivedoodads\bushes\barrensbush03.m2;19906.919921875;91.77253723144531;16397.2265625;0;126.12689208984375;0;;0.7822265625;377419;m2;201372;0;
..\..\world\kalimdor\barrens\passivedoodads\bushes\barrensbush03.m2;19910.521484375;91.66666412353516;16488.876953125;0;31.366943359375;0;;0.7900390625;377333;m2;201372;0;
..\..\world\kalimdor\barrens\passivedoodads\bushes\barrensbush03.m2;19899.93359375;91.66666412353516;16475.548828125;0;193.23342895507812;0;;0.8740234375;377324;m2;201372;0;
..\..\world\kalimdor\barrens\passivedoodads\bushes\barrensbush03.m2;20029.3515625;91.67013549804688;16472.46484375;0;40.233154296875;0;;0.7734375;377247;m2;201372;0;
..\..\world\generic\passivedoodads\lights\generaltorch01.m2;20178.373046875;80.49432373046875;16045.4208984375;3.500000238418579;75.6651611328125;-4.000000476837158;;1;254942;m2;199820;0;
..\..\world\kalimdor\barrens\passivedoodads\bushes\barrensbush03.m2;19934.40234375;91.66691589355469;16519.5078125;0;171.3370361328125;0;;0.9013671875;377301;m2;201372;0;
..\..\world\kalimdor\barrens\passivedoodads\bushes\barrensbush03.m2;19969.794921875;91.67938232421875;16412.505859375;0;353.6822509765625;0;;0.9208984375;377393;m2;201372;0;
..\..\world\generic\passivedoodads\lights\generaltorch01.m2;20169.328125;80.6896743774414;16029.0791015625;5.500000476837158;80.323486328125;-1.999999761581421;;1;254945;m2;199820;0;
..\..\world\kalimdor\barrens\passivedoodads\bushes\barrensbush03.m2;19973.56640625;91.66668701171875;16448.439453125;0;129.91793823242188;0;;0.76171875;377378;m2;201372;0;
..\..\world\generic\orc\passivedoodads\barrelsandcrates\orccrate03.m2;19810.087890625;99.52883911132812;16157.2890625;0;54.7027587890625;0;;1;281003;m2;199096;0;
..\..\world\kalimdor\barrens\passivedoodads\bushes\barrensbush03.m2;20010.365234375;91.80976104736328;16455.763671875;0;142.69476318359375;0;;0.7607421875;377242;m2;201372;0;
..\..\world\generic\human\passivedoodads\cargoboxes\deadminecargoboxes.m2;20190.830078125;81.43814086914062;16047.21484375;-9.5;0;6.000000476837158;;1;253842;m2;198085;0;
..\..\world\kalimdor\barrens\passivedoodads\bushes\barrensbush03.m2;20001.267578125;91.86196899414062;16474.51171875;0;178.8958740234375;0;;0.974609375;377250;m2;201372;0;
..\..\world\generic\passivedoodads\lights\generaltorch01.m2;20166.18359375;80.6007080078125;16033.748046875;3.500000238418579;265.0202941894531;-1.5000003576278687;;1;254943;m2;199820;0;
..\..\world\kalimdor\barrens\passivedoodads\bushes\barrensbush03.m2;19895.40234375;92.00633239746094;16394.962890625;0;239.57516479492188;0;;0.765625;377429;m2;201372;0;
..\..\world\generic\human\passivedoodads\oildrums\oildrum01.m2;19764.06640625;100.16426086425781;16174.837890625;0;261.72430419921875;0;;1;340976;m2;198372;0;
..\..\world\kalimdor\barrens\passivedoodads\bushes\barrensbush03.m2;19907.064453125;91.67122650146484;16390.01953125;0;213.5917205810547;0;;0.7578125;377456;m2;201372;0;
..\..\world\kalimdor\barrens\passivedoodads\bushes\barrensbush03.m2;19992.728515625;91.70759582519531;16464.41796875;0;250.63873291015625;0;;0.80078125;377253;m2;201372;0;
..\..\world\kalimdor\barrens\passivedoodads\bushes\barrensbush03.m2;19891.759765625;91.79560852050781;16387.986328125;0;334.2162170410156;0;;0.765625;377435;m2;201372;0;
..\..\world\kalimdor\barrens\passivedoodads\bushes\barrensbush03.m2;20095.357421875;91.66666412353516;16441.42578125;0;277.1385803222656;0;;0.8857421875;377284;m2;201372;0;
..\..\world\kalimdor\barrens\passivedoodads\bushes\barrensbush03.m2;19978.12890625;91.94670867919922;16424.955078125;0;10.28350830078125;0;;0.853515625;377385;m2;201372;0;
..\..\world\generic\passivedoodads\lights\generaltorch01.m2;20177.958984375;80.63121795654297;16045.3154296875;0;46.62738037109375;0;;1;254941;m2;199820;0;
..\..\world\generic\passivedoodads\lights\generaltorch01.m2;20169.142578125;80.69950103759766;16028.9892578125;0;68.90835571289062;0;;1;254944;m2;199820;0;
..\..\world\generic\orc\passivedoodads\barrelsandcrates\orccrate03.m2;20190.95703125;80.60664367675781;16044.94921875;16.000001907348633;172.46728515625;-21.499998092651367;;1;281005;m2;199096;0;
..\..\world\generic\orc\passivedoodads\barrelsandcrates\orccrate03.m2;19758.220703125;91.38858032226562;16234.978515625;0;25.75408935546875;0;;1;281002;m2;199096;0;
..\..\world\generic\orc\passivedoodads\barrelsandcrates\orccrate03.m2;19809.927734375;101.1735610961914;16157.3310546875;0;295.4690856933594;0;;1;281004;m2;199096;0;
..\..\world\generic\orc\passivedoodads\barrelsandcrates\orccrate03.m2;20179.427734375;79.88264465332031;16021.7197265625;4.000000476837158;142.5;-93.00000762939453;;1;281007;m2;199096;0;
..\..\world\kalimdor\barrens\passivedoodads\bushes\barrensbush03.m2;19886.0703125;91.6666488647461;16500.03515625;0;24.829864501953125;0;;0.75;377358;m2;201372;0;
..\..\world\kalimdor\barrens\passivedoodads\bushes\barrensbush03.m2;19924.568359375;91.6796646118164;16508.509765625;0;353.7715148925781;0;;0.8701171875;375107;m2;201372;0;
..\..\world\kalimdor\barrens\passivedoodads\bushes\barrensbush03.m2;19990.201171875;91.76908111572266;16466.46484375;0;282.5770263671875;0;;0.814453125;377252;m2;201372;0;
..\..\world\generic\orc\passivedoodads\barrelsandcrates\orccrate03.m2;20178.556640625;79.38055419921875;16016.998046875;-9;0;-27;;1;281006;m2;199096;0;
..\..\world\kalimdor\barrens\passivedoodads\bushes\barrensbush03.m2;19830.6953125;91.66687774658203;16486.71484375;0;77.09341430664062;0;;0.8056640625;375049;m2;201372;0;
..\..\world\kalimdor\barrens\passivedoodads\bushes\barrensbush03.m2;19916.974609375;91.66666412353516;16490.5625;0;270.9421081542969;0;;0.9228515625;377335;m2;201372;0;
..\..\world\kalimdor\barrens\passivedoodads\bushes\barrensbush03.m2;20098.169921875;91.66666412353516;16428.978515625;0;82.92733764648438;0;;0.849609375;377288;m2;201372;0;
..\..\world\kalimdor\barrens\passivedoodads\bushes\barrensbush03.m2;20026.646484375;91.6667709350586;16477.169921875;0;184.53199768066406;0;;0.873046875;377244;m2;201372;0;
..\..\world\kalimdor\barrens\passivedoodads\bushes\barrensbush03.m2;20078.931640625;91.66666412353516;16533.298828125;0;254.4511260986328;0;;0.771484375;375241;m2;201372;0;
..\..\world\generic\passivedoodads\misc\wheelbarrow\caveminewheelbarrow01.m2;20172.083984375;80.85921478271484;16043.287109375;-5.499999523162842;30;4;;0.7890625;253864;m2;199886;0;
..\..\world\generic\orc\passivedoodads\barrelsandcrates\orccrate03.m2;20151.73046875;79.78782653808594;16012.724609375;-69.5;292;-18.4999942779541;;1;281009;m2;199096;0;
..\..\world\generic\orc\passivedoodads\barrelsandcrates\orccrate03.m2;20152.673828125;79.27806854248047;16008.974609375;-24.499998092651367;5;-3.999999523162842;;1;281008;m2;199096;0;
..\..\world\kalimdor\barrens\passivedoodads\bushes\barrensbush03.m2;20073.02734375;91.66666412353516;16524.5859375;0;5.75701904296875;0;;0.828125;377241;m2;201372;0;
..\..\world\kalimdor\barrens\passivedoodads\bushes\barrensbush03.m2;20086.548828125;91.66666412353516;16461.283203125;0;182.3346710205078;0;;0.8583984375;377259;m2;201372;0;
..\..\world\kalimdor\barrens\passivedoodads\bushes\barrensbush03.m2;19972.876953125;91.74901580810547;16427.537109375;0;190.19012451171875;0;;0.7822265625;377388;m2;201372;0;
..\..\world\kalimdor\barrens\passivedoodads\bushes\barrensbush03.m2;19944.41796875;91.66665649414062;16476.423828125;0;11.6129150390625;0;;0.7705078125;377351;m2;201372;0;
..\..\world\kalimdor\barrens\passivedoodads\bushes\barrensbush03.m2;20025.66015625;91.74092102050781;16467.330078125;0;11.184417724609375;0;;0.7705078125;375286;m2;201372;0;
..\..\world\generic\passivedoodads\misc\minecars\caveminecar01.m2;19755.748046875;92.35709381103516;16225.3759765625;0;48;0;;1;262720;m2;199876;0;
..\..\world\kalimdor\barrens\passivedoodads\bushes\barrensbush03.m2;20092.28515625;91.66666412353516;16442.080078125;0;261.53753662109375;0;;0.7880859375;377281;m2;201372;0;
..\..\world\kalimdor\barrens\passivedoodads\bushes\barrensbush03.m2;19891.76953125;91.6666488647461;16494.025390625;0;178.30255126953125;0;;0.826171875;377364;m2;201372;0;
..\..\world\kalimdor\barrens\passivedoodads\bushes\barrensbush03.m2;19997.3515625;91.67208099365234;16463.400390625;0;170.24932861328125;0;;0.75;375222;m2;201372;0;
..\..\world\kalimdor\barrens\passivedoodads\bushes\barrensbush03.m2;20088.73046875;91.66667938232422;16457.830078125;0;6.38323974609375;0;;0.76171875;377292;m2;201372;0;
..\..\world\kalimdor\barrens\passivedoodads\bushes\barrensbush03.m2;19926.484375;91.6818618774414;16511.734375;0;88.13616943359375;0;;0.7939453125;375136;m2;201372;0;
..\..\world\kalimdor\barrens\passivedoodads\bushes\barrensbush03.m2;19891.2890625;91.6666488647461;16492.880859375;0;92.95816040039062;0;;0.77734375;377362;m2;201372;0;
..\..\world\generic\orc\passivedoodads\barrelsandcrates\orccrate03.m2;20079.14453125;91.51274108886719;16047.2177734375;0;0;0;;1;281013;m2;199096;0;
..\..\world\generic\human\passivedoodads\crates\stormwindcrate01.m2;20147.61328125;79.7064208984375;16040.77734375;16.5;0;-35.5;;1;253847;m2;198168;0;
..\..\world\generic\passivedoodads\barrel\brokenbarrel02.m2;19810.01953125;99.75662994384766;16161.51171875;0;283.6815185546875;0;;1;262747;m2;199567;0;
..\..\world\generic\human\passivedoodads\crates\stormwindcrate01.m2;20081.83984375;92.61624145507812;16060.80859375;6;0;49.999996185302734;;1;253874;m2;198168;0;
..\..\world\generic\human\passivedoodads\crates\stormwindcrate01.m2;20238.7109375;79.52747344970703;16001.255859375;4.999999523162842;330.5;-10.5;;1;253857;m2;198168;0;
..\..\world\generic\passivedoodads\furniture\containers\crate03.m2;19809.744140625;99.75662994384766;16163.2646484375;0;27.247100830078125;0;;1;262746;m2;199739;0;
..\..\world\generic\orc\passivedoodads\barrelsandcrates\orccrate01.m2;19789.80859375;99.24613952636719;16199.3154296875;-5.500000476837158;125.11611938476562;22.000001907348633;;1;340983;m2;199094;0;
..\..\world\generic\human\passivedoodads\crates\stormwindcrate01.m2;20192.451171875;70.2085189819336;15999.7041015625;-2.5;0;30.999998092651367;;1;253852;m2;198168;0;
..\..\world\generic\orc\passivedoodads\barrelsandcrates\orccrate01.m2;19767.85546875;99.75770568847656;16181.4853515625;61.50000762939453;326.12811279296875;-68.5000228881836;;1;340982;m2;199094;0;
..\..\world\generic\orc\passivedoodads\barrelsandcrates\orcbarrel01.m2;19785.61328125;99.6867904663086;16199.349609375;0.5;225.96270751953125;-4.499999523162842;;1;340984;m2;199090;0;
..\..\world\generic\human\passivedoodads\crates\stormwindcrate01.m2;20079.248046875;91.12523651123047;16049.4541015625;0;255.49998474121094;0;;1;253875;m2;198168;0;
..\..\world\generic\human\passivedoodads\valvesteam\deadminevalvesteam01.m2;20237.951171875;80.28857421875;16008.9716796875;0;49;0;;0.9794921875;252929;m2;198617;0;
..\..\world\generic\human\passivedoodads\crates\replacecrate03.m2;20150.810546875;79.80354309082031;16046.068359375;-5.5;119.5;-22.000001907348633;;1;253848;m2;198167;0;
..\..\world\generic\human\passivedoodads\crates\stormwindcrate01.m2;19766.50390625;100.132080078125;16176.337890625;0;169.7589111328125;0;;1;340980;m2;198168;0;
..\..\world\generic\orc\passivedoodads\barrelsandcrates\orcbarrel01.m2;19801.34765625;99.76380920410156;16168.0703125;-70;47.70513916015625;-46.99998474121094;;1;262742;m2;199090;0;
..\..\world\generic\human\passivedoodads\crates\replacecrate01.m2;20201.28515625;68.18246459960938;16004.0634765625;12.5;0;67.5;;1;253850;m2;198165;0;
..\..\world\generic\gnome\passivedoodads\gears&levers\gnomesmallgear.m2;20155.279296875;71.04977416992188;16006.4140625;-84.50003814697266;0.000030517578125;-40.50006103515625;;1;253853;m2;197675;0;
..\..\world\generic\gnome\passivedoodads\gears&levers\gnomesmallgear.m2;20188.6328125;72.80227661132812;16026.4111328125;43.500003814697266;308;-1.0000016689300537;;1;253859;m2;197675;0;
..\..\world\generic\human\passivedoodads\crates\replacecrate01.m2;19753.728515625;91.7774658203125;16237.169921875;0;55.9464111328125;0;;1;262732;m2;198165;0;
..\..\world\generic\gnome\passivedoodads\gears&levers\gnomesmallgear.m2;20216.005859375;81.3328628540039;16035.982421875;-71.00000762939453;171;168;;1;252915;m2;197675;0;
..\..\world\azeroth\westfall\passivedoodads\barrel\westfallbarrel01.m2;19800.076171875;99.76913452148438;16168.1953125;-87.00003814697266;217.08677673339844;27.49997329711914;;1;262748;m2;190535;0;
..\..\world\generic\human\passivedoodads\crates\replacecrate01.m2;20188.3828125;81.29562377929688;16048.1552734375;-1.5;0;26;;1;253843;m2;198165;0;
..\..\world\generic\human\passivedoodads\crates\replacecrate01.m2;20206.04296875;79.91732788085938;16004.8798828125;-46.49999237060547;0;-14.999999046325684;;1;253849;m2;198165;0;
..\..\world\generic\human\passivedoodads\crates\replacecrate03.m2;19755.98828125;91.72190856933594;16237.1796875;0;168.43988037109375;0;;1;262730;m2;198167;0;
..\..\world\generic\human\passivedoodads\crates\replacecrate03.m2;20117.076171875;80.31988525390625;16002.3447265625;87.50001525878906;180.00003051757812;-137;;1;253858;m2;198167;0;
..\..\world\generic\orc\passivedoodads\barrelsandcrates\orcbarrel01.m2;19800.1484375;99.76793670654297;16167.2333984375;0;262.8231201171875;0;;1;262741;m2;199090;0;
..\..\world\generic\human\passivedoodads\crates\replacecrate03.m2;20077.365234375;91.6593246459961;16046.259765625;3.499999523162842;357.5;87.99999237060547;;1;253876;m2;198167;0;
..\..\world\generic\human\passivedoodads\crates\replacecrate01.m2;20085.0703125;91.9113540649414;16088.505859375;0;0;0;;1;253878;m2;198165;0;
..\..\world\generic\human\passivedoodads\crates\replacecrate02.m2;20195.96875;69.55693817138672;16005.7978515625;-79.5;180;115.49996185302734;;1;253851;m2;198166;0;
..\..\world\generic\human\passivedoodads\crates\replacecrate02.m2;20165.83984375;80.11124420166016;16036.73046875;-21;0;23.500001907348633;;1;253845;m2;198166;0;
..\..\world\generic\human\passivedoodads\crates\replacecrate02.m2;20187.78125;80.99881744384766;16046.9052734375;-87.49993896484375;180;156.5;;1;253844;m2;198166;0;
..\..\world\generic\human\passivedoodads\crates\replacecrate02.m2;19766.830078125;100.26421356201172;16174.9541015625;0;139.6734619140625;0;;1;340979;m2;198166;0;
..\..\world\generic\human\passivedoodads\crates\replacecrate02.m2;19755.919921875;92.34357452392578;16237.177734375;0;315.8747253417969;0;;1;262729;m2;198166;0;
..\..\world\generic\human\passivedoodads\buckets\cavekoboldbucket.m2;19801.662109375;99.7628402709961;16168.630859375;0;311.3841552734375;0;;1;262749;m2;198069;0;
..\..\world\azeroth\elwynn\passivedoodads\jars\jar01.m2;19786.25390625;99.85855865478516;16201.322265625;-11.5;177.85211181640625;33.000003814697266;;1;340985;m2;189815;0;
..\..\world\generic\human\passivedoodads\dolls\ragdoll_02.m2;20143.021484375;115.27229309082031;16051.056640625;-2.833519220352173;246.95376586914062;2.3312249183654785;;1;70365890;m2;198179;0;
..\..\world\generic\passivedoodads\lights\candle01.m2;19753.369140625;92.41234588623047;16237.4404296875;0;102.62777709960938;0;;1;262736;m2;199806;0;
..\..\world\generic\dwarf\passivedoodads\lanterns\mininglamp01.m2;19755.849609375;93.03136444091797;16237.0517578125;0;98.90484619140625;0;;0.6494140625;262737;m2;197436;0;
..\..\world\generic\human\passivedoodads\valvesteam\deadminevalvesteam01.m2;20172.345703125;81.09178161621094;16031.9052734375;-87.99992370605469;163.99993896484375;131.0000762939453;;0.4892578125;253871;m2;198617;0;
..\..\world\generic\human\passivedoodads\valves\deadminevalve.m2;19753.310546875;98.27777862548828;16225.294921875;0;143.160400390625;0;;1;262728;m2;198616;0;
..\..\world\generic\human\passivedoodads\valvesteam\deadminevalvesteam01.m2;20175.12890625;80.6897201538086;16032.7958984375;-49.000003814697266;118.5;1.5000022649765015;;0.369140625;253870;m2;198617;0;
..\..\world\azeroth\westfall\passivedoodads\westfallchair\westfallchair.m2;19754.669921875;91.6663589477539;16237.619140625;0;342.95953369140625;0;;0.8798828125;262731;m2;190658;0;
..\..\world\generic\human\passivedoodads\steamgauges\deadminesteamgauge02.m2;20172.640625;81.41471099853516;16034.30859375;0;324;0;;1;253866;m2;198574;0;
..\..\world\generic\human\passivedoodads\steamgauges\deadminesteamgauge02.m2;19745.47265625;92.27362823486328;16222.0361328125;0;143.5;0;;1;262723;m2;198574;0;
..\..\world\azeroth\elwynn\passivedoodads\jars\jar01.m2;19802.333984375;99.76109313964844;16167.884765625;0;14.1839599609375;0;;1;262750;m2;189815;0;
..\..\world\generic\human\passivedoodads\books\bookmedium02.m2;19753.73828125;92.51512145996094;16236.650390625;75.5;340.1215515136719;-12.999999046325684;;1;262735;m2;198023;0;
..\..\world\generic\orc\passivedoodads\jars\jarorc05.m2;19811.83984375;99.552001953125;16157.568359375;0;350.56951904296875;0;;1;262743;m2;199183;0;
..\..\world\generic\human\passivedoodads\steamgauges\deadminesteamgauge03.m2;20172.37890625;81.3558120727539;16033.787109375;0;299;0;;1;253865;m2;198575;0;
..\..\world\generic\human\passivedoodads\steamgauges\deadminesteamgauge03.m2;19742.845703125;92.1633529663086;16219.8671875;0;141.5;0;;1;262724;m2;198575;0;
..\..\world\generic\human\passivedoodads\steamgauges\deadminesteamgauge01.m2;20170.873046875;81.42157745361328;16030.6884765625;0;294;0;;1;253867;m2;198573;0;
..\..\world\generic\human\passivedoodads\steamgauges\deadminesteamgauge01.m2;19748.376953125;92.23283386230469;16224.32421875;0;137.5;0;;1;262722;m2;198573;0;
..\..\world\azeroth\elwynn\passivedoodads\jars\jar02.m2;19802.11328125;99.76136016845703;16168.3330078125;0;188.6805877685547;0;;1;262744;m2;189816;0;
..\..\world\generic\human\passivedoodads\books\booksmall01.m2;19753.80078125;92.46791076660156;16237.150390625;89.00005340576172;267.6366271972656;-32.50035095214844;;1;262734;m2;198035;0;
..\..\world\wmo\azeroth\buildings\oilplatform\oilplatformsmall.wmo;20140.818359375;101.22486114501953;16019.6015625;0;290;0;0;1;252579;wmo;107094;0;Set_$DefaultGlobal
..\..\world\wmo\kalimdor\buildings\goblinhut\goblinhut.wmo;19798.794921875;99.75696563720703;16156.841796875;0;36.5;0;0;1;262699;wmo;112784;1;set_SludgeFen
