ModelFile;PositionX;PositionY;PositionZ;RotationX;RotationY;RotationZ;RotationW;ScaleFactor;ModelId;Type;FileDataID;DoodadSetIndexes;DoodadSetNames
..\..\world\critter\birds\bird01.m2;21328.27734375;2.732722759246826;20818.583984375;0;26;0;;6.5;116789;m2;190719;0;
..\..\world\critter\birds\bird01.m2;21772.880859375;17.650218963623047;20988.455078125;0;322.5;0;;6.0693359375;116795;m2;190719;0;
..\..\world\critter\birds\bird01.m2;21782.169921875;-0.6772596836090088;21093.955078125;0;202;0;;5.0498046875;116790;m2;190719;0;
..\..\world\critter\birds\bird01.m2;21778.83203125;-5.402018070220947;21100.76171875;0;202;0;;5.0498046875;302048;m2;190719;0;
..\..\world\critter\birds\bird01.m2;21749.546875;-1.5486043691635132;21058.546875;0;276.5;0;;4.4296875;116792;m2;190719;0;
..\..\world\critter\birds\bird01.m2;21657.89453125;-10.19157886505127;21081.283203125;0;259.5;0;;4.189453125;116793;m2;190719;0;
..\..\world\critter\birds\bird01.m2;21794.796875;22.165002822875977;20972.287109375;0;238.5;0;;3.5;302049;m2;190719;0;
..\..\world\critter\birds\bird01.m2;21733.3359375;11.292509078979492;21009.28125;0;95.5;0;;3.3193359375;116794;m2;190719;0;
..\..\world\critter\birds\bird01.m2;21513.794921875;57.62612533569336;20819.654296875;0;22.5;0;;3.2294921875;116791;m2;190719;0;
..\..\world\critter\birds\bird01.m2;21506.046875;70.14229583740234;20810.71484375;0;164.5;0;;2.779296875;116796;m2;190719;0;
..\..\world\generic\human\passivedoodads\stormwind\stormwind_lighthousebeam_01.m2;21820.9375;29.83542823791504;20733.44140625;0;0;0;;0.2421875;69462889;m2;244188;0;
..\..\world\critter\birds\bird01.m2;21786.61328125;13.937111854553223;21059.81640625;0;322.5;0;;1.849609375;303509;m2;190719;0;
..\..\world\critter\birds\bird01.m2;21865.06640625;27.559207916259766;20840.64453125;0;5.5;0;;1.439453125;303501;m2;190719;0;
..\..\world\critter\birds\bird01.m2;21592.103515625;31.954328536987305;21152.509765625;0;221.5;0;;1.5498046875;303506;m2;190719;0;
..\..\world\critter\birds\bird01.m2;21831.431640625;13.13266372680664;20910.865234375;0;347.5;0;;1.26953125;303502;m2;190719;0;
..\..\world\critter\birds\bird01.m2;21639.48046875;19.23318862915039;21114.38671875;0;188.5;0;;1.26953125;303505;m2;190719;0;
..\..\world\critter\birds\bird01.m2;21845.203125;23.89362335205078;20965.828125;0;269;0;;1.26953125;303503;m2;190719;0;
..\..\world\critter\birds\bird01.m2;21622.849609375;50.67556381225586;21029.56640625;0;269;0;;1.26953125;303504;m2;190719;0;
..\..\world\critter\birds\bird01.m2;21551.56640625;24.761892318725586;21140.4765625;0;141;0;;1.2998046875;303507;m2;190719;0;
..\..\world\critter\birds\bird01.m2;21856.484375;22.465192794799805;20878.81640625;0;314;0;;1.26953125;303500;m2;190719;0;
..\..\world\critter\birds\bird01.m2;21802.203125;22.36981201171875;21133.181640625;0;137.5;0;;0.9599609375;303508;m2;190719;0;
..\..\world\azeroth\redridge\passivedoodads\dockpieces\redridgedockspylon01.m2;21723.953125;-8.08769702911377;21212.83203125;0;344;0;;2.25;303351;m2;190093;0;
..\..\world\azeroth\redridge\passivedoodads\dockpieces\redridgedockspylon01.m2;21718.97265625;-14.18651008605957;21212.794921875;0;352.5;0;;2.0693359375;303352;m2;190093;0;
..\..\world\azeroth\redridge\passivedoodads\dockpieces\redridgedockspylon01.m2;21720.1875;-11.00889778137207;21208.716796875;0;352;0;;1.9599609375;303350;m2;190093;0;
..\..\world\azeroth\westfall\passivedoodads\sunkenanchor\sunkenanchor.m2;21685.90234375;-25.519498825073242;21072.02734375;0;317.3047180175781;0;;1;303372;m2;190632;0;
..\..\world\generic\human\passivedoodads\banners\kultirasbanner01.m2;21511.232421875;97.80669403076172;20820.15234375;0;222.5;0;;3.44921875;303707;m2;197973;0;
..\..\world\azeroth\redridge\passivedoodads\dockpieces\redridgedockspylon01.m2;21764.8125;-11.64664363861084;20895.1796875;0;21.5;0;;1;303344;m2;190093;0;
..\..\world\azeroth\redridge\passivedoodads\dockpieces\redridgedockspylon01.m2;21765.875;-11.87037181854248;20892.861328125;0;21.5;0;;1;303345;m2;190093;0;
..\..\world\azeroth\elwynn\passivedoodads\ballista\ballista.m2;21582.2109375;8.588892936706543;20998.05859375;0;46.5;0;;1;302159;m2;189652;0;
..\..\world\azeroth\elwynn\passivedoodads\ballista\ballista.m2;21708.431640625;8.508697509765625;20867.423828125;0;44.5;0;;1;302163;m2;189652;0;
..\..\world\azeroth\elwynn\passivedoodads\ballista\ballista.m2;21626.859375;8.068100929260254;20936.8671875;0;32.5;0;;1;302161;m2;189652;0;
..\..\world\azeroth\elwynn\passivedoodads\ballista\ballista.m2;21646.78515625;8.209772109985352;20915.66015625;0;60;0;;1;302162;m2;189652;0;
..\..\world\azeroth\elwynn\passivedoodads\ballista\ballista.m2;21598.259765625;10.420553207397461;20858.462890625;0.4999999403953552;341.5;-3.000000238418579;;1;302973;m2;189652;0;
..\..\world\azeroth\redridge\passivedoodads\dockpieces\redridgedockspylon01.m2;21766.55078125;-11.895200729370117;20894.451171875;0;21.5;0;;0.869140625;303346;m2;190093;0;
..\..\world\azeroth\elwynn\passivedoodads\ballista\ballista.m2;21394.42578125;9.895055770874023;20842.80078125;0.49999985098838806;72;-1.5;;1;303094;m2;189652;0;
..\..\world\azeroth\elwynn\passivedoodads\ballista\ballista.m2;21693.75390625;7.625840187072754;20823.59765625;0;102.5;0;;1;302164;m2;189652;0;
..\..\world\azeroth\elwynn\passivedoodads\ballista\ballista.m2;21542.4921875;11.50684642791748;20900.9375;-7;191.5;-0.9999998807907104;;1;303413;m2;189652;0;
..\..\world\azeroth\elwynn\passivedoodads\ballista\ballista.m2;21519.494140625;7.903464317321777;20989.234375;0.49999967217445374;278;-5;;1;304622;m2;189652;0;
..\..\world\generic\human\passivedoodads\fountains\stormwindfountain01.m2;21619.49609375;8.841761589050293;20908.673828125;0;46;0;;1;300195;m2;198247;0;
..\..\world\azeroth\elwynn\passivedoodads\ballista\ballista.m2;21517.2421875;8.822691917419434;20979.01953125;5;272.5;-1.4999995231628418;;1;304621;m2;189652;0;
..\..\world\azeroth\elwynn\passivedoodads\ballista\ballista.m2;21535.58203125;7.709255695343018;20994.537109375;0;0;0;;1;302160;m2;189652;0;
..\..\world\generic\dwarf\passivedoodads\excavationtentpavillion\excavationtentpavillion.m2;21598.107421875;8.778409957885742;20929.05078125;0;43;0;;1;300204;m2;197383;0;
..\..\world\generic\dwarf\passivedoodads\excavationtentpavillion\excavationtentpavillion.m2;21591.78125;9.12958812713623;20922.197265625;0;43;0;;1;300205;m2;197383;0;
..\..\world\generic\dwarf\passivedoodads\excavationtentpavillion\excavationtentpavillion.m2;21581.169921875;9.726914405822754;20911.87109375;0;43;0;;1;300206;m2;197383;0;
..\..\world\generic\dwarf\passivedoodads\excavationtentpavillion\excavationtentpavillion.m2;21622.33203125;9.428400993347168;20871.923828125;0;43;0;;1;300207;m2;197383;0;
..\..\world\generic\dwarf\passivedoodads\excavationtentpavillion\excavationtentpavillion.m2;21632.759765625;8.93831729888916;20881.580078125;0;43;0;;1;300208;m2;197383;0;
..\..\world\generic\dwarf\passivedoodads\excavationtentpavillion\excavationtentpavillion.m2;21641.537109375;8.450845718383789;20890.619140625;0;43;0;;1;300209;m2;197383;0;
..\..\world\azeroth\elwynn\passivedoodads\trees\elwynntree01\elwynnpine01.m2;21513.666015625;14.220120429992676;20868.330078125;0;4.5;0;;1.259765625;303432;m2;189924;0;
..\..\world\azeroth\elwynn\passivedoodads\trees\elwynntree01\elwynnpine01.m2;21545.984375;14.25694465637207;20853.56640625;0;325.5;0;;1.259765625;303435;m2;189924;0;
..\..\world\azeroth\elwynn\passivedoodads\trees\elwynntree01\elwynnpine01.m2;21446.888671875;10.64153003692627;20912.5390625;0;322;0;;1.2294921875;303119;m2;189924;0;
..\..\world\azeroth\elwynn\passivedoodads\trees\elwynntree01\elwynnpine01.m2;21570.28125;11.836124420166016;20855.69921875;0;284.5655822753906;0;;1.1826171875;304972;m2;189924;0;
..\..\world\generic\human\passivedoodads\cannon\cannon01.m2;21665.80859375;42.849266052246094;20814.927734375;0;108.5;0;;1;314814;m2;198078;0;
..\..\world\generic\human\passivedoodads\cannon\cannon01.m2;21354.291015625;42.85663604736328;20832.400390625;0;287.5;0;;1;317287;m2;198078;0;
..\..\world\azeroth\elwynn\passivedoodads\trees\elwynntree01\elwynnpine01.m2;21478.75;10.11159896850586;20936.453125;0;0;0;;1.169921875;303120;m2;189924;0;
..\..\world\azeroth\elwynn\passivedoodads\trees\elwynntree01\elwynnpine01.m2;21500.01953125;14.336851119995117;20866.0859375;0;4.5;0;;1.169921875;303430;m2;189924;0;
..\..\world\azeroth\elwynn\passivedoodads\trees\elwynntree01\elwynnpine01.m2;21559.947265625;11.851344108581543;20881.3046875;0;340.0592041015625;0;;1.1611328125;304973;m2;189924;0;
..\..\world\azeroth\elwynn\passivedoodads\trees\elwynntree01\elwynnpine01.m2;21529.4296875;10.074986457824707;20934.2578125;0;342.5;0;;1.1494140625;304942;m2;189924;0;
..\..\world\azeroth\elwynn\passivedoodads\trees\elwynntree01\elwynnpine01.m2;21397.1875;9.698545455932617;20856.447265625;0;51.241790771484375;0;;1.1357421875;304953;m2;189924;0;
..\..\world\azeroth\elwynn\passivedoodads\trees\elwynntree01\elwynnpine01.m2;21486.37890625;12.935105323791504;20863.85546875;0;325.5;0;;1.119140625;303433;m2;189924;0;
..\..\world\azeroth\elwynn\passivedoodads\trees\elwynntree01\elwynnpine01.m2;21550.5;14.261578559875488;20849.71875;0;283.5;0;;1.119140625;303436;m2;189924;0;
..\..\world\generic\human\passivedoodads\cannon\cannon01.m2;21603.056640625;44.55595016479492;20952.1171875;0;47.5;0;;1;314807;m2;198078;0;
..\..\world\generic\human\passivedoodads\cannon\cannon01.m2;21663.4453125;43.88519287109375;20895.451171875;0;46;0;;1;314808;m2;198078;0;
..\..\world\generic\human\passivedoodads\cannon\cannon01.m2;21522.294921875;43.65451431274414;20955.19140625;0;3;0;;1;314806;m2;198078;0;
..\..\world\azeroth\elwynn\passivedoodads\trees\elwynntree01\elwynnpine01.m2;21448.96484375;16.03571891784668;20865.2421875;0;252.61634826660156;0;;1.0986328125;304949;m2;189924;0;
..\..\world\generic\human\passivedoodads\cannon\cannon01.m2;21428.0546875;43.97261428833008;20910.42578125;0;315;0;;1;314809;m2;198078;0;
..\..\world\azeroth\elwynn\passivedoodads\trees\elwynntree01\elwynnpine01.m2;21647.154296875;8.846240997314453;20806.14453125;0;268.8985900878906;0;;1.083984375;304968;m2;189924;0;
..\..\world\azeroth\elwynn\passivedoodads\trees\elwynntree01\elwynnpine01.m2;21447.384765625;16.08152198791504;20853.162109375;0;292.6297607421875;0;;1.08203125;304950;m2;189924;0;
..\..\world\azeroth\elwynn\passivedoodads\trees\elwynntree01\elwynnpine01.m2;21410.697265625;13.901320457458496;20874.53125;0;194.21124267578125;0;;1.0771484375;304954;m2;189924;0;
..\..\world\azeroth\elwynn\passivedoodads\trees\elwynntree01\elwynnpine01.m2;21387.3671875;9.94471549987793;20849.671875;0;148.80340576171875;0;;1.0576171875;304952;m2;189924;0;
..\..\world\azeroth\elwynn\passivedoodads\trees\elwynntree01\elwynnpine01.m2;21647.43359375;8.879097938537598;20818.599609375;0;41.145050048828125;0;;1.056640625;304969;m2;189924;0;
..\..\world\azeroth\westfall\passivedoodads\westfallwagon\westfallwagon01.m2;21586.890625;9.42162036895752;20917.099609375;0;315;0;;1;314788;m2;190657;0;
..\..\world\azeroth\elwynn\passivedoodads\trees\elwynntree01\elwynnpine01.m2;21458.197265625;11.079319953918457;20821.3671875;0;6.5;0;;1.0390625;303022;m2;189924;0;
..\..\world\azeroth\elwynn\passivedoodads\trees\elwynntree01\elwynnpine01.m2;21540.9609375;14.269854545593262;20858.572265625;0;3;0;;1.0390625;303434;m2;189924;0;
..\..\world\azeroth\elwynn\passivedoodads\trees\elwynntree01\elwynnpine01.m2;21555.58203125;14.474072456359863;20808.55859375;0;3;0;;1.0390625;303439;m2;189924;0;
..\..\world\azeroth\elwynn\passivedoodads\trees\elwynntree01\elwynnpine01.m2;21559.04296875;15.20775032043457;20824.326171875;0;3;0;;1.0390625;303437;m2;189924;0;
..\..\world\azeroth\elwynn\passivedoodads\trees\elwynntree01\elwynnpine01.m2;21557.859375;14.720460891723633;20817.94921875;0;3;0;;1.0390625;303438;m2;189924;0;
..\..\world\azeroth\elwynn\passivedoodads\trees\elwynntree01\elwynnpine01.m2;21631.1875;9.630721092224121;20837.357421875;0;78.73043823242188;0;;1.021484375;304971;m2;189924;0;
..\..\world\azeroth\elwynn\passivedoodads\trees\elwynntree01\elwynnpine01.m2;21439.380859375;13.956472396850586;20895.36328125;0;165.54705810546875;0;;1.0185546875;304974;m2;189924;0;
..\..\world\generic\human\passivedoodads\gryphonroost\gryphonroost01.m2;21576.828125;10.60934829711914;20893.91015625;0;118.5;0;;1;325195;m2;198261;0;
..\..\world\generic\human\passivedoodads\gryphonroost\gryphonroost01.m2;21579.86328125;10.245550155639648;20898.97265625;0;136;0;;1;325194;m2;198261;0;
..\..\world\azeroth\elwynn\passivedoodads\trees\elwynntree01\elwynnpine01.m2;21514.255859375;12.947511672973633;20890.76953125;0;4.5;0;;1;300414;m2;189924;0;
..\..\world\azeroth\elwynn\passivedoodads\trees\elwynntree01\elwynnpine01.m2;21468.72265625;11.230989456176758;20848.513671875;0;4.5;0;;1;300415;m2;189924;0;
..\..\world\azeroth\elwynn\passivedoodads\trees\elwynntree01\elwynnpine01.m2;21465.97265625;10.947198867797852;20841.697265625;0;98.5;0;;1;300417;m2;189924;0;
..\..\world\azeroth\elwynn\passivedoodads\trees\elwynntree01\elwynnpine01.m2;21500.46875;10.215291976928711;20925.55078125;0;0;0;;1;302227;m2;189924;0;
..\..\world\azeroth\elwynn\passivedoodads\trees\elwynntree01\elwynnpine01.m2;21613.66015625;10.643503189086914;20861.87109375;0;0;0;;1;302944;m2;189924;0;
..\..\world\azeroth\elwynn\passivedoodads\trees\elwynntree01\elwynnpine01.m2;21570.96875;10.571690559387207;20903.05078125;0;0;0;;1;302945;m2;189924;0;
..\..\world\azeroth\elwynn\passivedoodads\trees\elwynntree01\elwynnpine01.m2;21458.576171875;10.52074146270752;20863.044921875;0;0;0;;1;303117;m2;189924;0;
..\..\world\azeroth\elwynn\passivedoodads\trees\elwynntree01\elwynnpine01.m2;21449.5703125;10.435111045837402;20913.130859375;0;0;0;;1;303118;m2;189924;0;
..\..\world\azeroth\elwynn\passivedoodads\trees\elwynntree01\elwynnpine01.m2;21481.328125;9.968602180480957;20936.041015625;0;0;0;;1;303121;m2;189924;0;
..\..\world\azeroth\elwynn\passivedoodads\trees\elwynntree01\elwynnpine01.m2;21421.84375;14.80248737335205;20857.552734375;0;0;0;;1;303123;m2;189924;0;
..\..\world\azeroth\elwynn\passivedoodads\trees\elwynntree01\elwynnpine01.m2;21585.44140625;12.891901969909668;20823.443359375;0;27.625213623046875;0;;1;303704;m2;189924;0;
..\..\world\azeroth\elwynn\passivedoodads\trees\elwynntree01\elwynnpine01.m2;21380.96875;9.953614234924316;20843.87890625;0;317.3058166503906;0;;0.99609375;304951;m2;189924;0;
..\..\world\azeroth\elwynn\passivedoodads\trees\elwynntree01\elwynnpine01.m2;21583.4140625;12.171944618225098;20813.650390625;0;149.42962646484375;0;;0.9765625;304967;m2;189924;0;
..\..\world\azeroth\westfall\buildings\shed\westfallshed.m2;21629.947265625;9.418316841125488;20810.96875;0;25;0;;1;302946;m2;190517;0;
..\..\world\azeroth\elwynn\passivedoodads\trees\elwynntree01\elwynnpine01.m2;21494.47265625;13.873154640197754;20865.25390625;0;4.5;0;;0.9697265625;303431;m2;189924;0;
..\..\world\azeroth\elwynn\passivedoodads\trees\elwynntree01\elwynnpine01.m2;21456.53515625;11.22508430480957;20817.97265625;0;337.5;0;;0.9599609375;303023;m2;189924;0;
..\..\world\azeroth\elwynn\passivedoodads\trees\elwynntree01\elwynnpine01.m2;21533.900390625;10.492951393127441;20930.40234375;0;132.93862915039062;0;;0.953125;304943;m2;189924;0;
..\..\world\azeroth\elwynn\passivedoodads\trees\elwynntree01\elwynnpine01.m2;21430.8359375;13.799023628234863;20836.1796875;0;225.73159790039062;0;;0.951171875;304975;m2;189924;0;
..\..\world\azeroth\westfall\buildings\shed\westfallshed.m2;21471.775390625;9.818900108337402;20921.31640625;0;48.5;0;;1;303116;m2;190517;0;
..\..\world\azeroth\elwynn\passivedoodads\trees\elwynntree01\elwynnpine01.m2;21407.62109375;13.540689468383789;20867.9296875;0;327.2926940917969;0;;0.935546875;304955;m2;189924;0;
..\..\world\azeroth\redridge\passivedoodads\dockpieces\redridgedocksplank01.m2;21651.92578125;11.455574989318848;21068.626953125;-21.5;147;1.5000001192092896;;0.4794921875;373726;m2;190091;0;
..\..\world\azeroth\elwynn\passivedoodads\trees\elwynntree01\elwynnpine01.m2;21499.447265625;10.286355018615723;20941.421875;0;320.6897277832031;0;;0.9287109375;304945;m2;189924;0;
..\..\world\azeroth\westfall\passivedoodads\haywagon\westfallhaywagon.m2;21474.90234375;9.967301368713379;20931.32421875;0;75.41387939453125;0;;1;303364;m2;190599;0;
..\..\world\azeroth\elwynn\passivedoodads\trees\elwynntree01\elwynnpine01.m2;21471.40625;12.264119148254395;20878.68359375;0;234.4993438720703;0;;0.9072265625;304948;m2;189924;0;
..\..\world\azeroth\elwynn\passivedoodads\trees\elwynntree01\elwynnpine01.m2;21629.17578125;9.627936363220215;20840.322265625;0;278.59979248046875;0;;0.8916015625;304970;m2;189924;0;
..\..\world\azeroth\elwynn\passivedoodads\trees\elwynntree01\elwynnpine01.m2;21506.28515625;14.7037353515625;20867.212890625;0;304.5;0;;0.8896484375;303429;m2;189924;0;
..\..\world\azeroth\westfall\buildings\shed\westfallshed.m2;21568.59375;11.063314437866211;20890.123046875;0;178.5;0;;1;302903;m2;190517;0;
..\..\world\generic\human\passivedoodads\banners\kultirasbanner02.m2;21510.9296875;78.69853210449219;20849.583984375;0;274.5;0;;1.439453125;303708;m2;197974;0;
..\..\world\azeroth\elwynn\passivedoodads\trees\elwynntree01\elwynnpine01.m2;21464.615234375;10.435812950134277;20930.30859375;0;65.45855712890625;0;;0.8486328125;304947;m2;189924;0;
..\..\world\generic\human\passivedoodads\banners\kultirasbanner02.m2;21482.16015625;78.85450744628906;20820.306640625;0;177.5;0;;1.439453125;303711;m2;197974;0;
..\..\world\generic\human\passivedoodads\banners\kultirasbanner02.m2;21540.482421875;78.91127014160156;20820.498046875;0;359.5;0;;1.439453125;303709;m2;197974;0;
..\..\world\generic\human\passivedoodads\banners\kultirasbanner02.m2;21570.794921875;46.64670181274414;20978.888671875;0;294;0;;1.439453125;304607;m2;197974;0;
..\..\world\azeroth\elwynn\passivedoodads\trees\elwynntree01\elwynnpine01.m2;21462.755859375;10.252219200134277;20928.021484375;0;7.74560546875;0;;0.8203125;304946;m2;189924;0;
..\..\world\azeroth\elwynn\passivedoodads\trees\elwynntree01\elwynnpine01.m2;21467.3671875;11.308305740356445;20845.349609375;0;335.5;0;;0.8095703125;300416;m2;189924;0;
..\..\world\azeroth\elwynn\passivedoodads\trees\elwynntree01\elwynnpine01.m2;21496.52734375;10.553236961364746;20940.93359375;0;279.7314147949219;0;;0.806640625;304944;m2;189924;0;
..\..\world\generic\human\passivedoodads\banners\kultirasbanner02.m2;21546.78515625;47.00562286376953;20974.505859375;0;213;0;;1.439453125;304606;m2;197974;0;
..\..\world\generic\human\passivedoodads\anchor\deadmineanchor.m2;21687.609375;7.886960506439209;20878.474609375;9.500000953674316;286;8.000000953674316;;1;304077;m2;197836;0;
..\..\world\generic\human\passivedoodads\planterboxes\stormwindplanter.m2;21571.03515625;10.302581787109375;20903.060546875;0;44;0;;1;302904;m2;198395;0;
..\..\world\generic\human\passivedoodads\planterboxes\stormwindplanter.m2;21613.35546875;10.374646186828613;20861.978515625;0;315;0;;1;302905;m2;198395;0;
..\..\world\generic\human\passivedoodads\banners\kultirasbanner02.m2;21685.029296875;46.51080322265625;20841.173828125;0;34.5;0;;1.439453125;304605;m2;197974;0;
..\..\world\azeroth\redridge\passivedoodads\dockpieces\redridgedocksplank01.m2;21602.919921875;11.061577796936035;21135.607421875;-17.5;316.5;1.0000014305114746;;0.439453125;373725;m2;190091;0;
..\..\world\generic\human\passivedoodads\banners\kultirasbanner02.m2;21684.42578125;46.55137252807617;20864.48046875;0;320.5;0;;1.439453125;304608;m2;197974;0;
..\..\world\generic\human\passivedoodads\planterboxes\stormwindplanter.m2;21585.50390625;12.623974800109863;20823.1015625;0;26.12841796875;0;;1;303703;m2;198395;0;
..\..\world\azeroth\elwynn\passivedoodads\trees\elwynntree01\elwynnpine01.m2;21455.421875;11.279019355773926;20815.119140625;0;100.5;0;;0.7392578125;303024;m2;189924;0;
..\..\world\generic\human\passivedoodads\banners\kultirasbanner02.m2;21604.89453125;37.0968017578125;20939.966796875;0;45.5;0;;1.439453125;304609;m2;197974;0;
..\..\world\generic\human\passivedoodads\banners\kultirasbanner02.m2;21650.703125;37.57948303222656;20897.599609375;0;224.99998474121094;0;;1.439453125;304610;m2;197974;0;
..\..\world\generic\human\passivedoodads\banners\kultirasbanner01.m2;21574.63671875;7.161684036254883;21007.484375;0;6;0;;1.0791015625;304624;m2;197973;0;
..\..\world\generic\human\passivedoodads\cargonetboxes\deadminecargonetboxes.m2;21517.89453125;11.2785005569458;20933.046875;0;26.928314208984375;0;;1.1591796875;303789;m2;198086;0;
..\..\world\generic\human\passivedoodads\planterboxes\stormwindplanter.m2;21514.232421875;13.012289047241211;20890.66015625;3.5;354;0;;1;300413;m2;198395;0;
..\..\world\generic\human\passivedoodads\banners\kultirasbanner01.m2;21478.765625;10.765192985534668;20905.83203125;0;137;0;;1;304083;m2;197973;0;
..\..\world\generic\human\passivedoodads\banners\kultirasbanner01.m2;21507.45703125;10.5232572555542;20905.169921875;0;224.99998474121094;0;;1;304084;m2;197973;0;
..\..\world\generic\human\passivedoodads\banners\kultirasbanner01.m2;21597.697265625;8.590811729431152;20922.5703125;0;133.57672119140625;0;;1;303676;m2;197973;0;
..\..\world\generic\human\passivedoodads\banners\kultirasbanner01.m2;21605.12890625;8.468316078186035;20930.2265625;0;95.97509765625;0;;1;303677;m2;197973;0;
..\..\world\generic\human\passivedoodads\banners\kultirasbanner01.m2;21634.1484375;8.230182647705078;20889.05078125;0;314.07672119140625;0;;1;303700;m2;197973;0;
..\..\world\generic\human\passivedoodads\banners\kultirasbanner01.m2;21642.39453125;7.974609375;20897.0703125;0;357.07672119140625;0;;1;303701;m2;197973;0;
..\..\world\generic\human\passivedoodads\banners\kultirasbanner01.m2;21723.9375;8.701104164123535;21211.88671875;0;42.5;0;;1;304615;m2;197973;0;
..\..\world\generic\human\passivedoodads\banners\kultirasbanner01.m2;21715.33984375;6.538042068481445;20857.25390625;0;80.5;0;;1;304626;m2;197973;0;
..\..\world\generic\human\passivedoodads\banners\kultirasbanner01.m2;21545.703125;7.257914066314697;21006.7890625;0;351;0;;1;304625;m2;197973;0;
..\..\world\generic\human\passivedoodads\banners\kultirasbanner01.m2;21709.228515625;6.0446457862854;20829.14453125;0;117;0;;1;304627;m2;197973;0;
..\..\world\generic\human\passivedoodads\banners\kultirasbanner01.m2;21563.97265625;10.997086524963379;20887.11328125;0;184.5;0;;1;304085;m2;197973;0;
..\..\world\generic\human\passivedoodads\woodenrails\rail_wooden01.m2;21403.3984375;10.512417793273926;20854.53125;0;87.5;3.0000009536743164;;1;303095;m2;198668;0;
..\..\world\generic\human\passivedoodads\cargonetboxes\deadminecargonetboxes.m2;21483.388671875;12.600366592407227;20866.75;0;239.20164489746094;0;;1;303788;m2;198086;0;
..\..\world\generic\human\passivedoodads\woodenrails\rail_wooden01.m2;21416.212890625;11.154365539550781;20841.72265625;0;93.49996948242188;0;;1;303099;m2;198668;0;
..\..\world\generic\human\passivedoodads\woodenrails\rail_wooden01.m2;21417.74609375;10.907905578613281;20827.8984375;0;89;0;;1;303098;m2;198668;0;
..\..\world\generic\human\passivedoodads\planterboxes\stormwindplanter.m2;21500.490234375;10.229777336120605;20925.19921875;0;0;0;;1;300412;m2;198395;0;
..\..\world\generic\human\passivedoodads\woodenrails\rail_wooden01.m2;21410.75;10.496235847473145;20845.203125;0;0;0;;1;303097;m2;198668;0;
..\..\world\generic\human\passivedoodads\planterboxes\stormwindplanter.m2;21421.880859375;14.64146614074707;20857.30078125;0;0;0;;1;303122;m2;198395;0;
..\..\world\generic\human\passivedoodads\cargonetboxes\deadminecargonetboxes.m2;21482.244140625;26.828594207763672;20840.31640625;0;296;0;;1;303910;m2;198086;0;
..\..\world\generic\human\passivedoodads\woodenrails\rail_wooden01.m2;21554.4375;14.167219161987305;20802.48828125;0;289;0;;1;303819;m2;198668;0;
..\..\world\generic\human\passivedoodads\signposts\woodsignpostnice01.m2;21573.01953125;11.681614875793457;20857.697265625;0;44;0;;1;319542;m2;198480;0;
..\..\world\generic\human\passivedoodads\signposts\woodsignpostnice01.m2;21469.8828125;10.96251392364502;20861.529296875;0;312.5;0;;1;319546;m2;198480;0;
..\..\world\generic\human\passivedoodads\lamps\stormwindstreetlamp01.m2;21565.02734375;13.216712951660156;20813.125;0;43.5;0;;1;303382;m2;198316;0;
..\..\world\generic\human\passivedoodads\lamps\stormwindstreetlamp01.m2;21531.58203125;12.976428985595703;20873.146484375;0;49;0;;1;303385;m2;198316;0;
..\..\world\generic\human\passivedoodads\lamps\stormwindstreetlamp01.m2;21473.3984375;11.156745910644531;20896.509765625;0;309.5;0;;1;303387;m2;198316;0;
..\..\world\generic\human\passivedoodads\lamps\stormwindstreetlamp01.m2;21450.171875;11.450748443603516;20832.806640625;0;312;0;;1;303389;m2;198316;0;
..\..\world\generic\human\passivedoodads\lamps\stormwindstreetlamp01.m2;21586.046875;11.272732734680176;20855.896484375;0;0;0;;1;303383;m2;198316;0;
..\..\world\generic\human\passivedoodads\lamps\stormwindstreetlamp01.m2;21573.2265625;11.19461727142334;20886.78515625;0;318;0;;1;303384;m2;198316;0;
..\..\world\generic\human\passivedoodads\lamps\stormwindstreetlamp01.m2;21504.701171875;9.967568397521973;20929.00390625;0;312.5;0;;1;303386;m2;198316;0;
..\..\world\generic\human\passivedoodads\lamps\stormwindstreetlamp01.m2;21478.302734375;12.216946601867676;20866.94140625;0;26;0;;1;303388;m2;198316;0;
..\..\world\generic\human\passivedoodads\lamps\stormwindstreetlamp01.m2;21449.150390625;11.058450698852539;20808.05078125;0;348.5;0;;1;303390;m2;198316;0;
..\..\world\generic\human\passivedoodads\lamps\stormwindstreetlamp01.m2;21445.41796875;14.691643714904785;20876.58203125;0;0;0;;1;303392;m2;198316;0;
..\..\world\generic\human\passivedoodads\lamps\stormwindstreetlamp01.m2;21507;12.422547340393066;20884.478515625;0;45.5;0;;1;303393;m2;198316;0;
..\..\world\generic\human\passivedoodads\tables\inntable.m2;21593.46484375;8.987293243408203;20923.552734375;0;218.95863342285156;0;;1;303671;m2;198603;0;
..\..\world\generic\human\passivedoodads\tables\inntable.m2;21617.03515625;10.443241119384766;20843.4140625;0;31.5;0;;1;302928;m2;198603;0;
..\..\world\generic\human\passivedoodads\tables\inntable.m2;21583.98046875;9.59100341796875;20913.673828125;0;47.5;0;;1;314793;m2;198603;0;
..\..\world\generic\human\passivedoodads\cargoboxes\deadminecargoboxes.m2;21628.076171875;9.273920059204102;20867.685546875;0;315.8162536621094;0;;1.4091796875;303620;m2;198085;0;
..\..\world\generic\human\passivedoodads\cargonetboxes\deadminecargonetboxes.m2;21485.162109375;26.91167640686035;20845.3828125;0;0;0;;1.189453125;303909;m2;198086;0;
..\..\world\generic\human\passivedoodads\tables\inntable.m2;21629.259765625;9.120327949523926;20881.927734375;0;254.35223388671875;0;;1;303604;m2;198603;0;
..\..\world\generic\human\passivedoodads\cargonetboxes\deadminecargonetboxes.m2;21589.373046875;9.319607734680176;20958.1640625;-3;3.5;1.5;;1;304923;m2;198086;0;
..\..\world\generic\human\passivedoodads\benches\innbench.m2;21682.1171875;8.803627967834473;20888.232421875;0;75.5;0;;1;304157;m2;198012;0;
..\..\world\generic\human\passivedoodads\woodenrails\rail_wooden01.m2;21405.541015625;10.404513359069824;20848.12890625;0;47;0;;1;303096;m2;198668;0;
..\..\world\generic\human\passivedoodads\woodenrails\rail_wooden01.m2;21578.66015625;9.84135913848877;20908.8671875;0;226.5;0;;1;302899;m2;198668;0;
..\..\world\generic\human\passivedoodads\benches\innbench.m2;21623.38671875;8.530766487121582;20931.45703125;0;70.5;0;;1;303652;m2;198012;0;
..\..\world\generic\human\passivedoodads\benches\innbench.m2;21505.84765625;10.264870643615723;20924.787109375;0;271;0;;1;302226;m2;198012;0;
..\..\world\generic\human\passivedoodads\woodenrails\rail_wooden01.m2;21624.53515625;9.304819107055664;20874.859375;0;45.698455810546875;0;;1;303615;m2;198668;0;
..\..\world\generic\human\passivedoodads\benches\innbench.m2;21603.38671875;10.6793851852417;20826.43359375;0;26;0;;1;302932;m2;198012;0;
..\..\world\generic\human\passivedoodads\benches\innbench.m2;21603.81640625;11.68730640411377;20842.560546875;0;302.5;2;;1;302934;m2;198012;0;
..\..\world\generic\human\passivedoodads\tables\inntable.m2;21583.701171875;8.674613952636719;20990.31640625;0;0;0;;1;304065;m2;198603;0;
..\..\world\generic\human\passivedoodads\tables\inntable.m2;21683.076171875;7.71608829498291;20813.916015625;0;0;0;;1;304631;m2;198603;0;
..\..\world\generic\human\passivedoodads\benches\innbench.m2;21599.80078125;11.24254035949707;20836.474609375;-1;304;2;;1;302933;m2;198012;0;
..\..\world\generic\human\passivedoodads\woodendummies\generalwoodendummy02.m2;21414.46875;11.182944297790527;20830.568359375;0;18;0;;1;303103;m2;198665;0;
..\..\world\generic\human\passivedoodads\cargoboxes\deadminecargoboxes.m2;21609.8671875;8.976996421813965;20961.5;0;0;0;;1.529296875;304037;m2;198085;0;
..\..\world\generic\human\passivedoodads\lumberpiles\deadminelumberpilelarge.m2;21643.5859375;8.348645210266113;20884.69140625;2.000000476837158;64.5;-7.000000953674316;;1;302988;m2;198339;0;
..\..\world\generic\human\passivedoodads\woodendummies\generalwoodendummy02.m2;21564.427734375;13.842511177062988;20840.40234375;0;30.5;0;;1;303828;m2;198665;0;
..\..\world\generic\human\passivedoodads\woodendummies\generalwoodendummy02.m2;21408.87109375;11.10576057434082;20830.53125;0;329;0;;1;303102;m2;198665;0;
..\..\world\generic\human\passivedoodads\cargoboxes\deadminecargoboxes.m2;21507.388671875;11.081926345825195;20912.240234375;0;126.57733154296875;0;;1.119140625;303764;m2;198085;0;
..\..\world\generic\human\passivedoodads\lumberpiles\deadminelumberpilelarge.m2;21625.451171875;9.75615406036377;20813.125;0;25.5;0;;1;302956;m2;198339;0;
..\..\world\generic\human\passivedoodads\lumberpiles\deadminelumberpilelarge.m2;21412.044921875;13.914448738098145;20869.353515625;0;336.6827392578125;0;;1;303421;m2;198339;0;
..\..\world\generic\human\passivedoodads\woodendummies\generalwoodendummy02.m2;21516.349609375;13.880096435546875;20869.03125;0;309;0;;1;303829;m2;198665;0;
..\..\world\generic\human\passivedoodads\lumberpiles\deadminelumberpilelarge.m2;21582.46875;9.30864429473877;20923.78515625;0;231.2742462158203;0;;1;303691;m2;198339;0;
..\..\world\generic\human\passivedoodads\cannonballstack\deadminecannonballstack.m2;21515.07421875;10.572020530700684;20920.484375;-2.000000238418579;316.7235412597656;-4.500000476837158;;1.2890625;303769;m2;198084;0;
..\..\world\generic\human\passivedoodads\lumberpiles\deadminelumberpilelarge.m2;21449.4765625;11.23548412322998;20801.05078125;0;345.5;0;;1;303861;m2;198339;0;
..\..\world\generic\human\passivedoodads\benches\innbench.m2;21426.833984375;14.411039352416992;20892.673828125;0;312;2.499999523162842;;1;303112;m2;198012;0;
..\..\world\generic\human\passivedoodads\benches\innbench.m2;21540.322265625;26.58599090576172;20838.107421875;0;42.5;0;;1;303940;m2;198012;0;
..\..\world\generic\human\passivedoodads\benches\innbench.m2;21644.474609375;8.39464282989502;20894.16015625;0;224;-1.5;;1;303001;m2;198012;0;
..\..\world\generic\human\passivedoodads\cargoboxes\deadminecargoboxes.m2;21538.640625;11.147443771362305;20925.494140625;-6;218.5020294189453;-1.5;;1;303771;m2;198085;0;
..\..\world\generic\passivedoodads\misc\wheelbarrow\caveminewheelbarrow01.m2;21496.232421875;26.56584358215332;20849.017578125;-14;64;14.999999046325684;;1;303966;m2;199886;0;
..\..\world\generic\human\passivedoodads\cargoboxes\deadminecargoboxes.m2;21687.60546875;7.521738052368164;20826.83203125;0;81.5;0;;1.19921875;304660;m2;198085;0;
..\..\world\generic\human\passivedoodads\cargoboxes\deadminecargoboxes.m2;21532.4375;10.714592933654785;20911.09375;0;50;0;;1;303407;m2;198085;0;
..\..\world\generic\human\passivedoodads\cargoboxes\deadminecargoboxes.m2;21477.513671875;26.447315216064453;20831.189453125;0;32.5;0;;1;303914;m2;198085;0;
..\..\world\generic\human\passivedoodads\cargoboxes\deadminecargoboxes.m2;21508.916015625;10.93476390838623;20914.1171875;0;302.273193359375;0;;1;303765;m2;198085;0;
..\..\world\generic\human\passivedoodads\cargoboxes\deadminecargoboxes.m2;21452.046875;10.555959701538086;20909.01171875;0;122;0;;1;303353;m2;198085;0;
..\..\world\generic\passivedoodads\misc\wheelbarrow\caveminewheelbarrow01.m2;21372.59375;9.137873649597168;20832.5234375;-0.9999998807907104;17.5;-55.0000114440918;;1;303135;m2;199886;0;
..\..\world\generic\passivedoodads\misc\wheelbarrow\caveminewheelbarrow01.m2;21492.4375;13.46886157989502;20864.28125;0;302.6195373535156;0;;1;303778;m2;199886;0;
..\..\world\generic\passivedoodads\misc\wheelbarrow\caveminewheelbarrow01.m2;21543.380859375;27.178489685058594;20833.001953125;0;336.5;0;;1;303936;m2;199886;0;
..\..\world\generic\passivedoodads\misc\wheelbarrow\caveminewheelbarrow01.m2;21636.8125;8.989163398742676;20879.78515625;0;254.39617919921875;0;;1;303603;m2;199886;0;
..\..\world\generic\passivedoodads\misc\wheelbarrow\caveminewheelbarrow01.m2;21647.591796875;8.452804565429688;20909.16796875;0;165.65692138671875;0;;1;303581;m2;199886;0;
..\..\world\generic\passivedoodads\misc\wheelbarrow\caveminewheelbarrow01.m2;21580.818359375;8.75549602508545;20985.82421875;-6.5;185.5;78.50000762939453;;1;304063;m2;199886;0;
..\..\world\generic\human\passivedoodads\cargoboxes\deadminecargoboxes.m2;21522.8046875;8.410053253173828;20972.45703125;0;0;0;;1.2099609375;304623;m2;198085;0;
..\..\world\generic\human\passivedoodads\cargoboxes\deadminecargoboxes.m2;21527.263671875;12.4802827835083;20890.37890625;0;286.41131591796875;0;;1;303763;m2;198085;0;
..\..\world\generic\human\passivedoodads\cargoboxes\deadminecargoboxes.m2;21614.3515625;10.235969543457031;20818.171875;0;12;0;;1;302964;m2;198085;0;
..\..\world\generic\passivedoodads\misc\wheelbarrow\caveminewheelbarrow01.m2;21630.787109375;8.115947723388672;20935.046875;0;357.1544494628906;0;;1;303666;m2;199886;0;
..\..\world\generic\human\passivedoodads\cargoboxes\deadminecargoboxes.m2;21557.359375;14.38140869140625;20815.62890625;0;0;0;;1.1494140625;303822;m2;198085;0;
..\..\world\generic\human\passivedoodads\weaponracks\generalweaponrack01.m2;21571.41015625;11.379240989685059;20887.37890625;0;272;0;;1;302901;m2;198636;0;
..\..\world\generic\human\passivedoodads\weaponracks\generalweaponrack01.m2;21403.94140625;10.3728609085083;20832.591796875;0;179.5;0;;1;303100;m2;198636;0;
..\..\world\generic\human\passivedoodads\weaponracks\generalweaponrack01.m2;21404.1171875;10.511141777038574;20827.138671875;0;176;0;;1;303101;m2;198636;0;
..\..\world\generic\human\passivedoodads\weaponracks\generalweaponrack01.m2;21445.744140625;16.159883499145508;20867.826171875;0;171.8773193359375;0;;1;303360;m2;198636;0;
..\..\world\generic\human\passivedoodads\weaponracks\generalweaponrack01.m2;21533.953125;26.609390258789062;20843.68359375;0;318.5;0;;1;303926;m2;198636;0;
..\..\world\generic\human\passivedoodads\weaponracks\generalweaponrack01.m2;21494.2734375;26.64105224609375;20849.734375;0;261;0;;1;303927;m2;198636;0;
..\..\world\generic\human\passivedoodads\weaponracks\generalweaponrack01.m2;21543.4375;26.653833389282227;20827.673828125;0;5;0;;1;303929;m2;198636;0;
..\..\world\generic\human\passivedoodads\weaponracks\generalweaponrack01.m2;21626.08984375;9.318239212036133;20871.99609375;0;25.27166748046875;0;;1;303614;m2;198636;0;
..\..\world\generic\passivedoodads\misc\wheelbarrow\caveminewheelbarrow01.m2;21637.421875;8.54866886138916;20890.03125;0;0;0;;1;303006;m2;199886;0;
..\..\world\generic\passivedoodads\misc\wheelbarrow\caveminewheelbarrow01.m2;21600.390625;8.603906631469727;20974.93359375;0;0;0;;1;304053;m2;199886;0;
..\..\world\generic\passivedoodads\misc\wheelbarrow\caveminewheelbarrow01.m2;21538.857421875;14.153128623962402;20860.794921875;0;0;0;;1;304369;m2;199886;0;
..\..\world\generic\passivedoodads\misc\wheelbarrow\caveminewheelbarrow01.m2;21699.45703125;7.716249942779541;20859.84375;0;0;0;;1;304628;m2;199886;0;
..\..\world\generic\human\passivedoodads\cargoboxes\deadminecargoboxes.m2;21644.61328125;8.259785652160645;20908.400390625;0;278;0;;1;302980;m2;198085;0;
..\..\world\generic\human\passivedoodads\cargoboxes\deadminecargoboxes.m2;21491.482421875;26.462411880493164;20847.994140625;0;173.5;0;;1;303912;m2;198085;0;
..\..\world\generic\human\passivedoodads\cannonballstack\deadminecannonballstack.m2;21646.125;8.950313568115234;20824.08203125;0;316.5;0;;1;302972;m2;198084;0;
..\..\world\generic\human\passivedoodads\cannonballstack\deadminecannonballstack.m2;21527.77734375;26.64127540588379;20848.2421875;0;314;0;;1;303917;m2;198084;0;
..\..\world\generic\human\passivedoodads\cannonballstack\deadminecannonballstack.m2;21647.5625;8.88038444519043;20822.51953125;0;45.5;0;;1;302971;m2;198084;0;
..\..\world\generic\human\passivedoodads\cannonballstack\deadminecannonballstack.m2;21529.169921875;26.666887283325195;20846.8359375;0;45;0;;1;303918;m2;198084;0;
..\..\world\generic\human\passivedoodads\cannonballstack\deadminecannonballstack.m2;21519.291015625;43.65456008911133;20944.17578125;0;310.5;0;;1;314826;m2;198084;0;
..\..\world\generic\human\passivedoodads\cannonballstack\deadminecannonballstack.m2;21520.931640625;12.568367958068848;20892.22265625;0;36.6875;0;;1;303761;m2;198084;0;
..\..\world\generic\human\passivedoodads\cannonballstack\deadminecannonballstack.m2;21602.046875;8.436906814575195;20972.44140625;0;35.5;0;;1;304045;m2;198084;0;
..\..\world\generic\human\passivedoodads\cannonballstack\deadminecannonballstack.m2;21522.853515625;12.4891939163208;20890.740234375;0;35.097412109375;0;;1;303760;m2;198084;0;
..\..\world\generic\human\passivedoodads\cargoboxes\deadminecargoboxes.m2;21496.880859375;10.104486465454102;20927.71875;0;86;0;;1;302223;m2;198085;0;
..\..\world\generic\human\passivedoodads\cannonballstack\deadminecannonballstack.m2;21604.416015625;8.489754676818848;20971.302734375;0;26.5;0;;1;304044;m2;198084;0;
..\..\world\generic\human\passivedoodads\cargoboxes\deadminecargoboxes.m2;21612.05078125;9.104950904846191;20961.42578125;0;180.5;0;;1;304038;m2;198085;0;
..\..\world\generic\human\passivedoodads\cargoboxes\deadminecargoboxes.m2;21458.7734375;10.647573471069336;20825.044921875;-0.5;0;4.500000476837158;;1;303032;m2;198085;0;
..\..\world\generic\human\passivedoodads\cannonballstack\deadminecannonballstack.m2;21555.46484375;14.520675659179688;20812.931640625;-6;5;-5.5;;1.1298828125;303821;m2;198084;0;
..\..\world\generic\human\passivedoodads\cargoboxes\deadminecargoboxes.m2;21603.55859375;10.588038444519043;20861.521484375;0;0;0;;1;302979;m2;198085;0;
..\..\world\generic\human\passivedoodads\cargoboxes\deadminecargoboxes.m2;21531.25;26.678327560424805;20844.947265625;0;0;0;;1;303925;m2;198085;0;
..\..\world\generic\human\passivedoodads\cannonballstack\deadminecannonballstack.m2;21463.265625;10.95598316192627;20834.34765625;0.5000000596046448;18;3.999999523162842;;1;303031;m2;198084;0;
..\..\world\generic\passivedoodads\misc\minecars\caveminecar01.m2;21445.59765625;10.75908374786377;20908.271484375;0;22;0;;1;303354;m2;199876;0;
..\..\world\generic\human\passivedoodads\crates\stormwindcrate01.m2;21611.365234375;9.14063835144043;20965.501953125;0;36;0;;1.3291015625;304041;m2;198168;0;
..\..\world\generic\human\passivedoodads\firewood\firewoodpile03.m2;21383.703125;9.824223518371582;20834.775390625;1.0000001192092896;47;2.000000238418579;;1;303139;m2;198198;0;
..\..\world\generic\human\passivedoodads\firewood\firewoodpile03.m2;21542.640625;26.624425888061523;20823.955078125;0;316;0;;1;303932;m2;198198;0;
..\..\world\generic\human\passivedoodads\firewood\firewoodpile03.m2;21431.0546875;14.965194702148438;20844.8203125;0;43.3973388671875;0;;1;303425;m2;198198;0;
..\..\world\kalimdor\dustwallow\passivedoodads\walls\dustwallowwall02.m2;21453.228515625;10.964924812316895;20835.2890625;-1.5;106;3.499999761581421;;1;304391;m2;201842;0;
..\..\world\generic\human\passivedoodads\firewood\firewoodpile03.m2;21665.2109375;8.669507026672363;20802.345703125;0;51.5;0;;1;304644;m2;198198;0;
..\..\world\generic\passivedoodads\lights\torch.m2;21524.396484375;30.18252944946289;20853.50390625;0;187;0;;1.5;300196;m2;199823;0;
..\..\world\generic\passivedoodads\lights\torch.m2;21543.83203125;30.303409576416016;20833.451171875;0;238.99998474121094;0;;1.5;300197;m2;199823;0;
..\..\world\generic\passivedoodads\lights\torch.m2;21465.97265625;29.25814437866211;20800.26953125;0;130;0;;1.5;300200;m2;199823;0;
..\..\world\generic\passivedoodads\lights\torch.m2;21483.57421875;29.95429801940918;20847.75390625;0;148.5;0;;1.5;300201;m2;199823;0;
..\..\world\generic\human\passivedoodads\firewood\firewoodpile03.m2;21542.541015625;27.034461975097656;20824.443359375;11.000000953674316;342.5;21;;1;303933;m2;198198;0;
..\..\world\kalimdor\dustwallow\passivedoodads\walls\dustwallowwall01.m2;21465.615234375;10.41880989074707;20852.603515625;0;282;0;;1;303046;m2;201841;0;
..\..\world\kalimdor\dustwallow\passivedoodads\walls\dustwallowwall01.m2;21465.13671875;10.534210205078125;20850.076171875;0;282;0;;1;303048;m2;201841;0;
..\..\world\kalimdor\dustwallow\passivedoodads\walls\dustwallowwall01.m2;21464.666015625;10.57614517211914;20847.779296875;0;283;0;;1;303050;m2;201841;0;
..\..\world\kalimdor\dustwallow\passivedoodads\walls\dustwallowwall01.m2;21464.15625;10.609827995300293;20845.197265625;0;282;0;;1;303052;m2;201841;0;
..\..\world\kalimdor\dustwallow\passivedoodads\walls\dustwallowwall01.m2;21452.6484375;10.901851654052734;20833.103515625;0;283;0;;1;304393;m2;201841;0;
..\..\world\kalimdor\dustwallow\passivedoodads\walls\dustwallowwall01.m2;21581.15234375;11.942394256591797;20830.96484375;0;102.5;0;;1;304433;m2;201841;0;
..\..\world\kalimdor\dustwallow\passivedoodads\walls\dustwallowwall01.m2;21581.638671875;11.872052192687988;20833.55078125;0;101.5;0;;1;304431;m2;201841;0;
..\..\world\kalimdor\dustwallow\passivedoodads\walls\dustwallowwall01.m2;21580.701171875;12.077301979064941;20828.6640625;0;101.5;0;;1;304435;m2;201841;0;
..\..\world\kalimdor\dustwallow\passivedoodads\walls\dustwallowwall01.m2;21580.244140625;12.105414390563965;20826.1328125;0;101.5;0;;1;304437;m2;201841;0;
..\..\world\kalimdor\dustwallow\passivedoodads\walls\dustwallowwall01.m2;21563.099609375;12.997698783874512;20800.50390625;0;105.5;0;;1;304464;m2;201841;0;
..\..\world\kalimdor\dustwallow\passivedoodads\walls\dustwallowwall01.m2;21572.787109375;11.596170425415039;20856.046875;0;251.5;0;;1;304580;m2;201841;0;
..\..\world\kalimdor\dustwallow\passivedoodads\walls\dustwallowwall02.m2;21463.62890625;10.565106391906738;20842.7109375;0;282;0;;1;303054;m2;201842;0;
..\..\world\kalimdor\dustwallow\passivedoodads\walls\dustwallowwall02.m2;21462.341796875;11.255705833435059;20869.033203125;-1.5000001192092896;270;4;;1;303065;m2;201842;0;
..\..\world\kalimdor\dustwallow\passivedoodads\walls\dustwallowwall01.m2;21502.37109375;12.514972686767578;20884.53125;0;251;0;;1;304388;m2;201841;0;
..\..\world\generic\human\passivedoodads\firewood\firewoodpile03.m2;21666.669921875;8.585870742797852;20802.09375;0;329;0;;1;304641;m2;198198;0;
..\..\world\kalimdor\dustwallow\passivedoodads\walls\dustwallowwall02.m2;21491.599609375;12.51224136352539;20886.623046875;0;73;0;;1;304377;m2;201842;0;
..\..\world\kalimdor\dustwallow\passivedoodads\walls\dustwallowwall02.m2;21582.14453125;11.852762222290039;20836.04296875;0;101.5;0;;1;304429;m2;201842;0;
..\..\world\kalimdor\dustwallow\passivedoodads\walls\dustwallowwall02.m2;21563.88671875;11.670914649963379;20872.99609375;0;15;0;;1;304564;m2;201842;0;
..\..\world\kalimdor\dustwallow\passivedoodads\walls\dustwallowwall02.m2;21466.09765625;10.501062393188477;20855.08984375;0;100.5;0;;1;303044;m2;201842;0;
..\..\world\kalimdor\dustwallow\passivedoodads\walls\dustwallowwall01.m2;21462.341796875;11.393780708312988;20871.572265625;-0.5;270;3;;1;303063;m2;201841;0;
..\..\world\generic\human\passivedoodads\firewood\firewoodpile03.m2;21382.296875;10.458635330200195;20833.859375;-24;339;9.499999046325684;;1;303141;m2;198198;0;
..\..\world\generic\passivedoodads\misc\minecars\caveminecar01.m2;21532.677734375;10.403985977172852;20922.33984375;0;171.92919921875;0;;1;303772;m2;199876;0;
..\..\world\kalimdor\dustwallow\passivedoodads\walls\dustwallowwall01.m2;21451.34375;11.125542640686035;20831.81640625;0;173;0;;1;304395;m2;201841;0;
..\..\world\kalimdor\dustwallow\passivedoodads\walls\dustwallowwall02.m2;21579.78515625;12.30077075958252;20823.64453125;0;280;0;;1;304439;m2;201842;0;
..\..\world\kalimdor\dustwallow\passivedoodads\walls\dustwallowwall01.m2;21493.17578125;12.490702629089355;20885.263671875;0;186;0;;1;304379;m2;201841;0;
..\..\world\kalimdor\dustwallow\passivedoodads\walls\dustwallowwall02.m2;21565.384765625;11.623257637023926;20873.859375;0;99.5;0;;1;304566;m2;201842;0;
..\..\world\generic\human\passivedoodads\cannonballstack\deadminecannonballstack.m2;21385.109375;9.82433795928955;20833.94921875;0;188.5;0;;1;303093;m2;198084;0;
..\..\world\generic\human\passivedoodads\crates\stormwindcrate01.m2;21465.015625;10.831119537353516;20839.24609375;0;23.5;0;;1.3095703125;303025;m2;198168;0;
..\..\world\kalimdor\dustwallow\passivedoodads\walls\dustwallowwall01.m2;21540.513671875;12.41291618347168;20882.91015625;0;22;0;;1;304420;m2;201841;0;
..\..\world\kalimdor\dustwallow\passivedoodads\walls\dustwallowwall01.m2;21545.1484375;12.273819923400879;20881.09765625;0;22;0;;1;304424;m2;201841;0;
..\..\world\kalimdor\dustwallow\passivedoodads\walls\dustwallowwall01.m2;21547.5546875;12.252107620239258;20880.189453125;0;22;0;;1;304426;m2;201841;0;
..\..\world\kalimdor\dustwallow\passivedoodads\walls\dustwallowwall02.m2;21549.919921875;12.345074653625488;20879.28515625;0;200.5;0;;1;304428;m2;201842;0;
..\..\world\kalimdor\dustwallow\passivedoodads\walls\dustwallowwall01.m2;21462.302734375;11.585081100463867;20874.205078125;0;271;1.5000003576278687;;1;303061;m2;201841;0;
..\..\world\kalimdor\dustwallow\passivedoodads\walls\dustwallowwall02.m2;21449.09765625;11.371511459350586;20831.818359375;0;6;0;;1;304397;m2;201842;0;
..\..\world\kalimdor\dustwallow\passivedoodads\walls\dustwallowwall01.m2;21573.228515625;11.883160591125488;20853.65234375;0;85.5;0;;1;304582;m2;201841;0;
..\..\world\kalimdor\dustwallow\passivedoodads\walls\dustwallowwall02.m2;21573.474609375;12.169112205505371;20851.1328125;0;264;0;;1;304584;m2;201842;0;
..\..\world\kalimdor\dustwallow\passivedoodads\walls\dustwallowwall01.m2;21542.96875;12.355470657348633;20881.958984375;0;23;0;;1;304422;m2;201841;0;
..\..\world\kalimdor\dustwallow\passivedoodads\walls\dustwallowwall02.m2;21538.15625;12.40738582611084;20883.86328125;0;22;0;;1;304418;m2;201842;0;
..\..\world\kalimdor\dustwallow\passivedoodads\walls\dustwallowwall02.m2;21563.419921875;13.092068672180176;20802.708984375;0;95.5;0;;1;304462;m2;201842;0;
..\..\world\generic\human\passivedoodads\cauldrons\cauldron.m2;21578.880859375;9.812423706054688;20911.28125;0;0;0;;1;303635;m2;198100;0;
..\..\world\kalimdor\dustwallow\passivedoodads\walls\dustwallowwall01.m2;21421.86328125;10.463189125061035;20820.298828125;0;3;0;;1;303015;m2;201841;0;
..\..\world\kalimdor\dustwallow\passivedoodads\walls\dustwallowwall02.m2;21472.52734375;12.247281074523926;20877.8828125;0;157;0;;1;304376;m2;201842;0;
..\..\world\kalimdor\dustwallow\passivedoodads\walls\dustwallowwall02.m2;21506.16015625;12.63607120513916;20883.41015625;0;184;0;;1;304384;m2;201842;0;
..\..\world\kalimdor\dustwallow\passivedoodads\walls\dustwallowwall02.m2;21568.1171875;11.548622131347656;20873.205078125;0;94.5;0;;1;304565;m2;201842;0;
..\..\world\kalimdor\dustwallow\passivedoodads\walls\dustwallowwall02.m2;21442.09375;13.452881813049316;20838.607421875;0;66.5;0;;1;303075;m2;201842;0;
..\..\world\kalimdor\dustwallow\passivedoodads\walls\dustwallowwall01.m2;21421.978515625;10.396519660949707;20808.98828125;0;358;0;;1;303011;m2;201841;0;
..\..\world\kalimdor\dustwallow\passivedoodads\walls\dustwallowwall01.m2;21583.859375;11.15400505065918;20859.9921875;0;88;0;;1;304569;m2;201841;0;
..\..\world\kalimdor\dustwallow\passivedoodads\walls\dustwallowwall02.m2;21424.505859375;10.677000045776367;20809.123046875;0;176.5;0;;1;303009;m2;201842;0;
..\..\world\kalimdor\dustwallow\passivedoodads\walls\dustwallowwall02.m2;21583.99609375;11.258784294128418;20857.46484375;0;266.5;0;;1;304567;m2;201842;0;
..\..\world\kalimdor\dustwallow\passivedoodads\walls\dustwallowwall02.m2;21572.3828125;11.21308422088623;20887.318359375;0;267.5;0;;1;302906;m2;201842;0;
..\..\world\kalimdor\dustwallow\passivedoodads\walls\dustwallowwall02.m2;21565.078125;11.309934616088867;20886.87109375;0;267.5;0;;1;302907;m2;201842;0;
..\..\world\kalimdor\dustwallow\passivedoodads\walls\dustwallowwall02.m2;21565.021484375;11.38451099395752;20883.4609375;0;86.99996948242188;0;;1;302913;m2;201842;0;
..\..\world\generic\human\passivedoodads\firewood\firewoodpile03.m2;21541.265625;26.721515655517578;20824.32421875;0;63;0;;1;303934;m2;198198;0;
..\..\world\generic\human\passivedoodads\firewood\firewoodpile03.m2;21430.728515625;14.69809341430664;20844.037109375;0;296.88165283203125;0;;1;303427;m2;198198;0;
..\..\world\kalimdor\dustwallow\passivedoodads\walls\dustwallowwall01.m2;21470.4609375;11.957804679870605;20876.958984375;0;334;0;;1;304371;m2;201841;0;
..\..\world\kalimdor\dustwallow\passivedoodads\walls\dustwallowwall01.m2;21494.734375;12.372785568237305;20886.224609375;0;296;0;;1;304381;m2;201841;0;
..\..\world\kalimdor\dustwallow\passivedoodads\walls\dustwallowwall02.m2;21569.33203125;11.521371841430664;20871.728515625;0;205;0;;1;304562;m2;201842;0;
..\..\world\kalimdor\dustwallow\passivedoodads\walls\dustwallowwall01.m2;21503.90234375;12.490665435791016;20883.5234375;0;1;0;;1;304386;m2;201841;0;
..\..\world\kalimdor\dustwallow\passivedoodads\walls\dustwallowwall01.m2;21510.5625;13.00620174407959;20873.806640625;0;1;0;;1;304402;m2;201841;0;
..\..\world\kalimdor\dustwallow\passivedoodads\walls\dustwallowwall02.m2;21437.6328125;13.443387031555176;20885.01171875;0.500000536441803;306.5;-12.500000953674316;;1;304604;m2;201842;0;
..\..\world\generic\human\passivedoodads\firewood\firewoodpile03.m2;21430.5625;15.049959182739258;20844.619140625;0;333.2034912109375;0;;1;303428;m2;198198;0;
..\..\world\kalimdor\dustwallow\passivedoodads\walls\dustwallowwall02.m2;21435.57421875;10.504816055297852;20802.552734375;0;115.5;0;;1;302199;m2;201842;0;
..\..\world\kalimdor\dustwallow\passivedoodads\walls\dustwallowwall02.m2;21455.34765625;10.55474853515625;20823.14453125;0;115.5;0;;1;303033;m2;201842;0;
..\..\world\kalimdor\dustwallow\passivedoodads\walls\dustwallowwall01.m2;21554.037109375;11.742748260498047;20866.380859375;0;26.5;0;;1;304411;m2;201841;0;
..\..\world\kalimdor\dustwallow\passivedoodads\walls\dustwallowwall01.m2;21558.515625;11.329632759094238;20864.2109375;0;26.5;0;;1;304415;m2;201841;0;
..\..\world\kalimdor\dustwallow\passivedoodads\walls\dustwallowwall02.m2;21572.68359375;11.241995811462402;20883.2421875;0;88.5;0;;1;302910;m2;201842;0;
..\..\world\kalimdor\dustwallow\passivedoodads\walls\dustwallowwall02.m2;21571.51953125;11.300091743469238;20882.0390625;0;1.5;0;;1;302911;m2;201842;0;
..\..\world\kalimdor\dustwallow\passivedoodads\walls\dustwallowwall02.m2;21424.39453125;10.722098350524902;20820.212890625;0;181.5;0;;1;303013;m2;201842;0;
..\..\world\kalimdor\dustwallow\passivedoodads\walls\dustwallowwall02.m2;21462.181640625;11.624232292175293;20881.65234375;0;88.5;0;;1;303055;m2;201842;0;
..\..\world\kalimdor\dustwallow\passivedoodads\walls\dustwallowwall02.m2;21469.37109375;12.001507759094238;20879.83984375;0;88.5;0;;1;304374;m2;201842;0;
..\..\world\kalimdor\dustwallow\passivedoodads\walls\dustwallowwall02.m2;21518.009765625;12.89555835723877;20873.927734375;0;178.5;0;;1;304408;m2;201842;0;
..\..\world\kalimdor\dustwallow\passivedoodads\walls\dustwallowwall01.m2;21434.466796875;10.389945030212402;20800.27734375;0;297;0;;1;302201;m2;201841;0;
..\..\world\kalimdor\dustwallow\passivedoodads\walls\dustwallowwall01.m2;21454.240234375;10.31534194946289;20820.865234375;0;297;0;;1;303035;m2;201841;0;
..\..\world\kalimdor\dustwallow\passivedoodads\walls\dustwallowwall01.m2;21453.125;10.449112892150879;20818.55078125;0;297;0;;1;303037;m2;201841;0;
..\..\world\kalimdor\dustwallow\passivedoodads\walls\dustwallowwall01.m2;21450.916015625;10.538348197937012;20814.08984375;0;297;0;;1;303041;m2;201841;0;
..\..\world\kalimdor\dustwallow\passivedoodads\walls\dustwallowwall01.m2;21462.228515625;11.63042163848877;20879.12109375;0;270;0;;1;303057;m2;201841;0;
..\..\world\kalimdor\dustwallow\passivedoodads\walls\dustwallowwall01.m2;21462.28515625;11.62578010559082;20876.55078125;0;270;0;;1;303059;m2;201841;0;
..\..\world\kalimdor\dustwallow\passivedoodads\walls\dustwallowwall01.m2;21469.384765625;11.996293067932129;20877.521484375;0;270;0;;1;304372;m2;201841;0;
..\..\world\kalimdor\dustwallow\passivedoodads\walls\dustwallowwall01.m2;21507.931640625;13.054165840148926;20873.76953125;0;0;0;;1;304400;m2;201841;0;
..\..\world\kalimdor\dustwallow\passivedoodads\walls\dustwallowwall01.m2;21512.90625;12.986577033996582;20873.82421875;0;0;0;;1;304404;m2;201841;0;
..\..\world\kalimdor\dustwallow\passivedoodads\walls\dustwallowwall01.m2;21515.478515625;12.893507957458496;20873.880859375;0;0;0;;1;304406;m2;201841;0;
..\..\world\kalimdor\dustwallow\passivedoodads\walls\dustwallowwall02.m2;21560.615234375;11.430549621582031;20863.173828125;0;205.99998474121094;0;;1;304417;m2;201842;0;
..\..\world\kalimdor\dustwallow\passivedoodads\walls\dustwallowwall02.m2;21551.763671875;11.910903930664062;20867.515625;0;26.5;0;;1;304409;m2;201842;0;
..\..\world\kalimdor\dustwallow\passivedoodads\walls\dustwallowwall01.m2;21556.41015625;11.48529052734375;20865.240234375;0;27.5;0;;1;304413;m2;201841;0;
..\..\world\kalimdor\dustwallow\passivedoodads\walls\dustwallowwall01.m2;21452.076171875;10.567622184753418;20816.453125;0;298;0;;1;303039;m2;201841;0;
..\..\world\kalimdor\dustwallow\passivedoodads\walls\dustwallowwall02.m2;21449.763671875;10.651073455810547;20811.826171875;0;297;0;;1;303043;m2;201842;0;
..\..\world\generic\human\passivedoodads\crates\stormwindcrate01.m2;21551.291015625;10.615996360778809;20906.53125;0;333.5;0;;1.259765625;303414;m2;198168;0;
..\..\world\kalimdor\dustwallow\passivedoodads\walls\dustwallowwall02.m2;21566.23828125;11.318263053894043;20882.294921875;0;180;0;;1;302912;m2;201842;0;
..\..\world\kalimdor\dustwallow\passivedoodads\walls\dustwallowwall02.m2;21505.390625;13.059279441833496;20873.76953125;0;0;0;;1;304398;m2;201842;0;
..\..\world\kalimdor\dustwallow\passivedoodads\walls\dustwallowwall01.m2;21443.306640625;12.80000114440918;20836.240234375;0;61;0;;1;303073;m2;201841;0;
..\..\world\kalimdor\dustwallow\passivedoodads\walls\dustwallowwall02.m2;21439.755859375;10.489941596984863;20813.40234375;0;209;0;;1;303019;m2;201842;0;
..\..\world\kalimdor\dustwallow\passivedoodads\walls\dustwallowwall02.m2;21495.791015625;12.471007347106934;20888.224609375;0;119;0;;1;304383;m2;201842;0;
..\..\world\kalimdor\dustwallow\passivedoodads\walls\dustwallowwall01.m2;21437.55078125;10.390077590942383;20814.64453125;0;30.5;0;;1;303018;m2;201841;0;
..\..\world\generic\human\passivedoodads\cannonballstack\deadminecannonballstack.m2;21555.544921875;14.4697265625;20810.451171875;-0.9999998807907104;0;-8;;1;303820;m2;198084;0;
..\..\world\kalimdor\dustwallow\passivedoodads\walls\dustwallowwall01.m2;21584.26953125;11.186006546020508;20862.3359375;0;120.5;0;;1;304571;m2;201841;0;
..\..\world\kalimdor\dustwallow\passivedoodads\walls\dustwallowwall02.m2;21444.576171875;12.420202255249023;20834.05078125;0;239.50001525878906;0;;1;303071;m2;201842;0;
..\..\world\generic\human\passivedoodads\firewood\firewoodpile03.m2;21429.875;14.745570182800293;20844.57421875;0;21.66912841796875;0;;1;303426;m2;198198;0;
..\..\world\generic\human\passivedoodads\crates\stormwindcrate01.m2;21494.89453125;10.004515647888184;20930.708984375;0;348.5;0;;1.3798828125;302225;m2;198168;0;
..\..\world\generic\human\passivedoodads\crates\stormwindcrate01.m2;21598.599609375;8.176643371582031;20972.568359375;0;11.5;0;;1.3798828125;304047;m2;198168;0;
..\..\world\azeroth\bootybay\passivedoodad\fishingpoles\fishingpole01.m2;21619.21875;10.671780586242676;20870.609375;-78.50003051757812;236;-152.50001525878906;;1;303630;m2;189093;0;
..\..\world\generic\passivedoodads\misc\minecars\caveminecar01.m2;21497.2109375;10.202198028564453;20925.4921875;0;2.5;0;;1;302222;m2;199876;0;
..\..\world\generic\passivedoodads\misc\minecars\caveminecar01.m2;21394.6015625;9.798673629760742;20833.59765625;0;272.5;0;;1;303086;m2;199876;0;
..\..\world\kalimdor\dustwallow\passivedoodads\walls\dustwallowwall01.m2;21441.109375;12.61229419708252;20888.390625;2.5000007152557373;320;-10.5;;1;304600;m2;201841;0;
..\..\world\generic\human\passivedoodads\cannonballstack\deadminecannonballstack.m2;21659.73828125;42.86216354370117;20811.01953125;0;355.5;0;;1;314815;m2;198084;0;
..\..\world\kalimdor\dustwallow\passivedoodads\walls\dustwallowwall02.m2;21443.01953125;12.202492713928223;20890.052734375;0.49999988079071045;138.5;11.5;;1;304598;m2;201842;0;
..\..\world\generic\human\passivedoodads\firewood\firewoodpile03.m2;21667.50390625;8.38866138458252;20803.326171875;0;250.49998474121094;0;;1;304642;m2;198198;0;
..\..\world\kalimdor\dustwallow\passivedoodads\walls\dustwallowwall01.m2;21439.177734375;12.98447322845459;20886.693359375;0;320;-4.999998092651367;;1;304602;m2;201841;0;
..\..\world\kalimdor\dustwallow\passivedoodads\walls\dustwallowwall02.m2;21435.3046875;10.553266525268555;20816.068359375;0;36;0;;1;303021;m2;201842;0;
..\..\world\generic\human\passivedoodads\cannonballstack\deadminecannonballstack.m2;21534.7421875;10.64423656463623;20913.06640625;3.5;0;-1;;1;303412;m2;198084;0;
..\..\world\generic\human\passivedoodads\crates\stormwindcrate01.m2;21531.359375;7.877964496612549;21019.330078125;0;0;0;;1.5595703125;304929;m2;198168;0;
..\..\world\kalimdor\dustwallow\passivedoodads\walls\dustwallowwall02.m2;21569.291015625;11.674954414367676;20859.44921875;0;37.5;0;;1;304576;m2;201842;0;
..\..\world\generic\passivedoodads\misc\minecars\caveminecar01.m2;21462.08203125;10.874659538269043;20832.19921875;0;0;0;;1;303030;m2;199876;0;
..\..\world\kalimdor\dustwallow\passivedoodads\walls\dustwallowwall01.m2;21571.287109375;11.525309562683105;20857.89453125;0;219;0;;1;304578;m2;201841;0;
..\..\world\generic\passivedoodads\furniture\containers\barrel02.m2;21488.03125;13.009526252746582;20863.57421875;0;234.31256103515625;0;;1.5595703125;303781;m2;199737;0;
..\..\world\generic\human\passivedoodads\cannonballstack\deadminecannonballstack.m2;21566.294921875;11.406503677368164;20887.009765625;0;359;0;;1;302898;m2;198084;0;
..\..\world\generic\human\passivedoodads\beerkegs\beerkeg01.m2;21596.34765625;8.659358978271484;20931.392578125;0;131.17153930664062;0;;1;303548;m2;198004;0;
..\..\world\generic\human\passivedoodads\beerkegs\beerkeg01.m2;21597.41015625;8.616637229919434;20932.71875;0;131.6827392578125;0;;1;303550;m2;198004;0;
..\..\world\generic\human\passivedoodads\armor\armorstandmailblue.m2;21629.669921875;9.213650703430176;20878.337890625;0;336.94970703125;0;;1.119140625;303610;m2;197911;0;
..\..\world\kalimdor\dustwallow\passivedoodads\walls\dustwallowwall02.m2;21443.443359375;11.145566940307617;20823.61328125;0;221;0;;1;303066;m2;201842;0;
..\..\world\generic\human\passivedoodads\firewood\firewoodpile03.m2;21666.216796875;8.48791790008545;20803.59765625;0;0;0;;1.2099609375;304640;m2;198198;0;
..\..\world\kalimdor\dustwallow\passivedoodads\walls\dustwallowwall02.m2;21439.64453125;11.723320960998535;20827.1484375;0;48;0;;1;303070;m2;201842;0;
..\..\world\kalimdor\dustwallow\passivedoodads\walls\dustwallowwall02.m2;21502.9375;12.431697845458984;20886.533203125;0;138;0;;1;304390;m2;201842;0;
..\..\world\kalimdor\dustwallow\passivedoodads\walls\dustwallowwall01.m2;21441.546875;11.369133949279785;20825.291015625;0;42.5;0;;1;303068;m2;201841;0;
..\..\world\generic\human\passivedoodads\crates\stormwindcrate01.m2;21609.193359375;9.281266212463379;20966.1171875;0;0;0;;1.4892578125;304039;m2;198168;0;
..\..\world\generic\human\passivedoodads\cannonballstack\deadminecannonballstack.m2;21539.07421875;26.93425941467285;20804.66796875;0;0;0;;1;303952;m2;198084;0;
..\..\world\generic\human\passivedoodads\cannonballstack\deadminecannonballstack.m2;21606.8828125;8.6168851852417;20969.94140625;0;0;0;;1;304043;m2;198084;0;
..\..\world\generic\human\passivedoodads\cannonballstack\deadminecannonballstack.m2;21604.33203125;8.47593879699707;20974.349609375;0;0;0;;1;304046;m2;198084;0;
..\..\world\generic\human\passivedoodads\cannonballstack\deadminecannonballstack.m2;21523.724609375;7.712832927703857;21002.498046875;0;0;0;;1;304932;m2;198084;0;
..\..\world\generic\human\passivedoodads\cannonballstack\deadminecannonballstack.m2;21664.8984375;43.88578414916992;20890.572265625;0;0;0;;1;314818;m2;198084;0;
..\..\world\generic\human\passivedoodads\cannonballstack\deadminecannonballstack.m2;21598.916015625;44.55537033081055;20953.177734375;0;0;0;;1;314821;m2;198084;0;
..\..\world\generic\human\passivedoodads\cannonballstack\deadminecannonballstack.m2;21432.740234375;43.97180938720703;20910.982421875;0;0;0;;1;314827;m2;198084;0;
..\..\world\generic\human\passivedoodads\cannonballstack\deadminecannonballstack.m2;21360.30078125;42.85691452026367;20825.125;0;0;0;;1;317288;m2;198084;0;
..\..\world\kalimdor\dustwallow\passivedoodads\walls\dustwallowwall02.m2;21587.52734375;10.639910697937012;20866.078125;0;133;0;;1;304575;m2;201842;0;
..\..\world\kalimdor\dustwallow\passivedoodads\walls\dustwallowwall02.m2;21606.01171875;9.107011795043945;20885.81640625;0;313.5;0;;1;304450;m2;201842;0;
..\..\world\kalimdor\dustwallow\passivedoodads\walls\dustwallowwall02.m2;21598.07421875;9.107011795043945;20893.826171875;0;313.5;0;;1;304461;m2;201842;0;
..\..\world\kalimdor\dustwallow\passivedoodads\walls\dustwallowwall01.m2;21611.19140625;9.085673332214355;20891.16796875;0;136;0;;1;304444;m2;201841;0;
..\..\world\kalimdor\dustwallow\passivedoodads\walls\dustwallowwall01.m2;21603.25390625;9.00294017791748;20899.177734375;0;136;0;;1;304455;m2;201841;0;
..\..\world\kalimdor\dustwallow\passivedoodads\walls\dustwallowwall01.m2;21585.78515625;10.7996187210083;20864.23828125;0;314.5;0;;1;304573;m2;201841;0;
..\..\world\azeroth\westfall\passivedoodads\barrel\westfallbarrel01.m2;21688.796875;7.336485862731934;20935.201171875;54.999996185302734;163.9429931640625;84.5;;1.3095703125;303520;m2;190535;0;
..\..\world\azeroth\bootybay\passivedoodad\deadfish\fishrack.m2;21618.494140625;9.710447311401367;20871.060546875;0;41.08697509765625;0;;0.5595703125;303628;m2;189091;0;
..\..\world\kalimdor\dustwallow\passivedoodads\walls\dustwallowwall01.m2;21613.025390625;9.107189178466797;20893.0546875;0;135;0;;1;304442;m2;201841;0;
..\..\world\kalimdor\dustwallow\passivedoodads\walls\dustwallowwall01.m2;21609.546875;9.057276725769043;20889.498046875;0;135;0;;1;304446;m2;201841;0;
..\..\world\kalimdor\dustwallow\passivedoodads\walls\dustwallowwall01.m2;21607.76953125;8.99590015411377;20887.638671875;0;135;0;;1;304448;m2;201841;0;
..\..\world\kalimdor\dustwallow\passivedoodads\walls\dustwallowwall01.m2;21605.087890625;9.045759201049805;20901.06640625;0;135;0;;1;304453;m2;201841;0;
..\..\world\kalimdor\dustwallow\passivedoodads\walls\dustwallowwall01.m2;21601.607421875;9.001092910766602;20897.509765625;0;135;0;;1;304457;m2;201841;0;
..\..\world\kalimdor\dustwallow\passivedoodads\walls\dustwallowwall01.m2;21599.828125;8.99590015411377;20895.650390625;0;135;0;;1;304459;m2;201841;0;
..\..\world\kalimdor\dustwallow\passivedoodads\walls\dustwallowwall02.m2;21614.822265625;9.128857612609863;20894.8515625;0;135;0;;1;304440;m2;201842;0;
..\..\world\kalimdor\dustwallow\passivedoodads\walls\dustwallowwall02.m2;21606.884765625;9.107772827148438;20902.86328125;0;135;0;;1;304451;m2;201842;0;
..\..\world\generic\passivedoodads\lights\torch.m2;21489.23828125;31.892333984375;20802.06640625;0;225.5;0;;1.25;300203;m2;199823;0;
..\..\world\generic\human\passivedoodads\beerkegs\beerkeg01.m2;21582.576171875;8.588897705078125;20984.02734375;0;22.5;0;;1;304069;m2;198004;0;
..\..\world\generic\passivedoodads\crate01\crate01.m2;21414.734375;14.247687339782715;20864.203125;-2.5;329.1715393066406;5.500000476837158;;1;303419;m2;199632;0;
..\..\world\generic\human\passivedoodads\crates\stormwindcrate01.m2;21390.91015625;9.863911628723145;20833.7421875;0;0;0;;1.4091796875;303087;m2;198168;0;
..\..\world\generic\human\passivedoodads\beerkegs\beerkeg02.m2;21593.73828125;9.199958801269531;20933.80859375;-90;299.78289794921875;0;;1.0693359375;303552;m2;198006;0;
..\..\world\generic\passivedoodads\crate01\crate01.m2;21579.107421875;9.546456336975098;20920.75;0;125.97308349609375;0;;1;303693;m2;199632;0;
..\..\world\generic\passivedoodads\crate01\crate01.m2;21599.19140625;8.656400680541992;20933.611328125;0;57.042755126953125;0;;1;303688;m2;199632;0;
..\..\world\azeroth\elwynn\passivedoodads\haystacks\haystack01.m2;21567.931640625;13.225046157836914;20841.00390625;0;0;0;;1.26953125;303824;m2;189810;0;
..\..\world\generic\passivedoodads\crate01\crate01.m2;21636.296875;8.762680053710938;20883.126953125;0;332;0;;1;303591;m2;199632;0;
..\..\world\generic\human\passivedoodads\firewood\firewoodpile03.m2;21604.7890625;10.580876350402832;20861.982421875;0;353.3802490234375;0;;1;303668;m2;198198;0;
..\..\world\generic\human\passivedoodads\crates\stormwindcrate01.m2;21592.69140625;11.062531471252441;20858.6875;0;318;0;;1;302975;m2;198168;0;
..\..\world\generic\human\passivedoodads\crates\stormwindcrate01.m2;21585.693359375;10.53860092163086;20917.28125;0;46.5;0;;1;314789;m2;198168;0;
..\..\world\generic\passivedoodads\crate01\crate01.m2;21417.36328125;14.372715950012207;20863.095703125;0;244.78286743164062;0;;1;303420;m2;199632;0;
..\..\world\generic\dwarf\passivedoodads\gunracks\gunrack01b.m2;21542.9296875;27.1662540435791;20821.9609375;0;278.5;0;;1;303944;m2;197399;0;
..\..\world\generic\dwarf\passivedoodads\gunracks\gunrack01b.m2;21542.638671875;27.1299991607666;20819.990234375;0;278.5;0;;1;303945;m2;197399;0;
..\..\world\generic\dwarf\passivedoodads\gunracks\gunrack01b.m2;21488.7578125;27.4476318359375;20849.44140625;0;172.5;0;;1;303911;m2;197399;0;
..\..\world\generic\dwarf\passivedoodads\gunracks\gunrack01b.m2;21513.787109375;27.51360511779785;20853.39453125;0;172.5;0;;1;303924;m2;197399;0;
..\..\world\generic\passivedoodads\crate02\crate02.m2;21548.546875;14.281989097595215;20850.14453125;-1.9999994039535522;303.9130859375;-9;;1;303798;m2;199634;0;
..\..\world\generic\dwarf\passivedoodads\gunracks\gunrack01b.m2;21553.123046875;15.284029006958008;20806.552734375;0;96;0;;1;303823;m2;197399;0;
..\..\world\generic\human\passivedoodads\armor\armorstandmailblue.m2;21571.515625;11.406503677368164;20886.271484375;0;52.5;0;;1;302902;m2;197911;0;
..\..\world\generic\human\passivedoodads\armor\armorstandmailblue.m2;21425.33984375;14.451618194580078;20889.923828125;0;287;0;;1;303115;m2;197911;0;
..\..\world\generic\human\passivedoodads\armor\armorstandmailblue.m2;21628.91015625;9.227710723876953;20878.716796875;0;357.64312744140625;0;;1;303611;m2;197911;0;
..\..\world\generic\passivedoodads\crate02\crate02.m2;21424.388671875;14.5924654006958;20889.1640625;-0.9999998807907104;328.5;-3.500000238418579;;1;303108;m2;199634;0;
..\..\world\generic\human\passivedoodads\crates\stormwindcrate01.m2;21609.13671875;8.96146297454834;20968.36328125;0;303.5;0;;1;304040;m2;198168;0;
..\..\world\generic\human\passivedoodads\firewood\firewoodpile03.m2;21382.013671875;9.758440017700195;20834.49609375;0;275;0;;1;303137;m2;198198;0;
..\..\world\generic\human\passivedoodads\crates\stormwindcrate01.m2;21389.130859375;9.856549263000488;20833.7734375;0;327;0;;1;303088;m2;198168;0;
..\..\world\azeroth\westfall\passivedoodads\grindstone\grindstone.m2;21625.17578125;9.352238655090332;20869.71875;0;0;0;;1;314802;m2;190587;0;
..\..\world\generic\human\passivedoodads\beerkegs\beerkeg02.m2;21595.724609375;9.16344928741455;20933.43359375;-90;233.13320922851562;0;;1;303549;m2;198006;0;
..\..\world\generic\dwarf\passivedoodads\gunracks\gunrack01b.m2;21479.0078125;27.331995010375977;20837.59765625;0;110.5;0;;1;303913;m2;197399;0;
..\..\world\generic\passivedoodads\crate02\crate02.m2;21643.875;8.425787925720215;20888.71875;4;54;1.499999761581421;;1;302984;m2;199634;0;
..\..\world\generic\human\passivedoodads\crates\stormwindcrate01.m2;21390.9375;9.905951499938965;20835.390625;0;301;0;;1;303089;m2;198168;0;
..\..\world\generic\human\passivedoodads\crates\stormwindcrate01.m2;21493.451171875;10.04490852355957;20928.92578125;0;330;0;;1;302224;m2;198168;0;
..\..\world\generic\human\passivedoodads\crates\stormwindcrate01.m2;21532.27734375;7.935547828674316;21017.14453125;0;30;0;;1;304930;m2;198168;0;
..\..\world\generic\human\passivedoodads\chairs\generalmedchair01.m2;21614.11328125;10.806578636169434;20845.439453125;0;194;0;;1;302936;m2;198116;0;
..\..\world\generic\human\passivedoodads\chairs\generalmedchair01.m2;21631.263671875;8.974514961242676;20882.130859375;0;279.7347412109375;0;;1;303599;m2;198116;0;
..\..\world\generic\human\passivedoodads\crates\stormwindcrate01.m2;21540.603515625;26.92369842529297;20835.23828125;0;331;0;;1;303943;m2;198168;0;
..\..\world\generic\human\passivedoodads\crates\stormwindcrate01.m2;21464.26171875;10.757145881652832;20837.576171875;0;349;0;;1.1396484375;303026;m2;198168;0;
..\..\world\generic\human\passivedoodads\crates\stormwindcrate01.m2;21652.578125;8.636728286743164;20808.158203125;0;332;0;;1;302966;m2;198168;0;
..\..\world\generic\passivedoodads\crate02\crate02.m2;21414.99609375;14.297365188598633;20862.44921875;-5.000000476837158;126.6872329711914;-4;;1;303418;m2;199634;0;
..\..\world\generic\human\passivedoodads\beerkegs\beerkeg01.m2;21534.05078125;7.534836769104004;21017.53515625;0;102.5;0;;1;304928;m2;198004;0;
..\..\world\generic\human\passivedoodads\beerkegs\beerkeg02.m2;21594.70703125;9.20394229888916;20932.970703125;-90;299.78289794921875;0;;1;303551;m2;198006;0;
..\..\world\generic\passivedoodads\crate02\crate02.m2;21644.59765625;8.965827941894531;20889.083984375;2;317.5;-4.5;;1;302986;m2;199634;0;
..\..\world\generic\human\passivedoodads\crates\stormwindcrate01.m2;21540.263671875;26.742298126220703;20811.404296875;0;0;0;;1.2998046875;303946;m2;198168;0;
..\..\world\generic\human\passivedoodads\crates\stormwindcrate01.m2;21532.4375;10.944112777709961;20905.916015625;0;335.5;0;;1;303409;m2;198168;0;
..\..\world\generic\passivedoodads\crate02\crate02.m2;21579.7421875;9.5801420211792;20919.30859375;0;228.3907470703125;0;;1;303694;m2;199634;0;
..\..\world\generic\human\passivedoodads\crates\stormwindcrate01.m2;21597.615234375;8.266837120056152;20974.27734375;0;336.5;0;;1;304048;m2;198168;0;
..\..\world\generic\human\passivedoodads\crates\stormwindcrate01.m2;21540.296875;26.6147403717041;20809.822265625;0;337;0;;1;303947;m2;198168;0;
..\..\world\generic\human\passivedoodads\beerkegs\beerkeg01.m2;21534.087890625;7.542463779449463;21018.95703125;0;79.5;0;;1;304927;m2;198004;0;
..\..\world\generic\passivedoodads\crate01\crate01.m2;21591.4140625;9.376725196838379;20916.54296875;0;76.8868408203125;0;;1;303696;m2;199632;0;
..\..\world\generic\human\passivedoodads\firewood\firewoodpile03.m2;21667.138671875;8.538265228271484;20804.59765625;0;1;0;;1;304645;m2;198198;0;
..\..\world\generic\human\passivedoodads\crates\stormwindcrate01.m2;21652.615234375;8.56530475616455;20806.50390625;0;0;0;;1.2490234375;302965;m2;198168;0;
..\..\world\generic\human\passivedoodads\beerkegs\beerkeg01.m2;21633.99609375;9.06762409210205;20877.33203125;0;352;0;;1;303593;m2;198004;0;
..\..\world\generic\human\passivedoodads\firewood\firewoodpile03.m2;21383.30078125;9.78485107421875;20833.697265625;0;0;0;;1;303136;m2;198198;0;
..\..\world\generic\human\passivedoodads\firewood\firewoodpile03.m2;21380.97265625;9.70040512084961;20833.70703125;0;0;0;;1;303138;m2;198198;0;
..\..\world\generic\human\passivedoodads\firewood\firewoodpile03.m2;21383.1484375;10.184160232543945;20834.1796875;0;0;0;;1;303140;m2;198198;0;
..\..\world\generic\human\passivedoodads\crates\stormwindcrate01.m2;21530.8125;10.390037536621094;20924.1640625;0;251.2869873046875;0;;1;303773;m2;198168;0;
..\..\world\generic\human\passivedoodads\firewood\firewoodpile03.m2;21542.71484375;26.614612579345703;20824.904296875;0;0;0;;1;303931;m2;198198;0;
..\..\world\generic\human\passivedoodads\firewood\firewoodpile03.m2;21541.421875;26.711963653564453;20823.482421875;0;0;0;;1;303935;m2;198198;0;
..\..\world\generic\human\passivedoodads\firewood\firewoodpile03.m2;21667.734375;8.510101318359375;20801.634765625;0;0;0;;1;304643;m2;198198;0;
..\..\world\generic\human\passivedoodads\crates\stormwindcrate01.m2;21516.73828125;26.589813232421875;20852.89453125;0;0;0;;1.2392578125;303919;m2;198168;0;
..\..\world\generic\passivedoodads\furniture\containers\barrel02.m2;21563.25390625;11.325955390930176;20892.068359375;0;322;0;;1.25;302922;m2;199737;0;
..\..\world\generic\human\passivedoodads\footlockers\duskwoodfootlocker01.m2;21633.09765625;9.654279708862305;20807.888671875;0;295.5;0;;1.0791015625;304990;m2;198238;0;
..\..\world\azeroth\elwynn\passivedoodads\haystacks\haystack01.m2;21566.3671875;13.428067207336426;20840.84375;0;272.5;0;;1.109375;303826;m2;189810;0;
..\..\world\generic\human\passivedoodads\crates\stormwindcrate01.m2;21643.61328125;8.404544830322266;20906.638671875;0;353;0;;1.109375;302981;m2;198168;0;
..\..\world\generic\human\passivedoodads\crates\stormwindcrate01.m2;21609.224609375;11.133337020874023;20966.224609375;0;314;0;;0.8994140625;304042;m2;198168;0;
..\..\world\generic\human\passivedoodads\crates\stormwindcrate01.m2;21474.734375;10.396069526672363;20916.849609375;0;195.9801025390625;0;;1;303361;m2;198168;0;
..\..\world\azeroth\elwynn\passivedoodads\haystacks\haystack01.m2;21469.52734375;10.67686653137207;20931.984375;0;213.54896545410156;0;;1;303368;m2;189810;0;
..\..\world\azeroth\elwynn\passivedoodads\haystacks\haystack01.m2;21470.228515625;9.961008071899414;20931.794921875;0;160.8834228515625;0;;1;303367;m2;189810;0;
..\..\world\azeroth\elwynn\passivedoodads\shovel\shovel.m2;21645.513671875;8.29134750366211;20889.396484375;7.000001907348633;221;-11.5;;1;302987;m2;189854;0;
..\..\world\azeroth\elwynn\passivedoodads\haystacks\haystack01.m2;21461.513671875;10.738064765930176;20918.45703125;0;341.5;0;;1;314804;m2;189810;0;
..\..\world\generic\human\passivedoodads\beerkegs\beerkeg01.m2;21579.23828125;9.639348030090332;20916.265625;0;174.5;0;;1;303637;m2;198004;0;
..\..\world\generic\human\passivedoodads\firewood\firewoodpile03.m2;21637.39453125;9.08733081817627;20890.1796875;-15.000000953674316;243.5;-25.499998092651367;;0.669921875;303007;m2;198198;0;
..\..\world\generic\passivedoodads\crate01\crate01.m2;21580.568359375;9.44650936126709;20921.03515625;0;83.6195068359375;0;;1;303692;m2;199632;0;
..\..\world\azeroth\elwynn\passivedoodads\shovel\shovel.m2;21514.94140625;10.953972816467285;20934.576171875;3;28.1126708984375;-20.500001907348633;;1;303793;m2;189854;0;
..\..\world\azeroth\elwynn\passivedoodads\haystacks\haystack01.m2;21469.359375;10.069204330444336;20930.421875;0;218.11822509765625;0;;1;303371;m2;189810;0;
..\..\world\generic\human\passivedoodads\firewood\firewoodpile03.m2;21581.91015625;8.747690200805664;20985.33984375;0;102.5;0;;0.8095703125;304064;m2;198198;0;
..\..\world\azeroth\elwynn\passivedoodads\haystacks\haystack01.m2;21470.572265625;10.64754581451416;20932.640625;0;103.6282730102539;0;;1;303369;m2;189810;0;
..\..\world\generic\human\passivedoodads\crates\stormwindcrate01.m2;21531.8984375;10.921735763549805;20907.76953125;0;0;0;;1.189453125;303408;m2;198168;0;
..\..\world\azeroth\elwynn\passivedoodads\haystacks\haystack01.m2;21567.572265625;13.16235065460205;20839.419921875;0;319;0;;1;303825;m2;189810;0;
..\..\world\azeroth\westfall\passivedoodads\barrel\westfallbarrel01.m2;21550.4609375;14.010588645935059;20850.603515625;0;45.111236572265625;0;;1.19921875;303794;m2;190535;0;
..\..\world\generic\dwarf\passivedoodads\gunracks\gunrack01b.m2;21519.962890625;14.458574295043945;20868.189453125;0;311;0;;1;303833;m2;197399;0;
..\..\world\azeroth\elwynn\passivedoodads\shovel\shovel.m2;21633.15625;9.347052574157715;20812.099609375;15.000000953674316;187.5;-2.500000476837158;;1;302957;m2;189854;0;
..\..\world\azeroth\elwynn\passivedoodads\haystacks\haystack01.m2;21469.150390625;9.99401569366455;20932.435546875;0;135.17361450195312;0;;1;303366;m2;189810;0;
..\..\world\generic\passivedoodads\crate02\crate02.m2;21637.685546875;8.782798767089844;20883.48828125;3.500000476837158;0;-1.5000001192092896;;1;303592;m2;199634;0;
..\..\world\generic\dwarf\passivedoodads\gunracks\gunrack01b.m2;21625.546875;10.167076110839844;20866.521484375;0;314.8809814453125;0;;1;303621;m2;197399;0;
..\..\world\generic\dwarf\passivedoodads\gunracks\gunrack01b.m2;21624.31640625;10.176176071166992;20865.25390625;0;313.337890625;0;;1;303622;m2;197399;0;
..\..\world\generic\dwarf\passivedoodads\gunracks\gunrack01b.m2;21548.98046875;10.544382095336914;20912.9140625;0;224.45523071289062;0;;1;303770;m2;197399;0;
..\..\world\azeroth\westfall\passivedoodads\barrel\westfallbarrel01.m2;21551.546875;14.050360679626465;20850.498046875;5.500003814697266;67.53228759765625;-69;;1;303795;m2;190535;0;
..\..\world\generic\passivedoodads\crate02\crate02.m2;21644.81640625;8.412508010864258;20889.9921875;0;0;-0.5;;1;302983;m2;199634;0;
..\..\world\generic\passivedoodads\crate02\crate02.m2;21581.478515625;9.936872482299805;20907.646484375;1;0;-0.5;;1;303642;m2;199634;0;
..\..\world\azeroth\elwynn\passivedoodads\haystacks\haystack01.m2;21470.47265625;9.89473819732666;20933.3203125;0;187.63705444335938;0;;1;303365;m2;189810;0;
..\..\world\generic\passivedoodads\furniture\containers\barrel02.m2;21621.943359375;8.859082221984863;20938.55078125;0;0;0;;1.5390625;303656;m2;199737;0;
..\..\world\generic\passivedoodads\crate02\crate02.m2;21645.51953125;8.398402214050293;20888.580078125;0;0;0;;1;302985;m2;199634;0;
..\..\world\generic\human\passivedoodads\crates\stormwindcrate01.m2;21515.37890625;26.837631225585938;20851.6328125;0;328.5;0;;0.859375;303920;m2;198168;0;
..\..\world\generic\passivedoodads\lights\torch.m2;21622.380859375;11.489274024963379;20842.779296875;0;186;0;;1;302940;m2;199823;0;
..\..\world\generic\passivedoodads\lights\torch.m2;21636.03515625;11.462225914001465;20810.291015625;0;2;0;;1;302958;m2;199823;0;
..\..\world\generic\passivedoodads\lights\torch.m2;21649.2109375;11.162006378173828;20892.12890625;0;272;0;;1;302989;m2;199823;0;
..\..\world\generic\passivedoodads\lights\torch.m2;21667.36328125;10.989057540893555;20897.72265625;0;56;0;;1;303585;m2;199823;0;
..\..\world\generic\passivedoodads\lights\torch.m2;21599.7421875;10.848251342773438;20937.56640625;0;177;0;;1;303586;m2;199823;0;
..\..\world\generic\passivedoodads\lights\torch.m2;21605.375;11.954729080200195;20955.3359375;0;31;0;;1;303587;m2;199823;0;
..\..\world\azeroth\elwynn\passivedoodads\haystacks\haystack01.m2;21469.978515625;11.371058464050293;20932.42578125;0;352.6857604980469;0;;1;303370;m2;189810;0;
..\..\world\generic\human\passivedoodads\crates\stormwindcrate01.m2;21542.443359375;27.055849075317383;20834.919921875;0;0;0;;1.1494140625;303942;m2;198168;0;
..\..\world\azeroth\elwynn\passivedoodads\haystacks\haystack01.m2;21566.52734375;13.32167911529541;20838.59765625;-4;0;-6.500000476837158;;1;303827;m2;189810;0;
..\..\world\generic\human\passivedoodads\footlockers\duskwoodfootlocker01.m2;21625.84375;8.534810066223145;20942.322265625;0;299.6383056640625;0;;1;303702;m2;198238;0;
..\..\world\azeroth\elwynn\passivedoodads\haystacks\haystack01.m2;21461.732421875;10.09343433380127;20916.94140625;0;95;0;;1;314805;m2;189810;0;
..\..\world\generic\human\passivedoodads\chairs\generalchairloend01.m2;21578.4375;9.675496101379395;20914.068359375;0;159;0;;1;303636;m2;198115;0;
..\..\world\generic\human\passivedoodads\crates\stormwindcrate01.m2;21476.509765625;26.419492721557617;20828.65625;0;0;0;;1.1298828125;303915;m2;198168;0;
..\..\world\azeroth\westfall\passivedoodads\barrel\westfallbarrel01.m2;21515.9375;11.218572616577148;20933.515625;0;118.72189331054688;0;;1.1591796875;303790;m2;190535;0;
..\..\world\generic\human\passivedoodads\footlockers\duskwoodfootlocker01.m2;21611.818359375;9.187939643859863;20963.435546875;0;12.5;0;;1;304051;m2;198238;0;
..\..\world\generic\human\passivedoodads\footlockers\duskwoodfootlocker01.m2;21595.076171875;9.051029205322266;20921.99609375;0;126.2580337524414;0;;1;303699;m2;198238;0;
..\..\world\generic\human\passivedoodads\footlockers\duskwoodfootlocker01.m2;21632.962890625;8.780808448791504;20886.662109375;0;52.5491943359375;0;;1;303613;m2;198238;0;
..\..\world\generic\human\passivedoodads\crates\stormwindcrate01.m2;21620.30078125;9.705899238586426;20867.89453125;0;277.0177001953125;0;;1;303624;m2;198168;0;
..\..\world\generic\human\passivedoodads\weapons&armor\humansword01.m2;21623.31640625;10.190256118774414;20875.912109375;-2.5000038146972656;298.8372497558594;81.99999237060547;;1;303616;m2;198656;0;
..\..\world\generic\human\passivedoodads\weapons&armor\humanbow01.m2;21683.193359375;8.73717975616455;20813.404296875;-4.500003814697266;332.5;88.5;;1;304634;m2;198646;0;
..\..\world\generic\human\passivedoodads\ropes\cavekoboldropecoil.m2;21474.787109375;11.638157844543457;20916.84375;0;259.6807861328125;0;;1;303362;m2;198422;0;
..\..\world\generic\human\passivedoodads\crates\stormwindcrate01.m2;21518.359375;12.329497337341309;20894.4921875;0;276.0399169921875;0;;1;303762;m2;198168;0;
..\..\world\generic\human\passivedoodads\footlockers\duskwoodfootlocker01.m2;21527.630859375;26.599496841430664;20850.6484375;0;228.5;0;;1;303928;m2;198238;0;
..\..\world\azeroth\elwynn\passivedoodads\haystacks\haystack01.m2;21461.5625;10.037015914916992;20918.423828125;0;0;0;;1;314803;m2;189810;0;
..\..\world\generic\human\passivedoodads\footlockers\duskwoodfootlocker01.m2;21543.328125;26.59471893310547;20826.376953125;0;275;0;;1;303930;m2;198238;0;
..\..\world\generic\human\passivedoodads\footlockers\duskwoodfootlocker01.m2;21587.87890625;10.53685188293457;20916.509765625;0;222.5;0;;1;314797;m2;198238;0;
..\..\world\generic\human\passivedoodads\crates\stormwindcrate01.m2;21392.5859375;9.856115341186523;20833.4921875;0;354.5;0;;1;303092;m2;198168;0;
..\..\world\generic\human\passivedoodads\weapons&armor\humanbow01.m2;21625.6640625;10.163809776306152;20873.83203125;1.0000007152557373;302.60687255859375;88.50000762939453;;1;303619;m2;198646;0;
..\..\world\generic\human\passivedoodads\crates\stormwindcrate01.m2;21652.65234375;10.118213653564453;20806.6171875;0;24.5;0;;0.8291015625;302969;m2;198168;0;
..\..\world\generic\human\passivedoodads\firewood\firewoodpile03.m2;21630.62109375;8.761377334594727;20935.208984375;-17;232.1750946044922;-22.000001907348633;;0.5791015625;303667;m2;198198;0;
..\..\world\azeroth\westfall\passivedoodads\barrel\westfallbarrel01.m2;21624.296875;10.612918853759766;20827.1484375;5.999998092651367;86.5;-63;;1;302943;m2;190535;0;
..\..\world\generic\human\passivedoodads\footlockers\duskwoodfootlocker01.m2;21566.29296875;11.406503677368164;20885.783203125;0;359;0;;1;302900;m2;198238;0;
..\..\world\generic\human\passivedoodads\lanterns\generallantern01.m2;21605.76953125;10.573776245117188;20825.244140625;0;0;0;;1;302941;m2;198327;0;
..\..\world\generic\human\passivedoodads\lanterns\generallantern01.m2;21592.25390625;9.31874942779541;20917.193359375;0;357.70123291015625;0;;1;303695;m2;198327;0;
..\..\world\generic\human\passivedoodads\weapons&armor\humanbow01.m2;21604.3359375;12.583054542541504;20843.798828125;-3.5;0;-88.5;;1;302949;m2;198646;0;
..\..\world\generic\human\passivedoodads\weapons&armor\humanbow01.m2;21616.037109375;11.4118013381958;20843.28515625;1.0000001192092896;0;-87.00000762939453;;1;302948;m2;198646;0;
..\..\world\generic\human\passivedoodads\crates\stormwindcrate01.m2;21508.681640625;10.922171592712402;20915.46484375;0;338.8616638183594;0;;0.7998046875;303766;m2;198168;0;
..\..\world\generic\human\passivedoodads\chairs\generalchairloend01.m2;21583.078125;8.388805389404297;20992.025390625;0;175;0;;1;304922;m2;198115;0;
..\..\world\generic\passivedoodads\furniture\containers\barrel02.m2;21637.1328125;8.919936180114746;20881.041015625;0;0;0;;1.33984375;303588;m2;199737;0;
..\..\world\generic\passivedoodads\furniture\containers\barrel02.m2;21608.169921875;9.13814640045166;20964.16015625;0;0;0;;1.33984375;304059;m2;199737;0;
..\..\world\generic\human\passivedoodads\crates\stormwindcrate01.m2;21594.46875;10.981230735778809;20857.8359375;0;0;0;;1;302974;m2;198168;0;
..\..\world\generic\human\passivedoodads\crates\stormwindcrate01.m2;21601.67578125;10.588208198547363;20860.859375;0;0;0;;1;302978;m2;198168;0;
..\..\world\generic\human\passivedoodads\crates\stormwindcrate01.m2;21459.15234375;10.88045883178711;20903.1875;0;0;0;;1;303355;m2;198168;0;
..\..\world\generic\human\passivedoodads\crates\stormwindcrate01.m2;21552.212890625;10.689440727233887;20904.794921875;0;0;0;;1;303415;m2;198168;0;
..\..\world\generic\human\passivedoodads\crates\stormwindcrate01.m2;21540.146484375;26.576425552368164;20808.37109375;0;0;0;;1;303949;m2;198168;0;
..\..\world\generic\human\passivedoodads\crates\stormwindcrate01.m2;21606.40625;8.795055389404297;20968.09765625;0;0;0;;1;304050;m2;198168;0;
..\..\world\generic\passivedoodads\furniture\containers\barrel02.m2;21372.912109375;9.093693733215332;20836.544921875;0;357.5;0;;1.279296875;303126;m2;199737;0;
..\..\world\generic\passivedoodads\furniture\containers\barrel02.m2;21647.89453125;8.379640579223633;20889.638671875;0;0;0;;1.3193359375;302990;m2;199737;0;
..\..\world\generic\passivedoodads\furniture\containers\barrel02.m2;21687.31640625;8.155324935913086;20880.42578125;0;0;0;;1.3193359375;304078;m2;199737;0;
..\..\world\kalimdor\dustwallow\passivedoodads\walls\dustwallowwallpost.m2;21442.078125;12.335686683654785;20889.20703125;-2;139;12.000000953674316;;1;304599;m2;201844;0;
..\..\world\generic\passivedoodads\furniture\containers\barrel02.m2;21433.498046875;15.00507640838623;20845.958984375;0;253.63812255859375;0;;1.08984375;303422;m2;199737;0;
..\..\world\azeroth\westfall\passivedoodads\barrel\westfallbarrel01.m2;21551.65625;13.889924049377441;20851.033203125;0;148.84732055664062;0;;1;303796;m2;190535;0;
..\..\world\kalimdor\dustwallow\passivedoodads\walls\dustwallowwallpost.m2;21440.130859375;12.807827949523926;20887.48828125;-0.9999998807907104;320;-10.000000953674316;;1;304601;m2;201844;0;
..\..\world\generic\passivedoodads\furniture\containers\barrel02.m2;21594.28515625;8.822121620178223;20928.01171875;0;330.5118408203125;0;;1;303680;m2;199737;0;
..\..\world\generic\human\passivedoodads\weapons&armor\humanarrow.m2;21600.93359375;11.710129737854004;20838.69140625;0;0;-6.499999523162842;;1;302953;m2;198642;0;
..\..\world\generic\human\passivedoodads\weapons&armor\humanarrow.m2;21601.00390625;11.747113227844238;20838.466796875;0;0;0;;1;302952;m2;198642;0;
..\..\world\generic\human\passivedoodads\weapons&armor\humanarrow.m2;21681.91015625;9.015893936157227;20814.314453125;0;0;0;;1;304633;m2;198642;0;
..\..\world\generic\passivedoodads\furniture\containers\barrel02.m2;21488.390625;13.087994575500488;20864.962890625;0;243.20077514648438;0;;1;303783;m2;199737;0;
..\..\world\generic\human\passivedoodads\weapons&armor\humanarrow.m2;21600.61328125;11.802846908569336;20838.765625;-1.5;0;12.499999046325684;;1;302955;m2;198642;0;
..\..\world\azeroth\westfall\passivedoodads\barrel\westfallbarrel01.m2;21575.671875;9.916436195373535;20910.525390625;0;0;0;;1.279296875;303638;m2;190535;0;
..\..\world\generic\human\passivedoodads\crates\stormwindcrate01.m2;21460.34765625;10.8167085647583;20902.283203125;0;42.5;0;;0.69921875;303356;m2;198168;0;
..\..\world\generic\human\passivedoodads\ropes\cavekoboldropecoil.m2;21643.55078125;8.44156551361084;20886.99609375;0;0;0;;1;303008;m2;198422;0;
..\..\world\generic\human\passivedoodads\ropes\cavekoboldropecoil.m2;21537.78125;26.579347610473633;20839.5703125;0;0;0;;1;303965;m2;198422;0;
..\..\world\generic\passivedoodads\furniture\containers\barrel02.m2;21637.244140625;8.858888626098633;20882.20703125;0;0;0;;1.26953125;303589;m2;199737;0;
..\..\world\generic\passivedoodads\furniture\containers\barrel02.m2;21641.662109375;8.530818939208984;20918.509765625;0;0;0;;1.259765625;303582;m2;199737;0;
..\..\world\generic\passivedoodads\furniture\containers\barrel02.m2;21640.91015625;8.49093246459961;20917.677734375;0;0;0;;1.259765625;303583;m2;199737;0;
..\..\world\azeroth\westfall\passivedoodads\barrel\westfallbarrel01.m2;21599.1171875;8.965588569641113;20924.16015625;0;246.66156005859375;0;;1;303690;m2;190535;0;
..\..\world\generic\passivedoodads\furniture\containers\barrel02.m2;21593.984375;8.855406761169434;20928.912109375;0;201.5173797607422;0;;1;303678;m2;199737;0;
..\..\world\generic\passivedoodads\lights\candle01.m2;21584.00390625;10.557653427124023;20914.8125;0;0;0;;1.369140625;314799;m2;199806;0;
..\..\world\generic\human\passivedoodads\crates\stormwindcrate01.m2;21530.744140625;10.381400108337402;20925.623046875;0;236.4989013671875;0;;0.689453125;303775;m2;198168;0;
..\..\world\generic\passivedoodads\furniture\containers\barrel02.m2;21665.255859375;8.750099182128906;20801.103515625;0;0;0;;1.2392578125;304646;m2;199737;0;
..\..\world\generic\human\passivedoodads\crates\stormwindcrate01.m2;21518.32421875;26.86679458618164;20852.76171875;0;50.5;0;;0.6796875;303921;m2;198168;0;
..\..\world\generic\human\passivedoodads\weapons&armor\humanarrow.m2;21601.28125;11.639957427978516;20838.537109375;-7.500000476837158;0;-22.500001907348633;;1;302954;m2;198642;0;
..\..\world\generic\passivedoodads\furniture\containers\barrel02.m2;21632.322265625;8.972651481628418;20877.134765625;0;0;0;;1.2294921875;303594;m2;199737;0;
..\..\world\kalimdor\dustwallow\passivedoodads\walls\dustwallowwallpost.m2;21462.40234375;11.268689155578613;20870.2421875;0;270;3.000000476837158;;1.0390625;303064;m2;201844;0;
..\..\world\azeroth\westfall\passivedoodads\barrel\westfallbarrel01.m2;21515.744140625;11.08531665802002;20934.50390625;0;251.8143310546875;0;;1;303791;m2;190535;0;
..\..\world\generic\human\passivedoodads\crates\stormwindcrate01.m2;21531.828125;9.81803035736084;21019.19140625;0;40;0;;0.669921875;304931;m2;198168;0;
..\..\world\generic\human\passivedoodads\crates\stormwindcrate01.m2;21586.59375;10.537492752075195;20918.08984375;0;316;0;;0.669921875;314790;m2;198168;0;
..\..\world\azeroth\westfall\passivedoodads\barrel\westfallbarrel01.m2;21620.3359375;9.478832244873047;20902.771484375;10;0;-85;;1;303982;m2;190535;0;
..\..\world\generic\passivedoodads\furniture\containers\sack01.m2;21581.5859375;9.9330415725708;20906.044921875;5.499999046325684;37.72821044921875;-14;;1;303645;m2;199745;0;
..\..\world\generic\passivedoodads\furniture\containers\sack01.m2;21621.03515625;8.847744941711426;20936.0078125;-7.999999046325684;327.3673400878906;-4.499999523162842;;1;303664;m2;199745;0;
..\..\world\kalimdor\dustwallow\passivedoodads\walls\dustwallowwallpost.m2;21438.296875;13.16795539855957;20885.853515625;-0.5;312;-4.500000476837158;;1;304603;m2;201844;0;
..\..\world\generic\passivedoodads\furniture\containers\barrel02.m2;21625.83203125;9.73705768585205;20840.712890625;0;0;0;;1.2099609375;302937;m2;199737;0;
..\..\world\generic\passivedoodads\furniture\containers\barrel02.m2;21624.80859375;9.783504486083984;20840.384765625;0;286.5;0;;1;302939;m2;199737;0;
..\..\world\generic\passivedoodads\furniture\containers\barrel02.m2;21621.00390625;9.037683486938477;20937.45703125;0;0;0;;1.19921875;303657;m2;199737;0;
..\..\world\generic\passivedoodads\furniture\containers\barrel02.m2;21519.51953125;26.927474975585938;20853.4375;0;0;0;;1.19921875;303970;m2;199737;0;
..\..\world\generic\passivedoodads\furniture\containers\sack01.m2;21490.171875;13.365043640136719;20864.83203125;-4.500000476837158;55.44970703125;6.000000476837158;;1;303785;m2;199745;0;
..\..\world\generic\passivedoodads\furniture\containers\sack01.m2;21786.73828125;-15.384552001953125;20948.11328125;3.500000238418579;305;-0.9999998807907104;;1;304196;m2;199745;0;
..\..\world\generic\passivedoodads\furniture\containers\sack01.m2;21623.869140625;8.649792671203613;20912.517578125;11.000000953674316;45.5;-4.000000476837158;;1;303985;m2;199745;0;
..\..\world\generic\passivedoodads\furniture\containers\sack01.m2;21594.11328125;8.912064552307129;20927.123046875;-2.5;310.29632568359375;-5.5;;1;303684;m2;199745;0;
..\..\world\kalimdor\dustwallow\passivedoodads\walls\dustwallowwallpost.m2;21462.3359375;11.481375694274902;20872.837890625;0;89;-3.499999761581421;;1;303062;m2;201844;0;
..\..\world\generic\passivedoodads\furniture\containers\sack01.m2;21373.6796875;9.205782890319824;20835.19140625;0;325;0;;1;303129;m2;199745;0;
..\..\world\generic\passivedoodads\furniture\containers\sack01.m2;21666.734375;8.756543159484863;20800.072265625;0;324.5;0;;1;304649;m2;199745;0;
..\..\world\generic\passivedoodads\furniture\containers\sack01.m2;21563.669921875;11.368757247924805;20890.0859375;0;36.5;0;;1;302919;m2;199745;0;
..\..\world\generic\passivedoodads\furniture\containers\sack01.m2;21641.91015625;8.519510269165039;20886.591796875;0;31;0;;1;302993;m2;199745;0;
..\..\world\generic\passivedoodads\furniture\containers\sack01.m2;21374.203125;9.254859924316406;20836.580078125;0;320.5;0;;1;303132;m2;199745;0;
..\..\world\generic\passivedoodads\furniture\containers\sack01.m2;21595.25390625;8.85566234588623;20927.962890625;0;308.81829833984375;0;;1;303682;m2;199745;0;
..\..\world\generic\human\passivedoodads\crates\stormwindcrate01.m2;21506.83203125;10.781822204589844;20914.51953125;0;345.51959228515625;0;;0.7392578125;303767;m2;198168;0;
..\..\world\generic\passivedoodads\furniture\containers\sack01.m2;21641.26953125;8.532750129699707;20886.673828125;0;310.5;0;;1;302995;m2;199745;0;
..\..\world\generic\passivedoodads\furniture\containers\sack01.m2;21631.91015625;9.144246101379395;20878.20703125;0;207.94456481933594;0;;1;303596;m2;199745;0;
..\..\world\generic\passivedoodads\furniture\containers\sack01.m2;21620.67578125;8.995357513427734;20936.42578125;0;131.37554931640625;0;;1;303662;m2;199745;0;
..\..\world\generic\passivedoodads\furniture\containers\sack01.m2;21632.43359375;9.1239013671875;20878.240234375;0;242.61846923828125;0;;1;303595;m2;199745;0;
..\..\world\generic\passivedoodads\furniture\containers\sack01.m2;21620.58984375;9.257708549499512;20936.376953125;0;206.85455322265625;0;;1;303663;m2;199745;0;
..\..\world\generic\passivedoodads\furniture\containers\sack01.m2;21623.55078125;8.68278980255127;20912.12109375;0;42;0;;1;303986;m2;199745;0;
..\..\world\generic\passivedoodads\furniture\containers\barrel02.m2;21519.1875;26.86313247680664;20852.25390625;0;346;0;;1;303971;m2;199737;0;
..\..\world\generic\passivedoodads\furniture\containers\sack01.m2;21595.263671875;9.098514556884766;20928.09765625;0;243.9478759765625;0;;1;303683;m2;199745;0;
..\..\world\generic\passivedoodads\furniture\containers\sack01.m2;21580.962890625;9.927872657775879;20906.064453125;0;45.5;0;;1;303644;m2;199745;0;
..\..\world\generic\passivedoodads\furniture\containers\sack01.m2;21374.0234375;9.4815034866333;20835.76953125;0;336.5;0;;1;303131;m2;199745;0;
..\..\world\generic\human\passivedoodads\weapons&armor\humanarrow.m2;21615.748046875;11.68986988067627;20843.125;-27.5;45;18;;1;302951;m2;198642;0;
..\..\world\generic\passivedoodads\furniture\containers\sack01.m2;21641.7421875;8.985976219177246;20886.33203125;0;291.5;0;;1;302998;m2;199745;0;
..\..\world\kalimdor\dustwallow\passivedoodads\walls\dustwallowwallpost.m2;21440.521484375;11.650898933410645;20826.14453125;0;42.5;0;;1;303069;m2;201844;0;
..\..\world\kalimdor\dustwallow\passivedoodads\walls\dustwallowwallpost.m2;21613.921875;9.140474319458008;20894.041015625;0;135;0;;1;304441;m2;201844;0;
..\..\world\kalimdor\dustwallow\passivedoodads\walls\dustwallowwallpost.m2;21612.134765625;9.08643913269043;20892.158203125;0;314;0;;1;304443;m2;201844;0;
..\..\world\kalimdor\dustwallow\passivedoodads\walls\dustwallowwallpost.m2;21610.33984375;9.082688331604004;20890.29296875;0;136;0;;1;304445;m2;201844;0;
..\..\world\kalimdor\dustwallow\passivedoodads\walls\dustwallowwallpost.m2;21608.666015625;9.012803077697754;20888.625;0;135;0;;1;304447;m2;201844;0;
..\..\world\kalimdor\dustwallow\passivedoodads\walls\dustwallowwallpost.m2;21606.87890625;8.99590015411377;20886.740234375;0;314;0;;1;304449;m2;201844;0;
..\..\world\kalimdor\dustwallow\passivedoodads\walls\dustwallowwallpost.m2;21605.984375;9.090777397155762;20902.05078125;0;135;0;;1;304452;m2;201844;0;
..\..\world\kalimdor\dustwallow\passivedoodads\walls\dustwallowwallpost.m2;21604.1953125;9.006438255310059;20900.169921875;0;314;0;;1;304454;m2;201844;0;
..\..\world\kalimdor\dustwallow\passivedoodads\walls\dustwallowwallpost.m2;21602.40234375;9.001193046569824;20898.3046875;0;136;0;;1;304456;m2;201844;0;
..\..\world\kalimdor\dustwallow\passivedoodads\walls\dustwallowwallpost.m2;21600.728515625;9.001542091369629;20896.634765625;0;135;0;;1;304458;m2;201844;0;
..\..\world\kalimdor\dustwallow\passivedoodads\walls\dustwallowwallpost.m2;21598.9375;8.99590015411377;20894.751953125;0;314;0;;1;304460;m2;201844;0;
..\..\world\kalimdor\dustwallow\passivedoodads\walls\dustwallowwallpost.m2;21586.669921875;10.662858009338379;20865.14453125;0;133.5;0;;1;304574;m2;201844;0;
..\..\world\kalimdor\dustwallow\passivedoodads\walls\dustwallowwallpost.m2;21442.482421875;11.203495979309082;20824.439453125;0;221.5;0;;1;303067;m2;201844;0;
..\..\world\kalimdor\dustwallow\passivedoodads\walls\dustwallowwallpost.m2;21494.15625;12.488466262817383;20885.23046875;0;228;0;;1;304380;m2;201844;0;
..\..\world\kalimdor\dustwallow\passivedoodads\walls\dustwallowwallpost.m2;21502.00390625;12.498254776000977;20885.677734375;0;138.5;0;;1;304389;m2;201844;0;
..\..\world\kalimdor\dustwallow\passivedoodads\walls\dustwallowwallpost.m2;21584.89453125;11.026453971862793;20863.24609375;0;314.5;0;;1;304572;m2;201844;0;
..\..\world\kalimdor\dustwallow\passivedoodads\walls\dustwallowwallpost.m2;21572.36328125;11.53447437286377;20857.1015625;0;219;0;;1;304579;m2;201844;0;
..\..\world\generic\human\passivedoodads\weapons&armor\humanarrow.m2;21427.375;15.23730182647705;20889.125;-15.000001907348633;245.99998474121094;70.50000762939453;;1;303105;m2;198642;0;
..\..\world\kalimdor\dustwallow\passivedoodads\walls\dustwallowwallpost.m2;21565.091796875;11.326624870300293;20882.2734375;0;0;0;;1;302908;m2;201844;0;
..\..\world\kalimdor\dustwallow\passivedoodads\walls\dustwallowwallpost.m2;21420.6484375;10.389342308044434;20808.87890625;0;358;0;;1;303012;m2;201844;0;
..\..\world\kalimdor\dustwallow\passivedoodads\walls\dustwallowwallpost.m2;21423.12890625;10.480696678161621;20820.23828125;0;182;0;;1;303014;m2;201844;0;
..\..\world\kalimdor\dustwallow\passivedoodads\walls\dustwallowwallpost.m2;21436.373046875;10.567133903503418;20815.26953125;0;30.5;0;;1;303017;m2;201844;0;
..\..\world\kalimdor\dustwallow\passivedoodads\walls\dustwallowwallpost.m2;21438.64453125;10.375027656555176;20814.0078125;0;209.5;0;;1;303020;m2;201844;0;
..\..\world\kalimdor\dustwallow\passivedoodads\walls\dustwallowwallpost.m2;21452.615234375;10.51147174835205;20817.548828125;0;298;0;;1;303038;m2;201844;0;
..\..\world\kalimdor\dustwallow\passivedoodads\walls\dustwallowwallpost.m2;21451.484375;10.539761543273926;20815.220703125;0;116;0;;1;303040;m2;201844;0;
..\..\world\kalimdor\dustwallow\passivedoodads\walls\dustwallowwallpost.m2;21450.365234375;10.543538093566895;20812.876953125;0;297;0;;1;303042;m2;201844;0;
..\..\world\kalimdor\dustwallow\passivedoodads\walls\dustwallowwallpost.m2;21465.875;10.3899507522583;20853.84375;0;101;0;;1;303045;m2;201844;0;
..\..\world\kalimdor\dustwallow\passivedoodads\walls\dustwallowwallpost.m2;21464.90625;10.549675941467285;20848.9765625;0;283;0;;1;303049;m2;201844;0;
..\..\world\kalimdor\dustwallow\passivedoodads\walls\dustwallowwallpost.m2;21464.416015625;10.628403663635254;20846.4375;0;101;0;;1;303051;m2;201844;0;
..\..\world\kalimdor\dustwallow\passivedoodads\walls\dustwallowwallpost.m2;21462.224609375;11.56057071685791;20880.38671875;0;89;0;;1;303056;m2;201844;0;
..\..\world\kalimdor\dustwallow\passivedoodads\walls\dustwallowwallpost.m2;21442.607421875;13.209256172180176;20837.376953125;0;61;0;;1;303074;m2;201844;0;
..\..\world\kalimdor\dustwallow\passivedoodads\walls\dustwallowwallpost.m2;21469.39453125;11.998028755187988;20876.53125;0;266;0;;1;304370;m2;201844;0;
..\..\world\kalimdor\dustwallow\passivedoodads\walls\dustwallowwallpost.m2;21471.36328125;12.054017066955566;20877.37890625;0;157.5;0;;1;304375;m2;201844;0;
..\..\world\kalimdor\dustwallow\passivedoodads\walls\dustwallowwallpost.m2;21491.978515625;12.535113334655762;20885.4140625;0;73.5;0;;1;304378;m2;201844;0;
..\..\world\kalimdor\dustwallow\passivedoodads\walls\dustwallowwallpost.m2;21495.1875;12.409905433654785;20887.11328125;0;119.5;0;;1;304382;m2;201844;0;
..\..\world\kalimdor\dustwallow\passivedoodads\walls\dustwallowwallpost.m2;21504.896484375;12.544865608215332;20883.48828125;0;184.5;0;;1;304385;m2;201844;0;
..\..\world\kalimdor\dustwallow\passivedoodads\walls\dustwallowwallpost.m2;21502.755859375;12.567654609680176;20883.626953125;0;293;0;;1;304387;m2;201844;0;
..\..\world\kalimdor\dustwallow\passivedoodads\walls\dustwallowwallpost.m2;21450.14453125;11.181891441345215;20831.693359375;0;60.5;0;;1;304396;m2;201844;0;
..\..\world\kalimdor\dustwallow\passivedoodads\walls\dustwallowwallpost.m2;21509.197265625;13.051589012145996;20873.7734375;0;179;0;;1;304401;m2;201844;0;
..\..\world\kalimdor\dustwallow\passivedoodads\walls\dustwallowwallpost.m2;21552.818359375;11.781392097473145;20866.919921875;0;26.5;0;;1;304410;m2;201844;0;
..\..\world\kalimdor\dustwallow\passivedoodads\walls\dustwallowwallpost.m2;21555.171875;11.604159355163574;20865.8203125;0;205.5;0;;1;304412;m2;201844;0;
..\..\world\kalimdor\dustwallow\passivedoodads\walls\dustwallowwallpost.m2;21559.47265625;11.31997013092041;20863.720703125;0;206.5;0;;1;304416;m2;201844;0;
..\..\world\kalimdor\dustwallow\passivedoodads\walls\dustwallowwallpost.m2;21539.255859375;12.431679725646973;20883.3515625;0;22;0;;1;304419;m2;201844;0;
..\..\world\kalimdor\dustwallow\passivedoodads\walls\dustwallowwallpost.m2;21541.6875;12.396985054016113;20882.44140625;0;201;0;;1;304421;m2;201844;0;
..\..\world\kalimdor\dustwallow\passivedoodads\walls\dustwallowwallpost.m2;21544.10546875;12.289702415466309;20881.517578125;0;23;0;;1;304423;m2;201844;0;
..\..\world\kalimdor\dustwallow\passivedoodads\walls\dustwallowwallpost.m2;21546.296875;12.263276100158691;20880.62890625;0;22;0;;1;304425;m2;201844;0;
..\..\world\kalimdor\dustwallow\passivedoodads\walls\dustwallowwallpost.m2;21548.728515625;12.245266914367676;20879.71875;0;201;0;;1;304427;m2;201844;0;
..\..\world\kalimdor\dustwallow\passivedoodads\walls\dustwallowwallpost.m2;21581.84375;11.83370304107666;20834.869140625;0;101.5;0;;1;304430;m2;201844;0;
..\..\world\kalimdor\dustwallow\passivedoodads\walls\dustwallowwallpost.m2;21581.390625;11.901991844177246;20832.3125;0;280.5;0;;1;304432;m2;201844;0;
..\..\world\kalimdor\dustwallow\passivedoodads\walls\dustwallowwallpost.m2;21580.921875;12.0316801071167;20829.767578125;0;102.5;0;;1;304434;m2;201844;0;
..\..\world\kalimdor\dustwallow\passivedoodads\walls\dustwallowwallpost.m2;21580.44921875;12.084782600402832;20827.451171875;0;101.5;0;;1;304436;m2;201844;0;
..\..\world\kalimdor\dustwallow\passivedoodads\walls\dustwallowwallpost.m2;21568.181640625;11.410544395446777;20872.25390625;0;205.5;0;;1;304561;m2;201844;0;
..\..\world\kalimdor\dustwallow\passivedoodads\walls\dustwallowwallpost.m2;21583.75390625;11.218396186828613;20861.322265625;0;88;0;;1;304570;m2;201844;0;
..\..\world\kalimdor\dustwallow\passivedoodads\walls\dustwallowwallpost.m2;21573.33203125;12.010390281677246;20852.392578125;0;264.5;0;;1;304583;m2;201844;0;
..\..\world\kalimdor\dustwallow\passivedoodads\walls\dustwallowwallpost.m2;21435.037109375;10.389947891235352;20801.40625;0;116;0;;1;302200;m2;201844;0;
..\..\world\kalimdor\dustwallow\passivedoodads\walls\dustwallowwallpost.m2;21572.7109375;11.286737442016602;20882.029296875;0;0;0;;1;302909;m2;201844;0;
..\..\world\kalimdor\dustwallow\passivedoodads\walls\dustwallowwallpost.m2;21423.2421875;10.425687789916992;20809.03515625;0;177;0;;1;303010;m2;201844;0;
..\..\world\kalimdor\dustwallow\passivedoodads\walls\dustwallowwallpost.m2;21420.53125;10.448932647705078;20820.306640625;0;3;0;;1;303016;m2;201844;0;
..\..\world\kalimdor\dustwallow\passivedoodads\walls\dustwallowwallpost.m2;21454.8125;10.38113021850586;20821.99609375;0;116;0;;1;303034;m2;201844;0;
..\..\world\kalimdor\dustwallow\passivedoodads\walls\dustwallowwallpost.m2;21453.69140625;10.386434555053711;20819.65234375;0;297;0;;1;303036;m2;201844;0;
..\..\world\kalimdor\dustwallow\passivedoodads\walls\dustwallowwallpost.m2;21465.3984375;10.480722427368164;20851.287109375;0;282;0;;1;303047;m2;201844;0;
..\..\world\kalimdor\dustwallow\passivedoodads\walls\dustwallowwallpost.m2;21463.94140625;10.54893684387207;20843.880859375;0;282;0;;1;303053;m2;201844;0;
..\..\world\kalimdor\dustwallow\passivedoodads\walls\dustwallowwallpost.m2;21462.291015625;11.620447158813477;20877.787109375;0;270;0;;1;303058;m2;201844;0;
..\..\world\kalimdor\dustwallow\passivedoodads\walls\dustwallowwallpost.m2;21462.287109375;11.629215240478516;20875.42578125;0;271;0;;1;303060;m2;201844;0;
..\..\world\kalimdor\dustwallow\passivedoodads\walls\dustwallowwallpost.m2;21443.921875;12.560638427734375;20835.13671875;0;240;0;;1;303072;m2;201844;0;
..\..\world\kalimdor\dustwallow\passivedoodads\walls\dustwallowwallpost.m2;21469.412109375;12.060529708862305;20878.57421875;0;89;0;;1;304373;m2;201844;0;
..\..\world\kalimdor\dustwallow\passivedoodads\walls\dustwallowwallpost.m2;21452.888671875;10.985097885131836;20834.068359375;0;106.5;0;;1;304392;m2;201844;0;
..\..\world\kalimdor\dustwallow\passivedoodads\walls\dustwallowwallpost.m2;21452.310546875;10.928215026855469;20832.00390625;0;214.99998474121094;0;;1;304394;m2;201844;0;
..\..\world\kalimdor\dustwallow\passivedoodads\walls\dustwallowwallpost.m2;21506.599609375;13.031106948852539;20873.70703125;0;0;0;;1;304399;m2;201844;0;
..\..\world\kalimdor\dustwallow\passivedoodads\walls\dustwallowwallpost.m2;21511.78515625;12.980270385742188;20873.822265625;0;1;0;;1;304403;m2;201844;0;
..\..\world\kalimdor\dustwallow\passivedoodads\walls\dustwallowwallpost.m2;21514.146484375;12.974937438964844;20873.818359375;0;0;0;;1;304405;m2;201844;0;
..\..\world\kalimdor\dustwallow\passivedoodads\walls\dustwallowwallpost.m2;21516.744140625;12.771987915039062;20873.88671875;0;179;0;;1;304407;m2;201844;0;
..\..\world\kalimdor\dustwallow\passivedoodads\walls\dustwallowwallpost.m2;21557.509765625;11.394540786743164;20864.7109375;0;27.5;0;;1;304414;m2;201844;0;
..\..\world\kalimdor\dustwallow\passivedoodads\walls\dustwallowwallpost.m2;21579.99609375;12.173774719238281;20824.892578125;0;280.5;0;;1;304438;m2;201844;0;
..\..\world\kalimdor\dustwallow\passivedoodads\walls\dustwallowwallpost.m2;21563.2421875;13.015579223632812;20801.51171875;0;95.5;0;;1;304463;m2;201844;0;
..\..\world\kalimdor\dustwallow\passivedoodads\walls\dustwallowwallpost.m2;21565.11328125;11.591421127319336;20872.67578125;0;15.5;0;;1;304563;m2;201844;0;
..\..\world\kalimdor\dustwallow\passivedoodads\walls\dustwallowwallpost.m2;21583.91015625;11.113386154174805;20858.728515625;0;267;0;;1;304568;m2;201844;0;
..\..\world\kalimdor\dustwallow\passivedoodads\walls\dustwallowwallpost.m2;21570.30078125;11.533649444580078;20858.685546875;0;38;0;;1;304577;m2;201844;0;
..\..\world\kalimdor\dustwallow\passivedoodads\walls\dustwallowwallpost.m2;21573.0625;11.728572845458984;20854.974609375;0;85.5;0;;1;304581;m2;201844;0;
..\..\world\generic\passivedoodads\furniture\containers\barrel02.m2;21492.701171875;26.56325340270996;20849.384765625;0;350;0;;1;303969;m2;199737;0;
..\..\world\generic\passivedoodads\furniture\containers\sack01.m2;21490.185546875;13.55435562133789;20864.244140625;0;73.48995971679688;0;;1;303787;m2;199745;0;
..\..\world\generic\passivedoodads\furniture\containers\sack01.m2;21632.15625;9.33930492401123;20878.365234375;0;73.85235595703125;0;;1;303598;m2;199745;0;
..\..\world\generic\human\passivedoodads\crates\stormwindcrate01.m2;21507.91796875;11.656030654907227;20914.0546875;0;337.68609619140625;0;;0.6591796875;303768;m2;198168;0;
..\..\world\generic\human\passivedoodads\books\bookmediumopen01.m2;21615.87890625;11.412245750427246;20844.515625;0;309.5;0;;1;302947;m2;198029;0;
..\..\world\generic\human\passivedoodads\books\bookmediumopen01.m2;21583.974609375;10.558019638061523;20912.384765625;0;230.00001525878906;0;;1;314796;m2;198029;0;
..\..\world\generic\human\passivedoodads\weapons&armor\humanarrows.m2;21681.98828125;8.692307472229004;20813.376953125;0;342;0;;1;304632;m2;198643;0;
..\..\world\generic\human\passivedoodads\crates\stormwindcrate01.m2;21475.796875;26.620357513427734;20827.220703125;0;340.5;0;;0.6591796875;303916;m2;198168;0;
..\..\world\generic\passivedoodads\furniture\containers\sack01.m2;21490.25390625;13.444788932800293;20863.8125;7;11.5140380859375;3;;1;303784;m2;199745;0;
..\..\world\generic\passivedoodads\furniture\containers\barrel02.m2;21623.1171875;8.501479148864746;20913.03515625;0;0;0;;1.099609375;303988;m2;199737;0;
..\..\world\generic\passivedoodads\furniture\containers\sack01.m2;21489.84765625;13.39836597442627;20864.08984375;-5.000000476837158;168.5244140625;0.5000000596046448;;1;303786;m2;199745;0;
..\..\world\generic\passivedoodads\furniture\containers\barrel02.m2;21616.046875;9.198312759399414;20913.00390625;0;0;0;;1.08984375;303979;m2;199737;0;
..\..\world\generic\human\passivedoodads\crates\stormwindcrate01.m2;21463.78515625;11.125554084777832;20836.119140625;0;335.5;0;;0.6298828125;303029;m2;198168;0;
..\..\world\generic\passivedoodads\furniture\containers\sack02.m2;21603.58203125;8.719867706298828;20928.50390625;0;135.91064453125;0;;1.169921875;303686;m2;199746;0;
..\..\world\generic\passivedoodads\furniture\containers\barrel02.m2;21593.2890625;8.896756172180176;20928.205078125;0;91.26580810546875;0;;1.0595703125;303679;m2;199737;0;
..\..\world\generic\human\passivedoodads\crates\stormwindcrate01.m2;21531.599609375;12.401302337646484;20907.982421875;0;41;0;;0.58984375;303410;m2;198168;0;
..\..\world\generic\passivedoodads\furniture\containers\sack01.m2;21632.03125;9.125375747680664;20878.65625;0;8.866241455078125;0;;1;303597;m2;199745;0;
..\..\world\generic\passivedoodads\furniture\containers\barrel02.m2;21602.88671875;8.674816131591797;20929.67578125;0;354.97906494140625;0;;1;303687;m2;199737;0;
..\..\world\generic\passivedoodads\furniture\containers\barrel02.m2;21538.40625;26.808074951171875;20810.435546875;0;0;0;;1.0693359375;303977;m2;199737;0;
..\..\world\generic\human\passivedoodads\crates\stormwindcrate01.m2;21391.09765625;11.618199348449707;20833.4375;0;324;0;;0.58984375;303090;m2;198168;0;
..\..\world\generic\passivedoodads\furniture\containers\sack01.m2;21620.357421875;9.074043273925781;20936.884765625;0;98.47344970703125;0;;1;303660;m2;199745;0;
..\..\world\generic\human\passivedoodads\crates\stormwindcrate01.m2;21587.35546875;10.537595748901367;20915.416015625;0;46;0;;0.5791015625;314791;m2;198168;0;
..\..\world\generic\human\passivedoodads\weapons&armor\humanarrow.m2;21617.06640625;12.137648582458496;20824.578125;17;0;49.5;;1;302961;m2;198642;0;
..\..\world\generic\human\passivedoodads\crates\stormwindcrate01.m2;21619.9921875;9.61882495880127;20869.22265625;0;129.44961547851562;0;;0.5791015625;303626;m2;198168;0;
..\..\world\generic\human\passivedoodads\weapons&armor\humanarrow.m2;21516.6484375;14.830647468566895;20869.408203125;75.99998474121094;0;-49.499977111816406;;1;303832;m2;198642;0;
..\..\world\generic\passivedoodads\furniture\containers\sack01.m2;21620.5;8.99872875213623;20936.16796875;0;353.04541015625;0;;1;303661;m2;199745;0;
..\..\world\generic\human\passivedoodads\weapons&armor\humanarrow.m2;21516.6171875;15.83133602142334;20869.5625;61.999996185302734;0;-33;;1;303831;m2;198642;0;
..\..\world\generic\passivedoodads\furniture\containers\barrel02.m2;21526.357421875;26.58294105529785;20851.513671875;0;0;0;;1.0498046875;303972;m2;199737;0;
..\..\world\generic\human\passivedoodads\weapons&armor\humanhammer01.m2;21624.06640625;10.160676956176758;20875.1875;-0.9999921917915344;128.98193359375;89.5;;1;303617;m2;198648;0;
..\..\world\generic\passivedoodads\furniture\containers\barrel02.m2;21489.203125;13.123785972595215;20864.75;0;267.0857849121094;0;;1;303782;m2;199737;0;
..\..\world\generic\human\passivedoodads\crates\stormwindcrate01.m2;21464.419921875;12.174331665039062;20837.470703125;0;342.5;0;;0.6298828125;303028;m2;198168;0;
..\..\world\generic\human\passivedoodads\crates\stormwindcrate01.m2;21459.11328125;12.123761177062988;20903.158203125;0;326.5;0;;0.5693359375;303357;m2;198168;0;
..\..\world\generic\passivedoodads\furniture\containers\barrel02.m2;21432.46484375;14.976743698120117;20845.65625;0;198.1447296142578;0;;0.83984375;303423;m2;199737;0;
..\..\world\generic\human\passivedoodads\crates\stormwindcrate01.m2;21540.0546875;27.81951332092285;20808.171875;0;329;0;;0.5693359375;303950;m2;198168;0;
..\..\world\generic\human\passivedoodads\buckets\cavekoboldbucket.m2;21515.05859375;11.093374252319336;20933.8515625;0;315.1084899902344;0;;1;303792;m2;198069;0;
..\..\world\generic\passivedoodads\furniture\containers\sack01.m2;21563.427734375;11.350144386291504;20890.72265625;5;0;16.500001907348633;;1;302918;m2;199745;0;
..\..\world\generic\passivedoodads\furniture\containers\sack01.m2;21788.009765625;-15.43864917755127;20947.501953125;-10.5;0;-18.499998092651367;;1;304194;m2;199745;0;
..\..\world\generic\passivedoodads\furniture\containers\sack01.m2;21786.529296875;-15.181089401245117;20947.134765625;0.5;0;-12;;1;304195;m2;199745;0;
..\..\world\generic\passivedoodads\furniture\containers\sack01.m2;21564.0546875;11.473339080810547;20890.17578125;7;0;-18.999998092651367;;1;302920;m2;199745;0;
..\..\world\generic\passivedoodads\furniture\containers\sack01.m2;21641.34375;8.55910873413086;20886.125;-0.5;359;-4.5;;1;302992;m2;199745;0;
..\..\world\generic\passivedoodads\furniture\containers\sack01.m2;21620.990234375;8.95496940612793;20936.55078125;-8;0;-6.999999523162842;;1;303659;m2;199745;0;
..\..\world\generic\passivedoodads\furniture\containers\sack01.m2;21624.58984375;8.47795581817627;20912.330078125;-1.5;0;-6.999999523162842;;1;303987;m2;199745;0;
..\..\world\generic\passivedoodads\furniture\containers\barrel02.m2;21571.921875;11.390719413757324;20882.86328125;0;0;0;;1;302915;m2;199737;0;
..\..\world\generic\passivedoodads\furniture\containers\barrel02.m2;21564.013671875;11.341463088989258;20891.34765625;0;0;0;;1;302916;m2;199737;0;
..\..\world\generic\passivedoodads\furniture\containers\barrel02.m2;21625;9.740939140319824;20841.470703125;0;0;0;;1;302938;m2;199737;0;
..\..\world\generic\passivedoodads\furniture\containers\barrel02.m2;21648.4296875;8.39528751373291;20890.580078125;0;0;0;;1;302991;m2;199737;0;
..\..\world\generic\passivedoodads\furniture\containers\barrel02.m2;21373.841796875;9.19212818145752;20837.390625;0;0;0;;1;303127;m2;199737;0;
..\..\world\generic\passivedoodads\furniture\containers\barrel02.m2;21640.603515625;8.443814277648926;20918.677734375;0;0;0;;1;303584;m2;199737;0;
..\..\world\generic\passivedoodads\furniture\containers\barrel02.m2;21636.353515625;8.786935806274414;20881.736328125;0;0;0;;1;303590;m2;199737;0;
..\..\world\generic\passivedoodads\furniture\containers\barrel02.m2;21621.91015625;8.857945442199707;20937.1875;0;0;0;;1;303658;m2;199737;0;
..\..\world\generic\passivedoodads\furniture\containers\barrel02.m2;21542.107421875;26.667137145996094;20822.263671875;0;0;0;;1;303978;m2;199737;0;
..\..\world\generic\passivedoodads\furniture\containers\barrel02.m2;21615.357421875;9.248790740966797;20912.060546875;0;0;0;;1;303980;m2;199737;0;
..\..\world\generic\passivedoodads\furniture\containers\barrel02.m2;21615.14453125;9.014208793640137;20913.048828125;0;0;0;;1;303981;m2;199737;0;
..\..\world\generic\passivedoodads\furniture\containers\barrel02.m2;21609.43359375;9.187265396118164;20964.0625;0;0;0;;1;304060;m2;199737;0;
..\..\world\generic\passivedoodads\furniture\containers\barrel02.m2;21596.74609375;8.29736614227295;20975.267578125;0;0;0;;1;304061;m2;199737;0;
..\..\world\generic\passivedoodads\furniture\containers\barrel02.m2;21687.71875;8.01980972290039;20879.609375;0;0;0;;1;304079;m2;199737;0;
..\..\world\generic\passivedoodads\furniture\containers\barrel02.m2;21688.8125;8.386287689208984;20880.673828125;0;0;0;;1;304080;m2;199737;0;
..\..\world\generic\passivedoodads\furniture\containers\barrel02.m2;21665.509765625;8.759815216064453;20800.166015625;0;0;0;;1;304647;m2;199737;0;
..\..\world\azeroth\westfall\passivedoodads\barrel\westfallbarrel01.m2;21617.875;10.151840209960938;20822.58203125;0;0;0;;1;302942;m2;190535;0;
..\..\world\azeroth\westfall\passivedoodads\barrel\westfallbarrel01.m2;21645.76953125;8.409462928771973;20891.349609375;0;0;0;;1;302982;m2;190535;0;
..\..\world\azeroth\westfall\passivedoodads\barrel\westfallbarrel01.m2;21427.09375;14.296451568603516;20889.482421875;0;0;0;;1;303106;m2;190535;0;
..\..\world\azeroth\westfall\passivedoodads\barrel\westfallbarrel01.m2;21576.08984375;9.940622329711914;20909.5;0;0;0;;1;303639;m2;190535;0;
..\..\world\azeroth\westfall\passivedoodads\barrel\westfallbarrel01.m2;21576.990234375;9.867039680480957;20909.361328125;0;0;0;;1;303640;m2;190535;0;
..\..\world\azeroth\westfall\passivedoodads\barrel\westfallbarrel01.m2;21620.75;8.975894927978516;20902.005859375;0;0;0;;1;303983;m2;190535;0;
..\..\world\generic\human\passivedoodads\crates\stormwindcrate01.m2;21598.322265625;9.891058921813965;20972.61328125;0;0;0;;0.75;304049;m2;198168;0;
..\..\world\generic\passivedoodads\furniture\containers\sack01.m2;21641.607421875;8.76947021484375;20886.31640625;7.499999523162842;0;3;;1;302994;m2;199745;0;
..\..\world\generic\human\passivedoodads\weapons&armor\humanarrow.m2;21516.70703125;16.21331024169922;20869.603515625;61.50000762939453;358.5;-41.000003814697266;;1;303830;m2;198642;0;
..\..\world\generic\human\passivedoodads\crates\stormwindcrate01.m2;21651.16015625;8.687872886657715;20807.87890625;0;333;0;;0.5595703125;302968;m2;198168;0;
..\..\world\generic\human\passivedoodads\crates\stormwindcrate01.m2;21529.6875;10.52638053894043;20925.130859375;0;178.75299072265625;0;;0.7197265625;303774;m2;198168;0;
..\..\world\generic\passivedoodads\furniture\containers\sack01.m2;21564.009765625;11.353339195251465;20890.669921875;0;0;0;;1;302917;m2;199745;0;
..\..\world\generic\passivedoodads\furniture\containers\sack01.m2;21642.015625;8.490577697753906;20887.060546875;0;0;0;;1;302996;m2;199745;0;
..\..\world\generic\passivedoodads\furniture\containers\sack01.m2;21641.83203125;8.733909606933594;20886.83984375;0;0;0;;1;302997;m2;199745;0;
..\..\world\generic\passivedoodads\furniture\containers\sack01.m2;21424.724609375;14.380919456481934;20890.64453125;0;0;0;;1;303109;m2;199745;0;
..\..\world\generic\passivedoodads\furniture\containers\sack01.m2;21373.06640625;9.135321617126465;20835.677734375;0;0;0;;1;303128;m2;199745;0;
..\..\world\generic\passivedoodads\furniture\containers\sack01.m2;21374.193359375;9.259093284606934;20835.90625;0;0;0;;1;303130;m2;199745;0;
..\..\world\generic\passivedoodads\furniture\containers\sack01.m2;21581.30078125;9.908184051513672;20906.5078125;0;0;0;;1;303643;m2;199745;0;
..\..\world\generic\passivedoodads\furniture\containers\sack01.m2;21594.86328125;8.842179298400879;20928.642578125;0;179.9615478515625;0;;1;303681;m2;199745;0;
..\..\world\generic\passivedoodads\furniture\containers\sack01.m2;21624.12109375;8.717063903808594;20911.763671875;0;0;0;;1;303984;m2;199745;0;
..\..\world\generic\passivedoodads\furniture\containers\sack01.m2;21687.9375;8.40038013458252;20881.287109375;0;0;0;;1;304081;m2;199745;0;
..\..\world\generic\passivedoodads\furniture\containers\sack01.m2;21666.34375;8.73664665222168;20800.630859375;0;0;0;;1;304648;m2;199745;0;
..\..\world\generic\passivedoodads\furniture\containers\sack01.m2;21667.22265625;8.649124145507812;20800.67578125;0;0;0;;1;304650;m2;199745;0;
..\..\world\generic\passivedoodads\furniture\containers\sack01.m2;21683.96875;7.646737098693848;20827.85546875;0;0;0;;1;304651;m2;199745;0;
..\..\world\generic\human\passivedoodads\books\bookmediumopen01.m2;21629.953125;10.084890365600586;20882.41796875;0;95.19009399414062;0;;1;303612;m2;198029;0;
..\..\world\azeroth\elwynn\passivedoodads\jugs\jug02.m2;21496.5546875;27.330717086791992;20849.455078125;8.500001907348633;144.5;-78.49999237060547;;1;303967;m2;189821;0;
..\..\world\generic\passivedoodads\furniture\containers\sack02.m2;21602.75390625;8.717473983764648;20928.74609375;0;216.45924377441406;0;;1;303685;m2;199746;0;
..\..\world\generic\passivedoodads\furniture\containers\sack02.m2;21563.1796875;11.33946704864502;20891.255859375;0;37.5;0;;1;302921;m2;199746;0;
..\..\world\generic\human\passivedoodads\buckets\cavekoboldbucket.m2;21552.3984375;14.05703067779541;20850.294921875;0;200.001220703125;0;;1;303797;m2;198069;0;
..\..\world\generic\passivedoodads\furniture\containers\sack02.m2;21643.59765625;8.422533988952637;20889.876953125;0;330;0;;1;303000;m2;199746;0;
..\..\world\generic\human\passivedoodads\crates\stormwindcrate01.m2;21592.888671875;11.063142776489258;20857.12890625;0;347.5;0;;0.5791015625;302976;m2;198168;0;
..\..\world\generic\passivedoodads\lights\candle01.m2;21583.23046875;9.640192985534668;20989.3828125;0;339;0;;1;304073;m2;199806;0;
..\..\world\generic\passivedoodads\lights\candle01.m2;21583.640625;10.5570068359375;20915.09765625;0;0;0;;1;314800;m2;199806;0;
..\..\world\generic\human\passivedoodads\deadminepowderkeg\deadminepowderkeg.m2;21596.80078125;44.5556640625;20942.38671875;0;0;0;;1.5;317279;m2;198173;0;
..\..\world\generic\human\passivedoodads\deadminepowderkeg\deadminepowderkeg.m2;21597.748046875;44.55580520629883;20942.203125;0;0;0;;1.5;317280;m2;198173;0;
..\..\world\generic\human\passivedoodads\deadminepowderkeg\deadminepowderkeg.m2;21664.703125;43.8869514465332;20888.6953125;0;0;0;;1.5;317281;m2;198173;0;
..\..\world\generic\human\passivedoodads\deadminepowderkeg\deadminepowderkeg.m2;21659.30078125;43.88587188720703;20897.076171875;0;0;0;;1.5;317282;m2;198173;0;
..\..\world\generic\human\passivedoodads\deadminepowderkeg\deadminepowderkeg.m2;21662.12890625;42.86300277709961;20811.67578125;0;0;0;;1.5;317283;m2;198173;0;
..\..\world\generic\human\passivedoodads\deadminepowderkeg\deadminepowderkeg.m2;21654.09375;42.862796783447266;20814.53125;0;0;0;;1.5;317284;m2;198173;0;
..\..\world\generic\human\passivedoodads\deadminepowderkeg\deadminepowderkeg.m2;21520.451171875;43.65555191040039;20943.201171875;0;0;0;;1.5;317285;m2;198173;0;
..\..\world\generic\human\passivedoodads\deadminepowderkeg\deadminepowderkeg.m2;21526.216796875;43.65632629394531;20953.32421875;0;0;0;;1.5;317286;m2;198173;0;
..\..\world\generic\human\passivedoodads\crates\stormwindcrate01.m2;21389.06640625;11.099209785461426;20833.7734375;0;344;0;;0.5595703125;303091;m2;198168;0;
..\..\world\generic\human\passivedoodads\weapons&armor\humanarrows.m2;21604.8125;12.511543273925781;20843.9375;0;0;0;;1;302950;m2;198643;0;
..\..\world\generic\human\passivedoodads\crates\stormwindcrate01.m2;21619.009765625;9.798332214355469;20868.671875;0;191.01199340820312;0;;0.5791015625;303625;m2;198168;0;
..\..\world\generic\human\passivedoodads\crates\stormwindcrate01.m2;21464.94140625;12.45959186553955;20839.203125;0;0;0;;0.669921875;303027;m2;198168;0;
..\..\world\generic\passivedoodads\furniture\containers\sack02.m2;21640.578125;8.563878059387207;20886.173828125;0;340;0;;1;302999;m2;199746;0;
..\..\world\generic\human\passivedoodads\crates\stormwindcrate01.m2;21538.64453125;26.725969314575195;20808.8515625;0;0;0;;0.6591796875;303951;m2;198168;0;
..\..\world\generic\human\passivedoodads\crates\stormwindcrate01.m2;21517.046875;28.129695892333984;20853.078125;0;345.5;0;;0.5498046875;303922;m2;198168;0;
..\..\world\generic\passivedoodads\furniture\containers\sack02.m2;21580.607421875;9.918583869934082;20906.640625;0;107.6253662109375;0;;1;303646;m2;199746;0;
..\..\world\generic\human\passivedoodads\crates\stormwindcrate01.m2;21551.349609375;12.1824369430542;20906.759765625;0;0;0;;0.6494140625;303416;m2;198168;0;
..\..\world\generic\passivedoodads\furniture\containers\sack02.m2;21591.412109375;9.390809059143066;20916.677734375;0;164.1297607421875;0;;1;303697;m2;199746;0;
..\..\world\generic\dwarf\passivedoodads\tools\lunchbox01.m2;21579.375;9.858643531799316;20909.498046875;0;181;0;;1;314801;m2;197617;0;
..\..\world\generic\orc\passivedoodads\bowls\bowlwood01.m2;21584.412109375;9.650118827819824;20991.24609375;0;321.5;0;;1.359375;304068;m2;199121;0;
..\..\world\generic\human\passivedoodads\buckets\cavekoboldbucket.m2;21599.80859375;8.687768936157227;20932.453125;0;170.21636962890625;0;;1;303689;m2;198069;0;
..\..\world\generic\human\passivedoodads\bottles\bottle01.m2;21644.8359375;8.433274269104004;20909.3359375;-8.499999046325684;258.37335205078125;-106;;1;303579;m2;198057;0;
..\..\world\generic\human\passivedoodads\crates\stormwindcrate01.m2;21533.53515625;10.999632835388184;20906.705078125;0;0;0;;0.619140625;303411;m2;198168;0;
..\..\world\generic\human\passivedoodads\weapons&armor\humanmace01.m2;21624.796875;10.192829132080078;20874.474609375;-9;111.78073120117188;2.5;;1.0595703125;303618;m2;198650;0;
..\..\world\generic\human\passivedoodads\books\generalbook01.m2;21585.15625;10.708414077758789;20913.2578125;0;246.5;0;;1;314795;m2;198046;0;
..\..\world\azeroth\elwynn\passivedoodads\jugs\jug02.m2;21593.671875;9.952997207641602;20924.48828125;0;168.46441650390625;0;;1.259765625;303673;m2;189821;0;
..\..\world\generic\passivedoodads\furniture\containers\sack02.m2;21635.451171875;8.870195388793945;20882.375;0;9.129913330078125;0;;1;303600;m2;199746;0;
..\..\world\generic\human\passivedoodads\crates\stormwindcrate01.m2;21651.607421875;8.671248435974121;20809.298828125;0;355.5;0;;0.5595703125;302967;m2;198168;0;
..\..\world\generic\passivedoodads\lights\candle02.m2;21618.701171875;11.439319610595703;20843.56640625;0;0;0;;1;302929;m2;199807;0;
..\..\world\generic\passivedoodads\lights\candle02.m2;21582.58203125;9.639206886291504;20989.404296875;0;0;0;;1;304066;m2;199807;0;
..\..\world\generic\passivedoodads\lights\candle02.m2;21684.755859375;8.725990295410156;20814.87890625;0;0;0;;1;304639;m2;199807;0;
..\..\world\generic\human\passivedoodads\bottles\bottle01.m2;21617.265625;11.407102584838867;20842.576171875;0;337;0;;1.099609375;302931;m2;198057;0;
..\..\world\generic\passivedoodads\furniture\containers\sack02.m2;21424.603515625;14.58794116973877;20889.2109375;0;264.5;0;;1;303110;m2;199746;0;
..\..\world\generic\human\passivedoodads\books\generalbook01.m2;21585.16796875;10.573010444641113;20913.20703125;0;260;0;;1;314794;m2;198046;0;
..\..\world\azeroth\elwynn\passivedoodads\jugs\jug02.m2;21542.9765625;27.733335494995117;20833.388671875;-18.999998092651367;41;-31.000001907348633;;0.8095703125;303938;m2;189821;0;
..\..\world\generic\human\passivedoodads\crates\stormwindcrate01.m2;21458.4375;10.941123008728027;20901.45703125;0;0;0;;0.5791015625;303358;m2;198168;0;
..\..\world\generic\passivedoodads\furniture\containers\sack02.m2;21619.875;9.081256866455078;20936.1640625;0;177.74224853515625;0;;1;303665;m2;199746;0;
..\..\world\generic\passivedoodads\furniture\containers\sack02.m2;21636.0859375;8.941915512084961;20880.95703125;0;268.2098083496094;0;;1;303601;m2;199746;0;
..\..\world\azeroth\elwynn\passivedoodads\jugs\jug02.m2;21635.578125;8.92033576965332;20881.529296875;0;231.48899841308594;0;;1;303602;m2;189821;0;
..\..\world\generic\human\passivedoodads\crates\stormwindcrate01.m2;21652.83203125;9.879242897033691;20808.265625;0;0;0;;0.5595703125;302970;m2;198168;0;
..\..\world\generic\passivedoodads\lights\candle01.m2;21583.765625;10.555846214294434;20914.67578125;0;0;0;;0.8193359375;314798;m2;199806;0;
..\..\world\azeroth\elwynn\passivedoodads\jugs\jug02.m2;21474.900390625;10.342988967895508;20917.966796875;0;126.80806732177734;0;;1;303363;m2;189821;0;
..\..\world\azeroth\elwynn\passivedoodads\jugs\jug02.m2;21433.015625;14.93837833404541;20845.23828125;0;55.84521484375;0;;1;303424;m2;189821;0;
..\..\world\azeroth\elwynn\passivedoodads\jugs\jug02.m2;21607.546875;8.873200416564941;20968.55078125;0;326.5;0;;1;304055;m2;189821;0;
..\..\world\generic\passivedoodads\furniture\containers\sack02.m2;21373.978515625;9.209896087646484;20838.31640625;0;0;0;;1;303133;m2;199746;0;
..\..\world\azeroth\elwynn\passivedoodads\jugs\jug02.m2;21580.296875;9.60089111328125;20916.609375;0;302.03826904296875;0;;1;303651;m2;189821;0;
..\..\world\generic\human\passivedoodads\buckets\cavekoboldbucket.m2;21427.794921875;14.765615463256836;20885.083984375;0;0;0;;1;303107;m2;198069;0;
..\..\world\generic\human\passivedoodads\buckets\cavekoboldbucket.m2;21414.33203125;11.147957801818848;20831.470703125;0;0;0;;1;303417;m2;198069;0;
..\..\world\generic\human\passivedoodads\buckets\cavekoboldbucket.m2;21576.90625;9.692291259765625;20911.34765625;0;0;0;;1;303641;m2;198069;0;
..\..\world\generic\human\passivedoodads\books\generalbook01.m2;21611.40625;10.793965339660645;20965.609375;0;0;0;;1;304052;m2;198046;0;
..\..\world\generic\human\passivedoodads\crates\stormwindcrate01.m2;21594.0625;12.2249174118042;20857.486328125;0;0;0;;0.5498046875;302977;m2;198168;0;
..\..\world\azeroth\elwynn\passivedoodads\jugs\jug02.m2;21593.068359375;9.953852653503418;20924.990234375;0;240.146484375;0;;1;303672;m2;189821;0;
..\..\world\generic\human\passivedoodads\mugs\mug02.m2;21597.140625;8.659144401550293;20990.087890625;-38.5;0;100.5000228881836;;1;304062;m2;198361;0;
..\..\world\generic\human\passivedoodads\bottles\bottle01.m2;21403.9609375;11.24148941040039;20849.66796875;0;0;0;;1;303125;m2;198057;0;
..\..\world\generic\human\passivedoodads\bottles\bottle01.m2;21644.671875;8.303550720214844;20909.072265625;0;265.1301574707031;0;;1;303578;m2;198057;0;
..\..\world\generic\human\passivedoodads\bottles\bottle01.m2;21581.134765625;9.88275146484375;20907.826171875;0;47.649169921875;0;;1;303647;m2;198057;0;
..\..\world\generic\human\passivedoodads\bottles\bottle01.m2;21581.24609375;9.886332511901855;20907.578125;0;312.58270263671875;0;;1;303648;m2;198057;0;
..\..\world\generic\human\passivedoodads\bottles\bottle01.m2;21622.234375;8.624388694763184;20932.583984375;0;0;0;;1;303653;m2;198057;0;
..\..\world\generic\human\passivedoodads\bottles\bottle01.m2;21591.9609375;9.980488777160645;20923.78515625;0;330.06134033203125;0;;1;303675;m2;198057;0;
..\..\world\generic\human\passivedoodads\bottles\bottle01.m2;21539.037109375;27.347126007080078;20839.255859375;0;0;0;;1;303941;m2;198057;0;
..\..\world\generic\human\passivedoodads\bottles\bottle01.m2;21531.8828125;9.179636001586914;21017.02734375;0;354.5;0;;1;304936;m2;198057;0;
..\..\world\generic\passivedoodads\furniture\containers\sack02.m2;21424.125;14.54299259185791;20889.1015625;0;60;0;;0.759765625;303111;m2;199746;0;
..\..\world\azeroth\elwynn\passivedoodads\jugs\jug01.m2;21582.322265625;9.639958381652832;20991.103515625;0;286.5;0;;1;304072;m2;189820;0;
..\..\world\azeroth\bootybay\passivedoodad\deadfish\fishdeadblue.m2;21618.37890625;9.845467567443848;20871.59765625;0;0;0;;1;303629;m2;189085;0;
..\..\world\generic\human\passivedoodads\crates\stormwindcrate01.m2;21516.83203125;26.811241149902344;20851.23828125;0;0;0;;0.509765625;303923;m2;198168;0;
..\..\world\azeroth\elwynn\passivedoodads\jugs\jug02.m2;21617;11.406549453735352;20844.68359375;0;18.5;0;;1;302935;m2;189821;0;
..\..\world\generic\human\passivedoodads\bottles\bottle01.m2;21531.916015625;9.17846965789795;21017.3984375;0;45;0;;0.9296875;304937;m2;198057;0;
..\..\world\azeroth\elwynn\passivedoodads\jugs\jug02.m2;21492.591796875;13.634770393371582;20865.564453125;0;285.53240966796875;0;;1;303780;m2;189821;0;
..\..\world\generic\human\passivedoodads\armor\armorbreastplatetrim.m2;21628.916015625;10.308168411254883;20882.701171875;-88.0002212524414;90.50030517578125;-3.5002453327178955;;1;303609;m2;197867;0;
..\..\world\generic\human\passivedoodads\mugs\mug02.m2;21609.47265625;10.085370063781738;20962.78515625;0;33;0;;1;304058;m2;198361;0;
..\..\world\generic\human\passivedoodads\mugs\mug02.m2;21564.05078125;12.33336067199707;20891.37109375;0;32.5;0;;1;302923;m2;198361;0;
..\..\world\generic\human\passivedoodads\mugs\mug02.m2;21407.119140625;11.28238296508789;20846.369140625;0;37;0;;1;303124;m2;198361;0;
..\..\world\azeroth\elwynn\passivedoodads\jugs\jug02.m2;21543.431640625;27.673479080200195;20833.146484375;0;0;0;;1;303939;m2;189821;0;
..\..\world\azeroth\elwynn\passivedoodads\jugs\jug02.m2;21644.83203125;8.415648460388184;20890.798828125;0;0;0;;1;303003;m2;189821;0;
..\..\world\azeroth\elwynn\passivedoodads\jugs\jug02.m2;21641.55859375;8.592082977294922;20885.400390625;0;0;0;;1;303005;m2;189821;0;
..\..\world\azeroth\elwynn\passivedoodads\jugs\jug02.m2;21428.6796875;14.681458473205566;20893.19140625;0;0;0;;1;303113;m2;189821;0;
..\..\world\azeroth\elwynn\passivedoodads\jugs\jug02.m2;21372.9609375;10.364334106445312;20836.55078125;0;0;0;;1;303134;m2;189821;0;
..\..\world\azeroth\elwynn\passivedoodads\jugs\jug02.m2;21643.7265625;8.983718872070312;20908.126953125;0;345.4426574707031;0;;1;303577;m2;189821;0;
..\..\world\azeroth\elwynn\passivedoodads\jugs\jug02.m2;21630.154296875;10.086325645446777;20880.927734375;0;261.76824951171875;0;;1;303605;m2;189821;0;
..\..\world\azeroth\elwynn\passivedoodads\jugs\jug02.m2;21624.353515625;8.652685165405273;20929.078125;0;0;0;;1;303655;m2;189821;0;
..\..\world\azeroth\elwynn\passivedoodads\jugs\jug02.m2;21493.09375;13.658493041992188;20865.16796875;0;4.5924072265625;0;;1;303779;m2;189821;0;
..\..\world\azeroth\elwynn\passivedoodads\jugs\jug02.m2;21623.953125;8.428475379943848;20913.2578125;0;0;0;;1;303989;m2;189821;0;
..\..\world\azeroth\elwynn\passivedoodads\jugs\jug02.m2;21620.11328125;9.003169059753418;20902.5625;0;0;0;;1;303990;m2;189821;0;
..\..\world\azeroth\elwynn\passivedoodads\jugs\jug02.m2;21606.11328125;8.55254077911377;20971.23828125;0;0;0;;1;304054;m2;189821;0;
..\..\world\azeroth\elwynn\passivedoodads\jugs\jug02.m2;21607.521484375;8.943538665771484;20968.0703125;0;349.5;0;;1;304056;m2;189821;0;
..\..\world\azeroth\elwynn\passivedoodads\jugs\jug02.m2;21612.234375;9.147480964660645;20964.5234375;0;0;0;;1;304057;m2;189821;0;
..\..\world\azeroth\elwynn\passivedoodads\jugs\jug02.m2;21687.068359375;8.304871559143066;20881.1875;0;0;0;;1;304082;m2;189821;0;
..\..\world\azeroth\elwynn\passivedoodads\jugs\jug02.m2;21541.609375;14.281888961791992;20858.21484375;0;0;0;;1;304368;m2;189821;0;
..\..\world\azeroth\elwynn\passivedoodads\jugs\jug02.m2;21684.119140625;8.690987586975098;20814.255859375;0;0;0;;1;304636;m2;189821;0;
..\..\world\azeroth\elwynn\passivedoodads\jugs\jug02.m2;21633.037109375;10.155065536499023;20807.798828125;0;359.5;0;;1;304991;m2;189821;0;
..\..\world\generic\human\passivedoodads\mugs\mug02.m2;21532.44140625;9.179317474365234;21017.419921875;0;44;0;;1;304935;m2;198361;0;
..\..\world\generic\human\passivedoodads\mugs\mug02.m2;21643.91015625;8.36263370513916;20909.11328125;0;294.750244140625;0;;1;303580;m2;198361;0;
..\..\world\generic\human\passivedoodads\armor\armorhelmtrimflat.m2;21629.037109375;10.155016899108887;20883.486328125;0;324.3701171875;0;;1;303606;m2;197875;0;
..\..\world\generic\human\passivedoodads\mugs\mug02.m2;21578.388671875;10.673416137695312;20909.240234375;0;67.11752319335938;0;;1;303650;m2;198361;0;
..\..\world\generic\human\passivedoodads\mugs\mug02.m2;21532.498046875;9.178471565246582;21016.95703125;0;293.5;0;;1;304934;m2;198361;0;
..\..\world\generic\human\passivedoodads\crates\stormwindcrate01.m2;21540.35546875;27.856304168701172;20809.8046875;0;359;0;;0.4697265625;303948;m2;198168;0;
..\..\world\generic\human\passivedoodads\mugs\mug02.m2;21492.060546875;27.184656143188477;20847.18359375;0;343;0;;1;303968;m2;198361;0;
..\..\world\generic\human\passivedoodads\mugs\mug02.m2;21645.765625;9.401874542236328;20891.369140625;0;350;0;;1;303002;m2;198361;0;
..\..\world\azeroth\elwynn\passivedoodads\jugs\jug02.m2;21645.28125;8.41179370880127;20890.892578125;0;295.5;0;;0.8291015625;303004;m2;189821;0;
..\..\world\generic\human\passivedoodads\mugs\mug02.m2;21616.74609375;11.408525466918945;20842.345703125;0;352.5;0;;1;302930;m2;198361;0;
..\..\world\generic\human\passivedoodads\armor\armorhelmtrimflat.m2;21427.166015625;15.3436279296875;20889.4296875;0;92;0;;1;303114;m2;197875;0;
..\..\world\azeroth\elwynn\passivedoodads\jugs\jug02.m2;21543.349609375;27.746557235717773;20833.48828125;0;0;0;;0.83984375;303937;m2;189821;0;
..\..\world\generic\human\passivedoodads\mugs\mug02.m2;21577.66796875;10.69698429107666;20909.888671875;0;48.2354736328125;0;;0.83984375;303649;m2;198361;0;
..\..\world\generic\human\passivedoodads\mugs\mug02.m2;21594.1796875;9.953314781188965;20921.73828125;0;88.7420654296875;0;;1;303698;m2;198361;0;
..\..\world\generic\human\passivedoodads\mugs\mug02.m2;21684.71875;8.700736045837402;20813.8515625;0;179;0;;1;304638;m2;198361;0;
..\..\world\generic\human\passivedoodads\mugs\mug02.m2;21624.765625;8.667426109313965;20929.890625;0;0;0;;1;303654;m2;198361;0;
..\..\world\generic\human\passivedoodads\mugs\mug02.m2;21535.25;7.529957294464111;21017.796875;0;0;0;;1;304933;m2;198361;0;
..\..\world\generic\human\passivedoodads\goblets\goblet02.m2;21591.64453125;9.992358207702637;20923.529296875;0;242.03619384765625;0;;1;303674;m2;198256;0;
..\..\world\generic\human\passivedoodads\goblets\goblet02.m2;21583.521484375;9.640118598937988;20990.73046875;0;0;0;;1;304070;m2;198256;0;
..\..\world\generic\human\passivedoodads\goblets\goblet02.m2;21684.2421875;8.680882453918457;20813.0078125;0;0;0;;1;304637;m2;198256;0;
..\..\world\generic\human\passivedoodads\ropes\cavekoboldropecoil.m2;21587.4140625;11.241912841796875;20915.310546875;0;359.5;0;;0.4091796875;314792;m2;198422;0;
..\..\world\generic\human\passivedoodads\food\breadloaf01.m2;21583.484375;9.69686222076416;20991.27734375;0;17.5;0;;2.4599609375;304067;m2;198216;0;
..\..\world\generic\human\passivedoodads\food\cheesewheelswiss01.m2;21584.384765625;9.743927001953125;20991.25;0;344;0;;3.19921875;304071;m2;198222;0;
..\..\world\generic\human\passivedoodads\armor\armorbracertrim.m2;21628.41015625;10.116378784179688;20883.46484375;0;215.18478393554688;0;;1;303608;m2;197863;0;
..\..\world\generic\human\passivedoodads\armor\armorbracertrim.m2;21628.224609375;10.120849609375;20883.373046875;0;203.09945678710938;0;;1;303607;m2;197863;0;
..\..\world\generic\human\passivedoodads\armor\armorbracertrim.m2;21530.818359375;11.633858680725098;20924.08984375;0;201.85797119140625;0;;1;303777;m2;197863;0;
..\..\world\generic\human\passivedoodads\armor\armorbracertrim.m2;21530.59375;11.63321590423584;20924.095703125;0;195.12313842773438;0;;1;303776;m2;197863;0;
..\..\world\generic\human\passivedoodads\armor\armorbracertrim.m2;21683.2109375;8.681407928466797;20814.1484375;0;0;0;;1;304635;m2;197863;0;
..\..\world\wmo\azeroth\buildings\human_barracks\human_barracks.wmo;21594.55859375;13.81136703491211;20754.81640625;0;206;0;0;1;300129;wmo;106907;1;set_Barracks01
..\..\world\wmo\azeroth\buildings\goldshireblacksmith\goldshireblacksmith.wmo;21436.568359375;14.97791862487793;20859.505859375;0;174;0;0;1;300130;wmo;106848;0;DefaultGlobal
..\..\world\wmo\azeroth\buildings\stable\stable.wmo;21466.302734375;11.30090618133545;20910.873046875;0;134;0;0;1;300131;wmo;107232;0;Set_$DefaultGlobal
..\..\world\wmo\azeroth\buildings\magetower\magetower.wmo;21489.7734375;31.24117660522461;20798.7265625;0;224.99998474121094;0;0;1;300132;wmo;107037;1;Set_A
..\..\world\wmo\azeroth\buildings\lumbermill\lumbermill.wmo;21388.458984375;9.68776798248291;20814.39453125;0;269.5;0;0;1;300134;wmo;107029;0;Set_$DefaultGlobal
..\..\world\wmo\azeroth\buildings\guardtower\guardtower.wmo;21672.125;10.799476623535156;20853.15234375;0;103.5;0;0;1;300135;wmo;106869;1;Set_A
..\..\world\wmo\azeroth\buildings\humantwostory\humantwostory.wmo;21526.58203125;12.983647346496582;20901.45703125;0;316;0;0;1;300136;wmo;106973;1;Set_A
..\..\world\wmo\azeroth\buildings\keepwall\wallpiece04.wmo;21538.634765625;13.214632034301758;20847.68359375;0;45;0;0;1;300139;wmo;107007;0;Set_$DefaultGlobal
..\..\world\wmo\azeroth\buildings\keepwall\wallpost01.wmo;21459.912109375;14.39772891998291;20804.361328125;0;28.5;0;0;1;300140;wmo;107021;0;Set_$DefaultGlobal
..\..\world\wmo\azeroth\buildings\keepwall\wallpiece03.wmo;21469.62890625;13.199868202209473;20829.279296875;0;292;0;0;1;300143;wmo;107005;0;Set_$DefaultGlobal
..\..\world\wmo\azeroth\buildings\keepwall\wallpost01.wmo;21478.912109375;14.25870418548584;20853.435546875;0;16;0;0;1;300144;wmo;107021;0;Set_$DefaultGlobal
..\..\world\wmo\azeroth\buildings\keepwall\wallpost01.wmo;21526.544921875;14.353306770324707;20860.466796875;0;267.5;0;0;1;300145;wmo;107021;0;Set_$DefaultGlobal
..\..\world\wmo\azeroth\buildings\keepwall\wallpiece03.wmo;21502.33203125;13.2718505859375;20857.388671875;0;171;0;0;1;300146;wmo;107005;0;Set_$DefaultGlobal
..\..\world\wmo\azeroth\buildings\keepwall\wallpost01.wmo;21550.6875;14.469593048095703;20835.951171875;0;197;0;0;1;300147;wmo;107021;0;Set_$DefaultGlobal
..\..\world\wmo\azeroth\buildings\keepwall\wallpiece03.wmo;21546.21875;13.4471435546875;20807.03515625;0;99;0;0;1;300148;wmo;107005;0;Set_$DefaultGlobal
..\..\world\wmo\azeroth\buildings\keepwall\wallpiece01.wmo;21360.90234375;8.236333847045898;20780.3125;0;270;0;0;1;300150;wmo;107001;0;Set_$DefaultGlobal
..\..\world\wmo\azeroth\buildings\keepwall\wallpost01.wmo;21360.25390625;12.753477096557617;20830.43359375;0;340;0;0;1;300151;wmo;107021;0;Set_$DefaultGlobal
..\..\world\wmo\azeroth\buildings\keepwall\wallpiece01.wmo;21660.703125;8.486786842346191;20766.62890625;0;269.5;0;0;1;300162;wmo;107001;0;Set_$DefaultGlobal
..\..\world\wmo\azeroth\buildings\keepwall\wallpost01.wmo;21659.62109375;12.759808540344238;20816.7421875;0;338;0;0;1;300163;wmo;107021;0;Set_$DefaultGlobal
..\..\world\wmo\azeroth\buildings\keepwall\wallpiece01.wmo;21659.40234375;8.924023628234863;20818.34765625;0;224.5;0;0;1;300164;wmo;107001;0;Set_$DefaultGlobal
..\..\world\wmo\azeroth\buildings\keepwall\wallpost01.wmo;21623.19921875;13.996719360351562;20853.017578125;0;316;0;0;1;300165;wmo;107021;0;Set_$DefaultGlobal
..\..\world\wmo\azeroth\buildings\keepwall\wallpost01.wmo;21659.4296875;13.783465385437012;20891.0546875;0;94.5;0;0;1;300167;wmo;107021;0;Set_$DefaultGlobal
..\..\world\wmo\azeroth\buildings\keepwall\wallpiece01.wmo;21361.296875;8.615050315856934;20832.21484375;0;314.5;0;0;1;300168;wmo;107001;0;Set_$DefaultGlobal
..\..\world\wmo\azeroth\buildings\keepwall\wallpost01.wmo;21395.96875;13.807998657226562;20868.41796875;0;46;0;0;1;300169;wmo;107021;0;Set_$DefaultGlobal
..\..\world\wmo\azeroth\buildings\keepwall\wallpiece01.wmo;21397.958984375;9.6904296875;20870;0;314.5;0;0;1;300170;wmo;107001;0;Set_$DefaultGlobal
..\..\world\wmo\azeroth\buildings\keepwall\wallpost01.wmo;21432.62890625;13.868298530578613;20906.203125;0;80.5;0;0;1;300171;wmo;107021;0;Set_$DefaultGlobal
..\..\world\wmo\azeroth\buildings\keepwall\wallpiece01.wmo;21434.16015625;9.68765640258789;20908.142578125;0;314.5;0;0;1;300172;wmo;107001;0;Set_$DefaultGlobal
..\..\world\wmo\azeroth\buildings\keepwall\wallpost01.wmo;21468.828125;13.268587112426758;20944.34375;0;46;0;0;1;300173;wmo;107021;0;Set_$DefaultGlobal
..\..\world\wmo\azeroth\buildings\keepwall\wallpiece01.wmo;21471.46875;9.02009391784668;20945.06640625;0;355.5;0;0;1;300174;wmo;107001;0;Set_$DefaultGlobal
..\..\world\wmo\azeroth\buildings\keepwall\wallpost01.wmo;21522.544921875;13.552199363708496;20948.6015625;0;126.5;0;0;1;300175;wmo;107021;0;Set_$DefaultGlobal
..\..\world\wmo\azeroth\buildings\keepwall\wallpiece01.wmo;21524.24609375;9.391999244689941;20946.904296875;0;44.5;0;0;1;300176;wmo;107001;0;Set_$DefaultGlobal
..\..\world\wmo\azeroth\buildings\keepwall\wallpost01.wmo;21560.96484375;14.53543758392334;20911.76171875;0;137;0;0;1;300177;wmo;107021;0;Set_$DefaultGlobal
..\..\world\wmo\azeroth\buildings\keepwall\wallpiece01.wmo;21562.78515625;10.524948120117188;20912.576171875;0;316;0;0;1;300178;wmo;107001;0;Set_$DefaultGlobal
..\..\world\wmo\azeroth\buildings\keepwall\wallpost01.wmo;21598.390625;14.452699661254883;20947.859375;0;279.5;0;0;1;300179;wmo;107021;0;Set_$DefaultGlobal
..\..\world\wmo\azeroth\buildings\guardtower\guardtower.wmo;21561.203125;13.0519380569458;20965.0625;0;358.5;0;0;1;300180;wmo;106869;1;Set_A
..\..\world\wmo\transports\passengership\transportship_a.wmo;21648.296875;1.02243971824646;21044.0078125;0;45;0;0;1;300214;wmo;116310;0;Set_$DefaultGlobal
..\..\world\wmo\transports\passengership\transportship_a.wmo;21578.3515625;0.285302072763443;21134.197265625;0;49.5;0;0;1;302086;wmo;116310;0;Set_$DefaultGlobal
..\..\world\wmo\azeroth\buildings\keepwall\wallpiece01.wmo;21624.08203125;9.046881675720215;20855.189453125;0;314.5;0;0;1;303627;wmo;107001;0;Set_$DefaultGlobal
..\..\world\wmo\kalimdor\collidabledoodads\dustwallowmarsh\theramoredocks\theramoredocks.wmo;21708.68359375;-8.300971031188965;21036.42578125;0;0;0;0;1;354107;wmo;113271;0;Set_$DefaultGlobal
