ModelFile;PositionX;PositionY;PositionZ;RotationX;RotationY;RotationZ;RotationW;ScaleFactor;ModelId;Type;FileDataID;DoodadSetIndexes;DoodadSetNames
..\..\world\kalimdor\mulgore\passivedoodads\trees\mullgorefallentree01.m2;17720.2109375;-15.76081657409668;19000.361328125;-16.000001907348633;153.88128662109375;4.500000953674316;;1.1318359375;172767;m2;202321;0;
..\..\world\kalimdor\mulgore\passivedoodads\trees\mullgoretree02.m2;18091.732421875;77.0534439086914;18848.99609375;0;198.12249755859375;0;;1.3134765625;237027;m2;202323;0;
..\..\world\kalimdor\mulgore\passivedoodads\trees\mullgorefallentree01.m2;17722.955078125;-45.566795349121094;18663.296875;1;286.3846435546875;-1.5;;1.0986328125;237004;m2;202321;0;
..\..\world\kalimdor\mulgore\passivedoodads\trees\mullgoretree02.m2;17907;-8.971860885620117;19073.80078125;0;48.74920654296875;1.999999761581421;;1.2451171875;172588;m2;202323;0;
..\..\world\kalimdor\mulgore\passivedoodads\trees\mullgoretree02.m2;17756.40234375;1.3828099966049194;19000.37109375;0;163.69580078125;0;;1.2021484375;175539;m2;202323;0;
..\..\world\kalimdor\mulgore\passivedoodads\trees\mullgoretree02.m2;17897.755859375;-5.900026798248291;19130.75;0;287.55096435546875;0;;1.201171875;172583;m2;202323;0;
..\..\world\kalimdor\mulgore\passivedoodads\trees\mullgoretree02.m2;17778.171875;-9.671831130981445;18785.5859375;0;284.50555419921875;0;;1.1689453125;172669;m2;202323;0;
..\..\world\kalimdor\mulgore\passivedoodads\trees\mullgorefallentree01.m2;17636.943359375;-47.18693923950195;19140.75390625;-5.499999523162842;0;6.499999046325684;;1;255514;m2;202321;0;
..\..\world\kalimdor\mulgore\passivedoodads\trees\mullgoretree02.m2;18075.267578125;17.36111068725586;19172.400390625;0;220.2716064453125;0;;1.103515625;172539;m2;202323;0;
..\..\world\kalimdor\mulgore\passivedoodads\trees\mullgoretree02.m2;18056.1875;44.664642333984375;18982.830078125;0;265.7716064453125;0;;1.103515625;175632;m2;202323;0;
..\..\world\kalimdor\mulgore\passivedoodads\trees\mullgoretree02.m2;17745.77734375;-3.8212029933929443;18999.455078125;0;344.7889404296875;0;;1.015625;175538;m2;202323;0;
..\..\world\kalimdor\mulgore\passivedoodads\trees\mullgorefallentree01.m2;17712.681640625;-19.706350326538086;18786.6875;9;199.67010498046875;0.5000001788139343;;0.8251953125;172766;m2;202321;0;
..\..\world\kalimdor\mulgore\passivedoodads\trees\mullgoretree01.m2;17870.072265625;16.13945770263672;18768.02734375;0;311.713623046875;-2.500000238418579;;1.302734375;237012;m2;202322;0;
..\..\world\kalimdor\mulgore\passivedoodads\trees\mullgoretree01.m2;17740.08984375;-6.0839385986328125;18978.728515625;-0.5;342.875;3.000000238418579;;1.2919921875;175541;m2;202322;0;
..\..\world\kalimdor\mulgore\passivedoodads\trees\mullgoretree01.m2;17993.556640625;60.12941360473633;18853.06640625;-1.5;275.0523681640625;2;;1.259765625;172690;m2;202322;0;
..\..\world\kalimdor\mulgore\passivedoodads\trees\mullgoretree02.m2;17696.3984375;0.6334839463233948;18959.826171875;0;294.1270751953125;0;;0.8984375;172648;m2;202323;0;
..\..\world\kalimdor\mulgore\passivedoodads\trees\mullgoretree02.m2;18070.11328125;55.88343048095703;18946.39453125;0;127.02783203125;-1.5;;0.8798828125;237046;m2;202323;0;
..\..\world\kalimdor\mulgore\passivedoodads\trees\mullgoretree01.m2;17689.126953125;0.9611251950263977;18956.611328125;0;258.75;0;;1.2470703125;172646;m2;202322;0;
..\..\world\kalimdor\mulgore\passivedoodads\trees\mullgoretree01.m2;17906.998046875;-8.097722053527832;19064.181640625;0;337.94677734375;0;;1.2451171875;172585;m2;202322;0;
..\..\world\kalimdor\mulgore\passivedoodads\trees\mullgoretree01.m2;17752.23828125;0.5493009686470032;18991.8125;0;264.93792724609375;0;;1.234375;175543;m2;202322;0;
..\..\world\kalimdor\mulgore\passivedoodads\trees\mullgoretree01.m2;17771.056640625;-9.64769458770752;18796.05078125;0;241.08627319335938;0;;1.232421875;172668;m2;202322;0;
..\..\world\kalimdor\mulgore\passivedoodads\trees\mullgoretree01.m2;17703.796875;0.809388279914856;18949.146484375;0;21.218353271484375;0;;1.2060546875;172649;m2;202322;0;
..\..\world\kalimdor\mulgore\passivedoodads\trees\mullgoretree02.m2;18044.6796875;42.80778503417969;18973.3046875;0;222.64895629882812;0;;0.8515625;175634;m2;202323;0;
..\..\world\kalimdor\mulgore\passivedoodads\trees\mullgoretree02.m2;18066.970703125;19.40451431274414;19205.826171875;0;177.14892578125;0;;0.8515625;172543;m2;202323;0;
..\..\world\kalimdor\mulgore\passivedoodads\trees\mullgoretree01.m2;17904.970703125;-7.410959243774414;19058.5859375;0;315.02862548828125;0;;1.1796875;172586;m2;202322;0;
..\..\world\kalimdor\mulgore\passivedoodads\trees\mullgoretree01.m2;17866.267578125;-6.059088706970215;19125.142578125;0;227.60772705078125;0;;1.1767578125;172581;m2;202322;0;
..\..\world\kalimdor\mulgore\passivedoodads\trees\mullgoretree01.m2;18094.029296875;49.81085205078125;18970.01171875;0;27.9940185546875;-0.5;;1.154296875;237047;m2;202322;0;
..\..\world\kalimdor\mulgore\passivedoodads\trees\mullgoretree01.m2;17953.275390625;67.53899383544922;18757.37109375;0;226.23736572265625;-1.5000001192092896;;1.130859375;237011;m2;202322;0;
..\..\world\kalimdor\mulgore\passivedoodads\trees\mullgoretree01.m2;17992.2734375;58.15766906738281;18858.193359375;0;138.9385986328125;0;;1.119140625;172689;m2;202322;0;
..\..\world\kalimdor\mulgore\passivedoodads\trees\mullgoretree02.m2;17784.2265625;-9.505816459655762;18796.947265625;0;97.43563842773438;0;;0.7880859375;172672;m2;202323;0;
..\..\world\kalimdor\mulgore\passivedoodads\trees\mullgoretree01.m2;17756.4765625;-40.93880081176758;18661.767578125;0;59.2510986328125;-1.5;;1.0888671875;237002;m2;202322;0;
..\..\world\kalimdor\mulgore\passivedoodads\trees\mullgoretree01.m2;17921.404296875;-9.411514282226562;19075.794921875;0;121.25684356689453;0;;1.1015625;172589;m2;202322;0;
..\..\world\kalimdor\mulgore\passivedoodads\trees\mullgoretree01.m2;18141.34765625;51.25136184692383;19079.49609375;0;217.77764892578125;-0.5;;1.091796875;237059;m2;202322;0;
..\..\world\kalimdor\mulgore\passivedoodads\trees\mullgoretree01.m2;18086.978515625;18.084728240966797;19194;0;228.4017333984375;0;;1.0947265625;172542;m2;202322;0;
..\..\world\kalimdor\mulgore\passivedoodads\trees\mullgoretree01.m2;18050.267578125;48.964561462402344;18950.74609375;0;273.9017333984375;0;;1.0947265625;175638;m2;202322;0;
..\..\world\kalimdor\mulgore\passivedoodads\trees\mullgoretree01.m2;17776.18359375;-9.560050964355469;18797.095703125;0;207.39019775390625;0;;1.083984375;172670;m2;202322;0;
..\..\world\kalimdor\mulgore\passivedoodads\trees\mullgoretree01.m2;17756.39453125;-0.5563004016876221;18976.681640625;0;108.18023681640625;0;;1.0810546875;175540;m2;202322;0;
..\..\world\kalimdor\kalidar\passivedoodads\kalidartreelogs\kalidartreelog02.m2;17669.271484375;-48.77492141723633;19164.1796875;0;110.86353302001953;0;;1.0087890625;325565;m2;202045;0;
..\..\world\kalimdor\mulgore\passivedoodads\trees\mullgoretree01.m2;17950.646484375;39.98137283325195;18674.69140625;0;154.7691650390625;-2.000000238418579;;1.046875;237010;m2;202322;0;
..\..\world\kalimdor\mulgore\passivedoodads\trees\mullgoretree01.m2;18060.193359375;19.44999885559082;19207.037109375;0;35.4210205078125;0;;1.060546875;172545;m2;202322;0;
..\..\world\kalimdor\mulgore\passivedoodads\trees\mullgoretree01.m2;18040.794921875;40.45818328857422;18978.986328125;0;45.4210205078125;0;;1.060546875;175633;m2;202322;0;
..\..\world\kalimdor\mulgore\passivedoodads\trees\mullgoretree01.m2;17871.662109375;17.728736877441406;18763.798828125;0;180.1593017578125;0;;1.0546875;237014;m2;202322;0;
..\..\world\kalimdor\mulgore\passivedoodads\trees\mullgoretree01.m2;17915.666015625;12.174426078796387;18926.12109375;0;148.1112060546875;0;;1.046875;172812;m2;202322;0;
..\..\world\kalimdor\mulgore\passivedoodads\trees\mullgoretree01.m2;18053.68359375;18.980043411254883;19187.916015625;0;16.150390625;0;;1.041015625;172541;m2;202322;0;
..\..\world\kalimdor\mulgore\passivedoodads\trees\mullgoretree01.m2;18022.59375;34.20320510864258;18970.228515625;0;61.650390625;0;;1.041015625;175636;m2;202322;0;
..\..\world\kalimdor\mulgore\passivedoodads\trees\mullgoretree01.m2;18109.126953125;79.08441925048828;18878.51953125;0;281.2915344238281;-1.0000001192092896;;1.0224609375;237025;m2;202322;0;
..\..\world\kalimdor\mulgore\passivedoodads\trees\mullgoretree01.m2;17638.275390625;-45.690467834472656;18668.306640625;0;243.65121459960938;0;;1.0302734375;172753;m2;202322;0;
..\..\world\kalimdor\mulgore\passivedoodads\trees\mullgoretree01.m2;17789.21484375;2.036679744720459;18971.759765625;0;109.15120697021484;0;;1.0302734375;175544;m2;202322;0;
..\..\world\kalimdor\mulgore\passivedoodads\trees\mullgoretree01.m2;18132.169921875;44.221187591552734;19000.671875;0;122.10576629638672;-1;;1.0185546875;237040;m2;202322;0;
..\..\world\kalimdor\mulgore\passivedoodads\trees\mullgoretree01.m2;17630.267578125;-44.53488540649414;18673.572265625;0;0;0;;1;172752;m2;202322;0;
..\..\world\kalimdor\mulgore\passivedoodads\trees\mullgoretree01.m2;17791.072265625;-0.6503427624702454;18962.35546875;0;225.5;0;;1;175545;m2;202322;0;
..\..\world\kalimdor\mulgore\passivedoodads\trees\mullgoretree01.m2;18067.892578125;81.0058822631836;18823.607421875;0;150.00091552734375;-1;;0.982421875;237024;m2;202322;0;
..\..\world\kalimdor\mulgore\passivedoodads\trees\mullgoretree01.m2;17910.4375;28.196638107299805;18739.791015625;0;110.85543823242188;0;;0.9755859375;237017;m2;202322;0;
..\..\world\kalimdor\mulgore\passivedoodads\trees\mullgoretree01.m2;17997.568359375;54.02283477783203;18866.58984375;-1.5;254.84664916992188;-2.500000238418579;;0.94140625;237021;m2;202322;0;
..\..\world\kalimdor\mulgore\passivedoodads\trees\mullgoretree01.m2;18138.35546875;47.26530838012695;19090.001953125;-2;128.52197265625;3.5;;0.9228515625;237061;m2;202322;0;
..\..\world\kalimdor\mulgore\passivedoodads\trees\mullgoretree01.m2;17895.42578125;-7.726694583892822;19061.318359375;2;151.40478515625;-1.5000003576278687;;0.935546875;172584;m2;202322;0;
..\..\world\kalimdor\mulgore\passivedoodads\trees\mullgoretree02.m2;17916.216796875;14.593144416809082;18690.509765625;0;162.9981689453125;-1;;0.6767578125;237005;m2;202323;0;
..\..\world\kalimdor\mulgore\passivedoodads\trees\mullgoretree01.m2;17938.56640625;56.77809143066406;18793.74609375;-1.5000003576278687;189.5693359375;6.500001907348633;;0.90234375;237019;m2;202322;0;
..\..\world\kalimdor\mulgore\passivedoodads\trees\mullgoretree01.m2;17888.4296875;-6.107911109924316;19136.591796875;0;32.429656982421875;0;;0.953125;172591;m2;202322;0;
..\..\world\kalimdor\mulgore\passivedoodads\trees\mullgoretree01.m2;18059.587890625;18.04762840270996;19183.404296875;0;286.25750732421875;0;;0.935546875;172540;m2;202322;0;
..\..\world\kalimdor\mulgore\passivedoodads\trees\mullgoretree01.m2;18023.513671875;35.1575927734375;18962.853515625;0;331.75750732421875;0;;0.935546875;175637;m2;202322;0;
..\..\world\kalimdor\mulgore\passivedoodads\trees\mullgoretree01.m2;17867.76953125;16.079082489013672;18761.619140625;0;242.50863647460938;2;;0.919921875;237013;m2;202322;0;
..\..\world\kalimdor\mulgore\passivedoodads\trees\mullgoretree01.m2;17907.126953125;-6.411028861999512;19137.46875;0;53.941131591796875;0;;0.9267578125;172590;m2;202322;0;
..\..\world\kalimdor\mulgore\passivedoodads\trees\mullgoretree01.m2;17736.625;-7.513505935668945;18983.947265625;0;326.6939392089844;0;;0.9267578125;175542;m2;202322;0;
..\..\world\kalimdor\mulgore\passivedoodads\trees\mullgoretree01.m2;17702.765625;0.2036234587430954;18960.16796875;0;300.9278259277344;0;;0.908203125;172650;m2;202322;0;
..\..\world\kalimdor\mulgore\passivedoodads\trees\mullgoretree01.m2;18101.76953125;55.07371139526367;18968.18359375;0;126.35759735107422;0.5000001192092896;;0.8896484375;237045;m2;202322;0;
..\..\world\kalimdor\mulgore\passivedoodads\trees\mullgoretree01.m2;18119.623046875;43.79616165161133;18994.947265625;4.000000953674316;164.4044189453125;4.000000953674316;;0.8388671875;237041;m2;202322;0;
..\..\world\kalimdor\mulgore\passivedoodads\trees\mullgoretree01.m2;18076.7109375;59.15807342529297;18949.1484375;0;218.94223022460938;-0.5;;0.8671875;237049;m2;202322;0;
..\..\world\critter\fish\fish01.m2;17706.197265625;-35.21205520629883;19146.197265625;0;184.092529296875;0;;3.1337890625;325776;m2;190733;0;
..\..\world\kalimdor\mulgore\passivedoodads\trees\mullgoretree01.m2;18062.509765625;61.10574722290039;18933.7109375;0;303.45623779296875;-1;;0.8583984375;237050;m2;202322;0;
..\..\world\kalimdor\mulgore\passivedoodads\trees\mullgoretree01.m2;17693.724609375;0.7079012989997864;18946.517578125;0;221.53819274902344;0;;0.85546875;172647;m2;202322;0;
..\..\world\kalimdor\mulgore\passivedoodads\trees\mullgoretree01.m2;17986.080078125;59.70655822753906;18854.515625;0;28.533599853515625;0;;0.8486328125;172688;m2;202322;0;
..\..\world\kalimdor\mulgore\passivedoodads\trees\mullgoretree01.m2;17786.18359375;-9.451279640197754;18783.25;0;168.6732177734375;0;;0.841796875;172671;m2;202322;0;
..\..\world\kalimdor\mulgore\passivedoodads\trees\mullgoretree01.m2;17915.1796875;-9.253642082214355;19083.673828125;0;150.67913818359375;0;;0.837890625;172587;m2;202322;0;
..\..\world\kalimdor\mulgore\passivedoodads\trees\mullgoretree01.m2;17984.1640625;51.542694091796875;18873.564453125;0.5000000596046448;14.755096435546875;-0.9999998807907104;;0.826171875;237020;m2;202322;0;
..\..\world\kalimdor\mulgore\passivedoodads\trees\mullgoretree01.m2;17907.5078125;10.41749382019043;18688.83203125;1.5000001192092896;126.91793823242188;-0.5000001788139343;;0.81640625;237008;m2;202322;0;
..\..\world\kalimdor\mulgore\passivedoodads\trees\mullgoretree02.m2;17649.525390625;-43.35808181762695;18678.09375;0;314.33941650390625;2;;0.572265625;236999;m2;202323;0;
..\..\world\kalimdor\mulgore\passivedoodads\trees\mullgoretree01.m2;18088.0234375;81.5247573852539;18832.3046875;0;66.79891967773438;-2;;0.7978515625;237023;m2;202322;0;
..\..\world\khazmodan\wetlands\passivedoodads\bushes\wetlandsshurb09.m2;17621.36328125;-46.83338165283203;19118.287109375;0;296.134521484375;0;;1.2060546875;325056;m2;203499;0;
..\..\world\kalimdor\mulgore\passivedoodads\trees\mullgoretree01.m2;18111.234375;78.80577850341797;18884.068359375;0;254.20945739746094;-0.9999997615814209;;0.7978515625;237026;m2;202322;0;
..\..\world\kalimdor\mulgore\passivedoodads\trees\mullgoretree01.m2;17955.498046875;43.1054801940918;18666.56640625;0;342.64111328125;0;;0.8037109375;172814;m2;202322;0;
..\..\world\khazmodan\wetlands\passivedoodads\bushes\wetlandsshurb09.m2;17676.82421875;-24.447891235351562;19033.39453125;0;172.227783203125;0;;1.1728515625;325334;m2;203499;0;
..\..\world\kalimdor\mulgore\passivedoodads\trees\mullgoretree01.m2;17914.494140625;12.046768188476562;18930.8359375;0;116.86514282226562;0;;0.7978515625;172811;m2;202322;0;
..\..\world\kalimdor\mulgore\passivedoodads\trees\mullgoretree01.m2;17937.501953125;54.510093688964844;18787.166015625;-0.5;41.79327392578125;-0.9999997019767761;;0.7861328125;237018;m2;202322;0;
..\..\world\khazmodan\wetlands\passivedoodads\bushes\wetlandsshurb09.m2;17596.24609375;-45.73161315917969;19090.892578125;0;165.97369384765625;0;;1.1533203125;325079;m2;203499;0;
..\..\world\kalimdor\mulgore\passivedoodads\trees\mullgoretree01.m2;17746.51953125;-11.035079002380371;18801.611328125;0;53.862548828125;0;;0.7744140625;172667;m2;202322;0;
..\..\world\kalimdor\mulgore\passivedoodads\trees\mullgoretree01.m2;18030.73828125;31.30889320373535;18998.8671875;0;5.3876953125;0;;0.7744140625;175635;m2;202322;0;
..\..\world\kalimdor\mulgore\passivedoodads\trees\mullgoretree01.m2;17744.9375;-41.102779388427734;18667.841796875;0;281.89581298828125;0;;0.7734375;237003;m2;202322;0;
..\..\world\kalimdor\mulgore\passivedoodads\trees\mullgoretree01.m2;18118.783203125;44.437992095947266;18988.802734375;0;200.82518005371094;-1.0000001192092896;;0.765625;237038;m2;202322;0;
..\..\world\kalimdor\mulgore\passivedoodads\trees\mullgoretree01.m2;17946.16015625;47.61862564086914;18707.9453125;0;177.39068603515625;-1.5000001192092896;;0.7578125;237006;m2;202322;0;
..\..\world\kalimdor\mulgore\passivedoodads\trees\mullgoretree01.m2;17860.142578125;12.53641414642334;18749.896484375;0;27.005218505859375;1.0000003576278687;;0.7587890625;237016;m2;202322;0;
..\..\world\kalimdor\mulgore\passivedoodads\trees\mullgoretree01.m2;17940.205078125;35.9820442199707;18694.662109375;0;125.58856201171875;1.0000001192092896;;0.75;237007;m2;202322;0;
..\..\world\kalimdor\mulgore\passivedoodads\trees\mullgoretree01.m2;17870.953125;-6.038028240203857;19113.248046875;0;174.90472412109375;0;;0.7548828125;172582;m2;202322;0;
..\..\world\kalimdor\mulgore\passivedoodads\trees\mullgoretree01.m2;17796.5703125;-0.4285837709903717;18969.779296875;0;331.63116455078125;0;;0.75390625;175546;m2;202322;0;
..\..\world\kalimdor\mulgore\passivedoodads\trees\mullgoretree01.m2;17631.705078125;-46.41130447387695;18664.44921875;0;106.13115692138672;0;;0.75390625;172754;m2;202322;0;
..\..\world\khazmodan\wetlands\passivedoodads\bushes\wetlandsshurb09.m2;17741.42578125;-47.54933166503906;19150.20703125;0;283.98583984375;0;;1.0966796875;325282;m2;203499;0;
..\..\world\kalimdor\kalidar\passivedoodads\kalidartreelogs\kalidartreelog02.m2;17664.50390625;-40.43238067626953;19070.001953125;6;176.8193359375;-8.499999046325684;;0.7060546875;325613;m2;202045;0;
..\..\world\kalimdor\mulgore\passivedoodads\trees\mullgoretree01.m2;17893.548828125;1.8380287885665894;18944.81640625;0;315.7677001953125;0;;0.7431640625;172813;m2;202322;0;
..\..\world\critter\fish\fish01.m2;17707.888671875;-44.28609848022461;19131.11328125;0;320.6018371582031;0;;2.1865234375;325764;m2;190733;0;
..\..\world\khazmodan\wetlands\passivedoodads\bushes\wetlandsshurb09.m2;17786.609375;-36.515445709228516;19188.27734375;0;245.24429321289062;0;;1.091796875;325647;m2;203499;0;
..\..\world\khazmodan\wetlands\passivedoodads\bushes\wetlandsshurb09.m2;17635.541015625;-48.31998062133789;19107.765625;0;136.11376953125;0;;1.1962890625;325058;m2;203499;0;
..\..\world\azeroth\burningsteppes\passivedoodads\smoke\ashtreesmoke01.m2;17776.509765625;6.020900249481201;19001.6015625;0;0;0;;1;174902;m2;189233;0;
..\..\world\azeroth\burningsteppes\passivedoodads\smoke\ashtreesmoke01.m2;17784.142578125;5.0404181480407715;18982.943359375;0;0;0;;1;174903;m2;189233;0;
..\..\world\azeroth\burningsteppes\passivedoodads\smoke\ashtreesmoke01.m2;17767.455078125;4.350580215454102;19002.353515625;0;0;0;;1;174904;m2;189233;0;
..\..\world\azeroth\burningsteppes\passivedoodads\smoke\ashtreesmoke01.m2;17775.45703125;3.786179780960083;18992.291015625;0;0;0;;1;174905;m2;189233;0;
..\..\world\khazmodan\wetlands\passivedoodads\bushes\wetlandsshurb09.m2;17752.470703125;-46.397850036621094;19159.693359375;0;38.51922607421875;0;;1.107421875;325272;m2;203499;0;
..\..\world\khazmodan\wetlands\passivedoodads\bushes\wetlandsshurb09.m2;17696.80078125;-48.41517639160156;19157.72265625;0;81;0;;1;325093;m2;203499;0;
..\..\world\khazmodan\wetlands\passivedoodads\bushes\wetlandsshurb09.m2;17656.267578125;-48.51005935668945;19141.72265625;0;19;0;;1;325095;m2;203499;0;
..\..\world\khazmodan\wetlands\passivedoodads\bushes\wetlandsshurb09.m2;17667.205078125;-46.553627014160156;19114.998046875;0;277;0;;1;325237;m2;203499;0;
..\..\world\khazmodan\wetlands\passivedoodads\bushes\wetlandsshurb09.m2;17650.96484375;-45.45652770996094;19172.669921875;0;127.02780151367188;0;;1.0791015625;325283;m2;203499;0;
..\..\world\critter\fish\fish01.m2;17773.869140625;-32.0108528137207;19096.75;0;146.15557861328125;0;;1.9921875;325775;m2;190733;0;
..\..\world\khazmodan\wetlands\passivedoodads\bushes\wetlandsshurb09.m2;17628.20703125;-47.6902961730957;19112.748046875;0;156.414306640625;0;;0.9892578125;325059;m2;203499;0;
..\..\world\khazmodan\wetlands\passivedoodads\bushes\wetlandsshurb09.m2;17723.923828125;-48.29646301269531;19136.384765625;0;27;0;;1;325239;m2;203499;0;
..\..\world\khazmodan\wetlands\passivedoodads\bushes\wetlandsshurb09.m2;17680.90625;-47.688026428222656;19133.50390625;0;0;0;;1;325094;m2;203499;0;
..\..\world\khazmodan\wetlands\passivedoodads\bushes\wetlandsshurb09.m2;17644.126953125;-47.61936950683594;19148.08203125;0;91.24423217773438;0;;0.9873046875;325255;m2;203499;0;
..\..\world\khazmodan\wetlands\passivedoodads\bushes\wetlandsshurb09.m2;17672.646484375;-44.66837692260742;19198.943359375;0;310.6927490234375;0;;1.0771484375;325296;m2;203499;0;
..\..\world\kalimdor\mulgore\passivedoodads\trees\mullgoretree01.m2;18104.423828125;58.83843994140625;18964.64453125;0;191.618408203125;-0.4999999403953552;;0.6435546875;237043;m2;202322;0;
..\..\world\khazmodan\wetlands\passivedoodads\bushes\wetlandsshurb09.m2;17702.306640625;-48.2412223815918;19173.064453125;0;102.71082305908203;0;;0.935546875;325270;m2;203499;0;
..\..\world\khazmodan\wetlands\passivedoodads\bushes\wetlandsshurb09.m2;17664.2265625;-48.34892272949219;19132.623046875;0;324;0;;1;325092;m2;203499;0;
..\..\world\khazmodan\wetlands\passivedoodads\bushes\wetlandsshurb09.m2;17764.783203125;-44.79901123046875;19154.591796875;0;306;0;;1;325238;m2;203499;0;
..\..\world\khazmodan\wetlands\passivedoodads\bushes\wetlandsshurb09.m2;17808.578125;-31.401126861572266;19168.447265625;0;284.56414794921875;0;;0.9150390625;325646;m2;203499;0;
..\..\world\khazmodan\wetlands\passivedoodads\bushes\wetlandsshurb09.m2;17717.15234375;-48.62940216064453;19154.224609375;0;307.5;0;;1;325240;m2;203499;0;
..\..\world\critter\fish\fish01.m2;17792.048828125;-26.5030460357666;19191.875;0;145.9788818359375;0;;1.845703125;325779;m2;190733;0;
..\..\world\khazmodan\wetlands\passivedoodads\bushes\wetlandsshurb09.m2;17624.666015625;-45.866905212402344;19083.955078125;0;48.5;0;;1;325236;m2;203499;0;
..\..\world\critter\fish\fish01.m2;17631.203125;-41.56694793701172;19121.4375;0;171.5677490234375;0;;1.998046875;325762;m2;190733;0;
..\..\world\critter\fish\fish01.m2;17602.302734375;-42.45622253417969;19101.146484375;0;244.9037322998047;0;;1.7470703125;325760;m2;190733;0;
..\..\world\kalimdor\mulgore\passivedoodads\trees\mullgoretree01.m2;17784.34375;-9.683601379394531;18807.19921875;0;72.98440551757812;0;;0.5537109375;236965;m2;202322;0;
..\..\world\khazmodan\wetlands\passivedoodads\bushes\wetlandsshurb09.m2;17614.763671875;-46.680091857910156;19097.2734375;0;138.3077392578125;0;;0.908203125;325055;m2;203499;0;
..\..\world\kalimdor\mulgore\passivedoodads\trees\mullgoretree01.m2;18104.9375;54.519229888916016;18970.6484375;0;66.29351806640625;-0.5;;0.5361328125;237044;m2;202322;0;
..\..\world\critter\fish\fish01.m2;17747.65234375;-38.473777770996094;19102.51953125;0;105.3510971069336;0;;1.7236328125;325772;m2;190733;0;
..\..\world\critter\fish\fish01.m2;17768.40625;-40.465999603271484;19155.91015625;0;18.3172607421875;0;;1.654296875;325766;m2;190733;0;
..\..\world\khazmodan\wetlands\passivedoodads\bushes\wetlandsshurb09.m2;17714.259765625;-48.09271240234375;19179.05859375;0;220.48001098632812;0;;0.845703125;325271;m2;203499;0;
..\..\world\critter\fish\fish01.m2;17765.5703125;-33.25128936767578;19184.5;0;200.4296875;0;;1.6171875;325777;m2;190733;0;
..\..\world\khazmodan\wetlands\passivedoodads\bushes\wetlandsshurb09.m2;17644.873046875;-48.25938415527344;19122.533203125;0;114.18438720703125;0;;0.763671875;325057;m2;203499;0;
..\..\world\khazmodan\wetlands\passivedoodads\bushes\wetlandsshrub04.m2;17695.15625;-44.22071075439453;19109.625;0;308.72796630859375;0;;1.28125;325266;m2;203493;0;
..\..\world\khazmodan\wetlands\passivedoodads\bushes\wetlandsshrub04.m2;17621.28515625;-33.85676956176758;19188.71875;0;121.74835205078125;0;;1.2685546875;325330;m2;203493;0;
..\..\world\khazmodan\wetlands\passivedoodads\bushes\wetlandsshrub04.m2;17721.5625;-46.40236282348633;19194.453125;0;328.91876220703125;0;;1.259765625;325278;m2;203493;0;
..\..\world\kalimdor\mulgore\passivedoodads\trees\mullgoretree01.m2;18092.6171875;53.6880989074707;18960.388671875;0;155.1207275390625;-1;;0.5;237042;m2;202322;0;
..\..\world\khazmodan\wetlands\passivedoodads\bushes\wetlandsshrub04.m2;17723.931640625;-15.806395530700684;19005.564453125;0;249.31011962890625;0;;1.275390625;325655;m2;203493;0;
..\..\world\khazmodan\wetlands\passivedoodads\bushes\wetlandsshrub04.m2;17618.048828125;-39.81559753417969;19164.310546875;0;131.97103881835938;0;;1.2685546875;325323;m2;203493;0;
..\..\world\khazmodan\wetlands\passivedoodads\bushes\wetlandsshrub04.m2;17769.3046875;-42.74052810668945;19170.544921875;0;250.31124877929688;0;;1.2763671875;325648;m2;203493;0;
..\..\world\kalimdor\mulgore\passivedoodads\trees\mullgoretree01.m2;17908.8671875;11.641400337219238;18678.248046875;0;202.35235595703125;0;;0.5009765625;237009;m2;202322;0;
..\..\world\khazmodan\wetlands\passivedoodads\bushes\wetlandsshurb09.m2;17609.51953125;-38.05382537841797;19062.541015625;0;171.53851318359375;0;;0.728515625;325082;m2;203499;0;
..\..\world\khazmodan\wetlands\passivedoodads\bushes\wetlandsshrub04.m2;17681.283203125;-37.07840347290039;19074.484375;0;295.6400146484375;0;;1.24609375;325344;m2;203493;0;
..\..\world\khazmodan\wetlands\passivedoodads\bushes\wetlandsshurb09.m2;17663.263671875;-44.88304901123047;19189.400390625;0;126.89169311523438;0;;0.78515625;325284;m2;203499;0;
..\..\world\critter\fish\fish01.m2;17741.6015625;-44.64488983154297;19129.509765625;0;162.17413330078125;0;;1.5615234375;325765;m2;190733;0;
..\..\world\khazmodan\wetlands\passivedoodads\bushes\wetlandsshrub04.m2;17734.568359375;-44.49406433105469;19198.32421875;0;76.76382446289062;0;;1.2900390625;325273;m2;203493;0;
..\..\world\azeroth\redridge\passivedoodads\trees\redridgefallentree02moss.m2;17765.353515625;-40.30525588989258;19195.92578125;0;82.70083618164062;0;;1.228515625;325612;m2;190117;0;
..\..\world\khazmodan\wetlands\passivedoodads\bushes\wetlandsshrub04.m2;17697.390625;-47.498416900634766;19181.759765625;0;153.86822509765625;0;;1.2099609375;325268;m2;203493;0;
..\..\world\khazmodan\wetlands\passivedoodads\bushes\wetlandsshrub04.m2;17717.955078125;-47.19660568237305;19122.76171875;0;332.134521484375;0;;1.2060546875;325262;m2;203493;0;
..\..\world\khazmodan\wetlands\passivedoodads\bushes\wetlandsshrub04.m2;17785.9296875;-35.519630432128906;19199.3984375;0;47.758636474609375;0;;1.2216796875;325642;m2;203493;0;
..\..\world\khazmodan\wetlands\passivedoodads\bushes\wetlandsshrub04.m2;17622.298828125;-47.201499938964844;19108.09375;0;155.36822509765625;0;;1.2099609375;325062;m2;203493;0;
..\..\world\kalimdor\mulgore\passivedoodads\trees\mullgoretree01.m2;18066.505859375;55.1995964050293;18952.494140625;0;302.33099365234375;-0.5;;0.478515625;237048;m2;202322;0;
..\..\world\khazmodan\wetlands\passivedoodads\bushes\wetlandsshrub04.m2;17669.69921875;-45.92060089111328;19103.55859375;0;136.11376953125;0;;1.1962890625;325264;m2;203493;0;
..\..\world\khazmodan\wetlands\passivedoodads\bushes\wetlandsshrub04.m2;17647.833984375;-47.1649055480957;19158.00390625;0;95.58065795898438;0;;1.2939453125;325326;m2;203493;0;
..\..\world\khazmodan\wetlands\passivedoodads\bushes\wetlandsshrub04.m2;17643.09765625;-42.89690017700195;19071.54296875;0;243.36224365234375;0;;1.1640625;325346;m2;203493;0;
..\..\world\khazmodan\wetlands\passivedoodads\bushes\wetlandsshrub04.m2;17701.1796875;-19.136215209960938;19025.697265625;0;319.7806091308594;0;;1.162109375;325656;m2;203493;0;
..\..\world\critter\fish\fish01.m2;17616.037109375;-31.76797866821289;19171.927734375;0;134.25701904296875;0;;1.3623046875;325763;m2;190733;0;
..\..\world\khazmodan\wetlands\passivedoodads\bushes\wetlandsshrub04.m2;17672.521484375;-44.15021514892578;19090.408203125;0;86.81494140625;0;;1.29296875;325308;m2;203493;0;
..\..\world\critter\fish\fish01.m2;17705.369140625;-16.450897216796875;19025.310546875;0;61.22869873046875;0;;1.3671875;325769;m2;190733;0;
..\..\world\khazmodan\wetlands\passivedoodads\bushes\wetlandsshrub04.m2;17659.033203125;-24.838640213012695;19033.21875;0;342.7379455566406;0;;1.1552734375;325335;m2;203493;0;
..\..\world\khazmodan\wetlands\passivedoodads\bushes\wetlandsshrub04.m2;17699.310546875;-21.978635787963867;19039.611328125;0;290.0763854980469;0;;1.1396484375;325657;m2;203493;0;
..\..\world\khazmodan\wetlands\passivedoodads\bushes\wetlandsshrub04.m2;17766.361328125;-40.5268440246582;19103.77734375;0;129.4678955078125;0;;1.1181640625;325286;m2;203493;0;
..\..\world\khazmodan\wetlands\passivedoodads\bushes\wetlandsshrub04.m2;17710.662109375;-16.42408561706543;19001.0703125;0;238.27615356445312;0;;1.107421875;325650;m2;203493;0;
..\..\world\azeroth\elwynn\passivedoodads\detail\elwynnrock1\elwynnrock1.m2;17744.05859375;-41.8527717590332;19100.20703125;21.5;328.91876220703125;-13.500000953674316;;25.578125;255519;m2;189768;0;
..\..\world\khazmodan\wetlands\passivedoodads\bushes\wetlandsshrub04.m2;17704.623046875;-18.35059928894043;19023.564453125;0;136.498291015625;0;;1.119140625;325654;m2;203493;0;
..\..\world\khazmodan\wetlands\passivedoodads\bushes\wetlandsshrub04.m2;17643.21484375;-48.634033203125;19132.17578125;0;137.65048217773438;0;;1.11328125;325300;m2;203493;0;
..\..\world\kalimdor\mulgore\passivedoodads\trees\mullgoretree01.m2;18017.427734375;95.1301040649414;18799.8203125;0;177.42364501953125;-1;;0.4365234375;237022;m2;202322;0;
..\..\world\khazmodan\wetlands\passivedoodads\bushes\wetlandsshrub04.m2;17630.685546875;-47.634788513183594;19110.1875;0;270.22796630859375;0;;1.28125;325060;m2;203493;0;
..\..\world\azeroth\redridge\passivedoodads\trees\redridgefallentree02moss.m2;17605.908203125;-24.232141494750977;19039.8671875;0;8.154632568359375;0;;1.08984375;325624;m2;190117;0;
..\..\world\khazmodan\wetlands\passivedoodads\bushes\wetlandsshrub04.m2;17720.34375;-47.98556137084961;19126.33203125;0;243.637939453125;0;;1.0751953125;325257;m2;203493;0;
..\..\world\khazmodan\wetlands\passivedoodads\bushes\wetlandsshrub04.m2;17630.62109375;-39.965667724609375;19178.94140625;0;151.563720703125;0;;1.0634765625;325327;m2;203493;0;
..\..\world\kalimdor\mulgore\passivedoodads\trees\mullgoretree01.m2;17767.580078125;-11.883810043334961;18776.205078125;0;325.2381896972656;-0.5;;0.4248046875;236963;m2;202322;0;
..\..\world\khazmodan\wetlands\passivedoodads\bushes\wetlandsshrub04.m2;17733.78125;-48.07577896118164;19127.83984375;0;188.47369384765625;0;;1.1533203125;325285;m2;203493;0;
..\..\world\critter\fish\fish01.m2;17788.580078125;-34.502567291259766;19134.06640625;0;133.94448852539062;0;;1.2626953125;325774;m2;190733;0;
..\..\world\khazmodan\wetlands\passivedoodads\bushes\wetlandsshrub04.m2;17760.501953125;-44.11098098754883;19137.591796875;0;97.60870361328125;0;;1.1435546875;325302;m2;203493;0;
..\..\world\kalimdor\mulgore\passivedoodads\trees\mullgoretree01.m2;17852.951171875;9.273999214172363;18768.349609375;0.9999997615814209;226.88558959960938;-3;;0.404296875;237015;m2;202322;0;
..\..\world\kalimdor\mulgore\passivedoodads\trees\mullgoretree01.m2;18110.5;44.14679718017578;18985.49609375;0;307.7025146484375;0;;0.4130859375;237039;m2;202322;0;
..\..\world\khazmodan\wetlands\passivedoodads\bushes\wetlandsshrub04.m2;17745.984375;-44.76764678955078;19113.869140625;0;351.2436218261719;0;;1.107421875;325295;m2;203493;0;
..\..\world\kalimdor\mulgore\passivedoodads\trees\mullgoretree01.m2;17798.45703125;-8.700810432434082;18768.251953125;0;2.933441162109375;-1.5000001192092896;;0.4033203125;236964;m2;202322;0;
..\..\world\khazmodan\wetlands\passivedoodads\bushes\wetlandsshrub04.m2;17617.0859375;-46.017364501953125;19090.568359375;0;329;0;;1;325088;m2;203493;0;
..\..\world\khazmodan\wetlands\passivedoodads\bushes\wetlandsshrub04.m2;17608.71484375;-45.19279861450195;19117.65625;0;59;0;;1;325089;m2;203493;0;
..\..\world\khazmodan\wetlands\passivedoodads\bushes\wetlandsshrub04.m2;17692.48828125;-48.08823013305664;19138.423828125;0;304;0;;1;325249;m2;203493;0;
..\..\world\khazmodan\wetlands\passivedoodads\bushes\wetlandsshrub04.m2;17647.025390625;-44.523860931396484;19176.044921875;0;316.1192626953125;0;;1.021484375;325328;m2;203493;0;
..\..\world\khazmodan\wetlands\passivedoodads\bushes\wetlandsshrub04.m2;17652.228515625;-48.18903732299805;19122.12890625;0;323.5;0;;1;325245;m2;203493;0;
..\..\world\khazmodan\wetlands\passivedoodads\bushes\wetlandsshrub04.m2;17629.6484375;-44.05601501464844;19078.345703125;0;334.5;0;;1;325235;m2;203493;0;
..\..\world\khazmodan\wetlands\passivedoodads\bushes\wetlandsshrub04.m2;17690.060546875;-48.13417053222656;19168;0;51.5;0;;1;325243;m2;203493;0;
..\..\world\khazmodan\wetlands\passivedoodads\bushes\wetlandsshrub04.m2;17599.767578125;-43.10424041748047;19081.017578125;0;22.5;0;;1;325233;m2;203493;0;
..\..\world\khazmodan\wetlands\passivedoodads\bushes\wetlandsshrub04.m2;17691.697265625;-46.538719177246094;19118.673828125;0;143.914306640625;0;;0.9892578125;325265;m2;203493;0;
..\..\world\khazmodan\wetlands\passivedoodads\bushes\wetlandsshrub04.m2;17650.171875;-42.75913619995117;19079.37890625;0;335.818359375;0;;0.9951171875;325345;m2;203493;0;
..\..\world\khazmodan\wetlands\passivedoodads\bushes\wetlandsshrub04.m2;17645.76953125;-43.075313568115234;19081.5859375;0;312;0;;1;325234;m2;203493;0;
..\..\world\khazmodan\wetlands\passivedoodads\bushes\wetlandsshrub04.m2;17612.201171875;-46.46088790893555;19098.298828125;0;318;0;;1;325252;m2;203493;0;
..\..\world\khazmodan\wetlands\passivedoodads\bushes\wetlandsshrub04.m2;17723.103515625;-13.388189315795898;18988.4921875;0;244.1198272705078;0;;0.9892578125;325651;m2;203493;0;
..\..\world\khazmodan\wetlands\passivedoodads\bushes\wetlandsshrub04.m2;17740.25390625;-47.243709564208984;19131.3125;0;113.51422119140625;0;;0.990234375;325281;m2;203493;0;
..\..\world\khazmodan\wetlands\passivedoodads\bushes\wetlandsshrub04.m2;17655.33984375;-38.37827682495117;19062.41796875;0;145.5107421875;0;;0.978515625;325340;m2;203493;0;
..\..\world\khazmodan\wetlands\passivedoodads\bushes\wetlandsshrub04.m2;17600.564453125;-41.36118698120117;19123.978515625;0;316;0;;1;325231;m2;203493;0;
..\..\world\khazmodan\wetlands\passivedoodads\bushes\wetlandsshrub04.m2;17657.130859375;-47.24762725830078;19106.982421875;0;44;0;;1;325244;m2;203493;0;
..\..\world\khazmodan\wetlands\passivedoodads\bushes\wetlandsshrub04.m2;17753.375;-42.60440444946289;19103.30078125;0;151.857666015625;0;;0.9775390625;325289;m2;203493;0;
..\..\world\khazmodan\wetlands\passivedoodads\bushes\wetlandsshrub04.m2;17764.240234375;-40.75705337524414;19120.912109375;0;65.8258056640625;0;;0.9794921875;325292;m2;203493;0;
..\..\world\khazmodan\wetlands\passivedoodads\bushes\wetlandsshrub04.m2;17663.087890625;-37.73796081542969;19061.142578125;0;42.825836181640625;0;;0.9873046875;325342;m2;203493;0;
..\..\world\khazmodan\wetlands\passivedoodads\bushes\wetlandsshrub04.m2;17675.32421875;-34.76045608520508;19058.62109375;0;338.40521240234375;0;;0.9677734375;325337;m2;203493;0;
..\..\world\critter\fish\fish01.m2;17617.470703125;-41.95618438720703;19081.169921875;0;282.9834899902344;0;;1.2568359375;325761;m2;190733;0;
..\..\world\khazmodan\wetlands\passivedoodads\bushes\wetlandsshrub04.m2;17637.08984375;-43.934452056884766;19078.455078125;0;5.8575439453125;0;;1.0517578125;325309;m2;203493;0;
..\..\world\khazmodan\wetlands\passivedoodads\bushes\wetlandsshrub04.m2;17721.6875;-48.02455520629883;19165.91796875;0;257.5;0;;1;325242;m2;203493;0;
..\..\world\khazmodan\wetlands\passivedoodads\bushes\wetlandsshrub04.m2;17671.51953125;-47.00612258911133;19129.8125;0;347.5;0;;1;325247;m2;203493;0;
..\..\world\khazmodan\wetlands\passivedoodads\bushes\wetlandsshrub04.m2;17711.232421875;-46.67448425292969;19192.3359375;0;48.099609375;0;;0.9560546875;325274;m2;203493;0;
..\..\world\khazmodan\wetlands\passivedoodads\bushes\wetlandshrub03.m2;17721.537109375;-48.40422058105469;19161.72265625;0;228.29188537597656;0;;1.2646484375;325604;m2;203486;0;
..\..\world\khazmodan\wetlands\passivedoodads\bushes\wetlandsshrub04.m2;17790.755859375;-35.36315155029297;19187.875;0;258.39532470703125;0;;0.994140625;325643;m2;203493;0;
..\..\world\khazmodan\wetlands\passivedoodads\bushes\wetlandshrub03.m2;17640.298828125;-47.587364196777344;19109.111328125;0;212.1304931640625;0;;1.267578125;325592;m2;203486;0;
..\..\world\critter\fish\fish01.m2;17783.30859375;-34.73095703125;19179.203125;0;123.28134155273438;0;;1.10546875;325778;m2;190733;0;
..\..\world\azeroth\redridge\passivedoodads\trees\redridgefallentree02moss.m2;17712.345703125;-47.93737030029297;19165.650390625;0;230.75682067871094;0;;1.0576171875;325611;m2;190117;0;
..\..\world\khazmodan\wetlands\passivedoodads\bushes\wetlandsshrub04.m2;17730.91015625;-48.2852897644043;19160.357421875;0;359.53668212890625;0;;1.078125;325256;m2;203493;0;
..\..\world\khazmodan\wetlands\passivedoodads\bushes\wetlandsshrub04.m2;17610.05859375;-46.25196075439453;19105.806640625;0;278;0;;1;325090;m2;203493;0;
..\..\world\khazmodan\wetlands\passivedoodads\bushes\wetlandsshrub04.m2;17687.052734375;-26.514019012451172;19041.62890625;0;132.44723510742188;0;;0.927734375;325338;m2;203493;0;
..\..\world\khazmodan\wetlands\passivedoodads\bushes\wetlandsshrub04.m2;17623.572265625;-47.021278381347656;19095.921875;0;280.093994140625;0;;0.9765625;325312;m2;203493;0;
..\..\world\khazmodan\wetlands\passivedoodads\bushes\wetlandsshrub04.m2;17707.626953125;-17.72275733947754;19018.755859375;0;131.18075561523438;0;;0.916015625;325652;m2;203493;0;
..\..\world\khazmodan\wetlands\passivedoodads\bushes\wetlandsshrub04.m2;17802.455078125;-34.44573974609375;19176.697265625;0;258.30743408203125;0;;0.962890625;325644;m2;203493;0;
..\..\world\critter\fish\fish01.m2;17703.953125;-39.62887191772461;19106.390625;0;78.20306396484375;0;;1.2060546875;325771;m2;190733;0;
..\..\world\khazmodan\wetlands\passivedoodads\bushes\wetlandsshrub04.m2;17670.177734375;-45.3043212890625;19098.390625;0;111.44489288330078;0;;0.9150390625;325307;m2;203493;0;
..\..\world\khazmodan\wetlands\passivedoodads\bushes\wetlandsshrub04.m2;17741.828125;-46.96031188964844;19124.435546875;0;114.64584350585938;0;;0.9052734375;325293;m2;203493;0;
..\..\world\khazmodan\wetlands\passivedoodads\bushes\wetlandsshrub04.m2;17654.421875;-46.431095123291016;19171.220703125;0;102.65765380859375;0;;0.9375;325347;m2;203493;0;
..\..\world\khazmodan\wetlands\passivedoodads\bushes\wetlandsshrub04.m2;17708.404296875;-47.13507080078125;19187.572265625;0;148.55194091796875;0;;0.8837890625;325275;m2;203493;0;
..\..\world\khazmodan\wetlands\passivedoodads\bushes\wetlandsshrub04.m2;17631.689453125;-42.260223388671875;19170.1484375;0;300.3411865234375;0;;0.8828125;325324;m2;203493;0;
..\..\world\khazmodan\wetlands\passivedoodads\bushes\wetlandsshrub04.m2;17745.130859375;-45.93467712402344;19117.76953125;0;13.61248779296875;0;;0.92578125;325294;m2;203493;0;
..\..\world\critter\fish\fish01.m2;17687.84375;-24.432634353637695;19054.158203125;0;175.46893310546875;0;;1.26171875;325770;m2;190733;0;
..\..\world\khazmodan\wetlands\passivedoodads\bushes\wetlandsshrub04.m2;17653.3125;-27.635643005371094;19036.658203125;0;189.22329711914062;0;;0.9453125;325336;m2;203493;0;
..\..\world\khazmodan\wetlands\passivedoodads\bushes\wetlandsshrub04.m2;17707.25390625;-48.041961669921875;19178.740234375;0;163.2042236328125;0;;0.90234375;325276;m2;203493;0;
..\..\world\khazmodan\wetlands\passivedoodads\bushes\wetlandsshrub04.m2;17603.673828125;-42.736820220947266;19121.318359375;0;272.5;0;;1;325232;m2;203493;0;
..\..\world\khazmodan\wetlands\passivedoodads\bushes\wetlandsshrub04.m2;17716.421875;-45.629905700683594;19118.095703125;0;195.3077392578125;0;;0.908203125;325261;m2;203493;0;
..\..\world\khazmodan\wetlands\passivedoodads\bushes\wetlandsshrub04.m2;17639.689453125;-47.61577224731445;19140.625;0;271.5;0;;1;325091;m2;203493;0;
..\..\world\khazmodan\wetlands\passivedoodads\bushes\wetlandsshrub04.m2;17691.818359375;-47.6512336730957;19126.419921875;0;268.5;0;;1;325248;m2;203493;0;
..\..\world\khazmodan\wetlands\passivedoodads\bushes\wetlandsshrub04.m2;17611.33984375;-45.91012191772461;19092.458984375;0;0.5;0;;1;325251;m2;203493;0;
..\..\world\khazmodan\wetlands\passivedoodads\bushes\wetlandsshrub04.m2;17704.1953125;-48.81938934326172;19148.943359375;0;0;0;;1;325241;m2;203493;0;
..\..\world\khazmodan\wetlands\passivedoodads\bushes\wetlandsshrub04.m2;17653.876953125;-48.6149787902832;19130.193359375;0;0;0;;1;325246;m2;203493;0;
..\..\world\khazmodan\wetlands\passivedoodads\bushes\wetlandsshrub04.m2;17698.5625;-48.52582550048828;19144.97265625;0;0;0;;1;325250;m2;203493;0;
..\..\world\khazmodan\wetlands\passivedoodads\bushes\wetlandsshrub04.m2;17627.482421875;-46.56825256347656;19134.990234375;0;0;0;;1;325253;m2;203493;0;
..\..\world\khazmodan\wetlands\passivedoodads\bushes\wetlandsshrub04.m2;17645.2734375;-39.075252532958984;19061.69921875;0;330.23712158203125;0;;0.84765625;325304;m2;203493;0;
..\..\world\khazmodan\wetlands\passivedoodads\bushes\wetlandsshrub04.m2;17644.49609375;-40.5628776550293;19066.830078125;0;321.6800231933594;0;;0.8515625;325343;m2;203493;0;
..\..\world\khazmodan\wetlands\passivedoodads\bushes\wetlandsshrub04.m2;17676.34375;-34.989681243896484;19062.587890625;0;312.2161865234375;0;;0.85546875;325310;m2;203493;0;
..\..\world\khazmodan\wetlands\passivedoodads\bushes\wetlandsshrub04.m2;17761.107421875;-40.356441497802734;19201.009765625;0;80.561279296875;0;;0.9072265625;325634;m2;203493;0;
..\..\world\critter\fish\fish01.m2;17706.43359375;-47.36573791503906;19163.6875;0;272.304443359375;0;;1.2353515625;325610;m2;190733;0;
..\..\world\khazmodan\wetlands\passivedoodads\bushes\wetlandsshrub04.m2;17631.26953125;-31.55362892150879;19202.302734375;0;332.4130554199219;0;;0.83203125;325329;m2;203493;0;
..\..\world\khazmodan\wetlands\passivedoodads\bushes\wetlandshrub03.m2;17650.76953125;-47.6588020324707;19118.08203125;0;137.19046020507812;0;;1.1201171875;325591;m2;203486;0;
..\..\world\khazmodan\wetlands\passivedoodads\bushes\wetlandshrub03.m2;17609.43359375;-43.71222686767578;19120.380859375;0;49.48394775390625;0;;1.119140625;325587;m2;203486;0;
..\..\world\khazmodan\wetlands\passivedoodads\bushes\wetlandsshrub04.m2;17639.9453125;-44.164093017578125;19169.90234375;0;311.31866455078125;0;;0.8388671875;325325;m2;203493;0;
..\..\world\khazmodan\wetlands\passivedoodads\bushes\wetlandsshrub04.m2;17607.076171875;-32.868465423583984;19168.2578125;0;116.72171020507812;0;;0.8291015625;325331;m2;203493;0;
..\..\world\khazmodan\wetlands\passivedoodads\bushes\wetlandshrub03.m2;17706.48828125;-47.99446105957031;19168.30859375;0;341.71820068359375;0;;1.22265625;325623;m2;203486;0;
..\..\world\khazmodan\wetlands\passivedoodads\bushes\wetlandshrub03.m2;17667.291015625;-46.853515625;19172.306640625;0;341.2787170410156;0;;1.2119140625;325568;m2;203486;0;
..\..\world\khazmodan\wetlands\passivedoodads\bushes\wetlandshrub03.m2;17720.974609375;-47.678462982177734;19130.5078125;0;155.1646728515625;0;;1.162109375;325602;m2;203486;0;
..\..\world\khazmodan\wetlands\passivedoodads\bushes\wetlandsshrub04.m2;17670.376953125;-36.386817932128906;19062.9609375;0;182.16888427734375;0;;0.9423828125;325341;m2;203493;0;
..\..\world\khazmodan\wetlands\passivedoodads\bushes\wetlandsshrub04.m2;17696.45703125;-21.317350387573242;19031.76171875;0;116.66738891601562;0;;0.822265625;325658;m2;203493;0;
..\..\world\khazmodan\wetlands\passivedoodads\bushes\wetlandshrub03.m2;17721.458984375;-46.199119567871094;19174.21484375;0;118.99655151367188;0;;1.1279296875;325605;m2;203486;0;
..\..\world\khazmodan\wetlands\passivedoodads\bushes\wetlandsshrub04.m2;17693.55078125;-48.05549240112305;19172.58203125;0;26.873382568359375;0;;0.814453125;325269;m2;203493;0;
..\..\world\khazmodan\wetlands\passivedoodads\bushes\wetlandshrub03.m2;17680.865234375;-48.32511901855469;19160.2734375;0;334.47796630859375;0;;1.142578125;325598;m2;203486;0;
..\..\world\khazmodan\wetlands\passivedoodads\bushes\wetlandshrub03.m2;17610.73046875;-44.189449310302734;19084.0546875;0;305.86871337890625;0;;1.099609375;325593;m2;203486;0;
..\..\world\khazmodan\wetlands\passivedoodads\bushes\wetlandsshrub04.m2;17635.5390625;-38.04046630859375;19059.259765625;0;354.18109130859375;0;;0.8955078125;325306;m2;203493;0;
..\..\world\khazmodan\wetlands\passivedoodads\bushes\wetlandsshrub04.m2;17640.052734375;-46.21571731567383;19153.28515625;0;100.5;0;;0.859375;325254;m2;203493;0;
..\..\world\khazmodan\wetlands\passivedoodads\bushes\wetlandshrub03.m2;17614.3671875;-36.79557800292969;19161.40625;0;204.91224670410156;0;;1.1279296875;325575;m2;203486;0;
..\..\world\khazmodan\wetlands\passivedoodads\bushes\wetlandshrub03.m2;17697.611328125;-46.783939361572266;19183.31640625;0;227.62168884277344;0;;1.064453125;325622;m2;203486;0;
..\..\world\khazmodan\wetlands\passivedoodads\bushes\wetlandsshrub04.m2;17617.201171875;-40.21282196044922;19068.845703125;0;158.60986328125;0;;0.798828125;325305;m2;203493;0;
..\..\world\azeroth\elwynn\passivedoodads\detail\elwynnrock1\elwynnrock1.m2;17605.203125;-44.459869384765625;19087.330078125;-6;215.43746948242188;-0.49999988079071045;;17.623046875;255518;m2;189768;0;
..\..\world\khazmodan\wetlands\passivedoodads\bushes\wetlandsshrub04.m2;17696.1796875;-47.74747085571289;19177.34375;0;187.8389892578125;0;;0.83984375;325301;m2;203493;0;
..\..\world\khazmodan\wetlands\passivedoodads\bushes\wetlandsshrub04.m2;17612.73828125;-37.70863723754883;19158.150390625;0;286.8516540527344;0;;0.7919921875;325311;m2;203493;0;
..\..\world\khazmodan\wetlands\passivedoodads\bushes\wetlandsshrub04.m2;17692.8046875;-41.58644485473633;19099.6328125;0;143.18438720703125;0;;0.763671875;325263;m2;203493;0;
..\..\world\khazmodan\wetlands\passivedoodads\bushes\wetlandsshrub04.m2;17774.607421875;-38.693450927734375;19110.923828125;0;269.1634521484375;0;;0.8857421875;325287;m2;203493;0;
..\..\world\khazmodan\wetlands\passivedoodads\bushes\wetlandshrub03.m2;17647.162109375;-44.770050048828125;19169.701171875;0;39.595947265625;0;;1.0234375;325572;m2;203486;0;
..\..\world\khazmodan\wetlands\passivedoodads\bushes\wetlandshrub03.m2;17639.337890625;-48.066856384277344;19120.80078125;0;260.2191162109375;0;;1.212890625;325590;m2;203486;0;
..\..\world\khazmodan\wetlands\passivedoodads\bushes\wetlandsshrub04.m2;17624.7734375;-36.9910774230957;19181.1484375;0;318.39727783203125;0;;0.7548828125;325333;m2;203493;0;
..\..\world\khazmodan\wetlands\passivedoodads\bushes\wetlandsshrub04.m2;17734.46484375;-48.09672164916992;19133.12109375;0;228.96206665039062;0;;0.751953125;325279;m2;203493;0;
..\..\world\azeroth\westfall\passivedoodads\westfallwagon\westfallwagon01.m2;18091.3828125;43.9550895690918;18991.857421875;1.4999998807907104;282.5;-2.499999761581421;;1;237028;m2;190657;0;
..\..\world\kalimdor\mulgore\passivedoodads\burnedwagons\burnedgypsywagon01.m2;17768.318359375;3.192009687423706;18983.021484375;0;297.5;0;;1;168375;m2;202292;0;
..\..\world\critter\fish\fish01.m2;17708.7890625;-16.081924438476562;19010.318359375;0;316.84930419921875;0;;0.8828125;325768;m2;190733;0;
..\..\world\khazmodan\wetlands\passivedoodads\bushes\wetlandsshrub04.m2;17763.767578125;-40.601829528808594;19188.876953125;0;235.5001983642578;0;;0.73828125;325649;m2;203493;0;
..\..\world\khazmodan\wetlands\passivedoodads\bushes\wetlandsshrub04.m2;17691.62109375;-24.26276206970215;19039.49609375;0;135.8369140625;0;;0.75390625;325339;m2;203493;0;
..\..\world\khazmodan\wetlands\passivedoodads\bushes\wetlandshrub03.m2;17600.1171875;-42.68476486206055;19108.90625;0;235.07064819335938;0;;0.9931640625;325578;m2;203486;0;
..\..\world\khazmodan\wetlands\passivedoodads\bushes\wetlandsshrub04.m2;17794.384765625;-35.582889556884766;19183.197265625;0;348.2003173828125;0;;0.7744140625;325645;m2;203493;0;
..\..\world\khazmodan\wetlands\passivedoodads\bushes\wetlandsshrub04.m2;17779.576171875;-37.355712890625;19120.490234375;0;298.03851318359375;0;;0.728515625;325288;m2;203493;0;
..\..\world\khazmodan\wetlands\passivedoodads\bushes\wetlandshrub03.m2;17660.634765625;-43.57168197631836;19188.65625;0;246.29904174804688;0;;1.0361328125;325573;m2;203486;0;
..\..\world\khazmodan\wetlands\passivedoodads\bushes\wetlandsshrub04.m2;17747.564453125;-44.05705642700195;19110.1796875;0;303.4186706542969;0;;0.7265625;325291;m2;203493;0;
..\..\world\khazmodan\wetlands\passivedoodads\bushes\wetlandshrub03.m2;17623.306640625;-32.372650146484375;19190.291015625;0;333.92864990234375;0;;1.0166015625;325574;m2;203486;0;
..\..\world\khazmodan\wetlands\passivedoodads\bushes\wetlandsshrub04.m2;17624.64453125;-46.94047927856445;19118.25;0;130.76327514648438;0;;0.73046875;325061;m2;203493;0;
..\..\world\khazmodan\wetlands\passivedoodads\bushes\wetlandsshrub04.m2;17714.73828125;-48.22455978393555;19145.71875;0;130.76327514648438;0;;0.73046875;325267;m2;203493;0;
..\..\world\khazmodan\wetlands\passivedoodads\bushes\wetlandshrub03.m2;17689.62890625;-47.18260955810547;19134.3359375;0;245.68820190429688;0;;1.017578125;325600;m2;203486;0;
..\..\world\khazmodan\wetlands\passivedoodads\bushes\wetlandsshrub04.m2;17746.892578125;-44.085594177246094;19106.548828125;0;225.20220947265625;0;;0.7333984375;325290;m2;203493;0;
..\..\world\khazmodan\wetlands\passivedoodads\bushes\wetlandsshrub04.m2;17737.40625;-47.76450729370117;19137.8046875;0;109.61395263671875;0;;0.73046875;325280;m2;203493;0;
..\..\world\kalimdor\mulgore\passivedoodads\burnedwagons\burnedgypsywagon02.m2;17768.1796875;2.966500759124756;19002.9140625;0;52;0;;1;168377;m2;202293;0;
..\..\world\azeroth\westfall\passivedoodads\westfallwagon\westfallwagon01.m2;17762.619140625;3.0052907466888428;18992.16015625;0;353.5;0;;1;168376;m2;190657;0;
..\..\world\khazmodan\wetlands\passivedoodads\bushes\wetlandsshrub04.m2;17715.626953125;-44.11436080932617;19110.55078125;0;334.26922607421875;0;;0.712890625;325260;m2;203493;0;
..\..\world\khazmodan\wetlands\passivedoodads\bushes\wetlandshrub03.m2;17666.515625;-41.294708251953125;19080.033203125;0;353.83648681640625;0;;1.181640625;325620;m2;203486;0;
..\..\world\khazmodan\wetlands\passivedoodads\bushes\wetlandsshrub04.m2;17722.71484375;-47.98826217651367;19131.873046875;0;16.4893798828125;0;;0.7294921875;325258;m2;203493;0;
..\..\world\khazmodan\wetlands\passivedoodads\bushes\wetlandsshrub04.m2;17623.23828125;-37.688323974609375;19176.935546875;0;125.5373764038086;0;;0.7041015625;325332;m2;203493;0;
..\..\world\khazmodan\wetlands\passivedoodads\bushes\wetlandshrub03.m2;17641.4921875;-41.237831115722656;19071.09765625;0;39.046600341796875;0;;0.947265625;325619;m2;203486;0;
..\..\world\kalimdor\mulgore\passivedoodads\burnedwagons\burnedgypsywagon02.m2;17784.033203125;3.6678271293640137;18984.09765625;0;226.5;0;;1;168373;m2;202293;0;
..\..\world\kalimdor\mulgore\passivedoodads\burnedwagons\burnedgypsywagon01.m2;17788.513671875;3.5759828090667725;18992.638671875;0;190.5;0;;1;168372;m2;202292;0;
..\..\world\khazmodan\wetlands\passivedoodads\bushes\wetlandshrub03.m2;17626.0859375;-46.536376953125;19130.326171875;0;45.28704833984375;0;;0.9384765625;325588;m2;203486;0;
..\..\world\khazmodan\wetlands\passivedoodads\bushes\wetlandshrub03.m2;17658.83203125;-39.07421875;19068.806640625;0;264.9324035644531;0;;1.1796875;325618;m2;203486;0;
..\..\world\khazmodan\wetlands\passivedoodads\bushes\wetlandshrub03.m2;17674.111328125;-46.69136428833008;19129.337890625;0;278.9843444824219;0;;1.1181640625;325596;m2;203486;0;
..\..\world\kalimdor\mulgore\passivedoodads\burnedwagons\burnedgypsywagon01.m2;17777.201171875;4.215126991271973;19004.060546875;-0.5000001192092896;97.5;-82;;1;168378;m2;202292;0;
..\..\world\khazmodan\wetlands\passivedoodads\bushes\wetlandshrub03.m2;17656.560546875;-40.60994338989258;19072.43359375;0;125.46771240234375;0;;0.9365234375;325616;m2;203486;0;
..\..\world\khazmodan\wetlands\passivedoodads\bushes\wetlandsshrub04.m2;17715.666015625;-42.367042541503906;19105.126953125;0;181.59811401367188;0;;0.78125;325259;m2;203493;0;
..\..\world\khazmodan\wetlands\passivedoodads\bushes\wetlandsshrub04.m2;17706.2109375;-16.977693557739258;19010.07421875;0;266.82080078125;0;;0.767578125;325653;m2;203493;0;
..\..\world\khazmodan\wetlands\passivedoodads\bushes\wetlandshrub03.m2;17670.345703125;-36.53231430053711;19068.501953125;0;175.446044921875;0;;1.1484375;325617;m2;203486;0;
..\..\world\khazmodan\wetlands\passivedoodads\bushes\wetlandshrub03.m2;17600.84765625;-44.06770706176758;19089.44921875;0;118.73284912109375;0;;0.921875;325576;m2;203486;0;
..\..\world\khazmodan\wetlands\passivedoodads\bushes\wetlandshrub03.m2;17713.951171875;-44.05186080932617;19113.7421875;0;39.4091796875;0;;0.8828125;325603;m2;203486;0;
..\..\world\khazmodan\wetlands\passivedoodads\bushes\wetlandshrub03.m2;17626.505859375;-46.791473388671875;19097.98828125;0;358.9779052734375;0;;1.173828125;325595;m2;203486;0;
..\..\world\critter\fish\fish01.m2;17748.748046875;-28.868648529052734;19079.423828125;0;74.51153564453125;0;;0.841796875;325773;m2;190733;0;
..\..\world\khazmodan\wetlands\passivedoodads\bushes\wetlandshrub03.m2;17686.845703125;-46.78084945678711;19135.451171875;0;104.109619140625;0;;0.9912109375;325601;m2;203486;0;
..\..\world\khazmodan\wetlands\passivedoodads\bushes\wetlandshrub03.m2;17665.55859375;-47.94428634643555;19152.75390625;0;119.74365234375;0;;0.888671875;325566;m2;203486;0;
..\..\world\generic\dwarf\passivedoodads\excavationwaterwagon\excavationwaterwagon.m2;17784.228515625;3.2846670150756836;19002.31640625;0;131.5;0;;1;168379;m2;197394;0;
..\..\world\generic\dwarf\passivedoodads\excavationtents\excavationtent01.m2;18126.150390625;43.96554183959961;19004.90234375;0;258;0;;1;237031;m2;197388;0;
..\..\world\khazmodan\wetlands\passivedoodads\bushes\wetlandshrub03.m2;17628.78125;-46.79472732543945;19100.564453125;0;59.4158935546875;0;;0.845703125;325594;m2;203486;0;
..\..\world\khazmodan\wetlands\passivedoodads\bushes\wetlandshrub03.m2;17634.947265625;-43.94733810424805;19158.357421875;0;355.3526611328125;0;;1.0478515625;325571;m2;203486;0;
..\..\world\khazmodan\wetlands\passivedoodads\bushes\wetlandshrub03.m2;17625.193359375;-45.32423400878906;19131.544921875;0;126.58834838867188;0;;0.8193359375;325589;m2;203486;0;
..\..\world\khazmodan\wetlands\passivedoodads\bushes\wetlandshrub03.m2;17629.375;-37.50414276123047;19181.99609375;0;22.69842529296875;0;;0.86328125;325570;m2;203486;0;
..\..\world\khazmodan\wetlands\passivedoodads\bushes\wetlandshrub03.m2;17621.23046875;-43.4313850402832;19138.197265625;0;83.8282470703125;0;;1.0009765625;325586;m2;203486;0;
..\..\world\khazmodan\wetlands\passivedoodads\bushes\wetlandshrub03.m2;17666.55078125;-44.60026168823242;19188.517578125;0;56.877960205078125;0;;0.7998046875;325569;m2;203486;0;
..\..\world\khazmodan\wetlands\passivedoodads\bushes\wetlandshrub03.m2;17700.51171875;-48.41552734375;19151.986328125;0;83.19100952148438;0;;0.9580078125;325606;m2;203486;0;
..\..\world\generic\dwarf\passivedoodads\excavationtents\excavationtent02.m2;18113.501953125;44.01059341430664;18989.212890625;0;341;0;;1;237030;m2;197389;0;
..\..\world\generic\dwarf\passivedoodads\excavationwaterwagon\excavationwaterwagon.m2;18102.228515625;43.96919250488281;18988.88671875;0;266;0;;1;237029;m2;197394;0;
..\..\world\khazmodan\wetlands\passivedoodads\bushes\wetlandshrub03.m2;17678.697265625;-47.151676177978516;19176.03125;0;317.60443115234375;0;;0.7578125;325567;m2;203486;0;
..\..\world\khazmodan\wetlands\passivedoodads\bushes\wetlandshrub03.m2;17693.857421875;-47.912017822265625;19158.873046875;0;288.4658203125;0;;0.8095703125;325607;m2;203486;0;
..\..\world\azeroth\westfall\passivedoodads\brokencart\brokencart.m2;17776.52734375;3.5390758514404297;18980.544921875;0;240;0;;1;168374;m2;190536;0;
..\..\world\khazmodan\wetlands\passivedoodads\bushes\wetlandshrub03.m2;17688.236328125;-40.575721740722656;19096.388671875;0;90.70590209960938;0;;0.8857421875;325621;m2;203486;0;
..\..\world\khazmodan\wetlands\passivedoodads\bushes\wetlandshrub03.m2;17677.501953125;-46.93978500366211;19134.826171875;0;82.82846069335938;0;;0.7685546875;325599;m2;203486;0;
..\..\world\azeroth\elwynn\passivedoodads\detail\elwynnseaweed01\elwynnseaweed01.m2;17698.07421875;-43.9145393371582;19114.9765625;0;46.46258544921875;0;;1.298828125;325717;m2;189772;0;
..\..\world\azeroth\elwynn\passivedoodads\detail\elwynnseaweed01\elwynnseaweed01.m2;17713.9375;-46.578975677490234;19187.748046875;0;332.4234619140625;0;;1.2958984375;325709;m2;189772;0;
..\..\world\azeroth\elwynn\passivedoodads\detail\elwynnseaweed01\elwynnseaweed01.m2;17641.95703125;-38.73186111450195;19062.466796875;0;14.51336669921875;0;;1.294921875;325541;m2;189772;0;
..\..\world\azeroth\elwynn\passivedoodads\detail\elwynnseaweed01\elwynnseaweed01.m2;17690.875;-47.79012680053711;19172.89453125;0;159.405517578125;0;;1.294921875;325713;m2;189772;0;
..\..\world\azeroth\elwynn\passivedoodads\detail\elwynnseaweed01\elwynnseaweed01.m2;17608.578125;-45.58250045776367;19094.541015625;0;18.24884033203125;0;;1.294921875;325399;m2;189772;0;
..\..\world\azeroth\elwynn\passivedoodads\detail\elwynnseaweed01\elwynnseaweed01.m2;17718.767578125;-48.63022994995117;19152.27734375;0;317.2179260253906;0;;1.29296875;325457;m2;189772;0;
..\..\world\azeroth\elwynn\passivedoodads\detail\elwynnseaweed01\elwynnseaweed01.m2;17660.15625;-45.305240631103516;19180.26953125;0;171.0733642578125;0;;1.2900390625;325509;m2;189772;0;
..\..\world\azeroth\elwynn\passivedoodads\detail\elwynnseaweed01\elwynnseaweed01.m2;17692.806640625;-42.4070930480957;19106.861328125;0;183.03781127929688;0;;1.2890625;325434;m2;189772;0;
..\..\world\azeroth\elwynn\passivedoodads\detail\elwynnseaweed01\elwynnseaweed01.m2;17631.876953125;-37.81838607788086;19060.548828125;0;49.428985595703125;0;;1.2841796875;325544;m2;189772;0;
..\..\world\azeroth\elwynn\passivedoodads\detail\elwynnseaweed01\elwynnseaweed01.m2;17671.220703125;-45.696231842041016;19123.197265625;0;70.68820190429688;0;;1.279296875;325432;m2;189772;0;
..\..\world\azeroth\elwynn\passivedoodads\detail\elwynnseaweed01\elwynnseaweed01.m2;17644.837890625;-48.164588928222656;19139.2265625;0;20.874664306640625;0;;1.2783203125;325421;m2;189772;0;
..\..\world\azeroth\elwynn\passivedoodads\detail\elwynnseaweed01\elwynnseaweed01.m2;17639.55078125;-47.733238220214844;19131.08203125;0;130.60943603515625;0;;1.2763671875;325415;m2;189772;0;
..\..\world\azeroth\elwynn\passivedoodads\detail\elwynnseaweed01\elwynnseaweed01.m2;17694.509765625;-48.00453186035156;19167.736328125;0;347.9805908203125;0;;1.2744140625;325440;m2;189772;0;
..\..\world\azeroth\elwynn\passivedoodads\detail\elwynnseaweed01\elwynnseaweed01.m2;17658.955078125;-48.47306823730469;19133.009765625;0;170.63385009765625;0;;1.26953125;325426;m2;189772;0;
..\..\world\azeroth\elwynn\passivedoodads\detail\elwynnseaweed01\elwynnseaweed01.m2;17722.724609375;-45.22957229614258;19192.693359375;0;270.32684326171875;0;;1.259765625;325497;m2;189772;0;
..\..\world\azeroth\elwynn\passivedoodads\detail\elwynnseaweed01\elwynnseaweed01.m2;17627.5625;-45.28086471557617;19137.01953125;0;221.09559631347656;0;;1.2587890625;325526;m2;189772;0;
..\..\world\azeroth\elwynn\passivedoodads\detail\elwynnseaweed01\elwynnseaweed01.m2;17676.3203125;-33.09366989135742;19057.353515625;0;59.218109130859375;0;;1.2568359375;325728;m2;189772;0;
..\..\world\azeroth\elwynn\passivedoodads\detail\elwynnseaweed01\elwynnseaweed01.m2;17681.224609375;-37.30232238769531;19077.2109375;0;3.2850341796875;0;;1.251953125;325549;m2;189772;0;
..\..\world\azeroth\elwynn\passivedoodads\detail\elwynnseaweed01\elwynnseaweed01.m2;17662.455078125;-46.73974609375;19106.58984375;0;144.99099731445312;0;;1.248046875;325429;m2;189772;0;
..\..\world\azeroth\elwynn\passivedoodads\detail\elwynnseaweed01\elwynnseaweed01.m2;17624.5;-46.82710266113281;19102.326171875;0;33.54229736328125;0;;1.248046875;325409;m2;189772;0;
..\..\world\azeroth\elwynn\passivedoodads\detail\elwynnseaweed01\elwynnseaweed01.m2;17711.130859375;-48.71917724609375;19151.328125;0;337.58721923828125;0;;1.2470703125;325449;m2;189772;0;
..\..\world\azeroth\elwynn\passivedoodads\detail\elwynnseaweed01\elwynnseaweed01.m2;17739.662109375;-47.35974884033203;19138.30078125;0;121.77617645263672;0;;1.2470703125;325468;m2;189772;0;
..\..\world\azeroth\elwynn\passivedoodads\detail\elwynnseaweed01\elwynnseaweed01.m2;17667.52734375;-35.225860595703125;19061.28125;0;99.56112670898438;0;;1.2470703125;325547;m2;189772;0;
..\..\world\azeroth\elwynn\passivedoodads\detail\elwynnseaweed01\elwynnseaweed01.m2;17654.455078125;-48.01036071777344;19144.16015625;0;22.42376708984375;0;;1.24609375;325425;m2;189772;0;
..\..\world\azeroth\elwynn\passivedoodads\detail\elwynnseaweed01\elwynnseaweed01.m2;17763.064453125;-39.917198181152344;19187.505859375;0;254.2313995361328;0;;1.2451171875;325691;m2;189772;0;
..\..\world\azeroth\elwynn\passivedoodads\detail\elwynnseaweed01\elwynnseaweed01.m2;17760.361328125;-44.40401077270508;19146.23828125;0;246.84835815429688;0;;1.244140625;325489;m2;189772;0;
..\..\world\azeroth\elwynn\passivedoodads\detail\elwynnseaweed01\elwynnseaweed01.m2;17781.486328125;-35.715702056884766;19199.255859375;0;257.93389892578125;0;;1.244140625;325673;m2;189772;0;
..\..\world\azeroth\elwynn\passivedoodads\detail\elwynnseaweed01\elwynnseaweed01.m2;17641.3515625;-48.167579650878906;19127.787109375;0;335.4667663574219;0;;1.234375;325418;m2;189772;0;
..\..\world\khazmodan\wetlands\passivedoodads\bushes\wetlandshrub03.m2;17668.193359375;-47.93214797973633;19155.37890625;0;271.67822265625;0;;0.751953125;325597;m2;203486;0;
..\..\world\azeroth\elwynn\passivedoodads\detail\elwynnseaweed01\elwynnseaweed01.m2;17744.56640625;-47.0525016784668;19153.380859375;0;132.76284790039062;0;;1.228515625;325467;m2;189772;0;
..\..\world\azeroth\elwynn\passivedoodads\detail\elwynnseaweed01\elwynnseaweed01.m2;17628.919921875;-30.72208595275879;19201.484375;0;301.4081115722656;0;;1.2275390625;325521;m2;189772;0;
..\..\world\azeroth\elwynn\passivedoodads\detail\elwynnseaweed01\elwynnseaweed01.m2;17650.16015625;-43.35041427612305;19180.65625;0;83.6854248046875;0;;1.2255859375;325508;m2;189772;0;
..\..\world\azeroth\elwynn\passivedoodads\detail\elwynnseaweed01\elwynnseaweed01.m2;17718.71484375;-45.7752685546875;19191.119140625;0;71.86376953125;0;;1.22265625;325708;m2;189772;0;
..\..\world\azeroth\elwynn\passivedoodads\detail\elwynnseaweed01\elwynnseaweed01.m2;17645.4921875;-47.07488250732422;19149.697265625;0;14.39251708984375;0;;1.2216796875;325420;m2;189772;0;
..\..\world\azeroth\elwynn\passivedoodads\detail\elwynnseaweed01\elwynnseaweed01.m2;17760.830078125;-40.968994140625;19121.802734375;0;170.9635009765625;0;;1.2216796875;325479;m2;189772;0;
..\..\world\azeroth\elwynn\passivedoodads\detail\elwynnseaweed01\elwynnseaweed01.m2;17672.205078125;-35.465545654296875;19064.369140625;0;97.88018798828125;0;;1.220703125;325546;m2;189772;0;
..\..\world\azeroth\elwynn\passivedoodads\detail\elwynnseaweed01\elwynnseaweed01.m2;17769.3984375;-41.10866165161133;19177.267578125;0;78.31292724609375;0;;1.216796875;325686;m2;189772;0;
..\..\world\azeroth\elwynn\passivedoodads\detail\elwynnseaweed01\elwynnseaweed01.m2;17743.427734375;-45.9914665222168;19165.326171875;0;37.98089599609375;0;;1.212890625;325464;m2;189772;0;
..\..\world\azeroth\elwynn\passivedoodads\detail\elwynnseaweed01\elwynnseaweed01.m2;17617.1015625;-46.19075393676758;19113.673828125;0;69.76531982421875;0;;1.2119140625;325406;m2;189772;0;
..\..\world\azeroth\elwynn\passivedoodads\detail\elwynnseaweed01\elwynnseaweed01.m2;17625.017578125;-44.72468948364258;19085.67578125;0;273.43603515625;0;;1.2109375;325533;m2;189772;0;
..\..\world\azeroth\elwynn\passivedoodads\detail\elwynnseaweed01\elwynnseaweed01.m2;17631.541015625;-46.90678787231445;19132.263671875;0;336.06005859375;0;;1.2060546875;325527;m2;189772;0;
..\..\world\azeroth\elwynn\passivedoodads\detail\elwynnseaweed01\elwynnseaweed01.m2;17799.51953125;-34.69044876098633;19181.130859375;0;189.00357055664062;0;;1.2021484375;325677;m2;189772;0;
..\..\world\azeroth\elwynn\passivedoodads\detail\elwynnseaweed01\elwynnseaweed01.m2;17767.8984375;-42.7421760559082;19164.76953125;0;350.6064453125;0;;1.1982421875;325684;m2;189772;0;
..\..\world\azeroth\elwynn\passivedoodads\detail\elwynnseaweed01\elwynnseaweed01.m2;17805.029296875;-31.769968032836914;19163.625;0;28.0159912109375;0;;1.1943359375;325683;m2;189772;0;
..\..\world\azeroth\elwynn\passivedoodads\detail\elwynnseaweed01\elwynnseaweed01.m2;17636.7109375;-48.12841796875;19118.53125;0;9.41558837890625;0;;1.1943359375;325531;m2;189772;0;
..\..\world\azeroth\elwynn\passivedoodads\detail\elwynnseaweed01\elwynnseaweed01.m2;17734.380859375;-47.925052642822266;19135.744140625;0;49.83551025390625;0;;1.1923828125;325470;m2;189772;0;
..\..\world\azeroth\elwynn\passivedoodads\detail\elwynnseaweed01\elwynnseaweed01.m2;17685.595703125;-27.048364639282227;19045.65234375;0;20.962554931640625;0;;1.1796875;325729;m2;189772;0;
..\..\world\azeroth\elwynn\passivedoodads\detail\elwynnseaweed01\elwynnseaweed01.m2;17686.4453125;-47.184837341308594;19132.041015625;0;110.75656127929688;0;;1.1787109375;325437;m2;189772;0;
..\..\world\azeroth\elwynn\passivedoodads\detail\elwynnseaweed01\elwynnseaweed01.m2;17810.46875;-30.37950325012207;19175.56640625;0;85.65203857421875;0;;1.177734375;325679;m2;189772;0;
..\..\world\azeroth\elwynn\passivedoodads\detail\elwynnseaweed01\elwynnseaweed01.m2;17626.181640625;-46.90705871582031;19098.873046875;0;72.555908203125;0;;1.17578125;325532;m2;189772;0;
..\..\world\azeroth\elwynn\passivedoodads\detail\elwynnseaweed01\elwynnseaweed01.m2;17607.53515625;-37.0016975402832;19060.814453125;0;144.91409301757812;0;;1.17578125;325559;m2;189772;0;
..\..\world\azeroth\elwynn\passivedoodads\detail\elwynnseaweed01\elwynnseaweed01.m2;17659.390625;-37.824790954589844;19065.10546875;0;26.69757080078125;0;;1.1748046875;325543;m2;189772;0;
..\..\world\azeroth\elwynn\passivedoodads\detail\elwynnseaweed01\elwynnseaweed01.m2;17710.861328125;-45.90324401855469;19196.625;0;118.32634735107422;0;;1.171875;325496;m2;189772;0;
..\..\world\azeroth\elwynn\passivedoodads\detail\elwynnseaweed01\elwynnseaweed01.m2;17714.517578125;-48.11065673828125;19139.806640625;0;32.53668212890625;0;;1.1689453125;325716;m2;189772;0;
..\..\world\azeroth\elwynn\passivedoodads\detail\elwynnseaweed01\elwynnseaweed01.m2;17708.607421875;-46.1191520690918;19192.275390625;0;31.246063232421875;0;;1.1630859375;325710;m2;189772;0;
..\..\world\azeroth\elwynn\passivedoodads\detail\elwynnseaweed01\elwynnseaweed01.m2;17786.189453125;-35.204471588134766;19199.298828125;0;96.35302734375;0;;1.1591796875;325672;m2;189772;0;
..\..\world\azeroth\elwynn\passivedoodads\detail\elwynnseaweed01\elwynnseaweed01.m2;17737.95703125;-47.77919387817383;19150.0546875;0;188.1685791015625;0;;1.158203125;325462;m2;189772;0;
..\..\world\azeroth\elwynn\passivedoodads\detail\elwynnseaweed01\elwynnseaweed01.m2;17713.65625;-46.61742401123047;19178.357421875;0;82.34503173828125;0;;1.1572265625;325453;m2;189772;0;
..\..\world\azeroth\elwynn\passivedoodads\detail\elwynnseaweed01\elwynnseaweed01.m2;17669.970703125;-43.421417236328125;19198.3984375;0;178.65411376953125;0;;1.1572265625;325504;m2;189772;0;
..\..\world\azeroth\elwynn\passivedoodads\detail\elwynnseaweed01\elwynnseaweed01.m2;17747.61328125;-45.44414138793945;19166.42578125;0;188.0587158203125;0;;1.1552734375;325465;m2;189772;0;
..\..\world\azeroth\elwynn\passivedoodads\detail\elwynnseaweed01\elwynnseaweed01.m2;17606.193359375;-41.922794342041016;19126.220703125;0;266.12994384765625;0;;1.154296875;325405;m2;189772;0;
..\..\world\azeroth\elwynn\passivedoodads\detail\elwynnseaweed01\elwynnseaweed01.m2;17787.669921875;-35.628379821777344;19183.3046875;0;230.55514526367188;0;;1.1513671875;325671;m2;189772;0;
..\..\world\azeroth\elwynn\passivedoodads\detail\elwynnseaweed01\elwynnseaweed01.m2;17736.96875;-47.4304084777832;19161.96484375;0;343.76171875;0;;1.1484375;325466;m2;189772;0;
..\..\world\azeroth\elwynn\passivedoodads\detail\elwynnseaweed01\elwynnseaweed01.m2;17650.017578125;-47.16339874267578;19155.73828125;0;328.633056640625;0;;1.1484375;325423;m2;189772;0;
..\..\world\azeroth\elwynn\passivedoodads\detail\elwynnseaweed01\elwynnseaweed01.m2;17776.52734375;-37.36289596557617;19119.548828125;0;62.42620849609375;0;;1.14453125;325483;m2;189772;0;
..\..\world\azeroth\elwynn\passivedoodads\detail\elwynnseaweed01\elwynnseaweed01.m2;17635.83984375;-40.28340148925781;19178.91015625;0;175.03955078125;0;;1.1435546875;325514;m2;189772;0;
..\..\world\azeroth\elwynn\passivedoodads\detail\elwynnseaweed01\elwynnseaweed01.m2;17613.80859375;-45.057518005371094;19087.55859375;0;37.43157958984375;0;;1.1435546875;325401;m2;189772;0;
..\..\world\azeroth\elwynn\passivedoodads\detail\elwynnseaweed01\elwynnseaweed01.m2;17649.27734375;-48.44774627685547;19133.341796875;0;206.3515167236328;0;;1.1396484375;325414;m2;189772;0;
..\..\world\azeroth\elwynn\passivedoodads\detail\elwynnseaweed01\elwynnseaweed01.m2;17764.05859375;-40.655120849609375;19106.36328125;0;86.43206787109375;0;;1.1328125;325478;m2;189772;0;
..\..\world\azeroth\elwynn\passivedoodads\detail\elwynnseaweed01\elwynnseaweed01.m2;17706.287109375;-47.06572723388672;19184.625;0;34.849700927734375;0;;1.1328125;325711;m2;189772;0;
..\..\world\azeroth\elwynn\passivedoodads\detail\elwynnseaweed01\elwynnseaweed01.m2;17702.142578125;-20.77000617980957;19045.58203125;0;45.39691162109375;0;;1.1318359375;325730;m2;189772;0;
..\..\world\azeroth\elwynn\passivedoodads\detail\elwynnseaweed01\elwynnseaweed01.m2;17790.255859375;-36.156455993652344;19176.521484375;0;153.54962158203125;0;;1.12890625;325681;m2;189772;0;
..\..\world\azeroth\elwynn\passivedoodads\detail\elwynnseaweed01\elwynnseaweed01.m2;17644.88671875;-45.510555267333984;19165.130859375;0;227.62168884277344;0;;1.125;325524;m2;189772;0;
..\..\world\azeroth\elwynn\passivedoodads\detail\elwynnseaweed01\elwynnseaweed01.m2;17627.609375;-39.450016021728516;19174.20703125;0;359.3188171386719;0;;1.1240234375;325512;m2;189772;0;
..\..\world\azeroth\elwynn\passivedoodads\detail\elwynnseaweed01\elwynnseaweed01.m2;17740.541015625;-44.15475082397461;19113.21484375;0;190.4318389892578;0;;1.12109375;325475;m2;189772;0;
..\..\world\azeroth\elwynn\passivedoodads\detail\elwynnseaweed01\elwynnseaweed01.m2;17643.7109375;-42.16611862182617;19074.08984375;0;241.62966918945312;0;;1.1142578125;325535;m2;189772;0;
..\..\world\azeroth\elwynn\passivedoodads\detail\elwynnseaweed01\elwynnseaweed01.m2;17636.291015625;-46.69173049926758;19104.384765625;0;313.62530517578125;0;;1.107421875;325530;m2;189772;0;
..\..\world\azeroth\elwynn\passivedoodads\detail\elwynnseaweed01\elwynnseaweed01.m2;17607.064453125;-33.25303649902344;19163.767578125;0;23.841064453125;0;;1.1005859375;325516;m2;189772;0;
..\..\world\azeroth\elwynn\passivedoodads\detail\elwynnseaweed01\elwynnseaweed01.m2;17632.076171875;-46.98102951049805;19126.462890625;0;290.6631774902344;0;;1.099609375;325529;m2;189772;0;
..\..\world\azeroth\elwynn\passivedoodads\detail\elwynnseaweed01\elwynnseaweed01.m2;17663.14453125;-45.03123092651367;19185.759765625;0;358.74749755859375;0;;1.091796875;325510;m2;189772;0;
..\..\world\azeroth\elwynn\passivedoodads\detail\elwynnseaweed01\elwynnseaweed01.m2;17691.158203125;-24.09833526611328;19040.31640625;0;70.97384643554688;0;;1.0908203125;325553;m2;189772;0;
..\..\world\azeroth\elwynn\passivedoodads\detail\elwynnseaweed01\elwynnseaweed01.m2;17695.892578125;-46.373695373535156;19121.55078125;0;189.87152099609375;0;;1.0673828125;325436;m2;189772;0;
..\..\world\azeroth\elwynn\passivedoodads\detail\elwynnseaweed01\elwynnseaweed01.m2;17699.619140625;-47.51200485229492;19179.818359375;0;94.60617065429688;0;;1.0625;325712;m2;189772;0;
..\..\world\azeroth\elwynn\passivedoodads\detail\elwynnseaweed01\elwynnseaweed01.m2;17632.419921875;-40.9364128112793;19173.3203125;0;320.8874816894531;0;;1.056640625;325513;m2;189772;0;
..\..\world\azeroth\elwynn\passivedoodads\detail\elwynnseaweed01\elwynnseaweed01.m2;17759.76953125;-44.97639465332031;19156.41015625;0;154.23077392578125;0;;1.052734375;325488;m2;189772;0;
..\..\world\azeroth\elwynn\passivedoodads\detail\elwynnseaweed01\elwynnseaweed01.m2;17701.15234375;-48.499488830566406;19147.494140625;0;10.05279541015625;0;;1.0498046875;325444;m2;189772;0;
..\..\world\azeroth\elwynn\passivedoodads\detail\elwynnseaweed01\elwynnseaweed01.m2;17688.21484375;-22.25814437866211;19034.02734375;0;158.97705078125;0;;1.041015625;325727;m2;189772;0;
..\..\world\azeroth\elwynn\passivedoodads\detail\elwynnseaweed01\elwynnseaweed01.m2;17719.712890625;-48.19886779785156;19160.248046875;0;214.3717803955078;0;;1.0390625;325455;m2;189772;0;
..\..\world\azeroth\elwynn\passivedoodads\detail\elwynnseaweed01\elwynnseaweed01.m2;17653.75;-47.79813766479492;19121.125;0;184.98245239257812;0;;1.0380859375;325413;m2;189772;0;
..\..\world\azeroth\elwynn\passivedoodads\detail\elwynnseaweed01\elwynnseaweed01.m2;17765.380859375;-39.64360046386719;19123.9453125;0;338.91656494140625;0;;1.0361328125;325480;m2;189772;0;
..\..\world\azeroth\elwynn\passivedoodads\detail\elwynnseaweed01\elwynnseaweed01.m2;17731.25;-44.7176513671875;19198.62890625;0;279.8193359375;0;;1.0361328125;325706;m2;189772;0;
..\..\world\azeroth\elwynn\passivedoodads\detail\elwynnseaweed01\elwynnseaweed01.m2;17639.59375;-46.73066711425781;19145.537109375;0;29.88372802734375;0;;1.0341796875;325525;m2;189772;0;
..\..\world\azeroth\elwynn\passivedoodads\detail\elwynnseaweed01\elwynnseaweed01.m2;17767.46875;-41.47016525268555;19172.07421875;0;247.968994140625;0;;1.03125;325687;m2;189772;0;
..\..\world\azeroth\elwynn\passivedoodads\detail\elwynnseaweed01\elwynnseaweed01.m2;17764.12109375;-44.530460357666016;19157.40625;0;120.27100372314453;0;;1.029296875;325490;m2;189772;0;
..\..\world\azeroth\elwynn\passivedoodads\detail\elwynnseaweed01\elwynnseaweed01.m2;17650.607421875;-43.22591018676758;19082.5234375;0;9.47052001953125;0;;1.0234375;325538;m2;189772;0;
..\..\world\azeroth\elwynn\passivedoodads\detail\elwynnseaweed01\elwynnseaweed01.m2;17738.2109375;-43.79288864135742;19201.07421875;0;244.5850830078125;0;;1.017578125;325492;m2;189772;0;
..\..\world\azeroth\elwynn\passivedoodads\detail\elwynnseaweed01\elwynnseaweed01.m2;17655.76171875;-46.42513656616211;19167.36328125;0;347.1895446777344;0;;1.013671875;325507;m2;189772;0;
..\..\world\azeroth\elwynn\passivedoodads\detail\elwynnseaweed01\elwynnseaweed01.m2;17630.443359375;-43.507728576660156;19077.55078125;0;76.1925048828125;0;;1.00390625;325534;m2;189772;0;
..\..\world\azeroth\elwynn\passivedoodads\detail\elwynnseaweed01\elwynnseaweed01.m2;17739.173828125;-45.949886322021484;19120.076171875;0;340.6415100097656;0;;0.998046875;325473;m2;189772;0;
..\..\world\azeroth\elwynn\passivedoodads\detail\elwynnseaweed01\elwynnseaweed01.m2;17693.689453125;-48.04706573486328;19145.318359375;0;323.4363708496094;0;;0.99609375;325441;m2;189772;0;
..\..\world\azeroth\elwynn\passivedoodads\detail\elwynnseaweed01\elwynnseaweed01.m2;17751.232421875;-43.41262435913086;19116.037109375;0;350.11199951171875;0;;0.9931640625;325471;m2;189772;0;
..\..\world\azeroth\elwynn\passivedoodads\detail\elwynnseaweed01\elwynnseaweed01.m2;17717.208984375;-48.424476623535156;19145.955078125;0;143.31005859375;0;;0.9931640625;325458;m2;189772;0;
..\..\world\azeroth\elwynn\passivedoodads\detail\elwynnseaweed01\elwynnseaweed01.m2;17769.330078125;-39.015262603759766;19103.767578125;0;338.7518005371094;0;;0.9892578125;325486;m2;189772;0;
..\..\world\azeroth\elwynn\passivedoodads\detail\elwynnseaweed01\elwynnseaweed01.m2;17685.982421875;-26.689722061157227;19044.173828125;0;199.04537963867188;0;;0.98828125;325551;m2;189772;0;
..\..\world\azeroth\elwynn\passivedoodads\detail\elwynnseaweed01\elwynnseaweed01.m2;17600.0234375;-40.96671676635742;19119.923828125;0;331.01715087890625;0;;0.986328125;325404;m2;189772;0;
..\..\world\azeroth\elwynn\passivedoodads\detail\elwynnseaweed01\elwynnseaweed01.m2;17684.9375;-35.99784851074219;19080.134765625;0;326.9411315917969;0;;0.986328125;325550;m2;189772;0;
..\..\world\azeroth\elwynn\passivedoodads\detail\elwynnseaweed01\elwynnseaweed01.m2;17805.6328125;-30.646936416625977;19159.537109375;0;246.9142608642578;0;;0.9833984375;325682;m2;189772;0;
..\..\world\azeroth\elwynn\passivedoodads\detail\elwynnseaweed01\elwynnseaweed01.m2;17749.443359375;-46.695465087890625;19156.939453125;0;112.03101348876953;0;;0.9765625;325491;m2;189772;0;
..\..\world\azeroth\elwynn\passivedoodads\detail\elwynnseaweed01\elwynnseaweed01.m2;17617.2421875;-40.2281494140625;19071.17578125;0;214.17401123046875;0;;0.9541015625;325562;m2;189772;0;
..\..\world\azeroth\elwynn\passivedoodads\detail\elwynnseaweed01\elwynnseaweed01.m2;17772.166015625;-42.833740234375;19159.46875;0;15.46923828125;0;;0.953125;325487;m2;189772;0;
..\..\world\azeroth\elwynn\passivedoodads\detail\elwynnseaweed01\elwynnseaweed01.m2;17671.267578125;-44.22273635864258;19192.8125;0;98.68222045898438;0;;0.951171875;325714;m2;189772;0;
..\..\world\azeroth\elwynn\passivedoodads\detail\elwynnseaweed01\elwynnseaweed01.m2;17695.330078125;-20.694149017333984;19033.009765625;0;52.5821533203125;0;;0.9453125;325724;m2;189772;0;
..\..\world\azeroth\elwynn\passivedoodads\detail\elwynnseaweed01\elwynnseaweed01.m2;17637.22265625;-43.29425048828125;19081.109375;0;358.75848388671875;0;;0.9345703125;325536;m2;189772;0;
..\..\world\azeroth\elwynn\passivedoodads\detail\elwynnseaweed01\elwynnseaweed01.m2;17663.361328125;-23.468305587768555;19031.83203125;0;269.83245849609375;0;;0.93359375;325554;m2;189772;0;
..\..\world\azeroth\elwynn\passivedoodads\detail\elwynnseaweed01\elwynnseaweed01.m2;17624.357421875;-39.86217498779297;19167.001953125;0;264.339111328125;0;;0.9306640625;325515;m2;189772;0;
..\..\world\azeroth\elwynn\passivedoodads\detail\elwynnseaweed01\elwynnseaweed01.m2;17605.244140625;-42.635826110839844;19078.791015625;0;110.4159927368164;0;;0.9296875;325397;m2;189772;0;
..\..\world\azeroth\elwynn\passivedoodads\detail\elwynnseaweed01\elwynnseaweed01.m2;17682.77734375;-24.216524124145508;19036.564453125;0;187.32261657714844;0;;0.92578125;325726;m2;189772;0;
..\..\world\azeroth\elwynn\passivedoodads\detail\elwynnseaweed01\elwynnseaweed01.m2;17651.361328125;-25.986597061157227;19036.076171875;0;127.17064666748047;0;;0.923828125;325557;m2;189772;0;
..\..\world\azeroth\elwynn\passivedoodads\detail\elwynnseaweed01\elwynnseaweed01.m2;17633.05078125;-38.49015808105469;19182.267578125;0;174.99560546875;0;;0.91796875;325511;m2;189772;0;
..\..\world\azeroth\elwynn\passivedoodads\detail\elwynnseaweed01\elwynnseaweed01.m2;17613.77734375;-46.29826736450195;19103.95703125;0;316.98724365234375;0;;0.9169921875;325400;m2;189772;0;
..\..\world\azeroth\elwynn\passivedoodads\detail\elwynnseaweed01\elwynnseaweed01.m2;17699.388671875;-48.475860595703125;19167.42578125;0;162.50372314453125;0;;0.916015625;325451;m2;189772;0;
..\..\world\azeroth\elwynn\passivedoodads\detail\elwynnseaweed01\elwynnseaweed01.m2;17725.0546875;-47.81116485595703;19131.67578125;0;191.36570739746094;0;;0.9111328125;325461;m2;189772;0;
..\..\world\azeroth\westfall\passivedoodads\deadmule\deadmule.m2;17798.787109375;-20.065475463867188;19055.380859375;-18;110.88839721679688;15.000000953674316;;0.7646484375;325625;m2;190546;0;
..\..\world\azeroth\elwynn\passivedoodads\detail\elwynnseaweed01\elwynnseaweed01.m2;17662.392578125;-43.69388198852539;19190.861328125;0;294.7941589355469;0;;0.9111328125;325506;m2;189772;0;
..\..\world\azeroth\elwynn\passivedoodads\detail\elwynnseaweed01\elwynnseaweed01.m2;17642.234375;-39.76832580566406;19067.595703125;0;103.50537109375;0;;0.9072265625;325542;m2;189772;0;
..\..\world\azeroth\elwynn\passivedoodads\detail\elwynnseaweed01\elwynnseaweed01.m2;17609.64453125;-32.269256591796875;19171.87890625;0;145.96881103515625;0;;0.904296875;325517;m2;189772;0;
..\..\world\azeroth\elwynn\passivedoodads\detail\elwynnseaweed01\elwynnseaweed01.m2;17767.416015625;-38.795291900634766;19116.92578125;0;235.22445678710938;0;;0.9033203125;325481;m2;189772;0;
..\..\world\azeroth\elwynn\passivedoodads\detail\elwynnseaweed01\elwynnseaweed01.m2;17737.224609375;-42.7808723449707;19191.97265625;0;211.1197052001953;0;;0.90234375;325705;m2;189772;0;
..\..\world\azeroth\elwynn\passivedoodads\detail\elwynnseaweed01\elwynnseaweed01.m2;17697.96875;-48.318363189697266;19163.49609375;0;223.41380310058594;0;;0.8984375;325439;m2;189772;0;
..\..\world\azeroth\elwynn\passivedoodads\detail\elwynnseaweed01\elwynnseaweed01.m2;17666.533203125;-46.98613357543945;19127.70703125;0;273.52398681640625;0;;0.8974609375;325430;m2;189772;0;
..\..\world\azeroth\elwynn\passivedoodads\detail\elwynnseaweed01\elwynnseaweed01.m2;17729.4453125;-48.03884506225586;19157.65625;0;355.6932373046875;0;;0.8955078125;325456;m2;189772;0;
..\..\world\azeroth\elwynn\passivedoodads\detail\elwynnseaweed01\elwynnseaweed01.m2;17708.533203125;-48.42527389526367;19147.232421875;0;253.3744354248047;0;;0.89453125;325446;m2;189772;0;
..\..\world\azeroth\elwynn\passivedoodads\detail\elwynnseaweed01\elwynnseaweed01.m2;17726.623046875;-45.05619430541992;19198.70703125;0;266.20684814453125;0;;0.89453125;325707;m2;189772;0;
..\..\world\azeroth\elwynn\passivedoodads\detail\elwynnseaweed01\elwynnseaweed01.m2;17603.474609375;-37.73163604736328;19064.185546875;0;35.9373779296875;0;;0.8935546875;325560;m2;189772;0;
..\..\world\azeroth\elwynn\passivedoodads\detail\elwynnseaweed01\elwynnseaweed01.m2;17677.78125;-22.56949806213379;19030.814453125;0;185.5207977294922;0;;0.890625;325552;m2;189772;0;
..\..\world\azeroth\elwynn\passivedoodads\detail\elwynnseaweed01\elwynnseaweed01.m2;17679.626953125;-33.961544036865234;19063.291015625;0;111.93212890625;0;;0.890625;325548;m2;189772;0;
..\..\world\azeroth\elwynn\passivedoodads\detail\elwynnseaweed01\elwynnseaweed01.m2;17697.580078125;-19.07737159729004;19027.330078125;0;77.31317138671875;0;;0.88671875;325723;m2;189772;0;
..\..\world\azeroth\elwynn\passivedoodads\detail\elwynnseaweed01\elwynnseaweed01.m2;17782.216796875;-37.0661506652832;19121.7578125;0;240.81668090820312;0;;0.8857421875;325482;m2;189772;0;
..\..\world\azeroth\elwynn\passivedoodads\detail\elwynnseaweed01\elwynnseaweed01.m2;17694.07421875;-40.71280288696289;19098.1953125;0;48.780792236328125;0;;0.8837890625;325433;m2;189772;0;
..\..\world\azeroth\elwynn\passivedoodads\detail\elwynnseaweed01\elwynnseaweed01.m2;17702.15234375;-19.114534378051758;19028.7421875;0;257.99981689453125;0;;0.8818359375;325720;m2;189772;0;
..\..\world\azeroth\elwynn\passivedoodads\detail\elwynnseaweed01\elwynnseaweed01.m2;17620.009765625;-39.82325744628906;19069.796875;0;64.151123046875;0;;0.87890625;325561;m2;189772;0;
..\..\world\azeroth\elwynn\passivedoodads\detail\elwynnseaweed01\elwynnseaweed01.m2;17782.794921875;-35.4974479675293;19186.828125;0;219.21688842773438;0;;0.876953125;325688;m2;189772;0;
..\..\world\azeroth\elwynn\passivedoodads\detail\elwynnseaweed01\elwynnseaweed01.m2;17704.6171875;-48.148860931396484;19172.67578125;0;249.52908325195312;0;;0.875;325450;m2;189772;0;
..\..\world\azeroth\elwynn\passivedoodads\detail\elwynnseaweed01\elwynnseaweed01.m2;17636.95703125;-37.17575454711914;19057.12109375;0;319.66796875;0;;0.8603515625;325545;m2;189772;0;
..\..\world\azeroth\elwynn\passivedoodads\detail\elwynnseaweed01\elwynnseaweed01.m2;17697.568359375;-48.01539993286133;19172.787109375;0;347.0467224121094;0;;0.859375;325452;m2;189772;0;
..\..\world\azeroth\elwynn\passivedoodads\detail\elwynnseaweed01\elwynnseaweed01.m2;17664.822265625;-24.514089584350586;19035.970703125;0;232.203125;0;;0.8583984375;325556;m2;189772;0;
..\..\world\azeroth\elwynn\passivedoodads\detail\elwynnseaweed01\elwynnseaweed01.m2;17695.28125;-48.02301025390625;19152.921875;0;138.20123291015625;0;;0.8525390625;325442;m2;189772;0;
..\..\world\azeroth\elwynn\passivedoodads\detail\elwynnseaweed01\elwynnseaweed01.m2;17700.857421875;-48.58692169189453;19151.466796875;0;75.7750244140625;0;;0.8525390625;325447;m2;189772;0;
..\..\world\azeroth\elwynn\passivedoodads\detail\elwynnseaweed01\elwynnseaweed01.m2;17685.634765625;-48.024131774902344;19170.51953125;0;110.61373901367188;0;;0.841796875;325438;m2;189772;0;
..\..\world\azeroth\elwynn\passivedoodads\detail\elwynnseaweed01\elwynnseaweed01.m2;17768.537109375;-40.72767639160156;19187.080078125;0;91.6947021484375;0;;0.8408203125;325689;m2;189772;0;
..\..\world\azeroth\elwynn\passivedoodads\detail\elwynnseaweed01\elwynnseaweed01.m2;17646.3046875;-47.6940803527832;19116.03515625;0;2.900482177734375;0;;0.8359375;325417;m2;189772;0;
..\..\world\azeroth\elwynn\passivedoodads\detail\elwynnseaweed01\elwynnseaweed01.m2;17761.396484375;-40.66658401489258;19099.892578125;0;22.55560302734375;0;;0.83203125;325476;m2;189772;0;
..\..\world\azeroth\elwynn\passivedoodads\detail\elwynnseaweed01\elwynnseaweed01.m2;17634.826171875;-44.73441696166992;19154.1484375;0;272.304443359375;0;;0.830078125;325523;m2;189772;0;
..\..\world\azeroth\elwynn\passivedoodads\detail\elwynnseaweed01\elwynnseaweed01.m2;17657.751953125;-25.16692352294922;19035.3515625;0;219.34873962402344;0;;0.8291015625;325555;m2;189772;0;
..\..\world\azeroth\elwynn\passivedoodads\detail\elwynnseaweed01\elwynnseaweed01.m2;17762;-39.76577377319336;19192.1640625;0;228.0391845703125;0;;0.8291015625;325690;m2;189772;0;
..\..\world\azeroth\elwynn\passivedoodads\detail\elwynnseaweed01\elwynnseaweed01.m2;17719.2265625;-48.31020736694336;19138.13671875;0;182.20281982421875;0;;0.8212890625;325459;m2;189772;0;
..\..\world\azeroth\elwynn\passivedoodads\detail\elwynnseaweed01\elwynnseaweed01.m2;17652.884765625;-46.77460479736328;19105.6484375;0;26.47784423828125;0;;0.8173828125;325427;m2;189772;0;
..\..\world\azeroth\elwynn\passivedoodads\detail\elwynnseaweed01\elwynnseaweed01.m2;17698.830078125;-48.40903854370117;19160.00390625;0;103.43942260742188;0;;0.81640625;325443;m2;189772;0;
..\..\world\azeroth\elwynn\passivedoodads\detail\elwynnseaweed01\elwynnseaweed01.m2;17640.103515625;-41.81675338745117;19073.154296875;0;51.8021240234375;0;;0.80859375;325563;m2;189772;0;
..\..\world\azeroth\elwynn\passivedoodads\detail\elwynnseaweed01\elwynnseaweed01.m2;17796.986328125;-34.87211990356445;19184.912109375;0;78.82931518554688;0;;0.806640625;325676;m2;189772;0;
..\..\world\azeroth\elwynn\passivedoodads\detail\elwynnseaweed01\elwynnseaweed01.m2;17667.80078125;-45.00492858886719;19115.166015625;0;101.71450805664062;0;;0.8056640625;325431;m2;189772;0;
..\..\world\azeroth\elwynn\passivedoodads\detail\elwynnseaweed01\elwynnseaweed01.m2;17775.26171875;-37.91655731201172;19111.80078125;0;16.1943359375;0;;0.8037109375;325484;m2;189772;0;
..\..\world\azeroth\elwynn\passivedoodads\detail\elwynnseaweed01\elwynnseaweed01.m2;17620.234375;-45.56691360473633;19090.205078125;0;234.89486694335938;0;;0.7978515625;325410;m2;189772;0;
..\..\world\azeroth\elwynn\passivedoodads\detail\elwynnseaweed01\elwynnseaweed01.m2;17649.876953125;-47.23459243774414;19151.291015625;0;83.24594116210938;0;;0.7978515625;325422;m2;189772;0;
..\..\world\azeroth\elwynn\passivedoodads\detail\elwynnseaweed01\elwynnseaweed01.m2;17609.828125;-33.30830001831055;19168.21875;0;264.65777587890625;0;;0.7939453125;325518;m2;189772;0;
..\..\world\azeroth\elwynn\passivedoodads\detail\elwynnseaweed01\elwynnseaweed01.m2;17655.814453125;-43.02751159667969;19081.208984375;0;40.04638671875;0;;0.7900390625;325539;m2;189772;0;
..\..\world\azeroth\elwynn\passivedoodads\detail\elwynnseaweed01\elwynnseaweed01.m2;17705.318359375;-18.452260971069336;19031.060546875;0;134.26800537109375;0;;0.787109375;325721;m2;189772;0;
..\..\world\azeroth\elwynn\passivedoodads\detail\elwynnseaweed01\elwynnseaweed01.m2;17736.103515625;-47.77670669555664;19140.470703125;0;78.45574951171875;0;;0.7861328125;325469;m2;189772;0;
..\..\world\azeroth\elwynn\passivedoodads\detail\elwynnseaweed01\elwynnseaweed01.m2;17649.470703125;-46.200218200683594;19162.1640625;0;333.2364807128906;0;;0.7763671875;325419;m2;189772;0;
..\..\world\azeroth\elwynn\passivedoodads\detail\elwynnseaweed01\elwynnseaweed01.m2;17619.349609375;-46.188995361328125;19095.220703125;0;144.199951171875;0;;0.7744140625;325402;m2;189772;0;
..\..\world\azeroth\elwynn\passivedoodads\detail\elwynnseaweed01\elwynnseaweed01.m2;17661.84765625;-47.5700569152832;19157.14453125;0;115.9532470703125;0;;0.7734375;325424;m2;189772;0;
..\..\world\azeroth\elwynn\passivedoodads\detail\elwynnseaweed01\elwynnseaweed01.m2;17654;-23.23366355895996;19031.18359375;0;205.78021240234375;0;;0.7734375;325558;m2;189772;0;
..\..\world\azeroth\elwynn\passivedoodads\detail\elwynnseaweed01\elwynnseaweed01.m2;17648.181640625;-42.60163879394531;19085.7890625;0;257.2856750488281;0;;0.7724609375;325537;m2;189772;0;
..\..\world\azeroth\elwynn\passivedoodads\detail\elwynnseaweed01\elwynnseaweed01.m2;17698.39453125;-21.454626083374023;19039.08203125;0;278.07244873046875;0;;0.7666015625;325725;m2;189772;0;
..\..\world\azeroth\elwynn\passivedoodads\detail\elwynnseaweed01\elwynnseaweed01.m2;17708.474609375;-47.5358772277832;19177.67578125;0;211.02084350585938;0;;0.76171875;325454;m2;189772;0;
..\..\world\azeroth\elwynn\passivedoodads\detail\elwynnseaweed01\elwynnseaweed01.m2;17743.509765625;-43.84336471557617;19107.970703125;0;157.93328857421875;0;;0.7568359375;325474;m2;189772;0;
..\..\world\azeroth\elwynn\passivedoodads\detail\elwynnseaweed01\elwynnseaweed01.m2;17632.537109375;-47.77116012573242;19121.46484375;0;249.4521942138672;0;;0.755859375;325416;m2;189772;0;
..\..\world\azeroth\elwynn\passivedoodads\detail\elwynnseaweed01\elwynnseaweed01.m2;17747.55859375;-46.90340042114258;19159.01953125;0;253.2865447998047;0;;0.7548828125;325463;m2;189772;0;
..\..\world\azeroth\elwynn\passivedoodads\detail\elwynnseaweed01\elwynnseaweed01.m2;17744.728515625;-45.461585998535156;19120.21484375;0;36.5416259765625;0;;0.7470703125;325472;m2;189772;0;
..\..\world\azeroth\elwynn\passivedoodads\detail\elwynnseaweed01\elwynnseaweed01.m2;17624.1484375;-45.79750442504883;19126.5625;0;177.65435791015625;0;;0.7353515625;325407;m2;189772;0;
..\..\world\azeroth\elwynn\passivedoodads\detail\elwynnseaweed01\elwynnseaweed01.m2;17691.80078125;-45.471317291259766;19116.42578125;0;195.8372802734375;0;;0.734375;325435;m2;189772;0;
..\..\world\azeroth\elwynn\passivedoodads\detail\elwynnseaweed01\elwynnseaweed01.m2;17792.076171875;-35.8044319152832;19178.408203125;0;155.3624267578125;0;;0.7275390625;325680;m2;189772;0;
..\..\world\azeroth\elwynn\passivedoodads\detail\elwynnseaweed01\elwynnseaweed01.m2;17703.041015625;-48.18197250366211;19141.9921875;0;138.88241577148438;0;;0.7275390625;325445;m2;189772;0;
..\..\world\azeroth\elwynn\passivedoodads\detail\elwynnseaweed01\elwynnseaweed01.m2;17718.185546875;-46.06868362426758;19192.890625;0;141.78289794921875;0;;0.7275390625;325495;m2;189772;0;
..\..\world\azeroth\elwynn\passivedoodads\detail\elwynnseaweed01\elwynnseaweed01.m2;17625.69921875;-33.45614242553711;19190.923828125;0;86.01458740234375;0;;0.7236328125;325520;m2;189772;0;
..\..\world\azeroth\elwynn\passivedoodads\detail\elwynnseaweed01\elwynnseaweed01.m2;17660.322265625;-40.31153869628906;19199.669921875;0;339.0264587402344;0;;0.720703125;325670;m2;189772;0;
..\..\world\azeroth\elwynn\passivedoodads\detail\elwynnseaweed01\elwynnseaweed01.m2;17726.056640625;-48.08445739746094;19133.615234375;0;316.1412353515625;0;;0.71875;325460;m2;189772;0;
..\..\world\azeroth\elwynn\passivedoodads\detail\elwynnseaweed01\elwynnseaweed01.m2;17801.541015625;-33.91100311279297;19171.53125;0;261.2298583984375;0;;0.716796875;325678;m2;189772;0;
..\..\world\azeroth\elwynn\passivedoodads\detail\elwynnseaweed01\elwynnseaweed01.m2;17726.40625;-48.02667236328125;19161.583984375;0;178.7640380859375;0;;0.7158203125;325448;m2;189772;0;
..\..\world\azeroth\elwynn\passivedoodads\detail\elwynnseaweed01\elwynnseaweed01.m2;17627.296875;-46.65519714355469;19125.9609375;0;31.158203125;0;;0.7138671875;325528;m2;189772;0;
..\..\world\azeroth\elwynn\passivedoodads\detail\elwynnseaweed01\elwynnseaweed01.m2;17670.11328125;-44.64147186279297;19097.80078125;0;295.3324890136719;0;;0.7109375;325428;m2;189772;0;
..\..\world\azeroth\elwynn\passivedoodads\detail\elwynnseaweed01\elwynnseaweed01.m2;17642.87109375;-47.388038635253906;19111.0625;0;349.2110900878906;0;;0.7109375;325412;m2;189772;0;
..\..\world\azeroth\elwynn\passivedoodads\detail\elwynnseaweed01\elwynnseaweed01.m2;17769.041015625;-39.51106643676758;19107.82421875;0;203.39610290527344;0;;0.7060546875;325477;m2;189772;0;
..\..\world\azeroth\elwynn\passivedoodads\detail\elwynnseaweed01\elwynnseaweed01.m2;17775.443359375;-41.371337890625;19167.59375;0;353.72662353515625;0;;0.7060546875;325685;m2;189772;0;
..\..\world\azeroth\elwynn\passivedoodads\detail\elwynnseaweed01\elwynnseaweed01.m2;17610.384765625;-44.248748779296875;19117.45703125;0;11.3822021484375;0;;0.7041015625;325403;m2;189772;0;
..\..\world\azeroth\elwynn\passivedoodads\detail\elwynnseaweed01\elwynnseaweed01.m2;17633.93359375;-47.57429885864258;19108.912109375;0;79.906005859375;0;;0.703125;325411;m2;189772;0;
..\..\world\azeroth\elwynn\passivedoodads\detail\elwynnseaweed01\elwynnseaweed01.m2;17765.103515625;-39.42493438720703;19098.580078125;0;118.18353271484375;0;;0.703125;325485;m2;189772;0;
..\..\world\azeroth\elwynn\passivedoodads\detail\elwynnseaweed01\elwynnseaweed01.m2;17652.59375;-38.406837463378906;19061.767578125;0;70.36956787109375;0;;0.7001953125;325540;m2;189772;0;
..\..\world\azeroth\elwynn\passivedoodads\detail\elwynnseaweed01\elwynnseaweed01.m2;17620.248046875;-33.571651458740234;19183.103515625;0;75.7420654296875;0;;0.7001953125;325519;m2;189772;0;
..\..\world\generic\passivedoodads\barrel\brokenbarrel01.m2;17782.564453125;3.415076494216919;19000.330078125;0;345;0;;1;174952;m2;199566;0;
..\..\world\generic\orc\passivedoodads\bongs\hookahbong01.m2;17765.91796875;2.985593318939209;18982.712890625;0;45;0;;1;174946;m2;199118;0;
..\..\world\azeroth\elwynn\passivedoodads\detail\elwynnseaweed01\elwynnseaweed01.m2;17697.001953125;-18.00959587097168;19023.255859375;0;89.94781494140625;0;;0.6708984375;325719;m2;189772;0;
..\..\world\generic\human\passivedoodads\cargoboxes\deadminecargoboxes.m2;18092;45.099822998046875;18991.494140625;0;12;0;;1;237035;m2;198085;0;
..\..\world\generic\passivedoodads\misc\wheelbarrow\caveminewheelbarrow01.m2;18117.669921875;45.116302490234375;18994.8046875;86.49999237060547;286.49993896484375;-165.5;;1;340219;m2;199886;0;
..\..\world\generic\passivedoodads\barrel\brokenbarrel01.m2;17774.794921875;3.559849262237549;18983.65625;0;0;0;;1;174951;m2;199566;0;
..\..\world\generic\passivedoodads\barrel\brokenbarrel01.m2;17764.734375;3.094655990600586;18995.2421875;0;0;0;;1;174955;m2;199566;0;
..\..\world\generic\tauren\passivedoodads\animalcages\animalcage02.m2;18115.474609375;44.35439682006836;18988.3125;14;337.5;4.5;;1;340216;m2;200358;0;
..\..\world\azeroth\westfall\passivedoodads\westfallskeleton\westfallskeleton.m2;17710.490234375;-48.0881233215332;19160.466796875;0;143.86575317382812;0;;1.126953125;325609;m2;190671;0;
..\..\world\generic\passivedoodads\furniture\containers\crate03.m2;17662.25;-38.01857376098633;19072.0625;-22.0000057220459;125.43364715576172;-148;;1.2841796875;325614;m2;199739;0;
..\..\world\generic\tauren\passivedoodads\animalcages\animalcage03.m2;17708.2578125;-48.34453201293945;19162.138671875;-0.5000001788139343;16.65576171875;8.500000953674316;;0.9443359375;325608;m2;200359;0;
..\..\world\azeroth\elwynn\passivedoodads\detail\elwynnseaweed01\elwynnseaweed01.m2;17703.236328125;-17.231456756591797;19016.38671875;0;254.39617919921875;0;;0.486328125;325718;m2;189772;0;
..\..\world\azeroth\elwynn\passivedoodads\detail\elwynnseaweed01\elwynnseaweed01.m2;17710.04296875;-17.137964248657227;19022.21875;0;237.24600219726562;0;;0.470703125;325722;m2;189772;0;
..\..\world\generic\passivedoodads\barrel\brokenbarrel02.m2;18124.111328125;43.96306610107422;19008.361328125;0;128.5;0;;1;340226;m2;199567;0;
..\..\world\generic\passivedoodads\barrel\brokenbarrel02.m2;17783.55859375;3.456974983215332;18999.37109375;0;317.5;0;;1;174953;m2;199567;0;
..\..\world\generic\passivedoodads\barrel\brokenbarrel02.m2;17779.845703125;3.5673112869262695;18996.015625;0;19;0;;1;174956;m2;199567;0;
..\..\world\generic\passivedoodads\barrel\brokenbarrel02.m2;17768.630859375;3.091101884841919;19000.46875;0;0;0;;1;174954;m2;199567;0;
..\..\world\azeroth\westfall\passivedoodads\crate\westfallcrate.m2;17762.1796875;4.121306419372559;18991.1796875;0;353;0;;1;174928;m2;190543;0;
..\..\world\azeroth\elwynn\passivedoodads\shovel\shovel.m2;18113.919921875;43.85695266723633;18990.8515625;12.500000953674316;58.5;2.5;;1;340215;m2;189854;0;
..\..\world\azeroth\elwynn\passivedoodads\shovel\shovel.m2;18118.64453125;43.87538528442383;18995.640625;12.5;146;2.500000476837158;;1;340220;m2;189854;0;
..\..\world\generic\human\passivedoodads\crates\stormwindcrate01.m2;18089.978515625;45.06710433959961;18991.517578125;0;12;0;;1;237033;m2;198168;0;
..\..\world\generic\passivedoodads\furniture\containers\crate03.m2;17661.30859375;-39.646297454833984;19071.875;0;29.94964599609375;5.500000476837158;;0.8046875;325615;m2;199739;0;
..\..\world\generic\human\passivedoodads\crates\stormwindcrate01.m2;18127.70703125;43.986297607421875;19003.5625;0;351.5;0;;1;340222;m2;198168;0;
..\..\world\generic\human\passivedoodads\crates\replacecrate01.m2;17773.28515625;3.4305596351623535;18995.673828125;0;340;0;;1;244421;m2;198165;0;
..\..\world\generic\human\passivedoodads\crates\replacecrate03.m2;18125.49609375;43.984352111816406;19008.87890625;0;343.5;0;;1;340227;m2;198167;0;
..\..\world\generic\human\passivedoodads\crates\stormwindcrate01.m2;18109.5234375;43.987823486328125;18989.05078125;0;0;0;;1;340228;m2;198168;0;
..\..\world\azeroth\theblastedlands\passivedoodads\bones\blastedlandsspine01.m2;17685.349609375;-47.29603958129883;19147.17578125;0;345.05810546875;0;;1.107421875;325626;m2;190441;0;
..\..\world\azeroth\westfall\passivedoodads\harempillow01\harempillow01.m2;18126.595703125;43.96274185180664;19006.6796875;0;71.5;0;;1;340225;m2;190592;0;
..\..\world\generic\human\passivedoodads\crates\replacecrate01.m2;17761.486328125;4.743770122528076;18993.21484375;0;264.5;0;;1;174913;m2;198165;0;
..\..\world\generic\human\passivedoodads\ropes\cavekoboldropecoil.m2;18114.546875;43.96834182739258;18992.9921875;0;0;0;;1;340217;m2;198422;0;
..\..\world\generic\human\passivedoodads\crates\replacecrate03.m2;17761.732421875;4.120799541473389;18992.947265625;0;354.5;0;;1;174912;m2;198167;0;
..\..\world\generic\tauren\passivedoodads\sacks\taurensack02.m2;18090.423828125;45.02138137817383;18992.59765625;0;0;0;;1;237034;m2;200442;0;
..\..\world\azeroth\elwynn\passivedoodads\jars\jar01.m2;17785.197265625;3.437252998352051;18999.64453125;0;0;0;;1.669921875;174926;m2;189815;0;
..\..\world\generic\human\passivedoodads\lanterns\generallantern03.m2;18119.966796875;43.984710693359375;18996.61328125;0;358.5;0;;0.619140625;340221;m2;198329;0;
..\..\world\generic\human\passivedoodads\crates\replacecrate02.m2;17771.80859375;3.449457883834839;18992.46875;0;25;0;;1;244422;m2;198166;0;
..\..\world\generic\human\passivedoodads\crates\replacecrate02.m2;17904.255859375;6.789552688598633;19057.16015625;0;21.5;0;;1;174943;m2;198166;0;
..\..\world\generic\passivedoodads\furniture\containers\sack01.m2;17776.5625;3.629523515701294;18981.05859375;0;273;0;;1;174925;m2;199745;0;
..\..\world\generic\passivedoodads\barrel\barrel01.m2;18114.513671875;43.975852966308594;18991.20703125;0;0;0;;1;340211;m2;199563;0;
..\..\world\azeroth\westfall\passivedoodads\barrel\westfallbarrel01.m2;17762.88671875;4.120945453643799;18993.64453125;0;0;0;;1;174914;m2;190535;0;
..\..\world\azeroth\westfall\passivedoodads\barrel\westfallbarrel01.m2;17763.20703125;4.120876789093018;18992.7109375;0;0;0;;1;174915;m2;190535;0;
..\..\world\generic\human\passivedoodads\crates\replacecrate02.m2;17776.70703125;3.642186403274536;18988.416015625;0;10.5;0;;1;244419;m2;198166;0;
..\..\world\generic\passivedoodads\furniture\containers\sack01.m2;17777.294921875;3.7575221061706543;18981.232421875;0;0;0;;1;174922;m2;199745;0;
..\..\world\generic\passivedoodads\furniture\containers\sack01.m2;17777.341796875;3.713559865951538;18980.669921875;0;0;0;;1;174923;m2;199745;0;
..\..\world\generic\passivedoodads\furniture\containers\sack01.m2;17777.2421875;3.9173219203948975;18980.9609375;0;0;0;;1;174924;m2;199745;0;
..\..\world\generic\dwarf\passivedoodads\powderkegs\powderkegfused.m2;18111.984375;44.25932693481445;18986.658203125;0;0;0;;1;340212;m2;197464;0;
..\..\world\generic\dwarf\passivedoodads\powderkegs\powderkeg01.m2;18111.720703125;44.127445220947266;18987.23828125;0;0;0;;1;340213;m2;197463;0;
..\..\world\generic\human\passivedoodads\crates\replacecrate02.m2;17761.46875;4.120877742767334;18993.6484375;0;353;0;;1;174911;m2;198166;0;
..\..\world\azeroth\elwynn\passivedoodads\pick\pick.m2;18113.84375;43.97294998168945;18991.412109375;-23.000001907348633;290.5;-0.9999985098838806;;1;340214;m2;189834;0;
..\..\world\generic\passivedoodads\furniture\containers\sack02.m2;17764.998046875;3.159250259399414;18990.580078125;0;102.5;0;;1;174927;m2;199746;0;
..\..\world\generic\human\passivedoodads\buckets\cavekoboldbucket.m2;18111.41796875;43.966365814208984;18990.455078125;0;170;0;;1;340218;m2;198069;0;
..\..\world\generic\human\passivedoodads\lanterns\generallantern03.m2;18127.375;45.22945022583008;19003.77734375;0;0;0;;0.4091796875;340224;m2;198329;0;
..\..\world\generic\human\passivedoodads\bottles\greenbottle01.m2;17775.95703125;3.621103525161743;18988.162109375;-85.4999008178711;68.4998779296875;-11.500028610229492;;1.1796875;174949;m2;198060;0;
..\..\world\generic\human\passivedoodads\bottles\bottle01.m2;17762.0234375;4.121860980987549;18992.25390625;0;0;0;;1;174920;m2;198057;0;
..\..\world\generic\human\passivedoodads\bottles\bottle01.m2;17762.5390625;4.19144868850708;18991.39453125;0;0;0;;1;174929;m2;198057;0;
..\..\world\generic\human\passivedoodads\bottles\bottle01.m2;17762.59375;4.192686557769775;18991.103515625;0;0;0;;1;174930;m2;198057;0;
..\..\world\generic\human\passivedoodads\bottles\bottle01.m2;17785.64453125;5.192831516265869;19000.041015625;0;0;0;;1;174950;m2;198057;0;
..\..\world\azeroth\elwynn\passivedoodads\jugs\jug01.m2;18128.017578125;45.22807693481445;19003.373046875;0;262.5;0;;1;340223;m2;189820;0;
..\..\world\azeroth\elwynn\passivedoodads\jugs\jug01.m2;17763.283203125;4.1215362548828125;18991.8671875;0;0;0;;1;174937;m2;189820;0;
..\..\world\azeroth\elwynn\passivedoodads\jugs\jug01.m2;17763.345703125;4.12170934677124;18991.279296875;0;0;0;;1;174938;m2;189820;0;
..\..\world\azeroth\elwynn\passivedoodads\jugs\jug01.m2;17780.279296875;3.6769304275512695;18990.78515625;0;0;0;;1;174945;m2;189820;0;
..\..\world\azeroth\elwynn\passivedoodads\jugs\jug01.m2;17771.76953125;3.463109254837036;18991.564453125;0;0;0;;1;174944;m2;189820;0;
..\..\world\azeroth\theblastedlands\passivedoodads\bones\blastedlandsskull02.m2;17684.447265625;-47.52150344848633;19148.580078125;0;151.29736328125;0;;1.0107421875;325627;m2;190440;0;
..\..\world\generic\human\passivedoodads\bottles\greenbottle02.m2;17782.30078125;4.75588846206665;18982.8125;8.000000953674316;0;8.500000953674316;;1;174921;m2;198061;0;
..\..\world\generic\human\passivedoodads\bottles\greenbottle01.m2;17773.974609375;3.4875423908233643;18994;-85.49998474121094;0;-11.499990463256836;;1;174948;m2;198060;0;
..\..\world\generic\human\passivedoodads\bottles\greenbottle02.m2;17762.267578125;4.191995620727539;18991.4140625;0;0;0;;1;174931;m2;198061;0;
..\..\world\generic\human\passivedoodads\bottles\greenbottle02.m2;17762.08203125;4.191988468170166;18991.412109375;0;0;0;;1;174932;m2;198061;0;
..\..\world\generic\human\passivedoodads\bottles\greenbottle02.m2;17762.359375;4.191891193389893;18991.26171875;0;0;0;;1;174933;m2;198061;0;
..\..\world\generic\human\passivedoodads\bottles\greenbottle02.m2;17762.189453125;4.191263675689697;18991.263671875;0;0;0;;1;174934;m2;198061;0;
..\..\world\generic\human\passivedoodads\bottles\greenbottle02.m2;17762.28125;4.191219806671143;18991.111328125;0;0;0;;1;174935;m2;198061;0;
..\..\world\generic\human\passivedoodads\bottles\greenbottle02.m2;17767.666015625;3.058117151260376;19000.36328125;0;0;0;;1;174918;m2;198061;0;
..\..\world\generic\human\passivedoodads\bottles\greenbottle02.m2;17767.544921875;3.0635464191436768;19000.142578125;0;0;0;;1;174919;m2;198061;0;
..\..\world\generic\human\passivedoodads\bottles\greenbottle01.m2;17767.376953125;3.0467782020568848;19000.373046875;0;337.5;0;;1;174917;m2;198060;0;
..\..\world\generic\human\passivedoodads\bottles\greenbottle01.m2;17771.2578125;3.4403183460235596;18991.96875;0;0;0;;1;174947;m2;198060;0;
..\..\world\generic\human\passivedoodads\bottles\greenbottle01.m2;17761.83203125;4.192866802215576;18991.26171875;0;220;0;;1;174936;m2;198060;0;
..\..\world\azeroth\theblastedlands\passivedoodads\bones\blastedlandsbone01.m2;17684.447265625;-47.40009689331055;19147.033203125;7.999997615814209;230.93748474121094;-48.999996185302734;;0.791015625;325628;m2;190436;0;
..\..\world\generic\human\passivedoodads\bottles\greenbottle01.m2;17764.673828125;3.1371190547943115;18991.109375;0;137.5;0;;1;174916;m2;198060;0;
..\..\world\azeroth\elwynn\passivedoodads\detail\elwynnrock1\elwynnrock1.m2;17606.466796875;-43.377445220947266;19113.798828125;0;0;0;;1;255515;m2;189768;0;
..\..\world\wmo\dungeon\md_goldmine\md_goldmine_variantc.wmo;18189.427734375;95.59601593017578;18916.609375;0;333;0;0;1;170819;wmo;110808;0;Set_$DefaultGlobal
