ModelFile;PositionX;PositionY;PositionZ;RotationX;RotationY;RotationZ;RotationW;ScaleFactor;ModelId;Type;FileDataID;DoodadSetIndexes;DoodadSetNames
..\..\world\kalimdor\felwood\passivedoodads\tree\felwoodtree03.m2;19258.5;199.16378784179688;14433.458984375;0;24.5;0;;1.189453125;275386;m2;201902;0;
..\..\world\kalimdor\kalidar\passivedoodads\kalidartrees\kalidartree01.m2;19345.06640625;216.2373504638672;14223.8955078125;0;217;0;;1.109375;256952;m2;202050;0;
..\..\world\kalimdor\kalidar\passivedoodads\kalidartrees\kalidartree01.m2;19257.619140625;113.8307876586914;14732.7509765625;0;316.5;0;;1;273196;m2;202050;0;
..\..\world\kalimdor\kalidar\passivedoodads\kalidartrees\kalidartree01.m2;19709.4921875;140.69493103027344;14496.5302734375;0;43;0;;1;245675;m2;202050;0;
..\..\world\kalimdor\kalidar\passivedoodads\kalidartrees\kalidartree01.m2;19621.42578125;80.65386962890625;14922.7109375;0;225.5;0;;1;239644;m2;202050;0;
..\..\world\kalimdor\kalidar\passivedoodads\kalidartrees\kalidartree01.m2;19223.76953125;123.24668884277344;14941.9697265625;0;310.5;0;;1;238406;m2;202050;0;
..\..\world\kalimdor\kalidar\passivedoodads\kalidartrees\kalidartree01.m2;19554.013671875;105.31590270996094;14685.8798828125;0;319.5;0;;1;572903;m2;202050;0;
..\..\world\kalimdor\kalidar\passivedoodads\kalidartrees\kalidartree01.m2;19304.859375;104.39901733398438;14953.2333984375;0;51.5;0;;1;242714;m2;202050;0;
..\..\world\kalimdor\kalidar\passivedoodads\kalidartrees\kalidartree01.m2;19138.912109375;95.04277801513672;15006.9521484375;0;232;0;;1;239645;m2;202050;0;
..\..\world\kalimdor\kalidar\passivedoodads\kalidartrees\kalidartree01.m2;19511.6796875;75.35274505615234;14811.6708984375;0;193.82122802734375;0;;1.1396484375;239508;m2;202050;0;
..\..\world\kalimdor\kalidar\passivedoodads\kalidartrees\kalidartree01.m2;19098.234375;152.0420684814453;14440.9541015625;0;234.50001525878906;0;;1;256943;m2;202050;0;
..\..\world\kalimdor\kalidar\passivedoodads\kalidartrees\kalidartree01.m2;19151.78515625;169.2991485595703;14298.2412109375;0;234.50001525878906;0;;1;256948;m2;202050;0;
..\..\world\kalimdor\felwood\passivedoodads\tree\felwoodtree03.m2;19821.51953125;214.4593048095703;14227.130859375;0;324;0;;1;562492;m2;201902;0;
..\..\world\kalimdor\kalidar\passivedoodads\kalidartrees\kalidartree01.m2;19473.84765625;209.0085906982422;14243.4716796875;0;30.5;0;;1;256946;m2;202050;0;
..\..\world\kalimdor\kalidar\passivedoodads\kalidartrees\kalidartree01.m2;19684.236328125;150.94113159179688;14399.4228515625;0;26.5;0;;1;245670;m2;202050;0;
..\..\world\kalimdor\kalidar\passivedoodads\kalidartrees\kalidartree01.m2;19325.56640625;147.75120544433594;14559.4833984375;0;22.5;0;;1;273197;m2;202050;0;
..\..\world\kalimdor\kalidar\passivedoodads\kalidartrees\kalidartree01.m2;19112.533203125;109.84928131103516;14797.3515625;0;19.5;0;;1;256602;m2;202050;0;
..\..\world\kalimdor\kalidar\passivedoodads\kalidartrees\kalidartree01.m2;19793.46484375;123.10433197021484;14882.0546875;0;288;0;;1;239648;m2;202050;0;
..\..\world\kalimdor\kalidar\passivedoodads\kalidartrees\kalidartree01.m2;19600.330078125;90.9000015258789;15042.2392578125;0;257.5;0;;1;238405;m2;202050;0;
..\..\world\kalimdor\kalidar\passivedoodads\kalidartrees\kalidartree01.m2;19415.11328125;88.63484954833984;14970.6484375;0;257.5;0;;1;239643;m2;202050;0;
..\..\world\kalimdor\kalidar\passivedoodads\kalidartrees\kalidartree01.m2;19591.248046875;189.8002471923828;14283.3388671875;0;12.5;0;;1;256945;m2;202050;0;
..\..\world\kalimdor\kalidar\passivedoodads\kalidartrees\kalidartree01.m2;19684.638671875;107.32022857666016;14972.943359375;0;170.5;0;;1;239114;m2;202050;0;
..\..\world\kalimdor\kalidar\passivedoodads\kalidartrees\kalidartree01.m2;19818.99609375;150.767578125;14427.267578125;0;187;0;;1.01953125;474292;m2;202050;0;
..\..\world\kalimdor\kalidar\passivedoodads\kalidartrees\kalidartree01.m2;19621.033203125;159.27996826171875;14573.599609375;0;4.5;0;;1;239646;m2;202050;0;
..\..\world\kalimdor\kalidar\passivedoodads\kalidartrees\kalidartree01.m2;19462.6171875;165.59466552734375;14406.333984375;0;355.5;0;;1;256944;m2;202050;0;
..\..\world\kalimdor\kalidar\passivedoodads\kalidartrees\kalidartree01.m2;19468.712890625;144.395751953125;14642.966796875;0;359.5;0;;1;245673;m2;202050;0;
..\..\world\kalimdor\kalidar\passivedoodads\kalidartrees\kalidartree01.m2;19516.140625;75.98326873779297;14898.7490234375;0;0;0;;1;239642;m2;202050;0;
..\..\world\kalimdor\kalidar\passivedoodads\kalidartrees\kalidartree01.m2;19854.44140625;148.6724853515625;14626.833984375;0;0;0;;1;239649;m2;202050;0;
..\..\world\kalimdor\kalidar\passivedoodads\kalidartrees\kalidartree01.m2;19104.171875;151.09010314941406;14431.2744140625;0;0;0;;1;256603;m2;202050;0;
..\..\world\kalimdor\kalidar\passivedoodads\kalidartrees\kalidartree01.m2;19848.150390625;163.208740234375;14470.8447265625;0;0;0;;0.9892578125;245674;m2;202050;0;
..\..\world\kalimdor\kalidar\passivedoodads\kalidartrees\kalidartree01.m2;19805.0859375;154.7260284423828;14545.521484375;0;309;0;;0.7197265625;247235;m2;202050;0;
..\..\world\kalimdor\kalidar\passivedoodads\kalidartrees\kalidartree01.m2;19701.0234375;155.0254669189453;14593.025390625;0;256;0;;0.8193359375;239647;m2;202050;0;
..\..\world\kalimdor\kalidar\passivedoodads\kalidartrees\kalidartree08.m2;19713.517578125;158.0052032470703;14673.27734375;0;7.5;0;;0.6494140625;245636;m2;202057;0;
..\..\world\kalimdor\kalidar\passivedoodads\kalidartrees\kalidartree01.m2;19599.505859375;164.2694091796875;14470.103515625;0;90.5;0;;0.7392578125;245672;m2;202050;0;
..\..\world\kalimdor\kalidar\passivedoodads\kalidartrees\kalidartree07.m2;19504.19140625;157.91720581054688;14538.337890625;0;74;0;;1.3896484375;247388;m2;202056;0;
..\..\world\kalimdor\kalidar\passivedoodads\kalidartrees\kalidartree02.m2;19441.62890625;105.59940338134766;14860.744140625;0;263;0;;1.4599609375;245630;m2;202051;0;
..\..\world\kalimdor\felwood\passivedoodads\tree\felwoodtree01.m2;19256.83984375;196.78977966308594;14571.66796875;0;288;0;;1.58984375;275397;m2;201900;0;
..\..\world\kalimdor\kalidar\passivedoodads\kalidartrees\kalidartree03.m2;19149.951171875;106.27300262451172;14977.306640625;0;316.5;0;;1.2099609375;245621;m2;202052;0;
..\..\world\kalimdor\kalidar\passivedoodads\kalidartrees\kalidartree04.m2;19327.51953125;108.95938873291016;14979.306640625;-1.5;352.5;-10;;1.619140625;245626;m2;202053;0;
..\..\world\kalimdor\kalidar\passivedoodads\kalidartrees\kalidartree02.m2;19773.59765625;119.9670181274414;14809.005859375;12.500000953674316;321;13.5;;1;244770;m2;202051;0;
..\..\world\kalimdor\kalidar\passivedoodads\kalidartrees\kalidartree07.m2;19421.02734375;203.11520385742188;14377.134765625;0;40;0;;1;275448;m2;202056;0;
..\..\world\kalimdor\kalidar\passivedoodads\kalidartrees\kalidartree07.m2;19734.326171875;122.88490295410156;14767.7822265625;0;123;0;;1;244771;m2;202056;0;
..\..\world\kalimdor\kalidar\passivedoodads\kalidartrees\kalidartree07.m2;19285.3984375;133.05215454101562;14705.271484375;0;31;0;;1;275651;m2;202056;0;
..\..\world\kalimdor\kalidar\passivedoodads\kalidartrees\kalidartree07.m2;19201.3359375;127.34446716308594;14990.9609375;0;150.5;0;;1;245611;m2;202056;0;
..\..\world\kalimdor\kalidar\passivedoodads\kalidartrees\kalidartree03.m2;19671.00390625;163.74688720703125;14422.0166015625;0;130.5;0;;1.099609375;245679;m2;202052;0;
..\..\world\kalimdor\kalidar\passivedoodads\kalidartrees\kalidartree04.m2;19762.326171875;118.24019622802734;14858.4111328125;0;137.5;0;;1.6494140625;244774;m2;202053;0;
..\..\world\kalimdor\kalidar\passivedoodads\kalidartrees\kalidartree07.m2;19316.01953125;164.68536376953125;14587.7822265625;0;0;0;;1;275597;m2;202056;0;
..\..\world\kalimdor\kalidar\passivedoodads\kalidartrees\kalidartree07.m2;19724.47265625;148.4337615966797;14635.099609375;0;356;0;;1;245638;m2;202056;0;
..\..\world\kalimdor\kalidar\passivedoodads\kalidartrees\kalidartree07.m2;19501.1484375;92.41468048095703;14942.8173828125;0;280.5;0;;1;245646;m2;202056;0;
..\..\world\kalimdor\kalidar\passivedoodads\kalidartrees\kalidartree07.m2;19665.029296875;168.5823211669922;14593.166015625;0;12;0;;1;245662;m2;202056;0;
..\..\world\kalimdor\kalidar\passivedoodads\kalidartrees\kalidartree07.m2;19523.84765625;183.94801330566406;14356.2841796875;0;0;0;;1;275579;m2;202056;0;
..\..\world\kalimdor\kalidar\passivedoodads\kalidartrees\kalidartree07.m2;19417.533203125;159.30799865722656;14488.896484375;0;0;0;;1;275594;m2;202056;0;
..\..\world\kalimdor\kalidar\passivedoodads\kalidartrees\kalidartree07.m2;19393.896484375;159.05418395996094;14513.466796875;0;1;0;;1;275596;m2;202056;0;
..\..\world\kalimdor\kalidar\passivedoodads\kalidartrees\kalidartree07.m2;19319.9296875;150.5964813232422;14624.0859375;0;0;0;;1;275598;m2;202056;0;
..\..\world\kalimdor\kalidar\passivedoodads\kalidartrees\kalidartree07.m2;19215.34765625;133.3534393310547;14709.451171875;0;0;0;;1;275606;m2;202056;0;
..\..\world\kalimdor\kalidar\passivedoodads\kalidartrees\kalidartree07.m2;19341.45703125;110.0813980102539;14749.1552734375;0;0;0;;1;275652;m2;202056;0;
..\..\world\kalimdor\kalidar\passivedoodads\kalidartrees\kalidartree07.m2;19457.814453125;172.89376831054688;14438.3037109375;0;0;0;;1;275589;m2;202056;0;
..\..\world\kalimdor\felwood\passivedoodads\tree\felwoodtree02.m2;19290.740234375;196.34864807128906;14516.3740234375;0;330.5;0;;1.69921875;275395;m2;201901;0;
..\..\world\kalimdor\kalidar\passivedoodads\kalidartrees\kalidartree04.m2;19740.09375;144.39117431640625;14514.4970703125;0;343.5;0;;1.529296875;247396;m2;202053;0;
..\..\world\kalimdor\kalidar\passivedoodads\kalidartrees\kalidartree03.m2;19502.861328125;98.42143249511719;14875.466796875;0;311.5;0;;1;245632;m2;202052;0;
..\..\world\kalimdor\kalidar\passivedoodads\kalidartrees\kalidartree03.m2;19681.779296875;106.70577239990234;14874.5966796875;0;322;0;;1;246793;m2;202052;0;
..\..\world\kalimdor\kalidar\passivedoodads\kalidartrees\kalidartree03.m2;19790.583984375;132.5424041748047;14740.447265625;0;236;0;;1;246962;m2;202052;0;
..\..\world\kalimdor\kalidar\passivedoodads\kalidartrees\kalidartree07.m2;19623.322265625;106.7565689086914;14678.337890625;0;44.76800537109375;0;;0.8310546875;572906;m2;202056;0;
..\..\world\kalimdor\kalidar\passivedoodads\kalidartrees\kalidartree04.m2;19742.197265625;130.1613006591797;14724.21484375;0;15.5;0;;1.44921875;246963;m2;202053;0;
..\..\world\kalimdor\felwood\passivedoodads\tree\felwoodtree02.m2;19382.59375;201.26229858398438;14430.57421875;0;74;0;;1.6591796875;275398;m2;201901;0;
..\..\world\kalimdor\felwood\passivedoodads\tree\felwoodtree02.m2;19161.861328125;200.36886596679688;14409.974609375;0;74;0;;1.6591796875;275404;m2;201901;0;
..\..\world\kalimdor\felwood\passivedoodads\tree\felwoodtree04.m2;19227.98828125;206.3700408935547;14615.263671875;0;239.50001525878906;0;;1.75;275396;m2;201903;0;
..\..\world\kalimdor\kalidar\passivedoodads\kalidartrees\kalidartree02.m2;19472.59765625;204.28941345214844;14348.669921875;0;122.5;0;;1;275449;m2;202051;0;
..\..\world\kalimdor\kalidar\passivedoodads\kalidartrees\kalidartree02.m2;19705.12890625;111.41362762451172;14842.5791015625;0;130;0;;1;245667;m2;202051;0;
..\..\world\kalimdor\kalidar\passivedoodads\kalidartrees\kalidartree02.m2;19651.21875;105.1402816772461;14977.63671875;0;135;0;;1;246791;m2;202051;0;
..\..\world\kalimdor\kalidar\passivedoodads\kalidartrees\kalidartree02.m2;19720.65234375;104.83296203613281;14956.4267578125;0;59.5;0;;1;239115;m2;202051;0;
..\..\world\kalimdor\kalidar\passivedoodads\kalidartrees\kalidartree02.m2;19245.2890625;144.34027099609375;14946.193359375;0;8;0;;1;245623;m2;202051;0;
..\..\world\kalimdor\kalidar\passivedoodads\kalidartrees\kalidartree02.m2;19385.17578125;97.55023193359375;14894.8984375;0;0;0;;1;245627;m2;202051;0;
..\..\world\kalimdor\kalidar\passivedoodads\kalidartrees\kalidartree02.m2;19643.71875;96.92959594726562;14904.9267578125;0;5;0;;1;245666;m2;202051;0;
..\..\world\kalimdor\kalidar\passivedoodads\kalidartrees\kalidartree02.m2;19718.48046875;142.35992431640625;14390.7333984375;0;196.5;0;;1;245678;m2;202051;0;
..\..\world\kalimdor\kalidar\passivedoodads\kalidartrees\kalidartree02.m2;19476.921875;129.7431182861328;14749.5361328125;0;91.5;0;;1;245689;m2;202051;0;
..\..\world\kalimdor\kalidar\passivedoodads\kalidartrees\kalidartree02.m2;19425.77734375;120.77207946777344;14733.1171875;0;2.5;0;;1;245692;m2;202051;0;
..\..\world\kalimdor\kalidar\passivedoodads\kalidartrees\kalidartree02.m2;19596.609375;185.58792114257812;14589.150390625;0;0;0;;1;247273;m2;202051;0;
..\..\world\kalimdor\kalidar\passivedoodads\kalidartrees\kalidartree02.m2;19572.98046875;167.60781860351562;14481.615234375;0;216;0;;1;247387;m2;202051;0;
..\..\world\kalimdor\kalidar\passivedoodads\kalidartrees\kalidartree02.m2;19686.287109375;190.97024536132812;14364.3359375;0;18;0;;1;247389;m2;202051;0;
..\..\world\kalimdor\kalidar\passivedoodads\kalidartrees\kalidartree02.m2;19776.0234375;148.78530883789062;14550.4091796875;0;159;0;;1;247395;m2;202051;0;
..\..\world\kalimdor\kalidar\passivedoodads\kalidartrees\kalidartree02.m2;19313.603515625;131.59521484375;14666.6396484375;0;332;0;;1;275599;m2;202051;0;
..\..\world\kalimdor\kalidar\passivedoodads\kalidartrees\kalidartree02.m2;19310.583984375;121.47865295410156;14713.1484375;0;275;0;;1;275602;m2;202051;0;
..\..\world\kalimdor\kalidar\passivedoodads\kalidartrees\kalidartree02.m2;19164.05078125;115.5394287109375;14762.7822265625;0;173;0;;1;275640;m2;202051;0;
..\..\world\kalimdor\kalidar\passivedoodads\kalidartrees\kalidartree02.m2;19213.302734375;103.78233337402344;14827.732421875;0;0;0;;1;275649;m2;202051;0;
..\..\world\kalimdor\kalidar\passivedoodads\kalidartrees\kalidartree02.m2;19230.224609375;122.1003189086914;14911.16796875;0;77.5;0;;1;245624;m2;202051;0;
..\..\world\kalimdor\kalidar\passivedoodads\kalidartrees\kalidartree02.m2;19435.912109375;99.73255157470703;14954.3447265625;0;10;0;;1;246796;m2;202051;0;
..\..\world\kalimdor\kalidar\passivedoodads\kalidartrees\kalidartree02.m2;19680.298828125;150.1078643798828;14478.6396484375;0;155;0;;1;247391;m2;202051;0;
..\..\world\kalimdor\felwood\passivedoodads\tree\felwoodtree04.m2;19157.3984375;200.7168426513672;14481.537109375;0;0;0;;1.69921875;275400;m2;201903;0;
..\..\world\kalimdor\kalidar\passivedoodads\kalidartrees\kalidartree03.m2;19288.84765625;107.80534362792969;14884.396484375;0;197;0;;1;245625;m2;202052;0;
..\..\world\kalimdor\kalidar\passivedoodads\kalidartrees\kalidartree03.m2;19713.669921875;156.557373046875;14569.068359375;0;344;0;;1;245663;m2;202052;0;
..\..\world\kalimdor\kalidar\passivedoodads\kalidartrees\kalidartree03.m2;19459.43359375;148.07098388671875;14613.05859375;0;12.5;0;;1;245691;m2;202052;0;
..\..\world\kalimdor\felwood\passivedoodads\tree\felwoodtree04.m2;19299.255859375;195.26637268066406;14418.6767578125;0;0;0;;1.609375;275394;m2;201903;0;
..\..\world\kalimdor\kalidar\passivedoodads\kalidartrees\kalidartree03.m2;19176.68359375;132.3677520751953;14685.5966796875;0;349.5;0;;1;275608;m2;202052;0;
..\..\world\kalimdor\kalidar\passivedoodads\kalidartrees\kalidartree02.m2;19606.943359375;95.17387390136719;14950.3916015625;0;265.5;0;;0.8896484375;246790;m2;202051;0;
..\..\world\kalimdor\kalidar\passivedoodads\kalidartrees\kalidartree03.m2;19717.390625;113.73480987548828;14827.240234375;0;277;0;;1;245668;m2;202052;0;
..\..\world\kalimdor\felwood\passivedoodads\tree\felwoodtree01.m2;19166.4609375;198.530517578125;14543.42578125;0;0;0;;1;275401;m2;201900;0;
..\..\world\kalimdor\felwood\passivedoodads\tree\felwoodtree01.m2;19232.380859375;193.27879333496094;14411.310546875;0;189.5;0;;1;275393;m2;201900;0;
..\..\world\kalimdor\felwood\passivedoodads\tree\felwoodtree04.m2;19275.90234375;197.58554077148438;14469.279296875;0;0;0;;1.4599609375;275408;m2;201903;0;
..\..\world\kalimdor\kalidar\passivedoodads\kalidartrees\kalidartree03.m2;19683.822265625;103.87877655029297;14932.201171875;0;1;0;;1;246792;m2;202052;0;
..\..\world\kalimdor\kalidar\passivedoodads\kalidartrees\kalidartree03.m2;19424.25390625;107.15077209472656;14844.7578125;0;0.5;0;;1;245631;m2;202052;0;
..\..\world\kalimdor\kalidar\passivedoodads\kalidartrees\kalidartree03.m2;19397.96484375;204.05792236328125;14408.80078125;0;0;0;;1;275374;m2;202052;0;
..\..\world\kalimdor\kalidar\passivedoodads\kalidartrees\kalidartree03.m2;19420.837890625;167.1334228515625;14458.8740234375;0;0;0;;1;275591;m2;202052;0;
..\..\world\kalimdor\kalidar\passivedoodads\kalidartrees\kalidartree03.m2;19361.51953125;164.35498046875;14528.994140625;0;0;0;;1;275595;m2;202052;0;
..\..\world\kalimdor\felwood\passivedoodads\tree\felwoodtree02.m2;19182.724609375;205.19297790527344;14594.5966796875;0;0;0;;1.4296875;275402;m2;201901;0;
..\..\world\kalimdor\felwood\passivedoodads\tree\felwoodtree04.m2;19206.515625;208.264404296875;14620.478515625;0;293;0;;1.25;275409;m2;201903;0;
..\..\world\kalimdor\kalidar\passivedoodads\kalidartrees\kalidartree04.m2;19174.509765625;115.4158706665039;14755.30859375;0;0;0;;1;275641;m2;202053;0;
..\..\world\kalimdor\kalidar\passivedoodads\kalidartrees\kalidartree04.m2;19269.736328125;111.79342651367188;14763.2197265625;0;296.5;0;;1;275604;m2;202053;0;
..\..\world\kalimdor\kalidar\passivedoodads\kalidartrees\kalidartree04.m2;19200.6171875;104.798828125;14821.341796875;0;68;0;;1;275650;m2;202053;0;
..\..\world\kalimdor\kalidar\passivedoodads\kalidartrees\kalidartree04.m2;19723.763671875;148.9669647216797;14698.427734375;0;0;0;;1;245637;m2;202053;0;
..\..\world\kalimdor\kalidar\passivedoodads\kalidartrees\kalidartree04.m2;19450.498046875;137.85841369628906;14675.6611328125;0;68;0;;1;245690;m2;202053;0;
..\..\world\kalimdor\kalidar\passivedoodads\kalidartrees\kalidartree04.m2;19605.3515625;166.4246826171875;14547.6552734375;0;56;0;;1;247272;m2;202053;0;
..\..\world\kalimdor\kalidar\passivedoodads\kalidartrees\kalidartree04.m2;19705.041015625;143.9303436279297;14429.052734375;0;50.5;0;;1;247398;m2;202053;0;
..\..\world\kalimdor\kalidar\passivedoodads\kalidartrees\kalidartree04.m2;19519.048828125;189.68492126464844;14367.45703125;0;302.5;0;;1;275581;m2;202053;0;
..\..\world\kalimdor\kalidar\passivedoodads\kalidartrees\kalidartree04.m2;19428.697265625;168.8488311767578;14443.822265625;0;0;0;;1;275592;m2;202053;0;
..\..\world\kalimdor\kalidar\passivedoodads\kalidartrees\kalidartree04.m2;19301.4921875;137.72608947753906;14668.7734375;0;0;0;;1;275600;m2;202053;0;
..\..\world\kalimdor\kalidar\passivedoodads\kalidartrees\kalidartree04.m2;19337.857421875;134.1518096923828;14651.357421875;0;0;0;;1;275601;m2;202053;0;
..\..\world\kalimdor\kalidar\passivedoodads\kalidartrees\kalidartree04.m2;19322.8046875;126.65483856201172;14691.0166015625;0;0;0;;1;275603;m2;202053;0;
..\..\world\kalimdor\kalidar\passivedoodads\kalidartrees\kalidartree04.m2;19484.595703125;182.24908447265625;14389.77734375;0;0;0;;1;275588;m2;202053;0;
..\..\world\critter\birds\bird02.m2;19419.01953125;150.45721435546875;14614.8740234375;0;138.01446533203125;0;;1.310546875;318470;m2;190720;0;
..\..\world\azeroth\deadwindpass\passivedoodads\trees\deadwindpassmidtree02.m2;19166.26171875;198.57444763183594;14525.294921875;0;137.5;0;;1.83984375;275511;m2;189337;0;
..\..\world\kalimdor\kalidar\passivedoodads\kalidartrees\kalidartree03.m2;19489.72265625;170.6111297607422;14419.134765625;0;0;0;;0.8095703125;275590;m2;202052;0;
..\..\world\kalimdor\felwood\passivedoodads\tree\felwoodtree04.m2;19349.126953125;202.10748291015625;14480.373046875;0;303.5;0;;1.0390625;275399;m2;201903;0;
..\..\world\kalimdor\felwood\passivedoodads\roots\felwoodroots01.m2;19246.697265625;184.06887817382812;14394.2265625;42;208;57.99999237060547;;3.1796875;275389;m2;201881;0;
..\..\world\kalimdor\kalidar\passivedoodads\kalidartrees\kalidartree02.m2;19556.33984375;105.32008361816406;14719.552734375;0;355;0;;0.58984375;572904;m2;202051;0;
..\..\world\critter\birds\bird02.m2;19600.3671875;118.37776947021484;14752.005859375;0;17;0;;1;475681;m2;190720;0;
..\..\world\critter\birds\bird02.m2;19630.23046875;146.4139862060547;14760.6728515625;0;208;0;;1;475682;m2;190720;0;
..\..\world\azeroth\deadwindpass\passivedoodads\trees\deadwindpassmidtree02.m2;19223.341796875;194.6721649169922;14475.3271484375;0;340.5;0;;1.7197265625;275510;m2;189337;0;
..\..\world\kalimdor\kalidar\passivedoodads\kalidarbushes\kalidarbush02.m2;19611.09375;106.61324310302734;14668.419921875;0;76.1046142578125;0;;4.2099609375;572905;m2;202022;0;
..\..\world\critter\birds\bird02.m2;19570.9296875;143.8487091064453;14771.072265625;0;305.5;0;;1;475683;m2;190720;0;
..\..\world\kalimdor\kalidar\passivedoodads\kalidartrees\kalidartree04.m2;19664.62890625;102.99939727783203;14736.5205078125;0;0;0;;0.759765625;475594;m2;202053;0;
..\..\world\kalimdor\kalidar\passivedoodads\kalidartrees\kalidartree04.m2;19433.7890625;167.74794006347656;14450.0703125;0;0;0;;0.69921875;275593;m2;202053;0;
..\..\world\kalimdor\kalidar\passivedoodads\kalidartrees\kalidartree02.m2;19543.330078125;93.67666625976562;14826.9208984375;0;55.988037109375;0;;0.4794921875;573023;m2;202051;0;
..\..\world\kalimdor\kalidar\passivedoodads\kalidarroots\kalidarroots01.m2;19307.630859375;87.20951843261719;14841.8759765625;32.5;221;-25;;2.5498046875;245629;m2;202038;0;
..\..\world\kalimdor\felwood\passivedoodads\roots\felwoodroots01.m2;19217.50390625;187.76268005371094;14431.4169921875;11.49999713897705;234.5;-25.499998092651367;;2.349609375;275391;m2;201881;0;
..\..\world\kalimdor\kalidar\passivedoodads\kalidartrees\kalidartree03.m2;19570.1796875;85.70063018798828;14838.193359375;0;28.382080078125;0;;0.4296875;573022;m2;202052;0;
..\..\world\critter\birds\bird02.m2;19398.591796875;131.4492950439453;14697.615234375;0;27.5435791015625;0;;0.779296875;318469;m2;190720;0;
..\..\world\kalimdor\kalidar\passivedoodads\kalidarroots\kalidarroots01.m2;19626.17578125;153.28517150878906;14547.3564453125;58.499996185302734;193;16.999998092651367;;2.2998046875;247274;m2;202038;0;
..\..\world\kalimdor\kalidar\passivedoodads\kalidartrees\kalidartree04.m2;19277.3359375;111.20321655273438;14763.287109375;0;0;0;;0.619140625;275605;m2;202053;0;
..\..\world\kalimdor\kalidar\passivedoodads\kalidartrees\kalidartree04.m2;19335.33203125;110.77156829833984;14757.490234375;0;0;0;;0.619140625;275653;m2;202053;0;
..\..\world\kalimdor\kalidar\passivedoodads\kalidarroots\kalidarroots02.m2;19731.42578125;141.5187530517578;14479.552734375;44.99999237060547;98;-23.499996185302734;;2.69921875;247435;m2;202039;0;
..\..\world\kalimdor\kalidar\passivedoodads\kalidartrees\kalidartree04.m2;19577.009765625;89.50469207763672;14834.4990234375;0;338;0;;0.599609375;573019;m2;202053;0;
..\..\world\kalimdor\kalidar\passivedoodads\kalidarroots\kalidarroots01.m2;19320.701171875;151.0153045654297;14601.337890625;0;335.5;0;;2.4296875;273610;m2;202038;0;
..\..\world\kalimdor\kalidar\passivedoodads\kalidarroots\kalidarroots01.m2;19353.70703125;135.96897888183594;14570.474609375;0;28.5;0;;2.33984375;273608;m2;202038;0;
..\..\world\kalimdor\ashenvale\passivedoodads\ashenvalestumps\ashenvaletreestump02.m2;19569.6953125;98.39861297607422;14781.8486328125;0;133.5;0;;1.5498046875;475420;m2;201212;0;
..\..\world\kalimdor\kalidar\passivedoodads\kalidarroots\kalidarroots01.m2;19530.53515625;118.3296127319336;14802.3955078125;36.99999237060547;46.14208984375;-20.4999942779541;;2.1142578125;239506;m2;202038;0;
..\..\world\kalimdor\kalidar\passivedoodads\kalidartrees\kalidartree05.m2;19661.822265625;103.91573333740234;14719.0009765625;0;217;0;;2.2890625;475593;m2;202054;0;
..\..\world\kalimdor\kalidar\passivedoodads\kalidarroots\kalidarroots01.m2;19272.708984375;126.40428161621094;14709.466796875;0;95.5;0;;2.3798828125;273612;m2;202038;0;
..\..\world\kalimdor\kalidar\passivedoodads\kalidarroots\kalidarroots01.m2;19685.365234375;150.15977478027344;14514.3466796875;18.500001907348633;312.5;76.50000762939453;;2;247434;m2;202038;0;
..\..\world\kalimdor\kalidar\passivedoodads\kalidarroots\kalidarroots01.m2;19339.71484375;89.88561248779297;14850.474609375;0.9999998807907104;37;-3.5;;2.1591796875;245694;m2;202038;0;
..\..\world\kalimdor\kalidar\passivedoodads\kalidarroots\kalidarroots01.m2;19285.736328125;110.79222106933594;14736.3046875;0;82.5;0;;2.19921875;273614;m2;202038;0;
..\..\world\kalimdor\ashenvale\passivedoodads\ashenvaletrees\ashenvalecuttree01.m2;19605.349609375;113.07449340820312;14669.2529296875;0;354.5;0;;0.509765625;475458;m2;201221;0;
..\..\world\kalimdor\kalidar\passivedoodads\kalidarroots\kalidarroots01.m2;19549.21875;71.36468505859375;14902.259765625;7.000001430511475;47.5;21.500001907348633;;1.8798828125;246894;m2;202038;0;
..\..\world\kalimdor\kalidar\passivedoodads\kalidarroots\kalidarroots01.m2;19442.294921875;141.20462036132812;14625.466796875;48;254;47.499996185302734;;1.779296875;247268;m2;202038;0;
..\..\world\kalimdor\kalidar\passivedoodads\kalidartrees\kalidartree05.m2;19633.15234375;103.87703704833984;14693.18359375;0;217;0;;2.0390625;475595;m2;202054;0;
..\..\world\kalimdor\kalidar\passivedoodads\kalidarroots\kalidarroots02.m2;19505.552734375;96.95880889892578;14882.4423828125;38.5;172;-8.499999046325684;;2.259765625;246900;m2;202039;0;
..\..\world\kalimdor\kalidar\passivedoodads\kalidarroots\kalidarroots01.m2;19511.5859375;154.92938232421875;14534.7265625;34.500003814697266;55.5;12;;1.8291015625;247459;m2;202038;0;
..\..\world\kalimdor\kalidar\passivedoodads\kalidarroots\kalidarroots01.m2;19489.625;147.36549377441406;14547.16796875;66.99999237060547;308.5;29.499982833862305;;1.759765625;247457;m2;202038;0;
..\..\world\kalimdor\kalidar\passivedoodads\kalidarroots\kalidarroots01.m2;19487.77734375;109.7276611328125;14791.8466796875;22.500003814697266;226.5;-1.4999990463256836;;1.7998046875;246879;m2;202038;0;
..\..\world\kalimdor\kalidar\passivedoodads\kalidarroots\kalidarroots01.m2;19222.76171875;119.08181762695312;14733.1328125;0;218.5;0;;1.94921875;273616;m2;202038;0;
..\..\world\kalimdor\kalidar\passivedoodads\kalidarroots\kalidarroots01.m2;19229.47265625;107.5592269897461;14750.505859375;0;274;0;;2.0595703125;273615;m2;202038;0;
..\..\world\kalimdor\kalidar\passivedoodads\kalidarroots\kalidarroots01.m2;19610.3046875;157.75277709960938;14492.744140625;59;67.5;52.99999237060547;;1.6796875;247447;m2;202038;0;
..\..\world\kalimdor\kalidar\passivedoodads\kalidarroots\kalidarroots02.m2;19584.697265625;169.14544677734375;14485.5458984375;33.5;273.5;-48.499996185302734;;2;247449;m2;202039;0;
..\..\world\kalimdor\kalidar\passivedoodads\kalidarroots\kalidarroots01.m2;19605.544921875;87.14502716064453;14943.8115234375;39;9.5;42.5;;1.5595703125;245651;m2;202038;0;
..\..\world\kalimdor\kalidar\passivedoodads\kalidarroots\kalidarroots02.m2;19760.5078125;115.49575805664062;14870.5234375;39.5;244.5;21.500003814697266;;1.9091796875;244845;m2;202039;0;
..\..\world\kalimdor\kalidar\passivedoodads\kalidartreelogs\kalidartreelog02.m2;19562.498046875;80.01908111572266;14938.224609375;0;63.0015869140625;0;;1;573027;m2;202045;0;
..\..\world\generic\passivedoodads\particleemitters\ashenvalewisps.m2;19259.09375;198.41586303710938;14524.8427734375;0;0;0;;1;279756;m2;199904;0;
..\..\world\kalimdor\kalidar\passivedoodads\kalidarroots\kalidarroots01.m2;19681.50390625;158.49301147460938;14575.958984375;48.500003814697266;209;-31.5;;1.4892578125;247284;m2;202038;0;
..\..\world\kalimdor\kalidar\passivedoodads\kalidarroots\kalidarroots01.m2;19388.96875;99.79607391357422;14880.779296875;31.5;161.5;24.5;;1.4697265625;246932;m2;202038;0;
..\..\world\kalimdor\kalidar\passivedoodads\kalidarroots\kalidarroots03.m2;19367.65625;100.14373779296875;14808.2734375;55.000003814697266;275;68.5;;4.119140625;245628;m2;202040;0;
..\..\world\kalimdor\kalidar\passivedoodads\kalidarroots\kalidarroots02.m2;19490.103515625;174.16165161132812;14411.9521484375;49.50000762939453;69;-6.999990463256836;;1.83984375;275048;m2;202039;0;
..\..\world\kalimdor\kalidar\passivedoodads\kalidarroots\kalidarroots01.m2;19480.86328125;148.93052673339844;14619.630859375;49.49999237060547;152.5;30.500001907348633;;1.439453125;247270;m2;202038;0;
..\..\world\kalimdor\kalidar\passivedoodads\kalidarroots\kalidarroots01.m2;19716.18359375;138.15530395507812;14412.8359375;0;68;0;;1.6298828125;247429;m2;202038;0;
..\..\world\kalimdor\ashenvale\passivedoodads\ashenvalestumps\ashenvaletreestump02.m2;19661.43359375;98.30389404296875;14819.888671875;0;190;0;;1.25;475437;m2;201212;0;
..\..\world\kalimdor\kalidar\passivedoodads\kalidarroots\kalidarroots01.m2;19258.44140625;115.43740844726562;14906.2666015625;0;85.5;0;;1.7197265625;246717;m2;202038;0;
..\..\world\critter\fish\fish01.m2;19506.591796875;156.7720947265625;14477.9013671875;0;212.1634521484375;0;;2.9111328125;318699;m2;190733;0;
..\..\world\kalimdor\kalidar\passivedoodads\kalidarroots\kalidarroots01.m2;19359.166015625;141.6297149658203;14560.916015625;0;59;0;;1.5791015625;273611;m2;202038;0;
..\..\world\kalimdor\kalidar\passivedoodads\kalidarroots\kalidarroots03.m2;19615.8984375;83.57197570800781;14896.4423828125;64.5;223;73.5;;3.7998046875;246852;m2;202040;0;
..\..\world\khazmodan\wetlands\passivedoodads\bushes\wetlandsshurb09.m2;19345.875;97.4277114868164;14785.087890625;0;240.047607421875;0;;1.4384765625;318440;m2;203499;0;
..\..\world\kalimdor\kalidar\passivedoodads\kalidarroots\kalidarroots01.m2;19642.58984375;174.51766967773438;14586.2236328125;43.500003814697266;50.5;66.49998474121094;;1.4296875;247276;m2;202038;0;
..\..\world\kalimdor\kalidar\passivedoodads\kalidarroots\kalidarroots01.m2;19530.525390625;96.89466094970703;14830.2705078125;26.499998092651367;36.892822265625;-9.000000953674316;;1.3876953125;239509;m2;202038;0;
..\..\world\critter\fish\fish01.m2;19520.3359375;156.24159240722656;14474.27734375;0;31.388916015625;0;;2.7158203125;319973;m2;190733;0;
..\..\world\kalimdor\ashenvale\passivedoodads\ashenvalestumps\ashenvaletreestump02.m2;19623.611328125;101.34059143066406;14686.7216796875;0;48.5;0;;0.9794921875;475574;m2;201212;0;
..\..\world\kalimdor\kalidar\passivedoodads\kalidarroots\kalidarroots01.m2;19723.125;148.68417358398438;14645.982421875;54.000003814697266;17.5;47.5;;1.2998046875;247228;m2;202038;0;
..\..\world\kalimdor\kalidar\passivedoodads\kalidarroots\kalidarroots02.m2;19699.955078125;151.4122314453125;14517.8466796875;31.999996185302734;320;24.999998092651367;;1.689453125;247443;m2;202039;0;
..\..\world\kalimdor\kalidar\passivedoodads\kalidarroots\kalidarroots01.m2;19569.51171875;162.08851623535156;14486.630859375;-0.5000001788139343;289.5;-2.000000238418579;;1.4599609375;247450;m2;202038;0;
..\..\world\kalimdor\ashenvale\passivedoodads\ashenvalestumps\ashenvaletreestump02.m2;19643.712890625;87.58360290527344;14879.0966796875;0;259.5;0;;1.1298828125;475426;m2;201212;0;
..\..\world\generic\nightelf\passivedoodads\ruins\nightelfruins01.m2;19258.6328125;200.6400909423828;14556.380859375;18.999998092651367;20.5;15.000000953674316;;1;275454;m2;198834;0;
..\..\world\kalimdor\ashenvale\passivedoodads\satyrruins\ruinssatyrarch.m2;19194.001953125;200.42649841308594;14596.7978515625;0;209;0;;1;277310;m2;201236;0;
..\..\world\kalimdor\kalidar\passivedoodads\kalidarroots\kalidarroots01.m2;19511.1875;85.37479400634766;14933.212890625;0;93;0;;1.5693359375;246895;m2;202038;0;
..\..\world\kalimdor\kalidar\passivedoodads\kalidartrees\kalidartree05.m2;19719.00390625;114.16795349121094;14842.4853515625;0;57.84478759765625;0;;1.46875;247844;m2;202054;0;
..\..\world\kalimdor\kalidar\passivedoodads\kalidarroots\kalidarroots01.m2;19688.3671875;141.24586486816406;14467.6904296875;48.500003814697266;133.5;-35.499996185302734;;1.26953125;247438;m2;202038;0;
..\..\world\critter\fish\fish01.m2;19276.58984375;91.5704116821289;14839.8173828125;0;118.63400268554688;0;;2.6533203125;318685;m2;190733;0;
..\..\world\kalimdor\kalidar\passivedoodads\kalidarroots\kalidarroots01.m2;19475.64453125;120.26991271972656;14763.1103515625;0;316;0;;1.4990234375;247260;m2;202038;0;
..\..\world\kalimdor\kalidar\passivedoodads\kalidarroots\kalidarroots03.m2;19339.783203125;148.13674926757812;14582.287109375;80.50000762939453;246.00003051757812;-147.4999542236328;;3.8896484375;273609;m2;202040;0;
..\..\world\critter\fish\fish01.m2;19339.41015625;99.13671112060547;14789.5859375;0;77.10440063476562;0;;2.87890625;318688;m2;190733;0;
..\..\world\kalimdor\kalidar\passivedoodads\kalidartrees\kalidartree05.m2;19592.90625;192.56939697265625;14601.7216796875;0;76.6649169921875;0;;1.4501953125;247932;m2;202054;0;
..\..\world\kalimdor\kalidar\passivedoodads\kalidartrees\kalidartree05.m2;19699.46484375;146.17124938964844;14433.4814453125;0;263.592041015625;0;;1.44921875;247893;m2;202054;0;
..\..\world\kalimdor\kalidar\passivedoodads\kalidartrees\kalidartree06.m2;19328.38671875;148.84725952148438;14626.43359375;0;113.5;0;;2.7998046875;279105;m2;202055;0;
..\..\world\kalimdor\kalidar\passivedoodads\kalidarroots\kalidarroots03.m2;19701.623046875;143.3814697265625;14473.1943359375;60.50000762939453;142.5;-34.000003814697266;;3.529296875;247436;m2;202040;0;
..\..\world\kalimdor\kalidar\passivedoodads\kalidartrees\kalidartree05.m2;19423.759765625;125.10069274902344;14722.7861328125;0;164.9207763671875;0;;1.427734375;248061;m2;202054;0;
..\..\world\kalimdor\kalidar\passivedoodads\kalidarbushes\kalidarbush02.m2;19562.111328125;105.78251647949219;14749.8271484375;0;0;0;;1.83984375;475598;m2;202022;0;
..\..\world\kalimdor\kalidar\passivedoodads\kalidarroots\kalidarroots02.m2;19415.982421875;105.37236022949219;14840.5498046875;33.999996185302734;211.5;-22.500001907348633;;1.5791015625;246952;m2;202039;0;
..\..\world\critter\fish\fish01.m2;19582.154296875;163.66639709472656;14407.1123046875;0;321.55767822265625;0;;2.5205078125;318703;m2;190733;0;
..\..\world\critter\fish\fish01.m2;19573.283203125;163.13986206054688;14431.505859375;0;276.2047119140625;0;;2.986328125;318701;m2;190733;0;
..\..\world\kalimdor\kalidar\passivedoodads\kalidartrees\kalidartree05.m2;19589.7578125;167.64520263671875;14490.8564453125;0;282.21441650390625;0;;1.4033203125;247938;m2;202054;0;
..\..\world\critter\fish\fish01.m2;19467.044921875;147.8354034423828;14525.2783203125;0;157.1971435546875;0;;2.599609375;318696;m2;190733;0;
..\..\world\khazmodan\wetlands\passivedoodads\bushes\wetlandsshurb09.m2;19399.375;128.23080444335938;14609.591796875;0;254.213134765625;0;;1.2255859375;318447;m2;203499;0;
..\..\world\kalimdor\kalidar\passivedoodads\kalidarroots\kalidarroots02.m2;19601.89453125;173.9711456298828;14563.0546875;43.5;204.5;-31.0000057220459;;1.4892578125;247279;m2;202039;0;
..\..\world\khazmodan\wetlands\passivedoodads\bushes\wetlandsshurb09.m2;19436.73828125;136.4835662841797;14564.05859375;0;243.82452392578125;0;;1.25;318449;m2;203499;0;
..\..\world\kalimdor\kalidar\passivedoodads\kalidartrees\kalidartree05.m2;19595.421875;174.00975036621094;14562.126953125;0;243.9698486328125;0;;1.3916015625;247925;m2;202054;0;
..\..\world\kalimdor\felwood\passivedoodads\roots\felwoodroots03.m2;19276.12890625;200.9342803955078;14457.9501953125;86.00007629394531;229.49981689453125;-141.50013732910156;;3.9990234375;275388;m2;201883;0;
..\..\world\kalimdor\ashenvale\passivedoodads\satyrruins\ruinssatyrarch.m2;19231.83984375;200.84043884277344;14604.16796875;0;310.5;0;;1;277311;m2;201236;0;
..\..\world\kalimdor\kalidar\passivedoodads\kalidarroots\kalidarroots01.m2;19581.484375;176.07644653320312;14584.634765625;64.5;227.49998474121094;-34.000003814697266;;1.2197265625;247277;m2;202038;0;
..\..\world\kalimdor\kalidar\passivedoodads\kalidarroots\kalidarroots01.m2;19741.9921875;121.1932373046875;14746.9228515625;0;320;0;;1.3896484375;246964;m2;202038;0;
..\..\world\kalimdor\felwood\passivedoodads\roots\felwoodroots03.m2;19290.443359375;198.4519805908203;14429.2548828125;85.99992370605469;299.50006103515625;-141.49989318847656;;3.9990234375;275387;m2;201883;0;
..\..\world\critter\fish\fish01.m2;19244.6484375;93.03955078125;14847.2373046875;0;206.75802612304688;0;;2.501953125;318684;m2;190733;0;
..\..\world\kalimdor\kalidar\passivedoodads\kalidarroots\kalidarroots03.m2;19274.72265625;112.6034927368164;14753.1240234375;86.49993133544922;132.99981689453125;91.49971771240234;;3.7490234375;273613;m2;202040;0;
..\..\world\critter\fish\fish01.m2;19218.37890625;93.19812774658203;14864.7353515625;0;258.6590270996094;0;;2.732421875;318683;m2;190733;0;
..\..\world\kalimdor\kalidar\passivedoodads\kalidarroots\kalidarroots01.m2;19639.896484375;99.49530792236328;14928.763671875;13.999998092651367;37.46148681640625;-38.5;;1.2099609375;247717;m2;202038;0;
..\..\world\critter\fish\fish01.m2;19291.0234375;96.2474136352539;14832.541015625;0;256.8901672363281;0;;2.669921875;318686;m2;190733;0;
..\..\world\kalimdor\kalidar\passivedoodads\kalidarroots\kalidarroots03.m2;19607.353515625;106.99809265136719;14670.85546875;23.500003814697266;157.06268310546875;34.00000762939453;;3.08984375;475456;m2;202040;0;
..\..\world\kalimdor\kalidar\passivedoodads\kalidarroots\kalidarroots01.m2;19676.986328125;144.49069213867188;14472.5625;0;194;0;;1.3291015625;247437;m2;202038;0;
..\..\world\kalimdor\kalidar\passivedoodads\kalidarroots\kalidarroots01.m2;19730.888671875;144.339599609375;14697.951171875;47.000003814697266;99;59.5;;1.1591796875;247221;m2;202038;0;
..\..\world\kalimdor\kalidar\passivedoodads\kalidarroots\kalidarroots01.m2;19708.29296875;139.6497039794922;14434.6806640625;51.000003814697266;43;14.500003814697266;;1.1796875;247431;m2;202038;0;
..\..\world\critter\fish\fish01.m2;19364;101.7054672241211;14767.2080078125;0;221.10659790039062;0;;2.349609375;318689;m2;190733;0;
..\..\world\kalimdor\kalidar\passivedoodads\kalidarroots\kalidarroots01.m2;19655.46875;95.26868438720703;14826.4228515625;20;291.37139892578125;-12.499999046325684;;1.16796875;239499;m2;202038;0;
..\..\world\critter\fish\fish01.m2;19392.76953125;126.42196655273438;14637.5048828125;0;50.37384033203125;0;;2.3330078125;318693;m2;190733;0;
..\..\world\critter\fish\fish01.m2;19392.884765625;112.54898834228516;14719.4140625;2;34.46112060546875;6;;2.3125;318691;m2;190733;0;
..\..\world\kalimdor\felwood\passivedoodads\bush\felwoodbush02.m2;19245.021484375;196.0153350830078;14484.3017578125;0;0;0;;1.669921875;275542;m2;201849;0;
..\..\world\kalimdor\ashenvale\passivedoodads\ashenvalestumps\ashenvaletreestump02.m2;19667.03125;100.97193908691406;14710.63671875;15.000000953674316;298;12.999999046325684;;0.7890625;576471;m2;201212;0;
..\..\world\kalimdor\ashenvale\passivedoodads\ashenvalestumps\ashenvaletreestump02.m2;19643.21875;109.6913070678711;14767.91796875;-2.5000007152557373;6.5;8.500001907348633;;1;475465;m2;201212;0;
..\..\world\kalimdor\kalidar\passivedoodads\kalidartrees\kalidartree05.m2;19673.650390625;107.55699157714844;14880.12109375;0;288;0;;1.279296875;246888;m2;202054;0;
..\..\world\kalimdor\kalidar\passivedoodads\kalidartrees\kalidartree05.m2;19437.87890625;139.35011291503906;14657.630859375;0;22.786346435546875;0;;1.2763671875;248056;m2;202054;0;
..\..\world\kalimdor\felwood\passivedoodads\roots\felwoodroots03.m2;19242.400390625;201.9033203125;14459.599609375;76.5;0;64.50000762939453;;3.58984375;275392;m2;201883;0;
..\..\world\kalimdor\kalidar\passivedoodads\kalidartrees\kalidartree05.m2;19494.318359375;106.83187103271484;14881.32421875;0;307.6156005859375;0;;1.271484375;248074;m2;202054;0;
..\..\world\kalimdor\kalidar\passivedoodads\kalidarroots\kalidarroots03.m2;19525.59375;85.17596435546875;14882.806640625;83.9999771118164;30.4998779296875;-116.50006866455078;;3.3291015625;246899;m2;202040;0;
..\..\world\critter\fish\fish01.m2;19407.67578125;133.0526123046875;14590.419921875;0;75.6871337890625;0;;2.4765625;318694;m2;190733;0;
..\..\world\kalimdor\kalidar\passivedoodads\kalidartrees\kalidartree06.m2;19599.595703125;171.35723876953125;14555.6474609375;0;327.416748046875;0;;2.44140625;247924;m2;202055;0;
..\..\world\generic\human\passivedoodads\outposts\generaloutpost02.m2;19559.28125;99.0792465209961;14821.5947265625;0;351.5;0;;1.51953125;475442;m2;198381;0;
..\..\world\kalimdor\kalidar\passivedoodads\kalidarbushes\kalidarbush02.m2;19342.787109375;133.11329650878906;14649.9072265625;0;0;0;;1.6298828125;279100;m2;202022;0;
..\..\world\kalimdor\kalidar\passivedoodads\kalidarroots\kalidarroots01.m2;19735.1875;116.85575103759766;14777.15234375;39;339.5;-26.5;;1.119140625;247204;m2;202038;0;
..\..\world\kalimdor\kalidar\passivedoodads\kalidarroots\kalidarroots03.m2;19584.71484375;127.1945571899414;14666.255859375;20.500001907348633;213.06268310546875;1.500001072883606;;3.08984375;475457;m2;202040;0;
..\..\world\kalimdor\kalidar\passivedoodads\kalidartrees\kalidartree05.m2;19677.525390625;106.4610595703125;14928.01171875;0;111.00924682617188;0;;1.2451171875;247799;m2;202054;0;
..\..\world\kalimdor\kalidar\passivedoodads\kalidarroots\kalidarroots03.m2;19694.732421875;150.27125549316406;14510.29296875;58.499996185302734;8.5;81.5;;3.3291015625;247444;m2;202040;0;
..\..\world\generic\human\passivedoodads\outposts\generaloutpost02.m2;19653.08203125;100.06522369384766;14815.1728515625;0;17;0;;1.51953125;475441;m2;198381;0;
..\..\world\kalimdor\felwood\passivedoodads\bush\felwoodbush02.m2;19375.6328125;201.86712646484375;14433.654296875;0;0;0;;1.609375;275536;m2;201849;0;
..\..\world\generic\human\passivedoodads\outposts\generaloutpost02.m2;19632.873046875;92.4390640258789;14823.103515625;-5.000000476837158;31;10.500000953674316;;1.4892578125;475433;m2;198381;0;
..\..\world\critter\fish\fish01.m2;19450.6015625;142.0856475830078;14541.984375;0;181.80731201171875;0;;2.7548828125;318697;m2;190733;0;
..\..\world\kalimdor\kalidar\passivedoodads\kalidartrees\kalidartree05.m2;19735.76171875;138.4340362548828;14478.060546875;0;48.714874267578125;0;;1.21875;247897;m2;202054;0;
..\..\world\critter\fish\fish01.m2;19202.6328125;94.86204528808594;14883.369140625;0;187.06991577148438;0;;2.5537109375;318682;m2;190733;0;
..\..\world\kalimdor\kalidar\passivedoodads\kalidarroots\kalidarroots01.m2;19736.76953125;120.54251861572266;14760.5498046875;-13.49999713897705;134.5;11.499999046325684;;1.109375;247205;m2;202038;0;
..\..\world\khazmodan\wetlands\passivedoodads\bushes\wetlandsshurb09.m2;19450.28125;140.93905639648438;14540.3291015625;-3.499999523162842;219.24435424804688;-9.499999046325684;;1.1572265625;318450;m2;203499;0;
..\..\world\kalimdor\ashenvale\passivedoodads\ashenvalestumps\ashenvaletreestump02.m2;19680.4453125;105.35545349121094;14849.7392578125;0;287.5;0;;0.859375;475419;m2;201212;0;
..\..\world\generic\human\passivedoodads\outposts\generaloutpost02.m2;19578.115234375;93.53597259521484;14826.8916015625;-1.5000001192092896;323;-15.000001907348633;;1.51953125;475431;m2;198381;0;
..\..\world\kalimdor\kalidar\passivedoodads\kalidarbushes\kalidarbush02.m2;19229.2578125;124.09561920166016;14741.3115234375;0;358.5;0;;1.5595703125;275658;m2;202022;0;
..\..\world\kalimdor\kalidar\passivedoodads\kalidarroots\kalidarroots01.m2;19671.15234375;107.41747283935547;14830.02734375;-8.537736562175269e-7;162.00653076171875;-29;;1.1123046875;239492;m2;202038;0;
..\..\world\kalimdor\kalidar\passivedoodads\kalidarroots\kalidarroots03.m2;19592.798828125;82.20005798339844;14913.068359375;84.49996185302734;260.5000305175781;19.499963760375977;;3.119140625;246851;m2;202040;0;
..\..\world\generic\human\passivedoodads\outposts\generaloutpost07.m2;19605.783203125;85.5975570678711;14837.7216796875;0;96.5;0;;1.3291015625;475439;m2;198386;0;
..\..\world\kalimdor\kalidar\passivedoodads\kalidartrees\kalidartree05.m2;19665.77734375;173.65216064453125;14423.3203125;0;43.012786865234375;0;;1.18359375;248030;m2;202054;0;
..\..\world\critter\fish\fish01.m2;19439.634765625;138.64381408691406;14558.58984375;0;198.7377471923828;0;;2.2421875;318695;m2;190733;0;
..\..\world\kalimdor\kalidar\passivedoodads\kalidartrees\kalidartree05.m2;19490.837890625;156.8472137451172;14550.5185546875;0;163.5145263671875;0;;1.1796875;248041;m2;202054;0;
..\..\world\kalimdor\kalidar\passivedoodads\kalidarroots\kalidarroots03.m2;19499.12109375;158.73512268066406;14533.044921875;74.5000228881836;56.000030517578125;-135.50001525878906;;3.1591796875;247458;m2;202040;0;
..\..\world\kalimdor\kalidar\passivedoodads\kalidartrees\kalidartree05.m2;19595.681640625;188.1289520263672;14578.7734375;0;344.278076171875;0;;1.17578125;247931;m2;202054;0;
..\..\world\kalimdor\kalidar\passivedoodads\kalidarbushes\kalidarbush02.m2;19449.384765625;106.96852111816406;14842.8115234375;0;337;0;;1.51953125;246949;m2;202022;0;
..\..\world\kalimdor\felwood\passivedoodads\bush\felwoodbush02.m2;19259.607421875;199.9451904296875;14562.7431640625;0;4.5;0;;1.51953125;275529;m2;201849;0;
..\..\world\critter\fish\fish01.m2;19302.791015625;97.78105926513672;14814.1611328125;0;170.31524658203125;0;;2.384765625;318687;m2;190733;0;
..\..\world\critter\fish\fish01.m2;19542.3828125;159.0404052734375;14455.267578125;0;95.05661010742188;0;;2.5;318700;m2;190733;0;
..\..\world\kalimdor\kalidar\passivedoodads\kalidartrees\kalidartree05.m2;19608.1484375;164.91329956054688;14492.80859375;0;53.36224365234375;0;;1.1611328125;247939;m2;202054;0;
..\..\world\kalimdor\kalidar\passivedoodads\kalidarbushes\kalidarbush02.m2;19207.15625;128.2776641845703;14715.880859375;0;0;0;;1.509765625;275660;m2;202022;0;
..\..\world\kalimdor\kalidar\passivedoodads\kalidarroots\kalidarroots02.m2;19715.275390625;114.90760803222656;14839.341796875;40.000003814697266;97.5;-21.5;;1.2099609375;247211;m2;202039;0;
..\..\world\kalimdor\kalidar\passivedoodads\kalidartrees\kalidartree05.m2;19449.115234375;150.26138305664062;14610.326171875;0;319.613037109375;0;;1.158203125;248042;m2;202054;0;
..\..\world\kalimdor\kalidar\passivedoodads\kalidartrees\kalidartree05.m2;19600.08203125;165.53994750976562;14543.583984375;0;154.67022705078125;0;;1.1533203125;247927;m2;202054;0;
..\..\world\kalimdor\kalidar\passivedoodads\kalidarroots\kalidarroots03.m2;19441.162109375;140.0663299560547;14649.728515625;84.00004577636719;197.4999237060547;-79.5000991821289;;3.4697265625;247266;m2;202040;0;
..\..\world\kalimdor\ashenvale\passivedoodads\ashenvalestumps\ashenvaletreestump02.m2;19570.896484375;97.06339263916016;14812.974609375;0;0;0;;1;475427;m2;201212;0;
..\..\world\kalimdor\ashenvale\passivedoodads\ashenvalestumps\ashenvaletreestump02.m2;19567.646484375;102.6119613647461;14743.6298828125;0;0;0;;1;475462;m2;201212;0;
..\..\world\kalimdor\kalidar\passivedoodads\kalidartrees\kalidartree05.m2;19719.54296875;153.89215087890625;14646.8291015625;0;286.05975341796875;0;;1.1494140625;247680;m2;202054;0;
..\..\world\kalimdor\kalidar\passivedoodads\kalidarbushes\kalidarbush02.m2;19481.01171875;153.51019287109375;14619.2265625;0;9.54742431640625;0;;1.494140625;248046;m2;202022;0;
..\..\world\kalimdor\kalidar\passivedoodads\kalidarroots\kalidarroots01.m2;19416.279296875;121.0052490234375;14725.0029296875;44.000003814697266;223.5;47;;1;247263;m2;202038;0;
..\..\world\kalimdor\kalidar\passivedoodads\kalidarroots\kalidarroots01.m2;19567.08984375;166.24244689941406;14470.80859375;61.50000762939453;244.5;33.000003814697266;;1;247451;m2;202038;0;
..\..\world\kalimdor\kalidar\passivedoodads\kalidarbushes\kalidarbush02.m2;19639.748046875;165.6900177001953;14553.353515625;0;32.2568359375;0;;1.4755859375;247922;m2;202022;0;
..\..\world\critter\fish\fish01.m2;19401.638671875;128.9344940185547;14609.79296875;0;115.28305053710938;0;;2.078125;319974;m2;190733;0;
..\..\world\critter\fish\fish01.m2;19504.46484375;154.47523498535156;14496.4228515625;0;205.06607055664062;0;;2.078125;318698;m2;190733;0;
..\..\world\kalimdor\kalidar\passivedoodads\kalidarroots\kalidarroots03.m2;19586.44140625;168.2895050048828;14462.7392578125;67.00000762939453;4;114.49999237060547;;3.08984375;247456;m2;202040;0;
..\..\world\critter\fish\fish01.m2;19386.7578125;119.21186065673828;14680.8017578125;0;173.96282958984375;0;;2.3740234375;318692;m2;190733;0;
..\..\world\kalimdor\kalidar\passivedoodads\kalidarroots\kalidarroots01.m2;19719.697265625;148.2624053955078;14623.3955078125;48.000003814697266;191;-9.5;;1;247227;m2;202038;0;
..\..\world\kalimdor\kalidar\passivedoodads\kalidarroots\kalidarroots02.m2;19709.11328125;114.34339904785156;14851.091796875;49.5;18;50.5;;1.169921875;247212;m2;202039;0;
..\..\world\kalimdor\kalidar\passivedoodads\kalidarroots\kalidarroots03.m2;19510.60546875;95.15676879882812;14828.52734375;75.50000762939453;229.99996948242188;-118.50003051757812;;2.9892578125;246902;m2;202040;0;
..\..\world\azeroth\duskwood\passivedoodads\bush\duskwoodbush01.m2;19251.265625;195.20387268066406;14485.703125;0;207.5;0;;1.3095703125;275481;m2;189395;0;
..\..\world\kalimdor\kalidar\passivedoodads\kalidarbushes\kalidarbush02.m2;19477.78515625;157.9210968017578;14671.240234375;0;304.8030090332031;0;;1.431640625;248055;m2;202022;0;
..\..\world\kalimdor\kalidar\passivedoodads\kalidarbushes\kalidarbush02.m2;19723.73046875;116.02395629882812;14825.8779296875;0;183.86181640625;0;;1.421875;247843;m2;202022;0;
..\..\world\kalimdor\kalidar\passivedoodads\kalidarbushes\kalidarbush02.m2;19567.22265625;102.93386840820312;14708.8984375;0;228;0;;1.419921875;475591;m2;202022;0;
..\..\world\generic\nightelf\passivedoodads\ruins\nightelfruins05.m2;19262.23828125;195.9838409423828;14529.650390625;0;33.5;0;;1.759765625;275455;m2;198838;0;
..\..\world\kalimdor\kalidar\passivedoodads\kalidarbushes\kalidarbush02.m2;19414.994140625;119.88455200195312;14740.791015625;0;45.66058349609375;0;;1.4091796875;248059;m2;202022;0;
..\..\world\kalimdor\kalidar\passivedoodads\kalidarroots\kalidarroots01.m2;19648.294921875;95.4187240600586;14823.427734375;51.499996185302734;7.573486328125;51.999996185302734;;0.9404296875;239501;m2;202038;0;
..\..\world\critter\fish\fish01.m2;19595.6171875;165.0575408935547;14390.291015625;0;283.0603942871094;0;;2.12890625;318702;m2;190733;0;
..\..\world\kalimdor\kalidar\passivedoodads\kalidarbushes\kalidarbush02.m2;19579.310546875;169.40444946289062;14469.890625;0;280.7678527832031;0;;1.3955078125;247936;m2;202022;0;
..\..\world\kalimdor\kalidar\passivedoodads\kalidartrees\kalidartree05.m2;19704.580078125;113.49508666992188;14855.8046875;0;321.2170715332031;0;;1.0556640625;247846;m2;202054;0;
..\..\world\kalimdor\kalidar\passivedoodads\kalidarbushes\kalidarbush02.m2;19424.7578125;163.5663604736328;14487.140625;0;0;0;;1.369140625;279119;m2;202022;0;
..\..\world\kalimdor\ashenvale\passivedoodads\ashenvalestumps\ashenvaletreestump01.m2;19701.029296875;109.13667297363281;14939.3916015625;0;135.795166015625;0;;0.6513671875;574033;m2;201211;0;
..\..\world\kalimdor\kalidar\passivedoodads\kalidarroots\kalidarroots03.m2;19719.412109375;155.59103393554688;14600.7216796875;62.5;161;99.99998474121094;;2.58984375;247231;m2;202040;0;
..\..\world\kalimdor\kalidar\passivedoodads\kalidarroots\kalidarroots03.m2;19523.69921875;86.02515411376953;14921.708984375;86.49999237060547;190.99996948242188;-170.00001525878906;;3.2392578125;246898;m2;202040;0;
..\..\world\kalimdor\kalidar\passivedoodads\kalidarbushes\kalidarbush02.m2;19332.111328125;113.38485717773438;14747.3779296875;0;0;0;;1.349609375;279084;m2;202022;0;
..\..\world\kalimdor\kalidar\passivedoodads\kalidartrees\kalidartree06.m2;19726.87890625;149.3660888671875;14705.5771484375;0;34.783782958984375;0;;2.0078125;247689;m2;202055;0;
..\..\world\kalimdor\kalidar\passivedoodads\kalidarbushes\kalidarbush02.m2;19574.302734375;108.63783264160156;14687.025390625;0;0;0;;1.33984375;475599;m2;202022;0;
..\..\world\kalimdor\kalidar\passivedoodads\kalidarroots\kalidarroots03.m2;19638.2109375;169.22869873046875;14565.7861328125;83.0000228881836;320.9999084472656;-127.50006866455078;;3.1494140625;247275;m2;202040;0;
..\..\world\kalimdor\kalidar\passivedoodads\kalidarroots\kalidarroots03.m2;19495.220703125;104.9858627319336;14816.2021484375;76;180;-101.0000228881836;;3.0693359375;246878;m2;202040;0;
..\..\world\kalimdor\felwood\passivedoodads\bush\felwoodbush02.m2;19296.3671875;198.234619140625;14437.3671875;0;84;0;;1.3291015625;275540;m2;201849;0;
..\..\world\kalimdor\kalidar\passivedoodads\kalidarroots\kalidarroots01.m2;19667.1640625;182.9942169189453;14404.4287109375;0;244.5;0;;1;247461;m2;202038;0;
..\..\world\kalimdor\felwood\passivedoodads\roots\felwoodroots01.m2;19223.81640625;188.39955139160156;14479.3515625;0;58;0;;1;275553;m2;201881;0;
..\..\world\kalimdor\kalidar\passivedoodads\kalidarroots\kalidarroots03.m2;19442.998046875;109.3216781616211;14845.1259765625;86.99983978271484;4.999908447265625;-135.00009155273438;;2.759765625;246953;m2;202040;0;
..\..\world\kalimdor\kalidar\passivedoodads\kalidartrees\kalidartree05.m2;19732.736328125;150.67381286621094;14640.80859375;0;255.19821166992188;0;;1.01171875;247679;m2;202054;0;
..\..\world\kalimdor\kalidar\passivedoodads\kalidarroots\kalidarroots03.m2;19614.912109375;171.36325073242188;14471.234375;85.00000762939453;5.000030517578125;-62.99997329711914;;2.849609375;247455;m2;202040;0;
..\..\world\kalimdor\kalidar\passivedoodads\kalidartrees\kalidartree06.m2;19701.62890625;152.48956298828125;14524.9580078125;0;93.4033203125;0;;1.9521484375;247905;m2;202055;0;
..\..\world\khazmodan\wetlands\passivedoodads\bushes\wetlandsshrub04.m2;19386.12109375;111.06552124023438;14716.80859375;-4.499999523162842;106.94418334960938;12.999999046325684;;1.44921875;318443;m2;203493;0;
..\..\world\kalimdor\kalidar\passivedoodads\kalidarroots\kalidarroots03.m2;19420.224609375;119.32682037353516;14740.4716796875;79.00003051757812;150;178.5;;2.529296875;247262;m2;202040;0;
..\..\world\kalimdor\kalidar\passivedoodads\kalidartrees\kalidartree05.m2;19216.3125;121.8024673461914;14912.0771484375;0;0;0;;1;246710;m2;202054;0;
..\..\world\kalimdor\kalidar\passivedoodads\kalidartrees\kalidartree05.m2;19235.23828125;122.0978775024414;14904.787109375;0;0;0;;1;246711;m2;202054;0;
..\..\world\kalimdor\kalidar\passivedoodads\kalidartrees\kalidartree05.m2;19641.8671875;104.79016876220703;14916.4248046875;0;0;0;;1;246861;m2;202054;0;
..\..\world\kalimdor\kalidar\passivedoodads\kalidartrees\kalidartree05.m2;19669.166015625;104.24405670166016;14871.3740234375;0;0;0;;1;246887;m2;202054;0;
..\..\world\kalimdor\kalidar\passivedoodads\kalidartrees\kalidartree05.m2;19530.830078125;85.51416778564453;14879.2197265625;0;0;0;;1;246908;m2;202054;0;
..\..\world\kalimdor\kalidar\passivedoodads\kalidartrees\kalidartree05.m2;19546.6875;81.54112243652344;14902.1328125;0;0;0;;1;246909;m2;202054;0;
..\..\world\kalimdor\kalidar\passivedoodads\kalidartrees\kalidartree05.m2;19421.8984375;112.87410736083984;14854.3955078125;0;0;0;;1;246946;m2;202054;0;
..\..\world\kalimdor\kalidar\passivedoodads\kalidartrees\kalidartree05.m2;19433.9296875;109.5679702758789;14842.0322265625;0;252.49996948242188;0;;1;246947;m2;202054;0;
..\..\world\kalimdor\kalidar\passivedoodads\kalidartrees\kalidartree05.m2;19264.033203125;111.74417877197266;14767.9609375;0;0;0;;1;275655;m2;202054;0;
..\..\world\kalimdor\kalidar\passivedoodads\kalidartrees\kalidartree05.m2;19243.814453125;115.31453704833984;14762.8486328125;0;0;0;;1;275656;m2;202054;0;
..\..\world\kalimdor\kalidar\passivedoodads\kalidartrees\kalidartree05.m2;19299.134765625;125.24324798583984;14714.5361328125;0;0;0;;1;279078;m2;202054;0;
..\..\world\kalimdor\kalidar\passivedoodads\kalidartrees\kalidartree05.m2;19198.189453125;105.15116119384766;14827.591796875;0;0;0;;1;279156;m2;202054;0;
..\..\world\kalimdor\kalidar\passivedoodads\kalidartrees\kalidartree05.m2;19282.17578125;112.25167846679688;14885.529296875;0;357.5;0;;1;246727;m2;202054;0;
..\..\world\kalimdor\kalidar\passivedoodads\kalidartrees\kalidartree05.m2;19298.685546875;120.22007751464844;14932.5078125;0;0;0;;1;246728;m2;202054;0;
..\..\world\kalimdor\kalidar\passivedoodads\kalidartrees\kalidartree05.m2;19323.806640625;111.46917724609375;14931.3642578125;0;345;0;;1;246729;m2;202054;0;
..\..\world\kalimdor\kalidar\passivedoodads\kalidartrees\kalidartree05.m2;19687.12109375;110.157958984375;14870.3330078125;0;0;0;;1;246886;m2;202054;0;
..\..\world\kalimdor\kalidar\passivedoodads\kalidartrees\kalidartree05.m2;19336.34765625;110.34298706054688;14761.615234375;0;0;0;;1;279082;m2;202054;0;
..\..\world\kalimdor\kalidar\passivedoodads\kalidartrees\kalidartree05.m2;19324.447265625;127.8089599609375;14686.6953125;0;0;0;;1;279094;m2;202054;0;
..\..\world\kalimdor\kalidar\passivedoodads\kalidartrees\kalidartree05.m2;19241.8515625;141.9220733642578;14931.333984375;0;0;0;;1;246714;m2;202054;0;
..\..\world\kalimdor\kalidar\passivedoodads\kalidartrees\kalidartree05.m2;19216.927734375;130.12777709960938;14721.166015625;0;0;0;;1;275659;m2;202054;0;
..\..\world\kalimdor\kalidar\passivedoodads\kalidartrees\kalidartree05.m2;19315.310546875;132.8059539794922;14675.419921875;0;0;0;;1;279098;m2;202054;0;
..\..\world\kalimdor\kalidar\passivedoodads\kalidartrees\kalidartree05.m2;19365.2578125;142.91685485839844;14564.0205078125;0;0;0;;1;279108;m2;202054;0;
..\..\world\kalimdor\kalidar\passivedoodads\kalidartrees\kalidartree05.m2;19404.173828125;157.5890655517578;14511.474609375;0;0;0;;1;279115;m2;202054;0;
..\..\world\kalimdor\kalidar\passivedoodads\kalidartrees\kalidartree05.m2;19416.419921875;157.09774780273438;14501.6162109375;0;0;0;;1;279117;m2;202054;0;
..\..\world\kalimdor\kalidar\passivedoodads\kalidartrees\kalidartree05.m2;19427.05078125;168.12490844726562;14450.890625;0;0;0;;1;279124;m2;202054;0;
..\..\world\kalimdor\kalidar\passivedoodads\kalidartrees\kalidartree05.m2;19493.94921875;171.6593780517578;14415.412109375;0;0;0;;1;279134;m2;202054;0;
..\..\world\kalimdor\kalidar\passivedoodads\kalidartrees\kalidartree05.m2;19490.70703125;174.89990234375;14406.1640625;0;0;0;;1;279135;m2;202054;0;
..\..\world\kalimdor\kalidar\passivedoodads\kalidarroots\kalidarroots03.m2;19603.78515625;170.88339233398438;14453.427734375;85.00009155273438;99.9998779296875;-63.00021743774414;;2.849609375;247454;m2;202040;0;
..\..\world\kalimdor\kalidar\passivedoodads\kalidarbushes\kalidarbush02.m2;19719.09765625;155.2512969970703;14625.8427734375;0;295.77032470703125;0;;1.2939453125;247681;m2;202022;0;
..\..\world\kalimdor\kalidar\passivedoodads\kalidarroots\kalidarroots01.m2;19384.388671875;107.11959838867188;14910.099609375;0;309.5;0;;1;246936;m2;202038;0;
..\..\world\kalimdor\kalidar\passivedoodads\kalidarbushes\kalidarbush02.m2;19574.2265625;86.2559814453125;14841.943359375;0;35.5;0;;1.2890625;573020;m2;202022;0;
..\..\world\kalimdor\kalidar\passivedoodads\kalidarroots\kalidarroots01.m2;19574.935546875;162.7277374267578;14447.3310546875;0;168.5;0;;1;247453;m2;202038;0;
..\..\world\kalimdor\kalidar\passivedoodads\kalidarbushes\kalidarbush02.m2;19730.142578125;147.8567657470703;14700.6416015625;0;80.213623046875;0;;1.2802734375;247690;m2;202022;0;
..\..\world\kalimdor\kalidar\passivedoodads\kalidarroots\kalidarroots03.m2;19466.453125;169.36944580078125;14433.53515625;86.50005340576172;214.9999542236328;-146.50009155273438;;3.0595703125;275049;m2;202040;0;
..\..\world\critter\fish\fish01.m2;19380.455078125;108.67401123046875;14744.431640625;0;8.679443359375;0;;2.025390625;318690;m2;190733;0;
..\..\world\khazmodan\wetlands\passivedoodads\bushes\wetlandsshurb09.m2;19384.73046875;117.88136291503906;14675.5654296875;0;87.94964599609375;0;;0.875;318445;m2;203499;0;
..\..\world\kalimdor\kalidar\passivedoodads\kalidarroots\kalidarroots03.m2;19377.0390625;102.1559829711914;14900.9560546875;63.5000114440918;209.49998474121094;-89.50001525878906;;2.4091796875;246930;m2;202040;0;
..\..\world\kalimdor\kalidar\passivedoodads\kalidartrees\kalidartree05.m2;19696.46875;110.0576171875;14937.4716796875;0;52.0108642578125;0;;0.9736328125;247792;m2;202054;0;
..\..\world\kalimdor\kalidar\passivedoodads\kalidarroots\kalidarroots02.m2;19551.822265625;165.95436096191406;14474.2802734375;33.499996185302734;294;3.5000007152557373;;1;247452;m2;202039;0;
..\..\world\kalimdor\kalidar\passivedoodads\kalidarbushes\kalidarbush02.m2;19434.916015625;141.67164611816406;14641.951171875;0;215.90562438964844;0;;1.24609375;248050;m2;202022;0;
..\..\world\kalimdor\kalidar\passivedoodads\kalidarroots\kalidarroots02.m2;19650.6796875;104.5542984008789;14912.1865234375;25;120;3.500000476837158;;1;246876;m2;202039;0;
..\..\world\kalimdor\kalidar\passivedoodads\kalidartrees\kalidartree05.m2;19642.109375;175.90333557128906;14586.8984375;0;321.1401672363281;0;;0.9560546875;247926;m2;202054;0;
..\..\world\kalimdor\kalidar\passivedoodads\kalidartrees\kalidartree06.m2;19342.701171875;146.4888153076172;14590.5771484375;0;0;0;;1.83984375;279106;m2;202055;0;
..\..\world\kalimdor\kalidar\passivedoodads\kalidarbushes\kalidarbush02.m2;19450.14453125;140.53273010253906;14683.119140625;0;110.14105224609375;0;;1.2314453125;248054;m2;202022;0;
..\..\world\kalimdor\kalidar\passivedoodads\kalidarbushes\kalidarbush02.m2;19575.603515625;104.00930786132812;14790.19921875;0;161.3995361328125;0;;1.228515625;239516;m2;202022;0;
..\..\world\kalimdor\kalidar\passivedoodads\kalidarroots\kalidarroots03.m2;19426.25;108.41015625;14841.912109375;9.000004768371582;247.5;101.5;;2.259765625;246954;m2;202040;0;
..\..\world\generic\orc\passivedoodads\hordebanners\hordebanner04.m2;19596.4921875;85.8057632446289;14836.2890625;0;287.5;0;;1;475613;m2;199176;0;
..\..\world\generic\orc\passivedoodads\hordebanners\hordebanner04.m2;19615.142578125;85.80187225341797;14834.623046875;0;97;0;;1;475614;m2;199176;0;
..\..\world\kalimdor\kalidar\passivedoodads\kalidarroots\kalidarroots02.m2;19710.73046875;158.14315795898438;14563.8173828125;34.500003814697266;146.5;-39;;1.0498046875;247232;m2;202039;0;
..\..\world\khazmodan\wetlands\passivedoodads\bushes\wetlandsshrub04.m2;19498.31640625;150.91358947753906;14493.6630859375;0;30.42205810546875;0;;1.40625;318451;m2;203493;0;
..\..\world\kalimdor\kalidar\passivedoodads\kalidarbushes\kalidarbush02.m2;19677.642578125;151.0154266357422;14469.6904296875;0;251.55064392089844;0;;1.2197265625;247914;m2;202022;0;
..\..\world\kalimdor\kalidar\passivedoodads\kalidarbushes\kalidarbush02.m2;19342.37890625;131.2611083984375;14656.85546875;0;0;0;;1.2197265625;279101;m2;202022;0;
..\..\world\kalimdor\kalidar\passivedoodads\kalidarroots\kalidarroots03.m2;19723.943359375;150.5955352783203;14696.5859375;66.00000762939453;282.9999694824219;174.5;;2.19921875;247223;m2;202040;0;
..\..\world\kalimdor\kalidar\passivedoodads\kalidarroots\kalidarroots01.m2;19681.7734375;104.69376373291016;14869.103515625;52.000003814697266;136;-14.500006675720215;;0.8291015625;246874;m2;202038;0;
..\..\world\kalimdor\kalidar\passivedoodads\kalidarbushes\kalidarbush02.m2;19465.3125;151.28607177734375;14608.1884765625;0;283.4119567871094;0;;1.2021484375;248048;m2;202022;0;
..\..\world\kalimdor\kalidar\passivedoodads\kalidarbushes\kalidarbush03.m2;19565.322265625;168.9173126220703;14480.3427734375;0;120.65625;0;;1.4306640625;248036;m2;202023;0;
..\..\world\kalimdor\kalidar\passivedoodads\kalidarroots\kalidarroots03.m2;19334.861328125;100.51883697509766;14922.787109375;84.00001525878906;84.49996948242188;-11.000054359436035;;2.6494140625;246736;m2;202040;0;
..\..\world\kalimdor\kalidar\passivedoodads\kalidarroots\kalidarroots01.m2;19729.98828125;138.60284423828125;14396.2353515625;0;0;0;;1;247428;m2;202038;0;
..\..\world\kalimdor\kalidar\passivedoodads\kalidarbushes\kalidarbush03.m2;19740.896484375;138.45901489257812;14475.9541015625;-4.499999523162842;235.38763427734375;15.499999046325684;;1.3623046875;247896;m2;202023;0;
..\..\world\kalimdor\kalidar\passivedoodads\kalidarbushes\kalidarbush03.m2;19320.05078125;130.6146240234375;14670.7373046875;0;76;0;;1.439453125;279096;m2;202023;0;
..\..\world\kalimdor\kalidar\passivedoodads\kalidarroots\kalidarroots02.m2;19730.4765625;147.2151641845703;14661.1923828125;46.500003814697266;78;-10.5;;1;247224;m2;202039;0;
..\..\world\kalimdor\kalidar\passivedoodads\kalidarroots\kalidarroots03.m2;19579.564453125;111.78904724121094;14678.18359375;73.4999771118164;25.56268310546875;46.99998474121094;;2.2197265625;475455;m2;202040;0;
..\..\world\generic\human\passivedoodads\outposts\generaloutpost03.m2;19639.66796875;95.51870727539062;14818.7021484375;1.5;0;4.500000953674316;;1.5595703125;475440;m2;198382;0;
..\..\world\kalimdor\kalidar\passivedoodads\kalidartrees\kalidartree06.m2;19321.306640625;133.5011749267578;14664.724609375;0;100.5;0;;1.7490234375;279097;m2;202055;0;
..\..\world\generic\human\passivedoodads\outposts\generaloutpost03.m2;19572.642578125;94.80950164794922;14822.384765625;0.5;0;-5.499999523162842;;1.5595703125;475443;m2;198382;0;
..\..\world\generic\human\passivedoodads\outposts\generaloutpost03.m2;19546.39453125;97.9887466430664;14818.98046875;0.5;171.5;-5.499999523162842;;1.5595703125;475444;m2;198382;0;
..\..\world\generic\human\passivedoodads\outposts\generaloutpost03.m2;19664.25390625;101.46383666992188;14810.5966796875;0.5;171.5;-5.499999523162842;;1.5595703125;475445;m2;198382;0;
..\..\world\generic\human\passivedoodads\outposts\generaloutpost03.m2;19588.31640625;86.85087585449219;14832.9833984375;3.5;307.5;-1.5;;1.5595703125;475432;m2;198382;0;
..\..\world\kalimdor\kalidar\passivedoodads\kalidarroots\kalidarroots01.m2;19446.443359375;134.80589294433594;14682.6259765625;64.5;337.5;32.5;;0.7890625;247265;m2;202038;0;
..\..\world\kalimdor\ashenvale\passivedoodads\ashenvalestumps\ashenvaletreestump02.m2;19573.791015625;102.31498718261719;14753.5185546875;0;130.5;0;;0.5791015625;475578;m2;201212;0;
..\..\world\kalimdor\ashenvale\passivedoodads\ashenvalestumps\ashenvaletreestump02.m2;19627.888671875;100.5309829711914;14755.982421875;0;130.5;0;;0.5791015625;475579;m2;201212;0;
..\..\world\kalimdor\kalidar\passivedoodads\kalidarbushes\kalidarbush03.m2;19210.77734375;120.31282806396484;14914.8046875;-9.000000953674316;33;9.000001907348633;;1.3193359375;246705;m2;202023;0;
..\..\world\kalimdor\kalidar\passivedoodads\kalidarbushes\kalidarbush02.m2;19739.203125;146.8726348876953;14523.435546875;0;51.7032470703125;0;;1.15234375;247901;m2;202022;0;
..\..\world\khazmodan\wetlands\passivedoodads\bushes\wetlandsshurb09.m2;19407.486328125;132.5089569091797;14590.4560546875;0;200.86549377441406;0;;0.7822265625;318448;m2;203499;0;
..\..\world\generic\human\passivedoodads\outposts\generaloutpost03.m2;19622.154296875;86.66732788085938;14828.3603515625;0;0;0;;1.5595703125;475434;m2;198382;0;
..\..\world\kalimdor\kalidar\passivedoodads\kalidarroots\kalidarroots02.m2;19477.169921875;150.7222442626953;14605.509765625;20.5;205;-15.000000953674316;;0.939453125;247271;m2;202039;0;
..\..\world\kalimdor\kalidar\passivedoodads\kalidarbushes\kalidarbush02.m2;19509.134765625;160.66091918945312;14549.787109375;0;215.876953125;0;;1.1376953125;248039;m2;202022;0;
..\..\world\khazmodan\wetlands\passivedoodads\bushes\wetlandsshrub04.m2;19358.53125;99.325439453125;14770.009765625;0;231.620849609375;0;;1.3173828125;318442;m2;203493;0;
..\..\world\kalimdor\kalidar\passivedoodads\kalidarbushes\kalidarbush03.m2;19718.501953125;152.60667419433594;14609.435546875;-0.5000002980232239;249.063720703125;-5.5;;1.322265625;247686;m2;202023;0;
..\..\world\kalimdor\ashenvale\passivedoodads\ashenvalestumps\ashenvaletreestump02.m2;19661.26953125;102.46357727050781;14740.818359375;0;240.5;0;;0.5791015625;475463;m2;201212;0;
..\..\world\kalimdor\kalidar\passivedoodads\kalidartrees\kalidartree05.m2;19706.88671875;113.4123306274414;14855.6796875;0;53.69183349609375;0;;0.8662109375;247845;m2;202054;0;
..\..\world\kalimdor\kalidar\passivedoodads\kalidarbushes\kalidarbush03.m2;19368.16015625;160.59193420410156;14536.103515625;0;60.5;0;;1.33984375;279112;m2;202023;0;
..\..\world\khazmodan\wetlands\passivedoodads\bushes\wetlandsshrub04.m2;19575.736328125;161.7169952392578;14420.744140625;0;49.52789306640625;0;;1.3095703125;318454;m2;203493;0;
..\..\world\kalimdor\kalidar\passivedoodads\kalidarbushes\kalidarbush02.m2;19547.65234375;94.53797149658203;14831.69921875;0;108.3394775390625;0;;1.119140625;573024;m2;202022;0;
..\..\world\kalimdor\kalidar\passivedoodads\kalidarbushes\kalidarbush03.m2;19714.189453125;114.87682342529297;14834.5205078125;0;27.064422607421875;0;;1.32421875;247842;m2;202023;0;
..\..\world\kalimdor\kalidar\passivedoodads\kalidarroots\kalidarroots02.m2;19547.974609375;101.03887176513672;14814.9716796875;65.50001525878906;33.3746337890625;-7.500000476837158;;0.919921875;239507;m2;202039;0;
..\..\world\azeroth\duskwood\passivedoodads\bush\duskwoodbush01.m2;19330.40625;203.1276092529297;14472.00390625;0;21.5;0;;1;275484;m2;189395;0;
..\..\world\kalimdor\kalidar\passivedoodads\kalidartrees\kalidartree06.m2;19311.927734375;111.91483306884766;14926.521484375;0;149.5;0;;1.6396484375;246730;m2;202055;0;
..\..\world\azeroth\duskwood\passivedoodads\bush\duskwoodbush01.m2;19209.56640625;195.47608947753906;14422.8203125;0;72;0;;1;275482;m2;189395;0;
..\..\world\kalimdor\kalidar\passivedoodads\kalidarbushes\kalidarbush02.m2;19614.583984375;165.77647399902344;14545.306640625;0;29.69696044921875;0;;1.09765625;247923;m2;202022;0;
..\..\world\kalimdor\kalidar\passivedoodads\kalidarroots\kalidarroots02.m2;19386.107421875;103.05622100830078;14863.9873046875;12.500000953674316;218.99998474121094;1.999999761581421;;0.9296875;246933;m2;202039;0;
..\..\world\kalimdor\kalidar\passivedoodads\kalidarbushes\kalidarbush03.m2;19675.21875;152.96929931640625;14487.046875;0;323.65484619140625;0;;1.3095703125;247910;m2;202023;0;
..\..\world\kalimdor\kalidar\passivedoodads\kalidarroots\kalidarroots03.m2;19735.87890625;146.4961395263672;14519.14453125;89.49954223632812;301.00054931640625;-30.49982452392578;;2.3193359375;247442;m2;202040;0;
..\..\world\kalimdor\kalidar\passivedoodads\kalidartrees\kalidartree06.m2;19708.67578125;145.5887908935547;14423.919921875;0;307.5167236328125;0;;1.6123046875;247892;m2;202055;0;
..\..\world\azeroth\duskwood\passivedoodads\bush\duskwoodbush01.m2;19231.318359375;202.3463897705078;14583.8115234375;0;145;0;;1;275487;m2;189395;0;
..\..\world\kalimdor\kalidar\passivedoodads\kalidartrees\kalidartree05.m2;19677.15234375;165.63043212890625;14582.9052734375;0;224.23779296875;0;;0.8251953125;247917;m2;202054;0;
..\..\world\kalimdor\kalidar\passivedoodads\kalidarbushes\kalidarbush02.m2;19514.068359375;162.47781372070312;14532.935546875;0;319.17352294921875;0;;1.0712890625;248038;m2;202022;0;
..\..\world\kalimdor\kalidar\passivedoodads\kalidartrees\kalidartree05.m2;19481.5625;153.50221252441406;14616.947265625;0;53.39520263671875;0;;0.822265625;248043;m2;202054;0;
..\..\world\kalimdor\kalidar\passivedoodads\kalidarbushes\kalidarbush02.m2;19723.8984375;155.7338409423828;14593.8154296875;0;63.030487060546875;0;;1.0673828125;247915;m2;202022;0;
..\..\world\kalimdor\ashenvale\passivedoodads\satyrtotem\ashensatyrtotem02.m2;19200.494140625;195.29229736328125;14460.6005859375;0;40;0;;1;275499;m2;201253;0;
..\..\world\kalimdor\kalidar\passivedoodads\kalidarroots\kalidarroots03.m2;19456.84765625;150.28411865234375;14611.5546875;2.5000038146972656;294.5;101.5000228881836;;1.9794921875;247269;m2;202040;0;
..\..\world\kalimdor\kalidar\passivedoodads\kalidarroots\kalidarroots03.m2;19285.6640625;109.02304077148438;14878.7841796875;71.00000762939453;345.5;138.50003051757812;;1.9296875;246719;m2;202040;0;
..\..\world\kalimdor\kalidar\passivedoodads\kalidarbushes\kalidarbush03.m2;19726.69140625;153.20452880859375;14598.802734375;7.999999046325684;150.77032470703125;13.499998092651367;;1.1962890625;247685;m2;202023;0;
..\..\world\kalimdor\kalidar\passivedoodads\kalidartrees\kalidartree06.m2;19423.59375;122.76316833496094;14745.5498046875;0;304.7151184082031;0;;1.568359375;248060;m2;202055;0;
..\..\world\kalimdor\kalidar\passivedoodads\kalidarbushes\kalidarbush02.m2;19435.072265625;141.16514587402344;14644.5341796875;0;153.89019775390625;0;;1.044921875;248049;m2;202022;0;
..\..\world\kalimdor\kalidar\passivedoodads\kalidarbushes\kalidarbush02.m2;19666.638671875;172.67477416992188;14424.357421875;0;163.0421142578125;0;;1.0400390625;248031;m2;202022;0;
..\..\world\khazmodan\wetlands\passivedoodads\bushes\wetlandsshurb09.m2;19265.5546875;90.35749816894531;14845.166015625;0;30.97906494140625;0;;0.734375;318436;m2;203499;0;
..\..\world\kalimdor\kalidar\passivedoodads\kalidartrees\kalidartree05.m2;19714.4765625;152.21717834472656;14529.056640625;0;183.982666015625;0;;0.7880859375;247903;m2;202054;0;
..\..\world\azeroth\duskwood\passivedoodads\bush\duskwoodbush01.m2;19207.525390625;202.60366821289062;14594.322265625;0;0;0;;1;275486;m2;189395;0;
..\..\world\kalimdor\kalidar\passivedoodads\kalidarroots\kalidarroots03.m2;19731.72265625;146.97508239746094;14678.2490234375;65;257.5;-163;;1.7890625;247225;m2;202040;0;
..\..\world\kalimdor\kalidar\passivedoodads\kalidartrees\kalidartree06.m2;19586.923828125;83.15739440917969;14920.4072265625;0;20;0;;1.509765625;246850;m2;202055;0;
..\..\world\kalimdor\kalidar\passivedoodads\kalidartrees\kalidartree05.m2;19685.611328125;152.8825225830078;14509.259765625;0;196.2327880859375;0;;0.77734375;247906;m2;202054;0;
..\..\world\kalimdor\kalidar\passivedoodads\kalidarroots\kalidarroots01.m2;19295.921875;103.62715911865234;14878.4296875;74;94.5;-19.50000762939453;;0.7294921875;246718;m2;202038;0;
..\..\world\kalimdor\kalidar\passivedoodads\kalidarroots\kalidarroots03.m2;19665.15625;170.78048706054688;14585.6396484375;86.49993133544922;229.9999237060547;91.99987030029297;;2.1298828125;247283;m2;202040;0;
..\..\world\kalimdor\kalidar\passivedoodads\kalidarbushes\kalidarbush02.m2;19608.537109375;172.27340698242188;14448.8974609375;0;0;0;;1;248033;m2;202022;0;
..\..\world\kalimdor\felwood\passivedoodads\bush\felwoodbush02.m2;19231.205078125;202.7301788330078;14595.3427734375;0;0;0;;1;275526;m2;201849;0;
..\..\world\kalimdor\felwood\passivedoodads\bush\felwoodbush02.m2;19231.564453125;201.94723510742188;14577.5458984375;0;271.5;0;;1;275527;m2;201849;0;
..\..\world\kalimdor\felwood\passivedoodads\bush\felwoodbush02.m2;19245.52734375;200.1080322265625;14566.7421875;0;0;0;;1;275528;m2;201849;0;
..\..\world\kalimdor\felwood\passivedoodads\bush\felwoodbush02.m2;19255.9375;199.1243438720703;14532.2685546875;0;0;0;;1;275530;m2;201849;0;
..\..\world\kalimdor\felwood\passivedoodads\bush\felwoodbush02.m2;19284.462890625;200.1902618408203;14520.9384765625;0;0;0;;1;275531;m2;201849;0;
..\..\world\kalimdor\felwood\passivedoodads\bush\felwoodbush02.m2;19298.318359375;200.53292846679688;14513.76953125;0;0;0;;1;275532;m2;201849;0;
..\..\world\kalimdor\felwood\passivedoodads\bush\felwoodbush02.m2;19336.484375;204.14852905273438;14475.396484375;0;0;0;;1;275533;m2;201849;0;
..\..\world\kalimdor\felwood\passivedoodads\bush\felwoodbush02.m2;19343.470703125;203.83486938476562;14452.744140625;0;0;0;;1;275534;m2;201849;0;
..\..\world\kalimdor\felwood\passivedoodads\bush\felwoodbush02.m2;19373.28515625;200.97561645507812;14432.4521484375;0;0;0;;1;275537;m2;201849;0;
..\..\world\kalimdor\felwood\passivedoodads\bush\felwoodbush02.m2;19376.2421875;202.54103088378906;14425.70703125;0;0;0;;1;275538;m2;201849;0;
..\..\world\kalimdor\felwood\passivedoodads\bush\felwoodbush02.m2;19298.80859375;196.67764282226562;14434.7119140625;0;0;0;;1;275539;m2;201849;0;
..\..\world\kalimdor\felwood\passivedoodads\bush\felwoodbush02.m2;19288.212890625;200.2578887939453;14460.380859375;0;351;0;;1;275541;m2;201849;0;
..\..\world\kalimdor\felwood\passivedoodads\bush\felwoodbush02.m2;19247.248046875;196.0599822998047;14484.6689453125;0;0;0;;1;275543;m2;201849;0;
..\..\world\kalimdor\felwood\passivedoodads\bush\felwoodbush02.m2;19227.20703125;199.05038452148438;14467.4091796875;0;0;0;;1;275544;m2;201849;0;
..\..\world\kalimdor\felwood\passivedoodads\bush\felwoodbush02.m2;19213.09765625;197.2877197265625;14442.064453125;0;0;0;;1;275545;m2;201849;0;
..\..\world\kalimdor\felwood\passivedoodads\bush\felwoodbush02.m2;19238.90625;195.40341186523438;14405.3017578125;0;0;0;;1;275546;m2;201849;0;
..\..\world\kalimdor\felwood\passivedoodads\bush\felwoodbush02.m2;19298.208984375;195.5869903564453;14409.9384765625;0;0;0;;1;275547;m2;201849;0;
..\..\world\kalimdor\kalidar\passivedoodads\kalidarbushes\kalidarbush02.m2;19207.53515625;127.0224609375;14717.927734375;0;0;0;;1;275661;m2;202022;0;
..\..\world\kalimdor\kalidar\passivedoodads\kalidarbushes\kalidarbush02.m2;19319.72265625;125.214599609375;14711.3427734375;0;0;0;;1;279077;m2;202022;0;
..\..\world\kalimdor\kalidar\passivedoodads\kalidarbushes\kalidarbush02.m2;19292.267578125;130.58628845214844;14714.712890625;0;0;0;;1;279080;m2;202022;0;
..\..\world\kalimdor\kalidar\passivedoodads\kalidarbushes\kalidarbush02.m2;19333.45703125;113.23110961914062;14744.96484375;0;0;0;;1;279085;m2;202022;0;
..\..\world\kalimdor\kalidar\passivedoodads\kalidarbushes\kalidarbush02.m2;19346.376953125;115.51318359375;14740.169921875;0;0;0;;1;279086;m2;202022;0;
..\..\world\kalimdor\kalidar\passivedoodads\kalidarbushes\kalidarbush02.m2;19316.8203125;131.32591247558594;14673.0517578125;0;0;0;;1;279099;m2;202022;0;
..\..\world\kalimdor\kalidar\passivedoodads\kalidarbushes\kalidarbush02.m2;19343.84375;130.9385528564453;14655.7841796875;0;0;0;;1;279102;m2;202022;0;
..\..\world\kalimdor\kalidar\passivedoodads\kalidarbushes\kalidarbush02.m2;19359.31640625;142.60971069335938;14579.568359375;0;0;0;;1;279107;m2;202022;0;
..\..\world\kalimdor\kalidar\passivedoodads\kalidarbushes\kalidarbush02.m2;19367.2734375;142.22164916992188;14564.3759765625;0;0;0;;1;279109;m2;202022;0;
..\..\world\kalimdor\kalidar\passivedoodads\kalidarbushes\kalidarbush02.m2;19403.23828125;157.96746826171875;14512.505859375;0;0;0;;1;279114;m2;202022;0;
..\..\world\kalimdor\kalidar\passivedoodads\kalidarbushes\kalidarbush02.m2;19418.548828125;157.29347229003906;14499.7333984375;0;0;0;;1;279118;m2;202022;0;
..\..\world\kalimdor\kalidar\passivedoodads\kalidarbushes\kalidarbush02.m2;19425.517578125;161.2709503173828;14488.732421875;0;0;0;;1;279120;m2;202022;0;
..\..\world\kalimdor\kalidar\passivedoodads\kalidarbushes\kalidarbush02.m2;19423.740234375;169.0928955078125;14454.5966796875;0;0;0;;1;279123;m2;202022;0;
..\..\world\kalimdor\kalidar\passivedoodads\kalidarbushes\kalidarbush02.m2;19436.75390625;166.31622314453125;14454.7744140625;0;0;0;;1;279126;m2;202022;0;
..\..\world\kalimdor\kalidar\passivedoodads\kalidarbushes\kalidarbush02.m2;19466.044921875;167.76686096191406;14445.263671875;0;0;0;;1;279128;m2;202022;0;
..\..\world\kalimdor\kalidar\passivedoodads\kalidarbushes\kalidarbush02.m2;19473.236328125;168.7211456298828;14438.10546875;0;0;0;;1;279129;m2;202022;0;
..\..\world\kalimdor\kalidar\passivedoodads\kalidarbushes\kalidarbush02.m2;19494.447265625;171.0718231201172;14417.2685546875;0;0;0;;1;279133;m2;202022;0;
..\..\world\kalimdor\kalidar\passivedoodads\kalidarbushes\kalidarbush02.m2;19207.18359375;120.29521942138672;14916.32421875;0;0;0;;1;246709;m2;202022;0;
..\..\world\kalimdor\kalidar\passivedoodads\kalidarbushes\kalidarbush02.m2;19287.43359375;108.66179656982422;14874.5830078125;0;0;0;;1;246722;m2;202022;0;
..\..\world\kalimdor\kalidar\passivedoodads\kalidarbushes\kalidarbush02.m2;19294.857421875;110.3410415649414;14887.5322265625;0;56.5;0;;1;246725;m2;202022;0;
..\..\world\kalimdor\kalidar\passivedoodads\kalidarbushes\kalidarbush02.m2;19344.322265625;97.82720947265625;14923.18359375;0;0;0;;1;246741;m2;202022;0;
..\..\world\kalimdor\kalidar\passivedoodads\kalidarbushes\kalidarbush02.m2;19590.126953125;82.9095230102539;14908.0302734375;0;0;0;;1;246856;m2;202022;0;
..\..\world\kalimdor\kalidar\passivedoodads\kalidarbushes\kalidarbush02.m2;19610.908203125;84.41293334960938;14889.962890625;0;0;0;;1;246857;m2;202022;0;
..\..\world\kalimdor\kalidar\passivedoodads\kalidarbushes\kalidarbush02.m2;19623.69140625;90.47069549560547;14889.5703125;0;0;0;;1;246858;m2;202022;0;
..\..\world\kalimdor\kalidar\passivedoodads\kalidarbushes\kalidarbush02.m2;19642.408203125;97.94990539550781;14894.0234375;0;0;0;;1;246859;m2;202022;0;
..\..\world\kalimdor\kalidar\passivedoodads\kalidarbushes\kalidarbush02.m2;19678.34375;108.24774932861328;14884.060546875;0;317;0;;1;246881;m2;202022;0;
..\..\world\kalimdor\kalidar\passivedoodads\kalidarbushes\kalidarbush02.m2;19506.4453125;93.91394805908203;14836.5703125;0;0;0;;1;246903;m2;202022;0;
..\..\world\kalimdor\kalidar\passivedoodads\kalidarbushes\kalidarbush02.m2;19504.05078125;97.34049224853516;14868.29296875;0;0;0;;1;246904;m2;202022;0;
..\..\world\kalimdor\kalidar\passivedoodads\kalidarbushes\kalidarbush02.m2;19548.185546875;81.176513671875;14899.7373046875;0;0;0;;1;246910;m2;202022;0;
..\..\world\kalimdor\kalidar\passivedoodads\kalidarbushes\kalidarbush02.m2;19529.90234375;85.07282257080078;14925.294921875;0;0;0;;1;246911;m2;202022;0;
..\..\world\kalimdor\kalidar\passivedoodads\kalidarbushes\kalidarbush02.m2;19513.494140625;92.7232437133789;14923.5048828125;0;0;0;;1;246912;m2;202022;0;
..\..\world\kalimdor\kalidar\passivedoodads\kalidarbushes\kalidarbush02.m2;19506.478515625;101.43853759765625;14882.3046875;0;0;0;;1;246925;m2;202022;0;
..\..\world\kalimdor\kalidar\passivedoodads\kalidarbushes\kalidarbush02.m2;19487.845703125;101.7249526977539;14824.9072265625;0;0;0;;1;246926;m2;202022;0;
..\..\world\kalimdor\kalidar\passivedoodads\kalidarbushes\kalidarbush02.m2;19380.71484375;103.0316162109375;14887.107421875;0;340;0;;1;246943;m2;202022;0;
..\..\world\kalimdor\kalidar\passivedoodads\kalidarbushes\kalidarbush02.m2;19455.6875;111.06778717041016;14854.310546875;0;0;0;;1;246948;m2;202022;0;
..\..\world\kalimdor\kalidar\passivedoodads\kalidarbushes\kalidarbush02.m2;19414.599609375;107.72474670410156;14846.958984375;0;0;0;;1;246950;m2;202022;0;
..\..\world\kalimdor\kalidar\passivedoodads\kalidarbushes\kalidarbush02.m2;19275.80078125;110.7190933227539;14769.0146484375;0;0;0;;1;275654;m2;202022;0;
..\..\world\kalimdor\kalidar\passivedoodads\kalidarbushes\kalidarbush02.m2;19229.041015625;121.78978729248047;14743.052734375;0;0;0;;1;275657;m2;202022;0;
..\..\world\kalimdor\kalidar\passivedoodads\kalidarbushes\kalidarbush02.m2;19300.24609375;124.83463287353516;14716.1142578125;0;0;0;;1;279079;m2;202022;0;
..\..\world\kalimdor\kalidar\passivedoodads\kalidarbushes\kalidarbush02.m2;19285.662109375;112.62418365478516;14754.7666015625;0;0;0;;1;279081;m2;202022;0;
..\..\world\kalimdor\kalidar\passivedoodads\kalidarbushes\kalidarbush02.m2;19334.275390625;110.68335723876953;14761.5810546875;0;0;0;;1;279083;m2;202022;0;
..\..\world\kalimdor\kalidar\passivedoodads\kalidarbushes\kalidarbush02.m2;19327.638671875;127.04463958740234;14693.4833984375;0;0;0;;1;279093;m2;202022;0;
..\..\world\kalimdor\kalidar\passivedoodads\kalidarbushes\kalidarbush02.m2;19216.01953125;103.76780700683594;14837.7861328125;0;0;0;;1;279155;m2;202022;0;
..\..\world\kalimdor\kalidar\passivedoodads\kalidarbushes\kalidarbush02.m2;19198.939453125;105.10456848144531;14828.5390625;0;0;0;;1;279157;m2;202022;0;
..\..\world\kalimdor\kalidar\passivedoodads\kalidarbushes\kalidarbush02.m2;19204.939453125;106.28089141845703;14816.572265625;0;0;0;;1;279158;m2;202022;0;
..\..\world\kalimdor\kalidar\passivedoodads\kalidarbushes\kalidarbush02.m2;19219.51953125;104.69886016845703;14825.357421875;0;0;0;;1;279161;m2;202022;0;
..\..\world\kalimdor\kalidar\passivedoodads\kalidarbushes\kalidarbush02.m2;19580.99609375;103.39707946777344;14710.4423828125;0;0;0;;1;475600;m2;202022;0;
..\..\world\kalimdor\kalidar\passivedoodads\kalidarbushes\kalidarbush02.m2;19562.30078125;101.3734130859375;14793.357421875;0;0;0;;1;475601;m2;202022;0;
..\..\world\kalimdor\kalidar\passivedoodads\kalidarbushes\kalidarbush02.m2;19579.125;101.5660629272461;14818.447265625;0;0;0;;1;475602;m2;202022;0;
..\..\world\kalimdor\kalidar\passivedoodads\kalidarbushes\kalidarbush02.m2;19629.048828125;92.65778350830078;14821.7333984375;0;0;0;;1;475603;m2;202022;0;
..\..\world\kalimdor\kalidar\passivedoodads\kalidarbushes\kalidarbush03.m2;19575.912109375;86.82511138916016;14839.568359375;-5.000000476837158;228;-13;;1.1796875;246893;m2;202023;0;
..\..\world\kalimdor\kalidar\passivedoodads\kalidartrees\kalidartree06.m2;19635.779296875;101.23375701904297;14695.5673828125;0;120.5;0;;1.4892578125;475596;m2;202055;0;
..\..\world\kalimdor\kalidar\passivedoodads\kalidarroots\kalidarroots03.m2;19702.73828125;115.52081298828125;14842.6884765625;67.00000762939453;0;105.0000228881836;;2.2099609375;247213;m2;202040;0;
..\..\world\kalimdor\kalidar\passivedoodads\kalidartrees\kalidartree06.m2;19344.224609375;114.7422866821289;14739.41796875;0;3;0;;1.4794921875;279087;m2;202055;0;
..\..\world\kalimdor\kalidar\passivedoodads\kalidarbushes\kalidarbush03.m2;19598.126953125;169.61341857910156;14444.23828125;0;267.33843994140625;0;;1.2900390625;248035;m2;202023;0;
..\..\world\kalimdor\kalidar\passivedoodads\kalidartrees\kalidartree05.m2;19705.126953125;144.1260986328125;14469.7900390625;0;155.3184814453125;0;;0.7578125;247912;m2;202054;0;
..\..\world\kalimdor\kalidar\passivedoodads\kalidartrees\kalidartree05.m2;19733.421875;124.856201171875;14780.072265625;0;282.36822509765625;0;;0.7548828125;247851;m2;202054;0;
..\..\world\kalimdor\kalidar\passivedoodads\kalidarroots\kalidarroots03.m2;19508.75390625;161.07083129882812;14545.3583984375;86.00007629394531;264.99981689453125;-130.5001983642578;;2.099609375;247460;m2;202040;0;
..\..\world\kalimdor\kalidar\passivedoodads\kalidartrees\kalidartree06.m2;19609.49609375;108.42137145996094;14675.7666015625;0;183;0;;1.4599609375;475589;m2;202055;0;
..\..\world\kalimdor\kalidar\passivedoodads\kalidarroots\kalidarroots01.m2;19531.009765625;92.84266662597656;14834.21484375;-18.999996185302734;231.07275390625;-42.999996185302734;;0.6748046875;239495;m2;202038;0;
..\..\world\kalimdor\kalidar\passivedoodads\kalidarroots\kalidarroots02.m2;19667.78125;101.22582244873047;14863.65234375;17.500001907348633;210.5;1.5000008344650269;;0.7890625;246875;m2;202039;0;
..\..\world\kalimdor\kalidar\passivedoodads\kalidarroots\kalidarroots03.m2;19412.912109375;131.02684020996094;14660.982421875;-40.5;53.5;61.5;;1.7392578125;247267;m2;202040;0;
..\..\world\kalimdor\kalidar\passivedoodads\kalidarroots\kalidarroots03.m2;19376.33203125;101.2642593383789;14889.6796875;71.49999237060547;142.5;-67.99998474121094;;1.8095703125;246931;m2;202040;0;
..\..\world\kalimdor\kalidar\passivedoodads\kalidarbushes\kalidarbush03.m2;19514.193359375;162.50100708007812;14532.744140625;0;105.02587890625;0;;1.162109375;248037;m2;202023;0;
..\..\world\kalimdor\kalidar\passivedoodads\kalidarbushes\kalidarbush02.m2;19581.60546875;184.81651306152344;14587.529296875;0;218.6345977783203;0;;0.953125;247930;m2;202022;0;
..\..\world\generic\orc\passivedoodads\firepits\largefirepit01.m2;19580.443359375;103.44233703613281;14744.4697265625;0;56;0;;1;475625;m2;199155;0;
..\..\world\kalimdor\kalidar\passivedoodads\kalidarbushes\kalidarbush02.m2;19703.958984375;117.35920715332031;14836.1015625;0;318.6791687011719;0;;0.9482421875;247849;m2;202022;0;
..\..\world\kalimdor\kalidar\passivedoodads\kalidartrees\kalidartree05.m2;19437.06640625;167.12591552734375;14453.3427734375;0;352;0;;0.7294921875;279125;m2;202054;0;
..\..\world\kalimdor\kalidar\passivedoodads\kalidarroots\kalidarroots03.m2;19506.537109375;96.10769653320312;14868.3154296875;76.5;335.5;-154.99998474121094;;1.869140625;246901;m2;202040;0;
..\..\world\kalimdor\kalidar\passivedoodads\kalidarbushes\kalidarbush02.m2;19710.111328125;144.0546112060547;14425.91796875;0;147.5838623046875;0;;0.9443359375;247891;m2;202022;0;
..\..\world\kalimdor\kalidar\passivedoodads\kalidarbushes\kalidarbush02.m2;19524.14453125;92.62248992919922;14839.7080078125;0;342.03131103515625;0;;0.9345703125;239496;m2;202022;0;
..\..\world\kalimdor\kalidar\passivedoodads\kalidarbushes\kalidarbush02.m2;19737.81640625;150.0552215576172;14632.6552734375;0;140.90396118164062;0;;0.93359375;247676;m2;202022;0;
..\..\world\generic\human\passivedoodads\outposts\generaloutpost01.m2;19594.95703125;87.55333709716797;14834.1435546875;0;345;-5.499999523162842;;1.7294921875;475435;m2;198380;0;
..\..\world\kalimdor\ashenvale\passivedoodads\ashenvalestumps\ashenvaletreestump02.m2;19579.41015625;100.25212097167969;14814.2060546875;0;145.5;0;;0.4697265625;475580;m2;201212;0;
..\..\world\kalimdor\kalidar\passivedoodads\kalidarroots\kalidarroots03.m2;19473.658203125;134.09576416015625;14748.2021484375;84.50003814697266;317.0000305175781;117.50007629394531;;1.939453125;247261;m2;202040;0;
..\..\world\kalimdor\kalidar\passivedoodads\kalidartrees\kalidartree06.m2;19570.638671875;105.14399719238281;14754.072265625;0;58.5;0;;1.3798828125;475597;m2;202055;0;
..\..\world\azeroth\duskwood\passivedoodads\bush\duskwoodbush02.m2;19376.861328125;203.03759765625;14424.5615234375;0;0;0;;1;278911;m2;189396;0;
..\..\world\azeroth\duskwood\passivedoodads\bush\duskwoodbush02.m2;19389.81640625;204.00047302246094;14403.521484375;0;0;0;;1;278912;m2;189396;0;
..\..\world\khazmodan\wetlands\passivedoodads\bushes\wetlandsshurb09.m2;19391.12890625;115.62452697753906;14694.6796875;-1.0000003576278687;272.24658203125;-12.5;;0.6171875;318444;m2;203499;0;
..\..\world\kalimdor\kalidar\passivedoodads\kalidartreestumps\kalidartreestump01.m2;19699.439453125;165.52113342285156;14625.65234375;0;240.767578125;0;;1.6923828125;247683;m2;202059;0;
..\..\world\kalimdor\kalidar\passivedoodads\kalidartrees\kalidartree05.m2;19699.15625;146.77420043945312;14436.748046875;0;233.82916259765625;0;;0.69921875;247894;m2;202054;0;
..\..\world\kalimdor\kalidar\passivedoodads\kalidartrees\kalidartree05.m2;19372.771484375;101.4022216796875;14900.373046875;0;343.5;0;;0.69921875;246945;m2;202054;0;
..\..\world\kalimdor\kalidar\passivedoodads\kalidartrees\kalidartree05.m2;19600.96484375;165.66262817382812;14542.2490234375;0;167.612548828125;0;;0.6982421875;247928;m2;202054;0;
..\..\world\azeroth\duskwood\passivedoodads\bush\duskwoodbush04.m2;19375.138671875;201.90733337402344;14431.0537109375;0;58.5;0;;1.2099609375;278910;m2;189398;0;
..\..\world\kalimdor\kalidar\passivedoodads\kalidarroots\kalidarroots03.m2;19602.341796875;167.75770568847656;14547.87890625;73.50001525878906;64.50003051757812;-175.99998474121094;;1.6796875;247280;m2;202040;0;
..\..\world\kalimdor\kalidar\passivedoodads\kalidarbushes\kalidarbush03.m2;19719.33984375;157.43746948242188;14563.1767578125;-3.500000238418579;339.9501953125;-3.5;;1.056640625;247916;m2;202023;0;
..\..\world\khazmodan\wetlands\passivedoodads\bushes\wetlandsshrub04.m2;19303.150390625;95.5022964477539;14817.978515625;0;124.08336639404297;0;;1.0380859375;318438;m2;203493;0;
..\..\world\kalimdor\kalidar\passivedoodads\kalidartrees\kalidartree06.m2;19239.705078125;123.91526794433594;14907.44921875;0;318.5;0;;1.33984375;246712;m2;202055;0;
..\..\world\generic\human\passivedoodads\outposts\generaloutpost01.m2;19616.177734375;87.45755004882812;14831.552734375;-1.5;29;3.000000238418579;;1.7099609375;475436;m2;198380;0;
..\..\world\kalimdor\kalidar\passivedoodads\kalidartrees\kalidartree06.m2;19240.666015625;140.534912109375;14928.732421875;0;294.5;0;;1.3291015625;246713;m2;202055;0;
..\..\world\kalimdor\kalidar\passivedoodads\kalidarbushes\kalidarbush02.m2;19587.55078125;168.1240997314453;14491.3291015625;0;68.72158813476562;0;;0.888671875;247937;m2;202022;0;
..\..\world\kalimdor\ashenvale\passivedoodads\ashenvalestumps\ashenvaletreestump02.m2;19574.669921875;108.79032897949219;14693.2646484375;0;0;0;;0.58984375;475461;m2;201212;0;
..\..\world\kalimdor\kalidar\passivedoodads\kalidarbushes\kalidarbush03.m2;19614.072265625;102.1712875366211;14708.2958984375;0;74.5;0;;1.0693359375;475586;m2;202023;0;
..\..\world\kalimdor\kalidar\passivedoodads\kalidarbushes\kalidarbush02.m2;19649.984375;103.76888275146484;14790.576171875;0;0;0;;0.8798828125;475604;m2;202022;0;
..\..\world\kalimdor\kalidar\passivedoodads\kalidarbushes\kalidarbush03.m2;19736.869140625;145.26806640625;14667.0166015625;3;108.4364013671875;0.5000002384185791;;1.0537109375;247687;m2;202023;0;
..\..\world\kalimdor\kalidar\passivedoodads\kalidarbushes\kalidarbush03.m2;19524.125;92.9241943359375;14839.400390625;-25.5;223.0869140625;-37.5;;1.01953125;239497;m2;202023;0;
..\..\world\kalimdor\kalidar\passivedoodads\kalidarbushes\kalidarbush03.m2;19700.435546875;145.9404296875;14436.1591796875;-10;283.9454345703125;-6;;1.05078125;247895;m2;202023;0;
..\..\world\kalimdor\kalidar\passivedoodads\kalidarbushes\kalidarbush03.m2;19240.888671875;141.18235778808594;14931.0390625;8.000000953674316;287.5;24.000001907348633;;1;246715;m2;202023;0;
..\..\world\kalimdor\kalidar\passivedoodads\kalidarbushes\kalidarbush03.m2;19297.412109375;126.66278839111328;14712.978515625;-5.500000476837158;303.5;-23;;1;279076;m2;202023;0;
..\..\world\kalimdor\kalidar\passivedoodads\kalidarroots\kalidarroots03.m2;19731.697265625;149.21359252929688;14634.6865234375;87.50001525878906;88.50003051757812;38.00001907348633;;1.83984375;247226;m2;202040;0;
..\..\world\kalimdor\kalidar\passivedoodads\kalidarroots\kalidarroots03.m2;19674.474609375;107.38028717041016;14872.666015625;84.50003814697266;37.500030517578125;-176.49998474121094;;1.779296875;246873;m2;202040;0;
..\..\world\kalimdor\kalidar\passivedoodads\kalidarbushes\kalidarbush03.m2;19632.763671875;103.90699005126953;14935.0146484375;5.499999523162842;64;6.5;;1;246865;m2;202023;0;
..\..\world\kalimdor\kalidar\passivedoodads\kalidarbushes\kalidarbush03.m2;19292.3203125;111.2117691040039;14887.6865234375;1.0000001192092896;15;-16.5;;1;246724;m2;202023;0;
..\..\world\kalimdor\kalidar\passivedoodads\kalidarbushes\kalidarbush03.m2;19327.427734375;127.43163299560547;14688.677734375;-4.000000476837158;326;-25.000001907348633;;1;279092;m2;202023;0;
..\..\world\kalimdor\kalidar\passivedoodads\kalidarroots\kalidarroots03.m2;19595.509765625;163.98631286621094;14536.525390625;7.500000953674316;209.5;-43.000003814697266;;1.529296875;247282;m2;202040;0;
..\..\world\kalimdor\ashenvale\passivedoodads\satyrtotem\ashensatyrtotem05.m2;19293.34765625;199.6481170654297;14465.5283203125;0;298;0;;1;275502;m2;201256;0;
..\..\world\kalimdor\kalidar\passivedoodads\kalidarbushes\kalidarbush03.m2;19697.580078125;109.87686920166016;14935.4697265625;0;103.31271362304688;0;;1.0556640625;247791;m2;202023;0;
..\..\world\kalimdor\kalidar\passivedoodads\kalidarroots\kalidarroots03.m2;19684.822265625;109.91480255126953;14877.099609375;86.50005340576172;215;148.49996948242188;;1.8291015625;246871;m2;202040;0;
..\..\world\khazmodan\wetlands\passivedoodads\bushes\wetlandsshrub04.m2;19557.130859375;160.9887237548828;14442.4365234375;0;202.7918243408203;0;;1.005859375;318453;m2;203493;0;
..\..\world\kalimdor\kalidar\passivedoodads\kalidarbushes\kalidarbush03.m2;19420.861328125;157.23866271972656;14496.75;2;53.5;10.999999046325684;;1;279116;m2;202023;0;
..\..\world\kalimdor\kalidar\passivedoodads\kalidarbushes\kalidarbush02.m2;19463.33203125;151.04342651367188;14607.201171875;0;291.2015075683594;0;;0.853515625;248047;m2;202022;0;
..\..\world\kalimdor\kalidar\passivedoodads\kalidarbushes\kalidarbush03.m2;19578.107421875;169.21788024902344;14467.2998046875;0;49.708587646484375;0;;1.0439453125;247935;m2;202023;0;
..\..\world\kalimdor\kalidar\passivedoodads\kalidarbushes\kalidarbush03.m2;19600.767578125;108.74268341064453;14683.96484375;8.5;62;-1.5;;1;475609;m2;202023;0;
..\..\world\kalimdor\kalidar\passivedoodads\kalidarbushes\kalidarbush03.m2;19350.87890625;112.2499771118164;14746.943359375;-12.499999046325684;260;-14;;1;279091;m2;202023;0;
..\..\world\kalimdor\ashenvale\passivedoodads\satyrtotem\ashensatyrtotem05.m2;19229.16796875;201.1378631591797;14576.154296875;0;31.5;0;;1;275500;m2;201256;0;
..\..\world\kalimdor\kalidar\passivedoodads\kalidarbushes\kalidarbush03.m2;19474.166015625;167.63577270507812;14439.8603515625;0;333;0;;1;279131;m2;202023;0;
..\..\world\kalimdor\kalidar\passivedoodads\kalidarbushes\kalidarbush03.m2;19630.720703125;102.38265228271484;14751.083984375;0;26;0;;1;475585;m2;202023;0;
..\..\world\kalimdor\kalidar\passivedoodads\kalidarbushes\kalidarbush02.m2;19712.88671875;151.89231872558594;14527.0146484375;0;189.97039794921875;0;;0.8388671875;247904;m2;202022;0;
..\..\world\kalimdor\kalidar\passivedoodads\kalidarbushes\kalidarbush03.m2;19495.45703125;170.33680725097656;14419.892578125;0;113;0;;1;279132;m2;202023;0;
..\..\world\kalimdor\kalidar\passivedoodads\kalidarbushes\kalidarbush03.m2;19636.046875;96.61710357666016;14895.1171875;0;210.49998474121094;0;;1;246860;m2;202023;0;
..\..\world\kalimdor\kalidar\passivedoodads\kalidarbushes\kalidarbush03.m2;19288.4140625;111.09217834472656;14756.9716796875;0;337.5;0;;1;279075;m2;202023;0;
..\..\world\kalimdor\kalidar\passivedoodads\kalidarbushes\kalidarbush03.m2;19642.162109375;104.24030303955078;14915.787109375;0;22;0;;1;246864;m2;202023;0;
..\..\world\kalimdor\kalidar\passivedoodads\kalidarbushes\kalidarbush03.m2;19579.8984375;102.11847686767578;14737.02734375;0;20.5;0;;1;475610;m2;202023;0;
..\..\world\kalimdor\kalidar\passivedoodads\kalidarbushes\kalidarbush03.m2;19228.0625;122.81633758544922;14742.9716796875;0;289;0;;1;279073;m2;202023;0;
..\..\world\azeroth\duskwood\passivedoodads\bush\duskwoodbush05.m2;19315.9296875;201.6236572265625;14482.396484375;-1.5;29;7.000000476837158;;1.109375;275508;m2;189399;0;
..\..\world\kalimdor\kalidar\passivedoodads\kalidarbushes\kalidarbush03.m2;19412.6484375;114.10484313964844;14882.755859375;0;55.5;0;;1;246938;m2;202023;0;
..\..\world\kalimdor\kalidar\passivedoodads\kalidarbushes\kalidarbush02.m2;19448.509765625;139.7514190673828;14684.794921875;0;38.717010498046875;0;;0.8291015625;248053;m2;202022;0;
..\..\world\kalimdor\kalidar\passivedoodads\kalidarbushes\kalidarbush02.m2;19682.490234375;149.80960083007812;14467.693359375;0;328.6001281738281;0;;0.8271484375;247913;m2;202022;0;
..\..\world\kalimdor\kalidar\passivedoodads\kalidarbushes\kalidarbush03.m2;19313.455078125;111.08869171142578;14924.52734375;0;323.5;0;;1;246734;m2;202023;0;
..\..\world\kalimdor\kalidar\passivedoodads\kalidarbushes\kalidarbush03.m2;19616.4296875;102.68697357177734;14693.4990234375;0;307;0;;1;475587;m2;202023;0;
..\..\world\kalimdor\kalidar\passivedoodads\kalidarbushes\kalidarbush03.m2;19197.619140625;104.75335693359375;14829.01171875;0;322.5;0;;1;279152;m2;202023;0;
..\..\world\kalimdor\kalidar\passivedoodads\kalidarroots\kalidarroots03.m2;19460.857421875;113.3121566772461;14790.333984375;43.000003814697266;336;64.5;;1.5791015625;246880;m2;202040;0;
..\..\world\kalimdor\kalidar\passivedoodads\kalidarbushes\kalidarbush03.m2;19684.294921875;109.48439025878906;14881.552734375;0;218;0;;1;246884;m2;202023;0;
..\..\world\kalimdor\kalidar\passivedoodads\kalidarroots\kalidarroots03.m2;19680.271484375;108.2104721069336;14932.68359375;85.49993896484375;119.71102905273438;-108.99986267089844;;1.708984375;247798;m2;202040;0;
..\..\world\kalimdor\kalidar\passivedoodads\kalidarbushes\kalidarbush03.m2;19396.259765625;161.5498046875;14523.177734375;0;51.5;0;;1;279113;m2;202023;0;
..\..\world\kalimdor\kalidar\passivedoodads\kalidartrees\kalidartree06.m2;19599.267578125;170.37908935546875;14447.5546875;0;323.2605895996094;0;;1.2265625;248034;m2;202055;0;
..\..\world\kalimdor\kalidar\passivedoodads\kalidarbushes\kalidarbush03.m2;19576.3515625;102.96566772460938;14747.6865234375;0;320.5;0;;1;475592;m2;202023;0;
..\..\world\kalimdor\kalidar\passivedoodads\kalidarbushes\kalidarbush03.m2;19371.619140625;98.7625503540039;14892.9609375;0;77.5;0;;1;246940;m2;202023;0;
..\..\world\khazmodan\wetlands\passivedoodads\bushes\wetlandsshrub04.m2;19351.669921875;123.66265106201172;14694.5009765625;0;79;0;;1;318416;m2;203493;0;
..\..\world\kalimdor\kalidar\passivedoodads\kalidarbushes\kalidarbush03.m2;19428.615234375;166.19448852539062;14457.0556640625;0;101;0;;1;279122;m2;202023;0;
..\..\world\kalimdor\kalidar\passivedoodads\kalidarbushes\kalidarbush02.m2;19733.986328125;150.06117248535156;14639.701171875;0;251.18807983398438;0;;0.8076171875;247678;m2;202022;0;
..\..\world\kalimdor\kalidar\passivedoodads\kalidartrees\kalidartree06.m2;19220.5078125;104.40364837646484;14827.435546875;0;217;0;;1.19921875;279160;m2;202055;0;
..\..\world\kalimdor\kalidar\passivedoodads\kalidarbushes\kalidarbush03.m2;19343.03515625;131.14505004882812;14655.9140625;0;46;0;;1;279103;m2;202023;0;
..\..\world\kalimdor\kalidar\passivedoodads\kalidarbushes\kalidarbush03.m2;19586.341796875;102.51233673095703;14717.2705078125;0;314.5;0;;1;475611;m2;202023;0;
..\..\world\kalimdor\kalidar\passivedoodads\kalidarbushes\kalidarbush03.m2;19290.58203125;107.95612335205078;14874.0458984375;0;8.5;0;;1;246726;m2;202023;0;
..\..\world\kalimdor\kalidar\passivedoodads\kalidarbushes\kalidarbush03.m2;19329.333984375;146.21002197265625;14623.947265625;0;45;0;;1;279104;m2;202023;0;
..\..\world\kalimdor\kalidar\passivedoodads\kalidarroots\kalidarroots03.m2;19679.486328125;165.2064971923828;14425.8251953125;70.99999237060547;240.5;-118.0000228881836;;1.7392578125;247433;m2;202040;0;
..\..\world\kalimdor\kalidar\passivedoodads\kalidarbushes\kalidarbush03.m2;19466.5234375;167.19900512695312;14445.966796875;0;96;0;;1;279130;m2;202023;0;
..\..\world\kalimdor\kalidar\passivedoodads\kalidarbushes\kalidarbush03.m2;19610.294921875;107.96772003173828;14680.9541015625;0;5;0;;1;475588;m2;202023;0;
..\..\world\kalimdor\kalidar\passivedoodads\kalidarbushes\kalidarbush03.m2;19381.134765625;102.47049713134766;14887.291015625;0;4.5;0;;1;246939;m2;202023;0;
..\..\world\kalimdor\kalidar\passivedoodads\kalidarbushes\kalidarbush03.m2;19330.859375;113.34976196289062;14747.162109375;0;87.5;0;;1;279089;m2;202023;0;
..\..\world\kalimdor\kalidar\passivedoodads\kalidarbushes\kalidarbush03.m2;19231.259765625;121.3449935913086;14904.0703125;0;182;0;;1;246706;m2;202023;0;
..\..\world\khazmodan\wetlands\passivedoodads\bushes\wetlandsshrub04.m2;19282.712890625;92.2145767211914;14833.96484375;0;63.887451171875;0;;0.8818359375;318437;m2;203493;0;
..\..\world\kalimdor\kalidar\passivedoodads\kalidarbushes\kalidarbush04.m2;19684.84765625;165.5321502685547;14571.9052734375;0;156.0435791015625;0;;1.8427734375;247919;m2;202024;0;
..\..\world\kalimdor\darkshore\passivedoodads\ruins\darkshoreruinpillar02.m2;19209.341796875;193.21484375;14467.5400390625;0;116;0;;1.619140625;275492;m2;201554;0;
..\..\world\azeroth\duskwood\passivedoodads\bush\duskwoodbush04.m2;19296.939453125;198.1340789794922;14435.7841796875;0;22.5;0;;1.009765625;278901;m2;189398;0;
..\..\world\kalimdor\felwood\passivedoodads\roots\felwoodroots01.m2;19201.453125;201.47003173828125;14591.6767578125;7.500000953674316;296;37.5;;0.509765625;275550;m2;201881;0;
..\..\world\kalimdor\kalidar\passivedoodads\kalidarbushes\kalidarbush03.m2;19268.314453125;110.50081634521484;14769.6416015625;0;0;0;;1;279074;m2;202023;0;
..\..\world\kalimdor\kalidar\passivedoodads\kalidarbushes\kalidarbush03.m2;19345.875;114.42365264892578;14740.2822265625;0;0;0;;1;279088;m2;202023;0;
..\..\world\kalimdor\kalidar\passivedoodads\kalidarbushes\kalidarbush03.m2;19334.935546875;110.05481719970703;14761.60546875;0;0;0;;1;279090;m2;202023;0;
..\..\world\kalimdor\kalidar\passivedoodads\kalidarbushes\kalidarbush03.m2;19367.42578125;142.73536682128906;14564.23046875;0;0;0;;1;279110;m2;202023;0;
..\..\world\kalimdor\kalidar\passivedoodads\kalidarbushes\kalidarbush03.m2;19378.72265625;143.78213500976562;14556.1748046875;0;0;0;;1;279111;m2;202023;0;
..\..\world\kalimdor\kalidar\passivedoodads\kalidarbushes\kalidarbush03.m2;19431.3203125;165.52577209472656;14454.3212890625;0;0;0;;1;279121;m2;202023;0;
..\..\world\kalimdor\kalidar\passivedoodads\kalidarbushes\kalidarbush03.m2;19206.783203125;105.76236724853516;14816.8671875;0;0;0;;1;279151;m2;202023;0;
..\..\world\kalimdor\kalidar\passivedoodads\kalidarbushes\kalidarbush03.m2;19554.513671875;100.73005676269531;14816.916015625;0;0;0;;1;475582;m2;202023;0;
..\..\world\azeroth\duskwood\passivedoodads\bush\duskwoodbush04.m2;19316.921875;201.61453247070312;14478.3115234375;0;17.5;0;;1;275509;m2;189398;0;
..\..\world\kalimdor\kalidar\passivedoodads\kalidartrees\kalidartree06.m2;19494.435546875;157.77565002441406;14550.794921875;0;217.18435668945312;0;;1.107421875;248040;m2;202055;0;
..\..\world\kalimdor\ashenvale\passivedoodads\satyrtotem\ashensatyrtotem03.m2;19315.9921875;202.0777587890625;14479.9990234375;0;0.5;0;;0.94921875;275501;m2;201254;0;
..\..\world\kalimdor\kalidar\passivedoodads\kalidarbushes\kalidarbush02.m2;19575.7265625;85.96597290039062;14842.447265625;0;1.230499267578125;0;;0.7392578125;573021;m2;202022;0;
..\..\world\kalimdor\kalidar\passivedoodads\kalidarroots\kalidarroots03.m2;19718.498046875;156.1574249267578;14569.6259765625;88.99946594238281;137.49853515625;49.49889373779297;;1.8193359375;247233;m2;202040;0;
..\..\world\azeroth\duskwood\passivedoodads\bush\duskwoodbush04.m2;19271.11328125;197.5819091796875;14477.091796875;0;324;0;;1;278902;m2;189398;0;
..\..\world\azeroth\duskwood\passivedoodads\bush\duskwoodbush04.m2;19205.9453125;195.03477478027344;14440.2939453125;0;345;0;;1;278904;m2;189398;0;
..\..\world\azeroth\duskwood\passivedoodads\bush\duskwoodbush05.m2;19227.89453125;194.0695343017578;14404.2548828125;0;116;0;;1;278897;m2;189399;0;
..\..\world\kalimdor\kalidar\passivedoodads\kalidarbushes\kalidarbush04.m2;19655.70703125;174.78671264648438;14592.087890625;0;46.500732421875;0;;1.716796875;247920;m2;202024;0;
..\..\world\kalimdor\kalidar\passivedoodads\kalidarbushes\kalidarbush02.m2;19330.587890625;126.2151870727539;14690.357421875;0;260;0;;0.7294921875;279095;m2;202022;0;
..\..\world\khazmodan\wetlands\passivedoodads\bushes\wetlandsshrub04.m2;19322.796875;96.21407318115234;14805.8330078125;0;72.64382934570312;0;;0.8603515625;318439;m2;203493;0;
..\..\world\azeroth\duskwood\passivedoodads\bush\duskwoodbush04.m2;19306.46875;196.47915649414062;14414.7724609375;0;41.5;0;;1;278900;m2;189398;0;
..\..\world\khazmodan\wetlands\passivedoodads\bushes\wetlandsshurb09.m2;19381.013671875;105.65046691894531;14746.83984375;-2.4999990463256836;214.83013916015625;-12.500001907348633;;0.51171875;318441;m2;203499;0;
..\..\world\kalimdor\kalidar\passivedoodads\kalidarbushes\kalidarbush02.m2;19429.50390625;166.3262481689453;14460.77734375;0;313;0;;0.7197265625;279127;m2;202022;0;
..\..\world\kalimdor\kalidar\passivedoodads\kalidartrees\kalidartree06.m2;19569.90625;110.76920318603516;14696.974609375;0;336.5;0;;1.0693359375;475590;m2;202055;0;
..\..\world\azeroth\duskwood\passivedoodads\bush\duskwoodbush04.m2;19217.693359375;194.33450317382812;14477.361328125;0;262;0;;1;278903;m2;189398;0;
..\..\world\azeroth\duskwood\passivedoodads\bush\duskwoodbush05.m2;19295.91796875;199.33316040039062;14460.7099609375;0;233;0;;1;275507;m2;189399;0;
..\..\world\kalimdor\kalidar\passivedoodads\kalidarbushes\kalidarbush02.m2;19383.28515625;104.01422119140625;14886.7509765625;0;0;0;;0.7099609375;246944;m2;202022;0;
..\..\world\kalimdor\kalidar\passivedoodads\kalidarbushes\kalidarbush03.m2;19738.9375;149.95408630371094;14632.58984375;0;144.87014770507812;0;;0.849609375;247677;m2;202023;0;
..\..\world\kalimdor\kalidar\passivedoodads\kalidarroots\kalidarroots03.m2;19721.166015625;115.40923309326172;14829.0947265625;74.50000762939453;287.0000305175781;-129;;1.3095703125;247210;m2;202040;0;
..\..\world\kalimdor\kalidar\passivedoodads\kalidarroots\kalidarroots03.m2;19630.431640625;169.1569366455078;14499.5615234375;0;303;0;;1.6591796875;247448;m2;202040;0;
..\..\world\kalimdor\kalidar\passivedoodads\kalidarroots\kalidarroots03.m2;19706.51953125;144.69186401367188;14430.796875;77.9999771118164;254.00003051757812;-164.99998474121094;;1.3291015625;247432;m2;202040;0;
..\..\world\kalimdor\kalidar\passivedoodads\kalidarroots\kalidarroots03.m2;19368.9375;98.14273834228516;14877.2861328125;-13.499999046325684;332;63;;1.2099609375;246934;m2;202040;0;
..\..\world\khazmodan\wetlands\passivedoodads\bushes\wetlandsshrub04.m2;19233.6484375;91.54532623291016;14853.4541015625;0;88.442626953125;0;;0.9169921875;318435;m2;203493;0;
..\..\world\kalimdor\kalidar\passivedoodads\kalidarbushes\kalidarbush04.m2;19670.208984375;167.52438354492188;14582.7978515625;0;105.5598373413086;0;;1.75;247918;m2;202024;0;
..\..\world\generic\orc\passivedoodads\firepits\largefirepit01.m2;19621.87890625;101.92935943603516;14752.48046875;0;0;0;;1;475624;m2;199155;0;
..\..\world\kalimdor\kalidar\passivedoodads\kalidarbushes\kalidarbush04.m2;19414.4296875;119.18917083740234;14741.5185546875;0;119.43256378173828;0;;1.6259765625;248058;m2;202024;0;
..\..\world\kalimdor\kalidar\passivedoodads\kalidarbushes\kalidarbush03.m2;19707.74609375;143.87913513183594;14468.748046875;0;11.309906005859375;0;;0.83984375;247911;m2;202023;0;
..\..\world\kalimdor\kalidar\passivedoodads\kalidarbushes\kalidarbush04.m2;19644.888671875;167.1825714111328;14558.7265625;0;225.4133758544922;0;;1.5810546875;247921;m2;202024;0;
..\..\world\kalimdor\kalidar\passivedoodads\kalidartrees\kalidartree06.m2;19641.322265625;105.4482192993164;14919.7490234375;0;344.5;0;;1;246862;m2;202055;0;
..\..\world\kalimdor\kalidar\passivedoodads\kalidartrees\kalidartree06.m2;19207.509765625;106.2578125;14816.7021484375;0;0;0;;1;279159;m2;202055;0;
..\..\world\kalimdor\kalidar\passivedoodads\kalidartrees\kalidartree06.m2;19650.2734375;103.90972137451172;14790.4853515625;0;184;0;;1;475605;m2;202055;0;
..\..\world\kalimdor\kalidar\passivedoodads\kalidartrees\kalidartree06.m2;19634.93359375;109.53443145751953;14767.2890625;0;285.5;0;;1;475606;m2;202055;0;
..\..\world\kalimdor\kalidar\passivedoodads\kalidartrees\kalidartree06.m2;19630.630859375;103.43995666503906;14759.228515625;0;126;0;;1;475607;m2;202055;0;
..\..\world\kalimdor\kalidar\passivedoodads\kalidarroots\kalidarroots03.m2;19428.08203125;116.96817779541016;14869.318359375;0;265.5;0;;1.669921875;246956;m2;202040;0;
..\..\world\khazmodan\wetlands\passivedoodads\bushes\wetlandsshrub04.m2;19199.4921875;92.51300811767578;14876.2109375;0;40.947296142578125;0;;0.7666015625;318434;m2;203493;0;
..\..\world\khazmodan\wetlands\passivedoodads\bushes\wetlandsshrub04.m2;19390.13671875;122.4376220703125;14649.6953125;-2.0000007152557373;254.7191925048828;-3.000000476837158;;0.7685546875;318446;m2;203493;0;
..\..\world\kalimdor\kalidar\passivedoodads\kalidarbushes\kalidarbush04.m2;19600.158203125;165.51246643066406;14542.998046875;-7.000000476837158;25.85162353515625;-13;;1.466796875;247929;m2;202024;0;
..\..\world\kalimdor\kalidar\passivedoodads\kalidarbushes\kalidarbush03.m2;19608.20703125;101.69983673095703;14730.037109375;-1;315;-4.500000476837158;;0.7998046875;475608;m2;202023;0;
..\..\world\kalimdor\kalidar\passivedoodads\kalidarroots\kalidarroots03.m2;19388.611328125;106.4041976928711;14901.0009765625;0;48.5;0;;1.51953125;246937;m2;202040;0;
..\..\world\generic\nightelf\passivedoodads\stonerunes\kalidarstonerune01.m2;19206.3671875;194.1770782470703;14445.5478515625;0;65.5;0;;1.58984375;277344;m2;198949;0;
..\..\world\kalimdor\kalidar\passivedoodads\kalidarroots\kalidarroots03.m2;19663.15234375;104.8470230102539;14825.8896484375;-1.999998688697815;19.324188232421875;46.999996185302734;;1.1572265625;239500;m2;202040;0;
..\..\world\kalimdor\kalidar\passivedoodads\kalidarroots\kalidarroots03.m2;19731.91015625;135.80899047851562;14413.5048828125;11.500000953674316;339;-54.999996185302734;;1.1396484375;247430;m2;202040;0;
..\..\world\kalimdor\kalidar\passivedoodads\kalidarbushes\kalidarbush04.m2;19476.265625;113.89420318603516;14784.8935546875;0;286.5;0;;1.5498046875;246928;m2;202024;0;
..\..\world\generic\orc\passivedoodads\hordebanners\hordebanner02.m2;19636.306640625;103.76325988769531;14785.755859375;0;278;0;;1;475615;m2;199174;0;
..\..\world\generic\orc\passivedoodads\hordebanners\hordebanner02.m2;19605.15625;108.70037078857422;14682.353515625;0;15;0;;1;475617;m2;199174;0;
..\..\world\generic\orc\passivedoodads\hordebanners\hordebanner02.m2;19583.892578125;108.5542221069336;14689.666015625;0;358.5;0;;1;475618;m2;199174;0;
..\..\world\generic\orc\passivedoodads\hordebanners\hordebanner02.m2;19620.572265625;101.85150909423828;14744.69921875;0;308;0;;1;475619;m2;199174;0;
..\..\world\generic\orc\passivedoodads\hordebanners\hordebanner02.m2;19588.966796875;104.19184112548828;14763.279296875;0;94.5;0;;1;577645;m2;199174;0;
..\..\world\kalimdor\kalidar\passivedoodads\kalidarbushes\kalidarbush04.m2;19434.728515625;141.04513549804688;14643.99609375;0;303.274658203125;0;;1.4267578125;248057;m2;202024;0;
..\..\world\generic\satyr\passivedoodads\tents\satyrtent01.m2;19201.857421875;201.84051513671875;14582.6123046875;0;131.5;0;;1.33984375;276064;m2;200353;0;
..\..\world\kalimdor\kalidar\passivedoodads\kalidarroots\kalidarroots03.m2;19668.27734375;105.04393768310547;14841.9765625;82.99999237060547;4.56268310546875;42.99998474121094;;1.19921875;239491;m2;202040;0;
..\..\world\kalimdor\felwood\passivedoodads\bush\felwoodbush02.m2;19341.97265625;204.0755157470703;14453.037109375;0;0.5;0;;0.599609375;275535;m2;201849;0;
..\..\world\kalimdor\kalidar\passivedoodads\kalidarbushes\kalidarbush04.m2;19577.322265625;99.61285400390625;14810.8447265625;0;37;0;;1.3994140625;475583;m2;202024;0;
..\..\world\kalimdor\kalidar\passivedoodads\kalidarbushes\kalidarbush04.m2;19575.96875;99.98773193359375;14820.552734375;0;37;0;;1.3994140625;475584;m2;202024;0;
..\..\world\kalimdor\kalidar\passivedoodads\kalidarbushes\kalidarbush04.m2;19735.412109375;144.83273315429688;14675.603515625;0;108.3724365234375;0;;1.4912109375;247688;m2;202024;0;
..\..\world\khazmodan\wetlands\passivedoodads\bushes\wetlandsshrub04.m2;19538.36328125;157.32037353515625;14458.716796875;0;83.3778076171875;0;;0.755859375;318452;m2;203493;0;
..\..\world\khazmodan\wetlands\passivedoodads\bushes\wetlandshrub03.m2;19401.322265625;132.1976776123047;14592.6640625;0;201.6711883544922;0;;0.98828125;318498;m2;203486;0;
..\..\world\kalimdor\kalidar\passivedoodads\kalidarbushes\kalidarbush04.m2;19646.57421875;102.00626373291016;14792.3916015625;0;329.5;0;;1.3994140625;246891;m2;202024;0;
..\..\world\kalimdor\kalidar\passivedoodads\kalidarbushes\kalidarbush04.m2;19714.673828125;151.8952178955078;14525.90625;0;123.4453125;0;;1.3837890625;247909;m2;202024;0;
..\..\world\khazmodan\wetlands\passivedoodads\bushes\wetlandshrub03.m2;19391.75;111.70654296875;14718.4990234375;0;334.04949951171875;0;;0.9404296875;318494;m2;203486;0;
..\..\world\generic\nightelf\passivedoodads\stonerunes\kalidarstonerune02.m2;19394.634765625;109.07205963134766;14752.3154296875;0;47.532958984375;0;;1.97265625;318492;m2;198950;0;
..\..\world\kalimdor\kalidar\passivedoodads\kalidarroots\kalidarroots03.m2;19301.572265625;104.28250885009766;14873.5546875;31.999996185302734;83.5;-27.499998092651367;;1;246721;m2;202040;0;
..\..\world\khazmodan\wetlands\passivedoodads\bushes\wetlandshrub03.m2;19531.111328125;157.5203857421875;14460.40625;0;197.08975219726562;0;;0.986328125;318506;m2;203486;0;
..\..\world\kalimdor\kalidar\passivedoodads\kalidarbushes\kalidarbush04.m2;19445.5625;138.8752899169922;14682.5498046875;0;168.01336669921875;0;;1.4970703125;248052;m2;202024;0;
..\..\world\kalimdor\kalidar\passivedoodads\kalidarroots\kalidarroots03.m2;19608.66796875;165.9800567626953;14546.1103515625;88.5001449584961;291.5000305175781;-170.49996948242188;;1.279296875;247281;m2;202040;0;
..\..\world\azeroth\duskwood\passivedoodads\bush\duskwoodbush06.m2;19286.865234375;197.3684844970703;14508.087890625;0;0;0;;1.7099609375;275479;m2;189400;0;
..\..\world\khazmodan\wetlands\passivedoodads\bushes\wetlandshrub03.m2;19391.666015625;113.17594146728516;14710.6396484375;0;231.2472686767578;0;;0.876953125;318495;m2;203486;0;
..\..\world\kalimdor\kalidar\passivedoodads\kalidarroots\kalidarroots03.m2;19709.306640625;154.1619873046875;14546.6240234375;-33.000003814697266;78;-16.00000762939453;;1;247234;m2;202040;0;
..\..\world\khazmodan\wetlands\passivedoodads\bushes\wetlandshrub03.m2;19451.009765625;140.96224975585938;14551.69921875;0;220.56825256347656;0;;0.8740234375;318503;m2;203486;0;
..\..\world\kalimdor\kalidar\passivedoodads\kalidarbushes\kalidarbush04.m2;19531.50390625;84.98230743408203;14878.29296875;0;290;0;;1.3896484375;246906;m2;202024;0;
..\..\world\kalimdor\kalidar\passivedoodads\kalidarbushes\kalidarbush04.m2;19592.314453125;192.76971435546875;14603.599609375;0;252.6712646484375;0;;1.4130859375;247934;m2;202024;0;
..\..\world\kalimdor\kalidar\passivedoodads\kalidarbushes\kalidarbush04.m2;19217.55859375;121.10633850097656;14910.802734375;0;76;0;;1.419921875;246704;m2;202024;0;
..\..\world\kalimdor\kalidar\passivedoodads\kalidarroots\kalidarroots03.m2;19563.560546875;180.5756378173828;14581.9072265625;39.5;225.5;4.000000953674316;;1;247278;m2;202040;0;
..\..\world\kalimdor\kalidar\passivedoodads\kalidarbushes\kalidarbush04.m2;19691.017578125;152.21131896972656;14517.7861328125;0;239.60812377929688;0;;1.283203125;247907;m2;202024;0;
..\..\world\kalimdor\kalidar\passivedoodads\kalidarbushes\kalidarbush04.m2;19647.97265625;101.3985366821289;14795.1748046875;0;329.5;0;;1.279296875;475468;m2;202024;0;
..\..\world\kalimdor\felwood\passivedoodads\roots\felwoodroots01.m2;19230.109375;200.02615356445312;14576.287109375;30.000003814697266;252.5;36.5;;0.369140625;275551;m2;201881;0;
..\..\world\kalimdor\kalidar\passivedoodads\kalidarbushes\kalidarbush04.m2;19414.84765625;108.23538970947266;14845.5322265625;0;40;0;;1.2392578125;246951;m2;202024;0;
..\..\world\kalimdor\kalidar\passivedoodads\kalidarbushes\kalidarbush04.m2;19282.97265625;112.70144653320312;14885.224609375;0;333.5;0;;1.259765625;246723;m2;202024;0;
..\..\world\khazmodan\wetlands\passivedoodads\bushes\wetlandshrub03.m2;19456.03515625;145.5183868408203;14525.8017578125;0;291.4761657714844;0;;0.8740234375;318504;m2;203486;0;
..\..\world\khazmodan\wetlands\passivedoodads\bushes\wetlandshrub03.m2;19494.814453125;151.84649658203125;14500.90625;0;200.57252502441406;0;;0.869140625;318505;m2;203486;0;
..\..\world\generic\orc\passivedoodads\hordebanners\hordebanner02.m2;19588.47265625;102.96012115478516;14726.0947265625;0;56.5;0;;0.849609375;475616;m2;199174;0;
..\..\world\kalimdor\kalidar\passivedoodads\kalidarbushes\kalidarbush04.m2;19693.5234375;152.3901824951172;14520.5478515625;0;167.2735595703125;0;;1.3447265625;247908;m2;202024;0;
..\..\world\kalimdor\kalidar\passivedoodads\kalidarbushes\kalidarbush04.m2;19223.125;111.53498077392578;14760.5234375;0;0;0;;1.5498046875;279211;m2;202024;0;
..\..\world\khazmodan\wetlands\passivedoodads\bushes\wetlandshrub03.m2;19385.65625;120.00051879882812;14665.0205078125;0;54.19720458984375;0;;0.8017578125;318496;m2;203486;0;
..\..\world\kalimdor\kalidar\passivedoodads\kalidarroots\kalidarroots03.m2;19686.572265625;150.28781127929688;14444.3134765625;12.5;26.5;12;;1;247439;m2;202040;0;
..\..\world\kalimdor\kalidar\passivedoodads\kalidarbushes\kalidarbush04.m2;19697.318359375;115.56697845458984;14844.966796875;0;62.942596435546875;0;;1.216796875;247848;m2;202024;0;
..\..\world\kalimdor\kalidar\passivedoodads\kalidarbushes\kalidarbush04.m2;19448.888671875;139.3235321044922;14682.3046875;0;177.80816650390625;0;;1.4765625;248051;m2;202024;0;
..\..\world\kalimdor\kalidar\passivedoodads\kalidarbushes\kalidarbush04.m2;19562.447265625;100.75627136230469;14795.2490234375;0;353.5;0;;1.3994140625;475581;m2;202024;0;
..\..\world\kalimdor\ashenvale\passivedoodads\ashenvalestumps\ashenvaletreestump03.m2;19586.341796875;100.95635223388672;14773.068359375;0;19;0;;4.26953125;475421;m2;201213;0;
..\..\world\kalimdor\ashenvale\passivedoodads\ashenvalestumps\ashenvaletreestump03.m2;19577.1015625;100.6294937133789;14795.2861328125;0;281;0;;4.26953125;475422;m2;201213;0;
..\..\world\kalimdor\kalidar\passivedoodads\kalidarroots\kalidarroots03.m2;19707.53125;109.53423309326172;14866.2333984375;48.999996185302734;352;12.000000953674316;;0.8798828125;247215;m2;202040;0;
..\..\world\kalimdor\ashenvale\passivedoodads\ashenvalestumps\ashenvaletreestump03.m2;19566.416015625;104.69889831542969;14734.873046875;0;51.5;0;;4.2490234375;475577;m2;201213;0;
..\..\world\azeroth\deadwindpass\passivedoodads\weeds\deadwindhangingweedssmall04.m2;19294.326171875;199.57672119140625;14468.1650390625;0;302.5;0;;0.7392578125;275506;m2;189352;0;
..\..\world\kalimdor\kalidar\passivedoodads\kalidarbushes\kalidarbush04.m2;19506.98828125;100.5887222290039;14882.83984375;0;0;0;;1.509765625;246924;m2;202024;0;
..\..\world\kalimdor\kalidar\passivedoodads\kalidarroots\kalidarroots03.m2;19540.51953125;90.68681335449219;14838.333984375;27.000001907348633;61.408935546875;22.500003814697266;;0.8857421875;239494;m2;202040;0;
..\..\world\azeroth\duskwood\passivedoodads\bush\duskwoodbush06.m2;19257.740234375;197.5734405517578;14524.90234375;0;46;0;;1.169921875;275478;m2;189400;0;
..\..\world\kalimdor\kalidar\passivedoodads\kalidarbushes\kalidarbush04.m2;19514.849609375;92.71285247802734;14838.94921875;-17;238.27952575683594;-17;;1.048828125;239498;m2;202024;0;
..\..\world\khazmodan\wetlands\passivedoodads\bushes\wetlandshrub03.m2;19382.24609375;106.36768341064453;14743.6953125;0;171.6995849609375;0;;0.935546875;318493;m2;203486;0;
..\..\world\kalimdor\kalidar\passivedoodads\kalidarbushes\kalidarbush04.m2;19731.609375;147.54061889648438;14701.1435546875;0;210.8450469970703;0;;1.1728515625;247691;m2;202024;0;
..\..\world\kalimdor\kalidar\passivedoodads\kalidarbushes\kalidarbush04.m2;19663.6328125;173.46798706054688;14424.197265625;0;132.4771728515625;0;;1.1435546875;248032;m2;202024;0;
..\..\world\kalimdor\kalidar\passivedoodads\kalidarroots\kalidarroots03.m2;19685.599609375;111.97743225097656;14843.3984375;34;344.5;80.00000762939453;;1;247214;m2;202040;0;
..\..\world\kalimdor\ashenvale\passivedoodads\ashenvalestumps\ashenvaletreestump03.m2;19635.251953125;98.32827758789062;14819.482421875;0;220.5;0;;4.01953125;475424;m2;201213;0;
..\..\world\kalimdor\ashenvale\passivedoodads\ashenvalestumps\ashenvaletreestump03.m2;19634.71875;106.79609680175781;14779.63671875;0;240.5;0;;4.01953125;475425;m2;201213;0;
..\..\world\kalimdor\ashenvale\passivedoodads\ashenvalestumps\ashenvaletreestump03.m2;19650.193359375;102.62635803222656;14743.4423828125;0;195.5;0;;4.01953125;475466;m2;201213;0;
..\..\world\kalimdor\ashenvale\passivedoodads\ashenvalestumps\ashenvaletreestump03.m2;19624.025390625;93.02394104003906;14822.8271484375;0;182.5;0;;4.01953125;475467;m2;201213;0;
..\..\world\kalimdor\kalidar\passivedoodads\kalidarroots\kalidarroots03.m2;19278.439453125;103.88868713378906;14865.5146484375;57;263;74.99998474121094;;1;246720;m2;202040;0;
..\..\world\kalimdor\ashenvale\passivedoodads\ashenvalestumps\ashenvaletreestump03.m2;19621.67578125;103.1202163696289;14700.37109375;0;227;0;;3.9990234375;475575;m2;201213;0;
..\..\world\kalimdor\ashenvale\passivedoodads\ashenvalestumps\ashenvaletreestump03.m2;19615.126953125;106.50975799560547;14682.1572265625;0;173;0;;3.9990234375;475576;m2;201213;0;
..\..\world\kalimdor\kalidar\passivedoodads\kalidarbushes\kalidarbush04.m2;19633.00390625;101.05992126464844;14802.2529296875;0;298;0;;1.119140625;246892;m2;202024;0;
..\..\world\kalimdor\kalidar\passivedoodads\kalidarbushes\kalidarbush04.m2;19547.912109375;81.33263397216797;14901.068359375;0;0;0;;1.4091796875;246922;m2;202024;0;
..\..\world\azeroth\duskwood\passivedoodads\bush\duskwoodbush06.m2;19204.875;194.58889770507812;14466.9140625;0;0;0;;1.4091796875;275493;m2;189400;0;
..\..\world\kalimdor\kalidar\passivedoodads\kalidartreestumps\kalidartreestump01.m2;19246.783203125;199.36309814453125;14551.9580078125;0;0;0;;1.169921875;275662;m2;202059;0;
..\..\world\kalimdor\kalidar\passivedoodads\kalidarbushes\kalidarbush04.m2;19548.857421875;95.54275512695312;14831.2646484375;13.999998092651367;302.66058349609375;-38;;1;573026;m2;202024;0;
..\..\world\generic\orc\passivedoodads\wyvernroost\wyvernroost01.m2;19583.498046875;103.55523681640625;14760.822265625;0;131;0;;1;577642;m2;199454;0;
..\..\world\kalimdor\kalidar\passivedoodads\kalidarbushes\kalidarbush04.m2;19484.033203125;153.81484985351562;14619.2734375;0;259.9554443359375;0;;1.2412109375;248045;m2;202024;0;
..\..\world\kalimdor\kalidar\passivedoodads\kalidartreelogs\kalidartreelog01.m2;19214.84765625;199.64358520507812;14571.568359375;0;161.5;0;;0.6298828125;275663;m2;202044;0;
..\..\world\azeroth\deadwindpass\passivedoodads\weeds\deadwindhangingweedssmall04.m2;19227.017578125;201.56341552734375;14577.5390625;0;219.5;0;;0.6796875;275505;m2;189352;0;
..\..\world\generic\nightelf\passivedoodads\lamps\kalidarstreetlamp01.m2;19705.326171875;108.4952163696289;14873.513671875;0;148;0;;1;245656;m2;198776;0;
..\..\world\kalimdor\kalidar\passivedoodads\kalidarbushes\kalidarbush04.m2;19587.08203125;97.83916473388672;14780.37109375;0;0;0;;1.359375;246889;m2;202024;0;
..\..\world\generic\satyr\passivedoodads\tents\satyrtent01.m2;19225.509765625;202.0401153564453;14585.6728515625;0;224.99998474121094;0;;1;276063;m2;200353;0;
..\..\world\kalimdor\kalidar\passivedoodads\kalidarbushes\kalidarbush04.m2;19679.193359375;106.01297760009766;14867.353515625;0;0;0;;1.349609375;246885;m2;202024;0;
..\..\world\kalimdor\kalidar\passivedoodads\kalidarbushes\kalidarbush04.m2;19372.427734375;100.7201919555664;14900.0771484375;0;333.5;0;;1.0693359375;246941;m2;202024;0;
..\..\world\kalimdor\kalidar\passivedoodads\kalidarbushes\kalidarbush04.m2;19719.16015625;154.39955139160156;14624.8134765625;0;291.6959228515625;0;;1.0888671875;247682;m2;202024;0;
..\..\world\khazmodan\wetlands\passivedoodads\bushes\wetlandshrub03.m2;19395.140625;124.40914154052734;14640.8046875;0;3.7464599609375;0;;0.8818359375;318497;m2;203486;0;
..\..\world\kalimdor\kalidar\passivedoodads\kalidarbushes\kalidarbush04.m2;19592.0546875;192.67926025390625;14599.6865234375;0;165.44122314453125;0;;1.1318359375;247933;m2;202024;0;
..\..\world\kalimdor\kalidar\passivedoodads\kalidarbushes\kalidarbush04.m2;19687.4609375;110.3659896850586;14872.1279296875;0;0;0;;1.3095703125;246882;m2;202024;0;
..\..\world\kalimdor\kalidar\passivedoodads\kalidarbushes\kalidarbush04.m2;19546.400390625;94.53018951416016;14832.5205078125;-21.000001907348633;175.2156982421875;-2.500000476837158;;1.169921875;573025;m2;202024;0;
..\..\world\kalimdor\kalidar\passivedoodads\kalidarbushes\kalidarbush04.m2;19530.330078125;86.04251098632812;14925.373046875;0;327.5;0;;1.009765625;246919;m2;202024;0;
..\..\world\khazmodan\wetlands\passivedoodads\bushes\wetlandshrub03.m2;19575.826171875;162.9686279296875;14418.376953125;0;238.72918701171875;0;;0.677734375;318508;m2;203486;0;
..\..\world\kalimdor\kalidar\passivedoodads\kalidarbushes\kalidarbush04.m2;19220.580078125;105.0392837524414;14825.1328125;0;318.5;0;;1;279162;m2;202024;0;
..\..\world\azeroth\duskwood\passivedoodads\bush\duskwoodbush06.m2;19247.09765625;199.9594268798828;14556.998046875;0;135.5;0;;1;275477;m2;189400;0;
..\..\world\generic\orc\passivedoodads\wyvernroost\wyvernroost01.m2;19584.669921875;104.0884017944336;14763.6240234375;0;164;0;;1;577639;m2;199454;0;
..\..\world\kalimdor\kalidar\passivedoodads\kalidarbushes\kalidarbush04.m2;19418.09375;106.6929931640625;14840.5673828125;0;59;0;;1;246959;m2;202024;0;
..\..\world\kalimdor\kalidar\passivedoodads\kalidarbushes\kalidarbush04.m2;19325.232421875;105.09224700927734;14903.5322265625;0;30.5;0;;1;246739;m2;202024;0;
..\..\world\kalimdor\kalidar\passivedoodads\kalidarbushes\kalidarbush04.m2;19686.34765625;109.99571990966797;14869.349609375;0;210;0;;1;246883;m2;202024;0;
..\..\world\azeroth\duskwood\passivedoodads\bush\duskwoodbush06.m2;19209.677734375;194.06060791015625;14471.748046875;0;0;0;;1.26953125;275494;m2;189400;0;
..\..\world\kalimdor\kalidar\passivedoodads\kalidarbushes\kalidarbush04.m2;19612.61328125;83.87018585205078;14889.80859375;0;331.5;0;;1;246854;m2;202024;0;
..\..\world\kalimdor\ashenvale\passivedoodads\ashenvalestumps\ashenvaletreestump03.m2;19581.083984375;107.82837677001953;14690.419921875;0;302;0;;3.5390625;475460;m2;201213;0;
..\..\world\khazmodan\wetlands\passivedoodads\bushes\wetlandshrub03.m2;19454.216796875;142.11709594726562;14548.1748046875;0;204.4398193359375;0;;0.677734375;318502;m2;203486;0;
..\..\world\generic\nightelf\passivedoodads\stonerunes\kalidarstonerune01.m2;19345.66015625;98.87969207763672;14792.58984375;0;320.5;0;;1;318411;m2;198949;0;
..\..\world\kalimdor\kalidar\passivedoodads\kalidarbushes\kalidarbush04.m2;19676.013671875;105.4753189086914;14928.5546875;0;321.7193908691406;0;;0.966796875;247801;m2;202024;0;
..\..\world\kalimdor\kalidar\passivedoodads\kalidarbushes\kalidarbush04.m2;19614.509765625;83.87503814697266;14886.6728515625;0;0;0;;1.2392578125;246853;m2;202024;0;
..\..\world\azeroth\duskwood\passivedoodads\bush\duskwoodbush06.m2;19249.9921875;199.78195190429688;14555.8916015625;0;0;0;;1.2392578125;275476;m2;189400;0;
..\..\world\kalimdor\kalidar\passivedoodads\kalidarbushes\kalidarbush04.m2;19704.517578125;165.56231689453125;14621.857421875;0;187.9268798828125;0;;1.123046875;247684;m2;202024;0;
..\..\world\kalimdor\kalidar\passivedoodads\kalidarbushes\kalidarbush04.m2;19591.349609375;83.59165954589844;14907.130859375;0;0;0;;1.2294921875;246855;m2;202024;0;
..\..\world\kalimdor\kalidar\passivedoodads\kalidarroots\kalidarroots03.m2;19464.755859375;105.2477035522461;14809.443359375;0;340;0;;1;246955;m2;202040;0;
..\..\world\kalimdor\kalidar\passivedoodads\kalidarbushes\kalidarbush04.m2;19596.25;93.08439636230469;14934.10546875;0;290.5;0;;1;246868;m2;202024;0;
..\..\world\azeroth\duskwood\passivedoodads\bush\duskwoodbush06.m2;19279.798828125;197.8858184814453;14512.623046875;0;339.5;0;;1;275480;m2;189400;0;
..\..\world\kalimdor\kalidar\passivedoodads\kalidarroots\kalidarroots03.m2;19410.70703125;120.7305908203125;14718.3330078125;-29.499998092651367;356.5;127.0000228881836;;0.7392578125;247264;m2;202040;0;
..\..\world\kalimdor\kalidar\passivedoodads\kalidarbushes\kalidarbush04.m2;19512.166015625;94.01966094970703;14922.5859375;0;0;0;;1.2099609375;246921;m2;202024;0;
..\..\world\kalimdor\kalidar\passivedoodads\kalidartreestumps\kalidartreestump01.m2;19322.451171875;110.2677230834961;14928.33984375;0;0;0;;1;246731;m2;202059;0;
..\..\world\kalimdor\kalidar\passivedoodads\kalidarbushes\kalidarbush04.m2;19389.216796875;108.70242309570312;14902.7705078125;0;0;0;;1.189453125;246942;m2;202024;0;
..\..\world\kalimdor\kalidar\passivedoodads\kalidarbushes\kalidarbush04.m2;19207.431640625;125.96499633789062;14718.166015625;0;0;0;;1.189453125;279210;m2;202024;0;
..\..\world\kalimdor\kalidar\passivedoodads\kalidarroots\kalidarroots03.m2;19360.892578125;96.36518859863281;14905.556640625;0;0;0;;1;246935;m2;202040;0;
..\..\world\kalimdor\kalidar\passivedoodads\kalidarbushes\kalidarbush04.m2;19706.97265625;112.87879943847656;14855.990234375;0;208.73561096191406;0;;0.9267578125;247847;m2;202024;0;
..\..\world\kalimdor\kalidar\passivedoodads\kalidarbushes\kalidarbush04.m2;19640.189453125;105.48489379882812;14920.5673828125;0;0;0;;1.1591796875;246863;m2;202024;0;
..\..\world\khazmodan\wetlands\passivedoodads\bushes\wetlandshrub03.m2;19421.703125;136.87664794921875;14571.373046875;0;1.3253173828125;0;;0.794921875;318500;m2;203486;0;
..\..\world\azeroth\duskwood\passivedoodads\bush\duskwoodbush06.m2;19206.8828125;194.0458526611328;14471.935546875;0;283;0;;1;275495;m2;189400;0;
..\..\world\kalimdor\kalidar\passivedoodads\kalidarbushes\kalidarbush04.m2;19475.298828125;114.1243667602539;14783.400390625;0;12.5;0;;1;246929;m2;202024;0;
..\..\world\kalimdor\kalidar\passivedoodads\kalidarbushes\kalidarbush04.m2;19425.216796875;107.1559066772461;14835.994140625;0;0;0;;1.1494140625;246958;m2;202024;0;
..\..\world\kalimdor\kalidar\passivedoodads\kalidarbushes\kalidarbush04.m2;19455.341796875;110.70892333984375;14852.9296875;0;0;0;;1.1298828125;246961;m2;202024;0;
..\..\world\kalimdor\kalidar\passivedoodads\kalidarbushes\kalidarbush04.m2;19676.7421875;105.82665252685547;14927.169921875;0;167.217041015625;0;;0.9765625;247800;m2;202024;0;
..\..\world\kalimdor\kalidar\passivedoodads\kalidarbushes\kalidarbush04.m2;19325.17578125;111.02182006835938;14929.77734375;0;280;0;;1;246732;m2;202024;0;
..\..\world\kalimdor\kalidar\passivedoodads\kalidarbushes\kalidarbush04.m2;19434.9765625;109.36483764648438;14842.1279296875;0;0;0;;1.119140625;246960;m2;202024;0;
..\..\world\azeroth\elwynn\passivedoodads\detail\elwynnseaweed01\elwynnseaweed01.m2;19230.935546875;93.46788024902344;14867.9267578125;0;120.82034301757812;0;;1.20703125;318572;m2;189772;0;
..\..\world\azeroth\elwynn\passivedoodads\detail\elwynnseaweed01\elwynnseaweed01.m2;19256.796875;89.92432403564453;14849.5478515625;0;338.29034423828125;0;;1.154296875;318571;m2;189772;0;
..\..\world\azeroth\elwynn\passivedoodads\detail\elwynnseaweed01\elwynnseaweed01.m2;19258.552734375;93.87308502197266;14839.4716796875;0;159.4384765625;0;;1.15234375;318570;m2;189772;0;
..\..\world\khazmodan\wetlands\passivedoodads\bushes\wetlandshrub03.m2;19556.548828125;162.52520751953125;14450.474609375;0;79.25778198242188;0;;0.619140625;318507;m2;203486;0;
..\..\world\kalimdor\ashenvale\passivedoodads\ashenvalestumps\ashenvaletreestump03.m2;19587.06640625;97.97960662841797;14777.5810546875;0;43;0;;2.849609375;475423;m2;201213;0;
..\..\world\kalimdor\ashenvale\passivedoodads\ashenvalestumps\ashenvaletreestump03.m2;19702.357421875;109.56342315673828;14934.259765625;0;339.0704345703125;0;;2.830078125;574053;m2;201213;0;
..\..\world\kalimdor\kalidar\passivedoodads\kalidarbushes\kalidarbush04.m2;19319.294921875;110.87566375732422;14928.849609375;0;0;0;;1;246733;m2;202024;0;
..\..\world\kalimdor\kalidar\passivedoodads\kalidarbushes\kalidarbush04.m2;19588.318359375;99.01797485351562;14777.888671875;0;0;0;;1;246890;m2;202024;0;
..\..\world\kalimdor\kalidar\passivedoodads\kalidarbushes\kalidarbush04.m2;19504.423828125;97.2149429321289;14868.087890625;0;0;0;;1;246905;m2;202024;0;
..\..\world\kalimdor\kalidar\passivedoodads\kalidarbushes\kalidarbush04.m2;19531.525390625;84.2836685180664;14875.755859375;0;0;0;;1;246907;m2;202024;0;
..\..\world\kalimdor\kalidar\passivedoodads\kalidarbushes\kalidarbush04.m2;19529.3671875;85.3769760131836;14927.16796875;0;0;0;;1;246920;m2;202024;0;
..\..\world\kalimdor\kalidar\passivedoodads\kalidarbushes\kalidarbush04.m2;19549.91015625;81.36393737792969;14899.7041015625;0;0;0;;1;246923;m2;202024;0;
..\..\world\kalimdor\kalidar\passivedoodads\kalidarbushes\kalidarbush04.m2;19486.296875;101.24817657470703;14824.9892578125;0;0;0;;1;246927;m2;202024;0;
..\..\world\kalimdor\kalidar\passivedoodads\kalidarbushes\kalidarbush04.m2;19421.3515625;112.65495300292969;14853.96484375;0;0;0;;1;246957;m2;202024;0;
..\..\world\azeroth\duskwood\passivedoodads\bush\duskwoodbush06.m2;19228.61328125;202.99986267089844;14595.326171875;0;0;0;;1;275475;m2;189400;0;
..\..\world\kalimdor\kalidar\passivedoodads\kalidarbushes\kalidarbush04.m2;19212.423828125;103.97828674316406;14839.1728515625;0;0;0;;1;279153;m2;202024;0;
..\..\world\kalimdor\kalidar\passivedoodads\kalidarbushes\kalidarbush04.m2;19214.287109375;99.51122283935547;14851.748046875;0;0;0;;1;318412;m2;202024;0;
..\..\world\kalimdor\kalidar\passivedoodads\kalidarbushes\kalidarbush04.m2;19482.568359375;153.61874389648438;14619.646484375;0;326.22698974609375;0;;0.7724609375;248044;m2;202024;0;
..\..\world\kalimdor\kalidar\passivedoodads\kalidarbushes\kalidarbush04.m2;19705.076171875;108.79268646240234;14872.58984375;0;302;0;;0.76953125;274246;m2;202024;0;
..\..\world\khazmodan\wetlands\passivedoodads\bushes\wetlandshrub03.m2;19411.455078125;133.83201599121094;14592.630859375;0;342.6410827636719;0;;0.5458984375;318499;m2;203486;0;
..\..\world\kalimdor\kalidar\passivedoodads\kalidarbushes\kalidarbush04.m2;19212.92578125;99.5567398071289;14853.1591796875;0;317;0;;0.7392578125;318413;m2;202024;0;
..\..\world\generic\satyr\passivedoodads\tents\satyrtent03.m2;19216.205078125;201.89321899414062;14593.1884765625;0;187;3;;1;276066;m2;200356;0;
..\..\world\khazmodan\wetlands\passivedoodads\bushes\wetlandshrub03.m2;19422.701171875;136.50125122070312;14572.1142578125;0;177.61041259765625;0;;0.6142578125;318501;m2;203486;0;
..\..\world\azeroth\elwynn\passivedoodads\detail\elwynnseaweed01\elwynnseaweed01.m2;19489.82421875;151.21266174316406;14501.8740234375;0;189.86053466796875;0;;0.990234375;318535;m2;189772;0;
..\..\world\generic\nightelf\passivedoodads\stonerunes\kalidarstonerune02.m2;19239.759765625;193.7620086669922;14490.294921875;0;27;0;;1;275555;m2;198950;0;
..\..\world\azeroth\elwynn\passivedoodads\detail\elwynnseaweed01\elwynnseaweed01.m2;19217.935546875;94.02098846435547;14871.1259765625;0;64.67849731445312;0;;0.9775390625;318573;m2;189772;0;
..\..\world\azeroth\elwynn\passivedoodads\detail\elwynnseaweed01\elwynnseaweed01.m2;19390.5078125;120.88385772705078;14668.416015625;0;270.5905456542969;0;;0.9775390625;318550;m2;189772;0;
..\..\world\azeroth\elwynn\passivedoodads\detail\elwynnseaweed01\elwynnseaweed01.m2;19396.33984375;124.96437072753906;14647.7041015625;0;185.78448486328125;0;;0.970703125;318546;m2;189772;0;
..\..\world\generic\orc\passivedoodads\braziers\mediumbraziernoomni01.m2;19599.396484375;100.93897247314453;14738.404296875;0;0;0;;1;475626;m2;199130;0;
..\..\world\generic\orc\passivedoodads\braziers\mediumbraziernoomni01.m2;19602.923828125;102.66922760009766;14709.6611328125;0;0;0;;1;475627;m2;199130;0;
..\..\world\generic\orc\passivedoodads\braziers\mediumbraziernoomni01.m2;19611.9453125;99.61846160888672;14761.556640625;0;0;0;;1;475628;m2;199130;0;
..\..\world\generic\orc\passivedoodads\braziers\mediumbraziernoomni01.m2;19601.27734375;96.10070037841797;14784.224609375;0;0;0;;1;475629;m2;199130;0;
..\..\world\generic\orc\passivedoodads\braziers\mediumbraziernoomni01.m2;19611.6875;89.78473663330078;14816.724609375;0;0;0;;1;475630;m2;199130;0;
..\..\world\azeroth\elwynn\passivedoodads\detail\elwynnseaweed01\elwynnseaweed01.m2;19392.625;116.40693664550781;14693.76171875;0;10.03082275390625;0;;0.953125;318553;m2;189772;0;
..\..\world\azeroth\elwynn\passivedoodads\detail\elwynnseaweed01\elwynnseaweed01.m2;19342.0625;99.81643676757812;14780.509765625;0;296.6289367675781;0;;0.9423828125;318560;m2;189772;0;
..\..\world\kalimdor\kalidar\passivedoodads\kalidarbushes\kalidarbush04.m2;19215.080078125;104.02593231201172;14838.5205078125;0;12.5;0;;0.7294921875;279154;m2;202024;0;
..\..\world\azeroth\elwynn\passivedoodads\detail\elwynnseaweed01\elwynnseaweed01.m2;19515.083984375;155.974365234375;14483.6796875;0;63.9423828125;0;;0.91015625;318536;m2;189772;0;
..\..\world\kalimdor\ashenvale\passivedoodads\ashenvalestumps\ashenvaletreestump03.m2;19632.33203125;96.354736328125;14820.916015625;0;230.50001525878906;0;;2.279296875;475418;m2;201213;0;
..\..\world\kalimdor\felwood\passivedoodads\felwoodmushrooms\felwoodmushroom02.m2;19303.26171875;196.36135864257812;14422.107421875;0;0;0;;1.6591796875;275464;m2;201860;0;
..\..\world\generic\orc\passivedoodads\weapons\orcspear03.m2;19581.373046875;100.158203125;14809.6083984375;-10.5;208.120361328125;-14.500001907348633;;1.462890625;475725;m2;199439;0;
..\..\world\generic\orc\passivedoodads\weapons\orcspear03.m2;19578.669921875;102.28180694580078;14793.4873046875;8.000000953674316;203.96636962890625;-12.5;;1.431640625;475726;m2;199439;0;
..\..\world\azeroth\elwynn\passivedoodads\detail\elwynnseaweed01\elwynnseaweed01.m2;19388.904296875;109.5766830444336;14737.0029296875;0;73.62164306640625;0;;0.8603515625;318555;m2;189772;0;
..\..\world\azeroth\elwynn\passivedoodads\detail\elwynnseaweed01\elwynnseaweed01.m2;19482.009765625;150.36366271972656;14511.669921875;0;248.81495666503906;0;;0.8583984375;318538;m2;189772;0;
..\..\world\azeroth\burningsteppes\passivedoodads\orcsleepmats\orcsleepmat02.m2;19225.287109375;202.31790161132812;14585.759765625;0;340;0;;1;277002;m2;189197;0;
..\..\world\generic\orc\passivedoodads\flags\orcflappingflag01.m2;19573.42578125;122.66983032226562;14722.1279296875;0;2.5;0;;2.08984375;475612;m2;199157;0;
..\..\world\kalimdor\felwood\passivedoodads\felwoodmushrooms\felwoodmushroom02.m2;19286.1484375;199.15847778320312;14465.3076171875;0;0;0;;1.5498046875;275467;m2;201860;0;
..\..\world\kalimdor\ashenvale\passivedoodads\ashenvalestumps\ashenvaletreestump03.m2;19608.17578125;109.1535415649414;14677.322265625;0;305;0;;2.109375;475459;m2;201213;0;
..\..\world\kalimdor\felwood\passivedoodads\felwoodmushrooms\felwoodmushroom02.m2;19255.322265625;197.46766662597656;14528.0625;0;62;0;;1.33984375;275457;m2;201860;0;
..\..\world\kalimdor\felwood\passivedoodads\felwoodmushrooms\felwoodmushroom02.m2;19225.712890625;194.3689727783203;14409.0498046875;0;324;0;;1.349609375;275461;m2;201860;0;
..\..\world\azeroth\elwynn\passivedoodads\detail\elwynnseaweed01\elwynnseaweed01.m2;19394.890625;123.02765655517578;14656.0029296875;0;4.71160888671875;0;;0.833984375;318549;m2;189772;0;
..\..\world\azeroth\elwynn\passivedoodads\detail\elwynnseaweed01\elwynnseaweed01.m2;19330.08984375;97.3769302368164;14800.951171875;0;162.30596923828125;0;;0.83203125;318564;m2;189772;0;
..\..\world\kalimdor\ashenvale\passivedoodads\ashenvalestumps\ashenvaletreestump03.m2;19702.3046875;109.58737182617188;14935.0810546875;0;250.04547119140625;0;;2.0634765625;574052;m2;201213;0;
..\..\world\azeroth\elwynn\passivedoodads\detail\elwynnseaweed01\elwynnseaweed01.m2;19396.20703125;124.34056091308594;14655.724609375;0;304.143798828125;0;;0.8212890625;318548;m2;189772;0;
..\..\world\kalimdor\kalidar\passivedoodads\kalidarbushes\kalidarbush04.m2;19704.880859375;108.4301528930664;14874.099609375;0;328;0;;0.5693359375;274247;m2;202024;0;
..\..\world\generic\orc\passivedoodads\barrelsandcrates\orccrate03.m2;19577.611328125;103.58956146240234;14758.7705078125;0;39;0;;1.2998046875;475639;m2;199096;0;
..\..\world\azeroth\elwynn\passivedoodads\detail\elwynnseaweed01\elwynnseaweed01.m2;19330.060546875;98.29315948486328;14810.4921875;0;150.23162841796875;0;;0.80859375;318562;m2;189772;0;
..\..\world\azeroth\elwynn\passivedoodads\detail\elwynnseaweed01\elwynnseaweed01.m2;19590.544921875;164.15411376953125;14406.71484375;0;330.9842224121094;0;;0.8046875;318528;m2;189772;0;
..\..\world\azeroth\elwynn\passivedoodads\detail\elwynnseaweed01\elwynnseaweed01.m2;19277.55078125;94.76078033447266;14828.3486328125;0;212.33924865722656;0;;0.802734375;318569;m2;189772;0;
..\..\world\azeroth\elwynn\passivedoodads\detail\elwynnseaweed01\elwynnseaweed01.m2;19577.326171875;165.14584350585938;14410.177734375;0;125.64349365234375;0;;0.802734375;318530;m2;189772;0;
..\..\world\kalimdor\kalidar\passivedoodads\kalidarbushes\kalidarbush04.m2;19327.56640625;105.57097625732422;14903.107421875;0;0;0;;0.7099609375;246740;m2;202024;0;
..\..\world\azeroth\elwynn\passivedoodads\detail\elwynnseaweed01\elwynnseaweed01.m2;19430.853515625;138.3228759765625;14567.0703125;0;107.11995697021484;0;;0.7880859375;318542;m2;189772;0;
..\..\world\azeroth\elwynn\passivedoodads\detail\elwynnseaweed01\elwynnseaweed01.m2;19320.94140625;97.47003936767578;14813.2890625;0;339.7955322265625;0;;0.7841796875;318563;m2;189772;0;
..\..\world\azeroth\elwynn\passivedoodads\detail\elwynnseaweed01\elwynnseaweed01.m2;19402.822265625;129.39857482910156;14616.025390625;0;157.87835693359375;0;;0.7802734375;318544;m2;189772;0;
..\..\world\generic\orc\passivedoodads\blankets\marketblanket01.m2;19609.52734375;105.16031646728516;14706.4521484375;0;0;0;;1;475653;m2;199107;0;
..\..\world\azeroth\elwynn\passivedoodads\detail\elwynnseaweed01\elwynnseaweed01.m2;19267.17578125;91.4605484008789;14850.7421875;0;335.5546875;0;;0.755859375;318567;m2;189772;0;
..\..\world\azeroth\elwynn\passivedoodads\detail\elwynnseaweed01\elwynnseaweed01.m2;19532.15625;157.85269165039062;14471.5244140625;0;324.71087646484375;0;;0.7490234375;318532;m2;189772;0;
..\..\world\azeroth\elwynn\passivedoodads\detail\elwynnseaweed01\elwynnseaweed01.m2;19376.392578125;105.4777603149414;14766.4365234375;0;286.5321960449219;0;;0.7216796875;318557;m2;189772;0;
..\..\world\azeroth\elwynn\passivedoodads\detail\elwynnseaweed01\elwynnseaweed01.m2;19506.291015625;154.4788055419922;14482.666015625;0;303.198974609375;0;;0.70703125;318534;m2;189772;0;
..\..\world\kalimdor\felwood\passivedoodads\felwoodmushrooms\felwoodmushroom02.m2;19261.23828125;198.12875366210938;14522.29296875;0;0;0;;1.2890625;275459;m2;201860;0;
..\..\world\azeroth\elwynn\passivedoodads\detail\elwynnseaweed01\elwynnseaweed01.m2;19456.00390625;143.36602783203125;14531.857421875;0;255.890380859375;0;;0.6953125;318539;m2;189772;0;
..\..\world\azeroth\elwynn\passivedoodads\detail\elwynnseaweed01\elwynnseaweed01.m2;19296.724609375;97.50415802001953;14816.2041015625;0;70.92990112304688;0;;0.693359375;318566;m2;189772;0;
..\..\world\azeroth\elwynn\passivedoodads\detail\elwynnseaweed01\elwynnseaweed01.m2;19419.09765625;135.37945556640625;14587.103515625;0;72.12744140625;0;;0.6923828125;318543;m2;189772;0;
..\..\world\azeroth\elwynn\passivedoodads\detail\elwynnseaweed01\elwynnseaweed01.m2;19385.017578125;110.2238998413086;14721.724609375;0;245.62881469726562;0;;0.6884765625;318554;m2;189772;0;
..\..\world\generic\orc\passivedoodads\barrelsandcrates\orccrate09.m2;19609.392578125;102.1845932006836;14706.46484375;0;0;0;;1.6796875;475644;m2;199101;0;
..\..\world\generic\orc\passivedoodads\bongs\hookahbong01.m2;19579.59765625;103.4107437133789;14747.419921875;0;303.5;0;;1;475656;m2;199118;0;
..\..\world\azeroth\elwynn\passivedoodads\detail\elwynnseaweed01\elwynnseaweed01.m2;19385.81640625;116.95187377929688;14687.9404296875;0;349.95819091796875;0;;0.6787109375;318551;m2;189772;0;
..\..\world\generic\orc\passivedoodads\barrelsandcrates\orcbarrel01.m2;19611.599609375;103.55783081054688;14695.6298828125;0;35;0;;2.009765625;475661;m2;199090;0;
..\..\world\kalimdor\felwood\passivedoodads\felwoodmushrooms\felwoodmushroom02.m2;19306.505859375;195.572509765625;14409.7060546875;0;0;0;;1.19921875;275466;m2;201860;0;
..\..\world\azeroth\elwynn\passivedoodads\detail\elwynnseaweed01\elwynnseaweed01.m2;19523.1875;158.968505859375;14484.7587890625;0;77.10440063476562;0;;0.6552734375;318537;m2;189772;0;
..\..\world\azeroth\elwynn\passivedoodads\detail\elwynnmushroom01\elwynnmushroom01.m2;19595.603515625;89.15995025634766;14830.77734375;0;42.71612548828125;0;;1.9755859375;475699;m2;189761;0;
..\..\world\generic\passivedoodads\lights\generaltorch01.m2;19642.65625;125.73148345947266;14815.208984375;25.999996185302734;349;-12.999998092651367;;1;475438;m2;199820;0;
..\..\world\generic\passivedoodads\lights\generaltorch01.m2;19551.732421875;124.83280181884766;14814.865234375;26.000003814697266;295;-13.000000953674316;;1;475450;m2;199820;0;
..\..\world\azeroth\elwynn\passivedoodads\detail\elwynnseaweed01\elwynnseaweed01.m2;19229.03515625;93.15040588378906;14851.822265625;0;328.7099914550781;0;;0.650390625;318574;m2;189772;0;
..\..\world\kalimdor\kalidar\passivedoodads\kalidarbushes\kalidarbush04.m2;19706.119140625;109.03820037841797;14873.5546875;0;0;0;;0.5791015625;274245;m2;202024;0;
..\..\world\generic\passivedoodads\lights\generaltorch01.m2;19653.677734375;125.72207641601562;14811.029296875;6;339.5;-8.000000953674316;;1;475447;m2;199820;0;
..\..\world\generic\passivedoodads\lights\generaltorch01.m2;19633.541015625;125.16336822509766;14808.041015625;6;258.5;-8.000001907348633;;1;475446;m2;199820;0;
..\..\world\generic\passivedoodads\lights\generaltorch01.m2;19655.61328125;125.6884536743164;14799.708984375;6;339.5;-8.000000953674316;;1;475448;m2;199820;0;
..\..\world\generic\passivedoodads\lights\generaltorch01.m2;19635.48046875;125.87006378173828;14796.6435546875;6;156;-8.000000953674316;;1;475449;m2;199820;0;
..\..\world\generic\passivedoodads\lights\generaltorch01.m2;19551.90625;125.0028076171875;14803.5009765625;6;179.5;-8.000000953674316;;1;475451;m2;199820;0;
..\..\world\generic\passivedoodads\lights\generaltorch01.m2;19561.87890625;124.88825225830078;14821.0341796875;6;289;-8.000000953674316;;1;475452;m2;199820;0;
..\..\world\generic\passivedoodads\lights\generaltorch01.m2;19571.689453125;124.80206298828125;14815.7548828125;6.000000476837158;327.5;-8.000000953674316;;1;475453;m2;199820;0;
..\..\world\generic\passivedoodads\lights\generaltorch01.m2;19561.818359375;125.09806060791016;14797.8203125;6.000000476837158;170.5;-8;;1;475454;m2;199820;0;
..\..\world\azeroth\elwynn\passivedoodads\detail\elwynnseaweed01\elwynnseaweed01.m2;19397.73828125;130.8720703125;14609.212890625;0;245.67279052734375;0;;0.6455078125;318545;m2;189772;0;
..\..\world\azeroth\elwynn\passivedoodads\detail\elwynnmushroom01\elwynnmushroom01.m2;19583.140625;108.35826873779297;14691.3955078125;0;235.28759765625;0;;1.9423828125;475713;m2;189761;0;
..\..\world\azeroth\elwynn\passivedoodads\detail\elwynnseaweed01\elwynnseaweed01.m2;19315.18359375;98.97240447998047;14798.82421875;0;227.63267517089844;0;;0.6396484375;318565;m2;189772;0;
..\..\world\azeroth\elwynn\passivedoodads\detail\elwynnseaweed01\elwynnseaweed01.m2;19390.908203125;125.45963287353516;14635.2177734375;0;148.92422485351562;0;;0.638671875;318547;m2;189772;0;
..\..\world\azeroth\elwynn\passivedoodads\detail\elwynnseaweed01\elwynnseaweed01.m2;19252.49609375;93.9381103515625;14856.4140625;0;304.5503234863281;0;;0.63671875;318568;m2;189772;0;
..\..\world\azeroth\elwynn\passivedoodads\detail\elwynnmushroom01\elwynnmushroom01.m2;19632.966796875;101.41436004638672;14806.2705078125;0;235.3123779296875;0;;1.9140625;475704;m2;189761;0;
..\..\world\kalimdor\felwood\passivedoodads\felwoodmushrooms\felwoodmushroom02.m2;19288.384765625;200.01051330566406;14463.310546875;0;301.5;0;;1;275468;m2;201860;0;
..\..\world\kalimdor\felwood\passivedoodads\felwoodmushrooms\felwoodmushroom02.m2;19254.27734375;197.57672119140625;14526.8388671875;0;302;0;;1;275458;m2;201860;0;
..\..\world\kalimdor\felwood\passivedoodads\felwoodmushrooms\felwoodmushroom02.m2;19304.20703125;196.7020721435547;14420.28515625;0;112;0;;1;275465;m2;201860;0;
..\..\world\azeroth\elwynn\passivedoodads\detail\elwynnmushroom01\elwynnmushroom01.m2;19629.666015625;100.94825744628906;14803.740234375;0;36.4097900390625;0;;1.873046875;475705;m2;189761;0;
..\..\world\kalimdor\felwood\passivedoodads\felwoodmushrooms\felwoodmushroom02.m2;19198.75;201.52879333496094;14574.57421875;0;69;0;;1;275523;m2;201860;0;
..\..\world\generic\orc\passivedoodads\barrelsandcrates\orccrate06.m2;19581.009765625;103.4061279296875;14754.4990234375;0;43.5;0;;1;475634;m2;199097;0;
..\..\world\kalimdor\felwood\passivedoodads\felwoodmushrooms\felwoodmushroom02.m2;19259.736328125;197.6775360107422;14522.3173828125;0;251;0;;1;275456;m2;201860;0;
..\..\world\azeroth\elwynn\passivedoodads\detail\elwynnseaweed01\elwynnseaweed01.m2;19368.056640625;103.34073638916016;14760.7109375;0;99.5172119140625;0;;0.611328125;318559;m2;189772;0;
..\..\world\generic\orc\passivedoodads\weapons\orcspear03.m2;19618.970703125;101.6067123413086;14742.9072265625;-16.499998092651367;276.5;-13;;1;475678;m2;199439;0;
..\..\world\azeroth\elwynn\passivedoodads\detail\elwynnmushroom01\elwynnmushroom01.m2;19631.3359375;104.73969268798828;14781.7177734375;0;237.4327850341797;0;;1.8505859375;475707;m2;189761;0;
..\..\world\generic\orc\passivedoodads\barrelsandcrates\orcbarrel04.m2;19613.9296875;103.03694152832031;14695.0048828125;0;0;0;;1.4296875;475658;m2;199092;0;
..\..\world\generic\orc\passivedoodads\barrelsandcrates\orccrate03.m2;19604.447265625;108.41844177246094;14684.46484375;0;333;0;;1;475687;m2;199096;0;
..\..\world\kalimdor\felwood\passivedoodads\felwoodmushrooms\felwoodmushroom02.m2;19224.9375;202.18994140625;14596.0654296875;0;346;0;;1;275412;m2;201860;0;
..\..\world\kalimdor\felwood\passivedoodads\felwoodmushrooms\felwoodmushroom02.m2;19221.380859375;201.90684509277344;14595.32421875;0;77;0;;1;275474;m2;201860;0;
..\..\world\generic\orc\passivedoodads\weapons\orcspear03.m2;19213.724609375;204.7586212158203;14593.412109375;3.5000016689300537;90.5;158.00001525878906;;1;276090;m2;199439;0;
..\..\world\generic\orc\passivedoodads\weapons\orcspear03.m2;19213.8046875;204.87069702148438;14593.8759765625;3.500002384185791;187.99998474121094;158.00001525878906;;1;276091;m2;199439;0;
..\..\world\generic\orc\passivedoodads\weapons\orcspear03.m2;19213.90625;204.833251953125;14593.7841796875;3.5000016689300537;312;158.00001525878906;;1;276092;m2;199439;0;
..\..\world\azeroth\elwynn\passivedoodads\detail\elwynnseaweed01\elwynnseaweed01.m2;19520.21875;157.58363342285156;14469.8515625;0;333.82977294921875;0;;0.5859375;318533;m2;189772;0;
..\..\world\azeroth\elwynn\passivedoodads\detail\elwynnseaweed01\elwynnseaweed01.m2;19456.630859375;143.12217712402344;14544.181640625;0;353.495849609375;0;;0.5859375;318540;m2;189772;0;
..\..\world\generic\orc\passivedoodads\barrelsandcrates\orccrate09.m2;19623.4375;101.84809875488281;14747.3291015625;0;312.5;0;;1;475674;m2;199101;0;
..\..\world\azeroth\elwynn\passivedoodads\detail\elwynnmushroom01\elwynnmushroom01.m2;19589.333984375;102.67735290527344;14755.9052734375;0;319.6470642089844;0;;1.736328125;475708;m2;189761;0;
..\..\world\critter\fireflies\fireflies01.m2;19198.919921875;197.56881713867188;14458.46875;0;112;0;;1;277343;m2;190731;0;
..\..\world\kalimdor\felwood\passivedoodads\felwoodmushrooms\felwoodmushroom02.m2;19225.9609375;194.31820678710938;14407.685546875;0;84.5;0;;1;275462;m2;201860;0;
..\..\world\azeroth\elwynn\passivedoodads\detail\elwynnmushroom01\elwynnmushroom01.m2;19633.28125;101.58788299560547;14804.2353515625;0;284.7193908691406;0;;1.890625;475703;m2;189761;0;
..\..\world\azeroth\elwynn\passivedoodads\detail\elwynnmushroom01\elwynnmushroom01.m2;19593.400390625;103.15257263183594;14712.7216796875;0;280.302734375;0;;1.9658203125;475712;m2;189761;0;
..\..\world\azeroth\elwynn\passivedoodads\detail\elwynnseaweed01\elwynnseaweed01.m2;19361.353515625;103.69315338134766;14761.4111328125;0;218.4478302001953;0;;0.56640625;318558;m2;189772;0;
..\..\world\azeroth\elwynn\passivedoodads\detail\elwynnmushroom01\elwynnmushroom01.m2;19607.966796875;102.68895721435547;14716.2958984375;0;203.24227905273438;0;;1.78125;475715;m2;189761;0;
..\..\world\kalimdor\felwood\passivedoodads\felwoodmushrooms\felwoodmushroom02.m2;19244.00390625;200.66119384765625;14564.3466796875;0;2.5;0;;1;275460;m2;201860;0;
..\..\world\azeroth\elwynn\passivedoodads\detail\elwynnseaweed01\elwynnseaweed01.m2;19566.494140625;162.60684204101562;14444.8671875;0;200.68238830566406;0;;0.552734375;318531;m2;189772;0;
..\..\world\azeroth\elwynn\passivedoodads\detail\elwynnseaweed01\elwynnseaweed01.m2;19443.83203125;139.7783966064453;14560.193359375;0;81.83966064453125;0;;0.548828125;318541;m2;189772;0;
..\..\world\kalimdor\felwood\passivedoodads\felwoodmushrooms\felwoodmushroom02.m2;19228.162109375;202.4246368408203;14592.5205078125;0;0;0;;1;275473;m2;201860;0;
..\..\world\generic\orc\passivedoodads\barrelsandcrates\orccrate10.m2;19606.390625;102.489501953125;14707.2421875;0;29.5;0;;1.2998046875;475646;m2;199102;0;
..\..\world\azeroth\elwynn\passivedoodads\detail\elwynnseaweed01\elwynnseaweed01.m2;19393.634765625;115.10359954833984;14702.3779296875;0;209.3618621826172;0;;0.5439453125;318552;m2;189772;0;
..\..\world\generic\orc\passivedoodads\barrelsandcrates\orccrate10.m2;19609.9609375;102.34092712402344;14710.2841796875;0;35.5;0;;1.26953125;475645;m2;199102;0;
..\..\world\generic\orc\passivedoodads\barrelsandcrates\orccrate07.m2;19590.494140625;103.22904968261719;14717.712890625;0;318;0;;1;475642;m2;199099;0;
..\..\world\azeroth\elwynn\passivedoodads\detail\elwynnseaweed01\elwynnseaweed01.m2;19383.234375;107.14370727539062;14754.9921875;0;233.43362426757812;0;;0.5361328125;318556;m2;189772;0;
..\..\world\azeroth\burningsteppes\passivedoodads\orcsleepmats\orcsleepmat01.m2;19201.466796875;201.7760467529297;14582.35546875;4.000000953674316;0;3.000000476837158;;1;277001;m2;189196;0;
..\..\world\azeroth\elwynn\passivedoodads\detail\elwynnmushroom01\elwynnmushroom01.m2;19615.80078125;88.66100311279297;14827.7392578125;0;16.831573486328125;0;;1.705078125;475696;m2;189761;0;
..\..\world\generic\tauren\passivedoodads\animalcages\animalcage03.m2;19220.00390625;201.8347930908203;14592.4072265625;-6;0;1;;1.2294921875;275554;m2;200359;0;
..\..\world\azeroth\elwynn\passivedoodads\detail\elwynnseaweed01\elwynnseaweed01.m2;19346.65625;100.60785675048828;14799.3173828125;0;6.800750732421875;0;;0.5068359375;318561;m2;189772;0;
..\..\world\azeroth\elwynn\passivedoodads\detail\elwynnseaweed01\elwynnseaweed01.m2;19577.166015625;165.440185546875;14407.3837890625;0;322.50250244140625;0;;0.5048828125;318529;m2;189772;0;
..\..\world\azeroth\elwynn\passivedoodads\detail\elwynnmushroom01\elwynnmushroom01.m2;19632.384765625;106.04572296142578;14779.412109375;0;15.20556640625;0;;1.66015625;475706;m2;189761;0;
..\..\world\azeroth\elwynn\passivedoodads\detail\elwynnmushroom01\elwynnmushroom01.m2;19581.60546875;103.31242370605469;14751.0634765625;0;330.01739501953125;0;;1.51171875;475711;m2;189761;0;
..\..\world\generic\orc\passivedoodads\barrelsandcrates\orccrate06.m2;19597.8984375;101.13665771484375;14737.5546875;0;289.5;0;;0.8798828125;475685;m2;199097;0;
..\..\world\generic\orc\passivedoodads\weapons\orcsword02.m2;19580.318359375;102.48153686523438;14810.4697265625;-27.499998092651367;204.47471618652344;162;;1.662109375;475724;m2;199446;0;
..\..\world\azeroth\elwynn\passivedoodads\detail\elwynnmushroom01\elwynnmushroom01.m2;19612.16015625;87.76740264892578;14830.05859375;0;36.3438720703125;0;;1.4873046875;475695;m2;189761;0;
..\..\world\azeroth\elwynn\passivedoodads\detail\elwynnmushroom01\elwynnmushroom01.m2;19593.236328125;89.10972595214844;14832.900390625;0;13.57952880859375;0;;1.6337890625;475700;m2;189761;0;
..\..\world\generic\orc\passivedoodads\barrelsandcrates\orccrate06.m2;19589.751953125;103.2569580078125;14714.9677734375;0;0;0;;1.099609375;475641;m2;199097;0;
..\..\world\azeroth\theblastedlands\passivedoodads\bones\blastedlandsspine01.m2;19566.8671875;100.67449951171875;14807.6708984375;0;154.08795166015625;0;;1.7861328125;475723;m2;190441;0;
..\..\world\azeroth\elwynn\passivedoodads\detail\elwynnmushroom01\elwynnmushroom01.m2;19587.7578125;103.03761291503906;14757.1923828125;0;148.6593017578125;0;;1.4501953125;475710;m2;189761;0;
..\..\world\generic\orc\passivedoodads\barrelsandcrates\orccrate09.m2;19579.92578125;103.38771057128906;14756.900390625;0;0;0;;1.1591796875;475635;m2;199101;0;
..\..\world\generic\orc\passivedoodads\barrelsandcrates\orccrate06.m2;19581.3125;108.3015365600586;14693.740234375;6.499999523162842;0;0.9999998807907104;;1;475665;m2;199097;0;
..\..\world\generic\orc\passivedoodads\hangingbones\orchangingbones02.m2;19583.2734375;108.7232437133789;14731.18359375;0;64.5;0;;1;475621;m2;199167;0;
..\..\world\azeroth\elwynn\passivedoodads\detail\elwynnmushroom01\elwynnmushroom01.m2;19611.03125;88.25061798095703;14826.005859375;0;190.10223388671875;0;;1.6064453125;475697;m2;189761;0;
..\..\world\generic\orc\passivedoodads\barrelsandcrates\orccrate03.m2;19581.03125;103.19760131835938;14759.1484375;0;0;0;;1;475640;m2;199096;0;
..\..\world\generic\orc\passivedoodads\barrelsandcrates\orccrate03.m2;19619.9453125;101.7214126586914;14748.884765625;0;0;0;;1;475675;m2;199096;0;
..\..\world\azeroth\elwynn\passivedoodads\detail\elwynnmushroom01\elwynnmushroom01.m2;19613.86328125;88.12186431884766;14829.07421875;0;36.618560791015625;0;;1.3935546875;475698;m2;189761;0;
..\..\world\generic\orc\passivedoodads\hangingbones\orchangingbones03.m2;19586.412109375;118.31582641601562;14687.552734375;0;12;0;;1;475622;m2;199168;0;
..\..\world\azeroth\elwynn\passivedoodads\detail\elwynnmushroom01\elwynnmushroom01.m2;19606.61328125;102.54144287109375;14718.2021484375;0;355.9678955078125;0;;1.6630859375;475716;m2;189761;0;
..\..\world\azeroth\elwynn\passivedoodads\detail\elwynnmushroom01\elwynnmushroom01.m2;19561.51953125;80.78945922851562;14931.29296875;-2;337.3235168457031;7.999999046325684;;1.3798828125;573030;m2;189761;0;
..\..\world\generic\orc\passivedoodads\barrelsandcrates\orccrate06.m2;19606.697265625;108.59652709960938;14684.0810546875;0;0;0;;1;475686;m2;199097;0;
..\..\world\generic\orc\passivedoodads\shields\orcshield01.m2;19580.376953125;103.37320709228516;14748.306640625;-15.999998092651367;83.7628173828125;-2.9999990463256836;;1.7412109375;475717;m2;199250;0;
..\..\world\kalimdor\barrens\passivedoodads\kodoeggs\kodoegg02.m2;19200.42578125;201.764404296875;14586.7373046875;0;155.5;0;;0.5791015625;276078;m2;201376;0;
..\..\world\generic\ogre\passivedoodads\torches\ogrewalltorchgreen.m2;19228.4609375;201.51641845703125;14575.041015625;0;35.5;0;;1;275512;m2;199036;0;
..\..\world\generic\ogre\passivedoodads\torches\ogrewalltorchgreen.m2;19294.44140625;201.21694946289062;14464.8203125;0;316;0;;1;275514;m2;199036;0;
..\..\world\generic\ogre\passivedoodads\torches\ogrewalltorchgreen.m2;19199.787109375;196.40496826171875;14459.3935546875;0;45;0;;1;275516;m2;199036;0;
..\..\world\kalimdor\barrens\passivedoodads\kodoeggs\kodoegg01.m2;19201.849609375;201.58209228515625;14586.0185546875;-15.999998092651367;109.5;54.000003814697266;;0.599609375;276077;m2;201375;0;
..\..\world\generic\orc\passivedoodads\weapons\orcaxe02.m2;19620.4609375;103.37151336669922;14749.54296875;-90;38.5;0;;1.189453125;475676;m2;199432;0;
..\..\world\azeroth\elwynn\passivedoodads\detail\elwynnmushroom01\elwynnmushroom01.m2;19597.84765625;89.04673767089844;14829.904296875;0;182.7301788330078;0;;1.62109375;475702;m2;189761;0;
..\..\world\generic\orc\passivedoodads\weapons\orcspear03.m2;19214.662109375;201.510009765625;14569.4248046875;-59.9999885559082;14;153.99998474121094;;0.7294921875;275733;m2;199439;0;
..\..\world\generic\orc\passivedoodads\barrelsandcrates\orcbarrel03.m2;19579.24609375;103.98088073730469;14760.505859375;0;0;0;;1;475657;m2;199091;0;
..\..\world\generic\orc\passivedoodads\barrelsandcrates\orcbarrel04.m2;19612.787109375;103.13980865478516;14696.841796875;0;0;0;;1;475659;m2;199092;0;
..\..\world\generic\orc\passivedoodads\barrelsandcrates\orcbarrel04.m2;19615.451171875;103.19000244140625;14696.5478515625;0;0;0;;1;475660;m2;199092;0;
..\..\world\generic\orc\passivedoodads\barrelsandcrates\orcbarrel04.m2;19580.09765625;107.7979736328125;14695.9609375;0;0;0;;1;475666;m2;199092;0;
..\..\world\generic\orc\passivedoodads\barrelsandcrates\orcbarrel04.m2;19625.849609375;102.40815734863281;14759.1240234375;0;0;0;;1;475667;m2;199092;0;
..\..\world\generic\orc\passivedoodads\barrelsandcrates\orcbarrel04.m2;19605.669921875;108.4448013305664;14686.0205078125;0;0;0;;1;475688;m2;199092;0;
..\..\world\generic\orc\passivedoodads\barrelsandcrates\orcbarrel04.m2;19577.001953125;100.49906158447266;14808.2666015625;0;0;0;;1;475689;m2;199092;0;
..\..\world\generic\orc\passivedoodads\barrelsandcrates\orcbarrel03.m2;19578.95703125;103.15113067626953;14748.0947265625;0;0;0;;0.9892578125;475631;m2;199091;0;
..\..\world\generic\orc\passivedoodads\hangingbones\orchangingbones01.m2;19614.853515625;108.59839630126953;14733.880859375;0;138;0;;1;475620;m2;199166;0;
..\..\world\generic\orc\passivedoodads\hangingbones\orchangingbones04.m2;19600.5703125;119.1162109375;14682.9140625;0;54;0;;1.009765625;475623;m2;199169;0;
..\..\world\azeroth\elwynn\passivedoodads\detail\elwynnmushroom01\elwynnmushroom01.m2;19590.615234375;103.05259704589844;14757.1748046875;12;228.2796630859375;10.000000953674316;;1.2314453125;475709;m2;189761;0;
..\..\world\generic\orc\passivedoodads\barrelsandcrates\orcbarrel04.m2;19578.8359375;103.15572357177734;14746.568359375;0;76;0;;0.8896484375;475632;m2;199092;0;
..\..\world\generic\orc\passivedoodads\barrelsandcrates\orcbarrel01.m2;19579.853515625;108.3315200805664;14691.9716796875;0;0;0;;1.58984375;475663;m2;199090;0;
..\..\world\generic\orc\passivedoodads\shields\orcshield02.m2;19582.638671875;103.35106658935547;14758.9365234375;-17.5;91.4344482421875;-5.999999046325684;;1.9716796875;475718;m2;199252;0;
..\..\world\generic\orc\passivedoodads\barrelsandcrates\orccrate07.m2;19622.919921875;102.11534881591797;14761.1552734375;0;0;0;;1;475671;m2;199099;0;
..\..\world\generic\orc\passivedoodads\barrelsandcrates\orccrate08.m2;19592.14453125;103.1642837524414;14715.9833984375;4.999999523162842;0;-12.5;;1;475643;m2;199100;0;
..\..\world\generic\orc\passivedoodads\barrelsandcrates\orccrate06.m2;19577.73046875;100.62637329101562;14806.208984375;0;0;0;;0.869140625;475690;m2;199097;0;
..\..\world\azeroth\westfall\passivedoodads\westfallskeleton\westfallskeleton.m2;19578.98046875;100.57109832763672;14807.8828125;-1.5;0;-10.5;;1;475692;m2;190671;0;
..\..\world\generic\ogre\passivedoodads\torches\ogrewalltorchgreen.m2;19316.08203125;203.3331756591797;14479.037109375;0;0;0;;1;275513;m2;199036;0;
..\..\world\generic\orc\passivedoodads\barrelsandcrates\orccrate10.m2;19619.701171875;101.8193130493164;14743.6396484375;0;51.5;0;;0.8193359375;475673;m2;199102;0;
..\..\world\azeroth\elwynn\passivedoodads\detail\elwynnmushroom01\elwynnmushroom01.m2;19599.63671875;88.84033966064453;14829.4765625;0;340.77337646484375;0;;1.134765625;475701;m2;189761;0;
..\..\world\azeroth\elwynn\passivedoodads\detail\elwynnmushroom01\elwynnmushroom01.m2;19584.658203125;100.59172058105469;14811.2978515625;0;186.76229858398438;0;;1.2509765625;475694;m2;189761;0;
..\..\world\generic\satyr\passivedoodads\container\satyrcontainer01.m2;19216.6484375;201.9582061767578;14592.8466796875;32;230;91.50000762939453;;1;276070;m2;200350;0;
..\..\world\generic\orc\passivedoodads\barrelsandcrates\orcbarrel01.m2;19624.228515625;102.6015396118164;14758.373046875;14.5;283.5;-79.99999237060547;;1;475669;m2;199090;0;
..\..\world\azeroth\elwynn\passivedoodads\detail\elwynnmushroom01\elwynnmushroom01.m2;19620.6640625;103.48766326904297;14700.5009765625;0;106.12017822265625;0;;1.1015625;475714;m2;189761;0;
..\..\world\generic\orc\passivedoodads\barrelsandcrates\orccrate01.m2;19580.697265625;103.47647857666016;14752.708984375;-4.5;0;-0.5;;1;475633;m2;199094;0;
..\..\world\generic\orc\passivedoodads\barrelsandcrates\orccrate01.m2;19623.56640625;102.23921966552734;14757.107421875;0;0;0;;1;475670;m2;199094;0;
..\..\world\generic\orc\passivedoodads\barrelsandcrates\orcbarrel01.m2;19599.419921875;101.1888427734375;14737.099609375;0;0;0;;1.2998046875;475684;m2;199090;0;
..\..\world\generic\satyr\passivedoodads\container\satyrcontainer01.m2;19200.1171875;201.928466796875;14580.4365234375;3.999988555908203;97.5;-90.5000228881836;;1;276074;m2;200350;0;
..\..\world\generic\orc\passivedoodads\barrelsandcrates\orccrate10.m2;19582.728515625;103.4179916381836;14755.8359375;0;0;0;;1;475636;m2;199102;0;
..\..\world\generic\orc\passivedoodads\barrelsandcrates\orccrate10.m2;19607.0859375;102.61406707763672;14709.1767578125;0;0;0;;1;475647;m2;199102;0;
..\..\world\generic\orc\passivedoodads\barrelsandcrates\orccrate10.m2;19620.986328125;101.8863296508789;14746.3154296875;0;0;0;;1;475672;m2;199102;0;
..\..\world\generic\orc\passivedoodads\shields\orcshield03.m2;19576.205078125;100.64920043945312;14804.96484375;-22.000001907348633;131.2373046875;-7.000000953674316;;1.35546875;475719;m2;199254;0;
..\..\world\generic\orc\passivedoodads\weapons\orcsword02.m2;19213.880859375;201.12261962890625;14572.201171875;2.000000476837158;286.5;103.5;;1;276093;m2;199446;0;
..\..\world\generic\satyr\passivedoodads\container\satyrcontainer02.m2;19215.751953125;202.13775634765625;14593.13671875;-3;0;-4.5;;1;276068;m2;200351;0;
..\..\world\generic\orc\passivedoodads\barrelsandcrates\orcbarrel01.m2;19608.7109375;102.58392333984375;14709.1298828125;0;0;0;;1.2197265625;475662;m2;199090;0;
..\..\world\generic\satyr\passivedoodads\container\satyrcontainer01.m2;19214.955078125;202.24560546875;14593.380859375;0;328.5;0;;1;276069;m2;200350;0;
..\..\world\generic\satyr\passivedoodads\container\satyrcontainer01.m2;19199.916015625;201.7262725830078;14581.3671875;0;0;0;;1;276073;m2;200350;0;
..\..\world\generic\satyr\passivedoodads\container\satyrcontainer02.m2;19227.03515625;202.6590118408203;14589.0185546875;0;0;0;;1;276071;m2;200351;0;
..\..\world\generic\satyr\passivedoodads\container\satyrcontainer02.m2;19200.744140625;201.84201049804688;14585.3154296875;0;0;0;;1;276076;m2;200351;0;
..\..\world\azeroth\theblastedlands\passivedoodads\bones\blastedlandsspine01.m2;19214.474609375;200.34371948242188;14570.8603515625;-54.5;29.5;-35.50000762939453;;1;275726;m2;190441;0;
..\..\world\generic\orc\passivedoodads\barrelsandcrates\orcbarrel01.m2;19579.185546875;108.27194213867188;14693.3291015625;0;0;0;;1.099609375;475664;m2;199090;0;
..\..\world\azeroth\theblastedlands\passivedoodads\bones\blastedlandsspine01.m2;19584.61328125;103.97611236572266;14762.48046875;0;306.5;0;;1;577647;m2;190441;0;
..\..\world\azeroth\theblastedlands\passivedoodads\bones\blastedlandsspine01.m2;19213.568359375;200.42642211914062;14575.9833984375;0;65.5;0;;1;275519;m2;190441;0;
..\..\world\azeroth\elwynn\passivedoodads\detail\elwynnmushroom01\elwynnmushroom01.m2;19580.09765625;100.44737243652344;14807.80859375;6;0;-5.5;;1;475693;m2;189761;0;
..\..\world\azeroth\elwynn\passivedoodads\detail\elwynnmushroom01\elwynnmushroom01.m2;19217.322265625;200.3081512451172;14571.0947265625;0;0;0;;1;275664;m2;189761;0;
..\..\world\generic\orc\passivedoodads\barrelsandcrates\orcbarrel01.m2;19625.55859375;102.44654083251953;14760.4716796875;0;0;0;;1;475668;m2;199090;0;
..\..\world\generic\orc\passivedoodads\barrelsandcrates\orcbarrel01.m2;19586.91015625;104.18633270263672;14763.46484375;0;0;0;;1;577643;m2;199090;0;
..\..\world\generic\orc\passivedoodads\bottles\orcbottle01.m2;19580.98828125;104.90927124023438;14753.8017578125;90;5.35540771484375;0;;1;475638;m2;199120;0;
..\..\world\generic\satyr\passivedoodads\container\satyrcontainer03.m2;19216.626953125;202.1391143798828;14593.4541015625;-5;0;3.500000476837158;;1;276067;m2;200352;0;
..\..\world\generic\orc\passivedoodads\bottles\orcbottle01.m2;19580.4921875;103.4755630493164;14752.607421875;0;0;0;;1;475637;m2;199120;0;
..\..\world\generic\orc\passivedoodads\bottles\orcbottle01.m2;19606.099609375;102.7275390625;14708.982421875;0;0;0;;1;475648;m2;199120;0;
..\..\world\generic\orc\passivedoodads\bottles\orcbottle01.m2;19605.701171875;102.82779693603516;14708.666015625;0;233;0;;1;475649;m2;199120;0;
..\..\world\generic\satyr\passivedoodads\container\satyrcontainer03.m2;19226.140625;202.5518798828125;14588.541015625;0;0;0;;1;276072;m2;200352;0;
..\..\world\azeroth\theblastedlands\passivedoodads\bones\blastedlandsskull02.m2;19568.39453125;100.8411636352539;14808.7216796875;7.000001907348633;174.654296875;-3.999999523162842;;1.87890625;475722;m2;190440;0;
..\..\world\generic\orc\passivedoodads\weapons\orcsword02.m2;19215.05078125;200.34091186523438;14570.3583984375;-87.50001525878906;348;-43.00014114379883;;0.7392578125;275732;m2;199446;0;
..\..\world\generic\orc\passivedoodads\animalskulls\tigerskull.m2;19201.857421875;201.7354736328125;14584.134765625;-24.000001907348633;112;-26.5000057220459;;1;276089;m2;199054;0;
..\..\world\generic\orc\passivedoodads\jars\jarorc02.m2;19576.58203125;100.74344635009766;14806.0341796875;0;264.229248046875;0;;1.7255859375;475720;m2;199180;0;
..\..\world\generic\nightelf\passivedoodads\gardenbenches\gardenbench03.m2;19215.509765625;200.30532836914062;14580.93359375;0;0;0;;1;275521;m2;198760;0;
..\..\world\generic\nightelf\passivedoodads\gardenbenches\gardenbench03.m2;19209.40625;200.52610778808594;14578.7265625;0;0;0;;1;275522;m2;198760;0;
..\..\world\azeroth\theblastedlands\passivedoodads\bones\blastedlandsskull02.m2;19583.841796875;103.62399291992188;14759.91796875;34.499996185302734;144;18.499998092651367;;1.1591796875;577646;m2;190440;0;
..\..\world\generic\orc\passivedoodads\bottles\orcbottle01.m2;19610.134765625;105.1816177368164;14705.8330078125;0;36;0;;0.69921875;475654;m2;199120;0;
..\..\world\azeroth\theblastedlands\passivedoodads\bones\blastedlandsbone01.m2;19215.033203125;200.17420959472656;14569.568359375;-32.000003814697266;213.5;-28.000003814697266;;1.259765625;275731;m2;190436;0;
..\..\world\generic\orc\passivedoodads\jars\jarorc04.m2;19584.794921875;103.70838165283203;14761.2978515625;0;0;0;;1.5595703125;577641;m2;199182;0;
..\..\world\azeroth\theblastedlands\passivedoodads\bones\blastedlandsskull02.m2;19214.220703125;200.9400177001953;14571.2392578125;46.499996185302734;164;30.500001907348633;;1;275727;m2;190440;0;
..\..\world\generic\orc\passivedoodads\animalskulls\tigerskull.m2;19217.671875;200.28408813476562;14573.1484375;0;349.5;0;;1;276088;m2;199054;0;
..\..\world\generic\orc\passivedoodads\jars\jarorc02.m2;19567.583984375;100.78560638427734;14809.099609375;0;150.03387451171875;0;;1.1611328125;475721;m2;199180;0;
..\..\world\generic\orc\passivedoodads\bowls\bowlwood02.m2;19606.31640625;104.23827362060547;14706.912109375;0;0;0;;1;475650;m2;199122;0;
..\..\world\generic\orc\passivedoodads\bowls\bowlwood02.m2;19577.5625;101.80120849609375;14806.072265625;0;0;0;;1;475691;m2;199122;0;
..\..\world\azeroth\theblastedlands\passivedoodads\bones\blastedlandsbone01.m2;19214.8828125;200.1753387451172;14570.15234375;-28.5;185;-10.5;;1.2197265625;275730;m2;190436;0;
..\..\world\generic\orc\passivedoodads\jars\jarorc05.m2;19202.05078125;201.92774963378906;14579.669921875;0;0;0;;1;276079;m2;199183;0;
..\..\world\generic\orc\passivedoodads\jars\jarorc05.m2;19214.673828125;202.05535888671875;14592.8984375;0;0;0;;1;276082;m2;199183;0;
..\..\world\generic\orc\passivedoodads\jars\jarorc05.m2;19227.12890625;202.31790161132812;14586.572265625;0;0;0;;1;276085;m2;199183;0;
..\..\world\azeroth\theblastedlands\passivedoodads\bones\blastedlandsskull02.m2;19214.48828125;200.48678588867188;14578.4853515625;0;53;0;;1;275517;m2;190440;0;
..\..\world\azeroth\theblastedlands\passivedoodads\bones\blastedlandsskull02.m2;19212.4296875;200.54576110839844;14578.4990234375;0;322.5;0;;1;275520;m2;190440;0;
..\..\world\generic\orc\passivedoodads\jars\jarorc03.m2;19620.33984375;103.4169692993164;14748.4541015625;0;15;0;;1;475677;m2;199181;0;
..\..\world\generic\orc\passivedoodads\jars\jarorc02.m2;19586.013671875;104.05663299560547;14763.2490234375;0;0;0;;1;577640;m2;199180;0;
..\..\world\generic\orc\passivedoodads\jars\jarorc01.m2;19586.814453125;104.21784210205078;14762.5966796875;0;0;0;;1;577644;m2;199179;0;
..\..\world\generic\orc\passivedoodads\jars\jarorc02.m2;19217.31640625;201.8964385986328;14593.2802734375;0;0;0;;1;276081;m2;199180;0;
..\..\world\generic\orc\passivedoodads\jars\jarorc02.m2;19221.73828125;201.5961151123047;14591.197265625;0;0;0;;1;276083;m2;199180;0;
..\..\world\generic\orc\passivedoodads\jars\jarorc02.m2;19226.951171875;202.26234436035156;14585.8642578125;0;0;0;;1;276084;m2;199180;0;
..\..\world\generic\orc\passivedoodads\jars\jarorc01.m2;19226.61328125;202.26234436035156;14587.119140625;0;0;0;;1;276086;m2;199179;0;
..\..\world\generic\orc\passivedoodads\jars\jarorc01.m2;19217.02734375;200.26626586914062;14573.6455078125;0;0;0;;1;276087;m2;199179;0;
..\..\world\generic\orc\passivedoodads\jars\jarorc05.m2;19619.62890625;102.89845275878906;14744.041015625;0;0;0;;0.8095703125;475680;m2;199183;0;
..\..\world\azeroth\theblastedlands\passivedoodads\bones\blastedlandsbone01.m2;19213.884765625;200.4044189453125;14570.708984375;0;272;0;;1.189453125;275728;m2;190436;0;
..\..\world\generic\orc\passivedoodads\jars\jarorc04.m2;19201.453125;201.8607940673828;14579.9423828125;0;0;0;;1;276080;m2;199182;0;
..\..\world\generic\orc\passivedoodads\jars\jarorc03.m2;19619.91015625;102.93047332763672;14743.6298828125;0;0;0;;1;475679;m2;199181;0;
..\..\world\generic\orc\passivedoodads\bowls\bowlwood01.m2;19606.544921875;104.23795318603516;14707.4609375;0;0;0;;1;475651;m2;199121;0;
..\..\world\generic\orc\passivedoodads\bowls\bowlwood01.m2;19605.904296875;104.24542236328125;14707.40234375;0;0;0;;1;475652;m2;199121;0;
..\..\world\generic\orc\passivedoodads\bowls\bowlwood01.m2;19610.1171875;105.18316650390625;14706.947265625;0;0;0;;1;475655;m2;199121;0;
..\..\world\azeroth\theblastedlands\passivedoodads\bones\blastedlandsbone01.m2;19213.98828125;200.5160675048828;14579.0478515625;0;318.5;0;;1;275518;m2;190436;0;
..\..\world\azeroth\theblastedlands\passivedoodads\bones\blastedlandsbone01.m2;19214.484375;200.3446502685547;14569.873046875;0;229.5;0;;1;275729;m2;190436;0;
..\..\world\wmo\dungeon\md_hordemine\md_hordemine.wmo;19591.501953125;111.29122161865234;14679.9853515625;0;19;0;0;1;475416;wmo;110984;0;Set_$DefaultGlobal
..\..\world\wmo\kalimdor\buildings\orchut\orchut.wmo;19574.541015625;101.55872344970703;14721.8642578125;0;59.5;0;0;1;475417;wmo;113017;2;set_OrcHut03
..\..\world\wmo\kalimdor\buildings\orctower\orctower.wmo;19644.412109375;104.00965881347656;14803.4892578125;0;20.5;0;0;1;475428;wmo;113091;0;Set_$DefaultGlobal
..\..\world\wmo\kalimdor\buildings\orctower\orctower.wmo;19562.029296875;103.3411636352539;14809.181640625;0;328.5;0;0;1;475429;wmo;113091;0;Set_$DefaultGlobal
..\..\world\wmo\kalimdor\buildings\orcinn\orcinn.wmo;19636.55859375;101.4883804321289;14721.763671875;0;307.5;0;0;1;475430;wmo;113021;0;Set_$DefaultGlobal
