# Exported using wow.export v0.2.19
o 21142_IntHouseFBottom04.obj
v -227.1937713623047 -1.3355193138122559 -662.6914672851562
v -227.32754516601562 -0.5931358337402344 -663.4132080078125
v -227.9784698486328 -1.235703706741333 -663.3728637695312
v -214.06820678710938 -0.12883000075817108 -664.2888793945312
v -215.91970825195312 -0.24490606784820557 -663.46826171875
v -217.58441162109375 -0.6822660565376282 -662.3802490234375
v -217.88186645507812 -1.0035499334335327 -663.0237426757812
v -220.56503295898438 -1.4989478588104248 -661.6998291015625
v -219.795166015625 -1.1196260452270508 -662.3193359375
v -221.33489990234375 -1.8782697916030884 -661.0803833007812
v -221.70848083496094 -1.2357021570205688 -661.6149291992188
v -228.17135620117188 -1.0035507678985596 -667.4459228515625
v -227.71560668945312 -1.4989495277404785 -664.4888916015625
v -228.07492065429688 -1.1196272373199463 -665.409423828125
v -227.35629272460938 -1.8782716989517212 -663.568359375
v -218.4552001953125 -1.0035507678985596 -649.7880859375
v -220.9859619140625 -1.498949408531189 -651.3841552734375
v -220.05551147460938 -1.1196272373199463 -651.0513916015625
v -221.91641235351562 -1.8782715797424316 -651.7169189453125
v -221.65582275390625 -1.2357035875320435 -652.3147583007812
v -240.51199340820312 -0.5128881931304932 -658.1434936523438
v -240.51199340820312 -0.1288299262523651 -658.527587890625
v -236.51132202148438 -0.8742958903312683 -658.3699951171875
v -236.55078125 -1.0035507678985596 -657.854248046875
v -233.56015014648438 -1.498949408531189 -657.7634887695312
v -234.53073120117188 -1.1196272373199463 -657.5779418945312
v -215.1889190673828 -0.5128881931304932 -647.5284423828125
v -215.38385009765625 -0.1288299411535263 -647.197509765625
v -218.75094604492188 -0.8742958903312683 -649.36376953125
v -232.5895538330078 -1.8782715797424316 -657.9490356445312
v -232.5106658935547 -1.2357035875320435 -657.3016357421875
v -228.231201171875 -0.1288299262523651 -671.4635620117188
v -228.6088409423828 0.2552282512187958 -671.3935546875
v -227.7793731689453 -0.36098289489746094 -667.4383544921875
v -240.51199340820312 0.2552282512187958 -658.1434936523438
v -236.47186279296875 -0.36098283529281616 -658.23828125
v -220.23736572265625 -0.5416867136955261 -650.8593139648438
v -221.0457305908203 -0.7280531525611877 -651.4575805664062
v -222.0523681640625 -0.5931357145309448 -651.7969970703125
v -220.03909301757812 -0.8629705905914307 -651.1181640625
v -215.1889190673828 0.2552282512187958 -647.5284423828125
v -218.71810913085938 -0.36098283529281616 -649.4972534179688
v -214.42881774902344 -0.12883003056049347 -664.9671020507812
v -214.24850463867188 -0.5128881931304932 -664.6279907226562
v -228.2936553955078 -0.4902377426624298 -667.3831787109375
v -227.7318115234375 -0.7280532717704773 -664.3956298828125
v -228.1360626220703 -0.8629707098007202 -665.3780517578125
v -232.80628967285156 -0.1288299560546875 -644.6240234375
v -233.1704864501953 -0.5128881931304932 -644.7459106445312
v -231.63926696777344 -1.0035507678985596 -648.4105834960938
v -234.47152709960938 -0.5416867136955261 -657.8358154296875
v -233.47137451171875 -0.7280531525611877 -657.7305908203125
v -232.43174743652344 -0.5931357145309448 -657.9490356445312
v -230.4722442626953 -1.8782716989517212 -652.1971435546875
v -229.83328247070312 -1.235703706741333 -652.0665893554688
v -234.510986328125 -0.8629705905914307 -657.5120849609375
v -214.99400329589844 -0.1288299560546875 -647.8593139648438
v -218.42236328125 -0.49023768305778503 -649.921630859375
v -228.98643493652344 -0.1288299560546875 -671.3235473632812
v -236.47186279296875 -0.16895371675491333 -658.0462646484375
v -236.51132202148438 -0.49023768305778503 -657.7225341796875
v -240.51199340820312 -0.1288299560546875 -657.7594604492188
v -233.1704864501953 0.25522828102111816 -644.7459106445312
v -231.50189208984375 -0.4902377128601074 -648.40625
v -230.42218017578125 -0.5931357741355896 -652.3468627929688
v -218.62063598632812 -0.16895371675491333 -649.6627197265625
v -214.24850463867188 0.2552281320095062 -664.6279907226562
v -217.97848510742188 -0.4902370274066925 -663.1214599609375
v -220.65884399414062 -0.7280519008636475 -661.6871948242188
v -221.47421264648438 -0.5931342244148254 -661.0062255859375
v -219.84347534179688 -0.8629696369171143 -662.3681640625
v -217.86135864257812 -0.1689530611038208 -662.817138671875
v -217.77120971679688 -0.36098212003707886 -662.6475830078125
v -231.79632568359375 -0.16895374655723572 -648.54638671875
v -231.97845458984375 -0.36098283529281616 -648.6072998046875
v -227.96820068359375 -0.1689537763595581 -667.4033813476562
v -218.32492065429688 -0.6822667717933655 -650.0870361328125
v -236.51132202148438 -0.6822667717933655 -657.530517578125
v -231.31979370117188 -0.6822668313980103 -648.3453369140625
v -228.48245239257812 -0.6822668313980103 -667.3482055664062
v -218.0686492919922 -0.682266116142273 -663.291015625
v -236.51132202148438 -0.6822667717933655 -658.56201171875
v -232.5106658935547 -1.2357035875320435 -658.596435546875
v -218.84840393066406 -0.6822667717933655 -649.1983032226562
v -222.31295776367188 -1.2357035875320435 -651.1990966796875
v -220.51553344726562 -0.7983431816101074 -650.34814453125
v -234.49127197265625 -0.7983431816101074 -658.4173583984375
v -227.46829223632812 -0.6822668313980103 -667.5361328125
v -227.6571044921875 -0.8742959499359131 -667.5011596679688
v -226.7053680419922 -1.235703706741333 -663.6087646484375
v -217.674560546875 -0.874295175075531 -662.5498046875
v -221.1006317138672 -1.2357021570205688 -660.4716796875
v -227.24237060546875 -0.798343300819397 -665.5235595703125
v -232.11581420898438 -0.8742959499359131 -648.6116943359375
v -232.29794311523438 -0.6822668313980103 -648.672607421875
v -231.06114196777344 -1.235703706741333 -652.4774169921875
v -231.51980590820312 -0.798343300819397 -650.5423583984375
v -219.4359130859375 -0.7983421087265015 -661.5596313476562
v -217.7917022705078 -1.1955790519714355 -662.8541870117188
v -236.55078125 -1.1955798864364624 -658.0462646484375
v -240.51199340820312 -0.5128881931304932 -658.1434936523438
v -236.55078125 -1.1955798864364624 -658.0462646484375
v -217.7917022705078 -1.1955790519714355 -662.8541870117188
v -219.50473022460938 -1.3762824535369873 -661.8150634765625
v -218.55267333984375 -1.1955798864364624 -649.6226806640625
v -215.1889190673828 -0.5128881931304932 -647.5284423828125
v -218.55267333984375 -1.1955798864364624 -649.6226806640625
v -220.33367919921875 -1.3762837648391724 -650.5403442382812
v -231.8213653564453 -1.195580005645752 -648.4715576171875
v -234.55044555664062 -1.3762837648391724 -658.1595458984375
v -231.8213653564453 -1.195580005645752 -648.4715576171875
v -231.29403686523438 -1.376283884048462 -650.4044189453125
v -228.6088409423828 -0.5128881931304932 -671.3935546875
v -227.98257446289062 -1.195580005645752 -667.48095703125
v -227.98257446289062 -1.195580005645752 -667.48095703125
v -227.50669860839844 -1.376283884048462 -665.5347900390625
v -231.69772338867188 -1.3355191946029663 -657.9490356445312
v -222.68484497070312 -1.3355191946029663 -652.1695556640625
v -214.24850463867188 -0.5128881931304932 -664.6279907226562
v -215.8713836669922 -0.5015625953674316 -663.4193115234375
v -222.12232971191406 -1.335517406463623 -660.6616821289062
v -233.1704864501953 -0.5128881931304932 -644.7459106445312
v -233.53472900390625 -0.1288299262523651 -644.8677368164062
v -232.8252716064453 -0.5015629529953003 -646.73974609375
v -228.6088409423828 -0.5128881931304932 -671.3935546875
v -227.94415283203125 -0.5015629529953003 -669.4823608398438
v -238.53138732910156 -0.5661903619766235 -657.806884765625
v -228.57888793945312 -0.5661903619766235 -669.384765625
v -232.64315795898438 -0.6935920715332031 -646.6788330078125
v -233.53054809570312 -1.305993676185608 -658.3779907226562
v -228.13296508789062 -0.6935920715332031 -669.4473876953125
v -227.1060333251953 -1.3059937953948975 -664.57177734375
v -231.17758178710938 -1.3059937953948975 -651.44091796875
v -221.3233184814453 -1.305993676185608 -650.8697509765625
v -220.30267333984375 -1.3059923648834229 -661.1433715820312
v -215.96153259277344 -0.6935917139053345 -663.5888671875
v -220.45506286621094 -0.6957381963729858 -661.282958984375
v -231.2003173828125 -0.4770593047142029 -650.47705078125
v -232.756591796875 -0.24490638077259064 -646.737548828125
v -233.46151733398438 -0.6957394480705261 -658.1832275390625
v -221.28395080566406 -0.6957394480705261 -651.0725708007812
v -230.18927001953125 -1.3355193138122559 -653.0429077148438
v -216.724609375 -0.5661903619766235 -648.82373046875
v -235.83355712890625 -6.083988666534424 -649.3103637695312
v -235.24029541015625 -4.252318382263184 -649.913818359375
v -235.69137573242188 -3.8743813037872314 -649.0430297851562
v -236.7000274658203 -1.7065836191177368 -650.9144897460938
v -235.38165283203125 -2.5599374771118164 -650.330810546875
v -236.17149353027344 -2.481889486312866 -649.8991088867188
v -235.88671875 -1.805118203163147 -651.3580932617188
v -235.59385681152344 -6.083988666534424 -649.9450073242188
v -235.9713592529297 -4.20613956451416 -649.5146484375
v -236.9022674560547 -6.083988666534424 -652.3577270507812
v -237.6813507080078 -3.874382495880127 -652.7855834960938
v -236.74462890625 -4.2523193359375 -652.6865234375
v -235.92190551757812 -1.8630588054656982 -650.450439453125
v -235.9571075439453 -1.92099928855896 -649.5427856445312
v -236.68212890625 -0.9984817504882812 -650.9064331054688
v -236.47265625 -2.5599374771118164 -652.341064453125
v -237.4104766845703 -1.92099928855896 -652.2762451171875
v -235.82424926757812 -2.8976902961730957 -649.2929077148438
v -236.06640625 -6.092288494110107 -649.697265625
v -237.42877197265625 -4.20613956451416 -652.314453125
v -237.33370971679688 -6.092288494110107 -652.1318359375
v -237.2285919189453 -2.481889486312866 -651.929931640625
v -237.546630859375 -6.083988666534424 -652.5322265625
v -214.66302490234375 -2.2584633827209473 -663.4476318359375
v -214.59793090820312 1.055484414100647 -664.4008178710938
v -214.59791564941406 -2.2338380813598633 -664.4008178710938
v -215.2052001953125 -2.2584643363952637 -654.831298828125
v -215.4156951904297 -2.227299451828003 -651.4452514648438
v -215.324462890625 -1.429977536201477 -652.91552734375
v -233.1497344970703 1.0554838180541992 -666.537841796875
v -233.18353271484375 0.23679614067077637 -666.499755859375
v -231.67828369140625 1.0554840564727783 -668.1925048828125
v -234.68878173828125 -0.5818917751312256 -664.8070678710938
v -238.134765625 -3.856642961502075 -660.931884765625
v -239.30596923828125 -5.4940185546875 -659.6148071289062
v -237.76690673828125 -3.856642961502075 -661.3455810546875
v -215.1563720703125 0.22699660062789917 -655.546142578125
v -215.14010620117188 1.0554835796356201 -655.784423828125
v -215.037109375 -0.6014901399612427 -657.4619140625
v -233.5380096435547 1.0554817914962769 -644.8661499023438
v -231.3060302734375 1.0554819107055664 -645.1539306640625
v -231.49209594726562 0.25854653120040894 -645.1298828125
v -214.93861389160156 -5.54124641418457 -659.1083984375
v -215.14910888671875 -5.5100812911987305 -655.7223510742188
v -214.96665954589844 -3.915437698364258 -658.662841796875
v -215.27565002441406 1.055483341217041 -653.63037109375
v -214.72811889648438 -5.572411060333252 -662.4944458007812
v -214.73126220703125 -6.083988666534424 -662.4446411132812
v -220.14651489257812 -3.7261300086975098 -646.592529296875
v -219.58851623535156 -3.7261300086975098 -646.6644897460938
v -217.170654296875 -5.320000648498535 -646.9761962890625
v -222.00637817382812 -2.1322593688964844 -646.352783203125
v -220.89039611816406 -2.1322591304779053 -646.4966430664062
v -220.70449829101562 -3.7261300086975098 -646.5206298828125
v -223.1223602294922 -2.1322593688964844 -646.2089233398438
v -221.2624969482422 -3.7261300086975098 -646.4486694335938
v -224.23834228515625 -2.1322593688964844 -646.0650634765625
v -215.56298828125 0.22699600458145142 -649.0838623046875
v -215.54672241210938 1.0554828643798828 -649.3221435546875
v -215.4437255859375 -0.6014907360076904 -650.9996948242188
v -236.9635772705078 -2.2192673683166504 -662.2489624023438
v -237.69931030273438 -2.2192676067352295 -661.421630859375
v -225.34130859375 -2.514253616333008 -645.9228515625
v -215.68226623535156 1.0554827451705933 -647.1680908203125
v -235.83355712890625 -6.083988666534424 -649.3103637695312
v -234.95358276367188 -4.979185104370117 -647.6077880859375
v -235.024658203125 -6.083988666534424 -647.741455078125
v -224.61111450195312 -5.611309051513672 -646.0169677734375
v -228.34437561035156 -5.374969482421875 -645.5357055664062
v -226.84283447265625 -3.9446115493774414 -645.729248046875
v -228.70947265625 -3.826441764831543 -645.4886474609375
v -239.47100830078125 -0.5818926095962524 -659.4292602539062
v -238.43502807617188 -2.2192678451538086 -660.59423828125
v -237.5640869140625 1.055483102798462 -661.57373046875
v -215.3876495361328 -3.8531079292297363 -651.8907470703125
v -215.57009887695312 -5.447751522064209 -648.9502563476562
v -239.90646362304688 -2.2192678451538086 -658.9395751953125
v -240.50697326660156 1.0554826259613037 -658.2642822265625
v -234.61468505859375 -1.409449815750122 -646.95458984375
v -235.82424926757812 -2.8976902961730957 -649.2929077148438
v -235.9571075439453 -1.92099928855896 -649.5427856445312
v -215.35960388183594 -5.478916168212891 -652.3363037109375
v -235.69137573242188 -3.8743813037872314 -649.0430297851562
v -234.43496704101562 -3.3336291313171387 -646.6024169921875
v -233.89662170410156 -2.101163148880005 -645.5581665039062
v -234.25523376464844 -5.257808208465576 -646.2501831054688
v -220.14620971679688 1.0554825067520142 -646.5925903320312
v -217.91424560546875 1.0554826259613037 -646.88037109375
v -218.65843200683594 -2.1322591304779053 -646.784423828125
v -234.2157745361328 -6.083988666534424 -646.1724853515625
v -218.1198272705078 -2.1998181343078613 -666.165771484375
v -216.17710876464844 -5.298609256744385 -665.1785278320312
v -215.38751220703125 -2.1215624809265137 -664.7896728515625
v -215.54898071289062 -0.5859082937240601 -649.306640625
v -215.62619018554688 -2.196134567260742 -648.0592041015625
v -239.0941619873047 -1.409449815750122 -655.52490234375
v -240.20816040039062 -2.15938138961792 -657.685546875
v -214.8690185546875 1.0554840564727783 -660.0926513671875
v -214.6982421875 -0.6014894247055054 -662.84716796875
v -214.79856872558594 -2.2584633827209473 -661.2935791015625
v -223.30841064453125 -2.929194688796997 -646.1849365234375
v -220.88088989257812 -6.083988666534424 -646.4979248046875
v -224.61720275878906 -6.083988666534424 -646.0162353515625
v -240.5069580078125 -2.27463436126709 -658.2642822265625
v -225.35433959960938 -2.1322593688964844 -645.921142578125
v -239.9093475341797 -5.374245643615723 -657.1068725585938
v -218.13229370117188 1.055484414100647 -666.1761474609375
v -217.72503662109375 -0.6112947463989258 -665.9713134765625
v -214.59793090820312 1.055484414100647 -664.4008178710938
v -226.09820556640625 -0.538388729095459 -645.8253173828125
v -226.84210205078125 1.0554821491241455 -645.7293701171875
v -224.98223876953125 -0.5383886098861694 -645.9691162109375
v -237.6813507080078 -3.874382495880127 -652.7855834960938
v -238.79534912109375 -4.624314308166504 -654.9462280273438
v -215.0859375 -3.0869510173797607 -656.7470703125
v -220.85214233398438 -2.278073787689209 -667.5418701171875
v -238.76473999023438 1.0554823875427246 -654.9147338867188
v -237.7234344482422 0.02850031852722168 -652.9105834960938
v -238.59454345703125 0.02850043773651123 -654.5853271484375
v -237.02249145507812 1.0554821491241455 -651.565185546875
v -236.416748046875 0.02850019931793213 -650.3984375
v -236.85231018066406 0.02850019931793213 -651.23583984375
v -236.68212890625 -0.9984817504882812 -650.9064331054688
v -237.20278930664062 -0.4849907159805298 -651.9085083007812
v -226.6562042236328 -0.5383886098861694 -645.7533569335938
v -229.07406616210938 1.055482029914856 -645.441650390625
v -218.51461791992188 -3.788341522216797 -666.3602294921875
v -240.50694274902344 -5.604751110076904 -658.2642822265625
v -218.909423828125 -5.376865386962891 -666.5546264648438
v -236.8675537109375 -5.765215873718262 -662.35693359375
v -239.2533416748047 -6.083988666534424 -659.6740112304688
v -234.45545959472656 -5.741427421569824 -665.0694580078125
v -238.95872497558594 -0.4327583312988281 -655.270263671875
v -229.65757751464844 -5.398866653442383 -670.4649047851562
v -228.7353515625 -5.496332168579102 -671.501953125
v -229.19647216796875 -2.1716909408569336 -670.9833984375
v -237.4104766845703 -1.92099928855896 -652.2762451171875
v -234.48178100585938 -5.446442604064941 -665.0398559570312
v -232.07763671875 -5.138629913330078 -645.054443359375
v -233.53797912597656 -5.296335220336914 -644.8661499023438
v -232.80783081054688 -2.041574001312256 -644.9603271484375
v -235.11007690429688 0.028500080108642578 -647.8862915039062
v -235.28024291992188 1.0554819107055664 -648.2156982421875
v -236.8938751220703 -5.470230579376221 -662.3273315429688
v -221.64730834960938 -6.083988666534424 -667.9329223632812
v -221.62667846679688 -5.847810745239258 -667.9231567382812
v -227.10635375976562 -5.611632347106934 -670.6829223632812
v -236.09263610839844 1.055483341217041 -663.2283935546875
v -234.62118530273438 1.0554835796356201 -664.8831176757812
v -236.22784423828125 -2.2192673683166504 -663.0762939453125
v -215.25592041015625 -5.765870094299316 -654.004638671875
v -215.36114501953125 -5.765870094299316 -652.311767578125
v -215.15219116210938 -6.083988666534424 -655.67333984375
v -215.3626708984375 -6.083988666534424 -652.2877197265625
v -215.1506805419922 -5.765870094299316 -655.6974487304688
v -214.9417266845703 -6.083988666534424 -659.0589599609375
v -232.48162841796875 -0.5818914175033569 -667.2891235351562
v -230.2068328857422 1.0554842948913574 -669.8472290039062
v -232.26922607421875 -2.604822874069214 -667.5279541015625
v -231.83912658691406 -3.8090667724609375 -668.0115966796875
v -230.51779174804688 -2.9903788566589355 -669.4974975585938
v -234.0206756591797 -2.219266891479492 -665.558349609375
v -231.60858154296875 -2.195478916168213 -668.2708740234375
v -232.6993408203125 -1.4005789756774902 -667.0442504882812
v -231.37802124023438 -0.5818911790847778 -668.5301513671875
v -232.11375427246094 -0.5818912982940674 -667.7027587890625
v -234.75640869140625 -2.2192671298980713 -664.7310180664062
v -235.79238891601562 -0.5818918943405151 -663.5660400390625
v -216.42645263671875 -2.132258892059326 -647.0721435546875
v -215.68223571777344 -5.45933198928833 -647.1680908203125
v -237.26382446289062 -0.5818922519683838 -661.9113159179688
v -219.7744140625 -2.1322591304779053 -646.6405029296875
v -222.378173828125 1.0554823875427246 -646.3048095703125
v -216.35888671875 -0.5721668004989624 -665.2833251953125
v -217.17034912109375 -0.5383882522583008 -646.9762573242188
v -215.68226623535156 1.0554827451705933 -647.1680908203125
v -220.518310546875 -0.5383883714675903 -646.5446166992188
v -227.77218627929688 -0.538388729095459 -645.6094970703125
v -218.90188598632812 -5.573209762573242 -666.5508422851562
v -224.4242401123047 -0.5383886098861694 -646.0410766601562
v -224.61013793945312 1.055482268333435 -646.01708984375
v -218.8868408203125 -5.965899467468262 -666.5432739257812
v -222.75027465820312 -0.5383884906768799 -646.2568359375
v -227.39048767089844 -1.6218197345733643 -645.65869140625
v -229.07456970214844 -2.277913808822632 -645.4415893554688
v -229.43966674804688 -0.7293859720230103 -645.39453125
v -229.4461669921875 -0.538388729095459 -645.3936767578125
v -214.93411254882812 -2.2584638595581055 -659.139404296875
v -215.0045623779297 1.0554838180541992 -657.9385375976562
v -214.8663330078125 -2.2584636211395264 -660.2164916992188
v -214.9015655517578 -0.601489782333374 -659.6160888671875
v -238.72799682617188 -5.729117393493652 -654.819580078125
v -237.546630859375 -6.083988666534424 -652.5322265625
v -239.82467651367188 -6.083988666534424 -656.9440307617188
v -215.41119384765625 1.055483102798462 -651.4762573242188
v -215.24041748046875 -0.6014903783798218 -654.2308349609375
v -228.347412109375 -5.611309051513672 -645.5353393554688
v -232.08981323242188 -6.083988666534424 -645.0528564453125
v -222.61932373046875 -2.278074026107788 -668.4295654296875
v -223.979248046875 -3.9448530673980713 -669.1124267578125
v -221.6417236328125 -5.455121040344238 -667.9307250976562
v -226.1536865234375 -2.278074026107788 -670.204833984375
v -225.74642944335938 -3.9448533058166504 -670
v -224.38650512695312 -2.278074026107788 -669.317138671875
v -231.48883056640625 0.1630479097366333 -645.13037109375
v -231.30628967285156 -0.6112159490585327 -645.1538696289062
v -215.1726531982422 -0.6014902591705322 -655.307861328125
v -215.13876342773438 -0.6014902591705322 -655.8463745117188
v -215.0696563720703 -2.2584638595581055 -656.9853515625
v -237.98464965820312 -4.675330638885498 -661.1007080078125
v -236.663330078125 -3.856642723083496 -662.5865478515625
v -234.97329711914062 -4.566094875335693 -647.6466064453125
v -215.00189208984375 -2.2584638595581055 -658.0623779296875
v -214.86500549316406 -3.9154374599456787 -660.2784423828125
v -217.14459228515625 -6.083988666534424 -646.9795532226562
v -220.8778533935547 -5.847648620605469 -646.498291015625
v -233.95306396484375 -0.581891655921936 -665.6343994140625
v -214.89889526367188 -3.9154374599456787 -659.7398681640625
v -235.49212646484375 -2.2192673683166504 -663.9036865234375
v -237.03118896484375 -3.856642723083496 -662.1729125976562
v -215.13742065429688 -2.2584640979766846 -655.9083251953125
v -214.84738159179688 -4.743924140930176 -660.57861328125
v -227.14759826660156 -6.083988666534424 -670.7024536132812
v -224.3974609375 -6.083988666534424 -669.3176879882812
v -233.62765502929688 -1.3216336965560913 -645.0391845703125
v -233.71730041503906 -3.69874906539917 -645.212158203125
v -214.59791564941406 -2.2338380813598633 -664.4008178710938
v -224.37403869628906 -5.533376693725586 -669.3068237304688
v -233.53799438476562 -2.120426654815674 -644.8661499023438
v -214.597900390625 -5.523160457611084 -664.4008178710938
v -215.68223571777344 -5.45933198928833 -647.1680908203125
v -233.98626708984375 -4.478278636932373 -645.731201171875
v -234.74755859375 -0.43275880813598633 -647.2044677734375
v -227.92086791992188 -2.278074026107788 -671.0924072265625
v -228.73538208007812 1.055484414100647 -671.501953125
v -228.73536682128906 -2.220423698425293 -671.501953125
v -232.0565185546875 -5.5701470375061035 -667.7672119140625
v -232.038330078125 -5.741427421569824 -667.78759765625
v -234.41909790039062 -6.083988666534424 -665.1103515625
v -232.00198364257812 -6.083988666534424 -667.8284912109375
v -215.6822509765625 -2.2019245624542236 -647.1680908203125
v -233.585205078125 -0.581891655921936 -666.048095703125
v -233.21734619140625 -0.5818915367126465 -666.4617919921875
v -227.40025329589844 -1.3353240489959717 -645.6574096679688
v -228.33018493652344 -0.538388729095459 -645.5375366210938
v -214.83111572265625 -3.9154374599456787 -660.81689453125
v -214.79722595214844 -3.9154372215270996 -661.35546875
v -215.18893432617188 -1.4299771785736084 -655.069580078125
v -214.597900390625 -5.523160457611084 -664.4008178710938
v -215.30819702148438 -0.6014904975891113 -653.1537475585938
v -215.4355926513672 -0.18724727630615234 -651.1188354492188
v -215.34207153320312 -0.6014906167984009 -652.615234375
v -215.25668334960938 -1.4299774169921875 -653.9924926757812
v -215.10488891601562 -0.6014902591705322 -656.3848876953125
v -215.6822509765625 -2.2019248008728027 -647.1680908203125
v -215.01815795898438 -3.0869507789611816 -657.8240966796875
v -215.0452423095703 -1.0157335996627808 -657.3427734375
v -215.3163299560547 -1.0157341957092285 -653.0346069335938
v -232.06967163085938 -5.422654628753662 -667.7523803710938
v -230.79342651367188 -6.083988666534424 -669.1876220703125
v -229.58485412597656 -6.083988666534424 -670.5466918945312
v -236.83621215820312 -6.083988666534424 -662.3922119140625
v -219.030517578125 -3.7261300086975098 -646.7364501953125
v -237.63833618164062 -0.484990656375885 -652.745849609375
v -239.31866455078125 -5.5516815185546875 -655.9632568359375
v -239.5017547607422 -3.391847610473633 -656.31591796875
v -218.89715576171875 -6.083988666534424 -666.5481567382812
v -216.14700317382812 -6.083988666534424 -665.1633911132812
v -239.0355224609375 1.0554828643798828 -659.9190063476562
v -215.57313537597656 -6.083988666534424 -648.902099609375
v -214.7334747314453 1.0554842948913574 -662.2467041015625
v -239.55075073242188 0.5419915318489075 -656.4248046875
v -236.1513671875 1.055482029914856 -649.8904418945312
v -225.20101928710938 1.055484414100647 -669.7266845703125
v -221.66665649414062 1.055484414100647 -667.951416015625
v -220.3758087158203 -0.6112947463989258 -667.3028564453125
v -237.3990478515625 -3.856642961502075 -661.75927734375
v -223.02658081054688 -0.6112947463989258 -668.63427734375
v -227.4445343017578 -0.6112948656082153 -670.8533935546875
v -221.24295043945312 -4.299120903015137 -646.451171875
v -223.29212951660156 -3.4066872596740723 -646.18701171875
v -219.49221801757812 -0.6112946271896362 -666.8590087890625
v -215.39356994628906 0.22699624300003052 -651.7764892578125
v -219.1937713623047 -5.191555023193359 -646.71533203125
v -230.05670166015625 0.23679661750793457 -670.0160522460938
v -233.16046142578125 -4.6277546882629395 -666.5257568359375
v -224.8628387451172 -3.9448533058166504 -669.5562744140625
v -235.34201049804688 -3.037954807281494 -664.0724487304688
v -228.353515625 -6.083988666534424 -645.5345458984375
v -235.98565673828125 -6.083988666534424 -660.370361328125
v -237.99636840820312 -6.083988666534424 -658.8348388671875
v -238.3955078125 -6.083988666534424 -657.482421875
v -214.9417266845703 -6.083988666534424 -659.0589599609375
v -214.73126220703125 -6.083988666534424 -662.4446411132812
v -216.49935913085938 -6.083988666534424 -662.0565185546875
v -224.3974609375 -6.083988666534424 -669.3176879882812
v -227.14759826660156 -6.083988666534424 -670.7024536132812
v -227.71075439453125 -6.083988666534424 -668.924072265625
v -231.687744140625 -6.083988666534424 -667.6187744140625
v -228.756103515625 -6.083988666534424 -669.0341186523438
v -229.58485412597656 -6.083988666534424 -670.5466918945312
v -234.41909790039062 -6.083988666534424 -665.1103515625
v -233.79061889648438 -6.083988666534424 -664.6907958984375
v -236.52197265625 -6.083988666534424 -662.182373046875
v -239.2533416748047 -6.083988666534424 -659.6740112304688
v -220.88088989257812 -6.083988666534424 -646.4979248046875
v -217.14459228515625 -6.083988666534424 -646.9795532226562
v -218.08425903320312 -6.083988666534424 -648.2632446289062
v -219.03793334960938 -6.083988666534424 -666.103515625
v -217.51402282714844 -6.083988666534424 -663.8351440429688
v -216.14700317382812 -6.083988666534424 -665.1633911132812
v -221.64730834960938 -6.083988666534424 -667.9329223632812
v -221.9288787841797 -6.083988666534424 -667.043701171875
v -228.5884246826172 -6.083988666534424 -645.85546875
v -231.6024932861328 -6.083988666534424 -646.5838623046875
v -232.08981323242188 -6.083988666534424 -645.0528564453125
v -224.61720275878906 -6.083988666534424 -646.0162353515625
v -225.0870361328125 -6.083988666534424 -646.6580810546875
v -215.8046875 -6.083988666534424 -652.190673828125
v -216.95632934570312 -6.083988666534424 -649.5662231445312
v -215.57313537597656 -6.083988666534424 -648.902099609375
v -215.15219116210938 -6.083988666534424 -655.67333984375
v -216.0362548828125 -6.083988666534424 -655.4793090820312
v -233.37623596191406 -6.083988666534424 -663.9344482421875
v -235.7860870361328 -6.083988666534424 -661.0465698242188
v -233.5758056640625 -6.083988666534424 -663.25830078125
v -216.6136016845703 -6.083988666534424 -658.9339599609375
v -216.8672637939453 -6.083988666534424 -659.3786010742188
v -216.72784423828125 -6.083988666534424 -655.8114013671875
v -216.26780700683594 -6.083988666534424 -658.7679443359375
v -236.71182250976562 -6.083988666534424 -654.684814453125
v -237.91094970703125 -6.083988666534424 -655.9490356445312
v -237.42640686035156 -6.083988666534424 -654.4156494140625
v -238.62554931640625 -6.083988666534424 -655.6798095703125
v -224.8433837890625 -6.083988666534424 -647.423583984375
v -221.4638214111328 -6.083988666534424 -647.8433837890625
v -222.79779052734375 -6.083988666534424 -650.4397583007812
v -221.5856475830078 -6.083988666534424 -647.460693359375
v -230.79342651367188 -6.083988666534424 -669.1876220703125
v -232.00198364257812 -6.083988666534424 -667.8284912109375
v -224.6790313720703 -6.083988666534424 -668.428466796875
v -236.83621215820312 -6.083988666534424 -662.3922119140625
v -239.82467651367188 -6.083988666534424 -656.9440307617188
v -238.36346435546875 -6.083988666534424 -654.65087890625
v -218.89715576171875 -6.083988666534424 -666.5481567382812
v -215.3626708984375 -6.083988666534424 -652.2877197265625
v -223.6778564453125 -6.083988666534424 -661.6648559570312
v -223.81884765625 -6.083988666534424 -661.501953125
v -222.3335418701172 -6.083988666534424 -659.2451171875
v -236.06640625 -6.092288494110107 -649.697265625
v -236.9022674560547 -6.083988666534424 -652.3577270507812
v -237.33370971679688 -6.092288494110107 -652.1318359375
v -217.23516845703125 -6.083988666534424 -656.70068359375
v -217.37460327148438 -6.083988666534424 -660.2679443359375
v -228.353515625 -6.083988666534424 -645.5345458984375
v -236.22726440429688 -6.083988666534424 -653.1514282226562
v -233.9836883544922 -6.083988666534424 -649.657958984375
v -234.50592041015625 -6.083988666534424 -650.7725830078125
v -235.59385681152344 -6.083988666534424 -649.9450073242188
v -233.98194885253906 -6.083988666534424 -647.5850830078125
v -234.2157745361328 -6.083988666534424 -646.1724853515625
v -232.93923950195312 -6.083988666534424 -647.4286499023438
v -235.024658203125 -6.083988666534424 -647.741455078125
v -235.83355712890625 -6.083988666534424 -649.3103637695312
v -232.7930908203125 -6.083988666534424 -648.1209106445312
v -235.02813720703125 -6.083988666534424 -651.88720703125
v -235.9652099609375 -6.083988666534424 -652.1224365234375
v -236.24806213378906 -6.083988666534424 -651.1513671875
v -235.31100463867188 -6.083988666534424 -650.9161376953125
v -237.63287353515625 -6.083988666534424 -653.5042724609375
v -237.546630859375 -6.083988666534424 -652.5322265625
v -229.55691528320312 -6.083988666534424 -649.60009765625
v -227.51133728027344 -6.083988666534424 -652.6162719726562
v -230.89089965820312 -6.083988666534424 -652.1964111328125
v -235.14381408691406 -6.083988666534424 -658.9715576171875
v -225.46575927734375 -6.083988666534424 -655.6324462890625
v -224.44296264648438 -6.083988666534424 -657.1405639648438
v -226.79974365234375 -6.083988666534424 -658.2288818359375
v -231.066162109375 -6.083988666534424 -666.4842529296875
v -231.2733612060547 -6.083988666534424 -666.8624267578125
v -231.16595458984375 -6.083988666534424 -666.146240234375
v -235.89349365234375 -6.083988666534424 -661.7628173828125
v -215.82577514648438 -6.083988666534424 -658.8649291992188
v -218.86459350585938 -6.083988666534424 -651.33447265625
v -221.35073852539062 -6.083988666534424 -647.1397705078125
v -227.422119140625 -6.083988666534424 -666.437744140625
v -225.56546020507812 -6.083988666534424 -663.786376953125
v -225.30413818359375 -6.083988666534424 -663.7588500976562
v -223.42018127441406 -6.083988666534424 -658.648681640625
v -219.72145080566406 -6.083988666534424 -665.439453125
v -222.61239624023438 -6.083988666534424 -666.379638671875
v -224.81982421875 -6.083988666534424 -667.98388671875
v -228.34475708007812 -6.083988666534424 -646.6209716796875
v -230.32411193847656 -6.083988666534424 -664.7474365234375
v -216.4962921142578 -6.083988666534424 -652.5227661132812
v -233.4601287841797 -6.083988666534424 -656.1739501953125
v -235.92782592773438 -6.083988666534424 -656.8281860351562
v -233.9388885498047 -6.083988666534424 -660.41552734375
v -231.89212036132812 -6.083988666534424 -660.460693359375
v -231.10812377929688 -6.083988666534424 -662.6040649414062
v -224.100830078125 -6.083988666534424 -661.17626953125
v -222.8975067138672 -6.083988666534424 -658.5936279296875
v -220.49087524414062 -6.083988666534424 -653.428466796875
v -221.55319213867188 -6.083988666534424 -656.1738891601562
v -220.20889282226562 -6.083988666534424 -653.754150390625
v -221.27120971679688 -6.083988666534424 -656.4996337890625
v -227.77792358398438 -6.083988666534424 -663.6314697265625
v -226.755126953125 -6.083988666534424 -665.1395874023438
v -227.6000213623047 -6.083988666534424 -665.0346069335938
v -228.44491577148438 -6.083988666534424 -664.9296875
v -233.77972412109375 -6.083988666534424 -651.633056640625
v -234.17172241210938 -6.083988666534424 -650.5614013671875
v -232.53131103515625 -6.083988666534424 -651.37890625
v -233.38772583007812 -6.083988666534424 -652.7047119140625
v -229.50390625 -6.083988666534424 -665.1561279296875
v -229.4676971435547 -6.083988666534424 -663.4215087890625
v -229.54010009765625 -6.083988666534424 -666.8907470703125
v -232.2117156982422 -6.083988666534424 -655.9197998046875
v -231.81971740722656 -6.083988666534424 -656.991455078125
v -231.747314453125 -6.083988666534424 -653.5222778320312
v -231.39151000976562 -6.083988666534424 -656.3285522460938
v -234.63613891601562 -6.083988666534424 -652.9588623046875
v -234.244140625 -6.083988666534424 -654.0305786132812
v -235.86997985839844 -6.083988666534424 -653.2860107421875
v -235.08596801757812 -6.083988666534424 -655.4293823242188
v -235.4779815673828 -6.083988666534424 -654.357666015625
v -236.31982421875 -6.083988666534424 -655.7564697265625
v -237.5536651611328 -6.083988666534424 -656.0836181640625
v -218.71890258789062 -6.083988666534424 -662.6876220703125
v -219.99349975585938 -6.083988666534424 -663.32373046875
v -219.9237823486328 -6.083988666534424 -661.5401611328125
v -217.44430541992188 -6.083988666534424 -662.051513671875
v -225.02215576171875 -6.083988666534424 -664.0845947265625
v -222.40325927734375 -6.083988666534424 -661.0287475585938
v -218.30062866210938 -6.083988666534424 -651.9859619140625
v -218.37033081054688 -6.083988666534424 -653.76953125
v -219.64492797851562 -6.083988666534424 -654.4056396484375
v -217.0957489013672 -6.083988666534424 -653.1334228515625
v -217.16546630859375 -6.083988666534424 -654.9170532226562
v -221.128662109375 -6.083988666534424 -660.3926391601562
v -219.85406494140625 -6.083988666534424 -659.7565307617188
v -217.3048858642578 -6.083988666534424 -658.4843139648438
v -218.57948303222656 -6.083988666534424 -659.1204223632812
v -219.78436279296875 -6.083988666534424 -657.972900390625
v -220.98922729492188 -6.083988666534424 -656.8253784179688
v -221.0240936279297 -6.083988666534424 -657.7171630859375
v -219.7146453857422 -6.083988666534424 -656.1892700195312
v -218.44004821777344 -6.083988666534424 -655.5531616210938
v -218.509765625 -6.083988666534424 -657.3367919921875
v -226.366455078125 -6.083988666534424 -666.5043334960938
v -225.09185791015625 -6.083988666534424 -665.8682250976562
v -221.26808166503906 -6.083988666534424 -663.9598999023438
v -220.06320190429688 -6.083988666534424 -665.107421875
v -222.5426788330078 -6.083988666534424 -664.5960083007812
v -222.47296142578125 -6.083988666534424 -662.8123779296875
v -227.15554809570312 -6.083988666534424 -655.422607421875
v -227.66693115234375 -6.083988666534424 -654.66845703125
v -227.82254028320312 -6.083988666534424 -656.720703125
v -228.84530639648438 -6.083988666534424 -655.212646484375
v -226.89944458007812 -6.083988666534424 -666.3827514648438
v -226.088134765625 -6.083988666534424 -663.8414306640625
v -227.11093139648438 -6.083988666534424 -662.3333129882812
v -228.13372802734375 -6.083988666534424 -660.8251953125
v -226.44393920898438 -6.083988666534424 -661.03515625
v -228.6005096435547 -6.083988666534424 -666.98193359375
v -228.28932189941406 -6.083988666534424 -662.87744140625
v -231.67489624023438 -6.083988666534424 -650.0531005859375
v -232.06689453125 -6.083988666534424 -648.9813842773438
v -233.3153076171875 -6.083988666534424 -649.2355346679688
v -229.86810302734375 -6.083988666534424 -653.7045288085938
v -230.53509521484375 -6.083988666534424 -655.002685546875
v -230.17929077148438 -6.083988666534424 -657.8089599609375
v -232.67611694335938 -6.083988666534424 -658.3173217773438
v -226.48855590820312 -6.083988666534424 -654.1243896484375
v -224.13177490234375 -6.083988666534424 -653.0361328125
v -219.41824340820312 -6.083988666534424 -650.859619140625
v -221.77500915527344 -6.083988666534424 -651.9478759765625
v -220.75222778320312 -6.083988666534424 -653.4559326171875
v -225.77694702148438 -6.083988666534424 -659.7369384765625
v -224.754150390625 -6.083988666534424 -661.2450561523438
v -223.10899353027344 -6.083988666534424 -654.544189453125
v -222.08621215820312 -6.083988666534424 -656.0523071289062
v -225.15457153320312 -6.083988666534424 -651.5280151367188
v -226.1773681640625 -6.083988666534424 -650.0198974609375
v -227.2001495361328 -6.083988666534424 -648.5118408203125
v -228.22293090820312 -6.083988666534424 -647.0037231445312
v -216.8420867919922 -6.083988666534424 -652.6888427734375
v -219.2547607421875 -6.083988666534424 -652.8700561523438
v -219.14657592773438 -6.083988666534424 -651.0086669921875
v -225.1615753173828 -6.083988666534424 -667.65185546875
v -235.68630981445312 -6.083988666534424 -661.3846435546875
v -231.2467041015625 -6.083988666534424 -649.39013671875
v -232.9957275390625 -6.083988666534424 -653.7764282226562
v -230.251708984375 -6.083988666534424 -661.2781982421875
v -230.64370727539062 -6.083988666534424 -660.20654296875
v -229.823486328125 -6.083988666534424 -660.615234375
v -220.44102478027344 -6.083988666534424 -649.3515014648438
v -237.16433715820312 -6.083988666534424 -653.38671875
v -234.26654052734375 -6.083988666534424 -648.6868286132812
v -228.92530822753906 -3.785032272338867 -669.1680908203125
v -228.7685089111328 -2.1715269088745117 -667.6302490234375
v -228.8338165283203 -2.1715269088745117 -668.3768310546875
v -217.22216796875 -5.398537635803223 -648.671142578125
v -217.0901641845703 -5.398537635803223 -647.9225463867188
v -219.04217529296875 -2.17152738571167 -648.865966796875
v -239.80416870117188 -5.398537635803223 -657.7181396484375
v -238.3316192626953 -3.7850325107574463 -657.5221557617188
v -237.58932495117188 -2.17152738571167 -657.4947509765625
v -219.50987243652344 1.0554828643798828 -649.6007690429688
v -220.9941864013672 1.0554827451705933 -649.8093872070312
v -228.00515747070312 -2.1715269088745117 -667.0830078125
v -227.49978637695312 -0.5580215454101562 -665.650146484375
v -228.23004150390625 -0.5580216646194458 -665.8187255859375
v -218.27503967285156 -2.1715269088745117 -663.46435546875
v -218.26849365234375 -2.1715269088745117 -662.7149658203125
v -219.40341186523438 -0.5580214262008667 -662.6369018554688
v -229.0821075439453 -5.398537635803223 -670.7059936523438
v -229.015869140625 -5.398537635803223 -669.9487915039062
v -238.477783203125 -5.383524417877197 -657.6407470703125
v -238.3955078125 -6.083988666534424 -657.482421875
v -237.99636840820312 -6.083988666534424 -658.8348388671875
v -238.67201232910156 -5.398537635803223 -658.19873046875
v -239.17071533203125 -5.398537635803223 -658.7723999023438
v -236.64804077148438 -2.171527147293091 -659.0613403320312
v -231.63714599609375 -3.7850329875946045 -647.0125732421875
v -230.91180419921875 -2.171527862548828 -648.5816650390625
v -231.2403564453125 -2.171527862548828 -647.9080810546875
v -235.5050811767578 1.0554829835891724 -658.7645874023438
v -234.12535095214844 1.055483102798462 -659.3502807617188
v -220.53831481933594 1.0554839372634888 -662.558837890625
v -228.4549102783203 1.0554836988449097 -664.554443359375
v -228.27520751953125 -5.398537635803223 -669.7777709960938
v -227.05307006835938 -2.1715269088745117 -667.9656982421875
v -227.2488250732422 -2.1715269088745117 -667.639892578125
v -226.22244262695312 1.0554839372634888 -665.5020751953125
v -232.55499267578125 -2.171527862548828 -649.1776123046875
v -232.07875061035156 -0.5580227375030518 -649.8794555664062
v -232.20889282226562 -0.5580226182937622 -650.6175537109375
v -216.17710876464844 -5.298609256744385 -665.1785278320312
v -216.14700317382812 -6.083988666534424 -665.1633911132812
v -217.51402282714844 -6.083988666534424 -663.8351440429688
v -217.54444885253906 -5.2934370040893555 -663.8504028320312
v -232.3624725341797 -5.398538112640381 -645.4434814453125
v -231.60250854492188 1.0554823875427246 -650.581298828125
v -232.42486572265625 -2.171527862548828 -648.4395751953125
v -227.63482666015625 -2.1715269088745117 -666.99755859375
v -227.31463623046875 -0.5580215454101562 -665.607421875
v -227.20579528808594 1.0554840564727783 -666.63330078125
v -232.42434692382812 -5.204566955566406 -646.385986328125
v -232.97903442382812 -5.254175186157227 -647.5070190429688
v -233.25851440429688 -5.27525520324707 -646.1865844726562
v -232.02926635742188 -5.398538112640381 -646.126708984375
v -214.73126220703125 -6.083988666534424 -662.4446411132812
v -214.72811889648438 -5.572411060333252 -662.4944458007812
v -216.4961700439453 -5.568379878997803 -662.1070556640625
v -231.5901641845703 -5.133878231048584 -646.58544921875
v -233.53797912597656 -5.296335220336914 -644.8661499023438
v -219.39686584472656 -0.5580215454101562 -661.887451171875
v -219.9610595703125 0.24873113632202148 -661.4736938476562
v -230.74520874023438 -2.171527862548828 -648.92333984375
v -230.37274169921875 -0.5580226182937622 -650.5819091796875
v -229.46115112304688 1.0554825067520142 -651.7199096679688
v -231.28431701660156 -2.171527862548828 -649.44384765625
v -228.61170959472656 -0.5580215454101562 -666.0923461914062
v -228.73538208007812 -2.1715269088745117 -667.2515869140625
v -228.53330993652344 0.2487310767173767 -665.3233642578125
v -216.3374481201172 -5.398537635803223 -647.8167114257812
v -216.0042266845703 -5.398537635803223 -648.4999389648438
v -217.59512329101562 -2.17152738571167 -649.38232421875
v -218.85281372070312 1.0554829835891724 -650.9479370117188
v -216.49935913085938 -6.083988666534424 -662.0565185546875
v -230.91183471679688 -0.5580226182937622 -651.1024169921875
v -228.5855255126953 1.0554839372634888 -666.0476684570312
v -230.86746215820312 -0.5580227375030518 -649.1668090820312
v -230.67929077148438 -0.5580226182937622 -649.140380859375
v -230.11822509765625 1.0554825067520142 -650.3726806640625
v -217.42852783203125 -2.17152738571167 -649.7239379882812
v -218.41021728515625 -0.558022141456604 -650.59619140625
v -217.96762084960938 -2.17152738571167 -650.2445068359375
v -218.94931030273438 -0.5580222606658936 -651.1168212890625
v -218.2410125732422 -2.17152738571167 -650.508544921875
v -219.44015502929688 0.2487303614616394 -651.552978515625
v -220.52523803710938 1.0554838180541992 -661.0599365234375
v -219.93101501464844 1.0554829835891724 -651.9891357421875
v -219.22647094726562 -0.5580215454101562 -663.0718994140625
v -219.88238525390625 0.24873119592666626 -662.8153686523438
v -219.1168975830078 1.0554840564727783 -663.034423828125
v -232.0358428955078 0.24872994422912598 -651.3375244140625
v -231.86279296875 1.0554825067520142 -652.0574340820312
v -216.98593139648438 -3.7850325107574463 -649.3721923828125
v -235.38650512695312 -0.5580222606658936 -657.1301879882812
v -236.48873901367188 -2.17152738571167 -657.24072265625
v -234.65023803710938 0.24873030185699463 -657.0322265625
v -233.91395568847656 1.0554828643798828 -656.9342041015625
v -234.62237548828125 -0.5580222606658936 -658.0510864257812
v -235.90699768066406 -2.17152738571167 -658.2088623046875
v -234.5244903564453 -0.558022141456604 -658.2139892578125
v -235.3744659423828 1.0554827451705933 -657.2713623046875
v -214.83877563476562 -5.398537635803223 -664.0001220703125
v -215.29090881347656 -5.398537635803223 -664.6111450195312
v -216.97784423828125 -2.1715269088745117 -663.5172729492188
v -231.0485382080078 -0.5580224990844727 -651.2344970703125
v -230.72560119628906 0.24873000383377075 -651.9317626953125
v -236.11676025390625 -0.5580223798751831 -657.2987670898438
v -236.85906982421875 -2.17152738571167 -657.326171875
v -231.55770874023438 -2.171527624130249 -649.7078857421875
v -218.22531127929688 1.0554839372634888 -661.8294677734375
v -238.04739379882812 -5.502968788146973 -658.7774658203125
v -232.04110717773438 -0.5580227375030518 -650.706787109375
v -239.2533416748047 -6.083988666534424 -659.6740112304688
v -239.30596923828125 -5.4940185546875 -659.6148071289062
v -230.53936767578125 1.0554826259613037 -652.7610473632812
v -236.398681640625 -2.17152738571167 -658.7745361328125
v -239.30596923828125 -5.4940185546875 -659.6148071289062
v -240.50694274902344 -5.604751110076904 -658.2642822265625
v -238.04739379882812 -5.502968788146973 -658.7774658203125
v -231.61671447753906 -2.171527862548828 -647.9609375
v -239.9093475341797 -5.374245643615723 -657.1068725585938
v -239.82467651367188 -6.083988666534424 -656.9440307617188
v -239.87042236328125 -5.398537635803223 -658.4754028320312
v -237.6224365234375 -2.17152738571167 -657.8734130859375
v -239.9093475341797 -5.374245643615723 -657.1068725585938
v -238.477783203125 -5.383524417877197 -657.6407470703125
v -217.48902893066406 -0.5580215454101562 -662.2174072265625
v -217.70663452148438 -0.5580215454101562 -661.912353515625
v -217.18795776367188 -2.1715269088745117 -661.9952392578125
v -236.10275268554688 -2.17152738571167 -657.8831176757812
v -239.06350708007812 -5.398537635803223 -657.5471801757812
v -218.141845703125 -0.5580215454101562 -661.30224609375
v -216.75274658203125 -2.1715269088745117 -662.6053466796875
v -216.53204345703125 -2.1715269088745117 -662.914794921875
v -233.24720764160156 -5.398538112640381 -646.2978515625
v -233.11520385742188 -5.398538112640381 -645.5492553710938
v -232.73703002929688 -3.7850329875946045 -646.8072509765625
v -232.365966796875 -3.7850329875946045 -646.755126953125
v -228.3824005126953 -5.398537635803223 -671.0030517578125
v -228.4839630126953 -2.1715269088745117 -668.525390625
v -216.55101013183594 -5.398537635803223 -649.0279541015625
v -227.6693572998047 -5.610228061676025 -668.9044799804688
v -228.82882690429688 -5.398867130279541 -668.952392578125
v -228.756103515625 -6.083988666534424 -669.0341186523438
v -218.2651824951172 -2.1715269088745117 -662.3348999023438
v -218.32305908203125 -0.5580215454101562 -661.359375
v -218.6187744140625 0.24873113632202148 -660.9556884765625
v -219.09571838378906 1.0554838180541992 -660.6091918945312
v -217.91461181640625 -2.1715269088745117 -663.5849609375
v -216.0117645263672 -5.398537635803223 -664.3699340820312
v -232.35885620117188 -2.171527862548828 -648.0653076171875
v -219.39520263671875 -0.5580215454101562 -661.6973876953125
v -216.60275268554688 -3.785032272338867 -664.0980224609375
v -217.2039031982422 -2.1715266704559326 -663.82275390625
v -227.71075439453125 -6.083988666534424 -668.924072265625
v -229.65757751464844 -5.398866653442383 -670.4649047851562
v -229.58485412597656 -6.083988666534424 -670.5466918945312
v -232.57606506347656 -5.398538112640381 -646.6546630859375
v -232.21942138671875 -2.171527862548828 -649.3560791015625
v -227.14759826660156 -6.083988666534424 -670.7024536132812
v -227.10635375976562 -5.611632347106934 -670.6829223632812
v -232.06689453125 -3.7850327491760254 -648.1812744140625
v -215.28018188476562 -5.398537635803223 -663.3812866210938
v -216.23406982421875 -3.785032272338867 -662.688232421875
v -231.7102508544922 -0.5580224990844727 -650.8826904296875
v -216.005126953125 -5.398537635803223 -663.60986328125
v -230.7939453125 0.24873006343841553 -651.997802734375
v -227.8837127685547 -5.398537635803223 -670.4293823242188
v -227.5447540283203 -2.1715269088745117 -668.5313720703125
v -227.4683837890625 -3.785032272338867 -669.197509765625
v -219.4168701171875 -0.558022141456604 -651.0729370117188
v -220.07861328125 -0.5580222606658936 -650.7210693359375
v -217.72686767578125 -3.7850325107574463 -649.5923461914062
v -218.90274047851562 -2.17152738571167 -650.15673828125
v -232.90109252929688 -3.7850329875946045 -647.7377319335938
v -220.66653442382812 0.24873030185699463 -651.0032958984375
v -221.2544708251953 1.0554828643798828 -651.2854614257812
v -220.24639892578125 -0.5580222606658936 -650.6318359375
v -216.0711669921875 -5.408298492431641 -664.1256103515625
v -215.54702758789062 -5.545770168304443 -663.25390625
v -214.597900390625 -5.523160457611084 -664.4008178710938
v -217.14013671875 -3.785032272338867 -663.54248046875
v -233.88217163085938 0.2487303614616394 -658.1350708007812
v -237.2895050048828 -3.7850325107574463 -658.2037963867188
v -228.7353515625 -5.496332168579102 -671.501953125
v -229.65757751464844 -5.398866653442383 -670.4649047851562
v -228.82882690429688 -5.398867130279541 -668.952392578125
v -217.54444885253906 -5.2934370040893555 -663.8504028320312
v -216.4961700439453 -5.568379878997803 -662.1070556640625
v -237.5831298828125 -3.7850325107574463 -657.7151489257812
v -216.17710876464844 -5.298609256744385 -665.1785278320312
v -228.51051330566406 -3.785032272338867 -668.515869140625
v -235.26202392578125 -0.558022141456604 -659.0623779296875
v -227.96759033203125 -5.505249977111816 -669.817626953125
v -227.6693572998047 -5.610228061676025 -668.9044799804688
v -227.10635375976562 -5.611632347106934 -670.6829223632812
v -219.23831176757812 -2.17152738571167 -649.978271484375
v -227.79409790039062 -2.1715269088745117 -668.8181762695312
v -233.83323669433594 0.24873042106628418 -658.216552734375
v -233.14198303222656 1.0554829835891724 -658.2190551757812
v -235.01617431640625 -0.558022141456604 -658.779541015625
v -230.1864776611328 -0.5580227375030518 -650.1507568359375
v -226.9286346435547 -0.5580215454101562 -666.2498168945312
v -227.154541015625 0.24873113632202148 -664.912353515625
v -226.9944305419922 1.0554838180541992 -664.21728515625
v -227.24710083007812 0.24873113632202148 -664.9337158203125
v -227.95501708984375 -3.785032272338867 -668.3876953125
v -231.65679931640625 -3.7850329875946045 -647.7852783203125
v -217.13516235351562 -3.785032272338867 -662.972412109375
v -217.5504150390625 -2.1715269088745117 -662.1094970703125
v -217.9236602783203 -2.17152738571167 -648.708740234375
v -218.30001831054688 -2.17152738571167 -648.7616577148438
v -237.687744140625 -2.17152738571167 -658.6199951171875
v -237.337890625 -2.17152738571167 -658.7684936523438
v -219.96022033691406 0.24873113632202148 -661.378662109375
v -218.68045043945312 -0.5580215454101562 -661.4720458984375
v -220.75042724609375 0.24873030185699463 -650.9586181640625
v -218.23023986816406 -3.7850325107574463 -649.32470703125
v -219.10818481445312 -2.17152738571167 -649.240234375
v -234.25523376464844 -5.257808208465576 -646.2501831054688
v -220.05117797851562 -0.5580222606658936 -649.5247802734375
v -220.11624145507812 -0.5580222606658936 -649.893798828125
v -218.10951232910156 -5.334053039550781 -648.260009765625
v -216.95339965820312 -5.460492134094238 -649.6126708984375
v -216.95632934570312 -6.083988666534424 -649.5662231445312
v -218.08425903320312 -6.083988666534424 -648.2632446289062
v -214.72811889648438 -5.572411060333252 -662.4944458007812
v -231.6024932861328 -6.083988666534424 -646.5838623046875
v -232.93923950195312 -6.083988666534424 -647.4286499023438
v -231.5901641845703 -5.133878231048584 -646.58544921875
v -232.97903442382812 -5.254175186157227 -647.5070190429688
v -234.2157745361328 -6.083988666534424 -646.1724853515625
v -217.14459228515625 -6.083988666534424 -646.9795532226562
v -217.170654296875 -5.320000648498535 -646.9761962890625
v -215.57009887695312 -5.447751522064209 -648.9502563476562
v -215.57313537597656 -6.083988666534424 -648.902099609375
v -234.25523376464844 -5.257808208465576 -646.2501831054688
v -215.68223571777344 -5.45933198928833 -647.1680908203125
v -215.57009887695312 -5.447751522064209 -648.9502563476562
v -216.95339965820312 -5.460492134094238 -649.6126708984375
v -218.10951232910156 -5.334053039550781 -648.260009765625
v -217.170654296875 -5.320000648498535 -646.9761962890625
v -232.07763671875 -5.138629913330078 -645.054443359375
v -232.07763671875 -5.138629913330078 -645.054443359375
v -232.08981323242188 -6.083988666534424 -645.0528564453125
vn 0.1808638870716095 -0.12187722325325012 0.9759273529052734
vn 0.08213663846254349 0.8929254412651062 0.44264858961105347
vn -0.8734427094459534 -0.038840752094984055 0.48537540435791016
vn 0.47723299264907837 -0.001464780536480248 0.8787755966186523
vn 0.2890376150608063 0.34142085909843445 0.8943651914596558
vn 0.31443265080451965 -0.021900348365306854 0.9490271210670471
vn -0.42959579825401306 -0.6930718421936035 -0.5788772106170654
vn -0.47414255142211914 -0.810445249080658 -0.3440457284450531
vn -0.6198843717575073 -0.3927531838417053 -0.6793292760848999
vn -0.18230678141117096 -0.9784209132194519 0.09724607318639755
vn -0.7255639433860779 -0.038827020674943924 -0.6870585680007935
vn -0.6812624335289001 -0.6930785775184631 0.23563441634178162
vn -0.47069498896598816 -0.8104516863822937 0.34873247146606445
vn -0.8342886567115784 -0.3927638828754425 0.3869096040725708
vn 0.037929657846689224 -0.9784223437309265 0.20310352742671967
vn 0.2691115140914917 -0.6930846571922302 -0.6687395572662354
vn 0.045603200793266296 -0.8104532361030579 -0.5840256810188293
vn 0.25532782077789307 -0.3927641212940216 -0.8834840655326843
vn -0.17817285656929016 -0.9784222841262817 -0.1046149879693985
vn 0.20669248700141907 -0.03883218392729759 -0.9776350259780884
vn -0.1697264462709427 -0.9854801297187805 -0.00467706797644496
vn -0.008807344362139702 -0.001468535279855132 -0.9999601244926453
vn 0.12063109874725342 -0.7307332158088684 -0.6719204783439636
vn 0.10754837095737457 -0.6930621862411499 0.7128099799156189
vn 0.25711965560913086 -0.8104427456855774 0.5263762474060059
vn 0.2283943146467209 -0.3927507996559143 0.8908326625823975
vn 0.1438777595758438 -0.985480010509491 0.09015757590532303
vn -0.4999247193336487 -0.0014840681105852127 0.8660675883293152
vn -0.4449572265148163 -0.7307392358779907 0.5177192091941833
vn 0.20662125945091248 -0.9784209728240967 -0.00026730119134299457
vn 0.31806838512420654 -0.03883570805191994 0.947272002696991
vn 0.9816100597381592 -0.0014712378615513444 -0.19089138507843018
vn 0.01719103567302227 0.9945363402366638 0.10296554118394852
vn 0.754140317440033 0.6319940686225891 0.17848259210586548
vn 0.10437380522489548 0.9945363998413086 0.0018680042121559381
vn 0.3129306137561798 0.631997287273407 -0.708980917930603
vn -0.16331149637699127 0.841778039932251 -0.5145280957221985
vn -0.13518519699573517 0.7250184416770935 -0.6753318905830383
vn -0.38796377182006836 0.892927348613739 -0.2283962219953537
vn 0.1570460945367813 0.3455187976360321 -0.9251774549484253
vn -0.08899041265249252 0.994536280632019 -0.05457319691777229
vn -0.6294640898704529 0.6319842338562012 0.4520739018917084
vn -0.4192482531070709 0.007925284095108509 -0.9078370332717896
vn 0.15205097198486328 -0.9854800701141357 -0.07556144893169403
vn -0.6065744757652283 0.6770212650299072 0.41678473353385925
vn -0.4210071265697479 0.7250126600265503 0.5450776815414429
vn -0.80128413438797 0.34551215171813965 0.48843124508857727
vn 0.9290253520011902 0.007923884317278862 0.3699312210083008
vn -0.058288924396038055 -0.9854798913002014 0.15947329998016357
vn 0.7100858092308044 -0.6930761337280273 0.1241917610168457
vn 0.40184861421585083 0.8417721390724182 0.3604680597782135
vn 0.4592233896255493 0.725010871887207 0.5132961869239807
vn 0.4502074718475342 0.8929239511489868 -0.00008351900760317221
vn 0.0652911439538002 -0.9784221649169922 -0.19602841138839722
vn 0.9992448687553406 -0.038840677589178085 -0.0010722971055656672
vn 0.3342219889163971 0.3455144166946411 0.8768782019615173
vn 0.5550050139427185 0.007907858118414879 -0.831809401512146
vn 0.08338070660829544 0.677025318145752 -0.7312211394309998
vn -0.9918901324272156 0.007915937341749668 0.12685145437717438
vn 0.28190696239471436 0.9594413638114929 0.0009070966043509543
vn 0.2992593050003052 0.6770211458206177 0.6723735928535461
vn -0.05602388083934784 0.007942864671349525 0.9983978271484375
vn 0.03488171473145485 0.9945363402366638 -0.09839055687189102
vn 0.7325825095176697 0.6770215034484863 -0.07046017795801163
vn 0.1427575945854187 0.8929208517074585 -0.4269808232784271
vn -0.24244707822799683 0.9594423174858093 -0.143840029835701
vn -0.09301784634590149 0.9945363402366638 0.04738248512148857
vn -0.5798925161361694 0.6770351529121399 -0.45315366983413696
vn -0.64644855260849 0.7250182032585144 -0.23759828507900238
vn -0.39746227860450745 0.8929219841957092 0.21145711839199066
vn -0.7067773938179016 0.3455274999141693 -0.617313802242279
vn -0.24932286143302917 0.9594405293464661 0.13157440721988678
vn 0.0565526969730854 0.6319901943206787 0.7729102373123169
vn 0.0902983769774437 0.9594403505325317 -0.2670590579509735
vn -0.5730599164962769 0.6319819092750549 -0.5217291116714478
vn 0.050490621477365494 0.9594417214393616 0.2773486375808716
vn 0.3879336714744568 -0.01574980467557907 -0.9215527176856995
vn 0.13345922529697418 -0.01573372073471546 0.9909294247627258
vn 0.9820696115493774 -0.015745949000120163 0.1878601610660553
vn -0.9500147700309753 -0.015750020742416382 0.31180739402770996
vn -0.5830535292625427 -0.015738273039460182 -0.8122812509536743
vn 0.16791243851184845 -0.021895965561270714 -0.9855586886405945
vn 0.33928343653678894 -0.04162590950727463 -0.9397627711296082
vn -0.6448817849159241 -0.021904004737734795 0.763968288898468
vn -0.7692970037460327 -0.0416262224316597 0.6375338435173035
vn -0.7484930157661438 0.3159073293209076 0.5830615162849426
vn 0.34900832176208496 0.3159154951572418 -0.8822644352912903
vn 0.9996548891067505 -0.02189687080681324 -0.014511486515402794
vn 0.6826483011245728 -0.7307369709014893 -0.0038450066931545734
vn 0.9858580827713013 -0.04162503033876419 0.16233064234256744
vn 0.20892851054668427 -0.730741560459137 0.6498967409133911
vn 0.14161550998687744 -0.04163824021816254 0.9890456795692444
vn 0.9310951828956604 0.31591397523880005 0.18237347900867462
vn -0.5989193320274353 -0.7307364344596863 -0.3275972306728363
vn -0.8813498616218567 -0.02190864458680153 -0.4719558656215668
vn -0.7835441827774048 -0.04163358733057976 -0.6199396252632141
vn -0.7259349822998047 0.3159024119377136 -0.6109205484390259
vn 0.10604244470596313 0.3159051835536957 0.9428461194038391
vn -0.015403208322823048 -0.9998204112052917 0.01103962492197752
vn 0.018783118575811386 -0.9998204112052917 -0.002517174230888486
vn -0.1697264462709427 -0.9854801297187805 -0.00467706797644496
vn 0.018783118575811386 -0.9998204112052917 -0.002517174230888486
vn -0.015403208322823048 -0.9998204112052917 0.01103962492197752
vn 0.014270400628447533 -0.916185200214386 0.40050092339515686
vn -0.017459595575928688 -0.9998204708099365 -0.0073602525517344475
vn 0.1438777595758438 -0.985480010509491 0.09015757590532303
vn -0.017459595575928688 -0.9998204708099365 -0.0073602525517344475
vn -0.33402419090270996 -0.9161831140518188 0.22144140303134918
vn 0.0035648224875330925 -0.9998204112052917 -0.018610168248414993
vn 0.17542219161987305 -0.9161845445632935 -0.36032330989837646
vn 0.0035648224875330925 -0.9998204112052917 -0.018610168248414993
vn -0.28604790568351746 -0.916183352470398 -0.28068608045578003
vn -0.026345212012529373 -0.985480010509491 -0.16773508489131927
vn 0.0058976286090910435 -0.9998205304145813 0.018006034195423126
vn 0.0058976286090910435 -0.9998205304145813 0.018006034195423126
vn 0.38626131415367126 -0.9161842465400696 0.1068112850189209
vn 0.9925458431243896 -0.12187182903289795 0.00003283311889390461
vn -0.8552141785621643 -0.12186617404222488 -0.5037433505058289
vn 0.15205097198486328 -0.9854800701141357 -0.07556144893169403
vn 0.37523844838142395 -0.40041878819465637 0.8359790444374084
vn -0.8763728141784668 -0.12187617272138596 0.46595799922943115
vn -0.058288924396038055 -0.9854798913002014 0.15947329998016357
vn -0.9510809183120728 -0.0014858227223157883 -0.3089383840560913
vn -0.8476367592811584 -0.4004248082637787 -0.34809738397598267
vn -0.026345212012529373 -0.985480010509491 -0.16773508489131927
vn 0.9101231098175049 -0.40041837096214294 -0.10649433732032776
vn 0.02794194594025612 -0.3715430498123169 0.9279951453208923
vn -0.9073566198348999 -0.37156614661216736 0.19657738506793976
vn -0.3561287522315979 -0.9299852848052979 -0.09110318869352341
vn 0.3036864399909973 -0.5651270151138306 -0.767076313495636
vn 0.35563895106315613 -0.929987370967865 -0.09297619014978409
vn 0.809577226638794 -0.5651261806488037 0.1587989777326584
vn -0.6310780644416809 -0.565128743648529 -0.5313849449157715
vn -0.6509802341461182 -0.5651255249977112 0.5068115592002869
vn 0.09197542816400528 -0.565132737159729 0.8198570013046265
vn 0.19560806453227997 -0.9299885034561157 0.3112215995788574
vn -0.1717624068260193 0.712480902671814 0.6803445816040039
vn -0.23300333321094513 0.8257158398628235 -0.513714611530304
vn -0.825303316116333 0.34140580892562866 -0.4497961401939392
vn 0.4710588753223419 0.7124915719032288 -0.5200570821762085
vn -0.669826090335846 0.7124855518341064 0.20903924107551575
vn 0.3149503171443939 -0.12189072370529175 -0.9412485957145691
vn 0.44692137837409973 -0.37157386541366577 -0.8137531280517578
vn 0.9836641550064087 -0.11076672375202179 0.14189974963665009
vn 0.9530690312385559 -0.14513657987117767 -0.26569685339927673
vn 0.9868601560592651 0.020526045933365822 0.1602676957845688
vn 0.026174193248152733 -0.9995516538619995 -0.014541233889758587
vn 0.703208863735199 -0.22727589309215546 -0.6736786365509033
vn -0.37567976117134094 -0.5729003548622131 -0.7284572124481201
vn 0.8200511932373047 -0.3281508982181549 -0.46886351704597473
vn 0.6472623348236084 -0.10630761086940765 -0.7548179626464844
vn -0.45865580439567566 -0.06871134042739868 -0.8859534859657288
vn 0.5726600885391235 -0.11820133030414581 -0.8112267851829529
vn 0.37799322605133057 -0.013561487197875977 -0.9257090091705322
vn 0.7131271362304688 0.05551499128341675 -0.698833167552948
vn 0.9690288305282593 -0.0037520478945225477 -0.24691908061504364
vn 0.9467904567718506 0.32130974531173706 0.01865306869149208
vn 0.6584584712982178 0.5681172609329224 -0.4936347007751465
vn 0.8041355609893799 0.25076553225517273 -0.5389644503593445
vn 0.43015965819358826 0.29428285360336304 -0.8534402847290039
vn 0.9806684255599976 0.17336511611938477 0.09074128419160843
vn -0.3186775743961334 0.7444674968719482 -0.586696445941925
vn 0.469203919172287 -0.06870905309915543 0.8804128170013428
vn 0.30882447957992554 0.7445158362388611 0.5918813943862915
vn 0.401316374540329 -0.5723139643669128 0.71512371301651
vn 0.6282750964164734 -0.050714779645204544 -0.7763364911079407
vn -0.7685099840164185 0.057664655148983 0.6372340321540833
vn -0.7056155204772949 -0.5803524851799011 0.4065682590007782
vn -0.8376968502998352 0.1311354786157608 0.5301579236984253
vn -0.9969590902328491 0.07600866258144379 0.017182819545269012
vn -0.905072808265686 0.060738544911146164 -0.42089682817459106
vn -0.9824748635292053 -0.11160628497600555 -0.14928875863552094
vn 0.4583168029785156 -0.6581650376319885 0.5972976684570312
vn 0.576185941696167 -0.5173811316490173 0.6327137351036072
vn 0.362747460603714 -0.643247663974762 0.6742749214172363
vn 0.7532522082328796 -0.3588544428348541 0.551211953163147
vn 0.9206071496009827 0.3623977303504944 0.14543135464191437
vn 0.7450023889541626 0.6642009615898132 -0.06171320006251335
vn 0.9106590747833252 0.36720073223114014 0.1893770396709442
vn -0.8461863398551941 -0.5322682857513428 -0.025672145187854767
vn -0.7400417923927307 -0.6672862768173218 -0.08406732231378555
vn -0.9169219136238098 -0.3661435544490814 0.15872332453727722
vn 0.3747565448284149 -0.5823774933815002 -0.7213833332061768
vn 0.254424512386322 -0.6201254725456238 -0.7421001195907593
vn 0.23752552270889282 -0.43862253427505493 -0.866713285446167
vn -0.5439692139625549 0.7931534647941589 0.2738705277442932
vn -0.5539129376411438 0.8308062553405762 -0.054235078394412994
vn -0.8401954770088196 0.4253053665161133 0.3364326059818268
vn -0.719092607498169 -0.6629425287246704 -0.2083577811717987
vn -0.4746403992176056 0.6689122319221497 0.572077751159668
vn -0.6509159803390503 0.07750385254621506 0.7551831603050232
vn -0.5751544833183289 0.4189612865447998 -0.7026157379150391
vn -0.616729199886322 0.40691938996315 -0.6738409996032715
vn -0.620988667011261 0.7034515738487244 -0.34572967886924744
vn -0.49183353781700134 0.030791107565164566 -0.8701446652412415
vn -0.5684084892272949 0.02480992116034031 -0.8223724365234375
vn -0.5292555093765259 0.4370756149291992 -0.7272232174873352
vn -0.40830597281455994 0.046320173889398575 -0.911669135093689
vn -0.47948285937309265 0.4618081748485565 -0.7462100982666016
vn -0.31848832964897156 0.07239767163991928 -0.9451581239700317
vn -0.7722880244255066 -0.4543038606643677 -0.44404855370521545
vn -0.6433961987495422 -0.6228580474853516 -0.4450721740722656
vn -0.9059748649597168 -0.29217642545700073 -0.3063369393348694
vn 0.9444672465324402 0.0008600078290328383 0.3286042809486389
vn 0.968015193939209 0.004549649078398943 0.2508506774902344
vn -0.392784982919693 -0.4421781301498413 -0.8063488006591797
vn -0.5898528695106506 -0.5877547264099121 -0.5537309646606445
vn 0.9836641550064087 -0.11076672375202179 0.14189974963665009
vn 0.8117631673812866 -0.04611719772219658 -0.5821630358695984
vn 0.7980825901031494 -0.13702842593193054 -0.5867599248886108
vn -0.3448199927806854 0.5560930371284485 -0.7562140822410583
vn 0.08988393098115921 0.6998948454856873 -0.7085675597190857
vn -0.1933925449848175 0.16454380750656128 -0.9672252535820007
vn 0.08377287536859512 0.1881178319454193 -0.9785671830177307
vn 0.9429715871810913 -0.29903489351272583 0.1462290734052658
vn 0.9845962524414062 0.014859003946185112 0.17421117424964905
vn 0.6977161169052124 -0.6424282193183899 0.3169829845428467
vn -0.8236411213874817 0.42267513275146484 -0.3781018853187561
vn -0.39790454506874084 0.6398057341575623 -0.6575109362602234
vn 0.9982620477676392 0.05244556441903114 0.026875341311097145
vn 0.8060641884803772 -0.5827127695083618 0.10347121953964233
vn 0.8638392090797424 -0.35645073652267456 -0.3559839427471161
vn 0.9806684255599976 0.17336511611938477 0.09074128419160843
vn 0.9467904567718506 0.32130974531173706 0.01865306869149208
vn -0.5033860802650452 0.7777600288391113 -0.37641987204551697
vn 0.9868601560592651 0.020526045933365822 0.1602676957845688
vn 0.6530652642250061 0.16510501503944397 -0.7390846610069275
vn 0.32418292760849 0.01751813478767872 -0.9458321928977966
vn 0.13978347182273865 0.6101821064949036 -0.7798323035240173
vn -0.3685871660709381 -0.65052330493927 -0.6640503406524658
vn -0.48316606879234314 -0.6242371797561646 -0.6139044165611267
vn -0.6994355916976929 0.03740987926721573 -0.7137159705162048
vn 0.1607264131307602 -0.08572175353765488 -0.983269453048706
vn -0.702613890171051 0.1424780637025833 0.6971612572669983
vn -0.7256100177764893 0.6611461043357849 0.19072476029396057
vn -0.9216096997261047 0.05202547088265419 0.3846151530742645
vn -0.803392767906189 -0.283225417137146 -0.5237778425216675
vn -0.6316378712654114 0.033284880220890045 -0.7745487689971924
vn 0.7590096592903137 -0.3822263181209564 -0.5270744562149048
vn 0.9806019067764282 0.08730916678905487 0.17549064755439758
vn -0.7464810013771057 -0.6442319750785828 0.1665269136428833
vn -0.8218754529953003 -0.29642820358276367 0.486468106508255
vn -0.85552579164505 0.017291152849793434 0.5174713134765625
vn -0.3624657690525055 0.2947812080383301 -0.8841508030891418
vn -0.608556866645813 -0.03914767876267433 -0.7925440073013306
vn -0.14390526711940765 -0.03873566910624504 -0.9888330101966858
vn 0.985090970993042 0.14170114696025848 0.09755335003137589
vn -0.22347651422023773 0.10988498479127884 -0.9684954881668091
vn 0.6799598932266235 0.71502286195755 0.16247087717056274
vn -0.5244570970535278 -0.6399872899055481 0.5615701675415039
vn -0.6222499012947083 -0.21257014572620392 0.7534050345420837
vn -0.7056155204772949 -0.5803524851799011 0.4065682590007782
vn -0.1555485874414444 -0.3360668122768402 -0.9289045333862305
vn 0.003326545702293515 -0.6647830009460449 -0.7470291256904602
vn -0.22300870716571808 -0.3405669033527374 -0.913390040397644
vn 0.37799322605133057 -0.013561487197875977 -0.9257090091705322
vn 0.7142716646194458 0.47358807921409607 -0.5152963399887085
vn -0.9485133290290833 0.25882580876350403 0.18256980180740356
vn -0.37553784251213074 0.21101385354995728 0.9024658203125
vn 0.7586764097213745 -0.6390711069107056 -0.1264837384223938
vn 0.9151661992073059 -0.045821014791727066 -0.40046393871307373
vn 0.9662517309188843 -0.009629715234041214 -0.2574191391468048
vn 0.6670570373535156 -0.6581708192825317 -0.34906455874443054
vn 0.7992609739303589 -0.05384211987257004 -0.5985673666000366
vn 0.8425115346908569 -0.05723898485302925 -0.5356284976005554
vn 0.6584584712982178 0.5681172609329224 -0.4936347007751465
vn 0.8353697657585144 0.27726465463638306 -0.47463861107826233
vn -0.10471059381961823 -0.31951403617858887 -0.9417783617973328
vn 0.12993671000003815 -0.6477442979812622 -0.7506954669952393
vn -0.6186365485191345 0.4899887144565582 0.6141660809516907
vn 0.6155588030815125 0.7872071862220764 0.03731180354952812
vn -0.505058228969574 0.8015544414520264 0.3200419247150421
vn 0.8338515758514404 0.5176646709442139 0.19161109626293182
vn 0.9874356985092163 0.10032878071069717 -0.12208564579486847
vn 0.6968786716461182 0.5212782621383667 0.49257388710975647
vn 0.8384512662887573 -0.1956235021352768 -0.5086559057235718
vn -0.03928215056657791 0.6089077591896057 0.7922677993774414
vn 0.2075408548116684 0.5351908802986145 0.8188391327857971
vn 0.0735946074128151 0.015445536002516747 0.9971686601638794
vn 0.43015965819358826 0.29428285360336304 -0.8534402847290039
vn 0.43331149220466614 0.7816874384880066 0.4485597312450409
vn 0.5055399537086487 0.6953772902488708 -0.5107638239860535
vn 0.2595735192298889 0.7781229615211487 -0.5719670057296753
vn 0.5797100067138672 0.07441483438014984 -0.8114176392555237
vn 0.6477862000465393 -0.008940618485212326 -0.761769711971283
vn 0.5365474820137024 -0.6388984322547913 -0.5512945055961609
vn 0.618567943572998 0.7590339779853821 0.20307907462120056
vn -0.4883273243904114 -0.08464857935905457 0.8685453534126282
vn -0.549126386642456 0.6298056244850159 0.5493678450584412
vn 0.32298991084098816 0.7953489422798157 0.5129303932189941
vn 0.6270906329154968 -0.6577521562576294 0.4172762334346771
vn 0.5468823313713074 -0.6630246043205261 0.5111928582191467
vn 0.9135831594467163 0.004582589957863092 0.40662604570388794
vn -0.8710778951644897 0.4543441832065582 -0.18653342127799988
vn -0.8146166801452637 0.3813978135585785 -0.4369615316390991
vn -0.9958510398864746 0.012740864418447018 -0.09010156244039536
vn -0.8448740839958191 -0.028091033920645714 -0.534227192401886
vn -0.8229910135269165 0.5628602504730225 0.07664167881011963
vn -0.9260390996932983 0.05074800178408623 0.3740004301071167
vn 0.607879102230072 -0.32395997643470764 0.7249364852905273
vn 0.26163482666015625 -0.6185005903244019 0.7409482598304749
vn 0.5421968698501587 0.1467297524213791 0.8273409008979797
vn 0.422353059053421 0.3897477984428406 0.8183609247207642
vn 0.2576119303703308 0.21047106385231018 0.9430472254753113
vn 0.7734081745147705 0.06854445487260818 0.6301916241645813
vn 0.46120235323905945 0.04573347792029381 0.8861156702041626
vn 0.6666937470436096 -0.11385277658700943 0.7365846633911133
vn 0.5226603746414185 -0.2898769676685333 0.8017465472221375
vn 0.5738040804862976 -0.30488303303718567 0.7601284384727478
vn 0.8283558487892151 0.03760656714439392 0.5589385032653809
vn 0.8126497864723206 -0.36081942915916443 0.4576130211353302
vn -0.8003996014595032 0.07647880166769028 -0.5945683121681213
vn -0.42613014578819275 0.7950136661529541 -0.43170174956321716
vn 0.8791552186012268 -0.35069021582603455 0.3226490318775177
vn -0.6376657485961914 0.027347445487976074 -0.7698275446891785
vn -0.24798788130283356 -0.6661839485168457 -0.7033498287200928
vn -0.7644999027252197 -0.23771338164806366 0.5991929173469543
vn -0.6822142004966736 -0.29120948910713196 -0.6706569790840149
vn -0.5898528695106506 -0.5877547264099121 -0.5537309646606445
vn -0.5214569568634033 -0.3460739850997925 -0.7799457311630249
vn -0.0360904298722744 -0.30856314301490784 -0.9505189657211304
vn -0.6505751013755798 0.6588507294654846 0.37771403789520264
vn -0.27073198556900024 -0.35136011242866516 -0.8962423205375671
vn -0.12333795428276062 -0.6709631681442261 -0.7311607599258423
vn -0.8577414751052856 0.33314988017082214 0.3915235996246338
vn -0.38024741411209106 -0.3551851809024811 -0.8539645671844482
vn -0.20545509457588196 -0.5098968148231506 -0.8353403806686401
vn 0.11196208745241165 -0.22027839720249176 -0.9689901471138
vn -0.009800373576581478 -0.5569549798965454 -0.8304848670959473
vn 0.08589600026607513 -0.26827874779701233 -0.9595041871070862
vn -0.9279118776321411 0.0012420887360349298 0.3727976381778717
vn -0.7492198944091797 -0.6610161066055298 0.04156032204627991
vn -0.8939127922058105 0.005767364054918289 0.4482038617134094
vn -0.8831015825271606 -0.3542458713054657 0.30763858556747437
vn 0.8225428462028503 0.41767868399620056 -0.3859633803367615
vn 0.6282750964164734 -0.050714779645204544 -0.7763364911079407
vn 0.9231048226356506 0.18719668686389923 0.33590906858444214
vn -0.6867057085037231 -0.6480542421340942 -0.32933416962623596
vn -0.9329386353492737 -0.3531859517097473 -0.0698937252163887
vn 0.21570442616939545 0.39166736602783203 -0.8944653272628784
vn 0.7677023410797119 -0.01095740869641304 -0.6407129168510437
vn -0.18245384097099304 0.14069949090480804 0.973095178604126
vn -0.03024357743561268 0.5792047381401062 0.8146209120750427
vn -0.24153584241867065 0.8737659454345703 0.42212975025177
vn 0.18588480353355408 0.11727490276098251 0.975547730922699
vn 0.18574707210063934 0.5067998766899109 0.8418146371841431
vn 0.00944888312369585 0.11169059574604034 0.9936981201171875
vn 0.1862514168024063 -0.5814459919929504 -0.7919790744781494
vn 0.2517262399196625 -0.4151259660720825 -0.8742449879646301
vn -0.9347439408302307 -0.3553159534931183 -0.0020876326598227024
vn -0.9297875165939331 -0.36519724130630493 0.04611092060804367
vn -0.9786949157714844 0.01757754199206829 0.20456598699092865
vn 0.8222182393074036 0.5535086989402771 0.1326090544462204
vn 0.8534095287322998 0.4118332266807556 0.3195083737373352
vn 0.7866941690444946 0.44040051102638245 -0.4326193630695343
vn -0.9565714597702026 0.004783689044415951 0.29145893454551697
vn -0.7941465973854065 0.37381839752197266 0.4791567027568817
vn -0.9183729290962219 -0.02959931641817093 -0.3946075141429901
vn -0.7064507603645325 0.29444584250450134 -0.6436062455177307
vn 0.7129048109054565 -0.3567315638065338 0.6037459373474121
vn -0.814142107963562 0.3845638632774353 0.4350671172142029
vn 0.8749931454658508 0.016550661996006966 0.4838522970676422
vn 0.8774493932723999 0.39139246940612793 0.27729859948158264
vn -0.9927784204483032 0.04089454561471939 0.11277662217617035
vn -0.6788429021835327 0.5649387836456299 0.46905913949012756
vn 0.3848901391029358 -0.07165664434432983 0.9201765656471252
vn -0.0575125478208065 -0.08690793067216873 0.994554877281189
vn 0.40666067600250244 -0.08334560692310333 -0.9097694754600525
vn 0.3224469721317291 0.43948477506637573 -0.8383800387382507
vn -0.8376968502998352 0.1311354786157608 0.5301579236984253
vn 0.042536552995443344 0.8716371059417725 0.488302618265152
vn 0.43633463978767395 0.13464683294296265 -0.8896529078483582
vn -0.5183140635490417 0.7719499468803406 0.3680269420146942
vn -0.42613014578819275 0.7950136661529541 -0.43170174956321716
vn 0.2330438196659088 0.5292130708694458 -0.8158579468727112
vn 0.8698017001152039 -0.1718267798423767 -0.4625155031681061
vn 0.3400418758392334 0.14966166019439697 0.9284249544143677
vn 0.15652403235435486 -0.5843018293380737 0.7962986826896667
vn 0.21979427337646484 -0.0296494010835886 0.9750955700874329
vn 0.35871779918670654 0.6165146231651306 0.7008789777755737
vn 0.38846954703330994 0.3369823396205902 0.8576329350471497
vn 0.7147578597068787 -0.02295864000916481 0.698995053768158
vn 0.33961668610572815 -0.08430992811918259 0.9367775917053223
vn -0.7102422118186951 0.14488831162452698 -0.688885509967804
vn 0.6848901510238647 -0.3467758893966675 0.6408369541168213
vn 0.6550514698028564 -0.3330744802951813 0.6782100796699524
vn -0.07094042003154755 -0.08167232573032379 -0.9941313862800598
vn 0.017334507778286934 -0.2857944965362549 -0.958134114742279
vn -0.7710232138633728 0.3684030771255493 0.519425094127655
vn -0.7455974221229553 0.3675702214241028 0.5558565855026245
vn -0.9848735928535461 -0.16978567838668823 0.034594614058732986
vn -0.5183140635490417 0.7719499468803406 0.3680269420146942
vn -0.9279874563217163 -0.3462769389152527 -0.13759197294712067
vn -0.8646098971366882 -0.3905753493309021 -0.3160707950592041
vn -0.9253870844841003 -0.32914671301841736 -0.1879395991563797
vn -0.9886494874954224 -0.13164697587490082 -0.07239624112844467
vn -0.9239558577537537 -0.37120845913887024 0.09224939346313477
vn -0.7102422118186951 0.14488831162452698 -0.688885509967804
vn -0.9335741996765137 0.2198198437690735 0.2830521762371063
vn -0.9416056275367737 -0.28184306621551514 0.18423745036125183
vn -0.9624803066253662 -0.22009658813476562 -0.15871088206768036
vn 0.20684973895549774 0.7300071716308594 0.6513851284980774
vn 0.12098819017410278 -0.10929282009601593 0.9866189956665039
vn -0.10379944741725922 -0.12871193885803223 0.986234724521637
vn 0.9462074041366577 0.04300815239548683 0.32068973779678345
vn -0.6538019180297852 0.4003193974494934 -0.642096221446991
vn 0.8665061593055725 0.29785796999931335 -0.40055927634239197
vn 0.7929379940032959 0.5977773666381836 -0.11794701218605042
vn 0.9458878040313721 0.2187594473361969 -0.2396673858165741
vn -0.8207515478134155 -0.06533382087945938 0.5675371289253235
vn -0.9878067374229431 -0.032855283468961716 0.15217873454093933
vn 0.7576794624328613 -0.6172870993614197 0.2118457704782486
vn -0.5065809488296509 -0.06269489973783493 -0.8599099516868591
vn -0.7318687438964844 -0.6172007918357849 0.2888447642326355
vn 0.9452286958694458 -0.3159138262271881 -0.08210499584674835
vn 0.6062365174293518 -0.6533132791519165 -0.4534965753555298
vn -0.0799635648727417 -0.6420233845710754 0.7625036239624023
vn -0.3116213381290436 -0.6609666347503662 0.6826531291007996
vn -0.4012261629104614 -0.2833840847015381 0.8710402250289917
vn 0.8964066505432129 0.3766863942146301 0.23358601331710815
vn -0.16883604228496552 -0.3069028854370117 0.9366456866264343
vn 0.18368776142597198 -0.2505400478839874 0.9505201578140259
vn -0.7127537131309509 -0.25646117329597473 -0.652847409248352
vn -0.5641997456550598 -0.35654300451278687 -0.7446850538253784
vn -0.5081061720848083 -0.2421836256980896 0.8265442848205566
vn -0.8192004561424255 -0.5072371959686279 -0.2676209807395935
vn -0.8324277400970459 -0.1459878534078598 -0.5345572829246521
vn 0.34937041997909546 -0.44967490434646606 0.8220295906066895
vn 0.44426819682121277 0.6082189679145813 0.6577958464622498
vn 0.07976499199867249 0.5312792658805847 0.8434334397315979
vn 0.8368300795555115 0.24710482358932495 0.48852279782295227
vn 0.35736024379730225 -0.028468120843172073 -0.9335326552391052
vn 0 1 0
vn 0 1 0
vn 0 1 0
vn 0 1 0
vn 0 1 0
vn 0 1 0
vn 0 1 0
vn 0 1 0
vn 0 1 0
vn 0 1 0
vn 0 1 0
vn 0 1 0
vn 0 1 0
vn 0 1 0
vn 0 1 0
vn 0 1 0
vn 0 1 0
vn 0 1 0
vn 0 1 0
vn 0 1 0
vn 0 1 0
vn 0 1 0
vn 0 1 0
vn 0 1 0
vn 0 1 0
vn 0 1 0
vn 0 1 0
vn 0 1 0
vn 0 1 0
vn 0 1 0
vn 0 1 0
vn 0 1 0
vn 0 1 0
vn 0 1 0
vn 0 1 0
vn 0 1 0
vn 0 1 0
vn 0 1 0
vn 0 1 0
vn 0 1 0
vn 0 1 0
vn 0 1 0
vn 0 1 0
vn 0 1 0
vn 0 1 0
vn 0 1 0
vn 0 1 0
vn 0 1 0
vn 0 1 0
vn 0 1 0
vn 0 1 0
vn 0 1 0
vn 0 1 0
vn 0 1 0
vn 0 1 0
vn 0 1 0
vn 0 1 0
vn 0 1 0
vn 0 1 0
vn 0 1 0
vn -0.3186775743961334 0.7444674968719482 -0.586696445941925
vn 0 1 0
vn 0.30882447957992554 0.7445158362388611 0.5918813943862915
vn 0 1 0
vn 0 1 0
vn 0 1 0
vn 0 1 0
vn 0 1 0
vn 0 1 0
vn 0 1 0
vn 0 1 0
vn 0 1 0
vn 0 1 0
vn 0 1 0
vn 0 1 0
vn 0 1 0
vn 0 1 0
vn 0 1 0
vn 0 1 0
vn 0 1 0
vn 0 1 0
vn 0 1 0
vn 0 1 0
vn 0 1 0
vn 0 1 0
vn 0 1 0
vn 0 1 0
vn 0 1 0
vn 0 1 0
vn 0 1 0
vn 0 1 0
vn 0 1 0
vn 0 1 0
vn 0 1 0
vn 0 1 0
vn 0 1 0
vn 0 1 0
vn 0 1 0
vn 0 1 0
vn 0 1 0
vn 0 1 0
vn 0 1 0
vn 0 1 0
vn 0 1 0
vn 0 1 0
vn 0 1 0
vn 0 1 0
vn 0 1 0
vn 0 1 0
vn 0 1 0
vn 0 1 0
vn 0 1 0
vn 0 1 0
vn 0 1 0
vn 0 1 0
vn 0 1 0
vn 0 1 0
vn 0 1 0
vn 0 1 0
vn 0 1 0
vn 0 1 0
vn 0 1 0
vn 0 1 0
vn 0 1 0
vn 0 1 0
vn 0 1 0
vn 0 1 0
vn 0 1 0
vn 0 1 0
vn 0 1 0
vn 0 1 0
vn 0 1 0
vn 0 1 0
vn 0 1 0
vn 0 1 0
vn 0 1 0
vn 0 1 0
vn 0 1 0
vn 0 1 0
vn 0 1 0
vn 0 1 0
vn 0 1 0
vn 0 1 0
vn 0 1 0
vn 0 1 0
vn 0 1 0
vn 0 1 0
vn 0 1 0
vn 0 1 0
vn 0 1 0
vn 0 1 0
vn 0 1 0
vn 0 1 0
vn 0 1 0
vn 0 1 0
vn 0 1 0
vn 0 1 0
vn 0 1 0
vn 0 1 0
vn 0 1 0
vn 0 1 0
vn 0 1 0
vn 0 1 0
vn 0 1 0
vn 0 1 0
vn 0 1 0
vn 0 1 0
vn 0 1 0
vn 0 1 0
vn 0 1 0
vn 0 1 0
vn 0 1 0
vn 0 1 0
vn 0 1 0
vn 0 1 0
vn 0 1 0
vn 0 1 0
vn 0 1 0
vn 0 1 0
vn 0 1 0
vn 0 1 0
vn 0 1 0
vn 0 1 0
vn 0 1 0
vn 0 1 0
vn 0 1 0
vn 0 1 0
vn 0 1 0
vn 0 1 0
vn 0 1 0
vn 0 1 0
vn 0 1 0
vn 0 1 0
vn 0 1 0
vn 0 1 0
vn 0 1 0
vn 0 1 0
vn 0 1 0
vn 0 1 0
vn 0 1 0
vn 0 1 0
vn 0 1 0
vn 0 1 0
vn 0 1 0
vn 0 1 0
vn 0 1 0
vn 0 1 0
vn 0 1 0
vn 0 1 0
vn 0 1 0
vn -0.9430209994316101 0.29743921756744385 -0.1491350382566452
vn -0.9702745676040649 0.19981859624385834 0.1365274339914322
vn -0.78936767578125 0.4740162491798401 -0.3901374042034149
vn -0.7292230129241943 -0.5935326218605042 -0.3405184745788574
vn -0.6545454263687134 -0.18136081099510193 0.7339472770690918
vn -0.6896420121192932 0.04916103929281235 0.7224798202514648
vn -0.6495574712753296 0.4011210501194 0.6458923816680908
vn -0.42317211627960205 0.36482948064804077 0.8293519616127014
vn -0.6076167225837708 0.5056377649307251 0.6124805212020874
vn 0.32488277554512024 0.6585779786109924 0.6787681579589844
vn -0.6871505975723267 0.2770034372806549 0.6716346740722656
vn -0.22709481418132782 -0.41094622015953064 0.8829219341278076
vn 0.08047156780958176 -0.3611008822917938 0.9290482401847839
vn -0.5278527140617371 -0.24032215774059296 0.8146267533302307
vn -0.7942134737968445 -0.07581053674221039 -0.6028912663459778
vn -0.9674773812294006 -0.25292930006980896 -0.0037717418745160103
vn -0.9523546695709229 -0.031886883080005646 -0.30332106351852417
vn -0.8291268348693848 0.367732435464859 -0.421095609664917
vn -0.7463595867156982 -0.38742753863334656 0.5411536693572998
vn 0.7353427410125732 0.49298372864723206 0.4650140702724457
vn 0.7147629261016846 0.23492708802223206 0.6587284803390503
vn 0.986554741859436 0.1426282823085785 -0.079793281853199
vn 0.7569870352745056 -0.6488606929779053 -0.07713890075683594
vn 0.16714277863502502 -0.21678540110588074 -0.961804211139679
vn 0.2062884420156479 0.027648694813251495 -0.978100597858429
vn 0.7117783427238464 0.3911699950695038 0.5834017395973206
vn 0.8690772652626038 0.3419298231601715 0.35747548937797546
vn 0.46048739552497864 0.5478758811950684 0.6984149217605591
vn -0.6136993169784546 0.6752743124961853 -0.40911826491355896
vn 0.23273788392543793 0.2703811228275299 -0.9341986775398254
vn -0.8050277829170227 0.19358201324939728 -0.560763955116272
vn -0.7630343437194824 -0.03984234482049942 0.6451287865638733
vn 0.31675633788108826 -0.6544052958488464 0.6865996718406677
vn 0.9946990609169006 0.04976700246334076 -0.08998312056064606
vn 0.8622521162033081 -0.2700541317462921 0.428476482629776
vn 0.9663445949554443 0.2525428533554077 -0.04899196699261665
vn -0.8978117108345032 0.12612715363502502 -0.4219314157962799
vn -0.8374715447425842 0.5463992953300476 0.009451979771256447
vn -0.8658901453018188 0.26379284262657166 -0.4250265061855316
vn -0.7256100177764893 0.6611461043357849 0.19072476029396057
vn -0.9878067374229431 -0.032855283468961716 0.15217873454093933
vn -0.9893333911895752 -0.0406486950814724 -0.13988249003887177
vn -0.8436635732650757 0.5318556427955627 -0.07322117686271667
vn 0.49881118535995483 0.4098166823387146 0.763700008392334
vn -0.47031423449516296 0.7664918899536133 0.4373725354671478
vn -0.9133392572402954 0.40602147579193115 0.030950432643294334
vn 0.35680916905403137 -0.4761323034763336 0.8037320375442505
vn 0.3706205487251282 -0.3780139982700348 0.8483783602714539
vn 0.1951642632484436 0.6937105655670166 -0.693308413028717
vn 0.4670865535736084 0.7236791253089905 -0.5080538392066956
vn -0.0880800187587738 0.7683243155479431 -0.6339713335037231
vn 0.08711657673120499 0.7855760455131531 -0.6126017570495605
vn 0.9077715277671814 -0.41487064957618713 -0.06191278249025345
vn -0.6509159803390503 0.07750385254621506 0.7551831603050232
vn -0.4746403992176056 0.6689122319221497 0.572077751159668
vn -0.1954365372657776 0.782159149646759 0.5916346907615662
vn 0.772724986076355 0.5466168522834778 -0.3226548731327057
vn 0.2595735192298889 0.7781229615211487 -0.5719670057296753
vn -0.9355685710906982 -0.16517145931720734 0.3121374845504761
vn -0.8808821439743042 -0.11388592422008514 0.4594306945800781
vn 0.984948992729187 -0.1286899596452713 -0.11538778990507126
vn 0.8910564184188843 -0.065802201628685 -0.4490974545478821
vn 0.9727765321731567 0.16916488111019135 -0.15839534997940063
vn 0.6788897514343262 -0.29113614559173584 -0.6740537285804749
vn -0.9083836078643799 0.0838395282626152 0.4096463620662689
vn -0.7674569487571716 -0.21724696457386017 0.6031696796417236
vn -0.8454752564430237 0.0222556721419096 0.5335507392883301
vn 0.39187315106391907 0.41902515292167664 0.8190563917160034
vn 0.9213812351226807 0.3269696533679962 -0.2101130187511444
vn 0.7043972015380859 0.6035221219062805 0.3736116588115692
vn 0.7843775749206543 0.588777482509613 -0.19517402350902557
vn -0.4070641100406647 0.04357989504933357 0.912359356880188
vn 0.43927833437919617 -0.17481857538223267 -0.8811770081520081
vn -0.7386873364448547 0.5737418532371521 -0.353781521320343
vn 0.15331867337226868 0.7246770858764648 0.6718157529830933
vn 0.4369737505912781 0.6120137572288513 0.6591609716415405
vn 0.41074758768081665 0.6723525524139404 0.615815281867981
vn 0.8623676896095276 0.4629674255847931 -0.2048979103565216
vn 0.7496915459632874 0.45114457607269287 -0.4841809570789337
vn 0.6372842788696289 0.2667410671710968 -0.7229924201965332
vn 0.40241551399230957 0.19913959503173828 -0.8935352563858032
vn 0.16556820273399353 -0.10829224437475204 -0.980234682559967
vn 0.270126074552536 0.1582622081041336 -0.9497289061546326
vn -0.8021335005760193 -0.05948949232697487 0.5941740870475769
vn 0.1318049430847168 0.11385093629360199 -0.9847158789634705
vn -0.6006713509559631 0.2730851173400879 -0.751410961151123
vn -0.7103866338729858 0.2358357310295105 -0.6631230711936951
vn 0.17771074175834656 0.6452986598014832 -0.7429727911949158
vn -0.8433880805969238 0.3308176100254059 -0.42338669300079346
vn -0.8166678547859192 0.39618784189224243 -0.41962939500808716
vn 0.8155506253242493 0.31065109372138977 -0.4882347881793976
vn 0.11639627069234848 0.20371592044830322 0.9720861911773682
vn 0.3506145477294922 -0.11937455087900162 0.928880512714386
vn 0.25246158242225647 0.14987507462501526 0.955929160118103
vn 0.38305509090423584 0.09278588742017746 0.9190536141395569
vn 0.9453988075256348 -0.2305966168642044 0.23031790554523468
vn 0.9075047373771667 -0.41239798069000244 -0.0797693133354187
vn 0.9565509557723999 -0.28073516488075256 -0.0787276029586792
vn -0.5572913289070129 0.6031771302223206 0.5706169605255127
vn 0.8899134397506714 0.4546639323234558 0.03653512895107269
vn 0.22807647287845612 0.3565434217453003 -0.9060121178627014
vn 0.6325399279594421 0.6516996026039124 -0.4185461699962616
vn 0.1367974579334259 -0.22017888724803925 -0.965819776058197
vn 0.29875022172927856 -0.10826054960489273 -0.9481709003448486
vn -0.3776112496852875 0.47373485565185547 0.7956035137176514
vn -0.16029879450798035 0.2970806062221527 0.9413009285926819
vn 0.11933670938014984 -0.39435452222824097 -0.911176860332489
vn 0.7154552340507507 0.697929322719574 0.031913500279188156
vn 0.5274459719657898 0.8234833478927612 -0.20898783206939697
vn -0.7347721457481384 0.097291000187397 -0.67130047082901
vn 0.9874356985092163 0.10032878071069717 -0.12208564579486847
vn 0.7450023889541626 0.6642009615898132 -0.06171320006251335
vn 0.1496579647064209 -0.03859908878803253 -0.9879841208457947
vn 0.6756776571273804 -0.2583850920200348 -0.6904323697090149
vn 0.7450023889541626 0.6642009615898132 -0.06171320006251335
vn 0.6155588030815125 0.7872071862220764 0.03731180354952812
vn 0.5274459719657898 0.8234833478927612 -0.20898783206939697
vn -0.1151711642742157 0.7247209548950195 0.6793490648269653
vn 0.6799598932266235 0.71502286195755 0.16247087717056274
vn 0.9231048226356506 0.18719668686389923 0.33590906858444214
vn -0.7281110286712646 0.4701220989227295 -0.4988381862640381
vn -0.7668910026550293 0.6403470039367676 0.04282433167099953
vn 0.6799598932266235 0.71502286195755 0.16247087717056274
vn 0.7353427410125732 0.49298372864723206 0.4650140702724457
vn 0.7565979957580566 0.5521029829978943 0.35034528374671936
vn 0.6431182622909546 0.4718778431415558 0.6031004190444946
vn 0.3247329890727997 0.06529232859611511 0.9435493350028992
vn 0.8065203428268433 -0.29386571049690247 0.5129989385604858
vn 0.3019893169403076 -0.3260245621204376 0.8958294987678528
vn 0.30274081230163574 0.19007864594459534 0.9339262247085571
vn 0.7036526203155518 0.3376189172267914 0.6252092123031616
vn 0.8118319511413574 0.5828642845153809 0.03461434692144394
vn -0.9075593948364258 -0.15396347641944885 -0.39068037271499634
vn -0.6084539294242859 0.5717255473136902 0.5503759980201721
vn -0.577569305896759 0.6247442960739136 0.5254600644111633
vn -0.375352144241333 0.6724808216094971 0.6378716826438904
vn 0.23857593536376953 0.5142561197280884 -0.8237852454185486
vn -0.29778486490249634 0.6478342413902283 -0.7011668682098389
vn 0.19096900522708893 -0.32496583461761475 -0.9262440204620361
vn 0.36385294795036316 0.27760061621665955 0.8891282081604004
vn -0.28257519006729126 0.7231202721595764 0.6302763819694519
vn -0.3855644464492798 -0.11379030346870422 0.9156373739242554
vn -0.7457642555236816 -0.3577956557273865 0.5619770288467407
vn 0.021800989285111427 0.053269799798727036 0.9983421564102173
vn 0.28988614678382874 0.2514451742172241 0.9234399795532227
vn 0.2758600115776062 0.31179556250572205 0.9092220664024353
vn -0.34560108184814453 0.32953202724456787 -0.8786173462867737
vn -0.7242586612701416 -0.3395579159259796 -0.6001247763633728
vn -0.5441517233848572 0.675023078918457 0.498239666223526
vn -0.7831261157989502 -0.21111658215522766 0.5849301218986511
vn -0.06135224550962448 0.35815706849098206 -0.9316434264183044
vn 0.2058083862066269 0.5081172585487366 -0.836337149143219
vn 0.5444653034210205 -0.08208264410495758 0.8347574472427368
vn -0.03928215056657791 0.6089077591896057 0.7922677993774414
vn -0.10379944741725922 -0.12871193885803223 0.986234724521637
vn 0.07309824973344803 -0.6975107192993164 -0.7128362059593201
vn -0.5357650518417358 -0.21711251139640808 -0.8159766793251038
vn 0.3848901391029358 -0.07165664434432983 0.9201765656471252
vn 0.32298991084098816 0.7953489422798157 0.5129303932189941
vn 0.09786295145750046 -0.5552689433097839 -0.8258931040763855
vn 0.3527156710624695 -0.1854112148284912 0.9171773791313171
vn 0.34148138761520386 -0.06054830178618431 0.9379361271858215
vn -0.464133083820343 0.0012202298967167735 -0.8857645988464355
vn -0.6198890805244446 -0.6227549314498901 0.4774031937122345
vn 0.14383357763290405 -0.1299363225698471 -0.9810343980789185
vn 0.9796823859214783 -0.15517880022525787 -0.12705081701278687
vn 0.7674852013587952 0.3518035113811493 -0.5359112620353699
vn 0.9926156401634216 -0.052995532751083374 -0.10911330580711365
vn -0.16377021372318268 -0.08666779100894928 -0.9826841354370117
vn -0.7009891867637634 -0.20669463276863098 -0.6825624704360962
vn -0.13050015270709991 -0.3169633150100708 -0.9394168257713318
vn -0.4384520947933197 -0.27612972259521484 -0.8552848100662231
vn -0.9117946028709412 -0.014058610424399376 -0.4104059636592865
vn -0.8064636588096619 -0.16340188682079315 -0.5682571530342102
vn -0.8909178376197815 -0.11585012823343277 -0.43914029002189636
vn -0.8719119429588318 -0.24348311126232147 -0.4248359203338623
vn -0.7136934995651245 0.6832106709480286 0.15448196232318878
vn -0.3639668822288513 0.7924956679344177 0.48936569690704346
vn -0.5183140635490417 0.7719499468803406 0.3680269420146942
vn -0.8943971991539001 -0.313239723443985 -0.31927165389060974
vn 0.9787644147872925 -0.18952423334121704 0.07810727506875992
vn 0.840542733669281 -0.5359193086624146 -0.0792362317442894
vn 0.2075408548116684 0.5351908802986145 0.8188391327857971
vn -0.03928215056657791 0.6089077591896057 0.7922677993774414
vn -0.28257519006729126 0.7231202721595764 0.6302763819694519
vn -0.8436635732650757 0.5318556427955627 -0.07322117686271667
vn -0.1954365372657776 0.782159149646759 0.5916346907615662
vn 0.5844099521636963 -0.32680821418762207 0.7427390813827515
vn -0.7256100177764893 0.6611461043357849 0.19072476029396057
vn -0.5121313333511353 -0.4200219511985779 0.7492017149925232
vn 0.4880296289920807 0.006444647908210754 -0.872803270816803
vn 0.021258234977722168 0.798718273639679 0.6013293862342834
vn 0.36385294795036316 0.27760061621665955 0.8891282081604004
vn 0.32298991084098816 0.7953489422798157 0.5129303932189941
vn -0.8382090330123901 -0.3670119643211365 -0.40337052941322327
vn 0.21826912462711334 0.607879638671875 -0.7634402513504028
vn 0.9740387797355652 -0.2126581370830536 -0.07762142270803452
vn 0.9867132306098938 -0.1435302048921585 -0.076131671667099
vn 0.7440571784973145 -0.09267208725214005 -0.6616576313972473
vn 0.9584054350852966 0.26594722270965576 0.10359100252389908
vn 0.8594153523445129 -0.1452259123325348 0.4902190566062927
vn 0.37589284777641296 -0.3272058665752411 0.8669722080230713
vn 0.38005441427230835 -0.27543091773986816 0.8830042481422424
vn 0.23317274451255798 -0.32228773832321167 0.9174754023551941
vn 0.33878350257873535 -0.5686269402503967 0.7495927214622498
vn 0.8412140011787415 -0.3743097186088562 -0.39019373059272766
vn -0.6909233331680298 -0.49608880281448364 0.525852382183075
vn -0.23529542982578278 -0.2126777172088623 0.9483692646026611
vn 0.3620882034301758 0.544379711151123 0.7566656470298767
vn -0.2158682942390442 0.3124893009662628 0.9250683188438416
vn -0.6762713193893433 0.5772788524627686 -0.4576093256473541
vn -0.2951538860797882 0.30304065346717834 -0.9061183929443359
vn -0.7949622273445129 -0.13570117950439453 0.5912868976593018
vn -0.30412429571151733 -0.029771482571959496 0.9521670937538147
vn -0.883277952671051 -0.18004637956619263 -0.43290120363235474
vn -0.7903773188591003 -0.4843544363975525 -0.3751058876514435
vn -0.951477587223053 -0.21263487637043 0.22243399918079376
vn 0.13978347182273865 0.6101821064949036 -0.7798323035240173
vn -0.8773130178451538 0.034462593495845795 0.47867968678474426
vn -0.9832257628440857 -0.05801825597882271 0.172919362783432
vn -0.8507986664772034 0.5228999853134155 -0.05212705582380295
vn -0.11112851649522781 0.7621508836746216 -0.637790322303772
vn -0.20804783701896667 -0.07243559509515762 -0.975432813167572
vn -0.9986047744750977 -0.0334518738090992 -0.04085865244269371
vn -0.4746403992176056 0.6689122319221497 0.572077751159668
vn 0.9394567012786865 -0.01269575860351324 -0.34243243932724
vn -0.10444609820842743 -0.06940232962369919 -0.992106020450592
vn 0.772724986076355 0.5466168522834778 -0.3226548731327057
vn -0.0880800187587738 0.7683243155479431 -0.6339713335037231
vn 0.1607264131307602 -0.08572175353765488 -0.983269453048706
vn -0.9183729290962219 -0.02959931641817093 -0.3946075141429901
vn -0.620988667011261 0.7034515738487244 -0.34572967886924744
vn -0.39790454506874084 0.6398057341575623 -0.6575109362602234
vn -0.5065809488296509 -0.06269489973783493 -0.8599099516868591
vn 0.13978347182273865 0.6101821064949036 -0.7798323035240173
vn -0.42613014578819275 0.7950136661529541 -0.43170174956321716
vn -0.39790454506874084 0.6398057341575623 -0.6575109362602234
vn -0.11112851649522781 0.7621508836746216 -0.637790322303772
vn -0.8507986664772034 0.5228999853134155 -0.05212705582380295
vn -0.620988667011261 0.7034515738487244 -0.34572967886924744
vn 0.5055399537086487 0.6953772902488708 -0.5107638239860535
vn 0.5055399537086487 0.6953772902488708 -0.5107638239860535
vn 0.7677023410797119 -0.01095740869641304 -0.6407129168510437
vt 0.375 0.9995005130767822
vt 0.3394705057144165 0.831865668296814
vt 0.48328644037246704 0.8141891956329346
vt 0.25999999046325684 0
vt 0.27986761927604675 0.20796644687652588
vt 0.25999999046325684 0.4117569923400879
vt 0.45060238242149353 0.40291881561279297
vt 0.4415619969367981 0.7071957886219025
vt 0.4669443964958191 0.6085540056228638
vt 0.4161795973777771 0.8058375716209412
vt 0.48328644037246704 0.8141891956329346
vt 0.45060238242149353 0.40291881561279297
vt 0.4415619969367981 0.7071957886219025
vt 0.4669443964958191 0.6085540056228638
vt 0.4161795973777771 0.8058375716209412
vt 0.45060238242149353 0.40291881561279297
vt 0.4415619969367981 0.7071957886219025
vt 0.4669443964958191 0.6085540056228638
vt 0.4161795973777771 0.8058375716209412
vt 0.48328644037246704 0.8141891956329346
vt 0.41724711656570435 0
vt 0.25999999046325684 0
vt 0.3386235535144806 0.4117569923400879
vt 0.45060238242149353 0.40291881561279297
vt 0.4415619969367981 0.7071957886219025
vt 0.4669443964958191 0.6085540056228638
vt 0.41724711656570435 0
vt 0.25999999046325684 0
vt 0.3386235535144806 0.4117569923400879
vt 0.4161795973777771 0.8058375716209412
vt 0.48328644037246704 0.8141891956329346
vt 0.25999999046325684 0
vt 0.3407847285270691 0
vt 0.29973524808883667 0.415932834148407
vt 0.3407847285270691 0
vt 0.29973524808883667 0.415932834148407
vt 0.3757530450820923 0.6194801330566406
vt 0.3935657739639282 0.7212537825107574
vt 0.3394705057144165 0.831865668296814
vt 0.44766101241111755 0.6106418967247009
vt 0.3407847285270691 0
vt 0.29973524808883667 0.415932834148407
vt 0.48502516746520996 0
vt 0.4124162793159485 0
vt 0.41203558444976807 0.4070945978164673
vt 0.3935657739639282 0.7212537825107574
vt 0.44766101241111755 0.6106418967247009
vt 0.48502516746520996 0
vt 0.4124162793159485 0
vt 0.45060238242149353 0.40291881561279297
vt 0.3757530450820923 0.6194801330566406
vt 0.3935657739639282 0.7212537825107574
vt 0.3394705057144165 0.831865668296814
vt 0.4161795973777771 0.8058375716209412
vt 0.48328644037246704 0.8141891956329346
vt 0.44766101241111755 0.6106418967247009
vt 0.48502516746520996 0
vt 0.41203558444976807 0.4070945978164673
vt 0.48502516746520996 0
vt 0.3401276171207428 0.415932834148407
vt 0.41203558444976807 0.4070945978164673
vt 0.48502516746520996 0
vt 0.3407847285270691 0
vt 0.41203558444976807 0.4070945978164673
vt 0.3394705057144165 0.831865668296814
vt 0.3401276171207428 0.415932834148407
vt 0.3407847285270691 0
vt 0.41203558444976807 0.4070945978164673
vt 0.3935657739639282 0.7212537825107574
vt 0.3394705057144165 0.831865668296814
vt 0.44766101241111755 0.6106418967247009
vt 0.3401276171207428 0.415932834148407
vt 0.29973524808883667 0.415932834148407
vt 0.3401276171207428 0.415932834148407
vt 0.29973524808883667 0.415932834148407
vt 0.3401276171207428 0.415932834148407
vt 0.4841558039188385 0.4070945978164673
vt 0.4841558039188385 0.4070945978164673
vt 0.4841558039188385 0.4070945978164673
vt 0.4841558039188385 0.4070945978164673
vt 0.4841558039188385 0.4070945978164673
vt 0.25999999046325684 0.4117569923400879
vt 0.25999999046325684 0.8235140442848206
vt 0.25999999046325684 0.4117569923400879
vt 0.25999999046325684 0.8235140442848206
vt 0.27986761927604675 0.6197234392166138
vt 0.27986761927604675 0.6197234392166138
vt 0.25999999046325684 0.4117569923400879
vt 0.3386235535144806 0.4117569923400879
vt 0.25999999046325684 0.8235140442848206
vt 0.3386235535144806 0.4117569923400879
vt 0.25999999046325684 0.8235140442848206
vt 0.27986761927604675 0.6197234392166138
vt 0.3386235535144806 0.4117569923400879
vt 0.25999999046325684 0.4117569923400879
vt 0.25999999046325684 0.8235140442848206
vt 0.27986761927604675 0.6197234392166138
vt 0.27986761927604675 0.6197234392166138
vt 0.4142979383468628 0.40291881561279297
vt 0.4167133569717407 0.40291881561279297
vt 0.4124162793159485 0
vt 0.4142979383468628 0.40291881561279297
vt 0.4167133569717407 0.40291881561279297
vt 0.37740159034729004 0.6087972819805145
vt 0.4167133569717407 0.40291881561279297
vt 0.4124162793159485 0
vt 0.4142979383468628 0.40291881561279297
vt 0.37740159034729004 0.6087972819805145
vt 0.4142979383468628 0.40291881561279297
vt 0.37740159034729004 0.6087972819805145
vt 0.4167133569717407 0.40291881561279297
vt 0.37740159034729004 0.6087972819805145
vt 0.4124162793159485 0
vt 0.4142979383468628 0.40291881561279297
vt 0.4167133569717407 0.40291881561279297
vt 0.37740159034729004 0.6087972819805145
vt 0.375 0.9995005130767822
vt 0.375 0.9995005130767822
vt 0.41724711656570435 0
vt 0.2993117570877075 0.20587849617004395
vt 0.375 0.9995005130767822
vt 0.41724711656570435 0
vt 0.25999999046325684 0
vt 0.2993117570877075 0.20587849617004395
vt 0.41724711656570435 0
vt 0.2993117570877075 0.20587849617004395
vt 0.46781378984451294 0.20145940780639648
vt 0.46781378984451294 0.20145940780639648
vt 0.37793534994125366 0.20587849617004395
vt 0.31870079040527344 0.7161556482315063
vt 0.37793534994125366 0.20587849617004395
vt 0.31870079040527344 0.7161556482315063
vt 0.31870079040527344 0.7161556482315063
vt 0.31870079040527344 0.7161556482315063
vt 0.31870079040527344 0.7161556482315063
vt 0.37793534994125366 0.20587849617004395
vt 0.3096690773963928 0.7257945537567139
vt 0.3196028769016266 0.6238992512226105
vt 0.27986761927604675 0.20796644687652588
vt 0.3096690773963928 0.7257945537567139
vt 0.3096690773963928 0.7257945537567139
vt 0.375 0.9995005130767822
vt 0.46781378984451294 0.20145940780639648
vt 0.000999152660369873 0.3400000333786011
vt 0.7669550180435181 0
vt 0.9371310472488403 0.3400000333786011
vt 2.0017147064208984 0.3400000333786011
vt 1.6235461235046387 0
vt 1.5554676055908203 0.3400000333786011
vt 1.997459888458252 0
vt 0.000999152660369873 0
vt 0.7669550180435181 0.3400000333786011
vt 0.0009992122650146484 0
vt 0.9371311068534851 0.3400000333786011
vt 0.7669550776481628 0
vt 1.7607533931732178 0.17000001668930054
vt 1.524046778678894 0.3400000333786011
vt 1.9990010261535645 0.3400000333786011
vt 1.6235461235046387 0
vt 1.524046778678894 0.3400000333786011
vt 1.2305889129638672 0.3400000333786011
vt 0.000999152660369873 0.3400000333786011
vt 0.7669550776481628 0.3400000333786011
vt 0.0009992122650146484 0.3400000333786011
vt 1.5554676055908203 0.3400000333786011
vt 0.0009992122650146484 0.3400000333786011
vt 0.11154848337173462 0.5415838360786438
vt 0.0009992718696594238 0.9995006918907166
vt 0.0009992122650146484 0.5449869334697723
vt 1.1105492115020752 0.5415825247764587
vt 1.503117561340332 0.5458889007568359
vt 1.3326621055603027 0.6560614109039307
vt 2.75 0.9995003491640091
vt 2.7604024410247803 0.8863752484321594
vt 2.5 0.9995003640651703
vt 3.0208048820495605 0.7732501327991486
vt 3.6249146461486816 0.32074975967407227
vt 3.833219528198242 0.09449952840805054
vt 3.5624146461486816 0.32074975967407227
vt 1.027637243270874 0.8850201666355133
vt 1 0.9994993805885315
vt 0.8055244088172913 0.7705412805080414
vt 6 0.9995002746582031
vt 6.25 0.9995000660419464
vt 6.232098579406738 0.8893808722496033
vt 0.6146659851074219 0.08797335624694824
vt 1.0072342157363892 0.09227967262268066
vt 0.6663234233856201 0.3126247525215149
vt 1.2497501373291016 0.9994990527629852
vt 0.22209769487380981 0.08366698026657104
vt 0.22787439823150635 0.0005003213882446289
vt 7.517592430114746 0.33878374099731445
vt 7.580092430114746 0.33878374099731445
vt 7.856790065765381 0.1185450553894043
vt 7.3033952713012695 0.5590223670005798
vt 7.4283952713012695 0.5590222477912903
vt 7.455092430114746 0.33878380060195923
vt 7.1783952713012695 0.559022456407547
vt 7.392592430114746 0.338783860206604
vt 7.0533952713012695 0.5590225458145142
vt 1.7768878936767578 0.8850191831588745
vt 1.7492506504058838 0.9994983971118927
vt 1.5547749996185303 0.7705402970314026
vt 3.416609764099121 0.5469999313354492
vt 3.541609764099121 0.5469999313354492
vt 6.92963981628418 0.5006958246231079
vt 1.9990007877349854 0.9994980692863464
vt 5.3189496994018555 0.031021595001220703
vt 5.592844009399414 0.16957807540893555
vt 5.573792457580566 0.025939464569091797
vt 6.983615875244141 0.07274901866912842
vt 6.545783996582031 0.10817784070968628
vt 6.7377119064331055 0.3044368028640747
vt 6.518795967102051 0.322151243686676
vt 3.8333048820495605 0.7732501029968262
vt 3.666609764099121 0.5469999313354492
vt 3.5 0.9995003044605255
vt 1.4514600038528442 0.3212374448776245
vt 1.7923707962036133 0.10089242458343506
vt 3.916609764099121 0.5469999015331268
vt 4 0.9995002746582031
vt 5.678526878356934 0.6588995456695557
vt 5.3212890625 0.41749435663223267
vt 5.285525321960449 0.5166898965835571
vt 1.3998024463653564 0.09658604860305786
vt 5.357053279876709 0.3182988166809082
vt 5.749008655548096 0.3930191397666931
vt 5.909745216369629 0.5633195042610168
vt 5.819490432739258 0.12713873386383057
vt 7.5 0.9994990229606628
vt 7.75 0.9994988143444061
vt 7.6783952713012695 0.5590220391750336
vt 5.828634738922119 0.02085733413696289
vt 0.49612346291542053 0.5496874451637268
vt 0.1882571429014206 0.12150096893310547
vt 0.08370616286993027 0.5605007410049438
vt 1.7510591745376587 0.7726934850215912
vt 1.8956857919692993 0.5501952469348907
vt 4.4029541015625 0.6588994562625885
vt 4.064327239990234 0.5552749335765839
vt 0.5004996061325073 0.999500036239624
vt 0.181148961186409 0.770542100071907
vt 0.36129865050315857 0.5415835082530975
vt 7.160493850708008 0.44890326261520386
vt 7.42115592956543 0.0054476261138916016
vt 6.983031749725342 0.009003877639770508
vt 3.999485731124878 0.5393494367599487
vt 6.9283952713012695 0.5590226650238037
vt 4.128654956817627 0.1110495924949646
vt 0.48436641693115234 0.9995004832744598
vt 0.4438479542732239 0.769187331199646
vt -0.02084481716156006 0.9995005130767822
vt 6.839197635650635 0.7792611569166183
vt 6.75 0.999499648809433
vt 6.964197635650635 0.77926105260849
vt 4.805907726287842 0.3182986378669739
vt 4.467281341552734 0.21467411518096924
vt 0.8884363174438477 0.4271036386489868
vt 0.9085407257080078 0.5388741493225098
vt 4.5 0.9995002746582031
vt 4.79257869720459 0.8218311667442322
vt 4.54257869720459 0.8218311667442322
vt 5 0.9995002746582031
vt 5.16757869720459 0.8218311667442322
vt 5.04257869720459 0.8218311667442322
vt 5.08515739440918 0.6441620588302612
vt 4.938868045806885 0.7329966127872467
vt 6.776697635650635 0.7792612016201019
vt 6.5 0.9994998574256897
vt 0.5483989715576172 0.3301875591278076
vt 3.998971462249756 0.07919859886169434
vt 0.6006743907928467 0.11068767309188843
vt 3.402061939239502 0.058379173278808594
vt 3.825439453125 0.015684902667999268
vt 2.9747941493988037 0.061666250228881836
vt 4.440571308135986 0.7580950856208801
vt 2.1241488456726074 0.10764753818511963
vt 1.9992138147354126 0.09417986869812012
vt 2.0620744228363037 0.5535739660263062
vt 4.881142616271973 0.5166898965835571
vt 2.978684186935425 0.1010735034942627
vt 6.107951641082764 0.14360666275024414
vt 5.975569248199463 0.12181514501571655
vt 6.053976058959961 0.5715534687042236
vt 5.54257869720459 0.8218311667442322
vt 5.5 0.9995002746582031
vt 3.405951976776123 0.097786545753479
vt 1.0131754875183105 0.0005006790161132812
vt 1.0109585523605347 0.03937429189682007
vt 1.8379262685775757 0.0782477855682373
vt 3.25 0.9995003193616867
vt 3 0.9995003342628479
vt 3.291609764099121 0.5469999313354492
vt 1.2063829898834229 0.05069625377655029
vt 1.4026434421539307 0.05069613456726074
vt 1.012916088104248 0.0004999041557312012
vt 1.4054368734359741 0.000499725341796875
vt 1.010122537612915 0.050696372985839844
vt 0.6203952431678772 0.0005000829696655273
vt 2.6458048820495605 0.773250162601471
vt 2.25 0.9995003789663315
vt 2.6039183139801025 0.49372440576553345
vt 2.5203793048858643 0.3273237347602844
vt 2.291226863861084 0.4404488801956177
vt 2.916609764099121 0.5469999611377716
vt 2.489342212677002 0.5502869486808777
vt 2.687457323074341 0.6601250767707825
vt 2.4583048820495605 0.7732501775026321
vt 2.5833048820495605 0.7732501775026321
vt 3.041609764099121 0.5469999611377716
vt 3.2083048820495605 0.7732501327991486
vt 7.9283952713012695 0.5590218305587769
vt 7.991223335266113 0.09929245710372925
vt 3.4583048820495605 0.7732501327991486
vt 7.5533952713012695 0.5590221285820007
vt 7.25 0.9994992315769196
vt 0.23763930797576904 0.7745939791202545
vt 7.839197635650635 0.7792603224515915
vt 8 0.9994986057281494
vt 7.464197635650635 0.7792606353759766
vt 6.651697635650635 0.7792613059282303
vt 0.5996078252792358 0.08043766021728516
vt 7.026697635650635 0.7792610079050064
vt 7 0.9994994401931763
vt 0.5974746942520142 0.019937515258789062
vt 7.214197635650635 0.7792608439922333
vt 6.697229862213135 0.6253969371318817
vt 6.49180793762207 0.5361246466636658
vt 6.46481990814209 0.7500980496406555
vt 6.464197635650635 0.7792614698410034
vt 0.6110488176345825 0.5415831804275513
vt 0.7502498030662537 0.9994997084140778
vt 0.48617374897003174 0.5415833592414856
vt 0.5557742118835449 0.7705416083335876
vt 4.485945701599121 0.07103550434112549
vt 4.843236446380615 0.031021475791931152
vt 4.147863388061523 0.02054142951965332
vt 1.4995003938674927 0.999498724937439
vt 1.1801496744155884 0.770540788769722
vt 6.545491695404053 0.07630527019500732
vt 6.106783866882324 0.01611638069152832
vt 1.1611464023590088 0.5388741493225098
vt 1.3732335567474365 0.30856096744537354
vt 1.0130916833877563 0.09987437725067139
vt 1.6663575172424316 0.538874089717865
vt 1.625839114189148 0.30856096744537354
vt 1.4137519598007202 0.5388741195201874
vt 6.232409954071045 0.8747991621494293
vt 6.245903968811035 0.7678124606609344
vt 1.0552746057510376 0.7705409526824951
vt 0.9928370118141174 0.7705410420894623
vt 0.8607990145683289 0.541582852602005
vt 3.604067087173462 0.2076246738433838
vt 3.3749146461486816 0.32074975967407227
vt 5.5882720947265625 0.22271877527236938
vt 0.7359238862991333 0.5415830314159393
vt 0.47901079058647156 0.312624990940094
vt 7.859279632568359 0.0018913745880126953
vt 7.42144775390625 0.03732019662857056
vt 2.8958048820495605 0.7732501477003098
vt 0.5414483547210693 0.3126249313354492
vt 3.166609764099121 0.5469999313354492
vt 3.4374146461486816 0.32074975967407227
vt 0.9856742024421692 0.5415827035903931
vt 0.44421055912971497 0.19814586639404297
vt 1.842360258102417 0.0005005598068237305
vt 1.4277678728103638 0.0005006194114685059
vt 5.9713287353515625 0.6710337996482849
vt 5.942657470703125 0.3425673246383667
vt -0.02084481343626976 0.5449866354465485
vt 1.425508975982666 0.08906108140945435
vt 5.987784385681152 0.5606577098369598
vt -0.02084480971097946 0.0904727578163147
vt 1.9990005493164062 0.09929215908050537
vt 5.881073951721191 0.23485302925109863
vt 5.642762660980225 0.7580950856208801
vt 1.9189631938934326 0.538874089717865
vt 2 0.9995003938674927
vt 1.9996068477630615 0.5468401312828064
vt 2.549471378326416 0.08465689420700073
vt 2.5468883514404297 0.05817669630050659
vt 2.969627857208252 0.008705854415893555
vt 2.541722059249878 0.005216360092163086
vt 1.9990006685256958 0.5493951141834259
vt 2.8333048820495605 0.7732501477003098
vt 2.7708048820495605 0.773250162601471
vt 6.696296691894531 0.6691420674324036
vt 6.589197635650635 0.7792613655328751
vt 0.41657325625419617 0.31262505054473877
vt 0.3541357219219208 0.3126251697540283
vt 1.0829119682312012 0.6560617387294769
vt 0.000999152660369873 0.09047317504882812
vt 1.3050248622894287 0.7705406248569489
vt 1.5409563779830933 0.8277799040079117
vt 1.367462396621704 0.7705405503511429
vt 1.207787036895752 0.656061589717865
vt 0.930399477481842 0.7705411165952682
vt 7.995611667633057 0.5493955314159393
vt 0.7635612487792969 0.42710381746292114
vt 0.8193430304527283 0.7133016586303711
vt 1.3188434839248657 0.713301032781601
vt 2.5514163970947266 0.10436052083969116
vt 2.3277692794799805 0.0034716129302978516
vt 2.113816261291504 0.0017268061637878418
vt 3.397533655166626 0.012195348739624023
vt 7.642592430114746 0.3387836217880249
vt 4.813868045806885 0.7329966127872467
vt 4.307300567626953 0.09104251861572266
vt 4.265804290771484 0.38497447967529297
vt 0.5985831022262573 0.0005007386207580566
vt 0.18399079144001007 0.000500798225402832
vt 3.75 0.9995002895593643
vt 1.7979576587677002 0.0004994869232177734
vt 0.2507494390010834 0.9995003640651703
vt 4.271289348602295 0.9106657207012177
vt 5.25 0.9995002746582031
vt 1.4947888851165771 0.9995004236698151
vt 0.9895776510238647 0.9995004534721375
vt 0.8227564096450806 0.7691873162984848
vt 3.4999146461486816 0.32074975967407227
vt 1.2016648054122925 0.7691872864961624
vt 1.8331787586212158 0.7691872417926788
vt 7.3944597244262695 0.2512935996055603
vt 7.162049770355225 0.3759946823120117
vt 0.6964535713195801 0.7691873162984848
vt 1.4647002220153809 0.8850195929408073
vt 7.6268696784973145 0.1265925168991089
vt 2.2291524410247803 0.8863752856850624
vt 2.7495317459106445 0.21419858932495117
vt 1.4995362758636475 0.30856096744537354
vt 3.1457622051239014 0.43387484550476074
vt 6.544907569885254 0.012560129165649414
vt 0.6740413904190063 0.6164347529411316
vt 0.720354437828064 0.31561315059661865
vt 0.8335728645324707 0.19663262367248535
vt 1.915333867073059 2.7813881635665894
vt 1.5902559757232666 2.995328426361084
vt 1.5354430675506592 2.7852375507354736
vt 0.39741742610931396 2.35565984249115
vt 0.11470949649810791 2.1413793563842773
vt 0.26156938076019287 1.9808425903320312
vt 0.18121258914470673 1.4838274717330933
vt 0.1954469382762909 1.8758411407470703
vt 0.0014986395835876465 1.8732322454452515
vt 0.2860804796218872 1.0512880086898804
vt 0.3609265387058258 1.094422698020935
vt 0.4657944440841675 0.6618832051753998
vt 0.5706623196601868 0.2293437123298645
vt 2.8490614891052246 1.438784807920456
vt 2.9985013008117676 1.8635916709899902
vt 2.8214170932769775 1.836234211921692
vt 0.9995482563972473 2.7440866231918335
vt 1.3052605390548706 2.777898073196411
vt 1.2455412149429321 2.9985013008117676
vt 0.68012535572052 2.5699403285980225
vt 0.7535552978515625 2.4896719455718994
vt 2.5059103965759277 0.582331657409668
vt 2.274440288543701 0.3028385639190674
vt 2.4007415771484375 0.16436415910720825
vt 2.6996214389801025 1.0139779448509216
vt 2.611079216003418 1.0002991557121277
vt 2.5517866611480713 2.3009848594665527
vt 2.7515900135040283 2.029963970184326
vt 2.8905677795410156 2.1395673751831055
vt 2.2404117584228516 2.5674479007720947
vt 2.213005542755127 2.4624024629592896
vt 0.4579007029533386 1.0957271456718445
vt 0.617432177066803 0.6759250164031982
vt 0.514509916305542 1.0362368822097778
vt 1.8394798040390015 2.596419095993042
vt 1.781934142112732 2.5945842266082764
vt 2.1435165405273438 2.4076007604599
vt 1.874224305152893 2.6238200664520264
vt 1.200268030166626 0.21750450134277344
vt 1.0114221572875977 0.16143584251403809
vt 1.1892714500427246 0.12623906135559082
vt 1.0004255771636963 0.07017040252685547
vt 2.547928810119629 1.0695363879203796
vt 2.6846728324890137 1.4528852999210358
vt 2.35642671585083 1.4578361809253693
vt 2.716248035430908 1.4182666838169098
vt 0.07264409959316254 1.6677461862564087
vt 0.14378955960273743 1.462260127067566
vt 0.47084736824035645 2.275391459465027
vt 0.428371399641037 0.6403158605098724
vt 0.8115795850753784 0.014101803302764893
vt 1.1164358854293823 0.03984135389328003
vt 0.9628332853317261 2.784220814704895
vt 2.5654897689819336 2.3535076379776
vt 1.1953271627426147 1.9992631077766418
vt 1.2040555477142334 1.9750468730926514
vt 1.5065797567367554 2.0054032802581787
vt 1.7296168804168701 0.006892800331115723
vt 1.4212921857833862 0.06558090448379517
vt 1.4209551811218262 0.006892800331115723
vt 2.0284252166748047 2.4039310216903687
vt 1.6668429374694824 2.590914487838745
vt 2.5501813888549805 0.5891710519790649
vt 1.378117322921753 0.18230772018432617
vt 1.843470811843872 0.22338682413101196
vt 1.7052171230316162 0.23088157176971436
vt 1.7299537658691406 0.06829816102981567
vt 2.0493969917297363 0.10629642009735107
vt 2.177318572998047 0.0014986395835876465
vt 2.119978189468384 0.2083972692489624
vt 1.9788157939910889 0.004195570945739746
vt 1.7803130149841309 0.006892561912536621
vt 2.058955669403076 0.2631126642227173
vt 1.5669633150100708 0.23837637901306152
vt 1.4941277503967285 0.15197861194610596
vt 1.5756230354309082 0.06693953275680542
vt 1.648458480834961 0.1533372402191162
vt 1.2688640356063843 0.0527111291885376
vt 1.3699381351470947 0.006892800331115723
vt 2.0829381942749023 0.691138356924057
vt 1.8914361000061035 1.0794381499290466
vt 1.7546919584274292 0.6960892081260681
vt 0.857388973236084 0.6268706917762756
vt 1.6999340057373047 1.4677379131317139
vt 1.6041829586029053 1.661887764930725
vt 1.3716877698898315 1.472688764333725
vt 0.32667380571365356 1.4857841432094574
vt 0.27818673849105835 1.4851319193840027
vt 0.35497844219207764 1.456039011478424
vt 0.5406404733657837 0.7050179243087769
vt 1.8879274129867554 2.676342725753784
vt 2.4752509593963623 1.9269589185714722
vt 2.76051926612854 1.4251060783863068
vt 0.5236932039260864 1.8708902597427368
vt 0.8850007057189941 1.9184401035308838
vt 0.9015313386917114 1.944690465927124
vt 1.5084320306777954 1.856037676334381
vt 1.0294079780578613 2.6337850093841553
vt 0.7834149599075317 2.379370331764221
vt 0.5075623393058777 2.2352572679519653
vt 2.4427597522735596 0.6515688598155975
vt 0.5383260250091553 1.4664749503135681
vt 2.482297897338867 2.246183156967163
vt 1.2240842580795288 0.6477425694465637
vt 1.0288286209106445 0.42218756675720215
vt 0.7776232957839966 0.8367717564105988
vt 0.881205141544342 1.057108759880066
vt 0.7097655534744263 1.261791855096817
vt 1.2215123176574707 1.9266144037246704
vt 1.54149329662323 1.9085384011268616
vt 2.181455135345459 1.8723863363265991
vt 1.852745771408081 1.9146785736083984
vt 2.1639983654022217 1.9208187460899353
vt 1.8352890014648438 1.9631110429763794
vt 0.7835673689842224 1.6742649674415588
vt 0.687816321849823 1.86841481924057
vt 0.653630256652832 1.7725776433944702
vt 0.6194442510604858 1.6767404079437256
vt 1.6581127643585205 0.35683345794677734
vt 1.7438325881958008 0.254491925239563
vt 1.7492623329162598 0.47529053688049316
vt 1.5723930597305298 0.4591749906539917
vt 0.5410408973693848 1.5768742561340332
vt 0.7151952981948853 1.4825904965400696
vt 0.3668864965438843 1.6711580753326416
vt 1.3152337074279785 0.7661996632814407
vt 1.2295138835906982 0.8685412108898163
vt 1.5778226852416992 0.6799736618995667
vt 1.317948579788208 0.876598984003067
vt 1.48124361038208 0.3407179117202759
vt 1.3955237865447998 0.44305944442749023
vt 1.3836157321929932 0.22794044017791748
vt 1.2121760845184326 0.4326235055923462
vt 1.297895908355713 0.33028197288513184
vt 1.1145483255386353 0.3198460340499878
vt 1.0169204473495483 0.2070685625076294
vt 1.3555903434753418 2.584774374961853
vt 1.2251288890838623 2.485142469406128
vt 1.405920147895813 2.391650676727295
vt 1.4860517978668213 2.684406280517578
vt 0.8840745687484741 1.993122935295105
vt 1.3257884979248047 2.0988950729370117
vt 2.4403374195098877 2.0238237380981445
vt 2.2595462799072266 2.1173155307769775
vt 2.129084825515747 2.0176836252212524
vt 2.390007495880127 2.216947555541992
vt 2.209216356277466 2.310439348220825
vt 1.4562499523162842 2.198526978492737
vt 1.5867114067077637 2.298158884048462
vt 1.8476340770721436 2.497422695159912
vt 1.7171727418899536 2.397790789604187
vt 1.7675025463104248 2.204667091369629
vt 1.8178322315216064 2.0115435123443604
vt 1.7274367809295654 2.0582892894744873
vt 1.948293685913086 2.111175298690796
vt 2.0787549018859863 2.2108073234558105
vt 1.8979638814926147 2.3042991161346436
vt 0.5728219747543335 1.9869827628135681
vt 0.7032833695411682 2.086614727973938
vt 1.0946675539016724 2.385510563850403
vt 1.0443377494812012 2.578634262084961
vt 0.9642061591148376 2.2858786582946777
vt 1.1449973583221436 2.1923868656158447
vt 1.6315619945526123 1.2760634422302246
vt 1.6794373989105225 1.178988516330719
vt 1.467438817024231 1.2785388827323914
vt 1.5631898641586304 1.0843890011310577
vt 0.5567544102668762 1.9233909845352173
vt 0.8519394397735596 1.8659393787384033
vt 0.947690486907959 1.671789526939392
vt 1.0434415340423584 1.4776396453380585
vt 1.1118135452270508 1.6693140864372253
vt 0.40744560956954956 1.776290774345398
vt 0.8314428925514221 1.5771900415420532
vt 1.9261314868927002 0.49140608310699463
vt 2.0118513107299805 0.3890645503997803
vt 1.9207017421722412 0.27060747146606445
vt 1.6589409112930298 0.8902391046285629
vt 1.4948177337646484 0.8927145302295685
vt 1.2349436283111572 1.0893398523330688
vt 1.0526447296142578 0.8524256646633148
vt 1.795685052871704 1.2735880315303802
vt 2.0281803607940674 1.4627870619297028
vt 2.493170738220215 1.8411850929260254
vt 2.2606756687164307 1.6519860625267029
vt 2.1649246215820312 1.8461359739303589
vt 1.2759368419647217 1.6668386459350586
vt 1.1801857948303223 1.8609884977340698
vt 1.932429313659668 1.6569369435310364
vt 1.8366782665252686 1.8510868549346924
vt 2.123931407928467 1.2686371803283691
vt 2.219682455062866 1.0744872689247131
vt 2.3154335021972656 0.8803373724222183
vt 2.411184549331665 0.6861874759197235
vt 2.4475531578063965 2.218782424926758
vt 2.3021678924560547 1.9723212718963623
vt 2.4927077293395996 1.8785264492034912
vt 0.5224921703338623 2.1801064014434814
vt 0.5891275405883789 0.7056701481342316
vt 2.01456618309021 0.49946391582489014
vt 1.486673355102539 0.5615165531635284
vt 0.8866348266601562 1.2779074013233185
vt 0.9723545908927917 1.175565853714943
vt 0.9750694632530212 1.2859651744365692
vt 2.5889220237731934 1.6470351815223694
vt 1.3052818775177002 0.0959099531173706
vt 1.9249659776687622 0.13834774494171143
vt 0.11999999731779099 0.3255000114440918
vt 0.11999999731779099 0.6510000228881836
vt 0.05999999865889549 0.6510000228881836
vt 0.2199999988079071 0
vt 0.11999999731779099 0
vt 0.17000000178813934 0.6510000228881836
vt 0.11999999731779099 0
vt 0.11999999731779099 0.3255000114440918
vt 0.05999999865889549 0.6510000228881836
vt 0.11999999731779099 1.3020000457763672
vt 0.2199999988079071 1.3020000457763672
vt 0.33000001311302185 0.6510000228881836
vt 0.33000001311302185 0.9765000343322754
vt 0.22499999403953552 0.9765000343322754
vt 0.22499999403953552 0.6510000228881836
vt 0.33000001311302185 0.6510000228881836
vt 0.22499999403953552 0.9765000343322754
vt 0.11999999731779099 0
vt 0.33000001311302185 0
vt 0.747499942779541 0.14250004291534424
vt 0.997499942779541 0.14250004291534424
vt 0.997499942779541 0.3525000810623169
vt 0.2199999988079071 0
vt 0.11999999731779099 0
vt 0.17000000178813934 0.6510000228881836
vt 0.11999999731779099 0.3255000114440918
vt 0.11999999731779099 0.6510000228881836
vt 0.05999999865889549 0.6510000228881836
vt 0.11999999731779099 1.3020000457763672
vt 0.2199999988079071 1.3020000457763672
vt 0.11999999731779099 1.3020000457763672
vt 0.11999999731779099 1.3020000457763672
vt 0.2199999988079071 0
vt 0.17000000178813934 0.6510000228881836
vt 0.2199999988079071 0.6510000228881836
vt 0.2199999988079071 1.3020000457763672
vt 0.17000000178813934 0.6510000228881836
vt 0.14499999582767487 0.9765000343322754
vt 0.19499999284744263 0.9765000343322754
vt 0.747499942779541 0.002499997615814209
vt 0.997499942779541 0.0025000572204589844
vt 0.997499942779541 0.14250004291534424
vt 0.747499942779541 0.14250004291534424
vt 0.11999999731779099 0
vt 0.11999999731779099 1.3020000457763672
vt 0.11999999731779099 0.6510000228881836
vt 0.2750000059604645 0.6510000228881836
vt 0.30250000953674316 0.9765000343322754
vt 0.11999999731779099 1.3020000457763672
vt 0.8639326095581055 0.18837833404541016
vt 0.7644242644309998 0.1920686960220337
vt 0.8467788696289062 0.10444211959838867
vt 0.33000001311302185 0
vt 0.9974998831748962 0.502500057220459
vt 0.7474998831748962 0.502500057220459
vt 0.747499942779541 0.3525000214576721
vt 0.8810863494873047 0.27231448888778687
vt 0.9291334748268127 0.016815483570098877
vt 0.33000001311302185 0.9765000343322754
vt 0.33000001311302185 1.1392500400543213
vt 0.22499999403953552 0.6510000228881836
vt 0.22499999403953552 0.9765000343322754
vt 0.11999999731779099 1.3020000457763672
vt 0.33000001311302185 0.6510000228881836
vt 0.11999999731779099 0.9765000343322754
vt 0.22499999403953552 0.6510000228881836
vt 0.11999999731779099 1.1392500400543213
vt 0 0
vt 0.11999999731779099 0
vt 0 0.6510000228881836
vt 0 1.3020000457763672
vt 0.997499942779541 0.3525000810623169
vt 0.33000001311302185 0.9765000343322754
vt 0 1.3020000457763672
vt 0 0.9765000343322754
vt 0.029999999329447746 0.9765000343322754
vt 0 1.3020000457763672
vt 0.05999999865889549 0.6510000228881836
vt 0.05999999865889549 0.9765000343322754
vt 0.11999999731779099 0.6510000228881836
vt 0.11999999731779099 0.9765000343322754
vt 0.22499999403953552 0.6510000228881836
vt 0.11999999731779099 1.1392500400543213
vt 0.33000001311302185 1.3020000457763672
vt 0.11999999731779099 1.3020000457763672
vt 0.11999999731779099 0.9765000343322754
vt 0.11999999731779099 1.1392500400543213
vt 0 1.3020000457763672
vt 0.20749999582767487 1.1392500400543213
vt 0.2199999988079071 1.3020000457763672
vt 0.11999999731779099 0.3255000114440918
vt 0.11999999731779099 0.9765000343322754
vt 0.22499999403953552 0.6510000228881836
vt 0.11999999731779099 1.1392500400543213
vt 0.11999999731779099 1.3020000457763672
vt 0.33000001311302185 0.9765000343322754
vt 0.2750000059604645 0.6510000228881836
vt 0.30250000953674316 0.9765000343322754
vt 0 1.3020000457763672
vt 0 0
vt 0.11999999731779099 0
vt 0 0.6510000228881836
vt 0.30250000953674316 0.9765000343322754
vt 0.33000001311302185 1.1392500400543213
vt 0.05999999865889549 0.9765000343322754
vt 0.11999999731779099 0.6510000228881836
vt 0.2750000059604645 0.6510000228881836
vt 0.11999999731779099 1.3020000457763672
vt 0.747499942779541 0.3525000214576721
vt 0.2199999988079071 0.9765000343322754
vt 0.9974998831748962 0.502500057220459
vt 0.7474998831748962 0.502500057220459
vt 0.33000001311302185 1.3020000457763672
vt 0.2199999988079071 0.6510000228881836
vt 0.7462332844734192 0.3160606026649475
vt 0.781760036945343 0.2134624719619751
vt 0.8214071989059448 0.359544038772583
vt 0 0.6510000228881836
vt 0.747499942779541 0.002499997615814209
vt 0.997499942779541 0.0025000572204589844
vt 0 0
vt 0 0.6510000228881836
vt 0.8553667068481445 0.21251261234283447
vt 0.8667093515396118 0.30422133207321167
vt 0.11999999731779099 0.9765000343322754
vt 0.14499999582767487 0.9765000343322754
vt 0.17000000178813934 0.6510000228881836
vt 0.33000001311302185 0.6510000228881836
vt 0.33000001311302185 0
vt 0.19499999284744263 0.9765000343322754
vt 0.11999999731779099 0.6510000228881836
vt 0.05999999865889549 0.6510000228881836
vt 0.11999999731779099 0
vt 0 0
vt 0.029999999329447746 0.3255000114440918
vt 0 0.3255000114440918
vt 0 0
vt 0 0.6510000228881836
vt 0.33000001311302185 0
vt 0.747499942779541 0.3525000214576721
vt 0.747499942779541 0.14250004291534424
vt 0.997499942779541 0.14250004291534424
vt 0.2750000059604645 0.6510000228881836
vt 0.2199999988079071 0.9765000343322754
vt 0.20749999582767487 1.1392500400543213
vt 0.2199999988079071 1.3020000457763672
vt 0.11999999731779099 0.6510000228881836
vt 0.33000001311302185 0
vt 0.05999999865889549 0.6510000228881836
vt 0.30250000953674316 0.9765000343322754
vt 0.11999999731779099 0.3255000114440918
vt 0.05999999865889549 0.6510000228881836
vt 0.997499942779541 0.3525000810623169
vt 0.747499942779541 0.002499997615814209
vt 0.997499942779541 0.0025000572204589844
vt 0.2199999988079071 0
vt 0.2199999988079071 0.6510000228881836
vt 0.9974998831748962 0.502500057220459
vt 0.7474998831748962 0.502500057220459
vt 0.2475000023841858 0.3255000114440918
vt 0.11999999731779099 0
vt 0.14499999582767487 0.3255000114440918
vt 0.2475000023841858 0.9765000343322754
vt 0.2199999988079071 0
vt 0.3162500262260437 1.1392500400543213
vt 0.11999999731779099 0
vt 0.11999999731779099 0.6510000228881836
vt 0.14499999582767487 0.3255000114440918
vt 0.22499999403953552 0.9765000343322754
vt 0.33000001311302185 0.9765000343322754
vt 0.33000001311302185 0.3255000114440918
vt 0.33000001311302185 0.6510000228881836
vt 0.14499999582767487 0.3255000114440918
vt 0.33000001311302185 1.1392500400543213
vt 0.33000001311302185 1.3020000457763672
vt 0.30250000953674316 0.9765000343322754
vt 0.8046422004699707 0.7444045543670654
vt 0.8491051197052002 0.7469164133071899
vt 0.8242827653884888 0.8114750385284424
vt 0.33000001311302185 0.3255000114440918
vt 0.33000001311302185 1.1392500400543213
vt 0.2475000023841858 0.3255000114440918
vt 0.7771320343017578 0.49220937490463257
vt 0.8000100255012512 0.42614030838012695
vt 0.881742000579834 0.42723965644836426
vt 0.7850015759468079 0.6773340702056885
vt 0.8739275336265564 0.6823577880859375
vt 0.33000001311302185 0.3255000114440918
vt 0.76176917552948 0.7632013559341431
vt 0.33000001311302185 0.3255000114440918
vt 0.2199999988079071 0.9765000343322754
vt 0.8646953105926514 0.4864802360534668
vt 0.9095438718795776 0.47808265686035156
vt 0.847648561000824 0.5457208752632141
vt 0.2750000059604645 0.6510000228881836
vt 0.05999999865889549 0.6510000228881836
vt 0.3162500262260437 1.1392500400543213
vt 0.33000001311302185 1.3020000457763672
vt 0.2475000023841858 0.9765000343322754
vt 0.11999999731779099 0.9765000343322754
vt 0.2475000023841858 0.9765000343322754
vt 0.3162500262260437 1.1392500400543213
vt 0.33000001311302185 1.3020000457763672
vt 0.33000001311302185 1.1392500400543213
vt 0.2475000023841858 0.3255000114440918
vt 0.33000001311302185 0.3255000114440918
vt 0.2475000023841858 0.3255000114440918
vt 0.2199999988079071 0.6510000228881836
vt 0.05999999865889549 0.6510000228881836
vt 0.11999999731779099 0.6510000228881836
vt 0.05999999865889549 0.6510000228881836
vt 0.11999999731779099 0.6510000228881836
vt 0.3162500262260437 1.1392500400543213
vt 0.2475000023841858 0.9765000343322754
vt 0.3162500262260437 1.1392500400543213
vt 0.2475000023841858 0.3255000114440918
vt 0.2199999988079071 0.6510000228881836
vt 0.805064857006073 0.018477439880371094
vt 0.2199999988079071 0.9765000343322754
vt 0.2475000023841858 0.9765000343322754
vt 0.747499942779541 0.3525000214576721
vt 0.747499942779541 0.14250004291534424
vt 0.997499942779541 0.14250004291534424
vt 0.997499942779541 0.3525000810623169
vt 0.8952885866165161 0.7641070485115051
vt 1 0.19999998807907104
vt 1 0.3675268888473511
vt 0.800000011920929 0.19999998807907104
vt 0.800000011920929 0.3685201406478882
vt 1 0.5503609776496887
vt 0.9974998831748962 0.502500057220459
vt 0.7474998831748962 0.502500057220459
vt 0.747499942779541 0.002499997615814209
vt 0.997499942779541 0.0025000572204589844
vt 0.800000011920929 0.5394899249076843
vt 0.8943933248519897 0.10224837064743042
vt 0.8168097734451294 0.15338784456253052
vt 0.7538456320762634 0.10363179445266724
vt 0.7870838642120361 0.01313406229019165
vt 0.8673908114433289 0.02549886703491211
vt 0.9704717993736267 0.1561216115951538
vt 0.800000011920929 -0.001737356185913086
vt 1 -0.0020356178283691406
g IntHouseFBottom040
s 1
f 1/1/1 2/2/2 3/3/3
f 4/4/4 5/5/5 6/6/6
f 7/7/7 8/8/8 9/9/9
f 7/7/7 10/10/10 8/8/8
f 8/8/8 10/10/10 11/11/11
f 9/9/9 8/8/8 11/11/11
f 12/12/12 13/13/13 14/14/14
f 12/12/12 15/15/15 13/13/13
f 13/13/13 15/15/15 3/3/3
f 14/14/14 13/13/13 3/3/3
f 16/16/16 17/17/17 18/18/18
f 16/16/16 19/19/19 17/17/17
f 17/17/17 19/19/19 20/20/20
f 21/21/21 22/22/22 23/23/23
f 18/18/18 17/17/17 20/20/20
f 24/24/24 25/25/25 26/26/26
f 27/27/27 28/28/28 29/29/29
f 24/24/24 30/30/30 25/25/25
f 25/25/25 30/30/30 31/31/31
f 26/26/26 25/25/25 31/31/31
f 32/32/32 33/33/33 34/34/34
f 22/22/22 35/35/35 36/36/36
f 37/37/37 38/38/38 39/39/39
f 37/37/37 40/40/40 38/38/38
f 28/28/28 41/41/41 42/42/42
f 40/40/40 20/20/20 38/38/38
f 38/38/38 20/20/20 39/39/39
f 43/43/43 44/44/44 7/7/7
f 45/45/45 46/46/46 2/2/2
f 45/45/45 47/47/47 46/46/46
f 47/47/47 3/3/3 46/46/46
f 46/46/46 3/3/3 2/2/2
f 48/48/48 49/49/49 50/50/50
f 51/51/51 52/52/52 53/53/53
f 50/50/50 54/54/54 55/55/55
f 51/51/51 56/56/56 52/52/52
f 56/56/56 31/31/31 52/52/52
f 41/41/41 57/57/57 58/58/58
f 52/52/52 31/31/31 53/53/53
f 33/33/33 59/59/59 45/45/45
f 60/60/60 51/51/51 53/53/53
f 60/60/60 61/61/61 51/51/51
f 35/35/35 62/62/62 61/61/61
f 61/61/61 56/56/56 51/51/51
f 63/63/63 48/48/48 64/64/64
f 58/58/58 40/40/40 37/37/37
f 64/64/64 55/55/55 65/65/65
f 66/66/66 37/37/37 39/39/39
f 67/67/67 43/43/43 68/68/68
f 66/66/66 58/58/58 37/37/37
f 68/68/68 69/69/69 70/70/70
f 68/68/68 71/71/71 69/69/69
f 71/71/71 11/11/11 69/69/69
f 69/69/69 11/11/11 70/70/70
f 35/35/35 61/61/61 60/60/60
f 36/36/36 35/35/35 60/60/60
f 36/36/36 60/60/60 53/53/53
f 72/72/72 68/68/68 70/70/70
f 67/67/67 68/68/68 72/72/72
f 73/73/73 67/67/67 72/72/72
f 73/73/73 72/72/72 70/70/70
f 68/68/68 43/43/43 71/71/71
f 41/41/41 58/58/58 66/66/66
f 42/42/42 41/41/41 66/66/66
f 42/42/42 66/66/66 39/39/39
f 61/61/61 62/62/62 56/56/56
f 74/74/74 64/64/64 65/65/65
f 63/63/63 64/64/64 74/74/74
f 75/75/75 63/63/63 74/74/74
f 76/76/76 45/45/45 2/2/2
f 33/33/33 45/45/45 76/76/76
f 34/34/34 33/33/33 76/76/76
f 34/34/34 76/76/76 2/2/2
f 45/45/45 59/59/59 47/47/47
f 58/58/58 57/57/57 40/40/40
f 40/40/40 57/57/57 77/77/77
f 40/40/40 77/77/77 20/20/20
f 56/56/56 62/62/62 78/78/78
f 56/56/56 78/78/78 31/31/31
f 78/78/78 24/24/24 26/26/26
f 78/78/78 26/26/26 31/31/31
f 79/79/79 50/50/50 55/55/55
f 48/48/48 50/50/50 79/79/79
f 64/64/64 48/48/48 79/79/79
f 64/64/64 79/79/79 55/55/55
f 47/47/47 59/59/59 80/80/80
f 47/47/47 80/80/80 3/3/3
f 77/77/77 16/16/16 18/18/18
f 77/77/77 18/18/18 20/20/20
f 80/80/80 12/12/12 14/14/14
f 80/80/80 14/14/14 3/3/3
f 43/43/43 7/7/7 81/81/81
f 71/71/71 43/43/43 81/81/81
f 71/71/71 81/81/81 11/11/11
f 81/81/81 7/7/7 9/9/9
f 81/81/81 9/9/9 11/11/11
f 22/22/22 36/36/36 82/82/82
f 23/23/23 22/22/22 82/82/82
f 23/23/23 82/82/82 83/83/83
f 28/28/28 42/42/42 84/84/84
f 29/29/29 28/28/28 84/84/84
f 29/29/29 84/84/84 85/85/85
f 84/84/84 42/42/42 86/86/86
f 84/84/84 86/86/86 85/85/85
f 82/82/82 36/36/36 87/87/87
f 82/82/82 87/87/87 83/83/83
f 32/32/32 34/34/34 88/88/88
f 89/89/89 88/88/88 90/90/90
f 91/91/91 6/6/6 92/92/92
f 93/93/93 2/2/2 90/90/90
f 34/34/34 2/2/2 93/93/93
f 88/88/88 34/34/34 93/93/93
f 88/88/88 93/93/93 90/90/90
f 94/94/94 95/95/95 96/96/96
f 97/97/97 65/65/65 96/96/96
f 95/95/95 75/75/75 97/97/97
f 95/95/95 97/97/97 96/96/96
f 6/6/6 73/73/73 98/98/98
f 6/6/6 98/98/98 92/92/92
f 7/7/7 44/44/44 99/99/99
f 7/7/7 99/99/99 10/10/10
f 21/21/21 23/23/23 100/100/100
f 24/24/24 101/101/101 102/102/102
f 24/24/24 102/102/102 30/30/30
f 103/103/103 91/91/91 104/104/104
f 103/103/103 104/104/104 10/10/10
f 27/27/27 29/29/29 105/105/105
f 16/16/16 106/106/106 107/107/107
f 16/16/16 107/107/107 19/19/19
f 105/105/105 29/29/29 108/108/108
f 105/105/105 108/108/108 19/19/19
f 50/50/50 49/49/49 109/109/109
f 50/50/50 109/109/109 54/54/54
f 100/100/100 23/23/23 110/110/110
f 100/100/100 110/110/110 30/30/30
f 111/111/111 94/94/94 112/112/112
f 111/111/111 112/112/112 54/54/54
f 12/12/12 113/113/113 114/114/114
f 12/12/12 114/114/114 15/15/15
f 115/115/115 89/89/89 116/116/116
f 115/115/115 116/116/116 15/15/15
f 117/117/117 30/30/30 83/83/83
f 117/117/117 31/31/31 30/30/30
f 117/117/117 53/53/53 31/31/31
f 117/117/117 83/83/83 53/53/53
f 118/118/118 19/19/19 85/85/85
f 118/118/118 20/20/20 19/19/19
f 118/118/118 39/39/39 20/20/20
f 118/118/118 85/85/85 39/39/39
f 119/119/119 4/4/4 120/120/120
f 121/121/121 10/10/10 92/92/92
f 121/121/121 11/11/11 10/10/10
f 121/121/121 70/70/70 11/11/11
f 121/121/121 92/92/92 70/70/70
f 91/91/91 120/120/120 6/6/6
f 120/120/120 4/4/4 6/6/6
f 122/122/122 123/123/123 124/124/124
f 94/94/94 124/124/124 95/95/95
f 124/124/124 123/123/123 95/95/95
f 125/125/125 32/32/32 126/126/126
f 89/89/89 126/126/126 88/88/88
f 126/126/126 32/32/32 88/88/88
f 127/127/127 101/101/101 24/24/24
f 62/62/62 101/101/101 127/127/127
f 62/62/62 127/127/127 78/78/78
f 127/127/127 24/24/24 78/78/78
f 128/128/128 113/113/113 12/12/12
f 59/59/59 113/113/113 128/128/128
f 59/59/59 128/128/128 80/80/80
f 1/1/1 15/15/15 90/90/90
f 1/1/1 3/3/3 15/15/15
f 5/5/5 73/73/73 6/6/6
f 129/129/129 94/94/94 111/111/111
f 5/5/5 67/67/67 73/73/73
f 129/129/129 124/124/124 94/94/94
f 122/122/122 124/124/124 129/129/129
f 110/110/110 130/130/130 30/30/30
f 130/130/130 83/83/83 30/30/30
f 23/23/23 83/83/83 130/130/130
f 23/23/23 130/130/130 110/110/110
f 125/125/125 131/131/131 115/115/115
f 131/131/131 89/89/89 115/115/115
f 131/131/131 126/126/126 89/89/89
f 125/125/125 126/126/126 131/131/131
f 116/116/116 132/132/132 15/15/15
f 132/132/132 90/90/90 15/15/15
f 89/89/89 90/90/90 132/132/132
f 89/89/89 132/132/132 116/116/116
f 112/112/112 133/133/133 54/54/54
f 133/133/133 96/96/96 54/54/54
f 94/94/94 96/96/96 133/133/133
f 94/94/94 133/133/133 112/112/112
f 122/122/122 129/129/129 111/111/111
f 29/29/29 134/134/134 108/108/108
f 29/29/29 85/85/85 134/134/134
f 134/134/134 85/85/85 19/19/19
f 108/108/108 134/134/134 19/19/19
f 91/91/91 135/135/135 104/104/104
f 91/91/91 92/92/92 135/135/135
f 135/135/135 92/92/92 10/10/10
f 104/104/104 135/135/135 10/10/10
f 119/119/119 120/120/120 136/136/136
f 136/136/136 120/120/120 91/91/91
f 136/136/136 91/91/91 103/103/103
f 119/119/119 136/136/136 103/103/103
f 73/73/73 137/137/137 98/98/98
f 73/73/73 70/70/70 137/137/137
f 137/137/137 70/70/70 92/92/92
f 98/98/98 137/137/137 92/92/92
f 75/75/75 74/74/74 138/138/138
f 138/138/138 74/74/74 65/65/65
f 138/138/138 65/65/65 97/97/97
f 75/75/75 138/138/138 97/97/97
f 123/123/123 63/63/63 139/139/139
f 139/139/139 63/63/63 75/75/75
f 139/139/139 75/75/75 95/95/95
f 123/123/123 139/139/139 95/95/95
f 36/36/36 140/140/140 87/87/87
f 36/36/36 53/53/53 140/140/140
f 140/140/140 53/53/53 83/83/83
f 87/87/87 140/140/140 83/83/83
f 42/42/42 141/141/141 86/86/86
f 42/42/42 39/39/39 141/141/141
f 141/141/141 39/39/39 85/85/85
f 86/86/86 141/141/141 85/85/85
f 4/4/4 67/67/67 5/5/5
f 142/142/142 96/96/96 65/65/65
f 142/142/142 65/65/65 55/55/55
f 142/142/142 55/55/55 54/54/54
f 142/142/142 54/54/54 96/96/96
f 143/143/143 16/16/16 77/77/77
f 57/57/57 143/143/143 77/77/77
f 57/57/57 106/106/106 143/143/143
f 143/143/143 106/106/106 16/16/16
f 1/1/1 90/90/90 2/2/2
f 128/128/128 12/12/12 80/80/80
g IntHouseFBottom041
s 1
f 144/144/144 145/145/145 146/146/146
f 147/147/147 148/148/148 149/149/149
f 148/148/148 147/147/147 150/150/150
f 151/151/151 152/152/152 145/145/145
f 148/148/148 146/146/146 145/145/145
f 153/153/153 154/154/154 155/155/155
f 156/156/156 157/157/157 148/148/148
f 158/158/158 159/159/159 160/160/160
f 161/161/161 148/148/148 157/157/157
f 152/152/152 151/151/151 162/162/162
f 146/146/146 148/148/148 161/161/161
f 145/145/145 149/149/149 148/148/148
f 149/149/149 145/145/145 152/152/152
f 159/159/159 163/163/163 155/155/155
f 160/160/160 155/155/155 154/154/154
f 155/155/155 160/160/160 159/159/159
f 164/164/164 155/155/155 163/163/163
f 150/150/150 165/165/165 159/159/159
f 145/145/145 144/144/144 151/151/151
f 163/163/163 159/159/159 165/165/165
f 159/159/159 158/158/158 150/150/150
f 155/155/155 164/164/164 153/153/153
f 154/154/154 153/153/153 166/166/166
f 150/150/150 156/156/156 148/148/148
f 157/157/157 156/156/156 158/158/158
f 156/156/156 150/150/150 158/158/158
f 165/165/165 150/150/150 147/147/147
g IntHouseFBottom042
s 1
f 167/167/167 168/168/168 169/169/169
f 170/170/170 171/171/171 172/172/172
f 173/173/173 174/174/174 175/175/175
f 173/173/173 176/176/176 174/174/174
f 177/177/177 178/178/178 179/179/179
f 180/180/180 181/181/181 182/182/182
f 183/183/183 184/184/184 185/185/185
f 186/186/186 187/187/187 188/188/188
f 189/189/189 181/181/181 180/180/180
f 190/190/190 191/191/191 186/186/186
f 186/186/186 191/191/191 187/187/187
f 192/192/192 193/193/193 194/194/194
f 192/192/192 195/195/195 193/193/193
f 195/195/195 196/196/196 193/193/193
f 197/197/197 192/192/192 194/194/194
f 197/197/197 198/198/198 192/192/192
f 198/198/198 195/195/195 192/192/192
f 199/199/199 197/197/197 194/194/194
f 199/199/199 200/200/200 197/197/197
f 200/200/200 198/198/198 197/197/197
f 201/201/201 202/202/202 203/203/203
f 204/204/204 177/177/177 179/179/179
f 205/205/205 177/177/177 204/204/204
f 205/205/205 178/178/178 177/177/177
f 194/194/194 206/206/206 199/199/199
f 207/207/207 202/202/202 201/201/201
f 208/208/208 209/209/209 210/210/210
f 211/211/211 212/212/212 213/213/213
f 211/211/211 213/213/213 206/206/206
f 213/213/213 214/214/214 206/206/206
f 212/212/212 214/214/214 213/213/213
f 215/215/215 216/216/216 217/217/217
f 218/218/218 219/219/219 171/171/171
f 215/215/215 220/220/220 216/216/216
f 221/221/221 220/220/220 215/215/215
f 222/222/222 223/223/223 224/224/224
f 225/225/225 219/219/219 218/218/218
f 222/222/222 226/226/226 223/223/223
f 222/222/222 227/227/227 226/226/226
f 228/228/228 229/229/229 227/227/227
f 228/228/228 227/227/227 222/222/222
f 230/230/230 231/231/231 232/232/232
f 225/225/225 218/218/218 170/170/170
f 210/210/210 209/209/209 233/233/233
f 234/234/234 235/235/235 236/236/236
f 237/237/237 238/238/238 207/207/207
f 239/239/239 240/240/240 221/221/221
f 241/241/241 242/242/242 243/243/243
f 171/171/171 238/238/238 237/237/237
f 244/244/244 200/200/200 199/199/199
f 245/245/245 246/246/246 211/211/211
f 240/240/240 247/247/247 221/221/221
f 248/248/248 200/200/200 244/244/244
f 243/243/243 242/242/242 167/167/167
f 242/242/242 168/168/168 167/167/167
f 249/249/249 247/247/247 240/240/240
f 203/203/203 171/171/171 237/237/237
f 250/250/250 251/251/251 252/252/252
f 253/253/253 254/254/254 255/255/255
f 256/256/256 257/257/257 239/239/239
f 258/258/258 187/187/187 170/170/170
f 259/259/259 234/234/234 251/251/251
f 260/260/260 261/261/261 262/262/262
f 263/263/263 261/261/261 260/260/260
f 188/188/188 187/187/187 258/258/258
f 244/244/244 206/206/206 248/248/248
f 233/233/233 209/209/209 229/229/229
f 199/199/199 206/206/206 244/244/244
f 208/208/208 226/226/226 209/209/209
f 264/264/264 265/265/265 263/263/263
f 264/264/264 266/266/266 265/265/265
f 265/265/265 266/266/266 267/267/267
f 268/268/268 269/269/269 253/253/253
f 263/263/263 265/265/265 267/267/267
f 200/200/200 268/268/268 253/253/253
f 259/259/259 270/270/270 234/234/234
f 270/270/270 235/235/235 234/234/234
f 220/220/220 247/247/247 271/271/271
f 220/220/220 221/221/221 247/247/247
f 272/272/272 235/235/235 270/270/270
f 249/249/249 271/271/271 247/247/247
f 273/273/273 274/274/274 275/275/275
f 276/276/276 239/239/239 221/221/221
f 277/277/277 278/278/278 279/279/279
f 280/280/280 239/239/239 276/276/276
f 262/262/262 280/280/280 276/276/276
f 281/281/281 273/273/273 275/275/275
f 282/282/282 283/283/283 284/284/284
f 216/216/216 178/178/178 205/205/205
f 285/285/285 266/266/266 286/286/286
f 183/183/183 285/285/285 286/286/286
f 287/287/287 273/273/273 281/281/281
f 285/285/285 224/224/224 266/266/266
f 288/288/288 289/289/289 290/290/290
f 291/291/291 205/205/205 204/204/204
f 287/287/287 274/274/274 273/273/273
f 292/292/292 293/293/293 176/176/176
f 292/292/292 176/176/176 173/173/173
f 294/294/294 295/295/295 219/219/219
f 294/294/294 296/296/296 295/295/295
f 296/296/296 297/297/297 295/295/295
f 295/295/295 297/297/297 219/219/219
f 298/298/298 294/294/294 219/219/219
f 298/298/298 299/299/299 294/294/294
f 299/299/299 296/296/296 294/294/294
f 175/175/175 300/300/300 301/301/301
f 302/302/302 303/303/303 304/304/304
f 305/305/305 303/303/303 302/302/302
f 305/305/305 302/302/302 306/306/306
f 302/302/302 304/304/304 306/306/306
f 307/307/307 306/306/306 308/308/308
f 305/305/305 306/306/306 307/307/307
f 309/309/309 305/305/305 307/307/307
f 309/309/309 307/307/307 308/308/308
f 300/300/300 310/310/310 305/305/305
f 291/291/291 204/204/204 311/311/311
f 291/291/291 311/311/311 292/292/292
f 232/232/232 312/312/312 194/194/194
f 292/292/292 311/311/311 293/293/293
f 311/311/311 204/204/204 293/293/293
f 194/194/194 312/312/312 313/313/313
f 217/217/217 216/216/216 314/314/314
f 217/217/217 314/314/314 291/291/291
f 314/314/314 205/205/205 291/291/291
f 216/216/216 205/205/205 314/314/314
f 315/315/315 232/232/232 194/194/194
f 225/225/225 298/298/298 219/219/219
f 196/196/196 316/316/316 315/315/315
f 225/225/225 191/191/191 298/298/298
f 191/191/191 299/299/299 298/298/298
f 183/183/183 228/228/228 222/222/222
f 272/272/272 270/270/270 259/259/259
f 317/317/317 236/236/236 252/252/252
f 232/232/232 318/318/318 312/312/312
f 318/318/318 319/319/319 312/312/312
f 231/231/231 319/319/319 318/318/318
f 231/231/231 318/318/318 232/232/232
f 320/320/320 230/230/230 232/232/232
f 316/316/316 230/230/230 320/320/320
f 316/316/316 320/320/320 315/315/315
f 320/320/320 232/232/232 315/315/315
f 234/234/234 236/236/236 317/317/317
f 184/184/184 269/269/269 321/321/321
f 251/251/251 234/234/234 317/317/317
f 248/248/248 321/321/321 200/200/200
f 272/272/272 322/322/322 235/235/235
f 269/269/269 254/254/254 253/253/253
f 272/272/272 289/289/289 322/322/322
f 200/200/200 253/253/253 198/198/198
f 323/323/323 324/324/324 195/195/195
f 254/254/254 324/324/324 323/323/323
f 289/289/289 325/325/325 322/322/322
f 198/198/198 323/323/323 195/195/195
f 326/326/326 316/316/316 196/196/196
f 324/324/324 316/316/316 326/326/326
f 195/195/195 324/324/324 326/326/326
f 195/195/195 326/326/326 196/196/196
f 322/322/322 325/325/325 235/235/235
f 327/327/327 328/328/328 329/329/329
f 206/206/206 328/328/328 327/327/327
f 330/330/330 206/206/206 327/327/327
f 331/331/331 332/332/332 333/333/333
f 330/330/330 327/327/327 329/329/329
f 334/334/334 241/241/241 243/243/243
f 332/332/332 241/241/241 334/334/334
f 335/335/335 336/336/336 337/337/337
f 332/332/332 334/334/334 333/333/333
f 334/334/334 243/243/243 333/333/333
f 256/256/256 336/336/336 335/335/335
f 338/338/338 189/189/189 339/339/339
f 182/182/182 332/332/332 331/331/331
f 181/181/181 332/332/332 182/182/182
f 340/340/340 341/341/341 282/282/282
f 211/211/211 246/246/246 340/340/340
f 342/342/342 343/343/343 259/259/259
f 343/343/343 344/344/344 259/259/259
f 345/345/345 290/290/290 346/346/346
f 345/345/345 346/346/346 347/347/347
f 347/347/347 346/346/346 342/342/342
f 251/251/251 317/317/317 252/252/252
f 348/348/348 349/349/349 183/183/183
f 329/329/329 349/349/349 348/348/348
f 185/185/185 329/329/329 348/348/348
f 185/185/185 348/348/348 183/183/183
f 350/350/350 189/189/189 351/351/351
f 352/352/352 350/350/350 351/351/351
f 339/339/339 350/350/350 352/352/352
f 353/353/353 287/287/287 354/354/354
f 178/178/178 287/287/287 353/353/353
f 227/227/227 355/355/355 226/226/226
f 310/310/310 353/353/353 354/354/354
f 356/356/356 331/331/331 357/357/357
f 358/358/358 245/245/245 359/359/359
f 187/187/187 225/225/225 170/170/170
f 187/187/187 191/191/191 225/225/225
f 256/256/256 335/335/335 257/257/257
f 339/339/339 189/189/189 350/350/350
f 172/172/172 171/171/171 203/203/203
f 176/176/176 360/360/360 174/174/174
f 361/361/361 357/357/357 190/190/190
f 362/362/362 363/363/363 310/310/310
f 310/310/310 363/363/363 353/353/353
f 344/344/344 289/289/289 272/272/272
f 361/361/361 356/356/356 357/357/357
f 363/363/363 178/178/178 353/353/353
f 188/188/188 364/364/364 365/365/365
f 185/185/185 184/184/184 330/330/330
f 344/344/344 272/272/272 259/259/259
f 211/211/211 340/340/340 212/212/212
f 227/227/227 229/229/229 355/355/355
f 212/212/212 340/340/340 282/282/282
f 170/170/170 218/218/218 171/171/171
f 366/366/366 367/367/367 290/290/290
f 367/367/367 288/288/288 290/290/290
f 368/368/368 369/369/369 228/228/228
f 201/201/201 237/237/237 207/207/207
f 203/203/203 237/237/237 201/201/201
f 236/236/236 370/370/370 252/252/252
f 290/290/290 371/371/371 343/343/343
f 371/371/371 344/344/344 343/343/343
f 183/183/183 372/372/372 368/368/368
f 235/235/235 373/373/373 236/236/236
f 368/368/368 372/372/372 369/369/369
f 183/183/183 368/368/368 228/228/228
f 219/219/219 374/374/374 238/238/238
f 228/228/228 375/375/375 229/229/229
f 228/228/228 369/369/369 375/375/375
f 369/369/369 283/283/283 375/375/375
f 375/375/375 283/283/283 229/229/229
f 376/376/376 222/222/222 224/224/224
f 183/183/183 222/222/222 376/376/376
f 183/183/183 376/376/376 285/285/285
f 376/376/376 224/224/224 285/285/285
f 377/377/377 378/378/378 379/379/379
f 377/377/377 379/379/379 278/278/278
f 279/279/279 278/278/278 379/379/379
f 279/279/279 379/379/379 378/378/378
f 371/371/371 289/289/289 344/344/344
f 290/290/290 289/289/289 371/371/371
f 321/321/321 268/268/268 200/200/200
f 321/321/321 269/269/269 268/268/268
f 365/365/365 186/186/186 188/188/188
f 377/377/377 290/290/290 345/345/345
f 380/380/380 381/381/381 277/277/277
f 380/380/380 382/382/382 381/381/381
f 290/290/290 377/377/377 278/278/278
f 382/382/382 383/383/383 381/381/381
f 238/238/238 374/374/374 384/384/384
f 238/238/238 384/384/384 207/207/207
f 360/360/360 362/362/362 385/385/385
f 220/220/220 178/178/178 216/216/216
f 360/360/360 385/385/385 175/175/175
f 175/175/175 385/385/385 386/386/386
f 178/178/178 220/220/220 271/271/271
f 385/385/385 362/362/362 386/386/386
f 387/387/387 388/388/388 248/248/248
f 330/330/330 388/388/388 387/387/387
f 387/387/387 206/206/206 330/330/330
f 248/248/248 206/206/206 387/387/387
f 389/389/389 390/390/390 190/190/190
f 331/331/331 390/390/390 389/389/389
f 357/357/357 331/331/331 389/389/389
f 243/243/243 167/167/167 190/190/190
f 357/357/357 389/389/389 190/190/190
f 391/391/391 339/339/339 352/352/352
f 190/190/190 167/167/167 392/392/392
f 393/393/393 339/339/339 391/391/391
f 393/393/393 391/391/391 364/364/364
f 391/391/391 352/352/352 364/364/364
f 203/203/203 202/202/202 394/394/394
f 203/203/203 394/394/394 172/172/172
f 172/172/172 394/394/394 170/170/170
f 394/394/394 202/202/202 170/170/170
f 395/395/395 393/393/393 364/364/364
f 202/202/202 393/393/393 395/395/395
f 396/396/396 202/202/202 395/395/395
f 396/396/396 395/395/395 364/364/364
f 189/189/189 397/397/397 351/351/351
f 397/397/397 331/331/331 351/351/351
f 312/312/312 319/319/319 398/398/398
f 189/189/189 180/180/180 397/397/397
f 399/399/399 352/352/352 361/361/361
f 364/364/364 352/352/352 399/399/399
f 364/364/364 399/399/399 190/190/190
f 399/399/399 361/361/361 190/190/190
f 400/400/400 182/182/182 331/331/331
f 180/180/180 182/182/182 400/400/400
f 397/397/397 180/180/180 400/400/400
f 397/397/397 400/400/400 331/331/331
f 170/170/170 202/202/202 401/401/401
f 170/170/170 401/401/401 258/258/258
f 258/258/258 401/401/401 396/396/396
f 401/401/401 202/202/202 396/396/396
f 174/174/174 360/360/360 175/175/175
f 312/312/312 398/398/398 313/313/313
f 381/381/381 383/383/383 277/277/277
f 402/402/402 380/380/380 277/277/277
f 402/402/402 275/275/275 380/380/380
f 275/275/275 382/382/382 380/380/380
f 388/388/388 184/184/184 321/321/321
f 248/248/248 388/388/388 321/321/321
f 403/403/403 404/404/404 277/277/277
f 383/383/383 403/403/403 277/277/277
f 405/405/405 382/382/382 275/275/275
f 330/330/330 184/184/184 388/388/388
f 193/193/193 406/406/406 194/194/194
f 274/274/274 405/405/405 275/275/275
f 193/193/193 196/196/196 406/406/406
f 196/196/196 315/315/315 406/406/406
f 407/407/407 280/280/280 262/262/262
f 266/266/266 280/280/280 407/407/407
f 261/261/261 407/407/407 262/262/262
f 209/209/209 355/355/355 229/229/229
f 209/209/209 226/226/226 355/355/355
f 408/408/408 335/335/335 337/337/337
f 249/249/249 408/408/408 337/337/337
f 257/257/257 408/408/408 249/249/249
f 257/257/257 335/335/335 408/408/408
f 239/239/239 409/409/409 240/240/240
f 409/409/409 249/249/249 240/240/240
f 257/257/257 249/249/249 409/409/409
f 257/257/257 409/409/409 239/239/239
f 410/410/410 411/411/411 325/325/325
f 288/288/288 410/410/410 325/325/325
f 412/412/412 215/215/215 217/217/217
f 221/221/221 215/215/215 412/412/412
f 325/325/325 411/411/411 235/235/235
f 288/288/288 325/325/325 289/289/289
f 284/284/284 283/283/283 372/372/372
f 284/284/284 372/372/372 183/183/183
f 372/372/372 283/283/283 369/369/369
f 297/297/297 413/413/413 219/219/219
f 241/241/241 414/414/414 242/242/242
f 414/414/414 168/168/168 242/242/242
f 178/178/178 274/274/274 287/287/287
f 287/287/287 281/281/281 354/354/354
f 260/260/260 262/262/262 415/415/415
f 260/260/260 415/415/415 221/221/221
f 415/415/415 276/276/276 221/221/221
f 262/262/262 276/276/276 415/415/415
f 263/263/263 267/267/267 261/261/261
f 261/261/261 267/267/267 407/407/407
f 267/267/267 266/266/266 407/407/407
f 416/416/416 264/264/264 263/263/263
f 286/286/286 266/266/266 264/264/264
f 286/286/286 264/264/264 416/416/416
f 417/417/417 345/345/345 347/347/347
f 418/418/418 342/342/342 419/419/419
f 418/418/418 419/419/419 250/250/250
f 188/188/188 396/396/396 364/364/364
f 179/179/179 178/178/178 420/420/420
f 419/419/419 342/342/342 259/259/259
f 417/417/417 347/347/347 421/421/421
f 359/359/359 245/245/245 211/211/211
f 417/417/417 421/421/421 418/418/418
f 328/328/328 282/282/282 284/284/284
f 418/418/418 421/421/421 342/342/342
f 258/258/258 396/396/396 188/188/188
f 421/421/421 347/347/347 342/342/342
f 378/378/378 422/422/422 417/417/417
f 171/171/171 219/219/219 238/238/238
f 179/179/179 420/420/420 362/362/362
f 422/422/422 345/345/345 417/417/417
f 422/422/422 377/377/377 345/345/345
f 378/378/378 377/377/377 422/422/422
f 362/362/362 420/420/420 363/363/363
f 420/420/420 178/178/178 363/363/363
f 359/359/359 211/211/211 423/423/423
f 253/253/253 255/255/255 198/198/198
f 280/280/280 256/256/256 239/239/239
f 194/194/194 424/424/424 206/206/206
f 194/194/194 423/423/423 424/424/424
f 423/423/423 211/211/211 424/424/424
f 424/424/424 211/211/211 206/206/206
f 198/198/198 255/255/255 323/323/323
f 329/329/329 328/328/328 349/349/349
f 328/328/328 284/284/284 349/349/349
f 349/349/349 284/284/284 183/183/183
f 255/255/255 254/254/254 323/323/323
f 390/390/390 243/243/243 190/190/190
f 333/333/333 243/243/243 390/390/390
f 190/190/190 186/186/186 365/365/365
f 250/250/250 425/425/425 251/251/251
f 331/331/331 333/333/333 390/390/390
f 212/212/212 282/282/282 214/214/214
f 214/214/214 282/282/282 328/328/328
f 206/206/206 214/214/214 328/328/328
f 426/426/426 338/338/338 339/339/339
f 202/202/202 338/338/338 426/426/426
f 202/202/202 426/426/426 393/393/393
f 426/426/426 339/339/339 393/393/393
f 352/352/352 351/351/351 356/356/356
f 293/293/293 362/362/362 360/360/360
f 425/425/425 259/259/259 251/251/251
f 176/176/176 293/293/293 360/360/360
f 351/351/351 331/331/331 356/356/356
f 352/352/352 356/356/356 361/361/361
f 301/301/301 309/309/309 308/308/308
f 365/365/365 364/364/364 190/190/190
f 358/358/358 359/359/359 427/427/427
f 306/306/306 304/304/304 279/279/279
f 427/427/427 359/359/359 423/423/423
f 194/194/194 427/427/427 423/423/423
f 306/306/306 279/279/279 308/308/308
f 309/309/309 300/300/300 305/305/305
f 194/194/194 358/358/358 427/427/427
f 301/301/301 428/428/428 378/378/378
f 301/301/301 308/308/308 428/428/428
f 308/308/308 279/279/279 428/428/428
f 428/428/428 279/279/279 378/378/378
f 281/281/281 402/402/402 429/429/429
f 429/429/429 402/402/402 303/303/303
f 429/429/429 303/303/303 305/305/305
f 281/281/281 429/429/429 305/305/305
f 281/281/281 275/275/275 402/402/402
f 301/301/301 300/300/300 309/309/309
f 402/402/402 277/277/277 303/303/303
f 175/175/175 386/386/386 300/300/300
f 346/346/346 430/430/430 342/342/342
f 310/310/310 431/431/431 305/305/305
f 310/310/310 354/354/354 431/431/431
f 346/346/346 290/290/290 430/430/430
f 430/430/430 290/290/290 343/343/343
f 354/354/354 281/281/281 431/431/431
f 431/431/431 281/281/281 305/305/305
f 342/342/342 430/430/430 343/343/343
f 425/425/425 419/419/419 259/259/259
f 386/386/386 310/310/310 300/300/300
f 386/386/386 362/362/362 310/310/310
f 250/250/250 419/419/419 425/425/425
f 303/303/303 277/277/277 304/304/304
f 304/304/304 277/277/277 279/279/279
f 204/204/204 179/179/179 293/293/293
f 293/293/293 179/179/179 362/362/362
f 406/406/406 315/315/315 194/194/194
f 330/330/330 329/329/329 185/185/185
f 432/432/432 341/341/341 340/340/340
f 246/246/246 432/432/432 340/340/340
f 236/236/236 373/373/373 370/370/370
f 167/167/167 169/169/169 392/392/392
g IntHouseFBottom043
s 1
f 433/433/433 434/434/434 435/435/435
f 436/436/436 437/437/437 438/438/438
f 439/439/439 440/440/440 441/441/441
f 442/442/442 443/443/443 444/444/444
f 442/442/442 445/445/445 446/446/446
f 447/447/447 448/448/448 434/434/434
f 445/445/445 447/447/447 446/446/446
f 449/449/449 450/450/450 451/451/451
f 452/452/452 453/453/453 454/454/454
f 452/452/452 455/455/455 456/456/456
f 457/457/457 458/458/458 459/459/459
f 457/457/457 460/460/460 461/461/461
f 462/462/462 463/463/463 464/464/464
f 462/462/462 465/465/465 466/466/466
f 467/467/467 468/468/468 469/469/469
f 468/468/468 434/434/434 433/433/433
f 469/469/469 468/468/468 433/433/433
f 470/470/470 438/438/438 471/471/471
f 472/472/472 470/470/470 471/471/471
f 470/470/470 472/472/472 473/473/473
f 438/438/438 470/470/470 473/473/473
f 474/474/474 475/475/475 476/476/476
f 475/475/475 435/435/435 477/477/477
f 476/476/476 475/475/475 477/477/477
f 466/466/466 465/465/465 473/473/473
f 473/473/473 472/472/472 466/466/466
f 478/478/478 479/479/479 480/480/480
f 479/479/479 478/478/478 481/481/481
f 451/451/451 479/479/479 481/481/481
f 482/482/482 483/483/483 442/442/442
f 444/444/444 482/482/482 442/442/442
f 456/456/456 455/455/455 484/484/484
f 484/484/484 439/439/439 441/441/441
f 455/455/455 439/439/439 484/484/484
f 485/485/485 448/448/448 447/447/447
f 445/445/445 485/485/485 447/447/447
f 461/461/461 460/460/460 481/481/481
f 481/481/481 478/478/478 461/461/461
f 483/483/483 445/445/445 442/442/442
f 477/477/477 435/435/435 486/486/486
f 477/477/477 487/487/487 476/476/476
f 486/486/486 487/487/487 477/477/477
f 488/488/488 455/455/455 452/452/452
f 454/454/454 488/488/488 452/452/452
f 464/464/464 489/489/489 462/462/462
f 489/489/489 465/465/465 462/462/462
f 490/490/490 491/491/491 492/492/492
f 493/493/493 494/494/494 495/495/495
f 472/472/472 471/471/471 496/496/496
f 471/471/471 438/438/438 497/497/497
f 498/498/498 460/460/460 457/457/457
f 459/459/459 498/498/498 457/457/457
f 499/499/499 474/474/474 476/476/476
f 500/500/500 501/501/501 502/502/502
f 503/503/503 504/504/504 505/505/505
f 506/506/506 504/504/504 503/503/503
f 507/507/507 506/506/506 503/503/503
f 507/507/507 503/503/503 505/505/505
f 508/508/508 505/505/505 458/458/458
f 500/500/500 505/505/505 508/508/508
f 501/501/501 500/500/500 508/508/508
f 501/501/501 508/508/508 458/458/458
f 509/509/509 510/510/510 511/511/511
f 510/510/510 494/494/494 511/511/511
f 499/499/499 494/494/494 510/510/510
f 499/499/499 510/510/510 509/509/509
f 512/512/512 511/511/511 502/502/502
f 509/509/509 511/511/511 512/512/512
f 501/501/501 509/509/509 512/512/512
f 501/501/501 512/512/512 502/502/502
f 487/487/487 513/513/513 476/476/476
f 513/513/513 514/514/514 494/494/494
f 487/487/487 514/514/514 513/513/513
f 515/515/515 516/516/516 517/517/517
f 518/518/518 433/433/433 435/435/435
f 519/519/519 520/520/520 521/521/521
f 522/522/522 523/523/523 446/446/446
f 522/522/522 443/443/443 523/523/523
f 523/523/523 443/443/443 442/442/442
f 446/446/446 523/523/523 442/442/442
f 522/522/522 467/467/467 524/524/524
f 443/443/443 522/522/522 524/524/524
f 467/467/467 522/522/522 446/446/446
f 446/446/446 447/447/447 525/525/525
f 525/525/525 447/447/447 434/434/434
f 525/525/525 467/467/467 446/446/446
f 473/473/473 526/526/526 438/438/438
f 473/473/473 465/465/465 526/526/526
f 465/465/465 436/436/436 526/526/526
f 526/526/526 436/436/436 438/438/438
f 527/527/527 451/451/451 463/463/463
f 528/528/528 449/449/449 451/451/451
f 460/460/460 449/449/449 528/528/528
f 481/481/481 460/460/460 528/528/528
f 481/481/481 528/528/528 451/451/451
f 441/441/441 443/443/443 529/529/529
f 441/441/441 530/530/530 531/531/531
f 530/530/530 532/532/532 531/531/531
f 456/456/456 533/533/533 452/452/452
f 533/533/533 453/453/453 452/452/452
f 534/534/534 533/533/533 456/456/456
f 535/535/535 534/534/534 456/456/456
f 535/535/535 484/484/484 441/441/441
f 456/456/456 484/484/484 535/535/535
f 461/461/461 536/536/536 457/457/457
f 536/536/536 458/458/458 457/457/457
f 478/478/478 536/536/536 461/461/461
f 524/524/524 467/467/467 469/469/469
f 537/537/537 524/524/524 469/469/469
f 466/466/466 538/538/538 462/462/462
f 538/538/538 463/463/463 462/462/462
f 472/472/472 538/538/538 466/466/466
f 539/539/539 518/518/518 540/540/540
f 540/540/540 518/518/518 435/435/435
f 541/541/541 433/433/433 518/518/518
f 542/542/542 541/541/541 518/518/518
f 542/542/542 469/469/469 541/541/541
f 541/541/541 469/469/469 433/433/433
f 543/543/543 537/537/537 469/469/469
f 542/542/542 543/543/543 469/469/469
f 490/490/490 531/531/531 491/491/491
f 531/531/531 544/544/544 491/491/491
f 491/491/491 544/544/544 492/492/492
f 545/545/545 546/546/546 547/547/547
f 547/547/547 546/546/546 548/548/548
f 547/547/547 548/548/548 549/549/549
f 545/545/545 547/547/547 549/549/549
f 550/550/550 551/551/551 552/552/552
f 552/552/552 551/551/551 529/529/529
f 552/552/552 529/529/529 553/553/553
f 550/550/550 552/552/552 553/553/553
f 554/554/554 509/509/509 555/555/555
f 556/556/556 554/554/554 555/555/555
f 557/557/557 554/554/554 556/556/556
f 557/557/557 509/509/509 554/554/554
f 443/443/443 558/558/558 559/559/559
f 443/443/443 560/560/560 558/558/558
f 560/560/560 537/537/537 558/558/558
f 558/558/558 537/537/537 559/559/559
f 542/542/542 561/561/561 562/562/562
f 562/562/562 561/561/561 563/563/563
f 564/564/564 562/562/562 563/563/563
f 564/564/564 542/542/542 562/562/562
f 565/565/565 509/509/509 557/557/557
f 566/566/566 565/565/565 557/557/557
f 565/565/565 566/566/566 567/567/567
f 509/509/509 565/565/565 567/567/567
f 566/566/566 568/568/568 569/569/569
f 569/569/569 568/568/568 474/474/474
f 567/567/567 569/569/569 474/474/474
f 567/567/567 566/566/566 569/569/569
f 570/570/570 540/540/540 571/571/571
f 474/474/474 570/570/570 571/571/571
f 474/474/474 568/568/568 570/570/570
f 570/570/570 568/568/568 540/540/540
f 572/572/572 453/453/453 573/573/573
f 574/574/574 572/572/572 573/573/573
f 575/575/575 572/572/572 574/574/574
f 575/575/575 453/453/453 572/572/572
f 576/576/576 531/531/531 490/490/490
f 492/492/492 577/577/577 490/490/490
f 490/490/490 577/577/577 576/576/576
f 578/578/578 579/579/579 580/580/580
f 578/578/578 581/581/581 579/579/579
f 581/581/581 582/582/582 579/579/579
f 579/579/579 582/582/582 580/580/580
f 583/583/583 574/574/574 577/577/577
f 492/492/492 583/583/583 577/577/577
f 584/584/584 583/583/583 492/492/492
f 584/584/584 574/574/574 583/583/583
f 585/585/585 586/586/586 587/587/587
f 585/585/585 497/497/497 586/586/586
f 586/586/586 497/497/497 584/584/584
f 587/587/587 586/586/586 584/584/584
f 588/588/588 589/589/589 492/492/492
f 588/588/588 590/590/590 589/589/589
f 590/590/590 587/587/587 589/589/589
f 589/589/589 587/587/587 492/492/492
f 492/492/492 549/549/549 588/588/588
f 588/588/588 549/549/549 580/580/580
f 580/580/580 590/590/590 588/588/588
f 582/582/582 591/591/591 580/580/580
f 582/582/582 496/496/496 591/591/591
f 591/591/591 496/496/496 590/590/590
f 580/580/580 591/591/591 590/590/590
f 496/496/496 585/585/585 592/592/592
f 592/592/592 585/585/585 587/587/587
f 590/590/590 592/592/592 587/587/587
f 590/590/590 496/496/496 592/592/592
f 441/441/441 531/531/531 593/593/593
f 593/593/593 531/531/531 576/576/576
f 576/576/576 594/594/594 593/593/593
f 593/593/593 594/594/594 441/441/441
f 595/595/595 596/596/596 597/597/597
f 598/598/598 595/595/595 597/597/597
f 598/598/598 573/573/573 595/595/595
f 595/595/595 573/573/573 596/596/596
f 516/516/516 599/599/599 600/600/600
f 600/600/600 599/599/599 601/601/601
f 602/602/602 600/600/600 601/601/601
f 602/602/602 516/516/516 600/600/600
f 603/603/603 551/551/551 604/604/604
f 603/603/603 529/529/529 551/551/551
f 550/550/550 604/604/604 551/551/551
f 605/605/605 604/604/604 550/550/550
f 606/606/606 605/605/605 550/550/550
f 607/607/607 605/605/605 606/606/606
f 607/607/607 604/604/604 605/605/605
f 559/559/559 608/608/608 443/443/443
f 559/559/559 553/553/553 608/608/608
f 553/553/553 529/529/529 608/608/608
f 608/608/608 529/529/529 443/443/443
f 606/606/606 550/550/550 609/609/609
f 609/609/609 550/550/550 553/553/553
f 559/559/559 609/609/609 553/553/553
f 559/559/559 606/606/606 609/609/609
f 610/610/610 611/611/611 458/458/458
f 610/610/610 556/556/556 611/611/611
f 556/556/556 612/612/612 611/611/611
f 611/611/611 612/612/612 458/458/458
f 509/509/509 501/501/501 555/555/555
f 555/555/555 501/501/501 612/612/612
f 556/556/556 555/555/555 612/612/612
f 517/517/517 613/613/613 614/614/614
f 614/614/614 613/613/613 615/615/615
f 615/615/615 564/564/564 614/614/614
f 614/614/614 564/564/564 517/517/517
f 542/542/542 616/616/616 561/561/561
f 616/616/616 539/539/539 561/561/561
f 561/561/561 539/539/539 563/563/563
f 597/597/597 534/534/534 594/594/594
f 598/598/598 597/597/597 594/594/594
f 597/597/597 596/596/596 534/534/534
f 617/617/617 519/519/519 599/599/599
f 516/516/516 617/617/617 599/599/599
f 516/516/516 618/618/618 617/617/617
f 617/617/617 618/618/618 519/519/519
f 480/480/480 619/619/619 620/620/620
f 620/620/620 619/619/619 621/621/621
f 618/618/618 620/620/620 621/621/621
f 618/618/618 480/480/480 620/620/620
f 622/622/622 623/623/623 607/607/607
f 521/521/521 622/622/622 607/607/607
f 521/521/521 532/532/532 622/622/622
f 622/622/622 532/532/532 623/623/623
f 618/618/618 624/624/624 519/519/519
f 618/618/618 621/621/621 624/624/624
f 624/624/624 621/621/621 625/625/625
f 519/519/519 624/624/624 625/625/625
f 626/626/626 480/480/480 618/618/618
f 516/516/516 626/626/626 618/618/618
f 627/627/627 626/626/626 516/516/516
f 627/627/627 480/480/480 626/626/626
f 613/613/613 602/602/602 615/615/615
f 517/517/517 516/516/516 613/613/613
f 613/613/613 516/516/516 602/602/602
f 628/628/628 478/478/478 627/627/627
f 515/515/515 628/628/628 627/627/627
f 629/629/629 628/628/628 515/515/515
f 629/629/629 478/478/478 628/628/628
f 599/599/599 521/521/521 601/601/601
f 599/599/599 519/519/519 521/521/521
f 519/519/519 625/625/625 520/520/520
f 520/520/520 625/625/625 532/532/532
f 520/520/520 532/532/532 521/521/521
f 630/630/630 472/472/472 581/581/581
f 463/463/463 630/630/630 581/581/581
f 630/630/630 463/463/463 538/538/538
f 472/472/472 630/630/630 538/538/538
f 631/631/631 527/527/527 578/578/578
f 580/580/580 631/631/631 578/578/578
f 548/548/548 631/631/631 580/580/580
f 548/548/548 527/527/527 631/631/631
f 546/546/546 632/632/632 548/548/548
f 546/546/546 451/451/451 632/632/632
f 632/632/632 451/451/451 527/527/527
f 548/548/548 632/632/632 527/527/527
f 594/594/594 633/633/633 441/441/441
f 594/594/594 534/534/534 633/633/633
f 633/633/633 534/534/534 535/535/535
f 441/441/441 633/633/633 535/535/535
f 545/545/545 625/625/625 621/621/621
f 545/545/545 532/532/532 625/625/625
f 603/603/603 604/604/604 530/530/530
f 441/441/441 603/603/603 530/530/530
f 441/441/441 529/529/529 603/603/603
f 634/634/634 434/434/434 468/468/468
f 467/467/467 634/634/634 468/468/468
f 634/634/634 467/467/467 525/525/525
f 434/434/434 634/634/634 525/525/525
f 545/545/545 619/619/619 546/546/546
f 546/546/546 619/619/619 451/451/451
f 549/549/549 548/548/548 580/580/580
f 545/545/545 549/549/549 492/492/492
f 531/531/531 532/532/532 544/544/544
f 544/544/544 532/532/532 545/545/545
f 544/544/544 545/545/545 492/492/492
f 635/635/635 610/610/610 458/458/458
f 635/635/635 563/563/563 610/610/610
f 563/563/563 556/556/556 610/610/610
f 636/636/636 557/557/557 556/556/556
f 636/636/636 566/566/566 557/557/557
f 563/563/563 636/636/636 556/556/556
f 563/563/563 539/539/539 636/636/636
f 539/539/539 566/566/566 636/636/636
f 637/637/637 638/638/638 615/615/615
f 637/637/637 543/543/543 638/638/638
f 543/543/543 542/542/542 638/638/638
f 638/638/638 542/542/542 615/615/615
f 639/639/639 637/637/637 615/615/615
f 639/639/639 537/537/537 637/637/637
f 537/537/537 543/543/543 637/637/637
f 560/560/560 443/443/443 524/524/524
f 537/537/537 560/560/560 524/524/524
f 567/567/567 474/474/474 499/499/499
f 509/509/509 567/567/567 499/499/499
f 571/571/571 435/435/435 475/475/475
f 474/474/474 571/571/571 475/475/475
f 571/571/571 540/540/540 435/435/435
f 566/566/566 539/539/539 568/568/568
f 568/568/568 539/539/539 540/540/540
f 573/573/573 453/453/453 596/596/596
f 574/574/574 573/573/573 598/598/598
f 497/497/497 438/438/438 575/575/575
f 575/575/575 438/438/438 453/453/453
f 497/497/497 575/575/575 574/574/574
f 578/578/578 527/527/527 463/463/463
f 463/463/463 581/581/581 578/578/578
f 577/577/577 598/598/598 576/576/576
f 577/577/577 574/574/574 598/598/598
f 581/581/581 472/472/472 582/582/582
f 582/582/582 472/472/472 496/496/496
f 496/496/496 471/471/471 585/585/585
f 585/585/585 471/471/471 497/497/497
f 497/497/497 574/574/574 584/584/584
f 587/587/587 584/584/584 492/492/492
f 559/559/559 537/537/537 639/639/639
f 615/615/615 606/606/606 639/639/639
f 639/639/639 606/606/606 559/559/559
f 517/517/517 563/563/563 635/635/635
f 458/458/458 515/515/515 635/635/635
f 635/635/635 515/515/515 517/517/517
f 607/607/607 623/623/623 604/604/604
f 521/521/521 607/607/607 606/606/606
f 640/640/640 451/451/451 619/619/619
f 480/480/480 640/640/640 619/619/619
f 479/479/479 640/640/640 480/480/480
f 479/479/479 451/451/451 640/640/640
f 612/612/612 501/501/501 458/458/458
f 517/517/517 564/564/564 563/563/563
f 615/615/615 542/542/542 564/564/564
f 616/616/616 542/542/542 518/518/518
f 539/539/539 616/616/616 518/518/518
f 576/576/576 598/598/598 594/594/594
f 596/596/596 453/453/453 533/533/533
f 534/534/534 596/596/596 533/533/533
f 545/545/545 621/621/621 619/619/619
f 478/478/478 480/480/480 627/627/627
f 515/515/515 627/627/627 516/516/516
f 530/530/530 623/623/623 532/532/532
f 530/530/530 604/604/604 623/623/623
f 615/615/615 602/602/602 601/601/601
f 601/601/601 521/521/521 606/606/606
f 615/615/615 601/601/601 606/606/606
f 629/629/629 458/458/458 536/536/536
f 478/478/478 629/629/629 536/536/536
f 458/458/458 629/629/629 515/515/515
f 502/502/502 511/511/511 493/493/493
f 511/511/511 494/494/494 493/493/493
f 486/486/486 514/514/514 487/487/487
f 513/513/513 641/641/641 476/476/476
f 505/505/505 642/642/642 507/507/507
f 642/642/642 502/502/502 507/507/507
f 642/642/642 500/500/500 502/502/502
f 505/505/505 500/500/500 642/642/642
f 513/513/513 494/494/494 641/641/641
f 641/641/641 494/494/494 499/499/499
f 476/476/476 641/641/641 499/499/499
g IntHouseFBottom044
s 1
f 643/643/643 644/644/644 645/645/645
f 646/646/646 647/647/647 648/648/648
f 649/649/649 650/650/650 651/651/651
f 648/648/648 652/652/652 653/653/653
f 654/654/654 655/655/655 656/656/656
f 657/657/657 658/658/658 659/659/659
f 660/660/660 661/661/661 643/643/643
f 643/643/643 661/661/661 644/644/644
f 662/662/662 663/663/663 664/664/664
f 665/665/665 666/666/666 667/667/667
f 668/668/668 669/669/669 670/670/670
f 667/667/667 671/671/671 672/672/672
f 657/657/657 659/659/659 673/673/673
f 656/656/656 655/655/655 674/674/674
f 675/675/675 676/676/676 677/677/677
f 677/677/677 676/676/676 678/678/678
f 679/679/679 680/680/680 681/681/681
f 682/682/682 683/683/683 684/684/684
f 684/684/684 685/685/685 682/682/682
f 686/686/686 668/668/668 670/670/670
f 680/680/680 687/687/687 681/681/681
f 688/688/688 687/687/687 680/680/680
f 655/655/655 689/689/689 690/690/690
f 676/676/676 691/691/691 678/678/678
f 692/692/692 693/693/693 694/694/694
f 686/686/686 695/695/695 668/668/668
f 696/696/696 697/697/697 698/698/698
f 699/699/699 693/693/693 692/692/692
f 699/699/699 692/692/692 700/700/700
f 701/701/701 702/702/702 673/673/673
f 703/703/703 704/704/704 705/705/705
f 703/703/703 706/706/706 704/704/704
f 692/692/692 694/694/694 700/700/700
f 707/707/707 708/708/708 709/709/709
f 710/710/710 711/711/711 712/712/712
f 709/709/709 708/708/708 674/674/674
f 712/712/712 713/713/713 652/652/652
f 684/684/684 714/714/714 685/685/685
f 698/698/698 714/714/714 696/696/696
f 706/706/706 715/715/715 704/704/704
f 709/709/709 674/674/674 716/716/716
f 707/707/707 709/709/709 716/716/716
f 717/717/717 718/718/718 719/719/719
f 717/717/717 670/670/670 718/718/718
f 670/670/670 669/669/669 718/718/718
f 688/688/688 680/680/680 679/679/679
f 718/718/718 669/669/669 719/719/719
f 720/720/720 721/721/721 713/713/713
f 720/720/720 722/722/722 721/721/721
f 722/722/722 723/723/723 721/721/721
f 721/721/721 723/723/723 713/713/713
f 723/723/723 724/724/724 725/725/725
f 702/702/702 726/726/726 673/673/673
f 668/668/668 695/695/695 669/669/669
f 725/725/725 724/724/724 727/727/727
f 725/725/725 727/727/727 713/713/713
f 723/723/723 725/725/725 713/713/713
f 728/728/728 657/657/657 729/729/729
f 729/729/729 657/657/657 673/673/673
f 729/729/729 673/673/673 730/730/730
f 731/731/731 687/687/687 732/732/732
f 728/728/728 729/729/729 730/730/730
f 733/733/733 722/722/722 720/720/720
f 734/734/734 735/735/735 736/736/736
f 736/736/736 735/735/735 737/737/737
f 681/681/681 687/687/687 731/731/731
f 738/738/738 739/739/739 740/740/740
f 736/736/736 737/737/737 741/741/741
f 704/704/704 715/715/715 705/705/705
f 742/742/742 743/743/743 744/744/744
f 715/715/715 745/745/745 746/746/746
f 734/734/734 736/736/736 741/741/741
f 651/651/651 747/747/747 741/741/741
f 651/651/651 748/748/748 747/747/747
f 748/748/748 734/734/734 747/747/747
f 706/706/706 749/749/749 715/715/715
f 747/747/747 734/734/734 741/741/741
f 744/744/744 730/730/730 750/750/750
f 669/669/669 695/695/695 703/703/703
f 662/662/662 664/664/664 751/751/751
f 752/752/752 681/681/681 731/731/731
f 753/753/753 754/754/754 751/751/751
f 751/751/751 664/664/664 753/753/753
f 746/746/746 755/755/755 705/705/705
f 752/752/752 731/731/731 732/732/732
f 665/665/665 667/667/667 756/756/756
f 757/757/757 758/758/758 759/759/759
f 715/715/715 746/746/746 705/705/705
f 760/760/760 717/717/717 687/687/687
f 717/717/717 719/719/719 687/687/687
f 761/761/761 762/762/762 663/663/663
f 760/760/760 686/686/686 717/717/717
f 663/663/663 662/662/662 761/761/761
f 711/711/711 733/733/733 720/720/720
f 763/763/763 649/649/649 764/764/764
f 654/654/654 689/689/689 655/655/655
f 758/758/758 765/765/765 766/766/766
f 764/764/764 741/741/741 671/671/671
f 644/644/644 661/661/661 708/708/708
f 767/767/767 768/768/768 769/769/769
f 735/735/735 770/770/770 737/737/737
f 767/767/767 750/750/750 768/768/768
f 748/748/748 771/771/771 735/735/735
f 768/768/768 750/750/750 772/772/772
f 770/770/770 738/738/738 737/737/737
f 769/769/769 768/768/768 772/772/772
f 773/773/773 774/774/774 767/767/767
f 770/770/770 739/739/739 738/738/738
f 766/766/766 759/759/759 758/758/758
f 649/649/649 771/771/771 650/650/650
f 650/650/650 771/771/771 748/748/748
f 775/775/775 776/776/776 777/777/777
f 776/776/776 778/778/778 777/777/777
f 779/779/779 660/660/660 780/780/780
f 711/711/711 781/781/781 733/733/733
f 780/780/780 716/716/716 691/691/691
f 767/767/767 774/774/774 750/750/750
f 782/782/782 783/783/783 784/784/784
f 773/773/773 767/767/767 769/769/769
f 658/658/658 785/785/785 701/701/701
f 786/786/786 787/787/787 788/788/788
f 786/786/786 772/772/772 787/787/787
f 789/789/789 790/790/790 657/657/657
f 772/772/772 750/750/750 787/787/787
f 787/787/787 750/750/750 788/788/788
f 733/733/733 781/781/781 722/722/722
f 777/777/777 778/778/778 791/791/791
f 701/701/701 792/792/792 702/702/702
f 793/793/793 789/789/789 794/794/794
f 784/784/784 795/795/795 782/782/782
f 796/796/796 797/797/797 784/784/784
f 798/798/798 679/679/679 799/799/799
f 784/784/784 783/783/783 796/796/796
f 743/743/743 793/793/793 794/794/794
f 715/715/715 749/749/749 745/745/745
f 722/722/722 781/781/781 724/724/724
f 799/799/799 752/752/752 749/749/749
f 800/800/800 801/801/801 782/782/782
f 802/802/802 799/799/799 749/749/749
f 799/799/799 681/681/681 752/752/752
f 803/803/803 773/773/773 804/804/804
f 804/804/804 773/773/773 769/769/769
f 749/749/749 805/805/805 745/745/745
f 805/805/805 732/732/732 745/745/745
f 806/806/806 804/804/804 769/769/769
f 752/752/752 732/732/732 805/805/805
f 752/752/752 805/805/805 749/749/749
f 807/807/807 732/732/732 755/755/755
f 806/806/806 803/803/803 804/804/804
f 745/745/745 732/732/732 807/807/807
f 746/746/746 745/745/745 807/807/807
f 746/746/746 807/807/807 755/755/755
f 808/808/808 809/809/809 810/810/810
f 810/810/810 809/809/809 676/676/676
f 675/675/675 810/810/810 676/676/676
f 798/798/798 799/799/799 802/802/802
f 811/811/811 812/812/812 727/727/727
f 675/675/675 808/808/808 810/810/810
f 813/813/813 814/814/814 724/724/724
f 781/781/781 813/813/813 724/724/724
f 781/781/781 646/646/646 813/813/813
f 814/814/814 812/812/812 811/811/811
f 724/724/724 814/814/814 811/811/811
f 724/724/724 811/811/811 727/727/727
f 813/813/813 646/646/646 814/814/814
f 775/775/775 688/688/688 815/815/815
f 815/815/815 688/688/688 679/679/679
f 812/812/812 816/816/816 727/727/727
f 798/798/798 815/815/815 679/679/679
f 816/816/816 817/817/817 727/727/727
f 782/782/782 795/795/795 800/800/800
f 812/812/812 818/818/818 816/816/816
f 798/798/798 775/775/775 815/815/815
f 660/660/660 643/643/643 645/645/645
f 819/819/819 820/820/820 821/821/821
f 822/822/822 658/658/658 657/657/657
f 738/738/738 740/740/740 823/823/823
f 790/790/790 806/806/806 822/822/822
f 822/822/822 806/806/806 658/658/658
f 743/743/743 790/790/790 793/793/793
f 793/793/793 790/790/790 789/789/789
f 824/824/824 756/756/756 739/739/739
f 825/825/825 826/826/826 827/827/827
f 828/828/828 829/829/829 819/819/819
f 665/665/665 756/756/756 824/824/824
f 830/830/830 770/770/770 735/735/735
f 771/771/771 830/830/830 735/735/735
f 771/771/771 665/665/665 830/830/830
f 819/819/819 831/831/831 828/828/828
f 770/770/770 665/665/665 824/824/824
f 830/830/830 665/665/665 770/770/770
f 832/832/832 654/654/654 708/708/708
f 661/661/661 832/832/832 708/708/708
f 661/661/661 675/675/675 832/832/832
f 821/821/821 831/831/831 819/819/819
f 770/770/770 824/824/824 739/739/739
f 832/832/832 675/675/675 654/654/654
f 756/756/756 833/833/833 739/739/739
f 778/778/778 760/760/760 791/791/791
f 706/706/706 798/798/798 802/802/802
f 776/776/776 686/686/686 778/778/778
f 834/834/834 835/835/835 836/836/836
f 778/778/778 686/686/686 760/760/760
f 833/833/833 667/667/667 672/672/672
f 791/791/791 760/760/760 687/687/687
f 814/814/814 837/837/837 812/812/812
f 808/808/808 779/779/779 838/838/838
f 756/756/756 667/667/667 833/833/833
f 827/827/827 835/835/835 834/834/834
f 839/839/839 672/672/672 840/840/840
f 780/780/780 645/645/645 716/716/716
f 780/780/780 660/660/660 645/645/645
f 740/740/740 672/672/672 839/839/839
f 645/645/645 644/644/644 716/716/716
f 644/644/644 708/708/708 707/707/707
f 823/823/823 740/740/740 839/839/839
f 823/823/823 839/839/839 840/840/840
f 644/644/644 707/707/707 716/716/716
f 739/739/739 841/841/841 740/740/740
f 717/717/717 686/686/686 670/670/670
f 841/841/841 672/672/672 740/740/740
f 833/833/833 672/672/672 841/841/841
f 669/669/669 703/703/703 842/842/842
f 842/842/842 703/703/703 705/705/705
f 842/842/842 705/705/705 719/719/719
f 669/669/669 842/842/842 719/719/719
f 712/712/712 720/720/720 713/713/713
f 712/712/712 711/711/711 720/720/720
f 833/833/833 841/841/841 739/739/739
f 689/689/689 843/843/843 690/690/690
f 722/722/722 724/724/724 723/723/723
f 843/843/843 678/678/678 690/690/690
f 677/677/677 678/678/678 843/843/843
f 677/677/677 843/843/843 689/689/689
f 789/789/789 657/657/657 728/728/728
f 844/844/844 678/678/678 845/845/845
f 690/690/690 678/678/678 844/844/844
f 789/789/789 728/728/728 730/730/730
f 744/744/744 794/794/794 730/730/730
f 744/744/744 743/743/743 794/794/794
f 846/846/846 690/690/690 844/844/844
f 794/794/794 789/789/789 730/730/730
f 764/764/764 651/651/651 741/741/741
f 764/764/764 649/649/649 651/651/651
f 846/846/846 844/844/844 845/845/845
f 847/847/847 677/677/677 689/689/689
f 748/748/748 735/735/735 734/734/734
f 675/675/675 677/677/677 847/847/847
f 654/654/654 675/675/675 847/847/847
f 654/654/654 847/847/847 689/689/689
f 838/838/838 780/780/780 691/691/691
f 848/848/848 706/706/706 703/703/703
f 695/695/695 848/848/848 703/703/703
f 695/695/695 798/798/798 848/848/848
f 848/848/848 798/798/798 706/706/706
f 779/779/779 780/780/780 838/838/838
f 849/849/849 850/850/850 785/785/785
f 803/803/803 742/742/742 774/774/774
f 647/647/647 851/851/851 852/852/852
f 852/852/852 851/851/851 652/652/652
f 852/852/852 652/652/652 648/648/648
f 647/647/647 852/852/852 648/648/648
f 806/806/806 850/850/850 849/849/849
f 658/658/658 806/806/806 849/849/849
f 658/658/658 849/849/849 785/785/785
f 850/850/850 786/786/786 785/785/785
f 666/666/666 853/853/853 854/854/854
f 854/854/854 853/853/853 671/671/671
f 854/854/854 671/671/671 667/667/667
f 666/666/666 854/854/854 667/667/667
f 834/834/834 825/825/825 827/827/827
f 850/850/850 769/769/769 772/772/772
f 774/774/774 744/744/744 750/750/750
f 850/850/850 772/772/772 786/786/786
f 803/803/803 774/774/774 773/773/773
f 855/855/855 788/788/788 726/726/726
f 792/792/792 788/788/788 855/855/855
f 702/702/702 792/792/792 855/855/855
f 742/742/742 744/744/744 774/774/774
f 702/702/702 855/855/855 726/726/726
f 785/785/785 856/856/856 792/792/792
f 856/856/856 788/788/788 792/792/792
f 786/786/786 788/788/788 856/856/856
f 786/786/786 856/856/856 785/785/785
f 666/666/666 763/763/763 853/853/853
f 853/853/853 764/764/764 671/671/671
f 808/808/808 838/838/838 809/809/809
f 809/809/809 838/838/838 691/691/691
f 809/809/809 691/691/691 676/676/676
f 763/763/763 764/764/764 853/853/853
f 775/775/775 791/791/791 688/688/688
f 688/688/688 791/791/791 687/687/687
f 647/647/647 710/710/710 851/851/851
f 857/857/857 653/653/653 817/817/817
f 818/818/818 653/653/653 857/857/857
f 799/799/799 679/679/679 681/681/681
f 816/816/816 818/818/818 857/857/857
f 816/816/816 857/857/857 817/817/817
f 858/858/858 859/859/859 837/837/837
f 836/836/836 825/825/825 834/834/834
f 851/851/851 712/712/712 652/652/652
f 646/646/646 859/859/859 858/858/858
f 710/710/710 712/712/712 851/851/851
f 814/814/814 646/646/646 858/858/858
f 775/775/775 777/777/777 791/791/791
f 860/860/860 700/700/700 694/694/694
f 646/646/646 648/648/648 859/859/859
f 814/814/814 858/858/858 837/837/837
f 859/859/859 861/861/861 837/837/837
f 860/860/860 694/694/694 693/693/693
f 861/861/861 648/648/648 653/653/653
f 812/812/812 837/837/837 818/818/818
f 859/859/859 648/648/648 861/861/861
f 837/837/837 862/862/862 818/818/818
f 806/806/806 769/769/769 850/850/850
f 708/708/708 654/654/654 656/656/656
f 863/863/863 864/864/864 865/865/865
f 708/708/708 656/656/656 674/674/674
f 866/866/866 863/863/863 865/865/865
f 655/655/655 846/846/846 674/674/674
f 819/819/819 829/829/829 820/820/820
f 685/685/685 714/714/714 698/698/698
f 658/658/658 701/701/701 659/659/659
f 659/659/659 701/701/701 673/673/673
f 867/867/867 820/820/820 829/829/829
f 867/867/867 821/821/821 820/820/820
f 868/868/868 869/869/869 870/870/870
f 650/650/650 748/748/748 651/651/651
f 871/871/871 869/869/869 872/872/872
f 873/873/873 874/874/874 863/863/863
f 846/846/846 845/845/845 674/674/674
f 863/863/863 866/866/866 873/873/873
f 701/701/701 785/785/785 792/792/792
f 655/655/655 690/690/690 846/846/846
f 875/875/875 876/876/876 865/865/865
f 872/872/872 877/877/877 871/871/871
f 865/865/865 864/864/864 875/875/875
f 878/878/878 879/879/879 880/880/880
f 738/738/738 823/823/823 737/737/737
f 706/706/706 802/802/802 749/749/749
f 823/823/823 840/840/840 737/737/737
f 881/881/881 878/878/878 880/880/880
f 878/878/878 881/881/881 882/882/882
f 700/700/700 883/883/883 699/699/699
f 868/868/868 870/870/870 884/884/884
f 884/884/884 885/885/885 868/868/868
f 861/861/861 862/862/862 837/837/837
f 870/870/870 869/869/869 871/871/871
f 861/861/861 653/653/653 862/862/862
f 862/862/862 653/653/653 818/818/818
f 790/790/790 822/822/822 657/657/657
