# Exported using wow.export v0.2.19
o 21142_Gateway01.obj
v 32.96390151977539 -3.680698871612549 30.088863372802734
v 29.77446937561035 -5.1994171142578125 28.42648696899414
v 30.07253646850586 -2.161980628967285 28.65291976928711
v 23.8892822265625 -2.523988723754883 28.189659118652344
v 26.929676055908203 -2.523988723754883 29.738819122314453
v 28.01670265197754 -2.69893741607666 27.60542106628418
v 25.734840393066406 -1.987030029296875 4.452658653259277
v 23.781465530395508 -1.8120795488357544 0.7700899243354797
v 22.694440841674805 -1.9870266914367676 2.903498411178589
v 30.175188064575195 -5.199408531188965 2.442816972732544
v 29.86226463317871 -1.8120795488357544 3.868415117263794
v 28.752500534057617 -5.199410438537598 5.234995365142822
v 24.46861457824707 -3.680692672729492 6.532040596008301
v 21.6074161529541 -2.161973714828491 5.036907196044922
v 21.57725715637207 -5.199415683746338 5.096103191375732
v 40.92107391357422 -2.161980628967285 14.877716064453125
v 40.74187469482422 -3.680697441101074 14.823689460754395
v 41.546775817871094 -3.301018714904785 15.2244873046875
v 21.6074161529541 -2.161973714828491 5.036907196044922
v 26.82186508178711 -1.8120795488357544 2.3192524909973145
v 29.86226463317871 -1.8120795488357544 3.868415117263794
v 38.31181716918945 -5.199413776397705 6.588650226593018
v 37.99889373779297 -2.3490397930145264 8.014241218566895
v 36.88913345336914 -5.1994147300720215 9.380828857421875
v 42.35167694091797 -2.921339988708496 15.625284194946289
v 25.842649459838867 -2.3490397930145264 31.87221908569336
v 33.87146759033203 -2.52398943901062 8.59848690032959
v 30.831066131591797 -2.5239901542663574 7.049323081970215
v 29.74403953552246 -2.698939085006714 9.18272590637207
v 41.46458435058594 -2.0745062828063965 13.811015129089355
v 42.008094787597656 -1.9870316982269287 12.744314193725586
v 39.94438171386719 -2.07450532913208 13.036433219909668
v 42.98478698730469 -2.074506998062134 14.585597038269043
v 35.06631088256836 -1.9870343208312988 33.884647369384766
v 33.979286193847656 -1.8120863437652588 36.01804733276367
v 34.917274475097656 -3.505751609802246 33.771427154541016
v 30.808326721191406 -5.199414253234863 6.282498359680176
v 31.9180908203125 -2.34904146194458 4.915920734405518
v 32.231014251708984 -5.199411869049072 3.4903156757354736
v 40.92107391357422 -2.161980628967285 14.877716064453125
v 40.054718017578125 -1.812081217765808 9.061747550964355
v 38.78849792480469 -3.5057482719421387 11.14112663269043
v 38.96769332885742 -1.987030029296875 11.195150375366211
v 43.96147537231445 -2.161982297897339 16.4268798828125
v 42.44127655029297 -2.1619815826416016 15.652297973632812
v 37.88066864013672 -2.1619789600372314 13.32855224609375
v 19.76186180114746 -2.3490397930145264 28.77389907836914
v 22.802255630493164 -2.3490397930145264 30.32305908203125
v 33.94624710083008 -5.199416160583496 11.398426055908203
v 34.03584671020508 -4.574296474456787 11.425437927246094
v 32.42604446411133 -5.199416160583496 10.623844146728516
v 28.35177993774414 -5.199413776397705 31.218666076660156
v 26.92909049987793 -5.199410438537598 34.01084518432617
v 27.898487091064453 -1.8120828866958618 32.91972351074219
v 38.94496154785156 -5.199413299560547 10.42832088470459
v 40.36764907836914 -5.199410438537598 7.636135578155518
v 40.054718017578125 -1.812081217765808 9.061747550964355
v 38.96769332885742 -1.987030029296875 11.195150375366211
v 32.78444290161133 -2.6989383697509766 10.731889724731445
v 43.96147537231445 -2.161982297897339 16.4268798828125
v 44.869300842285156 -3.505749225616455 14.239450454711914
v 45.048500061035156 -1.9870326519012451 14.293478012084961
v 46.135520935058594 -1.8120828866958618 12.160075187683105
v 21.935901641845703 -2.6989424228668213 24.50709342956543
v 24.976303100585938 -2.698939800262451 26.056257247924805
v 24.827266693115234 -3.9491796493530273 25.943038940429688
v 32.78444290161133 -2.6989383697509766 10.731889724731445
v 32.60524368286133 -3.9491772651672363 10.67786693572998
v 34.21504211425781 -3.3240573406219482 11.479459762573242
v 41.574920654296875 -1.8120815753936768 9.836329460144043
v 43.09511947631836 -1.812082052230835 10.61091136932373
v 24.976303100585938 -2.698939800262451 26.056257247924805
v 21.935901641845703 -2.6989424228668213 24.50709342956543
v 42.44127655029297 -2.1619815826416016 15.652297973632812
v 43.156578063964844 -2.541661262512207 16.026081085205078
v 43.96147537231445 -2.161982297897339 16.4268798828125
v 43.78227996826172 -3.680698871612549 16.372852325439453
v 38.506370544433594 -3.3010177612304688 13.675325393676758
v 37.88066864013672 -2.1619789600372314 13.32855224609375
v 37.52227783203125 -5.199415683746338 13.22050666809082
v 39.132076263427734 -4.440056800842285 14.022098541259766
v 39.31127166748047 -2.9213380813598633 14.076120376586914
v 39.40087127685547 -2.1619796752929688 14.103134155273438
v 40.116172790527344 -2.541659355163574 14.47691822052002
v 39.40087127685547 -2.1619796752929688 14.103134155273438
v 37.88066864013672 -2.1619789600372314 13.32855224609375
v 42.17247772216797 -4.440056800842285 15.571258544921875
v 35.46644973754883 -5.199415683746338 12.17300796508789
v 35.82484436035156 -2.69893741607666 12.28105354309082
v 42.977378845214844 -4.060378074645996 15.972055435180664
v 43.603084564208984 -5.199415683746338 16.31882667541504
v 28.01670265197754 -2.69893741607666 27.60542106628418
v 21.637828826904297 -5.199419021606445 24.28066062927246
v 42.0828857421875 -5.199415683746338 15.544246673583984
v 34.30464172363281 -2.6989378929138184 11.506471633911133
v 40.56268310546875 -5.199415683746338 14.76966667175293
v 27.7186336517334 -5.1994171142578125 27.378984451293945
v 45.048500061035156 -1.9870326519012451 14.293478012084961
v 46.135520935058594 -1.8120828866958618 12.160075187683105
v 33.112937927246094 -2.1619815826416016 30.202083587646484
v 36.15333557128906 -2.161982297897339 31.75124740600586
v 27.32981300354004 -5.199411869049072 8.02717399597168
v 27.688215255737305 -2.161980628967285 8.13522720336914
v 34.30464172363281 -2.6989378929138184 11.506471633911133
v 33.00989532470703 -5.199411869049072 37.10917282104492
v 34.432579040527344 -5.199414253234863 34.31698989868164
v 29.74403953552246 -2.698939085006714 9.18272590637207
v 29.38564109802246 -5.1994171142578125 9.07468032836914
v 15.752662658691406 -1.9870266914367676 24.043832778930664
v 18.793062210083008 -1.9870257377624512 25.592987060546875
v 19.88008689880371 -2.161973714828491 23.4595890045166
v 19.88008689880371 -2.161973714828491 23.4595890045166
v 18.793062210083008 -1.9870257377624512 25.592987060546875
v 18.644020080566406 -3.5057458877563477 25.47977066040039
v 17.706037521362305 -1.8120778799057007 27.72638702392578
v 30.651866912841797 -3.7742292881011963 6.99530029296875
v 29.38564109802246 -5.1994171142578125 9.07468032836914
v 29.74403953552246 -2.698939085006714 9.18272590637207
v 36.73267364501953 -3.7742276191711426 10.093624114990234
v 35.46644973754883 -5.199415683746338 12.17300796508789
v 36.15333557128906 -2.161982297897339 31.75124740600586
v 33.112937927246094 -2.1619815826416016 30.202083587646484
v 30.07253646850586 -2.161980628967285 28.65291976928711
v 32.025909423828125 -1.9870326519012451 32.335487365722656
v 35.82484436035156 -2.69893741607666 12.28105354309082
v 21.637828826904297 -5.199419021606445 24.28066062927246
v 20.21514320373535 -5.19941520690918 27.072837829589844
v 20.699844360351562 -3.7742295265197754 26.527278900146484
v 19.76186180114746 -2.3490397930145264 28.77389907836914
v 35.82484436035156 -2.69893741607666 12.28105354309082
v 36.15333557128906 -2.161982297897339 31.75124740600586
v 21.935901641845703 -2.6989424228668213 24.50709342956543
v 26.295948028564453 -5.199414253234863 30.171165466308594
v 26.780641555786133 -3.774228572845459 29.62560272216797
v 25.842649459838867 -2.3490397930145264 31.87221908569336
v 27.7186336517334 -5.1994171142578125 27.378984451293945
v 28.01670265197754 -2.69893741607666 27.60542106628418
v 36.911869049072266 -2.523988723754883 10.147647857666016
v 28.985511779785156 -1.9870316982269287 30.78632164001465
v 30.07253646850586 -2.161980628967285 28.65291976928711
v 28.83647918701172 -3.5057499408721924 30.673105239868164
v 30.831066131591797 -2.5239901542663574 7.049323081970215
v 37.99889373779297 -2.3490397930145264 8.014241218566895
v 45.02577209472656 -5.199413299560547 13.526651382446289
v 43.603084564208984 -5.199415683746338 16.31882667541504
v 36.911869049072266 -2.523988723754883 10.147647857666016
v 16.736631393432617 -5.199410438537598 28.81751823425293
v 18.159317016601562 -5.1994123458862305 26.02533721923828
v 13.799284934997559 -2.161975383758545 20.36126136779785
v 12.712261199951172 -1.9870274066925049 22.49466896057129
v 24.67823028564453 -5.199418067932129 25.829822540283203
v 11.625238418579102 -1.8120795488357544 24.628076553344727
v 14.665637969970703 -1.8120787143707275 26.177230834960938
v 17.706037521362305 -1.8120778799057007 27.72638702392578
v 43.78227996826172 -3.680698871612549 16.372852325439453
v 35.85526657104492 -5.1994171142578125 31.52480697631836
v 33.43829345703125 -2.349040985107422 5.6905012130737305
v 34.958492279052734 -2.3490405082702637 6.465081214904785
v 16.839685440063477 -2.1619744300842285 21.910425186157227
v 35.06631088256836 -1.9870343208312988 33.884647369384766
v 33.979286193847656 -1.8120863437652588 36.01804733276367
v 13.799284934997559 -2.161975383758545 20.36126136779785
v 16.839685440063477 -2.1619744300842285 21.910425186157227
v 16.690643310546875 -3.680694580078125 21.79720687866211
v 28.985511779785156 -1.9870316982269287 30.78632164001465
v 27.898487091064453 -1.8120828866958618 32.91972351074219
v 20.848880767822266 -2.523991107940674 26.64049530029297
v 32.81486892700195 -5.1994171142578125 29.97564697265625
v 24.87326431274414 -5.199411869049072 32.96334457397461
v 20.848880767822266 -2.523991107940674 26.64049530029297
v 31.9180908203125 -2.34904146194458 4.915920734405518
v 27.688215255737305 -2.161980628967285 8.13522720336914
v 28.596038818359375 -3.5057456493377686 5.947794437408447
v 28.775239944458008 -1.987030029296875 6.001821517944336
v 19.88008689880371 -2.161973714828491 23.4595890045166
v 19.582000732421875 -5.199413776397705 23.233154296875
v 28.775239944458008 -1.987030029296875 6.001821041107178
v 30.938886642456055 -1.812084674835205 34.46888732910156
v 24.647815704345703 -2.1619772911071777 6.586067199707031
v 27.688215255737305 -2.161980628967285 8.13522720336914
v 24.647815704345703 -2.1619772911071777 6.586067199707031
v 44.615318298339844 -1.8120825290679932 11.385493278503418
v 18.792457580566406 -5.199411869049072 29.86501693725586
v 24.453535079956055 -5.199413776397705 6.561638832092285
v 16.70572280883789 -5.199412822723389 21.76761245727539
v 13.829444885253906 -5.199411869049072 20.302072525024414
v 26.929676055908203 -2.523988723754883 29.738819122314453
v 36.47869110107422 -2.3490400314331055 7.23966121673584
v 35.85526657104492 -5.1994171142578125 31.52480697631836
v 29.77446937561035 -5.1994171142578125 28.42648696899414
v 46.448455810546875 -5.199410438537598 10.734477043151855
v 27.32981300354004 -5.199411869049072 8.02717399597168
v 19.582000732421875 -5.199413776397705 23.233154296875
v 37.52227783203125 -5.199415683746338 13.22050666809082
v 18.648231506347656 10.591062545776367 28.21548080444336
v 18.538536071777344 13.222808837890625 27.896915435791016
v 19.162185668945312 10.591060638427734 28.477354049682617
v 46.18754959106445 5.327571868896484 11.652229309082031
v 46.252777099609375 2.695826292037964 11.422791481018066
v 46.50975799560547 2.695826530456543 11.553728103637695
v 33.59465408325195 24.21556282043457 16.65799331665039
v 34.64349365234375 22.12531280517578 14.59953498840332
v 35.157447814941406 22.125308990478516 14.861410140991211
v 40.17197036743164 2.6958255767822266 8.324457168579102
v 40.10674285888672 5.327570915222168 8.553897857666016
v 39.91498947143555 2.695826530456543 8.193519592285156
v 40.23719787597656 0.06408023834228516 8.095016479492188
v 42.05954360961914 24.171152114868164 20.971099853515625
v 43.02632141113281 22.092002868652344 18.870819091796875
v 43.540279388427734 22.092002868652344 19.1326961517334
v 35.69232940673828 20.03506088256836 12.54107666015625
v 33.893577575683594 10.591056823730469 35.98339080810547
v 34.040855407714844 13.222801208496094 35.79576110839844
v 34.260257720947266 7.95931339263916 36.43289566040039
v 34.18813705444336 15.854546546936035 35.60812759399414
v 35.23697280883789 17.944799423217773 33.54966354370117
v 35.75093078613281 17.944799423217773 33.81153869628906
v 34.62693786621094 5.327569961547852 36.88240051269531
v 38.181365966796875 0.06407928466796875 7.047528266906738
v 38.24658966064453 -2.567667245864868 6.818089485168457
v 38.69532012939453 0.06408023834228516 7.309399604797363
v 17.03119659423828 0.06408119201660156 28.442256927490234
v 17.435455322265625 2.695826530456543 28.385562896728516
v 17.545150756835938 0.06408023834228516 28.704130172729492
v 17.325759887695312 5.327572822570801 28.066997528076172
v 17.94940948486328 2.6958255767822266 28.647436141967773
v 27.298824310302734 10.591062545776367 32.62318420410156
v 27.40852165222168 7.959317207336426 32.94175338745117
v 26.89456558227539 7.959316730499268 32.67987823486328
v 18.353668212890625 5.327570915222168 28.590742111206055
v 18.75792694091797 7.959315776824951 28.534048080444336
v 33.59901428222656 5.3275675773620605 36.35865020751953
v 46.31800079345703 0.06408071517944336 11.193353652954102
v 32.100563049316406 0.06407976150512695 3.9491934776306152
v 32.03533935546875 2.6958255767822266 4.1786322593688965
v 31.521381378173828 2.695826530456543 3.9167556762695312
v 31.970111846923828 5.327571392059326 4.408071041107178
v 29.914283752441406 5.327574729919434 3.3605685234069824
v 29.979509353637695 2.695828914642334 3.1311306953430176
v 30.236488342285156 2.695828676223755 3.262068033218384
v 30.044734954833984 0.06408309936523438 2.9016928672790527
v 34.811798095703125 13.222803115844727 36.188568115234375
v 36.243980407714844 15.854551315307617 36.6556282043457
v 38.05091094970703 5.327572822570801 7.506405830383301
v 38.11613845825195 2.6958260536193848 7.2769670486450195
v 38.37311553955078 2.695826530456543 7.407902717590332
v 27.812782287597656 10.591062545776367 32.88505935668945
v 46.50175094604492 17.933700561523438 15.455888748168945
v 45.47383117675781 17.933704376220703 14.932136535644531
v 47.982486724853516 15.8545503616333 13.617486000061035
v 20.012554168701172 20.03506088256836 23.19954490661621
v 21.57534408569336 22.12531280517578 21.4029541015625
v 21.040468215942383 20.03506088256836 23.72329330444336
v 26.12363052368164 7.959316730499268 32.28706741333008
v 25.904239654541016 13.222807884216309 31.649932861328125
v 26.490304946899414 5.327570915222168 32.736572265625
v 34.44206619262695 -2.5676708221435547 37.57623291015625
v 35.06571578979492 -5.19942045211792 38.15667724609375
v 33.00989532470703 -5.199411869049072 37.10917282104492
v 44.56819534301758 22.092002868652344 19.656444549560547
v 19.271883010864258 7.959315299987793 28.795921325683594
v 40.30242156982422 -2.5676651000976562 7.865575790405273
v 39.723236083984375 0.06408214569091797 7.833142280578613
v 19.6761417388916 10.591060638427734 28.739227294921875
v 29.118499755859375 17.944808959960938 6.59865665435791
v 29.65338134765625 15.854557991027832 4.2783203125
v 31.70920753479004 15.854555130004883 5.325826168060303
v 38.434417724609375 10.59106731414795 8.227154731750488
v 39.46232986450195 10.591064453125 8.750904083251953
v 38.62616729736328 13.22281265258789 8.587532043457031
v 47.82530212402344 6.643443584442139 12.618042945861816
v 48.243385314941406 5.327569961547852 12.69973087310791
v 47.598976135253906 10.59106159210205 12.896732330322266
v 38.7969970703125 17.944805145263672 11.530115127563477
v 37.74816131591797 20.035057067871094 13.588571548461914
v 38.28303909301758 17.944805145263672 11.268243789672852
v 21.01953887939453 17.944805145263672 26.305503845214844
v 19.970703125 15.854551315307617 28.36396598815918
v 20.505584716796875 17.944805145263672 26.043628692626953
v 48.051631927490234 2.6958255767822266 12.339353561401367
v 47.729427337646484 5.327571392059326 12.437854766845703
v 26.675172805786133 13.222807884216309 32.04274368286133
v 26.05152130126953 15.85455322265625 31.46230125427246
v 28.107345581054688 15.85455322265625 32.509796142578125
v 22.068376541137695 20.035057067871094 24.247039794921875
v 48.50428771972656 -5.199410438537598 11.781975746154785
v 48.373836517333984 0.06407976150512695 12.240853309631348
v 26.709697723388672 0.06408023834228516 33.37371063232422
v 26.305438995361328 -2.5676653385162354 33.43040466308594
v 25.681785583496094 0.06407976150512695 32.84996032714844
v 48.086204528808594 -3.883537530899048 11.700288772583008
v 47.05828857421875 -3.883537530899048 11.176538467407227
v 47.66812515258789 -2.567664623260498 11.618600845336914
v 46.38322830200195 -2.567664861679077 10.96391487121582
v 46.83196258544922 0.06408119201660156 11.45522689819336
v 48.18208312988281 -2.567664623260498 11.880475997924805
v 46.448455810546875 -5.199410438537598 10.734477043151855
v 47.47637176513672 -5.199410438537598 11.25822639465332
v 27.555706024169922 20.035062789916992 8.39523983001709
v 28.5836181640625 20.03506088256836 8.91899299621582
v 43.99309539794922 20.012853622436523 16.770540237426758
v 45.02101516723633 20.01285171508789 17.294292449951172
v 29.17709732055664 20.035057067871094 27.869121551513672
v 28.642221450805664 17.944805145263672 30.1894588470459
v 27.614309310913086 17.944805145263672 29.66571044921875
v 46.64020919799805 -2.567664623260498 11.094852447509766
v 27.020824432373047 22.12531280517578 10.715576171875
v 27.513858795166016 24.215564727783203 13.559659004211426
v 25.45802879333496 24.215566635131836 12.51215934753418
v 48.112937927246094 10.591060638427734 13.158608436584473
v 47.790733337402344 13.222805976867676 13.257108688354492
v 48.017059326171875 9.275188446044922 12.97842025756836
v 35.747283935546875 9.275185585021973 37.059234619140625
v 35.8397216796875 13.222805976867676 36.712318420410156
v 35.250587463378906 2.695819854736328 37.46284484863281
v 35.65484619140625 5.3275651931762695 37.406150817871094
v 29.156177520751953 17.944805145263672 30.451332092285156
v 34.40753936767578 10.591058731079102 36.245262145996094
v 34.29783630371094 13.222803115844727 35.92669677734375
v 31.586605072021484 0.06408071517944336 3.68731689453125
v 30.558692932128906 0.06408262252807617 3.163567543029785
v 31.394853591918945 -2.567664623260498 3.32694149017334
v 35.03119659423828 7.959315299987793 36.825706481933594
v 34.71936798095703 9.275186538696289 36.535484313964844
v 35.43545913696289 10.591060638427734 36.769012451171875
v 35.34302520751953 6.643440246582031 37.115928649902344
v 30.48954200744629 13.222810745239258 4.4416961669921875
v 34.84632873535156 0.06407499313354492 37.51953887939453
v 34.73663330078125 2.6958224773406982 37.20096969604492
v 30.29779052734375 10.591066360473633 4.0813188552856445
v 31.325702667236328 10.591064453125 4.605072021484375
v 34.956024169921875 -2.5676727294921875 37.83810806274414
v 18.168804168701172 -2.5676658153533936 29.28457260131836
v 18.792457580566406 -5.199411869049072 29.86501693725586
v 16.736631393432617 -5.199410438537598 28.81751823425293
v 30.20500946044922 20.035057067871094 28.39286994934082
v 39.94956970214844 -3.883537769317627 7.554451942443848
v 38.921653747558594 -3.8835394382476807 7.030709266662598
v 40.36764907836914 -5.199410438537598 7.636135578155518
v 39.53148651123047 -2.5676651000976562 7.4727678298950195
v 40.045440673828125 -2.56766414642334 7.7346391677856445
v 38.31181716918945 -5.199413776397705 6.588650226593018
v 39.3397331237793 -5.1994123458862305 7.112392902374268
v 18.573062896728516 0.06407976150512695 29.22787857055664
v 17.914886474609375 15.854557037353516 27.31647491455078
v 38.503570556640625 -2.56766676902771 6.9490251541137695
v 31.253841400146484 22.125308990478516 26.334407806396484
v 26.582738876342773 9.275189399719238 32.38965606689453
v 26.270912170410156 10.591062545776367 32.09943771362305
v 26.784870147705078 10.591062545776367 32.36131286621094
v 26.161216735839844 13.222807884216309 31.780868530273438
v 30.78502082824707 -3.8835365772247314 2.8848791122436523
v 30.175188064575195 -5.199408531188965 2.442816972732544
v 31.203102111816406 -5.199410438537598 2.966566324234009
v 32.231014251708984 -5.199411869049072 3.4903156757354736
v 30.366939544677734 -2.5676629543304443 2.803192138671875
v 30.109962463378906 -2.5676627159118652 2.672255039215088
v 35.36028289794922 0.0640726089477539 37.78141403198242
v 18.446102142333984 9.275190353393555 28.24382781982422
v 18.13427734375 10.591064453125 27.953609466552734
v 18.024581909179688 13.222810745239258 27.635042190551758
v 17.76760482788086 13.222810745239258 27.504104614257812
v 27.518218994140625 5.327571868896484 33.26032257080078
v 25.7569580078125 10.591062545776367 31.837562561035156
v 45.0821533203125 22.092002868652344 19.918319702148438
v 44.11537551879883 24.171152114868164 22.018598556518555
v 46.04893112182617 20.01285171508789 17.818042755126953
v 46.27534103393555 18.973276138305664 16.636964797973633
v 45.53497314453125 20.01285171508789 17.556167602539062
v 28.149185180664062 20.035057067871094 27.34537124633789
v 36.720245361328125 20.035057067871094 13.064826965332031
v 37.255126953125 17.944808959960938 10.74449348449707
v 37.37838363647461 18.467369079589844 11.455514907836914
v 38.036521911621094 16.899682998657227 9.846202850341797
v 39.236000061035156 14.53868293762207 9.029596328735352
v 38.81792068481445 15.854557037353516 8.94791030883789
v 37.790008544921875 15.854559898376465 8.424160957336426
v 39.84583282470703 15.85455322265625 9.471659660339355
v 38.341651916503906 20.03505516052246 32.538700103759766
v 37.56025314331055 18.98992919921875 33.43699645996094
v 40.43932342529297 24.215559005737305 28.421770095825195
v 38.21839141845703 20.5576171875 31.827678680419922
v 38.87652587890625 22.12530517578125 30.218360900878906
v 37.31372833251953 20.035053253173828 32.014949798583984
v 19.52886199951172 7.959315299987793 28.92685890197754
v 19.381580352783203 5.327569961547852 29.114490509033203
v 28.56269645690918 22.12531280517578 11.501201629638672
v 28.048738479614258 22.12531280517578 11.239326477050781
v 29.711971282958984 22.125308990478516 25.548782348632812
v 30.24684715270996 24.215560913085938 23.22844123840332
v 32.30267333984375 24.215560913085938 24.275943756103516
v 21.061386108398438 22.12531280517578 21.14107894897461
v 36.74116897583008 17.94481086730957 10.48261833190918
v 36.18536376953125 22.125308990478516 15.38515567779541
v 35.65048599243164 24.215559005737305 17.70548439025879
v 30.942197799682617 5.327573299407959 3.8843178749084473
v 25.609676361083984 7.959316253662109 32.02519226074219
v 25.462392807006836 5.32757043838501 32.21282196044922
v 27.66550064086914 7.959317207336426 33.07269287109375
v 27.960063934326172 13.222807884216309 32.697425842285156
v 36.28580856323242 20.035053253173828 31.491201400756836
v 37.33464431762695 22.12530517578125 29.4327392578125
v 47.023712158203125 2.695827007293701 11.81560230255127
v 47.2154655456543 5.327572822570801 12.17597770690918
v 17.473041534423828 7.9593186378479 27.87936782836914
v 17.620323181152344 10.591064453125 27.691736221313477
v 17.986995697021484 7.959317684173584 28.141239166259766
v 29.611534118652344 20.03506088256836 9.442743301391602
v 33.74629592895508 7.959312438964844 36.1710205078125
v 19.823421478271484 13.222805976867676 28.551597595214844
v 37.848602294921875 22.12530517578125 29.694612503051758
v 38.383480072021484 24.215559005737305 27.37427520751953
v 36.77885437011719 17.944801330566406 34.335289001464844
v 22.603260040283203 22.12531280517578 21.92670440673828
v 24.16604995727539 24.215564727783203 20.13011360168457
v 23.11721420288086 22.12531089782715 22.188575744628906
v 18.97732162475586 2.6958248615264893 29.171184539794922
v 18.46336555480957 2.6958253383636475 28.90930938720703
v 38.016334533691406 11.906940460205078 8.14547061920166
v 38.112213134765625 13.222813606262207 8.325657844543457
v 46.57105255126953 10.591064453125 12.372979164123535
v 46.76280975341797 13.222808837890625 12.733356475830078
v 45.92664337158203 15.854555130004883 12.56998062133789
v 27.100353240966797 17.944805145263672 29.40383529663086
v 29.783832550048828 10.591066360473633 3.819444417953491
v 30.106037139892578 7.959320545196533 3.7209436893463135
v 39.401031494140625 2.695828437805176 7.931645393371582
v 39.496910095214844 4.011700630187988 8.111833572387695
v 39.078826904296875 5.327574729919434 8.03014850616455
v 47.85987854003906 0.06408119201660156 11.97897720336914
v 47.40721893310547 7.959317207336426 12.536355018615723
v 30.660369873046875 17.944808959960938 7.384284973144531
v 46.057098388671875 10.591063499450684 12.111104965209961
v 46.379302978515625 7.959318161010742 12.012603759765625
v 46.89325714111328 7.9593186378479 12.274478912353516
v 37.92045974731445 10.591066360473633 7.965283393859863
v 38.2426643371582 7.959320068359375 7.8667802810668945
v 22.110219955444336 24.215566635131836 19.08261489868164
v 38.756622314453125 7.959321022033691 8.12865161895752
v 38.660743713378906 6.643447399139404 7.948464393615723
v 39.27057647705078 7.959319591522217 8.390525817871094
v 30.6199951171875 7.959320068359375 3.982818365097046
v 31.133949279785156 7.959319114685059 4.244694709777832
v 31.647907257080078 7.959318161010742 4.5065717697143555
v 31.83966064453125 10.591062545776367 4.86694860458374
v 31.264400482177734 2.695827007293701 3.7858173847198486
v 30.750446319580078 2.6958279609680176 3.523942708969116
v 27.11395835876465 2.6958260536193848 33.3170166015625
v 26.60000228881836 2.6958255767822266 33.05514144897461
v 26.086044311523438 2.6958253383636475 32.79326629638672
v 25.167827606201172 0.06407928466796875 32.58808135986328
v 25.57209014892578 2.6958250999450684 32.53139114379883
v 39.78453826904297 7.959317684173584 8.652400970458984
v 39.68865966796875 6.643445014953613 8.472211837768555
v 39.654083251953125 13.222808837890625 9.111282348632812
v 39.976287841796875 10.591062545776367 9.012779235839844
v 39.305152893066406 1.3799548149108887 7.751458168029785
v 38.8870735168457 2.6958274841308594 7.669774055480957
v 38.468994140625 4.01170015335083 7.588089942932129
v 38.383480072021484 24.215559005737305 27.37427520751953
v 40.22151184082031 24.193355560302734 24.172687530517578
v 41.249427795410156 24.193355560302734 24.69643783569336
v 42.05954360961914 24.171152114868164 20.971099853515625
v 34.332374572753906 0.06407666206359863 37.25766372680664
v 34.222679138183594 2.695824384689331 36.93909454345703
v 35.65048599243164 24.215559005737305 17.70548439025879
v 33.97657775878906 24.215560913085938 20.99071502685547
v 32.948665618896484 24.215560913085938 20.466962814331055
v 32.30267333984375 24.215560913085938 24.275943756103516
v 30.24684715270996 24.215560913085938 23.22844123840332
v 31.92074966430664 24.215560913085938 19.943218231201172
v 33.59465408325195 24.21556282043457 16.65799331665039
v 33.818416595458984 0.06407880783081055 36.99578857421875
v 27.513858795166016 24.215564727783203 13.559659004211426
v 25.839954376220703 24.215564727783203 16.844886779785156
v 24.81203842163086 24.215564727783203 16.321136474609375
v 24.16604995727539 24.215564727783203 20.13011360168457
v 22.110219955444336 24.215566635131836 19.08261489868164
v 23.78412437438965 24.215566635131836 15.79738712310791
v 25.45802879333496 24.215566635131836 12.51215934753418
v 33.3044548034668 0.06407785415649414 36.733909606933594
v 33.708717346191406 2.6958231925964355 36.67721939086914
v 47.53767395019531 2.695827007293701 12.07747745513916
v 47.441795349121094 1.3799540996551514 11.897289276123047
v 19.087018966674805 0.06407928466796875 29.48975372314453
v 18.68276023864746 -2.5676660537719727 29.54644775390625
v 29.9755859375 13.22281265258789 4.179819583892822
v 32.16578674316406 -2.5676660537719727 3.719754695892334
v 31.908809661865234 -2.5676655769348145 3.5888161659240723
v 27.223655700683594 0.06408071517944336 33.635581970214844
v 26.819393157958984 -2.5676651000976562 33.69227600097656
v 26.92909049987793 -5.199410438537598 34.01084518432617
v 39.1134033203125 -1.2517924308776855 7.391083717346191
v 46.24884796142578 13.222809791564941 12.471479415893555
v 18.963720321655273 17.944808959960938 25.258010864257812
v 19.477676391601562 17.944808959960938 25.51988410949707
v 47.25004577636719 -1.2517917156219482 11.536913871765137
v 26.506866455078125 22.125314712524414 10.453699111938477
v 28.604543685913086 17.94481086730957 6.336780071258545
v 36.69932556152344 22.125308990478516 15.647027969360352
v 30.146411895751953 17.944808959960938 7.122409820556641
v 29.198017120361328 22.125308990478516 25.286907196044922
v 30.739885330200195 22.125308990478516 26.072532653808594
v 44.959869384765625 17.933704376220703 14.670260429382324
v 19.566444396972656 13.222805976867676 28.4206600189209
v 17.140892028808594 -2.5676651000976562 28.76082420349121
v 31.5174560546875 13.222809791564941 4.965449333190918
v 40.43932342529297 24.215559005737305 28.421770095825195
v 44.11537551879883 24.171152114868164 22.018598556518555
v 25.277524948120117 -2.5676660537719727 32.906654357910156
v 25.589351654052734 -3.8835387229919434 33.196876525878906
v 24.87326431274414 -5.199411869049072 32.96334457397461
v 42.27735137939453 24.193355560302734 25.220184326171875
v 27.70308494567871 13.222807884216309 32.566490173339844
v 33.414154052734375 -2.567666530609131 37.05248260498047
v 41.434173583984375 15.11368179321289 15.078765869140625
v 41.11412811279297 14.149975776672363 15.921971321105957
v 42.65648651123047 16.87140464782715 12.034599304199219
v 40.21186065673828 13.355958938598633 18.12293243408203
v 40.98303985595703 14.716672897338867 16.179244995117188
v 33.15721893310547 13.003296852111816 27.0419979095459
v 33.284996032714844 12.492719650268555 27.399078369140625
v 32.457855224609375 14.01134967803955 29.195959091186523
v 33.85658645629883 11.995244026184082 24.888036727905273
v 32.330078125 14.521926879882812 28.838878631591797
v 31.63071060180664 15.529979705810547 30.992839813232422
v 30.80356788635254 17.048608779907227 32.78972244262695
v 31.65343475341797 15.370323181152344 31.196571350097656
v 17.05190658569336 13.003296852111816 18.83592987060547
v 17.17967987060547 12.492719650268555 19.193008422851562
v 16.352537155151367 14.01134967803955 20.989891052246094
v 17.75127410888672 11.995244026184082 16.681968688964844
v 16.224763870239258 14.521926879882812 20.6328125
v 22.927919387817383 12.349841117858887 8.71852970123291
v 21.580474853515625 10.974090576171875 10.382437705993652
v 23.69370460510254 13.851694107055664 6.830363750457764
v 15.525394439697266 15.529979705810547 22.786773681640625
v 14.69825267791748 17.048608779907227 24.583656311035156
v 15.548116683959961 15.370323181152344 22.99050521850586
v 23.515525817871094 14.01134967803955 6.931732177734375
v 22.18401336669922 13.003296852111816 8.763599395751953
v 23.151538848876953 14.521926879882812 7.038246154785156
v 20.852500915527344 11.995244026184082 10.595466613769531
v 22.54800033569336 12.492719650268555 8.657085418701172
v 24.483051300048828 15.529979705810547 5.206378936767578
v 25.450578689575195 17.048608779907227 3.4810261726379395
v 24.661230087280273 15.370323181152344 5.105010986328125
v 39.62084197998047 14.01134967803955 15.137800216674805
v 38.289329528808594 13.003296852111816 16.969669342041016
v 39.256858825683594 14.521926879882812 15.244316101074219
v 36.95781707763672 11.995244026184082 18.801536560058594
v 38.653316497802734 12.492719650268555 16.8631534576416
v 19.6351261138916 11.346821784973145 16.21356773376465
v 18.00682258605957 10.974090576171875 17.396127700805664
v 40.58837127685547 15.529979705810547 13.412446975708008
v 41.5558967590332 17.048608779907227 11.687094688415527
v 40.76654815673828 15.370323181152344 13.311079025268555
v 19.223630905151367 13.727910995483398 19.5001220703125
v 18.862300872802734 14.0812406539917 19.113962173461914
v 18.082035064697266 14.893878936767578 21.310468673706055
v 20.36522674560547 12.561942100524902 17.689775466918945
v 17.995763778686523 14.716672897338867 21.479785919189453
v 39.57838439941406 14.0812406539917 18.270885467529297
v 39.309593200683594 12.561942100524902 20.32389259338379
v 40.103179931640625 13.727910995483398 18.336227416992188
v 40.896766662597656 14.893878936767578 16.34856414794922
v 35.328948974609375 13.727910995483398 27.706188201904297
v 34.96761703491211 14.0812406539917 27.320030212402344
v 34.18735122680664 14.893878936767578 29.51653480529785
v 36.470542907714844 12.561942100524902 25.895843505859375
v 34.10108184814453 14.716672897338867 29.685853958129883
v 20.103050231933594 11.428546905517578 18.20432472229004
v 23.473072052001953 14.0812406539917 10.064817428588867
v 23.20427703857422 12.561942100524902 12.117825508117676
v 23.997865676879883 13.727910995483398 10.13016128540039
v 24.791454315185547 14.893878936767578 8.142496109008789
v 19.642566680908203 13.26860237121582 16.917455673217773
v 24.877723693847656 14.716672897338867 7.973178386688232
v 33.88349151611328 13.177406311035156 25.7438907623291
v 33.18241882324219 13.33841323852539 26.812774658203125
v 34.584564208984375 13.016398429870605 24.675006866455078
v 32.50825500488281 14.681583404541016 28.73751449584961
v 32.87224197387695 15.192159652709961 28.630998611450195
v 31.834087371826172 16.02475357055664 30.66225242614746
v 31.159921646118164 17.367921829223633 32.58699035644531
v 31.65591049194336 15.865096092224121 30.76361846923828
v 33.546409606933594 13.848991394042969 26.706260681152344
v 17.44109344482422 13.848991394042969 18.50019073486328
v 17.077106475830078 13.33841323852539 18.606706619262695
v 16.40294075012207 14.681583404541016 20.531444549560547
v 18.479248046875 13.016398429870605 16.46893882751465
v 16.76692771911621 15.192159652709961 20.424928665161133
v 15.72877311706543 16.02475357055664 22.456180572509766
v 15.054606437683105 17.367921829223633 24.380918502807617
v 15.550596237182617 15.865096092224121 22.55755043029785
v 23.17426300048828 14.681583404541016 7.241977691650391
v 22.141155242919922 13.848991394042969 9.275802612304688
v 23.30203628540039 15.192159652709961 7.599057674407959
v 21.108049392700195 13.016398429870605 11.309626579284668
v 22.013381958007812 13.33841323852539 8.918722152709961
v 24.33514404296875 16.02475357055664 5.56523323059082
v 25.496023178100586 17.367921829223633 3.88848876953125
v 24.312419891357422 15.865096092224121 5.361501693725586
v 39.279579162597656 14.681583404541016 15.448046684265137
v 38.24647521972656 13.848991394042969 17.481870651245117
v 39.407352447509766 15.192159652709961 15.805126190185547
v 37.2133674621582 13.016398429870605 19.515695571899414
v 38.11869812011719 13.33841323852539 17.124792098999023
v 40.440460205078125 16.02475357055664 13.77130126953125
v 41.60133743286133 17.367921829223633 12.09455680847168
v 40.41773986816406 15.865096092224121 13.567570686340332
v 34.432518005371094 14.250097274780273 26.915924072265625
v 33.85085678100586 14.123994827270508 26.691665649414062
v 33.117149353027344 15.231592178344727 28.708324432373047
v 33.0411262512207 15.848442077636719 29.82878303527832
v 31.64973258972168 17.446786880493164 32.741641998291016
v 33.69880676269531 15.357694625854492 28.93258285522461
v 18.327199935913086 14.250097274780273 18.709856033325195
v 17.745540618896484 14.123994827270508 18.485597610473633
v 17.01183319091797 15.231592178344727 20.502256393432617
v 16.935808181762695 15.848442077636719 21.62271499633789
v 15.544416427612305 17.446786880493164 24.535573959350586
v 17.593490600585938 15.357694625854492 20.72651481628418
v 24.70879554748535 16.339189529418945 5.972794532775879
v 24.0318660736084 15.357694625854492 8.090495109558105
v 25.90904426574707 17.446786880493164 4.193850040435791
v 23.508546829223633 15.231592178344727 7.751738548278809
v 24.50228500366211 16.29975700378418 5.820113658905029
v 22.308298110961914 14.123994827270508 9.530682563781738
v 22.83161735534668 14.250097274780273 9.869439125061035
v 40.81411361694336 16.339189529418945 14.178861618041992
v 40.137184143066406 15.357694625854492 16.29656219482422
v 42.01436233520508 17.446786880493164 12.399917602539062
v 39.61386489868164 15.231592178344727 15.957806587219238
v 40.607601165771484 16.29975700378418 14.026182174682617
v 38.41361618041992 14.123994827270508 17.736751556396484
v 38.93693542480469 14.250097274780273 18.07550621032715
v 39.57176971435547 11.428546905517578 19.809343338012695
v 40.986915588378906 14.03948974609375 15.724178314208984
v 40.34294891357422 12.789260864257812 17.865657806396484
v 38.8491096496582 10.72188663482666 19.037023544311523
v 37.685791015625 10.974090576171875 18.5885066986084
v 39.033233642578125 12.349841117858887 16.924598693847656
v 35.158775329589844 10.72188663482666 26.279708862304688
v 36.20836639404297 11.428546905517578 26.4103946685791
v 34.70938491821289 12.557353019714355 28.150760650634766
v 39.79901885986328 13.851694107055664 15.036432266235352
v 35.74788284301758 13.26860237121582 25.123523712158203
v 40.380680084228516 13.725591659545898 15.260690689086914
v 33.82602310180664 15.247208595275879 29.130374908447266
v 17.720706939697266 15.247208595275879 20.92430877685547
v 22.154687881469727 13.26860237121582 11.987139701843262
v 24.266658782958984 15.247208595275879 8.077153205871582
v 33.21040344238281 13.686159133911133 29.891128540039062
v 33.735198974609375 14.03948974609375 29.956470489501953
v 38.26000213623047 13.26860237121582 20.193206787109375
v 40.371971130371094 15.247208595275879 16.283220291137695
v 23.466453552246094 11.428546905517578 11.603275299072266
v 22.743793487548828 10.72188663482666 10.830954551696777
v 23.993362426757812 12.557353019714355 9.367612838745117
v 31.731618881225586 16.87140464782715 33.47586441040039
v 35.22026824951172 13.355958938598633 27.91948699951172
v 33.969993591308594 14.149975776672363 29.943130493164062
v 37.68617630004883 11.346821784973145 20.600923538208008
v 37.449771881103516 12.181610107421875 20.05830955505371
v 37.321998596191406 11.671032905578613 19.701229095458984
v 38.267642974853516 11.034354209899902 19.818973541259766
v 38.497886657714844 11.954381942749023 20.4624080657959
v 37.97309112548828 12.30771255493164 20.397064208984375
v 15.626301765441895 16.87140464782715 25.26979637145996
v 19.34429359436035 11.034354209899902 17.143604278564453
v 19.0534610748291 10.72188663482666 18.073640823364258
v 35.449607849121094 11.034354209899902 25.349672317504883
v 35.740440368652344 11.346821784973145 24.419635772705078
v 35.974403381347656 11.387683868408203 25.415016174316406
v 34.11214065551758 10.974090576171875 25.602195739746094
v 36.105491638183594 11.954381942749023 25.157739639282227
v 35.744163513183594 12.30771255493164 24.77157974243164
v 34.79851531982422 11.671032905578613 24.65383529663086
v 24.106544494628906 13.355958938598633 9.916864395141602
v 26.551172256469727 16.87140464782715 3.82853102684021
v 41.69035339355469 16.059846878051758 14.360898971557617
v 41.427955627441406 16.23651123046875 14.328227996826172
v 42.483943939208984 17.225814819335938 12.373234748840332
v 19.114952087402344 13.355958938598633 19.713417053222656
v 25.585041046142578 16.059846878051758 6.1548309326171875
v 25.322643280029297 16.23651123046875 6.122159957885742
v 26.378629684448242 17.225814819335938 4.167166233062744
v 16.940441131591797 16.059846878051758 23.12081527709961
v 16.759777069091797 16.23651123046875 22.927734375
v 15.798845291137695 17.225814819335938 24.931161880493164
v 33.04575729370117 16.059846878051758 31.326881408691406
v 32.86509323120117 16.23651123046875 31.133800506591797
v 31.90416145324707 17.225814819335938 33.13722610473633
v 17.864675521850586 14.149975776672363 21.737060546875
v 16.033220291137695 16.29975700378418 22.441587448120117
v 32.13853454589844 16.29975700378418 30.64765739440918
v 41.758094787597656 15.400203704833984 13.780491828918457
v 42.40205764770508 16.650432586669922 11.639012336730957
v 26.29674530029297 16.650432586669922 3.4329440593719482
v 25.65277862548828 15.400203704833984 5.574423789978027
v 25.008811950683594 14.149975776672363 7.715903282165527
v 15.156716346740723 16.650432586669922 25.296478271484375
v 17.6298828125 14.03948974609375 21.75040054321289
v 16.510696411132812 15.400203704833984 23.516769409179688
v 31.262033462524414 16.650432586669922 33.50254821777344
v 32.61601257324219 15.400203704833984 31.72283935546875
v 41.91225051879883 16.729297637939453 11.484357833862305
v 25.806934356689453 16.729297637939453 3.278289794921875
v 14.743695259094238 16.729297637939453 24.991117477416992
v 30.84901237487793 16.729297637939453 33.19718551635742
v 18.604068756103516 12.557353019714355 19.944690704345703
v 17.10508918762207 13.686159133911133 21.68505859375
v 32.2362174987793 15.168295860290527 31.69683837890625
v 41.268917083740234 15.207728385925293 13.411188125610352
v 40.62558364868164 13.686159133911133 15.338018417358398
v 32.02970886230469 15.207728385925293 31.544157028198242
v 24.27536392211914 13.725591659545898 7.054622173309326
v 25.16360092163086 15.207728385925293 5.205119609832764
v 24.5202693939209 13.686159133911133 7.131949424743652
v 16.898578643798828 13.725591659545898 21.532379150390625
v 15.924392700195312 15.207728385925293 23.338088989257812
v 33.0038948059082 13.725591659545898 29.738447189331055
v 34.18458938598633 12.204023361206055 28.085418701171875
v 40.09867858886719 12.557353019714355 17.573680877685547
v 23.632030487060547 12.204023361206055 8.981451988220215
v 21.580856323242188 11.346821784973145 12.394855499267578
v 25.14505386352539 14.603893280029297 6.400278091430664
v 41.51382064819336 15.168295860290527 13.488515853881836
v 39.73734664916992 12.204023361206055 17.18752098083496
v 16.130903244018555 15.168295860290527 23.490768432617188
v 18.079275131225586 12.204023361206055 19.879348754882812
v 33.55801773071289 12.349841117858887 27.67032241821289
v 34.081336975097656 12.223739624023438 28.009078979492188
v 32.48057556152344 13.851694107055664 29.399690628051758
v 32.203514099121094 14.539569854736328 30.433753967285156
v 17.452701568603516 12.349841117858887 19.464252471923828
v 17.97602081298828 12.223739624023438 19.803009033203125
v 18.253082275390625 11.535863876342773 18.76894760131836
v 16.375259399414062 13.851694107055664 21.193622589111328
v 16.09819793701172 14.539569854736328 22.227684020996094
v 25.041149139404297 15.227444648742676 5.16645622253418
v 22.835857391357422 11.535863876342773 9.774742126464844
v 41.14646530151367 15.227444648742676 13.37252426147461
v 39.61489486694336 12.223739624023438 17.14885711669922
v 32.850807189941406 15.510690689086914 31.709497451782227
v 35.08917999267578 12.789260864257812 28.176761627197266
v 16.7454891204834 15.510690689086914 23.503429412841797
v 18.983863830566406 12.789260864257812 19.970691680908203
v 24.237632751464844 12.789260864257812 9.659589767456055
v 25.328857421875 15.11368179321289 6.872697830200195
v 27.512704849243164 11.17039966583252 31.21672248840332
v 27.326244354248047 13.280580520629883 31.188922882080078
v 27.618167877197266 13.278663635253906 31.065576553344727
v 29.53032875061035 12.068220138549805 27.74393081665039
v 29.658737182617188 15.835837364196777 27.455154418945312
v 29.51690673828125 15.831811904907227 28.072826385498047
v 27.7236328125 15.386926651000977 30.914430618286133
v 27.829097747802734 17.495189666748047 30.76328468322754
v 27.752609252929688 17.491165161132812 31.39239501953125
v 21.154117584228516 12.367752075195312 23.121837615966797
v 20.737777709960938 12.363725662231445 23.59963607788086
v 20.816850662231445 14.24753475189209 23.462825775146484
v 20.479583740234375 16.127317428588867 23.803813934326172
v 21.312265396118164 16.1353702545166 22.848215103149414
v 45.09709548950195 12.367752075195312 16.278440475463867
v 45.33611297607422 14.253478050231934 16.330671310424805
v 44.968685150146484 16.1353702545166 16.567216873168945
v 45.70353698730469 12.371585845947266 16.094125747680664
v 27.934560775756836 19.60345458984375 30.612138748168945
v 27.53717041015625 17.497108459472656 30.88663101196289
v 29.419719696044922 17.7215633392334 27.402923583984375
v 29.78714370727539 19.60345458984375 27.166378021240234
v 29.052295684814453 15.83967113494873 27.63947105407715
v 47.24312210083008 7.702314853668213 12.516874313354492
v 47.137657165527344 9.810578346252441 12.668020248413086
v 47.108680725097656 11.914815902709961 12.190053939819336
v 21.361461639404297 12.371585845947266 23.720794677734375
v 21.336864471435547 14.253478050231934 23.284503936767578
v 47.032196044921875 11.918842315673828 12.81916618347168
v 28.502906799316406 12.295825958251953 8.464366912841797
v 28.725826263427734 8.456281661987305 8.202805519104004
v 29.134172439575195 12.291799545288086 8.52035140991211
v 47.42958450317383 9.812495231628418 12.544672966003418
v 46.926734924316406 14.027106285095215 12.970312118530273
v 47.00321960449219 14.023079872131348 12.34119987487793
v 45.238922119140625 12.363725662231445 15.66076946258545
v 45.252342224121094 16.127317428588867 15.331873893737793
v 45.22550582885742 8.60013484954834 15.989665031433105
v 46.82126998901367 16.1353702545166 13.121458053588867
v 37.477882385253906 8.456281661987305 31.17326545715332
v 37.5584602355957 12.295825958251953 30.83917808532715
v 37.97480010986328 12.291799545288086 31.31697654724121
v 47.218658447265625 14.029022216796875 12.846964836120605
v 29.277891159057617 17.71753692626953 28.020597457885742
v 29.50348663330078 19.59540367126465 28.401723861694336
v 28.574262619018555 19.611122131347656 27.535011291503906
v 20.920522689819336 14.249451637268066 23.762304306030273
v 29.37840461730957 17.16219711303711 8.422821998596191
v 29.00537109375 16.143035888671875 7.6863250732421875
v 29.214290618896484 18.197078704833984 8.007746696472168
v 29.542518615722656 16.127317428588867 8.837897300720215
v 20.9959716796875 8.60013484954834 23.39546012878418
v 46.18156814575195 16.143035888671875 16.19858741760254
v 29.42321014404297 20.251121520996094 8.329168319702148
v 37.35111999511719 12.29965877532959 31.438133239746094
v 37.39140701293945 14.219430923461914 31.27109146118164
v 37.2243537902832 16.143035888671875 31.7030029296875
v 26.151809692382812 17.16219711303711 14.66337776184082
v 26.528385162353516 16.143035888671875 13.928686141967773
v 26.39114761352539 18.197078704833984 14.286632537841797
v 37.40471267700195 15.767744064331055 12.295461654663086
v 37.36442565917969 17.687515258789062 12.462505340576172
v 37.19736862182617 15.763910293579102 12.894418716430664
v 37.53147888183594 19.611122131347656 12.03059196472168
v 37.116790771484375 19.60345458984375 13.228506088256836
v 25.9124698638916 16.127317428588867 15.04012393951416
v 28.865598678588867 12.29965877532959 7.944565296173096
v 28.754138946533203 14.219430923461914 8.075345993041992
v 28.279985427856445 16.1353702545166 8.72592830657959
v 27.545339584350586 16.127317428588867 10.955509185791016
v 27.35269546508789 12.414277076721191 11.314151763916016
v 26.60858726501465 16.143035888671875 11.814080238342285
v 29.06977081298828 14.21741771697998 8.103338241577148
v 26.2539119720459 20.251121520996094 14.64457893371582
v 37.80691909790039 14.213584899902344 30.911033630371094
v 37.6390380859375 16.1353702545166 30.505090713500977
v 38.47172164916992 16.127317428588867 31.4606876373291
v 39.18790817260742 12.414277076721191 28.23357582092285
v 40.17275619506836 16.1353702545166 28.093442916870117
v 39.01099395751953 16.127317428588867 28.60023307800293
v 36.948909759521484 17.681671142578125 12.822563171386719
v 36.781028747558594 15.759885787963867 12.416619300842285
v 24.872272491455078 17.16219711303711 16.9627685546875
v 24.205535888671875 16.143035888671875 16.47589874267578
v 24.53760528564453 18.197078704833984 16.66744041442871
v 25.206939697265625 16.127317428588867 17.25809669494629
v 24.86967658996582 20.251121520996094 16.85898208618164
v 28.70707893371582 14.213584899902344 8.623140335083008
v 22.89242935180664 17.16219711303711 21.060272216796875
v 23.269004821777344 16.143035888671875 20.325580596923828
v 23.13176727294922 18.197078704833984 20.68352508544922
v 22.65308952331543 16.127317428588867 21.43701934814453
v 22.994531631469727 20.251121520996094 21.041471481323242
v 39.76879119873047 12.418303489685059 27.980180740356445
v 20.911849975585938 17.16219711303711 23.91501808166504
v 21.726951599121094 16.143035888671875 24.046131134033203
v 21.3441162109375 18.197078704833984 24.026222229003906
v 20.961280822753906 20.251121520996094 24.006315231323242
v 39.15498352050781 16.143035888671875 27.337730407714844
v 39.03491973876953 17.16219711303711 28.15453338623047
v 24.24236488342285 12.901189804077148 16.866039276123047
v 24.03118133544922 16.1353702545166 17.73151397705078
v 39.0588493347168 18.197078704833984 27.708833694458008
v 38.96271514892578 20.251121520996094 28.079936981201172
v 37.599578857421875 14.21741771697998 31.509990692138672
v 40.8185920715332 16.143035888671875 26.029911041259766
v 41.35573959350586 16.127317428588867 24.87833595275879
v 41.191627502441406 17.16219711303711 25.293411254882812
v 37.156253814697266 17.685504913330078 12.22360610961914
v 36.28410720825195 19.59540367126465 12.272908210754395
v 41.02751159667969 18.197078704833984 25.70848846435547
v 41.236427307128906 20.251121520996094 25.387065887451172
v 41.51399612426758 16.143035888671875 22.653472900390625
v 42.735416412353516 16.127317428588867 23.003860473632812
v 42.299781799316406 17.16219711303711 22.906700134277344
v 41.86414337158203 18.197078704833984 22.809537887573242
v 42.21428680419922 20.251121520996094 22.96560287475586
v 44.077972412109375 16.143035888671875 19.633018493652344
v 44.61511993408203 16.127317428588867 18.4814453125
v 44.45100402832031 17.16219711303711 18.896520614624023
v 43.74237060546875 20.24728775024414 19.308326721191406
v 43.21205139160156 20.24728775024414 18.550954818725586
v 43.54747772216797 18.191329956054688 18.950870513916016
v 43.35258483886719 16.1353702545166 18.593414306640625
v 44.28689193725586 18.197078704833984 19.311595916748047
v 44.495811462402344 20.251121520996094 18.99017333984375
v 41.782188415527344 20.24728775024414 22.271211624145508
v 42.4472770690918 20.24728775024414 21.628944396972656
v 42.104759216308594 18.191329956054688 22.02280044555664
v 42.42732620239258 16.1353702545166 21.77438735961914
v 30.545841217041016 12.017997741699219 5.696043014526367
v 30.625953674316406 7.9086785316467285 5.288237571716309
v 30.7198486328125 10.994597434997559 5.316231727600098
v 40.48299026489258 20.24728775024414 25.705217361450195
v 39.952674865722656 20.24728775024414 24.947845458984375
v 40.2880973815918 18.191329956054688 25.347761154174805
v 40.093204498291016 16.1353702545166 24.990304946899414
v 30.813743591308594 14.080516815185547 5.344226360321045
v 30.853797912597656 12.025856971740723 5.140323638916016
v 39.57626724243164 20.24728775024414 27.539155960083008
v 40.319496154785156 20.24728775024414 28.0891170501709
v 39.87451171875 18.191329956054688 27.816299438476562
v 37.289772033691406 20.24728775024414 31.24064826965332
v 37.59078598022461 20.24728775024414 30.366439819335938
v 37.46440505981445 18.191329956054688 30.87286949157715
v 25.952526092529297 14.072657585144043 14.836221694946289
v 25.99258041381836 12.017997741699219 14.632319450378418
v 26.260482788085938 14.080516815185547 14.280502319335938
v 25.626766204833984 14.07668399810791 14.292609214782715
v 35.92972946166992 20.24728775024414 34.64149475097656
v 35.3994140625 20.24728775024414 33.884124755859375
v 35.73483657836914 18.191329956054688 34.28404235839844
v 35.53994369506836 16.1353702545166 33.92658615112305
v 26.086475372314453 15.103917121887207 14.66031265258789
v 28.986770629882812 23.715373992919922 27.31616973876953
v 29.870948791503906 23.715373992919922 27.045848846435547
v 29.3869571685791 21.659414291381836 27.241273880004883
v 35.1795654296875 23.715373992919922 16.194440841674805
v 34.43633270263672 23.715373992919922 15.644478797912598
v 34.88132095336914 21.659414291381836 15.91729736328125
v 34.58307647705078 19.60345458984375 15.640153884887695
v 26.072689056396484 7.9086785316467285 14.224514961242676
v 26.16658592224121 10.994597434997559 14.252508163452148
v 20.154443740844727 24.35920524597168 27.90842628479004
v 19.64891815185547 22.305164337158203 27.697921752929688
v 20.027576446533203 20.251121520996094 27.75773811340332
v 19.900707244873047 16.143035888671875 27.6070499420166
v 19.88397789001465 20.24728775024414 27.14038848876953
v 26.300537109375 12.025856971740723 14.076601028442383
v 19.81122589111328 22.303245544433594 26.623525619506836
v 19.74874496459961 18.191329956054688 26.756370544433594
v 38.519020080566406 11.376764297485352 9.309955596923828
v 38.377601623535156 13.431424140930176 9.462211608886719
v 38.5047607421875 15.493943214416504 9.038681983947754
v 22.01079750061035 24.35920524597168 24.319334030151367
v 21.486038208007812 22.305164337158203 24.162824630737305
v 21.868873596191406 20.251121520996094 24.18273162841797
v 38.23618698120117 15.486083984375 9.61446762084961
v 21.661531448364258 20.24728775024414 23.58377456665039
v 38.867454528808594 15.49010944366455 9.558483123779297
v 21.535152435302734 22.303245544433594 23.077346801757812
v 21.48689842224121 18.191329956054688 23.21599578857422
v 33.965755462646484 11.376764297485352 18.246232986450195
v 33.8243408203125 13.431424140930176 18.39849090576172
v 33.95149612426758 15.493943214416504 17.974958419799805
v 23.616548538208008 24.35920524597168 20.140050888061523
v 23.305540084838867 22.305164337158203 20.590761184692383
v 23.44277572631836 20.251121520996094 20.23281478881836
v 33.68292236328125 15.486083984375 18.55074691772461
v 22.80906105041504 20.24728775024414 20.244922637939453
v 34.13997268676758 13.43343734741211 18.370498657226562
v 22.28836441040039 22.303245544433594 20.208621978759766
v 22.405317306518555 18.191329956054688 20.2973575592041
v 33.541507720947266 17.54074478149414 18.7030029296875
v 33.810081481933594 17.548603057861328 18.127216339111328
v 24.076658248901367 24.35920524597168 16.10361099243164
v 24.473167419433594 22.305164337158203 16.48129653930664
v 24.141098022460938 20.251121520996094 16.28975486755371
v 33.40009307861328 19.59540367126465 18.85525894165039
v 24.05392074584961 20.24728775024414 16.91756248474121
v 26.875926971435547 24.35920524597168 13.743157386779785
v 26.564918518066406 22.305164337158203 14.193868637084961
v 26.70215606689453 20.251121520996094 13.835922241210938
v 34.17277526855469 17.544769287109375 18.647018432617188
v 26.068439483642578 20.24728775024414 13.848028182983398
v 26.22013282775879 24.35920524597168 11.879743576049805
v 26.6580810546875 22.305164337158203 11.551009178161621
v 26.41436004638672 20.251121520996094 11.846912384033203
v 27.019168853759766 20.24728775024414 12.03651237487793
v 40.79007339477539 7.9086785316467285 25.487361907958984
v 40.931488037109375 9.963337898254395 25.335105895996094
v 40.8043327331543 12.025856971740723 25.758636474609375
v 27.50143814086914 22.303245544433594 12.236154556274414
v 27.418685913085938 18.191329956054688 12.114896774291992
v 41.072906494140625 12.017997741699219 25.182849884033203
v 40.6158561706543 9.965351104736328 25.36309814453125
v 29.05955696105957 24.35920524597168 7.296104431152344
v 29.241382598876953 22.305164337158203 7.812636375427246
v 29.03246307373047 20.251121520996094 7.491214752197266
v 28.669771194458008 20.24728775024414 8.011016845703125
v 31.429189682006836 24.35920524597168 4.806880474090576
v 31.118179321289062 22.305164337158203 5.257591247558594
v 31.255416870117188 20.251121520996094 4.89964485168457
v 40.94574737548828 14.080516815185547 25.606380462646484
v 41.15074157714844 15.103917121887207 25.242359161376953
v 31.08164405822754 16.143035888671875 4.992409706115723
v 30.6217041015625 20.24728775024414 4.9117512702941895
v 45.026710510253906 20.243261337280273 16.070077896118164
v 45.23469161987305 20.243261337280273 15.169193267822266
v 45.1395263671875 18.18528938293457 15.70097541809082
v 36.74870300292969 23.711347579956055 12.88935661315918
v 36.142120361328125 23.711347579956055 12.191566467285156
v 36.51640319824219 21.65337562561035 12.581132888793945
v 19.73847198486328 24.35920524597168 26.10666275024414
v 19.67599105834961 20.24728775024414 26.239505767822266
v 40.58305358886719 14.07668399810791 25.086578369140625
v 41.214324951171875 14.072657585144043 25.030593872070312
v 19.61351203918457 16.1353702545166 26.372350692749023
v 19.211986541748047 20.243261337280273 26.67116928100586
v 19.67599105834961 20.24728775024414 26.239505767822266
v 19.73847198486328 24.35920524597168 26.10666275024414
v 18.799034118652344 22.301233291625977 27.01947784423828
v 18.94874382019043 18.18528938293457 26.95342254638672
v 25.260953903198242 16.1353702545166 13.952898979187012
v 25.76961898803711 15.102001190185547 14.666366577148438
v 23.819305419921875 24.35920524597168 17.93477439880371
v 23.936613082885742 22.303245544433594 17.42616844177246
v 23.925243377685547 20.24728775024414 17.833145141601562
v 24.03118133544922 16.1353702545166 17.73151397705078
v 24.51312255859375 20.243261337280273 17.596435546875
v 23.925243377685547 20.24728775024414 17.833145141601562
v 23.819305419921875 24.35920524597168 17.93477439880371
v 25.023469924926758 22.301233291625977 17.41925048828125
v 24.860031127929688 18.18528938293457 17.427265167236328
v 36.4161376953125 15.102001190185547 33.918739318847656
v 36.8024787902832 16.127317428588867 33.81461715698242
v 27.98370933532715 24.35920524597168 12.435797691345215
v 27.900955200195312 20.24728775024414 12.314538955688477
v 36.02979278564453 14.07668399810791 34.022857666015625
v 27.81820297241211 16.1353702545166 12.193280220031738
v 27.764524459838867 20.243261337280273 11.695653915405273
v 27.900955200195312 20.24728775024414 12.314538955688477
v 27.98370933532715 24.35920524597168 12.435797691345215
v 27.564407348632812 20.243261337280273 10.792989730834961
v 27.654932022094727 18.18528938293457 11.325581550598145
v 36.51964569091797 12.017997741699219 34.1191291809082
v 27.998924255371094 24.35920524597168 8.8108491897583
v 28.334346771240234 22.303245544433594 8.410932540893555
v 28.139453887939453 20.24728775024414 8.768388748168945
v 40.969398498535156 15.102001190185547 24.98245620727539
v 28.279985427856445 16.1353702545166 8.72592830657959
v 28.770721435546875 20.243261337280273 8.824373245239258
v 28.139453887939453 20.24728775024414 8.768388748168945
v 27.998924255371094 24.35920524597168 8.8108491897583
v 29.305885314941406 22.301233291625977 8.898193359375
v 29.156620025634766 18.18528938293457 8.831134796142578
v 29.58030891418457 24.35920524597168 4.839152812957764
v 30.10100555419922 22.303245544433594 4.875452041625977
v 29.697261810302734 20.24728775024414 4.927887439727783
v 38.6932373046875 13.43343734741211 9.434219360351562
v 29.81421661376953 16.1353702545166 5.016622066497803
v 30.02301788330078 20.243261337280273 5.471500396728516
v 29.697261810302734 20.24728775024414 4.927887439727783
v 29.58030891418457 24.35920524597168 4.839152812957764
v 43.84332275390625 20.243261337280273 18.494970321655273
v 44.37848663330078 22.301233291625977 18.42115020751953
v 44.22922134399414 18.18528938293457 18.488208770751953
v 40.58393859863281 20.243261337280273 24.891860961914062
v 41.5050048828125 20.243261337280273 24.811279296875
v 40.96984100341797 18.18528938293457 24.88509750366211
v 36.06259536743164 9.965351104736328 34.29937744140625
v 36.25107192993164 12.025856971740723 34.694915771484375
v 35.88837814331055 12.022024154663086 34.175113677978516
v 36.236812591552734 7.9086785316467285 34.423641204833984
v 21.408771514892578 24.35920524597168 22.5709171295166
v 21.360519409179688 20.24728775024414 22.709566116333008
v 21.312265396118164 16.1353702545166 22.848215103149414
v 20.944177627563477 20.243261337280273 23.187366485595703
v 21.360519409179688 20.24728775024414 22.709566116333008
v 21.408771514892578 24.35920524597168 22.5709171295166
v 21.767669677734375 24.35920524597168 20.172321319580078
v 21.884620666503906 20.24728775024414 20.261056900024414
v 22.00157356262207 16.1353702545166 20.34979248046875
v 22.21038055419922 20.243261337280273 20.804670333862305
v 21.884620666503906 20.24728775024414 20.261056900024414
v 21.767669677734375 24.35920524597168 20.172321319580078
v 25.027048110961914 24.35920524597168 13.775429725646973
v 25.547744750976562 22.303245544433594 13.811729431152344
v 25.144001007080078 20.24728775024414 13.864164352416992
v 34.488407135009766 17.546781539916992 18.61902618408203
v 34.12571334838867 17.550615310668945 18.099224090576172
v 34.66262435913086 19.60345458984375 18.743289947509766
v 25.260953903198242 16.1353702545166 13.952898979187012
v 25.469758987426758 20.243261337280273 14.407776832580566
v 25.144001007080078 20.24728775024414 13.864164352416992
v 25.027048110961914 24.35920524597168 13.775429725646973
v 34.31418991088867 15.49010944366455 18.494762420654297
v 25.724597930908203 22.301233291625977 14.884123802185059
v 25.69111442565918 18.18528938293457 14.723950386047363
v 40.6301155090332 14.08253002166748 25.63437271118164
v 40.4416389465332 12.022024154663086 25.238834381103516
v 35.80839920043945 15.108949661254883 34.248619079589844
v 36.26533126831055 16.143035888671875 34.9661865234375
v 36.07685470581055 14.08253002166748 34.570648193359375
v 33.93723678588867 19.611122131347656 17.703683853149414
v 38.678977966308594 17.550615310668945 9.162945747375488
v 38.49049758911133 19.611122131347656 8.76740837097168
v 39.215885162353516 19.60345458984375 9.807011604309082
v 26.09760284423828 14.08253002166748 14.008696556091309
v 25.666820526123047 12.022024154663086 14.088706970214844
v 40.26742172241211 14.078697204589844 25.11457061767578
v 30.650863647460938 14.08253002166748 5.0724196434021
v 30.22008514404297 12.022024154663086 5.152429580688477
v 29.81421661376953 16.1353702545166 5.016622066497803
v 40.36166000366211 15.108949661254883 25.312339782714844
v 25.47603416442871 17.160329818725586 14.338424682617188
v 40.093204498291016 16.1353702545166 24.990304946899414
v 40.531524658203125 17.160329818725586 24.937702178955078
v 38.726036071777344 17.544769287109375 9.710739135742188
v 37.95335388183594 19.59540367126465 9.918980598449707
v 30.180028915405273 14.07668399810791 5.356332778930664
v 30.465728759765625 16.127317428588867 6.103847980499268
v 43.35258483886719 16.1353702545166 18.593414306640625
v 43.79090118408203 17.160329818725586 18.54081153869629
v 28.718303680419922 17.160329818725586 8.778532028198242
v 36.392486572265625 14.080516815185547 34.54265594482422
v 27.736568450927734 17.160329818725586 11.759430885314941
v 24.445606231689453 17.160329818725586 17.579389572143555
v 38.36334228515625 17.548603057861328 9.190937995910645
v 19.2811279296875 17.160329818725586 26.662887573242188
v 18.685501098632812 16.127317428588867 27.23567771911621
v 37.116790771484375 19.60345458984375 13.228506088256836
v 36.81659698486328 20.628414154052734 12.90481948852539
v 44.105064392089844 20.251121520996094 19.828128814697266
v 44.968685150146484 16.1353702545166 16.567216873168945
v 45.054107666015625 17.160329818725586 16.134096145629883
v 44.91364669799805 24.35920524597168 18.34733009338379
v 44.764381408691406 20.243261337280273 18.414386749267578
v 41.325523376464844 20.251121520996094 22.71075439453125
v 40.84568405151367 20.251121520996094 26.225021362304688
v 40.65079116821289 18.195161819458008 25.867565155029297
v 39.0673828125 20.251121520996094 27.161300659179688
v 27.01363754272461 17.16718292236328 11.964488983154297
v 27.81820297241211 16.1353702545166 12.193280220031738
v 27.88976287841797 25.769319534301758 31.65143394470215
v 27.8507022857666 27.82729148864746 32.190250396728516
v 27.816143035888672 23.711347579956055 32.030303955078125
v 27.308780670166016 23.719207763671875 31.64788818359375
v 27.781585693359375 19.59540367126465 31.870361328125
v 18.38608169555664 24.35920524597168 27.367786407470703
v 18.535791397094727 20.243261337280273 27.30173110961914
v 19.143394470214844 20.251121520996094 27.48741912841797
v 20.19561195373535 24.35920524597168 23.96649932861328
v 20.569894790649414 22.301233291625977 23.576932907104492
v 20.337596893310547 20.243261337280273 23.885156631469727
v 22.837162017822266 17.16718292236328 20.31147003173828
v 22.00157356262207 16.1353702545166 20.34979248046875
v 22.72005844116211 24.35920524597168 21.757362365722656
v 22.465219497680664 22.301233291625977 21.281017303466797
v 22.686573028564453 20.243261337280273 21.597190856933594
v 21.60692596435547 17.16718292236328 23.63106346130371
v 25.533817291259766 24.35920524597168 17.242067337036133
v 25.370378494262695 20.243261337280273 17.25008201599121
v 19.824726104736328 17.16718292236328 27.18170928955078
v 19.61351203918457 16.1353702545166 26.372350692749023
v 25.97943878173828 24.35920524597168 15.36047077178955
v 25.945953369140625 20.243261337280273 15.200297355651855
v 35.60084915161133 19.611122131347656 16.3958683013916
v 35.241085052490234 20.635269165039062 16.15658187866211
v 29.841047286987305 24.35920524597168 8.972012519836426
v 29.691783905029297 20.243261337280273 8.90495491027832
v 28.980609893798828 20.635269165039062 27.388141632080078
v 46.9742431640625 16.127317428588867 11.86323356628418
v 47.295143127441406 14.024995803833008 12.217852592468262
v 36.000083923339844 17.16718292236328 34.62511444091797
v 27.647144317626953 15.382902145385742 31.543540954589844
v 27.460683822631836 17.49308204650879 31.515743255615234
v 19.49293327331543 11.918842315673828 26.720678329467773
v 19.028926849365234 11.914815902709961 27.152341842651367
v 19.089218139648438 14.023079872131348 26.978178024291992
v 37.34437942504883 17.16718292236328 31.28793716430664
v 44.37053680419922 11.912732124328613 18.68817138671875
v 44.17719268798828 14.022038459777832 18.61280059814453
v 43.7392692565918 11.916759490966797 18.744155883789062
v 44.358543395996094 14.023954391479492 18.87270164489746
v 39.514747619628906 17.16718292236328 27.577014923095703
v 30.385295867919922 15.380818367004395 25.04542350769043
v 30.578636169433594 17.490123748779297 25.12079429626465
v 30.14071273803711 19.59540367126465 25.25214958190918
v 31.01656150817871 15.384843826293945 24.989439010620117
v 31.40324592590332 19.60345458984375 25.140180587768555
v 30.397289276123047 17.492040634155273 24.86089324951172
v 40.5533447265625 17.16718292236328 25.68883514404297
v 22.350812911987305 11.91675853729248 20.57402229309082
v 22.676570892333984 11.912732124328613 21.11763572692871
v 22.501951217651367 14.022037506103516 21.00551986694336
v 47.61604690551758 11.922675132751465 12.572471618652344
v 41.648094177246094 18.195161819458008 22.46234130859375
v 47.98897171020508 16.143035888671875 12.628068923950195
v 27.139781951904297 15.39076042175293 31.16112518310547
v 26.76685905456543 19.611122131347656 31.105525970458984
v 19.636531829833984 11.922676086425781 27.338027954101562
v 19.625022888183594 14.029023170471191 26.85519027709961
v 41.80937957763672 17.16718292236328 22.338136672973633
v 30.653865814208984 15.388677597045898 24.46963882446289
v 31.02855682373047 17.49606704711914 24.804908752441406
v 43.81272506713867 17.16718292236328 19.29194450378418
v 43.727272033691406 14.02798080444336 18.928686141967773
v 44.10196304321289 11.920591354370117 19.263957977294922
v 22.984527587890625 11.920591354370117 20.56191635131836
v 22.49304962158203 14.02798080444336 20.455854415893555
v 19.1610164642334 14.024996757507324 27.286853790283203
v 30.6778564453125 19.611122131347656 24.1005802154541
v 22.818809509277344 14.023954391479492 20.999467849731445
v 27.096031188964844 20.251121520996094 11.222274780273438
v 26.63333511352539 19.22410011291504 11.682544708251953
v 22.87531280517578 15.659671783447266 20.668203353881836
v 23.390357971191406 16.602272033691406 19.65736961364746
v 22.37380599975586 16.196256637573242 21.6524658203125
v 23.37681770324707 15.123085975646973 19.683940887451172
v 22.559154510498047 19.214275360107422 21.359018325805664
v 20.524738311767578 19.214275360107422 23.690372467041016
v 21.357254028320312 15.790241241455078 23.64756202697754
v 22.367034912109375 15.456663131713867 21.665752410888672
v 21.350482940673828 15.050647735595703 23.660846710205078
v 27.928821563720703 23.711347579956055 31.11261749267578
v 27.835674285888672 22.682361602783203 31.76089859008789
v 29.33834457397461 14.209558486938477 8.67912483215332
v 29.30614471435547 15.172367095947266 8.470617294311523
v 28.897798538208008 11.336849212646484 8.153072357177734
v 29.124797821044922 15.170451164245605 8.730518341064453
v 36.61650848388672 18.638538360595703 12.547735214233398
v 37.23765563964844 13.844139099121094 12.727375030517578
v 37.27794647216797 11.92436695098877 12.560330390930176
v 37.02948760986328 13.842126846313477 12.48847484588623
v 37.157081604003906 17.68368148803711 13.06146240234375
v 37.515220642089844 15.177400588989258 30.888092041015625
v 21.32373809814453 15.196243286132812 23.904216766357422
v 29.404109954833984 14.892878532409668 27.88226318359375
v 21.53190803527832 15.198257446289062 23.66531753540039
v 28.996990203857422 18.666343688964844 27.46896743774414
v 45.75884246826172 15.198257446289062 16.264629364013672
v 45.16130065917969 10.483943939208984 16.134052276611328
v 45.174720764160156 14.24753475189209 15.805156707763672
v 45.07170104980469 15.191452026367188 16.186187744140625
v 35.39101028442383 12.16932201385498 15.866679191589355
v 35.479469299316406 14.025842666625977 15.683349609375
v 35.49592971801758 15.890222549438477 16.13127326965332
v 35.56792449951172 15.882362365722656 15.500020980834961
v 35.18902587890625 14.027854919433594 15.810047149658203
v 35.584388732910156 17.746742248535156 15.947944641113281
v 35.66461181640625 18.67107391357422 15.540653228759766
v 35.744834899902344 19.59540367126465 15.13336181640625
v 39.36482238769531 8.701236724853516 27.866918563842773
v 39.2763671875 10.557756423950195 28.050247192382812
v 39.25990295410156 12.422136306762695 27.602325439453125
v 39.17144775390625 14.278656005859375 27.78565216064453
v 39.09122085571289 15.202986717224121 28.192943572998047
v 27.58544921875 14.274824142456055 11.753715515136719
v 27.56539535522461 15.201070785522461 11.354612350463867
v 35.07550048828125 17.742908477783203 15.570087432861328
v 35.65637969970703 17.73888397216797 15.316691398620605
v 35.4101676940918 18.66915512084961 15.351724624633789
v 27.048856735229492 14.280670166015625 11.87355899810791
v 27.433528900146484 15.208020210266113 12.033419609069824
v 27.489126205444336 12.418303489685059 11.933037757873535
v 34.98704528808594 15.886388778686523 15.753416061401367
v 35.2939453125 17.748756408691406 16.074642181396484
v 34.78506088256836 17.744922637939453 15.696784973144531
v 34.93851089477539 18.676105499267578 15.85739803314209
v 39.81732177734375 15.208020210266113 27.876197814941406
v 39.46188735961914 14.280670166015625 27.658954620361328
v 29.114017486572266 19.25832748413086 27.599830627441406
v 30.12380027770996 18.92474937438965 25.618019104003906
v 29.10724639892578 18.518733978271484 27.613117218017578
v 31.133583068847656 18.591171264648438 23.63620948791504
v 30.130569458007812 19.66434097290039 25.604732513427734
v 31.14712142944336 20.070356369018555 23.609636306762695
v 30.632076263427734 19.127756118774414 24.620471954345703
v 29.957611083984375 19.21930694580078 4.946037292480469
v 28.307167053222656 19.21930694580078 8.568429946899414
v 45.641815185546875 15.790241241455078 16.133766174316406
v 44.63203048706055 15.456663131713867 18.115577697753906
v 45.648582458496094 15.050647735595703 16.120479583740234
v 47.22480773925781 16.32634925842285 11.89899730682373
v 47.27936553955078 14.847166061401367 11.791919708251953
v 46.23891830444336 15.663779258728027 13.833911895751953
v 43.62224578857422 15.123085975646973 20.097387313842773
v 25.40435028076172 19.21930694580078 13.882314682006836
v 27.531023025512695 19.794435501098633 31.834598541259766
v 27.476465225219727 18.31525230407715 31.94167709350586
v 28.516910552978516 19.131866455078125 29.89968490600586
v 19.84760284423828 15.663779258728027 25.482450485229492
v 18.861713409423828 16.32634925842285 27.41736602783203
v 20.86077117919922 15.740800857543945 23.493995666503906
v 20.8334903717041 15.001209259033203 23.547534942626953
v 24.97500228881836 14.510324478149414 17.257617950439453
v 24.743066787719727 12.893330574035645 17.257137298583984
v 24.474300384521484 14.518182754516602 16.866518020629883
v 18.807153701782227 14.847166061401367 27.524442672729492
v 21.873939514160156 15.817821502685547 21.505542755126953
v 22.859827041625977 15.155251502990723 19.570627212524414
v 20.888050079345703 16.480392456054688 23.440458297729492
v 24.387123107910156 14.514350891113281 17.494325637817383
v 22.914384841918945 16.634435653686523 19.463550567626953
v 24.840620040893555 15.322750091552734 17.062307357788086
v 46.65836715698242 15.384225845336914 14.138669967651367
v 47.67491912841797 14.97821044921875 12.143573760986328
v 47.661380767822266 16.457393646240234 12.170144081115723
v 45.63504409790039 16.52983283996582 16.147050857543945
v 44.62525939941406 16.196256637573242 18.128862380981445
v 32.293846130371094 16.36141586303711 21.104454040527344
v 32.157127380371094 17.978408813476562 20.917095184326172
v 32.76784133911133 17.986268997192383 21.092288970947266
v 32.02041244506836 19.59540367126465 20.729736328125
v 32.31117630004883 17.98243522644043 21.531831741333008
v 45.4508056640625 14.985126495361328 15.944653511047363
v 41.98799133300781 14.518182754516602 22.641307830810547
v 42.36170196533203 15.322750091552734 22.82258415222168
v 28.09746551513672 18.852312088012695 29.594926834106445
v 27.08091163635254 18.44629669189453 31.590023040771484
v 27.094449996948242 19.925479888916016 31.563453674316406
v 29.120784759521484 19.99791717529297 27.586544036865234
v 42.46198272705078 12.893330574035645 22.62914276123047
v 24.79703140258789 15.320834159851074 17.376211166381836
v 29.305023193359375 18.45321273803711 27.788944244384766
v 20.340702056884766 15.384225845336914 25.642658233642578
v 19.324148178100586 14.97821044921875 27.637754440307617
v 19.33768653869629 16.457393646240234 27.61118507385254
v 21.09198570251465 14.985126495361328 23.604190826416016
v 42.18854904174805 9.659343719482422 22.254426956176758
v 42.31660461425781 12.086847305297852 22.22809600830078
v 42.44465637207031 14.514350891113281 22.201765060424805
v 42.30793762207031 12.897356986999512 22.014408111572266
v 21.36402130126953 16.52983283996582 23.63427734375
v 32.56727981567383 13.127429008483887 21.479169845581055
v 32.73591613769531 14.74835205078125 21.37940788269043
v 32.44789123535156 16.365442276000977 21.719188690185547
v 38.54625701904297 15.898073196411133 30.059585571289062
v 39.55603790283203 16.33302116394043 28.077774047851562
v 37.529701232910156 16.202716827392578 32.05467987060547
v 37.53647232055664 15.463125228881836 32.04139709472656
v 32.90455627441406 16.36927604675293 21.279645919799805
v 39.569576263427734 14.853837966918945 28.05120277404785
v 36.52668762207031 15.028177261352539 34.02320861816406
v 35.516902923583984 14.593228340148926 36.0050163269043
v 37.54323959350586 14.723533630371094 32.02811050415039
v 32.430564880371094 14.744422912597656 21.291812896728516
v 35.50336837768555 16.072412490844727 36.03158950805664
v 37.34546661376953 14.777305603027344 31.852283477783203
v 39.569576263427734 14.853837966918945 28.05120277404785
v 37.54323959350586 14.723533630371094 32.02811050415039
v 33.07319641113281 17.99020004272461 21.17988395690918
v 32.61653137207031 17.986366271972656 21.619426727294922
v 33.24183654785156 19.611122131347656 21.080121994018555
v 36.209571838378906 19.36615753173828 13.67401123046875
v 35.199790954589844 19.80110740661621 15.65582275390625
v 37.22612762451172 19.67080307006836 11.678915023803711
v 37.219356536865234 18.931209564208984 11.692200660705566
v 38.22914123535156 18.496261596679688 9.710390090942383
v 39.23892593383789 18.06131362915039 7.728579998016357
v 37.212589263916016 18.191619873046875 11.705486297607422
v 42.01991271972656 11.280266761779785 22.35418701171875
v 39.25246047973633 19.540496826171875 7.70200777053833
v 41.85127258300781 12.901189804077148 22.453948974609375
v 37.41036605834961 18.245391845703125 11.88131332397461
v 35.18625259399414 18.321924209594727 15.682393074035645
v 37.212589263916016 18.191619873046875 11.705486297607422
v 28.45281219482422 15.898073196411133 9.7217435836792
v 29.462596893310547 15.463125228881836 7.739933013916016
v 29.469364166259766 16.202716827392578 7.726646900177002
v 27.443029403686523 16.33302116394043 11.703554153442383
v 42.13929748535156 14.518280029296875 22.114168167114258
v 41.82664489746094 15.330657958984375 22.383819580078125
v 31.482160568237305 14.593228340148926 3.7763116359710693
v 31.49570083618164 16.072412490844727 3.7497398853302
v 30.47237777709961 15.028177261352539 5.758122444152832
v 42.59892272949219 16.165163040161133 22.105770111083984
v 43.608707427978516 16.602272033691406 20.123958587646484
v 41.582374572753906 16.467647552490234 24.100866317749023
v 41.589141845703125 15.72805404663086 24.087581634521484
v 40.57936096191406 15.290946006774902 26.069393157958984
v 41.595909118652344 14.988462448120117 24.074295043945312
v 44.12375259399414 15.659671783447266 19.11312484741211
v 23.983898162841797 19.21930694580078 17.578842163085938
v 41.398136138916016 15.004545211791992 23.898468017578125
v 43.62224578857422 15.123085975646973 20.097387313842773
v 41.595909118652344 14.988462448120117 24.074295043945312
v 32.15690612792969 19.63324737548828 21.627826690673828
v 33.17345428466797 19.935731887817383 19.632728576660156
v 33.16668701171875 19.19614028930664 19.646015167236328
v 34.17646789550781 18.759033203125 17.664203643798828
v 35.18625259399414 18.321924209594727 15.682393074035645
v 33.15991973876953 18.456546783447266 19.6593017578125
v 31.099910736083984 19.22410011291504 5.125000476837158
v 30.807170867919922 20.251121520996094 5.708301544189453
v 33.35769271850586 18.47262954711914 19.835126876831055
v 31.133583068847656 18.591171264648438 23.63620948791504
v 33.15991973876953 18.456546783447266 19.6593017578125
v 24.4001407623291 16.165163040161133 17.67555809020996
v 25.409923553466797 15.72805404663086 15.693747520446777
v 25.41669464111328 16.467647552490234 15.680461883544922
v 21.84665870666504 15.078229904174805 21.55908203125
v 21.84665870666504 15.078229904174805 21.55908203125
v 22.105154037475586 15.06214714050293 21.615737915039062
v 20.8334903717041 15.001209259033203 23.547534942626953
v 22.859827041625977 15.155251502990723 19.570627212524414
v 21.90121841430664 16.557415008544922 21.452003479003906
v 42.19989013671875 15.476580619812012 21.760957717895508
v 43.2266960144043 15.155251502990723 19.74573516845703
v 41.20036315917969 15.058317184448242 23.722640991210938
v 41.17308044433594 15.7979097366333 23.776180267333984
v 25.81853485107422 19.214275360107422 14.96212387084961
v 39.17402648925781 14.961383819580078 27.699548721313477
v 41.20036315917969 15.058317184448242 23.722640991210938
v 44.496803283691406 19.214275360107422 18.451297760009766
v 40.146270751953125 16.119237899780273 25.791404724121094
v 39.11946487426758 16.440567016601562 27.80662727355957
v 41.14580154418945 16.53750228881836 23.82971954345703
v 32.55594253540039 18.944665908813477 21.972639083862305
v 31.52913475036621 18.623336791992188 23.98786163330078
v 33.55546951293945 18.52640151977539 20.010955810546875
v 33.58274841308594 19.265995025634766 19.957416534423828
v 29.42420196533203 19.214275360107422 8.868045806884766
v 35.58180618286133 18.429468154907227 16.034048080444336
v 33.55546951293945 18.52640151977539 20.010955810546875
v 34.60955810546875 19.587324142456055 17.94219207763672
v 35.63636779785156 19.908653259277344 15.926969528198242
v 33.61003112792969 20.005586624145508 19.90387725830078
v 18.742267608642578 19.214275360107422 27.127578735351562
v 23.886634826660156 15.476580619812012 17.555404663085938
v 25.115203857421875 19.214275360107422 17.338672637939453
v 25.94024658203125 16.119237899780273 13.524959564208984
v 24.913440704345703 15.7979097366333 15.540182113647461
v 24.940719604492188 16.53750228881836 15.486642837524414
v 26.96705436706543 16.440567016601562 11.509736061096191
v 26.91249656677246 14.961383819580078 11.616814613342285
v 36.093597412109375 15.901558876037598 33.745216369628906
v 35.06679153442383 16.214950561523438 35.760440826416016
v 37.0931282043457 16.3277587890625 31.78353500366211
v 37.12040710449219 15.588167190551758 31.729995727539062
v 35.12135314941406 14.735767364501953 35.65336227416992
v 38.147216796875 15.274775505065918 29.714771270751953
v 39.17402648925781 14.961383819580078 27.699548721313477
v 37.14768981933594 14.848575592041016 31.676456451416016
v 22.144969940185547 19.21930694580078 20.279207229614258
v 37.34546661376953 14.777305603027344 31.852283477783203
v 36.608612060546875 18.74285888671875 14.018824577331543
v 35.58180618286133 18.429468154907227 16.034048080444336
v 37.6081428527832 18.316659927368164 12.057140350341797
v 37.63542175292969 19.056251525878906 12.00360107421875
v 21.423709869384766 19.21930694580078 22.962779998779297
v 37.41036605834961 18.245391845703125 11.881314277648926
v 39.63447952270508 18.2038516998291 8.080233573913574
v 27.659820556640625 19.21930694580078 12.214717864990234
v 38.6622314453125 19.369644165039062 9.988377571105957
v 39.68903732299805 19.68303680419922 7.973154544830322
v 37.66270446777344 19.79584503173828 11.950061798095703
v 27.93930435180664 15.274775505065918 9.601591110229492
v 19.71236801147461 19.21930694580078 26.49793815612793
v 29.992919921875 15.901558876037598 5.571144104003906
v 28.966110229492188 15.588167190551758 7.586367607116699
v 28.993391036987305 16.3277587890625 7.532828330993652
v 31.01972770690918 16.214950561523438 3.5559208393096924
v 30.965166091918945 14.735767364501953 3.6629998683929443
v 29.123376846313477 19.22410011291504 7.749480724334717
v 26.54665184020996 19.22410011291504 14.061277389526367
v 38.75569534301758 24.35920524597168 31.62337303161621
v 36.94050979614258 24.35920524597168 31.976205825805664
v 37.465267181396484 22.305164337158203 31.819698333740234
v 37.08243179321289 20.251121520996094 31.839603424072266
v 37.99002456665039 20.251121520996094 31.663188934326172
v 36.5013427734375 22.305164337158203 34.839874267578125
v 36.319515228271484 24.35920524597168 35.356407165527344
v 36.292423248291016 20.251121520996094 35.16129684448242
v 36.68316650390625 20.251121520996094 34.323341369628906
v 37.10100555419922 24.35920524597168 33.68050003051758
v 26.841339111328125 25.773250579833984 31.362642288208008
v 26.373897552490234 27.82729148864746 31.077396392822266
v 26.570377349853516 23.719207763671875 31.091461181640625
v 27.15422821044922 23.715373992919922 30.844768524169922
v 28.6214599609375 25.773250579833984 27.798503875732422
v 28.186397552490234 27.82729148864746 27.465959548950195
v 28.380329132080078 23.719207763671875 27.500484466552734
v 29.056522369384766 23.719207763671875 28.131046295166016
v 29.53878402709961 27.82729148864746 28.727081298828125
v 29.33907127380371 20.013999938964844 27.722118377685547
v 29.557357788085938 19.94847869873047 27.85769271850586
v 30.570526123046875 20.02549934387207 25.869239807128906
v 30.441844940185547 25.773250579833984 24.226890563964844
v 30.62367057800293 27.82729148864746 23.710357666015625
v 30.65076446533203 23.719207763671875 23.905467987060547
v 30.260021209716797 23.719207763671875 24.743423461914062
v 29.84218406677246 27.82729148864746 25.38626480102539
v 31.013458251953125 23.715373992919922 24.425270080566406
v 33.08015823364258 25.773250579833984 20.866775512695312
v 33.6187744140625 27.82729148864746 20.965559005737305
v 33.43030548095703 23.719207763671875 21.02284049987793
v 32.541542053222656 23.719207763671875 20.767993927001953
v 31.84124755859375 27.82729148864746 20.45586585998535
v 32.97364044189453 23.715373992919922 21.462383270263672
v 38.97977828979492 24.35920524597168 26.9848690032959
v 33.70122528076172 25.773250579833984 17.829998016357422
v 33.88304901123047 27.82729148864746 17.313467025756836
v 33.91014099121094 23.719207763671875 17.508575439453125
v 33.51940155029297 23.719207763671875 18.346529006958008
v 33.1015625 27.82729148864746 18.9893741607666
v 34.27283477783203 23.715373992919922 18.028377532958984
v 38.77044677734375 24.35920524597168 28.8221435546875
v 38.97124481201172 22.305164337158203 27.53240203857422
v 35.784584045410156 25.773250579833984 16.201194763183594
v 35.77605056762695 27.82729148864746 16.748727798461914
v 35.68844985961914 23.719207763671875 16.572298049926758
v 35.793113708496094 23.719207763671875 15.653660774230957
v 35.985382080078125 27.82729148864746 14.911453247070312
v 37.290565490722656 25.773250579833984 11.913898468017578
v 37.81532287597656 27.82729148864746 11.757389068603516
v 37.67340087890625 23.719207763671875 11.893990516662598
v 36.76580810546875 23.719207763671875 12.070408821105957
v 36.00013732910156 27.82729148864746 12.110225677490234
v 37.46605682373047 23.715373992919922 12.492947578430176
v 38.254486083984375 25.773250579833984 8.893720626831055
v 38.43631362915039 27.82729148864746 8.377187728881836
v 38.46340560913086 23.719207763671875 8.572298049926758
v 38.072662353515625 23.719207763671875 9.410253524780273
v 37.654823303222656 27.82729148864746 10.05309772491455
v 38.82609939575195 23.715373992919922 9.092100143432617
v 30.54324722290039 19.285907745361328 25.92277717590332
v 40.87277603149414 24.35920524597168 26.420129776000977
v 41.654266357421875 24.35920524597168 24.74422264099121
v 41.054603576660156 22.305164337158203 25.90359878540039
v 19.949569702148438 14.916146278381348 25.564315795898438
v 19.820322036743164 14.924187660217285 25.535987854003906
v 41.137054443359375 24.35920524597168 22.768035888671875
v 42.914581298828125 24.35920524597168 23.277732849121094
v 41.6756706237793 22.305164337158203 22.866819381713867
v 27.583477020263672 24.35920524597168 10.63046932220459
v 18.807153701782227 14.847166061401367 27.524442672729492
v 19.820322036743164 14.924187660217285 25.535987854003906
v 44.13215637207031 24.35920524597168 20.023239135742188
v 30.532697677612305 24.35920524597168 6.424192905426025
v 47.14068603515625 22.303245544433594 13.13377571105957
v 46.679771423339844 24.35920524597168 13.37872314453125
v 46.750518798828125 20.24728775024414 13.250090599060059
v 47.601600646972656 20.24728775024414 12.88882827758789
v 48.38193130493164 24.35920524597168 12.65619945526123
v 46.82700729370117 20.243261337280273 12.620978355407715
v 46.750518798828125 20.24728775024414 13.250090599060059
v 46.679771423339844 24.35920524597168 13.37872314453125
v 46.82126998901367 16.1353702545166 13.121458053588867
v 44.31398391723633 22.305164337158203 19.50670623779297
v 45.285064697265625 22.303245544433594 16.61285400390625
v 44.80107498168945 24.35920524597168 16.80828094482422
v 44.88488006591797 20.24728775024414 16.687747955322266
v 45.76905822753906 20.24728775024414 16.41742706298828
v 46.56943130493164 24.35920524597168 16.267637252807617
v 44.88488006591797 20.24728775024414 16.687747955322266
v 44.80107498168945 24.35920524597168 16.80828094482422
v 43.406944274902344 22.303245544433594 18.908411026000977
v 43.0715217590332 24.35920524597168 18.508495330810547
v 43.21205139160156 20.24728775024414 18.550954818725586
v 43.0715217590332 24.35920524597168 18.508495330810547
v 42.12471008300781 22.303245544433594 21.877355575561523
v 42.467227935791016 24.35920524597168 21.48349952697754
v 42.601322174072266 20.243261337280273 22.24367904663086
v 42.4472770690918 20.24728775024414 21.628944396972656
v 42.467227935791016 24.35920524597168 21.48349952697754
v 42.42732620239258 16.1353702545166 21.77438735961914
v 45.699302673339844 20.251121520996094 15.602550506591797
v 46.3754997253418 20.251121520996094 16.233112335205078
v 40.14756774902344 22.303245544433594 25.305301666259766
v 39.81214141845703 24.35920524597168 24.90538787841797
v 39.952674865722656 20.24728775024414 24.947845458984375
v 39.81214141845703 24.35920524597168 24.90538787841797
v 40.0212516784668 22.303245544433594 27.811973571777344
v 40.46623611450195 24.35920524597168 28.08479118347168
v 39.738616943359375 20.243261337280273 28.342512130737305
v 40.319496154785156 20.24728775024414 28.0891170501709
v 40.46623611450195 24.35920524597168 28.08479118347168
v 40.17275619506836 16.1353702545166 28.093442916870117
v 45.217041015625 24.35920524597168 15.006513595581055
v 46.134368896484375 22.305164337158203 15.935093879699707
v 37.41615295410156 22.303245544433594 30.73421859741211
v 37.54253387451172 24.35920524597168 30.22779083251953
v 38.00712585449219 20.243261337280273 30.84423828125
v 37.59078598022461 20.24728775024414 30.366439819335938
v 37.54253387451172 24.35920524597168 30.22779083251953
v 37.6390380859375 16.1353702545166 30.505090713500977
v 35.59430694580078 22.303245544433594 34.2415771484375
v 35.258880615234375 24.35920524597168 33.8416633605957
v 36.030677795410156 20.243261337280273 33.82814025878906
v 35.3994140625 20.24728775024414 33.884124755859375
v 35.258880615234375 24.35920524597168 33.8416633605957
v 35.53994369506836 16.1353702545166 33.92658615112305
v 21.126035690307617 16.545913696289062 23.537368774414062
v 47.447052001953125 20.251121520996094 12.085708618164062
v 48.18545150756836 20.251121520996094 12.642133712768555
v 27.615142822265625 25.771331787109375 30.59981918334961
v 28.07605743408203 27.82729148864746 30.35487174987793
v 28.00531005859375 23.715373992919922 30.483505249023438
v 28.00531005859375 23.715373992919922 30.483505249023438
v 28.07605743408203 27.82729148864746 30.35487174987793
v 27.934560775756836 19.60345458984375 30.612138748168945
v 29.47076416015625 25.771331787109375 27.120742797851562
v 29.954755783081055 27.82729148864746 26.925317764282227
v 29.729122161865234 23.711347579956055 27.66352081298828
v 29.870948791503906 23.715373992919922 27.045848846435547
v 29.954755783081055 27.82729148864746 26.925317764282227
v 29.78714370727539 19.60345458984375 27.166378021240234
v 46.905128479003906 24.35920524597168 11.543347358703613
v 47.91448974609375 22.305164337158203 12.370954513549805
v 31.348880767822266 25.771331787109375 24.825185775756836
v 31.68430519104004 27.82729148864746 25.225101470947266
v 31.54377555847168 23.715373992919922 25.182640075683594
v 30.91250991821289 23.711347579956055 25.238624572753906
v 31.54377555847168 23.715373992919922 25.182640075683594
v 31.68430519104004 27.82729148864746 25.225101470947266
v 31.40324592590332 19.60345458984375 25.140180587768555
v 32.63111877441406 25.771331787109375 21.856239318847656
v 32.28860092163086 27.82729148864746 22.25009536743164
v 32.308555603027344 23.715373992919922 22.104652404785156
v 32.15450668334961 23.711347579956055 21.48991584777832
v 32.308555603027344 23.715373992919922 22.104652404785156
v 32.28860092163086 27.82729148864746 22.25009536743164
v 32.32850646972656 19.60345458984375 21.959209442138672
v 32.32850646972656 19.60345458984375 21.959209442138672
v 34.60826110839844 25.771331787109375 18.428295135498047
v 34.94368362426758 27.82729148864746 18.828210830688477
v 34.80315399169922 23.715373992919922 18.785751342773438
v 34.17189025878906 23.711347579956055 18.84173583984375
v 34.80315399169922 23.715373992919922 18.785751342773438
v 34.94368362426758 27.82729148864746 18.828210830688477
v 34.66262435913086 19.60345458984375 18.743289947509766
v 34.734580993652344 25.771331787109375 15.921622276306152
v 34.28959274291992 27.82729148864746 15.6488037109375
v 35.0172119140625 23.711347579956055 15.391082763671875
v 34.43633270263672 23.715373992919922 15.644478797912598
v 34.28959274291992 27.82729148864746 15.6488037109375
v 34.58307647705078 19.60345458984375 15.640153884887695
v 37.33967590332031 25.771331787109375 12.99937629699707
v 37.213294982910156 27.82729148864746 13.505805015563965
v 37.165042877197266 23.715373992919922 13.367155075073242
v 37.165042877197266 23.715373992919922 13.367155075073242
v 37.213294982910156 27.82729148864746 13.505805015563965
v 39.161521911621094 25.771331787109375 9.492015838623047
v 39.496944427490234 27.82729148864746 9.891931533813477
v 39.356414794921875 23.715373992919922 9.849472045898438
v 38.72515106201172 23.711347579956055 9.90545654296875
v 39.356414794921875 23.715373992919922 9.849472045898438
v 39.496944427490234 27.82729148864746 9.891931533813477
v 39.215885162353516 19.60345458984375 9.807011604309082
v 46.866065979003906 22.301233291625977 12.082162857055664
v 46.9396858215332 20.243261337280273 11.703290939331055
v 45.12187576293945 22.301233291625977 15.53829574584961
v 39.25453186035156 22.301233291625977 28.58232879638672
v 38.89072036743164 20.243261337280273 28.71118927001953
v 36.56584167480469 22.301233291625977 33.75431823730469
v 36.951744079589844 20.243261337280273 33.74755859375
v 29.633953094482422 25.769319534301758 28.195301055908203
v 29.521135330200195 23.711347579956055 28.564403533935547
v 30.37734603881836 25.769319534301758 25.31244468688965
v 29.99144744873047 23.711347579956055 25.31920623779297
v 31.99787712097168 25.769319534301758 20.972890853881836
v 31.930830001831055 23.711347579956055 20.59280014038086
v 33.63672637939453 25.769319534301758 18.91555404663086
v 33.25082778930664 23.711347579956055 18.922317504882812
v 29.581111907958984 17.715620040893555 27.92844009399414
v 27.160049438476562 8.701236724853516 11.672795295715332
v 26.884319305419922 12.422136306762695 11.743437767028809
v 19.351364135742188 15.079225540161133 26.675264358520508
v 19.504444122314453 9.812495231628418 27.20351791381836
v 19.43264389038086 9.810578346252441 26.89484214782715
v 19.37235450744629 7.702314853668213 27.069005966186523
v 43.764888763427734 15.078704833984375 18.603107452392578
v 31.209903717041016 17.49414825439453 25.064809799194336
v 22.176193237304688 14.026063919067383 20.46190643310547
v 19.768619537353516 14.032855987548828 27.472537994384766
v 19.76286506652832 15.086029052734375 27.231121063232422
v 30.665861129760742 17.499900817871094 24.285110473632812
v 30.853206634521484 18.5535945892334 24.452743530273438
v 44.0899658203125 14.031813621520996 19.448488235473633
v 43.90262222290039 15.085508346557617 19.280853271484375
v 24.279193878173828 9.659343719482422 17.25617790222168
v 24.155187606811523 12.897356986999512 17.493846893310547
v 23.126766204833984 14.031813621520996 20.443748474121094
v 22.881027221679688 15.085508346557617 20.390716552734375
v 23.043907165527344 15.083495140075684 20.662525177001953
v 47.80250930786133 14.032855987548828 12.60027027130127
v 27.966583251953125 16.014366149902344 9.548051834106445
v 36.635894775390625 19.482452392578125 13.965285301208496
v 26.953319549560547 17.50094223022461 31.133325576782227
v 38.11993408203125 16.014366149902344 29.768310546875
v 23.91391372680664 16.21617317199707 17.50186538696289
v 30.6298770904541 11.16623306274414 24.83869743347168
v 30.51358413696289 14.329136848449707 24.849796295166016
v 32.583221435546875 19.68425750732422 21.91910171508789
v 42.172607421875 16.21617317199707 21.814495086669922
v 34.1832389831543 19.49862289428711 17.65091896057129
v 26.426475524902344 16.030536651611328 13.698650360107422
v 26.419708251953125 15.290946006774902 13.711936950683594
v 44.125953674316406 7.698147296905518 18.8948974609375
v 44.24224853515625 10.861050605773926 18.883800506591797
v 40.57258987426758 16.030536651611328 26.082677841186523
v 30.479148864746094 15.767768859863281 5.744836330413818
v 38.23590850830078 19.23585319519043 9.697104454040527
v 36.519920349121094 15.767768859863281 34.03649139404297
v 20.347469329833984 16.123817443847656 25.62937355041504
v 28.104232788085938 19.591903686523438 29.581642150878906
v 46.65159606933594 16.123817443847656 14.151954650878906
v 44.218257904052734 15.083495140075684 19.25286102294922
v 22.525432586669922 9.807453155517578 20.686138153076172
v 22.70005226135254 7.698147296905518 20.79825210571289
v 30.823219299316406 13.275538444519043 24.9140682220459
v 43.93260955810547 9.807453155517578 18.81952667236328
v 22.842288970947266 9.809369087219238 20.680084228515625
v 25.869754791259766 9.965351104736328 14.156610488891602
v 19.774812698364258 19.22410011291504 27.652484893798828
v 38.55302429199219 15.15848159790039 30.04629898071289
v 31.01972770690918 16.214950561523438 3.5559208393096924
v 29.23137855529785 16.27398681640625 7.629737854003906
v 28.993391036987305 16.3277587890625 7.532828330993652
v 27.443029403686523 16.33302116394043 11.703554153442383
v 29.23137855529785 16.27398681640625 7.629737377166748
v 30.482532501220703 16.13756561279297 5.738193511962891
v 39.68903732299805 19.68303680419922 7.973154544830322
v 38.239295959472656 19.605649948120117 9.690461158752441
v 37.44441223144531 19.74207305908203 11.814488410949707
v 37.44441223144531 19.74207305908203 11.814488410949707
v 37.66270446777344 19.79584503173828 11.950061798095703
v 35.199790954589844 19.80110740661621 15.65582275390625
v 35.06679153442383 16.214950561523438 35.760440826416016
v 36.51653289794922 16.13756561279297 34.04313659667969
v 37.31141662597656 16.27398681640625 31.91910743713379
v 37.31141662597656 16.27398681640625 31.91910743713379
v 37.0931282043457 16.3277587890625 31.78353500366211
v 39.55603790283203 16.33302116394043 28.077774047851562
v 31.482160568237305 14.593228340148926 3.7763116359710693
v 30.339744567871094 14.685266494750977 5.7364373207092285
v 29.197328567504883 14.777305603027344 7.696562767028809
v 27.42949104309082 14.853837966918945 11.73012638092041
v 29.197328567504883 14.777305603027344 7.696563243865967
v 30.339744567871094 14.685266494750977 5.7364373207092285
v 35.697914123535156 18.844039916992188 14.678201675415039
v 36.20280456542969 18.626567840576172 13.687296867370605
v 28.938831329345703 14.848575592041016 7.639907360076904
v 38.32464599609375 18.153352737426758 9.804946899414062
v 39.23892593383789 18.06131362915039 7.728579998016357
v 38.32464599609375 18.153352737426758 9.804946899414062
v 36.431182861328125 14.685266494750977 33.92864990234375
v 35.516902923583984 14.593228340148926 36.0050163269043
v 36.431182861328125 14.685266494750977 33.92864990234375
v 27.324588775634766 10.559770584106445 11.802916526794434
v 19.33768653869629 16.457393646240234 27.61118507385254
v 21.36402130126953 16.52983283996582 23.63427734375
v 22.914384841918945 16.634435653686523 19.463550567626953
v 21.126035690307617 16.545913696289062 23.537368774414062
v 19.874881744384766 16.403369903564453 25.428913116455078
v 27.094449996948242 19.925479888916016 31.563453674316406
v 28.544189453125 19.871456146240234 29.846145629882812
v 29.33907127380371 20.013999938964844 27.722118377685547
v 29.120784759521484 19.99791717529297 27.586544036865234
v 31.58369255065918 20.102519989013672 23.88078498840332
v 47.661380767822266 16.457393646240234 12.170144081115723
v 46.211639404296875 16.403369903564453 13.887451171875
v 45.19847106933594 16.480392456054688 15.875904083251953
v 44.21258544921875 15.817821502685547 17.810819625854492
v 45.4167594909668 16.545913696289062 16.011478424072266
v 45.4167594909668 16.545913696289062 16.011478424072266
v 45.63504409790039 16.52983283996582 16.147050857543945
v 43.17213821411133 16.634435653686523 19.852811813354492
v 19.949569702148438 14.916146278381348 25.564315795898438
v 21.09198570251465 14.985126495361328 23.604190826416016
v 28.390743255615234 18.384231567382812 29.865310668945312
v 27.476465225219727 18.31525230407715 31.94167709350586
v 29.305023193359375 18.45321273803711 27.788944244384766
v 29.50279998779297 18.469295501708984 27.96476936340332
v 28.390743255615234 18.384231567382812 29.865310668945312
v 46.36508560180664 14.916146278381348 13.8682861328125
v 47.27936553955078 14.847166061401367 11.791919708251953
v 45.4508056640625 14.985126495361328 15.944653511047363
v 45.253028869628906 15.001209259033203 15.768827438354492
v 46.36508560180664 14.916146278381348 13.8682861328125
v 35.63636779785156 19.908653259277344 15.926969528198242
v 34.186622619628906 19.868419647216797 17.644275665283203
v 33.17345428466797 19.935731887817383 19.632728576660156
v 34.186622619628906 19.868419647216797 17.644275665283203
v 33.391746520996094 19.989505767822266 19.76830291748047
v 31.14712142944336 20.070356369018555 23.609636306762695
v 33.61003112792969 20.005586624145508 19.90387725830078
v 41.36408615112305 16.521419525146484 23.965293884277344
v 41.582374572753906 16.467647552490234 24.100866317749023
v 43.608707427978516 16.602272033691406 20.123958587646484
v 39.11946487426758 16.440567016601562 27.80662727355957
v 41.14580154418945 16.53750228881836 23.82971954345703
v 25.41669464111328 16.467647552490234 15.680461883544922
v 26.96705436706543 16.440567016601562 11.509736061096191
v 25.178707122802734 16.521419525146484 15.583553314208984
v 23.390357971191406 16.602272033691406 19.65736961364746
v 24.940719604492188 16.53750228881836 15.486642837524414
v 26.42986297607422 16.400333404541016 13.692008018493652
v 26.42986297607422 16.400333404541016 13.692008018493652
v 40.56920623779297 16.400333404541016 26.08932113647461
v 40.56920623779297 16.400333404541016 26.08932113647461
v 27.980222702026367 16.38416290283203 9.521282196044922
v 27.980222702026367 16.38416290283203 9.521282196044922
v 36.6495361328125 19.852249145507812 13.938515663146973
v 36.6495361328125 19.852249145507812 13.938515663146973
v 38.10629653930664 16.38416290283203 29.795082092285156
v 38.10629653930664 16.38416290283203 29.795082092285156
v 26.91249656677246 14.961383819580078 11.616814613342285
v 26.28707504272461 14.929191589355469 13.690252304077148
v 25.1446590423584 15.004545211791992 15.65037727355957
v 23.37681770324707 15.123085975646973 19.683940887451172
v 24.88616180419922 15.058317184448242 15.593721389770508
v 24.88616180419922 15.058317184448242 15.593721389770508
v 34.27197265625 18.39727783203125 17.758760452270508
v 40.483856201171875 14.929191589355469 25.974834442138672
v 28.054912567138672 14.869344711303711 9.656688690185547
v 28.054912567138672 14.869344711303711 9.656688690185547
v 36.49608612060547 18.33742904663086 13.957680702209473
v 36.49608612060547 18.33742904663086 13.957681655883789
v 38.25974655151367 14.869344711303711 29.775917053222656
v 38.25974655151367 14.869344711303711 29.775917053222656
v 27.941150665283203 15.375955581665039 10.725934982299805
v 27.42949104309082 14.853837966918945 11.73012638092041
v 28.446044921875 15.15848159790039 9.735029220581055
v 30.318191528320312 18.53023338317871 25.80048942565918
v 31.52913475036621 18.623336791992188 23.98786163330078
v 44.43763732910156 15.06214714050293 17.933107376098633
v 43.2266960144043 15.155251502990723 19.74573516845703
v 22.37718963623047 16.566051483154297 21.645824432373047
v 22.37718963623047 16.566051483154297 21.645824432373047
v 30.133953094482422 20.034137725830078 25.59809112548828
v 30.133953094482422 20.034137725830078 25.59809112548828
v 44.62187576293945 16.566051483154297 18.13550567626953
v 44.62187576293945 16.566051483154297 18.13550567626953
v 23.92755126953125 16.585968017578125 17.47509765625
v 23.92755126953125 16.585968017578125 17.47509765625
v 32.59686279296875 20.054054260253906 21.892330169677734
v 32.59686279296875 20.054054260253906 21.892330169677734
v 31.58369255065918 20.102519989013672 23.88078498840332
v 42.15896987915039 16.585968017578125 21.841266632080078
v 42.15896987915039 16.585968017578125 21.841266632080078
v 43.17213821411133 16.634435653686523 19.852811813354492
v 24.002243041992188 15.079898834228516 17.610502243041992
v 32.44341278076172 18.547983169555664 21.911495208740234
v 42.312416076660156 15.079898834228516 21.822101593017578
v 24.511131286621094 11.276336669921875 17.256656646728516
v 28.95093536376953 14.941007614135742 8.744124412536621
v 29.455825805664062 14.723533630371094 7.753219127655029
v 29.455825805664062 14.723533630371094 7.753218650817871
v 43.1105842590332 15.644124984741211 21.101577758789062
v 42.60569381713867 15.425569534301758 22.092483520507812
v 31.645244598388672 19.11220932006836 22.63201904296875
v 32.1501350402832 18.89365577697754 21.64111328125
v 34.68812942504883 19.280071258544922 16.66001319885254
v 23.888479232788086 15.644124984741211 18.67974853515625
v 24.39337158203125 15.425569534301758 17.688844680786133
v 24.89826202392578 15.207015991210938 16.697938919067383
v 25.403154373168945 14.988462448120117 15.707033157348633
v 25.403154373168945 14.988462448120117 15.707033157348633
v 26.93136978149414 15.811983108520508 12.707745552062988
v 42.686012268066406 16.05550765991211 20.806884765625
v 39.66014862060547 15.540310859680176 26.74547576904297
v 40.173553466796875 15.379646301269531 25.737865447998047
v 32.06981658935547 19.52359390258789 22.926712036132812
v 35.095680236816406 19.00839614868164 16.988121032714844
v 34.582275390625 18.847732543945312 17.995731353759766
v 25.912967681884766 15.379646301269531 13.578498840332031
v 38.633338928222656 15.857671737670898 28.760700225830078
v 45.22575378417969 15.740800857543945 15.822366714477539
v 44.73280715942383 15.409515380859375 16.789823532104492
v 45.253028869628906 15.001209259033203 15.768827438354492
v 46.266197204589844 14.924187660217285 13.780373573303223
v 46.266197204589844 14.924187660217285 13.780373573303223
v 36.120880126953125 15.161967277526855 33.691680908203125
v 36.12248992919922 19.325756072998047 14.972896575927734
v 38.63494873046875 18.630050659179688 10.04191780090332
v 29.96563720703125 15.161967277526855 5.624683856964111
v 43.692359924316406 16.22612762451172 18.831815719604492
v 44.185302734375 16.557415008544922 17.864356994628906
v 29.530078887939453 19.208885192871094 27.911230087280273
v 30.023021697998047 18.877601623535156 26.94377326965332
v 29.50279998779297 18.469295501708984 27.96476936340332
v 28.48963165283203 18.39227294921875 29.953224182128906
v 28.48963165283203 18.39227294921875 29.953224182128906
v 31.06346893310547 19.6942138671875 24.90178108215332
v 24.339351654052734 19.22410011291504 16.47859764099121
v 23.287273406982422 19.22410011291504 20.458171844482422
v 21.606494903564453 19.22410011291504 24.104476928710938
v 38.61370849609375 20.243261337280273 31.542030334472656
v 38.38140869140625 22.301233291625977 31.233806610107422
v 41.119102478027344 22.301233291625977 24.818042755126953
v 42.82499694824219 20.243261337280273 23.140796661376953
v 42.75794982910156 22.301233291625977 22.760705947875977
v 30.49921417236328 20.243261337280273 6.2640204429626465
v 37.8040885925293 23.711347579956055 9.986039161682129
v 35.865108489990234 23.711347579956055 15.022407531738281
v 30.27785873413086 22.301233291625977 5.947846412658691
v 27.673999786376953 22.301233291625977 11.163061141967773
v 38.18998718261719 25.769319534301758 9.979276657104492
v 36.374420166015625 25.769319534301758 12.499791145324707
v 35.50129699707031 25.769319534301758 15.151268005371094
v 37.91704559326172 -5.1994147300720215 9.90457820892334
v 38.94496154785156 -5.199413299560547 10.42832088470459
v 38.31181716918945 -5.199413776397705 6.588650226593018
v 22.48743438720703 -5.199413776397705 17.53091049194336
v 21.51895523071289 -5.199413776397705 19.431657791137695
v 23.001392364501953 -5.19941520690918 17.79278564453125
v 21.049293518066406 -5.199413299560547 16.798139572143555
v 28.687110900878906 -5.1994171142578125 25.478235244750977
v 27.7186336517334 -5.1994171142578125 27.378984451293945
v 29.201068878173828 -5.1994171142578125 25.7401123046875
v 23.45591163635254 -5.199413776397705 15.63016128540039
v 29.655588150024414 -5.1994171142578125 23.577486038208008
v 21.637828826904297 -5.199419021606445 24.28066062927246
v 22.606306076049805 -5.199419021606445 22.379913330078125
v 22.092350006103516 -5.199417591094971 22.11803436279297
v 23.574783325195312 -5.199419021606445 20.479164123535156
v 24.126506805419922 -5.199418544769287 23.154491424560547
v 30.68350601196289 -5.1994171142578125 24.101238250732422
v 31.59254264831543 -5.1994171142578125 19.77598762512207
v 30.624065399169922 -5.1994171142578125 21.67673683166504
v 31.138023376464844 -5.1994171142578125 21.938613891601562
v 29.103862762451172 -5.199417591094971 20.902156829833984
v 16.236061096191406 -5.1994123458862305 19.13409423828125
v 17.6742000579834 -5.199412822723389 19.866865158081055
v 18.642677307128906 -5.199412822723389 17.96611785888672
v 16.70572280883789 -5.199412822723389 21.76761245727539
v 29.77446937561035 -5.1994171142578125 28.42648696899414
v 30.74294662475586 -5.1994171142578125 26.525737762451172
v 30.228988647460938 -5.1994171142578125 26.26386260986328
v 31.711421966552734 -5.1994171142578125 24.624990463256836
v 32.263145446777344 -5.1994171142578125 27.30031967163086
v 39.72917556762695 -5.1994171142578125 23.92182159423828
v 38.76069641113281 -5.1994171142578125 25.822566986083984
v 39.274654388427734 -5.199418067932129 26.084442138671875
v 37.79222106933594 -5.1994171142578125 27.72331428527832
v 27.166908264160156 -5.199417591094971 24.703655242919922
v 37.240501403808594 -5.1994171142578125 25.047988891601562
v 34.557411193847656 -5.199416160583496 16.49825096130371
v 36.03984451293945 -5.199416160583496 14.859378814697266
v 35.011932373046875 -5.199416160583496 14.3356294631958
v 37.52227783203125 -5.199415683746338 13.22050666809082
v 37.91109085083008 -5.19942045211792 32.572303771972656
v 38.87956619262695 -5.199419975280762 30.67156219482422
v 38.3656120300293 -5.199419975280762 30.409683227539062
v 39.84804153442383 -5.199419021606445 28.77082061767578
v 42.69403839111328 -5.199416160583496 20.64408302307129
v 44.176475524902344 -5.19941520690918 19.005207061767578
v 43.1485595703125 -5.199416160583496 18.481454849243164
v 41.66613006591797 -5.199416160583496 20.120323181152344
v 41.21160888671875 -5.199416637420654 22.28295135498047
v 43.603084564208984 -5.199415683746338 16.31882667541504
v 42.634605407714844 -5.199416160583496 18.219573974609375
v 42.23951721191406 -5.199416637420654 22.806711196899414
v 41.11440658569336 -5.199416160583496 17.444992065429688
v 19.11233901977539 -5.199413299560547 20.59963607788086
v 41.78499221801758 -5.1994171142578125 24.96933937072754
v 42.75347137451172 -5.199416160583496 23.068588256835938
v 46.25107192993164 -5.199411392211914 12.392440795898438
v 45.02577209472656 -5.199413299560547 13.526651382446289
v 46.053688049316406 -5.1994123458862305 14.050405502319336
v 40.30256271362305 -5.199418067932129 26.608200073242188
v 38.820133209228516 -5.199419021606445 28.24706268310547
v 43.721954345703125 -5.19941520690918 21.167835235595703
v 35.46644973754883 -5.199415683746338 12.17300796508789
v 34.49797058105469 -5.199416160583496 14.073753356933594
v 33.52949523925781 -5.199416160583496 15.97449779510498
v 20.550477981567383 -5.199413776397705 21.33240509033203
v 19.582000732421875 -5.199413776397705 23.233154296875
v 21.064435958862305 -5.19941520690918 21.594282150268555
v 32.9777717590332 -5.199416160583496 13.299173355102539
v 33.648372650146484 -5.1994171142578125 20.82349395751953
v 34.616851806640625 -5.199416637420654 18.922746658325195
v 34.10289001464844 -5.199416637420654 18.660873413085938
v 35.5853271484375 -5.199416160583496 17.02199935913086
v 26.92909049987793 -5.199410438537598 34.01084518432617
v 28.35177993774414 -5.199413776397705 31.218666076660156
v 27.323862075805664 -5.199413776397705 30.694915771484375
v 26.4207763671875 -5.19941520690918 12.352420806884766
v 27.903209686279297 -5.199416160583496 10.713550567626953
v 26.875293731689453 -5.199413299560547 10.189797401428223
v 36.13705062866211 -5.199416637420654 19.69732666015625
v 27.32981300354004 -5.199411869049072 8.02717399597168
v 26.361337661743164 -5.1994123458862305 9.927921295166016
v 25.39286231994629 -5.199412822723389 11.828667640686035
v 48.50428771972656 -5.199410438537598 11.781975746154785
v 24.923198699951172 -5.199414253234863 9.195151329040527
v 22.546871185302734 -5.199416160583496 19.95541000366211
v 25.966257095336914 -5.1994171142578125 14.515044212341309
v 25.511737823486328 -5.199419021606445 16.67766761779785
v 26.480213165283203 -5.199418544769287 14.776920318603516
v 27.448688507080078 -5.199418067932129 12.876173973083496
v 28.000415802001953 -5.199418067932129 15.551502227783203
v 32.16593933105469 -5.1994171142578125 22.462366104125977
v 38.625728607177734 -5.199416160583496 18.57115936279297
v 39.594207763671875 -5.199416160583496 16.670413970947266
v 29.38564109802246 -5.1994171142578125 9.07468032836914
v 36.4884033203125 -5.19942045211792 35.3644905090332
v 35.46049118041992 -5.199419021606445 34.84074401855469
v 35.85526657104492 -5.1994171142578125 31.52480697631836
v 24.02930450439453 -5.199417591094971 18.316539764404297
v 35.06571578979492 -5.19942045211792 38.15667724609375
v 40.56268310546875 -5.199415683746338 14.76966667175293
v 45.65891647338867 -5.199413776397705 17.3663330078125
v 22.516582489013672 -5.199416160583496 10.363128662109375
v 23.485057830810547 -5.19941520690918 8.462383270263672
v 24.453535079956055 -5.199413776397705 6.561638832092285
v 22.046920776367188 -5.199416160583496 7.729616165161133
v 30.808326721191406 -5.199414253234863 6.282497882843018
v 29.780414581298828 -5.199412822723389 5.758748531341553
v 30.175188064575195 -5.199408531188965 2.442816972732544
v 24.938343048095703 -5.199414253234863 13.991291046142578
v 19.640304565429688 -5.199418067932129 8.897592544555664
v 20.608779907226562 -5.1994171142578125 6.996848106384277
v 28.752500534057617 -5.199410438537598 5.2349958419799805
v 21.57725715637207 -5.199415683746338 5.096103191375732
v 24.424386978149414 -5.199413299560547 13.729413986206055
v 18.792457580566406 -5.199411869049072 29.86501693725586
v 20.21514320373535 -5.19941520690918 27.072837829589844
v 19.18722915649414 -5.199412822723389 26.54908561706543
v 22.986248016357422 -5.19941520690918 12.996644973754883
v 18.159317016601562 -5.1994123458862305 26.02533721923828
v 36.88913345336914 -5.1994147300720215 9.380828857421875
v 17.703353881835938 -5.19942045211792 12.699082374572754
v 20.109968185424805 -5.199418067932129 11.531105041503906
v 18.671829223632812 -5.199419021606445 10.798337936401367
v 47.08160400390625 -5.1994123458862305 14.574153900146484
v 44.69043731689453 -5.199414253234863 19.2670841217041
v 26.295948028564453 -5.199414253234863 30.171165466308594
v 24.87326431274414 -5.199411869049072 32.96334457397461
v 40.8165168762207 -5.199418067932129 26.870079040527344
v 20.579631805419922 -5.1994171142578125 14.164621353149414
v 21.548107147216797 -5.199416637420654 12.263875007629395
v 19.611154556274414 -5.19941520690918 16.06536865234375
v 24.67823028564453 -5.199418067932129 25.829822540283203
v 25.64670753479004 -5.199418067932129 23.929073333740234
v 45.34234619140625 -5.199413299560547 15.446492195129395
v 38.074005126953125 -5.199416160583496 15.895833015441895
v 36.553802490234375 -5.199416160583496 15.12125301361084
v 40.697654724121094 -5.199416637420654 22.021072387695312
v 39.177452087402344 -5.199416637420654 21.246490478515625
v 36.68877410888672 -5.1994171142578125 22.372657775878906
v 37.657249450683594 -5.199416637420654 20.471908569335938
v 32.67989730834961 -5.1994171142578125 22.7242431640625
v 34.200096130371094 -5.1994171142578125 23.498825073242188
v 35.720298767089844 -5.1994171142578125 24.273406982421875
v 34.75182342529297 -5.1994171142578125 26.17415428161621
v 33.94624710083008 -5.199416160583496 11.398426055908203
v 32.42604446411133 -5.199416160583496 10.623844146728516
v 16.736631393432617 -5.199410438537598 28.81751823425293
v 33.783348083496094 -5.1994171142578125 28.074901580810547
v 32.81486892700195 -5.1994171142578125 29.97564697265625
v 37.33769989013672 -5.199418067932129 29.885934829711914
v 34.432579040527344 -5.199414253234863 34.31698989868164
v 33.00989532470703 -5.199411869049072 37.10917282104492
v 35.30354309082031 -5.1994171142578125 28.84947967529297
v 33.07497787475586 -5.199416637420654 18.13711929321289
v 36.82374572753906 -5.1994171142578125 29.624061584472656
v 15.766399383544922 -5.199416160583496 16.500577926635742
v 18.173015594482422 -5.199416637420654 15.332599639892578
v 16.73487663269043 -5.199418067932129 14.599830627441406
v 30.489093780517578 -5.1994171142578125 14.425337791442871
v 31.457569122314453 -5.199416637420654 12.524591445922852
v 29.937366485595703 -5.1994171142578125 11.750009536743164
v 13.829444885253906 -5.199411869049072 20.302072525024414
v 14.797922134399414 -5.199414253234863 18.401325225830078
v 28.417163848876953 -5.199417591094971 10.975427627563477
v 32.56101989746094 -5.199416637420654 17.875242233276367
v 31.040817260742188 -5.1994171142578125 17.100662231445312
v 26.615184783935547 -5.199418067932129 22.028324127197266
v 28.552139282226562 -5.199418067932129 18.22682762145996
v 42.0828857421875 -5.199415683746338 15.544246673583984
v 26.063461303710938 -5.199418544769287 19.352996826171875
v 47.47637176513672 -5.199410438537598 11.25822639465332
v 46.448455810546875 -5.199410438537598 10.734477043151855
v 40.36764907836914 -5.199410438537598 7.636135578155518
v 39.3397331237793 -5.1994123458862305 7.112392902374268
v 32.231014251708984 -5.199411869049072 3.4903156757354736
v 31.203102111816406 -5.199410438537598 2.966566324234009
v 29.52061653137207 -5.199417591094971 16.326082229614258
v 24.54326057434082 -5.199419021606445 18.578414916992188
v 27.583662033081055 -5.199418067932129 20.127574920654297
v 44.87837600708008 8.11737060546875 12.748278617858887
v 45.53907012939453 10.10326099395752 13.330668449401855
v 44.01886749267578 10.10326099395752 12.556086540222168
v 39.855899810791016 2.1596999168395996 9.451942443847656
v 40.51659393310547 4.145590305328369 10.034332275390625
v 39.657081604003906 6.131481170654297 9.84213638305664
v 20.9717960357666 15.445497512817383 26.39923095703125
v 20.55710792541504 14.075041770935059 27.21310043334961
v 19.970703125 15.854551315307617 28.36396598815918
v 23.860576629638672 3.8099920749664307 30.125049591064453
v 23.19988441467285 5.863002777099609 29.542659759521484
v 24.720081329345703 5.863002777099609 30.31723976135254
v 24.52126693725586 1.756981372833252 30.707439422607422
v 21.480873107910156 1.756981611251831 29.158279418945312
v 31.12281608581543 14.075044631958008 6.476705074310303
v 30.7081298828125 15.445504188537598 7.290595054626465
v 31.70920753479004 15.854555130004883 5.325826168060303
v 24.918895721435547 9.969023704528809 29.927040100097656
v 25.579586029052734 7.916013240814209 30.509429931640625
v 22.5391902923584 7.916012763977051 28.960269927978516
v 21.878496170043945 9.969022750854492 28.377880096435547
v 35.22154998779297 7.916013717651367 7.8278703689575195
v 35.882240295410156 9.969024658203125 8.410260200500488
v 33.70134735107422 7.916013717651367 7.053286552429199
v 44.16725158691406 17.182039260864258 16.225893020629883
v 43.408939361572266 18.9185733795166 17.917037963867188
v 42.56498718261719 17.19314193725586 15.409490585327148
v 44.92556381225586 15.44550609588623 14.534749031066895
v 44.20906066894531 17.626916885375977 16.143836975097656
v 35.94855499267578 17.193143844604492 12.038246154785156
v 35.108177185058594 18.940778732299805 13.687570571899414
v 34.42835235595703 17.193145751953125 11.263664245605469
v 36.7889289855957 15.44550895690918 10.388922691345215
v 35.990360260009766 17.638023376464844 11.95619010925293
v 27.811927795410156 17.193145751953125 7.892414093017578
v 26.97154998779297 18.940780639648438 9.541738510131836
v 26.291728973388672 17.193143844604492 7.117836952209473
v 28.65230369567871 15.44550895690918 6.24308967590332
v 27.853734970092773 17.638023376464844 7.810357093811035
v 29.867753982543945 17.193140029907227 8.939918518066406
v 31.387954711914062 17.19314193725586 9.714500427246094
v 29.02737808227539 18.940776824951172 10.589242935180664
v 29.909561157226562 17.638019561767578 8.857860565185547
v 38.00438690185547 17.193138122558594 13.085744857788086
v 38.84476089477539 15.445502281188965 11.436421394348145
v 39.52458572387695 17.193140029907227 13.860326766967773
v 37.16400909423828 18.94077491760254 14.735069274902344
v 38.04619216918945 17.638015747070312 13.003686904907227
v 34.376914978027344 6.131476879119873 35.237648010253906
v 33.716224670410156 8.117368698120117 34.65525817871094
v 34.57572937011719 10.10325813293457 34.847450256347656
v 34.57572937011719 10.10325813293457 34.847450256347656
v 34.77454376220703 14.075039863586426 34.457252502441406
v 34.33338165283203 9.256426811218262 35.12023162841797
v 34.376914978027344 6.131476402282715 35.237648010253906
v 18.10365867614746 6.131483554840088 26.94599151611328
v 17.442962646484375 8.1173734664917 26.363603591918945
v 18.30246925354004 10.103263854980469 26.55579376220703
v 18.30246925354004 10.103263854980469 26.55579376220703
v 18.501279830932617 14.075044631958008 26.16559600830078
v 18.060117721557617 9.256430625915527 26.828577041625977
v 18.10365867614746 6.13148307800293 26.94599151611328
v 21.437097549438477 20.68841552734375 20.403709411621094
v 20.596725463867188 18.940776824951172 22.05304718017578
v 19.916898727416992 20.68841552734375 19.629127502441406
v 22.277469635009766 22.436054229736328 18.75437355041504
v 21.186824798583984 20.790679931640625 20.8948974609375
v 23.492921829223633 20.688411712646484 21.451217651367188
v 24.333297729492188 22.436050415039062 19.8018798828125
v 25.01312255859375 20.688411712646484 22.225799560546875
v 22.652545928955078 18.940773010253906 23.100555419921875
v 23.24264907836914 20.79067611694336 21.942401885986328
v 29.573726654052734 20.688411712646484 24.54953956604004
v 28.733352661132812 18.94077491760254 26.198875427246094
v 28.053524017333984 20.688411712646484 23.774959564208984
v 30.414100646972656 22.43604850769043 22.900203704833984
v 29.323455810546875 20.79067611694336 25.040727615356445
v 31.629552841186523 20.688411712646484 25.597043991088867
v 32.46992874145508 22.43604850769043 23.94770622253418
v 33.14975357055664 20.688411712646484 26.371625900268555
v 30.78917694091797 18.940773010253906 27.246381759643555
v 31.379283905029297 20.79067611694336 26.08823013305664
v 37.710357666015625 20.688411712646484 28.695369720458984
v 36.86998748779297 18.940773010253906 30.344707489013672
v 36.190155029296875 20.688411712646484 27.92078971862793
v 38.55073165893555 22.43604850769043 27.04603385925293
v 37.4600830078125 20.790672302246094 29.18655776977539
v 26.240278244018555 5.863002777099609 31.091819763183594
v 26.4390926361084 9.969023704528809 30.701622009277344
v 26.4390926361084 9.969022750854492 30.701622009277344
v 26.637907028198242 14.075044631958008 30.31142234802246
v 26.196746826171875 9.256430625915527 30.974403381347656
v 26.240278244018555 5.863001823425293 31.091819763183594
v 31.941490173339844 14.760269165039062 32.50115203857422
v 31.734142303466797 14.075040817260742 32.90808868408203
v 28.69373893737793 14.075040817260742 31.35892677307129
v 42.092506408691406 14.760272026062012 12.578643798828125
v 39.25944900512695 14.075043678283691 10.622525215148926
v 42.29985046386719 14.075042724609375 12.171695709228516
v 45.34025192260742 14.075041770935059 13.720866203308105
v 23.80485725402832 14.760272026062012 28.355323791503906
v 23.59750747680664 14.075042724609375 28.76226043701172
v 33.955875396728516 14.760275840759277 8.432817459106445
v 34.1632194519043 14.07504653930664 8.025872230529785
v 37.20362091064453 14.075047492980957 9.575039863586426
v 25.81924819946289 14.760274887084961 4.2869768142700195
v 22.9862003326416 14.075042724609375 2.3308680057525635
v 26.026596069335938 14.075044631958008 3.8800368309020996
v 29.06698989868164 14.07504653930664 5.429205894470215
v 15.668233871459961 14.760271072387695 24.209503173828125
v 15.460884094238281 14.075043678283691 24.616439819335938
v 12.420487403869629 14.075042724609375 23.067283630371094
v 37.247623443603516 19.830530166625977 14.570953369140625
v 37.74816131591797 20.035057067871094 13.588571548461914
v 29.110994338989258 19.830533981323242 10.425127029418945
v 29.611534118652344 20.03506088256836 9.442742347717285
v 27.555706024169922 20.035062789916992 8.39523983001709
v 27.055166244506836 19.830537796020508 9.37762451171875
v 35.69232940673828 20.03506088256836 12.54107666015625
v 35.19179153442383 19.830535888671875 13.523458480834961
v 43.99309539794922 20.012853622436523 16.770540237426758
v 43.4925537109375 19.80832862854004 17.7529239654541
v 18.915979385375977 15.445500373840332 25.351722717285156
v 17.914886474609375 15.854557037353516 27.31647491455078
v 29.65338134765625 15.854557991027832 4.2783203125
v 36.28580856323242 20.035053253173828 31.491201400756836
v 36.36943435668945 19.14529800415039 31.32707977294922
v 30.288637161254883 19.145301818847656 28.22875213623047
v 30.20500946044922 20.035057067871094 28.39286994934082
v 28.149185180664062 20.035057067871094 27.34537124633789
v 28.232810974121094 19.145301818847656 27.181251525878906
v 22.152000427246094 19.145301818847656 24.082923889160156
v 22.068376541137695 20.035057067871094 24.247039794921875
v 20.012554168701172 20.03506088256836 23.19954490661621
v 20.09617805480957 19.145305633544922 23.035423278808594
v 40.00249481201172 2.6045775413513184 9.164225578308105
v 40.054718017578125 -1.812081217765808 9.061747550964355
v 29.66344451904297 2.1597020626068115 4.258612632751465
v 29.46462631225586 6.131483554840088 4.648810386657715
v 28.803936004638672 4.14559268951416 4.066421031951904
v 29.86226463317871 -1.8120795488357544 3.868415117263794
v 29.810043334960938 2.6045799255371094 3.9708914756774902
v 29.783933639526367 4.8129096031188965 4.022129535675049
v 29.757823944091797 7.021239280700684 4.073367595672607
v 29.914283752441406 5.327574729919434 3.3605685234069824
v 45.737884521484375 6.131479740142822 12.940470695495605
v 46.05718994140625 4.812906265258789 12.313790321350098
v 46.03108215332031 7.021235942840576 12.365028381347656
v 46.08330154418945 2.604576587677002 12.262552261352539
v 46.18754959106445 5.327572822570801 11.652229309082031
v 29.679492950439453 13.646228790283203 4.227082252502441
v 29.80994415283203 8.382736206054688 3.7682063579559326
v 29.705602645874023 11.437898635864258 4.175844192504883
v 45.95275115966797 13.646224975585938 12.518742561340332
v 46.08320617675781 8.382734298706055 12.059866905212402
v 45.97886276245117 11.437894821166992 12.467504501342773
v 39.97638702392578 4.8129072189331055 9.21546459197998
v 39.95027542114258 7.021236419677734 9.266703605651855
v 40.10674285888672 5.327571868896484 8.553897857666016
v 39.976287841796875 10.591062545776367 9.012779235839844
v 40.00239944458008 8.382733345031738 8.961540222167969
v 39.89805603027344 11.437894821166992 9.369181632995605
v 31.71927261352539 1.7569804191589355 5.306117057800293
v 31.52045440673828 5.863001823425293 5.69631290435791
v 31.865869522094727 2.2018580436706543 5.018397331237793
v 31.9180908203125 -2.34904146194458 4.915920734405518
v 35.23807907104492 9.707584381103516 28.903074264526367
v 35.025909423828125 8.616090774536133 29.076332092285156
v 35.32875442504883 10.661404609680176 28.20611572265625
v 41.048362731933594 20.666210174560547 18.791778564453125
v 41.89231491088867 22.39164161682129 21.299325942993164
v 38.68778610229492 22.41384506225586 19.666522979736328
v 40.204410552978516 18.940776824951172 16.28423309326172
v 37.843833923339844 20.688411712646484 17.15897560119629
v 35.48325729370117 22.436046600341797 18.03371810913086
v 41.885162353515625 15.445504188537598 12.98558521270752
v 34.5094108581543 17.193134307861328 31.219463348388672
v 35.18924331665039 15.445497512817383 33.64337921142578
v 32.148834228515625 15.445496559143066 32.09421920776367
v 33.8295783996582 18.940773010253906 28.79554557800293
v 31.46900177001953 17.193134307861328 29.67030143737793
v 29.10842514038086 15.44549560546875 30.54505729675293
v 35.51033020019531 22.43604850769043 25.496870040893555
v 26.37277603149414 17.193138122558594 27.073631286621094
v 27.0526065826416 15.445502281188965 29.49754524230957
v 24.0122013092041 15.445499420166016 27.948387145996094
v 25.692947387695312 18.940773010253906 24.649717330932617
v 23.33237075805664 17.193134307861328 25.52447509765625
v 27.373699188232422 22.436050415039062 21.351041793823242
v 32.74760055541992 20.68841552734375 14.562313079833984
v 33.42742156982422 22.43604850769043 16.98621940612793
v 30.38702392578125 22.436050415039062 15.437055587768555
v 32.067779541015625 18.940780639648438 12.138406753540039
v 29.707202911376953 20.68841552734375 13.01314926147461
v 27.34662628173828 22.436050415039062 13.88789176940918
v 33.74852752685547 15.445507049560547 8.83975887298584
v 18.23615264892578 17.193140029907227 22.92780303955078
v 15.875581741333008 15.445501327514648 23.80255889892578
v 17.55632781982422 18.940778732299805 20.503883361816406
v 15.195755958557129 17.193140029907227 21.378639221191406
v 12.835184097290039 15.445502281188965 22.253395080566406
v 14.515932083129883 18.94077491760254 18.954727172851562
v 19.237075805664062 22.436050415039062 17.205217361450195
v 16.876502990722656 20.688413619995117 18.079971313476562
v 16.196680068969727 22.43604850769043 15.656060218811035
v 24.610973358154297 20.68841552734375 10.416484832763672
v 25.290796279907227 22.436054229736328 12.840386390686035
v 22.250398635864258 22.436050415039062 11.291232109069824
v 23.93115234375 18.940778732299805 7.992583751678467
v 21.570575714111328 20.688413619995117 8.867330551147461
v 19.21000099182129 22.43604850769043 9.742077827453613
v 20.89075469970703 18.94077491760254 6.443412780761719
v 25.61190414428711 15.445505142211914 4.6939191818237305
v 23.25132942199707 17.193140029907227 5.568665981292725
v 22.57150650024414 15.445502281188965 3.1447482109069824
v 34.560855865478516 5.863003253936768 7.245480537414551
v 32.841835021972656 9.969023704528809 6.861092567443848
v 31.321636199951172 9.969022750854492 6.086508750915527
v 31.813648223876953 6.7527570724487305 5.12087345123291
v 37.60125732421875 5.863003730773926 8.79464054107666
v 37.80007553100586 1.7569820880889893 8.404440879821777
v 37.94667053222656 2.201859951019287 8.116721153259277
v 37.99889373779297 -2.3490397930145264 8.014241218566895
v 25.842649459838867 -2.3490397930145264 31.87221908569336
v 22.802255630493164 -2.3490397930145264 30.32305908203125
v 25.181957244873047 -0.29602909088134766 31.28982925415039
v 19.76186180114746 -2.3490397930145264 28.77389907836914
v 22.141563415527344 -0.29602932929992676 29.74066925048828
v 37.920562744140625 4.4773101806640625 8.167961120605469
v 37.89445114135742 6.75275993347168 8.21920108795166
v 20.358295440673828 9.96902084350586 27.603300094604492
v 20.115943908691406 9.256428718566895 27.876079559326172
v 20.15948486328125 5.863000869750977 27.993499755859375
v 21.217802047729492 12.022031784057617 27.795490264892578
v 23.59750747680664 14.075042724609375 28.76226043701172
v 24.258201599121094 12.02203369140625 29.344650268554688
v 26.637907028198242 14.075044631958008 30.31142234802246
v 38.05091094970703 5.327573299407959 7.506405830383301
v 37.81612014770508 13.579109191894531 8.372920989990234
v 37.946571350097656 8.315616607666016 7.914043426513672
v 35.022727966308594 12.022035598754883 8.218066215515137
v 37.84223175048828 11.303659439086914 8.321681022644043
v 33.502525329589844 12.022035598754883 7.443482398986816
v 31.839759826660156 4.477307319641113 5.069635391235352
v 31.970111846923828 5.327571868896484 4.408071041107178
v 31.83966064453125 10.591063499450684 4.86694860458374
v 31.86577033996582 8.315613746643066 4.815710067749023
v 31.761428833007812 11.303655624389648 5.223349571228027
v 41.83797836303711 8.11737060546875 11.199111938476562
v 40.97846984863281 10.103261947631836 11.006916046142578
v 39.45826721191406 10.103261947631836 10.232330322265625
v 26.82186508178711 -1.8120795488357544 2.3192524909973145
v 25.962356567382812 0.1738111972808838 2.127060651779175
v 23.781465530395508 -1.8120795488357544 0.7700899243354797
v 28.143245697021484 2.1597018241882324 3.4840314388275146
v 25.102848052978516 2.1597018241882324 1.9348688125610352
v 29.00275421142578 0.17381107807159424 3.6762232780456543
v 33.979286193847656 -1.8120863437652588 36.01804733276367
v 30.938886642456055 -1.812084674835205 34.46888732910156
v 33.31859588623047 0.1738048791885376 35.4356575012207
v 27.898487091064453 -1.8120828866958618 32.91972351074219
v 30.278194427490234 0.1738065481185913 33.886497497558594
v 32.657901763916016 2.159696102142334 34.853267669677734
v 29.61750030517578 2.1596975326538086 33.304107666015625
v 17.706037521362305 -1.8120778799057007 27.72638702392578
v 14.665637969970703 -1.8120787143707275 26.177230834960938
v 17.04534149169922 0.1738121509552002 27.143999099731445
v 11.625238418579102 -1.8120795488357544 24.628076553344727
v 14.004942893981934 0.17381131649017334 25.594844818115234
v 16.384647369384766 2.1597023010253906 26.56161117553711
v 13.34424877166748 2.159701347351074 25.012454986572266
v 29.26580810546875 10.103264808654785 5.039008140563965
v 28.49492645263672 10.103260040283203 31.749126434326172
v 28.25257682800293 9.256427764892578 32.021907806396484
v 28.296112060546875 6.131478786468506 32.13932418823242
v 29.354433059692383 12.089150428771973 31.94131851196289
v 31.734142303466797 14.075040817260742 32.90808868408203
v 30.015127182006836 10.103260040283203 32.52370834350586
v 32.39483642578125 12.089149475097656 33.490478515625
v 34.77454376220703 14.075039863586426 34.457252502441406
v 33.0555305480957 10.103259086608887 34.07286834716797
v 43.15936279296875 12.089151382446289 12.3638916015625
v 40.11895751953125 12.089153289794922 10.814720153808594
v 28.406299591064453 12.089155197143555 4.846816062927246
v 27.745609283447266 10.103264808654785 4.2644267082214355
v 25.36590576171875 12.089153289794922 3.297647476196289
v 24.705215454101562 10.103262901306152 2.7152578830718994
v 13.081180572509766 12.089153289794922 23.64967155456543
v 15.460884094238281 14.075043678283691 24.616439819335938
v 34.02033996582031 2.204805374145508 31.352508544921875
v 33.87437057495117 2.204805374145508 30.63958168029785
v 34.371700286865234 4.387791633605957 30.64952850341797
v 16.1215763092041 12.089153289794922 25.198827743530273
v 18.501279830932617 14.075044631958008 26.16559600830078
v 16.782268524169922 10.103263854980469 25.78121566772461
v 13.741872787475586 10.103262901306152 24.232059478759766
v 34.723060607910156 6.570777893066406 29.946548461914062
v 34.86903381347656 6.5707783699035645 30.659475326538086
v 25.51605224609375 2.204805374145508 7.229177474975586
v 26.178621292114258 2.204805374145508 6.928224086761475
v 25.816421508789062 4.387791633605957 7.625680923461914
v 26.11679458618164 6.570777893066406 8.022183418273926
v 25.4542236328125 6.5707783699035645 8.323137283325195
v 41.621368408203125 2.204805374145508 15.435247421264648
v 42.283935546875 2.204805374145508 15.134293556213379
v 41.92173767089844 4.387791633605957 15.831750869750977
v 42.22210693359375 6.570777893066406 16.228252410888672
v 41.559539794921875 6.5707783699035645 16.529207229614258
v 17.91502571105957 2.204805374145508 23.146442413330078
v 17.769054412841797 2.204805374145508 22.433515548706055
v 18.26638412475586 4.387791633605957 22.443462371826172
v 18.61774444580078 6.570777893066406 21.740482330322266
v 18.763715744018555 6.5707783699035645 22.453407287597656
v 35.22039031982422 8.753764152526855 29.95649528503418
v 25.754594802856445 8.753764152526855 8.719640731811523
v 25.723682403564453 10.936750411987305 9.266619682312012
v 25.39239501953125 10.936750411987305 9.417097091674805
v 41.85990905761719 8.753764152526855 16.925708770751953
v 41.82899475097656 10.936750411987305 17.47269058227539
v 41.497711181640625 10.936750411987305 17.623167037963867
v 19.115074157714844 8.753764152526855 21.75042724609375
v 36.250125885009766 22.436046600341797 20.28679656982422
v 38.68778610229492 22.41384506225586 19.666522979736328
v 37.01699447631836 22.436046600341797 22.539875030517578
v 35.48325729370117 22.436046600341797 18.03371810913086
v 33.976593017578125 22.436046600341797 20.990711212158203
v 41.89231491088867 22.39164161682129 21.299325942993164
v 39.454654693603516 22.41384506225586 21.919601440429688
v 40.22152328491211 22.41384506225586 24.172679901123047
v 37.78386306762695 22.436046600341797 24.792953491210938
v 38.55073165893555 22.43604850769043 27.04603385925293
v 35.51033020019531 22.43604850769043 25.496870040893555
v 32.46992874145508 22.43604850769043 23.94770622253418
v 34.74346160888672 22.436046600341797 23.243789672851562
v 29.647232055664062 22.436050415039062 20.647125244140625
v 27.373699188232422 22.436050415039062 21.351041793823242
v 28.88036346435547 22.436050415039062 18.394046783447266
v 30.414100646972656 22.43604850769043 22.900203704833984
v 31.920761108398438 22.43604850769043 19.94321060180664
v 24.333297729492188 22.436050415039062 19.8018798828125
v 26.606830596923828 22.436050415039062 19.097963333129883
v 25.839962005615234 22.436050415039062 16.844886779785156
v 28.113494873046875 22.436050415039062 16.140968322753906
v 30.38702392578125 22.436050415039062 15.437055587768555
v 27.34662628173828 22.436050415039062 13.88789176940918
v 33.42742156982422 22.43604850769043 16.98621940612793
v 31.153892517089844 22.436050415039062 17.69013214111328
v 21.510602951049805 22.436052322387695 16.501300811767578
v 19.237075805664062 22.436050415039062 17.205217361450195
v 20.743736267089844 22.436050415039062 14.248226165771484
v 22.277469635009766 22.436054229736328 18.75437355041504
v 23.784133911132812 22.436054229736328 15.797380447387695
v 16.196680068969727 22.43604850769043 15.656060218811035
v 18.47020721435547 22.436050415039062 14.952142715454102
v 17.703340530395508 22.43604850769043 12.699069023132324
v 19.97686767578125 22.436050415039062 11.99515151977539
v 22.250398635864258 22.436050415039062 11.291232109069824
v 19.21000099182129 22.43604850769043 9.742077827453613
v 25.290796279907227 22.436054229736328 12.840386390686035
v 23.01726531982422 22.436052322387695 13.544305801391602
v 15.379250526428223 15.989423751831055 20.14284896850586
v 15.651741027832031 13.797003746032715 21.260066986083984
v 16.746593475341797 16.2950382232666 21.864648818969727
v 15.240560531616211 11.451776504516602 21.516386032104492
v 15.924232482910156 11.604583740234375 22.37728500366211
v 39.42750549316406 13.797002792358398 14.412038803100586
v 38.363487243652344 15.989423751831055 14.848273277282715
v 40.56016159057617 16.2950382232666 14.942428588867188
v 39.39318084716797 11.451775550842285 13.928726196289062
v 40.491519927978516 11.604582786560059 13.97580337524414
v 23.322189331054688 13.797002792358398 6.205968856811523
v 22.2581729888916 15.989423751831055 6.6422038078308105
v 24.454843521118164 16.2950382232666 6.736359596252441
v 23.28786849975586 11.451775550842285 5.72265625
v 24.38620376586914 11.604582786560059 5.7697343826293945
v 31.48456573486328 15.989423751831055 28.34891700744629
v 31.757057189941406 13.797003746032715 29.466136932373047
v 32.85190963745117 16.2950382232666 30.07071876525879
v 31.345874786376953 11.451776504516602 29.722454071044922
v 32.02954864501953 11.604583740234375 30.583354949951172
v 17.786548614501953 13.835205078125 22.387353897094727
v 18.94326400756836 15.989423751831055 21.95880699157715
v 41.59430694580078 13.835205078125 15.476531982421875
v 41.92750549316406 15.989423751831055 16.664228439331055
v 41.94478225708008 11.528179168701172 15.149736404418945
v 41.2611083984375 11.680986404418945 14.288836479187012
v 25.488990783691406 13.835205078125 7.270463943481445
v 25.822187423706055 15.989423751831055 8.458160400390625
v 25.839466094970703 11.528179168701172 6.943668365478516
v 25.155792236328125 11.680986404418945 6.082767963409424
v 33.891868591308594 13.835205078125 30.593421936035156
v 35.048580169677734 15.989423751831055 30.164873123168945
v 15.870869636535645 15.30272388458252 18.089954376220703
v 15.322599411010742 13.548925399780273 20.171646118164062
v 33.28398895263672 2.3764801025390625 32.66869354248047
v 33.750362396240234 2.3764801025390625 32.110069274902344
v 33.733543395996094 4.645304203033447 32.065181732177734
v 38.353485107421875 13.548925399780273 14.785514831542969
v 36.99162673950195 15.30272388458252 16.45266342163086
v 39.029415130615234 11.451776504516602 13.920560836791992
v 38.343482971191406 11.108426094055176 14.722756385803223
v 34.183101654052734 6.914128303527832 31.461669921875
v 33.71672821044922 6.914127826690674 32.02029800415039
v 34.166282653808594 9.182951927185059 31.416784286499023
v 34.615840911865234 11.451776504516602 30.813270568847656
v 34.382652282714844 11.451775550842285 31.092586517333984
v 22.248172760009766 13.548925399780273 6.579445838928223
v 20.88631248474121 15.30272388458252 8.246594429016113
v 22.924102783203125 11.451776504516602 5.714492321014404
v 22.238170623779297 11.108426094055176 6.516687393188477
v 26.632810592651367 2.3764801025390625 6.264523506164551
v 26.81062126159668 2.3764801025390625 5.558864116668701
v 26.586612701416016 4.645303726196289 6.277299880981445
v 31.97618293762207 15.30272388458252 26.296022415161133
v 31.427913665771484 13.548925399780273 28.377716064453125
v 26.54041290283203 6.914128303527832 6.29007625579834
v 26.36260223388672 6.914127826690674 6.9957356452941895
v 19.412824630737305 13.377250671386719 21.48080825805664
v 20.31512451171875 15.30272388458252 20.354413986206055
v 42.738128662109375 2.3764801025390625 14.470592498779297
v 42.91593933105469 2.3764801025390625 13.764932632446289
v 42.69192886352539 4.645303726196289 14.483367919921875
v 42.645729064941406 6.914128303527832 14.496145248413086
v 42.467918395996094 6.914127826690674 15.201804161071777
v 17.17867088317871 2.3764801025390625 24.462631225585938
v 17.64504623413086 2.3764801025390625 23.904003143310547
v 17.62822723388672 4.645304203033447 23.85911750793457
v 18.07778549194336 6.914128303527832 23.255603790283203
v 17.61141014099121 6.914127826690674 23.814231872558594
v 26.316404342651367 9.182952880859375 7.008512020111084
v 26.18130111694336 11.451776504516602 7.374118328094482
v 26.092395782470703 11.451776504516602 7.726947784423828
v 41.816795349121094 13.377250671386719 17.325071334838867
v 41.435882568359375 15.30272388458252 18.717126846313477
v 41.951900482177734 11.10842514038086 16.95946502685547
v 42.19771194458008 11.451776504516602 15.933015823364258
v 42.421722412109375 9.182952880859375 15.214580535888672
v 18.06096649169922 9.182951927185059 23.210718154907227
v 25.711483001708984 13.377250671386719 9.119001388549805
v 25.330568313598633 15.30272388458252 10.511055946350098
v 25.84658432006836 11.10842514038086 8.753396034240723
v 35.51814270019531 13.377250671386719 29.68687629699707
v 36.420440673828125 15.30272388458252 28.560482025146484
v 17.851255416870117 14.752031326293945 17.25183868408203
v 16.91205596923828 12.775554656982422 18.188350677490234
v 16.96304702758789 10.523731231689453 18.7058048248291
v 15.972854614257812 10.799077987670898 19.124862670898438
v 37.6832275390625 12.775554656982422 17.237165451049805
v 37.47761917114258 14.752031326293945 18.547462463378906
v 21.577909469604492 12.775554656982422 9.031095504760742
v 21.372303009033203 14.752031326293945 10.341392517089844
v 33.95656967163086 14.752031326293945 25.45790672302246
v 33.017372131347656 12.775554656982422 26.39441680908203
v 33.068363189697266 10.523731231689453 26.91187286376953
v 32.07817077636719 10.799077987670898 27.330928802490234
v 19.647785186767578 12.844390869140625 19.653532028198242
v 19.82913589477539 14.752031326293945 18.25961685180664
v 40.47660446166992 12.844390869140625 18.589204788208008
v 39.45549774169922 14.752031326293945 19.55524253845215
v 40.50751876831055 10.661405563354492 18.042224884033203
v 24.371288299560547 12.844390869140625 10.383134841918945
v 23.350183486938477 14.752031326293945 11.34917163848877
v 24.402202606201172 10.661405563354492 9.83615493774414
v 35.75309753417969 12.844390869140625 27.859600067138672
v 35.9344482421875 14.752031326293945 26.46568489074707
v 18.808969497680664 12.6378812789917 18.533443450927734
v 18.777742385864258 10.523731231689453 19.311161041259766
v 17.788803100585938 10.523731231689453 18.80727195739746
v 39.077392578125 12.6378812789917 18.568958282470703
v 22.972076416015625 12.6378812789917 10.36288833618164
v 34.914283752441406 12.6378812789917 26.739513397216797
v 34.883056640625 10.523731231689453 27.517230987548828
v 33.89411926269531 10.523731231689453 27.01333999633789
v 34.18813705444336 15.854546546936035 35.60812759399414
v 34.040855407714844 13.222801208496094 35.79576110839844
v 33.893577575683594 10.591056823730469 35.98339080810547
v 17.76760482788086 13.222810745239258 27.504104614257812
v 17.620323181152344 10.591065406799316 27.691736221313477
v 27.812782287597656 10.591062545776367 32.88505935668945
v 27.960063934326172 13.222807884216309 32.697425842285156
v 28.107345581054688 15.85455322265625 32.509796142578125
v 26.05152130126953 15.85455322265625 31.46230125427246
v 25.904239654541016 13.222807884216309 31.649932861328125
v 25.7569580078125 10.591062545776367 31.837562561035156
v 30.648239135742188 4.559466361999512 30.802412033081055
v 30.5867862701416 4.645303726196289 31.059024810791016
v 30.766342163085938 6.914127826690674 30.51700210571289
v 30.407230377197266 2.3764801025390625 31.601045608520508
v 31.207185745239258 6.914128303527832 31.095993041992188
v 31.12545394897461 11.451775550842285 29.432960510253906
v 19.6761417388916 10.591060638427734 28.739227294921875
v 19.823421478271484 13.222805976867676 28.551597595214844
v 31.276531219482422 9.182952880859375 30.409223556518555
v 31.618366241455078 9.259355545043945 30.83967399597168
v 23.802715301513672 9.182951927185059 5.262882709503174
v 24.351882934570312 9.259355545043945 5.286421775817871
v 24.317562103271484 6.914127826690674 4.803109169006348
v 23.590030670166016 6.914128303527832 4.786780834197998
v 24.255958557128906 2.3764805793762207 3.859069347381592
v 23.751510620117188 4.55946683883667 4.523473739624023
v 23.92299461364746 4.6453046798706055 4.322925090789795
v 14.824490547180176 -2.161167621612549 25.636999130249023
v 16.279556274414062 -2.161167621612549 25.66965675354004
v 15.246637344360352 0.1458580493927002 25.169536590576172
v 39.90802764892578 9.182951927185059 13.468952178955078
v 40.45719909667969 9.259355545043945 13.492490768432617
v 40.42287826538086 6.914127826690674 13.009178161621094
v 43.363956451416016 -2.161167621612549 12.3280611038208
v 42.482269287109375 -2.161167621612549 11.170083999633789
v 42.35221862792969 0.1458580493927002 11.78637409210205
v 39.695343017578125 6.914128303527832 12.992849349975586
v 42.222164154052734 2.452883720397949 12.402664184570312
v 41.521217346191406 7.0669355392456055 13.056256294250488
v 27.25864028930664 -2.161167621612549 4.121992588043213
v 26.376953125 -2.161167621612549 2.964014768600464
v 26.24690055847168 0.1458580493927002 3.5803050994873047
v 40.36127471923828 2.3764805793762207 12.06513786315918
v 39.85682678222656 4.55946683883667 12.72954273223877
v 40.0283088684082 4.6453046798706055 12.528993606567383
v 26.11684799194336 2.452883720397949 4.196595668792725
v 25.415897369384766 7.0669355392456055 4.850187301635742
v 30.929805755615234 -2.161167621612549 33.84306716918945
v 32.38487243652344 -2.161167621612549 33.8757209777832
v 31.351951599121094 0.1458580493927002 33.37560272216797
v 14.542922973632812 4.559466361999512 22.596343994140625
v 14.481471061706543 4.645303726196289 22.852954864501953
v 14.661026954650879 6.914127826690674 22.31093406677246
v 13.942803382873535 -2.161167621612549 24.479019165039062
v 14.893835067749023 0.10765647888183594 24.95022964477539
v 14.301915168762207 2.3764801025390625 23.394977569580078
v 15.1018705368042 6.914128303527832 22.889923095703125
v 14.522336959838867 2.3764801025390625 23.684471130371094
v 15.02013874053955 11.451775550842285 21.226890563964844
v 40.725040435791016 2.3764801025390625 12.073302268981934
v 41.02720260620117 -2.161167621612549 11.137426376342773
v 15.171215057373047 9.182952880859375 22.203155517578125
v 15.513051986694336 9.259355545043945 22.633604049682617
v 41.96742248535156 0.10765624046325684 11.629858016967773
v 32.2546272277832 7.066935062408447 31.965055465698242
v 32.73515319824219 11.680986404418945 31.021968841552734
v 24.61972427368164 2.3764801025390625 3.8672332763671875
v 24.921886444091797 -2.161167621612549 2.9313576221466064
v 31.774099349975586 2.452883720397949 32.90814208984375
v 25.862106323242188 0.10765624046325684 3.423788547515869
v 32.61839294433594 7.0669355392456055 31.973220825195312
v 30.048120498657227 -2.161167621612549 32.685089111328125
v 30.9991512298584 0.10765647888183594 33.15629577636719
v 26.55769157409668 2.452883720397949 4.7755842208862305
v 25.98679542541504 4.759909629821777 4.8128862380981445
v 25.85674285888672 7.066935062408447 5.429176330566406
v 30.627653121948242 2.3764801025390625 31.890541076660156
v 42.66300964355469 2.452883720397949 12.981653213500977
v 42.09210968017578 4.759909629821777 13.018954277038574
v 17.21230697631836 -2.161167621612549 24.552400588989258
v 16.729114532470703 0.10765624046325684 25.066143035888672
v 43.00833511352539 -2.161167621612549 13.7393798828125
v 43.13994598388672 0.10765624046325684 13.046497344970703
v 41.962059020996094 7.066935062408447 13.635244369506836
v 16.149307250976562 7.066935062408447 23.758987426757812
v 16.629833221435547 11.680986404418945 22.815900802612305
v 26.903018951416016 -2.161167621612549 5.533310890197754
v 27.034629821777344 0.10765624046325684 4.840428352355957
v 15.668783187866211 2.452883720397949 24.702075958251953
v 16.51307487487793 7.0669355392456055 23.767152786254883
v 33.317623138427734 -2.161167621612549 32.75846862792969
v 32.83443069458008 0.10765624046325684 33.27220916748047
v 25.285844802856445 9.373960494995117 5.466477394104004
v 24.93537139892578 11.680986404418945 5.793273448944092
v 16.920364379882812 -2.161167621612549 23.126548767089844
v 17.56366729736328 0.021818876266479492 23.849422454833984
v 41.39116287231445 9.373960494995117 13.67254638671875
v 41.040687561035156 11.680986404418945 13.99934196472168
v 42.64613342285156 0.021818876266479492 14.436836242675781
v 25.577878952026367 -2.161167621612549 6.135217666625977
v 26.540821075439453 0.021818876266479492 6.230767250061035
v 43.02632141113281 22.092002868652344 18.870819091796875
v 42.05954360961914 24.171152114868164 20.971099853515625
v 42.77604675292969 21.9897403717041 19.362010955810547
v 33.02568054199219 -2.161167621612549 31.33261489868164
v 33.668983459472656 0.021818876266479492 32.05548858642578
v 27.100353240966797 17.944805145263672 29.40383529663086
v 27.142166137695312 17.499927520751953 29.32177734375
v 18.963720321655273 17.944808959960938 25.258010864257812
v 19.005531311035156 17.49993133544922 25.175949096679688
v 34.64349365234375 22.12531280517578 14.59953498840332
v 33.59465408325195 24.21556282043457 16.65799331665039
v 34.39322280883789 22.023048400878906 15.090725898742676
v 21.01953887939453 17.944805145263672 26.305503845214844
v 21.061351776123047 17.499927520751953 26.223445892333984
v 29.156177520751953 17.944805145263672 30.451332092285156
v 29.19799041748047 17.499927520751953 30.369274139404297
v 36.69932556152344 22.125308990478516 15.647027969360352
v 36.44905471801758 22.02304458618164 16.13821792602539
v 35.65048599243164 24.215559005737305 17.70548439025879
v 15.623563766479492 -2.161167621612549 22.465795516967773
v 16.79766082763672 -0.047017574310302734 22.27039909362793
v 17.32335662841797 2.0671324729919434 21.744626998901367
v 16.674957275390625 2.0671324729919434 21.414249420166016
v 28.56269645690918 22.12531280517578 11.501200675964355
v 28.312427520751953 22.023048400878906 11.992393493652344
v 40.15367126464844 2.067131996154785 15.149209976196289
v 40.918434143066406 -0.047017812728881836 14.745248794555664
v 40.80207061767578 2.067131996154785 15.47958755493164
v 41.683197021484375 -2.161167621612549 14.341286659240723
v 24.281078338623047 -2.161167621612549 5.474464416503906
v 24.81311798095703 -0.047017812728881836 6.53917932510376
v 27.513858795166016 24.215564727783203 13.559659004211426
v 24.048355102539062 2.067131996154785 6.943140983581543
v 24.696754455566406 2.067131996154785 7.273517608642578
v 31.728878021240234 -2.161167621612549 30.671865463256836
v 32.902976989746094 -0.047017574310302734 30.47646713256836
v 33.428672790527344 2.0671324729919434 29.950695037841797
v 32.7802734375 2.0671324729919434 29.620319366455078
v 26.506866455078125 22.125314712524414 10.453699111938477
v 25.45802879333496 24.215566635131836 12.51215934753418
v 26.2565975189209 22.023052215576172 10.944891929626465
v 35.23697280883789 17.944799423217773 33.54966354370117
v 35.278785705566406 17.499921798706055 33.46760559082031
v 14.29842472076416 -2.161167621612549 23.06770133972168
v 14.18381118774414 0.021818876266479492 23.68038558959961
v 14.424819946289062 2.204805374145508 22.881752014160156
v 31.98232650756836 12.02203369140625 6.668898582458496
v 32.84272384643555 6.295432090759277 28.06488609313965
v 33.3996467590332 10.523731231689453 26.761396408081055
v 33.337196350097656 6.295431613922119 28.316829681396484
v 32.811500549316406 4.181282043457031 28.842601776123047
v 16.737409591674805 6.295432090759277 19.85881805419922
v 17.29433250427246 10.523731231689453 18.555328369140625
v 17.23188018798828 6.295431613922119 20.110759735107422
v 16.70618438720703 4.181282043457031 20.636533737182617
v 23.553884506225586 2.0671324729919434 6.691196441650391
v 23.437522888183594 4.181282043457031 7.425534725189209
v 23.815631866455078 6.295431613922119 8.41181755065918
v 22.826690673828125 6.295432090759277 7.907928466796875
v 39.659202575683594 2.0671324729919434 14.897266387939453
v 39.54283905029297 4.181282043457031 15.631604194641113
v 39.92094802856445 6.295431613922119 16.617887496948242
v 38.9320068359375 6.295432090759277 16.113998413085938
v 22.026512145996094 10.523731231689453 8.768198013305664
v 22.099496841430664 10.523731231689453 9.12466049194336
v 23.20479965209961 8.409581184387207 8.894210815429688
v 38.13182830810547 10.523731231689453 16.974266052246094
v 38.204811096191406 10.523731231689453 17.330730438232422
v 39.310115814208984 8.409581184387207 17.10028076171875
v 31.291950225830078 2.0671324729919434 29.81980323791504
v 30.84784698486328 -0.047017574310302734 30.54678726196289
v 31.685060501098633 6.433104991912842 28.575366973876953
v 23.213430404663086 2.2048048973083496 5.098108291625977
v 23.33492660522461 2.067131996154785 5.621808052062988
v 22.88632583618164 4.318954944610596 5.884706020355225
v 22.68071937561035 6.295431613922119 7.195002555847168
v 22.437725067138672 6.570777893066406 6.147603988647461
v 39.31874465942383 2.2048048973083496 13.304176330566406
v 39.440242767333984 2.067131996154785 13.827877044677734
v 38.99163818359375 4.318954944610596 14.090774536132812
v 38.786033630371094 6.295431613922119 15.401071548461914
v 38.54303741455078 6.570777893066406 14.35367202758789
v 15.18663215637207 2.0671324729919434 21.61373519897461
v 14.742528915405273 -0.047017574310302734 22.340717315673828
v 15.579743385314941 6.433104991912842 20.369298934936523
v 31.18996238708496 6.570777893066406 28.784896850585938
v 31.49416732788086 10.936750411987305 27.893287658691406
v 31.583072662353516 10.936750411987305 27.54045867919922
v 30.40374183654785 -2.161167621612549 31.27376937866211
v 31.240955352783203 4.318955421447754 29.302349090576172
v 37.33464431762695 22.12530517578125 29.4327392578125
v 37.418270111083984 21.235549926757812 29.268617630004883
v 15.084647178649902 6.570777893066406 20.578826904296875
v 15.388853073120117 10.936750411987305 19.68722152709961
v 15.477758407592773 10.936750411987305 19.33439064025879
v 31.33746910095215 21.235553741455078 26.1702880859375
v 31.253841400146484 22.125308990478516 26.334407806396484
v 15.135639190673828 4.318955421447754 21.096282958984375
v 21.895206451416016 10.936750411987305 6.917785167694092
v 21.662017822265625 10.936750411987305 7.197099208831787
v 29.198017120361328 22.125308990478516 25.286907196044922
v 29.28164291381836 21.235553741455078 25.122787475585938
v 22.23211669921875 8.54725456237793 7.457900524139404
v 38.000518798828125 10.936750411987305 15.12385368347168
v 37.767333984375 10.936750411987305 15.403167724609375
v 23.200836181640625 21.235553741455078 22.024459838867188
v 23.11721420288086 22.12531089782715 22.188575744628906
v 21.061386108398438 22.12531280517578 21.14107894897461
v 21.14501190185547 21.235557556152344 20.976959228515625
v 38.337432861328125 8.54725456237793 15.663969039916992
v 30.530136108398438 2.204805374145508 31.08782196044922
v 31.01215171813965 6.5707783699035645 29.490554809570312
v 23.912992477416992 2.204805374145508 4.260166645050049
v 22.904098510742188 6.570777893066406 5.58897590637207
v 26.04146385192871 1.7569811344146729 31.482019424438477
v 25.755584716796875 4.437816619873047 31.63738250732422
v 40.018310546875 2.204805374145508 12.466236114501953
v 39.00941467285156 6.570777893066406 13.795044898986816
v 26.04146385192871 1.756981372833252 31.482019424438477
v 14.90683650970459 6.5707783699035645 21.284486770629883
v 25.842649459838867 -2.3490397930145264 31.87221908569336
v 25.799118041992188 1.0443885326385498 31.75480079650879
v 25.314424514770508 -0.3807973861694336 32.30036163330078
v 31.068801879882812 9.011277198791504 29.46175765991211
v 22.914100646972656 9.011277198791504 5.651734352111816
v 25.09384536743164 -2.790104627609253 32.63185119628906
v 24.87326431274414 -5.199411869049072 32.96334457397461
v 39.019412994384766 9.011277198791504 13.857803344726562
v 25.167827606201172 0.06407928466796875 32.58808135986328
v 19.013038635253906 -2.790105104446411 29.533527374267578
v 19.76186180114746 -2.3490397930145264 28.77389907836914
v 18.792457580566406 -5.199411869049072 29.86501693725586
v 19.233619689941406 -0.38079833984375 29.202037811279297
v 19.087018966674805 0.06407880783081055 29.48975372314453
v 14.96348762512207 9.011277198791504 21.255687713623047
v 19.71832275390625 1.0443878173828125 28.656478881835938
v 36.02961730957031 17.193134307861328 31.994043350219727
v 31.549022674560547 6.990532398223877 31.52644157409668
v 15.443706512451172 6.990532398223877 23.32037353515625
v 29.948801040649414 17.193134307861328 28.895719528198242
v 31.068496704101562 2.3764805793762207 32.46952819824219
v 25.381576538085938 4.721707820892334 4.366874694824219
v 25.347257614135742 2.3764801025390625 3.8835620880126953
v 41.48689651489258 4.721707820892334 12.572943687438965
v 41.45257568359375 2.3764801025390625 12.089631080627441
v 14.963180541992188 2.3764805793762207 24.26346206665039
v 27.89297866821289 17.193138122558594 27.848209381103516
v 21.812171936035156 17.193134307861328 24.749893188476562
v 19.756351470947266 17.193138122558594 23.70238494873047
v 35.77933883666992 17.295398712158203 32.4852294921875
v 44.459327697753906 17.72917938232422 15.652645111083984
v 44.959869384765625 17.933704376220703 14.670260429382324
v 36.240631103515625 17.740283966064453 11.46500015258789
v 36.74116897583008 17.94481086730957 10.48261833190918
v 38.29646301269531 17.740280151367188 12.512496948242188
v 38.7969970703125 17.944805145263672 11.530115127563477
v 28.10400390625 17.740285873413086 7.319164752960205
v 28.604543685913086 17.94481086730957 6.336780071258545
v 30.159832000732422 17.74028205871582 8.366668701171875
v 30.660369873046875 17.944808959960938 7.384284019470215
v 39.604862213134766 10.548139572143555 9.94461441040039
v 39.84583282470703 15.85455322265625 9.471659660339355
v 39.871944427490234 13.646224021911621 9.42042064666748
v 29.698532104492188 17.295398712158203 29.386905670166016
v 29.41240692138672 10.54814338684082 4.751286506652832
v 27.64270782470703 17.29540252685547 28.339397430419922
v 45.92664337158203 15.854555130004883 12.56998062133789
v 45.6856689453125 10.548138618469238 13.042947769165039
v 21.56189727783203 17.295398712158203 25.241077423095703
v 29.888275146484375 1.7577476501464844 3.6144919395446777
v 30.044734954833984 0.06408309936523438 2.9016928672790527
v 30.109962463378906 -2.5676627159118652 2.672255039215088
v 30.175188064575195 -5.199408531188965 2.442816972732544
v 46.161537170410156 1.7577450275421143 11.906152725219727
v 46.135520935058594 -1.8120828866958618 12.160075187683105
v 46.31800079345703 0.06408119201660156 11.193353652954102
v 19.506078720092773 17.29540252685547 24.193572998046875
v 46.38322830200195 -2.567664623260498 10.96391487121582
v 46.448455810546875 -5.199410438537598 10.734477043151855
v 40.30242156982422 -2.567664861679077 7.865575790405273
v 40.36764907836914 -5.199410438537598 7.636135578155518
v 40.23719787597656 0.06408071517944336 8.095016479492188
v 40.08073043823242 1.757745385169983 8.807823181152344
v 31.468231201171875 10.413900375366211 5.798789024353027
v 31.73531723022461 13.579105377197266 5.274587631225586
v 17.904848098754883 2.159702777862549 27.33618927001953
v 17.618955612182617 4.437816619873047 27.491558074951172
v 37.790008544921875 15.854559898376465 8.424160957336426
v 37.40243911743164 9.969025611877441 9.184840202331543
v 37.549034118652344 10.413904190063477 8.897120475769043
v 17.904848098754883 2.159702777862549 27.33618927001953
v 17.706037521362305 -1.8120778799057007 27.72638702392578
v 17.66249656677246 1.3128694295883179 27.608972549438477
v 17.177793502807617 -0.3807969093322754 28.154537200927734
v 16.957212448120117 -2.7901036739349365 28.486026763916016
v 16.736631393432617 -5.199410438537598 28.81751823425293
v 17.03119659423828 0.06408166885375977 28.442256927490234
v 34.1781005859375 2.1596949100494385 35.627845764160156
v 33.89221954345703 4.437813758850098 35.78321075439453
v 34.1781005859375 2.1596951484680176 35.627845764160156
v 33.979286193847656 -1.8120863437652588 36.01804733276367
v 33.935752868652344 1.3128635883331299 35.90062713623047
v 33.45105743408203 -0.3807992935180664 36.446189880371094
v 33.23047637939453 -2.7901055812835693 36.777679443359375
v 33.00989532470703 -5.199411869049072 37.10917282104492
v 33.3044548034668 0.06407737731933594 36.733909606933594
v 27.14967155456543 -2.7901039123535156 33.67935562133789
v 27.898487091064453 -1.8120828866958618 32.91972351074219
v 26.92909049987793 -5.199410438537598 34.01084518432617
v 27.37025260925293 -0.3807973861694336 33.34786605834961
v 27.223655700683594 0.06408023834228516 33.635581970214844
v 27.854949951171875 1.312866449356079 32.80230712890625
v 36.323631286621094 20.688411712646484 16.3843936920166
v 28.187002182006836 20.688413619995117 12.238567352294922
v 26.13117218017578 20.688417434692383 11.191062927246094
v 36.365440368652344 21.133289337158203 16.302335739135742
v 28.228809356689453 21.13329315185547 12.156509399414062
v 26.17298126220703 21.133296966552734 11.109004974365234
v 34.267799377441406 20.688413619995117 15.336894989013672
v 34.309608459472656 21.13329315185547 15.254838943481445
v 42.65062713623047 20.655107498168945 19.60818099975586
v 42.69243621826172 21.099985122680664 19.526124954223633
v 17.325759887695312 5.327573776245117 28.066997528076172
v 17.25177764892578 2.473388433456421 28.110767364501953
v 33.59901428222656 5.327567100524902 36.35865020751953
v 33.5250358581543 2.473383903503418 36.40242004394531
v 17.839536666870117 6.847123622894287 27.16006851196289
v 34.11280059814453 6.84712028503418 35.45172119140625
v 23.662031173706055 -0.047017812728881836 4.835210800170898
v 23.9891357421875 -2.161167621612549 4.04861307144165
v 25.462392807006836 5.327570915222168 32.21282196044922
v 25.388408660888672 2.473386764526367 32.256591796875
v 23.480899810791016 2.067131996154785 6.334733486175537
v 39.76734924316406 -0.047017812728881836 13.041278839111328
v 40.094451904296875 -2.161167621612549 12.254681587219238
v 19.307600021362305 2.4733855724334717 29.15826416015625
v 19.381580352783203 5.327569484710693 29.114490509033203
v 19.674781799316406 4.437815189361572 28.539058685302734
v 39.58621597290039 2.067131996154785 14.540802001953125
v 27.444236755371094 2.473386764526367 33.30409240722656
v 27.518218994140625 5.327570915222168 33.26032257080078
v 27.81141471862793 4.4378156661987305 32.68488693237305
v 25.976165771484375 6.847123622894287 31.305892944335938
v 19.895362854003906 6.8471221923828125 28.207569122314453
v 28.03199577331543 6.847121715545654 32.353397369384766
v 38.02490234375 1.4892668724060059 7.760323524475098
v 38.181365966796875 0.06407976150512695 7.047528266906738
v 38.24658966064453 -2.567667007446289 6.818089485168457
v 38.31181716918945 -5.199413776397705 6.588650226593018
v 32.16578674316406 -2.5676658153533936 3.719754695892334
v 32.231014251708984 -5.199411869049072 3.4903156757354736
v 32.100563049316406 0.06408023834228516 3.9491934776306152
v 31.944101333618164 1.4892652034759521 4.661995887756348
v 30.289127349853516 0.021818876266479492 31.886455535888672
v 24.417438507080078 0.021818876266479492 3.595762252807617
v 23.446617126464844 2.2048048973083496 4.818794250488281
v 40.52275848388672 0.021818876266479492 11.801831245422363
v 39.55193328857422 2.2048048973083496 13.024863243103027
v 34.90441131591797 8.478418350219727 28.55263328552246
v 33.752872467041016 2.067131996154785 30.115882873535156
v 34.177215576171875 4.250118255615234 29.769367218017578
v 34.480064392089844 6.295431613922119 28.899150848388672
v 34.29871368408203 4.387791633605957 30.29306411743164
v 35.14740753173828 8.753764152526855 29.600032806396484
v 35.57175064086914 10.936750411987305 29.253515243530273
v 25.485137939453125 4.387791633605957 7.776157379150391
v 24.990041732788086 4.250118732452393 7.985686302185059
v 24.464031219482422 6.295432090759277 8.742195129394531
v 25.020954132080078 2.067131996154785 7.438706398010254
v 25.423309326171875 8.753764152526855 8.8701171875
v 24.928213119506836 8.61609172821045 9.079646110534668
v 24.433116912841797 8.478418350219727 9.289175033569336
v 41.5904541015625 4.387791633605957 15.982227325439453
v 41.095359802246094 4.250118732452393 16.191757202148438
v 40.5693473815918 6.295432090759277 16.948265075683594
v 41.12627410888672 2.067131996154785 15.644775390625
v 41.52862548828125 8.753764152526855 17.076187133789062
v 41.033531188964844 8.61609172821045 17.285717010498047
v 40.53843307495117 8.478418350219727 17.4952449798584
v 19.13276481628418 9.707584381103516 20.697006225585938
v 18.92059326171875 8.616090774536133 20.87026596069336
v 19.223440170288086 10.661404609680176 20.000049591064453
v 18.799095153808594 8.478418350219727 20.34656524658203
v 17.64755630493164 2.067131996154785 21.90981674194336
v 18.071903228759766 4.250118255615234 21.56329917907715
v 18.3747501373291 6.295431613922119 20.693082809448242
v 18.19339942932129 4.387791633605957 22.086997985839844
v 19.042089462280273 8.753764152526855 21.393964767456055
v 19.466434478759766 10.936750411987305 21.047447204589844
v 34.850624084472656 10.145689010620117 30.57427215576172
v 34.74243927001953 9.011277198791504 30.736373901367188
v 35.30177307128906 11.108426094055176 30.011075973510742
v 35.08540344238281 8.83960247039795 30.335275650024414
v 33.300804138183594 0.10765624046325684 32.71358108520508
v 33.533992767333984 0.10765624046325684 32.434268951416016
v 34.09333038330078 2.204805374145508 31.708972930908203
v 34.30970001220703 4.473628997802734 31.38477325439453
v 33.966732025146484 4.645304203033447 31.785869598388672
v 26.49770736694336 4.645303726196289 6.630129814147949
v 26.374801635742188 4.473628997802734 7.143353462219238
v 26.509906768798828 2.204805374145508 6.77774715423584
v 26.22749900817871 9.182951927185059 7.36134147644043
v 26.10459327697754 9.011276245117188 7.874566078186035
v 25.981689453125 8.839601516723633 8.387789726257324
v 42.603023529052734 4.645303726196289 14.836198806762695
v 42.48011779785156 4.473628997802734 15.349422454833984
v 42.61521911621094 2.204805374145508 14.983816146850586
v 42.33281707763672 9.182951927185059 15.56740951538086
v 42.20990753173828 9.011276245117188 16.08063507080078
v 42.087005615234375 8.839601516723633 16.59385871887207
v 18.745304107666016 10.145689010620117 22.368206024169922
v 18.63711929321289 9.011277198791504 22.530305862426758
v 19.196455001831055 11.108426094055176 21.805007934570312
v 18.980085372924805 8.83960247039795 22.129207611083984
v 17.98801040649414 2.204805374145508 23.50290298461914
v 18.20438003540039 4.473628997802734 23.1787052154541
v 17.86141586303711 4.645304203033447 23.579803466796875
v 18.29415512084961 9.182952880859375 22.93140411376953
v 18.51052474975586 11.451776504516602 22.60720443725586
v 34.399471282958984 9.182952880859375 31.137470245361328
v 42.286617279052734 11.451776504516602 15.58018684387207
v 42.295257568359375 9.221153259277344 14.822940826416016
v 42.793060302734375 0.1458580493927002 12.365362167358398
v 43.01348114013672 0.1458580493927002 12.654857635498047
v 43.004844665527344 2.3764801025390625 13.412103652954102
v 33.255130767822266 10.451070785522461 31.283321380615234
v 33.2259407043457 9.297557830810547 31.521133422851562
v 33.83348846435547 11.528179168701172 31.069046020507812
v 33.775108337402344 9.221153259277344 31.5446720123291
v 32.07948684692383 0.1458580493927002 33.391929626464844
v 32.44325256347656 0.1458580493927002 33.40009307861328
v 32.50163269042969 2.452883720397949 32.924468994140625
v 33.05080032348633 2.3764801025390625 32.9480094909668
v 33.10918045043945 4.683506011962891 32.472381591796875
v 32.56001281738281 4.759909629821777 32.44884490966797
v 32.67677307128906 9.373960494995117 31.497594833374023
v 26.687744140625 0.1458580493927002 4.159294128417969
v 26.908164978027344 0.1458580493927002 4.448788642883301
v 26.899526596069336 2.3764801025390625 5.2060346603393555
v 26.207218170166016 4.759909629821777 5.102380275726318
v 26.549053192138672 4.683506011962891 5.532830238342285
v 25.506267547607422 9.373960494995117 5.755971908569336
v 25.84810447692871 9.29755687713623 6.186422348022461
v 26.189939498901367 9.221153259277344 6.616872310638428
v 42.65436935424805 4.683506011962891 13.738899230957031
v 42.31253433227539 4.759909629821777 13.308448791503906
v 41.6115837097168 9.373960494995117 13.962039947509766
v 41.95342254638672 9.29755687713623 14.39249038696289
v 17.149810791015625 10.451070785522461 23.077253341674805
v 17.120620727539062 9.297557830810547 23.315067291259766
v 17.728168487548828 11.528179168701172 22.862979888916016
v 17.669788360595703 9.221153259277344 23.338605880737305
v 15.974169731140137 0.1458580493927002 25.185867309570312
v 16.337936401367188 0.1458580493927002 25.19403076171875
v 16.396316528320312 2.452883720397949 24.71840476989746
v 16.945484161376953 2.3764801025390625 24.741943359375
v 17.003864288330078 4.683506011962891 24.266319274902344
v 16.454696655273438 4.759909629821777 24.242778778076172
v 16.571453094482422 9.373960494995117 23.291526794433594
v 31.83247947692871 4.759909152984619 32.432518005371094
v 31.41033172607422 2.452883720397949 32.89997863769531
v 31.890857696533203 7.066935062408447 31.956893920898438
v 31.479677200317383 4.721708297729492 32.21321105957031
v 31.75461196899414 8.163146018981934 31.398283004760742
v 32.165794372558594 10.508373260498047 31.141965866088867
v 32.37138366699219 11.680986404418945 31.013805389404297
v 32.44072723388672 13.949810981750488 30.327037811279297
v 32.79353332519531 13.988012313842773 30.546344757080078
v 15.727161407470703 4.759909152984619 24.226449966430664
v 15.305015563964844 2.452883720397949 24.693912506103516
v 15.785541534423828 7.066935062408447 23.750823974609375
v 15.374361038208008 4.721708297729492 24.00714111328125
v 15.649296760559082 8.163146018981934 23.19221305847168
v 16.06047821044922 10.508373260498047 22.935895919799805
v 16.335412979125977 13.949810981750488 22.120967864990234
v 23.185016632080078 10.103261947631836 1.9406734704971313
v 23.515361785888672 11.096207618713379 2.231868267059326
v 24.044525146484375 8.117372512817383 2.1328682899475098
v 23.845706939697266 12.089153289794922 2.5230629444122314
v 17.244152069091797 4.14559268951416 26.753801345825195
v 16.91380500793457 5.138537883758545 26.462608337402344
v 17.574501037597656 3.1526479721069336 27.044994354248047
v 33.51741027832031 4.1455864906311035 35.04545593261719
v 33.18706512451172 5.138532638549805 34.75426483154297
v 33.847755432128906 3.1526408195495605 35.33665466308594
v 44.94566345214844 -0.8191373944282532 11.676688194274902
v 45.2760124206543 0.17380774021148682 11.967883110046387
v 44.18556594848633 -0.8191371560096741 11.289397239685059
v 44.615318298339844 -1.8120825290679932 11.385493278503418
v 43.42546844482422 -0.819136917591095 10.902106285095215
v 43.09511947631836 -1.812082052230835 10.61091136932373
v 40.28565216064453 1.1667544841766357 9.548040390014648
v 40.71540832519531 0.17380905151367188 9.644137382507324
v 41.376102447509766 2.1596994400024414 10.226527214050293
v 42.23561096191406 0.17380857467651367 10.418719291687012
v 41.145164489746094 -0.8191363215446472 9.740233421325684
v 41.574920654296875 -1.8120815753936768 9.836329460144043
v 43.75581359863281 0.17380821704864502 11.1933012008667
v 41.80585479736328 1.1667540073394775 10.322623252868652
v 42.89630126953125 2.159698963165283 11.00110912322998
v 43.32605743408203 1.1667535305023193 11.09720516204834
v 44.41650390625 2.159698486328125 11.775691032409668
v 43.5569953918457 4.145589351654053 11.58349895477295
v 42.03679656982422 4.145589828491211 10.808917045593262
v 42.466548919677734 3.152644395828247 10.905013084411621
v 45.936702728271484 2.159698486328125 12.550272941589355
v 45.83729553222656 4.1455888748168945 12.74537181854248
v 45.50695037841797 3.1526436805725098 12.454176902770996
v 45.07719421386719 4.1455888748168945 12.358080863952637
v 43.98674774169922 3.152643918991089 11.679594993591309
v 45.308128356933594 7.124424934387207 12.844374656677246
v 44.21768569946289 6.1314802169799805 12.165888786315918
v 44.647438049316406 5.1385345458984375 12.261984825134277
v 43.787933349609375 7.124425411224365 12.069792747497559
v 42.697486877441406 6.1314802169799805 11.39130687713623
v 43.358177185058594 8.11737060546875 11.9736967086792
v 12.022863388061523 6.131481647491455 23.847679138183594
v 12.552021980285645 9.11031723022461 23.748676300048828
v 12.882368087768555 8.117372512817383 24.03986930847168
v 13.212714195251465 7.124427318572998 24.331064224243164
v 40.94635009765625 3.1526448726654053 10.130430221557617
v 25.38077163696289 3.8099920749664307 30.899629592895508
v 25.050426483154297 4.8364973068237305 30.608434677124023
v 25.711116790771484 2.783486843109131 31.190824508666992
v 34.958492279052734 -2.3490405082702637 6.465081214904785
v 35.288841247558594 -1.3225349187850952 6.7562761306762695
v 34.52873992919922 -1.3225351572036743 6.368986129760742
v 34.09898376464844 -0.29602980613708496 6.272891044616699
v 33.43829345703125 -2.349040985107422 5.6905012130737305
v 36.80904006958008 -1.3225345611572266 7.530856132507324
v 35.61918640136719 -0.29602932929992676 7.047471046447754
v 36.47869110107422 -2.3490400314331055 7.23966121673584
v 37.13938522338867 -0.29602909088134766 7.822051048278809
v 33.669227600097656 0.7304755449295044 6.176795959472656
v 33.239471435546875 1.7569808959960938 6.080700874328613
v 32.57878112792969 -0.29603028297424316 5.4983110427856445
v 34.759674072265625 1.7569812536239624 6.855280876159668
v 36.279876708984375 1.756981611251831 7.629860877990723
v 36.94056701660156 3.809992551803589 8.212250709533691
v 35.850120544433594 2.783486843109131 7.53376579284668
v 35.42036437988281 3.8099923133850098 7.437670707702637
v 36.74174880981445 7.916014194488525 8.602450370788574
v 36.41140365600586 6.8895087242126465 8.31125545501709
v 36.0810546875 5.863003730773926 8.020060539245605
v 34.891204833984375 6.889508247375488 7.536675453186035
v 34.99060821533203 4.836497783660889 7.341575622558594
v 34.230506896972656 4.836497783660889 6.954285621643066
v 36.51081085205078 4.836498260498047 8.116155624389648
v 34.329917907714844 2.7834866046905518 6.759185791015625
v 33.90016174316406 3.8099920749664307 6.663090705871582
v 12.683555603027344 4.145591735839844 24.430068969726562
v 13.543060302734375 6.131482124328613 24.622257232666016
v 14.402565956115723 8.117372512817383 24.8144474029541
v 15.06325912475586 6.1314826011657715 25.396835327148438
v 16.583457946777344 6.13148307800293 26.17141342163086
v 15.92276382446289 8.1173734664917 25.589025497436523
v 25.763538360595703 4.14559268951416 2.5172581672668457
v 24.24333953857422 4.145591735839844 1.7426738739013672
v 23.383832931518555 6.131481647491455 1.5504789352416992
v 23.58264923095703 2.159701108932495 1.160284399986267
v 26.42422866821289 6.131483554840088 3.0996477603912354
v 27.084918975830078 8.117374420166016 3.682037353515625
v 25.564722061157227 8.1173734664917 2.9074528217315674
v 28.956806182861328 4.1455888748168945 32.721717834472656
v 29.485965728759766 7.124424457550049 32.622711181640625
v 29.816314697265625 6.131478786468506 32.913909912109375
v 30.67582130432129 8.117368698120117 33.10609817504883
v 31.336515426635742 6.131478309631348 33.6884880065918
v 32.85671615600586 6.131477355957031 34.46306610107422
v 32.196022033691406 8.117368698120117 33.88067626953125
v 20.820178985595703 3.8099915981292725 28.575889587402344
v 21.34933853149414 6.889507293701172 28.476884841918945
v 21.679683685302734 5.863001823425293 28.76807975769043
v 24.059391021728516 7.916013240814209 29.73484992980957
v 19.52886199951172 7.959315299987793 28.92685890197754
v 19.67546272277832 7.514437675476074 28.639142990112305
v 19.969345092773438 9.701305389404297 28.163795471191406
v 25.609676361083984 7.959316730499268 32.02519226074219
v 25.756271362304688 7.514439105987549 31.737472534179688
v 26.05014991760254 9.70130729675293 31.262123107910156
v 27.66550064086914 7.959316730499268 33.07269287109375
v 27.81209945678711 7.514438152313232 32.78497314453125
v 28.105979919433594 9.701305389404297 32.30962371826172
v 17.473041534423828 7.959319591522217 27.87936782836914
v 17.619640350341797 7.51444149017334 27.59164810180664
v 17.91352081298828 9.701309204101562 27.116296768188477
v 33.74629592895508 7.9593119621276855 36.1710205078125
v 33.89289855957031 7.514435291290283 35.88330078125
v 34.1867790222168 9.701303482055664 35.40795135498047
v 28.097299575805664 2.159698009490967 32.52952575683594
v 28.075531005859375 3.722172737121582 32.47081756591797
v 31.997207641601562 4.145586967468262 34.270877838134766
v 27.944427490234375 6.13148307800293 3.8742289543151855
v 15.723953247070312 4.14559268951416 25.979223251342773
v 39.44609832763672 20.677310943603516 17.975378036499023
v 41.04478454589844 17.193140029907227 14.634908676147461
v 32.98920440673828 17.193134307861328 30.444881439208984
v 34.669952392578125 20.688411712646484 27.146207809448242
v 24.85257339477539 17.19313621520996 26.299053192138672
v 26.533323287963867 20.688411712646484 23.00037956237793
v 31.227401733398438 20.68841552734375 13.787731170654297
v 32.90815353393555 17.193143844604492 10.489082336425781
v 16.715953826904297 17.193140029907227 22.153221130371094
v 13.675558090209961 17.193138122558594 20.604061126708984
v 18.39670181274414 20.68841552734375 18.854549407958984
v 15.356306076049805 20.688411712646484 17.30539321899414
v 23.090774536132812 20.68841552734375 9.641907691955566
v 20.050376892089844 20.688411712646484 8.092744827270508
v 24.771528244018555 17.19314193725586 6.3432512283325195
v 21.731130599975586 17.193138122558594 4.79408073425293
v 20.15948486328125 5.863000869750977 27.993499755859375
v 19.960674285888672 1.7569806575775146 28.383699417114258
v 19.960674285888672 1.7569804191589355 28.383699417114258
v 22.340377807617188 3.8099923133850098 29.3504695892334
v 20.291019439697266 0.730475902557373 28.674894332885742
v 32.18114471435547 7.916012763977051 6.278702735900879
v 22.110219955444336 24.215566635131836 19.08261489868164
v 24.16604995727539 24.215564727783203 20.13011360168457
v 30.24684715270996 24.215560913085938 23.22844123840332
v 32.30267333984375 24.215560913085938 24.275943756103516
v 38.383480072021484 24.215559005737305 27.37427520751953
v 23.661762237548828 -0.29602932929992676 30.515249252319336
v 20.621368408203125 -0.29602909088134766 28.966089248657227
v 26.108745574951172 10.995529174804688 30.41042709350586
v 21.01898956298828 7.916011810302734 28.18568992614746
v 22.73800277709961 12.022032737731934 28.570070266723633
v 25.778400421142578 12.02203369140625 30.119232177734375
v 36.542930603027344 12.022035598754883 8.992650032043457
v 32.37996292114258 3.8099913597106934 5.888506889343262
v 28.296112060546875 6.131479263305664 32.13932418823242
v 28.097299575805664 2.159698009490967 32.52952575683594
v 30.477008819580078 4.145587921142578 33.496299743652344
v 28.42764663696289 1.1667529344558716 32.82072067260742
v 11.824050903320312 2.159700870513916 24.237876892089844
v 14.203754425048828 4.145591735839844 25.20464515686035
v 12.154397010803223 1.1667560338974 24.529071807861328
v 41.177284240722656 6.131480693817139 10.616722106933594
v 40.31777572631836 8.117371559143066 10.42452621459961
v 27.283737182617188 4.14559268951416 3.291839599609375
v 27.482555389404297 0.17381107807159424 2.901641845703125
v 24.442157745361328 0.1738111972808838 1.352479338645935
v 31.79839324951172 0.17380571365356445 34.66107940673828
v 28.757993698120117 0.1738072633743286 33.111915588378906
v 15.525142669677734 0.17381179332733154 26.369421005249023
v 12.484743118286133 0.17381083965301514 24.820266723632812
v 28.27477264404297 7.124428749084473 4.16542387008667
v 28.605117797851562 8.117374420166016 4.456618309020996
v 17.972122192382812 11.096208572387695 26.264598846435547
v 34.245384216308594 11.09620475769043 34.55625534057617
v 29.155620574951172 8.117369651794434 32.33151626586914
v 30.8746337890625 12.089150428771973 32.71589660644531
v 33.9150390625 12.089149475097656 34.26506042480469
v 41.63916015625 12.089152336120605 11.589305877685547
v 44.67955780029297 12.089151382446289 13.138476371765137
v 26.8861026763916 12.089155197143555 4.072231769561768
v 14.601378440856934 12.089153289794922 24.42424964904785
v 12.221675872802734 10.103261947631836 23.457481384277344
v 17.641773223876953 12.089154243469238 25.973405838012695
v 40.525840759277344 13.949810028076172 14.459115982055664
v 24.42052459716797 13.949810028076172 6.253046989440918
v 16.688213348388672 13.988012313842773 22.340274810791016
v 18.27733612060547 11.451776504516602 22.886520385742188
v 40.91063690185547 13.988012313842773 14.615633010864258
v 24.805316925048828 13.988012313842773 6.409564018249512
v 15.568408966064453 13.205574989318848 19.145198822021484
v 15.265948295593262 11.108426094055176 20.200443267822266
v 37.66755676269531 13.205574989318848 15.587709426879883
v 21.562240600585938 13.205574989318848 7.381640911102295
v 31.673721313476562 13.205574989318848 27.351268768310547
v 31.371261596679688 11.108426094055176 28.406513214111328
v 18.72689437866211 13.720600128173828 22.283004760742188
v 23.70050811767578 23.325809478759766 15.96150016784668
v 19.53942108154297 10.936750411987305 21.403911590576172
v 25.756338119506836 23.325807571411133 17.009002685546875
v 31.837135314941406 23.3258056640625 20.107330322265625
v 33.892967224121094 23.325803756713867 21.154830932617188
v 40.13789749145508 23.303600311279297 24.33679962158203
v 42.06260681152344 13.720600128173828 16.298622131347656
v 25.957290649414062 13.720600128173828 8.092554092407227
v 34.832210540771484 13.720600128173828 30.489070892333984
v 35.644737243652344 10.936750411987305 29.60997772216797
v 16.023847579956055 8.54725456237793 19.642316818237305
v 16.074840545654297 6.295432090759277 20.159770965576172
v 15.92186164855957 13.050901412963867 18.60740852355957
v 37.44023132324219 13.050901412963867 16.18976593017578
v 37.888832092285156 10.799077987670898 15.926867485046387
v 21.334915161132812 13.050901412963867 7.983696460723877
v 21.78351593017578 10.799077987670898 7.720798492431641
v 32.12916564941406 8.54725456237793 27.8483829498291
v 32.18015670776367 6.295432090759277 28.36583709716797
v 32.02717590332031 13.050901412963867 26.8134765625
v 19.890779495239258 13.11973762512207 20.700931549072266
v 19.101943969726562 10.523731231689453 19.476348876953125
v 41.466796875 13.11973762512207 18.170146942138672
v 25.361480712890625 13.11973762512207 9.96407699584961
v 35.99609375 13.11973762512207 28.906997680664062
v 35.20725631713867 10.523731231689453 27.682418823242188
v 17.75757598876953 8.409582138061523 19.58498764038086
v 17.726348876953125 6.295432090759277 20.36270523071289
v 17.820030212402344 12.6378812789917 18.029556274414062
v 38.08845138549805 12.6378812789917 18.0650691986084
v 38.699283599853516 10.523731231689453 17.58267593383789
v 21.983135223388672 12.6378812789917 9.858999252319336
v 22.59396743774414 10.523731231689453 9.376605033874512
v 33.862892150878906 8.409582138061523 27.791057586669922
v 33.8316650390625 6.295432090759277 28.568775177001953
v 33.92534637451172 12.6378812789917 26.23562240600586
v 34.48065948486328 11.888172149658203 34.93260192871094
v 18.207401275634766 11.888176918029785 26.640945434570312
v 28.399860382080078 11.88817310333252 31.834274291992188
v 26.34402847290039 11.888175964355469 30.786773681640625
v 20.263225555419922 11.888174057006836 27.688447952270508
v 35.189430236816406 0.730475902557373 6.951375961303711
v 44.84626007080078 1.1667530536651611 11.871787071228027
v 46.036109924316406 0.17380774021148682 12.35517406463623
v 28.473590850830078 3.152647018432617 3.77522611618042
v 28.90334701538086 2.1597018241882324 3.8713221549987793
v 29.333099365234375 1.1667566299438477 3.9674181938171387
v 14.452991485595703 0.10765647888183594 24.371240615844727
v 15.032526016235352 4.6453046798706055 23.576692581176758
v 41.239891052246094 0.10765624046325684 11.613529205322266
v 40.93772888183594 4.645303726196289 12.54940414428711
v 25.134571075439453 0.10765624046325684 3.4074597358703613
v 24.832408905029297 4.645303726196289 4.3433356285095215
v 30.558307647705078 0.10765647888183594 32.577308654785156
v 31.137840270996094 4.6453046798706055 31.782760620117188
v 17.42867660522461 0.10765624046325684 24.22820281982422
v 42.87322998046875 0.10765624046325684 14.104986190795898
v 26.767913818359375 0.10765624046325684 5.898917198181152
v 42.962135314941406 0.10765624046325684 13.752156257629395
v 26.85681915283203 0.10765624046325684 5.546087265014648
v 17.19548797607422 0.10765624046325684 24.50751495361328
v 17.344709396362305 0.021818876266479492 22.780033111572266
v 41.65228271484375 0.021818876266479492 14.888267517089844
v 25.546966552734375 0.021818876266479492 6.682197570800781
v 33.45002746582031 0.021818876266479492 30.986099243164062
v 17.417694091796875 0.021818876266479492 23.13649559020996
v 42.16466522216797 -1.0696743726730347 14.389060974121094
v 25.878250122070312 0.021818876266479492 6.531721115112305
v 33.52301025390625 0.021818876266479492 31.342561721801758
v 18.252044677734375 8.409582138061523 19.836933135986328
v 34.35736083984375 8.409582138061523 28.04300308227539
v 17.84905242919922 4.181282043457031 21.218854904174805
v 17.200653076171875 4.181282043457031 20.888477325439453
v 40.685707092285156 4.181282043457031 16.213926315307617
v 40.03730773925781 4.181282043457031 15.883548736572266
v 39.68822479248047 10.523731231689453 18.086565017700195
v 40.012420654296875 10.523731231689453 18.251754760742188
v 39.804588317871094 8.409581184387207 17.35222625732422
v 24.580392837524414 4.181282043457031 8.007856369018555
v 23.93199348449707 4.181282043457031 7.677479267120361
v 23.582908630371094 10.523731231689453 9.880495071411133
v 23.907108306884766 10.523731231689453 10.045682907104492
v 23.699270248413086 8.409581184387207 9.146156311035156
v 33.954368591308594 4.181282043457031 29.424922943115234
v 33.30596923828125 4.181282043457031 29.094547271728516
v 16.149261474609375 -0.047017574310302734 21.940021514892578
v 40.65241622924805 -1.1040927171707153 14.212890625
v 40.38639831542969 -2.161167621612549 13.680533409118652
v 24.164716720581055 -0.047017812728881836 6.208802700042725
v 32.25457763671875 -0.047017574310302734 30.14609146118164
v 38.93089294433594 4.387791633605957 13.828924179077148
v 38.504966735839844 8.753764152526855 14.459449768066406
v 22.825576782226562 4.387791633605957 5.622856140136719
v 22.3996524810791 8.753764152526855 6.25338077545166
v 14.361621856689453 0.021818876266479492 22.974727630615234
v 14.602630615234375 2.204805374145508 22.17609405517578
v 14.665828704833984 4.387791633605957 22.083118438720703
v 14.691535949707031 2.204805374145508 21.823265075683594
v 14.843639373779297 4.387791633605957 21.377460479736328
v 15.147844314575195 8.753764152526855 20.485855102539062
v 39.82319259643555 0.02181863784790039 12.639772415161133
v 39.51386260986328 4.387791633605957 13.130640029907227
v 40.05638122558594 0.021818876266479492 12.360458374023438
v 23.717876434326172 0.02181863784790039 4.433703422546387
v 23.408546447753906 4.387791633605957 4.9245710372924805
v 23.951065063476562 0.021818876266479492 4.15438985824585
v 30.466938018798828 0.021818876266479492 31.180795669555664
v 30.70794677734375 2.204805374145508 30.38216209411621
v 30.77114486694336 4.387791633605957 30.289188385009766
v 30.796852111816406 2.204805374145508 30.029333114624023
v 30.948955535888672 4.387791633605957 29.58353042602539
v 31.253158569335938 8.753764152526855 28.69192123413086
v 32.03533935546875 2.6958260536193848 4.1786322593688965
v 38.11613845825195 2.695826530456543 7.2769670486450195
v 16.518943786621094 8.409582138061523 19.432788848876953
v 32.62425994873047 8.409582138061523 27.63885498046875
v 39.29560470581055 4.181282043457031 15.505632400512695
v 23.78412437438965 24.215566635131836 15.79738712310791
v 22.110219955444336 24.215566635131836 19.08261489868164
v 24.16604995727539 24.215564727783203 20.13011360168457
v 25.839954376220703 24.215564727783203 16.844886779785156
v 38.45893096923828 8.409581184387207 16.187667846679688
v 31.92074966430664 24.215560913085938 19.943218231201172
v 30.24684715270996 24.215560913085938 23.22844123840332
v 32.30267333984375 24.215560913085938 24.275943756103516
v 33.97657775878906 24.215560913085938 20.99071502685547
v 40.22151184082031 24.193355560302734 24.172687530517578
v 38.383480072021484 24.215559005737305 27.37427520751953
v 23.190288543701172 4.181282043457031 7.299562454223633
v 22.353614807128906 8.409581184387207 7.981600284576416
v 15.405097961425781 -0.047017574310302734 22.039764404296875
v 15.849202156066895 2.067131996154785 21.312782287597656
v 15.630736351013184 4.181282043457031 20.88675308227539
v 16.18048667907715 2.067131996154785 21.162307739257812
v 16.293306350708008 4.181282043457031 20.585800170898438
v 39.986305236816406 -0.047017812728881836 14.110668182373047
v 39.113136291503906 4.181282043457031 14.614474296569824
v 39.91332244873047 -0.047017812728881836 13.754205703735352
v 40.076873779296875 -1.1040927171707153 13.360906600952148
v 23.88098907470703 -0.047017812728881836 5.904599189758301
v 23.007823944091797 4.181282043457031 6.408405303955078
v 23.808002471923828 -0.047017812728881836 5.548136234283447
v 31.510414123535156 -0.047017574310302734 30.245834350585938
v 31.954517364501953 2.067131996154785 29.51885223388672
v 31.736053466796875 4.181282043457031 29.092819213867188
v 32.28580093383789 2.067131996154785 29.368375778198242
v 32.39862060546875 4.181282043457031 28.7918701171875
v 25.45802879333496 24.215566635131836 12.51215934753418
v 27.513858795166016 24.215564727783203 13.559659004211426
v 33.59465408325195 24.21556282043457 16.65799331665039
v 35.65048599243164 24.215559005737305 17.70548439025879
v 42.05954360961914 24.171152114868164 20.971099853515625
v 37.92045974731445 10.591066360473633 7.965283393859863
v 46.057098388671875 10.591064453125 12.111104965209961
v 29.783832550048828 10.591066360473633 3.819444417953491
v 37.86833953857422 9.028209686279297 8.270441055297852
v 31.787538528442383 9.028205871582031 5.172111511230469
v 40.17197036743164 2.695826292037964 8.324457168579102
v 46.252777099609375 2.695827007293701 11.422791481018066
v 29.979509353637695 2.695828914642334 3.1311306953430176
v 46.004974365234375 9.229565620422363 12.416266441345215
v 29.731712341308594 9.229568481445312 4.124606132507324
v 39.924163818359375 9.229565620422363 9.31794261932373
v 15.309906005859375 13.720600128173828 20.82961654663086
v 38.878334045410156 13.720600128173828 14.388500213623047
v 22.773021697998047 13.720600128173828 6.182430267333984
v 31.415220260620117 13.720600128173828 29.035686492919922
v 42.00174331665039 2.452883720397949 12.113170623779297
v 41.006370544433594 9.335759162902832 13.516029357910156
v 24.901050567626953 9.335759162902832 5.309960842132568
v 25.896425247192383 2.452883720397949 3.9071011543273926
v 18.335716247558594 13.758801460266113 22.410892486572266
v 41.93614196777344 13.758801460266113 15.906982421875
v 25.830825805664062 13.758801460266113 7.70091438293457
v 34.44103240966797 13.758801460266113 30.616958618164062
v 14.991813659667969 10.231526374816895 21.241291046142578
v 39.36238098144531 9.182952880859375 13.456705093383789
v 38.696449279785156 13.720600128173828 14.384416580200195
v 22.591136932373047 13.720600128173828 6.178348064422607
v 15.086392402648926 8.83960247039795 20.74246597290039
v 15.143043518066406 11.280101776123047 20.713666915893555
v 38.676448822021484 8.839601516723633 14.25890064239502
v 22.571134567260742 8.839601516723633 6.052831649780273
v 23.25706672668457 9.182952880859375 5.250636577606201
v 31.191707611083984 8.83960247039795 28.94853401184082
v 31.24835777282715 11.280101776123047 28.919736862182617
v 15.199694633483887 13.720600128173828 20.68486976623535
v 31.09712791442871 10.231526374816895 29.447359085083008
v 31.305009841918945 13.720600128173828 28.89093780517578
v 19.75579071044922 13.205574989318848 21.0797119140625
v 41.69389343261719 13.205574035644531 17.838294982910156
v 25.588577270507812 13.205574035644531 9.63222599029541
v 35.861106872558594 13.205574989318848 29.285778045654297
v 17.407150268554688 12.6378812789917 17.97882080078125
v 33.51246643066406 12.6378812789917 26.184890747070312
v 37.804725646972656 12.6378812789917 17.7608642578125
v 21.69940757751465 12.6378812789917 9.554795265197754
v 38.21593475341797 8.684927940368652 15.140270233154297
v 38.01033020019531 10.661404609680176 16.4505672454834
v 22.110620498657227 8.684927940368652 6.934201240539551
v 21.905014038085938 10.661404609680176 8.244498252868652
v 15.55424690246582 7.559016704559326 20.110572814941406
v 15.528751373291016 8.684927940368652 19.851844787597656
v 31.659563064575195 7.559016704559326 28.316638946533203
v 31.63406753540039 8.684927940368652 28.057912826538086
v 19.526287078857422 12.706718444824219 19.129833221435547
v 39.98150634765625 12.706718444824219 18.79873275756836
v 23.87619400024414 12.706718444824219 10.592662811279297
v 35.63159942626953 12.706718444824219 27.335899353027344
v 19.30344009399414 12.6378812789917 18.785388946533203
v 35.40875244140625 12.6378812789917 26.991458892822266
v 39.571861267089844 12.6378812789917 18.820903778076172
v 23.46654510498047 12.6378812789917 10.61483383178711
v 40.27003479003906 -0.047017812728881836 14.414871215820312
v 38.815643310546875 8.409582138061523 16.848337173461914
v 39.193756103515625 10.523731231689453 17.834619522094727
v 22.710329055786133 8.409582138061523 8.642267227172852
v 23.088438034057617 10.523731231689453 9.628549575805664
v 17.247493743896484 7.352506637573242 19.72190284729004
v 17.263107299804688 8.409582138061523 19.333045959472656
v 33.35280990600586 7.352506637573242 27.92797088623047
v 33.36842346191406 8.409582138061523 27.539112091064453
v 19.454200744628906 2.028508424758911 28.870548248291016
v 19.93890380859375 3.4536943435668945 28.324989318847656
v 25.535003662109375 2.0285096168518066 31.9688720703125
v 17.398374557495117 2.0285098552703857 27.823047637939453
v 33.67163848876953 2.0285072326660156 36.11470031738281
v 27.59083366394043 2.0285091400146484 33.01637649536133
v 38.35267639160156 15.878362655639648 18.052467346191406
v 38.10968017578125 16.153709411621094 17.005067825317383
v 37.47761917114258 14.752031326293945 18.547462463378906
v 16.746593475341797 16.2950382232666 21.864648818969727
v 18.079025268554688 17.00469398498535 19.24960708618164
v 15.379250526428223 15.989423751831055 20.14284896850586
v 33.08026123046875 16.153709411621094 26.8758487701416
v 34.070457458496094 15.878362655639648 26.456790924072266
v 33.95656967163086 14.752031326293945 25.45790672302246
v 32.85190963745117 16.2950382232666 30.07071876525879
v 34.18434143066406 17.00469398498535 27.45567512512207
v 31.48456573486328 15.989423751831055 28.34891700744629
v 36.99162673950195 15.30272388458252 16.45266342163086
v 15.870869636535645 15.30272388458252 18.089954376220703
v 38.363487243652344 15.989423751831055 14.848273277282715
v 39.22772979736328 17.00469398498535 17.557472229003906
v 41.435882568359375 15.30272388458252 18.717126846313477
v 41.92750549316406 15.989423751831055 16.664228439331055
v 39.45549774169922 14.752031326293945 19.55524253845215
v 17.851255416870117 14.752031326293945 17.25183868408203
v 40.56016159057617 16.2950382232666 14.942428588867188
v 35.048580169677734 15.989423751831055 30.164873123168945
v 23.122413635253906 17.00469398498535 9.35140323638916
v 23.350183486938477 14.752031326293945 11.34917163848877
v 25.330568313598633 15.30272388458252 10.511055946350098
v 18.95408058166504 15.878362655639648 18.75461196899414
v 20.31512451171875 15.30272388458252 20.354413986206055
v 21.372303009033203 14.752031326293945 10.341392517089844
v 25.822187423706055 15.989423751831055 8.458160400390625
v 31.97618293762207 15.30272388458252 26.296022415161133
v 18.94326400756836 15.989423751831055 21.95880699157715
v 20.88631248474121 15.30272388458252 8.246594429016113
v 22.2581729888916 15.989423751831055 6.6422038078308105
v 35.9344482421875 14.752031326293945 26.46568489074707
v 19.82913589477539 14.752031326293945 18.25961685180664
v 24.454843521118164 16.2950382232666 6.736359596252441
v 36.420440673828125 15.30272388458252 28.560482025146484
vn 0.45749610662460327 0.0275829266756773 -0.8887836933135986
vn -0.30504000186920166 0.09180174767971039 -0.9479045271873474
vn -0.29993146657943726 0.10015527158975601 -0.9486885666847229
vn 0.0330832302570343 0.9973412156105042 -0.06493104249238968
vn 0.033083319664001465 0.9973412752151489 -0.06493040174245834
vn 0.0330832302570343 0.9973412156105042 -0.06493104249238968
vn -0.3623347878456116 0.8093860149383545 0.46217724680900574
vn -0.5823282599449158 0.3773694634437561 0.7200597524642944
vn -0.7006626129150391 0.4906332790851593 0.518025815486908
vn 0.6740894317626953 -0.0904659852385521 0.7330889105796814
vn 0.7552947998046875 -0.06903369724750519 0.6517392992973328
vn 0.5015748739242554 -0.07756569981575012 0.8616299629211426
vn -0.3300285339355469 0.36106494069099426 0.8721887469291687
vn -0.7715976238250732 0.5707061290740967 0.2809477746486664
vn -0.5115973949432373 0.816055178642273 0.2689276933670044
vn -0.448819637298584 0.02117711491882801 0.8933713436126709
vn -0.45013168454170227 0.027583017945289612 0.8925360441207886
vn -0.26844289898872375 0.0022962596267461777 0.9632928371429443
vn -0.7715976238250732 0.5707061290740967 0.2809477746486664
vn -0.36233481764793396 0.8093860149383545 0.46217724680900574
vn -0.033083394169807434 0.9973412156105042 0.06493040174245834
vn 0.6722884178161621 -0.10009181499481201 0.7334915995597839
vn 0.754211962223053 -0.07452438771724701 0.6523882746696472
vn 0.4999328553676605 -0.08807047456502914 0.8615745902061462
vn -0.07637696713209152 -0.023079264909029007 0.9968118667602539
vn 0.033083412796258926 0.9973412752151489 -0.06492976099252701
vn -0.03308359161019325 0.9973412752151489 0.06492958962917328
vn -0.03308359161019325 0.9973412752151489 0.06492958962917328
vn -0.03308359161019325 0.9973412752151489 0.06492958962917328
vn -0.03308293968439102 0.9973412752151489 0.06492994725704193
vn -0.03308293968439102 0.9973412752151489 0.06492994725704193
vn -0.03308293968439102 0.9973412752151489 0.06492994725704193
vn -0.03308293968439102 0.9973412752151489 0.06492994725704193
vn 0.99305659532547 -0.0812399685382843 -0.08507981151342392
vn 0.9859886765480042 -0.08809016644954681 0.14165619015693665
vn 0.993259072303772 -0.0765833854675293 -0.08701302111148834
vn -0.9762547612190247 0.06211579591035843 0.20752888917922974
vn -0.9976449608802795 0.004800108261406422 -0.06842160224914551
vn -0.9947605133056641 0.014134245924651623 0.10125099122524261
vn -0.03308293968439102 0.9973412752151489 0.06492994725704193
vn -0.9976911544799805 -0.0026311720721423626 -0.0678630918264389
vn -0.9912804365158081 0.04547448456287384 0.12367384135723114
vn -0.9907677173614502 0.049768317490816116 0.12610431015491486
vn -0.03308293968439102 0.9973412752151489 0.06492994725704193
vn -0.03308293968439102 0.9973412752151489 0.06492994725704193
vn -0.9438005685806274 0.10015632957220078 0.31497496366500854
vn 0.0330832302570343 0.9973412156105042 -0.06493104249238968
vn 0.033083319664001465 0.9973412752151489 -0.06493040174245834
vn -0.0800296887755394 -0.024695437401533127 0.996486485004425
vn -0.07800678163766861 -0.020172692835330963 0.9967487454414368
vn -0.4523278474807739 0.026344094425439835 0.8914625644683838
vn -0.47020673751831055 0.04641959071159363 -0.8813346028327942
vn -0.6194940805435181 -0.0005302088684402406 -0.7850011587142944
vn -0.47789499163627625 -0.01631566882133484 -0.8782654404640198
vn -0.9769965410232544 0.04892308637499809 0.20756733417510986
vn -0.9947719573974609 0.005387812852859497 0.10197922587394714
vn -0.03308293968439102 0.9973412752151489 0.06492994725704193
vn -0.03308293968439102 0.9973412752151489 0.06492994725704193
vn -0.03308359161019325 0.9973412752151489 0.06492958962917328
vn 0.3090735673904419 -0.07020735740661621 0.9484431743621826
vn 0.5509610772132874 -0.06755110621452332 0.831792414188385
vn 0.5523794293403625 -0.07226216793060303 0.8304548263549805
vn 0.7552934885025024 -0.0690329298377037 0.6517409086227417
vn -0.29676613211631775 0.12115421146154404 -0.9472336173057556
vn 0.46024176478385925 0.025499269366264343 -0.8874273300170898
vn 0.458746075630188 0.03467889130115509 -0.8878903985023499
vn -0.4474210739135742 0.02550194039940834 0.8939597606658936
vn -0.44867414236068726 0.03467927873134613 0.8930221796035767
vn -0.07617081701755524 -0.0272997859865427 0.9967210292816162
vn -0.03308303281664848 0.9973412752151489 0.06492999941110611
vn -0.033083125948905945 0.9973412752151489 0.06493005156517029
vn 0.0330832302570343 0.9973412156105042 -0.06493104249238968
vn 0.0330832302570343 0.9973412156105042 -0.06493104249238968
vn -0.07563003152608871 -0.026534978300333023 0.9967828392982483
vn 0.1186414435505867 -0.0475626178085804 0.9917973875999451
vn 0.3090735673904419 -0.07020735740661621 0.9484431743621826
vn 0.30742186307907104 -0.06563390791416168 0.9493072032928467
vn -0.8662780523300171 0.08398590236902237 0.4924517869949341
vn -0.9438005685806274 0.10015632957220078 0.31497496366500854
vn -0.9461684226989746 0.09180474281311035 0.31038233637809753
vn -0.7560369372367859 0.06464338302612305 0.6513290405273438
vn -0.7540336847305298 0.0690993145108223 0.6531909704208374
vn -0.7536806464195251 0.06566518545150757 0.6539523601531982
vn -0.6132808923721313 0.04602789506316185 0.7885226607322693
vn -0.03308293968439102 0.9973412752151489 0.06492994725704193
vn -0.03308293968439102 0.9973412752151489 0.06492994725704193
vn -0.07809501886367798 -0.018108418211340904 0.9967814683914185
vn 0.3044522702693939 -0.07197531312704086 0.9498043656349182
vn 0.30801358819007874 -0.08509232848882675 0.947568953037262
vn 0.11690042912960052 -0.042878810316324234 0.9922175407409668
vn 0.3057625889778137 -0.061058852821588516 0.9501479268074036
vn 0.9476457238197327 -0.08509282767772675 -0.30777713656425476
vn -0.30341726541519165 0.10922793298959732 -0.9465765953063965
vn -0.07959508150815964 -0.021278873085975647 0.9966001510620117
vn -0.07544679194688797 -0.03225008770823479 0.9966281652450562
vn -0.4528351426124573 0.021740619093179703 0.8913291692733765
vn 0.9473605751991272 -0.0719725489616394 -0.3119741678237915
vn -0.033083125948905945 0.9973412752151489 0.06493005156517029
vn -0.033083315938711166 0.9973412752151489 0.06493014842271805
vn 0.4589439630508423 0.021177729591727257 -0.8882126808166504
vn 0.9489761590957642 -0.0702054426074028 -0.30743369460105896
vn 0.3057618737220764 -0.06106245145201683 0.9501479268074036
vn 0.309074342250824 -0.0702088475227356 0.948442816734314
vn -0.03308359161019325 0.9973412752151489 0.06492958962917328
vn 0.9656669497489929 -0.05829169973731041 0.2531588673591614
vn 0.9976061582565308 -0.06220439076423645 -0.030207086354494095
vn -0.940762460231781 0.12115751206874847 0.316680908203125
vn -0.9441403746604919 0.10923148691654205 0.31091395020484924
vn 0.16093356907367706 0.8093862533569336 -0.5647957921028137
vn 0.033082734793424606 0.9973412752151489 -0.06492967903614044
vn 0.0330827496945858 0.9973413348197937 -0.06492958962917328
vn 0.9489756226539612 -0.07021123915910721 -0.3074340224266052
vn 0.9930564761161804 -0.08124338835477829 -0.08507886528968811
vn 0.9932591319084167 -0.0765853077173233 -0.08701175451278687
vn 0.9859882593154907 -0.08809096366167068 0.14165841042995453
vn -0.9906120300292969 0.05817382037639618 0.12370874732732773
vn -0.9441403746604919 0.10923148691654205 0.31091395020484924
vn -0.940762460231781 0.12115751206874847 0.316680908203125
vn 0.5496863722801208 -0.0760665014386177 0.8319006562232971
vn 0.3044522702693939 -0.07197531312704086 0.9498043656349182
vn 0.9489761590957642 -0.0702054426074028 -0.30743369460105896
vn 0.03308364748954773 0.9973412752151489 -0.06492962688207626
vn 0.03308364748954773 0.9973412752151489 -0.06492962688207626
vn 0.03308364748954773 0.9973412752151489 -0.06492962688207626
vn 0.30801358819007874 -0.08509232848882675 0.947568953037262
vn -0.30341726541519165 0.10922793298959732 -0.9465765953063965
vn -0.47209787368774414 0.05899835377931595 -0.8795697093009949
vn -0.3964976370334625 0.05249272286891937 -0.9165337681770325
vn -0.4845086336135864 -0.004913629498332739 -0.8747726678848267
vn -0.03308359161019325 0.9973412752151489 0.06492958962917328
vn 0.03308364748954773 0.9973412752151489 -0.06492962688207626
vn -0.29676613211631775 0.12115421146154404 -0.9472336173057556
vn 0.9968554973602295 -0.07176023721694946 -0.033607352524995804
vn 0.9920128583908081 -0.08675280958414078 -0.09156566858291626
vn 0.986278772354126 -0.09712670743465424 0.13349364697933197
vn 0.9473605751991272 -0.0719725489616394 -0.3119741678237915
vn 0.9476457238197327 -0.08509282767772675 -0.30777713656425476
vn -0.03308354318141937 0.9973412752151489 0.06492955982685089
vn -0.39137667417526245 0.042185328900814056 -0.9192631244659424
vn -0.29993146657943726 0.10015527158975601 -0.9486885666847229
vn -0.3937588334083557 0.03796395659446716 -0.918429434299469
vn -0.9898441433906555 0.06432002782821655 0.1267731487751007
vn -0.03308349475264549 0.9973412752151489 0.0649295300245285
vn 0.5015740394592285 -0.07756321877241135 0.8616306781768799
vn 0.3057625889778137 -0.061058852821588516 0.9501479268074036
vn 0.551207959651947 -0.08282797783613205 0.8302465677261353
vn 0.9656670093536377 -0.058292753994464874 0.25315845012664795
vn 0.9976060390472412 -0.0622064508497715 -0.03020714595913887
vn -0.22624258697032928 0.570707380771637 -0.7893714904785156
vn 0.007252327632158995 0.49063414335250854 -0.8713355660438538
vn 0.4553365707397461 0.02634352818131447 -0.8899295330047607
vn 0.24025662243366241 0.3773695230484009 -0.8943539261817932
vn 0.16093353927135468 0.809386134147644 -0.5647958517074585
vn 0.03308271989226341 0.9973412752151489 -0.0649297684431076
vn 0.30742186307907104 -0.06563390791416168 0.9493072032928467
vn 0.9484084844589233 -0.06105790287256241 -0.3111162483692169
vn -0.03308356553316116 0.9973412752151489 0.06492957472801208
vn -0.03308354318141937 0.9973412752151489 0.06492955982685089
vn -0.10754498094320297 0.8730374574661255 -0.4756464958190918
vn 0.03308366984128952 0.9973412752151489 -0.06492944061756134
vn 0.03308369591832161 0.9973412752151489 -0.06492926180362701
vn -0.22624258697032928 0.570707380771637 -0.7893714904785156
vn 0.5141667723655701 0.35606300830841064 -0.7802894711494446
vn 0.5116295218467712 0.3610670268535614 -0.7796574234962463
vn 0.03308364748954773 0.9973412752151489 -0.06492962688207626
vn 0.03308364748954773 0.9973412752151489 -0.06492962688207626
vn -0.39342042803764343 0.05853435769677162 -0.9174934029579163
vn 0.45493000745773315 0.02173917181789875 -0.8902617692947388
vn 0.9666640162467957 -0.06581157445907593 0.2474459558725357
vn 0.0330832302570343 0.9973412156105042 -0.06493104249238968
vn -0.03308359161019325 0.9973412752151489 0.06492958962917328
vn 0.309074342250824 -0.0702088475227356 0.948442816734314
vn 0.5509616136550903 -0.06755340099334717 0.8317919373512268
vn 0.5523806214332581 -0.07226335257291794 0.8304539322853088
vn 0.9489756226539612 -0.07021123915910721 -0.3074340224266052
vn 0.9484083652496338 -0.06106080859899521 -0.31111595034599304
vn -0.033083368092775345 0.9973412156105042 0.06493038684129715
vn 0.03308366984128952 0.9973412752151489 -0.06492944061756134
vn -0.4480198323726654 0.8730370402336121 0.19257356226444244
vn -0.033083342015743256 0.9973412156105042 0.06493037194013596
vn -0.32904794812202454 0.3560633957386017 0.8746120929718018
vn -0.033083222806453705 0.9973412752151489 0.06493009626865387
vn -0.6240350008010864 0.0066763306967914104 -0.7813678979873657
vn -0.1420898139476776 0.5211771726608276 0.8415371775627136
vn 0.5973002910614014 0.5211781859397888 -0.6095947027206421
vn -0.08314051479101181 0.8160558342933655 -0.5719619989395142
vn 0.9916072487831116 -0.09343189001083374 -0.089362733066082
vn -0.03308352082967758 0.9973412752151489 0.0649295449256897
vn 0.9484084844589233 -0.06105790287256241 -0.3111162483692169
vn -0.30504000186920166 0.09180174767971039 -0.9479045271873474
vn 0.6740874648094177 -0.09046477824449539 0.733090877532959
vn 0.3057618737220764 -0.06106245145201683 0.9501479268074036
vn 0.9484083652496338 -0.06106080859899521 -0.31111595034599304
vn -0.9461684226989746 0.09180474281311035 0.31038233637809753
vn 0.5905258059501648 -0.41822612285614014 -0.6901929378509521
vn 0.6011976003646851 -0.42480847239494324 -0.6768301725387573
vn 0.3816264271736145 -0.4277803301811218 -0.8193687796592712
vn 0.5648148655891418 -0.21733403205871582 0.7960842847824097
vn 0.5939750671386719 -0.18611301481723785 0.7826592326164246
vn 0.40722620487213135 -0.08794059604406357 0.9090837836265564
vn 0.27696189284324646 -0.8225163221359253 0.4967484772205353
vn 0.33056023716926575 -0.7219489216804504 0.6078813076019287
vn -0.0777728408575058 -0.8350344300270081 0.5446730852127075
vn -0.9786595702171326 -0.10762036591768265 0.17505215108394623
vn -0.9692694544792175 -0.14495226740837097 0.1987600028514862
vn -0.917733907699585 -0.15193499624729156 0.3669881224632263
vn -0.986049473285675 -0.07006850838661194 0.15098650753498077
vn 0.2733153998851776 -0.8287180662155151 0.48839032649993896
vn 0.3277418315410614 -0.7302210927009583 0.5994683504104614
vn 0.10247541964054108 -0.7838716506958008 0.6124082803726196
vn 0.37578317523002625 -0.603089451789856 0.703612208366394
vn 0.8903396725654602 -0.327973872423172 -0.3157980144023895
vn 0.839803159236908 -0.3624418079853058 -0.40418633818626404
vn 0.8851222395896912 -0.3256129324436188 -0.3324677050113678
vn 0.7795631885528564 -0.39272183179855347 -0.48790448904037476
vn 0.7543236017227173 -0.52420973777771 -0.3952215909957886
vn 0.6645610928535461 -0.5752087235450745 -0.47696274518966675
vn 0.879629909992218 -0.3231508135795593 -0.3490341305732727
vn 0.6198058128356934 -0.1579536348581314 0.7686946392059326
vn 0.6466408371925354 -0.12914128601551056 0.7517833709716797
vn 0.11307304352521896 -0.23444561660289764 0.9655308723449707
vn 0.9855861067771912 -0.15681549906730652 0.0634729191660881
vn 0.9583367109298706 -0.24462568759918213 -0.14747554063796997
vn 0.9562511444091797 -0.24105383455753326 -0.1657615602016449
vn 0.9600855112075806 -0.2481115758419037 -0.12913769483566284
vn 0.8747808933258057 -0.3156011998653412 -0.36763331294059753
vn 0.3793829679489136 -0.42963606119155884 -0.8194395899772644
vn 0.008321136236190796 -0.3471381366252899 -0.937777042388916
vn 0.5766618251800537 -0.41447386145591736 -0.7040401101112366
vn 0.7469937205314636 -0.37343844771385193 -0.5500400066375732
vn 0.5796555280685425 -0.41150325536727905 -0.7033237814903259
vn 0.960085391998291 -0.24811139702796936 -0.12913817167282104
vn 0.6219442486763 -0.15451878309249878 0.7676647305488586
vn -0.9865987300872803 -0.06351733952760696 0.15029491484165192
vn -0.9793651700019836 -0.10218176990747452 0.174363374710083
vn -0.8192235827445984 -0.18606232106685638 0.5424514412879944
vn -0.9700490832328796 -0.14062891900539398 0.19806107878684998
vn 0.5643817186355591 -0.2100042700767517 0.7983555793762207
vn 0.5935678482055664 -0.18058155477046967 0.784262478351593
vn 0.3493499755859375 -0.2239515483379364 0.9098353385925293
vn 0.6216166019439697 -0.1508128046989441 0.7686665654182434
vn 0.7328025698661804 -0.4013424217700958 -0.5494768023490906
vn 0.4063892662525177 -0.4457624554634094 -0.7975860834121704
vn 0.5627727508544922 -0.2146557867527008 0.798254132270813
vn 0.5918326377868652 -0.186475932598114 0.7841944098472595
vn 0.34810614585876465 -0.23131749033927917 0.9084681272506714
vn -0.21716848015785217 -0.30595025420188904 -0.9269478917121887
vn -0.2453441023826599 -0.5884349942207336 0.7704222202301025
vn 0.19228322803974152 -0.5487603545188904 0.813565731048584
vn -0.40612295269966125 -0.44694775342941284 0.7970582246780396
vn 0.7091935873031616 -0.641135573387146 -0.2932397723197937
vn 0.4560858905315399 -0.818406879901886 -0.3495653569698334
vn 0.3059338331222534 -0.7397133111953735 -0.5993569493293762
vn 0.8245935440063477 -0.3571457266807556 -0.438739538192749
vn 0.839152455329895 -0.36325758695602417 -0.4048047661781311
vn 0.7436856031417847 -0.3775659501552582 -0.5517025589942932
vn 0.7642607688903809 0.5822344422340393 -0.27732381224632263
vn 0.006112138740718365 0.951916515827179 -0.30629652738571167
vn 0.9656669497489929 -0.05829169973731041 0.2531588673591614
vn -0.1217726320028305 -0.8399046659469604 0.5288965106010437
vn 0.007901704870164394 -0.3446652591228485 -0.9386923909187317
vn -0.9914237856864929 -0.03237342834472656 0.12661226093769073
vn -0.8377435803413391 -0.15420688688755035 0.5238376259803772
vn -0.21879853308200836 -0.3042961359024048 -0.9271090030670166
vn 0.008458043448626995 -0.6156651973724365 0.7879624962806702
vn 0.4374123811721802 -0.323119580745697 0.8392044901847839
vn -0.9124196171760559 -0.29061993956565857 0.2881501019001007
vn -0.029838616028428078 -0.3394961655139923 0.9401339888572693
vn -0.7457976341247559 -0.30283039808273315 0.5933629274368286
vn -0.19388756155967712 -0.3925960659980774 0.8990416526794434
vn -0.5311059951782227 0.04349584877490997 0.8461882472038269
vn -0.7289907932281494 0.05949331820011139 0.6819332838058472
vn -0.36345452070236206 -0.14622969925403595 0.9200639724731445
vn -0.860760509967804 -0.44733715057373047 0.24285966157913208
vn -0.7841049432754517 -0.5909794569015503 0.18953321874141693
vn -0.713080883026123 -0.5508279800415039 0.4337098300457001
vn -0.12317690253257751 -0.5238209962844849 -0.8428754210472107
vn -0.06349480152130127 -0.39272281527519226 -0.9174623489379883
vn 0.12703891098499298 -0.5934005975723267 -0.7948186993598938
vn -0.6618134379386902 0.2301958054304123 0.7134512662887573
vn -0.5032963752746582 0.13277319073677063 0.8538525104522705
vn 0.6001952886581421 -0.4258814752101898 -0.6770455241203308
vn 0.7795650959014893 -0.39272046089172363 -0.48790258169174194
vn -0.06349395215511322 -0.392723947763443 -0.9174619317054749
vn -0.1796180009841919 -0.6411364674568176 -0.7461109161376953
vn -0.7792307138442993 0.5436850786209106 0.3117789030075073
vn -0.7920452952384949 0.31676024198532104 0.5218498110771179
vn 0.08904603123664856 -0.2710971236228943 -0.9584242701530457
vn 0.3211378753185272 -0.23795035481452942 -0.9166515469551086
vn 0.9539628624916077 -0.24729779362678528 -0.16970185935497284
vn -0.6093741059303284 0.49720150232315063 0.617619514465332
vn 0.18962690234184265 0.18221117556095123 0.9648008942604065
vn -0.3636196255683899 0.38879117369651794 0.8465353846549988
vn 0.6486663222312927 -0.12261472642421722 0.7511309385299683
vn 0.2275066077709198 0.046232033520936966 0.9726784825325012
vn -0.7040784358978271 0.48368772864341736 0.5199230313301086
vn 0.6740874648094177 -0.09046477824449539 0.733090877532959
vn -0.0919266790151596 0.39625024795532227 0.9135290384292603
vn 0.37611275911331177 -0.603168249130249 0.703368604183197
vn -0.42279866337776184 -0.7406203150749207 0.5222287774085999
vn 0.3739739656448364 -0.6134671568870544 0.6955583691596985
vn -0.07313764095306396 -0.7025141716003418 0.7079015970230103
vn 0.305935263633728 -0.7397133111953735 -0.5993561744689941
vn 0.12704013288021088 -0.5934011936187744 -0.7948181629180908
vn 0.5687342286109924 -0.5933244228363037 -0.5696555376052856
vn 0.46717366576194763 -0.022919820621609688 0.883868396282196
vn -0.07791956514120102 -0.8351763486862183 0.5444345474243164
vn -0.5646723508834839 -0.8225157856941223 0.0679183155298233
vn 0.2769624888896942 -0.8225162029266357 0.49674826860427856
vn -0.5961070656776428 -0.20347242057323456 0.7766951322555542
vn -0.39006009697914124 -0.30065178871154785 0.8703227639198303
vn -0.5802062153816223 -0.12503600120544434 0.8048147559165955
vn 0.5299090147018433 -0.008946558460593224 -0.8480073809623718
vn 0.5518668293952942 -0.43281957507133484 -0.712818443775177
vn 0.5428856611251831 0.4297356605529785 -0.7215278148651123
vn 0.32162874937057495 0.39465007185935974 -0.8607010245323181
vn -0.12317585200071335 -0.5238220691680908 -0.8428748846054077
vn 0.8331595063209534 -0.3594736158847809 -0.4202665686607361
vn 0.8072248101234436 -0.3765004873275757 -0.45457178354263306
vn -0.8387734889984131 -0.14560668170452118 0.5246500968933105
vn 0.11375519633293152 -0.22471687197685242 0.9677614569664001
vn -0.6287599205970764 -0.15028958022594452 0.7629377245903015
vn 0.7919097542762756 -0.3706269860267639 -0.4852984547615051
vn 0.8131421208381653 -0.36535853147506714 -0.4531148374080658
vn 0.6816069483757019 -0.40753403306007385 -0.6077236533164978
vn 0.6774791479110718 0.01228356920182705 -0.7354394793510437
vn -0.19417895376682281 -0.390839546918869 0.8997437953948975
vn 0.6982048749923706 0.4956378638744354 -0.5165782570838928
vn 0.8727315664291382 0.09540598839521408 -0.47878727316856384
vn -0.030040232464671135 -0.336050420999527 0.9413648247718811
vn -0.7467086315155029 -0.29942581057548523 0.5939446687698364
vn 0.3895716369152069 0.800670862197876 -0.45514827966690063
vn 0.32231903076171875 -0.22739511728286743 -0.9189133644104004
vn -0.6240350008010864 0.0066763306967914104 -0.7813678979873657
vn 0.9656670093536377 -0.058292753994464874 0.25315845012664795
vn -0.1796167641878128 -0.641137421131134 -0.7461102604866028
vn -0.8797847032546997 -0.08555427938699722 0.46761006116867065
vn 0.028998205438256264 -0.17347906529903412 0.9844105243682861
vn -0.9947719573974609 0.005387812852859497 0.10197922587394714
vn -0.6282740235328674 -0.16322019696235657 0.7606779336929321
vn -0.9435549378395081 -0.07662635296583176 0.32223060727119446
vn 0.6722884178161621 -0.10009181499481201 0.7334915995597839
vn -0.35809940099716187 -0.1051633358001709 0.9277421832084656
vn 0.08868516236543655 -0.2645307183265686 -0.960290789604187
vn 0.7795642018318176 -0.3927212953567505 -0.48790329694747925
vn 0.4130401909351349 -0.17594115436077118 0.8935561776161194
vn -0.23133161664009094 -0.7415832877159119 -0.6297140717506409
vn 0.6752091646194458 -0.40367794036865234 -0.6173627376556396
vn 0.7621578574180603 -0.3854124844074249 -0.5201659798622131
vn 0.5885325074195862 -0.42025190591812134 -0.6906648278236389
vn 0.7709961533546448 -0.38913440704345703 -0.5041223168373108
vn 0.02990165911614895 -0.15881465375423431 0.9868555068969727
vn 0.6740894317626953 -0.0904659852385521 0.7330889105796814
vn -0.35745495557785034 -0.08508767932653427 0.9300462603569031
vn -0.9947605133056641 0.014134245924651623 0.10125099122524261
vn 0.4144868552684784 -0.16581840813159943 0.8948211669921875
vn 0.6484743356704712 -0.12075509876012802 0.7515978813171387
vn 0.1808946430683136 0.7432294487953186 -0.6441174149513245
vn 0.677489161491394 -0.401132732629776 -0.616523265838623
vn 0.7637845873832703 -0.38333365321159363 -0.5193154811859131
vn 0.7718020677566528 -0.38809168338775635 -0.5036927461624146
vn 0.8398038744926453 -0.36244139075279236 -0.40418529510498047
vn -0.36405956745147705 -0.20961998403072357 -0.907480001449585
vn 0.8892374634742737 -0.32968130707740784 -0.3171229958534241
vn -0.2388095259666443 -0.8504705429077148 0.4686894416809082
vn -0.16391904652118683 -0.9325414299964905 0.3217094838619232
vn -0.3055930435657501 -0.739528477191925 0.5997586846351624
vn -0.27470657229423523 -0.6696528792381287 0.6900009512901306
vn -0.186781108379364 -0.7267085313796997 0.6610654592514038
vn 0.7091944217681885 -0.6411349773406982 -0.293239027261734
vn -0.42253008484840393 -0.7404259443283081 0.5227214694023132
vn 0.008234038017690182 -0.615273118019104 0.7882709503173828
vn -0.3062169849872589 -0.663611114025116 0.6825330257415771
vn -0.1761336624622345 -0.5569544434547424 0.811651885509491
vn -0.6280245184898376 -0.38790836930274963 0.6746200919151306
vn -0.3470575213432312 -0.44787877798080444 0.823987603187561
vn 0.43676066398620605 -0.3229276239871979 0.8396176695823669
vn -0.9121503233909607 -0.2905641496181488 0.2890574336051941
vn 0.30502477288246155 -0.7406625747680664 -0.5986475944519043
vn 0.3942472040653229 -0.678108274936676 -0.620272696018219
vn 0.16192761063575745 -0.9342271089553833 -0.3178037106990814
vn 0.37534451484680176 -0.7735870480537415 -0.510567843914032
vn 0.3483686149120331 -0.8524270057678223 -0.38988134264945984
vn 0.5185593962669373 -0.7308641076087952 -0.4437723159790039
vn -0.2941261827945709 -0.256237268447876 -0.9207780361175537
vn -0.3670937418937683 -0.20612233877182007 -0.9070587754249573
vn -0.6844846606254578 -0.7172713875770569 0.1303936243057251
vn -0.5087916254997253 -0.8054014444351196 0.3040716052055359
vn 0.4560869038105011 -0.8184065818786621 -0.3495645523071289
vn 0.5646735429763794 -0.8225151896476746 -0.06791571527719498
vn -0.27695971727371216 -0.8225167393684387 -0.4967489540576935
vn 0.6454244256019592 -0.7415818572044373 -0.18298543989658356
vn 0.41148483753204346 -0.46894943714141846 0.7815155982971191
vn -0.5086905360221863 -0.8053607940673828 0.3043482005596161
vn -0.5646719932556152 -0.8225160241127014 0.06791890412569046
vn -0.49061015248298645 -0.27198681235313416 0.8278434872627258
vn 0.9292526841163635 -0.2923716604709625 -0.22585009038448334
vn 0.9587451219558716 -0.25175124406814575 -0.13201968371868134
vn -0.2917553782463074 -0.2587975561618805 -0.9208162426948547
vn -0.14088235795497894 -0.35070911049842834 -0.9258268475532532
vn 0.7090821862220764 -0.6417974829673767 -0.2920588552951813
vn 0.6450386643409729 -0.7423673272132874 -0.1811518669128418
vn -0.028110850602388382 0.11214257776737213 0.9932944178581238
vn -0.2817574739456177 0.17019087076187134 0.9442710280418396
vn 0.930588960647583 -0.28971633315086365 -0.22376009821891785
vn 0.8903400897979736 -0.3279736042022705 -0.3157970905303955
vn 0.8267133831977844 -0.35415300726890564 -0.4371735751628876
vn -0.784217894077301 -0.5909861922264099 0.18904390931129456
vn 0.9305887818336487 -0.2897164225578308 -0.22376082837581635
vn -0.14171522855758667 -0.3499133586883545 -0.9260008335113525
vn 0.5519349575042725 -0.7924343943595886 -0.2596449553966522
vn 0.5638911724090576 -0.8232522010803223 -0.06544139981269836
vn 0.47568240761756897 -0.6051152348518372 -0.6384055018424988
vn 0.015179857611656189 -0.8185102939605713 -0.5742912292480469
vn -0.27696117758750916 -0.8225159049034119 -0.4967495799064636
vn -0.23133298754692078 -0.7415823936462402 -0.6297147274017334
vn -0.14308401942253113 -0.2418852597475052 -0.9596970677375793
vn 0.4541154205799103 -0.3466781675815582 -0.8207273483276367
vn 0.3599662184715271 -0.3084304928779602 0.8805082440376282
vn 0.209522545337677 -0.34107938408851624 0.9163870811462402
vn 0.0868675634264946 -0.09319878369569778 0.9918508529663086
vn 0.04065217822790146 -0.26556017994880676 0.9632368087768555
vn 0.437465637922287 -0.3372476100921631 0.833599328994751
vn 0.7543033957481384 -0.523819088935852 -0.3957776725292206
vn 0.5028230547904968 -0.267586886882782 0.8219283819198608
vn 0.2812197804450989 -0.2873843312263489 0.9156012535095215
vn -0.6834602952003479 -0.22286498546600342 0.6951353549957275
vn -0.7428008913993835 -0.2272491306066513 0.629765510559082
vn -0.48963192105293274 -0.2786281108856201 0.826212465763092
vn -0.5919115543365479 0.3982621133327484 0.7007339000701904
vn -0.32702547311782837 0.01214471086859703 0.9449375867843628
vn -0.8609464168548584 -0.4473646581172943 0.24214865267276764
vn 0.5031571984291077 -0.27840685844421387 0.8181213140487671
vn 0.33798009157180786 -0.1610506922006607 0.9272714257240295
vn -0.10007552057504654 0.03953526169061661 0.9941942095756531
vn 0.5016080737113953 -0.26978203654289246 0.8219531774520874
vn 0.28037142753601074 -0.2915339171886444 0.914548933506012
vn 0.5646728873252869 -0.8225155472755432 -0.0679163932800293
vn -0.2674733102321625 -0.3182697296142578 0.9094848036766052
vn -0.11350204050540924 -0.30925360321998596 0.9441819190979004
vn -0.6272286772727966 -0.29520702362060547 0.7207197546958923
vn -0.26811712980270386 -0.3131183683872223 0.9110817313194275
vn -0.628238320350647 -0.29013001918792725 0.7219011783599854
vn -0.8843889236450195 -0.2266944795846939 0.4080023169517517
vn -0.9452524781227112 -0.21654492616653442 0.24414341151714325
vn -0.6845871210098267 -0.21504637598991394 0.6964879631996155
vn -0.1982642412185669 -0.2613169252872467 0.9446718096733093
vn -0.14129629731178284 -0.24698255956172943 -0.9586632251739502
vn 0.4519652724266052 -0.35206201672554016 -0.8196216821670532
vn 0.8716912865638733 -0.320848673582077 -0.3704194128513336
vn 0.9849483966827393 -0.1624501496553421 0.059046633541584015
vn 0.956528902053833 -0.24957014620304108 -0.1508883535861969
vn -0.8833721280097961 -0.23063744604587555 0.4079952836036682
vn -0.8428354859352112 -0.2323722541332245 0.48541876673698425
vn -0.8417417407035828 -0.30126693844795227 0.4480056166648865
vn -0.9445692300796509 -0.21865157783031464 0.2449093759059906
vn -0.5615447163581848 -0.2298932522535324 0.7948690056800842
vn -0.19804121553897858 -0.2698376178741455 0.9423202276229858
vn 0.19788023829460144 -0.2628554403781891 0.9443254470825195
vn 0.5638911724090576 -0.8232522010803223 -0.06544139981269836
vn 0.44070786237716675 -0.8696017265319824 0.2226414829492569
vn 0.21989566087722778 -0.9652957320213318 0.14089041948318481
vn 0.2733153998851776 -0.8287180662155151 0.48839032649993896
vn 0.9477075338363647 0.1753634363412857 -0.2666425108909607
vn 0.9422658085823059 -0.2664594352245331 -0.20281647145748138
vn -0.5646719932556152 -0.8225160241127014 0.06791890412569046
vn -0.44367918372154236 -0.867204487323761 -0.22606439888477325
vn 9.42061603836919e-7 -1 0.0000019384729057492223
vn -0.27695971727371216 -0.8225167393684387 -0.4967489540576935
vn 0.5646735429763794 -0.8225151896476746 -0.06791571527719498
vn 0.44368091225624084 -0.8672032952308655 0.22606569528579712
vn 0.27696189284324646 -0.8225163221359253 0.4967484772205353
vn 0.9780313968658447 -0.2021695077419281 -0.05081513896584511
vn -0.5646723508834839 -0.8225157856941223 0.0679183155298233
vn -0.44368016719818115 -0.8672038912773132 -0.2260650396347046
vn 3.2609821687401563e-7 -1 0.0000011685186791510205
vn -0.27696117758750916 -0.8225159049034119 -0.4967495799064636
vn 0.5646728873252869 -0.8225155472755432 -0.0679163932800293
vn 0.44368085265159607 -0.867203414440155 0.2260652333498001
vn 0.2769624888896942 -0.8225162029266357 0.49674826860427856
vn 0.9855862855911255 -0.15681491792201996 0.06347290426492691
vn 0.9700978398323059 -0.22538195550441742 -0.09007316827774048
vn -0.4486270546913147 0.29189929366111755 0.8447062969207764
vn -0.3307234048843384 0.2722527086734772 0.9036041498184204
vn -0.5036303997039795 -0.10134614259004593 -0.857954204082489
vn -0.2909139096736908 -0.14012040197849274 -0.9464330077171326
vn 0.20978271961212158 -0.33945000171661377 0.916932225227356
vn -0.9917340278625488 -0.024717826396226883 0.1259068101644516
vn -0.9442072510719299 -0.06770380586385727 0.3223176598548889
vn -0.49957919120788574 -0.10674218833446503 -0.8596667647361755
vn -0.28790083527565 -0.1474258005619049 -0.9462445378303528
vn -0.6194940805435181 -0.0005302088684402406 -0.7850011587142944
vn -0.27926871180534363 -0.21555785834789276 0.9357049465179443
vn 0.26924389600753784 -0.2210332304239273 0.9373644590377808
vn 0.7543025612831116 -0.5238198041915894 -0.3957784175872803
vn 0.5687330365180969 -0.5933248400688171 -0.5696563124656677
vn -0.07257620990276337 0.23195677995681763 0.9700148701667786
vn 0.33072444796562195 -0.7219822406768799 0.6077523231506348
vn 0.4119780361652374 -0.4690822958946228 0.7811759114265442
vn -0.6844334602355957 -0.7172747254371643 0.13064344227313995
vn -0.7134007215499878 -0.5509867072105408 0.43298155069351196
vn 0.6454252004623413 -0.741581380367279 -0.18298472464084625
vn 0.015181372873485088 -0.8185107707977295 -0.5742904543876648
vn 0.4108560085296631 -0.481375128030777 0.7742579579353333
vn 0.1633913367986679 -0.42140763998031616 -0.8920307159423828
vn 0.9870907068252563 -0.1537434160709381 0.0448867492377758
vn -0.8424085378646851 -0.2995908260345459 0.4478762745857239
vn 0.16192761063575745 -0.9342271089553833 -0.3178037106990814
vn -0.16391904652118683 -0.9325414299964905 0.3217094838619232
vn 0.9861839413642883 -0.1607722043991089 0.03991924598813057
vn 0.8685238361358643 -0.20486418902873993 -0.45132800936698914
vn 0.9666640162467957 -0.06581157445907593 0.2474459558725357
vn -0.0010667794849723577 -0.9999972581863403 0.0020922585390508175
vn 0.1621994823217392 -0.42225709557533264 -0.8918465971946716
vn 0.9859066009521484 -0.13211433589458466 0.10263527929782867
vn 0.8793896436691284 -0.2333592027425766 0.41499075293540955
vn 0.8404247760772705 -0.4304376542568207 0.3292560875415802
vn 0.9367620944976807 -0.3178057372570038 0.1465480774641037
vn 0.7494813799858093 -0.12966421246528625 0.6492032408714294
vn 0.8242144584655762 -0.06882108002901077 0.5620802640914917
vn -0.7782928347587585 -0.29756879806518555 -0.552913248538971
vn -0.7083342671394348 -0.6351703405380249 -0.307930588722229
vn -0.8309614062309265 -0.4242517948150635 -0.35987961292266846
vn -0.681973934173584 -0.15419673919677734 -0.7149369716644287
vn -0.8205665946006775 -0.04731636866927147 -0.5695889592170715
vn -0.9018840789794922 -0.18693523108959198 -0.3894360363483429
vn -0.916688859462738 0.06201297417283058 -0.3947605788707733
vn -0.8314400911331177 -0.5439026951789856 -0.11347749084234238
vn -0.7782927751541138 -0.2975686192512512 -0.5529134273529053
vn -0.7083343267440796 -0.6351698637008667 -0.30793124437332153
vn -0.8309614658355713 -0.4242514669895172 -0.3598801791667938
vn -0.6819739937782288 -0.1541968137025833 -0.7149369120597839
vn -0.8205665349960327 -0.047316331416368484 -0.5695890784263611
vn -0.29003891348838806 -0.8840533494949341 -0.36650681495666504
vn -0.5099560022354126 -0.8065667748451233 -0.29898980259895325
vn -0.436596542596817 -0.7360167503356934 -0.5173614621162415
vn -0.9018839001655579 -0.18693497776985168 -0.38943642377853394
vn -0.9166887402534485 0.06201311573386192 -0.3947608768939972
vn -0.8314402103424072 -0.5439023971557617 -0.11347799748182297
vn -0.7795760631561279 -0.4242514669895172 -0.4607296586036682
vn -0.904785692691803 -0.29756811261177063 -0.3046574294567108
vn -0.9431244134902954 -0.04731539636850357 -0.32905563712120056
vn -0.9792506098747253 -0.15419574081897736 -0.13149859011173248
vn -0.665469765663147 -0.6351702213287354 -0.3920572102069855
vn -0.8451749086380005 -0.18693460524082184 -0.500734269618988
vn -0.8581845760345459 0.06201386824250221 -0.5095816850662231
vn -0.580513596534729 -0.5439026951789856 -0.6059485673904419
vn -0.7795756459236145 -0.4242517948150635 -0.46073001623153687
vn -0.9047855138778687 -0.2975682020187378 -0.30465757846832275
vn -0.9431242346763611 -0.0473155602812767 -0.3290559649467468
vn -0.9792506694793701 -0.15419551730155945 -0.13149847090244293
vn -0.6654694676399231 -0.6351704597473145 -0.3920573592185974
vn 0.4045085608959198 -0.4539906978607178 -0.793892502784729
vn -0.5416327714920044 -0.8065663576126099 -0.2368219941854477
vn -0.8451744914054871 -0.18693503737449646 -0.5007347464561462
vn -0.8581842184066772 0.06201332062482834 -0.5095824003219604
vn -0.5805130004882812 -0.5439030528068542 -0.6059488654136658
vn 0.9646833539009094 0.263362854719162 0.005100567359477282
vn 0.8052402138710022 0.527547299861908 -0.27070650458335876
vn 0.9407408833503723 0.32634618878364563 0.09222069382667542
vn 0.9769241213798523 0.19718486070632935 -0.08208142966032028
vn 0.9391935467720032 -0.06882111728191376 0.33642101287841797
vn 0.2543022632598877 0.5275472402572632 0.8105704188346863
vn 0.5078160166740417 0.19718490540981293 0.8385946154594421
vn 0.5711531043052673 0.26336267590522766 0.7774472832679749
vn 0.6275619864463806 0.326345831155777 0.70686936378479
vn 0.9646832942962646 0.2633630931377411 0.005099847912788391
vn 0.8052400350570679 0.5275473594665527 -0.27070698142051697
vn 0.9407408237457275 0.32634666562080383 0.09222008287906647
vn 0.9769240617752075 0.19718490540981293 -0.08208224922418594
vn 0.939193844795227 -0.06882038712501526 0.3364204168319702
vn 0.8094657063484192 -0.5192456245422363 0.2741336524486542
vn 0.2543025016784668 0.5275470614433289 0.8105704188346863
vn 0.5078163146972656 0.19718444347381592 0.8385945558547974
vn 0.5711532831192017 0.263362318277359 0.7774472832679749
vn 0.6275621056556702 0.3263455629348755 0.7068694233894348
vn 0.5162941813468933 0.6282197833061218 -0.5820482969284058
vn 0.8242143392562866 -0.06882143020629883 0.5620802640914917
vn -0.4562218189239502 0.293649822473526 -0.8400187492370605
vn -0.6630104780197144 0.0875193327665329 -0.7434766888618469
vn -0.2062874734401703 0.4720093011856079 -0.8571188449859619
vn -0.604530930519104 0.3240191638469696 -0.7277045845985413
vn -0.30255699157714844 0.6129654049873352 -0.7298853993415833
vn -0.510020911693573 0.5412071943283081 -0.6685606837272644
vn -0.3851132094860077 0.7261388897895813 -0.5695701241493225
vn -0.7883917093276978 0.20006611943244934 -0.5817319750785828
vn -0.41579046845436096 0.40820613503456116 -0.8127028942108154
vn -0.41579046845436096 0.40820616483688354 -0.8127029538154602
vn -0.6630104184150696 0.08751923590898514 -0.7434766292572021
vn -0.6045310497283936 0.32401907444000244 -0.7277045845985413
vn -0.2062872350215912 0.4720093607902527 -0.8571188449859619
vn -0.3025570213794708 0.6129654049873352 -0.729885458946228
vn -0.5100210309028625 0.5412070751190186 -0.6685606837272644
vn -0.385113388299942 0.7261387705802917 -0.5695701241493225
vn -0.7883915901184082 0.20006613433361053 -0.5817320942878723
vn -0.9440593123435974 0.32402023673057556 -0.06134060397744179
vn -0.9018855690956116 0.40820688009262085 0.14131391048431396
vn -0.7683275938034058 0.6129659414291382 0.18424296379089355
vn -0.8146761655807495 0.47200968861579895 0.3369119167327881
vn -0.9911931157112122 0.08752040565013885 -0.0993812158703804
vn -0.8406591415405273 0.5412082076072693 -0.01964406669139862
vn -0.6871548891067505 0.7261397242546082 0.023223277181386948
vn -0.934036135673523 0.20006713271141052 -0.29588782787323
vn -0.9440593719482422 0.3240203559398651 -0.061340637505054474
vn -0.9018856883049011 0.4082065224647522 0.1413138061761856
vn -0.7683278918266296 0.6129656434059143 0.18424281477928162
vn -0.8146765828132629 0.47200897336006165 0.33691176772117615
vn -0.9911929368972778 0.08752056211233139 -0.09938114881515503
vn -0.8406590819358826 0.5412082076072693 -0.019644172862172127
vn -0.6871548891067505 0.7261397242546082 0.02322309836745262
vn -0.9340360164642334 0.200066938996315 -0.2958882451057434
vn 0.3149263858795166 0.7127746343612671 -0.6267165541648865
vn -0.0557706318795681 0.6349628567695618 -0.7705270648002625
vn 0.09790881723165512 0.7619092464447021 -0.6402407288551331
vn 0.35440322756767273 0.8127790689468384 -0.46237286925315857
vn 0.38021138310432434 0.8814359903335571 -0.28019624948501587
vn 0.45831742882728577 0.771776020526886 -0.4408024847507477
vn 0.31492671370506287 0.7127746343612671 -0.6267163753509521
vn -0.05577019602060318 0.6349629163742065 -0.7705270648002625
vn 0.09790942817926407 0.7619092464447021 -0.6402407288551331
vn 0.3544037938117981 0.8127788305282593 -0.4623725712299347
vn 0.3802121877670288 0.8814356923103333 -0.2801959216594696
vn 0.45831790566444397 0.771776020526886 -0.4408021867275238
vn -0.23857201635837555 0.845649778842926 0.47745150327682495
vn -0.0872236043214798 0.7717759609222412 0.6298840641975403
vn -0.0031996930483728647 0.8814355731010437 0.4722934365272522
vn -0.4604155123233795 0.7619093060493469 0.45553454756736755
vn -0.5917814373970032 0.7673601508140564 0.24688681960105896
vn -0.6561501026153564 0.6349630951881409 0.40778547525405884
vn -0.3219146430492401 0.7127747535705566 0.6231558322906494
vn -0.23857228457927704 0.8456496596336365 0.47745150327682495
vn -0.0872238427400589 0.7717759609222412 0.6298840045928955
vn -0.0031998236663639545 0.8814355731010437 0.4722934067249298
vn -0.46041592955589294 0.7619090676307678 0.45553454756736755
vn -0.5917816758155823 0.7673600316047668 0.2468867152929306
vn -0.6561505794525146 0.6349626183509827 0.4077853858470917
vn -0.32191500067710876 0.7127746343612671 0.6231557726860046
vn 0.6975708603858948 -0.5192452669143677 0.4937400817871094
vn 0.6614008545875549 -0.7485615015029907 0.04695340618491173
vn 0.7743740677833557 -0.4781612157821655 0.414374977350235
vn 0.24505679309368134 -0.969371497631073 -0.01631000265479088
vn -0.5099558234214783 -0.8065668940544128 -0.29898977279663086
vn -0.29003849625587463 -0.8840534090995789 -0.36650678515434265
vn 0.13084514439105988 -0.9693716764450073 0.20784153044223785
vn 0.809465765953064 -0.5192457437515259 0.2741331458091736
vn 0.46967649459838867 -0.7931095957756042 0.38779017329216003
vn -0.4365960657596588 -0.7360170483589172 -0.5173615217208862
vn 0.5162941217422485 0.6282195448875427 -0.5820485949516296
vn -0.05303026735782623 -0.9094459414482117 -0.4124268889427185
vn 0.7768371105194092 0.6032060980796814 -0.18073858320713043
vn 0.7768374085426331 0.6032059192657471 -0.18073821067810059
vn -0.16741664707660675 0.6282198429107666 0.759810209274292
vn 0.3103938400745392 0.6032055616378784 0.7347099781036377
vn 0.034366194158792496 -0.9056738615036011 0.42257988452911377
vn 0.4267474412918091 -0.7485619783401489 0.507485568523407
vn -0.1674169898033142 0.6282198429107666 0.7598100900650024
vn 0.31039366126060486 0.6032056212425232 0.7347098588943481
vn 0.6975707411766052 -0.5192453861236572 0.49374011158943176
vn 0.24505656957626343 -0.9693715572357178 -0.016310056671500206
vn 0.589798092842102 -0.7931093573570251 0.15203896164894104
vn 0.6691757440567017 -0.3178045451641083 0.6717172861099243
vn 0.9657506346702576 -0.12966403365135193 0.2247505784034729
vn 0.7603635191917419 -0.4304373562335968 0.4863857626914978
vn -0.4045087397098541 -0.4539904296398163 0.7938925623893738
vn -0.7331390976905823 0.010835184715688229 0.6799924373626709
vn -0.8384963274002075 -0.36853349208831787 0.4013812243938446
vn -0.09783950448036194 -0.8733730316162109 0.4771236777305603
vn 0.06239159032702446 -0.15509560704231262 0.9859273433685303
vn -0.34354716539382935 0.10465697199106216 0.933285653591156
vn 0.6691750288009644 -0.31780576705932617 0.6717174053192139
vn 0.3284926116466522 -0.8733730912208557 -0.359599769115448
vn 0.13084572553634644 -0.969371497631073 0.20784197747707367
vn 0.3284919261932373 -0.8733732104301453 -0.35960009694099426
vn 0.4045080244541168 -0.4539909064769745 -0.7938926219940186
vn 0.7400254607200623 -0.593274712562561 -0.3168398439884186
vn -0.5416325330734253 -0.8065667152404785 -0.2368212193250656
vn 0.8343045711517334 -0.1550958901643753 -0.5290378332138062
vn 0.5531119704246521 0.10465651750564575 -0.8265072107315063
vn -0.16813193261623383 -0.36853453516960144 -0.914283275604248
vn 0.7494813203811646 -0.12966454029083252 0.6492031812667847
vn 0.9367619752883911 -0.3178059160709381 0.14654840528964996
vn 0.6763585209846497 0.3853704035282135 0.6277170777320862
vn 0.5290784239768982 0.5371028184890747 0.6569601893424988
vn 0.7169507741928101 0.43972036242485046 0.54095059633255
vn 0.9657505750656128 -0.1296643316745758 0.22475118935108185
vn 0.6763585805892944 0.3853702247142792 0.6277171969413757
vn 0.5290784239768982 0.5371026992797852 0.6569602489471436
vn 0.7169507145881653 0.4397202432155609 0.5409507751464844
vn 0.905387282371521 0.38537096977233887 0.178222194314003
vn 0.8424761295318604 0.5371032953262329 0.041881345212459564
vn 0.8590511679649353 0.43972113728523254 0.26206183433532715
vn 0.9053871035575867 0.385371595621109 0.1782216727733612
vn 0.8424758315086365 0.5371037721633911 0.04188093915581703
vn 0.8590508699417114 0.439721941947937 0.2620614171028137
vn 0.760362982749939 -0.4304378032684326 0.4863859713077545
vn -0.14810596406459808 0.7673598527908325 -0.6238778829574585
vn -0.1481061577796936 0.767359733581543 -0.6238778233528137
vn 0.7282829880714417 -0.6837121248245239 -0.04627884924411774
vn 0.4575573205947876 -0.7881080508232117 -0.41173654794692993
vn 0.4575570523738861 -0.7881081700325012 -0.4117366373538971
vn 0.7282827496528625 -0.6837122440338135 -0.04627877473831177
vn 0.8404247760772705 -0.430437833070755 0.3292562961578369
vn -0.0641566589474678 -0.7881082892417908 0.6121839880943298
vn 0.4267474114894867 -0.7485617995262146 0.5074857473373413
vn 0.3906334638595581 -0.683712363243103 0.616395115852356
vn -0.06415679305791855 -0.7881082892417908 0.6121839880943298
vn 0.390633761882782 -0.6837122440338135 0.616395115852356
vn -0.33789393305778503 -0.6227448582649231 -0.7057028412818909
vn -0.33789482712745667 -0.6227445006370544 -0.7057027220726013
vn -0.7695356011390686 -0.6227440237998962 0.14143849909305573
vn -0.7695353031158447 -0.6227443218231201 0.14143890142440796
vn 0.4696766138076782 -0.7931094169616699 0.3877905309200287
vn 0.034366559237241745 -0.9056736826896667 0.4225800931453705
vn -0.015007293783128262 -0.8532586097717285 0.5212720036506653
vn 0.013528849929571152 -0.8551265597343445 -0.5182427167892456
vn 0.3620748519897461 -0.9056736826896667 -0.2205832153558731
vn -0.41131579875946045 -0.8551264405250549 0.31555983424186707
vn -0.05303091183304787 -0.9094458818435669 -0.4124269187450409
vn 0.013528184965252876 -0.8551265001296997 -0.5182427763938904
vn 0.3620745539665222 -0.9056737422943115 -0.22058330476284027
vn -0.36483141779899597 -0.9094457030296326 0.1995154470205307
vn -0.4113158881664276 -0.8551264405250549 0.31555983424186707
vn -0.36483147740364075 -0.9094457030296326 0.19951534271240234
vn 0.0832267627120018 -0.9445717930793762 0.3175806999206543
vn 0.5897982716560364 -0.7931092381477356 0.15203900635242462
vn 0.30584800243377686 -0.9445716738700867 -0.11933725327253342
vn -0.4045086205005646 -0.4539903998374939 0.7938926219940186
vn 0.5471142530441284 -0.825991690158844 -0.1356600970029831
vn 0.41289740800857544 -0.8532584309577942 -0.31853699684143066
vn 0.30584827065467834 -0.9445716142654419 -0.11933718621730804
vn -0.015007042326033115 -0.8532585501670837 0.5212721228599548
vn 0.08322723954916 -0.9445716142654419 0.31758102774620056
vn -0.46699103713035583 -0.8840532302856445 -0.01921919733285904
vn -0.12081964313983917 -0.9701337814331055 0.21034011244773865
vn -0.6751793026924133 -0.7360165119171143 -0.04911664500832558
vn -0.63312828540802 -0.7715129852294922 0.06257913261651993
vn -0.46699121594429016 -0.884053111076355 -0.019219543784856796
vn -0.1208193302154541 -0.9701338410377502 0.21034042537212372
vn -0.1775653213262558 -0.9790520071983337 0.09963781386613846
vn -0.675179660320282 -0.7360162734985352 -0.049117255955934525
vn -0.6331285834312439 -0.7715128064155579 0.06257876008749008
vn -0.2018558382987976 -0.7911517024040222 -0.5773500800132751
vn -0.0237614456564188 -0.9790520071983337 -0.2022189497947693
vn -0.20185506343841553 -0.7911520004272461 -0.5773501396179199
vn 0.0991535559296608 -0.9701338410377502 -0.22137977182865143
vn 0.7197667360305786 -0.37673652172088623 0.5830997824668884
vn 0.7904021739959717 -0.4781612753868103 0.38291794061660767
vn 0.7197661399841309 -0.3767373561859131 0.5830999612808228
vn 0.7904019355773926 -0.47816145420074463 0.3829182982444763
vn 0.7743739485740662 -0.4781612753868103 0.41437503695487976
vn 0.8793895244598389 -0.2333594709634781 0.4149909019470215
vn 0.008115583099424839 -0.9998255372047424 -0.016825011000037193
vn -0.3531663417816162 -0.9336512088775635 -0.05974094942212105
vn 0.22326672077178955 -0.9269219636917114 -0.3016083538532257
vn 0.019015055149793625 -0.9997271299362183 -0.01356764230877161
vn 0.47158679366111755 -0.7266843318939209 -0.4995355010032654
vn 0.21298640966415405 -0.7379233837127686 0.6403949856758118
vn 0.40878891944885254 -0.7310099005699158 -0.5463663339614868
vn 0.5400621294975281 -0.4380880296230316 -0.7186179161071777
vn 0.6657708287239075 -0.6791303157806396 0.3090816140174866
vn 0.12693476676940918 -0.7266823649406433 -0.675144612789154
vn -0.6432845592498779 -0.7379215359687805 0.20409980416297913
vn -0.6789701581001282 -0.6730227470397949 -0.29332566261291504
vn -0.9429565072059631 -0.08219152688980103 0.3226105272769928
vn 0.1886383444070816 -0.07900788635015488 -0.9788632988929749
vn -0.4715910851955414 -0.7266825437545776 0.49953410029411316
vn -0.03805892914533615 -0.684878408908844 0.7276626825332642
vn -0.6810380816459656 -0.07900826632976532 0.7279731035232544
vn 0.634625256061554 -0.7562002539634705 0.15941083431243896
vn 0.5996657013893127 -0.08702904731035233 -0.7955042719841003
vn -0.05465037003159523 -0.6796162128448486 -0.7315294146537781
vn 0.03805611655116081 -0.6848776936531067 -0.7276635766029358
vn 0.6810374855995178 -0.07900797575712204 -0.7279736995697021
vn -0.634628176689148 -0.7561981081962585 -0.15940961241722107
vn -0.008123807609081268 -0.9998255372047424 0.016818108037114143
vn -0.2232741415500641 -0.9269222021102905 0.3016023337841034
vn -0.27183997631073 -0.7401525378227234 -0.615042507648468
vn 0.501987636089325 -0.7562013864517212 0.41972342133522034
vn 0.5663197636604309 -0.6848794221878052 -0.4584999084472656
vn -0.40879449248313904 -0.7310101389884949 0.5463619232177734
vn -0.6290299892425537 -0.7270472645759583 0.2751791179180145
vn -0.030576670542359352 -0.9994804859161377 -0.010188049636781216
vn 0.5261539816856384 -0.7628768086433411 0.37574058771133423
vn 0.35316064953804016 -0.933653712272644 0.059734661132097244
vn -0.5400651693344116 -0.43808820843696594 0.7186156511306763
vn -0.6657728552818298 -0.6791273951530457 -0.3090835213661194
vn -0.21299129724502563 -0.7379226684570312 -0.6403942704200745
vn -0.2932583689689636 -0.082191601395607 -0.9524936079978943
vn -0.019022643566131592 -0.9997270107269287 0.013568059541285038
vn -0.5996655225753784 -0.08702904731035233 0.7955043911933899
vn -0.026211848482489586 -0.9994805455207825 -0.018749462440609932
vn -0.14710761606693268 -0.7270471453666687 -0.6706428527832031
vn 0.6132472157478333 -0.7628759741783142 0.20481210947036743
vn 0.054648227989673615 -0.6796196699142456 0.7315263152122498
vn -0.2836473286151886 -0.6966261863708496 0.6589811444282532
vn 0.29325857758522034 -0.08219167590141296 0.9524935483932495
vn -0.9659909009933472 -0.1286521703004837 -0.22429926693439484
vn -0.3664049208164215 -0.6966280937194824 0.6168118119239807
vn 0.9705487489700317 -0.16631121933460236 -0.1742861121892929
vn 0.0841267928481102 -0.06984751671552658 -0.9940040111541748
vn 0.5686006546020508 -0.10308407992124557 -0.8161292672157288
vn 0.811983048915863 -0.13348989188671112 0.5682111978530884
vn -0.0002080592093989253 -0.9997269511222839 -0.023365499451756477
vn 0.9659908413887024 -0.12865178287029266 0.2242998629808426
vn 0.9009971618652344 -0.1087498739361763 -0.41997337341308594
vn -0.5320051908493042 -0.7284755706787109 0.431617796421051
vn -0.7492700219154358 -0.6620897650718689 -0.01522273663431406
vn -0.7547178864479065 -0.06984774023294449 0.6523206830024719
vn 0.7130886912345886 -0.1384078413248062 0.6872756481170654
vn 0.8548692464828491 -0.06579858809709549 -0.5146543383598328
vn 0.9949877858161926 -0.09830628335475922 -0.01830405741930008
vn 0.53200364112854 -0.7284750938415527 -0.4316202700138092
vn 0.7492689490318298 -0.6620908975601196 0.015221445821225643
vn 0.14710666239261627 -0.7270486354827881 0.6706413626670837
vn 0.7547177672386169 -0.06984774023294449 -0.6523207426071167
vn 0.19241926074028015 -0.08105648308992386 0.9779594540596008
vn 0.01836971379816532 -0.0983826071023941 0.9949790835380554
vn 0.03648075833916664 -0.7284744381904602 -0.6841009259223938
vn -0.4527251720428467 -0.6620888113975525 -0.597225546836853
vn -0.9042872786521912 -0.08105657994747162 0.41915905475616455
vn 0.2979312539100647 -0.10707952827215195 -0.9485625624656677
vn 0.19950607419013977 -0.7500552535057068 -0.6305667757987976
vn -0.9732723832130432 -0.07623561471700668 0.21663105487823486
vn 0.5071390867233276 -0.6919881701469421 -0.5137726664543152
vn 0.8693913221359253 -0.10456093400716782 0.4829343855381012
vn 0.3450945019721985 -0.6920560002326965 -0.6340096592903137
vn -0.1924193948507309 -0.0810563787817955 -0.9779594540596008
vn 0.9369640946388245 -0.1334899365901947 0.3229221999645233
vn -0.3928751051425934 -0.7500520348548889 0.5320444107055664
vn 0.9876437187194824 -0.11071602255105972 0.11091389507055283
vn -0.5922838449478149 -0.10707923769950867 0.7985824346542358
vn -0.3450954556465149 -0.6920565366744995 0.6340085864067078
vn -0.6132475137710571 -0.7628750801086426 -0.20481470227241516
vn 0.7819796204566956 -0.20708462595939636 -0.587897777557373
vn -0.3761204779148102 -0.11492010205984116 -0.9194165468215942
vn 0.13537278771400452 -0.15477828681468964 -0.9786307215690613
vn 0.9801144599914551 -0.14062613248825073 0.1399996429681778
vn 0.6107593774795532 -0.15335392951965332 -0.7768240571022034
vn -0.3100834786891937 -0.6920570135116577 0.6518474817276001
vn 0.7107275724411011 -0.1387528032064438 0.6896476149559021
vn 0.8539436459541321 -0.08625472337007523 -0.5131670236587524
vn 0.9924213886260986 -0.12167037278413773 -0.017212027683854103
vn 0.017313756048679352 -0.07545661181211472 0.9969987869262695
vn 0.8665162920951843 -0.12467283010482788 0.48332828283309937
vn 0.6677803993225098 -0.7415055632591248 0.06510788202285767
vn -0.43761616945266724 -0.17726413905620575 0.881515383720398
vn 0.749257504940033 -0.12865182757377625 0.649662971496582
vn 0.32013335824012756 -0.17009393870830536 0.9319778680801392
vn -0.19400759041309357 -0.16636475920677185 0.966790497303009
vn -0.396817147731781 -0.07623561471700668 -0.9147263169288635
vn -0.9775158166885376 -0.15275925397872925 0.14535285532474518
vn -0.2726595103740692 -0.7480002641677856 -0.6051052808761597
vn -0.6143678426742554 -0.08113490045070648 0.7848370671272278
vn -0.798526406288147 -0.11026673763990402 -0.5917742848396301
vn -0.9871677160263062 -0.11487576365470886 -0.11092124879360199
vn -0.11756126582622528 -0.6919883489608765 0.7122721076011658
vn 0.08611291646957397 -0.06579852104187012 0.9941102266311646
vn 0.8157532215118408 -0.09838271886110306 -0.56997150182724
vn 0.9751603603363037 -0.13840804994106293 0.17293204367160797
vn 0.11756079643964767 -0.6919869184494019 -0.7122735977172852
vn -0.9369639754295349 -0.1334899216890335 -0.3229224383831024
vn 0.5700293183326721 -0.09830642491579056 0.8157220482826233
vn 0.9017170071601868 -0.10456118732690811 0.4194917380809784
vn -0.964901864528656 -0.11491990834474564 0.23613087832927704
vn 0.6893587708473206 -0.14062607288360596 0.7106397151947021
vn -0.0159834623336792 -0.20708464086055756 0.9781924486160278
vn -0.7121590375900269 -0.15477833151817322 0.6847432255744934
vn -0.26946863532066345 -0.15335415303707123 0.9507204294204712
vn 0.08677525073289871 -0.08625466376543045 0.9924868941307068
vn 0.816765308380127 -0.07545638829469681 -0.5720146298408508
vn 0.9756920337677002 -0.1387525498867035 0.1696254163980484
vn -0.8088725805282593 -0.1447017788887024 0.5699004530906677
vn -0.9041937589645386 -0.06644397974014282 -0.4219229519367218
vn -0.9864501357078552 -0.13978064060211182 0.08589190244674683
vn -0.9018073081970215 -0.09770269691944122 -0.4209486246109009
vn 0.5694061517715454 -0.1216701939702034 0.8130024671554565
vn 0.9003464579582214 -0.12467260658740997 0.41693300008773804
vn -0.690544068813324 -0.12830574810504913 -0.7118191123008728
vn 0.27478742599487305 -0.05814303457736969 -0.959745466709137
vn -0.2403102070093155 -0.1207800805568695 -0.9631527662277222
vn 0.273830771446228 -0.08113466948270798 -0.9583495855331421
vn 0.0100651104003191 -0.7475875616073608 0.6640871167182922
vn -0.003583814250305295 -0.9998043775558472 -0.01945200003683567
vn 0.3929913341999054 -0.9177360534667969 0.05760530009865761
vn -0.8076759576797485 -0.14841581881046295 0.5706419348716736
vn -0.9044751524925232 -0.0684714987874031 -0.4209945499897003
vn -0.9856812357902527 -0.14420516788959503 0.08739177137613297
vn -0.9022499918937683 -0.1017463281750679 -0.41903769969940186
vn 0.7227796316146851 -0.6797032356262207 0.12487287819385529
vn 0.581184983253479 -0.7275025248527527 -0.36464232206344604
vn 0.5833786129951477 -0.1571517139673233 -0.7968516945838928
vn 0.9910059571266174 -0.07297047972679138 0.11217213422060013
vn 0.905465841293335 -0.15438680350780487 -0.3953433930873871
vn -0.9386793971061707 -0.12808142602443695 -0.3201187551021576
vn -0.19153884053230286 -0.058103688061237335 -0.9797636866569519
vn -0.6521571278572083 -0.12058248370885849 -0.7484323382377625
vn 0.01526854932308197 -0.4542050361633301 0.8907662630081177
vn 0.010068273171782494 -0.7475836277008057 0.6640914678573608
vn 0.7227820158004761 -0.6797000169754028 0.12487661838531494
vn -0.7034050822257996 -0.6952685713768005 0.14772553741931915
vn -0.8076757192611694 -0.1484156847000122 0.5706424117088318
vn -0.9044754505157471 -0.06847158074378967 -0.42099395394325256
vn -0.9856811761856079 -0.14420504868030548 0.08739247173070908
vn -0.902250349521637 -0.10174630582332611 -0.4190369248390198
vn 0.4775371849536896 -0.5013324022293091 0.7215427756309509
vn -0.29084646701812744 -0.126490518450737 -0.9483714699745178
vn 0.6815224289894104 -0.057077597826719284 -0.7295678853988647
vn 0.22510391473770142 -0.1185535117983818 -0.9670951962471008
vn -0.5833787322044373 -0.15715131163597107 0.7968517541885376
vn -0.9910058975219727 -0.07297022640705109 -0.11217234283685684
vn -0.9054657816886902 -0.1543862670660019 0.39534351229667664
vn -0.9876437783241272 -0.11071556806564331 -0.11091358214616776
vn -0.0035795974545180798 -0.9998046159744263 -0.019440380856394768
vn 0.39299476146698 -0.9177340269088745 0.057613667100667953
vn 0.6812710762023926 -0.04806623235344887 0.7304514646530151
vn 0.2246120423078537 -0.10134103894233704 0.9691643714904785
vn 0.6807377338409424 -0.06852619349956512 0.7293148636817932
vn 0.6799184679985046 -0.08895738422870636 0.7278718948364258
vn 0.9660346508026123 -0.13421477377414703 -0.2208244949579239
vn 0.581188440322876 -0.7275036573410034 -0.36463460326194763
vn 0.7268684506416321 -0.09783360362052917 -0.679772675037384
vn 0.7250161170959473 -0.12759584188461304 -0.6768092513084412
vn 0.01784556917846203 -0.9998043775558472 -0.0085303308442235
vn -0.2820519506931305 -0.9381874799728394 0.2006259262561798
vn -0.04660802707076073 -0.7275039553642273 -0.684518575668335
vn 0.753891110420227 -0.04806641489267349 0.6552387475967407
vn 0.32376575469970703 -0.12399984151124954 0.9379764199256897
vn 0.7521900534629822 -0.08843151479959488 0.6529854536056519
vn -0.5431725978851318 -0.747587263584137 0.38219985365867615
vn 0.9382036924362183 -0.12649109959602356 -0.32213926315307617
vn 0.6163483262062073 -0.7379000186920166 0.27498799562454224
vn 0.6518517732620239 -0.09332943707704544 -0.7525814771652222
vn 0.6500832438468933 -0.11855383962392807 -0.7505576610565186
vn 0.017829474061727524 -0.9998047351837158 -0.008519156835973263
vn -0.2820630967617035 -0.9381824731826782 0.20063427090644836
vn -0.04662076756358147 -0.7275075316429138 -0.6845138072967529
vn 0.8561340570449829 -0.04806630313396454 -0.5145134329795837
vn 0.9948486089706421 -0.09975866228342056 -0.018009750172495842
vn 0.8551954627037048 -0.0671728178858757 -0.513934314250946
vn -0.5431782007217407 -0.7475807666778564 0.38220489025115967
vn -0.014384052716195583 -0.14470228552818298 -0.9893706440925598
vn 0.3393266797065735 -0.9297995567321777 0.14258445799350739
vn -0.5135244727134705 -0.10392806679010391 -0.851757824420929
vn -0.510333240032196 -0.13978086411952972 -0.848540723323822
vn -0.7296182513237 -0.4542030990123749 0.5112307667732239
vn -0.5258703231811523 -0.6797007918357849 -0.5113387703895569
vn -0.3742504119873047 -0.04806601256132126 -0.926081120967865
vn 0.13663068413734436 -0.11635983735322952 -0.9837644100189209
vn -0.3753974735736847 -0.08153911679983139 -0.9232703447341919
vn -0.8157517910003662 -0.09838244318962097 0.5699735879898071
vn -0.9817655086517334 -0.1283053308725357 -0.14026500284671783
vn 0.8561336994171143 -0.048065926879644394 -0.5145140290260315
vn 0.995945394039154 -0.08809377253055573 -0.018227264285087585
vn 0.8555353283882141 -0.05693450942635536 -0.5146045684814453
vn 0.2939389944076538 -0.6952647566795349 0.6559016108512878
vn -0.013080676086246967 -0.14841510355472565 -0.9888386130332947
vn -0.9751496911048889 -0.04806619510054588 0.21626994013786316
vn -0.9497426152229309 -0.09406715631484985 -0.2985636591911316
vn -0.9743081331253052 -0.062157098203897476 0.2164720743894577
vn -0.30176547169685364 -0.15715140104293823 0.9403408765792847
vn -0.017852233722805977 -0.9998041987419128 0.00853790808469057
vn 0.28204774856567383 -0.9381901025772095 -0.2006198763847351
vn 0.04660249873995781 -0.7275015115737915 0.6845215559005737
vn 0.21604011952877045 -0.11121122539043427 0.9700302481651306
vn 0.2123796045780182 -0.15438641607761383 0.9649143815040588
vn 0.5431709289550781 -0.7475905418395996 -0.3821958005428314
vn -0.33934450149536133 -0.9297956228256226 -0.14256705343723297
vn 0.0869717076420784 -0.04806619882583618 -0.9950505495071411
vn 0.5701223015785217 -0.09049306809902191 -0.8165608644485474
vn 0.08555442839860916 -0.05896042659878731 -0.9945874810218811
vn -0.8107234239578247 -0.1280813217163086 -0.5712466239929199
vn 0.8561339974403381 -0.04806611314415932 -0.5145136117935181
vn 0.995945394039154 -0.08809370547533035 -0.018226949498057365
vn 0.8555353283882141 -0.0569344200193882 -0.514604389667511
vn 0.5258587598800659 -0.6797056198120117 0.5113440752029419
vn 0.8644269108772278 -0.5013375282287598 -0.03777480125427246
vn 0.8548691868782043 -0.06579823791980743 -0.5146545171737671
vn -0.013079964555799961 -0.14841541647911072 -0.9888386130332947
vn -0.9684659838676453 -0.11653327196836472 -0.22021272778511047
vn -0.2928770184516907 -0.0606534369289875 -0.9542243480682373
vn -0.7276472449302673 -0.1146063283085823 -0.6763097643852234
vn -0.7395310401916504 -0.16705696284770966 0.6520626544952393
vn -0.9419736266136169 -0.08638554811477661 -0.32438144087791443
vn -0.9664284586906433 -0.17325255274772644 0.18973539769649506
vn 0.29206013679504395 -0.03511979058384895 -0.9557549357414246
vn 0.29168012738227844 -0.06109519675374031 -0.9545626640319824
vn -0.2939436137676239 -0.6952707171440125 -0.655893087387085
vn 0.729617178440094 -0.4542097747325897 -0.5112261772155762
vn 0.29110288619995117 -0.08702929317951202 -0.9527250528335571
vn -0.6752922534942627 -0.11806312948465347 -0.7280395030975342
vn 0.29168012738227844 -0.06109519675374031 -0.9545626640319824
vn 0.29206013679504395 -0.03511979058384895 -0.9557549357414246
vn -0.9524642825126648 -0.09077192842960358 -0.29081302881240845
vn -0.9496544003486633 -0.11631923168897629 -0.29090583324432373
vn -0.8693374991416931 -0.10174614936113358 -0.4836321473121643
vn -0.44173499941825867 -0.5117743015289307 0.7368563413619995
vn -0.6151739358901978 -0.0351201593875885 0.7876087427139282
vn -0.922612190246582 -0.09441707283258438 0.373994916677475
vn -0.6149343252182007 -0.05814298242330551 0.7864319682121277
vn -0.6143678426742554 -0.08113490045070648 0.7848370671272278
vn 0.3605459928512573 -0.1736299842596054 0.9164382815361023
vn -0.6149343252182007 -0.05814298242330551 0.7864319682121277
vn -0.6151739358901978 -0.0351201593875885 0.7876087427139282
vn 0.7817385196685791 -0.12317457795143127 0.6113204956054688
vn 0.7724630832672119 -0.18106840550899506 0.6086995005607605
vn 0.3364830017089844 -0.511776864528656 -0.7904831171035767
vn 0.8157528042793274 -0.09838239848613739 -0.5699721574783325
vn 0.6752740740776062 -0.035120055079460144 0.7367302775382996
vn 0.6732476353645325 -0.07297033816576004 0.7358077168464661
vn -0.2939414978027344 -0.6952711939811707 -0.6558936238288879
vn 0.6702532768249512 -0.11071571707725525 0.7338273525238037
vn 0.9673119187355042 -0.14133846759796143 -0.2105495035648346
vn 0.6732476353645325 -0.07297033816576004 0.7358077168464661
vn 0.6752740740776062 -0.035120055079460144 0.7367302775382996
vn 0.2994824945926666 -0.0731256827712059 -0.9512952566146851
vn 0.7297478318214417 -0.14327877759933472 -0.6685351729393005
vn 0.5431751012802124 -0.7475882172584534 -0.38219448924064636
vn -0.9056905508041382 -0.03512004017829895 0.4224821925163269
vn -0.9918249845504761 -0.09430544823408127 -0.08596310764551163
vn -0.9052292704582214 -0.058103736490011215 0.4209323823451996
vn 0.3364822566509247 -0.5117772817611694 -0.7904831767082214
vn -0.9042872786521912 -0.08105657994747162 0.41915905475616455
vn -0.0928441733121872 -0.16705653071403503 0.9815661311149597
vn -0.9052292704582214 -0.058103736490011215 0.4209323823451996
vn -0.9056905508041382 -0.03512004017829895 0.4224821925163269
vn 0.4198395013809204 -0.11928394436836243 0.899725615978241
vn 0.41455307602882385 -0.17325226962566376 0.8933809399604797
vn -0.8741466403007507 -0.035120002925395966 -0.48439058661460876
vn -0.512988269329071 -0.10611891001462936 -0.851810872554779
vn -0.8722285628318787 -0.06847136467695236 -0.4842819273471832
vn 0.3393392264842987 -0.9297965168952942 0.14257396757602692
vn -0.8693370819091797 -0.10174631327390671 -0.48363280296325684
vn -0.8511602282524109 -0.13278241455554962 0.50783371925354
vn -0.8722285628318787 -0.06847136467695236 -0.4842819273471832
vn -0.8741466403007507 -0.035120002925395966 -0.48439058661460876
vn -0.08852079510688782 -0.11007335782051086 -0.9899737238883972
vn 0.421476811170578 -0.08613403886556625 -0.9027392864227295
vn 0.4201323986053467 -0.10703417658805847 -0.9011284708976746
vn -0.08945255726575851 -0.1327829211950302 -0.9871003031730652
vn 0.8174379467964172 -0.06876520812511444 -0.5718972086906433
vn 0.4189514219760895 -0.13334310054779053 -0.8981644511222839
vn -0.3393382430076599 -0.9297979474067688 -0.14256663620471954
vn 0.04660949110984802 -0.727500855922699 0.6845216751098633
vn -0.6163483262062073 -0.7379018664360046 -0.27498266100883484
vn -0.017843354493379593 -0.9998043179512024 0.008538828231394291
vn 0.1905573606491089 -0.03512023389339447 -0.9810476303100586
vn 0.1896437108516693 -0.057077862322330475 -0.9801924824714661
vn 0.1886383444070816 -0.07900788635015488 -0.9788632988929749
vn -0.747406005859375 -0.11653324961662292 -0.6540675759315491
vn 0.1896437108516693 -0.057077862322330475 -0.9801924824714661
vn 0.1905573606491089 -0.03512023389339447 -0.9810476303100586
vn -0.8741463422775269 -0.03512018918991089 -0.48439106345176697
vn -0.8728145360946655 -0.06644400954246521 -0.4835079312324524
vn -0.8706241250038147 -0.09770248085260391 -0.4821491837501526
vn -0.8529367446899414 -0.11007403582334518 0.5102769732475281
vn -0.8728145360946655 -0.06644400954246521 -0.4835079312324524
vn -0.8741463422775269 -0.03512018918991089 -0.48439106345176697
vn -0.874146580696106 -0.03512008860707283 -0.4843906760215759
vn -0.5129885077476501 -0.10611875355243683 -0.8518108129501343
vn -0.872228741645813 -0.06847133487462997 -0.48428165912628174
vn 0.8125557899475098 -0.44927334785461426 0.37135764956474304
vn 0.44121047854423523 -0.668777346611023 -0.5983896255493164
vn 0.9022505283355713 -0.10174630582332611 0.4190366268157959
vn -0.8693374991416931 -0.10174614936113358 -0.4836321473121643
vn -0.8511601090431213 -0.1327824741601944 0.5078338980674744
vn -0.872228741645813 -0.06847133487462997 -0.48428165912628174
vn -0.874146580696106 -0.03512008860707283 -0.4843906760215759
vn 0.6163403391838074 -0.7379035949707031 0.27499616146087646
vn -0.48181232810020447 -0.09929822385311127 0.8706300854682922
vn -0.4803777039051056 -0.13334274291992188 0.8668662309646606
vn -0.4412185251712799 -0.6687670946121216 0.5983952283859253
vn -0.6163517236709595 -0.7378990650177002 -0.274982750415802
vn -0.8616980910301208 -0.49420851469039917 0.11504047363996506
vn 0.0861143246293068 -0.06579810380935669 0.994110107421875
vn -0.4412147104740143 -0.668769359588623 0.5983954071998596
vn -0.08611638098955154 -0.06579853594303131 -0.9941099286079407
vn 0.4412164092063904 -0.6687703132629395 -0.5983930826187134
vn -0.08611412346363068 -0.06579834967851639 -0.994110107421875
vn 0.9022502303123474 -0.10174594819545746 0.4190373122692108
vn 0.22477254271507263 -0.6687746644020081 -0.7086732983589172
vn -0.5847477912902832 -0.7379044890403748 -0.3369971215724945
vn -0.8125606179237366 -0.4492703974246979 -0.37135064601898193
vn 0.2247719019651413 -0.6687702536582947 -0.7086775898933411
vn -0.5847479104995728 -0.7379013299942017 -0.3370039165019989
vn -0.8693370819091797 -0.10174631327390671 -0.48363280296325684
vn -0.8616994023323059 -0.4942065477371216 0.11503974348306656
vn -0.948748767375946 -0.16524988412857056 0.26938486099243164
vn -0.9022499918937683 -0.1017463281750679 -0.41903769969940186
vn -0.33972278237342834 -0.1652502864599228 -0.9258946180343628
vn 0.29394257068634033 -0.6952680349349976 0.6558963656425476
vn -0.8157526254653931 -0.09838274866342545 0.5699723958969116
vn -0.7034050822257996 -0.6952697038650513 0.14772096276283264
vn 0.01836920529603958 -0.09838270395994186 0.9949790835380554
vn -0.9018073081970215 -0.09770269691944122 -0.4209486246109009
vn -0.3387530744075775 -0.14398765563964844 -0.9297923445701599
vn -0.3439570665359497 -0.17860978841781616 0.9218417406082153
vn 0.5258627533912659 -0.6797024011611938 0.5113443732261658
vn 0.9829037189483643 -0.17832282185554504 0.04583991318941116
vn 0.1108059510588646 -0.18377330899238586 0.9767032861709595
vn -0.525862455368042 -0.6797044277191162 -0.5113418698310852
vn -0.46316513419151306 -0.14301681518554688 -0.874656617641449
vn -0.9710634350776672 -0.08359214663505554 0.22371453046798706
vn 0.19241926074028015 -0.08105648308992386 0.9779594540596008
vn -0.5436130166053772 -0.17860989272594452 0.8201118111610413
vn 0.08688928186893463 -0.0671725645661354 0.9939507842063904
vn -0.6810380816459656 -0.07900826632976532 0.7279731035232544
vn -0.9900331497192383 -0.13607358932495117 0.03630932793021202
vn 0.8184003829956055 -0.03908664360642433 -0.5733175873756409
vn 0.817718505859375 -0.057281021028757095 -0.5727611184120178
vn -0.9675945043563843 -0.08153925836086273 0.23898185789585114
vn 0.08654598146677017 -0.056934695690870285 0.994619607925415
vn -0.41555771231651306 -0.12336887419223785 0.9011614918708801
vn -0.3975544273853302 -0.06215708330273628 -0.9154708981513977
vn -0.5342797636985779 -0.16193698346614838 0.8296515345573425
vn 0.6702532768249512 -0.11071571707725525 0.7338273525238037
vn 0.7951174974441528 -0.09077214449644089 0.5996237397193909
vn 0.3906349539756775 -0.03908713534474373 0.9197154641151428
vn 0.3903086185455322 -0.061354685574769974 0.9186375141143799
vn -0.5949568748474121 -0.12742041051387787 0.7935934066772461
vn 0.3897882401943207 -0.08359172195196152 0.9171028137207031
vn -0.9736747741699219 -0.03908703476190567 0.22456541657447815
vn -0.9726108908653259 -0.06135484576225281 0.2241957038640976
vn -0.2923237979412079 -0.12742000818252563 0.947792649269104
vn -0.9448673725128174 -0.039086900651454926 0.3251120448112488
vn -0.9776508808135986 -0.08990402519702911 -0.1900423765182495
vn -0.9441323280334473 -0.06065337359905243 0.32393693923950195
vn 0.24155975878238678 -0.15890410542488098 -0.9572870135307312
vn -0.8706241250038147 -0.09770248085260391 -0.4821491837501526
vn 0.017219867557287216 -0.03908673673868179 0.9990874528884888
vn -0.48259368538856506 -0.08613448590040207 0.8715986013412476
vn 0.0172696765512228 -0.05728117749094963 0.99820876121521
vn 0.9822789430618286 -0.17352809011936188 -0.07082387059926987
vn 0.98948073387146 -0.03908688202500343 0.13928434252738953
vn 0.9860801696777344 -0.08997353166341782 0.13982386887073517
vn 0.987691342830658 -0.1522403508424759 0.03589784726500511
vn 0.29110288619995117 -0.08702929317951202 -0.9527250528335571
vn 0.017220111563801765 -0.03908684477210045 0.9990874528884888
vn 0.017802780494093895 -0.06876511871814728 0.9974740743637085
vn 0.3968164920806885 -0.07623562961816788 0.9147266149520874
vn -0.3571607172489166 -0.16193687915802002 0.9198982119560242
vn 0.8184004426002502 -0.03908703848719597 0.5733174681663513
vn 0.8161083459854126 -0.08638548851013184 0.5714060664176941
vn -0.520071804523468 -0.17352809011936188 -0.8363093137741089
vn -0.38978898525238037 -0.08359190821647644 -0.9171024560928345
vn 0.23101980984210968 -0.6883046627044678 -0.6876529455184937
vn -0.6324682831764221 -0.14764921367168427 0.7603838443756104
vn 0.271835058927536 -0.7401557564735413 0.6150407791137695
vn -0.23102371394634247 -0.6883044242858887 0.6876518130302429
vn 0.20174677670001984 -0.7310154438018799 -0.6518548130989075
vn -0.6573545932769775 -0.7401570677757263 0.1416061669588089
vn -0.6413784027099609 -0.6791374087333679 -0.35694003105163574
vn -0.9887002110481262 -0.13382738828659058 -0.06754375249147415
vn 0.550493061542511 -0.735724687576294 -0.3945460021495819
vn 0.16984012722969055 -0.6775193810462952 -0.7156268358230591
vn -0.6132317185401917 -0.7364716529846191 -0.28558075428009033
vn 0.7265614867210388 -0.681985080242157 0.08369496464729309
vn 0.35716044902801514 -0.16193731129169464 -0.919898271560669
vn -0.550494909286499 -0.7357207536697388 0.3945506513118744
vn -0.16984210908412933 -0.6775166392326355 0.715628981590271
vn -0.8167647123336792 -0.07545605301856995 0.5720155835151672
vn 0.6132277250289917 -0.7364726662635803 0.2855866849422455
vn 0.9018074870109558 -0.09770269691944122 0.42094820737838745
vn -0.7265627980232239 -0.6819840669631958 -0.08369085937738419
vn -0.6324690580368042 -0.14764952659606934 0.760383129119873
vn -0.5914895534515381 -0.7364721298217773 -0.32825127243995667
vn 0.004377272911369801 -0.735723078250885 0.6772682666778564
vn -0.47912415862083435 -0.6775184273719788 0.5580400824546814
vn 0.6661514639854431 -0.7398075461387634 0.0944826751947403
vn -0.9516667723655701 -0.13982322812080383 -0.2734590470790863
vn 0.9885067343711853 -0.08895789831876755 0.12223315238952637
vn -0.6661543250083923 -0.7398042678833008 -0.09448757767677307
vn -0.9885066747665405 -0.0889575406908989 -0.12223402410745621
vn 0.4679984450340271 -0.7397979497909546 0.48340094089508057
vn 0.623947262763977 -0.6796149015426636 -0.38576337695121765
vn -0.8445106744766235 -0.16515859961509705 -0.5094354152679443
vn -0.050777703523635864 -0.7388576865196228 -0.6719455122947693
vn 0.6978737711906433 -0.6860083937644958 -0.20582644641399384
vn -0.6324757933616638 -0.15890391170978546 0.7581055164337158
vn -0.6978769302368164 -0.686004638671875 0.20582851767539978
vn 0.05077168345451355 -0.7388550639152527 0.671949028968811
vn 0.5734611749649048 -0.7388561964035034 -0.353884220123291
vn -0.2436835914850235 -0.6860061883926392 -0.6855754256248474
vn -0.4205285608768463 -0.6882988810539246 0.5911010503768921
vn -0.08677652478218079 -0.08625445514917374 -0.9924867749214172
vn 0.494772344827652 -0.6819846630096436 0.5386066436767578
vn -0.6699800491333008 -0.11487549543380737 -0.7334373593330383
vn -0.9952056407928467 -0.08813570439815521 -0.042402055114507675
vn 0.8753892779350281 -0.2189970761537552 0.43096858263015747
vn 0.4897768497467041 0.8422955274581909 0.22507084906101227
vn 0.7534594535827637 0.5527479648590088 0.35604557394981384
vn 0.45801740884780884 -0.8558244109153748 0.24038441479206085
vn -0.24077557027339935 -0.08362103253602982 0.9669718146324158
vn -0.993664026260376 -0.08903702348470688 0.06858674436807632
vn 0.8886616826057434 0.16894541680812836 0.42630714178085327
vn 0.8150733709335327 -0.41573137044906616 0.40351298451423645
vn 0.592495322227478 -0.7477238178253174 0.2997639775276184
vn 0.985923171043396 -0.11806339025497437 0.11839136481285095
vn 0.6131213307380676 -0.09022337943315506 0.7848196625709534
vn 0.7167887687683105 -0.4801493287086487 0.505638837814331
vn 0.847183346748352 -0.5301490426063538 0.034962207078933716
vn 0.25988122820854187 -0.9223995208740234 -0.28572866320610046
vn 0.3225017786026001 -0.5304653644561768 0.7839637398719788
vn -0.8238024115562439 -0.5304645895957947 0.1998920738697052
vn 0.09282497316598892 -0.9246940612792969 0.36922159790992737
vn 0.02621017023921013 -0.999480664730072 0.01874549128115177
vn -0.31445324420928955 -0.944025993347168 -0.09967008978128433
vn 0.18184319138526917 -0.432804673910141 0.8829571008682251
vn -0.6046596765518188 -0.4771748185157776 -0.6377232074737549
vn 0.24551816284656525 -0.5292408466339111 0.812173068523407
vn -0.14427852630615234 -0.9248582720756531 0.35188189148902893
vn 0.8440960049629211 -0.521975040435791 0.12265336513519287
vn -0.5953773856163025 -0.5219734311103821 -0.610794186592102
vn 0.595376193523407 -0.5219742059707642 0.6107946634292603
vn -0.26282799243927 -0.9248594641685486 0.27487534284591675
vn -0.6363931894302368 -0.6730239987373352 -0.3768851161003113
vn -0.8461009860038757 -0.48298174142837524 0.22548113763332367
vn -0.012509859167039394 -0.9998319745063782 0.013400622643530369
vn 0.20401355624198914 -0.9386088848114014 -0.27819371223449707
vn 0.2610628604888916 -0.7309821248054504 0.630484938621521
vn 0.39286094903945923 -0.7500561475753784 -0.5320488810539246
vn -0.36375415325164795 -0.9310846328735352 -0.027647852897644043
vn 0.6551612615585327 -0.6855385899543762 0.31749117374420166
vn 0.8025826215744019 -0.509955883026123 -0.309525728225708
vn 0.5922828316688538 -0.10707944631576538 -0.7985831499099731
vn 0.012486838735640049 -0.9998322129249573 -0.013402233831584454
vn -0.2040332704782486 -0.9386057257652283 0.27819013595581055
vn -0.2610776722431183 -0.730978786945343 -0.6304827928543091
vn -0.6551691293716431 -0.6855304837226868 -0.3174924850463867
vn -0.8025871515274048 -0.509949803352356 0.3095239996910095
vn 0.7082526683807373 -0.7009333968162537 0.08408600091934204
vn 0.6477892398834229 -0.5202051997184753 -0.5565569400787354
vn -0.48433297872543335 -0.7009283304214478 -0.5235657691955566
vn 0.5284136533737183 -0.45975232124328613 -0.7137273550033569
vn 0.06949903070926666 -0.5202022790908813 -0.8512107133865356
vn -0.43645617365837097 -0.6758449673652649 0.5939188599586487
vn 0.14978845417499542 -0.5039314031600952 0.8506565690040588
vn 0.4451819360256195 -0.7415035367012024 0.5019814968109131
vn -0.6677890419960022 -0.7414975762367249 -0.06510808318853378
vn -0.22395454347133636 -0.6758436560630798 0.7021963596343994
vn -0.8851558566093445 -0.45567625761032104 -0.09411834925413132
vn -0.7762412428855896 -0.5039291381835938 0.37882035970687866
vn 0.7762382626533508 -0.5039340257644653 -0.3788200616836548
vn 0.22394625842571259 -0.6758483648300171 -0.7021943926811218
vn -0.8672319054603577 0.16894564032554626 -0.46836531162261963
vn -0.8055371046066284 -0.4157312214374542 -0.4222292900085449
vn -0.5907743573188782 -0.7477236390113831 -0.30314207077026367
vn -0.4636910855770111 -0.8558242917060852 -0.22924956679344177
vn -0.7309191823005676 0.5527481436729431 -0.40028315782546997
vn -0.46996957063674927 0.8422956466674805 -0.26394444704055786
vn -0.8632018566131592 -0.21899685263633728 -0.45488792657852173
vn -0.7150281071662903 -0.10752133280038834 -0.6907778382301331
vn -0.9808480143547058 -0.09071376919746399 0.172360360622406
vn 0.8672319650650024 0.16894547641277313 0.4683654308319092
vn 0.8055369257926941 -0.4157315194606781 0.42222926020622253
vn 0.5907739400863647 -0.7477239966392517 0.3031420111656189
vn -0.6934040784835815 0.613998532295227 -0.3770897090435028
vn -0.3561852276325226 -0.9214504361152649 -0.15511679649353027
vn -0.8633580803871155 -0.21227534115314484 -0.4577683210372925
vn 0.4636906385421753 -0.8558245897293091 0.22924937307834625
vn -0.7150284051895142 -0.1075211763381958 -0.6907774806022644
vn 0.6934044361114502 0.6139978766441345 0.3770899772644043
vn 0.35618484020233154 -0.9214506149291992 0.15511658787727356
vn 0.8633580207824707 -0.21227596700191498 0.45776838064193726
vn -0.8778116106987 -0.21227560937404633 -0.42940187454223633
vn -0.7126448154449463 0.613998293876648 -0.3393279016017914
vn -0.8919596076011658 -0.17106936872005463 -0.4185011684894562
vn -0.41260257363319397 -0.8861097097396851 -0.21111291646957397
vn 0.8651148080825806 -0.48401254415512085 0.1315607875585556
vn 0.6366031169891357 -0.7638915181159973 0.10585979372262955
vn 0.21253900229930878 -0.7170602083206177 -0.663815975189209
vn -0.334852397441864 -0.9214504957199097 -0.1969844549894333
vn -0.9010922312736511 -0.07990153878927231 -0.4262024462223053
vn -0.4872608184814453 -0.8441287875175476 -0.22365936636924744
vn -0.5973628163337708 0.7479531764984131 -0.28935056924819946
vn 0.018107375130057335 -0.6881502866744995 0.7253422141075134
vn -0.4619307219982147 0.8566784262657166 -0.22961294651031494
vn 0.7647050023078918 -0.5499309301376343 -0.33586034178733826
vn 0.855663537979126 -0.24366582930088043 0.45658162236213684
vn 0.6981867551803589 -0.6147270798683167 0.3669411838054657
vn 0.35298290848731995 0.9229167103767395 0.1537134349346161
vn 0.4131496548652649 0.8861955404281616 0.20967815816402435
vn 0.7309192419052124 0.5527480244636536 0.40028315782546997
vn -0.45983171463012695 -0.7638900279998779 -0.4527987837791443
vn -0.6149383783340454 -0.48401156067848206 -0.6225621700286865
vn 0.4121093451976776 -0.7170608043670654 -0.5621296763420105
vn -0.6893592476844788 -0.14062607288360596 -0.710639238357544
vn -0.597459614276886 -0.6881481409072876 0.41169676184654236
vn 0.06032627820968628 -0.9973115921020508 0.04159923270344734
vn -0.4121103584766388 -0.71706223487854 0.5621269345283508
vn 0.17776605486869812 -0.5499323010444641 0.8160720467567444
vn -0.8556636571884155 -0.24366559088230133 -0.4565815031528473
vn -0.6981871128082275 -0.6147267818450928 -0.36694109439849854
vn -0.352982759475708 0.922916829586029 -0.1537131816148758
vn -0.41314950585365295 0.8861955404281616 -0.209678053855896
vn 0.4598306119441986 -0.7638921141624451 0.4527966380119324
vn 0.6400786638259888 -0.5314270257949829 0.5548734664916992
vn -0.060326747596263885 -0.9973114728927612 -0.04159945622086525
vn 0.8723286390304565 -0.24366579949855804 0.42387455701828003
vn 0.7072455286979675 -0.6147269606590271 0.34916257858276367
vn 0.33183497190475464 0.9229166507720947 0.1952187716960907
vn 0.0691136047244072 -0.9973114728927612 0.02435373328626156
vn -0.0031199627555906773 -0.9993860125541687 -0.034898221492767334
vn 0.3223033845424652 -0.915132462978363 -0.24218431115150452
vn 0.5974581241607666 -0.6881486773490906 -0.41169771552085876
vn 0.18138916790485382 -0.7240004539489746 -0.6655234694480896
vn 0.4124765992164612 0.8861954808235168 0.21099944412708282
vn 0.003116792533546686 -0.999386191368103 0.03489258140325546
vn 0.3495146632194519 -0.9353944063186646 -0.05363467335700989
vn -0.18139132857322693 -0.7240020036697388 0.6655210852622986
vn 0.8733415603637695 0.18454520404338837 0.45079663395881653
vn 0.7008232474327087 0.6056155562400818 0.3769304156303406
vn 0.7008236050605774 0.6056150794029236 0.37693077325820923
vn 0.8602582216262817 -0.2757445275783539 0.42885997891426086
vn 0.6498033404350281 -0.7480022311210632 -0.13508625328540802
vn 0.32726240158081055 -0.9351540803909302 0.135595440864563
vn 0.7428159117698669 -0.5634207129478455 0.36163726449012756
vn 0.5502979159355164 -0.794152557849884 0.25786417722702026
vn 0.4434938132762909 -0.8739420175552368 0.19884321093559265
vn -0.24439068138599396 -0.9435388445854187 -0.22362391650676727
vn 0.7008238434791565 0.6056144833564758 0.37693098187446594
vn -0.10645832121372223 -0.990900993347168 -0.08235102146863937
vn 0.32726240158081055 -0.9351540803909302 0.135595440864563
vn 0.4434938132762909 -0.8739420175552368 0.19884321093559265
vn 0.864367663860321 -0.46193087100982666 -0.19871677458286285
vn 0.30630895495414734 -0.6755059957504272 0.6707208752632141
vn 0.9649016261100769 -0.1149199977517128 -0.23613189160823822
vn -0.8733415007591248 0.18454532325267792 -0.45079663395881653
vn -0.7008233070373535 0.6056155562400818 -0.3769304156303406
vn -0.7008236050605774 0.6056150794029236 -0.37693077325820923
vn -0.8602582216262817 -0.2757442593574524 -0.428860068321228
vn -0.7428160309791565 -0.5634205937385559 -0.3616374433040619
vn -0.5502979755401611 -0.7941524386405945 -0.2578643262386322
vn -0.4434939920902252 -0.8739417791366577 -0.19884337484836578
vn -0.34951725602149963 -0.9353938102722168 0.05362919718027115
vn -0.7008238434791565 0.6056145429611206 -0.37693101167678833
vn -0.6498051285743713 -0.7480014562606812 0.1350816786289215
vn 0.10645876824855804 -0.9909010529518127 0.08235090970993042
vn -0.3272627890110016 -0.9351539611816406 -0.1355956643819809
vn -0.4434939920902252 -0.8739417791366577 -0.19884337484836578
vn 0.8780394196510315 0.18454518914222717 0.44157662987709045
vn 0.8526021838188171 -0.27574411034584045 0.4438861012458801
vn 0.7168771028518677 0.605614960193634 0.34542393684387207
vn 0.7168769240379333 0.6056151986122131 0.3454239070415497
vn -0.306309312582016 -0.6755038499832153 -0.6707229614257812
vn -0.815546452999115 -0.5070969462394714 -0.27881285548210144
vn 0.5320743918418884 -0.7941517233848572 0.2936321496963501
vn 0.7168773412704468 0.6056147217750549 0.34542396664619446
vn 0.7291873693466187 -0.5634200572967529 0.38838598132133484
vn 0.8098612427711487 0.39552754163742065 0.43322375416755676
vn 0.46996957063674927 0.8422956466674805 0.2639443278312683
vn 0.5945391058921814 0.7352623343467712 0.32544195652008057
vn 0.8713358640670776 -0.18721641600131989 0.4535679817199707
vn 0.6870515942573547 -0.6433568596839905 0.33771586418151855
vn 0.3971518874168396 -0.8992829322814941 0.18319520354270935
vn 0.8632017374038696 -0.21899719536304474 0.45488786697387695
vn -0.7951769828796387 -0.09082414209842682 0.5995370745658875
vn -0.07829082757234573 -0.9943950176239014 -0.07105705887079239
vn 0.4636906385421753 -0.8558245897293091 0.22924937307834625
vn 0.3971518874168396 -0.8992829322814941 0.18319520354270935
vn -0.8098611235618591 0.3955276906490326 -0.43322375416755676
vn -0.5945391058921814 0.7352623343467712 -0.32544201612472534
vn -0.8713359236717224 -0.18721610307693481 -0.45356789231300354
vn -0.6870518326759338 -0.6433565616607666 -0.3377159535884857
vn -0.3272627890110016 -0.9351539611816406 -0.1355956643819809
vn -0.397152304649353 -0.899282693862915 -0.18319541215896606
vn 0.9579097032546997 -0.07964849472045898 -0.2757987380027771
vn 0.8693913221359253 -0.10456065833568573 0.48293450474739075
vn 0.07829036563634872 -0.9943950176239014 0.07105689495801926
vn -0.4636910855770111 -0.8558242917060852 -0.22924956679344177
vn -0.397152304649353 -0.899282693862915 -0.18319541215896606
vn 0.8265098929405212 0.3955274522304535 0.4005490243434906
vn 0.8791025280952454 -0.18721644580364227 0.43832501769065857
vn 0.6127496361732483 0.7352620959281921 0.2897023558616638
vn -0.450353741645813 -0.8659307360649109 -0.2175900638103485
vn -0.450353741645813 -0.8659307360649109 -0.2175900638103485
vn 0.026058968156576157 -0.9995193481445312 0.016795944422483444
vn -0.41260257363319397 -0.8861097097396851 -0.21111291646957397
vn -0.4872608184814453 -0.8441287875175476 -0.22365936636924744
vn -0.5318942070007324 0.8057202696800232 -0.2605828046798706
vn -0.8072429895401001 -0.3971661329269409 -0.43659815192222595
vn -0.467349112033844 -0.8441286683082581 -0.2627386748790741
vn -0.5933027863502502 -0.7370935678482056 -0.32355058193206787
vn -0.868209719657898 0.18702943623065948 -0.45959964394569397
vn -0.23982155323028564 -0.10229556262493134 0.965412437915802
vn -0.7008528709411621 -0.6071944832801819 -0.374326229095459
vn -0.5933027863502502 -0.7370935678482056 -0.32355058193206787
vn 0.6407722234725952 -0.08362068235874176 -0.7631635665893555
vn -0.6824660301208496 0.6452000141143799 -0.3434487283229828
vn -0.3207060992717743 0.9369657635688782 -0.13871820271015167
vn -0.39070963859558105 0.9007833003997803 -0.18956612050533295
vn 0.8072429299354553 -0.3971661627292633 0.436598002910614
vn 0.4673486649990082 -0.8441289067268372 0.2627386152744293
vn 0.5933030247688293 -0.737093448638916 0.3235505223274231
vn 0.8682098984718323 0.18702973425388336 0.4595993459224701
vn 0.6372909545898438 -0.1307740956544876 0.7594461441040039
vn 0.7008534669876099 -0.6071938276290894 0.3743261396884918
vn 0.5933030247688293 -0.737093448638916 0.3235505223274231
vn 0.6824660301208496 0.6452001333236694 0.3434484899044037
vn 0.32070621848106384 0.9369657635688782 0.13871820271015167
vn 0.3907098174095154 0.9007833003997803 0.18956618010997772
vn -0.995316207408905 -0.09022349119186401 -0.03471965715289116
vn -0.8277007341384888 -0.3971661627292633 -0.39644744992256165
vn 0.911251962184906 -0.1364409625530243 0.3885919749736786
vn -0.6789990663528442 0.6452001929283142 -0.35025259852409363
vn -0.8821446895599365 0.18702955543994904 -0.4322507381439209
vn -0.38301539421081543 0.900783360004425 -0.20466655492782593
vn -0.30073145031929016 0.9369658827781677 -0.1779201179742813
vn -0.7147872447967529 -0.6071943640708923 -0.34697863459587097
vn -0.7420567870140076 0.56478351354599 -0.3610695004463196
vn -0.5503767728805542 0.7952224016189575 -0.2543752193450928
vn -0.44031253457069397 0.8755816221237183 -0.19869975745677948
vn -0.8586207032203674 0.27717337012290955 -0.4312138259410858
vn -0.7008534669876099 -0.6071937084197998 -0.37432628870010376
vn -0.8731695413589478 -0.18478313088417053 -0.4510324001312256
vn -0.7008528709411621 -0.6071944832801819 -0.374326229095459
vn -0.700853168964386 -0.6071940660476685 -0.37432625889778137
vn -0.7161255478858948 -0.10431884229183197 -0.6901317238807678
vn -0.10645832121372223 -0.990900993347168 -0.08235102146863937
vn 0.8731696605682373 -0.1847826987504959 0.4510321319103241
vn 0.7008534669876099 -0.6071938276290894 0.3743261396884918
vn 0.7008535265922546 -0.6071938276290894 0.3743261992931366
vn 0.858620822429657 0.27717337012290955 0.43121370673179626
vn 0.4349546730518341 -0.08918477594852448 -0.8960248231887817
vn 0.10645876824855804 -0.9909010529518127 0.08235090970993042
vn 0.7008535265922546 -0.6071937084197998 0.3743261694908142
vn 0.4584202170372009 -0.11478794366121292 0.8812914490699768
vn 0.7420569062232971 0.5647835731506348 0.3610694110393524
vn 0.5503767728805542 0.7952224016189575 0.2543751001358032
vn 0.44031259417533875 0.8755816221237183 0.1986996978521347
vn -0.8781290054321289 -0.184782937169075 -0.44129905104637146
vn 0.5266981720924377 -0.09564803540706635 -0.8446540832519531
vn -0.7282809615135193 0.5647841691970825 -0.38810527324676514
vn -0.853543758392334 0.27717357873916626 -0.4411777853965759
vn -0.4195600748062134 0.8755819797515869 -0.2394273579120636
vn -0.5292962789535522 0.7952231168746948 -0.2957459092140198
vn -0.7147876620292664 -0.6071935892105103 -0.3469791114330292
vn 0.3386712670326233 -0.08300010859966278 -0.9372367858886719
vn 0.9579097032546997 -0.0796487107872963 -0.27579882740974426
vn 0.9448671340942383 -0.03908703848719597 0.32511278986930847
vn -0.7538917660713196 -0.048066381365060806 0.6552380323410034
vn -0.32550203800201416 -0.09049326926469803 0.9412010312080383
vn -0.7543504238128662 -0.058960627764463425 0.6538189053535461
vn 0.1898268461227417 -0.10875007510185242 0.975776195526123
vn 0.5706558227539062 -0.08809411525726318 0.8164504170417786
vn 0.0869724228978157 -0.04806634038686752 0.9950504899024963
vn 0.08654680103063583 -0.056934475898742676 0.994619607925415
vn 0.901717483997345 -0.10456114262342453 0.41949084401130676
vn 0.818399965763092 -0.03908735141158104 -0.5733181238174438
vn -0.9160938858985901 -0.10134150832891464 0.38794568181037903
vn -0.9913887977600098 -0.04806669428944588 -0.12181076407432556
vn -0.9901556968688965 -0.0685265064239502 -0.122048020362854
vn -0.3891698122024536 -0.13421517610549927 -0.9113358855247498
vn -0.949143648147583 -0.12399949133396149 0.2893965244293213
vn -0.9732252955436707 -0.04806588962674141 -0.22477152943611145
vn -0.9704024791717529 -0.08843142539262772 -0.22471937537193298
vn -0.668114960193634 -0.1663646250963211 0.7252207398414612
vn 0.2923576831817627 -0.03908654302358627 0.9555099010467529
vn 0.05843878164887428 0.9971532821655273 0.04764657840132713
vn 0.5852108001708984 0.747952938079834 0.31320083141326904
vn 0.5234556794166565 0.8057200312614441 0.2771448791027069
vn -0.5701876282691956 -0.09975835680961609 -0.8154351115226746
vn -0.08697285503149033 -0.04806601628661156 -0.9950504302978516
vn -0.08689060807228088 -0.06717254221439362 -0.9939506649971008
vn -0.9003466963768005 -0.12467251718044281 -0.41693225502967834
vn -0.8184002041816711 -0.03908688947558403 0.57331782579422
vn 0.8088720440864563 -0.1447020322084427 -0.569901168346405
vn 0.7155718803405762 -0.1163601204752922 -0.6887794733047485
vn 0.9691938757896423 -0.04806634783744812 -0.24156329035758972
vn 0.96759432554245 -0.08153922855854034 -0.23898257315158844
vn 0.26946792006492615 -0.15335412323474884 -0.9507206082344055
vn -0.6942864060401917 -0.039087049663066864 -0.7186365723609924
vn 0.6905444264411926 -0.1283055990934372 0.7118187546730042
vn -0.3982124626636505 -0.0480661578476429 -0.9160330295562744
vn -0.570656418800354 -0.088093601167202 -0.8164501190185547
vn -0.08697285503149033 -0.04806583747267723 -0.9950504302978516
vn -0.08654804527759552 -0.05693444237112999 -0.9946194887161255
vn -0.9017179012298584 -0.1045607179403305 -0.41949012875556946
vn -0.8184002041816711 -0.039086710661649704 0.57331782579422
vn 0.8076756000518799 -0.1484152227640152 -0.5706427097320557
vn -0.5941912531852722 -0.03908708691596985 0.8033735156059265
vn -0.7997878193855286 -0.0940672904253006 -0.5928665399551392
vn 0.7997876405715942 -0.0940672904253006 0.5928669571876526
vn 0.39821216464042664 -0.048066284507513046 0.916033148765564
vn 0.397553950548172 -0.062157150357961655 0.9154711365699768
vn 0.9871675968170166 -0.11487562954425812 0.11092180758714676
vn 0.5941915512084961 -0.03908690810203552 -0.8033732771873474
vn 0.3255014419555664 -0.09049337357282639 -0.9412013292312622
vn 0.7538912892341614 -0.04806635528802872 -0.6552385687828064
vn 0.7543501853942871 -0.05896061658859253 -0.65381920337677
vn -0.18982748687267303 -0.10875026136636734 -0.9757760763168335
vn -0.9448674917221069 -0.03908713161945343 -0.3251117467880249
vn 0.938679575920105 -0.12808160483837128 0.3201184868812561
vn -0.5706554055213928 -0.08809401839971542 -0.8164507150650024
vn -0.08697157353162766 -0.04806612432003021 -0.9950505495071411
vn -0.08654627203941345 -0.05693449079990387 -0.9946196675300598
vn -0.9017173647880554 -0.10456115007400513 -0.4194910228252411
vn -0.8184000849723816 -0.039087116718292236 0.5733179450035095
vn 0.8076761960983276 -0.14841507375240326 -0.5706418752670288
vn 0.8744536638259888 -0.07990182936191559 0.47848349809646606
vn 0.08697222173213959 -0.04806637391448021 0.9950504899024963
vn 0.8184003829956055 -0.039086926728487015 -0.5733175873756409
vn 0.570655345916748 -0.08809414505958557 0.8164507150650024
vn -0.1366439312696457 -0.9866350293159485 -0.0887674018740654
vn -0.37407803535461426 -0.904627799987793 -0.204240083694458
vn -0.9691939949989319 -0.04806649312376976 0.2415628731250763
vn 0.694286048412323 -0.03908711299300194 0.7186369299888611
vn -0.7155722975730896 -0.11636020988225937 0.6887790560722351
vn 0.3006855547428131 -0.03908683359622955 -0.9529220461845398
vn -0.334852397441864 -0.9214504957199097 -0.1969844549894333
vn -0.37407803535461426 -0.904627799987793 -0.204240083694458
vn 0.08697149157524109 -0.048065852373838425 0.9950505495071411
vn 0.017219675704836845 -0.03908684477210045 0.9990874528884888
vn -0.12270492315292358 -0.09783372282981873 0.9876092672348022
vn -0.6015529036521912 -0.035120073705911636 0.7980605959892273
vn -0.6008123159408569 -0.0610952191054821 0.7970519661903381
vn 0.38916996121406555 -0.13421472907066345 0.9113358855247498
vn 0.9913887977600098 -0.04806625843048096 0.12181071937084198
vn -0.9859232306480408 -0.11806309968233109 -0.11839117854833603
vn -0.6008123159408569 -0.0610952191054821 0.7970519661903381
vn -0.6015529036521912 -0.035120073705911636 0.7980605959892273
vn -0.5996655225753784 -0.08702904731035233 0.7955043911933899
vn 0.5701867341995239 -0.0997583270072937 0.8154357075691223
vn -0.22570207715034485 -0.09332936257123947 0.9697154760360718
vn -0.681676983833313 -0.03512011840939522 0.7308098673820496
vn -0.6815223097801208 -0.05707799270749092 0.7295678853988647
vn 0.2908461391925812 -0.12649112939834595 0.9483715295791626
vn 0.9732252955436707 -0.048066090792417526 0.22477127611637115
vn -0.6815223097801208 -0.05707799270749092 0.7295678853988647
vn -0.681676983833313 -0.03512011840939522 0.7308098673820496
vn -0.9909288287162781 -0.1039276272058487 0.08520014584064484
vn -0.9056905508041382 -0.03511988744139671 -0.4224821627140045
vn -0.9041937589645386 -0.06644397974014282 -0.4219229519367218
vn -0.9056905508041382 -0.03511988744139671 -0.4224821627140045
vn -0.23972992599010468 -0.09441748261451721 -0.966237485408783
vn 0.27559804916381836 -0.035120490938425064 -0.9606311917304993
vn 0.9533376693725586 -0.17363038659095764 -0.24698130786418915
vn 0.27478742599487305 -0.05814303457736969 -0.959745466709137
vn 0.27559804916381836 -0.035120490938425064 -0.9606311917304993
vn 0.273830771446228 -0.08113466948270798 -0.9583495855331421
vn 0.6681147813796997 -0.16636493802070618 -0.7252210378646851
vn 0.9704024791717529 -0.08843133598566055 0.22471953928470612
vn -0.9906564950942993 -0.10611923784017563 0.08566528558731079
vn -0.9056908488273621 -0.03512023389339447 -0.4224815368652344
vn -0.9044751524925232 -0.0684714987874031 -0.4209945499897003
vn -0.9056908488273621 -0.03512023389339447 -0.4224815368652344
vn 0.9117562770843506 -0.111211396753788 -0.395389199256897
vn 0.9929434657096863 -0.03512003645300865 0.11326911300420761
vn 0.39823341369628906 -0.14133818447589874 0.9063297510147095
vn 0.9910059571266174 -0.07297047972679138 0.11217213422060013
vn 0.9929434657096863 -0.03512003645300865 0.11326911300420761
vn 0.9876437187194824 -0.11071602255105972 0.11091389507055283
vn -0.292358934879303 -0.039086952805519104 -0.9555095434188843
vn 0.9491434693336487 -0.12399978935718536 -0.28939685225486755
vn -0.652525782585144 -0.09430556744337082 -0.7518753409385681
vn -0.190556600689888 -0.0351201556622982 -0.9810478091239929
vn 0.7395312190055847 -0.16705676913261414 -0.6520625948905945
vn -0.19153884053230286 -0.058103688061237335 -0.9797636866569519
vn -0.190556600689888 -0.0351201556622982 -0.9810478091239929
vn -0.1924193948507309 -0.0810563787817955 -0.9779594540596008
vn -0.9906563758850098 -0.10611926764249802 0.08566577732563019
vn -0.9056910276412964 -0.03512043133378029 -0.42248114943504333
vn -0.08945311605930328 -0.1327827423810959 -0.9871002435684204
vn -0.9044754505157471 -0.06847158074378967 -0.42099395394325256
vn -0.9056910276412964 -0.03512043133378029 -0.42248114943504333
vn -0.902250349521637 -0.10174630582332611 -0.4190369248390198
vn -0.07289602607488632 0.9971534013748169 -0.01927194930613041
vn 0.5949565768241882 -0.12742012739181519 -0.7935935258865356
vn 0.9901557564735413 -0.06852646917104721 0.12204756587743759
vn 0.12270474433898926 -0.09783416241407394 -0.9876092672348022
vn 0.6015524864196777 -0.03512042015790939 -0.7980608940124512
vn 0.6008121967315674 -0.06109539046883583 -0.7970520853996277
vn 0.6008121967315674 -0.06109539046883583 -0.7970520853996277
vn 0.6015524864196777 -0.03512042015790939 -0.7980608940124512
vn 0.5996657013893127 -0.08702904731035233 -0.7955042719841003
vn 0.2257024496793747 -0.09332876652479172 -0.9697155952453613
vn 0.6816777586936951 -0.03511961176991463 -0.7308091521263123
vn 0.9684659838676453 -0.11653272062540054 0.2202131301164627
vn 0.6815224289894104 -0.057077597826719284 -0.7295678853988647
vn 0.6816777586936951 -0.03511961176991463 -0.7308091521263123
vn 0.6810374855995178 -0.07900797575712204 -0.7279736995697021
vn -0.39063456654548645 -0.03908664733171463 -0.9197156429290771
vn 0.9160938262939453 -0.10134110599756241 -0.38794583082199097
vn 0.9909287095069885 -0.10392773896455765 -0.08520069718360901
vn 0.9056906700134277 -0.03511980175971985 0.4224819540977478
vn 0.9041938185691833 -0.06644392758607864 0.42192259430885315
vn 0.08852145075798035 -0.11007285863161087 0.9899737238883972
vn 0.9041938185691833 -0.06644392758607864 0.42192259430885315
vn 0.9056906700134277 -0.03511980175971985 0.4224819540977478
vn 0.9018074870109558 -0.09770269691944122 0.42094820737838745
vn 0.23973020911216736 -0.09441731125116348 0.9662373661994934
vn -0.2755979597568512 -0.03512032702565193 0.9606311917304993
vn -0.27478712797164917 -0.05814294517040253 0.959745466709137
vn -0.9533376097679138 -0.17363013327121735 0.2469816654920578
vn -0.27478712797164917 -0.05814294517040253 0.959745466709137
vn -0.2755979597568512 -0.03512032702565193 0.9606311917304993
vn -0.2738302946090698 -0.08113466203212738 0.9583497047424316
vn -0.2738302946090698 -0.08113466203212738 0.9583497047424316
vn 0.9906564950942993 -0.10611867904663086 -0.08566552400588989
vn 0.9056906700134277 -0.03511980175971985 0.4224819540977478
vn 0.9044753313064575 -0.0684712678194046 0.42099422216415405
vn 0.0894535705447197 -0.13278187811374664 0.9871003031730652
vn 0.9044753313064575 -0.0684712678194046 0.42099422216415405
vn 0.9056906700134277 -0.03511980175971985 0.4224819540977478
vn 0.9022505283355713 -0.10174630582332611 0.4190366268157959
vn -0.9117564558982849 -0.1112111508846283 0.3953888714313507
vn -0.9929433465003967 -0.03511998802423477 -0.11326984316110611
vn -0.3982336223125458 -0.14133809506893158 -0.9063297510147095
vn -0.9910058975219727 -0.07297022640705109 -0.11217234283685684
vn -0.9929433465003967 -0.03511998802423477 -0.11326984316110611
vn -0.9876437783241272 -0.11071556806564331 -0.11091358214616776
vn 0.6525260210037231 -0.09430572390556335 0.7518750429153442
vn 0.19055704772472382 -0.035120267421007156 0.9810476899147034
vn 0.1915389895439148 -0.05810379981994629 0.9797636270523071
vn 0.1915389895439148 -0.05810379981994629 0.9797636270523071
vn 0.19055704772472382 -0.035120267421007156 0.9810476899147034
vn 0.9906564354896545 -0.10611864179372787 -0.08566498756408691
vn 0.9056906700134277 -0.03511996567249298 0.4224819839000702
vn 0.9044751524925232 -0.06847116351127625 0.4209945499897003
vn 0.0894528478384018 -0.13278250396251678 0.98710036277771
vn 0.9044751524925232 -0.06847116351127625 0.4209945499897003
vn 0.9056906700134277 -0.03511996567249298 0.4224819839000702
vn 0.9022502303123474 -0.10174594819545746 0.4190373122692108
vn -0.7951174378395081 -0.09077170491218567 -0.5996237993240356
vn -0.39030879735946655 -0.06135453283786774 -0.9186374545097351
vn -0.7283967137336731 -0.08990404009819031 -0.6792316436767578
vn -0.11324890702962875 -0.10427224636077881 0.9880799651145935
vn -0.5935826301574707 -0.0731256753206253 0.8014439344406128
vn 0.4211519956588745 -0.0992986410856247 -0.9015380144119263
vn 0.8174375295639038 -0.06876526027917862 -0.5718978047370911
vn 0.7283961772918701 -0.08990350365638733 0.6792322993278503
vn 0.2928764820098877 -0.06065326929092407 0.9542245268821716
vn -0.4214763045310974 -0.08613388985395432 0.9027394652366638
vn -0.8177181482315063 -0.057280976325273514 0.5727617144584656
vn -0.954063355922699 -0.1231747418642044 -0.2731136679649353
vn -0.69272381067276 -0.08997359126806259 -0.7155686020851135
vn -0.42115193605422974 -0.09929779171943665 0.9015380144119263
vn -0.8174371123313904 -0.06876496225595474 0.5718984007835388
vn 0.6363908648490906 -0.6730266213417053 0.37688449025154114
vn -0.0035055126063525677 -0.999832034111023 0.017988894134759903
vn -0.6635292172431946 -0.7309771776199341 0.1593782752752304
vn -0.22493676841259003 -0.4920099973678589 -0.8410288691520691
vn 0.255921334028244 -0.9336461424827576 0.2506173849105835
vn 0.11278149485588074 -0.9269264936447144 -0.35789331793785095
vn 0.008849060162901878 -0.9998257756233215 -0.016436029225587845
vn -0.4696974456310272 -0.4974537491798401 -0.7293313145637512
vn 0.8109365701675415 -0.4465000629425049 0.37817931175231934
vn -0.782609760761261 -0.44649964570999146 -0.43377429246902466
vn 0.6160804629325867 -0.44478824734687805 0.6500831842422485
vn 0.8402760624885559 -0.4953063130378723 0.2204717993736267
vn -0.07384227961301804 -0.44293922185897827 -0.8935055732727051
vn 0.3939870595932007 -0.4978938698768616 -0.7725774049758911
vn 0.07383829355239868 -0.4429375231266022 0.8935067057609558
vn -0.39398953318595886 -0.49789106845855713 0.7725780010223389
vn -0.030064158141613007 -0.999386191368103 0.017982814460992813
vn -0.43180137872695923 -0.7240026593208313 0.537929117679596
vn 0.7662633061408997 -0.4429382383823395 -0.46545276045799255
vn 0.3934471011161804 -0.4978923499584198 -0.772853672504425
vn 0.8688071370124817 -0.49487945437431335 0.01638752967119217
vn 0.8880480527877808 -0.4447949230670929 0.1163104698061943
vn -0.6462935209274292 0.6798123121261597 -0.34664085507392883
vn 0.6603203415870667 0.6798120737075806 0.31911221146583557
vn -0.8880487680435181 -0.44479256868362427 -0.11631346493959427
vn -0.6603202223777771 0.6798120737075806 -0.31911227107048035
vn -0.7361146807670593 0.5716113448143005 -0.36248528957366943
vn 0.01212992426007986 -0.9999154806137085 0.004682199098169804
vn -0.39060214161872864 -0.9195455312728882 -0.043196432292461395
vn 0.7259342670440674 0.5716113448143005 0.38246580958366394
vn -0.7259340882301331 0.5716112852096558 -0.3824659287929535
vn -0.8607022166252136 0.22905907034873962 -0.454668790102005
vn 0.873742938041687 0.22905868291854858 0.42907512187957764
vn 0.6770567297935486 -0.6433566808700562 0.35733211040496826
vn -0.01213722676038742 -0.9999154210090637 -0.004673485178500414
vn 0.3905978500843048 -0.9195470213890076 0.043203484266996384
vn 0.8607022166252136 0.22905893623828888 0.45466887950897217
vn 0.8780394196510315 0.1845448911190033 0.44157660007476807
vn -0.8733415603637695 0.18454469740390778 -0.45079681277275085
vn 0.8733415603637695 0.18454451858997345 0.4507967531681061
vn 0.6967933773994446 0.6233546137809753 0.3548351526260376
vn -0.6966323852539062 0.6233549118041992 -0.35515066981315613
vn 0.696632444858551 0.6233546733856201 0.35515084862709045
vn 0.5239296555519104 -0.4948793947696686 0.6932474970817566
vn -0.3224429488182068 -0.9294173717498779 -0.17948246002197266
vn -0.010915701277554035 -0.9999154210090637 -0.007067488972097635
vn 0.3347284197807312 -0.9294177293777466 0.1553690880537033
vn -0.33473441004753113 -0.9294168949127197 -0.15536120533943176
vn 0.3019871711730957 -0.9334120750427246 -0.19376707077026367
vn -0.3147977590560913 -0.9298001527786255 -0.190719872713089
vn 0.4680771231651306 -0.09847576916217804 0.8781835436820984
vn 0.6643539667129517 -0.6774327158927917 0.31578245759010315
vn -0.5292962789535522 0.7952231168746948 -0.2957459092140198
vn 0.13263945281505585 0.9905416369438171 0.03512762486934662
vn -0.4195600748062134 0.8755819797515869 -0.2394273579120636
vn 0.7168769240379333 0.6056151986122131 0.3454239070415497
vn 0.13263945281505585 0.9905416369438171 0.03512762486934662
vn 0.7168772220611572 0.6056148409843445 0.34542393684387207
vn 0.5503767728805542 0.7952224016189575 0.2543751001358032
vn -0.7008237242698669 0.6056147813796997 -0.3769308924674988
vn -0.10638174414634705 0.9905418157577515 -0.08665967732667923
vn -0.10638174414634705 0.9905418157577515 -0.08665967732667923
vn 0.44031259417533875 0.8755816221237183 0.1986996978521347
vn -0.7008233070373535 0.6056155562400818 -0.3769304156303406
vn -0.5503767728805542 0.7952224016189575 -0.2543752193450928
vn 0.7008237242698669 0.6056147813796997 0.3769308924674988
vn 0.10638169944286346 0.9905418157577515 0.08665959537029266
vn 0.10638169944286346 0.9905418157577515 0.08665959537029266
vn -0.44031253457069397 0.8755816221237183 -0.19869975745677948
vn 0.7008232474327087 0.6056155562400818 0.3769304156303406
vn 0.5320743918418884 -0.7941517233848572 0.2936321496963501
vn 0.21803541481494904 -0.9660636186599731 0.1384977549314499
vn -0.12919747829437256 -0.9909011125564575 -0.037721652537584305
vn 0.30205944180488586 -0.9351539015769958 0.18506009876728058
vn -0.12919747829437256 -0.9909011125564575 -0.037721652537584305
vn 0.21803541481494904 -0.9660636186599731 0.1384977549314499
vn -0.7834013104438782 -0.48977649211883545 -0.38262438774108887
vn -0.6643542051315308 -0.6774324774742126 -0.31578266620635986
vn -0.714787483215332 -0.6071939468383789 -0.3469788730144501
vn -0.24020402133464813 -0.966063916683197 -0.0949871689081192
vn -0.5502979755401611 -0.7941524386405945 -0.2578643262386322
vn -0.24020402133464813 -0.966063916683197 -0.0949871689081192
vn 0.24020424485206604 -0.966063916683197 0.09498701989650726
vn 0.5502979159355164 -0.794152557849884 0.25786417722702026
vn 0.24020424485206604 -0.966063916683197 0.09498701989650726
vn 0.2361636906862259 -0.9310894012451172 0.27802735567092896
vn 0.33183497190475464 0.9229166507720947 0.1952187716960907
vn 0.4124765992164612 0.8861954808235168 0.21099944412708282
vn -0.4619307219982147 0.8566784262657166 -0.22961294651031494
vn -0.07289602607488632 0.9971534013748169 -0.01927194930613041
vn -0.6577831506729126 0.6838653087615967 -0.3156730532646179
vn -0.352982759475708 0.922916829586029 -0.1537131816148758
vn 0.6420203447341919 0.6838650107383728 0.3466099500656128
vn 0.05843878164887428 0.9971532821655273 0.04764657840132713
vn -0.41314950585365295 0.8861955404281616 -0.209678053855896
vn 0.4572770297527313 0.8566782474517822 0.23874686658382416
vn 0.35298290848731995 0.9229167103767395 0.1537134349346161
vn -0.6420199871063232 0.683865487575531 -0.3466097116470337
vn -0.5852105021476746 0.7479532361030579 -0.31320059299468994
vn -0.8744537830352783 -0.07990138232707977 -0.4784834086894989
vn -0.05843862146139145 0.9971534013748169 -0.047646407037973404
vn -0.05843862146139145 0.9971534013748169 -0.047646407037973404
vn 0.4131496548652649 0.8861955404281616 0.20967815816402435
vn -0.4572768807411194 0.8566783666610718 -0.23874680697917938
vn -0.1366439312696457 -0.9866350293159485 -0.0887674018740654
vn 0.0691136047244072 -0.9973114728927612 0.02435373328626156
vn 0.15213139355182648 -0.9866350889205933 0.058370962738990784
vn 0.35618484020233154 -0.9214506149291992 0.15511658787727356
vn -0.060326747596263885 -0.9973114728927612 -0.04159945622086525
vn 0.41331538558006287 -0.8861098289489746 0.20971336960792542
vn 0.15213139355182648 -0.9866350889205933 0.058370962738990784
vn -0.1521318405866623 -0.9866350293159485 -0.05837118253111839
vn -0.3561852276325226 -0.9214504361152649 -0.15511679649353027
vn 0.06032627820968628 -0.9973115921020508 0.04159923270344734
vn -0.4133158028125763 -0.8861096501350403 -0.20971350371837616
vn -0.1521318405866623 -0.9866350293159485 -0.05837118253111839
vn 0.32070621848106384 0.9369657635688782 0.13871820271015167
vn -0.6501855850219727 0.6730313301086426 -0.3525441288948059
vn -0.5945391058921814 0.7352623343467712 -0.32544201612472534
vn -0.6501855850219727 0.6730313301086426 -0.3525441288948059
vn -0.08339212834835052 0.9940577745437622 -0.06996280699968338
vn -0.46996957063674927 0.8422956466674805 -0.26394444704055786
vn 0.3907098174095154 0.9007833003997803 0.18956618010997772
vn 0.0833921954035759 0.9940577745437622 0.06996273994445801
vn 0.5945391058921814 0.7352623343467712 0.32544195652008057
vn 0.46996957063674927 0.8422956466674805 0.2639443278312683
vn -0.3207060992717743 0.9369657635688782 -0.13871820271015167
vn -0.39070963859558105 0.9007833003997803 -0.18956612050533295
vn 0.6127496361732483 0.7352620959281921 0.2897023558616638
vn -0.30073145031929016 0.9369658827781677 -0.1779201179742813
vn 0.10561801493167877 0.9940577745437622 0.02634270116686821
vn 0.4897768497467041 0.8422955274581909 0.22507084906101227
vn -0.38301539421081543 0.900783360004425 -0.20466655492782593
vn 0.6673839688301086 0.6730310916900635 0.31879106163978577
vn 0.6673839688301086 0.6730310916900635 0.31879106163978577
vn 0.6501856446266174 0.6730313897132874 0.3525441586971283
vn 0.6501856446266174 0.6730313897132874 0.3525441586971283
vn -0.3611253499984741 0.9087390303611755 -0.2092413306236267
vn -0.3611253499984741 0.9087390303611755 -0.2092413306236267
vn 0.3815443813800812 0.9087387919425964 0.16916783154010773
vn 0.3815443813800812 0.9087387919425964 0.16916783154010773
vn -0.381544291973114 0.9087387919425964 -0.16916786134243011
vn -0.381544291973114 0.9087387919425964 -0.16916786134243011
vn -0.7147872447967529 -0.6071943640708923 -0.34697863459587097
vn 0.10200021415948868 -0.9912328124046326 0.08398576080799103
vn -0.1035042554140091 -0.9943950772285461 -0.021572131663560867
vn 0.45801740884780884 -0.8558244109153748 0.24038441479206085
vn -0.610492467880249 -0.7370935678482056 -0.2898138761520386
vn -0.610492467880249 -0.7370935678482056 -0.2898138761520386
vn -0.1279001533985138 -0.9912328124046326 -0.03315434977412224
vn 0.12789973616600037 -0.9912328720092773 0.03315415233373642
vn -0.4567612409591675 -0.8648830056190491 -0.20819830894470215
vn -0.4567612409591675 -0.8648830056190491 -0.20819830894470215
vn 0.43691420555114746 -0.8648826479911804 0.24715182185173035
vn 0.43691420555114746 -0.8648826479911804 0.24715182185173035
vn -0.4369135797023773 -0.8648828268051147 -0.24715189635753632
vn -0.4369135797023773 -0.8648828268051147 -0.24715189635753632
vn 0.7700213193893433 -0.48977649211883545 0.40888407826423645
vn 0.30205944180488586 -0.9351539015769958 0.18506009876728058
vn 0.6459711790084839 -0.6774324178695679 0.3518615961074829
vn -0.028905505314469337 -0.9995193481445312 -0.011209842748939991
vn 0.4673486649990082 -0.8441289067268372 0.2627386152744293
vn 0.028905006125569344 -0.9995193481445312 0.011209653690457344
vn -0.467349112033844 -0.8441286683082581 -0.2627386748790741
vn 0.45158421993255615 0.8651219606399536 0.21825626492500305
vn 0.45158421993255615 0.8651219606399536 0.21825626492500305
vn -0.4420073330402374 0.8651220202445984 -0.23705139756202698
vn -0.4420073330402374 0.8651220202445984 -0.23705139756202698
vn 0.4420073926448822 0.8651220202445984 0.23705139756202698
vn 0.4420073926448822 0.8651220202445984 0.23705139756202698
vn -0.4229383170604706 0.8796985745429993 -0.2173788696527481
vn -0.4229383170604706 0.8796985745429993 -0.2173788696527481
vn 0.4244603216648102 0.8796984553337097 0.21439236402511597
vn 0.4244603216648102 0.8796984553337097 0.21439236402511597
vn 0.4572770297527313 0.8566782474517822 0.23874686658382416
vn -0.42446017265319824 0.8796985149383545 -0.2143923044204712
vn -0.42446017265319824 0.8796985149383545 -0.2143923044204712
vn -0.4572768807411194 0.8566783666610718 -0.23874680697917938
vn -0.30348318815231323 -0.944472074508667 -0.12597839534282684
vn 0.28030142188072205 -0.944472074508667 0.17147481441497803
vn -0.28030186891555786 -0.9444719552993774 -0.17147491872310638
vn 0.3245624601840973 -0.9435399770736694 0.06626889109611511
vn 0.5406661033630371 -0.7856783270835876 0.30064857006073
vn 0.42154738306999207 -0.8739416003227234 0.24191735684871674
vn 0.42154738306999207 -0.8739416003227234 0.24191735684871674
vn 0.8447878360748291 -0.3053297698497772 0.43943965435028076
vn 0.7308803796768188 -0.5710285305976868 0.37381866574287415
vn -0.8447878956794739 -0.30532947182655334 -0.4394397437572479
vn -0.7308805584907532 -0.5710281133651733 -0.37381866574287415
vn -0.8887980580329895 -0.024169418960809708 -0.4576610028743744
vn 0.8520679473876953 -0.30532968044281006 0.42515161633491516
vn 0.7320263981819153 -0.5710284113883972 0.3715696930885315
vn 0.5752686858177185 -0.7598022818565369 0.3029296398162842
vn 0.3816484212875366 -0.8992827534675598 0.21362341940402985
vn 0.3816484212875366 -0.8992827534675598 0.21362341940402985
vn 0.8926780223846436 -0.02416972443461418 0.4500464200973511
vn -0.8399848937988281 0.30524101853370667 -0.4486125707626343
vn -0.8873599767684937 0.02437947504222393 -0.46043238043785095
vn -0.8593342304229736 -0.23011332750320435 -0.45671918988227844
vn 0.8399849534034729 0.3052409291267395 0.4486125707626343
vn 0.8873600959777832 0.024379964917898178 0.4604320228099823
vn 0.8593345880508423 -0.23011277616024017 0.45671895146369934
vn -0.8745975494384766 -0.2301131933927536 -0.4267634153366089
vn -0.7806405425071716 0.4918302893638611 -0.38562074303627014
vn -0.8628553748130798 -0.17106911540031433 -0.47562164068222046
vn -0.721051812171936 -0.5724189877510071 -0.3904111385345459
vn -0.4133158028125763 -0.8861096501350403 -0.20971350371837616
vn -0.38511139154434204 -0.9046277403831482 -0.18258625268936157
vn -0.38511139154434204 -0.9046277403831482 -0.18258625268936157
vn -0.8731696605682373 -0.18478262424468994 -0.45103225111961365
vn 0.7806404829025269 0.4918304681777954 0.38562047481536865
vn 0.8731697201728821 -0.18478262424468994 0.4510321319103241
vn -0.8781289458274841 -0.18478244543075562 -0.441299170255661
vn -0.7831937074661255 0.45682427287101746 -0.42180466651916504
vn -0.5234554409980774 0.8057202696800232 -0.27714473009109497
vn 0.8628551959991455 -0.17106975615024567 0.4756217300891876
vn 0.7210515141487122 -0.5724193453788757 0.3904110789299011
vn 0.41331538558006287 -0.8861098289489746 0.20971336960792542
vn 0.385111004114151 -0.9046279191970825 0.18258607387542725
vn 0.385111004114151 -0.9046279191970825 0.18258607387542725
vn 0.7831937670707703 0.4568239450454712 0.4218047857284546
vn -0.12395422160625458 -0.11970499902963638 -0.9850412011146545
vn 0.9566552042961121 -0.09625238925218582 -0.27485671639442444
vn 0.5551581978797913 -0.13071629405021667 0.8214089274406433
vn 0.9419735074043274 -0.08638551086187363 0.32438182830810547
vn 0.9746688008308411 -0.11928409337997437 -0.1891878843307495
vn 0.4211525321006775 -0.09929849207401276 -0.9015377163887024
vn 0.6927233934402466 -0.08997362107038498 0.7155690789222717
vn 0.9540631175041199 -0.12317492067813873 0.27311405539512634
vn 0.01780230924487114 -0.06876516342163086 0.9974740743637085
vn -0.8174375891685486 -0.0687653198838234 0.5718978643417358
vn 0.593582272529602 -0.0731256902217865 -0.8014441728591919
vn -0.48181262612342834 -0.09929817914962769 0.8706299662590027
vn 0.7328073382377625 -0.1042722761631012 -0.6723992228507996
vn -0.42115217447280884 -0.09929836541414261 0.9015380144119263
vn -0.974668562412262 -0.11928422003984451 0.18918846547603607
vn 0.11324896663427353 -0.10427210479974747 -0.9880799055099487
vn -0.0000016778554936536239 1 5.5895601036581866e-8
vn -0.0000016778554936536239 1 5.5895601036581866e-8
vn -0.0000016778554936536239 1 5.5895601036581866e-8
vn 2.3397954862502957e-7 1 1.1921827081096126e-7
vn 2.3397954862502957e-7 1 1.1921827081096126e-7
vn 7.893305564721231e-7 1 9.858202787427217e-8
vn -0.022073645144701004 0.9881561398506165 -0.1518559455871582
vn -2.2134952359920135e-7 1 -1.127829065694641e-7
vn -2.2134952359920135e-7 1 -1.127829065694641e-7
vn -4.320249047395919e-8 1 -3.256142520058347e-7
vn 2.3397954862502957e-7 1 1.1921827081096126e-7
vn -2.2134952359920135e-7 1 -1.127829065694641e-7
vn 0.0000024553835373808397 1 3.667330616963227e-8
vn 0.000002332573785679415 1 2.7769974053626356e-7
vn 0.0000019000325437446008 1 5.730954555360768e-8
vn 0.0000022097642613516655 1 5.187261535866128e-7
vn 0.0000017862003005575389 1 -6.907470151418238e-10
vn 1.3494454265128297e-7 1 -5.38445590336778e-7
vn -2.2134952359920135e-7 1 -1.127829065694641e-7
vn -2.2134952359920135e-7 1 -1.127829065694641e-7
vn -4.320249047395919e-8 1 -3.256142520058347e-7
vn 4.4783377006751834e-7 1 -7.541885338469001e-8
vn -0.06414227932691574 0.8950816988945007 -0.4412647485733032
vn -0.043624646961688995 0.952904999256134 -0.30011487007141113
vn -0.043624646961688995 0.952904999256134 -0.30011487007141113
vn -0.043624646961688995 0.952904999256134 -0.30011487007141113
vn 4.912386089017673e-7 1 -9.641082669986645e-7
vn 3.684289708871802e-7 1 -7.230812002489984e-7
vn 3.130915615656704e-7 1 -7.512769570894307e-7
vn 2.4561930445088365e-7 1 -4.820541334993322e-7
vn 3.684289708871802e-7 1 -7.230812002489984e-7
vn 0 1 0
vn 0 1 0
vn -0.05630594864487648 0.9829623699188232 -0.17497047781944275
vn 0 1 0
vn 4.4783377006751834e-7 1 -7.541885338469001e-8
vn 1.2280965222544182e-7 1 -2.410270667496661e-7
vn -1.557762345782976e-7 1 3.212532817542524e-8
vn -9.16815849905106e-7 1 4.401046282964671e-8
vn -2.3366435186744638e-7 1 4.818799226313786e-8
vn -0.0000016778554936536239 1 5.5895601036581866e-8
vn -0.20642739534378052 0.7388511896133423 -0.6414722204208374
vn -0.1613086760044098 0.850124716758728 -0.501265823841095
vn -0.1613086462020874 0.850124716758728 -0.5012659430503845
vn -0.11069335043430328 0.9324300289154053 -0.343978613615036
vn -1.3530657838600746e-7 1 2.655497723935696e-7
vn -0.339338481426239 0.9340031147003174 0.11174782365560532
vn -1.1275475486627329e-7 1 2.2129165699880105e-7
vn -4.510146567326956e-8 1 8.85167636965889e-8
vn -6.765328919300373e-8 1 1.327748861967848e-7
vn -9.020293134653912e-8 1 1.770335273931778e-7
vn -6.765219495719066e-8 1 1.3277514199216967e-7
vn -1.57858409011169e-7 1 3.098078877883381e-7
vn -6.765219495719066e-8 1 1.3277514199216967e-7
vn -0.022073645144701004 0.9881561398506165 -0.1518559455871582
vn -1.804102254254758e-7 1 3.540660316048161e-7
vn -0.17254000902175903 0.9833623766899109 0.056819457560777664
vn -0.17254002392292023 0.9833622574806213 0.05681954696774483
vn -1.6791111079328402e-7 1 3.295439796602295e-7
vn -0.3393385410308838 0.9340031147003174 0.11174793541431427
vn -0.05630603805184364 0.9829623699188232 -0.17497029900550842
vn -0.11069324612617493 0.9324299097061157 -0.34397876262664795
vn -0.3393385112285614 0.9340031147003174 0.1117478758096695
vn -3.115524691565952e-7 1 6.425065635085048e-8
vn -2.89001718556392e-7 1 1.9992265620771832e-8
vn -2.6645099637789826e-7 1 -2.4266125109306813e-8
vn 2.3397954862502957e-7 1 1.1921827081096126e-7
vn 2.3397954862502957e-7 1 1.1921827081096126e-7
vn 7.893305564721231e-7 1 9.858202787427217e-8
vn 2.573718518306123e-7 1 2.9838275850124774e-7
vn 0 1 0
vn -4.1946387341340596e-7 1 1.3973900259145466e-8
vn -7.78881172891488e-8 1 1.606266408771262e-8
vn -8.389277468268119e-7 1 2.7947800518290933e-8
vn 4.912386089017673e-7 1 -9.641082669986645e-7
vn 4.912386089017673e-7 1 -9.641082669986645e-7
vn 1.3494454265128297e-7 1 -5.38445590336778e-7
vn 9.369708209305827e-7 1 5.889062322239624e-7
vn 9.389864317199681e-7 1 9.895873063214822e-7
vn 4.2338385242146614e-7 1 3.829698300705786e-7
vn -2.255073283663478e-8 1 4.425838184829445e-8
vn -9.02031018767957e-8 1 1.770334421280495e-7
vn -9.157439251339383e-9 1 1.6257965285149112e-7
vn 7.188822337411693e-8 1 1.4812584936407802e-7
vn -0.7792307138442993 0.5436850786209106 0.3117789030075073
vn -9.940893050952582e-7 1 -6.180106879583036e-7
vn 0.000001344681550108362 1 7.794578493758308e-8
vn 0.0000014505577610179898 1 7.948426059556368e-7
vn 0.000001964144757948816 1 0.0000010007789796873112
vn 0.000001708359036456386 1 0.0000010981514151353622
vn 0.0000014525733149639564 1 0.0000011955237368965754
vn 0.0000013952204653833178 1 7.666469059586234e-7
vn 6.747227132564149e-8 1 -2.69222795168389e-7
vn -4.510146567326956e-8 1 8.85167636965889e-8
vn -4.6456531777039345e-7 1 1.0249065951484226e-7
vn 9.410019856659346e-7 1 0.0000013902684941058396
vn -0.1027989536523819 0.8676781058311462 -0.48638153076171875
vn 0.003093481995165348 0.9879059791564941 -0.15502311289310455
vn 0 1 0
vn 0.000001654413154028589 1 5.393623609961651e-7
vn 0.006112138740718365 0.951916515827179 -0.30629652738571167
vn -8.840291911837994e-7 1 1.1646456243852299e-7
vn -0.6338863372802734 0.7447237372398376 0.20874539017677307
vn -0.000001897975494102866 1 -0.0000014130548606772209
vn -0.13583020865917206 0.9881559610366821 0.07139969617128372
vn -0.26844102144241333 0.9529048204421997 0.14110951125621796
vn -0.26844191551208496 0.9529045820236206 0.1411086469888687
vn 9.410019856659346e-7 1 0.0000013902684941058396
vn 9.410019856659346e-7 1 0.0000013902684941058396
vn 9.410019856659346e-7 1 0.0000013902684941058396
vn 5.854751634615241e-7 1 3.5406225151746185e-7
vn -0.2684428095817566 0.952904462814331 0.14110779762268066
vn -0.39469483494758606 0.895081102848053 0.20747506618499756
vn 4.253994347891421e-7 1 7.836509894332266e-7
vn -0.5115973949432373 0.816055178642273 0.2689276933670044
vn 1.529338931050006e-7 1 1.3367206008751964e-7
vn 0.0000024553835373808397 1 3.667330616963227e-8
vn 0.0000024553835373808397 1 3.667330616963227e-8
vn 0.000001344681550108362 1 7.794578493758308e-8
vn -8.319979656334908e-7 1 -6.469182949331298e-7
vn 5.671575991073041e-7 1 -1.4620859190017654e-8
vn -9.94704009826819e-7 1 6.007312691735933e-8
vn -0.000003705747985804919 1 -0.0000030031430924282176
vn -0.0000028018616831104737 1 -0.0000022080989765527193
vn -0.1358320415019989 0.9881559014320374 0.07139802724123001
vn -0.7130190134048462 0.650094747543335 0.26264187693595886
vn -0.494845449924469 0.8535646796226501 0.16295786201953888
vn -2.5381797286172514e-7 1 -5.847288662153005e-7
vn -2.8628642212424893e-7 1 -0.0000010566748187557096
vn -0.05630609020590782 0.982962429523468 -0.17497022449970245
vn -0.0000017358842114845174 1 -0.000001441962467652047
vn -0.0000018169298527936917 1 -0.000001427508664164634
vn -0.022074639797210693 0.9881560206413269 -0.15185672044754028
vn 0.000001117017063734238 1 -3.805480019991592e-8
vn 0.000001117017063734238 1 -3.805480019991592e-8
vn -0.3393385112285614 0.9340031147003174 0.1117478534579277
vn -8.614784974270151e-7 1 7.220618414294222e-8
vn -0.0000012583916486619273 1 4.192170166561482e-8
vn -2.255073283663478e-8 1 4.425838184829445e-8
vn -2.255073283663478e-8 1 4.425838184829445e-8
vn 0 1 0
vn -2.255073283663478e-8 1 4.425838184829445e-8
vn 1.2280965222544182e-7 1 -2.410270667496661e-7
vn 1.2280965222544182e-7 1 -2.410270667496661e-7
vn 1.2280965222544182e-7 1 -2.410270667496661e-7
vn 2.4561930445088365e-7 1 -4.820541334993322e-7
vn 1.5861445490372716e-9 1 3.9575513710587984e-7
vn 3.147247582546697e-7 1 7.272595894391998e-7
vn 9.00335635378724e-7 1 -1.4845998919099657e-7
vn 2.4561930445088365e-7 1 -4.820541334993322e-7
vn 2.4561930445088365e-7 1 -4.820541334993322e-7
vn -0.05630594864487648 0.9829623699188232 -0.17497047781944275
vn 0.0000018210071175417397 1 4.724457198790333e-7
vn 0.0000036420142350834794 1 9.448914397580666e-7
vn 1.2280965222544182e-7 1 -2.410270667496661e-7
vn -1.8856287908874947e-7 1 -4.032878919701943e-8
vn 0 1 0
vn -0.04362668842077255 0.952904462814331 -0.30011633038520813
vn -0.022075630724430084 0.9881557822227478 -0.15185748040676117
vn -0.022076666355133057 0.9881556630134583 -0.15185824036598206
vn 8.262961728178198e-7 1 5.325148322299356e-7
vn 5.7051045132539e-7 1 6.298872108345677e-7
vn 8.836490792418772e-7 1 9.613916063244687e-7
vn -0.08314051479101181 0.8160558342933655 -0.5719619989395142
vn -0.06414330005645752 0.8950812816619873 -0.44126540422439575
vn 0.0000011967877071583644 1 0.0000012928960586577887
vn -2.439002741994045e-7 1 -6.852451406302862e-8
vn 3.024733246093092e-7 1 2.0986595927752205e-7
vn 0.000001117017063734238 1 -3.805480019991592e-8
vn 8.713976171748072e-7 1 4.439980330062099e-7
vn -4.871160399488872e-7 1 1.467490449158504e-7
vn 0.000001540580910841527 1 4.813620648747019e-7
vn -0.44347769021987915 0.8785455226898193 0.1774405837059021
vn -2.456192760291742e-7 1 4.820544177164265e-7
vn -0.0000016778554936536239 1 5.5895601036581866e-8
vn -0.0000016778554936536239 1 5.5895601036581866e-8
vn 9.410019856659346e-7 1 0.0000013902684941058396
vn 9.410019856659346e-7 1 0.0000013902684941058396
vn 8.488468665746041e-7 1 4.882564326180727e-7
vn 0.0000020869545096502407 1 7.597525382152526e-7
vn 9.942073120328132e-7 1 2.0297161995586066e-7
vn 0.028463929891586304 -0.2708081007003784 0.9622123837471008
vn 0.23424780368804932 -0.26001596450805664 0.9367602467536926
vn -0.3776688575744629 -0.2904696762561798 0.8792005777359009
vn -0.9920695424079895 -0.08463866263628006 0.09292104095220566
vn -0.947081983089447 -0.14495834708213806 0.2863959074020386
vn -0.9540981650352478 -0.16388623416423798 0.25067517161369324
vn -0.090609610080719 -0.5761593580245972 -0.812299370765686
vn -0.2565023899078369 -0.23318307101726532 -0.9379937052726746
vn -0.06349480152130127 -0.39272281527519226 -0.9174623489379883
vn 0.6608961224555969 -0.21344029903411865 -0.7194855213165283
vn 0.39543893933296204 -0.2126304805278778 -0.8935414552688599
vn 0.810791552066803 -0.22595202922821045 -0.5399655103683472
vn 0.8597590923309326 -0.19274310767650604 -0.4729316532611847
vn -0.04993059113621712 -0.12195063382387161 -0.9912795424461365
vn -0.7874240279197693 -0.3024212121963501 0.5371264219284058
vn -0.7104218006134033 -0.5761601328849792 0.4041539132595062
vn -0.9124196171760559 -0.29061993956565857 0.2881501019001007
vn 0.7553423643112183 -0.25735461711883545 -0.6026827096939087
vn 0.9169804453849792 -0.2222917228937149 -0.3312603533267975
vn 0.23776096105575562 -0.22739234566688538 -0.944331705570221
vn 0.07350652664899826 -0.2358645349740982 -0.9690018892288208
vn -0.5615745782852173 -0.25934499502182007 0.7857316732406616
vn -0.3784276843070984 -0.286281555891037 0.8802472949028015
vn -0.7389999032020569 -0.24212150275707245 0.6286941766738892
vn 0.2077002078294754 -0.6163309216499329 0.7596030831336975
vn 0.32218825817108154 -0.6326977610588074 0.7041932940483093
vn -0.09854580461978912 -0.7276372909545898 0.6788466572761536
vn 0.08979639410972595 -0.5898280739784241 0.8025206923484802
vn 0.13873882591724396 -0.6622378826141357 0.7363371849060059
vn 0.13962322473526 -0.6489976048469543 0.7478686571121216
vn 0.18697944283485413 -0.7141405344009399 0.6745679378509521
vn -0.09740445762872696 -0.7188149094581604 0.6883440613746643
vn 0.09061118960380554 -0.5761580467224121 0.8123001456260681
vn 0.14039289951324463 -0.6506218314170837 0.7463117241859436
vn 0.13962458074092865 -0.6489968299865723 0.747869074344635
vn 0.18698053061962128 -0.7141399383544922 0.6745683550834656
vn 0.16082853078842163 -0.692070722579956 0.7036847472190857
vn 0.09061279147863388 -0.5761571526527405 0.8123006224632263
vn 0.14039427042007446 -0.6506210565567017 0.7463119626045227
vn -0.6871045231819153 -0.6489992737770081 0.32663029432296753
vn -0.5109357833862305 -0.7163748741149902 0.47513338923454285
vn -0.6556387543678284 -0.7141417860984802 0.24523311853408813
vn -0.6862974166870117 -0.6506230235099792 0.32509303092956543
vn -0.6878390908241272 -0.6483469605445862 0.32637980580329895
vn -0.7104217410087585 -0.5761598944664001 0.40415433049201965
vn -0.5116559267044067 -0.7185072898864746 0.47112149000167847
vn -0.6571605801582336 -0.7129029631614685 0.2447638362646103
vn -0.6862973570823669 -0.6506229639053345 0.325093537569046
vn 0.9851232767105103 -0.17089860141277313 -0.018046429380774498
vn 0.9187889695167542 -0.22360031306743622 -0.3253149390220642
vn 0.9726928472518921 -0.21039029955863953 -0.09800299257040024
vn 0.9726928472518921 -0.21039029955863953 -0.09800299257040024
vn 0.9523765444755554 -0.24817627668380737 -0.17716501653194427
vn 0.9764243364334106 -0.2043570727109909 -0.06952497363090515
vn 0.9851232767105103 -0.17089860141277313 -0.018046429380774498
vn 0.9851232767105103 -0.17089946568012238 -0.018045345321297646
vn 0.9633677005767822 -0.12739823758602142 -0.2359921634197235
vn 0.9726927280426025 -0.21039113402366638 -0.09800249338150024
vn 0.9726927280426025 -0.21039113402366638 -0.09800249338150024
vn 0.9523763060569763 -0.24817708134651184 -0.17716509103775024
vn 0.9764240980148315 -0.20435796678066254 -0.06952513754367828
vn 0.9851232767105103 -0.17089946568012238 -0.018045345321297646
vn 0.6163985133171082 -0.7708147764205933 -0.1609269678592682
vn 0.6556399464607239 -0.7141409516334534 -0.24523228406906128
vn 0.5358829498291016 -0.8090782761573792 -0.24129201471805573
vn 0.569847047328949 -0.8183472752571106 -0.07471317052841187
vn 0.6486062407493591 -0.7375571131706238 -0.1879347562789917
vn -0.2321172058582306 -0.7708154320716858 -0.5932665467262268
vn -0.2745034694671631 -0.8183478713035583 -0.504930317401886
vn 0.0020789254922419786 -0.847425639629364 -0.5309098958969116
vn -0.18697820603847504 -0.7141416668891907 -0.6745670437812805
vn -0.2291988879442215 -0.7375578880310059 -0.6351977586746216
vn 0.6163983941078186 -0.7708149552345276 -0.16092664003372192
vn 0.6556395888328552 -0.7141413688659668 -0.24523206055164337
vn 0.43980056047439575 -0.8443710207939148 -0.30596256256103516
vn 0.5698472261428833 -0.8183472156524658 -0.07471274584531784
vn 0.6486066579818726 -0.7375568747520447 -0.1879342496395111
vn -0.23211689293384552 -0.7708155512809753 -0.593266487121582
vn -0.27450263500213623 -0.8183484077453613 -0.5049299001693726
vn 0.0012657359475269914 -0.8477513194084167 -0.5303924679756165
vn -0.18697842955589294 -0.7141414284706116 -0.6745672821998596
vn -0.22919800877571106 -0.7375585436820984 -0.6351972818374634
vn 0.6145570874214172 -0.7724589109420776 -0.16008354723453522
vn 0.6545071601867676 -0.7153590321540833 -0.2447078377008438
vn 0.43761560320854187 -0.8458700180053711 -0.3049532175064087
vn 0.5672215223312378 -0.8202757239341736 -0.07353545725345612
vn 0.6468431949615479 -0.7393090128898621 -0.18712550401687622
vn 0.9843562245368958 -0.17448966205120087 -0.02441391721367836
vn 0.9719394445419312 -0.21129156649112701 -0.1033906415104866
vn 0.9719394445419312 -0.21129156649112701 -0.1033906415104866
vn 0.9519940614700317 -0.2464568018913269 -0.181566521525383
vn 0.9759508371353149 -0.204915389418602 -0.07436066120862961
vn 0.9843562245368958 -0.17448966205120087 -0.02441391721367836
vn 0.28109294176101685 -0.49590200185775757 -0.8216251730918884
vn 0.49963614344596863 -0.3438524603843689 -0.7950655221939087
vn -0.2508518397808075 -0.23461708426475525 -0.9391635656356812
vn -0.38866013288497925 -0.5015100836753845 0.7729365229606628
vn -0.7870732545852661 -0.3039393126964569 0.5367835164070129
vn -0.42664337158203125 -0.34182628989219666 0.8373352289199829
vn 0.028363334015011787 -0.30393844842910767 0.9522693753242493
vn 0.2781890630722046 -0.4960126578807831 -0.8225461840629578
vn 0.4958725571632385 -0.34197425842285156 -0.7982255220413208
vn -0.38877931237220764 -0.5007482171058655 0.7733703851699829
vn -0.42691871523857117 -0.3401508033275604 0.8378769159317017
vn 0.028293533250689507 -0.3024218678474426 0.9527541399002075
vn -0.1663074493408203 -0.49539557099342346 0.852599024772644
vn -0.3886352777481079 -0.34190595149993896 0.8556067943572998
vn -0.18444299697875977 -0.3306451737880707 0.9255563020706177
vn 0.028365377336740494 -0.3039386570453644 0.9522692561149597
vn 0.5938336849212646 -0.4758129119873047 -0.6488171219825745
vn 0.7621539235115051 -0.3224761486053467 -0.5613648295402527
vn 0.42764487862586975 -0.3357258439064026 -0.839290201663971
vn -0.6536783576011658 -0.7170329093933105 0.24200890958309174
vn -0.7841049432754517 -0.5909794569015503 0.18953321874141693
vn -0.6536785364151001 -0.7170329093933105 0.24200840294361115
vn -0.784217894077301 -0.5909861922264099 0.18904390931129456
vn 0.37611275911331177 -0.603168249130249 0.703368604183197
vn 0.1884380280971527 -0.7170319557189941 0.6710858941078186
vn 0.37578317523002625 -0.603089451789856 0.703612208366394
vn 0.1884368658065796 -0.7170324325561523 0.6710856556892395
vn 0.3739739656448364 -0.6134671568870544 0.6955583691596985
vn 0.18601377308368683 -0.7266884446144104 0.6613038778305054
vn 0.7104236483573914 -0.5761585831642151 -0.40415287017822266
vn 0.7795642018318176 -0.3927212953567505 -0.48790329694747925
vn 0.4374123811721802 -0.323119580745697 0.8392044901847839
vn 0.7090821862220764 -0.6417974829673767 -0.2920588552951813
vn 0.7097777724266052 -0.6392697691917419 -0.29588812589645386
vn -0.1780375987291336 -0.6379247903823853 -0.7492360472679138
vn -0.1796167641878128 -0.641137421131134 -0.7461102604866028
vn 0.7091944217681885 -0.6411349773406982 -0.293239027261734
vn 0.7107946872711182 -0.6379225254058838 -0.29635417461395264
vn -0.17803850769996643 -0.6379240155220032 -0.749236524105072
vn -0.1796180009841919 -0.6411364674568176 -0.7461109161376953
vn 0.7091935873031616 -0.641135573387146 -0.2932397723197937
vn 0.7107940316200256 -0.6379229426383972 -0.296354740858078
vn -0.9967459440231323 -0.077227883040905 0.02309536747634411
vn -0.9976911544799805 -0.0026311720721423626 -0.0678630918264389
vn 0.6059966683387756 -0.1398874819278717 0.7830706238746643
vn 0.4296964108943939 -0.20450814068317413 0.879509687423706
vn 0.34679827094078064 -0.11650580167770386 0.9306758046150208
vn 0.7552947998046875 -0.06903369724750519 0.6517392992973328
vn 0.6879862546920776 -0.1359788030385971 0.7128707766532898
vn 0.6509845852851868 -0.16885384917259216 0.7400725483894348
vn 0.6119064092636108 -0.2011902928352356 0.7649137377738953
vn 0.5643817186355591 -0.2100042700767517 0.7983555793762207
vn 0.42969462275505066 -0.20450761914253235 0.879510760307312
vn 0.6514112949371338 -0.17443834245204926 0.7383999824523926
vn 0.6123583316802979 -0.20858298242092133 0.7625684142112732
vn 0.6883309483528137 -0.13972242176532745 0.7118133306503296
vn 0.5648148655891418 -0.21733403205871582 0.7960842847824097
vn 0.4834899604320526 -0.2939469814300537 0.8245196342468262
vn 0.5464971661567688 -0.23704791069030762 0.8032117486000061
vn 0.5280253291130066 -0.2638368010520935 0.8072047233581543
vn 0.4837099313735962 -0.3064822852611542 0.8198129534721375
vn 0.5469120144844055 -0.24616745114326477 0.8001804351806641
vn 0.5283700227737427 -0.2747132182121277 0.8033415675163269
vn -0.9910922646522522 -0.11418955773115158 0.06853344291448593
vn -0.9820066690444946 -0.15075582265853882 0.11373420804738998
vn -0.9692694544792175 -0.14495226740837097 0.1987600028514862
vn -0.9445692300796509 -0.21865157783031464 0.2449093759059906
vn -0.962222695350647 -0.18371793627738953 0.20093601942062378
vn -0.9536774754524231 -0.2221975028514862 0.20279911160469055
vn -0.9925975799560547 -0.07849428802728653 0.09267541021108627
vn -0.9548782110214233 -0.15920500457286835 0.2507219612598419
vn -0.9971784949302673 -0.07162626087665558 0.022468257695436478
vn -0.9976449608802795 0.004800108261406422 -0.06842160224914551
vn 0.9327799677848816 0.1507166028022766 -0.3274233043193817
vn 0.9235311150550842 0.10292922705411911 -0.3694532811641693
vn 0.8745133280754089 0.14536800980567932 -0.46270352602005005
vn 0.13946270942687988 -0.7971859574317932 0.5874050855636597
vn 0.5334728956222534 -0.6341181397438049 0.5597327947616577
vn -0.02499985322356224 -0.916077196598053 0.40022188425064087
vn -0.2800135016441345 -0.8146868348121643 0.5078166723251343
vn -0.4419476389884949 -0.8449044227600098 0.30136170983314514
vn -0.5730517506599426 -0.8161818385124207 0.07388390600681305
vn -0.34689849615097046 -0.6517288684844971 0.6744709014892578
vn 0.5102435946464539 -0.7170564532279968 -0.47484904527664185
vn 0.7104246616363525 -0.5761577486991882 -0.4041522741317749
vn 0.3469335436820984 -0.6449953317642212 -0.6808950304985046
vn 0.2769359350204468 -0.8114016652107239 -0.514717161655426
vn 0.09659190475940704 -0.7193182706832886 -0.6879326701164246
vn -0.09061083942651749 -0.5761581659317017 -0.8123000860214233
vn 0.1661086529493332 -0.9298670887947083 -0.3282606601715088
vn 0.5109368562698364 -0.7163747549057007 -0.4751322269439697
vn 0.7104228138923645 -0.5761595964431763 -0.40415289998054504
vn 0.34693291783332825 -0.6449965238571167 -0.6808943748474121
vn 0.27849912643432617 -0.8103889226913452 -0.5154688954353333
vn 0.09740587323904037 -0.7188157439231873 -0.6883429884910583
vn 0.16769030690193176 -0.9292829036712646 -0.329109787940979
vn -0.002077886601909995 -0.8474250435829163 0.5309109687805176
vn 0.27450430393218994 -0.8183470368385315 0.5049312114715576
vn -0.16768957674503326 -0.9292826056480408 0.3291109502315521
vn -0.27849796414375305 -0.810388445854187 0.5154700875282288
vn -0.4397997558116913 -0.84437096118927 0.30596375465393066
vn -0.5698467493057251 -0.8183474540710449 0.0747138112783432
vn -0.34693145751953125 -0.644996166229248 0.6808953881263733
vn 0.6052739024162292 -0.6840206384658813 -0.4071354866027832
vn 0.5433753132820129 -0.6275508999824524 -0.5576048493385315
vn 0.48638468980789185 -0.7763557434082031 -0.4008762538433075
vn 0.4227871298789978 -0.7211281657218933 -0.5488399267196655
vn 0.3469337821006775 -0.6449965238571167 -0.6808938384056091
vn 0.41519781947135925 -0.8543019890785217 -0.31269609928131104
vn 0.49274829030036926 -0.8699569702148438 0.019336994737386703
vn 0.46368053555488586 -0.8733192086219788 -0.1493781954050064
vn 0.4070495367050171 -0.9063831567764282 0.11304967105388641
vn 0.25060155987739563 -0.8035376667976379 0.5399316549301147
vn 0.27450481057167053 -0.8183466196060181 0.504931628704071
vn 0.30720701813697815 -0.8684577345848083 0.38910794258117676
vn 0.2261931449174881 -0.7871090769767761 0.573843240737915
vn 0.28473490476608276 -0.8584052324295044 0.4266924560070038
vn 0.3346880376338959 -0.9038088321685791 0.2666711211204529
vn -0.006741867866367102 -0.8529993891716003 0.5218684077262878
vn -0.13172094523906708 -0.6275508403778076 0.7673523426055908
vn -0.06328406184911728 -0.750640869140625 0.6576727032661438
vn -0.3469293713569641 -0.6449978351593018 0.6808949112892151
vn -0.7204605937004089 -0.22120434045791626 0.657271146774292
vn -0.7563584446907043 -0.26265180110931396 0.5991126298904419
vn -0.8857282996177673 -0.23467537760734558 0.4005158245563507
vn -0.9826496243476868 -0.14704254269599915 0.11304126679897308
vn 0.42875340580940247 -0.20653782784938812 0.8794956803321838
vn 0.6048563718795776 -0.14370857179164886 0.7832602262496948
vn 0.6867915987968445 -0.14005164802074432 0.7132339477539062
vn 0.754211962223053 -0.07452438771724701 0.6523882746696472
vn 0.986278772354126 -0.09712670743465424 0.13349364697933197
vn 0.5569450855255127 -0.11326074600219727 -0.8227904438972473
vn 0.971989631652832 -0.15262441337108612 -0.17872343957424164
vn -0.4845086336135864 -0.004913629498332739 -0.8747726678848267
vn 0.26559537649154663 -0.13989780843257904 -0.9538803100585938
vn 0.6497942209243774 -0.17220725119113922 0.7403459548950195
vn 0.6107579469680786 -0.20382247865200043 0.7651347517967224
vn -0.31713926792144775 -0.17754146456718445 -0.9316123723983765
vn -0.35708087682724 -0.17603619396686554 -0.917335569858551
vn -0.37561535835266113 -0.12069021165370941 -0.9188836216926575
vn -0.09278108924627304 -0.23781274259090424 -0.9668695330619812
vn 0.4958725571632385 -0.34197425842285156 -0.7982255220413208
vn 0.6350009441375732 -0.2986585199832916 -0.7124442458152771
vn 0.9519940614700317 -0.2464568018913269 -0.181566521525383
vn 0.5627727508544922 -0.2146557867527008 0.798254132270813
vn 0.48266980051994324 -0.2944442927837372 0.824822723865509
vn 0.5451841950416565 -0.2399633526802063 0.8032382130622864
vn -0.4033815860748291 -0.313076913356781 0.8598058819770813
vn 0.5270643830299377 -0.26503702998161316 0.8074395060539246
vn -0.6047483086585999 -0.30807986855506897 0.7344154715538025
vn -0.9916636347770691 -0.10952764004468918 0.06787451356649399
vn -0.9700490832328796 -0.14062891900539398 0.19806107878684998
vn -0.9452524781227112 -0.21654492616653442 0.24414341151714325
vn -0.962954044342041 -0.18065674602985382 0.20020648837089539
vn -0.9542632102966309 -0.22038519382476807 0.20202013850212097
vn -0.7380232810974121 -0.24722109735012054 0.6278562545776367
vn -0.755551278591156 -0.2665495276451111 0.5984092950820923
vn -0.8850151300430298 -0.23778972029685974 0.40025514364242554
vn 0.12209778279066086 0.2176554799079895 0.9683585166931152
vn -0.1808106154203415 0.2060871720314026 0.9616837501525879
vn -0.5823282599449158 0.3773694634437561 0.7200597524642944
vn 0.26571735739707947 -0.016497697681188583 0.9639098048210144
vn -0.4621390700340271 0.215998113155365 0.8601001501083374
vn 0.5336840748786926 -0.044707342982292175 0.8445013761520386
vn 0.9859886765480042 -0.08809016644954681 0.14165619015693665
vn 0.5639734268188477 -0.11588829755783081 -0.8176208734512329
vn 0.9740782976150513 -0.14843162894248962 -0.1707029938697815
vn -0.47789499163627625 -0.01631566882133484 -0.8782654404640198
vn 0.27268052101135254 -0.14855490624904633 -0.9505665302276611
vn 0.863443911075592 -0.19372934103012085 -0.4657612144947052
vn -0.04378769174218178 -0.13395263254642487 -0.9900199174880981
vn 0.9859882593154907 -0.08809096366167068 0.14165841042995453
vn 0.8355328440666199 0.1971072256565094 -0.5128679871559143
vn 0.9959580302238464 -0.04736470803618431 -0.07631667703390121
vn 0.24025662243366241 0.3773695230484009 -0.8943539261817932
vn 0.6939101219177246 0.21624821424484253 -0.686822772026062
vn 0.9568557739257812 -0.0043047345243394375 -0.29053154587745667
vn 0.5168039202690125 0.24093957245349884 -0.8214997053146362
vn 0.2342497557401657 -0.2600163221359253 0.9367596507072449
vn -0.31101086735725403 -0.18145295977592468 -0.9329238533973694
vn -0.3514871299266815 -0.17895765602588654 -0.9189292192459106
vn -0.36915314197540283 -0.12711220979690552 -0.9206347465515137
vn -0.08725501596927643 -0.24161867797374725 -0.9664403796195984
vn 0.49963614344596863 -0.3438524603843689 -0.7950655221939087
vn 0.07874628901481628 -0.2419619858264923 -0.9670850038528442
vn 0.6379120945930481 -0.30322781205177307 -0.7078990936279297
vn 0.9523765444755554 -0.24817627668380737 -0.17716501653194427
vn 0.7573846578598022 -0.2638302743434906 -0.5972956418991089
vn -0.4028223752975464 -0.3160191774368286 0.858991265296936
vn -0.7719097137451172 -0.2854653596878052 0.5680360794067383
vn -0.059935636818408966 -0.2212422788143158 0.9733753204345703
vn -0.14733274281024933 -0.13520927727222443 0.9798017144203186
vn -0.2719695270061493 -0.24210548400878906 0.9313524961471558
vn -0.35871177911758423 -0.15325132012367249 0.920782208442688
vn 0.5228292346000671 -0.23655034601688385 -0.8189587593078613
vn 0.7621539235115051 -0.3224761486053467 -0.5613648295402527
vn 0.9995875358581543 -0.026695409789681435 -0.010585698299109936
vn 0.8946540951728821 -0.12149015814065933 -0.42992356419563293
vn 0.9896752238273621 0.0163920558989048 -0.14238746464252472
vn 0.8338662981987 -0.20360900461673737 -0.5130404233932495
vn 0.9523763060569763 -0.24817708134651184 -0.17716509103775024
vn 0.8916825652122498 -0.08836470544338226 -0.4439525604248047
vn 0.6079182028770447 -0.13280726969242096 -0.7828139662742615
vn 0.9606360197067261 0.059162724763154984 -0.2714373767375946
vn 0.9732325673103333 0.14947578310966492 0.1745719015598297
vn 0.17805005609989166 -0.12149009853601456 0.9764929413795471
vn 0.5789791941642761 -0.026695379987359047 0.8149052262306213
vn 0.4665232002735138 0.016392087563872337 0.8843570947647095
vn 0.7132835388183594 0.14947578310966492 0.6847507357597351
vn 0.34505102038383484 0.05916275456547737 0.9367174506187439
vn 0.17805016040802002 -0.12149007618427277 0.9764928817749023
vn 0.5789792537689209 -0.026695340871810913 0.8149051666259766
vn 0.46652325987815857 0.01639213040471077 0.8843570351600647
vn 0.7132836580276489 0.1494758576154709 0.6847507357597351
vn 0.3450510799884796 0.05916279926896095 0.9367173910140991
vn 0.9995875954627991 -0.02669535204768181 -0.010584906674921513
vn 0.8946548104286194 -0.12149010598659515 -0.4299221634864807
vn 0.9896754026412964 0.016392091289162636 -0.14238645136356354
vn 0.9606363773345947 0.05916273221373558 -0.2714361548423767
vn 0.9732324481010437 0.1494757980108261 0.17457237839698792
vn 0.9800443649291992 0.19478610157966614 0.039641883224248886
vn 0.6081268787384033 0.19478610157966614 0.7695713639259338
vn 0.6656531095504761 0.27651962637901306 0.6931398510932922
vn 0.490621954202652 0.23614120483398438 0.8387654423713684
vn 0.6081269979476929 0.1947861909866333 0.7695713639259338
vn 0.6656531095504761 0.2765197157859802 0.6931398510932922
vn 0.49062201380729675 0.23614126443862915 0.8387654423713684
vn 0.9800443053245544 0.19478608667850494 0.039642609655857086
vn -0.30237480998039246 -0.9523967504501343 0.038856152445077896
vn -0.02499985322356224 -0.916077196598053 0.40022188425064087
vn -0.003562690457329154 -0.9999936819076538 0.000212927334359847
vn -0.5730517506599426 -0.8161818385124207 0.07388390600681305
vn -0.4482070207595825 -0.8643786907196045 -0.2279474437236786
vn 0.5334728956222534 -0.6341181397438049 0.5597327947616577
vn 0.29328033328056335 -0.9044039845466614 0.3099035918712616
vn 0.5831066966056824 -0.7704834342002869 0.25756916403770447
vn 0.2955809533596039 -0.9545435905456543 -0.03845010697841644
vn 0.5672215223312378 -0.8202757239341736 -0.07353545725345612
vn 0.1661086529493332 -0.9298670887947083 -0.3282606601715088
vn -0.27450263500213623 -0.8183484077453613 -0.5049299001693726
vn -0.14577731490135193 -0.9532760977745056 -0.2646007239818573
vn 0.298816978931427 -0.9535059332847595 -0.03917757049202919
vn 0.16769030690193176 -0.9292829036712646 -0.329109787940979
vn 2.9134153578525e-7 -0.9999999403953552 6.509662284770457e-7
vn 0.5698472261428833 -0.8183472156524658 -0.07471274584531784
vn 0.44645413756370544 -0.8654084205627441 0.22747968137264252
vn -0.2745034694671631 -0.8183478713035583 -0.504930317401886
vn -0.1439441293478012 -0.9535062313079834 -0.2647753059864044
vn -0.4464534521102905 -0.8654090166091919 -0.22747863829135895
vn -0.29881641268730164 -0.9535060524940491 0.03917881101369858
vn -0.16768957674503326 -0.9292826056480408 0.3291109502315521
vn -0.5698467493057251 -0.8183474540710449 0.0747138112783432
vn 0.27450430393218994 -0.8183470368385315 0.5049312114715576
vn 0.1439448744058609 -0.95350581407547 0.26477646827697754
vn 0.5192464590072632 -0.8545428514480591 0.011812122538685799
vn 0.49274829030036926 -0.8699569702148438 0.019336994737386703
vn 0.4627487063407898 -0.8810333013534546 0.09820326417684555
vn 0.569847047328949 -0.8183472752571106 -0.07471317052841187
vn 0.44645434617996216 -0.8654083013534546 0.22747968137264252
vn 0.4070495367050171 -0.9063831567764282 0.11304967105388641
vn 0.43511489033699036 -0.8941516280174255 0.10567887127399445
vn 0.3722131848335266 -0.9083768725395203 0.1905486285686493
vn 0.4009954631328583 -0.897517740726471 0.18347911536693573
vn 0.30720701813697815 -0.8684577345848083 0.38910794258117676
vn 0.3346880376338959 -0.9038088321685791 0.2666711211204529
vn 0.27450481057167053 -0.8183466196060181 0.504931628704071
vn 0.37844187021255493 -0.872313916683197 0.3095970153808594
vn -0.7849586606025696 0.6192576885223389 0.01896827295422554
vn -0.6900126338005066 0.6513611674308777 0.3156126141548157
vn -0.31568753719329834 0.7186464667320251 0.6195874810218811
vn -0.7733138799667358 0.5717949867248535 0.27392709255218506
vn -0.5274155139923096 0.6196029186248779 0.5813131928443909
vn -0.15024329721927643 0.6513612270355225 -0.7437443137168884
vn -0.4460415244102478 0.6192577481269836 -0.6461941003799438
vn 0.31570056080818176 0.7186465263366699 -0.6195807456970215
vn -0.23293089866638184 0.5717950463294983 -0.7866344451904297
vn 0.16028527915477753 0.6196029782295227 -0.7683752775192261
vn -0.15024317800998688 0.6513612866401672 -0.7437443137168884
vn -0.44604143500328064 0.6192578077316284 -0.6461941003799438
vn 0.3157006800174713 0.7186465263366699 -0.6195806860923767
vn -0.2329307645559311 0.5717951059341431 -0.7866343855857849
vn 0.16028544306755066 0.6196030378341675 -0.7683753371238708
vn -0.7849587202072144 0.6192576289176941 0.018968483433127403
vn -0.6900125741958618 0.6513610482215881 0.3156127631664276
vn -0.3156871199607849 0.7186465263366699 0.6195876002311707
vn -0.7733139991760254 0.571794867515564 0.2739272713661194
vn -0.52741539478302 0.6196029782295227 0.5813133716583252
vn 0.16404879093170166 0.6495936512947083 0.7423719167709351
vn 0.4460284113883972 0.619297444820404 0.6461650729179382
vn 0.6970171332359314 0.6495936512947083 -0.3036368489265442
vn 0.784927487373352 0.6192973852157593 -0.01896161399781704
vn 0.784993052482605 0.5671936869621277 -0.24915307760238647
vn 0.5465939044952393 0.6216303110122681 -0.5610800385475159
vn 0.6970170736312866 0.6495935916900635 -0.3036368191242218
vn 0.7849275469779968 0.6192973852157593 -0.01896173134446144
vn 0.7849931120872498 0.5671936273574829 -0.24915306270122528
vn 0.5465940237045288 0.6216303110122681 -0.5610799193382263
vn 0.16404913365840912 0.6495935916900635 0.7423719167709351
vn 0.4460287094116211 0.6192973852157593 0.6461649537086487
vn -0.6053494215011597 0.3990926444530487 -0.6886777877807617
vn -0.8292572498321533 0.5375205874443054 -0.15298354625701904
vn 0.6393991708755493 0.2160898596048355 0.7378846406936646
vn 0.9137241840362549 0.09355693310499191 0.3954177498817444
vn 0.7307016849517822 0.25652071833610535 0.6326707005500793
vn -0.6111915111541748 0.5375206470489502 -0.5809615850448608
vn -0.9129675626754761 0.3990926444530487 -0.08494304865598679
vn -0.45105472207069397 0.5082255005836487 -0.7336596846580505
vn -0.7529874444007874 0.43524453043937683 -0.49353018403053284
vn 0.8066296577453613 0.29155415296554565 0.5141447186470032
vn 0.45024219155311584 0.3862806260585785 0.8050276041030884
vn 0.5549160242080688 0.43327564001083374 0.7101693153381348
vn 0.6472911238670349 0.47066789865493774 0.5995714068412781
vn 0.4526592493057251 0.5078645348548889 0.7329210042953491
vn -0.6111913919448853 0.5375206470489502 -0.5809617042541504
vn -0.9129675030708313 0.3990927040576935 -0.08494347333908081
vn -0.4510546624660492 0.5082255005836487 -0.7336596846580505
vn -0.7529873251914978 0.43524450063705444 -0.49353039264678955
vn 0.8569733500480652 0.0935569629073143 0.5067974328994751
vn 0.9727907180786133 0.2160898894071579 0.0835670456290245
vn 0.9413369297981262 0.25652071833610535 0.21927547454833984
vn -0.6053495407104492 0.39909279346466064 -0.6886776685714722
vn -0.8292573690414429 0.5375206470489502 -0.15298326313495636
vn 0.9159266948699951 0.3862806558609009 -0.108929842710495
vn 0.8900769352912903 0.29155418276786804 0.3503701984882355
vn 0.8157473206520081 0.45432767271995544 0.35797029733657837
vn 0.9132208228111267 0.39845359325408936 0.08521988242864609
vn 0.85697340965271 0.09355698525905609 0.5067975521087646
vn 0.9727906584739685 0.2160898894071579 0.08356701582670212
vn 0.9413369297981262 0.25652071833610535 0.21927547454833984
vn 0.9159266948699951 0.3862806558609009 -0.1089298278093338
vn 0.8900768756866455 0.29155418276786804 0.35037022829055786
vn 0.6393989324569702 0.21608999371528625 0.7378849387168884
vn 0.9137239456176758 0.09355705231428146 0.39541807770729065
vn 0.7307013869285583 0.2565208375453949 0.6326708197593689
vn 0.8066294193267822 0.2915543019771576 0.514145016670227
vn 0.4502418637275696 0.38628071546554565 0.8050277233123779
vn 0.9007105231285095 0.4332756996154785 0.03150925412774086
vn 0.8590120077133179 0.5078645348548889 -0.06459130346775055
vn 0.8655316829681396 0.47066792845726013 0.17125000059604645
vn 0.7690882086753845 0.45432767271995544 0.44954389333724976
vn 0.6057218909263611 0.3984537124633789 0.6887202858924866
vn 0.7680127024650574 0.3542821705341339 0.5335174202919006
vn 0.8655316829681396 0.4706679880619049 0.1712501049041748
vn 0.9007105231285095 0.4332756996154785 0.031509313732385635
vn 0.554915726184845 0.4332757592201233 0.7101694941520691
vn 0.7690882086753845 0.45432761311531067 0.44954386353492737
vn 0.6057218909263611 0.39845362305641174 0.6887203454971313
vn 0.7680127024650574 0.35428211092948914 0.5335174202919006
vn 0.8157474994659424 0.45432761311531067 0.35796985030174255
vn 0.9132208824157715 0.39845365285873413 0.08521926403045654
vn 0.07292398065328598 0.22469353675842285 -0.9716969132423401
vn -0.23321206867694855 0.24354031682014465 -0.9414351582527161
vn -0.17037060856819153 0.15082506835460663 -0.9737687706947327
vn -0.5171952843666077 0.23925314843654633 -0.821746289730072
vn -0.8987154960632324 0.24354027211666107 0.3646894693374634
vn -0.7432554960250854 0.22469355165958405 0.6301460862159729
vn -0.898715615272522 0.2435404509305954 0.36468929052352905
vn -0.7432554364204407 0.2246936857700348 0.6301460862159729
vn 0.07292427122592926 0.22469346225261688 -0.9716969132423401
vn -0.23321199417114258 0.24354031682014465 -0.9414352178573608
vn -0.170370414853096 0.15082497894763947 -0.9737688899040222
vn -0.5171953439712524 0.2392531782388687 -0.821746289730072
vn 0.8934580683708191 0.2404179871082306 -0.37938374280929565
vn 0.7434136867523193 0.2240971326828003 -0.6301718950271606
vn 0.21823328733444214 0.2404179871082306 0.9458189010620117
vn -0.07285241037607193 0.2240970879793167 0.9718400239944458
vn 0.13969159126281738 0.14536818861961365 0.9794663190841675
vn 0.2182333916425705 0.24041785299777985 0.9458189010620117
vn -0.07285217940807343 0.22409687936306 0.9718400835990906
vn 0.13969168066978455 0.1453680396080017 0.9794663786888123
vn 0.8934577107429504 0.24041782319545746 -0.37938442826271057
vn 0.7434133887290955 0.22409683465957642 -0.6301723122596741
vn 0.5253830552101135 0.1668841540813446 -0.8343394994735718
vn 0.6058774590492249 0.09439437091350555 -0.7899380326271057
vn 0.2587571144104004 0.09423521161079407 -0.961334764957428
vn -0.36618244647979736 0.16688409447669983 0.9154562950134277
vn -0.3661823272705078 0.16688400506973267 0.9154563546180725
vn 0.525382936000824 0.1668839007616043 -0.8343394994735718
vn 0.6058772802352905 0.09439410269260406 -0.78993821144104
vn 0.25875726342201233 0.09423506259918213 -0.9613347053527832
vn 0.7795631885528564 -0.39272183179855347 -0.48790448904037476
vn 0.839803159236908 -0.3624418079853058 -0.40418633818626404
vn 0.8903396725654602 -0.327973872423172 -0.3157980144023895
vn 0.8398038744926453 -0.36244139075279236 -0.40418529510498047
vn 0.8903400897979736 -0.3279736042022705 -0.3157970905303955
vn -0.21716848015785217 -0.30595025420188904 -0.9269478917121887
vn -0.14088235795497894 -0.35070911049842834 -0.9258268475532532
vn -0.06349395215511322 -0.392723947763443 -0.9174619317054749
vn 0.7795650959014893 -0.39272046089172363 -0.48790258169174194
vn 0.839152455329895 -0.36325758695602417 -0.4048047661781311
vn 0.8892374634742737 -0.32968130707740784 -0.3171229958534241
vn -0.951484203338623 0.3058226704597473 0.03391677513718605
vn -0.9366549253463745 0.3233662247657776 0.13457997143268585
vn -0.9151978492736816 0.3870268762111664 0.11235244572162628
vn -0.9534221291542053 0.2580864727497101 0.15613365173339844
vn -0.7095538377761841 0.4857975244522095 0.5104254484176636
vn -0.8586665391921997 0.5082254409790039 0.06632382422685623
vn -0.21879853308200836 -0.3042961359024048 -0.9271090030670166
vn -0.14171522855758667 -0.3499133586883545 -0.9260008335113525
vn -0.7477597594261169 0.5333078503608704 0.3955223858356476
vn -0.6228681206703186 0.5566174983978271 0.5497382283210754
vn -0.11953781545162201 0.5333080887794495 -0.8374324440956116
vn 0.07863494753837585 0.5566176176071167 -0.8270387649536133
vn -0.004122353624552488 0.4857977330684662 -0.8740615248680115
vn -0.447045236825943 0.38702690601348877 -0.8064495325088501
vn -0.4340932369232178 0.2580863833427429 -0.863107442855835
vn -0.5318295955657959 0.30582258105278015 -0.7897024154663086
vn -0.44167497754096985 0.3233661949634552 -0.8368736505508423
vn -0.4460975229740143 0.22358796000480652 0.8666056990623474
vn 0.4186376929283142 0.12253455072641373 0.8998487591743469
vn -0.32732734084129333 0.29926225543022156 0.8962693810462952
vn -0.11953795701265335 0.5333080291748047 -0.8374325037002563
vn 0.07863479852676392 0.5566176772117615 -0.8270388841629028
vn -0.004122490994632244 0.4857977330684662 -0.8740615844726562
vn 0.9740620851516724 0.12253449857234955 -0.19023245573043823
vn 0.43888911604881287 0.22358790040016174 -0.8702785968780518
vn 0.5326990485191345 0.29926222562789917 -0.7916274070739746
vn -0.44704529643058777 0.38702690601348877 -0.8064494729042053
vn 0.6154751777648926 0.36873793601989746 -0.6965792775154114
vn 0.39352327585220337 0.4913811683654785 -0.7769710421562195
vn 0.9740620851516724 0.12253448367118835 -0.19023236632347107
vn 0.4388892650604248 0.22358790040016174 -0.8702784776687622
vn 0.5326991677284241 0.2992621958255768 -0.7916272282600403
vn -0.4340933859348297 0.2580864131450653 -0.863107442855835
vn -0.5318297147750854 0.30582258105278015 -0.789702296257019
vn -0.4416750967502594 0.3233662247657776 -0.8368735909461975
vn 0.6154753565788269 0.36873793601989746 -0.6965791583061218
vn 0.3935234546661377 0.4913812279701233 -0.7769709825515747
vn -0.446097731590271 0.2235877513885498 0.8666056394577026
vn 0.4186379611492157 0.12253444641828537 0.8998486399650574
vn -0.3273274600505829 0.2992621064186096 0.8962695002555847
vn -0.951484203338623 0.3058225214481354 0.03391604125499725
vn -0.9366551041603088 0.3233661651611328 0.13457924127578735
vn -0.9151979684829712 0.387026846408844 0.11235181242227554
vn -0.9725747108459473 0.12398327142000198 0.19679057598114014
vn -0.5264902710914612 0.29784438014030457 0.7963017821311951
vn -0.9534223079681396 0.2580863833427429 0.1561328023672104
vn -0.7095537781715393 0.4857977330684662 0.5104253888130188
vn -0.8743146061897278 0.3169439733028412 0.3675874173641205
vn -0.8586664795875549 0.5082253813743591 0.06632339209318161
vn -0.21652473509311676 0.3169439435005188 -0.9233978390693665
vn -0.41245803236961365 0.12398329377174377 -0.9025001525878906
vn -0.7477596998214722 0.5333080291748047 0.39552226662635803
vn -0.6228681802749634 0.5566176772117615 0.5497381687164307
vn 0.3347584307193756 0.2978443503379822 -0.893994152545929
vn -0.16906020045280457 0.5006624460220337 0.8489733338356018
vn -0.13264335691928864 0.6216303110122681 0.7719984650611877
vn -0.2165246307849884 0.3169439435005188 -0.9233978986740112
vn -0.4124579429626465 0.12398324906826019 -0.9025002121925354
vn -0.20177723467350006 0.3687378466129303 0.9073688983917236
vn 0.33475860953330994 0.2978443503379822 -0.8939940929412842
vn 0.05917428061366081 0.4834955930709839 0.8733444213867188
vn -0.9725745320320129 0.12398342788219452 0.1967916041612625
vn -0.5264904499053955 0.29784417152404785 0.7963018417358398
vn 0.8870341777801514 0.3133794963359833 -0.33906298875808716
vn 0.6855031847953796 0.43057599663734436 -0.5871027708053589
vn 0.7413322925567627 0.4834956228733063 -0.46546587347984314
vn -0.8743144273757935 0.316943883895874 0.3675878942012787
vn 0.8870341181755066 0.3133794963359833 -0.3390630781650543
vn 0.6855031251907349 0.43057602643966675 -0.5871029496192932
vn 0.961638331413269 -0.11049970239400864 0.2510806620121002
vn 0.5346429347991943 0.17111244797706604 0.8275732398033142
vn 0.768365204334259 -0.11049974709749222 0.6304004192352295
vn 0.9837760925292969 0.17111237347126007 -0.053899768739938736
vn 0.7413321733474731 0.4834956228733063 -0.4654659628868103
vn -0.16906046867370605 0.5006625652313232 0.8489733338356018
vn -0.13264377415180206 0.6216303110122681 0.7719982862472534
vn 0.768365204334259 -0.1104997768998146 0.6304004192352295
vn 0.9837760329246521 0.1711123287677765 -0.053899701684713364
vn -0.20177730917930603 0.36873793601989746 0.9073688387870789
vn 0.059173885732889175 0.4834956228733063 0.8733444213867188
vn 0.9616383910179138 -0.1104997992515564 0.25108036398887634
vn 0.5346432328224182 0.1711123287677765 0.8275730013847351
vn 0.4752557873725891 0.5626586079597473 -0.6764222979545593
vn 0.3583255410194397 0.6113495230674744 -0.7055881023406982
vn 0.773108959197998 -0.2945975661277771 -0.5617070198059082
vn 0.9901812076568604 -0.06926685571670532 0.12142118811607361
vn 0.47525569796562195 0.5626586079597473 -0.6764224767684937
vn 0.35832542181015015 0.6113495230674744 -0.7055882215499878
vn 0.680245578289032 -0.06926688551902771 0.7297040820121765
vn -0.000009063641300599556 -0.2945975661277771 0.9556214213371277
vn 0.680245578289032 -0.0692669227719307 0.7297040820121765
vn 0.3277418315410614 -0.7302210927009583 0.5994683504104614
vn 0.2733153998851776 -0.8287180662155151 0.48839032649993896
vn 0.23105308413505554 -0.7824050188064575 0.5783224701881409
vn 0.7731079459190369 -0.29459765553474426 -0.5617084503173828
vn 0.9901813268661499 -0.06926695257425308 0.12142065167427063
vn 0.7543033957481384 -0.523819088935852 -0.3957776725292206
vn 0.7548224925994873 -0.5219897031784058 -0.3972024917602539
vn 0.7543025612831116 -0.5238198041915894 -0.3957784175872803
vn 0.7548216581344604 -0.5219902992248535 -0.39720311760902405
vn 0.33056023716926575 -0.7219489216804504 0.6078813076019287
vn 0.27696189284324646 -0.8225163221359253 0.4967484772205353
vn 0.23414845764636993 -0.7745679616928101 0.5875532627105713
vn -0.12317690253257751 -0.5238209962844849 -0.8428754210472107
vn -0.12232935428619385 -0.5219916105270386 -0.8441328406333923
vn -0.12317585200071335 -0.5238220691680908 -0.8428748846054077
vn -0.12232846021652222 -0.521992564201355 -0.8441323637962341
vn -0.6844334602355957 -0.7172747254371643 0.13064344227313995
vn -0.6129686832427979 -0.7745680212974548 0.15592890977859497
vn -0.5646719932556152 -0.8225160241127014 0.06791890412569046
vn 0.0149760777130723 -0.29636436700820923 -0.9549575448036194
vn 0.533674955368042 -0.2492983490228653 -0.8081097602844238
vn 0.6258047223091125 -0.17443343997001648 -0.7602246403694153
vn 0.2301493138074875 -0.17405965924263 -0.95746248960495
vn -0.6844846606254578 -0.7172713875770569 0.1303936243057251
vn -0.612968921661377 -0.7745679020881653 0.1559283584356308
vn -0.639324963092804 -0.17405974864959717 0.7489770650863647
vn -0.3400883674621582 -0.24929840862751007 0.9067471027374268
vn -0.2471960335969925 -0.17443346977233887 0.9531353712081909
vn -0.000008898246960598044 -0.2945975661277771 0.9556214213371277
vn -0.7637742161750793 -0.2963643968105316 0.5734257698059082
vn -0.34008848667144775 -0.24929837882518768 0.9067469835281372
vn -0.5646723508834839 -0.8225157856941223 0.0679183155298233
vn -0.6393250823020935 -0.17405976355075836 0.7489769458770752
vn -0.24719612300395966 -0.17443351447582245 0.9531353712081909
vn 0.014976520091295242 -0.2963644862174988 -0.9549574851989746
vn 0.533674418926239 -0.24929840862751007 -0.8081101179122925
vn 0.6258040070533752 -0.17443357408046722 -0.7602251172065735
vn 0.2301495373249054 -0.17405983805656433 -0.9574623703956604
vn 0.33072444796562195 -0.7219822406768799 0.6077523231506348
vn 0.2769624888896942 -0.8225162029266357 0.49674826860427856
vn 0.23414936661720276 -0.774567723274231 0.5875533223152161
vn 0.7543236017227173 -0.52420973777771 -0.3952215909957886
vn 0.7544015049934387 -0.5227385759353638 -0.3970174193382263
vn -0.7757771015167236 -0.10738218575716019 -0.6218029260635376
vn -0.9818320274353027 0.17362692952156067 0.07654793560504913
vn -0.9743897914886475 0.22031745314598083 -0.04499668627977371
vn -0.7725083827972412 -0.28276240825653076 0.5685737729072571
vn 0.045544691383838654 -0.03713544085621834 -0.9982717633247375
vn 0.05975976586341858 0.09461063146591187 -0.9937190413475037
vn 0.24670927226543427 -0.04028070718050003 -0.9682520627975464
vn 0.14064542949199677 -0.10385483503341675 -0.98459792137146
vn 0.04554431140422821 -0.03713534027338028 -0.9982718229293823
vn 0.05975942686200142 0.09461072087287903 -0.9937191009521484
vn 0.24670906364917755 -0.0402805395424366 -0.9682520627975464
vn 0.1406451165676117 -0.103854700922966 -0.9845979809761047
vn -0.7791600823402405 -0.16822855174541473 0.6038283109664917
vn -0.7149736881256104 -0.10632425546646118 0.6910194158554077
vn -0.4757082760334015 -0.04109152406454086 0.8786427974700928
vn -0.780848503112793 -0.037135280668735504 0.6236156225204468
vn -0.7791599631309509 -0.1682286411523819 0.603828489780426
vn -0.7149735689163208 -0.10632429271936417 0.6910195350646973
vn -0.4757082462310791 -0.041091438382864 0.8786427974700928
vn -0.7808484435081482 -0.03713538125157356 0.6236157417297363
vn -0.8879367113113403 0.15082518756389618 0.43453434109687805
vn -0.7688097357749939 0.09461082518100739 0.6324399709701538
vn -0.5542661547660828 0.026745108887553215 0.8319095969200134
vn -0.8879366517066956 0.15082499384880066 0.4345345199108124
vn -0.7688097357749939 0.09461070597171783 0.6324399709701538
vn -0.5542661547660828 0.026745140552520752 0.8319095969200134
vn -0.6088972687721252 -0.02075968310236931 -0.792977511882782
vn -0.6980011463165283 -0.06459516286849976 -0.7131772637367249
vn -0.5685337781906128 0.11031145602464676 -0.8152304291725159
vn -0.974511444568634 0.022239848971366882 -0.22323256731033325
vn -0.9994331002235413 -0.02075950615108013 -0.02650785632431507
vn -0.9923930168151855 0.06579073518514633 -0.10405544936656952
vn -0.9752101302146912 0.06720536202192307 0.21082863211631775
vn -0.9719021916389465 0.1514492630958557 -0.18019269406795502
vn -0.9745116233825684 0.02223966084420681 -0.22323186695575714
vn -0.9994331002235413 -0.020759737119078636 -0.026507249101996422
vn -0.9923930764198303 0.06579054892063141 -0.10405483841896057
vn -0.9752100110054016 0.06720513850450516 0.21082903444766998
vn -0.9719023108482361 0.15144911408424377 -0.18019208312034607
vn -0.6088972091674805 -0.020759541541337967 -0.7929774522781372
vn -0.6980010867118835 -0.06459502130746841 -0.7131772637367249
vn -0.568533718585968 0.11031153053045273 -0.8152304291725159
vn -0.7170486450195312 0.15144924819469452 -0.6803708672523499
vn -0.7843397855758667 0.36269497871398926 -0.5032526850700378
vn -0.6673904657363892 0.27784863114356995 -0.6909341216087341
vn -0.7757771611213684 -0.10738233476877213 -0.6218028664588928
vn -0.6656497120857239 0.06788990646600723 -0.7431697249412537
vn 0.6450386643409729 -0.7423673272132874 -0.1811518669128418
vn 0.6462593078613281 -0.740324079990387 -0.18511950969696045
vn -0.7170485854148865 0.15144924819469452 -0.6803709268569946
vn -0.7843397855758667 0.36269477009773254 -0.5032531023025513
vn -0.6673904657363892 0.27784857153892517 -0.6909342408180237
vn -0.22991029918193817 -0.7389043569564819 -0.6333731412887573
vn -0.23133161664009094 -0.7415832877159119 -0.6297140717506409
vn -0.6656496524810791 0.0678899735212326 -0.7431698441505432
vn -0.868163526058197 0.36269479990005493 -0.3387395739555359
vn -0.9512597918510437 0.27784863114356995 -0.13380946218967438
vn 0.6454252004623413 -0.741581380367279 -0.18298472464084625
vn 0.6475496888160706 -0.7389026284217834 -0.1862856149673462
vn -0.9782680869102478 0.15421609580516815 0.13859643042087555
vn -0.8681637048721313 0.36269479990005493 -0.3387392461299896
vn -0.9512598514556885 0.2778485119342804 -0.1338089406490326
vn -0.22991134226322174 -0.7389036417007446 -0.6333736181259155
vn -0.23133298754692078 -0.7415823936462402 -0.6297147274017334
vn 0.6454244256019592 -0.7415818572044373 -0.18298543989658356
vn 0.6475490927696228 -0.7389029264450073 -0.18628618121147156
vn -0.978268027305603 0.15421590209007263 0.13859684765338898
vn -0.974389910697937 0.22031769156455994 -0.04499586671590805
vn -0.9101953506469727 0.3017265498638153 -0.28373509645462036
vn -0.6091349124908447 0.22031745314598083 -0.7618497014045715
vn -0.7645462155342102 0.3017263114452362 -0.5695879459381104
vn 0.9891483783721924 -0.13633620738983154 0.054751917719841
vn 0.986446738243103 -0.16054768860340118 0.03387083858251572
vn -0.6091350317001343 0.22031748294830322 -0.761849582195282
vn -0.7645463347434998 0.3017263114452362 -0.5695876479148865
vn 0.9891483783721924 -0.13633620738983154 0.054751917719841
vn -0.9101951718330383 0.3017262816429138 -0.2837356626987457
vn 0.986278772354126 -0.09712670743465424 0.13349364697933197
vn 0.9880868792533875 -0.12906239926815033 0.08382851630449295
vn 0.983336865901947 -0.11396558582782745 0.14163516461849213
vn -0.9006273150444031 0.4214751720428467 -0.10596803575754166
vn -0.6151056885719299 0.42147505283355713 -0.6663360595703125
vn 0.9766857624053955 -0.09004395455121994 0.19487683475017548
vn 0.9666640162467957 -0.06581157445907593 0.2474459558725357
vn -0.6151058077812195 0.4214751422405243 -0.6663360595703125
vn 0.9849483966827393 -0.1624501496553421 0.059046633541584015
vn -0.5840889811515808 -0.02434023842215538 -0.8113246560096741
vn -0.4845086336135864 -0.004913629498332739 -0.8747726678848267
vn -0.6240350008010864 0.0066763306967914104 -0.7813678979873657
vn -0.5421248078346252 -0.05527270957827568 -0.8384782075881958
vn -0.5036303997039795 -0.10134614259004593 -0.857954204082489
vn -0.9006273150444031 0.4214750826358795 -0.10596854984760284
vn -0.4694136679172516 -0.06078903004527092 -0.8808834552764893
vn 0.6865915060043335 -0.6496620774269104 -0.3263912498950958
vn -0.5688415765762329 0.49872076511383057 0.6539854407310486
vn -0.5688415765762329 0.49872082471847534 0.653985321521759
vn -0.1396225392818451 -0.6489981412887573 -0.7478682994842529
vn -0.5979751944541931 0.36706116795539856 0.7125248312950134
vn 0.31157544255256653 0.43245771527290344 -0.8461093902587891
vn 0.22496388852596283 0.3670613765716553 -0.9025835990905762
vn 0.3115752637386322 0.43245768547058105 -0.8461094498634338
vn 0.2249637097120285 0.3670613467693329 -0.9025835990905762
vn -0.5979750752449036 0.3670613765716553 0.7125248312950134
vn 0.6871054768562317 -0.6489987969398499 -0.32662928104400635
vn -0.1396218240261078 -0.6489988565444946 -0.7478678226470947
vn 0.6871060729026794 -0.6489980816841125 -0.3266293704509735
vn 0.7114992737770081 -0.6089102029800415 -0.35070928931236267
vn 0.23462146520614624 -0.6087471842765808 0.757878303527832
vn 0.4108560085296631 -0.481375128030777 0.7742579579353333
vn 0.23598231375217438 -0.5966657400131226 0.7670086026191711
vn 0.41148483753204346 -0.46894943714141846 0.7815155982971191
vn -0.7521409392356873 -0.5873787999153137 0.2987813651561737
vn -0.860760509967804 -0.44733715057373047 0.24285966157913208
vn 0.23615728318691254 -0.5967238545417786 0.766909658908844
vn 0.4119780361652374 -0.4690822958946228 0.7811759114265442
vn -0.7522193789482117 -0.5873991847038269 0.29854345321655273
vn -0.8609464168548584 -0.4473646581172943 0.24214865267276764
vn -0.9123860597610474 -0.23450466990470886 0.33549830317497253
vn -0.9121503233909607 -0.2905641496181488 0.2890574336051941
vn -0.9345319271087646 -0.2568254768848419 0.24635480344295502
vn -0.13458414375782013 -0.6082161068916321 -0.782278835773468
vn 0.336806982755661 -0.2657167911529541 0.9033026695251465
vn 0.7119837403297424 -0.6082156896591187 -0.3509312570095062
vn 0.437465637922287 -0.3372476100921631 0.833599328994751
vn 0.3370412588119507 -0.2696036100387573 0.9020626544952393
vn -0.134583979845047 -0.6082163453102112 -0.7822787165641785
vn 0.6663516759872437 -0.14089620113372803 0.7322046160697937
vn 0.6216166019439697 -0.1508128046989441 0.7686665654182434
vn 0.6484743356704712 -0.12075509876012802 0.7515978813171387
vn 0.6740894317626953 -0.0904659852385521 0.7330889105796814
vn 0.6666797399520874 -0.14462074637413025 0.7311791777610779
vn 0.7552934885025024 -0.0690329298377037 0.6517409086227417
vn 0.6219442486763 -0.15451878309249878 0.7676647305488586
vn 0.711983859539032 -0.6082153916358948 -0.3509315550327301
vn 0.6486663222312927 -0.12261472642421722 0.7511309385299683
vn 0.6740874648094177 -0.09046477824449539 0.733090877532959
vn -0.9914237856864929 -0.03237342834472656 0.12661226093769073
vn -0.9947719573974609 0.005387812852859497 0.10197922587394714
vn -0.986049473285675 -0.07006850838661194 0.15098650753498077
vn -0.9950085282325745 -0.07465669512748718 0.0662156343460083
vn -0.9131012558937073 -0.23185810446739197 0.3353922367095947
vn -0.9349910616874695 -0.25595417618751526 0.24551831185817719
vn 0.9895670413970947 -0.13002227246761322 0.062058087438344955
vn 0.9867192506790161 -0.15766049921512604 0.03909406438469887
vn 0.43676066398620605 -0.3229276239871979 0.8396176695823669
vn 0.23369047045707703 -0.2602337598800659 0.9368389248847961
vn 0.33607247471809387 -0.26623016595840454 0.9034250378608704
vn 0.9895670413970947 -0.13002227246761322 0.062058087438344955
vn 0.9859882593154907 -0.08809096366167068 0.14165841042995453
vn 0.9882530570030212 -0.12311234325170517 0.0905502662062645
vn 0.9831165075302124 -0.10874242335557938 0.14716261625289917
vn 0.9761119484901428 -0.08366502821445465 0.20051388442516327
vn 0.9656670093536377 -0.058292753994464874 0.25315845012664795
vn 0.9855861067771912 -0.15681549906730652 0.0634729191660881
vn 0.9895672798156738 -0.13002143800258636 0.06205642968416214
vn 0.9867193102836609 -0.15765954554080963 0.03909431770443916
vn 0.9895672798156738 -0.13002143800258636 0.06205642968416214
vn 0.9859886765480042 -0.08809016644954681 0.14165619015693665
vn 0.9882531762123108 -0.12311144918203354 0.09054926782846451
vn 0.983116626739502 -0.10874142497777939 0.14716297388076782
vn 0.976111888885498 -0.08366398513317108 0.20051425695419312
vn 0.9656669497489929 -0.05829169973731041 0.2531588673591614
vn 0.9855862855911255 -0.15681491792201996 0.06347290426492691
vn -0.5792718529701233 -0.030873171985149384 -0.814549446105957
vn -0.47789499163627625 -0.01631566882133484 -0.8782654404640198
vn -0.6194940805435181 -0.0005302088684402406 -0.7850011587142944
vn -0.5370734930038452 -0.06111081317067146 -0.8413189053535461
vn -0.49957919120788574 -0.10674218833446503 -0.8596667647361755
vn -0.46330365538597107 -0.06868940591812134 -0.8835335969924927
vn -0.6187474727630615 -0.7690683603286743 0.16026704013347626
vn -0.6163977384567261 -0.7708151936531067 0.1609276980161667
vn 0.23211903870105743 -0.7708139419555664 0.5932678580284119
vn -0.6168132424354553 -0.7709171175956726 0.15883435308933258
vn -0.6152548789978027 -0.7720724940299988 0.15926510095596313
vn 0.23279276490211487 -0.7720715999603271 0.591365396976471
vn 0.23211824893951416 -0.7708144783973694 0.5932674407958984
vn 0.232791930437088 -0.7720720171928406 0.5913650393486023
vn 0.43137770891189575 -0.6386595368385315 0.6372026205062866
vn 0.36619076132774353 -0.6925976872444153 0.6214601993560791
vn 0.9600855112075806 -0.2481115758419037 -0.12913769483566284
vn 0.9835116267204285 -0.18061429262161255 0.009122942574322224
vn 0.960085391998291 -0.24811139702796936 -0.12913817167282104
vn 0.983511745929718 -0.18061372637748718 0.009122882969677448
vn 0.9833043813705444 -0.18132875859737396 -0.015242395922541618
vn 0.9833046197891235 -0.18132784962654114 -0.015242188237607479
vn -0.9872473478317261 -0.06459502130746841 -0.14549987018108368
vn -0.9590394496917725 -0.10738220810890198 -0.2621305286884308
vn 0.9587451219558716 -0.25175124406814575 -0.13201968371868134
vn 0.9827157855033875 -0.1850569099187851 0.00486554391682148
vn -0.9050785303115845 -0.119268998503685 0.40817609429359436
vn -0.9872473478317261 -0.06459523737430573 -0.14549915492534637
vn -0.9590396285057068 -0.10738243162631989 -0.2621297538280487
vn -0.4579469561576843 -0.13165707886219025 -0.8791762590408325
vn -0.3670937418937683 -0.20612233877182007 -0.9070587754249573
vn -0.4527285695075989 -0.11645851284265518 -0.8840103149414062
vn -0.9050784111022949 -0.11926915496587753 0.4081764221191406
vn -0.4537751078605652 -0.13632936775684357 -0.8806262016296387
vn -0.36405956745147705 -0.20961998403072357 -0.907480001449585
vn -0.44732996821403503 -0.12085818499326706 -0.8861654996871948
vn 0.9828949570655823 -0.18304741382598877 -0.020279908552765846
vn -0.4056054353713989 -0.14650045335292816 -0.9022315740585327
vn -0.4000909924507141 -0.15016405284404755 -0.9040894508361816
vn 0.6649710536003113 -0.14601266384124756 0.7324573993682861
vn 0.6198058128356934 -0.1579536348581314 0.7686946392059326
vn 0.6466408371925354 -0.12914128601551056 0.7517833709716797
vn 0.6722884178161621 -0.10009181499481201 0.7334915995597839
vn -0.9917340278625488 -0.024717826396226883 0.1259068101644516
vn -0.9947605133056641 0.014134245924651623 0.10125099122524261
vn -0.9865987300872803 -0.06351733952760696 0.15029491484165192
vn -0.9954780340194702 -0.06871728599071503 0.06558603793382645
vn -0.9818319082260132 0.173627108335495 0.07654885947704315
vn -0.5151776075363159 0.17362689971923828 -0.8393126130104065
vn -0.8960165977478027 0.10103097558021545 -0.43237394094467163
vn -0.5151777267456055 0.17362694442272186 -0.8393125534057617
vn -0.8960167765617371 0.1010308638215065 -0.43237340450286865
vn 0.8369335532188416 0.0548679381608963 -0.5445473194122314
vn 0.7863075137138367 -0.16702736914157867 -0.5948296785354614
vn 0.8459416031837463 -0.07954991608858109 -0.5273088812828064
vn 0.7857109904289246 -0.03652653470635414 -0.617514431476593
vn 0.9349316954612732 -0.031408507376909256 -0.35343503952026367
vn 0.9713664650917053 0.14881177246570587 -0.18520869314670563
vn 0.9669557809829712 0.23614120483398438 -0.0960930809378624
vn 0.263604998588562 -0.031408458948135376 0.9641192555427551
vn 0.07063113152980804 -0.07954983413219452 0.9943253397941589
vn -0.03774947300553322 -0.03652646765112877 0.9986194372177124
vn -0.01904635690152645 -0.1670272946357727 0.9857682585716248
vn 0.4211185574531555 0.14881178736686707 0.8947145938873291
vn 0.24394471943378448 0.1029292568564415 0.964311420917511
vn 0.05138995870947838 0.05486798286437988 0.9971702694892883
vn 0.2636050581932068 -0.03140842542052269 0.9641191959381104
vn 0.07063118368387222 -0.07954979687929153 0.9943254590034485
vn -0.037749506533145905 -0.036526359617710114 0.9986193776130676
vn -0.019046293571591377 -0.16702726483345032 0.9857683777809143
vn 0.4211186170578003 0.14881183207035065 0.8947145938873291
vn 0.24394473433494568 0.10292936861515045 0.9643114805221558
vn 0.051389895379543304 0.05486811697483063 0.9971702694892883
vn 0.9327803254127502 0.15071669220924377 -0.3274223506450653
vn 0.9235315918922424 0.10292932391166687 -0.3694523274898529
vn 0.8745136857032776 0.14536817371845245 -0.4627027213573456
vn 0.8369340896606445 0.054868120700120926 -0.5445464253425598
vn 0.7863084077835083 -0.16702722012996674 -0.5948284864425659
vn 0.8459423184394836 -0.07954978942871094 -0.5273076891899109
vn 0.7857117056846619 -0.036526333540678024 -0.6175134778022766
vn 0.9349321722984314 -0.03140847757458687 -0.3534337282180786
vn 0.9713667035102844 0.14881174266338348 -0.18520759046077728
vn 0.966955840587616 0.2361411452293396 -0.0960921198129654
vn 0.8164066672325134 0.37533989548683167 0.43886226415634155
vn 0.8504266142845154 0.32505327463150024 0.4136601984500885
vn 0.8830512762069702 0.35428211092948914 0.30774134397506714
vn 0.93611079454422 0.25404152274131775 0.24322715401649475
vn 0.8494407534599304 0.05602148547768593 0.5247017741203308
vn 0.9453662037849426 -0.008540862239897251 0.32589825987815857
vn 0.9764575362205505 0.019669732078909874 0.21481089293956757
vn 0.9500855803489685 0.12236735224723816 0.2869906723499298
vn 0.8672266006469727 0.1941336691379547 0.4585084617137909
vn 0.8806842565536499 0.1941336989402771 0.43209633231163025
vn 0.7906267642974854 0.12236736714839935 0.5999463200569153
vn 0.7477330565452576 0.01966974325478077 0.663707971572876
vn 0.8849984407424927 0.3842345178127289 0.26294761896133423
vn 0.834526538848877 0.32505330443382263 0.44486597180366516
vn 0.7470071911811829 0.25404152274131775 0.614363968372345
vn 0.8806842565536499 0.1941336989402771 0.4320964217185974
vn 0.7906267642974854 0.12236739695072174 0.5999463796615601
vn 0.7477331161499023 0.0196697935461998 0.6637079119682312
vn 0.8849984407424927 0.38423454761505127 0.262947678565979
vn 0.834526538848877 0.325053334236145 0.44486597180366516
vn 0.7470071911811829 0.2540415823459625 0.614363968372345
vn 0.8164064288139343 0.37533998489379883 0.4388626515865326
vn 0.8504264950752258 0.3250533938407898 0.41366061568260193
vn 0.8830510377883911 0.35428211092948914 0.30774176120758057
vn 0.9361106753349304 0.25404155254364014 0.24322763085365295
vn 0.9764575362205505 0.0196697898209095 0.214811310172081
vn 0.950085461139679 0.12236741185188293 0.28699105978012085
vn 0.8672264814376831 0.19413381814956665 0.45850881934165955
vn 0.7329180836677551 0.38423463702201843 0.5614221692085266
vn 0.647290825843811 0.4706679880619049 0.5995715856552124
vn 0.7329183220863342 0.3842344880104065 0.5614218711853027
vn 0.8590119481086731 0.5078645348548889 -0.06459123641252518
vn 0.8579497337341309 0.4809357225894928 -0.18061822652816772
vn 0.843114972114563 0.260578453540802 -0.4703785479068756
vn 0.9383389353752136 0.2197817862033844 -0.26686349511146545
vn 0.9545338749885559 0.25697576999664307 -0.15109111368656158
vn 0.11239758878946304 0.5705337524414062 0.8135464787483215
vn 0.16062869131565094 0.5290411710739136 0.8332549929618835
vn 0.25983840227127075 0.5671936869621277 0.781521201133728
vn 0.3581670820713043 0.4809356927871704 0.800260603427887
vn 0.11502625793218613 0.26057836413383484 0.958575963973999
vn 0.33564460277557373 0.21978174149990082 0.9159905314445496
vn 0.24707774817943573 0.3133794665336609 0.9169220328330994
vn 0.4388256371021271 0.2569757103919983 0.8610432744026184
vn 0.3512650430202484 0.3524438440799713 0.8674077391624451
vn 0.1544080227613449 0.4017733335494995 0.9026274681091309
vn -0.03704208508133888 0.5571891069412231 0.8295589685440063
vn 0.8431151509284973 0.260578453540802 -0.47037848830223083
vn 0.9383389949798584 0.2197817862033844 -0.2668633759021759
vn 0.9545338749885559 0.25697576999664307 -0.1510910838842392
vn 0.8209997415542603 0.4017733633518219 -0.40563225746154785
vn 0.9082159996032715 0.3524439036846161 -0.22567003965377808
vn 0.6493546366691589 0.5571891665458679 -0.5175701379776001
vn 0.7685325741767883 0.5290411114692688 -0.359823614358902
vn 0.8579497933387756 0.4809356927871704 -0.18061822652816772
vn 0.9082159996032715 0.3524439036846161 -0.22567008435726166
vn 0.8209996819496155 0.4017733931541443 -0.4056324064731598
vn 0.6493545174598694 0.5571891665458679 -0.5175702571868896
vn 0.7685325741767883 0.5290412306785583 -0.35982370376586914
vn 0.11239723116159439 0.5705338716506958 0.8135465979576111
vn 0.1606283187866211 0.5290412306785583 0.8332550525665283
vn 0.2598380446434021 0.5671937465667725 0.7815213203430176
vn 0.35816672444343567 0.4809357821941376 0.8002607226371765
vn 0.1150260642170906 0.2605784237384796 0.9585758447647095
vn 0.33564433455467224 0.21978183090686798 0.9159906506538391
vn 0.24707740545272827 0.31337952613830566 0.9169220328330994
vn 0.4388253390789032 0.25697582960128784 0.861043393611908
vn 0.35126471519470215 0.3524439334869385 0.8674078583717346
vn 0.15440763533115387 0.4017733633518219 0.9026274681091309
vn -0.03704250231385231 0.5571891665458679 0.8295590281486511
vn -0.29948586225509644 0.43738189339637756 0.8479418754577637
vn -0.42610251903533936 0.36122798919677734 0.8294280767440796
vn -0.3972755968570709 0.49138110876083374 0.7750591039657593
vn -0.5023739337921143 0.4351220726966858 0.7471874356269836
vn -0.5189436078071594 0.531509518623352 0.6694738268852234
vn -0.4141853451728821 0.587272047996521 0.6953862309455872
vn -0.3602144122123718 0.6113495230674744 0.70462566614151
vn -0.4245389997959137 0.6738671064376831 0.6047061681747437
vn -0.2260419875383377 0.6757489442825317 0.7016183137893677
vn -0.299485981464386 0.4373820126056671 0.8479417562484741
vn -0.4261024594306946 0.3612281084060669 0.8294280767440796
vn -0.3972756564617157 0.49138113856315613 0.7750590443611145
vn -0.5023739337921143 0.43512222170829773 0.7471874952316284
vn -0.5189436674118042 0.5315095782279968 0.6694738268852234
vn -0.414185494184494 0.5872721076011658 0.6953861117362976
vn -0.4245392680168152 0.6738671064376831 0.6047059893608093
vn -0.4653172492980957 -0.16446326673030853 0.8697307705879211
vn -0.4210820496082306 -0.20681390166282654 0.8831295967102051
vn -0.4450818598270416 -0.06757313758134842 0.8929367661476135
vn -0.37559086084365845 -0.24884895980358124 0.8927518129348755
vn 0.9837126135826111 -0.0887499749660492 -0.15631012618541718
vn 0.962299644947052 -0.06600154936313629 -0.2638617753982544
vn 0.9928733110427856 -0.10938908904790878 -0.04729212075471878
vn 0.9502695798873901 -0.1874396800994873 -0.24870488047599792
vn 0.893765926361084 -0.20928522944450378 -0.39671409130096436
vn 0.9825444221496582 -0.1601448804140091 -0.09465829282999039
vn 0.33113130927085876 -0.13607880473136902 0.9337209463119507
vn 0.4278233051300049 -0.15866443514823914 0.8898274302482605
vn 0.025618841871619225 -0.14838391542434692 0.9885979890823364
vn 0.23053652048110962 -0.1118893176317215 0.9666094183921814
vn -0.28274300694465637 -0.14250652492046356 0.9485506415367126
vn -0.38098257780075073 -0.11263629794120789 0.9176956415176392
vn -0.9909390211105347 -0.07514631003141403 0.1113232895731926
vn -0.9893823266029358 -0.06562162935733795 0.1296776533126831
vn -0.9384716153144836 -0.12578646838665009 0.32163456082344055
vn -0.7205948829650879 -0.16598603129386902 0.6731951236724854
vn -0.9391693472862244 -0.09216167032718658 0.33085834980010986
vn -0.8491194248199463 -0.07099275290966034 0.5234082937240601
vn -0.18125317990779877 -0.1707385778427124 0.9685016870498657
vn -0.8480402231216431 -0.14914098381996155 0.5085121989250183
vn -0.5619075894355774 -0.21374602615833282 0.7991073727607727
vn -0.3792172074317932 -0.211523175239563 0.9008064866065979
vn 0.026786476373672485 -0.221012681722641 0.9749029874801636
vn -0.37885648012161255 -0.24535654485225677 0.8923385143280029
vn -0.8471510410308838 -0.18053504824638367 0.49974215030670166
vn -0.7200738787651062 -0.20287306606769562 0.6635782718658447
vn 0.6059950590133667 -0.13988682627677917 0.7830719351768494
vn 0.5207535028457642 -0.17316441237926483 0.8359605073928833
vn 0.4289758503437042 -0.18265430629253387 0.8846564888954163
vn 0.23330293595790863 -0.2174791842699051 0.9477723836898804
vn -0.17994530498981476 -0.23836438357830048 0.9543594717979431
vn 0.23417600989341736 -0.24294544756412506 0.9413496255874634
vn -0.178632915019989 -0.2664262652397156 0.9471574425697327
vn 0.02779904007911682 -0.2459922879934311 0.9688730835914612
vn -0.3777362108230591 -0.27245014905929565 0.884921669960022
vn -0.7193528413772583 -0.22750994563102722 0.6563313007354736
vn -0.5605798959732056 -0.2646884322166443 0.7846593260765076
vn 0.35941171646118164 0.022409331053495407 -0.9329099655151367
vn 0.44712716341018677 -0.10852847248315811 -0.8878619074821472
vn 0.49035337567329407 -0.05596229434013367 -0.8697250485420227
vn 0.5347644686698914 -0.0019101959187537432 -0.8449989557266235
vn -0.9429752826690674 -0.1354009062051773 0.30407923460006714
vn 0.948137640953064 -0.18880988657474518 -0.2557063698768616
vn 0.8910713791847229 -0.20814847946166992 -0.4033187925815582
vn 0.9811753034591675 -0.16405905783176422 -0.10188043117523193
vn -0.3824528157711029 -0.10954244434833527 0.9174585938453674
vn -0.2842954099178314 -0.13994918763637543 0.9484673738479614
vn -0.5649070739746094 -0.1378183662891388 0.8135637044906616
vn -0.722006618976593 -0.15990859270095825 0.6731535196304321
vn -0.8499543070793152 -0.06450716406106949 0.522892415523529
vn 0.3291531801223755 -0.14014621078968048 0.9338186383247375
vn -0.18286266922950745 -0.16874359548091888 0.9685488939285278
vn 0.228953555226326 -0.11336037516593933 0.9668142199516296
vn 0.42624202370643616 -0.16118717193603516 0.8901327252388
vn -0.8491638898849487 -0.1422082781791687 0.5086231827735901
vn -0.9393378496170044 -0.11831443756818771 0.3219410479068756
vn -0.989873468875885 -0.05801022797822952 0.1295582801103592
vn -0.5634286999702454 -0.20862168073654175 0.799390435218811
vn 0.02513025514781475 -0.22019073367118835 0.9751331210136414
vn 0.2319916933774948 -0.2181120216846466 0.9479488730430603
vn -0.18151794373989105 -0.23591624200344086 0.9546699523925781
vn -0.3802937865257263 -0.24141016602516174 0.8928033113479614
vn 0.02752836048603058 -0.2695740759372711 0.9625861048698425
vn -0.07658649235963821 -0.2686343789100647 0.9601927995681763
vn -0.17988432943820953 -0.26377174258232117 0.9476634860038757
vn -0.6445074677467346 -0.24158279597759247 0.7254294753074646
vn -0.5625764727592468 -0.23643425107002258 0.7922161817550659
vn -0.7886111736297607 -0.19843026995658875 0.5819947123527527
vn 0.02649986371397972 -0.24495777487754822 0.9691715240478516
vn -0.7213758826255798 -0.19664326310157776 0.6640393137931824
vn -0.8482214212417603 -0.17350728809833527 0.5004154443740845
vn 0.4475184679031372 0.12903721630573273 -0.8849161267280579
vn 0.5717559456825256 0.051937516778707504 -0.8187780380249023
vn 0.6812686920166016 -0.026499757543206215 -0.7315536141395569
vn 0.7414644956588745 0.08031944185495377 -0.6661674976348877
vn 0.9283221960067749 -0.04653790593147278 -0.368852436542511
vn 0.8270184993743896 -0.004074086435139179 -0.5621599555015564
vn -0.3911069631576538 0.12980075180530548 0.9111460447311401
vn -0.4959847033023834 0.11821073293685913 0.8602472543716431
vn -0.5245193839073181 0.019157566130161285 0.8511829376220703
vn -0.5640175938606262 0.20205871760845184 0.8006598949432373
vn -0.3141765296459198 0.04164581373333931 0.9484506845474243
vn -0.23250789940357208 -0.04713717848062515 0.9714515805244446
vn -0.33817043900489807 -0.05608908087015152 0.939411997795105
vn -0.20945991575717926 -0.13553549349308014 -0.9683783650398254
vn -0.06614187359809875 -0.19101597368717194 -0.9793559908866882
vn 0.017022866755723953 -0.19078728556632996 -0.9814838171005249
vn 0.24257758259773254 -0.23563756048679352 -0.9410797357559204
vn 0.39972418546676636 -0.22281968593597412 -0.8891411423683167
vn 0.8138256669044495 -0.2297428399324417 -0.5337658524513245
vn 0.5947417616844177 -0.2501329779624939 -0.7640129327774048
vn -0.21582716703414917 -0.1264384537935257 -0.968210756778717
vn -0.0720270574092865 -0.18335793912410736 -0.9804040789604187
vn 0.011276313103735447 -0.1819068342447281 -0.9832510948181152
vn 0.5915951728820801 -0.2416105717420578 -0.769180953502655
vn -0.2941261827945709 -0.256237268447876 -0.9207780361175537
vn -0.33986589312553406 -0.21317195892333984 -0.9159961342811584
vn -0.31234198808670044 -0.22003589570522308 -0.9241355657577515
vn 0.9292526841163635 -0.2923716604709625 -0.22585009038448334
vn 0.9572840332984924 -0.2504867911338806 -0.1444425880908966
vn 0.9556716084480286 -0.2491827756166458 -0.1568426787853241
vn -0.2917553782463074 -0.2587975561618805 -0.9208162426948547
vn -0.3361878991127014 -0.21616801619529724 -0.9166510701179504
vn -0.3080123960971832 -0.22252067923545837 -0.9249935150146484
vn 0.930588960647583 -0.28971633315086365 -0.22376009821891785
vn 0.958370566368103 -0.24818302690982819 -0.14117763936519623
vn 0.9565138220787048 -0.24821774661540985 -0.15319670736789703
vn 0.9305887818336487 -0.2897164225578308 -0.22376082837581635
vn 0.958370566368103 -0.24818269908428192 -0.14117799699306488
vn 0.9565139412879944 -0.24821725487709045 -0.15319691598415375
vn -0.42490169405937195 -0.07194720953702927 -0.9023757576942444
vn -0.4169406294822693 -0.09806832671165466 -0.9036277532577515
vn 0.6652984619140625 -0.21939235925674438 -0.7136140465736389
vn 0.06061016768217087 -0.07767044007778168 0.9951350688934326
vn 0.8706080913543701 0.03896733373403549 -0.4904315769672394
vn -0.1541905552148819 -0.8749369382858276 0.45903223752975464
vn -0.3157857060432434 -0.7386572957038879 0.5955373644828796
vn 0.31430912017822266 -0.7337414026260376 -0.6023564338684082
vn 0.22323332726955414 -0.8773590922355652 -0.42474445700645447
vn 0.3150642216205597 -0.7331570386886597 -0.6026734113693237
vn 0.22481964528560638 -0.8765612840652466 -0.42555439472198486
vn -0.22481869161128998 -0.8765608668327332 0.425555557012558
vn -0.31506291031837463 -0.7331566214561462 0.6026745438575745
vn 0.5181255340576172 -0.7063779830932617 -0.48226138949394226
vn 0.3901467025279999 -0.767513632774353 -0.5086337327957153
vn 0.5013212561607361 -0.8429207801818848 -0.19535011053085327
vn 0.42092087864875793 -0.9013214111328125 -0.10220202803611755
vn 0.26829132437705994 -0.8327223062515259 0.48434826731681824
vn 0.16788595914840698 -0.8993654847145081 0.40367820858955383
vn 0.048405971378088 -0.7248480319976807 0.6872060894966125
vn -0.18105542659759521 -0.7668718695640564 0.6157323122024536
vn -0.37561535835266113 -0.12069021165370941 -0.9188836216926575
vn -0.431532084941864 -0.06301660090684891 -0.8998938202857971
vn -0.431532084941864 -0.06301660090684891 -0.8998938202857971
vn 0.17761939764022827 -0.172001913189888 -0.9689512848854065
vn -0.35443297028541565 -0.06647597998380661 -0.9327155947685242
vn -0.8745708465576172 -0.2156006097793579 0.43432947993278503
vn 0.5646728873252869 -0.8225155472755432 -0.0679163932800293
vn -0.27696117758750916 -0.8225159049034119 -0.4967495799064636
vn 0.5646735429763794 -0.8225151896476746 -0.06791571527719498
vn -0.27695971727371216 -0.8225167393684387 -0.4967489540576935
vn 0.5638911724090576 -0.8232522010803223 -0.06544139981269836
vn 0.7287140488624573 -0.15740005671977997 -0.6664841771125793
vn -0.27474525570869446 -0.06521856039762497 -0.9593027234077454
vn 0.9373290538787842 -0.23508699238300323 -0.2571931779384613
vn -0.155336394906044 -0.18333104252815247 -0.9707009792327881
vn 0.29281118512153625 -0.29716169834136963 -0.9088215231895447
vn 0.8777098059654236 -0.2590000629425049 -0.4031679034233093
vn -0.17893217504024506 -0.3008503317832947 0.9367350339889526
vn -0.9479360580444336 -0.13888102769851685 0.2865818440914154
vn -0.36915314197540283 -0.12711220979690552 -0.9206347465515137
vn -0.42490169405937195 -0.07194720953702927 -0.9023757576942444
vn 0.18294762074947357 -0.1833772212266922 -0.965869128704071
vn -0.3478056788444519 -0.07683759182691574 -0.9344127178192139
vn 0.305289626121521 0.20352639257907867 -0.9302553534507751
vn 0.6371815800666809 0.16268417239189148 -0.753348171710968
vn 0.34847918152809143 0.25658416748046875 -0.9015135765075684
vn -0.8611530065536499 -0.20141133666038513 0.46674293279647827
vn -0.8736903667449951 -0.21996764838695526 0.4339117109775543
vn -0.02532965876162052 0.013144945725798607 0.9995927810668945
vn 0.1957632452249527 0.1015414148569107 0.975380003452301
vn -0.5262015461921692 0.29893797636032104 0.7960829138755798
vn 0.7341402769088745 -0.15924058854579926 -0.6600610017776489
vn -0.26813939213752747 -0.07723632454872131 -0.9602789878845215
vn 0.9081608653068542 0.0976884514093399 -0.4070635437965393
vn 0.38337215781211853 0.31310901045799255 -0.8689008355140686
vn 0.10296140611171722 -0.12993191182613373 0.9861626625061035
vn 0.1477518528699875 -0.17776325345039368 0.9729180932044983
vn 0.9600548148155212 -0.18821558356285095 -0.2070493847131729
vn 0.9383644461631775 -0.23658964037895203 -0.2519869804382324
vn -0.14928945899009705 -0.1897299885749817 -0.9704201817512512
vn 0.29737457633018494 -0.30119577050209045 -0.9060074090957642
vn 0.8787992596626282 -0.26316598057746887 -0.39806467294692993
vn -0.6041468381881714 -0.3109033703804016 0.7337205410003662
vn -0.17849569022655487 -0.30374354124069214 0.9358841776847839
vn -0.16677655279636383 -0.23417505621910095 0.9577826857566833
vn 0.6945472359657288 -0.23080232739448547 -0.6814208030700684
vn 0.4006885290145874 -0.15950866043567657 -0.9022226929664612
vn 0.9338233470916748 -0.17042328417301178 -0.31453126668930054
vn 0.2396797090768814 0.6738672256469727 -0.6988966464996338
vn 0.23967985808849335 0.6738672852516174 -0.6988966464996338
vn -0.22604243457317352 0.6757489442825317 0.7016183137893677
vn 0.4526589512825012 0.5078645944595337 0.7329211235046387
vn 0.43475690484046936 0.6757490038871765 -0.5952727794647217
vn 0.4347570240497589 0.6757490038871765 -0.5952727198600769
vn -0.7418069243431091 0.42765969038009644 -0.516555666923523
vn -0.8418692946434021 0.43524447083473206 -0.31908977031707764
vn -0.8539254665374756 0.42765966057777405 -0.29651039838790894
vn -0.8539254665374756 0.4276597499847412 -0.2965107858181
vn -0.7418069839477539 0.427659809589386 -0.5165553689002991
vn -0.8418694138526917 0.4352446496486664 -0.319089412689209
vn 0.5511398911476135 0.5494492650032043 0.627973198890686
vn 0.44304731488227844 -0.8662999272346497 0.23072399199008942
vn 0.952022910118103 0.27651962637901306 0.13110750913619995
vn -0.4470757246017456 -0.8663005828857422 -0.22281551361083984
vn 0.44304734468460083 -0.8662998676300049 0.23072409629821777
vn -0.44882726669311523 -0.8652737736701965 -0.2232832908630371
vn 0.5805866718292236 -0.771056592464447 0.26151666045188904
vn 0.8319928646087646 0.5494491457939148 0.07676830142736435
vn 0.8319929242134094 0.5494491457939148 0.0767681896686554
vn 0.5511401891708374 0.5494491457939148 0.6279729604721069
vn 0.9520229697227478 0.27651962637901306 0.13110695779323578
vn -0.46288466453552246 0.154216006398201 -0.8729004859924316
vn -0.40265020728111267 0.0672052726149559 -0.9128835201263428
vn -0.5648869872093201 0.32122838497161865 -0.7600756883621216
vn -0.9469464421272278 0.32122838497161865 -0.010241590440273285
vn -0.9688064455986023 0.23925305902957916 0.0645909383893013
vn -0.9469463229179382 0.3212284743785858 -0.010242020711302757
vn -0.9688064455986023 0.2392532229423523 0.06459050625562668
vn -0.46288466453552246 0.1542159616947174 -0.8729004859924316
vn -0.4026500880718231 0.06720515340566635 -0.9128835201263428
vn -0.5648870468139648 0.3212284743785858 -0.760075569152832
vn 0.9474727511405945 0.3197897672653198 -0.005478819832205772
vn 0.7713293433189392 0.09461542963981628 -0.6293639540672302
vn 0.5524777770042419 0.3197898268699646 0.7697420120239258
vn 0.5524777770042419 0.31978973746299744 0.7697420716285706
vn 0.9474726915359497 0.3197897672653198 -0.005479615181684494
vn 0.7713288068771362 0.09461518377065659 -0.6293646097183228
vn 0.34723949432373047 0.02674519270658493 -0.9373950362205505
vn 0.43122267723083496 -0.04109136387705803 -0.9013093709945679
vn 0.1669219732284546 0.16050422191619873 -0.9728183746337891
vn -0.6889121532440186 0.16050420701503754 0.7068511247634888
vn -0.6256424188613892 0.09423518180847168 0.7743973731994629
vn -0.6889121532440186 0.1605042964220047 0.7068511247634888
vn -0.6256424188613892 0.09423520416021347 0.7743973731994629
vn 0.34723958373069763 0.026745004579424858 -0.9373949766159058
vn 0.4312226474285126 -0.041091594845056534 -0.9013093113899231
vn 0.1669221967458725 0.16050411760807037 -0.9728183150291443
vn 0.9545158743858337 -0.24821513891220093 -0.16519320011138916
vn 0.9545156955718994 -0.24821577966213226 -0.1651931256055832
vn -0.2795584201812744 -0.22867220640182495 -0.932499885559082
vn 0.9539082646369934 -0.24783936142921448 -0.16921795904636383
vn -0.2845461070537567 -0.22670821845531464 -0.9314702749252319
vn -0.3809170424938202 -0.20776471495628357 0.9009639024734497
vn 0.2323540896177292 -0.19405551254749298 0.9530761241912842
vn 0.6844673156738281 -0.10504660755395889 0.7214359045028687
vn 0.30679309368133545 -0.06317520141601562 0.9496772289276123
vn 0.44252443313598633 -0.0795682966709137 0.8932194709777832
vn 0.5688855051994324 -0.09577296674251556 0.8168211579322815
vn -0.8353744745254517 0.2611863315105438 0.48366430401802063
vn -0.6593422889709473 0.43006783723831177 0.6166921854019165
vn -0.09972811490297318 0.2611863315105438 -0.9601229429244995
vn 0.11136271059513092 0.4300678074359894 -0.8959016799926758
vn -0.09972797334194183 0.2611863315105438 -0.9601229429244995
vn 0.11136287450790405 0.43006783723831177 -0.8959016799926758
vn -0.8353742361068726 0.26118624210357666 0.48366475105285645
vn -0.6593424081802368 0.43006765842437744 0.6166922450065613
vn 0.9453661441802979 -0.008540754206478596 0.3258986473083496
vn 0.8193296194076538 -0.008540809154510498 0.5732589960098267
vn 0.8193297386169434 -0.008540836162865162 0.5732589960098267
vn 0.9237814545631409 0.05602153018116951 0.37880003452301025
vn 0.9237814545631409 0.056021515280008316 0.37880003452301025
vn 0.8494405150413513 0.05602160096168518 0.5247020125389099
vn 0.8404319286346436 -0.20967800915241241 -0.49970918893814087
vn 0.08971988409757614 -0.20967797935009003 0.9736455082893372
vn 0.0897197499871254 -0.20967799425125122 0.9736455082893372
vn 0.8404310941696167 -0.2096780687570572 -0.4997105896472931
vn 0.9377902150154114 -0.1699700653553009 -0.3027533292770386
vn 0.3670022785663605 -0.19631268084049225 0.9092692732810974
vn 0.3062862455844879 -0.1699700802564621 0.9366423487663269
vn 0.9377899169921875 -0.16997018456459045 -0.30275458097457886
vn 0.5225673317909241 0.026857977733016014 -0.8521749377250671
vn 0.5225672721862793 0.026857726275920868 -0.8521749377250671
vn 0.7115592360496521 -0.10634689033031464 -0.694531261920929
vn 0.3332478702068329 -0.10840892046689987 -0.9365860223770142
vn -0.14364385604858398 -0.10634692758321762 0.9838988184928894
vn -0.5618358254432678 -0.10840901732444763 0.8201147317886353
vn -0.2829475998878479 0.09439431130886078 0.9544790387153625
vn -0.05579039081931114 0.0946153923869133 0.9939493536949158
vn -0.382266640663147 0.026857910677790642 0.9236616492271423
vn -0.14364387094974518 -0.106346994638443 0.9838986992835999
vn -0.5618358850479126 -0.10840904712677002 0.8201146125793457
vn -0.28294748067855835 0.09439416229724884 0.9544790983200073
vn -0.0557902567088604 0.09461523592472076 0.9939493536949158
vn -0.3822666108608246 0.02685779146850109 0.9236617088317871
vn 0.7115585207939148 -0.10634705424308777 -0.694532036781311
vn 0.33324798941612244 -0.10840912163257599 -0.9365859627723694
vn 0.12351221591234207 -0.23703424632549286 -0.9636179208755493
vn -0.5733152627944946 -0.28340205550193787 0.7687605619430542
vn -0.763774037361145 -0.2963644564151764 0.5734260082244873
vn -0.7069846987724304 -0.23703432083129883 0.6663237810134888
vn 0.12351254373788834 -0.2370343953371048 -0.9636178016662598
vn -0.9754719734191895 0.08704649657011032 -0.20218142867088318
vn -0.8233570456504822 0.3350600004196167 -0.4580588936805725
vn -0.9754717946052551 0.08704666793346405 -0.2021820843219757
vn -0.8233568072319031 0.3350599408149719 -0.458059161901474
vn -0.9327810406684875 0.06019075959920883 -0.35538211464881897
vn -0.8764630556106567 0.10103097558021545 -0.47074979543685913
vn -0.9503747224807739 0.26326069235801697 -0.16577596962451935
vn -0.7534022927284241 0.02223985269665718 -0.6571837067604065
vn -0.8040142059326172 0.12739014625549316 -0.5808036923408508
vn -0.8545346260070801 0.3350599408149719 -0.396869421005249
vn -0.9365139007568359 -0.003206550143659115 -0.3506156802177429
vn -0.6927318572998047 0.26326075196266174 -0.6714286208152771
vn -0.8357853889465332 0.06019065901637077 -0.5457472205162048
vn -0.9365137219429016 -0.0032063808757811785 -0.35061636567115784
vn -0.6927317380905151 0.26326072216033936 -0.6714287996292114
vn -0.8357850313186646 0.060190748423337936 -0.5457475781440735
vn -0.9327812790870667 0.06019081547856331 -0.35538169741630554
vn -0.8764631748199463 0.10103104263544083 -0.47074949741363525
vn -0.9503747820854187 0.26326093077659607 -0.16577526926994324
vn -0.7534022927284241 0.02223977819085121 -0.6571836471557617
vn -0.8040143251419067 0.12739019095897675 -0.5808035731315613
vn -0.8545347452163696 0.3350602388381958 -0.3968689739704132
vn -0.9793651700019836 -0.10218176990747452 0.174363374710083
vn 0.5918326377868652 -0.186475932598114 0.7841944098472595
vn -0.28885433077812195 0.10990701615810394 -0.951043426990509
vn -0.2888541519641876 0.10990689694881439 -0.951043426990509
vn -0.7817239165306091 -0.10290840268135071 0.6150752305984497
vn 0.44368085265159607 -0.867203414440155 0.2260652333498001
vn 0.5646728873252869 -0.8225155472755432 -0.0679163932800293
vn -0.27696117758750916 -0.8225159049034119 -0.4967495799064636
vn -0.44368016719818115 -0.8672038912773132 -0.2260650396347046
vn -0.9391945004463196 0.10990691184997559 0.32532164454460144
vn 0.44368091225624084 -0.8672032952308655 0.22606569528579712
vn 0.5646735429763794 -0.8225151896476746 -0.06791571527719498
vn -0.27695971727371216 -0.8225167393684387 -0.4967489540576935
vn -0.44367918372154236 -0.867204487323761 -0.22606439888477325
vn 0.44070786237716675 -0.8696017265319824 0.2226414829492569
vn 0.5638911724090576 -0.8232522010803223 -0.06544139981269836
vn -0.7817240953445435 -0.10290832072496414 0.6150751709938049
vn -0.9391945600509644 0.1099071204662323 0.32532134652137756
vn -0.3170754909515381 -0.1693023145198822 -0.9331666231155396
vn -0.2017703801393509 -0.11926902830600739 -0.9721437692642212
vn -0.5099113583564758 0.02341284789144993 -0.8599081635475159
vn 0.030528537929058075 -0.16822856664657593 -0.9852752089500427
vn -0.0787915289402008 -0.07888145744800568 -0.9937653541564941
vn -0.8427512645721436 -0.2098901867866516 0.495697945356369
vn -0.9953987002372742 0.023412682116031647 0.09291484951972961
vn -0.9413198232650757 -0.16930244863033295 0.29198238253593445
vn -0.9525020122528076 -0.1963510364294052 0.2327791005373001
vn -0.8427514433860779 -0.20989006757736206 0.49569761753082275
vn -0.995398759841919 0.023412911221385002 0.09291434288024902
vn -0.94132000207901 -0.169302299618721 0.2919819951057434
vn -0.31707531213760376 -0.16930244863033295 -0.9331666231155396
vn -0.2017701119184494 -0.11926916986703873 -0.9721438884735107
vn -0.509911298751831 0.023412717506289482 -0.8599082231521606
vn 0.030528953298926353 -0.16822868585586548 -0.9852750897407532
vn -0.07879120111465454 -0.07888157665729523 -0.9937653541564941
vn 0.2769624888896942 -0.8225162029266357 0.49674826860427856
vn -0.5646723508834839 -0.8225157856941223 0.0679183155298233
vn 0.27696189284324646 -0.8225163221359253 0.4967484772205353
vn -0.5646719932556152 -0.8225160241127014 0.06791890412569046
vn 0.2733153998851776 -0.8287180662155151 0.48839032649993896
vn 0.5016080737113953 -0.26978203654289246 0.8219531774520874
vn 0.5031571984291077 -0.27840685844421387 0.8181213140487671
vn 0.5028230547904968 -0.267586886882782 0.8219283819198608
vn 0.5698051452636719 -0.2347981035709381 0.7875226140022278
vn -0.9701681733131409 -0.18403857946395874 0.15780913829803467
vn -0.9786595702171326 -0.10762036591768265 0.17505215108394623
vn 0.5939750671386719 -0.18611301481723785 0.7826592326164246
vn 0.5935678482055664 -0.18058155477046967 0.784262478351593
vn 0.57129967212677 -0.24204446375370026 0.7842391729354858
vn 0.5708763003349304 -0.2328849583864212 0.7873148918151855
vn -0.9695206880569458 -0.18680007755756378 0.15854115784168243
vn -0.7857838273048401 0.6006073355674744 0.14769716560840607
vn -0.34238266944885254 0.6006073951721191 -0.7225266695022583
vn -0.342382550239563 0.6006074547767639 -0.7225266098976135
vn -0.7857838869094849 0.6006072163581848 0.1476973593235016
vn 0.4205646216869354 0.36122801899909973 -0.8322497010231018
vn 0.2793920040130615 0.5604826211929321 -0.7796148657798767
vn 0.27939215302467346 0.5604826807975769 -0.7796148061752319
vn 0.42056480050086975 0.3612281084060669 -0.8322495818138123
vn 0.3554166257381439 0.5974199771881104 0.7188661694526672
vn 0.7904835939407349 0.5974198579788208 -0.13500063121318817
vn 0.7904836535453796 0.5974198579788208 -0.13500069081783295
vn 0.3554169535636902 0.5974198579788208 0.7188660502433777
vn -0.8833887577056885 0.4681890606880188 -0.020575832575559616
vn -0.45017704367637634 0.4487496614456177 -0.77198725938797
vn -0.44967392086982727 0.5651565194129944 -0.6916584372520447
vn -0.4496738314628601 0.5651565790176392 -0.6916584372520447
vn -0.8786441683769226 0.3695840537548065 -0.30231139063835144
vn -0.8671966791152954 0.48074761033058167 -0.12981350719928741
vn -0.7610291242599487 0.36958402395248413 -0.5331437587738037
vn -0.7610290050506592 0.36958399415016174 -0.5331439971923828
vn -0.45017698407173157 0.4487496614456177 -0.77198725938797
vn -0.8786441683769226 0.36958420276641846 -0.30231088399887085
vn -0.867196798324585 0.4807477295398712 -0.12981313467025757
vn -0.8238753080368042 0.5651565194129944 0.04275287315249443
vn -0.8833887577056885 0.4681891202926636 -0.020575368776917458
vn -0.8238752484321594 0.5651564598083496 0.0427531898021698
vn 0.9040745496749878 0.37885648012161255 0.19777999818325043
vn 0.6914089322090149 0.37885648012161255 0.6151596307754517
vn 0.6914089322090149 0.3788564205169678 0.6151596903800964
vn 0.9040747284889221 0.37885648012161255 0.19777946174144745
vn -0.0491219200193882 0.18929536640644073 -0.9806907176971436
vn -0.0491216666996479 0.18929524719715118 -0.9806907176971436
vn -0.8222684860229492 0.18929533660411835 0.5366953611373901
vn -0.8222684860229492 0.18929548561573029 0.5366953015327454
vn -0.9786639213562012 0.19702395796775818 -0.058295540511608124
vn -0.9462624192237854 0.20052477717399597 0.2537267506122589
vn -0.9786638617515564 0.19702410697937012 -0.058296069502830505
vn -0.9462624788284302 0.2005249708890915 0.25372642278671265
vn -0.5957255959510803 0.15468893945217133 -0.788151204586029
vn -0.6224066019058228 0.19702406227588654 -0.7574902176856995
vn -0.5957257151603699 0.15468892455101013 -0.7881511449813843
vn -0.6224066615104675 0.19702407717704773 -0.7574902176856995
vn 0.8142150640487671 0.18593184649944305 -0.5499845147132874
vn 0.033636536449193954 0.18593184649944305 0.9819866418838501
vn 0.03363669663667679 0.18593166768550873 0.9819867014884949
vn 0.8142148852348328 0.18593163788318634 -0.5499852299690247
vn 0.6798721551895142 0.16047947108745575 -0.7155559062957764
vn 0.6798719167709351 0.16047915816307068 -0.7155561447143555
vn -0.17927822470664978 0.16047939658164978 0.9706213474273682
vn -0.17927806079387665 0.16047921776771545 0.9706213474273682
vn -0.7069845795631409 -0.23703433573246002 0.6663239598274231
vn -0.7089472413063049 0.028781380504369736 0.7046740055084229
vn -0.46383270621299744 0.09757369756698608 0.8805330991744995
vn -0.7089473009109497 0.02878144197165966 0.7046739459037781
vn -0.46383267641067505 0.0975736454129219 0.8805332183837891
vn 0.20105604827404022 -0.004842377733439207 -0.9795677661895752
vn 0.15338432788848877 0.028781412169337273 -0.9877473711967468
vn 0.20105627179145813 -0.004842520225793123 -0.9795677065849304
vn 0.15338459610939026 0.028781289234757423 -0.9877473711967468
vn -0.49828752875328064 -0.08601420372724533 -0.8627346754074097
vn -0.423246830701828 -0.09089690446853638 -0.9014433026313782
vn 0.9865943193435669 -0.13749390840530396 0.08790469169616699
vn 0.9866566061973572 -0.13343662023544312 0.09329274296760559
vn 0.9866566061973572 -0.13343560695648193 0.09329304099082947
vn -0.4930427372455597 -0.09113995730876923 -0.8652180433273315
vn -0.5125775337219238 0.677624523639679 0.5273417234420776
vn -0.6131455302238464 0.78159499168396 0.11472470313310623
vn -0.7432554960250854 0.22469355165958405 0.6301460862159729
vn -0.31568753719329834 0.7186464667320251 0.6195874810218811
vn 0.14405323565006256 0.948323667049408 -0.28272053599357605
vn -0.7849586606025696 0.6192576885223389 0.01896827295422554
vn -0.26758384704589844 0.7815950512886047 -0.5634784698486328
vn 0.12534284591674805 0.6776244640350342 -0.7246477007865906
vn 0.07292427122592926 0.22469346225261688 -0.9716969132423401
vn -0.3156871199607849 0.7186465263366699 0.6195876002311707
vn 0.14405328035354614 0.9483236074447632 -0.282720685005188
vn -0.7849587202072144 0.6192576289176941 0.018968483433127403
vn -0.9129675626754761 0.3990926444530487 -0.08494304865598679
vn -0.6053494215011597 0.3990926444530487 -0.6886777877807617
vn -0.4460415244102478 0.6192577481269836 -0.6461941003799438
vn -0.14405331015586853 0.9483236074447632 0.2827205955982208
vn 0.6057218909263611 0.3984537124633789 0.6887202858924866
vn 0.784927487373352 0.6192973852157593 -0.01896161399781704
vn -0.07285241037607193 0.2240970879793167 0.9718400239944458
vn 0.07292398065328598 0.22469353675842285 -0.9716969132423401
vn 0.31570056080818176 0.7186465263366699 -0.6195807456970215
vn 0.4460287094116211 0.6192973852157593 0.6461649537086487
vn -0.14405325055122375 0.9483236074447632 0.2827206254005432
vn -0.07285217940807343 0.22409687936306 0.9718400835990906
vn 0.6057218909263611 0.39845362305641174 0.6887203454971313
vn 0.5127605199813843 0.6774011254310608 -0.5274509191513062
vn 0.9132208228111267 0.39845359325408936 0.08521988242864609
vn -0.7432554364204407 0.2246936857700348 0.6301460862159729
vn 0.7849275469779968 0.6192973852157593 -0.01896173134446144
vn -0.6053495407104492 0.39909279346466064 -0.6886776685714722
vn 0.4460284113883972 0.619297444820404 0.6461650729179382
vn -0.9129675030708313 0.3990927040576935 -0.08494347333908081
vn -0.44604143500328064 0.6192578077316284 -0.6461941003799438
vn 0.7434133887290955 0.22409683465957642 -0.6301723122596741
vn 0.7434136867523193 0.2240971326828003 -0.6301718950271606
vn 0.3157006800174713 0.7186465263366699 -0.6195806860923767
vn 0.9132208824157715 0.39845365285873413 0.08521926403045654
vt 0.31884056329727173 0.9251207411289215
vt 0.49275362491607666 0.8260869383811951
vt 0.49275362491607666 1.024154543876648
vt 0.31884056329727173 0.9239129424095154
vt 0.14492753148078918 0.9239129424095154
vt 0.14492753148078918 1.0217390060424805
vt 0.31884056329727173 0.9239129424095154
vt 0.49275362491607666 0.8260868787765503
vt 0.49275362491607666 0.9239129424095154
vt 0.42118358612060547 0.8131099343299866
vt 0.42421889305114746 1.0314010381698608
vt 0.2786754369735718 0.8140162825584412
vt 0.31884056329727173 0.9251207411289215
vt 0.49275362491607666 1.024154543876648
vt 0.49275362491607666 0.8260869383811951
vt 0.31884056329727173 1.024154543876648
vt 0.31884056329727173 0.9251207411289215
vt 0.2753623127937317 0.9498791918158531
vt 0.49275362491607666 1.0217390060424805
vt 0.31884056329727173 0.8260868787765503
vt 0.14492753148078918 0.8260868787765503
vt 0.42118358612060547 0.8131099343299866
vt 0.42421889305114746 1.0314010381698608
vt 0.2786754369735718 0.8140162825584412
vt 0.23188404738903046 0.9746376425027847
vt 0.14492753148078918 0.8260868787765503
vt 0.31884056329727173 0.9239129424095154
vt 0.49275362491607666 0.9239129424095154
vt 0.49275362491607666 1.0217390060424805
vt 0.31884056329727173 0.9728259742259979
vt 0.31884056329727173 0.9239129424095154
vt 0.4057970941066742 0.9728259742259979
vt 0.23188404738903046 0.9728259742259979
vt 0.28171074390411377 1.0314010381698608
vt 0.42421889305114746 1.0314010381698608
vt 0.2801930904388428 0.9231618344783783
vt 0.2786754369735718 0.8137141466140747
vt 0.13920259475708008 1.0320053100585938
vt 0.13616728782653809 0.8137141466140747
vt 0.31884056329727173 1.0217390060424805
vt 0.13920259475708008 1.0320053100585938
vt 0.2801930904388428 0.9228597283363342
vt 0.28171074390411377 1.0310989618301392
vt 0.14492753148078918 1.0217390060424805
vt 0.23188404738903046 1.0217390060424805
vt 0.42421889305114746 1.0301926136016846
vt 0.49275362491607666 0.8260868787765503
vt 0.31884056329727173 0.8260868787765503
vt 0.23188404738903046 0.8260869383811951
vt 0.23188404738903046 0.8756038397550583
vt 0.31884056329727173 0.8260869383811951
vt 0.2786754369735718 0.8137141466140747
vt 0.13616728782653809 0.8137141466140747
vt 0.13920259475708008 1.0320053100585938
vt 0.2786754369735718 0.8137141466140747
vt 0.13616728782653809 0.8137141466140747
vt 0.49275362491607666 0.8260868787765503
vt 0.49275362491607666 0.9239129424095154
vt 0.31884056329727173 1.0217390060424805
vt 0.13920259475708008 1.0314010381698608
vt 0.2801930904388428 0.9231618344783783
vt 0.28171074390411377 1.0314010381698608
vt 0.42421889305114746 1.0314010381698608
vt 0.49275362491607666 1.024154543876648
vt 0.31884056329727173 1.024154543876648
vt 0.31884056329727173 0.9251207411289215
vt 0.31884056329727173 1.024154543876648
vt 0.31884056329727173 0.9251207411289215
vt 0.23188404738903046 0.9746376425027847
vt 0.4057970941066742 0.8260868787765503
vt 0.31884056329727173 0.8260868787765503
vt 0.31884056329727173 1.0217390060424805
vt 0.49275362491607666 1.0217390060424805
vt 0.23188404738903046 1.024154543876648
vt 0.18840578198432922 0.9993960931897163
vt 0.14492753148078918 1.024154543876648
vt 0.14492753148078918 0.9251207411289215
vt 0.4492753744125366 0.9498791918158531
vt 0.49275362491607666 1.024154543876648
vt 0.49275362491607666 0.8260869383811951
vt 0.4057970941066742 0.8756038397550583
vt 0.4057970941066742 0.9746376425027847
vt 0.4057970941066742 1.024154543876648
vt 0.36231881380081177 0.9993960931897163
vt 0.4057970941066742 1.0217390060424805
vt 0.49275362491607666 1.0217390060424805
vt 0.23188404738903046 0.8756038397550583
vt 0.14492753148078918 0.8260869383811951
vt 0.14492753148078918 1.024154543876648
vt 0.18840578198432922 0.9003622904419899
vt 0.14492753148078918 0.8260869383811951
vt 0.14492753148078918 1.024154543876648
vt 0.49275362491607666 0.8260869383811951
vt 0.23188404738903046 0.8260869383811951
vt 0.23188404738903046 1.024154543876648
vt 0.31884056329727173 0.8260869383811951
vt 0.14492753148078918 0.8260869383811951
vt 0.14492753148078918 0.9239129424095154
vt 0.14492753148078918 0.8260868787765503
vt 0.31884056329727173 1.024154543876648
vt 0.14492753148078918 1.024154543876648
vt 0.14492753148078918 0.8260869383811951
vt 0.14492753148078918 1.024154543876648
vt 0.23188404738903046 1.0217390060424805
vt 0.42118358612060547 0.8131099343299866
vt 0.2786754369735718 0.8140162825584412
vt 0.49275362491607666 1.024154543876648
vt 0.49275362491607666 0.8260869383811951
vt 0.31884056329727173 0.9239129424095154
vt 0.14492753148078918 0.9239129424095154
vt 0.14492753148078918 1.0217390060424805
vt 0.13920259475708008 1.0314010381698608
vt 0.28171074390411377 1.0314010381698608
vt 0.2801930904388428 0.9231618344783783
vt 0.42421889305114746 1.0314010381698608
vt 0.2801930904388428 0.9228597283363342
vt 0.42118358612060547 0.8137141466140747
vt 0.42421889305114746 1.0301926136016846
vt 0.2801930904388428 0.9231618344783783
vt 0.13616728782653809 0.8149226307868958
vt 0.13920259475708008 1.0314010381698608
vt 0.31884056329727173 1.0217390060424805
vt 0.49275362491607666 1.0217390060424805
vt 0.31884056329727173 0.9239129424095154
vt 0.13920259475708008 1.0314010381698608
vt 0.42118358612060547 0.8137141466140747
vt 0.2786754369735718 0.8137141466140747
vt 0.2801930904388428 0.9228597283363342
vt 0.13920259475708008 1.0320053100585938
vt 0.14492753148078918 1.0217390060424805
vt 0.14492753148078918 1.0217390060424805
vt 0.42421889305114746 1.0301926136016846
vt 0.2786754369735718 0.8140162825584412
vt 0.2801930904388428 0.9231618344783783
vt 0.42421889305114746 1.0314010381698608
vt 0.13616728782653809 0.8149226307868958
vt 0.13920259475708008 1.0314010381698608
vt 0.14492753148078918 0.9239129424095154
vt 0.28171074390411377 1.0310989618301392
vt 0.42421889305114746 1.0301926136016846
vt 0.2801930904388428 0.9228597283363342
vt 0.28171074390411377 1.0310989618301392
vt 0.14492753148078918 0.8260868787765503
vt 0.2786754369735718 0.8140162825584412
vt 0.13616728782653809 0.8149226307868958
vt 0.28171074390411377 1.0314010381698608
vt 0.42118358612060547 0.8131099343299866
vt 0.2786754369735718 0.8140162825584412
vt 0.49275362491607666 1.0217390060424805
vt 0.49275362491607666 0.9239129424095154
vt 0.31884056329727173 0.8260869383811951
vt 0.49275362491607666 0.8260868787765503
vt 0.31884056329727173 0.8260868787765503
vt 0.14492753148078918 0.8260868787765503
vt 0.13768494129180908 0.9231618344783783
vt 0.14492753148078918 0.8260869383811951
vt 0.4057970941066742 0.8260868787765503
vt 0.31884056329727173 0.8260868787765503
vt 0.31884056329727173 1.0217390060424805
vt 0.14492753148078918 0.9239129424095154
vt 0.14492753148078918 0.8260868787765503
vt 0.49275362491607666 1.024154543876648
vt 0.31884056329727173 1.024154543876648
vt 0.31884056329727173 0.9251207411289215
vt 0.49275362491607666 0.9239129424095154
vt 0.49275362491607666 0.8260868787765503
vt 0.28171074390411377 1.0310989618301392
vt 0.31884056329727173 0.8260869383811951
vt 0.42118358612060547 0.8131099343299866
vt 0.49275362491607666 0.9239129424095154
vt 0.49275362491607666 0.8260868787765503
vt 0.13920259475708008 1.0314010381698608
vt 0.2801930904388428 0.9231618344783783
vt 0.28171074390411377 1.0314010381698608
vt 0.14492753148078918 1.024154543876648
vt 0.14492753148078918 0.8260869383811951
vt 0.14492753148078918 0.9239129424095154
vt 0.31884056329727173 0.8260868787765503
vt 0.31884056329727173 1.0217390060424805
vt 0.14492753148078918 1.0217390060424805
vt 0.31884056329727173 1.024154543876648
vt 0.23188404738903046 0.8260868787765503
vt 0.13616728782653809 0.8137141466140747
vt 0.31884056329727173 0.8260869383811951
vt 0.31884056329727173 0.8260869383811951
vt 0.49275362491607666 0.8260869383811951
vt 0.28171074390411377 1.0314010381698608
vt 0.23188404738903046 0.8260868787765503
vt 0.13616728782653809 0.8149226307868958
vt 0.42118358612060547 0.8137141466140747
vt 0.42118358612060547 0.8131099343299866
vt 0.13616728782653809 0.8149226307868958
vt 0.13616728782653809 0.8149226307868958
vt 0.42118358612060547 0.8137141466140747
vt 0.08300000429153442 0.7502498179674149
vt 0.06225000321865082 0.8751249089837074
vt 0.12450000643730164 0.7502498179674149
vt 0 0.5004995465278625
vt 0 0.375624418258667
vt 0.020750001072883606 0.375624418258667
vt 0 0
vt 0 0.25
vt 0.04150000214576721 0.25
vt 0.16600000858306885 0.375624418258667
vt 0.16600000858306885 0.5004995167255402
vt 0.14525000751018524 0.375624418258667
vt 0.16600000858306885 0.25074928998947144
vt 0 0
vt 0 0.25
vt 0.04150000214576721 0.25
vt 0 0.5
vt 0 0.7502498179674149
vt 0 0.8751249089837074
vt 0.04150000214576721 0.6253747344017029
vt 0 1
vt 0 0.75
vt 0.04150000214576721 0.75
vt 0.08300000429153442 0.5004996359348297
vt 0 0.2507493495941162
vt 0 0.12587422132492065
vt 0.04150000214576721 0.25074928998947144
vt 0 0.25074946880340576
vt 0.020750001072883606 0.37562453746795654
vt 0.04150000214576721 0.25074946880340576
vt 0 0.5004996359348297
vt 0.06225000321865082 0.37562453746795654
vt 0.12450000643730164 0.7502498179674149
vt 0.14525000751018524 0.6253747642040253
vt 0.10375000536441803 0.6253747344017029
vt 0.08300000429153442 0.5004996359348297
vt 0.10375000536441803 0.6253747344017029
vt 0 0.5004996359348297
vt 0 0.2507493495941162
vt 0.16600000858306885 0.25074928998947144
vt 0.16600000858306885 0.375624418258667
vt 0.12450000643730164 0.375624418258667
vt 0.16600000858306885 0.5004995167255402
vt 0 0.5004995465278625
vt 0 0.375624418258667
vt 0.020750001072883606 0.375624418258667
vt 0 0.2507493495941162
vt 0.06225000321865082 0.8751249089837074
vt 0.16600000858306885 1
vt 0 0.5004995465278625
vt 0 0.375624418258667
vt 0.020750001072883606 0.375624418258667
vt 0.16600000858306885 0.7502498477697372
vt 0.12450000643730164 0.75
vt 0.04150000214576721 0.75
vt 0.16600000858306885 1
vt 0 0.5
vt 0.04150000214576721 0.25
vt 0.08300000429153442 0.5
vt 0.04150000214576721 0.6253747344017029
vt 0 0.8751249089837074
vt 0.08300000429153442 0.5004996359348297
vt 0.10375000536441803 0.12587440013885498
vt 0.16600000858306885 0.0009993910789489746
vt 0 0.0009992718696594238
vt 0.12450000643730164 0.25
vt 0.14525000751018524 0.6253747642040253
vt 0.16600000858306885 0.12587416172027588
vt 0.12450000643730164 0.25074928998947144
vt 0.16600000858306885 0.7502498477697372
vt 0.04150000214576721 0.75
vt 0 1
vt 0.16600000858306885 1
vt 0.04150000214576721 0.7502497583627701
vt 0.12450000643730164 0.7502497583627701
vt 0.06225000321865082 0.875124879181385
vt 0.13487499952316284 0.5629370808601379
vt 0.16600000858306885 0.5004995167255402
vt 0.12450000643730164 0.7502497583627701
vt 0.16600000858306885 0.75
vt 0.16600000858306885 0.5
vt 0.12450000643730164 0.75
vt 0.16600000858306885 0.75
vt 0.16600000858306885 1
vt 0.12450000643730164 0.75
vt 0.14525000751018524 0.375624418258667
vt 0.12450000643730164 0.5004995167255402
vt 0.06225000321865082 0.8751249089837074
vt 0 1
vt 0.16600000858306885 1
vt 0.16600000858306885 0.5
vt 0.16600000858306885 0.0009990334510803223
vt 0.16600000858306885 0.25074928998947144
vt 0.12450000643730164 0.25074952840805054
vt 0.10375000536441803 0.12587440013885498
vt 0.04150000214576721 0.25074946880340576
vt 0.13487499952316284 0.06343662738800049
vt 0.051875002682209015 0.06343662738800049
vt 0.10375000536441803 0.12587416172027588
vt 0 0.12587422132492065
vt 0.04150000214576721 0.25074928998947144
vt 0.14525000751018524 0.12587416172027588
vt 0 0.0009990930557250977
vt 0.08300000429153442 0.0009990930557250977
vt 0 0.5
vt 0.08300000429153442 0.5
vt 0 0.5
vt 0.08300000429153442 0.5
vt 0.08300000429153442 0.5
vt 0.12450000643730164 0.75
vt 0.04150000214576721 0.75
vt 0.020750001072883606 0.12587416172027588
vt 0.04150000214576721 0.25
vt 0.16600000858306885 0
vt 0 0
vt 0.16600000858306885 0.7502497583627701
vt 0.14525000751018524 0.875124879181385
vt 0.15562501549720764 0.6878122091293335
vt 0.15562501549720764 0.6878122985363007
vt 0.14525000751018524 0.8751249089837074
vt 0.14525000751018524 0.3756245970726013
vt 0.16600000858306885 0.5004996955394745
vt 0.16600000858306885 0.75
vt 0.04150000214576721 0.7502498179674149
vt 0.020750001072883606 0.8751249089837074
vt 0.12450000643730164 0.25074928998947144
vt 0.04150000214576721 0.25074928998947144
vt 0.10375000536441803 0.12587416172027588
vt 0.10375000536441803 0.6253747344017029
vt 0.07262500375509262 0.6878122687339783
vt 0.12450000643730164 0.7502498179674149
vt 0.13487499952316284 0.5629372000694275
vt 0.06225000321865082 0.875124879181385
vt 0.12450000643730164 0.25074952840805054
vt 0.10375000536441803 0.3756245970726013
vt 0.04150000214576721 0.7502497583627701
vt 0.12450000643730164 0.7502497583627701
vt 0.14525000751018524 0.12587445974349976
vt 0.10375000536441803 0.12587440013885498
vt 0.16600000858306885 0.0009993910789489746
vt 0 0.0009992718696594238
vt 0.16600000858306885 0.5
vt 0.13487499952316284 0.06343662738800049
vt 0.051875002682209015 0.06343662738800049
vt 0.16600000858306885 0.0009990334510803223
vt 0.10375000536441803 0.12587416172027588
vt 0.14525000751018524 0.12587416172027588
vt 0 0.0009990930557250977
vt 0.08300000429153442 0.0009990930557250977
vt 0.12450000643730164 0.25074952840805054
vt 0 1
vt 0.020750001072883606 0.12587416172027588
vt 0.16600000858306885 0.25
vt 0.07262500375509262 0.6878122687339783
vt 0.04150000214576721 0.7502498179674149
vt 0.08300000429153442 0.7502498179674149
vt 0.020750001072883606 0.8751249089837074
vt 0.051875002682209015 0.06343662738800049
vt 0 0.0009990930557250977
vt 0.08300000429153442 0.0009990930557250977
vt 0.16600000858306885 0.0009990334510803223
vt 0.020750001072883606 0.12587416172027588
vt 0 0.12587422132492065
vt 0.16600000858306885 0.25074952840805054
vt 0.07262500375509262 0.6878122687339783
vt 0.04150000214576721 0.7502498179674149
vt 0.020750001072883606 0.8751249089837074
vt 0 0.8751249089837074
vt 0.16600000858306885 0.5004996955394745
vt 0 0.7502498179674149
vt 0.16600000858306885 0.25
vt 0.16600000858306885 0
vt 0.16600000858306885 0.5
vt 0.14525000751018524 0.625
vt 0.12450000643730164 0.5
vt 0 0.5
vt 0.08300000429153442 0.5
vt 0.04150000214576721 0.75
vt 0.07262500375509262 0.6875
vt 0.06225000321865082 0.875
vt 0.11412500590085983 0.9375624395906925
vt 0.08300000429153442 1
vt 0 1
vt 0.16600000858306885 1
vt 0.16600000858306885 0.5
vt 0.14525000751018524 0.625
vt 0.16600000858306885 0
vt 0.13487499952316284 0.4375
vt 0.12450000643730164 0.25
vt 0.08300000429153442 0.5
vt 0.16600000858306885 0.6253747642040253
vt 0.16600000858306885 0.5004996955394745
vt 0.16600000858306885 0.25
vt 0.12450000643730164 0.25
vt 0.04150000214576721 0.25
vt 0 0
vt 0.16600000858306885 0
vt 0 0.25
vt 0 0.75
vt 0.12450000643730164 0.25
vt 0.16600000858306885 0
vt 0.08300000429153442 0.5004995167255402
vt 0 0.6253747344017029
vt 0 0.5004996359348297
vt 0.16600000858306885 0.6253747642040253
vt 0.16600000858306885 0.8751249238848686
vt 0 0.5
vt 0 0.25
vt 0.06225000321865082 0.375624418258667
vt 0.08300000429153442 0.5004995167255402
vt 0 0.6253747344017029
vt 0 0.7502498179674149
vt 0.04150000214576721 0.6253747344017029
vt 0.16600000858306885 0.5
vt 0 0.6253747344017029
vt 0.16600000858306885 0.8751249238848686
vt 0.04150000214576721 0.25
vt 0 0
vt 0.12450000643730164 0.75
vt 0.12450000643730164 0.25
vt 0.16600000858306885 0
vt 0.16600000858306885 0.25
vt 0.14525000751018524 0.3756245970726013
vt 0.10375000536441803 0.3756245970726013
vt 0.010375000536441803 0.8126873224973679
vt 0.020750001072883606 0.875124879181385
vt 0.04150000214576721 0.7502497583627701
vt 0.06225000321865082 0.875124879181385
vt 0 1
vt 0 0.75
vt 0 0.7502497732639313
vt 0.020750001072883606 0.6253746449947357
vt 0.10375000536441803 0.375624418258667
vt 0.11412500590085983 0.4380619525909424
vt 0.08300000429153442 0.5004995167255402
vt 0.12450000643730164 0.25074928998947144
vt 0.10375000536441803 0.6253746449947357
vt 0.16600000858306885 0.75
vt 0 0.7502497732639313
vt 0.020750001072883606 0.6253746449947357
vt 0.06225000321865082 0.6253746449947357
vt 0 0.7502497732639313
vt 0.020750001072883606 0.6253746449947357
vt 0 0
vt 0.06225000321865082 0.6253746449947357
vt 0.051875002682209015 0.5629370808601379
vt 0.10375000536441803 0.6253746449947357
vt 0.06225000321865082 0.6253746449947357
vt 0.10375000536441803 0.6253746449947357
vt 0.14525000751018524 0.6253746449947357
vt 0.16600000858306885 0.7502497583627701
vt 0.10375000536441803 0.375624418258667
vt 0.06225000321865082 0.375624418258667
vt 0.14525000751018524 0.3756245970726013
vt 0.10375000536441803 0.3756245970726013
vt 0.06225000321865082 0.37562453746795654
vt 0 0.25074946880340576
vt 0.020750001072883606 0.37562453746795654
vt 0.14525000751018524 0.6253746449947357
vt 0.13487499952316284 0.5629370808601379
vt 0.14525000751018524 0.875124879181385
vt 0.16600000858306885 0.7502497583627701
vt 0.09337500482797623 0.3131868839263916
vt 0.06225000321865082 0.375624418258667
vt 0.03112500160932541 0.4380619525909424
vt 0.0005011558532714844 0.8690657615661621
vt 0.0005003511905670166 0.5797101855278015
vt 0.07367199659347534 0.5797101855278015
vt 0.0004995465278625488 0.2903546094894409
vt 0.08300000429153442 0.25074946880340576
vt 0.06225000321865082 0.37562453746795654
vt 0.1468428373336792 0.2903546094894409
vt 0.1468431055545807 0.5797101259231567
vt 0.07367199659347534 0.5797101855278015
vt 0.14684337377548218 0.8690656423568726
vt 0.0005011558532714844 0.8690657615661621
vt 0.0005003511905670166 0.5797101855278015
vt 0.0004995465278625488 0.2903546094894409
vt 0.04150000214576721 0.25074946880340576
vt 0.1468428373336792 0.2903546094894409
vt 0.1468431055545807 0.5797101259231567
vt 0.07367199659347534 0.5797101855278015
vt 0.14684337377548218 0.8690656423568726
vt 0.0005011558532714844 0.8690657615661621
vt 0.0005003511905670166 0.5797101855278015
vt 0.0004995465278625488 0.2903546094894409
vt 0 0.25074946880340576
vt 0.020750001072883606 0.37562453746795654
vt 0.10375000536441803 0.375624418258667
vt 0.09337500482797623 0.3131868839263916
vt 0.16600000858306885 0.25074952840805054
vt 0.14525000751018524 0.12587445974349976
vt 0.020750001072883606 0.875124879181385
vt 0.16600000858306885 0.12587416172027588
vt 0.14525000751018524 0.12587416172027588
vt 0.16600000858306885 0.25074952840805054
vt 0.14525000751018524 0.12587445974349976
vt 0.16600000858306885 0.0009993910789489746
vt 0.07262500375509262 0.18831169605255127
vt 0.020750001072883606 0.875124879181385
vt 0 0.75
vt 0.04150000214576721 0.75
vt 0.07262500375509262 0.18831169605255127
vt 0 0.25
vt 0 0.75
vt 0.16600000858306885 0.25
vt 0.12450000643730164 0.75
vt 0 0.25
vt 0.12450000643730164 0.25
vt 0 0.75
vt 0.14525000751018524 0.8751249089837074
vt 0.020750001072883606 0.12587440013885498
vt 0.14525000751018524 0.875124879181385
vt 0.14684337377548218 0.8690656423568726
vt 0.1468428373336792 0.2903546094894409
vt 0.020750001072883606 0.12587440013885498
vt 0.051875002682209015 0.06343686580657959
vt 0 0.0009992718696594238
vt 0.1468431055545807 0.5797101259231567
vt 0.14525000751018524 0.8751249089837074
vt 0.020750001072883606 0.12587440013885498
vt 0.38890206813812256 0.2859417796134949
vt 0.36812156438827515 0.3835207223892212
vt 0.38037368655204773 0
vt 0.397430419921875 0.5718835890293121
vt 0.4035564959049225 0.3801232576370239
vt 0.2900000214576721 0.5742634832859039
vt 0.26999998092651367 0.5773245692253113
vt 0.2800000011920929 0.3848830461502075
vt 0.30000001192092896 0.7636439204216003
vt 0.30000001192092896 0.38182199001312256
vt 0.2900000214576721 0.19244152307510376
vt 0.30000001192092896 0
vt 0.26999998092651367 0.19244152307510376
vt 0.2900000214576721 0.5742634832859039
vt 0.26999998092651367 0.5773245692253113
vt 0.2800000011920929 0.3848830461502075
vt 0.30000001192092896 0.7636439204216003
vt 0.30000001192092896 0.38182199001312256
vt 0.26999998092651367 0.5777025818824768
vt 0.25999999046325684 0.769766092300415
vt 0.25999999046325684 0.3848830461502075
vt 0.2900000214576721 0.19244152307510376
vt 0.30000001192092896 0
vt 0.26999998092651367 0.19244152307510376
vt 0.2800000011920929 0.3848830461502075
vt 0.2900000214576721 0.5742634832859039
vt 0.30000001192092896 0.38182199001312256
vt 0.30000001192092896 0.7636439204216003
vt 0.26999998092651367 0.5773245692253113
vt 0.2900000214576721 0.19244152307510376
vt 0.30000001192092896 0
vt 0.26999998092651367 0.19244152307510376
vt 0.2800000011920929 0.3848830461502075
vt 0.2900000214576721 0.5742634832859039
vt 0.30000001192092896 0.38182199001312256
vt 0.30000001192092896 0.7636439204216003
vt 0.26999998092651367 0.5773245692253113
vt 0.375 1
vt 0.25999999046325684 0.769766092300415
vt 0.2900000214576721 0.19244152307510376
vt 0.30000001192092896 0
vt 0.26999998092651367 0.19244152307510376
vt 0.4292243719100952 0.5701848566532135
vt 0.45865505933761597 0.5680665075778961
vt 0.4317094385623932 0.3801232576370239
vt 0.42673930525779724 0.7602464556694031
vt 0.4035564959049225 0.3801232576370239
vt 0.45865505933761597 0.5680665075778961
vt 0.42673930525779724 0.7602464556694031
vt 0.4292243719100952 0.5701848566532135
vt 0.4317094385623932 0.3801232576370239
vt 0.4292243719100952 0.5701848566532135
vt 0.45865505933761597 0.5680665075778961
vt 0.4317094385623932 0.3801232576370239
vt 0.42673930525779724 0.7602464556694031
vt 0.4035564959049225 0.3801232576370239
vt 0.35586944222450256 0.7670415043830872
vt 0.45865505933761597 0.5680665075778961
vt 0.42673930525779724 0.7602464556694031
vt 0.4292243719100952 0.5701848566532135
vt 0.4317094385623932 0.3801232576370239
vt 0.48560065031051636 0.7560097575187683
vt 0.4035564959049225 0.3801232576370239
vt 0.3544541299343109 0.6651273965835571
vt 0.31812286376953125 0.5727329552173615
vt 0.3907853960990906 0.7575218081474304
vt 0.33624571561813354 0.38182199001312256
vt 0.38163840770721436 0.3787609338760376
vt 0.35436856746673584 0.19091099500656128
vt 0.37249141931533813 0
vt 0.31812286376953125 0.19091099500656128
vt 0.36351555585861206 0.5696718990802765
vt 0.36351555585861206 0.5696718990802765
vt 0.31812286376953125 0.5727329552173615
vt 0.33624571561813354 0.38182199001312256
vt 0.3907853960990906 0.7575218081474304
vt 0.38163840770721436 0.3787609338760376
vt 0.35436856746673584 0.19091099500656128
vt 0.37249141931533813 0
vt 0.31812286376953125 0.19091099500656128
vt 0.33624571561813354 0.38182199001312256
vt 0.36351555585861206 0.5696718990802765
vt 0.38163840770721436 0.3787609338760376
vt 0.3907853960990906 0.7575218081474304
vt 0.31812286376953125 0.5727329552173615
vt 0.35436856746673584 0.19091099500656128
vt 0.37249141931533813 0
vt 0.31812286376953125 0.19091099500656128
vt 0.33624571561813354 0.38182199001312256
vt 0.36351555585861206 0.5696718990802765
vt 0.38163840770721436 0.3787609338760376
vt 0.3907853960990906 0.7575218081474304
vt 0.31812286376953125 0.5727329552173615
vt 0.35436856746673584 0.19091099500656128
vt 0.37249141931533813 0
vt 0.31812286376953125 0.19091099500656128
vt 0.46030956506729126 0.567385345697403
vt 0.41290193796157837 0.568141371011734
vt 0.43501850962638855 0.3787609338760376
vt 0.4697805941104889 0.2836926579475403
vt 0.4792516231536865 0
vt 0.48242613673210144 0.37800490856170654
vt 0.46030956506729126 0.567385345697403
vt 0.41290193796157837 0.568141371011734
vt 0.43501850962638855 0.3787609338760376
vt 0.4697805941104889 0.2836926579475403
vt 0.4792516231536865 0
vt 0.48242613673210144 0.37800490856170654
vt 0.45713508129119873 0.1893804669380188
vt 0.48242613673210144 0.37800490856170654
vt 0.4792516231536865 0
vt 0.43501850962638855 0.3787609338760376
vt 0.40375494956970215 0.1893804669380188
vt 0.41290193796157837 0.568141371011734
vt 0.46030956506729126 0.567385345697403
vt 0.45713508129119873 0.1893804669380188
vt 0.48242613673210144 0.37800490856170654
vt 0.4792516231536865 0
vt 0.43501850962638855 0.3787609338760376
vt 0.40375494956970215 0.1893804669380188
vt 0.41290193796157837 0.568141371011734
vt 0.46030956506729126 0.567385345697403
vt 0.35586944222450256 0.7670415043830872
vt 0.32793474197387695 0.3835207223892212
vt 0.36199551820755005 0.5752811133861542
vt 0.30000001192092896 0.7712781429290771
vt 0.25999999046325684 0.769766092300415
vt 0.26999998092651367 0.5777025818824768
vt 0.30000001192092896 0.7712781429290771
vt 0.35586944222450256 0.7670415043830872
vt 0.32793474197387695 0.5763402879238129
vt 0.25999999046325684 0.3848830461502075
vt 0.48560065031051636 0.7560097575187683
vt 0.2800000011920929 0.3856390714645386
vt 0.46114009618759155 0.37800490856170654
vt 0.46114009618759155 0.37800490856170654
vt 0.48560065031051636 0.7560097575187683
vt 0.46114009618759155 0.37800490856170654
vt 0.30000001192092896 0.3856390714645386
vt 0.32793474197387695 0.3835207223892212
vt 0.48560065031051636 0.7560097575187683
vt 0.46114009618759155 0.37800490856170654
vt 0.35586944222450256 0.7670415043830872
vt 0.30000001192092896 0.7712781429290771
vt 0.32793474197387695 0.5763402879238129
vt 0.38037368655204773 0
vt 0.397430419921875 0.5718835890293121
vt 0.36812156438827515 0.3835207223892212
vt 0.375 1
vt 0.3828926980495453 0.8787609040737152
vt 0.3375000059604645 0.8818219602108002
vt 0.3375000059604645 0.8856390714645386
vt 0.4008696675300598 0.8801232278347015
vt 0.4303003251552582 0.8780048787593842
vt 0.38037368655204773 0
vt 0.3375000059604645 0.8856390714645386
vt 0.30000001192092896 0.7712781429290771
vt 0.3375000059604645 0.8856390714645386
vt 0.375 1
vt 0.3654347062110901 0.8835207521915436
vt 0.25999999046325684 0.769766092300415
vt 0.4008696675300598 0.8801232278347015
vt 0.4303003251552582 0.8780048787593842
vt 0.3375000059604645 0.8818219602108002
vt 0.397430419921875 0.5718835890293121
vt 0.38037368655204773 0
vt 0.43419450521469116 0.19006162881851196
vt 0.44890981912612915 0.18900245428085327
vt 0.43667957186698914 0
vt 0.397430419921875 0.5718835890293121
vt 0.43419450521469116 0.19006162881851196
vt 0.44890981912612915 0.18900245428085327
vt 0.43667957186698914 0
vt 0.43419450521469116 0.19006162881851196
vt 0.44890981912612915 0.18900245428085327
vt 0.43667957186698914 0
vt 0.43419450521469116 0.19006162881851196
vt 0.44890981912612915 0.18900245428085327
vt 0.43667957186698914 0
vt 0.36812156438827515 0.3835207223892212
vt 0.40375494956970215 0.1893804669380188
vt 0.40375494956970215 0.1893804669380188
vt 0.33406078815460205 0.1917603611946106
vt 0.30000001192092896 0
vt 0.30000001192092896 0
vt 0.33406078815460205 0.1917603611946106
vt 0.36812156438827515 0.3835207223892212
vt 0.30000001192092896 0
vt 0.32793474197387695 0.3835207223892212
vt 0.33406078815460205 0.1917603611946106
vt 0.30000001192092896 0
vt 0.33406078815460205 0.1917603611946106
vt 0.25999999046325684 0
vt 0.25999999046325684 0
vt 0.25999999046325684 0
vt 0.25999999046325684 0
vt 0.32793474197387695 0.5763402879238129
vt 0.30000001192092896 0.3856390714645386
vt 0.30000001192092896 0.1928195357322693
vt 0.2800000011920929 0.1928195357322693
vt 0.30000001192092896 0.3856390714645386
vt 0.2800000011920929 0.1928195357322693
vt 0.2800000011920929 0.3856390714645386
vt 0.2800000011920929 0.1928195357322693
vt 0.30000001192092896 0.3856390714645386
vt 0.2800000011920929 0.3856390714645386
vt 0.2800000011920929 0.1928195357322693
vt 0.2800000011920929 0.3856390714645386
vt 0.30000001192092896 0.5784586071968079
vt 0.32793474197387695 0.5763402879238129
vt 0.30000001192092896 0.5784586071968079
vt 0.375 1
vt 0.31396737694740295 0.2881701588630676
vt 0.30000001192092896 0.1928195357322693
vt 0.30000001192092896 0.5784586071968079
vt 0.30000001192092896 0.1928195357322693
vt 0.30000001192092896 0.5784586071968079
vt 0.26999998092651367 0.5777025818824768
vt 0.2900000214576721 0.5784586071968079
vt 0.25999999046325684 0.3848830461502075
vt 0.26499998569488525 0.288851261138916
vt 0.26999998092651367 0.5777025818824768
vt 0.2900000214576721 0.5784586071968079
vt 0.2849999964237213 0.674490362405777
vt 0.25999999046325684 0.3848830461502075
vt 0.26499998569488525 0.288851261138916
vt 0.26999998092651367 0.1928195357322693
vt 0.2849999964237213 0.674490362405777
vt 0.26999998092651367 0.1928195357322693
vt 0.2900000214576721 0.5784586071968079
vt 0.37424761056900024 0.1917603611946106
vt 0.36199551820755005 0.5752811133861542
vt 0.37424761056900024 0.1917603611946106
vt 0.36199551820755005 0.5752811133861542
vt 0.36199551820755005 0.5752811133861542
vt 0.38890206813812256 0.2859417796134949
vt 0.04380001872777939 0.9595862030982971
vt 0.10948879271745682 0.9610696732997894
vt 0.10855979472398758 0.9524976462125778
vt 0.04380001872777939 0.9595862030982971
vt 0.17331957817077637 0.9454090893268585
vt 0.17586658895015717 0.9766317903995514
vt 0.17331957817077637 0.9454090893268585
vt 0.23807936906814575 0.9383205324411392
vt 0.24062636494636536 0.9695432335138321
vt 0.17331959307193756 0.9454090893268585
vt 0.17586658895015717 0.9766317903995514
vt 0.24062636494636536 0.9695432335138321
vt 0.30793315172195435 0.9936773777008057
vt 0.30283915996551514 0.9312319755554199
vt 0.17331957817077637 0.9454090893268585
vt 0.239008367061615 0.9468925595283508
vt 0.30283915996551514 0.9312319755554199
vt 0.17517755925655365 0.9625531435012817
vt 0.30283915996551514 0.9312319755554199
vt 0.239008367061615 0.9468925595283508
vt 0.239008367061615 0.9468925595283508
vt 0.30283915996551514 0.9312319755554199
vt 0.17517755925655365 0.9625531435012817
vt 0.04380001872777939 0.9595862030982971
vt 0.10855979472398758 0.9524976462125778
vt 0.17586658895015717 0.9766317903995514
vt 0.17517754435539246 0.9625531435012817
vt 0.2390083521604538 0.9468925595283508
vt 0.17331957817077637 0.9454090893268585
vt 0.17331957817077637 0.9454090893268585
vt 0.04380001872777939 0.9595862030982971
vt 0.17586658895015717 0.9766317903995514
vt 0.10948879271745682 0.9610696732997894
vt 0.23807936906814575 0.9383205324411392
vt 0.24062636494636536 0.9695432335138321
vt 0.17586657404899597 0.9766317903995514
vt 0.30793315172195435 0.9936773777008057
vt 0.04380001872777939 0.9595862030982971
vt 0.30283915996551514 0.9312319755554199
vt 0.04380001872777939 0.9595862030982971
vt 0.17331959307193756 0.9454090893268585
vt 0.17586657404899597 0.9766317903995514
vt 0.239008367061615 0.9468925595283508
vt 0.2415553629398346 0.9781152606010437
vt 0.30793315172195435 0.9936773777008057
vt 0.3065550923347473 0.9655200839042664
vt 0.2415553480386734 0.9781152606010437
vt 0.35208821296691895 0.9826159551739693
vt 0.3065550923347473 0.9655200839042664
vt 0.39624327421188354 0.9715545326471329
vt 0.30793315172195435 0.9936773777008057
vt 0.04380001872777939 0.9595862030982971
vt 0.3065550923347473 0.9655200839042664
vt 0.4859314262866974 0.9775889813899994
vt 0.17517755925655365 0.9625531435012817
vt 0.23993733525276184 0.9554645866155624
vt 0.3065550923347473 0.9655200839042664
vt 0.35208821296691895 0.9826159551739693
vt 0.3065550923347473 0.9655200839042664
vt 0.39624327421188354 0.9715545326471329
vt 0.17517755925655365 0.9625531435012817
vt 0.23993733525276184 0.9554645866155624
vt 0.17331959307193756 0.9454090893268585
vt 0.3065550923347473 0.9655200839042664
vt 0.30283915996551514 0.9312319755554199
vt 0.30793315172195435 0.9936773777008057
vt 0.17517755925655365 0.9625531435012817
vt 0.23993733525276184 0.9554645866155624
vt 0.30283915996551514 0.9312319755554199
vt 0.30793315172195435 0.9936773777008057
vt 0.17586658895015717 0.9766317903995514
vt 0.3065550923347473 0.9655200839042664
vt 0.24121084809303284 0.9710759371519089
vt 0.4859314262866974 0.9775889813899994
vt 0.23935286700725555 0.9539318829774857
vt 0.30283915996551514 0.9312319755554199
vt 0.30793315172195435 0.9936773777008057
vt 0.17586657404899597 0.9766317903995514
vt 0.30283915996551514 0.9312319755554199
vt 0.30793315172195435 0.9936773777008057
vt 0.23935286700725555 0.9539318829774857
vt 0.17586657404899597 0.9766317903995514
vt 0.35208821296691895 0.9826159551739693
vt 0.3065550923347473 0.9655200839042664
vt 0.39624327421188354 0.9715545326471329
vt 0.30793315172195435 0.9936773777008057
vt 0.4859314262866974 0.9775889813899994
vt 0.23935288190841675 0.9539318829774857
vt 0.35208821296691895 0.9826159551739693
vt 0.3065550923347473 0.9655200839042664
vt 0.39624327421188354 0.9715545326471329
vt 0.30793315172195435 0.9936773777008057
vt 0.4859314262866974 0.9775889813899994
vt 0.17331959307193756 0.9454090893268585
vt 0.35208821296691895 0.9826159551739693
vt 0.3065550923347473 0.9655200839042664
vt 0.39624327421188354 0.9715545326471329
vt 0.4859314262866974 0.9775889813899994
vt 0.3065550923347473 0.9655200839042664
vt 0.35208821296691895 0.9826159551739693
vt 0.17517755925655365 0.9625531435012817
vt 0.30283915996551514 0.9312319755554199
vt 0.39624327421188354 0.9715545326471329
vt 0.4859314262866974 0.9775889813899994
vt 0.24121083319187164 0.9710759371519089
vt 0.3065550923347473 0.9655200839042664
vt 0.30793315172195435 0.9936773777008057
vt 0.35208821296691895 0.9826159551739693
vt 0.24121083319187164 0.9710759371519089
vt 0.30793315172195435 0.9936773777008057
vt 0.39624327421188354 0.9715545326471329
vt 0.4859314262866974 0.9775889813899994
vt 0.3065550923347473 0.9655200839042664
vt 0.30793315172195435 0.9936773777008057
vt 0.35208821296691895 0.9826159551739693
vt 0.39624327421188354 0.9715545326471329
vt 0.4859314262866974 0.9775889813899994
vt 0.3065550923347473 0.9655200839042664
vt 0.30793315172195435 0.9936773777008057
vt 0.35208821296691895 0.9826159551739693
vt 0.4828685522079468 0.9419507682323456
vt 0.481322705745697 0.9338955879211426
vt 0.39285385608673096 0.9365913718938828
vt 0.30283915996551514 0.9312319755554199
vt 0.39624327421188354 0.9715545326471329
vt 0.4859314262866974 0.9775889813899994
vt 0.4828685522079468 0.9419507682323456
vt 0.481322705745697 0.9338955879211426
vt 0.39285385608673096 0.9365913718938828
vt 0.30283915996551514 0.9312319755554199
vt 0.17586658895015717 0.9766317903995514
vt 0.04380001872777939 0.9595862030982971
vt 0.1425054371356964 0.965331070125103
vt 0.4828685522079468 0.9419507682323456
vt 0.481322705745697 0.9338955879211426
vt 0.39285385608673096 0.9365913718938828
vt 0.30283915996551514 0.9312319755554199
vt 0.24121084809303284 0.9710759371519089
vt 0.17517755925655365 0.9625531435012817
vt 0.4828685522079468 0.9419507682323456
vt 0.481322705745697 0.9338955879211426
vt 0.39285385608673096 0.9365913718938828
vt 0.4828685522079468 0.9419507682323456
vt 0.481322705745697 0.9338955879211426
vt 0.39285385608673096 0.9365913718938828
vt 0.24189987778663635 0.9851545840501785
vt 0.17586658895015717 0.9766317903995514
vt 0.24121084809303284 0.9710759371519089
vt 0.23935288190841675 0.9539318829774857
vt 0.4828685522079468 0.9419507682323456
vt 0.481322705745697 0.9338955879211426
vt 0.39285385608673096 0.9365913718938828
vt 0.30283915996551514 0.9312319755554199
vt 0.2745720148086548 0.9823766574263573
vt 0.4828685522079468 0.9419507682323456
vt 0.481322705745697 0.9338955879211426
vt 0.39285385608673096 0.9365913718938828
vt 0.4828685522079468 0.9419507682323456
vt 0.481322705745697 0.9338955879211426
vt 0.39285385608673096 0.9365913718938828
vt 0.30283915996551514 0.9312319755554199
vt 0.04380001872777939 0.9595862030982971
vt 0.1425054371356964 0.965331070125103
vt 0.6628979444503784 0.9526695609092712
vt 0.5744146704673767 0.9651292711496353
vt 0.48472651839256287 0.9590948224067688
vt 0.3065550923347473 0.9655200839042664
vt 0.4828685522079468 0.9419507682323456
vt 0.17517755925655365 0.9625531435012817
vt 0.5713374018669128 0.9392549842596054
vt 0.39285385608673096 0.9365913718938828
vt 0.04380001872777939 0.9595862030982971
vt 0.10983329266309738 0.9681089967489243
vt 0.17517755925655365 0.9625531435012817
vt 0.6628979444503784 0.9526695609092712
vt 0.5744146704673767 0.9651292711496353
vt 0.48472651839256287 0.9590948224067688
vt 0.17586657404899597 0.9766317903995514
vt 0.4828685522079468 0.9419507682323456
vt 0.17331959307193756 0.9454090893268585
vt 0.5713374018669128 0.9392549842596054
vt 0.39285385608673096 0.9365913718938828
vt 0.04380001872777939 0.9595862030982971
vt 0.10983329266309738 0.9681089967489243
vt 0.17517755925655365 0.9625531435012817
vt 0.6628979444503784 0.9526695609092712
vt 0.5744146704673767 0.9651292711496353
vt 0.48472651839256287 0.9590948224067688
vt 0.17586657404899597 0.9766317903995514
vt 0.4828685522079468 0.9419507682323456
vt 0.10855980962514877 0.9524976462125778
vt 0.5713374018669128 0.9392549842596054
vt 0.39285385608673096 0.9365913718938828
vt 0.24189986288547516 0.9851545840501785
vt 0.24121083319187164 0.9710759371519089
vt 0.6628979444503784 0.9526695609092712
vt 0.5744146704673767 0.9651292711496353
vt 0.48472651839256287 0.9590948224067688
vt 0.30793315172195435 0.9936773777008057
vt 0.4828685522079468 0.9419507682323456
vt 0.6628979444503784 0.9526695609092712
vt 0.5744146704673767 0.9651292711496353
vt 0.48472651839256287 0.9590948224067688
vt 0.23935286700725555 0.9539318829774857
vt 0.4828685522079468 0.9419507682323456
vt 0.6628979444503784 0.9526695609092712
vt 0.5744146704673767 0.9651292711496353
vt 0.48472651839256287 0.9590948224067688
vt 0.4828685522079468 0.9419507682323456
vt 0.04380001872777939 0.9595862030982971
vt 0.10983329266309738 0.9681089967489243
vt 0.17517755925655365 0.9625531435012817
vt 0.5713374018669128 0.9392549842596054
vt 0.39285385608673096 0.9365913718938828
vt 0.17586657404899597 0.9766317903995514
vt 0.10855980962514877 0.9524976462125778
vt 0.6628979444503784 0.9526695609092712
vt 0.5744146704673767 0.9651292711496353
vt 0.48472651839256287 0.9590948224067688
vt 0.4828685522079468 0.9419507682323456
vt 0.6628979444503784 0.9526695609092712
vt 0.5744146704673767 0.9651292711496353
vt 0.48472651839256287 0.9590948224067688
vt 0.24121083319187164 0.9710759371519089
vt 0.2745719850063324 0.9823766574263573
vt 0.3065550923347473 0.9655200839042664
vt 0.4828685522079468 0.9419507682323456
vt 0.4838908016681671 0.9675336480140686
vt 0.4866204559803009 0.991667628288269
vt 0.3959119915962219 0.9806055128574371
vt 0.4838908016681671 0.9675336480140686
vt 0.4866204559803009 0.991667628288269
vt 0.3959119915962219 0.9806055128574371
vt 0.6598062515258789 0.9365592002868652
vt 0.481322705745697 0.9338955879211426
vt 0.23935286700725555 0.9539318829774857
vt 0.24189986288547516 0.9851545840501785
vt 0.30288130044937134 0.9360626935958862
vt 0.4838908016681671 0.9675336480140686
vt 0.4813648760318756 0.9387263059616089
vt 0.6598484516143799 0.9413899183273315
vt 0.5745992660522461 0.9785957634449005
vt 0.3959119915962219 0.9806055128574371
vt 0.30283915996551514 0.9312319755554199
vt 0.27364301681518555 0.9738046303391457
vt 0.6598062515258789 0.9365592002868652
vt 0.5713374018669128 0.9392549842596054
vt 0.481322705745697 0.9338955879211426
vt 0.30288130044937134 0.9360626935958862
vt 0.4838908016681671 0.9675336480140686
vt 0.4813648760318756 0.9387263059616089
vt 0.6598484516143799 0.9413899183273315
vt 0.5745992660522461 0.9785957634449005
vt 0.3959119915962219 0.9806055128574371
vt 0.27364301681518555 0.9738046303391457
vt 0.30793315172195435 0.9936773777008057
vt 0.6598062515258789 0.9365592002868652
vt 0.481322705745697 0.9338955879211426
vt 0.23935286700725555 0.9539318829774857
vt 0.30288130044937134 0.9360626935958862
vt 0.4838908016681671 0.9675336480140686
vt 0.4813648760318756 0.9387263059616089
vt 0.6598484516143799 0.9413899183273315
vt 0.4866204559803009 0.991667628288269
vt 0.3959119915962219 0.9806055128574371
vt 0.17586657404899597 0.9766317903995514
vt 0.6598062515258789 0.9365592002868652
vt 0.5713374018669128 0.9392549842596054
vt 0.481322705745697 0.9338955879211426
vt 0.27364301681518555 0.9738046303391457
vt 0.30288130044937134 0.9360626935958862
vt 0.4838908016681671 0.9675336480140686
vt 0.4813648760318756 0.9387263059616089
vt 0.6598484516143799 0.9413899183273315
vt 0.5745992660522461 0.9785957634449005
vt 0.3959119915962219 0.9806055128574371
vt 0.6598062515258789 0.9365592002868652
vt 0.5713374018669128 0.9392549842596054
vt 0.481322705745697 0.9338955879211426
vt 0.10855980217456818 0.9524976462125778
vt 0.30288130044937134 0.9360626935958862
vt 0.4838908016681671 0.9675336480140686
vt 0.4813648760318756 0.9387263059616089
vt 0.6598484516143799 0.9413899183273315
vt 0.4838908016681671 0.9675336480140686
vt 0.5745992660522461 0.9785957634449005
vt 0.3959119915962219 0.9806055128574371
vt 0.4838908016681671 0.9675336480140686
vt 0.4866204559803009 0.991667628288269
vt 0.3959119915962219 0.9806055128574371
vt 0.10855980217456818 0.9524976462125778
vt 0.17517755925655365 0.9625531435012817
vt 0.17331959307193756 0.9454090893268585
vt 0.04380001872777939 0.9595862030982971
vt 0.6598062515258789 0.9365592002868652
vt 0.481322705745697 0.9338955879211426
vt 0.30288130044937134 0.9360626935958862
vt 0.4838908016681671 0.9675336480140686
vt 0.4813648760318756 0.9387263059616089
vt 0.6598484516143799 0.9413899183273315
vt 0.6598062515258789 0.9365592002868652
vt 0.481322705745697 0.9338955879211426
vt 0.30288130044937134 0.9360626935958862
vt 0.4838908016681671 0.9675336480140686
vt 0.4813648760318756 0.9387263059616089
vt 0.6598484516143799 0.9413899183273315
vt 0.6598062515258789 0.9365592002868652
vt 0.5713374018669128 0.9392549842596054
vt 0.481322705745697 0.9338955879211426
vt 0.23807936906814575 0.9383205324411392
vt 0.23993733525276184 0.9554645866155624
vt 0.30283915996551514 0.9312319755554199
vt 0.30288130044937134 0.9360626935958862
vt 0.4838908016681671 0.9675336480140686
vt 0.4813648760318756 0.9387263059616089
vt 0.6598484516143799 0.9413899183273315
vt 0.17331959307193756 0.9454090893268585
vt 0.5745992660522461 0.9785957634449005
vt 0.3959119915962219 0.9806055128574371
vt 0.23993733525276184 0.9554645866155624
vt 0.17331959307193756 0.9454090893268585
vt 0.2713882327079773 0.9433482810854912
vt 0.3065550923347473 0.9655200839042664
vt 0.23993733525276184 0.9554645866155624
vt 0.3065550923347473 0.9655200839042664
vt 0.23993733525276184 0.9554645866155624
vt 0.3065550923347473 0.9655200839042664
vt 0.30283915996551514 0.9312319755554199
vt 0.23993733525276184 0.9554645866155624
vt 0.17331957817077637 0.9454090893268585
vt 0.23807936906814575 0.9383205324411392
vt 0.23993733525276184 0.9554645866155624
vt 0.17331957817077637 0.9454090893268585
vt 0.30283915996551514 0.9312319755554199
vt 0.2713882327079773 0.9433482810854912
vt 0.34939664602279663 0.9583341032266617
vt 0.30288130044937134 0.9360626935958862
vt 0.34939664602279663 0.9583341032266617
vt 0.23935286700725555 0.9539318829774857
vt 0.30793315172195435 0.9936773777008057
vt 0.23935288190841675 0.9539318829774857
vt 0.30793315172195435 0.9936773777008057
vt 0.30288130044937134 0.9360626935958862
vt 0.34939664602279663 0.9583341032266617
vt 0.34939664602279663 0.9583341032266617
vt 0.24121083319187164 0.9710759371519089
vt 0.34939664602279663 0.9583341032266617
vt 0.34939664602279663 0.9583341032266617
vt 0.24121083319187164 0.9710759371519089
vt 0.34939664602279663 0.9583341032266617
vt 0.30793315172195435 0.9936773777008057
vt 0.30288130044937134 0.9360626935958862
vt 0.34939664602279663 0.9583341032266617
vt 0.48472651839256287 0.9590948224067688
vt 0.30288130044937134 0.9360626935958862
vt 0.34939664602279663 0.9583341032266617
vt 0.6653077602386475 0.9896578788757324
vt 0.4866204559803009 0.991667628288269
vt 0.48472651839256287 0.9590948224067688
vt 0.48472651839256287 0.9590948224067688
vt 0.39471182227134705 0.953735426068306
vt 0.48472651839256287 0.9590948224067688
vt 0.34970447421073914 0.9510557278990746
vt 0.30283915996551514 0.9312319755554199
vt 0.5745992660522461 0.9785957634449005
vt 0.6653077602386475 0.9896578788757324
vt 0.4866204559803009 0.991667628288269
vt 0.4859314262866974 0.9775889813899994
vt 0.30793315172195435 0.9936773777008057
vt 0.6653077602386475 0.9896578788757324
vt 0.4866204559803009 0.991667628288269
vt 0.4859314262866974 0.9775889813899994
vt 0.6653077602386475 0.9896578788757324
vt 0.5745992660522461 0.9785957634449005
vt 0.4866204559803009 0.991667628288269
vt 0.34970447421073914 0.9510557278990746
vt 0.30283915996551514 0.9312319755554199
vt 0.6653077602386475 0.9896578788757324
vt 0.5745992660522461 0.9785957634449005
vt 0.4866204559803009 0.991667628288269
vt 0.34970447421073914 0.9510557278990746
vt 0.6653077602386475 0.9896578788757324
vt 0.4866204559803009 0.991667628288269
vt 0.34970447421073914 0.9510557278990746
vt 0.30283915996551514 0.9312319755554199
vt 0.6653077602386475 0.9896578788757324
vt 0.4866204559803009 0.991667628288269
vt 0.3065550923347473 0.9655200839042664
vt 0.34970447421073914 0.9510557278990746
vt 0.6653077602386475 0.9896578788757324
vt 0.4866204559803009 0.991667628288269
vt 0.34970447421073914 0.9510557278990746
vt 0.30793315172195435 0.9936773777008057
vt 0.2415553629398346 0.9781152606010437
vt 0.34970447421073914 0.9510557278990746
vt 0.17586658895015717 0.9766317903995514
vt 0.2415553629398346 0.9781152606010437
vt 0.17331959307193756 0.9454090893268585
vt 0.17586658895015717 0.9766317903995514
vt 0.24062636494636536 0.9695432335138321
vt 0.34970447421073914 0.9510557278990746
vt 0.17586658895015717 0.9766317903995514
vt 0.24062636494636536 0.9695432335138321
vt 0.17331957817077637 0.9454090893268585
vt 0.2415553629398346 0.9781152606010437
vt 0.34970447421073914 0.9510557278990746
vt 0.17586658895015717 0.9766317903995514
vt 0.24062636494636536 0.9695432335138321
vt 0.30793315172195435 0.9936773777008057
vt 0.17331957817077637 0.9454090893268585
vt 0.30283915996551514 0.9312319755554199
vt 0.2415553629398346 0.9781152606010437
vt 0.34970447421073914 0.9510557278990746
vt 0.17331959307193756 0.9454090893268585
vt 0.17586658895015717 0.9766317903995514
vt 0.24062636494636536 0.9695432335138321
vt 0.17517755925655365 0.9625531435012817
vt 0.39471182227134705 0.953735426068306
vt 0.3065550923347473 0.9655200839042664
vt 0.17517755925655365 0.9625531435012817
vt 0.3065550923347473 0.9655200839042664
vt 0.17517754435539246 0.9625531435012817
vt 0.2390083521604538 0.9468925595283508
vt 0.34970447421073914 0.9510557278990746
vt 0.17517755925655365 0.9625531435012817
vt 0.239008367061615 0.9468925595283508
vt 0.34970447421073914 0.9510557278990746
vt 0.239008367061615 0.9468925595283508
vt 0.17517755925655365 0.9625531435012817
vt 0.17517754435539246 0.9625531435012817
vt 0.2390083521604538 0.9468925595283508
vt 0.2415553480386734 0.9781152606010437
vt 0.3065550923347473 0.9655200839042664
vt 0.2415553480386734 0.9781152606010437
vt 0.4859314262866974 0.9775889813899994
vt 0.440484881401062 0.9653246775269508
vt 0.3015243113040924 0.8492149859666824
vt 0.3435877561569214 0.8072463870048523
vt 0.2605666220188141 0.8240338265895844
vt 0.3424820005893707 0.8743961453437805
vt 0.4412662088871002 0.9861365705728531
vt 0.4412662088871002 0.9861365705728531
vt 0.17754550278186798 0.8408212661743164
vt 0.26001375913619995 0.8576087057590485
vt 0.17699262499809265 0.8743961453437805
vt 0.4838908016681671 0.9675336480140686
vt 0.4412662088871002 0.9861365705728531
vt 0.24189987778663635 0.9851545840501785
vt 0.2745720148086548 0.9823766574263573
vt 0.1425054371356964 0.965331070125103
vt 0.27364301681518555 0.9738046303391457
vt 0.27364301681518555 0.9738046303391457
vt 0.10855980217456818 0.9524976462125778
vt 0.04380001872777939 0.9595862030982971
vt 0.10983330011367798 0.9681089967489243
vt 0.23807936906814575 0.9383205324411392
vt 0.2713882327079773 0.9433482810854912
vt 0.27405521273612976 0.971817672252655
vt 0.1426776945590973 0.9688507318496704
vt 0.27278172969818115 0.9562063217163086
vt 0.27278172969818115 0.9562063217163086
vt 0.27278172969818115 0.9562063217163086
vt 0.10855979472398758 0.9524976462125778
vt 0.24062636494636536 0.9695432335138321
vt 0.27173274755477905 0.950387604534626
vt 0.04380001872777939 0.9595862030982971
vt 0.10983329266309738 0.9681089967489243
vt 0.17517755925655365 0.9625531435012817
vt 0.17586657404899597 0.9766317903995514
vt 0.10855980962514877 0.9524976462125778
vt 0.24121083319187164 0.9710759371519089
vt 0.2745719850063324 0.9823766574263573
vt 0.30793315172195435 0.9936773777008057
vt 0.04380001872777939 0.9595862030982971
vt 0.10983329266309738 0.9681089967489243
vt 0.17517755925655365 0.9625531435012817
vt 0.24121083319187164 0.9710759371519089
vt 0.2745719850063324 0.9823766574263573
vt 0.23935288190841675 0.9539318829774857
vt 0.27364301681518555 0.9738046303391457
vt 0.23935286700725555 0.9539318829774857
vt 0.24189986288547516 0.9851545840501785
vt 0.27364301681518555 0.9738046303391457
vt 0.23993733525276184 0.9554645866155624
vt 0.2713882327079773 0.9433482810854912
vt 0.17331957817077637 0.9454090893268585
vt 0.17331959307193756 0.9454090893268585
vt 0.23993733525276184 0.9554645866155624
vt 0.23807936906814575 0.9383205324411392
vt 0.2713882327079773 0.9433482810854912
vt 0.2713882327079773 0.9433482810854912
vt 0.23993733525276184 0.9554645866155624
vt 0.17754550278186798 0.8408212661743164
vt 0.26001375913619995 0.8576087057590485
vt 0.17699262499809265 0.8743961453437805
vt 0.3424820005893707 0.8743961453437805
vt 0.2605666220188141 0.8240338265895844
vt 0.3435877561569214 0.8072463870048523
vt 0.3015243113040924 0.8492149859666824
vt 0.437088280916214 0.9352434799075127
vt 0.437088280916214 0.9352434799075127
vt 0.17754550278186798 0.8408212661743164
vt 0.26001375913619995 0.8576087057590485
vt 0.17699262499809265 0.8743961453437805
vt 0.010999999940395355 0.8743961453437805
vt 0.006544226780533791 0.8072463870048523
vt 0.09151682257652283 0.8408212661743164
vt 0.3424820005893707 0.8743961453437805
vt 0.437088280916214 0.9352434799075127
vt 0.010999999940395355 0.8743961453437805
vt 0.006544226780533791 0.8072463870048523
vt 0.09151682257652283 0.8408212661743164
vt 0.09151681512594223 0.8408212661743164
vt 0.010999999940395355 0.8743961453437805
vt 0.17426152527332306 0.8408212661743164
vt 0.1720336377620697 0.8072463870048523
vt 0.24189987778663635 0.9851545840501785
vt 0.17586658895015717 0.9766317903995514
vt 0.24121084809303284 0.9710759371519089
vt 0.006544226780533791 0.8072463870048523
vt 0.2570062279701233 0.8408212661743164
vt 0.33752304315567017 0.8072463870048523
vt 0.17648938298225403 0.8743961453437805
vt 0.23935288190841675 0.9539318829774857
vt 0.3419787585735321 0.8743961453437805
vt 0.2745720148086548 0.9823766574263573
vt 0.09452437609434128 0.8576087057590485
vt 0.011503243818879128 0.8743961453437805
vt 0.012609001249074936 0.8072463870048523
vt 0.1780983805656433 0.8072463870048523
vt 0.2605666220188141 0.8240338265895844
vt 0.17586657404899597 0.9766317903995514
vt 0.24189986288547516 0.9851545840501785
vt 0.24121083319187164 0.9710759371519089
vt 0.30793315172195435 0.9936773777008057
vt 0.23935286700725555 0.9539318829774857
vt 0.1745131015777588 0.8743961453437805
vt 0.24121083319187164 0.9710759371519089
vt 0.2745719850063324 0.9823766574263573
vt 0.09452437609434128 0.8576087057590485
vt 0.011503243818879128 0.8743961453437805
vt 0.012609001249074936 0.8072463870048523
vt 0.1780983805656433 0.8072463870048523
vt 0.17586657404899597 0.9766317903995514
vt 0.27364301681518555 0.9738046303391457
vt 0.1745131015777588 0.8743961453437805
vt 0.09452436864376068 0.8576087057590485
vt 0.011503243818879128 0.8743961453437805
vt 0.012609001249074936 0.8072463870048523
vt 0.1745130866765976 0.8743961453437805
vt 0.04380001872777939 0.9595862030982971
vt 0.14157643914222717 0.9567590430378914
vt 0.23935286700725555 0.9539318829774857
vt 0.17331959307193756 0.9454090893268585
vt 0.1780983805656433 0.8072463870048523
vt 0.04380001872777939 0.9595862030982971
vt 0.10948877781629562 0.9610696732997894
vt 0.17331959307193756 0.9454090893268585
vt 0.7570347785949707 0.8240338265895844
vt 0.6745665073394775 0.8072463870048523
vt 0.8400558829307556 0.8072463870048523
vt 0.8395029902458191 0.8408212661743164
vt 0.17517754435539246 0.9625531435012817
vt 0.6734607219696045 0.8743961453437805
vt 0.9219712018966675 0.8576087057590485
vt 1.0044394731521606 0.8743961453437805
vt 0.8389500975608826 0.8743961453437805
vt 0.10983329266309738 0.9681089967489243
vt 1.0055452585220337 0.8072463870048523
vt 0.8364706039428711 0.8408212661743164
vt 0.6734607815742493 0.8072463870048523
vt 0.8389501571655273 0.8072463870048523
vt 0.24086631834506989 0.964036613702774
vt 0.2390083521604538 0.9468925595283508
vt 0.3065550923347473 0.9655200839042664
vt 0.7570347785949707 0.8240338265895844
vt 0.6745665073394775 0.8072463870048523
vt 0.8400558829307556 0.8072463870048523
vt 0.8395029902458191 0.8408212661743164
vt 0.9219712018966675 0.8576087057590485
vt 1.0044394731521606 0.8743961453437805
vt 0.8389500975608826 0.8743961453437805
vt 0.10948877781629562 0.9610696732997894
vt 1.0055452585220337 0.8072463870048523
vt 0.17517754435539246 0.9625531435012817
vt 0.8364706039428711 0.8408212661743164
vt 0.6734607815742493 0.8072463870048523
vt 0.8389501571655273 0.8072463870048523
vt 0.7570347785949707 0.8240338265895844
vt 0.8395029902458191 0.8408212661743164
vt 0.8400558829307556 0.8072463870048523
vt 0.6745665073394775 0.8072463870048523
vt 0.2390083521604538 0.9468925595283508
vt 0.27278172969818115 0.9562063217163086
vt 1.0044394731521606 0.8743961453437805
vt 1.0055452585220337 0.8072463870048523
vt 0.9219712018966675 0.8576087057590485
vt 0.42605599761009216 0.8240338265895844
vt 0.3435877561569214 0.8072463870048523
vt 0.5090771317481995 0.8072463870048523
vt 0.5085242390632629 0.8408212661743164
vt 0.5909924507141113 0.8576087057590485
vt 0.5079713463783264 0.8743961453437805
vt 0.3015243113040924 0.8492149859666824
vt 0.437088280916214 0.9352434799075127
vt 0.5054919123649597 0.8408212661743164
vt 0.3424820303916931 0.8072463870048523
vt 0.5079714059829712 0.8072463870048523
vt 0.42605599761009216 0.8240338265895844
vt 0.5090771317481995 0.8072463870048523
vt 0.5085242390632629 0.8408212661743164
vt 0.5909924507141113 0.8576087057590485
vt 0.6734607219696045 0.8743961453437805
vt 0.5079713463783264 0.8743961453437805
vt 0.440484881401062 0.9653246775269508
vt 0.4859314262866974 0.9775889813899994
vt 0.5054919123649597 0.8408212661743164
vt 0.3424820303916931 0.8072463870048523
vt 0.5079714059829712 0.8072463870048523
vt 0.42605599761009216 0.8240338265895844
vt 0.5085242390632629 0.8408212661743164
vt 0.5090771317481995 0.8072463870048523
vt 0.25477832555770874 0.8072463870048523
vt 0.25477829575538635 0.8743961453437805
vt 0.2572578191757202 0.8408212661743164
vt 0.17203359305858612 0.8743961453437805
vt 0.3375230133533478 0.8743961453437805
vt 0.25923407077789307 0.8743961453437805
vt 0.4213816523551941 0.8240338265895844
vt 0.33752304315567017 0.8072463870048523
vt 0.5030124187469482 0.8072463870048523
vt 0.505240261554718 0.8408212661743164
vt 0.4412662088871002 0.9861365705728531
vt 0.6685016751289368 0.8743961453437805
vt 0.5030123591423035 0.8743961453437805
vt 0.4412662088871002 0.9861365705728531
vt 0.5890989303588867 0.8576087057590485
vt 0.6729575395584106 0.8743961453437805
vt 0.5074681639671326 0.8743961453437805
vt 0.4213816523551941 0.8240338265895844
vt 0.33752304315567017 0.8072463870048523
vt 0.5030124187469482 0.8072463870048523
vt 0.505240261554718 0.8408212661743164
vt 0.4412662088871002 0.9861365705728531
vt 0.6685016751289368 0.8743961453437805
vt 0.5030123591423035 0.8743961453437805
vt 0.5890989303588867 0.8576087057590485
vt 0.6729575395584106 0.8743961453437805
vt 0.5074681639671326 0.8743961453437805
vt 0.4412662088871002 0.9861365705728531
vt 0.4213816523551941 0.8240338265895844
vt 0.4412662088871002 0.9861365705728531
vt 0.5890989303588867 0.8576087057590485
vt 0.505240261554718 0.8408212661743164
vt 0.5074681639671326 0.8743961453437805
vt 0.6729575395584106 0.8743961453437805
vt 0.6685017347335815 0.8072463870048523
vt 0.9200776815414429 0.8576087057590485
vt 1.0039362907409668 0.8743961453437805
vt 0.8384469151496887 0.8743961453437805
vt 0.8362190127372742 0.8408212661743164
vt 0.9994804859161377 0.8072463870048523
vt 0.7523603439331055 0.8240338265895844
vt 0.6685017347335815 0.8072463870048523
vt 0.8339911103248596 0.8072463870048523
vt 0.437088280916214 0.9352434799075127
vt 0.8364706039428711 0.8072463870048523
vt 0.7523603439331055 0.8240338265895844
vt 0.6685017347335815 0.8072463870048523
vt 0.8339911103248596 0.8072463870048523
vt 0.8362190127372742 0.8408212661743164
vt 0.437088280916214 0.9352434799075127
vt 0.8364706039428711 0.8072463870048523
vt 0.9994804859161377 0.8072463870048523
vt 0.437088280916214 0.9352434799075127
vt 0.9200776815414429 0.8576087057590485
vt 1.0039362907409668 0.8743961453437805
vt 0.8384469151496887 0.8743961453437805
vt 0.7523603439331055 0.8240338265895844
vt 0.437088280916214 0.9352434799075127
vt 0.9200776815414429 0.8576087057590485
vt 0.8362190127372742 0.8408212661743164
vt 0.8384469151496887 0.8743961453437805
vt 1.0039362907409668 0.8743961453437805
vt 0.9994804859161377 0.8072463870048523
vt 0.440484881401062 0.9653246775269508
vt 0.440484881401062 0.9653246775269508
vt 0.6653077602386475 0.9896578788757324
vt 0.6628979444503784 0.9526695609092712
vt 0.5744146704673767 0.9651292711496353
vt 0.48472651839256287 0.9590948224067688
vt 0.4859314262866974 0.9775889813899994
vt 0.5744146704673767 0.9651292711496353
vt 0.6628979444503784 0.9526695609092712
vt 0.48472651839256287 0.9590948224067688
vt 0.4859314262866974 0.9775889813899994
vt 0.6653077602386475 0.9896578788757324
vt 0.5744146704673767 0.9651292711496353
vt 0.6628979444503784 0.9526695609092712
vt 0.48472651839256287 0.9590948224067688
vt 0.4828685522079468 0.9419507682323456
vt 0.5744146704673767 0.9651292711496353
vt 0.6628979444503784 0.9526695609092712
vt 0.48472651839256287 0.9590948224067688
vt 0.4859314262866974 0.9775889813899994
vt 0.6653077602386475 0.9896578788757324
vt 0.17729386687278748 0.8743961453437805
vt 0.17648938298225403 0.8743961453437805
vt 0.25923407077789307 0.8743961453437805
vt 0.5744146704673767 0.9651292711496353
vt 0.6628979444503784 0.9526695609092712
vt 0.48472651839256287 0.9590948224067688
vt 0.4859314262866974 0.9775889813899994
vt 0.6653077602386475 0.9896578788757324
vt 0.4828685522079468 0.9419507682323456
vt 0.5744146704673767 0.9651292711496353
vt 0.6628979444503784 0.9526695609092712
vt 0.48472651839256287 0.9590948224067688
vt 0.4859314262866974 0.9775889813899994
vt 0.6653077602386475 0.9896578788757324
vt 0.4828685522079468 0.9419507682323456
vt 0.6628979444503784 0.9526695609092712
vt 0.5744146704673767 0.9651292711496353
vt 0.6628979444503784 0.9526695609092712
vt 0.48472651839256287 0.9590948224067688
vt 0.4859314262866974 0.9775889813899994
vt 0.6653077602386475 0.9896578788757324
vt 0.4828685522079468 0.9419507682323456
vt 0.6653077602386475 0.9896578788757324
vt 0.5744146704673767 0.9651292711496353
vt 0.5744146704673767 0.9651292711496353
vt 0.6628979444503784 0.9526695609092712
vt 0.48472651839256287 0.9590948224067688
vt 0.4859314262866974 0.9775889813899994
vt 0.6653077602386475 0.9896578788757324
vt 0.5744146704673767 0.9651292711496353
vt 0.6628979444503784 0.9526695609092712
vt 0.48472651839256287 0.9590948224067688
vt 0.4859314262866974 0.9775889813899994
vt 0.6653077602386475 0.9896578788757324
vt 0.4828685522079468 0.9419507682323456
vt 0.5744146704673767 0.9651292711496353
vt 0.6628979444503784 0.9526695609092712
vt 0.48472651839256287 0.9590948224067688
vt 0.4859314262866974 0.9775889813899994
vt 0.6653077602386475 0.9896578788757324
vt 0.4828685522079468 0.9419507682323456
vt 0.2570062279701233 0.8408212661743164
vt 0.6628979444503784 0.9526695609092712
vt 0.6653077602386475 0.9896578788757324
vt 0.5744146704673767 0.9651292711496353
vt 0.09052865207195282 0.8576087057590485
vt 0.08928889036178589 0.8743961453437805
vt 0.6628979444503784 0.9526695609092712
vt 0.6653077602386475 0.9896578788757324
vt 0.5744146704673767 0.9651292711496353
vt 0.6653077602386475 0.9896578788757324
vt 0.006544188596308231 0.8743961453437805
vt 0.08928893506526947 0.8072463870048523
vt 0.6628979444503784 0.9526695609092712
vt 0.6653077602386475 0.9896578788757324
vt 0.5713374018669128 0.9392549842596054
vt 0.6598062515258789 0.9365592002868652
vt 0.481322705745697 0.9338955879211426
vt 0.4828685522079468 0.9419507682323456
vt 0.6628979444503784 0.9526695609092712
vt 0.4838908016681671 0.9675336480140686
vt 0.4813648760318756 0.9387263059616089
vt 0.6598484516143799 0.9413899183273315
vt 0.30288130044937134 0.9360626935958862
vt 0.5744146704673767 0.9651292711496353
vt 0.5713374018669128 0.9392549842596054
vt 0.6598062515258789 0.9365592002868652
vt 0.481322705745697 0.9338955879211426
vt 0.4828685522079468 0.9419507682323456
vt 0.6628979444503784 0.9526695609092712
vt 0.4813648760318756 0.9387263059616089
vt 0.6598484516143799 0.9413899183273315
vt 0.5713374018669128 0.9392549842596054
vt 0.6598062515258789 0.9365592002868652
vt 0.4813648760318756 0.9387263059616089
vt 0.6598484516143799 0.9413899183273315
vt 0.5713374018669128 0.9392549842596054
vt 0.6598062515258789 0.9365592002868652
vt 0.4838908016681671 0.9675336480140686
vt 0.4813648760318756 0.9387263059616089
vt 0.6598484516143799 0.9413899183273315
vt 0.30288130044937134 0.9360626935958862
vt 0.4859314262866974 0.9775889813899994
vt 0.48472651839256287 0.9590948224067688
vt 0.5713374018669128 0.9392549842596054
vt 0.6598062515258789 0.9365592002868652
vt 0.4813648760318756 0.9387263059616089
vt 0.6598484516143799 0.9413899183273315
vt 0.5713374018669128 0.9392549842596054
vt 0.6598062515258789 0.9365592002868652
vt 0.4838908016681671 0.9675336480140686
vt 0.4813648760318756 0.9387263059616089
vt 0.6598484516143799 0.9413899183273315
vt 0.30288130044937134 0.9360626935958862
vt 0.6653077602386475 0.9896578788757324
vt 0.5744146704673767 0.9651292711496353
vt 0.5713374018669128 0.9392549842596054
vt 0.6598062515258789 0.9365592002868652
vt 0.4838908016681671 0.9675336480140686
vt 0.4813648760318756 0.9387263059616089
vt 0.6598484516143799 0.9413899183273315
vt 0.30288130044937134 0.9360626935958862
vt 0.5713374018669128 0.9392549842596054
vt 0.6598062515258789 0.9365592002868652
vt 0.4838908016681671 0.9675336480140686
vt 0.4813648760318756 0.9387263059616089
vt 0.6598484516143799 0.9413899183273315
vt 0.30288130044937134 0.9360626935958862
vt 0.17729385197162628 0.8743961453437805
vt 0.4859314262866974 0.9775889813899994
vt 0.48472651839256287 0.9590948224067688
vt 0.5713374018669128 0.9392549842596054
vt 0.6598062515258789 0.9365592002868652
vt 0.481322705745697 0.9338955879211426
vt 0.4813648760318756 0.9387263059616089
vt 0.6598484516143799 0.9413899183273315
vt 0.30288130044937134 0.9360626935958862
vt 0.5713374018669128 0.9392549842596054
vt 0.6598062515258789 0.9365592002868652
vt 0.4838908016681671 0.9675336480140686
vt 0.4813648760318756 0.9387263059616089
vt 0.6598484516143799 0.9413899183273315
vt 0.30288130044937134 0.9360626935958862
vt 0.6653077602386475 0.9896578788757324
vt 0.5744146704673767 0.9651292711496353
vt 0.5713374018669128 0.9392549842596054
vt 0.6598062515258789 0.9365592002868652
vt 0.481322705745697 0.9338955879211426
vt 0.4838908016681671 0.9675336480140686
vt 0.4813648760318756 0.9387263059616089
vt 0.6598484516143799 0.9413899183273315
vt 0.30288130044937134 0.9360626935958862
vt 0.5713374018669128 0.9392549842596054
vt 0.6598062515258789 0.9365592002868652
vt 0.481322705745697 0.9338955879211426
vt 0.4838908016681671 0.9675336480140686
vt 0.4813648760318756 0.9387263059616089
vt 0.6598484516143799 0.9413899183273315
vt 0.30288130044937134 0.9360626935958862
vt 0.30283915996551514 0.9312319755554199
vt 0.5713374018669128 0.9392549842596054
vt 0.6598062515258789 0.9365592002868652
vt 0.481322705745697 0.9338955879211426
vt 0.4838908016681671 0.9675336480140686
vt 0.4813648760318756 0.9387263059616089
vt 0.6598484516143799 0.9413899183273315
vt 0.30288130044937134 0.9360626935958862
vt 0.5713374018669128 0.9392549842596054
vt 0.6598062515258789 0.9365592002868652
vt 0.4838908016681671 0.9675336480140686
vt 0.4813648760318756 0.9387263059616089
vt 0.6598484516143799 0.9413899183273315
vt 0.30288130044937134 0.9360626935958862
vt 0.5713374018669128 0.9392549842596054
vt 0.6598062515258789 0.9365592002868652
vt 0.481322705745697 0.9338955879211426
vt 0.4813648760318756 0.9387263059616089
vt 0.6598484516143799 0.9413899183273315
vt 0.5713374018669128 0.9392549842596054
vt 0.6598062515258789 0.9365592002868652
vt 0.481322705745697 0.9338955879211426
vt 0.4838908016681671 0.9675336480140686
vt 0.4813648760318756 0.9387263059616089
vt 0.6598484516143799 0.9413899183273315
vt 0.30288130044937134 0.9360626935958862
vt 0.5745992660522461 0.9785957634449005
vt 0.4866204559803009 0.991667628288269
vt 0.5745992660522461 0.9785957634449005
vt 0.5745992660522461 0.9785957634449005
vt 0.4866204559803009 0.991667628288269
vt 0.5745992660522461 0.9785957634449005
vt 0.4866204559803009 0.991667628288269
vt 0.5745992660522461 0.9785957634449005
vt 0.4866204559803009 0.991667628288269
vt 0.5745992660522461 0.9785957634449005
vt 0.4866204559803009 0.991667628288269
vt 0.5745992660522461 0.9785957634449005
vt 0.4866204559803009 0.991667628288269
vt 0.5745992660522461 0.9785957634449005
vt 0.4866204559803009 0.991667628288269
vt 0.24062636494636536 0.9695432335138321
vt 0.04380001872777939 0.9595862030982971
vt 0.17517754435539246 0.9625531435012817
vt 0.27173274755477905 0.950387604534626
vt 0.10948878526687622 0.9610696732997894
vt 0.10855980217456818 0.9524976462125778
vt 0.04380001872777939 0.9595862030982971
vt 0.27173274755477905 0.950387604534626
vt 0.23807936906814575 0.9383205324411392
vt 0.23807936906814575 0.9383205324411392
vt 0.24086631834506989 0.964036613702774
vt 0.27278172969818115 0.9562063217163086
vt 0.24086633324623108 0.964036613702774
vt 0.27278172969818115 0.9562063217163086
vt 0.24086633324623108 0.964036613702774
vt 0.27278172969818115 0.9562063217163086
vt 0.04380001872777939 0.9595862030982971
vt 0.17331959307193756 0.9454090893268585
vt 0.24086631834506989 0.964036613702774
vt 0.27278172969818115 0.9562063217163086
vt 0.27405521273612976 0.971817672252655
vt 0.24086633324623108 0.964036613702774
vt 0.75458824634552 0.8576087057590485
vt 0.75458824634552 0.8576087057590485
vt 0.24086633324623108 0.964036613702774
vt 0.75458824634552 0.8576087057590485
vt 0.42360949516296387 0.8576087057590485
vt 0.04380001872777939 0.9595862030982971
vt 0.1426776945590973 0.9688507318496704
vt 0.42360949516296387 0.8576087057590485
vt 0.42360949516296387 0.8576087057590485
vt 0.5915453433990479 0.8240338265895844
vt 0.5915453433990479 0.8240338265895844
vt 0.5909924507141113 0.8576087057590485
vt 0.04380001872777939 0.9595862030982971
vt 0.1426776945590973 0.9688507318496704
vt 0.5915453433990479 0.8240338265895844
vt 0.922524094581604 0.8240338265895844
vt 0.922524094581604 0.8240338265895844
vt 0.922524094581604 0.8240338265895844
vt 0.09507724642753601 0.8240338265895844
vt 0.09507725387811661 0.8240338265895844
vt 0.09507725387811661 0.8240338265895844
vt 0.27405524253845215 0.971817672252655
vt 0.10855980962514877 0.9524976462125778
vt 0.04380001872777939 0.9595862030982971
vt 0.10855980217456818 0.9524976462125778
vt 0.10855980217456818 0.9524976462125778
vt 0.10948877781629562 0.9610696732997894
vt 0.10855980217456818 0.9524976462125778
vt 0.440484881401062 0.9653246775269508
vt 0.7564818859100342 0.8576087057590485
vt 1.0039362907409668 0.8072463870048523
vt 0.8392513990402222 0.8072463870048523
vt 0.8384469151496887 0.8072463870048523
vt 0.6745664477348328 0.8743961453437805
vt 0.8392513990402222 0.8408212661743164
vt 0.9228005409240723 0.8072463870048523
vt 1.0039362907409668 0.8072463870048523
vt 0.9228005409240723 0.8072463870048523
vt 0.8392513990402222 0.8072463870048523
vt 0.8392513990402222 0.8408212661743164
vt 0.8384469151496887 0.8072463870048523
vt 0.6745664477348328 0.8743961453437805
vt 1.0039362907409668 0.8072463870048523
vt 0.9228005409240723 0.8072463870048523
vt 0.8392513990402222 0.8072463870048523
vt 0.8392513990402222 0.8408212661743164
vt 0.8384469151496887 0.8072463870048523
vt 0.6745664477348328 0.8743961453437805
vt 1.0044394731521606 0.8072463870048523
vt 0.9204550385475159 0.8072463870048523
vt 0.8364706039428711 0.8072463870048523
vt 0.6734607815742493 0.8072463870048523
vt 0.8364706039428711 0.8408212661743164
vt 0.9204550385475159 0.8240338265895844
vt 0.7152477502822876 0.8492149859666824
vt 0.7564818859100342 0.8576087057590485
vt 0.8339911103248596 0.8072463870048523
vt 0.9204550385475159 0.8072463870048523
vt 1.0044394731521606 0.8072463870048523
vt 0.9204550385475159 0.8240338265895844
vt 0.9204550385475159 0.8072463870048523
vt 1.0044394731521606 0.8072463870048523
vt 0.9204550385475159 0.8240338265895844
vt 0.10855980217456818 0.9524976462125778
vt 0.012608961202204227 0.8743961453437805
vt 0.17809833586215973 0.8743961453437805
vt 0.3419787883758545 0.8072463870048523
vt 0.17729388177394867 0.8408212661743164
vt 0.09374469518661499 0.8743961453437805
vt 0.012608961202204227 0.8743961453437805
vt 0.0937446877360344 0.8743961453437805
vt 0.17729386687278748 0.8408212661743164
vt 0.17809835076332092 0.8743961453437805
vt 0.3419787883758545 0.8072463870048523
vt 0.012608961202204227 0.8743961453437805
vt 0.0937446877360344 0.8743961453437805
vt 0.17648938298225403 0.8743961453437805
vt 0.2570062279701233 0.8408212661743164
vt 0.17729386687278748 0.8743961453437805
vt 0.17729386687278748 0.8408212661743164
vt 0.17809835076332092 0.8743961453437805
vt 0.3419787883758545 0.8072463870048523
vt 0.09052863717079163 0.8743961453437805
vt 0.17451311647891998 0.8408212661743164
vt 0.09052864462137222 0.8743961453437805
vt 0.006544188596308231 0.8743961453437805
vt 0.1745131015777588 0.8408212661743164
vt 0.17203360795974731 0.8743961453437805
vt 0.09052864462137222 0.8576087057590485
vt 0.09052864462137222 0.8743961453437805
vt 0.006544188596308231 0.8743961453437805
vt 0.1745131015777588 0.8408212661743164
vt 0.17203360795974731 0.8743961453437805
vt 0.09052864462137222 0.8576087057590485
vt 0.6729575395584106 0.8072463870048523
vt 0.5918217897415161 0.8743961453437805
vt 0.5090770721435547 0.8743961453437805
vt 0.5918217897415161 0.8072463870048523
vt 0.508272647857666 0.8408212661743164
vt 0.343587726354599 0.8743961453437805
vt 0.5074681639671326 0.8072463870048523
vt 0.508272647857666 0.8408212661743164
vt 0.5090770721435547 0.8743961453437805
vt 0.343587726354599 0.8743961453437805
vt 0.6729575395584106 0.8072463870048523
vt 0.5074681639671326 0.8072463870048523
vt 0.5090770721435547 0.8743961453437805
vt 0.6729575395584106 0.8072463870048523
vt 0.508272647857666 0.8408212661743164
vt 0.343587726354599 0.8743961453437805
vt 0.5074681639671326 0.8072463870048523
vt 0.5918217897415161 0.8743961453437805
vt 0.5918217897415161 0.8072463870048523
vt 0.5918217897415161 0.8743961453437805
vt 0.5918217897415161 0.8072463870048523
vt 0.7557022571563721 0.8072463870048523
vt 0.7557022571563721 0.8743961453437805
vt 0.7557022571563721 0.8072463870048523
vt 0.7557022571563721 0.8743961453437805
vt 0.7557022571563721 0.8072463870048523
vt 0.7557022571563721 0.8743961453437805
vt 0.6685016751289368 0.8743961453437805
vt 0.5894763469696045 0.8240338265895844
vt 0.5054919123649597 0.8408212661743164
vt 0.3424820303916931 0.8072463870048523
vt 0.5030123591423035 0.8743961453437805
vt 0.5030124187469482 0.8072463870048523
vt 0.5894763469696045 0.8240338265895844
vt 0.5894763469696045 0.8240338265895844
vt 0.7524861097335815 0.8576087057590485
vt 0.7524861693382263 0.8072463870048523
vt 0.7524861097335815 0.8576087057590485
vt 0.7524861693382263 0.8072463870048523
vt 0.7524861097335815 0.8576087057590485
vt 0.7524861693382263 0.8072463870048523
vt 0.7152477502822876 0.8492149859666824
vt 0.6734607219696045 0.8743961453437805
vt 0.7564818859100342 0.8576087057590485
vt 0.2572578191757202 0.8408212661743164
vt 0.3375230133533478 0.8743961453437805
vt 0.2572578191757202 0.8408212661743164
vt 0.3375230133533478 0.8743961453437805
vt 0.26084303855895996 0.8743961453437805
vt 0.26084306836128235 0.8072463870048523
vt 0.26084303855895996 0.8743961453437805
vt 0.26084306836128235 0.8072463870048523
vt 0.26084303855895996 0.8743961453437805
vt 0.26084306836128235 0.8072463870048523
vt 0.42472347617149353 0.8072463870048523
vt 0.42472344636917114 0.8743961453437805
vt 0.42472347617149353 0.8072463870048523
vt 0.42472344636917114 0.8743961453437805
vt 0.3419787585735321 0.8743961453437805
vt 0.42472347617149353 0.8072463870048523
vt 0.42472344636917114 0.8743961453437805
vt 0.3419787585735321 0.8743961453437805
vt 0.42150747776031494 0.8576087057590485
vt 0.42150747776031494 0.8576087057590485
vt 0.42150747776031494 0.8576087057590485
vt 0.10983330011367798 0.9681089967489243
vt 0.797715961933136 0.8660024255514145
vt 0.8389500975608826 0.8743961453437805
vt 0.8389501571655273 0.8072463870048523
vt 0.38426899909973145 0.8492149859666824
vt 0.425503134727478 0.8576087057590485
vt 0.38426899909973145 0.8492149859666824
vt 0.425503134727478 0.8576087057590485
vt 0.6327794790267944 0.8324275463819504
vt 0.38426899909973145 0.8492149859666824
vt 0.425503134727478 0.8576087057590485
vt 0.46673721075057983 0.8660024255514145
vt 0.5079713463783264 0.8743961453437805
vt 0.5079714059829712 0.8072463870048523
vt 0.6327794790267944 0.8324275463819504
vt 0.3816801905632019 0.8492149859666824
vt 0.6288003325462341 0.8324275463819504
vt 0.5868710279464722 0.8240338265895844
vt 0.3816801905632019 0.8492149859666824
vt 0.6288003325462341 0.8324275463819504
vt 0.5868710279464722 0.8240338265895844
vt 0.5868710279464722 0.8240338265895844
vt 0.7126589417457581 0.8492149859666824
vt 0.17426151037216187 0.8408212661743164
vt 0.2145199328660965 0.8240338265895844
vt 0.1720336377620697 0.8072463870048523
vt 0.08928889781236649 0.8743961453437805
vt 0.08928892761468887 0.8072463870048523
vt 0.9178497791290283 0.8240338265895844
vt 0.7126589417457581 0.8492149859666824
vt 0.9178497791290283 0.8240338265895844
vt 0.9178497791290283 0.8240338265895844
vt 0.2994924783706665 0.8576087057590485
vt 0.25923407077789307 0.8743961453437805
vt 0.17426151037216187 0.8408212661743164
vt 0.2145199328660965 0.8240338265895844
vt 0.1720336377620697 0.8072463870048523
vt 0.08928889781236649 0.8743961453437805
vt 0.08928892761468887 0.8072463870048523
vt 0.2994924783706665 0.8576087057590485
vt 0.440484881401062 0.9653246775269508
vt 0.440484881401062 0.9653246775269508
vt 0.440484881401062 0.9653246775269508
vt 0.4866204559803009 0.991667628288269
vt 0.5745992660522461 0.9785957634449005
vt 0.5745992660522461 0.9785957634449005
vt 0.4866204559803009 0.991667628288269
vt 0.5745992660522461 0.9785957634449005
vt 0.4866204559803009 0.991667628288269
vt 0.4866204559803009 0.991667628288269
vt 0.4866204559803009 0.991667628288269
vt 0.5745992660522461 0.9785957634449005
vt 0.5745992660522461 0.9785957634449005
vt 0.5745992660522461 0.9785957634449005
vt 0.5745992660522461 0.9785957634449005
vt 0.5745992660522461 0.9785957634449005
vt 2.8928630352020264 2.388208031654358
vt 2.8928630352020264 2.3470592498779297
vt 2.9985015392303467 2.429356813430786
vt 2.4276633262634277 2.7550783157348633
vt 2.3557510375976562 2.7550783157348633
vt 2.4276633262634277 2.734503746032715
vt 2.4276633262634277 2.8159340620040894
vt 2.2838387489318848 2.429356813430786
vt 2.211926221847534 2.429356813430786
vt 2.2838387489318848 2.408782482147217
vt 2.499575614929199 2.7550783157348633
vt 2.3557510375976562 2.4293569326400757
vt 2.2119264602661133 2.6727800369262695
vt 2.2838387489318848 2.6727800369262695
vt 2.2838387489318848 2.693354606628418
vt 2.3557510375976562 2.672780156135559
vt 2.2838387489318848 2.6119242906570435
vt 2.3557510375976562 2.388208031654358
vt 2.499575614929199 2.4293570518493652
vt 2.4276633262634277 2.4293570518493652
vt 2.4276633262634277 2.408782482147217
vt 2.4276633262634277 2.4902127981185913
vt 2.2838387489318848 2.9376455545425415
vt 2.2838387489318848 2.8767898082733154
vt 2.3557510375976562 2.8767898082733154
vt 2.2119264602661133 2.8767898082733154
vt 2.211926221847534 2.3470590114593506
vt 2.2838387489318848 2.3470590114593506
vt 2.2838387489318848 2.367633581161499
vt 2.3557510375976562 2.34705913066864
vt 2.2838382720947266 2.286203145980835
vt 2.499575138092041 2.103635787963867
vt 2.4276628494262695 2.103635787963867
vt 2.4276628494262695 2.0830612182617188
vt 2.355750560760498 2.1036356687545776
vt 2.2838387489318848 2.4902126789093018
vt 2.4276628494262695 2.164491653442383
vt 2.643400192260742 2.3882081508636475
vt 2.7153124809265137 2.3676337003707886
vt 2.7153124809265137 2.4087826013565063
vt 2.787224531173706 2.3470592498779297
vt 2.211925983428955 2.0213377475738525
vt 2.2838382720947266 2.0213377475738525
vt 2.2838382720947266 2.041912317276001
vt 2.355750560760498 2.021337866783142
vt 2.643399715423584 2.0624868869781494
vt 2.7153120040893555 2.0419124364852905
vt 2.7153120040893555 2.0830613374710083
vt 2.643399715423584 2.103635787963867
vt 2.5714874267578125 2.0830613374710083
vt 2.787224292755127 2.103635787963867
vt 2.7153120040893555 2.103635787963867
vt 2.5714874267578125 2.0419124364852905
vt 2.7153120040893555 2.164491653442383
vt 2.2838387489318848 2.8159340620040894
vt 2.499575138092041 2.0213379859924316
vt 2.5714874267578125 2.0213379859924316
vt 2.9456820487976074 2.0830613374710083
vt 2.8928627967834473 2.103635787963867
vt 2.8928627967834473 2.0624868869781494
vt 2.4276628494262695 2.041912317276001
vt 2.355750560760498 2.06248676776886
vt 2.643399715423584 2.0213379859924316
vt 2.787224769592285 2.4293570518493652
vt 2.7153124809265137 2.4293570518493652
vt 2.643400192260742 2.4293570518493652
vt 2.2838387489318848 2.7550783157348633
vt 2.2119264602661133 2.7550783157348633
vt 2.2838387489318848 2.734503746032715
vt 2.7153124809265137 2.490212917327881
vt 2.499575614929199 2.3470592498779297
vt 2.5714879035949707 2.3470592498779297
vt 2.5714879035949707 2.3676337003707886
vt 2.643400192260742 2.3470592498779297
vt 2.0006494522094727 2.3470590114593506
vt 2.106287956237793 2.3470590114593506
vt 2.106287956237793 2.3882079124450684
vt 2.643400192260742 2.713929295539856
vt 2.7153124809265137 2.693354845046997
vt 2.7153124809265137 2.734503746032715
vt 2.5714879035949707 2.286203384399414
vt 2.787224769592285 2.7550783157348633
vt 2.7153124809265137 2.7550783157348633
vt 2.643400192260742 2.7550783157348633
vt 2.9985013008117676 2.0213379859924316
vt 2.7153124809265137 2.8159340620040894
vt 2.3557510375976562 2.7139291763305664
vt 2.5714879035949707 2.693354845046997
vt 2.499575614929199 2.6727802753448486
vt 2.5714879035949707 2.6727802753448486
vt 2.643400192260742 2.672780394554138
vt 2.5714879035949707 2.611924409866333
vt 2.4276633262634277 2.367633581161499
vt 2.643399953842163 2.2253475189208984
vt 2.7153120040893555 2.2253475189208984
vt 2.787224769592285 2.6727805137634277
vt 2.1062872409820557 2.021337866783142
vt 2.1062872409820557 2.06248676776886
vt 2.211925983428955 2.103635549545288
vt 2.4276633262634277 2.6933547258377075
vt 2.0006484985351562 2.0213379859924316
vt 2.787224292755127 2.2253475189208984
vt 2.787224292755127 2.0213379859924316
vt 2.643400192260742 2.8767898082733154
vt 2.7153124809265137 2.8767898082733154
vt 2.787224769592285 2.876789927482605
vt 2.7153124809265137 2.937645673751831
vt 2.8928632736206055 2.672780394554138
vt 2.8928632736206055 2.7139294147491455
vt 2.9985015392303467 2.7550783157348633
vt 2.5714879035949707 2.734503746032715
vt 2.643400192260742 2.998501420021057
vt 2.7153124809265137 2.9985015392303467
vt 2.8928632736206055 2.7550783157348633
vt 2.787224769592285 2.9985015392303467
vt 2.5714879035949707 2.7550783157348633
vt 2.0006494522094727 2.6727800369262695
vt 2.106287956237793 2.6727800369262695
vt 2.106287956237793 2.7139291763305664
vt 2.5714879035949707 2.8159340620040894
vt 2.106287956237793 2.7550781965255737
vt 2.8928632736206055 2.4293569326400757
vt 2.499575614929199 2.9985013008117676
vt 2.5714879035949707 2.9376455545425415
vt 2.5714879035949707 2.9985013008117676
vt 2.8928627967834473 2.0213379859924316
vt 2.7153120040893555 2.0213379859924316
vt 2.106287956237793 2.429356813430786
vt 2.0006494522094727 2.429356813430786
vt 2.4276628494262695 2.0213379859924316
vt 2.499575614929199 2.8767898082733154
vt 2.5714879035949707 2.8767898082733154
vt 2.4276633262634277 2.8767898082733154
vt 2.2119264602661133 2.551068425178528
vt 2.2838387489318848 2.5510685443878174
vt 2.840043544769287 2.0624868869781494
vt 2.7153122425079346 2.286203384399414
vt 2.7153124809265137 2.3470592498779297
vt 2.5714874267578125 2.103635787963867
vt 2.5714874267578125 2.164491653442383
vt 2.49957537651062 2.2253475189208984
vt 2.5714876651763916 2.2253475189208984
vt 2.4276633262634277 2.3470592498779297
vt 2.4276630878448486 2.286203384399414
vt 2.4276628494262695 2.2253475189208984
vt 2.355750560760498 2.225347399711609
vt 2.787224769592285 2.490212917327881
vt 2.787224769592285 2.5510687828063965
vt 2.0006494522094727 2.755078077316284
vt 2.2838382720947266 2.2253472805023193
vt 2.211925983428955 2.2253472805023193
vt 2.2838382720947266 2.0830612182617188
vt 2.1062874794006348 2.103635549545288
vt 2.0006489753723145 2.103635549545288
vt 2.2838382720947266 2.1644914150238037
vt 2.5714879035949707 2.4087826013565063
vt 2.2838382720947266 2.103635549545288
vt 2.3557510375976562 2.9985013008117676
vt 2.4276633262634277 2.9376455545425415
vt 2.4276633262634277 2.9985013008117676
vt 2.643400192260742 2.551068663597107
vt 2.7153124809265137 2.5510687828063965
vt 2.7153124809265137 2.611924648284912
vt 2.2119266986846924 2.9985013008117676
vt 2.2838387489318848 2.9985013008117676
vt 2.7153124809265137 2.6727805137634277
vt 2.5714879035949707 2.4293570518493652
vt 2.5714879035949707 2.490212917327881
vt 2.3557510375976562 2.5510685443878174
vt 2.499575614929199 2.551068663597107
vt 2.787224292755127 2.164491653442383
vt 2.4276633262634277 2.611924409866333
vt 2.9985013008117676 2.0624868869781494
vt 2.9985013008117676 2.103635787963867
vt 2.9985015392303467 2.3470592498779297
vt 2.9985015392303467 2.388208031654358
vt 2.9985015392303467 2.6727802753448486
vt 2.9985015392303467 2.713929295539856
vt 2.5714879035949707 2.551068663597107
vt 2.4276633262634277 2.6727802753448486
vt 2.4276633262634277 2.5510685443878174
vt 0.8607932329177856 0.625
vt 0.9261413812637329 0.75
vt 0.7954457998275757 0.75
vt 0.40335655212402344 0.25
vt 0.4687047600746155 0.375
vt 0.40335655212402344 0.5
vt 0.40335655212402344 1.0976455211639404
vt 0.40335655212402344 1
vt 0.3400000035762787 1.0642998218536377
vt 0.72688889503479 0.375
vt 0.6608492136001587 0.5
vt 0.7914007306098938 0.5
vt 0.7929285764694214 0.25
vt 0.5318255424499512 0.25
vt 0.40335655212402344 1
vt 0.40335655212402344 1.0976455211639404
vt 0.3400000035762787 1.0642995834350586
vt 0.7898728847503662 0.75
vt 0.8559125661849976 0.625
vt 0.5964760780334473 0.625
vt 0.5321028828620911 0.75
vt 0.7300975918769836 0.625
vt 0.7954457998275757 0.75
vt 0.5994011759757996 0.625
vt 0.9261434078216553 1.3232342302799225
vt 0.9261435270309448 1.548822820186615
vt 0.795446515083313 1.3232342302799225
vt 0.926143229007721 1.09764564037323
vt 0.9446073770523071 1.3232342302799225
vt 0.9261434078216553 1.3232342302799225
vt 0.9261435270309448 1.548822820186615
vt 0.795446515083313 1.3232342302799225
vt 0.926143229007721 1.09764564037323
vt 0.9446073770523071 1.3232342302799225
vt 0.9261434078216553 1.3232342302799225
vt 0.9261435270309448 1.548822820186615
vt 0.795446515083313 1.3232342302799225
vt 0.926143229007721 1.09764564037323
vt 0.9446073770523071 1.3232342302799225
vt 0.40335655212402344 1.3232341408729553
vt 0.5340532064437866 1.3232341706752777
vt 0.40335655212402344 1.5488227605819702
vt 0.38751742243766785 1.3232341408729553
vt 0.40335655212402344 1.3232341408729553
vt 0.40335655212402344 1.0976455211639404
vt 0.5340532064437866 1.3232341706752777
vt 0.40335655212402344 1.5488227605819702
vt 0.38751742243766785 1.3232341408729553
vt 0.9219522476196289 0.5
vt 0.8559125661849976 0.625
vt 0.9204243421554565 0.75
vt 0.9276707172393799 0.75
vt 0.9261428713798523 1
vt 0.944607138633728 0.7210144996643066
vt 0.9291986227035522 0.5
vt 0.9219522476196289 0.5
vt 0.8559125661849976 0.625
vt 0.9204243421554565 0.75
vt 0.9276707172393799 0.75
vt 0.9261428713798523 1
vt 0.944607138633728 0.7210144996643066
vt 0.9291986227035522 0.5
vt 0.9261438250541687 1.7744113206863403
vt 0.9261438250541687 1.5488227009773254
vt 0.7954469919204712 1.774411380290985
vt 0.9261438250541687 2
vt 0.9446078538894653 1.7721879482269287
vt 0.40335655212402344 1.774411380290985
vt 0.40335655212402344 2
vt 0.534053385257721 1.774411380290985
vt 0.40335655212402344 1.5488227605819702
vt 0.38751742243766785 1.7660749554634094
vt 0.9261438250541687 1.7744113206863403
vt 0.9261438250541687 1.5488227009773254
vt 0.7954469919204712 1.774411380290985
vt 0.9261438250541687 2
vt 0.9446078538894653 1.7721879482269287
vt 0.40335655212402344 1.774411380290985
vt 0.40335655212402344 2
vt 0.534053385257721 1.774411380290985
vt 0.40335655212402344 1.5488227605819702
vt 0.38751742243766785 1.7660749554634094
vt 0.9261438250541687 1.7744113206863403
vt 0.9261438250541687 1.5488227009773254
vt 0.7954469919204712 1.774411380290985
vt 0.9261438250541687 2
vt 0.9446078538894653 1.7721879482269287
vt 0.9219522476196289 0.5
vt 0.9204243421554565 0.75
vt 0.9276707172393799 0.75
vt 0.9261428713798523 1
vt 0.944607138633728 0.7210144996643066
vt 0.9291986227035522 0.5
vt 0.6647502183914185 1.0488227009773254
vt 0.6647497415542603 1
vt 0.40335655212402344 1
vt 0.6647493839263916 1.0488227605819702
vt 0.40335655212402344 1
vt 0.6647493839263916 1
vt 0.926142156124115 1
vt 0.6647502183914185 1.0488227009773254
vt 0.6647497415542603 1
vt 0.6647493839263916 1.0488227605819702
vt 0.6647493839263916 1
vt 0.926142156124115 1
vt 0.6647493839263916 1.0488227605819702
vt 0.40335655212402344 1
vt 0.6647493839263916 1
vt 0.926142156124115 1
vt 0.6647502183914185 1.0488227009773254
vt 0.6647497415542603 1
vt 0.40335655212402344 1
vt 0.37167829275131226 1.5488227605819702
vt 0.3400000035762787 1.5321497917175293
vt 0.37167829275131226 1.5488227605819702
vt 0.3400000035762787 1.5321497917175293
vt 1 1.5443759560585022
vt 0.9630715847015381 1.548822820186615
vt 1 1.5443759560585022
vt 0.9630715847015381 1.548822820186615
vt 1 1.5443759560585022
vt 0.9630715847015381 1.548822820186615
vt 0.9261438250541687 1.0976454019546509
vt 1 1.0887516736984253
vt 1 1.0887519121170044
vt 1 1.5443758368492126
vt 0.9630719423294067 1.5443758368492126
vt 0.37167829275131226 1.5321499109268188
vt 0.3400000035762787 1.5321499109268188
vt 1 1.5443758368492126
vt 0.9630719423294067 1.5443758368492126
vt 0.37167829275131226 1.5321499109268188
vt 0.3400000035762787 1.5321499109268188
vt 1 1.5443758368492126
vt 0.9630719423294067 1.5443758368492126
vt 0.38751742243766785 0.26607489585876465
vt 0.40335655212402344 0
vt 0.9261399507522583 0.25
vt 0.9261406660079956 0.5
vt 0.8607925176620483 0.375
vt 0.926139235496521 0
vt 0.9446043968200684 0.2721879482269287
vt 0.9538370370864868 0.40828192234039307
vt 0.9630696177482605 0.5443759560585022
vt 1 0.48519718647003174
vt 0.9261406660079956 0.5
vt 0.9538370370864868 0.40828192234039307
vt 0.9630696177482605 0.5443759560585022
vt 0.9446043968200684 0.2721879482269287
vt 1 0.48519718647003174
vt 0.9907674193382263 0.9526579231023788
vt 0.9907674193382263 0.6508805751800537
vt 0.9815348386764526 0.8165639340877533
vt 0.9907674193382263 0.9526579231023788
vt 0.9907674193382263 0.6508805751800537
vt 0.9815348386764526 0.8165639340877533
vt 0.37959784269332886 0.399112343788147
vt 0.37167829275131226 0.5321497917175293
vt 0.3400000035762787 0.4512318968772888
vt 0.3400000035762787 0.7577657401561737
vt 0.3479195833206177 0.6247282922267914
vt 0.3558391332626343 0.798224687576294
vt 0.40335655212402344 0.25
vt 0.40335655212402344 0.5
vt 0.38751742243766785 0.26607489585876465
vt 0.40335655212402344 0
vt 0.28477805852890015 0.6875
vt 0.28018540143966675 0.625
vt 0.2671123147010803 0.75
vt 0.7954468727111816 1.7744114398956299
vt 0.9261438250541687 2
vt 0.6647502183914185 2
vt 0.6647498607635498 1.548822820186615
vt 0.5340532064437866 1.7744114398956299
vt 0.40335655212402344 2
vt 0.6647498607635498 1.0976455807685852
vt 0.7954469919204712 1.3232340812683105
vt 0.9261438250541687 1.0976454019546509
vt 0.6647502183914185 1.0976454615592957
vt 0.6647502183914185 1.5488227605819702
vt 0.534053385257721 1.3232341408729553
vt 0.40335655212402344 1.0976455211639404
vt 0.6647502183914185 2
vt 0.7954469919204712 1.3232340812683105
vt 0.9261438250541687 1.0976454019546509
vt 0.6647502183914185 1.0976454615592957
vt 0.6647502183914185 1.5488227605819702
vt 0.534053385257721 1.3232341408729553
vt 0.6647502183914185 2
vt 0.7954468727111816 1.7744114398956299
vt 0.9261438250541687 2
vt 0.6647502183914185 2
vt 0.6647498607635498 1.548822820186615
vt 0.5340532064437866 1.7744114398956299
vt 0.40335655212402344 2
vt 0.6647498607635498 1.0976455807685852
vt 0.7954469919204712 1.3232340812683105
vt 0.6647502183914185 1.0976454615592957
vt 0.6647502183914185 1.5488227605819702
vt 0.534053385257721 1.3232341408729553
vt 0.40335655212402344 1.0976455211639404
vt 0.40335655212402344 1.5488227605819702
vt 0.6647502183914185 2
vt 0.534053385257721 1.774411380290985
vt 0.40335655212402344 2
vt 0.7954468727111816 1.7744114398956299
vt 0.9261438250541687 2
vt 0.6647502183914185 2
vt 0.6647498607635498 1.548822820186615
vt 0.5340532064437866 1.7744114398956299
vt 0.40335655212402344 2
vt 0.40335655212402344 1.5488227605819702
vt 0.6647498607635498 1.0976455807685852
vt 0.5340532064437866 1.3232341706752777
vt 0.40335655212402344 1.0976455211639404
vt 0.6647493839263916 0.5
vt 0.5340529680252075 0.75
vt 0.40335655212402344 0.75
vt 0.37167829275131226 0.5321497917175293
vt 0.9261406660079956 0.5
vt 0.9261399507522583 0.25
vt 0.9446043968200684 0.2721879482269287
vt 0.926139235496521 0
vt 0.9250079989433289 0
vt 0.6639049649238586 0
vt 0.8589682579040527 0.125
vt 0.4028019309043884 0
vt 0.5978652238845825 0.125
vt 0.9538370370864868 0.40828192234039307
vt 0.9630696177482605 0.5443759560585022
vt 0.4032179117202759 0.75
vt 0.38733553886413574 0.7192029058933258
vt 0.40549468994140625 0.5
vt 0.46772971749305725 0.875
vt 0.6611264944076538 1
vt 0.72549968957901 0.875
vt 0.918896496295929 1
vt 1 0.48519718647003174
vt 0.9907674193382263 0.9526579231023788
vt 0.9907674193382263 0.6508805751800537
vt 0.7300975322723389 0.875
vt 0.9815348386764526 0.8165639340877533
vt 0.5994011759757996 0.875
vt 0.37959784269332886 0.399112343788147
vt 0.3400000035762787 0.4512318968772888
vt 0.3400000035762787 0.7577657401561737
vt 0.3479195833206177 0.6247282922267914
vt 0.3558391332626343 0.798224687576294
vt 0.5994011759757996 0.625
vt 0.5340529680252075 0.75
vt 0.40335655212402344 0.75
vt 0.6647478938102722 0
vt 0.5994004011154175 0.125
vt 0.40335655212402344 0
vt 0.7954443097114563 0.25
vt 0.5340529680252075 0.25
vt 0.860791802406311 0.125
vt 0.9250079989433289 0
vt 0.6639049649238586 0
vt 0.8589682579040527 0.125
vt 0.4028019309043884 0
vt 0.5978652238845825 0.125
vt 0.7929285764694214 0.25
vt 0.5318255424499512 0.25
vt 0.9250079989433289 0
vt 0.6639049649238586 0
vt 0.8589682579040527 0.125
vt 0.4028019309043884 0
vt 0.5978652238845825 0.125
vt 0.7929285764694214 0.25
vt 0.5318255424499512 0.25
vt 0.9261413812637329 0.75
vt 0.4032179117202759 0.75
vt 0.38733553886413574 0.7192029058933258
vt 0.40549468994140625 0.5
vt 0.46772971749305725 0.875
vt 0.6611264944076538 1
vt 0.5321028828620911 0.75
vt 0.72549968957901 0.875
vt 0.918896496295929 1
vt 0.7898728847503662 0.75
vt 0.7300975322723389 0.875
vt 0.4687047600746155 0.875
vt 0.860793948173523 0.875
vt 0.7954457998275757 0.75
vt 0.5994011759757996 0.875
vt 0.5340529680252075 0.75
vt 0.46772971749305725 0.875
vt 0.6611264944076538 1
vt 0.3116292357444763 0.25
vt 0.27488768100738525 0.25
vt 0.30244386196136475 0.375
vt 0.72549968957901 0.875
vt 0.918896496295929 1
vt 0.7898728847503662 0.75
vt 0.5321028828620911 0.75
vt 0.2932584583759308 0.5
vt 0.33000001311302185 0.5
vt 0.27488768100738525 0.25
vt 0.3116292357444763 0.25
vt 0.30244386196136475 0.375
vt 0.33000001311302185 0.5
vt 0.2932584583759308 0.5
vt 0.27488768100738525 0.25
vt 0.3116292357444763 0.25
vt 0.30244386196136475 0.375
vt 0.33000001311302185 0.5
vt 0.2932584583759308 0.5
vt 0.3116292357444763 0.25
vt 0.27488768100738525 0.25
vt 0.30244386196136475 0.375
vt 0.2932584583759308 0.5
vt 0.33000001311302185 0.5
vt 0.3208146095275879 0.625
vt 0.3208146095275879 0.625
vt 0.33000001311302185 0.75
vt 0.3116292357444763 0.75
vt 0.3208146095275879 0.625
vt 0.33000001311302185 0.75
vt 0.3116292357444763 0.75
vt 0.3208146095275879 0.625
vt 0.534053385257721 0.75
vt 0.6647502183914185 1
vt 0.6647502183914185 0.5
vt 0.40335655212402344 1
vt 0.40335655212402344 0.5
vt 0.9261438250541687 1
vt 0.7954469919204712 0.75
vt 0.9261438250541687 0.5
vt 0.7954469919204712 0.25
vt 0.9261438250541687 0
vt 0.6647502183914185 0
vt 0.40335655212402344 0
vt 0.534053385257721 0.25
vt 0.7954469919204712 0.25
vt 0.6647502183914185 0
vt 0.6647502183914185 0.5
vt 0.9261438250541687 0
vt 0.9261438250541687 0.5
vt 0.40335655212402344 0
vt 0.534053385257721 0.25
vt 0.40335655212402344 0.5
vt 0.534053385257721 0.75
vt 0.6647502183914185 1
vt 0.40335655212402344 1
vt 0.9261438250541687 1
vt 0.7954469919204712 0.75
vt 0.7954469919204712 0.25
vt 0.6647502183914185 0
vt 0.6647502183914185 0.5
vt 0.9261438250541687 0
vt 0.9261438250541687 0.5
vt 0.40335655212402344 0
vt 0.534053385257721 0.25
vt 0.40335655212402344 0.5
vt 0.534053385257721 0.75
vt 0.6647502183914185 1
vt 0.40335655212402344 1
vt 0.9261438250541687 1
vt 0.7954469919204712 0.75
vt 0 1
vt 0.05089673772454262 0.875
vt 0.14096617698669434 1
vt 0.03131038695573807 0.75
vt 0.10179347544908524 0.75
vt 0.05089673772454262 0.875
vt 0 1
vt 0.14096617698669434 1
vt 0.03131038695573807 0.75
vt 0.10179347544908524 0.75
vt 0.05089673772454262 0.875
vt 0 1
vt 0.14096617698669434 1
vt 0.03131038695573807 0.75
vt 0.10179347544908524 0.75
vt 0 1
vt 0.05089673772454262 0.875
vt 0.14096617698669434 1
vt 0.03131038695573807 0.75
vt 0.10179347544908524 0.75
vt 0.2053021341562271 0.875
vt 0.2548002600669861 1
vt 0.2053021341562271 0.875
vt 0.2548002600669861 1
vt 0.212721049785614 0.75
vt 0.15580400824546814 0.75
vt 0.2053021341562271 0.875
vt 0.2548002600669861 1
vt 0.212721049785614 0.75
vt 0.15580400824546814 0.75
vt 0.2053021341562271 0.875
vt 0.2548002600669861 1
vt 0.07338164746761322 1
vt 0.018345411866903305 0.875
vt 0.24635882675647736 0.25
vt 0.3112000823020935 0.25
vt 0.26937946677207947 0.375
vt 0.018345411866903305 0.875
vt 0.07338164746761322 1
vt 0 0.75
vt 0.03669082373380661 0.75
vt 0.2924001216888428 0.5
vt 0.227558895945549 0.5
vt 0.2505795359611511 0.625
vt 0.27360019087791443 0.75
vt 0.24117958545684814 0.75
vt 0.018345411866903305 0.875
vt 0.07338164746761322 1
vt 0 0.75
vt 0.03669082373380661 0.75
vt 0.3112000823020935 0.25
vt 0.24635882675647736 0.25
vt 0.26937946677207947 0.375
vt 0.07338164746761322 1
vt 0.018345411866903305 0.875
vt 0.227558895945549 0.5
vt 0.2924001216888428 0.5
vt 0.30180010199546814 0.875
vt 0.33000001311302185 1
vt 0.3112000823020935 0.25
vt 0.24635882675647736 0.25
vt 0.26937946677207947 0.375
vt 0.227558895945549 0.5
vt 0.2924001216888428 0.5
vt 0.24635882675647736 0.25
vt 0.3112000823020935 0.25
vt 0.26937946677207947 0.375
vt 0.2924001216888428 0.5
vt 0.227558895945549 0.5
vt 0.2505795359611511 0.625
vt 0.24117958545684814 0.75
vt 0.27360019087791443 0.75
vt 0.30180010199546814 0.875
vt 0.33000001311302185 1
vt 0.3112000823020935 0.75
vt 0.27360019087791443 0.75
vt 0.2505795359611511 0.625
vt 0.2505795359611511 0.625
vt 0.30180010199546814 0.875
vt 0.33000001311302185 1
vt 0.3112000823020935 0.75
vt 0.30180010199546814 0.875
vt 0.33000001311302185 1
vt 0.14096617698669434 1
vt 0.11882849782705307 0.875
vt 0.13048309087753296 0.75
vt 0.0966908186674118 0.75
vt 0.11882849782705307 0.875
vt 0.14096617698669434 1
vt 0.11882849782705307 0.875
vt 0.14096617698669434 1
vt 0.14096617698669434 1
vt 0.11882849782705307 0.875
vt 0.13048309087753296 0.75
vt 0.0966908186674118 0.75
vt 0.2762976884841919 0.875
vt 0.24096617102622986 1
vt 0.2762976884841919 0.875
vt 0.24096617102622986 1
vt 0.2671123147010803 0.75
vt 0.2762976884841919 0.875
vt 0.24096617102622986 1
vt 0.2671123147010803 0.75
vt 0.2762976884841919 0.875
vt 0.24096617102622986 1
vt 0.20941424369812012 0.875
vt 0.22786231338977814 0.75
vt 0.17786231637001038 0.75
vt 0.20941424369812012 0.875
vt 0.20941424369812012 0.875
vt 0.20941424369812012 0.875
vt 0.22786231338977814 0.75
vt 0.17786231637001038 0.75
vt 1 1.0887516736984253
vt 1 0.9381649643182755
vt 1 0.7875782549381256
vt 1 0.9381649643182755
vt 1 0.7875782549381256
vt 0.3398181200027466 0.7674277722835541
vt 0.33990907669067383 0.9158637970685959
vt 0.3400000035762787 1.0642998218536377
vt 1 1.0887516736984253
vt 1 0.9381649643182755
vt 1 0.7875782549381256
vt 0.009172705933451653 0.375
vt 0 0.375
vt 0 0.5
vt 0 0.25
vt 0.06262077391147614 0.5
vt 0 0.75
vt 0.3398181200027466 0.7674277722835541
vt 0.33990907669067383 0.9158637970685959
vt 0.0469655804336071 0.625
vt 0.08220712840557098 0.625
vt 0.0469655804336071 0.625
vt 0.08220712840557098 0.625
vt 0.06262077391147614 0.5
vt 0 0.5
vt 0 0.25
vt 0.009172705933451653 0.375
vt 0 0.375
vt 0.12524154782295227 0
vt 0.20031753182411194 0
vt 0.13659162819385529 0.125
vt 0.0469655804336071 0.625
vt 0.08220712840557098 0.625
vt 0.06262077391147614 0.5
vt 0.20031753182411194 0
vt 0.12524154782295227 0
vt 0.13659162819385529 0.125
vt 0 0.5
vt 0.1479417085647583 0.25
vt 0.1331038624048233 0.5
vt 0.20031753182411194 0
vt 0.12524154782295227 0
vt 0.13659162819385529 0.125
vt 0 0.25
vt 0.009172705933451653 0.375
vt 0 0.375
vt 0.1479417085647583 0.25
vt 0.1331038624048233 0.5
vt 0.12524154782295227 0
vt 0.20031753182411194 0
vt 0.13659162819385529 0.125
vt 0.009172705933451653 0.375
vt 0 0.375
vt 0 0.5
vt 0 0
vt 0.10958635807037354 0.125
vt 0 0.25
vt 0.06262077391147614 0.5
vt 0.03131038695573807 0.25
vt 0 0.75
vt 0.03131038695573807 0.25
vt 0 0
vt 0.0469655804336071 0.625
vt 0.08220712840557098 0.625
vt 0.10958635807037354 0.125
vt 0.15187285840511322 0.5
vt 0.15580400824546814 0.75
vt 0.03131038695573807 0.25
vt 0 0
vt 0.1479417085647583 0.25
vt 0.10958635807037354 0.125
vt 0.17064185440540314 0.5
vt 0 0
vt 0.10958635807037354 0.125
vt 0.18547970056533813 0.25
vt 0.15929177403450012 0.375
vt 0.17064185440540314 0.5
vt 0.03131038695573807 0.25
vt 0.18547970056533813 0.25
vt 0.15929177403450012 0.375
vt 0.33000001311302185 0
vt 0.22333818674087524 0.125
vt 0.33000001311302185 0
vt 0.22333818674087524 0.125
vt 0.17064185440540314 0.5
vt 0.15187285840511322 0.5
vt 0.15580400824546814 0.75
vt 0.33000001311302185 0
vt 0.22333818674087524 0.125
vt 0.1479417085647583 0.25
vt 0.17064185440540314 0.5
vt 0.33000001311302185 0
vt 0.22333818674087524 0.125
vt 0.14445394277572632 0.625
vt 0.13703501224517822 0.75
vt 0.2565169036388397 0
vt 0.3208146095275879 0.125
vt 0.14445394277572632 0.625
vt 0.13703501224517822 0.75
vt 0.3208146095275879 0.125
vt 0.2565169036388397 0
vt 0.3208146095275879 0.125
vt 1 1.7721879482269287
vt 1 2
vt 0.981535792350769 1.7744114398956299
vt 0.2565169036388397 0
vt 0.3208146095275879 0.125
vt 1 1.316563755273819
vt 0.9815359711647034 1.316563755273819
vt 1 1.316563755273819
vt 0.9815359711647034 1.316563755273819
vt 1 1.7721879482269287
vt 1 2
vt 0.981535792350769 1.7744114398956299
vt 0.3400000035762787 1.2982248663902283
vt 0.3558391332626343 1.2982248663902283
vt 0.3400000035762787 1.2982248663902283
vt 0.3558391332626343 1.2982248663902283
vt 0.3400000035762787 1.7660748958587646
vt 0.3558391332626343 1.774411380290985
vt 0.3400000035762787 2
vt 0.18855074048042297 0
vt 0.2290857434272766 0.125
vt 0.23563767969608307 0.25
vt 0.2016545981168747 0.25
vt 0.3400000035762787 1.7660748958587646
vt 0.3558391332626343 1.774411380290985
vt 0.2016545981168747 0.25
vt 0.2290857434272766 0.125
vt 0.23563767969608307 0.25
vt 0.2565169036388397 0
vt 0.18855074048042297 0
vt 0.2290857434272766 0.125
vt 0.3400000035762787 2
vt 0.2016545981168747 0.25
vt 0.23563767969608307 0.25
vt 0.18855074048042297 0
vt 0.2290857434272766 0.125
vt 0.23563767969608307 0.25
vt 0.2016545981168747 0.25
vt 1 1.7721879482269287
vt 1 2
vt 0.981535792350769 1.7744114398956299
vt 1 1.316563755273819
vt 0.9815359711647034 1.316563755273819
vt 0.09903381019830704 0
vt 0.009172705933451653 0.125
vt 0.018345411866903305 0.25
vt 0.4687047600746155 0.875
vt 0.16475845873355865 0.5
vt 0.1528623104095459 0.75
vt 0.18975844979286194 0.5
vt 0.18320652842521667 0.375
vt 0.16475845873355865 0.5
vt 0.1528623104095459 0.75
vt 0.18975844979286194 0.5
vt 0.18320652842521667 0.375
vt 0.1766546070575714 0.25
vt 0.18320652842521667 0.375
vt 0.21475845575332642 0.5
vt 0.16475845873355865 0.5
vt 0.1766546070575714 0.25
vt 0.18320652842521667 0.375
vt 0.21475845575332642 0.5
vt 0.16475845873355865 0.5
vt 0.13048309087753296 0.75
vt 0.1528623104095459 0.75
vt 0.1963103860616684 0.625
vt 0.13048309087753296 0.75
vt 0.1528623104095459 0.75
vt 0.1963103860616684 0.625
vt 0.10951690375804901 0.25
vt 0.10427536070346832 0.125
vt 0.10310386121273041 0.5
vt 0.09262077510356903 0.25
vt 0.10951690375804901 0.25
vt 0.09786231815814972 0.375
vt 0.11999998986721039 0.5
vt 0.08620773255825043 0.5
vt 0.09262077510356903 0.25
vt 0.10951690375804901 0.25
vt 0.09786231815814972 0.375
vt 0.11999998986721039 0.5
vt 0.08620773255825043 0.5
vt 0.10951690375804901 0.25
vt 0.10427536070346832 0.125
vt 0.10310386121273041 0.5
vt 0.08620773255825043 0.5
vt 0.055036235600709915 0.75
vt 0.07979469001293182 0.75
vt 0.09903381019830704 0
vt 0.09786231815814972 0.375
vt 1 1.7721879482269287
vt 0.9630719423294067 1.7721879482269287
vt 0.08620773255825043 0.5
vt 0.055036235600709915 0.75
vt 0.07979469001293182 0.75
vt 0.37167829275131226 1.7660749554634094
vt 0.3400000035762787 1.7660749554634094
vt 0.09786231815814972 0.375
vt 0.055036235600709915 0.75
vt 0.07979469001293182 0.75
vt 1 1.7721879482269287
vt 0.9630719423294067 1.7721879482269287
vt 0.1083454042673111 0.625
vt 0.055036235600709915 0.75
vt 0.07979469001293182 0.75
vt 0.37167829275131226 1.7660749554634094
vt 0.3400000035762787 1.7660749554634094
vt 1 1.7721879482269287
vt 0.9630719423294067 1.7721879482269287
vt 0.1083454042673111 0.625
vt 0.018345411866903305 0.25
vt 0.03669082373380661 0.5
vt 0.018345411866903305 0.25
vt 0.03669082373380661 0.5
vt 0.9307265281677246 0.25
vt 0.9630714654922485 0.4420289993286133
vt 0.018345411866903305 0.25
vt 0.03669082373380661 0.5
vt 0.9234801530838013 0.25
vt 0.03669082373380661 0.5
vt 0.9322543740272522 0
vt 0.9476629495620728 0.22101449966430664
vt 0.9815357327461243 0.16304349899291992
vt 0.018345411866903305 0.625
vt 0.018345411866903305 0.625
vt 0.9907678365707397 0.023550748825073242
vt 1 -0.11594200134277344
vt 0.018345411866903305 0.625
vt 1 0.18523144721984863
vt 0.3472830057144165 0.017210185527801514
vt 0.40763282775878906 0
vt 0.33927246928215027 -0.12318837642669678
vt 0.35529351234436035 0.1576087474822998
vt 0.3394543528556824 0.17368364334106445
vt 0.018345411866903305 0.625
vt 0.38947367668151855 0.21920287609100342
vt 0.9261438250541687 1.3232340514659882
vt 0.09786231815814972 0.5
vt 0.09786231815814972 0.5
vt 0.40335655212402344 1.3232341408729553
vt 0.0939311608672142 0.25
vt 0.11351750791072845 0.375
vt 0.0939311608672142 0.25
vt 0.11351750791072845 0.375
vt 0.0939311608672142 0.25
vt 0.0939311608672142 0.25
vt 0.9261438250541687 1.3232340514659882
vt 0.40335655212402344 1.3232341408729553
vt 0.9261438250541687 1.3232340514659882
vt 0.9446078538894653 1.3210106194019318
vt 0.9630715847015381 1.321010798215866
vt 1 1.3165639340877533
vt 0.9630715847015381 1.321010798215866
vt 1 1.3165639340877533
vt 0.37167829275131226 1.3148976564407349
vt 0.3400000035762787 1.298224687576294
vt 0.9630715847015381 1.321010798215866
vt 1 1.3165639340877533
vt 0.37167829275131226 1.3148976564407349
vt 0.3400000035762787 1.298224687576294
vt 0.38751742243766785 0.7660748958587646
vt 0.3400000035762787 1.0642995834350586
vt 0.3479195833206177 0.9312621355056763
vt 0.38751742243766785 1.3148977160453796
vt 0.9446058869361877 0.7721879780292511
vt 0.9446078538894653 1.3210106194019318
vt 1 1.0887519121170044
vt 0.9446058869361877 0.7721879780292511
vt 0.38751742243766785 1.3148977160453796
vt 0.9630696177482605 0.24259859323501587
vt 1 0.1834198236465454
vt 1 0.032531142234802246
vt 1 -0.11835753917694092
vt 0.9630696177482605 0.24259859323501587
vt 0.926139235496521 0
vt 1 0.1834198236465454
vt 0.9446078538894653 1.3210106194019318
vt 1 0.032531142234802246
vt 1 -0.11835753917694092
vt 0.3400000035762787 -0.008568882942199707
vt 0.3400000035762787 -0.16183578968048096
vt 0.3400000035762787 0.14469802379608154
vt 0.37167829275131226 0.2256159782409668
vt 0.38751742243766785 0.7660748958587646
vt 0.3479195833206177 0.9312621355056763
vt 0.9307265281677246 0.25
vt 0.9630714654922485 0.4420289993286133
vt 1 1.0887519121170044
vt 0.9261413812637329 0.75
vt 0.9446058869361877 0.7721879780292511
vt 0.9234801530838013 0.25
vt 0.9322543740272522 0
vt 0.9476629495620728 0.22101449966430664
vt 0.9815357327461243 0.16304349899291992
vt 0.9907678365707397 0.023550748825073242
vt 1 -0.11594200134277344
vt 1 0.18523144721984863
vt 0.9307265281677246 0.25
vt 0.9630714654922485 0.4420289993286133
vt 0.9234801530838013 0.25
vt 0.9322543740272522 0
vt 0.9476629495620728 0.22101449966430664
vt 0.9815357327461243 0.16304349899291992
vt 0.9907678365707397 0.023550748825073242
vt 1 -0.11594200134277344
vt 1 0.18523144721984863
vt 0.3472830057144165 0.017210185527801514
vt 0.40763282775878906 0
vt 0.33927246928215027 -0.12318837642669678
vt 0.35529351234436035 0.1576087474822998
vt 0.3394543528556824 0.17368364334106445
vt 0.38947367668151855 0.21920287609100342
vt 0.40335655212402344 1.774411380290985
vt 0.40335655212402344 1.774411380290985
vt 0.9261436462402344 1.7744114398956299
vt 0.38751742243766785 1.774411380290985
vt 0.38751742243766785 1.774411380290985
vt 0.9446077346801758 1.7744114398956299
vt 0.9261436462402344 1.7744114398956299
vt 0.9446077346801758 1.7744114398956299
vt 0.9261436462402344 1.7744114398956299
vt 0.9446077346801758 1.7744114398956299
vt 1 0.4864048361778259
vt 0.9907678365707397 0.3247241973876953
vt 1 0.4864048361778259
vt 0.9907678365707397 0.3247241973876953
vt 0.9538393020629883 0.58152174949646
vt 0.9538393020629883 0.58152174949646
vt 0.10427536070346832 0.125
vt 0.09903381019830704 0
vt 1 0.4864048361778259
vt 0.9907678365707397 0.3247241973876953
vt 0.15427535772323608 0.25
vt 0.10427536070346832 0.125
vt 0.09903381019830704 0
vt 0.3474648594856262 0.3140822649002075
vt 0.3396362364292145 0.47055572271347046
vt 0.37131452560424805 0.4384058117866516
vt 0.15427535772323608 0.25
vt 0.3474648594856262 0.3140822649002075
vt 0.3396362364292145 0.47055572271347046
vt 0.37131452560424805 0.4384058117866516
vt 0.9538393020629883 0.58152174949646
vt 0.3793250322341919 0.5788043737411499
vt 0.3793250322341919 0.5788043737411499
vt 0.9630696177482605 0.24259859323501587
vt 1 0.1834198236465454
vt 1 0.032531142234802246
vt 1 -0.11835753917694092
vt 0.3400000035762787 -0.008568882942199707
vt 0.3400000035762787 -0.16183578968048096
vt 0.3400000035762787 0.14469802379608154
vt 0.37167829275131226 0.2256159782409668
vt 0.009172705933451653 0.125
vt 0.009172705933451653 0.125
vt 0.06786231696605682 0.25
vt 0.009172705933451653 0.125
vt 0.06786231696605682 0.25
vt 0.25792694091796875 0.625
vt 0.25262922048568726 0.25
vt 0.26181459426879883 0.375
vt 0.2487415373325348 0.5
vt 0.2840730547904968 0.375
vt 0.30244386196136475 0.625
vt 0.3116292357444763 0.75
vt 0.2840730547904968 0.375
vt 0.26181459426879883 0.375
vt 0.2487415373325348 0.5
vt 0.25262922048568726 0.25
vt 0.30244386196136475 0.625
vt 0.28018540143966675 0.625
vt 0.25792694091796875 0.625
vt 0.2840730547904968 0.375
vt 0.26181459426879883 0.375
vt 0.2487415373325348 0.5
vt 0.25262922048568726 0.25
vt 0.30244386196136475 0.625
vt 0.28018540143966675 0.625
vt 0.25792694091796875 0.625
vt 0.28477805852890015 0.6875
vt 0.28018540143966675 0.625
vt 0.2671123147010803 0.75
vt 0.25792694091796875 0.625
vt 0.25262922048568726 0.25
vt 0.26181459426879883 0.375
vt 0.2487415373325348 0.5
vt 0.2840730547904968 0.375
vt 0.30244386196136475 0.625
vt 0.3116292357444763 0.75
vt 0.29710012674331665 0.6875
vt 0.30180010199546814 0.625
vt 0.3112000823020935 0.75
vt 0.3206000328063965 0.625
vt 0.2881794273853302 0.125
vt 0.3206000328063965 0.125
vt 0.33000001311302185 0.25
vt 0.3206000328063965 0.375
vt 0.30180010199546814 0.375
vt 0.30180010199546814 0.375
vt 0.3206000328063965 0.375
vt 0.33000001311302185 0.25
vt 0.2830001711845398 0.625
vt 0.30180010199546814 0.625
vt 0.3206000328063965 0.625
vt 0.30180010199546814 0.375
vt 0.3206000328063965 0.375
vt 0.33000001311302185 0.25
vt 0.2830001711845398 0.625
vt 0.30180010199546814 0.625
vt 0.3206000328063965 0.625
vt 0.29710012674331665 0.6875
vt 0.30180010199546814 0.625
vt 0.3112000823020935 0.75
vt 0.3206000328063965 0.625
vt 0.33000001311302185 0.25
vt 0.3206000328063965 0.375
vt 0.30180010199546814 0.375
vt 0.2830001711845398 0.625
vt 0.27360019087791443 0.75
vt 0.2830001711845398 0.625
vt 0.24117958545684814 0.75
vt 0.2201399803161621 0.625
vt 0.17412962019443512 0.125
vt 0.19289861619472504 0.125
vt 0.21393820643424988 0.25
vt 0.18797199428081512 0.6875
vt 0.19168144464492798 0.625
vt 0.212721049785614 0.75
vt 0.2201399803161621 0.625
vt 0.17412962019443512 0.125
vt 0.19289861619472504 0.125
vt 0.18547970056533813 0.25
vt 0.21393820643424988 0.25
vt 0.20651930570602417 0.375
vt 0.17806077003479004 0.375
vt 0.16322293877601624 0.625
vt 0.17412962019443512 0.125
vt 0.19289861619472504 0.125
vt 0.21393820643424988 0.25
vt 0.17806077003479004 0.375
vt 0.20651930570602417 0.375
vt 0.16322293877601624 0.625
vt 0.19168144464492798 0.625
vt 0.2201399803161621 0.625
vt 0.20651930570602417 0.375
vt 0.17806077003479004 0.375
vt 0.16322293877601624 0.625
vt 0.19168144464492798 0.625
vt 0.18797199428081512 0.6875
vt 0.19168144464492798 0.625
vt 0.212721049785614 0.75
vt 0.2201399803161621 0.625
vt 0.17412962019443512 0.125
vt 0.19289861619472504 0.125
vt 0.18547970056533813 0.25
vt 0.21393820643424988 0.25
vt 0.20651930570602417 0.375
vt 0.17806077003479004 0.375
vt 0.16322293877601624 0.625
vt 0.1405227780342102 0.375
vt 0.12917271256446838 0.25
vt 0.1331038624048233 0.5
vt 0.11351750791072845 0.375
vt 0.10765549540519714 0.5625
vt 0.127241849899292 0.6875
vt 0.13703501224517822 0.75
vt 0.12137982249259949 0.875
vt 0.14838509261608124 0.875
vt 0.1405227780342102 0.375
vt 0.12917271256446838 0.25
vt 0.1331038624048233 0.5
vt 0.11351750791072845 0.375
vt 0.10765549540519714 0.5625
vt 0.127241849899292 0.6875
vt 0.12137982249259949 0.875
vt 0.40335655212402344 0.75
vt 0.43603065609931946 0.8125
vt 0.4687047600746155 0.625
vt 0.4687047600746155 0.875
vt 0.8574404120445251 0.375
vt 0.8244205713272095 0.4375
vt 0.8904602527618408 0.3125
vt 0.8574404120445251 0.375
vt 0.8244205713272095 0.4375
vt 0.8904602527618408 0.3125
vt 0.8281176686286926 0.0625
vt 0.860791802406311 0.125
vt 0.7627698183059692 0.0625
vt 0.7954435348510742 0
vt 0.6974220275878906 0.0625
vt 0.6647478938102722 0
vt 0.43603065609931946 0.1875
vt 0.4687047600746155 0.125
vt 0.5340529680252075 0.25
vt 0.5994004011154175 0.125
vt 0.5013784766197205 0.0625
vt 0.5340522527694702 0
vt 0.7300961017608643 0.125
vt 0.5667266845703125 0.1875
vt 0.6647486686706543 0.25
vt 0.6974223852157593 0.1875
vt 0.7954443097114563 0.25
vt 0.7300968170166016 0.375
vt 0.5994011759757996 0.375
vt 0.6320748925209045 0.3125
vt 0.9261399507522583 0.25
vt 0.926140308380127 0.375
vt 0.8934662342071533 0.3125
vt 0.8607925176620483 0.375
vt 0.7627705335617065 0.3125
vt 0.8934669494628906 0.5625
vt 0.7954450249671936 0.5
vt 0.8281187415122986 0.4375
vt 0.7627713084220886 0.5625
vt 0.6647493839263916 0.5
vt 0.7300975918769836 0.625
vt 0.40307924151420593 0.5
vt 0.4354044795036316 0.6875
vt 0.4675910472869873 0.625
vt 0.4997776448726654 0.5625
vt 0.5013788938522339 0.3125
vt 0.8574404120445251 0.375
vt 0.8244205713272095 0.4375
vt 0.8904602527618408 0.3125
vt 0.6647478938102722 0
vt 0.6974220275878906 0.0625
vt 0.6320741176605225 0.0625
vt 0.5994004011154175 0.125
vt 0.5340522527694702 0
vt 0.8281176686286926 0.0625
vt 0.7300961017608643 0.125
vt 0.7954435348510742 0
vt 0.860791802406311 0.125
vt 0.5667266845703125 0.1875
vt 0.5340529680252075 0.25
vt 0.4687047600746155 0.125
vt 0.6647486686706543 0.25
vt 0.7954443097114563 0.25
vt 0.8607925176620483 0.375
vt 0.7627705335617065 0.3125
vt 0.7300968170166016 0.375
vt 0.8607932329177856 0.625
vt 0.828119158744812 0.5625
vt 0.7954450249671936 0.5
vt 0.6974234580993652 0.5625
vt 0.6974231004714966 0.4375
vt 0.632075309753418 0.4375
vt 0.8281187415122986 0.4375
vt 0.6320748925209045 0.3125
vt 0.5994011759757996 0.375
vt 0.46745240688323975 0.375
vt 0.5319642424583435 0.5
vt 0.5964760780334473 0.625
vt 0.6608492136001587 0.5
vt 0.7914007306098938 0.5
vt 0.7253610491752625 0.625
vt 0.5994011759757996 0.375
vt 0.4687047600746155 0.375
vt 0.40335655212402344 0.5
vt 0.40335655212402344 0.25
vt 0.6647493839263916 0.5
vt 0.7300975918769836 0.625
vt 0.5994011759757996 0.625
vt 0.46745240688323975 0.375
vt 0.4997776448726654 0.5625
vt 0.5319642424583435 0.5
vt 0.5964760780334473 0.625
vt 0.6608492136001587 0.5
vt 0.7914007306098938 0.5
vt 0.7253610491752625 0.625
vt 0.46745240688323975 0.375
vt 0.4997776448726654 0.5625
vt 0.5319642424583435 0.5
vt 0.7253610491752625 0.625
vt 0.33972716331481934 0.6189917325973511
vt 0.3555663228034973 0.6029167771339417
vt 0.37149637937545776 0.7352778613567352
vt 1 0.636991560459137
vt 0.9815357327461243 0.6148036122322083
vt 0.9630714654922485 0.743202418088913
vt 0.33972716331481934 0.6189917325973511
vt 0.3555663228034973 0.6029167771339417
vt 0.37149637937545776 0.7352778613567352
vt 1 0.636991560459137
vt 0.9815357327461243 0.6148036122322083
vt 0.9630714654922485 0.743202418088913
vt 1 0.636991560459137
vt 0.9815357327461243 0.6148036122322083
vt 0.9630714654922485 0.743202418088913
vt 0.40656375885009766 0.25
vt 0.3974841833114624 0.3596014380455017
vt 0.72688889503479 0.375
vt 0.7954450845718384 0.5
vt 0.72688889503479 0.375
vt 0.6647500395774841 1.7744114398956299
vt 0.6647498607635498 1.3232342004776
vt 0.6647502183914185 1.323234111070633
vt 0.6647502183914185 1.774411380290985
vt 0.6647502183914185 1.323234111070633
vt 0.6647502183914185 1.774411380290985
vt 0.6647500395774841 1.7744114398956299
vt 0.6647498607635498 1.3232342004776
vt 0.6647502183914185 1.323234111070633
vt 0.40335655212402344 1.3232341408729553
vt 0.6647502183914185 1.774411380290985
vt 0.40335655212402344 1.774411380290985
vt 0.6647500395774841 1.7744114398956299
vt 0.40335655212402344 1.774411380290985
vt 0.6647498607635498 1.3232342004776
vt 0.40335655212402344 1.3232341408729553
vt 0.40307924151420593 0.5
vt 0.402940571308136 0.25
vt 0.40656375885009766 0.25
vt 0.5963373780250549 0.375
vt 0.4351271688938141 0.1875
vt 0.4687047600746155 0.625
vt 1 2
vt 0.3400000035762787 2
vt 1 2
vt 0.3400000035762787 2
vt 1 2
vt 0.7284168004989624 0.125
vt 0.4673137366771698 0.125
vt 0.8874045610427856 0.8125
vt 0.4675910472869873 0.625
vt 0.5966147184371948 0.875
vt 0.8543846607208252 0.875
vt 0.860793948173523 0.875
vt 0.4687047600746155 0.375
vt 0.40307924151420593 0.5
vt 0.402940571308136 0.25
vt 0.5963373780250549 0.375
vt 0.4351271688938141 0.1875
vt 0.402940571308136 0.25
vt 0.5963373780250549 0.375
vt 0.4351271688938141 0.1875
vt 0.5340529680252075 0.5
vt 0.4687047600746155 0.625
vt 0.7300968170166016 0.375
vt 0.7300961017608643 0.125
vt 0.4687047600746155 0.125
vt 0.7284168004989624 0.125
vt 0.4673137366771698 0.125
vt 0.7284168004989624 0.125
vt 0.4673137366771698 0.125
vt 0.828119158744812 0.5625
vt 0.8607932329177856 0.625
vt 0.8874045610427856 0.8125
vt 0.8874045610427856 0.8125
vt 0.4675910472869873 0.625
vt 0.5966147184371948 0.875
vt 0.8543846607208252 0.875
vt 0.5994011759757996 0.875
vt 0.860793948173523 0.875
vt 0.7300975918769836 0.875
vt 0.5966147184371948 0.875
vt 0.4032179117202759 0.75
vt 0.8543846607208252 0.875
vt 0.12137982249259949 0.875
vt 0.12137982249259949 0.875
vt 0.14838509261608124 0.875
vt 0.24117958545684814 0.75
vt 0.14838509261608124 0.875
vt 0.14838509261608124 0.875
vt 0.055036235600709915 0.875
vt 0.03669082373380661 0.75
vt 0.055036235600709915 0.875
vt 0.055036235600709915 0.875
vt 0.055036235600709915 0.875
vt 0.03669082373380661 0.75
vt 0.26420021057128906 0.875
vt 0.9630719423294067 0.5
vt 0.33000001311302185 0.75
vt 0.37167829275131226 0.5
vt 0.9630719423294067 0.5
vt 0.37167829275131226 0.5
vt 0.9630719423294067 0.5
vt 0.26420021057128906 0.875
vt 0.26420021057128906 0.875
vt 0.26420021057128906 0.875
vt 0.33000001311302185 0.75
vt 0.1083454042673111 0.625
vt 0.11999998986721039 0.5
vt 0.08503623306751251 0.875
vt 0.08503623306751251 0.875
vt 0.0966908186674118 0.75
vt 0.08503623306751251 0.875
vt 0.0966908186674118 0.75
vt 0.1083454042673111 0.625
vt 0.11999998986721039 0.5
vt 0.08503623306751251 0.875
vt 0.3208146095275879 0.875
vt 0.24485385417938232 0.75
vt 0.3208146095275879 0.875
vt 0.3208146095275879 0.875
vt 0.3208146095275879 0.875
vt 0.24485385417938232 0.75
vt 0.1963103860616684 0.625
vt 0.21475845575332642 0.5
vt 0.15941424667835236 0.875
vt 0.15941424667835236 0.875
vt 0.17786231637001038 0.75
vt 0.15941424667835236 0.875
vt 0.17786231637001038 0.75
vt 0.1963103860616684 0.625
vt 0.21475845575332642 0.5
vt 0.15941424667835236 0.875
vt 0.944607138633728 0.8716012090444565
vt 0.944607138633728 0.8716012090444565
vt 0.3874264657497406 0.8676389306783676
vt 0.944607138633728 0.8716012090444565
vt 0.3874264657497406 0.8676389306783676
vt 0.6974223852157593 0.1875
vt 0.828118085861206 0.1875
vt 0.9261395931243896 0.125
vt 0.8281184434890747 0.3125
vt 0.8607921600341797 0.25
vt 0.8934658765792847 0.1875
vt 0.0469655804336071 0.125
vt 0.07827596366405487 0.375
vt 0.0469655804336071 0.125
vt 0.07827596366405487 0.375
vt 0.0469655804336071 0.125
vt 0.07827596366405487 0.375
vt 0.0469655804336071 0.125
vt 0.07827596366405487 0.375
vt 0.3206000328063965 0.125
vt 0.3206000328063965 0.125
vt 0.3206000328063965 0.125
vt 0.2881794273853302 0.125
vt 0.2881794273853302 0.125
vt 0.2881794273853302 0.125
vt 0.2657023072242737 0.125
vt 0.2657023072242737 0.125
vt 0.2657023072242737 0.125
vt 0.2657023072242737 0.125
vt 0.2840730547904968 0.125
vt 0.288665771484375 0.0625
vt 0.2840730547904968 0.125
vt 0.2840730547904968 0.125
vt 0.22131037712097168 0.625
vt 0.22131037712097168 0.625
vt 0.24218961596488953 0.375
vt 0.20820653438568115 0.375
vt 0.24218961596488953 0.375
vt 0.20820653438568115 0.375
vt 0.22786231338977814 0.75
vt 0.24485385417938232 0.75
vt 0.22131037712097168 0.625
vt 0.24218961596488953 0.375
vt 0.20820653438568115 0.375
vt 0.22786231338977814 0.75
vt 0.24485385417938232 0.75
vt 0.22131037712097168 0.625
vt 0.24218961596488953 0.375
vt 0.20820653438568115 0.375
vt 0.19510266184806824 0.125
vt 0.2088182419538498 0.0625
vt 0.18855074048042297 0
vt 0.19510266184806824 0.125
vt 0.19510266184806824 0.125
vt 0.08941425383090973 0.375
vt 0.04586353152990341 0.625
vt 0.08941425383090973 0.375
vt 0.04586353152990341 0.625
vt 0.05868961289525032 0.125
vt 0.06786231696605682 0.25
vt 0.027518117800354958 0.375
vt 0.09262077510356903 0.25
vt 0.07703502476215363 0.375
vt 0.04586353152990341 0.625
vt 0.08344806730747223 0.125
vt 0.027518117800354958 0.375
vt 0.05868960916996002 0.125
vt 0.08344806730747223 0.125
vt 0.027518117800354958 0.375
vt 0.05868960916996002 0.125
vt 0.05868961289525032 0.125
vt 0.06786231696605682 0.25
vt 0.027518117800354958 0.375
vt 0.09262077510356903 0.25
vt 0.07703502476215363 0.375
vt 0.04586353152990341 0.625
vt 0.3400000035762787 0.2979649305343628
vt 1 0.3343085050582886
vt 0.12524154782295227 0.625
vt 0.12524154782295227 0.625
vt 0.17070654034614563 0.375
vt 1 0.5
vt 1 0
vt 0.3400000035762787 0
vt 0.3400000035762787 0.5
vt 0.12524154782295227 0.625
vt 1 0.5
vt 1 0
vt 0.3400000035762787 0
vt 0.3400000035762787 0.5
vt 1 0.5
vt 1 0
vt 0.17070654034614563 0.375
vt 0.12524154782295227 0.625
vt 0.1490338146686554 0.125
vt 0.15427535772323608 0.25
vt 0.1147584468126297 0.375
vt 0.1766546070575714 0.25
vt 0.15951690077781677 0.375
vt 0.17141304910182953 0.125
vt 0.1147584468126297 0.375
vt 0.1490338146686554 0.125
vt 0.14641305804252625 0.0625
vt 0.17141304910182953 0.125
vt 0.1147584468126297 0.375
vt 0.1490338146686554 0.125
vt 0.1490338146686554 0.125
vt 0.15427535772323608 0.25
vt 0.1147584468126297 0.375
vt 0.1766546070575714 0.25
vt 0.15951690077781677 0.375
vt 1 1
vt 0.3400000035762787 1
vt 1 1
vt 0.3400000035762787 1
vt 1 1
vt 1 0.7869745492935181
vt 1 0.7869745492935181
vt 1 0.7869745492935181
vt 0.9723021984100342 0.6804699301719666
vt 0.36375871300697327 0.6651872396469116
vt 0.3400000035762787 0.2979649305343628
vt 1 0.3343085050582886
vt 1 0.3343085050582886
vt 0.9723021984100342 0.6804699301719666
vt 0.9723021984100342 0.6804699301719666
vt 0.36375871300697327 0.6651872396469116
vt 0.015655193477869034 0.875
vt 0.015655193477869034 0.875
vt 0.015655193477869034 0.875
vt 0.015655193477869034 0.875
vt 0.12917271256446838 0.25
vt 0.11744867265224457 0.625
vt 0.11744867265224457 0.625
vt 0.12917271256446838 0.25
vt 0.23376065492630005 0.875
vt 0.23376065492630005 0.875
vt 0.23376065492630005 0.875
vt 0.23376065492630005 0.875
vt 0.009172705933451653 0.6875
vt 0 0.625
vt 0 0.875
vt 0 0.875
vt 0.03669082373380661 0.625
vt 0.018345411866903305 0.75
vt 0.03669082373380661 0.625
vt 0.03669082373380661 0.625
vt 0 0.625
vt 0.03669082373380661 0.625
vt 0.018345411866903305 0.75
vt 0 0.875
vt 0.009172705933451653 0.6875
vt 0 0.875
vt 0.3206000328063965 0.875
vt 0.3206000328063965 0.875
vt 0.3206000328063965 0.875
vt 0.3206000328063965 0.875
vt 0.13572463393211365 0.875
vt 0.13572463393211365 0.875
vt 0.13572463393211365 0.875
vt 0.13572463393211365 0.875
vt 0.09144927561283112 0.625
vt 0.11358694732189178 0.75
vt 0.09144927561283112 0.625
vt 0.11358694732189178 0.75
vt 0.09727656841278076 0.5625
vt 0.09144927561283112 0.625
vt 0.09727656841278076 0.5625
vt 0.09144927561283112 0.625
vt 0.2540392279624939 0.875
vt 0.2540392279624939 0.875
vt 0.2540392279624939 0.875
vt 0.2540392279624939 0.875
vt 0.2344142496585846 0.875
vt 0.2344142496585846 0.875
vt 0.2344142496585846 0.875
vt 0.2344142496585846 0.875
vt 0.19510266184806824 0.125
vt 0.1713103950023651 0.625
vt 0.20286232233047485 0.75
vt 0.1713103950023651 0.625
vt 0.20286232233047485 0.75
vt 0.18053442239761353 0.5625
vt 0.1713103950023651 0.625
vt 0.18053442239761353 0.5625
vt 0.1713103950023651 0.625
vt 0.3633040189743042 0.2980072498321533
vt 0.3974841833114624 0.3596014380455017
vt 0.9723036289215088 0.3025362491607666
vt 0.9723036289215088 0.3025362491607666
vt 0.9723036289215088 0.3025362491607666
vt 0.3633040189743042 0.2980072498321533
vt 0.18210284411907196 0.6111493706703186
vt 0.36037254333496094 0.7497502565383911
vt 0.0004996955394744873 0.7222987413406372
vt 0.9995005130767822 0.49999988079071045
vt 0.36370599269866943 0.5
vt 0.8016362190246582 0.9005682468414307
vt 0.36037254333496094 0.7497502565383911
vt 0.18210284411907196 0.6111493706703186
vt 0.0004996955394744873 0.7222987413406372
vt 0.9995005130767822 0.49999988079071045
vt 0.36370599269866943 0.5
vt 0.8016362190246582 0.9005682468414307
vt 0.35703906416893005 0.9995005130767822
vt 0.35703906416893005 0.9995005130767822
vt 0.8016362190246582 0.9005682468414307
vt 0.36370599269866943 0.5
vt 0.3570387363433838 0.0004994869232177734
vt 0.8016360402107239 0.09943163394927979
vt 0.0004995763301849365 0.2777014374732971
vt 0.0004996955394744873 0.7222987413406372
vt 0.9995005130767822 0.49999988079071045
vt 0.8016360402107239 0.09943163394927979
vt 0.36370599269866943 0.5
vt 0.0004995763301849365 0.2777014374732971
vt 0.3570387363433838 0.0004994869232177734
vt 0.18210278451442719 0.38885068893432617
vt 0.3570387363433838 0.0004994869232177734
vt 0.0004996955394744873 0.7222987413406372
vt 0.8016360402107239 0.09943163394927979
vt 0.35703906416893005 0.9995005130767822
vt 0.8016360402107239 0.09943163394927979
vt 0.35703906416893005 0.9995005130767822
vt 0.8016362190246582 0.9005682468414307
vt 0.0004995763301849365 0.2777014374732971
vt 0.0004995763301849365 0.2777014374732971
vt 0.9995005130767822 0.49999988079071045
vt 0.3570387363433838 0.0004994869232177734
g Gateway010
s 1
f 1/1/1 2/2/2 3/3/3
f 4/4/4 5/5/5 6/6/6
f 7/7/7 8/8/8 9/9/9
f 10/10/10 11/11/11 12/12/12
f 13/13/13 14/14/14 15/15/15
f 16/16/16 17/17/17 18/18/18
f 7/7/7 9/9/9 19/19/19
f 20/20/20 7/7/7 21/21/21
f 22/22/22 23/23/23 24/24/24
f 16/16/16 18/18/18 25/25/25
f 4/4/4 26/26/26 5/5/5
f 27/27/27 28/28/28 29/29/29
f 30/30/30 31/31/31 32/32/32
f 33/33/33 31/31/31 30/30/30
f 34/34/34 35/35/35 36/36/36
f 37/37/37 38/38/38 39/39/39
f 33/33/33 30/30/30 40/40/40
f 41/41/41 42/42/42 43/43/43
f 44/44/44 33/33/33 45/45/45
f 43/43/43 42/42/42 46/46/46
f 47/47/47 48/48/48 4/4/4
f 49/49/49 50/50/50 51/51/51
f 52/52/52 53/53/53 54/54/54
f 55/55/55 41/41/41 56/56/56
f 31/31/31 57/57/57 58/58/58
f 59/59/59 27/27/27 29/29/29
f 60/60/60 61/61/61 62/62/62
f 62/62/62 61/61/61 63/63/63
f 8/8/8 7/7/7 20/20/20
f 64/64/64 65/65/65 66/66/66
f 67/67/67 68/68/68 69/69/69
f 70/70/70 31/31/31 71/71/71
f 72/72/72 73/73/73 4/4/4
f 74/74/74 75/75/75 76/76/76
f 74/74/74 25/25/25 75/75/75
f 25/25/25 77/77/77 75/75/75
f 75/75/75 77/77/77 76/76/76
f 78/78/78 79/79/79 80/80/80
f 81/81/81 78/78/78 80/80/80
f 82/82/82 78/78/78 81/81/81
f 82/82/82 79/79/79 78/78/78
f 83/83/83 84/84/84 16/16/16
f 83/83/83 82/82/82 84/84/84
f 82/82/82 17/17/17 84/84/84
f 84/84/84 17/17/17 16/16/16
f 40/40/40 32/32/32 85/85/85
f 85/85/85 32/32/32 86/86/86
f 79/79/79 82/82/82 83/83/83
f 18/18/18 87/87/87 25/25/25
f 69/69/69 88/88/88 89/89/89
f 90/90/90 91/91/91 77/77/77
f 25/25/25 90/90/90 77/77/77
f 87/87/87 90/90/90 25/25/25
f 87/87/87 91/91/91 90/90/90
f 65/65/65 92/92/92 66/66/66
f 66/66/66 93/93/93 64/64/64
f 91/91/91 87/87/87 94/94/94
f 67/67/67 69/69/69 95/95/95
f 94/94/94 87/87/87 96/96/96
f 50/50/50 88/88/88 69/69/69
f 66/66/66 92/92/92 97/97/97
f 31/31/31 98/98/98 99/99/99
f 100/100/100 101/101/101 1/1/1
f 13/13/13 102/102/102 103/103/103
f 50/50/50 68/68/68 51/51/51
f 104/104/104 27/27/27 59/59/59
f 105/105/105 106/106/106 35/35/35
f 68/68/68 107/107/107 108/108/108
f 109/109/109 110/110/110 111/111/111
f 112/112/112 113/113/113 114/114/114
f 3/3/3 100/100/100 1/1/1
f 113/113/113 115/115/115 114/114/114
f 116/116/116 38/38/38 37/37/37
f 117/117/117 116/116/116 37/37/37
f 116/116/116 117/117/117 118/118/118
f 57/57/57 31/31/31 70/70/70
f 24/24/24 119/119/119 120/120/120
f 24/24/24 23/23/23 119/119/119
f 121/121/121 34/34/34 36/36/36
f 122/122/122 123/123/123 124/124/124
f 125/125/125 120/120/120 119/119/119
f 126/126/126 127/127/127 128/128/128
f 128/128/128 127/127/127 129/129/129
f 130/130/130 27/27/27 104/104/104
f 131/131/131 122/122/122 124/124/124
f 128/128/128 132/132/132 126/126/126
f 133/133/133 134/134/134 135/135/135
f 133/133/133 136/136/136 134/134/134
f 137/137/137 134/134/134 136/136/136
f 27/27/27 130/130/130 138/138/138
f 139/139/139 140/140/140 141/141/141
f 142/142/142 116/116/116 118/118/118
f 27/27/27 138/138/138 143/143/143
f 144/144/144 63/63/63 61/61/61
f 144/144/144 61/61/61 145/145/145
f 54/54/54 139/139/139 141/141/141
f 125/125/125 119/119/119 146/146/146
f 147/147/147 148/148/148 115/115/115
f 109/109/109 149/149/149 150/150/150
f 151/151/151 93/93/93 66/66/66
f 109/109/109 150/150/150 152/152/152
f 6/6/6 72/72/72 4/4/4
f 152/152/152 153/153/153 109/109/109
f 109/109/109 154/154/154 110/110/110
f 153/153/153 154/154/154 109/109/109
f 60/60/60 155/155/155 61/61/61
f 87/87/87 17/17/17 96/96/96
f 1/1/1 101/101/101 156/156/156
f 157/157/157 27/27/27 158/158/158
f 111/111/111 159/159/159 109/109/109
f 124/124/124 160/160/160 131/131/131
f 97/97/97 151/151/151 66/66/66
f 124/124/124 161/161/161 160/160/160
f 159/159/159 149/149/149 109/109/109
f 162/162/162 163/163/163 164/164/164
f 124/124/124 165/165/165 166/166/166
f 167/167/167 132/132/132 128/128/128
f 107/107/107 68/68/68 67/67/67
f 124/124/124 123/123/123 165/165/165
f 129/129/129 167/167/167 128/128/128
f 45/45/45 33/33/33 40/40/40
f 156/156/156 168/168/168 1/1/1
f 169/169/169 133/133/133 135/135/135
f 4/4/4 170/170/170 47/47/47
f 27/27/27 171/171/171 28/28/28
f 155/155/155 145/145/145 61/61/61
f 4/4/4 73/73/73 170/170/170
f 172/172/172 173/173/173 174/174/174
f 88/88/88 50/50/50 49/49/49
f 33/33/33 44/44/44 98/98/98
f 174/174/174 173/173/173 11/11/11
f 96/96/96 81/81/81 80/80/80
f 16/16/16 25/25/25 74/74/74
f 163/163/163 175/175/175 164/164/164
f 164/164/164 175/175/175 176/176/176
f 7/7/7 177/177/177 21/21/21
f 178/178/178 161/161/161 124/124/124
f 31/31/31 33/33/33 98/98/98
f 179/179/179 7/7/7 19/19/19
f 166/166/166 178/178/178 124/124/124
f 180/180/180 7/7/7 179/179/179
f 96/96/96 17/17/17 81/81/81
f 32/32/32 58/58/58 86/86/86
f 181/181/181 13/13/13 103/103/103
f 71/71/71 31/31/31 182/182/182
f 7/7/7 180/180/180 177/177/177
f 14/14/14 13/13/13 181/181/181
f 17/17/17 82/82/82 81/81/81
f 127/127/127 183/183/183 129/129/129
f 102/102/102 13/13/13 184/184/184
f 171/171/171 27/27/27 157/157/157
f 184/184/184 13/13/13 15/15/15
f 95/95/95 69/69/69 89/89/89
f 176/176/176 185/185/185 164/164/164
f 38/38/38 116/116/116 142/142/142
f 168/168/168 2/2/2 1/1/1
f 164/164/164 186/186/186 162/162/162
f 48/48/48 26/26/26 4/4/4
f 187/187/187 135/135/135 134/134/134
f 51/51/51 68/68/68 108/108/108
f 68/68/68 50/50/50 69/69/69
f 185/185/185 186/186/186 164/164/164
f 158/158/158 27/27/27 188/188/188
f 40/40/40 30/30/30 32/32/32
f 188/188/188 27/27/27 143/143/143
f 121/121/121 36/36/36 189/189/189
f 106/106/106 189/189/189 36/36/36
f 106/106/106 36/36/36 35/35/35
f 141/141/141 140/140/140 190/190/190
f 31/31/31 58/58/58 32/32/32
f 191/191/191 63/63/63 144/144/144
f 141/141/141 52/52/52 54/54/54
f 12/12/12 173/173/173 192/192/192
f 12/12/12 11/11/11 173/173/173
f 190/190/190 52/52/52 141/141/141
f 172/172/172 192/192/192 173/173/173
f 148/148/148 114/114/114 115/115/115
f 148/148/148 193/193/193 114/114/114
f 112/112/112 114/114/114 193/193/193
f 137/137/137 187/187/187 134/134/134
f 42/42/42 41/41/41 55/55/55
f 194/194/194 42/42/42 55/55/55
f 42/42/42 194/194/194 46/46/46
f 182/182/182 31/31/31 99/99/99
f 146/146/146 119/119/119 23/23/23
f 17/17/17 87/87/87 18/18/18
g Gateway011
s 1
f 195/195/195 196/196/196 197/197/197
f 198/198/198 199/199/199 200/200/200
f 201/201/201 202/202/202 203/203/203
f 204/204/204 205/205/205 206/206/206
f 207/207/207 204/204/204 206/206/206
f 208/208/208 209/209/209 210/210/210
f 202/202/202 211/211/211 203/203/203
f 212/212/212 213/213/213 214/214/214
f 215/215/215 216/216/216 217/217/217
f 214/214/214 213/213/213 218/218/218
f 219/219/219 220/220/220 221/221/221
f 222/222/222 223/223/223 224/224/224
f 222/222/222 225/225/225 223/223/223
f 223/223/223 225/225/225 226/226/226
f 227/227/227 228/228/228 229/229/229
f 224/224/224 223/223/223 226/226/226
f 230/230/230 195/195/195 231/231/231
f 232/232/232 214/214/214 218/218/218
f 199/199/199 233/233/233 200/200/200
f 234/234/234 235/235/235 236/236/236
f 235/235/235 237/237/237 236/236/236
f 238/238/238 239/239/239 240/240/240
f 239/239/239 241/241/241 240/240/240
f 242/242/242 215/215/215 243/243/243
f 244/244/244 245/245/245 246/246/246
f 247/247/247 228/228/228 227/227/227
f 245/245/245 219/219/219 246/246/246
f 248/248/248 249/249/249 250/250/250
f 251/251/251 252/252/252 253/253/253
f 254/254/254 255/255/255 256/256/256
f 257/257/257 258/258/258 259/259/259
f 210/210/210 260/260/260 208/208/208
f 197/197/197 261/261/261 231/231/231
f 262/262/262 207/207/207 263/263/263
f 264/264/264 261/261/261 197/197/197
f 265/265/265 266/266/266 267/267/267
f 268/268/268 269/269/269 270/270/270
f 271/271/271 272/272/272 273/273/273
f 274/274/274 275/275/275 276/276/276
f 277/277/277 278/278/278 279/279/279
f 280/280/280 272/272/272 271/271/271
f 280/280/280 271/271/271 281/281/281
f 282/282/282 283/283/283 284/284/284
f 271/271/271 273/273/273 281/281/281
f 285/285/285 277/277/277 279/279/279
f 286/286/286 287/287/287 280/280/280
f 287/287/287 272/272/272 280/280/280
f 288/288/288 289/289/289 290/290/290
f 291/291/291 292/292/292 286/286/286
f 293/293/293 292/292/292 291/291/291
f 233/233/233 294/294/294 295/295/295
f 296/296/296 293/293/293 291/291/291
f 296/296/296 291/291/291 286/286/286
f 292/292/292 297/297/297 298/298/298
f 299/299/299 265/265/265 300/300/300
f 292/292/292 298/298/298 286/286/286
f 210/210/210 301/301/301 302/302/302
f 303/303/303 304/304/304 305/305/305
f 295/295/295 306/306/306 292/292/292
f 306/306/306 297/297/297 292/292/292
f 294/294/294 297/297/297 306/306/306
f 294/294/294 306/306/306 295/295/295
f 307/307/307 308/308/308 309/309/309
f 310/310/310 250/250/250 311/311/311
f 272/272/272 312/312/312 273/273/273
f 312/312/312 311/311/311 273/273/273
f 312/312/312 310/310/310 311/311/311
f 272/272/272 310/310/310 312/312/312
f 243/243/243 313/313/313 314/314/314
f 313/313/313 315/315/315 314/314/314
f 313/313/313 316/316/316 315/315/315
f 317/317/317 284/284/284 304/304/304
f 243/243/243 316/316/316 313/313/313
f 318/318/318 319/319/319 242/242/242
f 319/319/319 215/215/215 242/242/242
f 213/213/213 215/215/215 319/319/319
f 213/213/213 319/319/319 318/318/318
f 320/320/320 321/321/321 322/322/322
f 323/323/323 324/324/324 325/325/325
f 218/218/218 324/324/324 323/323/323
f 323/323/323 326/326/326 218/218/218
f 327/327/327 267/267/267 266/266/266
f 325/325/325 326/326/326 323/323/323
f 315/315/315 328/328/328 329/329/329
f 315/315/315 329/329/329 218/218/218
f 218/218/218 329/329/329 257/257/257
f 330/330/330 331/331/331 327/327/327
f 329/329/329 328/328/328 257/257/257
f 328/328/328 332/332/332 257/257/257
f 333/333/333 334/334/334 335/335/335
f 307/307/307 299/299/299 300/300/300
f 336/336/336 317/317/317 304/304/304
f 332/332/332 258/258/258 257/257/257
f 315/315/315 258/258/258 332/332/332
f 315/315/315 332/332/332 328/328/328
f 337/337/337 338/338/338 339/339/339
f 340/340/340 338/338/338 337/337/337
f 341/341/341 340/340/340 337/337/337
f 341/341/341 337/337/337 339/339/339
f 338/338/338 342/342/342 343/343/343
f 338/338/338 343/343/343 339/339/339
f 344/344/344 333/333/333 224/224/224
f 305/305/305 304/304/304 283/283/283
f 196/196/196 345/345/345 278/278/278
f 221/221/221 346/346/346 338/338/338
f 346/346/346 342/342/342 338/338/338
f 220/220/220 342/342/342 346/346/346
f 347/347/347 336/336/336 303/303/303
f 220/220/220 346/346/346 221/221/221
f 348/348/348 349/349/349 282/282/282
f 256/256/256 349/349/349 348/348/348
f 256/256/256 348/348/348 350/350/350
f 348/348/348 282/282/282 350/350/350
f 349/349/349 351/351/351 282/282/282
f 351/351/351 283/283/283 282/282/282
f 255/255/255 283/283/283 351/351/351
f 255/255/255 351/351/351 349/349/349
f 352/352/352 353/353/353 354/354/354
f 352/352/352 354/354/354 355/355/355
f 321/321/321 356/356/356 352/352/352
f 356/356/356 353/353/353 352/352/352
f 357/357/357 353/353/353 356/356/356
f 357/357/357 356/356/356 321/321/321
f 316/316/316 358/358/358 315/315/315
f 358/358/358 258/258/258 315/315/315
f 359/359/359 360/360/360 196/196/196
f 230/230/230 360/360/360 359/359/359
f 230/230/230 359/359/359 195/195/195
f 359/359/359 196/196/196 195/195/195
f 360/360/360 361/361/361 196/196/196
f 361/361/361 345/345/345 196/196/196
f 362/362/362 345/345/345 361/361/361
f 362/362/362 361/361/361 360/360/360
f 228/228/228 363/363/363 229/229/229
f 314/314/314 315/315/315 326/326/326
f 364/364/364 255/255/255 254/254/254
f 213/213/213 318/318/318 218/218/218
f 365/365/365 366/366/366 260/260/260
f 367/367/367 365/365/365 260/260/260
f 368/368/368 260/260/260 369/369/369
f 250/250/250 368/368/368 369/369/369
f 250/250/250 367/367/367 368/368/368
f 368/368/368 367/367/367 260/260/260
f 250/250/250 369/369/369 248/248/248
f 305/305/305 370/370/370 303/303/303
f 369/369/369 260/260/260 302/302/302
f 248/248/248 369/369/369 302/302/302
f 371/371/371 372/372/372 373/373/373
f 373/373/373 372/372/372 374/374/374
f 373/373/373 374/374/374 276/276/276
f 371/371/371 373/373/373 276/276/276
f 375/375/375 376/376/376 377/377/377
f 375/375/375 378/378/378 376/376/376
f 374/374/374 376/376/376 378/378/378
f 374/374/374 377/377/377 376/376/376
f 379/379/379 243/243/243 380/380/380
f 381/381/381 379/379/379 380/380/380
f 381/381/381 382/382/382 383/383/383
f 381/381/381 380/380/380 382/382/382
f 382/382/382 380/380/380 384/384/384
f 383/383/383 382/382/382 384/384/384
f 385/385/385 386/386/386 261/261/261
f 264/264/264 385/385/385 261/261/261
f 387/387/387 308/308/308 388/388/388
f 389/389/389 390/390/390 391/391/391
f 241/241/241 357/357/357 321/321/321
f 251/251/251 392/392/392 252/252/252
f 370/370/370 389/389/389 303/303/303
f 211/211/211 393/393/393 371/371/371
f 394/394/394 395/395/395 203/203/203
f 304/304/304 284/284/284 283/283/283
f 236/236/236 237/237/237 396/396/396
f 397/397/397 364/364/364 254/254/254
f 398/398/398 397/397/397 254/254/254
f 336/336/336 304/304/304 303/303/303
f 399/399/399 363/363/363 228/228/228
f 247/247/247 399/399/399 228/228/228
f 400/400/400 247/247/247 227/227/227
f 279/279/279 278/278/278 345/345/345
f 401/401/401 402/402/402 384/384/384
f 285/285/285 279/279/279 253/253/253
f 371/371/371 394/394/394 203/203/203
f 198/198/198 403/403/403 404/404/404
f 405/405/405 406/406/406 407/407/407
f 225/225/225 405/405/405 407/407/407
f 408/408/408 387/387/387 388/388/388
f 372/372/372 377/377/377 374/374/374
f 393/393/393 372/372/372 371/371/371
f 409/409/409 212/212/212 214/214/214
f 232/232/232 409/409/409 214/214/214
f 410/410/410 264/264/264 197/197/197
f 384/384/384 411/411/411 383/383/383
f 411/411/411 412/412/412 383/383/383
f 402/402/402 412/412/412 411/411/411
f 402/402/402 411/411/411 384/384/384
f 393/393/393 377/377/377 372/372/372
f 276/276/276 275/275/275 371/371/371
f 203/203/203 395/395/395 201/201/201
f 384/384/384 413/413/413 217/217/217
f 413/413/413 243/243/243 217/217/217
f 380/380/380 243/243/243 413/413/413
f 380/380/380 413/413/413 384/384/384
f 414/414/414 252/252/252 415/415/415
f 253/253/253 252/252/252 414/414/414
f 414/414/414 416/416/416 253/253/253
f 417/417/417 418/418/418 230/230/230
f 314/314/314 326/326/326 325/325/325
f 377/377/377 419/419/419 420/420/420
f 420/420/420 419/419/419 268/268/268
f 421/421/421 273/273/273 422/422/422
f 268/268/268 270/270/270 420/420/420
f 422/422/422 250/250/250 423/423/423
f 420/420/420 270/270/270 377/377/377
f 424/424/424 370/370/370 305/305/305
f 302/302/302 260/260/260 210/210/210
f 425/425/425 238/238/238 426/426/426
f 266/266/266 425/425/425 426/426/426
f 427/427/427 428/428/428 429/429/429
f 427/427/427 206/206/206 428/428/428
f 206/206/206 205/205/205 428/428/428
f 428/428/428 205/205/205 429/429/429
f 280/280/280 281/281/281 430/430/430
f 281/281/281 273/273/273 431/431/431
f 430/430/430 281/281/281 431/431/431
f 432/432/432 408/408/408 300/300/300
f 276/276/276 374/374/374 378/378/378
f 433/433/433 198/198/198 434/434/434
f 423/423/423 433/433/433 434/434/434
f 404/404/404 431/431/431 435/435/435
f 435/435/435 431/431/431 421/421/421
f 421/421/421 434/434/434 435/435/435
f 435/435/435 434/434/434 404/404/404
f 377/377/377 436/436/436 419/419/419
f 419/419/419 436/436/436 437/437/437
f 419/419/419 437/437/437 268/268/268
f 283/283/283 424/424/424 305/305/305
f 252/252/252 438/438/438 415/415/415
f 436/436/436 244/244/244 437/437/437
f 302/302/302 249/249/249 248/248/248
f 439/439/439 440/440/440 429/429/429
f 439/439/439 437/437/437 440/440/440
f 437/437/437 244/244/244 440/440/440
f 440/440/440 244/244/244 429/429/429
f 429/429/429 441/441/441 439/439/439
f 439/439/439 441/441/441 268/268/268
f 268/268/268 437/437/437 439/439/439
f 324/324/324 242/242/242 325/325/325
f 418/418/418 344/344/344 226/226/226
f 230/230/230 418/418/418 226/226/226
f 415/415/415 416/416/416 414/414/414
f 417/417/417 344/344/344 418/418/418
f 330/330/330 426/426/426 442/442/442
f 442/442/442 426/426/426 396/396/396
f 396/396/396 443/443/443 442/442/442
f 442/442/442 443/443/443 330/330/330
f 444/444/444 331/331/331 443/443/443
f 237/237/237 444/444/444 443/443/443
f 237/237/237 445/445/445 444/444/444
f 444/444/444 445/445/445 331/331/331
f 320/320/320 236/236/236 446/446/446
f 446/446/446 236/236/236 396/396/396
f 396/396/396 447/447/447 446/446/446
f 446/446/446 447/447/447 320/320/320
f 448/448/448 449/449/449 256/256/256
f 448/448/448 288/288/288 449/449/449
f 449/449/449 288/288/288 450/450/450
f 256/256/256 449/449/449 450/450/450
f 451/451/451 452/452/452 290/290/290
f 451/451/451 398/398/398 452/452/452
f 452/452/452 398/398/398 450/450/450
f 290/290/290 452/452/452 450/450/450
f 256/256/256 350/350/350 229/229/229
f 350/350/350 282/282/282 227/227/227
f 229/229/229 350/350/350 227/227/227
f 205/205/205 453/453/453 454/454/454
f 454/454/454 453/453/453 441/441/441
f 454/454/454 441/441/441 429/429/429
f 205/205/205 454/454/454 429/429/429
f 455/455/455 378/378/378 375/375/375
f 269/269/269 455/455/455 375/375/375
f 456/456/456 455/455/455 269/269/269
f 456/456/456 378/378/378 455/455/455
f 453/453/453 269/269/269 441/441/441
f 205/205/205 456/456/456 453/453/453
f 453/453/453 456/456/456 269/269/269
f 427/427/427 457/457/457 263/263/263
f 427/427/427 458/458/458 457/457/457
f 458/458/458 221/221/221 457/457/457
f 457/457/457 221/221/221 263/263/263
f 263/263/263 206/206/206 427/427/427
f 217/217/217 401/401/401 384/384/384
f 429/429/429 458/458/458 427/427/427
f 244/244/244 246/246/246 459/459/459
f 459/459/459 246/246/246 458/458/458
f 459/459/459 458/458/458 429/429/429
f 217/217/217 243/243/243 215/215/215
f 244/244/244 459/459/459 429/429/429
f 460/460/460 461/461/461 462/462/462
f 461/461/461 463/463/463 462/462/462
f 218/218/218 464/464/464 465/465/465
f 231/231/231 386/386/386 230/230/230
f 466/466/466 467/467/467 468/468/468
f 467/467/467 469/469/469 468/468/468
f 261/261/261 386/386/386 231/231/231
f 218/218/218 257/257/257 464/464/464
f 470/470/470 471/471/471 468/468/468
f 471/471/471 472/472/472 468/468/468
f 464/464/464 257/257/257 473/473/473
f 443/443/443 331/331/331 330/330/330
f 474/474/474 475/475/475 476/476/476
f 475/475/475 477/477/477 476/476/476
f 465/465/465 464/464/464 473/473/473
f 478/478/478 479/479/479 476/476/476
f 479/479/479 480/480/480 476/476/476
f 481/481/481 482/482/482 473/473/473
f 481/481/481 232/232/232 482/482/482
f 482/482/482 232/232/232 465/465/465
f 473/473/473 482/482/482 465/465/465
f 483/483/483 484/484/484 430/430/430
f 483/483/483 403/403/403 484/484/484
f 403/403/403 295/295/295 484/484/484
f 484/484/484 295/295/295 430/430/430
f 430/430/430 431/431/431 483/483/483
f 483/483/483 431/431/431 404/404/404
f 404/404/404 403/403/403 483/483/483
f 485/485/485 486/486/486 344/344/344
f 485/485/485 334/334/334 486/486/486
f 486/486/486 334/334/334 333/333/333
f 344/344/344 486/486/486 333/333/333
f 266/266/266 426/426/426 487/487/487
f 487/487/487 426/426/426 330/330/330
f 330/330/330 327/327/327 487/487/487
f 487/487/487 327/327/327 266/266/266
f 355/355/355 488/488/488 489/489/489
f 489/489/489 488/488/488 320/320/320
f 320/320/320 322/322/322 489/489/489
f 489/489/489 322/322/322 355/355/355
f 490/490/490 491/491/491 288/288/288
f 490/490/490 492/492/492 491/491/491
f 491/491/491 492/492/492 289/289/289
f 288/288/288 491/491/491 289/289/289
f 339/339/339 262/262/262 341/341/341
f 341/341/341 262/262/262 263/263/263
f 263/263/263 340/340/340 341/341/341
f 221/221/221 338/338/338 493/493/493
f 493/493/493 338/338/338 340/340/340
f 263/263/263 493/493/493 340/340/340
f 263/263/263 221/221/221 493/493/493
f 423/423/423 434/434/434 494/494/494
f 494/494/494 434/434/434 421/421/421
f 421/421/421 422/422/422 494/494/494
f 494/494/494 422/422/422 423/423/423
f 286/286/286 280/280/280 296/296/296
f 296/296/296 280/280/280 430/430/430
f 430/430/430 293/293/293 296/296/296
f 495/495/495 251/251/251 496/496/496
f 295/295/295 292/292/292 497/497/497
f 497/497/497 292/292/292 293/293/293
f 430/430/430 497/497/497 293/293/293
f 430/430/430 295/295/295 497/497/497
f 237/237/237 443/443/443 396/396/396
f 320/320/320 234/234/234 236/236/236
f 345/345/345 495/495/495 496/496/496
f 216/216/216 401/401/401 217/217/217
f 383/383/383 412/412/412 381/381/381
f 378/378/378 274/274/274 276/276/276
f 447/447/447 321/321/321 320/320/320
f 498/498/498 299/299/299 307/307/307
f 309/309/309 498/498/498 307/307/307
f 238/238/238 447/447/447 396/396/396
f 406/406/406 362/362/362 407/407/407
f 407/407/407 362/362/362 230/230/230
f 434/434/434 198/198/198 404/404/404
f 225/225/225 407/407/407 230/230/230
f 273/273/273 311/311/311 422/422/422
f 311/311/311 250/250/250 422/422/422
f 408/408/408 388/388/388 300/300/300
f 499/499/499 266/266/266 265/265/265
f 299/299/299 499/499/499 265/265/265
f 300/300/300 388/388/388 307/307/307
f 450/450/450 288/288/288 290/290/290
f 388/388/388 308/308/308 307/307/307
f 275/275/275 500/500/500 394/394/394
f 314/314/314 242/242/242 243/243/243
f 450/450/450 398/398/398 256/256/256
f 325/325/325 242/242/242 314/314/314
f 416/416/416 285/285/285 253/253/253
f 229/229/229 363/363/363 256/256/256
f 441/441/441 269/269/269 268/268/268
f 226/226/226 225/225/225 230/230/230
f 496/496/496 251/251/251 253/253/253
f 226/226/226 344/344/344 224/224/224
f 386/386/386 485/485/485 417/417/417
f 417/417/417 485/485/485 344/344/344
f 426/426/426 238/238/238 396/396/396
f 496/496/496 279/279/279 345/345/345
f 386/386/386 417/417/417 230/230/230
f 207/207/207 206/206/206 263/263/263
f 324/324/324 318/318/318 242/242/242
f 218/218/218 318/318/318 324/324/324
f 500/500/500 395/395/395 394/394/394
f 209/209/209 301/301/301 210/210/210
f 363/363/363 490/490/490 448/448/448
f 448/448/448 490/490/490 288/288/288
f 501/501/501 265/265/265 267/267/267
f 203/203/203 211/211/211 371/371/371
f 392/392/392 438/438/438 252/252/252
f 249/249/249 423/423/423 250/250/250
f 370/370/370 502/502/502 389/389/389
f 363/363/363 448/448/448 256/256/256
f 300/300/300 265/265/265 501/501/501
f 501/501/501 432/432/432 300/300/300
f 267/267/267 432/432/432 501/501/501
f 275/275/275 394/394/394 371/371/371
f 503/503/503 389/389/389 391/391/391
f 303/303/303 389/389/389 503/503/503
f 488/488/488 234/234/234 320/320/320
f 503/503/503 347/347/347 303/303/303
f 301/301/301 249/249/249 302/302/302
f 301/301/301 504/504/504 249/249/249
f 260/260/260 366/366/366 208/208/208
f 465/465/465 232/232/232 218/218/218
f 504/504/504 423/423/423 249/249/249
f 391/391/391 347/347/347 503/503/503
f 253/253/253 279/279/279 496/496/496
f 362/362/362 360/360/360 230/230/230
f 502/502/502 390/390/390 389/389/389
f 278/278/278 410/410/410 505/505/505
f 505/505/505 410/410/410 197/197/197
f 197/197/197 196/196/196 505/505/505
f 505/505/505 196/196/196 278/278/278
f 335/335/335 222/222/222 506/506/506
f 506/506/506 222/222/222 224/224/224
f 224/224/224 333/333/333 506/506/506
f 506/506/506 333/333/333 335/335/335
f 445/445/445 507/507/507 331/331/331
f 476/476/476 477/477/477 478/478/478
f 445/445/445 267/267/267 507/507/507
f 476/476/476 480/480/480 474/474/474
f 507/507/507 267/267/267 327/327/327
f 468/468/468 469/469/469 470/470/470
f 331/331/331 507/507/507 327/327/327
f 468/468/468 472/472/472 466/466/466
f 321/321/321 352/352/352 322/322/322
f 462/462/462 508/508/508 460/460/460
f 326/326/326 315/315/315 218/218/218
f 462/462/462 463/463/463 509/509/509
f 431/431/431 273/273/273 421/421/421
f 322/322/322 352/352/352 355/355/355
f 510/510/510 511/511/511 512/512/512
f 510/510/510 289/289/289 511/511/511
f 289/289/289 492/492/492 511/511/511
f 511/511/511 492/492/492 512/512/512
f 512/512/512 451/451/451 510/510/510
f 509/509/509 513/513/513 462/462/462
f 513/513/513 508/508/508 462/462/462
f 510/510/510 451/451/451 290/290/290
f 290/290/290 289/289/289 510/510/510
f 255/255/255 349/349/349 256/256/256
f 398/398/398 254/254/254 256/256/256
f 284/284/284 400/400/400 514/514/514
f 514/514/514 400/400/400 227/227/227
f 227/227/227 282/282/282 514/514/514
f 514/514/514 282/282/282 284/284/284
f 269/269/269 375/375/375 270/270/270
f 200/200/200 233/233/233 295/295/295
f 198/198/198 200/200/200 403/403/403
f 270/270/270 375/375/375 377/377/377
f 200/200/200 295/295/295 403/403/403
f 240/240/240 241/241/241 321/321/321
f 238/238/238 240/240/240 447/447/447
f 240/240/240 321/321/321 447/447/447
f 259/259/259 481/481/481 515/515/515
f 515/515/515 481/481/481 473/473/473
f 473/473/473 257/257/257 515/515/515
f 515/515/515 257/257/257 259/259/259
f 246/246/246 219/219/219 221/221/221
f 246/246/246 221/221/221 458/458/458
f 231/231/231 195/195/195 197/197/197
g Gateway012
s 1
f 516/516/516 517/517/517 518/518/518
f 519/519/519 517/517/517 516/516/516
f 520/520/520 519/519/519 516/516/516
f 520/520/520 516/516/516 518/518/518
f 521/521/521 522/522/522 523/523/523
f 524/524/524 522/522/522 521/521/521
f 524/524/524 521/521/521 525/525/525
f 521/521/521 523/523/523 525/525/525
f 525/525/525 523/523/523 526/526/526
f 525/525/525 526/526/526 527/527/527
f 527/527/527 526/526/526 528/528/528
f 526/526/526 523/523/523 528/528/528
f 529/529/529 530/530/530 531/531/531
f 532/532/532 530/530/530 529/529/529
f 532/532/532 529/529/529 533/533/533
f 534/534/534 535/535/535 536/536/536
f 529/529/529 531/531/531 533/533/533
f 533/533/533 531/531/531 537/537/537
f 533/533/533 537/537/537 538/538/538
f 538/538/538 537/537/537 539/539/539
f 537/537/537 531/531/531 539/539/539
f 540/540/540 541/541/541 542/542/542
f 541/541/541 543/543/543 542/542/542
f 544/544/544 543/543/543 541/541/541
f 544/544/544 541/541/541 540/540/540
f 545/545/545 542/542/542 546/546/546
f 540/540/540 542/542/542 545/545/545
f 540/540/540 545/545/545 547/547/547
f 545/545/545 546/546/546 547/547/547
f 548/548/548 549/549/549 550/550/550
f 549/549/549 551/551/551 550/550/550
f 552/552/552 551/551/551 549/549/549
f 532/532/532 553/553/553 554/554/554
f 552/552/552 549/549/549 548/548/548
f 555/555/555 550/550/550 556/556/556
f 548/548/548 550/550/550 555/555/555
f 548/548/548 555/555/555 557/557/557
f 555/555/555 556/556/556 557/557/557
f 558/558/558 559/559/559 560/560/560
f 561/561/561 559/559/559 558/558/558
f 562/562/562 561/561/561 558/558/558
f 562/562/562 558/558/558 560/560/560
f 563/563/563 564/564/564 565/565/565
f 563/563/563 565/565/565 566/566/566
f 565/565/565 520/520/520 566/566/566
f 567/567/567 568/568/568 569/569/569
f 570/570/570 568/568/568 567/567/567
f 571/571/571 570/570/570 567/567/567
f 571/571/571 567/567/567 569/569/569
f 572/572/572 553/553/553 561/561/561
f 573/573/573 574/574/574 575/575/575
f 573/573/573 575/575/575 576/576/576
f 561/561/561 553/553/553 577/577/577
f 575/575/575 578/578/578 576/576/576
f 574/574/574 578/578/578 575/575/575
f 579/579/579 524/524/524 580/580/580
f 581/581/581 524/524/524 579/579/579
f 579/579/579 580/580/580 582/582/582
f 583/583/583 582/582/582 584/584/584
f 583/583/583 584/584/584 585/585/585
f 585/585/585 584/584/584 586/586/586
f 584/584/584 582/582/582 586/586/586
f 581/581/581 587/587/587 583/583/583
f 587/587/587 582/582/582 583/583/583
f 587/587/587 579/579/579 582/582/582
f 581/581/581 579/579/579 587/587/587
f 588/588/588 589/589/589 590/590/590
f 591/591/591 589/589/589 588/588/588
f 591/591/591 588/588/588 592/592/592
f 588/588/588 590/590/590 592/592/592
f 592/592/592 590/590/590 593/593/593
f 592/592/592 593/593/593 594/594/594
f 594/594/594 593/593/593 595/595/595
f 593/593/593 590/590/590 595/595/595
f 596/596/596 597/597/597 598/598/598
f 597/597/597 599/599/599 598/598/598
f 600/600/600 599/599/599 597/597/597
f 577/577/577 553/553/553 591/591/591
f 600/600/600 597/597/597 596/596/596
f 601/601/601 598/598/598 602/602/602
f 596/596/596 598/598/598 601/601/601
f 596/596/596 601/601/601 603/603/603
f 535/535/535 543/543/543 544/544/544
f 601/601/601 602/602/602 603/603/603
f 604/604/604 605/605/605 606/606/606
f 605/605/605 607/607/607 606/606/606
f 608/608/608 607/607/607 605/605/605
f 608/608/608 605/605/605 604/604/604
f 609/609/609 606/606/606 610/610/610
f 604/604/604 606/606/606 609/609/609
f 604/604/604 609/609/609 611/611/611
f 609/609/609 610/610/610 611/611/611
f 612/612/612 581/581/581 613/613/613
f 612/612/612 613/613/613 614/614/614
f 614/614/614 613/613/613 583/583/583
f 613/613/613 581/581/581 583/583/583
f 615/615/615 614/614/614 616/616/616
f 612/612/612 614/614/614 615/615/615
f 617/617/617 612/612/612 615/615/615
f 617/617/617 615/615/615 616/616/616
f 618/618/618 591/591/591 619/619/619
f 618/618/618 619/619/619 620/620/620
f 620/620/620 619/619/619 592/592/592
f 619/619/619 591/591/591 592/592/592
f 621/621/621 620/620/620 622/622/622
f 618/618/618 620/620/620 621/621/621
f 623/623/623 618/618/618 621/621/621
f 623/623/623 621/621/621 622/622/622
f 624/624/624 625/625/625 626/626/626
f 627/627/627 625/625/625 624/624/624
f 627/627/627 624/624/624 628/628/628
f 624/624/624 626/626/626 628/628/628
f 629/629/629 630/630/630 627/627/627
f 599/599/599 630/630/630 629/629/629
f 599/599/599 629/629/629 598/598/598
f 629/629/629 627/627/627 598/598/598
f 631/631/631 632/632/632 633/633/633
f 634/634/634 632/632/632 631/631/631
f 634/634/634 631/631/631 635/635/635
f 631/631/631 633/633/633 635/635/635
f 636/636/636 637/637/637 634/634/634
f 607/607/607 637/637/637 636/636/636
f 607/607/607 636/636/636 606/606/606
f 636/636/636 634/634/634 606/606/606
f 564/564/564 520/520/520 565/565/565
f 638/638/638 639/639/639 640/640/640
f 640/640/640 639/639/639 517/517/517
f 544/544/544 540/540/540 536/536/536
f 641/641/641 642/642/642 643/643/643
f 644/644/644 645/645/645 646/646/646
f 642/642/642 551/551/551 552/552/552
f 642/642/642 552/552/552 647/647/647
f 552/552/552 548/548/548 647/647/647
f 570/570/570 648/648/648 568/568/568
f 649/649/649 643/643/643 647/647/647
f 569/569/569 568/568/568 650/650/650
f 568/568/568 648/648/648 650/650/650
f 561/561/561 577/577/577 559/559/559
f 643/643/643 642/642/642 647/647/647
f 560/560/560 559/559/559 651/651/651
f 559/559/559 577/577/577 651/651/651
f 652/652/652 574/574/574 573/573/573
f 652/652/652 573/573/573 653/653/653
f 573/573/573 576/576/576 653/653/653
f 654/654/654 646/646/646 655/655/655
f 656/656/656 564/564/564 563/563/563
f 656/656/656 563/563/563 657/657/657
f 563/563/563 566/566/566 657/657/657
f 646/646/646 645/645/645 655/655/655
f 582/582/582 580/580/580 525/525/525
f 580/580/580 524/524/524 525/525/525
f 591/591/591 532/532/532 589/589/589
f 590/590/590 589/589/589 533/533/533
f 589/589/589 532/532/532 533/533/533
f 658/658/658 659/659/659 660/660/660
f 661/661/661 571/571/571 569/569/569
f 543/543/543 599/599/599 600/600/600
f 543/543/543 600/600/600 542/542/542
f 600/600/600 596/596/596 542/542/542
f 645/645/645 570/570/570 662/662/662
f 551/551/551 607/607/607 608/608/608
f 551/551/551 608/608/608 550/550/550
f 608/608/608 604/604/604 550/550/550
f 663/663/663 662/662/662 571/571/571
f 648/648/648 581/581/581 612/612/612
f 662/662/662 570/570/570 571/571/571
f 577/577/577 591/591/591 618/618/618
f 625/625/625 653/653/653 626/626/626
f 652/652/652 653/653/653 625/625/625
f 599/599/599 652/652/652 630/630/630
f 664/664/664 665/665/665 666/666/666
f 666/666/666 665/665/665 551/551/551
f 666/666/666 551/551/551 642/642/642
f 664/664/664 666/666/666 642/642/642
f 664/664/664 642/642/642 667/667/667
f 667/667/667 642/642/642 641/641/641
f 667/667/667 641/641/641 638/638/638
f 664/664/664 667/667/667 638/638/638
f 668/668/668 564/564/564 669/669/669
f 664/664/664 668/668/668 669/669/669
f 664/664/664 638/638/638 668/668/668
f 668/668/668 638/638/638 564/564/564
f 669/669/669 656/656/656 665/665/665
f 664/664/664 669/669/669 665/665/665
f 670/670/670 562/562/562 560/560/560
f 669/669/669 564/564/564 656/656/656
f 627/627/627 630/630/630 625/625/625
f 665/665/665 656/656/656 607/607/607
f 665/665/665 607/607/607 551/551/551
f 630/630/630 652/652/652 625/625/625
f 671/671/671 553/553/553 572/572/572
f 672/672/672 671/671/671 572/572/572
f 554/554/554 671/671/671 672/672/672
f 554/554/554 553/553/553 671/671/671
f 673/673/673 674/674/674 675/675/675
f 644/644/644 673/673/673 675/675/675
f 676/676/676 673/673/673 644/644/644
f 676/676/676 674/674/674 673/673/673
f 675/675/675 674/674/674 677/677/677
f 645/645/645 675/675/675 677/677/677
f 644/644/644 675/675/675 645/645/645
f 677/677/677 674/674/674 678/678/678
f 570/570/570 677/677/677 678/678/678
f 645/645/645 677/677/677 570/570/570
f 570/570/570 678/678/678 648/648/648
f 678/678/678 674/674/674 581/581/581
f 648/648/648 678/678/678 581/581/581
f 679/679/679 674/674/674 676/676/676
f 564/564/564 519/519/519 520/520/520
f 520/520/520 518/518/518 566/566/566
f 524/524/524 679/679/679 676/676/676
f 581/581/581 679/679/679 524/524/524
f 574/574/574 680/680/680 578/578/578
f 581/581/581 674/674/674 679/679/679
f 578/578/578 681/681/681 576/576/576
f 632/632/632 657/657/657 633/633/633
f 656/656/656 657/657/657 632/632/632
f 657/657/657 682/682/682 683/683/683
f 683/683/683 682/682/682 684/684/684
f 683/683/683 684/684/684 633/633/633
f 607/607/607 656/656/656 637/637/637
f 572/572/572 561/561/561 685/685/685
f 657/657/657 683/683/683 633/633/633
f 653/653/653 686/686/686 687/687/687
f 687/687/687 686/686/686 688/688/688
f 687/687/687 688/688/688 626/626/626
f 634/634/634 637/637/637 632/632/632
f 653/653/653 687/687/687 626/626/626
f 577/577/577 618/618/618 623/623/623
f 651/651/651 623/623/623 622/622/622
f 651/651/651 577/577/577 623/623/623
f 689/689/689 690/690/690 691/691/691
f 689/689/689 651/651/651 690/690/690
f 637/637/637 656/656/656 632/632/632
f 690/690/690 651/651/651 622/622/622
f 691/691/691 690/690/690 622/622/622
f 648/648/648 612/612/612 617/617/617
f 650/650/650 617/617/617 616/616/616
f 650/650/650 648/648/648 617/617/617
f 692/692/692 693/693/693 694/694/694
f 692/692/692 650/650/650 693/693/693
f 693/693/693 650/650/650 616/616/616
f 694/694/694 693/693/693 616/616/616
f 550/550/550 611/611/611 556/556/556
f 550/550/550 604/604/604 611/611/611
f 611/611/611 610/610/610 556/556/556
f 542/542/542 603/603/603 546/546/546
f 542/542/542 596/596/596 603/603/603
f 603/603/603 602/602/602 546/546/546
f 590/590/590 533/533/533 595/595/595
f 595/595/595 533/533/533 538/538/538
f 594/594/594 595/595/595 538/538/538
f 582/582/582 525/525/525 586/586/586
f 586/586/586 525/525/525 527/527/527
f 585/585/585 586/586/586 527/527/527
f 606/606/606 635/635/635 610/610/610
f 606/606/606 634/634/634 635/635/635
f 635/635/635 633/633/633 610/610/610
f 598/598/598 628/628/628 602/602/602
f 598/598/598 627/627/627 628/628/628
f 695/695/695 685/685/685 562/562/562
f 628/628/628 626/626/626 602/602/602
f 620/620/620 592/592/592 696/696/696
f 696/696/696 592/592/592 594/594/594
f 622/622/622 696/696/696 594/594/594
f 622/622/622 620/620/620 696/696/696
f 614/614/614 583/583/583 697/697/697
f 697/697/697 583/583/583 585/585/585
f 616/616/616 697/697/697 585/585/585
f 616/616/616 614/614/614 697/697/697
f 639/639/639 698/698/698 517/517/517
f 639/639/639 699/699/699 698/698/698
f 698/698/698 699/699/699 518/518/518
f 517/517/517 698/698/698 518/518/518
f 658/658/658 700/700/700 701/701/701
f 701/701/701 700/700/700 681/681/681
f 702/702/702 701/701/701 681/681/681
f 703/703/703 704/704/704 705/705/705
f 705/705/705 704/704/704 695/695/695
f 703/703/703 705/705/705 670/670/670
f 706/706/706 655/655/655 707/707/707
f 707/707/707 655/655/655 663/663/663
f 706/706/706 707/707/707 661/661/661
f 647/647/647 557/557/557 708/708/708
f 647/647/647 548/548/548 557/557/557
f 557/557/557 556/556/556 708/708/708
f 536/536/536 547/547/547 709/709/709
f 536/536/536 540/540/540 547/547/547
f 685/685/685 561/561/561 562/562/562
f 547/547/547 546/546/546 709/709/709
f 531/531/531 530/530/530 539/539/539
f 539/539/539 530/530/530 710/710/710
f 538/538/538 539/539/539 710/710/710
f 523/523/523 522/522/522 528/528/528
f 528/528/528 522/522/522 711/711/711
f 527/527/527 528/528/528 711/711/711
f 672/672/672 572/572/572 712/712/712
f 574/574/574 658/658/658 680/680/680
f 713/713/713 712/712/712 704/704/704
f 714/714/714 655/655/655 706/706/706
f 712/712/712 572/572/572 704/704/704
f 654/654/654 655/655/655 714/714/714
f 649/649/649 715/715/715 716/716/716
f 717/717/717 654/654/654 714/714/714
f 715/715/715 708/708/708 699/699/699
f 564/564/564 638/638/638 519/519/519
f 718/718/718 719/719/719 720/720/720
f 717/717/717 714/714/714 706/706/706
f 719/719/719 709/709/709 700/700/700
f 720/720/720 719/719/719 700/700/700
f 710/710/710 721/721/721 722/722/722
f 722/722/722 721/721/721 713/713/713
f 710/710/710 722/722/722 703/703/703
f 711/711/711 723/723/723 717/717/717
f 717/717/717 723/723/723 654/654/654
f 711/711/711 717/717/717 706/706/706
f 524/524/524 676/676/676 522/522/522
f 724/724/724 646/646/646 654/654/654
f 638/638/638 641/641/641 725/725/725
f 644/644/644 646/646/646 724/724/724
f 638/638/638 725/725/725 639/639/639
f 723/723/723 724/724/724 654/654/654
f 660/660/660 659/659/659 726/726/726
f 660/660/660 726/726/726 720/720/720
f 725/725/725 716/716/716 639/639/639
f 727/727/727 543/543/543 535/535/535
f 726/726/726 718/718/718 720/720/720
f 727/727/727 535/535/535 659/659/659
f 727/727/727 659/659/659 658/658/658
f 659/659/659 718/718/718 726/726/726
f 670/670/670 689/689/689 691/691/691
f 670/670/670 560/560/560 689/689/689
f 560/560/560 651/651/651 689/689/689
f 728/728/728 720/720/720 700/700/700
f 661/661/661 692/692/692 694/694/694
f 661/661/661 569/569/569 692/692/692
f 569/569/569 650/650/650 692/692/692
f 660/660/660 720/720/720 728/728/728
f 566/566/566 518/518/518 682/682/682
f 682/682/682 518/518/518 684/684/684
f 658/658/658 660/660/660 728/728/728
f 657/657/657 566/566/566 682/682/682
f 576/576/576 681/681/681 686/686/686
f 686/686/686 681/681/681 688/688/688
f 658/658/658 728/728/728 700/700/700
f 653/653/653 576/576/576 686/686/686
f 639/639/639 716/716/716 729/729/729
f 639/639/639 729/729/729 699/699/699
f 729/729/729 715/715/715 699/699/699
f 716/716/716 715/715/715 729/729/729
f 725/725/725 641/641/641 730/730/730
f 727/727/727 658/658/658 574/574/574
f 725/725/725 730/730/730 716/716/716
f 730/730/730 649/649/649 716/716/716
f 731/731/731 704/704/704 703/703/703
f 713/713/713 704/704/704 731/731/731
f 722/722/722 713/713/713 731/731/731
f 722/722/722 731/731/731 703/703/703
f 732/732/732 712/712/712 713/713/713
f 672/672/672 712/712/712 732/732/732
f 676/676/676 644/644/644 733/733/733
f 721/721/721 732/732/732 713/713/713
f 733/733/733 644/644/644 734/734/734
f 733/733/733 734/734/734 723/723/723
f 727/727/727 574/574/574 652/652/652
f 723/723/723 734/734/734 724/724/724
f 727/727/727 652/652/652 599/599/599
f 734/734/734 644/644/644 724/724/724
f 676/676/676 733/733/733 735/735/735
f 522/522/522 676/676/676 735/735/735
f 522/522/522 735/735/735 711/711/711
f 736/736/736 723/723/723 711/711/711
f 733/733/733 723/723/723 736/736/736
f 735/735/735 733/733/733 736/736/736
f 735/735/735 736/736/736 711/711/711
f 737/737/737 738/738/738 721/721/721
f 721/721/721 738/738/738 732/732/732
f 738/738/738 672/672/672 732/732/732
f 554/554/554 672/672/672 739/739/739
f 554/554/554 739/739/739 737/737/737
f 737/737/737 739/739/739 738/738/738
f 739/739/739 672/672/672 738/738/738
f 554/554/554 737/737/737 740/740/740
f 530/530/530 554/554/554 740/740/740
f 530/530/530 740/740/740 710/710/710
f 741/741/741 721/721/721 710/710/710
f 737/737/737 721/721/721 741/741/741
f 740/740/740 737/737/737 741/741/741
f 740/740/740 741/741/741 710/710/710
f 742/742/742 536/536/536 709/709/709
f 718/718/718 536/536/536 742/742/742
f 718/718/718 742/742/742 719/719/719
f 742/742/742 709/709/709 719/719/719
f 532/532/532 554/554/554 530/530/530
f 743/743/743 535/535/535 534/534/534
f 659/659/659 535/535/535 743/743/743
f 659/659/659 743/743/743 718/718/718
f 743/743/743 534/534/534 718/718/718
f 744/744/744 647/647/647 708/708/708
f 649/649/649 647/647/647 744/744/744
f 649/649/649 744/744/744 715/715/715
f 744/744/744 708/708/708 715/715/715
f 727/727/727 599/599/599 543/543/543
f 745/745/745 643/643/643 649/649/649
f 641/641/641 643/643/643 745/745/745
f 641/641/641 745/745/745 730/730/730
f 745/745/745 649/649/649 730/730/730
f 746/746/746 571/571/571 661/661/661
f 663/663/663 571/571/571 746/746/746
f 707/707/707 663/663/663 746/746/746
f 707/707/707 746/746/746 661/661/661
f 747/747/747 662/662/662 663/663/663
f 645/645/645 662/662/662 747/747/747
f 655/655/655 645/645/645 747/747/747
f 718/718/718 534/534/534 536/536/536
f 655/655/655 747/747/747 663/663/663
f 748/748/748 562/562/562 670/670/670
f 695/695/695 562/562/562 748/748/748
f 705/705/705 695/695/695 748/748/748
f 705/705/705 748/748/748 670/670/670
f 749/749/749 685/685/685 695/695/695
f 572/572/572 685/685/685 749/749/749
f 704/704/704 572/572/572 749/749/749
f 704/704/704 749/749/749 695/695/695
f 680/680/680 658/658/658 750/750/750
f 680/680/680 750/750/750 702/702/702
f 750/750/750 701/701/701 702/702/702
f 658/658/658 701/701/701 750/750/750
f 751/751/751 702/702/702 681/681/681
f 680/680/680 702/702/702 751/751/751
f 578/578/578 680/680/680 751/751/751
f 578/578/578 751/751/751 681/681/681
f 519/519/519 638/638/638 640/640/640
f 519/519/519 640/640/640 517/517/517
f 535/535/535 544/544/544 536/536/536
f 591/591/591 553/553/553 532/532/532
g Gateway013
s 1
f 752/752/752 753/753/753 754/754/754
f 755/755/755 756/756/756 757/757/757
f 758/758/758 759/759/759 760/760/760
f 761/761/761 762/762/762 763/763/763
f 763/763/763 762/762/762 764/764/764
f 765/765/765 763/763/763 764/764/764
f 765/765/765 761/761/761 763/763/763
f 766/766/766 767/767/767 768/768/768
f 766/766/766 769/769/769 767/767/767
f 759/759/759 770/770/770 760/760/760
f 759/759/759 771/771/771 770/770/770
f 756/756/756 772/772/772 773/773/773
f 756/756/756 774/774/774 772/772/772
f 758/758/758 771/771/771 759/759/759
f 775/775/775 776/776/776 777/777/777
f 778/778/778 761/761/761 779/779/779
f 779/779/779 761/761/761 765/765/765
f 776/776/776 780/780/780 777/777/777
f 781/781/781 782/782/782 783/783/783
f 776/776/776 784/784/784 780/780/780
f 775/775/775 784/784/784 776/776/776
f 780/780/780 785/785/785 786/786/786
f 787/787/787 788/788/788 769/769/769
f 789/789/789 787/787/787 769/769/769
f 785/785/785 790/790/790 786/786/786
f 791/791/791 792/792/792 793/793/793
f 785/785/785 794/794/794 790/790/790
f 795/795/795 796/796/796 797/797/797
f 774/774/774 795/795/795 797/797/797
f 764/764/764 762/762/762 798/798/798
f 798/798/798 762/762/762 778/778/778
f 780/780/780 794/794/794 785/785/785
f 799/799/799 800/800/800 801/801/801
f 802/802/802 800/800/800 799/799/799
f 761/761/761 803/803/803 762/762/762
f 769/769/769 788/788/788 804/804/804
f 762/762/762 803/803/803 778/778/778
f 802/802/802 799/799/799 805/805/805
f 806/806/806 807/807/807 792/792/792
f 806/806/806 808/808/808 807/807/807
f 799/799/799 801/801/801 805/805/805
f 778/778/778 803/803/803 761/761/761
f 809/809/809 810/810/810 811/811/811
f 812/812/812 813/813/813 814/814/814
f 812/812/812 815/815/815 813/813/813
f 813/813/813 815/815/815 816/816/816
f 755/755/755 774/774/774 756/756/756
f 817/817/817 810/810/810 809/809/809
f 800/800/800 818/818/818 819/819/819
f 819/819/819 818/818/818 781/781/781
f 819/819/819 781/781/781 820/820/820
f 821/821/821 822/822/822 823/823/823
f 800/800/800 819/819/819 820/820/820
f 824/824/824 818/818/818 800/800/800
f 817/817/817 809/809/809 825/825/825
f 818/818/818 782/782/782 781/781/781
f 809/809/809 811/811/811 825/825/825
f 792/792/792 826/826/826 793/793/793
f 792/792/792 827/827/827 826/826/826
f 826/826/826 827/827/827 828/828/828
f 793/793/793 826/826/826 828/828/828
f 829/829/829 830/830/830 831/831/831
f 814/814/814 832/832/832 833/833/833
f 834/834/834 835/835/835 836/836/836
f 837/837/837 835/835/835 834/834/834
f 837/837/837 834/834/834 838/838/838
f 820/820/820 781/781/781 839/839/839
f 839/839/839 781/781/781 783/783/783
f 834/834/834 836/836/836 838/838/838
f 840/840/840 841/841/841 842/842/842
f 843/843/843 841/841/841 840/840/840
f 843/843/843 840/840/840 844/844/844
f 845/845/845 830/830/830 829/829/829
f 840/840/840 842/842/842 844/844/844
f 846/846/846 847/847/847 848/848/848
f 764/764/764 847/847/847 846/846/846
f 764/764/764 846/846/846 849/849/849
f 846/846/846 848/848/848 849/849/849
f 850/850/850 831/831/831 851/851/851
f 835/835/835 852/852/852 853/853/853
f 850/850/850 851/851/851 854/854/854
f 854/854/854 851/851/851 855/855/855
f 806/806/806 856/856/856 808/808/808
f 806/806/806 793/793/793 856/856/856
f 793/793/793 828/828/828 856/856/856
f 856/856/856 828/828/828 808/808/808
f 851/851/851 831/831/831 855/855/855
f 791/791/791 806/806/806 792/792/792
f 791/791/791 793/793/793 806/806/806
f 857/857/857 858/858/858 859/859/859
f 812/812/812 860/860/860 815/815/815
f 812/812/812 833/833/833 860/860/860
f 833/833/833 861/861/861 860/860/860
f 860/860/860 861/861/861 815/815/815
f 857/857/857 859/859/859 862/862/862
f 862/862/862 859/859/859 863/863/863
f 859/859/859 858/858/858 863/863/863
f 864/864/864 865/865/865 866/866/866
f 864/864/864 866/866/866 867/867/867
f 867/867/867 866/866/866 868/868/868
f 866/866/866 865/865/865 868/868/868
f 869/869/869 870/870/870 871/871/871
f 872/872/872 873/873/873 874/874/874
f 874/874/874 873/873/873 875/875/875
f 869/869/869 871/871/871 876/876/876
f 876/876/876 871/871/871 877/877/877
f 878/878/878 879/879/879 880/880/880
f 880/880/880 879/879/879 881/881/881
f 871/871/871 870/870/870 877/877/877
f 882/882/882 883/883/883 884/884/884
f 885/885/885 886/886/886 887/887/887
f 887/887/887 886/886/886 888/888/888
f 882/882/882 884/884/884 889/889/889
f 889/889/889 884/884/884 890/890/890
f 891/891/891 892/892/892 893/893/893
f 893/893/893 892/892/892 830/830/830
f 884/884/884 883/883/883 890/890/890
f 894/894/894 895/895/895 896/896/896
f 896/896/896 895/895/895 827/827/827
f 897/897/897 898/898/898 899/899/899
f 900/900/900 898/898/898 897/897/897
f 901/901/901 902/902/902 903/903/903
f 903/903/903 902/902/902 904/904/904
f 817/817/817 905/905/905 810/810/810
f 906/906/906 907/907/907 908/908/908
f 908/908/908 907/907/907 773/773/773
f 905/905/905 899/899/899 810/810/810
f 905/905/905 897/897/897 899/899/899
f 909/909/909 910/910/910 911/911/911
f 911/911/911 910/910/910 912/912/912
f 817/817/817 897/897/897 905/905/905
f 898/898/898 913/913/913 914/914/914
f 915/915/915 916/916/916 917/917/917
f 898/898/898 914/914/914 899/899/899
f 918/918/918 919/919/919 917/917/917
f 917/917/917 919/919/919 915/915/915
f 899/899/899 914/914/914 920/920/920
f 921/921/921 919/919/919 922/922/922
f 914/914/914 913/913/913 920/920/920
f 923/923/923 924/924/924 925/925/925
f 926/926/926 927/927/927 928/928/928
f 924/924/924 929/929/929 925/925/925
f 847/847/847 930/930/930 928/928/928
f 928/928/928 930/930/930 926/926/926
f 924/924/924 931/931/931 929/929/929
f 932/932/932 930/930/930 933/933/933
f 934/934/934 935/935/935 936/936/936
f 937/937/937 938/938/938 939/939/939
f 935/935/935 940/940/940 936/936/936
f 841/841/841 941/941/941 939/939/939
f 939/939/939 941/941/941 937/937/937
f 935/935/935 942/942/942 940/940/940
f 943/943/943 941/941/941 944/944/944
f 934/934/934 942/942/942 935/935/935
f 940/940/940 945/945/945 946/946/946
f 947/947/947 948/948/948 949/949/949
f 945/945/945 950/950/950 946/946/946
f 835/835/835 951/951/951 949/949/949
f 949/949/949 951/951/951 947/947/947
f 952/952/952 953/953/953 954/954/954
f 945/945/945 955/955/955 950/950/950
f 810/810/810 956/956/956 954/954/954
f 954/954/954 956/956/956 952/952/952
f 957/957/957 958/958/958 959/959/959
f 940/940/940 955/955/955 945/945/945
f 823/823/823 960/960/960 959/959/959
f 959/959/959 960/960/960 957/957/957
f 961/961/961 962/962/962 963/963/963
f 964/964/964 960/960/960 965/965/965
f 962/962/962 966/966/966 963/963/963
f 962/962/962 967/967/967 966/966/966
f 968/968/968 969/969/969 970/970/970
f 961/961/961 967/967/967 962/962/962
f 800/800/800 971/971/971 970/970/970
f 970/970/970 971/971/971 968/968/968
f 972/972/972 973/973/973 974/974/974
f 975/975/975 976/976/976 857/857/857
f 977/977/977 978/978/978 974/974/974
f 974/974/974 978/978/978 972/972/972
f 979/979/979 980/980/980 981/981/981
f 981/981/981 980/980/980 788/788/788
f 976/976/976 858/858/858 857/857/857
f 982/982/982 983/983/983 984/984/984
f 984/984/984 983/983/983 861/861/861
f 966/966/966 976/976/976 975/975/975
f 985/985/985 921/921/921 986/986/986
f 966/966/966 987/987/987 988/988/988
f 989/989/989 990/990/990 991/991/991
f 991/991/991 990/990/990 992/992/992
f 966/966/966 988/988/988 976/976/976
f 993/993/993 990/990/990 994/994/994
f 988/988/988 858/858/858 976/976/976
f 995/995/995 900/900/900 996/996/996
f 997/997/997 998/998/998 999/999/999
f 995/995/995 996/996/996 817/817/817
f 1000/1000/1000 1001/1001/1001 1002/1002/1002
f 1002/1002/1002 1001/1001/1001 1003/1003/1003
f 996/996/996 897/897/897 817/817/817
f 1004/1004/1004 1001/1001/1001 1005/1005/1005
f 900/900/900 897/897/897 996/996/996
f 1006/1006/1006 904/904/904 1007/1007/1007
f 1008/1008/1008 964/964/964 1009/1009/1009
f 1010/1010/1010 904/904/904 1006/1006/1006
f 1011/1011/1011 1012/1012/1012 1013/1013/1013
f 1013/1013/1013 1012/1012/1012 1014/1014/1014
f 1015/1015/1015 1016/1016/1016 821/821/821
f 1015/1015/1015 1012/1012/1012 1016/1016/1016
f 1017/1017/1017 1010/1010/1010 1006/1006/1006
f 1017/1017/1017 1006/1006/1006 1007/1007/1007
f 1018/1018/1018 1019/1019/1019 1020/1020/1020
f 1021/1021/1021 888/888/888 858/858/858
f 1022/1022/1022 1023/1023/1023 1024/1024/1024
f 1024/1024/1024 1023/1023/1023 1025/1025/1025
f 987/987/987 888/888/888 1021/1021/1021
f 1026/1026/1026 1023/1023/1023 1027/1027/1027
f 988/988/988 987/987/987 1021/1021/1021
f 988/988/988 1021/1021/1021 858/858/858
f 1028/1028/1028 1029/1029/1029 1030/1030/1030
f 1031/1031/1031 925/925/925 931/931/931
f 1032/1032/1032 1033/1033/1033 1034/1034/1034
f 1034/1034/1034 1033/1033/1033 1035/1035/1035
f 1036/1036/1036 1037/1037/1037 1038/1038/1038
f 923/923/923 925/925/925 1031/1031/1031
f 923/923/923 1031/1031/1031 924/924/924
f 1031/1031/1031 931/931/931 924/924/924
f 1039/1039/1039 1040/1040/1040 1041/1041/1041
f 1041/1041/1041 1040/1040/1040 858/858/858
f 1042/1042/1042 1043/1043/1043 1044/1044/1044
f 1045/1045/1045 1043/1043/1043 1042/1042/1042
f 1046/1046/1046 932/932/932 1047/1047/1047
f 1045/1045/1045 1042/1042/1042 1017/1017/1017
f 1048/1048/1048 1049/1049/1049 1050/1050/1050
f 1050/1050/1050 1049/1049/1049 1051/1051/1051
f 1052/1052/1052 943/943/943 1053/1053/1053
f 1042/1042/1042 1044/1044/1044 1017/1017/1017
f 1054/1054/1054 1055/1055/1055 1056/1056/1056
f 1056/1056/1056 1055/1055/1055 1057/1057/1057
f 1058/1058/1058 1059/1059/1059 1060/1060/1060
f 1061/1061/1061 1062/1062/1062 1063/1063/1063
f 1064/1064/1064 1065/1065/1065 1066/1066/1066
f 1066/1066/1066 1065/1065/1065 1067/1067/1067
f 1068/1068/1068 1062/1062/1062 1061/1061/1061
f 1069/1069/1069 1065/1065/1065 1070/1070/1070
f 1068/1068/1068 1061/1061/1061 955/955/955
f 1061/1061/1061 1063/1063/1063 955/955/955
f 963/963/963 1071/1071/1071 1072/1072/1072
f 963/963/963 857/857/857 1071/1071/1071
f 1073/1073/1073 1074/1074/1074 904/904/904
f 1075/1075/1075 1074/1074/1074 1073/1073/1073
f 1043/1043/1043 1075/1075/1075 1044/1044/1044
f 1043/1043/1043 1074/1074/1074 1075/1075/1075
f 1044/1044/1044 1075/1075/1075 1073/1073/1073
f 1044/1044/1044 1073/1073/1073 904/904/904
f 936/936/936 1062/1062/1062 1068/1068/1068
f 936/936/936 1076/1076/1076 1062/1062/1062
f 1062/1062/1062 1076/1076/1076 1063/1063/1063
f 925/925/925 1077/1077/1077 931/931/931
f 925/925/925 1078/1078/1078 1077/1077/1077
f 1077/1077/1077 1078/1078/1078 1079/1079/1079
f 931/931/931 1077/1077/1077 1079/1079/1079
f 810/810/810 920/920/920 1080/1080/1080
f 1080/1080/1080 920/920/920 1081/1081/1081
f 1080/1080/1080 1081/1081/1081 995/995/995
f 810/810/810 1080/1080/1080 995/995/995
f 899/899/899 920/920/920 810/810/810
f 1072/1072/1072 1071/1071/1071 1082/1082/1082
f 1072/1072/1072 1082/1082/1082 987/987/987
f 1082/1082/1082 888/888/888 987/987/987
f 977/977/977 890/890/890 1083/1083/1083
f 1083/1083/1083 890/890/890 1084/1084/1084
f 1083/1083/1083 1084/1084/1084 1085/1085/1085
f 977/977/977 1083/1083/1083 1085/1085/1085
f 889/889/889 890/890/890 977/977/977
f 1086/1086/1086 857/857/857 888/888/888
f 890/890/890 883/883/883 1084/1084/1084
f 1071/1071/1071 857/857/857 1086/1086/1086
f 1072/1072/1072 987/987/987 966/966/966
f 1082/1082/1082 1071/1071/1071 1086/1086/1086
f 1082/1082/1082 1086/1086/1086 888/888/888
f 1087/1087/1087 817/817/817 1070/1070/1070
f 1044/1044/1044 1010/1010/1010 1017/1017/1017
f 1044/1044/1044 904/904/904 1010/1010/1010
f 1064/1064/1064 817/817/817 1087/1087/1087
f 1064/1064/1064 1087/1087/1087 1065/1065/1065
f 1068/1068/1068 955/955/955 940/940/940
f 1087/1087/1087 1070/1070/1070 1065/1065/1065
f 955/955/955 1063/1063/1063 950/950/950
f 858/858/858 1088/1088/1088 1089/1089/1089
f 931/931/931 1090/1090/1090 929/929/929
f 931/931/931 1079/1079/1079 1090/1090/1090
f 1090/1090/1090 1079/1079/1079 1091/1091/1091
f 929/929/929 1090/1090/1090 1091/1091/1091
f 995/995/995 1081/1081/1081 900/900/900
f 900/900/900 1081/1081/1081 898/898/898
f 858/858/858 1089/1089/1089 1041/1041/1041
f 1041/1041/1041 1089/1089/1089 1039/1039/1039
f 1085/1085/1085 1084/1084/1084 1092/1092/1092
f 1092/1092/1092 1084/1084/1084 882/882/882
f 1092/1092/1092 882/882/882 1093/1093/1093
f 1085/1085/1085 1092/1092/1092 1093/1093/1093
f 963/963/963 975/975/975 857/857/857
f 963/963/963 966/966/966 975/975/975
f 1089/1089/1089 1088/1088/1088 1039/1039/1039
f 870/870/870 1094/1094/1094 1095/1095/1095
f 870/870/870 1095/1095/1095 1038/1038/1038
f 1038/1038/1038 1095/1095/1095 1036/1036/1036
f 1095/1095/1095 1094/1094/1094 1036/1036/1036
f 1096/1096/1096 802/802/802 1027/1027/1027
f 1043/1043/1043 1097/1097/1097 1074/1074/1074
f 1043/1043/1043 1017/1017/1017 1097/1097/1097
f 1017/1017/1017 1007/1007/1007 1097/1097/1097
f 1097/1097/1097 1007/1007/1007 1074/1074/1074
f 1022/1022/1022 802/802/802 1096/1096/1096
f 1022/1022/1022 1096/1096/1096 1023/1023/1023
f 1045/1045/1045 1017/1017/1017 1043/1043/1043
f 1096/1096/1096 1027/1027/1027 1023/1023/1023
f 936/936/936 946/946/946 1076/1076/1076
f 936/936/936 940/940/940 946/946/946
f 1098/1098/1098 821/821/821 1016/1016/1016
f 946/946/946 950/950/950 1076/1076/1076
f 1011/1011/1011 821/821/821 1098/1098/1098
f 1011/1011/1011 1098/1098/1098 1012/1012/1012
f 1098/1098/1098 1016/1016/1016 1012/1012/1012
f 1099/1099/1099 837/837/837 1005/1005/1005
f 925/925/925 1100/1100/1100 1078/1078/1078
f 925/925/925 929/929/929 1100/1100/1100
f 929/929/929 1091/1091/1091 1100/1100/1100
f 1100/1100/1100 1091/1091/1091 1078/1078/1078
f 1000/1000/1000 837/837/837 1099/1099/1099
f 1000/1000/1000 1099/1099/1099 1001/1001/1001
f 1099/1099/1099 1005/1005/1005 1001/1001/1001
f 1101/1101/1101 1102/1102/1102 994/994/994
f 989/989/989 1102/1102/1102 1101/1101/1101
f 989/989/989 1101/1101/1101 990/990/990
f 1101/1101/1101 994/994/994 990/990/990
f 861/861/861 1103/1103/1103 1104/1104/1104
f 861/861/861 1104/1104/1104 984/984/984
f 984/984/984 1104/1104/1104 982/982/982
f 1093/1093/1093 889/889/889 977/977/977
f 1093/1093/1093 882/882/882 889/889/889
f 877/877/877 1105/1105/1105 876/876/876
f 876/876/876 1105/1105/1105 869/869/869
f 1104/1104/1104 1103/1103/1103 982/982/982
f 788/788/788 1106/1106/1106 1107/1107/1107
f 788/788/788 1107/1107/1107 981/981/981
f 1037/1037/1037 1108/1108/1108 1109/1109/1109
f 877/877/877 1109/1109/1109 1108/1108/1108
f 877/877/877 870/870/870 1109/1109/1109
f 868/868/868 1110/1110/1110 867/867/867
f 867/867/867 1110/1110/1110 864/864/864
f 981/981/981 1107/1107/1107 979/979/979
f 1107/1107/1107 1106/1106/1106 979/979/979
f 863/863/863 1111/1111/1111 862/862/862
f 862/862/862 1111/1111/1111 857/857/857
f 885/885/885 1112/1112/1112 1111/1111/1111
f 1112/1112/1112 857/857/857 1111/1111/1111
f 855/855/855 1113/1113/1113 854/854/854
f 854/854/854 1113/1113/1113 850/850/850
f 887/887/887 1112/1112/1112 885/885/885
f 1114/1114/1114 1115/1115/1115 965/965/965
f 1116/1116/1116 1117/1117/1117 1118/1118/1118
f 1119/1119/1119 1118/1118/1118 1117/1117/1117
f 1119/1119/1119 1120/1120/1120 1118/1118/1118
f 1121/1121/1121 993/993/993 1122/1122/1122
f 823/823/823 1115/1115/1115 1114/1114/1114
f 1102/1102/1102 1123/1123/1123 1122/1122/1122
f 1122/1122/1122 1123/1123/1123 1121/1121/1121
f 1124/1124/1124 1125/1125/1125 1126/1126/1126
f 823/823/823 1114/1114/1114 960/960/960
f 764/764/764 849/849/849 1126/1126/1126
f 1126/1126/1126 849/849/849 1124/1124/1124
f 1114/1114/1114 965/965/965 960/960/960
f 927/927/927 849/849/849 848/848/848
f 1127/1127/1127 1128/1128/1128 944/944/944
f 841/841/841 1128/1128/1128 1127/1127/1127
f 1129/1129/1129 1130/1130/1130 1131/1131/1131
f 841/841/841 1127/1127/1127 941/941/941
f 843/843/843 844/844/844 1131/1131/1131
f 1127/1127/1127 944/944/944 941/941/941
f 938/938/938 844/844/844 842/842/842
f 1132/1132/1132 765/765/765 933/933/933
f 847/847/847 765/765/765 1132/1132/1132
f 1133/1133/1133 1004/1004/1004 1134/1134/1134
f 847/847/847 1132/1132/1132 930/930/930
f 837/837/837 838/838/838 1134/1134/1134
f 1134/1134/1134 838/838/838 1133/1133/1133
f 1132/1132/1132 933/933/933 930/930/930
f 948/948/948 838/838/838 836/836/836
f 1135/1135/1135 1136/1136/1136 922/922/922
f 918/918/918 1136/1136/1136 1135/1135/1135
f 1137/1137/1137 1069/1069/1069 1138/1138/1138
f 918/918/918 1135/1135/1135 919/919/919
f 817/817/817 825/825/825 1138/1138/1138
f 1138/1138/1138 825/825/825 1137/1137/1137
f 1135/1135/1135 922/922/922 919/919/919
f 953/953/953 825/825/825 811/811/811
f 912/912/912 1139/1139/1139 1140/1140/1140
f 912/912/912 1140/1140/1140 911/911/911
f 1141/1141/1141 1026/1026/1026 1142/1142/1142
f 911/911/911 1140/1140/1140 909/909/909
f 802/802/802 805/805/805 1142/1142/1142
f 1142/1142/1142 805/805/805 1141/1141/1141
f 1140/1140/1140 1139/1139/1139 909/909/909
f 969/969/969 805/805/805 801/801/801
f 773/773/773 797/797/797 1143/1143/1143
f 773/773/773 1143/1143/1143 908/908/908
f 777/777/777 786/786/786 1144/1144/1144
f 777/777/777 780/780/780 786/786/786
f 908/908/908 1143/1143/1143 906/906/906
f 786/786/786 790/790/790 1144/1144/1144
f 777/777/777 1144/1144/1144 1145/1145/1145
f 775/775/775 777/777/777 1145/1145/1145
f 1143/1143/1143 797/797/797 906/906/906
f 904/904/904 1074/1074/1074 1146/1146/1146
f 1147/1147/1147 760/760/760 1120/1120/1120
f 1147/1147/1147 758/758/758 760/760/760
f 904/904/904 1146/1146/1146 903/903/903
f 760/760/760 770/770/770 1120/1120/1120
f 1147/1147/1147 1120/1120/1120 1148/1148/1148
f 752/752/752 1147/1147/1147 1148/1148/1148
f 903/903/903 1146/1146/1146 901/901/901
f 1146/1146/1146 1074/1074/1074 901/901/901
f 1149/1149/1149 1150/1150/1150 1151/1151/1151
f 1151/1151/1151 1150/1150/1150 1102/1102/1102
f 827/827/827 808/808/808 1152/1152/1152
f 827/827/827 1152/1152/1152 896/896/896
f 1153/1153/1153 1154/1154/1154 870/870/870
f 1153/1153/1153 1155/1155/1155 1154/1154/1154
f 896/896/896 1152/1152/1152 894/894/894
f 1152/1152/1152 808/808/808 894/894/894
f 1153/1153/1153 870/870/870 1156/1156/1156
f 830/830/830 850/850/850 1157/1157/1157
f 830/830/830 1157/1157/1157 893/893/893
f 893/893/893 1157/1157/1157 891/891/891
f 1158/1158/1158 1159/1159/1159 1160/1160/1160
f 1158/1158/1158 1161/1161/1161 1159/1159/1159
f 1157/1157/1157 850/850/850 891/891/891
f 1159/1159/1159 1162/1162/1162 1160/1160/1160
f 1158/1158/1158 1160/1160/1160 1163/1163/1163
f 888/888/888 857/857/857 1164/1164/1164
f 888/888/888 1164/1164/1164 887/887/887
f 887/887/887 1164/1164/1164 1112/1112/1112
f 1165/1165/1165 1166/1166/1166 1167/1167/1167
f 1167/1167/1167 1166/1166/1166 843/843/843
f 1128/1128/1128 1167/1167/1167 843/843/843
f 1164/1164/1164 857/857/857 1112/1112/1112
f 780/780/780 1168/1168/1168 794/794/794
f 880/880/880 1169/1169/1169 878/878/878
f 794/794/794 1170/1170/1170 790/790/790
f 878/878/878 1169/1169/1169 1110/1110/1110
f 758/758/758 1171/1171/1171 771/771/771
f 1169/1169/1169 864/864/864 1110/1110/1110
f 771/771/771 1172/1172/1172 770/770/770
f 1173/1173/1173 1149/1149/1149 1174/1174/1174
f 1174/1174/1174 1149/1149/1149 1136/1136/1136
f 881/881/881 864/864/864 1175/1175/1175
f 881/881/881 1175/1175/1175 880/880/880
f 880/880/880 1175/1175/1175 1169/1169/1169
f 1161/1161/1161 1176/1176/1176 1177/1177/1177
f 1175/1175/1175 864/864/864 1169/1169/1169
f 875/875/875 869/869/869 1178/1178/1178
f 1155/1155/1155 1179/1179/1179 875/875/875
f 1155/1155/1155 1180/1180/1180 1179/1179/1179
f 875/875/875 1178/1178/1178 874/874/874
f 874/874/874 1178/1178/1178 872/872/872
f 1181/1181/1181 1165/1165/1165 1182/1182/1182
f 1178/1178/1178 869/869/869 872/872/872
f 1145/1145/1145 1144/1144/1144 1170/1170/1170
f 1148/1148/1148 1120/1120/1120 1172/1172/1172
f 1102/1102/1102 1150/1150/1150 1183/1183/1183
f 1183/1183/1183 1150/1150/1150 1173/1173/1173
f 1102/1102/1102 1183/1183/1183 918/918/918
f 1163/1163/1163 1160/1160/1160 1184/1184/1184
f 843/843/843 1166/1166/1166 1185/1185/1185
f 1185/1185/1185 1166/1166/1166 1181/1181/1181
f 958/958/958 1186/1186/1186 1187/1187/1187
f 1188/1188/1188 1189/1189/1189 1190/1190/1190
f 1191/1191/1191 1189/1189/1189 1188/1188/1188
f 1192/1192/1192 1055/1055/1055 843/843/843
f 1130/1130/1130 1055/1055/1055 1192/1192/1192
f 1131/1131/1131 1130/1130/1130 1192/1192/1192
f 1131/1131/1131 1192/1192/1192 843/843/843
f 1193/1193/1193 1049/1049/1049 764/764/764
f 1125/1125/1125 1049/1049/1049 1193/1193/1193
f 1126/1126/1126 1125/1125/1125 1193/1193/1193
f 1188/1188/1188 1190/1190/1190 1194/1194/1194
f 1191/1191/1191 1195/1195/1195 1196/1196/1196
f 1126/1126/1126 1193/1193/1193 764/764/764
f 1197/1197/1197 1116/1116/1116 1198/1198/1198
f 1199/1199/1199 783/783/783 824/824/824
f 839/839/839 783/783/783 1199/1199/1199
f 802/802/802 1200/1200/1200 800/800/800
f 1200/1200/1200 824/824/824 800/800/800
f 1200/1200/1200 1199/1199/1199 824/824/824
f 802/802/802 1199/1199/1199 1200/1200/1200
f 783/783/783 782/782/782 1201/1201/1201
f 783/783/783 1201/1201/1201 824/824/824
f 824/824/824 1201/1201/1201 818/818/818
f 1201/1201/1201 782/782/782 818/818/818
f 820/820/820 839/839/839 1202/1202/1202
f 820/820/820 1202/1202/1202 802/802/802
f 1202/1202/1202 1199/1199/1199 802/802/802
f 839/839/839 1199/1199/1199 1202/1202/1202
f 1203/1203/1203 816/816/816 861/861/861
f 832/832/832 816/816/816 1203/1203/1203
f 833/833/833 832/832/832 1203/1203/1203
f 833/833/833 1203/1203/1203 861/861/861
f 1204/1204/1204 812/812/812 814/814/814
f 1205/1205/1205 812/812/812 1204/1204/1204
f 1205/1205/1205 1204/1204/1204 1206/1206/1206
f 1204/1204/1204 814/814/814 1206/1206/1206
f 1207/1207/1207 813/813/813 816/816/816
f 814/814/814 813/813/813 1207/1207/1207
f 814/814/814 1207/1207/1207 832/832/832
f 1207/1207/1207 816/816/816 832/832/832
f 1208/1208/1208 808/808/808 827/827/827
f 807/807/807 808/808/808 1208/1208/1208
f 792/792/792 807/807/807 1208/1208/1208
f 792/792/792 1208/1208/1208 827/827/827
f 1195/1195/1195 1194/1194/1194 1196/1196/1196
f 1195/1195/1195 1188/1188/1188 1194/1194/1194
f 764/764/764 798/798/798 1209/1209/1209
f 764/764/764 1209/1209/1209 847/847/847
f 1209/1209/1209 778/778/778 847/847/847
f 798/798/798 778/778/778 1209/1209/1209
f 755/755/755 1210/1210/1210 774/774/774
f 1210/1210/1210 795/795/795 774/774/774
f 1210/1210/1210 757/757/757 795/795/795
f 755/755/755 757/757/757 1210/1210/1210
f 847/847/847 1211/1211/1211 765/765/765
f 1211/1211/1211 779/779/779 765/765/765
f 1211/1211/1211 778/778/778 779/779/779
f 847/847/847 778/778/778 1211/1211/1211
f 772/772/772 1212/1212/1212 773/773/773
f 1212/1212/1212 797/797/797 773/773/773
f 774/774/774 797/797/797 1212/1212/1212
f 774/774/774 1212/1212/1212 772/772/772
f 767/767/767 1213/1213/1213 768/768/768
f 1213/1213/1213 804/804/804 768/768/768
f 769/769/769 804/804/804 1213/1213/1213
f 769/769/769 1213/1213/1213 767/767/767
f 789/789/789 1214/1214/1214 787/787/787
f 1214/1214/1214 766/766/766 787/787/787
f 1214/1214/1214 769/769/769 766/766/766
f 789/789/789 769/769/769 1214/1214/1214
f 1215/1215/1215 1216/1216/1216 788/788/788
f 1216/1216/1216 768/768/768 788/788/788
f 766/766/766 768/768/768 1216/1216/1216
f 766/766/766 1216/1216/1216 1215/1215/1215
f 1217/1217/1217 1218/1218/1218 1219/1219/1219
f 1218/1218/1218 1220/1220/1220 1219/1219/1219
f 1218/1218/1218 1221/1221/1221 1220/1220/1220
f 1217/1217/1217 1221/1221/1221 1218/1218/1218
f 1222/1222/1222 1223/1223/1223 1139/1139/1139
f 1223/1223/1223 1224/1224/1224 1139/1139/1139
f 1220/1220/1220 1223/1223/1223 1222/1222/1222
f 1225/1225/1225 1226/1226/1226 1227/1227/1227
f 1226/1226/1226 829/829/829 1227/1227/1227
f 1226/1226/1226 845/845/845 829/829/829
f 1225/1225/1225 845/845/845 1226/1226/1226
f 1228/1228/1228 1229/1229/1229 850/850/850
f 1229/1229/1229 831/831/831 850/850/850
f 829/829/829 831/831/831 1229/1229/1229
f 829/829/829 1229/1229/1229 1228/1228/1228
f 1115/1115/1115 1230/1230/1230 1231/1231/1231
f 1115/1115/1115 1231/1231/1231 821/821/821
f 1231/1231/1231 822/822/822 821/821/821
f 1230/1230/1230 822/822/822 1231/1231/1231
f 1220/1220/1220 1232/1232/1232 1233/1233/1233
f 1220/1220/1220 1233/1233/1233 1223/1223/1223
f 1233/1233/1233 1224/1224/1224 1223/1223/1223
f 1234/1234/1234 912/912/912 1224/1224/1224
f 1232/1232/1232 912/912/912 1234/1234/1234
f 1233/1233/1233 1232/1232/1232 1234/1234/1234
f 1233/1233/1233 1234/1234/1234 1224/1224/1224
f 823/823/823 1235/1235/1235 1236/1236/1236
f 823/823/823 1236/1236/1236 1115/1115/1115
f 1236/1236/1236 1237/1237/1237 1115/1115/1115
f 1235/1235/1235 1237/1237/1237 1236/1236/1236
f 1238/1238/1238 1239/1239/1239 1240/1240/1240
f 1238/1238/1238 1240/1240/1240 1232/1232/1232
f 1240/1240/1240 912/912/912 1232/1232/1232
f 1241/1241/1241 1139/1139/1139 912/912/912
f 1239/1239/1239 1139/1139/1139 1241/1241/1241
f 1240/1240/1240 1239/1239/1239 1241/1241/1241
f 1240/1240/1240 1241/1241/1241 912/912/912
f 1242/1242/1242 850/850/850 830/830/830
f 1243/1243/1243 850/850/850 1242/1242/1242
f 845/845/845 1243/1243/1243 1242/1242/1242
f 845/845/845 1242/1242/1242 830/830/830
f 1197/1197/1197 1198/1198/1198 1120/1120/1120
f 1191/1191/1191 1188/1188/1188 1195/1195/1195
f 1244/1244/1244 1245/1245/1245 1246/1246/1246
f 1245/1245/1245 1247/1247/1247 1246/1246/1246
f 1248/1248/1248 1245/1245/1245 1244/1244/1244
f 1198/1198/1198 1118/1118/1118 1120/1120/1120
f 1249/1249/1249 1247/1247/1247 1250/1250/1250
f 1116/1116/1116 1118/1118/1118 1198/1198/1198
f 1251/1251/1251 978/978/978 1085/1085/1085
f 1029/1029/1029 978/978/978 1251/1251/1251
f 1030/1030/1030 1029/1029/1029 1251/1251/1251
f 1030/1030/1030 1251/1251/1251 1085/1085/1085
f 1252/1252/1252 971/971/971 820/820/820
f 1019/1019/1019 971/971/971 1252/1252/1252
f 1020/1020/1020 1019/1019/1019 1252/1252/1252
f 1249/1249/1249 1250/1250/1250 1248/1248/1248
f 1248/1248/1248 1250/1250/1250 1245/1245/1245
f 1020/1020/1020 1252/1252/1252 820/820/820
f 1250/1250/1250 1247/1247/1247 1245/1245/1245
f 1253/1253/1253 1254/1254/1254 1255/1255/1255
f 1256/1256/1256 1257/1257/1257 1258/1258/1258
f 1254/1254/1254 1259/1259/1259 1255/1255/1255
f 1260/1260/1260 956/956/956 995/995/995
f 1059/1059/1059 956/956/956 1260/1260/1260
f 1060/1060/1060 1059/1059/1059 1260/1260/1260
f 1261/1261/1261 1262/1262/1262 1263/1263/1263
f 1264/1264/1264 1265/1265/1265 1266/1266/1266
f 1267/1267/1267 1264/1264/1264 1266/1266/1266
f 1268/1268/1268 1269/1269/1269 1270/1270/1270
f 1271/1271/1271 1265/1265/1265 1264/1264/1264
f 1272/1272/1272 1273/1273/1273 1266/1266/1266
f 1274/1274/1274 1272/1272/1272 1266/1266/1266
f 1275/1275/1275 1269/1269/1269 1268/1268/1268
f 1276/1276/1276 1273/1273/1273 1272/1272/1272
f 837/837/837 1277/1277/1277 835/835/835
f 1277/1277/1277 1270/1270/1270 835/835/835
f 1277/1277/1277 1268/1268/1268 1270/1270/1270
f 1253/1253/1253 1255/1255/1255 1278/1278/1278
f 1278/1278/1278 1255/1255/1255 1279/1279/1279
f 1279/1279/1279 1280/1280/1280 1278/1278/1278
f 837/837/837 1268/1268/1268 1277/1277/1277
f 1253/1253/1253 1281/1281/1281 1282/1282/1282
f 1283/1283/1283 1284/1284/1284 1285/1285/1285
f 1284/1284/1284 1286/1286/1286 1285/1285/1285
f 1284/1284/1284 1287/1287/1287 1286/1286/1286
f 1288/1288/1288 1255/1255/1255 1259/1259/1259
f 1288/1288/1288 1279/1279/1279 1255/1255/1255
f 1283/1283/1283 1287/1287/1287 1284/1284/1284
f 1289/1289/1289 1290/1290/1290 864/864/864
f 1244/1244/1244 1246/1246/1246 1291/1291/1291
f 1291/1291/1291 1246/1246/1246 1292/1292/1292
f 1292/1292/1292 1293/1293/1293 1291/1291/1291
f 1290/1290/1290 865/865/865 864/864/864
f 1244/1244/1244 1294/1294/1294 1248/1248/1248
f 1295/1295/1295 865/865/865 1290/1290/1290
f 1295/1295/1295 1290/1290/1290 1289/1289/1289
f 853/853/853 1275/1275/1275 1296/1296/1296
f 1297/1297/1297 1246/1246/1246 1247/1247/1247
f 1297/1297/1297 1292/1292/1292 1246/1246/1246
f 853/853/853 1296/1296/1296 837/837/837
f 1296/1296/1296 1268/1268/1268 837/837/837
f 1196/1196/1196 1298/1298/1298 1299/1299/1299
f 1196/1196/1196 1194/1194/1194 1298/1298/1298
f 1275/1275/1275 1268/1268/1268 1296/1296/1296
f 1300/1300/1300 1299/1299/1299 1298/1298/1298
f 1299/1299/1299 1301/1301/1301 1196/1196/1196
f 1196/1196/1196 1301/1301/1301 1191/1191/1191
f 1302/1302/1302 1303/1303/1303 1295/1295/1295
f 1303/1303/1303 1304/1304/1304 1295/1295/1295
f 1303/1303/1303 1305/1305/1305 1304/1304/1304
f 1306/1306/1306 1194/1194/1194 1190/1190/1190
f 1302/1302/1302 1305/1305/1305 1303/1303/1303
f 1307/1307/1307 1308/1308/1308 1309/1309/1309
f 1310/1310/1310 1311/1311/1311 1312/1312/1312
f 1313/1313/1313 1310/1310/1310 1312/1312/1312
f 1308/1308/1308 1314/1314/1314 1309/1309/1309
f 1315/1315/1315 1311/1311/1311 1310/1310/1310
f 1316/1316/1316 1317/1317/1317 1318/1318/1318
f 1313/1313/1313 1316/1316/1316 1318/1318/1318
f 1308/1308/1308 1319/1319/1319 1314/1314/1314
f 1320/1320/1320 1317/1317/1317 1316/1316/1316
f 1307/1307/1307 1319/1319/1319 1308/1308/1308
f 1321/1321/1321 1322/1322/1322 1323/1323/1323
f 1314/1314/1314 1324/1324/1324 1325/1325/1325
f 1324/1324/1324 1326/1326/1326 1325/1325/1325
f 1327/1327/1327 1328/1328/1328 1329/1329/1329
f 1330/1330/1330 1327/1327/1327 1329/1329/1329
f 1324/1324/1324 1285/1285/1285 1326/1326/1326
f 1314/1314/1314 1285/1285/1285 1324/1324/1324
f 1331/1331/1331 1332/1332/1332 1333/1333/1333
f 1330/1330/1330 1331/1331/1331 1333/1333/1333
f 1302/1302/1302 1334/1334/1334 1305/1305/1305
f 1335/1335/1335 1332/1332/1332 1331/1331/1331
f 1334/1334/1334 1336/1336/1336 1305/1305/1305
f 1337/1337/1337 1338/1338/1338 1339/1339/1339
f 1334/1334/1334 1295/1295/1295 1336/1336/1336
f 1302/1302/1302 1295/1295/1295 1334/1334/1334
f 1340/1340/1340 1341/1341/1341 1342/1342/1342
f 1343/1343/1343 1340/1340/1340 1342/1342/1342
f 1344/1344/1344 1345/1345/1345 881/881/881
f 1345/1345/1345 864/864/864 881/881/881
f 1336/1336/1336 864/864/864 1345/1345/1345
f 1336/1336/1336 1345/1345/1345 1344/1344/1344
f 1346/1346/1346 1347/1347/1347 1348/1348/1348
f 1060/1060/1060 1260/1260/1260 995/995/995
f 1349/1349/1349 1350/1350/1350 1351/1351/1351
f 1352/1352/1352 1349/1349/1349 1351/1351/1351
f 959/959/959 958/958/958 1187/1187/1187
f 1282/1282/1282 1254/1254/1254 1253/1253/1253
f 1353/1353/1353 1315/1315/1315 1354/1354/1354
f 1352/1352/1352 1353/1353/1353 1354/1354/1354
f 1350/1350/1350 1259/1259/1259 1355/1355/1355
f 1311/1311/1311 1315/1315/1315 1353/1353/1353
f 1356/1356/1356 951/951/951 853/853/853
f 1357/1357/1357 1358/1358/1358 1359/1359/1359
f 998/998/998 951/951/951 1356/1356/1356
f 1350/1350/1350 1355/1355/1355 1282/1282/1282
f 1360/1360/1360 1249/1249/1249 1361/1361/1361
f 1362/1362/1362 1360/1360/1360 1361/1361/1361
f 999/999/999 998/998/998 1356/1356/1356
f 999/999/999 1356/1356/1356 853/853/853
f 1363/1363/1363 1364/1364/1364 1365/1365/1365
f 1362/1362/1362 1363/1363/1363 1365/1365/1365
f 1366/1366/1366 1367/1367/1367 977/977/977
f 973/973/973 1367/1367/1367 1366/1366/1366
f 974/974/974 973/973/973 1366/1366/1366
f 1368/1368/1368 1369/1369/1369 1370/1370/1370
f 1282/1282/1282 1355/1355/1355 1254/1254/1254
f 1355/1355/1355 1259/1259/1259 1254/1254/1254
f 1371/1371/1371 1372/1372/1372 1373/1373/1373
f 1189/1189/1189 1371/1371/1371 1373/1373/1373
f 1374/1374/1374 1266/1266/1266 1273/1273/1273
f 1267/1267/1267 1266/1266/1266 1374/1374/1374
f 1375/1375/1375 1376/1376/1376 1377/1377/1377
f 1378/1378/1378 1376/1376/1376 1375/1375/1375
f 1379/1379/1379 1272/1272/1272 1274/1274/1274
f 1380/1380/1380 1381/1381/1381 1382/1382/1382
f 1383/1383/1383 1380/1380/1380 1382/1382/1382
f 1138/1138/1138 1069/1069/1069 1384/1384/1384
f 1138/1138/1138 1384/1384/1384 817/817/817
f 1384/1384/1384 1070/1070/1070 817/817/817
f 1357/1357/1357 1385/1385/1385 1386/1386/1386
f 1069/1069/1069 1070/1070/1070 1384/1384/1384
f 1038/1038/1038 1037/1037/1037 1387/1387/1387
f 1388/1388/1388 1389/1389/1389 1390/1390/1390
f 1383/1383/1383 1388/1388/1388 1390/1390/1390
f 1038/1038/1038 1387/1387/1387 870/870/870
f 1387/1387/1387 1109/1109/1109 870/870/870
f 1391/1391/1391 1392/1392/1392 1393/1393/1393
f 1394/1394/1394 1391/1391/1391 1393/1393/1393
f 1037/1037/1037 1109/1109/1109 1387/1387/1387
f 1395/1395/1395 1027/1027/1027 802/802/802
f 1026/1026/1026 1027/1027/1027 1395/1395/1395
f 1368/1368/1368 1396/1396/1396 1397/1397/1397
f 1142/1142/1142 1026/1026/1026 1395/1395/1395
f 1142/1142/1142 1395/1395/1395 802/802/802
f 1398/1398/1398 1399/1399/1399 1400/1400/1400
f 1394/1394/1394 1398/1398/1398 1400/1400/1400
f 1401/1401/1401 994/994/994 1102/1102/1102
f 993/993/993 994/994/994 1401/1401/1401
f 1122/1122/1122 993/993/993 1401/1401/1401
f 1122/1122/1122 1401/1401/1401 1102/1102/1102
f 1273/1273/1273 1276/1276/1276 1402/1402/1402
f 1134/1134/1134 1004/1004/1004 1403/1403/1403
f 1404/1404/1404 1405/1405/1405 1406/1406/1406
f 1407/1407/1407 1404/1404/1404 1406/1406/1406
f 1407/1407/1407 1408/1408/1408 1404/1404/1404
f 1134/1134/1134 1403/1403/1403 837/837/837
f 1409/1409/1409 1410/1410/1410 1411/1411/1411
f 1412/1412/1412 1409/1409/1409 1411/1411/1411
f 1403/1403/1403 1005/1005/1005 837/837/837
f 1413/1413/1413 1410/1410/1410 1409/1409/1409
f 1414/1414/1414 1415/1415/1415 1416/1416/1416
f 1412/1412/1412 1414/1414/1414 1416/1416/1416
f 1004/1004/1004 1005/1005/1005 1403/1403/1403
f 1053/1053/1053 943/943/943 1417/1417/1417
f 974/974/974 1366/1366/1366 977/977/977
f 1053/1053/1053 1417/1417/1417 1128/1128/1128
f 1418/1418/1418 1413/1413/1413 1416/1416/1416
f 1417/1417/1417 944/944/944 1128/1128/1128
f 943/943/943 944/944/944 1417/1417/1417
f 1419/1419/1419 1420/1420/1420 1421/1421/1421
f 1422/1422/1422 1419/1419/1419 1421/1421/1421
f 1047/1047/1047 932/932/932 1423/1423/1423
f 1047/1047/1047 1423/1423/1423 765/765/765
f 1423/1423/1423 933/933/933 765/765/765
f 1424/1424/1424 1425/1425/1425 1421/1421/1421
f 932/932/932 933/933/933 1423/1423/1423
f 1009/1009/1009 964/964/964 1426/1426/1426
f 1427/1427/1427 1428/1428/1428 1429/1429/1429
f 1422/1422/1422 1427/1427/1427 1429/1429/1429
f 1009/1009/1009 1426/1426/1426 1115/1115/1115
f 1425/1425/1425 1428/1428/1428 1427/1427/1427
f 1426/1426/1426 965/965/965 1115/1115/1115
f 964/964/964 965/965/965 1426/1426/1426
f 1408/1408/1408 1407/1407/1407 1430/1430/1430
f 986/986/986 921/921/921 1431/1431/1431
f 1432/1432/1432 1433/1433/1433 1434/1434/1434
f 1435/1435/1435 1432/1432/1432 1434/1434/1434
f 1435/1435/1435 1436/1436/1436 1432/1432/1432
f 986/986/986 1431/1431/1431 1136/1136/1136
f 1431/1431/1431 922/922/922 1136/1136/1136
f 921/921/921 922/922/922 1431/1431/1431
f 1437/1437/1437 801/801/801 800/800/800
f 969/969/969 801/801/801 1437/1437/1437
f 970/970/970 969/969/969 1437/1437/1437
f 970/970/970 1437/1437/1437 800/800/800
f 1438/1438/1438 811/811/811 810/810/810
f 953/953/953 811/811/811 1438/1438/1438
f 954/954/954 953/953/953 1438/1438/1438
f 1131/1131/1131 844/844/844 1129/1129/1129
f 1439/1439/1439 1440/1440/1440 1441/1441/1441
f 894/894/894 1442/1442/1442 1440/1440/1440
f 894/894/894 808/808/808 1442/1442/1442
f 1443/1443/1443 1442/1442/1442 808/808/808
f 1439/1439/1439 1441/1441/1441 1443/1443/1443
f 1444/1444/1444 1445/1445/1445 1446/1446/1446
f 1447/1447/1447 1444/1444/1444 1446/1446/1446
f 1448/1448/1448 1444/1444/1444 1447/1447/1447
f 1448/1448/1448 1445/1445/1445 1444/1444/1444
f 901/901/901 1446/1446/1446 1445/1445/1445
f 901/901/901 1074/1074/1074 1446/1446/1446
f 1447/1447/1447 1446/1446/1446 1074/1074/1074
f 1443/1443/1443 1441/1441/1441 1442/1442/1442
f 1449/1449/1449 1450/1450/1450 1451/1451/1451
f 1119/1119/1119 1449/1449/1449 1451/1451/1451
f 1117/1117/1117 1449/1449/1449 1119/1119/1119
f 1117/1117/1117 1450/1450/1450 1449/1449/1449
f 1452/1452/1452 1451/1451/1451 1450/1450/1450
f 1452/1452/1452 1172/1172/1172 1451/1451/1451
f 1119/1119/1119 1451/1451/1451 1172/1172/1172
f 1441/1441/1441 1440/1440/1440 1442/1442/1442
f 1453/1453/1453 1454/1454/1454 1455/1455/1455
f 1456/1456/1456 1453/1453/1453 1455/1455/1455
f 1457/1457/1457 1453/1453/1453 1456/1456/1456
f 1457/1457/1457 1454/1454/1454 1453/1453/1453
f 906/906/906 1455/1455/1455 1454/1454/1454
f 906/906/906 797/797/797 1455/1455/1455
f 1456/1456/1456 1455/1455/1455 797/797/797
f 1458/1458/1458 1459/1459/1459 1460/1460/1460
f 1461/1461/1461 1462/1462/1462 1463/1463/1463
f 1464/1464/1464 1461/1461/1461 1463/1463/1463
f 1465/1465/1465 1461/1461/1461 1464/1464/1464
f 1465/1465/1465 1462/1462/1462 1461/1461/1461
f 1466/1466/1466 1463/1463/1463 1462/1462/1462
f 1466/1466/1466 1184/1184/1184 1463/1463/1463
f 1464/1464/1464 1463/1463/1463 1184/1184/1184
f 891/891/891 850/850/850 1113/1113/1113
f 1467/1467/1467 1468/1468/1468 1469/1469/1469
f 1470/1470/1470 1467/1467/1467 1469/1469/1469
f 1471/1471/1471 1467/1467/1467 1470/1470/1470
f 1471/1471/1471 1468/1468/1468 1467/1467/1467
f 1472/1472/1472 1469/1469/1469 1468/1468/1468
f 1472/1472/1472 1326/1326/1326 1469/1469/1469
f 1470/1470/1470 1469/1469/1469 1326/1326/1326
f 891/891/891 1113/1113/1113 1473/1473/1473
f 1474/1474/1474 1475/1475/1475 1476/1476/1476
f 1477/1477/1477 1474/1474/1474 1476/1476/1476
f 1478/1478/1478 1474/1474/1474 1477/1477/1477
f 1478/1478/1478 1475/1475/1475 1474/1474/1474
f 1479/1479/1479 1476/1476/1476 1475/1475/1475
f 1479/1479/1479 1076/1076/1076 1476/1476/1476
f 1477/1477/1477 1476/1476/1476 1076/1076/1076
f 1480/1480/1480 1473/1473/1473 1481/1481/1481
f 1482/1482/1482 1483/1483/1483 1484/1484/1484
f 1485/1485/1485 1482/1482/1482 1484/1484/1484
f 1486/1486/1486 1482/1482/1482 1485/1485/1485
f 1486/1486/1486 1483/1483/1483 1482/1482/1482
f 909/909/909 1484/1484/1484 1483/1483/1483
f 909/909/909 1139/1139/1139 1484/1484/1484
f 1485/1485/1485 1484/1484/1484 1139/1139/1139
f 1480/1480/1480 1481/1481/1481 855/855/855
f 1487/1487/1487 1488/1488/1488 1489/1489/1489
f 1490/1490/1490 1487/1487/1487 1489/1489/1489
f 1491/1491/1491 1487/1487/1487 1490/1490/1490
f 1491/1491/1491 1488/1488/1488 1487/1487/1487
f 1492/1492/1492 1489/1489/1489 1488/1488/1488
f 1492/1492/1492 815/815/815 1489/1489/1489
f 1490/1490/1490 1489/1489/1489 815/815/815
f 855/855/855 1481/1481/1481 1113/1113/1113
f 1493/1493/1493 1494/1494/1494 1495/1495/1495
f 1496/1496/1496 1493/1493/1493 1495/1495/1495
f 1497/1497/1497 1493/1493/1493 1496/1496/1496
f 1497/1497/1497 1494/1494/1494 1493/1493/1493
f 1498/1498/1498 1495/1495/1495 1494/1494/1494
f 1498/1498/1498 1078/1078/1078 1495/1495/1495
f 1496/1496/1496 1495/1495/1495 1078/1078/1078
f 1481/1481/1481 1473/1473/1473 1113/1113/1113
f 1499/1499/1499 1460/1460/1460 1459/1459/1459
f 885/885/885 1111/1111/1111 1500/1500/1500
f 915/915/915 1121/1121/1121 916/916/916
f 916/916/916 1121/1121/1121 1123/1123/1123
f 1501/1501/1501 1500/1500/1500 1502/1502/1502
f 1501/1501/1501 1502/1502/1502 863/863/863
f 926/926/926 1124/1124/1124 927/927/927
f 927/927/927 1124/1124/1124 849/849/849
f 863/863/863 1502/1502/1502 1111/1111/1111
f 1502/1502/1502 1500/1500/1500 1111/1111/1111
f 937/937/937 1129/1129/1129 938/938/938
f 938/938/938 1129/1129/1129 844/844/844
f 1377/1377/1377 1503/1503/1503 1504/1504/1504
f 878/878/878 1110/1110/1110 1505/1505/1505
f 947/947/947 1133/1133/1133 948/948/948
f 948/948/948 1133/1133/1133 838/838/838
f 1506/1506/1506 1505/1505/1505 1507/1507/1507
f 1506/1506/1506 1507/1507/1507 868/868/868
f 952/952/952 1137/1137/1137 953/953/953
f 953/953/953 1137/1137/1137 825/825/825
f 868/868/868 1507/1507/1507 1110/1110/1110
f 1507/1507/1507 1505/1505/1505 1110/1110/1110
f 957/957/957 1508/1508/1508 958/958/958
f 958/958/958 1508/1508/1508 1186/1186/1186
f 1504/1504/1504 1503/1503/1503 1509/1509/1509
f 1271/1271/1271 1264/1264/1264 1510/1510/1510
f 968/968/968 1141/1141/1141 969/969/969
f 969/969/969 1141/1141/1141 805/805/805
f 872/872/872 869/869/869 1105/1105/1105
f 872/872/872 1105/1105/1105 1511/1511/1511
f 972/972/972 1512/1512/1512 973/973/973
f 973/973/973 1512/1512/1512 1367/1367/1367
f 1513/1513/1513 1514/1514/1514 1515/1515/1515
f 1516/1516/1516 1513/1513/1513 1515/1515/1515
f 1517/1517/1517 1513/1513/1513 1516/1516/1516
f 1517/1517/1517 1514/1514/1514 1513/1513/1513
f 1518/1518/1518 1519/1519/1519 1520/1520/1520
f 1518/1518/1518 1521/1521/1521 1519/1519/1519
f 1516/1516/1516 1515/1515/1515 790/790/790
f 1108/1108/1108 1511/1511/1511 1522/1522/1522
f 1523/1523/1523 1524/1524/1524 1525/1525/1525
f 1526/1526/1526 1523/1523/1523 1525/1525/1525
f 1527/1527/1527 1523/1523/1523 1526/1526/1526
f 1527/1527/1527 1524/1524/1524 1523/1523/1523
f 979/979/979 1528/1528/1528 1529/1529/1529
f 979/979/979 1106/1106/1106 1528/1528/1528
f 1526/1526/1526 1525/1525/1525 768/768/768
f 1108/1108/1108 1522/1522/1522 877/877/877
f 1530/1530/1530 1531/1531/1531 873/873/873
f 872/872/872 1530/1530/1530 873/873/873
f 1511/1511/1511 1530/1530/1530 872/872/872
f 1511/1511/1511 1531/1531/1531 1530/1530/1530
f 1036/1036/1036 1532/1532/1532 1533/1533/1533
f 1036/1036/1036 1094/1094/1094 1532/1532/1532
f 877/877/877 1522/1522/1522 1105/1105/1105
f 1522/1522/1522 1511/1511/1511 1105/1105/1105
f 1534/1534/1534 1535/1535/1535 879/879/879
f 878/878/878 1534/1534/1534 879/879/879
f 1505/1505/1505 1534/1534/1534 878/878/878
f 1505/1505/1505 1535/1535/1535 1534/1534/1534
f 1536/1536/1536 1537/1537/1537 1538/1538/1538
f 1536/1536/1536 1539/1539/1539 1537/1537/1537
f 1510/1510/1510 1264/1264/1264 1267/1267/1267
f 1540/1540/1540 1541/1541/1541 804/804/804
f 1542/1542/1542 1543/1543/1543 886/886/886
f 885/885/885 1542/1542/1542 886/886/886
f 1500/1500/1500 1542/1542/1542 885/885/885
f 1500/1500/1500 1543/1543/1543 1542/1542/1542
f 1039/1039/1039 1544/1544/1544 1545/1545/1545
f 1039/1039/1039 1088/1088/1088 1544/1544/1544
f 1526/1526/1526 804/804/804 1541/1541/1541
f 1526/1526/1526 1541/1541/1541 1527/1527/1527
f 1546/1546/1546 1547/1547/1547 892/892/892
f 891/891/891 1546/1546/1546 892/892/892
f 1473/1473/1473 1546/1546/1546 891/891/891
f 1473/1473/1473 1547/1547/1547 1546/1546/1546
f 1548/1548/1548 1549/1549/1549 1550/1550/1550
f 1548/1548/1548 1551/1551/1551 1549/1549/1549
f 1552/1552/1552 1527/1527/1527 1553/1553/1553
f 1552/1552/1552 1553/1553/1553 1540/1540/1540
f 1554/1554/1554 1555/1555/1555 895/895/895
f 894/894/894 1554/1554/1554 895/895/895
f 1440/1440/1440 1554/1554/1554 894/894/894
f 1440/1440/1440 1555/1555/1555 1554/1554/1554
f 1556/1556/1556 1557/1557/1557 1558/1558/1558
f 1556/1556/1556 1559/1559/1559 1557/1557/1557
f 1540/1540/1540 1553/1553/1553 1541/1541/1541
f 1553/1553/1553 1527/1527/1527 1541/1541/1541
f 1560/1560/1560 1561/1561/1561 902/902/902
f 901/901/901 1560/1560/1560 902/902/902
f 1445/1445/1445 1560/1560/1560 901/901/901
f 1445/1445/1445 1561/1561/1561 1560/1560/1560
f 1562/1562/1562 1563/1563/1563 1564/1564/1564
f 1562/1562/1562 1565/1565/1565 1563/1563/1563
f 1274/1274/1274 1566/1566/1566 1379/1379/1379
f 1567/1567/1567 1568/1568/1568 1170/1170/1170
f 1569/1569/1569 1570/1570/1570 1571/1571/1571
f 1452/1452/1452 1569/1569/1569 1571/1571/1571
f 1450/1450/1450 1569/1569/1569 1452/1452/1452
f 1450/1450/1450 1570/1570/1570 1569/1569/1569
f 1197/1197/1197 1572/1572/1572 1573/1573/1573
f 1197/1197/1197 1574/1574/1574 1572/1572/1572
f 1452/1452/1452 1571/1571/1571 770/770/770
f 1516/1516/1516 1170/1170/1170 1568/1568/1568
f 1575/1575/1575 1576/1576/1576 907/907/907
f 906/906/906 1575/1575/1575 907/907/907
f 1454/1454/1454 1575/1575/1575 906/906/906
f 1454/1454/1454 1576/1576/1576 1575/1575/1575
f 1577/1577/1577 1578/1578/1578 1579/1579/1579
f 1577/1577/1577 1580/1580/1580 1578/1578/1578
f 1516/1516/1516 1568/1568/1568 1517/1517/1517
f 1581/1581/1581 1517/1517/1517 1582/1582/1582
f 1583/1583/1583 1584/1584/1584 1585/1585/1585
f 1466/1466/1466 1583/1583/1583 1585/1585/1585
f 1462/1462/1462 1583/1583/1583 1466/1466/1466
f 1462/1462/1462 1584/1584/1584 1583/1583/1583
f 1586/1586/1586 1587/1587/1587 1588/1588/1588
f 1586/1586/1586 1589/1589/1589 1587/1587/1587
f 1466/1466/1466 1585/1585/1585 1162/1162/1162
f 1581/1581/1581 1582/1582/1582 1567/1567/1567
f 1590/1590/1590 1591/1591/1591 1592/1592/1592
f 1472/1472/1472 1590/1590/1590 1592/1592/1592
f 1468/1468/1468 1590/1590/1590 1472/1472/1472
f 1468/1468/1468 1591/1591/1591 1590/1590/1590
f 1593/1593/1593 1594/1594/1594 1595/1595/1595
f 1593/1593/1593 1596/1596/1596 1594/1594/1594
f 1472/1472/1472 1592/1592/1592 1597/1597/1597
f 1567/1567/1567 1582/1582/1582 1568/1568/1568
f 1598/1598/1598 1599/1599/1599 1600/1600/1600
f 1479/1479/1479 1598/1598/1598 1600/1600/1600
f 1475/1475/1475 1598/1598/1598 1479/1479/1479
f 1475/1475/1475 1599/1599/1599 1598/1598/1598
f 1601/1601/1601 1602/1602/1602 1603/1603/1603
f 1601/1601/1601 1604/1604/1604 1602/1602/1602
f 1479/1479/1479 1600/1600/1600 1063/1063/1063
f 1582/1582/1582 1517/1517/1517 1568/1568/1568
f 1605/1605/1605 1606/1606/1606 910/910/910
f 909/909/909 1605/1605/1605 910/910/910
f 1483/1483/1483 1605/1605/1605 909/909/909
f 1483/1483/1483 1606/1606/1606 1605/1605/1605
f 1607/1607/1607 1608/1608/1608 1609/1609/1609
f 1607/1607/1607 1610/1610/1610 1608/1608/1608
f 1611/1611/1611 1612/1612/1612 1613/1613/1613
f 1492/1492/1492 1611/1611/1611 1613/1613/1613
f 1488/1488/1488 1611/1611/1611 1492/1492/1492
f 1488/1488/1488 1612/1612/1612 1611/1611/1611
f 982/982/982 1614/1614/1614 1615/1615/1615
f 982/982/982 1103/1103/1103 1614/1614/1614
f 1492/1492/1492 1613/1613/1613 816/816/816
f 1616/1616/1616 1617/1617/1617 1618/1618/1618
f 1498/1498/1498 1616/1616/1616 1618/1618/1618
f 1494/1494/1494 1616/1616/1616 1498/1498/1498
f 1494/1494/1494 1617/1617/1617 1616/1616/1616
f 1619/1619/1619 1620/1620/1620 1621/1621/1621
f 1619/1619/1619 1622/1622/1622 1620/1620/1620
f 1498/1498/1498 1618/1618/1618 1079/1079/1079
f 985/985/985 915/915/915 921/921/921
f 921/921/921 915/915/915 919/919/919
f 1046/1046/1046 926/926/926 932/932/932
f 932/932/932 926/926/926 930/930/930
f 1052/1052/1052 937/937/937 943/943/943
f 943/943/943 937/937/937 941/941/941
f 997/997/997 947/947/947 998/998/998
f 998/998/998 947/947/947 951/951/951
f 1058/1058/1058 952/952/952 1059/1059/1059
f 1059/1059/1059 952/952/952 956/956/956
f 1008/1008/1008 957/957/957 964/964/964
f 964/964/964 957/957/957 960/960/960
f 1018/1018/1018 968/968/968 1019/1019/1019
f 1019/1019/1019 968/968/968 971/971/971
f 1028/1028/1028 972/972/972 1029/1029/1029
f 1029/1029/1029 972/972/972 978/978/978
f 1623/1623/1623 1581/1581/1581 1624/1624/1624
f 1518/1518/1518 1623/1623/1623 1624/1624/1624
f 1520/1520/1520 1623/1623/1623 1518/1518/1518
f 1520/1520/1520 1581/1581/1581 1623/1623/1623
f 1567/1567/1567 1624/1624/1624 1581/1581/1581
f 1567/1567/1567 1144/1144/1144 1624/1624/1624
f 1518/1518/1518 1624/1624/1624 1144/1144/1144
f 1625/1625/1625 1552/1552/1552 980/980/980
f 979/979/979 1625/1625/1625 980/980/980
f 1529/1529/1529 1625/1625/1625 979/979/979
f 1529/1529/1529 1552/1552/1552 1625/1625/1625
f 1540/1540/1540 980/980/980 1552/1552/1552
f 1540/1540/1540 788/788/788 980/980/980
f 1379/1379/1379 1566/1566/1566 1276/1276/1276
f 1626/1626/1626 1480/1480/1480 1627/1627/1627
f 1548/1548/1548 1626/1626/1626 1627/1627/1627
f 1550/1550/1550 1626/1626/1626 1548/1548/1548
f 1550/1550/1550 1480/1480/1480 1626/1626/1626
f 1628/1628/1628 1448/1448/1448 1629/1629/1629
f 1562/1562/1562 1628/1628/1628 1629/1629/1629
f 1564/1564/1564 1628/1628/1628 1562/1562/1562
f 1564/1564/1564 1448/1448/1448 1628/1628/1628
f 1630/1630/1630 1457/1457/1457 1631/1631/1631
f 1577/1577/1577 1630/1630/1630 1631/1631/1631
f 1579/1579/1579 1630/1630/1630 1577/1577/1577
f 1579/1579/1579 1457/1457/1457 1630/1630/1630
f 1456/1456/1456 1631/1631/1631 1457/1457/1457
f 1456/1456/1456 796/796/796 1631/1631/1631
f 1577/1577/1577 1631/1631/1631 796/796/796
f 1632/1632/1632 1465/1465/1465 1633/1633/1633
f 1586/1586/1586 1632/1632/1632 1633/1633/1633
f 1588/1588/1588 1632/1632/1632 1586/1586/1586
f 1588/1588/1588 1465/1465/1465 1632/1632/1632
f 1464/1464/1464 1633/1633/1633 1465/1465/1465
f 1464/1464/1464 1160/1160/1160 1633/1633/1633
f 1586/1586/1586 1633/1633/1633 1160/1160/1160
f 1634/1634/1634 1471/1471/1471 1635/1635/1635
f 1593/1593/1593 1634/1634/1634 1635/1635/1635
f 1595/1595/1595 1634/1634/1634 1593/1593/1593
f 1595/1595/1595 1471/1471/1471 1634/1634/1634
f 1470/1470/1470 1635/1635/1635 1471/1471/1471
f 1470/1470/1470 1286/1286/1286 1635/1635/1635
f 1593/1593/1593 1635/1635/1635 1286/1286/1286
f 1636/1636/1636 1478/1478/1478 1637/1637/1637
f 1601/1601/1601 1636/1636/1636 1637/1637/1637
f 1603/1603/1603 1636/1636/1636 1601/1601/1601
f 1603/1603/1603 1478/1478/1478 1636/1636/1636
f 1477/1477/1477 1637/1637/1637 1478/1478/1478
f 1477/1477/1477 950/950/950 1637/1637/1637
f 1638/1638/1638 773/773/773 796/796/796
f 756/756/756 773/773/773 1638/1638/1638
f 757/757/757 756/756/756 1638/1638/1638
f 757/757/757 1638/1638/1638 796/796/796
f 754/754/754 753/753/753 758/758/758
f 754/754/754 758/758/758 1147/1147/1147
f 787/787/787 766/766/766 1215/1215/1215
f 787/787/787 1215/1215/1215 788/788/788
f 822/822/822 1639/1639/1639 1640/1640/1640
f 822/822/822 1640/1640/1640 823/823/823
f 752/752/752 754/754/754 1147/1147/1147
f 1136/1136/1136 1149/1149/1149 1641/1641/1641
f 1641/1641/1641 1149/1149/1149 1151/1151/1151
f 1641/1641/1641 1151/1151/1151 1102/1102/1102
f 1136/1136/1136 1641/1641/1641 1102/1102/1102
f 1642/1642/1642 1643/1643/1643 1149/1149/1149
f 1084/1084/1084 883/883/883 882/882/882
f 1642/1642/1642 1644/1644/1644 1643/1643/1643
f 1643/1643/1643 1644/1644/1644 1150/1150/1150
f 1219/1219/1219 1220/1220/1220 1222/1222/1222
f 1219/1219/1219 1222/1222/1222 1139/1139/1139
f 1149/1149/1149 1643/1643/1643 1150/1150/1150
f 1155/1155/1155 1645/1645/1645 1154/1154/1154
f 1225/1225/1225 1227/1227/1227 845/845/845
f 1155/1155/1155 875/875/875 1645/1645/1645
f 1645/1645/1645 875/875/875 870/870/870
f 1154/1154/1154 1645/1645/1645 870/870/870
f 1227/1227/1227 829/829/829 1228/1228/1228
f 1227/1227/1227 1228/1228/1228 850/850/850
f 1161/1161/1161 1177/1177/1177 1646/1646/1646
f 1646/1646/1646 1177/1177/1177 1162/1162/1162
f 1230/1230/1230 1237/1237/1237 822/822/822
f 1115/1115/1115 1237/1237/1237 1230/1230/1230
f 1646/1646/1646 1162/1162/1162 1159/1159/1159
f 1161/1161/1161 1646/1646/1646 1159/1159/1159
f 1182/1182/1182 1647/1647/1647 1128/1128/1128
f 1238/1238/1238 1232/1232/1232 1220/1220/1220
f 1182/1182/1182 1165/1165/1165 1647/1647/1647
f 1647/1647/1647 1165/1165/1165 1167/1167/1167
f 1235/1235/1235 1640/1640/1640 1237/1237/1237
f 823/823/823 1640/1640/1640 1235/1235/1235
f 1128/1128/1128 1647/1647/1647 1167/1167/1167
f 918/918/918 1648/1648/1648 1649/1649/1649
f 1219/1219/1219 1139/1139/1139 1239/1239/1239
f 1219/1219/1219 1239/1239/1239 1238/1238/1238
f 1649/1649/1649 1648/1648/1648 1174/1174/1174
f 1649/1649/1649 1174/1174/1174 1136/1136/1136
f 1227/1227/1227 850/850/850 1243/1243/1243
f 1227/1227/1227 1243/1243/1243 845/845/845
f 918/918/918 1649/1649/1649 1136/1136/1136
f 1650/1650/1650 1651/1651/1651 1177/1177/1177
f 1270/1270/1270 852/852/852 835/835/835
f 1269/1269/1269 852/852/852 1270/1270/1270
f 1285/1285/1285 1286/1286/1286 1326/1326/1326
f 1650/1650/1650 1184/1184/1184 1651/1651/1651
f 1314/1314/1314 1283/1283/1283 1285/1285/1285
f 1651/1651/1651 1184/1184/1184 1162/1162/1162
f 1177/1177/1177 1651/1651/1651 1162/1162/1162
f 1652/1652/1652 1653/1653/1653 1179/1179/1179
f 1336/1336/1336 1295/1295/1295 1289/1289/1289
f 1336/1336/1336 1289/1289/1289 864/864/864
f 1652/1652/1652 869/869/869 1653/1653/1653
f 1653/1653/1653 869/869/869 875/875/875
f 852/852/852 1654/1654/1654 1655/1655/1655
f 852/852/852 1655/1655/1655 853/853/853
f 1179/1179/1179 1653/1653/1653 875/875/875
f 841/841/841 1656/1656/1656 1657/1657/1657
f 1275/1275/1275 1655/1655/1655 1269/1269/1269
f 853/853/853 1655/1655/1655 1275/1275/1275
f 1657/1657/1657 1656/1656/1656 1182/1182/1182
f 1287/1287/1287 1597/1597/1597 1286/1286/1286
f 1657/1657/1657 1182/1182/1182 1128/1128/1128
f 841/841/841 1657/1657/1657 1128/1128/1128
f 1295/1295/1295 1304/1304/1304 865/865/865
f 1304/1304/1304 881/881/881 865/865/865
f 1658/1658/1658 1656/1656/1656 841/841/841
f 1658/1658/1658 1181/1181/1181 1656/1656/1656
f 1656/1656/1656 1181/1181/1181 1182/1182/1182
f 1307/1307/1307 1309/1309/1309 1287/1287/1287
f 1309/1309/1309 1597/1597/1597 1287/1287/1287
f 1325/1325/1325 1326/1326/1326 1597/1597/1597
f 1648/1648/1648 1173/1173/1173 1174/1174/1174
f 1309/1309/1309 1314/1314/1314 1325/1325/1325
f 1309/1309/1309 1325/1325/1325 1597/1597/1597
f 1183/1183/1183 1648/1648/1648 918/918/918
f 1183/1183/1183 1173/1173/1173 1648/1648/1648
f 1305/1305/1305 881/881/881 1304/1304/1304
f 1659/1659/1659 1170/1170/1170 794/794/794
f 1168/1168/1168 1659/1659/1659 794/794/794
f 1305/1305/1305 1336/1336/1336 1344/1344/1344
f 1305/1305/1305 1344/1344/1344 881/881/881
f 1434/1434/1434 1433/1433/1433 1660/1660/1660
f 1168/1168/1168 1145/1145/1145 1659/1659/1659
f 1430/1430/1430 1407/1407/1407 1660/1660/1660
f 1430/1430/1430 1660/1660/1660 1433/1433/1433
f 1659/1659/1659 1145/1145/1145 1170/1170/1170
f 1422/1422/1422 1429/1429/1429 1661/1661/1661
f 1661/1661/1661 1419/1419/1419 1422/1422/1422
f 1662/1662/1662 1172/1172/1172 771/771/771
f 1171/1171/1171 1662/1662/1662 771/771/771
f 1412/1412/1412 1411/1411/1411 1663/1663/1663
f 1663/1663/1663 1414/1414/1414 1412/1412/1412
f 1171/1171/1171 1148/1148/1148 1662/1662/1662
f 1406/1406/1406 1405/1405/1405 1664/1664/1664
f 1662/1662/1662 1148/1148/1148 1172/1172/1172
f 1402/1402/1402 1276/1276/1276 1664/1664/1664
f 1402/1402/1402 1664/1664/1664 1405/1405/1405
f 1665/1665/1665 1158/1158/1158 1666/1666/1666
f 1394/1394/1394 1400/1400/1400 1667/1667/1667
f 1667/1667/1667 1391/1391/1391 1394/1394/1394
f 1666/1666/1666 1158/1158/1158 1163/1163/1163
f 1666/1666/1666 1163/1163/1163 1176/1176/1176
f 1383/1383/1383 1390/1390/1390 1668/1668/1668
f 1668/1668/1668 1380/1380/1380 1383/1383/1383
f 1665/1665/1665 1666/1666/1666 1176/1176/1176
f 1362/1362/1362 1361/1361/1361 1669/1669/1669
f 1669/1669/1669 1363/1363/1363 1362/1362/1362
f 1176/1176/1176 1650/1650/1650 1177/1177/1177
f 1373/1373/1373 1372/1372/1372 1670/1670/1670
f 1176/1176/1176 1163/1163/1163 1650/1650/1650
f 1650/1650/1650 1163/1163/1163 1184/1184/1184
f 1671/1671/1671 1670/1670/1670 1372/1372/1372
f 1672/1672/1672 1153/1153/1153 1673/1673/1673
f 1352/1352/1352 1351/1351/1351 1674/1674/1674
f 1674/1674/1674 1353/1353/1353 1352/1352/1352
f 1311/1311/1311 1353/1353/1353 1674/1674/1674
f 1342/1342/1342 1341/1341/1341 1675/1675/1675
f 1673/1673/1673 1153/1153/1153 1156/1156/1156
f 1348/1348/1348 1347/1347/1347 1675/1675/1675
f 1348/1348/1348 1675/1675/1675 1341/1341/1341
f 1673/1673/1673 1156/1156/1156 1180/1180/1180
f 1330/1330/1330 1329/1329/1329 1676/1676/1676
f 1676/1676/1676 1331/1331/1331 1330/1330/1330
f 1335/1335/1335 1331/1331/1331 1676/1676/1676
f 1672/1672/1672 1673/1673/1673 1180/1180/1180
f 1313/1313/1313 1312/1312/1312 1677/1677/1677
f 1677/1677/1677 1316/1316/1316 1313/1313/1313
f 1320/1320/1320 1316/1316/1316 1677/1677/1677
f 1300/1300/1300 1678/1678/1678 1306/1306/1306
f 1678/1678/1678 1194/1194/1194 1306/1306/1306
f 1678/1678/1678 1298/1298/1298 1194/1194/1194
f 1300/1300/1300 1298/1298/1298 1678/1678/1678
f 1244/1244/1244 1679/1679/1679 1294/1294/1294
f 1679/1679/1679 1293/1293/1293 1294/1294/1294
f 1291/1291/1291 1293/1293/1293 1679/1679/1679
f 1291/1291/1291 1679/1679/1679 1244/1244/1244
f 1253/1253/1253 1680/1680/1680 1281/1281/1281
f 1680/1680/1680 1280/1280/1280 1281/1281/1281
f 1278/1278/1278 1280/1280/1280 1680/1680/1680
f 1278/1278/1278 1680/1680/1680 1253/1253/1253
f 1652/1652/1652 1681/1681/1681 869/869/869
f 1652/1652/1652 1156/1156/1156 1681/1681/1681
f 1156/1156/1156 870/870/870 1681/1681/1681
f 1681/1681/1681 870/870/870 869/869/869
f 1181/1181/1181 1682/1682/1682 1165/1165/1165
f 1165/1165/1165 1682/1682/1682 1166/1166/1166
f 1682/1682/1682 1683/1683/1683 1166/1166/1166
f 1684/1684/1684 1176/1176/1176 1161/1161/1161
f 1665/1665/1665 1176/1176/1176 1684/1684/1684
f 1665/1665/1665 1684/1684/1684 1158/1158/1158
f 1684/1684/1684 1161/1161/1161 1158/1158/1158
f 1685/1685/1685 1180/1180/1180 1155/1155/1155
f 1672/1672/1672 1180/1180/1180 1685/1685/1685
f 1672/1672/1672 1685/1685/1685 1153/1153/1153
f 1685/1685/1685 1155/1155/1155 1153/1153/1153
f 1173/1173/1173 1642/1642/1642 1149/1149/1149
f 1180/1180/1180 1652/1652/1652 1179/1179/1179
f 1150/1150/1150 1644/1644/1644 1642/1642/1642
f 1150/1150/1150 1642/1642/1642 1173/1173/1173
f 1180/1180/1180 1156/1156/1156 1652/1652/1652
f 753/753/753 1171/1171/1171 758/758/758
f 753/753/753 1148/1148/1148 1171/1171/1171
f 752/752/752 1148/1148/1148 753/753/753
f 784/784/784 1168/1168/1168 780/780/780
f 784/784/784 1145/1145/1145 1168/1168/1168
f 775/775/775 1145/1145/1145 784/784/784
f 1185/1185/1185 1181/1181/1181 1658/1658/1658
f 843/843/843 1658/1658/1658 841/841/841
f 843/843/843 1185/1185/1185 1658/1658/1658
f 1686/1686/1686 1683/1683/1683 1682/1682/1682
f 1081/1081/1081 1687/1687/1687 898/898/898
f 1687/1687/1687 913/913/913 898/898/898
f 920/920/920 913/913/913 1687/1687/1687
f 920/920/920 1687/1687/1687 1081/1081/1081
f 1181/1181/1181 1686/1686/1686 1682/1682/1682
f 942/942/942 1068/1068/1068 940/940/940
f 942/942/942 936/936/936 1068/1068/1068
f 934/934/934 936/936/936 942/942/942
f 1166/1166/1166 1686/1686/1686 1181/1181/1181
f 967/967/967 1072/1072/1072 966/966/966
f 967/967/967 963/963/963 1072/1072/1072
f 961/961/961 963/963/963 967/967/967
f 1166/1166/1166 1683/1683/1683 1686/1686/1686
f 1170/1170/1170 1144/1144/1144 1567/1567/1567
f 804/804/804 788/788/788 1540/1540/1540
f 808/808/808 828/828/828 1443/1443/1443
f 1074/1074/1074 1007/1007/1007 1447/1447/1447
f 1172/1172/1172 1120/1120/1120 1119/1119/1119
f 797/797/797 796/796/796 1456/1456/1456
f 1184/1184/1184 1160/1160/1160 1464/1464/1464
f 1326/1326/1326 1286/1286/1286 1470/1470/1470
f 917/917/917 1688/1688/1688 918/918/918
f 1076/1076/1076 950/950/950 1477/1477/1477
f 1139/1139/1139 1224/1224/1224 1485/1485/1485
f 815/815/815 861/861/861 1490/1490/1490
f 1078/1078/1078 1091/1091/1091 1496/1496/1496
f 1102/1102/1102 918/918/918 1123/1123/1123
f 917/917/917 916/916/916 1688/1688/1688
f 1315/1315/1315 1310/1310/1310 1689/1689/1689
f 821/821/821 823/823/823 1186/1186/1186
f 1093/1093/1093 977/977/977 1367/1367/1367
f 790/790/790 1170/1170/1170 1516/1516/1516
f 768/768/768 804/804/804 1526/1526/1526
f 1206/1206/1206 814/814/814 833/833/833
f 1689/1689/1689 1310/1310/1310 1313/1313/1313
f 770/770/770 1172/1172/1172 1452/1452/1452
f 1205/1205/1205 1206/1206/1206 812/812/812
f 1206/1206/1206 833/833/833 812/812/812
f 1313/1313/1313 1318/1318/1318 1689/1689/1689
f 1689/1689/1689 1318/1318/1318 1315/1315/1315
f 1162/1162/1162 1184/1184/1184 1466/1466/1466
f 1342/1342/1342 1690/1690/1690 1691/1691/1691
f 1597/1597/1597 1326/1326/1326 1472/1472/1472
f 1342/1342/1342 1691/1691/1691 1343/1343/1343
f 1692/1692/1692 1693/1693/1693 1694/1694/1694
f 1692/1692/1692 1694/1694/1694 1690/1690/1690
f 1063/1063/1063 1076/1076/1076 1479/1479/1479
f 1695/1695/1695 1690/1690/1690 1342/1342/1342
f 1347/1347/1347 1690/1690/1690 1695/1695/1695
f 1695/1695/1695 1675/1675/1675 1347/1347/1347
f 1342/1342/1342 1675/1675/1675 1695/1695/1695
f 1696/1696/1696 1335/1335/1335 1697/1697/1697
f 1696/1696/1696 1697/1697/1697 1329/1329/1329
f 1676/1676/1676 1329/1329/1329 1697/1697/1697
f 816/816/816 815/815/815 1492/1492/1492
f 1676/1676/1676 1697/1697/1697 1335/1335/1335
f 1698/1698/1698 1329/1329/1329 1328/1328/1328
f 1696/1696/1696 1329/1329/1329 1698/1698/1698
f 1079/1079/1079 1078/1078/1078 1498/1498/1498
f 1699/1699/1699 1700/1700/1700 1696/1696/1696
f 1701/1701/1701 1700/1700/1700 1699/1699/1699
f 1702/1702/1702 1320/1320/1320 1703/1703/1703
f 1702/1702/1702 1703/1703/1703 1312/1312/1312
f 1677/1677/1677 1312/1312/1312 1703/1703/1703
f 1677/1677/1677 1703/1703/1703 1320/1320/1320
f 1704/1704/1704 1312/1312/1312 1311/1311/1311
f 1702/1702/1702 1312/1312/1312 1704/1704/1704
f 1705/1705/1705 1706/1706/1706 1702/1702/1702
f 1707/1707/1707 1706/1706/1706 1705/1705/1705
f 1436/1436/1436 1708/1708/1708 1709/1709/1709
f 1436/1436/1436 1709/1709/1709 1710/1710/1710
f 1711/1711/1711 1712/1712/1712 1713/1713/1713
f 916/916/916 1123/1123/1123 1688/1688/1688
f 1714/1714/1714 1327/1327/1327 1715/1715/1715
f 1436/1436/1436 1710/1710/1710 1716/1716/1716
f 835/835/835 853/853/853 951/951/951
f 1716/1716/1716 1430/1430/1430 1436/1436/1436
f 1408/1408/1408 1430/1430/1430 1716/1716/1716
f 1717/1717/1717 1425/1425/1425 1424/1424/1424
f 810/810/810 995/995/995 956/956/956
f 1718/1718/1718 1425/1425/1425 1717/1717/1717
f 1719/1719/1719 1339/1339/1339 1718/1718/1718
f 1337/1337/1337 1339/1339/1339 1719/1719/1719
f 1720/1720/1720 1413/1413/1413 1418/1418/1418
f 1721/1721/1721 1413/1413/1413 1720/1720/1720
f 1722/1722/1722 1323/1323/1323 1721/1721/1721
f 1321/1321/1321 1323/1323/1323 1722/1722/1722
f 800/800/800 820/820/820 971/971/971
f 1237/1237/1237 1723/1723/1723 822/822/822
f 1723/1723/1723 1639/1639/1639 822/822/822
f 1640/1640/1640 1639/1639/1639 1723/1723/1723
f 977/977/977 1085/1085/1085 978/978/978
f 1640/1640/1640 1723/1723/1723 1237/1237/1237
f 1364/1364/1364 1714/1714/1714 1715/1715/1715
f 1144/1144/1144 1521/1521/1521 1518/1518/1518
f 1221/1221/1221 1238/1238/1238 1220/1220/1220
f 1221/1221/1221 1219/1219/1219 1238/1238/1238
f 1217/1217/1217 1219/1219/1219 1221/1221/1221
f 1274/1274/1274 1724/1724/1724 1566/1566/1566
f 1725/1725/1725 1726/1726/1726 1727/1727/1727
f 1725/1725/1725 1727/1727/1727 1724/1724/1724
f 1728/1728/1728 1724/1724/1724 1274/1274/1274
f 831/831/831 1551/1551/1551 1548/1548/1548
f 1265/1265/1265 1724/1724/1724 1728/1728/1728
f 1728/1728/1728 1266/1266/1266 1265/1265/1265
f 1274/1274/1274 1266/1266/1266 1728/1728/1728
f 1007/1007/1007 1565/1565/1565 1562/1562/1562
f 1729/1729/1729 1261/1261/1261 1730/1730/1730
f 1729/1729/1729 1730/1730/1730 1459/1459/1459
f 1499/1499/1499 1459/1459/1459 1730/1730/1730
f 796/796/796 1580/1580/1580 1577/1577/1577
f 1499/1499/1499 1730/1730/1730 1261/1261/1261
f 1364/1364/1364 1328/1328/1328 1714/1714/1714
f 1729/1729/1729 1459/1459/1459 1458/1458/1458
f 1160/1160/1160 1589/1589/1589 1586/1586/1586
f 1731/1731/1731 1732/1732/1732 1729/1729/1729
f 1733/1733/1733 1732/1732/1732 1731/1731/1731
f 1734/1734/1734 1256/1256/1256 1735/1735/1735
f 1286/1286/1286 1596/1596/1596 1593/1593/1593
f 1734/1734/1734 1735/1735/1735 1736/1736/1736
f 1737/1737/1737 1736/1736/1736 1735/1735/1735
f 1737/1737/1737 1735/1735/1735 1256/1256/1256
f 950/950/950 1604/1604/1604 1601/1601/1601
f 1714/1714/1714 1328/1328/1328 1327/1327/1327
f 1734/1734/1734 1736/1736/1736 1738/1738/1738
f 1739/1739/1739 1740/1740/1740 1734/1734/1734
f 1224/1224/1224 1610/1610/1610 1607/1607/1607
f 1741/1741/1741 1740/1740/1740 1739/1739/1739
f 1299/1299/1299 1509/1509/1509 1742/1742/1742
f 1299/1299/1299 1742/1742/1742 1301/1301/1301
f 1377/1377/1377 1743/1743/1743 1503/1503/1503
f 1715/1715/1715 1327/1327/1327 1330/1330/1330
f 1744/1744/1744 1292/1292/1292 1297/1297/1297
f 1745/1745/1745 1292/1292/1292 1744/1744/1744
f 1091/1091/1091 1622/1622/1622 1619/1619/1619
f 1746/1746/1746 1747/1747/1747 1748/1748/1748
f 1749/1749/1749 1279/1279/1279 1288/1288/1288
f 1750/1750/1750 1279/1279/1279 1749/1749/1749
f 1330/1330/1330 1333/1333/1333 1715/1715/1715
f 1751/1751/1751 1752/1752/1752 1753/1753/1753
f 1754/1754/1754 1701/1701/1701 1755/1755/1755
f 1754/1754/1754 1755/1755/1755 1756/1756/1756
f 1669/1669/1669 1361/1361/1361 1757/1757/1757
f 1669/1669/1669 1757/1757/1757 1328/1328/1328
f 1758/1758/1758 1756/1756/1756 1759/1759/1759
f 1754/1754/1754 1756/1756/1756 1758/1758/1758
f 1758/1758/1758 1760/1760/1760 1754/1754/1754
f 1759/1759/1759 1760/1760/1760 1758/1758/1758
f 1761/1761/1761 1762/1762/1762 1763/1763/1763
f 1764/1764/1764 1762/1762/1762 1761/1761/1761
f 1761/1761/1761 1765/1765/1765 1764/1764/1764
f 1763/1763/1763 1765/1765/1765 1761/1761/1761
f 1766/1766/1766 1767/1767/1767 1768/1768/1768
f 1766/1766/1766 1768/1768/1768 1769/1769/1769
f 1032/1032/1032 1093/1093/1093 1033/1033/1033
f 1770/1770/1770 1769/1769/1769 1768/1768/1768
f 1770/1770/1770 1768/1768/1768 1767/1767/1767
f 865/865/865 1539/1539/1539 1536/1536/1536
f 1771/1771/1771 1767/1767/1767 1766/1766/1766
f 1693/1693/1693 1767/1767/1767 1771/1771/1771
f 1772/1772/1772 1670/1670/1670 1343/1343/1343
f 1373/1373/1373 1670/1670/1670 1772/1772/1772
f 1764/1764/1764 1707/1707/1707 1773/1773/1773
f 1764/1764/1764 1773/1773/1773 1762/1762/1762
f 1674/1674/1674 1351/1351/1351 1774/1774/1774
f 1674/1674/1674 1774/1774/1774 1311/1311/1311
f 1775/1775/1775 1693/1693/1693 1692/1692/1692
f 1767/1767/1767 1693/1693/1693 1775/1775/1775
f 1776/1776/1776 1660/1660/1660 1407/1407/1407
f 828/828/828 1559/1559/1559 1556/1556/1556
f 1434/1434/1434 1660/1660/1660 1776/1776/1776
f 1701/1701/1701 1754/1754/1754 1777/1777/1777
f 1701/1701/1701 1777/1777/1777 1700/1700/1700
f 1120/1120/1120 1574/1574/1574 1197/1197/1197
f 1661/1661/1661 1429/1429/1429 1778/1778/1778
f 1661/1661/1661 1778/1778/1778 1399/1399/1399
f 1707/1707/1707 1764/1764/1764 1779/1779/1779
f 1707/1707/1707 1779/1779/1779 1706/1706/1706
f 1048/1048/1048 764/764/764 1049/1049/1049
f 1663/1663/1663 1411/1411/1411 1780/1780/1780
f 1663/1663/1663 1780/1780/1780 1389/1389/1389
f 1781/1781/1781 1711/1711/1711 1782/1782/1782
f 1054/1054/1054 843/843/843 1055/1055/1055
f 1781/1781/1781 1782/1782/1782 1783/1783/1783
f 1784/1784/1784 1783/1783/1783 1782/1782/1782
f 1715/1715/1715 1333/1333/1333 1364/1364/1364
f 1781/1781/1781 1783/1783/1783 1785/1785/1785
f 1786/1786/1786 1402/1402/1402 1408/1408/1408
f 1273/1273/1273 1402/1402/1402 1786/1786/1786
f 1787/1787/1787 1396/1396/1396 1368/1368/1368
f 1338/1338/1338 1396/1396/1396 1787/1787/1787
f 1787/1787/1787 1370/1370/1370 1338/1338/1338
f 1368/1368/1368 1370/1370/1370 1787/1787/1787
f 1788/1788/1788 1385/1385/1385 1357/1357/1357
f 1322/1322/1322 1385/1385/1385 1788/1788/1788
f 1788/1788/1788 1359/1359/1359 1322/1322/1322
f 1357/1357/1357 1359/1359/1359 1788/1788/1788
f 1711/1711/1711 1781/1781/1781 1789/1789/1789
f 1711/1711/1711 1789/1789/1789 1712/1712/1712
f 1716/1716/1716 1710/1710/1710 1790/1790/1790
f 1716/1716/1716 1790/1790/1790 1408/1408/1408
f 1791/1791/1791 1338/1338/1338 1337/1337/1337
f 1396/1396/1396 1338/1338/1338 1791/1791/1791
f 1792/1792/1792 1421/1421/1421 1420/1420/1420
f 1424/1424/1424 1421/1421/1421 1792/1792/1792
f 1793/1793/1793 1322/1322/1322 1321/1321/1321
f 1385/1385/1385 1322/1322/1322 1793/1793/1793
f 1794/1794/1794 1416/1416/1416 1415/1415/1415
f 1418/1418/1418 1416/1416/1416 1794/1794/1794
f 1378/1378/1378 1784/1784/1784 1376/1376/1376
f 1795/1795/1795 1796/1796/1796 1797/1797/1797
f 1377/1377/1377 1376/1376/1376 1743/1743/1743
f 1376/1376/1376 1784/1784/1784 1743/1743/1743
f 1798/1798/1798 1799/1799/1799 1747/1747/1747
f 1369/1369/1369 1799/1799/1799 1798/1798/1798
f 1369/1369/1369 1798/1798/1798 1746/1746/1746
f 1798/1798/1798 1747/1747/1747 1746/1746/1746
f 1800/1800/1800 1801/1801/1801 1752/1752/1752
f 1358/1358/1358 1801/1801/1801 1800/1800/1800
f 1358/1358/1358 1800/1800/1800 1751/1751/1751
f 1800/1800/1800 1752/1752/1752 1751/1751/1751
f 1802/1802/1802 1726/1726/1726 1725/1725/1725
f 1769/1769/1769 1726/1726/1726 1802/1802/1802
f 1803/1803/1803 1190/1190/1190 1189/1189/1189
f 1306/1306/1306 1190/1190/1190 1803/1803/1803
f 1733/1733/1733 1759/1759/1759 1804/1804/1804
f 1733/1733/1733 1804/1804/1804 1732/1732/1732
f 1248/1248/1248 1294/1294/1294 1805/1805/1805
f 1248/1248/1248 1805/1805/1805 1249/1249/1249
f 1741/1741/1741 1763/1763/1763 1806/1806/1806
f 1741/1741/1741 1806/1806/1806 1740/1740/1740
f 1282/1282/1282 1281/1281/1281 1807/1807/1807
f 1282/1282/1282 1807/1807/1807 1350/1350/1350
f 1808/1808/1808 1769/1769/1769 1770/1770/1770
f 1726/1726/1726 1769/1769/1769 1808/1808/1808
f 1809/1809/1809 1664/1664/1664 1276/1276/1276
f 1406/1406/1406 1664/1664/1664 1809/1809/1809
f 1759/1759/1759 1733/1733/1733 1810/1810/1810
f 1759/1759/1759 1810/1810/1810 1760/1760/1760
f 1667/1667/1667 1400/1400/1400 1811/1811/1811
f 1667/1667/1667 1811/1811/1811 1812/1812/1812
f 1763/1763/1763 1741/1741/1741 1813/1813/1813
f 1763/1763/1763 1813/1813/1813 1765/1765/1765
f 1668/1668/1668 1390/1390/1390 1814/1814/1814
f 1668/1668/1668 1814/1814/1814 1815/1815/1815
f 1784/1784/1784 1378/1378/1378 1816/1816/1816
f 1784/1784/1784 1816/1816/1816 1783/1783/1783
f 1785/1785/1785 1783/1783/1783 1816/1816/1816
f 1785/1785/1785 1816/1816/1816 1378/1378/1378
f 1817/1817/1817 1369/1369/1369 1368/1368/1368
f 1799/1799/1799 1369/1369/1369 1817/1817/1817
f 1817/1817/1817 1397/1397/1397 1799/1799/1799
f 1368/1368/1368 1397/1397/1397 1817/1817/1817
f 1818/1818/1818 1358/1358/1358 1357/1357/1357
f 1801/1801/1801 1358/1358/1358 1818/1818/1818
f 1818/1818/1818 1386/1386/1386 1801/1801/1801
f 1357/1357/1357 1386/1386/1386 1818/1818/1818
f 1269/1269/1269 1819/1819/1819 852/852/852
f 1819/1819/1819 1654/1654/1654 852/852/852
f 1655/1655/1655 1654/1654/1654 1819/1819/1819
f 1655/1655/1655 1819/1819/1819 1269/1269/1269
f 1319/1319/1319 1283/1283/1283 1314/1314/1314
f 1319/1319/1319 1287/1287/1287 1283/1283/1283
f 1307/1307/1307 1287/1287/1287 1319/1319/1319
f 1340/1340/1340 1795/1795/1795 1797/1797/1797
f 1343/1343/1343 1795/1795/1795 1340/1340/1340
f 1343/1343/1343 1796/1796/1796 1795/1795/1795
f 1820/1820/1820 1797/1797/1797 1796/1796/1796
f 1820/1820/1820 1341/1341/1341 1797/1797/1797
f 1340/1340/1340 1797/1797/1797 1341/1341/1341
f 1821/1821/1821 1820/1820/1820 1796/1796/1796
f 1821/1821/1821 1348/1348/1348 1820/1820/1820
f 1348/1348/1348 1341/1341/1341 1820/1820/1820
f 1711/1711/1711 1713/1713/1713 1822/1822/1822
f 1822/1822/1822 1713/1713/1713 1708/1708/1708
f 1346/1346/1346 1348/1348/1348 1821/1821/1821
f 1823/1823/1823 1349/1349/1349 1824/1824/1824
f 1259/1259/1259 1823/1823/1823 1824/1824/1824
f 1259/1259/1259 1350/1350/1350 1823/1823/1823
f 1823/1823/1823 1350/1350/1350 1349/1349/1349
f 1824/1824/1824 1349/1349/1349 1352/1352/1352
f 1352/1352/1352 1354/1354/1354 1824/1824/1824
f 1824/1824/1824 1354/1354/1354 1259/1259/1259
f 1825/1825/1825 1360/1360/1360 1826/1826/1826
f 1247/1247/1247 1825/1825/1825 1826/1826/1826
f 1247/1247/1247 1249/1249/1249 1825/1825/1825
f 1825/1825/1825 1249/1249/1249 1360/1360/1360
f 1827/1827/1827 1363/1363/1363 1669/1669/1669
f 1328/1328/1328 1827/1827/1827 1669/1669/1669
f 1328/1328/1328 1364/1364/1364 1827/1827/1827
f 1827/1827/1827 1364/1364/1364 1363/1363/1363
f 1826/1826/1826 1360/1360/1360 1362/1362/1362
f 1362/1362/1362 1365/1365/1365 1826/1826/1826
f 1826/1826/1826 1365/1365/1365 1247/1247/1247
f 1828/1828/1828 1191/1191/1191 1829/1829/1829
f 1371/1371/1371 1828/1828/1828 1829/1829/1829
f 1189/1189/1189 1828/1828/1828 1371/1371/1371
f 1189/1189/1189 1191/1191/1191 1828/1828/1828
f 1830/1830/1830 1829/1829/1829 1191/1191/1191
f 1830/1830/1830 1372/1372/1372 1829/1829/1829
f 1371/1371/1371 1829/1829/1829 1372/1372/1372
f 1831/1831/1831 1830/1830/1830 1191/1191/1191
f 1831/1831/1831 1671/1671/1671 1830/1830/1830
f 1671/1671/1671 1372/1372/1372 1830/1830/1830
f 1784/1784/1784 1782/1782/1782 1832/1832/1832
f 1688/1688/1688 1123/1123/1123 918/918/918
f 1832/1832/1832 1782/1782/1782 1711/1711/1711
f 1796/1796/1796 1671/1671/1671 1831/1831/1831
f 1833/1833/1833 1343/1343/1343 1670/1670/1670
f 1671/1671/1671 1833/1833/1833 1670/1670/1670
f 1796/1796/1796 1833/1833/1833 1671/1671/1671
f 1796/1796/1796 1343/1343/1343 1833/1833/1833
f 1834/1834/1834 1380/1380/1380 1668/1668/1668
f 1815/1815/1815 1834/1834/1834 1668/1668/1668
f 1815/1815/1815 1381/1381/1381 1834/1834/1834
f 1834/1834/1834 1381/1381/1381 1380/1380/1380
f 1415/1415/1415 1835/1835/1835 1836/1836/1836
f 1836/1836/1836 1835/1835/1835 1383/1383/1383
f 1383/1383/1383 1382/1382/1382 1836/1836/1836
f 1836/1836/1836 1382/1382/1382 1415/1415/1415
f 1835/1835/1835 1388/1388/1388 1383/1383/1383
f 1415/1415/1415 1389/1389/1389 1835/1835/1835
f 1835/1835/1835 1389/1389/1389 1388/1388/1388
f 1837/1837/1837 1391/1391/1391 1667/1667/1667
f 1812/1812/1812 1837/1837/1837 1667/1667/1667
f 1812/1812/1812 1392/1392/1392 1837/1837/1837
f 1837/1837/1837 1392/1392/1392 1391/1391/1391
f 1420/1420/1420 1838/1838/1838 1839/1839/1839
f 1839/1839/1839 1838/1838/1838 1394/1394/1394
f 1394/1394/1394 1393/1393/1393 1839/1839/1839
f 1839/1839/1839 1393/1393/1393 1420/1420/1420
f 1838/1838/1838 1398/1398/1398 1394/1394/1394
f 1420/1420/1420 1399/1399/1399 1838/1838/1838
f 1838/1838/1838 1399/1399/1399 1398/1398/1398
f 1402/1402/1402 1840/1840/1840 1408/1408/1408
f 1402/1402/1402 1405/1405/1405 1840/1840/1840
f 1404/1404/1404 1840/1840/1840 1405/1405/1405
f 1404/1404/1404 1408/1408/1408 1840/1840/1840
f 1841/1841/1841 1414/1414/1414 1663/1663/1663
f 1389/1389/1389 1841/1841/1841 1663/1663/1663
f 1389/1389/1389 1415/1415/1415 1841/1841/1841
f 1842/1842/1842 1843/1843/1843 1381/1381/1381
f 1842/1842/1842 1258/1258/1258 1843/1843/1843
f 1258/1258/1258 1844/1844/1844 1843/1843/1843
f 1843/1843/1843 1844/1844/1844 1381/1381/1381
f 1753/1753/1753 1845/1845/1845 1750/1750/1750
f 1753/1753/1753 1752/1752/1752 1845/1845/1845
f 1258/1258/1258 1846/1846/1846 1844/1844/1844
f 1258/1258/1258 1257/1257/1257 1846/1846/1846
f 1256/1256/1256 1258/1258/1258 1842/1842/1842
f 1381/1381/1381 1737/1737/1737 1842/1842/1842
f 1842/1842/1842 1737/1737/1737 1256/1256/1256
f 1841/1841/1841 1415/1415/1415 1414/1414/1414
f 1413/1413/1413 1409/1409/1409 1847/1847/1847
f 1847/1847/1847 1409/1409/1409 1412/1412/1412
f 1187/1187/1187 1186/1186/1186 823/823/823
f 1412/1412/1412 1416/1416/1416 1847/1847/1847
f 1847/1847/1847 1416/1416/1416 1413/1413/1413
f 1848/1848/1848 1419/1419/1419 1661/1661/1661
f 1399/1399/1399 1848/1848/1848 1661/1661/1661
f 1399/1399/1399 1420/1420/1420 1848/1848/1848
f 1848/1848/1848 1420/1420/1420 1419/1419/1419
f 1422/1422/1422 1421/1421/1421 1849/1849/1849
f 1849/1849/1849 1421/1421/1421 1425/1425/1425
f 1425/1425/1425 1427/1427/1427 1849/1849/1849
f 1849/1849/1849 1427/1427/1427 1422/1422/1422
f 1430/1430/1430 1850/1850/1850 1436/1436/1436
f 959/959/959 1187/1187/1187 823/823/823
f 1430/1430/1430 1433/1433/1433 1850/1850/1850
f 1432/1432/1432 1850/1850/1850 1433/1433/1433
f 1432/1432/1432 1436/1436/1436 1850/1850/1850
f 1851/1851/1851 1815/1815/1815 1852/1852/1852
f 1737/1737/1737 1851/1851/1851 1852/1852/1852
f 1381/1381/1381 1851/1851/1851 1737/1737/1737
f 1381/1381/1381 1815/1815/1815 1851/1851/1851
f 1738/1738/1738 1852/1852/1852 1815/1815/1815
f 1738/1738/1738 1736/1736/1736 1852/1852/1852
f 1737/1737/1737 1852/1852/1852 1736/1736/1736
f 1853/1853/1853 1854/1854/1854 1392/1392/1392
f 1853/1853/1853 1263/1263/1263 1854/1854/1854
f 1263/1263/1263 1855/1855/1855 1854/1854/1854
f 1854/1854/1854 1855/1855/1855 1392/1392/1392
f 1748/1748/1748 1856/1856/1856 1745/1745/1745
f 1748/1748/1748 1747/1747/1747 1856/1856/1856
f 1263/1263/1263 1857/1857/1857 1855/1855/1855
f 1263/1263/1263 1262/1262/1262 1857/1857/1857
f 1261/1261/1261 1263/1263/1263 1853/1853/1853
f 1392/1392/1392 1499/1499/1499 1853/1853/1853
f 1853/1853/1853 1499/1499/1499 1261/1261/1261
f 1858/1858/1858 1812/1812/1812 1460/1460/1460
f 1499/1499/1499 1858/1858/1858 1460/1460/1460
f 1392/1392/1392 1858/1858/1858 1499/1499/1499
f 1392/1392/1392 1812/1812/1812 1858/1858/1858
f 1458/1458/1458 1460/1460/1460 1812/1812/1812
f 954/954/954 1438/1438/1438 810/810/810
f 1859/1859/1859 836/836/836 835/835/835
f 948/948/948 836/836/836 1859/1859/1859
f 949/949/949 948/948/948 1859/1859/1859
f 949/949/949 1859/1859/1859 835/835/835
f 1860/1860/1860 842/842/842 841/841/841
f 938/938/938 842/842/842 1860/1860/1860
f 939/939/939 938/938/938 1860/1860/1860
f 939/939/939 1860/1860/1860 841/841/841
f 1861/1861/1861 848/848/848 847/847/847
f 1069/1069/1069 1067/1067/1067 1065/1065/1065
f 1137/1137/1137 1067/1067/1067 1069/1069/1069
f 1130/1130/1130 1057/1057/1057 1055/1055/1055
f 1129/1129/1129 1057/1057/1057 1130/1130/1130
f 1125/1125/1125 1051/1051/1051 1049/1049/1049
f 1124/1124/1124 1051/1051/1051 1125/1125/1125
f 1573/1573/1573 1117/1117/1117 1116/1116/1116
f 1573/1573/1573 1116/1116/1116 1197/1197/1197
f 927/927/927 848/848/848 1861/1861/1861
f 1556/1556/1556 1862/1862/1862 828/828/828
f 1443/1443/1443 828/828/828 1862/1862/1862
f 1443/1443/1443 1862/1862/1862 1439/1439/1439
f 1558/1558/1558 1439/1439/1439 1863/1863/1863
f 1558/1558/1558 1863/1863/1863 1556/1556/1556
f 1556/1556/1556 1863/1863/1863 1862/1862/1862
f 1863/1863/1863 1439/1439/1439 1862/1862/1862
f 928/928/928 927/927/927 1861/1861/1861
f 928/928/928 1861/1861/1861 847/847/847
f 863/863/863 858/858/858 1040/1040/1040
f 863/863/863 1040/1040/1040 1501/1501/1501
f 1545/1545/1545 1501/1501/1501 1864/1864/1864
f 1545/1545/1545 1864/1864/1864 1039/1039/1039
f 1039/1039/1039 1864/1864/1864 1040/1040/1040
f 1864/1864/1864 1501/1501/1501 1040/1040/1040
f 1533/1533/1533 1108/1108/1108 1037/1037/1037
f 1533/1533/1533 1037/1037/1037 1036/1036/1036
f 1276/1276/1276 1272/1272/1272 1379/1379/1379
f 1536/1536/1536 1865/1865/1865 865/865/865
f 868/868/868 865/865/865 1865/1865/1865
f 868/868/868 1865/1865/1865 1506/1506/1506
f 1538/1538/1538 1506/1506/1506 1866/1866/1866
f 1538/1538/1538 1866/1866/1866 1536/1536/1536
f 1536/1536/1536 1866/1866/1866 1865/1865/1865
f 1866/1866/1866 1506/1506/1506 1865/1865/1865
f 1867/1867/1867 1033/1033/1033 1093/1093/1093
f 1867/1867/1867 1367/1367/1367 1512/1512/1512
f 1093/1093/1093 1367/1367/1367 1867/1867/1867
f 1015/1015/1015 1186/1186/1186 1508/1508/1508
f 821/821/821 1186/1186/1186 1015/1015/1015
f 1619/1619/1619 1868/1868/1868 1091/1091/1091
f 1496/1496/1496 1091/1091/1091 1868/1868/1868
f 1496/1496/1496 1868/1868/1868 1497/1497/1497
f 1490/1490/1490 861/861/861 983/983/983
f 1490/1490/1490 983/983/983 1491/1491/1491
f 1607/1607/1607 1869/1869/1869 1224/1224/1224
f 1485/1485/1485 1224/1224/1224 1869/1869/1869
f 1485/1485/1485 1869/1869/1869 1486/1486/1486
f 1562/1562/1562 1629/1629/1629 1007/1007/1007
f 1447/1447/1447 1007/1007/1007 1629/1629/1629
f 1447/1447/1447 1629/1629/1629 1448/1448/1448
f 1548/1548/1548 1627/1627/1627 831/831/831
f 855/855/855 831/831/831 1627/1627/1627
f 855/855/855 1627/1627/1627 1480/1480/1480
f 1870/1870/1870 1035/1035/1035 1033/1033/1033
f 1512/1512/1512 1035/1035/1035 1870/1870/1870
f 1512/1512/1512 1870/1870/1870 1867/1867/1867
f 1870/1870/1870 1033/1033/1033 1867/1867/1867
f 1026/1026/1026 1025/1025/1025 1023/1023/1023
f 1141/1141/1141 1025/1025/1025 1026/1026/1026
f 1871/1871/1871 1014/1014/1014 1012/1012/1012
f 1508/1508/1508 1014/1014/1014 1871/1871/1871
f 1508/1508/1508 1871/1871/1871 1015/1015/1015
f 1871/1871/1871 1012/1012/1012 1015/1015/1015
f 1004/1004/1004 1003/1003/1003 1001/1001/1001
f 1133/1133/1133 1003/1003/1003 1004/1004/1004
f 993/993/993 992/992/992 990/990/990
f 1121/1121/1121 992/992/992 993/993/993
f 1621/1621/1621 1497/1497/1497 1872/1872/1872
f 1621/1621/1621 1872/1872/1872 1619/1619/1619
f 1619/1619/1619 1872/1872/1872 1868/1868/1868
f 1872/1872/1872 1497/1497/1497 1868/1868/1868
f 1615/1615/1615 1491/1491/1491 1873/1873/1873
f 1615/1615/1615 1873/1873/1873 982/982/982
f 982/982/982 1873/1873/1873 983/983/983
f 1873/1873/1873 1491/1491/1491 983/983/983
f 1609/1609/1609 1486/1486/1486 1874/1874/1874
f 1609/1609/1609 1874/1874/1874 1607/1607/1607
f 1607/1607/1607 1874/1874/1874 1869/1869/1869
f 1874/1874/1874 1486/1486/1486 1869/1869/1869
f 1601/1601/1601 1637/1637/1637 950/950/950
f 757/757/757 796/796/796 795/795/795
g Gateway014
s 1
f 1875/1875/1875 1876/1876/1876 1877/1877/1877
f 1878/1878/1878 1879/1879/1879 1880/1880/1880
f 1881/1881/1881 1879/1879/1879 1878/1878/1878
f 1882/1882/1882 1883/1883/1883 1884/1884/1884
f 1881/1881/1881 1878/1878/1878 1885/1885/1885
f 1886/1886/1886 1882/1882/1882 1884/1884/1884
f 1887/1887/1887 1888/1888/1888 1889/1889/1889
f 1888/1888/1888 1890/1890/1890 1889/1889/1889
f 1888/1888/1888 1891/1891/1891 1890/1890/1890
f 1886/1886/1886 1884/1884/1884 1892/1892/1892
f 1887/1887/1887 1891/1891/1891 1888/1888/1888
f 1893/1893/1893 1894/1894/1894 1895/1895/1895
f 1894/1894/1894 1886/1886/1886 1895/1895/1895
f 1896/1896/1896 1886/1886/1886 1894/1894/1894
f 1896/1896/1896 1894/1894/1894 1893/1893/1893
f 1897/1897/1897 1898/1898/1898 1899/1899/1899
f 1897/1897/1897 1900/1900/1900 1898/1898/1898
f 1901/1901/1901 1902/1902/1902 1903/1903/1903
f 1902/1902/1902 1904/1904/1904 1903/1903/1903
f 1902/1902/1902 1905/1905/1905 1904/1904/1904
f 1901/1901/1901 1905/1905/1905 1902/1902/1902
f 1906/1906/1906 1907/1907/1907 1908/1908/1908
f 1907/1907/1907 1909/1909/1909 1908/1908/1908
f 1910/1910/1910 1882/1882/1882 1886/1886/1886
f 1911/1911/1911 1909/1909/1909 1907/1907/1907
f 1911/1911/1911 1907/1907/1907 1906/1906/1906
f 1912/1912/1912 1913/1913/1913 1914/1914/1914
f 1913/1913/1913 1915/1915/1915 1914/1914/1914
f 1916/1916/1916 1917/1917/1917 1918/1918/1918
f 1917/1917/1917 1919/1919/1919 1918/1918/1918
f 1920/1920/1920 1921/1921/1921 1922/1922/1922
f 1923/1923/1923 1924/1924/1924 1920/1920/1920
f 1925/1925/1925 1926/1926/1926 1922/1922/1922
f 1926/1926/1926 1923/1923/1923 1922/1922/1922
f 1920/1920/1920 1924/1924/1924 1927/1927/1927
f 1928/1928/1928 1923/1923/1923 1926/1926/1926
f 1910/1910/1910 1883/1883/1883 1882/1882/1882
f 1900/1900/1900 1929/1929/1929 1898/1898/1898
f 1928/1928/1928 1926/1926/1926 1925/1925/1925
f 1930/1930/1930 1931/1931/1931 1927/1927/1927
f 1932/1932/1932 1933/1933/1933 1934/1934/1934
f 1919/1919/1919 1935/1935/1935 1936/1936/1936
f 1931/1931/1931 1937/1937/1937 1927/1927/1927
f 1938/1938/1938 1939/1939/1939 1914/1914/1914
f 1939/1939/1939 1940/1940/1940 1914/1914/1914
f 1898/1898/1898 1929/1929/1929 1899/1899/1899
f 1941/1941/1941 1942/1942/1942 1943/1943/1943
f 1944/1944/1944 1940/1940/1940 1939/1939/1939
f 1944/1944/1944 1939/1939/1939 1938/1938/1938
f 1879/1879/1879 1941/1941/1941 1943/1943/1943
f 1929/1929/1929 1941/1941/1941 1879/1879/1879
f 1945/1945/1945 1946/1946/1946 1947/1947/1947
f 1946/1946/1946 1948/1948/1948 1947/1947/1947
f 1949/1949/1949 1950/1950/1950 1951/1951/1951
f 1952/1952/1952 1953/1953/1953 1954/1954/1954
f 1946/1946/1946 1955/1955/1955 1948/1948/1948
f 1945/1945/1945 1955/1955/1955 1946/1946/1946
f 1951/1951/1951 1950/1950/1950 1883/1883/1883
f 1929/1929/1929 1942/1942/1942 1941/1941/1941
f 1956/1956/1956 1957/1957/1957 1954/1954/1954
f 1957/1957/1957 1958/1958/1958 1954/1954/1954
f 1934/1934/1934 1959/1959/1959 1932/1932/1932
f 1922/1922/1922 1923/1923/1923 1920/1920/1920
f 1960/1960/1960 1958/1958/1958 1957/1957/1957
f 1960/1960/1960 1957/1957/1957 1956/1956/1956
f 1889/1889/1889 1890/1890/1890 1961/1961/1961
f 1962/1962/1962 1885/1885/1885 1963/1963/1963
f 1963/1963/1963 1964/1964/1964 1962/1962/1962
f 1964/1964/1964 1965/1965/1965 1962/1962/1962
f 1964/1964/1964 1966/1966/1966 1965/1965/1965
f 1963/1963/1963 1966/1966/1966 1964/1964/1964
f 1965/1965/1965 1953/1953/1953 1952/1952/1952
f 1924/1924/1924 1906/1906/1906 1927/1927/1927
f 1895/1895/1895 1945/1945/1945 1893/1893/1893
f 1947/1947/1947 1948/1948/1948 1912/1912/1912
f 1904/1904/1904 1967/1967/1967 1892/1892/1892
f 1895/1895/1895 1886/1886/1886 1892/1892/1892
f 1892/1892/1892 1967/1967/1967 1895/1895/1895
f 1968/1968/1968 1928/1928/1928 1969/1969/1969
f 1903/1903/1903 1883/1883/1883 1901/1901/1901
f 1927/1927/1927 1906/1906/1906 1930/1930/1930
f 1903/1903/1903 1904/1904/1904 1892/1892/1892
f 1954/1954/1954 1970/1970/1970 1956/1956/1956
f 1967/1967/1967 1945/1945/1945 1895/1895/1895
f 1908/1908/1908 1930/1930/1930 1906/1906/1906
f 1927/1927/1927 1937/1937/1937 1920/1920/1920
f 1884/1884/1884 1883/1883/1883 1903/1903/1903
f 1908/1908/1908 1909/1909/1909 1936/1936/1936
f 1962/1962/1962 1965/1965/1965 1952/1952/1952
f 1971/1971/1971 1916/1916/1916 1972/1972/1972
f 1914/1914/1914 1915/1915/1915 1938/1938/1938
f 1954/1954/1954 1958/1958/1958 1952/1952/1952
f 1918/1918/1918 1973/1973/1973 1916/1916/1916
f 1914/1914/1914 1940/1940/1940 1912/1912/1912
f 1890/1890/1890 1974/1974/1974 1961/1961/1961
f 1918/1918/1918 1919/1919/1919 1936/1936/1936
f 1975/1975/1975 1971/1971/1971 1972/1972/1972
f 1969/1969/1969 1928/1928/1928 1976/1976/1976
f 1880/1880/1880 1963/1963/1963 1885/1885/1885
f 1922/1922/1922 1977/1977/1977 1925/1925/1925
f 1880/1880/1880 1879/1879/1879 1961/1961/1961
f 1947/1947/1947 1893/1893/1893 1945/1945/1945
f 1889/1889/1889 1942/1942/1942 1887/1887/1887
f 1978/1978/1978 1960/1960/1960 1979/1979/1979
f 1974/1974/1974 1963/1963/1963 1880/1880/1880
f 1935/1935/1935 1930/1930/1930 1908/1908/1908
f 1979/1979/1979 1960/1960/1960 1980/1980/1980
f 1979/1979/1979 1980/1980/1980 1981/1981/1981
f 1936/1936/1936 1935/1935/1935 1908/1908/1908
f 1970/1970/1970 1982/1982/1982 1983/1983/1983
f 1983/1983/1983 1982/1982/1982 1984/1984/1984
f 1978/1978/1978 1979/1979/1979 1981/1981/1981
f 1961/1961/1961 1974/1974/1974 1880/1880/1880
f 1985/1985/1985 1885/1885/1885 1962/1962/1962
f 1952/1952/1952 1985/1985/1985 1962/1962/1962
f 1958/1958/1958 1985/1985/1985 1952/1952/1952
f 1943/1943/1943 1942/1942/1942 1889/1889/1889
f 1961/1961/1961 1943/1943/1943 1889/1889/1889
f 1879/1879/1879 1943/1943/1943 1961/1961/1961
f 1986/1986/1986 1981/1981/1981 1987/1987/1987
f 1984/1984/1984 1988/1988/1988 1983/1983/1983
f 1983/1983/1983 1988/1988/1988 1970/1970/1970
f 1987/1987/1987 1981/1981/1981 1989/1989/1989
f 1990/1990/1990 1885/1885/1885 1985/1985/1985
f 1991/1991/1991 1992/1992/1992 1993/1993/1993
f 1993/1993/1993 1992/1992/1992 1942/1942/1942
f 1958/1958/1958 1990/1990/1990 1985/1985/1985
f 1994/1994/1994 1990/1990/1990 1958/1958/1958
f 1942/1942/1942 1995/1995/1995 1993/1993/1993
f 1993/1993/1993 1995/1995/1995 1991/1991/1991
f 1994/1994/1994 1885/1885/1885 1990/1990/1990
f 1996/1996/1996 1938/1938/1938 1915/1915/1915
f 1948/1948/1948 1913/1913/1913 1912/1912/1912
f 1997/1997/1997 1998/1998/1998 1999/1999/1999
f 2000/2000/2000 1959/1959/1959 1934/1934/1934
f 1992/1992/1992 1887/1887/1887 1942/1942/1942
f 1877/1877/1877 1996/1996/1996 1875/1875/1875
f 1937/1937/1937 2001/2001/2001 1921/1921/1921
f 2002/2002/2002 2003/2003/2003 1949/1949/1949
f 2001/2001/2001 1977/1977/1977 1921/1921/1921
f 1919/1919/1919 2004/2004/2004 1935/1935/1935
f 2004/2004/2004 1930/1930/1930 1935/1935/1935
f 1875/1875/1875 1996/1996/1996 1915/1915/1915
f 1999/1999/1999 1998/1998/1998 1986/1986/1986
f 2005/2005/2005 1994/1994/1994 2006/2006/2006
f 1915/1915/1915 1876/1876/1876 1875/1875/1875
f 1951/1951/1951 2002/2002/2002 1949/1949/1949
f 2007/2007/2007 1881/1881/1881 2005/2005/2005
f 2006/2006/2006 1994/1994/1994 1978/1978/1978
f 1885/1885/1885 1878/1878/1878 1880/1880/1880
f 2008/2008/2008 1910/1910/1910 2009/2009/2009
f 1934/1934/1934 2010/2010/2010 1977/1977/1977
f 1968/1968/1968 1969/1969/1969 2011/2011/2011
f 2012/2012/2012 1915/1915/1915 1913/1913/1913
f 1948/1948/1948 2012/2012/2012 1913/1913/1913
f 1948/1948/1948 2011/2011/2011 2012/2012/2012
f 2012/2012/2012 2011/2011/2011 1915/1915/1915
f 2013/2013/2013 1906/1906/1906 1924/1924/1924
f 1923/1923/1923 2013/2013/2013 1924/1924/1924
f 2014/2014/2014 2013/2013/2013 1923/1923/1923
f 2014/2014/2014 1906/1906/1906 2013/2013/2013
f 2015/2015/2015 2014/2014/2014 2016/2016/2016
f 2016/2016/2016 2014/2014/2014 1968/1968/1968
f 1955/1955/1955 2016/2016/2016 1968/1968/1968
f 1955/1955/1955 2015/2015/2015 2016/2016/2016
f 2017/2017/2017 1945/1945/1945 1967/1967/1967
f 1904/1904/1904 2017/2017/2017 1967/1967/1967
f 1904/1904/1904 2018/2018/2018 2017/2017/2017
f 2017/2017/2017 2018/2018/2018 1945/1945/1945
f 2019/2019/2019 2015/2015/2015 2018/2018/2018
f 2020/2020/2020 2019/2019/2019 2018/2018/2018
f 1944/1944/1944 1938/1938/1938 2021/2021/2021
f 1944/1944/1944 2021/2021/2021 2022/2022/2022
f 2020/2020/2020 1911/1911/1911 2019/2019/2019
f 2019/2019/2019 1911/1911/1911 2015/2015/2015
f 1988/1988/1988 1956/1956/1956 1970/1970/1970
f 1995/1995/1995 2023/2023/2023 1991/1991/1991
f 1969/1969/1969 1976/1976/1976 2011/2011/2011
f 1905/1905/1905 2024/2024/2024 2020/2020/2020
f 1905/1905/1905 2025/2025/2025 2024/2024/2024
f 1909/1909/1909 2026/2026/2026 1936/1936/1936
f 1950/1950/1950 1901/1901/1901 1883/1883/1883
f 1934/1934/1934 1933/1933/1933 2010/2010/2010
f 2027/2027/2027 2028/2028/2028 1975/1975/1975
f 2025/2025/2025 2029/2029/2029 2024/2024/2024
f 1892/1892/1892 1884/1884/1884 1903/1903/1903
f 1998/1998/1998 2005/2005/2005 2006/2006/2006
f 2024/2024/2024 2029/2029/2029 2020/2020/2020
f 2030/2030/2030 1893/1893/1893 1947/1947/1947
f 2031/2031/2031 1973/1973/1973 2026/2026/2026
f 2032/2032/2032 2033/2033/2033 2034/2034/2034
f 1909/1909/1909 2031/2031/2031 2026/2026/2026
f 1977/1977/1977 2000/2000/2000 1934/1934/1934
f 1933/1933/1933 1925/1925/1925 2010/2010/2010
f 1912/1912/1912 2030/2030/2030 1947/1947/1947
f 2029/2029/2029 2031/2031/2031 1909/1909/1909
f 2010/2010/2010 1925/1925/1925 1977/1977/1977
f 1940/1940/1940 2030/2030/2030 1912/1912/1912
f 1973/1973/1973 2027/2027/2027 1972/1972/1972
f 1972/1972/1972 2027/2027/2027 1975/1975/1975
f 1972/1972/1972 1916/1916/1916 1973/1973/1973
f 2029/2029/2029 1973/1973/1973 2031/2031/2031
f 2035/2035/2035 1944/1944/1944 2036/2036/2036
f 1883/1883/1883 2002/2002/2002 1951/1951/1951
f 2036/2036/2036 1944/1944/1944 2022/2022/2022
f 2034/2034/2034 2033/2033/2033 1997/1997/1997
f 2036/2036/2036 2022/2022/2022 2037/2037/2037
f 2038/2038/2038 1897/1897/1897 2039/2039/2039
f 2035/2035/2035 2036/2036/2036 2037/2037/2037
f 2039/2039/2039 1897/1897/1897 2032/2032/2032
f 2040/2040/2040 1970/1970/1970 1953/1953/1953
f 1965/1965/1965 2040/2040/2040 1953/1953/1953
f 2026/2026/2026 1973/1973/1973 1918/1918/1918
f 1965/1965/1965 2037/2037/2037 2040/2040/2040
f 2040/2040/2040 2037/2037/2037 1970/1970/1970
f 2041/2041/2041 1893/1893/1893 2030/2030/2030
f 1940/1940/1940 2041/2041/2041 2030/2030/2030
f 1936/1936/1936 2026/2026/2026 1918/1918/1918
f 2042/2042/2042 2041/2041/2041 1940/1940/1940
f 2043/2043/2043 1910/1910/1910 1886/1886/1886
f 2008/2008/2008 1883/1883/1883 1910/1910/1910
f 2043/2043/2043 1886/1886/1886 1896/1896/1896
f 1896/1896/1896 1893/1893/1893 2044/2044/2044
f 1928/1928/1928 1925/1925/1925 2045/2045/2045
f 1928/1928/1928 2045/2045/2045 1976/1976/1976
f 1887/1887/1887 2008/2008/2008 1891/1891/1891
f 1891/1891/1891 2043/2043/2043 1890/1890/1890
f 1890/1890/1890 2043/2043/2043 2046/2046/2046
f 2046/2046/2046 2044/2044/2044 1963/1963/1963
f 1963/1963/1963 2044/2044/2044 1966/1966/1966
f 1966/1966/1966 2035/2035/2035 1965/1965/1965
f 2044/2044/2044 1893/1893/1893 2042/2042/2042
f 2035/2035/2035 2042/2042/2042 1940/1940/1940
f 1965/1965/1965 2035/2035/2035 2037/2037/2037
f 1932/1932/1932 1959/1959/1959 2047/2047/2047
f 1932/1932/1932 2047/2047/2047 2048/2048/2048
f 2037/2037/2037 2022/2022/2022 1970/1970/1970
f 1876/1876/1876 2049/2049/2049 2050/2050/2050
f 1876/1876/1876 2050/2050/2050 1877/1877/1877
f 1982/1982/1982 2051/2051/2051 2052/2052/2052
f 1982/1982/1982 2052/2052/2052 1984/1984/1984
f 2035/2035/2035 1940/1940/1940 1944/1944/1944
f 2020/2020/2020 2029/2029/2029 1909/1909/1909
f 2025/2025/2025 1973/1973/1973 2029/2029/2029
f 2020/2020/2020 1909/1909/1909 1911/1911/1911
f 1911/1911/1911 1906/1906/1906 2015/2015/2015
f 1901/1901/1901 2025/2025/2025 1905/1905/1905
f 1905/1905/1905 2020/2020/2020 1904/1904/1904
f 1904/1904/1904 2020/2020/2020 2018/2018/2018
f 2018/2018/2018 2015/2015/2015 1945/1945/1945
f 1945/1945/1945 2015/2015/2015 1955/1955/1955
f 1955/1955/1955 1968/1968/1968 1948/1948/1948
f 2015/2015/2015 1906/1906/1906 2014/2014/2014
f 1968/1968/1968 2014/2014/2014 1923/1923/1923
f 1948/1948/1948 1968/1968/1968 2011/2011/2011
f 2011/2011/2011 1976/1976/1976 1915/1915/1915
f 1968/1968/1968 1923/1923/1923 1928/1928/1928
f 2042/2042/2042 1893/1893/1893 2041/2041/2041
f 1937/1937/1937 1921/1921/1921 1920/1920/1920
f 2044/2044/2044 2042/2042/2042 2053/2053/2053
f 2053/2053/2053 2042/2042/2042 2035/2035/2035
f 1966/1966/1966 2053/2053/2053 2035/2035/2035
f 1966/1966/1966 2044/2044/2044 2053/2053/2053
f 2054/2054/2054 1963/1963/1963 1974/1974/1974
f 1890/1890/1890 2054/2054/2054 1974/1974/1974
f 1890/1890/1890 2046/2046/2046 2054/2054/2054
f 1899/1899/1899 1929/1929/1929 1879/1879/1879
f 2054/2054/2054 2046/2046/2046 1963/1963/1963
f 1900/1900/1900 1942/1942/1942 1929/1929/1929
f 2055/2055/2055 2044/2044/2044 2046/2046/2046
f 2043/2043/2043 2055/2055/2055 2046/2046/2046
f 1899/1899/1899 1879/1879/1879 1881/1881/1881
f 1921/1921/1921 1977/1977/1977 1922/1922/1922
f 1881/1881/1881 1885/1885/1885 2005/2005/2005
f 2043/2043/2043 1896/1896/1896 2055/2055/2055
f 2038/2038/2038 1900/1900/1900 1897/1897/1897
f 1953/1953/1953 1970/1970/1970 1954/1954/1954
f 1897/1897/1897 1899/1899/1899 2032/2032/2032
f 2032/2032/2032 1899/1899/1899 2033/2033/2033
f 2033/2033/2033 2005/2005/2005 1997/1997/1997
f 2055/2055/2055 1896/1896/1896 2044/2044/2044
f 1997/1997/1997 2005/2005/2005 1998/1998/1998
f 1998/1998/1998 1978/1978/1978 1986/1986/1986
f 2005/2005/2005 1885/1885/1885 1994/1994/1994
f 1978/1978/1978 1994/1994/1994 1958/1958/1958
f 1986/1986/1986 1978/1978/1978 1981/1981/1981
f 1981/1981/1981 1980/1980/1980 1989/1989/1989
f 1960/1960/1960 1956/1956/1956 1980/1980/1980
f 1978/1978/1978 1958/1958/1958 1960/1960/1960
f 2007/2007/2007 2005/2005/2005 2033/2033/2033
f 2048/2048/2048 1933/1933/1933 1932/1932/1932
f 1891/1891/1891 2009/2009/2009 2043/2043/2043
f 1891/1891/1891 2008/2008/2008 2009/2009/2009
f 1899/1899/1899 2007/2007/2007 2033/2033/2033
f 1899/1899/1899 1881/1881/1881 2007/2007/2007
f 1998/1998/1998 2006/2006/2006 1978/1978/1978
f 2009/2009/2009 1910/1910/1910 2043/2043/2043
g Gateway015
s 1
f 2056/2056/2056 2057/2057/2057 2058/2058/2058
f 2059/2059/2059 2060/2060/2060 2061/2061/2061
f 2062/2062/2062 2063/2063/2063 2064/2064/2064
f 2065/2065/2065 2066/2066/2066 2067/2067/2067
f 2068/2068/2068 2065/2065/2065 2067/2067/2067
f 2068/2068/2068 2069/2069/2069 2065/2065/2065
f 2070/2070/2070 2071/2071/2071 2072/2072/2072
f 2067/2067/2067 2073/2073/2073 2074/2074/2074
f 2075/2075/2075 2076/2076/2076 2073/2073/2073
f 2077/2077/2077 2078/2078/2078 2079/2079/2079
f 2080/2080/2080 2081/2081/2081 2082/2082/2082
f 2083/2083/2083 2080/2080/2080 2082/2082/2082
f 2080/2080/2080 2083/2083/2083 2084/2084/2084
f 2081/2081/2081 2080/2080/2080 2084/2084/2084
f 2085/2085/2085 2086/2086/2086 2087/2087/2087
f 2088/2088/2088 2085/2085/2085 2087/2087/2087
f 2085/2085/2085 2088/2088/2088 2089/2089/2089
f 2086/2086/2086 2085/2085/2085 2089/2089/2089
f 2090/2090/2090 2091/2091/2091 2092/2092/2092
f 2093/2093/2093 2090/2090/2090 2092/2092/2092
f 2090/2090/2090 2093/2093/2093 2094/2094/2094
f 2091/2091/2091 2090/2090/2090 2094/2094/2094
f 2095/2095/2095 2071/2071/2071 2096/2096/2096
f 2097/2097/2097 2095/2095/2095 2096/2096/2096
f 2095/2095/2095 2097/2097/2097 2098/2098/2098
f 2071/2071/2071 2095/2095/2095 2098/2098/2098
f 2099/2099/2099 2100/2100/2100 2101/2101/2101
f 2102/2102/2102 2099/2099/2099 2101/2101/2101
f 2099/2099/2099 2102/2102/2102 2103/2103/2103
f 2100/2100/2100 2099/2099/2099 2103/2103/2103
f 2104/2104/2104 2105/2105/2105 2106/2106/2106
f 2107/2107/2107 2108/2108/2108 2109/2109/2109
f 2110/2110/2110 2107/2107/2107 2109/2109/2109
f 2111/2111/2111 2112/2112/2112 2113/2113/2113
f 2114/2114/2114 2115/2115/2115 2116/2116/2116
f 2117/2117/2117 2114/2114/2114 2116/2116/2116
f 2118/2118/2118 2119/2119/2119 2120/2120/2120
f 2121/2121/2121 2118/2118/2118 2120/2120/2120
f 2118/2118/2118 2121/2121/2121 2122/2122/2122
f 2119/2119/2119 2118/2118/2118 2122/2122/2122
f 2123/2123/2123 2124/2124/2124 2125/2125/2125
f 2126/2126/2126 2123/2123/2123 2125/2125/2125
f 2123/2123/2123 2126/2126/2126 2127/2127/2127
f 2124/2124/2124 2123/2123/2123 2127/2127/2127
f 2128/2128/2128 2129/2129/2129 2130/2130/2130
f 2131/2131/2131 2128/2128/2128 2130/2130/2130
f 2128/2128/2128 2131/2131/2131 2132/2132/2132
f 2129/2129/2129 2128/2128/2128 2132/2132/2132
f 2133/2133/2133 2134/2134/2134 2135/2135/2135
f 2136/2136/2136 2133/2133/2133 2135/2135/2135
f 2133/2133/2133 2136/2136/2136 2137/2137/2137
f 2134/2134/2134 2133/2133/2133 2137/2137/2137
f 2138/2138/2138 2139/2139/2139 2140/2140/2140
f 2141/2141/2141 2138/2138/2138 2140/2140/2140
f 2138/2138/2138 2141/2141/2141 2142/2142/2142
f 2139/2139/2139 2138/2138/2138 2142/2142/2142
f 2143/2143/2143 2074/2074/2074 2144/2144/2144
f 2145/2145/2145 2146/2146/2146 2147/2147/2147
f 2148/2148/2148 2145/2145/2145 2147/2147/2147
f 2149/2149/2149 2108/2108/2108 2150/2150/2150
f 2149/2149/2149 2150/2150/2150 2151/2151/2151
f 2152/2152/2152 2153/2153/2153 2154/2154/2154
f 2152/2152/2152 2154/2154/2154 2155/2155/2155
f 2156/2156/2156 2146/2146/2146 2157/2157/2157
f 2156/2156/2156 2157/2157/2157 2063/2063/2063
f 2158/2158/2158 2070/2070/2070 2159/2159/2159
f 2158/2158/2158 2159/2159/2159 2160/2160/2160
f 2161/2161/2161 2162/2162/2162 2163/2163/2163
f 2161/2161/2161 2163/2163/2163 2164/2164/2164
f 2165/2165/2165 2115/2115/2115 2166/2166/2166
f 2165/2165/2165 2166/2166/2166 2167/2167/2167
f 2168/2168/2168 2169/2169/2169 2103/2103/2103
f 2103/2103/2103 2102/2102/2102 2168/2168/2168
f 2170/2170/2170 2171/2171/2171 2098/2098/2098
f 2098/2098/2098 2097/2097/2097 2170/2170/2170
f 2172/2172/2172 2173/2173/2173 2094/2094/2094
f 2091/2091/2091 2094/2094/2094 2173/2173/2173
f 2174/2174/2174 2175/2175/2175 2089/2089/2089
f 2086/2086/2086 2089/2089/2089 2175/2175/2175
f 2176/2176/2176 2177/2177/2177 2084/2084/2084
f 2081/2081/2081 2084/2084/2084 2177/2177/2177
f 2115/2115/2115 2178/2178/2178 2179/2179/2179
f 2093/2093/2093 2164/2164/2164 2180/2180/2180
f 2181/2181/2181 2182/2182/2182 2142/2142/2142
f 2139/2139/2139 2142/2142/2142 2182/2182/2182
f 2183/2183/2183 2184/2184/2184 2137/2137/2137
f 2137/2137/2137 2136/2136/2136 2183/2183/2183
f 2185/2185/2185 2186/2186/2186 2132/2132/2132
f 2129/2129/2129 2132/2132/2132 2186/2186/2186
f 2187/2187/2187 2188/2188/2188 2127/2127/2127
f 2127/2127/2127 2126/2126/2126 2187/2187/2187
f 2189/2189/2189 2190/2190/2190 2122/2122/2122
f 2119/2119/2119 2122/2122/2122 2190/2190/2190
f 2059/2059/2059 2061/2061/2061 2191/2191/2191
f 2192/2192/2192 2059/2059/2059 2191/2191/2191
f 2193/2193/2193 2194/2194/2194 2195/2195/2195
f 2193/2193/2193 2196/2196/2196 2197/2197/2197
f 2194/2194/2194 2193/2193/2193 2197/2197/2197
f 2194/2194/2194 2198/2198/2198 2199/2199/2199
f 2194/2194/2194 2197/2197/2197 2198/2198/2198
f 2200/2200/2200 2198/2198/2198 2197/2197/2197
f 2200/2200/2200 2199/2199/2199 2198/2198/2198
f 2201/2201/2201 2202/2202/2202 2203/2203/2203
f 2201/2201/2201 2204/2204/2204 2202/2202/2202
f 2205/2205/2205 2202/2202/2202 2204/2204/2204
f 2205/2205/2205 2203/2203/2203 2202/2202/2202
f 2200/2200/2200 2206/2206/2206 2207/2207/2207
f 2207/2207/2207 2206/2206/2206 2208/2208/2208
f 2200/2200/2200 2207/2207/2207 2199/2199/2199
f 2205/2205/2205 2209/2209/2209 2210/2210/2210
f 2210/2210/2210 2209/2209/2209 2211/2211/2211
f 2205/2205/2205 2210/2210/2210 2203/2203/2203
f 2191/2191/2191 2061/2061/2061 2212/2212/2212
f 2212/2212/2212 2061/2061/2061 2213/2213/2213
f 2213/2213/2213 2214/2214/2214 2212/2212/2212
f 2212/2212/2212 2214/2214/2214 2191/2191/2191
f 2215/2215/2215 2216/2216/2216 2217/2217/2217
f 2215/2215/2215 2214/2214/2214 2216/2216/2216
f 2216/2216/2216 2214/2214/2214 2213/2213/2213
f 2218/2218/2218 2219/2219/2219 2220/2220/2220
f 2221/2221/2221 2218/2218/2218 2220/2220/2220
f 2222/2222/2222 2223/2223/2223 2224/2224/2224
f 2225/2225/2225 2226/2226/2226 2227/2227/2227
f 2081/2081/2081 2225/2225/2225 2228/2228/2228
f 2229/2229/2229 2227/2227/2227 2230/2230/2230
f 2229/2229/2229 2102/2102/2102 2228/2228/2228
f 2082/2082/2082 2081/2081/2081 2228/2228/2228
f 2082/2082/2082 2231/2231/2231 2083/2083/2083
f 2101/2101/2101 2100/2100/2100 2231/2231/2231
f 2102/2102/2102 2101/2101/2101 2228/2228/2228
f 2232/2232/2232 2233/2233/2233 2234/2234/2234
f 2139/2139/2139 2232/2232/2232 2235/2235/2235
f 2236/2236/2236 2234/2234/2234 2237/2237/2237
f 2236/2236/2236 2136/2136/2136 2235/2235/2235
f 2140/2140/2140 2139/2139/2139 2235/2235/2235
f 2140/2140/2140 2238/2238/2238 2141/2141/2141
f 2135/2135/2135 2134/2134/2134 2238/2238/2238
f 2136/2136/2136 2135/2135/2135 2235/2235/2235
f 2239/2239/2239 2240/2240/2240 2241/2241/2241
f 2129/2129/2129 2239/2239/2239 2242/2242/2242
f 2243/2243/2243 2241/2241/2241 2062/2062/2062
f 2243/2243/2243 2126/2126/2126 2242/2242/2242
f 2130/2130/2130 2129/2129/2129 2242/2242/2242
f 2130/2130/2130 2244/2244/2244 2131/2131/2131
f 2125/2125/2125 2124/2124/2124 2244/2244/2244
f 2126/2126/2126 2125/2125/2125 2242/2242/2242
f 2245/2245/2245 2246/2246/2246 2247/2247/2247
f 2086/2086/2086 2245/2245/2245 2248/2248/2248
f 2249/2249/2249 2247/2247/2247 2250/2250/2250
f 2249/2249/2249 2097/2097/2097 2248/2248/2248
f 2087/2087/2087 2086/2086/2086 2248/2248/2248
f 2087/2087/2087 2251/2251/2251 2088/2088/2088
f 2096/2096/2096 2071/2071/2071 2251/2251/2251
f 2097/2097/2097 2096/2096/2096 2248/2248/2248
f 2252/2252/2252 2178/2178/2178 2253/2253/2253
f 2119/2119/2119 2252/2252/2252 2254/2254/2254
f 2255/2255/2255 2253/2253/2253 2256/2256/2256
f 2255/2255/2255 2257/2257/2257 2254/2254/2254
f 2120/2120/2120 2119/2119/2119 2254/2254/2254
f 2120/2120/2120 2258/2258/2258 2121/2121/2121
f 2259/2259/2259 2260/2260/2260 2258/2258/2258
f 2257/2257/2257 2259/2259/2259 2254/2254/2254
f 2261/2261/2261 2262/2262/2262 2263/2263/2263
f 2091/2091/2091 2261/2261/2261 2264/2264/2264
f 2265/2265/2265 2263/2263/2263 2266/2266/2266
f 2265/2265/2265 2267/2267/2267 2264/2264/2264
f 2092/2092/2092 2091/2091/2091 2264/2264/2264
f 2092/2092/2092 2268/2268/2268 2093/2093/2093
f 2269/2269/2269 2270/2270/2270 2268/2268/2268
f 2267/2267/2267 2269/2269/2269 2264/2264/2264
f 2219/2219/2219 2271/2271/2271 2079/2079/2079
f 2079/2079/2079 2078/2078/2078 2272/2272/2272
f 2219/2219/2219 2273/2273/2273 2274/2274/2274
f 2275/2275/2275 2276/2276/2276 2277/2277/2277
f 2276/2276/2276 2278/2278/2278 2277/2277/2277
f 2279/2279/2279 2280/2280/2280 2281/2281/2281
f 2280/2280/2280 2282/2282/2282 2283/2283/2283
f 2068/2068/2068 2283/2283/2283 2069/2069/2069
f 2275/2275/2275 2284/2284/2284 2285/2285/2285
f 2063/2063/2063 2286/2286/2286 2287/2287/2287
f 2286/2286/2286 2288/2288/2288 2287/2287/2287
f 2275/2275/2275 2277/2277/2277 2284/2284/2284
f 2289/2289/2289 2063/2063/2063 2290/2290/2290
f 2286/2286/2286 2063/2063/2063 2289/2289/2289
f 2286/2286/2286 2289/2289/2289 2076/2076/2076
f 2291/2291/2291 2290/2290/2290 2292/2292/2292
f 2293/2293/2293 2284/2284/2284 2277/2277/2277
f 2073/2073/2073 2076/2076/2076 2291/2291/2291
f 2293/2293/2293 2285/2285/2285 2284/2284/2284
f 2293/2293/2293 2294/2294/2294 2295/2295/2295
f 2296/2296/2296 2160/2160/2160 2159/2159/2159
f 2295/2295/2295 2294/2294/2294 2297/2297/2297
f 2078/2078/2078 2296/2296/2296 2272/2272/2272
f 2298/2298/2298 2159/2159/2159 2070/2070/2070
f 2298/2298/2298 2296/2296/2296 2159/2159/2159
f 2272/2272/2272 2296/2296/2296 2298/2298/2298
f 2293/2293/2293 2295/2295/2295 2285/2285/2285
f 2220/2220/2220 2219/2219/2219 2299/2299/2299
f 2299/2299/2299 2219/2219/2219 2274/2274/2274
f 2274/2274/2274 2300/2300/2300 2299/2299/2299
f 2299/2299/2299 2300/2300/2300 2220/2220/2220
f 2301/2301/2301 2302/2302/2302 2303/2303/2303
f 2301/2301/2301 2300/2300/2300 2302/2302/2302
f 2302/2302/2302 2300/2300/2300 2274/2274/2274
f 2304/2304/2304 2058/2058/2058 2305/2305/2305
f 2061/2061/2061 2306/2306/2306 2213/2213/2213
f 2307/2307/2307 2308/2308/2308 2309/2309/2309
f 2310/2310/2310 2311/2311/2311 2308/2308/2308
f 2196/2196/2196 2312/2312/2312 2307/2307/2307
f 2313/2313/2313 2314/2314/2314 2315/2315/2315
f 2314/2314/2314 2316/2316/2316 2317/2317/2317
f 2318/2318/2318 2317/2317/2317 2319/2319/2319
f 2320/2320/2320 2321/2321/2321 2322/2322/2322
f 2321/2321/2321 2323/2323/2323 2324/2324/2324
f 2325/2325/2325 2324/2324/2324 2326/2326/2326
f 2327/2327/2327 2194/2194/2194 2199/2199/2199
f 2151/2151/2151 2328/2328/2328 2329/2329/2329
f 2328/2328/2328 2330/2330/2330 2329/2329/2329
f 2331/2331/2331 2151/2151/2151 2332/2332/2332
f 2328/2328/2328 2151/2151/2151 2331/2331/2331
f 2328/2328/2328 2331/2331/2331 2333/2333/2333
f 2334/2334/2334 2332/2332/2332 2335/2335/2335
f 2336/2336/2336 2333/2333/2333 2334/2334/2334
f 2337/2337/2337 2155/2155/2155 2154/2154/2154
f 2058/2058/2058 2337/2337/2337 2305/2305/2305
f 2338/2338/2338 2154/2154/2154 2153/2153/2153
f 2306/2306/2306 2305/2305/2305 2338/2338/2338
f 2306/2306/2306 2338/2338/2338 2153/2153/2153
f 2339/2339/2339 2164/2164/2164 2163/2163/2163
f 2327/2327/2327 2164/2164/2164 2339/2339/2339
f 2327/2327/2327 2339/2339/2339 2340/2340/2340
f 2341/2341/2341 2163/2163/2163 2162/2162/2162
f 2342/2342/2342 2340/2340/2340 2341/2341/2341
f 2343/2343/2343 2167/2167/2167 2344/2344/2344
f 2345/2345/2345 2346/2346/2346 2347/2347/2347
f 2348/2348/2348 2344/2344/2344 2349/2349/2349
f 2350/2350/2350 2351/2351/2351 2348/2348/2348
f 2347/2347/2347 2352/2352/2352 2353/2353/2353
f 2345/2345/2345 2347/2347/2347 2353/2353/2353
f 2354/2354/2354 2355/2355/2355 2356/2356/2356
f 2356/2356/2356 2355/2355/2355 2357/2357/2357
f 2358/2358/2358 2356/2356/2356 2357/2357/2357
f 2359/2359/2359 2360/2360/2360 2361/2361/2361
f 2361/2361/2361 2360/2360/2360 2362/2362/2362
f 2363/2363/2363 2361/2361/2361 2362/2362/2362
f 2364/2364/2364 2365/2365/2365 2366/2366/2366
f 2366/2366/2366 2367/2367/2367 2368/2368/2368
f 2364/2364/2364 2366/2366/2366 2368/2368/2368
f 2353/2353/2353 2352/2352/2352 2369/2369/2369
f 2370/2370/2370 2357/2357/2357 2371/2371/2371
f 2372/2372/2372 2370/2370/2370 2371/2371/2371
f 2358/2358/2358 2357/2357/2357 2370/2370/2370
f 2373/2373/2373 2362/2362/2362 2374/2374/2374
f 2375/2375/2375 2373/2373/2373 2374/2374/2374
f 2363/2363/2363 2362/2362/2362 2373/2373/2373
f 2368/2368/2368 2367/2367/2367 2376/2376/2376
f 2377/2377/2377 2378/2378/2378 2379/2379/2379
f 2380/2380/2380 2378/2378/2378 2377/2377/2377
f 2377/2377/2377 2381/2381/2381 2380/2380/2380
f 2379/2379/2379 2381/2381/2381 2377/2377/2377
f 2378/2378/2378 2382/2382/2382 2383/2383/2383
f 2378/2378/2378 2383/2383/2383 2379/2379/2379
f 2379/2379/2379 2383/2383/2383 2384/2384/2384
f 2383/2383/2383 2382/2382/2382 2384/2384/2384
f 2385/2385/2385 2384/2384/2384 2386/2386/2386
f 2379/2379/2379 2384/2384/2384 2385/2385/2385
f 2385/2385/2385 2387/2387/2387 2379/2379/2379
f 2386/2386/2386 2387/2387/2387 2385/2385/2385
f 2387/2387/2387 2388/2388/2388 2389/2389/2389
f 2387/2387/2387 2389/2389/2389 2379/2379/2379
f 2379/2379/2379 2389/2389/2389 2381/2381/2381
f 2389/2389/2389 2388/2388/2388 2381/2381/2381
f 2390/2390/2390 2391/2391/2391 2392/2392/2392
f 2393/2393/2393 2391/2391/2391 2390/2390/2390
f 2390/2390/2390 2394/2394/2394 2393/2393/2393
f 2392/2392/2392 2394/2394/2394 2390/2390/2390
f 2391/2391/2391 2395/2395/2395 2396/2396/2396
f 2391/2391/2391 2396/2396/2396 2392/2392/2392
f 2392/2392/2392 2396/2396/2396 2397/2397/2397
f 2396/2396/2396 2395/2395/2395 2397/2397/2397
f 2398/2398/2398 2399/2399/2399 2392/2392/2392
f 2400/2400/2400 2399/2399/2399 2398/2398/2398
f 2398/2398/2398 2397/2397/2397 2400/2400/2400
f 2392/2392/2392 2397/2397/2397 2398/2398/2398
f 2399/2399/2399 2401/2401/2401 2402/2402/2402
f 2399/2399/2399 2402/2402/2402 2392/2392/2392
f 2392/2392/2392 2402/2402/2402 2394/2394/2394
f 2402/2402/2402 2401/2401/2401 2394/2394/2394
f 2403/2403/2403 2404/2404/2404 2405/2405/2405
f 2406/2406/2406 2404/2404/2404 2403/2403/2403
f 2403/2403/2403 2407/2407/2407 2406/2406/2406
f 2405/2405/2405 2407/2407/2407 2403/2403/2403
f 2404/2404/2404 2408/2408/2408 2409/2409/2409
f 2404/2404/2404 2409/2409/2409 2405/2405/2405
f 2405/2405/2405 2409/2409/2409 2410/2410/2410
f 2409/2409/2409 2408/2408/2408 2410/2410/2410
f 2411/2411/2411 2412/2412/2412 2405/2405/2405
f 2413/2413/2413 2412/2412/2412 2411/2411/2411
f 2411/2411/2411 2410/2410/2410 2413/2413/2413
f 2405/2405/2405 2410/2410/2410 2411/2411/2411
f 2412/2412/2412 2414/2414/2414 2415/2415/2415
f 2412/2412/2412 2415/2415/2415 2405/2405/2405
f 2405/2405/2405 2415/2415/2415 2407/2407/2407
f 2415/2415/2415 2414/2414/2414 2407/2407/2407
f 2416/2416/2416 2417/2417/2417 2418/2418/2418
f 2417/2417/2417 2419/2419/2419 2420/2420/2420
f 2421/2421/2421 2422/2422/2422 2423/2423/2423
f 2424/2424/2424 2421/2421/2421 2425/2425/2425
f 2426/2426/2426 2427/2427/2427 2428/2428/2428
f 2429/2429/2429 2426/2426/2426 2430/2430/2430
f 2431/2431/2431 2432/2432/2432 2433/2433/2433
f 2432/2432/2432 2434/2434/2434 2435/2435/2435
f 2418/2418/2418 2436/2436/2436 2437/2437/2437
f 2438/2438/2438 2423/2423/2423 2439/2439/2439
f 2440/2440/2440 2441/2441/2441 2438/2438/2438
f 2442/2442/2442 2428/2428/2428 2443/2443/2443
f 2444/2444/2444 2445/2445/2445 2442/2442/2442
f 2433/2433/2433 2446/2446/2446 2447/2447/2447
f 2448/2448/2448 2449/2449/2449 2416/2416/2416
f 2450/2450/2450 2451/2451/2451 2452/2452/2452
f 2453/2453/2453 2454/2454/2454 2422/2422/2422
f 2455/2455/2455 2456/2456/2456 2453/2453/2453
f 2452/2452/2452 2457/2457/2457 2458/2458/2458
f 2450/2450/2450 2452/2452/2452 2458/2458/2458
f 2459/2459/2459 2460/2460/2460 2461/2461/2461
f 2458/2458/2458 2459/2459/2459 2461/2461/2461
f 2458/2458/2458 2457/2457/2457 2459/2459/2459
f 2462/2462/2462 2463/2463/2463 2427/2427/2427
f 2464/2464/2464 2465/2465/2465 2462/2462/2462
f 2466/2466/2466 2467/2467/2467 2468/2468/2468
f 2469/2469/2469 2470/2470/2470 2431/2431/2431
f 2468/2468/2468 2467/2467/2467 2471/2471/2471
f 2472/2472/2472 2468/2468/2468 2471/2471/2471
f 2437/2437/2437 2473/2473/2473 2474/2474/2474
f 2475/2475/2475 2476/2476/2476 2477/2477/2477
f 2477/2477/2477 2476/2476/2476 2478/2478/2478
f 2479/2479/2479 2477/2477/2477 2478/2478/2478
f 2480/2480/2480 2481/2481/2481 2482/2482/2482
f 2482/2482/2482 2483/2483/2483 2484/2484/2484
f 2480/2480/2480 2482/2482/2482 2484/2484/2484
f 2485/2485/2485 2471/2471/2471 2486/2486/2486
f 2487/2487/2487 2485/2485/2485 2486/2486/2486
f 2472/2472/2472 2471/2471/2471 2485/2485/2485
f 2488/2488/2488 2439/2439/2439 2489/2489/2489
f 2490/2490/2490 2491/2491/2491 2488/2488/2488
f 2479/2479/2479 2478/2478/2478 2492/2492/2492
f 2484/2484/2484 2483/2483/2483 2493/2493/2493
f 2494/2494/2494 2443/2443/2443 2495/2495/2495
f 2496/2496/2496 2487/2487/2487 2494/2494/2494
f 2447/2447/2447 2497/2497/2497 2498/2498/2498
f 2499/2499/2499 2500/2500/2500 2448/2448/2448
f 2500/2500/2500 2501/2501/2501 2502/2502/2502
f 2503/2503/2503 2504/2504/2504 2454/2454/2454
f 2505/2505/2505 2506/2506/2506 2463/2463/2463
f 2507/2507/2507 2508/2508/2508 2469/2469/2469
f 2508/2508/2508 2509/2509/2509 2510/2510/2510
f 2474/2474/2474 2511/2511/2511 2512/2512/2512
f 2513/2513/2513 2489/2489/2489 2514/2514/2514
f 2515/2515/2515 2375/2375/2375 2513/2513/2513
f 2516/2516/2516 2495/2495/2495 2517/2517/2517
f 2518/2518/2518 2372/2372/2372 2516/2516/2516
f 2498/2498/2498 2519/2519/2519 2520/2520/2520
f 2512/2512/2512 2521/2521/2521 2499/2499/2499
f 2521/2521/2521 2522/2522/2522 2523/2523/2523
f 2524/2524/2524 2514/2514/2514 2504/2504/2504
f 2525/2525/2525 2517/2517/2517 2506/2506/2506
f 2520/2520/2520 2526/2526/2526 2507/2507/2507
f 2526/2526/2526 2527/2527/2527 2528/2528/2528
f 2529/2529/2529 2530/2530/2530 2108/2108/2108
f 2530/2530/2530 2531/2531/2531 2108/2108/2108
f 2179/2179/2179 2532/2532/2532 2115/2115/2115
f 2532/2532/2532 2533/2533/2533 2115/2115/2115
f 2534/2534/2534 2535/2535/2535 2151/2151/2151
f 2535/2535/2535 2536/2536/2536 2151/2151/2151
f 2537/2537/2537 2538/2538/2538 2146/2146/2146
f 2538/2538/2538 2539/2539/2539 2146/2146/2146
f 2540/2540/2540 2541/2541/2541 2542/2542/2542
f 2540/2540/2540 2543/2543/2543 2541/2541/2541
f 2543/2543/2543 2544/2544/2544 2541/2541/2541
f 2541/2541/2541 2544/2544/2544 2542/2542/2542
f 2542/2542/2542 2434/2434/2434 2545/2545/2545
f 2546/2546/2546 2547/2547/2547 2063/2063/2063
f 2547/2547/2547 2064/2064/2064 2063/2063/2063
f 2548/2548/2548 2544/2544/2544 2549/2549/2549
f 2434/2434/2434 2548/2548/2548 2549/2549/2549
f 2542/2542/2542 2548/2548/2548 2434/2434/2434
f 2542/2542/2542 2544/2544/2544 2548/2548/2548
f 2550/2550/2550 2429/2429/2429 2551/2551/2551
f 2552/2552/2552 2550/2550/2550 2551/2551/2551
f 2552/2552/2552 2553/2553/2553 2550/2550/2550
f 2550/2550/2550 2553/2553/2553 2429/2429/2429
f 2554/2554/2554 2555/2555/2555 2556/2556/2556
f 2556/2556/2556 2555/2555/2555 2553/2553/2553
f 2552/2552/2552 2556/2556/2556 2553/2553/2553
f 2552/2552/2552 2554/2554/2554 2556/2556/2556
f 2557/2557/2557 2558/2558/2558 2559/2559/2559
f 2560/2560/2560 2424/2424/2424 2561/2561/2561
f 2562/2562/2562 2560/2560/2560 2561/2561/2561
f 2563/2563/2563 2564/2564/2564 2565/2565/2565
f 2562/2562/2562 2566/2566/2566 2560/2560/2560
f 2567/2567/2567 2565/2565/2565 2568/2568/2568
f 2560/2560/2560 2566/2566/2566 2424/2424/2424
f 2569/2569/2569 2570/2570/2570 2571/2571/2571
f 2572/2572/2572 2573/2573/2573 2574/2574/2574
f 2575/2575/2575 2571/2571/2571 2576/2576/2576
f 2574/2574/2574 2573/2573/2573 2566/2566/2566
f 2562/2562/2562 2574/2574/2574 2566/2566/2566
f 2577/2577/2577 2578/2578/2578 2579/2579/2579
f 2562/2562/2562 2572/2572/2572 2574/2574/2574
f 2580/2580/2580 2581/2581/2581 2582/2582/2582
f 2583/2583/2583 2557/2557/2557 2584/2584/2584
f 2580/2580/2580 2585/2585/2585 2581/2581/2581
f 2585/2585/2585 2586/2586/2586 2581/2581/2581
f 2581/2581/2581 2586/2586/2586 2582/2582/2582
f 2583/2583/2583 2587/2587/2587 2585/2585/2585
f 2587/2587/2587 2586/2586/2586 2585/2585/2585
f 2582/2582/2582 2419/2419/2419 2588/2588/2588
f 2562/2562/2562 2589/2589/2589 2572/2572/2572
f 2589/2589/2589 2590/2590/2590 2572/2572/2572
f 2591/2591/2591 2586/2586/2586 2592/2592/2592
f 2564/2564/2564 2590/2590/2590 2593/2593/2593
f 2419/2419/2419 2591/2591/2591 2592/2592/2592
f 2582/2582/2582 2591/2591/2591 2419/2419/2419
f 2582/2582/2582 2586/2586/2586 2591/2591/2591
f 2579/2579/2579 2594/2594/2594 2595/2595/2595
f 2552/2552/2552 2596/2596/2596 2554/2554/2554
f 2596/2596/2596 2597/2597/2597 2554/2554/2554
f 2579/2579/2579 2598/2598/2598 2594/2594/2594
f 2570/2570/2570 2597/2597/2597 2599/2599/2599
f 2598/2598/2598 2600/2600/2600 2594/2594/2594
f 2601/2601/2601 2577/2577/2577 2602/2602/2602
f 2603/2603/2603 2575/2575/2575 2604/2604/2604
f 2604/2604/2604 2575/2575/2575 2576/2576/2576
f 2605/2605/2605 2604/2604/2604 2576/2576/2576
f 2601/2601/2601 2606/2606/2606 2543/2543/2543
f 2606/2606/2606 2544/2544/2544 2543/2543/2543
f 2607/2607/2607 2567/2567/2567 2608/2608/2608
f 2558/2558/2558 2609/2609/2609 2610/2610/2610
f 2608/2608/2608 2567/2567/2567 2568/2568/2568
f 2610/2610/2610 2480/2480/2480 2484/2484/2484
f 2611/2611/2611 2563/2563/2563 2612/2612/2612
f 2613/2613/2613 2608/2608/2608 2568/2568/2568
f 2476/2476/2476 2612/2612/2612 2478/2478/2478
f 2559/2559/2559 2614/2614/2614 2615/2615/2615
f 2616/2616/2616 2569/2569/2569 2617/2617/2617
f 2559/2559/2559 2618/2618/2618 2614/2614/2614
f 2467/2467/2467 2617/2617/2617 2471/2471/2471
f 2618/2618/2618 2619/2619/2619 2614/2614/2614
f 2578/2578/2578 2620/2620/2620 2621/2621/2621
f 2622/2622/2622 2576/2576/2576 2623/2623/2623
f 2621/2621/2621 2450/2450/2450 2458/2458/2458
f 2445/2445/2445 2622/2622/2622 2623/2623/2623
f 2609/2609/2609 2624/2624/2624 2625/2625/2625
f 2625/2625/2625 2364/2364/2364 2368/2368/2368
f 2605/2605/2605 2576/2576/2576 2622/2622/2622
f 2626/2626/2626 2568/2568/2568 2627/2627/2627
f 2360/2360/2360 2628/2628/2628 2362/2362/2362
f 2441/2441/2441 2626/2626/2626 2627/2627/2627
f 2629/2629/2629 2616/2616/2616 2630/2630/2630
f 2355/2355/2355 2630/2630/2630 2357/2357/2357
f 2613/2613/2613 2568/2568/2568 2626/2626/2626
f 2631/2631/2631 2632/2632/2632 2633/2633/2633
f 2620/2620/2620 2634/2634/2634 2635/2635/2635
f 2176/2176/2176 2631/2631/2631 2633/2633/2633
f 2635/2635/2635 2345/2345/2345 2353/2353/2353
f 2636/2636/2636 2537/2537/2537 2637/2637/2637
f 2185/2185/2185 2636/2636/2636 2637/2637/2637
f 2638/2638/2638 2179/2179/2179 2639/2639/2639
f 2189/2189/2189 2638/2638/2638 2639/2639/2639
f 2640/2640/2640 2641/2641/2641 2642/2642/2642
f 2174/2174/2174 2640/2640/2640 2642/2642/2642
f 2643/2643/2643 2188/2188/2188 2644/2644/2644
f 2064/2064/2064 2643/2643/2643 2644/2644/2644
f 2645/2645/2645 2184/2184/2184 2646/2646/2646
f 2536/2536/2536 2645/2645/2645 2646/2646/2646
f 2647/2647/2647 2169/2169/2169 2648/2648/2648
f 2649/2649/2649 2647/2647/2647 2648/2648/2648
f 2624/2624/2624 2650/2650/2650 2651/2651/2651
f 2624/2624/2624 2651/2651/2651 2652/2652/2652
f 2651/2651/2651 2653/2653/2653 2652/2652/2652
f 2654/2654/2654 2171/2171/2171 2655/2655/2655
f 2656/2656/2656 2657/2657/2657 2658/2658/2658
f 2657/2657/2657 2659/2659/2659 2658/2658/2658
f 2660/2660/2660 2629/2629/2629 2661/2661/2661
f 2662/2662/2662 2654/2654/2654 2655/2655/2655
f 2663/2663/2663 2661/2661/2661 2664/2664/2664
f 2661/2661/2661 2629/2629/2629 2664/2664/2664
f 2634/2634/2634 2665/2665/2665 2666/2666/2666
f 2634/2634/2634 2666/2666/2666 2667/2667/2667
f 2666/2666/2666 2668/2668/2668 2667/2667/2667
f 2669/2669/2669 2670/2670/2670 2671/2671/2671
f 2172/2172/2172 2669/2669/2669 2671/2671/2671
f 2672/2672/2672 2529/2529/2529 2673/2673/2673
f 2181/2181/2181 2672/2672/2672 2673/2673/2673
f 2674/2674/2674 2583/2583/2583 2675/2675/2675
f 2676/2676/2676 2675/2675/2675 2585/2585/2585
f 2675/2675/2675 2583/2583/2583 2585/2585/2585
f 2272/2272/2272 2298/2298/2298 2677/2677/2677
f 2678/2678/2678 2509/2509/2509 2679/2679/2679
f 2680/2680/2680 2665/2665/2665 2681/2681/2681
f 2682/2682/2682 2501/2501/2501 2683/2683/2683
f 2684/2684/2684 2650/2650/2650 2685/2685/2685
f 2686/2686/2686 2663/2663/2663 2687/2687/2687
f 2687/2687/2687 2688/2688/2688 2689/2689/2689
f 2690/2690/2690 2656/2656/2656 2691/2691/2691
f 2691/2691/2691 2692/2692/2692 2693/2693/2693
f 2694/2694/2694 2689/2689/2689 2695/2695/2695
f 2689/2689/2689 2688/2688/2688 2696/2696/2696
f 2697/2697/2697 2693/2693/2693 2698/2698/2698
f 2693/2693/2693 2692/2692/2692 2699/2699/2699
f 2700/2700/2700 2701/2701/2701 2702/2702/2702
f 2702/2702/2702 2701/2701/2701 2510/2510/2510
f 2703/2703/2703 2704/2704/2704 2705/2705/2705
f 2705/2705/2705 2706/2706/2706 2707/2707/2707
f 2708/2708/2708 2709/2709/2709 2710/2710/2710
f 2710/2710/2710 2711/2711/2711 2712/2712/2712
f 2713/2713/2713 2714/2714/2714 2715/2715/2715
f 2715/2715/2715 2714/2714/2714 2502/2502/2502
f 2716/2716/2716 2717/2717/2717 2718/2718/2718
f 2718/2718/2718 2717/2717/2717 2469/2469/2469
f 2701/2701/2701 2719/2719/2719 2720/2720/2720
f 2721/2721/2721 2181/2181/2181 2722/2722/2722
f 2721/2721/2721 2722/2722/2722 2141/2141/2141
f 2723/2723/2723 2724/2724/2724 2725/2725/2725
f 2725/2725/2725 2724/2724/2724 2448/2448/2448
f 2722/2722/2722 2142/2142/2142 2141/2141/2141
f 2181/2181/2181 2142/2142/2142 2722/2722/2722
f 2726/2726/2726 2727/2727/2727 2134/2134/2134
f 2714/2714/2714 2674/2674/2674 2728/2728/2728
f 2184/2184/2184 2727/2727/2727 2726/2726/2726
f 2137/2137/2137 2184/2184/2184 2726/2726/2726
f 2729/2729/2729 2730/2730/2730 2463/2463/2463
f 2729/2729/2729 2707/2707/2707 2730/2730/2730
f 2137/2137/2137 2726/2726/2726 2134/2134/2134
f 2731/2731/2731 2185/2185/2185 2732/2732/2732
f 2731/2731/2731 2732/2732/2732 2131/2131/2131
f 2732/2732/2732 2132/2132/2132 2131/2131/2131
f 2185/2185/2185 2132/2132/2132 2732/2732/2732
f 2707/2707/2707 2706/2706/2706 2733/2733/2733
f 2734/2734/2734 2735/2735/2735 2454/2454/2454
f 2734/2734/2734 2712/2712/2712 2735/2735/2735
f 2736/2736/2736 2737/2737/2737 2124/2124/2124
f 2188/2188/2188 2737/2737/2737 2736/2736/2736
f 2127/2127/2127 2188/2188/2188 2736/2736/2736
f 2127/2127/2127 2736/2736/2736 2124/2124/2124
f 2738/2738/2738 2189/2189/2189 2739/2739/2739
f 2712/2712/2712 2711/2711/2711 2740/2740/2740
f 2741/2741/2741 2543/2543/2543 2540/2540/2540
f 2738/2738/2738 2739/2739/2739 2121/2121/2121
f 2742/2742/2742 2540/2540/2540 2542/2542/2542
f 2739/2739/2739 2122/2122/2122 2121/2121/2121
f 2189/2189/2189 2122/2122/2122 2739/2739/2739
f 2554/2554/2554 2743/2743/2743 2555/2555/2555
f 2555/2555/2555 2744/2744/2744 2553/2553/2553
f 2745/2745/2745 2148/2148/2148 2746/2746/2746
f 2572/2572/2572 2747/2747/2747 2573/2573/2573
f 2573/2573/2573 2748/2748/2748 2566/2566/2566
f 2676/2676/2676 2585/2585/2585 2580/2580/2580
f 2279/2279/2279 2281/2281/2281 2749/2749/2749
f 2750/2750/2750 2580/2580/2580 2582/2582/2582
f 2751/2751/2751 2752/2752/2752 2753/2753/2753
f 2752/2752/2752 2745/2745/2745 2746/2746/2746
f 2751/2751/2751 2745/2745/2745 2752/2752/2752
f 2754/2754/2754 2742/2742/2742 2542/2542/2542
f 2755/2755/2755 2465/2465/2465 2464/2464/2464
f 2751/2751/2751 2753/2753/2753 2756/2756/2756
f 2744/2744/2744 2755/2755/2755 2553/2553/2553
f 2751/2751/2751 2756/2756/2756 2757/2757/2757
f 2758/2758/2758 2456/2456/2456 2455/2455/2455
f 2759/2759/2759 2757/2757/2757 2756/2756/2756
f 2748/2748/2748 2758/2758/2758 2566/2566/2566
f 2759/2759/2759 2756/2756/2756 2753/2753/2753
f 2760/2760/2760 2761/2761/2761 2762/2762/2762
f 2763/2763/2763 2761/2761/2761 2760/2760/2760
f 2760/2760/2760 2764/2764/2764 2763/2763/2763
f 2765/2765/2765 2750/2750/2750 2582/2582/2582
f 2762/2762/2762 2764/2764/2764 2760/2760/2760
f 2766/2766/2766 2761/2761/2761 2763/2763/2763
f 2767/2767/2767 2139/2139/2139 2182/2182/2182
f 2139/2139/2139 2767/2767/2767 2232/2232/2232
f 2544/2544/2544 2768/2768/2768 2549/2549/2549
f 2549/2549/2549 2768/2768/2768 2435/2435/2435
f 2434/2434/2434 2549/2549/2549 2435/2435/2435
f 2767/2767/2767 2233/2233/2233 2232/2232/2232
f 2586/2586/2586 2769/2769/2769 2592/2592/2592
f 2592/2592/2592 2769/2769/2769 2420/2420/2420
f 2419/2419/2419 2592/2592/2592 2420/2420/2420
f 2136/2136/2136 2770/2770/2770 2183/2183/2183
f 2771/2771/2771 2602/2602/2602 2768/2768/2768
f 2768/2768/2768 2602/2602/2602 2435/2435/2435
f 2237/2237/2237 2770/2770/2770 2236/2236/2236
f 2599/2599/2599 2772/2772/2772 2576/2576/2576
f 2599/2599/2599 2773/2773/2773 2772/2772/2772
f 2770/2770/2770 2136/2136/2136 2236/2236/2236
f 2772/2772/2772 2552/2552/2552 2576/2576/2576
f 2593/2593/2593 2774/2774/2774 2568/2568/2568
f 2593/2593/2593 2775/2775/2775 2774/2774/2774
f 2774/2774/2774 2562/2562/2562 2568/2568/2568
f 2776/2776/2776 2584/2584/2584 2769/2769/2769
f 2769/2769/2769 2584/2584/2584 2420/2420/2420
f 2777/2777/2777 2129/2129/2129 2186/2186/2186
f 2129/2129/2129 2777/2777/2777 2239/2239/2239
f 2777/2777/2777 2240/2240/2240 2239/2239/2239
f 2126/2126/2126 2778/2778/2778 2187/2187/2187
f 2062/2062/2062 2778/2778/2778 2243/2243/2243
f 2778/2778/2778 2126/2126/2126 2243/2243/2243
f 2551/2551/2551 2429/2429/2429 2430/2430/2430
f 2576/2576/2576 2552/2552/2552 2551/2551/2551
f 2779/2779/2779 2119/2119/2119 2190/2190/2190
f 2119/2119/2119 2779/2779/2779 2252/2252/2252
f 2779/2779/2779 2178/2178/2178 2252/2252/2252
f 2233/2233/2233 2780/2780/2780 2673/2673/2673
f 2780/2780/2780 2182/2182/2182 2673/2673/2673
f 2561/2561/2561 2424/2424/2424 2425/2425/2425
f 2780/2780/2780 2767/2767/2767 2182/2182/2182
f 2568/2568/2568 2562/2562/2562 2561/2561/2561
f 2176/2176/2176 2084/2084/2084 2781/2781/2781
f 2781/2781/2781 2084/2084/2084 2083/2083/2083
f 2782/2782/2782 2781/2781/2781 2083/2083/2083
f 2782/2782/2782 2176/2176/2176 2781/2781/2781
f 2174/2174/2174 2089/2089/2089 2783/2783/2783
f 2783/2783/2783 2089/2089/2089 2088/2088/2088
f 2784/2784/2784 2783/2783/2783 2088/2088/2088
f 2784/2784/2784 2174/2174/2174 2783/2783/2783
f 2103/2103/2103 2785/2785/2785 2100/2100/2100
f 2103/2103/2103 2169/2169/2169 2785/2785/2785
f 2169/2169/2169 2786/2786/2786 2785/2785/2785
f 2785/2785/2785 2786/2786/2786 2100/2100/2100
f 2172/2172/2172 2094/2094/2094 2787/2787/2787
f 2787/2787/2787 2094/2094/2094 2093/2093/2093
f 2788/2788/2788 2787/2787/2787 2093/2093/2093
f 2788/2788/2788 2172/2172/2172 2787/2787/2787
f 2098/2098/2098 2789/2789/2789 2071/2071/2071
f 2098/2098/2098 2171/2171/2171 2789/2789/2789
f 2171/2171/2171 2790/2790/2790 2789/2789/2789
f 2789/2789/2789 2790/2790/2790 2071/2071/2071
f 2306/2306/2306 2791/2791/2791 2213/2213/2213
f 2306/2306/2306 2153/2153/2153 2791/2791/2791
f 2791/2791/2791 2153/2153/2153 2217/2217/2217
f 2233/2233/2233 2767/2767/2767 2780/2780/2780
f 2792/2792/2792 2215/2215/2215 2793/2793/2793
f 2793/2793/2793 2215/2215/2215 2217/2217/2217
f 2217/2217/2217 2153/2153/2153 2793/2793/2793
f 2793/2793/2793 2153/2153/2153 2792/2792/2792
f 2183/2183/2183 2794/2794/2794 2646/2646/2646
f 2794/2794/2794 2237/2237/2237 2646/2646/2646
f 2164/2164/2164 2206/2206/2206 2180/2180/2180
f 2164/2164/2164 2208/2208/2208 2206/2206/2206
f 2164/2164/2164 2327/2327/2327 2795/2795/2795
f 2795/2795/2795 2327/2327/2327 2199/2199/2199
f 2770/2770/2770 2237/2237/2237 2794/2794/2794
f 2164/2164/2164 2795/2795/2795 2208/2208/2208
f 2770/2770/2770 2794/2794/2794 2183/2183/2183
f 2240/2240/2240 2796/2796/2796 2637/2637/2637
f 2155/2155/2155 2209/2209/2209 2797/2797/2797
f 2155/2155/2155 2211/2211/2211 2209/2209/2209
f 2155/2155/2155 2057/2057/2057 2798/2798/2798
f 2798/2798/2798 2057/2057/2057 2203/2203/2203
f 2796/2796/2796 2186/2186/2186 2637/2637/2637
f 2155/2155/2155 2798/2798/2798 2211/2211/2211
f 2796/2796/2796 2777/2777/2777 2186/2186/2186
f 2240/2240/2240 2777/2777/2777 2796/2796/2796
f 2057/2057/2057 2201/2201/2201 2203/2203/2203
f 2187/2187/2187 2799/2799/2799 2644/2644/2644
f 2200/2200/2200 2197/2197/2197 2800/2800/2800
f 2800/2800/2800 2197/2197/2197 2196/2196/2196
f 2801/2801/2801 2800/2800/2800 2196/2196/2196
f 2799/2799/2799 2062/2062/2062 2644/2644/2644
f 2778/2778/2778 2062/2062/2062 2799/2799/2799
f 2802/2802/2802 2801/2801/2801 2196/2196/2196
f 2803/2803/2803 2802/2802/2802 2196/2196/2196
f 2205/2205/2205 2204/2204/2204 2804/2804/2804
f 2804/2804/2804 2204/2204/2204 2805/2805/2805
f 2806/2806/2806 2804/2804/2804 2805/2805/2805
f 2778/2778/2778 2799/2799/2799 2187/2187/2187
f 2178/2178/2178 2807/2807/2807 2639/2639/2639
f 2808/2808/2808 2806/2806/2806 2805/2805/2805
f 2809/2809/2809 2808/2808/2808 2805/2805/2805
f 2807/2807/2807 2190/2190/2190 2639/2639/2639
f 2810/2810/2810 2811/2811/2811 2192/2192/2192
f 2812/2812/2812 2810/2810/2810 2192/2192/2192
f 2191/2191/2191 2813/2813/2813 2192/2192/2192
f 2191/2191/2191 2214/2214/2214 2813/2813/2813
f 2807/2807/2807 2779/2779/2779 2190/2190/2190
f 2813/2813/2813 2812/2812/2812 2192/2192/2192
f 2273/2273/2273 2814/2814/2814 2274/2274/2274
f 2273/2273/2273 2070/2070/2070 2814/2814/2814
f 2814/2814/2814 2070/2070/2070 2303/2303/2303
f 2178/2178/2178 2779/2779/2779 2807/2807/2807
f 2072/2072/2072 2301/2301/2301 2815/2815/2815
f 2815/2815/2815 2301/2301/2301 2303/2303/2303
f 2303/2303/2303 2070/2070/2070 2815/2815/2815
f 2815/2815/2815 2070/2070/2070 2072/2072/2072
f 2816/2816/2816 2117/2117/2117 2817/2817/2817
f 2160/2160/2160 2294/2294/2294 2818/2818/2818
f 2160/2160/2160 2297/2297/2297 2294/2294/2294
f 2160/2160/2160 2819/2819/2819 2820/2820/2820
f 2820/2820/2820 2819/2819/2819 2285/2285/2285
f 2160/2160/2160 2820/2820/2820 2297/2297/2297
f 2320/2320/2320 2322/2322/2322 2821/2821/2821
f 2822/2822/2822 2823/2823/2823 2824/2824/2824
f 2819/2819/2819 2275/2275/2275 2285/2285/2285
f 2823/2823/2823 2816/2816/2816 2817/2817/2817
f 2822/2822/2822 2816/2816/2816 2823/2823/2823
f 2822/2822/2822 2824/2824/2824 2825/2825/2825
f 2822/2822/2822 2825/2825/2825 2826/2826/2826
f 2827/2827/2827 2826/2826/2826 2825/2825/2825
f 2827/2827/2827 2825/2825/2825 2824/2824/2824
f 2828/2828/2828 2110/2110/2110 2829/2829/2829
f 2313/2313/2313 2315/2315/2315 2830/2830/2830
f 2831/2831/2831 2832/2832/2832 2833/2833/2833
f 2832/2832/2832 2828/2828/2828 2829/2829/2829
f 2831/2831/2831 2828/2828/2828 2832/2832/2832
f 2831/2831/2831 2833/2833/2833 2834/2834/2834
f 2831/2831/2831 2834/2834/2834 2835/2835/2835
f 2836/2836/2836 2835/2835/2835 2834/2834/2834
f 2836/2836/2836 2834/2834/2834 2833/2833/2833
f 2837/2837/2837 2838/2838/2838 2839/2839/2839
f 2840/2840/2840 2838/2838/2838 2837/2837/2837
f 2837/2837/2837 2841/2841/2841 2840/2840/2840
f 2839/2839/2839 2841/2841/2841 2837/2837/2837
f 2842/2842/2842 2838/2838/2838 2840/2840/2840
f 2102/2102/2102 2843/2843/2843 2168/2168/2168
f 2230/2230/2230 2843/2843/2843 2229/2229/2229
f 2843/2843/2843 2102/2102/2102 2229/2229/2229
f 2097/2097/2097 2844/2844/2844 2170/2170/2170
f 2250/2250/2250 2844/2844/2844 2249/2249/2249
f 2844/2844/2844 2097/2097/2097 2249/2249/2249
f 2845/2845/2845 2091/2091/2091 2173/2173/2173
f 2091/2091/2091 2845/2845/2845 2261/2261/2261
f 2845/2845/2845 2262/2262/2262 2261/2261/2261
f 2168/2168/2168 2846/2846/2846 2648/2648/2648
f 2846/2846/2846 2230/2230/2230 2648/2648/2648
f 2843/2843/2843 2230/2230/2230 2846/2846/2846
f 2843/2843/2843 2846/2846/2846 2168/2168/2168
f 2170/2170/2170 2847/2847/2847 2655/2655/2655
f 2847/2847/2847 2250/2250/2250 2655/2655/2655
f 2844/2844/2844 2250/2250/2250 2847/2847/2847
f 2844/2844/2844 2847/2847/2847 2170/2170/2170
f 2262/2262/2262 2848/2848/2848 2671/2671/2671
f 2848/2848/2848 2173/2173/2173 2671/2671/2671
f 2848/2848/2848 2845/2845/2845 2173/2173/2173
f 2262/2262/2262 2845/2845/2845 2848/2848/2848
f 2849/2849/2849 2086/2086/2086 2175/2175/2175
f 2086/2086/2086 2849/2849/2849 2245/2245/2245
f 2849/2849/2849 2246/2246/2246 2245/2245/2245
f 2246/2246/2246 2850/2850/2850 2642/2642/2642
f 2850/2850/2850 2175/2175/2175 2642/2642/2642
f 2850/2850/2850 2849/2849/2849 2175/2175/2175
f 2246/2246/2246 2849/2849/2849 2850/2850/2850
f 2851/2851/2851 2081/2081/2081 2177/2177/2177
f 2081/2081/2081 2851/2851/2851 2225/2225/2225
f 2851/2851/2851 2226/2226/2226 2225/2225/2225
f 2226/2226/2226 2852/2852/2852 2633/2633/2633
f 2852/2852/2852 2177/2177/2177 2633/2633/2633
f 2852/2852/2852 2851/2851/2851 2177/2177/2177
f 2226/2226/2226 2851/2851/2851 2852/2852/2852
f 2853/2853/2853 2854/2854/2854 2817/2817/2817
f 2854/2854/2854 2827/2827/2827 2824/2824/2824
f 2853/2853/2853 2827/2827/2827 2854/2854/2854
f 2855/2855/2855 2856/2856/2856 2829/2829/2829
f 2856/2856/2856 2836/2836/2836 2833/2833/2833
f 2855/2855/2855 2836/2836/2836 2856/2856/2856
f 2853/2853/2853 2817/2817/2817 2857/2857/2857
f 2853/2853/2853 2857/2857/2857 2116/2116/2116
f 2117/2117/2117 2116/2116/2116 2857/2857/2857
f 2117/2117/2117 2857/2857/2857 2817/2817/2817
f 2855/2855/2855 2829/2829/2829 2858/2858/2858
f 2855/2855/2855 2858/2858/2858 2109/2109/2109
f 2110/2110/2110 2109/2109/2109 2858/2858/2858
f 2665/2665/2665 2719/2719/2719 2701/2701/2701
f 2859/2859/2859 2704/2704/2704 2703/2703/2703
f 2860/2860/2860 2859/2859/2859 2703/2703/2703
f 2860/2860/2860 2660/2660/2660 2859/2859/2859
f 2110/2110/2110 2858/2858/2858 2829/2829/2829
f 2861/2861/2861 2862/2862/2862 2746/2746/2746
f 2706/2706/2706 2863/2863/2863 2686/2686/2686
f 2862/2862/2862 2759/2759/2759 2753/2753/2753
f 2864/2864/2864 2709/2709/2709 2708/2708/2708
f 2865/2865/2865 2864/2864/2864 2708/2708/2708
f 2861/2861/2861 2759/2759/2759 2862/2862/2862
f 2866/2866/2866 2867/2867/2867 2868/2868/2868
f 2711/2711/2711 2869/2869/2869 2690/2690/2690
f 2764/2764/2764 2867/2867/2867 2866/2866/2866
f 2764/2764/2764 2866/2866/2866 2763/2763/2763
f 2870/2870/2870 2871/2871/2871 2872/2872/2872
f 2841/2841/2841 2871/2871/2871 2870/2870/2870
f 2841/2841/2841 2870/2870/2870 2840/2840/2840
f 2861/2861/2861 2746/2746/2746 2873/2873/2873
f 2861/2861/2861 2873/2873/2873 2147/2147/2147
f 2148/2148/2148 2147/2147/2147 2873/2873/2873
f 2650/2650/2650 2674/2674/2674 2714/2714/2714
f 2148/2148/2148 2873/2873/2873 2746/2746/2746
f 2874/2874/2874 2867/2867/2867 2287/2287/2287
f 2868/2868/2868 2867/2867/2867 2874/2874/2874
f 2874/2874/2874 2288/2288/2288 2868/2868/2868
f 2287/2287/2287 2288/2288/2288 2874/2874/2874
f 2875/2875/2875 2871/2871/2871 2329/2329/2329
f 2872/2872/2872 2871/2871/2871 2875/2875/2875
f 2875/2875/2875 2330/2330/2330 2872/2872/2872
f 2329/2329/2329 2330/2330/2330 2875/2875/2875
f 2293/2293/2293 2277/2277/2277 2876/2876/2876
f 2876/2876/2876 2277/2277/2277 2278/2278/2278
f 2877/2877/2877 2876/2876/2876 2278/2278/2278
f 2878/2878/2878 2877/2877/2877 2278/2278/2278
f 2879/2879/2879 2878/2878/2878 2278/2278/2278
f 2880/2880/2880 2881/2881/2881 2221/2221/2221
f 2882/2882/2882 2880/2880/2880 2221/2221/2221
f 2220/2220/2220 2883/2883/2883 2221/2221/2221
f 2220/2220/2220 2300/2300/2300 2883/2883/2883
f 2883/2883/2883 2882/2882/2882 2221/2221/2221
f 2884/2884/2884 2601/2601/2601 2543/2543/2543
f 2741/2741/2741 2884/2884/2884 2543/2543/2543
f 2719/2719/2719 2601/2601/2601 2884/2884/2884
f 2885/2885/2885 2743/2743/2743 2554/2554/2554
f 2597/2597/2597 2885/2885/2885 2554/2554/2554
f 2597/2597/2597 2860/2860/2860 2885/2885/2885
f 2744/2744/2744 2886/2886/2886 2703/2703/2703
f 2887/2887/2887 2747/2747/2747 2572/2572/2572
f 2590/2590/2590 2887/2887/2887 2572/2572/2572
f 2590/2590/2590 2865/2865/2865 2887/2887/2887
f 2748/2748/2748 2888/2888/2888 2708/2708/2708
f 2222/2222/2222 2352/2352/2352 2223/2223/2223
f 2352/2352/2352 2889/2889/2889 2223/2223/2223
f 2223/2223/2223 2889/2889/2889 2224/2224/2224
f 2346/2346/2346 2890/2890/2890 2891/2891/2891
f 2891/2891/2891 2890/2890/2890 2892/2892/2892
f 2893/2893/2893 2891/2891/2891 2892/2892/2892
f 2893/2893/2893 2346/2346/2346 2891/2891/2891
f 2369/2369/2369 2894/2894/2894 2895/2895/2895
f 2369/2369/2369 2352/2352/2352 2894/2894/2894
f 2894/2894/2894 2352/2352/2352 2222/2222/2222
f 2895/2895/2895 2894/2894/2894 2222/2222/2222
f 2354/2354/2354 2896/2896/2896 2897/2897/2897
f 2897/2897/2897 2896/2896/2896 2898/2898/2898
f 2899/2899/2899 2897/2897/2897 2898/2898/2898
f 2899/2899/2899 2354/2354/2354 2897/2897/2897
f 2358/2358/2358 2900/2900/2900 2901/2901/2901
f 2901/2901/2901 2900/2900/2900 2518/2518/2518
f 2902/2902/2902 2901/2901/2901 2518/2518/2518
f 2902/2902/2902 2358/2358/2358 2901/2901/2901
f 2359/2359/2359 2903/2903/2903 2904/2904/2904
f 2904/2904/2904 2903/2903/2903 2905/2905/2905
f 2906/2906/2906 2904/2904/2904 2905/2905/2905
f 2906/2906/2906 2359/2359/2359 2904/2904/2904
f 2363/2363/2363 2907/2907/2907 2908/2908/2908
f 2908/2908/2908 2907/2907/2907 2515/2515/2515
f 2909/2909/2909 2908/2908/2908 2515/2515/2515
f 2909/2909/2909 2363/2363/2363 2908/2908/2908
f 2910/2910/2910 2911/2911/2911 2912/2912/2912
f 2910/2910/2910 2367/2367/2367 2911/2911/2911
f 2367/2367/2367 2913/2913/2913 2911/2911/2911
f 2911/2911/2911 2913/2913/2913 2912/2912/2912
f 2365/2365/2365 2914/2914/2914 2915/2915/2915
f 2915/2915/2915 2914/2914/2914 2916/2916/2916
f 2917/2917/2917 2915/2915/2915 2916/2916/2916
f 2917/2917/2917 2365/2365/2365 2915/2915/2915
f 2376/2376/2376 2918/2918/2918 2919/2919/2919
f 2376/2376/2376 2367/2367/2367 2918/2918/2918
f 2918/2918/2918 2367/2367/2367 2910/2910/2910
f 2919/2919/2919 2918/2918/2918 2910/2910/2910
f 2920/2920/2920 2921/2921/2921 2922/2922/2922
f 2920/2920/2920 2457/2457/2457 2921/2921/2921
f 2457/2457/2457 2923/2923/2923 2921/2921/2921
f 2921/2921/2921 2923/2923/2923 2922/2922/2922
f 2924/2924/2924 2925/2925/2925 2451/2451/2451
f 2924/2924/2924 2620/2620/2620 2925/2925/2925
f 2925/2925/2925 2620/2620/2620 2926/2926/2926
f 2451/2451/2451 2925/2925/2925 2926/2926/2926
f 2451/2451/2451 2926/2926/2926 2927/2927/2927
f 2927/2927/2927 2926/2926/2926 2353/2353/2353
f 2928/2928/2928 2927/2927/2927 2353/2353/2353
f 2928/2928/2928 2451/2451/2451 2927/2927/2927
f 2466/2466/2466 2929/2929/2929 2930/2930/2930
f 2930/2930/2930 2929/2929/2929 2357/2357/2357
f 2931/2931/2931 2930/2930/2930 2357/2357/2357
f 2931/2931/2931 2466/2466/2466 2930/2930/2930
f 2472/2472/2472 2932/2932/2932 2933/2933/2933
f 2933/2933/2933 2932/2932/2932 2496/2496/2496
f 2934/2934/2934 2933/2933/2933 2496/2496/2496
f 2934/2934/2934 2472/2472/2472 2933/2933/2933
f 2475/2475/2475 2935/2935/2935 2936/2936/2936
f 2936/2936/2936 2935/2935/2935 2362/2362/2362
f 2937/2937/2937 2936/2936/2936 2362/2362/2362
f 2937/2937/2937 2475/2475/2475 2936/2936/2936
f 2479/2479/2479 2938/2938/2938 2939/2939/2939
f 2939/2939/2939 2938/2938/2938 2490/2490/2490
f 2940/2940/2940 2939/2939/2939 2490/2490/2490
f 2940/2940/2940 2479/2479/2479 2939/2939/2939
f 2941/2941/2941 2942/2942/2942 2943/2943/2943
f 2941/2941/2941 2483/2483/2483 2942/2942/2942
f 2483/2483/2483 2944/2944/2944 2942/2942/2942
f 2942/2942/2942 2944/2944/2944 2943/2943/2943
f 2481/2481/2481 2945/2945/2945 2946/2946/2946
f 2946/2946/2946 2945/2945/2945 2368/2368/2368
f 2947/2947/2947 2946/2946/2946 2368/2368/2368
f 2947/2947/2947 2481/2481/2481 2946/2946/2946
f 2493/2493/2493 2948/2948/2948 2949/2949/2949
f 2493/2493/2493 2483/2483/2483 2948/2948/2948
f 2948/2948/2948 2483/2483/2483 2941/2941/2941
f 2949/2949/2949 2948/2948/2948 2941/2941/2941
f 2459/2459/2459 2950/2950/2950 2460/2460/2460
f 2459/2459/2459 2457/2457/2457 2950/2950/2950
f 2950/2950/2950 2457/2457/2457 2920/2920/2920
f 2460/2460/2460 2950/2950/2950 2920/2920/2920
f 2492/2492/2492 2951/2951/2951 2439/2439/2439
f 2492/2492/2492 2478/2478/2478 2951/2951/2951
f 2478/2478/2478 2952/2952/2952 2951/2951/2951
f 2951/2951/2951 2952/2952/2952 2439/2439/2439
f 2563/2563/2563 2953/2953/2953 2954/2954/2954
f 2954/2954/2954 2953/2953/2953 2607/2607/2607
f 2954/2954/2954 2607/2607/2607 2955/2955/2955
f 2563/2563/2563 2954/2954/2954 2955/2955/2955
f 2956/2956/2956 2957/2957/2957 2958/2958/2958
f 2956/2956/2956 2600/2600/2600 2957/2957/2957
f 2600/2600/2600 2959/2959/2959 2957/2957/2957
f 2957/2957/2957 2959/2959/2959 2958/2958/2958
f 2960/2960/2960 2961/2961/2961 2962/2962/2962
f 2960/2960/2960 2578/2578/2578 2961/2961/2961
f 2961/2961/2961 2578/2578/2578 2963/2963/2963
f 2962/2962/2962 2961/2961/2961 2963/2963/2963
f 2962/2962/2962 2963/2963/2963 2964/2964/2964
f 2964/2964/2964 2963/2963/2963 2458/2458/2458
f 2965/2965/2965 2964/2964/2964 2458/2458/2458
f 2965/2965/2965 2962/2962/2962 2964/2964/2964
f 2594/2594/2594 2966/2966/2966 2595/2595/2595
f 2594/2594/2594 2600/2600/2600 2966/2966/2966
f 2966/2966/2966 2600/2600/2600 2956/2956/2956
f 2595/2595/2595 2966/2966/2966 2956/2956/2956
f 2569/2569/2569 2967/2967/2967 2968/2968/2968
f 2968/2968/2968 2967/2967/2967 2603/2603/2603
f 2968/2968/2968 2603/2603/2603 2969/2969/2969
f 2569/2569/2569 2968/2968/2968 2969/2969/2969
f 2603/2603/2603 2970/2970/2970 2971/2971/2971
f 2971/2971/2971 2970/2970/2970 2471/2471/2471
f 2969/2969/2969 2971/2971/2971 2471/2471/2471
f 2969/2969/2969 2603/2603/2603 2971/2971/2971
f 2605/2605/2605 2972/2972/2972 2973/2973/2973
f 2973/2973/2973 2972/2972/2972 2444/2444/2444
f 2974/2974/2974 2973/2973/2973 2444/2444/2444
f 2974/2974/2974 2605/2605/2605 2973/2973/2973
f 2955/2955/2955 2975/2975/2975 2478/2478/2478
f 2955/2955/2955 2607/2607/2607 2975/2975/2975
f 2607/2607/2607 2976/2976/2976 2975/2975/2975
f 2975/2975/2975 2976/2976/2976 2478/2478/2478
f 2613/2613/2613 2977/2977/2977 2978/2978/2978
f 2978/2978/2978 2977/2977/2977 2440/2440/2440
f 2952/2952/2952 2978/2978/2978 2440/2440/2440
f 2952/2952/2952 2613/2613/2613 2978/2978/2978
f 2979/2979/2979 2980/2980/2980 2981/2981/2981
f 2979/2979/2979 2619/2619/2619 2980/2980/2980
f 2619/2619/2619 2982/2982/2982 2980/2980/2980
f 2980/2980/2980 2982/2982/2982 2981/2981/2981
f 2983/2983/2983 2984/2984/2984 2985/2985/2985
f 2983/2983/2983 2558/2558/2558 2984/2984/2984
f 2984/2984/2984 2558/2558/2558 2986/2986/2986
f 2985/2985/2985 2984/2984/2984 2986/2986/2986
f 2985/2985/2985 2986/2986/2986 2987/2987/2987
f 2987/2987/2987 2986/2986/2986 2484/2484/2484
f 2988/2988/2988 2987/2987/2987 2484/2484/2484
f 2988/2988/2988 2985/2985/2985 2987/2987/2987
f 2614/2614/2614 2989/2989/2989 2615/2615/2615
f 2614/2614/2614 2619/2619/2619 2989/2989/2989
f 2989/2989/2989 2619/2619/2619 2979/2979/2979
f 2615/2615/2615 2989/2989/2989 2979/2979/2979
f 2577/2577/2577 2990/2990/2990 2991/2991/2991
f 2991/2991/2991 2990/2990/2990 2992/2992/2992
f 2993/2993/2993 2991/2991/2991 2992/2992/2992
f 2993/2993/2993 2577/2577/2577 2991/2991/2991
f 2602/2602/2602 2994/2994/2994 2435/2435/2435
f 2602/2602/2602 2993/2993/2993 2994/2994/2994
f 2994/2994/2994 2993/2993/2993 2992/2992/2992
f 2435/2435/2435 2994/2994/2994 2992/2992/2992
f 2995/2995/2995 2992/2992/2992 2996/2996/2996
f 2997/2997/2997 2995/2995/2995 2996/2996/2996
f 2435/2435/2435 2995/2995/2995 2997/2997/2997
f 2435/2435/2435 2992/2992/2992 2995/2995/2995
f 2992/2992/2992 2998/2998/2998 2996/2996/2996
f 2996/2996/2996 2998/2998/2998 2433/2433/2433
f 2997/2997/2997 2996/2996/2996 2433/2433/2433
f 2557/2557/2557 2999/2999/2999 3000/3000/3000
f 3000/3000/3000 2999/2999/2999 3001/3001/3001
f 3002/3002/3002 3000/3000/3000 3001/3001/3001
f 3002/3002/3002 2557/2557/2557 3000/3000/3000
f 2584/2584/2584 3003/3003/3003 2420/2420/2420
f 2584/2584/2584 3002/3002/3002 3003/3003/3003
f 3003/3003/3003 3002/3002/3002 3001/3001/3001
f 2420/2420/2420 3003/3003/3003 3001/3001/3001
f 3004/3004/3004 3001/3001/3001 2418/2418/2418
f 3005/3005/3005 3004/3004/3004 2418/2418/2418
f 2420/2420/2420 3004/3004/3004 3005/3005/3005
f 2420/2420/2420 3001/3001/3001 3004/3004/3004
f 3006/3006/3006 3007/3007/3007 2162/2162/2162
f 3006/3006/3006 3008/3008/3008 3007/3007/3007
f 3008/3008/3008 3009/3009/3009 3007/3007/3007
f 3007/3007/3007 3009/3009/3009 2162/2162/2162
f 3010/3010/3010 2325/2325/2325 3011/3011/3011
f 2111/2111/2111 3010/3010/3010 3011/3011/3011
f 3012/3012/3012 3010/3010/3010 2111/2111/2111
f 3012/3012/3012 2325/2325/2325 3010/3010/3010
f 3013/3013/3013 2318/2318/2318 3014/3014/3014
f 2104/2104/2104 3013/3013/3013 3014/3014/3014
f 3015/3015/3015 3013/3013/3013 2104/2104/2104
f 3015/3015/3015 2318/2318/2318 3013/3013/3013
f 3016/3016/3016 3017/3017/3017 3018/3018/3018
f 3019/3019/3019 3016/3016/3016 3018/3018/3018
f 2805/2805/2805 3016/3016/3016 3019/3019/3019
f 2805/2805/2805 3017/3017/3017 3016/3016/3016
f 3017/3017/3017 3020/3020/3020 3018/3018/3018
f 3018/3018/3018 3020/3020/3020 3021/3021/3021
f 3019/3019/3019 3018/3018/3018 3021/3021/3021
f 2192/2192/2192 3022/3022/3022 2059/2059/2059
f 2192/2192/2192 3023/3023/3023 3022/3022/3022
f 3023/3023/3023 3024/3024/3024 3022/3022/3022
f 3022/3022/3022 3024/3024/3024 2059/2059/2059
f 3025/3025/3025 3023/3023/3023 3026/3026/3026
f 3026/3026/3026 3023/3023/3023 2192/2192/2192
f 3027/3027/3027 3026/3026/3026 2192/2192/2192
f 3027/3027/3027 3025/3025/3025 3026/3026/3026
f 3017/3017/3017 3028/3028/3028 3020/3020/3020
f 3020/3020/3020 3028/3028/3028 3025/3025/3025
f 3021/3021/3021 3020/3020/3020 3025/3025/3025
f 3029/3029/3029 3024/3024/3024 3023/3023/3023
f 3025/3025/3025 3029/3029/3029 3023/3023/3023
f 3030/3030/3030 3029/3029/3029 3025/3025/3025
f 3030/3030/3030 3024/3024/3024 3029/3029/3029
f 3028/3028/3028 3031/3031/3031 3025/3025/3025
f 3028/3028/3028 3032/3032/3032 3031/3031/3031
f 3032/3032/3032 3030/3030/3030 3031/3031/3031
f 3031/3031/3031 3030/3030/3030 3025/3025/3025
f 3033/3033/3033 3034/3034/3034 3035/3035/3035
f 3035/3035/3035 3034/3034/3034 3024/3024/3024
f 3030/3030/3030 3035/3035/3035 3024/3024/3024
f 3030/3030/3030 3033/3033/3033 3035/3035/3035
f 3036/3036/3036 3037/3037/3037 3038/3038/3038
f 3038/3038/3038 3037/3037/3037 3039/3039/3039
f 3038/3038/3038 3039/3039/3039 3032/3032/3032
f 3036/3036/3036 3038/3038/3038 3032/3032/3032
f 3037/3037/3037 3036/3036/3036 2204/2204/2204
f 2201/2201/2201 3037/3037/3037 2204/2204/2204
f 3037/3037/3037 2201/2201/2201 3039/3039/3039
f 3040/3040/3040 3033/3033/3033 3030/3030/3030
f 3032/3032/3032 3040/3040/3040 3030/3030/3030
f 3032/3032/3032 3039/3039/3039 3040/3040/3040
f 3040/3040/3040 3039/3039/3039 3033/3033/3033
f 2201/2201/2201 2057/2057/2057 3041/3041/3041
f 3041/3041/3041 2057/2057/2057 2056/2056/2056
f 3041/3041/3041 2056/2056/2056 3042/3042/3042
f 2201/2201/2201 3041/3041/3041 3042/3042/3042
f 3039/3039/3039 3043/3043/3043 3033/3033/3033
f 3039/3039/3039 2201/2201/2201 3043/3043/3043
f 3043/3043/3043 2201/2201/2201 3042/3042/3042
f 3033/3033/3033 3043/3043/3043 3042/3042/3042
f 3042/3042/3042 3044/3044/3044 3045/3045/3045
f 3042/3042/3042 2056/2056/2056 3044/3044/3044
f 2056/2056/2056 3046/3046/3046 3044/3044/3044
f 3044/3044/3044 3046/3046/3046 3045/3045/3045
f 3047/3047/3047 3048/3048/3048 3049/3049/3049
f 3049/3049/3049 3048/3048/3048 2351/2351/2351
f 3050/3050/3050 3049/3049/3049 2351/2351/2351
f 3050/3050/3050 3047/3047/3047 3049/3049/3049
f 3024/3024/3024 3034/3034/3034 3051/3051/3051
f 3051/3051/3051 3034/3034/3034 2060/2060/2060
f 2059/2059/2059 3051/3051/3051 2060/2060/2060
f 2059/2059/2059 3024/3024/3024 3051/3051/3051
f 3052/3052/3052 2068/2068/2068 3053/3053/3053
f 2143/2143/2143 3052/3052/3052 3053/3053/3053
f 3054/3054/3054 3052/3052/3052 2143/2143/2143
f 3054/3054/3054 2068/2068/2068 3052/3052/3052
f 3055/3055/3055 3056/3056/3056 3057/3057/3057
f 3057/3057/3057 3056/3056/3056 3058/3058/3058
f 3057/3057/3057 3058/3058/3058 3059/3059/3059
f 3055/3055/3055 3057/3057/3057 3059/3059/3059
f 3060/3060/3060 3061/3061/3061 3062/3062/3062
f 2278/2278/2278 3060/3060/3060 3062/3062/3062
f 2278/2278/2278 3063/3063/3063 3060/3060/3060
f 3060/3060/3060 3063/3063/3063 3061/3061/3061
f 3064/3064/3064 3065/3065/3065 3066/3066/3066
f 3058/3058/3058 3064/3064/3064 3066/3066/3066
f 3067/3067/3067 3064/3064/3064 3058/3058/3058
f 3067/3067/3067 3065/3065/3065 3064/3064/3064
f 3068/3068/3068 3069/3069/3069 3070/3070/3070
f 3070/3070/3070 3069/3069/3069 3071/3071/3071
f 3070/3070/3070 3071/3071/3071 3067/3067/3067
f 3068/3068/3068 3070/3070/3070 3067/3067/3067
f 2275/2275/2275 3072/3072/3072 3073/3073/3073
f 3073/3073/3073 3072/3072/3072 2077/2077/2077
f 3073/3073/3073 2077/2077/2077 3074/3074/3074
f 2275/2275/2275 3073/3073/3073 3074/3074/3074
f 3075/3075/3075 2077/2077/2077 2079/2079/2079
f 2271/2271/2271 3075/3075/3075 2079/2079/2079
f 3074/3074/3074 3075/3075/3075 2271/2271/2271
f 3074/3074/3074 2077/2077/2077 3075/3075/3075
f 3076/3076/3076 2271/2271/2271 3077/3077/3077
f 3071/3071/3071 3076/3076/3076 3077/3077/3077
f 3071/3071/3071 3074/3074/3074 3076/3076/3076
f 3076/3076/3076 3074/3074/3074 2271/2271/2271
f 3069/3069/3069 3078/3078/3078 3071/3071/3071
f 3069/3069/3069 2275/2275/2275 3078/3078/3078
f 3078/3078/3078 2275/2275/2275 3074/3074/3074
f 3071/3071/3071 3078/3078/3078 3074/3074/3074
f 3067/3067/3067 3079/3079/3079 3065/3065/3065
f 3067/3067/3067 3071/3071/3071 3079/3079/3079
f 3071/3071/3071 3080/3080/3080 3079/3079/3079
f 3079/3079/3079 3080/3080/3080 3065/3065/3065
f 3077/3077/3077 2271/2271/2271 2219/2219/2219
f 3080/3080/3080 3077/3077/3077 2219/2219/2219
f 3071/3071/3071 3077/3077/3077 3080/3080/3080
f 3081/3081/3081 3050/3050/3050 3082/3082/3082
f 3082/3082/3082 3050/3050/3050 3083/3083/3083
f 3082/3082/3082 3083/3083/3083 3084/3084/3084
f 3081/3081/3081 3082/3082/3082 3084/3084/3084
f 3085/3085/3085 3086/3086/3086 2350/2350/2350
f 3085/3085/3085 3084/3084/3084 3086/3086/3086
f 3084/3084/3084 3083/3083/3083 3086/3086/3086
f 3086/3086/3086 3083/3083/3083 2350/2350/2350
f 2311/2311/2311 3087/3087/3087 3088/3088/3088
f 3088/3088/3088 3087/3087/3087 3089/3089/3089
f 3090/3090/3090 3088/3088/3088 3089/3089/3089
f 3090/3090/3090 2311/2311/2311 3088/3088/3088
f 3089/3089/3089 3008/3008/3008 3006/3006/3006
f 3091/3091/3091 3092/3092/3092 3093/3093/3093
f 3093/3093/3093 3092/3092/3092 2342/2342/2342
f 3008/3008/3008 3093/3093/3093 2342/2342/2342
f 3008/3008/3008 3091/3091/3091 3093/3093/3093
f 3094/3094/3094 3095/3095/3095 3096/3096/3096
f 3096/3096/3096 3095/3095/3095 3097/3097/3097
f 3096/3096/3096 3097/3097/3097 3098/3098/3098
f 3094/3094/3094 3096/3096/3096 3098/3098/3098
f 3099/3099/3099 3100/3100/3100 2336/2336/2336
f 3099/3099/3099 3098/3098/3098 3100/3100/3100
f 3098/3098/3098 3097/3097/3097 3100/3100/3100
f 3100/3100/3100 3097/3097/3097 2336/2336/2336
f 3101/3101/3101 3102/3102/3102 3103/3103/3103
f 3103/3103/3103 3102/3102/3102 2075/2075/2075
f 3103/3103/3103 2075/2075/2075 2066/2066/2066
f 3101/3101/3101 3103/3103/3103 2066/2066/2066
f 2067/2067/2067 3104/3104/3104 2073/2073/2073
f 2067/2067/2067 2066/2066/2066 3104/3104/3104
f 2066/2066/2066 2075/2075/2075 3104/3104/3104
f 3104/3104/3104 2075/2075/2075 2073/2073/2073
f 2867/2867/2867 3105/3105/3105 3106/3106/3106
f 3106/3106/3106 3105/3105/3105 3107/3107/3107
f 2287/2287/2287 3106/3106/3106 3107/3107/3107
f 2287/2287/2287 2867/2867/2867 3106/3106/3106
f 3108/3108/3108 3109/3109/3109 3110/3110/3110
f 3108/3108/3108 2861/2861/2861 3109/3109/3109
f 2861/2861/2861 2147/2147/2147 3109/3109/3109
f 3109/3109/3109 2147/2147/2147 3110/3110/3110
f 2871/2871/2871 3111/3111/3111 3112/3112/3112
f 3112/3112/3112 3111/3111/3111 3113/3113/3113
f 2329/2329/2329 3112/3112/3112 3113/3113/3113
f 2329/2329/2329 2871/2871/2871 3112/3112/3112
f 3114/3114/3114 3115/3115/3115 3116/3116/3116
f 3114/3114/3114 2853/2853/2853 3115/3115/3115
f 2853/2853/2853 2116/2116/2116 3115/3115/3115
f 3115/3115/3115 2116/2116/2116 3116/3116/3116
f 3117/3117/3117 3118/3118/3118 3119/3119/3119
f 3117/3117/3117 2855/2855/2855 3118/3118/3118
f 2855/2855/2855 2109/2109/2109 3118/3118/3118
f 3118/3118/3118 2109/2109/2109 3119/3119/3119
f 2330/2330/2330 3120/3120/3120 3121/3121/3121
f 3121/3121/3121 3120/3120/3120 2842/2842/2842
f 3099/3099/3099 2336/2336/2336 2105/2105/2105
f 2318/2318/2318 2319/2319/2319 3122/3122/3122
f 2318/2318/2318 3122/3122/3122 3099/3099/3099
f 3122/3122/3122 3098/3098/3098 3099/3099/3099
f 3089/3089/3089 3091/3091/3091 3008/3008/3008
f 3092/3092/3092 2340/2340/2340 2342/2342/2342
f 3123/3123/3123 2340/2340/2340 3092/3092/3092
f 3123/3123/3123 3092/3092/3092 3091/3091/3091
f 3087/3087/3087 3091/3091/3091 3089/3089/3089
f 2310/2310/2310 3087/3087/3087 2311/2311/2311
f 3083/3083/3083 2351/2351/2351 2350/2350/2350
f 3085/3085/3085 2350/2350/2350 2112/2112/2112
f 2325/2325/2325 2326/2326/2326 3124/3124/3124
f 2325/2325/2325 3124/3124/3124 3085/3085/3085
f 3124/3124/3124 3084/3084/3084 3085/3085/3085
f 3125/3125/3125 2225/2225/2225 2227/2227/2227
f 2228/2228/2228 2225/2225/2225 3125/3125/3125
f 2228/2228/2228 3125/3125/3125 2229/2229/2229
f 3125/3125/3125 2227/2227/2227 2229/2229/2229
f 2228/2228/2228 3126/3126/3126 2082/2082/2082
f 3126/3126/3126 2231/2231/2231 2082/2082/2082
f 3126/3126/3126 2101/2101/2101 2231/2231/2231
f 2228/2228/2228 2101/2101/2101 3126/3126/3126
f 3127/3127/3127 2232/2232/2232 2234/2234/2234
f 2235/2235/2235 2232/2232/2232 3127/3127/3127
f 2235/2235/2235 3127/3127/3127 2236/2236/2236
f 3127/3127/3127 2234/2234/2234 2236/2236/2236
f 2235/2235/2235 3128/3128/3128 2140/2140/2140
f 3128/3128/3128 2238/2238/2238 2140/2140/2140
f 3128/3128/3128 2135/2135/2135 2238/2238/2238
f 2235/2235/2235 2135/2135/2135 3128/3128/3128
f 3129/3129/3129 2239/2239/2239 2241/2241/2241
f 2242/2242/2242 2239/2239/2239 3129/3129/3129
f 2242/2242/2242 3129/3129/3129 2243/2243/2243
f 3129/3129/3129 2241/2241/2241 2243/2243/2243
f 2242/2242/2242 3130/3130/3130 2130/2130/2130
f 3130/3130/3130 2244/2244/2244 2130/2130/2130
f 3130/3130/3130 2125/2125/2125 2244/2244/2244
f 2242/2242/2242 2125/2125/2125 3130/3130/3130
f 3131/3131/3131 2245/2245/2245 2247/2247/2247
f 2248/2248/2248 2245/2245/2245 3131/3131/3131
f 2248/2248/2248 3131/3131/3131 2249/2249/2249
f 3131/3131/3131 2247/2247/2247 2249/2249/2249
f 2248/2248/2248 3132/3132/3132 2087/2087/2087
f 3132/3132/3132 2251/2251/2251 2087/2087/2087
f 3132/3132/3132 2096/2096/2096 2251/2251/2251
f 2248/2248/2248 2096/2096/2096 3132/3132/3132
f 3133/3133/3133 2252/2252/2252 2253/2253/2253
f 2254/2254/2254 2252/2252/2252 3133/3133/3133
f 2254/2254/2254 3133/3133/3133 2255/2255/2255
f 3133/3133/3133 2253/2253/2253 2255/2255/2255
f 2256/2256/2256 3134/3134/3134 2255/2255/2255
f 3134/3134/3134 2257/2257/2257 2255/2255/2255
f 2254/2254/2254 3135/3135/3135 2120/2120/2120
f 3135/3135/3135 2258/2258/2258 2120/2120/2120
f 3135/3135/3135 2259/2259/2259 2258/2258/2258
f 2254/2254/2254 2259/2259/2259 3135/3135/3135
f 2257/2257/2257 3136/3136/3136 2259/2259/2259
f 3136/3136/3136 2260/2260/2260 2259/2259/2259
f 3137/3137/3137 2261/2261/2261 2263/2263/2263
f 2264/2264/2264 2261/2261/2261 3137/3137/3137
f 2264/2264/2264 3137/3137/3137 2265/2265/2265
f 3137/3137/3137 2263/2263/2263 2265/2265/2265
f 2266/2266/2266 3138/3138/3138 2265/2265/2265
f 3138/3138/3138 2267/2267/2267 2265/2265/2265
f 2264/2264/2264 3139/3139/3139 2092/2092/2092
f 3139/3139/3139 2268/2268/2268 2092/2092/2092
f 3139/3139/3139 2269/2269/2269 2268/2268/2268
f 2264/2264/2264 2269/2269/2269 3139/3139/3139
f 2267/2267/2267 3140/3140/3140 2269/2269/2269
f 3140/3140/3140 2270/2270/2270 2269/2269/2269
f 2176/2176/2176 2633/2633/2633 2177/2177/2177
f 2226/2226/2226 2633/2633/2633 2632/2632/2632
f 2172/2172/2172 2671/2671/2671 2173/2173/2173
f 2262/2262/2262 2671/2671/2671 2670/2670/2670
f 2655/2655/2655 2171/2171/2171 2170/2170/2170
f 2655/2655/2655 2250/2250/2250 2662/2662/2662
f 2174/2174/2174 2642/2642/2642 2175/2175/2175
f 2246/2246/2246 2642/2642/2642 2641/2641/2641
f 2648/2648/2648 2169/2169/2169 2168/2168/2168
f 2648/2648/2648 2230/2230/2230 2649/2649/2649
f 2189/2189/2189 2639/2639/2639 2190/2190/2190
f 2178/2178/2178 2639/2639/2639 2179/2179/2179
f 3101/3101/3101 3141/3141/3141 3102/3102/3102
f 2644/2644/2644 2188/2188/2188 2187/2187/2187
f 3102/3102/3102 2076/2076/2076 2075/2075/2075
f 2644/2644/2644 2062/2062/2062 2064/2064/2064
f 2185/2185/2185 2637/2637/2637 2186/2186/2186
f 2240/2240/2240 2637/2637/2637 2537/2537/2537
f 3142/3142/3142 3141/3141/3141 3101/3101/3101
f 2088/2088/2088 2160/2160/2160 2818/2818/2818
f 2646/2646/2646 2184/2184/2184 2183/2183/2183
f 3143/3143/3143 2761/2761/2761 2766/2766/2766
f 2646/2646/2646 2237/2237/2237 2536/2536/2536
f 2181/2181/2181 2673/2673/2673 2182/2182/2182
f 3144/3144/3144 3101/3101/3101 2066/2066/2066
f 2233/2233/2233 2673/2673/2673 2529/2529/2529
f 2069/2069/2069 3101/3101/3101 3144/3144/3144
f 2065/2065/2065 2069/2069/2069 3144/3144/3144
f 2065/2065/2065 3144/3144/3144 2066/2066/2066
f 2146/2146/2146 2240/2240/2240 2537/2537/2537
f 3145/3145/3145 3101/3101/3101 2069/2069/2069
f 3145/3145/3145 3142/3142/3142 3101/3101/3101
f 2282/2282/2282 3142/3142/3142 3145/3145/3145
f 3146/3146/3146 2079/2079/2079 2272/2272/2272
f 2219/2219/2219 2079/2079/2079 3146/3146/3146
f 2219/2219/2219 3146/3146/3146 2273/2273/2273
f 3146/3146/3146 2272/2272/2272 2273/2273/2273
f 2273/2273/2273 2272/2272/2272 2677/2677/2677
f 2273/2273/2273 2677/2677/2677 2070/2070/2070
f 2677/2677/2677 2298/2298/2298 2070/2070/2070
f 3147/3147/3147 2738/2738/2738 2121/2121/2121
f 2737/2737/2737 3148/3148/3148 2124/2124/2124
f 3149/3149/3149 2731/2731/2731 2131/2131/2131
f 2276/2276/2276 2275/2275/2275 3069/3069/3069
f 2727/2727/2727 3150/3150/3150 2134/2134/2134
f 2276/2276/2276 3069/3069/3069 3068/3068/3068
f 3151/3151/3151 2721/2721/2721 2141/2141/2141
f 3063/3063/3063 2276/2276/2276 3068/3068/3068
f 2278/2278/2278 2276/2276/2276 3063/3063/3063
f 3063/3063/3063 3068/3068/3068 3061/3061/3061
f 3059/3059/3059 3058/3058/3058 2221/2221/2221
f 3058/3058/3058 3066/3066/3066 2221/2221/2221
f 2221/2221/2221 3066/3066/3066 2218/2218/2218
f 3066/3066/3066 3065/3065/3065 2218/2218/2218
f 2281/2281/2281 2280/2280/2280 3152/3152/3152
f 2281/2281/2281 3152/3152/3152 2068/2068/2068
f 3152/3152/3152 2283/2283/2283 2068/2068/2068
f 2280/2280/2280 2283/2283/2283 3152/3152/3152
f 2281/2281/2281 2068/2068/2068 3054/3054/3054
f 2749/2749/2749 2281/2281/2281 3054/3054/3054
f 2749/2749/2749 3054/3054/3054 2143/2143/2143
f 2283/2283/2283 2282/2282/2282 3153/3153/3153
f 2283/2283/2283 3153/3153/3153 2069/2069/2069
f 3153/3153/3153 3145/3145/3145 2069/2069/2069
f 2282/2282/2282 3145/3145/3145 3153/3153/3153
f 2143/2143/2143 3053/3053/3053 2074/2074/2074
f 3053/3053/3053 2067/2067/2067 2074/2074/2074
f 2068/2068/2068 2067/2067/2067 3053/3053/3053
f 2797/2797/2797 2782/2782/2782 2083/2083/2083
f 2074/2074/2074 2073/2073/2073 3154/3154/3154
f 2144/2144/2144 2074/2074/2074 3154/3154/3154
f 2818/2818/2818 2784/2784/2784 2088/2088/2088
f 2786/2786/2786 2792/2792/2792 2100/2100/2100
f 2144/2144/2144 3154/3154/3154 2292/2292/2292
f 3155/3155/3155 2286/2286/2286 2076/2076/2076
f 2180/2180/2180 2788/2788/2788 2093/2093/2093
f 3141/3141/3141 2286/2286/2286 3155/3155/3155
f 2790/2790/2790 2072/2072/2072 2071/2071/2071
f 3102/3102/3102 3141/3141/3141 3155/3155/3155
f 3102/3102/3102 3155/3155/3155 2076/2076/2076
f 3156/3156/3156 2289/2289/2289 2290/2290/2290
f 2076/2076/2076 2289/2289/2289 3156/3156/3156
f 2076/2076/2076 3156/3156/3156 2291/2291/2291
f 3156/3156/3156 2290/2290/2290 2291/2291/2291
f 3157/3157/3157 2291/2291/2291 2292/2292/2292
f 2073/2073/2073 2291/2291/2291 3157/3157/3157
f 3154/3154/3154 2073/2073/2073 3157/3157/3157
f 3154/3154/3154 3157/3157/3157 2292/2292/2292
f 2078/2078/2078 3158/3158/3158 2296/2296/2296
f 3158/3158/3158 2160/2160/2160 2296/2296/2296
f 2819/2819/2819 2160/2160/2160 3158/3158/3158
f 2819/2819/2819 3158/3158/3158 2078/2078/2078
f 3072/3072/3072 2819/2819/2819 2078/2078/2078
f 2275/2275/2275 2819/2819/2819 3072/3072/3072
f 3072/3072/3072 2078/2078/2078 2077/2077/2077
f 2218/2218/2218 3065/3065/3065 3159/3159/3159
f 2218/2218/2218 3159/3159/3159 2219/2219/2219
f 3159/3159/3159 3080/3080/3080 2219/2219/2219
f 3065/3065/3065 3080/3080/3080 3159/3159/3159
f 3094/3094/3094 3160/3160/3160 3095/3095/3095
f 3095/3095/3095 2333/2333/2333 3097/3097/3097
f 3161/3161/3161 3160/3160/3160 3094/3094/3094
f 3120/3120/3120 2838/2838/2838 2842/2842/2842
f 3162/3162/3162 3094/3094/3094 3098/3098/3098
f 2319/2319/2319 3094/3094/3094 3162/3162/3162
f 3122/3122/3122 2319/2319/2319 3162/3162/3162
f 3122/3122/3122 3162/3162/3162 3098/3098/3098
f 3163/3163/3163 3094/3094/3094 2319/2319/2319
f 3163/3163/3163 3161/3161/3161 3094/3094/3094
f 2316/2316/2316 3161/3161/3161 3163/3163/3163
f 3081/3081/3081 3047/3047/3047 3050/3050/3050
f 3050/3050/3050 2351/2351/2351 3083/3083/3083
f 3164/3164/3164 3047/3047/3047 3081/3081/3081
f 3165/3165/3165 3081/3081/3081 3084/3084/3084
f 2326/2326/2326 3081/3081/3081 3165/3165/3165
f 3124/3124/3124 2326/2326/2326 3165/3165/3165
f 3124/3124/3124 3165/3165/3165 3084/3084/3084
f 3166/3166/3166 3081/3081/3081 2326/2326/2326
f 3166/3166/3166 3164/3164/3164 3081/3081/3081
f 2323/2323/2323 3164/3164/3164 3166/3166/3166
f 2061/2061/2061 3167/3167/3167 2304/2304/2304
f 3167/3167/3167 3045/3045/3045 2304/2304/2304
f 2060/2060/2060 3045/3045/3045 3167/3167/3167
f 2060/2060/2060 3167/3167/3167 2061/2061/2061
f 3168/3168/3168 2304/2304/2304 2305/2305/2305
f 2061/2061/2061 2304/2304/2304 3168/3168/3168
f 2061/2061/2061 3168/3168/3168 2306/2306/2306
f 3168/3168/3168 2305/2305/2305 2306/2306/2306
f 3045/3045/3045 3046/3046/3046 2304/2304/2304
f 3046/3046/3046 2058/2058/2058 2304/2304/2304
f 2056/2056/2056 2058/2058/2058 3046/3046/3046
f 3033/3033/3033 3042/3042/3042 3045/3045/3045
f 2153/2153/2153 2100/2100/2100 2792/2792/2792
f 2237/2237/2237 2151/2151/2151 2536/2536/2536
f 3033/3033/3033 3045/3045/3045 3034/3034/3034
f 3034/3034/3034 3045/3045/3045 2060/2060/2060
f 3169/3169/3169 3123/3123/3123 3091/3091/3091
f 2310/2310/2310 3123/3123/3123 3169/3169/3169
f 2310/2310/2310 3169/3169/3169 3087/3087/3087
f 3169/3169/3169 3091/3091/3091 3087/3087/3087
f 3021/3021/3021 3025/3025/3025 3027/3027/3027
f 2307/2307/2307 3170/3170/3170 2308/2308/2308
f 3170/3170/3170 2310/2310/2310 2308/2308/2308
f 2312/2312/2312 2310/2310/2310 3170/3170/3170
f 2312/2312/2312 3170/3170/3170 2307/2307/2307
f 2308/2308/2308 2311/2311/2311 3171/3171/3171
f 2308/2308/2308 3171/3171/3171 2309/2309/2309
f 2309/2309/2309 3171/3171/3171 3090/3090/3090
f 3171/3171/3171 2311/2311/2311 3090/3090/3090
f 2315/2315/2315 2314/2314/2314 3172/3172/3172
f 2315/2315/2315 3172/3172/3172 2318/2318/2318
f 3172/3172/3172 2317/2317/2317 2318/2318/2318
f 2314/2314/2314 2317/2317/2317 3172/3172/3172
f 2315/2315/2315 2318/2318/2318 3015/3015/3015
f 2830/2830/2830 2315/2315/2315 3015/3015/3015
f 2830/2830/2830 3015/3015/3015 2104/2104/2104
f 2317/2317/2317 2316/2316/2316 3173/3173/3173
f 2317/2317/2317 3173/3173/3173 2319/2319/2319
f 3173/3173/3173 3163/3163/3163 2319/2319/2319
f 2316/2316/2316 3163/3163/3163 3173/3173/3173
f 2322/2322/2322 2321/2321/2321 3174/3174/3174
f 2322/2322/2322 3174/3174/3174 2325/2325/2325
f 3174/3174/3174 2324/2324/2324 2325/2325/2325
f 2321/2321/2321 2324/2324/2324 3174/3174/3174
f 2322/2322/2322 2325/2325/2325 3012/3012/3012
f 2821/2821/2821 2322/2322/2322 3012/3012/3012
f 2821/2821/2821 3012/3012/3012 2111/2111/2111
f 2324/2324/2324 2323/2323/2323 3175/3175/3175
f 2324/2324/2324 3175/3175/3175 2326/2326/2326
f 3175/3175/3175 3166/3166/3166 2326/2326/2326
f 2323/2323/2323 3166/3166/3166 3175/3175/3175
f 2195/2195/2195 2194/2194/2194 3176/3176/3176
f 2195/2195/2195 3176/3176/3176 3123/3123/3123
f 3176/3176/3176 2340/2340/2340 3123/3123/3123
f 3177/3177/3177 2327/2327/2327 2340/2340/2340
f 2194/2194/2194 2327/2327/2327 3177/3177/3177
f 3176/3176/3176 2194/2194/2194 3177/3177/3177
f 3176/3176/3176 3177/3177/3177 2340/2340/2340
f 2111/2111/2111 3011/3011/3011 2112/2112/2112
f 3011/3011/3011 3085/3085/3085 2112/2112/2112
f 2325/2325/2325 3085/3085/3085 3011/3011/3011
f 2112/2112/2112 2350/2350/2350 3178/3178/3178
f 2113/2113/2113 2112/2112/2112 3178/3178/3178
f 2113/2113/2113 3178/3178/3178 2349/2349/2349
f 2104/2104/2104 3014/3014/3014 2105/2105/2105
f 3014/3014/3014 3099/3099/3099 2105/2105/2105
f 2318/2318/2318 3099/3099/3099 3014/3014/3014
f 2105/2105/2105 2336/2336/2336 3179/3179/3179
f 2106/2106/2106 2105/2105/2105 3179/3179/3179
f 2106/2106/2106 3179/3179/3179 2335/2335/2335
f 3180/3180/3180 2328/2328/2328 2333/2333/2333
f 3160/3160/3160 2328/2328/2328 3180/3180/3180
f 3095/3095/3095 3160/3160/3160 3180/3180/3180
f 3095/3095/3095 3180/3180/3180 2333/2333/2333
f 3181/3181/3181 2331/2331/2331 2332/2332/2332
f 2333/2333/2333 2331/2331/2331 3181/3181/3181
f 2333/2333/2333 3181/3181/3181 2334/2334/2334
f 3181/3181/3181 2332/2332/2332 2334/2334/2334
f 3182/3182/3182 2334/2334/2334 2335/2335/2335
f 2336/2336/2336 2334/2334/2334 3182/3182/3182
f 3179/3179/3179 2336/2336/2336 3182/3182/3182
f 3179/3179/3179 3182/3182/3182 2335/2335/2335
f 3183/3183/3183 2337/2337/2337 2154/2154/2154
f 2305/2305/2305 2337/2337/2337 3183/3183/3183
f 2305/2305/2305 3183/3183/3183 2338/2338/2338
f 3183/3183/3183 2154/2154/2154 2338/2338/2338
f 2058/2058/2058 3184/3184/3184 2337/2337/2337
f 3184/3184/3184 2155/2155/2155 2337/2337/2337
f 2057/2057/2057 2155/2155/2155 3184/3184/3184
f 2057/2057/2057 3184/3184/3184 2058/2058/2058
f 3185/3185/3185 2339/2339/2339 2163/2163/2163
f 2340/2340/2340 2339/2339/2339 3185/3185/3185
f 2340/2340/2340 3185/3185/3185 2341/2341/2341
f 3185/3185/3185 2163/2163/2163 2341/2341/2341
f 3009/3009/3009 2341/2341/2341 2162/2162/2162
f 2342/2342/2342 2341/2341/2341 3009/3009/3009
f 3008/3008/3008 2342/2342/2342 3009/3009/3009
f 3186/3186/3186 2343/2343/2343 2344/2344/2344
f 2351/2351/2351 2343/2343/2343 3186/3186/3186
f 2351/2351/2351 3186/3186/3186 2348/2348/2348
f 3186/3186/3186 2344/2344/2344 2348/2348/2348
f 3187/3187/3187 2167/2167/2167 2343/2343/2343
f 2083/2083/2083 2155/2155/2155 2797/2797/2797
f 3048/3048/3048 2343/2343/2343 2351/2351/2351
f 3048/3048/3048 3187/3187/3187 2343/2343/2343
f 3047/3047/3047 3187/3187/3187 3048/3048/3048
f 3188/3188/3188 2348/2348/2348 2349/2349/2349
f 2350/2350/2350 2348/2348/2348 3188/3188/3188
f 3178/3178/3178 2350/2350/2350 3188/3188/3188
f 3178/3178/3178 3188/3188/3188 2349/2349/2349
f 2108/2108/2108 2233/2233/2233 2529/2529/2529
f 2417/2417/2417 2420/2420/2420 3005/3005/3005
f 2417/2417/2417 3005/3005/3005 2418/2418/2418
f 2584/2584/2584 2557/2557/2557 3002/3002/3002
f 3189/3189/3189 2421/2421/2421 2423/2423/2423
f 2425/2425/2425 2421/2421/2421 3189/3189/3189
f 2627/2627/2627 2425/2425/2425 3189/3189/3189
f 2627/2627/2627 3189/3189/3189 2423/2423/2423
f 3190/3190/3190 2426/2426/2426 2428/2428/2428
f 2430/2430/2430 2426/2426/2426 3190/3190/3190
f 2623/2623/2623 2430/2430/2430 3190/3190/3190
f 2623/2623/2623 3190/3190/3190 2428/2428/2428
f 2432/2432/2432 2435/2435/2435 2997/2997/2997
f 2432/2432/2432 2997/2997/2997 2433/2433/2433
f 2602/2602/2602 2577/2577/2577 2993/2993/2993
f 2418/2418/2418 3191/3191/3191 2436/2436/2436
f 3191/3191/3191 2615/2615/2615 2436/2436/2436
f 3001/3001/3001 2615/2615/2615 3191/3191/3191
f 3001/3001/3001 3191/3191/3191 2418/2418/2418
f 2615/2615/2615 2979/2979/2979 2436/2436/2436
f 2436/2436/2436 2979/2979/2979 2981/2981/2981
f 2619/2619/2619 2988/2988/2988 2484/2484/2484
f 2618/2618/2618 2985/2985/2985 2988/2988/2988
f 2618/2618/2618 2988/2988/2988 2619/2619/2619
f 2986/2986/2986 2610/2610/2610 2484/2484/2484
f 2558/2558/2558 2610/2610/2610 2986/2986/2986
f 3192/3192/3192 2493/2493/2493 2437/2437/2437
f 2484/2484/2484 2493/2493/2493 3192/3192/3192
f 2619/2619/2619 2484/2484/2484 2982/2982/2982
f 2981/2981/2981 2982/2982/2982 3192/3192/3192
f 2982/2982/2982 2484/2484/2484 3192/3192/3192
f 2478/2478/2478 2613/2613/2613 2952/2952/2952
f 2977/2977/2977 2441/2441/2441 2440/2440/2440
f 2977/2977/2977 2626/2626/2626 2441/2441/2441
f 2613/2613/2613 2626/2626/2626 2977/2977/2977
f 2976/2976/2976 2613/2613/2613 2478/2478/2478
f 2976/2976/2976 2608/2608/2608 2613/2613/2613
f 2607/2607/2607 2608/2608/2608 2976/2976/2976
f 2441/2441/2441 3193/3193/3193 2438/2438/2438
f 3193/3193/3193 2423/2423/2423 2438/2438/2438
f 3193/3193/3193 2627/2627/2627 2423/2423/2423
f 2441/2441/2441 2627/2627/2627 3193/3193/3193
f 2471/2471/2471 2605/2605/2605 2974/2974/2974
f 2471/2471/2471 2974/2974/2974 2486/2486/2486
f 2974/2974/2974 2444/2444/2444 2486/2486/2486
f 2972/2972/2972 2445/2445/2445 2444/2444/2444
f 2972/2972/2972 2622/2622/2622 2445/2445/2445
f 2605/2605/2605 2622/2622/2622 2972/2972/2972
f 2617/2617/2617 2569/2569/2569 2969/2969/2969
f 2617/2617/2617 2969/2969/2969 2471/2471/2471
f 2970/2970/2970 2605/2605/2605 2471/2471/2471
f 2970/2970/2970 2604/2604/2604 2605/2605/2605
f 2603/2603/2603 2604/2604/2604 2970/2970/2970
f 2445/2445/2445 3194/3194/3194 2442/2442/2442
f 3194/3194/3194 2428/2428/2428 2442/2442/2442
f 3194/3194/3194 2623/2623/2623 2428/2428/2428
f 2445/2445/2445 2623/2623/2623 3194/3194/3194
f 2433/2433/2433 2998/2998/2998 2446/2446/2446
f 2998/2998/2998 2595/2595/2595 2446/2446/2446
f 2992/2992/2992 2595/2595/2595 2998/2998/2998
f 2595/2595/2595 2956/2956/2956 2446/2446/2446
f 2446/2446/2446 2956/2956/2956 2958/2958/2958
f 2600/2600/2600 2965/2965/2965 2458/2458/2458
f 2598/2598/2598 2962/2962/2962 2965/2965/2965
f 2598/2598/2598 2965/2965/2965 2600/2600/2600
f 2963/2963/2963 2621/2621/2621 2458/2458/2458
f 2578/2578/2578 2621/2621/2621 2963/2963/2963
f 2600/2600/2600 2458/2458/2458 2959/2959/2959
f 2958/2958/2958 2959/2959/2959 2461/2461/2461
f 2959/2959/2959 2458/2458/2458 2461/2461/2461
f 2612/2612/2612 2563/2563/2563 2955/2955/2955
f 2612/2612/2612 2955/2955/2955 2478/2478/2478
f 2448/2448/2448 3195/3195/3195 2449/2449/2449
f 3195/3195/3195 3196/3196/3196 2449/2449/2449
f 3195/3195/3195 2724/2724/2724 3196/3196/3196
f 2448/2448/2448 2724/2724/2724 3195/3195/3195
f 2456/2456/2456 3197/3197/3197 2453/2453/2453
f 3197/3197/3197 2454/2454/2454 2453/2453/2453
f 2734/2734/2734 2454/2454/2454 3197/3197/3197
f 2734/2734/2734 3197/3197/3197 2456/2456/2456
f 2465/2465/2465 3198/3198/3198 2462/2462/2462
f 3198/3198/3198 2463/2463/2463 2462/2462/2462
f 2729/2729/2729 2463/2463/2463 3198/3198/3198
f 2729/2729/2729 3198/3198/3198 2465/2465/2465
f 2469/2469/2469 3199/3199/3199 2470/2470/2470
f 3199/3199/3199 3200/3200/3200 2470/2470/2470
f 3199/3199/3199 2717/2717/2717 3200/3200/3200
f 2469/2469/2469 2717/2717/2717 3199/3199/3199
f 2437/2437/2437 3201/3201/3201 2473/2473/2473
f 3201/3201/3201 2949/2949/2949 2473/2473/2473
f 2493/2493/2493 2949/2949/2949 3201/3201/3201
f 2493/2493/2493 3201/3201/3201 2437/2437/2437
f 2949/2949/2949 2941/2941/2941 2473/2473/2473
f 2473/2473/2473 2941/2941/2941 2943/2943/2943
f 2483/2483/2483 2947/2947/2947 2368/2368/2368
f 2482/2482/2482 2481/2481/2481 2947/2947/2947
f 2482/2482/2482 2947/2947/2947 2483/2483/2483
f 2945/2945/2945 2625/2625/2625 2368/2368/2368
f 2609/2609/2609 2625/2625/2625 2945/2945/2945
f 2407/2407/2407 2414/2414/2414 3202/3202/3202
f 2406/2406/2406 2407/2407/2407 3202/3202/3202
f 3203/3203/3203 2376/2376/2376 2474/2474/2474
f 2368/2368/2368 2376/2376/2376 3203/3203/3203
f 2397/2397/2397 2395/2395/2395 3204/3204/3204
f 2400/2400/2400 2397/2397/2397 3204/3204/3204
f 2483/2483/2483 2368/2368/2368 2944/2944/2944
f 2394/2394/2394 2401/2401/2401 3205/3205/3205
f 2393/2393/2393 2394/2394/2394 3205/3205/3205
f 2943/2943/2943 2944/2944/2944 3203/3203/3203
f 2944/2944/2944 2368/2368/2368 3203/3203/3203
f 2381/2381/2381 2388/2388/2388 3206/3206/3206
f 2380/2380/2380 2381/2381/2381 3206/3206/3206
f 2362/2362/2362 2479/2479/2479 2940/2940/2940
f 2384/2384/2384 2382/2382/2382 3207/3207/3207
f 2386/2386/2386 2384/2384/2384 3207/3207/3207
f 2362/2362/2362 2940/2940/2940 2374/2374/2374
f 2940/2940/2940 2490/2490/2490 2374/2374/2374
f 2938/2938/2938 2491/2491/2491 2490/2490/2490
f 2938/2938/2938 2492/2492/2492 2491/2491/2491
f 2479/2479/2479 2492/2492/2492 2938/2938/2938
f 2628/2628/2628 2611/2611/2611 2937/2937/2937
f 2628/2628/2628 2937/2937/2937 2362/2362/2362
f 2935/2935/2935 2479/2479/2479 2362/2362/2362
f 2935/2935/2935 2477/2477/2477 2479/2479/2479
f 2475/2475/2475 2477/2477/2477 2935/2935/2935
f 2491/2491/2491 3208/3208/3208 2488/2488/2488
f 3208/3208/3208 2439/2439/2439 2488/2488/2488
f 3208/3208/3208 2492/2492/2492 2439/2439/2439
f 2491/2491/2491 2492/2492/2492 3208/3208/3208
f 2357/2357/2357 2472/2472/2472 2934/2934/2934
f 2357/2357/2357 2934/2934/2934 2371/2371/2371
f 2934/2934/2934 2496/2496/2496 2371/2371/2371
f 2932/2932/2932 2487/2487/2487 2496/2496/2496
f 2932/2932/2932 2485/2485/2485 2487/2487/2487
f 2472/2472/2472 2485/2485/2485 2932/2932/2932
f 2630/2630/2630 2616/2616/2616 2931/2931/2931
f 2630/2630/2630 2931/2931/2931 2357/2357/2357
f 2929/2929/2929 2472/2472/2472 2357/2357/2357
f 2929/2929/2929 2468/2468/2468 2472/2472/2472
f 2466/2466/2466 2468/2468/2468 2929/2929/2929
f 2487/2487/2487 3209/3209/3209 2494/2494/2494
f 3209/3209/3209 2443/2443/2443 2494/2494/2494
f 3209/3209/3209 2486/2486/2486 2443/2443/2443
f 2487/2487/2487 2486/2486/2486 3209/3209/3209
f 2447/2447/2447 3210/3210/3210 2497/2497/2497
f 3210/3210/3210 2460/2460/2460 2497/2497/2497
f 2461/2461/2461 2460/2460/2460 3210/3210/3210
f 2461/2461/2461 3210/3210/3210 2447/2447/2447
f 2460/2460/2460 2920/2920/2920 2497/2497/2497
f 2497/2497/2497 2920/2920/2920 2922/2922/2922
f 2457/2457/2457 2928/2928/2928 2353/2353/2353
f 2452/2452/2452 2451/2451/2451 2928/2928/2928
f 2452/2452/2452 2928/2928/2928 2457/2457/2457
f 2926/2926/2926 2635/2635/2635 2353/2353/2353
f 2620/2620/2620 2635/2635/2635 2926/2926/2926
f 3211/3211/3211 2369/2369/2369 2498/2498/2498
f 2353/2353/2353 2369/2369/2369 3211/3211/3211
f 2457/2457/2457 2353/2353/2353 2923/2923/2923
f 2922/2922/2922 2923/2923/2923 3211/3211/3211
f 2923/2923/2923 2353/2353/2353 3211/3211/3211
f 2501/2501/2501 3212/3212/3212 2502/2502/2502
f 3212/3212/3212 2715/2715/2715 2502/2502/2502
f 3213/3213/3213 2715/2715/2715 3212/3212/3212
f 2500/2500/2500 2502/2502/2502 3214/3214/3214
f 2500/2500/2500 3214/3214/3214 2448/2448/2448
f 3214/3214/3214 2725/2725/2725 2448/2448/2448
f 2502/2502/2502 2725/2725/2725 3214/3214/3214
f 3215/3215/3215 2503/2503/2503 2454/2454/2454
f 3216/3216/3216 2503/2503/2503 3215/3215/3215
f 2735/2735/2735 3216/3216/3216 3215/3215/3215
f 2735/2735/2735 3215/3215/3215 2454/2454/2454
f 3217/3217/3217 2505/2505/2505 2463/2463/2463
f 3218/3218/3218 2505/2505/2505 3217/3217/3217
f 2730/2730/2730 3218/3218/3218 3217/3217/3217
f 2730/2730/2730 3217/3217/3217 2463/2463/2463
f 2509/2509/2509 3219/3219/3219 2510/2510/2510
f 3219/3219/3219 2702/2702/2702 2510/2510/2510
f 3220/3220/3220 2702/2702/2702 3219/3219/3219
f 2508/2508/2508 2510/2510/2510 3221/3221/3221
f 2508/2508/2508 3221/3221/3221 2469/2469/2469
f 3221/3221/3221 2718/2718/2718 2469/2469/2469
f 2510/2510/2510 2718/2718/2718 3221/3221/3221
f 2474/2474/2474 3222/3222/3222 2511/2511/2511
f 3222/3222/3222 2919/2919/2919 2511/2511/2511
f 2376/2376/2376 2919/2919/2919 3222/3222/3222
f 2376/2376/2376 3222/3222/3222 2474/2474/2474
f 2919/2919/2919 2910/2910/2910 2511/2511/2511
f 2511/2511/2511 2910/2910/2910 2912/2912/2912
f 2367/2367/2367 2917/2917/2917 2916/2916/2916
f 2366/2366/2366 2365/2365/2365 2917/2917/2917
f 2366/2366/2366 2917/2917/2917 2367/2367/2367
f 2624/2624/2624 2652/2652/2652 2914/2914/2914
f 2916/2916/2916 2522/2522/2522 3223/3223/3223
f 2367/2367/2367 2916/2916/2916 2913/2913/2913
f 2912/2912/2912 2913/2913/2913 3223/3223/3223
f 2913/2913/2913 2916/2916/2916 3223/3223/3223
f 2905/2905/2905 2363/2363/2363 2909/2909/2909
f 2907/2907/2907 2375/2375/2375 2515/2515/2515
f 2907/2907/2907 2373/2373/2373 2375/2375/2375
f 2363/2363/2363 2373/2373/2373 2907/2907/2907
f 2658/2658/2658 2659/2659/2659 2906/2906/2906
f 2161/2161/2161 2268/2268/2268 2270/2270/2270
f 2161/2161/2161 2093/2093/2093 2268/2268/2268
f 2903/2903/2903 2363/2363/2363 2905/2905/2905
f 2903/2903/2903 2361/2361/2361 2363/2363/2363
f 2359/2359/2359 2361/2361/2361 2903/2903/2903
f 2375/2375/2375 3224/3224/3224 2513/2513/2513
f 3224/3224/3224 2489/2489/2489 2513/2513/2513
f 3224/3224/3224 2374/2374/2374 2489/2489/2489
f 2375/2375/2375 2374/2374/2374 3224/3224/3224
f 2898/2898/2898 2358/2358/2358 2902/2902/2902
f 2900/2900/2900 2372/2372/2372 2518/2518/2518
f 2900/2900/2900 2370/2370/2370 2372/2372/2372
f 2358/2358/2358 2370/2370/2370 2900/2900/2900
f 2664/2664/2664 2629/2629/2629 2899/2899/2899
f 2165/2165/2165 2253/2253/2253 2178/2178/2178
f 2165/2165/2165 2256/2256/2256 2253/2253/2253
f 2896/2896/2896 2358/2358/2358 2898/2898/2898
f 2896/2896/2896 2356/2356/2356 2358/2358/2358
f 2354/2354/2354 2356/2356/2356 2896/2896/2896
f 2372/2372/2372 3225/3225/3225 2516/2516/2516
f 3225/3225/3225 2495/2495/2495 2516/2516/2516
f 3225/3225/3225 2371/2371/2371 2495/2495/2495
f 2158/2158/2158 2251/2251/2251 2071/2071/2071
f 2158/2158/2158 2088/2088/2088 2251/2251/2251
f 2372/2372/2372 2371/2371/2371 3225/3225/3225
f 2498/2498/2498 3226/3226/3226 2519/2519/2519
f 3226/3226/3226 2895/2895/2895 2519/2519/2519
f 2369/2369/2369 2895/2895/2895 3226/3226/3226
f 2369/2369/2369 3226/3226/3226 2498/2498/2498
f 2895/2895/2895 2222/2222/2222 2519/2519/2519
f 2519/2519/2519 2222/2222/2222 2224/2224/2224
f 2352/2352/2352 2893/2893/2893 2892/2892/2892
f 2347/2347/2347 2346/2346/2346 2893/2893/2893
f 2347/2347/2347 2893/2893/2893 2352/2352/2352
f 2634/2634/2634 2667/2667/2667 2890/2890/2890
f 2892/2892/2892 2527/2527/2527 3227/3227/3227
f 2352/2352/2352 2892/2892/2892 2889/2889/2889
f 2156/2156/2156 2241/2241/2241 2240/2240/2240
f 2156/2156/2156 2062/2062/2062 2241/2241/2241
f 2224/2224/2224 2889/2889/2889 3227/3227/3227
f 2889/2889/2889 2892/2892/2892 3227/3227/3227
f 2522/2522/2522 3228/3228/3228 2523/2523/2523
f 3228/3228/3228 2684/2684/2684 2523/2523/2523
f 3229/3229/3229 2684/2684/2684 3228/3228/3228
f 2521/2521/2521 2523/2523/2523 3230/3230/3230
f 2521/2521/2521 3230/3230/3230 2499/2499/2499
f 3230/3230/3230 2683/2683/2683 2499/2499/2499
f 2523/2523/2523 2683/2683/2683 3230/3230/3230
f 3231/3231/3231 2524/2524/2524 2504/2504/2504
f 3232/3232/3232 2524/2524/2524 3231/3231/3231
f 2698/2698/2698 3232/3232/3232 3231/3231/3231
f 2149/2149/2149 2234/2234/2234 2233/2233/2233
f 2149/2149/2149 2237/2237/2237 2234/2234/2234
f 2698/2698/2698 3231/3231/3231 2504/2504/2504
f 3233/3233/3233 2525/2525/2525 2506/2506/2506
f 3234/3234/3234 2525/2525/2525 3233/3233/3233
f 2695/2695/2695 3234/3234/3234 3233/3233/3233
f 2695/2695/2695 3233/3233/3233 2506/2506/2506
f 2152/2152/2152 2231/2231/2231 2100/2100/2100
f 2152/2152/2152 2083/2083/2083 2231/2231/2231
f 2527/2527/2527 3235/3235/3235 2528/2528/2528
f 3235/3235/3235 2680/2680/2680 2528/2528/2528
f 3236/3236/3236 2680/2680/2680 3235/3235/3235
f 2526/2526/2526 2528/2528/2528 3237/3237/3237
f 2526/2526/2526 3237/3237/3237 2507/2507/2507
f 3237/3237/3237 2679/2679/2679 2507/2507/2507
f 2528/2528/2528 2679/2679/2679 3237/3237/3237
f 2531/2531/2531 3117/3117/3117 3119/3119/3119
f 2531/2531/2531 3119/3119/3119 3238/3238/3238
f 2531/2531/2531 3238/3238/3238 2108/2108/2108
f 3238/3238/3238 2109/2109/2109 2108/2108/2108
f 3119/3119/3119 2109/2109/2109 3238/3238/3238
f 2533/2533/2533 3114/3114/3114 3116/3116/3116
f 2533/2533/2533 3116/3116/3116 3239/3239/3239
f 2533/2533/2533 3239/3239/3239 2115/2115/2115
f 3239/3239/3239 2116/2116/2116 2115/2115/2115
f 3116/3116/3116 2116/2116/2116 3239/3239/3239
f 3240/3240/3240 2534/2534/2534 2151/2151/2151
f 3113/3113/3113 2534/2534/2534 3240/3240/3240
f 2329/2329/2329 3113/3113/3113 3240/3240/3240
f 2329/2329/2329 3240/3240/3240 2151/2151/2151
f 3111/3111/3111 2534/2534/2534 3113/3113/3113
f 2539/2539/2539 3108/3108/3108 3110/3110/3110
f 2539/2539/2539 3110/3110/3110 3241/3241/3241
f 2539/2539/2539 3241/3241/3241 2146/2146/2146
f 3241/3241/3241 2147/2147/2147 2146/2146/2146
f 3110/3110/3110 2147/2147/2147 3241/3241/3241
f 3242/3242/3242 2546/2546/2546 2063/2063/2063
f 3107/3107/3107 2546/2546/2546 3242/3242/3242
f 2287/2287/2287 3107/3107/3107 3242/3242/3242
f 2287/2287/2287 3242/3242/3242 2063/2063/2063
f 3105/3105/3105 2546/2546/2546 3107/3107/3107
f 3056/3056/3056 3061/3061/3061 3058/3058/3058
f 3062/3062/3062 3061/3061/3061 3056/3056/3056
f 3062/3062/3062 3056/3056/3056 3055/3055/3055
f 3061/3061/3061 3068/3068/3068 3243/3243/3243
f 3061/3061/3061 3243/3243/3243 3058/3058/3058
f 3243/3243/3243 3067/3067/3067 3058/3058/3058
f 3068/3068/3068 3067/3067/3067 3243/3243/3243
f 2990/2990/2990 2595/2595/2595 2992/2992/2992
f 2990/2990/2990 2579/2579/2579 2595/2595/2595
f 2577/2577/2577 2579/2579/2579 2990/2990/2990
f 2999/2999/2999 2615/2615/2615 3001/3001/3001
f 2999/2999/2999 2559/2559/2559 2615/2615/2615
f 2557/2557/2557 2559/2559/2559 2999/2999/2999
f 2618/2618/2618 2983/2983/2983 2985/2985/2985
f 2559/2559/2559 2558/2558/2558 2983/2983/2983
f 2559/2559/2559 2983/2983/2983 2618/2618/2618
f 2953/2953/2953 2567/2567/2567 2607/2607/2607
f 2953/2953/2953 2565/2565/2565 2567/2567/2567
f 2563/2563/2563 2565/2565/2565 2953/2953/2953
f 2967/2967/2967 2575/2575/2575 2603/2603/2603
f 2967/2967/2967 2571/2571/2571 2575/2575/2575
f 2569/2569/2569 2571/2571/2571 2967/2967/2967
f 2598/2598/2598 2960/2960/2960 2962/2962/2962
f 2579/2579/2579 2578/2578/2578 2960/2960/2960
f 2579/2579/2579 2960/2960/2960 2598/2598/2598
f 3244/3244/3244 3036/3036/3036 3032/3032/3032
f 3017/3017/3017 3036/3036/3036 3244/3244/3244
f 3017/3017/3017 3244/3244/3244 3028/3028/3028
f 3244/3244/3244 3032/3032/3032 3028/3028/3028
f 2805/2805/2805 3245/3245/3245 3017/3017/3017
f 3245/3245/3245 3036/3036/3036 3017/3017/3017
f 3036/3036/3036 3245/3245/3245 2204/2204/2204
f 3245/3245/3245 2805/2805/2805 2204/2204/2204
f 2312/2312/2312 3246/3246/3246 2310/2310/2310
f 3246/3246/3246 3123/3123/3123 2310/2310/2310
f 2196/2196/2196 3246/3246/3246 2312/2312/2312
f 3247/3247/3247 2195/2195/2195 3123/3123/3123
f 2196/2196/2196 3247/3247/3247 3246/3246/3246
f 3247/3247/3247 3123/3123/3123 3246/3246/3246
f 3248/3248/3248 2193/2193/2193 2195/2195/2195
f 2196/2196/2196 2193/2193/2193 3248/3248/3248
f 2196/2196/2196 3248/3248/3248 3247/3247/3247
f 3248/3248/3248 2195/2195/2195 3247/3247/3247
f 3249/3249/3249 2584/2584/2584 2776/2776/2776
f 2583/2583/2583 2584/2584/2584 3249/3249/3249
f 2583/2583/2583 3249/3249/3249 2587/2587/2587
f 3249/3249/3249 2776/2776/2776 2587/2587/2587
f 2587/2587/2587 2776/2776/2776 3250/3250/3250
f 2587/2587/2587 3250/3250/3250 2586/2586/2586
f 2586/2586/2586 3250/3250/3250 2769/2769/2769
f 3250/3250/3250 2776/2776/2776 2769/2769/2769
f 2775/2775/2775 3251/3251/3251 2589/2589/2589
f 3251/3251/3251 2590/2590/2590 2589/2589/2589
f 2593/2593/2593 2590/2590/2590 3251/3251/3251
f 2593/2593/2593 3251/3251/3251 2775/2775/2775
f 3252/3252/3252 2589/2589/2589 2562/2562/2562
f 2775/2775/2775 2589/2589/2589 3252/3252/3252
f 2775/2775/2775 3252/3252/3252 2774/2774/2774
f 3252/3252/3252 2562/2562/2562 2774/2774/2774
f 2773/2773/2773 3253/3253/3253 2596/2596/2596
f 3253/3253/3253 2597/2597/2597 2596/2596/2596
f 2599/2599/2599 2597/2597/2597 3253/3253/3253
f 2599/2599/2599 3253/3253/3253 2773/2773/2773
f 3254/3254/3254 2596/2596/2596 2552/2552/2552
f 2773/2773/2773 2596/2596/2596 3254/3254/3254
f 2773/2773/2773 3254/3254/3254 2772/2772/2772
f 3254/3254/3254 2552/2552/2552 2772/2772/2772
f 3255/3255/3255 2602/2602/2602 2771/2771/2771
f 2601/2601/2601 2602/2602/2602 3255/3255/3255
f 2601/2601/2601 3255/3255/3255 2606/2606/2606
f 3255/3255/3255 2771/2771/2771 2606/2606/2606
f 2606/2606/2606 2771/2771/2771 3256/3256/3256
f 2606/2606/2606 3256/3256/3256 2544/2544/2544
f 2544/2544/2544 3256/3256/3256 2768/2768/2768
f 3256/3256/3256 2771/2771/2771 2768/2768/2768
f 2480/2480/2480 3257/3257/3257 2481/2481/2481
f 2481/2481/2481 3257/3257/3257 2945/2945/2945
f 3257/3257/3257 2609/2609/2609 2945/2945/2945
f 3258/3258/3258 2476/2476/2476 2475/2475/2475
f 2611/2611/2611 3258/3258/3258 2937/2937/2937
f 3258/3258/3258 2475/2475/2475 2937/2937/2937
f 3259/3259/3259 2467/2467/2467 2466/2466/2466
f 2616/2616/2616 3259/3259/3259 2931/2931/2931
f 3259/3259/3259 2466/2466/2466 2931/2931/2931
f 3260/3260/3260 2612/2612/2612 2476/2476/2476
f 2611/2611/2611 2612/2612/2612 3260/3260/3260
f 2611/2611/2611 3260/3260/3260 3258/3258/3258
f 3260/3260/3260 2476/2476/2476 3258/3258/3258
f 3261/3261/3261 2617/2617/2617 2467/2467/2467
f 2616/2616/2616 2617/2617/2617 3261/3261/3261
f 2616/2616/2616 3261/3261/3261 3259/3259/3259
f 3261/3261/3261 2467/2467/2467 3259/3259/3259
f 2621/2621/2621 2620/2620/2620 2924/2924/2924
f 2621/2621/2621 2924/2924/2924 2450/2450/2450
f 2450/2450/2450 2924/2924/2924 2451/2451/2451
f 2610/2610/2610 2609/2609/2609 3262/3262/3262
f 2610/2610/2610 3262/3262/3262 2480/2480/2480
f 2480/2480/2480 3262/3262/3262 3257/3257/3257
f 3262/3262/3262 2609/2609/2609 3257/3257/3257
f 2364/2364/2364 3263/3263/3263 2365/2365/2365
f 2365/2365/2365 3263/3263/3263 2914/2914/2914
f 3263/3263/3263 2624/2624/2624 2914/2914/2914
f 3264/3264/3264 2360/2360/2360 2359/2359/2359
f 2659/2659/2659 2360/2360/2360 3264/3264/3264
f 2659/2659/2659 3264/3264/3264 2906/2906/2906
f 3264/3264/3264 2359/2359/2359 2906/2906/2906
f 3265/3265/3265 2355/2355/2355 2354/2354/2354
f 2629/2629/2629 3265/3265/3265 2899/2899/2899
f 3265/3265/3265 2354/2354/2354 2899/2899/2899
f 2345/2345/2345 3266/3266/3266 2346/2346/2346
f 2346/2346/2346 3266/3266/3266 2890/2890/2890
f 3266/3266/3266 2634/2634/2634 2890/2890/2890
f 2625/2625/2625 2624/2624/2624 3267/3267/3267
f 2625/2625/2625 3267/3267/3267 2364/2364/2364
f 2364/2364/2364 3267/3267/3267 3263/3263/3263
f 3267/3267/3267 2624/2624/2624 3263/3263/3263
f 3268/3268/3268 2611/2611/2611 2628/2628/2628
f 2659/2659/2659 2611/2611/2611 3268/3268/3268
f 2659/2659/2659 3268/3268/3268 2360/2360/2360
f 3268/3268/3268 2628/2628/2628 2360/2360/2360
f 3269/3269/3269 2630/2630/2630 2355/2355/2355
f 2629/2629/2629 2630/2630/2630 3269/3269/3269
f 2629/2629/2629 3269/3269/3269 3265/3265/3265
f 3269/3269/3269 2355/2355/2355 3265/3265/3265
f 2635/2635/2635 2634/2634/2634 3270/3270/3270
f 2635/2635/2635 3270/3270/3270 2345/2345/2345
f 2345/2345/2345 3270/3270/3270 3266/3266/3266
f 3270/3270/3270 2634/2634/2634 3266/3266/3266
f 2916/2916/2916 3229/3229/3229 3271/3271/3271
f 2916/2916/2916 3271/3271/3271 2522/2522/2522
f 2522/2522/2522 3271/3271/3271 3228/3228/3228
f 3271/3271/3271 3229/3229/3229 3228/3228/3228
f 2892/2892/2892 3236/3236/3236 3272/3272/3272
f 2892/2892/2892 3272/3272/3272 2527/2527/2527
f 2527/2527/2527 3272/3272/3272 3235/3235/3235
f 3272/3272/3272 3236/3236/3236 3235/3235/3235
f 3273/3273/3273 3229/3229/3229 2916/2916/2916
f 2652/2652/2652 3229/3229/3229 3273/3273/3273
f 2914/2914/2914 2652/2652/2652 3273/3273/3273
f 2914/2914/2914 3273/3273/3273 2916/2916/2916
f 2652/2652/2652 2653/2653/2653 3274/3274/3274
f 2652/2652/2652 3274/3274/3274 3229/3229/3229
f 3229/3229/3229 3274/3274/3274 2684/2684/2684
f 3274/3274/3274 2653/2653/2653 2684/2684/2684
f 2692/2692/2692 2658/2658/2658 3275/3275/3275
f 2692/2692/2692 3275/3275/3275 2905/2905/2905
f 3275/3275/3275 2906/2906/2906 2905/2905/2905
f 2658/2658/2658 2906/2906/2906 3275/3275/3275
f 3276/3276/3276 2658/2658/2658 2692/2692/2692
f 2656/2656/2656 2658/2658/2658 3276/3276/3276
f 2656/2656/2656 3276/3276/3276 2691/2691/2691
f 3276/3276/3276 2692/2692/2692 2691/2691/2691
f 3277/3277/3277 2905/2905/2905 3278/3278/3278
f 3278/3278/3278 2909/2909/2909 2514/2514/2514
f 2905/2905/2905 2909/2909/2909 3278/3278/3278
f 3279/3279/3279 2905/2905/2905 3277/3277/3277
f 2692/2692/2692 2905/2905/2905 3279/3279/3279
f 2692/2692/2692 3279/3279/3279 2524/2524/2524
f 3279/3279/3279 3277/3277/3277 2524/2524/2524
f 2688/2688/2688 2664/2664/2664 3280/3280/3280
f 2688/2688/2688 3280/3280/3280 2898/2898/2898
f 3280/3280/3280 2899/2899/2899 2898/2898/2898
f 2664/2664/2664 2899/2899/2899 3280/3280/3280
f 3281/3281/3281 2664/2664/2664 2688/2688/2688
f 2663/2663/2663 2664/2664/2664 3281/3281/3281
f 2663/2663/2663 3281/3281/3281 2687/2687/2687
f 3281/3281/3281 2688/2688/2688 2687/2687/2687
f 3282/3282/3282 2898/2898/2898 3283/3283/3283
f 3283/3283/3283 2902/2902/2902 2517/2517/2517
f 2898/2898/2898 2902/2902/2902 3283/3283/3283
f 3284/3284/3284 2898/2898/2898 3282/3282/3282
f 2688/2688/2688 2898/2898/2898 3284/3284/3284
f 2688/2688/2688 3284/3284/3284 2525/2525/2525
f 3284/3284/3284 3282/3282/3282 2525/2525/2525
f 3285/3285/3285 3236/3236/3236 2892/2892/2892
f 2667/2667/2667 3236/3236/3236 3285/3285/3285
f 2890/2890/2890 2667/2667/2667 3285/3285/3285
f 2890/2890/2890 3285/3285/3285 2892/2892/2892
f 2667/2667/2667 2668/2668/2668 3286/3286/3286
f 2667/2667/2667 3286/3286/3286 3236/3236/3236
f 3236/3236/3236 3286/3286/3286 2680/2680/2680
f 3286/3286/3286 2668/2668/2668 2680/2680/2680
f 2651/2651/2651 2650/2650/2650 3287/3287/3287
f 2651/2651/2651 3287/3287/3287 2653/2653/2653
f 2653/2653/2653 3287/3287/3287 2684/2684/2684
f 3287/3287/3287 2650/2650/2650 2684/2684/2684
f 3288/3288/3288 2659/2659/2659 2657/2657/2657
f 3289/3289/3289 2659/2659/2659 3288/3288/3288
f 3288/3288/3288 2657/2657/2657 2656/2656/2656
f 3290/3290/3290 2661/2661/2661 2663/2663/2663
f 2660/2660/2660 2661/2661/2661 3290/3290/3290
f 2660/2660/2660 3290/3290/3290 2686/2686/2686
f 3290/3290/3290 2663/2663/2663 2686/2686/2686
f 2666/2666/2666 2665/2665/2665 3291/3291/3291
f 2666/2666/2666 3291/3291/3291 2668/2668/2668
f 2668/2668/2668 3291/3291/3291 2680/2680/2680
f 3291/3291/3291 2665/2665/2665 2680/2680/2680
f 2748/2748/2748 2708/2708/2708 3292/3292/3292
f 2748/2748/2748 3292/3292/3292 2712/2712/2712
f 3292/3292/3292 2710/2710/2710 2712/2712/2712
f 2708/2708/2708 2710/2710/2710 3292/3292/3292
f 3293/3293/3293 2712/2712/2712 2734/2734/2734
f 2748/2748/2748 2712/2712/2712 3293/3293/3293
f 3293/3293/3293 2734/2734/2734 2456/2456/2456
f 2744/2744/2744 2703/2703/2703 3294/3294/3294
f 2744/2744/2744 3294/3294/3294 2707/2707/2707
f 3294/3294/3294 2705/2705/2705 2707/2707/2707
f 2703/2703/2703 2705/2705/2705 3294/3294/3294
f 3295/3295/3295 2707/2707/2707 2729/2729/2729
f 2744/2744/2744 2707/2707/2707 3295/3295/3295
f 3295/3295/3295 2729/2729/2729 2465/2465/2465
f 3296/3296/3296 2675/2675/2675 2676/2676/2676
f 2674/2674/2674 2675/2675/2675 3296/3296/3296
f 2674/2674/2674 3296/3296/3296 3297/3297/3297
f 3296/3296/3296 2676/2676/2676 3297/3297/3297
f 3297/3297/3297 2676/2676/2676 3298/3298/3298
f 3297/3297/3297 3298/3298/3298 2750/2750/2750
f 2750/2750/2750 3298/3298/3298 2580/2580/2580
f 3298/3298/3298 2676/2676/2676 2580/2580/2580
f 2674/2674/2674 3297/3297/3297 3299/3299/3299
f 2728/2728/2728 2674/2674/2674 3299/3299/3299
f 2728/2728/2728 3299/3299/3299 2723/2723/2723
f 3300/3300/3300 2750/2750/2750 2723/2723/2723
f 3297/3297/3297 2750/2750/2750 3300/3300/3300
f 3299/3299/3299 3297/3297/3297 3300/3300/3300
f 3299/3299/3299 3300/3300/3300 2723/2723/2723
f 2723/2723/2723 2750/2750/2750 3301/3301/3301
f 2723/2723/2723 3301/3301/3301 2724/2724/2724
f 2724/2724/2724 3301/3301/3301 3196/3196/3196
f 2747/2747/2747 3302/3302/3302 2888/2888/2888
f 2888/2888/2888 3302/3302/3302 2708/2708/2708
f 3302/3302/3302 2865/2865/2865 2708/2708/2708
f 3303/3303/3303 2888/2888/2888 2748/2748/2748
f 2747/2747/2747 2888/2888/2888 3303/3303/3303
f 2747/2747/2747 3303/3303/3303 2573/2573/2573
f 3303/3303/3303 2748/2748/2748 2573/2573/2573
f 2887/2887/2887 2865/2865/2865 3304/3304/3304
f 2887/2887/2887 3304/3304/3304 2747/2747/2747
f 2747/2747/2747 3304/3304/3304 3302/3302/3302
f 3304/3304/3304 2865/2865/2865 3302/3302/3302
f 2743/2743/2743 3305/3305/3305 2886/2886/2886
f 2886/2886/2886 3305/3305/3305 2703/2703/2703
f 3305/3305/3305 2860/2860/2860 2703/2703/2703
f 3306/3306/3306 2886/2886/2886 2744/2744/2744
f 2743/2743/2743 2886/2886/2886 3306/3306/3306
f 2743/2743/2743 3306/3306/3306 2555/2555/2555
f 3306/3306/3306 2744/2744/2744 2555/2555/2555
f 2885/2885/2885 2860/2860/2860 3307/3307/3307
f 2885/2885/2885 3307/3307/3307 2743/2743/2743
f 2743/2743/2743 3307/3307/3307 3305/3305/3305
f 3307/3307/3307 2860/2860/2860 3305/3305/3305
f 3308/3308/3308 2884/2884/2884 2741/2741/2741
f 2719/2719/2719 2884/2884/2884 3308/3308/3308
f 2719/2719/2719 3308/3308/3308 3309/3309/3309
f 3308/3308/3308 2741/2741/2741 3309/3309/3309
f 3309/3309/3309 2741/2741/2741 3310/3310/3310
f 3309/3309/3309 3310/3310/3310 2742/2742/2742
f 2742/2742/2742 3310/3310/3310 2540/2540/2540
f 3310/3310/3310 2741/2741/2741 2540/2540/2540
f 2719/2719/2719 3309/3309/3309 3311/3311/3311
f 2720/2720/2720 2719/2719/2719 3311/3311/3311
f 2720/2720/2720 3311/3311/3311 2716/2716/2716
f 3312/3312/3312 2742/2742/2742 2716/2716/2716
f 3309/3309/3309 2742/2742/2742 3312/3312/3312
f 3311/3311/3311 3309/3309/3309 3312/3312/3312
f 3311/3311/3311 3312/3312/3312 2716/2716/2716
f 2716/2716/2716 2742/2742/2742 3313/3313/3313
f 2716/2716/2716 3313/3313/3313 2717/2717/2717
f 2717/2717/2717 3313/3313/3313 3200/3200/3200
f 2300/2300/2300 3314/3314/3314 2883/2883/2883
f 3314/3314/3314 2882/2882/2882 2883/2883/2883
f 2877/2877/2877 3315/3315/3315 2876/2876/2876
f 3315/3315/3315 2293/2293/2293 2876/2876/2876
f 2270/2270/2270 2162/2162/2162 2161/2161/2161
f 2164/2164/2164 2093/2093/2093 2161/2161/2161
f 2682/2682/2682 3213/3213/3213 3316/3316/3316
f 2178/2178/2178 2115/2115/2115 2165/2165/2165
f 2682/2682/2682 3316/3316/3316 2501/2501/2501
f 2167/2167/2167 2256/2256/2256 2165/2165/2165
f 2501/2501/2501 3316/3316/3316 3212/3212/3212
f 2071/2071/2071 2070/2070/2070 2158/2158/2158
f 3316/3316/3316 3213/3213/3213 3212/3212/3212
f 2160/2160/2160 2088/2088/2088 2158/2158/2158
f 2678/2678/2678 3220/3220/3220 3317/3317/3317
f 2063/2063/2063 2062/2062/2062 2156/2156/2156
f 2678/2678/2678 3317/3317/3317 2509/2509/2509
f 2240/2240/2240 2146/2146/2146 2156/2156/2156
f 2509/2509/2509 3317/3317/3317 3219/3219/3219
f 2100/2100/2100 2153/2153/2153 2152/2152/2152
f 3317/3317/3317 3220/3220/3220 3219/3219/3219
f 2155/2155/2155 2083/2083/2083 2152/2152/2152
f 2711/2711/2711 2690/2690/2690 3318/3318/3318
f 2151/2151/2151 2237/2237/2237 2149/2149/2149
f 2711/2711/2711 3318/3318/3318 2693/2693/2693
f 2233/2233/2233 2108/2108/2108 2149/2149/2149
f 3318/3318/3318 2691/2691/2691 2693/2693/2693
f 3319/3319/3319 3202/3202/3202 2414/2414/2414
f 3319/3319/3319 3320/3320/3320 3202/3202/3202
f 2406/2406/2406 3202/3202/3202 3320/3320/3320
f 2690/2690/2690 2691/2691/2691 3318/3318/3318
f 3321/3321/3321 3322/3322/3322 3204/3204/3204
f 3204/3204/3204 3322/3322/3322 2400/2400/2400
f 3323/3323/3323 2693/2693/2693 2697/2697/2697
f 3204/3204/3204 2395/2395/2395 3321/3321/3321
f 3324/3324/3324 3205/3205/3205 2401/2401/2401
f 3324/3324/3324 3325/3325/3325 3205/3205/3205
f 2393/2393/2393 3205/3205/3205 3325/3325/3325
f 2711/2711/2711 2693/2693/2693 3323/3323/3323
f 3326/3326/3326 3327/3327/3327 3206/3206/3206
f 3206/3206/3206 3327/3327/3327 2380/2380/2380
f 2711/2711/2711 3323/3323/3323 2503/2503/2503
f 3206/3206/3206 2388/2388/2388 3326/3326/3326
f 3328/3328/3328 3207/3207/3207 2382/2382/2382
f 3328/3328/3328 3329/3329/3329 3207/3207/3207
f 2386/2386/2386 3207/3207/3207 3329/3329/3329
f 3323/3323/3323 2697/2697/2697 2503/2503/2503
f 2706/2706/2706 2686/2686/2686 3330/3330/3330
f 2706/2706/2706 3330/3330/3330 2689/2689/2689
f 3330/3330/3330 2687/2687/2687 2689/2689/2689
f 2686/2686/2686 2687/2687/2687 3330/3330/3330
f 3331/3331/3331 2689/2689/2689 2694/2694/2694
f 2706/2706/2706 2689/2689/2689 3331/3331/3331
f 2706/2706/2706 3331/3331/3331 2505/2505/2505
f 3331/3331/3331 2694/2694/2694 2505/2505/2505
f 3332/3332/3332 2714/2714/2714 2713/2713/2713
f 2650/2650/2650 2714/2714/2714 3332/3332/3332
f 2650/2650/2650 3332/3332/3332 3333/3333/3333
f 3332/3332/3332 2713/2713/2713 3333/3333/3333
f 3333/3333/3333 2713/2713/2713 3334/3334/3334
f 3333/3333/3333 3334/3334/3334 3213/3213/3213
f 3213/3213/3213 3334/3334/3334 2715/2715/2715
f 3334/3334/3334 2713/2713/2713 2715/2715/2715
f 2650/2650/2650 3333/3333/3333 3335/3335/3335
f 2685/2685/2685 2650/2650/2650 3335/3335/3335
f 2685/2685/2685 3335/3335/3335 2682/2682/2682
f 3336/3336/3336 3213/3213/3213 2682/2682/2682
f 3333/3333/3333 3213/3213/3213 3336/3336/3336
f 3335/3335/3335 3333/3333/3333 3336/3336/3336
f 3335/3335/3335 3336/3336/3336 2682/2682/2682
f 2709/2709/2709 3337/3337/3337 2869/2869/2869
f 2869/2869/2869 3337/3337/3337 2690/2690/2690
f 3337/3337/3337 3289/3289/3289 2690/2690/2690
f 3338/3338/3338 2869/2869/2869 2711/2711/2711
f 2709/2709/2709 2869/2869/2869 3338/3338/3338
f 2709/2709/2709 3338/3338/3338 2710/2710/2710
f 3338/3338/3338 2711/2711/2711 2710/2710/2710
f 2864/2864/2864 3339/3339/3339 2709/2709/2709
f 2709/2709/2709 3339/3339/3339 3337/3337/3337
f 3339/3339/3339 3289/3289/3289 3337/3337/3337
f 2865/2865/2865 3289/3289/3289 3340/3340/3340
f 2865/2865/2865 3340/3340/3340 2864/2864/2864
f 2864/2864/2864 3340/3340/3340 3339/3339/3339
f 3340/3340/3340 3289/3289/3289 3339/3339/3339
f 2704/2704/2704 3341/3341/3341 2863/2863/2863
f 2863/2863/2863 3341/3341/3341 2686/2686/2686
f 3341/3341/3341 2660/2660/2660 2686/2686/2686
f 3342/3342/3342 2863/2863/2863 2706/2706/2706
f 2704/2704/2704 2863/2863/2863 3342/3342/3342
f 2704/2704/2704 3342/3342/3342 2705/2705/2705
f 3342/3342/3342 2706/2706/2706 2705/2705/2705
f 2859/2859/2859 2660/2660/2660 3343/3343/3343
f 2859/2859/2859 3343/3343/3343 2704/2704/2704
f 2704/2704/2704 3343/3343/3343 3341/3341/3341
f 3343/3343/3343 2660/2660/2660 3341/3341/3341
f 3344/3344/3344 2701/2701/2701 2700/2700/2700
f 2665/2665/2665 2701/2701/2701 3344/3344/3344
f 2665/2665/2665 3344/3344/3344 3345/3345/3345
f 3344/3344/3344 2700/2700/2700 3345/3345/3345
f 3345/3345/3345 2700/2700/2700 3346/3346/3346
f 3345/3345/3345 3346/3346/3346 3220/3220/3220
f 3220/3220/3220 3346/3346/3346 2702/2702/2702
f 3346/3346/3346 2700/2700/2700 2702/2702/2702
f 2665/2665/2665 3345/3345/3345 3347/3347/3347
f 2681/2681/2681 2665/2665/2665 3347/3347/3347
f 2681/2681/2681 3347/3347/3347 2678/2678/2678
f 3348/3348/3348 3220/3220/3220 2678/2678/2678
f 3345/3345/3345 3220/3220/3220 3348/3348/3348
f 3347/3347/3347 3345/3345/3345 3348/3348/3348
f 3347/3347/3347 3348/3348/3348 2678/2678/2678
f 3349/3349/3349 3319/3319/3319 2414/2414/2414
f 3322/3322/3322 3350/3350/3350 2400/2400/2400
f 3351/3351/3351 3324/3324/3324 2401/2401/2401
f 3327/3327/3327 3352/3352/3352 2380/2380/2380
f 3353/3353/3353 3328/3328/3328 2382/2382/2382
f 2293/2293/2293 3354/3354/3354 2294/2294/2294
f 3354/3354/3354 2818/2818/2818 2294/2294/2294
f 2205/2205/2205 3355/3355/3355 2209/2209/2209
f 3355/3355/3355 2797/2797/2797 2209/2209/2209
f 2200/2200/2200 3356/3356/3356 2206/2206/2206
f 3356/3356/3356 2180/2180/2180 2206/2206/2206
f 2820/2820/2820 2285/2285/2285 3357/3357/3357
f 2820/2820/2820 3357/3357/3357 2297/2297/2297
f 2295/2295/2295 2297/2297/2297 3357/3357/3357
f 2295/2295/2295 3357/3357/3357 2285/2285/2285
f 3358/3358/3358 2814/2814/2814 2303/2303/2303
f 2274/2274/2274 2814/2814/2814 3358/3358/3358
f 3358/3358/3358 2302/2302/2302 2274/2274/2274
f 2303/2303/2303 2302/2302/2302 3358/3358/3358
f 2214/2214/2214 3359/3359/3359 2813/2813/2813
f 3359/3359/3359 2812/2812/2812 2813/2813/2813
f 2806/2806/2806 3360/3360/3360 2804/2804/2804
f 3360/3360/3360 2205/2205/2205 2804/2804/2804
f 2801/2801/2801 3361/3361/3361 2800/2800/2800
f 3361/3361/3361 2200/2200/2200 2800/2800/2800
f 2798/2798/2798 2203/2203/2203 3362/3362/3362
f 2798/2798/2798 3362/3362/3362 2211/2211/2211
f 2210/2210/2210 2211/2211/2211 3362/3362/3362
f 2210/2210/2210 3362/3362/3362 2203/2203/2203
f 2795/2795/2795 2199/2199/2199 3363/3363/3363
f 2795/2795/2795 3363/3363/3363 2208/2208/2208
f 2207/2207/2207 2208/2208/2208 3363/3363/3363
f 2207/2207/2207 3363/3363/3363 2199/2199/2199
f 3364/3364/3364 2791/2791/2791 2217/2217/2217
f 2213/2213/2213 2791/2791/2791 3364/3364/3364
f 3364/3364/3364 2216/2216/2216 2213/2213/2213
f 2217/2217/2217 2216/2216/2216 3364/3364/3364
f 2416/2416/2416 3365/3365/3365 2417/2417/2417
f 3365/3365/3365 2419/2419/2419 2417/2417/2417
f 2588/2588/2588 2419/2419/2419 3365/3365/3365
f 2424/2424/2424 3366/3366/3366 2421/2421/2421
f 3366/3366/3366 2422/2422/2422 2421/2421/2421
f 2424/2424/2424 2455/2455/2455 3366/3366/3366
f 2429/2429/2429 3367/3367/3367 2426/2426/2426
f 3367/3367/3367 2427/2427/2427 2426/2426/2426
f 2429/2429/2429 2464/2464/2464 3367/3367/3367
f 2431/2431/2431 3368/3368/3368 2432/2432/2432
f 3368/3368/3368 2434/2434/2434 2432/2432/2432
f 2545/2545/2545 2434/2434/2434 3368/3368/3368
f 3369/3369/3369 2593/2593/2593 2568/2568/2568
f 2564/2564/2564 2593/2593/2593 3369/3369/3369
f 2565/2565/2565 2564/2564/2564 3369/3369/3369
f 2565/2565/2565 3369/3369/3369 2568/2568/2568
f 3370/3370/3370 2561/2561/2561 2425/2425/2425
f 2568/2568/2568 2561/2561/2561 3370/3370/3370
f 2568/2568/2568 3370/3370/3370 2627/2627/2627
f 3370/3370/3370 2425/2425/2425 2627/2627/2627
f 3371/3371/3371 2551/2551/2551 2430/2430/2430
f 2576/2576/2576 2551/2551/2551 3371/3371/3371
f 2576/2576/2576 3371/3371/3371 2623/2623/2623
f 3371/3371/3371 2430/2430/2430 2623/2623/2623
f 3372/3372/3372 2599/2599/2599 2576/2576/2576
f 2570/2570/2570 2599/2599/2599 3372/3372/3372
f 2571/2571/2571 2570/2570/2570 3372/3372/3372
f 2571/2571/2571 3372/3372/3372 2576/2576/2576
f 2436/2436/2436 2981/2981/2981 3373/3373/3373
f 2436/2436/2436 3373/3373/3373 2437/2437/2437
f 3373/3373/3373 3192/3192/3192 2437/2437/2437
f 2981/2981/2981 3192/3192/3192 3373/3373/3373
f 3374/3374/3374 2438/2438/2438 2439/2439/2439
f 2440/2440/2440 2438/2438/2438 3374/3374/3374
f 2952/2952/2952 2440/2440/2440 3374/3374/3374
f 2952/2952/2952 3374/3374/3374 2439/2439/2439
f 3375/3375/3375 2442/2442/2442 2443/2443/2443
f 2444/2444/2444 2442/2442/2442 3375/3375/3375
f 2486/2486/2486 2444/2444/2444 3375/3375/3375
f 2486/2486/2486 3375/3375/3375 2443/2443/2443
f 2446/2446/2446 2958/2958/2958 3376/3376/3376
f 2446/2446/2446 3376/3376/3376 2447/2447/2447
f 3376/3376/3376 2461/2461/2461 2447/2447/2447
f 2958/2958/2958 2461/2461/2461 3376/3376/3376
f 2765/2765/2765 2582/2582/2582 3377/3377/3377
f 2449/2449/2449 3377/3377/3377 2588/2588/2588
f 3377/3377/3377 2582/2582/2582 2588/2588/2588
f 3378/3378/3378 2758/2758/2758 2455/2455/2455
f 2566/2566/2566 2758/2758/2758 3378/3378/3378
f 2424/2424/2424 2566/2566/2566 3378/3378/3378
f 2424/2424/2424 3378/3378/3378 2455/2455/2455
f 3379/3379/3379 2453/2453/2453 2422/2422/2422
f 2455/2455/2455 2453/2453/2453 3379/3379/3379
f 3366/3366/3366 2455/2455/2455 3379/3379/3379
f 3366/3366/3366 3379/3379/3379 2422/2422/2422
f 3380/3380/3380 2462/2462/2462 2427/2427/2427
f 2464/2464/2464 2462/2462/2462 3380/3380/3380
f 3367/3367/3367 2464/2464/2464 3380/3380/3380
f 3367/3367/3367 3380/3380/3380 2427/2427/2427
f 3196/3196/3196 3381/3381/3381 2765/2765/2765
f 3381/3381/3381 2750/2750/2750 2765/2765/2765
f 3301/3301/3301 2750/2750/2750 3381/3381/3381
f 3301/3301/3301 3381/3381/3381 3196/3196/3196
f 3196/3196/3196 2765/2765/2765 3382/3382/3382
f 3196/3196/3196 3382/3382/3382 2449/2449/2449
f 3382/3382/3382 3377/3377/3377 2449/2449/2449
f 2765/2765/2765 3377/3377/3377 3382/3382/3382
f 2748/2748/2748 3383/3383/3383 2758/2758/2758
f 3383/3383/3383 2456/2456/2456 2758/2758/2758
f 3383/3383/3383 3293/3293/3293 2456/2456/2456
f 2748/2748/2748 3293/3293/3293 3383/3383/3383
f 2744/2744/2744 3384/3384/3384 2755/2755/2755
f 3384/3384/3384 2465/2465/2465 2755/2755/2755
f 3384/3384/3384 3295/3295/3295 2465/2465/2465
f 2744/2744/2744 3295/3295/3295 3384/3384/3384
f 3385/3385/3385 2755/2755/2755 2464/2464/2464
f 2553/2553/2553 2755/2755/2755 3385/3385/3385
f 2429/2429/2429 2553/2553/2553 3385/3385/3385
f 2429/2429/2429 3385/3385/3385 2464/2464/2464
f 3200/3200/3200 3386/3386/3386 2754/2754/2754
f 3386/3386/3386 2742/2742/2742 2754/2754/2754
f 3313/3313/3313 2742/2742/2742 3386/3386/3386
f 3313/3313/3313 3386/3386/3386 3200/3200/3200
f 3200/3200/3200 2754/2754/2754 3387/3387/3387
f 3200/3200/3200 3387/3387/3387 2470/2470/2470
f 2754/2754/2754 2542/2542/2542 3387/3387/3387
f 2449/2449/2449 2588/2588/2588 3388/3388/3388
f 2449/2449/2449 3388/3388/3388 2416/2416/2416
f 3388/3388/3388 3365/3365/3365 2416/2416/2416
f 2588/2588/2588 3365/3365/3365 3388/3388/3388
f 2470/2470/2470 3389/3389/3389 2545/2545/2545
f 3389/3389/3389 2542/2542/2542 2545/2545/2545
f 3387/3387/3387 2542/2542/2542 3389/3389/3389
f 3387/3387/3387 3389/3389/3389 2470/2470/2470
f 2470/2470/2470 2545/2545/2545 3390/3390/3390
f 2470/2470/2470 3390/3390/3390 2431/2431/2431
f 3390/3390/3390 3368/3368/3368 2431/2431/2431
f 2545/2545/2545 3368/3368/3368 3390/3390/3390
f 2473/2473/2473 2943/2943/2943 3391/3391/3391
f 2473/2473/2473 3391/3391/3391 2474/2474/2474
f 3391/3391/3391 3203/3203/3203 2474/2474/2474
f 2943/2943/2943 3203/3203/3203 3391/3391/3391
f 3392/3392/3392 2488/2488/2488 2489/2489/2489
f 2490/2490/2490 2488/2488/2488 3392/3392/3392
f 2374/2374/2374 2490/2490/2490 3392/3392/3392
f 2374/2374/2374 3392/3392/3392 2489/2489/2489
f 3393/3393/3393 2494/2494/2494 2495/2495/2495
f 2496/2496/2496 2494/2494/2494 3393/3393/3393
f 2371/2371/2371 2496/2496/2496 3393/3393/3393
f 2371/2371/2371 3393/3393/3393 2495/2495/2495
f 2497/2497/2497 2922/2922/2922 3394/3394/3394
f 2497/2497/2497 3394/3394/3394 2498/2498/2498
f 3394/3394/3394 3211/3211/3211 2498/2498/2498
f 2922/2922/2922 3211/3211/3211 3394/3394/3394
f 2499/2499/2499 3395/3395/3395 2500/2500/2500
f 3395/3395/3395 2501/2501/2501 2500/2500/2500
f 2683/2683/2683 2501/2501/2501 3395/3395/3395
f 2683/2683/2683 3395/3395/3395 2499/2499/2499
f 2507/2507/2507 3396/3396/3396 2508/2508/2508
f 3396/3396/3396 2509/2509/2509 2508/2508/2508
f 2679/2679/2679 2509/2509/2509 3396/3396/3396
f 2679/2679/2679 3396/3396/3396 2507/2507/2507
f 2697/2697/2697 3397/3397/3397 2503/2503/2503
f 3397/3397/3397 2504/2504/2504 2503/2503/2503
f 3397/3397/3397 2698/2698/2698 2504/2504/2504
f 2697/2697/2697 2698/2698/2698 3397/3397/3397
f 2694/2694/2694 3398/3398/3398 2505/2505/2505
f 3398/3398/3398 2506/2506/2506 2505/2505/2505
f 3398/3398/3398 2695/2695/2695 2506/2506/2506
f 2694/2694/2694 2695/2695/2695 3398/3398/3398
f 3399/3399/3399 2740/2740/2740 3216/3216/3216
f 2712/2712/2712 2740/2740/2740 3399/3399/3399
f 2712/2712/2712 3399/3399/3399 2735/2735/2735
f 3399/3399/3399 3216/3216/3216 2735/2735/2735
f 2740/2740/2740 3400/3400/3400 3216/3216/3216
f 3400/3400/3400 2503/2503/2503 3216/3216/3216
f 2711/2711/2711 2503/2503/2503 3400/3400/3400
f 2711/2711/2711 3400/3400/3400 2740/2740/2740
f 3401/3401/3401 2733/2733/2733 3218/3218/3218
f 2707/2707/2707 2733/2733/2733 3401/3401/3401
f 2707/2707/2707 3401/3401/3401 2730/2730/2730
f 3401/3401/3401 3218/3218/3218 2730/2730/2730
f 2733/2733/2733 3402/3402/3402 3218/3218/3218
f 3402/3402/3402 2505/2505/2505 3218/3218/3218
f 2706/2706/2706 2505/2505/2505 3402/3402/3402
f 2706/2706/2706 3402/3402/3402 2733/2733/2733
f 3403/3403/3403 2728/2728/2728 2723/2723/2723
f 2714/2714/2714 2728/2728/2728 3403/3403/3403
f 2714/2714/2714 3403/3403/3403 2502/2502/2502
f 2502/2502/2502 3404/3404/3404 2725/2725/2725
f 3404/3404/3404 2723/2723/2723 2725/2725/2725
f 3404/3404/3404 3403/3403/3403 2723/2723/2723
f 2502/2502/2502 3403/3403/3403 3404/3404/3404
f 3405/3405/3405 2720/2720/2720 2716/2716/2716
f 2701/2701/2701 2720/2720/2720 3405/3405/3405
f 2701/2701/2701 3405/3405/3405 2510/2510/2510
f 2510/2510/2510 3406/3406/3406 2718/2718/2718
f 3406/3406/3406 2716/2716/2716 2718/2718/2718
f 3406/3406/3406 3405/3405/3405 2716/2716/2716
f 2510/2510/2510 3405/3405/3405 3406/3406/3406
f 2511/2511/2511 2912/2912/2912 3407/3407/3407
f 2511/2511/2511 3407/3407/3407 2512/2512/2512
f 3407/3407/3407 3223/3223/3223 2512/2512/2512
f 2912/2912/2912 3223/3223/3223 3407/3407/3407
f 3408/3408/3408 2513/2513/2513 2514/2514/2514
f 2515/2515/2515 2513/2513/2513 3408/3408/3408
f 2909/2909/2909 2515/2515/2515 3408/3408/3408
f 2909/2909/2909 3408/3408/3408 2514/2514/2514
f 3409/3409/3409 2516/2516/2516 2517/2517/2517
f 2518/2518/2518 2516/2516/2516 3409/3409/3409
f 2902/2902/2902 2518/2518/2518 3409/3409/3409
f 2902/2902/2902 3409/3409/3409 2517/2517/2517
f 2519/2519/2519 2224/2224/2224 3410/3410/3410
f 2519/2519/2519 3410/3410/3410 2520/2520/2520
f 3410/3410/3410 3227/3227/3227 2520/2520/2520
f 2224/2224/2224 3227/3227/3227 3410/3410/3410
f 2512/2512/2512 3411/3411/3411 2521/2521/2521
f 3411/3411/3411 2522/2522/2522 2521/2521/2521
f 3223/3223/3223 2522/2522/2522 3411/3411/3411
f 3223/3223/3223 3411/3411/3411 2512/2512/2512
f 2520/2520/2520 3412/3412/3412 2526/2526/2526
f 3412/3412/3412 2527/2527/2527 2526/2526/2526
f 3227/3227/3227 2527/2527/2527 3412/3412/3412
f 3227/3227/3227 3412/3412/3412 2520/2520/2520
f 3277/3277/3277 3413/3413/3413 2524/2524/2524
f 3413/3413/3413 2514/2514/2514 2524/2524/2524
f 3413/3413/3413 3278/3278/3278 2514/2514/2514
f 3277/3277/3277 3278/3278/3278 3413/3413/3413
f 3282/3282/3282 3414/3414/3414 2525/2525/2525
f 3414/3414/3414 2517/2517/2517 2525/2525/2525
f 3414/3414/3414 3283/3283/3283 2517/2517/2517
f 3282/3282/3282 3283/3283/3283 3414/3414/3414
f 3289/3289/3289 3415/3415/3415 2690/2690/2690
f 3415/3415/3415 2656/2656/2656 2690/2690/2690
f 3415/3415/3415 3288/3288/3288 2656/2656/2656
f 3289/3289/3289 3288/3288/3288 3415/3415/3415
f 3416/3416/3416 2699/2699/2699 3232/3232/3232
f 2693/2693/2693 2699/2699/2699 3416/3416/3416
f 2693/2693/2693 3416/3416/3416 2698/2698/2698
f 3416/3416/3416 3232/3232/3232 2698/2698/2698
f 2699/2699/2699 3417/3417/3417 3232/3232/3232
f 3417/3417/3417 2524/2524/2524 3232/3232/3232
f 2692/2692/2692 2524/2524/2524 3417/3417/3417
f 2692/2692/2692 3417/3417/3417 2699/2699/2699
f 3418/3418/3418 2696/2696/2696 3234/3234/3234
f 2689/2689/2689 2696/2696/2696 3418/3418/3418
f 2689/2689/2689 3418/3418/3418 2695/2695/2695
f 3418/3418/3418 3234/3234/3234 2695/2695/2695
f 2696/2696/2696 3419/3419/3419 3234/3234/3234
f 3419/3419/3419 2525/2525/2525 3234/3234/3234
f 2688/2688/2688 2525/2525/2525 3419/3419/3419
f 2688/2688/2688 3419/3419/3419 2696/2696/2696
f 3420/3420/3420 2685/2685/2685 2682/2682/2682
f 2684/2684/2684 2685/2685/2685 3420/3420/3420
f 2684/2684/2684 3420/3420/3420 2523/2523/2523
f 2523/2523/2523 3421/3421/3421 2683/2683/2683
f 3421/3421/3421 2682/2682/2682 2683/2683/2683
f 3421/3421/3421 3420/3420/3420 2682/2682/2682
f 2523/2523/2523 3420/3420/3420 3421/3421/3421
f 3422/3422/3422 2681/2681/2681 2678/2678/2678
f 2680/2680/2680 2681/2681/2681 3422/3422/3422
f 2680/2680/2680 3422/3422/3422 2528/2528/2528
f 2528/2528/2528 3423/3423/3423 2679/2679/2679
f 3423/3423/3423 2678/2678/2678 2679/2679/2679
f 3423/3423/3423 3422/3422/3422 2678/2678/2678
f 2528/2528/2528 3422/3422/3422 3423/3423/3423
f 3424/3424/3424 2766/2766/2766 2763/2763/2763
f 2868/2868/2868 2766/2766/2766 3424/3424/3424
f 3424/3424/3424 2866/2866/2866 2868/2868/2868
f 2763/2763/2763 2866/2866/2866 3424/3424/3424
f 2288/2288/2288 3425/3425/3425 2868/2868/2868
f 3425/3425/3425 2766/2766/2766 2868/2868/2868
f 3425/3425/3425 3143/3143/3143 2766/2766/2766
f 2288/2288/2288 3143/3143/3143 3425/3425/3425
f 2752/2752/2752 2746/2746/2746 3426/3426/3426
f 2752/2752/2752 3426/3426/3426 2753/2753/2753
f 2862/2862/2862 2753/2753/2753 3426/3426/3426
f 2862/2862/2862 3426/3426/3426 2746/2746/2746
f 2823/2823/2823 2817/2817/2817 3427/3427/3427
f 2823/2823/2823 3427/3427/3427 2824/2824/2824
f 2854/2854/2854 2824/2824/2824 3427/3427/3427
f 2854/2854/2854 3427/3427/3427 2817/2817/2817
f 2832/2832/2832 2829/2829/2829 3428/3428/3428
f 2832/2832/2832 3428/3428/3428 2833/2833/2833
f 2856/2856/2856 2833/2833/2833 3428/3428/3428
f 2856/2856/2856 3428/3428/3428 2829/2829/2829
f 3429/3429/3429 2842/2842/2842 2840/2840/2840
f 2872/2872/2872 2842/2842/2842 3429/3429/3429
f 3429/3429/3429 2870/2870/2870 2872/2872/2872
f 2840/2840/2840 2870/2870/2870 3429/3429/3429
f 2330/2330/2330 3121/3121/3121 2872/2872/2872
f 3121/3121/3121 2842/2842/2842 2872/2872/2872
f 3097/3097/3097 2333/2333/2333 2336/2336/2336
g Gateway016
s 1
f 3430/3430/3430 3431/3431/3431 3432/3432/3432
f 3433/3433/3433 3434/3434/3434 3435/3435/3435
f 3436/3436/3436 3437/3437/3437 3438/3438/3438
f 3439/3439/3439 3440/3440/3440 3441/3441/3441
f 3431/3431/3431 3442/3442/3442 3432/3432/3432
f 3435/3435/3435 3434/3434/3434 3443/3443/3443
f 3431/3431/3431 3444/3444/3444 3442/3442/3442
f 3445/3445/3445 3446/3446/3446 3447/3447/3447
f 3445/3445/3445 3448/3448/3448 3446/3446/3446
f 3443/3443/3443 3434/3434/3434 3449/3449/3449
f 3445/3445/3445 3450/3450/3450 3444/3444/3444
f 3451/3451/3451 3440/3440/3440 3439/3439/3439
f 3452/3452/3452 3453/3453/3453 3454/3454/3454
f 3445/3445/3445 3444/3444/3444 3431/3431/3431
f 3445/3445/3445 3430/3430/3430 3448/3448/3448
f 3430/3430/3430 3432/3432/3432 3448/3448/3448
f 3436/3436/3436 3440/3440/3440 3437/3437/3437
f 3455/3455/3455 3434/3434/3434 3456/3456/3456
f 3452/3452/3452 3457/3457/3457 3453/3453/3453
f 3452/3452/3452 3454/3454/3454 3458/3458/3458
f 3445/3445/3445 3431/3431/3431 3430/3430/3430
f 3459/3459/3459 3436/3436/3436 3438/3438/3438
f 3456/3456/3456 3434/3434/3434 3460/3460/3460
f 3452/3452/3452 3461/3461/3461 3457/3457/3457
f 3445/3445/3445 3447/3447/3447 3450/3450/3450
f 3441/3441/3441 3440/3440/3440 3436/3436/3436
f 3452/3452/3452 3462/3462/3462 3461/3461/3461
f 3460/3460/3460 3434/3434/3434 3433/3433/3433
f 3441/3441/3441 3436/3436/3436 3459/3459/3459
f 3438/3438/3438 3437/3437/3437 3463/3463/3463
f 3449/3449/3449 3434/3434/3434 3455/3455/3455
f 3437/3437/3437 3440/3440/3440 3463/3463/3463
f 3449/3449/3449 3455/3455/3455 3464/3464/3464
f 3452/3452/3452 3465/3465/3465 3462/3462/3462
f 3463/3463/3463 3440/3440/3440 3466/3466/3466
f 3464/3464/3464 3455/3455/3455 3456/3456/3456
f 3452/3452/3452 3458/3458/3458 3465/3465/3465
f 3466/3466/3466 3440/3440/3440 3451/3451/3451
