# Exported using wow.export v0.2.19
o darnassis_house34.obj
v -121.84141540527344 -4.341767311096191 309.177734375
v -119.24956512451172 -4.341768264770508 315.5444030761719
v -120.12370300292969 -2.847491979598999 308.6844787597656
v -108.457763671875 -12.987736701965332 296.489501953125
v -106.04595947265625 -12.987737655639648 302.5865478515625
v -105.11798858642578 -13.535600662231445 302.13232421875
v -123.49923706054688 -4.896735668182373 310.0647888183594
v -124.43325805664062 -4.341766357421875 302.81103515625
v -118.56001281738281 -1.3532164096832275 307.84027099609375
v -117.19880676269531 0.5318034887313843 307.4446716308594
v -120.99784088134766 -1.3532155752182007 301.8245544433594
v -116.12217712402344 -1.3532172441482544 313.85601806640625
v -115.9598159790039 2.4168243408203125 306.77056884765625
v -113.64420318603516 2.4168243408203125 312.5077819824219
v -106.79212188720703 -11.369025230407715 302.8858947753906
v -109.95008850097656 -9.750310897827148 297.08819580078125
v -118.27542877197266 2.4168243408203125 301.0333251953125
v -114.72245788574219 0.5318034887313843 306.0927429199219
v -125.10415649414062 -11.369025230407715 310.71966552734375
v -122.31065368652344 -12.987739562988281 319.668701171875
v -121.01799774169922 -9.750312805175781 318.6150207519531
v -125.94353485107422 -12.987737655639648 310.7892150878906
v -128.07493591308594 -5.451704978942871 303.8423156738281
v -125.32008361816406 -5.451704978942871 310.5804443359375
v -127.89765167236328 -9.750310897827148 301.7706298828125
v -103.6341552734375 -12.987739562988281 308.68359375
v -122.56522369384766 -5.451704978942871 317.31854248046875
v -105.08935546875 -9.750312805175781 309.3321533203125
v -119.24956512451172 -4.341768264770508 315.5444030761719
v -119.24506378173828 -5.35029935836792 315.5419921875
v -116.12217712402344 -1.3532172441482544 313.85601806640625
v -115.93770599365234 -2.2536823749542236 313.7559509277344
v -113.64420318603516 2.4168243408203125 312.5077819824219
v -113.64420318603516 1.212982177734375 312.5077819824219
v -120.99784088134766 -1.3532155752182007 301.8245544433594
v -118.27542877197266 1.212982177734375 301.0333251953125
v -120.79518127441406 -2.25368070602417 301.76593017578125
v -118.27542877197266 2.4168243408203125 301.0333251953125
v -120.9559326171875 -10.856877326965332 318.6476135253906
v -121.01799774169922 -9.750312805175781 318.6150207519531
v -122.10843658447266 -13.471938133239746 319.5144348144531
v -112.13429260253906 -4.341766357421875 299.2175598144531
v -111.80590057373047 -2.847491979598999 304.83392333984375
v -108.05551147460938 -4.341768264770508 309.4331970214844
v -122.56522369384766 -5.451704978942871 317.31854248046875
v -122.404052734375 -6.927029132843018 317.2326965332031
v -115.55628967285156 -1.3532155752182007 300.234619140625
v -111.16947937011719 -1.3532172441482544 311.15216064453125
v -113.36288452148438 -1.3532164096832275 305.6933898925781
v -124.43325805664062 -4.341766357421875 302.81103515625
v -127.8979263305664 -6.927029132843018 303.79254150390625
v -128.07493591308594 -5.451704978942871 303.8423156738281
v -119.24956512451172 -4.341768264770508 315.5444030761719
v -124.4283218383789 -5.350302219390869 302.80963134765625
v -104.13966369628906 -14.083463668823242 301.77520751953125
v -106.5011215209961 -14.083463668823242 295.7752990722656
v -120.22945404052734 -10.852554321289062 318.15692138671875
v -101.77821350097656 -14.083463668823242 307.775146484375
v -129.32102966308594 -13.471936225891113 301.88079833984375
v -127.89765167236328 -9.750310897827148 301.7706298828125
v -127.85304260253906 -11.692154884338379 301.6392822265625
v -129.576416015625 -12.987736701965332 301.90972900390625
v -133.31886291503906 -14.883716583251953 302.5559387207031
v -133.57598876953125 -14.083463668823242 302.5812683105469
v -127.00406646728516 -10.85255241394043 301.5527038574219
v -120.8938980102539 -11.692156791687012 318.6800842285156
v -122.31065368652344 -12.987739562988281 319.668701171875
v -125.43558502197266 -14.88371753692627 321.7530822753906
v -125.63712310791016 -14.083464622497559 321.90924072265625
v -129.60655212402344 -14.083463668823242 312.2452392578125
v -129.576416015625 -12.987736701965332 301.90972900390625
v -133.57598876953125 -14.083463668823242 302.5812683105469
v -107.51972198486328 -9.750311851501465 303.2101745605469
v -127.60676574707031 -13.535600662231445 311.90948486328125
v -124.45782470703125 -9.750311851501465 310.19281005859375
v -108.69007110595703 -13.47193717956543 296.5751953125
v -110.06995391845703 -11.692152976989746 297.0328369140625
v -109.95008850097656 -9.750310897827148 297.08819580078125
v -108.457763671875 -12.987736701965332 296.489501953125
v -106.73416900634766 -14.883716583251953 295.85968017578125
v -106.5011215209961 -14.083463668823242 295.7752990722656
v -110.83270263671875 -10.85255241394043 297.3319396972656
v -105.13578033447266 -11.692156791687012 309.4593505859375
v -103.85540771484375 -13.471938133239746 308.790283203125
v -105.08935546875 -9.750312805175781 309.3321533203125
v -103.6341552734375 -12.987739562988281 308.68359375
v -101.99856567382812 -14.883716583251953 307.88427734375
v -101.77821350097656 -14.083463668823242 307.775146484375
v -105.87588500976562 -10.852554321289062 309.7939453125
v -125.63712310791016 -14.083464622497559 321.90924072265625
v -104.76532745361328 -5.451704978942871 307.6009826660156
v -108.51809692382812 -5.451704502105713 298.12823486328125
v -112.13919830322266 -5.35029935836792 299.2190246582031
v -115.75847625732422 -2.25368070602417 300.2943115234375
v -115.55628967285156 -1.3532155752182007 300.234619140625
v -112.13429260253906 -4.341766357421875 299.2175598144531
v -108.693603515625 -6.927027225494385 298.18145751953125
v -111.3534927368164 -2.2536823749542236 311.2532653808594
v -108.05997467041016 -5.35029935836792 309.4356689453125
v -111.16947937011719 -1.3532172441482544 311.15216064453125
v -104.76532745361328 -5.451704978942871 307.6009826660156
v -108.05551147460938 -4.341768264770508 309.4331970214844
v -108.51809692382812 -5.451704502105713 298.12823486328125
v -104.92500305175781 -6.927029132843018 307.6902770996094
v -98.8899917602539 -21.22783088684082 306.6069030761719
v -101.69743347167969 -19.538780212402344 307.95904541015625
v -103.27655029296875 -19.53877830505371 303.94775390625
v -100.63726043701172 -21.15692710876465 302.6805114746094
v -103.92051696777344 -19.53877830505371 302.3119201660156
v -103.27655029296875 -19.53877830505371 303.94775390625
v -104.950439453125 -19.53877830505371 309.1793518066406
v -101.69743347167969 -19.538780212402344 307.95904541015625
v -97.00505828857422 -23.32365608215332 301.064453125
v -95.16509246826172 -23.408517837524414 304.8673095703125
v -101.01834869384766 -19.538780212402344 309.6840515136719
v -100.20999908447266 -19.538780212402344 311.7374572753906
v -123.78926849365234 -11.692068099975586 304.1265869140625
v -127.85304260253906 -11.692154884338379 301.6392822265625
v -124.35614776611328 -11.692152976989746 302.73388671875
v -107.32474517822266 -19.53877830505371 303.19622802734375
v -105.92057037353516 -19.53877830505371 301.97320556640625
v -109.69905090332031 -19.53877830505371 297.21307373046875
v -121.94363403320312 -18.512248992919922 300.49609375
v -125.065673828125 -18.51224708557129 302.9159851074219
v -118.41017150878906 -18.512248992919922 300.980224609375
v -107.61322784423828 -11.692154884338379 303.22247314453125
v -105.13578033447266 -11.692156791687012 309.4593505859375
v -108.81727600097656 -11.692506790161133 308.3662109375
v -124.38382720947266 -11.692154884338379 310.1360778808594
v -122.78474426269531 -11.692153930664062 306.59228515625
v -121.78022003173828 -11.692239761352539 309.0579833984375
v -111.75467681884766 -18.512248992919922 299.04449462890625
v -104.440185546875 -18.512248992919922 303.53350830078125
v -111.30313110351562 -18.51224708557129 300.1767578125
v -106.28634643554688 -18.512248992919922 305.744873046875
v -120.41597747802734 -18.512258529663086 314.3294677734375
v -124.9974365234375 -18.512250900268555 319.71685791015625
v -119.802978515625 -18.512248992919922 316.1359558105469
v -101.26956939697266 -18.512250900268555 311.31298828125
v -105.89427185058594 -18.512248992919922 306.7276611328125
v -118.40194702148438 -11.692152976989746 301.000244140625
v -117.21305084228516 -11.692152976989746 299.88336181640625
v -112.44773864746094 -11.692152976989746 299.2666015625
v -111.97855377197266 -14.082414627075195 313.1063232421875
v -114.87977600097656 -11.692154884338379 315.2068176269531
v -110.06822204589844 -14.082416534423828 317.4996643066406
v -107.61079406738281 -18.512248992919922 295.7540588378906
v -113.74124145507812 -18.512248992919922 297.3024597167969
v -119.87169647216797 -18.512248992919922 298.8508605957031
v -114.2291259765625 -10.852554321289062 320.3011779785156
v -113.03363800048828 -11.692154884338379 319.41680908203125
v -116.18779754638672 -10.852554321289062 315.8346252441406
v -127.98233795166016 -19.53877830505371 302.058349609375
v -134.2504425048828 -19.53877830505371 300.95526123046875
v -128.1125946044922 -19.53877830505371 300.01971435546875
v -118.1463623046875 -10.852554321289062 322.906982421875
v -120.22945404052734 -10.852554321289062 318.15692138671875
v -121.97474670410156 -19.53877830505371 299.08416748046875
v -114.43272399902344 -19.53877830505371 296.92559814453125
v -106.89070129394531 -19.53877830505371 294.7670593261719
v -111.20346069335938 -11.692180633544922 302.3851318359375
v -111.99884796142578 -11.692072868347168 300.39141845703125
v -110.06995391845703 -11.692152976989746 297.0328369140625
v -118.32205963134766 -10.823294639587402 311.5157470703125
v -119.84672546386719 -10.823293685913086 307.75909423828125
v -106.37549591064453 -18.512250900268555 316.0882263183594
v -108.22258758544922 -18.512248992919922 311.47430419921875
v -107.62117767333984 -19.53877830505371 311.3133544921875
v -105.59989929199219 -19.538780212402344 315.7286682128906
v -110.35026550292969 -16.91631317138672 310.8504943847656
v -108.9855728149414 -18.512248992919922 309.8907470703125
v -109.67964935302734 -16.151498794555664 311.74798583984375
v -107.8272705078125 -16.151498794555664 316.03314208984375
v -107.20632934570312 -18.512248992919922 310.3456726074219
v -105.54457092285156 -18.512250900268555 314.1814270019531
v -116.2812271118164 -11.698458671569824 316.12322998046875
v -116.98128509521484 -11.692154884338379 314.2745056152344
v -115.591064453125 -12.540400505065918 313.7480163574219
v -119.17729949951172 -11.692154884338379 315.4569396972656
v -113.8665542602539 -11.879085540771484 321.6296691894531
v -118.35054779052734 -11.879083633422852 324.8326110839844
v -120.8938980102539 -11.692156791687012 318.6800842285156
v -112.58646392822266 -12.540400505065918 320.844482421875
v -109.93155670166016 -14.733062744140625 318.90777587890625
v -112.76951599121094 -14.733060836791992 312.1910400390625
v -107.65526580810547 -16.91631507873535 317.241455078125
v -117.79439544677734 -10.823286056518555 312.8157043457031
v -115.426513671875 -10.852554321289062 315.39434814453125
v -110.09608459472656 -10.853667259216309 309.380615234375
v -113.124755859375 -10.853665351867676 301.82171630859375
v -108.35429382324219 -10.852553367614746 303.56292724609375
v -110.83270263671875 -10.85255241394043 297.3319396972656
v -105.87588500976562 -10.852554321289062 309.7939453125
v -107.7090835571289 -18.512248992919922 309.1852111816406
v -111.19095611572266 -10.853665351867676 306.648193359375
v -111.83555603027344 -10.853665351867676 305.03936767578125
v -115.5879898071289 -11.692154884338379 313.5205383300781
v -108.3391342163086 -11.692152976989746 309.5509338378906
v -110.40806579589844 -11.692289352416992 304.3788146972656
v -109.6126708984375 -11.692398071289062 306.37249755859375
v -110.54635620117188 -10.853665351867676 308.2570495605469
v -112.48015594482422 -10.853665351867676 303.4305419921875
v -126.00215148925781 -18.512248992919922 300.3992614746094
v -132.13259887695312 -18.512248992919922 301.9476623535156
v -123.46391296386719 -18.51226043701172 306.84796142578125
v -124.23067474365234 -18.512256622314453 313.28240966796875
v -122.44793701171875 -18.51226043701172 309.341796875
v -124.47989654541016 -18.51226043701172 304.3540954589844
v -128.5650177001953 -18.512248992919922 310.832275390625
v -124.73866271972656 -18.512256622314453 312.03546142578125
v -120.57057189941406 -19.53877830505371 297.86114501953125
v -117.50164794921875 -19.53877830505371 297.39337158203125
v -121.27265930175781 -19.53877830505371 298.47265625
v -127.41050720214844 -19.53877830505371 299.408203125
v -112.44773864746094 -11.692152976989746 299.2666015625
v -123.61676025390625 -10.852553367614746 309.85479736328125
v -120.80042266845703 -10.837923049926758 311.0797119140625
v -121.37139129638672 -10.82329273223877 304.0024719238281
v -129.8575439453125 -19.538780212402344 311.650390625
v -121.21287536621094 -19.53877830505371 318.6295471191406
v -125.46465301513672 -19.538780212402344 322.3455505371094
v -118.96150207519531 -11.692153930664062 299.3360595703125
v -108.16654968261719 -18.512243270874023 308.0389404296875
v -120.77569580078125 -11.692325592041016 311.523681640625
v -108.95069885253906 -18.512245178222656 306.0733947753906
v -109.7348403930664 -18.512245178222656 304.10784912109375
v -116.54291534423828 -19.538780212402344 316.8294677734375
v -121.43196105957031 -18.51226043701172 311.83563232421875
v -118.91838073730469 -10.85255241394043 299.44232177734375
v -116.36175537109375 -10.837920188903809 300.0272521972656
v -121.89080047607422 -10.823287963867188 302.7225646972656
v -113.56744384765625 -10.853667259216309 300.716552734375
v -114.87977600097656 -11.692154884338379 315.2068176269531
v -127.73165893554688 -19.53877830505371 309.79241943359375
v -127.00406646728516 -10.85255241394043 301.5527038574219
v -113.73063659667969 -19.53877830505371 296.3140869140625
v -107.82453918457031 -19.53877830505371 310.87957763671875
v -92.9449234008789 -26.257659912109375 299.1357116699219
v -91.03815460205078 -26.257659912109375 302.855224609375
v -96.28221130371094 -22.51934242248535 300.7507019042969
v -100.12873077392578 -20.183345794677734 302.4689025878906
v -98.36406707763672 -20.256364822387695 306.3761291503906
v -94.4190444946289 -22.607704162597656 304.52679443359375
v -103.24223327636719 -18.512248992919922 303.9065246582031
v -101.6559066772461 -18.512248992919922 307.9366455078125
v -91.73890686035156 -26.257659912109375 298.59661865234375
v -89.82958221435547 -26.257659912109375 302.28851318359375
v -119.77117156982422 -11.692412376403809 313.9894104003906
v -114.51870727539062 -19.53877830505371 314.75457763671875
v -124.59761047363281 -19.53877830505371 310.34393310546875
v -118.8406982421875 -19.53877830505371 299.6357116699219
v -103.27655029296875 -19.53877830505371 303.94775390625
v -101.69743347167969 -19.538780212402344 307.95904541015625
v -101.6559066772461 -18.512248992919922 307.9366455078125
v -103.24223327636719 -18.512248992919922 303.9065246582031
v -91.73890686035156 -26.257659912109375 298.59661865234375
v -89.82958221435547 -26.257659912109375 302.28851318359375
v -115.83689880371094 -19.53877830505371 298.14862060546875
v -110.51898193359375 -18.512245178222656 302.1423034667969
v -114.41702270507812 -19.53877830505371 314.971435546875
v -121.36424255371094 -29.11233901977539 319.2215270996094
v -124.67329406738281 -24.325557708740234 310.63995361328125
v -124.93561553955078 -29.11233901977539 310.4825744628906
v -128.50698852539062 -29.11233901977539 301.7436218261719
v -124.59761047363281 -19.53877830505371 310.34393310546875
v -121.21287536621094 -19.53877830505371 318.6295471191406
v -127.98233795166016 -19.53877830505371 302.058349609375
v -112.44773864746094 -11.692152976989746 299.2666015625
v -118.75670623779297 -15.10219955444336 301.09130859375
v -118.40194702148438 -11.692152976989746 301.000244140625
v -124.35614776611328 -11.692152976989746 302.73388671875
v -114.39427185058594 -18.512248992919922 313.01336669921875
v -110.35026550292969 -16.91631317138672 310.8504943847656
v -119.802978515625 -18.512248992919922 316.1359558105469
v -108.9855728149414 -18.512248992919922 309.8907470703125
v -107.82453918457031 -19.53877830505371 310.87957763671875
v -114.51870727539062 -19.53877830505371 314.75457763671875
v -114.59439086914062 -24.325557708740234 315.050537109375
v -121.21287536621094 -19.53877830505371 318.6295471191406
v -104.51768493652344 -29.112342834472656 309.2846984863281
v -106.98766326904297 -29.112340927124023 303.05548095703125
v -107.10836791992188 -24.3255615234375 303.2489013671875
v -125.065673828125 -18.51224708557129 302.9159851074219
v -118.41017150878906 -18.512248992919922 300.980224609375
v -111.75467681884766 -18.512248992919922 299.04449462890625
v -109.69905090332031 -19.53877830505371 297.21307373046875
v -119.10301971435547 -24.325557708740234 299.47833251953125
v -118.8406982421875 -19.53877830505371 299.6357116699219
v -107.32474517822266 -19.53877830505371 303.19622802734375
v -104.950439453125 -19.53877830505371 309.1793518066406
v -109.69905090332031 -19.53877830505371 297.21307373046875
v -109.4576416015625 -29.11233901977539 296.8262634277344
v -127.98233795166016 -19.53877830505371 302.058349609375
v -128.50698852539062 -29.11233901977539 301.7436218261719
v -118.98231506347656 -29.11233901977539 299.2849426269531
v -109.4576416015625 -29.11233901977539 296.8262634277344
v -124.47398376464844 -16.807205200195312 303.88787841796875
v -124.34468841552734 -15.10214900970459 303.7245788574219
v -124.1167984008789 -13.39710521697998 303.8032531738281
v -119.17729949951172 -11.692154884338379 315.4569396972656
v -119.83033752441406 -15.124174118041992 314.8116760253906
v -119.802978515625 -18.512248992919922 316.1359558105469
v -120.0146484375 -16.57404327392578 314.7680358886719
v -119.73794555664062 -13.224579811096191 314.5029296875
v -121.2774429321289 -5.2932915687561035 303.4397888183594
v -121.02392578125 -3.449962854385376 303.7996520996094
v -121.50577545166016 -3.420210123062134 302.6074523925781
v -121.41156005859375 -9.901626586914062 303.7711486816406
v -121.89080047607422 -10.823287963867188 302.7225646972656
v -121.37139129638672 -10.82329273223877 304.0024719238281
v -124.47989654541016 -18.51226043701172 304.3540954589844
v -123.78926849365234 -11.692068099975586 304.1265869140625
v -119.77117156982422 -11.692412376403809 313.9894104003906
v -120.41597747802734 -18.512258529663086 314.3294677734375
v -120.35586547851562 -2.2536773681640625 302.8507080078125
v -115.36028289794922 -2.25368070602417 301.285400390625
v -113.94961547851562 -3.45058536529541 300.8381042480469
v -117.85667419433594 1.2129805088043213 302.07122802734375
v -110.44987487792969 -3.450587034225464 309.5668640136719
v -117.43793487548828 -3.4202067852020264 312.6355285644531
v -117.79439544677734 -10.823286056518555 312.8157043457031
v -121.45172882080078 -8.979960441589355 303.5398254394531
v -118.08734893798828 -8.98094367980957 311.8294372558594
v -118.20470428466797 -9.902118682861328 311.672607421875
v -117.79439544677734 -10.823286056518555 312.8157043457031
v -118.32205963134766 -10.823294639587402 311.5157470703125
v -117.93052673339844 -4.375072479248047 311.5543518066406
v -117.43793487548828 -3.4202067852020264 312.6355285644531
v -117.962158203125 -3.453896999359131 311.3441467285156
v -117.8989028930664 -5.296247959136963 311.7645568847656
v -112.94096374511719 -29.112340927124023 314.25311279296875
v -121.36424255371094 -29.11233901977539 319.2215270996094
v -111.7558364868164 -2.2536823749542236 310.2527160644531
v -116.38117218017578 -2.2536823749542236 312.6617126464844
v -117.43793487548828 -3.4202067852020264 312.6355285644531
v -121.50577545166016 -3.420210123062134 302.6074523925781
v -113.94961547851562 -3.45058536529541 300.8381042480469
v -113.56744384765625 -10.853667259216309 300.716552734375
v -114.06710052490234 1.2129788398742676 311.46038818359375
v -121.89080047607422 -10.823287963867188 302.7225646972656
v -121.50577545166016 -3.420210123062134 302.6074523925781
v -110.09608459472656 -10.853667259216309 309.380615234375
v -110.44987487792969 -3.450587034225464 309.5668640136719
v -115.591064453125 -12.540400505065918 313.7480163574219
v -116.98128509521484 -11.692154884338379 314.2745056152344
v -119.17729949951172 -11.692154884338379 315.4569396972656
v -112.76951599121094 -14.733060836791992 312.1910400390625
v -112.52156829833984 -14.082414627075195 311.84161376953125
v -110.19944763183594 -16.151498794555664 310.5638427734375
v -108.3391342163086 -11.692152976989746 309.5509338378906
v -115.5879898071289 -11.692154884338379 313.5205383300781
v -107.7090835571289 -18.512248992919922 309.1852111816406
v -113.5721435546875 -5.323668956756592 301.5081787109375
v -113.54283142089844 -7.167000770568848 301.3136291503906
v -113.36902618408203 -9.010334968566895 301.4797668457031
v -110.68241119384766 -5.326636791229248 308.7201232910156
v -110.5524673461914 -7.168981075286865 308.77685546875
v -110.5118179321289 -9.011322021484375 308.61077880859375
v -111.60643005371094 -16.80720329284668 299.9060974121094
v -111.75467681884766 -18.512248992919922 299.04449462890625
v -111.81504821777344 -15.102157592773438 299.8728332519531
v -111.94661712646484 -13.397107124328613 300.0326232910156
v -112.44773864746094 -11.692152976989746 299.2666015625
v -108.28225708007812 -15.124228477478027 308.72186279296875
v -108.3391342163086 -11.692152976989746 309.5509338378906
v -107.7090835571289 -18.512248992919922 309.1852111816406
v -108.18177032470703 -16.574068069458008 308.5573425292969
v -108.5307388305664 -13.224661827087402 308.64447021484375
v -113.124755859375 -10.853665351867676 301.82171630859375
v -117.941162109375 -7.138594150543213 311.9250183105469
v -113.52996063232422 -3.4803364276885986 301.881103515625
v -110.90390014648438 -3.484283447265625 308.4348449707031
v -110.54635620117188 -10.853665351867676 308.2570495605469
v -111.30313110351562 -18.51224708557129 300.1767578125
v -108.16654968261719 -18.512243270874023 308.0389404296875
v -121.44879913330078 -7.136621475219727 303.2823486328125
v -108.81727600097656 -11.692506790161133 308.3662109375
v -111.99884796142578 -11.692072868347168 300.39141845703125
v -107.61322784423828 -11.692154884338379 303.22247314453125
v -110.06995391845703 -11.692152976989746 297.0328369140625
v -108.69007110595703 -13.47193717956543 296.5751953125
v -106.28337097167969 -13.47193717956543 302.6585388183594
v -103.85540771484375 -13.471938133239746 308.790283203125
v -105.13578033447266 -11.692156791687012 309.4593505859375
v -104.37763977050781 -14.883716583251953 301.8463134765625
v -106.73416900634766 -14.883716583251953 295.85968017578125
v -101.99856567382812 -14.883716583251953 307.88427734375
v -112.13919830322266 -5.35029935836792 299.2190246582031
v -108.693603515625 -6.927027225494385 298.18145751953125
v -108.05997467041016 -5.35029935836792 309.4356689453125
v -125.15098571777344 -6.927029132843018 310.51263427734375
v -127.8979263305664 -6.927029132843018 303.79254150390625
v -123.57149505615234 -6.138664245605469 309.6672668457031
v -121.8366928100586 -5.3503007888793945 309.1758117675781
v -124.4283218383789 -5.350302219390869 302.80963134765625
v -121.02392578125 -3.449962854385376 303.7996520996094
v -119.4930419921875 -3.451930046081543 307.5718994140625
v -119.24506378173828 -5.35029935836792 315.5419921875
v -120.25848388671875 -3.45094633102417 305.685791015625
v -117.962158203125 -3.453896999359131 311.3441467285156
v -118.27542877197266 1.212982177734375 301.0333251953125
v -115.75847625732422 -2.25368070602417 300.2943115234375
v -115.36028289794922 -2.25368070602417 301.285400390625
v -117.85667419433594 1.2129805088043213 302.07122802734375
v -113.94961547851562 -3.45058536529541 300.8381042480469
v -111.3534927368164 -2.2536823749542236 311.2532653808594
v -113.64420318603516 1.212982177734375 312.5077819824219
v -114.06710052490234 1.2129788398742676 311.46038818359375
v -111.7558364868164 -2.2536823749542236 310.2527160644531
v -110.44987487792969 -3.450587034225464 309.5668640136719
v -104.92500305175781 -6.927029132843018 307.6902770996094
v -124.38382720947266 -11.692154884338379 310.1360778808594
v -129.32102966308594 -13.471936225891113 301.88079833984375
v -127.85304260253906 -11.692154884338379 301.6392822265625
v -125.72537231445312 -13.471938133239746 310.6733703613281
v -120.8938980102539 -11.692156791687012 318.6800842285156
v -122.10843658447266 -13.471938133239746 319.5144348144531
v -129.3477325439453 -14.883716583251953 312.1520080566406
v -133.31886291503906 -14.883716583251953 302.5559387207031
v -125.43558502197266 -14.88371753692627 321.7530822753906
v -118.27542877197266 1.212982177734375 301.0333251953125
v -120.35586547851562 -2.2536773681640625 302.8507080078125
v -120.79518127441406 -2.25368070602417 301.76593017578125
v -117.85667419433594 1.2129805088043213 302.07122802734375
v -121.50577545166016 -3.420210123062134 302.6074523925781
v -124.4283218383789 -5.350302219390869 302.80963134765625
v -122.404052734375 -6.927029132843018 317.2326965332031
v -115.93770599365234 -2.2536823749542236 313.7559509277344
v -116.38117218017578 -2.2536823749542236 312.6617126464844
v -117.43793487548828 -3.4202067852020264 312.6355285644531
v -120.13449096679688 -4.4001312255859375 309.67083740234375
v -112.87344360351562 -3.4813232421875 303.51953125
v -113.52996063232422 -3.4803364276885986 301.881103515625
v -112.21693420410156 -3.4823098182678223 305.157958984375
v -111.56041717529297 -3.4832966327667236 306.79638671875
v -110.90390014648438 -3.484283447265625 308.4348449707031
v -112.13919830322266 -5.35029935836792 299.2190246582031
v -108.05997467041016 -5.35029935836792 309.4356689453125
v -121.02392578125 -3.449962854385376 303.7996520996094
v -124.4283218383789 -5.350302219390869 302.80963134765625
v -121.50577545166016 -3.420210123062134 302.6074523925781
v -119.802978515625 -18.512248992919922 316.1359558105469
v -125.5976333618164 -18.512250900268555 322.1457824707031
v -116.91011047363281 -18.512248992919922 316.81005859375
v -108.35429382324219 -10.852553367614746 303.56292724609375
v -105.87588500976562 -10.852554321289062 309.7939453125
v -105.08935546875 -9.750312805175781 309.3321533203125
v -123.61676025390625 -10.852553367614746 309.85479736328125
v -121.01799774169922 -9.750312805175781 318.6150207519531
v -120.22945404052734 -10.852554321289062 318.15692138671875
v -103.24223327636719 -18.512248992919922 303.9065246582031
v -104.440185546875 -18.512248992919922 303.53350830078125
v -101.26956939697266 -18.512250900268555 311.31298828125
v -129.83575439453125 -19.0255126953125 311.76593017578125
v -125.46465301513672 -19.538780212402344 322.3455505371094
v -129.90225219726562 -18.512248992919922 311.666015625
v -116.54291534423828 -19.538780212402344 316.8294677734375
v -108.22258758544922 -18.512248992919922 311.47430419921875
v -116.84362030029297 -19.025514602661133 316.909912109375
v -125.46465301513672 -19.538780212402344 322.3455505371094
v -116.91011047363281 -18.512248992919922 316.81005859375
v -107.61079406738281 -18.512248992919922 295.7540588378906
v -106.7904281616211 -18.51224708557129 294.8923034667969
v -113.64453125 -18.51224708557129 296.4658203125
v -120.49864196777344 -18.51224708557129 298.039306640625
v -113.64453125 -18.51224708557129 296.4658203125
v -113.66960144042969 -18.768878936767578 296.43450927734375
v -106.7904281616211 -18.51224708557129 294.8923034667969
v -127.85304260253906 -11.692154884338379 301.6392822265625
v -119.3428726196289 -11.272354125976562 299.485595703125
v -118.96150207519531 -11.692153930664062 299.3360595703125
v -110.83270263671875 -10.85255241394043 297.3319396972656
v -118.91838073730469 -10.85255241394043 299.44232177734375
v -127.39961242675781 -19.282146453857422 299.4659729003906
v -127.37782287597656 -18.768878936767578 299.58148193359375
v -120.54878234863281 -19.0255126953125 297.9766845703125
v -134.2504425048828 -19.53877830505371 300.95526123046875
v -120.57057189941406 -19.53877830505371 297.86114501953125
v -113.71974182128906 -19.282146453857422 296.37188720703125
v -106.89070129394531 -19.53877830505371 294.7670593261719
v -127.41050720214844 -19.53877830505371 299.408203125
v -114.05471801757812 -18.512248992919922 296.89666748046875
v -120.49864196777344 -18.51224708557129 298.039306640625
v -120.90882873535156 -18.512248992919922 298.47015380859375
v -113.74124145507812 -18.512248992919922 297.3024597167969
v -123.97405242919922 -18.512248992919922 299.244384765625
v -127.03927612304688 -18.512248992919922 300.0185546875
v -134.2068634033203 -18.51224708557129 301.186279296875
v -114.25981140136719 -18.512248992919922 297.11212158203125
v -119.87169647216797 -18.512248992919922 298.8508605957031
v -120.3902587890625 -18.512248992919922 298.6605224609375
v -134.2068634033203 -18.51224708557129 301.186279296875
v -127.35275268554688 -18.51224708557129 299.61279296875
v -127.35275268554688 -18.51224708557129 299.61279296875
v -113.73063659667969 -19.53877830505371 296.3140869140625
v -127.55784606933594 -18.512248992919922 299.8282165527344
v -125.5976333618164 -18.512250900268555 322.1457824707031
v -127.00406646728516 -10.85255241394043 301.5527038574219
v -110.06995391845703 -11.692152976989746 297.0328369140625
v -124.9974365234375 -18.512250900268555 319.71685791015625
v -129.90225219726562 -18.512248992919922 311.666015625
v -125.5976333618164 -18.512250900268555 322.1457824707031
v -124.45782470703125 -9.750311851501465 310.19281005859375
v -127.00406646728516 -10.85255241394043 301.5527038574219
v -127.89765167236328 -9.750310897827148 301.7706298828125
v -108.9855728149414 -18.512248992919922 309.8907470703125
v -114.39427185058594 -18.512248992919922 313.01336669921875
v -108.22258758544922 -18.512248992919922 311.47430419921875
v -107.62117767333984 -19.53877830505371 311.3133544921875
v -122.404052734375 -6.927029132843018 317.2326965332031
v -122.56522369384766 -5.451704978942871 317.31854248046875
v -125.23949432373047 -6.189367294311523 310.5375061035156
v -127.8979263305664 -6.927029132843018 303.79254150390625
v -128.07493591308594 -5.451704978942871 303.8423156738281
v -107.96102905273438 -10.301432609558105 303.33203125
v -109.95008850097656 -9.750310897827148 297.08819580078125
v -110.83270263671875 -10.85255241394043 297.3319396972656
v -104.13966369628906 -14.083463668823242 301.77520751953125
v -104.37763977050781 -14.883716583251953 301.8463134765625
v -106.5011215209961 -14.083463668823242 295.7752990722656
v -101.77821350097656 -14.083463668823242 307.775146484375
v -125.32008361816406 -5.451704978942871 310.5804443359375
v -125.15098571777344 -6.927029132843018 310.51263427734375
v -107.51972198486328 -9.750311851501465 303.2101745605469
v -114.01278686523438 -18.512248992919922 313.80511474609375
v -129.60214233398438 -18.512248992919922 310.4515686035156
v -128.5650177001953 -18.512248992919922 310.832275390625
v -132.13259887695312 -18.512248992919922 301.9476623535156
v -126.00215148925781 -18.512248992919922 300.3992614746094
v -124.01103210449219 -10.301432609558105 310.0838623046875
v -129.8575439453125 -19.538780212402344 311.650390625
v -134.2068634033203 -18.51224708557129 301.186279296875
v -103.86710357666016 -18.512248992919922 302.31903076171875
v -101.6559066772461 -18.512248992919922 307.9366455078125
v -103.8585205078125 -17.423921585083008 302.3396911621094
v -103.23365020751953 -17.42391586303711 303.92718505859375
v -100.19685363769531 -19.179903030395508 300.81036376953125
v -99.62049102783203 -19.20977020263672 302.2567138671875
v -96.04689025878906 -21.678537368774414 299.1395263671875
v -95.55975341796875 -21.715051651000977 300.43621826171875
v -90.92440795898438 -26.257659912109375 296.8749694824219
v -90.53253173828125 -26.257659912109375 298.0596618652344
v -103.92051696777344 -19.53877830505371 302.3119201660156
v -103.27655029296875 -19.53877830505371 303.94775390625
v -103.24223327636719 -18.512248992919922 303.9065246582031
v -103.23365020751953 -17.42391586303711 303.92718505859375
v -103.8585205078125 -17.423921585083008 302.3396911621094
v -92.9449234008789 -26.257659912109375 299.1357116699219
v -93.41190338134766 -26.257659912109375 297.8713684082031
v -91.73890686035156 -26.257659912109375 298.59661865234375
v -90.92440795898438 -26.257659912109375 296.8749694824219
v -90.53253173828125 -26.257659912109375 298.0596618652344
v -103.86710357666016 -18.512248992919922 302.31903076171875
v -103.23365020751953 -17.42391586303711 303.92718505859375
v -103.24223327636719 -18.512248992919922 303.9065246582031
v -100.12873077392578 -20.183345794677734 302.4689025878906
v -99.62049102783203 -19.20977020263672 302.2567138671875
v -96.28221130371094 -22.51934242248535 300.7507019042969
v -95.55975341796875 -21.715051651000977 300.43621826171875
v -91.73890686035156 -26.257659912109375 298.59661865234375
v -90.53253173828125 -26.257659912109375 298.0596618652344
v -103.86710357666016 -18.512248992919922 302.31903076171875
v -101.23223114013672 -21.128742218017578 301.19580078125
v -103.92051696777344 -19.53877830505371 302.3119201660156
v -97.5201187133789 -23.28992462158203 299.7132873535156
v -90.92440795898438 -26.257659912109375 296.8749694824219
v -93.41190338134766 -26.257659912109375 297.8713684082031
v -103.27655029296875 -19.53877830505371 303.94775390625
v -100.63726043701172 -21.15692710876465 302.6805114746094
v -97.00505828857422 -23.32365608215332 301.064453125
v -92.9449234008789 -26.257659912109375 299.1357116699219
v -101.64725494384766 -17.423913955688477 307.9573974609375
v -100.9643325805664 -17.42392349243164 309.6923828125
v -97.25627899169922 -19.314769744873047 307.6059875488281
v -97.83842468261719 -19.28490447998047 306.144775390625
v -93.18017578125 -21.84342384338379 305.50042724609375
v -93.67337799072266 -21.806909561157227 304.1855163574219
v -88.22144317626953 -26.257659912109375 302.9344787597656
v -88.6205825805664 -26.257659912109375 301.72406005859375
v -101.69743347167969 -19.538780212402344 307.95904541015625
v -101.01834869384766 -19.538780212402344 309.6840515136719
v -101.6559066772461 -18.512248992919922 307.9366455078125
v -100.9643325805664 -17.42392349243164 309.6923828125
v -101.64725494384766 -17.423913955688477 307.9573974609375
v -90.56501770019531 -26.257659912109375 304.138671875
v -91.03815460205078 -26.257659912109375 302.855224609375
v -89.82958221435547 -26.257659912109375 302.28851318359375
v -88.6205825805664 -26.257659912109375 301.72406005859375
v -88.22144317626953 -26.257659912109375 302.9344787597656
v -100.9729995727539 -18.512248992919922 309.6715393066406
v -101.6559066772461 -18.512248992919922 307.9366455078125
v -101.64725494384766 -17.423913955688477 307.9573974609375
v -98.36406707763672 -20.256364822387695 306.3761291503906
v -97.83842468261719 -19.28490447998047 306.144775390625
v -94.4190444946289 -22.607704162597656 304.52679443359375
v -93.67337799072266 -21.806909561157227 304.1855163574219
v -89.82958221435547 -26.257659912109375 302.28851318359375
v -88.6205825805664 -26.257659912109375 301.72406005859375
v -100.9729995727539 -18.512248992919922 309.6715393066406
v -101.01834869384766 -19.538780212402344 309.6840515136719
v -103.92051696777344 -19.53877830505371 302.3119201660156
v -106.7904281616211 -18.51224708557129 294.8923034667969
v -103.86710357666016 -18.512248992919922 302.31903076171875
v -106.73416900634766 -14.883716583251953 295.85968017578125
v -101.99856567382812 -14.883716583251953 307.88427734375
v -104.76532745361328 -5.451704978942871 307.6009826660156
v -104.92500305175781 -6.927029132843018 307.6902770996094
v -108.51809692382812 -5.451704502105713 298.12823486328125
v -100.20999908447266 -19.538780212402344 311.7374572753906
v -100.22623443603516 -18.512250900268555 311.5687255859375
v -105.11682891845703 -18.512250900268555 315.16876220703125
v -108.693603515625 -6.927027225494385 298.18145751953125
v -129.3477325439453 -14.883716583251953 312.1520080566406
v -133.57598876953125 -14.083463668823242 302.5812683105469
v -133.31886291503906 -14.883716583251953 302.5559387207031
v -125.43558502197266 -14.88371753692627 321.7530822753906
v -125.63712310791016 -14.083464622497559 321.90924072265625
v -105.87588500976562 -10.852554321289062 309.7939453125
v -114.87977600097656 -11.692154884338379 315.2068176269531
v -105.13578033447266 -11.692156791687012 309.4593505859375
v -105.59989929199219 -19.538780212402344 315.7286682128906
v -107.20632934570312 -18.512248992919922 310.3456726074219
v -107.7090835571289 -18.512248992919922 309.1852111816406
v -110.19944763183594 -16.151498794555664 310.5638427734375
v -109.67964935302734 -16.151498794555664 311.74798583984375
v -112.52156829833984 -14.082414627075195 311.84161376953125
v -115.426513671875 -10.852554321289062 315.39434814453125
v -111.97855377197266 -14.082414627075195 313.1063232421875
v -115.5879898071289 -11.692154884338379 313.5205383300781
v -110.06822204589844 -14.082416534423828 317.4996643066406
v -113.03363800048828 -11.692154884338379 319.41680908203125
v -109.64494323730469 -14.082416534423828 318.4731140136719
v -114.2291259765625 -10.852554321289062 320.3011779785156
v -112.53045654296875 -11.692154884338379 320.56427001953125
v -118.1463623046875 -10.852554321289062 322.906982421875
v -113.781005859375 -10.852554321289062 321.3230895996094
v -116.18779754638672 -10.852554321289062 315.8346252441406
v -114.87977600097656 -11.692154884338379 315.2068176269531
v -107.4599609375 -16.151498794555664 316.8829040527344
v -107.8272705078125 -16.151498794555664 316.03314208984375
v -105.11682891845703 -18.512250900268555 315.16876220703125
v -105.54457092285156 -18.512250900268555 314.1814270019531
v -100.22623443603516 -18.512250900268555 311.5687255859375
v -118.4108657836914 -11.043805122375488 324.8040771484375
v -112.58646392822266 -12.540400505065918 320.844482421875
v -109.93155670166016 -14.733062744140625 318.90777587890625
v -109.64494323730469 -14.082416534423828 318.4731140136719
v -113.8665542602539 -11.879085540771484 321.6296691894531
v -112.53045654296875 -11.692154884338379 320.56427001953125
v -118.35054779052734 -11.879083633422852 324.8326110839844
v -113.781005859375 -10.852554321289062 321.3230895996094
v -107.4599609375 -16.151498794555664 316.8829040527344
v -107.65526580810547 -16.91631507873535 317.241455078125
v -105.11682891845703 -18.512250900268555 315.16876220703125
v -118.4108657836914 -11.043805122375488 324.8040771484375
v -106.37549591064453 -18.512250900268555 316.0882263183594
v -120.22945404052734 -10.852554321289062 318.15692138671875
v -120.9559326171875 -10.856877326965332 318.6476135253906
v -120.8938980102539 -11.692156791687012 318.6800842285156
v -120.9559326171875 -10.856877326965332 318.6476135253906
v -100.9729995727539 -18.512248992919922 309.6715393066406
v -106.37549591064453 -18.512250900268555 316.0882263183594
v -100.9729995727539 -18.512248992919922 309.6715393066406
v -100.22623443603516 -18.512250900268555 311.5687255859375
v -100.20999908447266 -19.538780212402344 311.7374572753906
v -106.89070129394531 -19.53877830505371 294.7670593261719
v -101.01834869384766 -19.538780212402344 309.6840515136719
v -98.2891616821289 -21.25601577758789 308.10638427734375
v -94.6439208984375 -23.442251205444336 306.23626708984375
v -90.56501770019531 -26.257659912109375 304.138671875
v -101.69743347167969 -19.538780212402344 307.95904541015625
v -98.8899917602539 -21.22783088684082 306.6069030761719
v -134.2504425048828 -19.53877830505371 300.95526123046875
v -95.16509246826172 -23.408517837524414 304.8673095703125
v -129.60655212402344 -14.083463668823242 312.2452392578125
v -91.03815460205078 -26.257659912109375 302.855224609375
vn -0.398829847574234 0.9025893211364746 0.16207166016101837
vn -0.18130497634410858 0.7999208569526672 0.5720621943473816
vn -0.5323382616043091 0.8184621334075928 0.21618449687957764
vn 0.42001402378082275 0.6190008521080017 -0.6636461019515991
vn 0.670467734336853 0.6912398934364319 -0.2695558965206146
vn 0.7915822863578796 0.5467128157615662 -0.2729516923427582
vn -0.5620739459991455 0.771388590335846 0.2983832061290741
vn -0.5262390375137329 0.8013176918029785 -0.28453898429870605
vn -0.6501126289367676 0.7126392126083374 0.26362621784210205
vn -0.38532716035842896 0.92229825258255 0.02981645055115223
vn -0.750171422958374 0.6322101950645447 -0.19378626346588135
vn -0.40331918001174927 0.6322207450866699 0.6615365147590637
vn 0.08287682384252548 0.9959661364555359 -0.034393638372421265
vn 0.3085639774799347 0.766408383846283 0.5633883476257324
vn 0.6033985018730164 0.5770919919013977 -0.5503408908843994
vn 0.09192190319299698 0.2163705825805664 -0.9719743728637695
vn -0.18101444840431213 0.7664086222648621 -0.6163210272789001
vn 0.39232295751571655 0.8689737319946289 -0.3016076982021332
vn -0.6267737150192261 0.7699424624443054 -0.1197635605931282
vn -0.23784507811069489 0.7342709898948669 0.6358268857002258
vn 0.16972211003303528 0.24730730056762695 0.9539567828178406
vn -0.48958006501197815 0.848656177520752 0.20023468136787415
vn -0.8332163691520691 0.4797535240650177 -0.2749308943748474
vn -0.7531546354293823 0.5820297002792358 0.3065936863422394
vn -0.5622598528862 0.24859531223773956 -0.7887104749679565
vn 0.7712377905845642 0.6091578006744385 0.18471334874629974
vn -0.40569189190864563 0.4776613712310791 0.7792648673057556
vn 0.7583624720573425 0.21173128485679626 0.6164869666099548
vn -0.18130497634410858 0.7999208569526672 0.5720621943473816
vn 0.6308268904685974 -0.7643019556999207 0.13379071652889252
vn -0.40331918001174927 0.6322207450866699 0.6615365147590637
vn 0.7800076007843018 -0.5891138911247253 0.21102850139141083
vn 0.3085639774799347 0.766408383846283 0.5633883476257324
vn 0.30776795744895935 -0.7677470445632935 0.5619994401931763
vn -0.750171422958374 0.6322101950645447 -0.19378626346588135
vn -0.18019263446331024 -0.7689318060874939 -0.6134121417999268
vn 0.34805452823638916 -0.5456685423851013 -0.7623017430305481
vn -0.18101444840431213 0.7664086222648621 -0.6163210272789001
vn -0.32628700137138367 0.01250892411917448 0.9451879858970642
vn 0.16972211003303528 0.24730730056762695 0.9539567828178406
vn 0.7430132031440735 -0.5163214802742004 0.4258444905281067
vn 0.2559741735458374 0.7717134356498718 -0.5821817517280579
vn 0.5980026125907898 0.7656741738319397 -0.2369302660226822
vn 0.6000905632972717 0.7648016214370728 0.23445634543895721
vn -0.40569189190864563 0.4776613712310791 0.7792648673057556
vn -0.04774454981088638 -0.6836081147193909 0.7282859086990356
vn 0.46303224563598633 0.5964058637619019 -0.6556684970855713
vn 0.7937131524085999 0.590685248374939 0.145294189453125
vn 0.6972159743309021 0.6585732698440552 -0.2831449806690216
vn -0.5262390375137329 0.8013176918029785 -0.28453898429870605
vn -0.5403894782066345 -0.6856639981269836 -0.487692654132843
vn -0.8332163691520691 0.4797535240650177 -0.2749308943748474
vn -0.18130497634410858 0.7999208569526672 0.5720621943473816
vn 0.31540200114250183 -0.742803156375885 -0.5905633568763733
vn 0.8604744672775269 0.37245580554008484 -0.34764978289604187
vn 0.5282658338546753 0.31809642910957336 -0.7872419357299805
vn 0.5586065649986267 0.05569649115204811 0.8275606632232666
vn 0.9288970828056335 0.3126355707645416 0.19851750135421753
vn 0.24054096639156342 -0.5174354910850525 -0.8212189674377441
vn -0.5622598528862 0.24859531223773956 -0.7887104749679565
vn 0.11392872035503387 -0.5406810641288757 -0.8334771990776062
vn -0.6109912991523743 0.7371333837509155 -0.288659006357193
vn -0.4453843832015991 -0.769856333732605 -0.4571148455142975
vn -0.840630829334259 0.42245131731033325 -0.33893176913261414
vn -0.20648805797100067 0.10853869467973709 -0.9724104404449463
vn 0.15190359950065613 -0.8508920669555664 0.5028995275497437
vn -0.23784507811069489 0.7342709898948669 0.6358268857002258
vn -0.003791754599660635 -0.7662238478660583 0.6425625681877136
vn -0.3643844425678253 0.4038366377353668 0.8391304612159729
vn -0.7802742719650269 0.5350399017333984 0.323889821767807
vn -0.6109912991523743 0.7371333837509155 -0.288659006357193
vn -0.840630829334259 0.42245131731033325 -0.33893176913261414
vn 0.8367441296577454 0.42128461599349976 -0.34982648491859436
vn -0.6100640892982483 0.7136375904083252 0.3443009853363037
vn -0.6004945635795593 0.7586196064949036 0.2527897357940674
vn -0.6843796372413635 -0.5159379839897156 -0.5152014493942261
vn -0.4949245750904083 -0.7991965413093567 -0.3410785496234894
vn 0.09192190319299698 0.2163705825805664 -0.9719743728637695
vn 0.42001402378082275 0.6190008521080017 -0.6636461019515991
vn 0.014602916315197945 -0.7203918695449829 -0.693413496017456
vn 0.5282658338546753 0.31809642910957336 -0.7872419357299805
vn -0.2847277522087097 0.08158989250659943 -0.9551299214363098
vn -0.10751372575759888 -0.8059524297714233 0.5821352601051331
vn -0.11801102012395859 -0.5237183570861816 0.8436779379844666
vn 0.7583624720573425 0.21173128485679626 0.6164869666099548
vn 0.7712377905845642 0.6091578006744385 0.18471334874629974
vn 0.5100986957550049 -0.7127822041511536 0.4813946485519409
vn 0.9288970828056335 0.3126355707645416 0.19851750135421753
vn 0.4790447950363159 0.09152614325284958 0.873005747795105
vn -0.3643844425678253 0.4038366377353668 0.8391304612159729
vn 0.8744897842407227 0.4369473457336426 0.21058180928230286
vn 0.4774274528026581 0.4440539479255676 -0.7582078576087952
vn -0.573154091835022 -0.7758644223213196 -0.26368311047554016
vn -0.7448800206184387 -0.6374251842498779 -0.19708597660064697
vn 0.46303224563598633 0.5964058637619019 -0.6556684970855713
vn 0.2559741735458374 0.7717134356498718 -0.5821817517280579
vn 0.1622523069381714 -0.6533434391021729 -0.7394704222679138
vn -0.40174558758735657 -0.6402924060821533 0.6546953916549683
vn -0.22868871688842773 -0.7816320657730103 0.5803040266036987
vn 0.7937131524085999 0.590685248374939 0.145294189453125
vn 0.8744897842407227 0.4369473457336426 0.21058180928230286
vn 0.6000905632972717 0.7648016214370728 0.23445634543895721
vn 0.4774274528026581 0.4440539479255676 -0.7582078576087952
vn 0.6438979506492615 -0.646024763584137 0.4099358320236206
vn -0.4481993317604065 -0.8748651146888733 0.18365280330181122
vn -0.5837045311927795 -0.7787730693817139 0.2297857701778412
vn -0.5850346088409424 -0.7767062783241272 0.2333705872297287
vn -0.4481993317604065 -0.8748651146888733 0.18365280330181122
vn -0.38118690252304077 -0.85746169090271 -0.3456241190433502
vn -0.5850346088409424 -0.7767062783241272 0.2333705872297287
vn 0.8071318864822388 -0.521880567073822 0.27600499987602234
vn -0.5837045311927795 -0.7787730693817139 0.2297857701778412
vn -0.47947582602500916 -0.8578259348869324 0.185033917427063
vn -0.43817827105522156 -0.8780527114868164 0.19241416454315186
vn 0.01833023503422737 -0.8739421367645264 0.48568424582481384
vn 0.8341590166091919 -0.4978460669517517 0.23733529448509216
vn -0.6887161731719971 -0.6686791777610779 0.2802466154098511
vn 0.11392872035503387 -0.5406810641288757 -0.8334771990776062
vn -0.7478191256523132 -0.5548368096351624 -0.3645855486392975
vn 0.7185345888137817 -0.632001519203186 -0.2903138995170593
vn 0.7267505526542664 -0.6232594847679138 -0.28875795006752014
vn 0.3851374089717865 -0.5268038511276245 -0.7577248215675354
vn 0 1 0
vn -7.673442610212078e-7 1 0.000003849194399663247
vn -3.836721305106039e-7 1 0.0000019245971998316236
vn -0.39993467926979065 -0.9027833938598633 0.15822266042232513
vn -0.10751372575759888 -0.8059524297714233 0.5821352601051331
vn 0.6902536749839783 -0.6689059138298035 -0.2758890390396118
vn 0.3979480266571045 -0.902858555316925 -0.1627383679151535
vn -0.6886610388755798 -0.6687268614768982 0.2802685797214508
vn -0.688605785369873 -0.6687744855880737 0.28029048442840576
vn 0 1 0
vn 1.5164202693540574e-7 1 -6.052798084965616e-8
vn 5.558092084356758e-7 1 -6.530223686240788e-7
vn 4.2954661694238894e-7 1 -3.8703916516169556e-7
vn -2.6451212420397496e-7 1 8.976086007805861e-8
vn 4.727895372980129e-7 1 -9.443345305726325e-8
vn -2.6451212420397496e-7 1 8.976086007805861e-8
vn 3.032840538708115e-7 1 -1.2105596169931232e-7
vn 3.9798101170163136e-7 1 -3.2054336429609975e-7
vn -0.23319807648658752 -0.6675730347633362 -0.7070820927619934
vn -0.6312509179115295 -0.6877804398536682 -0.35844165086746216
vn 0.3735008239746094 -0.5167191624641418 -0.7703884840011597
vn 0.5657156109809875 0.7870562076568604 -0.2459845095872879
vn 0.5179311037063599 0.824720561504364 -0.22711986303329468
vn 0.5657156109809875 0.7870562076568604 -0.2459845095872879
vn 0 1 0
vn 0 1 0
vn 0 1 0
vn 0.2375866025686264 0.9657629132270813 -0.10418565571308136
vn 0.5179311037063599 0.824720561504364 -0.22711986303329468
vn 0.23977600038051605 0.9656295776367188 -0.10033439099788666
vn -0.735369861125946 -0.570389449596405 -0.36590585112571716
vn -0.7508721351623535 -0.5425769090652466 -0.37656524777412415
vn -0.5160375237464905 -0.6378405094146729 -0.5717208981513977
vn -0.029337547719478607 0.9975974559783936 0.0627581998705864
vn 0.39333784580230713 0.9052790999412537 -0.16048401594161987
vn -0.22840802371501923 -0.6678478121757507 -0.7083848714828491
vn 0.09200339764356613 -0.6256768703460693 -0.7746378779411316
vn 0.40240195393562317 -0.5154126882553101 -0.7565860152244568
vn 0.6905024647712708 -0.668712317943573 -0.2757357358932495
vn 0.6905853748321533 -0.6686477661132812 -0.275684654712677
vn -0.4949245750904083 -0.7991965413093567 -0.3410785496234894
vn -0.006357795558869839 0.9999764561653137 0.0025810094084590673
vn -0.006337078288197517 0.999976634979248 0.0025791116058826447
vn -0.29395750164985657 -0.5687191486358643 0.7682105898857117
vn -0.4539371132850647 -0.542930006980896 0.706518292427063
vn -0.3671446144580841 -0.7462313771247864 0.5552869439125061
vn -0.059685323387384415 -0.798331618309021 0.5992530584335327
vn 0.16436147689819336 -0.37888842821121216 0.9107298254966736
vn -0.09073597937822342 -0.5690675377845764 0.8172693252563477
vn 0.5879791378974915 0.7679051160812378 -0.2541697919368744
vn 0.5879791378974915 0.7679051160812378 -0.2541697919368744
vn 0.3123495876789093 0.9402796030044556 -0.13532178103923798
vn 0.3126924932003021 0.9401875138282776 -0.13516972959041595
vn -0.22631999850273132 -0.9694222807884216 0.09486652910709381
vn 0.1527181714773178 -0.655405580997467 0.7396760582923889
vn -0.026692572981119156 -0.592903196811676 0.8048312067985535
vn -0.28313347697257996 -0.5382118821144104 0.7938283085823059
vn 0.09785067290067673 -0.8807395100593567 0.4633822739124298
vn 0.10751194506883621 -0.3734264671802521 0.9214086532592773
vn 0.15190359950065613 -0.8508920669555664 0.5028995275497437
vn 0.13133227825164795 -0.5613006949424744 0.8171250820159912
vn 0.08793982863426208 -0.5287001729011536 0.8442409038543701
vn -0.06268244981765747 -0.5717435479164124 0.8180343508720398
vn 0.020426589995622635 -0.5804754495620728 0.8140214681625366
vn 0.0042871227487921715 0.9999633431434631 0.007413050159811974
vn -0.0002259953907923773 0.9999998807907104 -0.00038540110108442605
vn -0.0002259953907923773 0.9999998807907104 -0.00038540110108442605
vn -0.00027253152802586555 0.9999999403953552 0.00010915107850451022
vn -0.39715948700904846 0.9041009545326233 0.15768933296203613
vn -0.3962177634239197 0.9045826196670532 0.15729524195194244
vn -0.3981006145477295 0.9036180377006531 0.15808320045471191
vn 0.3123495876789093 0.9402796030044556 -0.13532178103923798
vn -0.00027402149862609804 1 0.00010980875231325626
vn -0.00027352487086318433 1 0.00010958953498629853
vn 0.33965063095092773 -0.707068681716919 0.6202349066734314
vn 0.8065892457962036 -0.5147108435630798 0.2906656861305237
vn 0.6904195547103882 -0.6687768697738647 -0.2757868468761444
vn 0.6903366446495056 -0.6688414216041565 -0.2758379876613617
vn -0.00027451812638901174 0.9999999403953552 0.00011002796236425638
vn -0.00027302821399644017 1 0.00010937030310742557
vn 0 1 0
vn 0 1 0
vn -6.416362339223269e-7 1 0.0000029093359898979543
vn -8.442334831215703e-8 1 0.0000014074512364459224
vn -5.159282068234461e-7 1 0.0000019694775801326614
vn -7.673442610212078e-7 1 0.000003849194399663247
vn 2.3639476864900644e-7 1 -4.7216726528631625e-8
vn -1.4727736186159746e-7 1 0.0000018773804413285688
vn -0.2193065732717514 -0.6658362150192261 -0.7131385803222656
vn -0.0644647553563118 -0.6542333960533142 -0.7535402774810791
vn -0.2238289713859558 -0.666955292224884 -0.7106836438179016
vn -0.5121146440505981 -0.6378681063652039 -0.5752066969871521
vn 0.3735008239746094 -0.5167191624641418 -0.7703884840011597
vn 0.39257505536079407 0.9056506752967834 -0.16025540232658386
vn 0.1984146386384964 0.9767691493034363 -0.08095421642065048
vn -0.006316361017525196 0.9999767541885376 0.002577213803306222
vn -0.6516984701156616 -0.7116724848747253 0.26231905817985535
vn -0.2651791572570801 -0.5723512768745422 0.7759471535682678
vn -0.2614751160144806 -0.5629338622093201 0.7840511798858643
vn -0.20909829437732697 -0.7353521585464478 -0.6446201205253601
vn 3.032840538708115e-7 1 -1.2105596169931232e-7
vn -0.688550591468811 -0.668822169303894 0.2803124189376831
vn 3.664153496174549e-7 1 -2.5404756343050394e-7
vn 4.2954661694238894e-7 1 -3.8703916516169556e-7
vn -0.31819555163383484 -0.6626749634742737 0.6779478788375854
vn -3.9022017972456524e-7 1 0.0000010296191703673685
vn -0.0024333526380360126 0.9999959468841553 -0.0015085499035194516
vn -0.2060873657464981 0.9751049280166626 0.08184332400560379
vn -0.0063087958842515945 0.9999768137931824 0.0025598187930881977
vn -0.00027253152802586555 0.9999999403953552 0.00010915107850451022
vn 0.3774671256542206 -0.6693249344825745 0.639939546585083
vn -0.6511368751525879 -0.714502215385437 0.25594407320022583
vn 0.39181190729141235 0.9060214757919312 -0.1600266396999359
vn 0.09664799273014069 -0.623529314994812 -0.7758029699325562
vn 0.36582544445991516 -0.6955320835113525 0.6183905005455017
vn -0.2538250684738159 -0.9584577679634094 0.13012108206748962
vn -0.2538250684738159 -0.9584577679634094 0.13012108206748962
vn 0.4962799847126007 0.8403744101524353 -0.2178923338651657
vn 0.4479933977127075 0.8744770884513855 -0.1859884113073349
vn 0.4479933977127075 0.8744770884513855 -0.1859884113073349
vn 0.4893454611301422 0.8434361219406128 -0.22171282768249512
vn 0.20945221185684204 0.9743370413780212 -0.08244449645280838
vn 0.2094513326883316 0.9743372797966003 -0.08244415372610092
vn 0.5423271656036377 0.8024795055389404 -0.24881304800510406
vn 0.5166284441947937 0.8134546279907227 -0.26718267798423767
vn -0.6884953379631042 -0.6688698530197144 0.28033432364463806
vn 0.05332868546247482 -0.6718037128448486 0.7388070821762085
vn -0.6359792947769165 -0.7263606190681458 0.2606346905231476
vn -0.21766413748264313 -0.6818888783454895 -0.6983193159103394
vn -0.5850346088409424 -0.7767062783241272 0.2333705872297287
vn -0.5837045311927795 -0.7787730693817139 0.2297857701778412
vn -0.927005410194397 0.045517951250076294 -0.37227553129196167
vn -0.3765738904476166 0.018279055133461952 0.9262062311172485
vn 0.29154476523399353 -0.7135244607925415 0.6370906829833984
vn -0.3055446445941925 -0.701960563659668 -0.643345832824707
vn 0.08258948475122452 -0.6295287609100342 -0.7725752592086792
vn 4.926779411107418e-7 1 -5.200307668928872e-7
vn -0.31975215673446655 -0.6667781472206116 0.6731756925582886
vn -0.3186891973018646 0.0536557100713253 0.9463394284248352
vn -0.8048931360244751 -0.39458462595939636 0.4432266354560852
vn -0.9216551780700684 0.08191430568695068 0.37926480174064636
vn -0.8924208879470825 0.053984593600034714 -0.44796279072761536
vn -0.6359792947769165 -0.7263606190681458 0.2606346905231476
vn -0.2651791572570801 -0.5723512768745422 0.7759471535682678
vn -0.735369861125946 -0.570389449596405 -0.36590585112571716
vn 0.3735008239746094 -0.5167191624641418 -0.7703884840011597
vn -0.3770254850387573 -0.31438112258911133 -0.8712154030799866
vn -0.23319807648658752 -0.6675730347633362 -0.7070820927619934
vn -0.7478191256523132 -0.5548368096351624 -0.3645855486392975
vn 0.0301869735121727 -0.2814205586910248 0.9591096639633179
vn 0.16436147689819336 -0.37888842821121216 0.9107298254966736
vn 0.14756350219249725 0.039288219064474106 0.988271951675415
vn -0.09073597937822342 -0.5690675377845764 0.8172693252563477
vn 0.36582544445991516 -0.6955320835113525 0.6183905005455017
vn 0.05332868546247482 -0.6718037128448486 0.7388070821762085
vn 0.027859551832079887 -0.3793765902519226 0.9248227477073669
vn -0.2651791572570801 -0.5723512768745422 0.7759471535682678
vn 0.9451357126235962 0.04652469605207443 0.3233480751514435
vn 0.9248433113098145 0.06214222311973572 -0.3752375543117523
vn 0.8991251587867737 -0.3246183395385742 -0.2935931384563446
vn -0.8959086537361145 0.08111158758401871 -0.43677064776420593
vn -0.3244565427303314 0.10883449018001556 -0.9396185278892517
vn 0.43523943424224854 0.07341358065605164 -0.8973166346549988
vn 0.3851374089717865 -0.5268038511276245 -0.7577248215675354
vn -0.36471837759017944 -0.3399398922920227 -0.8668456077575684
vn -0.21766413748264313 -0.6818888783454895 -0.6983193159103394
vn 0.7185345888137817 -0.632001519203186 -0.2903138995170593
vn 0.8071318864822388 -0.521880567073822 0.27600499987602234
vn 0.3851374089717865 -0.5268038511276245 -0.7577248215675354
vn 0.4526006877422333 0.04739224538207054 -0.890453040599823
vn -0.735369861125946 -0.570389449596405 -0.36590585112571716
vn -0.8924208879470825 0.053984593600034714 -0.44796279072761536
vn -0.31138336658477783 0.07177264988422394 -0.9475700259208679
vn 0.4526006877422333 0.04739224538207054 -0.890453040599823
vn -0.9209374785423279 0.10577081143856049 0.37508225440979004
vn -0.9209898114204407 0.10582609474658966 0.37493813037872314
vn -0.9210566878318787 0.10577330738306046 0.37478870153427124
vn -0.28313347697257996 -0.5382118821144104 0.7938283085823059
vn -0.9210208654403687 0.10525650531053543 0.3750222623348236
vn 0.14756350219249725 0.039288219064474106 0.988271951675415
vn -0.9398945569992065 0.12194313108921051 0.31894850730895996
vn -0.9210237860679626 0.10526321828365326 0.3750130832195282
vn -0.9253535270690918 0.05393471196293831 0.37524914741516113
vn -0.4547761380672455 -0.8714982867240906 0.18349222838878632
vn 0.08892504125833511 -0.5430931448936462 -0.8349503874778748
vn -0.9252781867980957 0.05393432825803757 0.3754352629184723
vn -0.8884949684143066 0.039081525057554245 -0.45721912384033203
vn -0.9252780675888062 0.05393432080745697 0.3754352033138275
vn -0.9209374785423279 0.10577081143856049 0.37508225440979004
vn -0.6887161731719971 -0.6686791777610779 0.2802466154098511
vn -0.6884953379631042 -0.6688698530197144 0.28033432364463806
vn -0.9398945569992065 0.12194313108921051 0.31894850730895996
vn 0.09437960386276245 -0.11469382047653198 -0.9889073967933655
vn -0.7483698725700378 -0.6343663334846497 -0.19370566308498383
vn -0.04611853137612343 -0.1604055017232895 -0.9859731793403625
vn -0.19126883149147034 -0.768670916557312 -0.6103779673576355
vn 0.5191656947135925 -0.36660119891166687 0.7720560431480408
vn 0.5249173641204834 -0.62533038854599 0.5774284601211548
vn -0.3725277781486511 0.03612416610121727 0.9273176789283752
vn -0.9252780675888062 0.05393432080745697 0.3754352033138275
vn -0.9252229332923889 0.05370853841304779 0.3756033480167389
vn -0.9252229332923889 0.05370853841304779 0.3756033480167389
vn -0.3725277781486511 0.03612416610121727 0.9273176789283752
vn -0.9252229332923889 0.05370853841304779 0.3756033480167389
vn -0.8050326704978943 -0.48577427864074707 0.3405079245567322
vn 0.5249173641204834 -0.62533038854599 0.5774284601211548
vn -0.4378476142883301 -0.8762627243995667 0.20112966001033783
vn -0.925288200378418 0.05371683090925217 0.37544140219688416
vn 0.4413589537143707 0.07058148086071014 0.8945504426956177
vn -0.3186891973018646 0.0536557100713253 0.9463394284248352
vn -0.012002822943031788 -0.5094442963600159 0.8604199290275574
vn 0.6735456585884094 -0.43913501501083374 0.5945559144020081
vn 0.5249173641204834 -0.62533038854599 0.5774284601211548
vn 0.08892504125833511 -0.5430931448936462 -0.8349503874778748
vn -0.04611853137612343 -0.1604055017232895 -0.9859731793403625
vn 0.4580061137676239 0.03371809422969818 -0.8883093595504761
vn 0.29545512795448303 -0.7688094973564148 0.5671315789222717
vn -0.8884949684143066 0.039081525057554245 -0.45721912384033203
vn 0.08892504125833511 -0.5430931448936462 -0.8349503874778748
vn 0.925993800163269 0.03481960669159889 0.375929594039917
vn 0.5191656947135925 -0.36660119891166687 0.7720560431480408
vn -0.026692572981119156 -0.592903196811676 0.8048312067985535
vn 0.1527181714773178 -0.655405580997467 0.7396760582923889
vn -0.28313347697257996 -0.5382118821144104 0.7938283085823059
vn -0.06268244981765747 -0.5717435479164124 0.8180343508720398
vn 0.4803127944469452 0.00010779544390970841 0.8770972490310669
vn 0.48258617520332336 -0.0023844081442803144 0.8758452534675598
vn 0.8065892457962036 -0.5147108435630798 0.2906656861305237
vn 0.33965063095092773 -0.707068681716919 0.6202349066734314
vn 0.9384672045707703 0.0685812458395958 0.33849066495895386
vn 0.9268741607666016 0.05392253026366234 -0.3714790344238281
vn 0.9269261956214905 0.05394788458943367 -0.37134552001953125
vn 0.9269634485244751 0.05392128601670265 -0.3712563216686249
vn 0.9267932772636414 0.05366726592183113 -0.37171775102615356
vn 0.9268345832824707 0.05364293232560158 -0.3716181814670563
vn 0.926880955696106 0.05367701128125191 -0.37149757146835327
vn 0.923664927482605 0.10580053180456161 -0.36830613017082214
vn 0.43523943424224854 0.07341358065605164 -0.8973166346549988
vn 0.9235706329345703 0.10585653781890869 -0.3685263991355896
vn 0.9234883189201355 0.10578706115484238 -0.36875244975090027
vn 0.3735008239746094 -0.5167191624641418 -0.7703884840011597
vn 0.9234458208084106 0.1051374226808548 -0.36904457211494446
vn 0.8065892457962036 -0.5147108435630798 0.2906656861305237
vn 0.9384672045707703 0.0685812458395958 0.33849066495895386
vn 0.9236003160476685 0.10514561086893082 -0.3686554431915283
vn 0.9234262704849243 0.1051643118262291 -0.3690859377384186
vn 0.9269634485244751 0.05392128601670265 -0.3712563216686249
vn -0.9252566695213318 0.05369063839316368 0.37552279233932495
vn 0.4193545877933502 -0.8920484781265259 -0.16849713027477264
vn 0.41913262009620667 -0.8921060562133789 -0.16874419152736664
vn 0.926880955696106 0.05367701128125191 -0.37149757146835327
vn 0.923664927482605 0.10580053180456161 -0.36830613017082214
vn 0.9236003160476685 0.10514561086893082 -0.3686554431915283
vn -0.9253153800964355 0.05395986884832382 0.375339537858963
vn 0.6902536749839783 -0.6689059138298035 -0.2758890390396118
vn 0.6905853748321533 -0.6686477661132812 -0.275684654712677
vn -0.39993467926979065 -0.9027833938598633 0.15822266042232513
vn -0.4949245750904083 -0.7991965413093567 -0.3410785496234894
vn -0.6843796372413635 -0.5159379839897156 -0.5152014493942261
vn -0.6287306547164917 -0.736767590045929 0.24873939156532288
vn -0.11801102012395859 -0.5237183570861816 0.8436779379844666
vn -0.10751372575759888 -0.8059524297714233 0.5821352601051331
vn 0.3072412610054016 -0.9440464973449707 -0.11991243064403534
vn 0.014602916315197945 -0.7203918695449829 -0.693413496017456
vn 0.5100986957550049 -0.7127822041511536 0.4813946485519409
vn -0.573154091835022 -0.7758644223213196 -0.26368311047554016
vn 0.1622523069381714 -0.6533434391021729 -0.7394704222679138
vn -0.22868871688842773 -0.7816320657730103 0.5803040266036987
vn -0.38961297273635864 -0.9070826768875122 0.15938246250152588
vn -0.5403894782066345 -0.6856639981269836 -0.487692654132843
vn 0.06048240512609482 -0.9697030186653137 -0.2366812527179718
vn 0.5150346159934998 -0.8203208446502686 -0.24862241744995117
vn 0.31540200114250183 -0.742803156375885 -0.5905633568763733
vn -0.4547761380672455 -0.8714982867240906 0.18349222838878632
vn -0.4463465213775635 -0.873948335647583 0.1923258751630783
vn 0.6308268904685974 -0.7643019556999207 0.13379071652889252
vn -0.4505700469017029 -0.8727402091026306 0.1879126876592636
vn -0.4378476142883301 -0.8762627243995667 0.20112966001033783
vn -0.18019263446331024 -0.7689318060874939 -0.6134121417999268
vn -0.7448800206184387 -0.6374251842498779 -0.19708597660064697
vn -0.7483698725700378 -0.6343663334846497 -0.19370566308498383
vn -0.19126883149147034 -0.768670916557312 -0.6103779673576355
vn -0.04611853137612343 -0.1604055017232895 -0.9859731793403625
vn -0.40174558758735657 -0.6402924060821533 0.6546953916549683
vn 0.30776795744895935 -0.7677470445632935 0.5619994401931763
vn 0.29545512795448303 -0.7688094973564148 0.5671315789222717
vn -0.012002822943031788 -0.5094442963600159 0.8604199290275574
vn 0.5191656947135925 -0.36660119891166687 0.7720560431480408
vn 0.6438979506492615 -0.646024763584137 0.4099358320236206
vn 0.3979480266571045 -0.902858555316925 -0.1627383679151535
vn 0.24054096639156342 -0.5174354910850525 -0.8212189674377441
vn 0.11392872035503387 -0.5406810641288757 -0.8334771990776062
vn 0.534633994102478 -0.8163118958473206 -0.21863535046577454
vn 0.15190359950065613 -0.8508920669555664 0.5028995275497437
vn 0.7430132031440735 -0.5163214802742004 0.4258444905281067
vn -0.41182568669319153 -0.8949790000915527 0.17149974405765533
vn -0.4453843832015991 -0.769856333732605 -0.4571148455142975
vn -0.003791754599660635 -0.7662238478660583 0.6425625681877136
vn -0.18019263446331024 -0.7689318060874939 -0.6134121417999268
vn 0.09437960386276245 -0.11469382047653198 -0.9889073967933655
vn 0.34805452823638916 -0.5456685423851013 -0.7623017430305481
vn -0.19126883149147034 -0.768670916557312 -0.6103779673576355
vn 0.08892504125833511 -0.5430931448936462 -0.8349503874778748
vn 0.31540200114250183 -0.742803156375885 -0.5905633568763733
vn -0.04774454981088638 -0.6836081147193909 0.7282859086990356
vn 0.7800076007843018 -0.5891138911247253 0.21102850139141083
vn 0.6735456585884094 -0.43913501501083374 0.5945559144020081
vn 0.5249173641204834 -0.62533038854599 0.5774284601211548
vn 0.10506972670555115 -0.9762700796127319 0.18935921788215637
vn 0.41929909586906433 -0.8920629024505615 -0.16855889558792114
vn 0.4193545877933502 -0.8920484781265259 -0.16849713027477264
vn 0.41924360394477844 -0.8920772671699524 -0.16862066090106964
vn 0.41918817162513733 -0.8920917510986328 -0.16868244111537933
vn 0.41913262009620667 -0.8921060562133789 -0.16874419152736664
vn -0.573154091835022 -0.7758644223213196 -0.26368311047554016
vn -0.22868871688842773 -0.7816320657730103 0.5803040266036987
vn -0.4547761380672455 -0.8714982867240906 0.18349222838878632
vn 0.31540200114250183 -0.742803156375885 -0.5905633568763733
vn 0.08892504125833511 -0.5430931448936462 -0.8349503874778748
vn -2.6451212420397496e-7 1 8.976086007805861e-8
vn 2.4592068825768365e-7 1 6.076745506788939e-8
vn 2.1575999653578037e-7 1 2.6091510108017246e-7
vn -0.39715948700904846 0.9041009545326233 0.15768933296203613
vn -0.3981006145477295 0.9036180377006531 0.15808320045471191
vn -0.7166500091552734 0.636765718460083 0.2845032811164856
vn 0.39257505536079407 0.9056506752967834 -0.16025540232658386
vn 0.7140173316001892 0.6365030407905579 -0.29162153601646423
vn 0.39333784580230713 0.9052790999412537 -0.16048401594161987
vn 0.20945221185684204 0.9743370413780212 -0.08244449645280838
vn 1.5164202693540574e-7 1 -6.052798084965616e-8
vn 3.032840538708115e-7 1 -1.2105596169931232e-7
vn -0.8892356157302856 -0.37955811619758606 0.2553345263004303
vn -0.2614751160144806 -0.5629338622093201 0.7840511798858643
vn -0.9165562987327576 0.16143305599689484 0.36587414145469666
vn -0.31819555163383484 -0.6626749634742737 0.6779478788375854
vn -0.4539371132850647 -0.542930006980896 0.706518292427063
vn -0.35966506600379944 -0.555959939956665 0.7493661642074585
vn -0.2614751160144806 -0.5629338622093201 0.7840511798858643
vn -0.4164549708366394 -0.2161841243505478 0.8830796480178833
vn 0 1 0
vn -0.0000012924664360980387 1 7.370298362729955e-7
vn -8.248538279076456e-7 1 0.0000011821944099210668
vn -0.29830440878868103 0.0954551175236702 -0.9496856331825256
vn 0.09233051538467407 0.08528488129377365 -0.9920693635940552
vn 0.06514397263526917 -0.14569930732250214 -0.9871818423271179
vn 0.4687007963657379 0.061938513070344925 -0.881182849407196
vn 0.11392872035503387 -0.5406810641288757 -0.8334771990776062
vn -0.09210135787725449 -0.24755948781967163 -0.964485228061676
vn -0.20909829437732697 -0.7353521585464478 -0.6446201205253601
vn -0.2847277522087097 0.08158989250659943 -0.9551299214363098
vn -0.24582761526107788 0.09514933824539185 -0.9646322727203369
vn -0.5864390134811401 -0.4593293070793152 -0.6671625375747681
vn -0.6750645637512207 -0.13572050631046295 -0.7251673936843872
vn -0.3525626063346863 -0.321690171957016 -0.878757655620575
vn -0.7508721351623535 -0.5425769090652466 -0.37656524777412415
vn -0.2193065732717514 -0.6658362150192261 -0.7131385803222656
vn 0.02711876481771469 -0.4554874300956726 -0.8898290395736694
vn 0.40240195393562317 -0.5154126882553101 -0.7565860152244568
vn -0.5121146440505981 -0.6378681063652039 -0.5752066969871521
vn -1.7862059564777155e-7 1 8.136794349411502e-7
vn -3.572411912955431e-7 1 0.0000016273588698823005
vn 2.8899202675347624e-7 1 0.0000012588440085892216
vn 0 1 0
vn 2.8899202675347624e-7 1 0.0000012588440085892216
vn 2.8899202675347624e-7 1 0.0000012588440085892216
vn 5.779840535069525e-7 1 0.0000025176880171784433
vn 1.4449601337673812e-7 1 6.294220042946108e-7
vn 0 1 0
vn 1.4449601337673812e-7 1 6.294220042946108e-7
vn -0.8880831003189087 0.07226060330867767 -0.453967809677124
vn -0.6428526639938354 0.09087797999382019 -0.7605797648429871
vn 1.1037143110570469e-7 1 0.000002072523329843534
vn 0.09664799273014069 -0.623529314994812 -0.7758029699325562
vn 4.3348802591935964e-7 1 0.0000018882660697272513
vn -0.32094332575798035 0.14068521559238434 0.9365912079811096
vn -0.20648805797100067 0.10853869467973709 -0.9724104404449463
vn -0.4949245750904083 -0.7991965413093567 -0.3410785496234894
vn 4.727895372980129e-7 1 -9.443345305726325e-8
vn 4.119523850931728e-7 1 0.0000012892277254650253
vn -0.32094332575798035 0.14068521559238434 0.9365912079811096
vn 0.7140173316001892 0.6365030407905579 -0.29162153601646423
vn 0.39181190729141235 0.9060214757919312 -0.1600266396999359
vn 0.7140173316001892 0.6365030407905579 -0.29162153601646423
vn 0 1 0
vn -1.3225606210198748e-7 1 4.4880430039029306e-8
vn 1.855993048138771e-7 1 4.610627684087376e-7
vn -0.3671446144580841 -0.7462313771247864 0.5552869439125061
vn -0.04774454981088638 -0.6836081147193909 0.7282859086990356
vn -0.40569189190864563 0.4776613712310791 0.7792648673057556
vn -0.8709248304367065 -0.20153222978115082 0.448190301656723
vn -0.5403894782066345 -0.6856639981269836 -0.487692654132843
vn -0.8332163691520691 0.4797535240650177 -0.2749308943748474
vn -0.5701832175254822 0.7897173166275024 0.2263576090335846
vn -0.7166500091552734 0.636765718460083 0.2845032811164856
vn -0.3962177634239197 0.9045826196670532 0.15729524195194244
vn 0.8604744672775269 0.37245580554008484 -0.34764978289604187
vn 0.3072412610054016 -0.9440464973449707 -0.11991243064403534
vn 0.5282658338546753 0.31809642910957336 -0.7872419357299805
vn 0.9288970828056335 0.3126355707645416 0.19851750135421753
vn -0.7531546354293823 0.5820297002792358 0.3065936863422394
vn -0.38961297273635864 -0.9070826768875122 0.15938246250152588
vn -0.7166500687599182 0.6367657780647278 0.284503310918808
vn -3.945640969504893e-8 1 2.7541182134882547e-7
vn 5.25386781191628e-7 1 0.000001211627250086167
vn 2.3639476864900644e-7 1 -4.7216726528631625e-8
vn 0 1 0
vn 0 1 0
vn 0.5668142437934875 0.7906509637832642 -0.231501042842865
vn -0.6516984701156616 -0.7116724848747253 0.26231905817985535
vn -0.8880831003189087 0.07226060330867767 -0.453967809677124
vn -0.0000012924664360980387 1 7.370298362729955e-7
vn 0.2094513326883316 0.9743372797966003 -0.08244415372610092
vn -0.6215701699256897 0.6246023774147034 -0.47278156876564026
vn -0.09936612099409103 0.6175388693809509 0.7802385091781616
vn 0.204906165599823 0.8073288202285767 -0.5533837676048279
vn 0.5612884163856506 0.7803752422332764 0.2756260633468628
vn 0.31238675117492676 0.7476864457130432 -0.5859859585762024
vn 0.649085283279419 0.7199342250823975 0.24572964012622833
vn 0.18460515141487122 -0.17404848337173462 -0.9672787189483643
vn 0.7997158169746399 -0.20258410274982452 0.5651674866676331
vn -0.38118690252304077 -0.85746169090271 -0.3456241190433502
vn -0.5850346088409424 -0.7767062783241272 0.2333705872297287
vn -0.3765738904476166 0.018279055133461952 0.9262062311172485
vn -0.09936612099409103 0.6175388693809509 0.7802385091781616
vn -0.6215701699256897 0.6246023774147034 -0.47278156876564026
vn -0.2538250684738159 -0.9584577679634094 0.13012108206748962
vn -0.41994574666023254 -0.8382750153541565 -0.34776514768600464
vn 0.29154476523399353 -0.7135244607925415 0.6370906829833984
vn 0.18460515141487122 -0.17404848337173462 -0.9672787189483643
vn 0.7997158169746399 -0.20258410274982452 0.5651674866676331
vn -0.37784749269485474 -0.024912318214774132 -0.9255326390266418
vn -0.09936612099409103 0.6175388693809509 0.7802385091781616
vn -0.3765738904476166 0.018279055133461952 0.9262062311172485
vn 0.41000810265541077 -0.020553117617964745 0.9118502736091614
vn 0.5612884163856506 0.7803752422332764 0.2756260633468628
vn 0.40245312452316284 -0.010592496953904629 0.9153792858123779
vn 0.649085283279419 0.7199342250823975 0.24572964012622833
vn 0.29154476523399353 -0.7135244607925415 0.6370906829833984
vn 0.7997158169746399 -0.20258410274982452 0.5651674866676331
vn -0.37784749269485474 -0.024912318214774132 -0.9255326390266418
vn -0.5832522511482239 -0.6081167459487915 -0.5385265350341797
vn -0.38118690252304077 -0.85746169090271 -0.3456241190433502
vn -0.5948941111564636 -0.7599704265594482 -0.2618127465248108
vn 0.18460515141487122 -0.17404848337173462 -0.9672787189483643
vn -0.41994574666023254 -0.8382750153541565 -0.34776514768600464
vn -0.5850346088409424 -0.7767062783241272 0.2333705872297287
vn -0.4481993317604065 -0.8748651146888733 0.18365280330181122
vn -0.47947582602500916 -0.8578259348869324 0.185033917427063
vn -0.2538250684738159 -0.9584577679634094 0.13012108206748962
vn -0.6405727863311768 0.6171021461486816 -0.4570026695728302
vn -0.04770263656973839 0.6319350600242615 0.773551881313324
vn 0.5987089276313782 0.6241760849952698 0.5019480586051941
vn 0.18855540454387665 0.8166192173957825 -0.545508861541748
vn 0.6565431952476501 0.7182993292808533 0.23021100461483002
vn 0.28926751017570496 0.7641120553016663 -0.576590895652771
vn 0.8215543031692505 -0.1771489977836609 0.5419102907180786
vn 0.1501312255859375 -0.17488552629947662 -0.9730753898620605
vn -0.5837045311927795 -0.7787730693817139 0.2297857701778412
vn 0.01833023503422737 -0.8739421367645264 0.48568424582481384
vn -0.927005410194397 0.045517951250076294 -0.37227553129196167
vn -0.04770263656973839 0.6319350600242615 0.773551881313324
vn -0.6405727863311768 0.6171021461486816 -0.4570026695728302
vn -0.01705094613134861 -0.8653592467308044 0.5008619427680969
vn -0.2538250684738159 -0.9584577679634094 0.13012108206748962
vn -0.3055446445941925 -0.701960563659668 -0.643345832824707
vn 0.1501312255859375 -0.17488552629947662 -0.9730753898620605
vn 0.8215543031692505 -0.1771489977836609 0.5419102907180786
vn 0.48397839069366455 -0.010628570802509785 0.875015377998352
vn -0.927005410194397 0.045517951250076294 -0.37227553129196167
vn -0.6405727863311768 0.6171021461486816 -0.4570026695728302
vn -0.4193156659603119 0.020637281239032745 -0.9076058864593506
vn 0.18855540454387665 0.8166192173957825 -0.545508861541748
vn -0.41922831535339355 0.01063070073723793 -0.907818615436554
vn 0.28926751017570496 0.7641120553016663 -0.576590895652771
vn -0.3055446445941925 -0.701960563659668 -0.643345832824707
vn 0.1501312255859375 -0.17488552629947662 -0.9730753898620605
vn 0.48397839069366455 -0.010628570802509785 0.875015377998352
vn 0.01833023503422737 -0.8739421367645264 0.48568424582481384
vn -0.38118690252304077 -0.85746169090271 -0.3456241190433502
vn 0.4687007963657379 0.061938513070344925 -0.881182849407196
vn -0.37784749269485474 -0.024912318214774132 -0.9255326390266418
vn 0.014602916315197945 -0.7203918695449829 -0.693413496017456
vn 0.5100986957550049 -0.7127822041511536 0.4813946485519409
vn 0.8744897842407227 0.4369473457336426 0.21058180928230286
vn 0.6438979506492615 -0.646024763584137 0.4099358320236206
vn 0.4774274528026581 0.4440539479255676 -0.7582078576087952
vn 0.8341590166091919 -0.4978460669517517 0.23733529448509216
vn 0.9600885510444641 0.06009045988321304 0.27316492795944214
vn 0.6245608925819397 0.06409011781215668 0.7783419489860535
vn 0.1622523069381714 -0.6533434391021729 -0.7394704222679138
vn -0.41182568669319153 -0.8949790000915527 0.17149974405765533
vn -0.840630829334259 0.42245131731033325 -0.33893176913261414
vn -0.4453843832015991 -0.769856333732605 -0.4571148455142975
vn -0.003791754599660635 -0.7662238478660583 0.6425625681877136
vn -0.3643844425678253 0.4038366377353668 0.8391304612159729
vn 0.4790447950363159 0.09152614325284958 0.873005747795105
vn 0.3774671256542206 -0.6693249344825745 0.639939546585083
vn -0.10751372575759888 -0.8059524297714233 0.5821352601051331
vn -0.059685323387384415 -0.798331618309021 0.5992530584335327
vn 0.3123495876789093 0.9402796030044556 -0.13532178103923798
vn 0.3123495876789093 0.9402796030044556 -0.13532178103923798
vn 0.5873916745185852 0.7682516574859619 -0.2544805407524109
vn 0.5879791378974915 0.7679051160812378 -0.2541697919368744
vn 0.5648558735847473 0.7870569229125977 -0.24795015156269073
vn 0.5011743307113647 0.13546504080295563 0.8546774387359619
vn 0.5657156109809875 0.7870562076568604 -0.2459845095872879
vn 0.5202346444129944 0.8242948651313782 -0.22336937487125397
vn 0.5657156109809875 0.7870562076568604 -0.2459845095872879
vn 0.5179311037063599 0.824720561504364 -0.22711986303329468
vn 0.5188106298446655 0.8245868682861328 -0.22559264302253723
vn 0.2375866025686264 0.9657629132270813 -0.10418565571308136
vn 0.4589046537876129 0.8653959035873413 -0.2012372761964798
vn -0.029337547719478607 0.9975974559783936 0.0627581998705864
vn 0.17123407125473022 0.9846786260604858 -0.03296813368797302
vn 0.4962823688983917 0.1315053254365921 0.8581434488296509
vn 0.5179311037063599 0.824720561504364 -0.22711986303329468
vn 0.5659796595573425 0.7868292927742004 -0.246102973818779
vn 0.5879791378974915 0.7679051160812378 -0.2541697919368744
vn 0.3126295208930969 0.9402132034301758 -0.13513676822185516
vn 0.3126924932003021 0.9401875138282776 -0.13516972959041595
vn 0 1 0
vn -0.04400402307510376 0.994586706161499 0.09413238614797592
vn 0.13133227825164795 -0.5613006949424744 0.8171250820159912
vn 0.08793982863426208 -0.5287001729011536 0.8442409038543701
vn 0.6732329726219177 0.18217840790748596 0.7166368365287781
vn 0.09785067290067673 -0.8807395100593567 0.4633822739124298
vn 0.6331822276115417 0.2047729641199112 0.7464236617088318
vn 0.10751194506883621 -0.3734264671802521 0.9214086532592773
vn 0.5851888656616211 0.13097529113292694 0.8002496361732483
vn 0.6819337010383606 0.17416316270828247 0.7103756666183472
vn 0.020426589995622635 -0.5804754495620728 0.8140214681625366
vn 0.6245608925819397 0.06409011781215668 0.7783419489860535
vn -0.2663653790950775 0.013692906126379967 0.9637748599052429
vn -0.29395750164985657 -0.5687191486358643 0.7682105898857117
vn 0.39333784580230713 0.9052790999412537 -0.16048401594161987
vn -0.06546372175216675 0.9969635009765625 0.04216936603188515
vn 0.15190359950065613 -0.8508920669555664 0.5028995275497437
vn -0.32628700137138367 0.01250892411917448 0.9451879858970642
vn -2.424270064693701e-7 1 9.890851515592658e-7
vn -0.29395750164985657 -0.5687191486358643 0.7682105898857117
vn 0.48397839069366455 -0.010628570802509785 0.875015377998352
vn 0.9600885510444641 0.06009045988321304 0.27316492795944214
vn 0.8341590166091919 -0.4978460669517517 0.23733529448509216
vn 0.40240195393562317 -0.5154126882553101 -0.7565860152244568
vn 0.01833023503422737 -0.8739421367645264 0.48568424582481384
vn 0.021716488525271416 -0.6574524641036987 0.7531830072402954
vn 0.0022391488309949636 -0.6478697061538696 0.7617478966712952
vn -0.01705094613134861 -0.8653592467308044 0.5008619427680969
vn -0.5837045311927795 -0.7787730693817139 0.2297857701778412
vn -0.4481993317604065 -0.8748651146888733 0.18365280330181122
vn -0.7508721351623535 -0.5425769090652466 -0.37656524777412415
vn -0.43817827105522156 -0.8780527114868164 0.19241416454315186
vn -0.7802742719650269 0.5350399017333984 0.323889821767807
vn -0.2538250684738159 -0.9584577679634094 0.13012108206748962
vt 0.5 1.6803231239318848
vt 0 1.6803231239318848
vt 0.5 1.9717628955841064
vt 1 0.33000004291534424
vt 0.5 0.33000004291534424
vt 0.5 0.16574954986572266
vt 0.5 1.3401615619659424
vt 1 1.6803231239318848
vt 0.5 2.263202667236328
vt 0.5 2.630851984024048
vt 1 2.263202667236328
vt 0 2.263202667236328
vt 0.5 2.9985013008117676
vt 0 2.9985013008117676
vt 0.5 0.6650000214576721
vt 1 1
vt 1 2.9985013008117676
vt 0.5 2.630851984024048
vt 0.5 0.6650000214576721
vt 0 0.33000004291534424
vt 0 1
vt 0.5 0.33000004291534424
vt 1 1
vt 0.5 1
vt 1 1
vt 0 0.33000004291534424
vt 0 1
vt 0 1
vt 3.0445446968078613 1.6321873664855957
vt 0.056126952171325684 0.5073588490486145
vt -0.043873049318790436 1.5073587894439697
vt 0.056126952171325684 1.5073587894439697
vt -0.043873049318790436 2.0073587894439697
vt 0.056126952171325684 2.0073587894439697
vt -0.043873049318790436 1.5073587894439697
vt 0.056126952171325684 2.0073587894439697
vt 0.056126952171325684 1.5073587894439697
vt -0.043873049318790436 2.0073587894439697
vt -0.010579707100987434 0.8956308364868164
vt 0.039420295506715775 1
vt -0.06057970970869064 0.33000004291534424
vt 1 1.6803231239318848
vt 0.5 1.9717628955841064
vt 0 1.6803231239318848
vt -0.043873049318790436 0.007358849048614502
vt 0.056126952171325684 0.007358849048614502
vt 1 2.263202667236328
vt 0 2.263202667236328
vt 0.5 2.263202667236328
vt -0.043873049318790436 0.5073588490486145
vt 0.056126952171325684 0.007358849048614502
vt -0.043873049318790436 0.007358849048614502
vt -0.043873049318790436 0.5073588490486145
vt 0.056126952171325684 0.5073588490486145
vt 0.5 0.0014989972114562988
vt 1 0.0014989972114562988
vt -0.06057970970869064 1
vt 0 0.0014989972114562988
vt -0.06057970970869064 0.33000004291534424
vt 0.039420295506715775 1
vt -0.06057970970869064 0.791261613368988
vt 0.039420295506715775 0.33000004291534424
vt -0.06057970970869064 0
vt 0.039420295506715775 0
vt -0.06057970970869064 1
vt -0.06057970970869064 0.7912617325782776
vt 0.039420295506715775 0.33000004291534424
vt -0.06057970970869064 0
vt 0.039420295506715775 0
vt 0.5 0.0014989972114562988
vt 1 0.33000004291534424
vt 1 0.0014989972114562988
vt 0.5 1
vt 0.5 0.16574954986572266
vt 0.5 1
vt -0.06057970970869064 0.33000004291534424
vt -0.06057970970869064 0.791261613368988
vt 0.039420295506715775 1
vt 0.039420295506715775 0.33000004291534424
vt -0.06057970970869064 0
vt 0.039420295506715775 0
vt -0.06057970970869064 1
vt -0.06057970970869064 0.7912617325782776
vt -0.06057970970869064 0.33000004291534424
vt 0.039420295506715775 1
vt 0.039420295506715775 0.33000004291534424
vt -0.06057970970869064 0
vt 0.039420295506715775 0
vt -0.06057970970869064 1
vt 0 0.0014989972114562988
vt 0 1
vt 1 1
vt 0.056126952171325684 0.5073588490486145
vt 0.056126952171325684 1.5073587894439697
vt -0.043873049318790436 1.5073587894439697
vt -0.043873049318790436 0.5073588490486145
vt 0.056126952171325684 0.007358849048614502
vt 0.056126952171325684 1.5073587894439697
vt 0.056126952171325684 0.5073588490486145
vt -0.043873049318790436 1.5073587894439697
vt -0.043873049318790436 0.007358849048614502
vt -0.043873049318790436 0.5073588490486145
vt -0.043873049318790436 0.007358849048614502
vt 0.056126952171325684 0.007358849048614502
vt 1.318845510482788 0.8477479219436646
vt 1.9990010261535645 0.8248723745346069
vt 1.999000906944275 0.04759669303894043
vt 1.318845272064209 0.07047224044799805
vt -0.30130472779273987 1.8971352577209473
vt -0.2939583361148834 2.1372854709625244
vt 0.45036107301712036 2.6392574310302734
vt -0.27594372630119324 2.7261741161346436
vt 0.6850417852401733 0.13753974437713623
vt 0.6850419640541077 0.9148154258728027
vt -0.26819679141044617 2.979417324066162
vt -0.2589750289916992 3.2808728218078613
vt 3.664809226989746 1.2686946392059326
vt 4.242147922515869 0.9324653148651123
vt 3.660390853881836 1.1241800785064697
vt 0.42537277936935425 1.8224015831947327
vt 0.05758628249168396 1.7143737077713013
vt 0.4003845155239105 1.005545735359192
vt 3.015178918838501 1.0048027038574219
vt 3.8113160133361816 1.1208882331848145
vt 2.376979351043701 1.135174036026001
vt 0.4829384386539459 1.813687801361084
vt 0.5087424516677856 2.6572117805480957
vt 1.1292858123779297 2.3136682510375977
vt 4.267951965332031 1.775989294052124
vt 3.672605514526367 1.5235469937324524
vt 3.6804018020629883 1.7783993482589722
vt 0.9426423907279968 1.1494598388671875
vt -0.10306641459465027 2.0204094648361206
vt 0.9471560716629028 1.2970149517059326
vt 0.429429292678833 2.221245050430298
vt 3.8470146656036377 2.2878530025482178
vt 5.167736053466797 2.5129382610321045
vt 3.876333236694336 2.4659111499786377
vt -0.08829742670059204 3.145475149154663
vt 0.43332749605178833 2.3486711978912354
vt 2.373499870300293 1.1366254091262817
vt 2.058762550354004 1.0471718907356262
vt 1.086608648300171 1.1490707397460938
vt 2.1234705448150635 2.602994441986084
vt 2.8530421257019043 2.633862018585205
vt 2.112191915512085 3.1226820945739746
vt -0.1178354024887085 0.8953437805175781
vt 1.1835523843765259 0.8865442276000977
vt 2.4849400520324707 0.8777446746826172
vt 3.1425704956054688 3.1056947708129883
vt 2.840067148208618 3.1034579277038574
vt 3.156008243560791 2.619361400604248
vt 4.301027297973633 0.9666955471038818
vt 5.412754058837891 0.7322409152984619
vt 4.159661769866943 0.8005671203136444
vt 4.109938144683838 3.090308666229248
vt 4.123217582702637 2.609727621078491
vt 2.906569242477417 0.8688933253288269
vt 1.2856903076171875 0.829191654920578
vt -0.33518850803375244 0.7894899845123291
vt 1.1058969497680664 1.549110770225525
vt 1.0981006622314453 1.2942582368850708
vt 0.45713454484939575 0.9701637029647827
vt 3.2152299880981445 2.138779401779175
vt 3.202911615371704 1.7361019849777222
vt 1.2848412990570068 3.2451915740966797
vt 1.2671756744384766 2.6677186489105225
vt 1.1381616592407227 2.6893057823181152
vt 1.1058813333511353 3.2672793865203857
vt 1.6267253160476685 2.4786481857299805
vt 1.2859998941421509 2.461289167404175
vt 1.5702515840530396 2.6061322689056396
vt 1.5606439113616943 3.137523889541626
vt 0.9798222780227661 2.616325855255127
vt 0.9697611331939697 3.118943929672241
vt 3.197500228881836 2.639253616333008
vt 3.18174147605896 2.4441959857940674
vt 2.8713183403015137 2.467592239379883
vt 3.700613498687744 2.439028263092041
vt 3.1809866428375244 3.23691725730896
vt 4.306593418121338 3.2257065773010254
vt 4.29375696182251 2.6195125579833984
vt 2.870159387588501 3.2514963150024414
vt 2.2003495693206787 3.257272243499756
vt 2.201507806777954 2.473370313644409
vt 1.6255663633346558 3.262552499771118
vt 3.219478130340576 2.277653932571411
vt 2.973587989807129 2.6211769580841064
vt 1.4586554765701294 2.3460426330566406
vt 1.429979681968689 1.4086562395095825
vt 0.6531259417533875 1.8119927048683167
vt 0.6276729702949524 0.9799500703811646
vt 0.6785789132118225 2.6440353393554688
vt 0.9828652143478394 2.464308500289917
vt 1.4483002424240112 2.0075403451919556
vt 1.4421933889389038 1.807912290096283
vt 2.852222442626953 2.4474778175354004
vt 1.1339006423950195 2.464592695236206
vt 1.1136932373046875 1.8039632439613342
vt 1.1214895248413086 2.0588157176971436
vt 1.4544070959091187 2.2071683406829834
vt 1.4360865354537964 1.6082842350006104
vt 3.786327600479126 0.8689451217651367
vt 5.087715148925781 0.8601455688476562
vt 3.8236260414123535 1.5232957601547241
vt 4.495680809020996 2.0181169509887695
vt 3.8314223289489746 1.7781481742858887
vt 3.8158297538757324 1.2684433460235596
vt 5.127725601196289 1.6865419149398804
vt 4.491783142089844 1.890690803527832
vt 2.538782835006714 0.7608654499053955
vt 1.9122365713119507 0.7950285524129868
vt 2.7226760387420654 0.8148793876171112
vt 3.975768566131592 0.7465531826019287
vt 1.0936775207519531 1.1497442722320557
vt 4.097764492034912 1.7776846289634705
vt 3.65690541267395 1.9715760946273804
vt 3.1905932426452637 1.3334245681762695
vt 5.44264030456543 1.7091995477676392
vt 4.351004123687744 2.6004066467285156
vt 5.472526550292969 2.6861581802368164
vt 2.3496413230895996 0.9513145089149475
vt 0.9783414006233215 2.3164243698120117
vt 3.6881980895996094 2.0332517623901367
vt 0.9705450534820557 2.0615720748901367
vt 0.9627487659454346 1.8067196607589722
vt 3.3053441047668457 2.687731981277466
vt 3.8392186164855957 2.0330005884170532
vt 2.349992275238037 0.9627958536148071
vt 1.907027244567871 1.0878546833992004
vt 3.1863813400268555 1.1957592964172363
vt 1.4257681369781494 1.270991563796997
vt 2.8530421257019043 2.633862018585205
vt 4.881878852844238 1.6663237810134888
vt 4.0723114013671875 0.9456416368484497
vt 1.101797103881836 0.7751777172088623
vt 1.14225435256958 2.6323657035827637
vt 0.2808493375778198 0.22222471237182617
vt 0.28084951639175415 0.9995004534721375
vt 0.5928620100021362 0.09675216674804688
vt 1.2711296081542969 0.024979591369628906
vt 1.271129846572876 0.8022552728652954
vt 0.5928622484207153 0.8740278482437134
vt 1.9990003108978271 0.0004994869232177734
vt 1.9990006685256958 0.777775228023529
vt 0.0009989142417907715 0.22222483158111572
vt 0.0009990930557250977 0.9995005130767822
vt 3.6959943771362305 2.2881040573120117
vt 2.746629238128662 2.6163861751556396
vt 4.326015472412109 1.7835510969161987
vt 2.350705862045288 0.9861206412315369
vt 0.2555387020111084 0.0004995465278625488
vt 0.25553834438323975 0.9995003342628479
vt 0.0004997551441192627 0.9995005130767822
vt 0.0005004405975341797 0.000499725341796875
vt 0.0009989142417907715 0.22222483158111572
vt 0.0009990930557250977 0.9995005130767822
vt 1.6534768342971802 0.9372195303440094
vt 0.9549524188041687 1.5518673062324524
vt 2.7445828914642334 2.6448562145233154
vt 0 0
vt 0.5 0.5
vt 0.5 0
vt 1 0
vt 0.5 1
vt 0 1
vt 1 1
vt 2 1
vt 1 0.5
vt 1 1
vt 0 1
vt 0.9183032512664795 0
vt 1.5709956884384155 0.29793065786361694
vt 0 0
vt 1.836606502532959 0
vt 0.30000001192092896 1
vt 1.1500000953674316 1
vt 1.149999976158142 0.5
vt 2 1
vt 0 0
vt 0.5 0
vt 0.5 0.5
vt 0 0
vt 1 0
vt 2 0
vt 2 1
vt 1 0.5001498758792877
vt 1 1
vt 0.5 1
vt 0 1
vt 1 1
vt 1 0
vt 0 1
vt 0 0.00029975175857543945
vt 1 0.00029981136322021484
vt 2 0.00029981136322021484
vt 0.14729639887809753 0.2502497434616089
vt 0.1009274274110794 0.5
vt 0.10045218467712402 0.7497502565383911
vt 1 1
vt 0.8725919127464294 0.49197137355804443
vt 1 0
vt 0.8247216939926147 0.2795877456665039
vt 0.8994142413139343 0.7750634551048279
vt 0.09244383871555328 0.7497501969337463
vt 0.1343856155872345 1
vt 0 1
vt 0.1868647336959839 0.1251247525215149
vt 0 0
vt 0.2540580928325653 0
vt 0.22748178243637085 0
vt 0.14345520734786987 1
vt 0.8608427047729492 1
vt 0.7355422377586365 0
vt 0.12742307782173157 0.2568933963775635
vt 0.8072518110275269 0.2568931579589844
vt 0.999500572681427 0.0004993677139282227
vt 0.46733754873275757 0.9994999170303345
vt 1 1
vt 0 1
vt 0 0
vt 0.11967137455940247 0.2502495050430298
vt 0.8608427047729492 0.2501194477081299
vt 0.8054213523864746 0.12505972385406494
vt 1 0
vt 0.75 0
vt 0.8921678066253662 0.8746794760227203
vt 1 1
vt 0.872890830039978 1
vt 0.9114448428153992 0.7493589520454407
vt 1 0
vt 2 0
vt 0.8072518110275269 0.256893515586853
vt 0.12742310762405396 0.256893515586853
vt 0.0004995167255401611 0.0070073604583740234
vt 1 1
vt 0 1
vt 0 0
vt 0.4673374891281128 0.9995002746582031
vt 1 0
vt 0.000500023365020752 0.007006168365478516
vt 1 0
vt 0.9995002746582031 0.000499725341796875
vt 0.7669646143913269 0.8462936878204346
vt 0.4908452033996582 1
vt 0 1
vt 1.1624155044555664 0.6022582054138184
vt 1.2119262218475342 0.6575676798820496
vt 1.6060221195220947 0.3646426200866699
vt 2 1
vt 0.6911390423774719 1
vt 2 0.0004994869232177734
vt 0.09244383871555328 0.7497501969337463
vt 0.07707209885120392 0.49999988079071045
vt 0.11967137455940247 0.2502495050430298
vt 0.9114448428153992 0.7493589520454407
vt 0.9066256284713745 0.49973928928375244
vt 0.8608427047729492 0.2501194477081299
vt 0.14729639887809753 0.2502497434616089
vt 0 0
vt 0.1009274274110794 0.5
vt 0.10045218467712402 0.7497502565383911
vt 0 1
vt 0.8725919127464294 0.49197137355804443
vt 1 1
vt 1 0
vt 0.8247216939926147 0.2795877456665039
vt 0.8994142413139343 0.7750634551048279
vt 0.2540580928325653 0
vt 0.9066256284713745 0.49973928928375244
vt 0.1343856155872345 1
vt 0.872890830039978 1
vt 0.75 0
vt 0.22748178243637085 0
vt 0.7355422377586365 0
vt 0.07707209885120392 0.49999988079071045
vt 0.8608427047729492 1
vt 0.14345520734786987 1
vt 0.9900000095367432 1
vt 0.009999999776482582 1
vt 0.009999999776482582 0.33000004291534424
vt 0.9900000095367432 0.33000004291534424
vt 0.009999999776482582 0.33000004291534424
vt 0.009999999776482582 1
vt 0.9900000095367432 0.00550079345703125
vt 0.009999999776482582 0.010501980781555176
vt 0.009999999776482582 0.0004996061325073242
vt 0.9995003938674927 0.7204510569572449
vt 0.9994998574256897 0.0009990930557250977
vt 0.0004996955394744873 0.7204514741897583
vt 0.5000002384185791 0.00099945068359375
vt 0.9995005130767822 0.0009996891021728516
vt 0.5000001788139343 0.3607255816459656
vt 0.5000001192092896 0.7204515933990479
vt 0.9995003938674927 0.7204517126083374
vt 0.8544795513153076 1.1750898361206055
vt 0.5450036525726318 1.1758103370666504
vt 0.0004998445510864258 0.7204514741897583
vt 0.6997416019439697 1.175450086593628
vt 0.23552781343460083 1.1765308380126953
vt 0.9995004534721375 1.9990005493164062
vt 0.9995003342628479 1.4749864339828491
vt 0.9087228775024414 1.4749867916107178
vt 0.908722996711731 1.9990005493164062
vt 0.9087228775024414 1.1748268604278564
vt 0.0004998445510864258 1.4749870300292969
vt 0.0005000829696655273 1.999000906944275
vt 0.09127721190452576 1.999000906944275
vt 0.09127703309059143 1.4749870300292969
vt 0.09127694368362427 1.174827218055725
vt 0.0004995465278625488 0.0009995102882385254
vt 0.9900000095367432 1
vt 0.009999999776482582 0.33000004291534424
vt 0.009999999776482582 1
vt 0.9900000095367432 0.33000004291534424
vt 0.009999999776482582 1
vt 0.009999999776482582 0.33000004291534424
vt 0.9900000095367432 0.00550079345703125
vt 0.009999999776482582 0.010501980781555176
vt 0.009999999776482582 0.0004996061325073242
vt 0.009999999776482582 3
vt 0.16100862622261047 2.5
vt 0.009999999776482582 2.5
vt 0.16100862622261047 3
vt 0.16100862622261047 2
vt 0.009999999776482582 1.5
vt 0.0004999935626983643 0.0009992122650146484
vt 0.0004995763301849365 1.4749870300292969
vt 0.09127676486968994 1.4749870300292969
vt 0.12993165850639343 1.169555902481079
vt 0.427489697933197 0.9477706551551819
vt 0.6571848392486572 1.177313208580017
vt 0.8106218576431274 1.180466651916504
vt 0.5037478804588318 1.1741597652435303
vt 0.35031089186668396 1.1710063219070435
vt 0.19687390327453613 1.1678528785705566
vt 2.9091243743896484 0.031613171100616455
vt 0.7016872763633728 0.505088746547699
vt 0.7016872763633728 0.505088746547699
vt 0.6917872428894043 0.7367876172065735
vt -0.6917872428894043 0.7341825366020203
vt 1.668288230895996 0.32391130924224854
vt 0 0.5009831786155701
vt 2.498751163482666 0.5009831786155701
vt 0.5 0.75
vt 1 0.75
vt 1 1
vt 0.5 0.75
vt 1 1
vt 1 0.75
vt 2.70133638381958 0.5009831786155701
vt 2.472417116165161 0.32391130924224854
vt 4.787115573883057 0.32391130924224854
vt 1.487043023109436 0.6269414722919464
vt 0 0.5028511881828308
vt 1.487043023109436 0.751031756401062
vt 2.4661502838134766 0.7475376129150391
vt 1.0768482685089111 0.5289999842643738
vt 2.5106360912323 0.6382687985897064
vt 3.9444239139556885 0.7475376129150391
vt 2.5142455101013184 0.5289999842643738
vt 0.15771862864494324 0.32391130924224854
vt 0 0.5009831786155701
vt 1.249375581741333 0.5009831786155701
vt 2.029691219329834 0.5289999842643738
vt 1.0455360412597656 0.5289999842643738
vt 1.0473406314849854 0.5836343765258789
vt 0.061380863189697266 0.5289999842643738
vt -0.11358445882797241 0.5036380290985107
vt 1.2197611331939697 0.6219651699066162
vt 1.2740840911865234 0.5061073303222656
vt 2.5531067848205566 0.7402923107147217
vt 1.2765533924102783 0.7378886938095093
vt 3.012533664703369 0.6929032206535339
vt 3.015650987625122 0.5836343765258789
vt 2.0333003997802734 0.6382687985897064
vt 3.9917666912078857 0.7475376129150391
vt 2.0301828384399414 0.7475376129150391
vt 1.0509498119354248 0.6929032206535339
vt 0.06859922409057617 0.7475376129150391
vt 3.010974884033203 0.7475376129150391
vt 1.3282349109649658 0.4124472141265869
vt 2.498751163482666 0.5009831786155701
vt 2.577610492706299 0.4124472141265869
vt 1.3150678873062134 0.32391130924224854
vt 3.156285047531128 0.4124472141265869
vt 3.734959602355957 0.4124472141265869
vt 4.997502326965332 0.5009831786155701
vt 1.3676645755767822 0.3681792616844177
vt 2.472417116165161 0.32391130924224854
vt 2.5250139236450195 0.3681792616844177
vt 3.9980015754699707 0.5289999842643738
vt 3.0138463973999023 0.5289999842643738
vt 3.748126745223999 0.5009831786155701
vt 1.0493910312652588 0.7475376129150391
vt 3.7875564098358154 0.4567152261734009
vt 3.9516427516937256 0.5289999842643738
vt 0 0.7354850769042969
vt 2.661752700805664 0.5085766315460205
vt 0.15771862864494324 0.32391130924224854
vt 2.498751163482666 0.5009831786155701
vt 0 0.751031756401062
vt 0.5 1
vt 0 0.75
vt 0 1
vt 4.787115573883057 0.32391130924224854
vt 3.2277019023895264 0.32391130924224854
vt 4.997502326965332 0.5009831786155701
vt 0.9878764152526855 0.7475376129150391
vt 0 0.7599999904632568
vt 0 1
vt 0.5 0.8799999952316284
vt 1 0.7599999904632568
vt 1 1
vt 0.5 0.875
vt 0 1
vt 0 0.75
vt 0.5 1
vt 0.5 0.7599999904632568
vt 1 1
vt 0 1
vt 0.5 1
vt 0.5 0.7599999904632568
vt 0.5 1
vt 3.332895278930664 0.4124472141265869
vt 2.577610492706299 0.4124472141265869
vt 2.472417116165161 0.32391130924224854
vt 4.787115573883057 0.32391130924224854
vt 3.6297664642333984 0.32391130924224854
vt 0.5 0.875
vt 1.4992506504058838 0.5028511881828308
vt 2.974086046218872 0.751031756401062
vt 2.225609540939331 0.5009831786155701
vt 3.9090540409088135 0.5009831786155701
vt 2 0.3700000047683716
vt 2 0.5
vt 1.25 0.3700000047683716
vt 1.25 0.5
vt 0.75 0.3700000047683716
vt 0.75 0.5
vt 0.006704951636493206 0.3700000047683716
vt 0 0.5
vt 0.5004998445510864 0.5
vt 0.7555375099182129 0.5
vt 0.7555378675460815 0.6135265827178955
vt 0.755538284778595 0.75
vt 0.5005006194114685 0.75
vt 0.7555384039878845 0.5
vt 0.5005007386207581 0.5
vt 0.7555389404296875 0.6135265827178955
vt 0.500501811504364 0.75
vt 0.7555394768714905 0.75
vt 0.5005002021789551 0.6249998807907104
vt 2 0.1440579891204834
vt 2 0.015057981014251709
vt 1.25 0.015057981014251709
vt 1.25 0.1440579891204834
vt 0.75 0.015057981014251709
vt 0.75 0.1440579891204834
vt 0 0.015057981014251709
vt 0 0.1440579891204834
vt 2 0.25499987602233887
vt 1.25 0.13999998569488525
vt 2 0.13999998569488525
vt 0.75 0.13999998569488525
vt 0 0.3700000047683716
vt 0 0.13999998569488525
vt 2 0
vt 1.25 0
vt 0.75 0
vt 0 0
vt 2 0.5
vt 2 0.3700000047683716
vt 1.25 0.3700000047683716
vt 1.25 0.5
vt 0.75 0.3700000047683716
vt 0.75 0.5
vt 0 0.3700000047683716
vt 0 0.5
vt 0.7555375099182129 0.5
vt 0.5004998445510864 0.5
vt 0.7555378675460815 0.6135265827178955
vt 0.5005006194114685 0.75
vt 0.755538284778595 0.75
vt 0.5005007386207581 0.5
vt 0.7555384039878845 0.5
vt 0.7555389404296875 0.6135265827178955
vt 0.7555394768714905 0.75
vt 0.500501811504364 0.75
vt 0.5005002617835999 0.6250002384185791
vt 2 0.015057981014251709
vt 2 0.1440579891204834
vt 1.25 0.015057981014251709
vt 1.25 0.1440579891204834
vt 0.75 0.015057981014251709
vt 0.75 0.1440579891204834
vt 0 0.015057981014251709
vt 0 0.1440579891204834
vt 2 0.2550002336502075
vt 2 0.13999998569488525
vt 1.665394902229309 0.5028511881828308
vt 2.9740829467773438 0.7510335445404053
vt 1.6495918035507202 0.75103360414505
vt 1 0.7599999904632568
vt 0 0.7599999904632568
vt 0 1
vt 0 0.7599999904632568
vt 1 1
vt 0.008233189582824707 0.7475376129150391
vt 0.0019985437393188477 0.5289999842643738
vt 0.8460352420806885 0.5289999842643738
vt 1 0.7599999904632568
vt 0.5 0.7599999904632568
vt 1 1
vt 1 0.7599999904632568
vt 0 0.7599999904632568
vt 0 1
vt 0.06946668028831482 0.5053306818008423
vt 1.9611107110977173 0.7458762526512146
vt 0.0004995465278625488 0.7458775639533997
vt 0.9397944211959839 0.7475376129150391
vt 0.9995003938674927 0.3309178352355957
vt 0.995406985282898 0.5
vt 0.6805614233016968 0.5
vt 0.6851831674575806 0.3309178352355957
vt 0.3873322904109955 0.5
vt 2.010103464126587 0.5053306818008423
vt 0.3907795548439026 0.3309178352355957
vt 0.0004994869232177734 0.5
vt 2.279489517211914 0.32391130924224854
vt 1.449613332748413 0.32391130924224854
vt 2.2863516807556152 0.5009831786155701
vt 1.105074405670166 0.32391130924224854
vt 1.4581072330474854 0.5009831786155701
vt 0 0.32391130924224854
vt 1.1124589443206787 0.5009831786155701
vt 2.0840277671813965 0.5053306818008423
vt 0.003096967935562134 0.3309178352355957
vt 2.914182186126709 0.5009831786155701
vt 2.908339023590088 0.32391130924224854
vt 3.5882949829101562 0.5009831786155701
vt 3.580833911895752 0.32391130924224854
vt 4.997502326965332 0.5009831786155701
vt 0 0.5009831786155701
vt 1.449613332748413 0.32391130924224854
vt 2.279489517211914 0.32391130924224854
vt 2.2863516807556152 0.5009831786155701
vt 1.105074405670166 0.32391130924224854
vt 1.4581072330474854 0.5009831786155701
vt 0 0.32391130924224854
vt 1.1124589443206787 0.5009831786155701
vt 2.914182186126709 0.5009831786155701
vt 2.908339023590088 0.32391130924224854
vt 3.5882949829101562 0.5009831786155701
vt 0 0.5009831786155701
vt 3.580833911895752 0.32391130924224854
vt 1.105074405670166 0.32391130924224854
vt 1.1124589443206787 0.5009831786155701
vt 1.105074405670166 0.32391130924224854
vt 1.1124589443206787 0.5009831786155701
vt 4.428969383239746 0.5009831786155701
vt 0.7180159091949463 0.7415603399276733
vt 0.3383418917655945 0.7510336637496948
vt 0 0.7510336637496948
vt 0 0.5028511881828308
vt 2.9984993934631348 0.5028511881828308
vt 0.36281612515449524 0.5028511881828308
vt 1.25 0.13999998569488525
vt 0.75 0.13999998569488525
vt 0 0.13999998569488525
vt 2 0
vt 1.25 0
vt 2.9985013008117676 0.5028511881828308
vt 0.75 0
vt 0.5 1
vt 0 0
g house340
s 1
f 1/1/1 2/2/2 3/3/3
f 4/4/4 5/5/5 6/6/6
f 2/2/2 1/1/1 7/7/7
f 1/1/1 8/8/8 7/7/7
f 9/9/9 10/10/10 11/11/11
f 12/12/12 10/10/10 9/9/9
f 12/12/12 9/9/9 3/3/3
f 9/9/9 11/11/11 3/3/3
f 13/13/13 10/10/10 14/14/14
f 15/15/15 4/4/4 16/16/16
f 17/17/17 10/10/10 13/13/13
f 17/17/17 13/13/13 18/18/18
f 13/13/13 14/14/14 18/18/18
f 19/19/19 20/20/20 21/21/21
f 20/20/20 19/19/19 22/22/22
f 23/23/23 24/24/24 7/7/7
f 19/19/19 25/25/25 22/22/22
f 8/8/8 3/3/3 11/11/11
f 5/5/5 26/26/26 6/6/6
f 12/12/12 3/3/3 2/2/2
f 24/24/24 27/27/27 7/7/7
f 15/15/15 28/28/28 26/26/26
f 29/29/29 30/30/30 31/31/31
f 32/32/32 33/33/33 31/31/31
f 33/33/33 32/32/32 34/34/34
f 35/35/35 36/36/36 37/37/37
f 36/36/36 35/35/35 38/38/38
f 10/10/10 17/17/17 11/11/11
f 39/39/39 40/40/40 41/41/41
f 42/42/42 43/43/43 44/44/44
f 30/30/30 45/45/45 46/46/46
f 42/42/42 47/47/47 43/43/43
f 48/48/48 44/44/44 43/43/43
f 49/49/49 47/47/47 18/18/18
f 50/50/50 51/51/51 52/52/52
f 30/30/30 53/53/53 45/45/45
f 10/10/10 12/12/12 14/14/14
f 32/32/32 31/31/31 30/30/30
f 35/35/35 54/54/54 50/50/50
f 48/48/48 49/49/49 18/18/18
f 18/18/18 14/14/14 48/48/48
f 50/50/50 54/54/54 51/51/51
f 54/54/54 35/35/35 37/37/37
f 2/2/2 7/7/7 27/27/27
f 55/55/55 56/56/56 6/6/6
f 40/40/40 39/39/39 57/57/57
f 23/23/23 7/7/7 8/8/8
f 58/58/58 55/55/55 6/6/6
f 18/18/18 47/47/47 17/17/17
f 59/59/59 60/60/60 61/61/61
f 60/60/60 59/59/59 62/62/62
f 63/63/63 62/62/62 59/59/59
f 62/62/62 63/63/63 64/64/64
f 65/65/65 61/61/61 60/60/60
f 66/66/66 39/39/39 41/41/41
f 67/67/67 41/41/41 40/40/40
f 41/41/41 67/67/67 68/68/68
f 69/69/69 68/68/68 67/67/67
f 70/70/70 71/71/71 72/72/72
f 16/16/16 73/73/73 15/15/15
f 73/73/73 28/28/28 15/15/15
f 74/74/74 71/71/71 70/70/70
f 6/6/6 26/26/26 58/58/58
f 6/6/6 56/56/56 4/4/4
f 75/75/75 19/19/19 21/21/21
f 76/76/76 77/77/77 78/78/78
f 78/78/78 79/79/79 76/76/76
f 80/80/80 76/76/76 79/79/79
f 79/79/79 81/81/81 80/80/80
f 82/82/82 78/78/78 77/77/77
f 83/83/83 84/84/84 85/85/85
f 86/86/86 85/85/85 84/84/84
f 84/84/84 87/87/87 86/86/86
f 88/88/88 86/86/86 87/87/87
f 85/85/85 89/89/89 83/83/83
f 26/26/26 5/5/5 15/15/15
f 90/90/90 74/74/74 70/70/70
f 44/44/44 91/91/91 92/92/92
f 92/92/92 42/42/42 44/44/44
f 22/22/22 25/25/25 71/71/71
f 74/74/74 90/90/90 20/20/20
f 25/25/25 19/19/19 75/75/75
f 93/93/93 94/94/94 95/95/95
f 96/96/96 97/97/97 93/93/93
f 95/95/95 96/96/96 93/93/93
f 98/98/98 99/99/99 100/100/100
f 99/99/99 101/101/101 102/102/102
f 96/96/96 103/103/103 97/97/97
f 99/99/99 104/104/104 101/101/101
f 22/22/22 74/74/74 20/20/20
f 36/36/36 38/38/38 95/95/95
f 95/95/95 94/94/94 36/36/36
f 33/33/33 34/34/34 98/98/98
f 98/98/98 100/100/100 33/33/33
f 102/102/102 100/100/100 99/99/99
f 49/49/49 43/43/43 47/47/47
f 48/48/48 43/43/43 49/49/49
f 71/71/71 74/74/74 22/22/22
f 5/5/5 4/4/4 15/15/15
f 8/8/8 1/1/1 3/3/3
g house341
s 1
f 105/105/105 106/106/106 107/107/107
f 107/107/107 108/108/108 105/105/105
f 109/109/109 110/110/110 111/111/111
f 110/110/110 112/112/112 111/111/111
f 108/108/108 113/113/113 114/114/114
f 114/114/114 105/105/105 108/108/108
f 115/115/115 116/116/116 111/111/111
f 117/117/117 118/118/118 119/119/119
f 120/120/120 121/121/121 111/111/111
f 122/122/122 121/121/121 120/120/120
f 123/123/123 124/124/124 125/125/125
f 126/126/126 127/127/127 128/128/128
f 129/129/129 130/130/130 131/131/131
f 123/123/123 125/125/125 132/132/132
f 133/133/133 134/134/134 135/135/135
f 136/136/136 137/137/137 138/138/138
f 133/133/133 135/135/135 139/139/139
f 135/135/135 140/140/140 139/139/139
f 134/134/134 140/140/140 135/135/135
f 141/141/141 142/142/142 143/143/143
f 119/119/119 142/142/142 141/141/141
f 144/144/144 145/145/145 146/146/146
f 147/147/147 148/148/148 132/132/132
f 148/148/148 149/149/149 132/132/132
f 150/150/150 151/151/151 152/152/152
f 153/153/153 154/154/154 155/155/155
f 156/156/156 150/150/150 157/157/157
f 153/153/153 155/155/155 158/158/158
f 159/159/159 160/160/160 122/122/122
f 161/161/161 162/162/162 163/163/163
f 164/164/164 165/165/165 157/157/157
f 166/166/166 167/167/167 168/168/168
f 168/168/168 169/169/169 166/166/166
f 168/168/168 116/116/116 169/169/169
f 170/170/170 171/171/171 167/167/167
f 172/172/172 144/144/144 173/173/173
f 174/174/174 172/172/172 175/175/175
f 139/139/139 174/174/174 175/175/175
f 176/176/176 177/177/177 178/178/178
f 177/177/177 176/176/176 179/179/179
f 180/180/180 181/181/181 182/182/182
f 182/182/182 176/176/176 180/180/180
f 183/183/183 180/180/180 176/176/176
f 176/176/176 178/178/178 183/183/183
f 184/184/184 183/183/183 178/178/178
f 178/178/178 185/185/185 184/184/184
f 186/186/186 184/184/184 185/185/185
f 185/185/185 170/170/170 186/186/186
f 166/166/166 186/186/186 170/170/170
f 170/170/170 167/167/167 166/166/166
f 150/150/150 152/152/152 157/157/157
f 151/151/151 145/145/145 152/152/152
f 157/157/157 152/152/152 187/187/187
f 160/160/160 109/109/109 121/121/121
f 134/134/134 147/147/147 132/132/132
f 146/146/146 145/145/145 151/151/151
f 187/187/187 188/188/188 189/189/189
f 182/182/182 179/179/179 176/176/176
f 190/190/190 191/191/191 192/192/192
f 190/190/190 193/193/193 191/191/191
f 173/173/173 144/144/144 146/146/146
f 175/175/175 172/172/172 173/173/173
f 111/111/111 116/116/116 168/168/168
f 194/194/194 174/174/174 139/139/139
f 195/195/195 193/193/193 196/196/196
f 197/197/197 198/198/198 127/127/127
f 199/199/199 161/161/161 163/163/163
f 200/200/200 199/199/199 163/163/163
f 201/201/201 193/193/193 195/195/195
f 128/128/128 200/200/200 163/163/163
f 202/202/202 193/193/193 190/190/190
f 196/196/196 193/193/193 202/202/202
f 149/149/149 203/203/203 123/123/123
f 187/187/187 164/164/164 157/157/157
f 203/203/203 204/204/204 123/123/123
f 205/205/205 206/206/206 207/207/207
f 208/208/208 209/209/209 210/210/210
f 211/211/211 212/212/212 155/155/155
f 212/212/212 160/160/160 159/159/159
f 155/155/155 213/213/213 158/158/158
f 213/213/213 159/159/159 158/158/158
f 213/213/213 212/212/212 159/159/159
f 155/155/155 212/212/212 213/213/213
f 154/154/154 214/214/214 155/155/155
f 214/214/214 211/211/211 155/155/155
f 210/210/210 209/209/209 137/137/137
f 208/208/208 210/210/210 205/205/205
f 162/162/162 215/215/215 163/163/163
f 216/216/216 217/217/217 218/218/218
f 216/216/216 157/157/157 217/217/217
f 165/165/165 217/217/217 157/157/157
f 165/165/165 218/218/218 217/217/217
f 219/219/219 220/220/220 221/221/221
f 142/142/142 119/119/119 222/222/222
f 223/223/223 194/194/194 139/139/139
f 208/208/208 204/204/204 209/209/209
f 163/163/163 142/142/142 222/222/222
f 142/142/142 163/163/163 143/143/143
f 129/129/129 131/131/131 224/224/224
f 225/225/225 223/223/223 139/139/139
f 226/226/226 225/225/225 139/139/139
f 227/227/227 221/221/221 220/220/220
f 207/207/207 137/137/137 228/228/228
f 228/228/228 137/137/137 136/136/136
f 229/229/229 230/230/230 192/192/192
f 229/229/229 231/231/231 230/230/230
f 232/232/232 230/230/230 231/231/231
f 232/232/232 192/192/192 230/230/230
f 233/233/233 197/197/197 127/127/127
f 127/127/127 198/198/198 128/128/128
f 126/126/126 128/128/128 163/163/163
f 234/234/234 154/154/154 153/153/153
f 154/154/154 234/234/234 219/219/219
f 234/234/234 220/220/220 219/219/219
f 152/152/152 188/188/188 187/187/187
f 189/189/189 193/193/193 201/201/201
f 188/188/188 193/193/193 189/189/189
f 122/122/122 160/160/160 121/121/121
f 121/121/121 109/109/109 111/111/111
f 235/235/235 231/231/231 229/229/229
f 222/222/222 119/119/119 118/118/118
f 235/235/235 216/216/216 218/218/218
f 211/211/211 236/236/236 212/212/212
f 236/236/236 160/160/160 212/212/212
f 192/192/192 232/232/232 190/190/190
f 149/149/149 123/123/123 132/132/132
f 147/147/147 134/134/134 133/133/133
f 237/237/237 111/111/111 168/168/168
f 112/112/112 115/115/115 111/111/111
f 204/204/204 124/124/124 123/123/123
f 113/113/113 238/238/238 239/239/239
f 239/239/239 114/114/114 113/113/113
f 240/240/240 241/241/241 242/242/242
f 242/242/242 243/243/243 240/240/240
f 241/241/241 244/244/244 245/245/245
f 245/245/245 242/242/242 241/241/241
f 246/246/246 240/240/240 243/243/243
f 243/243/243 247/247/247 246/246/246
f 182/182/182 248/248/248 179/179/179
f 237/237/237 168/168/168 249/249/249
f 220/220/220 234/234/234 250/250/250
f 250/250/250 234/234/234 153/153/153
f 208/208/208 124/124/124 204/204/204
f 153/153/153 158/158/158 251/251/251
f 252/252/252 253/253/253 254/254/254
f 254/254/254 255/255/255 252/252/252
f 239/239/239 238/238/238 256/256/256
f 256/256/256 257/257/257 239/239/239
f 206/206/206 137/137/137 207/207/207
f 210/210/210 137/137/137 206/206/206
f 158/158/158 159/159/159 258/258/258
f 258/258/258 159/159/159 122/122/122
f 251/251/251 258/258/258 122/122/122
f 210/210/210 206/206/206 205/205/205
f 140/140/140 226/226/226 139/139/139
f 259/259/259 226/226/226 140/140/140
f 134/134/134 259/259/259 140/140/140
f 251/251/251 158/158/158 258/258/258
f 129/129/129 224/224/224 248/248/248
f 218/218/218 231/231/231 235/235/235
f 129/129/129 117/117/117 130/130/130
f 249/249/249 260/260/260 220/220/220
f 249/249/249 168/168/168 260/260/260
f 168/168/168 227/227/227 260/260/260
f 129/129/129 118/118/118 117/117/117
f 260/260/260 227/227/227 220/220/220
f 182/182/182 129/129/129 248/248/248
g house342
s 1
f 261/261/261 262/262/262 263/263/263
f 263/263/263 262/262/262 264/264/264
f 265/265/265 262/262/262 266/266/266
f 267/267/267 262/262/262 265/265/265
f 268/268/268 269/269/269 270/270/270
f 270/270/270 269/269/269 271/271/271
f 272/272/272 273/273/273 274/274/274
f 275/275/275 273/273/273 272/272/272
f 276/276/276 277/277/277 278/278/278
f 277/277/277 279/279/279 278/278/278
f 280/280/280 281/281/281 282/282/282
f 283/283/283 269/269/269 284/284/284
f 284/284/284 269/269/269 285/285/285
f 286/286/286 287/287/287 288/288/288
f 289/289/289 290/290/290 282/282/282
f 291/291/291 289/289/289 282/282/282
f 281/281/281 292/292/292 282/282/282
f 288/288/288 287/287/287 293/293/293
f 294/294/294 287/287/287 295/295/295
f 295/295/295 287/287/287 296/296/296
f 283/283/283 297/297/297 298/298/298
f 298/298/298 299/299/299 271/271/271
f 283/283/283 298/298/298 271/271/271
f 300/300/300 301/301/301 302/302/302
f 301/301/301 303/303/303 302/302/302
f 300/300/300 304/304/304 301/301/301
f 305/305/305 306/306/306 307/307/307
f 308/308/308 309/309/309 310/310/310
f 297/297/297 283/283/283 311/311/311
f 299/299/299 312/312/312 271/271/271
f 304/304/304 300/300/300 313/313/313
f 303/303/303 314/314/314 302/302/302
f 315/315/315 316/316/316 317/317/317
f 315/315/315 318/318/318 316/316/316
f 319/319/319 320/320/320 321/321/321
f 322/322/322 309/309/309 308/308/308
f 323/323/323 324/324/324 325/325/325
f 324/324/324 326/326/326 325/325/325
f 327/327/327 328/328/328 329/329/329
f 330/330/330 328/328/328 327/327/327
f 287/287/287 286/286/286 296/296/296
f 287/287/287 294/294/294 293/293/293
f 280/280/280 276/276/276 331/331/331
f 262/262/262 267/267/267 264/264/264
f 262/262/262 261/261/261 266/266/266
f 278/278/278 279/279/279 332/332/332
f 331/331/331 276/276/276 278/278/278
f 331/331/331 278/278/278 332/332/332
f 282/282/282 292/292/292 291/291/291
f 282/282/282 290/290/290 280/280/280
f 333/333/333 334/334/334 335/335/335
f 336/336/336 337/337/337 338/338/338
f 333/333/333 339/339/339 334/334/334
f 340/340/340 336/336/336 338/338/338
f 315/315/315 317/317/317 341/341/341
f 342/342/342 319/319/319 321/321/321
f 333/333/333 335/335/335 343/343/343
f 269/269/269 268/268/268 285/285/285
f 269/269/269 283/283/283 271/271/271
f 276/276/276 280/280/280 290/290/290
f 344/344/344 345/345/345 274/274/274
f 345/345/345 346/346/346 274/274/274
f 347/347/347 344/344/344 274/274/274
f 273/273/273 347/347/347 274/274/274
f 348/348/348 349/349/349 350/350/350
f 351/351/351 348/348/348 350/350/350
f 349/349/349 352/352/352 350/350/350
f 353/353/353 354/354/354 337/337/337
f 355/355/355 338/338/338 354/354/354
f 354/354/354 338/338/338 337/337/337
f 356/356/356 319/319/319 357/357/357
f 358/358/358 357/357/357 342/342/342
f 357/357/357 319/319/319 342/342/342
f 359/359/359 360/360/360 361/361/361
f 362/362/362 361/361/361 363/363/363
f 361/361/361 360/360/360 363/363/363
f 364/364/364 365/365/365 366/366/366
f 367/367/367 364/364/364 366/366/366
f 368/368/368 365/365/365 364/364/364
f 338/338/338 355/355/355 369/369/369
f 328/328/328 370/370/370 325/325/325
f 370/370/370 323/323/323 325/325/325
f 328/328/328 330/330/330 370/370/370
f 371/371/371 353/353/353 337/337/337
f 319/319/319 356/356/356 372/372/372
f 373/373/373 358/358/358 342/342/342
f 360/360/360 359/359/359 374/374/374
f 375/375/375 367/367/367 366/366/366
f 376/376/376 305/305/305 307/307/307
f 309/309/309 322/322/322 376/376/376
f 365/365/365 368/368/368 377/377/377
f 378/378/378 362/362/362 363/363/363
f 309/309/309 376/376/376 307/307/307
g house343
s 1
f 379/379/379 380/380/380 381/381/381
f 382/382/382 383/383/383 384/384/384
f 385/385/385 382/382/382 386/386/386
f 385/385/385 387/387/387 383/383/383
f 388/388/388 389/389/389 390/390/390
f 391/391/391 392/392/392 393/393/393
f 394/394/394 395/395/395 396/396/396
f 397/397/397 398/398/398 399/399/399
f 400/400/400 398/398/398 397/397/397
f 401/401/401 402/402/402 403/403/403
f 403/403/403 404/404/404 401/401/401
f 402/402/402 388/388/388 405/405/405
f 405/405/405 403/403/403 402/402/402
f 406/406/406 407/407/407 408/408/408
f 408/408/408 409/409/409 406/406/406
f 410/410/410 406/406/406 409/409/409
f 406/406/406 410/410/410 390/390/390
f 389/389/389 411/411/411 390/390/390
f 379/379/379 382/382/382 384/384/384
f 394/394/394 393/393/393 395/395/395
f 382/382/382 379/379/379 381/381/381
f 382/382/382 385/385/385 383/383/383
f 398/398/398 393/393/393 394/394/394
f 382/382/382 381/381/381 386/386/386
f 412/412/412 413/413/413 414/414/414
f 415/415/415 416/416/416 417/417/417
f 418/418/418 419/419/419 415/415/415
f 418/418/418 417/417/417 420/420/420
f 393/393/393 392/392/392 395/395/395
f 421/421/421 422/422/422 423/423/423
f 422/422/422 421/421/421 424/424/424
f 423/423/423 425/425/425 426/426/426
f 425/425/425 423/423/423 422/422/422
f 427/427/427 393/393/393 398/398/398
f 428/428/428 408/408/408 407/407/407
f 408/408/408 428/428/428 429/429/429
f 430/430/430 429/429/429 428/428/428
f 428/428/428 398/398/398 430/430/430
f 398/398/398 400/400/400 430/430/430
f 398/398/398 394/394/394 431/431/431
f 431/431/431 394/394/394 396/396/396
f 399/399/399 431/431/431 396/396/396
f 399/399/399 398/398/398 431/431/431
f 388/388/388 432/432/432 433/433/433
f 388/388/388 434/434/434 432/432/432
f 388/388/388 435/435/435 434/434/434
f 412/412/412 416/416/416 415/415/415
f 415/415/415 413/413/413 412/412/412
f 415/415/415 417/417/417 418/418/418
f 415/415/415 419/419/419 413/413/413
f 388/388/388 436/436/436 435/435/435
f 437/437/437 438/438/438 436/436/436
f 439/439/439 440/440/440 441/441/441
f 427/427/427 391/391/391 393/393/393
f 433/433/433 405/405/405 388/388/388
f 390/390/390 410/410/410 436/436/436
g house344
s 1
f 442/442/442 443/443/443 444/444/444
f 445/445/445 446/446/446 447/447/447
f 448/448/448 449/449/449 450/450/450
f 451/451/451 452/452/452 453/453/453
f 454/454/454 455/455/455 456/456/456
f 457/457/457 458/458/458 459/459/459
f 457/457/457 459/459/459 460/460/460
f 459/459/459 461/461/461 460/460/460
f 458/458/458 461/461/461 459/459/459
f 462/462/462 463/463/463 464/464/464
f 465/465/465 466/466/466 467/467/467
f 466/466/466 468/468/468 467/467/467
f 469/469/469 470/470/470 471/471/471
f 470/470/470 472/472/472 471/471/471
f 473/473/473 472/472/472 470/470/470
f 473/473/473 470/470/470 469/469/469
f 474/474/474 475/475/475 476/476/476
f 477/477/477 475/475/475 474/474/474
f 474/474/474 476/476/476 478/478/478
f 479/479/479 467/467/467 480/480/480
f 476/476/476 467/467/467 479/479/479
f 478/478/478 476/476/476 479/479/479
f 481/481/481 474/474/474 478/478/478
f 477/477/477 474/474/474 481/481/481
f 482/482/482 464/464/464 483/483/483
f 462/462/462 464/464/464 482/482/482
f 482/482/482 483/483/483 484/484/484
f 485/485/485 484/484/484 486/486/486
f 487/487/487 486/486/486 488/488/488
f 485/485/485 462/462/462 489/489/489
f 485/485/485 489/489/489 484/484/484
f 489/489/489 482/482/482 484/484/484
f 462/462/462 482/482/482 489/489/489
f 490/490/490 485/485/485 491/491/491
f 490/490/490 491/491/491 487/487/487
f 487/487/487 491/491/491 486/486/486
f 491/491/491 485/485/485 486/486/486
f 492/492/492 493/493/493 475/475/475
f 493/493/493 465/465/465 475/475/475
f 484/484/484 483/483/483 494/494/494
f 495/495/495 479/479/479 480/480/480
f 478/478/478 479/479/479 495/495/495
f 496/496/496 494/494/494 488/488/488
f 484/484/484 494/494/494 496/496/496
f 486/486/486 484/484/484 496/496/496
f 486/486/486 496/496/496 488/488/488
f 461/461/461 497/497/497 460/460/460
f 498/498/498 473/473/473 469/469/469
f 471/471/471 472/472/472 499/499/499
f 443/443/443 500/500/500 501/501/501
f 456/456/456 455/455/455 502/502/502
f 503/503/503 504/504/504 505/505/505
f 506/506/506 507/507/507 508/508/508
f 509/509/509 458/458/458 457/457/457
f 510/510/510 511/511/511 512/512/512
f 513/513/513 512/512/512 514/514/514
f 515/515/515 516/516/516 517/517/517
f 515/515/515 445/445/445 447/447/447
f 517/517/517 445/445/445 515/515/515
f 518/518/518 519/519/519 520/520/520
f 521/521/521 519/519/519 518/518/518
f 512/512/512 511/511/511 522/522/522
f 512/512/512 522/522/522 514/514/514
f 513/513/513 523/523/523 512/512/512
f 523/523/523 510/510/510 512/512/512
f 447/447/447 524/524/524 515/515/515
f 524/524/524 516/516/516 515/515/515
f 525/525/525 444/444/444 508/508/508
f 442/442/442 444/444/444 525/525/525
f 507/507/507 442/442/442 525/525/525
f 507/507/507 525/525/525 508/508/508
f 501/501/501 500/500/500 526/526/526
f 501/501/501 526/526/526 488/488/488
f 526/526/526 527/527/527 488/488/488
f 500/500/500 527/527/527 526/526/526
f 528/528/528 487/487/487 488/488/488
f 477/477/477 492/492/492 475/475/475
f 475/475/475 465/465/465 476/476/476
f 467/467/467 468/468/468 480/480/480
f 465/465/465 467/467/467 476/476/476
f 528/528/528 529/529/529 487/487/487
f 529/529/529 490/490/490 487/487/487
f 449/449/449 530/530/530 503/503/503
f 530/530/530 504/504/504 503/503/503
f 504/504/504 530/530/530 448/448/448
f 530/530/530 449/449/449 448/448/448
f 531/531/531 455/455/455 454/454/454
f 531/531/531 454/454/454 532/532/532
f 532/532/532 454/454/454 456/456/456
f 533/533/533 462/462/462 451/451/451
f 534/534/534 451/451/451 453/453/453
f 535/535/535 536/536/536 537/537/537
f 538/538/538 537/537/537 536/536/536
f 537/537/537 538/538/538 539/539/539
f 540/540/540 539/539/539 538/538/538
f 539/539/539 540/540/540 541/541/541
f 542/542/542 541/541/541 540/540/540
f 543/543/543 544/544/544 545/545/545
f 546/546/546 547/547/547 545/545/545
f 548/548/548 549/549/549 550/550/550
f 551/551/551 552/552/552 550/550/550
f 550/550/550 549/549/549 551/551/551
f 545/545/545 547/547/547 553/553/553
f 554/554/554 555/555/555 556/556/556
f 556/556/556 557/557/557 554/554/554
f 557/557/557 556/556/556 558/558/558
f 558/558/558 559/559/559 557/557/557
f 559/559/559 558/558/558 560/560/560
f 560/560/560 561/561/561 559/559/559
f 562/562/562 535/535/535 537/537/537
f 537/537/537 563/563/563 564/564/564
f 563/563/563 537/537/537 539/539/539
f 539/539/539 565/565/565 563/563/563
f 565/565/565 539/539/539 566/566/566
f 566/566/566 567/567/567 565/565/565
f 568/568/568 564/564/564 569/569/569
f 563/563/563 569/569/569 564/564/564
f 569/569/569 563/563/563 570/570/570
f 565/565/565 570/570/570 563/563/563
f 570/570/570 565/565/565 571/571/571
f 567/567/567 571/571/571 565/565/565
f 572/572/572 573/573/573 574/574/574
f 574/574/574 575/575/575 572/572/572
f 575/575/575 574/574/574 576/576/576
f 576/576/576 577/577/577 575/575/575
f 577/577/577 576/576/576 578/578/578
f 578/578/578 579/579/579 577/577/577
f 580/580/580 581/581/581 582/582/582
f 583/583/583 584/584/584 582/582/582
f 585/585/585 586/586/586 587/587/587
f 588/588/588 589/589/589 587/587/587
f 585/585/585 587/587/587 589/589/589
f 590/590/590 582/582/582 581/581/581
f 591/591/591 592/592/592 593/593/593
f 594/594/594 593/593/593 592/592/592
f 593/593/593 594/594/594 595/595/595
f 596/596/596 595/595/595 594/594/594
f 595/595/595 596/596/596 597/597/597
f 598/598/598 597/597/597 596/596/596
f 599/599/599 600/600/600 574/574/574
f 601/601/601 602/602/602 603/603/603
f 519/519/519 604/604/604 520/520/520
f 519/519/519 521/521/521 605/605/605
f 606/606/606 607/607/607 608/608/608
f 609/609/609 610/610/610 611/611/611
f 608/608/608 607/607/607 612/612/612
f 613/613/613 614/614/614 615/615/615
f 616/616/616 617/617/617 613/613/613
f 618/618/618 619/619/619 620/620/620
f 609/609/609 611/611/611 621/621/621
f 622/622/622 623/623/623 624/624/624
f 625/625/625 624/624/624 626/626/626
f 618/618/618 627/627/627 619/619/619
f 628/628/628 626/626/626 629/629/629
f 630/630/630 631/631/631 632/632/632
f 631/631/631 633/633/633 634/634/634
f 633/633/633 635/635/635 636/636/636
f 627/627/627 637/637/637 619/619/619
f 638/638/638 628/628/628 629/629/629
f 630/630/630 632/632/632 639/639/639
f 628/628/628 625/625/625 626/626/626
f 640/640/640 639/639/639 641/641/641
f 625/625/625 622/622/622 624/624/624
f 642/642/642 641/641/641 643/643/643
f 635/635/635 644/644/644 636/636/636
f 633/633/633 636/636/636 634/634/634
f 631/631/631 634/634/634 632/632/632
f 640/640/640 630/630/630 639/639/639
f 642/642/642 640/640/640 641/641/641
f 453/453/453 642/642/642 643/643/643
f 645/645/645 646/646/646 647/647/647
f 648/648/648 645/645/645 649/649/649
f 650/650/650 648/648/648 651/651/651
f 647/647/647 646/646/646 652/652/652
f 652/652/652 653/653/653 654/654/654
f 655/655/655 650/650/650 651/651/651
f 651/651/651 648/648/648 649/649/649
f 649/649/649 645/645/645 647/647/647
f 646/646/646 653/653/653 652/652/652
f 653/653/653 656/656/656 654/654/654
f 635/635/635 657/657/657 658/658/658
f 644/644/644 635/635/635 658/658/658
f 659/659/659 650/650/650 660/660/660
f 650/650/650 655/655/655 660/660/660
f 463/463/463 462/462/462 533/533/533
f 661/661/661 453/453/453 643/643/643
f 442/442/442 500/500/500 443/443/443
f 621/621/621 611/611/611 662/662/662
f 661/661/661 534/534/534 453/453/453
f 663/663/663 664/664/664 665/665/665
f 666/666/666 602/602/602 601/601/601
f 667/667/667 663/663/663 665/665/665
f 451/451/451 462/462/462 452/452/452
f 668/668/668 574/574/574 600/600/600
f 574/574/574 668/668/668 576/576/576
f 669/669/669 576/576/576 668/668/668
f 576/576/576 669/669/669 578/578/578
f 527/527/527 528/528/528 488/488/488
f 670/670/670 578/578/578 669/669/669
f 600/600/600 671/671/671 672/672/672
f 672/672/672 668/668/668 600/600/600
f 673/673/673 531/531/531 532/532/532
f 545/545/545 553/553/553 543/543/543
f 564/564/564 562/562/562 537/537/537
f 583/583/583 582/582/582 590/590/590
f 668/668/668 672/672/672 674/674/674
f 675/675/675 613/613/613 617/617/617
f 573/573/573 599/599/599 574/574/574
f 614/614/614 613/613/613 675/675/675
f 676/676/676 670/670/670 669/669/669
f 674/674/674 669/669/669 668/668/668
f 669/669/669 674/674/674 676/676/676
